net,length_um
net95,936.22
net77,907.75
net94,880.83
net5,824.89
net31,783.37
clknet_0_clk,758.45
net78,735.73
_05198_,724.47
_06130_,693.96
_04274_,691.37
net85,690.56
_05213_,686.83
net32,679.57
_04229_,672.25
_04128_,671.76
net88,665.16
net79,663.47
_07575_,642.1
net72,639.96
net93,633.645
_06449_,625.82
net92,621.69
net16,620.92
_04134_,618.92
net90,616.48
_06146_,616.17
net75,599.72
net67,595.98
_06079_,591.84
_06138_,587.35
_06114_,586.33
net7,584.29
net20,583.14
_06099_,578.05
_04276_,577.01
_04202_,576.31
net9,575.02
net3,573.41
net11,570.82
net66,570.77
_06122_,564.11
net30,553.05
_06164_,550.58
net17,542.68
_06205_,538.98
_06107_,536.24
_06442_,533.39
_04224_,531.53
_06496_,525.29
_06213_,520.25
net18,517.24
_06181_,516.55
_04125_,516.19
_05205_,513.73
net87,512.49
_04196_,511.14
_06229_,509.37
_06221_,508.34
_06115_,502.97
_06123_,501.87
net83,498.16
clk,497.81
_07061_,496.41
_06444_,493.78
net69,489.69
_07090_,489.18
_06139_,488.21
_06131_,487.88
_07294_,483.75
_06173_,483.24
_04177_,477.79
_07666_,477.76
net80,475.43
_06190_,473.34
net74,466.26
_07088_,465.93
_07292_,463.1
_04250_,462.66
_06174_,462.29
_07094_,459.98
_04268_,459.82
_05211_,459.61
_05235_,459.12
_07814_,455.9
clknet_2_1_0_clk,455.02
_06147_,452.14
clknet_2_0_0_clk,450.68
net10,447.96
_05278_,445.4
net76,445.16
_02296_,442.26
net8,441.52
_02265_,440.71
_04157_,440.61
_07092_,438.32
net86,438.095
_03885_,437.86
_06182_,437.55
_07816_,435.66
clknet_2_2_0_clk,434.55
clknet_2_3_0_clk,433.69
_04282_,431.59
_04193_,429.94
_07289_,428.5
net6,426.58
_07971_,425.09
_05272_,423.51
_02294_,422.17
_06165_,418.91
net15,417.98
_04180_,417.41
_02290_,414.79
_02292_,414.47
_02270_,412.7
net25,411.88
_04252_,410.39
_02288_,409.89
_02276_,407.89
_03905_,407.78
_04271_,406.73
_07812_,405.58
net12,404.405
_02279_,403.91
net82,403.83
_03678_,403.6
_06036_,402.4
net89,401.7
net35,401.56
_07063_,401.44
_03874_,400.54
_02286_,400.1
_03876_,398.76
_04206_,398.76
_05312_,398.42
_05275_,396.9
_06869_,396.56
_05296_,396.18
_05206_,395.2
_04169_,394.48
net96,393.1
_04233_,393.06
_07615_,392.47
_02272_,389.83
_06957_,387.14
_02282_,386.48
net91,385.43
_07810_,384.97
_04288_,382.505
net71,382.185
net70,382.04
_06662_,379.195
_06900_,378.93
_07806_,378.7
_06243_,377.47
_02345_,376.86
_05298_,375.85
_03887_,374.68
_05289_,374.13
_03903_,373.49
_08018_,372.17
_06098_,370.45
_06453_,370.13
_04278_,367.77
_04131_,367.48
_03667_,367.32
_07529_,366.77
_07991_,366.29
_07302_,365.69
_06620_,364.7
_08010_,364.39
_07084_,363.88
_02364_,362.65
_05282_,362.49
_02358_,362.08
_07266_,361.745
_02274_,360.91
_04183_,360.9
_02356_,360.62
_06719_,358.16
net33,357.64
_03878_,357.4
_03714_,356.31
_06166_,355.8
_07291_,355.695
_07065_,355.3
_06896_,353.65
_05393_,353.54
_02351_,353.06
net109,351.47
_05482_,351.12
_06892_,351.06
_06078_,350.375
_02284_,350.3
_07277_,349.97
_03901_,349.94
_07078_,349.44
_03907_,349.21
_05191_,349
_02349_,348.16
net81,347.98
_06871_,347.74
_03883_,347.22
_05290_,346.85
_08009_,345.66
_08191_,345.59
_06617_,345.02
_03889_,344.84
net107,344.58
_03669_,343.44
_06797_,343.12
_06806_,342.995
_02263_,342.62
_06898_,341.565
_06106_,340.49
_03671_,339.73
_07714_,339.12
_07074_,338.72
_00010_,338.175
_06902_,337.92
_05201_,337.5
net4,337.4
_07783_,336.97
_06785_,336.87
_03680_,336.21
_03710_,335.39
net68,334.66
_06767_,333.7
_08007_,333.375
_05228_,331.37
_03718_,331.12
_02366_,330.68
_06091_,330.06
_03880_,329.92
_05194_,328.72
_05338_,327.82
_07239_,327.64
_06802_,327.31
_03891_,326.91
_02362_,326.88
_06766_,326.76
_04706_,325.89
_07964_,325.57
_04190_,325.23
_08017_,325.06
bht_lut.pc_from_ex\[11\],324.37
_02354_,324.01
_03720_,323
_06782_,322.99
_03897_,322.79
_02347_,322.12
_07794_,321.98
_03716_,320.54
_02762_,320.47
_03682_,318.08
_06936_,316.43
_05284_,316.14
_06791_,316.13
_08357_,315.52
_05247_,314.52
_05226_,313.64
_08015_,313.115
_00013_,312.6
_02267_,312.45
_06195_,311.76
_06777_,311.415
_07246_,310.33
_05248_,310
_05188_,309.57
net26,306.36
_00009_,305.4
_07272_,305.035
_06448_,304.55
_04210_,303
_02360_,302.92
_03686_,302.4
_05261_,301.42
_06873_,301.14
clknet_5_31__leaf_clk,299.82
bht_lut.pc_from_ex\[14\],299.73
_06426_,298.73
_04186_,298.44
_07710_,298.33
_07659_,297.96
net65,297.77
_04311_,297.5
_06089_,295.28
_00011_,295.185
_07280_,294.95
_06786_,294.085
_04256_,292.04
_07785_,290.9
_06810_,290.66
_07263_,289.45
_08019_,289.32
_05307_,288.6
net29,288
_07080_,285.52
clknet_5_2__leaf_clk,283.4
_04103_,282.91
_08012_,282.335
_06316_,282.165
clknet_5_11__leaf_clk,281.94
_05266_,281.005
net38,279.6
_07256_,279.525
_07076_,279.28
_06800_,278.825
_07796_,278.34
register_file.registerFile\[7\]\[12\],278.26
_06759_,278.13
_04647_,277.19
_07082_,276.3
_03234_,276.12
_05260_,275.775
_05477_,275.39
_07306_,273.28
_07146_,272.28
_03673_,270.23
net1,270.1
clknet_5_8__leaf_clk,269.51
_07241_,268.69
_05328_,267.45
clknet_5_15__leaf_clk,267.33
_07067_,267.11
_02744_,266.22
_07153_,266.1
clknet_5_10__leaf_clk,264.74
_06220_,264.72
_07072_,264.08
clknet_5_18__leaf_clk,263.6
_02437_,261.56
_07070_,261.15
_06814_,260.13
_05610_,258.95
_07642_,258.4
clknet_5_23__leaf_clk,257.28
_08016_,256.95
net108,256.84
_03895_,255.92
_02725_,255.64
net28,254.3
_06359_,254.1
_07160_,253.87
_07248_,253.245
_07154_,253.22
_07981_,252.87
_04628_,252.49
_03015_,252.31
_05244_,251.81
_07445_,251.605
_07237_,251.42
clknet_5_16__leaf_clk,251.2
_07530_,251.12
_07800_,251
_05210_,250.265
_06813_,250.16
clknet_5_22__leaf_clk,250.11
_07792_,249.98
net13,249.5
_07314_,249.47
_03676_,248.98
_03317_,248.06
_07275_,248.035
_03893_,248
_04301_,247.4
_04306_,247.28
clknet_5_13__leaf_clk,247.13
net73,246.84
_07155_,245.73
clknet_5_17__leaf_clk,245.06
_03005_,244.9
_03016_,244.26
_04163_,244.02
_04399_,243.78
_08014_,243.76
_05573_,243.46
_04644_,243.23
_08213_,243.15
clknet_5_29__leaf_clk,242.82
_03327_,242.51
_05574_,242.225
_03684_,242.08
ex_mem_pipe_reg.Rd_Data_Out_PR\[11\],242.065
_07789_,241.76
clknet_5_12__leaf_clk,241.75
_07798_,240.65
_04625_,240.13
_03388_,240.02
register_file.registerFile\[7\]\[3\],239.34
_07257_,239.27
_03336_,239.195
_02456_,237.98
_05388_,237.86
_04137_,237.62
_06805_,237.56
clknet_5_3__leaf_clk,237.21
_05871_,237
_05830_,236.64
bht_lut.pc_from_ex\[8\],236.3
_03289_,236.14
_03298_,235.63
_07269_,235.42
net2,235.15
_08188_,234.46
_07970_,234.02
register_file.registerFile\[7\]\[1\],233.94
_05223_,233.83
_03200_,233.67
_02301_,233.06
la_sa_lm_sm_block.reg_index_la_sa\[0\],233.03
_03688_,233
register_file.registerFile\[7\]\[2\],232.76
register_file.registerFile\[7\]\[15\],231.08
_05953_,230.98
_06769_,230.86
_06624_,230.32
_04504_,230.07
net43,229.89
_05243_,229.59
clknet_5_30__leaf_clk,229.55
_06417_,229.35
register_file.registerFile\[7\]\[13\],228.92
_07507_,228.835
_06503_,228.72
clknet_5_26__leaf_clk,228.45
_05242_,227.88
_07621_,227.62
_06799_,226.56
register_file.registerFile\[7\]\[4\],226.52
_04246_,226.39
_07254_,226.135
_06228_,226.025
_03156_,225.85
_02418_,225.68
_06770_,225.375
net14,225.36
_07567_,225.2
_06773_,224.97
_05253_,224.84
_05337_,224.57
clknet_5_6__leaf_clk,224.57
net611,224.56
_03379_,224.455
clknet_5_5__leaf_clk,223.96
_05222_,223.9
_04076_,223.16
_05570_,223.11
_06542_,223.04
register_file.registerFile\[7\]\[14\],222.76
clknet_5_14__leaf_clk,222.68
_07243_,222.62
_06212_,222.54
_06244_,222.54
_06518_,222.46
_04631_,222.4
_03725_,221.89
_07304_,221.77
clknet_5_0__leaf_clk,221.72
net84,221.56
_07286_,220.94
clknet_5_7__leaf_clk,220.59
_05488_,220.33
net19,220.24
clknet_5_4__leaf_clk,220.03
_04200_,219.99
_04638_,219.54
_07163_,219.21
_04182_,219.18
_06362_,218.63
_05252_,218.56
_06489_,218.4
_05571_,218.24
_04890_,218.05
_07739_,217.77
alu_control.instr\[2\],217.35
net27,217.26
_03270_,216.835
register_file.registerFile\[7\]\[7\],216.66
_06373_,216.615
_07265_,216.465
_07284_,216.26
_06595_,215.98
_06204_,215.28
_05912_,215.04
_06880_,214.84
_06794_,214.5
_02328_,214.36
ex_mem_pipe_reg.Rd_Data_Out_PR\[12\],214.28
_04217_,213.78
_06761_,213.49
clknet_5_28__leaf_clk,213.31
clknet_5_21__leaf_clk,212.91
_03359_,212.75
_07559_,212.66
_02330_,211.44
_06324_,211.25
_00014_,211.225
_04615_,211.16
_07166_,211.04
_06721_,210.955
_04061_,210.94
_06763_,210.9
_03219_,210.74
_06968_,210.71
_05265_,210.64
_04209_,210.19
_06086_,210.15
_07164_,210
_05329_,209.92
_07972_,209.86
_06959_,209.76
_07156_,209.72
_05217_,209.69
_04764_,209.33
_02260_,209.17
_05239_,208.51
_08002_,208.42
clknet_5_9__leaf_clk,208.14
clknet_5_25__leaf_clk,208.11
_05423_,208.06
_00012_,208.045
_04176_,207.88
clknet_5_20__leaf_clk,207.08
_07787_,206.92
_04215_,206.88
_04994_,206.52
_02209_,206.4
clknet_5_24__leaf_clk,206.07
_05118_,205.99
_05789_,205.34
_05748_,205.31
register_file.registerFile\[7\]\[5\],205.14
_02413_,204.98
_06189_,204.87
clknet_5_19__leaf_clk,204.57
_05238_,204.12
bht_lut.pc_from_ex\[5\],203.68
_03998_,203.6
_05399_,203.58
_05314_,203.055
_07251_,202.77
_06890_,202.76
_05554_,202.6
_05046_,202.58
_05838_,202.49
_08284_,202.34
_06245_,201.9
_05325_,201.82
_04153_,201.58
_05219_,201.16
_06749_,201.03
_02407_,200.84
_07494_,200.8
_05613_,200.7
_08335_,199.94
_02411_,199.92
_06793_,199.89
_03661_,199.82
_08455_,199.66
_07538_,199.58
_06882_,199.44
_06790_,199.02
_06435_,198.81
_06884_,198.8
_05382_,198.45
_04296_,198.35
_00008_,198.26
ex_mem_pipe_reg.Rd_Data_Out_PR\[9\],198.24
_05605_,197.78
_07547_,197.74
ex_mem_pipe_reg.Rd_Data_Out_PR\[10\],197.58
_06886_,197.56
_05756_,197.3
_05170_,196.63
_02753_,196.59
_04962_,196.17
_05566_,195.87
_04624_,195.84
_08489_,195.76
_03969_,195.53
_05375_,195.29
_07998_,195.21
net41,195.2
_07233_,194.76
_08508_,194.22
_06381_,194.21
_06685_,193.94
_06673_,193.78
_02768_,193.63
_03674_,193.6
register_file.registerFile\[7\]\[10\],193.46
_02188_,193.02
_06529_,192.9
_06764_,192.89
_04379_,192.82
_06592_,192.8
_07717_,192.56
_07017_,192.11
net626,192.02
register_file.registerFile\[7\]\[9\],191.82
_06762_,191.785
_05678_,190.9
_07554_,190.69
register_file.registerFile\[7\]\[11\],190.56
_06436_,190.52
_07560_,190.52
clknet_5_1__leaf_clk,190.51
_08180_,190.49
_05565_,190.48
_05204_,190.46
_05563_,190.41
_05218_,190.4
_05377_,190.36
_00007_,190.285
_05562_,190.27
register_file.registerFile\[7\]\[6\],189.86
_08233_,189.65
_06978_,189.035
_08217_,188.81
_07165_,188.54
_03931_,188.52
_03691_,188.375
_02409_,187.97
_05202_,187.77
_05797_,187.52
_07748_,187.5
_08457_,186.82
_03839_,186.74
_02394_,186.64
_06451_,186.16
_06234_,185.78
_08257_,185.56
_04587_,185.16
_07697_,185.06
_07718_,185.05
_08407_,184.94
_05427_,184.685
_04318_,184.62
net22,184.6
_08385_,184.27
_05216_,184.21
_03754_,184.19
_07549_,184.03
_06329_,183.965
ex_mem_pipe_reg.Rd_Data_Out_PR\[8\],183.7
_07720_,183.54
_04680_,183.48
ex_mem_pipe_reg.Rd_Data_Out_PR\[14\],183.12
net24,183
alu_control.instr\[6\],182.96
_06485_,182.02
_08247_,181.78
_06888_,181.5
_07026_,181.04
_04140_,180.96
_05180_,180.84
_05404_,180.49
_07986_,180.38
_06035_,179.9
bht_lut.pc_from_ex\[7\],179.88
_03830_,179.76
_05493_,179.62
_06779_,179.565
_07552_,179.22
_02661_,179.06
_02671_,178.53
_06551_,178.52
_07729_,178.38
_08505_,177.98
_05185_,177.96
_06420_,177.84
_06052_,177.68
_06998_,177.68
_07999_,177.66
_06049_,177.63
_02237_,177.55
_02405_,176.98
_02372_,176.93
_04074_,176.88
_04618_,176.65
_04458_,176.4
_07276_,176.315
_00015_,176.155
_07790_,175.88
_06156_,175.765
_05715_,175.61
_06768_,175.425
_04080_,175
_06875_,174.96
_03988_,174.82
_05197_,174.76
_07118_,174.76
_04350_,174.4
_05321_,174.24
_06926_,174.06
_06844_,173.92
ex_mem_pipe_reg.Rd_Data_Out_PR\[0\],173.89
register_file.registerFile\[7\]\[8\],173.82
_06567_,173.67
_04094_,173.6
_05580_,173.57
_08311_,173.32
_06158_,173.28
_07982_,173
_02494_,172.91
_02447_,172.5
_06046_,172.46
_06894_,172.36
net55,172.2
_06466_,172.135
_00033_,171.6
_06159_,171.35
_06157_,171.34
_06987_,171.25
_02393_,171.16
_05193_,171.15
_06878_,171.14
_06730_,171.12
_06439_,170.12
_06064_,169.96
_04483_,169.6
_03912_,169.46
_06152_,169.445
_04776_,169.31
_04220_,168.765
_04277_,168.44
_04634_,168.18
_06151_,168.075
_06633_,168.02
_05879_,167.83
_06834_,167.76
_06853_,167.65
_08361_,167.42
_07758_,167.3
_07916_,167.3
_06337_,167.14
_07226_,166.8
_04026_,166.78
_02428_,166.64
_02913_,166.26
_06484_,166.06
_06153_,165.94
_07566_,165.34
_04205_,165.075
_04685_,165.03
clknet_5_27__leaf_clk,164.8
_07767_,164.66
_02403_,164.5
_03763_,164.15
_07036_,163.835
_07935_,163.82
_05734_,163.255
_04382_,163.21
_05302_,163.175
_06040_,163.1
_08130_,162.86
_05280_,162.38
register_file.registerFile\[7\]\[0\],162.3
_02912_,162.2
_05187_,162.06
_07564_,162
_03782_,161.85
_05203_,161.8
_03446_,161.36
_06876_,161.04
_02716_,160.94
_06423_,160.92
_02734_,160.875
_08487_,160.6
_06043_,160.495
_06062_,160.38
_03979_,159.87
_04045_,159.82
alu_control.instr\[7\],159.77
_07958_,159.76
_07632_,159.65
_06523_,159.57
_02698_,159.56
_06563_,159.04
_03353_,158.87
_06150_,158.85
_07926_,158.66
_03355_,158.62
_03792_,158.25
_03590_,158.02
_06490_,157.84
_03744_,157.73
_06863_,157.66
_05714_,157.64
_07159_,157.535
_04772_,157.48
_08439_,157.28
_04185_,156.86
_04415_,156.72
_07708_,156.68
_07994_,156.64
_07315_,156.61
_05227_,156.54
_07068_,156.13
_03601_,156.12
_04735_,156.08
_05425_,155.82
_02777_,155.75
_07973_,155.72
_04084_,155.69
_04283_,155.57
_02510_,155.51
_07878_,155.38
net98,155.38
_07569_,155.1
_06511_,155.06
_06607_,154.88
_04534_,154.87
_08052_,154.83
_04799_,154.78
_06702_,154.62
_05579_,154.34
_07777_,154.215
_06514_,154.04
_04211_,153.95
_00002_,153.605
_06080_,153.38
_06907_,153.1
_07045_,153.04
_06149_,153
_02707_,152.98
_08478_,152.8
_05677_,152.7
_03941_,152.62
_05596_,152.59
_06708_,152.48
_07907_,152.345
_03276_,152.2
_05538_,152.17
_02475_,152.08
_05920_,152.08
clknet_leaf_147_clk,152
_05234_,151.6
_08405_,151.25
_05274_,151.22
_06060_,151.2
_06574_,151.14
_07562_,151.12
_02207_,150.78
_07157_,150.52
_00006_,150.345
_06038_,150.05
_06334_,149.94
_05532_,149.58
_06558_,149.52
_05408_,149.48
net585,149.42
_04146_,149.4
_00003_,149.36
_07985_,149.22
mem_wb_pipeline_reg.Rd_Data_Out_PR\[13\],149.09
_02689_,149.085
_02381_,149.01
_07980_,148.67
_04486_,148.49
net573,148.44
clknet_leaf_201_clk,148.42
_05359_,148.39
_04201_,148.3
_04594_,148.28
_07821_,148.26
_02186_,148.17
_07831_,148.135
_05994_,148.08
_08308_,148.08
_07158_,148.07
_07987_,147.775
_07208_,147.71
_05378_,147.67
_04036_,147.64
_08078_,147.54
_04104_,147.485
_06643_,147.2
_06299_,147.15
_07007_,147.06
_06056_,146.96
_06687_,146.9
_07483_,146.57
_07620_,146.5
_07229_,146.19
_07840_,146.18
_07711_,146.14
_05642_,146.06
_07978_,146.06
_02352_,146.04
_05738_,145.8
_05591_,145.685
bht_lut.pc_from_id\[1\],145.5
_02466_,145.46
net61,145.4
_07586_,145.28
_08359_,145.18
ex_mem_pipe_reg.Rd_Data_Out_PR\[5\],144.96
_04270_,144.915
_03516_,144.8
bht_lut.pc_from_id\[0\],144.76
_06572_,144.74
_03922_,144.73
_06544_,144.635
_03320_,144.545
_06566_,144.49
_06312_,144.48
_07888_,144.42
_04385_,144.28
_04426_,144.24
_06546_,144.01
_06512_,144
_08006_,143.92
net34,143.92
_07988_,143.77
_07187_,143.7
_05701_,143.68
_02530_,143.67
_06482_,143.66
_07199_,143.2
_03368_,143.195
_06609_,143.18
_04787_,143.06
_05961_,143.05
_07979_,143
_06163_,142.87
_07169_,142.62
_06568_,142.44
_04744_,142.38
_07614_,142.34
_08163_,142.265
_04709_,142.25
_04017_,142.16
ex_mem_pipe_reg.Rd_Data_Out_PR\[1\],142.12
_04738_,142.08
_07234_,141.96
_04493_,141.9
_05674_,141.78
_02680_,141.59
_02503_,141.54
_07984_,141.425
clknet_leaf_152_clk,141.24
_06002_,141.16
_06801_,141.08
_06345_,141
_05297_,140.96
_05497_,140.84
_08004_,140.825
_08437_,140.8
_03700_,140.55
_05299_,140.46
bht_lut.pc_from_id\[6\],140.38
_04148_,140.24
_06457_,140.24
ex_mem_pipe_reg.Rd_Data_Out_PR\[13\],140.22
_04007_,140.16
_05743_,140.1
_07167_,139.9
_07152_,139.78
_04795_,139.74
_07109_,139.675
_06825_,139.5
clknet_leaf_145_clk,139.425
_05720_,139.38
_07235_,139.32
_03950_,139.26
_02485_,139.2
_07197_,139.14
ex_mem_pipe_reg.Rd_Data_Out_PR\[4\],139.08
_08008_,138.9
_05333_,138.69
_07585_,138.67
_08028_,138.56
_07536_,138.55
_07570_,138.42
_05808_,138.36
_04107_,138.23
_07259_,138.175
rr_ex_pipe_reg.RF_D1_Out\[1\],138.14
_07168_,138.08
_07503_,137.96
_07534_,137.96
_05702_,137.95
_08383_,137.88
_06548_,137.72
_05196_,137.4
_06578_,137.28
_05590_,137.22
_06501_,137.1
_07550_,136.89
_07224_,136.75
_05174_,136.68
_03735_,136.66
_08001_,136.47
_06938_,136.26
_02315_,136.22
_05972_,135.98
_06486_,135.98
_05452_,135.96
_08243_,135.9
_07804_,135.76
_04586_,135.62
_06507_,135.57
_06917_,135.51
_04124_,135.49
_05304_,135.335
_03811_,135.24
_06706_,135.15
_06493_,134.97
_07337_,134.88
_05326_,134.625
_07137_,134.54
_08281_,134.5
_06339_,134.47
_06664_,134.46
_05767_,134.22
_05587_,134.19
clknet_leaf_232_clk,134.18
_07220_,134
_04184_,133.76
register_file.registerFile\[3\]\[3\],133.75
_02504_,133.74
_05582_,133.61
_06499_,133.45
bht_lut.pc_from_id\[5\],133.42
_06947_,133.3
_06374_,133.28
_05301_,133.185
_06488_,133.16
_07576_,133.04
rf_d3_addr_select.sel\[0\],132.78
_06480_,132.4
_04287_,132.32
_07859_,132.32
_05890_,132.31
_03858_,132.14
_04305_,132.115
_03899_,132.065
_04600_,132.03
_07532_,132.03
_05279_,132.02
_08231_,131.78
_06505_,131.76
_07968_,131.67
_03003_,131.66
_07545_,131.2
_04310_,131.1
_04295_,131.05
_07099_,131.04
_04059_,131.025
_03432_,130.98
_06613_,130.92
_04734_,130.84
_04147_,130.82
_02308_,130.8
_07189_,130.78
rr_ex_pipe_reg.RF_D1_Out\[4\],130.76
_03517_,130.75
rr_ex_pipe_reg.RF_D1_Out\[0\],130.72
_03223_,130.7
_04768_,130.68
_04791_,130.67
_07664_,130.58
_06479_,130.52
bht_lut.pc_from_ex\[15\],130.445
clknet_leaf_177_clk,130.14
_04251_,130.13
_05588_,129.96
_03280_,129.79
_04752_,129.62
_07626_,129.46
_02404_,129.44
_02427_,129.42
_06494_,129.41
_02563_,129.245
_07527_,129.24
_08245_,129.2
_06783_,129.02
_06224_,128.92
_06565_,128.9
_02446_,128.86
net514,128.68
_05681_,128.64
_02298_,128.58
_06396_,128.54
_03960_,128.52
rr_ex_pipe_reg.RF_D1_Out\[2\],128.49
_03613_,128.38
_06293_,128.38
_02565_,128.36
_07548_,128.23
_05617_,128.05
_03433_,128.04
register_file.registerFile\[2\]\[3\],127.92
_05747_,127.89
_04096_,127.84
_05583_,127.79
clknet_leaf_121_clk,127.715
_05672_,127.7
_06269_,127.57
_06689_,127.44
_04743_,127.27
bht_lut.pc_from_id\[3\],127.26
ex_mem_pipe_reg.Rd_Data_Out_PR\[6\],127.2
_07802_,127.08
clknet_leaf_117_clk,127.08
net591,127.06
_06393_,127.02
_07975_,127.01
_03712_,126.92
_05849_,126.88
_04838_,126.86
mem_wb_pipeline_reg.Rd_Data_Out_PR\[0\],126.835
_06652_,126.7
_06822_,126.5
_04060_,126.45
clknet_leaf_189_clk,126.36
register_file.registerFile\[3\]\[1\],126.35
_03435_,126.34
_06594_,126.295
_05731_,126.21
_05616_,126.12
alu_control.ALUControlIn\[0\],126.08
_04934_,125.98
_04597_,125.915
register_file.registerFile\[3\]\[0\],125.82
_06601_,125.78
_07150_,125.75
_06483_,125.62
_05306_,125.6
_04740_,125.44
_06306_,125.42
_06758_,125.055
_07594_,124.96
_06403_,124.85
_02235_,124.82
register_file.registerFile\[2\]\[1\],124.7
_06051_,124.56
bht_lut.pc_from_id\[8\],124.46
mem_wb_pipeline_reg.Rd_Data_Out_PR\[14\],124.43
_08228_,124.08
_07996_,124.06
_06497_,124.05
_06704_,124.02
_07633_,123.9
_04113_,123.86
_03210_,123.56
_05730_,123.53
_02573_,123.47
_03881_,123.455
_07556_,123.42
_06294_,123.25
_08086_,123.22
_04089_,123.14
_00034_,122.92
net515,122.86
_07190_,122.79
_08021_,122.67
_04114_,122.63
_06606_,122.54
_04882_,122.48
_03461_,122.4
clknet_leaf_144_clk,122.28
_06615_,122.06
ex_mem_pipe_reg.Rd_Data_Out_PR\[7\],122
_06039_,121.89
clknet_leaf_162_clk,121.6
_06134_,121.56
net337,121.52
_06342_,121.09
_04641_,120.94
clknet_leaf_211_clk,120.82
_07557_,120.63
_07581_,120.605
_06477_,120.44
_06013_,120.42
_07055_,120.36
clknet_leaf_207_clk,120.22
_03578_,120.18
_06597_,120.14
_05315_,119.99
_07171_,119.97
_02258_,119.96
_04231_,119.96
_04110_,119.92
_04216_,119.8
_06525_,119.68
_04830_,119.64
_05287_,119.62
_03997_,119.6
clknet_leaf_110_clk,119.55
_03221_,119.5
_05707_,119.395
_07185_,119.32
_03405_,119.16
_04713_,119.09
_04237_,118.455
_06569_,118.07
_05931_,117.9
bht_lut.pc_from_id\[9\],117.82
_07631_,117.74
_07965_,117.72
_06197_,117.7
_05214_,117.69
mem_wb_pipeline_reg.Rd_Data_Out_PR\[15\],117.68
_06267_,117.61
_07162_,117.48
rr_ex_pipe_reg.RF_D1_Out\[3\],117.45
_08230_,117.37
_04750_,117.26
_07188_,117.25
_03227_,117.19
_06208_,117.14
bht_lut.pc_from_id\[4\],117.11
mem_wb_pipeline_reg.Rd_Data_Out_PR\[2\],116.915
_02812_,116.8
_02514_,116.75
_03147_,116.695
_06693_,116.52
_06537_,116.3
clknet_leaf_215_clk,116.3
_05295_,116.25
_07161_,116.19
_08183_,116.16
_04737_,116.06
clknet_leaf_150_clk,116.06
_03199_,116
_04234_,115.94
_07221_,115.92
clknet_leaf_191_clk,115.85
_07228_,115.82
_08023_,115.82
_08103_,115.64
_08254_,115.58
_06487_,115.55
_03050_,115.5
_03458_,115.5
_07962_,115.43
_08096_,115.4
_04068_,115.34
_04780_,115.17
ex_mem_pipe_reg.Rd_Data_Out_PR\[15\],115.165
_07995_,115.16
_03206_,115.14
_03514_,114.995
clknet_leaf_178_clk,114.98
_02574_,114.94
_07589_,114.84
_03213_,114.79
_07588_,114.6
_06682_,114.48
clknet_leaf_16_clk,114.42
_05698_,114.4
_06603_,114.36
_07420_,114.15
_03423_,114.12
_08220_,113.985
_04756_,113.98
_05705_,113.69
forwardlogic.reg_wr_en_mem_wb,113.47
_06387_,113.44
_05558_,113.38
clknet_leaf_228_clk,113.36
rr_ex_pipe_reg.RF_D1_Out\[5\],113.27
bht_lut.pc_from_id\[10\],113.24
_03407_,113.02
_03820_,112.92
_05690_,112.83
_03217_,112.74
_04300_,112.7
_06560_,112.6
_05726_,112.56
_03773_,112.55
_05323_,112.46
_08036_,112.43
_06270_,112.36
clknet_leaf_100_clk,112.36
_04715_,112.31
_05718_,112.18
_07897_,112.055
_04716_,112.03
_08092_,112
_07598_,111.92
_02578_,111.9
_08234_,111.9
_06740_,111.8
_07177_,111.74
ex_mem_pipe_reg.Rd_Data_Out_PR\[3\],111.62
_04088_,111.4
_05713_,111.36
_04888_,111.34
clknet_leaf_89_clk,111.28
_05700_,111.12
_06522_,111.08
_03209_,110.92
_07218_,110.86
_07222_,110.82
_05736_,110.76
_08033_,110.74
_06048_,110.64
_06307_,110.56
_06533_,110.52
_03868_,110.36
_04119_,110.24
_08102_,110.035
clknet_leaf_164_clk,109.615
_06475_,109.6
_08115_,109.28
_05159_,108.96
_07969_,108.84
clknet_leaf_38_clk,108.7
clknet_leaf_234_clk,108.7
net593,108.68
_05709_,108.655
_06539_,108.64
_05311_,108.6
forwardlogic.reg_wr_en_rr_ex_prev,108.41
register_file.registerFile\[2\]\[0\],108.37
_02508_,108.36
_05710_,108.35
_03404_,108.3
clknet_leaf_105_clk,108.3
mem_wb_pipeline_reg.Rd_Data_Out_PR\[3\],108.22
_05725_,108.18
_03207_,108.155
mem_wb_pipeline_reg.Rd_Data_Out_PR\[1\],108.095
_03421_,108.04
_03690_,108.04
_06571_,107.895
_06531_,107.8
_04754_,107.79
alu_control.aluCtrlOp\[0\],107.74
_08211_,107.675
_04986_,107.6
bht_lut.pc_from_id\[2\],107.48
_07180_,107.4
clknet_leaf_112_clk,107.4
clknet_leaf_58_clk,107.38
clknet_leaf_123_clk,107.37
clknet_leaf_44_clk,107.32
_07174_,107.175
_06543_,106.8
_05732_,106.695
_06110_,106.6
_07227_,106.56
_05207_,106.555
_07553_,106.49
_04695_,106.46
clknet_leaf_114_clk,106.28
_03422_,106.25
_05728_,106.22
clknet_leaf_113_clk,106.18
_07531_,106.12
bht_lut.pc_from_id\[14\],106.1
_05688_,105.97
la_sa_lm_sm_block.reg_index_la_sa\[1\],105.96
_03801_,105.84
_04257_,105.82
_03403_,105.74
_07974_,105.69
_05224_,105.635
_08097_,105.61
_06367_,105.6
_08041_,105.49
_05704_,105.405
clknet_leaf_62_clk,105.4
_06354_,105.38
_06622_,105.36
clknet_leaf_133_clk,105.21
_05717_,105.18
_05257_,105.15
_03849_,104.995
_06185_,104.86
_04235_,104.8
_06142_,104.72
_06254_,104.655
_05683_,104.65
_05693_,104.635
_05313_,104.49
clknet_leaf_77_clk,104.42
_05199_,104.4
clknet_leaf_107_clk,104.36
_06077_,104.15
_06047_,103.98
clknet_leaf_151_clk,103.84
clknet_leaf_179_clk,103.84
clknet_leaf_32_clk,103.835
_02580_,103.825
_05446_,103.73
_04118_,103.72
_05665_,103.66
rr_ex_pipe_reg.RF_D2_Out\[2\],103.52
_03240_,103.49
_07603_,103.36
_07976_,103.36
_07181_,103.28
_07526_,103.27
_05251_,103.18
_06409_,103.05
_06573_,103.02
_04899_,102.9
_04747_,102.88
_03084_,102.74
_07193_,102.74
_06562_,102.7
clknet_leaf_213_clk,102.62
_02520_,102.55
_06126_,102.54
_06699_,102.52
_07546_,102.3
_08235_,102.16
_04244_,102.07
_06305_,102.05
register_file.registerFile\[2\]\[9\],102.045
_07599_,101.96
_05256_,101.9
_08408_,101.84
clknet_leaf_47_clk,101.84
_08105_,101.78
_04940_,101.76
_04707_,101.73
_02516_,101.55
_06272_,101.54
clknet_leaf_78_clk,101.46
_06271_,101.34
alu_control.reg_write_enable_in,101.34
net636,101.12
_04467_,101.02
_07086_,101
_06216_,100.95
clknet_leaf_108_clk,100.895
_02399_,100.88
_07608_,100.76
bht_lut.branchHistoryTable\[7\]\[20\],100.76
clknet_leaf_43_clk,100.56
_06612_,100.54
clknet_leaf_94_clk,100.52
_07176_,100.48
register_file.registerFile\[1\]\[0\],100.46
_03437_,100.355
_05667_,100.32
clknet_leaf_160_clk,100.315
clknet_leaf_102_clk,100.1
clknet_leaf_149_clk,100.04
net588,99.9
pc_data_select.sel,99.88
alu_srcb_mux.sel\[0\],99.8
_07593_,99.78
_02817_,99.64
_04121_,99.62
bht_lut.pc_from_id\[7\],99.42
_07574_,99.38
_08038_,99.34
_08011_,99.32
clknet_leaf_101_clk,99.16
_05353_,99.08
_06697_,99.08
_06589_,99.03
_06587_,99.02
_03203_,98.92
_04712_,98.88
_04122_,98.86
_07217_,98.84
_06593_,98.63
_04930_,98.58
clknet_leaf_124_clk,98.555
_05401_,98.52
_05586_,98.52
_05670_,98.505
_06054_,98.39
clknet_leaf_95_clk,98.38
_06384_,98.36
clknet_leaf_240_clk,98.26
_07450_,98.14
_07565_,98.1
_05490_,98.06
_06491_,98.055
clknet_leaf_13_clk,97.975
_04746_,97.94
_06102_,97.83
_05096_,97.7
_08022_,97.66
_05636_,97.64
register_file.registerFile\[4\]\[8\],97.64
clknet_leaf_220_clk,97.64
_06177_,97.6
_06760_,97.58
_04230_,97.56
_05722_,97.52
_03281_,97.465
_08182_,97.46
clknet_leaf_233_clk,97.44
_05107_,97.41
rr_ex_pipe_reg.RF_D2_Out\[1\],97.3
_04847_,97.22
_05044_,97.22
_06303_,97.18
_04243_,97.04
_06351_,97.02
clknet_leaf_72_clk,97.02
_08111_,96.885
_06564_,96.88
register_file.registerFile\[1\]\[1\],96.81
_04836_,96.78
_05220_,96.78
_06536_,96.705
_06500_,96.67
_08003_,96.63
_04951_,96.58
_06545_,96.47
_06350_,96.44
_06275_,96.405
clknet_leaf_31_clk,96.38
_05003_,96.34
_05317_,96.3
register_file.registerFile\[2\]\[2\],96.285
_02300_,96.22
net54,96.18
_06118_,96.08
rr_ex_pipe_reg.RF_D1_Out\[6\],96.04
_06169_,95.98
_06094_,95.87
_06295_,95.86
clknet_leaf_229_clk,95.86
register_file.registerFile\[4\]\[12\],95.82
_06577_,95.8
_04077_,95.7
_04292_,95.62
_07182_,95.565
clknet_leaf_56_clk,95.52
_07619_,95.4
clknet_leaf_0_clk,95.38
_07850_,95.32
_06579_,95.26
register_file.registerFile\[5\]\[9\],95.26
_04785_,95.17
_06691_,95.16
clknet_leaf_19_clk,94.94
_04227_,94.78
_05086_,94.76
_03286_,94.56
_06155_,94.53
_07175_,94.5
_05038_,94.26
_06200_,94.22
_06600_,94.19
_08108_,94.12
_04637_,93.94
_06368_,93.94
_04151_,93.925
clknet_leaf_237_clk,93.92
clknet_leaf_59_clk,93.84
_02581_,93.8
_06308_,93.8
_08029_,93.72
_06311_,93.68
_05695_,93.62
_08034_,93.54
mem_wb_pipeline_reg.Rd_Data_Out_PR\[4\],93.52
clknet_leaf_83_clk,93.46
_08342_,93.42
_02400_,93.4
_06716_,93.4
_06041_,93.32
clknet_leaf_183_clk,93.27
clknet_leaf_42_clk,93.2
_04576_,93.16
_07587_,93.14
forwardlogic.rd_addr_mem_wb\[0\],93.08
_05055_,92.84
_02507_,92.8
ex_mem_pipe_reg.Control_Out\[2\],92.8
bht_lut.branchHistoryTable\[3\]\[27\],92.75
_05699_,92.735
clknet_leaf_35_clk,92.72
_04241_,92.51
_07993_,92.46
clknet_leaf_22_clk,92.28
clknet_leaf_184_clk,92.26
_02598_,92.19
_08013_,92.13
register_file.registerFile\[3\]\[9\],92.12
_04150_,92.11
clknet_leaf_135_clk,92.06
clknet_leaf_190_clk,92.06
_05697_,92.045
_05318_,92.02
_06296_,92.01
mem_wb_pipeline_reg.Rd_Data_Out_PR\[6\],91.94
_04742_,91.88
_05285_,91.88
_08020_,91.86
clknet_leaf_18_clk,91.76
rr_ex_pipe_reg.RF_D2_Out\[4\],91.7
net747,91.68
clknet_leaf_209_clk,91.52
register_file.registerFile\[5\]\[11\],91.46
_06823_,91.33
_04733_,91.275
_06042_,91.16
_05263_,91.13
clknet_leaf_70_clk,91.13
_05727_,91.1
alu_control.instr\[8\],90.94
clknet_leaf_82_clk,90.86
_06265_,90.74
_03009_,90.72
_03066_,90.67
clknet_leaf_120_clk,90.66
register_file.registerFile\[5\]\[1\],90.635
_06596_,90.51
_06712_,90.48
_06538_,90.45
_07172_,90.45
register_file.registerFile\[2\]\[7\],90.355
_06045_,90.34
_06695_,90.24
_02506_,90.18
_06434_,90.13
clknet_leaf_169_clk,90.1
_04668_,90.06
_04784_,89.98
_03260_,89.92
clknet_leaf_6_clk,89.84
rr_ex_pipe_reg.RF_D2_Out\[3\],89.82
_07128_,89.74
_02583_,89.655
_06400_,89.58
clknet_leaf_165_clk,89.58
_04763_,89.52
clknet_leaf_227_clk,89.495
_02517_,89.44
_04575_,89.43
la_sa_lm_sm_block.reg_index_la_sa\[2\],89.43
_04826_,89.35
_05138_,89.19
_05148_,89.12
_07561_,89
_04775_,88.98
_08386_,88.82
clknet_leaf_4_clk,88.68
_04761_,88.66
net105,88.66
ex_mem_pipe_reg.Rd_Data_Out_PR\[2\],88.51
_02465_,88.46
register_file.registerFile\[1\]\[11\],88.46
_02881_,88.365
clknet_leaf_104_clk,88.36
_03829_,88.3
_05172_,88.16
_06037_,88.15
clknet_leaf_103_clk,88.02
_06570_,88
clknet_leaf_203_clk,87.96
clknet_leaf_86_clk,87.935
_03556_,87.91
_04992_,87.9
_03474_,87.82
register_file.registerFile\[5\]\[7\],87.8
_02339_,87.78
_04523_,87.75
_04359_,87.73
_07997_,87.69
clknet_leaf_90_clk,87.68
_08222_,87.66
_02509_,87.62
_08113_,87.6
clknet_leaf_185_clk,87.53
_03244_,87.46
rr_ex_pipe_reg.RF_D1_Out\[8\],87.36
_04694_,87.18
clknet_leaf_93_clk,87.14
_05661_,87.04
_08225_,86.96
clknet_leaf_7_clk,86.96
_07525_,86.92
clknet_leaf_219_clk,86.86
_06081_,86.84
net45,86.82
_08332_,86.8
clknet_leaf_9_clk,86.755
_06492_,86.64
_07625_,86.58
bht_lut.pc_from_id\[11\],86.58
clknet_leaf_173_clk,86.54
clknet_leaf_76_clk,86.475
_04878_,86.44
_06450_,86.42
_05826_,86.4
clknet_leaf_71_clk,86.21
register_file.registerFile\[4\]\[10\],86.2
_03166_,86.18
bht_lut.branchHistoryTable\[2\]\[26\],86.17
_04723_,86.11
_03195_,86.08
_06701_,86.02
clknet_leaf_41_clk,85.96
clknet_leaf_24_clk,85.945
clknet_leaf_217_clk,85.9
_05858_,85.78
register_file.registerFile\[5\]\[14\],85.67
_03427_,85.62
_05884_,85.56
clknet_leaf_29_clk,85.42
_04334_,85.4
clknet_leaf_111_clk,85.4
_04213_,85.32
_07191_,85.2
net106,85.18
clknet_leaf_127_clk,85.14
register_file.registerFile\[1\]\[9\],85.04
_06739_,84.98
clknet_leaf_34_clk,84.84
_04073_,84.82
clknet_leaf_130_clk,84.82
clknet_leaf_40_clk,84.64
_05319_,84.615
_02594_,84.5
_04192_,84.37
_03430_,84.36
_06530_,84.36
clknet_leaf_193_clk,84.36
_04240_,84.24
_03658_,84.22
_07609_,84.1
register_file.registerFile\[5\]\[3\],83.98
_04760_,83.95
_07178_,83.885
clknet_leaf_187_clk,83.88
_03451_,83.85
_06553_,83.84
_07194_,83.83
_02588_,83.81
_05358_,83.74
_04254_,83.62
_07149_,83.52
clknet_leaf_79_clk,83.44
_04943_,83.4
_06406_,83.4
_03036_,83.38
register_file.registerFile\[0\]\[2\],83.24
_06608_,83.06
_05364_,82.96
bht_lut.branchHistoryTable\[4\]\[30\],82.94
_07869_,82.815
clknet_leaf_155_clk,82.7
clknet_leaf_210_clk,82.67
clknet_leaf_46_clk,82.64
_06084_,82.6
_03441_,82.57
_02398_,82.56
_05451_,82.56
_06714_,82.46
_05843_,82.44
register_file.registerFile\[4\]\[2\],82.36
_03442_,82.34
_07604_,82.34
_07369_,82.26
register_file.registerFile\[3\]\[7\],82.26
_02818_,82.22
_06532_,82.21
_07338_,82.2
clknet_leaf_115_clk,82.18
_06958_,82.16
rr_ex_pipe_reg.RF_D1_Out\[7\],81.98
rr_ex_pipe_reg.RF_D1_Out\[13\],81.82
_04606_,81.8
_05537_,81.78
_03408_,81.64
_07195_,81.62
_07689_,81.62
register_file.registerFile\[4\]\[9\],81.58
_04730_,81.5
_07696_,81.5
_06555_,81.4
clknet_leaf_140_clk,81.38
bht_lut.branchHistoryTable\[6\]\[20\],81.33
_03193_,81.12
clknet_leaf_88_clk,81.12
_02484_,81
_07563_,80.92
_07601_,80.88
_04708_,80.84
clknet_leaf_45_clk,80.8
_07630_,80.7
register_file.registerFile\[4\]\[3\],80.69
_08119_,80.68
register_file.registerFile\[4\]\[1\],80.59
_05186_,80.52
_03959_,80.48
_05292_,80.45
bht_lut.branchHistoryTable\[5\]\[22\],80.38
clknet_leaf_206_clk,80.36
clknet_leaf_236_clk,80.34
pc_data_select.B\[9\],80.11
_03167_,79.9
_06059_,79.86
clknet_leaf_99_clk,79.82
_03042_,79.8
_06843_,79.78
_04016_,79.76
register_file.registerFile\[1\]\[2\],79.76
_04798_,79.73
clknet_leaf_230_clk,79.7
ex_mem_pipe_reg.RF_D2_Out\[14\],79.64
register_file.registerFile\[2\]\[15\],79.53
_04728_,79.42
rr_ex_pipe_reg.spec_taken_out,79.33
_03194_,79.32
_03008_,79.315
clknet_leaf_214_clk,79.22
_03146_,79.18
_08226_,79.17
_03439_,79.1
_05686_,79.04
register_file.registerFile\[3\]\[2\],79.02
_07963_,78.96
_07573_,78.84
_03142_,78.8
clknet_leaf_74_clk,78.76
bht_lut.branchHistoryTable\[7\]\[22\],78.735
bht_lut.pc_from_id\[15\],78.64
clknet_leaf_119_clk,78.64
_06552_,78.62
_02402_,78.58
clknet_leaf_159_clk,78.58
_03449_,78.56
_08249_,78.56
_05620_,78.42
clknet_leaf_166_clk,78.38
register_file.registerFile\[6\]\[9\],78.345
_04786_,78.32
register_file.registerFile\[0\]\[0\],78.22
_03074_,78.12
clknet_leaf_128_clk,78.02
_03202_,78.015
_04801_,77.94
_03428_,77.88
_02397_,77.82
_04035_,77.8
net553,77.8
dmem.ram\[47\]\[1\],77.76
_08000_,77.74
_03007_,77.715
_05595_,77.68
clknet_leaf_3_clk,77.58
_08355_,77.57
_02933_,77.54
_03056_,77.54
_06521_,77.52
register_file.registerFile\[6\]\[10\],77.39
_05818_,77.22
_04751_,77.2
_05577_,77.04
_07223_,77.02
_04459_,76.88
_04639_,76.88
clknet_leaf_126_clk,76.88
rr_ex_pipe_reg.RF_D1_Out\[15\],76.82
_04389_,76.68
_04249_,76.62
clknet_leaf_200_clk,76.62
bht_lut.pc_from_ex\[13\],76.615
clknet_leaf_171_clk,76.44
_04765_,76.35
_05925_,76.34
_05090_,76.3
_02299_,76.29
_03525_,76.215
_04550_,76.2
register_file.registerFile\[0\]\[12\],76.18
register_file.registerFile\[6\]\[2\],76.125
register_file.registerFile\[3\]\[13\],76.1
_04782_,76.08
clknet_leaf_12_clk,76.06
register_file.registerFile\[3\]\[15\],76.04
rr_ex_pipe_reg.RF_D1_Out\[14\],76.04
_03358_,75.98
_05291_,75.96
_05761_,75.86
rf_d3_addr_select.sel\[1\],75.82
_04982_,75.81
_06583_,75.73
_03092_,75.68
register_file.registerFile\[5\]\[6\],75.54
_05192_,75.52
_06710_,75.52
_05254_,75.505
clknet_leaf_30_clk,75.5
clknet_leaf_87_clk,75.4
_05777_,75.34
bht_lut.branchHistoryTable\[1\]\[30\],75.34
rr_ex_pipe_reg.RF_D2_Out\[0\],75.3
_02589_,75.28
_03201_,75.27
register_file.registerFile\[6\]\[8\],75.265
_06614_,75.26
_06050_,75.16
_05966_,75.06
register_file.registerFile\[0\]\[8\],75.06
register_file.registerFile\[2\]\[10\],75.045
_05334_,75
_03545_,74.86
clknet_leaf_239_clk,74.7
_02806_,74.655
_05802_,74.62
_04858_,74.6
_05900_,74.52
_02401_,74.44
_04497_,74.4
_05553_,74.39
_06268_,74.37
_05099_,74.31
register_file.registerFile\[5\]\[10\],74.2
_05941_,74.18
clknet_leaf_75_clk,74.18
mem_wb_pipeline_reg.Rd_Data_Out_PR\[5\],74.12
_05687_,74.08
clknet_leaf_28_clk,73.98
_03566_,73.94
_05651_,73.88
clknet_leaf_202_clk,73.84
_03277_,73.8
register_file.registerFile\[0\]\[1\],73.74
_05679_,73.68
_06916_,73.68
_05496_,73.64
register_file.registerFile\[2\]\[11\],73.625
_04228_,73.58
_04804_,73.56
_03011_,73.5
clknet_leaf_157_clk,73.5
_03012_,73.44
_06581_,73.4
clknet_leaf_146_clk,73.38
_08255_,73.34
register_file.registerFile\[2\]\[13\],73.315
register_file.registerFile\[2\]\[6\],73.24
pc_data_select.B\[8\],73.22
_02390_,73.21
_05142_,73.18
_03521_,73.16
_05430_,73.145
clknet_leaf_180_clk,73.135
_06513_,73.11
clknet_leaf_21_clk,73.06
_03541_,73.04
clknet_leaf_2_clk,73
clknet_leaf_194_clk,73
clknet_leaf_231_clk,73
_04225_,72.93
clknet_leaf_36_clk,72.92
clknet_leaf_125_clk,72.835
clknet_leaf_20_clk,72.79
register_file.registerFile\[2\]\[12\],72.665
clknet_leaf_122_clk,72.66
register_file.registerFile\[5\]\[12\],72.64
_06504_,72.62
bht_lut.branchHistoryTable\[7\]\[21\],72.5
_02816_,72.38
clknet_leaf_198_clk,72.38
_07242_,72.28
rr_ex_pipe_reg.RF_D1_Out\[12\],72.26
_06007_,72.24
register_file.registerFile\[3\]\[12\],72.06
_05543_,72.04
register_file.registerFile\[5\]\[2\],72.04
register_file.registerFile\[4\]\[7\],71.99
_03567_,71.98
rr_ex_pipe_reg.RF_D3_From_WB_Out\[0\],71.96
ex_mem_pipe_reg.Instr_Out\[12\],71.91
_05240_,71.85
_06443_,71.84
_03462_,71.82
_04083_,71.74
register_file.registerFile\[4\]\[11\],71.72
clknet_leaf_221_clk,71.68
_05245_,71.66
register_file.registerFile\[1\]\[7\],71.66
rr_ex_pipe_reg.RF_D2_Out\[5\],71.58
register_file.registerFile\[3\]\[6\],71.55
_05380_,71.52
clknet_leaf_23_clk,71.46
clknet_leaf_137_clk,71.46
_06023_,71.36
_03448_,71.24
_04407_,71.22
clknet_leaf_61_clk,71.2
register_file.registerFile\[5\]\[0\],71.14
_06281_,71.1
_06481_,71.1
_07035_,71.1
_02595_,71.04
clknet_leaf_131_clk,71.04
clknet_leaf_176_clk,71.02
_07663_,70.98
clknet_leaf_132_clk,70.855
clknet_leaf_116_clk,70.78
_04564_,70.74
_04580_,70.72
_05946_,70.7
_05110_,70.68
_06683_,70.62
_05258_,70.575
_07606_,70.48
_03045_,70.44
_05230_,70.32
mem_wb_pipeline_reg.Rd_Data_Out_PR\[7\],70.22
_04442_,70.06
register_file.registerFile\[1\]\[3\],70.06
_04766_,70.01
_03010_,70
_07707_,69.96
bht_lut.pc_from_id\[12\],69.95
clknet_leaf_84_clk,69.86
_07808_,69.795
rr_ex_pipe_reg.RF_D1_Out\[11\],69.74
_05283_,69.56
_04261_,69.54
_06506_,69.48
clknet_leaf_195_clk,69.4
_02333_,69.28
_03102_,69.23
_04635_,69.16
clknet_leaf_172_clk,69.16
_03006_,69.13
register_file.registerFile\[1\]\[13\],69.06
_04540_,69.02
_05601_,69
_02337_,68.99
_04065_,68.94
bht_lut.branchHistoryTable\[5\]\[30\],68.93
_05340_,68.92
_04064_,68.91
bht_lut.branchHistoryTable\[7\]\[19\],68.77
_05641_,68.72
_06524_,68.7
id_rr_pipe_reg.cntrl_out\[6\],68.68
register_file.registerFile\[1\]\[10\],68.61
_05859_,68.58
rr_ex_pipe_reg.RF_D1_Out\[10\],68.54
clknet_leaf_241_clk,68.52
clknet_leaf_69_clk,68.48
clknet_leaf_224_clk,68.44
pc_data_select.B\[12\],68.4
_05724_,68.36
_05982_,68.36
_03635_,68.28
_08351_,68.28
_05407_,68.22
_07700_,68.22
_02767_,68.16
register_file.registerFile\[3\]\[11\],68.16
_04683_,68.12
_08005_,68.09
clknet_leaf_52_clk,68.08
_03013_,68.04
_05209_,68.04
clknet_leaf_50_clk,68.04
dmem.ram\[36\]\[1\],68.02
_04143_,67.98
bht_lut.branchHistoryTable\[5\]\[20\],67.905
_03523_,67.88
_07957_,67.86
_07887_,67.84
_03046_,67.8
dmem.ram\[37\]\[1\],67.79
_03043_,67.78
_04779_,67.68
_02268_,67.66
clknet_leaf_238_clk,67.655
_02332_,67.6
_06455_,67.49
clknet_leaf_66_clk,67.4
clknet_leaf_163_clk,67.4
register_file.registerFile\[0\]\[4\],67.37
_03248_,67.32
_02979_,67.3
bht_lut.branchHistoryTable\[7\]\[17\],67.3
_03242_,67.22
_02395_,67.2
_05512_,67.06
_04593_,67.04
bht_lut.branchHistoryTable\[3\]\[30\],67.025
rr_ex_pipe_reg.RF_D1_Out\[9\],67
_05236_,66.98
clknet_leaf_188_clk,66.9
clknet_leaf_223_clk,66.9
_03519_,66.88
_07695_,66.88
_07688_,66.8
mem_wb_pipeline_reg.Rd_Data_Out_PR\[11\],66.78
_04507_,66.76
clknet_leaf_225_clk,66.755
_07992_,66.74
_04771_,66.62
_03235_,66.54
register_file.registerFile\[6\]\[0\],66.51
_05233_,66.44
dmem.ram\[42\]\[10\],66.44
_04275_,66.41
_04067_,66.4
clknet_leaf_65_clk,66.36
clknet_leaf_33_clk,66.35
_03040_,66.32
_06580_,66.3
clknet_leaf_73_clk,66.3
bht_lut.branchHistoryTable\[7\]\[30\],66.28
clknet_leaf_197_clk,66.28
dmem.ram\[35\]\[4\],66.26
_06602_,66.2
_06720_,66.06
register_file.registerFile\[0\]\[3\],66.02
clknet_leaf_92_clk,65.99
_06034_,65.94
_07684_,65.9
_07703_,65.82
_04524_,65.72
clknet_leaf_26_clk,65.7
_05381_,65.64
clknet_leaf_60_clk,65.6
_07108_,65.56
dmem.ram\[47\]\[0\],65.5
clknet_leaf_98_clk,65.44
_08333_,65.3
_02280_,65.26
_05647_,65.26
_06554_,65.24
_07580_,65.18
_03406_,65.1
register_file.registerFile\[2\]\[4\],65.045
_00001_,65.04
register_file.registerFile\[3\]\[10\],64.92
clknet_leaf_136_clk,64.875
bht_lut.branchHistoryTable\[6\]\[22\],64.84
_07613_,64.82
_02627_,64.76
_05611_,64.72
_02643_,64.46
_05277_,64.44
clknet_leaf_109_clk,64.43
_04154_,64.42
dmem.ram\[35\]\[6\],64.4
_06559_,64.36
_02743_,64.24
_06058_,64.24
register_file.registerFile\[6\]\[3\],63.985
_07486_,63.96
ex_mem_pipe_reg.RF_D2_Out\[13\],63.94
_05310_,63.88
_05231_,63.84
la_sa_lm_sm_block.reg_data_form_id_128\[7\],63.84
register_file.registerFile\[6\]\[12\],63.805
_04293_,63.72
clknet_leaf_68_clk,63.72
register_file.registerFile\[5\]\[15\],63.68
clknet_leaf_170_clk,63.64
_04794_,63.56
bht_lut.pc_from_id\[13\],63.54
_04692_,63.44
_05631_,63.38
_04792_,63.36
_04622_,63.28
register_file.registerFile\[5\]\[13\],63.28
_02331_,63.26
_05739_,63.18
bht_lut.branchHistoryTable\[6\]\[26\],63.14
_06328_,63.12
_06582_,63.06
_03192_,63
_06192_,63
dmem.ram\[63\]\[12\],62.97
_05348_,62.92
_05785_,62.88
bht_lut.branchHistoryTable\[5\]\[17\],62.835
_02396_,62.82
_07687_,62.8
_05395_,62.72
register_file.registerFile\[2\]\[5\],62.645
_04324_,62.6
pc_data_select.B\[10\],62.6
_02891_,62.54
_08253_,62.54
_02325_,62.5
bht_lut.branchHistoryTable\[7\]\[24\],62.475
_07716_,62.44
dmem.ram\[63\]\[13\],62.44
_05991_,62.42
clknet_leaf_139_clk,62.4
bht_lut.branchHistoryTable\[1\]\[18\],62.355
register_file.registerFile\[4\]\[4\],62.34
_05664_,62.32
bht_lut.branchHistoryTable\[4\]\[27\],62.31
la_sa_lm_sm_block.reg_data_form_id_128\[12\],62.3
_05607_,62.26
_05949_,62.26
register_file.registerFile\[5\]\[8\],62.24
clknet_leaf_205_clk,62.2
_07523_,62.18
bht_lut.pc_from_ex\[10\],62.17
_03533_,62.1
ex_mem_pipe_reg.Rd_Addr_Out_PR\[2\],62.1
_05792_,62.08
bht_lut.branchHistoryTable\[7\]\[27\],62.08
net1797,62.08
_05908_,62.04
_05614_,61.98
_06561_,61.86
register_file.registerFile\[4\]\[0\],61.82
register_file.registerFile\[3\]\[5\],61.78
_03039_,61.675
_04416_,61.66
bht_lut.branchHistoryTable\[6\]\[29\],61.625
_05484_,61.58
_05623_,61.52
_05870_,61.5
bht_lut.branchHistoryTable\[7\]\[25\],61.495
_03429_,61.42
_06586_,61.38
id_rr_pipe_reg.pc_next_out\[14\],61.26
_05372_,61.25
_02651_,61.24
_05548_,61.22
_07960_,61.16
_07990_,61.15
_08043_,61.08
_08205_,61.04
_04902_,61.02
_05421_,61.02
_05467_,61
clknet_leaf_11_clk,60.98
clknet_leaf_49_clk,60.98
clknet_leaf_154_clk,60.98
_02876_,60.96
_05606_,60.92
bht_lut.branchHistoryTable\[6\]\[27\],60.87
register_file.registerFile\[0\]\[10\],60.8
_02336_,60.76
net532,60.74
_03044_,60.62
register_file.registerFile\[6\]\[7\],60.61
clknet_leaf_96_clk,60.58
_03041_,60.54
_04092_,60.45
_05746_,60.44
_06520_,60.38
_05510_,60.36
bht_lut.branchHistoryTable\[6\]\[21\],60.32
_04267_,60.28
clknet_leaf_55_clk,60.24
register_file.registerFile\[0\]\[9\],60.22
_04160_,60.14
bht_lut.branchHistoryTable\[0\]\[21\],60.13
_05268_,60.1
_06356_,60.08
clknet_leaf_67_clk,60.08
alu_control.instr\[5\],60.04
dmem.ram\[42\]\[11\],59.98
_04559_,59.96
bht_lut.branchHistoryTable\[5\]\[21\],59.94
clknet_leaf_161_clk,59.92
_02611_,59.88
_03486_,59.86
_07989_,59.86
_04266_,59.82
_07611_,59.8
_05539_,59.78
clknet_leaf_97_clk,59.78
register_file.registerFile\[1\]\[15\],59.76
bht_lut.branchHistoryTable\[5\]\[18\],59.75
_05034_,59.74
forwardlogic.rs2_addr_rr_ex\[1\],59.62
_06069_,59.6
_05952_,59.54
clknet_leaf_208_clk,59.46
_04567_,59.44
clknet_leaf_181_clk,59.38
_06255_,59.375
clknet_leaf_153_clk,59.36
register_file.registerFile\[6\]\[1\],59.245
_05657_,59.24
_04658_,59.17
_07715_,59.16
clknet_leaf_57_clk,59.16
bht_lut.branchHistoryTable\[7\]\[18\],59.13
_03272_,59.1
_04485_,59.08
forwardlogic.rs1_addr_rr_ex\[0\],59.08
bht_lut.branchHistoryTable\[1\]\[29\],58.975
_03484_,58.9
dmem.ram\[40\]\[6\],58.9
_06032_,58.74
register_file.registerFile\[3\]\[14\],58.74
_02897_,58.7
clknet_leaf_27_clk,58.7
bht_lut.branchHistoryTable\[2\]\[30\],58.68
_02323_,58.66
_05059_,58.6
forwardlogic.rs2_addr_rr_ex\[2\],58.54
dmem.ram\[57\]\[13\],58.5
_07681_,58.48
bht_lut.branchHistoryTable\[6\]\[17\],58.48
_04204_,58.44
_02324_,58.4
net21,58.38
clknet_leaf_182_clk,58.38
bht_lut.branchHistoryTable\[2\]\[27\],58.355
_02940_,58.34
_04316_,58.28
_03532_,58.25
_07592_,58.24
_07959_,58.2
dmem.ram\[40\]\[2\],58.16
_05441_,58.14
_03397_,58.08
_05905_,58.08
_04376_,57.98
clknet_leaf_243_clk,57.98
_07712_,57.96
_07954_,57.96
_06684_,57.94
_07692_,57.9
forwardlogic.rs1_addr_rr_ex\[2\],57.72
clknet_leaf_148_clk,57.66
dmem.ram\[33\]\[13\],57.62
_03196_,57.6
_05339_,57.6
bht_lut.pc_from_ex\[4\],57.58
rr_ex_pipe_reg.RF_D2_Out\[6\],57.54
_04432_,57.52
_05273_,57.5
_04512_,57.48
_03165_,57.46
_05413_,57.46
_02904_,57.41
_04262_,57.32
clknet_leaf_199_clk,57.3
clknet_leaf_14_clk,57.28
_02822_,57.22
bht_lut.branchHistoryTable\[7\]\[26\],57.21
clknet_leaf_192_clk,57.12
_05294_,57
_07524_,56.99
dmem.ram\[33\]\[12\],56.98
_04289_,56.96
_03205_,56.92
_07673_,56.76
register_file.registerFile\[2\]\[14\],56.745
_04530_,56.74
bht_lut.branchHistoryTable\[6\]\[18\],56.74
clknet_leaf_186_clk,56.66
register_file.registerFile\[4\]\[6\],56.64
_02967_,56.62
_03354_,56.62
pc_data_select.B\[4\],56.59
bht_lut.branchHistoryTable\[2\]\[24\],56.58
dmem.ram\[32\]\[10\],56.58
_05360_,56.56
bht_lut.branchHistoryTable\[7\]\[32\],56.54
clknet_leaf_156_clk,56.44
_04515_,56.4
_05663_,56.4
_00016_,56.345
_05250_,56.2
_08506_,56.2
pc_data_select.B\[7\],56.2
_00035_,56.14
_03197_,56.14
dmem.ram\[33\]\[10\],56.1
forwardlogic.rd_addr_mem_wb\[2\],56.06
_07544_,56.04
_05985_,56
_06372_,55.92
clknet_leaf_17_clk,55.82
_04115_,55.8
_06476_,55.8
_03220_,55.775
_02297_,55.7
_05453_,55.68
clknet_leaf_53_clk,55.68
_07184_,55.61
clknet_leaf_5_clk,55.61
dmem.ram\[10\]\[13\],55.53
_04472_,55.5
_03352_,55.48
bht_lut.branchHistoryTable\[6\]\[24\],55.48
bht_lut.branchHistoryTable\[3\]\[26\],55.47
_05527_,55.46
_06087_,55.4
_05473_,55.36
bht_lut.branchHistoryTable\[5\]\[24\],55.36
_06778_,55.34
_03212_,55.32
clknet_leaf_242_clk,55.32
_04398_,55.3
register_file.registerFile\[3\]\[4\],55.22
register_file.registerFile\[1\]\[6\],55.2
_04175_,55.16
bht_lut.branchHistoryTable\[2\]\[31\],55.1
bht_lut.branchHistoryTable\[0\]\[30\],55.08
clknet_leaf_51_clk,55.04
clknet_leaf_226_clk,54.94
_05409_,54.92
_02335_,54.9
_04677_,54.9
register_file.registerFile\[5\]\[4\],54.9
_04297_,54.88
_06193_,54.86
_02261_,54.78
_02334_,54.74
_07054_,54.7
bht_lut.branchHistoryTable\[5\]\[23\],54.68
_05151_,54.66
_05432_,54.62
rr_ex_pipe_reg.RF_D2_Out\[8\],54.61
_07706_,54.57
_03540_,54.56
_05782_,54.56
bht_lut.branchHistoryTable\[0\]\[22\],54.4
pc_data_select.B\[6\],54.33
register_file.registerFile\[6\]\[11\],54.25
_05308_,54.18
bht_lut.branchHistoryTable\[7\]\[29\],54.15
_03315_,54.14
_04112_,53.84
_07674_,53.82
_04172_,53.78
_02808_,53.66
_05457_,53.66
bht_lut.branchHistoryTable\[0\]\[32\],53.64
_05862_,53.46
dmem.mem_read_data\[4\],53.46
clknet_leaf_91_clk,53.46
bht_lut.branchHistoryTable\[3\]\[28\],53.38
clknet_leaf_64_clk,53.36
_05101_,53.34
dmem.ram\[43\]\[2\],53.26
register_file.registerFile\[0\]\[11\],53.26
_03191_,53.24
_04355_,53.24
bht_lut.branchHistoryTable\[6\]\[31\],53.22
dmem.ram\[35\]\[1\],53.22
_04397_,53.04
_02329_,52.98
_07597_,52.96
dmem.ram\[33\]\[5\],52.9
_04362_,52.86
_04614_,52.84
_05817_,52.82
register_file.registerFile\[3\]\[8\],52.76
clknet_leaf_142_clk,52.75
_05742_,52.71
clknet_leaf_168_clk,52.7
register_file.registerFile\[6\]\[15\],52.685
bht_lut.branchHistoryTable\[4\]\[26\],52.66
bht_lut.branchHistoryTable\[5\]\[27\],52.655
_03190_,52.6
_04348_,52.5
_05105_,52.46
_06378_,52.445
_05506_,52.42
_05867_,52.42
clknet_leaf_85_clk,52.42
clknet_leaf_222_clk,52.38
clknet_leaf_54_clk,52.26
_04191_,52.2
_05368_,52.12
bht_lut.branchHistoryTable\[1\]\[32\],52.12
ex_mem_pipe_reg.Rd_Addr_Out_PR\[0\],52.1
clknet_leaf_244_clk,52.06
_04404_,52.04
clknet_leaf_204_clk,52.04
_05384_,52
rr_ex_pipe_reg.RF_D2_Out\[13\],51.94
_05267_,51.91
net549,51.88
bht_lut.branchHistoryTable\[1\]\[20\],51.855
_05809_,51.82
_04304_,51.725
dmem.ram\[57\]\[11\],51.66
_04222_,51.64
_02238_,51.62
_07676_,51.42
rr_ex_pipe_reg.RF_D2_Out\[14\],51.42
_07558_,51.4
dmem.ram\[43\]\[10\],51.4
clknet_leaf_37_clk,51.395
_05864_,51.38
_04194_,51.3
dmem.ram\[19\]\[11\],51.28
_04517_,51.26
_02889_,51.25
_06416_,51.24
_04456_,51.16
dmem.ram\[40\]\[10\],51.15
register_file.registerFile\[5\]\[5\],51.14
mem_wb_pipeline_reg.Rd_Data_Out_PR\[12\],51.1
_04506_,51.08
_06291_,51.08
_03577_,51.04
dmem.ram\[12\]\[10\],51.04
dmem.ram\[40\]\[7\],51.005
_07670_,50.885
_02670_,50.82
_08475_,50.82
mem_wb_pipeline_reg.Rd_Data_Out_PR\[8\],50.81
_07578_,50.8
bht_lut.branchHistoryTable\[2\]\[32\],50.78
_04309_,50.7
dmem.ram\[41\]\[7\],50.58
_04626_,50.56
_04789_,50.46
_06026_,50.46
dmem.ram\[49\]\[12\],50.46
rr_ex_pipe_reg.RF_D2_Out\[7\],50.46
_05424_,50.42
_05390_,50.38
_05478_,50.33
_05502_,50.32
_03624_,50.26
_05047_,50.26
dmem.ram\[46\]\[10\],50.205
bht_lut.branchHistoryTable\[0\]\[24\],50.2
_06604_,50.14
_03049_,50.12
_06427_,50.08
_04420_,50
_07571_,50
net100,50
_03267_,49.96
net623,49.94
_07591_,49.9
clknet_leaf_235_clk,49.86
_05007_,49.84
_07644_,49.78
_02277_,49.76
net39,49.74
_05276_,49.72
_07667_,49.72
_04098_,49.7
_04248_,49.7
pc_data_select.B\[15\],49.69
_03252_,49.64
_05091_,49.64
dmem.ram\[32\]\[6\],49.59
net617,49.58
register_file.registerFile\[2\]\[8\],49.545
_04496_,49.52
_05523_,49.44
dmem.ram\[12\]\[7\],49.29
_05465_,49.28
_06996_,49.28
clknet_leaf_218_clk,49.24
dmem.ram\[59\]\[12\],49.14
_05471_,49.12
_03216_,49.1
_05394_,49.04
dmem.ram\[38\]\[10\],49.01
_05518_,48.94
clknet_leaf_10_clk,48.92
_04892_,48.9
dmem.ram\[59\]\[13\],48.8
dmem.ram\[57\]\[10\],48.78
_02603_,48.745
clknet_leaf_15_clk,48.72
_02980_,48.7
clknet_leaf_39_clk,48.7
_08425_,48.68
dmem.ram\[33\]\[11\],48.68
_04197_,48.67
_04849_,48.64
dmem.ram\[41\]\[2\],48.62
_06327_,48.52
_07583_,48.5
dmem.ram\[40\]\[5\],48.5
_04351_,48.48
bht_lut.branchHistoryTable\[3\]\[25\],48.39
_02322_,48.38
_03530_,48.33
dmem.ram\[35\]\[0\],48.28
_02809_,48.24
_05429_,48.24
dmem.ram\[32\]\[4\],48.19
register_file.registerFile\[4\]\[14\],48.16
_05162_,48.12
dmem.ram\[57\]\[12\],48.12
register_file.registerFile\[1\]\[12\],48.12
dmem.ram\[17\]\[14\],48.08
_04388_,48.02
_01428_,47.995
mem_wb_pipeline_reg.Rd_Data_Out_PR\[9\],47.98
_06370_,47.92
_02825_,47.85
clknet_leaf_25_clk,47.78
clknet_leaf_143_clk,47.78
_04422_,47.76
bht_lut.branchHistoryTable\[6\]\[25\],47.74
_04178_,47.7
_04891_,47.7
clknet_leaf_196_clk,47.7
_02208_,47.66
dmem.ram\[59\]\[2\],47.62
_04357_,47.6
_07961_,47.56
_05560_,47.52
_04181_,47.5
_04731_,47.48
bht_lut.branchHistoryTable\[7\]\[23\],47.48
clknet_leaf_81_clk,47.42
_05001_,47.4
_05780_,47.4
_03543_,47.38
_04294_,47.34
_04468_,47.34
_06248_,47.34
_05874_,47.32
register_file.registerFile\[1\]\[14\],47.32
_06304_,47.28
dmem.ram\[12\]\[2\],47.24
bht_lut.branchHistoryTable\[4\]\[25\],47.215
dmem.ram\[53\]\[2\],47.2
_05462_,47.18
_08232_,47.18
bht_lut.branchHistoryTable\[6\]\[28\],47.165
register_file.registerFile\[1\]\[5\],47.14
_07230_,47.12
_03291_,47.1
_05133_,47.06
bht_lut.branchHistoryTable\[4\]\[32\],47.06
_04790_,46.97
_06588_,46.96
dmem.ram\[35\]\[7\],46.85
_05622_,46.76
dmem.ram\[42\]\[7\],46.68
_04441_,46.64
_03645_,46.6
_04342_,46.6
_04313_,46.58
_03583_,46.52
_05157_,46.52
bht_lut.branchHistoryTable\[6\]\[23\],46.52
id_rr_pipe_reg.instr_out\[13\],46.5
_03285_,46.44
bht_lut.branchHistoryTable\[2\]\[29\],46.43
bht_lut.branchHistoryTable\[1\]\[19\],46.415
_05440_,46.4
_05891_,46.4
dmem.ram\[19\]\[2\],46.36
rr_ex_pipe_reg.RF_D2_Out\[9\],46.36
_03646_,46.34
_05551_,46.22
dmem.ram\[29\]\[10\],46.2
dmem.ram\[22\]\[13\],46.15
_04903_,46.04
dmem.ram\[59\]\[10\],46.04
_04676_,46.02
_02592_,45.94
dmem.mem_read_data\[5\],45.86
_02635_,45.84
_05626_,45.84
dmem.ram\[12\]\[5\],45.8
bht_lut.branchHistoryTable\[0\]\[29\],45.795
forwardlogic.rs1_addr_rr_ex\[1\],45.78
_03509_,45.72
_04198_,45.68
clknet_leaf_129_clk,45.66
_05336_,45.64
_03526_,45.6
_05461_,45.6
dmem.ram\[49\]\[11\],45.59
_02943_,45.58
dmem.ram\[43\]\[5\],45.56
net371,45.54
net102,45.52
_04571_,45.5
la_sa_lm_sm_block.reg_data_form_id_128\[5\],45.48
clknet_leaf_216_clk,45.44
bht_lut.branchHistoryTable\[2\]\[28\],45.42
bht_lut.branchHistoryTable\[6\]\[32\],45.3
_04450_,45.26
_05597_,45.26
forwardlogic.rs2_addr_rr_ex\[0\],45.14
bht_lut.branchHistoryTable\[2\]\[20\],45.08
_05676_,45.04
_03460_,45
dmem.ram\[12\]\[1\],44.98
register_file.registerFile\[1\]\[4\],44.94
id_rr_pipe_reg.instr_out\[12\],44.92
_04461_,44.9
dmem.ram\[56\]\[11\],44.86
_05143_,44.84
_05515_,44.82
bht_lut.branchHistoryTable\[5\]\[32\],44.82
register_file.registerFile\[0\]\[7\],44.82
_03529_,44.8
_06818_,44.795
_05796_,44.78
_04521_,44.76
_08382_,44.72
_08486_,44.72
_04491_,44.68
_04873_,44.68
_06121_,44.58
_05883_,44.52
_04839_,44.42
_03644_,44.38
_07709_,44.38
_04632_,44.36
_02909_,44.26
dmem.ram\[14\]\[12\],44.19
net205,44.16
bht_lut.branchHistoryTable\[1\]\[23\],44.07
id_rr_pipe_reg.cntrl_out\[0\],44.06
bht_lut.branchHistoryTable\[2\]\[21\],44.05
clknet_leaf_212_clk,44.04
_04333_,44.02
clknet_leaf_141_clk,44
dmem.ram\[23\]\[3\],43.98
_05057_,43.96
dmem.ram\[32\]\[5\],43.94
_04226_,43.88
_02941_,43.76
_03247_,43.76
pc_data_select.B\[0\],43.75
dmem.ram\[31\]\[4\],43.72
_05911_,43.66
dmem.ram\[61\]\[5\],43.62
dmem.ram\[41\]\[5\],43.6
bht_lut.branchHistoryTable\[6\]\[30\],43.58
dmem.ram\[12\]\[13\],43.58
pc_data_select.B\[13\],43.48
_05417_,43.44
pc_data_select.B\[2\],43.43
_02236_,43.42
_04166_,43.34
dmem.ram\[60\]\[5\],43.28
_08280_,43.22
dmem.ram\[24\]\[9\],43.2
instr_mem1.rom\[8\]\[4\],43.15
_03251_,43.08
dmem.ram\[17\]\[3\],43.08
register_file.registerFile\[6\]\[13\],43.07
_06001_,43.06
_06371_,43.06
_07404_,43.005
register_file.registerFile\[6\]\[14\],43.005
_03434_,43
rr_ex_pipe_reg.RF_D2_Out\[10\],43
_04558_,42.96
clknet_leaf_80_clk,42.94
bht_lut.branchHistoryTable\[7\]\[28\],42.9
clknet_leaf_63_clk,42.9
_08438_,42.84
_07539_,42.8
dmem.ram\[38\]\[2\],42.68
_02525_,42.64
_03599_,42.64
dmem.ram\[49\]\[10\],42.64
rr_ex_pipe_reg.RF_D3_From_WB_Out\[4\],42.62
ex_mem_pipe_reg.Rd_Addr_Out_PR\[1\],42.6
_05322_,42.58
_03472_,42.56
bht_lut.branchHistoryTable\[1\]\[25\],42.545
_04566_,42.5
_05878_,42.5
_07629_,42.44
la_sa_lm_sm_block.reg_data_form_id_128\[10\],42.42
dmem.ram\[40\]\[0\],42.38
dmem.ram\[40\]\[3\],42.38
_05029_,42.34
_05281_,42.34
rr_ex_pipe_reg.RF_D3_From_WB_Out\[1\],42.32
bht_lut.branchHistoryTable\[5\]\[25\],42.285
_07680_,42.265
dmem.ram\[38\]\[7\],42.235
bht_lut.branchHistoryTable\[5\]\[29\],42.22
dmem.ram\[38\]\[4\],42.155
_04690_,42.08
_04944_,42.08
_05993_,42.08
_04419_,42.06
_05516_,42
_08037_,42
dmem.ram\[40\]\[11\],41.98
_04409_,41.82
_03576_,41.8
_05347_,41.8
bht_lut.branchHistoryTable\[0\]\[31\],41.8
net610,41.76
_02187_,41.74
mem_wb_pipeline_reg.Rd_Data_Out_PR\[10\],41.68
ex_mem_pipe_reg.RF_D2_Out\[1\],41.64
_07665_,41.62
_04667_,41.58
dmem.ram\[38\]\[5\],41.575
_06129_,41.57
pc_data_select.B\[11\],41.54
bht_lut.branchHistoryTable\[3\]\[32\],41.52
_04883_,41.5
register_file.registerFile\[6\]\[6\],41.49
_07636_,41.48
_03479_,41.46
dmem.ram\[5\]\[2\],41.44
net619,41.42
_03186_,41.34
clknet_leaf_48_clk,41.32
_05940_,41.26
_04549_,41.24
instr_mem1.rom\[8\]\[12\],41.22
_03554_,41.2
_05944_,41.2
_07658_,41.2
_03459_,41.18
dmem.ram\[59\]\[4\],41.18
_03263_,41.16
ex_mem_pipe_reg.RF_D2_Out\[10\],41.16
_02970_,41.12
_05655_,41.12
_03630_,41.06
la_sa_lm_sm_block.reg_data_form_id_128\[0\],41.04
dmem.ram\[12\]\[3\],41
pc_data_select.B\[1\],40.97
register_file.registerFile\[0\]\[6\],40.97
_06112_,40.96
bht_lut.branchHistoryTable\[4\]\[29\],40.92
dmem.ram\[38\]\[11\],40.87
_07807_,40.84
_00005_,40.805
_06605_,40.78
_02863_,40.76
_03412_,40.74
_04642_,40.74
_05903_,40.74
bht_lut.branchHistoryTable\[0\]\[23\],40.74
dmem.ram\[37\]\[4\],40.74
_07649_,40.7
_02807_,40.68
register_file.registerFile\[0\]\[5\],40.66
dmem.ram\[17\]\[1\],40.64
_02558_,40.62
dmem.ram\[47\]\[2\],40.62
net101,40.54
la_sa_lm_sm_block.reg_data_form_id_128\[6\],40.5
dmem.ram\[51\]\[1\],40.49
bht_lut.branchHistoryTable\[0\]\[18\],40.48
_04987_,40.38
_02846_,40.36
_04686_,40.32
_04850_,40.3
_04901_,40.3
_03274_,40.28
dmem.ram\[32\]\[11\],40.26
register_file.registerFile\[4\]\[5\],40.26
_02619_,40.24
_04364_,40.24
_04925_,40.24
_05909_,40.24
_05919_,40.235
_02257_,40.2
_05229_,40.18
_05960_,40.18
_03652_,40.08
bht_lut.branchHistoryTable\[3\]\[23\],40.07
dmem.ram\[62\]\[11\],40.07
_05161_,40.06
clknet_leaf_8_clk,40.02
_05212_,40
dmem.ram\[23\]\[5\],39.96
bht_lut.branchHistoryTable\[3\]\[18\],39.955
bht_lut.branchHistoryTable\[1\]\[17\],39.915
_02873_,39.88
net37,39.88
dmem.ram\[34\]\[4\],39.86
dmem.ram\[17\]\[5\],39.84
_03565_,39.78
_04955_,39.76
_07677_,39.76
dmem.ram\[19\]\[4\],39.76
rr_ex_pipe_reg.RF_D3_From_WB_Out\[8\],39.76
_04264_,39.74
_04767_,39.72
_02550_,39.7
la_sa_lm_sm_block.reg_data_form_id_128\[8\],39.7
dmem.ram\[42\]\[5\],39.64
_05788_,39.58
_05837_,39.56
_07572_,39.54
_01430_,39.455
_07393_,39.45
dmem.ram\[20\]\[13\],39.44
bht_lut.branchHistoryTable\[5\]\[26\],39.4
alu_control.aluCtrlOp\[1\],39.39
dmem.mem_read_data\[9\],39.38
dmem.ram\[46\]\[11\],39.365
dmem.ram\[19\]\[10\],39.32
_04719_,39.28
dmem.ram\[40\]\[1\],39.26
dmem.ram\[14\]\[13\],39.23
_04451_,39.2
_06495_,39.16
bht_lut.branchHistoryTable\[3\]\[29\],39.155
clknet_leaf_174_clk,39.14
dmem.ram\[21\]\[1\],39.135
register_file.registerFile\[4\]\[13\],39.12
_04466_,39.04
_04605_,39.02
_03623_,38.98
dmem.ram\[23\]\[2\],38.96
_06260_,38.945
pc_data_select.B\[5\],38.88
_04573_,38.86
bht_lut.branchHistoryTable\[1\]\[22\],38.86
_04343_,38.855
_08449_,38.84
_05662_,38.82
dmem.ram\[55\]\[2\],38.78
dmem.ram\[45\]\[12\],38.76
_04471_,38.72
_05385_,38.72
net23,38.72
_05470_,38.7
dmem.ram\[41\]\[3\],38.7
_01128_,38.685
_05109_,38.66
_02579_,38.56
_05535_,38.52
bht_lut.branchHistoryTable\[6\]\[19\],38.52
_03633_,38.44
_04821_,38.44
_05081_,38.44
bht_lut.branchHistoryTable\[2\]\[17\],38.42
dmem.ram\[50\]\[10\],38.42
_04697_,38.38
_04953_,38.34
instr_mem1.rom\[0\]\[12\],38.32
_04171_,38.26
_08466_,38.24
net1238,38.235
_02987_,38.22
dmem.ram\[61\]\[3\],38.22
_04753_,38.14
_07351_,38.12
_07516_,38.06
dmem.ram\[19\]\[13\],38.06
_05178_,38.04
_05269_,38.02
_06286_,38.02
dmem.ram\[53\]\[3\],38.02
_05494_,37.98
instr_mem1.rom\[8\]\[5\],37.98
_00004_,37.965
ex_mem_pipe_reg.RF_D2_Out\[0\],37.94
_07596_,37.92
_02660_,37.86
_05593_,37.84
dmem.ram\[53\]\[1\],37.82
_01825_,37.8
_08414_,37.8
bht_lut.branchHistoryTable\[1\]\[31\],37.78
instr_mem1.rom\[10\]\[6\],37.765
rr_ex_pipe_reg.RF_D3_From_WB_Out\[15\],37.76
_02804_,37.66
la_sa_lm_sm_block.reg_data_form_id_128\[3\],37.64
_08307_,37.6
_04897_,37.56
_08397_,37.52
dmem.ram\[21\]\[2\],37.52
_04845_,37.48
dmem.mem_read_data\[14\],37.46
dmem.ram\[56\]\[12\],37.46
dmem.ram\[58\]\[12\],37.46
dmem.ram\[33\]\[3\],37.42
_08227_,37.4
dmem.ram\[17\]\[2\],37.34
net472,37.34
_03256_,37.32
dmem.ram\[42\]\[2\],37.32
dmem.ram\[45\]\[9\],37.32
dmem.ram\[30\]\[11\],37.31
_03518_,37.3
_03616_,37.3
_04366_,37.26
_02542_,37.22
dmem.ram\[49\]\[13\],37.21
_05829_,37.2
_02568_,37.18
dmem.ram\[51\]\[14\],37.16
dmem.ram\[48\]\[2\],37.14
dmem.ram\[60\]\[2\],37.14
_03284_,37.12
_05183_,37.06
bht_lut.branchHistoryTable\[2\]\[25\],37.05
_02799_,37.04
dmem.ram\[32\]\[13\],37.04
net137,37.04
dmem.ram\[40\]\[4\],37.035
dmem.ram\[45\]\[0\],37.02
_05823_,37
dmem.ram\[32\]\[12\],36.98
register_file.registerFile\[0\]\[15\],36.94
_03627_,36.92
_07283_,36.92
_06340_,36.82
dmem.ram\[1\]\[12\],36.78
_03606_,36.76
dmem.ram\[40\]\[13\],36.76
register_file.registerFile\[0\]\[14\],36.76
_07640_,36.74
dmem.ram\[36\]\[0\],36.74
_04864_,36.7
dmem.ram\[45\]\[14\],36.7
_04977_,36.64
dmem.ram\[35\]\[3\],36.64
_02513_,36.56
_04528_,36.54
dmem.ram\[53\]\[5\],36.54
_05525_,36.52
_05827_,36.52
_06590_,36.52
la_sa_lm_sm_block.reg_data_form_id_128\[14\],36.52
dmem.ram\[18\]\[11\],36.485
_04831_,36.44
bht_lut.branchHistoryTable\[0\]\[20\],36.42
_08392_,36.4
bht_lut.branchHistoryTable\[1\]\[24\],36.26
_04616_,36.24
_05745_,36.2
dmem.ram\[46\]\[12\],36.17
bht_lut.branchHistoryTable\[2\]\[18\],36.15
_05481_,36.14
ex_mem_pipe_reg.Instr_Out\[14\],36.1
_03444_,36.08
dmem.ram\[60\]\[3\],36.06
instr_mem1.rom\[8\]\[13\],36.06
bht_lut.branchHistoryTable\[4\]\[21\],36.03
bht_lut.branchHistoryTable\[3\]\[31\],36.02
bht_lut.branchHistoryTable\[5\]\[28\],36.02
_02969_,36.01
_05915_,36
_04935_,35.98
dmem.ram\[1\]\[9\],35.98
_05850_,35.96
net616,35.9
_07618_,35.86
dmem.ram\[42\]\[3\],35.8
dmem.ram\[34\]\[13\],35.74
net624,35.74
_04087_,35.72
_04527_,35.7
dmem.ram\[56\]\[2\],35.62
_04474_,35.6
_05474_,35.58
_04535_,35.56
dmem.ram\[50\]\[11\],35.56
_04812_,35.54
_07442_,35.53
_05524_,35.52
dmem.mem_read_data\[6\],35.52
register_file.registerFile\[1\]\[8\],35.505
_06478_,35.48
dmem.ram\[59\]\[5\],35.46
_01151_,35.425
_02259_,35.42
dmem.ram\[14\]\[10\],35.345
_04159_,35.34
_04781_,35.32
dmem.ram\[17\]\[0\],35.32
_07355_,35.28
dmem.ram\[43\]\[3\],35.28
_05755_,35.22
_05840_,35.2
_05547_,35.18
_03609_,35.16
_04174_,35.08
dmem.ram\[1\]\[13\],35.02
rr_ex_pipe_reg.RF_D2_Out\[11\],35.02
_04120_,35
dmem.ram\[50\]\[3\],34.98
dmem.ram\[48\]\[10\],34.96
_06290_,34.93
_05369_,34.92
clknet_leaf_1_clk,34.86
_02945_,34.8
_05956_,34.8
_05978_,34.8
_03468_,34.78
dmem.ram\[41\]\[4\],34.74
net561,34.72
dmem.ram\[34\]\[3\],34.68
_03316_,34.66
dmem.ram\[28\]\[4\],34.65
_03848_,34.64
dmem.ram\[19\]\[12\],34.62
_04269_,34.58
_06137_,34.58
bht_lut.branchHistoryTable\[3\]\[20\],34.56
_04066_,34.52
net1522,34.52
bht_lut.branchHistoryTable\[2\]\[22\],34.46
_07662_,34.44
dmem.ram\[45\]\[1\],34.44
dmem.ram\[35\]\[5\],34.42
_03600_,34.38
_05005_,34.38
_04999_,34.36
register_file.registerFile\[4\]\[15\],34.335
_03426_,34.32
_04272_,34.32
_07555_,34.3
dmem.ram\[25\]\[12\],34.3
net115,34.3
dmem.ram\[16\]\[3\],34.28
instr_mem1.rom\[10\]\[7\],34.26
la_sa_lm_sm_block.reg_data_form_id_128\[9\],34.26
rr_ex_pipe_reg.RF_D3_From_WB_Out\[13\],34.24
_04851_,34.2
_07522_,34.16
dmem.ram\[41\]\[13\],34.14
instr_mem1.rom\[8\]\[2\],34.12
dmem.ram\[34\]\[12\],34.1
dmem.ram\[36\]\[11\],34.04
bht_lut.branchHistoryTable\[3\]\[17\],33.985
_05627_,33.96
dmem.ram\[32\]\[1\],33.96
dmem.ram\[6\]\[14\],33.905
dmem.ram\[43\]\[4\],33.9
_06320_,33.86
_07612_,33.86
dmem.ram\[36\]\[4\],33.86
dmem.ram\[22\]\[4\],33.845
dmem.ram\[55\]\[4\],33.84
_07438_,33.815
dmem.ram\[45\]\[13\],33.76
dmem.ram\[56\]\[10\],33.72
dmem.ram\[1\]\[10\],33.68
dmem.ram\[51\]\[2\],33.64
dmem.ram\[45\]\[10\],33.56
_04954_,33.52
_04299_,33.515
_08434_,33.47
dmem.ram\[21\]\[5\],33.47
bht_lut.branchHistoryTable\[2\]\[19\],33.46
_05821_,33.425
_05669_,33.38
dmem.ram\[22\]\[2\],33.37
_05006_,33.36
dmem.ram\[16\]\[15\],33.36
net97,33.34
dmem.ram\[19\]\[3\],33.32
dmem.ram\[56\]\[4\],33.3
_04152_,33.28
_06598_,33.28
dmem.ram\[59\]\[0\],33.26
_04360_,33.22
dmem.ram\[0\]\[3\],33.22
_07645_,33.2
_04995_,33.18
_06012_,33.18
_03445_,33.16
_07429_,33.16
dmem.ram\[57\]\[5\],33.16
_05846_,33.14
dmem.ram\[56\]\[3\],33.12
_06445_,33.08
dmem.ram\[16\]\[14\],33.08
dmem.ram\[48\]\[3\],33.06
dmem.ram\[44\]\[5\],33.04
id_rr_pipe_reg.spec_taken_out,33.04
_06141_,33
dmem.ram\[18\]\[10\],32.965
_05436_,32.96
dmem.ram\[8\]\[13\],32.96
dmem.ram\[7\]\[14\],32.94
_02534_,32.92
bht_lut.branchHistoryTable\[5\]\[19\],32.91
_06135_,32.9
dmem.ram\[58\]\[10\],32.9
dmem.ram\[37\]\[2\],32.86
net131,32.86
_05575_,32.84
dmem.ram\[47\]\[3\],32.82
_05480_,32.8
dmem.ram\[21\]\[4\],32.76
_04069_,32.75
dmem.ram\[1\]\[2\],32.74
_03273_,32.72
_08256_,32.7
bht_lut.branchHistoryTable\[1\]\[27\],32.695
_05869_,32.68
_03593_,32.66
ex_mem_pipe_reg.RF_D2_Out\[6\],32.64
_04769_,32.62
_05418_,32.58
net257,32.56
_03651_,32.54
_05479_,32.54
_08358_,32.54
_07607_,32.505
instr_mem1.rom\[8\]\[0\],32.5
_07653_,32.48
_03454_,32.46
_03586_,32.46
_03611_,32.46
_05572_,32.46
_08384_,32.46
dmem.ram\[12\]\[12\],32.44
ex_mem_pipe_reg.RF_D1_Out\[0\],32.44
_03283_,32.42
_05445_,32.42
_07652_,32.4
dmem.ram\[16\]\[5\],32.395
_03226_,32.39
dmem.ram\[59\]\[3\],32.36
dmem.ram\[54\]\[13\],32.345
dmem.ram\[41\]\[12\],32.3
dmem.ram\[45\]\[3\],32.28
_04520_,32.26
_05696_,32.26
dmem.ram\[53\]\[14\],32.26
dmem.ram\[38\]\[8\],32.255
_05932_,32.24
_07359_,32.24
bht_lut.branchHistoryTable\[3\]\[24\],32.22
_04958_,32.16
_06145_,32.16
dmem.ram\[48\]\[1\],32.1
_07579_,32.08
_06105_,32.06
_07657_,32.02
_03654_,32
_05048_,32
_06264_,31.98
dmem.ram\[42\]\[13\],31.98
net703,31.98
_06447_,31.96
_03649_,31.92
_07347_,31.92
_04302_,31.9
dmem.ram\[19\]\[5\],31.9
dmem.ram\[61\]\[2\],31.9
instr_mem1.rom\[5\]\[12\],31.9
_05910_,31.88
net104,31.84
dmem.ram\[32\]\[0\],31.76
_06033_,31.74
bht_lut.branchHistoryTable\[7\]\[31\],31.72
dmem.ram\[41\]\[6\],31.72
dmem.ram\[59\]\[6\],31.72
dmem.ram\[57\]\[3\],31.7
dmem.ram\[19\]\[14\],31.68
_02857_,31.66
dmem.ram\[47\]\[4\],31.62
id_rr_pipe_reg.pc_next_out\[15\],31.6
net127,31.6
_05356_,31.56
_06430_,31.56
_05522_,31.54
_05801_,31.54
dmem.ram\[35\]\[10\],31.54
dmem.ram\[62\]\[12\],31.505
_04412_,31.5
_05833_,31.5
_05433_,31.48
alu_control.ALUControlIn\[1\],31.48
dmem.ram\[41\]\[15\],31.4
dmem.ram\[51\]\[11\],31.4
net497,31.38
dmem.ram\[11\]\[3\],31.32
dmem.ram\[43\]\[12\],31.32
instr_mem1.rom\[0\]\[13\],31.32
_04479_,31.3
_05787_,31.3
dmem.ram\[0\]\[9\],31.3
_07584_,31.26
dmem.ram\[26\]\[6\],31.225
dmem.ram\[8\]\[5\],31.22
_03539_,31.2
dmem.ram\[0\]\[2\],31.2
dmem.ram\[33\]\[14\],31.2
dmem.ram\[35\]\[2\],31.2
id_rr_pipe_reg.pc_next_out\[13\],31.2
dmem.ram\[22\]\[11\],31.175
_04859_,31.16
_08419_,31.16
dmem.ram\[28\]\[1\],31.16
dmem.ram\[0\]\[7\],31.14
_03620_,31.12
dmem.ram\[30\]\[2\],31.115
_02655_,31.08
dmem.ram\[42\]\[1\],31.08
la_sa_lm_sm_block.reg_data_form_id_128\[1\],31.08
_07977_,31.07
_05108_,31.06
bht_lut.branchHistoryTable\[3\]\[21\],31.06
dmem.ram\[26\]\[4\],31.05
dmem.ram\[37\]\[3\],31.04
_04281_,31
dmem.ram\[48\]\[4\],31
dmem.ram\[45\]\[8\],30.98
bht_lut.branchHistoryTable\[4\]\[22\],30.955
_08504_,30.94
dmem.ram\[47\]\[11\],30.94
dmem.ram\[53\]\[0\],30.93
dmem.mem_read_data\[7\],30.92
_03255_,30.88
_05517_,30.82
dmem.ram\[28\]\[3\],30.82
_05834_,30.8
dmem.ram\[48\]\[12\],30.8
_07422_,30.78
_03536_,30.74
_04916_,30.74
_08360_,30.74
id_rr_pipe_reg.pc_next_out\[4\],30.74
_04371_,30.72
rr_ex_pipe_reg.RF_D3_From_WB_Out\[6\],30.72
_03456_,30.7
_05692_,30.7
dmem.ram\[53\]\[13\],30.695
_01835_,30.62
dmem.ram\[19\]\[9\],30.62
dmem.ram\[18\]\[3\],30.585
_07411_,30.58
_03208_,30.54
dmem.ram\[41\]\[1\],30.54
_02907_,30.52
_07602_,30.505
id_rr_pipe_reg.pc_next_out\[1\],30.5
dmem.ram\[12\]\[11\],30.48
dmem.ram\[58\]\[14\],30.48
_01834_,30.46
dmem.ram\[23\]\[1\],30.42
dmem.ram\[56\]\[5\],30.4
dmem.ram\[46\]\[13\],30.39
_05799_,30.34
_04949_,30.32
_07682_,30.32
_02983_,30.3
_03562_,30.28
_04363_,30.24
dmem.ram\[55\]\[3\],30.2
_05249_,30.16
_02192_,30.1
dmem.mem_read_data\[13\],30.1
_04093_,30.08
_05776_,30.08
_05569_,30.06
dmem.ram\[42\]\[6\],30.04
dmem.ram\[56\]\[13\],30.04
instr_mem1.rom\[12\]\[13\],30.04
_07654_,30
dmem.ram\[0\]\[1\],30
net788,30
_02181_,29.96
dmem.ram\[29\]\[2\],29.93
_04414_,29.92
_05971_,29.9
net660,29.9
bht_lut.branchHistoryTable\[5\]\[31\],29.86
dmem.ram\[42\]\[8\],29.86
dmem.ram\[24\]\[8\],29.84
_07433_,29.82
clknet_leaf_118_clk,29.82
dmem.ram\[11\]\[9\],29.8
dmem.ram\[2\]\[14\],29.795
_04645_,29.78
dmem.ram\[29\]\[12\],29.78
id_rr_pipe_reg.cntrl_out\[5\],29.78
_02828_,29.76
bht_lut.branchHistoryTable\[0\]\[28\],29.66
dmem.ram\[20\]\[14\],29.64
_02369_,29.62
_02978_,29.62
_03473_,29.6
_04165_,29.6
_08323_,29.58
dmem.ram\[44\]\[3\],29.48
dmem.ram\[48\]\[9\],29.46
_04253_,29.44
_05472_,29.44
dmem.ram\[21\]\[3\],29.42
dmem.ram\[55\]\[5\],29.42
_05262_,29.4
dmem.mem_read_data\[11\],29.4
dmem.ram\[12\]\[6\],29.4
dmem.ram\[53\]\[4\],29.4
_03619_,29.38
_07498_,29.38
_02224_,29.36
_05628_,29.36
_05703_,29.36
_07408_,29.36
_05270_,29.355
_05309_,29.32
dmem.ram\[20\]\[1\],29.32
dmem.ram\[51\]\[8\],29.32
dmem.mem_read_data\[1\],29.3
_04968_,29.28
dmem.ram\[34\]\[9\],29.28
dmem.ram\[50\]\[6\],29.28
_05153_,29.26
dmem.ram\[12\]\[0\],29.26
dmem.ram\[33\]\[1\],29.26
dmem.ram\[23\]\[7\],29.245
dmem.mem_read_data\[3\],29.2
net582,29.2
dmem.ram\[44\]\[8\],29.18
_07983_,29.14
instr_mem1.rom\[1\]\[13\],29.13
_06547_,29.12
bht_lut.branchHistoryTable\[4\]\[23\],29.12
dmem.ram\[22\]\[3\],29.115
bht_lut.pc_from_ex\[2\],29.1
dmem.ram\[5\]\[4\],29.1
dmem.ram\[13\]\[2\],29.08
id_rr_pipe_reg.pc_next_out\[6\],29.08
_08171_,29.06
_03482_,29.02
_03588_,29
_06207_,29
dmem.ram\[15\]\[12\],28.98
dmem.ram\[33\]\[9\],28.96
net99,28.96
_05768_,28.94
_05973_,28.94
dmem.ram\[38\]\[1\],28.935
dmem.ram\[38\]\[15\],28.915
_04841_,28.9
_07451_,28.9
_03498_,28.86
_04284_,28.84
dmem.ram\[9\]\[14\],28.84
_08413_,28.83
_05992_,28.82
_08444_,28.82
dmem.ram\[10\]\[12\],28.81
_05888_,28.78
_05053_,28.76
_03607_,28.72
_04070_,28.7
_05568_,28.7
_08345_,28.7
dmem.ram\[0\]\[14\],28.69
dmem.ram\[17\]\[4\],28.66
_04457_,28.62
dmem.ram\[44\]\[4\],28.62
dmem.ram\[56\]\[6\],28.62
_04574_,28.6
dmem.ram\[4\]\[8\],28.59
_02928_,28.58
dmem.ram\[26\]\[11\],28.565
dmem.ram\[26\]\[8\],28.565
_03559_,28.48
dmem.ram\[44\]\[10\],28.48
_05437_,28.44
dmem.ram\[58\]\[7\],28.44
dmem.ram\[30\]\[8\],28.425
dmem.ram\[25\]\[4\],28.42
_03485_,28.4
dmem.ram\[59\]\[15\],28.38
_03574_,28.36
_05176_,28.36
_05431_,28.36
_05585_,28.36
dmem.ram\[16\]\[11\],28.36
dmem.ram\[21\]\[14\],28.36
dmem.ram\[27\]\[9\],28.36
dmem.ram\[34\]\[15\],28.36
dmem.ram\[36\]\[2\],28.34
_06429_,28.32
dmem.ram\[12\]\[4\],28.3
dmem.ram\[62\]\[13\],28.25
dmem.ram\[42\]\[15\],28.24
dmem.ram\[42\]\[9\],28.24
dmem.ram\[45\]\[11\],28.235
dmem.ram\[2\]\[7\],28.215
_04996_,28.2
dmem.ram\[33\]\[8\],28.2
dmem.ram\[52\]\[7\],28.18
dmem.ram\[38\]\[9\],28.175
_03268_,28.16
rr_ex_pipe_reg.RF_D3_From_WB_Out\[9\],28.16
dmem.ram\[44\]\[9\],28.13
bht_lut.pointer\[1\],28.125
rr_ex_pipe_reg.RF_D3_From_WB_Out\[7\],28.12
rr_ex_pipe_reg.RF_D3_From_WB_Out\[11\],28.1
dmem.mem_read_data\[10\],28.06
dmem.ram\[50\]\[5\],28.04
_05969_,28.02
_03279_,27.985
_05828_,27.98
dmem.ram\[44\]\[2\],27.95
dmem.ram\[26\]\[9\],27.945
instr_mem1.rom\[1\]\[11\],27.94
_05072_,27.92
dmem.ram\[4\]\[4\],27.92
dmem.ram\[62\]\[10\],27.89
register_file.registerFile\[6\]\[4\],27.885
net103,27.88
dmem.ram\[54\]\[12\],27.825
_05271_,27.82
_07650_,27.82
_03550_,27.8
dmem.ram\[5\]\[1\],27.8
_05813_,27.78
dmem.ram\[8\]\[3\],27.78
dmem.ram\[59\]\[7\],27.74
dmem.ram\[1\]\[3\],27.72
_04565_,27.7
ex_mem_pipe_reg.RF_D2_Out\[8\],27.68
dmem.ram\[6\]\[5\],27.67
dmem.ram\[35\]\[13\],27.66
dmem.ram\[4\]\[14\],27.66
dmem.ram\[28\]\[11\],27.64
dmem.ram\[60\]\[4\],27.6
_03622_,27.56
_06407_,27.56
dmem.ram\[63\]\[11\],27.5
_03259_,27.48
dmem.ram\[52\]\[2\],27.48
instr_mem1.rom\[12\]\[14\],27.48
dmem.ram\[22\]\[15\],27.47
_03552_,27.44
_07944_,27.42
alu_control.instr\[3\],27.42
dmem.ram\[1\]\[8\],27.42
clknet_leaf_158_clk,27.4
dmem.ram\[42\]\[0\],27.38
dmem.ram\[56\]\[7\],27.38
_03198_,27.36
_03481_,27.36
_02938_,27.355
_03440_,27.34
_08499_,27.34
dmem.ram\[9\]\[15\],27.34
_03656_,27.32
rr_ex_pipe_reg.RF_D3_From_WB_Out\[5\],27.31
instr_mem1.rom\[2\]\[14\],27.305
dmem.ram\[48\]\[15\],27.29
_03639_,27.28
_07535_,27.26
_06424_,27.24
bht_lut.branchHistoryTable\[3\]\[22\],27.2
dmem.ram\[33\]\[15\],27.2
_06217_,27.18
_06534_,27.18
net1014,27.18
dmem.ram\[22\]\[12\],27.175
_05936_,27.16
dmem.ram\[51\]\[3\],27.16
_05383_,27.14
instr_mem1.rom\[1\]\[8\],27.14
_03282_,27.12
dmem.ram\[16\]\[10\],27.12
_05498_,27.1
_06014_,27.1
dmem.ram\[52\]\[3\],27.1
dmem.ram\[20\]\[2\],27.08
dmem.ram\[28\]\[2\],27.08
_07641_,27.06
dmem.ram\[56\]\[15\],27.06
id_rr_pipe_reg.pc_next_out\[7\],27.06
bht_lut.branchHistoryTable\[3\]\[19\],27.04
_07628_,27.02
alu_srcb_mux.sel\[1\],27
_04353_,26.98
_05343_,26.98
_06117_,26.98
_08440_,26.88
dmem.ram\[11\]\[6\],26.88
dmem.ram\[29\]\[14\],26.87
dmem.ram\[13\]\[4\],26.86
dmem.ram\[45\]\[4\],26.86
dmem.ram\[2\]\[11\],26.845
dmem.ram\[17\]\[7\],26.84
_07635_,26.82
dmem.ram\[23\]\[4\],26.82
dmem.ram\[59\]\[14\],26.82
dmem.mem_read_data\[15\],26.78
dmem.ram\[39\]\[11\],26.78
dmem.ram\[5\]\[15\],26.78
_05643_,26.76
_07623_,26.76
dmem.ram\[30\]\[12\],26.75
_03453_,26.74
dmem.ram\[27\]\[0\],26.74
net594,26.72
dmem.ram\[46\]\[5\],26.685
_02854_,26.68
_05039_,26.68
dmem.ram\[33\]\[6\],26.68
dmem.ram\[58\]\[5\],26.68
dmem.ram\[61\]\[4\],26.68
id_rr_pipe_reg.pc_next_out\[2\],26.66
dmem.ram\[7\]\[11\],26.63
dmem.ram\[57\]\[2\],26.62
_05576_,26.6
_07690_,26.6
dmem.ram\[32\]\[7\],26.6
_03595_,26.58
dmem.ram\[36\]\[3\],26.58
_05751_,26.52
dmem.ram\[8\]\[1\],26.52
dmem.ram\[30\]\[10\],26.465
_04413_,26.46
dmem.ram\[0\]\[13\],26.44
_04578_,26.42
dmem.ram\[18\]\[9\],26.405
dmem.ram\[40\]\[8\],26.4
_05507_,26.38
dmem.ram\[29\]\[13\],26.36
_05327_,26.32
dmem.ram\[50\]\[7\],26.3
_02848_,26.28
_06246_,26.28
_05232_,26.26
dmem.ram\[28\]\[0\],26.26
bht_lut.branchHistoryTable\[0\]\[27\],26.25
dmem.ram\[43\]\[11\],26.22
_03264_,26.2
_04494_,26.2
dmem.ram\[50\]\[4\],26.2
dmem.ram\[10\]\[8\],26.165
dmem.ram\[63\]\[14\],26.16
_06044_,26.14
_06365_,26.14
_08056_,26.14
dmem.ram\[49\]\[4\],26.14
clknet_leaf_138_clk,26.14
dmem.ram\[42\]\[14\],26.12
instr_mem1.rom\[2\]\[13\],26.105
_03626_,26.1
_05868_,26.1
_05807_,26.08
net540,26.08
dmem.ram\[3\]\[9\],26.07
_04636_,26.06
_03642_,26.04
_02855_,26.02
dmem.ram\[29\]\[1\],25.98
_04464_,25.96
dmem.ram\[60\]\[14\],25.96
dmem.ram\[34\]\[14\],25.94
dmem.ram\[5\]\[14\],25.93
_04358_,25.92
dmem.ram\[62\]\[7\],25.91
dmem.ram\[18\]\[0\],25.865
_08224_,25.86
dmem.ram\[40\]\[12\],25.86
_06282_,25.82
bht_lut.pc_from_ex\[0\],25.82
dmem.ram\[14\]\[0\],25.815
_05766_,25.8
dmem.ram\[0\]\[10\],25.8
dmem.ram\[53\]\[10\],25.8
net603,25.8
dmem.ram\[38\]\[13\],25.795
_02647_,25.78
dmem.ram\[0\]\[5\],25.78
id_rr_pipe_reg.pc_next_out\[3\],25.78
_05166_,25.76
dmem.ram\[4\]\[7\],25.74
dmem.ram\[20\]\[0\],25.72
_02163_,25.7
_06083_,25.7
_05887_,25.68
dmem.ram\[53\]\[8\],25.68
_07515_,25.65
_02789_,25.64
_06053_,25.64
la_sa_lm_sm_block.reg_data_form_id_128\[11\],25.64
_04405_,25.62
dmem.ram\[36\]\[7\],25.62
dmem.ram\[58\]\[9\],25.6
_03348_,25.58
rr_ex_pipe_reg.RF_D3_From_WB_Out\[2\],25.58
net554,25.58
dmem.ram\[38\]\[6\],25.57
_07196_,25.52
_07492_,25.52
dmem.ram\[16\]\[6\],25.52
dmem.ram\[48\]\[5\],25.52
dmem.ram\[22\]\[14\],25.5
_05848_,25.48
instr_mem1.rom\[10\]\[3\],25.465
dmem.ram\[16\]\[2\],25.46
dmem.ram\[4\]\[2\],25.46
_08277_,25.45
_05160_,25.42
_05928_,25.42
_06113_,25.42
dmem.ram\[32\]\[2\],25.42
dmem.ram\[55\]\[1\],25.42
_04579_,25.4
_06398_,25.4
_06414_,25.4
instr_mem1.rom\[8\]\[11\],25.4
_06421_,25.38
_08303_,25.38
dmem.ram\[34\]\[8\],25.38
net557,25.38
net133,25.36
_04221_,25.3
_05449_,25.3
_05629_,25.3
_08394_,25.3
dmem.ram\[20\]\[6\],25.3
_01127_,25.28
_07624_,25.28
instr_mem1.rom\[1\]\[4\],25.24
dmem.ram\[44\]\[12\],25.22
dmem.ram\[50\]\[15\],25.22
dmem.ram\[26\]\[5\],25.21
dmem.ram\[5\]\[3\],25.2
bht_lut.branchHistoryTable\[2\]\[23\],25.19
dmem.ram\[29\]\[3\],25.18
dmem.ram\[48\]\[13\],25.18
_04279_,25.16
dmem.ram\[28\]\[6\],25.16
dmem.ram\[6\]\[1\],25.145
_08248_,25.14
dmem.ram\[45\]\[15\],25.14
_02215_,25.12
_02995_,25.1
dmem.ram\[7\]\[9\],25.1
_02244_,25.08
instr_mem1.rom\[1\]\[10\],25.08
_05987_,25.06
dmem.ram\[8\]\[14\],25.03
_06418_,25.02
dmem.ram\[15\]\[2\],25.02
dmem.ram\[48\]\[7\],25.02
dmem.ram\[4\]\[3\],25.02
dmem.ram\[46\]\[6\],24.985
dmem.ram\[4\]\[6\],24.98
register_file.registerFile\[6\]\[5\],24.97
_04653_,24.96
_08488_,24.96
la_sa_lm_sm_block.reg_data_form_id_128\[2\],24.96
dmem.ram\[11\]\[4\],24.92
dmem.ram\[29\]\[4\],24.92
dmem.ram\[54\]\[0\],24.91
_08310_,24.9
dmem.ram\[20\]\[7\],24.89
_02529_,24.88
dmem.ram\[31\]\[12\],24.88
_02833_,24.87
dmem.ram\[51\]\[6\],24.86
dmem.ram\[38\]\[3\],24.85
dmem.ram\[6\]\[11\],24.85
_05020_,24.84
_06010_,24.84
_06168_,24.84
_02960_,24.8
dmem.ram\[31\]\[2\],24.8
_08246_,24.78
dmem.ram\[0\]\[12\],24.78
_01087_,24.765
dmem.mem_read_data\[8\],24.76
instr_mem1.rom\[1\]\[15\],24.76
net686,24.76
_03500_,24.745
dmem.ram\[6\]\[13\],24.745
dmem.ram\[18\]\[14\],24.725
dmem.ram\[0\]\[4\],24.72
dmem.ram\[48\]\[11\],24.72
dmem.ram\[14\]\[5\],24.705
dmem.ram\[11\]\[2\],24.7
dmem.ram\[20\]\[4\],24.7
dmem.ram\[46\]\[14\],24.665
_04893_,24.66
dmem.ram\[25\]\[7\],24.66
instr_mem1.rom\[3\]\[12\],24.66
_04840_,24.64
pc_data_select.B\[3\],24.64
_05332_,24.62
_06535_,24.62
_02521_,24.6
clknet_leaf_167_clk,24.6
dmem.ram\[53\]\[12\],24.56
_03357_,24.52
dmem.ram\[0\]\[11\],24.52
_08393_,24.5
_03120_,24.48
_07488_,24.48
dmem.ram\[54\]\[1\],24.465
dmem.ram\[6\]\[9\],24.445
la_sa_lm_sm_block.reg_data_form_id_128\[109\],24.44
bht_lut.branchHistoryTable\[1\]\[28\],24.42
net546,24.42
_03596_,24.38
_08146_,24.38
dmem.ram\[2\]\[9\],24.375
_02796_,24.36
dmem.ram\[4\]\[13\],24.32
ex_mem_pipe_reg.Control_Out\[1\],24.32
_08293_,24.28
dmem.ram\[40\]\[14\],24.28
_06343_,24.26
dmem.ram\[4\]\[9\],24.26
dmem.ram\[60\]\[6\],24.26
_05443_,24.255
dmem.ram\[5\]\[0\],24.24
_06549_,24.22
dmem.ram\[6\]\[12\],24.185
dmem.ram\[34\]\[0\],24.18
instr_mem1.rom\[5\]\[9\],24.18
_03585_,24.16
_03641_,24.16
net798,24.16
_02841_,24.14
_04303_,24.14
dmem.ram\[13\]\[3\],24.14
dmem.ram\[18\]\[5\],24.14
dmem.ram\[51\]\[13\],24.14
dmem.ram\[18\]\[1\],24.125
bht_lut.branchHistoryTable\[1\]\[26\],24.12
dmem.ram\[54\]\[4\],24.11
dmem.ram\[5\]\[8\],24.11
_05842_,24.1
dmem.ram\[29\]\[9\],24.1
dmem.ram\[28\]\[10\],24.09
_02890_,24.08
dmem.ram\[8\]\[9\],24.08
dmem.ram\[61\]\[13\],24.06
_06154_,24.055
instr_mem1.rom\[4\]\[13\],24.02
_04349_,24
_00313_,23.985
instr_mem1.rom\[10\]\[11\],23.985
_04308_,23.98
instr_mem1.rom\[10\]\[9\],23.965
_05049_,23.96
id_rr_pipe_reg.cntrl_out\[1\],23.96
_08265_,23.94
_01561_,23.925
_02173_,23.92
dmem.ram\[27\]\[5\],23.92
_06401_,23.9
_04952_,23.88
_05916_,23.88
net586,23.88
dmem.ram\[23\]\[10\],23.86
_03493_,23.84
_05335_,23.84
_06526_,23.84
_08406_,23.84
dmem.ram\[18\]\[12\],23.825
dmem.ram\[14\]\[7\],23.815
dmem.ram\[58\]\[4\],23.8
instr_mem1.rom\[4\]\[4\],23.8
_04648_,23.74
_05184_,23.74
_05458_,23.72
dmem.ram\[56\]\[1\],23.72
instr_mem1.rom\[8\]\[7\],23.72
_04572_,23.7
dmem.ram\[20\]\[12\],23.7
dmem.ram\[15\]\[10\],23.68
net125,23.68
_03002_,23.66
_05773_,23.66
dmem.ram\[21\]\[15\],23.62
dmem.ram\[31\]\[9\],23.62
dmem.ram\[0\]\[8\],23.6
instr_mem1.rom\[1\]\[1\],23.6
_03424_,23.56
_05904_,23.56
dmem.ram\[29\]\[11\],23.56
dmem.ram\[52\]\[15\],23.56
dmem.ram\[63\]\[4\],23.56
_08109_,23.54
ex_mem_pipe_reg.RF_D2_Out\[15\],23.54
dmem.ram\[38\]\[0\],23.535
dmem.ram\[44\]\[14\],23.52
_05899_,23.5
dmem.ram\[21\]\[7\],23.5
net129,23.5
net334,23.5
dmem.ram\[33\]\[2\],23.48
_04331_,23.46
_07485_,23.46
dmem.ram\[50\]\[8\],23.46
ex_mem_pipe_reg.Control_In\[1\],23.46
_04895_,23.44
dmem.ram\[27\]\[1\],23.44
net113,23.44
_05405_,23.425
_03634_,23.42
_05155_,23.42
_05981_,23.42
dmem.ram\[50\]\[9\],23.42
instr_mem1.rom\[10\]\[15\],23.405
_08179_,23.4
_08362_,23.4
instr_mem1.rom\[8\]\[1\],23.4
_03629_,23.38
dmem.ram\[51\]\[10\],23.38
dmem.ram\[60\]\[1\],23.38
_02178_,23.34
_08377_,23.34
dmem.ram\[13\]\[15\],23.34
dmem.ram\[41\]\[14\],23.34
_03269_,23.3
_03584_,23.3
_08368_,23.29
_06187_,23.26
dmem.ram\[25\]\[5\],23.26
instr_mem1.rom\[0\]\[0\],23.26
dmem.ram\[14\]\[1\],23.225
_03418_,23.22
instr_mem1.rom\[0\]\[1\],23.22
dmem.ram\[18\]\[6\],23.21
_07300_,23.2
dmem.ram\[4\]\[1\],23.2
_06817_,23.18
ex_mem_pipe_reg.RF_D2_Out\[11\],23.18
_07331_,23.14
dmem.ram\[24\]\[12\],23.14
dmem.ram\[36\]\[8\],23.14
dmem.ram\[63\]\[9\],23.14
instr_mem1.rom\[4\]\[7\],23.14
dmem.ram\[10\]\[10\],23.13
dmem.ram\[17\]\[6\],23.12
dmem.ram\[27\]\[8\],23.12
_02963_,23.1
_04102_,23.1
dmem.ram\[41\]\[11\],23.1
dmem.ram\[41\]\[0\],23.08
_06668_,23.06
dmem.ram\[1\]\[6\],23.06
_03608_,23.04
_06093_,23.04
_03469_,23.02
_08027_,23.02
instr_mem1.rom\[9\]\[14\],23.02
dmem.ram\[21\]\[8\],23.01
dmem.ram\[17\]\[15\],23
dmem.ram\[25\]\[0\],23
dmem.ram\[27\]\[3\],23
_04582_,22.98
ex_mem_pipe_reg.Instr_Out\[7\],22.98
_03413_,22.96
dmem.ram\[1\]\[1\],22.96
_07231_,22.95
dmem.ram\[16\]\[4\],22.94
dmem.ram\[29\]\[0\],22.94
_03612_,22.92
_05060_,22.92
_05400_,22.92
_05997_,22.92
instr_mem1.rom\[4\]\[10\],22.92
_05950_,22.9
dmem.ram\[35\]\[14\],22.88
ex_mem_pipe_reg.RF_D2_Out\[4\],22.88
dmem.ram\[22\]\[9\],22.87
_02218_,22.86
_04513_,22.86
_07617_,22.86
_04546_,22.82
dmem.ram\[48\]\[6\],22.78
dmem.ram\[4\]\[15\],22.78
_08302_,22.76
_04569_,22.74
instr_mem1.rom\[10\]\[2\],22.71
_07273_,22.705
_04452_,22.66
dmem.ram\[62\]\[9\],22.655
dmem.ram\[5\]\[7\],22.64
dmem.ram\[28\]\[14\],22.62
instr_mem1.rom\[0\]\[14\],22.6
_05986_,22.58
id_rr_pipe_reg.pc_data_select_out,22.58
instr_mem1.rom\[1\]\[0\],22.58
dmem.ram\[54\]\[10\],22.565
dmem.ram\[59\]\[11\],22.56
dmem.ram\[16\]\[0\],22.55
_04161_,22.54
dmem.ram\[13\]\[13\],22.54
rr_ex_pipe_reg.RF_D3_From_WB_Out\[12\],22.54
_04386_,22.52
dmem.ram\[16\]\[13\],22.52
_04290_,22.515
instr_mem1.rom\[14\]\[14\],22.505
_03478_,22.5
_08319_,22.5
_06256_,22.48
_03650_,22.46
_06109_,22.46
instr_mem1.rom\[4\]\[11\],22.46
dmem.ram\[37\]\[15\],22.42
instr_mem1.rom\[4\]\[0\],22.42
dmem.ram\[1\]\[15\],22.4
dmem.ram\[5\]\[13\],22.4
dmem.ram\[0\]\[15\],22.38
_06127_,22.36
instr_mem1.rom\[6\]\[14\],22.35
dmem.ram\[44\]\[11\],22.34
dmem.ram\[5\]\[12\],22.34
dmem.ram\[45\]\[2\],22.32
dmem.ram\[51\]\[12\],22.295
_05344_,22.28
_05889_,22.28
_01826_,22.26
_02371_,22.26
_06310_,22.26
instr_mem1.rom\[12\]\[12\],22.26
instr_mem1.rom\[4\]\[12\],22.26
_08483_,22.24
_04356_,22.22
_05389_,22.22
_06111_,22.22
dmem.ram\[36\]\[14\],22.22
dmem.ram\[4\]\[10\],22.22
dmem.ram\[55\]\[9\],22.22
register_file.registerFile\[0\]\[13\],22.22
_04329_,22.2
dmem.ram\[10\]\[1\],22.2
dmem.ram\[24\]\[14\],22.2
_02538_,22.18
_03018_,22.18
dmem.ram\[50\]\[2\],22.18
_04463_,22.12
dmem.ram\[62\]\[6\],22.11
_05486_,22.06
_06022_,22.06
_07264_,22.06
ex_mem_pipe_reg.Instr_Out\[2\],22.06
dmem.ram\[14\]\[14\],22.045
dmem.ram\[54\]\[3\],22.045
_03555_,22.04
_05124_,22.04
_08474_,22.04
dmem.ram\[31\]\[1\],22.04
dmem.ram\[51\]\[7\],22.04
instr_mem1.rom\[4\]\[9\],22.02
_03470_,22
_05350_,22
_06082_,22
_06125_,22
_07401_,22
dmem.ram\[14\]\[15\],21.985
dmem.ram\[28\]\[5\],21.98
dmem.ram\[31\]\[3\],21.98
dmem.ram\[27\]\[2\],21.96
instr_mem1.rom\[1\]\[14\],21.96
dmem.ram\[33\]\[7\],21.94
dmem.ram\[37\]\[13\],21.92
dmem.ram\[62\]\[3\],21.895
dmem.ram\[62\]\[15\],21.89
_05841_,21.88
_07493_,21.88
dmem.ram\[1\]\[4\],21.88
dmem.ram\[4\]\[12\],21.88
dmem.ram\[17\]\[11\],21.86
dmem.ram\[25\]\[2\],21.86
dmem.ram\[57\]\[4\],21.86
dmem.ram\[22\]\[8\],21.835
dmem.ram\[62\]\[0\],21.835
dmem.ram\[37\]\[14\],21.82
dmem.ram\[39\]\[12\],21.82
_05113_,21.8
dmem.ram\[4\]\[0\],21.8
dmem.ram\[54\]\[14\],21.785
dmem.ram\[21\]\[6\],21.78
dmem.ram\[50\]\[14\],21.78
instr_mem1.rom\[8\]\[3\],21.78
dmem.ram\[30\]\[9\],21.715
dmem.ram\[14\]\[3\],21.685
instr_mem1.rom\[10\]\[10\],21.685
bht_lut.pc_from_ex\[1\],21.68
instr_mem1.rom\[1\]\[9\],21.68
dmem.ram\[54\]\[8\],21.67
_08401_,21.65
net136,21.64
dmem.ram\[2\]\[13\],21.635
_07299_,21.63
dmem.ram\[6\]\[10\],21.625
dmem.ram\[13\]\[7\],21.62
_01813_,21.6
_06201_,21.6
dmem.ram\[15\]\[1\],21.6
dmem.ram\[18\]\[8\],21.585
_04957_,21.58
dmem.ram\[1\]\[7\],21.58
_02860_,21.56
dmem.ram\[44\]\[6\],21.56
_05764_,21.54
instr_mem1.rom\[8\]\[9\],21.54
dmem.ram\[32\]\[14\],21.52
_07400_,21.5
dmem.ram\[13\]\[10\],21.5
_05633_,21.48
dmem.ram\[8\]\[4\],21.48
_02546_,21.46
_08472_,21.46
dmem.ram\[4\]\[5\],21.42
net589,21.42
_07320_,21.4
_05374_,21.38
_07247_,21.38
dmem.ram\[55\]\[8\],21.38
_00281_,21.365
_03729_,21.36
_04522_,21.36
dmem.ram\[15\]\[14\],21.36
dmem.ram\[34\]\[10\],21.36
_03572_,21.32
_08283_,21.32
dmem.ram\[55\]\[15\],21.3
_03350_,21.28
_05639_,21.28
dmem.ram\[7\]\[10\],21.28
dmem.ram\[9\]\[13\],21.28
dmem.ram\[58\]\[15\],21.26
dmem.ram\[8\]\[12\],21.26
dmem.ram\[8\]\[7\],21.26
_04997_,21.24
_07731_,21.24
_08291_,21.24
dmem.ram\[52\]\[12\],21.24
dmem.ram\[61\]\[12\],21.24
id_rr_pipe_reg.cntrl_out\[2\],21.24
dmem.ram\[6\]\[15\],21.225
dmem.ram\[54\]\[9\],21.205
_03438_,21.2
_05165_,21.2
_06028_,21.2
dmem.ram\[20\]\[11\],21.2
dmem.ram\[55\]\[0\],21.2
_05324_,21.16
_07425_,21.16
_08121_,21.16
_05182_,21.14
_05561_,21.14
instr_mem1.rom\[10\]\[1\],21.13
_04265_,21.12
_05058_,21.12
_05391_,21.12
_05735_,21.12
_06223_,21.12
_05800_,21.08
dmem.ram\[39\]\[5\],21.08
instr_mem1.rom\[0\]\[5\],21.08
net668,21.08
_05175_,21.06
_07391_,21.06
dmem.ram\[26\]\[12\],21.05
_05511_,21.04
dmem.ram\[5\]\[9\],21.04
dmem.ram\[8\]\[0\],21.04
_04286_,21.035
_02623_,21.02
dmem.ram\[0\]\[0\],21.02
dmem.ram\[24\]\[4\],21.02
_06556_,21
dmem.ram\[49\]\[3\],21
dmem.ram\[52\]\[6\],21
_02206_,20.98
_06074_,20.98
instr_mem1.rom\[3\]\[11\],20.96
net347,20.96
_08374_,20.94
_08459_,20.92
dmem.ram\[24\]\[6\],20.92
id_rr_pipe_reg.pc_next_out\[8\],20.92
_07481_,20.89
dmem.ram\[63\]\[7\],20.88
_06364_,20.86
dmem.ram\[55\]\[14\],20.86
dmem.ram\[32\]\[3\],20.84
dmem.ram\[3\]\[3\],20.84
dmem.ram\[10\]\[6\],20.83
dmem.ram\[61\]\[14\],20.83
dmem.ram\[29\]\[6\],20.82
dmem.ram\[34\]\[1\],20.82
_03222_,20.8
dmem.ram\[54\]\[11\],20.79
dmem.ram\[62\]\[2\],20.79
_05397_,20.78
_06176_,20.78
instr_mem1.rom\[1\]\[12\],20.78
net486,20.78
bht_lut.branchHistoryTable\[4\]\[18\],20.76
instr_mem1.rom\[5\]\[13\],20.74
_03416_,20.7
_08051_,20.7
ex_mem_pipe_reg.Instr_Out\[13\],20.7
net1970,20.695
_02368_,20.66
_06215_,20.66
_06325_,20.66
bht_lut.branchHistoryTable\[0\]\[25\],20.66
dmem.ram\[1\]\[5\],20.66
instr_mem1.rom\[0\]\[4\],20.66
bht_lut.branchHistoryTable\[1\]\[1\],20.64
dmem.ram\[60\]\[13\],20.64
instr_mem1.rom\[5\]\[10\],20.64
_04307_,20.62
_05621_,20.62
dmem.ram\[12\]\[14\],20.62
dmem.ram\[13\]\[14\],20.62
dmem.ram\[58\]\[2\],20.62
instr_mem1.rom\[7\]\[15\],20.62
net578,20.62
dmem.ram\[25\]\[11\],20.6
dmem.ram\[26\]\[7\],20.585
_05241_,20.58
net714,20.58
_03549_,20.54
_05352_,20.54
_04547_,20.525
dmem.ram\[14\]\[2\],20.525
_04273_,20.52
_07458_,20.5
_05619_,20.48
dmem.ram\[12\]\[9\],20.48
dmem.ram\[10\]\[0\],20.475
dmem.ram\[63\]\[8\],20.46
_06611_,20.44
_07508_,20.435
_03356_,20.42
dmem.ram\[16\]\[1\],20.42
instr_mem1.rom\[5\]\[8\],20.42
dmem.ram\[43\]\[6\],20.415
_03204_,20.4
_03417_,20.4
_08468_,20.38
dmem.ram\[3\]\[14\],20.36
dmem.ram\[24\]\[3\],20.35
_02515_,20.34
dmem.ram\[11\]\[11\],20.34
dmem.ram\[50\]\[1\],20.34
dmem.ram\[55\]\[11\],20.34
_05652_,20.32
_06557_,20.32
_08129_,20.32
bht_lut.pc_from_ex\[3\],20.32
forwardlogic.rd_prev_addr_rr_ex\[1\],20.32
dmem.ram\[8\]\[15\],20.3
_02883_,20.28
net111,20.26
_03544_,20.24
rr_ex_pipe_reg.RF_D3_From_WB_Out\[3\],20.24
_04601_,20.22
dmem.ram\[54\]\[2\],20.19
instr_mem1.rom\[8\]\[15\],20.18
_06247_,20.16
dmem.ram\[12\]\[8\],20.16
dmem.ram\[58\]\[13\],20.16
_08268_,20.12
dmem.ram\[23\]\[6\],20.12
dmem.ram\[7\]\[12\],20.1
_04145_,20.08
_06101_,20.08
dmem.ram\[27\]\[12\],20.08
dmem.ram\[37\]\[8\],20.08
dmem.ram\[52\]\[4\],20.08
ex_mem_pipe_reg.ALU_Result_Out\[5\],20.08
_00166_,20.065
dmem.ram\[26\]\[2\],20.065
instr_mem1.rom\[10\]\[8\],20.065
instr_mem1.rom\[4\]\[1\],20.06
_06199_,20.04
dmem.ram\[27\]\[7\],20.02
dmem.ram\[51\]\[4\],20
dmem.ram\[62\]\[1\],19.995
dmem.ram\[21\]\[13\],19.98
dmem.ram\[8\]\[8\],19.98
dmem.ram\[30\]\[0\],19.955
_05529_,19.95
dmem.ram\[29\]\[7\],19.94
dmem.ram\[9\]\[0\],19.94
_06027_,19.92
dmem.ram\[27\]\[6\],19.92
dmem.ram\[53\]\[9\],19.92
dmem.ram\[57\]\[1\],19.92
_05181_,19.9
dmem.ram\[32\]\[15\],19.9
rr_ex_pipe_reg.RF_D3_From_WB_Out\[14\],19.9
_03017_,19.88
_03618_,19.86
_05345_,19.86
dmem.ram\[5\]\[6\],19.86
_04904_,19.82
dmem.ram\[37\]\[0\],19.82
dmem.ram\[24\]\[11\],19.8
instr_mem1.rom\[7\]\[11\],19.8
_01265_,19.785
_04023_,19.78
dmem.ram\[48\]\[8\],19.76
dmem.ram\[59\]\[1\],19.76
_02894_,19.74
_04514_,19.74
net223,19.74
_08490_,19.72
dmem.ram\[10\]\[3\],19.71
alu_control.ALUControlIn\[2\],19.68
dmem.ram\[20\]\[8\],19.68
dmem.ram\[25\]\[8\],19.68
dmem.ram\[36\]\[5\],19.68
_00298_,19.665
_06437_,19.66
dmem.ram\[20\]\[5\],19.66
dmem.ram\[24\]\[5\],19.66
dmem.ram\[31\]\[13\],19.66
dmem.ram\[61\]\[0\],19.66
dmem.ram\[8\]\[11\],19.66
_04368_,19.64
dmem.ram\[24\]\[13\],19.64
instr_mem1.rom\[0\]\[7\],19.64
_04529_,19.62
_06391_,19.62
instr_mem1.rom\[4\]\[8\],19.62
net315,19.62
net425,19.62
bht_lut.pc_from_ex\[12\],19.615
dmem.ram\[29\]\[15\],19.6
_06527_,19.58
dmem.ram\[25\]\[1\],19.58
dmem.ram\[3\]\[5\],19.58
instr_mem1.rom\[2\]\[3\],19.565
_04469_,19.56
_08431_,19.56
dmem.ram\[52\]\[8\],19.56
_07426_,19.525
instr_mem1.rom\[14\]\[12\],19.525
_05023_,19.52
_07661_,19.52
_02842_,19.5
_07446_,19.48
dmem.ram\[6\]\[6\],19.445
_04285_,19.44
_04291_,19.44
_05215_,19.44
dmem.ram\[58\]\[8\],19.44
_03560_,19.42
dmem.ram\[25\]\[3\],19.42
dmem.ram\[46\]\[2\],19.41
dmem.ram\[54\]\[15\],19.405
dmem.mem_read_data\[12\],19.4
dmem.ram\[19\]\[7\],19.4
dmem.ram\[31\]\[6\],19.4
dmem.ram\[43\]\[15\],19.4
dmem.ram\[44\]\[0\],19.4
_05009_,19.38
instr_mem1.rom\[5\]\[1\],19.38
instr_mem1.rom\[14\]\[8\],19.365
_05067_,19.36
dmem.ram\[19\]\[15\],19.36
dmem.ram\[44\]\[13\],19.36
dmem.ram\[52\]\[13\],19.36
dmem.ram\[55\]\[12\],19.36
dmem.ram\[20\]\[15\],19.34
dmem.ram\[52\]\[1\],19.34
dmem.ram\[30\]\[14\],19.335
dmem.ram\[38\]\[14\],19.33
_02839_,19.32
_03589_,19.32
dmem.ram\[13\]\[12\],19.32
ex_mem_pipe_reg.RF_D2_Out\[9\],19.32
alu_control.instr\[11\],19.3
dmem.ram\[8\]\[6\],19.3
_02937_,19.29
_03573_,19.28
_08204_,19.28
dmem.ram\[45\]\[5\],19.28
dmem.ram\[55\]\[6\],19.28
ex_mem_pipe_reg.RF_D2_Out\[12\],19.26
dmem.ram\[39\]\[13\],19.25
dmem.ram\[15\]\[6\],19.22
dmem.ram\[1\]\[0\],19.22
dmem.ram\[21\]\[0\],19.22
dmem.ram\[8\]\[2\],19.22
_06498_,19.215
dmem.ram\[60\]\[0\],19.21
bht_lut.branchHistoryTable\[1\]\[21\],19.2
bht_lut.pointer\[0\],19.2
dmem.ram\[15\]\[3\],19.2
instr_mem1.rom\[4\]\[6\],19.2
_07398_,19.18
dmem.ram\[54\]\[5\],19.165
dmem.ram\[4\]\[11\],19.16
instr_mem1.rom\[10\]\[12\],19.145
dmem.ram\[52\]\[10\],19.14
_00282_,19.125
dmem.ram\[6\]\[3\],19.125
_07948_,19.12
instr_mem1.rom\[1\]\[7\],19.12
instr_mem1.rom\[4\]\[3\],19.12
_07435_,19.1
dmem.ram\[45\]\[6\],19.1
instr_mem1.rom\[11\]\[15\],19.1
_04130_,19.08
bht_lut.branchHistoryTable\[4\]\[28\],19.08
net195,19.08
_04433_,19.06
dmem.ram\[34\]\[11\],19.06
net547,19.06
dmem.ram\[6\]\[0\],19.045
_08433_,19.04
dmem.ram\[44\]\[7\],19.04
ex_mem_pipe_reg.RF_D2_Out\[5\],19.04
pc_data_select.B\[14\],19.04
net121,19.04
_01824_,19.035
_05112_,19.02
dmem.ram\[24\]\[10\],19.02
dmem.ram\[24\]\[7\],19.02
dmem.ram\[51\]\[15\],19.02
id_rr_pipe_reg.instr_out\[5\],19.02
_08415_,19
dmem.ram\[11\]\[13\],19
dmem.ram\[21\]\[11\],18.98
dmem.ram\[34\]\[2\],18.98
dmem.ram\[3\]\[7\],18.98
_08285_,18.96
dmem.ram\[47\]\[12\],18.96
instr_mem1.rom\[15\]\[6\],18.96
instr_mem1.rom\[5\]\[0\],18.95
dmem.ram\[26\]\[15\],18.945
_04439_,18.94
_04548_,18.94
dmem.ram\[19\]\[8\],18.94
dmem.ram\[33\]\[4\],18.94
instr_mem1.rom\[9\]\[12\],18.94
dmem.ram\[28\]\[12\],18.92
dmem.ram\[58\]\[11\],18.92
dmem.ram\[54\]\[6\],18.905
_05492_,18.88
dmem.ram\[10\]\[7\],18.88
dmem.ram\[16\]\[12\],18.88
dmem.ram\[62\]\[8\],18.87
_04687_,18.86
_07638_,18.86
id_rr_pipe_reg.pc_next_out\[5\],18.86
dmem.ram\[30\]\[7\],18.83
instr_mem1.rom\[14\]\[13\],18.825
_05951_,18.82
_07377_,18.82
dmem.ram\[13\]\[11\],18.82
dmem.ram\[29\]\[8\],18.82
dmem.ram\[47\]\[14\],18.8
dmem.ram\[22\]\[6\],18.775
_08467_,18.76
_08460_,18.74
dmem.ram\[16\]\[9\],18.74
dmem.ram\[47\]\[5\],18.74
_06515_,18.72
net378,18.72
_06172_,18.71
_04852_,18.7
_05835_,18.7
dmem.ram\[16\]\[8\],18.7
dmem.ram\[3\]\[15\],18.7
instr_mem1.rom\[0\]\[11\],18.67
rr_ex_pipe_reg.RF_D3_From_WB_Out\[10\],18.66
dmem.ram\[10\]\[9\],18.655
dmem.ram\[30\]\[5\],18.645
_02715_,18.64
_05876_,18.64
_08507_,18.64
_07514_,18.62
net402,18.62
_08476_,18.6
dmem.ram\[53\]\[7\],18.6
instr_mem1.rom\[4\]\[2\],18.6
_02994_,18.58
_08076_,18.58
dmem.ram\[57\]\[7\],18.58
_03122_,18.575
_05581_,18.56
dmem.ram\[58\]\[1\],18.56
net294,18.56
_03653_,18.52
_04700_,18.52
net431,18.52
_02915_,18.5
dmem.ram\[13\]\[0\],18.5
dmem.ram\[39\]\[9\],18.5
dmem.ram\[56\]\[8\],18.5
dmem.ram\[63\]\[15\],18.5
net344,18.5
_06209_,18.48
_07637_,18.48
_08154_,18.48
dmem.ram\[7\]\[6\],18.48
ex_mem_pipe_reg.ALU_Result_Out\[2\],18.48
instr_mem1.rom\[0\]\[6\],18.48
dmem.ram\[20\]\[9\],18.475
dmem.ram\[14\]\[6\],18.465
dmem.ram\[53\]\[15\],18.44
instr_mem1.rom\[1\]\[5\],18.44
instr_mem1.rom\[8\]\[8\],18.44
dmem.ram\[27\]\[11\],18.43
dmem.ram\[27\]\[15\],18.42
_01479_,18.405
_03503_,18.4
_04218_,18.4
_05489_,18.4
_05684_,18.4
net608,18.4
_06610_,18.38
_07293_,18.36
bht_lut.branchHistoryTable\[6\]\[6\],18.36
dmem.ram\[35\]\[11\],18.36
net480,18.36
dmem.ram\[22\]\[10\],18.335
dmem.ram\[30\]\[15\],18.33
dmem.ram\[26\]\[1\],18.325
dmem.ram\[32\]\[9\],18.32
_08463_,18.3
instr_mem1.rom\[12\]\[8\],18.3
dmem.ram\[2\]\[6\],18.295
_07183_,18.28
dmem.ram\[60\]\[9\],18.28
dmem.ram\[62\]\[5\],18.275
_03537_,18.26
dmem.ram\[43\]\[8\],18.26
instr_mem1.rom\[5\]\[3\],18.24
_08421_,18.22
dmem.ram\[53\]\[6\],18.22
dmem.ram\[7\]\[15\],18.22
_06509_,18.16
_08320_,18.16
dmem.ram\[28\]\[9\],18.16
dmem.ram\[31\]\[7\],18.16
_03237_,18.14
dmem.ram\[48\]\[14\],18.14
dmem.ram\[9\]\[10\],18.14
la_sa_lm_sm_block.reg_data_form_id_128\[77\],18.14
net1303,18.14
_08494_,18.12
net527,18.12
instr_mem1.rom\[10\]\[5\],18.11
_04421_,18.1
_05079_,18.1
_05930_,18.1
instr_mem1.rom\[1\]\[2\],18.1
net117,18.1
dmem.ram\[26\]\[0\],18.085
_05863_,18.08
bht_lut.branchHistoryTable\[4\]\[31\],18.08
dmem.ram\[57\]\[14\],18.08
instr_mem1.rom\[0\]\[15\],18.08
net374,18.08
net871,18.08
_00278_,18.06
_02229_,18.06
_03547_,18.06
net1981,18.06
_04974_,18.04
net310,18.04
net640,18.04
net807,18.04
_02851_,18.02
_06460_,18.02
net119,18
_06162_,17.97
dmem.ram\[13\]\[6\],17.96
_05805_,17.94
dmem.ram\[9\]\[5\],17.94
dmem.ram\[9\]\[6\],17.94
_04046_,17.9
_07509_,17.88
dmem.ram\[10\]\[5\],17.875
dmem.ram\[49\]\[6\],17.86
_02197_,17.85
_01408_,17.825
_00772_,17.785
_02947_,17.78
dmem.ram\[57\]\[6\],17.78
_02165_,17.76
dmem.ram\[3\]\[13\],17.76
net162,17.76
dmem.ram\[63\]\[2\],17.75
_08259_,17.74
dmem.ram\[39\]\[15\],17.74
dmem.ram\[9\]\[8\],17.74
dmem.ram\[25\]\[15\],17.72
dmem.ram\[61\]\[8\],17.7
_00131_,17.685
_04516_,17.68
dmem.ram\[23\]\[11\],17.68
dmem.ram\[61\]\[15\],17.68
_04142_,17.64
_04699_,17.64
bht_lut.branchHistoryTable\[2\]\[11\],17.64
bht_lut.branchHistoryTable\[2\]\[7\],17.64
dmem.ram\[51\]\[9\],17.64
dmem.ram\[7\]\[13\],17.64
ex_mem_pipe_reg.Instr_Out\[4\],17.64
instr_mem1.rom\[7\]\[4\],17.64
_03185_,17.62
dmem.ram\[55\]\[10\],17.62
instr_mem1.rom\[15\]\[15\],17.62
_05221_,17.6
_06252_,17.6
_08387_,17.585
dmem.ram\[17\]\[9\],17.58
net1481,17.58
_00036_,17.56
_04560_,17.56
_06772_,17.56
_06474_,17.54
dmem.ram\[56\]\[0\],17.54
_00186_,17.525
_03898_,17.52
_04437_,17.52
_05907_,17.52
dmem.ram\[60\]\[11\],17.52
instr_mem1.rom\[7\]\[5\],17.52
net123,17.52
net450,17.52
_02438_,17.5
_04657_,17.5
id_rr_pipe_reg.cntrl_out\[9\],17.48
net452,17.45
_07477_,17.44
dmem.ram\[12\]\[15\],17.44
net36,17.44
_06616_,17.42
bht_lut.branchHistoryTable\[0\]\[26\],17.4
dmem.ram\[19\]\[6\],17.4
dmem.ram\[23\]\[12\],17.4
dmem.ram\[37\]\[5\],17.4
dmem.ram\[44\]\[15\],17.4
net715,17.4
_03974_,17.38
_05822_,17.36
_08381_,17.36
dmem.ram\[35\]\[12\],17.36
dmem.ram\[40\]\[9\],17.36
dmem.ram\[49\]\[5\],17.36
dmem.ram\[63\]\[5\],17.36
dmem.ram\[63\]\[6\],17.36
dmem.ram\[50\]\[0\],17.34
dmem.ram\[26\]\[3\],17.325
_08322_,17.3
_05630_,17.28
dmem.ram\[8\]\[10\],17.26
dmem.ram\[35\]\[9\],17.24
dmem.ram\[55\]\[7\],17.24
_01895_,17.225
_05469_,17.22
_08064_,17.22
dmem.ram\[40\]\[15\],17.22
instr_mem1.rom\[12\]\[2\],17.22
instr_mem1.rom\[3\]\[15\],17.22
dmem.ram\[46\]\[7\],17.21
dmem.ram\[52\]\[0\],17.2
ex_mem_pipe_reg.Instr_Out\[0\],17.2
net309,17.2
_05177_,17.19
dmem.ram\[62\]\[14\],17.19
_00249_,17.185
_04911_,17.18
_06541_,17.18
_07240_,17.18
dmem.ram\[11\]\[15\],17.16
dmem.ram\[7\]\[1\],17.16
instr_mem1.rom\[0\]\[8\],17.16
net1158,17.16
instr_mem1.rom\[2\]\[6\],17.145
_03534_,17.14
_04155_,17.14
dmem.ram\[16\]\[7\],17.14
_05414_,17.12
_07114_,17.12
dmem.ram\[13\]\[5\],17.12
dmem.ram\[22\]\[0\],17.11
bht_lut.branchHistoryTable\[1\]\[14\],17.1
dmem.ram\[46\]\[9\],17.09
_02964_,17.08
_06516_,17.08
dmem.ram\[11\]\[7\],17.08
dmem.ram\[9\]\[2\],17.075
_00275_,17.065
_08047_,17.06
instr_mem1.rom\[11\]\[8\],17.04
net357,17.04
net1191,17.04
_04135_,17.02
dmem.ram\[36\]\[13\],17.02
net568,17.02
_00154_,17.005
_00680_,17.005
_00911_,17.005
_04620_,17
_07019_,17
dmem.ram\[29\]\[5\],17
_04072_,16.98
instr_mem1.rom\[9\]\[15\],16.98
instr_mem1.rom\[2\]\[9\],16.965
bht_lut.branchHistoryTable\[4\]\[24\],16.96
dmem.ram\[59\]\[8\],16.96
instr_mem1.rom\[5\]\[7\],16.96
net219,16.96
dmem.ram\[15\]\[13\],16.94
dmem.ram\[36\]\[15\],16.94
instr_mem1.rom\[8\]\[10\],16.94
net925,16.94
_02232_,16.93
_04854_,16.92
_05659_,16.92
_04116_,16.905
dmem.ram\[18\]\[7\],16.905
dmem.ram\[23\]\[0\],16.9
dmem.ram\[49\]\[0\],16.9
net1856,16.88
_04132_,16.86
dmem.ram\[35\]\[15\],16.86
_02908_,16.84
net1187,16.84
instr_mem1.rom\[14\]\[2\],16.83
_03561_,16.82
dmem.ram\[3\]\[11\],16.82
dmem.ram\[3\]\[6\],16.82
ex_mem_pipe_reg.Instr_Out\[3\],16.82
instr_mem1.rom\[12\]\[11\],16.82
net543,16.8
_03734_,16.78
_06812_,16.78
_00088_,16.765
dmem.ram\[41\]\[8\],16.76
instr_mem1.rom\[3\]\[13\],16.76
instr_mem1.rom\[5\]\[15\],16.76
dmem.ram\[31\]\[10\],16.74
dmem.ram\[63\]\[10\],16.74
_03594_,16.72
_07464_,16.72
instr_mem1.rom\[3\]\[5\],16.72
dmem.ram\[62\]\[4\],16.715
_07339_,16.7
instr_mem1.rom\[15\]\[14\],16.7
_00109_,16.685
_02764_,16.68
_03592_,16.68
_03597_,16.68
_02234_,16.66
_05092_,16.66
_06508_,16.66
dmem.ram\[50\]\[12\],16.66
dmem.ram\[46\]\[8\],16.645
_04508_,16.64
_07953_,16.64
dmem.ram\[6\]\[7\],16.63
_00123_,16.625
dmem.ram\[26\]\[10\],16.625
_03845_,16.62
_06591_,16.62
dmem.ram\[57\]\[8\],16.62
dmem.ram\[60\]\[12\],16.61
dmem.ram\[7\]\[8\],16.61
_05438_,16.6
bht_lut.pc_from_ex\[9\],16.6
dmem.ram\[1\]\[11\],16.6
_04603_,16.58
dmem.ram\[27\]\[4\],16.58
dmem.ram\[2\]\[0\],16.58
dmem.ram\[37\]\[11\],16.58
id_rr_pipe_reg.pc_next_in\[12\],16.58
_00765_,16.575
dmem.ram\[13\]\[8\],16.56
dmem.ram\[27\]\[13\],16.56
dmem.ram\[52\]\[14\],16.56
net316,16.56
net353,16.56
dmem.ram\[39\]\[10\],16.55
_05895_,16.54
net305,16.52
net1282,16.52
_02228_,16.515
_02985_,16.505
_05195_,16.5
dmem.ram\[24\]\[1\],16.5
_07290_,16.48
_08140_,16.48
dmem.ram\[5\]\[10\],16.48
_06585_,16.475
_06798_,16.47
dmem.ram\[61\]\[10\],16.46
dmem.ram\[61\]\[1\],16.46
_08060_,16.44
net224,16.44
_02868_,16.42
dmem.ram\[20\]\[10\],16.42
_00358_,16.405
_05811_,16.4
_07342_,16.4
_07719_,16.4
dmem.ram\[23\]\[8\],16.4
dmem.ram\[31\]\[5\],16.4
dmem.ram\[41\]\[9\],16.4
dmem.ram\[38\]\[12\],16.37
_01048_,16.365
_08250_,16.36
dmem.ram\[2\]\[5\],16.35
_00662_,16.345
_00947_,16.345
_01738_,16.345
dmem.ram\[46\]\[0\],16.34
_05752_,16.32
_02168_,16.3
dmem.ram\[51\]\[5\],16.3
dmem.ram\[23\]\[15\],16.28
_00317_,16.265
_07390_,16.26
_08165_,16.26
dmem.ram\[43\]\[13\],16.26
net1833,16.26
dmem.ram\[25\]\[13\],16.24
dmem.ram\[30\]\[6\],16.23
_04167_,16.22
bht_lut.branchHistoryTable\[6\]\[1\],16.22
_05503_,16.2
_08428_,16.2
_02837_,16.18
_04212_,16.18
_05917_,16.18
_04998_,16.16
bht_lut.branchHistoryTable\[1\]\[4\],16.16
dmem.ram\[11\]\[5\],16.14
instr_mem1.rom\[5\]\[4\],16.14
_01451_,16.125
net832,16.12
dmem.ram\[61\]\[11\],16.1
net508,16.1
dmem.ram\[22\]\[7\],16.095
_01240_,16.085
_07947_,16.08
_00162_,16.045
_03323_,16.02
_04031_,16.02
dmem.ram\[30\]\[4\],16.01
net967,16
dmem.ram\[21\]\[9\],15.97
_02185_,15.96
_05103_,15.96
forwardlogic.rd_prev_addr_rr_ex\[0\],15.955
dmem.ram\[46\]\[4\],15.945
_06104_,15.94
dmem.ram\[15\]\[11\],15.94
_06776_,15.9
dmem.ram\[15\]\[8\],15.9
_03522_,15.88
_07513_,15.88
dmem.ram\[15\]\[7\],15.88
dmem.ram\[60\]\[15\],15.88
_03111_,15.86
_07543_,15.86
_08057_,15.86
net1212,15.86
net523,15.84
net1429,15.84
_01818_,15.825
_06408_,15.82
_07310_,15.82
_00322_,15.805
_02971_,15.805
instr_mem1.rom\[6\]\[13\],15.805
id_rr_pipe_reg.instr_out\[3\],15.8
id_rr_pipe_reg.pc_next_in\[4\],15.8
_07467_,15.79
dmem.ram\[2\]\[15\],15.79
_03344_,15.78
dmem.ram\[60\]\[8\],15.78
dmem.ram\[14\]\[8\],15.765
_02622_,15.76
_04126_,15.76
_06184_,15.76
_06599_,15.76
dmem.ram\[17\]\[8\],15.76
instr_mem1.rom\[2\]\[10\],15.745
_05130_,15.74
_06966_,15.74
dmem.ram\[15\]\[0\],15.74
_02077_,15.725
_02845_,15.72
_03570_,15.72
_07797_,15.72
net360,15.7
_02982_,15.68
_03311_,15.68
_08138_,15.68
dmem.ram\[28\]\[8\],15.68
dmem.ram\[39\]\[0\],15.68
instr_mem1.rom\[13\]\[12\],15.68
_03164_,15.66
_03538_,15.66
_04427_,15.66
_00127_,15.645
instr_mem1.rom\[2\]\[15\],15.645
_04325_,15.64
_05559_,15.64
alu_control.instr\[9\],15.64
dmem.ram\[31\]\[8\],15.64
_00380_,15.625
_00481_,15.625
_04400_,15.62
_07951_,15.62
net811,15.62
instr_mem1.rom\[10\]\[13\],15.605
_03605_,15.6
dmem.ram\[41\]\[10\],15.6
_04312_,15.58
dmem.ram\[46\]\[3\],15.57
dmem.ram\[11\]\[10\],15.56
net440,15.56
net1079,15.56
instr_mem1.rom\[9\]\[2\],15.54
net944,15.54
_04629_,15.52
_08151_,15.52
net576,15.52
net986,15.5
net1295,15.5
_03030_,15.48
_04365_,15.48
_07040_,15.48
nop_control_from_hazard,15.48
dmem.ram\[30\]\[3\],15.47
_00709_,15.465
_04476_,15.46
_04681_,15.46
_05923_,15.46
net1366,15.46
net1975,15.46
dmem.ram\[25\]\[9\],15.44
instr_mem1.rom\[0\]\[9\],15.44
net1312,15.44
_00087_,15.425
_00207_,15.425
_04487_,15.42
bht_lut.branchHistoryTable\[4\]\[17\],15.42
_04919_,15.4
_05300_,15.4
dmem.ram\[24\]\[15\],15.4
dmem.ram\[50\]\[13\],15.4
ir_port[1],15.4
dmem.ram\[15\]\[4\],15.38
dmem.ram\[36\]\[10\],15.36
instr_mem1.rom\[8\]\[6\],15.36
dmem.ram\[43\]\[7\],15.355
_00189_,15.345
_04727_,15.34
_04923_,15.34
_05483_,15.34
_05866_,15.34
net991,15.34
_08238_,15.32
dmem.ram\[24\]\[0\],15.3
dmem.ram\[42\]\[12\],15.3
_02167_,15.28
dmem.ram\[13\]\[1\],15.275
_07354_,15.26
_08299_,15.26
bht_lut.pc_from_ex\[6\],15.26
instr_mem1.rom\[1\]\[3\],15.26
net602,15.26
dmem.ram\[30\]\[13\],15.25
_04071_,15.24
_08336_,15.24
instr_mem1.rom\[2\]\[4\],15.225
_02190_,15.22
_02972_,15.22
_03615_,15.22
_06441_,15.22
_07245_,15.22
_07505_,15.22
_07595_,15.22
net206,15.22
_02952_,15.2
_04942_,15.2
_07322_,15.2
dmem.ram\[49\]\[8\],15.2
net787,15.2
dmem.ram\[53\]\[11\],15.18
net199,15.18
net1391,15.18
_05164_,15.17
_01244_,15.165
_06985_,15.16
net717,15.16
_03349_,15.14
ex_mem_pipe_reg.RF_D2_Out\[2\],15.14
_02805_,15.12
_05753_,15.12
_08372_,15.12
net1810,15.12
net1950,15.12
_01558_,15.105
_02788_,15.1
net163,15.1
_03520_,15.08
_03977_,15.08
_02835_,15.06
_05685_,15.06
_05990_,15.06
_05365_,15.04
_07366_,15.04
dmem.ram\[47\]\[15\],15.02
dmem.ram\[57\]\[9\],15.02
net1170,15.02
dmem.ram\[26\]\[13\],15.005
_04024_,15
_06349_,15
_00089_,14.985
dmem.ram\[54\]\[7\],14.985
_02314_,14.98
dmem.ram\[37\]\[12\],14.98
net144,14.98
net513,14.98
_04862_,14.96
_04473_,14.94
_05945_,14.94
_06072_,14.94
_08445_,14.94
instr_mem1.rom\[14\]\[15\],14.925
_03241_,14.92
_04649_,14.92
net1965,14.92
_06540_,14.9
ex_mem_pipe_reg.Instr_Out\[6\],14.9
instr_mem1.rom\[0\]\[3\],14.9
_04280_,14.88
_04980_,14.88
_08100_,14.88
net354,14.88
net956,14.88
net976,14.88
_01535_,14.865
instr_mem1.rom\[4\]\[14\],14.86
dmem.ram\[2\]\[3\],14.85
_01003_,14.845
_01171_,14.845
_03389_,14.84
_04842_,14.84
_05125_,14.84
_06893_,14.84
dmem.ram\[51\]\[0\],14.84
clknet_leaf_106_clk,14.84
_02903_,14.82
_05550_,14.82
net456,14.82
net1518,14.82
net1920,14.82
_05875_,14.8
bht_lut.branchHistoryTable\[1\]\[16\],14.8
dmem.ram\[31\]\[11\],14.8
net1909,14.8
_01886_,14.785
_00025_,14.78
_03816_,14.78
net1357,14.78
dmem.ram\[3\]\[12\],14.77
net130,14.765
_04028_,14.76
_05237_,14.76
dmem.ram\[0\]\[6\],14.76
instr_mem1.rom\[5\]\[2\],14.76
instr_mem1.rom\[5\]\[5\],14.76
instr_mem1.rom\[5\]\[6\],14.76
net1029,14.76
_00148_,14.745
_02787_,14.74
_02210_,14.72
_02959_,14.72
instr_mem1.rom\[8\]\[14\],14.72
_03475_,14.7
net1439,14.7
dmem.ram\[18\]\[2\],14.685
_07336_,14.68
instr_mem1.rom\[14\]\[0\],14.68
net562,14.68
_08373_,14.67
net1498,14.66
net1783,14.66
_04208_,14.64
_05592_,14.64
_07307_,14.64
_02386_,14.635
_00427_,14.625
net567,14.625
net575,14.605
_02203_,14.6
_04963_,14.6
_06341_,14.6
_06983_,14.6
dmem.ram\[3\]\[8\],14.6
net927,14.6
_04129_,14.58
_06618_,14.58
_07704_,14.58
_08348_,14.58
net932,14.58
net1736,14.58
_01831_,14.56
_03802_,14.56
_06738_,14.56
_08354_,14.56
dmem.ram\[34\]\[7\],14.56
_00069_,14.545
net1195,14.54
net1228,14.54
dmem.ram\[2\]\[2\],14.535
_04693_,14.52
dmem.ram\[56\]\[9\],14.52
net138,14.52
_02500_,14.5
dmem.ram\[49\]\[2\],14.5
dmem.ram\[2\]\[1\],14.495
_00302_,14.485
_06071_,14.48
_06432_,14.48
_07832_,14.48
bht_lut.branchHistoryTable\[5\]\[13\],14.48
dmem.ram\[9\]\[9\],14.48
dmem.ram\[6\]\[2\],14.465
_03976_,14.46
_04906_,14.46
_08135_,14.46
net1434,14.46
net1751,14.46
_02906_,14.44
_08298_,14.44
_01882_,14.425
_02814_,14.42
_03377_,14.42
_06913_,14.42
_07407_,14.42
_07274_,14.4
bht_lut.branchHistoryTable\[6\]\[2\],14.4
dmem.ram\[25\]\[14\],14.4
instr_mem1.rom\[4\]\[5\],14.4
instr_mem1.rom\[9\]\[0\],14.4
dmem.ram\[39\]\[1\],14.39
_03431_,14.38
net759,14.38
_04588_,14.36
_04990_,14.36
instr_mem1.rom\[6\]\[8\],14.345
net330,14.34
net879,14.34
_04855_,14.32
_05650_,14.32
_03640_,14.3
_05056_,14.3
dmem.ram\[17\]\[10\],14.3
dmem.ram\[27\]\[14\],14.3
dmem.ram\[45\]\[7\],14.3
id_rr_pipe_reg.pc_next_out\[10\],14.3
net650,14.3
net864,14.3
net1040,14.3
_07701_,14.28
_02227_,14.26
_03846_,14.26
dmem.ram\[37\]\[9\],14.26
ex_mem_pipe_reg.RF_D2_Out\[7\],14.26
net135,14.26
net1823,14.26
dmem.ram\[39\]\[4\],14.24
net1127,14.24
instr_mem1.rom\[2\]\[0\],14.23
_02872_,14.22
_05922_,14.22
dmem.ram\[28\]\[15\],14.22
dmem.ram\[55\]\[13\],14.22
net719,14.22
net1570,14.22
_01697_,14.2
_07568_,14.2
net1719,14.2
dmem.ram\[10\]\[15\],14.195
_00150_,14.185
_03238_,14.18
_07952_,14.18
dmem.ram\[23\]\[9\],14.18
dmem.ram\[43\]\[0\],14.18
_04008_,14.16
_06584_,14.16
_07501_,14.16
_01544_,14.145
_03138_,14.14
_00168_,14.125
_01076_,14.125
_02977_,14.12
_04640_,14.12
dmem.ram\[39\]\[3\],14.12
ex_mem_pipe_reg.RF_D1_Out\[2\],14.12
_07288_,14.115
_04054_,14.1
ex_mem_pipe_reg.RF_D1_Out\[1\],14.1
dmem.ram\[10\]\[4\],14.095
_00134_,14.085
_02175_,14.08
_03124_,14.08
_05793_,14.08
_07261_,14.08
net748,14.08
_08240_,14.06
_00139_,14.045
_07868_,14.04
net1299,14.04
_06394_,14.02
_07738_,14.02
forwardlogic.rd_prev_addr_rr_ex\[2\],14.02
net1120,14.02
_06575_,14.01
instr_mem1.rom\[10\]\[14\],14.005
_03810_,14
_04314_,14
_06179_,14
_06438_,14
_07828_,14
net1410,14
_01210_,13.965
dmem.ram\[18\]\[15\],13.965
_02606_,13.96
_03551_,13.96
_04876_,13.96
_06713_,13.96
_06832_,13.96
_08155_,13.96
_08209_,13.96
_08448_,13.96
dmem.ram\[31\]\[14\],13.96
net1938,13.96
dmem.ram\[10\]\[11\],13.955
_01870_,13.945
_07024_,13.94
_07279_,13.94
_08126_,13.94
instr_mem1.rom\[13\]\[13\],13.94
net1032,13.94
_01226_,13.925
_02752_,13.92
bht_lut.branchHistoryTable\[5\]\[9\],13.92
_02976_,13.9
net1484,13.9
net1666,13.9
dmem.ram\[18\]\[13\],13.885
_05004_,13.88
_05422_,13.88
net203,13.88
net1080,13.88
net1742,13.88
net1944,13.88
_03351_,13.86
_08470_,13.86
_03265_,13.84
bht_lut.branchHistoryTable\[6\]\[7\],13.84
dmem.ram\[20\]\[3\],13.84
dmem.ram\[36\]\[9\],13.84
dmem.ram\[63\]\[0\],13.84
instr_mem1.rom\[11\]\[6\],13.84
_00178_,13.825
dmem.ram\[21\]\[12\],13.82
ex_mem_pipe_reg.RF_D1_Out\[3\],13.82
_01351_,13.805
_02151_,13.805
dmem.ram\[26\]\[14\],13.805
_07646_,13.8
dmem.ram\[47\]\[10\],13.8
net479,13.8
net997,13.8
_00810_,13.785
la_sa_lm_sm_block.reg_data_form_id_128\[89\],13.78
net1542,13.78
_02380_,13.76
_02958_,13.76
_06728_,13.76
bht_lut.branchHistoryTable\[4\]\[7\],13.76
dmem.ram\[7\]\[3\],13.76
instr_wdata[1],13.76
_00102_,13.745
_06811_,13.745
_05392_,13.74
_07468_,13.74
net1573,13.74
_00159_,13.725
_05929_,13.72
dmem.ram\[25\]\[10\],13.72
instr_mem1.rom\[11\]\[14\],13.72
net455,13.72
_03921_,13.7
_02676_,13.68
_08480_,13.68
dmem.ram\[47\]\[6\],13.68
net685,13.68
net1677,13.68
_04319_,13.66
_04377_,13.66
_05466_,13.66
_06031_,13.66
instr_mem1.rom\[3\]\[0\],13.66
instr_mem1.rom\[6\]\[10\],13.645
_07003_,13.64
_07198_,13.64
_07421_,13.64
_08365_,13.64
dmem.ram\[1\]\[14\],13.64
_04577_,13.62
_01410_,13.605
net555,13.605
_08270_,13.6
dmem.ram\[31\]\[0\],13.6
_02067_,13.585
dmem.ram\[21\]\[10\],13.58
_00206_,13.565
_02524_,13.56
_03415_,13.56
_03933_,13.56
_05419_,13.56
_07497_,13.56
net407,13.56
net1471,13.56
net1802,13.56
_00269_,13.545
_04928_,13.54
_05027_,13.54
_07117_,13.54
dmem.ram\[56\]\[14\],13.54
ir_port[15],13.54
net263,13.54
net1618,13.54
net1800,13.54
dmem.ram\[49\]\[7\],13.53
_00053_,13.525
_03490_,13.52
_07309_,13.52
_00248_,13.505
_03524_,13.5
_03914_,13.5
_04602_,13.5
_05189_,13.5
_05668_,13.5
_07042_,13.5
_07906_,13.5
net850,13.5
net1727,13.5
dmem.ram\[14\]\[4\],13.485
_08501_,13.48
dmem.ram\[52\]\[9\],13.48
_00132_,13.475
_02993_,13.46
_07502_,13.46
_06977_,13.44
dmem.ram\[15\]\[5\],13.44
net1801,13.44
instr_mem1.rom\[6\]\[12\],13.425
_02561_,13.42
_02577_,13.42
_04759_,13.42
_06095_,13.42
_06287_,13.42
dmem.ram\[57\]\[0\],13.42
net327,13.42
_08367_,13.41
net816,13.4
_00314_,13.385
_03153_,13.38
_04189_,13.38
_08026_,13.38
dmem.ram\[39\]\[8\],13.38
dmem.ram\[52\]\[11\],13.38
dmem.ram\[60\]\[7\],13.38
instr_mem1.rom\[13\]\[1\],13.38
instr_mem1.rom\[3\]\[4\],13.38
net808,13.38
_01480_,13.365
_02537_,13.365
net120,13.365
net134,13.365
_03971_,13.36
_07267_,13.36
net1018,13.36
_02990_,13.34
_08420_,13.34
dmem.ram\[36\]\[6\],13.34
dmem.ram\[49\]\[14\],13.34
dmem.ram\[49\]\[1\],13.34
dmem.ram\[61\]\[6\],13.34
_00279_,13.325
_00284_,13.325
_01066_,13.325
_02162_,13.32
_07089_,13.32
id_rr_pipe_reg.pc_next_out\[9\],13.32
net1175,13.32
_00095_,13.305
_01673_,13.305
_01032_,13.3
_02222_,13.3
dmem.ram\[3\]\[10\],13.3
_07472_,13.29
_00259_,13.285
_00819_,13.285
net1399,13.28
bht_lut.branchHistoryTable\[4\]\[20\],13.27
_07500_,13.26
net444,13.26
_05179_,13.24
alu_control.ALUControlIn\[3\],13.24
dmem.ram\[47\]\[13\],13.24
_05403_,13.22
_05965_,13.22
dmem.ram\[52\]\[5\],13.22
dmem.ram\[61\]\[9\],13.22
dmem.ram\[9\]\[12\],13.22
net492,13.22
_02326_,13.2
_05077_,13.2
_05534_,13.2
_06619_,13.2
_06824_,13.2
net484,13.2
net786,13.2
net1567,13.2
bht_lut.branchHistoryTable\[0\]\[17\],13.18
dmem.ram\[57\]\[15\],13.18
instr_mem1.rom\[12\]\[6\],13.18
net1008,13.18
instr_mem1.rom\[4\]\[15\],13.16
net679,13.16
net775,13.16
net909,13.16
_00711_,13.145
_01300_,13.145
_05861_,13.14
net1270,13.14
net1844,13.14
_00717_,13.125
_02201_,13.12
_02772_,13.12
_04505_,13.12
_04817_,13.12
_05122_,13.12
bht_lut.branchHistoryTable\[1\]\[10\],13.12
dmem.ram\[13\]\[9\],13.12
dmem.ram\[63\]\[3\],13.12
_01654_,13.105
_00946_,13.1
_02618_,13.1
_06883_,13.1
ex_mem_pipe_reg.ALU_Result_Out\[3\],13.1
_00140_,13.085
_00495_,13.085
_04238_,13.08
_04773_,13.08
_04788_,13.08
_06756_,13.08
dmem.ram\[33\]\[0\],13.08
id_rr_pipe_reg.pc_next_in\[11\],13.08
net267,13.08
net768,13.08
_08485_,13.07
_01911_,13.065
id_rr_pipe_reg.pc_next_in\[2\],13.06
_00289_,13.045
_01199_,13.045
_03842_,13.04
_04604_,13.04
_04669_,13.04
_04927_,13.04
_04975_,13.04
_05444_,13.04
_06170_,13.04
_06186_,13.04
_06472_,13.04
_07414_,13.04
id_rr_pipe_reg.pc_next_out\[0\],13.04
net418,13.04
net1094,13.04
dmem.ram\[2\]\[12\],13.035
instr_mem1.rom\[2\]\[1\],13.025
net329,13.02
dmem.ram\[11\]\[14\],13.01
_01117_,13.005
_02613_,13
_04823_,13
_07766_,13
_08304_,13
dmem.ram\[3\]\[4\],13
_02918_,12.98
_08125_,12.98
bht_lut.branchHistoryTable\[6\]\[0\],12.98
dmem.ram\[7\]\[0\],12.98
net1427,12.98
_02306_,12.96
_03467_,12.96
_03563_,12.96
_03756_,12.96
_05744_,12.96
_06119_,12.96
net303,12.96
net433,12.96
_00128_,12.94
net1660,12.94
net520,12.925
_02511_,12.92
dmem.ram\[58\]\[3\],12.92
net631,12.92
_00026_,12.9
net868,12.9
net1118,12.9
_02608_,12.89
_00712_,12.885
dmem.ram\[6\]\[4\],12.885
alu_control.instr\[10\],12.88
bht_lut.branchHistoryTable\[0\]\[19\],12.88
bht_lut.branchHistoryTable\[0\]\[2\],12.88
dmem.ram\[48\]\[0\],12.88
dmem.ram\[7\]\[7\],12.88
_00122_,12.865
_00152_,12.865
_01569_,12.865
_02024_,12.865
_03638_,12.86
_05594_,12.86
_07436_,12.86
dmem.ram\[19\]\[1\],12.86
net1973,12.86
_00176_,12.845
_04664_,12.84
_05758_,12.84
net644,12.84
_07879_,12.83
_07368_,12.82
_08031_,12.82
net834,12.82
dmem.ram\[2\]\[8\],12.815
_00661_,12.805
_02281_,12.8
_04123_,12.8
_06724_,12.8
_08343_,12.8
dmem.ram\[27\]\[10\],12.795
instr_mem1.rom\[6\]\[2\],12.785
_02974_,12.78
_02307_,12.76
_04480_,12.76
dmem.ram\[49\]\[9\],12.76
ex_mem_pipe_reg.RF_D1_Out\[4\],12.76
net784,12.76
_00202_,12.745
_05649_,12.74
debug_reg_data[6],12.74
net855,12.74
_07476_,12.735
_00164_,12.725
instr_mem1.rom\[10\]\[0\],12.725
_05012_,12.72
instr_mem1.rom\[12\]\[1\],12.72
net437,12.72
net684,12.72
_01741_,12.715
_00020_,12.705
_01343_,12.705
_03159_,12.7
_03866_,12.7
_04583_,12.7
_05927_,12.7
_06017_,12.7
_06870_,12.7
bht_lut.branchHistoryTable\[5\]\[16\],12.7
bht_lut.branchHistoryTable\[6\]\[10\],12.7
net1242,12.7
_00510_,12.685
_03723_,12.68
_08326_,12.68
dmem.ram\[24\]\[2\],12.68
dmem.ram\[39\]\[2\],12.68
dmem.ram\[3\]\[2\],12.68
ex_mem_pipe_reg.Instr_Out\[15\],12.68
_01930_,12.665
_02141_,12.665
_04418_,12.66
_06202_,12.66
_08422_,12.66
dmem.ram\[14\]\[11\],12.66
dmem.ram\[34\]\[5\],12.66
dmem.ram\[44\]\[1\],12.66
id_rr_pipe_reg.pc_next_in\[14\],12.66
net656,12.66
net1248,12.66
net1370,12.66
_02194_,12.64
net221,12.64
_00201_,12.625
_00260_,12.625
_00316_,12.625
_02448_,12.62
_03465_,12.62
debug_mem_data[14],12.62
net196,12.62
net1047,12.62
net1072,12.62
net1325,12.62
_06948_,12.6
dmem.ram\[37\]\[7\],12.6
dmem.ram\[63\]\[1\],12.59
_01547_,12.585
_02553_,12.58
_03580_,12.58
_04090_,12.58
net110,12.58
_04860_,12.56
_05367_,12.56
_07142_,12.56
bht_lut.branchHistoryTable\[2\]\[9\],12.56
_00431_,12.545
_01289_,12.545
_03001_,12.54
_05102_,12.54
_08214_,12.54
_08456_,12.54
instr_mem1.rom\[12\]\[0\],12.54
instr_mem1.rom\[13\]\[0\],12.54
_02172_,12.52
_02562_,12.52
_03116_,12.52
_04688_,12.52
net955,12.52
net1624,12.52
_04898_,12.5
_07845_,12.5
debug_mem_addr[3],12.5
instr_mem1.rom\[13\]\[4\],12.5
instr_mem1.rom\[9\]\[1\],12.5
net255,12.5
net295,12.5
net954,12.5
net1112,12.5
_00426_,12.48
net1130,12.48
net1300,12.48
dmem.ram\[22\]\[5\],12.47
_00283_,12.465
_04570_,12.46
instr_mem1.rom\[12\]\[7\],12.46
net176,12.46
dmem.ram\[30\]\[1\],12.455
net858,12.44
net1770,12.44
instr_mem1.rom\[7\]\[0\],12.42
net531,12.42
net537,12.42
dmem.mem_read_data\[2\],12.4
net1669,12.4
dmem.ram\[9\]\[11\],12.38
net47,12.38
net1482,12.38
_00052_,12.375
_04666_,12.375
_00285_,12.365
_00299_,12.365
net1108,12.36
net1908,12.36
dmem.ram\[59\]\[9\],12.35
_02770_,12.34
net911,12.34
_04774_,12.31
_01734_,12.305
_02385_,12.3
_03504_,12.3
_05010_,12.3
bht_lut.branchHistoryTable\[6\]\[11\],12.3
ex_mem_pipe_reg.ALU_Result_Out\[0\],12.3
net1057,12.3
_00155_,12.285
_01696_,12.28
_02597_,12.28
_03031_,12.28
_08040_,12.28
net448,12.28
net465,12.28
net779,12.28
net827,12.28
instr_mem1.rom\[6\]\[5\],12.265
_03231_,12.26
instr_mem1.rom\[0\]\[2\],12.26
_00270_,12.245
_03158_,12.24
_03947_,12.24
_04939_,12.24
_05794_,12.24
_06100_,12.24
_06988_,12.24
dmem.ram\[34\]\[6\],12.24
instr_mem1.rom\[13\]\[14\],12.24
instr_mem1.rom\[7\]\[7\],12.24
dmem.ram\[6\]\[8\],12.225
_06279_,12.22
_00185_,12.205
_02283_,12.2
_02587_,12.2
_07232_,12.2
_07375_,12.2
_05924_,12.18
la_sa_lm_sm_block.reg_data_form_id_128\[101\],12.18
_00402_,12.165
_00571_,12.165
_00273_,12.16
_01089_,12.16
_02452_,12.16
_02797_,12.16
_03000_,12.16
_03163_,12.16
_03229_,12.16
_07069_,12.16
_07655_,12.16
_08058_,12.16
_08497_,12.16
id_rr_pipe_reg.pc_next_in\[5\],12.16
instr_mem1.rom\[11\]\[12\],12.16
net420,12.16
net552,12.16
net1560,12.16
net1597,12.16
net1775,12.16
_01373_,12.145
_03436_,12.14
_06063_,12.14
_06410_,12.14
_07778_,12.14
instr_mem1.rom\[11\]\[1\],12.14
_00125_,12.125
_00286_,12.125
_02501_,12.12
_02609_,12.12
_02681_,12.12
_02697_,12.12
_02705_,12.12
_08133_,12.12
_00082_,12.115
_05894_,12.1
_08264_,12.1
instr_mem1.rom\[15\]\[11\],12.1
dmem.ram\[23\]\[14\],12.09
_00098_,12.085
_00262_,12.085
instr_mem1.rom\[2\]\[7\],12.085
instr_mem1.rom\[6\]\[4\],12.085
_03603_,12.08
_05442_,12.08
_06981_,12.08
_07882_,12.08
bht_lut.branchHistoryTable\[3\]\[16\],12.08
dmem.ram\[47\]\[9\],12.08
net1405,12.08
_06775_,12.06
net490,12.06
net1030,12.06
net1353,12.06
net1785,12.06
_01118_,12.045
_04541_,12.04
_05882_,12.04
_06004_,12.04
_06241_,12.04
_07941_,12.04
instr_mem1.rom\[0\]\[10\],12.04
net361,12.04
net442,12.04
_00223_,12.02
_02273_,12.02
_02865_,12.02
_03962_,12.02
_06300_,12.02
net721,12.02
net1281,12.02
instr_mem1.rom\[6\]\[0\],12.005
_02189_,12
_07250_,12
dmem.ram\[28\]\[7\],12
net48,12
_01023_,11.985
_01668_,11.985
_05914_,11.98
_07484_,11.98
bht_lut.branchHistoryTable\[1\]\[0\],11.98
dmem.ram\[37\]\[10\],11.98
net1016,11.98
_00274_,11.965
_00833_,11.965
_03487_,11.96
_05775_,11.96
_07934_,11.96
dmem.ram\[47\]\[8\],11.96
dmem.ram\[7\]\[2\],11.96
net312,11.96
_03338_,11.955
_07455_,11.95
_03319_,11.94
_06921_,11.94
_07050_,11.94
_07125_,11.94
net947,11.94
net1401,11.94
_03110_,11.92
_06369_,11.92
_06809_,11.92
net256,11.92
net706,11.92
_00165_,11.905
instr_mem1.rom\[6\]\[6\],11.905
_03455_,11.9
_06196_,11.9
_08032_,11.9
dmem.ram\[43\]\[9\],11.9
net1647,11.9
net1946,11.9
_03121_,11.88
_08181_,11.88
dmem.ram\[31\]\[15\],11.88
net155,11.88
_02148_,11.865
net861,11.86
net936,11.86
_01453_,11.845
_02616_,11.84
dmem.ram\[19\]\[0\],11.84
dmem.ram\[3\]\[0\],11.84
instr_mem1.rom\[7\]\[12\],11.84
_02535_,11.82
_04373_,11.82
_05645_,11.82
_05937_,11.82
_07782_,11.82
_08481_,11.82
instr_mem1.rom\[9\]\[13\],11.82
net799,11.82
_02599_,11.815
_02417_,11.8
_05998_,11.8
net291,11.8
net517,11.8
_02551_,11.795
_01458_,11.785
_03318_,11.78
_06700_,11.78
_07830_,11.78
dmem.ram\[9\]\[7\],11.78
net1023,11.78
net1842,11.78
debug_reg_data[2],11.77
_01417_,11.765
_08290_,11.76
_00674_,11.745
_02110_,11.745
net139,11.745
_06465_,11.74
_07457_,11.74
_08275_,11.74
bht_lut.pointer\[2\],11.74
id_rr_pipe_reg.pc_next_in\[6\],11.74
instr_mem1.rom\[11\]\[3\],11.74
_03027_,11.72
_04701_,11.72
instr_mem1.rom\[7\]\[1\],11.72
_00757_,11.715
_00144_,11.705
_01018_,11.705
_01645_,11.705
_02129_,11.705
_02633_,11.7
_03123_,11.7
_03250_,11.7
_06231_,11.7
_07784_,11.7
_08075_,11.7
id_rr_pipe_reg.pc_next_out\[11\],11.7
net454,11.7
net888,11.7
net974,11.7
net1469,11.7
net1547,11.7
net1657,11.7
_07179_,11.685
_08371_,11.685
_02338_,11.68
_04391_,11.68
_05225_,11.68
_05656_,11.68
net482,11.68
net1955,11.68
_08025_,11.67
_00090_,11.665
_02950_,11.66
_03954_,11.66
_05754_,11.66
_07219_,11.66
la_sa_lm_sm_block.reg_data_form_id_128\[91\],11.66
net44,11.66
net664,11.66
net1407,11.66
net151,11.655
_03906_,11.64
_02344_,11.62
_06727_,11.62
bht_lut.branchHistoryTable\[2\]\[3\],11.62
net826,11.62
net169,11.61
_01013_,11.6
_01442_,11.6
bht_lut.branchHistoryTable\[1\]\[7\],11.6
debug_reg_data[9],11.6
net397,11.6
instr_mem1.rom\[10\]\[4\],11.585
_02377_,11.58
_04557_,11.58
_04905_,11.58
_05671_,11.58
_07755_,11.58
net574,11.58
net789,11.58
net1192,11.58
_00267_,11.565
_01982_,11.565
_00027_,11.56
_02998_,11.56
_04979_,11.56
_02424_,11.54
_06862_,11.54
_07301_,11.54
_07616_,11.54
_08427_,11.54
_08482_,11.54
bht_lut.branchHistoryTable\[6\]\[12\],11.54
instr_mem1.rom\[13\]\[8\],11.54
instr_mem1.rom\[14\]\[6\],11.54
net1438,11.54
net1466,11.54
_01572_,11.525
_08451_,11.52
net320,11.52
net1500,11.52
_00121_,11.505
_00214_,11.505
_01424_,11.505
bht_lut.branchHistoryTable\[6\]\[9\],11.5
dmem.ram\[58\]\[6\],11.5
net1837,11.5
_02791_,11.48
_03617_,11.48
_03687_,11.48
net1100,11.48
net1554,11.48
net1855,11.48
net1974,11.48
_00240_,11.465
net317,11.46
net516,11.46
net797,11.46
_03112_,11.44
_03489_,11.44
bht_lut.branchHistoryTable\[4\]\[19\],11.44
bht_lut.branchHistoryTable\[6\]\[14\],11.44
net323,11.44
net1644,11.44
dmem.ram\[10\]\[2\],11.43
_00199_,11.425
_02949_,11.42
_02999_,11.42
_03183_,11.42
instr_mem1.rom\[11\]\[7\],11.42
instr_mem1.rom\[14\]\[9\],11.42
net559,11.42
net1115,11.42
_04971_,11.4
_05854_,11.4
_08495_,11.4
_01257_,11.395
_02631_,11.38
dmem.ram\[11\]\[8\],11.38
_01545_,11.375
_02880_,11.36
_03814_,11.36
_04095_,11.36
_06297_,11.36
_06715_,11.36
_07430_,11.36
net671,11.36
net761,11.36
net875,11.36
_07341_,11.345
_04004_,11.34
instr_mem1.rom\[11\]\[13\],11.34
net461,11.34
net981,11.34
net1412,11.34
_01121_,11.325
net1015,11.325
_05411_,11.32
_07891_,11.32
_08167_,11.32
id_rr_pipe_reg.instr_out\[8\],11.32
net179,11.32
net1098,11.32
net1947,11.32
_02939_,11.3
_08314_,11.3
dmem.ram\[11\]\[1\],11.3
dmem.ram\[43\]\[14\],11.3
id_rr_pipe_reg.pc_next_in\[3\],11.3
_00158_,11.285
_00663_,11.285
net581,11.285
_03864_,11.28
_04052_,11.28
_04609_,11.28
dmem.ram\[9\]\[3\],11.28
ex_mem_pipe_reg.RF_D2_Out\[3\],11.28
id_rr_pipe_reg.pc_next_in\[8\],11.28
net213,11.28
net943,11.28
_05078_,11.27
_02449_,11.26
_08143_,11.26
ex_mem_pipe_reg.ALU_Result_Out\[1\],11.26
net476,11.26
_01500_,11.245
instr_mem1.rom\[6\]\[1\],11.245
net604,11.245
_02754_,11.24
_03859_,11.24
_04736_,11.24
_06404_,11.24
_06415_,11.24
_06997_,11.24
_08162_,11.24
ir_port[11],11.24
net186,11.24
net412,11.24
net622,11.24
net1476,11.24
net1661,11.24
_03491_,11.22
_07444_,11.22
_08201_,11.22
net332,11.22
_00136_,11.205
_00184_,11.205
_00220_,11.205
_00735_,11.205
_01893_,11.205
_02544_,11.2
_02658_,11.2
_02749_,11.2
_03342_,11.2
_04002_,11.2
_04207_,11.2
_05716_,11.2
_06970_,11.2
_07048_,11.2
_07799_,11.2
_07900_,11.2
instr_mem1.rom\[11\]\[5\],11.2
la_sa_lm_sm_block.reg_index_lm_sm\[0\],11.2
net233,11.2
net469,11.2
_00062_,11.185
_00417_,11.185
_00432_,11.185
_01131_,11.165
_01992_,11.165
_02439_,11.16
_02691_,11.16
_02997_,11.16
_03100_,11.16
_03999_,11.16
_04932_,11.16
_05136_,11.16
_06210_,11.16
bht_lut.branchHistoryTable\[2\]\[2\],11.16
_02626_,11.14
_03797_,11.14
_08187_,11.14
net565,11.14
_02415_,11.12
_02491_,11.12
_04819_,11.12
_06198_,11.12
_06463_,11.12
_07335_,11.12
_08493_,11.12
instr_waddr[1],11.12
net824,11.12
net978,11.12
net1067,11.12
_01308_,11.105
instr_mem1.rom\[6\]\[7\],11.105
_04655_,11.1
net673,11.1
net1423,11.1
_00585_,11.085
_01225_,11.085
_02196_,11.08
_06623_,11.08
_08313_,11.08
dmem.ram\[15\]\[15\],11.08
dmem.ram\[17\]\[12\],11.08
dmem.ram\[17\]\[13\],11.08
instr_mem1.rom\[9\]\[5\],11.08
net987,11.08
net1036,11.08
net1596,11.08
_07496_,11.07
_01624_,11.06
_01836_,11.06
net1708,11.06
_01168_,11.055
_04091_,11.04
_04260_,11.04
_05812_,11.04
_05860_,11.04
dmem.ram\[5\]\[5\],11.04
instr_mem1.rom\[5\]\[11\],11.04
net621,11.04
net1204,11.04
net1729,11.04
_02170_,11.02
_02849_,11.02
_07066_,11.02
net1215,11.02
net1527,11.02
net1757,11.02
net1956,11.02
instr_mem1.rom\[2\]\[5\],11.01
_02444_,11
_05008_,11
_08410_,11
net478,11
net1979,11
_04889_,10.98
_05640_,10.98
_07453_,10.98
net42,10.98
net1352,10.98
_01676_,10.965
_02120_,10.965
_04337_,10.96
_05934_,10.96
_08044_,10.96
_08294_,10.96
_08312_,10.96
bht_lut.branchHistoryTable\[0\]\[0\],10.96
id_rr_pipe_reg.instr_out\[11\],10.96
net365,10.96
net774,10.96
_00763_,10.945
_04770_,10.94
_08334_,10.94
net467,10.94
net1512,10.94
_03447_,10.92
_05373_,10.92
_07147_,10.92
dmem.ram\[10\]\[14\],10.92
dmem.ram\[47\]\[7\],10.92
net754,10.92
net762,10.92
_04012_,10.9
_05171_,10.9
net222,10.9
net391,10.9
net833,10.9
net1142,10.9
net1169,10.9
_00216_,10.885
_02304_,10.88
_02543_,10.88
_03026_,10.88
_03753_,10.88
_05815_,10.88
_06025_,10.88
_08339_,10.88
_03824_,10.86
_03840_,10.86
_05781_,10.86
_07215_,10.86
_07378_,10.86
_07844_,10.86
bht_lut.branchHistoryTable\[3\]\[10\],10.86
bht_lut.branchHistoryTable\[4\]\[4\],10.86
_00024_,10.845
_00209_,10.845
_03271_,10.84
_07271_,10.84
dmem.ram\[58\]\[0\],10.84
_00124_,10.825
_00809_,10.825
_01829_,10.82
_02225_,10.82
_02560_,10.82
_03657_,10.82
_04099_,10.82
_04646_,10.82
_04843_,10.82
_04880_,10.82
_05016_,10.82
_05259_,10.82
_05790_,10.82
_06253_,10.82
_08344_,10.82
_00257_,10.805
_03337_,10.8
_05689_,10.8
_05898_,10.8
instr_mem1.rom\[7\]\[2\],10.8
_01146_,10.785
_02098_,10.785
_02659_,10.78
_03047_,10.78
_03631_,10.78
_04824_,10.78
_06389_,10.78
_07344_,10.78
_07825_,10.78
_07866_,10.78
net550,10.78
_00211_,10.765
_01258_,10.765
_02219_,10.76
_02946_,10.76
_03940_,10.76
_06353_,10.76
_07423_,10.76
net286,10.76
net489,10.76
_00226_,10.745
_01005_,10.745
_01110_,10.745
_01235_,10.745
_02131_,10.745
_02340_,10.74
_02584_,10.74
_04477_,10.74
_04827_,10.74
_04947_,10.74
_06733_,10.74
_06889_,10.74
_06960_,10.74
_07044_,10.74
_07210_,10.74
_07491_,10.74
_07817_,10.74
_07874_,10.74
_08061_,10.74
bht_lut.branchHistoryTable\[3\]\[1\],10.74
net1601,10.74
_00855_,10.725
_03701_,10.72
_05938_,10.72
_08241_,10.72
dmem.ram\[3\]\[1\],10.72
_00356_,10.705
_03245_,10.7
_03293_,10.7
_03636_,10.7
_04495_,10.7
_04665_,10.7
_04867_,10.7
_05531_,10.7
_08168_,10.7
_08471_,10.7
net694,10.7
net951,10.7
_00342_,10.685
_08398_,10.68
dmem.ram\[42\]\[4\],10.68
net860,10.68
net1053,10.68
net1236,10.68
net1291,10.68
net1458,10.68
_00261_,10.665
_01249_,10.665
_02459_,10.66
_03378_,10.66
_03663_,10.66
_04871_,10.66
_05208_,10.66
_07742_,10.66
_07744_,10.66
_07827_,10.66
_08207_,10.66
_08390_,10.66
instr_mem1.rom\[13\]\[2\],10.66
instr_mem1.rom\[9\]\[3\],10.66
instr_mem1.rom\[9\]\[4\],10.66
_02136_,10.645
_02859_,10.64
_03582_,10.64
_07793_,10.64
net428,10.64
net646,10.64
net749,10.64
net793,10.64
net835,10.64
net979,10.64
net1326,10.64
net1340,10.64
_00243_,10.625
_03254_,10.62
_05495_,10.62
bht_lut.branchHistoryTable\[7\]\[3\],10.62
dmem.ram\[25\]\[6\],10.62
instr_mem1.rom\[15\]\[1\],10.62
instr_mem1.rom\[15\]\[2\],10.62
net659,10.62
net1575,10.62
_01628_,10.605
_02102_,10.6
_02321_,10.6
_03477_,10.6
_08462_,10.6
net1572,10.6
_02211_,10.58
net1386,10.58
_01747_,10.575
_01722_,10.565
_01845_,10.565
_02032_,10.56
_04040_,10.56
_06136_,10.56
bht_lut.branchHistoryTable\[1\]\[6\],10.56
net1054,10.56
_02843_,10.54
_02867_,10.54
_08166_,10.54
_08411_,10.54
net289,10.54
net386,10.54
instr_mem1.rom\[6\]\[15\],10.525
_07244_,10.52
instr_mem1.rom\[12\]\[15\],10.52
_00208_,10.505
_00449_,10.505
_00919_,10.505
_01228_,10.505
dmem.ram\[18\]\[4\],10.505
_02199_,10.5
_06919_,10.5
_08221_,10.5
bht_lut.branchHistoryTable\[5\]\[4\],10.5
instr_mem1.rom\[12\]\[5\],10.5
instr_mem1.rom\[15\]\[5\],10.5
_06249_,10.48
_02310_,10.46
_03128_,10.46
_03129_,10.46
_07931_,10.46
dmem.ram\[11\]\[12\],10.46
net395,10.46
net539,10.46
net1579,10.46
net1674,10.46
_00091_,10.445
_03764_,10.44
_04875_,10.44
_04991_,10.44
_05599_,10.44
_07091_,10.44
_07298_,10.44
_07735_,10.44
debug_mem_data[10],10.44
debug_mem_data[1],10.44
instr_mem1.rom\[13\]\[15\],10.44
ir_port[9],10.44
net237,10.44
net311,10.44
net335,10.44
net421,10.44
net606,10.44
net716,10.44
net751,10.44
net1529,10.44
net1617,10.44
net1643,10.44
net1978,10.44
_02992_,10.42
_03496_,10.42
_08286_,10.42
net790,10.42
net1369,10.42
instr_wdata[6],10.41
_02745_,10.4
_03033_,10.4
_03939_,10.4
_04533_,10.4
_06991_,10.4
_08212_,10.4
instr_mem1.rom\[13\]\[7\],10.4
instr_mem1.rom\[3\]\[1\],10.4
net63,10.4
net1762,10.4
_00583_,10.385
_00632_,10.385
_01679_,10.385
_01715_,10.385
_01917_,10.385
_02830_,10.38
_03333_,10.38
_05545_,10.38
_00032_,10.365
_00846_,10.365
_01355_,10.365
_01409_,10.365
_02478_,10.36
_03230_,10.36
_03693_,10.36
_03837_,10.36
_06879_,10.36
net52,10.36
_05439_,10.34
_06330_,10.34
_07097_,10.34
net275,10.34
net382,10.34
net1365,10.34
_03051_,10.32
_03387_,10.32
_03778_,10.32
_04033_,10.32
_04663_,10.32
_04674_,10.32
_05131_,10.32
_05557_,10.32
_06225_,10.32
_07851_,10.32
_08176_,10.32
net398,10.32
net643,10.32
net648,10.32
net758,10.32
net924,10.32
net1125,10.32
net1255,10.32
net1267,10.32
net1333,10.32
net1517,10.32
net1533,10.32
net1716,10.32
net1726,10.32
net1865,10.32
debug_mem_addr[2],10.31
_00408_,10.305
_01333_,10.305
_01426_,10.305
ex_mem_pipe_reg.Instr_Out\[5\],10.305
_04886_,10.3
_08510_,10.3
id_rr_pipe_reg.pc_out\[9\],10.3
la_sa_lm_sm_block.reg_data_form_id_128\[93\],10.3
_00198_,10.285
_00880_,10.285
_01266_,10.285
dmem.ram\[46\]\[15\],10.285
_02586_,10.28
_03157_,10.28
_03313_,10.28
_03856_,10.28
_03886_,10.28
_03916_,10.28
_04038_,10.28
_04739_,10.28
_06969_,10.28
_07911_,10.28
_08117_,10.28
bht_lut.branchHistoryTable\[2\]\[4\],10.28
bht_lut.branchHistoryTable\[7\]\[4\],10.28
net208,10.28
net278,10.28
net1468,10.28
net1497,10.28
net1959,10.28
id_rr_pipe_reg.spec_taken_in,10.275
instr_mem1.rom\[6\]\[11\],10.27
_02526_,10.26
_02823_,10.26
_02899_,10.26
_08426_,10.26
dmem.ram\[23\]\[13\],10.26
net481,10.26
dmem.ram\[14\]\[9\],10.245
net525,10.245
_02309_,10.24
_02432_,10.24
_05246_,10.24
_07113_,10.24
_07771_,10.24
_08090_,10.24
_08341_,10.24
_00149_,10.225
net928,10.22
_01682_,10.205
_03860_,10.2
_04406_,10.2
_05740_,10.2
_05786_,10.2
_06120_,10.2
_07627_,10.2
debug_mem_addr[0],10.2
debug_mem_addr[5],10.2
dmem.ram\[5\]\[11\],10.2
instr_mem1.rom\[5\]\[14\],10.2
instr_waddr[2],10.2
instr_wdata[13],10.2
net1218,10.2
_00030_,10.18
_02886_,10.18
_05420_,10.18
net678,10.18
net988,10.18
net1074,10.18
net1139,10.18
net1442,10.18
_06807_,10.16
dmem.ram\[36\]\[12\],10.16
instr_mem1.rom\[13\]\[11\],10.16
_00215_,10.145
_01230_,10.145
_02011_,10.145
_02115_,10.145
_07473_,10.14
bht_lut.branchHistoryTable\[5\]\[0\],10.14
dmem.ram\[39\]\[6\],10.12
net632,10.12
net1163,10.12
net1816,10.12
_07321_,10.115
_00182_,10.105
_00255_,10.105
_00403_,10.105
_00876_,10.105
_01920_,10.105
_03055_,10.1
_03302_,10.1
_03946_,10.1
_07148_,10.1
_08464_,10.1
net887,10.1
net1136,10.1
net1321,10.1
net1866,10.1
_02794_,10.08
_04581_,10.08
_07439_,10.08
bht_lut.branchHistoryTable\[4\]\[14\],10.08
instr_mem1.rom\[3\]\[14\],10.08
net501,10.08
net1096,10.08
_01634_,10.075
_00172_,10.065
_01259_,10.065
_02213_,10.06
_08465_,10.06
net1957,10.06
net1976,10.06
_00604_,10.045
_00890_,10.045
_01719_,10.045
_01956_,10.045
_02090_,10.045
_04489_,10.04
_07225_,10.04
_08352_,10.04
bht_lut.branchHistoryTable\[5\]\[10\],10.04
net1445,10.04
net1934,10.04
_03340_,10.025
_05331_,10.02
_01224_,10.005
_01132_,10
_07542_,10
bht_lut.branchHistoryTable\[4\]\[2\],10
instr_mem1.rom\[7\]\[3\],10
net410,10
net504,10
net1177,10
net1240,10
_00116_,9.985
_01929_,9.985
_02464_,9.98
_02996_,9.98
_03370_,9.98
_05519_,9.98
_08073_,9.98
debug_mem_data[4],9.98
debug_reg_data[14],9.98
ir_port[8],9.98
net279,9.98
net377,9.98
net614,9.98
net242,9.96
_00031_,9.945
_02440_,9.94
_02527_,9.94
_02765_,9.94
_03145_,9.94
_03155_,9.94
_03728_,9.94
_03766_,9.94
_06206_,9.94
_06839_,9.94
_07116_,9.94
_08349_,9.94
_08409_,9.94
bht_lut.branchHistoryTable\[3\]\[9\],9.94
net142,9.94
net266,9.94
net502,9.94
net1607,9.94
dmem.ram\[2\]\[4\],9.935
_00104_,9.925
_00183_,9.925
_00321_,9.925
_01559_,9.925
_01740_,9.92
_02792_,9.92
_07685_,9.92
bht_lut.branchHistoryTable\[4\]\[0\],9.92
id_rr_pipe_reg.pc_out\[1\],9.92
instr_mem1.rom\[14\]\[10\],9.92
_00647_,9.915
_00204_,9.905
_00276_,9.905
_00539_,9.905
_01079_,9.905
_01639_,9.905
_01744_,9.905
_01098_,9.9
_02531_,9.9
_03176_,9.9
_04431_,9.9
_04568_,9.9
_04755_,9.9
_05063_,9.9
_06066_,9.9
_06133_,9.9
instr_mem1.rom\[7\]\[13\],9.9
instr_mem1.rom\[7\]\[6\],9.9
dmem.ram\[43\]\[1\],9.895
_03972_,9.88
_06647_,9.88
_06755_,9.88
_07012_,9.88
_07021_,9.88
_08024_,9.88
debug_mem_data[11],9.88
net1907,9.88
_00244_,9.865
_01332_,9.865
_01403_,9.865
_01464_,9.865
_01649_,9.865
_01868_,9.865
_02675_,9.86
_02956_,9.86
_03058_,9.86
_03386_,9.86
_03752_,9.86
_03932_,9.86
_04395_,9.86
_05031_,9.86
_07324_,9.86
_07861_,9.86
_08049_,9.86
carry_flag_port,9.86
instr_mem1.rom\[3\]\[3\],9.86
net269,9.86
net352,9.86
net380,9.86
net430,9.86
net777,9.86
net1017,9.86
net1347,9.86
net1553,9.86
net1710,9.86
net1849,9.86
_02874_,9.84
_07326_,9.84
bht_lut.branchHistoryTable\[4\]\[12\],9.84
dmem.ram\[49\]\[15\],9.84
net1007,9.84
net1134,9.84
_00084_,9.835
_02423_,9.82
_02458_,9.82
_02679_,9.82
_02885_,9.82
_02910_,9.82
_03527_,9.82
_04075_,9.82
_04810_,9.82
_04870_,9.82
_06678_,9.82
_06941_,9.82
_07815_,9.82
_07920_,9.82
_07933_,9.82
_08317_,9.82
alu_control.ALUControlIn\[5\],9.82
net524,9.82
net1110,9.82
_06792_,9.81
_01980_,9.8
_03822_,9.8
_08156_,9.8
_01233_,9.785
net112,9.785
_03214_,9.78
_05759_,9.78
_06103_,9.78
_06161_,9.78
_06945_,9.78
_03819_,9.76
_08242_,9.76
net1021,9.76
net1251,9.76
net1402,9.76
net1422,9.76
net1436,9.76
net1486,9.76
net1523,9.76
_01044_,9.745
_02476_,9.74
_02877_,9.74
_03741_,9.74
bht_lut.branchHistoryTable\[1\]\[3\],9.74
instr_we,9.74
la_sa_lm_sm_block.reg_data_form_id_128\[45\],9.74
net847,9.74
net1516,9.74
_01232_,9.72
_05578_,9.72
_06804_,9.72
_06859_,9.72
alu_control.instr\[4\],9.72
net904,9.72
net1305,9.72
net1465,9.72
net1718,9.72
net1840,9.72
_03218_,9.7
_04139_,9.7
_05050_,9.7
_07668_,9.7
_08131_,9.7
_08306_,9.7
bht_lut.branchHistoryTable\[7\]\[6\],9.7
net570,9.7
net1693,9.7
_00085_,9.685
_00522_,9.685
net126,9.685
_01137_,9.68
_07236_,9.68
_08454_,9.68
_01085_,9.665
_02798_,9.66
_05168_,9.66
_05855_,9.66
_07605_,9.66
net1359,9.66
net1371,9.66
net1374,9.66
net1526,9.66
net1652,9.66
net1960,9.66
_00268_,9.645
_00537_,9.645
_01588_,9.645
_01726_,9.645
_02406_,9.64
_04039_,9.64
_04050_,9.64
_07836_,9.64
la_sa_lm_sm_block.reg_data_form_id_128\[90\],9.64
net1266,9.64
_00915_,9.635
_00319_,9.625
_05491_,9.62
_05771_,9.62
_08185_,9.62
instr_mem1.rom\[15\]\[12\],9.62
net1197,9.62
net1241,9.62
_00293_,9.605
_00474_,9.605
_02040_,9.605
_02790_,9.6
_07173_,9.6
net40,9.6
net1085,9.6
_00080_,9.585
_00814_,9.585
_01647_,9.585
instr_mem1.rom\[14\]\[1\],9.585
_01990_,9.58
_02884_,9.58
_07278_,9.58
_08353_,9.58
net1168,9.58
_07416_,9.57
_05100_,9.56
dmem.ram\[28\]\[13\],9.56
net1817,9.56
_00170_,9.545
_00931_,9.545
_06298_,9.54
net184,9.54
net691,9.54
net696,9.54
net769,9.54
net837,9.54
_02250_,9.535
_02900_,9.535
_04298_,9.52
_05032_,9.52
debug_mem_data[8],9.52
debug_reg_data[15],9.52
debug_reg_data[7],9.52
ir_port[13],9.52
ir_port[4],9.52
ir_port[6],9.52
pc_out_port[0],9.52
pc_out_port[5],9.52
pc_out_port[6],9.52
pc_out_port[7],9.52
pc_out_port[8],9.52
net326,9.52
net506,9.52
net584,9.52
net681,9.52
net704,9.52
net766,9.52
net821,9.52
net1311,9.52
net1421,9.52
net1598,9.52
_01769_,9.505
_02408_,9.5
_06280_,9.5
_07330_,9.5
_07533_,9.5
net190,9.5
net306,9.5
_00023_,9.485
_00929_,9.485
_02771_,9.48
_02984_,9.48
_05021_,9.48
_07732_,9.48
_07919_,9.48
_08149_,9.48
id_rr_pipe_reg.instr_out\[6\],9.48
net566,9.48
net1042,9.48
_00106_,9.465
_00807_,9.465
_01497_,9.465
_01491_,9.46
_06266_,9.46
_08223_,9.46
alu_control.ALUControlIn\[4\],9.46
net894,9.46
_00453_,9.445
_01439_,9.445
_01463_,9.445
_02158_,9.445
_01030_,9.44
_04041_,9.44
_04232_,9.44
_05881_,9.44
_06665_,9.44
_06905_,9.44
net401,9.44
_01796_,9.425
_00225_,9.42
_02559_,9.42
_02593_,9.42
_03708_,9.42
_03768_,9.42
_03949_,9.42
_03973_,9.42
_04006_,9.42
_06654_,9.42
_06848_,9.42
_06930_,9.42
_06961_,9.42
_07115_,9.42
_08053_,9.42
_08139_,9.42
bht_lut.branchHistoryTable\[1\]\[2\],9.42
bht_lut.branchHistoryTable\[7\]\[0\],9.42
net1851,9.42
net1881,9.42
net1963,9.42
_01141_,9.405
_01200_,9.405
_01702_,9.405
_02027_,9.405
_02374_,9.4
_02505_,9.4
_03296_,9.4
_06910_,9.4
_07791_,9.4
dmem.ram\[35\]\[8\],9.4
net1181,9.4
net1301,9.4
net1309,9.4
net1362,9.4
net1382,9.4
net1545,9.4
net1845,9.4
net1861,9.4
net1869,9.4
net1880,9.4
_06276_,9.395
_00315_,9.385
_01828_,9.38
_02570_,9.38
_03326_,9.38
_03772_,9.38
_06020_,9.38
_01699_,9.365
_02174_,9.36
_02699_,9.36
_02988_,9.36
_03064_,9.36
_04825_,9.36
_04969_,9.36
_05139_,9.36
_06030_,9.36
_06962_,9.36
_07776_,9.36
_07886_,9.36
_08175_,9.36
instr_mem1.rom\[15\]\[0\],9.36
la_sa_lm_sm_block.reg_data_form_id_128\[95\],9.36
net145,9.36
net823,9.36
net828,9.36
net1615,9.36
dmem.ram\[2\]\[10\],9.355
_00113_,9.34
_02803_,9.34
_03107_,9.34
_06866_,9.34
_07848_,9.34
_08124_,9.34
_08441_,9.34
net1791,9.33
_03705_,9.32
_04187_,9.32
_04383_,9.32
_04797_,9.32
_04861_,9.32
_05041_,9.32
_06344_,9.32
_06939_,9.32
net1179,9.32
_01804_,9.3
_02612_,9.3
_02981_,9.3
_07105_,9.3
net845,9.3
net1037,9.3
net1058,9.3
net1226,9.3
net1229,9.3
net1400,9.3
net1464,9.3
_00105_,9.285
_01264_,9.285
_01616_,9.285
_02177_,9.28
_04966_,9.28
_07029_,9.28
_07141_,9.28
_07151_,9.28
bht_lut.branchHistoryTable\[0\]\[16\],9.28
bht_lut.branchHistoryTable\[3\]\[3\],9.28
dmem.ram\[60\]\[10\],9.28
instr_mem1.rom\[1\]\[6\],9.28
instr_mem1.rom\[9\]\[6\],9.28
net1631,9.28
net1953,9.28
_02370_,9.26
_02810_,9.26
_03957_,9.26
_07482_,9.26
net1489,9.26
net1603,9.26
net1764,9.26
_00702_,9.245
_01231_,9.245
net116,9.245
net118,9.245
net122,9.245
net128,9.245
net362,9.245
net459,9.245
net468,9.245
net477,9.245
net558,9.245
net599,9.245
_02604_,9.24
_02953_,9.24
_05845_,9.24
dmem.ram\[11\]\[0\],9.24
dmem.ram\[7\]\[5\],9.24
net805,9.24
net1043,9.24
_00826_,9.235
_04375_,9.235
_00094_,9.225
_01010_,9.225
_01437_,9.225
_01869_,9.225
_02002_,9.225
net498,9.225
debug_mem_addr[4],9.21
_00896_,9.205
_04162_,9.2
_07418_,9.2
net1026,9.2
net1297,9.2
net1758,9.2
net1789,9.2
_00093_,9.185
_00280_,9.185
_01533_,9.185
_03571_,9.18
_04019_,9.18
_06446_,9.18
_06663_,9.18
_07104_,9.18
_08443_,9.18
net653,9.18
net741,9.18
net846,9.18
net1814,9.18
net1964,9.18
_00525_,9.16
_02253_,9.16
_02556_,9.16
_02955_,9.16
_03400_,9.16
_08430_,9.16
net806,9.16
_00743_,9.145
_01411_,9.145
_05772_,9.14
_06061_,9.14
_06076_,9.14
instr_mem1.rom\[12\]\[3\],9.14
_00146_,9.125
_00527_,9.125
_00806_,9.125
_00808_,9.125
_02133_,9.125
dmem.ram\[46\]\[1\],9.125
_00142_,9.12
_05729_,9.12
_06090_,9.12
dmem.ram\[39\]\[14\],9.12
instr_mem1.rom\[15\]\[7\],9.12
instr_mem1.rom\[7\]\[8\],9.12
net271,9.12
_06456_,9.1
_00720_,9.085
_01309_,9.085
_01766_,9.085
_00630_,9.08
_01031_,9.08
_05468_,9.08
_05958_,9.08
_08045_,9.08
instr_mem1.rom\[13\]\[5\],9.08
la_sa_lm_sm_block.reg_data_form_id_128\[13\],9.08
net445,9.08
net722,9.08
net755,9.08
net1028,9.08
net1044,9.08
_03765_,9.06
_03937_,9.06
_04001_,9.06
_04896_,9.06
_05158_,9.06
_07085_,9.06
_07452_,9.06
_07763_,9.06
_08055_,9.06
_08512_,9.06
id_rr_pipe_reg.instr_out\[1\],9.06
instr_mem1.rom\[9\]\[7\],9.06
net166,9.06
net350,9.06
net355,9.06
net655,9.06
net949,9.06
net1152,9.06
net1285,9.06
_00476_,9.045
_01401_,9.045
_01716_,9.045
_02650_,9.04
_03301_,9.04
_03943_,9.04
_07519_,9.04
_08287_,9.04
_01268_,9.025
_01636_,9.025
_01638_,9.025
_01799_,9.025
_01926_,9.025
_02646_,9.02
_03900_,9.02
_04748_,9.02
_05774_,9.02
_06950_,9.02
_07102_,9.02
_07394_,9.02
_08331_,9.02
bht_lut.branchHistoryTable\[5\]\[15\],9.02
bht_lut.branchHistoryTable\[7\]\[15\],9.02
instr_mem1.rom\[13\]\[6\],9.02
net281,9.02
net373,9.02
net728,9.02
_06576_,9
_08195_,8.99
_00236_,8.985
_00416_,8.985
_00816_,8.985
_00868_,8.985
_01203_,8.985
_01592_,8.985
_02088_,8.985
_00672_,8.98
_02184_,8.98
_02293_,8.98
_03161_,8.98
_03369_,8.98
_03513_,8.98
_04554_,8.98
_04848_,8.98
_05061_,8.98
_05541_,8.98
_05682_,8.98
_07487_,8.98
_07883_,8.98
_08085_,8.98
instr_mem1.rom\[9\]\[11\],8.98
net1686,8.98
_07461_,8.965
_01024_,8.96
_01095_,8.96
_02420_,8.96
_02471_,8.96
_02784_,8.96
_06467_,8.96
_06857_,8.96
debug_mem_data[0],8.96
net394,8.96
net718,8.96
_01656_,8.945
_01751_,8.945
_01810_,8.945
_01879_,8.945
instr_mem1.rom\[2\]\[8\],8.945
_02549_,8.94
_03141_,8.94
_03827_,8.94
_06653_,8.94
_06816_,8.94
_06914_,8.94
_06935_,8.94
_07038_,8.94
_07282_,8.94
_07392_,8.94
_07835_,8.94
_08107_,8.94
_08376_,8.94
id_rr_pipe_reg.pc_out\[10\],8.94
net46,8.94
net438,8.94
net493,8.94
net935,8.94
net1467,8.94
net1490,8.94
net1519,8.94
net1540,8.94
net1585,8.94
net1594,8.94
net1715,8.94
net1730,8.94
net1868,8.94
_08327_,8.92
instr_mem1.rom\[15\]\[8\],8.92
instr_mem1.rom\[15\]\[9\],8.92
_00224_,8.905
_01560_,8.905
instr_mem1.rom\[2\]\[11\],8.905
_02793_,8.9
_03184_,8.9
_03261_,8.9
_03383_,8.9
_05037_,8.9
_05386_,8.9
_07213_,8.9
_07863_,8.9
bht_lut.branchHistoryTable\[0\]\[5\],8.9
net1154,8.9
net1809,8.9
net1815,8.9
_02217_,8.88
_03826_,8.88
_00307_,8.865
_00579_,8.865
_00953_,8.865
_01721_,8.865
_02443_,8.86
_03257_,8.86
_03466_,8.86
_04673_,8.86
_04726_,8.86
_05428_,8.86
_01094_,8.84
_03862_,8.84
_08134_,8.84
instr_mem1.rom\[14\]\[7\],8.84
instr_waddr[3],8.84
instr_wdata[14],8.84
instr_wdata[2],8.84
instr_wdata[4],8.84
net261,8.84
net363,8.84
net942,8.84
net1122,8.84
net1275,8.84
net1320,8.84
net1648,8.84
net1834,8.84
_07333_,8.83
_00218_,8.825
_04544_,8.82
_04967_,8.82
_06925_,8.82
_07192_,8.82
_07285_,8.82
_07834_,8.82
instr_mem1.rom\[12\]\[4\],8.82
instr_mem1.rom\[15\]\[13\],8.82
instr_mem1.rom\[9\]\[10\],8.82
net285,8.82
net339,8.82
net892,8.82
net1006,8.82
net1450,8.82
net1699,8.82
debug_mem_addr[1],8.81
_00410_,8.805
_02632_,8.8
_03108_,8.8
net818,8.8
net977,8.8
_00048_,8.785
_01566_,8.785
_01877_,8.785
_05121_,8.78
_05712_,8.78
bht_lut.branchHistoryTable\[7\]\[1\],8.78
dmem.ram\[9\]\[1\],8.78
net1157,8.78
net1230,8.78
net1280,8.78
_00303_,8.765
_00811_,8.765
_00858_,8.765
_01326_,8.765
_01871_,8.765
net124,8.765
net577,8.765
_02477_,8.76
_06358_,8.76
net1261,8.76
net1364,8.76
net1630,8.76
_02678_,8.74
_03345_,8.74
_04384_,8.74
_04643_,8.74
_04853_,8.74
_05448_,8.74
net592,8.74
net669,8.74
net867,8.74
net883,8.74
_00217_,8.725
_00396_,8.725
_00845_,8.725
_01246_,8.725
_01431_,8.725
net432,8.725
_01454_,8.72
_03557_,8.72
debug_reg_data[8],8.72
instr_wdata[3],8.72
net1220,8.72
net1649,8.72
_02892_,8.7
_04682_,8.7
_05146_,8.7
_08261_,8.7
dmem.ram\[61\]\[7\],8.7
net971,8.7
net1010,8.7
_00386_,8.685
_01587_,8.685
_02010_,8.685
_04369_,8.68
net1049,8.68
net1586,8.68
_08379_,8.675
_00332_,8.665
_01683_,8.665
_01739_,8.665
_01973_,8.665
_02605_,8.66
_07397_,8.66
_07671_,8.66
_07773_,8.66
_08164_,8.66
_08509_,8.66
bht_lut.branchHistoryTable\[3\]\[11\],8.66
net234,8.66
_00540_,8.645
_01975_,8.645
_02087_,8.645
_01075_,8.62
_02317_,8.62
_05123_,8.62
_07656_,8.62
dmem.mem_read_data\[0\],8.62
net251,8.62
net318,8.62
net518,8.62
net526,8.62
net533,8.62
net831,8.62
net1071,8.62
net1474,8.62
_02425_,8.6
_03833_,8.6
bht_lut.branchHistoryTable\[5\]\[11\],8.6
net607,8.6
net1475,8.6
_02240_,8.58
_02847_,8.58
_06865_,8.58
_07346_,8.58
_07893_,8.58
bht_lut.branchHistoryTable\[3\]\[15\],8.58
la_sa_lm_sm_block.reg_index_lm_sm\[2\],8.58
net1782,8.58
_00975_,8.575
_02430_,8.56
_02701_,8.56
_02758_,8.56
_02927_,8.56
_03071_,8.56
_03162_,8.56
_03740_,8.56
_03776_,8.56
_04032_,8.56
_04330_,8.56
_04837_,8.56
_05653_,8.56
_06015_,8.56
_06860_,8.56
_07443_,8.56
_07749_,8.56
bht_lut.branchHistoryTable\[0\]\[11\],8.56
la_sa_lm_sm_block.reg_data_form_id_128\[98\],8.56
net708,8.56
net923,8.56
_01735_,8.545
_04679_,8.54
_05119_,8.54
_07600_,8.54
instr_mem1.rom\[11\]\[11\],8.54
_00238_,8.525
_00942_,8.525
_01447_,8.525
_01659_,8.525
_01073_,8.52
_02766_,8.52
_03843_,8.52
_04053_,8.52
_04219_,8.52
_04592_,8.52
_06676_,8.52
_06774_,8.52
_06992_,8.52
_07702_,8.52
instr_mem1.rom\[14\]\[3\],8.52
_03139_,8.5
_03825_,8.5
_03872_,8.5
_06645_,8.5
_06659_,8.5
_06881_,8.5
_07884_,8.5
_07932_,8.5
_00618_,8.485
_00848_,8.485
_01752_,8.485
_03101_,8.48
_03314_,8.48
_03832_,8.48
_04056_,8.48
_07374_,8.48
_07745_,8.48
net470,8.48
net667,8.48
net891,8.48
net1245,8.48
net1308,8.48
net1479,8.48
net1492,8.48
net1568,8.48
net1602,8.48
net1687,8.48
net1772,8.48
_03464_,8.46
instr_mem1.rom\[11\]\[10\],8.46
net876,8.46
la_sa_lm_sm_block.reg_data_form_id_128\[80\],8.455
_00361_,8.445
_01809_,8.445
la_sa_lm_sm_block.reg_data_form_id_128\[26\],8.445
_03362_,8.44
_03733_,8.44
_03841_,8.44
_03927_,8.44
_05022_,8.44
_05723_,8.44
_06380_,8.44
_06640_,8.44
_06692_,8.44
_07724_,8.44
_07788_,8.44
_08236_,8.44
_08262_,8.44
_08347_,8.44
bht_lut.branchHistoryTable\[7\]\[8\],8.44
la_sa_lm_sm_block.reg_index_lm_sm\[1\],8.44
net1206,8.44
net1806,8.44
net1925,8.44
_01570_,8.425
_01574_,8.425
_02483_,8.42
_02862_,8.42
_03702_,8.42
_03857_,8.42
_06461_,8.42
_07334_,8.42
_08196_,8.42
bht_lut.branchHistoryTable\[2\]\[13\],8.42
net882,8.42
_07318_,8.415
_00882_,8.405
_01551_,8.405
_04236_,8.4
_05654_,8.4
_06065_,8.4
_07027_,8.4
_07880_,8.4
id_rr_pipe_reg.instr_out\[2\],8.4
net1786,8.4
_00944_,8.38
forwardlogic.rd_addr_mem_wb\[1\],8.38
net1089,8.38
net1193,8.38
net1246,8.38
net1259,8.38
net1289,8.38
net1538,8.38
net1653,8.38
net1961,8.38
_00263_,8.365
_00907_,8.365
_01291_,8.365
_01952_,8.365
instr_mem1.rom\[14\]\[11\],8.365
_04881_,8.36
_06661_,8.36
bht_lut.branchHistoryTable\[0\]\[6\],8.36
net185,8.36
net321,8.36
net674,8.36
net767,8.36
net905,8.36
net906,8.36
net1111,8.36
net1260,8.36
net1341,8.36
_00312_,8.355
_02769_,8.34
_04908_,8.34
instr_mem1.rom\[15\]\[10\],8.34
net878,8.34
net958,8.34
net1418,8.34
net1440,8.34
net1539,8.34
net1685,8.34
_00901_,8.325
_02811_,8.32
_04820_,8.32
dmem.ram\[15\]\[9\],8.32
net58,8.32
net1129,8.32
net1510,8.32
net1711,8.32
net1744,8.32
net1902,8.32
_00232_,8.305
_00520_,8.305
_00818_,8.305
_01218_,8.305
_01245_,8.3
_05134_,8.3
_00092_,8.285
_00563_,8.285
_01988_,8.285
_02130_,8.285
_02528_,8.28
net814,8.28
net1217,8.28
net1564,8.28
net1571,8.28
net1622,8.28
net1678,8.28
net1876,8.28
_02831_,8.27
pc_out_port[11],8.27
_00729_,8.265
_01914_,8.265
instr_mem1.rom\[2\]\[2\],8.245
_02740_,8.24
_05019_,8.24
_05415_,8.24
bht_lut.branchHistoryTable\[0\]\[9\],8.24
net230,8.24
net426,8.24
_00083_,8.225
_00762_,8.225
_01114_,8.225
_01874_,8.225
_06261_,8.22
net939,8.22
_03061_,8.2
_05721_,8.2
_07361_,8.2
_08074_,8.2
_08346_,8.2
net742,8.2
_02059_,8.185
bht_lut.branchHistoryTable\[6\]\[5\],8.18
_00234_,8.165
_02000_,8.165
_05737_,8.16
net296,8.16
net507,8.16
net734,8.16
net763,8.16
net800,8.16
net809,8.16
net813,8.16
net1062,8.16
debug_reg_addr[1],8.15
_00413_,8.145
_00793_,8.14
_02182_,8.14
_02429_,8.14
_02539_,8.14
_02782_,8.14
_03787_,8.14
_03818_,8.14
_03844_,8.14
_04025_,8.14
_04034_,8.14
_04370_,8.14
_04455_,8.14
_04832_,8.14
_05856_,8.14
_06642_,8.14
_07200_,8.14
_07332_,8.14
_07417_,8.14
instr_mem1.rom\[13\]\[10\],8.14
net250,8.14
net488,8.14
net600,8.14
net874,8.14
net1076,8.14
_03463_,8.12
_04922_,8.12
_05533_,8.12
bht_lut.branchHistoryTable\[1\]\[12\],8.12
net416,8.12
instr_mem1.rom\[2\]\[12\],8.105
_01102_,8.1
_01133_,8.1
_03090_,8.1
_03758_,8.1
_03918_,8.1
_03936_,8.1
_04027_,8.1
_04341_,8.1
_04758_,8.1
_04959_,8.1
_05154_,8.1
_05305_,8.1
_06016_,8.1
_07864_,8.1
_07898_,8.1
_08218_,8.1
_08269_,8.1
ex_mem_pipe_reg.ALU_Result_Out\[4\],8.1
ex_mem_pipe_reg.RF_D1_Out\[5\],8.1
net1558,8.1
_00515_,8.085
_01629_,8.085
_01750_,8.08
_02925_,8.08
_08295_,8.08
dmem.ram\[39\]\[7\],8.08
dmem.ram\[7\]\[4\],8.08
instr_mem1.rom\[13\]\[9\],8.08
_00256_,8.065
_00448_,8.065
_00480_,8.065
_00860_,8.065
_00982_,8.065
_01139_,8.065
_01400_,8.065
_01474_,8.065
_01539_,8.065
_01860_,8.065
_03495_,8.065
_02353_,8.06
_02781_,8.06
_03253_,8.06
_03909_,8.06
_04058_,8.06
_04361_,8.06
_04475_,8.06
_04796_,8.06
_05075_,8.06
_05975_,8.06
_06412_,8.06
_06628_,8.06
_06995_,8.06
_07123_,8.06
_07842_,8.06
_07889_,8.06
id_rr_pipe_reg.pc_next_in\[10\],8.06
_01145_,8.04
_03025_,8.04
_03364_,8.04
_04454_,8.04
_04714_,8.04
_05979_,8.04
_07471_,8.04
debug_reg_data[0],8.04
debug_reg_data[3],8.04
ir_port[2],8.04
ir_port[7],8.04
pc_out_port[10],8.04
pc_out_port[15],8.04
pc_out_port[1],8.04
pc_out_port[2],8.04
pc_out_port[4],8.04
pc_out_port[9],8.04
net265,8.04
_00126_,8.025
_00246_,8.025
_01220_,8.025
_01557_,8.025
_01798_,8.025
_02564_,8.025
_02166_,8.02
_03305_,8.02
_03978_,8.02
_04326_,8.02
_05501_,8.02
_05528_,8.02
_05708_,8.02
_06000_,8.02
_06630_,8.02
_06752_,8.02
_06838_,8.02
_07308_,8.02
_08424_,8.02
net152,8.02
net154,8.02
net180,8.02
net292,8.02
net341,8.02
net869,8.02
net946,8.02
net1155,8.02
net1178,8.02
net1329,8.02
net1338,8.02
net1441,8.02
net1470,8.02
net1668,8.02
net1689,8.02
net1705,8.02
net1717,8.02
net1737,8.02
net1887,8.02
_02832_,8
_02887_,8
_05897_,8
_06709_,8
_07698_,8
_08260_,8
bht_lut.branchHistoryTable\[0\]\[3\],8
counter\[0\],8
_03602_,7.995
_01135_,7.985
_01302_,7.985
_02159_,7.985
_02412_,7.98
_02426_,7.98
_02625_,7.98
_03287_,7.98
_03704_,7.98
_03711_,7.98
_04320_,7.98
_04807_,7.98
_05147_,7.98
_05149_,7.98
_05804_,7.98
_05831_,7.98
_06218_,7.98
_06322_,7.98
_06469_,7.98
_06750_,7.98
_07011_,7.98
_07060_,7.98
_07740_,7.98
bht_lut.branchHistoryTable\[7\]\[16\],7.98
id_rr_pipe_reg.pc_next_in\[9\],7.98
net319,7.98
net637,7.98
net1095,7.98
net1381,7.98
dmem.ram\[22\]\[1\],7.975
_01399_,7.96
_02582_,7.96
instr_mem1.rom\[14\]\[4\],7.96
net745,7.945
_02287_,7.94
_02419_,7.94
_03014_,7.94
_03048_,7.94
_03390_,7.94
_03681_,7.94
_03786_,7.94
_03855_,7.94
_04000_,7.94
_04013_,7.94
_04443_,7.94
_04670_,7.94
_04802_,7.94
_04933_,7.94
_06646_,7.94
_06725_,7.94
_06745_,7.94
_06899_,7.94
_08110_,7.94
id_rr_pipe_reg.pc_next_out\[12\],7.94
net453,7.94
net638,7.94
_00682_,7.92
_02388_,7.92
_02519_,7.92
_03309_,7.92
_07705_,7.92
net336,7.92
net931,7.92
net984,7.92
net992,7.92
net1033,7.92
net1070,7.92
net1200,7.92
net1279,7.92
net1435,7.92
net1747,7.92
_00722_,7.905
_01959_,7.905
_01994_,7.905
_03815_,7.9
_03847_,7.9
_05362_,7.9
_05820_,7.9
_06355_,7.9
_07551_,7.9
_07730_,7.9
_07819_,7.9
dmem.ram\[32\]\[8\],7.9
net247,7.9
net260,7.9
net307,7.9
net435,7.9
net890,7.9
net1700,7.9
_01603_,7.885
_01396_,7.88
_05959_,7.88
_06321_,7.88
_07936_,7.88
net1102,7.88
net1404,7.88
_01402_,7.865
_06510_,7.86
_07258_,7.86
_02092_,7.855
_00264_,7.845
_00301_,7.845
_00308_,7.845
_00967_,7.845
_02094_,7.845
_02453_,7.84
_05320_,7.84
_07809_,7.84
net1610,7.84
_00086_,7.825
_03508_,7.82
_04698_,7.82
net1061,7.82
net1307,7.82
net1623,7.82
net1676,7.82
_00594_,7.815
_01596_,7.815
net1569,7.8
net1859,7.8
_00287_,7.78
_00692_,7.78
_02191_,7.78
_02285_,7.78
_02815_,7.78
_02924_,7.78
_03089_,7.78
_03290_,7.78
_04912_,7.78
instr_mem1.rom\[11\]\[9\],7.78
net1009,7.78
net1011,7.78
net1133,7.78
_00718_,7.765
_01345_,7.765
_01773_,7.765
net1576,7.76
net1850,7.76
_04654_,7.74
_06347_,7.74
instr_mem1.rom\[11\]\[0\],7.74
la_sa_lm_sm_block.reg_data_form_id_128\[64\],7.74
_00038_,7.725
_02813_,7.72
_03375_,7.72
_01631_,7.705
_00992_,7.7
_05200_,7.7
_07353_,7.7
net198,7.7
net245,7.7
net301,7.7
net368,7.7
net424,7.7
net542,7.7
net618,7.7
net778,7.7
net825,7.7
net872,7.7
net1725,7.7
_01361_,7.695
_02134_,7.695
_01838_,7.685
_01065_,7.68
_02195_,7.68
_02481_,7.68
_02536_,7.68
_02692_,7.68
_03324_,7.68
_03675_,7.68
_03806_,7.68
_03863_,7.68
_04835_,7.68
_04857_,7.68
_05043_,7.68
_05126_,7.68
_05434_,7.68
_07103_,7.68
_07327_,7.68
_07786_,7.68
_08054_,7.68
_08450_,7.68
bht_lut.branchHistoryTable\[0\]\[12\],7.68
bht_lut.branchHistoryTable\[2\]\[5\],7.68
net148,7.68
net264,7.68
net364,7.68
net414,7.68
net635,7.68
net783,7.68
net1005,7.68
net1931,7.68
_00649_,7.665
_00773_,7.665
_01052_,7.665
_01318_,7.665
_02221_,7.66
_02921_,7.66
_05173_,7.66
_07434_,7.66
_07938_,7.66
_08278_,7.66
_08496_,7.66
_00291_,7.655
_00671_,7.645
_00688_,7.645
_01033_,7.64
_01100_,7.64
_02414_,7.64
_02902_,7.64
_03672_,7.64
_03697_,7.64
_03703_,7.64
_03823_,7.64
_03984_,7.64
_04711_,7.64
_05054_,7.64
_05719_,7.64
_06711_,7.64
_06851_,7.64
_07093_,7.64
_07348_,7.64
_08137_,7.64
bht_lut.branchHistoryTable\[3\]\[6\],7.64
net283,7.64
net284,7.64
net384,7.64
_01698_,7.625
_02844_,7.625
_00766_,7.605
_00786_,7.605
_01509_,7.605
_01695_,7.605
_01712_,7.605
_01867_,7.605
net503,7.605
_02571_,7.6
_02585_,7.6
_03346_,7.6
_03480_,7.6
_05416_,7.6
_06686_,7.6
_07120_,7.6
rr_ex_pipe_reg.RF_D2_Out\[12\],7.6
instr_waddr[0],7.59
_02249_,7.58
_02750_,7.58
_06796_,7.58
_07419_,7.58
net287,7.58
net436,7.58
_00099_,7.565
_00852_,7.565
_01191_,7.565
_01986_,7.565
_02029_,7.565
_02383_,7.56
_02711_,7.56
_03135_,7.56
_03168_,7.56
_03450_,7.56
_03699_,7.56
_03745_,7.56
_03982_,7.56
_04811_,7.56
_05083_,7.56
_06984_,7.56
_07087_,7.56
_07727_,7.56
_07824_,7.56
_07873_,7.56
_07967_,7.56
_08035_,7.56
_08062_,7.56
_08144_,7.56
_08502_,7.56
instr_mem1.rom\[12\]\[9\],7.56
la_sa_lm_sm_block.reg_data_form_id_128\[43\],7.56
net349,7.56
net933,7.56
net973,7.56
net1131,7.56
net1491,7.56
net1584,7.56
net1781,7.56
_00344_,7.545
_00736_,7.545
_01369_,7.545
_02030_,7.545
bht_lut.branchHistoryTable\[7\]\[2\],7.54
_07249_,7.535
_00997_,7.525
_03059_,7.52
_03249_,7.52
_03713_,7.52
_03737_,7.52
_03751_,7.52
_04005_,7.52
_04660_,7.52
_04917_,7.52
_05040_,7.52
_06517_,7.52
_06696_,7.52
_06912_,7.52
_07955_,7.52
_08091_,7.52
_08274_,7.52
instr_mem1.rom\[12\]\[10\],7.52
net50,7.52
net64,7.52
net711,7.52
net795,7.52
net856,7.52
net1430,7.52
net1483,7.52
_00452_,7.505
_08123_,7.505
_02951_,7.5
_00073_,7.485
_00251_,7.485
_01847_,7.485
_06906_,7.48
_07095_,7.48
_07852_,7.48
net359,7.48
net596,7.48
net710,7.48
_00377_,7.475
instr_wdata[5],7.47
_00067_,7.465
_00111_,7.46
_01832_,7.46
_01909_,7.46
_05970_,7.46
_07660_,7.46
net333,7.46
net351,7.46
net375,7.46
net812,7.46
net898,7.46
net965,7.46
net1050,7.46
net1065,7.46
net1077,7.46
net1119,7.46
net1143,7.46
net1145,7.46
net1201,7.46
net1283,7.46
net1361,7.46
net1398,7.46
net1513,7.46
net1664,7.46
net1671,7.46
net1720,7.46
net1738,7.46
net1874,7.46
net1889,7.46
_01416_,7.455
_03148_,7.44
_03243_,7.44
_05475_,7.44
_06128_,7.44
_07929_,7.44
bht_lut.branchHistoryTable\[1\]\[8\],7.44
instr_mem1.rom\[11\]\[2\],7.44
instr_mem1.rom\[9\]\[9\],7.44
net1091,7.44
net1198,7.44
net1304,7.44
net1911,7.44
_01859_,7.42
_03755_,7.42
_07506_,7.42
net1035,7.42
net1416,7.42
net1433,7.42
net1521,7.42
_01173_,7.405
_02642_,7.4
dmem.ram\[9\]\[4\],7.4
_00133_,7.385
_00177_,7.385
_00746_,7.385
_00813_,7.385
_01206_,7.385
_01579_,7.385
_01677_,7.385
_02036_,7.385
_05509_,7.38
_05638_,7.38
_01661_,7.365
_03867_,7.36
net780,7.36
net1103,7.36
net1126,7.36
net1298,7.36
net1451,7.36
net1548,7.36
net1562,7.36
net1771,7.36
_00245_,7.345
_00300_,7.345
_01441_,7.345
_01594_,7.345
_07016_,7.34
_08258_,7.34
net654,7.34
net1443,7.34
_02216_,7.32
_02878_,7.32
_03133_,7.32
_05093_,7.32
_05637_,7.32
net268,7.32
_01317_,7.305
_01993_,7.305
instr_mem1.rom\[6\]\[3\],7.305
_02518_,7.3
_02856_,7.3
_04460_,7.3
net56,7.3
net57,7.3
net62,7.3
_01360_,7.295
_00873_,7.285
_01589_,7.285
net1495,7.28
_00543_,7.265
net587,7.265
_04138_,7.26
_05989_,7.26
_00157_,7.245
_02682_,7.24
_04179_,7.24
_07610_,7.24
net376,7.24
net511,7.24
net534,7.24
net697,7.24
net765,7.24
net1966,7.24
_00227_,7.225
_00443_,7.225
_00851_,7.225
_00605_,7.22
_02389_,7.22
_02467_,7.22
_02532_,7.22
_02731_,7.22
_02741_,7.22
_03028_,7.22
_03791_,7.22
_04336_,7.22
_04354_,7.22
_04630_,7.22
_04829_,7.22
_05379_,7.22
_05456_,7.22
_05504_,7.22
_05660_,7.22
_07046_,7.22
_07049_,7.22
_07389_,7.22
_07757_,7.22
_07865_,7.22
_07918_,7.22
bht_lut.branchHistoryTable\[4\]\[13\],7.22
net270,7.22
net458,7.22
net494,7.22
net700,7.22
net782,7.22
net1135,7.22
net1360,7.22
net1692,7.22
net1900,7.22
_00362_,7.215
_03604_,7.21
_00758_,7.205
_03341_,7.2
_05906_,7.2
bht_lut.branchHistoryTable\[2\]\[16\],7.2
bht_lut.branchHistoryTable\[4\]\[15\],7.2
instr_mem1.rom\[3\]\[6\],7.2
_01037_,7.18
_02312_,7.18
_02729_,7.18
_03304_,7.18
_03398_,7.18
_03882_,7.18
_04344_,7.18
_05603_,7.18
_06674_,7.18
_06707_,7.18
_06944_,7.18
_07380_,7.18
_07737_,7.18
_07826_,7.18
_08112_,7.18
_08266_,7.18
bht_lut.branchHistoryTable\[5\]\[3\],7.18
bht_lut.branchHistoryTable\[6\]\[13\],7.18
net141,7.18
net367,7.18
net413,7.18
net771,7.18
net1314,7.18
_02607_,7.17
_00423_,7.165
_00569_,7.165
_01881_,7.155
_00135_,7.145
_00169_,7.145
_00235_,7.145
_00534_,7.145
_00768_,7.145
_00780_,7.145
_00985_,7.145
_01041_,7.145
_01576_,7.145
_01635_,7.145
_01814_,7.145
_02031_,7.145
_02108_,7.145
_03548_,7.14
_04808_,7.14
_05963_,7.14
_06024_,7.14
_01273_,7.125
_02316_,7.12
_03546_,7.12
_04591_,7.12
_07295_,7.12
net331,7.12
net358,7.12
net460,7.12
net495,7.12
net792,7.12
net794,7.12
_00212_,7.105
_00359_,7.105
_00706_,7.105
_00732_,7.105
_01515_,7.105
_01582_,7.105
_01605_,7.105
_01727_,7.105
la_sa_lm_sm_block.reg_data_form_id_128\[27\],7.105
_02220_,7.1
_02547_,7.1
_03093_,7.1
_03494_,7.1
_03770_,7.1
_03951_,7.1
_04910_,7.1
_06203_,7.1
_06239_,7.1
_06274_,7.1
_06744_,7.1
_07781_,7.1
_07908_,7.1
net324,7.1
net1194,7.1
net1355,7.1
net1914,7.1
net1949,7.1
_00466_,7.085
_01219_,7.085
_01878_,7.085
_07479_,7.08
_01147_,7.06
_02262_,7.06
_02275_,7.06
_02596_,7.06
_02737_,7.06
_03038_,7.06
_03303_,7.06
_03871_,7.06
_03948_,7.06
_04042_,7.06
_04048_,7.06
_04438_,7.06
_04539_,7.06
_04595_,7.06
_04918_,7.06
_05114_,7.06
_06005_,7.06
_06006_,7.06
_06194_,7.06
_06679_,7.06
_06681_,7.06
_06829_,7.06
_06908_,7.06
_06972_,7.06
_07018_,7.06
_07058_,7.06
_07779_,7.06
_08030_,7.06
_08178_,7.06
la_sa_lm_sm_block.reg_data_form_id_128\[104\],7.06
net629,7.06
net661,7.06
net1271,7.06
net1420,7.06
net1449,7.06
net1528,7.06
net1803,7.06
net1832,7.06
_03172_,7.05
_01159_,7.045
bht_lut.branchHistoryTable\[2\]\[6\],7.04
_00635_,7.025
_01298_,7.025
_00203_,7.02
_01459_,7.02
_00924_,7.015
_01595_,7.015
_01457_,7
_01538_,7
_01688_,7
_02080_,7
_05357_,7
_08120_,7
_08153_,7
net870,7
net1024,7
net1066,7
net1083,7
net1086,7
net1202,7
net1219,7
net1224,7
net1233,7
net1239,7
net1268,7
net1383,7
net1724,7
net1913,7
_01119_,6.985
_01427_,6.985
_02895_,6.98
_03851_,6.98
_04509_,6.98
_04814_,6.98
_05880_,6.98
_06729_,6.98
_07364_,6.98
_07413_,6.98
_07699_,6.98
_08229_,6.98
_08364_,6.98
bht_lut.branchHistoryTable\[6\]\[8\],6.98
dmem.ram\[37\]\[6\],6.98
net970,6.98
_00221_,6.96
_01421_,6.96
_01730_,6.96
_01784_,6.96
_01811_,6.96
_01885_,6.96
_03052_,6.96
_04327_,6.96
_04465_,6.96
_05351_,6.96
_06425_,6.96
_06833_,6.96
net1620,6.96
_01531_,6.945
_02905_,6.94
_02917_,6.94
net838,6.94
net1696,6.94
_00068_,6.925
_00581_,6.925
_00771_,6.925
_01919_,6.925
net693,6.925
_05355_,6.92
net1818,6.92
_01521_,6.905
_05387_,6.9
_05476_,6.9
_05625_,6.9
_07127_,6.9
net957,6.9
net1013,6.9
net1156,6.9
net1324,6.9
net1330,6.9
net1368,6.9
net1378,6.9
net1508,6.9
net1515,6.9
net1825,6.9
net1854,6.9
net1894,6.9
net1901,6.9
net1937,6.9
net1971,6.9
_00406_,6.885
_00570_,6.885
_00937_,6.88
_01336_,6.88
_01905_,6.88
_02786_,6.88
_04909_,6.88
_05634_,6.88
_07590_,6.88
_08423_,6.88
net994,6.88
net1183,6.88
net1626,6.88
net1980,6.88
_01292_,6.865
_01781_,6.86
_02838_,6.86
_03365_,6.86
_05885_,6.86
_07385_,6.86
instr_mem1.rom\[3\]\[2\],6.86
net288,6.86
net381,6.86
_04988_,6.855
_00450_,6.845
_00981_,6.84
_02183_,6.84
_04408_,6.84
_01793_,6.825
_02053_,6.825
_01833_,6.82
_07448_,6.82
instr_mem1.rom\[15\]\[3\],6.82
_01372_,6.815
_00921_,6.795
_07170_,6.795
instr_wdata[10],6.79
_01758_,6.785
_02879_,6.78
_03054_,6.78
_03131_,6.78
_03598_,6.78
_04652_,6.78
_05137_,6.78
_05658_,6.78
_06346_,6.78
_06405_,6.78
_07925_,6.78
_08252_,6.78
net147,6.78
net340,6.78
net342,6.78
net345,6.78
net379,6.78
net389,6.78
net390,6.78
net399,6.78
net400,6.78
net439,6.78
net449,6.78
net457,6.78
net473,6.78
net597,6.78
net764,6.78
net1873,6.78
instr_wdata[7],6.77
_00341_,6.765
_02099_,6.765
_02303_,6.76
_02365_,6.76
_02367_,6.76
_02384_,6.76
_02468_,6.76
_03380_,6.76
_03726_,6.76
_04037_,6.76
_04242_,6.76
_04462_,6.76
_04526_,6.76
_04691_,6.76
_04729_,6.76
_05926_,6.76
_06075_,6.76
_06188_,6.76
_06741_,6.76
_06956_,6.76
_07073_,6.76
_07203_,6.76
_07780_,6.76
_08305_,6.76
_08356_,6.76
id_rr_pipe_reg.pc_out\[4\],6.76
net210,6.76
net304,6.76
net530,6.76
net548,6.76
net613,6.76
net666,6.76
net980,6.76
net1097,6.76
net1114,6.76
net1213,6.76
net1588,6.76
_02522_,6.75
_02212_,6.74
_02246_,6.74
_02473_,6.74
_03828_,6.74
_04402_,6.74
_04423_,6.74
_05115_,6.74
_06650_,6.74
_07268_,6.74
_00983_,6.725
_01190_,6.725
_01803_,6.725
_01888_,6.725
_01027_,6.72
_01096_,6.72
_02479_,6.72
_02601_,6.72
_02726_,6.72
_02954_,6.72
_03643_,6.72
_03761_,6.72
_03762_,6.72
_03924_,6.72
_04044_,6.72
_04612_,6.72
_04745_,6.72
_04894_,6.72
_05145_,6.72
_06067_,6.72
_06390_,6.72
_07025_,6.72
_07915_,6.72
_08079_,6.72
_08157_,6.72
_08324_,6.72
_08435_,6.72
bht_lut.branchHistoryTable\[3\]\[12\],6.72
id_rr_pipe_reg.cntrl_out\[8\],6.72
id_rr_pipe_reg.pc_next_in\[1\],6.72
net1078,6.72
_00638_,6.705
_01237_,6.705
_01320_,6.705
_01507_,6.705
_01915_,6.705
_01936_,6.705
_02028_,6.705
_06273_,6.7
_00037_,6.685
_00147_,6.685
_00194_,6.685
_00205_,6.685
_00379_,6.685
_00400_,6.685
_00401_,6.685
_00439_,6.685
_00479_,6.685
_00701_,6.685
_00784_,6.685
_01040_,6.685
_01188_,6.685
_01348_,6.685
_01397_,6.685
_01465_,6.685
_04973_,6.67
bht_lut.branchHistoryTable\[1\]\[13\],6.67
instr_wdata[9],6.67
_00856_,6.66
_01028_,6.66
_01974_,6.66
_02245_,6.66
_02512_,6.66
_02541_,6.66
_04503_,6.66
_05549_,6.66
_05765_,6.66
_06285_,6.66
_06874_,6.66
_07034_,6.66
_08378_,6.66
bht_lut.branchHistoryTable\[0\]\[13\],6.66
_00684_,6.645
_00707_,6.645
_00812_,6.645
_01248_,6.645
_01944_,6.645
_02155_,6.645
_01821_,6.64
_02313_,6.64
_03211_,6.64
_03696_,6.64
_03808_,6.64
_03831_,6.64
_04010_,6.64
_06411_,6.64
_06636_,6.64
_06657_,6.64
_06861_,6.64
_06887_,6.64
_06963_,6.64
_07736_,6.64
_07818_,6.64
_08389_,6.64
bht_lut.branchHistoryTable\[6\]\[16\],6.64
la_sa_lm_sm_block.reg_data_form_id_128\[72\],6.64
net273,6.64
net443,6.64
net642,6.64
net930,6.64
net1318,6.64
net1525,6.64
net1544,6.64
net1690,6.64
net1793,6.64
_01802_,6.625
_04563_,6.625
_02243_,6.62
_05286_,6.62
_08402_,6.62
bht_lut.branchHistoryTable\[2\]\[12\],6.62
_02318_,6.6
_02629_,6.6
_02780_,6.6
_02853_,6.6
_02986_,6.6
_03073_,6.6
_03119_,6.6
_03420_,6.6
_03625_,6.6
_03989_,6.6
_04545_,6.6
_04555_,6.6
_04722_,6.6
_04921_,6.6
_04984_,6.6
_05066_,6.6
_05455_,6.6
_05791_,6.6
_05957_,6.6
_06088_,6.6
_06096_,6.6
_06232_,6.6
_06336_,6.6
_06550_,6.6
_06946_,6.6
_06993_,6.6
_07107_,6.6
_07518_,6.6
_07728_,6.6
_07753_,6.6
_07764_,6.6
_07795_,6.6
_08066_,6.6
net302,6.6
net464,6.6
net1027,6.6
net1039,6.6
net1144,6.6
net1167,6.6
net1294,6.6
net1393,6.6
net1463,6.6
net1593,6.6
_00779_,6.585
_02591_,6.585
_03774_,6.58
_05152_,6.58
_00045_,6.565
_01019_,6.565
_01078_,6.565
_01418_,6.56
pc_out_port[12],6.55
_00017_,6.54
_00021_,6.54
_00782_,6.54
_01197_,6.54
_01371_,6.54
_01593_,6.54
_01760_,6.54
_02590_,6.54
_04141_,6.54
_05943_,6.54
net919,6.54
net941,6.54
net948,6.54
net1272,6.54
net1348,6.54
net1394,6.54
net1614,6.54
net1681,6.54
net1683,6.54
net1714,6.54
net1723,6.54
net1741,6.54
net1926,6.54
_01115_,6.525
_00790_,6.52
_02693_,6.52
_03035_,6.52
_03082_,6.52
_04030_,6.52
_04621_,6.52
_04633_,6.52
_04863_,6.52
_05865_,6.52
_06795_,6.52
_07032_,6.52
_07528_,6.52
bht_lut.branchHistoryTable\[0\]\[14\],6.52
instr_mem1.rom\[3\]\[7\],6.52
net829,6.52
net1153,6.52
net1918,6.52
_00191_,6.5
_00885_,6.5
_01144_,6.5
_01550_,6.5
_01819_,6.5
_02617_,6.5
_03515_,6.5
_03535_,6.5
_07329_,6.5
_07469_,6.5
_08219_,6.5
net1003,6.5
net1278,6.5
net1293,6.5
net1302,6.5
net1428,6.5
net1555,6.5
net1656,6.5
net1682,6.5
_00903_,6.485
_01680_,6.485
_04203_,6.48
_05948_,6.48
bht_lut.branchHistoryTable\[7\]\[9\],6.48
_05770_,6.475
_00156_,6.465
_00296_,6.465
_01482_,6.465
_01573_,6.465
_02020_,6.465
_02082_,6.465
_02142_,6.465
net571,6.465
_00160_,6.445
_00029_,6.44
_02965_,6.44
_04584_,6.44
net844,6.44
net877,6.44
net1225,6.44
net1457,6.44
net1549,6.44
net1591,6.44
net1616,6.44
net1625,6.44
net1843,6.44
net1878,6.44
net1891,6.44
net1941,6.44
_02602_,6.435
_00100_,6.425
_01016_,6.425
_01481_,6.425
_01644_,6.425
_02001_,6.425
net462,6.425
_05064_,6.42
_08453_,6.42
net662,6.42
net1372,6.42
net1954,6.42
_02523_,6.4
_02704_,6.4
_03266_,6.4
_03343_,6.4
_03724_,6.4
_08042_,6.4
bht_lut.branchHistoryTable\[3\]\[8\],6.4
net322,6.4
_03037_,6.38
_05741_,6.38
_06167_,6.38
_07358_,6.38
bht_lut.branchHistoryTable\[5\]\[14\],6.38
_01440_,6.375
_00367_,6.365
_00538_,6.365
_00552_,6.365
_00894_,6.365
_00917_,6.365
_01270_,6.365
_01367_,6.365
_01375_,6.365
_01380_,6.365
_01522_,6.365
_01709_,6.365
_01925_,6.365
_01970_,6.365
_02008_,6.365
_02085_,6.365
_02113_,6.365
_04619_,6.36
_07415_,6.36
bht_lut.branchHistoryTable\[5\]\[6\],6.36
_00610_,6.345
_01217_,6.345
_01496_,6.345
_01910_,6.345
_00984_,6.325
_01192_,6.325
_01991_,6.325
_01034_,6.32
_01056_,6.32
_01061_,6.32
_01083_,6.32
_01091_,6.32
_01093_,6.32
_01099_,6.32
_01156_,6.32
_02540_,6.32
_02545_,6.32
_03136_,6.32
_04424_,6.32
_04519_,6.32
_04732_,6.32
_04938_,6.32
_05042_,6.32
_06318_,6.32
_08050_,6.32
_08059_,6.32
_08067_,6.32
_08170_,6.32
net164,6.32
net192,6.32
net209,6.32
net236,6.32
net254,6.32
net556,6.32
net772,6.32
net843,6.32
net1140,6.32
instr_wdata[15],6.31
_02708_,6.3
_02712_,6.3
_02755_,6.3
_03239_,6.3
_03501_,6.3
_03804_,6.3
_03821_,6.3
_03929_,6.3
_03992_,6.3
_04049_,6.3
_04410_,6.3
_04598_,6.3
_04599_,6.3
_04672_,6.3
_05035_,6.3
_05071_,6.3
_05463_,6.3
_05694_,6.3
_05872_,6.3
_06317_,6.3
_06335_,6.3
_06458_,6.3
_06723_,6.3
_06872_,6.3
_07639_,6.3
_07648_,6.3
_07838_,6.3
_07875_,6.3
_07896_,6.3
_08063_,6.3
_08088_,6.3
_08161_,6.3
_08338_,6.3
net369,6.3
net628,6.3
net707,6.3
net740,6.3
net910,6.3
net1105,6.3
net1349,6.3
net1551,6.3
net1612,6.3
net1807,6.3
net1870,6.3
net1903,6.3
_00683_,6.285
_01586_,6.28
_02436_,6.28
_04425_,6.28
_04429_,6.28
_05128_,6.28
_06746_,6.28
_07132_,6.28
bht_lut.branchHistoryTable\[1\]\[9\],6.28
bht_lut.branchHistoryTable\[3\]\[4\],6.28
net183,6.28
net372,6.275
_00920_,6.265
_01313_,6.265
_01537_,6.265
_01808_,6.265
_01106_,6.26
_02639_,6.26
_02667_,6.26
_02776_,6.26
_03297_,6.26
_03665_,6.26
_03692_,6.26
_03707_,6.26
_03719_,6.26
_03769_,6.26
_03785_,6.26
_03836_,6.26
_03875_,6.26
_03955_,6.26
_04223_,6.26
_04411_,6.26
_04552_,6.26
_04887_,6.26
_04945_,6.26
_05366_,6.26
_05673_,6.26
_06144_,6.26
_06452_,6.26
_06639_,6.26
_06717_,6.26
_06975_,6.26
_07052_,6.26
bht_lut.branchHistoryTable\[2\]\[14\],6.26
bht_lut.branchHistoryTable\[2\]\[8\],6.26
counter\[1\],6.26
instr_mem1.rom\[13\]\[3\],6.26
net240,6.26
net259,6.26
net272,6.26
net744,6.26
net912,6.26
net982,6.26
net1592,6.26
_02081_,6.245
_03934_,6.24
_00047_,6.225
_00192_,6.225
_00292_,6.225
_00310_,6.225
_00311_,6.225
_00485_,6.225
_00504_,6.225
_00524_,6.225
_00820_,6.225
_01152_,6.225
_01490_,6.225
_01501_,6.225
_01630_,6.225
_01737_,6.225
_04079_,6.225
net551,6.225
net620,6.225
debug_mem_data[15],6.21
ir_port[14],6.21
_00724_,6.2
_03884_,6.2
_03913_,6.2
_04531_,6.2
_06055_,6.2
_06470_,6.2
_06736_,6.2
_06986_,6.2
_07747_,6.2
_08148_,6.2
_08363_,6.2
bht_lut.branchHistoryTable\[0\]\[15\],6.2
bht_lut.branchHistoryTable\[0\]\[7\],6.2
bht_lut.branchHistoryTable\[2\]\[10\],6.2
bht_lut.branchHistoryTable\[6\]\[4\],6.2
net227,6.2
net649,6.2
net1315,6.2
net1637,6.2
net1888,6.2
net1939,6.2
_00174_,6.185
_00305_,6.185
_00544_,6.185
_00551_,6.185
_00640_,6.185
_00675_,6.185
_00822_,6.185
_00959_,6.185
_01045_,6.185
_01880_,6.185
la_sa_lm_sm_block.reg_data_form_id_128\[24\],6.185
_01092_,6.18
_01830_,6.18
_02694_,6.18
_02742_,6.18
_02850_,6.18
_02852_,6.18
_02922_,6.18
_03078_,6.18
_03088_,6.18
_03105_,6.18
_03373_,6.18
_03717_,6.18
_03742_,6.18
_03986_,6.18
_03993_,6.18
_04199_,6.18
_04387_,6.18
_04809_,6.18
_04869_,6.18
_04915_,6.18
_05609_,6.18
_05762_,6.18
_05893_,6.18
_06068_,6.18
_06323_,6.18
_06386_,6.18
_06651_,6.18
_06655_,6.18
_07031_,6.18
_07312_,6.18
_07349_,6.18
_07876_,6.18
_07901_,6.18
_07927_,6.18
_08142_,6.18
_08418_,6.18
bht_lut.branchHistoryTable\[1\]\[11\],6.18
net328,6.18
net404,6.18
net810,6.18
net899,6.18
net1020,6.18
net1628,6.18
net1634,6.18
bht_lut.branchHistoryTable\[4\]\[16\],6.16
_02161_,6.14
_02348_,6.14
_02723_,6.14
_02736_,6.14
_02935_,6.14
_03288_,6.14
_03736_,6.14
_03757_,6.14
_03930_,6.14
_04015_,6.14
_04057_,6.14
_04322_,6.14
_04924_,6.14
_04970_,6.14
_05635_,6.14
_06901_,6.14
_07111_,6.14
_08084_,6.14
_08101_,6.14
_08127_,6.14
_08150_,6.14
instr_mem1.rom\[15\]\[4\],6.14
net633,6.14
net1496,6.14
_01164_,6.135
_03371_,6.12
_00229_,6.105
_00250_,6.105
_01765_,6.105
_01864_,6.105
_01335_,6.1
_07841_,6.1
_00064_,6.08
_00716_,6.08
_00922_,6.08
_01194_,6.08
_01315_,6.08
_01321_,6.08
_01705_,6.08
_01801_,6.08
_02004_,6.08
_03106_,6.08
_05918_,6.08
_07356_,6.08
_07441_,6.08
net156,6.08
net253,6.08
net952,6.08
net968,6.08
net1063,6.08
net1109,6.08
net1199,6.08
net1208,6.08
net1221,6.08
net1250,6.08
net1264,6.08
net1462,6.08
net1493,6.08
_05589_,6.07
_01524_,6.065
_01623_,6.065
_02169_,6.06
_02533_,6.06
_02871_,6.06
_03114_,6.06
_03807_,6.06
_05045_,6.06
_05371_,6.06
_06348_,6.06
_07205_,6.06
_07577_,6.06
_08068_,6.06
_08098_,6.06
_08199_,6.06
bht_lut.branchHistoryTable\[2\]\[0\],6.06
net720,6.06
net815,6.06
net999,6.06
net1075,6.06
net1235,6.06
_01059_,6.04
_01167_,6.04
_01303_,6.04
_01725_,6.04
_02204_,6.04
net921,6.04
net1000,6.04
net1162,6.04
net1654,6.04
net1773,6.04
net1792,6.04
net1848,6.04
_02820_,6.035
_00271_,6.025
_01015_,6.025
_01169_,6.025
_01175_,6.025
_01181_,6.025
_01202_,6.025
_01227_,6.025
_01286_,6.025
_01301_,6.025
_01567_,6.025
_01584_,6.025
_01648_,6.025
_01666_,6.025
_01675_,6.025
_01718_,6.025
_01736_,6.025
_01816_,6.025
_02665_,6.02
_05977_,6.02
bht_lut.branchHistoryTable\[0\]\[1\],6.02
bht_lut.branchHistoryTable\[0\]\[8\],6.02
bht_lut.branchHistoryTable\[2\]\[1\],6.02
_00050_,6.005
_00117_,6.005
_00295_,6.005
_00788_,6.005
_01337_,6.005
_01378_,6.005
_01642_,6.005
_01714_,6.005
net383,6.005
net563,6.005
_05080_,6
_00231_,5.985
_01694_,5.985
_01749_,5.985
_02869_,5.98
_06277_,5.98
_08273_,5.98
net651,5.98
net863,5.98
net929,5.98
net1038,5.98
net1059,5.98
net1160,5.98
net1211,5.98
net1396,5.98
net1461,5.98
net1472,5.98
net1473,5.98
net1566,5.98
net1733,5.98
net1752,5.98
net1778,5.98
net1838,5.98
net1883,5.98
net1896,5.98
net1905,5.98
net1945,5.98
_07512_,5.97
_00180_,5.965
_00678_,5.965
_00875_,5.965
_01288_,5.965
_01339_,5.965
_01443_,5.965
_03890_,5.96
_05825_,5.96
_06029_,5.96
_07691_,5.96
net1128,5.96
_00161_,5.945
_01278_,5.945
_02289_,5.94
_02548_,5.94
_02858_,5.94
_03087_,5.94
_05984_,5.94
_07350_,5.94
_07387_,5.94
_08198_,5.94
bht_lut.branchHistoryTable\[5\]\[2\],5.94
id_rr_pipe_reg.instr_out\[10\],5.94
net896,5.94
_01967_,5.925
_04173_,5.92
_00756_,5.915
_01964_,5.905
_02069_,5.905
_06781_,5.9
net1387,5.9
_00572_,5.895
_01077_,5.895
_01641_,5.895
_01939_,5.895
_02046_,5.895
la_sa_lm_sm_block.reg_data_form_id_128\[75\],5.895
_02821_,5.89
_00567_,5.865
_01362_,5.865
_04081_,5.86
_07303_,5.86
_08473_,5.86
net217,5.86
net229,5.86
net241,5.86
net612,5.86
net672,5.86
net690,5.86
net712,5.86
net739,5.86
net776,5.86
net945,5.86
net962,5.86
net1247,5.86
net1389,5.86
net1704,5.86
net1748,5.86
net1759,5.86
_00424_,5.845
_00800_,5.84
_02713_,5.84
_02864_,5.84
_03068_,5.84
_03160_,5.84
_03224_,5.84
_03660_,5.84
_03793_,5.84
_03800_,5.84
_04051_,5.84
_04367_,5.84
_04661_,5.84
_04813_,5.84
_04929_,5.84
_05288_,5.84
_05459_,5.84
_05546_,5.84
_06092_,5.84
_06211_,5.84
_06259_,5.84
_06629_,5.84
_06855_,5.84
_06974_,5.84
_07077_,5.84
_07760_,5.84
_07881_,5.84
_07885_,5.84
_07912_,5.84
_07922_,5.84
_08083_,5.84
_08147_,5.84
bht_lut.branchHistoryTable\[3\]\[7\],5.84
net167,5.84
net262,5.84
net274,5.84
net308,5.84
net466,5.84
net934,5.84
net969,5.84
net1424,5.84
net1460,5.84
net1761,5.84
_01555_,5.825
_00930_,5.82
_02719_,5.82
_03926_,5.82
_05069_,5.82
_07774_,5.82
bht_lut.branchHistoryTable\[4\]\[1\],5.82
instr_mem1.rom\[3\]\[9\],5.82
_00072_,5.815
_00412_,5.815
_00825_,5.815
_00028_,5.805
_00040_,5.805
_00463_,5.805
_00493_,5.805
_00628_,5.805
_01805_,5.805
_00799_,5.8
_01827_,5.8
_02499_,5.8
_02638_,5.8
_02779_,5.8
_03334_,5.8
_03767_,5.8
_03798_,5.8
_03861_,5.8
_03888_,5.8
_04168_,5.8
_04352_,5.8
_04946_,5.8
_06008_,5.8
_06011_,5.8
_06143_,5.8
_06667_,5.8
_07133_,5.8
_07214_,5.8
_07843_,5.8
_08370_,5.8
id_rr_pipe_reg.instr_out\[14\],5.8
id_rr_pipe_reg.pc_next_in\[13\],5.8
instr_mem1.rom\[9\]\[8\],5.8
_07262_,5.78
_07372_,5.78
_06097_,5.77
_00297_,5.765
_00603_,5.765
_00679_,5.765
_01071_,5.765
_01314_,5.765
_01513_,5.765
_01590_,5.765
_01678_,5.765
_01701_,5.765
_02109_,5.765
net114,5.765
net258,5.765
net313,5.765
net560,5.765
_01556_,5.76
debug_reg_data[5],5.75
ir_port[12],5.75
la_sa_lm_sm_block.reg_data_form_id_128\[31\],5.745
_00272_,5.74
_00528_,5.74
_00839_,5.74
_02620_,5.74
_02624_,5.74
_02644_,5.74
_03096_,5.74
_03299_,5.74
_03664_,5.74
_03743_,5.74
_03796_,5.74
_03850_,5.74
_03896_,5.74
_03970_,5.74
_03994_,5.74
_04011_,5.74
_04659_,5.74
_05129_,5.74
_06376_,5.74
_06388_,5.74
_06705_,5.74
_06737_,5.74
_06765_,5.74
_06858_,5.74
_06920_,5.74
_06943_,5.74
_07015_,5.74
_07847_,5.74
_08172_,5.74
la_sa_lm_sm_block.reg_data_form_id_128\[85\],5.74
net143,5.74
net158,5.74
net216,5.74
_04133_,5.73
_00469_,5.725
_00791_,5.725
_01014_,5.725
_01140_,5.725
_01205_,5.725
_01477_,5.725
_01523_,5.725
_01775_,5.725
_01236_,5.72
_01473_,5.72
_02497_,5.72
_02989_,5.72
_03004_,5.72
_03505_,5.72
_03507_,5.72
_03904_,5.72
_04078_,5.72
_04675_,5.72
_05342_,5.72
_05447_,5.72
_06183_,5.72
_06191_,5.72
_06468_,5.72
_06519_,5.72
_06840_,5.72
_06864_,5.72
_07121_,5.72
_07449_,5.72
_07829_,5.72
_07939_,5.72
_08128_,5.72
la_sa_lm_sm_block.reg_data_form_id_128\[73\],5.72
net249,5.72
net415,5.72
net695,5.72
net853,5.72
net996,5.72
net1184,5.72
net1494,5.72
net1777,5.72
net1819,5.72
bht_lut.branchHistoryTable\[0\]\[10\],5.71
_01452_,5.705
_01211_,5.7
_01787_,5.7
_02128_,5.7
_02552_,5.7
net239,5.7
_02346_,5.68
_02474_,5.68
_02502_,5.68
_02714_,5.68
_03174_,5.68
_03294_,5.68
_03366_,5.68
_03677_,5.68
_03894_,5.68
_03928_,5.68
_04259_,5.68
_04596_,5.68
_04718_,5.68
_04720_,5.68
_04976_,5.68
_05015_,5.68
_05098_,5.68
_05836_,5.68
_05857_,5.68
_05877_,5.68
_06140_,5.68
_06288_,5.68
_06828_,5.68
_06967_,5.68
_07098_,5.68
_07131_,5.68
_07362_,5.68
_07820_,5.68
la_sa_lm_sm_block.reg_data_form_id_128\[59\],5.68
net150,5.68
net243,5.68
net938,5.68
_00656_,5.645
_01549_,5.64
_01800_,5.64
_01875_,5.64
_02091_,5.64
instr_wdata[11],5.63
_01583_,5.625
_00051_,5.62
_00350_,5.62
_00750_,5.62
_01505_,5.62
_01609_,5.62
_01728_,5.62
_01768_,5.62
_03143_,5.62
_05921_,5.62
_06301_,5.62
_08251_,5.62
net841,5.62
net908,5.62
net1019,5.62
net1180,5.62
net1210,5.62
net1244,5.62
net1290,5.62
net1403,5.62
net1453,5.62
net1609,5.62
net1636,5.62
net1658,5.62
net1755,5.62
net1756,5.62
net1766,5.62
net1787,5.62
net1835,5.62
net1958,5.62
_01338_,5.615
_06338_,5.615
_01229_,5.605
_01368_,5.605
_02239_,5.6
_02487_,5.6
_03944_,5.6
_04394_,5.6
_04757_,5.6
_05025_,5.6
_06021_,5.6
_06382_,5.6
_06621_,5.6
_06656_,5.6
_07678_,5.6
_07871_,5.6
_08301_,5.6
_08328_,5.6
_08452_,5.6
bht_lut.branchHistoryTable\[3\]\[14\],5.6
_02086_,5.595
_00597_,5.58
_02117_,5.58
_02392_,5.58
_02802_,5.58
_03063_,5.58
_06357_,5.58
net822,5.58
net907,5.58
net917,5.58
net959,5.58
net1216,5.58
net1234,5.58
net1292,5.58
net1316,5.58
net1750,5.58
net1831,5.58
_04063_,5.56
_04993_,5.56
_06366_,5.56
bht_lut.branchHistoryTable\[7\]\[7\],5.56
instr_mem1.rom\[11\]\[4\],5.56
net1319,5.56
_01346_,5.555
_00110_,5.545
_00252_,5.545
_00334_,5.545
_00502_,5.545
_00970_,5.545
_01234_,5.545
_01307_,5.545
_01323_,5.545
_01329_,5.545
_01548_,5.545
_01652_,5.545
_01671_,5.545
net579,5.545
debug_mem_data[5],5.53
debug_mem_data[9],5.53
pc_out_port[13],5.53
_00222_,5.525
_00096_,5.52
_01269_,5.52
_05847_,5.52
_06331_,5.52
_07238_,5.52
_08337_,5.52
net536,5.52
net645,5.52
net663,5.52
net692,5.52
net802,5.52
net804,5.52
net817,5.52
net830,5.52
net851,5.52
net852,5.52
net854,5.52
net859,5.52
net880,5.52
net881,5.52
net884,5.52
net885,5.52
net895,5.52
net900,5.52
net901,5.52
net913,5.52
net914,5.52
net916,5.52
net926,5.52
net937,5.52
net950,5.52
net953,5.52
net960,5.52
net961,5.52
net964,5.52
net983,5.52
net993,5.52
net998,5.52
net1012,5.52
net1025,5.52
net1031,5.52
net1045,5.52
net1046,5.52
net1051,5.52
net1056,5.52
net1068,5.52
net1069,5.52
net1073,5.52
net1082,5.52
net1084,5.52
net1090,5.52
net1092,5.52
net1093,5.52
net1099,5.52
net1101,5.52
net1107,5.52
net1113,5.52
net1116,5.52
net1117,5.52
net1123,5.52
net1132,5.52
net1137,5.52
net1141,5.52
net1147,5.52
net1149,5.52
net1161,5.52
net1165,5.52
net1166,5.52
net1172,5.52
net1173,5.52
net1174,5.52
net1176,5.52
net1188,5.52
net1190,5.52
net1196,5.52
net1203,5.52
net1205,5.52
net1207,5.52
net1209,5.52
net1249,5.52
net1256,5.52
net1257,5.52
net1262,5.52
net1269,5.52
net1274,5.52
net1276,5.52
net1284,5.52
net1287,5.52
net1310,5.52
net1317,5.52
net1323,5.52
net1327,5.52
net1328,5.52
net1332,5.52
net1335,5.52
net1337,5.52
net1345,5.52
net1350,5.52
net1351,5.52
net1363,5.52
net1384,5.52
net1385,5.52
net1390,5.52
net1395,5.52
net1406,5.52
net1408,5.52
net1409,5.52
net1413,5.52
net1419,5.52
net1437,5.52
net1444,5.52
net1452,5.52
net1455,5.52
net1459,5.52
net1480,5.52
net1505,5.52
net1506,5.52
net1511,5.52
net1534,5.52
net1535,5.52
net1541,5.52
net1563,5.52
net1577,5.52
net1578,5.52
net1581,5.52
net1582,5.52
net1583,5.52
net1587,5.52
net1589,5.52
net1590,5.52
net1599,5.52
net1604,5.52
net1605,5.52
net1621,5.52
net1629,5.52
net1632,5.52
net1635,5.52
net1640,5.52
net1642,5.52
net1645,5.52
net1651,5.52
net1655,5.52
net1662,5.52
net1670,5.52
net1675,5.52
net1679,5.52
net1680,5.52
net1688,5.52
net1691,5.52
net1702,5.52
net1707,5.52
net1712,5.52
net1721,5.52
net1722,5.52
net1734,5.52
net1739,5.52
net1745,5.52
net1749,5.52
net1760,5.52
net1768,5.52
net1769,5.52
net1774,5.52
net1776,5.52
net1779,5.52
net1780,5.52
net1784,5.52
net1794,5.52
net1799,5.52
net1812,5.52
net1813,5.52
net1822,5.52
net1826,5.52
net1828,5.52
net1829,5.52
net1830,5.52
net1839,5.52
net1853,5.52
net1858,5.52
net1860,5.52
net1863,5.52
net1864,5.52
net1871,5.52
net1872,5.52
net1879,5.52
net1885,5.52
net1890,5.52
net1895,5.52
net1898,5.52
net1904,5.52
net1906,5.52
net1917,5.52
net1919,5.52
net1921,5.52
net1923,5.52
net1924,5.52
net1928,5.52
net1929,5.52
net1932,5.52
net1933,5.52
net1936,5.52
net1962,5.52
_00390_,5.505
_00733_,5.505
_01195_,5.505
_01247_,5.505
_01532_,5.505
_01568_,5.505
_01778_,5.505
_01391_,5.5
_02171_,5.5
_03236_,5.5
_05485_,5.5
la_sa_lm_sm_block.reg_data_form_id_128\[38\],5.5
net729,5.5
net1805,5.5
_00719_,5.49
ex_mem_pipe_reg.Instr_Out\[1\],5.485
_01116_,5.48
_02826_,5.48
_06289_,5.48
_07357_,5.48
_07872_,5.48
instr_mem1.rom\[3\]\[8\],5.48
_01632_,5.465
_04627_,5.46
_05556_,5.46
la_sa_lm_sm_block.reg_data_form_id_128\[42\],5.46
net801,5.46
net1565,5.46
_01178_,5.445
_01502_,5.445
_02061_,5.445
_05778_,5.44
_06178_,5.44
bht_lut.branchHistoryTable\[3\]\[2\],5.44
_00042_,5.435
_00883_,5.435
_01251_,5.435
_01597_,5.435
_01640_,5.435
_01770_,5.435
net132,5.425
_04401_,5.42
net698,5.42
_05564_,5.41
debug_mem_data[2],5.41
debug_reg_data[12],5.41
debug_reg_data[4],5.41
_01848_,5.405
_02254_,5.4
_02966_,5.4
_02968_,5.4
_04347_,5.4
_04403_,5.4
_05824_,5.4
_05999_,5.4
_06502_,5.4
_07460_,5.4
_08190_,5.4
net146,5.4
net157,5.4
net159,5.4
net160,5.4
net165,5.4
net168,5.4
net170,5.4
net172,5.4
net174,5.4
net177,5.4
net178,5.4
net182,5.4
net187,5.4
net188,5.4
net194,5.4
net204,5.4
net214,5.4
net215,5.4
net627,5.4
net641,5.4
net665,5.4
net677,5.4
net701,5.4
net702,5.4
_00397_,5.385
_01064_,5.38
_01150_,5.38
_02493_,5.38
_02657_,5.38
_03076_,5.38
_03115_,5.38
_03225_,5.38
_03396_,5.38
_03575_,5.38
_03614_,5.38
_03780_,5.38
_03788_,5.38
_03809_,5.38
_03813_,5.38
_04018_,5.38
_04610_,5.38
_05094_,5.38
_05167_,5.38
_05169_,5.38
_05410_,5.38
_05967_,5.38
_06454_,5.38
_07009_,5.38
_07432_,5.38
_07849_,5.38
_07914_,5.38
_08292_,5.38
_08500_,5.38
bht_lut.branchHistoryTable\[5\]\[7\],5.38
id_rr_pipe_reg.instr_out\[0\],5.38
net235,5.38
net392,5.38
net422,5.38
net634,5.38
net791,5.38
net1746,5.38
_01684_,5.365
_01723_,5.365
_01724_,5.365
_02198_,5.36
_02379_,5.36
_07186_,5.36
_00508_,5.345
_00770_,5.345
_01783_,5.345
_01843_,5.345
_02058_,5.345
_02122_,5.345
_00795_,5.34
_01036_,5.34
_01129_,5.34
_02311_,5.34
_02342_,5.34
_02421_,5.34
_03306_,5.34
_03308_,5.34
_03392_,5.34
_03581_,5.34
_03668_,5.34
_03722_,5.34
_04332_,5.34
_04498_,5.34
_04931_,5.34
_04956_,5.34
_05303_,5.34
_05500_,5.34
_05608_,5.34
_05995_,5.34
_06148_,5.34
_06462_,5.34
_06867_,5.34
_06895_,5.34
_07023_,5.34
_07101_,5.34
_07143_,5.34
_07206_,5.34
_07858_,5.34
_07895_,5.34
_07905_,5.34
_08216_,5.34
_08469_,5.34
instr_mem1.rom\[3\]\[10\],5.34
la_sa_lm_sm_block.reg_data_form_id_128\[48\],5.34
la_sa_lm_sm_block.reg_data_form_id_128\[68\],5.34
la_sa_lm_sm_block.reg_data_form_id_128\[74\],5.34
net193,5.34
net1536,5.34
_01215_,5.325
_01468_,5.325
_01434_,5.315
_01972_,5.315
debug_reg_data[10],5.31
_00058_,5.305
_00141_,5.305
_00179_,5.305
_00195_,5.305
_00228_,5.305
_00428_,5.305
_00475_,5.305
_00695_,5.305
_01081_,5.305
_01149_,5.305
_01170_,5.305
_01216_,5.305
_01370_,5.305
_01637_,5.305
_01687_,5.305
_01689_,5.305
_01779_,5.305
_01873_,5.305
_02068_,5.305
_02119_,5.305
net338,5.305
_01759_,5.3
debug_reg_addr[0],5.29
instr_wdata[12],5.29
_00277_,5.28
_02840_,5.28
_02920_,5.28
_03171_,5.28
_03838_,5.28
_04255_,5.28
_04448_,5.28
_05052_,5.28
_06953_,5.28
_07325_,5.28
_07855_,5.28
bht_lut.branchHistoryTable\[3\]\[5\],5.28
bht_lut.branchHistoryTable\[4\]\[3\],5.28
_00190_,5.265
_00309_,5.265
_00373_,5.265
_00589_,5.265
_00730_,5.265
_01198_,5.265
_02176_,5.26
_02255_,5.26
_02489_,5.26
_02683_,5.26
_02747_,5.26
_02896_,5.26
_03098_,5.26
_03232_,5.26
_03381_,5.26
_03662_,5.26
_03698_,5.26
_03759_,5.26
_03952_,5.26
_04378_,5.26
_05316_,5.26
_05600_,5.26
_05666_,5.26
_05844_,5.26
_05939_,5.26
_06718_,5.26
_06787_,5.26
_06815_,5.26
_07456_,5.26
_07762_,5.26
_07801_,5.26
_07823_,5.26
_07921_,5.26
_08094_,5.26
_08169_,5.26
_08366_,5.26
_08369_,5.26
_08429_,5.26
_08503_,5.26
bht_lut.branchHistoryTable\[7\]\[12\],5.26
la_sa_lm_sm_block.reg_data_form_id_128\[63\],5.26
la_sa_lm_sm_block.reg_data_form_id_128\[79\],5.26
la_sa_lm_sm_block.reg_data_form_id_128\[82\],5.26
la_sa_lm_sm_block.reg_data_form_id_128\[83\],5.26
net49,5.26
net218,5.26
net280,5.26
net356,5.26
net598,5.26
net889,5.26
net1041,5.26
net1499,5.26
net1509,5.26
net1827,5.26
net1852,5.26
net1952,5.26
_04100_,5.25
_01253_,5.245
_01385_,5.245
_01462_,5.245
_01789_,5.245
_00613_,5.24
_01290_,5.24
_06397_,5.24
net419,5.24
_00143_,5.225
la_sa_lm_sm_block.reg_data_form_id_128\[23\],5.225
_02291_,5.22
_02341_,5.22
_02450_,5.22
_02641_,5.22
_03080_,5.22
_03085_,5.22
_03330_,5.22
_03911_,5.22
_04020_,5.22
_04127_,5.22
_05033_,5.22
_05346_,5.22
_05795_,5.22
_06235_,5.22
_06238_,5.22
_06625_,5.22
_06734_,5.22
_06918_,5.22
_07022_,5.22
_07041_,5.22
_07071_,5.22
_07138_,5.22
_07260_,5.22
_07388_,5.22
_07811_,5.22
_07904_,5.22
_08095_,5.22
_08186_,5.22
_08399_,5.22
la_sa_lm_sm_block.reg_data_form_id_128\[102\],5.22
la_sa_lm_sm_block.reg_data_form_id_128\[44\],5.22
la_sa_lm_sm_block.reg_data_form_id_128\[57\],5.22
la_sa_lm_sm_block.reg_data_form_id_128\[97\],5.22
net343,5.22
net403,5.22
net675,5.22
net940,5.22
net1343,5.22
net1650,5.22
net1798,5.22
debug_mem_data[12],5.19
debug_mem_data[13],5.19
debug_mem_data[3],5.19
instr_wdata[0],5.19
ir_port[10],5.19
processor_running,5.19
_00484_,5.185
_01186_,5.185
_01968_,5.185
_01918_,5.165
_00545_,5.16
_00892_,5.16
_00933_,5.16
_00988_,5.16
_01271_,5.16
_01685_,5.16
_01797_,5.16
_02025_,5.16
_03095_,5.16
_03920_,5.16
_04158_,5.16
_04800_,5.16
_04926_,5.16
_07402_,5.16
net922,5.16
net1087,5.16
net1151,5.16
net1159,5.16
net1253,5.16
net1367,5.16
net1375,5.16
net1456,5.16
net1740,5.16
net1811,5.16
net1916,5.16
_01978_,5.155
_01294_,5.145
_02944_,5.14
_04866_,5.14
_04913_,5.14
_07096_,5.14
net1790,5.14
_02914_,5.135
_01553_,5.125
_03628_,5.12
_04144_,5.12
_04317_,5.12
_04684_,5.12
_04960_,5.12
_06808_,5.12
_07371_,5.12
_07647_,5.12
_07741_,5.12
net903,5.12
net1048,5.12
net1186,5.12
_01822_,5.1
net676,5.1
_00120_,5.095
_00934_,5.095
_00952_,5.095
_00181_,5.085
_00230_,5.085
_00306_,5.085
_00457_,5.085
_00700_,5.085
_00761_,5.085
_00847_,5.085
_00889_,5.085
_01267_,5.085
_01455_,5.085
_01711_,5.085
_01951_,5.085
debug_mem_data[6],5.07
debug_reg_data[11],5.07
debug_reg_data[13],5.07
reset,5.07
_05051_,5.06
_08404_,5.06
net545,5.06
net897,5.06
net1002,5.06
net1052,5.06
net1138,5.06
net1182,5.06
net1254,5.06
net1273,5.06
net1288,5.06
net1313,5.06
net1322,5.06
net1331,5.06
net1336,5.06
net1342,5.06
net1379,5.06
net1425,5.06
net1431,5.06
net1477,5.06
net1478,5.06
net1559,5.06
net1639,5.06
net1641,5.06
net1665,5.06
net1743,5.06
net1972,5.06
_00137_,5.045
_00372_,5.045
_00694_,5.045
_00859_,5.045
_00904_,5.045
_01425_,5.045
_01435_,5.045
_01449_,5.045
_01690_,5.045
_01761_,5.045
_02125_,5.045
_00213_,5.04
_04696_,5.04
_06057_,5.04
la_sa_lm_sm_block.reg_data_form_id_128\[33\],5.04
la_sa_lm_sm_block.reg_data_form_id_128\[88\],5.04
net583,5.04
net630,5.04
net796,5.04
_00971_,5.02
_03347_,5.02
_08412_,5.02
bht_lut.branchHistoryTable\[2\]\[15\],5.02
bht_lut.branchHistoryTable\[4\]\[5\],5.02
bht_lut.branchHistoryTable\[7\]\[13\],5.02
net1613,5.02
_01062_,5.015
_01353_,5.015
_02373_,5.01
_03134_,5
la_sa_lm_sm_block.reg_data_form_id_128\[4\],5
net1698,5
_00555_,4.985
_00494_,4.975
_01667_,4.975
_01153_,4.94
_02266_,4.94
_02375_,4.94
_02893_,4.94
_03568_,4.94
_04328_,4.94
_04553_,4.94
_04562_,4.94
_04662_,4.94
_04972_,4.94
_05680_,4.94
_07679_,4.94
_01365_,4.925
_02005_,4.925
_02022_,4.925
_01025_,4.92
_01097_,4.92
_01823_,4.92
_02179_,4.92
_02451_,4.92
_02486_,4.92
_02696_,4.92
_02710_,4.92
_02761_,4.92
_03029_,4.92
_03150_,4.92
_03569_,4.92
_03781_,4.92
_04156_,4.92
_04239_,4.92
_04721_,4.92
_04816_,4.92
_04961_,4.92
_05087_,4.92
_05540_,4.92
_06124_,4.92
_06214_,4.92
_06395_,4.92
_06648_,4.92
_06660_,4.92
_06849_,4.92
_06999_,4.92
_07079_,4.92
_07363_,4.92
_07582_,4.92
_07805_,4.92
_07924_,4.92
_08087_,4.92
_08200_,4.92
_08309_,4.92
la_sa_lm_sm_block.reg_data_form_id_128\[66\],4.92
la_sa_lm_sm_block.reg_data_form_id_128\[78\],4.92
net51,4.92
net60,4.92
net173,4.92
net471,4.92
net1432,4.92
_01312_,4.905
_01541_,4.905
_02256_,4.9
_03805_,4.9
_05567_,4.9
_07255_,4.9
_08315_,4.9
_07412_,4.895
_00022_,4.885
_00486_,4.885
_00612_,4.885
_00614_,4.885
_00660_,4.885
_00676_,4.885
_00710_,4.885
_00925_,4.885
_01148_,4.885
_01204_,4.885
_01279_,4.885
_01299_,4.885
_01506_,4.885
_01562_,4.885
_02442_,4.88
_02575_,4.88
_02728_,4.88
_02898_,4.88
_03069_,4.88
_03321_,4.88
_03564_,4.88
_04482_,4.88
_04488_,4.88
_04589_,4.88
_05024_,4.88
_05116_,4.88
_05803_,4.88
_06236_,4.88
_06680_,4.88
_06836_,4.88
_06922_,4.88
_06923_,4.88
_07033_,4.88
_07136_,4.88
_07406_,4.88
_07517_,4.88
_08159_,4.88
bht_lut.branchHistoryTable\[7\]\[14\],4.88
bht_lut.branchHistoryTable\[7\]\[5\],4.88
net658,4.88
net1982,4.88
_00438_,4.865
_00739_,4.865
_06180_,4.85
debug_mem_data[7],4.85
debug_reg_data[1],4.85
ir_port[3],4.85
ir_port[5],4.85
_00056_,4.845
_00079_,4.845
_00119_,4.845
_00242_,4.845
_00254_,4.845
_00318_,4.845
_00506_,4.845
_00587_,4.845
_00596_,4.845
_00687_,4.845
_00777_,4.845
_00815_,4.845
_00870_,4.845
_00872_,4.845
_00897_,4.845
_01221_,4.845
_01276_,4.845
_01448_,4.845
_01529_,4.845
_01621_,4.845
_01748_,4.845
_01753_,4.845
_01780_,4.845
_01984_,4.845
_01989_,4.845
_00019_,4.835
_01196_,4.82
_01922_,4.82
_02271_,4.82
_02376_,4.82
_02795_,4.82
_02929_,4.82
_06227_,4.82
_06309_,4.82
_06830_,4.82
_07030_,4.82
_07470_,4.82
_07768_,4.82
_08184_,4.82
_08189_,4.82
bht_lut.branchHistoryTable\[7\]\[10\],4.82
net1697,4.82
_00835_,4.805
_01554_,4.805
_01921_,4.805
_01745_,4.8
_02241_,4.8
_02295_,4.8
_02668_,4.8
_02669_,4.8
_02703_,4.8
_02709_,4.8
_02763_,4.8
_03103_,4.8
_03275_,4.8
_03683_,4.8
_03784_,4.8
_03812_,4.8
_04047_,4.8
_04149_,4.8
_04245_,4.8
_04435_,4.8
_04538_,4.8
_04556_,4.8
_04900_,4.8
_04978_,4.8
_05013_,4.8
_05014_,4.8
_05026_,4.8
_05816_,4.8
_05853_,4.8
_06361_,4.8
_06820_,4.8
_06976_,4.8
_07323_,4.8
_07399_,4.8
_07499_,4.8
_07746_,4.8
_07860_,4.8
_07870_,4.8
_07923_,4.8
_07945_,4.8
_08081_,4.8
_08118_,4.8
_08239_,4.8
_08263_,4.8
_08288_,4.8
bht_lut.branchHistoryTable\[4\]\[10\],4.8
bht_lut.branchHistoryTable\[4\]\[9\],4.8
bht_lut.branchHistoryTable\[5\]\[12\],4.8
la_sa_lm_sm_block.reg_data_form_id_128\[108\],4.8
net207,4.8
net232,4.8
net781,4.8
net840,4.8
net918,4.8
net1222,4.8
net1524,4.8
net1672,4.8
net1967,4.8
_00668_,4.785
_00817_,4.785
_01293_,4.785
_01386_,4.785
la_sa_lm_sm_block.reg_data_form_id_128\[50\],4.78
_02492_,4.76
_03325_,4.76
_03452_,4.76
_03679_,4.76
_03877_,4.76
_03919_,4.76
_03935_,4.76
_03981_,4.76
_04335_,4.76
_04948_,4.76
_05011_,4.76
_05144_,4.76
_05902_,4.76
_05964_,4.76
_06230_,4.76
_06385_,4.76
_06827_,4.76
_06835_,4.76
_06841_,4.76
_07010_,4.76
_07119_,4.76
_07139_,4.76
_07343_,4.76
_07837_,4.76
_08069_,4.76
_08104_,4.76
net985,4.76
net1808,4.76
_01498_,4.755
_00636_,4.745
_01284_,4.745
_01927_,4.745
_00294_,4.725
_00677_,4.725
_00713_,4.725
_00853_,4.725
_01627_,4.725
_01706_,4.725
_01891_,4.72
_00496_,4.7
_00535_,4.7
_00667_,4.7
_00776_,4.7
_00850_,4.7
_00912_,4.7
_00987_,4.7
_01327_,4.7
_01599_,4.7
_01820_,4.7
_01897_,4.7
_01901_,4.7
_02043_,4.7
_02138_,4.7
_03632_,4.7
_03659_,4.7
_05832_,4.7
_07510_,4.7
_07651_,4.7
net727,4.7
net1146,4.7
net1185,4.7
net1354,4.7
net1411,4.7
net1446,4.7
net1530,4.7
net1552,4.7
net1561,4.7
net1608,4.7
net1713,4.7
net1877,4.7
_02800_,4.68
_02866_,4.68
_03233_,4.68
_03790_,4.68
_04136_,4.68
_04164_,4.68
_06803_,4.68
net483,4.68
net886,4.68
net1232,4.68
_00153_,4.675
bht_lut.branchHistoryTable\[3\]\[13\],4.675
_03079_,4.66
_01212_,4.635
_01319_,4.635
_00163_,4.625
_00196_,4.625
_00385_,4.625
_00517_,4.625
_00759_,4.625
_00836_,4.625
_01070_,4.625
_01250_,4.625
_01311_,4.625
_01446_,4.625
_01489_,4.625
_01591_,4.625
_01720_,4.625
_01795_,4.625
_01966_,4.625
_02021_,4.625
net569,4.625
_01001_,4.605
_02180_,4.6
_04470_,4.6
_05487_,4.6
_05675_,4.6
_05691_,4.6
_05886_,4.6
_06937_,4.6
_07475_,4.6
_08072_,4.6
net496,4.6
net819,4.6
net1414,4.6
net1948,4.6
net1968,4.6
_00437_,4.585
_00574_,4.585
_00592_,4.585
_00616_,4.585
_00964_,4.585
_00998_,4.585
_01350_,4.585
_01438_,4.585
_02048_,4.585
_01842_,4.58
_02829_,4.58
_05618_,4.58
_06018_,4.58
_07686_,4.58
la_sa_lm_sm_block.reg_data_form_id_128\[84\],4.58
net652,4.58
net972,4.58
_03339_,4.56
_07403_,4.56
bht_lut.branchHistoryTable\[0\]\[4\],4.56
bht_lut.branchHistoryTable\[4\]\[6\],4.56
bht_lut.branchHistoryTable\[6\]\[15\],4.56
ex_mem_pipe_reg.Control_Out\[0\],4.56
instr_mem1.rom\[7\]\[14\],4.56
net743,4.56
_00556_,4.545
_01352_,4.545
_03020_,4.54
_00698_,4.525
_01356_,4.525
_02097_,4.525
_00107_,4.505
_00363_,4.505
_01889_,4.505
_01755_,4.485
_02572_,4.48
_02730_,4.48
_02901_,4.48
_03395_,4.48
_03542_,4.48
_04484_,4.48
_05163_,4.48
_05454_,4.48
_06085_,4.48
_07480_,4.48
_07949_,4.48
net505,4.48
net572,4.48
net1684,4.48
_06431_,4.47
la_sa_lm_sm_block.reg_data_form_id_128\[16\],4.465
_01101_,4.46
_02327_,4.46
_02410_,4.46
_02569_,4.46
_02637_,4.46
_02722_,4.46
_02778_,4.46
_03175_,4.46
_03361_,4.46
_03399_,4.46
_03425_,4.46
_03721_,4.46
_03749_,4.46
_03789_,4.46
_03803_,4.46
_03902_,4.46
_03964_,4.46
_04428_,4.46
_04846_,4.46
_05933_,4.46
_06440_,4.46
_06649_,4.46
_06726_,4.46
_06868_,4.46
_06940_,4.46
_06949_,4.46
_07112_,4.46
_07723_,4.46
_08093_,4.46
_08321_,4.46
_08417_,4.46
_08458_,4.46
bht_lut.branchHistoryTable\[4\]\[11\],4.46
bht_lut.branchHistoryTable\[5\]\[5\],4.46
net201,4.46
net244,4.46
net388,4.46
net682,4.46
net725,4.46
_01201_,4.445
_01260_,4.445
_00874_,4.44
_02926_,4.44
_04705_,4.44
_05089_,4.44
instr_mem1.rom\[7\]\[10\],4.44
_00748_,4.425
_00829_,4.425
_00864_,4.425
_00973_,4.425
_01113_,4.425
_01429_,4.425
_01511_,4.425
_01580_,4.425
_01771_,4.425
_01916_,4.425
_02014_,4.425
_07313_,4.425
_02455_,4.42
_02640_,4.42
_02653_,4.42
_03228_,4.42
_03310_,4.42
_03739_,4.42
_03794_,4.42
_04872_,4.42
_04914_,4.42
_05450_,4.42
_05520_,4.42
_06233_,4.42
_06352_,4.42
_06670_,4.42
_06965_,4.42
_06980_,4.42
_07075_,4.42
_07384_,4.42
_07721_,4.42
_07761_,4.42
_07765_,4.42
_07862_,4.42
_07942_,4.42
bht_lut.branchHistoryTable\[7\]\[11\],4.42
id_rr_pipe_reg.instr_out\[15\],4.42
id_rr_pipe_reg.pc_next_in\[7\],4.42
net580,4.42
_01305_,4.405
_01785_,4.405
instr_wdata[8],4.39
ir_port[0],4.39
pc_out_port[14],4.39
pc_out_port[3],4.39
zero_flag_port,4.39
_00114_,4.385
_00175_,4.385
_00304_,4.385
_00364_,4.385
_00631_,4.385
_00659_,4.385
_00664_,4.385
_00691_,4.385
_00725_,4.385
_00787_,4.385
_01143_,4.385
_01238_,4.385
_01241_,4.385
_01274_,4.385
_01306_,4.385
_01160_,4.365
_00366_,4.36
_00910_,4.36
_01382_,4.36
_02600_,4.36
_03492_,4.36
_03731_,4.36
_07081_,4.36
_07124_,4.36
_07360_,4.36
_07396_,4.36
_08192_,4.36
_08202_,4.36
_08400_,4.36
la_sa_lm_sm_block.reg_data_form_id_128\[21\],4.345
_02278_,4.34
_02378_,4.34
_02496_,4.34
_02628_,4.34
_02687_,4.34
_02724_,4.34
_03032_,4.34
_03062_,4.34
_03391_,4.34
_03553_,4.34
_03925_,4.34
_04014_,4.34
_04021_,4.34
_04111_,4.34
_04543_,4.34
_04865_,4.34
_05127_,4.34
_05293_,4.34
_05398_,4.34
_05526_,4.34
_06009_,4.34
_06073_,4.34
_06116_,4.34
_06258_,4.34
_06302_,4.34
_06631_,4.34
_06658_,4.34
_06672_,4.34
_07140_,4.34
_07937_,4.34
_08141_,4.34
bht_lut.branchHistoryTable\[5\]\[8\],4.34
net231,4.34
net252,4.34
net370,4.34
net1252,4.34
net1417,4.34
net1504,4.34
net1507,4.34
net1709,4.34
net1753,4.34
net1765,4.34
net1899,4.34
net1915,4.34
_00049_,4.335
_00018_,4.325
_01324_,4.325
_01349_,4.325
_01436_,4.325
_01456_,4.325
_01997_,4.325
_02044_,4.325
_02078_,4.325
_02112_,4.325
_02135_,4.325
_01029_,4.32
_03144_,4.32
_00384_,4.295
_01214_,4.295
_01742_,4.295
_01943_,4.295
_02064_,4.295
_01806_,4.275
_00470_,4.265
_00584_,4.265
_01670_,4.265
_01504_,4.26
_02006_,4.26
_01111_,4.255
_00370_,4.24
_00478_,4.24
_00622_,4.24
_00914_,4.24
_01263_,4.24
_01732_,4.24
_01987_,4.24
_03307_,4.24
_04783_,4.24
_07634_,4.24
bht_lut.branchHistoryTable\[3\]\[0\],4.24
net990,4.24
net1055,4.24
net1694,4.24
net1735,4.24
_02214_,4.22
_03779_,4.22
_03923_,4.22
_06240_,4.22
_07622_,4.22
_07902_,4.22
bht_lut.branchHistoryTable\[6\]\[3\],4.22
instr_mem1.rom\[7\]\[9\],4.22
la_sa_lm_sm_block.reg_data_form_id_128\[81\],4.22
net1943,4.22
_07297_,4.21
_03083_,4.2
_03127_,4.2
_07365_,4.2
net1358,4.2
_01389_,4.195
_02875_,4.18
_00108_,4.165
_00239_,4.165
_00357_,4.165
_00697_,4.165
_00728_,4.165
_00769_,4.165
_00913_,4.165
_01051_,4.165
_01074_,4.165
_01304_,4.165
_01358_,4.165
_01510_,4.165
_01713_,4.165
_01717_,4.165
_01743_,4.165
_01756_,4.165
_01794_,4.165
_01912_,4.165
net487,4.165
net865,4.165
_00821_,4.145
_00553_,4.14
_00644_,4.14
_03402_,4.14
_03410_,4.14
_03488_,4.14
_05082_,4.14
_05784_,4.14
_08197_,4.14
net512,4.14
net529,4.14
net683,4.14
net699,4.14
net773,4.14
net1977,4.14
_00097_,4.125
_00265_,4.125
_02975_,4.12
_04856_,4.12
_07424_,4.12
_07428_,4.12
_07643_,4.12
_08116_,4.12
net785,4.12
net1836,4.12
net1867,4.12
_01009_,4.115
_02674_,4.1
_03384_,4.1
_07490_,4.1
_00081_,4.095
_00554_,4.085
_01958_,4.085
_00368_,4.065
_00467_,4.065
_01042_,4.065
_01626_,4.065
_00637_,4.045
_00665_,4.045
net609,4.045
_02233_,4.03
_05120_,4.025
_03187_,4.02
_03483_,4.02
_03510_,4.02
_03621_,4.02
_03709_,4.02
_04188_,4.02
_04671_,4.02
_04834_,4.02
_06363_,4.02
_06377_,4.02
_08173_,4.02
_08461_,4.02
net544,4.02
net1695,4.02
_00803_,4
_02434_,4
_02488_,4
_02567_,4
_02630_,4
_02652_,4
_02695_,4
_02735_,4
_03094_,4
_03151_,4
_03182_,4
_03531_,4
_03647_,4
_03727_,4
_03771_,4
_03783_,4
_04097_,4
_04393_,4
_04777_,4
_04885_,4
_04965_,4
_05076_,4
_05363_,4
_06284_,4
_06379_,4
_06413_,4
_06666_,4
_06854_,4
_06911_,4
_06971_,4
_07005_,4
_07382_,4
_07427_,4
_07495_,4
_07734_,4
_08046_,4
_08271_,4
_08446_,4
_08484_,4
bht_lut.branchHistoryTable\[4\]\[8\],4
bht_lut.branchHistoryTable\[5\]\[1\],4
id_rr_pipe_reg.pc_out\[5\],4
la_sa_lm_sm_block.reg_data_form_id_128\[100\],4
la_sa_lm_sm_block.reg_data_form_id_128\[99\],4
net153,4
net225,4
net409,4
net1064,4
net1106,4
net1821,4
net1857,4
_01344_,3.995
_02065_,3.995
_02610_,3.98
_07134_,3.98
_07340_,3.98
_07521_,3.98
bht_lut.branchHistoryTable\[1\]\[5\],3.98
_00078_,3.965
_00210_,3.965
_00375_,3.965
_00414_,3.965
_00488_,3.965
_00489_,3.965
_00689_,3.965
_00932_,3.965
_01039_,3.965
_01342_,3.965
_01359_,3.965
_01366_,3.965
_01469_,3.965
_01487_,3.965
_01613_,3.965
_01619_,3.965
_01669_,3.965
_01856_,3.965
_01903_,3.965
_01928_,3.965
_01954_,3.965
_01999_,3.965
_02045_,3.965
_02051_,3.965
_02074_,3.965
_02146_,3.965
_06877_,3.96
debug_reg_addr[2],3.93
_00187_,3.925
_00399_,3.925
_00420_,3.925
_00500_,3.925
_00690_,3.925
_00696_,3.925
_01050_,3.925
_01176_,3.925
_01239_,3.925
_01393_,3.925
_01492_,3.925
_01681_,3.925
_01733_,3.925
_02052_,3.925
_02819_,3.92
_00533_,3.9
_00926_,3.9
_03177_,3.9
_03854_,3.9
_04607_,3.9
_06669_,3.9
_07006_,3.9
_07857_,3.9
_07913_,3.9
_08272_,3.9
_08297_,3.9
la_sa_lm_sm_block.reg_data_form_id_128\[49\],3.9
net59,3.9
_07252_,3.89
_02673_,3.88
_02717_,3.88
_02727_,3.88
_02870_,3.88
_02962_,3.88
_03019_,3.88
_03104_,3.88
_03113_,3.88
_03140_,3.88
_03385_,3.88
_03393_,3.88
_03512_,3.88
_03738_,3.88
_03834_,3.88
_03963_,3.88
_03975_,3.88
_04003_,3.88
_04434_,3.88
_04585_,3.88
_04983_,3.88
_05070_,3.88
_05135_,3.88
_05435_,3.88
_05513_,3.88
_05552_,3.88
_05942_,3.88
_05996_,3.88
_06459_,3.88
_06742_,3.88
_06924_,3.88
_06932_,3.88
_07202_,3.88
_07459_,3.88
_07725_,3.88
_07890_,3.88
_08048_,3.88
_08132_,3.88
_08279_,3.88
_08296_,3.88
_08329_,3.88
_08477_,3.88
_08511_,3.88
la_sa_lm_sm_block.reg_data_form_id_128\[71\],3.88
net149,3.88
net189,3.88
net211,3.88
net248,3.88
net282,3.88
net1171,3.88
net1397,3.88
net1454,3.88
net1531,3.88
net1673,3.88
net1732,3.88
net1884,3.88
net1910,3.88
_05460_,3.87
_00348_,3.865
_00404_,3.865
_00562_,3.865
_01379_,3.865
_01598_,3.865
_01979_,3.865
_01983_,3.865
_02079_,3.865
_02149_,3.865
_03394_,3.86
_00627_,3.805
_00629_,3.805
_00669_,3.805
_01280_,3.805
_01527_,3.805
_01815_,3.805
_00343_,3.8
_00393_,3.8
_00405_,3.8
_00436_,3.8
_00497_,3.8
_00549_,3.8
_00595_,3.8
_00899_,3.8
_00949_,3.8
_00999_,3.8
_01433_,3.8
_01757_,3.8
_01934_,3.8
_02012_,3.8
_02049_,3.8
_02060_,3.8
_02127_,3.8
_00355_,3.78
_00518_,3.78
_00599_,3.78
_00881_,3.78
_01084_,3.78
_01086_,3.78
_01166_,3.78
_01471_,3.78
_01503_,3.78
_01786_,3.78
_02057_,3.78
_04170_,3.78
_05349_,3.78
_05632_,3.78
_05750_,3.78
net842,3.78
net1022,3.78
net1081,3.78
net1223,3.78
net1231,3.78
net1265,3.78
net1334,3.78
net1537,3.78
net1546,3.78
net1663,3.78
net1927,3.78
net1940,3.78
net1942,3.78
_02721_,3.76
_04762_,3.76
_05402_,3.76
_07511_,3.76
net519,3.76
net915,3.76
_00823_,3.735
_00041_,3.705
_00103_,3.705
_00219_,3.705
_00747_,3.705
_00939_,3.705
_01055_,3.705
_01057_,3.705
_01354_,3.705
_01388_,3.705
_01519_,3.705
_01520_,3.705
_01672_,3.705
_01817_,3.705
_01853_,3.705
_02009_,3.705
net485,3.705
_00652_,3.685
_02942_,3.68
_03057_,3.68
_03065_,3.68
_03075_,3.68
_03086_,3.68
_03118_,3.68
_08350_,3.68
net509,3.68
net522,3.68
net601,3.68
net1124,3.68
net1189,3.68
net1501,3.68
net1667,3.68
_00065_,3.675
_04085_,3.66
_08193_,3.66
_08282_,3.66
net657,3.66
net1502,3.66
_00895_,3.655
_05002_,3.655
instr_mem1.rom\[6\]\[9\],3.645
_03180_,3.64
_06251_,3.64
_01021_,3.635
_01340_,3.635
_00076_,3.625
_00354_,3.625
_00433_,3.625
_00456_,3.625
_00752_,3.625
_00838_,3.625
_00966_,3.625
_01008_,3.625
_01328_,3.625
_01617_,3.625
_02007_,3.625
_02062_,3.625
_02063_,3.625
_02083_,3.625
_03278_,3.62
_00070_,3.605
_00237_,3.605
_01633_,3.605
_01855_,3.605
_00530_,3.585
_00714_,3.585
_00723_,3.585
_00863_,3.585
_01063_,3.585
_01444_,3.585
_01405_,3.565
_02706_,3.56
_02751_,3.56
_03610_,3.56
_04793_,3.56
_04985_,3.56
_05341_,3.56
_05508_,3.56
_05624_,3.56
_05983_,3.56
_07405_,3.56
_08210_,3.56
net1550,3.56
net1574,3.56
_00794_,3.54
_00802_,3.54
_01038_,3.54
_01049_,3.54
_02472_,3.54
_02614_,3.54
_02621_,3.54
_02648_,3.54
_02685_,3.54
_02720_,3.54
_02916_,3.54
_02991_,3.54
_03067_,3.54
_03077_,3.54
_03126_,3.54
_03189_,3.54
_03246_,3.54
_03372_,3.54
_03587_,3.54
_03777_,3.54
_03817_,3.54
_03879_,3.54
_03945_,3.54
_04315_,3.54
_04372_,3.54
_04590_,3.54
_04941_,3.54
_04950_,3.54
_04964_,3.54
_05028_,3.54
_05068_,3.54
_05097_,3.54
_05111_,3.54
_05604_,3.54
_05644_,3.54
_05711_,3.54
_05892_,3.54
_05974_,3.54
_06219_,3.54
_06989_,3.54
_07064_,3.54
_07100_,3.54
_07383_,3.54
_07478_,3.54
_07743_,3.54
_07892_,3.54
_08206_,3.54
_08388_,3.54
_08403_,3.54
id_rr_pipe_reg.instr_out\[4\],3.54
id_rr_pipe_reg.instr_out\[9\],3.54
la_sa_lm_sm_block.reg_data_form_id_128\[53\],3.54
la_sa_lm_sm_block.reg_data_form_id_128\[54\],3.54
la_sa_lm_sm_block.reg_data_form_id_128\[58\],3.54
net238,3.54
net325,3.54
net411,3.54
net499,3.54
net538,3.54
net639,3.54
net724,3.54
net1373,3.54
net1543,3.54
net1788,3.54
net1795,3.54
_03335_,3.525
_04055_,3.52
_00977_,3.515
_06257_,3.515
_00785_,3.505
_01000_,3.505
_01007_,3.505
_01485_,3.505
_01486_,3.505
_01691_,3.505
_01692_,3.505
_01729_,3.505
_01846_,3.505
_01907_,3.505
_02039_,3.505
net595,3.505
_00828_,3.485
_00969_,3.485
_00389_,3.465
_00407_,3.465
_00523_,3.465
_00536_,3.465
_00575_,3.465
_00745_,3.465
_00805_,3.465
_00832_,3.465
_00840_,3.465
_01060_,3.465
_01184_,3.465
_01287_,3.465
_01423_,3.465
_01476_,3.465
_01493_,3.465
_01575_,3.465
_01585_,3.465
_01663_,3.465
_01693_,3.465
_01767_,3.465
_01876_,3.465
_01900_,3.465
_02071_,3.465
_02095_,3.465
_02100_,3.465
_02156_,3.465
_00071_,3.44
_00492_,3.44
_00783_,3.44
_01006_,3.44
_01261_,3.44
_02264_,3.44
_02666_,3.44
_02785_,3.44
_03132_,3.44
_03360_,3.44
_03799_,3.44
_03853_,3.44
_03910_,3.44
_04380_,3.44
_04689_,3.44
_04822_,3.44
_05065_,3.44
_05117_,3.44
_05150_,3.44
_06634_,3.44
_07204_,3.44
_02422_,3.42
_02566_,3.42
_02615_,3.42
_02888_,3.42
_03173_,3.42
_03181_,3.42
_03411_,3.42
_03852_,3.42
_03869_,3.42
_03873_,3.42
_04043_,3.42
_04346_,3.42
_04445_,3.42
_04481_,3.42
_04499_,3.42
_04656_,3.42
_04818_,3.42
_04877_,3.42
_04884_,3.42
_05074_,3.42
_05354_,3.42
_05514_,3.42
_06175_,3.42
_06789_,3.42
_06850_,3.42
_06994_,3.42
_07311_,3.42
_07440_,3.42
_07722_,3.42
_07726_,3.42
_07940_,3.42
_08039_,3.42
_08136_,3.42
_08152_,3.42
la_sa_lm_sm_block.reg_data_form_id_128\[111\],3.42
la_sa_lm_sm_block.reg_data_form_id_128\[35\],3.42
la_sa_lm_sm_block.reg_data_form_id_128\[56\],3.42
la_sa_lm_sm_block.reg_data_form_id_128\[61\],3.42
la_sa_lm_sm_block.reg_data_form_id_128\[69\],3.42
net175,3.42
net220,3.42
net1088,3.42
net1344,3.42
net1514,3.42
net1882,3.42
la_sa_lm_sm_block.reg_data_form_id_128\[29\],3.415
_00046_,3.405
_00075_,3.405
_00352_,3.405
_00573_,3.405
_00670_,3.405
_00742_,3.405
_00755_,3.405
_00827_,3.405
_00842_,3.405
_01126_,3.405
_01275_,3.405
_01472_,3.405
_01792_,3.405
_01807_,3.405
_01840_,3.405
_01947_,3.405
_01961_,3.405
_01963_,3.405
_01969_,3.405
_01977_,3.405
_02089_,3.405
_00645_,3.395
_01650_,3.395
_00241_,3.345
_00349_,3.345
_00465_,3.345
_00884_,3.345
_01012_,3.345
_01058_,3.345
_01185_,3.345
_00327_,3.34
_00329_,3.34
_00374_,3.34
_00381_,3.34
_00383_,3.34
_00391_,3.34
_00435_,3.34
_00440_,3.34
_00455_,3.34
_00458_,3.34
_00460_,3.34
_00487_,3.34
_00490_,3.34
_00509_,3.34
_00548_,3.34
_00550_,3.34
_00577_,3.34
_00582_,3.34
_00586_,3.34
_00591_,3.34
_00600_,3.34
_00624_,3.34
_00633_,3.34
_00854_,3.34
_00888_,3.34
_00936_,3.34
_00941_,3.34
_01325_,3.34
_01357_,3.34
_01383_,3.34
_01445_,3.34
_01508_,3.34
_01615_,3.34
_01849_,3.34
_01863_,3.34
_01931_,3.34
_01937_,3.34
_01950_,3.34
_02019_,3.34
_02047_,3.34
_02124_,3.34
_02140_,3.34
_00193_,3.32
_00598_,3.32
_00642_,3.32
_00958_,3.32
_01108_,3.32
_01165_,3.32
_01262_,3.32
_01322_,3.32
_01407_,3.32
_01414_,3.32
_01432_,3.32
_01530_,3.32
_02923_,3.32
_04101_,3.32
_05648_,3.32
_05779_,3.32
_07540_,3.32
net989,3.32
net1004,3.32
net1121,3.32
net1150,3.32
net1243,3.32
net1356,3.32
net1415,3.32
net1488,3.32
net1520,3.32
net1600,3.32
net1611,3.32
net1633,3.32
net1638,3.32
net1796,3.32
net1804,3.32
net1824,3.32
net1862,3.32
net1897,3.32
net1935,3.32
net1951,3.32
_02302_,3.3
_04082_,3.3
_06973_,3.3
_07693_,3.3
bht_lut.branchHistoryTable\[1\]\[15\],3.3
net1841,3.3
_00648_,3.295
_00112_,3.245
_00145_,3.245
_00325_,3.245
_00425_,3.245
_00557_,3.245
_00611_,3.245
_00643_,3.245
_00764_,3.245
_00950_,3.245
_00996_,3.245
_01189_,3.245
_01281_,3.245
_01565_,3.245
_01837_,3.245
_01985_,3.245
_02023_,3.245
_02096_,3.245
_02105_,3.245
_02137_,3.245
_00685_,3.225
_00843_,3.225
_01174_,3.225
_01254_,3.225
_01540_,3.225
_01707_,3.225
_02114_,3.225
_02226_,3.22
_05555_,3.22
_07694_,3.22
_08244_,3.22
_08432_,3.22
net995,3.215
_04417_,3.2
_06433_,3.2
_08237_,3.2
net1886,3.2
_05406_,3.18
_07410_,3.18
_08396_,3.18
_00188_,3.175
_00419_,3.175
_00471_,3.175
_00561_,3.175
_01413_,3.175
_01534_,3.175
_01571_,3.175
_01602_,3.175
_01610_,3.175
_01620_,3.175
_01646_,3.175
_02042_,3.175
_02104_,3.175
_00715_,3.165
_01122_,3.165
_01155_,3.165
_02824_,3.16
_02827_,3.16
_00258_,3.145
_01415_,3.145
_01611_,3.145
_00639_,3.125
_00734_,3.125
_01046_,3.125
_01090_,3.125
_01242_,3.125
_04613_,3.12
_08395_,3.115
_02645_,3.1
_02688_,3.1
_03024_,3.1
_03258_,3.1
_05104_,3.1
_05962_,3.1
_07317_,3.1
_07465_,3.1
_08106_,3.1
_00797_,3.08
_00804_,3.08
_01134_,3.08
_02200_,3.08
_02247_,3.08
_02269_,3.08
_02757_,3.08
_02930_,3.08
_03109_,3.08
_03262_,3.08
_03732_,3.08
_04440_,3.08
_04449_,3.08
_04501_,3.08
_04502_,3.08
_04532_,3.08
_04704_,3.08
_04937_,3.08
_04989_,3.08
_05062_,3.08
_05499_,3.08
_05544_,3.08
_05706_,3.08
_05810_,3.08
_05819_,3.08
_06392_,3.08
_06788_,3.08
_06842_,3.08
_06951_,3.08
_07296_,3.08
_07462_,3.08
_07770_,3.08
_07839_,3.08
_08070_,3.08
_08077_,3.08
_08158_,3.08
_08325_,3.08
_08498_,3.08
instr_mem1.rom\[14\]\[5\],3.08
la_sa_lm_sm_block.reg_data_form_id_128\[52\],3.08
net200,3.08
net299,3.08
net405,3.08
net427,3.08
net521,3.08
net564,3.08
net746,3.08
net1448,3.08
net1706,3.08
_08340_,3.06
_00619_,3.055
la_sa_lm_sm_block.reg_data_form_id_128\[67\],3.055
_00044_,3.045
_00077_,3.045
_00101_,3.045
_00503_,3.045
_00519_,3.045
_00681_,3.045
_00844_,3.045
_01172_,3.045
_01282_,3.045
_01420_,3.045
_01467_,3.045
_01839_,3.045
_01923_,3.045
_02147_,3.045
_00060_,3.005
_00171_,3.005
_00253_,3.005
_00320_,3.005
_00346_,3.005
_00351_,3.005
_00422_,3.005
_00459_,3.005
_00473_,3.005
_00576_,3.005
_00673_,3.005
_00775_,3.005
_00865_,3.005
_00879_,3.005
_00976_,3.005
_01022_,3.005
_01123_,3.005
_01158_,3.005
_01180_,3.005
_01606_,3.005
_01608_,3.005
_01622_,3.005
_01703_,3.005
_01933_,3.005
_02035_,3.005
_02101_,3.005
_02111_,3.005
_00039_,3
_02041_,3
_00336_,2.98
_00955_,2.98
_02555_,2.98
_02636_,2.98
_02934_,2.98
_02948_,2.98
_03021_,2.98
_03915_,2.98
_03991_,2.98
_04390_,2.98
_05396_,2.98
_05839_,2.98
_06626_,2.98
_06722_,2.98
_06837_,2.98
_07037_,2.98
_07853_,2.98
net181,2.98
_02576_,2.96
_02664_,2.96
_02700_,2.96
_02836_,2.96
_03023_,2.96
_03170_,2.96
_03179_,2.96
_03382_,2.96
_03414_,2.96
_03476_,2.96
_03502_,2.96
_03579_,2.96
_03591_,2.96
_03637_,2.96
_04108_,2.96
_04374_,2.96
_04396_,2.96
_04815_,2.96
_05852_,2.96
_05968_,2.96
_06171_,2.96
_06226_,2.96
_06250_,2.96
_06314_,2.96
_06402_,2.96
_06428_,2.96
_06632_,2.96
_06757_,2.96
_06846_,2.96
_06955_,2.96
_07028_,2.96
_07039_,2.96
_07043_,2.96
_07129_,2.96
_07253_,2.96
_07672_,2.96
_07854_,2.96
_08071_,2.96
_08099_,2.96
_08114_,2.96
la_sa_lm_sm_block.reg_data_form_id_128\[60\],2.96
la_sa_lm_sm_block.reg_data_form_id_128\[87\],2.96
la_sa_lm_sm_block.reg_data_form_id_128\[94\],2.96
net528,2.96
net730,2.96
net966,2.96
net1237,2.96
net1426,2.96
net1487,2.96
_00061_,2.945
_00330_,2.945
_00340_,2.945
_00345_,2.945
_00347_,2.945
_00353_,2.945
_00382_,2.945
_00418_,2.945
_00441_,2.945
_00444_,2.945
_00447_,2.945
_00454_,2.945
_00462_,2.945
_00491_,2.945
_00498_,2.945
_00501_,2.945
_00511_,2.945
_00514_,2.945
_00526_,2.945
_00531_,2.945
_00541_,2.945
_00546_,2.945
_00547_,2.945
_00566_,2.945
_00601_,2.945
_00602_,2.945
_00609_,2.945
_00617_,2.945
_00620_,2.945
_00625_,2.945
_00655_,2.945
_00841_,2.945
_00849_,2.945
_00886_,2.945
_00893_,2.945
_00898_,2.945
_00900_,2.945
_00916_,2.945
_00927_,2.945
_00951_,2.945
_00957_,2.945
_00962_,2.945
_00968_,2.945
_00990_,2.945
_00993_,2.945
_00995_,2.945
_01124_,2.945
_01330_,2.945
_01376_,2.945
_01384_,2.945
_01390_,2.945
_01392_,2.945
_01450_,2.945
_01461_,2.945
_01470_,2.945
_01483_,2.945
_01516_,2.945
_01526_,2.945
_01601_,2.945
_01612_,2.945
_01625_,2.945
_01763_,2.945
_01764_,2.945
_01774_,2.945
_01776_,2.945
_01790_,2.945
_01851_,2.945
_01852_,2.945
_01854_,2.945
_01858_,2.945
_01861_,2.945
_01865_,2.945
_01866_,2.945
_01890_,2.945
_01902_,2.945
_01906_,2.945
_01924_,2.945
_01935_,2.945
_01940_,2.945
_01941_,2.945
_01946_,2.945
_01957_,2.945
_01960_,2.945
_01962_,2.945
_01971_,2.945
_01976_,2.945
_01995_,2.945
_01998_,2.945
_02015_,2.945
_02107_,2.945
_02116_,2.945
_02118_,2.945
_02157_,2.945
_00323_,2.885
_00392_,2.885
_00415_,2.885
_00568_,2.885
_00902_,2.885
_00906_,2.885
_00972_,2.885
_01223_,2.885
_01884_,2.885
_00328_,2.86
_00482_,2.86
_00565_,2.86
_00767_,2.86
_00789_,2.86
_00887_,2.86
_00989_,2.86
_01112_,2.86
_01193_,2.86
_01252_,2.86
_01316_,2.86
_01478_,2.86
_01578_,2.86
_01731_,2.86
_01872_,2.86
_03070_,2.86
_03072_,2.86
_04623_,2.86
_04805_,2.86
_05264_,2.86
_05806_,2.86
_06904_,2.86
net1034,2.86
net1227,2.86
net1277,2.86
net1306,2.86
net1346,2.86
net1580,2.86
net1728,2.86
net1767,2.86
_07683_,2.84
_01243_,2.835
_01942_,2.835
_00057_,2.785
_00339_,2.785
_00430_,2.785
_00578_,2.785
_00731_,2.785
_00738_,2.785
_01088_,2.785
_01120_,2.785
_01136_,2.785
_01154_,2.785
_01177_,2.785
_01182_,2.785
_01295_,2.785
_01296_,2.785
_01297_,2.785
_01347_,2.785
_01394_,2.785
_01514_,2.785
_01525_,2.785
_01543_,2.785
_01607_,2.785
_01746_,2.785
_01777_,2.785
_01788_,2.785
_01887_,2.785
_01913_,2.785
_01938_,2.785
_01945_,2.785
_02038_,2.785
_02153_,2.785
net590,2.785
_00980_,2.765
_02230_,2.76
_02756_,2.76
_03401_,2.76
_05464_,2.76
_05521_,2.76
_05733_,2.76
_05763_,2.76
_05873_,2.76
_07950_,2.76
_08380_,2.76
_08436_,2.76
net1846,2.76
_05030_,2.74
_05783_,2.74
_07437_,2.74
_07489_,2.74
net1606,2.74
_07463_,2.72
_00233_,2.715
_00411_,2.715
_00472_,2.715
_00580_,2.715
_00658_,2.715
_00862_,2.715
_01004_,2.715
_01179_,2.715
_01277_,2.715
_01363_,2.715
_01475_,2.715
_01581_,2.715
_01614_,2.715
_01653_,2.715
_01674_,2.715
_01710_,2.715
_01908_,2.715
_01996_,2.715
_02026_,2.715
_02066_,2.715
_02073_,2.715
_02143_,2.715
la_sa_lm_sm_block.reg_data_form_id_128\[25\],2.715
_00200_,2.705
_00721_,2.705
_01053_,2.705
_04109_,2.68
_02387_,2.67
_00461_,2.665
_01955_,2.665
_05980_,2.66
net197,2.66
_02391_,2.65
_01067_,2.64
_02305_,2.64
_02654_,2.64
_02801_,2.64
_02932_,2.64
_03300_,2.64
_04806_,2.64
_05106_,2.64
_05361_,2.64
_05612_,2.64
_05769_,2.64
_06003_,2.64
_06263_,2.64
_06784_,2.64
_07370_,2.64
_08318_,2.64
la_sa_lm_sm_block.reg_data_form_id_128\[92\],2.64
_06283_,2.625
_00778_,2.62
_01072_,2.62
_01528_,2.62
_02739_,2.62
_02746_,2.62
_02759_,2.62
_02760_,2.62
_02961_,2.62
_03188_,2.62
_03331_,2.62
_03558_,2.62
_03694_,2.62
_04009_,2.62
_04323_,2.62
_04338_,2.62
_04392_,2.62
_04453_,2.62
_04490_,2.62
_04500_,2.62
_04551_,2.62
_04650_,2.62
_04803_,2.62
_04868_,2.62
_04920_,2.62
_05084_,2.62
_05085_,2.62
_05896_,2.62
_05954_,2.62
_05955_,2.62
_06160_,2.62
_06237_,2.62
_06419_,2.62
_06637_,2.62
_06743_,2.62
_06821_,2.62
_06845_,2.62
_06929_,2.62
_06954_,2.62
_07001_,2.62
_07047_,2.62
_07051_,2.62
_07211_,2.62
_07216_,2.62
_07316_,2.62
_07328_,2.62
_07395_,2.62
_07447_,2.62
_07504_,2.62
_07733_,2.62
_08215_,2.62
_08276_,2.62
_08479_,2.62
id_rr_pipe_reg.cntrl_out\[3\],2.62
id_rr_pipe_reg.pc_out\[3\],2.62
la_sa_lm_sm_block.reg_data_form_id_128\[110\],2.62
la_sa_lm_sm_block.reg_data_form_id_128\[15\],2.62
net276,2.62
net687,2.62
net732,2.62
net1001,2.62
net1703,2.62
_00054_,2.595
_00590_,2.595
_01187_,2.595
_01374_,2.595
_01665_,2.595
_02055_,2.595
_02121_,2.595
_00129_,2.585
_00197_,2.585
_00326_,2.585
_00521_,2.585
_00740_,2.585
_00781_,2.585
_00960_,2.585
_00965_,2.585
_01364_,2.585
_01643_,2.585
_01660_,2.585
_01708_,2.585
_01899_,2.585
_00059_,2.545
_00118_,2.545
_00333_,2.545
_00371_,2.545
_00421_,2.545
_00477_,2.545
_00499_,2.545
_00516_,2.545
_00559_,2.545
_00641_,2.545
_00653_,2.545
_00727_,2.545
_00878_,2.545
_00891_,2.545
_00918_,2.545
_00938_,2.545
_01138_,2.545
_01208_,2.545
_01222_,2.545
_01331_,2.545
_01334_,2.545
_01341_,2.545
_01484_,2.545
_01488_,2.545
_01512_,2.545
_01600_,2.545
_01686_,2.545
_01704_,2.545
_01754_,2.545
_01862_,2.545
_02018_,2.545
_02056_,2.545
_02084_,2.545
_02145_,2.545
_07004_,2.54
_03178_,2.53
la_sa_lm_sm_block.reg_data_form_id_128\[17\],2.525
la_sa_lm_sm_block.reg_data_form_id_128\[19\],2.525
_00288_,2.52
_02193_,2.52
_02355_,2.52
_02359_,2.52
_02783_,2.52
_03363_,2.52
_03374_,2.52
_03497_,2.52
_03953_,2.52
_04608_,2.52
_06332_,2.52
_06754_,2.52
_06931_,2.52
_06952_,2.52
_07520_,2.52
_07943_,2.52
la_sa_lm_sm_block.reg_data_form_id_128\[34\],2.52
la_sa_lm_sm_block.reg_data_form_id_128\[37\],2.52
la_sa_lm_sm_block.reg_data_form_id_128\[46\],2.52
la_sa_lm_sm_block.reg_data_form_id_128\[65\],2.52
la_sa_lm_sm_block.reg_data_form_id_128\[70\],2.52
_02441_,2.5
_02554_,2.5
_02663_,2.5
_02672_,2.5
_02677_,2.5
_02919_,2.5
_02957_,2.5
_03125_,2.5
_03215_,2.5
_03332_,2.5
_03367_,2.5
_03457_,2.5
_03685_,2.5
_03689_,2.5
_03750_,2.5
_03795_,2.5
_03968_,2.5
_04022_,2.5
_04062_,2.5
_04430_,2.5
_04492_,2.5
_04617_,2.5
_04710_,2.5
_04717_,2.5
_04844_,2.5
_04879_,2.5
_05088_,2.5
_05255_,2.5
_05530_,2.5
_05760_,2.5
_06333_,2.5
_06422_,2.5
_06703_,2.5
_06731_,2.5
_06753_,2.5
_06852_,2.5
_07014_,2.5
_07053_,2.5
_07062_,2.5
_07352_,2.5
_07909_,2.5
_07928_,2.5
_08082_,2.5
_08194_,2.5
_08316_,2.5
_08391_,2.5
la_sa_lm_sm_block.reg_data_form_id_128\[76\],2.5
la_sa_lm_sm_block.reg_data_form_id_128\[86\],2.5
net441,2.5
net680,2.5
_00130_,2.485
_00693_,2.485
_00830_,2.485
_02205_,2.48
_00266_,2.425
_00905_,2.425
_01283_,2.425
_00115_,2.42
_00666_,2.42
_00699_,2.42
_00708_,2.42
_00824_,2.42
_01047_,2.42
_01080_,2.42
_03097_,2.4
_03409_,2.4
_04703_,2.4
_05757_,2.4
_06771_,2.4
_07287_,2.4
net963,2.4
net1148,2.4
net1258,2.4
net1263,2.4
net1380,2.4
net1388,2.4
net1595,2.4
net1619,2.4
net1820,2.4
net1912,2.4
net1930,2.4
_02454_,2.38
_05370_,2.38
_00173_,2.375
_00451_,2.375
_00615_,2.375
_00837_,2.375
_02016_,2.375
la_sa_lm_sm_block.reg_data_form_id_128\[22\],2.34
_00138_,2.325
_00429_,2.325
_00445_,2.325
_00529_,2.325
_00542_,2.325
_00608_,2.325
_00634_,2.325
_00650_,2.325
_00737_,2.325
_00774_,2.325
_00866_,2.325
_00877_,2.325
_00956_,2.325
_00961_,2.325
_00963_,2.325
_00994_,2.325
_01020_,2.325
_01054_,2.325
_01161_,2.325
_01494_,2.325
_01546_,2.325
_01564_,2.325
_01604_,2.325
_01657_,2.325
_01658_,2.325
_01664_,2.325
_01841_,2.325
_01894_,2.325
_01948_,2.325
_01953_,2.325
_02017_,2.325
_02054_,2.325
_02160_,2.325
_02252_,2.3
_02649_,2.3
_03443_,2.3
_04214_,2.3
_04436_,2.3
_04518_,2.3
_04525_,2.3
_05426_,2.3
_05646_,2.3
_05798_,2.3
_05947_,2.3
_06019_,2.3
_06375_,2.3
_07956_,2.3
_08375_,2.3
net733,2.3
net753,2.3
net757,2.3
net849,2.3
net862,2.3
net1060,2.3
net1485,2.3
net1503,2.3
net1763,2.3
_04105_,2.28
_06528_,2.28
_07379_,2.28
_07381_,2.28
_08492_,2.28
_01387_,2.26
_02072_,2.26
_00337_,2.255
_00376_,2.255
_00398_,2.255
_00434_,2.255
_00558_,2.255
_00857_,2.255
_00979_,2.255
_01406_,2.255
_01466_,2.255
_01618_,2.255
_01898_,2.255
_02093_,2.255
_02126_,2.255
_08491_,2.21
_01017_,2.205
_02164_,2.18
_02319_,2.18
_02320_,2.18
_02882_,2.18
_03130_,2.18
_03322_,2.18
_03329_,2.18
_04247_,2.18
_04446_,2.18
_04510_,2.18
_04536_,2.18
_04741_,2.18
_04749_,2.18
_04981_,2.18
_05141_,2.18
_06399_,2.18
_07713_,2.18
id_rr_pipe_reg.pc_out\[2\],2.18
la_sa_lm_sm_block.reg_data_form_id_128\[32\],2.18
la_sa_lm_sm_block.reg_data_form_id_128\[36\],2.18
la_sa_lm_sm_block.reg_data_form_id_128\[40\],2.18
la_sa_lm_sm_block.reg_data_form_id_128\[47\],2.18
net161,2.18
net191,2.18
net202,2.18
net212,2.18
net226,2.18
net228,2.18
net396,2.18
net447,2.18
net605,2.18
net615,2.18
net647,2.18
net705,2.18
net723,2.18
net726,2.18
net731,2.18
net750,2.18
net756,2.18
net820,2.18
net1339,2.18
net1392,2.18
_00792_,2.16
_00798_,2.16
_00801_,2.16
_01103_,2.16
_02202_,2.16
_02251_,2.16
_02416_,2.16
_02431_,2.16
_02480_,2.16
_02557_,2.16
_02656_,2.16
_02834_,2.16
_03137_,2.16
_03471_,2.16
_03666_,2.16
_03706_,2.16
_03747_,2.16
_03748_,2.16
_03760_,2.16
_03865_,2.16
_03942_,2.16
_04029_,2.16
_04117_,2.16
_04381_,2.16
_04478_,2.16
_04611_,2.16
_04702_,2.16
_04724_,2.16
_04725_,2.16
_04828_,2.16
_04907_,2.16
_05018_,2.16
_05036_,2.16
_05073_,2.16
_05132_,2.16
_05412_,2.16
_05598_,2.16
_05749_,2.16
_05851_,2.16
_05901_,2.16
_06108_,2.16
_06688_,2.16
_06735_,2.16
_06748_,2.16
_06819_,2.16
_06891_,2.16
_06897_,2.16
_07002_,2.16
_07008_,2.16
_07431_,2.16
_07474_,2.16
_07675_,2.16
_08089_,2.16
_08145_,2.16
id_rr_pipe_reg.instr_out\[7\],2.16
id_rr_pipe_reg.pc_out\[11\],2.16
id_rr_pipe_reg.pc_out\[14\],2.16
id_rr_pipe_reg.pc_out\[8\],2.16
la_sa_lm_sm_block.reg_data_form_id_128\[103\],2.16
net53,2.16
net348,2.16
net417,2.16
net474,2.16
net500,2.16
net752,2.16
net803,2.16
net1447,2.16
net1875,2.16
net1892,2.16
_00066_,2.125
_00167_,2.125
_00378_,2.125
_00626_,2.125
_01142_,2.125
_01183_,2.125
_01256_,2.125
_01422_,2.125
_01577_,2.125
_01655_,2.125
_01662_,2.125
_01932_,2.125
_02070_,2.125
_03655_,2.125
_07319_,2.095
_00000_,2.085
_00063_,2.085
_00247_,2.085
_00338_,2.085
_00468_,2.085
_00564_,2.085
_00593_,2.085
_00646_,2.085
_00749_,2.085
_00760_,2.085
_00867_,2.085
_00974_,2.085
_00986_,2.085
_01381_,2.085
_01398_,2.085
_01460_,2.085
_01495_,2.085
_01518_,2.085
_01552_,2.085
_01563_,2.085
_01651_,2.085
_01700_,2.085
_01896_,2.085
_01981_,2.085
_02013_,2.085
_02076_,2.085
_02106_,2.085
_02150_,2.085
_08122_,2.065
la_sa_lm_sm_block.reg_data_form_id_128\[20\],2.065
_00043_,2.06
_00560_,2.06
_00654_,2.06
_01163_,2.06
_01536_,2.06
_02152_,2.06
_02495_,2.06
_02498_,2.06
_03990_,2.06
_04561_,2.06
_04651_,2.06
_06360_,2.06
_06464_,2.06
_06780_,2.06
_06826_,2.06
_06885_,2.06
_06909_,2.06
_06928_,2.06
_07059_,2.06
_07135_,2.06
_07207_,2.06
_07212_,2.06
_07281_,2.06
_07946_,2.06
_02718_,2.04
_02733_,2.04
_02973_,2.04
_03034_,2.04
_03292_,2.04
_03528_,2.04
_03715_,2.04
_03987_,2.04
_04339_,2.04
_04833_,2.04
_05017_,2.04
_06278_,2.04
_06635_,2.04
_06690_,2.04
_06732_,2.04
_06933_,2.04
_07000_,2.04
_07376_,2.04
_07466_,2.04
_07754_,2.04
_08065_,2.04
_08160_,2.04
_08203_,2.04
_08330_,2.04
_08442_,2.04
la_sa_lm_sm_block.reg_data_form_id_128\[41\],2.04
la_sa_lm_sm_block.reg_data_form_id_128\[62\],2.04
la_sa_lm_sm_block.reg_data_form_id_128\[96\],2.04
net171,2.04
net293,2.04
net713,2.04
net1104,2.04
net1557,2.04
_00388_,2.035
_01419_,2.035
_07966_,2.03
_00290_,2.025
_00686_,2.025
_00703_,2.025
_00726_,2.025
_00831_,2.025
_00834_,2.025
_01068_,2.025
_01125_,2.025
_07386_,1.95
_03169_,1.94
_05814_,1.94
_06262_,1.94
net709,1.94
net736,1.94
net737,1.94
net738,1.94
net760,1.94
net848,1.94
net857,1.94
net1164,1.94
net1296,1.94
net1532,1.94
net1627,1.94
net1701,1.94
la_sa_lm_sm_block.reg_data_form_id_128\[18\],1.93
_00365_,1.92
_00055_,1.915
_00871_,1.915
_00940_,1.915
_00943_,1.915
_00991_,1.915
_01107_,1.915
_01207_,1.915
_01395_,1.915
_03966_,1.915
_07537_,1.915
la_sa_lm_sm_block.reg_data_form_id_128\[28\],1.88
_00335_,1.865
_00387_,1.865
_00394_,1.865
_00409_,1.865
_00446_,1.865
_00464_,1.865
_00505_,1.865
_00513_,1.865
_00532_,1.865
_00588_,1.865
_00606_,1.865
_00607_,1.865
_00623_,1.865
_00705_,1.865
_00741_,1.865
_00744_,1.865
_00751_,1.865
_00753_,1.865
_00754_,1.865
_00869_,1.865
_00908_,1.865
_00909_,1.865
_00923_,1.865
_00945_,1.865
_00954_,1.865
_00978_,1.865
_01002_,1.865
_01011_,1.865
_01157_,1.865
_01162_,1.865
_01209_,1.865
_01213_,1.865
_01255_,1.865
_01272_,1.865
_01285_,1.865
_01310_,1.865
_01377_,1.865
_01404_,1.865
_01412_,1.865
_01499_,1.865
_01517_,1.865
_01542_,1.865
_01762_,1.865
_01772_,1.865
_01791_,1.865
_01812_,1.865
_01857_,1.865
_01949_,1.865
_02003_,1.865
_02033_,1.865
_02034_,1.865
_02037_,1.865
_02050_,1.865
_02103_,1.865
_02123_,1.865
_02132_,1.865
_02139_,1.865
_03312_,1.85
_02248_,1.84
_02738_,1.84
_04263_,1.84
_05536_,1.84
_06383_,1.84
_07305_,1.84
_07373_,1.84
_07454_,1.84
net625,1.84
net1556,1.84
la_sa_lm_sm_block.reg_data_form_id_128\[39\],1.82
_00861_,1.745
_04086_,1.725
_04106_,1.725
_01130_,1.72
_02223_,1.72
_02231_,1.72
_02634_,1.72
_03511_,1.72
_05095_,1.72
_05330_,1.72
_07669_,1.72
_08289_,1.72
id_rr_pipe_reg.pc_out\[15\],1.72
net475,1.72
net735,1.72
net836,1.72
net1969,1.72
_00796_,1.7
_01026_,1.7
_01035_,1.7
_02748_,1.7
_02773_,1.7
_02936_,1.7
_03081_,1.7
_03099_,1.7
_03149_,1.7
_03328_,1.7
_03506_,1.7
_03746_,1.7
_03967_,1.7
_03980_,1.7
_03996_,1.7
_04511_,1.7
_04542_,1.7
_05000_,1.7
_05505_,1.7
_05913_,1.7
_06313_,1.7
_06319_,1.7
_06326_,1.7
_07020_,1.7
_07409_,1.7
_07803_,1.7
_08177_,1.7
_08208_,1.7
_08447_,1.7
id_rr_pipe_reg.pc_next_in\[0\],1.7
id_rr_pipe_reg.pc_next_in\[15\],1.7
la_sa_lm_sm_block.reg_data_form_id_128\[51\],1.7
net140,1.7
net246,1.7
net298,1.7
net1214,1.7
net1377,1.7
net1893,1.7
net451,1.685
_07367_,1.68
_07013_,1.64
_04678_,1.63
la_sa_lm_sm_block.reg_data_form_id_128\[30\],1.605
_01104_,1.6
_01105_,1.6
_02357_,1.6
_02433_,1.6
_02435_,1.6
_02445_,1.6
_02457_,1.6
_02482_,1.6
_03053_,1.6
_03376_,1.6
_03835_,1.6
_03956_,1.6
_03983_,1.6
_04537_,1.6
_06471_,1.6
_06671_,1.6
_06675_,1.6
_06698_,1.6
_06831_,1.6
_06982_,1.6
_06990_,1.6
_07126_,1.6
_07145_,1.6
_07201_,1.6
_07833_,1.6
_07846_,1.6
_07856_,1.6
_07894_,1.6
_00360_,1.575
_00395_,1.575
_00442_,1.575
_00483_,1.575
_00621_,1.575
_00657_,1.575
_00928_,1.575
_00948_,1.575
_02382_,1.48
_03022_,1.48
_03648_,1.48
_04195_,1.48
_05584_,1.48
_05602_,1.48
_07813_,1.48
net688,1.48
net902,1.48
net920,1.48
net975,1.48
net1376,1.48
net1646,1.48
net1731,1.48
net1847,1.48
net1922,1.48
_00369_,1.46
_00507_,1.46
_01109_,1.46
_01782_,1.46
_01844_,1.46
_01965_,1.46
_03419_,1.46
_00074_,1.405
_00151_,1.405
_00324_,1.405
_00331_,1.405
_00512_,1.405
_00651_,1.405
_00704_,1.405
_00935_,1.405
_01850_,1.405
_01883_,1.405
_01892_,1.405
_01904_,1.405
_02075_,1.405
_02144_,1.405
_02154_,1.405
_02242_,1.38
_02662_,1.38
_02684_,1.38
_02686_,1.38
_02690_,1.38
_02702_,1.38
_02732_,1.38
_02861_,1.38
_03295_,1.38
_04874_,1.38
_05376_,1.38
_05542_,1.38
_05615_,1.38
_05935_,1.38
_05976_,1.38
_05988_,1.38
_07541_,1.38
net893,1.38
net1286,1.38
_05156_,1.26
_08080_,1.26
_08174_,1.26
id_rr_pipe_reg.pc_out\[6\],1.26
_06747_,1.16
_02343_,1.14
_02350_,1.14
_02361_,1.14
_02363_,1.14
_02460_,1.14
_02461_,1.14
_02462_,1.14
_02463_,1.14
_02469_,1.14
_02470_,1.14
_02490_,1.14
_02774_,1.14
_02775_,1.14
_02911_,1.14
_02931_,1.14
_03060_,1.14
_03091_,1.14
_03117_,1.14
_03152_,1.14
_03154_,1.14
_03670_,1.14
_03695_,1.14
_03730_,1.14
_03775_,1.14
_03870_,1.14
_03892_,1.14
_03908_,1.14
_03917_,1.14
_03938_,1.14
_03958_,1.14
_03961_,1.14
_03965_,1.14
_03985_,1.14
_03995_,1.14
_04258_,1.14
_04321_,1.14
_04340_,1.14
_04345_,1.14
_04444_,1.14
_04447_,1.14
_04936_,1.14
_05140_,1.14
_06132_,1.14
_06222_,1.14
_06242_,1.14
_06473_,1.14
_06627_,1.14
_06638_,1.14
_06641_,1.14
_06644_,1.14
_06677_,1.14
_06694_,1.14
_06751_,1.14
_06847_,1.14
_06856_,1.14
_06903_,1.14
_06915_,1.14
_06927_,1.14
_06934_,1.14
_06942_,1.14
_06964_,1.14
_06979_,1.14
_07056_,1.14
_07057_,1.14
_07083_,1.14
_07106_,1.14
_07110_,1.14
_07122_,1.14
_07130_,1.14
_07144_,1.14
_07209_,1.14
_07270_,1.14
_07750_,1.14
_07751_,1.14
_07752_,1.14
_07756_,1.14
_07759_,1.14
_07769_,1.14
_07772_,1.14
_07775_,1.14
_07822_,1.14
_07867_,1.14
_07877_,1.14
_07899_,1.14
_07903_,1.14
_07910_,1.14
_07917_,1.14
_07930_,1.14
_08300_,1.14
la_sa_lm_sm_block.reg_data_form_id_128\[105\],1.14
la_sa_lm_sm_block.reg_data_form_id_128\[106\],1.14
la_sa_lm_sm_block.reg_data_form_id_128\[107\],1.14
la_sa_lm_sm_block.reg_data_form_id_128\[55\],1.14
rr_ex_pipe_reg.cntrl_out\[0\],1.14
_04778_,1.09
_03499_,1.02
net1659,1.02
_01043_,0.8
_01069_,0.8
_01082_,0.8
_05190_,0.8
_06292_,0.8
_06315_,0.8
id_rr_pipe_reg.cntrl_out\[7\],0.8
id_rr_pipe_reg.pc_out\[0\],0.8
id_rr_pipe_reg.pc_out\[12\],0.8
id_rr_pipe_reg.pc_out\[13\],0.8
id_rr_pipe_reg.pc_out\[7\],0.8
rr_ex_pipe_reg.RF_D2_Out\[15\],0.8
_06070_,0.46
_07345_,0.46
_08267_,0.46
_08416_,0.46
net277,0.46
net290,0.46
net297,0.46
net300,0.46
net314,0.46
net346,0.46
net366,0.46
net385,0.46
net387,0.46
net393,0.46
net406,0.46
net408,0.46
net423,0.46
net429,0.46
net434,0.46
net446,0.46
net463,0.46
net491,0.46
net510,0.46
net535,0.46
net541,0.46
net670,0.46
net689,0.46
net770,0.46
net839,0.46
net866,0.46
net873,0.46
net1754,0.46
