Instance name,  X location,  Y location,  Voltage 
_13412_, 332.34, 484.16, 0.00995552
hold1405, 332.34, 484.16, 0.00995552
FILLER_0_173_710, 332.34, 484.16, 0.00995552
_13406_, 332.34, 478.72, 0.00999114
_13411_, 332.34, 478.72, 0.00999114
_16051_, 332.34, 478.72, 0.00999114
_16083_, 332.34, 478.72, 0.00999114
hold1282, 332.34, 478.72, 0.00999114
hold1479, 332.34, 478.72, 0.00999114
FILLER_0_172_701, 332.34, 478.72, 0.00999114
_13341_, 332.34, 473.28, 0.0099977
clkbuf_leaf_98_clk, 332.34, 473.28, 0.0099977
FILLER_0_169_705, 332.34, 473.28, 0.0099977
FILLER_0_170_713, 332.34, 473.28, 0.0099977
_13377_, 332.34, 467.84, 0.00999078
_16067_, 332.34, 467.84, 0.00999078
_16099_, 332.34, 467.84, 0.00999078
hold1249, 332.34, 467.84, 0.00999078
FILLER_0_168_709, 332.34, 467.84, 0.00999078
FILLER_0_169_713, 332.34, 467.84, 0.00999078
FILLER_0_169_719, 332.34, 467.84, 0.00999078
_13376_, 332.34, 462.4, 0.0100441
_13446_, 332.34, 462.4, 0.0100441
_13447_, 332.34, 462.4, 0.0100441
hold832, 332.34, 462.4, 0.0100441
FILLER_0_166_701, 332.34, 462.4, 0.0100441
FILLER_0_166_724, 332.34, 462.4, 0.0100441
_07775_, 332.34, 456.96, 0.0100045
_10695_, 332.34, 456.96, 0.0100045
FILLER_0_163_710, 332.34, 456.96, 0.0100045
FILLER_0_165_721, 332.34, 456.96, 0.0100045
_07776_, 332.34, 451.52, 0.0100583
_07777_, 332.34, 451.52, 0.0100583
_07778_, 332.34, 451.52, 0.0100583
_07783_, 332.34, 451.52, 0.0100583
_07832_, 332.34, 451.52, 0.0100583
FILLER_0_161_698, 332.34, 451.52, 0.0100583
FILLER_0_162_701, 332.34, 451.52, 0.0100583
FILLER_0_162_719, 332.34, 451.52, 0.0100583
_07780_, 332.34, 446.08, 0.0100178
_07782_, 332.34, 446.08, 0.0100178
_07837_, 332.34, 446.08, 0.0100178
FILLER_0_159_697, 332.34, 446.08, 0.0100178
FILLER_0_160_720, 332.34, 446.08, 0.0100178
FILLER_0_161_711, 332.34, 446.08, 0.0100178
_07501_, 332.34, 440.64, 0.00997278
_07504_, 332.34, 440.64, 0.00997278
_07781_, 332.34, 440.64, 0.00997278
_07836_, 332.34, 440.64, 0.00997278
FILLER_0_157_697, 332.34, 440.64, 0.00997278
FILLER_0_158_713, 332.34, 440.64, 0.00997278
_07835_, 332.34, 435.2, 0.0100682
_13180_, 332.34, 435.2, 0.0100682
_15984_, 332.34, 435.2, 0.0100682
hold635, 332.34, 435.2, 0.0100682
FILLER_0_156_709, 332.34, 435.2, 0.0100682
FILLER_0_156_717, 332.34, 435.2, 0.0100682
FILLER_0_157_724, 332.34, 435.2, 0.0100682
_09897_, 332.34, 429.76, 0.0100814
_15988_, 332.34, 429.76, 0.0100814
hold987, 332.34, 429.76, 0.0100814
FILLER_0_153_710, 332.34, 429.76, 0.0100814
_10697_, 332.34, 424.32, 0.00986927
_13188_, 332.34, 424.32, 0.00986927
_14734_, 332.34, 424.32, 0.00986927
_16584_, 332.34, 424.32, 0.00986927
FILLER_0_152_701, 332.34, 424.32, 0.00986927
FILLER_0_153_722, 332.34, 424.32, 0.00986927
_14733_, 332.34, 418.88, 0.00982203
clkbuf_leaf_101_clk, 332.34, 418.88, 0.00982203
hold484, 332.34, 418.88, 0.00982203
hold1165, 332.34, 418.88, 0.00982203
FILLER_0_149_708, 332.34, 418.88, 0.00982203
_07770_, 332.34, 413.44, 0.00975408
_07784_, 332.34, 413.44, 0.00975408
_10691_, 332.34, 413.44, 0.00975408
_10692_, 332.34, 413.44, 0.00975408
_10698_, 332.34, 413.44, 0.00975408
_11665_, 332.34, 413.44, 0.00975408
_13250_, 332.34, 413.44, 0.00975408
FILLER_0_148_724, 332.34, 413.44, 0.00975408
_07720_, 332.34, 408, 0.00970653
_07730_, 332.34, 408, 0.00970653
_07771_, 332.34, 408, 0.00970653
_10690_, 332.34, 408, 0.00970653
_10693_, 332.34, 408, 0.00970653
FILLER_0_146_701, 332.34, 408, 0.00970653
FILLER_0_147_723, 332.34, 408, 0.00970653
_07719_, 332.34, 402.56, 0.0096405
clkbuf_4_14_0_clk, 332.34, 402.56, 0.0096405
hold642, 332.34, 402.56, 0.0096405
FILLER_0_144_712, 332.34, 402.56, 0.0096405
FILLER_0_144_720, 332.34, 402.56, 0.0096405
FILLER_0_145_722, 332.34, 402.56, 0.0096405
_07456_, 332.34, 397.12, 0.0094818
_07483_, 332.34, 397.12, 0.0094818
_10406_, 332.34, 397.12, 0.0094818
_14501_, 332.34, 397.12, 0.0094818
FILLER_0_142_710, 332.34, 397.12, 0.0094818
FILLER_0_143_723, 332.34, 397.12, 0.0094818
_07454_, 332.34, 391.68, 0.009421
_07469_, 332.34, 391.68, 0.009421
_07505_, 332.34, 391.68, 0.009421
_07543_, 332.34, 391.68, 0.009421
_07767_, 332.34, 391.68, 0.009421
ANTENNA_79, 332.34, 391.68, 0.009421
FILLER_0_139_706, 332.34, 391.68, 0.009421
_07657_, 332.34, 386.24, 0.00924469
_07746_, 332.34, 386.24, 0.00924469
_09201_, 332.34, 386.24, 0.00924469
_10397_, 332.34, 386.24, 0.00924469
hold1450, 332.34, 386.24, 0.00924469
FILLER_0_139_720, 332.34, 386.24, 0.00924469
_07474_, 332.34, 380.8, 0.00915097
_07656_, 332.34, 380.8, 0.00915097
_07827_, 332.34, 380.8, 0.00915097
_07828_, 332.34, 380.8, 0.00915097
_10398_, 332.34, 380.8, 0.00915097
FILLER_0_135_702, 332.34, 380.8, 0.00915097
FILLER_0_137_716, 332.34, 380.8, 0.00915097
_07825_, 332.34, 375.36, 0.00903569
_07826_, 332.34, 375.36, 0.00903569
_09935_, 332.34, 375.36, 0.00903569
FILLER_0_134_713, 332.34, 375.36, 0.00903569
FILLER_0_135_723, 332.34, 375.36, 0.00903569
_09937_, 332.34, 369.92, 0.00892706
_14771_, 332.34, 369.92, 0.00892706
clkbuf_leaf_88_clk, 332.34, 369.92, 0.00892706
hold1205, 332.34, 369.92, 0.00892706
FILLER_0_131_706, 332.34, 369.92, 0.00892706
FILLER_0_132_701, 332.34, 369.92, 0.00892706
_14700_, 332.34, 364.48, 0.008798
_14735_, 332.34, 364.48, 0.008798
_14770_, 332.34, 364.48, 0.008798
_16601_, 332.34, 364.48, 0.008798
FILLER_0_130_701, 332.34, 364.48, 0.008798
_09200_, 332.34, 359.04, 0.0087408
_11024_, 332.34, 359.04, 0.0087408
hold742, 332.34, 359.04, 0.0087408
hold1184, 332.34, 359.04, 0.0087408
FILLER_0_127_702, 332.34, 359.04, 0.0087408
FILLER_0_129_724, 332.34, 359.04, 0.0087408
_09199_, 332.34, 353.6, 0.00860003
_10291_, 332.34, 353.6, 0.00860003
_11025_, 332.34, 353.6, 0.00860003
_14991_, 332.34, 353.6, 0.00860003
wire101, 332.34, 353.6, 0.00860003
FILLER_0_125_697, 332.34, 353.6, 0.00860003
FILLER_0_126_713, 332.34, 353.6, 0.00860003
_08753_, 332.34, 348.16, 0.00847271
_08754_, 332.34, 348.16, 0.00847271
_11033_, 332.34, 348.16, 0.00847271
_14815_, 332.34, 348.16, 0.00847271
hold977, 332.34, 348.16, 0.00847271
FILLER_0_123_697, 332.34, 348.16, 0.00847271
FILLER_0_124_701, 332.34, 348.16, 0.00847271
FILLER_0_125_718, 332.34, 348.16, 0.00847271
_08716_, 332.34, 342.72, 0.00831044
FILLER_0_122_697, 332.34, 342.72, 0.00831044
FILLER_0_123_719, 332.34, 342.72, 0.00831044
_08528_, 332.34, 337.28, 0.00816862
_09458_, 332.34, 337.28, 0.00816862
_10139_, 332.34, 337.28, 0.00816862
hold1071, 332.34, 337.28, 0.00816862
_09919_, 332.34, 331.84, 0.00801243
_10070_, 332.34, 331.84, 0.00801243
_11639_, 332.34, 331.84, 0.00801243
clkbuf_4_12_0_clk, 332.34, 331.84, 0.00801243
ANTENNA_125, 332.34, 331.84, 0.00801243
FILLER_0_118_710, 332.34, 331.84, 0.00801243
_08719_, 332.34, 326.4, 0.00781904
_10061_, 332.34, 326.4, 0.00781904
_15457_, 332.34, 326.4, 0.00781904
FILLER_0_117_721, 332.34, 326.4, 0.00781904
_07572_, 332.34, 320.96, 0.00759735
_07587_, 332.34, 320.96, 0.00759735
_07985_, 332.34, 320.96, 0.00759735
_08720_, 332.34, 320.96, 0.00759735
_10194_, 332.34, 320.96, 0.00759735
_07591_, 332.34, 315.52, 0.00747826
_10064_, 332.34, 315.52, 0.00747826
_10399_, 332.34, 315.52, 0.00747826
FILLER_0_111_697, 332.34, 315.52, 0.00747826
FILLER_0_113_719, 332.34, 315.52, 0.00747826
_08527_, 332.34, 310.08, 0.0072694
_10565_, 332.34, 310.08, 0.0072694
_10566_, 332.34, 310.08, 0.0072694
_10686_, 332.34, 310.08, 0.0072694
FILLER_0_110_713, 332.34, 310.08, 0.0072694
FILLER_0_111_713, 332.34, 310.08, 0.0072694
_08533_, 332.34, 304.64, 0.00703789
_08534_, 332.34, 304.64, 0.00703789
_08816_, 332.34, 304.64, 0.00703789
hold1428, 332.34, 304.64, 0.00703789
FILLER_0_109_722, 332.34, 304.64, 0.00703789
_10684_, 332.34, 299.2, 0.00685775
_10685_, 332.34, 299.2, 0.00685775
_16115_, 332.34, 299.2, 0.00685775
clkbuf_leaf_132_clk, 332.34, 299.2, 0.00685775
FILLER_0_105_697, 332.34, 299.2, 0.00685775
_10683_, 332.34, 293.76, 0.00666718
_13481_, 332.34, 293.76, 0.00666718
_13482_, 332.34, 293.76, 0.00666718
hold1172, 332.34, 293.76, 0.00666718
FILLER_0_103_702, 332.34, 293.76, 0.00666718
FILLER_0_105_722, 332.34, 293.76, 0.00666718
_13551_, 332.34, 288.32, 0.00644902
_13552_, 332.34, 288.32, 0.00644902
_16147_, 332.34, 288.32, 0.00644902
hold1418, 332.34, 288.32, 0.00644902
FILLER_0_101_697, 332.34, 288.32, 0.00644902
FILLER_0_103_717, 332.34, 288.32, 0.00644902
_10641_, 332.34, 282.88, 0.00626175
_13483_, 332.34, 282.88, 0.00626175
_13484_, 332.34, 282.88, 0.00626175
_16116_, 332.34, 282.88, 0.00626175
ANTENNA_52, 332.34, 282.88, 0.00626175
FILLER_0_100_717, 332.34, 282.88, 0.00626175
FILLER_0_101_713, 332.34, 282.88, 0.00626175
_09915_, 332.34, 277.44, 0.00603163
_13553_, 332.34, 277.44, 0.00603163
_13554_, 332.34, 277.44, 0.00603163
hold1196, 332.34, 277.44, 0.00603163
hold1325, 332.34, 277.44, 0.00603163
FILLER_0_98_719, 332.34, 277.44, 0.00603163
_07801_, 332.34, 272, 0.00578313
_09293_, 332.34, 272, 0.00578313
_10621_, 332.34, 272, 0.00578313
_15033_, 332.34, 272, 0.00578313
FILLER_0_97_711, 332.34, 272, 0.00578313
FILLER_0_97_719, 332.34, 272, 0.00578313
_07537_, 332.34, 266.56, 0.00554974
_07793_, 332.34, 266.56, 0.00554974
_07800_, 332.34, 266.56, 0.00554974
FILLER_0_95_719, 332.34, 266.56, 0.00554974
_07789_, 332.34, 261.12, 0.00529944
_07843_, 332.34, 261.12, 0.00529944
_07845_, 332.34, 261.12, 0.00529944
_07854_, 332.34, 261.12, 0.00529944
ANTENNA_42, 332.34, 261.12, 0.00529944
FILLER_0_92_709, 332.34, 261.12, 0.00529944
FILLER_0_92_717, 332.34, 261.12, 0.00529944
FILLER_0_93_724, 332.34, 261.12, 0.00529944
_07542_, 332.34, 255.68, 0.00503015
_07792_, 332.34, 255.68, 0.00503015
_07844_, 332.34, 255.68, 0.00503015
_07853_, 332.34, 255.68, 0.00503015
FILLER_0_89_707, 332.34, 255.68, 0.00503015
FILLER_0_90_707, 332.34, 255.68, 0.00503015
_07524_, 332.34, 250.24, 0.00479683
_07540_, 332.34, 250.24, 0.00479683
_07736_, 332.34, 250.24, 0.00479683
_07737_, 332.34, 250.24, 0.00479683
_07846_, 332.34, 250.24, 0.00479683
hold1328, 332.34, 250.24, 0.00479683
FILLER_0_88_701, 332.34, 250.24, 0.00479683
FILLER_0_88_713, 332.34, 250.24, 0.00479683
_07521_, 332.34, 244.8, 0.00451387
_07738_, 332.34, 244.8, 0.00451387
_10616_, 332.34, 244.8, 0.00451387
_13549_, 332.34, 244.8, 0.00451387
FILLER_0_85_705, 332.34, 244.8, 0.00451387
FILLER_0_86_710, 332.34, 244.8, 0.00451387
_13544_, 332.34, 239.36, 0.0042756
clkbuf_leaf_140_clk, 332.34, 239.36, 0.0042756
hold687, 332.34, 239.36, 0.0042756
FILLER_0_84_724, 332.34, 239.36, 0.0042756
_13543_, 332.34, 233.92, 0.0039468
_13579_, 332.34, 233.92, 0.0039468
_13769_, 332.34, 233.92, 0.0039468
_16159_, 332.34, 233.92, 0.0039468
hold1079, 332.34, 233.92, 0.0039468
hold1438, 332.34, 233.92, 0.0039468
FILLER_0_83_721, 332.34, 233.92, 0.0039468
_13580_, 332.34, 228.48, 0.00371671
_13591_, 332.34, 228.48, 0.00371671
_16163_, 332.34, 228.48, 0.00371671
FILLER_0_81_723, 332.34, 228.48, 0.00371671
_07786_, 332.34, 223.04, 0.00341671
hold712, 332.34, 223.04, 0.00341671
FILLER_0_78_697, 332.34, 223.04, 0.00341671
FILLER_0_79_720, 332.34, 223.04, 0.00341671
_07514_, 332.34, 217.6, 0.0031609
_07785_, 332.34, 217.6, 0.0031609
_07788_, 332.34, 217.6, 0.0031609
_07841_, 332.34, 217.6, 0.0031609
_10682_, 332.34, 217.6, 0.0031609
FILLER_0_75_702, 332.34, 217.6, 0.0031609
FILLER_0_76_697, 332.34, 217.6, 0.0031609
_07787_, 332.34, 212.16, 0.00283489
_13637_, 332.34, 212.16, 0.00283489
hold612, 332.34, 212.16, 0.00283489
FILLER_0_75_721, 332.34, 212.16, 0.00283489
_13672_, 332.34, 206.72, 0.00251577
_13673_, 332.34, 206.72, 0.00251577
_13699_, 332.34, 206.72, 0.00251577
_13742_, 332.34, 206.72, 0.00251577
_16195_, 332.34, 206.72, 0.00251577
hold1059, 332.34, 206.72, 0.00251577
FILLER_0_73_719, 332.34, 206.72, 0.00251577
_13700_, 332.34, 201.28, 0.00224593
_16207_, 332.34, 201.28, 0.00224593
hold1105, 332.34, 201.28, 0.00224593
FILLER_0_70_713, 332.34, 201.28, 0.00224593
FILLER_0_71_724, 332.34, 201.28, 0.00224593
_13735_, 332.34, 195.84, 0.00190084
_15531_, 332.34, 195.84, 0.00190084
_09860_, 332.34, 190.4, 0.0016178
_09998_, 332.34, 190.4, 0.0016178
_10003_, 332.34, 190.4, 0.0016178
FILLER_0_65_709, 332.34, 190.4, 0.0016178
FILLER_0_67_721, 332.34, 190.4, 0.0016178
_08497_, 332.34, 184.96, 0.00130784
_09864_, 332.34, 184.96, 0.00130784
_09865_, 332.34, 184.96, 0.00130784
_10001_, 332.34, 184.96, 0.00130784
_10002_, 332.34, 184.96, 0.00130784
_13807_, 332.34, 184.96, 0.00130784
_13809_, 332.34, 184.96, 0.00130784
FILLER_0_64_710, 332.34, 184.96, 0.00130784
_09861_, 332.34, 179.52, 0.0014012
_09866_, 332.34, 179.52, 0.0014012
_10004_, 332.34, 179.52, 0.0014012
_13802_, 332.34, 179.52, 0.0014012
_13805_, 332.34, 179.52, 0.0014012
FILLER_0_61_700, 332.34, 179.52, 0.0014012
FILLER_0_63_714, 332.34, 179.52, 0.0014012
_16255_, 332.34, 174.08, 0.00152893
hold1420, 332.34, 174.08, 0.00152893
FILLER_0_59_698, 332.34, 174.08, 0.00152893
FILLER_0_60_697, 332.34, 174.08, 0.00152893
FILLER_0_60_713, 332.34, 174.08, 0.00152893
_12892_, 332.34, 168.64, 0.00167389
_15876_, 332.34, 168.64, 0.00167389
_15877_, 332.34, 168.64, 0.00167389
FILLER_0_59_721, 332.34, 168.64, 0.00167389
_12782_, 332.34, 163.2, 0.00178446
_12893_, 332.34, 163.2, 0.00178446
_12899_, 332.34, 163.2, 0.00178446
hold1011, 332.34, 163.2, 0.00178446
FILLER_0_56_701, 332.34, 163.2, 0.00178446
FILLER_0_56_715, 332.34, 163.2, 0.00178446
_12828_, 332.34, 157.76, 0.00192923
_12872_, 332.34, 157.76, 0.00192923
_12887_, 332.34, 157.76, 0.00192923
_12898_, 332.34, 157.76, 0.00192923
_13817_, 332.34, 157.76, 0.00192923
_15873_, 332.34, 157.76, 0.00192923
hold1399, 332.34, 157.76, 0.00192923
FILLER_0_53_706, 332.34, 157.76, 0.00192923
FILLER_0_54_705, 332.34, 157.76, 0.00192923
_12874_, 332.34, 152.32, 0.0020432
_12879_, 332.34, 152.32, 0.0020432
_12880_, 332.34, 152.32, 0.0020432
_15875_, 332.34, 152.32, 0.0020432
hold1374, 332.34, 152.32, 0.0020432
FILLER_0_52_701, 332.34, 152.32, 0.0020432
_12866_, 332.34, 146.88, 0.00216491
_12885_, 332.34, 146.88, 0.00216491
_12886_, 332.34, 146.88, 0.00216491
_15872_, 332.34, 146.88, 0.00216491
hold637, 332.34, 146.88, 0.00216491
hold1029, 332.34, 146.88, 0.00216491
FILLER_0_49_702, 332.34, 146.88, 0.00216491
FILLER_0_51_721, 332.34, 146.88, 0.00216491
_12867_, 332.34, 141.44, 0.0022968
FILLER_0_48_701, 332.34, 141.44, 0.0022968
FILLER_0_48_709, 332.34, 141.44, 0.0022968
_11041_, 332.34, 136, 0.00239585
_12905_, 332.34, 136, 0.00239585
_15878_, 332.34, 136, 0.00239585
FILLER_0_46_701, 332.34, 136, 0.00239585
FILLER_0_47_720, 332.34, 136, 0.00239585
_09592_, 332.34, 130.56, 0.00254647
_11849_, 332.34, 130.56, 0.00254647
_12904_, 332.34, 130.56, 0.00254647
clkbuf_leaf_177_clk, 332.34, 130.56, 0.00254647
hold1281, 332.34, 130.56, 0.00254647
FILLER_0_43_698, 332.34, 130.56, 0.00254647
FILLER_0_44_701, 332.34, 130.56, 0.00254647
_13822_, 332.34, 125.12, 0.00259623
_16266_, 332.34, 125.12, 0.00259623
FILLER_0_41_710, 332.34, 125.12, 0.00259623
FILLER_0_42_701, 332.34, 125.12, 0.00259623
FILLER_0_42_708, 332.34, 125.12, 0.00259623
_12916_, 332.34, 119.68, 0.00274026
_12917_, 332.34, 119.68, 0.00274026
_13823_, 332.34, 119.68, 0.00274026
_15879_, 332.34, 119.68, 0.00274026
FILLER_0_41_722, 332.34, 119.68, 0.00274026
_12852_, 332.34, 114.24, 0.00281359
_12853_, 332.34, 114.24, 0.00281359
_13838_, 332.34, 114.24, 0.00281359
_15871_, 332.34, 114.24, 0.00281359
FILLER_0_37_701, 332.34, 114.24, 0.00281359
_11383_, 332.34, 108.8, 0.00288773
_13836_, 332.34, 108.8, 0.00288773
_13839_, 332.34, 108.8, 0.00288773
_15870_, 332.34, 108.8, 0.00288773
clkbuf_4_4_0_clk, 332.34, 108.8, 0.00288773
FILLER_0_36_701, 332.34, 108.8, 0.00288773
FILLER_0_36_710, 332.34, 108.8, 0.00288773
FILLER_0_36_724, 332.34, 108.8, 0.00288773
_12845_, 332.34, 103.36, 0.00294478
_12846_, 332.34, 103.36, 0.00294478
_13837_, 332.34, 103.36, 0.00294478
_16273_, 332.34, 103.36, 0.00294478
FILLER_0_34_707, 332.34, 103.36, 0.00294478
FILLER_0_35_722, 332.34, 103.36, 0.00294478
_12924_, 332.34, 97.92, 0.00296725
_13824_, 332.34, 97.92, 0.00296725
_15880_, 332.34, 97.92, 0.00296725
FILLER_0_31_698, 332.34, 97.92, 0.00296725
FILLER_0_32_717, 332.34, 97.92, 0.00296725
FILLER_0_32_724, 332.34, 97.92, 0.00296725
FILLER_0_33_719, 332.34, 97.92, 0.00296725
_12833_, 332.34, 92.48, 0.00306409
_13832_, 332.34, 92.48, 0.00306409
_15868_, 332.34, 92.48, 0.00306409
FILLER_0_29_697, 332.34, 92.48, 0.00306409
FILLER_0_30_701, 332.34, 92.48, 0.00306409
_12834_, 332.34, 87.04, 0.00309719
_13833_, 332.34, 87.04, 0.00309719
_16271_, 332.34, 87.04, 0.00309719
FILLER_0_28_701, 332.34, 87.04, 0.00309719
_12815_, 332.34, 81.6, 0.00317634
_12821_, 332.34, 81.6, 0.00317634
_12839_, 332.34, 81.6, 0.00317634
_15866_, 332.34, 81.6, 0.00317634
FILLER_0_25_697, 332.34, 81.6, 0.00317634
FILLER_0_27_719, 332.34, 81.6, 0.00317634
_12820_, 332.34, 76.16, 0.00318004
_12840_, 332.34, 76.16, 0.00318004
_15869_, 332.34, 76.16, 0.00318004
FILLER_0_24_697, 332.34, 76.16, 0.00318004
FILLER_0_24_724, 332.34, 76.16, 0.00318004
_12942_, 332.34, 70.72, 0.00324051
_15883_, 332.34, 70.72, 0.00324051
hold1414, 332.34, 70.72, 0.00324051
FILLER_0_23_721, 332.34, 70.72, 0.00324051
_12930_, 332.34, 65.28, 0.00329143
clkbuf_leaf_171_clk, 332.34, 65.28, 0.00329143
hold1507, 332.34, 65.28, 0.00329143
hold1557, 332.34, 65.28, 0.00329143
_12936_, 332.34, 59.84, 0.00330252
_13827_, 332.34, 59.84, 0.00330252
_15881_, 332.34, 59.84, 0.00330252
_15882_, 332.34, 59.84, 0.00330252
FILLER_0_19_723, 332.34, 59.84, 0.00330252
_14478_, 332.34, 54.4, 0.00334055
hold1592, 332.34, 54.4, 0.00334055
_14472_, 332.34, 48.96, 0.00336105
_14475_, 332.34, 48.96, 0.00336105
_16454_, 332.34, 48.96, 0.00336105
_16458_, 332.34, 48.96, 0.00336105
hold1530, 332.34, 48.96, 0.00336105
_14473_, 332.34, 43.52, 0.00344499
_14477_, 332.34, 43.52, 0.00344499
FILLER_0_12_713, 332.34, 43.52, 0.00344499
FILLER_0_13_718, 332.34, 43.52, 0.00344499
_14476_, 332.34, 38.08, 0.00340486
_16456_, 332.34, 38.08, 0.00340486
hold452, 332.34, 38.08, 0.00340486
hold719, 332.34, 38.08, 0.00340486
hold1528, 332.34, 38.08, 0.00340486
_16462_, 332.34, 32.64, 0.00341247
hold968, 332.34, 32.64, 0.00341247
FILLER_0_9_717, 332.34, 32.64, 0.00341247
hold451, 332.34, 27.2, 0.00340202
FILLER_0_6_697, 332.34, 27.2, 0.00340202
FILLER_0_7_722, 332.34, 27.2, 0.00340202
FILLER_0_5_721, 332.34, 21.76, 0.00338505
FILLER_0_3_721, 332.34, 16.32, 0.00338624
output96, 332.34, 10.88, 0.00338973
FILLER_0_0_697, 332.34, 10.88, 0.00338973
FILLER_0_0_721, 332.34, 10.88, 0.00338973
FILLER_0_1_721, 332.34, 10.88, 0.00338973
hold1425, 178.74, 484.16, 0.00945275
FILLER_0_174_385, 178.74, 484.16, 0.00945275
_13361_, 178.74, 478.72, 0.00951444
_13400_, 178.74, 478.72, 0.00951444
_16060_, 178.74, 478.72, 0.00951444
_16076_, 178.74, 478.72, 0.00951444
_16092_, 178.74, 478.72, 0.00951444
hold1009, 178.74, 478.72, 0.00951444
FILLER_0_173_387, 178.74, 478.72, 0.00951444
_13360_, 178.74, 473.28, 0.00946422
_13396_, 178.74, 473.28, 0.00946422
_13430_, 178.74, 473.28, 0.00946422
_13431_, 178.74, 473.28, 0.00946422
FILLER_0_170_365, 178.74, 473.28, 0.00946422
FILLER_0_170_373, 178.74, 473.28, 0.00946422
_13465_, 178.74, 467.84, 0.00948394
_13466_, 178.74, 467.84, 0.00948394
_13470_, 178.74, 467.84, 0.00948394
_16108_, 178.74, 467.84, 0.00948394
FILLER_0_167_366, 178.74, 467.84, 0.00948394
FILLER_0_168_377, 178.74, 467.84, 0.00948394
FILLER_0_169_382, 178.74, 467.84, 0.00948394
_08314_, 178.74, 462.4, 0.00948297
_08420_, 178.74, 462.4, 0.00948297
clkbuf_leaf_65_clk, 178.74, 462.4, 0.00948297
FILLER_0_165_374, 178.74, 462.4, 0.00948297
FILLER_0_166_365, 178.74, 462.4, 0.00948297
_08312_, 178.74, 456.96, 0.00944422
FILLER_0_165_389, 178.74, 456.96, 0.00944422
_08317_, 178.74, 451.52, 0.00945116
_08320_, 178.74, 451.52, 0.00945116
_08423_, 178.74, 451.52, 0.00945116
_13325_, 178.74, 451.52, 0.00945116
FILLER_0_162_370, 178.74, 451.52, 0.00945116
_08319_, 178.74, 446.08, 0.00941199
_08424_, 178.74, 446.08, 0.00941199
_13288_, 178.74, 446.08, 0.00941199
_16044_, 178.74, 446.08, 0.00941199
hold1222, 178.74, 446.08, 0.00941199
FILLER_0_160_365, 178.74, 446.08, 0.00941199
FILLER_0_161_377, 178.74, 446.08, 0.00941199
_13326_, 178.74, 440.64, 0.009377
hold769, 178.74, 440.64, 0.009377
FILLER_0_159_382, 178.74, 440.64, 0.009377
_10230_, 178.74, 435.2, 0.00937081
_13208_, 178.74, 435.2, 0.00937081
_15996_, 178.74, 435.2, 0.00937081
FILLER_0_155_373, 178.74, 435.2, 0.00937081
_10326_, 178.74, 429.76, 0.0093362
_13204_, 178.74, 429.76, 0.0093362
_13205_, 178.74, 429.76, 0.0093362
FILLER_0_154_377, 178.74, 429.76, 0.0093362
FILLER_0_154_385, 178.74, 429.76, 0.0093362
_10066_, 178.74, 424.32, 0.00925967
_10069_, 178.74, 424.32, 0.00925967
_14712_, 178.74, 424.32, 0.00925967
_16590_, 178.74, 424.32, 0.00925967
hold1271, 178.74, 424.32, 0.00925967
FILLER_0_151_366, 178.74, 424.32, 0.00925967
FILLER_0_152_365, 178.74, 424.32, 0.00925967
FILLER_0_153_385, 178.74, 424.32, 0.00925967
_08149_, 178.74, 418.88, 0.00922451
_14746_, 178.74, 418.88, 0.00922451
_16574_, 178.74, 418.88, 0.00922451
FILLER_0_149_363, 178.74, 418.88, 0.00922451
FILLER_0_150_365, 178.74, 418.88, 0.00922451
_08152_, 178.74, 413.44, 0.00915854
_14711_, 178.74, 413.44, 0.00915854
_14781_, 178.74, 413.44, 0.00915854
FILLER_0_147_367, 178.74, 413.44, 0.00915854
_08151_, 178.74, 408, 0.00911608
_10059_, 178.74, 408, 0.00911608
_14514_, 178.74, 408, 0.00911608
_14515_, 178.74, 408, 0.00911608
_16606_, 178.74, 408, 0.00911608
hold815, 178.74, 408, 0.00911608
ANTENNA_60, 178.74, 408, 0.00911608
FILLER_0_146_374, 178.74, 408, 0.00911608
_08150_, 178.74, 402.56, 0.00904678
_14782_, 178.74, 402.56, 0.00904678
_16478_, 178.74, 402.56, 0.00904678
clkbuf_leaf_72_clk, 178.74, 402.56, 0.00904678
FILLER_0_143_370, 178.74, 402.56, 0.00904678
_10281_, 178.74, 397.12, 0.00902898
_13062_, 178.74, 397.12, 0.00902898
clkbuf_4_11_0_clk, 178.74, 397.12, 0.00902898
hold964, 178.74, 397.12, 0.00902898
FILLER_0_142_390, 178.74, 397.12, 0.00902898
FILLER_0_143_382, 178.74, 397.12, 0.00902898
_07987_, 178.74, 391.68, 0.00889126
_09361_, 178.74, 391.68, 0.00889126
_13134_, 178.74, 391.68, 0.00889126
_13135_, 178.74, 391.68, 0.00889126
_15063_, 178.74, 391.68, 0.00889126
_15965_, 178.74, 391.68, 0.00889126
ANTENNA_80, 178.74, 391.68, 0.00889126
FILLER_0_140_365, 178.74, 391.68, 0.00889126
FILLER_0_140_373, 178.74, 391.68, 0.00889126
FILLER_0_141_378, 178.74, 391.68, 0.00889126
_08307_, 178.74, 386.24, 0.00876536
_08310_, 178.74, 386.24, 0.00876536
_08321_, 178.74, 386.24, 0.00876536
_09360_, 178.74, 386.24, 0.00876536
hold738, 178.74, 386.24, 0.00876536
FILLER_0_137_366, 178.74, 386.24, 0.00876536
_07526_, 178.74, 380.8, 0.00869099
_07651_, 178.74, 380.8, 0.00869099
_08309_, 178.74, 380.8, 0.00869099
_14520_, 178.74, 380.8, 0.00869099
hold1049, 178.74, 380.8, 0.00869099
hold1069, 178.74, 380.8, 0.00869099
FILLER_0_135_364, 178.74, 380.8, 0.00869099
FILLER_0_137_380, 178.74, 380.8, 0.00869099
_10316_, 178.74, 375.36, 0.00861393
_16609_, 178.74, 375.36, 0.00861393
FILLER_0_135_384, 178.74, 375.36, 0.00861393
_08337_, 178.74, 369.92, 0.0084717
FILLER_0_133_382, 178.74, 369.92, 0.0084717
_10318_, 178.74, 364.48, 0.00840117
_10320_, 178.74, 364.48, 0.00840117
_16594_, 178.74, 364.48, 0.00840117
FILLER_0_130_373, 178.74, 364.48, 0.00840117
FILLER_0_131_389, 178.74, 364.48, 0.00840117
_10317_, 178.74, 359.04, 0.00829116
_14753_, 178.74, 359.04, 0.00829116
_14755_, 178.74, 359.04, 0.00829116
_16578_, 178.74, 359.04, 0.00829116
hold1145, 178.74, 359.04, 0.00829116
FILLER_0_128_378, 178.74, 359.04, 0.00829116
FILLER_0_129_377, 178.74, 359.04, 0.00829116
FILLER_0_129_388, 178.74, 359.04, 0.00829116
_10344_, 178.74, 353.6, 0.00822273
_14720_, 178.74, 353.6, 0.00822273
FILLER_0_125_373, 178.74, 353.6, 0.00822273
FILLER_0_126_387, 178.74, 353.6, 0.00822273
FILLER_0_127_380, 178.74, 353.6, 0.00822273
_07461_, 178.74, 348.16, 0.00808248
_14681_, 178.74, 348.16, 0.00808248
_16544_, 178.74, 348.16, 0.00808248
_16560_, 178.74, 348.16, 0.00808248
FILLER_0_124_365, 178.74, 348.16, 0.00808248
FILLER_0_124_372, 178.74, 348.16, 0.00808248
FILLER_0_125_389, 178.74, 348.16, 0.00808248
_10040_, 178.74, 342.72, 0.00793006
_14646_, 178.74, 342.72, 0.00793006
_14680_, 178.74, 342.72, 0.00793006
hold737, 178.74, 342.72, 0.00793006
hold760, 178.74, 342.72, 0.00793006
FILLER_0_122_385, 178.74, 342.72, 0.00793006
_09429_, 178.74, 337.28, 0.00779327
_11413_, 178.74, 337.28, 0.00779327
_15093_, 178.74, 337.28, 0.00779327
_15335_, 178.74, 337.28, 0.00779327
clkbuf_leaf_75_clk, 178.74, 337.28, 0.00779327
FILLER_0_119_363, 178.74, 337.28, 0.00779327
FILLER_0_120_383, 178.74, 337.28, 0.00779327
FILLER_0_121_382, 178.74, 337.28, 0.00779327
_07700_, 178.74, 331.84, 0.00768512
_10825_, 178.74, 331.84, 0.00768512
ANTENNA_64, 178.74, 331.84, 0.00768512
FILLER_0_119_387, 178.74, 331.84, 0.00768512
_08085_, 178.74, 326.4, 0.00750304
_09054_, 178.74, 326.4, 0.00750304
_11412_, 178.74, 326.4, 0.00750304
hold525, 178.74, 326.4, 0.00750304
FILLER_0_115_371, 178.74, 326.4, 0.00750304
FILLER_0_116_386, 178.74, 326.4, 0.00750304
FILLER_0_117_386, 178.74, 326.4, 0.00750304
_08298_, 178.74, 320.96, 0.00730352
_08984_, 178.74, 320.96, 0.00730352
_10826_, 178.74, 320.96, 0.00730352
FILLER_0_114_376, 178.74, 320.96, 0.00730352
_08081_, 178.74, 315.52, 0.00711804
_14343_, 178.74, 315.52, 0.00711804
_16320_, 178.74, 315.52, 0.00711804
hold775, 178.74, 315.52, 0.00711804
_13914_, 178.74, 310.08, 0.00695863
_13915_, 178.74, 310.08, 0.00695863
hold1329, 178.74, 310.08, 0.00695863
FILLER_0_109_365, 178.74, 310.08, 0.00695863
FILLER_0_110_389, 178.74, 310.08, 0.00695863
_07573_, 178.74, 304.64, 0.00680128
_13492_, 178.74, 304.64, 0.00680128
_14806_, 178.74, 304.64, 0.00680128
FILLER_0_107_371, 178.74, 304.64, 0.00680128
FILLER_0_108_374, 178.74, 304.64, 0.00680128
FILLER_0_108_390, 178.74, 304.64, 0.00680128
FILLER_0_109_382, 178.74, 304.64, 0.00680128
_08696_, 178.74, 299.2, 0.00660239
_08697_, 178.74, 299.2, 0.00660239
_13562_, 178.74, 299.2, 0.00660239
hold1203, 178.74, 299.2, 0.00660239
FILLER_0_105_375, 178.74, 299.2, 0.00660239
_08911_, 178.74, 293.76, 0.00641298
_14870_, 178.74, 293.76, 0.00641298
FILLER_0_104_377, 178.74, 293.76, 0.00641298
FILLER_0_105_388, 178.74, 293.76, 0.00641298
_10493_, 178.74, 288.32, 0.00624534
_10497_, 178.74, 288.32, 0.00624534
_10501_, 178.74, 288.32, 0.00624534
_10502_, 178.74, 288.32, 0.00624534
_10505_, 178.74, 288.32, 0.00624534
FILLER_0_102_382, 178.74, 288.32, 0.00624534
FILLER_0_103_389, 178.74, 288.32, 0.00624534
_08390_, 178.74, 282.88, 0.00603913
_08411_, 178.74, 282.88, 0.00603913
_13607_, 178.74, 282.88, 0.00603913
_13608_, 178.74, 282.88, 0.00603913
_16168_, 178.74, 282.88, 0.00603913
FILLER_0_99_375, 178.74, 282.88, 0.00603913
FILLER_0_100_381, 178.74, 282.88, 0.00603913
_08776_, 178.74, 277.44, 0.00585525
_10745_, 178.74, 277.44, 0.00585525
hold1026, 178.74, 277.44, 0.00585525
FILLER_0_97_370, 178.74, 277.44, 0.00585525
FILLER_0_98_377, 178.74, 277.44, 0.00585525
FILLER_0_99_389, 178.74, 277.44, 0.00585525
_10492_, 178.74, 272, 0.00563291
_10747_, 178.74, 272, 0.00563291
_10750_, 178.74, 272, 0.00563291
_13029_, 178.74, 272, 0.00563291
clkbuf_leaf_30_clk, 178.74, 272, 0.00563291
hold1256, 178.74, 272, 0.00563291
_08382_, 178.74, 266.56, 0.00542488
_08387_, 178.74, 266.56, 0.00542488
_09322_, 178.74, 266.56, 0.00542488
hold1313, 178.74, 266.56, 0.00542488
FILLER_0_94_389, 178.74, 266.56, 0.00542488
_08025_, 178.74, 261.12, 0.00520506
_09321_, 178.74, 261.12, 0.00520506
_15047_, 178.74, 261.12, 0.00520506
hold1356, 178.74, 261.12, 0.00520506
FILLER_0_91_376, 178.74, 261.12, 0.00520506
FILLER_0_93_384, 178.74, 261.12, 0.00520506
_08030_, 178.74, 255.68, 0.00494851
_13622_, 178.74, 255.68, 0.00494851
_13623_, 178.74, 255.68, 0.00494851
_16173_, 178.74, 255.68, 0.00494851
_16231_, 178.74, 255.68, 0.00494851
FILLER_0_89_365, 178.74, 255.68, 0.00494851
_13752_, 178.74, 250.24, 0.00472766
FILLER_0_88_377, 178.74, 250.24, 0.00472766
_08227_, 178.74, 244.8, 0.00448542
_08229_, 178.74, 244.8, 0.00448542
_10926_, 178.74, 244.8, 0.00448542
_10929_, 178.74, 244.8, 0.00448542
FILLER_0_87_381, 178.74, 244.8, 0.00448542
FILLER_0_87_389, 178.74, 244.8, 0.00448542
_08225_, 178.74, 239.36, 0.00422122
_08226_, 178.74, 239.36, 0.00422122
_08228_, 178.74, 239.36, 0.00422122
_13024_, 178.74, 239.36, 0.00422122
_15914_, 178.74, 239.36, 0.00422122
ANTENNA_49, 178.74, 239.36, 0.00422122
FILLER_0_84_381, 178.74, 239.36, 0.00422122
FILLER_0_85_382, 178.74, 239.36, 0.00422122
_09315_, 178.74, 233.92, 0.00393744
_09316_, 178.74, 233.92, 0.00393744
_15044_, 178.74, 233.92, 0.00393744
hold1247, 178.74, 233.92, 0.00393744
FILLER_0_81_365, 178.74, 233.92, 0.00393744
FILLER_0_83_388, 178.74, 233.92, 0.00393744
_08164_, 178.74, 228.48, 0.00370807
_08166_, 178.74, 228.48, 0.00370807
_08431_, 178.74, 228.48, 0.00370807
hold540, 178.74, 228.48, 0.00370807
FILLER_0_80_365, 178.74, 228.48, 0.00370807
FILLER_0_80_386, 178.74, 228.48, 0.00370807
FILLER_0_81_383, 178.74, 228.48, 0.00370807
_08165_, 178.74, 223.04, 0.0034633
_08430_, 178.74, 223.04, 0.0034633
_10218_, 178.74, 223.04, 0.0034633
FILLER_0_77_372, 178.74, 223.04, 0.0034633
FILLER_0_78_388, 178.74, 223.04, 0.0034633
FILLER_0_79_377, 178.74, 223.04, 0.0034633
_08428_, 178.74, 217.6, 0.00316946
clkbuf_leaf_26_clk, 178.74, 217.6, 0.00316946
FILLER_0_75_373, 178.74, 217.6, 0.00316946
FILLER_0_76_365, 178.74, 217.6, 0.00316946
_13756_, 178.74, 212.16, 0.00289864
_13765_, 178.74, 212.16, 0.00289864
_13766_, 178.74, 212.16, 0.00289864
_16233_, 178.74, 212.16, 0.00289864
hold961, 178.74, 212.16, 0.00289864
FILLER_0_75_385, 178.74, 212.16, 0.00289864
_13720_, 178.74, 206.72, 0.00260859
_13721_, 178.74, 206.72, 0.00260859
_13730_, 178.74, 206.72, 0.00260859
_13731_, 178.74, 206.72, 0.00260859
_16217_, 178.74, 206.72, 0.00260859
_16222_, 178.74, 206.72, 0.00260859
FILLER_0_71_364, 178.74, 206.72, 0.00260859
FILLER_0_72_381, 178.74, 206.72, 0.00260859
_13660_, 178.74, 201.28, 0.00233376
_13695_, 178.74, 201.28, 0.00233376
_16190_, 178.74, 201.28, 0.00233376
hold1276, 178.74, 201.28, 0.00233376
hold1477, 178.74, 201.28, 0.00233376
_13650_, 178.74, 195.84, 0.00201966
_13661_, 178.74, 195.84, 0.00201966
_13696_, 178.74, 195.84, 0.00201966
_16185_, 178.74, 195.84, 0.00201966
_16201_, 178.74, 195.84, 0.00201966
_16206_, 178.74, 195.84, 0.00201966
hold1468, 178.74, 190.4, 0.00172118
_08551_, 178.74, 184.96, 0.0014057
_15801_, 178.74, 184.96, 0.0014057
hold312, 178.74, 184.96, 0.0014057
hold314, 178.74, 184.96, 0.0014057
FILLER_0_64_386, 178.74, 184.96, 0.0014057
FILLER_0_65_385, 178.74, 184.96, 0.0014057
_08550_, 178.74, 179.52, 0.00147732
_12619_, 178.74, 179.52, 0.00147732
_12623_, 178.74, 179.52, 0.00147732
_15802_, 178.74, 179.52, 0.00147732
FILLER_0_62_374, 178.74, 179.52, 0.00147732
_12621_, 178.74, 174.08, 0.00169502
_12626_, 178.74, 174.08, 0.00169502
FILLER_0_59_374, 178.74, 174.08, 0.00169502
FILLER_0_61_379, 178.74, 174.08, 0.00169502
_11828_, 178.74, 168.64, 0.00178038
_12528_, 178.74, 168.64, 0.00178038
_12617_, 178.74, 168.64, 0.00178038
_12620_, 178.74, 168.64, 0.00178038
_12622_, 178.74, 168.64, 0.00178038
_12624_, 178.74, 168.64, 0.00178038
_15800_, 178.74, 168.64, 0.00178038
FILLER_0_57_367, 178.74, 168.64, 0.00178038
FILLER_0_58_381, 178.74, 168.64, 0.00178038
FILLER_0_59_389, 178.74, 168.64, 0.00178038
_11889_, 178.74, 163.2, 0.00192002
_12532_, 178.74, 163.2, 0.00192002
FILLER_0_56_389, 178.74, 163.2, 0.00192002
_11888_, 178.74, 157.76, 0.00203905
_11893_, 178.74, 157.76, 0.00203905
_11974_, 178.74, 157.76, 0.00203905
_15544_, 178.74, 157.76, 0.00203905
_15545_, 178.74, 157.76, 0.00203905
hold1595, 178.74, 157.76, 0.00203905
_11827_, 178.74, 152.32, 0.00216892
_11892_, 178.74, 152.32, 0.00216892
_15541_, 178.74, 152.32, 0.00216892
FILLER_0_51_365, 178.74, 152.32, 0.00216892
FILLER_0_52_385, 178.74, 152.32, 0.00216892
_11871_, 178.74, 146.88, 0.00226063
_11972_, 178.74, 146.88, 0.00226063
FILLER_0_49_368, 178.74, 146.88, 0.00226063
FILLER_0_50_377, 178.74, 146.88, 0.00226063
FILLER_0_50_387, 178.74, 146.88, 0.00226063
_11970_, 178.74, 141.44, 0.00238637
_11975_, 178.74, 141.44, 0.00238637
_15574_, 178.74, 141.44, 0.00238637
_15575_, 178.74, 141.44, 0.00238637
FILLER_0_47_368, 178.74, 141.44, 0.00238637
FILLER_0_48_365, 178.74, 141.44, 0.00238637
FILLER_0_49_381, 178.74, 141.44, 0.00238637
FILLER_0_49_389, 178.74, 141.44, 0.00238637
_11977_, 178.74, 136, 0.00246574
_15573_, 178.74, 136, 0.00246574
FILLER_0_46_365, 178.74, 136, 0.00246574
FILLER_0_46_373, 178.74, 136, 0.00246574
_09824_, 178.74, 130.56, 0.00257446
_09829_, 178.74, 130.56, 0.00257446
_11968_, 178.74, 130.56, 0.00257446
hold298, 178.74, 130.56, 0.00257446
hold302, 178.74, 130.56, 0.00257446
FILLER_0_43_367, 178.74, 130.56, 0.00257446
FILLER_0_44_373, 178.74, 130.56, 0.00257446
FILLER_0_44_389, 178.74, 130.56, 0.00257446
FILLER_0_45_389, 178.74, 130.56, 0.00257446
_09825_, 178.74, 125.12, 0.00269061
_09830_, 178.74, 125.12, 0.00269061
_15571_, 178.74, 125.12, 0.00269061
_15572_, 178.74, 125.12, 0.00269061
hold305, 178.74, 125.12, 0.00269061
FILLER_0_43_379, 178.74, 125.12, 0.00269061
_09809_, 178.74, 119.68, 0.00273389
_11960_, 178.74, 119.68, 0.00273389
FILLER_0_41_389, 178.74, 119.68, 0.00273389
_11197_, 178.74, 114.24, 0.00283131
_11955_, 178.74, 114.24, 0.00283131
_15569_, 178.74, 114.24, 0.00283131
_15570_, 178.74, 114.24, 0.00283131
FILLER_0_37_368, 178.74, 114.24, 0.00283131
FILLER_0_39_383, 178.74, 114.24, 0.00283131
_11944_, 178.74, 108.8, 0.00293082
_11953_, 178.74, 108.8, 0.00293082
_11958_, 178.74, 108.8, 0.00293082
_15567_, 178.74, 108.8, 0.00293082
FILLER_0_36_365, 178.74, 108.8, 0.00293082
FILLER_0_37_387, 178.74, 108.8, 0.00293082
_11930_, 178.74, 103.36, 0.00301963
_11943_, 178.74, 103.36, 0.00301963
_11946_, 178.74, 103.36, 0.00301963
_11976_, 178.74, 103.36, 0.00301963
FILLER_0_33_376, 178.74, 103.36, 0.00301963
FILLER_0_34_374, 178.74, 103.36, 0.00301963
FILLER_0_35_388, 178.74, 103.36, 0.00301963
_11936_, 178.74, 97.92, 0.00303915
_11939_, 178.74, 97.92, 0.00303915
_15560_, 178.74, 97.92, 0.00303915
clkbuf_leaf_189_clk, 178.74, 97.92, 0.00303915
FILLER_0_33_388, 178.74, 97.92, 0.00303915
_11922_, 178.74, 92.48, 0.00307572
_11931_, 178.74, 92.48, 0.00307572
_15564_, 178.74, 92.48, 0.00307572
hold436, 178.74, 92.48, 0.00307572
FILLER_0_30_365, 178.74, 92.48, 0.00307572
FILLER_0_30_377, 178.74, 92.48, 0.00307572
_11979_, 178.74, 87.04, 0.00314395
_11983_, 178.74, 87.04, 0.00314395
_15578_, 178.74, 87.04, 0.00314395
hold391, 178.74, 87.04, 0.00314395
FILLER_0_29_382, 178.74, 87.04, 0.00314395
_15565_, 178.74, 81.6, 0.00317776
_15579_, 178.74, 81.6, 0.00317776
_15580_, 178.74, 81.6, 0.00317776
hold385, 178.74, 81.6, 0.00317776
FILLER_0_26_365, 178.74, 81.6, 0.00317776
FILLER_0_27_388, 178.74, 81.6, 0.00317776
_11966_, 178.74, 76.16, 0.00321299
_11984_, 178.74, 76.16, 0.00321299
_11986_, 178.74, 76.16, 0.00321299
_15581_, 178.74, 76.16, 0.00321299
hold387, 178.74, 76.16, 0.00321299
FILLER_0_24_365, 178.74, 76.16, 0.00321299
FILLER_0_24_376, 178.74, 76.16, 0.00321299
FILLER_0_25_383, 178.74, 76.16, 0.00321299
_11985_, 178.74, 70.72, 0.00326647
_11987_, 178.74, 70.72, 0.00326647
FILLER_0_21_375, 178.74, 70.72, 0.00326647
_11988_, 178.74, 65.28, 0.00328851
_11989_, 178.74, 65.28, 0.00328851
_11990_, 178.74, 65.28, 0.00328851
_11991_, 178.74, 65.28, 0.00328851
_11992_, 178.74, 65.28, 0.00328851
hold277, 178.74, 65.28, 0.00328851
FILLER_0_20_365, 178.74, 65.28, 0.00328851
FILLER_0_20_388, 178.74, 65.28, 0.00328851
FILLER_0_21_389, 178.74, 65.28, 0.00328851
_11993_, 178.74, 59.84, 0.00331966
_13962_, 178.74, 59.84, 0.00331966
_13964_, 178.74, 59.84, 0.00331966
FILLER_0_17_364, 178.74, 59.84, 0.00331966
FILLER_0_18_389, 178.74, 59.84, 0.00331966
FILLER_0_19_379, 178.74, 59.84, 0.00331966
_11239_, 178.74, 54.4, 0.00336026
_11994_, 178.74, 54.4, 0.00336026
_13965_, 178.74, 54.4, 0.00336026
_13971_, 178.74, 54.4, 0.00336026
_13972_, 178.74, 54.4, 0.00336026
_13982_, 178.74, 54.4, 0.00336026
FILLER_0_17_386, 178.74, 54.4, 0.00336026
_11238_, 178.74, 48.96, 0.00338409
_13967_, 178.74, 48.96, 0.00338409
_13983_, 178.74, 48.96, 0.00338409
FILLER_0_14_365, 178.74, 48.96, 0.00338409
FILLER_0_15_381, 178.74, 48.96, 0.00338409
FILLER_0_15_389, 178.74, 48.96, 0.00338409
_13984_, 178.74, 43.52, 0.00340332
_14053_, 178.74, 43.52, 0.00340332
_14054_, 178.74, 43.52, 0.00340332
_14075_, 178.74, 43.52, 0.00340332
FILLER_0_11_365, 178.74, 43.52, 0.00340332
FILLER_0_12_365, 178.74, 43.52, 0.00340332
_11060_, 178.74, 38.08, 0.00343658
_13947_, 178.74, 38.08, 0.00343658
_14055_, 178.74, 38.08, 0.00343658
_14074_, 178.74, 38.08, 0.00343658
FILLER_0_9_369, 178.74, 38.08, 0.00343658
FILLER_0_10_377, 178.74, 38.08, 0.00343658
FILLER_0_11_385, 178.74, 38.08, 0.00343658
_11266_, 178.74, 32.64, 0.00343231
_14097_, 178.74, 32.64, 0.00343231
_14116_, 178.74, 32.64, 0.00343231
_14117_, 178.74, 32.64, 0.00343231
FILLER_0_7_376, 178.74, 32.64, 0.00343231
FILLER_0_8_373, 178.74, 32.64, 0.00343231
FILLER_0_8_381, 178.74, 32.64, 0.00343231
_11061_, 178.74, 27.2, 0.00345894
_11237_, 178.74, 27.2, 0.00345894
_13946_, 178.74, 27.2, 0.00345894
FILLER_0_5_366, 178.74, 27.2, 0.00345894
FILLER_0_5_374, 178.74, 27.2, 0.00345894
_11271_, 178.74, 21.76, 0.00348172
_11272_, 178.74, 21.76, 0.00348172
_11328_, 178.74, 21.76, 0.00348172
_14113_, 178.74, 21.76, 0.00348172
_14115_, 178.74, 21.76, 0.00348172
_14123_, 178.74, 21.76, 0.00348172
FILLER_0_3_370, 178.74, 21.76, 0.00348172
FILLER_0_4_387, 178.74, 21.76, 0.00348172
FILLER_0_5_381, 178.74, 21.76, 0.00348172
FILLER_0_5_389, 178.74, 21.76, 0.00348172
_11270_, 178.74, 16.32, 0.00347055
_15299_, 178.74, 16.32, 0.00347055
_16347_, 178.74, 16.32, 0.00347055
FILLER_0_2_377, 178.74, 16.32, 0.00347055
FILLER_0_3_383, 178.74, 16.32, 0.00347055
input13, 178.74, 10.88, 0.00344123
FILLER_0_0_385, 178.74, 10.88, 0.00344123
FILLER_0_174_53, 25.14, 484.16, 0.00902087
FILLER_0_173_53, 25.14, 478.72, 0.00902521
FILLER_0_171_51, 25.14, 473.28, 0.00901778
FILLER_0_169_45, 25.14, 467.84, 0.00903879
FILLER_0_169_53, 25.14, 467.84, 0.00903879
FILLER_0_167_51, 25.14, 462.4, 0.00902416
FILLER_0_165_51, 25.14, 456.96, 0.00901148
FILLER_0_163_51, 25.14, 451.52, 0.00900612
FILLER_0_160_53, 25.14, 446.08, 0.0089733
FILLER_0_159_51, 25.14, 440.64, 0.00893032
FILLER_0_157_51, 25.14, 435.2, 0.00890987
_16142_, 25.14, 429.76, 0.00886999
FILLER_0_154_41, 25.14, 429.76, 0.00886999
FILLER_0_154_49, 25.14, 429.76, 0.00886999
FILLER_0_155_51, 25.14, 429.76, 0.00886999
_15144_, 25.14, 424.32, 0.00881109
FILLER_0_152_41, 25.14, 424.32, 0.00881109
FILLER_0_153_51, 25.14, 424.32, 0.00881109
_15139_, 25.14, 418.88, 0.00879022
FILLER_0_150_53, 25.14, 418.88, 0.00879022
FILLER_0_151_51, 25.14, 418.88, 0.00879022
_16137_, 25.14, 413.44, 0.00871737
FILLER_0_148_41, 25.14, 413.44, 0.00871737
_13530_, 25.14, 408, 0.00866809
FILLER_0_146_53, 25.14, 408, 0.00866809
_09548_, 25.14, 402.56, 0.00861549
_15140_, 25.14, 402.56, 0.00861549
_16138_, 25.14, 402.56, 0.00861549
_09205_, 25.14, 397.12, 0.00852651
_09390_, 25.14, 397.12, 0.00852651
_15075_, 25.14, 397.12, 0.00852651
FILLER_0_143_51, 25.14, 397.12, 0.00852651
_09204_, 25.14, 391.68, 0.00845393
_09389_, 25.14, 391.68, 0.00845393
hold1516, 25.14, 391.68, 0.00845393
FILLER_0_140_55, 25.14, 391.68, 0.00845393
FILLER_0_137_38, 25.14, 386.24, 0.00837632
FILLER_0_139_50, 25.14, 386.24, 0.00837632
_09399_, 25.14, 380.8, 0.00830897
_09400_, 25.14, 380.8, 0.00830897
_14819_, 25.14, 380.8, 0.00830897
_15080_, 25.14, 380.8, 0.00830897
FILLER_0_135_32, 25.14, 380.8, 0.00830897
_08762_, 25.14, 375.36, 0.00819824
_08763_, 25.14, 375.36, 0.00819824
_08814_, 25.14, 375.36, 0.00819824
_09210_, 25.14, 375.36, 0.00819824
hold1551, 25.14, 375.36, 0.00819824
_14840_, 25.14, 369.92, 0.0081178
hold900, 25.14, 369.92, 0.0081178
FILLER_0_132_32, 25.14, 369.92, 0.0081178
_08813_, 25.14, 364.48, 0.00803106
_09099_, 25.14, 364.48, 0.00803106
FILLER_0_129_36, 25.14, 364.48, 0.00803106
FILLER_0_130_53, 25.14, 364.48, 0.00803106
_09016_, 25.14, 359.04, 0.00793978
_14835_, 25.14, 359.04, 0.00793978
hold1461, 25.14, 359.04, 0.00793978
FILLER_0_129_44, 25.14, 359.04, 0.00793978
FILLER_0_129_50, 25.14, 359.04, 0.00793978
_08804_, 25.14, 353.6, 0.0078412
clkbuf_leaf_44_clk, 25.14, 353.6, 0.0078412
hold1239, 25.14, 353.6, 0.0078412
FILLER_0_126_45, 25.14, 353.6, 0.0078412
FILLER_0_127_50, 25.14, 353.6, 0.0078412
_14833_, 25.14, 348.16, 0.00774621
_14913_, 25.14, 348.16, 0.00774621
FILLER_0_123_39, 25.14, 348.16, 0.00774621
FILLER_0_124_32, 25.14, 348.16, 0.00774621
FILLER_0_125_47, 25.14, 348.16, 0.00774621
_08800_, 25.14, 342.72, 0.00763259
_09420_, 25.14, 342.72, 0.00763259
hold1492, 25.14, 342.72, 0.00763259
FILLER_0_123_47, 25.14, 342.72, 0.00763259
FILLER_0_123_53, 25.14, 342.72, 0.00763259
_14446_, 25.14, 337.28, 0.00749479
_16540_, 25.14, 337.28, 0.00749479
_16556_, 25.14, 337.28, 0.00749479
FILLER_0_121_49, 25.14, 337.28, 0.00749479
_14445_, 25.14, 331.84, 0.00740802
_14673_, 25.14, 331.84, 0.00740802
_16444_, 25.14, 331.84, 0.00740802
clkbuf_leaf_43_clk, 25.14, 331.84, 0.00740802
FILLER_0_119_43, 25.14, 331.84, 0.00740802
FILLER_0_119_51, 25.14, 331.84, 0.00740802
_14929_, 25.14, 326.4, 0.00726336
FILLER_0_115_39, 25.14, 326.4, 0.00726336
_09047_, 25.14, 320.96, 0.00708874
_14640_, 25.14, 320.96, 0.00708874
_14674_, 25.14, 320.96, 0.00708874
_14675_, 25.14, 320.96, 0.00708874
_16541_, 25.14, 320.96, 0.00708874
FILLER_0_115_51, 25.14, 320.96, 0.00708874
_16557_, 25.14, 315.52, 0.00694796
hold1509, 25.14, 315.52, 0.00694796
FILLER_0_113_53, 25.14, 315.52, 0.00694796
_14448_, 25.14, 310.08, 0.00681634
_16445_, 25.14, 310.08, 0.00681634
FILLER_0_109_33, 25.14, 310.08, 0.00681634
FILLER_0_109_41, 25.14, 310.08, 0.00681634
FILLER_0_110_37, 25.14, 310.08, 0.00681634
FILLER_0_111_51, 25.14, 310.08, 0.00681634
_09434_, 25.14, 304.64, 0.00667384
_09435_, 25.14, 304.64, 0.00667384
_14449_, 25.14, 304.64, 0.00667384
_15096_, 25.14, 304.64, 0.00667384
hold1098, 25.14, 304.64, 0.00667384
FILLER_0_109_47, 25.14, 304.64, 0.00667384
_14687_, 25.14, 299.2, 0.00649266
hold1441, 25.14, 299.2, 0.00649266
FILLER_0_105_35, 25.14, 299.2, 0.00649266
FILLER_0_106_53, 25.14, 299.2, 0.00649266
FILLER_0_107_48, 25.14, 299.2, 0.00649266
_09424_, 25.14, 293.76, 0.0063522
_14642_, 25.14, 293.76, 0.0063522
_16558_, 25.14, 293.76, 0.0063522
FILLER_0_103_40, 25.14, 293.76, 0.0063522
FILLER_0_105_49, 25.14, 293.76, 0.0063522
_14677_, 25.14, 288.32, 0.00619871
_15092_, 25.14, 288.32, 0.00619871
hold1278, 25.14, 288.32, 0.00619871
FILLER_0_102_41, 25.14, 288.32, 0.00619871
FILLER_0_102_54, 25.14, 288.32, 0.00619871
FILLER_0_103_49, 25.14, 288.32, 0.00619871
_09426_, 25.14, 282.88, 0.00603006
_09427_, 25.14, 282.88, 0.00603006
hold1472, 25.14, 282.88, 0.00603006
FILLER_0_99_39, 25.14, 282.88, 0.00603006
FILLER_0_101_49, 25.14, 282.88, 0.00603006
_14451_, 25.14, 277.44, 0.00589112
_14452_, 25.14, 277.44, 0.00589112
_16446_, 25.14, 277.44, 0.00589112
_16451_, 25.14, 277.44, 0.00589112
FILLER_0_98_37, 25.14, 277.44, 0.00589112
_09060_, 25.14, 272, 0.00570877
FILLER_0_96_53, 25.14, 272, 0.00570877
FILLER_0_97_50, 25.14, 272, 0.00570877
_09050_, 25.14, 266.56, 0.00555738
_09061_, 25.14, 266.56, 0.00555738
FILLER_0_93_39, 25.14, 266.56, 0.00555738
_09051_, 25.14, 261.12, 0.00540171
_14931_, 25.14, 261.12, 0.00540171
FILLER_0_92_41, 25.14, 261.12, 0.00540171
FILLER_0_93_52, 25.14, 261.12, 0.00540171
FILLER_0_91_51, 25.14, 255.68, 0.00522155
FILLER_0_89_51, 25.14, 250.24, 0.00501557
FILLER_0_87_51, 25.14, 244.8, 0.00485024
FILLER_0_85_51, 25.14, 239.36, 0.00466199
FILLER_0_83_51, 25.14, 233.92, 0.00448429
FILLER_0_81_51, 25.14, 228.48, 0.00432838
FILLER_0_79_45, 25.14, 223.04, 0.00415405
FILLER_0_79_53, 25.14, 223.04, 0.00415405
FILLER_0_77_51, 25.14, 217.6, 0.00395222
FILLER_0_75_51, 25.14, 212.16, 0.00378715
FILLER_0_73_51, 25.14, 206.72, 0.00362148
FILLER_0_71_45, 25.14, 201.28, 0.00346022
FILLER_0_71_53, 25.14, 201.28, 0.00346022
FILLER_0_69_51, 25.14, 195.84, 0.00326623
_11518_, 25.14, 190.4, 0.00310878
_11529_, 25.14, 190.4, 0.00310878
FILLER_0_67_51, 25.14, 190.4, 0.00310878
_12105_, 25.14, 184.96, 0.00298001
_12124_, 25.14, 184.96, 0.00298001
_12256_, 25.14, 184.96, 0.00298001
_12267_, 25.14, 184.96, 0.00298001
_15402_, 25.14, 184.96, 0.00298001
hold240, 25.14, 184.96, 0.00298001
_11492_, 25.14, 179.52, 0.00293445
_11530_, 25.14, 179.52, 0.00293445
_12117_, 25.14, 179.52, 0.00293445
FILLER_0_62_37, 25.14, 179.52, 0.00293445
FILLER_0_62_47, 25.14, 179.52, 0.00293445
_11495_, 25.14, 174.08, 0.00299928
_11589_, 25.14, 174.08, 0.00299928
_15641_, 25.14, 174.08, 0.00299928
FILLER_0_60_44, 25.14, 174.08, 0.00299928
FILLER_0_61_50, 25.14, 174.08, 0.00299928
_11228_, 25.14, 168.64, 0.00300321
_12082_, 25.14, 168.64, 0.00300321
hold168, 25.14, 168.64, 0.00300321
FILLER_0_57_38, 25.14, 168.64, 0.00300321
FILLER_0_57_46, 25.14, 163.2, 0.00299882
_16499_, 25.14, 157.76, 0.0030412
hold193, 25.14, 157.76, 0.0030412
FILLER_0_55_51, 25.14, 157.76, 0.0030412
_11519_, 25.14, 152.32, 0.00308724
_12095_, 25.14, 152.32, 0.00308724
_15637_, 25.14, 152.32, 0.00308724
hold82, 25.14, 152.32, 0.00308724
FILLER_0_53_52, 25.14, 152.32, 0.00308724
_12093_, 25.14, 146.88, 0.00307429
hold140, 25.14, 146.88, 0.00307429
FILLER_0_51_51, 25.14, 146.88, 0.00307429
_11136_, 25.14, 141.44, 0.00314534
_15635_, 25.14, 141.44, 0.00314534
clkbuf_leaf_10_clk, 25.14, 141.44, 0.00314534
hold170, 25.14, 141.44, 0.00314534
FILLER_0_46_48, 25.14, 136, 0.0031305
FILLER_0_47_49, 25.14, 136, 0.0031305
_12092_, 25.14, 130.56, 0.00316367
FILLER_0_45_51, 25.14, 130.56, 0.00316367
_11066_, 25.14, 125.12, 0.00320566
_11513_, 25.14, 125.12, 0.00320566
_15634_, 25.14, 125.12, 0.00320566
hold141, 25.14, 125.12, 0.00320566
FILLER_0_42_48, 25.14, 125.12, 0.00320566
FILLER_0_43_53, 25.14, 125.12, 0.00320566
_11496_, 25.14, 119.68, 0.00323213
_11497_, 25.14, 119.68, 0.00323213
_12083_, 25.14, 119.68, 0.00323213
clkbuf_leaf_3_clk, 25.14, 119.68, 0.00323213
FILLER_0_41_51, 25.14, 119.68, 0.00323213
_11071_, 25.14, 114.24, 0.00326293
_11493_, 25.14, 114.24, 0.00326293
_15387_, 25.14, 114.24, 0.00326293
hold129, 25.14, 114.24, 0.00326293
FILLER_0_37_35, 25.14, 114.24, 0.00326293
FILLER_0_39_48, 25.14, 114.24, 0.00326293
_15626_, 25.14, 108.8, 0.00329773
hold201, 25.14, 108.8, 0.00329773
FILLER_0_36_42, 25.14, 108.8, 0.00329773
hold87, 25.14, 103.36, 0.00332446
hold116, 25.14, 103.36, 0.00332446
FILLER_0_35_46, 25.14, 103.36, 0.00332446
_11153_, 25.14, 97.92, 0.00332845
_11511_, 25.14, 97.92, 0.00332845
_12091_, 25.14, 97.92, 0.00332845
_15394_, 25.14, 97.92, 0.00332845
FILLER_0_31_35, 25.14, 97.92, 0.00332845
_15633_, 25.14, 92.48, 0.00334099
FILLER_0_29_42, 25.14, 92.48, 0.00334099
FILLER_0_30_41, 25.14, 92.48, 0.00334099
_11145_, 25.14, 87.04, 0.00339244
_11509_, 25.14, 87.04, 0.00339244
hold47, 25.14, 87.04, 0.00339244
hold50, 25.14, 87.04, 0.00339244
hold75, 25.14, 87.04, 0.00339244
FILLER_0_28_43, 25.14, 87.04, 0.00339244
FILLER_0_29_53, 25.14, 87.04, 0.00339244
_15393_, 25.14, 81.6, 0.00340164
hold106, 25.14, 81.6, 0.00340164
_11137_, 25.14, 76.16, 0.00341452
_11577_, 25.14, 76.16, 0.00341452
FILLER_0_25_45, 25.14, 76.16, 0.00341452
FILLER_0_25_53, 25.14, 76.16, 0.00341452
_11507_, 25.14, 70.72, 0.00342931
_15392_, 25.14, 70.72, 0.00342931
_15631_, 25.14, 70.72, 0.00342931
FILLER_0_21_36, 25.14, 70.72, 0.00342931
_11123_, 25.14, 65.28, 0.00343185
_11505_, 25.14, 65.28, 0.00343185
_12088_, 25.14, 65.28, 0.00343185
FILLER_0_19_35, 25.14, 65.28, 0.00343185
FILLER_0_20_41, 25.14, 65.28, 0.00343185
_11124_, 25.14, 59.84, 0.00344853
_15391_, 25.14, 59.84, 0.00344853
_15630_, 25.14, 59.84, 0.00344853
hold208, 25.14, 59.84, 0.00344853
_12085_, 25.14, 54.4, 0.00346132
hold254, 25.14, 54.4, 0.00346132
FILLER_0_16_43, 25.14, 54.4, 0.00346132
_12087_, 25.14, 48.96, 0.00348746
_15627_, 25.14, 48.96, 0.00348746
clkbuf_leaf_208_clk, 25.14, 48.96, 0.00348746
hold259, 25.14, 48.96, 0.00348746
FILLER_0_13_32, 25.14, 48.96, 0.00348746
_11106_, 25.14, 43.52, 0.00348256
_15628_, 25.14, 43.52, 0.00348256
FILLER_0_12_41, 25.14, 43.52, 0.00348256
FILLER_0_12_49, 25.14, 43.52, 0.00348256
_11093_, 25.14, 38.08, 0.00349017
_11114_, 25.14, 38.08, 0.00349017
_11503_, 25.14, 32.64, 0.00348248
hold182, 25.14, 32.64, 0.00348248
FILLER_0_8_37, 25.14, 32.64, 0.00348248
_15389_, 25.14, 27.2, 0.00351029
_15390_, 25.14, 27.2, 0.00351029
hold167, 25.14, 27.2, 0.00351029
hold181, 25.14, 27.2, 0.00351029
FILLER_0_7_53, 25.14, 27.2, 0.00351029
_11501_, 25.14, 21.76, 0.00351133
FILLER_0_5_53, 25.14, 21.76, 0.00351133
FILLER_0_3_51, 25.14, 16.32, 0.00349581
FILLER_0_0_47, 25.14, 10.88, 0.00348893
FILLER_0_1_51, 25.14, 10.88, 0.00348893
PHY_346, 5.52, 484.16, 0.00902262
PHY_348, 5.52, 484.16, 0.00902262
output57, 5.52, 484.16, 0.00902262
FILLER_0_174_9, 5.52, 484.16, 0.00902262
PHY_347, 483.92, 484.16, 0.0100545
PHY_349, 483.92, 484.16, 0.0100545
output83, 483.92, 484.16, 0.0100545
ANTENNA_94, 483.92, 484.16, 0.0100545
output77, 15.33, 484.16, 0.00902227
ANTENNA_5, 15.33, 484.16, 0.00902227
FILLER_0_174_23, 15.33, 484.16, 0.00902227
output94, 37.94, 484.16, 0.00906669
ANTENNA_122, 37.94, 484.16, 0.00906669
FILLER_0_174_81, 37.94, 484.16, 0.00906669
output47, 50.74, 484.16, 0.00911087
FILLER_0_174_97, 50.74, 484.16, 0.00911087
FILLER_0_174_107, 50.74, 484.16, 0.00911087
FILLER_0_174_137, 63.54, 484.16, 0.00915298
input30, 76.34, 484.16, 0.00919509
output69, 89.14, 484.16, 0.00923504
FILLER_0_174_181, 89.14, 484.16, 0.00923504
FILLER_0_174_191, 89.14, 484.16, 0.00923504
FILLER_0_174_221, 101.94, 484.16, 0.0092707
output95, 114.74, 484.16, 0.00930636
ANTENNA_98, 114.74, 484.16, 0.00930636
FILLER_0_173_237, 114.74, 484.16, 0.00930636
FILLER_0_174_249, 114.74, 484.16, 0.00930636
input18, 127.54, 484.16, 0.00934019
hold1440, 127.54, 484.16, 0.00934019
FILLER_0_174_265, 127.54, 484.16, 0.00934019
FILLER_0_174_273, 127.54, 484.16, 0.00934019
_13353_, 140.34, 484.16, 0.00937291
_13425_, 140.34, 484.16, 0.00937291
hold1308, 140.34, 484.16, 0.00937291
FILLER_0_173_281, 140.34, 484.16, 0.00937291
FILLER_0_174_293, 140.34, 484.16, 0.00937291
FILLER_0_174_305, 140.34, 484.16, 0.00937291
_16073_, 153.14, 484.16, 0.00940508
_16089_, 153.14, 484.16, 0.00940508
hold1352, 153.14, 484.16, 0.00940508
hold1364, 153.14, 484.16, 0.00940508
FILLER_0_174_333, 153.14, 484.16, 0.00940508
_13399_, 165.94, 484.16, 0.00942921
_13435_, 165.94, 484.16, 0.00942921
input1, 165.94, 484.16, 0.00942921
FILLER_0_173_337, 165.94, 484.16, 0.00942921
FILLER_0_173_346, 165.94, 484.16, 0.00942921
output34, 191.54, 484.16, 0.0095007
hold818, 191.54, 484.16, 0.0095007
FILLER_0_173_393, 191.54, 484.16, 0.0095007
FILLER_0_174_413, 191.54, 484.16, 0.0095007
_13362_, 204.34, 484.16, 0.00954627
_13363_, 204.34, 484.16, 0.00954627
output61, 204.34, 484.16, 0.00954627
hold983, 204.34, 484.16, 0.00954627
FILLER_0_173_431, 204.34, 484.16, 0.00954627
FILLER_0_174_424, 204.34, 484.16, 0.00954627
FILLER_0_174_444, 204.34, 484.16, 0.00954627
_13359_, 217.14, 484.16, 0.00959056
_13393_, 217.14, 484.16, 0.00959056
_13394_, 217.14, 484.16, 0.00959056
hold897, 217.14, 484.16, 0.00959056
FILLER_0_174_449, 217.14, 484.16, 0.00959056
FILLER_0_174_472, 217.14, 484.16, 0.00959056
output55, 229.94, 484.16, 0.00963412
FILLER_0_173_477, 229.94, 484.16, 0.00963412
FILLER_0_173_485, 229.94, 484.16, 0.00963412
FILLER_0_174_497, 229.94, 484.16, 0.00963412
output75, 242.74, 484.16, 0.00967695
ANTENNA_91, 242.74, 484.16, 0.00967695
FILLER_0_174_527, 242.74, 484.16, 0.00967695
FILLER_0_174_557, 255.54, 484.16, 0.00971842
output62, 268.34, 484.16, 0.00975989
FILLER_0_174_581, 268.34, 484.16, 0.00975989
input12, 281.14, 484.16, 0.00980091
FILLER_0_174_601, 281.14, 484.16, 0.00980091
FILLER_0_174_611, 281.14, 484.16, 0.00980091
_13410_, 293.94, 484.16, 0.00984048
FILLER_0_173_622, 293.94, 484.16, 0.00984048
_13408_, 306.74, 484.16, 0.00987992
output54, 306.74, 484.16, 0.00987992
hold1490, 306.74, 484.16, 0.00987992
FILLER_0_174_641, 306.74, 484.16, 0.00987992
FILLER_0_174_665, 306.74, 484.16, 0.00987992
_13336_, 319.54, 484.16, 0.00991858
input6, 319.54, 484.16, 0.00991858
hold1512, 319.54, 484.16, 0.00991858
FILLER_0_173_673, 319.54, 484.16, 0.00991858
FILLER_0_174_673, 319.54, 484.16, 0.00991858
FILLER_0_174_686, 319.54, 484.16, 0.00991858
FILLER_0_174_695, 319.54, 484.16, 0.00991858
_13342_, 344.971, 484.16, 0.00997425
_13404_, 344.971, 484.16, 0.00997425
output81, 344.971, 484.16, 0.00997425
hold1351, 344.971, 484.16, 0.00997425
hold1493, 344.971, 484.16, 0.00997425
ANTENNA_93, 344.971, 484.16, 0.00997425
FILLER_0_174_725, 344.971, 484.16, 0.00997425
_13343_, 357.603, 484.16, 0.00998933
input4, 357.603, 484.16, 0.00998933
hold1208, 357.603, 484.16, 0.00998933
hold1317, 357.603, 484.16, 0.00998933
FILLER_0_174_769, 357.603, 484.16, 0.00998933
_16036_, 370.235, 484.16, 0.0100032
ANTENNA_36, 370.235, 484.16, 0.0100032
FILLER_0_173_785, 370.235, 484.16, 0.0100032
FILLER_0_174_801, 370.235, 484.16, 0.0100032
output93, 382.866, 484.16, 0.0100133
ANTENNA_33, 382.866, 484.16, 0.0100133
ANTENNA_35, 382.866, 484.16, 0.0100133
ANTENNA_97, 382.866, 484.16, 0.0100133
FILLER_0_174_809, 382.866, 484.16, 0.0100133
output92, 395.498, 484.16, 0.0100209
ANTENNA_96, 395.498, 484.16, 0.0100209
FILLER_0_174_837, 395.498, 484.16, 0.0100209
FILLER_0_174_863, 408.13, 484.16, 0.0100272
_07425_, 420.761, 484.16, 0.0100335
output63, 420.761, 484.16, 0.0100335
FILLER_0_173_893, 420.761, 484.16, 0.0100335
FILLER_0_174_893, 420.761, 484.16, 0.0100335
output80, 433.393, 484.16, 0.0100392
ANTENNA_92, 433.393, 484.16, 0.0100392
FILLER_0_174_917, 433.393, 484.16, 0.0100392
FILLER_0_173_945, 446.025, 484.16, 0.0100436
FILLER_0_174_947, 446.025, 484.16, 0.0100436
FILLER_0_174_977, 458.656, 484.16, 0.0100479
input11, 471.288, 484.16, 0.0100523
FILLER_0_173_1001, 471.288, 484.16, 0.0100523
FILLER_0_174_1005, 471.288, 484.16, 0.0100523
FILLER_0_174_1021, 471.288, 484.16, 0.0100523
_07396_, 5.52, 478.72, 0.00902532
PHY_342, 5.52, 478.72, 0.00902532
PHY_344, 5.52, 478.72, 0.00902532
ANTENNA_4, 5.52, 478.72, 0.00902532
FILLER_0_173_3, 5.52, 478.72, 0.00902532
PHY_343, 483.92, 478.72, 0.0100212
PHY_345, 483.92, 478.72, 0.0100212
FILLER_0_171_1033, 483.92, 478.72, 0.0100212
FILLER_0_172_1029, 483.92, 478.72, 0.0100212
FILLER_0_172_77, 37.94, 478.72, 0.00908125
FILLER_0_173_105, 50.74, 478.72, 0.00913729
FILLER_0_172_133, 63.54, 478.72, 0.00919333
FILLER_0_173_161, 76.34, 478.72, 0.00924937
FILLER_0_172_189, 89.14, 478.72, 0.00930541
_15704_, 101.94, 478.72, 0.00936146
FILLER_0_173_217, 101.94, 478.72, 0.00936146
_13420_, 114.74, 478.72, 0.00941125
_13423_, 114.74, 478.72, 0.00941125
_16088_, 114.74, 478.72, 0.00941125
FILLER_0_172_233, 114.74, 478.72, 0.00941125
_13351_, 127.54, 478.72, 0.00945703
_13386_, 127.54, 478.72, 0.00945703
_13421_, 127.54, 478.72, 0.00945703
_13422_, 127.54, 478.72, 0.00945703
_16055_, 127.54, 478.72, 0.00945703
_16071_, 127.54, 478.72, 0.00945703
hold1379, 127.54, 478.72, 0.00945703
FILLER_0_173_266, 127.54, 478.72, 0.00945703
FILLER_0_173_277, 127.54, 478.72, 0.00945703
_13388_, 140.34, 478.72, 0.00949453
_16056_, 140.34, 478.72, 0.00949453
_16072_, 140.34, 478.72, 0.00949453
output40, 140.34, 478.72, 0.00949453
hold1264, 140.34, 478.72, 0.00949453
ANTENNA_87, 140.34, 478.72, 0.00949453
FILLER_0_173_295, 140.34, 478.72, 0.00949453
_16057_, 153.14, 478.72, 0.00952212
clkbuf_leaf_64_clk, 153.14, 478.72, 0.00952212
hold1390, 153.14, 478.72, 0.00952212
_13365_, 165.94, 478.72, 0.00952235
_13390_, 165.94, 478.72, 0.00952235
_13434_, 165.94, 478.72, 0.00952235
_16078_, 165.94, 478.72, 0.00952235
_16094_, 165.94, 478.72, 0.00952235
hold1149, 165.94, 478.72, 0.00952235
FILLER_0_171_337, 165.94, 478.72, 0.00952235
_13395_, 191.54, 478.72, 0.00960001
_13433_, 191.54, 478.72, 0.00960001
_16093_, 191.54, 478.72, 0.00960001
hold867, 191.54, 478.72, 0.00960001
FILLER_0_171_402, 191.54, 478.72, 0.00960001
FILLER_0_173_411, 191.54, 478.72, 0.00960001
_16077_, 204.34, 478.72, 0.00968132
_16091_, 204.34, 478.72, 0.00968132
hold1166, 204.34, 478.72, 0.00968132
_13427_, 217.14, 478.72, 0.00975491
_16075_, 217.14, 478.72, 0.00975491
clkbuf_leaf_67_clk, 217.14, 478.72, 0.00975491
hold1138, 217.14, 478.72, 0.00975491
FILLER_0_171_449, 217.14, 478.72, 0.00975491
_13357_, 229.94, 478.72, 0.00980232
_13391_, 229.94, 478.72, 0.00980232
_13426_, 229.94, 478.72, 0.00980232
_16090_, 229.94, 478.72, 0.00980232
hold925, 229.94, 478.72, 0.00980232
FILLER_0_171_476, 229.94, 478.72, 0.00980232
FILLER_0_173_499, 229.94, 478.72, 0.00980232
_13356_, 242.74, 478.72, 0.00984526
hold1047, 242.74, 478.72, 0.00984526
hold1093, 242.74, 478.72, 0.00984526
FILLER_0_172_524, 242.74, 478.72, 0.00984526
_13348_, 255.54, 478.72, 0.00988742
_13418_, 255.54, 478.72, 0.00988742
_16054_, 255.54, 478.72, 0.00988742
_16086_, 255.54, 478.72, 0.00988742
FILLER_0_172_533, 255.54, 478.72, 0.00988742
FILLER_0_173_553, 255.54, 478.72, 0.00988742
_13346_, 268.34, 478.72, 0.00992197
_13416_, 268.34, 478.72, 0.00992197
_16085_, 268.34, 478.72, 0.00992197
hold918, 268.34, 478.72, 0.00992197
hold1170, 268.34, 478.72, 0.00992197
FILLER_0_172_561, 268.34, 478.72, 0.00992197
FILLER_0_172_581, 268.34, 478.72, 0.00992197
FILLER_0_173_573, 268.34, 478.72, 0.00992197
_13345_, 281.14, 478.72, 0.00995198
_16018_, 281.14, 478.72, 0.00995198
_16053_, 281.14, 478.72, 0.00995198
FILLER_0_172_605, 281.14, 478.72, 0.00995198
FILLER_0_173_611, 281.14, 478.72, 0.00995198
_13340_, 293.94, 478.72, 0.0099744
_16050_, 293.94, 478.72, 0.0099744
_16082_, 293.94, 478.72, 0.0099744
hold1406, 293.94, 478.72, 0.0099744
_13338_, 306.74, 478.72, 0.00998899
_13339_, 306.74, 478.72, 0.00998899
_16032_, 306.74, 478.72, 0.00998899
_16049_, 306.74, 478.72, 0.00998899
_16081_, 306.74, 478.72, 0.00998899
_13300_, 319.54, 478.72, 0.0099921
_13405_, 319.54, 478.72, 0.0099921
_16048_, 319.54, 478.72, 0.0099921
_13403_, 344.971, 478.72, 0.0100085
_16079_, 344.971, 478.72, 0.0100085
_16084_, 344.971, 478.72, 0.0100085
FILLER_0_171_729, 344.971, 478.72, 0.0100085
_13309_, 357.603, 478.72, 0.0100183
_13344_, 357.603, 478.72, 0.0100183
_13414_, 357.603, 478.72, 0.0100183
_16047_, 357.603, 478.72, 0.0100183
_16052_, 357.603, 478.72, 0.0100183
FILLER_0_172_774, 357.603, 478.72, 0.0100183
FILLER_0_173_776, 357.603, 478.72, 0.0100183
_07449_, 370.235, 478.72, 0.0100203
_07453_, 370.235, 478.72, 0.0100203
_13263_, 370.235, 478.72, 0.0100203
_13308_, 370.235, 478.72, 0.0100203
ANTENNA_8, 370.235, 478.72, 0.0100203
ANTENNA_22, 370.235, 478.72, 0.0100203
ANTENNA_24, 370.235, 478.72, 0.0100203
ANTENNA_32, 370.235, 478.72, 0.0100203
ANTENNA_34, 370.235, 478.72, 0.0100203
FILLER_0_172_789, 370.235, 478.72, 0.0100203
_07412_, 382.866, 478.72, 0.0100212
_07416_, 382.866, 478.72, 0.0100212
ANTENNA_23, 382.866, 478.72, 0.0100212
ANTENNA_37, 382.866, 478.72, 0.0100212
ANTENNA_38, 382.866, 478.72, 0.0100212
FILLER_0_172_857, 395.498, 478.72, 0.0100212
ANTENNA_11, 408.13, 478.72, 0.0100212
ANTENNA_12, 408.13, 478.72, 0.0100212
FILLER_0_172_865, 408.13, 478.72, 0.0100212
FILLER_0_173_877, 408.13, 478.72, 0.0100212
FILLER_0_171_889, 420.761, 478.72, 0.0100212
FILLER_0_172_917, 433.393, 478.72, 0.0100212
FILLER_0_171_945, 446.025, 478.72, 0.0100212
FILLER_0_172_973, 458.656, 478.72, 0.0100212
FILLER_0_171_1001, 471.288, 478.72, 0.0100212
FILLER_0_173_1021, 471.288, 478.72, 0.0100212
PHY_338, 5.52, 473.28, 0.00901778
PHY_340, 5.52, 473.28, 0.00901778
PHY_339, 483.92, 473.28, 0.0100955
PHY_341, 483.92, 473.28, 0.0100955
FILLER_0_169_1033, 483.92, 473.28, 0.0100955
FILLER_0_170_1029, 483.92, 473.28, 0.0100955
FILLER_0_170_77, 37.94, 473.28, 0.00907076
FILLER_0_171_105, 50.74, 473.28, 0.00912373
FILLER_0_170_133, 63.54, 473.28, 0.00917671
_12194_, 76.34, 473.28, 0.00922968
_16525_, 76.34, 473.28, 0.00922968
hold1215, 76.34, 473.28, 0.00922968
FILLER_0_169_145, 76.34, 473.28, 0.00922968
FILLER_0_170_153, 76.34, 473.28, 0.00922968
FILLER_0_170_167, 76.34, 473.28, 0.00922968
FILLER_0_171_161, 76.34, 473.28, 0.00922968
_13170_, 89.14, 473.28, 0.0092728
_14604_, 89.14, 473.28, 0.0092728
hold1186, 89.14, 473.28, 0.0092728
FILLER_0_169_178, 89.14, 473.28, 0.0092728
FILLER_0_170_179, 89.14, 473.28, 0.0092728
FILLER_0_170_192, 89.14, 473.28, 0.0092728
FILLER_0_171_193, 89.14, 473.28, 0.0092728
_12203_, 101.94, 473.28, 0.00931116
_12204_, 101.94, 473.28, 0.00931116
hold1087, 101.94, 473.28, 0.00931116
FILLER_0_170_197, 101.94, 473.28, 0.00931116
_13458_, 114.74, 473.28, 0.00934477
_16087_, 114.74, 473.28, 0.00934477
_16104_, 114.74, 473.28, 0.00934477
FILLER_0_169_225, 114.74, 473.28, 0.00934477
FILLER_0_169_233, 114.74, 473.28, 0.00934477
FILLER_0_170_246, 114.74, 473.28, 0.00934477
_13350_, 127.54, 473.28, 0.00937083
hold1265, 127.54, 473.28, 0.00937083
FILLER_0_170_261, 127.54, 473.28, 0.00937083
_13352_, 140.34, 473.28, 0.00939641
_13355_, 140.34, 473.28, 0.00939641
_13385_, 140.34, 473.28, 0.00939641
_13387_, 140.34, 473.28, 0.00939641
_13424_, 140.34, 473.28, 0.00939641
hold1015, 140.34, 473.28, 0.00939641
hold1216, 140.34, 473.28, 0.00939641
_13354_, 153.14, 473.28, 0.00942056
_13389_, 153.14, 473.28, 0.00942056
FILLER_0_169_310, 153.14, 473.28, 0.00942056
FILLER_0_171_330, 153.14, 473.28, 0.00942056
_13364_, 165.94, 473.28, 0.00944433
_16062_, 165.94, 473.28, 0.00944433
FILLER_0_170_343, 165.94, 473.28, 0.00944433
FILLER_0_170_360, 165.94, 473.28, 0.00944433
_13432_, 191.54, 473.28, 0.00953243
_16061_, 191.54, 473.28, 0.00953243
hold1128, 191.54, 473.28, 0.00953243
hold1261, 191.54, 473.28, 0.00953243
FILLER_0_169_401, 191.54, 473.28, 0.00953243
FILLER_0_170_416, 191.54, 473.28, 0.00953243
_13397_, 204.34, 473.28, 0.00959616
_13398_, 204.34, 473.28, 0.00959616
_13428_, 204.34, 473.28, 0.00959616
_13429_, 204.34, 473.28, 0.00959616
hold745, 204.34, 473.28, 0.00959616
FILLER_0_170_421, 204.34, 473.28, 0.00959616
FILLER_0_170_439, 204.34, 473.28, 0.00959616
_13358_, 217.14, 473.28, 0.00965904
_16059_, 217.14, 473.28, 0.00965904
FILLER_0_169_449, 217.14, 473.28, 0.00965904
FILLER_0_170_469, 217.14, 473.28, 0.00965904
_13461_, 229.94, 473.28, 0.00971803
_16058_, 229.94, 473.28, 0.00971803
_16074_, 229.94, 473.28, 0.00971803
hold744, 229.94, 473.28, 0.00971803
hold1197, 229.94, 473.28, 0.00971803
FILLER_0_169_483, 229.94, 473.28, 0.00971803
FILLER_0_170_485, 229.94, 473.28, 0.00971803
_13332_, 242.74, 473.28, 0.00976883
_13349_, 242.74, 473.28, 0.00976883
_13384_, 242.74, 473.28, 0.00976883
_13419_, 242.74, 473.28, 0.00976883
FILLER_0_169_505, 242.74, 473.28, 0.00976883
FILLER_0_170_506, 242.74, 473.28, 0.00976883
FILLER_0_170_521, 242.74, 473.28, 0.00976883
_13347_, 255.54, 473.28, 0.0098194
_13402_, 255.54, 473.28, 0.0098194
_13417_, 255.54, 473.28, 0.0098194
_13453_, 255.54, 473.28, 0.0098194
hold833, 255.54, 473.28, 0.0098194
FILLER_0_169_530, 255.54, 473.28, 0.0098194
_13415_, 268.34, 473.28, 0.00986914
FILLER_0_170_583, 268.34, 473.28, 0.00986914
FILLER_0_171_581, 268.34, 473.28, 0.00986914
_13258_, 281.14, 473.28, 0.00991873
_13381_, 281.14, 473.28, 0.00991873
_16069_, 281.14, 473.28, 0.00991873
clkbuf_leaf_95_clk, 281.14, 473.28, 0.00991873
hold990, 281.14, 473.28, 0.00991873
FILLER_0_171_608, 281.14, 473.28, 0.00991873
_13257_, 293.94, 473.28, 0.00994058
_13305_, 293.94, 473.28, 0.00994058
_13409_, 293.94, 473.28, 0.00994058
hold1028, 293.94, 473.28, 0.00994058
hold1395, 293.94, 473.28, 0.00994058
_13301_, 306.74, 473.28, 0.00996133
_13337_, 306.74, 473.28, 0.00996133
_13407_, 306.74, 473.28, 0.00996133
FILLER_0_169_652, 306.74, 473.28, 0.00996133
FILLER_0_170_645, 306.74, 473.28, 0.00996133
_13335_, 319.54, 473.28, 0.00998161
_16080_, 319.54, 473.28, 0.00998161
hold1415, 319.54, 473.28, 0.00998161
FILLER_0_170_679, 319.54, 473.28, 0.00998161
FILLER_0_170_694, 319.54, 473.28, 0.00998161
_13413_, 344.971, 473.28, 0.0100251
hold1084, 344.971, 473.28, 0.0100251
hold1536, 344.971, 473.28, 0.0100251
FILLER_0_170_739, 344.971, 473.28, 0.0100251
_13333_, 357.603, 473.28, 0.0100517
_13334_, 357.603, 473.28, 0.0100517
_13379_, 357.603, 473.28, 0.0100517
hold1478, 357.603, 473.28, 0.0100517
_13264_, 370.235, 473.28, 0.0100775
_13303_, 370.235, 473.28, 0.0100775
_16020_, 370.235, 473.28, 0.0100775
_16033_, 370.235, 473.28, 0.0100775
hold1376, 370.235, 473.28, 0.0100775
clkbuf_leaf_107_clk, 382.866, 473.28, 0.0100955
FILLER_0_169_815, 382.866, 473.28, 0.0100955
FILLER_0_170_861, 395.498, 473.28, 0.0100955
FILLER_0_169_889, 420.761, 473.28, 0.0100955
FILLER_0_170_917, 433.393, 473.28, 0.0100955
FILLER_0_169_945, 446.025, 473.28, 0.0100955
FILLER_0_170_973, 458.656, 473.28, 0.0100955
FILLER_0_169_1001, 471.288, 473.28, 0.0100955
PHY_334, 5.52, 467.84, 0.00904195
PHY_336, 5.52, 467.84, 0.00904195
output42, 5.52, 467.84, 0.00904195
PHY_335, 483.92, 467.84, 0.0101737
PHY_337, 483.92, 467.84, 0.0101737
output50, 483.92, 467.84, 0.0101737
FILLER_0_168_1029, 483.92, 467.84, 0.0101737
FILLER_0_167_69, 37.94, 467.84, 0.00912621
FILLER_0_168_77, 37.94, 467.84, 0.00912621
_13171_, 50.74, 467.84, 0.00921362
hold1229, 50.74, 467.84, 0.00921362
FILLER_0_168_109, 50.74, 467.84, 0.00921362
FILLER_0_169_105, 50.74, 467.84, 0.00921362
_15016_, 63.54, 467.84, 0.00929728
hold851, 63.54, 467.84, 0.00929728
FILLER_0_168_134, 63.54, 467.84, 0.00929728
FILLER_0_169_137, 63.54, 467.84, 0.00929728
_09242_, 76.34, 467.84, 0.00937213
_12193_, 76.34, 467.84, 0.00937213
_13160_, 76.34, 467.84, 0.00937213
_14605_, 76.34, 467.84, 0.00937213
_15010_, 76.34, 467.84, 0.00937213
_15699_, 76.34, 467.84, 0.00937213
FILLER_0_167_141, 76.34, 467.84, 0.00937213
FILLER_0_168_141, 76.34, 467.84, 0.00937213
_09241_, 89.14, 467.84, 0.0094301
_14615_, 89.14, 467.84, 0.0094301
clkbuf_leaf_56_clk, 89.14, 467.84, 0.0094301
hold944, 89.14, 467.84, 0.0094301
FILLER_0_167_179, 89.14, 467.84, 0.0094301
_09251_, 101.94, 467.84, 0.00946255
_09252_, 101.94, 467.84, 0.00946255
_15015_, 101.94, 467.84, 0.00946255
_16530_, 101.94, 467.84, 0.00946255
hold870, 101.94, 467.84, 0.00946255
FILLER_0_167_201, 101.94, 467.84, 0.00946255
FILLER_0_169_215, 101.94, 467.84, 0.00946255
_13457_, 114.74, 467.84, 0.00947783
_16103_, 114.74, 467.84, 0.00947783
hold960, 114.74, 467.84, 0.00947783
FILLER_0_167_233, 114.74, 467.84, 0.00947783
FILLER_0_168_230, 114.74, 467.84, 0.00947783
FILLER_0_169_239, 114.74, 467.84, 0.00947783
_13455_, 127.54, 467.84, 0.00948638
hold966, 127.54, 467.84, 0.00948638
FILLER_0_167_263, 127.54, 467.84, 0.00948638
FILLER_0_168_270, 127.54, 467.84, 0.00948638
FILLER_0_168_278, 127.54, 467.84, 0.00948638
FILLER_0_169_276, 127.54, 467.84, 0.00948638
_08004_, 140.34, 467.84, 0.00949446
_08100_, 140.34, 467.84, 0.00949446
_10513_, 140.34, 467.84, 0.00949446
FILLER_0_167_281, 140.34, 467.84, 0.00949446
FILLER_0_168_300, 140.34, 467.84, 0.00949446
_10077_, 153.14, 467.84, 0.00949607
_13459_, 153.14, 467.84, 0.00949607
_13460_, 153.14, 467.84, 0.00949607
hold630, 153.14, 467.84, 0.00949607
FILLER_0_167_307, 153.14, 467.84, 0.00949607
FILLER_0_168_309, 153.14, 467.84, 0.00949607
FILLER_0_169_328, 153.14, 467.84, 0.00949607
_08155_, 165.94, 467.84, 0.00949222
_13469_, 165.94, 467.84, 0.00949222
_16110_, 165.94, 467.84, 0.00949222
hold741, 165.94, 467.84, 0.00949222
FILLER_0_168_343, 165.94, 467.84, 0.00949222
FILLER_0_168_358, 165.94, 467.84, 0.00949222
_10321_, 191.54, 467.84, 0.00955664
_13468_, 191.54, 467.84, 0.00955664
_16109_, 191.54, 467.84, 0.00955664
hold896, 191.54, 467.84, 0.00955664
FILLER_0_168_399, 191.54, 467.84, 0.00955664
FILLER_0_169_413, 191.54, 467.84, 0.00955664
_13467_, 204.34, 467.84, 0.00962
_16107_, 204.34, 467.84, 0.00962
FILLER_0_168_430, 204.34, 467.84, 0.00962
FILLER_0_169_443, 204.34, 467.84, 0.00962
_10805_, 217.14, 467.84, 0.00967952
_13462_, 217.14, 467.84, 0.00967952
_13463_, 217.14, 467.84, 0.00967952
hold804, 217.14, 467.84, 0.00967952
FILLER_0_167_449, 217.14, 467.84, 0.00967952
FILLER_0_169_467, 217.14, 467.84, 0.00967952
_08206_, 229.94, 467.84, 0.00973352
_08208_, 229.94, 467.84, 0.00973352
_10941_, 229.94, 467.84, 0.00973352
_13392_, 229.94, 467.84, 0.00973352
_16106_, 229.94, 467.84, 0.00973352
FILLER_0_169_497, 229.94, 467.84, 0.00973352
_07882_, 242.74, 467.84, 0.00977812
_13366_, 242.74, 467.84, 0.00977812
_13367_, 242.74, 467.84, 0.00977812
_13454_, 242.74, 467.84, 0.00977812
FILLER_0_168_514, 242.74, 467.84, 0.00977812
_13382_, 255.54, 467.84, 0.00982163
_16070_, 255.54, 467.84, 0.00982163
hold922, 255.54, 467.84, 0.00982163
hold938, 255.54, 467.84, 0.00982163
_13450_, 268.34, 467.84, 0.00986066
_13451_, 268.34, 467.84, 0.00986066
_16101_, 268.34, 467.84, 0.00986066
hold683, 268.34, 467.84, 0.00986066
FILLER_0_167_561, 268.34, 467.84, 0.00986066
FILLER_0_168_560, 268.34, 467.84, 0.00986066
_13310_, 281.14, 467.84, 0.00989543
_13380_, 281.14, 467.84, 0.00989543
_16037_, 281.14, 467.84, 0.00989543
hold1130, 281.14, 467.84, 0.00989543
FILLER_0_168_609, 281.14, 467.84, 0.00989543
FILLER_0_169_611, 281.14, 467.84, 0.00989543
_13304_, 293.94, 467.84, 0.00992583
_16034_, 293.94, 467.84, 0.00992583
hold1101, 293.94, 467.84, 0.00992583
FILLER_0_167_617, 293.94, 467.84, 0.00992583
FILLER_0_168_639, 293.94, 467.84, 0.00992583
_13373_, 306.74, 467.84, 0.00995207
_13374_, 306.74, 467.84, 0.00995207
_16065_, 306.74, 467.84, 0.00995207
hold1224, 306.74, 467.84, 0.00995207
hold1274, 306.74, 467.84, 0.00995207
FILLER_0_168_645, 306.74, 467.84, 0.00995207
_13371_, 319.54, 467.84, 0.00997372
_13440_, 319.54, 467.84, 0.00997372
_16096_, 319.54, 467.84, 0.00997372
hold1119, 319.54, 467.84, 0.00997372
hold1231, 319.54, 467.84, 0.00997372
FILLER_0_167_669, 319.54, 467.84, 0.00997372
FILLER_0_167_673, 319.54, 467.84, 0.00997372
FILLER_0_169_685, 319.54, 467.84, 0.00997372
_13438_, 344.971, 467.84, 0.0100294
_13439_, 344.971, 467.84, 0.0100294
_16095_, 344.971, 467.84, 0.0100294
hold1437, 344.971, 467.84, 0.0100294
FILLER_0_167_729, 344.971, 467.84, 0.0100294
FILLER_0_168_729, 344.971, 467.84, 0.0100294
FILLER_0_169_749, 344.971, 467.84, 0.0100294
_16063_, 357.603, 467.84, 0.0100638
_16068_, 357.603, 467.84, 0.0100638
hold1176, 357.603, 467.84, 0.0100638
hold1292, 357.603, 467.84, 0.0100638
FILLER_0_169_768, 357.603, 467.84, 0.0100638
_13302_, 370.235, 467.84, 0.0100901
hold1500, 370.235, 467.84, 0.0100901
hold1518, 370.235, 467.84, 0.0100901
FILLER_0_168_781, 370.235, 467.84, 0.0100901
FILLER_0_168_801, 370.235, 467.84, 0.0100901
_14598_, 382.866, 467.84, 0.0101157
_15007_, 382.866, 467.84, 0.0101157
FILLER_0_167_808, 382.866, 467.84, 0.0101157
FILLER_0_167_816, 382.866, 467.84, 0.0101157
FILLER_0_168_809, 382.866, 467.84, 0.0101157
FILLER_0_168_825, 382.866, 467.84, 0.0101157
_09234_, 395.498, 467.84, 0.010134
hold762, 395.498, 467.84, 0.010134
FILLER_0_168_865, 408.13, 467.84, 0.0101487
_15006_, 420.761, 467.84, 0.0101634
hold1330, 420.761, 467.84, 0.0101634
FILLER_0_167_893, 420.761, 467.84, 0.0101634
FILLER_0_168_905, 420.761, 467.84, 0.0101634
_07433_, 433.393, 467.84, 0.0101688
_13147_, 433.393, 467.84, 0.0101688
_14592_, 433.393, 467.84, 0.0101688
ANTENNA_16, 433.393, 467.84, 0.0101688
ANTENNA_18, 433.393, 467.84, 0.0101688
hold1396, 446.025, 467.84, 0.0101718
FILLER_0_168_976, 458.656, 467.84, 0.0101725
FILLER_0_167_1001, 471.288, 467.84, 0.0101731
PHY_330, 5.52, 462.4, 0.00902416
PHY_332, 5.52, 462.4, 0.00902416
PHY_331, 483.92, 462.4, 0.010643
PHY_333, 483.92, 462.4, 0.010643
FILLER_0_165_1033, 483.92, 462.4, 0.010643
FILLER_0_166_1029, 483.92, 462.4, 0.010643
_14616_, 37.94, 462.4, 0.00911
_16531_, 37.94, 462.4, 0.00911
FILLER_0_165_69, 37.94, 462.4, 0.00911
FILLER_0_166_65, 37.94, 462.4, 0.00911
_09253_, 50.74, 462.4, 0.00918825
_09254_, 50.74, 462.4, 0.00918825
_12205_, 50.74, 462.4, 0.00918825
_12206_, 50.74, 462.4, 0.00918825
_15705_, 50.74, 462.4, 0.00918825
hold1057, 50.74, 462.4, 0.00918825
FILLER_0_165_94, 50.74, 462.4, 0.00918825
FILLER_0_167_106, 50.74, 462.4, 0.00918825
_08446_, 63.54, 462.4, 0.00925313
hold816, 63.54, 462.4, 0.00925313
_13159_, 76.34, 462.4, 0.00931249
_15976_, 76.34, 462.4, 0.00931249
hold1228, 76.34, 462.4, 0.00931249
FILLER_0_166_141, 76.34, 462.4, 0.00931249
FILLER_0_167_162, 76.34, 462.4, 0.00931249
_14614_, 89.14, 462.4, 0.00936171
_15981_, 89.14, 462.4, 0.00936171
hold1019, 89.14, 462.4, 0.00936171
FILLER_0_166_177, 89.14, 462.4, 0.00936171
_08393_, 101.94, 462.4, 0.00940087
_10779_, 101.94, 462.4, 0.00940087
FILLER_0_166_197, 101.94, 462.4, 0.00940087
_13318_, 114.74, 462.4, 0.00942986
_13456_, 114.74, 462.4, 0.00942986
_16040_, 114.74, 462.4, 0.00942986
_16041_, 114.74, 462.4, 0.00942986
FILLER_0_166_225, 114.74, 462.4, 0.00942986
FILLER_0_166_247, 114.74, 462.4, 0.00942986
FILLER_0_167_241, 114.74, 462.4, 0.00942986
_08002_, 127.54, 462.4, 0.00945115
_10440_, 127.54, 462.4, 0.00945115
_16025_, 127.54, 462.4, 0.00945115
hold1397, 127.54, 462.4, 0.00945115
hold1505, 127.54, 462.4, 0.00945115
FILLER_0_166_253, 127.54, 462.4, 0.00945115
_08101_, 140.34, 462.4, 0.00946296
_08102_, 140.34, 462.4, 0.00946296
hold1136, 140.34, 462.4, 0.00946296
FILLER_0_166_288, 140.34, 462.4, 0.00946296
FILLER_0_166_304, 140.34, 462.4, 0.00946296
_08153_, 153.14, 462.4, 0.009474
_08154_, 153.14, 462.4, 0.009474
_16105_, 153.14, 462.4, 0.009474
FILLER_0_165_314, 153.14, 462.4, 0.009474
FILLER_0_166_334, 153.14, 462.4, 0.009474
_08419_, 165.94, 462.4, 0.00948098
_10228_, 165.94, 462.4, 0.00948098
FILLER_0_165_337, 165.94, 462.4, 0.00948098
_08313_, 191.54, 462.4, 0.00956097
_08315_, 191.54, 462.4, 0.00956097
_08365_, 191.54, 462.4, 0.00956097
_10757_, 191.54, 462.4, 0.00956097
_08366_, 204.34, 462.4, 0.00963238
_08367_, 204.34, 462.4, 0.00963238
_08368_, 204.34, 462.4, 0.00963238
_13464_, 204.34, 462.4, 0.00963238
FILLER_0_166_421, 204.34, 462.4, 0.00963238
FILLER_0_166_445, 204.34, 462.4, 0.00963238
FILLER_0_167_437, 204.34, 462.4, 0.00963238
FILLER_0_167_445, 204.34, 462.4, 0.00963238
_07462_, 217.14, 462.4, 0.00970304
_08259_, 217.14, 462.4, 0.00970304
_08261_, 217.14, 462.4, 0.00970304
_08262_, 217.14, 462.4, 0.00970304
FILLER_0_165_455, 217.14, 462.4, 0.00970304
FILLER_0_166_467, 217.14, 462.4, 0.00970304
_07885_, 229.94, 462.4, 0.00977238
_08209_, 229.94, 462.4, 0.00977238
_13283_, 229.94, 462.4, 0.00977238
_16026_, 229.94, 462.4, 0.00977238
FILLER_0_166_489, 229.94, 462.4, 0.00977238
_07476_, 242.74, 462.4, 0.0098367
_13282_, 242.74, 462.4, 0.0098367
_13401_, 242.74, 462.4, 0.0098367
_13437_, 242.74, 462.4, 0.0098367
_16102_, 242.74, 462.4, 0.0098367
hold1257, 242.74, 462.4, 0.0098367
_10386_, 255.54, 462.4, 0.0098948
_13383_, 255.54, 462.4, 0.0098948
_13452_, 255.54, 462.4, 0.0098948
clkbuf_leaf_94_clk, 255.54, 462.4, 0.0098948
FILLER_0_165_531, 255.54, 462.4, 0.0098948
FILLER_0_167_556, 255.54, 462.4, 0.0098948
_07883_, 268.34, 462.4, 0.00992747
_07941_, 268.34, 462.4, 0.00992747
_13311_, 268.34, 462.4, 0.00992747
FILLER_0_166_582, 268.34, 462.4, 0.00992747
FILLER_0_167_579, 268.34, 462.4, 0.00992747
_07886_, 281.14, 462.4, 0.0099595
_13445_, 281.14, 462.4, 0.0099595
_10183_, 293.94, 462.4, 0.00999114
_13375_, 293.94, 462.4, 0.00999114
_13444_, 293.94, 462.4, 0.00999114
_16066_, 293.94, 462.4, 0.00999114
_16098_, 293.94, 462.4, 0.00999114
hold544, 293.94, 462.4, 0.00999114
FILLER_0_167_629, 293.94, 462.4, 0.00999114
_13372_, 306.74, 462.4, 0.0100131
_13442_, 306.74, 462.4, 0.0100131
_13443_, 306.74, 462.4, 0.0100131
_16097_, 306.74, 462.4, 0.0100131
hold645, 306.74, 462.4, 0.0100131
FILLER_0_165_644, 306.74, 462.4, 0.0100131
_13370_, 319.54, 462.4, 0.0100306
_13441_, 319.54, 462.4, 0.0100306
_16064_, 319.54, 462.4, 0.0100306
FILLER_0_166_671, 319.54, 462.4, 0.0100306
_13448_, 344.971, 462.4, 0.0101581
_13449_, 344.971, 462.4, 0.0101581
_16100_, 344.971, 462.4, 0.0101581
hold1144, 344.971, 462.4, 0.0101581
FILLER_0_165_729, 344.971, 462.4, 0.0101581
_13260_, 357.603, 462.4, 0.0102679
_13261_, 357.603, 462.4, 0.0102679
_13368_, 357.603, 462.4, 0.0102679
_13369_, 357.603, 462.4, 0.0102679
_13378_, 357.603, 462.4, 0.0102679
_16019_, 357.603, 462.4, 0.0102679
clkbuf_leaf_99_clk, 357.603, 462.4, 0.0102679
FILLER_0_165_756, 357.603, 462.4, 0.0102679
FILLER_0_166_766, 357.603, 462.4, 0.0102679
_13249_, 370.235, 462.4, 0.0103543
hold1354, 370.235, 462.4, 0.0103543
hold1475, 370.235, 462.4, 0.0103543
FILLER_0_166_805, 370.235, 462.4, 0.0103543
_09235_, 382.866, 462.4, 0.01044
_13153_, 382.866, 462.4, 0.01044
_13255_, 382.866, 462.4, 0.01044
_14597_, 382.866, 462.4, 0.01044
_15973_, 382.866, 462.4, 0.01044
_16522_, 382.866, 462.4, 0.01044
FILLER_0_165_813, 382.866, 462.4, 0.01044
FILLER_0_167_822, 382.866, 462.4, 0.01044
FILLER_0_167_834, 382.866, 462.4, 0.01044
_13148_, 395.498, 462.4, 0.0105098
_13149_, 395.498, 462.4, 0.0105098
_14593_, 395.498, 462.4, 0.0105098
_15971_, 395.498, 462.4, 0.0105098
hold1164, 395.498, 462.4, 0.0105098
hold1240, 395.498, 462.4, 0.0105098
FILLER_0_166_846, 395.498, 462.4, 0.0105098
FILLER_0_167_850, 395.498, 462.4, 0.0105098
_13151_, 408.13, 462.4, 0.0105647
_14596_, 408.13, 462.4, 0.0105647
_15972_, 408.13, 462.4, 0.0105647
_16521_, 408.13, 462.4, 0.0105647
FILLER_0_166_869, 408.13, 462.4, 0.0105647
_09232_, 420.761, 462.4, 0.0106055
_09233_, 420.761, 462.4, 0.0106055
_16519_, 420.761, 462.4, 0.0106055
hold1331, 420.761, 462.4, 0.0106055
FILLER_0_166_904, 420.761, 462.4, 0.0106055
FILLER_0_167_913, 420.761, 462.4, 0.0106055
_09228_, 433.393, 462.4, 0.0106355
_09229_, 433.393, 462.4, 0.0106355
clkbuf_leaf_109_clk, 433.393, 462.4, 0.0106355
hold1111, 433.393, 462.4, 0.0106355
ANTENNA_17, 433.393, 462.4, 0.0106355
_13143_, 446.025, 462.4, 0.010643
_15968_, 446.025, 462.4, 0.010643
FILLER_0_165_1001, 471.288, 462.4, 0.010643
PHY_326, 5.52, 456.96, 0.00901148
PHY_328, 5.52, 456.96, 0.00901148
PHY_327, 483.92, 456.96, 0.0104443
PHY_329, 483.92, 456.96, 0.0104443
FILLER_0_163_1033, 483.92, 456.96, 0.0104443
FILLER_0_164_1033, 483.92, 456.96, 0.0104443
_14617_, 37.94, 456.96, 0.00910148
_15982_, 37.94, 456.96, 0.00910148
FILLER_0_164_77, 37.94, 456.96, 0.00910148
_10251_, 50.74, 456.96, 0.00918425
_13172_, 50.74, 456.96, 0.00918425
FILLER_0_165_107, 50.74, 456.96, 0.00918425
_13157_, 63.54, 456.96, 0.00925885
_13158_, 63.54, 456.96, 0.00925885
_15975_, 63.54, 456.96, 0.00925885
clkbuf_leaf_54_clk, 63.54, 456.96, 0.00925885
FILLER_0_164_122, 63.54, 456.96, 0.00925885
_09239_, 76.34, 456.96, 0.00930509
_09240_, 76.34, 456.96, 0.00930509
_10535_, 76.34, 456.96, 0.00930509
_15009_, 76.34, 456.96, 0.00930509
hold1120, 76.34, 456.96, 0.00930509
FILLER_0_164_141, 76.34, 456.96, 0.00930509
FILLER_0_165_158, 76.34, 456.96, 0.00930509
_08128_, 89.14, 456.96, 0.00933315
_13169_, 89.14, 456.96, 0.00933315
FILLER_0_164_188, 89.14, 456.96, 0.00933315
hold947, 101.94, 456.96, 0.00935697
hold1008, 101.94, 456.96, 0.00935697
FILLER_0_163_207, 101.94, 456.96, 0.00935697
FILLER_0_164_197, 101.94, 456.96, 0.00935697
_13277_, 114.74, 456.96, 0.00937571
_13317_, 114.74, 456.96, 0.00937571
hold1243, 114.74, 456.96, 0.00937571
FILLER_0_164_246, 114.74, 456.96, 0.00937571
FILLER_0_165_240, 114.74, 456.96, 0.00937571
_13276_, 127.54, 456.96, 0.00939169
_13279_, 127.54, 456.96, 0.00939169
_13280_, 127.54, 456.96, 0.00939169
_13319_, 127.54, 456.96, 0.00939169
_13320_, 127.54, 456.96, 0.00939169
FILLER_0_164_277, 127.54, 456.96, 0.00939169
_08003_, 140.34, 456.96, 0.00940691
_08006_, 140.34, 456.96, 0.00940691
_08105_, 140.34, 456.96, 0.00940691
FILLER_0_163_288, 140.34, 456.96, 0.00940691
FILLER_0_164_299, 140.34, 456.96, 0.00940691
FILLER_0_165_306, 140.34, 456.96, 0.00940691
_08156_, 153.14, 456.96, 0.0094216
_08158_, 153.14, 456.96, 0.0094216
_10079_, 153.14, 456.96, 0.0094216
FILLER_0_163_318, 153.14, 456.96, 0.0094216
FILLER_0_165_322, 153.14, 456.96, 0.0094216
FILLER_0_165_331, 153.14, 456.96, 0.0094216
_08418_, 165.94, 456.96, 0.00943353
_08421_, 165.94, 456.96, 0.00943353
_13329_, 165.94, 456.96, 0.00943353
hold610, 165.94, 456.96, 0.00943353
hold800, 165.94, 456.96, 0.00943353
FILLER_0_164_360, 165.94, 456.96, 0.00943353
_13292_, 191.54, 456.96, 0.00952739
hold776, 191.54, 456.96, 0.00952739
FILLER_0_163_401, 191.54, 456.96, 0.00952739
FILLER_0_164_413, 191.54, 456.96, 0.00952739
FILLER_0_165_416, 191.54, 456.96, 0.00952739
_08260_, 204.34, 456.96, 0.00961012
_16029_, 204.34, 456.96, 0.00961012
clkbuf_leaf_66_clk, 204.34, 456.96, 0.00961012
_07475_, 217.14, 456.96, 0.0096683
_08207_, 217.14, 456.96, 0.0096683
_08267_, 217.14, 456.96, 0.0096683
_13324_, 217.14, 456.96, 0.0096683
FILLER_0_164_465, 217.14, 456.96, 0.0096683
FILLER_0_164_473, 217.14, 456.96, 0.0096683
_07496_, 229.94, 456.96, 0.0097244
_08211_, 229.94, 456.96, 0.0097244
_13322_, 229.94, 456.96, 0.0097244
_16042_, 229.94, 456.96, 0.0097244
FILLER_0_163_480, 229.94, 456.96, 0.0097244
FILLER_0_164_483, 229.94, 456.96, 0.0097244
FILLER_0_165_498, 229.94, 456.96, 0.0097244
_07888_, 242.74, 456.96, 0.0097754
_13331_, 242.74, 456.96, 0.0097754
_13436_, 242.74, 456.96, 0.0097754
hold777, 242.74, 456.96, 0.0097754
FILLER_0_164_527, 242.74, 456.96, 0.0097754
_07939_, 255.54, 456.96, 0.00982505
_13247_, 255.54, 456.96, 0.00982505
FILLER_0_163_539, 255.54, 456.96, 0.00982505
FILLER_0_164_545, 255.54, 456.96, 0.00982505
_07884_, 268.34, 456.96, 0.00987435
_07942_, 268.34, 456.96, 0.00987435
_10989_, 268.34, 456.96, 0.00987435
hold952, 268.34, 456.96, 0.00987435
ANTENNA_67, 268.34, 456.96, 0.00987435
FILLER_0_164_571, 268.34, 456.96, 0.00987435
FILLER_0_164_582, 268.34, 456.96, 0.00987435
_13266_, 281.14, 456.96, 0.00991837
_16021_, 281.14, 456.96, 0.00991837
hold577, 281.14, 456.96, 0.00991837
FILLER_0_164_589, 281.14, 456.96, 0.00991837
FILLER_0_164_611, 281.14, 456.96, 0.00991837
FILLER_0_165_612, 281.14, 456.96, 0.00991837
_07721_, 293.94, 456.96, 0.00995821
_07725_, 293.94, 456.96, 0.00995821
clkbuf_leaf_96_clk, 293.94, 456.96, 0.00995821
FILLER_0_163_617, 293.94, 456.96, 0.00995821
FILLER_0_164_638, 293.94, 456.96, 0.00995821
FILLER_0_165_635, 293.94, 456.96, 0.00995821
_07658_, 306.74, 456.96, 0.00997877
_10568_, 306.74, 456.96, 0.00997877
FILLER_0_163_644, 306.74, 456.96, 0.00997877
FILLER_0_164_645, 306.74, 456.96, 0.00997877
FILLER_0_165_662, 306.74, 456.96, 0.00997877
_13251_, 319.54, 456.96, 0.00999371
_16016_, 319.54, 456.96, 0.00999371
hold1464, 319.54, 456.96, 0.00999371
FILLER_0_164_674, 319.54, 456.96, 0.00999371
FILLER_0_164_694, 319.54, 456.96, 0.00999371
_07829_, 344.971, 456.96, 0.0100716
FILLER_0_163_729, 344.971, 456.96, 0.0100716
FILLER_0_164_745, 344.971, 456.96, 0.0100716
FILLER_0_165_742, 344.971, 456.96, 0.0100716
FILLER_0_165_750, 344.971, 456.96, 0.0100716
_07833_, 357.603, 456.96, 0.0101385
_16015_, 357.603, 456.96, 0.0101385
FILLER_0_164_753, 357.603, 456.96, 0.0101385
_13248_, 370.235, 456.96, 0.0102015
_13254_, 370.235, 456.96, 0.0102015
_16017_, 370.235, 456.96, 0.0102015
FILLER_0_164_804, 370.235, 456.96, 0.0102015
_13152_, 382.866, 456.96, 0.0102604
hold1341, 382.866, 456.96, 0.0102604
FILLER_0_164_813, 382.866, 456.96, 0.0102604
_12186_, 395.498, 456.96, 0.0103154
_16520_, 395.498, 456.96, 0.0103154
hold1481, 395.498, 456.96, 0.0103154
_13150_, 408.13, 456.96, 0.0103603
_14594_, 408.13, 456.96, 0.0103603
_14595_, 408.13, 456.96, 0.0103603
hold1182, 408.13, 456.96, 0.0103603
FILLER_0_163_871, 408.13, 456.96, 0.0103603
FILLER_0_164_869, 408.13, 456.96, 0.0103603
_14591_, 420.761, 456.96, 0.0103992
_15970_, 420.761, 456.96, 0.0103992
hold1074, 420.761, 456.96, 0.0103992
FILLER_0_163_890, 420.761, 456.96, 0.0103992
FILLER_0_165_905, 420.761, 456.96, 0.0103992
_10176_, 433.393, 456.96, 0.010428
_12180_, 433.393, 456.96, 0.010428
_13146_, 433.393, 456.96, 0.010428
_15004_, 433.393, 456.96, 0.010428
hold1241, 433.393, 456.96, 0.010428
FILLER_0_164_925, 433.393, 456.96, 0.010428
_13142_, 446.025, 456.96, 0.0104418
_14588_, 446.025, 456.96, 0.0104418
_16517_, 446.025, 456.96, 0.0104418
hold1371, 446.025, 456.96, 0.0104418
FILLER_0_163_945, 446.025, 456.96, 0.0104418
FILLER_0_163_953, 446.025, 456.96, 0.0104418
FILLER_0_164_945, 446.025, 456.96, 0.0104418
hold1092, 458.656, 456.96, 0.0104443
FILLER_0_164_1025, 471.288, 456.96, 0.0104443
PHY_322, 5.52, 451.52, 0.00900612
PHY_324, 5.52, 451.52, 0.00900612
PHY_323, 483.92, 451.52, 0.0109432
PHY_325, 483.92, 451.52, 0.0109432
FILLER_0_161_1033, 483.92, 451.52, 0.0109432
FILLER_0_162_1029, 483.92, 451.52, 0.0109432
_14607_, 37.94, 451.52, 0.00911514
_16526_, 37.94, 451.52, 0.00911514
hold1244, 37.94, 451.52, 0.00911514
FILLER_0_161_57, 37.94, 451.52, 0.00911514
FILLER_0_162_65, 37.94, 451.52, 0.00911514
FILLER_0_162_72, 37.94, 451.52, 0.00911514
_12195_, 50.74, 451.52, 0.00921421
_12196_, 50.74, 451.52, 0.00921421
_13161_, 50.74, 451.52, 0.00921421
hold941, 50.74, 451.52, 0.00921421
FILLER_0_162_108, 50.74, 451.52, 0.00921421
FILLER_0_163_105, 50.74, 451.52, 0.00921421
_14603_, 63.54, 451.52, 0.00930725
_15011_, 63.54, 451.52, 0.00930725
hold1083, 63.54, 451.52, 0.00930725
FILLER_0_163_133, 63.54, 451.52, 0.00930725
_14602_, 76.34, 451.52, 0.00939027
clkbuf_leaf_55_clk, 76.34, 451.52, 0.00939027
hold774, 76.34, 451.52, 0.00939027
FILLER_0_163_160, 76.34, 451.52, 0.00939027
_14613_, 89.14, 451.52, 0.00944787
_15703_, 89.14, 451.52, 0.00944787
_16529_, 89.14, 451.52, 0.00944787
FILLER_0_161_169, 89.14, 451.52, 0.00944787
FILLER_0_162_170, 89.14, 451.52, 0.00944787
FILLER_0_163_190, 89.14, 451.52, 0.00944787
_08340_, 101.94, 451.52, 0.00949195
_09250_, 101.94, 451.52, 0.00949195
_12201_, 101.94, 451.52, 0.00949195
_15014_, 101.94, 451.52, 0.00949195
FILLER_0_162_206, 101.94, 451.52, 0.00949195
FILLER_0_163_217, 101.94, 451.52, 0.00949195
_09249_, 114.74, 451.52, 0.0095247
_16024_, 114.74, 451.52, 0.0095247
clkbuf_leaf_57_clk, 114.74, 451.52, 0.0095247
FILLER_0_161_234, 114.74, 451.52, 0.0095247
FILLER_0_162_230, 114.74, 451.52, 0.0095247
_08104_, 127.54, 451.52, 0.00952884
_13315_, 127.54, 451.52, 0.00952884
_16039_, 127.54, 451.52, 0.00952884
hold1363, 127.54, 451.52, 0.00952884
hold1550, 127.54, 451.52, 0.00952884
FILLER_0_162_262, 127.54, 451.52, 0.00952884
FILLER_0_163_275, 127.54, 451.52, 0.00952884
_08014_, 140.34, 451.52, 0.00952823
_08103_, 140.34, 451.52, 0.00952823
_08108_, 140.34, 451.52, 0.00952823
clkbuf_leaf_63_clk, 140.34, 451.52, 0.00952823
FILLER_0_161_281, 140.34, 451.52, 0.00952823
FILLER_0_162_301, 140.34, 451.52, 0.00952823
FILLER_0_163_305, 140.34, 451.52, 0.00952823
_08013_, 153.14, 451.52, 0.00950762
_08157_, 153.14, 451.52, 0.00950762
_08161_, 153.14, 451.52, 0.00950762
_16030_, 153.14, 451.52, 0.00950762
FILLER_0_161_314, 153.14, 451.52, 0.00950762
FILLER_0_162_318, 153.14, 451.52, 0.00950762
FILLER_0_163_330, 153.14, 451.52, 0.00950762
_08422_, 165.94, 451.52, 0.00948184
_08426_, 165.94, 451.52, 0.00948184
_13294_, 165.94, 451.52, 0.00948184
_13330_, 165.94, 451.52, 0.00948184
_16046_, 165.94, 451.52, 0.00948184
FILLER_0_163_354, 165.94, 451.52, 0.00948184
_08001_, 191.54, 451.52, 0.00952764
_08316_, 191.54, 451.52, 0.00952764
_08370_, 191.54, 451.52, 0.00952764
_08373_, 191.54, 451.52, 0.00952764
_16028_, 191.54, 451.52, 0.00952764
FILLER_0_162_407, 191.54, 451.52, 0.00952764
_08369_, 204.34, 451.52, 0.00959872
_13291_, 204.34, 451.52, 0.00959872
_13327_, 204.34, 451.52, 0.00959872
hold1154, 204.34, 451.52, 0.00959872
FILLER_0_161_423, 204.34, 451.52, 0.00959872
FILLER_0_162_421, 204.34, 451.52, 0.00959872
FILLER_0_162_442, 204.34, 451.52, 0.00959872
FILLER_0_163_445, 204.34, 451.52, 0.00959872
_08214_, 217.14, 451.52, 0.00966893
_08263_, 217.14, 451.52, 0.00966893
_08264_, 217.14, 451.52, 0.00966893
_13323_, 217.14, 451.52, 0.00966893
_16043_, 217.14, 451.52, 0.00966893
FILLER_0_162_470, 217.14, 451.52, 0.00966893
FILLER_0_163_462, 217.14, 451.52, 0.00966893
_07490_, 229.94, 451.52, 0.00973425
_08210_, 229.94, 451.52, 0.00973425
_13321_, 229.94, 451.52, 0.00973425
FILLER_0_161_483, 229.94, 451.52, 0.00973425
FILLER_0_162_477, 229.94, 451.52, 0.00973425
FILLER_0_163_500, 229.94, 451.52, 0.00973425
_07486_, 242.74, 451.52, 0.00979805
_13246_, 242.74, 451.52, 0.00979805
_13272_, 242.74, 451.52, 0.00979805
_13296_, 242.74, 451.52, 0.00979805
_13314_, 242.74, 451.52, 0.00979805
_16528_, 242.74, 451.52, 0.00979805
FILLER_0_162_529, 242.74, 451.52, 0.00979805
FILLER_0_163_525, 242.74, 451.52, 0.00979805
_13269_, 255.54, 451.52, 0.00985415
_13313_, 255.54, 451.52, 0.00985415
_14584_, 255.54, 451.52, 0.00985415
_16022_, 255.54, 451.52, 0.00985415
_16038_, 255.54, 451.52, 0.00985415
hold684, 255.54, 451.52, 0.00985415
FILLER_0_163_553, 255.54, 451.52, 0.00985415
_07887_, 268.34, 451.52, 0.00990179
_07890_, 268.34, 451.52, 0.00990179
_07940_, 268.34, 451.52, 0.00990179
_07943_, 268.34, 451.52, 0.00990179
_07947_, 268.34, 451.52, 0.00990179
_13270_, 268.34, 451.52, 0.00990179
FILLER_0_162_578, 268.34, 451.52, 0.00990179
_07485_, 281.14, 451.52, 0.00994789
_07722_, 281.14, 451.52, 0.00994789
_07889_, 281.14, 451.52, 0.00994789
_10990_, 281.14, 451.52, 0.00994789
_13267_, 281.14, 451.52, 0.00994789
FILLER_0_161_588, 281.14, 451.52, 0.00994789
FILLER_0_162_604, 281.14, 451.52, 0.00994789
FILLER_0_163_609, 281.14, 451.52, 0.00994789
_07724_, 293.94, 451.52, 0.00999098
_07726_, 293.94, 451.52, 0.00999098
_07729_, 293.94, 451.52, 0.00999098
_10185_, 293.94, 451.52, 0.00999098
FILLER_0_161_617, 293.94, 451.52, 0.00999098
FILLER_0_162_638, 293.94, 451.52, 0.00999098
_07659_, 306.74, 451.52, 0.0100312
_07662_, 306.74, 451.52, 0.0100312
_07723_, 306.74, 451.52, 0.0100312
clkbuf_leaf_97_clk, 306.74, 451.52, 0.0100312
FILLER_0_161_648, 306.74, 451.52, 0.0100312
_07604_, 319.54, 451.52, 0.0100493
_07605_, 319.54, 451.52, 0.0100493
_10877_, 319.54, 451.52, 0.0100493
_13252_, 319.54, 451.52, 0.0100493
_07487_, 344.971, 451.52, 0.0102103
_07488_, 344.971, 451.52, 0.0102103
_07830_, 344.971, 451.52, 0.0102103
_07831_, 344.971, 451.52, 0.0102103
_07834_, 344.971, 451.52, 0.0102103
FILLER_0_162_739, 344.971, 451.52, 0.0102103
_09944_, 357.603, 451.52, 0.0103614
FILLER_0_163_767, 357.603, 451.52, 0.0103614
_09940_, 370.235, 451.52, 0.01051
clkbuf_leaf_106_clk, 370.235, 451.52, 0.01051
hold576, 370.235, 451.52, 0.01051
FILLER_0_161_785, 370.235, 451.52, 0.01051
FILLER_0_162_781, 370.235, 451.52, 0.01051
FILLER_0_162_805, 370.235, 451.52, 0.01051
FILLER_0_163_794, 370.235, 451.52, 0.01051
_07914_, 382.866, 451.52, 0.0106207
_14599_, 382.866, 451.52, 0.0106207
FILLER_0_162_813, 382.866, 451.52, 0.0106207
FILLER_0_162_821, 382.866, 451.52, 0.0106207
FILLER_0_163_831, 382.866, 451.52, 0.0106207
_11026_, 395.498, 451.52, 0.0107272
_12187_, 395.498, 451.52, 0.0107272
_15696_, 395.498, 451.52, 0.0107272
hold937, 395.498, 451.52, 0.0107272
_09963_, 408.13, 451.52, 0.0108172
_12184_, 408.13, 451.52, 0.0108172
_12185_, 408.13, 451.52, 0.0108172
FILLER_0_161_874, 408.13, 451.52, 0.0108172
FILLER_0_162_869, 408.13, 451.52, 0.0108172
_07857_, 420.761, 451.52, 0.0108967
_09978_, 420.761, 451.52, 0.0108967
clkbuf_leaf_108_clk, 420.761, 451.52, 0.0108967
FILLER_0_163_905, 420.761, 451.52, 0.0108967
_07749_, 433.393, 451.52, 0.0109248
_12181_, 433.393, 451.52, 0.0109248
_15693_, 433.393, 451.52, 0.0109248
hold1007, 433.393, 451.52, 0.0109248
FILLER_0_161_917, 433.393, 451.52, 0.0109248
_12177_, 446.025, 451.52, 0.0109406
_13145_, 446.025, 451.52, 0.0109406
_14587_, 446.025, 451.52, 0.0109406
_14590_, 446.025, 451.52, 0.0109406
_16518_, 446.025, 451.52, 0.0109406
hold1460, 446.025, 451.52, 0.0109406
FILLER_0_162_953, 446.025, 451.52, 0.0109406
FILLER_0_162_964, 446.025, 451.52, 0.0109406
FILLER_0_162_971, 446.025, 451.52, 0.0109406
hold1236, 458.656, 451.52, 0.0109432
FILLER_0_161_1005, 471.288, 451.52, 0.0109432
PHY_318, 5.52, 446.08, 0.00897435
PHY_320, 5.52, 446.08, 0.00897435
input16, 5.52, 446.08, 0.00897435
PHY_319, 483.92, 446.08, 0.0107792
PHY_321, 483.92, 446.08, 0.0107792
output52, 483.92, 446.08, 0.0107792
FILLER_0_159_1033, 483.92, 446.08, 0.0107792
_15700_, 37.94, 446.08, 0.00907223
clkbuf_leaf_53_clk, 37.94, 446.08, 0.00907223
_08181_, 50.74, 446.08, 0.00914578
_09244_, 50.74, 446.08, 0.00914578
_15977_, 50.74, 446.08, 0.00914578
hold1242, 50.74, 446.08, 0.00914578
FILLER_0_160_101, 50.74, 446.08, 0.00914578
_09243_, 63.54, 446.08, 0.0092066
_16524_, 63.54, 446.08, 0.0092066
_08057_, 76.34, 446.08, 0.0092599
_10470_, 76.34, 446.08, 0.0092599
_12192_, 76.34, 446.08, 0.0092599
FILLER_0_160_167, 76.34, 446.08, 0.0092599
_12202_, 89.14, 446.08, 0.00930261
_14612_, 89.14, 446.08, 0.00930261
_15980_, 89.14, 446.08, 0.00930261
hold1233, 89.14, 446.08, 0.00930261
_10272_, 101.94, 446.08, 0.00933439
_13167_, 101.94, 446.08, 0.00933439
_13168_, 101.94, 446.08, 0.00933439
hold929, 101.94, 446.08, 0.00933439
FILLER_0_160_209, 101.94, 446.08, 0.00933439
_13274_, 114.74, 446.08, 0.00935586
_13316_, 114.74, 446.08, 0.00935586
_16023_, 114.74, 446.08, 0.00935586
_08008_, 127.54, 446.08, 0.00937336
_08009_, 127.54, 446.08, 0.00937336
_13273_, 127.54, 446.08, 0.00937336
_15991_, 127.54, 446.08, 0.00937336
hold1338, 127.54, 446.08, 0.00937336
FILLER_0_159_261, 127.54, 446.08, 0.00937336
_08012_, 140.34, 446.08, 0.00938626
_08107_, 140.34, 446.08, 0.00938626
_10514_, 140.34, 446.08, 0.00938626
hold1346, 140.34, 446.08, 0.00938626
FILLER_0_159_291, 140.34, 446.08, 0.00938626
FILLER_0_160_290, 140.34, 446.08, 0.00938626
FILLER_0_161_306, 140.34, 446.08, 0.00938626
_08160_, 153.14, 446.08, 0.00939604
_13199_, 153.14, 446.08, 0.00939604
_13295_, 153.14, 446.08, 0.00939604
hold768, 153.14, 446.08, 0.00939604
FILLER_0_159_307, 153.14, 446.08, 0.00939604
FILLER_0_161_322, 153.14, 446.08, 0.00939604
_08425_, 165.94, 446.08, 0.00940505
_10229_, 165.94, 446.08, 0.00940505
FILLER_0_160_357, 165.94, 446.08, 0.00940505
_07660_, 191.54, 446.08, 0.00950597
_08372_, 191.54, 446.08, 0.00950597
_10323_, 191.54, 446.08, 0.00950597
_13289_, 191.54, 446.08, 0.00950597
hold826, 191.54, 446.08, 0.00950597
_08371_, 204.34, 446.08, 0.00959623
_13328_, 204.34, 446.08, 0.00959623
_16045_, 204.34, 446.08, 0.00959623
hold860, 204.34, 446.08, 0.00959623
FILLER_0_159_432, 204.34, 446.08, 0.00959623
FILLER_0_160_439, 204.34, 446.08, 0.00959623
FILLER_0_161_443, 204.34, 446.08, 0.00959623
_08007_, 217.14, 446.08, 0.00968212
_10806_, 217.14, 446.08, 0.00968212
_13285_, 217.14, 446.08, 0.00968212
_16027_, 217.14, 446.08, 0.00968212
hold898, 217.14, 446.08, 0.00968212
FILLER_0_160_470, 217.14, 446.08, 0.00968212
_07495_, 229.94, 446.08, 0.00976124
_10942_, 229.94, 446.08, 0.00976124
_14611_, 229.94, 446.08, 0.00976124
_15979_, 229.94, 446.08, 0.00976124
clkbuf_leaf_68_clk, 229.94, 446.08, 0.00976124
FILLER_0_160_477, 229.94, 446.08, 0.00976124
_13139_, 242.74, 446.08, 0.00980687
_13156_, 242.74, 446.08, 0.00980687
_14601_, 242.74, 446.08, 0.00980687
_14610_, 242.74, 446.08, 0.00980687
hold1254, 242.74, 446.08, 0.00980687
hold1532, 242.74, 446.08, 0.00980687
FILLER_0_159_513, 242.74, 446.08, 0.00980687
_07944_, 255.54, 446.08, 0.00984468
_10387_, 255.54, 446.08, 0.00984468
_13297_, 255.54, 446.08, 0.00984468
_13312_, 255.54, 446.08, 0.00984468
FILLER_0_160_539, 255.54, 446.08, 0.00984468
_07894_, 268.34, 446.08, 0.00988018
_07946_, 268.34, 446.08, 0.00988018
FILLER_0_159_561, 268.34, 446.08, 0.00988018
_07503_, 281.14, 446.08, 0.00991476
FILLER_0_160_589, 281.14, 446.08, 0.00991476
_10182_, 293.94, 446.08, 0.00994876
_10184_, 293.94, 446.08, 0.00994876
_10186_, 293.94, 446.08, 0.00994876
FILLER_0_159_617, 293.94, 446.08, 0.00994876
FILLER_0_161_631, 293.94, 446.08, 0.00994876
_07661_, 306.74, 446.08, 0.00997312
_07664_, 306.74, 446.08, 0.00997312
_07668_, 306.74, 446.08, 0.00997312
FILLER_0_159_653, 306.74, 446.08, 0.00997312
FILLER_0_160_645, 306.74, 446.08, 0.00997312
FILLER_0_161_668, 306.74, 446.08, 0.00997312
_07606_, 319.54, 446.08, 0.00999633
_07607_, 319.54, 446.08, 0.00999633
_07608_, 319.54, 446.08, 0.00999633
_07609_, 319.54, 446.08, 0.00999633
_07612_, 319.54, 446.08, 0.00999633
FILLER_0_160_693, 319.54, 446.08, 0.00999633
_07491_, 344.971, 446.08, 0.0101548
_07493_, 344.971, 446.08, 0.0101548
_07498_, 344.971, 446.08, 0.0101548
_09941_, 344.971, 446.08, 0.0101548
FILLER_0_160_741, 344.971, 446.08, 0.0101548
_07779_, 357.603, 446.08, 0.0102849
_13298_, 357.603, 446.08, 0.0102849
_13299_, 357.603, 446.08, 0.0102849
_16031_, 357.603, 446.08, 0.0102849
FILLER_0_160_757, 357.603, 446.08, 0.0102849
FILLER_0_161_766, 357.603, 446.08, 0.0102849
_07663_, 370.235, 446.08, 0.0104108
_09939_, 370.235, 446.08, 0.0104108
_10630_, 370.235, 446.08, 0.0104108
_13154_, 370.235, 446.08, 0.0104108
_13155_, 370.235, 446.08, 0.0104108
_14600_, 370.235, 446.08, 0.0104108
FILLER_0_160_797, 370.235, 446.08, 0.0104108
FILLER_0_161_799, 370.235, 446.08, 0.0104108
_16523_, 382.866, 446.08, 0.0105076
hold1109, 382.866, 446.08, 0.0105076
hold1447, 382.866, 446.08, 0.0105076
FILLER_0_161_834, 382.866, 446.08, 0.0105076
_12182_, 395.498, 446.08, 0.0105931
_12183_, 395.498, 446.08, 0.0105931
_15005_, 395.498, 446.08, 0.0105931
hold932, 395.498, 446.08, 0.0105931
FILLER_0_159_841, 395.498, 446.08, 0.0105931
FILLER_0_160_841, 395.498, 446.08, 0.0105931
_09230_, 408.13, 446.08, 0.0106675
_09231_, 408.13, 446.08, 0.0106675
_09924_, 408.13, 446.08, 0.0106675
_15695_, 408.13, 446.08, 0.0106675
hold1125, 408.13, 446.08, 0.0106675
_13141_, 420.761, 446.08, 0.0107149
_14586_, 420.761, 446.08, 0.0107149
_15967_, 420.761, 446.08, 0.0107149
_16516_, 420.761, 446.08, 0.0107149
FILLER_0_160_900, 420.761, 446.08, 0.0107149
_10175_, 433.393, 446.08, 0.010748
_15969_, 433.393, 446.08, 0.010748
hold1291, 433.393, 446.08, 0.010748
FILLER_0_159_930, 433.393, 446.08, 0.010748
_12176_, 446.025, 446.08, 0.0107687
_14589_, 446.025, 446.08, 0.0107687
_15691_, 446.025, 446.08, 0.0107687
hold1336, 446.025, 446.08, 0.0107687
_15002_, 458.656, 446.08, 0.0107781
hold700, 458.656, 446.08, 0.0107781
FILLER_0_160_972, 458.656, 446.08, 0.0107781
FILLER_0_159_1004, 471.288, 446.08, 0.0107786
FILLER_0_160_1025, 471.288, 446.08, 0.0107786
PHY_314, 5.52, 440.64, 0.00893032
PHY_316, 5.52, 440.64, 0.00893032
_07441_, 483.92, 440.64, 0.0104888
PHY_315, 483.92, 440.64, 0.0104888
PHY_317, 483.92, 440.64, 0.0104888
FILLER_0_157_1033, 483.92, 440.64, 0.0104888
FILLER_0_158_1030, 483.92, 440.64, 0.0104888
_13162_, 37.94, 440.64, 0.00901361
_14606_, 37.94, 440.64, 0.00901361
_16527_, 37.94, 440.64, 0.00901361
hold1006, 37.94, 440.64, 0.00901361
FILLER_0_157_57, 37.94, 440.64, 0.00901361
FILLER_0_158_65, 37.94, 440.64, 0.00901361
_10109_, 50.74, 440.64, 0.00908565
_12197_, 50.74, 440.64, 0.00908565
hold1135, 50.74, 440.64, 0.00908565
FILLER_0_158_85, 50.74, 440.64, 0.00908565
FILLER_0_159_104, 50.74, 440.64, 0.00908565
_08447_, 63.54, 440.64, 0.00914735
_12191_, 63.54, 440.64, 0.00914735
_15012_, 63.54, 440.64, 0.00914735
FILLER_0_158_122, 63.54, 440.64, 0.00914735
FILLER_0_158_132, 63.54, 440.64, 0.00914735
_08058_, 76.34, 440.64, 0.00920055
_15698_, 76.34, 440.64, 0.00920055
hold845, 76.34, 440.64, 0.00920055
FILLER_0_157_142, 76.34, 440.64, 0.00920055
FILLER_0_158_165, 76.34, 440.64, 0.00920055
FILLER_0_159_165, 76.34, 440.64, 0.00920055
_08853_, 89.14, 440.64, 0.00924416
_16136_, 89.14, 440.64, 0.00924416
hold1430, 89.14, 440.64, 0.00924416
FILLER_0_158_186, 89.14, 440.64, 0.00924416
_08869_, 101.94, 440.64, 0.00927811
_16141_, 101.94, 440.64, 0.00927811
FILLER_0_159_214, 101.94, 440.64, 0.00927811
_08341_, 114.74, 440.64, 0.00930486
_08394_, 114.74, 440.64, 0.00930486
FILLER_0_157_228, 114.74, 440.64, 0.00930486
FILLER_0_158_245, 114.74, 440.64, 0.00930486
_13195_, 127.54, 440.64, 0.00932963
_16007_, 127.54, 440.64, 0.00932963
hold1357, 127.54, 440.64, 0.00932963
FILLER_0_157_258, 127.54, 440.64, 0.00932963
FILLER_0_158_265, 127.54, 440.64, 0.00932963
FILLER_0_158_275, 127.54, 440.64, 0.00932963
_08010_, 140.34, 440.64, 0.00935024
_08106_, 140.34, 440.64, 0.00935024
_13194_, 140.34, 440.64, 0.00935024
_15992_, 140.34, 440.64, 0.00935024
_08011_, 153.14, 440.64, 0.00936645
_08159_, 153.14, 440.64, 0.00936645
_13198_, 153.14, 440.64, 0.00936645
_15993_, 153.14, 440.64, 0.00936645
_16009_, 153.14, 440.64, 0.00936645
hold753, 153.14, 440.64, 0.00936645
FILLER_0_157_308, 153.14, 440.64, 0.00936645
FILLER_0_158_309, 153.14, 440.64, 0.00936645
_13234_, 165.94, 440.64, 0.00937386
_13244_, 165.94, 440.64, 0.00937386
_16014_, 165.94, 440.64, 0.00937386
hold1095, 165.94, 440.64, 0.00937386
FILLER_0_158_353, 165.94, 440.64, 0.00937386
FILLER_0_159_349, 165.94, 440.64, 0.00937386
_07489_, 191.54, 440.64, 0.00946569
_07665_, 191.54, 440.64, 0.00946569
_10057_, 191.54, 440.64, 0.00946569
hold499, 191.54, 440.64, 0.00946569
FILLER_0_158_401, 191.54, 440.64, 0.00946569
FILLER_0_158_409, 191.54, 440.64, 0.00946569
FILLER_0_159_405, 191.54, 440.64, 0.00946569
_08266_, 204.34, 440.64, 0.00953984
_10758_, 204.34, 440.64, 0.00953984
FILLER_0_158_421, 204.34, 440.64, 0.00953984
_08213_, 217.14, 440.64, 0.00961143
_13286_, 217.14, 440.64, 0.00961143
hold772, 217.14, 440.64, 0.00961143
FILLER_0_158_465, 217.14, 440.64, 0.00961143
FILLER_0_158_473, 217.14, 440.64, 0.00961143
_07891_, 229.94, 440.64, 0.00968235
_08212_, 229.94, 440.64, 0.00968235
_13165_, 229.94, 440.64, 0.00968235
_13166_, 229.94, 440.64, 0.00968235
FILLER_0_158_483, 229.94, 440.64, 0.00968235
FILLER_0_159_501, 229.94, 440.64, 0.00968235
_09247_, 242.74, 440.64, 0.00974993
_09248_, 242.74, 440.64, 0.00974993
_13138_, 242.74, 440.64, 0.00974993
_14583_, 242.74, 440.64, 0.00974993
_15702_, 242.74, 440.64, 0.00974993
hold854, 242.74, 440.64, 0.00974993
FILLER_0_158_529, 242.74, 440.64, 0.00974993
_09221_, 255.54, 440.64, 0.0098063
FILLER_0_157_537, 255.54, 440.64, 0.0098063
FILLER_0_158_557, 255.54, 440.64, 0.0098063
_07500_, 268.34, 440.64, 0.0098616
_07893_, 268.34, 440.64, 0.0098616
_07945_, 268.34, 440.64, 0.0098616
_13190_, 268.34, 440.64, 0.0098616
_15989_, 268.34, 440.64, 0.0098616
ANTENNA_41, 268.34, 440.64, 0.0098616
FILLER_0_159_574, 268.34, 440.64, 0.0098616
_07728_, 281.14, 440.64, 0.00991202
_10294_, 281.14, 440.64, 0.00991202
_15986_, 281.14, 440.64, 0.00991202
hold722, 281.14, 440.64, 0.00991202
FILLER_0_157_587, 281.14, 440.64, 0.00991202
FILLER_0_158_597, 281.14, 440.64, 0.00991202
FILLER_0_159_607, 281.14, 440.64, 0.00991202
_07727_, 293.94, 440.64, 0.00993024
_13218_, 293.94, 440.64, 0.00993024
hold936, 293.94, 440.64, 0.00993024
hold1269, 293.94, 440.64, 0.00993024
FILLER_0_158_638, 293.94, 440.64, 0.00993024
_07667_, 306.74, 440.64, 0.0099474
_13186_, 306.74, 440.64, 0.0099474
_15987_, 306.74, 440.64, 0.0099474
hold1288, 306.74, 440.64, 0.0099474
FILLER_0_157_649, 306.74, 440.64, 0.0099474
FILLER_0_158_645, 306.74, 440.64, 0.0099474
FILLER_0_159_663, 306.74, 440.64, 0.0099474
_07611_, 319.54, 440.64, 0.0099602
FILLER_0_158_674, 319.54, 440.64, 0.0099602
_07499_, 344.971, 440.64, 0.0100746
_10628_, 344.971, 440.64, 0.0100746
FILLER_0_158_751, 344.971, 440.64, 0.0100746
FILLER_0_159_741, 344.971, 440.64, 0.0100746
_07455_, 357.603, 440.64, 0.0101717
_07497_, 357.603, 440.64, 0.0101717
_07502_, 357.603, 440.64, 0.0101717
hold770, 357.603, 440.64, 0.0101717
FILLER_0_159_767, 357.603, 440.64, 0.0101717
_10503_, 370.235, 440.64, 0.0102639
_15974_, 370.235, 440.64, 0.0102639
hold1076, 370.235, 440.64, 0.0102639
FILLER_0_157_781, 370.235, 440.64, 0.0102639
FILLER_0_158_804, 370.235, 440.64, 0.0102639
_09237_, 382.866, 440.64, 0.0103292
_15008_, 382.866, 440.64, 0.0103292
hold761, 382.866, 440.64, 0.0103292
FILLER_0_157_816, 382.866, 440.64, 0.0103292
FILLER_0_159_831, 382.866, 440.64, 0.0103292
_07804_, 395.498, 440.64, 0.0103847
_15694_, 395.498, 440.64, 0.0103847
hold954, 395.498, 440.64, 0.0103847
FILLER_0_157_836, 395.498, 440.64, 0.0103847
FILLER_0_158_841, 395.498, 440.64, 0.0103847
_09922_, 408.13, 440.64, 0.0104289
FILLER_0_159_879, 408.13, 440.64, 0.0104289
_12175_, 420.761, 440.64, 0.0104508
_13140_, 420.761, 440.64, 0.0104508
_14585_, 420.761, 440.64, 0.0104508
hold1163, 420.761, 440.64, 0.0104508
FILLER_0_157_893, 420.761, 440.64, 0.0104508
FILLER_0_158_893, 420.761, 440.64, 0.0104508
FILLER_0_158_916, 420.761, 440.64, 0.0104508
_13144_, 433.393, 440.64, 0.0104666
FILLER_0_158_937, 433.393, 440.64, 0.0104666
FILLER_0_159_938, 433.393, 440.64, 0.0104666
_07632_, 446.025, 440.64, 0.0104811
_09224_, 446.025, 440.64, 0.0104811
hold688, 446.025, 440.64, 0.0104811
FILLER_0_157_949, 446.025, 440.64, 0.0104811
FILLER_0_157_953, 446.025, 440.64, 0.0104811
FILLER_0_158_945, 446.025, 440.64, 0.0104811
FILLER_0_158_968, 446.025, 440.64, 0.0104811
FILLER_0_159_961, 446.025, 440.64, 0.0104811
_09225_, 458.656, 440.64, 0.0104886
_10891_, 458.656, 440.64, 0.0104886
ANTENNA_19, 471.288, 440.64, 0.0104887
FILLER_0_157_999, 471.288, 440.64, 0.0104887
FILLER_0_158_1017, 471.288, 440.64, 0.0104887
PHY_310, 5.52, 435.2, 0.00890987
PHY_312, 5.52, 435.2, 0.00890987
PHY_311, 483.92, 435.2, 0.0116166
PHY_313, 483.92, 435.2, 0.0116166
FILLER_0_155_1033, 483.92, 435.2, 0.0116166
FILLER_0_156_1033, 483.92, 435.2, 0.0116166
_12198_, 37.94, 435.2, 0.0090108
_13163_, 37.94, 435.2, 0.0090108
_13164_, 37.94, 435.2, 0.0090108
_14608_, 37.94, 435.2, 0.0090108
_14609_, 37.94, 435.2, 0.0090108
FILLER_0_157_76, 37.94, 435.2, 0.0090108
_09246_, 50.74, 435.2, 0.00910633
_10963_, 50.74, 435.2, 0.00910633
_15978_, 50.74, 435.2, 0.00910633
hold1210, 50.74, 435.2, 0.00910633
FILLER_0_156_101, 50.74, 435.2, 0.00910633
FILLER_0_157_109, 50.74, 435.2, 0.00910633
_08182_, 63.54, 435.2, 0.00918491
_08234_, 63.54, 435.2, 0.00918491
_09245_, 63.54, 435.2, 0.00918491
hold1204, 63.54, 435.2, 0.00918491
FILLER_0_156_137, 63.54, 435.2, 0.00918491
_08851_, 76.34, 435.2, 0.00925603
_08854_, 76.34, 435.2, 0.00925603
_13528_, 76.34, 435.2, 0.00925603
_14850_, 76.34, 435.2, 0.00925603
hold1202, 76.34, 435.2, 0.00925603
FILLER_0_155_153, 76.34, 435.2, 0.00925603
FILLER_0_156_144, 76.34, 435.2, 0.00925603
FILLER_0_156_158, 76.34, 435.2, 0.00925603
FILLER_0_157_155, 76.34, 435.2, 0.00925603
_07691_, 89.14, 435.2, 0.00931663
_08129_, 89.14, 435.2, 0.00931663
_13527_, 89.14, 435.2, 0.00931663
_13538_, 89.14, 435.2, 0.00931663
hold1434, 89.14, 435.2, 0.00931663
FILLER_0_156_190, 89.14, 435.2, 0.00931663
_08868_, 101.94, 435.2, 0.00936934
_13137_, 101.94, 435.2, 0.00936934
_13537_, 101.94, 435.2, 0.00936934
_14855_, 101.94, 435.2, 0.00936934
hold1510, 101.94, 435.2, 0.00936934
FILLER_0_155_208, 101.94, 435.2, 0.00936934
_08728_, 114.74, 435.2, 0.00941111
_10273_, 114.74, 435.2, 0.00941111
_15927_, 114.74, 435.2, 0.00941111
hold1335, 114.74, 435.2, 0.00941111
_08288_, 127.54, 435.2, 0.00941971
_13052_, 127.54, 435.2, 0.00941971
_13057_, 127.54, 435.2, 0.00941971
_13229_, 127.54, 435.2, 0.00941971
hold1004, 127.54, 435.2, 0.00941971
hold1486, 127.54, 435.2, 0.00941971
_10438_, 140.34, 435.2, 0.00942627
_13197_, 140.34, 435.2, 0.00942627
_13230_, 140.34, 435.2, 0.00942627
_16008_, 140.34, 435.2, 0.00942627
FILLER_0_155_290, 140.34, 435.2, 0.00942627
FILLER_0_156_285, 140.34, 435.2, 0.00942627
_10515_, 153.14, 435.2, 0.00942589
_13196_, 153.14, 435.2, 0.00942589
_13233_, 153.14, 435.2, 0.00942589
clkbuf_leaf_62_clk, 153.14, 435.2, 0.00942589
FILLER_0_156_309, 153.14, 435.2, 0.00942589
_10081_, 165.94, 435.2, 0.00940288
_10082_, 165.94, 435.2, 0.00940288
_10231_, 165.94, 435.2, 0.00940288
_10233_, 165.94, 435.2, 0.00940288
_13209_, 165.94, 435.2, 0.00940288
_13243_, 165.94, 435.2, 0.00940288
FILLER_0_155_345, 165.94, 435.2, 0.00940288
FILLER_0_156_350, 165.94, 435.2, 0.00940288
_08318_, 191.54, 435.2, 0.00945636
_13240_, 191.54, 435.2, 0.00945636
_16012_, 191.54, 435.2, 0.00945636
FILLER_0_156_405, 191.54, 435.2, 0.00945636
FILLER_0_156_412, 191.54, 435.2, 0.00945636
_13241_, 204.34, 435.2, 0.0095378
hold1527, 204.34, 435.2, 0.0095378
FILLER_0_157_437, 204.34, 435.2, 0.0095378
FILLER_0_157_445, 204.34, 435.2, 0.0095378
_08265_, 217.14, 435.2, 0.00961877
_16011_, 217.14, 435.2, 0.00961877
FILLER_0_156_450, 217.14, 435.2, 0.00961877
FILLER_0_157_473, 217.14, 435.2, 0.00961877
_08287_, 229.94, 435.2, 0.00969577
_12200_, 229.94, 435.2, 0.00969577
_16010_, 229.94, 435.2, 0.00969577
hold1456, 229.94, 435.2, 0.00969577
FILLER_0_156_487, 229.94, 435.2, 0.00969577
FILLER_0_156_495, 229.94, 435.2, 0.00969577
FILLER_0_157_498, 229.94, 435.2, 0.00969577
_12172_, 242.74, 435.2, 0.00976207
_12199_, 242.74, 435.2, 0.00976207
_15013_, 242.74, 435.2, 0.00976207
hold1053, 242.74, 435.2, 0.00976207
FILLER_0_156_527, 242.74, 435.2, 0.00976207
_09238_, 255.54, 435.2, 0.00981787
_12173_, 255.54, 435.2, 0.00981787
_13192_, 255.54, 435.2, 0.00981787
_15990_, 255.54, 435.2, 0.00981787
_07492_, 268.34, 435.2, 0.00986808
_07892_, 268.34, 435.2, 0.00986808
_13189_, 268.34, 435.2, 0.00986808
_13191_, 268.34, 435.2, 0.00986808
hold942, 268.34, 435.2, 0.00986808
FILLER_0_155_570, 268.34, 435.2, 0.00986808
FILLER_0_156_572, 268.34, 435.2, 0.00986808
FILLER_0_156_584, 268.34, 435.2, 0.00986808
_10992_, 281.14, 435.2, 0.00991669
_13183_, 281.14, 435.2, 0.00991669
_13219_, 281.14, 435.2, 0.00991669
_13224_, 281.14, 435.2, 0.00991669
_16002_, 281.14, 435.2, 0.00991669
hold1302, 281.14, 435.2, 0.00991669
FILLER_0_156_605, 281.14, 435.2, 0.00991669
_13184_, 293.94, 435.2, 0.00995861
_16003_, 293.94, 435.2, 0.00995861
FILLER_0_156_621, 293.94, 435.2, 0.00995861
_07666_, 306.74, 435.2, 0.0099965
_13185_, 306.74, 435.2, 0.0099965
FILLER_0_156_668, 306.74, 435.2, 0.0099965
FILLER_0_157_666, 306.74, 435.2, 0.0099965
_07610_, 319.54, 435.2, 0.010034
_10879_, 319.54, 435.2, 0.010034
_10880_, 319.54, 435.2, 0.010034
_13214_, 319.54, 435.2, 0.010034
hold831, 319.54, 435.2, 0.010034
FILLER_0_155_681, 319.54, 435.2, 0.010034
FILLER_0_157_685, 319.54, 435.2, 0.010034
_13178_, 344.971, 435.2, 0.010345
_13212_, 344.971, 435.2, 0.010345
_13213_, 344.971, 435.2, 0.010345
_13222_, 344.971, 435.2, 0.010345
clkbuf_leaf_100_clk, 344.971, 435.2, 0.010345
hold1497, 344.971, 435.2, 0.010345
FILLER_0_157_740, 344.971, 435.2, 0.010345
_13306_, 357.603, 435.2, 0.0106029
_13307_, 357.603, 435.2, 0.0106029
_15983_, 357.603, 435.2, 0.0106029
_16035_, 357.603, 435.2, 0.0106029
hold1435, 357.603, 435.2, 0.0106029
_08727_, 370.235, 435.2, 0.0108529
_09928_, 370.235, 435.2, 0.0108529
_12188_, 370.235, 435.2, 0.0108529
_12189_, 370.235, 435.2, 0.0108529
_15697_, 370.235, 435.2, 0.0108529
FILLER_0_155_781, 370.235, 435.2, 0.0108529
FILLER_0_157_793, 370.235, 435.2, 0.0108529
_07968_, 382.866, 435.2, 0.0110486
_09236_, 382.866, 435.2, 0.0110486
FILLER_0_156_834, 382.866, 435.2, 0.0110486
FILLER_0_157_824, 382.866, 435.2, 0.0110486
_09927_, 395.498, 435.2, 0.0112404
_10709_, 395.498, 435.2, 0.0112404
clkbuf_leaf_105_clk, 395.498, 435.2, 0.0112404
FILLER_0_155_841, 395.498, 435.2, 0.0112404
FILLER_0_157_849, 395.498, 435.2, 0.0112404
_07805_, 408.13, 435.2, 0.0113847
_09913_, 408.13, 435.2, 0.0113847
_09923_, 408.13, 435.2, 0.0113847
_10305_, 408.13, 435.2, 0.0113847
FILLER_0_156_869, 408.13, 435.2, 0.0113847
FILLER_0_157_886, 408.13, 435.2, 0.0113847
_07858_, 420.761, 435.2, 0.0114648
_09222_, 420.761, 435.2, 0.0114648
_10653_, 420.761, 435.2, 0.0114648
_12174_, 420.761, 435.2, 0.0114648
hold993, 420.761, 435.2, 0.0114648
FILLER_0_155_893, 420.761, 435.2, 0.0114648
_07692_, 433.393, 435.2, 0.0115361
_09926_, 433.393, 435.2, 0.0115361
_12178_, 433.393, 435.2, 0.0115361
_12179_, 433.393, 435.2, 0.0115361
FILLER_0_155_928, 433.393, 435.2, 0.0115361
FILLER_0_156_925, 433.393, 435.2, 0.0115361
FILLER_0_157_933, 433.393, 435.2, 0.0115361
_10167_, 446.025, 435.2, 0.0115895
FILLER_0_156_971, 446.025, 435.2, 0.0115895
_15003_, 458.656, 435.2, 0.0116166
clkbuf_leaf_110_clk, 458.656, 435.2, 0.0116166
FILLER_0_155_999, 471.288, 435.2, 0.0116166
FILLER_0_156_1025, 471.288, 435.2, 0.0116166
PHY_306, 5.52, 429.76, 0.00887144
PHY_308, 5.52, 429.76, 0.00887144
input31, 5.52, 429.76, 0.00887144
PHY_307, 483.92, 429.76, 0.0119933
PHY_309, 483.92, 429.76, 0.0119933
FILLER_0_153_1033, 483.92, 429.76, 0.0119933
FILLER_0_154_1028, 483.92, 429.76, 0.0119933
FILLER_0_154_21, 15.33, 429.76, 0.00887072
_13539_, 37.94, 429.76, 0.00896236
_13540_, 37.94, 429.76, 0.00896236
_15701_, 37.94, 429.76, 0.00896236
hold1476, 37.94, 429.76, 0.00896236
FILLER_0_153_60, 37.94, 429.76, 0.00896236
FILLER_0_154_77, 37.94, 429.76, 0.00896236
_14856_, 50.74, 429.76, 0.00904384
hold1031, 50.74, 429.76, 0.00904384
FILLER_0_154_97, 50.74, 429.76, 0.00904384
_08235_, 63.54, 429.76, 0.00911747
_14849_, 63.54, 429.76, 0.00911747
FILLER_0_153_125, 63.54, 429.76, 0.00911747
FILLER_0_154_137, 63.54, 429.76, 0.00911747
_07554_, 76.34, 429.76, 0.00918439
_07578_, 76.34, 429.76, 0.00918439
_08850_, 76.34, 429.76, 0.00918439
hold1150, 76.34, 429.76, 0.00918439
FILLER_0_154_163, 76.34, 429.76, 0.00918439
_09147_, 89.14, 429.76, 0.00924399
_14962_, 89.14, 429.76, 0.00924399
FILLER_0_154_187, 89.14, 429.76, 0.00924399
FILLER_0_155_192, 89.14, 429.76, 0.00924399
_14967_, 101.94, 429.76, 0.00929823
_15966_, 101.94, 429.76, 0.00929823
clkbuf_leaf_58_clk, 101.94, 429.76, 0.00929823
hold1370, 101.94, 429.76, 0.00929823
FILLER_0_154_217, 101.94, 429.76, 0.00929823
_13053_, 114.74, 429.76, 0.00931697
_13136_, 114.74, 429.76, 0.00931697
_15929_, 114.74, 429.76, 0.00931697
FILLER_0_154_248, 114.74, 429.76, 0.00931697
_08055_, 127.54, 429.76, 0.00933172
_10439_, 127.54, 429.76, 0.00933172
_10441_, 127.54, 429.76, 0.00933172
_13056_, 127.54, 429.76, 0.00933172
FILLER_0_154_262, 127.54, 429.76, 0.00933172
FILLER_0_154_269, 127.54, 429.76, 0.00933172
FILLER_0_155_268, 127.54, 429.76, 0.00933172
_13066_, 140.34, 429.76, 0.00933839
_13067_, 140.34, 429.76, 0.00933839
_13231_, 140.34, 429.76, 0.00933839
_13232_, 140.34, 429.76, 0.00933839
hold1298, 140.34, 429.76, 0.00933839
FILLER_0_153_281, 140.34, 429.76, 0.00933839
FILLER_0_154_305, 140.34, 429.76, 0.00933839
_10080_, 153.14, 429.76, 0.00934419
_10516_, 153.14, 429.76, 0.00934419
_10517_, 153.14, 429.76, 0.00934419
FILLER_0_153_309, 153.14, 429.76, 0.00934419
FILLER_0_154_309, 153.14, 429.76, 0.00934419
FILLER_0_155_323, 153.14, 429.76, 0.00934419
_10085_, 165.94, 429.76, 0.00934391
_10234_, 165.94, 429.76, 0.00934391
_15998_, 165.94, 429.76, 0.00934391
FILLER_0_154_335, 165.94, 429.76, 0.00934391
FILLER_0_154_359, 165.94, 429.76, 0.00934391
_10327_, 191.54, 429.76, 0.00945736
_13207_, 191.54, 429.76, 0.00945736
_13239_, 191.54, 429.76, 0.00945736
_13242_, 191.54, 429.76, 0.00945736
_16013_, 191.54, 429.76, 0.00945736
hold1075, 191.54, 429.76, 0.00945736
FILLER_0_154_410, 191.54, 429.76, 0.00945736
_13203_, 204.34, 429.76, 0.0095718
_13206_, 204.34, 429.76, 0.0095718
_13238_, 204.34, 429.76, 0.0095718
_15995_, 204.34, 429.76, 0.0095718
_15997_, 204.34, 429.76, 0.0095718
clkbuf_leaf_69_clk, 204.34, 429.76, 0.0095718
hold1531, 204.34, 429.76, 0.0095718
FILLER_0_153_425, 204.34, 429.76, 0.0095718
_13200_, 217.14, 429.76, 0.00965811
_13237_, 217.14, 429.76, 0.00965811
hold822, 217.14, 429.76, 0.00965811
hold1337, 217.14, 429.76, 0.00965811
FILLER_0_154_461, 217.14, 429.76, 0.00965811
_08056_, 229.94, 429.76, 0.00974343
_13201_, 229.94, 429.76, 0.00974343
_13228_, 229.94, 429.76, 0.00974343
_13235_, 229.94, 429.76, 0.00974343
_13236_, 229.94, 429.76, 0.00974343
_15994_, 229.94, 429.76, 0.00974343
hold930, 229.94, 429.76, 0.00974343
FILLER_0_155_491, 229.94, 429.76, 0.00974343
_07556_, 242.74, 429.76, 0.00982316
_10842_, 242.74, 429.76, 0.00982316
_12190_, 242.74, 429.76, 0.00982316
_13193_, 242.74, 429.76, 0.00982316
_13210_, 242.74, 429.76, 0.00982316
FILLER_0_154_504, 242.74, 429.76, 0.00982316
_13176_, 255.54, 429.76, 0.00989282
_13211_, 255.54, 429.76, 0.00989282
_13226_, 255.54, 429.76, 0.00989282
_16006_, 255.54, 429.76, 0.00989282
FILLER_0_153_543, 255.54, 429.76, 0.00989282
FILLER_0_154_539, 255.54, 429.76, 0.00989282
_10389_, 268.34, 429.76, 0.00995847
_10390_, 268.34, 429.76, 0.00995847
_10991_, 268.34, 429.76, 0.00995847
_13225_, 268.34, 429.76, 0.00995847
_16005_, 268.34, 429.76, 0.00995847
hold1387, 268.34, 429.76, 0.00995847
FILLER_0_154_572, 268.34, 429.76, 0.00995847
_10993_, 281.14, 429.76, 0.0100164
_10994_, 281.14, 429.76, 0.0100164
clkbuf_leaf_93_clk, 281.14, 429.76, 0.0100164
FILLER_0_155_609, 281.14, 429.76, 0.0100164
_13079_, 293.94, 429.76, 0.0100417
_13220_, 293.94, 429.76, 0.0100417
_13221_, 293.94, 429.76, 0.0100417
_15939_, 293.94, 429.76, 0.0100417
FILLER_0_153_617, 293.94, 429.76, 0.0100417
FILLER_0_154_621, 293.94, 429.76, 0.0100417
FILLER_0_155_629, 293.94, 429.76, 0.0100417
_13181_, 306.74, 429.76, 0.0100629
_13182_, 306.74, 429.76, 0.0100629
_13216_, 306.74, 429.76, 0.0100629
_13217_, 306.74, 429.76, 0.0100629
_15985_, 306.74, 429.76, 0.0100629
_16001_, 306.74, 429.76, 0.0100629
FILLER_0_153_647, 306.74, 429.76, 0.0100629
FILLER_0_154_641, 306.74, 429.76, 0.0100629
FILLER_0_155_666, 306.74, 429.76, 0.0100629
_10569_, 319.54, 429.76, 0.0100761
_10878_, 319.54, 429.76, 0.0100761
_13215_, 319.54, 429.76, 0.0100761
_16000_, 319.54, 429.76, 0.0100761
hold1121, 319.54, 429.76, 0.0100761
FILLER_0_153_682, 319.54, 429.76, 0.0100761
_13177_, 344.971, 429.76, 0.0103817
_13187_, 344.971, 429.76, 0.0103817
_13223_, 344.971, 429.76, 0.0103817
_15999_, 344.971, 429.76, 0.0103817
_16004_, 344.971, 429.76, 0.0103817
_10629_, 357.603, 429.76, 0.0106742
_10696_, 357.603, 429.76, 0.0106742
FILLER_0_153_758, 357.603, 429.76, 0.0106742
FILLER_0_154_757, 357.603, 429.76, 0.0106742
FILLER_0_154_769, 357.603, 429.76, 0.0106742
_10212_, 370.235, 429.76, 0.0109626
_10307_, 370.235, 429.76, 0.0109626
_10402_, 370.235, 429.76, 0.0109626
_10570_, 370.235, 429.76, 0.0109626
ANTENNA_101, 370.235, 429.76, 0.0109626
FILLER_0_154_793, 370.235, 429.76, 0.0109626
FILLER_0_154_801, 370.235, 429.76, 0.0109626
FILLER_0_155_802, 370.235, 429.76, 0.0109626
_07553_, 382.866, 429.76, 0.0111961
_07915_, 382.866, 429.76, 0.0111961
_07969_, 382.866, 429.76, 0.0111961
_09129_, 382.866, 429.76, 0.0111961
_14959_, 382.866, 429.76, 0.0111961
hold866, 382.866, 429.76, 0.0111961
FILLER_0_155_826, 382.866, 429.76, 0.0111961
FILLER_0_155_834, 382.866, 429.76, 0.0111961
_09130_, 395.498, 429.76, 0.0114199
_09909_, 395.498, 429.76, 0.0114199
_09965_, 395.498, 429.76, 0.0114199
hold1385, 395.498, 429.76, 0.0114199
_09125_, 408.13, 429.76, 0.011601
_09126_, 408.13, 429.76, 0.011601
_09890_, 408.13, 429.76, 0.011601
_14957_, 408.13, 429.76, 0.011601
_15690_, 408.13, 429.76, 0.011601
hold1427, 408.13, 429.76, 0.011601
FILLER_0_153_872, 408.13, 429.76, 0.011601
_07557_, 420.761, 429.76, 0.0117539
_09223_, 420.761, 429.76, 0.0117539
_09911_, 420.761, 429.76, 0.0117539
_10177_, 420.761, 429.76, 0.0117539
_15001_, 420.761, 429.76, 0.0117539
_07558_, 433.393, 429.76, 0.0118749
_07633_, 433.393, 429.76, 0.0118749
_07750_, 433.393, 429.76, 0.0118749
_09894_, 433.393, 429.76, 0.0118749
_10595_, 433.393, 429.76, 0.0118749
_15692_, 433.393, 429.76, 0.0118749
hold1301, 433.393, 429.76, 0.0118749
_07693_, 446.025, 429.76, 0.0119656
_08734_, 446.025, 429.76, 0.0119656
_09898_, 446.025, 429.76, 0.0119656
_09956_, 446.025, 429.76, 0.0119656
FILLER_0_154_953, 446.025, 429.76, 0.0119656
FILLER_0_154_969, 446.025, 429.76, 0.0119656
_09226_, 458.656, 429.76, 0.0119933
_09227_, 458.656, 429.76, 0.0119933
_09943_, 458.656, 429.76, 0.0119933
hold1474, 458.656, 429.76, 0.0119933
FILLER_0_153_1002, 471.288, 429.76, 0.0119933
PHY_302, 5.52, 424.32, 0.00881109
PHY_304, 5.52, 424.32, 0.00881109
PHY_303, 483.92, 424.32, 0.0108301
PHY_305, 483.92, 424.32, 0.0108301
output45, 483.92, 424.32, 0.0108301
ANTENNA_89, 483.92, 424.32, 0.0108301
FILLER_0_151_1033, 483.92, 424.32, 0.0108301
_09149_, 37.94, 424.32, 0.00888515
_09555_, 37.94, 424.32, 0.00888515
_09556_, 37.94, 424.32, 0.00888515
_14968_, 37.94, 424.32, 0.00888515
hold1388, 37.94, 424.32, 0.00888515
FILLER_0_151_60, 37.94, 424.32, 0.00888515
FILLER_0_153_78, 37.94, 424.32, 0.00888515
_08871_, 50.74, 424.32, 0.00894929
_08872_, 50.74, 424.32, 0.00894929
_09148_, 50.74, 424.32, 0.00894929
hold1066, 50.74, 424.32, 0.00894929
FILLER_0_151_95, 50.74, 424.32, 0.00894929
FILLER_0_152_85, 50.74, 424.32, 0.00894929
_08444_, 63.54, 424.32, 0.00900964
_09135_, 63.54, 424.32, 0.00900964
_14961_, 63.54, 424.32, 0.00900964
_09134_, 76.34, 424.32, 0.00906185
_09136_, 76.34, 424.32, 0.00906185
_09137_, 76.34, 424.32, 0.00906185
_09544_, 76.34, 424.32, 0.00906185
hold864, 76.34, 424.32, 0.00906185
FILLER_0_152_150, 76.34, 424.32, 0.00906185
FILLER_0_152_158, 76.34, 424.32, 0.00906185
FILLER_0_153_156, 76.34, 424.32, 0.00906185
FILLER_0_153_165, 76.34, 424.32, 0.00906185
_09543_, 89.14, 424.32, 0.00910869
_09554_, 89.14, 424.32, 0.00910869
_10536_, 89.14, 424.32, 0.00910869
hold1322, 89.14, 424.32, 0.00910869
FILLER_0_152_186, 89.14, 424.32, 0.00910869
FILLER_0_153_193, 89.14, 424.32, 0.00910869
_09146_, 101.94, 424.32, 0.0091494
_10781_, 101.94, 424.32, 0.0091494
_15143_, 101.94, 424.32, 0.0091494
hold858, 101.94, 424.32, 0.0091494
_13126_, 114.74, 424.32, 0.00917853
_13127_, 114.74, 424.32, 0.00917853
hold651, 114.74, 424.32, 0.00917853
hold1498, 114.74, 424.32, 0.00917853
FILLER_0_151_225, 114.74, 424.32, 0.00917853
FILLER_0_152_233, 114.74, 424.32, 0.00917853
FILLER_0_152_248, 114.74, 424.32, 0.00917853
_13091_, 127.54, 424.32, 0.00920679
hold805, 127.54, 424.32, 0.00920679
FILLER_0_152_253, 127.54, 424.32, 0.00920679
FILLER_0_152_278, 127.54, 424.32, 0.00920679
FILLER_0_153_270, 127.54, 424.32, 0.00920679
_15934_, 140.34, 424.32, 0.00923458
_15950_, 140.34, 424.32, 0.00923458
hold524, 140.34, 424.32, 0.00923458
FILLER_0_151_281, 140.34, 424.32, 0.00923458
FILLER_0_152_302, 140.34, 424.32, 0.00923458
_14757_, 153.14, 424.32, 0.00925474
_16579_, 153.14, 424.32, 0.00925474
_16595_, 153.14, 424.32, 0.00925474
FILLER_0_151_308, 153.14, 424.32, 0.00925474
FILLER_0_152_321, 153.14, 424.32, 0.00925474
FILLER_0_153_333, 153.14, 424.32, 0.00925474
_10223_, 165.94, 424.32, 0.00926145
_10224_, 165.94, 424.32, 0.00926145
_14721_, 165.94, 424.32, 0.00926145
hold723, 165.94, 424.32, 0.00926145
FILLER_0_152_354, 165.94, 424.32, 0.00926145
_10065_, 191.54, 424.32, 0.00933394
_10328_, 191.54, 424.32, 0.00933394
_13129_, 191.54, 424.32, 0.00933394
_14747_, 191.54, 424.32, 0.00933394
FILLER_0_152_406, 191.54, 424.32, 0.00933394
FILLER_0_152_417, 191.54, 424.32, 0.00933394
FILLER_0_153_417, 191.54, 424.32, 0.00933394
_13059_, 204.34, 424.32, 0.00940311
_13128_, 204.34, 424.32, 0.00940311
_15930_, 204.34, 424.32, 0.00940311
hold501, 204.34, 424.32, 0.00940311
FILLER_0_151_426, 204.34, 424.32, 0.00940311
FILLER_0_152_441, 204.34, 424.32, 0.00940311
_10807_, 217.14, 424.32, 0.009468
_10808_, 217.14, 424.32, 0.009468
_10809_, 217.14, 424.32, 0.009468
_13202_, 217.14, 424.32, 0.009468
hold652, 217.14, 424.32, 0.009468
FILLER_0_151_457, 217.14, 424.32, 0.009468
FILLER_0_152_459, 217.14, 424.32, 0.009468
FILLER_0_152_470, 217.14, 424.32, 0.009468
_07990_, 229.94, 424.32, 0.00952707
_10943_, 229.94, 424.32, 0.00952707
_10944_, 229.94, 424.32, 0.00952707
FILLER_0_151_485, 229.94, 424.32, 0.00952707
FILLER_0_152_477, 229.94, 424.32, 0.00952707
FILLER_0_153_495, 229.94, 424.32, 0.00952707
_08823_, 242.74, 424.32, 0.0095822
_08849_, 242.74, 424.32, 0.0095822
_09115_, 242.74, 424.32, 0.0095822
_09220_, 242.74, 424.32, 0.0095822
_13174_, 242.74, 424.32, 0.0095822
_13175_, 242.74, 424.32, 0.0095822
FILLER_0_151_505, 242.74, 424.32, 0.0095822
FILLER_0_152_514, 242.74, 424.32, 0.0095822
FILLER_0_153_521, 242.74, 424.32, 0.0095822
_08824_, 255.54, 424.32, 0.00963563
_10391_, 255.54, 424.32, 0.00963563
_13227_, 255.54, 424.32, 0.00963563
FILLER_0_152_545, 255.54, 424.32, 0.00963563
FILLER_0_153_551, 255.54, 424.32, 0.00963563
_10392_, 268.34, 424.32, 0.00968625
_13049_, 268.34, 424.32, 0.00968625
hold1060, 268.34, 424.32, 0.00968625
FILLER_0_152_579, 268.34, 424.32, 0.00968625
_13042_, 281.14, 424.32, 0.0097344
_13076_, 281.14, 424.32, 0.0097344
_13077_, 281.14, 424.32, 0.0097344
_15922_, 281.14, 424.32, 0.0097344
_15938_, 281.14, 424.32, 0.0097344
hold1000, 281.14, 424.32, 0.0097344
FILLER_0_153_604, 281.14, 424.32, 0.0097344
_10403_, 293.94, 424.32, 0.00977447
_13043_, 293.94, 424.32, 0.00977447
_13044_, 293.94, 424.32, 0.00977447
_13078_, 293.94, 424.32, 0.00977447
_15923_, 293.94, 424.32, 0.00977447
hold1238, 293.94, 424.32, 0.00977447
FILLER_0_151_617, 293.94, 424.32, 0.00977447
FILLER_0_153_668, 306.74, 424.32, 0.00980754
_10881_, 319.54, 424.32, 0.00984061
_13179_, 319.54, 424.32, 0.00984061
FILLER_0_151_673, 319.54, 424.32, 0.00984061
FILLER_0_152_693, 319.54, 424.32, 0.00984061
hold646, 344.971, 424.32, 0.0100075
FILLER_0_152_745, 344.971, 424.32, 0.0100075
_10631_, 357.603, 424.32, 0.0101454
_10632_, 357.603, 424.32, 0.0101454
_10633_, 357.603, 424.32, 0.0101454
hold1285, 357.603, 424.32, 0.0101454
FILLER_0_151_753, 357.603, 424.32, 0.0101454
FILLER_0_152_753, 357.603, 424.32, 0.0101454
FILLER_0_152_769, 357.603, 424.32, 0.0101454
FILLER_0_153_766, 357.603, 424.32, 0.0101454
_14847_, 370.235, 424.32, 0.0102751
hold1489, 370.235, 424.32, 0.0102751
FILLER_0_151_781, 370.235, 424.32, 0.0102751
FILLER_0_152_799, 370.235, 424.32, 0.0102751
FILLER_0_153_796, 370.235, 424.32, 0.0102751
_08843_, 382.866, 424.32, 0.0103965
_08844_, 382.866, 424.32, 0.0103965
_13521_, 382.866, 424.32, 0.0103965
FILLER_0_152_822, 382.866, 424.32, 0.0103965
FILLER_0_153_828, 382.866, 424.32, 0.0103965
_13520_, 395.498, 424.32, 0.0105152
_16133_, 395.498, 424.32, 0.0105152
hold849, 395.498, 424.32, 0.0105152
FILLER_0_151_837, 395.498, 424.32, 0.0105152
FILLER_0_152_859, 395.498, 424.32, 0.0105152
_08838_, 408.13, 424.32, 0.0106239
_10179_, 408.13, 424.32, 0.0106239
_16131_, 408.13, 424.32, 0.0106239
hold971, 408.13, 424.32, 0.0106239
_09931_, 420.761, 424.32, 0.0107188
_10655_, 420.761, 424.32, 0.0107188
hold1147, 420.761, 424.32, 0.0107188
FILLER_0_151_897, 420.761, 424.32, 0.0107188
FILLER_0_152_893, 420.761, 424.32, 0.0107188
FILLER_0_152_906, 420.761, 424.32, 0.0107188
_09932_, 433.393, 424.32, 0.0107857
_10593_, 433.393, 424.32, 0.0107857
_10596_, 433.393, 424.32, 0.0107857
FILLER_0_151_925, 433.393, 424.32, 0.0107857
FILLER_0_153_935, 433.393, 424.32, 0.0107857
_08828_, 446.025, 424.32, 0.0108141
_08829_, 446.025, 424.32, 0.0108141
_08831_, 446.025, 424.32, 0.0108141
_08832_, 446.025, 424.32, 0.0108141
_14842_, 446.025, 424.32, 0.0108141
_14843_, 446.025, 424.32, 0.0108141
hold841, 446.025, 424.32, 0.0108141
FILLER_0_152_948, 446.025, 424.32, 0.0108141
_09119_, 458.656, 424.32, 0.0108253
_09120_, 458.656, 424.32, 0.0108253
_14954_, 458.656, 424.32, 0.0108253
hold1181, 458.656, 424.32, 0.0108253
FILLER_0_151_981, 458.656, 424.32, 0.0108253
FILLER_0_152_977, 458.656, 424.32, 0.0108253
hold895, 471.288, 424.32, 0.0108283
FILLER_0_151_1005, 471.288, 424.32, 0.0108283
FILLER_0_152_1022, 471.288, 424.32, 0.0108283
PHY_298, 5.52, 418.88, 0.00879022
PHY_300, 5.52, 418.88, 0.00879022
PHY_299, 483.92, 418.88, 0.0105228
PHY_301, 483.92, 418.88, 0.0105228
FILLER_0_149_1033, 483.92, 418.88, 0.0105228
FILLER_0_150_1030, 483.92, 418.88, 0.0105228
_09546_, 37.94, 418.88, 0.00889861
_14963_, 37.94, 418.88, 0.00889861
clkbuf_leaf_52_clk, 37.94, 418.88, 0.00889861
hold1517, 37.94, 418.88, 0.00889861
FILLER_0_150_61, 37.94, 418.88, 0.00889861
_09139_, 50.74, 418.88, 0.00897633
_10252_, 50.74, 418.88, 0.00897633
_10253_, 50.74, 418.88, 0.00897633
hold843, 50.74, 418.88, 0.00897633
hold1355, 50.74, 418.88, 0.00897633
FILLER_0_150_100, 50.74, 418.88, 0.00897633
_08870_, 63.54, 418.88, 0.00904529
_09542_, 63.54, 418.88, 0.00904529
_10254_, 63.54, 418.88, 0.00904529
_15137_, 63.54, 418.88, 0.00904529
FILLER_0_150_130, 63.54, 418.88, 0.00904529
FILLER_0_150_137, 63.54, 418.88, 0.00904529
_09541_, 76.34, 418.88, 0.00910237
_10472_, 76.34, 418.88, 0.00910237
_15138_, 76.34, 418.88, 0.00910237
hold1158, 76.34, 418.88, 0.00910237
_08126_, 89.14, 418.88, 0.00914737
_09553_, 89.14, 418.88, 0.00914737
_10537_, 89.14, 418.88, 0.00914737
FILLER_0_149_169, 89.14, 418.88, 0.00914737
FILLER_0_150_189, 89.14, 418.88, 0.00914737
FILLER_0_151_189, 89.14, 418.88, 0.00914737
_08391_, 101.94, 418.88, 0.00918619
_08867_, 101.94, 418.88, 0.00918619
_10780_, 101.94, 418.88, 0.00918619
_10783_, 101.94, 418.88, 0.00918619
FILLER_0_149_207, 101.94, 418.88, 0.00918619
FILLER_0_150_197, 101.94, 418.88, 0.00918619
_13092_, 114.74, 418.88, 0.00921287
_15059_, 114.74, 418.88, 0.00921287
_15945_, 114.74, 418.88, 0.00921287
_15961_, 114.74, 418.88, 0.00921287
FILLER_0_149_225, 114.74, 418.88, 0.00921287
FILLER_0_150_247, 114.74, 418.88, 0.00921287
_08147_, 127.54, 418.88, 0.00922839
_10056_, 127.54, 418.88, 0.00922839
FILLER_0_150_253, 127.54, 418.88, 0.00922839
FILLER_0_151_277, 127.54, 418.88, 0.00922839
_08148_, 140.34, 418.88, 0.00923811
_08412_, 140.34, 418.88, 0.00923811
_10221_, 140.34, 418.88, 0.00923811
_13102_, 140.34, 418.88, 0.00923811
hold549, 140.34, 418.88, 0.00923811
FILLER_0_149_281, 140.34, 418.88, 0.00923811
FILLER_0_150_281, 140.34, 418.88, 0.00923811
_14722_, 153.14, 418.88, 0.00924213
_14756_, 153.14, 418.88, 0.00924213
hold1245, 153.14, 418.88, 0.00924213
_08414_, 165.94, 418.88, 0.00924137
_10072_, 165.94, 418.88, 0.00924137
_10226_, 165.94, 418.88, 0.00924137
_10235_, 165.94, 418.88, 0.00924137
FILLER_0_150_351, 165.94, 418.88, 0.00924137
_10330_, 191.54, 418.88, 0.00931109
_15962_, 191.54, 418.88, 0.00931109
hold869, 191.54, 418.88, 0.00931109
FILLER_0_149_401, 191.54, 418.88, 0.00931109
FILLER_0_150_394, 191.54, 418.88, 0.00931109
FILLER_0_151_407, 191.54, 418.88, 0.00931109
_08201_, 204.34, 418.88, 0.00938847
_10935_, 204.34, 418.88, 0.00938847
_13058_, 204.34, 418.88, 0.00938847
FILLER_0_149_419, 204.34, 418.88, 0.00938847
FILLER_0_150_421, 204.34, 418.88, 0.00938847
_07989_, 217.14, 418.88, 0.0094609
_10810_, 217.14, 418.88, 0.0094609
_14714_, 217.14, 418.88, 0.0094609
_16575_, 217.14, 418.88, 0.0094609
hold655, 217.14, 418.88, 0.0094609
FILLER_0_150_459, 217.14, 418.88, 0.0094609
FILLER_0_150_470, 217.14, 418.88, 0.0094609
FILLER_0_151_465, 217.14, 418.88, 0.0094609
_07463_, 229.94, 418.88, 0.00951864
_07555_, 229.94, 418.88, 0.00951864
_10945_, 229.94, 418.88, 0.00951864
_10946_, 229.94, 418.88, 0.00951864
_14706_, 229.94, 418.88, 0.00951864
_14741_, 229.94, 418.88, 0.00951864
_14749_, 229.94, 418.88, 0.00951864
_09116_, 242.74, 418.88, 0.00956777
_09133_, 242.74, 418.88, 0.00956777
_09522_, 242.74, 418.88, 0.00956777
_09523_, 242.74, 418.88, 0.00956777
_09540_, 242.74, 418.88, 0.00956777
_13033_, 242.74, 418.88, 0.00956777
_13506_, 242.74, 418.88, 0.00956777
_13524_, 242.74, 418.88, 0.00956777
FILLER_0_149_505, 242.74, 418.88, 0.00956777
FILLER_0_150_503, 242.74, 418.88, 0.00956777
FILLER_0_150_528, 242.74, 418.88, 0.00956777
_13050_, 255.54, 418.88, 0.00961469
_13119_, 255.54, 418.88, 0.00961469
_13120_, 255.54, 418.88, 0.00961469
_13507_, 255.54, 418.88, 0.00961469
_15926_, 255.54, 418.88, 0.00961469
FILLER_0_149_532, 255.54, 418.88, 0.00961469
FILLER_0_151_556, 255.54, 418.88, 0.00961469
FILLER_0_150_579, 268.34, 418.88, 0.00965688
_13041_, 281.14, 418.88, 0.00969907
hold901, 281.14, 418.88, 0.00969907
FILLER_0_150_589, 281.14, 418.88, 0.00969907
FILLER_0_151_609, 281.14, 418.88, 0.00969907
_14689_, 293.94, 418.88, 0.00974078
_14705_, 293.94, 418.88, 0.00974078
hold840, 293.94, 418.88, 0.00974078
FILLER_0_149_617, 293.94, 418.88, 0.00974078
_16571_, 306.74, 418.88, 0.00978086
_16587_, 306.74, 418.88, 0.00978086
hold510, 306.74, 418.88, 0.00978086
FILLER_0_149_649, 306.74, 418.88, 0.00978086
FILLER_0_151_664, 306.74, 418.88, 0.00978086
_16568_, 319.54, 418.88, 0.00980572
hold1258, 319.54, 418.88, 0.00980572
FILLER_0_149_681, 319.54, 418.88, 0.00980572
FILLER_0_150_677, 319.54, 418.88, 0.00980572
_09947_, 344.971, 418.88, 0.00994805
_09948_, 344.971, 418.88, 0.00994805
_16580_, 344.971, 418.88, 0.00994805
FILLER_0_149_729, 344.971, 418.88, 0.00994805
FILLER_0_150_737, 344.971, 418.88, 0.00994805
_14697_, 357.603, 418.88, 0.0100645
_14725_, 357.603, 418.88, 0.0100645
_14731_, 357.603, 418.88, 0.0100645
_16583_, 357.603, 418.88, 0.0100645
hold1227, 357.603, 418.88, 0.0100645
FILLER_0_150_757, 357.603, 418.88, 0.0100645
_10188_, 370.235, 418.88, 0.010168
_10710_, 370.235, 418.88, 0.010168
_15135_, 370.235, 418.88, 0.010168
_16567_, 370.235, 418.88, 0.010168
_07912_, 382.866, 418.88, 0.010254
_09536_, 382.866, 418.88, 0.010254
_09537_, 382.866, 418.88, 0.010254
_10712_, 382.866, 418.88, 0.010254
_11032_, 382.866, 418.88, 0.010254
hold1146, 382.866, 418.88, 0.010254
FILLER_0_149_813, 382.866, 418.88, 0.010254
FILLER_0_151_829, 382.866, 418.88, 0.010254
_08837_, 395.498, 418.88, 0.0103239
_09533_, 395.498, 418.88, 0.0103239
_11027_, 395.498, 418.88, 0.0103239
FILLER_0_150_855, 395.498, 418.88, 0.0103239
_14845_, 408.13, 418.88, 0.0103894
_15129_, 408.13, 418.88, 0.0103894
hold1539, 408.13, 418.88, 0.0103894
_09117_, 420.761, 418.88, 0.0104402
_09118_, 420.761, 418.88, 0.0104402
_09524_, 420.761, 418.88, 0.0104402
_09525_, 420.761, 418.88, 0.0104402
_14953_, 420.761, 418.88, 0.0104402
hold934, 420.761, 418.88, 0.0104402
FILLER_0_149_893, 420.761, 418.88, 0.0104402
_08825_, 433.393, 418.88, 0.0104806
_14841_, 433.393, 418.88, 0.0104806
hold1034, 433.393, 418.88, 0.0104806
FILLER_0_150_941, 433.393, 418.88, 0.0104806
_09121_, 446.025, 418.88, 0.0105122
_10592_, 446.025, 418.88, 0.0105122
clkbuf_leaf_111_clk, 446.025, 418.88, 0.0105122
FILLER_0_149_947, 446.025, 418.88, 0.0105122
FILLER_0_150_955, 446.025, 418.88, 0.0105122
FILLER_0_150_971, 446.025, 418.88, 0.0105122
_14955_, 458.656, 418.88, 0.0105218
hold1235, 458.656, 418.88, 0.0105218
hold1300, 458.656, 418.88, 0.0105218
FILLER_0_150_989, 458.656, 418.88, 0.0105218
_09527_, 471.288, 418.88, 0.0105228
PHY_294, 5.52, 413.44, 0.00871737
PHY_296, 5.52, 413.44, 0.00871737
PHY_295, 483.92, 413.44, 0.0104195
PHY_297, 483.92, 413.44, 0.0104195
FILLER_0_147_1033, 483.92, 413.44, 0.0104195
_09138_, 37.94, 413.44, 0.00880079
_09545_, 37.94, 413.44, 0.00880079
_13529_, 37.94, 413.44, 0.00880079
hold1384, 37.94, 413.44, 0.00880079
FILLER_0_148_71, 37.94, 413.44, 0.00880079
_08179_, 50.74, 413.44, 0.00887833
_08856_, 50.74, 413.44, 0.00887833
_08857_, 50.74, 413.44, 0.00887833
_10111_, 50.74, 413.44, 0.00887833
_14851_, 50.74, 413.44, 0.00887833
FILLER_0_148_101, 50.74, 413.44, 0.00887833
_10112_, 63.54, 413.44, 0.00894344
_10113_, 63.54, 413.44, 0.00894344
_10255_, 63.54, 413.44, 0.00894344
FILLER_0_147_126, 63.54, 413.44, 0.00894344
FILLER_0_148_129, 63.54, 413.44, 0.00894344
FILLER_0_148_137, 63.54, 413.44, 0.00894344
FILLER_0_149_134, 63.54, 413.44, 0.00894344
_08053_, 76.34, 413.44, 0.00899658
_10473_, 76.34, 413.44, 0.00899658
hold1174, 76.34, 413.44, 0.00899658
FILLER_0_149_164, 76.34, 413.44, 0.00899658
_08852_, 89.14, 413.44, 0.00904184
_10538_, 89.14, 413.44, 0.00904184
_10539_, 89.14, 413.44, 0.00904184
FILLER_0_148_170, 89.14, 413.44, 0.00904184
FILLER_0_148_189, 89.14, 413.44, 0.00904184
_08736_, 101.94, 413.44, 0.0090782
_10782_, 101.94, 413.44, 0.0090782
hold1392, 101.94, 413.44, 0.0090782
FILLER_0_149_221, 101.94, 413.44, 0.0090782
_09352_, 114.74, 413.44, 0.00910491
_09353_, 114.74, 413.44, 0.00910491
_13122_, 114.74, 413.44, 0.00910491
hold633, 114.74, 413.44, 0.00910491
FILLER_0_147_225, 114.74, 413.44, 0.00910491
FILLER_0_148_229, 114.74, 413.44, 0.00910491
FILLER_0_148_246, 114.74, 413.44, 0.00910491
_09362_, 127.54, 413.44, 0.00913085
_09363_, 127.54, 413.44, 0.00913085
_13088_, 127.54, 413.44, 0.00913085
_15064_, 127.54, 413.44, 0.00913085
hold1189, 127.54, 413.44, 0.00913085
FILLER_0_147_255, 127.54, 413.44, 0.00913085
FILLER_0_148_256, 127.54, 413.44, 0.00913085
FILLER_0_149_276, 127.54, 413.44, 0.00913085
_13101_, 140.34, 413.44, 0.00915237
FILLER_0_148_283, 140.34, 413.44, 0.00915237
FILLER_0_148_297, 140.34, 413.44, 0.00915237
FILLER_0_148_305, 140.34, 413.44, 0.00915237
_08162_, 153.14, 413.44, 0.00917372
_08413_, 153.14, 413.44, 0.00917372
_10225_, 153.14, 413.44, 0.00917372
clkbuf_leaf_61_clk, 153.14, 413.44, 0.00917372
FILLER_0_147_317, 153.14, 413.44, 0.00917372
FILLER_0_148_309, 153.14, 413.44, 0.00917372
FILLER_0_149_322, 153.14, 413.44, 0.00917372
_08417_, 165.94, 413.44, 0.00916981
_10086_, 165.94, 413.44, 0.00916981
FILLER_0_148_356, 165.94, 413.44, 0.00916981
_09354_, 191.54, 413.44, 0.0092451
_15060_, 191.54, 413.44, 0.0092451
hold604, 191.54, 413.44, 0.0092451
ANTENNA_50, 191.54, 413.44, 0.0092451
FILLER_0_147_393, 191.54, 413.44, 0.0092451
FILLER_0_148_395, 191.54, 413.44, 0.0092451
FILLER_0_148_416, 191.54, 413.44, 0.0092451
_08200_, 204.34, 413.44, 0.00932751
_08205_, 204.34, 413.44, 0.00932751
FILLER_0_147_425, 204.34, 413.44, 0.00932751
FILLER_0_148_442, 204.34, 413.44, 0.00932751
FILLER_0_149_443, 204.34, 413.44, 0.00932751
_08202_, 217.14, 413.44, 0.00940886
_14713_, 217.14, 413.44, 0.00940886
_14748_, 217.14, 413.44, 0.00940886
_16591_, 217.14, 413.44, 0.00940886
hold1086, 217.14, 413.44, 0.00940886
_10071_, 229.94, 413.44, 0.0094771
_13086_, 229.94, 413.44, 0.0094771
_13121_, 229.94, 413.44, 0.0094771
_14723_, 229.94, 413.44, 0.0094771
FILLER_0_148_477, 229.94, 413.44, 0.0094771
FILLER_0_148_486, 229.94, 413.44, 0.0094771
FILLER_0_149_499, 229.94, 413.44, 0.0094771
_08820_, 242.74, 413.44, 0.00953742
_13034_, 242.74, 413.44, 0.00953742
_13068_, 242.74, 413.44, 0.00953742
_13069_, 242.74, 413.44, 0.00953742
_13103_, 242.74, 413.44, 0.00953742
_13104_, 242.74, 413.44, 0.00953742
_14688_, 242.74, 413.44, 0.00953742
FILLER_0_148_527, 242.74, 413.44, 0.00953742
FILLER_0_149_524, 242.74, 413.44, 0.00953742
_10380_, 255.54, 413.44, 0.00959333
_13084_, 255.54, 413.44, 0.00959333
_15958_, 255.54, 413.44, 0.00959333
hold491, 255.54, 413.44, 0.00959333
hold611, 255.54, 413.44, 0.00959333
FILLER_0_148_557, 255.54, 413.44, 0.00959333
FILLER_0_149_555, 255.54, 413.44, 0.00959333
_07464_, 268.34, 413.44, 0.00964103
_10385_, 268.34, 413.44, 0.00964103
_14775_, 268.34, 413.44, 0.00964103
_16603_, 268.34, 413.44, 0.00964103
hold1122, 268.34, 413.44, 0.00964103
FILLER_0_147_571, 268.34, 413.44, 0.00964103
FILLER_0_148_567, 268.34, 413.44, 0.00964103
FILLER_0_149_576, 268.34, 413.44, 0.00964103
_07715_, 281.14, 413.44, 0.00967995
_13111_, 281.14, 413.44, 0.00967995
_13112_, 281.14, 413.44, 0.00967995
_15954_, 281.14, 413.44, 0.00967995
_07716_, 293.94, 413.44, 0.00971434
_10383_, 293.94, 413.44, 0.00971434
_11680_, 293.94, 413.44, 0.00971434
_14704_, 293.94, 413.44, 0.00971434
_14724_, 293.94, 413.44, 0.00971434
hold766, 293.94, 413.44, 0.00971434
FILLER_0_149_636, 293.94, 413.44, 0.00971434
_07935_, 306.74, 413.44, 0.00973887
_10193_, 306.74, 413.44, 0.00973887
_10382_, 306.74, 413.44, 0.00973887
_14739_, 306.74, 413.44, 0.00973887
_14740_, 306.74, 413.44, 0.00973887
_10571_, 319.54, 413.44, 0.00975006
_14698_, 319.54, 413.44, 0.00975006
_14699_, 319.54, 413.44, 0.00975006
_14769_, 319.54, 413.44, 0.00975006
_16600_, 319.54, 413.44, 0.00975006
hold668, 319.54, 413.44, 0.00975006
FILLER_0_147_669, 319.54, 413.44, 0.00975006
FILLER_0_147_678, 319.54, 413.44, 0.00975006
_07717_, 344.971, 413.44, 0.00987551
_10699_, 344.971, 413.44, 0.00987551
_14690_, 344.971, 413.44, 0.00987551
_14726_, 344.971, 413.44, 0.00987551
_16564_, 344.971, 413.44, 0.00987551
_09949_, 357.603, 413.44, 0.00998494
_10635_, 357.603, 413.44, 0.00998494
_14696_, 357.603, 413.44, 0.00998494
_14732_, 357.603, 413.44, 0.00998494
hold902, 357.603, 413.44, 0.00998494
FILLER_0_147_762, 357.603, 413.44, 0.00998494
FILLER_0_149_772, 357.603, 413.44, 0.00998494
_08842_, 370.235, 413.44, 0.0100831
_10714_, 370.235, 413.44, 0.0100831
_10715_, 370.235, 413.44, 0.0100831
FILLER_0_147_781, 370.235, 413.44, 0.0100831
FILLER_0_149_794, 370.235, 413.44, 0.0100831
_10713_, 382.866, 413.44, 0.0101731
_11028_, 382.866, 413.44, 0.0101731
_11029_, 382.866, 413.44, 0.0101731
_11030_, 382.866, 413.44, 0.0101731
FILLER_0_147_818, 382.866, 413.44, 0.0101731
FILLER_0_148_808, 382.866, 413.44, 0.0101731
FILLER_0_148_821, 382.866, 413.44, 0.0101731
FILLER_0_148_832, 382.866, 413.44, 0.0101731
_07802_, 395.498, 413.44, 0.0102539
_08836_, 395.498, 413.44, 0.0102539
_15133_, 395.498, 413.44, 0.0102539
clkbuf_leaf_104_clk, 395.498, 413.44, 0.0102539
FILLER_0_147_837, 395.498, 413.44, 0.0102539
FILLER_0_148_843, 395.498, 413.44, 0.0102539
FILLER_0_149_849, 395.498, 413.44, 0.0102539
_13516_, 408.13, 413.44, 0.0102996
_13517_, 408.13, 413.44, 0.0102996
FILLER_0_147_868, 408.13, 413.44, 0.0102996
FILLER_0_148_886, 408.13, 413.44, 0.0102996
FILLER_0_149_885, 408.13, 413.44, 0.0102996
_08826_, 420.761, 413.44, 0.010343
_10652_, 420.761, 413.44, 0.010343
_10654_, 420.761, 413.44, 0.010343
_10656_, 420.761, 413.44, 0.010343
FILLER_0_147_897, 420.761, 413.44, 0.010343
FILLER_0_149_906, 420.761, 413.44, 0.010343
FILLER_0_149_913, 420.761, 413.44, 0.010343
_10594_, 433.393, 413.44, 0.0103691
FILLER_0_148_925, 433.393, 413.44, 0.0103691
_07689_, 446.025, 413.44, 0.0103928
_08827_, 446.025, 413.44, 0.0103928
_13512_, 446.025, 413.44, 0.0103928
_13513_, 446.025, 413.44, 0.0103928
FILLER_0_148_965, 446.025, 413.44, 0.0103928
_09122_, 458.656, 413.44, 0.0104096
_09526_, 458.656, 413.44, 0.0104096
_10890_, 458.656, 413.44, 0.0104096
FILLER_0_148_976, 458.656, 413.44, 0.0104096
FILLER_0_149_989, 458.656, 413.44, 0.0104096
_13511_, 471.288, 413.44, 0.0104195
_16128_, 471.288, 413.44, 0.0104195
hold783, 471.288, 413.44, 0.0104195
FILLER_0_147_1004, 471.288, 413.44, 0.0104195
FILLER_0_148_1026, 471.288, 413.44, 0.0104195
PHY_290, 5.52, 408, 0.0086691
PHY_292, 5.52, 408, 0.0086691
input20, 5.52, 408, 0.0086691
PHY_291, 483.92, 408, 0.0107509
PHY_293, 483.92, 408, 0.0107509
input5, 483.92, 408, 0.0107509
FILLER_0_146_19, 15.33, 408, 0.00866859
_09547_, 37.94, 408, 0.00876696
hold1473, 37.94, 408, 0.00876696
hold1522, 37.94, 408, 0.00876696
FILLER_0_146_77, 37.94, 408, 0.00876696
FILLER_0_147_74, 37.94, 408, 0.00876696
FILLER_0_147_82, 37.94, 408, 0.00876696
_10110_, 50.74, 408, 0.00885973
FILLER_0_146_109, 50.74, 408, 0.00885973
FILLER_0_147_99, 50.74, 408, 0.00885973
_08855_, 63.54, 408, 0.00894996
_10965_, 63.54, 408, 0.00894996
_13526_, 63.54, 408, 0.00894996
_16135_, 63.54, 408, 0.00894996
FILLER_0_145_113, 63.54, 408, 0.00894996
FILLER_0_146_129, 63.54, 408, 0.00894996
_07548_, 76.34, 408, 0.00902882
_10471_, 76.34, 408, 0.00902882
_10474_, 76.34, 408, 0.00902882
_13525_, 76.34, 408, 0.00902882
FILLER_0_145_150, 76.34, 408, 0.00902882
FILLER_0_146_151, 76.34, 408, 0.00902882
_09144_, 89.14, 408, 0.00909719
_09551_, 89.14, 408, 0.00909719
_09552_, 89.14, 408, 0.00909719
_13535_, 89.14, 408, 0.00909719
_13536_, 89.14, 408, 0.00909719
_15142_, 89.14, 408, 0.00909719
hold985, 89.14, 408, 0.00909719
hold1190, 89.14, 408, 0.00909719
_08563_, 101.94, 408, 0.00915017
_10274_, 101.94, 408, 0.00915017
_13123_, 101.94, 408, 0.00915017
_15959_, 101.94, 408, 0.00915017
_16140_, 101.94, 408, 0.00915017
FILLER_0_147_217, 101.94, 408, 0.00915017
_08529_, 114.74, 408, 0.00918341
clkbuf_leaf_59_clk, 114.74, 408, 0.00918341
hold1113, 114.74, 408, 0.00918341
_07991_, 127.54, 408, 0.00918322
_10442_, 127.54, 408, 0.00918322
_13087_, 127.54, 408, 0.00918322
hold667, 127.54, 408, 0.00918322
ANTENNA_46, 127.54, 408, 0.00918322
FILLER_0_146_270, 127.54, 408, 0.00918322
FILLER_0_147_269, 127.54, 408, 0.00918322
FILLER_0_147_277, 127.54, 408, 0.00918322
_08015_, 140.34, 408, 0.00917424
_10434_, 140.34, 408, 0.00917424
FILLER_0_145_281, 140.34, 408, 0.00917424
_08416_, 153.14, 408, 0.00916083
_08427_, 153.14, 408, 0.00916083
_16604_, 153.14, 408, 0.00916083
hold813, 153.14, 408, 0.00916083
hold1320, 153.14, 408, 0.00916083
FILLER_0_146_309, 153.14, 408, 0.00916083
_08415_, 165.94, 408, 0.00914143
_10222_, 165.94, 408, 0.00914143
_16483_, 165.94, 408, 0.00914143
FILLER_0_146_361, 165.94, 408, 0.00914143
_08545_, 191.54, 408, 0.00920841
_09355_, 191.54, 408, 0.00920841
_13094_, 191.54, 408, 0.00920841
_13100_, 191.54, 408, 0.00920841
_15946_, 191.54, 408, 0.00920841
hold740, 191.54, 408, 0.00920841
hold1065, 191.54, 408, 0.00920841
FILLER_0_145_404, 191.54, 408, 0.00920841
FILLER_0_146_393, 191.54, 408, 0.00920841
_08215_, 204.34, 408, 0.00928287
_10759_, 204.34, 408, 0.00928287
_10760_, 204.34, 408, 0.00928287
_10761_, 204.34, 408, 0.00928287
FILLER_0_145_429, 204.34, 408, 0.00928287
FILLER_0_146_421, 204.34, 408, 0.00928287
FILLER_0_147_444, 204.34, 408, 0.00928287
_10100_, 217.14, 408, 0.00935035
_10937_, 217.14, 408, 0.00935035
_10938_, 217.14, 408, 0.00935035
FILLER_0_146_451, 217.14, 408, 0.00935035
FILLER_0_146_459, 217.14, 408, 0.00935035
FILLER_0_146_473, 217.14, 408, 0.00935035
_13051_, 229.94, 408, 0.00940542
_13130_, 229.94, 408, 0.00940542
FILLER_0_146_501, 229.94, 408, 0.00940542
FILLER_0_147_488, 229.94, 408, 0.00940542
_09143_, 242.74, 408, 0.00946015
_13085_, 242.74, 408, 0.00946015
_14758_, 242.74, 408, 0.00946015
_14759_, 242.74, 408, 0.00946015
_14965_, 242.74, 408, 0.00946015
FILLER_0_147_524, 242.74, 408, 0.00946015
_07933_, 255.54, 408, 0.00950911
_15942_, 255.54, 408, 0.00950911
_07934_, 268.34, 408, 0.00955381
_10381_, 268.34, 408, 0.00955381
_10384_, 268.34, 408, 0.00955381
_14774_, 268.34, 408, 0.00955381
_07936_, 281.14, 408, 0.00959335
_07938_, 281.14, 408, 0.00959335
_10187_, 281.14, 408, 0.00959335
FILLER_0_146_589, 281.14, 408, 0.00959335
_07768_, 293.94, 408, 0.00962768
_13113_, 293.94, 408, 0.00962768
_13114_, 293.94, 408, 0.00962768
_15955_, 293.94, 408, 0.00962768
FILLER_0_145_617, 293.94, 408, 0.00962768
FILLER_0_146_638, 293.94, 408, 0.00962768
_10192_, 306.74, 408, 0.00965747
hold570, 306.74, 408, 0.00965747
ANTENNA_109, 306.74, 408, 0.00965747
FILLER_0_146_653, 306.74, 408, 0.00965747
FILLER_0_147_661, 306.74, 408, 0.00965747
_07774_, 319.54, 408, 0.00968361
_10572_, 319.54, 408, 0.00968361
_14768_, 319.54, 408, 0.00968361
FILLER_0_145_669, 319.54, 408, 0.00968361
FILLER_0_146_696, 319.54, 408, 0.00968361
FILLER_0_147_695, 319.54, 408, 0.00968361
_07472_, 344.971, 408, 0.00989461
_10694_, 344.971, 408, 0.00989461
_10700_, 344.971, 408, 0.00989461
_14691_, 344.971, 408, 0.00989461
FILLER_0_146_736, 344.971, 408, 0.00989461
FILLER_0_146_748, 344.971, 408, 0.00989461
FILLER_0_147_741, 344.971, 408, 0.00989461
FILLER_0_147_749, 344.971, 408, 0.00989461
_10190_, 357.603, 408, 0.0100721
_10191_, 357.603, 408, 0.0100721
_13259_, 357.603, 408, 0.0100721
_14761_, 357.603, 408, 0.0100721
FILLER_0_145_761, 357.603, 408, 0.0100721
FILLER_0_146_769, 357.603, 408, 0.0100721
FILLER_0_147_770, 357.603, 408, 0.0100721
_11674_, 370.235, 408, 0.0102387
hold1173, 370.235, 408, 0.0102387
FILLER_0_147_797, 370.235, 408, 0.0102387
_08846_, 382.866, 408, 0.0103999
_09964_, 382.866, 408, 0.0103999
_11031_, 382.866, 408, 0.0103999
clkbuf_4_15_0_clk, 382.866, 408, 0.0103999
hold988, 382.866, 408, 0.0103999
FILLER_0_146_808, 382.866, 408, 0.0103999
FILLER_0_146_813, 382.866, 408, 0.0103999
FILLER_0_147_829, 382.866, 408, 0.0103999
_09132_, 395.498, 408, 0.0104965
_09532_, 395.498, 408, 0.0104965
_10711_, 395.498, 408, 0.0104965
_13523_, 395.498, 408, 0.0104965
hold1548, 395.498, 408, 0.0104965
FILLER_0_146_842, 395.498, 408, 0.0104965
_09535_, 408.13, 408, 0.0105847
_10043_, 408.13, 408, 0.0105847
_10379_, 408.13, 408, 0.0105847
_14417_, 408.13, 408, 0.0105847
hold1311, 408.13, 408, 0.0105847
FILLER_0_146_881, 408.13, 408, 0.0105847
FILLER_0_147_876, 408.13, 408, 0.0105847
_07550_, 420.761, 408, 0.0106413
_08815_, 420.761, 408, 0.0106413
_11660_, 420.761, 408, 0.0106413
_13508_, 420.761, 408, 0.0106413
_13518_, 420.761, 408, 0.0106413
hold1052, 420.761, 408, 0.0106413
hold1283, 420.761, 408, 0.0106413
FILLER_0_145_891, 420.761, 408, 0.0106413
FILLER_0_147_909, 420.761, 408, 0.0106413
FILLER_0_146_937, 433.393, 408, 0.0106808
FILLER_0_147_934, 433.393, 408, 0.0106808
_07630_, 446.025, 408, 0.0107203
_16129_, 446.025, 408, 0.0107203
hold758, 446.025, 408, 0.0107203
hold1126, 446.025, 408, 0.0107203
FILLER_0_145_947, 446.025, 408, 0.0107203
FILLER_0_146_971, 446.025, 408, 0.0107203
FILLER_0_147_962, 446.025, 408, 0.0107203
_10892_, 458.656, 408, 0.0107455
_13510_, 458.656, 408, 0.0107455
_15130_, 458.656, 408, 0.0107455
hold711, 458.656, 408, 0.0107455
FILLER_0_145_973, 458.656, 408, 0.0107455
FILLER_0_145_981, 458.656, 408, 0.0107455
FILLER_0_146_990, 458.656, 408, 0.0107455
FILLER_0_147_987, 458.656, 408, 0.0107455
hold1350, 471.288, 408, 0.0107494
FILLER_0_145_1001, 471.288, 408, 0.0107494
FILLER_0_146_1026, 471.288, 408, 0.0107494
PHY_286, 5.52, 402.56, 0.00861549
PHY_288, 5.52, 402.56, 0.00861549
PHY_287, 483.92, 402.56, 0.0104711
PHY_289, 483.92, 402.56, 0.0104711
FILLER_0_143_1033, 483.92, 402.56, 0.0104711
FILLER_0_144_1033, 483.92, 402.56, 0.0104711
FILLER_0_144_29, 15.33, 402.56, 0.00861549
_09141_, 37.94, 402.56, 0.00871371
_13531_, 37.94, 402.56, 0.00871371
_13532_, 37.94, 402.56, 0.00871371
_14964_, 37.94, 402.56, 0.00871371
hold1407, 37.94, 402.56, 0.00871371
FILLER_0_145_78, 37.94, 402.56, 0.00871371
_08232_, 50.74, 402.56, 0.00880311
_08859_, 50.74, 402.56, 0.00880311
_08860_, 50.74, 402.56, 0.00880311
_14852_, 50.74, 402.56, 0.00880311
hold704, 50.74, 402.56, 0.00880311
FILLER_0_143_85, 50.74, 402.56, 0.00880311
FILLER_0_144_85, 50.74, 402.56, 0.00880311
FILLER_0_144_107, 50.74, 402.56, 0.00880311
_08858_, 63.54, 402.56, 0.00888025
clkbuf_leaf_49_clk, 63.54, 402.56, 0.00888025
FILLER_0_144_133, 63.54, 402.56, 0.00888025
_08848_, 76.34, 402.56, 0.00893525
_09145_, 76.34, 402.56, 0.00893525
_10967_, 76.34, 402.56, 0.00893525
_14854_, 76.34, 402.56, 0.00893525
FILLER_0_144_153, 76.34, 402.56, 0.00893525
FILLER_0_145_158, 76.34, 402.56, 0.00893525
_08865_, 89.14, 402.56, 0.00897752
_14966_, 89.14, 402.56, 0.00897752
hold894, 89.14, 402.56, 0.00897752
FILLER_0_144_191, 89.14, 402.56, 0.00897752
_08338_, 101.94, 402.56, 0.00901192
_10277_, 101.94, 402.56, 0.00901192
_15057_, 101.94, 402.56, 0.00901192
FILLER_0_144_218, 101.94, 402.56, 0.00901192
FILLER_0_145_218, 101.94, 402.56, 0.00901192
_08864_, 114.74, 402.56, 0.00903509
_09348_, 114.74, 402.56, 0.00903509
_09349_, 114.74, 402.56, 0.00903509
_15943_, 114.74, 402.56, 0.00903509
FILLER_0_143_232, 114.74, 402.56, 0.00903509
FILLER_0_144_247, 114.74, 402.56, 0.00903509
_07992_, 127.54, 402.56, 0.00905238
_10436_, 127.54, 402.56, 0.00905238
_16572_, 127.54, 402.56, 0.00905238
hold623, 127.54, 402.56, 0.00905238
FILLER_0_143_260, 127.54, 402.56, 0.00905238
_07995_, 140.34, 402.56, 0.0090592
_07999_, 140.34, 402.56, 0.0090592
_10435_, 140.34, 402.56, 0.0090592
_14510_, 140.34, 402.56, 0.0090592
_14708_, 140.34, 402.56, 0.0090592
FILLER_0_145_294, 140.34, 402.56, 0.0090592
_07998_, 153.14, 402.56, 0.00905967
_14524_, 153.14, 402.56, 0.00905967
_14777_, 153.14, 402.56, 0.00905967
_16476_, 153.14, 402.56, 0.00905967
hold1314, 153.14, 402.56, 0.00905967
FILLER_0_145_323, 153.14, 402.56, 0.00905967
_14525_, 165.94, 402.56, 0.00905545
_14791_, 165.94, 402.56, 0.00905545
_14792_, 165.94, 402.56, 0.00905545
_16611_, 165.94, 402.56, 0.00905545
hold921, 165.94, 402.56, 0.00905545
FILLER_0_145_356, 165.94, 402.56, 0.00905545
_07988_, 191.54, 402.56, 0.00913233
_13093_, 191.54, 402.56, 0.00913233
_13099_, 191.54, 402.56, 0.00913233
_15949_, 191.54, 402.56, 0.00913233
FILLER_0_143_393, 191.54, 402.56, 0.00913233
FILLER_0_144_417, 191.54, 402.56, 0.00913233
_07993_, 204.34, 402.56, 0.00921294
_08203_, 204.34, 402.56, 0.00921294
_08204_, 204.34, 402.56, 0.00921294
_14516_, 204.34, 402.56, 0.00921294
FILLER_0_143_429, 204.34, 402.56, 0.00921294
FILLER_0_144_421, 204.34, 402.56, 0.00921294
FILLER_0_145_437, 204.34, 402.56, 0.00921294
_13131_, 217.14, 402.56, 0.00929203
_16479_, 217.14, 402.56, 0.00929203
hold862, 217.14, 402.56, 0.00929203
FILLER_0_144_462, 217.14, 402.56, 0.00929203
FILLER_0_144_470, 217.14, 402.56, 0.00929203
FILLER_0_145_473, 217.14, 402.56, 0.00929203
_14509_, 229.94, 402.56, 0.009367
_14776_, 229.94, 402.56, 0.009367
_15931_, 229.94, 402.56, 0.009367
_15963_, 229.94, 402.56, 0.009367
hold1003, 229.94, 402.56, 0.009367
FILLER_0_144_493, 229.94, 402.56, 0.009367
_08862_, 242.74, 402.56, 0.00943402
_09142_, 242.74, 402.56, 0.00943402
_14491_, 242.74, 402.56, 0.00943402
_14853_, 242.74, 402.56, 0.00943402
hold1488, 242.74, 402.56, 0.00943402
hold1495, 242.74, 402.56, 0.00943402
FILLER_0_144_503, 242.74, 402.56, 0.00943402
FILLER_0_144_528, 242.74, 402.56, 0.00943402
_07522_, 255.54, 402.56, 0.00948952
_14492_, 255.54, 402.56, 0.00948952
_15056_, 255.54, 402.56, 0.00948952
hold625, 255.54, 402.56, 0.00948952
FILLER_0_143_531, 255.54, 402.56, 0.00948952
FILLER_0_144_547, 255.54, 402.56, 0.00948952
FILLER_0_145_555, 255.54, 402.56, 0.00948952
_07948_, 268.34, 402.56, 0.0095395
_10393_, 268.34, 402.56, 0.0095395
_14508_, 268.34, 402.56, 0.0095395
_16475_, 268.34, 402.56, 0.0095395
FILLER_0_143_561, 268.34, 402.56, 0.0095395
FILLER_0_144_559, 268.34, 402.56, 0.0095395
FILLER_0_144_584, 268.34, 402.56, 0.0095395
FILLER_0_145_573, 268.34, 402.56, 0.0095395
_07937_, 281.14, 402.56, 0.00957963
FILLER_0_144_589, 281.14, 402.56, 0.00957963
FILLER_0_144_610, 281.14, 402.56, 0.00957963
FILLER_0_145_610, 281.14, 402.56, 0.00957963
_10408_, 293.94, 402.56, 0.00961955
_10689_, 293.94, 402.56, 0.00961955
clkbuf_leaf_90_clk, 293.94, 402.56, 0.00961955
hold568, 293.94, 402.56, 0.00961955
FILLER_0_144_623, 293.94, 402.56, 0.00961955
FILLER_0_144_635, 293.94, 402.56, 0.00961955
_07769_, 306.74, 402.56, 0.00963047
_10573_, 306.74, 402.56, 0.00963047
_13081_, 306.74, 402.56, 0.00963047
hold526, 306.74, 402.56, 0.00963047
ANTENNA_55, 306.74, 402.56, 0.00963047
FILLER_0_144_657, 306.74, 402.56, 0.00963047
FILLER_0_145_661, 306.74, 402.56, 0.00963047
_07773_, 319.54, 402.56, 0.00963863
_10407_, 319.54, 402.56, 0.00963863
_15053_, 319.54, 402.56, 0.00963863
hold1078, 319.54, 402.56, 0.00963863
FILLER_0_144_683, 319.54, 402.56, 0.00963863
FILLER_0_145_685, 319.54, 402.56, 0.00963863
_07478_, 344.971, 402.56, 0.00978025
_10636_, 344.971, 402.56, 0.00978025
_10637_, 344.971, 402.56, 0.00978025
FILLER_0_143_729, 344.971, 402.56, 0.00978025
_10638_, 357.603, 402.56, 0.00991732
_14760_, 357.603, 402.56, 0.00991732
_14767_, 357.603, 402.56, 0.00991732
_16596_, 357.603, 402.56, 0.00991732
_16599_, 357.603, 402.56, 0.00991732
FILLER_0_144_765, 357.603, 402.56, 0.00991732
_09538_, 370.235, 402.56, 0.0100432
_09539_, 370.235, 402.56, 0.0100432
_10404_, 370.235, 402.56, 0.0100432
_14848_, 370.235, 402.56, 0.0100432
_15136_, 370.235, 402.56, 0.0100432
FILLER_0_144_783, 370.235, 402.56, 0.0100432
FILLER_0_145_793, 370.235, 402.56, 0.0100432
_07966_, 382.866, 402.56, 0.0101505
_13522_, 382.866, 402.56, 0.0101505
_16134_, 382.866, 402.56, 0.0101505
hold1568, 382.866, 402.56, 0.0101505
_09534_, 395.498, 402.56, 0.0102435
_14960_, 395.498, 402.56, 0.0102435
_15134_, 395.498, 402.56, 0.0102435
hold1467, 395.498, 402.56, 0.0102435
FILLER_0_144_855, 395.498, 402.56, 0.0102435
FILLER_0_145_856, 395.498, 402.56, 0.0102435
_07855_, 408.13, 402.56, 0.0103231
_08840_, 408.13, 402.56, 0.0103231
_09968_, 408.13, 402.56, 0.0103231
hold1080, 408.13, 402.56, 0.0103231
FILLER_0_144_886, 408.13, 402.56, 0.0103231
_09127_, 420.761, 402.56, 0.0103943
_09128_, 420.761, 402.56, 0.0103943
_14958_, 420.761, 402.56, 0.0103943
_16127_, 420.761, 402.56, 0.0103943
clkbuf_leaf_114_clk, 420.761, 402.56, 0.0103943
FILLER_0_144_901, 420.761, 402.56, 0.0103943
FILLER_0_145_910, 420.761, 402.56, 0.0103943
_09528_, 433.393, 402.56, 0.010435
_09529_, 433.393, 402.56, 0.010435
_09907_, 433.393, 402.56, 0.010435
_13509_, 433.393, 402.56, 0.010435
_13519_, 433.393, 402.56, 0.010435
_15131_, 433.393, 402.56, 0.010435
FILLER_0_143_924, 433.393, 402.56, 0.010435
FILLER_0_144_928, 433.393, 402.56, 0.010435
_08835_, 446.025, 402.56, 0.0104574
_14844_, 446.025, 402.56, 0.0104574
hold631, 446.025, 402.56, 0.0104574
FILLER_0_144_947, 446.025, 402.56, 0.0104574
_09123_, 458.656, 402.56, 0.0104711
_09124_, 458.656, 402.56, 0.0104711
_09530_, 458.656, 402.56, 0.0104711
_14956_, 458.656, 402.56, 0.0104711
_15132_, 458.656, 402.56, 0.0104711
FILLER_0_144_976, 458.656, 402.56, 0.0104711
FILLER_0_143_1001, 471.288, 402.56, 0.0104711
FILLER_0_144_1025, 471.288, 402.56, 0.0104711
PHY_282, 5.52, 397.12, 0.00852651
PHY_284, 5.52, 397.12, 0.00852651
PHY_283, 483.92, 397.12, 0.00998211
PHY_285, 483.92, 397.12, 0.00998211
FILLER_0_141_1033, 483.92, 397.12, 0.00998211
_09140_, 37.94, 397.12, 0.00860777
_14572_, 37.94, 397.12, 0.00860777
hold1389, 37.94, 397.12, 0.00860777
FILLER_0_141_65, 37.94, 397.12, 0.00860777
FILLER_0_143_71, 37.94, 397.12, 0.00860777
_09386_, 50.74, 397.12, 0.00868762
_15073_, 50.74, 397.12, 0.00868762
FILLER_0_142_85, 50.74, 397.12, 0.00868762
FILLER_0_143_106, 50.74, 397.12, 0.00868762
_08180_, 63.54, 397.12, 0.00876307
_08233_, 63.54, 397.12, 0.00876307
_08445_, 63.54, 397.12, 0.00876307
_10964_, 63.54, 397.12, 0.00876307
_10966_, 63.54, 397.12, 0.00876307
ANTENNA_57, 63.54, 397.12, 0.00876307
FILLER_0_142_137, 63.54, 397.12, 0.00876307
_08054_, 76.34, 397.12, 0.00883206
_08866_, 76.34, 397.12, 0.00883206
_14443_, 76.34, 397.12, 0.00883206
FILLER_0_142_141, 76.34, 397.12, 0.00883206
FILLER_0_142_153, 76.34, 397.12, 0.00883206
FILLER_0_143_159, 76.34, 397.12, 0.00883206
_08127_, 89.14, 397.12, 0.00889686
_10275_, 89.14, 397.12, 0.00889686
FILLER_0_141_169, 89.14, 397.12, 0.00889686
FILLER_0_142_191, 89.14, 397.12, 0.00889686
FILLER_0_143_186, 89.14, 397.12, 0.00889686
_08339_, 101.94, 397.12, 0.008959
FILLER_0_142_209, 101.94, 397.12, 0.008959
FILLER_0_142_217, 101.94, 397.12, 0.008959
_08051_, 114.74, 397.12, 0.00902052
hold680, 114.74, 397.12, 0.00902052
_10437_, 127.54, 397.12, 0.00908113
_13054_, 127.54, 397.12, 0.00908113
_14707_, 127.54, 397.12, 0.00908113
_15928_, 127.54, 397.12, 0.00908113
clkbuf_4_10_0_clk, 127.54, 397.12, 0.00908113
FILLER_0_142_273, 127.54, 397.12, 0.00908113
_08000_, 140.34, 397.12, 0.00907854
_14511_, 140.34, 397.12, 0.00907854
hold970, 140.34, 397.12, 0.00907854
FILLER_0_142_300, 140.34, 397.12, 0.00907854
_10084_, 153.14, 397.12, 0.00907261
_10518_, 153.14, 397.12, 0.00907261
_14778_, 153.14, 397.12, 0.00907261
FILLER_0_142_312, 153.14, 397.12, 0.00907261
FILLER_0_143_328, 153.14, 397.12, 0.00907261
_10232_, 165.94, 397.12, 0.00905469
hold533, 165.94, 397.12, 0.00905469
FILLER_0_142_354, 165.94, 397.12, 0.00905469
_07688_, 191.54, 397.12, 0.00912818
hold591, 191.54, 397.12, 0.00912818
hold1002, 191.54, 397.12, 0.00912818
FILLER_0_142_413, 191.54, 397.12, 0.00912818
FILLER_0_143_406, 191.54, 397.12, 0.00912818
_10762_, 204.34, 397.12, 0.00922469
_14517_, 204.34, 397.12, 0.00922469
_14784_, 204.34, 397.12, 0.00922469
_16607_, 204.34, 397.12, 0.00922469
hold907, 204.34, 397.12, 0.00922469
FILLER_0_142_421, 204.34, 397.12, 0.00922469
FILLER_0_142_429, 204.34, 397.12, 0.00922469
FILLER_0_143_438, 204.34, 397.12, 0.00922469
_10936_, 217.14, 397.12, 0.00931471
_10939_, 217.14, 397.12, 0.00931471
_10940_, 217.14, 397.12, 0.00931471
_10947_, 217.14, 397.12, 0.00931471
_13061_, 217.14, 397.12, 0.00931471
hold914, 217.14, 397.12, 0.00931471
FILLER_0_142_467, 217.14, 397.12, 0.00931471
_13060_, 229.94, 397.12, 0.00939042
clkbuf_leaf_70_clk, 229.94, 397.12, 0.00939042
hold1102, 229.94, 397.12, 0.00939042
FILLER_0_142_477, 229.94, 397.12, 0.00939042
FILLER_0_143_499, 229.94, 397.12, 0.00939042
_08052_, 242.74, 397.12, 0.00944247
_08863_, 242.74, 397.12, 0.00944247
_09329_, 242.74, 397.12, 0.00944247
_10368_, 242.74, 397.12, 0.00944247
FILLER_0_142_524, 242.74, 397.12, 0.00944247
_09330_, 255.54, 397.12, 0.00946868
_09345_, 255.54, 397.12, 0.00946868
_09346_, 255.54, 397.12, 0.00946868
_10178_, 255.54, 397.12, 0.00946868
FILLER_0_141_534, 255.54, 397.12, 0.00946868
FILLER_0_142_533, 255.54, 397.12, 0.00946868
_13036_, 268.34, 397.12, 0.00948461
_14507_, 268.34, 397.12, 0.00948461
_15919_, 268.34, 397.12, 0.00948461
hold1063, 268.34, 397.12, 0.00948461
FILLER_0_141_561, 268.34, 397.12, 0.00948461
FILLER_0_142_565, 268.34, 397.12, 0.00948461
FILLER_0_142_580, 268.34, 397.12, 0.00948461
_09338_, 281.14, 397.12, 0.00949627
_15052_, 281.14, 397.12, 0.00949627
_15924_, 281.14, 397.12, 0.00949627
hold562, 281.14, 397.12, 0.00949627
FILLER_0_141_591, 281.14, 397.12, 0.00949627
FILLER_0_142_589, 281.14, 397.12, 0.00949627
FILLER_0_143_603, 281.14, 397.12, 0.00949627
_13045_, 293.94, 397.12, 0.00950011
_13080_, 293.94, 397.12, 0.00950011
_13116_, 293.94, 397.12, 0.00950011
_15956_, 293.94, 397.12, 0.00950011
FILLER_0_143_638, 293.94, 397.12, 0.00950011
_15940_, 306.74, 397.12, 0.0094998
FILLER_0_142_661, 306.74, 397.12, 0.0094998
FILLER_0_143_665, 306.74, 397.12, 0.0094998
_09339_, 319.54, 397.12, 0.00949581
_09340_, 319.54, 397.12, 0.00949581
_10405_, 319.54, 397.12, 0.00949581
_14502_, 319.54, 397.12, 0.00949581
_15054_, 319.54, 397.12, 0.00949581
_16472_, 319.54, 397.12, 0.00949581
hold756, 319.54, 397.12, 0.00949581
FILLER_0_141_669, 319.54, 397.12, 0.00949581
FILLER_0_142_689, 319.54, 397.12, 0.00949581
_07482_, 344.971, 397.12, 0.00957396
_07718_, 344.971, 397.12, 0.00957396
_14493_, 344.971, 397.12, 0.00957396
_14494_, 344.971, 397.12, 0.00957396
_16468_, 344.971, 397.12, 0.00957396
FILLER_0_141_729, 344.971, 397.12, 0.00957396
FILLER_0_143_751, 344.971, 397.12, 0.00957396
_10189_, 357.603, 397.12, 0.00966173
_14766_, 357.603, 397.12, 0.00966173
clkbuf_leaf_102_clk, 357.603, 397.12, 0.00966173
hold892, 357.603, 397.12, 0.00966173
FILLER_0_142_757, 357.603, 397.12, 0.00966173
_08845_, 370.235, 397.12, 0.00972734
_13262_, 370.235, 397.12, 0.00972734
FILLER_0_142_781, 370.235, 397.12, 0.00972734
FILLER_0_142_803, 370.235, 397.12, 0.00972734
_08847_, 382.866, 397.12, 0.00978789
_09131_, 382.866, 397.12, 0.00978789
_09970_, 382.866, 397.12, 0.00978789
_08841_, 395.498, 397.12, 0.00984123
_09966_, 395.498, 397.12, 0.00984123
_09969_, 395.498, 397.12, 0.00984123
_14846_, 395.498, 397.12, 0.00984123
FILLER_0_142_847, 395.498, 397.12, 0.00984123
_08839_, 408.13, 397.12, 0.00988488
_09967_, 408.13, 397.12, 0.00988488
_10180_, 408.13, 397.12, 0.00988488
ANTENNA_108, 408.13, 397.12, 0.00988488
FILLER_0_142_869, 408.13, 397.12, 0.00988488
_16132_, 420.761, 397.12, 0.00992028
hold1296, 420.761, 397.12, 0.00992028
FILLER_0_141_897, 420.761, 397.12, 0.00992028
FILLER_0_142_895, 420.761, 397.12, 0.00992028
FILLER_0_142_914, 420.761, 397.12, 0.00992028
_07551_, 433.393, 397.12, 0.00994673
_08830_, 433.393, 397.12, 0.00994673
_08833_, 433.393, 397.12, 0.00994673
FILLER_0_141_926, 433.393, 397.12, 0.00994673
FILLER_0_143_935, 433.393, 397.12, 0.00994673
FILLER_0_143_943, 433.393, 397.12, 0.00994673
_07747_, 446.025, 397.12, 0.0099689
_07748_, 446.025, 397.12, 0.0099689
_08834_, 446.025, 397.12, 0.0099689
_10174_, 446.025, 397.12, 0.0099689
FILLER_0_141_953, 446.025, 397.12, 0.0099689
FILLER_0_142_949, 446.025, 397.12, 0.0099689
_09531_, 458.656, 397.12, 0.0099796
_13515_, 458.656, 397.12, 0.0099796
_16130_, 458.656, 397.12, 0.0099796
FILLER_0_141_977, 458.656, 397.12, 0.0099796
FILLER_0_141_985, 458.656, 397.12, 0.0099796
FILLER_0_142_975, 458.656, 397.12, 0.0099796
hold1024, 471.288, 397.12, 0.00998211
FILLER_0_141_1005, 471.288, 397.12, 0.00998211
PHY_278, 5.52, 391.68, 0.00846003
PHY_280, 5.52, 391.68, 0.00846003
FILLER_0_140_3, 5.52, 391.68, 0.00846003
PHY_279, 483.92, 391.68, 0.0103387
PHY_281, 483.92, 391.68, 0.0103387
FILLER_0_139_1033, 483.92, 391.68, 0.0103387
FILLER_0_140_1032, 483.92, 391.68, 0.0103387
_09209_, 15.33, 391.68, 0.00846003
_14993_, 15.33, 391.68, 0.00846003
_14995_, 15.33, 391.68, 0.00846003
hold1398, 15.33, 391.68, 0.00846003
_16508_, 37.94, 391.68, 0.00853011
_16510_, 37.94, 391.68, 0.00853011
hold709, 37.94, 391.68, 0.00853011
hold1318, 37.94, 391.68, 0.00853011
FILLER_0_140_80, 37.94, 391.68, 0.00853011
_08185_, 50.74, 391.68, 0.00859827
_09385_, 50.74, 391.68, 0.00859827
_10104_, 50.74, 391.68, 0.00859827
_10106_, 50.74, 391.68, 0.00859827
hold1133, 50.74, 391.68, 0.00859827
FILLER_0_140_85, 50.74, 391.68, 0.00859827
_08066_, 63.54, 391.68, 0.00866104
_10466_, 63.54, 391.68, 0.00866104
_10467_, 63.54, 391.68, 0.00866104
_08092_, 76.34, 391.68, 0.00871935
_08093_, 76.34, 391.68, 0.00871935
_08198_, 76.34, 391.68, 0.00871935
_10469_, 76.34, 391.68, 0.00871935
FILLER_0_140_141, 76.34, 391.68, 0.00871935
FILLER_0_141_161, 76.34, 391.68, 0.00871935
_09388_, 89.14, 391.68, 0.00877346
_10475_, 89.14, 391.68, 0.00877346
_15074_, 89.14, 391.68, 0.00877346
FILLER_0_140_190, 89.14, 391.68, 0.00877346
_08392_, 101.94, 391.68, 0.00881727
_09216_, 101.94, 391.68, 0.00881727
_09217_, 101.94, 391.68, 0.00881727
_15079_, 101.94, 391.68, 0.00881727
hold916, 101.94, 391.68, 0.00881727
FILLER_0_140_211, 101.94, 391.68, 0.00881727
FILLER_0_141_218, 101.94, 391.68, 0.00881727
_13090_, 114.74, 391.68, 0.00885565
_13124_, 114.74, 391.68, 0.00885565
_15944_, 114.74, 391.68, 0.00885565
_15960_, 114.74, 391.68, 0.00885565
hold578, 114.74, 391.68, 0.00885565
FILLER_0_139_225, 114.74, 391.68, 0.00885565
_08094_, 127.54, 391.68, 0.00888602
_08095_, 127.54, 391.68, 0.00888602
_08286_, 127.54, 391.68, 0.00888602
_13055_, 127.54, 391.68, 0.00888602
hold534, 127.54, 391.68, 0.00888602
ANTENNA_102, 127.54, 391.68, 0.00888602
_14742_, 140.34, 391.68, 0.00891465
_16588_, 140.34, 391.68, 0.00891465
clkbuf_leaf_60_clk, 140.34, 391.68, 0.00891465
FILLER_0_141_305, 140.34, 391.68, 0.00891465
_07772_, 153.14, 391.68, 0.00891454
_08199_, 153.14, 391.68, 0.00891454
_13132_, 153.14, 391.68, 0.00891454
_13133_, 153.14, 391.68, 0.00891454
_15964_, 153.14, 391.68, 0.00891454
hold1362, 153.14, 391.68, 0.00891454
FILLER_0_140_317, 153.14, 391.68, 0.00891454
_08306_, 165.94, 391.68, 0.00890539
_13063_, 165.94, 391.68, 0.00890539
_13097_, 165.94, 391.68, 0.00890539
_13098_, 165.94, 391.68, 0.00890539
_15932_, 165.94, 391.68, 0.00890539
hold730, 165.94, 391.68, 0.00890539
FILLER_0_140_359, 165.94, 391.68, 0.00890539
_08359_, 191.54, 391.68, 0.00898954
_10751_, 191.54, 391.68, 0.00898954
_13065_, 191.54, 391.68, 0.00898954
FILLER_0_139_393, 191.54, 391.68, 0.00898954
_07997_, 204.34, 391.68, 0.00908246
_08047_, 204.34, 391.68, 0.00908246
_14783_, 204.34, 391.68, 0.00908246
_15933_, 204.34, 391.68, 0.00908246
ANTENNA_120, 204.34, 391.68, 0.00908246
FILLER_0_140_443, 204.34, 391.68, 0.00908246
_08254_, 217.14, 391.68, 0.00916927
_15061_, 217.14, 391.68, 0.00916927
hold583, 217.14, 391.68, 0.00916927
FILLER_0_139_449, 217.14, 391.68, 0.00916927
_09347_, 229.94, 391.68, 0.00925187
_10799_, 229.94, 391.68, 0.00925187
_15947_, 229.94, 391.68, 0.00925187
hold746, 229.94, 391.68, 0.00925187
FILLER_0_140_501, 229.94, 391.68, 0.00925187
FILLER_0_141_488, 229.94, 391.68, 0.00925187
_08285_, 242.74, 391.68, 0.00932622
_09549_, 242.74, 391.68, 0.00932622
_13533_, 242.74, 391.68, 0.00932622
_13534_, 242.74, 391.68, 0.00932622
hold1097, 242.74, 391.68, 0.00932622
FILLER_0_140_527, 242.74, 391.68, 0.00932622
_10041_, 255.54, 391.68, 0.00938955
_10844_, 255.54, 391.68, 0.00938955
_14440_, 255.54, 391.68, 0.00938955
clkbuf_leaf_92_clk, 255.54, 391.68, 0.00938955
FILLER_0_140_533, 255.54, 391.68, 0.00938955
FILLER_0_141_547, 255.54, 391.68, 0.00938955
_07459_, 268.34, 391.68, 0.00940329
_07465_, 268.34, 391.68, 0.00940329
_13035_, 268.34, 391.68, 0.00940329
_13105_, 268.34, 391.68, 0.00940329
hold523, 268.34, 391.68, 0.00940329
hold607, 268.34, 391.68, 0.00940329
FILLER_0_140_585, 268.34, 391.68, 0.00940329
_07466_, 281.14, 391.68, 0.00941494
_09337_, 281.14, 391.68, 0.00941494
_13046_, 281.14, 391.68, 0.00941494
FILLER_0_140_589, 281.14, 391.68, 0.00941494
FILLER_0_141_610, 281.14, 391.68, 0.00941494
_07823_, 293.94, 391.68, 0.0094259
_13115_, 293.94, 391.68, 0.0094259
hold593, 293.94, 391.68, 0.0094259
FILLER_0_140_615, 293.94, 391.68, 0.0094259
_09342_, 306.74, 391.68, 0.00943581
_09925_, 306.74, 391.68, 0.00943581
FILLER_0_139_653, 306.74, 391.68, 0.00943581
_07541_, 319.54, 391.68, 0.00943966
_09341_, 319.54, 391.68, 0.00943966
clkbuf_leaf_89_clk, 319.54, 391.68, 0.00943966
FILLER_0_139_669, 319.54, 391.68, 0.00943966
FILLER_0_139_673, 319.54, 391.68, 0.00943966
_07559_, 344.971, 391.68, 0.00955094
hold724, 344.971, 391.68, 0.00955094
ANTENNA_110, 344.971, 391.68, 0.00955094
FILLER_0_139_729, 344.971, 391.68, 0.00955094
FILLER_0_141_739, 344.971, 391.68, 0.00955094
_14499_, 357.603, 391.68, 0.0096799
_14500_, 357.603, 391.68, 0.0096799
_16471_, 357.603, 391.68, 0.0096799
hold1199, 357.603, 391.68, 0.0096799
FILLER_0_139_756, 357.603, 391.68, 0.0096799
FILLER_0_140_752, 357.603, 391.68, 0.0096799
FILLER_0_140_757, 357.603, 391.68, 0.0096799
FILLER_0_141_775, 357.603, 391.68, 0.0096799
_07549_, 370.235, 391.68, 0.00980459
_16598_, 370.235, 391.68, 0.00980459
clkbuf_leaf_103_clk, 370.235, 391.68, 0.00980459
FILLER_0_140_787, 370.235, 391.68, 0.00980459
_07544_, 382.866, 391.68, 0.00990603
_07546_, 382.866, 391.68, 0.00990603
_07967_, 382.866, 391.68, 0.00990603
_07974_, 382.866, 391.68, 0.00990603
_09078_, 382.866, 391.68, 0.00990603
FILLER_0_139_807, 382.866, 391.68, 0.00990603
FILLER_0_140_813, 382.866, 391.68, 0.00990603
FILLER_0_140_827, 382.866, 391.68, 0.00990603
FILLER_0_141_834, 382.866, 391.68, 0.00990603
_07803_, 395.498, 391.68, 0.00999904
_07810_, 395.498, 391.68, 0.00999904
_07913_, 395.498, 391.68, 0.00999904
_09198_, 395.498, 391.68, 0.00999904
_11677_, 395.498, 391.68, 0.00999904
FILLER_0_139_841, 395.498, 391.68, 0.00999904
FILLER_0_140_840, 395.498, 391.68, 0.00999904
FILLER_0_141_853, 395.498, 391.68, 0.00999904
_09378_, 408.13, 391.68, 0.0100859
hold1082, 408.13, 391.68, 0.0100859
FILLER_0_140_862, 408.13, 391.68, 0.0100859
FILLER_0_141_886, 408.13, 391.68, 0.0100859
_07649_, 420.761, 391.68, 0.0101722
_07856_, 420.761, 391.68, 0.0101722
_07863_, 420.761, 391.68, 0.0101722
_08725_, 420.761, 391.68, 0.0101722
_08726_, 420.761, 391.68, 0.0101722
FILLER_0_139_891, 420.761, 391.68, 0.0101722
FILLER_0_140_904, 420.761, 391.68, 0.0101722
FILLER_0_141_909, 420.761, 391.68, 0.0101722
_07594_, 433.393, 391.68, 0.0102211
_07631_, 433.393, 391.68, 0.0102211
_07638_, 433.393, 391.68, 0.0102211
_07765_, 433.393, 391.68, 0.0102211
FILLER_0_139_917, 433.393, 391.68, 0.0102211
FILLER_0_141_932, 433.393, 391.68, 0.0102211
FILLER_0_141_942, 433.393, 391.68, 0.0102211
_07690_, 446.025, 391.68, 0.0102669
_07755_, 446.025, 391.68, 0.0102669
FILLER_0_140_946, 446.025, 391.68, 0.0102669
FILLER_0_140_966, 446.025, 391.68, 0.0102669
_09888_, 458.656, 391.68, 0.0103115
_13514_, 458.656, 391.68, 0.0103115
FILLER_0_141_997, 458.656, 391.68, 0.0103115
_09188_, 471.288, 391.68, 0.0103387
_09369_, 471.288, 391.68, 0.0103387
_15065_, 471.288, 391.68, 0.0103387
clkbuf_leaf_112_clk, 471.288, 391.68, 0.0103387
FILLER_0_140_1005, 471.288, 391.68, 0.0103387
PHY_274, 5.52, 386.24, 0.00839415
PHY_276, 5.52, 386.24, 0.00839415
input17, 5.52, 386.24, 0.00839415
PHY_275, 483.92, 386.24, 0.00969044
PHY_277, 483.92, 386.24, 0.00969044
output60, 483.92, 386.24, 0.00969044
FILLER_0_138_1028, 483.92, 386.24, 0.00969044
_09208_, 15.33, 386.24, 0.00839363
clkbuf_leaf_51_clk, 15.33, 386.24, 0.00839363
_14567_, 37.94, 386.24, 0.00843658
_14568_, 37.94, 386.24, 0.00843658
_14571_, 37.94, 386.24, 0.00843658
_16515_, 37.94, 386.24, 0.00843658
hold1360, 37.94, 386.24, 0.00843658
FILLER_0_137_65, 37.94, 386.24, 0.00843658
FILLER_0_138_64, 37.94, 386.24, 0.00843658
_10107_, 50.74, 386.24, 0.008492
hold796, 50.74, 386.24, 0.008492
FILLER_0_137_96, 50.74, 386.24, 0.008492
FILLER_0_138_93, 50.74, 386.24, 0.008492
_08186_, 63.54, 386.24, 0.00854423
_08187_, 63.54, 386.24, 0.00854423
_10468_, 63.54, 386.24, 0.00854423
_08068_, 76.34, 386.24, 0.00859301
_08069_, 76.34, 386.24, 0.00859301
_08091_, 76.34, 386.24, 0.00859301
_09207_, 76.34, 386.24, 0.00859301
_14994_, 76.34, 386.24, 0.00859301
FILLER_0_138_141, 76.34, 386.24, 0.00859301
FILLER_0_138_161, 76.34, 386.24, 0.00859301
FILLER_0_139_156, 76.34, 386.24, 0.00859301
_07696_, 89.14, 386.24, 0.00863648
_09387_, 89.14, 386.24, 0.00863648
_09398_, 89.14, 386.24, 0.00863648
hold889, 89.14, 386.24, 0.00863648
hold945, 89.14, 386.24, 0.00863648
FILLER_0_138_190, 89.14, 386.24, 0.00863648
_09397_, 101.94, 386.24, 0.0086763
_14999_, 101.94, 386.24, 0.0086763
ANTENNA_107, 101.94, 386.24, 0.0086763
FILLER_0_138_213, 101.94, 386.24, 0.0086763
_08049_, 114.74, 386.24, 0.00871211
_08818_, 114.74, 386.24, 0.00871211
_09094_, 114.74, 386.24, 0.00871211
_13089_, 114.74, 386.24, 0.00871211
_13125_, 114.74, 386.24, 0.00871211
_15058_, 114.74, 386.24, 0.00871211
ANTENNA_81, 114.74, 386.24, 0.00871211
FILLER_0_137_225, 114.74, 386.24, 0.00871211
FILLER_0_138_249, 114.74, 386.24, 0.00871211
_08090_, 127.54, 386.24, 0.00873174
_10507_, 127.54, 386.24, 0.00873174
ANTENNA_121, 127.54, 386.24, 0.00873174
FILLER_0_138_276, 127.54, 386.24, 0.00873174
_08048_, 140.34, 386.24, 0.0087459
_08099_, 140.34, 386.24, 0.0087459
_14743_, 140.34, 386.24, 0.0087459
FILLER_0_137_293, 140.34, 386.24, 0.0087459
FILLER_0_138_289, 140.34, 386.24, 0.0087459
_08097_, 153.14, 386.24, 0.00875776
_08098_, 153.14, 386.24, 0.00875776
_08178_, 153.14, 386.24, 0.00875776
_10511_, 153.14, 386.24, 0.00875776
FILLER_0_138_309, 153.14, 386.24, 0.00875776
_10315_, 165.94, 386.24, 0.00876565
_15948_, 165.94, 386.24, 0.00876565
_07494_, 191.54, 386.24, 0.00883695
_08360_, 191.54, 386.24, 0.00883695
_08374_, 191.54, 386.24, 0.00883695
FILLER_0_138_414, 191.54, 386.24, 0.00883695
FILLER_0_139_417, 191.54, 386.24, 0.00883695
_07996_, 204.34, 386.24, 0.00890593
_08268_, 204.34, 386.24, 0.00890593
_13064_, 204.34, 386.24, 0.00890593
FILLER_0_137_419, 204.34, 386.24, 0.00890593
FILLER_0_138_430, 204.34, 386.24, 0.00890593
FILLER_0_139_444, 204.34, 386.24, 0.00890593
_08258_, 217.14, 386.24, 0.00897319
_09356_, 217.14, 386.24, 0.00897319
_09357_, 217.14, 386.24, 0.00897319
_13096_, 217.14, 386.24, 0.00897319
hold1279, 217.14, 386.24, 0.00897319
FILLER_0_138_452, 217.14, 386.24, 0.00897319
FILLER_0_138_468, 217.14, 386.24, 0.00897319
FILLER_0_139_469, 217.14, 386.24, 0.00897319
_08253_, 229.94, 386.24, 0.00903922
_09550_, 229.94, 386.24, 0.00903922
_13095_, 229.94, 386.24, 0.00903922
_15141_, 229.94, 386.24, 0.00903922
FILLER_0_137_475, 229.94, 386.24, 0.00903922
FILLER_0_139_497, 229.94, 386.24, 0.00903922
_07527_, 242.74, 386.24, 0.00909676
_10845_, 242.74, 386.24, 0.00909676
_16139_, 242.74, 386.24, 0.00909676
ANTENNA_128, 242.74, 386.24, 0.00909676
FILLER_0_137_505, 242.74, 386.24, 0.00909676
FILLER_0_138_516, 242.74, 386.24, 0.00909676
_09893_, 255.54, 386.24, 0.00914471
_10846_, 255.54, 386.24, 0.00914471
_10847_, 255.54, 386.24, 0.00914471
_13106_, 255.54, 386.24, 0.00914471
_15951_, 255.54, 386.24, 0.00914471
ANTENNA_113, 255.54, 386.24, 0.00914471
FILLER_0_137_536, 255.54, 386.24, 0.00914471
FILLER_0_138_533, 255.54, 386.24, 0.00914471
FILLER_0_138_548, 255.54, 386.24, 0.00914471
_10634_, 268.34, 386.24, 0.00917362
FILLER_0_138_585, 268.34, 386.24, 0.00917362
_07477_, 281.14, 386.24, 0.00919561
_07895_, 281.14, 386.24, 0.00919561
_07911_, 281.14, 386.24, 0.00919561
_13110_, 281.14, 386.24, 0.00919561
FILLER_0_138_596, 281.14, 386.24, 0.00919561
FILLER_0_138_608, 281.14, 386.24, 0.00919561
_07650_, 293.94, 386.24, 0.0092147
_13039_, 293.94, 386.24, 0.0092147
_15921_, 293.94, 386.24, 0.0092147
hold675, 293.94, 386.24, 0.0092147
_07603_, 306.74, 386.24, 0.00922729
_07653_, 306.74, 386.24, 0.00922729
_07824_, 306.74, 386.24, 0.00922729
FILLER_0_138_645, 306.74, 386.24, 0.00922729
FILLER_0_139_661, 306.74, 386.24, 0.00922729
_07838_, 319.54, 386.24, 0.00923896
_09202_, 319.54, 386.24, 0.00923896
_15051_, 319.54, 386.24, 0.00923896
hold1153, 319.54, 386.24, 0.00923896
ANTENNA_78, 319.54, 386.24, 0.00923896
ANTENNA_119, 319.54, 386.24, 0.00923896
FILLER_0_138_684, 319.54, 386.24, 0.00923896
_07655_, 344.971, 386.24, 0.00931641
_10639_, 344.971, 386.24, 0.00931641
_14498_, 344.971, 386.24, 0.00931641
_16470_, 344.971, 386.24, 0.00931641
hold699, 344.971, 386.24, 0.00931641
FILLER_0_137_729, 344.971, 386.24, 0.00931641
FILLER_0_138_725, 344.971, 386.24, 0.00931641
_07972_, 357.603, 386.24, 0.00937893
_14497_, 357.603, 386.24, 0.00937893
_14765_, 357.603, 386.24, 0.00937893
hold1207, 357.603, 386.24, 0.00937893
FILLER_0_137_753, 357.603, 386.24, 0.00937893
FILLER_0_138_752, 357.603, 386.24, 0.00937893
_07930_, 370.235, 386.24, 0.00944004
_07931_, 370.235, 386.24, 0.00944004
_07932_, 370.235, 386.24, 0.00944004
_14764_, 370.235, 386.24, 0.00944004
hold1426, 370.235, 386.24, 0.00944004
FILLER_0_138_789, 370.235, 386.24, 0.00944004
FILLER_0_138_797, 370.235, 386.24, 0.00944004
_07565_, 382.866, 386.24, 0.00949829
_07568_, 382.866, 386.24, 0.00949829
_07919_, 382.866, 386.24, 0.00949829
_07920_, 382.866, 386.24, 0.00949829
_07971_, 382.866, 386.24, 0.00949829
_07973_, 382.866, 386.24, 0.00949829
FILLER_0_137_818, 382.866, 386.24, 0.00949829
FILLER_0_139_830, 382.866, 386.24, 0.00949829
_07807_, 395.498, 386.24, 0.00955403
_07809_, 395.498, 386.24, 0.00955403
_09197_, 395.498, 386.24, 0.00955403
_14990_, 395.498, 386.24, 0.00955403
FILLER_0_137_837, 395.498, 386.24, 0.00955403
FILLER_0_138_853, 395.498, 386.24, 0.00955403
_07861_, 408.13, 386.24, 0.00960559
_09379_, 408.13, 386.24, 0.00960559
_09958_, 408.13, 386.24, 0.00960559
_15070_, 408.13, 386.24, 0.00960559
hold747, 408.13, 386.24, 0.00960559
FILLER_0_137_870, 408.13, 386.24, 0.00960559
_07637_, 420.761, 386.24, 0.00964979
_07860_, 420.761, 386.24, 0.00964979
_07862_, 420.761, 386.24, 0.00964979
_09062_, 420.761, 386.24, 0.00964979
_09959_, 420.761, 386.24, 0.00964979
_11671_, 420.761, 386.24, 0.00964979
_14425_, 420.761, 386.24, 0.00964979
_14428_, 420.761, 386.24, 0.00964979
FILLER_0_137_897, 420.761, 386.24, 0.00964979
FILLER_0_138_900, 420.761, 386.24, 0.00964979
_07570_, 433.393, 386.24, 0.00966648
_07635_, 433.393, 386.24, 0.00966648
_07648_, 433.393, 386.24, 0.00966648
_07699_, 433.393, 386.24, 0.00966648
_07754_, 433.393, 386.24, 0.00966648
_07766_, 433.393, 386.24, 0.00966648
FILLER_0_138_920, 433.393, 386.24, 0.00966648
_07564_, 446.025, 386.24, 0.00967788
_07569_, 446.025, 386.24, 0.00967788
_07695_, 446.025, 386.24, 0.00967788
_07698_, 446.025, 386.24, 0.00967788
_07752_, 446.025, 386.24, 0.00967788
_14551_, 446.025, 386.24, 0.00967788
_16500_, 446.025, 386.24, 0.00967788
FILLER_0_137_953, 446.025, 386.24, 0.00967788
FILLER_0_138_959, 446.025, 386.24, 0.00967788
FILLER_0_139_965, 446.025, 386.24, 0.00967788
_07567_, 458.656, 386.24, 0.00968453
hold751, 458.656, 386.24, 0.00968453
FILLER_0_137_982, 458.656, 386.24, 0.00968453
FILLER_0_139_995, 458.656, 386.24, 0.00968453
_09187_, 471.288, 386.24, 0.00969004
_09368_, 471.288, 386.24, 0.00969004
_14985_, 471.288, 386.24, 0.00969004
hold787, 471.288, 386.24, 0.00969004
hold1188, 471.288, 386.24, 0.00969004
PHY_270, 5.52, 380.8, 0.00831228
PHY_272, 5.52, 380.8, 0.00831228
FILLER_0_136_3, 5.52, 380.8, 0.00831228
_07408_, 483.92, 380.8, 0.00971837
PHY_271, 483.92, 380.8, 0.00971837
PHY_273, 483.92, 380.8, 0.00971837
FILLER_0_136_1030, 483.92, 380.8, 0.00971837
_09218_, 15.33, 380.8, 0.00831228
_09219_, 15.33, 380.8, 0.00831228
_15000_, 15.33, 380.8, 0.00831228
hold1452, 15.33, 380.8, 0.00831228
FILLER_0_137_27, 15.33, 380.8, 0.00831228
_08773_, 37.94, 380.8, 0.00839509
_14581_, 37.94, 380.8, 0.00839509
_14582_, 37.94, 380.8, 0.00839509
clkbuf_leaf_50_clk, 37.94, 380.8, 0.00839509
hold1429, 37.94, 380.8, 0.00839509
hold1455, 37.94, 380.8, 0.00839509
FILLER_0_135_57, 37.94, 380.8, 0.00839509
FILLER_0_136_70, 37.94, 380.8, 0.00839509
FILLER_0_136_81, 37.94, 380.8, 0.00839509
_08450_, 50.74, 380.8, 0.00845797
_10247_, 50.74, 380.8, 0.00845797
_14817_, 50.74, 380.8, 0.00845797
FILLER_0_136_85, 50.74, 380.8, 0.00845797
FILLER_0_137_109, 50.74, 380.8, 0.00845797
_08197_, 63.54, 380.8, 0.00851461
_08451_, 63.54, 380.8, 0.00851461
_08452_, 63.54, 380.8, 0.00851461
_10248_, 63.54, 380.8, 0.00851461
FILLER_0_135_113, 63.54, 380.8, 0.00851461
FILLER_0_135_121, 63.54, 380.8, 0.00851461
FILLER_0_136_125, 63.54, 380.8, 0.00851461
FILLER_0_136_136, 63.54, 380.8, 0.00851461
FILLER_0_137_130, 63.54, 380.8, 0.00851461
_09206_, 76.34, 380.8, 0.00856696
clkbuf_leaf_48_clk, 76.34, 380.8, 0.00856696
FILLER_0_135_152, 76.34, 380.8, 0.00856696
FILLER_0_136_153, 76.34, 380.8, 0.00856696
FILLER_0_137_164, 76.34, 380.8, 0.00856696
_08132_, 89.14, 380.8, 0.0085984
_10531_, 89.14, 380.8, 0.0085984
FILLER_0_135_169, 89.14, 380.8, 0.0085984
_08397_, 101.94, 380.8, 0.00862732
_08399_, 101.94, 380.8, 0.00862732
_10775_, 101.94, 380.8, 0.00862732
hold771, 101.94, 380.8, 0.00862732
FILLER_0_135_197, 101.94, 380.8, 0.00862732
FILLER_0_137_221, 101.94, 380.8, 0.00862732
_08398_, 114.74, 380.8, 0.00865124
_09350_, 114.74, 380.8, 0.00865124
_09351_, 114.74, 380.8, 0.00865124
_10777_, 114.74, 380.8, 0.00865124
ANTENNA_111, 114.74, 380.8, 0.00865124
FILLER_0_136_232, 114.74, 380.8, 0.00865124
FILLER_0_137_249, 114.74, 380.8, 0.00865124
_08064_, 127.54, 380.8, 0.00867177
_08067_, 127.54, 380.8, 0.00867177
hold681, 127.54, 380.8, 0.00867177
FILLER_0_136_273, 127.54, 380.8, 0.00867177
_08109_, 140.34, 380.8, 0.00869077
_10509_, 140.34, 380.8, 0.00869077
_10510_, 140.34, 380.8, 0.00869077
_10512_, 140.34, 380.8, 0.00869077
_14745_, 140.34, 380.8, 0.00869077
hold573, 140.34, 380.8, 0.00869077
FILLER_0_136_281, 140.34, 380.8, 0.00869077
FILLER_0_136_287, 140.34, 380.8, 0.00869077
FILLER_0_137_306, 140.34, 380.8, 0.00869077
_10508_, 153.14, 380.8, 0.00869516
_14512_, 153.14, 380.8, 0.00869516
_14779_, 153.14, 380.8, 0.00869516
_16605_, 153.14, 380.8, 0.00869516
hold644, 153.14, 380.8, 0.00869516
FILLER_0_137_327, 153.14, 380.8, 0.00869516
_08311_, 165.94, 380.8, 0.00869348
hold1132, 165.94, 380.8, 0.00869348
FILLER_0_135_345, 165.94, 380.8, 0.00869348
FILLER_0_136_348, 165.94, 380.8, 0.00869348
_08362_, 191.54, 380.8, 0.00877936
_08363_, 191.54, 380.8, 0.00877936
_08364_, 191.54, 380.8, 0.00877936
_14522_, 191.54, 380.8, 0.00877936
hold823, 191.54, 380.8, 0.00877936
FILLER_0_135_399, 191.54, 380.8, 0.00877936
FILLER_0_136_395, 191.54, 380.8, 0.00877936
FILLER_0_136_413, 191.54, 380.8, 0.00877936
FILLER_0_137_405, 191.54, 380.8, 0.00877936
_08257_, 204.34, 380.8, 0.00886626
_14519_, 204.34, 380.8, 0.00886626
_14786_, 204.34, 380.8, 0.00886626
_16480_, 204.34, 380.8, 0.00886626
clkbuf_leaf_71_clk, 204.34, 380.8, 0.00886626
hold1118, 204.34, 380.8, 0.00886626
FILLER_0_137_442, 204.34, 380.8, 0.00886626
_08255_, 217.14, 380.8, 0.00892349
_08256_, 217.14, 380.8, 0.00892349
_10801_, 217.14, 380.8, 0.00892349
_14716_, 217.14, 380.8, 0.00892349
_10802_, 229.94, 380.8, 0.00897652
_16592_, 229.94, 380.8, 0.00897652
hold707, 229.94, 380.8, 0.00897652
hold1409, 229.94, 380.8, 0.00897652
FILLER_0_135_479, 229.94, 380.8, 0.00897652
FILLER_0_136_485, 229.94, 380.8, 0.00897652
FILLER_0_137_500, 229.94, 380.8, 0.00897652
_09328_, 242.74, 380.8, 0.0090147
_13118_, 242.74, 380.8, 0.0090147
hold1391, 242.74, 380.8, 0.0090147
FILLER_0_135_511, 242.74, 380.8, 0.0090147
FILLER_0_136_517, 242.74, 380.8, 0.0090147
FILLER_0_136_529, 242.74, 380.8, 0.0090147
_07876_, 255.54, 380.8, 0.0090477
_10983_, 255.54, 380.8, 0.0090477
_13117_, 255.54, 380.8, 0.0090477
FILLER_0_136_542, 255.54, 380.8, 0.0090477
_07877_, 268.34, 380.8, 0.00907512
_15920_, 268.34, 380.8, 0.00907512
FILLER_0_135_561, 268.34, 380.8, 0.00907512
FILLER_0_136_584, 268.34, 380.8, 0.00907512
FILLER_0_137_585, 268.34, 380.8, 0.00907512
_07881_, 281.14, 380.8, 0.00909864
_13109_, 281.14, 380.8, 0.00909864
_15953_, 281.14, 380.8, 0.00909864
hold735, 281.14, 380.8, 0.00909864
hold951, 281.14, 380.8, 0.00909864
FILLER_0_136_589, 281.14, 380.8, 0.00909864
FILLER_0_136_597, 281.14, 380.8, 0.00909864
FILLER_0_136_606, 281.14, 380.8, 0.00909864
_07599_, 293.94, 380.8, 0.00911717
_07613_, 293.94, 380.8, 0.00911717
_07629_, 293.94, 380.8, 0.00911717
_13040_, 293.94, 380.8, 0.00911717
hold973, 293.94, 380.8, 0.00911717
_07602_, 306.74, 380.8, 0.00913421
_09336_, 306.74, 380.8, 0.00913421
_10574_, 306.74, 380.8, 0.00913421
_14565_, 306.74, 380.8, 0.00913421
FILLER_0_137_663, 306.74, 380.8, 0.00913421
_09335_, 319.54, 380.8, 0.0091467
_14564_, 319.54, 380.8, 0.0091467
_14992_, 319.54, 380.8, 0.0091467
_16507_, 319.54, 380.8, 0.0091467
hold1443, 319.54, 380.8, 0.0091467
FILLER_0_136_696, 319.54, 380.8, 0.0091467
_07654_, 344.971, 380.8, 0.00923948
_10576_, 344.971, 380.8, 0.00923948
_10577_, 344.971, 380.8, 0.00923948
FILLER_0_136_727, 344.971, 380.8, 0.00923948
_09383_, 357.603, 380.8, 0.00932416
_10396_, 357.603, 380.8, 0.00932416
_14730_, 357.603, 380.8, 0.00932416
_16582_, 357.603, 380.8, 0.00932416
ANTENNA_68, 357.603, 380.8, 0.00932416
FILLER_0_136_753, 357.603, 380.8, 0.00932416
FILLER_0_136_770, 357.603, 380.8, 0.00932416
FILLER_0_137_779, 357.603, 380.8, 0.00932416
_09382_, 370.235, 380.8, 0.00939907
_15072_, 370.235, 380.8, 0.00939907
_07917_, 382.866, 380.8, 0.00946944
_09377_, 382.866, 380.8, 0.00946944
_10705_, 382.866, 380.8, 0.00946944
_10706_, 382.866, 380.8, 0.00946944
hold691, 382.866, 380.8, 0.00946944
FILLER_0_136_809, 382.866, 380.8, 0.00946944
FILLER_0_136_813, 382.866, 380.8, 0.00946944
FILLER_0_136_824, 382.866, 380.8, 0.00946944
_09376_, 395.498, 380.8, 0.00953599
_15069_, 395.498, 380.8, 0.00953599
hold739, 395.498, 380.8, 0.00953599
FILLER_0_136_859, 395.498, 380.8, 0.00953599
FILLER_0_137_853, 395.498, 380.8, 0.00953599
_09955_, 408.13, 380.8, 0.00959728
_09957_, 408.13, 380.8, 0.00959728
clkbuf_leaf_115_clk, 408.13, 380.8, 0.00959728
_09193_, 420.761, 380.8, 0.00963417
hold880, 420.761, 380.8, 0.00963417
FILLER_0_135_892, 420.761, 380.8, 0.00963417
FILLER_0_135_897, 420.761, 380.8, 0.00963417
FILLER_0_136_902, 420.761, 380.8, 0.00963417
_14554_, 433.393, 380.8, 0.00967058
_14555_, 433.393, 380.8, 0.00967058
_16502_, 433.393, 380.8, 0.00967058
hold671, 433.393, 380.8, 0.00967058
FILLER_0_137_943, 433.393, 380.8, 0.00967058
_10597_, 446.025, 380.8, 0.00970275
_14550_, 446.025, 380.8, 0.00970275
clkbuf_leaf_113_clk, 446.025, 380.8, 0.00970275
FILLER_0_136_949, 446.025, 380.8, 0.00970275
FILLER_0_137_959, 446.025, 380.8, 0.00970275
_08741_, 458.656, 380.8, 0.00971286
_08746_, 458.656, 380.8, 0.00971286
_10657_, 458.656, 380.8, 0.00971286
_10658_, 458.656, 380.8, 0.00971286
FILLER_0_135_985, 458.656, 380.8, 0.00971286
FILLER_0_136_974, 458.656, 380.8, 0.00971286
_09372_, 471.288, 380.8, 0.00971831
_09373_, 471.288, 380.8, 0.00971831
_15067_, 471.288, 380.8, 0.00971831
hold1449, 471.288, 380.8, 0.00971831
PHY_266, 5.52, 375.36, 0.00820116
PHY_268, 5.52, 375.36, 0.00820116
PHY_267, 483.92, 375.36, 0.00937382
PHY_269, 483.92, 375.36, 0.00937382
hold1143, 483.92, 375.36, 0.00937382
_14996_, 15.33, 375.36, 0.00820116
FILLER_0_134_29, 15.33, 375.36, 0.00820116
_08772_, 37.94, 375.36, 0.00825918
_14824_, 37.94, 375.36, 0.00825918
FILLER_0_133_57, 37.94, 375.36, 0.00825918
FILLER_0_134_77, 37.94, 375.36, 0.00825918
FILLER_0_135_82, 37.94, 375.36, 0.00825918
_08758_, 50.74, 375.36, 0.00831623
_08759_, 50.74, 375.36, 0.00831623
_10249_, 50.74, 375.36, 0.00831623
hold1040, 50.74, 375.36, 0.00831623
FILLER_0_134_85, 50.74, 375.36, 0.00831623
_08184_, 63.54, 375.36, 0.00837033
_08240_, 63.54, 375.36, 0.00837033
_08449_, 63.54, 375.36, 0.00837033
FILLER_0_133_113, 63.54, 375.36, 0.00837033
FILLER_0_134_120, 63.54, 375.36, 0.00837033
FILLER_0_134_135, 63.54, 375.36, 0.00837033
_08063_, 76.34, 375.36, 0.00842212
_08134_, 76.34, 375.36, 0.00842212
_08239_, 76.34, 375.36, 0.00842212
_14570_, 76.34, 375.36, 0.00842212
_16509_, 76.34, 375.36, 0.00842212
FILLER_0_134_141, 76.34, 375.36, 0.00842212
_08133_, 89.14, 375.36, 0.00846808
_10532_, 89.14, 375.36, 0.00846808
_14569_, 89.14, 375.36, 0.00846808
hold504, 89.14, 375.36, 0.00846808
ANTENNA_51, 89.14, 375.36, 0.00846808
_14579_, 101.94, 375.36, 0.00851167
_14823_, 101.94, 375.36, 0.00851167
_16514_, 101.94, 375.36, 0.00851167
FILLER_0_133_208, 101.94, 375.36, 0.00851167
_08346_, 114.74, 375.36, 0.00854774
_08770_, 114.74, 375.36, 0.00854774
_08771_, 114.74, 375.36, 0.00854774
_14459_, 114.74, 375.36, 0.00854774
hold850, 114.74, 375.36, 0.00854774
FILLER_0_135_250, 114.74, 375.36, 0.00854774
_08050_, 127.54, 375.36, 0.00857982
_08290_, 127.54, 375.36, 0.00857982
_08292_, 127.54, 375.36, 0.00857982
_08293_, 127.54, 375.36, 0.00857982
_08345_, 127.54, 375.36, 0.00857982
_16573_, 127.54, 375.36, 0.00857982
FILLER_0_134_253, 127.54, 375.36, 0.00857982
_08096_, 140.34, 375.36, 0.00860356
_14709_, 140.34, 375.36, 0.00860356
_14744_, 140.34, 375.36, 0.00860356
_16589_, 140.34, 375.36, 0.00860356
FILLER_0_133_290, 140.34, 375.36, 0.00860356
FILLER_0_134_305, 140.34, 375.36, 0.00860356
_14513_, 153.14, 375.36, 0.00861707
_14780_, 153.14, 375.36, 0.00861707
_16477_, 153.14, 375.36, 0.00861707
FILLER_0_134_309, 153.14, 375.36, 0.00861707
FILLER_0_134_332, 153.14, 375.36, 0.00861707
_09359_, 165.94, 375.36, 0.00862662
_14787_, 165.94, 375.36, 0.00862662
clkbuf_leaf_73_clk, 165.94, 375.36, 0.00862662
FILLER_0_133_341, 165.94, 375.36, 0.00862662
_14523_, 191.54, 375.36, 0.00871574
_14789_, 191.54, 375.36, 0.00871574
_14790_, 191.54, 375.36, 0.00871574
_16482_, 191.54, 375.36, 0.00871574
_16610_, 191.54, 375.36, 0.00871574
FILLER_0_133_393, 191.54, 375.36, 0.00871574
FILLER_0_134_416, 191.54, 375.36, 0.00871574
_10324_, 204.34, 375.36, 0.00880975
_16608_, 204.34, 375.36, 0.00880975
FILLER_0_134_421, 204.34, 375.36, 0.00880975
_10800_, 217.14, 375.36, 0.0088836
_14715_, 217.14, 375.36, 0.0088836
_16576_, 217.14, 375.36, 0.0088836
hold1262, 217.14, 375.36, 0.0088836
FILLER_0_134_459, 217.14, 375.36, 0.0088836
_10804_, 229.94, 375.36, 0.00894778
_14750_, 229.94, 375.36, 0.00894778
_14751_, 229.94, 375.36, 0.00894778
FILLER_0_133_481, 229.94, 375.36, 0.00894778
FILLER_0_134_489, 229.94, 375.36, 0.00894778
FILLER_0_134_500, 229.94, 375.36, 0.00894778
FILLER_0_135_498, 229.94, 375.36, 0.00894778
_08861_, 242.74, 375.36, 0.00900356
_09327_, 242.74, 375.36, 0.00900356
_10078_, 242.74, 375.36, 0.00900356
_13048_, 242.74, 375.36, 0.00900356
_15925_, 242.74, 375.36, 0.00900356
FILLER_0_133_514, 242.74, 375.36, 0.00900356
FILLER_0_134_515, 242.74, 375.36, 0.00900356
FILLER_0_134_528, 242.74, 375.36, 0.00900356
_13047_, 255.54, 375.36, 0.00903034
hold512, 255.54, 375.36, 0.00903034
hold685, 255.54, 375.36, 0.00903034
_13107_, 268.34, 375.36, 0.00905633
_13108_, 268.34, 375.36, 0.00905633
_15952_, 268.34, 375.36, 0.00905633
FILLER_0_133_561, 268.34, 375.36, 0.00905633
_07880_, 281.14, 375.36, 0.00907835
_13037_, 281.14, 375.36, 0.00907835
_13074_, 281.14, 375.36, 0.00907835
clkbuf_leaf_91_clk, 281.14, 375.36, 0.00907835
FILLER_0_134_598, 281.14, 375.36, 0.00907835
FILLER_0_135_610, 281.14, 375.36, 0.00907835
_07652_, 293.94, 375.36, 0.00907651
_07879_, 293.94, 375.36, 0.00907651
_10409_, 293.94, 375.36, 0.00907651
hold1303, 293.94, 375.36, 0.00907651
FILLER_0_133_625, 293.94, 375.36, 0.00907651
FILLER_0_135_629, 293.94, 375.36, 0.00907651
_07601_, 306.74, 375.36, 0.0090661
_07669_, 306.74, 375.36, 0.0090661
FILLER_0_133_651, 306.74, 375.36, 0.0090661
FILLER_0_134_666, 306.74, 375.36, 0.0090661
FILLER_0_135_660, 306.74, 375.36, 0.0090661
_10400_, 319.54, 375.36, 0.00905408
_10401_, 319.54, 375.36, 0.00905408
_10579_, 319.54, 375.36, 0.00905408
FILLER_0_133_673, 319.54, 375.36, 0.00905408
FILLER_0_134_694, 319.54, 375.36, 0.00905408
FILLER_0_135_690, 319.54, 375.36, 0.00905408
_09930_, 344.971, 375.36, 0.00909862
_10575_, 344.971, 375.36, 0.00909862
_10578_, 344.971, 375.36, 0.00909862
FILLER_0_134_726, 344.971, 375.36, 0.00909862
FILLER_0_134_751, 344.971, 375.36, 0.00909862
FILLER_0_135_748, 344.971, 375.36, 0.00909862
_09951_, 357.603, 375.36, 0.00915372
_14694_, 357.603, 375.36, 0.00915372
_14729_, 357.603, 375.36, 0.00915372
hold949, 357.603, 375.36, 0.00915372
FILLER_0_134_757, 357.603, 375.36, 0.00915372
FILLER_0_134_770, 357.603, 375.36, 0.00915372
_14431_, 370.235, 375.36, 0.00920221
_14558_, 370.235, 375.36, 0.00920221
_16504_, 370.235, 375.36, 0.00920221
hold1332, 370.235, 375.36, 0.00920221
FILLER_0_133_781, 370.235, 375.36, 0.00920221
_07808_, 382.866, 375.36, 0.00924082
_09195_, 382.866, 375.36, 0.00924082
_09196_, 382.866, 375.36, 0.00924082
_14989_, 382.866, 375.36, 0.00924082
hold1073, 382.866, 375.36, 0.00924082
FILLER_0_135_832, 382.866, 375.36, 0.00924082
_08750_, 395.498, 375.36, 0.00927445
_09960_, 395.498, 375.36, 0.00927445
FILLER_0_134_849, 395.498, 375.36, 0.00927445
_14560_, 408.13, 375.36, 0.00930633
_14561_, 408.13, 375.36, 0.00930633
_14814_, 408.13, 375.36, 0.00930633
_16505_, 408.13, 375.36, 0.00930633
hold817, 408.13, 375.36, 0.00930633
FILLER_0_133_872, 408.13, 375.36, 0.00930633
_08510_, 420.761, 375.36, 0.00933032
_08752_, 420.761, 375.36, 0.00933032
_14988_, 420.761, 375.36, 0.00933032
hold763, 420.761, 375.36, 0.00933032
FILLER_0_133_892, 420.761, 375.36, 0.00933032
_07697_, 433.393, 375.36, 0.00934607
_07753_, 433.393, 375.36, 0.00934607
_14557_, 433.393, 375.36, 0.00934607
FILLER_0_134_920, 433.393, 375.36, 0.00934607
FILLER_0_134_937, 433.393, 375.36, 0.00934607
FILLER_0_135_942, 433.393, 375.36, 0.00934607
_10598_, 446.025, 375.36, 0.00936017
_14811_, 446.025, 375.36, 0.00936017
FILLER_0_133_944, 446.025, 375.36, 0.00936017
_14809_, 458.656, 375.36, 0.00936896
hold701, 458.656, 375.36, 0.00936896
hold1038, 458.656, 375.36, 0.00936896
_09191_, 471.288, 375.36, 0.00937352
_09192_, 471.288, 375.36, 0.00937352
_14987_, 471.288, 375.36, 0.00937352
hold1386, 471.288, 375.36, 0.00937352
FILLER_0_133_1001, 471.288, 375.36, 0.00937352
FILLER_0_134_1026, 471.288, 375.36, 0.00937352
_14952_, 5.52, 369.92, 0.00812403
PHY_262, 5.52, 369.92, 0.00812403
PHY_264, 5.52, 369.92, 0.00812403
PHY_263, 483.92, 369.92, 0.00932707
PHY_265, 483.92, 369.92, 0.00932707
FILLER_0_131_1034, 483.92, 369.92, 0.00932707
_09114_, 15.33, 369.92, 0.00812114
_09211_, 15.33, 369.92, 0.00812114
hold1470, 15.33, 369.92, 0.00812114
FILLER_0_131_21, 15.33, 369.92, 0.00812114
_09025_, 37.94, 369.92, 0.00818452
_10246_, 37.94, 369.92, 0.00818452
_14920_, 37.94, 369.92, 0.00818452
FILLER_0_131_57, 37.94, 369.92, 0.00818452
FILLER_0_132_57, 37.94, 369.92, 0.00818452
FILLER_0_132_79, 37.94, 369.92, 0.00818452
_10250_, 50.74, 369.92, 0.00823909
_14574_, 50.74, 369.92, 0.00823909
_16511_, 50.74, 369.92, 0.00823909
hold660, 50.74, 369.92, 0.00823909
FILLER_0_131_93, 50.74, 369.92, 0.00823909
FILLER_0_132_93, 50.74, 369.92, 0.00823909
FILLER_0_132_108, 50.74, 369.92, 0.00823909
FILLER_0_133_106, 50.74, 369.92, 0.00823909
_08237_, 63.54, 369.92, 0.00828567
_08238_, 63.54, 369.92, 0.00828567
_09391_, 63.54, 369.92, 0.00828567
_15076_, 63.54, 369.92, 0.00828567
hold908, 63.54, 369.92, 0.00828567
FILLER_0_131_113, 63.54, 369.92, 0.00828567
FILLER_0_132_116, 63.54, 369.92, 0.00828567
_08649_, 76.34, 369.92, 0.00832615
_08761_, 76.34, 369.92, 0.00832615
_09392_, 76.34, 369.92, 0.00832615
_10959_, 76.34, 369.92, 0.00832615
FILLER_0_132_156, 76.34, 369.92, 0.00832615
FILLER_0_133_155, 76.34, 369.92, 0.00832615
_08131_, 89.14, 369.92, 0.00836078
_08760_, 89.14, 369.92, 0.00836078
_10533_, 89.14, 369.92, 0.00836078
_14580_, 89.14, 369.92, 0.00836078
_14818_, 89.14, 369.92, 0.00836078
hold736, 89.14, 369.92, 0.00836078
_10776_, 101.94, 369.92, 0.00838833
hold628, 101.94, 369.92, 0.00838833
hold1020, 101.94, 369.92, 0.00838833
FILLER_0_131_203, 101.94, 369.92, 0.00838833
FILLER_0_132_197, 101.94, 369.92, 0.00838833
FILLER_0_132_205, 101.94, 369.92, 0.00838833
_08396_, 114.74, 369.92, 0.00841111
FILLER_0_132_243, 114.74, 369.92, 0.00841111
FILLER_0_133_250, 114.74, 369.92, 0.00841111
_08059_, 127.54, 369.92, 0.00843364
_08343_, 127.54, 369.92, 0.00843364
_08356_, 127.54, 369.92, 0.00843364
_08357_, 127.54, 369.92, 0.00843364
_14710_, 127.54, 369.92, 0.00843364
FILLER_0_133_276, 127.54, 369.92, 0.00843364
_10288_, 140.34, 369.92, 0.00845367
hold991, 140.34, 369.92, 0.00845367
_09395_, 153.14, 369.92, 0.00846427
_15062_, 153.14, 369.92, 0.00846427
hold1096, 153.14, 369.92, 0.00846427
FILLER_0_133_330, 153.14, 369.92, 0.00846427
_09358_, 165.94, 369.92, 0.00847019
_14521_, 165.94, 369.92, 0.00847019
_14788_, 165.94, 369.92, 0.00847019
_16481_, 165.94, 369.92, 0.00847019
hold1014, 165.94, 369.92, 0.00847019
FILLER_0_132_358, 165.94, 369.92, 0.00847019
_08361_, 191.54, 369.92, 0.00854096
_10752_, 191.54, 369.92, 0.00854096
hold986, 191.54, 369.92, 0.00854096
FILLER_0_132_413, 191.54, 369.92, 0.00854096
_09213_, 204.34, 369.92, 0.00860471
_14518_, 204.34, 369.92, 0.00860471
_14785_, 204.34, 369.92, 0.00860471
FILLER_0_131_419, 204.34, 369.92, 0.00860471
FILLER_0_131_427, 204.34, 369.92, 0.00860471
FILLER_0_132_433, 204.34, 369.92, 0.00860471
_08291_, 217.14, 369.92, 0.00866797
_13284_, 217.14, 369.92, 0.00866797
hold872, 217.14, 369.92, 0.00866797
FILLER_0_132_455, 217.14, 369.92, 0.00866797
FILLER_0_132_471, 217.14, 369.92, 0.00866797
_10803_, 229.94, 369.92, 0.00872581
_14456_, 229.94, 369.92, 0.00872581
hold1050, 229.94, 369.92, 0.00872581
FILLER_0_132_493, 229.94, 369.92, 0.00872581
FILLER_0_133_497, 229.94, 369.92, 0.00872581
_09384_, 242.74, 369.92, 0.00877774
_10824_, 242.74, 369.92, 0.00877774
_13083_, 242.74, 369.92, 0.00877774
_13173_, 242.74, 369.92, 0.00877774
_15957_, 242.74, 369.92, 0.00877774
FILLER_0_132_526, 242.74, 369.92, 0.00877774
_13082_, 255.54, 369.92, 0.00881857
_15049_, 255.54, 369.92, 0.00881857
_15941_, 255.54, 369.92, 0.00881857
FILLER_0_131_532, 255.54, 369.92, 0.00881857
_07598_, 268.34, 369.92, 0.00885182
_09331_, 268.34, 369.92, 0.00885182
_13038_, 268.34, 369.92, 0.00885182
_13070_, 268.34, 369.92, 0.00885182
hold1044, 268.34, 369.92, 0.00885182
hold1209, 268.34, 369.92, 0.00885182
FILLER_0_132_584, 268.34, 369.92, 0.00885182
_10883_, 281.14, 369.92, 0.00888328
_13075_, 281.14, 369.92, 0.00888328
_15937_, 281.14, 369.92, 0.00888328
_16602_, 281.14, 369.92, 0.00888328
FILLER_0_131_592, 281.14, 369.92, 0.00888328
_14506_, 293.94, 369.92, 0.00890312
_14772_, 293.94, 369.92, 0.00890312
_14773_, 293.94, 369.92, 0.00890312
_16474_, 293.94, 369.92, 0.00890312
hold974, 293.94, 369.92, 0.00890312
FILLER_0_132_638, 293.94, 369.92, 0.00890312
_14496_, 306.74, 369.92, 0.00891854
_14762_, 306.74, 369.92, 0.00891854
_14763_, 306.74, 369.92, 0.00891854
_16469_, 306.74, 369.92, 0.00891854
_16597_, 306.74, 369.92, 0.00891854
hold1157, 306.74, 369.92, 0.00891854
FILLER_0_132_645, 306.74, 369.92, 0.00891854
_09934_, 319.54, 369.92, 0.00892586
_10882_, 319.54, 369.92, 0.00892586
_10886_, 319.54, 369.92, 0.00892586
hold876, 319.54, 369.92, 0.00892586
FILLER_0_131_681, 319.54, 369.92, 0.00892586
FILLER_0_132_690, 319.54, 369.92, 0.00892586
FILLER_0_133_693, 319.54, 369.92, 0.00892586
_09938_, 344.971, 369.92, 0.00900001
_14504_, 344.971, 369.92, 0.00900001
_16473_, 344.971, 369.92, 0.00900001
hold995, 344.971, 369.92, 0.00900001
ANTENNA_54, 344.971, 369.92, 0.00900001
FILLER_0_131_729, 344.971, 369.92, 0.00900001
FILLER_0_132_736, 344.971, 369.92, 0.00900001
FILLER_0_133_738, 344.971, 369.92, 0.00900001
_08755_, 357.603, 369.92, 0.00906508
_08756_, 357.603, 369.92, 0.00906508
_09952_, 357.603, 369.92, 0.00906508
_14695_, 357.603, 369.92, 0.00906508
_14816_, 357.603, 369.92, 0.00906508
hold875, 357.603, 369.92, 0.00906508
FILLER_0_133_774, 357.603, 369.92, 0.00906508
_10707_, 370.235, 369.92, 0.00912084
_13253_, 370.235, 369.92, 0.00912084
_14559_, 370.235, 369.92, 0.00912084
_16566_, 370.235, 369.92, 0.00912084
ANTENNA_63, 370.235, 369.92, 0.00912084
FILLER_0_132_801, 370.235, 369.92, 0.00912084
_10704_, 382.866, 369.92, 0.0091637
_14813_, 382.866, 369.92, 0.0091637
hold717, 382.866, 369.92, 0.0091637
FILLER_0_132_809, 382.866, 369.92, 0.0091637
FILLER_0_132_813, 382.866, 369.92, 0.0091637
_08612_, 395.498, 369.92, 0.00920082
_14434_, 395.498, 369.92, 0.00920082
FILLER_0_132_847, 395.498, 369.92, 0.00920082
FILLER_0_133_856, 395.498, 369.92, 0.00920082
_08751_, 408.13, 369.92, 0.00923313
hold543, 408.13, 369.92, 0.00923313
hold718, 408.13, 369.92, 0.00923313
FILLER_0_131_866, 408.13, 369.92, 0.00923313
FILLER_0_132_881, 408.13, 369.92, 0.00923313
_08585_, 420.761, 369.92, 0.00926468
_09194_, 420.761, 369.92, 0.00926468
_14556_, 420.761, 369.92, 0.00926468
_16503_, 420.761, 369.92, 0.00926468
FILLER_0_131_897, 420.761, 369.92, 0.00926468
_10168_, 433.393, 369.92, 0.00928872
_10169_, 433.393, 369.92, 0.00928872
_10601_, 433.393, 369.92, 0.00928872
_08745_, 446.025, 369.92, 0.00930288
_09374_, 446.025, 369.92, 0.00930288
_09375_, 446.025, 369.92, 0.00930288
FILLER_0_131_948, 446.025, 369.92, 0.00930288
FILLER_0_133_962, 446.025, 369.92, 0.00930288
_08742_, 458.656, 369.92, 0.0093163
_10599_, 458.656, 369.92, 0.0093163
FILLER_0_131_978, 458.656, 369.92, 0.0093163
_08999_, 471.288, 369.92, 0.00932707
_14827_, 471.288, 369.92, 0.00932707
_14907_, 471.288, 369.92, 0.00932707
FILLER_0_131_999, 471.288, 369.92, 0.00932707
FILLER_0_132_1005, 471.288, 369.92, 0.00932707
FILLER_0_132_1014, 471.288, 369.92, 0.00932707
FILLER_0_133_1018, 471.288, 369.92, 0.00932707
FILLER_0_133_1026, 471.288, 369.92, 0.00932707
PHY_258, 5.52, 364.48, 0.00803747
PHY_260, 5.52, 364.48, 0.00803747
output37, 5.52, 364.48, 0.00803747
FILLER_0_130_3, 5.52, 364.48, 0.00803747
PHY_259, 483.92, 364.48, 0.00927841
PHY_261, 483.92, 364.48, 0.00927841
input10, 483.92, 364.48, 0.00927841
hold1501, 483.92, 364.48, 0.00927841
_09113_, 15.33, 364.48, 0.00803589
_14947_, 15.33, 364.48, 0.00803589
hold1277, 15.33, 364.48, 0.00803589
_08448_, 37.94, 364.48, 0.00810551
_08803_, 37.94, 364.48, 0.00810551
_09026_, 37.94, 364.48, 0.00810551
hold794, 37.94, 364.48, 0.00810551
FILLER_0_129_66, 37.94, 364.48, 0.00810551
_14573_, 50.74, 364.48, 0.00817664
FILLER_0_129_93, 50.74, 364.48, 0.00817664
FILLER_0_130_97, 50.74, 364.48, 0.00817664
_10115_, 63.54, 364.48, 0.00824762
_10256_, 63.54, 364.48, 0.00824762
_10960_, 63.54, 364.48, 0.00824762
hold821, 63.54, 364.48, 0.00824762
ANTENNA_73, 63.54, 364.48, 0.00824762
FILLER_0_129_113, 63.54, 364.48, 0.00824762
FILLER_0_130_121, 63.54, 364.48, 0.00824762
FILLER_0_130_136, 63.54, 364.48, 0.00824762
_08801_, 76.34, 364.48, 0.00829929
_10961_, 76.34, 364.48, 0.00829929
FILLER_0_129_144, 76.34, 364.48, 0.00829929
FILLER_0_130_150, 76.34, 364.48, 0.00829929
FILLER_0_131_163, 76.34, 364.48, 0.00829929
hold541, 89.14, 364.48, 0.00834841
hold1316, 89.14, 364.48, 0.00834841
FILLER_0_129_177, 89.14, 364.48, 0.00834841
FILLER_0_130_188, 89.14, 364.48, 0.00834841
_08395_, 101.94, 364.48, 0.00839477
_09024_, 101.94, 364.48, 0.00839477
clkbuf_leaf_47_clk, 101.94, 364.48, 0.00839477
FILLER_0_130_200, 101.94, 364.48, 0.00839477
FILLER_0_131_216, 101.94, 364.48, 0.00839477
_08358_, 114.74, 364.48, 0.00841293
_08809_, 114.74, 364.48, 0.00841293
_08810_, 114.74, 364.48, 0.00841293
_14838_, 114.74, 364.48, 0.00841293
hold1025, 114.74, 364.48, 0.00841293
FILLER_0_130_230, 114.74, 364.48, 0.00841293
_08342_, 127.54, 364.48, 0.00842547
_09107_, 127.54, 364.48, 0.00842547
_09108_, 127.54, 364.48, 0.00842547
hold629, 127.54, 364.48, 0.00842547
FILLER_0_130_253, 127.54, 364.48, 0.00842547
FILLER_0_130_266, 127.54, 364.48, 0.00842547
_09214_, 140.34, 364.48, 0.00843328
_10280_, 140.34, 364.48, 0.00843328
_10287_, 140.34, 364.48, 0.00843328
FILLER_0_131_305, 140.34, 364.48, 0.00843328
_08344_, 153.14, 364.48, 0.008434
_10286_, 153.14, 364.48, 0.008434
_10519_, 153.14, 364.48, 0.008434
_15078_, 153.14, 364.48, 0.008434
FILLER_0_131_325, 153.14, 364.48, 0.008434
_08718_, 165.94, 364.48, 0.00842238
_10319_, 165.94, 364.48, 0.00842238
hold603, 165.94, 364.48, 0.00842238
FILLER_0_130_346, 165.94, 364.48, 0.00842238
FILLER_0_130_354, 165.94, 364.48, 0.00842238
FILLER_0_131_360, 165.94, 364.48, 0.00842238
_10753_, 191.54, 364.48, 0.00847945
_10754_, 191.54, 364.48, 0.00847945
_10755_, 191.54, 364.48, 0.00847945
_10756_, 191.54, 364.48, 0.00847945
_14754_, 191.54, 364.48, 0.00847945
FILLER_0_129_393, 191.54, 364.48, 0.00847945
_09212_, 204.34, 364.48, 0.00854474
_10763_, 204.34, 364.48, 0.00854474
_14997_, 204.34, 364.48, 0.00854474
_16512_, 204.34, 364.48, 0.00854474
FILLER_0_129_428, 204.34, 364.48, 0.00854474
FILLER_0_130_421, 204.34, 364.48, 0.00854474
FILLER_0_130_443, 204.34, 364.48, 0.00854474
FILLER_0_131_442, 204.34, 364.48, 0.00854474
_09394_, 217.14, 364.48, 0.00859851
_10839_, 217.14, 364.48, 0.00859851
_10840_, 217.14, 364.48, 0.00859851
_10841_, 217.14, 364.48, 0.00859851
_14575_, 217.14, 364.48, 0.00859851
_15077_, 217.14, 364.48, 0.00859851
ANTENNA_72, 217.14, 364.48, 0.00859851
FILLER_0_130_469, 217.14, 364.48, 0.00859851
FILLER_0_131_467, 217.14, 364.48, 0.00859851
_07470_, 229.94, 364.48, 0.00864165
_07680_, 229.94, 364.48, 0.00864165
_09393_, 229.94, 364.48, 0.00864165
FILLER_0_130_498, 229.94, 364.48, 0.00864165
FILLER_0_131_495, 229.94, 364.48, 0.00864165
_08722_, 242.74, 364.48, 0.00868129
_08723_, 242.74, 364.48, 0.00868129
_09186_, 242.74, 364.48, 0.00868129
_09203_, 242.74, 364.48, 0.00868129
_09367_, 242.74, 364.48, 0.00868129
_14548_, 242.74, 364.48, 0.00868129
_14549_, 242.74, 364.48, 0.00868129
_14566_, 242.74, 364.48, 0.00868129
ANTENNA_106, 242.74, 364.48, 0.00868129
_09332_, 255.54, 364.48, 0.00871719
_10329_, 255.54, 364.48, 0.00871719
_10843_, 255.54, 364.48, 0.00871719
_10848_, 255.54, 364.48, 0.00871719
_13071_, 255.54, 364.48, 0.00871719
_15935_, 255.54, 364.48, 0.00871719
hold890, 255.54, 364.48, 0.00871719
ANTENNA_115, 255.54, 364.48, 0.00871719
FILLER_0_130_544, 255.54, 364.48, 0.00871719
FILLER_0_131_552, 255.54, 364.48, 0.00871719
_13072_, 268.34, 364.48, 0.00873785
_13073_, 268.34, 364.48, 0.00873785
FILLER_0_129_561, 268.34, 364.48, 0.00873785
FILLER_0_130_570, 268.34, 364.48, 0.00873785
_10988_, 281.14, 364.48, 0.00875823
hold580, 281.14, 364.48, 0.00875823
FILLER_0_129_589, 281.14, 364.48, 0.00875823
FILLER_0_130_609, 281.14, 364.48, 0.00875823
FILLER_0_131_612, 281.14, 364.48, 0.00875823
_10984_, 293.94, 364.48, 0.00877273
_14505_, 293.94, 364.48, 0.00877273
FILLER_0_130_637, 293.94, 364.48, 0.00877273
FILLER_0_131_640, 293.94, 364.48, 0.00877273
_10885_, 306.74, 364.48, 0.00878535
_14495_, 306.74, 364.48, 0.00878535
hold1129, 306.74, 364.48, 0.00878535
FILLER_0_129_652, 306.74, 364.48, 0.00878535
FILLER_0_130_653, 306.74, 364.48, 0.00878535
FILLER_0_130_668, 306.74, 364.48, 0.00878535
_10395_, 319.54, 364.48, 0.00879664
_14701_, 319.54, 364.48, 0.00879664
_14736_, 319.54, 364.48, 0.00879664
_16585_, 319.54, 364.48, 0.00879664
FILLER_0_130_676, 319.54, 364.48, 0.00879664
FILLER_0_130_684, 319.54, 364.48, 0.00879664
FILLER_0_130_692, 319.54, 364.48, 0.00879664
_10701_, 344.971, 364.48, 0.00888115
_10716_, 344.971, 364.48, 0.00888115
_14503_, 344.971, 364.48, 0.00888115
hold622, 344.971, 364.48, 0.00888115
hold1061, 344.971, 364.48, 0.00888115
FILLER_0_130_725, 344.971, 364.48, 0.00888115
FILLER_0_130_751, 344.971, 364.48, 0.00888115
_08797_, 357.603, 364.48, 0.0089529
_09008_, 357.603, 364.48, 0.0089529
_09009_, 357.603, 364.48, 0.0089529
FILLER_0_130_769, 357.603, 364.48, 0.0089529
_10394_, 370.235, 364.48, 0.00902199
_10708_, 370.235, 364.48, 0.00902199
hold643, 370.235, 364.48, 0.00902199
FILLER_0_130_806, 370.235, 364.48, 0.00902199
_08603_, 382.866, 364.48, 0.0090804
_08749_, 382.866, 364.48, 0.0090804
FILLER_0_130_813, 382.866, 364.48, 0.0090804
FILLER_0_130_821, 382.866, 364.48, 0.0090804
FILLER_0_130_828, 382.866, 364.48, 0.0090804
FILLER_0_131_828, 382.866, 364.48, 0.0090804
_10181_, 395.498, 364.48, 0.00913565
_14909_, 395.498, 364.48, 0.00913565
hold516, 395.498, 364.48, 0.00913565
hold808, 395.498, 364.48, 0.00913565
FILLER_0_130_845, 395.498, 364.48, 0.00913565
FILLER_0_130_853, 395.498, 364.48, 0.00913565
FILLER_0_131_853, 395.498, 364.48, 0.00913565
_07636_, 408.13, 364.48, 0.0091728
_14552_, 408.13, 364.48, 0.0091728
_14553_, 408.13, 364.48, 0.0091728
FILLER_0_130_878, 408.13, 364.48, 0.0091728
_09371_, 420.761, 364.48, 0.00920884
_10172_, 420.761, 364.48, 0.00920884
_15066_, 420.761, 364.48, 0.00920884
FILLER_0_130_915, 420.761, 364.48, 0.00920884
_08748_, 433.393, 364.48, 0.00923365
_15068_, 433.393, 364.48, 0.00923365
FILLER_0_129_922, 433.393, 364.48, 0.00923365
FILLER_0_130_937, 433.393, 364.48, 0.00923365
FILLER_0_131_937, 433.393, 364.48, 0.00923365
_07751_, 446.025, 364.48, 0.00925424
_09076_, 446.025, 364.48, 0.00925424
_09077_, 446.025, 364.48, 0.00925424
_10170_, 446.025, 364.48, 0.00925424
hold882, 446.025, 364.48, 0.00925424
FILLER_0_131_970, 446.025, 364.48, 0.00925424
_07694_, 458.656, 364.48, 0.00926928
_09074_, 458.656, 364.48, 0.00926928
_10600_, 458.656, 364.48, 0.00926928
_14939_, 458.656, 364.48, 0.00926928
FILLER_0_129_978, 458.656, 364.48, 0.00926928
_08786_, 471.288, 364.48, 0.00927651
_08787_, 471.288, 364.48, 0.00927651
_08789_, 471.288, 364.48, 0.00927651
_08998_, 471.288, 364.48, 0.00927651
_09000_, 471.288, 364.48, 0.00927651
hold1023, 471.288, 364.48, 0.00927651
FILLER_0_129_1001, 471.288, 364.48, 0.00927651
FILLER_0_130_1002, 471.288, 364.48, 0.00927651
PHY_254, 5.52, 359.04, 0.00793993
PHY_256, 5.52, 359.04, 0.00793993
PHY_255, 483.92, 359.04, 0.00951019
PHY_257, 483.92, 359.04, 0.00951019
FILLER_0_127_1033, 483.92, 359.04, 0.00951019
_09098_, 15.33, 359.04, 0.00793993
_08183_, 37.94, 359.04, 0.00802069
_09015_, 37.94, 359.04, 0.00802069
_14915_, 37.94, 359.04, 0.00802069
hold885, 37.94, 359.04, 0.00802069
FILLER_0_127_66, 37.94, 359.04, 0.00802069
_10108_, 50.74, 359.04, 0.00808964
FILLER_0_127_94, 50.74, 359.04, 0.00808964
FILLER_0_129_101, 50.74, 359.04, 0.00808964
FILLER_0_129_108, 50.74, 359.04, 0.00808964
_10962_, 63.54, 359.04, 0.00815736
_14820_, 63.54, 359.04, 0.00815736
hold1156, 63.54, 359.04, 0.00815736
FILLER_0_127_113, 63.54, 359.04, 0.00815736
FILLER_0_128_121, 63.54, 359.04, 0.00815736
_08802_, 76.34, 359.04, 0.00821928
_09013_, 76.34, 359.04, 0.00821928
_09014_, 76.34, 359.04, 0.00821928
_09096_, 76.34, 359.04, 0.00821928
_14834_, 76.34, 359.04, 0.00821928
_14914_, 76.34, 359.04, 0.00821928
_14946_, 76.34, 359.04, 0.00821928
FILLER_0_128_141, 76.34, 359.04, 0.00821928
_08812_, 89.14, 359.04, 0.00826528
_10530_, 89.14, 359.04, 0.00826528
_10534_, 89.14, 359.04, 0.00826528
_10968_, 89.14, 359.04, 0.00826528
_14919_, 89.14, 359.04, 0.00826528
_08811_, 101.94, 359.04, 0.00829152
_09023_, 101.94, 359.04, 0.00829152
_10774_, 101.94, 359.04, 0.00829152
_09022_, 114.74, 359.04, 0.00831143
_09110_, 114.74, 359.04, 0.00831143
_14918_, 114.74, 359.04, 0.00831143
_14951_, 114.74, 359.04, 0.00831143
hold1051, 114.74, 359.04, 0.00831143
FILLER_0_128_246, 114.74, 359.04, 0.00831143
_09021_, 127.54, 359.04, 0.00831986
_14950_, 127.54, 359.04, 0.00831986
FILLER_0_128_262, 127.54, 359.04, 0.00831986
_09215_, 140.34, 359.04, 0.00832336
_09396_, 140.34, 359.04, 0.00832336
_14998_, 140.34, 359.04, 0.00832336
hold856, 140.34, 359.04, 0.00832336
FILLER_0_127_281, 140.34, 359.04, 0.00832336
FILLER_0_127_289, 140.34, 359.04, 0.00832336
FILLER_0_128_281, 140.34, 359.04, 0.00832336
FILLER_0_128_303, 140.34, 359.04, 0.00832336
_10283_, 153.14, 359.04, 0.00832247
_10284_, 153.14, 359.04, 0.00832247
_14577_, 153.14, 359.04, 0.00832247
_14578_, 153.14, 359.04, 0.00832247
_16513_, 153.14, 359.04, 0.00832247
FILLER_0_127_312, 153.14, 359.04, 0.00832247
FILLER_0_129_332, 153.14, 359.04, 0.00832247
_08308_, 165.94, 359.04, 0.00831378
_10455_, 165.94, 359.04, 0.00831378
_14717_, 165.94, 359.04, 0.00831378
_14718_, 165.94, 359.04, 0.00831378
_14752_, 165.94, 359.04, 0.00831378
FILLER_0_128_340, 165.94, 359.04, 0.00831378
FILLER_0_129_351, 165.94, 359.04, 0.00831378
_14719_, 191.54, 359.04, 0.00837054
hold575, 191.54, 359.04, 0.00837054
FILLER_0_127_402, 191.54, 359.04, 0.00837054
FILLER_0_129_418, 191.54, 359.04, 0.00837054
_08065_, 204.34, 359.04, 0.00844622
_10322_, 204.34, 359.04, 0.00844622
hold641, 204.34, 359.04, 0.00844622
hold1321, 204.34, 359.04, 0.00844622
FILLER_0_127_426, 204.34, 359.04, 0.00844622
FILLER_0_128_427, 204.34, 359.04, 0.00844622
_07994_, 217.14, 359.04, 0.00851012
_14576_, 217.14, 359.04, 0.00851012
hold1270, 217.14, 359.04, 0.00851012
FILLER_0_127_449, 217.14, 359.04, 0.00851012
FILLER_0_128_466, 217.14, 359.04, 0.00851012
_08737_, 229.94, 359.04, 0.00857232
_08821_, 229.94, 359.04, 0.00857232
_08822_, 229.94, 359.04, 0.00857232
_09364_, 229.94, 359.04, 0.00857232
_10849_, 229.94, 359.04, 0.00857232
hold1255, 229.94, 359.04, 0.00857232
FILLER_0_127_485, 229.94, 359.04, 0.00857232
FILLER_0_128_477, 229.94, 359.04, 0.00857232
FILLER_0_128_485, 229.94, 359.04, 0.00857232
FILLER_0_129_488, 229.94, 359.04, 0.00857232
_08565_, 242.74, 359.04, 0.00862529
_08738_, 242.74, 359.04, 0.00862529
_08739_, 242.74, 359.04, 0.00862529
_08757_, 242.74, 359.04, 0.00862529
_09185_, 242.74, 359.04, 0.00862529
_09365_, 242.74, 359.04, 0.00862529
_09366_, 242.74, 359.04, 0.00862529
ANTENNA_44, 242.74, 359.04, 0.00862529
FILLER_0_129_524, 242.74, 359.04, 0.00862529
_08562_, 255.54, 359.04, 0.00867643
_09343_, 255.54, 359.04, 0.00867643
_09344_, 255.54, 359.04, 0.00867643
_15055_, 255.54, 359.04, 0.00867643
hold855, 255.54, 359.04, 0.00867643
FILLER_0_127_535, 255.54, 359.04, 0.00867643
FILLER_0_129_544, 255.54, 359.04, 0.00867643
FILLER_0_129_557, 255.54, 359.04, 0.00867643
_08721_, 268.34, 359.04, 0.00871662
_09333_, 268.34, 359.04, 0.00871662
_15936_, 268.34, 359.04, 0.00871662
ANTENNA_127, 268.34, 359.04, 0.00871662
FILLER_0_127_567, 268.34, 359.04, 0.00871662
FILLER_0_128_571, 268.34, 359.04, 0.00871662
_10888_, 281.14, 359.04, 0.00874606
_10987_, 281.14, 359.04, 0.00874606
_11008_, 281.14, 359.04, 0.00874606
ANTENNA_56, 281.14, 359.04, 0.00874606
FILLER_0_128_589, 281.14, 359.04, 0.00874606
FILLER_0_128_597, 281.14, 359.04, 0.00874606
_07878_, 293.94, 359.04, 0.00876299
_10889_, 293.94, 359.04, 0.00876299
_10985_, 293.94, 359.04, 0.00876299
_14737_, 293.94, 359.04, 0.00876299
_16570_, 293.94, 359.04, 0.00876299
FILLER_0_127_617, 293.94, 359.04, 0.00876299
FILLER_0_128_640, 293.94, 359.04, 0.00876299
_07600_, 306.74, 359.04, 0.00876708
_14692_, 306.74, 359.04, 0.00876708
_14693_, 306.74, 359.04, 0.00876708
hold627, 306.74, 359.04, 0.00876708
hold1221, 306.74, 359.04, 0.00876708
FILLER_0_128_653, 306.74, 359.04, 0.00876708
FILLER_0_129_667, 306.74, 359.04, 0.00876708
_07471_, 319.54, 359.04, 0.00876228
_10884_, 319.54, 359.04, 0.00876228
_10887_, 319.54, 359.04, 0.00876228
_14563_, 319.54, 359.04, 0.00876228
_16569_, 319.54, 359.04, 0.00876228
hold806, 319.54, 359.04, 0.00876228
FILLER_0_128_685, 319.54, 359.04, 0.00876228
FILLER_0_129_685, 319.54, 359.04, 0.00876228
_07566_, 344.971, 359.04, 0.00889089
_07918_, 344.971, 359.04, 0.00889089
clkbuf_leaf_87_clk, 344.971, 359.04, 0.00889089
FILLER_0_127_729, 344.971, 359.04, 0.00889089
_09381_, 357.603, 359.04, 0.00901829
_13256_, 357.603, 359.04, 0.00901829
_14832_, 357.603, 359.04, 0.00901829
_14912_, 357.603, 359.04, 0.00901829
hold606, 357.603, 359.04, 0.00901829
FILLER_0_127_764, 357.603, 359.04, 0.00901829
FILLER_0_128_757, 357.603, 359.04, 0.00901829
_07970_, 370.235, 359.04, 0.00913102
_09089_, 370.235, 359.04, 0.00913102
_10703_, 370.235, 359.04, 0.00913102
_14944_, 370.235, 359.04, 0.00913102
FILLER_0_127_785, 370.235, 359.04, 0.00913102
_08791_, 382.866, 359.04, 0.00923615
_09080_, 382.866, 359.04, 0.00923615
_10702_, 382.866, 359.04, 0.00923615
_14941_, 382.866, 359.04, 0.00923615
clkbuf_leaf_116_clk, 382.866, 359.04, 0.00923615
FILLER_0_128_808, 382.866, 359.04, 0.00923615
FILLER_0_128_813, 382.866, 359.04, 0.00923615
FILLER_0_128_819, 382.866, 359.04, 0.00923615
_07806_, 395.498, 359.04, 0.00931111
_09002_, 395.498, 359.04, 0.00931111
_16501_, 395.498, 359.04, 0.00931111
FILLER_0_128_860, 395.498, 359.04, 0.00931111
FILLER_0_129_857, 395.498, 359.04, 0.00931111
_09189_, 408.13, 359.04, 0.00937889
_09190_, 408.13, 359.04, 0.00937889
_10894_, 408.13, 359.04, 0.00937889
_14986_, 408.13, 359.04, 0.00937889
hold811, 408.13, 359.04, 0.00937889
_09370_, 420.761, 359.04, 0.00943809
_09929_, 420.761, 359.04, 0.00943809
_10602_, 420.761, 359.04, 0.00943809
hold1005, 420.761, 359.04, 0.00943809
FILLER_0_128_890, 420.761, 359.04, 0.00943809
FILLER_0_128_910, 420.761, 359.04, 0.00943809
FILLER_0_129_913, 420.761, 359.04, 0.00943809
_08747_, 433.393, 359.04, 0.00947553
_09945_, 433.393, 359.04, 0.00947553
_10171_, 433.393, 359.04, 0.00947553
_14812_, 433.393, 359.04, 0.00947553
hold1252, 433.393, 359.04, 0.00947553
FILLER_0_127_921, 433.393, 359.04, 0.00947553
FILLER_0_129_940, 433.393, 359.04, 0.00947553
_14940_, 446.025, 359.04, 0.0094899
hold955, 446.025, 359.04, 0.0094899
FILLER_0_127_946, 446.025, 359.04, 0.0094899
FILLER_0_128_949, 446.025, 359.04, 0.0094899
_09073_, 458.656, 359.04, 0.0095003
hold1160, 458.656, 359.04, 0.0095003
FILLER_0_127_977, 458.656, 359.04, 0.0095003
FILLER_0_128_976, 458.656, 359.04, 0.0095003
FILLER_0_128_981, 458.656, 359.04, 0.0095003
_08788_, 471.288, 359.04, 0.00951019
_09001_, 471.288, 359.04, 0.00951019
_14908_, 471.288, 359.04, 0.00951019
hold1232, 471.288, 359.04, 0.00951019
FILLER_0_127_1009, 471.288, 359.04, 0.00951019
FILLER_0_128_1004, 471.288, 359.04, 0.00951019
PHY_250, 5.52, 353.6, 0.00784433
PHY_252, 5.52, 353.6, 0.00784433
PHY_251, 483.92, 353.6, 0.00902514
PHY_253, 483.92, 353.6, 0.00902514
FILLER_0_125_1029, 483.92, 353.6, 0.00902514
FILLER_0_126_1031, 483.92, 353.6, 0.00902514
_09101_, 15.33, 353.6, 0.00784433
_09102_, 15.33, 353.6, 0.00784433
_14948_, 15.33, 353.6, 0.00784433
FILLER_0_126_15, 15.33, 353.6, 0.00784433
_09012_, 37.94, 353.6, 0.00790571
_10102_, 37.94, 353.6, 0.00790571
hold999, 37.94, 353.6, 0.00790571
FILLER_0_125_68, 37.94, 353.6, 0.00790571
_08805_, 50.74, 353.6, 0.00796393
_09018_, 50.74, 353.6, 0.00796393
_10958_, 50.74, 353.6, 0.00796393
hold624, 50.74, 353.6, 0.00796393
FILLER_0_127_104, 50.74, 353.6, 0.00796393
_08236_, 63.54, 353.6, 0.00801571
_08764_, 63.54, 353.6, 0.00801571
_08765_, 63.54, 353.6, 0.00801571
FILLER_0_127_136, 63.54, 353.6, 0.00801571
_08130_, 76.34, 353.6, 0.00806527
_09095_, 76.34, 353.6, 0.00806527
FILLER_0_126_141, 76.34, 353.6, 0.00806527
FILLER_0_126_160, 76.34, 353.6, 0.00806527
FILLER_0_127_161, 76.34, 353.6, 0.00806527
_10540_, 89.14, 353.6, 0.00811279
_14839_, 89.14, 353.6, 0.00811279
FILLER_0_126_186, 89.14, 353.6, 0.00811279
_08659_, 101.94, 353.6, 0.00815167
_09111_, 101.94, 353.6, 0.00815167
_10778_, 101.94, 353.6, 0.00815167
hold1043, 101.94, 353.6, 0.00815167
FILLER_0_126_201, 101.94, 353.6, 0.00815167
FILLER_0_126_213, 101.94, 353.6, 0.00815167
FILLER_0_126_221, 101.94, 353.6, 0.00815167
_08304_, 114.74, 353.6, 0.00818578
_08305_, 114.74, 353.6, 0.00818578
_10784_, 114.74, 353.6, 0.00818578
_14648_, 114.74, 353.6, 0.00818578
FILLER_0_125_225, 114.74, 353.6, 0.00818578
FILLER_0_126_243, 114.74, 353.6, 0.00818578
hold614, 127.54, 353.6, 0.0082116
hold754, 127.54, 353.6, 0.0082116
FILLER_0_126_273, 127.54, 353.6, 0.0082116
FILLER_0_127_266, 127.54, 353.6, 0.0082116
_15110_, 140.34, 353.6, 0.00823679
hold759, 140.34, 353.6, 0.00823679
FILLER_0_126_281, 140.34, 353.6, 0.00823679
FILLER_0_126_304, 140.34, 353.6, 0.00823679
_08768_, 153.14, 353.6, 0.00825538
_14822_, 153.14, 353.6, 0.00825538
clkbuf_leaf_74_clk, 153.14, 353.6, 0.00825538
hold920, 153.14, 353.6, 0.00825538
FILLER_0_126_309, 153.14, 353.6, 0.00825538
_16577_, 165.94, 353.6, 0.0082467
_16593_, 165.94, 353.6, 0.0082467
hold1012, 165.94, 353.6, 0.0082467
FILLER_0_125_337, 165.94, 353.6, 0.0082467
FILLER_0_126_352, 165.94, 353.6, 0.0082467
_08060_, 191.54, 353.6, 0.00836877
_08061_, 191.54, 353.6, 0.00836877
_08807_, 191.54, 353.6, 0.00836877
_08808_, 191.54, 353.6, 0.00836877
_10050_, 191.54, 353.6, 0.00836877
_08767_, 204.34, 353.6, 0.00848988
_09105_, 204.34, 353.6, 0.00848988
_09106_, 204.34, 353.6, 0.00848988
_13287_, 204.34, 353.6, 0.00848988
_14837_, 204.34, 353.6, 0.00848988
FILLER_0_127_437, 204.34, 353.6, 0.00848988
FILLER_0_127_445, 204.34, 353.6, 0.00848988
_08766_, 217.14, 353.6, 0.00860024
_09019_, 217.14, 353.6, 0.00860024
_09020_, 217.14, 353.6, 0.00860024
_14949_, 217.14, 353.6, 0.00860024
clkbuf_leaf_77_clk, 217.14, 353.6, 0.00860024
_08564_, 229.94, 353.6, 0.00868579
_10837_, 229.94, 353.6, 0.00868579
_10838_, 229.94, 353.6, 0.00868579
FILLER_0_126_498, 229.94, 353.6, 0.00868579
FILLER_0_127_501, 229.94, 353.6, 0.00868579
_08740_, 242.74, 353.6, 0.00876454
_08798_, 242.74, 353.6, 0.00876454
_08992_, 242.74, 353.6, 0.00876454
_09010_, 242.74, 353.6, 0.00876454
_09066_, 242.74, 353.6, 0.00876454
_09091_, 242.74, 353.6, 0.00876454
_10282_, 242.74, 353.6, 0.00876454
_10285_, 242.74, 353.6, 0.00876454
_08537_, 255.54, 353.6, 0.00880577
_08717_, 255.54, 353.6, 0.00880577
_10099_, 255.54, 353.6, 0.00880577
_10293_, 255.54, 353.6, 0.00880577
FILLER_0_125_536, 255.54, 353.6, 0.00880577
FILLER_0_126_548, 255.54, 353.6, 0.00880577
FILLER_0_127_552, 255.54, 353.6, 0.00880577
_14880_, 268.34, 353.6, 0.00880852
_15050_, 268.34, 353.6, 0.00880852
clkbuf_leaf_84_clk, 268.34, 353.6, 0.00880852
FILLER_0_126_565, 268.34, 353.6, 0.00880852
FILLER_0_126_584, 268.34, 353.6, 0.00880852
_11682_, 281.14, 353.6, 0.00878172
hold1131, 281.14, 353.6, 0.00878172
_14702_, 293.94, 353.6, 0.00875449
_14703_, 293.94, 353.6, 0.00875449
_16586_, 293.94, 353.6, 0.00875449
FILLER_0_126_621, 293.94, 353.6, 0.00875449
_10986_, 306.74, 353.6, 0.00871852
_14727_, 306.74, 353.6, 0.00871852
_16565_, 306.74, 353.6, 0.00871852
_16581_, 306.74, 353.6, 0.00871852
FILLER_0_125_645, 306.74, 353.6, 0.00871852
FILLER_0_126_653, 306.74, 353.6, 0.00871852
_10603_, 319.54, 353.6, 0.00866499
_14562_, 319.54, 353.6, 0.00866499
_16506_, 319.54, 353.6, 0.00866499
hold1155, 319.54, 353.6, 0.00866499
FILLER_0_126_677, 319.54, 353.6, 0.00866499
_11023_, 344.971, 353.6, 0.00866462
_15071_, 344.971, 353.6, 0.00866462
_07560_, 357.603, 353.6, 0.00872334
_07562_, 357.603, 353.6, 0.00872334
_08796_, 357.603, 353.6, 0.00872334
FILLER_0_126_752, 357.603, 353.6, 0.00872334
FILLER_0_126_757, 357.603, 353.6, 0.00872334
FILLER_0_127_776, 357.603, 353.6, 0.00872334
_09088_, 370.235, 353.6, 0.00878004
hold561, 370.235, 353.6, 0.00878004
_08790_, 382.866, 353.6, 0.00883624
_09069_, 382.866, 353.6, 0.00883624
_09079_, 382.866, 353.6, 0.00883624
_14829_, 382.866, 353.6, 0.00883624
FILLER_0_125_808, 382.866, 353.6, 0.00883624
FILLER_0_126_807, 382.866, 353.6, 0.00883624
_09003_, 395.498, 353.6, 0.00888219
FILLER_0_125_836, 395.498, 353.6, 0.00888219
_08744_, 408.13, 353.6, 0.00892699
_10060_, 408.13, 353.6, 0.00892699
FILLER_0_126_865, 408.13, 353.6, 0.00892699
FILLER_0_127_878, 408.13, 353.6, 0.00892699
FILLER_0_127_886, 408.13, 353.6, 0.00892699
_08594_, 420.761, 353.6, 0.0089543
_09071_, 420.761, 353.6, 0.0089543
hold927, 420.761, 353.6, 0.0089543
FILLER_0_126_896, 420.761, 353.6, 0.0089543
FILLER_0_126_906, 420.761, 353.6, 0.0089543
hold793, 433.393, 353.6, 0.00897721
_07859_, 446.025, 353.6, 0.00899977
hold859, 446.025, 353.6, 0.00899977
FILLER_0_126_949, 446.025, 353.6, 0.00899977
_07563_, 458.656, 353.6, 0.00901984
_09067_, 458.656, 353.6, 0.00901984
_10660_, 458.656, 353.6, 0.00901984
_10661_, 458.656, 353.6, 0.00901984
_08994_, 471.288, 353.6, 0.00902514
_14828_, 471.288, 353.6, 0.00902514
hold962, 471.288, 353.6, 0.00902514
FILLER_0_125_1004, 471.288, 353.6, 0.00902514
FILLER_0_125_1009, 471.288, 353.6, 0.00902514
PHY_246, 5.52, 348.16, 0.0077496
PHY_248, 5.52, 348.16, 0.0077496
output36, 5.52, 348.16, 0.0077496
_08782_, 483.92, 348.16, 0.00944145
PHY_247, 483.92, 348.16, 0.00944145
PHY_249, 483.92, 348.16, 0.00944145
FILLER_0_123_1030, 483.92, 348.16, 0.00944145
_09092_, 15.33, 348.16, 0.00774802
_09093_, 15.33, 348.16, 0.00774802
FILLER_0_123_15, 15.33, 348.16, 0.00774802
FILLER_0_124_21, 15.33, 348.16, 0.00774802
FILLER_0_125_27, 15.33, 348.16, 0.00774802
_08062_, 37.94, 348.16, 0.0078324
_08799_, 37.94, 348.16, 0.0078324
_09011_, 37.94, 348.16, 0.0078324
_10465_, 37.94, 348.16, 0.0078324
hold536, 37.94, 348.16, 0.0078324
FILLER_0_123_66, 37.94, 348.16, 0.0078324
_08806_, 50.74, 348.16, 0.00790582
_09017_, 50.74, 348.16, 0.00790582
_14836_, 50.74, 348.16, 0.00790582
_14916_, 50.74, 348.16, 0.00790582
FILLER_0_124_85, 50.74, 348.16, 0.00790582
hold528, 63.54, 348.16, 0.00796803
FILLER_0_123_125, 63.54, 348.16, 0.00796803
FILLER_0_124_134, 63.54, 348.16, 0.00796803
_10460_, 76.34, 348.16, 0.00802762
hold696, 76.34, 348.16, 0.00802762
hold1037, 76.34, 348.16, 0.00802762
FILLER_0_124_141, 76.34, 348.16, 0.00802762
_07588_, 89.14, 348.16, 0.00808281
_15106_, 89.14, 348.16, 0.00808281
FILLER_0_123_178, 89.14, 348.16, 0.00808281
FILLER_0_124_190, 89.14, 348.16, 0.00808281
_08729_, 101.94, 348.16, 0.00813063
_16561_, 101.94, 348.16, 0.00813063
hold1114, 101.94, 348.16, 0.00813063
FILLER_0_123_205, 101.94, 348.16, 0.00813063
FILLER_0_125_217, 101.94, 348.16, 0.00813063
_08303_, 114.74, 348.16, 0.00815304
_14647_, 114.74, 348.16, 0.00815304
_14682_, 114.74, 348.16, 0.00815304
_15464_, 114.74, 348.16, 0.00815304
_16545_, 114.74, 348.16, 0.00815304
hold1217, 114.74, 348.16, 0.00815304
FILLER_0_123_234, 114.74, 348.16, 0.00815304
_09480_, 127.54, 348.16, 0.00816693
_10304_, 127.54, 348.16, 0.00816693
_11655_, 127.54, 348.16, 0.00816693
hold619, 127.54, 348.16, 0.00816693
FILLER_0_125_272, 127.54, 348.16, 0.00816693
_08695_, 140.34, 348.16, 0.00817569
_09479_, 140.34, 348.16, 0.00817569
_10345_, 140.34, 348.16, 0.00817569
FILLER_0_124_290, 140.34, 348.16, 0.00817569
FILLER_0_125_301, 140.34, 348.16, 0.00817569
_08769_, 153.14, 348.16, 0.00815417
_10312_, 153.14, 348.16, 0.00815417
hold963, 153.14, 348.16, 0.00815417
FILLER_0_123_310, 153.14, 348.16, 0.00815417
FILLER_0_124_309, 153.14, 348.16, 0.00815417
FILLER_0_125_326, 153.14, 348.16, 0.00815417
_10074_, 165.94, 348.16, 0.00812979
FILLER_0_124_337, 165.94, 348.16, 0.00812979
FILLER_0_124_357, 165.94, 348.16, 0.00812979
_08289_, 191.54, 348.16, 0.00818128
_14645_, 191.54, 348.16, 0.00818128
hold592, 191.54, 348.16, 0.00818128
FILLER_0_124_415, 191.54, 348.16, 0.00818128
FILLER_0_125_405, 191.54, 348.16, 0.00818128
_08284_, 204.34, 348.16, 0.00827681
_09104_, 204.34, 348.16, 0.00827681
_09478_, 204.34, 348.16, 0.00827681
_14821_, 204.34, 348.16, 0.00827681
FILLER_0_124_421, 204.34, 348.16, 0.00827681
FILLER_0_124_433, 204.34, 348.16, 0.00827681
FILLER_0_125_435, 204.34, 348.16, 0.00827681
_08686_, 217.14, 348.16, 0.00836421
_14917_, 217.14, 348.16, 0.00836421
hold814, 217.14, 348.16, 0.00836421
hold1175, 217.14, 348.16, 0.00836421
FILLER_0_123_457, 217.14, 348.16, 0.00836421
FILLER_0_124_467, 217.14, 348.16, 0.00836421
_08778_, 229.94, 348.16, 0.00844099
_09065_, 229.94, 348.16, 0.00844099
_09103_, 229.94, 348.16, 0.00844099
_15109_, 229.94, 348.16, 0.00844099
hold1471, 229.94, 348.16, 0.00844099
FILLER_0_124_493, 229.94, 348.16, 0.00844099
FILLER_0_124_501, 229.94, 348.16, 0.00844099
FILLER_0_125_495, 229.94, 348.16, 0.00844099
_07545_, 242.74, 348.16, 0.00850803
_08735_, 242.74, 348.16, 0.00850803
_08779_, 242.74, 348.16, 0.00850803
_08780_, 242.74, 348.16, 0.00850803
_08781_, 242.74, 348.16, 0.00850803
_08819_, 242.74, 348.16, 0.00850803
_08993_, 242.74, 348.16, 0.00850803
_09437_, 242.74, 348.16, 0.00850803
_10039_, 242.74, 348.16, 0.00850803
FILLER_0_123_511, 242.74, 348.16, 0.00850803
_11683_, 255.54, 348.16, 0.00853697
_11685_, 255.54, 348.16, 0.00853697
_15474_, 255.54, 348.16, 0.00853697
hold750, 255.54, 348.16, 0.00853697
ANTENNA_104, 255.54, 348.16, 0.00853697
FILLER_0_123_532, 255.54, 348.16, 0.00853697
FILLER_0_125_546, 255.54, 348.16, 0.00853697
FILLER_0_125_557, 255.54, 348.16, 0.00853697
_08936_, 268.34, 348.16, 0.00855902
_08937_, 268.34, 348.16, 0.00855902
_09334_, 268.34, 348.16, 0.00855902
_10173_, 268.34, 348.16, 0.00855902
_10271_, 268.34, 348.16, 0.00855902
hold757, 268.34, 348.16, 0.00855902
FILLER_0_124_581, 268.34, 348.16, 0.00855902
_11681_, 281.14, 348.16, 0.00855156
_15473_, 281.14, 348.16, 0.00855156
hold842, 281.14, 348.16, 0.00855156
FILLER_0_125_607, 281.14, 348.16, 0.00855156
_08934_, 293.94, 348.16, 0.00853991
_14738_, 293.94, 348.16, 0.00853991
FILLER_0_123_617, 293.94, 348.16, 0.00853991
FILLER_0_124_637, 293.94, 348.16, 0.00853991
_14728_, 306.74, 348.16, 0.00852714
hold1091, 306.74, 348.16, 0.00852714
_09461_, 319.54, 348.16, 0.0085131
_10075_, 319.54, 348.16, 0.0085131
_10580_, 319.54, 348.16, 0.0085131
FILLER_0_124_690, 319.54, 348.16, 0.0085131
_09085_, 344.971, 348.16, 0.00860916
_09086_, 344.971, 348.16, 0.00860916
_09380_, 344.971, 348.16, 0.00860916
_11022_, 344.971, 348.16, 0.00860916
_14943_, 344.971, 348.16, 0.00860916
hold588, 344.971, 348.16, 0.00860916
hold1032, 344.971, 348.16, 0.00860916
FILLER_0_123_729, 344.971, 348.16, 0.00860916
FILLER_0_124_735, 344.971, 348.16, 0.00860916
_07916_, 357.603, 348.16, 0.00873835
_08794_, 357.603, 348.16, 0.00873835
_08795_, 357.603, 348.16, 0.00873835
_11021_, 357.603, 348.16, 0.00873835
FILLER_0_123_752, 357.603, 348.16, 0.00873835
FILLER_0_124_757, 357.603, 348.16, 0.00873835
FILLER_0_125_779, 357.603, 348.16, 0.00873835
_09006_, 370.235, 348.16, 0.00885951
_09936_, 370.235, 348.16, 0.00885951
_10067_, 370.235, 348.16, 0.00885951
hold690, 370.235, 348.16, 0.00885951
FILLER_0_124_805, 370.235, 348.16, 0.00885951
FILLER_0_125_797, 370.235, 348.16, 0.00885951
_08931_, 382.866, 348.16, 0.00896363
_14877_, 382.866, 348.16, 0.00896363
hold648, 382.866, 348.16, 0.00896363
hold844, 382.866, 348.16, 0.00896363
hold909, 382.866, 348.16, 0.00896363
FILLER_0_124_813, 382.866, 348.16, 0.00896363
FILLER_0_124_824, 382.866, 348.16, 0.00896363
_09081_, 395.498, 348.16, 0.00906309
_09961_, 395.498, 348.16, 0.00906309
_11678_, 395.498, 348.16, 0.00906309
hold1127, 395.498, 348.16, 0.00906309
FILLER_0_123_837, 395.498, 348.16, 0.00906309
_08743_, 408.13, 348.16, 0.00915701
_11679_, 408.13, 348.16, 0.00915701
_14810_, 408.13, 348.16, 0.00915701
hold1260, 408.13, 348.16, 0.00915701
_08996_, 420.761, 348.16, 0.00924667
_08997_, 420.761, 348.16, 0.00924667
_09070_, 420.761, 348.16, 0.00924667
_09075_, 420.761, 348.16, 0.00924667
_10895_, 420.761, 348.16, 0.00924667
_10896_, 420.761, 348.16, 0.00924667
_14938_, 420.761, 348.16, 0.00924667
FILLER_0_124_896, 420.761, 348.16, 0.00924667
_08784_, 433.393, 348.16, 0.00932131
_08792_, 433.393, 348.16, 0.00932131
_09083_, 433.393, 348.16, 0.00932131
clkbuf_leaf_119_clk, 433.393, 348.16, 0.00932131
FILLER_0_125_939, 433.393, 348.16, 0.00932131
_09953_, 446.025, 348.16, 0.00937084
_14830_, 446.025, 348.16, 0.00937084
_09068_, 458.656, 348.16, 0.00940915
_14937_, 458.656, 348.16, 0.00940915
hold798, 458.656, 348.16, 0.00940915
FILLER_0_124_976, 458.656, 348.16, 0.00940915
FILLER_0_124_981, 458.656, 348.16, 0.00940915
_08995_, 471.288, 348.16, 0.00944127
_14905_, 471.288, 348.16, 0.00944127
clkbuf_leaf_120_clk, 471.288, 348.16, 0.00944127
hold926, 471.288, 348.16, 0.00944127
FILLER_0_124_1004, 471.288, 348.16, 0.00944127
PHY_242, 5.52, 342.72, 0.00763546
PHY_244, 5.52, 342.72, 0.00763546
PHY_243, 483.92, 342.72, 0.00897384
PHY_245, 483.92, 342.72, 0.00897384
hold1377, 483.92, 342.72, 0.00897384
_14945_, 15.33, 342.72, 0.00763546
_14638_, 37.94, 342.72, 0.00771995
_15105_, 37.94, 342.72, 0.00771995
hold1381, 37.94, 342.72, 0.00771995
FILLER_0_121_68, 37.94, 342.72, 0.00771995
FILLER_0_122_65, 37.94, 342.72, 0.00771995
_09464_, 50.74, 342.72, 0.00780189
_11644_, 50.74, 342.72, 0.00780189
hold489, 50.74, 342.72, 0.00780189
hold595, 50.74, 342.72, 0.00780189
FILLER_0_121_90, 50.74, 342.72, 0.00780189
FILLER_0_123_108, 50.74, 342.72, 0.00780189
_11551_, 63.54, 342.72, 0.00788127
_11610_, 63.54, 342.72, 0.00788127
_15411_, 63.54, 342.72, 0.00788127
clkbuf_leaf_45_clk, 63.54, 342.72, 0.00788127
FILLER_0_122_128, 63.54, 342.72, 0.00788127
_08077_, 76.34, 342.72, 0.00793762
_10461_, 76.34, 342.72, 0.00793762
clkbuf_leaf_46_clk, 76.34, 342.72, 0.00793762
FILLER_0_122_141, 76.34, 342.72, 0.00793762
FILLER_0_123_159, 76.34, 342.72, 0.00793762
_09468_, 89.14, 342.72, 0.00796577
_11688_, 89.14, 342.72, 0.00796577
_11689_, 89.14, 342.72, 0.00796577
_15475_, 89.14, 342.72, 0.00796577
FILLER_0_121_169, 89.14, 342.72, 0.00796577
FILLER_0_121_176, 89.14, 342.72, 0.00796577
_09462_, 101.94, 342.72, 0.00798934
_10276_, 101.94, 342.72, 0.00798934
_16449_, 101.94, 342.72, 0.00798934
hold1333, 101.94, 342.72, 0.00798934
FILLER_0_121_199, 101.94, 342.72, 0.00798934
_14460_, 114.74, 342.72, 0.00799893
hold834, 114.74, 342.72, 0.00799893
FILLER_0_122_244, 114.74, 342.72, 0.00799893
_08347_, 127.54, 342.72, 0.00800805
_11654_, 127.54, 342.72, 0.00800805
_15094_, 127.54, 342.72, 0.00800805
FILLER_0_123_274, 127.54, 342.72, 0.00800805
_09430_, 140.34, 342.72, 0.0080126
_10313_, 140.34, 342.72, 0.0080126
_10314_, 140.34, 342.72, 0.0080126
clkbuf_leaf_34_clk, 140.34, 342.72, 0.0080126
hold616, 140.34, 342.72, 0.0080126
FILLER_0_122_298, 140.34, 342.72, 0.0080126
_08349_, 153.14, 342.72, 0.00799137
_10310_, 153.14, 342.72, 0.00799137
_11560_, 153.14, 342.72, 0.00799137
_11620_, 153.14, 342.72, 0.00799137
_15448_, 153.14, 342.72, 0.00799137
FILLER_0_121_310, 153.14, 342.72, 0.00799137
FILLER_0_123_333, 153.14, 342.72, 0.00799137
_08949_, 165.94, 342.72, 0.00796338
_10309_, 165.94, 342.72, 0.00796338
_14457_, 165.94, 342.72, 0.00796338
_14458_, 165.94, 342.72, 0.00796338
_14886_, 165.94, 342.72, 0.00796338
hold566, 165.94, 342.72, 0.00796338
FILLER_0_123_362, 165.94, 342.72, 0.00796338
_08294_, 191.54, 342.72, 0.00800194
_10831_, 191.54, 342.72, 0.00800194
FILLER_0_122_393, 191.54, 342.72, 0.00800194
FILLER_0_122_417, 191.54, 342.72, 0.00800194
_08072_, 204.34, 342.72, 0.00806797
_11558_, 204.34, 342.72, 0.00806797
_11559_, 204.34, 342.72, 0.00806797
_15415_, 204.34, 342.72, 0.00806797
hold752, 204.34, 342.72, 0.00806797
FILLER_0_122_432, 204.34, 342.72, 0.00806797
_09476_, 217.14, 342.72, 0.00812854
_09477_, 217.14, 342.72, 0.00812854
_10832_, 217.14, 342.72, 0.00812854
_10835_, 217.14, 342.72, 0.00812854
hold674, 217.14, 342.72, 0.00812854
FILLER_0_122_467, 217.14, 342.72, 0.00812854
_08530_, 229.94, 342.72, 0.00818332
_08557_, 229.94, 342.72, 0.00818332
_08879_, 229.94, 342.72, 0.00818332
_08918_, 229.94, 342.72, 0.00818332
_09063_, 229.94, 342.72, 0.00818332
_09064_, 229.94, 342.72, 0.00818332
_11699_, 229.94, 342.72, 0.00818332
FILLER_0_121_477, 229.94, 342.72, 0.00818332
FILLER_0_122_477, 229.94, 342.72, 0.00818332
_08880_, 242.74, 342.72, 0.00822832
_08919_, 242.74, 342.72, 0.00822832
_09438_, 242.74, 342.72, 0.00822832
_09463_, 242.74, 342.72, 0.00822832
_11590_, 242.74, 342.72, 0.00822832
_14636_, 242.74, 342.72, 0.00822832
FILLER_0_122_527, 242.74, 342.72, 0.00822832
_10278_, 255.54, 342.72, 0.00827025
_10419_, 255.54, 342.72, 0.00827025
_11607_, 255.54, 342.72, 0.00827025
_11684_, 255.54, 342.72, 0.00827025
FILLER_0_122_551, 255.54, 342.72, 0.00827025
_07977_, 268.34, 342.72, 0.0083011
_10417_, 268.34, 342.72, 0.0083011
_10418_, 268.34, 342.72, 0.0083011
_14635_, 268.34, 342.72, 0.0083011
_16539_, 268.34, 342.72, 0.0083011
FILLER_0_122_572, 268.34, 342.72, 0.0083011
FILLER_0_122_585, 268.34, 342.72, 0.0083011
FILLER_0_123_577, 268.34, 342.72, 0.0083011
_11019_, 281.14, 342.72, 0.00832458
_14634_, 281.14, 342.72, 0.00832458
hold609, 281.14, 342.72, 0.00832458
FILLER_0_121_594, 281.14, 342.72, 0.00832458
FILLER_0_123_605, 281.14, 342.72, 0.00832458
FILLER_0_123_613, 281.14, 342.72, 0.00832458
_07923_, 293.94, 342.72, 0.00834468
_08935_, 293.94, 342.72, 0.00834468
_09903_, 293.94, 342.72, 0.00834468
_11017_, 293.94, 342.72, 0.00834468
_14879_, 293.94, 342.72, 0.00834468
hold500, 293.94, 342.72, 0.00834468
_09084_, 306.74, 342.72, 0.0083516
_11604_, 306.74, 342.72, 0.0083516
_11605_, 306.74, 342.72, 0.0083516
_14633_, 306.74, 342.72, 0.0083516
_15441_, 306.74, 342.72, 0.0083516
_16538_, 306.74, 342.72, 0.0083516
hold852, 306.74, 342.72, 0.0083516
FILLER_0_123_662, 306.74, 342.72, 0.0083516
_15104_, 319.54, 342.72, 0.00834628
clkbuf_leaf_86_clk, 319.54, 342.72, 0.00834628
FILLER_0_122_689, 319.54, 342.72, 0.00834628
FILLER_0_123_689, 319.54, 342.72, 0.00834628
_08621_, 344.971, 342.72, 0.00844716
_09971_, 344.971, 342.72, 0.00844716
_10068_, 344.971, 342.72, 0.00844716
_10640_, 344.971, 342.72, 0.00844716
FILLER_0_121_735, 344.971, 342.72, 0.00844716
FILLER_0_122_725, 344.971, 342.72, 0.00844716
_08536_, 357.603, 342.72, 0.00856459
_10663_, 357.603, 342.72, 0.00856459
_14831_, 357.603, 342.72, 0.00856459
_14911_, 357.603, 342.72, 0.00856459
FILLER_0_122_753, 357.603, 342.72, 0.00856459
_08576_, 370.235, 342.72, 0.00866069
_11601_, 370.235, 342.72, 0.00866069
_11675_, 370.235, 342.72, 0.00866069
_11676_, 370.235, 342.72, 0.00866069
_15439_, 370.235, 342.72, 0.00866069
_15471_, 370.235, 342.72, 0.00866069
FILLER_0_121_780, 370.235, 342.72, 0.00866069
FILLER_0_123_794, 370.235, 342.72, 0.00866069
_08930_, 382.866, 342.72, 0.00874405
_09452_, 382.866, 342.72, 0.00874405
_10726_, 382.866, 342.72, 0.00874405
_15101_, 382.866, 342.72, 0.00874405
hold1070, 382.866, 342.72, 0.00874405
ANTENNA_58, 382.866, 342.72, 0.00874405
FILLER_0_121_807, 382.866, 342.72, 0.00874405
_09954_, 395.498, 342.72, 0.00881912
_14878_, 395.498, 342.72, 0.00881912
_15472_, 395.498, 342.72, 0.00881912
hold997, 395.498, 342.72, 0.00881912
_08932_, 408.13, 342.72, 0.00888368
_10897_, 408.13, 342.72, 0.00888368
_10898_, 408.13, 342.72, 0.00888368
clkbuf_leaf_117_clk, 408.13, 342.72, 0.00888368
FILLER_0_121_863, 408.13, 342.72, 0.00888368
FILLER_0_122_869, 408.13, 342.72, 0.00888368
_07634_, 420.761, 342.72, 0.00891923
_14906_, 420.761, 342.72, 0.00891923
hold702, 420.761, 342.72, 0.00891923
FILLER_0_123_906, 420.761, 342.72, 0.00891923
_08785_, 433.393, 342.72, 0.00894381
_09082_, 433.393, 342.72, 0.00894381
_14826_, 433.393, 342.72, 0.00894381
_14942_, 433.393, 342.72, 0.00894381
hold943, 433.393, 342.72, 0.00894381
FILLER_0_121_921, 433.393, 342.72, 0.00894381
FILLER_0_123_933, 433.393, 342.72, 0.00894381
_08793_, 446.025, 342.72, 0.00896044
_09004_, 446.025, 342.72, 0.00896044
_09005_, 446.025, 342.72, 0.00896044
_14910_, 446.025, 342.72, 0.00896044
hold1169, 446.025, 342.72, 0.00896044
FILLER_0_121_948, 446.025, 342.72, 0.00896044
_10659_, 458.656, 342.72, 0.00896807
FILLER_0_121_985, 458.656, 342.72, 0.00896807
FILLER_0_122_972, 458.656, 342.72, 0.00896807
_08783_, 471.288, 342.72, 0.00897354
_14825_, 471.288, 342.72, 0.00897354
hold1287, 471.288, 342.72, 0.00897354
FILLER_0_121_1005, 471.288, 342.72, 0.00897354
FILLER_0_122_1005, 471.288, 342.72, 0.00897354
FILLER_0_122_1013, 471.288, 342.72, 0.00897354
PHY_238, 5.52, 337.28, 0.00749487
PHY_240, 5.52, 337.28, 0.00749487
_07404_, 483.92, 337.28, 0.00867681
PHY_239, 483.92, 337.28, 0.00867681
PHY_241, 483.92, 337.28, 0.00867681
output59, 483.92, 337.28, 0.00867681
FILLER_0_119_1031, 483.92, 337.28, 0.00867681
_09421_, 15.33, 337.28, 0.00749487
FILLER_0_119_15, 15.33, 337.28, 0.00749487
FILLER_0_121_27, 15.33, 337.28, 0.00749487
_09465_, 37.94, 337.28, 0.00754675
_14637_, 37.94, 337.28, 0.00754675
_14672_, 37.94, 337.28, 0.00754675
hold1116, 37.94, 337.28, 0.00754675
_10462_, 50.74, 337.28, 0.00759757
_11645_, 50.74, 337.28, 0.00759757
_15459_, 50.74, 337.28, 0.00759757
FILLER_0_120_85, 50.74, 337.28, 0.00759757
FILLER_0_121_106, 50.74, 337.28, 0.00759757
_11550_, 63.54, 337.28, 0.00764048
_15443_, 63.54, 337.28, 0.00764048
FILLER_0_120_119, 63.54, 337.28, 0.00764048
FILLER_0_121_133, 63.54, 337.28, 0.00764048
_08078_, 76.34, 337.28, 0.00767952
_08089_, 76.34, 337.28, 0.00767952
_08940_, 76.34, 337.28, 0.00767952
_14881_, 76.34, 337.28, 0.00767952
hold1275, 76.34, 337.28, 0.00767952
_07703_, 89.14, 337.28, 0.00771335
_09467_, 89.14, 337.28, 0.00771335
hold1195, 89.14, 337.28, 0.00771335
FILLER_0_119_177, 89.14, 337.28, 0.00771335
FILLER_0_120_191, 89.14, 337.28, 0.00771335
_09483_, 101.94, 337.28, 0.00774395
_14461_, 101.94, 337.28, 0.00774395
_14683_, 101.94, 337.28, 0.00774395
hold732, 101.94, 337.28, 0.00774395
hold1375, 101.94, 337.28, 0.00774395
FILLER_0_120_212, 101.94, 337.28, 0.00774395
FILLER_0_120_220, 101.94, 337.28, 0.00774395
FILLER_0_121_210, 101.94, 337.28, 0.00774395
FILLER_0_121_221, 101.94, 337.28, 0.00774395
_10076_, 114.74, 337.28, 0.00777203
_10292_, 114.74, 337.28, 0.00777203
FILLER_0_119_225, 114.74, 337.28, 0.00777203
FILLER_0_120_249, 114.74, 337.28, 0.00777203
FILLER_0_121_249, 114.74, 337.28, 0.00777203
_08295_, 127.54, 337.28, 0.0077837
_08302_, 127.54, 337.28, 0.0077837
_08355_, 127.54, 337.28, 0.0077837
_09431_, 127.54, 337.28, 0.0077837
_10300_, 140.34, 337.28, 0.00779355
FILLER_0_119_293, 140.34, 337.28, 0.00779355
FILLER_0_120_281, 140.34, 337.28, 0.00779355
FILLER_0_120_297, 140.34, 337.28, 0.00779355
FILLER_0_120_305, 140.34, 337.28, 0.00779355
_10306_, 153.14, 337.28, 0.00779926
_11561_, 153.14, 337.28, 0.00779926
_11619_, 153.14, 337.28, 0.00779926
hold839, 153.14, 337.28, 0.00779926
FILLER_0_120_312, 153.14, 337.28, 0.00779926
FILLER_0_120_326, 153.14, 337.28, 0.00779926
_08950_, 165.94, 337.28, 0.00780026
_13275_, 165.94, 337.28, 0.00780026
_16448_, 165.94, 337.28, 0.00780026
hold1167, 165.94, 337.28, 0.00780026
FILLER_0_119_337, 165.94, 337.28, 0.00780026
FILLER_0_120_361, 165.94, 337.28, 0.00780026
FILLER_0_121_352, 165.94, 337.28, 0.00780026
_09428_, 191.54, 337.28, 0.00788742
_15463_, 191.54, 337.28, 0.00788742
hold726, 191.54, 337.28, 0.00788742
FILLER_0_119_401, 191.54, 337.28, 0.00788742
_11653_, 204.34, 337.28, 0.00797738
_11701_, 204.34, 337.28, 0.00797738
_15479_, 204.34, 337.28, 0.00797738
FILLER_0_119_424, 204.34, 337.28, 0.00797738
FILLER_0_120_444, 204.34, 337.28, 0.00797738
_10836_, 217.14, 337.28, 0.00806339
_11617_, 217.14, 337.28, 0.00806339
hold1056, 217.14, 337.28, 0.00806339
FILLER_0_119_458, 217.14, 337.28, 0.00806339
FILLER_0_120_459, 217.14, 337.28, 0.00806339
FILLER_0_120_473, 217.14, 337.28, 0.00806339
_08730_, 229.94, 337.28, 0.00814632
_08948_, 229.94, 337.28, 0.00814632
_10063_, 229.94, 337.28, 0.00814632
_10850_, 229.94, 337.28, 0.00814632
_11608_, 229.94, 337.28, 0.00814632
hold665, 229.94, 337.28, 0.00814632
FILLER_0_121_489, 229.94, 337.28, 0.00814632
FILLER_0_121_496, 229.94, 337.28, 0.00814632
_08920_, 242.74, 337.28, 0.00819379
_08938_, 242.74, 337.28, 0.00819379
_10053_, 242.74, 337.28, 0.00819379
_11531_, 242.74, 337.28, 0.00819379
_11549_, 242.74, 337.28, 0.00819379
_11591_, 242.74, 337.28, 0.00819379
_14618_, 242.74, 337.28, 0.00819379
_14619_, 242.74, 337.28, 0.00819379
_15442_, 242.74, 337.28, 0.00819379
FILLER_0_120_528, 242.74, 337.28, 0.00819379
_10420_, 255.54, 337.28, 0.00822513
_11606_, 255.54, 337.28, 0.00822513
_15410_, 255.54, 337.28, 0.00822513
hold1085, 255.54, 337.28, 0.00822513
FILLER_0_120_544, 255.54, 337.28, 0.00822513
FILLER_0_121_553, 255.54, 337.28, 0.00822513
_11547_, 268.34, 337.28, 0.00824977
hold538, 268.34, 337.28, 0.00824977
FILLER_0_120_579, 268.34, 337.28, 0.00824977
_11016_, 281.14, 337.28, 0.00827394
_11546_, 281.14, 337.28, 0.00827394
clkbuf_leaf_85_clk, 281.14, 337.28, 0.00827394
FILLER_0_120_601, 281.14, 337.28, 0.00827394
_11018_, 293.94, 337.28, 0.00827817
_15409_, 293.94, 337.28, 0.00827817
FILLER_0_120_638, 293.94, 337.28, 0.00827817
FILLER_0_121_639, 293.94, 337.28, 0.00827817
_10308_, 306.74, 337.28, 0.00827634
_10325_, 306.74, 337.28, 0.00827634
_14632_, 306.74, 337.28, 0.00827634
FILLER_0_119_641, 306.74, 337.28, 0.00827634
FILLER_0_120_645, 306.74, 337.28, 0.00827634
_09457_, 319.54, 337.28, 0.00824224
_09460_, 319.54, 337.28, 0.00824224
_10371_, 319.54, 337.28, 0.00824224
_10372_, 319.54, 337.28, 0.00824224
_10375_, 319.54, 337.28, 0.00824224
_15103_, 319.54, 337.28, 0.00824224
FILLER_0_119_673, 319.54, 337.28, 0.00824224
_08631_, 344.971, 337.28, 0.00826888
_09326_, 344.971, 337.28, 0.00826888
_09942_, 344.971, 337.28, 0.00826888
_09962_, 344.971, 337.28, 0.00826888
_10088_, 344.971, 337.28, 0.00826888
ANTENNA_103, 344.971, 337.28, 0.00826888
_08535_, 357.603, 337.28, 0.00833408
_09007_, 357.603, 337.28, 0.00833408
_09908_, 357.603, 337.28, 0.00833408
_10662_, 357.603, 337.28, 0.00833408
hold482, 357.603, 337.28, 0.00833408
FILLER_0_120_760, 357.603, 337.28, 0.00833408
FILLER_0_120_768, 357.603, 337.28, 0.00833408
FILLER_0_120_776, 357.603, 337.28, 0.00833408
_07579_, 370.235, 337.28, 0.00838818
_09450_, 370.235, 337.28, 0.00838818
_11600_, 370.235, 337.28, 0.00838818
hold728, 370.235, 337.28, 0.00838818
FILLER_0_119_785, 370.235, 337.28, 0.00838818
FILLER_0_120_806, 370.235, 337.28, 0.00838818
_07813_, 382.866, 337.28, 0.0084379
_09451_, 382.866, 337.28, 0.0084379
_10724_, 382.866, 337.28, 0.0084379
_10725_, 382.866, 337.28, 0.0084379
FILLER_0_119_808, 382.866, 337.28, 0.0084379
FILLER_0_121_828, 382.866, 337.28, 0.0084379
_08933_, 395.498, 337.28, 0.00848384
_09981_, 395.498, 337.28, 0.00848384
FILLER_0_120_858, 395.498, 337.28, 0.00848384
FILLER_0_121_849, 395.498, 337.28, 0.00848384
FILLER_0_121_857, 395.498, 337.28, 0.00848384
_10899_, 408.13, 337.28, 0.00852891
_11543_, 408.13, 337.28, 0.00852891
_11544_, 408.13, 337.28, 0.00852891
_15408_, 408.13, 337.28, 0.00852891
hold874, 408.13, 337.28, 0.00852891
FILLER_0_119_866, 408.13, 337.28, 0.00852891
FILLER_0_120_869, 408.13, 337.28, 0.00852891
FILLER_0_121_886, 408.13, 337.28, 0.00852891
_14626_, 420.761, 337.28, 0.00856655
_14627_, 420.761, 337.28, 0.00856655
_16551_, 420.761, 337.28, 0.00856655
FILLER_0_119_891, 420.761, 337.28, 0.00856655
FILLER_0_120_907, 420.761, 337.28, 0.00856655
hold953, 433.393, 337.28, 0.00860028
FILLER_0_119_930, 433.393, 337.28, 0.00860028
_09410_, 446.025, 337.28, 0.00863372
_09455_, 446.025, 337.28, 0.00863372
_15102_, 446.025, 337.28, 0.00863372
FILLER_0_119_956, 446.025, 337.28, 0.00863372
FILLER_0_120_945, 446.025, 337.28, 0.00863372
FILLER_0_120_953, 446.025, 337.28, 0.00863372
_09445_, 458.656, 337.28, 0.00866182
_09446_, 458.656, 337.28, 0.00866182
_09449_, 458.656, 337.28, 0.00866182
_15099_, 458.656, 337.28, 0.00866182
_15100_, 458.656, 337.28, 0.00866182
hold1541, 458.656, 337.28, 0.00866182
FILLER_0_119_977, 458.656, 337.28, 0.00866182
FILLER_0_120_998, 458.656, 337.28, 0.00866182
_09439_, 471.288, 337.28, 0.00867614
_09440_, 471.288, 337.28, 0.00867614
_15097_, 471.288, 337.28, 0.00867614
_15098_, 471.288, 337.28, 0.00867614
hold1525, 471.288, 337.28, 0.00867614
FILLER_0_121_1021, 471.288, 337.28, 0.00867614
PHY_234, 5.52, 331.84, 0.00741091
PHY_236, 5.52, 331.84, 0.00741091
PHY_235, 483.92, 331.84, 0.00842157
PHY_237, 483.92, 331.84, 0.00842157
output68, 483.92, 331.84, 0.00842157
ANTENNA_90, 483.92, 331.84, 0.00842157
FILLER_0_118_1027, 483.92, 331.84, 0.00842157
_15089_, 15.33, 331.84, 0.00741091
FILLER_0_118_29, 15.33, 331.84, 0.00741091
_15331_, 37.94, 331.84, 0.00748863
hold703, 37.94, 331.84, 0.00748863
hold1110, 37.94, 331.84, 0.00748863
FILLER_0_117_69, 37.94, 331.84, 0.00748863
FILLER_0_119_78, 37.94, 331.84, 0.00748863
_08073_, 50.74, 331.84, 0.00756498
_11404_, 50.74, 331.84, 0.00756498
FILLER_0_118_94, 50.74, 331.84, 0.00756498
FILLER_0_119_107, 50.74, 331.84, 0.00756498
_08074_, 63.54, 331.84, 0.00764055
_08088_, 63.54, 331.84, 0.00764055
_10463_, 63.54, 331.84, 0.00764055
_11609_, 63.54, 331.84, 0.00764055
_14977_, 63.54, 331.84, 0.00764055
FILLER_0_117_113, 63.54, 331.84, 0.00764055
FILLER_0_118_120, 63.54, 331.84, 0.00764055
_08083_, 76.34, 331.84, 0.00770516
_08939_, 76.34, 331.84, 0.00770516
_10457_, 76.34, 331.84, 0.00770516
_10459_, 76.34, 331.84, 0.00770516
_10464_, 76.34, 331.84, 0.00770516
ANTENNA_45, 76.34, 331.84, 0.00770516
FILLER_0_119_163, 76.34, 331.84, 0.00770516
_12484_, 89.14, 331.84, 0.00775725
_14447_, 89.14, 331.84, 0.00775725
_15111_, 89.14, 331.84, 0.00775725
_15764_, 89.14, 331.84, 0.00775725
hold1306, 89.14, 331.84, 0.00775725
FILLER_0_118_177, 89.14, 331.84, 0.00775725
FILLER_0_118_185, 89.14, 331.84, 0.00775725
_09057_, 101.94, 331.84, 0.00779062
_09482_, 101.94, 331.84, 0.00779062
_14934_, 101.94, 331.84, 0.00779062
_15336_, 101.94, 331.84, 0.00779062
FILLER_0_117_203, 101.94, 331.84, 0.00779062
FILLER_0_118_207, 101.94, 331.84, 0.00779062
FILLER_0_119_213, 101.94, 331.84, 0.00779062
FILLER_0_119_221, 101.94, 331.84, 0.00779062
_08353_, 114.74, 331.84, 0.00781578
clkbuf_leaf_35_clk, 114.74, 331.84, 0.00781578
FILLER_0_119_251, 114.74, 331.84, 0.00781578
_08070_, 127.54, 331.84, 0.00781785
_08071_, 127.54, 331.84, 0.00781785
_08297_, 127.54, 331.84, 0.00781785
_08301_, 127.54, 331.84, 0.00781785
_08348_, 127.54, 331.84, 0.00781785
_08350_, 127.54, 331.84, 0.00781785
_08352_, 127.54, 331.84, 0.00781785
_08354_, 127.54, 331.84, 0.00781785
FILLER_0_118_261, 127.54, 331.84, 0.00781785
_09179_, 140.34, 331.84, 0.00781714
_10297_, 140.34, 331.84, 0.00781714
_12494_, 140.34, 331.84, 0.00781714
_15416_, 140.34, 331.84, 0.00781714
_15769_, 140.34, 331.84, 0.00781714
FILLER_0_118_286, 140.34, 331.84, 0.00781714
_11703_, 153.14, 331.84, 0.00780196
_11704_, 153.14, 331.84, 0.00780196
_15480_, 153.14, 331.84, 0.00780196
hold542, 153.14, 331.84, 0.00780196
FILLER_0_117_313, 153.14, 331.84, 0.00780196
_10101_, 165.94, 331.84, 0.00778252
_14933_, 165.94, 331.84, 0.00778252
clkbuf_4_9_0_clk, 165.94, 331.84, 0.00778252
FILLER_0_117_337, 165.94, 331.84, 0.00778252
FILLER_0_118_338, 165.94, 331.84, 0.00778252
_07530_, 191.54, 331.84, 0.00776299
_10827_, 191.54, 331.84, 0.00776299
_10830_, 191.54, 331.84, 0.00776299
_11652_, 191.54, 331.84, 0.00776299
hold653, 191.54, 331.84, 0.00776299
FILLER_0_117_393, 191.54, 331.84, 0.00776299
FILLER_0_117_404, 191.54, 331.84, 0.00776299
FILLER_0_118_409, 191.54, 331.84, 0.00776299
_07468_, 204.34, 331.84, 0.00782993
_08076_, 204.34, 331.84, 0.00782993
_08296_, 204.34, 331.84, 0.00782993
_11700_, 204.34, 331.84, 0.00782993
FILLER_0_118_421, 204.34, 331.84, 0.00782993
FILLER_0_118_438, 204.34, 331.84, 0.00782993
FILLER_0_119_443, 204.34, 331.84, 0.00782993
_08947_, 217.14, 331.84, 0.00789239
_10833_, 217.14, 331.84, 0.00789239
_10834_, 217.14, 331.84, 0.00789239
_11618_, 217.14, 331.84, 0.00789239
_15447_, 217.14, 331.84, 0.00789239
FILLER_0_118_470, 217.14, 331.84, 0.00789239
_10289_, 229.94, 331.84, 0.007948
_14885_, 229.94, 331.84, 0.007948
FILLER_0_118_501, 229.94, 331.84, 0.007948
FILLER_0_119_500, 229.94, 331.84, 0.007948
_08917_, 242.74, 331.84, 0.00799053
_08921_, 242.74, 331.84, 0.00799053
_09419_, 242.74, 331.84, 0.00799053
_11532_, 242.74, 331.84, 0.00799053
_11661_, 242.74, 331.84, 0.00799053
_11662_, 242.74, 331.84, 0.00799053
_11687_, 242.74, 331.84, 0.00799053
_14654_, 242.74, 331.84, 0.00799053
_14671_, 242.74, 331.84, 0.00799053
FILLER_0_118_527, 242.74, 331.84, 0.00799053
_10373_, 255.54, 331.84, 0.00803141
_10374_, 255.54, 331.84, 0.00803141
_10421_, 255.54, 331.84, 0.00803141
_11548_, 255.54, 331.84, 0.00803141
_14441_, 255.54, 331.84, 0.00803141
clkbuf_leaf_83_clk, 255.54, 331.84, 0.00803141
FILLER_0_117_533, 255.54, 331.84, 0.00803141
FILLER_0_119_554, 255.54, 331.84, 0.00803141
_09418_, 268.34, 331.84, 0.00804458
_15088_, 268.34, 331.84, 0.00804458
FILLER_0_118_577, 268.34, 331.84, 0.00804458
_07975_, 281.14, 331.84, 0.00805393
_10416_, 281.14, 331.84, 0.00805393
hold620, 281.14, 331.84, 0.00805393
FILLER_0_118_610, 281.14, 331.84, 0.00805393
FILLER_0_119_609, 281.14, 331.84, 0.00805393
_11034_, 293.94, 331.84, 0.00805768
_11545_, 293.94, 331.84, 0.00805768
_14439_, 293.94, 331.84, 0.00805768
hold1345, 293.94, 331.84, 0.00805768
FILLER_0_118_626, 293.94, 331.84, 0.00805768
FILLER_0_118_633, 293.94, 331.84, 0.00805768
_14667_, 306.74, 331.84, 0.00804774
hold514, 306.74, 331.84, 0.00804774
hold886, 306.74, 331.84, 0.00804774
FILLER_0_118_641, 306.74, 331.84, 0.00804774
FILLER_0_118_645, 306.74, 331.84, 0.00804774
FILLER_0_119_663, 306.74, 331.84, 0.00804774
_07921_, 319.54, 331.84, 0.00803702
_09325_, 319.54, 331.84, 0.00803702
_09887_, 319.54, 331.84, 0.00803702
_14437_, 319.54, 331.84, 0.00803702
hold773, 319.54, 331.84, 0.00803702
FILLER_0_118_671, 319.54, 331.84, 0.00803702
FILLER_0_118_691, 319.54, 331.84, 0.00803702
FILLER_0_119_689, 319.54, 331.84, 0.00803702
_09412_, 344.971, 331.84, 0.00810823
_14664_, 344.971, 331.84, 0.00810823
_15085_, 344.971, 331.84, 0.00810823
_16552_, 344.971, 331.84, 0.00810823
clkbuf_leaf_131_clk, 344.971, 331.84, 0.00810823
hold661, 344.971, 331.84, 0.00810823
_15455_, 357.603, 331.84, 0.0081779
hold899, 357.603, 331.84, 0.0081779
FILLER_0_118_753, 357.603, 331.84, 0.0081779
FILLER_0_118_765, 357.603, 331.84, 0.0081779
FILLER_0_119_778, 357.603, 331.84, 0.0081779
_10727_, 370.235, 331.84, 0.00824352
_11635_, 370.235, 331.84, 0.00824352
clkbuf_leaf_130_clk, 370.235, 331.84, 0.00824352
FILLER_0_118_787, 370.235, 331.84, 0.00824352
FILLER_0_119_796, 370.235, 331.84, 0.00824352
_11542_, 382.866, 331.84, 0.00828484
_15407_, 382.866, 331.84, 0.00828484
ANTENNA_126, 382.866, 331.84, 0.00828484
FILLER_0_117_813, 382.866, 331.84, 0.00828484
FILLER_0_118_813, 382.866, 331.84, 0.00828484
FILLER_0_119_821, 382.866, 331.84, 0.00828484
_09453_, 395.498, 331.84, 0.00832241
_09980_, 395.498, 331.84, 0.00832241
_09982_, 395.498, 331.84, 0.00832241
_15440_, 395.498, 331.84, 0.00832241
hold1134, 395.498, 331.84, 0.00832241
FILLER_0_118_844, 395.498, 331.84, 0.00832241
_07866_, 408.13, 331.84, 0.00834959
_11603_, 408.13, 331.84, 0.00834959
_09447_, 420.761, 331.84, 0.00837596
_10142_, 420.761, 331.84, 0.00837596
_14661_, 420.761, 331.84, 0.00837596
_14662_, 420.761, 331.84, 0.00837596
_16535_, 420.761, 331.84, 0.00837596
hold838, 420.761, 331.84, 0.00837596
FILLER_0_117_893, 420.761, 331.84, 0.00837596
_11633_, 433.393, 331.84, 0.00839259
_11634_, 433.393, 331.84, 0.00839259
_15454_, 433.393, 331.84, 0.00839259
hold884, 433.393, 331.84, 0.00839259
_09409_, 446.025, 331.84, 0.00840498
_09454_, 446.025, 331.84, 0.00840498
_15084_, 446.025, 331.84, 0.00840498
hold846, 446.025, 331.84, 0.00840498
hold928, 446.025, 331.84, 0.00840498
FILLER_0_117_947, 446.025, 331.84, 0.00840498
_09448_, 458.656, 331.84, 0.00841148
FILLER_0_118_972, 458.656, 331.84, 0.00841148
FILLER_0_118_981, 458.656, 331.84, 0.00841148
FILLER_0_118_995, 458.656, 331.84, 0.00841148
_09442_, 471.288, 331.84, 0.00841729
_09443_, 471.288, 331.84, 0.00841729
hold618, 471.288, 331.84, 0.00841729
FILLER_0_119_1025, 471.288, 331.84, 0.00841729
PHY_230, 5.52, 326.4, 0.0072665
PHY_232, 5.52, 326.4, 0.0072665
output46, 5.52, 326.4, 0.0072665
PHY_231, 483.92, 326.4, 0.00843958
PHY_233, 483.92, 326.4, 0.00843958
hold958, 483.92, 326.4, 0.00843958
FILLER_0_115_1034, 483.92, 326.4, 0.00843958
FILLER_0_116_21, 15.33, 326.4, 0.00726493
FILLER_0_117_27, 15.33, 326.4, 0.00726493
_08086_, 37.94, 326.4, 0.00735638
_09046_, 37.94, 326.4, 0.00735638
_11405_, 37.94, 326.4, 0.00735638
_16380_, 37.94, 326.4, 0.00735638
hold939, 37.94, 326.4, 0.00735638
FILLER_0_116_75, 37.94, 326.4, 0.00735638
_08977_, 50.74, 326.4, 0.00744444
_10458_, 50.74, 326.4, 0.00744444
_14897_, 50.74, 326.4, 0.00744444
hold553, 50.74, 326.4, 0.00744444
FILLER_0_116_106, 50.74, 326.4, 0.00744444
_08976_, 63.54, 326.4, 0.00752368
_09169_, 63.54, 326.4, 0.00752368
hold1016, 63.54, 326.4, 0.00752368
FILLER_0_115_113, 63.54, 326.4, 0.00752368
FILLER_0_116_137, 63.54, 326.4, 0.00752368
FILLER_0_117_140, 63.54, 326.4, 0.00752368
_07547_, 76.34, 326.4, 0.00759901
_07708_, 76.34, 326.4, 0.00759901
_08082_, 76.34, 326.4, 0.00759901
_10456_, 76.34, 326.4, 0.00759901
FILLER_0_116_162, 76.34, 326.4, 0.00759901
_08942_, 89.14, 326.4, 0.00766542
_10476_, 89.14, 326.4, 0.00766542
_12483_, 89.14, 326.4, 0.00766542
FILLER_0_116_190, 89.14, 326.4, 0.00766542
_08538_, 101.94, 326.4, 0.00770385
_09056_, 101.94, 326.4, 0.00770385
FILLER_0_116_197, 101.94, 326.4, 0.00770385
FILLER_0_116_207, 101.94, 326.4, 0.00770385
FILLER_0_116_215, 101.94, 326.4, 0.00770385
_11414_, 114.74, 326.4, 0.00773507
_11415_, 114.74, 326.4, 0.00773507
_11686_, 114.74, 326.4, 0.00773507
_14902_, 114.74, 326.4, 0.00773507
clkbuf_4_8_0_clk, 114.74, 326.4, 0.00773507
hold656, 114.74, 326.4, 0.00773507
_08299_, 127.54, 326.4, 0.00770276
_08351_, 127.54, 326.4, 0.00770276
_10295_, 127.54, 326.4, 0.00770276
_14982_, 127.54, 326.4, 0.00770276
FILLER_0_116_253, 127.54, 326.4, 0.00770276
FILLER_0_117_268, 127.54, 326.4, 0.00770276
FILLER_0_117_274, 127.54, 326.4, 0.00770276
_10298_, 140.34, 326.4, 0.00765957
_12493_, 140.34, 326.4, 0.00765957
_13017_, 140.34, 326.4, 0.00765957
hold1211, 140.34, 326.4, 0.00765957
hold1513, 140.34, 326.4, 0.00765957
FILLER_0_116_303, 140.34, 326.4, 0.00765957
_09309_, 153.14, 326.4, 0.00760879
hold933, 153.14, 326.4, 0.00760879
FILLER_0_117_327, 153.14, 326.4, 0.00760879
_08300_, 165.94, 326.4, 0.00755755
_09055_, 165.94, 326.4, 0.00755755
_10451_, 165.94, 326.4, 0.00755755
hold865, 165.94, 326.4, 0.00755755
FILLER_0_116_342, 165.94, 326.4, 0.00755755
_07467_, 191.54, 326.4, 0.00759505
_09178_, 191.54, 326.4, 0.00759505
_10828_, 191.54, 326.4, 0.00759505
_10829_, 191.54, 326.4, 0.00759505
_14981_, 191.54, 326.4, 0.00759505
clkbuf_leaf_76_clk, 191.54, 326.4, 0.00759505
hold1159, 191.54, 326.4, 0.00759505
FILLER_0_117_411, 191.54, 326.4, 0.00759505
_12491_, 204.34, 326.4, 0.0076485
_12492_, 204.34, 326.4, 0.0076485
_15768_, 204.34, 326.4, 0.0076485
hold1107, 204.34, 326.4, 0.0076485
FILLER_0_115_422, 204.34, 326.4, 0.0076485
FILLER_0_117_438, 204.34, 326.4, 0.0076485
_09475_, 217.14, 326.4, 0.00769018
_13028_, 217.14, 326.4, 0.00769018
_15916_, 217.14, 326.4, 0.00769018
hold1526, 217.14, 326.4, 0.00769018
FILLER_0_115_449, 217.14, 326.4, 0.00769018
FILLER_0_116_454, 217.14, 326.4, 0.00769018
FILLER_0_116_461, 217.14, 326.4, 0.00769018
FILLER_0_117_465, 217.14, 326.4, 0.00769018
_09401_, 229.94, 326.4, 0.00772514
_14653_, 229.94, 326.4, 0.00772514
_15045_, 229.94, 326.4, 0.00772514
hold1319, 229.94, 326.4, 0.00772514
_08916_, 242.74, 326.4, 0.00775602
_09402_, 242.74, 326.4, 0.00775602
_11626_, 242.74, 326.4, 0.00775602
_11643_, 242.74, 326.4, 0.00775602
hold1421, 242.74, 326.4, 0.00775602
FILLER_0_116_524, 242.74, 326.4, 0.00775602
_14442_, 255.54, 326.4, 0.00778597
_16443_, 255.54, 326.4, 0.00778597
hold1100, 255.54, 326.4, 0.00778597
FILLER_0_115_533, 255.54, 326.4, 0.00778597
FILLER_0_117_557, 255.54, 326.4, 0.00778597
_10376_, 268.34, 326.4, 0.00781182
_10378_, 268.34, 326.4, 0.00781182
_10422_, 268.34, 326.4, 0.00781182
_10423_, 268.34, 326.4, 0.00781182
_14670_, 268.34, 326.4, 0.00781182
_16555_, 268.34, 326.4, 0.00781182
FILLER_0_115_561, 268.34, 326.4, 0.00781182
FILLER_0_116_575, 268.34, 326.4, 0.00781182
FILLER_0_117_573, 268.34, 326.4, 0.00781182
_09417_, 281.14, 326.4, 0.00782337
_11020_, 281.14, 326.4, 0.00782337
_14669_, 281.14, 326.4, 0.00782337
hold495, 281.14, 326.4, 0.00782337
FILLER_0_115_586, 281.14, 326.4, 0.00782337
FILLER_0_116_607, 281.14, 326.4, 0.00782337
_14438_, 293.94, 326.4, 0.00783179
_16442_, 293.94, 326.4, 0.00783179
FILLER_0_116_620, 293.94, 326.4, 0.00783179
_09416_, 306.74, 326.4, 0.00783632
_11015_, 306.74, 326.4, 0.00783632
_14668_, 306.74, 326.4, 0.00783632
_15087_, 306.74, 326.4, 0.00783632
_16554_, 306.74, 326.4, 0.00783632
FILLER_0_115_641, 306.74, 326.4, 0.00783632
FILLER_0_116_645, 306.74, 326.4, 0.00783632
_09415_, 319.54, 326.4, 0.00782784
_11640_, 319.54, 326.4, 0.00782784
FILLER_0_115_673, 319.54, 326.4, 0.00782784
FILLER_0_116_694, 319.54, 326.4, 0.00782784
_09411_, 344.971, 326.4, 0.00793881
_10723_, 344.971, 326.4, 0.00793881
_14663_, 344.971, 326.4, 0.00793881
_16536_, 344.971, 326.4, 0.00793881
FILLER_0_115_729, 344.971, 326.4, 0.00793881
_07811_, 357.603, 326.4, 0.00805095
_10728_, 357.603, 326.4, 0.00805095
_11636_, 357.603, 326.4, 0.00805095
hold475, 357.603, 326.4, 0.00805095
FILLER_0_116_778, 357.603, 326.4, 0.00805095
FILLER_0_117_779, 357.603, 326.4, 0.00805095
_09441_, 370.235, 326.4, 0.00816027
_14432_, 370.235, 326.4, 0.00816027
_14433_, 370.235, 326.4, 0.00816027
_16440_, 370.235, 326.4, 0.00816027
hold498, 370.235, 326.4, 0.00816027
FILLER_0_115_785, 370.235, 326.4, 0.00816027
FILLER_0_116_794, 370.235, 326.4, 0.00816027
_11541_, 382.866, 326.4, 0.0082613
clkbuf_4_13_0_clk, 382.866, 326.4, 0.0082613
hold792, 382.866, 326.4, 0.0082613
FILLER_0_115_812, 382.866, 326.4, 0.0082613
FILLER_0_116_807, 382.866, 326.4, 0.0082613
FILLER_0_116_821, 382.866, 326.4, 0.0082613
FILLER_0_117_833, 382.866, 326.4, 0.0082613
_09983_, 395.498, 326.4, 0.00830024
_11602_, 395.498, 326.4, 0.00830024
hold1137, 395.498, 326.4, 0.00830024
FILLER_0_117_849, 395.498, 326.4, 0.00830024
FILLER_0_115_867, 408.13, 326.4, 0.00833638
FILLER_0_115_875, 408.13, 326.4, 0.00833638
FILLER_0_116_864, 408.13, 326.4, 0.00833638
FILLER_0_116_881, 408.13, 326.4, 0.00833638
_07756_, 420.761, 326.4, 0.00837252
_10138_, 420.761, 326.4, 0.00837252
_10141_, 420.761, 326.4, 0.00837252
hold636, 420.761, 326.4, 0.00837252
FILLER_0_116_907, 420.761, 326.4, 0.00837252
clkbuf_leaf_118_clk, 433.393, 326.4, 0.00840442
hold584, 433.393, 326.4, 0.00840442
_07759_, 446.025, 326.4, 0.00841804
_11672_, 446.025, 326.4, 0.00841804
FILLER_0_115_949, 446.025, 326.4, 0.00841804
FILLER_0_115_953, 446.025, 326.4, 0.00841804
FILLER_0_116_959, 446.025, 326.4, 0.00841804
_10137_, 458.656, 326.4, 0.00843133
hold725, 458.656, 326.4, 0.00843133
FILLER_0_117_998, 458.656, 326.4, 0.00843133
_08929_, 471.288, 326.4, 0.00843927
_11598_, 471.288, 326.4, 0.00843927
_15406_, 471.288, 326.4, 0.00843927
_15438_, 471.288, 326.4, 0.00843927
FILLER_0_116_1017, 471.288, 326.4, 0.00843927
FILLER_0_116_1025, 471.288, 326.4, 0.00843927
FILLER_0_117_1017, 471.288, 326.4, 0.00843927
PHY_226, 5.52, 320.96, 0.00708874
PHY_228, 5.52, 320.96, 0.00708874
PHY_227, 483.92, 320.96, 0.00794508
PHY_229, 483.92, 320.96, 0.00794508
FILLER_0_113_1034, 483.92, 320.96, 0.00794508
_14336_, 37.94, 320.96, 0.00713706
_14639_, 37.94, 320.96, 0.00713706
hold1485, 37.94, 320.96, 0.00713706
FILLER_0_113_66, 37.94, 320.96, 0.00713706
FILLER_0_114_80, 37.94, 320.96, 0.00713706
_09473_, 50.74, 320.96, 0.00718478
_09474_, 50.74, 320.96, 0.00718478
_14335_, 50.74, 320.96, 0.00718478
_15108_, 50.74, 320.96, 0.00718478
hold1266, 50.74, 320.96, 0.00718478
hold1538, 50.74, 320.96, 0.00718478
FILLER_0_114_95, 50.74, 320.96, 0.00718478
FILLER_0_115_108, 50.74, 320.96, 0.00718478
_09170_, 63.54, 320.96, 0.00722319
_09422_, 63.54, 320.96, 0.00722319
hold582, 63.54, 320.96, 0.00722319
hold982, 63.54, 320.96, 0.00722319
FILLER_0_114_130, 63.54, 320.96, 0.00722319
_13907_, 76.34, 320.96, 0.00725961
FILLER_0_113_144, 76.34, 320.96, 0.00725961
FILLER_0_113_151, 76.34, 320.96, 0.00725961
FILLER_0_115_160, 76.34, 320.96, 0.00725961
_08941_, 89.14, 320.96, 0.00729593
_09090_, 89.14, 320.96, 0.00729593
_11553_, 89.14, 320.96, 0.00729593
_14882_, 89.14, 320.96, 0.00729593
_15412_, 89.14, 320.96, 0.00729593
hold1412, 89.14, 320.96, 0.00729593
FILLER_0_113_175, 89.14, 320.96, 0.00729593
_08979_, 101.94, 320.96, 0.00731971
_08987_, 101.94, 320.96, 0.00731971
_14898_, 101.94, 320.96, 0.00731971
hold1361, 101.94, 320.96, 0.00731971
hold1394, 101.94, 320.96, 0.00731971
FILLER_0_114_210, 101.94, 320.96, 0.00731971
FILLER_0_115_213, 101.94, 320.96, 0.00731971
_08986_, 114.74, 320.96, 0.00733888
_16385_, 114.74, 320.96, 0.00733888
hold863, 114.74, 320.96, 0.00733888
FILLER_0_113_225, 114.74, 320.96, 0.00733888
FILLER_0_114_246, 114.74, 320.96, 0.00733888
FILLER_0_115_249, 114.74, 320.96, 0.00733888
_08084_, 127.54, 320.96, 0.00735381
_09180_, 127.54, 320.96, 0.00735381
_13018_, 127.54, 320.96, 0.00735381
_13917_, 127.54, 320.96, 0.00735381
_15911_, 127.54, 320.96, 0.00735381
hold912, 127.54, 320.96, 0.00735381
FILLER_0_115_273, 127.54, 320.96, 0.00735381
_10299_, 140.34, 320.96, 0.00736244
_15121_, 140.34, 320.96, 0.00736244
FILLER_0_115_305, 140.34, 320.96, 0.00736244
_09310_, 153.14, 320.96, 0.00736395
_10449_, 153.14, 320.96, 0.00736395
_10452_, 153.14, 320.96, 0.00736395
_15041_, 153.14, 320.96, 0.00736395
clkbuf_leaf_33_clk, 153.14, 320.96, 0.00736395
FILLER_0_114_328, 153.14, 320.96, 0.00736395
FILLER_0_115_321, 153.14, 320.96, 0.00736395
_08985_, 165.94, 320.96, 0.00733625
_10450_, 165.94, 320.96, 0.00733625
_13787_, 165.94, 320.96, 0.00733625
_16247_, 165.94, 320.96, 0.00733625
hold597, 165.94, 320.96, 0.00733625
FILLER_0_114_356, 165.94, 320.96, 0.00733625
FILLER_0_115_357, 165.94, 320.96, 0.00733625
_09177_, 191.54, 320.96, 0.00736811
FILLER_0_114_411, 191.54, 320.96, 0.00736811
FILLER_0_115_414, 191.54, 320.96, 0.00736811
_09283_, 204.34, 320.96, 0.00743143
_09320_, 204.34, 320.96, 0.00743143
_11702_, 204.34, 320.96, 0.00743143
_15046_, 204.34, 320.96, 0.00743143
hold1198, 204.34, 320.96, 0.00743143
_09318_, 217.14, 320.96, 0.0074869
_09319_, 217.14, 320.96, 0.0074869
_13027_, 217.14, 320.96, 0.0074869
clkbuf_leaf_78_clk, 217.14, 320.96, 0.0074869
hold847, 217.14, 320.96, 0.0074869
FILLER_0_114_467, 217.14, 320.96, 0.0074869
_09317_, 229.94, 320.96, 0.00751991
_13025_, 229.94, 320.96, 0.00751991
_13026_, 229.94, 320.96, 0.00751991
_15915_, 229.94, 320.96, 0.00751991
FILLER_0_115_489, 229.94, 320.96, 0.00751991
FILLER_0_115_501, 229.94, 320.96, 0.00751991
_07561_, 242.74, 320.96, 0.00754877
_11625_, 242.74, 320.96, 0.00754877
FILLER_0_114_527, 242.74, 320.96, 0.00754877
_09043_, 255.54, 320.96, 0.00757635
_10364_, 255.54, 320.96, 0.00757635
_10377_, 255.54, 320.96, 0.00757635
_10410_, 255.54, 320.96, 0.00757635
hold626, 255.54, 320.96, 0.00757635
FILLER_0_114_550, 255.54, 320.96, 0.00757635
_07986_, 268.34, 320.96, 0.00759493
_10415_, 268.34, 320.96, 0.00759493
FILLER_0_114_573, 268.34, 320.96, 0.00759493
_07965_, 281.14, 320.96, 0.00760721
_11014_, 281.14, 320.96, 0.00760721
FILLER_0_114_610, 281.14, 320.96, 0.00760721
_11009_, 293.94, 320.96, 0.00761325
_14927_, 293.94, 320.96, 0.00761325
hold658, 306.74, 320.96, 0.0076115
FILLER_0_115_664, 306.74, 320.96, 0.0076115
_07922_, 319.54, 320.96, 0.00760945
_07924_, 319.54, 320.96, 0.00760945
_07928_, 319.54, 320.96, 0.00760945
_07929_, 319.54, 320.96, 0.00760945
_07976_, 319.54, 320.96, 0.00760945
_07978_, 319.54, 320.96, 0.00760945
_10114_, 319.54, 320.96, 0.00760945
FILLER_0_113_673, 319.54, 320.96, 0.00760945
FILLER_0_114_696, 319.54, 320.96, 0.00760945
FILLER_0_115_689, 319.54, 320.96, 0.00760945
_07984_, 344.971, 320.96, 0.00765911
_09987_, 344.971, 320.96, 0.00765911
_14628_, 344.971, 320.96, 0.00765911
_14629_, 344.971, 320.96, 0.00765911
FILLER_0_113_729, 344.971, 320.96, 0.00765911
FILLER_0_114_736, 344.971, 320.96, 0.00765911
FILLER_0_114_747, 344.971, 320.96, 0.00765911
_10144_, 357.603, 320.96, 0.00771472
_10729_, 357.603, 320.96, 0.00771472
_15327_, 357.603, 320.96, 0.00771472
FILLER_0_113_758, 357.603, 320.96, 0.00771472
FILLER_0_114_772, 357.603, 320.96, 0.00771472
FILLER_0_115_775, 357.603, 320.96, 0.00771472
_11395_, 370.235, 320.96, 0.0077603
_11396_, 370.235, 320.96, 0.0077603
_14925_, 370.235, 320.96, 0.0077603
_07812_, 382.866, 320.96, 0.00780197
_07814_, 382.866, 320.96, 0.00780197
_07817_, 382.866, 320.96, 0.00780197
_07818_, 382.866, 320.96, 0.00780197
_07820_, 382.866, 320.96, 0.00780197
_09984_, 382.866, 320.96, 0.00780197
FILLER_0_114_813, 382.866, 320.96, 0.00780197
FILLER_0_114_821, 382.866, 320.96, 0.00780197
FILLER_0_115_825, 382.866, 320.96, 0.00780197
_07821_, 395.498, 320.96, 0.0078406
_14631_, 395.498, 320.96, 0.0078406
_16537_, 395.498, 320.96, 0.0078406
hold521, 395.498, 320.96, 0.0078406
FILLER_0_114_842, 395.498, 320.96, 0.0078406
FILLER_0_115_853, 395.498, 320.96, 0.0078406
_11637_, 408.13, 320.96, 0.00787472
_11638_, 408.13, 320.96, 0.00787472
_15456_, 408.13, 320.96, 0.00787472
hold473, 408.13, 320.96, 0.00787472
FILLER_0_114_865, 408.13, 320.96, 0.00787472
_10145_, 420.761, 320.96, 0.00790459
_10153_, 420.761, 320.96, 0.00790459
_10588_, 420.761, 320.96, 0.00790459
_16534_, 420.761, 320.96, 0.00790459
FILLER_0_113_891, 420.761, 320.96, 0.00790459
FILLER_0_113_897, 420.761, 320.96, 0.00790459
FILLER_0_114_907, 420.761, 320.96, 0.00790459
_07757_, 433.393, 320.96, 0.00792209
_11632_, 433.393, 320.96, 0.00792209
_14624_, 433.393, 320.96, 0.00792209
_14625_, 433.393, 320.96, 0.00792209
_15453_, 433.393, 320.96, 0.00792209
hold989, 433.393, 320.96, 0.00792209
_09407_, 446.025, 320.96, 0.00793511
_15083_, 446.025, 320.96, 0.00793511
_15470_, 446.025, 320.96, 0.00793511
_07758_, 458.656, 320.96, 0.00794065
_09408_, 458.656, 320.96, 0.00794065
_11540_, 458.656, 320.96, 0.00794065
_11673_, 458.656, 320.96, 0.00794065
_08928_, 471.288, 320.96, 0.00794508
_11539_, 471.288, 320.96, 0.00794508
_11599_, 471.288, 320.96, 0.00794508
_14876_, 471.288, 320.96, 0.00794508
hold861, 471.288, 320.96, 0.00794508
PHY_222, 5.52, 315.52, 0.00694796
PHY_224, 5.52, 315.52, 0.00694796
PHY_223, 483.92, 315.52, 0.00813536
PHY_225, 483.92, 315.52, 0.00813536
hold1366, 483.92, 315.52, 0.00813536
FILLER_0_112_29, 15.33, 315.52, 0.00694796
FILLER_0_113_27, 15.33, 315.52, 0.00694796
_15107_, 37.94, 315.52, 0.00699694
_15112_, 37.94, 315.52, 0.00699694
FILLER_0_111_69, 37.94, 315.52, 0.00699694
FILLER_0_112_60, 37.94, 315.52, 0.00699694
_09423_, 50.74, 315.52, 0.00703514
_09470_, 50.74, 315.52, 0.00703514
_09471_, 50.74, 315.52, 0.00703514
_15090_, 50.74, 315.52, 0.00703514
hold587, 50.74, 315.52, 0.00703514
hold1571, 50.74, 315.52, 0.00703514
FILLER_0_112_97, 50.74, 315.52, 0.00703514
_08135_, 63.54, 315.52, 0.0070665
_10527_, 63.54, 315.52, 0.0070665
_11647_, 63.54, 315.52, 0.0070665
_08144_, 76.34, 315.52, 0.00709198
_13602_, 76.34, 315.52, 0.00709198
_13906_, 76.34, 315.52, 0.00709198
_16316_, 76.34, 315.52, 0.00709198
hold1193, 76.34, 315.52, 0.00709198
FILLER_0_112_141, 76.34, 315.52, 0.00709198
FILLER_0_113_165, 76.34, 315.52, 0.00709198
_08143_, 89.14, 315.52, 0.00710858
_11552_, 89.14, 315.52, 0.00710858
FILLER_0_111_177, 89.14, 315.52, 0.00710858
FILLER_0_112_188, 89.14, 315.52, 0.00710858
_08978_, 101.94, 315.52, 0.0071244
FILLER_0_113_219, 101.94, 315.52, 0.0071244
_12486_, 114.74, 315.52, 0.00714005
_14345_, 114.74, 315.52, 0.00714005
_14346_, 114.74, 315.52, 0.00714005
_15765_, 114.74, 315.52, 0.00714005
_16321_, 114.74, 315.52, 0.00714005
FILLER_0_112_233, 114.74, 315.52, 0.00714005
_08079_, 127.54, 315.52, 0.00714442
_08087_, 127.54, 315.52, 0.00714442
_13271_, 127.54, 315.52, 0.00714442
_13916_, 127.54, 315.52, 0.00714442
hold959, 127.54, 315.52, 0.00714442
FILLER_0_112_253, 127.54, 315.52, 0.00714442
_09507_, 140.34, 315.52, 0.00714313
_15025_, 140.34, 315.52, 0.00714313
hold559, 140.34, 315.52, 0.00714313
FILLER_0_112_287, 140.34, 315.52, 0.00714313
FILLER_0_112_302, 140.34, 315.52, 0.00714313
_08038_, 153.14, 315.52, 0.0071377
_09506_, 153.14, 315.52, 0.0071377
hold1309, 153.14, 315.52, 0.0071377
FILLER_0_113_329, 153.14, 315.52, 0.0071377
_10453_, 165.94, 315.52, 0.00713154
_10454_, 165.94, 315.52, 0.00713154
_13786_, 165.94, 315.52, 0.00713154
_14344_, 165.94, 315.52, 0.00713154
_14901_, 165.94, 315.52, 0.00713154
FILLER_0_112_336, 165.94, 315.52, 0.00713154
FILLER_0_113_353, 165.94, 315.52, 0.00713154
_07484_, 191.54, 315.52, 0.00717961
_15029_, 191.54, 315.52, 0.00717961
hold664, 191.54, 315.52, 0.00717961
FILLER_0_111_393, 191.54, 315.52, 0.00717961
FILLER_0_112_411, 191.54, 315.52, 0.00717961
FILLER_0_113_405, 191.54, 315.52, 0.00717961
FILLER_0_113_413, 191.54, 315.52, 0.00717961
_09282_, 204.34, 315.52, 0.00723544
_09284_, 204.34, 315.52, 0.00723544
hold715, 204.34, 315.52, 0.00723544
FILLER_0_111_431, 204.34, 315.52, 0.00723544
FILLER_0_113_440, 204.34, 315.52, 0.00723544
_09515_, 217.14, 315.52, 0.00729062
_09517_, 217.14, 315.52, 0.00729062
hold647, 217.14, 315.52, 0.00729062
FILLER_0_111_460, 217.14, 315.52, 0.00729062
FILLER_0_112_462, 217.14, 315.52, 0.00729062
FILLER_0_112_473, 217.14, 315.52, 0.00729062
_10812_, 229.94, 315.52, 0.00734524
_15125_, 229.94, 315.52, 0.00734524
hold799, 229.94, 315.52, 0.00734524
FILLER_0_111_479, 229.94, 315.52, 0.00734524
_09044_, 242.74, 315.52, 0.00739406
_10311_, 242.74, 315.52, 0.00739406
_10813_, 242.74, 315.52, 0.00739406
_11402_, 242.74, 315.52, 0.00739406
_14928_, 242.74, 315.52, 0.00739406
hold634, 242.74, 315.52, 0.00739406
FILLER_0_112_513, 242.74, 315.52, 0.00739406
FILLER_0_113_517, 242.74, 315.52, 0.00739406
_07981_, 255.54, 315.52, 0.00742964
_11401_, 255.54, 315.52, 0.00742964
hold478, 255.54, 315.52, 0.00742964
_11642_, 268.34, 315.52, 0.00746375
_15458_, 268.34, 315.52, 0.00746375
FILLER_0_113_573, 268.34, 315.52, 0.00746375
_09042_, 281.14, 315.52, 0.00749404
_10388_, 281.14, 315.52, 0.00749404
_11011_, 281.14, 315.52, 0.00749404
_11013_, 281.14, 315.52, 0.00749404
_11641_, 281.14, 315.52, 0.00749404
hold801, 281.14, 315.52, 0.00749404
FILLER_0_111_589, 281.14, 315.52, 0.00749404
FILLER_0_111_597, 281.14, 315.52, 0.00749404
FILLER_0_113_608, 281.14, 315.52, 0.00749404
_07589_, 293.94, 315.52, 0.00750755
_07927_, 293.94, 315.52, 0.00750755
_09041_, 293.94, 315.52, 0.00750755
hold532, 293.94, 315.52, 0.00750755
FILLER_0_112_617, 293.94, 315.52, 0.00750755
_10290_, 306.74, 315.52, 0.00751867
_11399_, 306.74, 315.52, 0.00751867
_11400_, 306.74, 315.52, 0.00751867
_15329_, 306.74, 315.52, 0.00751867
FILLER_0_111_641, 306.74, 315.52, 0.00751867
FILLER_0_113_665, 306.74, 315.52, 0.00751867
_07982_, 319.54, 315.52, 0.00749977
_07983_, 319.54, 315.52, 0.00749977
_10873_, 319.54, 315.52, 0.00749977
FILLER_0_112_696, 319.54, 315.52, 0.00749977
_10687_, 344.971, 315.52, 0.00761099
_10730_, 344.971, 315.52, 0.00761099
FILLER_0_111_737, 344.971, 315.52, 0.00761099
FILLER_0_112_725, 344.971, 315.52, 0.00761099
FILLER_0_112_751, 344.971, 315.52, 0.00761099
_10140_, 357.603, 315.52, 0.00772058
_10296_, 357.603, 315.52, 0.00772058
_10722_, 357.603, 315.52, 0.00772058
FILLER_0_111_762, 357.603, 315.52, 0.00772058
FILLER_0_112_757, 357.603, 315.52, 0.00772058
FILLER_0_113_777, 357.603, 315.52, 0.00772058
_09037_, 370.235, 315.52, 0.00779993
_09038_, 370.235, 315.52, 0.00779993
_10717_, 370.235, 315.52, 0.00779993
_10901_, 370.235, 315.52, 0.00779993
FILLER_0_112_787, 370.235, 315.52, 0.00779993
_07819_, 382.866, 315.52, 0.00787334
_09985_, 382.866, 315.52, 0.00787334
_10720_, 382.866, 315.52, 0.00787334
hold601, 382.866, 315.52, 0.00787334
FILLER_0_111_809, 382.866, 315.52, 0.00787334
FILLER_0_112_807, 382.866, 315.52, 0.00787334
FILLER_0_112_821, 382.866, 315.52, 0.00787334
_09979_, 395.498, 315.52, 0.00794006
_14630_, 395.498, 315.52, 0.00794006
_14666_, 395.498, 315.52, 0.00794006
_16553_, 395.498, 315.52, 0.00794006
FILLER_0_111_841, 395.498, 315.52, 0.00794006
FILLER_0_112_840, 395.498, 315.52, 0.00794006
_07864_, 408.13, 315.52, 0.00799822
clkbuf_leaf_129_clk, 408.13, 315.52, 0.00799822
FILLER_0_112_862, 408.13, 315.52, 0.00799822
_07701_, 420.761, 315.52, 0.00803843
_10589_, 420.761, 315.52, 0.00803843
_10590_, 420.761, 315.52, 0.00803843
_14660_, 420.761, 315.52, 0.00803843
_16550_, 420.761, 315.52, 0.00803843
ANTENNA_61, 420.761, 315.52, 0.00803843
FILLER_0_112_916, 420.761, 315.52, 0.00803843
_07702_, 433.393, 315.52, 0.00807147
_07764_, 433.393, 315.52, 0.00807147
_11631_, 433.393, 315.52, 0.00807147
FILLER_0_112_925, 433.393, 315.52, 0.00807147
FILLER_0_113_934, 433.393, 315.52, 0.00807147
_07763_, 446.025, 315.52, 0.00810296
hold878, 446.025, 315.52, 0.00810296
FILLER_0_111_946, 446.025, 315.52, 0.00810296
_10900_, 458.656, 315.52, 0.00813402
_11535_, 458.656, 315.52, 0.00813402
clkbuf_leaf_121_clk, 458.656, 315.52, 0.00813402
hold1089, 458.656, 315.52, 0.00813402
FILLER_0_112_972, 458.656, 315.52, 0.00813402
FILLER_0_113_987, 458.656, 315.52, 0.00813402
_08925_, 471.288, 315.52, 0.00813506
_11536_, 471.288, 315.52, 0.00813506
_11594_, 471.288, 315.52, 0.00813506
hold1234, 471.288, 315.52, 0.00813506
FILLER_0_113_1026, 471.288, 315.52, 0.00813506
PHY_218, 5.52, 310.08, 0.00681634
PHY_220, 5.52, 310.08, 0.00681634
PHY_219, 483.92, 310.08, 0.00768465
PHY_221, 483.92, 310.08, 0.00768465
FILLER_0_109_1029, 483.92, 310.08, 0.00768465
FILLER_0_110_1029, 483.92, 310.08, 0.00768465
FILLER_0_110_29, 15.33, 310.08, 0.00681634
_09485_, 37.94, 310.08, 0.00688077
_09486_, 37.94, 310.08, 0.00688077
hold1546, 37.94, 310.08, 0.00688077
FILLER_0_109_69, 37.94, 310.08, 0.00688077
FILLER_0_110_73, 37.94, 310.08, 0.00688077
FILLER_0_110_81, 37.94, 310.08, 0.00688077
FILLER_0_111_75, 37.94, 310.08, 0.00688077
_11658_, 50.74, 310.08, 0.00694368
clkbuf_leaf_42_clk, 50.74, 310.08, 0.00694368
FILLER_0_111_105, 50.74, 310.08, 0.00694368
_11646_, 63.54, 310.08, 0.00698498
_15460_, 63.54, 310.08, 0.00698498
FILLER_0_109_125, 63.54, 310.08, 0.00698498
FILLER_0_110_134, 63.54, 310.08, 0.00698498
_08136_, 76.34, 310.08, 0.00702241
_08141_, 76.34, 310.08, 0.00702241
_08142_, 76.34, 310.08, 0.00702241
hold871, 76.34, 310.08, 0.00702241
FILLER_0_111_158, 76.34, 310.08, 0.00702241
_08138_, 89.14, 310.08, 0.00705865
_08140_, 89.14, 310.08, 0.00705865
_10089_, 89.14, 310.08, 0.00705865
_10541_, 89.14, 310.08, 0.00705865
FILLER_0_110_173, 89.14, 310.08, 0.00705865
FILLER_0_110_185, 89.14, 310.08, 0.00705865
FILLER_0_110_193, 89.14, 310.08, 0.00705865
_10524_, 101.94, 310.08, 0.00706579
_10526_, 101.94, 310.08, 0.00706579
_10529_, 101.94, 310.08, 0.00706579
hold1462, 101.94, 310.08, 0.00706579
FILLER_0_109_205, 101.94, 310.08, 0.00706579
FILLER_0_110_197, 101.94, 310.08, 0.00706579
_08139_, 114.74, 310.08, 0.00705814
_12485_, 114.74, 310.08, 0.00705814
hold1072, 114.74, 310.08, 0.00705814
FILLER_0_110_225, 114.74, 310.08, 0.00705814
_08651_, 127.54, 310.08, 0.00704422
hold1297, 127.54, 310.08, 0.00704422
FILLER_0_110_277, 127.54, 310.08, 0.00704422
FILLER_0_111_274, 127.54, 310.08, 0.00704422
_09274_, 140.34, 310.08, 0.00702984
_09275_, 140.34, 310.08, 0.00702984
_15153_, 140.34, 310.08, 0.00702984
_15251_, 140.34, 310.08, 0.00702984
_08041_, 153.14, 310.08, 0.00700783
hold906, 153.14, 310.08, 0.00700783
FILLER_0_109_319, 153.14, 310.08, 0.00700783
FILLER_0_110_309, 153.14, 310.08, 0.00700783
FILLER_0_111_327, 153.14, 310.08, 0.00700783
_16384_, 165.94, 310.08, 0.00698526
hold1140, 165.94, 310.08, 0.00698526
FILLER_0_109_337, 165.94, 310.08, 0.00698526
FILLER_0_110_356, 165.94, 310.08, 0.00698526
FILLER_0_111_352, 165.94, 310.08, 0.00698526
_07460_, 191.54, 310.08, 0.00702823
_08080_, 191.54, 310.08, 0.00702823
_09285_, 191.54, 310.08, 0.00702823
_09800_, 191.54, 310.08, 0.00702823
_15030_, 191.54, 310.08, 0.00702823
FILLER_0_109_402, 191.54, 310.08, 0.00702823
FILLER_0_110_399, 191.54, 310.08, 0.00702823
FILLER_0_110_407, 191.54, 310.08, 0.00702823
FILLER_0_110_413, 191.54, 310.08, 0.00702823
_09516_, 204.34, 310.08, 0.00709174
_15126_, 204.34, 310.08, 0.00709174
hold569, 204.34, 310.08, 0.00709174
FILLER_0_110_421, 204.34, 310.08, 0.00709174
_08279_, 217.14, 310.08, 0.00715113
_08332_, 217.14, 310.08, 0.00715113
_09514_, 217.14, 310.08, 0.00715113
_10332_, 217.14, 310.08, 0.00715113
FILLER_0_109_449, 217.14, 310.08, 0.00715113
FILLER_0_110_473, 217.14, 310.08, 0.00715113
_08040_, 229.94, 310.08, 0.00720783
_10333_, 229.94, 310.08, 0.00720783
_10334_, 229.94, 310.08, 0.00720783
_10815_, 229.94, 310.08, 0.00720783
FILLER_0_109_480, 229.94, 310.08, 0.00720783
FILLER_0_110_489, 229.94, 310.08, 0.00720783
FILLER_0_111_492, 229.94, 310.08, 0.00720783
_10814_, 242.74, 310.08, 0.00725801
_13794_, 242.74, 310.08, 0.00725801
_15330_, 242.74, 310.08, 0.00725801
_16251_, 242.74, 310.08, 0.00725801
FILLER_0_111_519, 242.74, 310.08, 0.00725801
_10361_, 255.54, 310.08, 0.00729852
_10362_, 255.54, 310.08, 0.00729852
_10363_, 255.54, 310.08, 0.00729852
FILLER_0_110_552, 255.54, 310.08, 0.00729852
_07584_, 268.34, 310.08, 0.00733327
_10411_, 268.34, 310.08, 0.00733327
_10412_, 268.34, 310.08, 0.00733327
_10413_, 268.34, 310.08, 0.00733327
_10414_, 268.34, 310.08, 0.00733327
FILLER_0_111_573, 268.34, 310.08, 0.00733327
_11012_, 281.14, 310.08, 0.00735731
_12478_, 281.14, 310.08, 0.00735731
_15762_, 281.14, 310.08, 0.00735731
clkbuf_leaf_82_clk, 281.14, 310.08, 0.00735731
hold579, 281.14, 310.08, 0.00735731
FILLER_0_110_589, 281.14, 310.08, 0.00735731
_07925_, 293.94, 310.08, 0.00734846
_10876_, 293.94, 310.08, 0.00734846
_10914_, 293.94, 310.08, 0.00734846
_09456_, 306.74, 310.08, 0.0073315
_10868_, 306.74, 310.08, 0.0073315
_10872_, 306.74, 310.08, 0.0073315
_10874_, 306.74, 310.08, 0.0073315
_10875_, 306.74, 310.08, 0.0073315
FILLER_0_110_649, 306.74, 310.08, 0.0073315
FILLER_0_110_663, 306.74, 310.08, 0.0073315
_07571_, 319.54, 310.08, 0.00730715
_07926_, 319.54, 310.08, 0.00730715
_07980_, 319.54, 310.08, 0.00730715
_10581_, 319.54, 310.08, 0.00730715
_10604_, 319.54, 310.08, 0.00730715
hold1463, 319.54, 310.08, 0.00730715
ANTENNA_69, 319.54, 310.08, 0.00730715
FILLER_0_109_669, 319.54, 310.08, 0.00730715
FILLER_0_110_678, 319.54, 310.08, 0.00730715
FILLER_0_110_692, 319.54, 310.08, 0.00730715
_09933_, 344.971, 310.08, 0.00736853
_10083_, 344.971, 310.08, 0.00736853
_10678_, 344.971, 310.08, 0.00736853
_10679_, 344.971, 310.08, 0.00736853
_10680_, 344.971, 310.08, 0.00736853
_10681_, 344.971, 310.08, 0.00736853
_10688_, 344.971, 310.08, 0.00736853
_10893_, 357.603, 310.08, 0.00744025
_10906_, 357.603, 310.08, 0.00744025
_10911_, 357.603, 310.08, 0.00744025
_10912_, 357.603, 310.08, 0.00744025
_10913_, 357.603, 310.08, 0.00744025
FILLER_0_110_757, 357.603, 310.08, 0.00744025
_07577_, 370.235, 310.08, 0.00749734
_10563_, 370.235, 310.08, 0.00749734
_12475_, 370.235, 310.08, 0.00749734
FILLER_0_109_785, 370.235, 310.08, 0.00749734
FILLER_0_110_788, 370.235, 310.08, 0.00749734
FILLER_0_110_796, 370.235, 310.08, 0.00749734
FILLER_0_110_802, 370.235, 310.08, 0.00749734
_07815_, 382.866, 310.08, 0.00754956
_07816_, 382.866, 310.08, 0.00754956
_10718_, 382.866, 310.08, 0.00754956
_10719_, 382.866, 310.08, 0.00754956
_10721_, 382.866, 310.08, 0.00754956
hold546, 382.866, 310.08, 0.00754956
_09889_, 395.498, 310.08, 0.00758983
_14665_, 395.498, 310.08, 0.00758983
hold550, 395.498, 310.08, 0.00758983
FILLER_0_109_841, 395.498, 310.08, 0.00758983
FILLER_0_110_836, 395.498, 310.08, 0.00758983
FILLER_0_110_851, 395.498, 310.08, 0.00758983
FILLER_0_111_860, 395.498, 310.08, 0.00758983
_07865_, 408.13, 310.08, 0.00761365
_07867_, 408.13, 310.08, 0.00761365
_07871_, 408.13, 310.08, 0.00761365
_07872_, 408.13, 310.08, 0.00761365
_07873_, 408.13, 310.08, 0.00761365
_07874_, 408.13, 310.08, 0.00761365
FILLER_0_110_869, 408.13, 310.08, 0.00761365
_07596_, 420.761, 310.08, 0.00763504
_10591_, 420.761, 310.08, 0.00763504
_14659_, 420.761, 310.08, 0.00763504
hold670, 420.761, 310.08, 0.00763504
FILLER_0_109_893, 420.761, 310.08, 0.00763504
FILLER_0_110_891, 420.761, 310.08, 0.00763504
_07595_, 433.393, 310.08, 0.00765252
_07640_, 433.393, 310.08, 0.00765252
_07642_, 433.393, 310.08, 0.00765252
_07712_, 433.393, 310.08, 0.00765252
FILLER_0_110_925, 433.393, 310.08, 0.00765252
FILLER_0_110_938, 433.393, 310.08, 0.00765252
_07761_, 446.025, 310.08, 0.00766851
_11667_, 446.025, 310.08, 0.00766851
_15468_, 446.025, 310.08, 0.00766851
FILLER_0_110_946, 446.025, 310.08, 0.00766851
FILLER_0_110_952, 446.025, 310.08, 0.00766851
FILLER_0_111_965, 446.025, 310.08, 0.00766851
_11666_, 458.656, 310.08, 0.00768048
_15404_, 458.656, 310.08, 0.00768048
_15436_, 458.656, 310.08, 0.00768048
hold659, 458.656, 310.08, 0.00768048
_08924_, 471.288, 310.08, 0.00768465
_14874_, 471.288, 310.08, 0.00768465
hold1021, 471.288, 310.08, 0.00768465
FILLER_0_110_1014, 471.288, 310.08, 0.00768465
PHY_214, 5.52, 304.64, 0.00668037
PHY_216, 5.52, 304.64, 0.00668037
output70, 5.52, 304.64, 0.00668037
PHY_215, 483.92, 304.64, 0.00733436
PHY_217, 483.92, 304.64, 0.00733436
output90, 483.92, 304.64, 0.00733436
FILLER_0_107_1033, 483.92, 304.64, 0.00733436
FILLER_0_108_29, 15.33, 304.64, 0.00667711
_15466_, 37.94, 304.64, 0.00673917
_16547_, 37.94, 304.64, 0.00673917
_16563_, 37.94, 304.64, 0.00673917
hold829, 37.94, 304.64, 0.00673917
_08453_, 50.74, 304.64, 0.00679317
_10243_, 50.74, 304.64, 0.00679317
_15461_, 50.74, 304.64, 0.00679317
FILLER_0_107_86, 50.74, 304.64, 0.00679317
FILLER_0_108_103, 50.74, 304.64, 0.00679317
FILLER_0_109_104, 50.74, 304.64, 0.00679317
_11406_, 63.54, 304.64, 0.00683604
_11407_, 63.54, 304.64, 0.00683604
_11648_, 63.54, 304.64, 0.00683604
_15332_, 63.54, 304.64, 0.00683604
hold548, 63.54, 304.64, 0.00683604
hold965, 63.54, 304.64, 0.00683604
FILLER_0_109_131, 63.54, 304.64, 0.00683604
_09048_, 76.34, 304.64, 0.00687417
_10523_, 76.34, 304.64, 0.00687417
FILLER_0_108_141, 76.34, 304.64, 0.00687417
_08137_, 89.14, 304.64, 0.00690754
_11612_, 89.14, 304.64, 0.00690754
_14337_, 89.14, 304.64, 0.00690754
hold1018, 89.14, 304.64, 0.00690754
FILLER_0_109_193, 89.14, 304.64, 0.00690754
_09171_, 101.94, 304.64, 0.00693953
_10528_, 101.94, 304.64, 0.00693953
_14978_, 101.94, 304.64, 0.00693953
clkbuf_leaf_36_clk, 101.94, 304.64, 0.00693953
FILLER_0_108_221, 101.94, 304.64, 0.00693953
FILLER_0_109_219, 101.94, 304.64, 0.00693953
_08652_, 114.74, 304.64, 0.00693388
_09172_, 114.74, 304.64, 0.00693388
_10521_, 114.74, 304.64, 0.00693388
_13909_, 114.74, 304.64, 0.00693388
_16317_, 114.74, 304.64, 0.00693388
hold1219, 114.74, 304.64, 0.00693388
FILLER_0_108_235, 114.74, 304.64, 0.00693388
FILLER_0_109_249, 114.74, 304.64, 0.00693388
_09790_, 127.54, 304.64, 0.00691908
_14801_, 127.54, 304.64, 0.00691908
_14865_, 127.54, 304.64, 0.00691908
FILLER_0_108_271, 127.54, 304.64, 0.00691908
FILLER_0_108_279, 127.54, 304.64, 0.00691908
FILLER_0_109_273, 127.54, 304.64, 0.00691908
_09577_, 140.34, 304.64, 0.00689658
_09789_, 140.34, 304.64, 0.00689658
_10448_, 140.34, 304.64, 0.00689658
hold572, 140.34, 304.64, 0.00689658
FILLER_0_107_293, 140.34, 304.64, 0.00689658
FILLER_0_108_304, 140.34, 304.64, 0.00689658
_08042_, 153.14, 304.64, 0.00686919
_08043_, 153.14, 304.64, 0.00686919
_09576_, 153.14, 304.64, 0.00686919
_16119_, 153.14, 304.64, 0.00686919
FILLER_0_107_318, 153.14, 304.64, 0.00686919
FILLER_0_109_328, 153.14, 304.64, 0.00686919
_08902_, 165.94, 304.64, 0.00683749
_08903_, 165.94, 304.64, 0.00683749
_13490_, 165.94, 304.64, 0.00683749
_14866_, 165.94, 304.64, 0.00683749
hold1496, 165.94, 304.64, 0.00683749
FILLER_0_108_343, 165.94, 304.64, 0.00683749
_09799_, 191.54, 304.64, 0.00688103
_10445_, 191.54, 304.64, 0.00688103
_15158_, 191.54, 304.64, 0.00688103
_15256_, 191.54, 304.64, 0.00688103
hold600, 191.54, 304.64, 0.00688103
hold835, 191.54, 304.64, 0.00688103
FILLER_0_109_414, 191.54, 304.64, 0.00688103
_09586_, 204.34, 304.64, 0.00693837
_09587_, 204.34, 304.64, 0.00693837
_10331_, 204.34, 304.64, 0.00693837
FILLER_0_108_445, 204.34, 304.64, 0.00693837
FILLER_0_109_443, 204.34, 304.64, 0.00693837
_08037_, 217.14, 304.64, 0.00699084
_08280_, 217.14, 304.64, 0.00699084
_08281_, 217.14, 304.64, 0.00699084
_08331_, 217.14, 304.64, 0.00699084
_08333_, 217.14, 304.64, 0.00699084
_13797_, 217.14, 304.64, 0.00699084
FILLER_0_107_449, 217.14, 304.64, 0.00699084
FILLER_0_109_468, 217.14, 304.64, 0.00699084
_08278_, 229.94, 304.64, 0.00704129
_08544_, 229.94, 304.64, 0.00704129
_10335_, 229.94, 304.64, 0.00704129
_10336_, 229.94, 304.64, 0.00704129
_16252_, 229.94, 304.64, 0.00704129
hold537, 229.94, 304.64, 0.00704129
FILLER_0_107_482, 229.94, 304.64, 0.00704129
_13015_, 242.74, 304.64, 0.00706442
_13795_, 242.74, 304.64, 0.00706442
FILLER_0_108_522, 242.74, 304.64, 0.00706442
FILLER_0_109_521, 242.74, 304.64, 0.00706442
_09167_, 255.54, 304.64, 0.00708732
_12481_, 255.54, 304.64, 0.00708732
_13014_, 255.54, 304.64, 0.00708732
_15763_, 255.54, 304.64, 0.00708732
hold1001, 255.54, 304.64, 0.00708732
FILLER_0_108_542, 255.54, 304.64, 0.00708732
FILLER_0_109_544, 255.54, 304.64, 0.00708732
FILLER_0_109_551, 255.54, 304.64, 0.00708732
_07979_, 268.34, 304.64, 0.00710138
_09166_, 268.34, 304.64, 0.00710138
_14976_, 268.34, 304.64, 0.00710138
hold1326, 268.34, 304.64, 0.00710138
FILLER_0_107_561, 268.34, 304.64, 0.00710138
_09164_, 281.14, 304.64, 0.0071026
_09165_, 281.14, 304.64, 0.0071026
_11010_, 281.14, 304.64, 0.0071026
_12479_, 281.14, 304.64, 0.0071026
_14975_, 281.14, 304.64, 0.0071026
FILLER_0_107_590, 281.14, 304.64, 0.0071026
FILLER_0_108_589, 281.14, 304.64, 0.0071026
_10866_, 293.94, 304.64, 0.00709224
_09775_, 306.74, 304.64, 0.00707977
_10870_, 306.74, 304.64, 0.00707977
_15244_, 306.74, 304.64, 0.00707977
FILLER_0_107_641, 306.74, 304.64, 0.00707977
FILLER_0_107_649, 306.74, 304.64, 0.00707977
FILLER_0_108_650, 306.74, 304.64, 0.00707977
_07582_, 319.54, 304.64, 0.00706196
_09774_, 319.54, 304.64, 0.00706196
_10567_, 319.54, 304.64, 0.00706196
_15907_, 319.54, 304.64, 0.00706196
hold948, 319.54, 304.64, 0.00706196
FILLER_0_108_679, 319.54, 304.64, 0.00706196
_07795_, 344.971, 304.64, 0.00710347
_16243_, 344.971, 304.64, 0.00710347
hold721, 344.971, 304.64, 0.00710347
FILLER_0_108_729, 344.971, 304.64, 0.00710347
_07583_, 357.603, 304.64, 0.00716483
_10664_, 357.603, 304.64, 0.00716483
_10904_, 357.603, 304.64, 0.00716483
_10905_, 357.603, 304.64, 0.00716483
_10909_, 357.603, 304.64, 0.00716483
FILLER_0_107_761, 357.603, 304.64, 0.00716483
FILLER_0_108_753, 357.603, 304.64, 0.00716483
FILLER_0_108_763, 357.603, 304.64, 0.00716483
_12474_, 370.235, 304.64, 0.00720881
_15760_, 370.235, 304.64, 0.00720881
FILLER_0_107_781, 370.235, 304.64, 0.00720881
FILLER_0_107_785, 370.235, 304.64, 0.00720881
FILLER_0_108_791, 370.235, 304.64, 0.00720881
_09160_, 382.866, 304.64, 0.00724565
_09161_, 382.866, 304.64, 0.00724565
_14973_, 382.866, 304.64, 0.00724565
hold1035, 382.866, 304.64, 0.00724565
FILLER_0_107_809, 382.866, 304.64, 0.00724565
_09406_, 395.498, 304.64, 0.00727148
_10902_, 395.498, 304.64, 0.00727148
_14657_, 395.498, 304.64, 0.00727148
_14658_, 395.498, 304.64, 0.00727148
_15082_, 395.498, 304.64, 0.00727148
_16549_, 395.498, 304.64, 0.00727148
FILLER_0_108_837, 395.498, 304.64, 0.00727148
FILLER_0_108_861, 395.498, 304.64, 0.00727148
_07869_, 408.13, 304.64, 0.00728702
FILLER_0_109_881, 408.13, 304.64, 0.00728702
_07713_, 420.761, 304.64, 0.00730228
_14655_, 420.761, 304.64, 0.00730228
_14656_, 420.761, 304.64, 0.00730228
_16548_, 420.761, 304.64, 0.00730228
hold511, 420.761, 304.64, 0.00730228
FILLER_0_108_893, 420.761, 304.64, 0.00730228
FILLER_0_108_915, 420.761, 304.64, 0.00730228
FILLER_0_109_903, 420.761, 304.64, 0.00730228
FILLER_0_109_915, 420.761, 304.64, 0.00730228
_07576_, 433.393, 304.64, 0.00731294
_07593_, 433.393, 304.64, 0.00731294
_07646_, 433.393, 304.64, 0.00731294
_07647_, 433.393, 304.64, 0.00731294
_07710_, 433.393, 304.64, 0.00731294
_07711_, 433.393, 304.64, 0.00731294
FILLER_0_107_925, 433.393, 304.64, 0.00731294
FILLER_0_108_938, 433.393, 304.64, 0.00731294
_07581_, 446.025, 304.64, 0.00732076
_07586_, 446.025, 304.64, 0.00732076
_07641_, 446.025, 304.64, 0.00732076
_07644_, 446.025, 304.64, 0.00732076
_07705_, 446.025, 304.64, 0.00732076
_07707_, 446.025, 304.64, 0.00732076
FILLER_0_108_970, 446.025, 304.64, 0.00732076
FILLER_0_109_965, 446.025, 304.64, 0.00732076
_11595_, 458.656, 304.64, 0.00732681
FILLER_0_108_993, 458.656, 304.64, 0.00732681
FILLER_0_109_991, 458.656, 304.64, 0.00732681
FILLER_0_109_998, 458.656, 304.64, 0.00732681
_11533_, 471.288, 304.64, 0.00733274
_11592_, 471.288, 304.64, 0.00733274
_15403_, 471.288, 304.64, 0.00733274
hold1218, 471.288, 304.64, 0.00733274
ANTENNA_95, 471.288, 304.64, 0.00733274
FILLER_0_108_1001, 471.288, 304.64, 0.00733274
FILLER_0_108_1021, 471.288, 304.64, 0.00733274
PHY_210, 5.52, 299.2, 0.00649266
PHY_212, 5.52, 299.2, 0.00649266
_08923_, 483.92, 299.2, 0.00716409
PHY_211, 483.92, 299.2, 0.00716409
PHY_213, 483.92, 299.2, 0.00716409
FILLER_0_107_27, 15.33, 299.2, 0.00649266
_11659_, 37.94, 299.2, 0.00652688
_14651_, 37.94, 299.2, 0.00652688
_14652_, 37.94, 299.2, 0.00652688
_14686_, 37.94, 299.2, 0.00652688
_16542_, 37.94, 299.2, 0.00652688
hold819, 37.94, 299.2, 0.00652688
_08188_, 50.74, 299.2, 0.00655652
FILLER_0_105_97, 50.74, 299.2, 0.00655652
FILLER_0_106_97, 50.74, 299.2, 0.00655652
_14930_, 63.54, 299.2, 0.00658553
FILLER_0_105_125, 63.54, 299.2, 0.00658553
FILLER_0_106_135, 63.54, 299.2, 0.00658553
_09049_, 76.34, 299.2, 0.00661089
_16381_, 76.34, 299.2, 0.00661089
hold650, 76.34, 299.2, 0.00661089
FILLER_0_106_141, 76.34, 299.2, 0.00661089
FILLER_0_106_148, 76.34, 299.2, 0.00661089
FILLER_0_107_164, 76.34, 299.2, 0.00661089
_11611_, 89.14, 299.2, 0.00663209
_15444_, 89.14, 299.2, 0.00663209
_15476_, 89.14, 299.2, 0.00663209
_10522_, 101.94, 299.2, 0.00664571
_10525_, 101.94, 299.2, 0.00664571
_11692_, 101.94, 299.2, 0.00664571
hold1058, 101.94, 299.2, 0.00664571
_08901_, 114.74, 299.2, 0.00665197
_13908_, 114.74, 299.2, 0.00665197
hold782, 114.74, 299.2, 0.00665197
FILLER_0_106_244, 114.74, 299.2, 0.00665197
_08075_, 127.54, 299.2, 0.00665761
_08900_, 127.54, 299.2, 0.00665761
_14802_, 127.54, 299.2, 0.00665761
FILLER_0_106_253, 127.54, 299.2, 0.00665761
FILLER_0_106_266, 127.54, 299.2, 0.00665761
FILLER_0_107_274, 127.54, 299.2, 0.00665761
_08036_, 140.34, 299.2, 0.00665846
_08660_, 140.34, 299.2, 0.00665846
_09579_, 140.34, 299.2, 0.00665846
hold1048, 140.34, 299.2, 0.00665846
FILLER_0_105_286, 140.34, 299.2, 0.00665846
_08045_, 153.14, 299.2, 0.00665809
_13491_, 153.14, 299.2, 0.00665809
clkbuf_leaf_32_clk, 153.14, 299.2, 0.00665809
FILLER_0_106_309, 153.14, 299.2, 0.00665809
FILLER_0_106_327, 153.14, 299.2, 0.00665809
FILLER_0_107_330, 153.14, 299.2, 0.00665809
_13493_, 165.94, 299.2, 0.006634
_16120_, 165.94, 299.2, 0.006634
_16151_, 165.94, 299.2, 0.006634
FILLER_0_106_352, 165.94, 299.2, 0.006634
FILLER_0_106_360, 165.94, 299.2, 0.006634
_07678_, 191.54, 299.2, 0.00667105
_08039_, 191.54, 299.2, 0.00667105
_08330_, 191.54, 299.2, 0.00667105
_08688_, 191.54, 299.2, 0.00667105
_08910_, 191.54, 299.2, 0.00667105
FILLER_0_106_412, 191.54, 299.2, 0.00667105
_08035_, 204.34, 299.2, 0.00673631
_08334_, 204.34, 299.2, 0.00673631
_08335_, 204.34, 299.2, 0.00673631
FILLER_0_107_439, 204.34, 299.2, 0.00673631
_08282_, 217.14, 299.2, 0.0068
_13796_, 217.14, 299.2, 0.0068
clkbuf_leaf_79_clk, 217.14, 299.2, 0.0068
FILLER_0_106_447, 217.14, 299.2, 0.0068
FILLER_0_106_471, 217.14, 299.2, 0.0068
_08908_, 229.94, 299.2, 0.00684223
_10343_, 229.94, 299.2, 0.00684223
_10816_, 229.94, 299.2, 0.00684223
hold1343, 229.94, 299.2, 0.00684223
FILLER_0_106_489, 229.94, 299.2, 0.00684223
FILLER_0_107_493, 229.94, 299.2, 0.00684223
_07531_, 242.74, 299.2, 0.00687946
_07534_, 242.74, 299.2, 0.00687946
_10823_, 242.74, 299.2, 0.00687946
_15910_, 242.74, 299.2, 0.00687946
FILLER_0_106_528, 242.74, 299.2, 0.00687946
FILLER_0_107_517, 242.74, 299.2, 0.00687946
_07958_, 255.54, 299.2, 0.00690729
_09504_, 255.54, 299.2, 0.00690729
_10360_, 255.54, 299.2, 0.00690729
_12480_, 255.54, 299.2, 0.00690729
hold978, 255.54, 299.2, 0.00690729
FILLER_0_105_535, 255.54, 299.2, 0.00690729
FILLER_0_106_542, 255.54, 299.2, 0.00690729
FILLER_0_107_546, 255.54, 299.2, 0.00690729
_07481_, 268.34, 299.2, 0.00693116
_07533_, 268.34, 299.2, 0.00693116
_08561_, 268.34, 299.2, 0.00693116
_08973_, 268.34, 299.2, 0.00693116
_08974_, 268.34, 299.2, 0.00693116
hold713, 268.34, 299.2, 0.00693116
FILLER_0_105_561, 268.34, 299.2, 0.00693116
FILLER_0_106_583, 268.34, 299.2, 0.00693116
FILLER_0_107_575, 268.34, 299.2, 0.00693116
_14895_, 281.14, 299.2, 0.00693641
hold915, 281.14, 299.2, 0.00693641
FILLER_0_106_613, 281.14, 299.2, 0.00693641
_14330_, 293.94, 299.2, 0.00693549
_14331_, 293.94, 299.2, 0.00693549
_16378_, 293.94, 299.2, 0.00693549
FILLER_0_105_617, 293.94, 299.2, 0.00693549
_09260_, 306.74, 299.2, 0.0069305
_10302_, 306.74, 299.2, 0.0069305
_15018_, 306.74, 299.2, 0.0069305
FILLER_0_106_641, 306.74, 299.2, 0.0069305
_13008_, 319.54, 299.2, 0.00689427
_13009_, 319.54, 299.2, 0.00689427
FILLER_0_105_669, 319.54, 299.2, 0.00689427
FILLER_0_106_682, 319.54, 299.2, 0.00689427
FILLER_0_106_690, 319.54, 299.2, 0.00689427
_07798_, 344.971, 299.2, 0.00691091
_10677_, 344.971, 299.2, 0.00691091
_13777_, 344.971, 299.2, 0.00691091
_13778_, 344.971, 299.2, 0.00691091
hold1359, 344.971, 299.2, 0.00691091
FILLER_0_106_739, 344.971, 299.2, 0.00691091
FILLER_0_107_745, 344.971, 299.2, 0.00691091
_07796_, 357.603, 299.2, 0.00696144
_10903_, 357.603, 299.2, 0.00696144
hold672, 357.603, 299.2, 0.00696144
FILLER_0_105_761, 357.603, 299.2, 0.00696144
FILLER_0_107_773, 357.603, 299.2, 0.00696144
_07574_, 370.235, 299.2, 0.00701063
_14326_, 370.235, 299.2, 0.00701063
_16376_, 370.235, 299.2, 0.00701063
hold729, 370.235, 299.2, 0.00701063
FILLER_0_106_786, 370.235, 299.2, 0.00701063
hold797, 382.866, 299.2, 0.00705449
hold1033, 382.866, 299.2, 0.00705449
FILLER_0_106_809, 382.866, 299.2, 0.00705449
FILLER_0_106_821, 382.866, 299.2, 0.00705449
FILLER_0_106_829, 382.866, 299.2, 0.00705449
_07639_, 395.498, 299.2, 0.0070977
_09405_, 395.498, 299.2, 0.0070977
clkbuf_leaf_128_clk, 395.498, 299.2, 0.0070977
hold1565, 395.498, 299.2, 0.0070977
FILLER_0_106_840, 395.498, 299.2, 0.0070977
_14622_, 408.13, 299.2, 0.00711729
_14623_, 408.13, 299.2, 0.00711729
_16533_, 408.13, 299.2, 0.00711729
hold980, 408.13, 299.2, 0.00711729
FILLER_0_106_862, 408.13, 299.2, 0.00711729
FILLER_0_106_869, 408.13, 299.2, 0.00711729
_07575_, 420.761, 299.2, 0.00713265
_10649_, 420.761, 299.2, 0.00713265
_10651_, 420.761, 299.2, 0.00713265
FILLER_0_105_897, 420.761, 299.2, 0.00713265
FILLER_0_106_890, 420.761, 299.2, 0.00713265
FILLER_0_106_900, 420.761, 299.2, 0.00713265
_07592_, 433.393, 299.2, 0.00714356
FILLER_0_107_931, 433.393, 299.2, 0.00714356
FILLER_0_107_938, 433.393, 299.2, 0.00714356
_07580_, 446.025, 299.2, 0.00715433
_10647_, 446.025, 299.2, 0.00715433
FILLER_0_105_947, 446.025, 299.2, 0.00715433
FILLER_0_105_953, 446.025, 299.2, 0.00715433
FILLER_0_106_949, 446.025, 299.2, 0.00715433
_07704_, 458.656, 299.2, 0.00715958
_11593_, 458.656, 299.2, 0.00715958
FILLER_0_106_993, 458.656, 299.2, 0.00715958
FILLER_0_107_987, 458.656, 299.2, 0.00715958
_08922_, 471.288, 299.2, 0.00716397
_11534_, 471.288, 299.2, 0.00716397
_15435_, 471.288, 299.2, 0.00716397
hold809, 471.288, 299.2, 0.00716397
FILLER_0_105_1000, 471.288, 299.2, 0.00716397
FILLER_0_105_1009, 471.288, 299.2, 0.00716397
PHY_206, 5.52, 293.76, 0.00635229
PHY_208, 5.52, 293.76, 0.00635229
PHY_207, 483.92, 293.76, 0.00726698
PHY_209, 483.92, 293.76, 0.00726698
FILLER_0_103_1031, 483.92, 293.76, 0.00726698
_09425_, 15.33, 293.76, 0.00635229
FILLER_0_103_15, 15.33, 293.76, 0.00635229
FILLER_0_105_27, 15.33, 293.76, 0.00635229
_14641_, 37.94, 293.76, 0.00639761
_14679_, 37.94, 293.76, 0.00639761
_16559_, 37.94, 293.76, 0.00639761
clkbuf_leaf_41_clk, 37.94, 293.76, 0.00639761
hold1446, 37.94, 293.76, 0.00639761
_08241_, 50.74, 293.76, 0.00641373
_10096_, 50.74, 293.76, 0.00641373
_11649_, 50.74, 293.76, 0.00641373
_14678_, 50.74, 293.76, 0.00641373
hold917, 50.74, 293.76, 0.00641373
FILLER_0_103_88, 50.74, 293.76, 0.00641373
FILLER_0_104_102, 50.74, 293.76, 0.00641373
FILLER_0_105_109, 50.74, 293.76, 0.00641373
_08189_, 63.54, 293.76, 0.00642267
_08454_, 63.54, 293.76, 0.00642267
FILLER_0_104_129, 63.54, 293.76, 0.00642267
FILLER_0_104_137, 63.54, 293.76, 0.00642267
_08251_, 76.34, 293.76, 0.0064313
_08463_, 76.34, 293.76, 0.0064313
_14338_, 76.34, 293.76, 0.0064313
FILLER_0_105_161, 76.34, 293.76, 0.0064313
_11691_, 89.14, 293.76, 0.00643865
hold1334, 89.14, 293.76, 0.00643865
FILLER_0_104_177, 89.14, 293.76, 0.00643865
FILLER_0_104_189, 89.14, 293.76, 0.00643865
FILLER_0_105_187, 89.14, 293.76, 0.00643865
_08400_, 101.94, 293.76, 0.0064455
_15465_, 101.94, 293.76, 0.0064455
hold957, 101.94, 293.76, 0.0064455
FILLER_0_103_202, 101.94, 293.76, 0.0064455
FILLER_0_104_205, 101.94, 293.76, 0.0064455
_08409_, 114.74, 293.76, 0.00644776
_11657_, 114.74, 293.76, 0.00644776
FILLER_0_103_228, 114.74, 293.76, 0.00644776
FILLER_0_104_245, 114.74, 293.76, 0.00644776
_08661_, 127.54, 293.76, 0.00644932
_09277_, 127.54, 293.76, 0.00644932
_15252_, 127.54, 293.76, 0.00644932
hold632, 127.54, 293.76, 0.00644932
hold1162, 127.54, 293.76, 0.00644932
FILLER_0_104_256, 127.54, 293.76, 0.00644932
FILLER_0_104_267, 127.54, 293.76, 0.00644932
FILLER_0_105_269, 127.54, 293.76, 0.00644932
_08118_, 140.34, 293.76, 0.00644632
_09578_, 140.34, 293.76, 0.00644632
_15154_, 140.34, 293.76, 0.00644632
hold497, 140.34, 293.76, 0.00644632
FILLER_0_104_302, 140.34, 293.76, 0.00644632
_08033_, 153.14, 293.76, 0.00643854
_08046_, 153.14, 293.76, 0.00643854
_13561_, 153.14, 293.76, 0.00643854
FILLER_0_104_309, 153.14, 293.76, 0.00643854
FILLER_0_104_325, 153.14, 293.76, 0.00643854
FILLER_0_105_327, 153.14, 293.76, 0.00643854
_10443_, 165.94, 293.76, 0.00642937
_13560_, 165.94, 293.76, 0.00642937
_13563_, 165.94, 293.76, 0.00642937
_16152_, 165.94, 293.76, 0.00642937
hold1055, 165.94, 293.76, 0.00642937
FILLER_0_103_346, 165.94, 293.76, 0.00642937
FILLER_0_104_355, 165.94, 293.76, 0.00642937
FILLER_0_105_353, 165.94, 293.76, 0.00642937
_08044_, 191.54, 293.76, 0.00649125
_08687_, 191.54, 293.76, 0.00649125
_14805_, 191.54, 293.76, 0.00649125
hold494, 191.54, 293.76, 0.00649125
FILLER_0_103_393, 191.54, 293.76, 0.00649125
FILLER_0_104_415, 191.54, 293.76, 0.00649125
FILLER_0_105_406, 191.54, 293.76, 0.00649125
_08277_, 204.34, 293.76, 0.0065645
_10811_, 204.34, 293.76, 0.0065645
FILLER_0_104_421, 204.34, 293.76, 0.0065645
FILLER_0_105_445, 204.34, 293.76, 0.0065645
_08909_, 217.14, 293.76, 0.00663243
_09584_, 217.14, 293.76, 0.00663243
_15157_, 217.14, 293.76, 0.00663243
hold791, 217.14, 293.76, 0.00663243
FILLER_0_104_447, 217.14, 293.76, 0.00663243
FILLER_0_104_469, 217.14, 293.76, 0.00663243
FILLER_0_105_469, 217.14, 293.76, 0.00663243
_14869_, 229.94, 293.76, 0.00669606
hold571, 229.94, 293.76, 0.00669606
FILLER_0_104_494, 229.94, 293.76, 0.00669606
FILLER_0_105_495, 229.94, 293.76, 0.00669606
_09027_, 242.74, 293.76, 0.00675565
_10301_, 242.74, 293.76, 0.00675565
_11385_, 242.74, 293.76, 0.00675565
_11403_, 242.74, 293.76, 0.00675565
_13615_, 242.74, 293.76, 0.00675565
FILLER_0_103_505, 242.74, 293.76, 0.00675565
FILLER_0_104_507, 242.74, 293.76, 0.00675565
_07959_, 255.54, 293.76, 0.00680132
_09028_, 255.54, 293.76, 0.00680132
_15040_, 255.54, 293.76, 0.00680132
_15120_, 255.54, 293.76, 0.00680132
clkbuf_leaf_81_clk, 255.54, 293.76, 0.00680132
FILLER_0_104_551, 255.54, 293.76, 0.00680132
_07528_, 268.34, 293.76, 0.00681493
_07961_, 268.34, 293.76, 0.00681493
_14896_, 268.34, 293.76, 0.00681493
hold1045, 268.34, 293.76, 0.00681493
ANTENNA_100, 268.34, 293.76, 0.00681493
_08971_, 281.14, 293.76, 0.0068232
_08972_, 281.14, 293.76, 0.0068232
_10103_, 281.14, 293.76, 0.0068232
_16314_, 281.14, 293.76, 0.0068232
hold1123, 281.14, 293.76, 0.0068232
FILLER_0_105_612, 281.14, 293.76, 0.0068232
_13003_, 293.94, 293.76, 0.0067972
_13901_, 293.94, 293.76, 0.0067972
hold857, 293.94, 293.76, 0.0067972
hold969, 293.94, 293.76, 0.0067972
FILLER_0_103_626, 293.94, 293.76, 0.0067972
FILLER_0_104_631, 293.94, 293.76, 0.0067972
FILLER_0_104_640, 293.94, 293.76, 0.0067972
_09259_, 306.74, 293.76, 0.00677029
_10073_, 306.74, 293.76, 0.00677029
_13002_, 306.74, 293.76, 0.00677029
hold581, 306.74, 293.76, 0.00677029
ANTENNA_47, 306.74, 293.76, 0.00677029
FILLER_0_104_662, 306.74, 293.76, 0.00677029
_13001_, 319.54, 293.76, 0.00671879
FILLER_0_104_679, 319.54, 293.76, 0.00671879
FILLER_0_104_692, 319.54, 293.76, 0.00671879
_07797_, 344.971, 293.76, 0.00674802
_09301_, 344.971, 293.76, 0.00674802
_15037_, 344.971, 293.76, 0.00674802
FILLER_0_103_725, 344.971, 293.76, 0.00674802
FILLER_0_104_735, 344.971, 293.76, 0.00674802
FILLER_0_104_745, 344.971, 293.76, 0.00674802
FILLER_0_104_751, 344.971, 293.76, 0.00674802
_09300_, 357.603, 293.76, 0.00682493
_09497_, 357.603, 293.76, 0.00682493
_09498_, 357.603, 293.76, 0.00682493
_09921_, 357.603, 293.76, 0.00682493
_15117_, 357.603, 293.76, 0.00682493
FILLER_0_103_753, 357.603, 293.76, 0.00682493
FILLER_0_104_766, 357.603, 293.76, 0.00682493
_09265_, 370.235, 293.76, 0.00689564
_09266_, 370.235, 293.76, 0.00689564
_14327_, 370.235, 293.76, 0.00689564
_15021_, 370.235, 293.76, 0.00689564
hold522, 370.235, 293.76, 0.00689564
FILLER_0_104_803, 370.235, 293.76, 0.00689564
FILLER_0_105_793, 370.235, 293.76, 0.00689564
_08967_, 382.866, 293.76, 0.006962
_08968_, 382.866, 293.76, 0.006962
_13898_, 382.866, 293.76, 0.006962
_14893_, 382.866, 293.76, 0.006962
_16312_, 382.866, 293.76, 0.006962
FILLER_0_103_813, 382.866, 293.76, 0.006962
FILLER_0_104_813, 382.866, 293.76, 0.006962
FILLER_0_105_833, 382.866, 293.76, 0.006962
_11629_, 395.498, 293.76, 0.00702066
_11630_, 395.498, 293.76, 0.00702066
_15452_, 395.498, 293.76, 0.00702066
hold1544, 395.498, 293.76, 0.00702066
FILLER_0_103_835, 395.498, 293.76, 0.00702066
FILLER_0_104_836, 395.498, 293.76, 0.00702066
FILLER_0_105_861, 395.498, 293.76, 0.00702066
_09413_, 408.13, 293.76, 0.00707497
_15086_, 408.13, 293.76, 0.00707497
hold1220, 408.13, 293.76, 0.00707497
FILLER_0_104_863, 408.13, 293.76, 0.00707497
FILLER_0_104_886, 408.13, 293.76, 0.00707497
FILLER_0_105_886, 408.13, 293.76, 0.00707497
_10648_, 420.761, 293.76, 0.00712512
_10650_, 420.761, 293.76, 0.00712512
_14621_, 420.761, 293.76, 0.00712512
_16532_, 420.761, 293.76, 0.00712512
FILLER_0_103_893, 420.761, 293.76, 0.00712512
_09404_, 433.393, 293.76, 0.00716867
_11627_, 433.393, 293.76, 0.00716867
_15451_, 433.393, 293.76, 0.00716867
hold812, 433.393, 293.76, 0.00716867
hold1267, 433.393, 293.76, 0.00716867
FILLER_0_104_925, 433.393, 293.76, 0.00716867
FILLER_0_105_934, 433.393, 293.76, 0.00716867
_09403_, 446.025, 293.76, 0.00720768
_11663_, 446.025, 293.76, 0.00720768
_11669_, 446.025, 293.76, 0.00720768
_15467_, 446.025, 293.76, 0.00720768
hold554, 446.025, 293.76, 0.00720768
hold1194, 446.025, 293.76, 0.00720768
_10587_, 458.656, 293.76, 0.00724199
_15469_, 458.656, 293.76, 0.00724199
_11537_, 471.288, 293.76, 0.00726698
_11538_, 471.288, 293.76, 0.00726698
_14873_, 471.288, 293.76, 0.00726698
clkbuf_leaf_122_clk, 471.288, 293.76, 0.00726698
hold649, 471.288, 293.76, 0.00726698
FILLER_0_104_1002, 471.288, 293.76, 0.00726698
FILLER_0_105_1017, 471.288, 293.76, 0.00726698
PHY_202, 5.52, 288.32, 0.00620159
PHY_204, 5.52, 288.32, 0.00620159
PHY_203, 483.92, 288.32, 0.00700365
PHY_205, 483.92, 288.32, 0.00700365
hold998, 483.92, 288.32, 0.00700365
_15091_, 15.33, 288.32, 0.00620159
_14644_, 37.94, 288.32, 0.00624165
_14676_, 37.94, 288.32, 0.00624165
_16543_, 37.94, 288.32, 0.00624165
hold692, 37.94, 288.32, 0.00624165
hold1465, 37.94, 288.32, 0.00624165
FILLER_0_101_57, 37.94, 288.32, 0.00624165
FILLER_0_103_77, 37.94, 288.32, 0.00624165
_10955_, 50.74, 288.32, 0.00628003
_11650_, 50.74, 288.32, 0.00628003
_11651_, 50.74, 288.32, 0.00628003
_15462_, 50.74, 288.32, 0.00628003
_08242_, 63.54, 288.32, 0.00630796
_08250_, 63.54, 288.32, 0.00630796
_08461_, 63.54, 288.32, 0.00630796
_08462_, 63.54, 288.32, 0.00630796
FILLER_0_101_125, 63.54, 288.32, 0.00630796
FILLER_0_102_120, 63.54, 288.32, 0.00630796
_08145_, 76.34, 288.32, 0.00633405
_08146_, 76.34, 288.32, 0.00633405
_08196_, 76.34, 288.32, 0.00633405
_08249_, 76.34, 288.32, 0.00633405
_08458_, 76.34, 288.32, 0.00633405
_08464_, 76.34, 288.32, 0.00633405
FILLER_0_102_154, 76.34, 288.32, 0.00633405
FILLER_0_103_154, 76.34, 288.32, 0.00633405
FILLER_0_103_164, 76.34, 288.32, 0.00633405
_14650_, 89.14, 288.32, 0.00635393
_14684_, 89.14, 288.32, 0.00635393
_14685_, 89.14, 288.32, 0.00635393
_16546_, 89.14, 288.32, 0.00635393
_16562_, 89.14, 288.32, 0.00635393
hold1187, 89.14, 288.32, 0.00635393
FILLER_0_101_169, 89.14, 288.32, 0.00635393
FILLER_0_102_168, 89.14, 288.32, 0.00635393
_09433_, 101.94, 288.32, 0.00636568
_10771_, 101.94, 288.32, 0.00636568
_15095_, 101.94, 288.32, 0.00636568
ANTENNA_116, 101.94, 288.32, 0.00636568
FILLER_0_102_197, 101.94, 288.32, 0.00636568
FILLER_0_102_204, 101.94, 288.32, 0.00636568
_08401_, 114.74, 288.32, 0.00636932
_08407_, 114.74, 288.32, 0.00636932
_08408_, 114.74, 288.32, 0.00636932
_08410_, 114.74, 288.32, 0.00636932
_11656_, 114.74, 288.32, 0.00636932
_15026_, 114.74, 288.32, 0.00636932
FILLER_0_102_249, 114.74, 288.32, 0.00636932
_09276_, 127.54, 288.32, 0.00636754
_09791_, 127.54, 288.32, 0.00636754
clkbuf_leaf_37_clk, 127.54, 288.32, 0.00636754
hold1454, 127.54, 288.32, 0.00636754
FILLER_0_103_276, 127.54, 288.32, 0.00636754
_08125_, 140.34, 288.32, 0.00634487
_09792_, 140.34, 288.32, 0.00634487
_10499_, 140.34, 288.32, 0.00634487
FILLER_0_101_284, 140.34, 288.32, 0.00634487
_08028_, 153.14, 288.32, 0.00631704
_08123_, 153.14, 288.32, 0.00631704
_08124_, 153.14, 288.32, 0.00631704
_08443_, 153.14, 288.32, 0.00631704
_10444_, 153.14, 288.32, 0.00631704
FILLER_0_101_319, 153.14, 288.32, 0.00631704
FILLER_0_102_309, 153.14, 288.32, 0.00631704
FILLER_0_102_321, 153.14, 288.32, 0.00631704
_08031_, 165.94, 288.32, 0.00628415
_08114_, 165.94, 288.32, 0.00628415
_08117_, 165.94, 288.32, 0.00628415
_10447_, 165.94, 288.32, 0.00628415
FILLER_0_101_348, 165.94, 288.32, 0.00628415
FILLER_0_102_355, 165.94, 288.32, 0.00628415
_08252_, 191.54, 288.32, 0.00630819
_09798_, 191.54, 288.32, 0.00630819
FILLER_0_102_405, 191.54, 288.32, 0.00630819
FILLER_0_103_416, 191.54, 288.32, 0.00630819
_08283_, 204.34, 288.32, 0.00636646
_08336_, 204.34, 288.32, 0.00636646
_15255_, 204.34, 288.32, 0.00636646
hold596, 204.34, 288.32, 0.00636646
_08273_, 217.14, 288.32, 0.00641883
_08276_, 217.14, 288.32, 0.00641883
_09585_, 217.14, 288.32, 0.00641883
_13499_, 217.14, 288.32, 0.00641883
_16123_, 217.14, 288.32, 0.00641883
FILLER_0_102_472, 217.14, 288.32, 0.00641883
_10819_, 229.94, 288.32, 0.00646679
_10820_, 229.94, 288.32, 0.00646679
_10822_, 229.94, 288.32, 0.00646679
_13498_, 229.94, 288.32, 0.00646679
FILLER_0_101_485, 229.94, 288.32, 0.00646679
FILLER_0_102_492, 229.94, 288.32, 0.00646679
_08957_, 242.74, 288.32, 0.00650823
_08958_, 242.74, 288.32, 0.00650823
_08975_, 242.74, 288.32, 0.00650823
_09045_, 242.74, 288.32, 0.00650823
_10821_, 242.74, 288.32, 0.00650823
_11386_, 242.74, 288.32, 0.00650823
_13887_, 242.74, 288.32, 0.00650823
_14334_, 242.74, 288.32, 0.00650823
FILLER_0_101_512, 242.74, 288.32, 0.00650823
FILLER_0_102_504, 242.74, 288.32, 0.00650823
_09306_, 255.54, 288.32, 0.00654646
_09307_, 255.54, 288.32, 0.00654646
_09503_, 255.54, 288.32, 0.00654646
FILLER_0_102_533, 255.54, 288.32, 0.00654646
_07480_, 268.34, 288.32, 0.00658422
_07962_, 268.34, 288.32, 0.00658422
_09899_, 268.34, 288.32, 0.00658422
_10105_, 268.34, 288.32, 0.00658422
_10143_, 268.34, 288.32, 0.00658422
FILLER_0_102_565, 268.34, 288.32, 0.00658422
_07538_, 281.14, 288.32, 0.00656933
_11000_, 281.14, 288.32, 0.00656933
_11007_, 281.14, 288.32, 0.00656933
_13902_, 281.14, 288.32, 0.00656933
FILLER_0_101_597, 281.14, 288.32, 0.00656933
FILLER_0_103_613, 281.14, 288.32, 0.00656933
_11005_, 293.94, 288.32, 0.00654917
_15904_, 293.94, 288.32, 0.00654917
FILLER_0_101_624, 293.94, 288.32, 0.00654917
FILLER_0_102_634, 293.94, 288.32, 0.00654917
_07622_, 306.74, 288.32, 0.00652301
_10871_, 306.74, 288.32, 0.00652301
_15114_, 306.74, 288.32, 0.00652301
hold677, 306.74, 288.32, 0.00652301
FILLER_0_102_645, 306.74, 288.32, 0.00652301
_09562_, 319.54, 288.32, 0.00649004
_13000_, 319.54, 288.32, 0.00649004
_15146_, 319.54, 288.32, 0.00649004
_15903_, 319.54, 288.32, 0.00649004
hold868, 319.54, 288.32, 0.00649004
_07799_, 344.971, 288.32, 0.00652829
FILLER_0_102_749, 344.971, 288.32, 0.00652829
_10626_, 357.603, 288.32, 0.00660712
_13010_, 357.603, 288.32, 0.00660712
hold1226, 357.603, 288.32, 0.00660712
FILLER_0_102_757, 357.603, 288.32, 0.00660712
FILLER_0_103_778, 357.603, 288.32, 0.00660712
_07794_, 370.235, 288.32, 0.00668409
_10676_, 370.235, 288.32, 0.00668409
FILLER_0_101_785, 370.235, 288.32, 0.00668409
_09568_, 382.866, 288.32, 0.00675464
_13897_, 382.866, 288.32, 0.00675464
_15149_, 382.866, 288.32, 0.00675464
hold1246, 382.866, 288.32, 0.00675464
FILLER_0_102_816, 382.866, 288.32, 0.00675464
_09950_, 395.498, 288.32, 0.00682097
_09977_, 395.498, 288.32, 0.00682097
FILLER_0_102_861, 395.498, 288.32, 0.00682097
_09414_, 408.13, 288.32, 0.00687212
_14422_, 408.13, 288.32, 0.00687212
_14423_, 408.13, 288.32, 0.00687212
FILLER_0_102_875, 408.13, 288.32, 0.00687212
_07645_, 420.761, 288.32, 0.00691931
_10907_, 420.761, 288.32, 0.00691931
_14620_, 420.761, 288.32, 0.00691931
hold589, 420.761, 288.32, 0.00691931
_11628_, 433.393, 288.32, 0.00696201
_15081_, 433.393, 288.32, 0.00696201
clkbuf_leaf_125_clk, 433.393, 288.32, 0.00696201
FILLER_0_102_918, 433.393, 288.32, 0.00696201
FILLER_0_102_925, 433.393, 288.32, 0.00696201
FILLER_0_102_934, 433.393, 288.32, 0.00696201
FILLER_0_103_943, 433.393, 288.32, 0.00696201
_11664_, 446.025, 288.32, 0.00697691
_11670_, 446.025, 288.32, 0.00697691
FILLER_0_102_970, 446.025, 288.32, 0.00697691
FILLER_0_103_965, 446.025, 288.32, 0.00697691
_11596_, 458.656, 288.32, 0.00699157
hold492, 458.656, 288.32, 0.00699157
hold743, 458.656, 288.32, 0.00699157
FILLER_0_103_997, 458.656, 288.32, 0.00699157
_08926_, 471.288, 288.32, 0.00700335
_14875_, 471.288, 288.32, 0.00700335
_15405_, 471.288, 288.32, 0.00700335
_15437_, 471.288, 288.32, 0.00700335
hold911, 471.288, 288.32, 0.00700335
FILLER_0_103_1018, 471.288, 288.32, 0.00700335
PHY_198, 5.52, 282.88, 0.00603265
PHY_200, 5.52, 282.88, 0.00603265
input7, 5.52, 282.88, 0.00603265
PHY_199, 483.92, 282.88, 0.00690995
PHY_201, 483.92, 282.88, 0.00690995
output86, 483.92, 282.88, 0.00690995
FILLER_0_99_1033, 483.92, 282.88, 0.00690995
FILLER_0_100_29, 15.33, 282.88, 0.00603136
_14454_, 37.94, 282.88, 0.0060636
_14455_, 37.94, 282.88, 0.0060636
_14643_, 37.94, 282.88, 0.0060636
hold888, 37.94, 282.88, 0.0060636
FILLER_0_99_57, 37.94, 282.88, 0.0060636
FILLER_0_100_58, 37.94, 282.88, 0.0060636
FILLER_0_100_80, 37.94, 282.88, 0.0060636
FILLER_0_101_82, 37.94, 282.88, 0.0060636
_14932_, 50.74, 282.88, 0.00609641
hold530, 50.74, 282.88, 0.00609641
FILLER_0_100_97, 50.74, 282.88, 0.00609641
FILLER_0_100_108, 50.74, 282.88, 0.00609641
FILLER_0_101_105, 50.74, 282.88, 0.00609641
_08195_, 63.54, 282.88, 0.00612524
_08248_, 63.54, 282.88, 0.00612524
_08460_, 63.54, 282.88, 0.00612524
_14450_, 63.54, 282.88, 0.00612524
_14465_, 63.54, 282.88, 0.00612524
FILLER_0_100_124, 63.54, 282.88, 0.00612524
FILLER_0_100_132, 63.54, 282.88, 0.00612524
_08191_, 76.34, 282.88, 0.0061448
_08193_, 76.34, 282.88, 0.0061448
_08246_, 76.34, 282.88, 0.0061448
_08456_, 76.34, 282.88, 0.0061448
_10240_, 76.34, 282.88, 0.0061448
_14453_, 76.34, 282.88, 0.0061448
FILLER_0_99_143, 76.34, 282.88, 0.0061448
FILLER_0_100_141, 76.34, 282.88, 0.0061448
FILLER_0_100_155, 76.34, 282.88, 0.0061448
FILLER_0_100_163, 76.34, 282.88, 0.0061448
FILLER_0_101_164, 76.34, 282.88, 0.0061448
_08244_, 89.14, 282.88, 0.00615392
_09466_, 89.14, 282.88, 0.00615392
FILLER_0_100_172, 89.14, 282.88, 0.00615392
FILLER_0_100_190, 89.14, 282.88, 0.00615392
FILLER_0_101_192, 89.14, 282.88, 0.00615392
_09432_, 101.94, 282.88, 0.00616002
_11690_, 101.94, 282.88, 0.00616002
_14649_, 101.94, 282.88, 0.00616002
hold564, 101.94, 282.88, 0.00616002
FILLER_0_100_206, 101.94, 282.88, 0.00616002
_08403_, 114.74, 282.88, 0.00616178
_08405_, 114.74, 282.88, 0.00616178
_09312_, 114.74, 282.88, 0.00616178
FILLER_0_100_245, 114.74, 282.88, 0.00616178
FILLER_0_101_245, 114.74, 282.88, 0.00616178
_08777_, 127.54, 282.88, 0.00616303
_08878_, 127.54, 282.88, 0.00616303
_09311_, 127.54, 282.88, 0.00616303
_15042_, 127.54, 282.88, 0.00616303
hold1458, 127.54, 282.88, 0.00616303
FILLER_0_100_264, 127.54, 282.88, 0.00616303
_09508_, 140.34, 282.88, 0.0061383
_14462_, 140.34, 282.88, 0.0061383
hold1248, 140.34, 282.88, 0.0061383
FILLER_0_99_281, 140.34, 282.88, 0.0061383
FILLER_0_100_289, 140.34, 282.88, 0.0061383
FILLER_0_100_300, 140.34, 282.88, 0.0061383
_08032_, 153.14, 282.88, 0.00610881
_08120_, 153.14, 282.88, 0.00610881
_08121_, 153.14, 282.88, 0.00610881
_08122_, 153.14, 282.88, 0.00610881
FILLER_0_101_327, 153.14, 282.88, 0.00610881
_08115_, 165.94, 282.88, 0.0060784
_08116_, 165.94, 282.88, 0.0060784
_10506_, 165.94, 282.88, 0.0060784
_10520_, 165.94, 282.88, 0.0060784
_07473_, 191.54, 282.88, 0.00611133
_08231_, 191.54, 282.88, 0.00611133
_08877_, 191.54, 282.88, 0.00611133
_09797_, 191.54, 282.88, 0.00611133
FILLER_0_99_397, 191.54, 282.88, 0.00611133
_08275_, 204.34, 282.88, 0.00617425
_08329_, 204.34, 282.88, 0.00617425
_10764_, 204.34, 282.88, 0.00617425
_13290_, 204.34, 282.88, 0.00617425
FILLER_0_99_432, 204.34, 282.88, 0.00617425
FILLER_0_100_421, 204.34, 282.88, 0.00617425
FILLER_0_100_429, 204.34, 282.88, 0.00617425
FILLER_0_100_438, 204.34, 282.88, 0.00617425
FILLER_0_101_438, 204.34, 282.88, 0.00617425
_08274_, 217.14, 282.88, 0.00622933
_08326_, 217.14, 282.88, 0.00622933
_10818_, 217.14, 282.88, 0.00622933
FILLER_0_99_449, 217.14, 282.88, 0.00622933
FILLER_0_100_467, 217.14, 282.88, 0.00622933
_10338_, 229.94, 282.88, 0.00628169
_10339_, 229.94, 282.88, 0.00628169
_10340_, 229.94, 282.88, 0.00628169
_10341_, 229.94, 282.88, 0.00628169
_10342_, 229.94, 282.88, 0.00628169
FILLER_0_99_477, 229.94, 282.88, 0.00628169
FILLER_0_100_477, 229.94, 282.88, 0.00628169
FILLER_0_100_485, 229.94, 282.88, 0.00628169
FILLER_0_101_501, 229.94, 282.88, 0.00628169
_08876_, 242.74, 282.88, 0.00632357
_08955_, 242.74, 282.88, 0.00632357
_08956_, 242.74, 282.88, 0.00632357
_09150_, 242.74, 282.88, 0.00632357
_12464_, 242.74, 282.88, 0.00632357
_13888_, 242.74, 282.88, 0.00632357
_13905_, 242.74, 282.88, 0.00632357
_14316_, 242.74, 282.88, 0.00632357
_14317_, 242.74, 282.88, 0.00632357
FILLER_0_100_521, 242.74, 282.88, 0.00632357
FILLER_0_100_527, 242.74, 282.88, 0.00632357
_09087_, 255.54, 282.88, 0.00635878
_09271_, 255.54, 282.88, 0.00635878
_09886_, 255.54, 282.88, 0.00635878
_12465_, 255.54, 282.88, 0.00635878
hold1067, 255.54, 282.88, 0.00635878
FILLER_0_101_556, 255.54, 282.88, 0.00635878
_08875_, 268.34, 282.88, 0.00637558
_09914_, 268.34, 282.88, 0.00637558
_13012_, 268.34, 282.88, 0.00637558
_13013_, 268.34, 282.88, 0.00637558
hold950, 268.34, 282.88, 0.00637558
FILLER_0_99_569, 268.34, 282.88, 0.00637558
_09295_, 281.14, 282.88, 0.00636507
_10998_, 281.14, 282.88, 0.00636507
_10999_, 281.14, 282.88, 0.00636507
_11006_, 281.14, 282.88, 0.00636507
_15034_, 281.14, 282.88, 0.00636507
hold1030, 281.14, 282.88, 0.00636507
ANTENNA_53, 281.14, 282.88, 0.00636507
FILLER_0_100_589, 281.14, 282.88, 0.00636507
FILLER_0_100_605, 281.14, 282.88, 0.00636507
_07624_, 293.94, 282.88, 0.00634324
_07625_, 293.94, 282.88, 0.00634324
_09294_, 293.94, 282.88, 0.00634324
_10869_, 293.94, 282.88, 0.00634324
FILLER_0_100_640, 293.94, 282.88, 0.00634324
_07623_, 306.74, 282.88, 0.00631668
_09491_, 306.74, 282.88, 0.00631668
_09492_, 306.74, 282.88, 0.00631668
FILLER_0_99_648, 306.74, 282.88, 0.00631668
FILLER_0_100_654, 306.74, 282.88, 0.00631668
FILLER_0_100_668, 306.74, 282.88, 0.00631668
_09561_, 319.54, 282.88, 0.00628953
_13005_, 319.54, 282.88, 0.00628953
hold848, 319.54, 282.88, 0.00628953
FILLER_0_100_693, 319.54, 282.88, 0.00628953
FILLER_0_101_689, 319.54, 282.88, 0.00628953
_09916_, 344.971, 282.88, 0.0063871
_09918_, 344.971, 282.88, 0.0063871
_10620_, 344.971, 282.88, 0.0063871
_10627_, 344.971, 282.88, 0.0063871
_13011_, 344.971, 282.88, 0.0063871
_15908_, 344.971, 282.88, 0.0063871
FILLER_0_99_725, 344.971, 282.88, 0.0063871
FILLER_0_100_743, 344.971, 282.88, 0.0063871
FILLER_0_100_749, 344.971, 282.88, 0.0063871
FILLER_0_101_738, 344.971, 282.88, 0.0063871
_09902_, 357.603, 282.88, 0.00650015
_09904_, 357.603, 282.88, 0.00650015
_09906_, 357.603, 282.88, 0.00650015
_09920_, 357.603, 282.88, 0.00650015
_10625_, 357.603, 282.88, 0.00650015
clkbuf_leaf_133_clk, 357.603, 282.88, 0.00650015
FILLER_0_100_779, 357.603, 282.88, 0.00650015
_09780_, 370.235, 282.88, 0.00658343
_09781_, 370.235, 282.88, 0.00658343
_15247_, 370.235, 282.88, 0.00658343
hold598, 370.235, 282.88, 0.00658343
FILLER_0_99_785, 370.235, 282.88, 0.00658343
_09567_, 382.866, 282.88, 0.00666251
hold599, 382.866, 282.88, 0.00666251
hold1062, 382.866, 282.88, 0.00666251
FILLER_0_99_820, 382.866, 282.88, 0.00666251
FILLER_0_100_807, 382.866, 282.88, 0.00666251
FILLER_0_100_822, 382.866, 282.88, 0.00666251
FILLER_0_101_834, 382.866, 282.88, 0.00666251
_09917_, 395.498, 282.88, 0.00674082
_09975_, 395.498, 282.88, 0.00674082
_09976_, 395.498, 282.88, 0.00674082
_12476_, 395.498, 282.88, 0.00674082
hold935, 395.498, 282.88, 0.00674082
FILLER_0_99_836, 395.498, 282.88, 0.00674082
FILLER_0_99_841, 395.498, 282.88, 0.00674082
FILLER_0_100_836, 395.498, 282.88, 0.00674082
FILLER_0_100_849, 395.498, 282.88, 0.00674082
_10910_, 408.13, 282.88, 0.00680127
_14424_, 408.13, 282.88, 0.00680127
_16437_, 408.13, 282.88, 0.00680127
FILLER_0_100_862, 408.13, 282.88, 0.00680127
_09895_, 420.761, 282.88, 0.00685456
_16436_, 420.761, 282.88, 0.00685456
FILLER_0_100_904, 420.761, 282.88, 0.00685456
_14420_, 433.393, 282.88, 0.00687969
_14421_, 433.393, 282.88, 0.00687969
hold608, 433.393, 282.88, 0.00687969
_07643_, 446.025, 282.88, 0.00690418
_09155_, 446.025, 282.88, 0.00690418
_10908_, 446.025, 282.88, 0.00690418
_12468_, 446.025, 282.88, 0.00690418
_15757_, 446.025, 282.88, 0.00690418
_11389_, 458.656, 282.88, 0.00690713
_11597_, 458.656, 282.88, 0.00690713
_12469_, 458.656, 282.88, 0.00690713
_08927_, 471.288, 282.88, 0.00690874
hold1573, 471.288, 282.88, 0.00690874
FILLER_0_100_1023, 471.288, 282.88, 0.00690874
PHY_194, 5.52, 277.44, 0.00589112
PHY_196, 5.52, 277.44, 0.00589112
PHY_195, 483.92, 277.44, 0.00662068
PHY_197, 483.92, 277.44, 0.00662068
FILLER_0_97_1034, 483.92, 277.44, 0.00662068
FILLER_0_98_1033, 483.92, 277.44, 0.00662068
FILLER_0_98_29, 15.33, 277.44, 0.00589112
_14466_, 37.94, 277.44, 0.00594439
_14467_, 37.94, 277.44, 0.00594439
_16447_, 37.94, 277.44, 0.00594439
hold984, 37.94, 277.44, 0.00594439
FILLER_0_97_70, 37.94, 277.44, 0.00594439
FILLER_0_98_77, 37.94, 277.44, 0.00594439
_08247_, 50.74, 277.44, 0.00599339
_09052_, 50.74, 277.44, 0.00599339
_09053_, 50.74, 277.44, 0.00599339
hold785, 50.74, 277.44, 0.00599339
FILLER_0_98_85, 50.74, 277.44, 0.00599339
FILLER_0_98_95, 50.74, 277.44, 0.00599339
_14984_, 63.54, 277.44, 0.00604113
FILLER_0_97_113, 63.54, 277.44, 0.00604113
FILLER_0_98_132, 63.54, 277.44, 0.00604113
_10037_, 76.34, 277.44, 0.00608254
_12498_, 76.34, 277.44, 0.00608254
hold1410, 76.34, 277.44, 0.00608254
ANTENNA_59, 76.34, 277.44, 0.00608254
FILLER_0_98_149, 76.34, 277.44, 0.00608254
FILLER_0_98_165, 76.34, 277.44, 0.00608254
_14463_, 89.14, 277.44, 0.00611012
_16450_, 89.14, 277.44, 0.00611012
clkbuf_leaf_39_clk, 89.14, 277.44, 0.00611012
FILLER_0_99_193, 89.14, 277.44, 0.00611012
_08406_, 101.94, 277.44, 0.00611607
_10767_, 101.94, 277.44, 0.00611607
_11417_, 101.94, 277.44, 0.00611607
hold779, 101.94, 277.44, 0.00611607
FILLER_0_97_200, 101.94, 277.44, 0.00611607
FILLER_0_99_221, 101.94, 277.44, 0.00611607
_10768_, 114.74, 277.44, 0.0061172
_10773_, 114.74, 277.44, 0.0061172
_10785_, 114.74, 277.44, 0.0061172
FILLER_0_98_227, 114.74, 277.44, 0.0061172
FILLER_0_98_246, 114.74, 277.44, 0.0061172
FILLER_0_99_249, 114.74, 277.44, 0.0061172
_10045_, 127.54, 277.44, 0.0060919
_10227_, 127.54, 277.44, 0.0060919
_13019_, 127.54, 277.44, 0.0060919
_15122_, 127.54, 277.44, 0.0060919
_15912_, 127.54, 277.44, 0.0060919
FILLER_0_98_253, 127.54, 277.44, 0.0060919
FILLER_0_99_268, 127.54, 277.44, 0.0060919
_08119_, 140.34, 277.44, 0.00604205
_09509_, 140.34, 277.44, 0.00604205
_10495_, 140.34, 277.44, 0.00604205
_10498_, 140.34, 277.44, 0.00604205
FILLER_0_98_294, 140.34, 277.44, 0.00604205
FILLER_0_99_294, 140.34, 277.44, 0.00604205
_10500_, 153.14, 277.44, 0.0059858
_13605_, 153.14, 277.44, 0.0059858
_16167_, 153.14, 277.44, 0.0059858
FILLER_0_98_316, 153.14, 277.44, 0.0059858
FILLER_0_99_324, 153.14, 277.44, 0.0059858
FILLER_0_99_333, 153.14, 277.44, 0.0059858
_13604_, 165.94, 277.44, 0.00592076
hold1307, 165.94, 277.44, 0.00592076
FILLER_0_98_359, 165.94, 277.44, 0.00592076
_09168_, 191.54, 277.44, 0.00592669
_10746_, 191.54, 277.44, 0.00592669
_13503_, 191.54, 277.44, 0.00592669
_16125_, 191.54, 277.44, 0.00592669
hold1088, 191.54, 277.44, 0.00592669
FILLER_0_97_402, 191.54, 277.44, 0.00592669
FILLER_0_98_401, 191.54, 277.44, 0.00592669
FILLER_0_99_405, 191.54, 277.44, 0.00592669
_08328_, 204.34, 277.44, 0.00599068
_12482_, 204.34, 277.44, 0.00599068
_13568_, 204.34, 277.44, 0.00599068
_13572_, 204.34, 277.44, 0.00599068
clkbuf_leaf_29_clk, 204.34, 277.44, 0.00599068
hold1436, 204.34, 277.44, 0.00599068
FILLER_0_97_419, 204.34, 277.44, 0.00599068
FILLER_0_98_421, 204.34, 277.44, 0.00599068
_08327_, 217.14, 277.44, 0.00603123
_13501_, 217.14, 277.44, 0.00603123
_16155_, 217.14, 277.44, 0.00603123
hold853, 217.14, 277.44, 0.00603123
_13500_, 229.94, 277.44, 0.00606741
_16124_, 229.94, 277.44, 0.00606741
hold810, 229.94, 277.44, 0.00606741
FILLER_0_99_493, 229.94, 277.44, 0.00606741
FILLER_0_99_501, 229.94, 277.44, 0.00606741
_08881_, 242.74, 277.44, 0.00609942
_09151_, 242.74, 277.44, 0.00609942
_09487_, 242.74, 277.44, 0.00609942
_12998_, 242.74, 277.44, 0.00609942
_14418_, 242.74, 277.44, 0.00609942
_14419_, 242.74, 277.44, 0.00609942
_14444_, 242.74, 277.44, 0.00609942
FILLER_0_97_505, 242.74, 277.44, 0.00609942
FILLER_0_98_506, 242.74, 277.44, 0.00609942
FILLER_0_98_518, 242.74, 277.44, 0.00609942
FILLER_0_99_529, 242.74, 277.44, 0.00609942
_08775_, 255.54, 277.44, 0.00613065
_09272_, 255.54, 277.44, 0.00613065
_09459_, 255.54, 277.44, 0.00613065
_09786_, 255.54, 277.44, 0.00613065
_15024_, 255.54, 277.44, 0.00613065
FILLER_0_98_533, 255.54, 277.44, 0.00613065
_08543_, 268.34, 277.44, 0.00615231
_09900_, 268.34, 277.44, 0.00615231
_15909_, 268.34, 277.44, 0.00615231
FILLER_0_98_558, 268.34, 277.44, 0.00615231
_10997_, 281.14, 277.44, 0.00614329
_11003_, 281.14, 277.44, 0.00614329
_11004_, 281.14, 277.44, 0.00614329
FILLER_0_97_594, 281.14, 277.44, 0.00614329
FILLER_0_98_606, 281.14, 277.44, 0.00614329
FILLER_0_99_605, 281.14, 277.44, 0.00614329
_07626_, 293.94, 277.44, 0.00613041
_07627_, 293.94, 277.44, 0.00613041
hold755, 293.94, 277.44, 0.00613041
ANTENNA_48, 293.94, 277.44, 0.00613041
FILLER_0_98_626, 293.94, 277.44, 0.00613041
FILLER_0_98_640, 293.94, 277.44, 0.00613041
_08577_, 306.74, 277.44, 0.00611661
_08578_, 306.74, 277.44, 0.00611661
_14794_, 306.74, 277.44, 0.00611661
clkbuf_leaf_135_clk, 306.74, 277.44, 0.00611661
FILLER_0_97_647, 306.74, 277.44, 0.00611661
FILLER_0_98_645, 306.74, 277.44, 0.00611661
FILLER_0_98_653, 306.74, 277.44, 0.00611661
FILLER_0_99_666, 306.74, 277.44, 0.00611661
_15905_, 319.54, 277.44, 0.00607613
hold1106, 319.54, 277.44, 0.00607613
FILLER_0_97_669, 319.54, 277.44, 0.00607613
FILLER_0_98_679, 319.54, 277.44, 0.00607613
FILLER_0_98_692, 319.54, 277.44, 0.00607613
FILLER_0_99_696, 319.54, 277.44, 0.00607613
_07848_, 344.971, 277.44, 0.00613791
_09912_, 344.971, 277.44, 0.00613791
hold976, 344.971, 277.44, 0.00613791
FILLER_0_97_725, 344.971, 277.44, 0.00613791
FILLER_0_97_737, 344.971, 277.44, 0.00613791
FILLER_0_98_746, 344.971, 277.44, 0.00613791
FILLER_0_99_741, 344.971, 277.44, 0.00613791
_07849_, 357.603, 277.44, 0.00624181
_09303_, 357.603, 277.44, 0.00624181
_09896_, 357.603, 277.44, 0.00624181
_09901_, 357.603, 277.44, 0.00624181
_15038_, 357.603, 277.44, 0.00624181
FILLER_0_97_752, 357.603, 277.44, 0.00624181
FILLER_0_98_757, 357.603, 277.44, 0.00624181
FILLER_0_99_775, 357.603, 277.44, 0.00624181
clkbuf_leaf_127_clk, 370.235, 277.44, 0.00633917
hold1502, 370.235, 277.44, 0.00633917
FILLER_0_97_780, 370.235, 277.44, 0.00633917
FILLER_0_97_785, 370.235, 277.44, 0.00633917
_08604_, 382.866, 277.44, 0.00641322
_09500_, 382.866, 277.44, 0.00641322
_14797_, 382.866, 277.44, 0.00641322
_15118_, 382.866, 277.44, 0.00641322
FILLER_0_98_813, 382.866, 277.44, 0.00641322
_08605_, 395.498, 277.44, 0.00647954
_09892_, 395.498, 277.44, 0.00647954
_09973_, 395.498, 277.44, 0.00647954
_09974_, 395.498, 277.44, 0.00647954
_12477_, 395.498, 277.44, 0.00647954
_15761_, 395.498, 277.44, 0.00647954
FILLER_0_97_844, 395.498, 277.44, 0.00647954
_07868_, 408.13, 277.44, 0.00651879
_07590_, 420.761, 277.44, 0.00655571
_09031_, 420.761, 277.44, 0.00655571
_09032_, 420.761, 277.44, 0.00655571
_10645_, 420.761, 277.44, 0.00655571
_10646_, 420.761, 277.44, 0.00655571
hold1161, 420.761, 277.44, 0.00655571
FILLER_0_98_893, 420.761, 277.44, 0.00655571
FILLER_0_99_910, 420.761, 277.44, 0.00655571
_09029_, 433.393, 277.44, 0.00658301
_09154_, 433.393, 277.44, 0.00658301
_10643_, 433.393, 277.44, 0.00658301
_14970_, 433.393, 277.44, 0.00658301
ANTENNA_112, 433.393, 277.44, 0.00658301
FILLER_0_98_918, 433.393, 277.44, 0.00658301
FILLER_0_98_934, 433.393, 277.44, 0.00658301
hold669, 446.025, 277.44, 0.0066011
FILLER_0_97_953, 446.025, 277.44, 0.0066011
_07585_, 458.656, 277.44, 0.00661661
_12466_, 458.656, 277.44, 0.00661661
_12467_, 458.656, 277.44, 0.00661661
_15324_, 458.656, 277.44, 0.00661661
hold481, 458.656, 277.44, 0.00661661
FILLER_0_99_989, 458.656, 277.44, 0.00661661
_08960_, 471.288, 277.44, 0.00662068
_08962_, 471.288, 277.44, 0.00662068
_11390_, 471.288, 277.44, 0.00662068
_14890_, 471.288, 277.44, 0.00662068
FILLER_0_97_1004, 471.288, 277.44, 0.00662068
FILLER_0_97_1009, 471.288, 277.44, 0.00662068
FILLER_0_98_1004, 471.288, 277.44, 0.00662068
PHY_190, 5.52, 272, 0.00570877
PHY_192, 5.52, 272, 0.00570877
PHY_191, 483.92, 272, 0.00647774
PHY_193, 483.92, 272, 0.00647774
FILLER_0_95_1033, 483.92, 272, 0.00647774
FILLER_0_96_1031, 483.92, 272, 0.00647774
FILLER_0_97_27, 15.33, 272, 0.00570877
_08459_, 37.94, 272, 0.00574299
_14936_, 37.94, 272, 0.00574299
hold893, 37.94, 272, 0.00574299
FILLER_0_96_75, 37.94, 272, 0.00574299
_10951_, 50.74, 272, 0.0057725
ANTENNA_71, 50.74, 272, 0.0057725
FILLER_0_97_105, 50.74, 272, 0.0057725
_08457_, 63.54, 272, 0.00579663
_08990_, 63.54, 272, 0.00579663
_08991_, 63.54, 272, 0.00579663
_14904_, 63.54, 272, 0.00579663
FILLER_0_95_113, 63.54, 272, 0.00579663
FILLER_0_97_132, 63.54, 272, 0.00579663
_10237_, 76.34, 272, 0.00581459
_10238_, 76.34, 272, 0.00581459
_12497_, 76.34, 272, 0.00581459
_15771_, 76.34, 272, 0.00581459
hold1081, 76.34, 272, 0.00581459
FILLER_0_96_141, 76.34, 272, 0.00581459
_14464_, 89.14, 272, 0.00581437
_14935_, 89.14, 272, 0.00581437
FILLER_0_95_181, 89.14, 272, 0.00581437
FILLER_0_96_171, 89.14, 272, 0.00581437
FILLER_0_97_191, 89.14, 272, 0.00581437
_08404_, 101.94, 272, 0.00581032
_10766_, 101.94, 272, 0.00581032
_11416_, 101.94, 272, 0.00581032
hold602, 101.94, 272, 0.00581032
FILLER_0_96_208, 101.94, 272, 0.00581032
_10765_, 114.74, 272, 0.00580012
_10772_, 114.74, 272, 0.00580012
FILLER_0_95_225, 114.74, 272, 0.00580012
FILLER_0_95_237, 114.74, 272, 0.00580012
FILLER_0_97_243, 114.74, 272, 0.00580012
FILLER_0_97_251, 114.74, 272, 0.00580012
_12495_, 127.54, 272, 0.00578273
_12496_, 127.54, 272, 0.00578273
_13020_, 127.54, 272, 0.00578273
_15770_, 127.54, 272, 0.00578273
hold1177, 127.54, 272, 0.00578273
FILLER_0_95_265, 127.54, 272, 0.00578273
FILLER_0_97_276, 127.54, 272, 0.00578273
_08913_, 140.34, 272, 0.00575388
_16248_, 140.34, 272, 0.00575388
FILLER_0_95_281, 140.34, 272, 0.00575388
FILLER_0_96_301, 140.34, 272, 0.00575388
_08912_, 153.14, 272, 0.00572123
_13293_, 153.14, 272, 0.00572123
_14871_, 153.14, 272, 0.00572123
hold1553, 153.14, 272, 0.00572123
FILLER_0_95_317, 153.14, 272, 0.00572123
FILLER_0_97_321, 153.14, 272, 0.00572123
_08384_, 165.94, 272, 0.00568074
_10743_, 165.94, 272, 0.00568074
_13030_, 165.94, 272, 0.00568074
_15917_, 165.94, 272, 0.00568074
hold1372, 165.94, 272, 0.00568074
FILLER_0_97_349, 165.94, 272, 0.00568074
_08379_, 191.54, 272, 0.00568066
_08380_, 191.54, 272, 0.00568066
_08381_, 191.54, 272, 0.00568066
_10496_, 191.54, 272, 0.00568066
_10749_, 191.54, 272, 0.00568066
_13502_, 191.54, 272, 0.00568066
FILLER_0_96_409, 191.54, 272, 0.00568066
_08016_, 204.34, 272, 0.00571437
_13569_, 204.34, 272, 0.00571437
_13573_, 204.34, 272, 0.00571437
_16157_, 204.34, 272, 0.00571437
ANTENNA_40, 204.34, 272, 0.00571437
FILLER_0_96_421, 204.34, 272, 0.00571437
FILLER_0_96_428, 204.34, 272, 0.00571437
FILLER_0_97_442, 204.34, 272, 0.00571437
_13570_, 217.14, 272, 0.00574321
_13617_, 217.14, 272, 0.00574321
_16156_, 217.14, 272, 0.00574321
FILLER_0_95_453, 217.14, 272, 0.00574321
FILLER_0_96_456, 217.14, 272, 0.00574321
_13619_, 229.94, 272, 0.00576802
_16172_, 229.94, 272, 0.00576802
hold1139, 229.94, 272, 0.00576802
hold1268, 229.94, 272, 0.00576802
FILLER_0_97_498, 229.94, 272, 0.00576802
_12999_, 242.74, 272, 0.00578829
_13472_, 242.74, 272, 0.00578829
_13489_, 242.74, 272, 0.00578829
_13542_, 242.74, 272, 0.00578829
_13559_, 242.74, 272, 0.00578829
_13620_, 242.74, 272, 0.00578829
_13767_, 242.74, 272, 0.00578829
_13785_, 242.74, 272, 0.00578829
FILLER_0_96_529, 242.74, 272, 0.00578829
_09787_, 255.54, 272, 0.00580797
_10359_, 255.54, 272, 0.00580797
FILLER_0_96_537, 255.54, 272, 0.00580797
FILLER_0_97_557, 255.54, 272, 0.00580797
_07905_, 268.34, 272, 0.00582206
_07957_, 268.34, 272, 0.00582206
_07963_, 268.34, 272, 0.00582206
_09573_, 268.34, 272, 0.00582206
FILLER_0_96_585, 268.34, 272, 0.00582206
_09305_, 281.14, 272, 0.00583474
_09502_, 281.14, 272, 0.00583474
_10996_, 281.14, 272, 0.00583474
_15119_, 281.14, 272, 0.00583474
hold789, 281.14, 272, 0.00583474
FILLER_0_96_589, 281.14, 272, 0.00583474
FILLER_0_96_596, 281.14, 272, 0.00583474
FILLER_0_97_602, 281.14, 272, 0.00583474
_09304_, 293.94, 272, 0.00584149
_13771_, 293.94, 272, 0.00584149
_13772_, 293.94, 272, 0.00584149
_16240_, 293.94, 272, 0.00584149
hold803, 293.94, 272, 0.00584149
FILLER_0_95_626, 293.94, 272, 0.00584149
FILLER_0_96_614, 293.94, 272, 0.00584149
_08885_, 306.74, 272, 0.0058438
_08886_, 306.74, 272, 0.0058438
_10036_, 306.74, 272, 0.0058438
hold830, 306.74, 272, 0.0058438
FILLER_0_96_665, 306.74, 272, 0.0058438
_07532_, 319.54, 272, 0.00581587
_07681_, 319.54, 272, 0.00581587
_07684_, 319.54, 272, 0.00581587
_13004_, 319.54, 272, 0.00581587
_16148_, 319.54, 272, 0.00581587
FILLER_0_97_689, 319.54, 272, 0.00581587
_07535_, 344.971, 272, 0.00587188
_07850_, 344.971, 272, 0.00587188
_07851_, 344.971, 272, 0.00587188
_09292_, 344.971, 272, 0.00587188
FILLER_0_96_747, 344.971, 272, 0.00587188
_09302_, 357.603, 272, 0.00595971
_13006_, 357.603, 272, 0.00595971
hold705, 357.603, 272, 0.00595971
FILLER_0_95_765, 357.603, 272, 0.00595971
FILLER_0_96_757, 357.603, 272, 0.00595971
_08891_, 370.235, 272, 0.00604691
_08892_, 370.235, 272, 0.00604691
_09489_, 370.235, 272, 0.00604691
_09490_, 370.235, 272, 0.00604691
_14861_, 370.235, 272, 0.00604691
_15113_, 370.235, 272, 0.00604691
FILLER_0_95_785, 370.235, 272, 0.00604691
FILLER_0_96_780, 370.235, 272, 0.00604691
FILLER_0_97_793, 370.235, 272, 0.00604691
_09499_, 382.866, 272, 0.00612593
hold1480, 382.866, 272, 0.00612593
FILLER_0_95_818, 382.866, 272, 0.00612593
FILLER_0_96_808, 382.866, 272, 0.00612593
FILLER_0_96_813, 382.866, 272, 0.00612593
_09163_, 395.498, 272, 0.00620448
_14974_, 395.498, 272, 0.00620448
FILLER_0_95_841, 395.498, 272, 0.00620448
FILLER_0_96_842, 395.498, 272, 0.00620448
_08969_, 408.13, 272, 0.00627566
_10044_, 408.13, 272, 0.00627566
_14922_, 408.13, 272, 0.00627566
hold1400, 408.13, 272, 0.00627566
FILLER_0_96_864, 408.13, 272, 0.00627566
FILLER_0_96_877, 408.13, 272, 0.00627566
_10644_, 420.761, 272, 0.00633002
_14321_, 420.761, 272, 0.00633002
_16373_, 420.761, 272, 0.00633002
hold1349, 420.761, 272, 0.00633002
FILLER_0_96_892, 420.761, 272, 0.00633002
FILLER_0_97_906, 420.761, 272, 0.00633002
_09030_, 433.393, 272, 0.00637848
_11388_, 433.393, 272, 0.00637848
_14921_, 433.393, 272, 0.00637848
_15323_, 433.393, 272, 0.00637848
hold666, 433.393, 272, 0.00637848
_10642_, 446.025, 272, 0.00641909
_12472_, 446.025, 272, 0.00641909
FILLER_0_95_953, 446.025, 272, 0.00641909
_12470_, 458.656, 272, 0.00645223
_15756_, 458.656, 272, 0.00645223
FILLER_0_95_974, 458.656, 272, 0.00645223
FILLER_0_96_977, 458.656, 272, 0.00645223
_08961_, 471.288, 272, 0.00647774
_14889_, 471.288, 272, 0.00647774
clkbuf_leaf_123_clk, 471.288, 272, 0.00647774
hold1340, 471.288, 272, 0.00647774
FILLER_0_95_1001, 471.288, 272, 0.00647774
PHY_186, 5.52, 266.56, 0.00556055
PHY_188, 5.52, 266.56, 0.00556055
output48, 5.52, 266.56, 0.00556055
PHY_187, 483.92, 266.56, 0.00617252
PHY_189, 483.92, 266.56, 0.00617252
FILLER_0_93_1032, 483.92, 266.56, 0.00617252
FILLER_0_94_1032, 483.92, 266.56, 0.00617252
FILLER_0_94_21, 15.33, 266.56, 0.00555897
_10239_, 37.94, 266.56, 0.00560454
hold1191, 37.94, 266.56, 0.00560454
FILLER_0_94_74, 37.94, 266.56, 0.00560454
FILLER_0_95_73, 37.94, 266.56, 0.00560454
_08194_, 50.74, 266.56, 0.00564644
_11411_, 50.74, 266.56, 0.00564644
_15334_, 50.74, 266.56, 0.00564644
FILLER_0_93_87, 50.74, 266.56, 0.00564644
_09183_, 63.54, 266.56, 0.00568382
_09184_, 63.54, 266.56, 0.00568382
hold1108, 63.54, 266.56, 0.00568382
hold1250, 63.54, 266.56, 0.00568382
FILLER_0_94_123, 63.54, 266.56, 0.00568382
FILLER_0_95_138, 63.54, 266.56, 0.00568382
_10245_, 76.34, 266.56, 0.0057182
_10257_, 76.34, 266.56, 0.0057182
hold1432, 76.34, 266.56, 0.0057182
FILLER_0_94_141, 76.34, 266.56, 0.0057182
FILLER_0_94_155, 76.34, 266.56, 0.0057182
FILLER_0_95_160, 76.34, 266.56, 0.0057182
_09059_, 89.14, 266.56, 0.00572745
_15337_, 89.14, 266.56, 0.00572745
FILLER_0_93_181, 89.14, 266.56, 0.00572745
FILLER_0_94_187, 89.14, 266.56, 0.00572745
_09058_, 101.94, 266.56, 0.00573292
_10957_, 101.94, 266.56, 0.00573292
hold695, 101.94, 266.56, 0.00573292
hold877, 101.94, 266.56, 0.00573292
FILLER_0_93_208, 101.94, 266.56, 0.00573292
FILLER_0_95_219, 101.94, 266.56, 0.00573292
_08402_, 114.74, 266.56, 0.0057299
_10770_, 114.74, 266.56, 0.0057299
FILLER_0_93_225, 114.74, 266.56, 0.0057299
FILLER_0_95_249, 114.74, 266.56, 0.0057299
_08546_, 127.54, 266.56, 0.00572327
_10769_, 127.54, 266.56, 0.00572327
_11705_, 127.54, 266.56, 0.00572327
_11707_, 127.54, 266.56, 0.00572327
_15481_, 127.54, 266.56, 0.00572327
FILLER_0_94_253, 127.54, 266.56, 0.00572327
FILLER_0_94_279, 127.54, 266.56, 0.00572327
_10209_, 140.34, 266.56, 0.00568575
_10494_, 140.34, 266.56, 0.00568575
_13789_, 140.34, 266.56, 0.00568575
clkbuf_leaf_31_clk, 140.34, 266.56, 0.00568575
hold1272, 140.34, 266.56, 0.00568575
_13504_, 153.14, 266.56, 0.00560401
_13505_, 153.14, 266.56, 0.00560401
_13574_, 153.14, 266.56, 0.00560401
_13575_, 153.14, 266.56, 0.00560401
_16158_, 153.14, 266.56, 0.00560401
FILLER_0_94_309, 153.14, 266.56, 0.00560401
FILLER_0_94_333, 153.14, 266.56, 0.00560401
_10742_, 165.94, 266.56, 0.00551798
_13798_, 165.94, 266.56, 0.00551798
_13799_, 165.94, 266.56, 0.00551798
_16253_, 165.94, 266.56, 0.00551798
FILLER_0_93_337, 165.94, 266.56, 0.00551798
FILLER_0_94_357, 165.94, 266.56, 0.00551798
_08024_, 191.54, 266.56, 0.00547529
_08389_, 191.54, 266.56, 0.00547529
FILLER_0_93_393, 191.54, 266.56, 0.00547529
FILLER_0_94_414, 191.54, 266.56, 0.00547529
FILLER_0_95_418, 191.54, 266.56, 0.00547529
_08029_, 204.34, 266.56, 0.00552496
_16171_, 204.34, 266.56, 0.00552496
_16183_, 204.34, 266.56, 0.00552496
hold557, 204.34, 266.56, 0.00552496
FILLER_0_94_421, 204.34, 266.56, 0.00552496
FILLER_0_95_442, 204.34, 266.56, 0.00552496
_13571_, 217.14, 266.56, 0.00556618
_13616_, 217.14, 266.56, 0.00556618
hold1324, 217.14, 266.56, 0.00556618
FILLER_0_94_469, 217.14, 266.56, 0.00556618
FILLER_0_95_461, 217.14, 266.56, 0.00556618
_08899_, 229.94, 266.56, 0.00560681
_09505_, 229.94, 266.56, 0.00560681
_13656_, 229.94, 266.56, 0.00560681
_08882_, 242.74, 266.56, 0.00564714
_09488_, 242.74, 266.56, 0.00564714
_10365_, 242.74, 266.56, 0.00564714
_13016_, 242.74, 266.56, 0.00564714
_13471_, 242.74, 266.56, 0.00564714
_13541_, 242.74, 266.56, 0.00564714
_13768_, 242.74, 266.56, 0.00564714
clkbuf_leaf_80_clk, 242.74, 266.56, 0.00564714
FILLER_0_94_527, 242.74, 266.56, 0.00564714
_08633_, 255.54, 266.56, 0.00565724
_08897_, 255.54, 266.56, 0.00565724
_08898_, 255.54, 266.56, 0.00565724
_09574_, 255.54, 266.56, 0.00565724
_15250_, 255.54, 266.56, 0.00565724
hold710, 255.54, 266.56, 0.00565724
FILLER_0_94_552, 255.54, 266.56, 0.00565724
FILLER_0_95_553, 255.54, 266.56, 0.00565724
_07964_, 268.34, 266.56, 0.00566283
_15152_, 268.34, 266.56, 0.00566283
hold547, 268.34, 266.56, 0.00566283
hold708, 268.34, 266.56, 0.00566283
FILLER_0_94_575, 268.34, 266.56, 0.00566283
FILLER_0_94_585, 268.34, 266.56, 0.00566283
_07906_, 281.14, 266.56, 0.00566338
_07907_, 281.14, 266.56, 0.00566338
_07908_, 281.14, 266.56, 0.00566338
_09501_, 281.14, 266.56, 0.00566338
_15039_, 281.14, 266.56, 0.00566338
_07506_, 293.94, 266.56, 0.00565932
_07628_, 293.94, 266.56, 0.00565932
_14858_, 293.94, 266.56, 0.00565932
clkbuf_leaf_136_clk, 293.94, 266.56, 0.00565932
hold903, 293.94, 266.56, 0.00565932
ANTENNA_39, 293.94, 266.56, 0.00565932
FILLER_0_94_622, 293.94, 266.56, 0.00565932
_07618_, 306.74, 266.56, 0.00562651
_10561_, 306.74, 266.56, 0.00562651
FILLER_0_93_650, 306.74, 266.56, 0.00562651
FILLER_0_94_641, 306.74, 266.56, 0.00562651
FILLER_0_94_657, 306.74, 266.56, 0.00562651
FILLER_0_95_662, 306.74, 266.56, 0.00562651
_07682_, 319.54, 266.56, 0.00558861
_07683_, 319.54, 266.56, 0.00558861
_09296_, 319.54, 266.56, 0.00558861
hold697, 319.54, 266.56, 0.00558861
FILLER_0_94_696, 319.54, 266.56, 0.00558861
FILLER_0_95_684, 319.54, 266.56, 0.00558861
FILLER_0_95_694, 319.54, 266.56, 0.00558861
_07536_, 344.971, 266.56, 0.00564544
_07741_, 344.971, 266.56, 0.00564544
_07742_, 344.971, 266.56, 0.00564544
_07743_, 344.971, 266.56, 0.00564544
FILLER_0_93_729, 344.971, 266.56, 0.00564544
FILLER_0_94_725, 344.971, 266.56, 0.00564544
FILLER_0_95_738, 344.971, 266.56, 0.00564544
FILLER_0_95_751, 344.971, 266.56, 0.00564544
_07740_, 357.603, 266.56, 0.00574022
_10154_, 357.603, 266.56, 0.00574022
_13007_, 357.603, 266.56, 0.00574022
_15906_, 357.603, 266.56, 0.00574022
hold640, 357.603, 266.56, 0.00574022
FILLER_0_95_776, 357.603, 266.56, 0.00574022
_10155_, 370.235, 266.56, 0.00582722
_10166_, 370.235, 266.56, 0.00582722
_09493_, 382.866, 266.56, 0.00590776
_15116_, 382.866, 266.56, 0.00590776
FILLER_0_93_818, 382.866, 266.56, 0.00590776
FILLER_0_94_813, 382.866, 266.56, 0.00590776
FILLER_0_95_826, 382.866, 266.56, 0.00590776
_08733_, 395.498, 266.56, 0.0059844
_09162_, 395.498, 266.56, 0.0059844
_09494_, 395.498, 266.56, 0.0059844
_15115_, 395.498, 266.56, 0.0059844
hold1358, 395.498, 266.56, 0.0059844
FILLER_0_94_857, 395.498, 266.56, 0.0059844
FILLER_0_95_849, 395.498, 266.56, 0.0059844
FILLER_0_95_861, 395.498, 266.56, 0.0059844
_08731_, 408.13, 266.56, 0.00604502
_08970_, 408.13, 266.56, 0.00604502
_14894_, 408.13, 266.56, 0.00604502
hold923, 408.13, 266.56, 0.00604502
FILLER_0_93_875, 408.13, 266.56, 0.00604502
FILLER_0_95_887, 408.13, 266.56, 0.00604502
_09905_, 420.761, 266.56, 0.00609192
_14320_, 420.761, 266.56, 0.00609192
FILLER_0_95_913, 420.761, 266.56, 0.00609192
_11387_, 433.393, 266.56, 0.00612823
_11668_, 433.393, 266.56, 0.00612823
hold1152, 433.393, 266.56, 0.00612823
FILLER_0_94_919, 433.393, 266.56, 0.00612823
FILLER_0_94_925, 433.393, 266.56, 0.00612823
FILLER_0_94_938, 433.393, 266.56, 0.00612823
_10146_, 446.025, 266.56, 0.00615854
_10147_, 446.025, 266.56, 0.00615854
_12473_, 446.025, 266.56, 0.00615854
_15759_, 446.025, 266.56, 0.00615854
hold686, 446.025, 266.56, 0.00615854
FILLER_0_93_944, 446.025, 266.56, 0.00615854
_07706_, 458.656, 266.56, 0.00617173
_12471_, 458.656, 266.56, 0.00617173
_15758_, 458.656, 266.56, 0.00617173
hold590, 458.656, 266.56, 0.00617173
FILLER_0_94_973, 458.656, 266.56, 0.00617173
FILLER_0_95_990, 458.656, 266.56, 0.00617173
_08959_, 471.288, 266.56, 0.00617252
hold720, 471.288, 266.56, 0.00617252
hold1353, 471.288, 266.56, 0.00617252
FILLER_0_93_1001, 471.288, 266.56, 0.00617252
FILLER_0_94_1000, 471.288, 266.56, 0.00617252
FILLER_0_94_1008, 471.288, 266.56, 0.00617252
PHY_182, 5.52, 261.12, 0.00540171
PHY_184, 5.52, 261.12, 0.00540171
PHY_183, 483.92, 261.12, 0.00592243
PHY_185, 483.92, 261.12, 0.00592243
input15, 483.92, 261.12, 0.00592243
hold1299, 483.92, 261.12, 0.00592243
_11408_, 37.94, 261.12, 0.00546008
_11409_, 37.94, 261.12, 0.00546008
_11419_, 37.94, 261.12, 0.00546008
_15333_, 37.94, 261.12, 0.00546008
hold689, 37.94, 261.12, 0.00546008
FILLER_0_91_57, 37.94, 261.12, 0.00546008
FILLER_0_92_61, 37.94, 261.12, 0.00546008
_10092_, 50.74, 261.12, 0.00551408
_11410_, 50.74, 261.12, 0.00551408
clkbuf_leaf_40_clk, 50.74, 261.12, 0.00551408
_09173_, 63.54, 261.12, 0.00553663
_09174_, 63.54, 261.12, 0.00553663
_15766_, 63.54, 261.12, 0.00553663
FILLER_0_92_115, 63.54, 261.12, 0.00553663
FILLER_0_92_129, 63.54, 261.12, 0.00553663
FILLER_0_92_137, 63.54, 261.12, 0.00553663
FILLER_0_93_133, 63.54, 261.12, 0.00553663
_09175_, 76.34, 261.12, 0.00555065
_12487_, 76.34, 261.12, 0.00555065
FILLER_0_92_141, 76.34, 261.12, 0.00555065
FILLER_0_92_156, 76.34, 261.12, 0.00555065
FILLER_0_93_163, 76.34, 261.12, 0.00555065
_08245_, 89.14, 261.12, 0.00556206
_10950_, 89.14, 261.12, 0.00556206
_10969_, 89.14, 261.12, 0.00556206
_12490_, 89.14, 261.12, 0.00556206
FILLER_0_91_169, 89.14, 261.12, 0.00556206
_09181_, 101.94, 261.12, 0.00554896
_10949_, 101.94, 261.12, 0.00554896
_12489_, 101.94, 261.12, 0.00554896
_14347_, 101.94, 261.12, 0.00554896
_16386_, 101.94, 261.12, 0.00554896
hold924, 101.94, 261.12, 0.00554896
FILLER_0_92_206, 101.94, 261.12, 0.00554896
_09182_, 114.74, 261.12, 0.00552526
_11563_, 114.74, 261.12, 0.00552526
_14348_, 114.74, 261.12, 0.00552526
_15417_, 114.74, 261.12, 0.00552526
hold1511, 114.74, 261.12, 0.00552526
_10210_, 127.54, 261.12, 0.00549358
_11706_, 127.54, 261.12, 0.00549358
hold1017, 127.54, 261.12, 0.00549358
hold1294, 127.54, 261.12, 0.00549358
FILLER_0_92_253, 127.54, 261.12, 0.00549358
FILLER_0_92_269, 127.54, 261.12, 0.00549358
_10030_, 140.34, 261.12, 0.00544877
_10062_, 140.34, 261.12, 0.00544877
_13495_, 140.34, 261.12, 0.00544877
_13788_, 140.34, 261.12, 0.00544877
FILLER_0_92_296, 140.34, 261.12, 0.00544877
FILLER_0_92_304, 140.34, 261.12, 0.00544877
FILLER_0_93_303, 140.34, 261.12, 0.00544877
_16126_, 153.14, 261.12, 0.00537311
_16153_, 153.14, 261.12, 0.00537311
hold1206, 153.14, 261.12, 0.00537311
_08385_, 165.94, 261.12, 0.00528975
_08388_, 165.94, 261.12, 0.00528975
hold807, 165.94, 261.12, 0.00528975
hold1027, 165.94, 261.12, 0.00528975
FILLER_0_91_345, 165.94, 261.12, 0.00528975
FILLER_0_92_337, 165.94, 261.12, 0.00528975
_10032_, 191.54, 261.12, 0.00526621
_10446_, 191.54, 261.12, 0.00526621
_13647_, 191.54, 261.12, 0.00526621
_13751_, 191.54, 261.12, 0.00526621
hold1046, 191.54, 261.12, 0.00526621
FILLER_0_92_396, 191.54, 261.12, 0.00526621
FILLER_0_93_412, 191.54, 261.12, 0.00526621
_13646_, 204.34, 261.12, 0.00531014
_13682_, 204.34, 261.12, 0.00531014
_16199_, 204.34, 261.12, 0.00531014
FILLER_0_92_443, 204.34, 261.12, 0.00531014
FILLER_0_93_437, 204.34, 261.12, 0.00531014
FILLER_0_93_445, 204.34, 261.12, 0.00531014
_08325_, 217.14, 261.12, 0.00535007
_13566_, 217.14, 261.12, 0.00535007
_13618_, 217.14, 261.12, 0.00535007
_13657_, 217.14, 261.12, 0.00535007
_13762_, 217.14, 261.12, 0.00535007
hold1402, 217.14, 261.12, 0.00535007
FILLER_0_91_458, 217.14, 261.12, 0.00535007
FILLER_0_93_471, 217.14, 261.12, 0.00535007
_10337_, 229.94, 261.12, 0.00538546
_16188_, 229.94, 261.12, 0.00538546
hold694, 229.94, 261.12, 0.00538546
FILLER_0_93_497, 229.94, 261.12, 0.00538546
_09290_, 242.74, 261.12, 0.00541243
_09291_, 242.74, 261.12, 0.00541243
_09308_, 242.74, 261.12, 0.00541243
FILLER_0_92_505, 242.74, 261.12, 0.00541243
FILLER_0_92_518, 242.74, 261.12, 0.00541243
FILLER_0_92_529, 242.74, 261.12, 0.00541243
FILLER_0_93_527, 242.74, 261.12, 0.00541243
_08632_, 255.54, 261.12, 0.00543932
_10303_, 255.54, 261.12, 0.00543932
_14800_, 255.54, 261.12, 0.00543932
_14864_, 255.54, 261.12, 0.00543932
_08005_, 268.34, 261.12, 0.00544008
_08623_, 268.34, 261.12, 0.00544008
_09946_, 268.34, 261.12, 0.00544008
max_cap100, 268.34, 261.12, 0.00544008
FILLER_0_91_571, 268.34, 261.12, 0.00544008
_07910_, 281.14, 261.12, 0.005418
_07953_, 281.14, 261.12, 0.005418
_07955_, 281.14, 261.12, 0.005418
_07956_, 281.14, 261.12, 0.005418
FILLER_0_91_599, 281.14, 261.12, 0.005418
FILLER_0_93_608, 281.14, 261.12, 0.005418
_07621_, 293.94, 261.12, 0.00539388
_08895_, 293.94, 261.12, 0.00539388
hold1521, 293.94, 261.12, 0.00539388
FILLER_0_92_628, 293.94, 261.12, 0.00539388
FILLER_0_93_637, 293.94, 261.12, 0.00539388
_09297_, 306.74, 261.12, 0.00536908
_10867_, 306.74, 261.12, 0.00536908
_13475_, 306.74, 261.12, 0.00536908
_15035_, 306.74, 261.12, 0.00536908
_07687_, 319.54, 261.12, 0.00533494
FILLER_0_91_682, 319.54, 261.12, 0.00533494
FILLER_0_92_694, 319.54, 261.12, 0.00533494
FILLER_0_93_691, 319.54, 261.12, 0.00533494
_10619_, 344.971, 261.12, 0.00539015
hold992, 344.971, 261.12, 0.00539015
FILLER_0_92_741, 344.971, 261.12, 0.00539015
_09298_, 357.603, 261.12, 0.00547847
_10160_, 357.603, 261.12, 0.00547847
_10162_, 370.235, 261.12, 0.00556517
_10164_, 370.235, 261.12, 0.00556517
_10165_, 370.235, 261.12, 0.00556517
FILLER_0_92_784, 370.235, 261.12, 0.00556517
FILLER_0_92_805, 370.235, 261.12, 0.00556517
_09263_, 382.866, 261.12, 0.00564929
_09495_, 382.866, 261.12, 0.00564929
_09496_, 382.866, 261.12, 0.00564929
_10158_, 382.866, 261.12, 0.00564929
hold552, 382.866, 261.12, 0.00564929
_07822_, 395.498, 261.12, 0.00573146
_14435_, 395.498, 261.12, 0.00573146
_14436_, 395.498, 261.12, 0.00573146
hold586, 395.498, 261.12, 0.00573146
FILLER_0_91_837, 395.498, 261.12, 0.00573146
FILLER_0_91_841, 395.498, 261.12, 0.00573146
FILLER_0_93_856, 395.498, 261.12, 0.00573146
_07597_, 408.13, 261.12, 0.00581051
_08817_, 408.13, 261.12, 0.00581051
clkbuf_leaf_126_clk, 408.13, 261.12, 0.00581051
FILLER_0_91_865, 408.13, 261.12, 0.00581051
FILLER_0_92_862, 408.13, 261.12, 0.00581051
_07714_, 420.761, 261.12, 0.0058528
_10151_, 420.761, 261.12, 0.0058528
_10152_, 420.761, 261.12, 0.0058528
_10585_, 420.761, 261.12, 0.0058528
_10586_, 420.761, 261.12, 0.0058528
FILLER_0_91_893, 420.761, 261.12, 0.0058528
_14429_, 433.393, 261.12, 0.00587619
_16439_, 433.393, 261.12, 0.00587619
hold605, 433.393, 261.12, 0.00587619
hold749, 433.393, 261.12, 0.00587619
FILLER_0_92_917, 433.393, 261.12, 0.00587619
FILLER_0_92_942, 433.393, 261.12, 0.00587619
_07760_, 446.025, 261.12, 0.00589517
FILLER_0_91_944, 446.025, 261.12, 0.00589517
FILLER_0_91_953, 446.025, 261.12, 0.00589517
_08964_, 458.656, 261.12, 0.00591145
_10582_, 458.656, 261.12, 0.00591145
FILLER_0_92_973, 458.656, 261.12, 0.00591145
_08963_, 471.288, 261.12, 0.00592083
_08965_, 471.288, 261.12, 0.00592083
_08966_, 471.288, 261.12, 0.00592083
_14891_, 471.288, 261.12, 0.00592083
_14892_, 471.288, 261.12, 0.00592083
PHY_178, 5.52, 255.68, 0.00522155
PHY_180, 5.52, 255.68, 0.00522155
PHY_179, 483.92, 255.68, 0.0055323
PHY_181, 483.92, 255.68, 0.0055323
FILLER_0_89_1033, 483.92, 255.68, 0.0055323
FILLER_0_90_1030, 483.92, 255.68, 0.0055323
_11418_, 37.94, 255.68, 0.00526887
_15338_, 37.94, 255.68, 0.00526887
FILLER_0_90_81, 37.94, 255.68, 0.00526887
_13911_, 50.74, 255.68, 0.00531234
_14979_, 50.74, 255.68, 0.00531234
_16318_, 50.74, 255.68, 0.00531234
hold1259, 50.74, 255.68, 0.00531234
FILLER_0_89_93, 50.74, 255.68, 0.00531234
FILLER_0_90_109, 50.74, 255.68, 0.00531234
_08192_, 63.54, 255.68, 0.00534533
_12488_, 63.54, 255.68, 0.00534533
_13910_, 63.54, 255.68, 0.00534533
hold1295, 63.54, 255.68, 0.00534533
hold1365, 63.54, 255.68, 0.00534533
_09176_, 76.34, 255.68, 0.00537187
_10090_, 76.34, 255.68, 0.00537187
_10093_, 76.34, 255.68, 0.00537187
_14980_, 76.34, 255.68, 0.00537187
FILLER_0_90_152, 76.34, 255.68, 0.00537187
FILLER_0_91_155, 76.34, 255.68, 0.00537187
FILLER_0_91_164, 76.34, 255.68, 0.00537187
_10116_, 89.14, 255.68, 0.00538358
_10952_, 89.14, 255.68, 0.00538358
_15767_, 89.14, 255.68, 0.00538358
hold883, 89.14, 255.68, 0.00538358
FILLER_0_90_182, 89.14, 255.68, 0.00538358
_14983_, 101.94, 255.68, 0.00536503
clkbuf_leaf_38_clk, 101.94, 255.68, 0.00536503
FILLER_0_90_209, 101.94, 255.68, 0.00536503
_11562_, 114.74, 255.68, 0.00531734
_11621_, 114.74, 255.68, 0.00531734
_11622_, 114.74, 255.68, 0.00531734
FILLER_0_89_237, 114.74, 255.68, 0.00531734
FILLER_0_90_232, 114.74, 255.68, 0.00531734
_10031_, 127.54, 255.68, 0.00526921
_10034_, 127.54, 255.68, 0.00526921
_10035_, 127.54, 255.68, 0.00526921
_13278_, 127.54, 255.68, 0.00526921
hold1214, 127.54, 255.68, 0.00526921
FILLER_0_90_261, 127.54, 255.68, 0.00526921
FILLER_0_90_269, 127.54, 255.68, 0.00526921
FILLER_0_91_266, 127.54, 255.68, 0.00526921
_13494_, 140.34, 255.68, 0.00519561
_13610_, 140.34, 255.68, 0.00519561
_16121_, 140.34, 255.68, 0.00519561
_16169_, 140.34, 255.68, 0.00519561
hold1535, 140.34, 255.68, 0.00519561
_13564_, 153.14, 255.68, 0.00511386
_13565_, 153.14, 255.68, 0.00511386
hold1404, 153.14, 255.68, 0.00511386
FILLER_0_90_317, 153.14, 255.68, 0.00511386
FILLER_0_91_332, 153.14, 255.68, 0.00511386
_08168_, 165.94, 255.68, 0.00503155
_08169_, 165.94, 255.68, 0.00503155
_08386_, 165.94, 255.68, 0.00503155
FILLER_0_90_356, 165.94, 255.68, 0.00503155
FILLER_0_91_357, 165.94, 255.68, 0.00503155
_08019_, 191.54, 255.68, 0.00497562
_08022_, 191.54, 255.68, 0.00497562
_13716_, 191.54, 255.68, 0.00497562
_13717_, 191.54, 255.68, 0.00497562
_16215_, 191.54, 255.68, 0.00497562
FILLER_0_90_416, 191.54, 255.68, 0.00497562
_13681_, 204.34, 255.68, 0.00499815
_16154_, 204.34, 255.68, 0.00499815
hold764, 204.34, 255.68, 0.00499815
FILLER_0_90_439, 204.34, 255.68, 0.00499815
FILLER_0_91_438, 204.34, 255.68, 0.00499815
_08323_, 217.14, 255.68, 0.00501649
_08324_, 217.14, 255.68, 0.00501649
_13567_, 217.14, 255.68, 0.00501649
_16236_, 217.14, 255.68, 0.00501649
hold1168, 217.14, 255.68, 0.00501649
FILLER_0_89_460, 217.14, 255.68, 0.00501649
_08322_, 229.94, 255.68, 0.00503024
_08650_, 229.94, 255.68, 0.00503024
_13691_, 229.94, 255.68, 0.00503024
FILLER_0_89_477, 229.94, 255.68, 0.00503024
FILLER_0_91_501, 229.94, 255.68, 0.00503024
_08540_, 242.74, 255.68, 0.00504353
_08541_, 242.74, 255.68, 0.00504353
_08566_, 242.74, 255.68, 0.00504353
_08567_, 242.74, 255.68, 0.00504353
_09255_, 242.74, 255.68, 0.00504353
_09557_, 242.74, 255.68, 0.00504353
_09575_, 242.74, 255.68, 0.00504353
hold946, 242.74, 255.68, 0.00504353
FILLER_0_91_520, 242.74, 255.68, 0.00504353
_09256_, 255.54, 255.68, 0.0050558
_09771_, 255.54, 255.68, 0.0050558
_10369_, 255.54, 255.68, 0.0050558
_13487_, 255.54, 255.68, 0.0050558
FILLER_0_90_539, 255.54, 255.68, 0.0050558
FILLER_0_90_547, 255.54, 255.68, 0.0050558
FILLER_0_91_553, 255.54, 255.68, 0.0050558
_07525_, 268.34, 255.68, 0.00506443
_08622_, 268.34, 255.68, 0.00506443
_13268_, 268.34, 255.68, 0.00506443
_14799_, 268.34, 255.68, 0.00506443
hold733, 268.34, 255.68, 0.00506443
FILLER_0_90_559, 268.34, 255.68, 0.00506443
_07909_, 281.14, 255.68, 0.00506444
_07954_, 281.14, 255.68, 0.00506444
_08896_, 281.14, 255.68, 0.00506444
_14863_, 281.14, 255.68, 0.00506444
FILLER_0_89_598, 281.14, 255.68, 0.00506444
FILLER_0_90_589, 281.14, 255.68, 0.00506444
FILLER_0_90_601, 281.14, 255.68, 0.00506444
FILLER_0_91_611, 281.14, 255.68, 0.00506444
_07619_, 293.94, 255.68, 0.00505996
_07620_, 293.94, 255.68, 0.00505996
_13476_, 293.94, 255.68, 0.00505996
_13546_, 293.94, 255.68, 0.00505996
FILLER_0_90_622, 293.94, 255.68, 0.00505996
FILLER_0_91_634, 293.94, 255.68, 0.00505996
_16112_, 306.74, 255.68, 0.00505474
hold767, 306.74, 255.68, 0.00505474
hold784, 306.74, 255.68, 0.00505474
FILLER_0_90_661, 306.74, 255.68, 0.00505474
FILLER_0_91_664, 306.74, 255.68, 0.00505474
_07685_, 319.54, 255.68, 0.00504525
_07790_, 319.54, 255.68, 0.00504525
_07875_, 319.54, 255.68, 0.00504525
_10559_, 319.54, 255.68, 0.00504525
FILLER_0_90_691, 319.54, 255.68, 0.00504525
_07539_, 344.971, 255.68, 0.00511606
_07744_, 344.971, 255.68, 0.00511606
_07745_, 344.971, 255.68, 0.00511606
_15036_, 344.971, 255.68, 0.00511606
FILLER_0_89_729, 344.971, 255.68, 0.00511606
FILLER_0_90_734, 344.971, 255.68, 0.00511606
FILLER_0_90_745, 344.971, 255.68, 0.00511606
_07529_, 357.603, 255.68, 0.005196
_09299_, 357.603, 255.68, 0.005196
_10623_, 357.603, 255.68, 0.005196
clkbuf_leaf_134_clk, 357.603, 255.68, 0.005196
FILLER_0_89_760, 357.603, 255.68, 0.005196
FILLER_0_91_777, 357.603, 255.68, 0.005196
_09264_, 370.235, 255.68, 0.00525736
_10622_, 370.235, 255.68, 0.00525736
_15020_, 370.235, 255.68, 0.00525736
FILLER_0_90_806, 370.235, 255.68, 0.00525736
_07739_, 382.866, 255.68, 0.00531345
_09778_, 382.866, 255.68, 0.00531345
_10157_, 382.866, 255.68, 0.00531345
_09972_, 395.498, 255.68, 0.00536686
_16441_, 395.498, 255.68, 0.00536686
hold837, 395.498, 255.68, 0.00536686
FILLER_0_89_836, 395.498, 255.68, 0.00536686
FILLER_0_90_843, 395.498, 255.68, 0.00536686
_08596_, 408.13, 255.68, 0.00541128
_10149_, 408.13, 255.68, 0.00541128
FILLER_0_90_886, 408.13, 255.68, 0.00541128
_10583_, 420.761, 255.68, 0.00545504
_10584_, 420.761, 255.68, 0.00545504
_14426_, 420.761, 255.68, 0.00545504
_14427_, 420.761, 255.68, 0.00545504
_16438_, 420.761, 255.68, 0.00545504
FILLER_0_91_905, 420.761, 255.68, 0.00545504
_07762_, 433.393, 255.68, 0.00549166
_14430_, 433.393, 255.68, 0.00549166
FILLER_0_90_917, 433.393, 255.68, 0.00549166
_09158_, 446.025, 255.68, 0.0055273
_14972_, 446.025, 255.68, 0.0055273
clkbuf_leaf_124_clk, 446.025, 255.68, 0.0055273
hold496, 446.025, 255.68, 0.0055273
FILLER_0_89_945, 446.025, 255.68, 0.0055273
FILLER_0_89_953, 446.025, 255.68, 0.0055273
FILLER_0_90_946, 446.025, 255.68, 0.0055273
_09156_, 458.656, 255.68, 0.0055323
_09159_, 458.656, 255.68, 0.0055323
hold1171, 458.656, 255.68, 0.0055323
hold1552, 458.656, 255.68, 0.0055323
FILLER_0_89_972, 458.656, 255.68, 0.0055323
FILLER_0_90_976, 458.656, 255.68, 0.0055323
FILLER_0_90_993, 458.656, 255.68, 0.0055323
FILLER_0_91_993, 458.656, 255.68, 0.0055323
FILLER_0_89_1002, 471.288, 255.68, 0.0055323
FILLER_0_91_1025, 471.288, 255.68, 0.0055323
PHY_174, 5.52, 250.24, 0.00501557
PHY_176, 5.52, 250.24, 0.00501557
PHY_175, 483.92, 250.24, 0.00512628
PHY_177, 483.92, 250.24, 0.00512628
FILLER_0_87_1033, 483.92, 250.24, 0.00512628
FILLER_0_88_1033, 483.92, 250.24, 0.00512628
_14340_, 37.94, 250.24, 0.00501793
FILLER_0_87_69, 37.94, 250.24, 0.00501793
_14349_, 50.74, 250.24, 0.00502016
_16323_, 50.74, 250.24, 0.00502016
_16387_, 50.74, 250.24, 0.00502016
hold1520, 50.74, 250.24, 0.00502016
_10091_, 63.54, 250.24, 0.00501435
_13920_, 63.54, 250.24, 0.00501435
_13921_, 63.54, 250.24, 0.00501435
hold1572, 63.54, 250.24, 0.00501435
FILLER_0_88_136, 63.54, 250.24, 0.00501435
FILLER_0_89_130, 63.54, 250.24, 0.00501435
_10098_, 76.34, 250.24, 0.00500458
hold1179, 76.34, 250.24, 0.00500458
FILLER_0_88_165, 76.34, 250.24, 0.00500458
FILLER_0_89_163, 76.34, 250.24, 0.00500458
_13912_, 89.14, 250.24, 0.00498877
_13913_, 89.14, 250.24, 0.00498877
_16319_, 89.14, 250.24, 0.00498877
FILLER_0_87_169, 89.14, 250.24, 0.00498877
FILLER_0_87_177, 89.14, 250.24, 0.00498877
FILLER_0_88_193, 89.14, 250.24, 0.00498877
_10954_, 101.94, 250.24, 0.00496893
_10956_, 101.94, 250.24, 0.00496893
_16322_, 101.94, 250.24, 0.00496893
hold1124, 101.94, 250.24, 0.00496893
FILLER_0_88_205, 101.94, 250.24, 0.00496893
_08904_, 114.74, 250.24, 0.00493793
_08905_, 114.74, 250.24, 0.00493793
_13918_, 114.74, 250.24, 0.00493793
_15449_, 114.74, 250.24, 0.00493793
hold1304, 114.74, 250.24, 0.00493793
FILLER_0_88_239, 114.74, 250.24, 0.00493793
FILLER_0_88_248, 114.74, 250.24, 0.00493793
_13611_, 127.54, 250.24, 0.00490245
_13626_, 127.54, 250.24, 0.00490245
_16174_, 127.54, 250.24, 0.00490245
FILLER_0_88_265, 127.54, 250.24, 0.00490245
FILLER_0_88_273, 127.54, 250.24, 0.00490245
FILLER_0_89_270, 127.54, 250.24, 0.00490245
_13625_, 140.34, 250.24, 0.00486299
hold1273, 140.34, 250.24, 0.00486299
hold1504, 140.34, 250.24, 0.00486299
FILLER_0_88_304, 140.34, 250.24, 0.00486299
_08433_, 153.14, 250.24, 0.00482272
_08434_, 153.14, 250.24, 0.00482272
_10217_, 153.14, 250.24, 0.00482272
FILLER_0_89_332, 153.14, 250.24, 0.00482272
_08167_, 165.94, 250.24, 0.00477847
_08170_, 165.94, 250.24, 0.00477847
_10047_, 165.94, 250.24, 0.00477847
_10048_, 165.94, 250.24, 0.00477847
FILLER_0_88_361, 165.94, 250.24, 0.00477847
hold574, 191.54, 250.24, 0.00481674
FILLER_0_88_410, 191.54, 250.24, 0.00481674
_08221_, 204.34, 250.24, 0.00490552
_08222_, 204.34, 250.24, 0.00490552
_09273_, 204.34, 250.24, 0.00490552
_09788_, 204.34, 250.24, 0.00490552
_10930_, 204.34, 250.24, 0.00490552
FILLER_0_88_421, 204.34, 250.24, 0.00490552
FILLER_0_89_433, 204.34, 250.24, 0.00490552
_13496_, 217.14, 250.24, 0.0049904
_13497_, 217.14, 250.24, 0.0049904
_13761_, 217.14, 250.24, 0.0049904
hold1348, 217.14, 250.24, 0.0049904
FILLER_0_87_460, 217.14, 250.24, 0.0049904
FILLER_0_88_470, 217.14, 250.24, 0.0049904
_09770_, 229.94, 250.24, 0.00507451
_13692_, 229.94, 250.24, 0.00507451
_13727_, 229.94, 250.24, 0.00507451
_16204_, 229.94, 250.24, 0.00507451
FILLER_0_88_480, 229.94, 250.24, 0.00507451
FILLER_0_89_496, 229.94, 250.24, 0.00507451
_07552_, 242.74, 250.24, 0.00515467
_07791_, 242.74, 250.24, 0.00515467
_08873_, 242.74, 250.24, 0.00515467
_13281_, 242.74, 250.24, 0.00515467
clkbuf_0_clk, 242.74, 250.24, 0.00515467
ANTENNA_75, 242.74, 250.24, 0.00515467
FILLER_0_88_503, 242.74, 250.24, 0.00515467
_13557_, 255.54, 250.24, 0.00513283
_13558_, 255.54, 250.24, 0.00513283
_16150_, 255.54, 250.24, 0.00513283
hold1368, 255.54, 250.24, 0.00513283
ANTENNA_76, 255.54, 250.24, 0.00513283
_07904_, 268.34, 250.24, 0.00510664
_09269_, 268.34, 250.24, 0.00510664
_09270_, 268.34, 250.24, 0.00510664
_15023_, 268.34, 250.24, 0.00510664
hold563, 268.34, 250.24, 0.00510664
_07520_, 281.14, 250.24, 0.00507554
_07900_, 281.14, 250.24, 0.00507554
_10279_, 281.14, 250.24, 0.00507554
FILLER_0_87_599, 281.14, 250.24, 0.00507554
FILLER_0_88_589, 281.14, 250.24, 0.00507554
_07901_, 293.94, 250.24, 0.00502597
_07902_, 293.94, 250.24, 0.00502597
_07903_, 293.94, 250.24, 0.00502597
_10049_, 293.94, 250.24, 0.00502597
_11002_, 293.94, 250.24, 0.00502597
_13545_, 293.94, 250.24, 0.00502597
_16144_, 293.94, 250.24, 0.00502597
_07677_, 306.74, 250.24, 0.00495346
_10560_, 306.74, 250.24, 0.00495346
hold663, 306.74, 250.24, 0.00495346
FILLER_0_88_657, 306.74, 250.24, 0.00495346
FILLER_0_88_666, 306.74, 250.24, 0.00495346
FILLER_0_89_655, 306.74, 250.24, 0.00495346
FILLER_0_89_663, 306.74, 250.24, 0.00495346
_07517_, 319.54, 250.24, 0.00487594
_07674_, 319.54, 250.24, 0.00487594
_07686_, 319.54, 250.24, 0.00487594
FILLER_0_87_669, 319.54, 250.24, 0.00487594
FILLER_0_88_681, 319.54, 250.24, 0.00487594
FILLER_0_88_695, 319.54, 250.24, 0.00487594
_07735_, 344.971, 250.24, 0.00484729
_07852_, 344.971, 250.24, 0.00484729
FILLER_0_87_725, 344.971, 250.24, 0.00484729
FILLER_0_88_746, 344.971, 250.24, 0.00484729
_09257_, 357.603, 250.24, 0.00489715
_09258_, 357.603, 250.24, 0.00489715
_10624_, 357.603, 250.24, 0.00489715
_15017_, 357.603, 250.24, 0.00489715
FILLER_0_87_755, 357.603, 250.24, 0.00489715
FILLER_0_88_757, 357.603, 250.24, 0.00489715
_07679_, 370.235, 250.24, 0.00494103
_10562_, 370.235, 250.24, 0.00494103
hold467, 370.235, 250.24, 0.00494103
FILLER_0_87_785, 370.235, 250.24, 0.00494103
FILLER_0_88_789, 370.235, 250.24, 0.00494103
FILLER_0_88_802, 370.235, 250.24, 0.00494103
FILLER_0_89_806, 370.235, 250.24, 0.00494103
_09779_, 382.866, 250.24, 0.00498073
_10156_, 382.866, 250.24, 0.00498073
_15246_, 382.866, 250.24, 0.00498073
hold531, 382.866, 250.24, 0.00498073
FILLER_0_88_825, 382.866, 250.24, 0.00498073
_07870_, 395.498, 250.24, 0.00501454
_09565_, 395.498, 250.24, 0.00501454
_11398_, 395.498, 250.24, 0.00501454
hold956, 395.498, 250.24, 0.00501454
FILLER_0_87_836, 395.498, 250.24, 0.00501454
FILLER_0_88_860, 395.498, 250.24, 0.00501454
FILLER_0_89_849, 395.498, 250.24, 0.00501454
_08569_, 408.13, 250.24, 0.00504691
_08595_, 408.13, 250.24, 0.00504691
_14793_, 408.13, 250.24, 0.00504691
_14796_, 408.13, 250.24, 0.00504691
FILLER_0_87_869, 408.13, 250.24, 0.00504691
FILLER_0_88_869, 408.13, 250.24, 0.00504691
FILLER_0_88_881, 408.13, 250.24, 0.00504691
_07709_, 420.761, 250.24, 0.00507154
hold1411, 420.761, 250.24, 0.00507154
hold1574, 420.761, 250.24, 0.00507154
FILLER_0_87_891, 420.761, 250.24, 0.00507154
FILLER_0_88_913, 420.761, 250.24, 0.00507154
_10148_, 433.393, 250.24, 0.0050947
_10150_, 433.393, 250.24, 0.0050947
_11394_, 433.393, 250.24, 0.0050947
FILLER_0_87_929, 433.393, 250.24, 0.0050947
FILLER_0_88_921, 433.393, 250.24, 0.0050947
FILLER_0_88_925, 433.393, 250.24, 0.0050947
_09152_, 446.025, 250.24, 0.00511371
_09157_, 446.025, 250.24, 0.00511371
_11393_, 446.025, 250.24, 0.00511371
_15326_, 446.025, 250.24, 0.00511371
hold1042, 446.025, 250.24, 0.00511371
_11391_, 458.656, 250.24, 0.00512628
_14971_, 458.656, 250.24, 0.00512628
_15325_, 458.656, 250.24, 0.00512628
hold1315, 458.656, 250.24, 0.00512628
FILLER_0_88_1025, 471.288, 250.24, 0.00512628
PHY_170, 5.52, 244.8, 0.00485253
PHY_172, 5.52, 244.8, 0.00485253
input9, 5.52, 244.8, 0.00485253
PHY_171, 483.92, 244.8, 0.00480945
PHY_173, 483.92, 244.8, 0.00480945
output98, 483.92, 244.8, 0.00480945
ANTENNA_99, 483.92, 244.8, 0.00480945
FILLER_0_86_1029, 483.92, 244.8, 0.00480945
FILLER_0_86_21, 15.33, 244.8, 0.00485139
_14342_, 37.94, 244.8, 0.00485827
_14350_, 37.94, 244.8, 0.00485827
_16382_, 37.94, 244.8, 0.00485827
_14339_, 50.74, 244.8, 0.0048623
_14341_, 50.74, 244.8, 0.0048623
_16383_, 50.74, 244.8, 0.0048623
hold1200, 50.74, 244.8, 0.0048623
hold1378, 50.74, 244.8, 0.0048623
_10241_, 63.54, 244.8, 0.00486154
hold1445, 63.54, 244.8, 0.00486154
FILLER_0_85_121, 63.54, 244.8, 0.00486154
FILLER_0_86_137, 63.54, 244.8, 0.00486154
FILLER_0_87_128, 63.54, 244.8, 0.00486154
_08190_, 76.34, 244.8, 0.00485735
_10095_, 76.34, 244.8, 0.00485735
_10097_, 76.34, 244.8, 0.00485735
_10242_, 76.34, 244.8, 0.00485735
_10244_, 76.34, 244.8, 0.00485735
_11708_, 76.34, 244.8, 0.00485735
_11710_, 76.34, 244.8, 0.00485735
FILLER_0_86_141, 76.34, 244.8, 0.00485735
FILLER_0_86_153, 76.34, 244.8, 0.00485735
_10094_, 89.14, 244.8, 0.00483292
_11693_, 89.14, 244.8, 0.00483292
_11698_, 89.14, 244.8, 0.00483292
FILLER_0_86_185, 89.14, 244.8, 0.00483292
FILLER_0_87_189, 89.14, 244.8, 0.00483292
_08243_, 101.94, 244.8, 0.00480098
_10953_, 101.94, 244.8, 0.00480098
_13919_, 101.94, 244.8, 0.00480098
hold1178, 101.94, 244.8, 0.00480098
FILLER_0_87_213, 101.94, 244.8, 0.00480098
_08915_, 114.74, 244.8, 0.00476462
_14867_, 114.74, 244.8, 0.00476462
_14872_, 114.74, 244.8, 0.00476462
FILLER_0_85_225, 114.74, 244.8, 0.00476462
FILLER_0_86_247, 114.74, 244.8, 0.00476462
_13021_, 127.54, 244.8, 0.00472057
_13031_, 127.54, 244.8, 0.00472057
_13032_, 127.54, 244.8, 0.00472057
_15918_, 127.54, 244.8, 0.00472057
hold1570, 127.54, 244.8, 0.00472057
FILLER_0_86_261, 127.54, 244.8, 0.00472057
FILLER_0_87_273, 127.54, 244.8, 0.00472057
_10208_, 140.34, 244.8, 0.004672
_10211_, 140.34, 244.8, 0.004672
FILLER_0_85_281, 140.34, 244.8, 0.004672
FILLER_0_86_302, 140.34, 244.8, 0.004672
_08175_, 153.14, 244.8, 0.00461751
_08432_, 153.14, 244.8, 0.00461751
_08435_, 153.14, 244.8, 0.00461751
_08439_, 153.14, 244.8, 0.00461751
_08441_, 153.14, 244.8, 0.00461751
_10216_, 153.14, 244.8, 0.00461751
_10054_, 165.94, 244.8, 0.00455853
_10055_, 165.94, 244.8, 0.00455853
_10087_, 165.94, 244.8, 0.00455853
_10219_, 165.94, 244.8, 0.00455853
FILLER_0_86_360, 165.94, 244.8, 0.00455853
_08223_, 191.54, 244.8, 0.0045461
_08230_, 191.54, 244.8, 0.0045461
_08906_, 191.54, 244.8, 0.0045461
_13023_, 191.54, 244.8, 0.0045461
hold1148, 191.54, 244.8, 0.0045461
FILLER_0_86_391, 191.54, 244.8, 0.0045461
FILLER_0_86_416, 191.54, 244.8, 0.0045461
FILLER_0_87_405, 191.54, 244.8, 0.0045461
FILLER_0_87_416, 191.54, 244.8, 0.0045461
_08026_, 204.34, 244.8, 0.00460532
_08220_, 204.34, 244.8, 0.00460532
_10934_, 204.34, 244.8, 0.00460532
_10948_, 204.34, 244.8, 0.00460532
_16122_, 204.34, 244.8, 0.00460532
hold1010, 204.34, 244.8, 0.00460532
FILLER_0_86_430, 204.34, 244.8, 0.00460532
FILLER_0_87_434, 204.34, 244.8, 0.00460532
_08023_, 217.14, 244.8, 0.00465376
_08027_, 217.14, 244.8, 0.00465376
clkbuf_leaf_28_clk, 217.14, 244.8, 0.00465376
FILLER_0_86_460, 217.14, 244.8, 0.00465376
FILLER_0_86_473, 217.14, 244.8, 0.00465376
_11696_, 229.94, 244.8, 0.00467429
_13726_, 229.94, 244.8, 0.00467429
_16220_, 229.94, 244.8, 0.00467429
hold910, 229.94, 244.8, 0.00467429
hold1403, 229.94, 244.8, 0.00467429
FILLER_0_87_496, 229.94, 244.8, 0.00467429
_08874_, 242.74, 244.8, 0.0046848
_09558_, 242.74, 244.8, 0.0046848
_13577_, 242.74, 244.8, 0.0046848
_13603_, 242.74, 244.8, 0.0046848
_13627_, 242.74, 244.8, 0.0046848
_13662_, 242.74, 244.8, 0.0046848
_13697_, 242.74, 244.8, 0.0046848
_13732_, 242.74, 244.8, 0.0046848
_16118_, 242.74, 244.8, 0.0046848
FILLER_0_85_515, 242.74, 244.8, 0.0046848
FILLER_0_86_524, 242.74, 244.8, 0.0046848
FILLER_0_87_518, 242.74, 244.8, 0.0046848
_07457_, 255.54, 244.8, 0.00469024
_07458_, 255.54, 244.8, 0.00469024
_13488_, 255.54, 244.8, 0.00469024
FILLER_0_86_553, 255.54, 244.8, 0.00469024
_07479_, 268.34, 244.8, 0.00469401
_09785_, 268.34, 244.8, 0.00469401
_10995_, 268.34, 244.8, 0.00469401
clkbuf_leaf_137_clk, 268.34, 244.8, 0.00469401
FILLER_0_85_561, 268.34, 244.8, 0.00469401
FILLER_0_86_567, 268.34, 244.8, 0.00469401
FILLER_0_86_578, 268.34, 244.8, 0.00469401
_09572_, 281.14, 244.8, 0.00466745
_09784_, 281.14, 244.8, 0.00466745
_13265_, 281.14, 244.8, 0.00466745
_13555_, 281.14, 244.8, 0.00466745
hold727, 281.14, 244.8, 0.00466745
FILLER_0_86_589, 281.14, 244.8, 0.00466745
FILLER_0_87_607, 281.14, 244.8, 0.00466745
_07516_, 293.94, 244.8, 0.00463632
_07519_, 293.94, 244.8, 0.00463632
_16149_, 293.94, 244.8, 0.00463632
hold836, 293.94, 244.8, 0.00463632
_07675_, 306.74, 244.8, 0.00459992
_10556_, 306.74, 244.8, 0.00459992
_13547_, 306.74, 244.8, 0.00459992
FILLER_0_86_645, 306.74, 244.8, 0.00459992
FILLER_0_86_658, 306.74, 244.8, 0.00459992
_07523_, 319.54, 244.8, 0.00455897
_13477_, 319.54, 244.8, 0.00455897
_16146_, 319.54, 244.8, 0.00455897
FILLER_0_85_682, 319.54, 244.8, 0.00455897
_07518_, 344.971, 244.8, 0.00456672
_13480_, 344.971, 244.8, 0.00456672
_16114_, 344.971, 244.8, 0.00456672
FILLER_0_86_734, 344.971, 244.8, 0.00456672
FILLER_0_87_740, 344.971, 244.8, 0.00456672
FILLER_0_87_747, 344.971, 244.8, 0.00456672
_10159_, 357.603, 244.8, 0.00461555
FILLER_0_86_778, 357.603, 244.8, 0.00461555
FILLER_0_87_777, 357.603, 244.8, 0.00461555
_09261_, 370.235, 244.8, 0.00466036
_09262_, 370.235, 244.8, 0.00466036
_10564_, 370.235, 244.8, 0.00466036
_15019_, 370.235, 244.8, 0.00466036
FILLER_0_86_786, 370.235, 244.8, 0.00466036
_07847_, 382.866, 244.8, 0.0046974
_09267_, 382.866, 244.8, 0.0046974
_09566_, 382.866, 244.8, 0.0046974
_09891_, 382.866, 244.8, 0.0046974
_15148_, 382.866, 244.8, 0.0046974
_11397_, 395.498, 244.8, 0.00472363
_15328_, 395.498, 244.8, 0.00472363
FILLER_0_85_841, 395.498, 244.8, 0.00472363
FILLER_0_86_850, 395.498, 244.8, 0.00472363
FILLER_0_87_850, 395.498, 244.8, 0.00472363
_08568_, 408.13, 244.8, 0.00474606
_08884_, 408.13, 244.8, 0.00474606
hold682, 408.13, 244.8, 0.00474606
FILLER_0_85_864, 408.13, 244.8, 0.00474606
FILLER_0_86_877, 408.13, 244.8, 0.00474606
_08889_, 420.761, 244.8, 0.00476792
_09033_, 420.761, 244.8, 0.00476792
hold1367, 420.761, 244.8, 0.00476792
FILLER_0_85_897, 420.761, 244.8, 0.00476792
_09036_, 433.393, 244.8, 0.00478913
_09072_, 433.393, 244.8, 0.00478913
_14924_, 433.393, 244.8, 0.00478913
hold994, 433.393, 244.8, 0.00478913
hold1487, 433.393, 244.8, 0.00478913
FILLER_0_86_921, 433.393, 244.8, 0.00478913
FILLER_0_86_928, 433.393, 244.8, 0.00478913
FILLER_0_87_943, 433.393, 244.8, 0.00478913
_09153_, 446.025, 244.8, 0.0048004
_14969_, 446.025, 244.8, 0.0048004
hold1524, 446.025, 244.8, 0.0048004
FILLER_0_86_968, 446.025, 244.8, 0.0048004
FILLER_0_87_962, 446.025, 244.8, 0.0048004
_11392_, 458.656, 244.8, 0.0048035
FILLER_0_86_974, 458.656, 244.8, 0.0048035
FILLER_0_85_1005, 471.288, 244.8, 0.00480647
PHY_166, 5.52, 239.36, 0.00466199
PHY_168, 5.52, 239.36, 0.00466199
PHY_167, 483.92, 239.36, 0.00475528
PHY_169, 483.92, 239.36, 0.00475528
FILLER_0_83_1033, 483.92, 239.36, 0.00475528
FILLER_0_84_1033, 483.92, 239.36, 0.00475528
FILLER_0_84_77, 37.94, 239.36, 0.00464994
FILLER_0_85_81, 37.94, 239.36, 0.00464994
_11613_, 50.74, 239.36, 0.0046379
_11614_, 50.74, 239.36, 0.0046379
_15445_, 50.74, 239.36, 0.0046379
FILLER_0_83_93, 50.74, 239.36, 0.0046379
FILLER_0_84_97, 50.74, 239.36, 0.0046379
FILLER_0_85_102, 50.74, 239.36, 0.0046379
_11623_, 63.54, 239.36, 0.00462185
_15450_, 63.54, 239.36, 0.00462185
_15482_, 63.54, 239.36, 0.00462185
hold1423, 63.54, 239.36, 0.00462185
FILLER_0_84_132, 63.54, 239.36, 0.00462185
_08455_, 76.34, 239.36, 0.00459793
_11709_, 76.34, 239.36, 0.00459793
_15477_, 76.34, 239.36, 0.00459793
FILLER_0_83_152, 76.34, 239.36, 0.00459793
_11615_, 89.14, 239.36, 0.00456932
_11697_, 89.14, 239.36, 0.00456932
_15446_, 89.14, 239.36, 0.00456932
hold979, 89.14, 239.36, 0.00456932
FILLER_0_83_177, 89.14, 239.36, 0.00456932
FILLER_0_84_178, 89.14, 239.36, 0.00456932
FILLER_0_85_184, 89.14, 239.36, 0.00456932
_08952_, 101.94, 239.36, 0.00453638
_14887_, 101.94, 239.36, 0.00453638
_15478_, 101.94, 239.36, 0.00453638
hold1099, 101.94, 239.36, 0.00453638
FILLER_0_84_213, 101.94, 239.36, 0.00453638
FILLER_0_85_216, 101.94, 239.36, 0.00453638
_08914_, 114.74, 239.36, 0.00449563
_08951_, 114.74, 239.36, 0.00449563
_09314_, 114.74, 239.36, 0.00449563
hold1529, 114.74, 239.36, 0.00449563
FILLER_0_83_234, 114.74, 239.36, 0.00449563
FILLER_0_84_248, 114.74, 239.36, 0.00449563
FILLER_0_85_247, 114.74, 239.36, 0.00449563
_15913_, 127.54, 239.36, 0.00445411
hold1556, 127.54, 239.36, 0.00445411
FILLER_0_84_261, 127.54, 239.36, 0.00445411
_08172_, 140.34, 239.36, 0.00440855
_08438_, 140.34, 239.36, 0.00440855
_08440_, 140.34, 239.36, 0.00440855
_10033_, 140.34, 239.36, 0.00440855
_10215_, 140.34, 239.36, 0.00440855
FILLER_0_83_293, 140.34, 239.36, 0.00440855
FILLER_0_85_295, 140.34, 239.36, 0.00440855
_08173_, 153.14, 239.36, 0.00435384
_08176_, 153.14, 239.36, 0.00435384
_08177_, 153.14, 239.36, 0.00435384
_08437_, 153.14, 239.36, 0.00435384
_08442_, 153.14, 239.36, 0.00435384
_10038_, 153.14, 239.36, 0.00435384
FILLER_0_85_321, 153.14, 239.36, 0.00435384
_10220_, 165.94, 239.36, 0.00429273
_10236_, 165.94, 239.36, 0.00429273
_10927_, 165.94, 239.36, 0.00429273
FILLER_0_83_337, 165.94, 239.36, 0.00429273
FILLER_0_84_356, 165.94, 239.36, 0.00429273
FILLER_0_85_356, 165.94, 239.36, 0.00429273
_08907_, 191.54, 239.36, 0.00427071
_10931_, 191.54, 239.36, 0.00427071
_14868_, 191.54, 239.36, 0.00427071
_08034_, 204.34, 239.36, 0.00431312
_10933_, 204.34, 239.36, 0.00431312
_13613_, 204.34, 239.36, 0.00431312
_13614_, 204.34, 239.36, 0.00431312
_16170_, 204.34, 239.36, 0.00431312
hold1347, 204.34, 239.36, 0.00431312
_08271_, 217.14, 239.36, 0.00434653
_08272_, 217.14, 239.36, 0.00434653
_13724_, 217.14, 239.36, 0.00434653
_16219_, 217.14, 239.36, 0.00434653
hold981, 217.14, 239.36, 0.00434653
FILLER_0_83_449, 217.14, 239.36, 0.00434653
FILLER_0_84_469, 217.14, 239.36, 0.00434653
_08269_, 229.94, 239.36, 0.00437515
_10817_, 229.94, 239.36, 0.00437515
FILLER_0_84_477, 229.94, 239.36, 0.00437515
FILLER_0_85_494, 229.94, 239.36, 0.00437515
_10370_, 242.74, 239.36, 0.00439814
_13578_, 242.74, 239.36, 0.00439814
_13689_, 242.74, 239.36, 0.00439814
_13690_, 242.74, 239.36, 0.00439814
hold795, 242.74, 239.36, 0.00439814
FILLER_0_84_520, 242.74, 239.36, 0.00439814
FILLER_0_84_529, 242.74, 239.36, 0.00439814
_07960_, 255.54, 239.36, 0.00439395
_13600_, 255.54, 239.36, 0.00439395
_13601_, 255.54, 239.36, 0.00439395
_14333_, 255.54, 239.36, 0.00439395
_16166_, 255.54, 239.36, 0.00439395
hold1494, 255.54, 239.36, 0.00439395
FILLER_0_85_545, 255.54, 239.36, 0.00439395
_15249_, 268.34, 239.36, 0.00438402
FILLER_0_84_564, 268.34, 239.36, 0.00438402
_09571_, 281.14, 239.36, 0.00437036
_13485_, 281.14, 239.36, 0.00437036
_13556_, 281.14, 239.36, 0.00437036
_16117_, 281.14, 239.36, 0.00437036
hold1117, 281.14, 239.36, 0.00437036
_13583_, 293.94, 239.36, 0.0043522
_16145_, 293.94, 239.36, 0.0043522
hold1448, 293.94, 239.36, 0.0043522
FILLER_0_84_623, 293.94, 239.36, 0.0043522
FILLER_0_84_636, 293.94, 239.36, 0.0043522
FILLER_0_85_633, 293.94, 239.36, 0.0043522
_07676_, 306.74, 239.36, 0.00432995
_13548_, 306.74, 239.36, 0.00432995
_16113_, 306.74, 239.36, 0.00432995
hold676, 306.74, 239.36, 0.00432995
hold1439, 306.74, 239.36, 0.00432995
_13478_, 319.54, 239.36, 0.00430306
_13550_, 319.54, 239.36, 0.00430306
hold1484, 319.54, 239.36, 0.00430306
FILLER_0_83_673, 319.54, 239.36, 0.00430306
FILLER_0_84_690, 319.54, 239.36, 0.00430306
_13473_, 344.971, 239.36, 0.00436412
_13474_, 344.971, 239.36, 0.00436412
_13479_, 344.971, 239.36, 0.00436412
_16111_, 344.971, 239.36, 0.00436412
hold503, 344.971, 239.36, 0.00436412
hold662, 344.971, 239.36, 0.00436412
FILLER_0_84_748, 344.971, 239.36, 0.00436412
_13245_, 357.603, 239.36, 0.00444796
_13589_, 357.603, 239.36, 0.00444796
_16162_, 357.603, 239.36, 0.00444796
hold1506, 357.603, 239.36, 0.00444796
FILLER_0_84_757, 357.603, 239.36, 0.00444796
FILLER_0_84_769, 357.603, 239.36, 0.00444796
_09268_, 370.235, 239.36, 0.00452356
hold1444, 370.235, 239.36, 0.00452356
_15022_, 382.866, 239.36, 0.00459872
hold535, 382.866, 239.36, 0.00459872
FILLER_0_84_809, 382.866, 239.36, 0.00459872
_08614_, 395.498, 239.36, 0.00466994
_14798_, 395.498, 239.36, 0.00466994
clkbuf_leaf_147_clk, 395.498, 239.36, 0.00466994
hold1201, 395.498, 239.36, 0.00466994
FILLER_0_83_837, 395.498, 239.36, 0.00466994
FILLER_0_84_837, 395.498, 239.36, 0.00466994
_08883_, 408.13, 239.36, 0.00471511
_08893_, 408.13, 239.36, 0.00471511
_10366_, 408.13, 239.36, 0.00471511
_14857_, 408.13, 239.36, 0.00471511
FILLER_0_84_869, 408.13, 239.36, 0.00471511
_09039_, 420.761, 239.36, 0.00473502
_14860_, 420.761, 239.36, 0.00473502
_14926_, 420.761, 239.36, 0.00473502
FILLER_0_83_889, 420.761, 239.36, 0.00473502
FILLER_0_83_897, 420.761, 239.36, 0.00473502
_09034_, 433.393, 239.36, 0.0047472
_09035_, 433.393, 239.36, 0.0047472
_09040_, 433.393, 239.36, 0.0047472
_13891_, 433.393, 239.36, 0.0047472
_13892_, 433.393, 239.36, 0.0047472
_16309_, 433.393, 239.36, 0.0047472
FILLER_0_84_935, 433.393, 239.36, 0.0047472
_13896_, 446.025, 239.36, 0.00475498
_16310_, 446.025, 239.36, 0.00475498
_16311_, 446.025, 239.36, 0.00475498
FILLER_0_84_958, 446.025, 239.36, 0.00475498
hold1213, 458.656, 239.36, 0.00475528
FILLER_0_85_997, 458.656, 239.36, 0.00475528
FILLER_0_83_1002, 471.288, 239.36, 0.00475528
FILLER_0_84_1025, 471.288, 239.36, 0.00475528
FILLER_0_85_1021, 471.288, 239.36, 0.00475528
PHY_162, 5.52, 233.92, 0.00448429
PHY_164, 5.52, 233.92, 0.00448429
PHY_163, 483.92, 233.92, 0.00409069
PHY_165, 483.92, 233.92, 0.00409069
FILLER_0_81_1033, 483.92, 233.92, 0.00409069
FILLER_0_82_1029, 483.92, 233.92, 0.00409069
FILLER_0_82_77, 37.94, 233.92, 0.00446343
_11624_, 50.74, 233.92, 0.00444258
_08668_, 63.54, 233.92, 0.0044216
_08980_, 63.54, 233.92, 0.0044216
FILLER_0_81_113, 63.54, 233.92, 0.0044216
FILLER_0_82_137, 63.54, 233.92, 0.0044216
_08953_, 76.34, 233.92, 0.00439684
_11694_, 76.34, 233.92, 0.00439684
_11695_, 76.34, 233.92, 0.00439684
hold1289, 76.34, 233.92, 0.00439684
hold1339, 76.34, 233.92, 0.00439684
_08983_, 89.14, 233.92, 0.00437102
_11616_, 89.14, 233.92, 0.00437102
clkbuf_leaf_15_clk, 89.14, 233.92, 0.00437102
FILLER_0_82_175, 89.14, 233.92, 0.00437102
FILLER_0_82_187, 89.14, 233.92, 0.00437102
_14903_, 101.94, 233.92, 0.00432155
hold1459, 101.94, 233.92, 0.00432155
FILLER_0_83_217, 101.94, 233.92, 0.00432155
_08988_, 114.74, 233.92, 0.00426799
_09313_, 114.74, 233.92, 0.00426799
_15043_, 114.74, 233.92, 0.00426799
_15048_, 114.74, 233.92, 0.00426799
hold1563, 114.74, 233.92, 0.00426799
FILLER_0_81_225, 114.74, 233.92, 0.00426799
_09288_, 127.54, 233.92, 0.00420631
_09323_, 127.54, 233.92, 0.00420631
_09324_, 127.54, 233.92, 0.00420631
_13022_, 127.54, 233.92, 0.00420631
hold1433, 127.54, 233.92, 0.00420631
hold1503, 127.54, 233.92, 0.00420631
FILLER_0_81_254, 127.54, 233.92, 0.00420631
_10046_, 140.34, 233.92, 0.00414347
FILLER_0_82_297, 140.34, 233.92, 0.00414347
FILLER_0_82_305, 140.34, 233.92, 0.00414347
FILLER_0_83_305, 140.34, 233.92, 0.00414347
_08174_, 153.14, 233.92, 0.00407517
hold639, 153.14, 233.92, 0.00407517
FILLER_0_83_325, 153.14, 233.92, 0.00407517
FILLER_0_83_333, 153.14, 233.92, 0.00407517
FILLER_0_82_414, 191.54, 233.92, 0.00395563
FILLER_0_83_417, 191.54, 233.92, 0.00395563
_08020_, 204.34, 233.92, 0.00397381
FILLER_0_83_438, 204.34, 233.92, 0.00397381
_08270_, 217.14, 233.92, 0.00399132
_13725_, 217.14, 233.92, 0.00399132
_13760_, 217.14, 233.92, 0.00399132
_16235_, 217.14, 233.92, 0.00399132
_08018_, 229.94, 233.92, 0.00400463
_13654_, 229.94, 233.92, 0.00400463
_13759_, 229.94, 233.92, 0.00400463
_16203_, 229.94, 233.92, 0.00400463
hold545, 229.94, 233.92, 0.00400463
FILLER_0_81_485, 229.94, 233.92, 0.00400463
_13655_, 242.74, 233.92, 0.00401275
_13783_, 242.74, 233.92, 0.00401275
_13784_, 242.74, 233.92, 0.00401275
FILLER_0_81_508, 242.74, 233.92, 0.00401275
FILLER_0_82_513, 242.74, 233.92, 0.00401275
_14332_, 255.54, 233.92, 0.00402046
_16315_, 255.54, 233.92, 0.00402046
_16379_, 255.54, 233.92, 0.00402046
_07513_, 268.34, 233.92, 0.00402019
_13903_, 268.34, 233.92, 0.00402019
_15151_, 268.34, 233.92, 0.00402019
FILLER_0_82_575, 268.34, 233.92, 0.00402019
_13486_, 281.14, 233.92, 0.00401539
_13781_, 281.14, 233.92, 0.00401539
hold1547, 281.14, 233.92, 0.00401539
FILLER_0_82_589, 281.14, 233.92, 0.00401539
_13582_, 293.94, 233.92, 0.00401001
_13597_, 293.94, 233.92, 0.00401001
_16160_, 293.94, 233.92, 0.00401001
_16165_, 293.94, 233.92, 0.00401001
hold1151, 293.94, 233.92, 0.00401001
_13586_, 306.74, 233.92, 0.00399659
_13774_, 306.74, 233.92, 0.00399659
_16161_, 306.74, 233.92, 0.00399659
_16241_, 306.74, 233.92, 0.00399659
FILLER_0_81_642, 306.74, 233.92, 0.00399659
FILLER_0_82_645, 306.74, 233.92, 0.00399659
FILLER_0_82_658, 306.74, 233.92, 0.00399659
_13773_, 319.54, 233.92, 0.00397548
_16143_, 319.54, 233.92, 0.00397548
_16239_, 319.54, 233.92, 0.00397548
FILLER_0_81_682, 319.54, 233.92, 0.00397548
FILLER_0_82_680, 319.54, 233.92, 0.00397548
FILLER_0_83_687, 319.54, 233.92, 0.00397548
_13588_, 344.971, 233.92, 0.00398195
_16164_, 344.971, 233.92, 0.00398195
FILLER_0_81_729, 344.971, 233.92, 0.00398195
FILLER_0_82_740, 344.971, 233.92, 0.00398195
FILLER_0_83_745, 344.971, 233.92, 0.00398195
_13775_, 357.603, 233.92, 0.00401315
_13776_, 357.603, 233.92, 0.00401315
_13780_, 357.603, 233.92, 0.00401315
_16242_, 357.603, 233.92, 0.00401315
_16244_, 357.603, 233.92, 0.00401315
_09559_, 370.235, 233.92, 0.00403649
_09560_, 370.235, 233.92, 0.00403649
_15145_, 370.235, 233.92, 0.00403649
hold1380, 370.235, 233.92, 0.00403649
FILLER_0_82_787, 370.235, 233.92, 0.00403649
_09569_, 382.866, 233.92, 0.00405556
_09570_, 382.866, 233.92, 0.00405556
_09773_, 382.866, 233.92, 0.00405556
_09782_, 382.866, 233.92, 0.00405556
_09783_, 382.866, 233.92, 0.00405556
_15150_, 382.866, 233.92, 0.00405556
hold1469, 382.866, 233.92, 0.00405556
FILLER_0_83_829, 382.866, 233.92, 0.00405556
_08613_, 395.498, 233.92, 0.00406994
_14862_, 395.498, 233.92, 0.00406994
hold786, 395.498, 233.92, 0.00406994
hold788, 395.498, 233.92, 0.00406994
FILLER_0_81_835, 395.498, 233.92, 0.00406994
FILLER_0_82_847, 395.498, 233.92, 0.00406994
_08586_, 408.13, 233.92, 0.00407958
_08890_, 408.13, 233.92, 0.00407958
hold1549, 408.13, 233.92, 0.00407958
FILLER_0_82_881, 408.13, 233.92, 0.00407958
FILLER_0_83_879, 408.13, 233.92, 0.00407958
_08887_, 420.761, 233.92, 0.00408864
_09436_, 420.761, 233.92, 0.00408864
_14923_, 420.761, 233.92, 0.00408864
hold1558, 420.761, 233.92, 0.00408864
FILLER_0_83_905, 420.761, 233.92, 0.00408864
_14318_, 433.393, 233.92, 0.00408983
_14325_, 433.393, 233.92, 0.00408983
FILLER_0_81_918, 433.393, 233.92, 0.00408983
FILLER_0_82_920, 433.393, 233.92, 0.00408983
FILLER_0_82_925, 433.393, 233.92, 0.00408983
FILLER_0_83_939, 433.393, 233.92, 0.00408983
_13890_, 446.025, 233.92, 0.00409069
_13893_, 446.025, 233.92, 0.00409069
_13894_, 446.025, 233.92, 0.00409069
_13895_, 446.025, 233.92, 0.00409069
hold1237, 446.025, 233.92, 0.00409069
FILLER_0_81_947, 446.025, 233.92, 0.00409069
FILLER_0_81_953, 446.025, 233.92, 0.00409069
FILLER_0_82_948, 446.025, 233.92, 0.00409069
FILLER_0_82_973, 458.656, 233.92, 0.00409069
FILLER_0_81_1004, 471.288, 233.92, 0.00409069
PHY_158, 5.52, 228.48, 0.00432838
PHY_160, 5.52, 228.48, 0.00432838
PHY_159, 483.92, 228.48, 0.00429565
PHY_161, 483.92, 228.48, 0.00429565
FILLER_0_79_1033, 483.92, 228.48, 0.00429565
FILLER_0_80_1029, 483.92, 228.48, 0.00429565
FILLER_0_80_77, 37.94, 228.48, 0.00432532
_09112_, 50.74, 228.48, 0.00432227
clkbuf_leaf_13_clk, 50.74, 228.48, 0.00432227
FILLER_0_81_105, 50.74, 228.48, 0.00432227
_08954_, 63.54, 228.48, 0.00429224
_11564_, 63.54, 228.48, 0.00429224
_14899_, 63.54, 228.48, 0.00429224
hold1554, 63.54, 228.48, 0.00429224
FILLER_0_80_125, 63.54, 228.48, 0.00429224
_08943_, 76.34, 228.48, 0.00425789
_14883_, 76.34, 228.48, 0.00425789
_14888_, 76.34, 228.48, 0.00425789
hold1424, 76.34, 228.48, 0.00425789
_08945_, 89.14, 228.48, 0.00421563
_08982_, 89.14, 228.48, 0.00421563
_14900_, 89.14, 228.48, 0.00421563
hold1537, 89.14, 228.48, 0.00421563
FILLER_0_79_169, 89.14, 228.48, 0.00421563
_08704_, 101.94, 228.48, 0.00416897
_08989_, 101.94, 228.48, 0.00416897
_11556_, 101.94, 228.48, 0.00416897
_14884_, 101.94, 228.48, 0.00416897
hold1482, 101.94, 228.48, 0.00416897
FILLER_0_81_218, 101.94, 228.48, 0.00416897
_08669_, 114.74, 228.48, 0.0041143
_08670_, 114.74, 228.48, 0.0041143
_08714_, 114.74, 228.48, 0.0041143
_14808_, 114.74, 228.48, 0.0041143
hold1212, 114.74, 228.48, 0.0041143
FILLER_0_80_248, 114.74, 228.48, 0.0041143
FILLER_0_81_246, 114.74, 228.48, 0.0041143
_09289_, 127.54, 228.48, 0.00405513
_10214_, 127.54, 228.48, 0.00405513
_15032_, 127.54, 228.48, 0.00405513
hold905, 127.54, 228.48, 0.00405513
FILLER_0_80_258, 127.54, 228.48, 0.00405513
FILLER_0_81_266, 127.54, 228.48, 0.00405513
FILLER_0_81_277, 127.54, 228.48, 0.00405513
_08171_, 140.34, 228.48, 0.0039878
_08436_, 140.34, 228.48, 0.0039878
clkbuf_leaf_25_clk, 140.34, 228.48, 0.0039878
FILLER_0_80_303, 140.34, 228.48, 0.0039878
_08383_, 153.14, 228.48, 0.00389956
_09286_, 153.14, 228.48, 0.00389956
_10744_, 153.14, 228.48, 0.00389956
FILLER_0_80_309, 153.14, 228.48, 0.00389956
_08224_, 165.94, 228.48, 0.00380448
_08678_, 165.94, 228.48, 0.00380448
_09280_, 165.94, 228.48, 0.00380448
hold881, 165.94, 228.48, 0.00380448
FILLER_0_80_345, 165.94, 228.48, 0.00380448
FILLER_0_80_357, 165.94, 228.48, 0.00380448
FILLER_0_81_357, 165.94, 228.48, 0.00380448
_08021_, 191.54, 228.48, 0.00374265
_08219_, 191.54, 228.48, 0.00374265
_10052_, 191.54, 228.48, 0.00374265
FILLER_0_80_399, 191.54, 228.48, 0.00374265
_08017_, 204.34, 228.48, 0.00377065
_08217_, 204.34, 228.48, 0.00377065
_08377_, 204.34, 228.48, 0.00377065
_08378_, 204.34, 228.48, 0.00377065
FILLER_0_80_442, 204.34, 228.48, 0.00377065
FILLER_0_81_434, 204.34, 228.48, 0.00377065
FILLER_0_81_445, 204.34, 228.48, 0.00377065
_08112_, 217.14, 228.48, 0.00379714
_08113_, 217.14, 228.48, 0.00379714
_08375_, 217.14, 228.48, 0.00379714
FILLER_0_80_465, 217.14, 228.48, 0.00379714
FILLER_0_80_473, 217.14, 228.48, 0.00379714
FILLER_0_81_473, 217.14, 228.48, 0.00379714
_16187_, 229.94, 228.48, 0.00382245
FILLER_0_80_501, 229.94, 228.48, 0.00382245
_10213_, 242.74, 228.48, 0.00384407
_13628_, 242.74, 228.48, 0.00384407
_13645_, 242.74, 228.48, 0.00384407
_13715_, 242.74, 228.48, 0.00384407
_16246_, 242.74, 228.48, 0.00384407
FILLER_0_79_505, 242.74, 228.48, 0.00384407
FILLER_0_80_527, 242.74, 228.48, 0.00384407
_13904_, 255.54, 228.48, 0.00383995
hold1305, 255.54, 228.48, 0.00383995
FILLER_0_81_545, 255.54, 228.48, 0.00383995
FILLER_0_81_556, 255.54, 228.48, 0.00383995
_13782_, 268.34, 228.48, 0.00383539
_16245_, 268.34, 228.48, 0.00383539
FILLER_0_80_569, 268.34, 228.48, 0.00383539
FILLER_0_80_577, 268.34, 228.48, 0.00383539
FILLER_0_80_583, 268.34, 228.48, 0.00383539
FILLER_0_81_573, 268.34, 228.48, 0.00383539
_07507_, 281.14, 228.48, 0.00382695
_07508_, 281.14, 228.48, 0.00382695
_07511_, 281.14, 228.48, 0.00382695
_07898_, 281.14, 228.48, 0.00382695
_07952_, 281.14, 228.48, 0.00382695
_13598_, 281.14, 228.48, 0.00382695
FILLER_0_80_589, 281.14, 228.48, 0.00382695
_07617_, 293.94, 228.48, 0.00381549
_10864_, 293.94, 228.48, 0.00381549
_13632_, 293.94, 228.48, 0.00381549
_16176_, 293.94, 228.48, 0.00381549
hold802, 293.94, 228.48, 0.00381549
FILLER_0_79_617, 293.94, 228.48, 0.00381549
FILLER_0_80_614, 293.94, 228.48, 0.00381549
_10051_, 306.74, 228.48, 0.00379633
_13585_, 306.74, 228.48, 0.00379633
FILLER_0_80_645, 306.74, 228.48, 0.00379633
FILLER_0_81_668, 306.74, 228.48, 0.00379633
_13592_, 319.54, 228.48, 0.00375678
_13770_, 319.54, 228.48, 0.00375678
hold1112, 319.54, 228.48, 0.00375678
FILLER_0_80_690, 319.54, 228.48, 0.00375678
FILLER_0_81_694, 319.54, 228.48, 0.00375678
_07734_, 344.971, 228.48, 0.00379975
_13594_, 344.971, 228.48, 0.00379975
_13595_, 344.971, 228.48, 0.00379975
hold1575, 344.971, 228.48, 0.00379975
FILLER_0_80_732, 344.971, 228.48, 0.00379975
FILLER_0_81_748, 344.971, 228.48, 0.00379975
_13779_, 357.603, 228.48, 0.00388193
hold1559, 357.603, 228.48, 0.00388193
FILLER_0_79_759, 357.603, 228.48, 0.00388193
FILLER_0_80_779, 357.603, 228.48, 0.00388193
_09772_, 370.235, 228.48, 0.00396364
_10161_, 370.235, 228.48, 0.00396364
_15243_, 370.235, 228.48, 0.00396364
FILLER_0_79_785, 370.235, 228.48, 0.00396364
FILLER_0_80_805, 370.235, 228.48, 0.00396364
_09563_, 382.866, 228.48, 0.00403943
_15248_, 382.866, 228.48, 0.00403943
_08894_, 395.498, 228.48, 0.00411141
_13899_, 395.498, 228.48, 0.00411141
_13900_, 395.498, 228.48, 0.00411141
hold1533, 395.498, 228.48, 0.00411141
hold1560, 395.498, 228.48, 0.00411141
FILLER_0_79_841, 395.498, 228.48, 0.00411141
FILLER_0_81_849, 395.498, 228.48, 0.00411141
FILLER_0_81_861, 395.498, 228.48, 0.00411141
_08587_, 408.13, 228.48, 0.00418239
_08888_, 408.13, 228.48, 0.00418239
_14795_, 408.13, 228.48, 0.00418239
_14859_, 408.13, 228.48, 0.00418239
_16377_, 408.13, 228.48, 0.00418239
hold1514, 408.13, 228.48, 0.00418239
FILLER_0_80_877, 408.13, 228.48, 0.00418239
_13576_, 420.761, 228.48, 0.0042413
_16374_, 420.761, 228.48, 0.0042413
clkbuf_leaf_148_clk, 420.761, 228.48, 0.0042413
FILLER_0_79_889, 420.761, 228.48, 0.0042413
FILLER_0_80_899, 420.761, 228.48, 0.0042413
_14319_, 433.393, 228.48, 0.00427273
_14322_, 433.393, 228.48, 0.00427273
_16372_, 433.393, 228.48, 0.00427273
_16375_, 433.393, 228.48, 0.00427273
hold1499, 433.393, 228.48, 0.00427273
hold1508, 433.393, 228.48, 0.00427273
FILLER_0_79_929, 433.393, 228.48, 0.00427273
_13889_, 446.025, 228.48, 0.00429565
_16308_, 446.025, 228.48, 0.00429565
clkbuf_leaf_150_clk, 446.025, 228.48, 0.00429565
FILLER_0_79_947, 446.025, 228.48, 0.00429565
FILLER_0_79_953, 446.025, 228.48, 0.00429565
FILLER_0_80_973, 458.656, 228.48, 0.00429565
FILLER_0_79_999, 471.288, 228.48, 0.00429565
PHY_154, 5.52, 223.04, 0.00415726
PHY_156, 5.52, 223.04, 0.00415726
output44, 5.52, 223.04, 0.00415726
PHY_155, 483.92, 223.04, 0.0036261
PHY_157, 483.92, 223.04, 0.0036261
input25, 483.92, 223.04, 0.0036261
FILLER_0_78_1029, 483.92, 223.04, 0.0036261
FILLER_0_78_77, 37.94, 223.04, 0.00414296
_08713_, 50.74, 223.04, 0.00413186
_08981_, 50.74, 223.04, 0.00413186
_09100_, 50.74, 223.04, 0.00413186
_08677_, 63.54, 223.04, 0.0041098
_09472_, 63.54, 223.04, 0.0041098
_11565_, 63.54, 223.04, 0.0041098
_15418_, 63.54, 223.04, 0.0041098
FILLER_0_77_113, 63.54, 223.04, 0.0041098
FILLER_0_78_129, 63.54, 223.04, 0.0041098
FILLER_0_78_137, 63.54, 223.04, 0.0041098
_11554_, 76.34, 223.04, 0.00407609
_11555_, 76.34, 223.04, 0.00407609
_15413_, 76.34, 223.04, 0.00407609
hold1393, 76.34, 223.04, 0.00407609
FILLER_0_77_147, 76.34, 223.04, 0.00407609
FILLER_0_78_141, 76.34, 223.04, 0.00407609
_08946_, 89.14, 223.04, 0.00403806
_09097_, 89.14, 223.04, 0.00403806
_11557_, 89.14, 223.04, 0.00403806
_15414_, 89.14, 223.04, 0.00403806
FILLER_0_78_178, 89.14, 223.04, 0.00403806
FILLER_0_78_186, 89.14, 223.04, 0.00403806
FILLER_0_79_183, 89.14, 223.04, 0.00403806
_08715_, 101.94, 223.04, 0.00399155
_09109_, 101.94, 223.04, 0.00399155
_09481_, 101.94, 223.04, 0.00399155
FILLER_0_78_209, 101.94, 223.04, 0.00399155
FILLER_0_78_219, 101.94, 223.04, 0.00399155
FILLER_0_79_211, 101.94, 223.04, 0.00399155
_09278_, 114.74, 223.04, 0.00393648
_14803_, 114.74, 223.04, 0.00393648
clkbuf_leaf_16_clk, 114.74, 223.04, 0.00393648
FILLER_0_77_237, 114.74, 223.04, 0.00393648
FILLER_0_78_240, 114.74, 223.04, 0.00393648
_10042_, 127.54, 223.04, 0.00385322
_15027_, 127.54, 223.04, 0.00385322
hold996, 127.54, 223.04, 0.00385322
FILLER_0_77_253, 127.54, 223.04, 0.00385322
FILLER_0_78_269, 127.54, 223.04, 0.00385322
FILLER_0_79_277, 127.54, 223.04, 0.00385322
_08705_, 140.34, 223.04, 0.00376178
_08706_, 140.34, 223.04, 0.00376178
_09287_, 140.34, 223.04, 0.00376178
FILLER_0_77_293, 140.34, 223.04, 0.00376178
FILLER_0_78_298, 140.34, 223.04, 0.00376178
_15028_, 153.14, 223.04, 0.00366995
_15031_, 153.14, 223.04, 0.00366995
FILLER_0_77_319, 153.14, 223.04, 0.00366995
_09281_, 165.94, 223.04, 0.00357075
_10928_, 165.94, 223.04, 0.00357075
_14804_, 165.94, 223.04, 0.00357075
FILLER_0_77_340, 165.94, 223.04, 0.00357075
_08163_, 191.54, 223.04, 0.00351176
_08218_, 191.54, 223.04, 0.00351176
_08429_, 191.54, 223.04, 0.00351176
_10932_, 191.54, 223.04, 0.00351176
_08216_, 204.34, 223.04, 0.00355504
_08376_, 204.34, 223.04, 0.00355504
_10748_, 204.34, 223.04, 0.00355504
ANTENNA_62, 204.34, 223.04, 0.00355504
FILLER_0_78_421, 204.34, 223.04, 0.00355504
FILLER_0_79_444, 204.34, 223.04, 0.00355504
_08111_, 217.14, 223.04, 0.00359152
_10504_, 217.14, 223.04, 0.00359152
_13754_, 217.14, 223.04, 0.00359152
_16232_, 217.14, 223.04, 0.00359152
FILLER_0_77_449, 217.14, 223.04, 0.00359152
FILLER_0_77_457, 217.14, 223.04, 0.00359152
FILLER_0_79_464, 217.14, 223.04, 0.00359152
_08110_, 229.94, 223.04, 0.00361577
hold887, 229.94, 223.04, 0.00361577
hold975, 229.94, 223.04, 0.00361577
FILLER_0_77_486, 229.94, 223.04, 0.00361577
FILLER_0_78_486, 229.94, 223.04, 0.00361577
FILLER_0_79_499, 229.94, 223.04, 0.00361577
_13663_, 242.74, 223.04, 0.00363911
_13680_, 242.74, 223.04, 0.00363911
_13698_, 242.74, 223.04, 0.00363911
_13733_, 242.74, 223.04, 0.00363911
_13749_, 242.74, 223.04, 0.00363911
_13750_, 242.74, 223.04, 0.00363911
hold1223, 242.74, 223.04, 0.00363911
FILLER_0_79_527, 242.74, 223.04, 0.00363911
_10367_, 255.54, 223.04, 0.00366177
_13599_, 255.54, 223.04, 0.00366177
_13748_, 255.54, 223.04, 0.00366177
clkbuf_leaf_181_clk, 255.54, 223.04, 0.00366177
hold1442, 255.54, 223.04, 0.00366177
FILLER_0_78_542, 255.54, 223.04, 0.00366177
_07949_, 268.34, 223.04, 0.00365416
_10058_, 268.34, 223.04, 0.00365416
_16182_, 268.34, 223.04, 0.00365416
hold1068, 268.34, 223.04, 0.00365416
FILLER_0_78_575, 268.34, 223.04, 0.00365416
FILLER_0_79_573, 268.34, 223.04, 0.00365416
_07510_, 281.14, 223.04, 0.0036157
_07896_, 281.14, 223.04, 0.0036157
_07950_, 281.14, 223.04, 0.0036157
_11001_, 281.14, 223.04, 0.0036157
FILLER_0_79_609, 281.14, 223.04, 0.0036157
_07614_, 293.94, 223.04, 0.00357034
_07616_, 293.94, 223.04, 0.00357034
_13631_, 293.94, 223.04, 0.00357034
FILLER_0_78_636, 293.94, 223.04, 0.00357034
_07671_, 306.74, 223.04, 0.00352434
_07673_, 306.74, 223.04, 0.00352434
_10557_, 306.74, 223.04, 0.00352434
_16177_, 306.74, 223.04, 0.00352434
FILLER_0_79_665, 306.74, 223.04, 0.00352434
_10558_, 319.54, 223.04, 0.00347168
FILLER_0_78_689, 319.54, 223.04, 0.00347168
_07515_, 344.971, 223.04, 0.0034666
_07732_, 344.971, 223.04, 0.0034666
_07733_, 344.971, 223.04, 0.0034666
_07842_, 344.971, 223.04, 0.0034666
FILLER_0_78_725, 344.971, 223.04, 0.0034666
FILLER_0_78_748, 344.971, 223.04, 0.0034666
_10163_, 357.603, 223.04, 0.00351534
_13705_, 357.603, 223.04, 0.00351534
_13740_, 357.603, 223.04, 0.00351534
clkbuf_leaf_141_clk, 357.603, 223.04, 0.00351534
hold1077, 357.603, 223.04, 0.00351534
FILLER_0_77_755, 357.603, 223.04, 0.00351534
FILLER_0_78_775, 357.603, 223.04, 0.00351534
FILLER_0_79_767, 357.603, 223.04, 0.00351534
FILLER_0_79_778, 357.603, 223.04, 0.00351534
_07731_, 370.235, 223.04, 0.00354049
_13635_, 370.235, 223.04, 0.00354049
hold873, 370.235, 223.04, 0.00354049
FILLER_0_77_785, 370.235, 223.04, 0.00354049
FILLER_0_78_804, 370.235, 223.04, 0.00354049
_09564_, 382.866, 223.04, 0.00356485
_09776_, 382.866, 223.04, 0.00356485
_09777_, 382.866, 223.04, 0.00356485
_15147_, 382.866, 223.04, 0.00356485
FILLER_0_79_825, 382.866, 223.04, 0.00356485
_14328_, 395.498, 223.04, 0.00358505
_14329_, 395.498, 223.04, 0.00358505
_15245_, 395.498, 223.04, 0.00358505
_16313_, 395.498, 223.04, 0.00358505
FILLER_0_78_864, 408.13, 223.04, 0.00359745
_13587_, 420.761, 223.04, 0.00360985
_14323_, 420.761, 223.04, 0.00360985
FILLER_0_77_889, 420.761, 223.04, 0.00360985
FILLER_0_78_914, 420.761, 223.04, 0.00360985
_09444_, 433.393, 223.04, 0.00361969
_13581_, 433.393, 223.04, 0.00361969
_14324_, 433.393, 223.04, 0.00361969
FILLER_0_77_921, 433.393, 223.04, 0.00361969
FILLER_0_78_937, 433.393, 223.04, 0.00361969
hold474, 446.025, 223.04, 0.00362157
hold1542, 446.025, 223.04, 0.00362157
FILLER_0_77_953, 446.025, 223.04, 0.00362157
FILLER_0_78_970, 446.025, 223.04, 0.00362157
FILLER_0_77_1001, 471.288, 223.04, 0.00362459
PHY_150, 5.52, 217.6, 0.00395222
PHY_152, 5.52, 217.6, 0.00395222
PHY_151, 483.92, 217.6, 0.00360444
PHY_153, 483.92, 217.6, 0.00360444
FILLER_0_75_1033, 483.92, 217.6, 0.00360444
FILLER_0_76_1029, 483.92, 217.6, 0.00360444
FILLER_0_76_77, 37.94, 217.6, 0.00390151
_14370_, 50.74, 217.6, 0.00385079
_16400_, 50.74, 217.6, 0.00385079
_16432_, 50.74, 217.6, 0.00385079
hold26, 50.74, 217.6, 0.00385079
FILLER_0_76_85, 50.74, 217.6, 0.00385079
FILLER_0_77_105, 50.74, 217.6, 0.00385079
_16433_, 63.54, 217.6, 0.00379326
hold23, 63.54, 217.6, 0.00379326
FILLER_0_76_134, 63.54, 217.6, 0.00379326
_08944_, 76.34, 217.6, 0.00373231
hold30, 76.34, 217.6, 0.00373231
_12258_, 89.14, 217.6, 0.00367118
FILLER_0_75_169, 89.14, 217.6, 0.00367118
FILLER_0_76_189, 89.14, 217.6, 0.00367118
_15622_, 101.94, 217.6, 0.00360942
hold5, 101.94, 217.6, 0.00360942
FILLER_0_76_209, 101.94, 217.6, 0.00360942
FILLER_0_77_217, 101.94, 217.6, 0.00360942
_09279_, 114.74, 217.6, 0.00354425
_15623_, 114.74, 217.6, 0.00354425
hold1342, 114.74, 217.6, 0.00354425
FILLER_0_76_246, 114.74, 217.6, 0.00354425
_09793_, 127.54, 217.6, 0.00347528
_09794_, 127.54, 217.6, 0.00347528
_15253_, 127.54, 217.6, 0.00347528
FILLER_0_75_255, 127.54, 217.6, 0.00347528
FILLER_0_76_265, 127.54, 217.6, 0.00347528
_09590_, 140.34, 217.6, 0.00340237
_14807_, 140.34, 217.6, 0.00340237
hold594, 140.34, 217.6, 0.00340237
hold1310, 140.34, 217.6, 0.00340237
FILLER_0_76_303, 140.34, 217.6, 0.00340237
hold556, 153.14, 217.6, 0.00332498
FILLER_0_77_330, 153.14, 217.6, 0.00332498
_08679_, 165.94, 217.6, 0.00324728
_16218_, 191.54, 217.6, 0.00320764
FILLER_0_77_414, 191.54, 217.6, 0.00320764
_13722_, 204.34, 217.6, 0.00324214
hold585, 204.34, 217.6, 0.00324214
FILLER_0_77_442, 204.34, 217.6, 0.00324214
_13753_, 217.14, 217.6, 0.00327617
hold820, 217.14, 217.6, 0.00327617
hold1225, 217.14, 217.6, 0.00327617
FILLER_0_75_457, 217.14, 217.6, 0.00327617
FILLER_0_76_462, 217.14, 217.6, 0.00327617
_13648_, 229.94, 217.6, 0.00330943
_13649_, 229.94, 217.6, 0.00330943
_13718_, 229.94, 217.6, 0.00330943
_16184_, 229.94, 217.6, 0.00330943
FILLER_0_75_481, 229.94, 217.6, 0.00330943
FILLER_0_77_501, 229.94, 217.6, 0.00330943
_13714_, 242.74, 217.6, 0.00333856
_16200_, 242.74, 217.6, 0.00333856
_16214_, 242.74, 217.6, 0.00333856
clkbuf_leaf_182_clk, 242.74, 217.6, 0.00333856
FILLER_0_76_523, 242.74, 217.6, 0.00333856
_13644_, 255.54, 217.6, 0.00333782
_13713_, 255.54, 217.6, 0.00333782
_16198_, 255.54, 217.6, 0.00333782
_16230_, 255.54, 217.6, 0.00333782
FILLER_0_75_542, 255.54, 217.6, 0.00333782
FILLER_0_76_533, 255.54, 217.6, 0.00333782
_07951_, 268.34, 217.6, 0.00332938
_13678_, 268.34, 217.6, 0.00332938
hold904, 268.34, 217.6, 0.00332938
FILLER_0_76_580, 268.34, 217.6, 0.00332938
FILLER_0_77_577, 268.34, 217.6, 0.00332938
_07897_, 281.14, 217.6, 0.00332025
_07899_, 281.14, 217.6, 0.00332025
hold734, 281.14, 217.6, 0.00332025
FILLER_0_76_589, 281.14, 217.6, 0.00332025
FILLER_0_77_611, 281.14, 217.6, 0.00332025
_10865_, 293.94, 217.6, 0.00331016
_16208_, 293.94, 217.6, 0.00331016
clkbuf_leaf_138_clk, 293.94, 217.6, 0.00331016
FILLER_0_76_619, 293.94, 217.6, 0.00331016
FILLER_0_76_638, 293.94, 217.6, 0.00331016
_07615_, 306.74, 217.6, 0.00327012
_07670_, 306.74, 217.6, 0.00327012
_07672_, 306.74, 217.6, 0.00327012
_13633_, 306.74, 217.6, 0.00327012
_13634_, 306.74, 217.6, 0.00327012
hold828, 306.74, 217.6, 0.00327012
_13708_, 319.54, 217.6, 0.00322873
_16211_, 319.54, 217.6, 0.00322873
clkbuf_leaf_139_clk, 319.54, 217.6, 0.00322873
hold765, 319.54, 217.6, 0.00322873
ANTENNA_117, 319.54, 217.6, 0.00322873
FILLER_0_76_673, 319.54, 217.6, 0.00322873
_07512_, 344.971, 217.6, 0.00323037
_07839_, 344.971, 217.6, 0.00323037
_07840_, 344.971, 217.6, 0.00323037
_10618_, 344.971, 217.6, 0.00323037
FILLER_0_77_741, 344.971, 217.6, 0.00323037
_07509_, 357.603, 217.6, 0.00329656
_13741_, 357.603, 217.6, 0.00329656
_16210_, 357.603, 217.6, 0.00329656
_16226_, 357.603, 217.6, 0.00329656
FILLER_0_77_779, 357.603, 217.6, 0.00329656
_10617_, 370.235, 217.6, 0.00335498
_13636_, 370.235, 217.6, 0.00335498
_13670_, 370.235, 217.6, 0.00335498
_16178_, 370.235, 217.6, 0.00335498
FILLER_0_75_781, 370.235, 217.6, 0.00335498
FILLER_0_76_787, 370.235, 217.6, 0.00335498
FILLER_0_77_797, 370.235, 217.6, 0.00335498
_13671_, 382.866, 217.6, 0.00340634
hold1253, 382.866, 217.6, 0.00340634
FILLER_0_77_834, 382.866, 217.6, 0.00340634
_13584_, 395.498, 217.6, 0.00345724
_13593_, 395.498, 217.6, 0.00345724
FILLER_0_76_848, 395.498, 217.6, 0.00345724
FILLER_0_76_858, 395.498, 217.6, 0.00345724
_07403_, 408.13, 217.6, 0.00350357
_13847_, 420.761, 217.6, 0.00354937
_16277_, 420.761, 217.6, 0.00354937
hold425, 420.761, 217.6, 0.00354937
FILLER_0_75_889, 420.761, 217.6, 0.00354937
_13849_, 433.393, 217.6, 0.00359084
_15311_, 433.393, 217.6, 0.00359084
clkbuf_leaf_149_clk, 433.393, 217.6, 0.00359084
FILLER_0_76_918, 433.393, 217.6, 0.00359084
FILLER_0_76_937, 433.393, 217.6, 0.00359084
_13874_, 446.025, 217.6, 0.00360107
_16294_, 446.025, 217.6, 0.00360107
_16297_, 446.025, 217.6, 0.00360107
FILLER_0_76_969, 446.025, 217.6, 0.00360107
_09667_, 458.656, 217.6, 0.00360444
_15194_, 458.656, 217.6, 0.00360444
FILLER_0_75_977, 458.656, 217.6, 0.00360444
FILLER_0_76_977, 458.656, 217.6, 0.00360444
FILLER_0_75_999, 471.288, 217.6, 0.00360444
FILLER_0_77_1021, 471.288, 217.6, 0.00360444
PHY_146, 5.52, 212.16, 0.00378715
PHY_148, 5.52, 212.16, 0.00378715
PHY_147, 483.92, 212.16, 0.0031943
PHY_149, 483.92, 212.16, 0.0031943
FILLER_0_73_1033, 483.92, 212.16, 0.0031943
FILLER_0_74_1033, 483.92, 212.16, 0.0031943
FILLER_0_73_69, 37.94, 212.16, 0.00373867
FILLER_0_74_77, 37.94, 212.16, 0.00373867
FILLER_0_75_81, 37.94, 212.16, 0.00373867
_14414_, 50.74, 212.16, 0.00369019
_16401_, 50.74, 212.16, 0.00369019
hold12, 50.74, 212.16, 0.00369019
hold39, 50.74, 212.16, 0.00369019
hold43, 50.74, 212.16, 0.00369019
_11199_, 63.54, 212.16, 0.00363816
_11208_, 63.54, 212.16, 0.00363816
_14391_, 63.54, 212.16, 0.00363816
_14413_, 63.54, 212.16, 0.00363816
_15847_, 63.54, 212.16, 0.00363816
_12714_, 76.34, 212.16, 0.00357747
_15734_, 76.34, 212.16, 0.00357747
_15846_, 76.34, 212.16, 0.00357747
hold16, 76.34, 212.16, 0.00357747
FILLER_0_74_157, 76.34, 212.16, 0.00357747
FILLER_0_75_161, 76.34, 212.16, 0.00357747
_11520_, 89.14, 212.16, 0.00350994
_15735_, 89.14, 212.16, 0.00350994
hold53, 89.14, 212.16, 0.00350994
FILLER_0_74_187, 89.14, 212.16, 0.00350994
FILLER_0_75_182, 89.14, 212.16, 0.00350994
_11200_, 101.94, 212.16, 0.00343818
_12074_, 101.94, 212.16, 0.00343818
_12075_, 101.94, 212.16, 0.00343818
_16369_, 101.94, 212.16, 0.00343818
FILLER_0_75_219, 101.94, 212.16, 0.00343818
_11209_, 114.74, 212.16, 0.00336119
_11210_, 114.74, 212.16, 0.00336119
_12263_, 114.74, 212.16, 0.00336119
hold24, 114.74, 212.16, 0.00336119
FILLER_0_74_228, 114.74, 212.16, 0.00336119
FILLER_0_74_244, 114.74, 212.16, 0.00336119
_11525_, 127.54, 212.16, 0.00327994
_15160_, 127.54, 212.16, 0.00327994
_15258_, 127.54, 212.16, 0.00327994
FILLER_0_73_262, 127.54, 212.16, 0.00327994
_09520_, 140.34, 212.16, 0.00319058
_09591_, 140.34, 212.16, 0.00319058
_13800_, 140.34, 212.16, 0.00319058
_13801_, 140.34, 212.16, 0.00319058
hold931, 140.34, 212.16, 0.00319058
hold1567, 140.34, 212.16, 0.00319058
FILLER_0_73_284, 140.34, 212.16, 0.00319058
_09802_, 153.14, 212.16, 0.00310002
_15257_, 153.14, 212.16, 0.00310002
_16254_, 153.14, 212.16, 0.00310002
hold1185, 153.14, 212.16, 0.00310002
FILLER_0_74_328, 153.14, 212.16, 0.00310002
FILLER_0_75_333, 153.14, 212.16, 0.00310002
_09796_, 165.94, 212.16, 0.00300156
_13792_, 165.94, 212.16, 0.00300156
_13793_, 165.94, 212.16, 0.00300156
_16250_, 165.94, 212.16, 0.00300156
hold1555, 165.94, 212.16, 0.00300156
FILLER_0_74_361, 165.94, 212.16, 0.00300156
_13723_, 191.54, 212.16, 0.002944
_13755_, 191.54, 212.16, 0.002944
_13757_, 191.54, 212.16, 0.002944
_16234_, 191.54, 212.16, 0.002944
clkbuf_leaf_27_clk, 191.54, 212.16, 0.002944
hold1115, 191.54, 212.16, 0.002944
FILLER_0_75_405, 191.54, 212.16, 0.002944
_13694_, 204.34, 212.16, 0.00296495
_13763_, 204.34, 212.16, 0.00296495
_13764_, 204.34, 212.16, 0.00296495
_16221_, 204.34, 212.16, 0.00296495
_16237_, 204.34, 212.16, 0.00296495
FILLER_0_73_420, 204.34, 212.16, 0.00296495
FILLER_0_74_421, 204.34, 212.16, 0.00296495
FILLER_0_74_443, 204.34, 212.16, 0.00296495
FILLER_0_75_443, 204.34, 212.16, 0.00296495
_13658_, 217.14, 212.16, 0.00297809
_13659_, 217.14, 212.16, 0.00297809
_13719_, 217.14, 212.16, 0.00297809
_16189_, 217.14, 212.16, 0.00297809
_16216_, 217.14, 212.16, 0.00297809
hold565, 217.14, 212.16, 0.00297809
FILLER_0_74_472, 217.14, 212.16, 0.00297809
_10971_, 229.94, 212.16, 0.00298309
_13606_, 229.94, 212.16, 0.00298309
_13683_, 229.94, 212.16, 0.00298309
_13684_, 229.94, 212.16, 0.00298309
hold1382, 229.94, 212.16, 0.00298309
ANTENNA_43, 229.94, 212.16, 0.00298309
FILLER_0_75_489, 229.94, 212.16, 0.00298309
FILLER_0_74_523, 242.74, 212.16, 0.00297797
FILLER_0_75_525, 242.74, 212.16, 0.00297797
_08525_, 255.54, 212.16, 0.00297285
_08559_, 255.54, 212.16, 0.00297285
_13643_, 255.54, 212.16, 0.00297285
_13679_, 255.54, 212.16, 0.00297285
_13712_, 268.34, 212.16, 0.00295889
FILLER_0_73_561, 268.34, 212.16, 0.00295889
FILLER_0_73_569, 268.34, 212.16, 0.00295889
FILLER_0_74_567, 268.34, 212.16, 0.00295889
FILLER_0_74_580, 268.34, 212.16, 0.00295889
FILLER_0_75_582, 268.34, 212.16, 0.00295889
_13641_, 281.14, 212.16, 0.00294481
_13711_, 281.14, 212.16, 0.00294481
_16181_, 281.14, 212.16, 0.00294481
hold825, 281.14, 212.16, 0.00294481
FILLER_0_75_611, 281.14, 212.16, 0.00294481
_13596_, 293.94, 212.16, 0.0029264
_13666_, 293.94, 212.16, 0.0029264
_13701_, 293.94, 212.16, 0.0029264
_13702_, 293.94, 212.16, 0.0029264
_16192_, 293.94, 212.16, 0.0029264
FILLER_0_73_617, 293.94, 212.16, 0.0029264
FILLER_0_74_615, 293.94, 212.16, 0.0029264
FILLER_0_74_624, 293.94, 212.16, 0.0029264
FILLER_0_74_639, 293.94, 212.16, 0.0029264
_13704_, 306.74, 212.16, 0.00290151
_16193_, 306.74, 212.16, 0.00290151
_16209_, 306.74, 212.16, 0.00290151
hold1054, 306.74, 212.16, 0.00290151
hold1280, 306.74, 212.16, 0.00290151
FILLER_0_73_643, 306.74, 212.16, 0.00290151
FILLER_0_75_655, 306.74, 212.16, 0.00290151
FILLER_0_75_663, 306.74, 212.16, 0.00290151
_13703_, 319.54, 212.16, 0.00286853
_13707_, 319.54, 212.16, 0.00286853
hold891, 319.54, 212.16, 0.00286853
FILLER_0_73_682, 319.54, 212.16, 0.00286853
_09910_, 344.971, 212.16, 0.00290653
hold1013, 344.971, 212.16, 0.00290653
_13706_, 357.603, 212.16, 0.0029722
hold1416, 357.603, 212.16, 0.0029722
FILLER_0_73_758, 357.603, 212.16, 0.0029722
FILLER_0_74_757, 357.603, 212.16, 0.0029722
_13630_, 370.235, 212.16, 0.00303743
_13665_, 370.235, 212.16, 0.00303743
_16175_, 370.235, 212.16, 0.00303743
_16194_, 370.235, 212.16, 0.00303743
clkbuf_leaf_146_clk, 370.235, 212.16, 0.00303743
hold940, 370.235, 212.16, 0.00303743
FILLER_0_75_797, 370.235, 212.16, 0.00303743
_07380_, 382.866, 212.16, 0.00307199
_07393_, 382.866, 212.16, 0.00307199
_12875_, 382.866, 212.16, 0.00307199
_13590_, 382.866, 212.16, 0.00307199
FILLER_0_74_813, 382.866, 212.16, 0.00307199
FILLER_0_74_820, 382.866, 212.16, 0.00307199
FILLER_0_75_821, 382.866, 212.16, 0.00307199
FILLER_0_75_829, 382.866, 212.16, 0.00307199
_07395_, 395.498, 212.16, 0.00310049
FILLER_0_74_861, 395.498, 212.16, 0.00310049
_07401_, 408.13, 212.16, 0.00312763
_07407_, 408.13, 212.16, 0.00312763
_12772_, 408.13, 212.16, 0.00312763
ANTENNA_3, 408.13, 212.16, 0.00312763
_07405_, 420.761, 212.16, 0.00315312
_16279_, 420.761, 212.16, 0.00315312
_16280_, 420.761, 212.16, 0.00315312
hold375, 420.761, 212.16, 0.00315312
_15309_, 433.393, 212.16, 0.00317038
_15312_, 433.393, 212.16, 0.00317038
hold476, 433.393, 212.16, 0.00317038
FILLER_0_73_921, 433.393, 212.16, 0.00317038
FILLER_0_74_919, 433.393, 212.16, 0.00317038
FILLER_0_74_925, 433.393, 212.16, 0.00317038
_16296_, 446.025, 212.16, 0.00318078
hold555, 446.025, 212.16, 0.00318078
hold731, 446.025, 212.16, 0.00318078
FILLER_0_73_953, 446.025, 212.16, 0.00318078
FILLER_0_74_952, 446.025, 212.16, 0.00318078
_09666_, 458.656, 212.16, 0.00318762
_09672_, 458.656, 212.16, 0.00318762
_09673_, 458.656, 212.16, 0.00318762
_09674_, 458.656, 212.16, 0.00318762
hold1230, 458.656, 212.16, 0.00318762
FILLER_0_74_973, 458.656, 212.16, 0.00318762
_09675_, 471.288, 212.16, 0.0031943
_15197_, 471.288, 212.16, 0.0031943
_15198_, 471.288, 212.16, 0.0031943
FILLER_0_73_1003, 471.288, 212.16, 0.0031943
PHY_142, 5.52, 206.72, 0.00362148
PHY_144, 5.52, 206.72, 0.00362148
PHY_143, 483.92, 206.72, 0.00264654
PHY_145, 483.92, 206.72, 0.00264654
FILLER_0_71_1033, 483.92, 206.72, 0.00264654
_16416_, 37.94, 206.72, 0.00357148
FILLER_0_72_77, 37.94, 206.72, 0.00357148
_09484_, 50.74, 206.72, 0.00351812
_14369_, 50.74, 206.72, 0.00351812
_14392_, 50.74, 206.72, 0.00351812
_16417_, 50.74, 206.72, 0.00351812
hold41, 50.74, 206.72, 0.00351812
_09469_, 63.54, 206.72, 0.00345754
_14412_, 63.54, 206.72, 0.00345754
_14415_, 63.54, 206.72, 0.00345754
_12264_, 76.34, 206.72, 0.00339308
_12712_, 76.34, 206.72, 0.00339308
_12713_, 76.34, 206.72, 0.00339308
clkbuf_leaf_14_clk, 76.34, 206.72, 0.00339308
hold22, 76.34, 206.72, 0.00339308
FILLER_0_72_148, 76.34, 206.72, 0.00339308
FILLER_0_73_158, 76.34, 206.72, 0.00339308
_12261_, 89.14, 206.72, 0.00330839
_12262_, 89.14, 206.72, 0.00330839
_14313_, 89.14, 206.72, 0.00330839
_16368_, 89.14, 206.72, 0.00330839
hold38, 89.14, 206.72, 0.00330839
FILLER_0_71_181, 89.14, 206.72, 0.00330839
FILLER_0_72_174, 89.14, 206.72, 0.00330839
FILLER_0_72_186, 89.14, 206.72, 0.00330839
_11201_, 101.94, 206.72, 0.00321998
_14312_, 101.94, 206.72, 0.00321998
hold31, 101.94, 206.72, 0.00321998
FILLER_0_72_212, 101.94, 206.72, 0.00321998
FILLER_0_73_217, 101.94, 206.72, 0.00321998
_12073_, 114.74, 206.72, 0.00312952
_15718_, 114.74, 206.72, 0.00312952
_15719_, 114.74, 206.72, 0.00312952
_09803_, 127.54, 206.72, 0.00303212
_09804_, 127.54, 206.72, 0.00303212
_12226_, 127.54, 206.72, 0.00303212
hold84, 127.54, 206.72, 0.00303212
_09521_, 140.34, 206.72, 0.00293436
_13791_, 140.34, 206.72, 0.00293436
_15128_, 140.34, 206.72, 0.00293436
_16249_, 140.34, 206.72, 0.00293436
FILLER_0_71_293, 140.34, 206.72, 0.00293436
FILLER_0_72_280, 140.34, 206.72, 0.00293436
FILLER_0_72_304, 140.34, 206.72, 0.00293436
FILLER_0_73_297, 140.34, 206.72, 0.00293436
_09801_, 153.14, 206.72, 0.00282882
_13790_, 153.14, 206.72, 0.00282882
hold1562, 153.14, 206.72, 0.00282882
FILLER_0_72_318, 153.14, 206.72, 0.00282882
FILLER_0_72_333, 153.14, 206.72, 0.00282882
_09795_, 165.94, 206.72, 0.00272264
_15254_, 165.94, 206.72, 0.00272264
_16238_, 165.94, 206.72, 0.00272264
hold1263, 165.94, 206.72, 0.00272264
FILLER_0_71_337, 165.94, 206.72, 0.00272264
FILLER_0_73_356, 165.94, 206.72, 0.00272264
_13686_, 191.54, 206.72, 0.00263839
_13758_, 191.54, 206.72, 0.00263839
hold1142, 191.54, 206.72, 0.00263839
FILLER_0_72_412, 191.54, 206.72, 0.00263839
_13621_, 204.34, 206.72, 0.00266762
_13728_, 204.34, 206.72, 0.00266762
_13729_, 204.34, 206.72, 0.00266762
hold1022, 204.34, 206.72, 0.00266762
FILLER_0_71_432, 204.34, 206.72, 0.00266762
FILLER_0_72_442, 204.34, 206.72, 0.00266762
_13693_, 217.14, 206.72, 0.00269327
_16205_, 217.14, 206.72, 0.00269327
_10543_, 229.94, 206.72, 0.00271498
_10787_, 229.94, 206.72, 0.00271498
_10970_, 229.94, 206.72, 0.00271498
ANTENNA_74, 229.94, 206.72, 0.00271498
FILLER_0_71_485, 229.94, 206.72, 0.00271498
FILLER_0_72_499, 229.94, 206.72, 0.00271498
FILLER_0_73_489, 229.94, 206.72, 0.00271498
_08558_, 242.74, 206.72, 0.00272551
_08774_, 242.74, 206.72, 0.00272551
_10478_, 242.74, 206.72, 0.00272551
FILLER_0_72_521, 242.74, 206.72, 0.00272551
FILLER_0_73_517, 242.74, 206.72, 0.00272551
_08519_, 255.54, 206.72, 0.00272495
_08520_, 255.54, 206.72, 0.00272495
_08732_, 255.54, 206.72, 0.00272495
FILLER_0_73_552, 255.54, 206.72, 0.00272495
_08724_, 268.34, 206.72, 0.00270938
_13746_, 268.34, 206.72, 0.00270938
_16213_, 268.34, 206.72, 0.00270938
_13642_, 281.14, 206.72, 0.00267998
_13676_, 281.14, 206.72, 0.00267998
_13677_, 281.14, 206.72, 0.00267998
_13747_, 281.14, 206.72, 0.00267998
_16197_, 281.14, 206.72, 0.00267998
hold1180, 281.14, 206.72, 0.00267998
FILLER_0_73_609, 281.14, 206.72, 0.00267998
_13667_, 293.94, 206.72, 0.00264604
_13736_, 293.94, 206.72, 0.00264604
_13737_, 293.94, 206.72, 0.00264604
_16224_, 293.94, 206.72, 0.00264604
FILLER_0_71_621, 293.94, 206.72, 0.00264604
FILLER_0_72_637, 293.94, 206.72, 0.00264604
_13668_, 306.74, 206.72, 0.00260801
_13669_, 306.74, 206.72, 0.00260801
_13739_, 306.74, 206.72, 0.00260801
_16225_, 306.74, 206.72, 0.00260801
FILLER_0_72_645, 306.74, 206.72, 0.00260801
FILLER_0_72_654, 306.74, 206.72, 0.00260801
_13638_, 319.54, 206.72, 0.00256586
_13738_, 319.54, 206.72, 0.00256586
_16179_, 319.54, 206.72, 0.00256586
_16227_, 319.54, 206.72, 0.00256586
hold1094, 319.54, 206.72, 0.00256586
FILLER_0_72_678, 319.54, 206.72, 0.00256586
_13710_, 344.971, 206.72, 0.00254294
_13734_, 344.971, 206.72, 0.00254294
_16212_, 344.971, 206.72, 0.00254294
hold693, 344.971, 206.72, 0.00254294
hold1383, 344.971, 206.72, 0.00254294
FILLER_0_72_731, 344.971, 206.72, 0.00254294
_13639_, 357.603, 206.72, 0.00256558
_13674_, 357.603, 206.72, 0.00256558
_16196_, 357.603, 206.72, 0.00256558
hold1141, 357.603, 206.72, 0.00256558
FILLER_0_72_753, 357.603, 206.72, 0.00256558
FILLER_0_72_777, 357.603, 206.72, 0.00256558
FILLER_0_73_774, 357.603, 206.72, 0.00256558
_13629_, 370.235, 206.72, 0.0025839
_13664_, 370.235, 206.72, 0.0025839
_13675_, 370.235, 206.72, 0.0025839
_16191_, 370.235, 206.72, 0.0025839
FILLER_0_72_791, 370.235, 206.72, 0.0025839
_12759_, 382.866, 206.72, 0.0025981
hold1422, 382.866, 206.72, 0.0025981
hold1584, 382.866, 206.72, 0.0025981
FILLER_0_71_812, 382.866, 206.72, 0.0025981
FILLER_0_72_821, 382.866, 206.72, 0.0025981
_09599_, 395.498, 206.72, 0.00261107
_15163_, 395.498, 206.72, 0.00261107
FILLER_0_71_836, 395.498, 206.72, 0.00261107
FILLER_0_71_841, 395.498, 206.72, 0.00261107
_12778_, 408.13, 206.72, 0.0026205
hold1583, 408.13, 206.72, 0.0026205
FILLER_0_72_863, 408.13, 206.72, 0.0026205
FILLER_0_72_869, 408.13, 206.72, 0.0026205
_09603_, 420.761, 206.72, 0.00262865
_09604_, 420.761, 206.72, 0.00262865
_09605_, 420.761, 206.72, 0.00262865
_13850_, 420.761, 206.72, 0.00262865
hold395, 420.761, 206.72, 0.00262865
FILLER_0_72_898, 420.761, 206.72, 0.00262865
FILLER_0_72_915, 420.761, 206.72, 0.00262865
_11356_, 433.393, 206.72, 0.00263597
_11362_, 433.393, 206.72, 0.00263597
hold464, 433.393, 206.72, 0.00263597
FILLER_0_71_927, 433.393, 206.72, 0.00263597
FILLER_0_72_939, 433.393, 206.72, 0.00263597
_11360_, 446.025, 206.72, 0.0026431
_13871_, 446.025, 206.72, 0.0026431
_13873_, 446.025, 206.72, 0.0026431
_16293_, 446.025, 206.72, 0.0026431
hold483, 446.025, 206.72, 0.0026431
FILLER_0_72_958, 446.025, 206.72, 0.0026431
FILLER_0_72_970, 446.025, 206.72, 0.0026431
_09664_, 458.656, 206.72, 0.00264654
_09668_, 458.656, 206.72, 0.00264654
_09702_, 458.656, 206.72, 0.00264654
_09706_, 458.656, 206.72, 0.00264654
_15193_, 458.656, 206.72, 0.00264654
FILLER_0_72_981, 458.656, 206.72, 0.00264654
FILLER_0_73_995, 458.656, 206.72, 0.00264654
PHY_138, 5.52, 201.28, 0.00346229
PHY_140, 5.52, 201.28, 0.00346229
output66, 5.52, 201.28, 0.00346229
_08606_, 483.92, 201.28, 0.00274653
PHY_139, 483.92, 201.28, 0.00274653
PHY_141, 483.92, 201.28, 0.00274653
output51, 483.92, 201.28, 0.00274653
FILLER_0_70_77, 37.94, 201.28, 0.00340993
FILLER_0_71_81, 37.94, 201.28, 0.00340993
_14368_, 50.74, 201.28, 0.00335964
_14371_, 50.74, 201.28, 0.00335964
_14390_, 50.74, 201.28, 0.00335964
_14393_, 50.74, 201.28, 0.00335964
_16402_, 50.74, 201.28, 0.00335964
hold6, 50.74, 201.28, 0.00335964
hold34, 50.74, 201.28, 0.00335964
FILLER_0_71_105, 50.74, 201.28, 0.00335964
_11217_, 63.54, 201.28, 0.00330542
_12715_, 63.54, 201.28, 0.00330542
_16434_, 63.54, 201.28, 0.00330542
FILLER_0_71_129, 63.54, 201.28, 0.00330542
_12711_, 76.34, 201.28, 0.00324516
_15736_, 76.34, 201.28, 0.00324516
_15848_, 76.34, 201.28, 0.00324516
FILLER_0_69_142, 76.34, 201.28, 0.00324516
FILLER_0_70_157, 76.34, 201.28, 0.00324516
_14311_, 89.14, 201.28, 0.00317809
_16370_, 89.14, 201.28, 0.00317809
clkbuf_leaf_18_clk, 89.14, 201.28, 0.00317809
hold55, 89.14, 201.28, 0.00317809
FILLER_0_69_169, 89.14, 201.28, 0.00317809
_12072_, 101.94, 201.28, 0.00308949
_14314_, 101.94, 201.28, 0.00308949
_15624_, 101.94, 201.28, 0.00308949
hold7, 101.94, 201.28, 0.00308949
hold15, 101.94, 201.28, 0.00308949
FILLER_0_69_204, 101.94, 201.28, 0.00308949
FILLER_0_70_206, 101.94, 201.28, 0.00308949
FILLER_0_71_218, 101.94, 201.28, 0.00308949
_11218_, 114.74, 201.28, 0.00299733
_12225_, 114.74, 201.28, 0.00299733
_12227_, 114.74, 201.28, 0.00299733
clkbuf_leaf_17_clk, 114.74, 201.28, 0.00299733
hold20, 114.74, 201.28, 0.00299733
FILLER_0_69_225, 114.74, 201.28, 0.00299733
_15155_, 127.54, 201.28, 0.00288359
FILLER_0_70_265, 127.54, 201.28, 0.00288359
_09510_, 140.34, 201.28, 0.00276616
_09580_, 140.34, 201.28, 0.00276616
clkbuf_leaf_24_clk, 140.34, 201.28, 0.00276616
hold1323, 140.34, 201.28, 0.00276616
FILLER_0_70_305, 140.34, 201.28, 0.00276616
_09518_, 153.14, 201.28, 0.0026224
FILLER_0_69_318, 153.14, 201.28, 0.0026224
FILLER_0_70_321, 153.14, 201.28, 0.0026224
FILLER_0_71_325, 153.14, 201.28, 0.0026224
FILLER_0_71_333, 153.14, 201.28, 0.0026224
_09582_, 165.94, 201.28, 0.00247847
hold1419, 165.94, 201.28, 0.00247847
hold1451, 165.94, 201.28, 0.00247847
FILLER_0_70_346, 165.94, 201.28, 0.00247847
FILLER_0_70_361, 165.94, 201.28, 0.00247847
_13612_, 191.54, 201.28, 0.00236422
_13685_, 191.54, 201.28, 0.00236422
_13688_, 191.54, 201.28, 0.00236422
hold1327, 191.54, 201.28, 0.00236422
hold1369, 191.54, 201.28, 0.00236422
FILLER_0_70_403, 191.54, 201.28, 0.00236422
FILLER_0_70_411, 191.54, 201.28, 0.00236422
FILLER_0_71_408, 191.54, 201.28, 0.00236422
_13652_, 204.34, 201.28, 0.00239011
_13687_, 204.34, 201.28, 0.00239011
hold716, 204.34, 201.28, 0.00239011
hold1344, 204.34, 201.28, 0.00239011
FILLER_0_70_438, 204.34, 201.28, 0.00239011
FILLER_0_70_446, 204.34, 201.28, 0.00239011
_10258_, 217.14, 201.28, 0.00241507
_12733_, 217.14, 201.28, 0.00241507
clkbuf_leaf_183_clk, 217.14, 201.28, 0.00241507
FILLER_0_70_464, 217.14, 201.28, 0.00241507
_08513_, 229.94, 201.28, 0.00241916
_10542_, 229.94, 201.28, 0.00241916
_10786_, 229.94, 201.28, 0.00241916
_12731_, 229.94, 201.28, 0.00241916
_12735_, 229.94, 201.28, 0.00241916
_12737_, 229.94, 201.28, 0.00241916
_15855_, 229.94, 201.28, 0.00241916
FILLER_0_71_493, 229.94, 201.28, 0.00241916
_08521_, 242.74, 201.28, 0.00241612
_08523_, 242.74, 201.28, 0.00241612
_08524_, 242.74, 201.28, 0.00241612
_10477_, 242.74, 201.28, 0.00241612
FILLER_0_70_507, 242.74, 201.28, 0.00241612
FILLER_0_70_527, 242.74, 201.28, 0.00241612
FILLER_0_71_527, 242.74, 201.28, 0.00241612
_08560_, 255.54, 201.28, 0.00241085
FILLER_0_70_545, 255.54, 201.28, 0.00241085
FILLER_0_71_553, 255.54, 201.28, 0.00241085
_08542_, 268.34, 201.28, 0.00239867
_16229_, 268.34, 201.28, 0.00239867
hold1104, 268.34, 201.28, 0.00239867
FILLER_0_70_573, 268.34, 201.28, 0.00239867
_09986_, 281.14, 201.28, 0.00237821
_10852_, 281.14, 201.28, 0.00237821
FILLER_0_70_601, 281.14, 201.28, 0.00237821
FILLER_0_71_608, 281.14, 201.28, 0.00237821
_10606_, 293.94, 201.28, 0.00235171
_11036_, 293.94, 201.28, 0.00235171
hold1090, 293.94, 201.28, 0.00235171
FILLER_0_69_624, 293.94, 201.28, 0.00235171
FILLER_0_70_625, 293.94, 201.28, 0.00235171
FILLER_0_70_641, 306.74, 201.28, 0.00231649
FILLER_0_71_668, 306.74, 201.28, 0.00231649
_13743_, 319.54, 201.28, 0.00228127
FILLER_0_70_693, 319.54, 201.28, 0.00228127
FILLER_0_71_693, 319.54, 201.28, 0.00228127
_13709_, 344.971, 201.28, 0.00233107
_13744_, 344.971, 201.28, 0.00233107
_13745_, 344.971, 201.28, 0.00233107
_16223_, 344.971, 201.28, 0.00233107
clkbuf_leaf_142_clk, 344.971, 201.28, 0.00233107
FILLER_0_71_738, 344.971, 201.28, 0.00233107
_13640_, 357.603, 201.28, 0.00239149
_16180_, 357.603, 201.28, 0.00239149
hold1251, 357.603, 201.28, 0.00239149
hold1284, 357.603, 201.28, 0.00239149
_15373_, 370.235, 201.28, 0.00244747
_15375_, 370.235, 201.28, 0.00244747
FILLER_0_70_785, 370.235, 201.28, 0.00244747
_07382_, 382.866, 201.28, 0.00249667
_12854_, 382.866, 201.28, 0.00249667
FILLER_0_69_811, 382.866, 201.28, 0.00249667
FILLER_0_70_813, 382.866, 201.28, 0.00249667
_09600_, 395.498, 201.28, 0.00254459
_12888_, 395.498, 201.28, 0.00254459
FILLER_0_69_836, 395.498, 201.28, 0.00254459
FILLER_0_69_841, 395.498, 201.28, 0.00254459
FILLER_0_71_855, 395.498, 201.28, 0.00254459
_12894_, 408.13, 201.28, 0.0025915
FILLER_0_70_862, 408.13, 201.28, 0.0025915
FILLER_0_70_869, 408.13, 201.28, 0.0025915
_09606_, 420.761, 201.28, 0.00263741
_13845_, 420.761, 201.28, 0.00263741
_15165_, 420.761, 201.28, 0.00263741
_15166_, 420.761, 201.28, 0.00263741
hold394, 420.761, 201.28, 0.00263741
FILLER_0_69_889, 420.761, 201.28, 0.00263741
_13869_, 433.393, 201.28, 0.0026758
_15307_, 433.393, 201.28, 0.0026758
_16292_, 433.393, 201.28, 0.0026758
hold615, 433.393, 201.28, 0.0026758
FILLER_0_69_922, 433.393, 201.28, 0.0026758
FILLER_0_70_917, 433.393, 201.28, 0.0026758
FILLER_0_70_925, 433.393, 201.28, 0.0026758
FILLER_0_71_942, 433.393, 201.28, 0.0026758
_09708_, 446.025, 201.28, 0.00270727
_13870_, 446.025, 201.28, 0.00270727
FILLER_0_70_970, 446.025, 201.28, 0.00270727
_09665_, 458.656, 201.28, 0.00273864
_09669_, 458.656, 201.28, 0.00273864
_09703_, 458.656, 201.28, 0.00273864
_09707_, 458.656, 201.28, 0.00273864
_09709_, 458.656, 201.28, 0.00273864
clkbuf_leaf_151_clk, 458.656, 201.28, 0.00273864
FILLER_0_69_977, 458.656, 201.28, 0.00273864
FILLER_0_70_981, 458.656, 201.28, 0.00273864
FILLER_0_71_998, 458.656, 201.28, 0.00273864
_15213_, 471.288, 201.28, 0.00274592
_15214_, 471.288, 201.28, 0.00274592
FILLER_0_69_1009, 471.288, 201.28, 0.00274592
FILLER_0_70_1026, 471.288, 201.28, 0.00274592
PHY_134, 5.52, 195.84, 0.00326623
PHY_136, 5.52, 195.84, 0.00326623
_07437_, 483.92, 195.84, 0.00211913
PHY_135, 483.92, 195.84, 0.00211913
PHY_137, 483.92, 195.84, 0.00211913
FILLER_0_67_1033, 483.92, 195.84, 0.00211913
FILLER_0_68_1031, 483.92, 195.84, 0.00211913
FILLER_0_68_77, 37.94, 195.84, 0.00317346
FILLER_0_69_81, 37.94, 195.84, 0.00317346
_14367_, 50.74, 195.84, 0.00308069
_14389_, 50.74, 195.84, 0.00308069
_16418_, 50.74, 195.84, 0.00308069
hold46, 50.74, 195.84, 0.00308069
FILLER_0_68_101, 50.74, 195.84, 0.00308069
_14411_, 63.54, 195.84, 0.0029844
FILLER_0_67_125, 63.54, 195.84, 0.0029844
FILLER_0_68_129, 63.54, 195.84, 0.0029844
FILLER_0_68_137, 63.54, 195.84, 0.0029844
FILLER_0_69_134, 63.54, 195.84, 0.0029844
_11567_, 76.34, 195.84, 0.00288804
FILLER_0_67_149, 76.34, 195.84, 0.00288804
FILLER_0_68_161, 76.34, 195.84, 0.00288804
FILLER_0_69_162, 76.34, 195.84, 0.00288804
_12079_, 89.14, 195.84, 0.00279125
_12259_, 89.14, 195.84, 0.00279125
_12266_, 89.14, 195.84, 0.00279125
_14310_, 89.14, 195.84, 0.00279125
FILLER_0_68_188, 89.14, 195.84, 0.00279125
FILLER_0_69_194, 89.14, 195.84, 0.00279125
_12055_, 101.94, 195.84, 0.00269393
_12076_, 101.94, 195.84, 0.00269393
_12224_, 101.94, 195.84, 0.00269393
_12693_, 101.94, 195.84, 0.00269393
_12694_, 101.94, 195.84, 0.00269393
FILLER_0_68_215, 101.94, 195.84, 0.00269393
FILLER_0_69_218, 101.94, 195.84, 0.00269393
_11219_, 114.74, 195.84, 0.00259499
_12462_, 114.74, 195.84, 0.00259499
_15720_, 114.74, 195.84, 0.00259499
hold18, 114.74, 195.84, 0.00259499
hold58, 114.74, 195.84, 0.00259499
FILLER_0_68_245, 114.74, 195.84, 0.00259499
_09581_, 127.54, 195.84, 0.0024908
_11528_, 127.54, 195.84, 0.0024908
_12228_, 127.54, 195.84, 0.0024908
_15401_, 127.54, 195.84, 0.0024908
hold32, 127.54, 195.84, 0.0024908
hold63, 127.54, 195.84, 0.0024908
FILLER_0_67_254, 127.54, 195.84, 0.0024908
FILLER_0_68_260, 127.54, 195.84, 0.0024908
FILLER_0_69_274, 127.54, 195.84, 0.0024908
_09511_, 140.34, 195.84, 0.00238294
_11523_, 140.34, 195.84, 0.00238294
_11524_, 140.34, 195.84, 0.00238294
_15123_, 140.34, 195.84, 0.00238294
FILLER_0_67_281, 140.34, 195.84, 0.00238294
FILLER_0_67_287, 140.34, 195.84, 0.00238294
FILLER_0_68_296, 140.34, 195.84, 0.00238294
_09519_, 153.14, 195.84, 0.00227097
_09588_, 153.14, 195.84, 0.00227097
_09589_, 153.14, 195.84, 0.00227097
_15127_, 153.14, 195.84, 0.00227097
_15159_, 153.14, 195.84, 0.00227097
FILLER_0_68_309, 153.14, 195.84, 0.00227097
FILLER_0_69_333, 153.14, 195.84, 0.00227097
_09512_, 165.94, 195.84, 0.00215096
_09513_, 165.94, 195.84, 0.00215096
_09583_, 165.94, 195.84, 0.00215096
_13624_, 165.94, 195.84, 0.00215096
_15124_, 165.94, 195.84, 0.00215096
_15156_, 165.94, 195.84, 0.00215096
ANTENNA_105, 165.94, 195.84, 0.00215096
_13651_, 191.54, 195.84, 0.00204542
_13653_, 191.54, 195.84, 0.00204542
_16202_, 191.54, 195.84, 0.00204542
FILLER_0_69_410, 191.54, 195.84, 0.00204542
_10118_, 204.34, 195.84, 0.00206717
_16186_, 204.34, 195.84, 0.00206717
hold1417, 204.34, 195.84, 0.00206717
FILLER_0_67_432, 204.34, 195.84, 0.00206717
FILLER_0_68_437, 204.34, 195.84, 0.00206717
_10117_, 217.14, 195.84, 0.00207952
_12732_, 217.14, 195.84, 0.00207952
_15782_, 217.14, 195.84, 0.00207952
_15854_, 217.14, 195.84, 0.00207952
FILLER_0_68_464, 217.14, 195.84, 0.00207952
_12729_, 229.94, 195.84, 0.00208251
_12734_, 229.94, 195.84, 0.00208251
_12736_, 229.94, 195.84, 0.00208251
FILLER_0_67_476, 229.94, 195.84, 0.00208251
FILLER_0_68_477, 229.94, 195.84, 0.00208251
FILLER_0_68_500, 229.94, 195.84, 0.00208251
_08516_, 242.74, 195.84, 0.00208475
_10028_, 242.74, 195.84, 0.00208475
_12730_, 242.74, 195.84, 0.00208475
FILLER_0_67_508, 242.74, 195.84, 0.00208475
FILLER_0_68_528, 242.74, 195.84, 0.00208475
_08522_, 255.54, 195.84, 0.00207787
_12682_, 255.54, 195.84, 0.00207787
_15829_, 255.54, 195.84, 0.00207787
hold479, 255.54, 195.84, 0.00207787
FILLER_0_68_555, 255.54, 195.84, 0.00207787
FILLER_0_69_556, 255.54, 195.84, 0.00207787
_08518_, 268.34, 195.84, 0.00206464
_12679_, 268.34, 195.84, 0.00206464
_15828_, 268.34, 195.84, 0.00206464
hold488, 268.34, 195.84, 0.00206464
FILLER_0_68_583, 268.34, 195.84, 0.00206464
_09884_, 281.14, 195.84, 0.0020424
_09885_, 281.14, 195.84, 0.0020424
_10851_, 281.14, 195.84, 0.0020424
FILLER_0_68_589, 281.14, 195.84, 0.0020424
FILLER_0_68_601, 281.14, 195.84, 0.0020424
FILLER_0_68_609, 281.14, 195.84, 0.0020424
FILLER_0_69_613, 281.14, 195.84, 0.0020424
_10605_, 293.94, 195.84, 0.00201706
_10665_, 293.94, 195.84, 0.00201706
_10666_, 293.94, 195.84, 0.00201706
_11035_, 293.94, 195.84, 0.00201706
FILLER_0_68_639, 293.94, 195.84, 0.00201706
_11836_, 306.74, 195.84, 0.00198467
_15532_, 306.74, 195.84, 0.00198467
_15535_, 306.74, 195.84, 0.00198467
FILLER_0_67_641, 306.74, 195.84, 0.00198467
FILLER_0_69_665, 306.74, 195.84, 0.00198467
_11845_, 319.54, 195.84, 0.00194369
_11847_, 319.54, 195.84, 0.00194369
_11848_, 319.54, 195.84, 0.00194369
hold1576, 319.54, 195.84, 0.00194369
FILLER_0_68_677, 319.54, 195.84, 0.00194369
FILLER_0_68_695, 319.54, 195.84, 0.00194369
_16228_, 344.971, 195.84, 0.0019338
FILLER_0_68_725, 344.971, 195.84, 0.0019338
FILLER_0_68_733, 344.971, 195.84, 0.0019338
FILLER_0_69_749, 344.971, 195.84, 0.0019338
FILLER_0_68_752, 357.603, 195.84, 0.0019631
FILLER_0_68_769, 357.603, 195.84, 0.0019631
FILLER_0_68_777, 357.603, 195.84, 0.0019631
FILLER_0_69_774, 357.603, 195.84, 0.0019631
_11468_, 370.235, 195.84, 0.0019924
_11470_, 370.235, 195.84, 0.0019924
_11472_, 370.235, 195.84, 0.0019924
_15371_, 370.235, 195.84, 0.0019924
hold380, 370.235, 195.84, 0.0019924
hold449, 370.235, 195.84, 0.0019924
_12738_, 382.866, 195.84, 0.002018
_12971_, 382.866, 195.84, 0.002018
hold401, 382.866, 195.84, 0.002018
_09595_, 395.498, 195.84, 0.0020426
_15161_, 395.498, 195.84, 0.0020426
FILLER_0_67_841, 395.498, 195.84, 0.0020426
FILLER_0_68_836, 395.498, 195.84, 0.0020426
FILLER_0_68_844, 395.498, 195.84, 0.0020426
_12978_, 408.13, 195.84, 0.00206368
_15893_, 408.13, 195.84, 0.00206368
_08599_, 420.761, 195.84, 0.0020814
_16275_, 420.761, 195.84, 0.0020814
_11352_, 433.393, 195.84, 0.00209516
hold529, 433.393, 195.84, 0.00209516
FILLER_0_68_917, 433.393, 195.84, 0.00209516
_09698_, 446.025, 195.84, 0.00210879
_16326_, 446.025, 195.84, 0.00210879
hold1286, 446.025, 195.84, 0.00210879
FILLER_0_68_945, 446.025, 195.84, 0.00210879
FILLER_0_68_963, 446.025, 195.84, 0.00210879
_09699_, 458.656, 195.84, 0.00211892
_15195_, 458.656, 195.84, 0.00211892
_15209_, 458.656, 195.84, 0.00211892
_15211_, 458.656, 195.84, 0.00211892
FILLER_0_69_986, 458.656, 195.84, 0.00211892
_08579_, 471.288, 195.84, 0.00211903
_08597_, 471.288, 195.84, 0.00211903
FILLER_0_67_1002, 471.288, 195.84, 0.00211903
PHY_130, 5.52, 190.4, 0.00310878
PHY_132, 5.52, 190.4, 0.00310878
PHY_131, 483.92, 190.4, 0.00198492
PHY_133, 483.92, 190.4, 0.00198492
FILLER_0_65_1034, 483.92, 190.4, 0.00198492
FILLER_0_66_1029, 483.92, 190.4, 0.00198492
_15625_, 37.94, 190.4, 0.00301204
hold236, 37.94, 190.4, 0.00301204
FILLER_0_66_65, 37.94, 190.4, 0.00301204
FILLER_0_66_81, 37.94, 190.4, 0.00301204
_15721_, 50.74, 190.4, 0.00291176
FILLER_0_65_97, 50.74, 190.4, 0.00291176
FILLER_0_66_85, 50.74, 190.4, 0.00291176
FILLER_0_67_105, 50.74, 190.4, 0.00291176
_12056_, 63.54, 190.4, 0.00280805
_12231_, 63.54, 190.4, 0.00280805
_14309_, 63.54, 190.4, 0.00280805
_16367_, 63.54, 190.4, 0.00280805
hold128, 63.54, 190.4, 0.00280805
FILLER_0_65_113, 63.54, 190.4, 0.00280805
FILLER_0_66_118, 63.54, 190.4, 0.00280805
_11490_, 76.34, 190.4, 0.0027005
_11491_, 76.34, 190.4, 0.0027005
_11521_, 76.34, 190.4, 0.0027005
_11566_, 76.34, 190.4, 0.0027005
_12078_, 76.34, 190.4, 0.0027005
_12148_, 76.34, 190.4, 0.0027005
_12149_, 76.34, 190.4, 0.0027005
FILLER_0_66_141, 76.34, 190.4, 0.0027005
_11487_, 89.14, 190.4, 0.00259216
_11488_, 89.14, 190.4, 0.00259216
_12054_, 89.14, 190.4, 0.00259216
_14544_, 89.14, 190.4, 0.00259216
_14545_, 89.14, 190.4, 0.00259216
FILLER_0_65_169, 89.14, 190.4, 0.00259216
FILLER_0_66_172, 89.14, 190.4, 0.00259216
FILLER_0_66_186, 89.14, 190.4, 0.00259216
FILLER_0_67_187, 89.14, 190.4, 0.00259216
_12125_, 101.94, 190.4, 0.00248289
_12458_, 101.94, 190.4, 0.00248289
_12459_, 101.94, 190.4, 0.00248289
_15754_, 101.94, 190.4, 0.00248289
hold10, 101.94, 190.4, 0.00248289
_15753_, 114.74, 190.4, 0.00236928
hold21, 114.74, 190.4, 0.00236928
FILLER_0_66_247, 114.74, 190.4, 0.00236928
_11586_, 127.54, 190.4, 0.00225226
_11588_, 127.54, 190.4, 0.00225226
_15431_, 127.54, 190.4, 0.00225226
hold13, 127.54, 190.4, 0.00225226
FILLER_0_65_253, 127.54, 190.4, 0.00225226
FILLER_0_66_253, 127.54, 190.4, 0.00225226
_11526_, 140.34, 190.4, 0.00213172
_15399_, 140.34, 190.4, 0.00213172
_15400_, 140.34, 190.4, 0.00213172
hold28, 140.34, 190.4, 0.00213172
FILLER_0_65_281, 140.34, 190.4, 0.00213172
_13609_, 165.94, 190.4, 0.00187702
clkbuf_leaf_23_clk, 165.94, 190.4, 0.00187702
FILLER_0_66_341, 165.94, 190.4, 0.00187702
FILLER_0_67_357, 165.94, 190.4, 0.00187702
FILLER_0_66_413, 191.54, 190.4, 0.00175277
_08549_, 204.34, 190.4, 0.00178436
_08552_, 204.34, 190.4, 0.00178436
_10259_, 204.34, 190.4, 0.00178436
_12529_, 204.34, 190.4, 0.00178436
hold276, 204.34, 190.4, 0.00178436
hold329, 204.34, 190.4, 0.00178436
FILLER_0_66_421, 204.34, 190.4, 0.00178436
FILLER_0_66_433, 204.34, 190.4, 0.00178436
_15780_, 217.14, 190.4, 0.00180671
hold1564, 217.14, 190.4, 0.00180671
FILLER_0_66_451, 217.14, 190.4, 0.00180671
_08554_, 229.94, 190.4, 0.00182397
_08556_, 229.94, 190.4, 0.00182397
_12727_, 229.94, 190.4, 0.00182397
_12728_, 229.94, 190.4, 0.00182397
_15853_, 229.94, 190.4, 0.00182397
FILLER_0_66_489, 229.94, 190.4, 0.00182397
_15830_, 242.74, 190.4, 0.00183669
_15852_, 242.74, 190.4, 0.00183669
hold462, 242.74, 190.4, 0.00183669
FILLER_0_67_516, 242.74, 190.4, 0.00183669
_08515_, 255.54, 190.4, 0.00184156
_08517_, 255.54, 190.4, 0.00184156
_12685_, 255.54, 190.4, 0.00184156
FILLER_0_65_540, 255.54, 190.4, 0.00184156
FILLER_0_66_533, 255.54, 190.4, 0.00184156
FILLER_0_67_551, 255.54, 190.4, 0.00184156
_12680_, 268.34, 190.4, 0.00183975
_15817_, 268.34, 190.4, 0.00183975
clkbuf_leaf_180_clk, 268.34, 190.4, 0.00183975
hold409, 268.34, 190.4, 0.00183975
FILLER_0_65_561, 268.34, 190.4, 0.00183975
FILLER_0_66_568, 268.34, 190.4, 0.00183975
FILLER_0_67_577, 268.34, 190.4, 0.00183975
_12652_, 281.14, 190.4, 0.00180703
_12654_, 281.14, 190.4, 0.00180703
_15812_, 281.14, 190.4, 0.00180703
_15814_, 281.14, 190.4, 0.00180703
_09876_, 293.94, 190.4, 0.00176404
_10010_, 293.94, 190.4, 0.00176404
FILLER_0_66_634, 293.94, 190.4, 0.00176404
_09862_, 306.74, 190.4, 0.00171934
_09871_, 306.74, 190.4, 0.00171934
_10000_, 306.74, 190.4, 0.00171934
_10012_, 306.74, 190.4, 0.00171934
_11835_, 306.74, 190.4, 0.00171934
hold1569, 306.74, 190.4, 0.00171934
FILLER_0_66_645, 306.74, 190.4, 0.00171934
FILLER_0_66_653, 306.74, 190.4, 0.00171934
FILLER_0_66_659, 306.74, 190.4, 0.00171934
_11831_, 319.54, 190.4, 0.00167108
_11833_, 319.54, 190.4, 0.00167108
_11844_, 319.54, 190.4, 0.00167108
_15534_, 319.54, 190.4, 0.00167108
_13810_, 344.971, 190.4, 0.00168127
_16256_, 344.971, 190.4, 0.00168127
FILLER_0_66_740, 344.971, 190.4, 0.00168127
_08611_, 357.603, 190.4, 0.00174063
FILLER_0_66_753, 357.603, 190.4, 0.00174063
FILLER_0_66_769, 357.603, 190.4, 0.00174063
FILLER_0_67_777, 357.603, 190.4, 0.00174063
_08496_, 370.235, 190.4, 0.00179678
_08583_, 370.235, 190.4, 0.00179678
_11473_, 370.235, 190.4, 0.00179678
hold470, 370.235, 190.4, 0.00179678
FILLER_0_65_792, 370.235, 190.4, 0.00179678
FILLER_0_67_800, 370.235, 190.4, 0.00179678
_12967_, 382.866, 190.4, 0.00185149
_12968_, 382.866, 190.4, 0.00185149
_12972_, 382.866, 190.4, 0.00185149
_15888_, 382.866, 190.4, 0.00185149
_15890_, 382.866, 190.4, 0.00185149
FILLER_0_66_813, 382.866, 190.4, 0.00185149
_08581_, 395.498, 190.4, 0.00189946
_09596_, 395.498, 190.4, 0.00189946
clkbuf_leaf_145_clk, 395.498, 190.4, 0.00189946
FILLER_0_65_835, 395.498, 190.4, 0.00189946
FILLER_0_66_846, 395.498, 190.4, 0.00189946
_08495_, 408.13, 190.4, 0.00192354
_08582_, 408.13, 190.4, 0.00192354
_08608_, 408.13, 190.4, 0.00192354
_12975_, 408.13, 190.4, 0.00192354
_12976_, 408.13, 190.4, 0.00192354
_12977_, 408.13, 190.4, 0.00192354
_15892_, 408.13, 190.4, 0.00192354
_15599_, 420.761, 190.4, 0.00194401
FILLER_0_65_893, 420.761, 190.4, 0.00194401
FILLER_0_65_897, 420.761, 190.4, 0.00194401
_13926_, 433.393, 190.4, 0.00196113
_15600_, 433.393, 190.4, 0.00196113
FILLER_0_66_917, 433.393, 190.4, 0.00196113
FILLER_0_66_937, 433.393, 190.4, 0.00196113
_16324_, 446.025, 190.4, 0.00197484
_16329_, 446.025, 190.4, 0.00197484
hold469, 446.025, 190.4, 0.00197484
hold472, 446.025, 190.4, 0.00197484
FILLER_0_65_948, 446.025, 190.4, 0.00197484
_08482_, 458.656, 190.4, 0.00198158
_09629_, 458.656, 190.4, 0.00198158
_09630_, 458.656, 190.4, 0.00198158
_09633_, 458.656, 190.4, 0.00198158
_15177_, 458.656, 190.4, 0.00198158
FILLER_0_66_991, 458.656, 190.4, 0.00198158
_09634_, 471.288, 190.4, 0.00198492
_15179_, 471.288, 190.4, 0.00198492
FILLER_0_66_999, 471.288, 190.4, 0.00198492
PHY_126, 5.52, 184.96, 0.00298479
PHY_128, 5.52, 184.96, 0.00298479
input2, 5.52, 184.96, 0.00298479
PHY_127, 483.92, 184.96, 0.00178171
PHY_129, 483.92, 184.96, 0.00178171
FILLER_0_63_1033, 483.92, 184.96, 0.00178171
FILLER_0_64_1029, 483.92, 184.96, 0.00178171
_15657_, 15.33, 184.96, 0.00298372
FILLER_0_64_21, 15.33, 184.96, 0.00298372
FILLER_0_65_27, 15.33, 184.96, 0.00298372
_12257_, 37.94, 184.96, 0.00290195
_12268_, 37.94, 184.96, 0.00290195
_15621_, 37.94, 184.96, 0.00290195
clkbuf_leaf_12_clk, 37.94, 184.96, 0.00290195
hold202, 37.94, 184.96, 0.00290195
FILLER_0_65_74, 37.94, 184.96, 0.00290195
_11187_, 50.74, 184.96, 0.00279577
_11227_, 50.74, 184.96, 0.00279577
hold155, 50.74, 184.96, 0.00279577
hold235, 50.74, 184.96, 0.00279577
FILLER_0_64_85, 50.74, 184.96, 0.00279577
_16371_, 63.54, 184.96, 0.0026879
hold100, 63.54, 184.96, 0.0026879
hold213, 63.54, 184.96, 0.0026879
FILLER_0_63_113, 63.54, 184.96, 0.0026879
FILLER_0_63_125, 63.54, 184.96, 0.0026879
FILLER_0_64_119, 63.54, 184.96, 0.0026879
_08555_, 76.34, 184.96, 0.00257637
_11489_, 76.34, 184.96, 0.00257637
_12102_, 76.34, 184.96, 0.00257637
_14294_, 76.34, 184.96, 0.00257637
_14315_, 76.34, 184.96, 0.00257637
FILLER_0_63_146, 76.34, 184.96, 0.00257637
FILLER_0_64_148, 76.34, 184.96, 0.00257637
_11584_, 89.14, 184.96, 0.00246352
_15752_, 89.14, 184.96, 0.00246352
_16496_, 89.14, 184.96, 0.00246352
clkbuf_leaf_19_clk, 89.14, 184.96, 0.00246352
hold27, 89.14, 184.96, 0.00246352
FILLER_0_63_169, 89.14, 184.96, 0.00246352
FILLER_0_64_168, 89.14, 184.96, 0.00246352
_11203_, 101.94, 184.96, 0.00232238
_12460_, 101.94, 184.96, 0.00232238
_12461_, 101.94, 184.96, 0.00232238
hold169, 101.94, 184.96, 0.00232238
FILLER_0_63_199, 101.94, 184.96, 0.00232238
FILLER_0_64_205, 101.94, 184.96, 0.00232238
FILLER_0_65_211, 101.94, 184.96, 0.00232238
_11212_, 114.74, 184.96, 0.0021791
FILLER_0_63_225, 114.74, 184.96, 0.0021791
FILLER_0_64_242, 114.74, 184.96, 0.0021791
_11204_, 127.54, 184.96, 0.00203405
_11213_, 127.54, 184.96, 0.00203405
_11585_, 127.54, 184.96, 0.00203405
_11587_, 127.54, 184.96, 0.00203405
_15432_, 127.54, 184.96, 0.00203405
hold9, 127.54, 184.96, 0.00203405
FILLER_0_64_262, 127.54, 184.96, 0.00203405
_11202_, 140.34, 184.96, 0.00188296
_11211_, 140.34, 184.96, 0.00188296
hold25, 140.34, 184.96, 0.00188296
FILLER_0_64_302, 140.34, 184.96, 0.00188296
_12052_, 153.14, 184.96, 0.00172772
_12053_, 153.14, 184.96, 0.00172772
_12121_, 153.14, 184.96, 0.00172772
_15654_, 153.14, 184.96, 0.00172772
hold33, 153.14, 184.96, 0.00172772
FILLER_0_65_323, 153.14, 184.96, 0.00172772
_15804_, 165.94, 184.96, 0.00156862
FILLER_0_63_337, 165.94, 184.96, 0.00156862
FILLER_0_64_360, 165.94, 184.96, 0.00156862
_08547_, 191.54, 184.96, 0.00143372
_15806_, 191.54, 184.96, 0.00143372
_15807_, 191.54, 184.96, 0.00143372
hold287, 191.54, 184.96, 0.00143372
FILLER_0_64_401, 191.54, 184.96, 0.00143372
FILLER_0_65_405, 191.54, 184.96, 0.00143372
_08548_, 204.34, 184.96, 0.00145147
_08553_, 204.34, 184.96, 0.00145147
_12632_, 204.34, 184.96, 0.00145147
_15781_, 204.34, 184.96, 0.00145147
hold297, 204.34, 184.96, 0.00145147
hold328, 204.34, 184.96, 0.00145147
_12522_, 217.14, 184.96, 0.00146083
_15778_, 217.14, 184.96, 0.00146083
FILLER_0_63_458, 217.14, 184.96, 0.00146083
FILLER_0_64_471, 217.14, 184.96, 0.00146083
FILLER_0_65_465, 217.14, 184.96, 0.00146083
_12723_, 229.94, 184.96, 0.00146503
_12726_, 229.94, 184.96, 0.00146503
_15851_, 229.94, 184.96, 0.00146503
FILLER_0_64_496, 229.94, 184.96, 0.00146503
FILLER_0_65_497, 229.94, 184.96, 0.00146503
_08471_, 242.74, 184.96, 0.00146536
_08514_, 242.74, 184.96, 0.00146536
_09874_, 242.74, 184.96, 0.00146536
_12684_, 242.74, 184.96, 0.00146536
hold423, 242.74, 184.96, 0.00146536
FILLER_0_63_515, 242.74, 184.96, 0.00146536
FILLER_0_64_529, 242.74, 184.96, 0.00146536
FILLER_0_65_521, 242.74, 184.96, 0.00146536
_08512_, 255.54, 184.96, 0.00146198
_09875_, 255.54, 184.96, 0.00146198
_12683_, 255.54, 184.96, 0.00146198
hold308, 255.54, 184.96, 0.00146198
FILLER_0_63_530, 255.54, 184.96, 0.00146198
FILLER_0_64_552, 255.54, 184.96, 0.00146198
FILLER_0_65_553, 255.54, 184.96, 0.00146198
_08526_, 268.34, 184.96, 0.00145638
_08532_, 268.34, 184.96, 0.00145638
_12653_, 268.34, 184.96, 0.00145638
_12655_, 268.34, 184.96, 0.00145638
_15816_, 268.34, 184.96, 0.00145638
FILLER_0_63_561, 268.34, 184.96, 0.00145638
_12644_, 281.14, 184.96, 0.00143349
_12649_, 281.14, 184.96, 0.00143349
hold508, 281.14, 184.96, 0.00143349
hold638, 281.14, 184.96, 0.00143349
FILLER_0_64_597, 281.14, 184.96, 0.00143349
FILLER_0_65_612, 281.14, 184.96, 0.00143349
_09867_, 293.94, 184.96, 0.00140786
_09878_, 293.94, 184.96, 0.00140786
_09879_, 293.94, 184.96, 0.00140786
_10011_, 293.94, 184.96, 0.00140786
_10013_, 293.94, 184.96, 0.00140786
FILLER_0_64_630, 293.94, 184.96, 0.00140786
_09869_, 306.74, 184.96, 0.00137811
_09870_, 306.74, 184.96, 0.00137811
_09872_, 306.74, 184.96, 0.00137811
_10005_, 306.74, 184.96, 0.00137811
_10006_, 306.74, 184.96, 0.00137811
_10007_, 306.74, 184.96, 0.00137811
_10008_, 306.74, 184.96, 0.00137811
FILLER_0_63_648, 306.74, 184.96, 0.00137811
FILLER_0_65_668, 306.74, 184.96, 0.00137811
_09863_, 319.54, 184.96, 0.00134409
_09880_, 319.54, 184.96, 0.00134409
_09881_, 319.54, 184.96, 0.00134409
_09882_, 319.54, 184.96, 0.00134409
FILLER_0_63_680, 319.54, 184.96, 0.00134409
FILLER_0_64_687, 319.54, 184.96, 0.00134409
_08503_, 344.971, 184.96, 0.00139968
_16257_, 344.971, 184.96, 0.00139968
_16258_, 344.971, 184.96, 0.00139968
_16259_, 344.971, 184.96, 0.00139968
hold1534, 344.971, 184.96, 0.00139968
FILLER_0_63_725, 344.971, 184.96, 0.00139968
FILLER_0_64_750, 344.971, 184.96, 0.00139968
FILLER_0_65_745, 344.971, 184.96, 0.00139968
_08509_, 357.603, 184.96, 0.00147726
_08584_, 357.603, 184.96, 0.00147726
_11344_, 357.603, 184.96, 0.00147726
_16261_, 357.603, 184.96, 0.00147726
FILLER_0_64_757, 357.603, 184.96, 0.00147726
FILLER_0_64_768, 357.603, 184.96, 0.00147726
FILLER_0_65_767, 357.603, 184.96, 0.00147726
_08602_, 370.235, 184.96, 0.00153668
_08610_, 370.235, 184.96, 0.00153668
_15376_, 370.235, 184.96, 0.00153668
FILLER_0_63_780, 370.235, 184.96, 0.00153668
FILLER_0_63_792, 370.235, 184.96, 0.00153668
FILLER_0_64_806, 370.235, 184.96, 0.00153668
_07389_, 382.866, 184.96, 0.00158671
_08601_, 382.866, 184.96, 0.00158671
_12752_, 382.866, 184.96, 0.00158671
FILLER_0_64_813, 382.866, 184.96, 0.00158671
_08494_, 395.498, 184.96, 0.00163474
_15595_, 395.498, 184.96, 0.00163474
FILLER_0_63_835, 395.498, 184.96, 0.00163474
FILLER_0_63_841, 395.498, 184.96, 0.00163474
FILLER_0_64_838, 395.498, 184.96, 0.00163474
FILLER_0_65_853, 395.498, 184.96, 0.00163474
_08609_, 408.13, 184.96, 0.00167932
_12024_, 408.13, 184.96, 0.00167932
_15597_, 408.13, 184.96, 0.00167932
FILLER_0_64_863, 408.13, 184.96, 0.00167932
FILLER_0_64_885, 408.13, 184.96, 0.00167932
FILLER_0_65_877, 408.13, 184.96, 0.00167932
_08600_, 420.761, 184.96, 0.00172049
_13846_, 420.761, 184.96, 0.00172049
_16276_, 420.761, 184.96, 0.00172049
hold426, 420.761, 184.96, 0.00172049
FILLER_0_63_892, 420.761, 184.96, 0.00172049
_12030_, 433.393, 184.96, 0.00175719
_13928_, 433.393, 184.96, 0.00175719
_13930_, 433.393, 184.96, 0.00175719
_15308_, 433.393, 184.96, 0.00175719
clkbuf_leaf_152_clk, 433.393, 184.96, 0.00175719
hold493, 433.393, 184.96, 0.00175719
FILLER_0_63_920, 433.393, 184.96, 0.00175719
_13931_, 446.025, 184.96, 0.00176781
_16328_, 446.025, 184.96, 0.00176781
hold1036, 446.025, 184.96, 0.00176781
FILLER_0_63_944, 446.025, 184.96, 0.00176781
_08483_, 458.656, 184.96, 0.00177488
_09637_, 458.656, 184.96, 0.00177488
_09638_, 458.656, 184.96, 0.00177488
_09639_, 458.656, 184.96, 0.00177488
FILLER_0_64_991, 458.656, 184.96, 0.00177488
FILLER_0_65_998, 458.656, 184.96, 0.00177488
_08580_, 471.288, 184.96, 0.00178171
_09640_, 471.288, 184.96, 0.00178171
_15181_, 471.288, 184.96, 0.00178171
_15182_, 471.288, 184.96, 0.00178171
FILLER_0_64_1009, 471.288, 184.96, 0.00178171
_15397_, 5.52, 179.52, 0.00293979
PHY_122, 5.52, 179.52, 0.00293979
PHY_124, 5.52, 179.52, 0.00293979
FILLER_0_62_3, 5.52, 179.52, 0.00293979
PHY_123, 483.92, 179.52, 0.00173168
PHY_125, 483.92, 179.52, 0.00173168
output65, 483.92, 179.52, 0.00173168
FILLER_0_61_1028, 483.92, 179.52, 0.00173168
FILLER_0_62_1032, 483.92, 179.52, 0.00173168
hold242, 15.33, 179.52, 0.00293716
FILLER_0_61_20, 15.33, 179.52, 0.00293716
FILLER_0_63_27, 15.33, 179.52, 0.00293716
_12071_, 37.94, 179.52, 0.00283078
_12077_, 37.94, 179.52, 0.00283078
_12103_, 37.94, 179.52, 0.00283078
_15733_, 37.94, 179.52, 0.00283078
hold243, 37.94, 179.52, 0.00283078
FILLER_0_61_57, 37.94, 179.52, 0.00283078
FILLER_0_61_65, 37.94, 179.52, 0.00283078
FILLER_0_62_63, 37.94, 179.52, 0.00283078
_12058_, 50.74, 179.52, 0.00272323
_12229_, 50.74, 179.52, 0.00272323
_15717_, 50.74, 179.52, 0.00272323
hold214, 50.74, 179.52, 0.00272323
_12070_, 63.54, 179.52, 0.00261152
_12207_, 63.54, 179.52, 0.00261152
_12222_, 63.54, 179.52, 0.00261152
_12223_, 63.54, 179.52, 0.00261152
hold198, 63.54, 179.52, 0.00261152
FILLER_0_61_113, 63.54, 179.52, 0.00261152
FILLER_0_61_121, 63.54, 179.52, 0.00261152
FILLER_0_63_134, 63.54, 179.52, 0.00261152
_11078_, 76.34, 179.52, 0.00249938
hold78, 76.34, 179.52, 0.00249938
FILLER_0_62_161, 76.34, 179.52, 0.00249938
FILLER_0_63_163, 76.34, 179.52, 0.00249938
_14542_, 89.14, 179.52, 0.00238517
_14543_, 89.14, 179.52, 0.00238517
_14546_, 89.14, 179.52, 0.00238517
_16497_, 89.14, 179.52, 0.00238517
FILLER_0_61_169, 89.14, 179.52, 0.00238517
FILLER_0_62_169, 89.14, 179.52, 0.00238517
FILLER_0_62_191, 89.14, 179.52, 0.00238517
_12168_, 101.94, 179.52, 0.00226731
_15686_, 101.94, 179.52, 0.00226731
_15687_, 101.94, 179.52, 0.00226731
hold11, 101.94, 179.52, 0.00226731
FILLER_0_62_197, 101.94, 179.52, 0.00226731
_15671_, 114.74, 179.52, 0.00214263
hold8, 114.74, 179.52, 0.00214263
FILLER_0_61_225, 114.74, 179.52, 0.00214263
FILLER_0_63_251, 114.74, 179.52, 0.00214263
_15433_, 127.54, 179.52, 0.00201454
hold36, 127.54, 179.52, 0.00201454
FILLER_0_62_253, 127.54, 179.52, 0.00201454
_12099_, 140.34, 179.52, 0.00188303
hold40, 140.34, 179.52, 0.00188303
FILLER_0_61_281, 140.34, 179.52, 0.00188303
FILLER_0_62_280, 140.34, 179.52, 0.00188303
_12119_, 153.14, 179.52, 0.00175143
_15655_, 153.14, 179.52, 0.00175143
FILLER_0_62_309, 153.14, 179.52, 0.00175143
FILLER_0_63_331, 153.14, 179.52, 0.00175143
_12625_, 165.94, 179.52, 0.00161643
_15805_, 165.94, 179.52, 0.00161643
FILLER_0_61_337, 165.94, 179.52, 0.00161643
FILLER_0_62_343, 165.94, 179.52, 0.00161643
FILLER_0_63_362, 165.94, 179.52, 0.00161643
_15803_, 191.54, 179.52, 0.00151504
hold263, 191.54, 179.52, 0.00151504
hold296, 191.54, 179.52, 0.00151504
FILLER_0_62_413, 191.54, 179.52, 0.00151504
_08468_, 204.34, 179.52, 0.00154791
_12526_, 204.34, 179.52, 0.00154791
_12531_, 204.34, 179.52, 0.00154791
_12630_, 204.34, 179.52, 0.00154791
FILLER_0_62_437, 204.34, 179.52, 0.00154791
FILLER_0_63_437, 204.34, 179.52, 0.00154791
clkbuf_leaf_184_clk, 217.14, 179.52, 0.00157875
hold1103, 217.14, 179.52, 0.00157875
FILLER_0_61_449, 217.14, 179.52, 0.00157875
FILLER_0_62_472, 217.14, 179.52, 0.00157875
FILLER_0_63_470, 217.14, 179.52, 0.00157875
_12722_, 229.94, 179.52, 0.00158452
_12724_, 229.94, 179.52, 0.00158452
_12725_, 229.94, 179.52, 0.00158452
_15809_, 229.94, 179.52, 0.00158452
FILLER_0_62_489, 229.94, 179.52, 0.00158452
FILLER_0_63_494, 229.94, 179.52, 0.00158452
_08511_, 242.74, 179.52, 0.00158609
_12509_, 242.74, 179.52, 0.00158609
_15774_, 242.74, 179.52, 0.00158609
hold326, 242.74, 179.52, 0.00158609
FILLER_0_62_529, 242.74, 179.52, 0.00158609
_08531_, 255.54, 179.52, 0.00158119
_12513_, 255.54, 179.52, 0.00158119
_15772_, 255.54, 179.52, 0.00158119
_15776_, 255.54, 179.52, 0.00158119
_15775_, 268.34, 179.52, 0.00156635
hold293, 268.34, 179.52, 0.00156635
FILLER_0_61_569, 268.34, 179.52, 0.00156635
FILLER_0_62_581, 268.34, 179.52, 0.00156635
_10029_, 281.14, 179.52, 0.00154572
FILLER_0_61_595, 281.14, 179.52, 0.00154572
FILLER_0_63_611, 281.14, 179.52, 0.00154572
_12385_, 293.94, 179.52, 0.00152367
FILLER_0_61_617, 293.94, 179.52, 0.00152367
FILLER_0_62_637, 293.94, 179.52, 0.00152367
FILLER_0_63_638, 293.94, 179.52, 0.00152367
_09868_, 306.74, 179.52, 0.00150057
_09877_, 306.74, 179.52, 0.00150057
_10009_, 306.74, 179.52, 0.00150057
_10672_, 306.74, 179.52, 0.00150057
FILLER_0_61_652, 306.74, 179.52, 0.00150057
_09999_, 319.54, 179.52, 0.00147525
_11851_, 319.54, 179.52, 0.00147525
clkbuf_4_6_0_clk, 319.54, 179.52, 0.00147525
ANTENNA_123, 319.54, 179.52, 0.00147525
FILLER_0_61_673, 319.54, 179.52, 0.00147525
FILLER_0_63_689, 319.54, 179.52, 0.00147525
_08504_, 344.971, 179.52, 0.00148191
_13808_, 344.971, 179.52, 0.00148191
hold1408, 344.971, 179.52, 0.00148191
_11355_, 357.603, 179.52, 0.00156153
_13812_, 357.603, 179.52, 0.00156153
_16263_, 357.603, 179.52, 0.00156153
FILLER_0_62_753, 357.603, 179.52, 0.00156153
_12858_, 370.235, 179.52, 0.00163278
clkbuf_4_7_0_clk, 370.235, 179.52, 0.00163278
ANTENNA_124, 370.235, 179.52, 0.00163278
FILLER_0_61_781, 370.235, 179.52, 0.00163278
FILLER_0_61_785, 370.235, 179.52, 0.00163278
FILLER_0_62_788, 370.235, 179.52, 0.00163278
_12868_, 382.866, 179.52, 0.00164948
_12019_, 395.498, 179.52, 0.00166526
_12020_, 395.498, 179.52, 0.00166526
FILLER_0_62_852, 395.498, 179.52, 0.00166526
_11424_, 408.13, 179.52, 0.00168098
_12023_, 408.13, 179.52, 0.00168098
_15341_, 408.13, 179.52, 0.00168098
_11426_, 420.761, 179.52, 0.00169316
_12027_, 420.761, 179.52, 0.00169316
_12028_, 420.761, 179.52, 0.00169316
hold398, 420.761, 179.52, 0.00169316
FILLER_0_61_890, 420.761, 179.52, 0.00169316
_11354_, 433.393, 179.52, 0.0017051
FILLER_0_62_937, 433.393, 179.52, 0.0017051
_09700_, 446.025, 179.52, 0.00171698
_13927_, 446.025, 179.52, 0.00171698
_16325_, 446.025, 179.52, 0.00171698
FILLER_0_61_953, 446.025, 179.52, 0.00171698
_09701_, 458.656, 179.52, 0.00172535
_09735_, 458.656, 179.52, 0.00172535
_15226_, 458.656, 179.52, 0.00172535
FILLER_0_61_978, 458.656, 179.52, 0.00172535
FILLER_0_62_974, 458.656, 179.52, 0.00172535
FILLER_0_62_981, 458.656, 179.52, 0.00172535
_08598_, 471.288, 179.52, 0.00173034
_08607_, 471.288, 179.52, 0.00173034
_15230_, 471.288, 179.52, 0.00173034
FILLER_0_61_1009, 471.288, 179.52, 0.00173034
FILLER_0_62_1013, 471.288, 179.52, 0.00173034
FILLER_0_62_1021, 471.288, 179.52, 0.00173034
_15652_, 5.52, 174.08, 0.00300751
PHY_118, 5.52, 174.08, 0.00300751
PHY_120, 5.52, 174.08, 0.00300751
FILLER_0_60_3, 5.52, 174.08, 0.00300751
PHY_119, 483.92, 174.08, 0.00173893
PHY_121, 483.92, 174.08, 0.00173893
FILLER_0_59_1033, 483.92, 174.08, 0.00173893
_11517_, 15.33, 174.08, 0.00300489
_11582_, 15.33, 174.08, 0.00300489
_15636_, 15.33, 174.08, 0.00300489
hold136, 15.33, 174.08, 0.00300489
hold197, 15.33, 174.08, 0.00300489
hold203, 15.33, 174.08, 0.00300489
_12101_, 37.94, 174.08, 0.00295628
_12171_, 37.94, 174.08, 0.00295628
_15737_, 37.94, 174.08, 0.00295628
hold154, 37.94, 174.08, 0.00295628
FILLER_0_59_64, 37.94, 174.08, 0.00295628
FILLER_0_60_74, 37.94, 174.08, 0.00295628
_12164_, 50.74, 174.08, 0.0029096
hold174, 50.74, 174.08, 0.0029096
hold205, 50.74, 174.08, 0.0029096
FILLER_0_59_97, 50.74, 174.08, 0.0029096
FILLER_0_60_112, 50.74, 174.08, 0.0029096
_12150_, 63.54, 174.08, 0.00286264
_12255_, 63.54, 174.08, 0.00286264
_15620_, 63.54, 174.08, 0.00286264
_15716_, 63.54, 174.08, 0.00286264
_15732_, 63.54, 174.08, 0.00286264
hold123, 63.54, 174.08, 0.00286264
FILLER_0_59_120, 63.54, 174.08, 0.00286264
_11179_, 76.34, 174.08, 0.00280511
_11516_, 76.34, 174.08, 0.00280511
_16366_, 76.34, 174.08, 0.00280511
FILLER_0_60_162, 76.34, 174.08, 0.00280511
FILLER_0_61_156, 76.34, 174.08, 0.00280511
FILLER_0_61_164, 76.34, 174.08, 0.00280511
_11090_, 89.14, 174.08, 0.00274284
_11494_, 89.14, 174.08, 0.00274284
_12254_, 89.14, 174.08, 0.00274284
_16498_, 89.14, 174.08, 0.00274284
hold118, 89.14, 174.08, 0.00274284
FILLER_0_60_172, 89.14, 174.08, 0.00274284
FILLER_0_60_191, 89.14, 174.08, 0.00274284
_12096_, 101.94, 174.08, 0.0026712
_12166_, 101.94, 174.08, 0.0026712
_12260_, 101.94, 174.08, 0.0026712
_15670_, 101.94, 174.08, 0.0026712
clkbuf_4_2_0_clk, 101.94, 174.08, 0.0026712
FILLER_0_59_200, 101.94, 174.08, 0.0026712
FILLER_0_61_218, 101.94, 174.08, 0.0026712
_11205_, 114.74, 174.08, 0.0025362
_11214_, 114.74, 174.08, 0.0025362
_12143_, 114.74, 174.08, 0.0025362
hold29, 114.74, 174.08, 0.0025362
hold37, 114.74, 174.08, 0.0025362
FILLER_0_60_234, 114.74, 174.08, 0.0025362
FILLER_0_60_247, 114.74, 174.08, 0.0025362
_11220_, 127.54, 174.08, 0.00239775
FILLER_0_59_252, 127.54, 174.08, 0.00239775
FILLER_0_60_277, 127.54, 174.08, 0.00239775
FILLER_0_61_269, 127.54, 174.08, 0.00239775
FILLER_0_61_277, 127.54, 174.08, 0.00239775
_12097_, 140.34, 174.08, 0.00225736
_12098_, 140.34, 174.08, 0.00225736
_15638_, 140.34, 174.08, 0.00225736
_15639_, 140.34, 174.08, 0.00225736
clkbuf_leaf_22_clk, 140.34, 174.08, 0.00225736
hold19, 140.34, 174.08, 0.00225736
FILLER_0_59_281, 140.34, 174.08, 0.00225736
FILLER_0_60_303, 140.34, 174.08, 0.00225736
_12122_, 153.14, 174.08, 0.00209252
_12123_, 153.14, 174.08, 0.00209252
_15656_, 153.14, 174.08, 0.00209252
hold51, 153.14, 174.08, 0.00209252
hold81, 153.14, 174.08, 0.00209252
FILLER_0_60_333, 153.14, 174.08, 0.00209252
FILLER_0_61_333, 153.14, 174.08, 0.00209252
_11098_, 165.94, 174.08, 0.00192411
_11852_, 165.94, 174.08, 0.00192411
_12627_, 165.94, 174.08, 0.00192411
_15537_, 165.94, 174.08, 0.00192411
clkbuf_4_3_0_clk, 165.94, 174.08, 0.00192411
hold281, 165.94, 174.08, 0.00192411
FILLER_0_60_347, 165.94, 174.08, 0.00192411
FILLER_0_60_359, 165.94, 174.08, 0.00192411
_15810_, 191.54, 174.08, 0.00171973
_08486_, 204.34, 174.08, 0.00174067
_08487_, 204.34, 174.08, 0.00174067
_12524_, 204.34, 174.08, 0.00174067
_12631_, 204.34, 174.08, 0.00174067
_12635_, 204.34, 174.08, 0.00174067
_12638_, 204.34, 174.08, 0.00174067
FILLER_0_61_437, 204.34, 174.08, 0.00174067
_12717_, 217.14, 174.08, 0.00176034
_15779_, 217.14, 174.08, 0.00176034
_15783_, 217.14, 174.08, 0.00176034
hold1064, 217.14, 174.08, 0.00176034
_12637_, 229.94, 174.08, 0.00176957
_12718_, 229.94, 174.08, 0.00176957
_12720_, 229.94, 174.08, 0.00176957
_12721_, 229.94, 174.08, 0.00176957
_15850_, 229.94, 174.08, 0.00176957
FILLER_0_61_491, 229.94, 174.08, 0.00176957
_12380_, 242.74, 174.08, 0.00176156
_12506_, 242.74, 174.08, 0.00176156
_15773_, 242.74, 174.08, 0.00176156
FILLER_0_60_504, 242.74, 174.08, 0.00176156
FILLER_0_60_522, 242.74, 174.08, 0.00176156
_12501_, 255.54, 174.08, 0.00174787
_12516_, 255.54, 174.08, 0.00174787
hold332, 255.54, 174.08, 0.00174787
_10424_, 268.34, 174.08, 0.00173165
_15832_, 268.34, 174.08, 0.00173165
hold316, 268.34, 174.08, 0.00173165
FILLER_0_59_561, 268.34, 174.08, 0.00173165
FILLER_0_60_583, 268.34, 174.08, 0.00173165
FILLER_0_61_577, 268.34, 174.08, 0.00173165
_10270_, 281.14, 174.08, 0.00170468
_10731_, 281.14, 174.08, 0.00170468
_10732_, 281.14, 174.08, 0.00170468
_12382_, 281.14, 174.08, 0.00170468
_12383_, 281.14, 174.08, 0.00170468
_12384_, 281.14, 174.08, 0.00170468
hold509, 281.14, 174.08, 0.00170468
FILLER_0_59_591, 281.14, 174.08, 0.00170468
FILLER_0_60_589, 281.14, 174.08, 0.00170468
FILLER_0_61_612, 281.14, 174.08, 0.00170468
_10202_, 293.94, 174.08, 0.0016696
_10739_, 293.94, 174.08, 0.0016696
_12386_, 293.94, 174.08, 0.0016696
ANTENNA_65, 293.94, 174.08, 0.0016696
ANTENNA_66, 293.94, 174.08, 0.0016696
FILLER_0_60_621, 293.94, 174.08, 0.0016696
FILLER_0_60_639, 293.94, 174.08, 0.0016696
_09873_, 306.74, 174.08, 0.00163322
_09988_, 306.74, 174.08, 0.00163322
_10014_, 306.74, 174.08, 0.00163322
_10120_, 306.74, 174.08, 0.00163322
_10203_, 306.74, 174.08, 0.00163322
_11841_, 306.74, 174.08, 0.00163322
ANTENNA_114, 306.74, 174.08, 0.00163322
FILLER_0_60_665, 306.74, 174.08, 0.00163322
FILLER_0_61_666, 306.74, 174.08, 0.00163322
_11842_, 319.54, 174.08, 0.00158631
_11850_, 319.54, 174.08, 0.00158631
_15533_, 319.54, 174.08, 0.00158631
_15536_, 319.54, 174.08, 0.00158631
FILLER_0_59_673, 319.54, 174.08, 0.00158631
FILLER_0_61_688, 319.54, 174.08, 0.00158631
_08501_, 344.971, 174.08, 0.00159685
_13814_, 344.971, 174.08, 0.00159685
_13815_, 344.971, 174.08, 0.00159685
_13816_, 344.971, 174.08, 0.00159685
clkbuf_leaf_143_clk, 344.971, 174.08, 0.00159685
FILLER_0_60_734, 344.971, 174.08, 0.00159685
FILLER_0_60_742, 344.971, 174.08, 0.00159685
FILLER_0_61_744, 344.971, 174.08, 0.00159685
_08575_, 357.603, 174.08, 0.00163701
_11359_, 357.603, 174.08, 0.00163701
_11361_, 357.603, 174.08, 0.00163701
_16260_, 357.603, 174.08, 0.00163701
FILLER_0_60_757, 357.603, 174.08, 0.00163701
FILLER_0_60_765, 357.603, 174.08, 0.00163701
_12741_, 370.235, 174.08, 0.00165817
_12857_, 370.235, 174.08, 0.00165817
FILLER_0_59_785, 370.235, 174.08, 0.00165817
_07387_, 382.866, 174.08, 0.00167771
_07394_, 382.866, 174.08, 0.00167771
_12876_, 382.866, 174.08, 0.00167771
FILLER_0_59_814, 382.866, 174.08, 0.00167771
_12773_, 395.498, 174.08, 0.00169485
_12877_, 395.498, 174.08, 0.00169485
_12889_, 395.498, 174.08, 0.00169485
_12774_, 408.13, 174.08, 0.00171002
_15339_, 408.13, 174.08, 0.00171002
hold428, 408.13, 174.08, 0.00171002
FILLER_0_60_878, 408.13, 174.08, 0.00171002
_09597_, 420.761, 174.08, 0.00172102
_11428_, 420.761, 174.08, 0.00172102
_15343_, 420.761, 174.08, 0.00172102
hold405, 420.761, 174.08, 0.00172102
FILLER_0_61_904, 420.761, 174.08, 0.00172102
_09598_, 433.393, 174.08, 0.00172831
_11446_, 433.393, 174.08, 0.00172831
_12029_, 433.393, 174.08, 0.00172831
FILLER_0_59_926, 433.393, 174.08, 0.00172831
FILLER_0_60_928, 433.393, 174.08, 0.00172831
_11450_, 446.025, 174.08, 0.00173543
_15359_, 446.025, 174.08, 0.00173543
hold471, 446.025, 174.08, 0.00173543
hold507, 446.025, 174.08, 0.00173543
hold827, 446.025, 174.08, 0.00173543
FILLER_0_60_945, 446.025, 174.08, 0.00173543
FILLER_0_61_966, 446.025, 174.08, 0.00173543
_08570_, 458.656, 174.08, 0.00173889
_09631_, 458.656, 174.08, 0.00173889
_09632_, 458.656, 174.08, 0.00173889
_09734_, 458.656, 174.08, 0.00173889
_15210_, 458.656, 174.08, 0.00173889
FILLER_0_59_980, 458.656, 174.08, 0.00173889
_09739_, 471.288, 174.08, 0.00173893
_09743_, 471.288, 174.08, 0.00173893
FILLER_0_59_1000, 471.288, 174.08, 0.00173893
FILLER_0_59_1009, 471.288, 174.08, 0.00173893
FILLER_0_60_1004, 471.288, 174.08, 0.00173893
_15429_, 5.52, 168.64, 0.00303119
PHY_114, 5.52, 168.64, 0.00303119
PHY_116, 5.52, 168.64, 0.00303119
FILLER_0_59_3, 5.52, 168.64, 0.00303119
PHY_115, 483.92, 168.64, 0.00220463
PHY_117, 483.92, 168.64, 0.00220463
FILLER_0_57_1029, 483.92, 168.64, 0.00220463
FILLER_0_58_1033, 483.92, 168.64, 0.00220463
_11180_, 15.33, 168.64, 0.00302857
_12094_, 15.33, 168.64, 0.00302857
_15434_, 15.33, 168.64, 0.00302857
clkbuf_leaf_11_clk, 15.33, 168.64, 0.00302857
_11087_, 37.94, 168.64, 0.00292542
_15673_, 37.94, 168.64, 0.00292542
_15689_, 37.94, 168.64, 0.00292542
_12126_, 50.74, 168.64, 0.00283605
_12128_, 50.74, 168.64, 0.00283605
_12152_, 50.74, 168.64, 0.00283605
_15668_, 50.74, 168.64, 0.00283605
_15684_, 50.74, 168.64, 0.00283605
hold194, 50.74, 168.64, 0.00283605
FILLER_0_58_107, 50.74, 168.64, 0.00283605
_11568_, 63.54, 168.64, 0.00273867
_12080_, 63.54, 168.64, 0.00273867
_12442_, 63.54, 168.64, 0.00273867
hold90, 63.54, 168.64, 0.00273867
FILLER_0_57_121, 63.54, 168.64, 0.00273867
FILLER_0_58_130, 63.54, 168.64, 0.00273867
_08465_, 76.34, 168.64, 0.00264081
_14308_, 76.34, 168.64, 0.00264081
hold145, 76.34, 168.64, 0.00264081
FILLER_0_57_142, 76.34, 168.64, 0.00264081
FILLER_0_58_141, 76.34, 168.64, 0.00264081
FILLER_0_58_149, 76.34, 168.64, 0.00264081
_14351_, 89.14, 168.64, 0.00254165
_14373_, 89.14, 168.64, 0.00254165
_14395_, 89.14, 168.64, 0.00254165
FILLER_0_57_169, 89.14, 168.64, 0.00254165
_12142_, 101.94, 168.64, 0.00244219
_12144_, 101.94, 168.64, 0.00244219
_12167_, 101.94, 168.64, 0.00244219
_12170_, 101.94, 168.64, 0.00244219
_12695_, 101.94, 168.64, 0.00244219
_11221_, 114.74, 168.64, 0.00234229
_12145_, 114.74, 168.64, 0.00234229
_12146_, 114.74, 168.64, 0.00234229
_12169_, 114.74, 168.64, 0.00234229
hold17, 114.74, 168.64, 0.00234229
hold35, 114.74, 168.64, 0.00234229
FILLER_0_57_225, 114.74, 168.64, 0.00234229
_11223_, 127.54, 168.64, 0.00224037
_15640_, 127.54, 168.64, 0.00224037
_15672_, 127.54, 168.64, 0.00224037
FILLER_0_58_262, 127.54, 168.64, 0.00224037
_12100_, 140.34, 168.64, 0.00213035
_12265_, 140.34, 168.64, 0.00213035
hold14, 140.34, 168.64, 0.00213035
FILLER_0_58_302, 140.34, 168.64, 0.00213035
_11522_, 153.14, 168.64, 0.0020194
_11527_, 153.14, 168.64, 0.0020194
_12120_, 153.14, 168.64, 0.0020194
_15538_, 153.14, 168.64, 0.0020194
FILLER_0_57_317, 153.14, 168.64, 0.0020194
_11855_, 165.94, 168.64, 0.00190299
_11857_, 165.94, 168.64, 0.00190299
_11861_, 165.94, 168.64, 0.00190299
_12530_, 165.94, 168.64, 0.00190299
_15543_, 165.94, 168.64, 0.00190299
hold567, 165.94, 168.64, 0.00190299
hold673, 165.94, 168.64, 0.00190299
_12527_, 191.54, 168.64, 0.00182412
_12615_, 191.54, 168.64, 0.00182412
_12616_, 191.54, 168.64, 0.00182412
_12629_, 191.54, 168.64, 0.00182412
_12639_, 191.54, 168.64, 0.00182412
_12640_, 191.54, 168.64, 0.00182412
hold303, 191.54, 168.64, 0.00182412
FILLER_0_59_410, 191.54, 168.64, 0.00182412
_12510_, 204.34, 168.64, 0.00186617
_12535_, 204.34, 168.64, 0.00186617
_15811_, 204.34, 168.64, 0.00186617
FILLER_0_58_433, 204.34, 168.64, 0.00186617
FILLER_0_58_441, 204.34, 168.64, 0.00186617
_11829_, 217.14, 168.64, 0.00190249
_12562_, 217.14, 168.64, 0.00190249
hold1491, 217.14, 168.64, 0.00190249
FILLER_0_57_449, 217.14, 168.64, 0.00190249
FILLER_0_58_448, 217.14, 168.64, 0.00190249
FILLER_0_58_465, 217.14, 168.64, 0.00190249
FILLER_0_58_473, 217.14, 168.64, 0.00190249
FILLER_0_59_465, 217.14, 168.64, 0.00190249
_12719_, 229.94, 168.64, 0.00193665
_15739_, 229.94, 168.64, 0.00193665
FILLER_0_57_484, 229.94, 168.64, 0.00193665
FILLER_0_58_481, 229.94, 168.64, 0.00193665
FILLER_0_59_494, 229.94, 168.64, 0.00193665
_08466_, 242.74, 168.64, 0.00196016
_12378_, 242.74, 168.64, 0.00196016
clkbuf_leaf_185_clk, 242.74, 168.64, 0.00196016
FILLER_0_58_512, 242.74, 168.64, 0.00196016
FILLER_0_58_525, 242.74, 168.64, 0.00196016
_15777_, 255.54, 168.64, 0.00196448
clkbuf_leaf_179_clk, 255.54, 168.64, 0.00196448
FILLER_0_58_545, 255.54, 168.64, 0.00196448
FILLER_0_59_553, 255.54, 168.64, 0.00196448
_08539_, 268.34, 168.64, 0.00194018
_10346_, 268.34, 168.64, 0.00194018
_12690_, 268.34, 168.64, 0.00194018
ANTENNA_70, 268.34, 168.64, 0.00194018
_10740_, 281.14, 168.64, 0.00190492
_12381_, 281.14, 168.64, 0.00190492
_12646_, 281.14, 168.64, 0.00190492
_15813_, 281.14, 168.64, 0.00190492
FILLER_0_58_605, 281.14, 168.64, 0.00190492
FILLER_0_59_604, 281.14, 168.64, 0.00190492
FILLER_0_59_613, 281.14, 168.64, 0.00190492
_10015_, 293.94, 168.64, 0.0018568
_10016_, 293.94, 168.64, 0.0018568
_10195_, 293.94, 168.64, 0.0018568
_10196_, 293.94, 168.64, 0.0018568
_10197_, 293.94, 168.64, 0.0018568
_10608_, 293.94, 168.64, 0.0018568
_10738_, 293.94, 168.64, 0.0018568
FILLER_0_57_617, 293.94, 168.64, 0.0018568
FILLER_0_58_623, 293.94, 168.64, 0.0018568
FILLER_0_58_630, 293.94, 168.64, 0.0018568
FILLER_0_59_637, 293.94, 168.64, 0.0018568
_10018_, 306.74, 168.64, 0.00179909
_10022_, 306.74, 168.64, 0.00179909
_10607_, 306.74, 168.64, 0.00179909
_10737_, 306.74, 168.64, 0.00179909
FILLER_0_59_662, 306.74, 168.64, 0.00179909
_10023_, 319.54, 168.64, 0.00173891
FILLER_0_58_695, 319.54, 168.64, 0.00173891
_12865_, 344.971, 168.64, 0.00173325
_12891_, 344.971, 168.64, 0.00173325
_12897_, 344.971, 168.64, 0.00173325
_13811_, 344.971, 168.64, 0.00173325
_08574_, 357.603, 168.64, 0.00179067
_11353_, 357.603, 168.64, 0.00179067
FILLER_0_57_765, 357.603, 168.64, 0.00179067
_07385_, 370.235, 168.64, 0.00184455
_12742_, 370.235, 168.64, 0.00184455
FILLER_0_58_784, 370.235, 168.64, 0.00184455
FILLER_0_58_801, 370.235, 168.64, 0.00184455
_12760_, 382.866, 168.64, 0.0018976
FILLER_0_58_809, 382.866, 168.64, 0.0018976
FILLER_0_58_813, 382.866, 168.64, 0.0018976
_07402_, 395.498, 168.64, 0.00194999
_12761_, 395.498, 168.64, 0.00194999
_12896_, 395.498, 168.64, 0.00194999
FILLER_0_57_835, 395.498, 168.64, 0.00194999
FILLER_0_58_853, 395.498, 168.64, 0.00194999
FILLER_0_59_850, 395.498, 168.64, 0.00194999
_12890_, 408.13, 168.64, 0.00200094
FILLER_0_59_887, 408.13, 168.64, 0.00200094
_08572_, 420.761, 168.64, 0.00205129
_08573_, 420.761, 168.64, 0.00205129
_09594_, 420.761, 168.64, 0.00205129
_11425_, 420.761, 168.64, 0.00205129
_15162_, 420.761, 168.64, 0.00205129
FILLER_0_58_890, 420.761, 168.64, 0.00205129
FILLER_0_58_901, 420.761, 168.64, 0.00205129
_15340_, 433.393, 168.64, 0.00209744
_15355_, 433.393, 168.64, 0.00209744
hold539, 433.393, 168.64, 0.00209744
FILLER_0_58_918, 433.393, 168.64, 0.00209744
_11448_, 446.025, 168.64, 0.00213662
_15357_, 446.025, 168.64, 0.00213662
FILLER_0_57_946, 446.025, 168.64, 0.00213662
FILLER_0_57_953, 446.025, 168.64, 0.00213662
FILLER_0_58_970, 446.025, 168.64, 0.00213662
FILLER_0_59_969, 446.025, 168.64, 0.00213662
_09738_, 458.656, 168.64, 0.00217234
_09742_, 458.656, 168.64, 0.00217234
_09744_, 458.656, 168.64, 0.00217234
_15178_, 458.656, 168.64, 0.00217234
FILLER_0_57_974, 458.656, 168.64, 0.00217234
FILLER_0_57_982, 458.656, 168.64, 0.00217234
FILLER_0_58_981, 458.656, 168.64, 0.00217234
FILLER_0_59_986, 458.656, 168.64, 0.00217234
_08571_, 471.288, 168.64, 0.00220463
_09745_, 471.288, 168.64, 0.00220463
_15228_, 471.288, 168.64, 0.00220463
_15231_, 471.288, 168.64, 0.00220463
clkbuf_leaf_153_clk, 471.288, 168.64, 0.00220463
FILLER_0_58_1013, 471.288, 168.64, 0.00220463
PHY_110, 5.52, 163.2, 0.00300127
PHY_112, 5.52, 163.2, 0.00300127
output76, 5.52, 163.2, 0.00300127
PHY_111, 483.92, 163.2, 0.00209716
PHY_113, 483.92, 163.2, 0.00209716
input8, 483.92, 163.2, 0.00209716
_11570_, 15.33, 163.2, 0.00300023
FILLER_0_56_21, 15.33, 163.2, 0.00300023
_11229_, 37.94, 163.2, 0.00292869
_12147_, 37.94, 163.2, 0.00292869
_15755_, 37.94, 163.2, 0.00292869
FILLER_0_56_60, 37.94, 163.2, 0.00292869
FILLER_0_57_76, 37.94, 163.2, 0.00292869
_12140_, 50.74, 163.2, 0.00285434
_12141_, 50.74, 163.2, 0.00285434
hold80, 50.74, 163.2, 0.00285434
FILLER_0_56_93, 50.74, 163.2, 0.00285434
_11181_, 63.54, 163.2, 0.00277974
_14526_, 63.54, 163.2, 0.00277974
FILLER_0_56_117, 63.54, 163.2, 0.00277974
FILLER_0_56_137, 63.54, 163.2, 0.00277974
_11182_, 76.34, 163.2, 0.00270433
_11230_, 76.34, 163.2, 0.00270433
FILLER_0_56_141, 76.34, 163.2, 0.00270433
FILLER_0_57_157, 76.34, 163.2, 0.00270433
FILLER_0_57_165, 76.34, 163.2, 0.00270433
_11178_, 89.14, 163.2, 0.00262752
_11231_, 89.14, 163.2, 0.00262752
_14409_, 89.14, 163.2, 0.00262752
_16430_, 89.14, 163.2, 0.00262752
hold70, 89.14, 163.2, 0.00262752
FILLER_0_55_172, 89.14, 163.2, 0.00262752
FILLER_0_56_177, 89.14, 163.2, 0.00262752
FILLER_0_57_183, 89.14, 163.2, 0.00262752
_12709_, 101.94, 163.2, 0.00254611
_15844_, 101.94, 163.2, 0.00254611
hold64, 101.94, 163.2, 0.00254611
FILLER_0_56_213, 101.94, 163.2, 0.00254611
FILLER_0_56_221, 101.94, 163.2, 0.00254611
FILLER_0_57_215, 101.94, 163.2, 0.00254611
_15688_, 114.74, 163.2, 0.00246108
_11222_, 127.54, 163.2, 0.0023727
FILLER_0_56_253, 127.54, 163.2, 0.0023727
FILLER_0_57_269, 127.54, 163.2, 0.0023727
FILLER_0_57_277, 127.54, 163.2, 0.0023727
_11907_, 140.34, 163.2, 0.00228314
clkbuf_leaf_21_clk, 140.34, 163.2, 0.00228314
FILLER_0_56_301, 140.34, 163.2, 0.00228314
_12051_, 153.14, 163.2, 0.00216919
_15546_, 153.14, 163.2, 0.00216919
_15548_, 153.14, 163.2, 0.00216919
_11856_, 165.94, 163.2, 0.00204539
_11885_, 165.94, 163.2, 0.00204539
hold1453, 165.94, 163.2, 0.00204539
FILLER_0_55_337, 165.94, 163.2, 0.00204539
FILLER_0_56_337, 165.94, 163.2, 0.00204539
FILLER_0_56_353, 165.94, 163.2, 0.00204539
FILLER_0_56_361, 165.94, 163.2, 0.00204539
_11973_, 191.54, 163.2, 0.00196349
_12641_, 191.54, 163.2, 0.00196349
clkbuf_leaf_187_clk, 191.54, 163.2, 0.00196349
FILLER_0_56_397, 191.54, 163.2, 0.00196349
FILLER_0_56_403, 191.54, 163.2, 0.00196349
_12533_, 204.34, 163.2, 0.00198218
_12534_, 204.34, 163.2, 0.00198218
_12628_, 204.34, 163.2, 0.00198218
_12634_, 204.34, 163.2, 0.00198218
_12642_, 204.34, 163.2, 0.00198218
hold919, 204.34, 163.2, 0.00198218
FILLER_0_57_445, 204.34, 163.2, 0.00198218
_15790_, 217.14, 163.2, 0.00199794
_15808_, 217.14, 163.2, 0.00199794
hold1593, 217.14, 163.2, 0.00199794
FILLER_0_55_449, 217.14, 163.2, 0.00199794
FILLER_0_56_470, 217.14, 163.2, 0.00199794
_08488_, 229.94, 163.2, 0.00200195
_09805_, 229.94, 163.2, 0.00200195
_12441_, 229.94, 163.2, 0.00200195
FILLER_0_56_489, 229.94, 163.2, 0.00200195
FILLER_0_56_498, 229.94, 163.2, 0.00200195
FILLER_0_57_492, 229.94, 163.2, 0.00200195
_12542_, 242.74, 163.2, 0.00200489
_15784_, 242.74, 163.2, 0.00200489
_15789_, 242.74, 163.2, 0.00200489
hold1483, 242.74, 163.2, 0.00200489
_12512_, 255.54, 163.2, 0.00199129
_12515_, 255.54, 163.2, 0.00199129
_12518_, 255.54, 163.2, 0.00199129
_12519_, 255.54, 163.2, 0.00199129
_12555_, 255.54, 163.2, 0.00199129
hold315, 255.54, 163.2, 0.00199129
_12692_, 268.34, 163.2, 0.00197225
_15831_, 268.34, 163.2, 0.00197225
_15833_, 268.34, 163.2, 0.00197225
hold304, 268.34, 163.2, 0.00197225
hold1566, 268.34, 163.2, 0.00197225
FILLER_0_56_575, 268.34, 163.2, 0.00197225
_10674_, 281.14, 163.2, 0.00194322
_12379_, 281.14, 163.2, 0.00194322
FILLER_0_56_601, 281.14, 163.2, 0.00194322
FILLER_0_57_609, 281.14, 163.2, 0.00194322
_10555_, 293.94, 163.2, 0.0019096
_10609_, 293.94, 163.2, 0.0019096
_10612_, 293.94, 163.2, 0.0019096
_10668_, 293.94, 163.2, 0.0019096
_10673_, 293.94, 163.2, 0.0019096
FILLER_0_56_623, 293.94, 163.2, 0.0019096
FILLER_0_56_636, 293.94, 163.2, 0.0019096
_10019_, 306.74, 163.2, 0.00187219
_10020_, 306.74, 163.2, 0.00187219
_10021_, 306.74, 163.2, 0.00187219
_10024_, 306.74, 163.2, 0.00187219
_10611_, 306.74, 163.2, 0.00187219
_10667_, 306.74, 163.2, 0.00187219
FILLER_0_56_645, 306.74, 163.2, 0.00187219
FILLER_0_57_667, 306.74, 163.2, 0.00187219
_13818_, 319.54, 163.2, 0.00183081
_15858_, 319.54, 163.2, 0.00183081
FILLER_0_56_669, 319.54, 163.2, 0.00183081
FILLER_0_57_691, 319.54, 163.2, 0.00183081
_12871_, 344.971, 163.2, 0.00183594
_12878_, 344.971, 163.2, 0.00183594
_13806_, 344.971, 163.2, 0.00183594
_13819_, 344.971, 163.2, 0.00183594
_16264_, 344.971, 163.2, 0.00183594
FILLER_0_56_738, 344.971, 163.2, 0.00183594
FILLER_0_56_750, 344.971, 163.2, 0.00183594
_08467_, 357.603, 163.2, 0.00188022
_08634_, 357.603, 163.2, 0.00188022
_12762_, 357.603, 163.2, 0.00188022
_15372_, 357.603, 163.2, 0.00188022
FILLER_0_56_774, 357.603, 163.2, 0.00188022
FILLER_0_57_774, 357.603, 163.2, 0.00188022
_07390_, 370.235, 163.2, 0.00192042
_11469_, 370.235, 163.2, 0.00192042
hold344, 370.235, 163.2, 0.00192042
FILLER_0_55_792, 370.235, 163.2, 0.00192042
FILLER_0_56_803, 370.235, 163.2, 0.00192042
FILLER_0_57_797, 370.235, 163.2, 0.00192042
_12870_, 382.866, 163.2, 0.00196004
_12969_, 382.866, 163.2, 0.00196004
ANTENNA_1, 382.866, 163.2, 0.00196004
FILLER_0_56_822, 382.866, 163.2, 0.00196004
_07406_, 395.498, 163.2, 0.00199912
_12779_, 395.498, 163.2, 0.00199912
ANTENNA_77, 395.498, 163.2, 0.00199912
FILLER_0_55_835, 395.498, 163.2, 0.00199912
FILLER_0_55_841, 395.498, 163.2, 0.00199912
FILLER_0_57_853, 395.498, 163.2, 0.00199912
_12780_, 408.13, 163.2, 0.00203726
_12970_, 408.13, 163.2, 0.00203726
_15889_, 408.13, 163.2, 0.00203726
FILLER_0_57_877, 408.13, 163.2, 0.00203726
_11429_, 420.761, 163.2, 0.00207152
_15344_, 420.761, 163.2, 0.00207152
clkbuf_leaf_156_clk, 420.761, 163.2, 0.00207152
hold384, 420.761, 163.2, 0.00207152
FILLER_0_55_890, 420.761, 163.2, 0.00207152
FILLER_0_56_916, 420.761, 163.2, 0.00207152
FILLER_0_57_913, 420.761, 163.2, 0.00207152
_12021_, 433.393, 163.2, 0.00208311
_15596_, 433.393, 163.2, 0.00208311
FILLER_0_55_917, 433.393, 163.2, 0.00208311
_11447_, 446.025, 163.2, 0.00209131
_11451_, 446.025, 163.2, 0.00209131
_15360_, 446.025, 163.2, 0.00209131
hold480, 446.025, 163.2, 0.00209131
hold657, 446.025, 163.2, 0.00209131
hold1039, 446.025, 163.2, 0.00209131
FILLER_0_55_947, 446.025, 163.2, 0.00209131
_09628_, 458.656, 163.2, 0.0020958
_09736_, 458.656, 163.2, 0.0020958
_09737_, 458.656, 163.2, 0.0020958
_15227_, 458.656, 163.2, 0.0020958
FILLER_0_56_976, 458.656, 163.2, 0.0020958
FILLER_0_55_1005, 471.288, 163.2, 0.00209648
FILLER_0_56_1026, 471.288, 163.2, 0.00209648
PHY_106, 5.52, 157.76, 0.00304396
PHY_108, 5.52, 157.76, 0.00304396
FILLER_0_54_3, 5.52, 157.76, 0.00304396
PHY_107, 483.92, 157.76, 0.00234888
PHY_109, 483.92, 157.76, 0.00234888
FILLER_0_54_1033, 483.92, 157.76, 0.00234888
_12118_, 15.33, 157.76, 0.00304396
_15398_, 15.33, 157.76, 0.00304396
hold107, 15.33, 157.76, 0.00304396
_12457_, 37.94, 157.76, 0.00299651
_12463_, 37.94, 157.76, 0.00299651
hold125, 37.94, 157.76, 0.00299651
hold199, 37.94, 157.76, 0.00299651
FILLER_0_54_70, 37.94, 157.76, 0.00299651
FILLER_0_54_81, 37.94, 157.76, 0.00299651
_12165_, 50.74, 157.76, 0.00295146
_12456_, 50.74, 157.76, 0.00295146
_14540_, 50.74, 157.76, 0.00295146
_15669_, 50.74, 157.76, 0.00295146
hold74, 50.74, 157.76, 0.00295146
_16494_, 63.54, 157.76, 0.00290265
clkbuf_leaf_9_clk, 63.54, 157.76, 0.00290265
hold85, 63.54, 157.76, 0.00290265
_16398_, 76.34, 157.76, 0.00282633
_16414_, 76.34, 157.76, 0.00282633
FILLER_0_54_141, 76.34, 157.76, 0.00282633
FILLER_0_55_165, 76.34, 157.76, 0.00282633
_14365_, 89.14, 157.76, 0.00274317
hold76, 89.14, 157.76, 0.00274317
hold229, 89.14, 157.76, 0.00274317
FILLER_0_54_179, 89.14, 157.76, 0.00274317
FILLER_0_54_190, 89.14, 157.76, 0.00274317
_11186_, 101.94, 157.76, 0.00265972
_12710_, 101.94, 157.76, 0.00265972
_14410_, 101.94, 157.76, 0.00265972
hold137, 101.94, 157.76, 0.00265972
FILLER_0_54_209, 101.94, 157.76, 0.00265972
FILLER_0_55_212, 101.94, 157.76, 0.00265972
_11224_, 114.74, 157.76, 0.00257526
_15845_, 114.74, 157.76, 0.00257526
hold111, 114.74, 157.76, 0.00257526
FILLER_0_54_239, 114.74, 157.76, 0.00257526
FILLER_0_54_248, 114.74, 157.76, 0.00257526
_11206_, 127.54, 157.76, 0.00248666
_11225_, 127.54, 157.76, 0.00248666
_15271_, 127.54, 157.76, 0.00248666
_15551_, 127.54, 157.76, 0.00248666
FILLER_0_55_273, 127.54, 157.76, 0.00248666
_11894_, 140.34, 157.76, 0.002377
_11900_, 140.34, 157.76, 0.002377
hold463, 140.34, 157.76, 0.002377
FILLER_0_53_281, 140.34, 157.76, 0.002377
_11895_, 153.14, 157.76, 0.00226614
hold421, 153.14, 157.76, 0.00226614
hold435, 153.14, 157.76, 0.00226614
hold448, 153.14, 157.76, 0.00226614
FILLER_0_54_309, 153.14, 157.76, 0.00226614
FILLER_0_55_333, 153.14, 157.76, 0.00226614
_09835_, 165.94, 157.76, 0.00215331
_11859_, 165.94, 157.76, 0.00215331
_11860_, 165.94, 157.76, 0.00215331
_11884_, 165.94, 157.76, 0.00215331
_09851_, 191.54, 157.76, 0.00206707
_15576_, 191.54, 157.76, 0.00206707
_15738_, 191.54, 157.76, 0.00206707
hold1523, 191.54, 157.76, 0.00206707
FILLER_0_54_413, 191.54, 157.76, 0.00206707
_11826_, 204.34, 157.76, 0.00208354
_11838_, 204.34, 157.76, 0.00208354
_12633_, 204.34, 157.76, 0.00208354
_13803_, 204.34, 157.76, 0.00208354
FILLER_0_54_421, 204.34, 157.76, 0.00208354
FILLER_0_54_445, 204.34, 157.76, 0.00208354
FILLER_0_55_444, 204.34, 157.76, 0.00208354
_11867_, 217.14, 157.76, 0.00209584
_12550_, 217.14, 157.76, 0.00209584
_12556_, 217.14, 157.76, 0.00209584
_12618_, 217.14, 157.76, 0.00209584
FILLER_0_53_449, 217.14, 157.76, 0.00209584
_11830_, 229.94, 157.76, 0.00210616
_12539_, 229.94, 157.76, 0.00210616
_12540_, 229.94, 157.76, 0.00210616
_12546_, 229.94, 157.76, 0.00210616
_12547_, 229.94, 157.76, 0.00210616
_12548_, 229.94, 157.76, 0.00210616
_15786_, 229.94, 157.76, 0.00210616
FILLER_0_54_489, 229.94, 157.76, 0.00210616
_12500_, 242.74, 157.76, 0.00210512
_12508_, 242.74, 157.76, 0.00210512
_12538_, 242.74, 157.76, 0.00210512
_12549_, 242.74, 157.76, 0.00210512
_12557_, 242.74, 157.76, 0.00210512
_12636_, 242.74, 157.76, 0.00210512
FILLER_0_54_521, 242.74, 157.76, 0.00210512
_15787_, 255.54, 157.76, 0.00209903
FILLER_0_54_557, 255.54, 157.76, 0.00209903
FILLER_0_55_553, 255.54, 157.76, 0.00209903
_11840_, 268.34, 157.76, 0.00208686
_12563_, 268.34, 157.76, 0.00208686
_12645_, 268.34, 157.76, 0.00208686
_12687_, 268.34, 157.76, 0.00208686
_12688_, 268.34, 157.76, 0.00208686
FILLER_0_54_582, 268.34, 157.76, 0.00208686
_10863_, 281.14, 157.76, 0.00207142
_12651_, 281.14, 157.76, 0.00207142
_15815_, 281.14, 157.76, 0.00207142
hold513, 281.14, 157.76, 0.00207142
FILLER_0_53_596, 281.14, 157.76, 0.00207142
FILLER_0_55_611, 281.14, 157.76, 0.00207142
_10136_, 293.94, 157.76, 0.00204859
_10613_, 293.94, 157.76, 0.00204859
_10923_, 293.94, 157.76, 0.00204859
FILLER_0_55_638, 293.94, 157.76, 0.00204859
_09993_, 306.74, 157.76, 0.00201534
_09994_, 306.74, 157.76, 0.00201534
_09997_, 306.74, 157.76, 0.00201534
_12763_, 306.74, 157.76, 0.00201534
FILLER_0_53_641, 306.74, 157.76, 0.00201534
_12764_, 319.54, 157.76, 0.00197485
_12769_, 319.54, 157.76, 0.00197485
_15861_, 319.54, 157.76, 0.00197485
hold679, 319.54, 157.76, 0.00197485
hold1312, 319.54, 157.76, 0.00197485
_13813_, 344.971, 157.76, 0.00199177
_15874_, 344.971, 157.76, 0.00199177
FILLER_0_54_737, 344.971, 157.76, 0.00199177
_08593_, 357.603, 157.76, 0.00205007
_12749_, 357.603, 157.76, 0.00205007
_12781_, 357.603, 157.76, 0.00205007
FILLER_0_54_752, 357.603, 157.76, 0.00205007
_08592_, 370.235, 157.76, 0.00210077
_12869_, 370.235, 157.76, 0.00210077
_07391_, 382.866, 157.76, 0.00214997
_12754_, 382.866, 157.76, 0.00214997
FILLER_0_54_809, 382.866, 157.76, 0.00214997
FILLER_0_54_834, 382.866, 157.76, 0.00214997
_08489_, 395.498, 157.76, 0.00219703
_08641_, 395.498, 157.76, 0.00219703
_12882_, 395.498, 157.76, 0.00219703
_12883_, 395.498, 157.76, 0.00219703
_12895_, 395.498, 157.76, 0.00219703
FILLER_0_54_842, 395.498, 157.76, 0.00219703
FILLER_0_54_860, 395.498, 157.76, 0.00219703
FILLER_0_55_854, 395.498, 157.76, 0.00219703
_08591_, 408.13, 157.76, 0.00224193
_12974_, 408.13, 157.76, 0.00224193
_15891_, 408.13, 157.76, 0.00224193
FILLER_0_53_867, 408.13, 157.76, 0.00224193
FILLER_0_54_881, 408.13, 157.76, 0.00224193
_08590_, 420.761, 157.76, 0.00228342
hold424, 420.761, 157.76, 0.00228342
FILLER_0_54_907, 420.761, 157.76, 0.00228342
_12022_, 433.393, 157.76, 0.00232468
_15598_, 433.393, 157.76, 0.00232468
clkbuf_leaf_155_clk, 433.393, 157.76, 0.00232468
FILLER_0_54_925, 433.393, 157.76, 0.00232468
_15356_, 446.025, 157.76, 0.00233506
FILLER_0_53_945, 446.025, 157.76, 0.00233506
FILLER_0_53_953, 446.025, 157.76, 0.00233506
_09670_, 458.656, 157.76, 0.00234202
hold432, 458.656, 157.76, 0.00234202
FILLER_0_53_982, 458.656, 157.76, 0.00234202
FILLER_0_54_993, 458.656, 157.76, 0.00234202
_08588_, 471.288, 157.76, 0.00234888
_08589_, 471.288, 157.76, 0.00234888
_09741_, 471.288, 157.76, 0.00234888
_15196_, 471.288, 157.76, 0.00234888
_15212_, 471.288, 157.76, 0.00234888
FILLER_0_53_1004, 471.288, 157.76, 0.00234888
_15430_, 5.52, 152.32, 0.00309837
_15653_, 5.52, 152.32, 0.00309837
PHY_102, 5.52, 152.32, 0.00309837
PHY_104, 5.52, 152.32, 0.00309837
FILLER_0_53_3, 5.52, 152.32, 0.00309837
PHY_103, 483.92, 152.32, 0.00232436
PHY_105, 483.92, 152.32, 0.00232436
FILLER_0_51_1033, 483.92, 152.32, 0.00232436
FILLER_0_52_1030, 483.92, 152.32, 0.00232436
_11188_, 15.33, 152.32, 0.00309313
_11583_, 15.33, 152.32, 0.00309313
FILLER_0_51_15, 15.33, 152.32, 0.00309313
FILLER_0_52_29, 15.33, 152.32, 0.00309313
_14541_, 37.94, 152.32, 0.00307141
_14547_, 37.94, 152.32, 0.00307141
_15751_, 37.94, 152.32, 0.00307141
_16495_, 37.94, 152.32, 0.00307141
hold126, 37.94, 152.32, 0.00307141
FILLER_0_51_57, 37.94, 152.32, 0.00307141
FILLER_0_52_58, 37.94, 152.32, 0.00307141
FILLER_0_53_79, 37.94, 152.32, 0.00307141
_11189_, 50.74, 152.32, 0.00304847
_15685_, 50.74, 152.32, 0.00304847
FILLER_0_52_106, 50.74, 152.32, 0.00304847
FILLER_0_53_106, 50.74, 152.32, 0.00304847
_11190_, 63.54, 152.32, 0.00302138
_12233_, 63.54, 152.32, 0.00302138
_14528_, 63.54, 152.32, 0.00302138
_15750_, 63.54, 152.32, 0.00302138
hold210, 63.54, 152.32, 0.00302138
FILLER_0_52_136, 63.54, 152.32, 0.00302138
FILLER_0_53_133, 63.54, 152.32, 0.00302138
_11091_, 76.34, 152.32, 0.00298898
_12209_, 76.34, 152.32, 0.00298898
_14387_, 76.34, 152.32, 0.00298898
clkbuf_leaf_8_clk, 76.34, 152.32, 0.00298898
FILLER_0_52_153, 76.34, 152.32, 0.00298898
_14375_, 89.14, 152.32, 0.00292609
_14388_, 89.14, 152.32, 0.00292609
_16415_, 89.14, 152.32, 0.00292609
FILLER_0_51_169, 89.14, 152.32, 0.00292609
FILLER_0_51_178, 89.14, 152.32, 0.00292609
FILLER_0_52_179, 89.14, 152.32, 0.00292609
FILLER_0_52_193, 89.14, 152.32, 0.00292609
_11120_, 101.94, 152.32, 0.00285929
_14397_, 101.94, 152.32, 0.00285929
_16431_, 101.94, 152.32, 0.00285929
hold138, 101.94, 152.32, 0.00285929
hold204, 101.94, 152.32, 0.00285929
FILLER_0_51_207, 101.94, 152.32, 0.00285929
FILLER_0_52_205, 101.94, 152.32, 0.00285929
_11207_, 114.74, 152.32, 0.00278443
_11215_, 114.74, 152.32, 0.00278443
_16399_, 114.74, 152.32, 0.00278443
clkbuf_leaf_20_clk, 114.74, 152.32, 0.00278443
FILLER_0_52_234, 114.74, 152.32, 0.00278443
_15273_, 127.54, 152.32, 0.00267974
_15550_, 127.54, 152.32, 0.00267974
FILLER_0_52_270, 127.54, 152.32, 0.00267974
_11903_, 140.34, 152.32, 0.00256103
_15549_, 140.34, 152.32, 0.00256103
hold414, 140.34, 152.32, 0.00256103
hold466, 140.34, 152.32, 0.00256103
FILLER_0_51_281, 140.34, 152.32, 0.00256103
FILLER_0_52_293, 140.34, 152.32, 0.00256103
_11873_, 153.14, 152.32, 0.00243669
_11897_, 153.14, 152.32, 0.00243669
_15547_, 153.14, 152.32, 0.00243669
hold617, 153.14, 152.32, 0.00243669
FILLER_0_52_326, 153.14, 152.32, 0.00243669
FILLER_0_53_326, 153.14, 152.32, 0.00243669
_09836_, 165.94, 152.32, 0.00230482
_11839_, 165.94, 152.32, 0.00230482
_11854_, 165.94, 152.32, 0.00230482
_11874_, 165.94, 152.32, 0.00230482
_11876_, 165.94, 152.32, 0.00230482
_11883_, 165.94, 152.32, 0.00230482
_11887_, 165.94, 152.32, 0.00230482
FILLER_0_53_353, 165.94, 152.32, 0.00230482
FILLER_0_53_362, 165.94, 152.32, 0.00230482
_11921_, 191.54, 152.32, 0.00218492
_12364_, 191.54, 152.32, 0.00218492
_12375_, 191.54, 152.32, 0.00218492
_12377_, 191.54, 152.32, 0.00218492
FILLER_0_52_397, 191.54, 152.32, 0.00218492
FILLER_0_52_408, 191.54, 152.32, 0.00218492
_12365_, 204.34, 152.32, 0.00219921
_12369_, 204.34, 152.32, 0.00219921
_12376_, 204.34, 152.32, 0.00219921
FILLER_0_52_442, 204.34, 152.32, 0.00219921
FILLER_0_53_440, 204.34, 152.32, 0.00219921
_12553_, 217.14, 152.32, 0.00221001
_15540_, 217.14, 152.32, 0.00221001
FILLER_0_52_450, 217.14, 152.32, 0.00221001
FILLER_0_52_471, 217.14, 152.32, 0.00221001
_08469_, 229.94, 152.32, 0.00221655
_12543_, 229.94, 152.32, 0.00221655
_12544_, 229.94, 152.32, 0.00221655
_12545_, 229.94, 152.32, 0.00221655
_12595_, 229.94, 152.32, 0.00221655
_15785_, 229.94, 152.32, 0.00221655
FILLER_0_53_496, 229.94, 152.32, 0.00221655
_12505_, 242.74, 152.32, 0.00221208
_12551_, 242.74, 152.32, 0.00221208
_12554_, 242.74, 152.32, 0.00221208
FILLER_0_53_521, 242.74, 152.32, 0.00221208
_15788_, 255.54, 152.32, 0.00220466
FILLER_0_53_553, 255.54, 152.32, 0.00220466
_11872_, 268.34, 152.32, 0.00219073
_12586_, 268.34, 152.32, 0.00219073
_12643_, 268.34, 152.32, 0.00219073
_12647_, 268.34, 152.32, 0.00219073
_12689_, 268.34, 152.32, 0.00219073
_12691_, 268.34, 152.32, 0.00219073
FILLER_0_51_561, 268.34, 152.32, 0.00219073
FILLER_0_51_569, 268.34, 152.32, 0.00219073
FILLER_0_52_561, 268.34, 152.32, 0.00219073
FILLER_0_52_571, 268.34, 152.32, 0.00219073
FILLER_0_52_581, 268.34, 152.32, 0.00219073
_10610_, 281.14, 152.32, 0.00217245
_10915_, 281.14, 152.32, 0.00217245
_10920_, 281.14, 152.32, 0.00217245
_12648_, 281.14, 152.32, 0.00217245
_12650_, 281.14, 152.32, 0.00217245
_10198_, 293.94, 152.32, 0.00214661
_10199_, 293.94, 152.32, 0.00214661
_10201_, 293.94, 152.32, 0.00214661
FILLER_0_51_617, 293.94, 152.32, 0.00214661
FILLER_0_52_634, 293.94, 152.32, 0.00214661
_09991_, 306.74, 152.32, 0.00211656
_10204_, 306.74, 152.32, 0.00211656
_10554_, 306.74, 152.32, 0.00211656
_15859_, 306.74, 152.32, 0.00211656
hold972, 306.74, 152.32, 0.00211656
FILLER_0_52_661, 306.74, 152.32, 0.00211656
_09859_, 319.54, 152.32, 0.0020807
_12770_, 319.54, 152.32, 0.0020807
_12771_, 319.54, 152.32, 0.0020807
_12777_, 319.54, 152.32, 0.0020807
_12783_, 319.54, 152.32, 0.0020807
FILLER_0_51_682, 319.54, 152.32, 0.0020807
FILLER_0_52_687, 319.54, 152.32, 0.0020807
_12884_, 344.971, 152.32, 0.00210016
_16262_, 344.971, 152.32, 0.00210016
FILLER_0_52_727, 344.971, 152.32, 0.00210016
FILLER_0_53_745, 344.971, 152.32, 0.00210016
_11357_, 357.603, 152.32, 0.00215179
_12755_, 357.603, 152.32, 0.00215179
_12768_, 357.603, 152.32, 0.00215179
clkbuf_leaf_144_clk, 357.603, 152.32, 0.00215179
FILLER_0_51_753, 357.603, 152.32, 0.00215179
FILLER_0_52_757, 357.603, 152.32, 0.00215179
FILLER_0_52_773, 357.603, 152.32, 0.00215179
FILLER_0_53_778, 357.603, 152.32, 0.00215179
_12753_, 370.235, 152.32, 0.00218317
_15374_, 370.235, 152.32, 0.00218317
hold345, 370.235, 152.32, 0.00218317
FILLER_0_51_785, 370.235, 152.32, 0.00218317
FILLER_0_52_798, 370.235, 152.32, 0.00218317
FILLER_0_53_797, 370.235, 152.32, 0.00218317
_07381_, 382.866, 152.32, 0.00221034
_07384_, 382.866, 152.32, 0.00221034
_07386_, 382.866, 152.32, 0.00221034
_12973_, 382.866, 152.32, 0.00221034
FILLER_0_52_819, 382.866, 152.32, 0.00221034
FILLER_0_52_827, 382.866, 152.32, 0.00221034
FILLER_0_53_821, 382.866, 152.32, 0.00221034
FILLER_0_53_830, 382.866, 152.32, 0.00221034
_07398_, 395.498, 152.32, 0.0022349
_12766_, 395.498, 152.32, 0.0022349
_12767_, 395.498, 152.32, 0.0022349
FILLER_0_51_835, 395.498, 152.32, 0.0022349
_12765_, 408.13, 152.32, 0.00225803
_12881_, 408.13, 152.32, 0.00225803
FILLER_0_52_869, 408.13, 152.32, 0.00225803
FILLER_0_53_887, 408.13, 152.32, 0.00225803
_09601_, 420.761, 152.32, 0.00227939
_11427_, 420.761, 152.32, 0.00227939
_13848_, 420.761, 152.32, 0.00227939
_15342_, 420.761, 152.32, 0.00227939
FILLER_0_51_897, 420.761, 152.32, 0.00227939
FILLER_0_52_910, 420.761, 152.32, 0.00227939
_09602_, 433.393, 152.32, 0.00229694
_11449_, 433.393, 152.32, 0.00229694
_12025_, 433.393, 152.32, 0.00229694
_12026_, 433.393, 152.32, 0.00229694
_15164_, 433.393, 152.32, 0.00229694
_13872_, 446.025, 152.32, 0.00231082
_13929_, 446.025, 152.32, 0.00231082
_15358_, 446.025, 152.32, 0.00231082
hold431, 446.025, 152.32, 0.00231082
hold518, 446.025, 152.32, 0.00231082
_09635_, 458.656, 152.32, 0.00232103
_09636_, 458.656, 152.32, 0.00232103
_09671_, 458.656, 152.32, 0.00232103
_09704_, 458.656, 152.32, 0.00232103
_09705_, 458.656, 152.32, 0.00232103
_09740_, 458.656, 152.32, 0.00232103
_15180_, 458.656, 152.32, 0.00232103
_16327_, 458.656, 152.32, 0.00232103
FILLER_0_53_990, 458.656, 152.32, 0.00232103
_15229_, 471.288, 152.32, 0.00232436
PHY_98, 5.52, 146.88, 0.00307451
PHY_100, 5.52, 146.88, 0.00307451
_08615_, 483.92, 146.88, 0.00229933
PHY_99, 483.92, 146.88, 0.00229933
PHY_101, 483.92, 146.88, 0.00229933
FILLER_0_50_1029, 483.92, 146.88, 0.00229933
_12116_, 15.33, 146.88, 0.00307451
hold102, 15.33, 146.88, 0.00307451
hold146, 15.33, 146.88, 0.00307451
FILLER_0_50_29, 15.33, 146.88, 0.00307451
_11067_, 37.94, 146.88, 0.00302666
_12455_, 37.94, 146.88, 0.00302666
hold172, 37.94, 146.88, 0.00302666
FILLER_0_49_64, 37.94, 146.88, 0.00302666
FILLER_0_50_76, 37.94, 146.88, 0.00302666
FILLER_0_51_76, 37.94, 146.88, 0.00302666
hold144, 50.74, 146.88, 0.00297445
FILLER_0_49_97, 50.74, 146.88, 0.00297445
FILLER_0_50_107, 50.74, 146.88, 0.00297445
FILLER_0_51_104, 50.74, 146.88, 0.00297445
_12069_, 63.54, 146.88, 0.00292213
_12210_, 63.54, 146.88, 0.00292213
_12444_, 63.54, 146.88, 0.00292213
_14296_, 63.54, 146.88, 0.00292213
hold124, 63.54, 146.88, 0.00292213
hold171, 63.54, 146.88, 0.00292213
FILLER_0_49_113, 63.54, 146.88, 0.00292213
FILLER_0_50_135, 63.54, 146.88, 0.00292213
FILLER_0_51_133, 63.54, 146.88, 0.00292213
_11094_, 76.34, 146.88, 0.002868
_16365_, 76.34, 146.88, 0.002868
FILLER_0_50_153, 76.34, 146.88, 0.002868
FILLER_0_51_159, 76.34, 146.88, 0.002868
_11226_, 89.14, 146.88, 0.00280608
_12697_, 89.14, 146.88, 0.00280608
_14353_, 89.14, 146.88, 0.00280608
FILLER_0_50_191, 89.14, 146.88, 0.00280608
_14366_, 101.94, 146.88, 0.00274246
_14416_, 101.94, 146.88, 0.00274246
hold93, 101.94, 146.88, 0.00274246
FILLER_0_49_208, 101.94, 146.88, 0.00274246
FILLER_0_51_218, 101.94, 146.88, 0.00274246
_11191_, 114.74, 146.88, 0.00267858
_11216_, 114.74, 146.88, 0.00267858
_15272_, 114.74, 146.88, 0.00267858
hold230, 114.74, 146.88, 0.00267858
FILLER_0_50_243, 114.74, 146.88, 0.00267858
_11198_, 127.54, 146.88, 0.0026011
FILLER_0_50_271, 127.54, 146.88, 0.0026011
FILLER_0_51_270, 127.54, 146.88, 0.0026011
_11783_, 140.34, 146.88, 0.00251966
_11858_, 140.34, 146.88, 0.00251966
_11875_, 140.34, 146.88, 0.00251966
_11905_, 140.34, 146.88, 0.00251966
FILLER_0_50_289, 140.34, 146.88, 0.00251966
FILLER_0_51_301, 140.34, 146.88, 0.00251966
_11853_, 153.14, 146.88, 0.00243598
_11864_, 153.14, 146.88, 0.00243598
_11896_, 153.14, 146.88, 0.00243598
FILLER_0_50_314, 153.14, 146.88, 0.00243598
FILLER_0_51_327, 153.14, 146.88, 0.00243598
_11863_, 165.94, 146.88, 0.00235045
_11868_, 165.94, 146.88, 0.00235045
_11886_, 165.94, 146.88, 0.00235045
_11890_, 165.94, 146.88, 0.00235045
_11891_, 165.94, 146.88, 0.00235045
_12017_, 165.94, 146.88, 0.00235045
FILLER_0_49_337, 165.94, 146.88, 0.00235045
FILLER_0_49_346, 165.94, 146.88, 0.00235045
FILLER_0_50_358, 165.94, 146.88, 0.00235045
_09806_, 191.54, 146.88, 0.00229298
_09847_, 191.54, 146.88, 0.00229298
_09848_, 191.54, 146.88, 0.00229298
_12353_, 191.54, 146.88, 0.00229298
_12354_, 191.54, 146.88, 0.00229298
_12360_, 191.54, 146.88, 0.00229298
FILLER_0_50_395, 191.54, 146.88, 0.00229298
FILLER_0_51_417, 191.54, 146.88, 0.00229298
_11870_, 204.34, 146.88, 0.00231747
_12362_, 204.34, 146.88, 0.00231747
_12366_, 204.34, 146.88, 0.00231747
_12368_, 204.34, 146.88, 0.00231747
FILLER_0_50_431, 204.34, 146.88, 0.00231747
FILLER_0_51_438, 204.34, 146.88, 0.00231747
_11832_, 217.14, 146.88, 0.00233773
_11866_, 217.14, 146.88, 0.00233773
_12018_, 217.14, 146.88, 0.00233773
_15539_, 217.14, 146.88, 0.00233773
hold343, 217.14, 146.88, 0.00233773
FILLER_0_50_472, 217.14, 146.88, 0.00233773
FILLER_0_51_465, 217.14, 146.88, 0.00233773
FILLER_0_51_473, 217.14, 146.88, 0.00233773
_08470_, 229.94, 146.88, 0.00235179
_08472_, 229.94, 146.88, 0.00235179
_15542_, 229.94, 146.88, 0.00235179
FILLER_0_49_474, 229.94, 146.88, 0.00235179
FILLER_0_50_477, 229.94, 146.88, 0.00235179
FILLER_0_51_497, 229.94, 146.88, 0.00235179
_12298_, 242.74, 146.88, 0.00235072
_12301_, 242.74, 146.88, 0.00235072
_12552_, 242.74, 146.88, 0.00235072
FILLER_0_49_505, 242.74, 146.88, 0.00235072
FILLER_0_51_517, 242.74, 146.88, 0.00235072
FILLER_0_51_525, 242.74, 146.88, 0.00235072
_12316_, 255.54, 146.88, 0.00234466
_12318_, 255.54, 146.88, 0.00234466
FILLER_0_50_533, 255.54, 146.88, 0.00234466
FILLER_0_50_541, 255.54, 146.88, 0.00234466
FILLER_0_51_555, 255.54, 146.88, 0.00234466
_12313_, 268.34, 146.88, 0.00233619
_12314_, 268.34, 146.88, 0.00233619
_12315_, 268.34, 146.88, 0.00233619
_10675_, 281.14, 146.88, 0.00232517
_10734_, 281.14, 146.88, 0.00232517
_10736_, 281.14, 146.88, 0.00232517
FILLER_0_49_586, 281.14, 146.88, 0.00232517
FILLER_0_50_601, 281.14, 146.88, 0.00232517
FILLER_0_51_607, 281.14, 146.88, 0.00232517
_10205_, 293.94, 146.88, 0.00230304
_10206_, 293.94, 146.88, 0.00230304
_10735_, 293.94, 146.88, 0.00230304
_10921_, 293.94, 146.88, 0.00230304
_10922_, 293.94, 146.88, 0.00230304
FILLER_0_49_623, 293.94, 146.88, 0.00230304
FILLER_0_50_630, 293.94, 146.88, 0.00230304
_10733_, 306.74, 146.88, 0.00226722
FILLER_0_49_646, 306.74, 146.88, 0.00226722
FILLER_0_49_654, 306.74, 146.88, 0.00226722
FILLER_0_50_641, 306.74, 146.88, 0.00226722
_15857_, 319.54, 146.88, 0.00223132
_15860_, 319.54, 146.88, 0.00223132
clkbuf_leaf_178_clk, 319.54, 146.88, 0.00223132
hold1515, 319.54, 146.88, 0.00223132
FILLER_0_50_669, 319.54, 146.88, 0.00223132
FILLER_0_50_680, 319.54, 146.88, 0.00223132
_08475_, 344.971, 146.88, 0.00219326
_13820_, 344.971, 146.88, 0.00219326
_13821_, 344.971, 146.88, 0.00219326
FILLER_0_49_729, 344.971, 146.88, 0.00219326
FILLER_0_50_739, 344.971, 146.88, 0.00219326
FILLER_0_50_751, 344.971, 146.88, 0.00219326
_12775_, 357.603, 146.88, 0.00221726
_16265_, 357.603, 146.88, 0.00221726
FILLER_0_49_757, 357.603, 146.88, 0.00221726
_11471_, 370.235, 146.88, 0.00223601
_11474_, 370.235, 146.88, 0.00223601
_15377_, 370.235, 146.88, 0.00223601
hold337, 370.235, 146.88, 0.00223601
FILLER_0_49_785, 370.235, 146.88, 0.00223601
_11430_, 382.866, 146.88, 0.00225119
hold377, 382.866, 146.88, 0.00225119
FILLER_0_50_813, 382.866, 146.88, 0.00225119
FILLER_0_50_830, 382.866, 146.88, 0.00225119
_07399_, 395.498, 146.88, 0.00226618
_08476_, 395.498, 146.88, 0.00226618
FILLER_0_49_837, 395.498, 146.88, 0.00226618
FILLER_0_49_841, 395.498, 146.88, 0.00226618
FILLER_0_50_841, 395.498, 146.88, 0.00226618
FILLER_0_50_861, 395.498, 146.88, 0.00226618
_07397_, 408.13, 146.88, 0.0022776
FILLER_0_50_869, 408.13, 146.88, 0.0022776
_16278_, 420.761, 146.88, 0.0022887
hold362, 420.761, 146.88, 0.0022887
FILLER_0_49_890, 420.761, 146.88, 0.0022887
FILLER_0_50_900, 420.761, 146.88, 0.0022887
FILLER_0_51_916, 420.761, 146.88, 0.0022887
_11358_, 433.393, 146.88, 0.00229571
_15310_, 433.393, 146.88, 0.00229571
hold441, 433.393, 146.88, 0.00229571
FILLER_0_50_925, 433.393, 146.88, 0.00229571
FILLER_0_50_933, 433.393, 146.88, 0.00229571
FILLER_0_51_939, 433.393, 146.88, 0.00229571
_11452_, 446.025, 146.88, 0.0022992
_16295_, 446.025, 146.88, 0.0022992
FILLER_0_49_945, 446.025, 146.88, 0.0022992
FILLER_0_50_976, 458.656, 146.88, 0.00229926
_09642_, 471.288, 146.88, 0.00229932
_09711_, 471.288, 146.88, 0.00229932
FILLER_0_49_1009, 471.288, 146.88, 0.00229932
_15651_, 5.52, 141.44, 0.00315489
PHY_94, 5.52, 141.44, 0.00315489
PHY_96, 5.52, 141.44, 0.00315489
output97, 5.52, 141.44, 0.00315489
FILLER_0_48_3, 5.52, 141.44, 0.00315489
FILLER_0_49_9, 5.52, 141.44, 0.00315489
PHY_95, 483.92, 141.44, 0.00285457
PHY_97, 483.92, 141.44, 0.00285457
FILLER_0_47_1033, 483.92, 141.44, 0.00285457
_11172_, 15.33, 141.44, 0.00315177
_15396_, 15.33, 141.44, 0.00315177
hold178, 15.33, 141.44, 0.00315177
FILLER_0_48_22, 15.33, 141.44, 0.00315177
_12163_, 37.94, 141.44, 0.00312151
_15683_, 37.94, 141.44, 0.00312151
_15749_, 37.94, 141.44, 0.00312151
hold114, 37.94, 141.44, 0.00312151
FILLER_0_48_70, 37.94, 141.44, 0.00312151
_11092_, 50.74, 141.44, 0.00309064
_15667_, 50.74, 141.44, 0.00309064
_15731_, 50.74, 141.44, 0.00309064
hold98, 50.74, 141.44, 0.00309064
FILLER_0_48_85, 50.74, 141.44, 0.00309064
FILLER_0_48_104, 50.74, 141.44, 0.00309064
_11171_, 63.54, 141.44, 0.00304876
_15619_, 63.54, 141.44, 0.00304876
_15715_, 63.54, 141.44, 0.00304876
_11174_, 76.34, 141.44, 0.00299936
_16403_, 76.34, 141.44, 0.00299936
_16419_, 76.34, 141.44, 0.00299936
FILLER_0_48_141, 76.34, 141.44, 0.00299936
FILLER_0_49_164, 76.34, 141.44, 0.00299936
_16435_, 89.14, 141.44, 0.00294251
hold60, 89.14, 141.44, 0.00294251
hold86, 89.14, 141.44, 0.00294251
hold247, 89.14, 141.44, 0.00294251
_11170_, 101.94, 141.44, 0.00288192
_14364_, 101.94, 141.44, 0.00288192
_15849_, 101.94, 141.44, 0.00288192
_16397_, 101.94, 141.44, 0.00288192
hold96, 101.94, 141.44, 0.00288192
FILLER_0_47_196, 101.94, 141.44, 0.00288192
FILLER_0_49_220, 101.94, 141.44, 0.00288192
_16429_, 114.74, 141.44, 0.00281353
_11782_, 127.54, 141.44, 0.0027417
_11784_, 127.54, 141.44, 0.0027417
_11785_, 127.54, 141.44, 0.0027417
_13963_, 127.54, 141.44, 0.0027417
_15513_, 127.54, 141.44, 0.0027417
FILLER_0_47_253, 127.54, 141.44, 0.0027417
FILLER_0_48_253, 127.54, 141.44, 0.0027417
FILLER_0_49_276, 127.54, 141.44, 0.0027417
_11780_, 140.34, 141.44, 0.00266187
_11781_, 140.34, 141.44, 0.00266187
_15512_, 140.34, 141.44, 0.00266187
FILLER_0_48_291, 140.34, 141.44, 0.00266187
_09811_, 153.14, 141.44, 0.00257585
_09814_, 153.14, 141.44, 0.00257585
_15511_, 153.14, 141.44, 0.00257585
FILLER_0_49_325, 153.14, 141.44, 0.00257585
FILLER_0_49_333, 153.14, 141.44, 0.00257585
_09812_, 165.94, 141.44, 0.00248262
_09813_, 165.94, 141.44, 0.00248262
_09815_, 165.94, 141.44, 0.00248262
_11865_, 165.94, 141.44, 0.00248262
_11879_, 165.94, 141.44, 0.00248262
FILLER_0_48_358, 165.94, 141.44, 0.00248262
_12355_, 191.54, 141.44, 0.00242384
_15577_, 191.54, 141.44, 0.00242384
_11869_, 204.34, 141.44, 0.00245656
_12356_, 204.34, 141.44, 0.00245656
_12357_, 204.34, 141.44, 0.00245656
_12359_, 204.34, 141.44, 0.00245656
_12361_, 204.34, 141.44, 0.00245656
_12367_, 204.34, 141.44, 0.00245656
ANTENNA_129, 204.34, 141.44, 0.00245656
_15594_, 217.14, 141.44, 0.00248709
clkbuf_leaf_186_clk, 217.14, 141.44, 0.00248709
FILLER_0_47_449, 217.14, 141.44, 0.00248709
FILLER_0_48_451, 217.14, 141.44, 0.00248709
_11862_, 229.94, 141.44, 0.00249205
_11877_, 229.94, 141.44, 0.00249205
_11881_, 229.94, 141.44, 0.00249205
_11882_, 229.94, 141.44, 0.00249205
_12299_, 229.94, 141.44, 0.00249205
_12300_, 229.94, 141.44, 0.00249205
FILLER_0_48_477, 229.94, 141.44, 0.00249205
FILLER_0_48_489, 229.94, 141.44, 0.00249205
FILLER_0_49_498, 229.94, 141.44, 0.00249205
_12306_, 242.74, 141.44, 0.00249084
_12317_, 242.74, 141.44, 0.00249084
_12419_, 242.74, 141.44, 0.00249084
_12420_, 242.74, 141.44, 0.00249084
_12499_, 242.74, 141.44, 0.00249084
FILLER_0_48_524, 242.74, 141.44, 0.00249084
_12418_, 255.54, 141.44, 0.00248455
_12421_, 255.54, 141.44, 0.00248455
_12425_, 255.54, 141.44, 0.00248455
_12507_, 255.54, 141.44, 0.00248455
_12511_, 255.54, 141.44, 0.00248455
FILLER_0_48_553, 255.54, 141.44, 0.00248455
FILLER_0_49_553, 255.54, 141.44, 0.00248455
_12271_, 268.34, 141.44, 0.00246682
_12302_, 268.34, 141.44, 0.00246682
_12304_, 268.34, 141.44, 0.00246682
_12305_, 268.34, 141.44, 0.00246682
_12307_, 268.34, 141.44, 0.00246682
_12312_, 268.34, 141.44, 0.00246682
_12422_, 268.34, 141.44, 0.00246682
FILLER_0_47_568, 268.34, 141.44, 0.00246682
FILLER_0_48_561, 268.34, 141.44, 0.00246682
FILLER_0_48_578, 268.34, 141.44, 0.00246682
FILLER_0_49_573, 268.34, 141.44, 0.00246682
_12681_, 281.14, 141.44, 0.00243964
FILLER_0_47_598, 281.14, 141.44, 0.00243964
FILLER_0_48_601, 281.14, 141.44, 0.00243964
FILLER_0_49_609, 281.14, 141.44, 0.00243964
_10916_, 293.94, 141.44, 0.00240707
_10917_, 293.94, 141.44, 0.00240707
_10918_, 293.94, 141.44, 0.00240707
_11038_, 293.94, 141.44, 0.00240707
FILLER_0_48_615, 293.94, 141.44, 0.00240707
FILLER_0_48_622, 293.94, 141.44, 0.00240707
_10671_, 306.74, 141.44, 0.0023731
_11042_, 306.74, 141.44, 0.0023731
_11044_, 306.74, 141.44, 0.0023731
_12750_, 306.74, 141.44, 0.0023731
_12751_, 306.74, 141.44, 0.0023731
_12756_, 306.74, 141.44, 0.0023731
hold778, 306.74, 141.44, 0.0023731
FILLER_0_48_645, 306.74, 141.44, 0.0023731
FILLER_0_49_662, 306.74, 141.44, 0.0023731
_12686_, 319.54, 141.44, 0.00233552
_12758_, 319.54, 141.44, 0.00233552
_12776_, 319.54, 141.44, 0.00233552
FILLER_0_49_694, 319.54, 141.44, 0.00233552
_08498_, 344.971, 141.44, 0.00237684
_08502_, 344.971, 141.44, 0.00237684
_08505_, 344.971, 141.44, 0.00237684
_08506_, 344.971, 141.44, 0.00237684
_08507_, 344.971, 141.44, 0.00237684
_12903_, 344.971, 141.44, 0.00237684
_08500_, 357.603, 141.44, 0.00245408
_08508_, 357.603, 141.44, 0.00245408
_08620_, 357.603, 141.44, 0.00245408
_08630_, 357.603, 141.44, 0.00245408
_11363_, 357.603, 141.44, 0.00245408
FILLER_0_47_758, 357.603, 141.44, 0.00245408
_07410_, 370.235, 141.44, 0.00251205
_08619_, 370.235, 141.44, 0.00251205
_12901_, 370.235, 141.44, 0.00251205
FILLER_0_49_795, 370.235, 141.44, 0.00251205
_07411_, 382.866, 141.44, 0.00256818
_12902_, 382.866, 141.44, 0.00256818
_15345_, 382.866, 141.44, 0.00256818
_08473_, 395.498, 141.44, 0.00261924
_08478_, 395.498, 141.44, 0.00261924
_08480_, 395.498, 141.44, 0.00261924
_08484_, 395.498, 141.44, 0.00261924
_08490_, 395.498, 141.44, 0.00261924
_12980_, 395.498, 141.44, 0.00261924
FILLER_0_48_838, 395.498, 141.44, 0.00261924
_07409_, 408.13, 141.44, 0.00266779
_12785_, 408.13, 141.44, 0.00266779
FILLER_0_47_871, 408.13, 141.44, 0.00266779
FILLER_0_48_865, 408.13, 141.44, 0.00266779
_13851_, 420.761, 141.44, 0.00271509
hold355, 420.761, 141.44, 0.00271509
FILLER_0_47_897, 420.761, 141.44, 0.00271509
FILLER_0_48_911, 420.761, 141.44, 0.00271509
_09607_, 433.393, 141.44, 0.00276185
_09608_, 433.393, 141.44, 0.00276185
_11364_, 433.393, 141.44, 0.00276185
_15313_, 433.393, 141.44, 0.00276185
_15361_, 446.025, 141.44, 0.00280502
_16330_, 446.025, 141.44, 0.00280502
hold404, 446.025, 141.44, 0.00280502
hold913, 446.025, 141.44, 0.00280502
FILLER_0_47_947, 446.025, 141.44, 0.00280502
FILLER_0_48_950, 446.025, 141.44, 0.00280502
FILLER_0_49_960, 446.025, 141.44, 0.00280502
_08481_, 458.656, 141.44, 0.00284124
_09746_, 458.656, 141.44, 0.00284124
clkbuf_leaf_154_clk, 458.656, 141.44, 0.00284124
FILLER_0_49_991, 458.656, 141.44, 0.00284124
_09641_, 471.288, 141.44, 0.00285457
_15183_, 471.288, 141.44, 0.00285457
_15199_, 471.288, 141.44, 0.00285457
_15215_, 471.288, 141.44, 0.00285457
_15232_, 471.288, 141.44, 0.00285457
_15428_, 5.52, 136, 0.00313587
PHY_90, 5.52, 136, 0.00313587
PHY_92, 5.52, 136, 0.00313587
PHY_91, 483.92, 136, 0.00266447
PHY_93, 483.92, 136, 0.00266447
input3, 483.92, 136, 0.00266447
FILLER_0_45_1031, 483.92, 136, 0.00266447
_11515_, 15.33, 136, 0.00313324
_11581_, 15.33, 136, 0.00313324
FILLER_0_46_22, 15.33, 136, 0.00313324
FILLER_0_47_29, 15.33, 136, 0.00313324
_11173_, 37.94, 136, 0.00309462
_16493_, 37.94, 136, 0.00309462
hold99, 37.94, 136, 0.00309462
FILLER_0_45_69, 37.94, 136, 0.00309462
FILLER_0_46_73, 37.94, 136, 0.00309462
_12139_, 50.74, 136, 0.0030545
_12253_, 50.74, 136, 0.0030545
FILLER_0_46_85, 50.74, 136, 0.0030545
FILLER_0_46_93, 50.74, 136, 0.0030545
_12068_, 63.54, 136, 0.00301424
_12221_, 63.54, 136, 0.00301424
hold150, 63.54, 136, 0.00301424
hold219, 63.54, 136, 0.00301424
FILLER_0_46_127, 63.54, 136, 0.00301424
FILLER_0_46_137, 63.54, 136, 0.00301424
FILLER_0_47_138, 63.54, 136, 0.00301424
_11514_, 76.34, 136, 0.0029736
_14307_, 76.34, 136, 0.0029736
_14394_, 76.34, 136, 0.0029736
hold218, 76.34, 136, 0.0029736
ANTENNA_82, 76.34, 136, 0.0029736
FILLER_0_45_150, 76.34, 136, 0.0029736
FILLER_0_46_159, 76.34, 136, 0.0029736
FILLER_0_47_164, 76.34, 136, 0.0029736
_11175_, 89.14, 136, 0.00293204
_12716_, 89.14, 136, 0.00293204
_14372_, 89.14, 136, 0.00293204
FILLER_0_45_172, 89.14, 136, 0.00293204
FILLER_0_46_193, 89.14, 136, 0.00293204
_15843_, 101.94, 136, 0.00289018
clkbuf_leaf_7_clk, 101.94, 136, 0.00289018
hold151, 101.94, 136, 0.00289018
FILLER_0_45_206, 101.94, 136, 0.00289018
FILLER_0_46_197, 101.94, 136, 0.00289018
_11183_, 114.74, 136, 0.00282443
hold59, 114.74, 136, 0.00282443
FILLER_0_45_236, 114.74, 136, 0.00282443
FILLER_0_46_243, 114.74, 136, 0.00282443
_11059_, 127.54, 136, 0.00275848
FILLER_0_46_253, 127.54, 136, 0.00275848
FILLER_0_47_275, 127.54, 136, 0.00275848
_11773_, 140.34, 136, 0.00269159
_11786_, 140.34, 136, 0.00269159
_11787_, 140.34, 136, 0.00269159
_15514_, 140.34, 136, 0.00269159
FILLER_0_46_303, 140.34, 136, 0.00269159
_09816_, 153.14, 136, 0.00261959
_09817_, 153.14, 136, 0.00261959
FILLER_0_46_333, 153.14, 136, 0.00261959
FILLER_0_47_322, 153.14, 136, 0.00261959
FILLER_0_47_329, 153.14, 136, 0.00261959
_09818_, 165.94, 136, 0.00254557
_09834_, 165.94, 136, 0.00254557
_09837_, 165.94, 136, 0.00254557
_11969_, 165.94, 136, 0.00254557
_11971_, 165.94, 136, 0.00254557
FILLER_0_46_353, 165.94, 136, 0.00254557
FILLER_0_46_361, 165.94, 136, 0.00254557
_12358_, 191.54, 136, 0.0024911
FILLER_0_47_405, 191.54, 136, 0.0024911
_12303_, 204.34, 136, 0.00251634
_12541_, 204.34, 136, 0.00251634
FILLER_0_45_429, 204.34, 136, 0.00251634
FILLER_0_46_421, 204.34, 136, 0.00251634
FILLER_0_46_427, 204.34, 136, 0.00251634
FILLER_0_46_435, 204.34, 136, 0.00251634
FILLER_0_47_444, 204.34, 136, 0.00251634
_12016_, 217.14, 136, 0.00254012
_12363_, 217.14, 136, 0.00254012
_12536_, 217.14, 136, 0.00254012
_15799_, 217.14, 136, 0.00254012
_12324_, 229.94, 136, 0.00255233
_12537_, 229.94, 136, 0.00255233
FILLER_0_46_493, 229.94, 136, 0.00255233
FILLER_0_47_489, 229.94, 136, 0.00255233
FILLER_0_47_496, 229.94, 136, 0.00255233
_12325_, 242.74, 136, 0.00256271
_12390_, 242.74, 136, 0.00256271
_12426_, 242.74, 136, 0.00256271
_12440_, 242.74, 136, 0.00256271
_12504_, 242.74, 136, 0.00256271
FILLER_0_46_529, 242.74, 136, 0.00256271
FILLER_0_47_520, 242.74, 136, 0.00256271
_12319_, 255.54, 136, 0.00256101
_12387_, 255.54, 136, 0.00256101
_12427_, 255.54, 136, 0.00256101
FILLER_0_45_531, 255.54, 136, 0.00256101
FILLER_0_46_533, 255.54, 136, 0.00256101
FILLER_0_47_553, 255.54, 136, 0.00256101
_12269_, 268.34, 136, 0.0025557
_12272_, 268.34, 136, 0.0025557
_12308_, 268.34, 136, 0.0025557
_12309_, 268.34, 136, 0.0025557
_12323_, 268.34, 136, 0.0025557
_12424_, 268.34, 136, 0.0025557
max_cap99, 268.34, 136, 0.0025557
FILLER_0_46_562, 268.34, 136, 0.0025557
_10669_, 281.14, 136, 0.00254173
_10919_, 281.14, 136, 0.00254173
_12310_, 281.14, 136, 0.00254173
_13959_, 281.14, 136, 0.00254173
FILLER_0_46_605, 281.14, 136, 0.00254173
FILLER_0_47_613, 281.14, 136, 0.00254173
_11037_, 293.94, 136, 0.00252134
_11039_, 293.94, 136, 0.00252134
_11040_, 293.94, 136, 0.00252134
_11043_, 293.94, 136, 0.00252134
FILLER_0_46_636, 293.94, 136, 0.00252134
_09883_, 306.74, 136, 0.00249204
_09989_, 306.74, 136, 0.00249204
_09995_, 306.74, 136, 0.00249204
_11045_, 306.74, 136, 0.00249204
_15856_, 306.74, 136, 0.00249204
FILLER_0_46_645, 306.74, 136, 0.00249204
_12790_, 319.54, 136, 0.00244905
_12814_, 319.54, 136, 0.00244905
_15818_, 319.54, 136, 0.00244905
_15862_, 319.54, 136, 0.00244905
hold397, 319.54, 136, 0.00244905
FILLER_0_46_673, 319.54, 136, 0.00244905
_08499_, 344.971, 136, 0.00244262
_11345_, 344.971, 136, 0.00244262
_11346_, 344.971, 136, 0.00244262
FILLER_0_45_725, 344.971, 136, 0.00244262
FILLER_0_46_727, 344.971, 136, 0.00244262
_11846_, 357.603, 136, 0.00248712
_12789_, 357.603, 136, 0.00248712
FILLER_0_46_757, 357.603, 136, 0.00248712
FILLER_0_46_773, 357.603, 136, 0.00248712
_08629_, 370.235, 136, 0.00252597
_11843_, 370.235, 136, 0.00252597
_12787_, 370.235, 136, 0.00252597
_12788_, 370.235, 136, 0.00252597
FILLER_0_45_781, 370.235, 136, 0.00252597
FILLER_0_46_797, 370.235, 136, 0.00252597
_07415_, 382.866, 136, 0.00255737
_12979_, 382.866, 136, 0.00255737
ANTENNA_7, 382.866, 136, 0.00255737
FILLER_0_45_820, 382.866, 136, 0.00255737
FILLER_0_47_824, 382.866, 136, 0.00255737
FILLER_0_47_834, 382.866, 136, 0.00255737
_07383_, 395.498, 136, 0.00258795
_08485_, 395.498, 136, 0.00258795
_08491_, 395.498, 136, 0.00258795
_08492_, 395.498, 136, 0.00258795
FILLER_0_45_835, 395.498, 136, 0.00258795
FILLER_0_45_841, 395.498, 136, 0.00258795
_08618_, 408.13, 136, 0.00261061
_12900_, 408.13, 136, 0.00261061
_15601_, 408.13, 136, 0.00261061
FILLER_0_46_863, 408.13, 136, 0.00261061
FILLER_0_46_876, 408.13, 136, 0.00261061
_16281_, 420.761, 136, 0.00262891
FILLER_0_45_891, 420.761, 136, 0.00262891
FILLER_0_46_914, 420.761, 136, 0.00262891
_15167_, 433.393, 136, 0.00264355
hold437, 433.393, 136, 0.00264355
FILLER_0_45_930, 433.393, 136, 0.00264355
FILLER_0_46_941, 433.393, 136, 0.00264355
FILLER_0_47_931, 433.393, 136, 0.00264355
_13866_, 446.025, 136, 0.00265463
_13875_, 446.025, 136, 0.00265463
_13932_, 446.025, 136, 0.00265463
_16298_, 446.025, 136, 0.00265463
hold453, 446.025, 136, 0.00265463
FILLER_0_45_949, 446.025, 136, 0.00265463
FILLER_0_45_953, 446.025, 136, 0.00265463
FILLER_0_46_959, 446.025, 136, 0.00265463
_08477_, 458.656, 136, 0.00266194
_09676_, 458.656, 136, 0.00266194
_09710_, 458.656, 136, 0.00266194
_09747_, 458.656, 136, 0.00266194
FILLER_0_46_977, 458.656, 136, 0.00266194
FILLER_0_46_993, 458.656, 136, 0.00266194
_08474_, 471.288, 136, 0.00266344
_08616_, 471.288, 136, 0.00266344
_09677_, 471.288, 136, 0.00266344
FILLER_0_45_1002, 471.288, 136, 0.00266344
FILLER_0_46_1021, 471.288, 136, 0.00266344
PHY_86, 5.52, 130.56, 0.00316643
PHY_88, 5.52, 130.56, 0.00316643
FILLER_0_44_3, 5.52, 130.56, 0.00316643
PHY_87, 483.92, 130.56, 0.00299732
PHY_89, 483.92, 130.56, 0.00299732
FILLER_0_43_1032, 483.92, 130.56, 0.00299732
FILLER_0_44_1029, 483.92, 130.56, 0.00299732
_12115_, 15.33, 130.56, 0.00316643
_15395_, 15.33, 130.56, 0.00316643
hold72, 15.33, 130.56, 0.00316643
_14539_, 37.94, 130.56, 0.00314005
_15748_, 37.94, 130.56, 0.00314005
hold173, 37.94, 130.56, 0.00314005
FILLER_0_44_64, 37.94, 130.56, 0.00314005
FILLER_0_44_80, 37.94, 130.56, 0.00314005
_15666_, 50.74, 130.56, 0.00311282
hold112, 50.74, 130.56, 0.00311282
FILLER_0_44_110, 50.74, 130.56, 0.00311282
FILLER_0_45_104, 50.74, 130.56, 0.00311282
_15714_, 63.54, 130.56, 0.00308206
_15730_, 63.54, 130.56, 0.00308206
hold245, 63.54, 130.56, 0.00308206
FILLER_0_43_113, 63.54, 130.56, 0.00308206
_12252_, 76.34, 130.56, 0.00304435
_16364_, 76.34, 130.56, 0.00304435
ANTENNA_83, 76.34, 130.56, 0.00304435
_14385_, 89.14, 130.56, 0.0030026
_14386_, 89.14, 130.56, 0.0030026
_16413_, 89.14, 130.56, 0.0030026
hold200, 89.14, 130.56, 0.0030026
FILLER_0_43_169, 89.14, 130.56, 0.0030026
FILLER_0_44_177, 89.14, 130.56, 0.0030026
FILLER_0_44_189, 89.14, 130.56, 0.0030026
_12708_, 101.94, 130.56, 0.00295716
_14408_, 101.94, 130.56, 0.00295716
hold115, 101.94, 130.56, 0.00295716
FILLER_0_44_221, 101.94, 130.56, 0.00295716
_11176_, 114.74, 130.56, 0.00291146
_11177_, 114.74, 130.56, 0.00291146
_11184_, 114.74, 130.56, 0.00291146
_11185_, 114.74, 130.56, 0.00291146
_11192_, 114.74, 130.56, 0.00291146
_15268_, 114.74, 130.56, 0.00291146
FILLER_0_43_225, 114.74, 130.56, 0.00291146
FILLER_0_45_244, 114.74, 130.56, 0.00291146
_11775_, 127.54, 130.56, 0.00285746
_15269_, 127.54, 130.56, 0.00285746
hold1594, 127.54, 130.56, 0.00285746
FILLER_0_43_263, 127.54, 130.56, 0.00285746
_11771_, 140.34, 130.56, 0.00279781
_11777_, 140.34, 130.56, 0.00279781
_15509_, 140.34, 130.56, 0.00279781
hold781, 140.34, 130.56, 0.00279781
FILLER_0_44_304, 140.34, 130.56, 0.00279781
_09819_, 153.14, 130.56, 0.00273215
_11778_, 153.14, 130.56, 0.00273215
_15510_, 153.14, 130.56, 0.00273215
hold487, 153.14, 130.56, 0.00273215
_09842_, 165.94, 130.56, 0.00265967
_09844_, 165.94, 130.56, 0.00265967
_11967_, 165.94, 130.56, 0.00265967
FILLER_0_43_337, 165.94, 130.56, 0.00265967
FILLER_0_44_360, 165.94, 130.56, 0.00265967
FILLER_0_45_361, 165.94, 130.56, 0.00265967
_09808_, 191.54, 130.56, 0.00260774
_09810_, 191.54, 130.56, 0.00260774
_09828_, 191.54, 130.56, 0.00260774
FILLER_0_44_413, 191.54, 130.56, 0.00260774
_09843_, 204.34, 130.56, 0.00263892
_09845_, 204.34, 130.56, 0.00263892
_12520_, 204.34, 130.56, 0.00263892
_12523_, 204.34, 130.56, 0.00263892
_12525_, 204.34, 130.56, 0.00263892
FILLER_0_44_433, 204.34, 130.56, 0.00263892
FILLER_0_45_443, 204.34, 130.56, 0.00263892
_12559_, 217.14, 130.56, 0.00266666
_12614_, 217.14, 130.56, 0.00266666
hold1041, 217.14, 130.56, 0.00266666
FILLER_0_44_456, 217.14, 130.56, 0.00266666
FILLER_0_44_465, 217.14, 130.56, 0.00266666
FILLER_0_44_473, 217.14, 130.56, 0.00266666
_12370_, 229.94, 130.56, 0.00269088
_15797_, 229.94, 130.56, 0.00269088
_15798_, 229.94, 130.56, 0.00269088
FILLER_0_44_494, 229.94, 130.56, 0.00269088
_12371_, 242.74, 130.56, 0.0026996
_12389_, 242.74, 130.56, 0.0026996
FILLER_0_43_505, 242.74, 130.56, 0.0026996
FILLER_0_44_502, 242.74, 130.56, 0.0026996
_12416_, 255.54, 130.56, 0.00270321
_12428_, 255.54, 130.56, 0.00270321
_12514_, 255.54, 130.56, 0.00270321
_12517_, 255.54, 130.56, 0.00270321
FILLER_0_43_532, 255.54, 130.56, 0.00270321
FILLER_0_45_551, 255.54, 130.56, 0.00270321
_12311_, 268.34, 130.56, 0.00269769
_12320_, 268.34, 130.56, 0.00269769
_12330_, 268.34, 130.56, 0.00269769
_12423_, 268.34, 130.56, 0.00269769
FILLER_0_43_561, 268.34, 130.56, 0.00269769
FILLER_0_43_569, 268.34, 130.56, 0.00269769
FILLER_0_44_572, 268.34, 130.56, 0.00269769
FILLER_0_44_581, 268.34, 130.56, 0.00269769
FILLER_0_45_585, 268.34, 130.56, 0.00269769
_10670_, 281.14, 130.56, 0.00268791
FILLER_0_44_613, 281.14, 130.56, 0.00268791
_09992_, 293.94, 130.56, 0.00267245
_09996_, 293.94, 130.56, 0.00267245
_10025_, 293.94, 130.56, 0.00267245
_10026_, 293.94, 130.56, 0.00267245
_10027_, 293.94, 130.56, 0.00267245
_10119_, 293.94, 130.56, 0.00267245
FILLER_0_44_622, 293.94, 130.56, 0.00267245
FILLER_0_44_630, 293.94, 130.56, 0.00267245
FILLER_0_45_640, 293.94, 130.56, 0.00267245
_10853_, 306.74, 130.56, 0.0026349
_10855_, 306.74, 130.56, 0.0026349
_12657_, 306.74, 130.56, 0.0026349
_12658_, 306.74, 130.56, 0.0026349
FILLER_0_45_668, 306.74, 130.56, 0.0026349
_11837_, 319.54, 130.56, 0.00259354
_12791_, 319.54, 130.56, 0.00259354
FILLER_0_43_673, 319.54, 130.56, 0.00259354
FILLER_0_44_685, 319.54, 130.56, 0.00259354
_11365_, 344.971, 130.56, 0.00262892
_12744_, 344.971, 130.56, 0.00262892
_12745_, 344.971, 130.56, 0.00262892
_12860_, 344.971, 130.56, 0.00262892
FILLER_0_44_731, 344.971, 130.56, 0.00262892
_11420_, 357.603, 130.56, 0.00270661
_11442_, 357.603, 130.56, 0.00270661
_11464_, 357.603, 130.56, 0.00270661
_11825_, 357.603, 130.56, 0.00270661
_11834_, 357.603, 130.56, 0.00270661
_12747_, 357.603, 130.56, 0.00270661
_13840_, 357.603, 130.56, 0.00270661
_13841_, 357.603, 130.56, 0.00270661
_13865_, 357.603, 130.56, 0.00270661
FILLER_0_44_753, 357.603, 130.56, 0.00270661
_11465_, 370.235, 130.56, 0.00276968
_11475_, 370.235, 130.56, 0.00276968
_15378_, 370.235, 130.56, 0.00276968
hold336, 370.235, 130.56, 0.00276968
FILLER_0_43_785, 370.235, 130.56, 0.00276968
FILLER_0_44_805, 370.235, 130.56, 0.00276968
_11421_, 382.866, 130.56, 0.00282917
_11431_, 382.866, 130.56, 0.00282917
clkbuf_leaf_157_clk, 382.866, 130.56, 0.00282917
hold378, 382.866, 130.56, 0.00282917
FILLER_0_44_813, 382.866, 130.56, 0.00282917
FILLER_0_44_821, 382.866, 130.56, 0.00282917
FILLER_0_44_831, 382.866, 130.56, 0.00282917
FILLER_0_45_828, 382.866, 130.56, 0.00282917
_08493_, 395.498, 130.56, 0.0028673
_08627_, 395.498, 130.56, 0.0028673
_08628_, 395.498, 130.56, 0.0028673
_12032_, 395.498, 130.56, 0.0028673
_12033_, 395.498, 130.56, 0.0028673
_15602_, 395.498, 130.56, 0.0028673
_15894_, 395.498, 130.56, 0.0028673
FILLER_0_43_841, 395.498, 130.56, 0.0028673
FILLER_0_44_851, 395.498, 130.56, 0.0028673
_07413_, 408.13, 130.56, 0.00289846
_08617_, 408.13, 130.56, 0.00289846
FILLER_0_44_869, 408.13, 130.56, 0.00289846
_09609_, 420.761, 130.56, 0.00292916
_09610_, 420.761, 130.56, 0.00292916
_13842_, 420.761, 130.56, 0.00292916
_15168_, 420.761, 130.56, 0.00292916
_16282_, 420.761, 130.56, 0.00292916
_11348_, 433.393, 130.56, 0.00295097
_11366_, 433.393, 130.56, 0.00295097
_11443_, 433.393, 130.56, 0.00295097
hold339, 433.393, 130.56, 0.00295097
hold440, 433.393, 130.56, 0.00295097
FILLER_0_43_925, 433.393, 130.56, 0.00295097
FILLER_0_44_925, 433.393, 130.56, 0.00295097
FILLER_0_44_937, 433.393, 130.56, 0.00295097
_11453_, 446.025, 130.56, 0.00297215
_13933_, 446.025, 130.56, 0.00297215
_16299_, 446.025, 130.56, 0.00297215
hold454, 446.025, 130.56, 0.00297215
hold1401, 446.025, 130.56, 0.00297215
FILLER_0_43_949, 446.025, 130.56, 0.00297215
FILLER_0_43_953, 446.025, 130.56, 0.00297215
FILLER_0_44_948, 446.025, 130.56, 0.00297215
_08636_, 458.656, 130.56, 0.00298971
_09643_, 458.656, 130.56, 0.00298971
_09697_, 458.656, 130.56, 0.00298971
_15362_, 458.656, 130.56, 0.00298971
FILLER_0_44_981, 458.656, 130.56, 0.00298971
FILLER_0_44_991, 458.656, 130.56, 0.00298971
_08479_, 471.288, 130.56, 0.00299732
_08626_, 471.288, 130.56, 0.00299732
_08635_, 471.288, 130.56, 0.00299732
_09644_, 471.288, 130.56, 0.00299732
_15184_, 471.288, 130.56, 0.00299732
_15200_, 471.288, 130.56, 0.00299732
FILLER_0_43_1001, 471.288, 130.56, 0.00299732
FILLER_0_44_1010, 471.288, 130.56, 0.00299732
_15427_, 5.52, 125.12, 0.00321682
_15650_, 5.52, 125.12, 0.00321682
PHY_82, 5.52, 125.12, 0.00321682
PHY_84, 5.52, 125.12, 0.00321682
FILLER_0_43_3, 5.52, 125.12, 0.00321682
PHY_83, 483.92, 125.12, 0.00288214
PHY_85, 483.92, 125.12, 0.00288214
FILLER_0_42_1032, 483.92, 125.12, 0.00288214
_11164_, 15.33, 125.12, 0.00321157
_11580_, 15.33, 125.12, 0.00321157
FILLER_0_41_14, 15.33, 125.12, 0.00321157
FILLER_0_42_29, 15.33, 125.12, 0.00321157
_11165_, 37.94, 125.12, 0.00319226
_12081_, 37.94, 125.12, 0.00319226
_12454_, 37.94, 125.12, 0.00319226
_16492_, 37.94, 125.12, 0.00319226
hold101, 37.94, 125.12, 0.00319226
FILLER_0_41_61, 37.94, 125.12, 0.00319226
FILLER_0_43_74, 37.94, 125.12, 0.00319226
_12138_, 50.74, 125.12, 0.00317441
_12162_, 50.74, 125.12, 0.00317441
_12251_, 50.74, 125.12, 0.00317441
_15682_, 50.74, 125.12, 0.00317441
hold152, 50.74, 125.12, 0.00317441
FILLER_0_42_85, 50.74, 125.12, 0.00317441
FILLER_0_42_104, 50.74, 125.12, 0.00317441
FILLER_0_43_109, 50.74, 125.12, 0.00317441
_11163_, 63.54, 125.12, 0.00315281
_12220_, 63.54, 125.12, 0.00315281
_15618_, 63.54, 125.12, 0.00315281
FILLER_0_41_113, 63.54, 125.12, 0.00315281
FILLER_0_41_126, 63.54, 125.12, 0.00315281
FILLER_0_42_135, 63.54, 125.12, 0.00315281
_11166_, 76.34, 125.12, 0.00312707
_14295_, 76.34, 125.12, 0.00312707
_14297_, 76.34, 125.12, 0.00312707
_14306_, 76.34, 125.12, 0.00312707
FILLER_0_41_141, 76.34, 125.12, 0.00312707
FILLER_0_42_141, 76.34, 125.12, 0.00312707
FILLER_0_43_161, 76.34, 125.12, 0.00312707
_14363_, 89.14, 125.12, 0.00309955
_16412_, 89.14, 125.12, 0.00309955
hold108, 89.14, 125.12, 0.00309955
FILLER_0_41_181, 89.14, 125.12, 0.00309955
FILLER_0_42_171, 89.14, 125.12, 0.00309955
_11162_, 101.94, 125.12, 0.00306842
_15842_, 101.94, 125.12, 0.00306842
hold117, 101.94, 125.12, 0.00306842
FILLER_0_41_203, 101.94, 125.12, 0.00306842
FILLER_0_43_219, 101.94, 125.12, 0.00306842
_11193_, 114.74, 125.12, 0.00303303
_12707_, 114.74, 125.12, 0.00303303
_14407_, 114.74, 125.12, 0.00303303
hold79, 114.74, 125.12, 0.00303303
FILLER_0_42_235, 114.74, 125.12, 0.00303303
FILLER_0_43_249, 114.74, 125.12, 0.00303303
_11069_, 127.54, 125.12, 0.00299704
_11776_, 127.54, 125.12, 0.00299704
_15270_, 127.54, 125.12, 0.00299704
_15507_, 127.54, 125.12, 0.00299704
hold1596, 127.54, 125.12, 0.00299704
FILLER_0_41_255, 127.54, 125.12, 0.00299704
_11772_, 140.34, 125.12, 0.00294457
_11774_, 140.34, 125.12, 0.00294457
_15508_, 140.34, 125.12, 0.00294457
hold790, 140.34, 125.12, 0.00294457
FILLER_0_42_294, 140.34, 125.12, 0.00294457
FILLER_0_42_305, 140.34, 125.12, 0.00294457
_15505_, 153.14, 125.12, 0.00288642
clkbuf_leaf_188_clk, 153.14, 125.12, 0.00288642
hold455, 153.14, 125.12, 0.00288642
FILLER_0_41_309, 153.14, 125.12, 0.00288642
FILLER_0_42_317, 153.14, 125.12, 0.00288642
_09826_, 165.94, 125.12, 0.00279509
_09831_, 165.94, 125.12, 0.00279509
_09838_, 165.94, 125.12, 0.00279509
_11965_, 165.94, 125.12, 0.00279509
FILLER_0_41_337, 165.94, 125.12, 0.00279509
_09822_, 191.54, 125.12, 0.00272409
_09823_, 191.54, 125.12, 0.00272409
_09827_, 191.54, 125.12, 0.00272409
_09832_, 191.54, 125.12, 0.00272409
_09833_, 191.54, 125.12, 0.00272409
FILLER_0_41_404, 191.54, 125.12, 0.00272409
FILLER_0_42_399, 191.54, 125.12, 0.00272409
_09821_, 204.34, 125.12, 0.00275299
_09839_, 204.34, 125.12, 0.00275299
_09840_, 204.34, 125.12, 0.00275299
_09841_, 204.34, 125.12, 0.00275299
_09846_, 204.34, 125.12, 0.00275299
_12613_, 204.34, 125.12, 0.00275299
FILLER_0_43_439, 204.34, 125.12, 0.00275299
_12561_, 217.14, 125.12, 0.00277303
_12602_, 217.14, 125.12, 0.00277303
_15791_, 217.14, 125.12, 0.00277303
FILLER_0_42_472, 217.14, 125.12, 0.00277303
FILLER_0_43_461, 217.14, 125.12, 0.00277303
_12601_, 229.94, 125.12, 0.00278365
_12606_, 229.94, 125.12, 0.00278365
_12607_, 229.94, 125.12, 0.00278365
_12612_, 229.94, 125.12, 0.00278365
FILLER_0_43_497, 229.94, 125.12, 0.00278365
_12331_, 242.74, 125.12, 0.00279085
_12502_, 242.74, 125.12, 0.00279085
_12503_, 242.74, 125.12, 0.00279085
_12611_, 242.74, 125.12, 0.00279085
FILLER_0_42_519, 242.74, 125.12, 0.00279085
_12326_, 255.54, 125.12, 0.0027899
_12332_, 255.54, 125.12, 0.0027899
_12333_, 255.54, 125.12, 0.0027899
_12415_, 255.54, 125.12, 0.0027899
_12417_, 255.54, 125.12, 0.0027899
FILLER_0_41_542, 255.54, 125.12, 0.0027899
_12321_, 268.34, 125.12, 0.00277621
_12322_, 268.34, 125.12, 0.00277621
_12429_, 268.34, 125.12, 0.00277621
_10200_, 281.14, 125.12, 0.00275397
_10790_, 281.14, 125.12, 0.00275397
_10924_, 281.14, 125.12, 0.00275397
FILLER_0_42_608, 281.14, 125.12, 0.00275397
FILLER_0_43_605, 281.14, 125.12, 0.00275397
_10017_, 293.94, 125.12, 0.00272067
_10545_, 293.94, 125.12, 0.00272067
_10546_, 293.94, 125.12, 0.00272067
_10789_, 293.94, 125.12, 0.00272067
_10854_, 293.94, 125.12, 0.00272067
FILLER_0_41_625, 293.94, 125.12, 0.00272067
FILLER_0_42_628, 293.94, 125.12, 0.00272067
FILLER_0_42_636, 293.94, 125.12, 0.00272067
_10121_, 306.74, 125.12, 0.00268409
_10544_, 306.74, 125.12, 0.00268409
_10788_, 306.74, 125.12, 0.00268409
_12656_, 306.74, 125.12, 0.00268409
_12660_, 306.74, 125.12, 0.00268409
_12661_, 306.74, 125.12, 0.00268409
_12677_, 306.74, 125.12, 0.00268409
FILLER_0_42_649, 306.74, 125.12, 0.00268409
FILLER_0_43_661, 306.74, 125.12, 0.00268409
_11880_, 319.54, 125.12, 0.00264384
_12757_, 319.54, 125.12, 0.00264384
_12873_, 319.54, 125.12, 0.00264384
_15819_, 319.54, 125.12, 0.00264384
hold419, 319.54, 125.12, 0.00264384
FILLER_0_41_681, 319.54, 125.12, 0.00264384
FILLER_0_43_691, 319.54, 125.12, 0.00264384
_12743_, 344.971, 125.12, 0.00264255
_12746_, 344.971, 125.12, 0.00264255
_12859_, 344.971, 125.12, 0.00264255
_12861_, 344.971, 125.12, 0.00264255
_12863_, 344.971, 125.12, 0.00264255
_12914_, 344.971, 125.12, 0.00264255
FILLER_0_42_729, 344.971, 125.12, 0.00264255
_11347_, 357.603, 125.12, 0.00268477
_12748_, 357.603, 125.12, 0.00268477
_12798_, 357.603, 125.12, 0.00268477
_13922_, 357.603, 125.12, 0.00268477
FILLER_0_41_758, 357.603, 125.12, 0.00268477
FILLER_0_43_779, 357.603, 125.12, 0.00268477
_07414_, 370.235, 125.12, 0.00272419
_12797_, 370.235, 125.12, 0.00272419
FILLER_0_41_785, 370.235, 125.12, 0.00272419
FILLER_0_42_798, 370.235, 125.12, 0.00272419
FILLER_0_43_796, 370.235, 125.12, 0.00272419
_12983_, 382.866, 125.12, 0.00276295
_15346_, 382.866, 125.12, 0.00276295
FILLER_0_41_814, 382.866, 125.12, 0.00276295
FILLER_0_42_813, 382.866, 125.12, 0.00276295
_08642_, 395.498, 125.12, 0.00279826
_08643_, 395.498, 125.12, 0.00279826
_12034_, 395.498, 125.12, 0.00279826
_12035_, 395.498, 125.12, 0.00279826
_15895_, 395.498, 125.12, 0.00279826
_12784_, 408.13, 125.12, 0.00282384
_12793_, 408.13, 125.12, 0.00282384
_12907_, 408.13, 125.12, 0.00282384
FILLER_0_42_863, 408.13, 125.12, 0.00282384
FILLER_0_42_881, 408.13, 125.12, 0.00282384
FILLER_0_43_886, 408.13, 125.12, 0.00282384
_13844_, 420.761, 125.12, 0.00284079
_13852_, 420.761, 125.12, 0.00284079
FILLER_0_42_915, 420.761, 125.12, 0.00284079
_11351_, 433.393, 125.12, 0.00285618
_13923_, 433.393, 125.12, 0.00285618
_15314_, 433.393, 125.12, 0.00285618
FILLER_0_41_927, 433.393, 125.12, 0.00285618
FILLER_0_42_937, 433.393, 125.12, 0.00285618
_13876_, 446.025, 125.12, 0.00286732
_16331_, 446.025, 125.12, 0.00286732
FILLER_0_41_946, 446.025, 125.12, 0.00286732
FILLER_0_42_945, 446.025, 125.12, 0.00286732
FILLER_0_42_957, 446.025, 125.12, 0.00286732
_09663_, 458.656, 125.12, 0.00287501
_09678_, 458.656, 125.12, 0.00287501
_09679_, 458.656, 125.12, 0.00287501
_09712_, 458.656, 125.12, 0.00287501
_09713_, 458.656, 125.12, 0.00287501
FILLER_0_41_985, 458.656, 125.12, 0.00287501
FILLER_0_42_977, 458.656, 125.12, 0.00287501
FILLER_0_42_985, 458.656, 125.12, 0.00287501
_08624_, 471.288, 125.12, 0.00288214
_08625_, 471.288, 125.12, 0.00288214
_09750_, 471.288, 125.12, 0.00288214
_15216_, 471.288, 125.12, 0.00288214
_15233_, 471.288, 125.12, 0.00288214
FILLER_0_41_1005, 471.288, 125.12, 0.00288214
_11512_, 5.52, 119.68, 0.00323599
PHY_78, 5.52, 119.68, 0.00323599
PHY_80, 5.52, 119.68, 0.00323599
output85, 5.52, 119.68, 0.00323599
FILLER_0_40_3, 5.52, 119.68, 0.00323599
PHY_79, 483.92, 119.68, 0.00324341
PHY_81, 483.92, 119.68, 0.00324341
input26, 483.92, 119.68, 0.00324341
FILLER_0_39_1033, 483.92, 119.68, 0.00324341
_12106_, 15.33, 119.68, 0.00323462
_12250_, 15.33, 119.68, 0.00323462
hold95, 15.33, 119.68, 0.00323462
hold159, 15.33, 119.68, 0.00323462
FILLER_0_39_15, 15.33, 119.68, 0.00323462
FILLER_0_40_29, 15.33, 119.68, 0.00323462
_12151_, 37.94, 119.68, 0.00321004
_14538_, 37.94, 119.68, 0.00321004
hold61, 37.94, 119.68, 0.00321004
FILLER_0_39_65, 37.94, 119.68, 0.00321004
FILLER_0_40_70, 37.94, 119.68, 0.00321004
FILLER_0_41_71, 37.94, 119.68, 0.00321004
FILLER_0_41_81, 37.94, 119.68, 0.00321004
_12129_, 50.74, 119.68, 0.00318765
_12443_, 50.74, 119.68, 0.00318765
_12445_, 50.74, 119.68, 0.00318765
_14527_, 50.74, 119.68, 0.00318765
_14530_, 50.74, 119.68, 0.00318765
hold221, 50.74, 119.68, 0.00318765
FILLER_0_40_107, 50.74, 119.68, 0.00318765
FILLER_0_41_109, 50.74, 119.68, 0.00318765
_11088_, 63.54, 119.68, 0.00316349
_12057_, 63.54, 119.68, 0.00316349
_12060_, 63.54, 119.68, 0.00316349
_12208_, 63.54, 119.68, 0.00316349
_12211_, 63.54, 119.68, 0.00316349
_12232_, 63.54, 119.68, 0.00316349
_12234_, 63.54, 119.68, 0.00316349
hold143, 63.54, 119.68, 0.00316349
FILLER_0_40_118, 63.54, 119.68, 0.00316349
FILLER_0_40_126, 63.54, 119.68, 0.00316349
FILLER_0_40_133, 63.54, 119.68, 0.00316349
_16356_, 76.34, 119.68, 0.00313429
hold163, 76.34, 119.68, 0.00313429
FILLER_0_40_141, 76.34, 119.68, 0.00313429
FILLER_0_40_167, 76.34, 119.68, 0.00313429
FILLER_0_41_157, 76.34, 119.68, 0.00313429
FILLER_0_41_165, 76.34, 119.68, 0.00313429
_14352_, 89.14, 119.68, 0.00310154
_14354_, 89.14, 119.68, 0.00310154
_14374_, 89.14, 119.68, 0.00310154
_14376_, 89.14, 119.68, 0.00310154
_16396_, 89.14, 119.68, 0.00310154
FILLER_0_39_169, 89.14, 119.68, 0.00310154
FILLER_0_40_175, 89.14, 119.68, 0.00310154
FILLER_0_40_182, 89.14, 119.68, 0.00310154
FILLER_0_40_192, 89.14, 119.68, 0.00310154
_14398_, 101.94, 119.68, 0.00306369
_16428_, 101.94, 119.68, 0.00306369
FILLER_0_40_197, 101.94, 119.68, 0.00306369
FILLER_0_40_206, 101.94, 119.68, 0.00306369
_11167_, 114.74, 119.68, 0.00302165
_11168_, 114.74, 119.68, 0.00302165
_11232_, 114.74, 119.68, 0.00302165
FILLER_0_39_225, 114.74, 119.68, 0.00302165
FILLER_0_40_243, 114.74, 119.68, 0.00302165
_11084_, 127.54, 119.68, 0.00297904
_15274_, 127.54, 119.68, 0.00297904
_15552_, 127.54, 119.68, 0.00297904
FILLER_0_39_260, 127.54, 119.68, 0.00297904
_11764_, 140.34, 119.68, 0.00292224
_11770_, 140.34, 119.68, 0.00292224
hold517, 140.34, 119.68, 0.00292224
FILLER_0_39_293, 140.34, 119.68, 0.00292224
_11766_, 153.14, 119.68, 0.00286407
_11768_, 153.14, 119.68, 0.00286407
_15506_, 153.14, 119.68, 0.00286407
hold327, 153.14, 119.68, 0.00286407
FILLER_0_40_309, 153.14, 119.68, 0.00286407
FILLER_0_41_331, 153.14, 119.68, 0.00286407
_11959_, 165.94, 119.68, 0.00279995
_11961_, 165.94, 119.68, 0.00279995
_11962_, 165.94, 119.68, 0.00279995
_11964_, 165.94, 119.68, 0.00279995
hold551, 165.94, 119.68, 0.00279995
FILLER_0_40_345, 165.94, 119.68, 0.00279995
FILLER_0_40_361, 165.94, 119.68, 0.00279995
_09820_, 191.54, 119.68, 0.00276005
FILLER_0_40_413, 191.54, 119.68, 0.00276005
_09850_, 204.34, 119.68, 0.00278029
_12568_, 204.34, 119.68, 0.00278029
FILLER_0_39_428, 204.34, 119.68, 0.00278029
FILLER_0_40_433, 204.34, 119.68, 0.00278029
FILLER_0_40_441, 204.34, 119.68, 0.00278029
_12558_, 217.14, 119.68, 0.00279827
_12565_, 217.14, 119.68, 0.00279827
_12567_, 217.14, 119.68, 0.00279827
_12605_, 217.14, 119.68, 0.00279827
FILLER_0_39_458, 217.14, 119.68, 0.00279827
FILLER_0_40_457, 217.14, 119.68, 0.00279827
FILLER_0_41_466, 217.14, 119.68, 0.00279827
_12374_, 229.94, 119.68, 0.00281183
_12596_, 229.94, 119.68, 0.00281183
_12604_, 229.94, 119.68, 0.00281183
_12610_, 229.94, 119.68, 0.00281183
FILLER_0_40_489, 229.94, 119.68, 0.00281183
FILLER_0_41_497, 229.94, 119.68, 0.00281183
_12373_, 242.74, 119.68, 0.00282235
_12394_, 242.74, 119.68, 0.00282235
_12395_, 242.74, 119.68, 0.00282235
_12396_, 242.74, 119.68, 0.00282235
_12439_, 242.74, 119.68, 0.00282235
FILLER_0_40_524, 242.74, 119.68, 0.00282235
FILLER_0_41_528, 242.74, 119.68, 0.00282235
_12327_, 255.54, 119.68, 0.00282746
_12328_, 255.54, 119.68, 0.00282746
_12414_, 255.54, 119.68, 0.00282746
_12560_, 255.54, 119.68, 0.00282746
FILLER_0_40_553, 255.54, 119.68, 0.00282746
_12338_, 268.34, 119.68, 0.00282632
_12430_, 268.34, 119.68, 0.00282632
FILLER_0_40_575, 268.34, 119.68, 0.00282632
_10427_, 281.14, 119.68, 0.00282103
_12432_, 281.14, 119.68, 0.00282103
_12433_, 281.14, 119.68, 0.00282103
FILLER_0_40_604, 281.14, 119.68, 0.00282103
FILLER_0_41_605, 281.14, 119.68, 0.00282103
FILLER_0_41_613, 281.14, 119.68, 0.00282103
_10353_, 293.94, 119.68, 0.00281292
_10426_, 293.94, 119.68, 0.00281292
_10428_, 293.94, 119.68, 0.00281292
_10431_, 293.94, 119.68, 0.00281292
_10432_, 293.94, 119.68, 0.00281292
_10794_, 293.94, 119.68, 0.00281292
FILLER_0_41_638, 293.94, 119.68, 0.00281292
_10430_, 306.74, 119.68, 0.00279682
_10433_, 306.74, 119.68, 0.00279682
_10795_, 306.74, 119.68, 0.00279682
_12659_, 306.74, 119.68, 0.00279682
FILLER_0_40_650, 306.74, 119.68, 0.00279682
FILLER_0_41_664, 306.74, 119.68, 0.00279682
_12800_, 319.54, 119.68, 0.00277328
_12801_, 319.54, 119.68, 0.00277328
_12851_, 319.54, 119.68, 0.00277328
_15827_, 319.54, 119.68, 0.00277328
_15863_, 319.54, 119.68, 0.00277328
FILLER_0_40_671, 319.54, 119.68, 0.00277328
_08712_, 344.971, 119.68, 0.00286566
_12805_, 344.971, 119.68, 0.00286566
_12862_, 344.971, 119.68, 0.00286566
_12864_, 344.971, 119.68, 0.00286566
_12921_, 344.971, 119.68, 0.00286566
FILLER_0_39_725, 344.971, 119.68, 0.00286566
FILLER_0_39_729, 344.971, 119.68, 0.00286566
FILLER_0_41_750, 344.971, 119.68, 0.00286566
_08647_, 357.603, 119.68, 0.00297442
_12796_, 357.603, 119.68, 0.00297442
_12963_, 357.603, 119.68, 0.00297442
_12794_, 370.235, 119.68, 0.00307634
_12795_, 370.235, 119.68, 0.00307634
_12909_, 370.235, 119.68, 0.00307634
_12910_, 370.235, 119.68, 0.00307634
_12911_, 370.235, 119.68, 0.00307634
_12912_, 370.235, 119.68, 0.00307634
_11433_, 382.866, 119.68, 0.00316162
_12982_, 382.866, 119.68, 0.00316162
clkbuf_4_5_0_clk, 382.866, 119.68, 0.00316162
hold357, 382.866, 119.68, 0.00316162
FILLER_0_39_809, 382.866, 119.68, 0.00316162
FILLER_0_40_818, 382.866, 119.68, 0.00316162
FILLER_0_41_834, 382.866, 119.68, 0.00316162
_08640_, 395.498, 119.68, 0.00319587
_09662_, 395.498, 119.68, 0.00319587
_09732_, 395.498, 119.68, 0.00319587
_11423_, 395.498, 119.68, 0.00319587
_12031_, 395.498, 119.68, 0.00319587
_12855_, 395.498, 119.68, 0.00319587
_12856_, 395.498, 119.68, 0.00319587
FILLER_0_39_846, 395.498, 119.68, 0.00319587
FILLER_0_41_849, 395.498, 119.68, 0.00319587
_12740_, 408.13, 119.68, 0.00321846
_12792_, 408.13, 119.68, 0.00321846
_12906_, 408.13, 119.68, 0.00321846
_12908_, 408.13, 119.68, 0.00321846
_12961_, 408.13, 119.68, 0.00321846
FILLER_0_40_863, 408.13, 119.68, 0.00321846
FILLER_0_41_886, 408.13, 119.68, 0.00321846
_13843_, 420.761, 119.68, 0.00322739
_13854_, 420.761, 119.68, 0.00322739
_09766_, 433.393, 119.68, 0.00323467
_11444_, 433.393, 119.68, 0.00323467
_11445_, 433.393, 119.68, 0.00323467
_11454_, 433.393, 119.68, 0.00323467
_11455_, 433.393, 119.68, 0.00323467
_13867_, 433.393, 119.68, 0.00323467
_13868_, 433.393, 119.68, 0.00323467
_13924_, 433.393, 119.68, 0.00323467
_13925_, 433.393, 119.68, 0.00323467
_13934_, 433.393, 119.68, 0.00323467
FILLER_0_40_920, 433.393, 119.68, 0.00323467
FILLER_0_40_935, 433.393, 119.68, 0.00323467
_13935_, 446.025, 119.68, 0.00323826
hold439, 446.025, 119.68, 0.00323826
hold446, 446.025, 119.68, 0.00323826
_08637_, 458.656, 119.68, 0.00324096
_09731_, 458.656, 119.68, 0.00324096
_09748_, 458.656, 119.68, 0.00324096
_09749_, 458.656, 119.68, 0.00324096
FILLER_0_40_977, 458.656, 119.68, 0.00324096
_08707_, 471.288, 119.68, 0.00324219
FILLER_0_40_1021, 471.288, 119.68, 0.00324219
PHY_74, 5.52, 114.24, 0.00326631
PHY_76, 5.52, 114.24, 0.00326631
FILLER_0_38_3, 5.52, 114.24, 0.00326631
_08708_, 483.92, 114.24, 0.00367587
PHY_75, 483.92, 114.24, 0.00367587
PHY_77, 483.92, 114.24, 0.00367587
FILLER_0_37_1029, 483.92, 114.24, 0.00367587
_11569_, 15.33, 114.24, 0.00326631
_11571_, 15.33, 114.24, 0.00326631
_11572_, 15.33, 114.24, 0.00326631
_12104_, 15.33, 114.24, 0.00326631
_15419_, 15.33, 114.24, 0.00326631
FILLER_0_37_15, 15.33, 114.24, 0.00326631
FILLER_0_38_11, 15.33, 114.24, 0.00326631
FILLER_0_38_29, 15.33, 114.24, 0.00326631
FILLER_0_39_24, 15.33, 114.24, 0.00326631
_12153_, 37.94, 114.24, 0.00326794
_14529_, 37.94, 114.24, 0.00326794
_15674_, 37.94, 114.24, 0.00326794
FILLER_0_37_57, 37.94, 114.24, 0.00326794
FILLER_0_38_77, 37.94, 114.24, 0.00326794
FILLER_0_39_73, 37.94, 114.24, 0.00326794
_11072_, 50.74, 114.24, 0.00326821
_11095_, 50.74, 114.24, 0.00326821
_12127_, 50.74, 114.24, 0.00326821
_15658_, 50.74, 114.24, 0.00326821
hold237, 50.74, 114.24, 0.00326821
FILLER_0_38_85, 50.74, 114.24, 0.00326821
_12059_, 63.54, 114.24, 0.00326123
_12235_, 63.54, 114.24, 0.00326123
_15610_, 63.54, 114.24, 0.00326123
_15706_, 63.54, 114.24, 0.00326123
hold134, 63.54, 114.24, 0.00326123
hold249, 63.54, 114.24, 0.00326123
FILLER_0_38_117, 63.54, 114.24, 0.00326123
_11075_, 76.34, 114.24, 0.00324651
hold180, 76.34, 114.24, 0.00324651
FILLER_0_39_165, 76.34, 114.24, 0.00324651
_11068_, 89.14, 114.24, 0.00323101
_14355_, 89.14, 114.24, 0.00323101
_16404_, 89.14, 114.24, 0.00323101
clkbuf_leaf_6_clk, 89.14, 114.24, 0.00323101
hold147, 89.14, 114.24, 0.00323101
FILLER_0_37_169, 89.14, 114.24, 0.00323101
_12696_, 101.94, 114.24, 0.0031878
_12698_, 101.94, 114.24, 0.0031878
_14396_, 101.94, 114.24, 0.0031878
_14399_, 101.94, 114.24, 0.0031878
_15834_, 101.94, 114.24, 0.0031878
hold68, 101.94, 114.24, 0.0031878
hold142, 101.94, 114.24, 0.0031878
FILLER_0_39_220, 101.94, 114.24, 0.0031878
_11169_, 114.74, 114.24, 0.00313985
_11233_, 114.74, 114.24, 0.00313985
FILLER_0_38_246, 114.74, 114.24, 0.00313985
FILLER_0_39_250, 114.74, 114.24, 0.00313985
_09855_, 127.54, 114.24, 0.00309088
_11911_, 127.54, 114.24, 0.00309088
_15553_, 127.54, 114.24, 0.00309088
FILLER_0_37_263, 127.54, 114.24, 0.00309088
FILLER_0_39_275, 127.54, 114.24, 0.00309088
_11196_, 140.34, 114.24, 0.00303706
_11750_, 140.34, 114.24, 0.00303706
_11752_, 140.34, 114.24, 0.00303706
_11761_, 140.34, 114.24, 0.00303706
_11769_, 140.34, 114.24, 0.00303706
hold447, 140.34, 114.24, 0.00303706
hold456, 140.34, 114.24, 0.00303706
hold461, 140.34, 114.24, 0.00303706
FILLER_0_38_293, 140.34, 114.24, 0.00303706
FILLER_0_39_305, 140.34, 114.24, 0.00303706
_11765_, 153.14, 114.24, 0.00297698
_11767_, 153.14, 114.24, 0.00297698
_15503_, 153.14, 114.24, 0.00297698
_15504_, 153.14, 114.24, 0.00297698
hold477, 153.14, 114.24, 0.00297698
FILLER_0_39_332, 153.14, 114.24, 0.00297698
_11910_, 165.94, 114.24, 0.00290775
_11952_, 165.94, 114.24, 0.00290775
_11954_, 165.94, 114.24, 0.00290775
_11957_, 165.94, 114.24, 0.00290775
_15568_, 165.94, 114.24, 0.00290775
hold416, 165.94, 114.24, 0.00290775
FILLER_0_38_335, 165.94, 114.24, 0.00290775
FILLER_0_39_349, 165.94, 114.24, 0.00290775
_09853_, 191.54, 114.24, 0.00285353
_13863_, 191.54, 114.24, 0.00285353
_13864_, 191.54, 114.24, 0.00285353
FILLER_0_38_406, 191.54, 114.24, 0.00285353
FILLER_0_39_405, 191.54, 114.24, 0.00285353
_09852_, 204.34, 114.24, 0.00287499
_09854_, 204.34, 114.24, 0.00287499
_12521_, 204.34, 114.24, 0.00287499
_12566_, 204.34, 114.24, 0.00287499
FILLER_0_37_430, 204.34, 114.24, 0.00287499
_12572_, 217.14, 114.24, 0.00289177
_12600_, 217.14, 114.24, 0.00289177
FILLER_0_38_466, 217.14, 114.24, 0.00289177
_12599_, 229.94, 114.24, 0.00290661
_12603_, 229.94, 114.24, 0.00290661
_15796_, 229.94, 114.24, 0.00290661
FILLER_0_38_498, 229.94, 114.24, 0.00290661
FILLER_0_39_489, 229.94, 114.24, 0.00290661
_12275_, 242.74, 114.24, 0.0029108
_12392_, 242.74, 114.24, 0.0029108
_12393_, 242.74, 114.24, 0.0029108
_12400_, 242.74, 114.24, 0.0029108
FILLER_0_38_510, 242.74, 114.24, 0.0029108
FILLER_0_38_518, 242.74, 114.24, 0.0029108
FILLER_0_38_526, 242.74, 114.24, 0.0029108
_12391_, 255.54, 114.24, 0.00291327
_12431_, 255.54, 114.24, 0.00291327
_12564_, 255.54, 114.24, 0.00291327
FILLER_0_37_531, 255.54, 114.24, 0.00291327
FILLER_0_37_540, 255.54, 114.24, 0.00291327
FILLER_0_39_550, 255.54, 114.24, 0.00291327
_12294_, 268.34, 114.24, 0.0029115
_12297_, 268.34, 114.24, 0.0029115
_12336_, 268.34, 114.24, 0.0029115
_12337_, 268.34, 114.24, 0.0029115
_12341_, 268.34, 114.24, 0.0029115
FILLER_0_38_558, 268.34, 114.24, 0.0029115
FILLER_0_38_583, 268.34, 114.24, 0.0029115
FILLER_0_39_579, 268.34, 114.24, 0.0029115
_12335_, 281.14, 114.24, 0.0029043
_12434_, 281.14, 114.24, 0.0029043
FILLER_0_38_608, 281.14, 114.24, 0.0029043
_10128_, 293.94, 114.24, 0.00289251
_10130_, 293.94, 114.24, 0.00289251
_10265_, 293.94, 114.24, 0.00289251
_10267_, 293.94, 114.24, 0.00289251
_10425_, 293.94, 114.24, 0.00289251
FILLER_0_38_622, 293.94, 114.24, 0.00289251
FILLER_0_38_636, 293.94, 114.24, 0.00289251
_10127_, 306.74, 114.24, 0.00287187
_10260_, 306.74, 114.24, 0.00287187
_10793_, 306.74, 114.24, 0.00287187
_10796_, 306.74, 114.24, 0.00287187
_12676_, 306.74, 114.24, 0.00287187
_12678_, 306.74, 114.24, 0.00287187
FILLER_0_38_655, 306.74, 114.24, 0.00287187
FILLER_0_39_666, 306.74, 114.24, 0.00287187
_10792_, 319.54, 114.24, 0.00284392
_12799_, 319.54, 114.24, 0.00284392
_12915_, 319.54, 114.24, 0.00284392
_12966_, 319.54, 114.24, 0.00284392
hold366, 319.54, 114.24, 0.00284392
FILLER_0_38_669, 319.54, 114.24, 0.00284392
FILLER_0_38_690, 319.54, 114.24, 0.00284392
FILLER_0_39_693, 319.54, 114.24, 0.00284392
_12850_, 344.971, 114.24, 0.00292592
_12964_, 344.971, 114.24, 0.00292592
_16274_, 344.971, 114.24, 0.00292592
FILLER_0_38_730, 344.971, 114.24, 0.00292592
_08711_, 357.603, 114.24, 0.00303211
_12848_, 357.603, 114.24, 0.00303211
_12849_, 357.603, 114.24, 0.00303211
_12962_, 357.603, 114.24, 0.00303211
FILLER_0_37_757, 357.603, 114.24, 0.00303211
FILLER_0_38_752, 357.603, 114.24, 0.00303211
FILLER_0_39_777, 357.603, 114.24, 0.00303211
_07451_, 370.235, 114.24, 0.00313559
_11467_, 370.235, 114.24, 0.00313559
_12913_, 370.235, 114.24, 0.00313559
_12981_, 370.235, 114.24, 0.00313559
ANTENNA_28, 370.235, 114.24, 0.00313559
ANTENNA_30, 370.235, 114.24, 0.00313559
FILLER_0_37_789, 370.235, 114.24, 0.00313559
FILLER_0_38_785, 370.235, 114.24, 0.00313559
FILLER_0_39_795, 370.235, 114.24, 0.00313559
_07452_, 382.866, 114.24, 0.00323701
_11441_, 382.866, 114.24, 0.00323701
_15225_, 382.866, 114.24, 0.00323701
ANTENNA_25, 382.866, 114.24, 0.00323701
ANTENNA_26, 382.866, 114.24, 0.00323701
ANTENNA_27, 382.866, 114.24, 0.00323701
_08710_, 395.498, 114.24, 0.00333346
_09733_, 395.498, 114.24, 0.00333346
_11422_, 395.498, 114.24, 0.00333346
_15242_, 395.498, 114.24, 0.00333346
clkbuf_leaf_158_clk, 395.498, 114.24, 0.00333346
ANTENNA_29, 395.498, 114.24, 0.00333346
ANTENNA_31, 395.498, 114.24, 0.00333346
FILLER_0_37_837, 395.498, 114.24, 0.00333346
FILLER_0_39_860, 395.498, 114.24, 0.00333346
_07417_, 408.13, 114.24, 0.00340966
_07450_, 408.13, 114.24, 0.00340966
_12847_, 408.13, 114.24, 0.00340966
FILLER_0_38_864, 408.13, 114.24, 0.00340966
FILLER_0_39_886, 408.13, 114.24, 0.00340966
_11350_, 420.761, 114.24, 0.00348353
_11463_, 420.761, 114.24, 0.00348353
_13853_, 420.761, 114.24, 0.00348353
_16290_, 420.761, 114.24, 0.00348353
hold370, 420.761, 114.24, 0.00348353
FILLER_0_39_905, 420.761, 114.24, 0.00348353
_09765_, 433.393, 114.24, 0.00355143
_13877_, 433.393, 114.24, 0.00355143
_13878_, 433.393, 114.24, 0.00355143
_13886_, 433.393, 114.24, 0.00355143
hold485, 433.393, 114.24, 0.00355143
FILLER_0_37_929, 433.393, 114.24, 0.00355143
FILLER_0_38_919, 433.393, 114.24, 0.00355143
FILLER_0_38_933, 433.393, 114.24, 0.00355143
_16307_, 446.025, 114.24, 0.00361773
_16339_, 446.025, 114.24, 0.00361773
clkbuf_leaf_160_clk, 446.025, 114.24, 0.00361773
_09696_, 458.656, 114.24, 0.00364859
_09714_, 458.656, 114.24, 0.00364859
_09730_, 458.656, 114.24, 0.00364859
_15224_, 458.656, 114.24, 0.00364859
FILLER_0_37_973, 458.656, 114.24, 0.00364859
FILLER_0_37_983, 458.656, 114.24, 0.00364859
FILLER_0_39_997, 458.656, 114.24, 0.00364859
_09661_, 471.288, 114.24, 0.00367569
_09767_, 471.288, 114.24, 0.00367569
_15192_, 471.288, 114.24, 0.00367569
clkbuf_leaf_161_clk, 471.288, 114.24, 0.00367569
FILLER_0_37_1002, 471.288, 114.24, 0.00367569
FILLER_0_38_1004, 471.288, 114.24, 0.00367569
PHY_70, 5.52, 108.8, 0.00330041
PHY_72, 5.52, 108.8, 0.00330041
PHY_71, 483.92, 108.8, 0.00311196
PHY_73, 483.92, 108.8, 0.00311196
FILLER_0_35_1030, 483.92, 108.8, 0.00311196
FILLER_0_36_1030, 483.92, 108.8, 0.00311196
_12107_, 15.33, 108.8, 0.00330041
_15642_, 15.33, 108.8, 0.00330041
FILLER_0_35_15, 15.33, 108.8, 0.00330041
FILLER_0_36_15, 15.33, 108.8, 0.00330041
FILLER_0_36_29, 15.33, 108.8, 0.00330041
_12084_, 37.94, 108.8, 0.00331911
_12154_, 37.94, 108.8, 0.00331911
_15740_, 37.94, 108.8, 0.00331911
hold110, 37.94, 108.8, 0.00331911
hold158, 37.94, 108.8, 0.00331911
FILLER_0_35_64, 37.94, 108.8, 0.00331911
FILLER_0_36_72, 37.94, 108.8, 0.00331911
_12446_, 50.74, 108.8, 0.00333672
_16484_, 50.74, 108.8, 0.00333672
clkbuf_leaf_4_clk, 50.74, 108.8, 0.00333672
hold189, 50.74, 108.8, 0.00333672
FILLER_0_36_101, 50.74, 108.8, 0.00333672
_11070_, 63.54, 108.8, 0.00332333
_15722_, 63.54, 108.8, 0.00332333
FILLER_0_35_113, 63.54, 108.8, 0.00332333
_11486_, 76.34, 108.8, 0.00330584
_12212_, 76.34, 108.8, 0.00330584
_12230_, 76.34, 108.8, 0.00330584
_14298_, 76.34, 108.8, 0.00330584
FILLER_0_36_161, 76.34, 108.8, 0.00330584
FILLER_0_37_157, 76.34, 108.8, 0.00330584
FILLER_0_37_165, 76.34, 108.8, 0.00330584
_12699_, 89.14, 108.8, 0.00328701
_14377_, 89.14, 108.8, 0.00328701
_16388_, 89.14, 108.8, 0.00328701
hold176, 89.14, 108.8, 0.00328701
FILLER_0_35_169, 89.14, 108.8, 0.00328701
FILLER_0_36_168, 89.14, 108.8, 0.00328701
_11076_, 101.94, 108.8, 0.00326451
_16420_, 101.94, 108.8, 0.00326451
FILLER_0_36_197, 101.94, 108.8, 0.00326451
FILLER_0_36_216, 101.94, 108.8, 0.00326451
FILLER_0_37_217, 101.94, 108.8, 0.00326451
_11077_, 114.74, 108.8, 0.00323848
_11081_, 114.74, 108.8, 0.00323848
_15259_, 114.74, 108.8, 0.00323848
FILLER_0_35_225, 114.74, 108.8, 0.00323848
FILLER_0_36_224, 114.74, 108.8, 0.00323848
FILLER_0_37_249, 114.74, 108.8, 0.00323848
_09856_, 127.54, 108.8, 0.0032053
_11195_, 127.54, 108.8, 0.0032053
_11913_, 127.54, 108.8, 0.0032053
clkbuf_leaf_200_clk, 127.54, 108.8, 0.0032053
FILLER_0_35_259, 127.54, 108.8, 0.0032053
FILLER_0_36_253, 127.54, 108.8, 0.0032053
FILLER_0_36_266, 127.54, 108.8, 0.0032053
FILLER_0_37_275, 127.54, 108.8, 0.0032053
_11760_, 140.34, 108.8, 0.0031464
_11763_, 140.34, 108.8, 0.0031464
_11779_, 140.34, 108.8, 0.0031464
_15554_, 140.34, 108.8, 0.0031464
hold460, 140.34, 108.8, 0.0031464
FILLER_0_35_281, 140.34, 108.8, 0.0031464
FILLER_0_36_305, 140.34, 108.8, 0.0031464
_11751_, 153.14, 108.8, 0.00307978
_11762_, 153.14, 108.8, 0.00307978
_15499_, 153.14, 108.8, 0.00307978
hold324, 153.14, 108.8, 0.00307978
hold420, 153.14, 108.8, 0.00307978
FILLER_0_35_310, 153.14, 108.8, 0.00307978
FILLER_0_36_317, 153.14, 108.8, 0.00307978
FILLER_0_37_333, 153.14, 108.8, 0.00307978
_11941_, 165.94, 108.8, 0.00300649
_11947_, 165.94, 108.8, 0.00300649
_11956_, 165.94, 108.8, 0.00300649
hold1545, 165.94, 108.8, 0.00300649
hold1577, 165.94, 108.8, 0.00300649
FILLER_0_35_337, 165.94, 108.8, 0.00300649
FILLER_0_36_343, 165.94, 108.8, 0.00300649
_12574_, 191.54, 108.8, 0.00298889
_16291_, 191.54, 108.8, 0.00298889
FILLER_0_37_405, 191.54, 108.8, 0.00298889
_12573_, 204.34, 108.8, 0.00304277
_12575_, 204.34, 108.8, 0.00304277
clkbuf_leaf_190_clk, 204.34, 108.8, 0.00304277
FILLER_0_36_433, 204.34, 108.8, 0.00304277
FILLER_0_37_438, 204.34, 108.8, 0.00304277
FILLER_0_37_444, 204.34, 108.8, 0.00304277
_12570_, 217.14, 108.8, 0.00307527
_12594_, 217.14, 108.8, 0.00307527
_15792_, 217.14, 108.8, 0.00307527
FILLER_0_35_449, 217.14, 108.8, 0.00307527
FILLER_0_36_473, 217.14, 108.8, 0.00307527
FILLER_0_37_464, 217.14, 108.8, 0.00307527
_12579_, 229.94, 108.8, 0.00309765
_12593_, 229.94, 108.8, 0.00309765
clkbuf_leaf_191_clk, 229.94, 108.8, 0.00309765
FILLER_0_37_493, 229.94, 108.8, 0.00309765
FILLER_0_37_501, 229.94, 108.8, 0.00309765
_12372_, 242.74, 108.8, 0.00310054
_12581_, 242.74, 108.8, 0.00310054
_12592_, 242.74, 108.8, 0.00310054
FILLER_0_35_505, 242.74, 108.8, 0.00310054
FILLER_0_36_529, 242.74, 108.8, 0.00310054
FILLER_0_37_517, 242.74, 108.8, 0.00310054
FILLER_0_37_523, 242.74, 108.8, 0.00310054
_12274_, 255.54, 108.8, 0.00309719
_12388_, 255.54, 108.8, 0.00309719
_12412_, 255.54, 108.8, 0.00309719
_12413_, 255.54, 108.8, 0.00309719
_12437_, 255.54, 108.8, 0.00309719
_12569_, 255.54, 108.8, 0.00309719
_12576_, 255.54, 108.8, 0.00309719
FILLER_0_36_533, 255.54, 108.8, 0.00309719
FILLER_0_37_547, 255.54, 108.8, 0.00309719
_12270_, 268.34, 108.8, 0.00308176
_12273_, 268.34, 108.8, 0.00308176
_12293_, 268.34, 108.8, 0.00308176
_12296_, 268.34, 108.8, 0.00308176
_12334_, 268.34, 108.8, 0.00308176
FILLER_0_35_561, 268.34, 108.8, 0.00308176
FILLER_0_35_569, 268.34, 108.8, 0.00308176
_11878_, 281.14, 108.8, 0.00305714
_12295_, 281.14, 108.8, 0.00305714
FILLER_0_36_597, 281.14, 108.8, 0.00305714
FILLER_0_37_610, 281.14, 108.8, 0.00305714
_10261_, 293.94, 108.8, 0.00302964
_10262_, 293.94, 108.8, 0.00302964
_10264_, 293.94, 108.8, 0.00302964
_10266_, 293.94, 108.8, 0.00302964
_10791_, 293.94, 108.8, 0.00302964
FILLER_0_36_622, 293.94, 108.8, 0.00302964
_10133_, 306.74, 108.8, 0.00299373
_10263_, 306.74, 108.8, 0.00299373
_12965_, 306.74, 108.8, 0.00299373
_15887_, 306.74, 108.8, 0.00299373
FILLER_0_36_645, 306.74, 108.8, 0.00299373
FILLER_0_36_657, 306.74, 108.8, 0.00299373
FILLER_0_36_665, 306.74, 108.8, 0.00299373
FILLER_0_37_668, 306.74, 108.8, 0.00299373
_10207_, 319.54, 108.8, 0.00294336
_12959_, 319.54, 108.8, 0.00294336
_15886_, 319.54, 108.8, 0.00294336
hold407, 319.54, 108.8, 0.00294336
hold1290, 319.54, 108.8, 0.00294336
_08703_, 344.971, 108.8, 0.00292941
FILLER_0_36_732, 344.971, 108.8, 0.00292941
_11466_, 357.603, 108.8, 0.00296264
_11477_, 357.603, 108.8, 0.00296264
_11485_, 357.603, 108.8, 0.00296264
_15386_, 357.603, 108.8, 0.00296264
FILLER_0_35_753, 357.603, 108.8, 0.00296264
FILLER_0_36_757, 357.603, 108.8, 0.00296264
FILLER_0_36_770, 357.603, 108.8, 0.00296264
_07420_, 370.235, 108.8, 0.00299165
_07423_, 370.235, 108.8, 0.00299165
FILLER_0_35_781, 370.235, 108.8, 0.00299165
FILLER_0_36_792, 370.235, 108.8, 0.00299165
_07421_, 382.866, 108.8, 0.0030188
_09593_, 382.866, 108.8, 0.0030188
_11432_, 382.866, 108.8, 0.0030188
_15354_, 382.866, 108.8, 0.0030188
hold338, 382.866, 108.8, 0.0030188
FILLER_0_35_812, 382.866, 108.8, 0.0030188
FILLER_0_36_832, 382.866, 108.8, 0.0030188
_08709_, 395.498, 108.8, 0.00303992
_09768_, 395.498, 108.8, 0.00303992
_09769_, 395.498, 108.8, 0.00303992
FILLER_0_35_837, 395.498, 108.8, 0.00303992
FILLER_0_36_861, 395.498, 108.8, 0.00303992
_09611_, 408.13, 108.8, 0.00306084
_09626_, 408.13, 108.8, 0.00306084
_09627_, 408.13, 108.8, 0.00306084
_15176_, 408.13, 108.8, 0.00306084
FILLER_0_35_863, 408.13, 108.8, 0.00306084
FILLER_0_35_871, 408.13, 108.8, 0.00306084
_07418_, 420.761, 108.8, 0.00307764
_13862_, 420.761, 108.8, 0.00307764
_15370_, 420.761, 108.8, 0.00307764
hold389, 420.761, 108.8, 0.00307764
FILLER_0_35_891, 420.761, 108.8, 0.00307764
FILLER_0_35_897, 420.761, 108.8, 0.00307764
FILLER_0_36_915, 420.761, 108.8, 0.00307764
_11368_, 433.393, 108.8, 0.00308969
_11369_, 433.393, 108.8, 0.00308969
_11384_, 433.393, 108.8, 0.00308969
_13885_, 433.393, 108.8, 0.00308969
FILLER_0_35_920, 433.393, 108.8, 0.00308969
FILLER_0_36_937, 433.393, 108.8, 0.00308969
_13942_, 446.025, 108.8, 0.00310098
_13943_, 446.025, 108.8, 0.00310098
_15322_, 446.025, 108.8, 0.00310098
hold458, 446.025, 108.8, 0.00310098
hold486, 446.025, 108.8, 0.00310098
FILLER_0_35_953, 446.025, 108.8, 0.00310098
_09645_, 458.656, 108.8, 0.0031086
_09660_, 458.656, 108.8, 0.0031086
_09680_, 458.656, 108.8, 0.0031086
_09695_, 458.656, 108.8, 0.0031086
_09729_, 458.656, 108.8, 0.0031086
_15208_, 458.656, 108.8, 0.0031086
FILLER_0_36_977, 458.656, 108.8, 0.0031086
FILLER_0_36_985, 458.656, 108.8, 0.0031086
FILLER_0_36_996, 458.656, 108.8, 0.0031086
_08698_, 471.288, 108.8, 0.00311196
_09659_, 471.288, 108.8, 0.00311196
_15241_, 471.288, 108.8, 0.00311196
FILLER_0_36_1004, 471.288, 108.8, 0.00311196
PHY_66, 5.52, 103.36, 0.00332658
PHY_68, 5.52, 103.36, 0.00332658
output74, 5.52, 103.36, 0.00332658
_08699_, 483.92, 103.36, 0.00341307
PHY_67, 483.92, 103.36, 0.00341307
PHY_69, 483.92, 103.36, 0.00341307
FILLER_0_33_1031, 483.92, 103.36, 0.00341307
_11579_, 15.33, 103.36, 0.00332555
FILLER_0_33_15, 15.33, 103.36, 0.00332555
FILLER_0_34_21, 15.33, 103.36, 0.00332555
_15681_, 37.94, 103.36, 0.0033572
hold49, 37.94, 103.36, 0.0033572
hold222, 37.94, 103.36, 0.0033572
FILLER_0_33_65, 37.94, 103.36, 0.0033572
FILLER_0_34_62, 37.94, 103.36, 0.0033572
FILLER_0_34_77, 37.94, 103.36, 0.0033572
_12130_, 50.74, 103.36, 0.00338631
_12453_, 50.74, 103.36, 0.00338631
hold62, 50.74, 103.36, 0.00338631
hold132, 50.74, 103.36, 0.00338631
FILLER_0_34_106, 50.74, 103.36, 0.00338631
_12249_, 63.54, 103.36, 0.00341504
_15617_, 63.54, 103.36, 0.00341504
hold211, 63.54, 103.36, 0.00341504
hold226, 63.54, 103.36, 0.00341504
FILLER_0_34_121, 63.54, 103.36, 0.00341504
FILLER_0_34_133, 63.54, 103.36, 0.00341504
_12219_, 76.34, 103.36, 0.00344006
_16363_, 76.34, 103.36, 0.00344006
hold54, 76.34, 103.36, 0.00344006
FILLER_0_35_158, 76.34, 103.36, 0.00344006
_14362_, 89.14, 103.36, 0.00346144
_16411_, 89.14, 103.36, 0.00346144
hold67, 89.14, 103.36, 0.00346144
FILLER_0_34_174, 89.14, 103.36, 0.00346144
FILLER_0_34_190, 89.14, 103.36, 0.00346144
FILLER_0_35_182, 89.14, 103.36, 0.00346144
_15266_, 101.94, 103.36, 0.00347921
_16427_, 101.94, 103.36, 0.00347921
clkbuf_4_0_0_clk, 101.94, 103.36, 0.00347921
FILLER_0_34_209, 101.94, 103.36, 0.00347921
FILLER_0_35_218, 101.94, 103.36, 0.00347921
_09857_, 114.74, 103.36, 0.00342053
_11158_, 114.74, 103.36, 0.00342053
FILLER_0_35_239, 114.74, 103.36, 0.00342053
FILLER_0_35_251, 114.74, 103.36, 0.00342053
_11904_, 127.54, 103.36, 0.00336009
_11908_, 127.54, 103.36, 0.00336009
_11912_, 127.54, 103.36, 0.00336009
_11914_, 127.54, 103.36, 0.00336009
_11915_, 127.54, 103.36, 0.00336009
hold317, 127.54, 103.36, 0.00336009
FILLER_0_35_268, 127.54, 103.36, 0.00336009
_11741_, 140.34, 103.36, 0.00329707
_11898_, 140.34, 103.36, 0.00329707
_11899_, 140.34, 103.36, 0.00329707
_11902_, 140.34, 103.36, 0.00329707
hold527, 140.34, 103.36, 0.00329707
FILLER_0_33_289, 140.34, 103.36, 0.00329707
FILLER_0_34_302, 140.34, 103.36, 0.00329707
FILLER_0_35_298, 140.34, 103.36, 0.00329707
_11753_, 153.14, 103.36, 0.00323079
_11758_, 153.14, 103.36, 0.00323079
_11759_, 153.14, 103.36, 0.00323079
_15500_, 153.14, 103.36, 0.00323079
_15502_, 153.14, 103.36, 0.00323079
hold294, 153.14, 103.36, 0.00323079
FILLER_0_35_330, 153.14, 103.36, 0.00323079
_11938_, 165.94, 103.36, 0.00315441
_11945_, 165.94, 103.36, 0.00315441
_11948_, 165.94, 103.36, 0.00315441
_15566_, 165.94, 103.36, 0.00315441
clkbuf_4_1_0_clk, 165.94, 103.36, 0.00315441
hold443, 165.94, 103.36, 0.00315441
FILLER_0_34_358, 165.94, 103.36, 0.00315441
_15563_, 191.54, 103.36, 0.0030469
FILLER_0_33_393, 191.54, 103.36, 0.0030469
FILLER_0_34_410, 191.54, 103.36, 0.0030469
_09849_, 204.34, 103.36, 0.00306917
_11057_, 204.34, 103.36, 0.00306917
_11937_, 204.34, 103.36, 0.00306917
_12571_, 204.34, 103.36, 0.00306917
_12585_, 204.34, 103.36, 0.00306917
_15794_, 204.34, 103.36, 0.00306917
FILLER_0_34_421, 204.34, 103.36, 0.00306917
FILLER_0_34_430, 204.34, 103.36, 0.00306917
_12583_, 217.14, 103.36, 0.00307914
_12584_, 217.14, 103.36, 0.00307914
_12597_, 217.14, 103.36, 0.00307914
FILLER_0_33_458, 217.14, 103.36, 0.00307914
FILLER_0_34_467, 217.14, 103.36, 0.00307914
FILLER_0_35_464, 217.14, 103.36, 0.00307914
_12577_, 229.94, 103.36, 0.00308645
_12582_, 229.94, 103.36, 0.00308645
_12589_, 229.94, 103.36, 0.00308645
_12590_, 229.94, 103.36, 0.00308645
_12401_, 242.74, 103.36, 0.00308849
_12438_, 242.74, 103.36, 0.00308849
_12587_, 242.74, 103.36, 0.00308849
_12588_, 242.74, 103.36, 0.00308849
_12598_, 242.74, 103.36, 0.00308849
FILLER_0_33_505, 242.74, 103.36, 0.00308849
FILLER_0_34_526, 242.74, 103.36, 0.00308849
FILLER_0_35_525, 242.74, 103.36, 0.00308849
_12410_, 255.54, 103.36, 0.00308343
_12411_, 255.54, 103.36, 0.00308343
_12278_, 268.34, 103.36, 0.00307514
_12339_, 268.34, 103.36, 0.00307514
_12340_, 268.34, 103.36, 0.00307514
FILLER_0_33_561, 268.34, 103.36, 0.00307514
FILLER_0_34_579, 268.34, 103.36, 0.00307514
FILLER_0_35_575, 268.34, 103.36, 0.00307514
_10741_, 281.14, 103.36, 0.00306182
_10797_, 281.14, 103.36, 0.00306182
FILLER_0_34_613, 281.14, 103.36, 0.00306182
FILLER_0_35_609, 281.14, 103.36, 0.00306182
_10480_, 293.94, 103.36, 0.00304542
_10547_, 293.94, 103.36, 0.00304542
_10860_, 293.94, 103.36, 0.00304542
FILLER_0_34_627, 293.94, 103.36, 0.00304542
FILLER_0_34_635, 293.94, 103.36, 0.00304542
_10484_, 306.74, 103.36, 0.00302298
_12674_, 306.74, 103.36, 0.00302298
_12675_, 306.74, 103.36, 0.00302298
_15826_, 306.74, 103.36, 0.00302298
FILLER_0_34_641, 306.74, 103.36, 0.00302298
FILLER_0_34_645, 306.74, 103.36, 0.00302298
FILLER_0_35_668, 306.74, 103.36, 0.00302298
_12960_, 319.54, 103.36, 0.00299497
clkbuf_leaf_176_clk, 319.54, 103.36, 0.00299497
hold351, 319.54, 103.36, 0.00299497
FILLER_0_35_694, 319.54, 103.36, 0.00299497
_11381_, 344.971, 103.36, 0.00301391
_12844_, 344.971, 103.36, 0.00301391
_12958_, 344.971, 103.36, 0.00301391
FILLER_0_34_748, 344.971, 103.36, 0.00301391
_08702_, 357.603, 103.36, 0.0030804
_11476_, 357.603, 103.36, 0.0030804
_12786_, 357.603, 103.36, 0.0030804
FILLER_0_34_764, 357.603, 103.36, 0.0030804
_12842_, 370.235, 103.36, 0.0031416
_12843_, 370.235, 103.36, 0.0031416
_12957_, 370.235, 103.36, 0.0031416
FILLER_0_34_791, 370.235, 103.36, 0.0031416
FILLER_0_34_803, 370.235, 103.36, 0.0031416
FILLER_0_35_797, 370.235, 103.36, 0.0031416
_07447_, 382.866, 103.36, 0.00320126
_07448_, 382.866, 103.36, 0.00320126
_11440_, 382.866, 103.36, 0.00320126
_12048_, 382.866, 103.36, 0.00320126
ANTENNA_20, 382.866, 103.36, 0.00320126
ANTENNA_21, 382.866, 103.36, 0.00320126
FILLER_0_35_829, 382.866, 103.36, 0.00320126
_08701_, 395.498, 103.36, 0.0032593
_12049_, 395.498, 103.36, 0.0032593
_12050_, 395.498, 103.36, 0.0032593
_12739_, 395.498, 103.36, 0.0032593
_15609_, 395.498, 103.36, 0.0032593
FILLER_0_34_841, 395.498, 103.36, 0.0032593
FILLER_0_35_853, 395.498, 103.36, 0.0032593
_09624_, 408.13, 103.36, 0.00330907
_09625_, 408.13, 103.36, 0.00330907
_12841_, 408.13, 103.36, 0.00330907
FILLER_0_33_869, 408.13, 103.36, 0.00330907
_07446_, 420.761, 103.36, 0.00335771
_16289_, 420.761, 103.36, 0.00335771
clkbuf_leaf_159_clk, 420.761, 103.36, 0.00335771
FILLER_0_33_891, 420.761, 103.36, 0.00335771
_15369_, 433.393, 103.36, 0.00338182
_16306_, 433.393, 103.36, 0.00338182
hold427, 433.393, 103.36, 0.00338182
FILLER_0_34_925, 433.393, 103.36, 0.00338182
_11382_, 446.025, 103.36, 0.00339908
_15321_, 446.025, 103.36, 0.00339908
_16338_, 446.025, 103.36, 0.00339908
hold399, 446.025, 103.36, 0.00339908
hold429, 446.025, 103.36, 0.00339908
FILLER_0_33_948, 446.025, 103.36, 0.00339908
FILLER_0_33_953, 446.025, 103.36, 0.00339908
_09658_, 458.656, 103.36, 0.00340937
_09693_, 458.656, 103.36, 0.00340937
_09727_, 458.656, 103.36, 0.00340937
_09728_, 458.656, 103.36, 0.00340937
_15207_, 458.656, 103.36, 0.00340937
_15223_, 458.656, 103.36, 0.00340937
FILLER_0_33_984, 458.656, 103.36, 0.00340937
FILLER_0_35_988, 458.656, 103.36, 0.00340937
_09764_, 471.288, 103.36, 0.00341289
_15191_, 471.288, 103.36, 0.00341289
FILLER_0_33_1005, 471.288, 103.36, 0.00341289
FILLER_0_33_1012, 471.288, 103.36, 0.00341289
PHY_62, 5.52, 97.92, 0.00333377
PHY_64, 5.52, 97.92, 0.00333377
FILLER_0_32_3, 5.52, 97.92, 0.00333377
_07445_, 483.92, 97.92, 0.00315014
PHY_63, 483.92, 97.92, 0.00315014
PHY_65, 483.92, 97.92, 0.00315014
output53, 483.92, 97.92, 0.00315014
FILLER_0_31_1030, 483.92, 97.92, 0.00315014
FILLER_0_32_1029, 483.92, 97.92, 0.00315014
_12114_, 15.33, 97.92, 0.00333377
_15426_, 15.33, 97.92, 0.00333377
_15649_, 15.33, 97.92, 0.00333377
FILLER_0_31_15, 15.33, 97.92, 0.00333377
FILLER_0_32_29, 15.33, 97.92, 0.00333377
_11510_, 37.94, 97.92, 0.00333052
_12161_, 37.94, 97.92, 0.00333052
_16491_, 37.94, 97.92, 0.00333052
hold71, 37.94, 97.92, 0.00333052
FILLER_0_31_65, 37.94, 97.92, 0.00333052
_11154_, 50.74, 97.92, 0.00332843
_15665_, 50.74, 97.92, 0.00332843
FILLER_0_33_103, 50.74, 97.92, 0.00332843
_15713_, 63.54, 97.92, 0.00332219
_15729_, 63.54, 97.92, 0.00332219
hold227, 63.54, 97.92, 0.00332219
_11155_, 76.34, 97.92, 0.00330901
hold148, 76.34, 97.92, 0.00330901
_14384_, 89.14, 97.92, 0.00329506
_16395_, 89.14, 97.92, 0.00329506
hold44, 89.14, 97.92, 0.00329506
FILLER_0_31_181, 89.14, 97.92, 0.00329506
FILLER_0_33_187, 89.14, 97.92, 0.00329506
_11156_, 101.94, 97.92, 0.00327752
_11157_, 101.94, 97.92, 0.00327752
_15841_, 101.94, 97.92, 0.00327752
hold103, 101.94, 97.92, 0.00327752
hold195, 101.94, 97.92, 0.00327752
FILLER_0_31_206, 101.94, 97.92, 0.00327752
FILLER_0_32_197, 101.94, 97.92, 0.00327752
_15489_, 114.74, 97.92, 0.00325602
_15490_, 114.74, 97.92, 0.00325602
hold318, 114.74, 97.92, 0.00325602
FILLER_0_32_226, 114.74, 97.92, 0.00325602
FILLER_0_33_245, 114.74, 97.92, 0.00325602
_11906_, 127.54, 97.92, 0.00322607
_11917_, 127.54, 97.92, 0.00322607
_15488_, 127.54, 97.92, 0.00322607
_15555_, 127.54, 97.92, 0.00322607
hold282, 127.54, 97.92, 0.00322607
hold283, 127.54, 97.92, 0.00322607
FILLER_0_32_269, 127.54, 97.92, 0.00322607
_11756_, 140.34, 97.92, 0.00318567
_11757_, 140.34, 97.92, 0.00318567
_11901_, 140.34, 97.92, 0.00318567
_15501_, 140.34, 97.92, 0.00318567
FILLER_0_31_293, 140.34, 97.92, 0.00318567
FILLER_0_32_288, 140.34, 97.92, 0.00318567
_11755_, 153.14, 97.92, 0.00313999
hold325, 153.14, 97.92, 0.00313999
hold445, 153.14, 97.92, 0.00313999
FILLER_0_32_309, 153.14, 97.92, 0.00313999
_11924_, 165.94, 97.92, 0.00309241
_11935_, 165.94, 97.92, 0.00309241
_11942_, 165.94, 97.92, 0.00309241
_15558_, 165.94, 97.92, 0.00309241
hold442, 165.94, 97.92, 0.00309241
FILLER_0_32_357, 165.94, 97.92, 0.00309241
FILLER_0_33_352, 165.94, 97.92, 0.00309241
FILLER_0_33_361, 165.94, 97.92, 0.00309241
_15561_, 191.54, 97.92, 0.00306311
_15562_, 191.54, 97.92, 0.00306311
FILLER_0_32_394, 191.54, 97.92, 0.00306311
FILLER_0_32_416, 191.54, 97.92, 0.00306311
FILLER_0_33_415, 191.54, 97.92, 0.00306311
_11056_, 204.34, 97.92, 0.00307902
_13958_, 204.34, 97.92, 0.00307902
_14126_, 204.34, 97.92, 0.00307902
FILLER_0_31_419, 204.34, 97.92, 0.00307902
FILLER_0_33_445, 204.34, 97.92, 0.00307902
_12578_, 217.14, 97.92, 0.00309362
_12591_, 217.14, 97.92, 0.00309362
_13957_, 217.14, 97.92, 0.00309362
_13993_, 217.14, 97.92, 0.00309362
FILLER_0_31_449, 217.14, 97.92, 0.00309362
_12580_, 229.94, 97.92, 0.0031052
_15793_, 229.94, 97.92, 0.0031052
FILLER_0_33_498, 229.94, 97.92, 0.0031052
_12399_, 242.74, 97.92, 0.00310875
_12402_, 242.74, 97.92, 0.00310875
FILLER_0_31_505, 242.74, 97.92, 0.00310875
_12292_, 255.54, 97.92, 0.00310709
_12344_, 255.54, 97.92, 0.00310709
_12409_, 255.54, 97.92, 0.00310709
_12435_, 255.54, 97.92, 0.00310709
_12436_, 255.54, 97.92, 0.00310709
FILLER_0_31_536, 255.54, 97.92, 0.00310709
FILLER_0_32_533, 255.54, 97.92, 0.00310709
FILLER_0_33_557, 255.54, 97.92, 0.00310709
_12288_, 268.34, 97.92, 0.00309734
_12289_, 268.34, 97.92, 0.00309734
_12290_, 268.34, 97.92, 0.00309734
_12291_, 268.34, 97.92, 0.00309734
_12343_, 268.34, 97.92, 0.00309734
FILLER_0_32_568, 268.34, 97.92, 0.00309734
FILLER_0_32_581, 268.34, 97.92, 0.00309734
FILLER_0_33_581, 268.34, 97.92, 0.00309734
_10798_, 281.14, 97.92, 0.0030822
FILLER_0_31_594, 281.14, 97.92, 0.0030822
FILLER_0_32_589, 281.14, 97.92, 0.0030822
FILLER_0_32_612, 281.14, 97.92, 0.0030822
_10479_, 293.94, 97.92, 0.00306506
_10481_, 293.94, 97.92, 0.00306506
_10482_, 293.94, 97.92, 0.00306506
_10485_, 293.94, 97.92, 0.00306506
_10486_, 293.94, 97.92, 0.00306506
FILLER_0_31_617, 293.94, 97.92, 0.00306506
FILLER_0_32_627, 293.94, 97.92, 0.00306506
FILLER_0_32_638, 293.94, 97.92, 0.00306506
_10487_, 306.74, 97.92, 0.0030386
_10859_, 306.74, 97.92, 0.0030386
_10861_, 306.74, 97.92, 0.0030386
_11349_, 306.74, 97.92, 0.0030386
FILLER_0_33_662, 306.74, 97.92, 0.0030386
_12807_, 319.54, 97.92, 0.00300517
_12923_, 319.54, 97.92, 0.00300517
_15864_, 319.54, 97.92, 0.00300517
FILLER_0_31_673, 319.54, 97.92, 0.00300517
_12922_, 344.971, 97.92, 0.00299524
_13825_, 344.971, 97.92, 0.00299524
FILLER_0_31_729, 344.971, 97.92, 0.00299524
FILLER_0_32_750, 344.971, 97.92, 0.00299524
_15385_, 357.603, 97.92, 0.00302237
hold353, 357.603, 97.92, 0.00302237
FILLER_0_32_757, 357.603, 97.92, 0.00302237
_12804_, 370.235, 97.92, 0.00304605
_12956_, 370.235, 97.92, 0.00304605
FILLER_0_31_781, 370.235, 97.92, 0.00304605
_12996_, 382.866, 97.92, 0.00306863
_15353_, 382.866, 97.92, 0.00306863
hold286, 382.866, 97.92, 0.00306863
FILLER_0_31_814, 382.866, 97.92, 0.00306863
FILLER_0_32_813, 382.866, 97.92, 0.00306863
_15175_, 395.498, 97.92, 0.00308766
_15902_, 395.498, 97.92, 0.00308766
FILLER_0_31_837, 395.498, 97.92, 0.00308766
FILLER_0_31_841, 395.498, 97.92, 0.00308766
FILLER_0_33_857, 395.498, 97.92, 0.00308766
_07419_, 408.13, 97.92, 0.0030999
_12955_, 408.13, 97.92, 0.0030999
FILLER_0_32_881, 408.13, 97.92, 0.0030999
_11462_, 420.761, 97.92, 0.00311084
_13861_, 420.761, 97.92, 0.00311084
hold1192, 433.393, 97.92, 0.00312149
_13936_, 446.025, 97.92, 0.00313207
FILLER_0_31_953, 446.025, 97.92, 0.00313207
FILLER_0_32_970, 446.025, 97.92, 0.00313207
_09682_, 458.656, 97.92, 0.0031426
_09694_, 458.656, 97.92, 0.0031426
_09716_, 458.656, 97.92, 0.0031426
_09763_, 458.656, 97.92, 0.0031426
_15217_, 458.656, 97.92, 0.0031426
FILLER_0_33_997, 458.656, 97.92, 0.0031426
_08638_, 471.288, 97.92, 0.0031497
_15185_, 471.288, 97.92, 0.0031497
_15240_, 471.288, 97.92, 0.0031497
PHY_58, 5.52, 92.48, 0.00334099
PHY_60, 5.52, 92.48, 0.00334099
PHY_59, 483.92, 92.48, 0.00334193
PHY_61, 483.92, 92.48, 0.00334193
FILLER_0_29_1034, 483.92, 92.48, 0.00334193
FILLER_0_30_1029, 483.92, 92.48, 0.00334193
FILLER_0_29_15, 15.33, 92.48, 0.00334099
_12090_, 37.94, 92.48, 0.0033417
_12248_, 37.94, 92.48, 0.0033417
_14537_, 37.94, 92.48, 0.0033417
_15747_, 37.94, 92.48, 0.0033417
FILLER_0_29_64, 37.94, 92.48, 0.0033417
FILLER_0_30_79, 37.94, 92.48, 0.0033417
_12137_, 50.74, 92.48, 0.00333822
_12452_, 50.74, 92.48, 0.00333822
FILLER_0_29_96, 50.74, 92.48, 0.00333822
FILLER_0_31_107, 50.74, 92.48, 0.00333822
_11152_, 63.54, 92.48, 0.0033346
_12067_, 63.54, 92.48, 0.0033346
FILLER_0_29_125, 63.54, 92.48, 0.0033346
FILLER_0_30_121, 63.54, 92.48, 0.0033346
FILLER_0_30_132, 63.54, 92.48, 0.0033346
FILLER_0_31_131, 63.54, 92.48, 0.0033346
_14305_, 76.34, 92.48, 0.00333023
clkbuf_leaf_5_clk, 76.34, 92.48, 0.00333023
FILLER_0_29_146, 76.34, 92.48, 0.00333023
FILLER_0_30_141, 76.34, 92.48, 0.00333023
FILLER_0_30_149, 76.34, 92.48, 0.00333023
FILLER_0_31_162, 76.34, 92.48, 0.00333023
_11151_, 89.14, 92.48, 0.00330552
FILLER_0_29_181, 89.14, 92.48, 0.00330552
_12705_, 101.94, 92.48, 0.00328008
_12706_, 101.94, 92.48, 0.00328008
_14406_, 101.94, 92.48, 0.00328008
FILLER_0_31_217, 101.94, 92.48, 0.00328008
_11065_, 114.74, 92.48, 0.00325442
hold320, 114.74, 92.48, 0.00325442
FILLER_0_30_237, 114.74, 92.48, 0.00325442
_11726_, 127.54, 92.48, 0.00322642
_11728_, 127.54, 92.48, 0.00322642
_11730_, 127.54, 92.48, 0.00322642
_11738_, 127.54, 92.48, 0.00322642
_11916_, 127.54, 92.48, 0.00322642
hold319, 127.54, 92.48, 0.00322642
_11919_, 140.34, 92.48, 0.0031956
_11920_, 140.34, 92.48, 0.0031956
_15556_, 140.34, 92.48, 0.0031956
FILLER_0_30_288, 140.34, 92.48, 0.0031956
FILLER_0_30_305, 140.34, 92.48, 0.0031956
_11754_, 153.14, 92.48, 0.00316001
_11918_, 153.14, 92.48, 0.00316001
_11926_, 153.14, 92.48, 0.00316001
_11929_, 153.14, 92.48, 0.00316001
_11932_, 153.14, 92.48, 0.00316001
FILLER_0_31_328, 153.14, 92.48, 0.00316001
_15557_, 165.94, 92.48, 0.00312214
_15559_, 165.94, 92.48, 0.00312214
hold434, 165.94, 92.48, 0.00312214
FILLER_0_30_357, 165.94, 92.48, 0.00312214
_11933_, 191.54, 92.48, 0.00310622
hold388, 191.54, 92.48, 0.00310622
FILLER_0_30_404, 191.54, 92.48, 0.00310622
FILLER_0_30_417, 191.54, 92.48, 0.00310622
_11058_, 204.34, 92.48, 0.00313553
_11934_, 204.34, 92.48, 0.00313553
_13951_, 204.34, 92.48, 0.00313553
_13952_, 204.34, 92.48, 0.00313553
_13954_, 204.34, 92.48, 0.00313553
_13955_, 204.34, 92.48, 0.00313553
FILLER_0_30_434, 204.34, 92.48, 0.00313553
_13960_, 217.14, 92.48, 0.00316127
_13977_, 217.14, 92.48, 0.00316127
_13978_, 217.14, 92.48, 0.00316127
_13979_, 217.14, 92.48, 0.00316127
_13994_, 217.14, 92.48, 0.00316127
FILLER_0_30_448, 217.14, 92.48, 0.00316127
FILLER_0_30_469, 217.14, 92.48, 0.00316127
_14077_, 229.94, 92.48, 0.00318271
_15795_, 229.94, 92.48, 0.00318271
FILLER_0_29_476, 229.94, 92.48, 0.00318271
FILLER_0_31_499, 229.94, 92.48, 0.00318271
_12350_, 242.74, 92.48, 0.0031967
_12351_, 242.74, 92.48, 0.0031967
_12352_, 242.74, 92.48, 0.0031967
_12397_, 242.74, 92.48, 0.0031967
_12398_, 242.74, 92.48, 0.0031967
_12403_, 242.74, 92.48, 0.0031967
_12404_, 242.74, 92.48, 0.0031967
_12408_, 242.74, 92.48, 0.0031967
FILLER_0_29_512, 242.74, 92.48, 0.0031967
_12287_, 255.54, 92.48, 0.00319875
_12345_, 255.54, 92.48, 0.00319875
_12405_, 255.54, 92.48, 0.00319875
FILLER_0_29_542, 255.54, 92.48, 0.00319875
_10483_, 268.34, 92.48, 0.00319846
_12279_, 268.34, 92.48, 0.00319846
_12280_, 268.34, 92.48, 0.00319846
_12346_, 268.34, 92.48, 0.00319846
FILLER_0_30_560, 268.34, 92.48, 0.00319846
_10982_, 281.14, 92.48, 0.00318691
_11046_, 281.14, 92.48, 0.00318691
_11047_, 281.14, 92.48, 0.00318691
_11048_, 281.14, 92.48, 0.00318691
_11049_, 281.14, 92.48, 0.00318691
_11053_, 281.14, 92.48, 0.00318691
_11054_, 281.14, 92.48, 0.00318691
FILLER_0_30_589, 281.14, 92.48, 0.00318691
_10348_, 293.94, 92.48, 0.00316458
_10550_, 293.94, 92.48, 0.00316458
_13804_, 293.94, 92.48, 0.00316458
FILLER_0_29_617, 293.94, 92.48, 0.00316458
FILLER_0_30_615, 293.94, 92.48, 0.00316458
FILLER_0_30_628, 293.94, 92.48, 0.00316458
FILLER_0_30_635, 293.94, 92.48, 0.00316458
FILLER_0_31_636, 293.94, 92.48, 0.00316458
_09990_, 306.74, 92.48, 0.00314114
_10551_, 306.74, 92.48, 0.00314114
_10856_, 306.74, 92.48, 0.00314114
_10862_, 306.74, 92.48, 0.00314114
_12662_, 306.74, 92.48, 0.00314114
_10858_, 319.54, 92.48, 0.00310513
_12808_, 319.54, 92.48, 0.00310513
_15884_, 319.54, 92.48, 0.00310513
hold365, 319.54, 92.48, 0.00310513
FILLER_0_30_681, 319.54, 92.48, 0.00310513
FILLER_0_30_696, 319.54, 92.48, 0.00310513
_08648_, 344.971, 92.48, 0.00313312
_16267_, 344.971, 92.48, 0.00313312
clkbuf_leaf_170_clk, 344.971, 92.48, 0.00313312
FILLER_0_29_729, 344.971, 92.48, 0.00313312
_08646_, 357.603, 92.48, 0.00316428
_11367_, 357.603, 92.48, 0.00316428
_11484_, 357.603, 92.48, 0.00316428
_12806_, 357.603, 92.48, 0.00316428
FILLER_0_31_773, 357.603, 92.48, 0.00316428
_12919_, 370.235, 92.48, 0.00319234
_12920_, 370.235, 92.48, 0.00319234
hold1585, 370.235, 92.48, 0.00319234
FILLER_0_29_781, 370.235, 92.48, 0.00319234
FILLER_0_30_780, 370.235, 92.48, 0.00319234
FILLER_0_30_806, 370.235, 92.48, 0.00319234
_11434_, 382.866, 92.48, 0.00321917
_12997_, 382.866, 92.48, 0.00321917
hold363, 382.866, 92.48, 0.00321917
_08644_, 395.498, 92.48, 0.00324581
_08645_, 395.498, 92.48, 0.00324581
_08700_, 395.498, 92.48, 0.00324581
FILLER_0_29_841, 395.498, 92.48, 0.00324581
FILLER_0_30_842, 395.498, 92.48, 0.00324581
FILLER_0_30_859, 395.498, 92.48, 0.00324581
FILLER_0_31_849, 395.498, 92.48, 0.00324581
_12918_, 408.13, 92.48, 0.00327216
ANTENNA_9, 408.13, 92.48, 0.00327216
FILLER_0_30_881, 408.13, 92.48, 0.00327216
_07424_, 420.761, 92.48, 0.00329752
_16283_, 420.761, 92.48, 0.00329752
ANTENNA_10, 420.761, 92.48, 0.00329752
FILLER_0_29_891, 420.761, 92.48, 0.00329752
_13879_, 433.393, 92.48, 0.0033181
_15363_, 433.393, 92.48, 0.0033181
_16300_, 433.393, 92.48, 0.0033181
FILLER_0_30_919, 433.393, 92.48, 0.0033181
FILLER_0_30_925, 433.393, 92.48, 0.0033181
_09715_, 446.025, 92.48, 0.00333181
_15315_, 446.025, 92.48, 0.00333181
_16332_, 446.025, 92.48, 0.00333181
hold433, 446.025, 92.48, 0.00333181
hold457, 446.025, 92.48, 0.00333181
FILLER_0_29_953, 446.025, 92.48, 0.00333181
_09646_, 458.656, 92.48, 0.00333856
_09681_, 458.656, 92.48, 0.00333856
_15201_, 458.656, 92.48, 0.00333856
FILLER_0_29_972, 458.656, 92.48, 0.00333856
FILLER_0_30_977, 458.656, 92.48, 0.00333856
_09647_, 471.288, 92.48, 0.00334193
_09752_, 471.288, 92.48, 0.00334193
_15234_, 471.288, 92.48, 0.00334193
FILLER_0_29_1009, 471.288, 92.48, 0.00334193
FILLER_0_30_1009, 471.288, 92.48, 0.00334193
PHY_54, 5.52, 87.04, 0.0034101
PHY_56, 5.52, 87.04, 0.0034101
_08681_, 483.92, 87.04, 0.00332593
PHY_55, 483.92, 87.04, 0.00332593
PHY_57, 483.92, 87.04, 0.00332593
FILLER_0_28_1027, 483.92, 87.04, 0.00332593
_12113_, 15.33, 87.04, 0.0034101
_15648_, 15.33, 87.04, 0.0034101
clkbuf_leaf_2_clk, 15.33, 87.04, 0.0034101
FILLER_0_27_15, 15.33, 87.04, 0.0034101
FILLER_0_28_15, 15.33, 87.04, 0.0034101
FILLER_0_28_29, 15.33, 87.04, 0.0034101
_12160_, 37.94, 87.04, 0.00341316
_15632_, 37.94, 87.04, 0.00341316
hold228, 37.94, 87.04, 0.00341316
FILLER_0_28_64, 37.94, 87.04, 0.00341316
FILLER_0_28_80, 37.94, 87.04, 0.00341316
FILLER_0_29_81, 37.94, 87.04, 0.00341316
_11146_, 50.74, 87.04, 0.00343026
_12136_, 50.74, 87.04, 0.00343026
hold88, 50.74, 87.04, 0.00343026
hold162, 50.74, 87.04, 0.00343026
hold185, 50.74, 87.04, 0.00343026
FILLER_0_28_85, 50.74, 87.04, 0.00343026
FILLER_0_28_112, 50.74, 87.04, 0.00343026
_11144_, 63.54, 87.04, 0.00344625
_12218_, 63.54, 87.04, 0.00344625
_15728_, 63.54, 87.04, 0.00344625
hold45, 63.54, 87.04, 0.00344625
hold57, 63.54, 87.04, 0.00344625
hold209, 63.54, 87.04, 0.00344625
FILLER_0_27_113, 63.54, 87.04, 0.00344625
_11147_, 76.34, 87.04, 0.00345776
_11508_, 76.34, 87.04, 0.00345776
_14304_, 76.34, 87.04, 0.00345776
_15712_, 76.34, 87.04, 0.00345776
hold133, 76.34, 87.04, 0.00345776
FILLER_0_29_154, 76.34, 87.04, 0.00345776
FILLER_0_29_164, 76.34, 87.04, 0.00345776
_11143_, 89.14, 87.04, 0.00346442
_12246_, 89.14, 87.04, 0.00346442
_16410_, 89.14, 87.04, 0.00346442
hold52, 89.14, 87.04, 0.00346442
hold233, 89.14, 87.04, 0.00346442
FILLER_0_27_169, 89.14, 87.04, 0.00346442
FILLER_0_29_190, 89.14, 87.04, 0.00346442
_11150_, 101.94, 87.04, 0.00346615
_15840_, 101.94, 87.04, 0.00346615
hold91, 101.94, 87.04, 0.00346615
FILLER_0_28_197, 101.94, 87.04, 0.00346615
FILLER_0_28_208, 101.94, 87.04, 0.00346615
FILLER_0_28_221, 101.94, 87.04, 0.00346615
FILLER_0_29_217, 101.94, 87.04, 0.00346615
_09858_, 114.74, 87.04, 0.00346402
_11080_, 114.74, 87.04, 0.00346402
_15265_, 114.74, 87.04, 0.00346402
clkbuf_leaf_201_clk, 114.74, 87.04, 0.00346402
FILLER_0_28_249, 114.74, 87.04, 0.00346402
FILLER_0_29_241, 114.74, 87.04, 0.00346402
_11194_, 127.54, 87.04, 0.00342689
_11736_, 127.54, 87.04, 0.00342689
_15492_, 127.54, 87.04, 0.00342689
_15493_, 127.54, 87.04, 0.00342689
hold290, 127.54, 87.04, 0.00342689
hold311, 127.54, 87.04, 0.00342689
_11747_, 140.34, 87.04, 0.00337893
_11749_, 140.34, 87.04, 0.00337893
clkbuf_leaf_199_clk, 140.34, 87.04, 0.00337893
hold289, 140.34, 87.04, 0.00337893
FILLER_0_28_304, 140.34, 87.04, 0.00337893
FILLER_0_29_305, 140.34, 87.04, 0.00337893
_11079_, 153.14, 87.04, 0.00330523
_11923_, 153.14, 87.04, 0.00330523
_11925_, 153.14, 87.04, 0.00330523
_11927_, 153.14, 87.04, 0.00330523
_15497_, 153.14, 87.04, 0.00330523
hold300, 153.14, 87.04, 0.00330523
FILLER_0_28_309, 153.14, 87.04, 0.00330523
FILLER_0_29_322, 153.14, 87.04, 0.00330523
FILLER_0_29_332, 153.14, 87.04, 0.00330523
_11928_, 165.94, 87.04, 0.00322512
hold438, 165.94, 87.04, 0.00322512
FILLER_0_28_357, 165.94, 87.04, 0.00322512
_11940_, 191.54, 87.04, 0.00315894
_13989_, 191.54, 87.04, 0.00315894
FILLER_0_27_393, 191.54, 87.04, 0.00315894
FILLER_0_27_401, 191.54, 87.04, 0.00315894
FILLER_0_28_401, 191.54, 87.04, 0.00315894
FILLER_0_28_411, 191.54, 87.04, 0.00315894
FILLER_0_29_417, 191.54, 87.04, 0.00315894
_13953_, 204.34, 87.04, 0.00317137
_13975_, 204.34, 87.04, 0.00317137
_13976_, 204.34, 87.04, 0.00317137
_13988_, 204.34, 87.04, 0.00317137
FILLER_0_28_424, 204.34, 87.04, 0.00317137
FILLER_0_29_442, 204.34, 87.04, 0.00317137
_13961_, 217.14, 87.04, 0.00318212
FILLER_0_27_458, 217.14, 87.04, 0.00318212
FILLER_0_28_469, 217.14, 87.04, 0.00318212
_14078_, 229.94, 87.04, 0.00319281
_14105_, 229.94, 87.04, 0.00319281
FILLER_0_28_477, 229.94, 87.04, 0.00319281
FILLER_0_28_498, 229.94, 87.04, 0.00319281
FILLER_0_29_497, 229.94, 87.04, 0.00319281
_12277_, 242.74, 87.04, 0.00320106
_12348_, 242.74, 87.04, 0.00320106
_12406_, 242.74, 87.04, 0.00320106
FILLER_0_28_514, 242.74, 87.04, 0.00320106
_12276_, 255.54, 87.04, 0.00320692
_12282_, 255.54, 87.04, 0.00320692
_12286_, 255.54, 87.04, 0.00320692
_12347_, 255.54, 87.04, 0.00320692
_12349_, 255.54, 87.04, 0.00320692
_12407_, 255.54, 87.04, 0.00320692
FILLER_0_27_536, 255.54, 87.04, 0.00320692
FILLER_0_28_544, 255.54, 87.04, 0.00320692
FILLER_0_29_555, 255.54, 87.04, 0.00320692
_10857_, 268.34, 87.04, 0.00320257
_10981_, 268.34, 87.04, 0.00320257
_11050_, 268.34, 87.04, 0.00320257
_11051_, 268.34, 87.04, 0.00320257
_12285_, 268.34, 87.04, 0.00320257
FILLER_0_28_570, 268.34, 87.04, 0.00320257
FILLER_0_29_575, 268.34, 87.04, 0.00320257
_10925_, 281.14, 87.04, 0.00319224
_11052_, 281.14, 87.04, 0.00319224
FILLER_0_28_609, 281.14, 87.04, 0.00319224
_10123_, 293.94, 87.04, 0.00317854
_10124_, 293.94, 87.04, 0.00317854
_10349_, 293.94, 87.04, 0.00317854
_10549_, 293.94, 87.04, 0.00317854
_10973_, 293.94, 87.04, 0.00317854
_10975_, 293.94, 87.04, 0.00317854
FILLER_0_28_639, 293.94, 87.04, 0.00317854
FILLER_0_29_628, 293.94, 87.04, 0.00317854
_10122_, 306.74, 87.04, 0.00315507
_10972_, 306.74, 87.04, 0.00315507
_12663_, 306.74, 87.04, 0.00315507
_15820_, 306.74, 87.04, 0.00315507
FILLER_0_28_657, 306.74, 87.04, 0.00315507
FILLER_0_29_657, 306.74, 87.04, 0.00315507
_12947_, 319.54, 87.04, 0.00312657
_12948_, 319.54, 87.04, 0.00312657
hold1293, 319.54, 87.04, 0.00312657
FILLER_0_28_692, 319.54, 87.04, 0.00312657
_08685_, 344.971, 87.04, 0.00314758
_11377_, 344.971, 87.04, 0.00314758
FILLER_0_27_729, 344.971, 87.04, 0.00314758
_12803_, 357.603, 87.04, 0.00318987
_15379_, 357.603, 87.04, 0.00318987
FILLER_0_27_756, 357.603, 87.04, 0.00318987
FILLER_0_27_764, 357.603, 87.04, 0.00318987
FILLER_0_28_757, 357.603, 87.04, 0.00318987
FILLER_0_29_773, 357.603, 87.04, 0.00318987
_07422_, 370.235, 87.04, 0.0032281
hold1581, 370.235, 87.04, 0.0032281
_12984_, 382.866, 87.04, 0.00326593
_12985_, 382.866, 87.04, 0.00326593
_15347_, 382.866, 87.04, 0.00326593
FILLER_0_27_809, 382.866, 87.04, 0.00326593
FILLER_0_27_817, 382.866, 87.04, 0.00326593
FILLER_0_28_830, 382.866, 87.04, 0.00326593
_12037_, 395.498, 87.04, 0.00330027
_15169_, 395.498, 87.04, 0.00330027
_15603_, 395.498, 87.04, 0.00330027
clkbuf_leaf_169_clk, 395.498, 87.04, 0.00330027
FILLER_0_28_855, 395.498, 87.04, 0.00330027
_09612_, 408.13, 87.04, 0.003306
_09613_, 408.13, 87.04, 0.003306
_12802_, 408.13, 87.04, 0.003306
FILLER_0_27_869, 408.13, 87.04, 0.003306
_11456_, 420.761, 87.04, 0.00331059
_13855_, 420.761, 87.04, 0.00331059
hold354, 420.761, 87.04, 0.00331059
FILLER_0_27_897, 420.761, 87.04, 0.00331059
FILLER_0_28_891, 420.761, 87.04, 0.00331059
FILLER_0_28_904, 420.761, 87.04, 0.00331059
FILLER_0_28_912, 420.761, 87.04, 0.00331059
FILLER_0_29_913, 420.761, 87.04, 0.00331059
_11370_, 433.393, 87.04, 0.00331457
_13883_, 433.393, 87.04, 0.00331457
hold418, 433.393, 87.04, 0.00331457
hold698, 433.393, 87.04, 0.00331457
FILLER_0_27_926, 433.393, 87.04, 0.00331457
FILLER_0_28_933, 433.393, 87.04, 0.00331457
FILLER_0_29_935, 433.393, 87.04, 0.00331457
FILLER_0_27_946, 446.025, 87.04, 0.00331831
_09751_, 458.656, 87.04, 0.00332205
FILLER_0_28_973, 458.656, 87.04, 0.00332205
FILLER_0_29_986, 458.656, 87.04, 0.00332205
_08639_, 471.288, 87.04, 0.00332575
_08680_, 471.288, 87.04, 0.00332575
_09655_, 471.288, 87.04, 0.00332575
_15189_, 471.288, 87.04, 0.00332575
FILLER_0_27_1005, 471.288, 87.04, 0.00332575
FILLER_0_28_1005, 471.288, 87.04, 0.00332575
FILLER_0_29_1026, 471.288, 87.04, 0.00332575
PHY_50, 5.52, 81.6, 0.00340201
PHY_52, 5.52, 81.6, 0.00340201
input27, 5.52, 81.6, 0.00340201
PHY_51, 483.92, 81.6, 0.0037153
PHY_53, 483.92, 81.6, 0.0037153
input14, 483.92, 81.6, 0.0037153
FILLER_0_26_1033, 483.92, 81.6, 0.0037153
_11578_, 15.33, 81.6, 0.00340185
FILLER_0_26_18, 15.33, 81.6, 0.00340185
FILLER_0_26_29, 15.33, 81.6, 0.00340185
_15680_, 37.94, 81.6, 0.00343224
_16490_, 37.94, 81.6, 0.00343224
clkbuf_leaf_1_clk, 37.94, 81.6, 0.00343224
FILLER_0_25_57, 37.94, 81.6, 0.00343224
FILLER_0_25_65, 37.94, 81.6, 0.00343224
FILLER_0_26_77, 37.94, 81.6, 0.00343224
_14536_, 50.74, 81.6, 0.00343555
_15664_, 50.74, 81.6, 0.00343555
_15746_, 50.74, 81.6, 0.00343555
_12066_, 63.54, 81.6, 0.00343194
_12247_, 63.54, 81.6, 0.00343194
_15616_, 63.54, 81.6, 0.00343194
FILLER_0_25_113, 63.54, 81.6, 0.00343194
FILLER_0_26_136, 63.54, 81.6, 0.00343194
_16362_, 76.34, 81.6, 0.00342474
FILLER_0_26_141, 76.34, 81.6, 0.00342474
FILLER_0_26_163, 76.34, 81.6, 0.00342474
_14361_, 89.14, 81.6, 0.00341412
_14383_, 89.14, 81.6, 0.00341412
_16394_, 89.14, 81.6, 0.00341412
FILLER_0_25_169, 89.14, 81.6, 0.00341412
FILLER_0_26_187, 89.14, 81.6, 0.00341412
_11148_, 101.94, 81.6, 0.00339992
_11149_, 101.94, 81.6, 0.00339992
_15264_, 101.94, 81.6, 0.00339992
_16426_, 101.94, 81.6, 0.00339992
hold120, 101.94, 81.6, 0.00339992
FILLER_0_25_205, 101.94, 81.6, 0.00339992
FILLER_0_26_216, 101.94, 81.6, 0.00339992
FILLER_0_27_221, 101.94, 81.6, 0.00339992
_11132_, 114.74, 81.6, 0.00337634
_11142_, 114.74, 81.6, 0.00337634
_11724_, 114.74, 81.6, 0.00337634
hold2, 114.74, 81.6, 0.00337634
FILLER_0_25_233, 114.74, 81.6, 0.00337634
FILLER_0_26_237, 114.74, 81.6, 0.00337634
_15491_, 127.54, 81.6, 0.00335065
_15494_, 127.54, 81.6, 0.00335065
hold4, 127.54, 81.6, 0.00335065
hold333, 127.54, 81.6, 0.00335065
FILLER_0_25_254, 127.54, 81.6, 0.00335065
FILLER_0_25_265, 127.54, 81.6, 0.00335065
_11722_, 140.34, 81.6, 0.00331531
_11733_, 140.34, 81.6, 0.00331531
_15498_, 140.34, 81.6, 0.00331531
FILLER_0_25_281, 140.34, 81.6, 0.00331531
FILLER_0_25_290, 140.34, 81.6, 0.00331531
_15495_, 153.14, 81.6, 0.00327445
hold291, 153.14, 81.6, 0.00327445
FILLER_0_26_333, 153.14, 81.6, 0.00327445
FILLER_0_27_325, 153.14, 81.6, 0.00327445
FILLER_0_27_333, 153.14, 81.6, 0.00327445
_11963_, 165.94, 81.6, 0.00322885
_11978_, 165.94, 81.6, 0.00322885
_15515_, 165.94, 81.6, 0.00322885
hold307, 165.94, 81.6, 0.00322885
FILLER_0_26_355, 165.94, 81.6, 0.00322885
FILLER_0_27_349, 165.94, 81.6, 0.00322885
FILLER_0_27_357, 165.94, 81.6, 0.00322885
_09807_, 191.54, 81.6, 0.00319668
_13973_, 191.54, 81.6, 0.00319668
_13974_, 191.54, 81.6, 0.00319668
_13990_, 191.54, 81.6, 0.00319668
_13991_, 191.54, 81.6, 0.00319668
_14018_, 191.54, 81.6, 0.00319668
FILLER_0_25_393, 191.54, 81.6, 0.00319668
FILLER_0_27_407, 191.54, 81.6, 0.00319668
_12003_, 204.34, 81.6, 0.00321222
_13948_, 204.34, 81.6, 0.00321222
_13980_, 204.34, 81.6, 0.00321222
_13992_, 204.34, 81.6, 0.00321222
_14090_, 204.34, 81.6, 0.00321222
FILLER_0_25_421, 204.34, 81.6, 0.00321222
FILLER_0_26_428, 204.34, 81.6, 0.00321222
FILLER_0_27_433, 204.34, 81.6, 0.00321222
FILLER_0_27_444, 204.34, 81.6, 0.00321222
_13995_, 217.14, 81.6, 0.00322464
_13996_, 217.14, 81.6, 0.00322464
_13997_, 217.14, 81.6, 0.00322464
_13999_, 217.14, 81.6, 0.00322464
_14001_, 217.14, 81.6, 0.00322464
_14011_, 217.14, 81.6, 0.00322464
_14012_, 217.14, 81.6, 0.00322464
FILLER_0_26_456, 217.14, 81.6, 0.00322464
_14106_, 229.94, 81.6, 0.00323506
FILLER_0_25_482, 229.94, 81.6, 0.00323506
FILLER_0_26_489, 229.94, 81.6, 0.00323506
FILLER_0_27_493, 229.94, 81.6, 0.00323506
FILLER_0_27_501, 229.94, 81.6, 0.00323506
_14108_, 242.74, 81.6, 0.00324399
FILLER_0_26_525, 242.74, 81.6, 0.00324399
FILLER_0_27_529, 242.74, 81.6, 0.00324399
_12281_, 255.54, 81.6, 0.00325287
_12342_, 255.54, 81.6, 0.00325287
FILLER_0_26_545, 255.54, 81.6, 0.00325287
FILLER_0_27_544, 255.54, 81.6, 0.00325287
FILLER_0_27_554, 255.54, 81.6, 0.00325287
_10429_, 268.34, 81.6, 0.00325634
_12283_, 268.34, 81.6, 0.00325634
_12329_, 268.34, 81.6, 0.00325634
FILLER_0_25_561, 268.34, 81.6, 0.00325634
FILLER_0_25_569, 268.34, 81.6, 0.00325634
FILLER_0_26_573, 268.34, 81.6, 0.00325634
FILLER_0_26_583, 268.34, 81.6, 0.00325634
FILLER_0_27_580, 268.34, 81.6, 0.00325634
_10614_, 281.14, 81.6, 0.00325284
_11055_, 281.14, 81.6, 0.00325284
FILLER_0_26_613, 281.14, 81.6, 0.00325284
_10125_, 293.94, 81.6, 0.00324722
_10347_, 293.94, 81.6, 0.00324722
_10350_, 293.94, 81.6, 0.00324722
_10974_, 293.94, 81.6, 0.00324722
FILLER_0_25_617, 293.94, 81.6, 0.00324722
_10978_, 306.74, 81.6, 0.00322692
_12670_, 306.74, 81.6, 0.00322692
FILLER_0_27_667, 306.74, 81.6, 0.00322692
_12813_, 319.54, 81.6, 0.0032062
_15865_, 319.54, 81.6, 0.0032062
_15867_, 319.54, 81.6, 0.0032062
hold367, 319.54, 81.6, 0.0032062
FILLER_0_25_669, 319.54, 81.6, 0.0032062
FILLER_0_26_680, 319.54, 81.6, 0.0032062
FILLER_0_27_685, 319.54, 81.6, 0.0032062
_08658_, 344.971, 81.6, 0.003261
_08694_, 344.971, 81.6, 0.003261
_12832_, 344.971, 81.6, 0.003261
_12946_, 344.971, 81.6, 0.003261
FILLER_0_25_725, 344.971, 81.6, 0.003261
FILLER_0_25_729, 344.971, 81.6, 0.003261
_08667_, 357.603, 81.6, 0.00332772
_08684_, 357.603, 81.6, 0.00332772
_11478_, 357.603, 81.6, 0.00332772
hold352, 357.603, 81.6, 0.00332772
_12831_, 370.235, 81.6, 0.00338456
_12944_, 370.235, 81.6, 0.00338456
_12945_, 370.235, 81.6, 0.00338456
FILLER_0_25_785, 370.235, 81.6, 0.00338456
FILLER_0_26_788, 370.235, 81.6, 0.00338456
FILLER_0_26_796, 370.235, 81.6, 0.00338456
FILLER_0_27_797, 370.235, 81.6, 0.00338456
_07439_, 382.866, 81.6, 0.0034398
_12036_, 382.866, 81.6, 0.0034398
_15896_, 382.866, 81.6, 0.0034398
hold1589, 382.866, 81.6, 0.0034398
FILLER_0_26_808, 382.866, 81.6, 0.0034398
FILLER_0_26_825, 382.866, 81.6, 0.0034398
_08683_, 395.498, 81.6, 0.00349115
FILLER_0_25_841, 395.498, 81.6, 0.00349115
FILLER_0_26_859, 395.498, 81.6, 0.00349115
_09620_, 408.13, 81.6, 0.00354246
_15367_, 408.13, 81.6, 0.00354246
FILLER_0_25_865, 408.13, 81.6, 0.00354246
FILLER_0_26_869, 408.13, 81.6, 0.00354246
FILLER_0_26_880, 408.13, 81.6, 0.00354246
FILLER_0_26_888, 408.13, 81.6, 0.00354246
_07438_, 420.761, 81.6, 0.00359027
_12829_, 420.761, 81.6, 0.00359027
_12943_, 420.761, 81.6, 0.00359027
hold361, 420.761, 81.6, 0.00359027
FILLER_0_26_912, 420.761, 81.6, 0.00359027
_07440_, 433.393, 81.6, 0.00363546
_11378_, 433.393, 81.6, 0.00363546
_16287_, 433.393, 81.6, 0.00363546
hold393, 433.393, 81.6, 0.00363546
_09723_, 446.025, 81.6, 0.00367582
_15319_, 446.025, 81.6, 0.00367582
_16336_, 446.025, 81.6, 0.00367582
hold382, 446.025, 81.6, 0.00367582
FILLER_0_25_947, 446.025, 81.6, 0.00367582
FILLER_0_27_965, 446.025, 81.6, 0.00367582
_09689_, 458.656, 81.6, 0.00370931
_09690_, 458.656, 81.6, 0.00370931
_09724_, 458.656, 81.6, 0.00370931
_15221_, 458.656, 81.6, 0.00370931
clkbuf_leaf_162_clk, 458.656, 81.6, 0.00370931
FILLER_0_25_975, 458.656, 81.6, 0.00370931
FILLER_0_26_986, 458.656, 81.6, 0.00370931
_09760_, 471.288, 81.6, 0.00371397
_15205_, 471.288, 81.6, 0.00371397
FILLER_0_25_1012, 471.288, 81.6, 0.00371397
FILLER_0_26_1025, 471.288, 81.6, 0.00371397
PHY_46, 5.52, 76.16, 0.00341987
PHY_48, 5.52, 76.16, 0.00341987
_08672_, 483.92, 76.16, 0.00342569
PHY_47, 483.92, 76.16, 0.00342569
PHY_49, 483.92, 76.16, 0.00342569
FILLER_0_24_1033, 483.92, 76.16, 0.00342569
_15425_, 15.33, 76.16, 0.00341987
_15647_, 15.33, 76.16, 0.00341987
hold92, 15.33, 76.16, 0.00341987
FILLER_0_23_15, 15.33, 76.16, 0.00341987
_12089_, 37.94, 76.16, 0.00343743
hold48, 37.94, 76.16, 0.00343743
FILLER_0_24_80, 37.94, 76.16, 0.00343743
_12451_, 50.74, 76.16, 0.00346016
clkbuf_leaf_0_clk, 50.74, 76.16, 0.00346016
hold196, 50.74, 76.16, 0.00346016
FILLER_0_24_85, 50.74, 76.16, 0.00346016
FILLER_0_25_105, 50.74, 76.16, 0.00346016
_15727_, 63.54, 76.16, 0.00345829
hold225, 63.54, 76.16, 0.00345829
FILLER_0_24_115, 63.54, 76.16, 0.00345829
FILLER_0_24_123, 63.54, 76.16, 0.00345829
FILLER_0_24_134, 63.54, 76.16, 0.00345829
_11139_, 76.34, 76.16, 0.00345289
FILLER_0_25_157, 76.34, 76.16, 0.00345289
FILLER_0_25_165, 76.34, 76.16, 0.00345289
_11133_, 89.14, 76.16, 0.00344682
_11506_, 89.14, 76.16, 0.00344682
_12244_, 89.14, 76.16, 0.00344682
_14405_, 89.14, 76.16, 0.00344682
_16409_, 89.14, 76.16, 0.00344682
hold94, 89.14, 76.16, 0.00344682
FILLER_0_25_187, 89.14, 76.16, 0.00344682
_11140_, 101.94, 76.16, 0.00343269
_11141_, 101.94, 76.16, 0.00343269
_14360_, 101.94, 76.16, 0.00343269
_16425_, 101.94, 76.16, 0.00343269
hold215, 101.94, 76.16, 0.00343269
FILLER_0_24_204, 101.94, 76.16, 0.00343269
FILLER_0_24_221, 101.94, 76.16, 0.00343269
FILLER_0_25_219, 101.94, 76.16, 0.00343269
_11082_, 114.74, 76.16, 0.00341462
_11097_, 114.74, 76.16, 0.00341462
_11161_, 114.74, 76.16, 0.00341462
_15487_, 114.74, 76.16, 0.00341462
FILLER_0_23_225, 114.74, 76.16, 0.00341462
FILLER_0_23_233, 114.74, 76.16, 0.00341462
FILLER_0_24_236, 114.74, 76.16, 0.00341462
FILLER_0_24_244, 114.74, 76.16, 0.00341462
_11725_, 127.54, 76.16, 0.00338603
_11734_, 127.54, 76.16, 0.00338603
_11740_, 127.54, 76.16, 0.00338603
_15485_, 127.54, 76.16, 0.00338603
FILLER_0_23_260, 127.54, 76.16, 0.00338603
FILLER_0_24_253, 127.54, 76.16, 0.00338603
_11745_, 140.34, 76.16, 0.00335236
_15496_, 140.34, 76.16, 0.00335236
hold309, 140.34, 76.16, 0.00335236
hold342, 140.34, 76.16, 0.00335236
FILLER_0_23_289, 140.34, 76.16, 0.00335236
FILLER_0_24_290, 140.34, 76.16, 0.00335236
FILLER_0_24_305, 140.34, 76.16, 0.00335236
_11793_, 153.14, 76.16, 0.00331251
_11795_, 153.14, 76.16, 0.00331251
_15517_, 153.14, 76.16, 0.00331251
hold292, 153.14, 76.16, 0.00331251
hold306, 153.14, 76.16, 0.00331251
hold330, 153.14, 76.16, 0.00331251
FILLER_0_24_317, 153.14, 76.16, 0.00331251
FILLER_0_25_329, 153.14, 76.16, 0.00331251
_11980_, 165.94, 76.16, 0.00326546
_11981_, 165.94, 76.16, 0.00326546
_15516_, 165.94, 76.16, 0.00326546
hold278, 165.94, 76.16, 0.00326546
_14019_, 191.54, 76.16, 0.00322462
_14020_, 191.54, 76.16, 0.00322462
hold371, 191.54, 76.16, 0.00322462
FILLER_0_24_411, 191.54, 76.16, 0.00322462
_14000_, 217.14, 76.16, 0.00324578
_14013_, 217.14, 76.16, 0.00324578
_14014_, 217.14, 76.16, 0.00324578
_14017_, 217.14, 76.16, 0.00324578
_14023_, 217.14, 76.16, 0.00324578
FILLER_0_24_457, 217.14, 76.16, 0.00324578
FILLER_0_24_473, 217.14, 76.16, 0.00324578
_14081_, 229.94, 76.16, 0.00325562
_14083_, 229.94, 76.16, 0.00325562
_14107_, 229.94, 76.16, 0.00325562
_14109_, 229.94, 76.16, 0.00325562
_14132_, 229.94, 76.16, 0.00325562
FILLER_0_24_477, 229.94, 76.16, 0.00325562
_14082_, 242.74, 76.16, 0.00326328
_14128_, 242.74, 76.16, 0.00326328
_14131_, 242.74, 76.16, 0.00326328
_14263_, 242.74, 76.16, 0.00326328
_14264_, 242.74, 76.16, 0.00326328
FILLER_0_23_508, 242.74, 76.16, 0.00326328
FILLER_0_24_514, 242.74, 76.16, 0.00326328
_12284_, 255.54, 76.16, 0.00326776
_14265_, 255.54, 76.16, 0.00326776
_14266_, 255.54, 76.16, 0.00326776
_14267_, 255.54, 76.16, 0.00326776
_14268_, 255.54, 76.16, 0.00326776
_14285_, 255.54, 76.16, 0.00326776
FILLER_0_24_539, 255.54, 76.16, 0.00326776
FILLER_0_25_548, 255.54, 76.16, 0.00326776
_10488_, 268.34, 76.16, 0.00326711
_10490_, 268.34, 76.16, 0.00326711
_10491_, 268.34, 76.16, 0.00326711
FILLER_0_24_573, 268.34, 76.16, 0.00326711
FILLER_0_24_582, 268.34, 76.16, 0.00326711
_10135_, 281.14, 76.16, 0.00326051
_10489_, 281.14, 76.16, 0.00326051
_10553_, 281.14, 76.16, 0.00326051
_10615_, 281.14, 76.16, 0.00326051
FILLER_0_25_607, 281.14, 76.16, 0.00326051
_10354_, 293.94, 76.16, 0.00324756
_10358_, 293.94, 76.16, 0.00324756
_10977_, 306.74, 76.16, 0.0032313
_10979_, 306.74, 76.16, 0.0032313
_10980_, 306.74, 76.16, 0.0032313
_12671_, 306.74, 76.16, 0.0032313
_15824_, 306.74, 76.16, 0.0032313
FILLER_0_23_643, 306.74, 76.16, 0.0032313
FILLER_0_24_654, 306.74, 76.16, 0.0032313
FILLER_0_25_656, 306.74, 76.16, 0.0032313
_12826_, 319.54, 76.16, 0.00320592
_12827_, 319.54, 76.16, 0.00320592
FILLER_0_24_678, 319.54, 76.16, 0.00320592
FILLER_0_24_689, 319.54, 76.16, 0.00320592
_12812_, 344.971, 76.16, 0.00321477
_12819_, 344.971, 76.16, 0.00321477
_12838_, 344.971, 76.16, 0.00321477
FILLER_0_24_750, 344.971, 76.16, 0.00321477
_12825_, 357.603, 76.16, 0.00324818
_15383_, 357.603, 76.16, 0.00324818
FILLER_0_25_778, 357.603, 76.16, 0.00324818
_12824_, 370.235, 76.16, 0.00327772
_12830_, 370.235, 76.16, 0.00327772
FILLER_0_24_784, 370.235, 76.16, 0.00327772
_12045_, 382.866, 76.16, 0.00330619
_12992_, 382.866, 76.16, 0.00330619
_15351_, 382.866, 76.16, 0.00330619
hold350, 382.866, 76.16, 0.00330619
FILLER_0_23_812, 382.866, 76.16, 0.00330619
FILLER_0_24_813, 382.866, 76.16, 0.00330619
FILLER_0_25_832, 382.866, 76.16, 0.00330619
_08682_, 395.498, 76.16, 0.00333109
_15607_, 395.498, 76.16, 0.00333109
FILLER_0_24_859, 395.498, 76.16, 0.00333109
_09621_, 408.13, 76.16, 0.00335252
_11460_, 408.13, 76.16, 0.00335252
hold879, 408.13, 76.16, 0.00335252
_07434_, 420.761, 76.16, 0.00337375
_13859_, 420.761, 76.16, 0.00337375
FILLER_0_23_897, 420.761, 76.16, 0.00337375
FILLER_0_24_905, 420.761, 76.16, 0.00337375
_16303_, 433.393, 76.16, 0.00339448
_16304_, 433.393, 76.16, 0.00339448
hold372, 433.393, 76.16, 0.00339448
FILLER_0_23_923, 433.393, 76.16, 0.00339448
FILLER_0_24_919, 433.393, 76.16, 0.00339448
FILLER_0_24_925, 433.393, 76.16, 0.00339448
FILLER_0_24_933, 433.393, 76.16, 0.00339448
_13940_, 446.025, 76.16, 0.00340836
_15318_, 446.025, 76.16, 0.00340836
hold400, 446.025, 76.16, 0.00340836
hold417, 446.025, 76.16, 0.00340836
FILLER_0_23_945, 446.025, 76.16, 0.00340836
FILLER_0_24_944, 446.025, 76.16, 0.00340836
FILLER_0_25_961, 446.025, 76.16, 0.00340836
_09652_, 458.656, 76.16, 0.00341866
_09654_, 458.656, 76.16, 0.00341866
_09722_, 458.656, 76.16, 0.00341866
_09759_, 458.656, 76.16, 0.00341866
_15220_, 458.656, 76.16, 0.00341866
FILLER_0_24_975, 458.656, 76.16, 0.00341866
_08671_, 471.288, 76.16, 0.00342552
_09758_, 471.288, 76.16, 0.00342552
_15188_, 471.288, 76.16, 0.00342552
_15238_, 471.288, 76.16, 0.00342552
PHY_42, 5.52, 70.72, 0.00343202
PHY_44, 5.52, 70.72, 0.00343202
FILLER_0_22_3, 5.52, 70.72, 0.00343202
PHY_43, 483.92, 70.72, 0.00360365
PHY_45, 483.92, 70.72, 0.00360365
FILLER_0_21_1033, 483.92, 70.72, 0.00360365
FILLER_0_22_1029, 483.92, 70.72, 0.00360365
_15424_, 15.33, 70.72, 0.00343202
hold161, 15.33, 70.72, 0.00343202
_15679_, 37.94, 70.72, 0.00345023
_16489_, 37.94, 70.72, 0.00345023
hold42, 37.94, 70.72, 0.00345023
hold131, 37.94, 70.72, 0.00345023
FILLER_0_21_65, 37.94, 70.72, 0.00345023
FILLER_0_22_63, 37.94, 70.72, 0.00345023
_11138_, 50.74, 70.72, 0.00346408
_15663_, 50.74, 70.72, 0.00346408
hold224, 50.74, 70.72, 0.00346408
FILLER_0_23_109, 50.74, 70.72, 0.00346408
_12217_, 63.54, 70.72, 0.00347368
_15615_, 63.54, 70.72, 0.00347368
_15711_, 63.54, 70.72, 0.00347368
hold188, 63.54, 70.72, 0.00347368
hold191, 63.54, 70.72, 0.00347368
_11135_, 76.34, 70.72, 0.00347616
_16361_, 76.34, 70.72, 0.00347616
hold65, 76.34, 70.72, 0.00347616
FILLER_0_21_146, 76.34, 70.72, 0.00347616
FILLER_0_22_162, 76.34, 70.72, 0.00347616
_14303_, 89.14, 70.72, 0.00347442
_14382_, 89.14, 70.72, 0.00347442
_16393_, 89.14, 70.72, 0.00347442
hold83, 89.14, 70.72, 0.00347442
FILLER_0_22_192, 89.14, 70.72, 0.00347442
FILLER_0_23_189, 89.14, 70.72, 0.00347442
_14404_, 101.94, 70.72, 0.00346901
_15839_, 101.94, 70.72, 0.00346901
hold69, 101.94, 70.72, 0.00346901
FILLER_0_22_197, 101.94, 70.72, 0.00346901
FILLER_0_23_217, 101.94, 70.72, 0.00346901
_11129_, 114.74, 70.72, 0.00345999
_11723_, 114.74, 70.72, 0.00345999
_11727_, 114.74, 70.72, 0.00345999
_11729_, 114.74, 70.72, 0.00345999
_15263_, 114.74, 70.72, 0.00345999
FILLER_0_22_244, 114.74, 70.72, 0.00345999
_11711_, 127.54, 70.72, 0.0034413
_11718_, 127.54, 70.72, 0.0034413
_11719_, 127.54, 70.72, 0.0034413
_15486_, 127.54, 70.72, 0.0034413
FILLER_0_21_258, 127.54, 70.72, 0.0034413
FILLER_0_22_264, 127.54, 70.72, 0.0034413
_11714_, 140.34, 70.72, 0.00341692
_11715_, 140.34, 70.72, 0.00341692
_11743_, 140.34, 70.72, 0.00341692
_15483_, 140.34, 70.72, 0.00341692
hold341, 140.34, 70.72, 0.00341692
FILLER_0_23_305, 140.34, 70.72, 0.00341692
_11791_, 153.14, 70.72, 0.00338587
_11797_, 153.14, 70.72, 0.00338587
_15518_, 153.14, 70.72, 0.00338587
clkbuf_leaf_198_clk, 153.14, 70.72, 0.00338587
FILLER_0_22_309, 153.14, 70.72, 0.00338587
FILLER_0_22_331, 153.14, 70.72, 0.00338587
_11982_, 165.94, 70.72, 0.00332635
FILLER_0_22_354, 165.94, 70.72, 0.00332635
FILLER_0_23_359, 165.94, 70.72, 0.00332635
_14021_, 191.54, 70.72, 0.00329146
_14022_, 191.54, 70.72, 0.00329146
_14046_, 191.54, 70.72, 0.00329146
clkbuf_leaf_195_clk, 191.54, 70.72, 0.00329146
hold369, 191.54, 70.72, 0.00329146
FILLER_0_22_391, 191.54, 70.72, 0.00329146
FILLER_0_22_405, 191.54, 70.72, 0.00329146
FILLER_0_22_414, 191.54, 70.72, 0.00329146
FILLER_0_23_405, 191.54, 70.72, 0.00329146
_12006_, 204.34, 70.72, 0.0032991
_14047_, 204.34, 70.72, 0.0032991
_14049_, 204.34, 70.72, 0.0032991
_14050_, 204.34, 70.72, 0.0032991
FILLER_0_23_433, 204.34, 70.72, 0.0032991
_14015_, 217.14, 70.72, 0.00330407
_14016_, 217.14, 70.72, 0.00330407
_14024_, 217.14, 70.72, 0.00330407
_14043_, 217.14, 70.72, 0.00330407
FILLER_0_22_455, 217.14, 70.72, 0.00330407
_14038_, 229.94, 70.72, 0.00330782
_14041_, 229.94, 70.72, 0.00330782
_14042_, 229.94, 70.72, 0.00330782
_14045_, 229.94, 70.72, 0.00330782
_14080_, 229.94, 70.72, 0.00330782
_14129_, 229.94, 70.72, 0.00330782
FILLER_0_23_488, 229.94, 70.72, 0.00330782
_14130_, 242.74, 70.72, 0.00330919
_14282_, 242.74, 70.72, 0.00330919
_14283_, 242.74, 70.72, 0.00330919
_14286_, 242.74, 70.72, 0.00330919
_14269_, 255.54, 70.72, 0.0033094
_14284_, 255.54, 70.72, 0.0033094
_12608_, 268.34, 70.72, 0.00330807
_12609_, 268.34, 70.72, 0.00330807
_14171_, 268.34, 70.72, 0.00330807
_14198_, 268.34, 70.72, 0.00330807
_14200_, 268.34, 70.72, 0.00330807
_14218_, 268.34, 70.72, 0.00330807
FILLER_0_22_564, 268.34, 70.72, 0.00330807
FILLER_0_22_581, 268.34, 70.72, 0.00330807
FILLER_0_23_585, 268.34, 70.72, 0.00330807
_10268_, 281.14, 70.72, 0.00330277
_10357_, 281.14, 70.72, 0.00330277
FILLER_0_22_601, 281.14, 70.72, 0.00330277
FILLER_0_23_602, 281.14, 70.72, 0.00330277
_10129_, 293.94, 70.72, 0.00329525
_10131_, 293.94, 70.72, 0.00329525
_10269_, 293.94, 70.72, 0.00329525
_10355_, 293.94, 70.72, 0.00329525
FILLER_0_22_623, 293.94, 70.72, 0.00329525
_10352_, 306.74, 70.72, 0.00328613
_10356_, 306.74, 70.72, 0.00328613
_12668_, 306.74, 70.72, 0.00328613
_12669_, 306.74, 70.72, 0.00328613
_13826_, 306.74, 70.72, 0.00328613
_13828_, 306.74, 70.72, 0.00328613
_13830_, 306.74, 70.72, 0.00328613
_15823_, 306.74, 70.72, 0.00328613
FILLER_0_22_651, 306.74, 70.72, 0.00328613
FILLER_0_23_664, 306.74, 70.72, 0.00328613
_10351_, 319.54, 70.72, 0.00326395
_12941_, 319.54, 70.72, 0.00326395
hold364, 319.54, 70.72, 0.00326395
_08676_, 344.971, 70.72, 0.00329936
_12940_, 344.971, 70.72, 0.00329936
_13829_, 344.971, 70.72, 0.00329936
_13831_, 344.971, 70.72, 0.00329936
FILLER_0_21_736, 344.971, 70.72, 0.00329936
FILLER_0_22_729, 344.971, 70.72, 0.00329936
FILLER_0_23_739, 344.971, 70.72, 0.00329936
_08675_, 357.603, 70.72, 0.00334789
_11482_, 357.603, 70.72, 0.00334789
_12938_, 357.603, 70.72, 0.00334789
hold358, 357.603, 70.72, 0.00334789
FILLER_0_22_752, 357.603, 70.72, 0.00334789
FILLER_0_22_765, 357.603, 70.72, 0.00334789
FILLER_0_23_766, 357.603, 70.72, 0.00334789
_12939_, 370.235, 70.72, 0.00339489
hold1582, 370.235, 70.72, 0.00339489
FILLER_0_22_803, 370.235, 70.72, 0.00339489
FILLER_0_23_804, 370.235, 70.72, 0.00339489
_11438_, 382.866, 70.72, 0.0034414
_12044_, 382.866, 70.72, 0.0034414
_12993_, 382.866, 70.72, 0.0034414
_15900_, 382.866, 70.72, 0.0034414
hold1587, 382.866, 70.72, 0.0034414
FILLER_0_21_818, 382.866, 70.72, 0.0034414
FILLER_0_22_813, 382.866, 70.72, 0.0034414
FILLER_0_22_826, 382.866, 70.72, 0.0034414
_15173_, 395.498, 70.72, 0.00348436
_15606_, 395.498, 70.72, 0.00348436
FILLER_0_21_837, 395.498, 70.72, 0.00348436
FILLER_0_22_859, 395.498, 70.72, 0.00348436
FILLER_0_23_853, 395.498, 70.72, 0.00348436
_11459_, 408.13, 70.72, 0.00352056
_15366_, 408.13, 70.72, 0.00352056
FILLER_0_22_887, 408.13, 70.72, 0.00352056
FILLER_0_23_887, 408.13, 70.72, 0.00352056
_07436_, 420.761, 70.72, 0.00355328
_12822_, 420.761, 70.72, 0.00355328
_12937_, 420.761, 70.72, 0.00355328
_13882_, 433.393, 70.72, 0.00358349
clkbuf_leaf_163_clk, 433.393, 70.72, 0.00358349
FILLER_0_21_930, 433.393, 70.72, 0.00358349
FILLER_0_22_934, 433.393, 70.72, 0.00358349
_09687_, 446.025, 70.72, 0.00359362
_09721_, 446.025, 70.72, 0.00359362
_16335_, 446.025, 70.72, 0.00359362
FILLER_0_21_948, 446.025, 70.72, 0.00359362
FILLER_0_22_961, 446.025, 70.72, 0.00359362
_09688_, 458.656, 70.72, 0.0036003
_15204_, 458.656, 70.72, 0.0036003
FILLER_0_21_981, 458.656, 70.72, 0.0036003
FILLER_0_22_975, 458.656, 70.72, 0.0036003
FILLER_0_22_984, 458.656, 70.72, 0.0036003
_09653_, 471.288, 70.72, 0.00360365
_15237_, 471.288, 70.72, 0.00360365
FILLER_0_22_1007, 471.288, 70.72, 0.00360365
PHY_38, 5.52, 65.28, 0.00343196
PHY_40, 5.52, 65.28, 0.00343196
PHY_39, 483.92, 65.28, 0.00355589
PHY_41, 483.92, 65.28, 0.00355589
FILLER_0_19_1032, 483.92, 65.28, 0.00355589
FILLER_0_20_1028, 483.92, 65.28, 0.00355589
_12111_, 15.33, 65.28, 0.00343196
_12112_, 15.33, 65.28, 0.00343196
FILLER_0_19_13, 15.33, 65.28, 0.00343196
_12159_, 37.94, 65.28, 0.00344569
_15745_, 37.94, 65.28, 0.00344569
hold184, 37.94, 65.28, 0.00344569
FILLER_0_19_65, 37.94, 65.28, 0.00344569
FILLER_0_20_62, 37.94, 65.28, 0.00344569
FILLER_0_20_78, 37.94, 65.28, 0.00344569
_12135_, 50.74, 65.28, 0.00345593
_14534_, 50.74, 65.28, 0.00345593
_14535_, 50.74, 65.28, 0.00345593
FILLER_0_20_104, 50.74, 65.28, 0.00345593
FILLER_0_20_112, 50.74, 65.28, 0.00345593
FILLER_0_21_109, 50.74, 65.28, 0.00345593
_12065_, 63.54, 65.28, 0.00346593
_12245_, 63.54, 65.28, 0.00346593
hold157, 63.54, 65.28, 0.00346593
FILLER_0_20_122, 63.54, 65.28, 0.00346593
FILLER_0_20_133, 63.54, 65.28, 0.00346593
_11126_, 76.34, 65.28, 0.00347568
FILLER_0_20_159, 76.34, 65.28, 0.00347568
_11134_, 89.14, 65.28, 0.0034838
clkbuf_leaf_202_clk, 89.14, 65.28, 0.0034838
FILLER_0_20_188, 89.14, 65.28, 0.0034838
_11128_, 101.94, 65.28, 0.0034685
_11130_, 101.94, 65.28, 0.0034685
_12703_, 101.94, 65.28, 0.0034685
_12704_, 101.94, 65.28, 0.0034685
FILLER_0_20_209, 101.94, 65.28, 0.0034685
FILLER_0_20_215, 101.94, 65.28, 0.0034685
_11074_, 114.74, 65.28, 0.00345274
_11131_, 114.74, 65.28, 0.00345274
_15275_, 114.74, 65.28, 0.00345274
hold1, 114.74, 65.28, 0.00345274
FILLER_0_19_225, 114.74, 65.28, 0.00345274
FILLER_0_19_236, 114.74, 65.28, 0.00345274
FILLER_0_20_232, 114.74, 65.28, 0.00345274
FILLER_0_21_244, 114.74, 65.28, 0.00345274
_11246_, 127.54, 65.28, 0.00342923
_11716_, 127.54, 65.28, 0.00342923
_11721_, 127.54, 65.28, 0.00342923
_15277_, 127.54, 65.28, 0.00342923
hold269, 127.54, 65.28, 0.00342923
FILLER_0_21_268, 127.54, 65.28, 0.00342923
_11717_, 140.34, 65.28, 0.00339973
_15484_, 140.34, 65.28, 0.00339973
_11788_, 153.14, 65.28, 0.00336565
hold310, 153.14, 65.28, 0.00336565
_11802_, 165.94, 65.28, 0.00332964
_15520_, 165.94, 65.28, 0.00332964
hold284, 165.94, 65.28, 0.00332964
FILLER_0_19_337, 165.94, 65.28, 0.00332964
FILLER_0_20_345, 165.94, 65.28, 0.00332964
FILLER_0_21_349, 165.94, 65.28, 0.00332964
_14048_, 191.54, 65.28, 0.00331187
_14067_, 191.54, 65.28, 0.00331187
_14068_, 191.54, 65.28, 0.00331187
_15582_, 191.54, 65.28, 0.00331187
_15583_, 191.54, 65.28, 0.00331187
hold359, 191.54, 65.28, 0.00331187
_14070_, 204.34, 65.28, 0.00332591
_14071_, 204.34, 65.28, 0.00332591
_14087_, 204.34, 65.28, 0.00332591
FILLER_0_19_420, 204.34, 65.28, 0.00332591
FILLER_0_21_437, 204.34, 65.28, 0.00332591
FILLER_0_21_445, 204.34, 65.28, 0.00332591
_13949_, 217.14, 65.28, 0.0033384
_13956_, 217.14, 65.28, 0.0033384
_13998_, 217.14, 65.28, 0.0033384
_14044_, 217.14, 65.28, 0.0033384
_14051_, 217.14, 65.28, 0.0033384
_14052_, 217.14, 65.28, 0.0033384
FILLER_0_19_449, 217.14, 65.28, 0.0033384
FILLER_0_20_448, 217.14, 65.28, 0.0033384
FILLER_0_21_461, 217.14, 65.28, 0.0033384
_14039_, 229.94, 65.28, 0.00334929
_14040_, 229.94, 65.28, 0.00334929
_14065_, 229.94, 65.28, 0.00334929
_14066_, 229.94, 65.28, 0.00334929
_14072_, 229.94, 65.28, 0.00334929
_14073_, 229.94, 65.28, 0.00334929
_14079_, 229.94, 65.28, 0.00334929
_14133_, 229.94, 65.28, 0.00334929
FILLER_0_19_481, 229.94, 65.28, 0.00334929
FILLER_0_21_497, 229.94, 65.28, 0.00334929
_14062_, 242.74, 65.28, 0.00335656
_14063_, 242.74, 65.28, 0.00335656
FILLER_0_19_508, 242.74, 65.28, 0.00335656
FILLER_0_20_527, 242.74, 65.28, 0.00335656
_14219_, 255.54, 65.28, 0.00336178
_14220_, 255.54, 65.28, 0.00336178
_14240_, 255.54, 65.28, 0.00336178
_14261_, 255.54, 65.28, 0.00336178
_14262_, 255.54, 65.28, 0.00336178
FILLER_0_20_533, 255.54, 65.28, 0.00336178
FILLER_0_20_556, 255.54, 65.28, 0.00336178
FILLER_0_21_548, 255.54, 65.28, 0.00336178
_14172_, 268.34, 65.28, 0.00336029
_14173_, 268.34, 65.28, 0.00336029
_14177_, 268.34, 65.28, 0.00336029
_14179_, 268.34, 65.28, 0.00336029
_14180_, 268.34, 65.28, 0.00336029
_14197_, 268.34, 65.28, 0.00336029
_14199_, 268.34, 65.28, 0.00336029
FILLER_0_20_570, 268.34, 65.28, 0.00336029
_14214_, 281.14, 65.28, 0.00335421
_14215_, 281.14, 65.28, 0.00335421
_14216_, 281.14, 65.28, 0.00335421
_14217_, 281.14, 65.28, 0.00335421
_10132_, 293.94, 65.28, 0.00334481
FILLER_0_20_638, 293.94, 65.28, 0.00334481
FILLER_0_21_629, 293.94, 65.28, 0.00334481
_10126_, 306.74, 65.28, 0.003335
_10134_, 306.74, 65.28, 0.003335
_10552_, 306.74, 65.28, 0.003335
_10976_, 306.74, 65.28, 0.003335
_12672_, 306.74, 65.28, 0.003335
FILLER_0_19_644, 306.74, 65.28, 0.003335
FILLER_0_20_663, 306.74, 65.28, 0.003335
FILLER_0_21_657, 306.74, 65.28, 0.003335
_12935_, 319.54, 65.28, 0.0033156
_12954_, 319.54, 65.28, 0.0033156
_15885_, 319.54, 65.28, 0.0033156
hold1373, 319.54, 65.28, 0.0033156
FILLER_0_19_673, 319.54, 65.28, 0.0033156
FILLER_0_20_671, 319.54, 65.28, 0.0033156
FILLER_0_21_684, 319.54, 65.28, 0.0033156
_11375_, 344.971, 65.28, 0.00334317
_12952_, 344.971, 65.28, 0.00334317
_16268_, 344.971, 65.28, 0.00334317
_16270_, 344.971, 65.28, 0.00334317
FILLER_0_20_730, 344.971, 65.28, 0.00334317
FILLER_0_20_744, 344.971, 65.28, 0.00334317
_12823_, 357.603, 65.28, 0.00338217
_07435_, 370.235, 65.28, 0.00342049
_12811_, 370.235, 65.28, 0.00342049
_12837_, 370.235, 65.28, 0.00342049
_12951_, 370.235, 65.28, 0.00342049
FILLER_0_21_794, 370.235, 65.28, 0.00342049
_12042_, 382.866, 65.28, 0.00345702
_12043_, 382.866, 65.28, 0.00345702
FILLER_0_21_826, 382.866, 65.28, 0.00345702
_08674_, 395.498, 65.28, 0.00349352
clkbuf_leaf_168_clk, 395.498, 65.28, 0.00349352
FILLER_0_20_837, 395.498, 65.28, 0.00349352
_07444_, 408.13, 65.28, 0.00350908
hold1183, 408.13, 65.28, 0.00350908
FILLER_0_21_887, 408.13, 65.28, 0.00350908
_12931_, 420.761, 65.28, 0.00352431
FILLER_0_19_893, 420.761, 65.28, 0.00352431
FILLER_0_20_914, 420.761, 65.28, 0.00352431
_11376_, 433.393, 65.28, 0.00353845
_13880_, 433.393, 65.28, 0.00353845
_13884_, 433.393, 65.28, 0.00353845
_16305_, 433.393, 65.28, 0.00353845
hold422, 433.393, 65.28, 0.00353845
FILLER_0_19_918, 433.393, 65.28, 0.00353845
FILLER_0_21_938, 433.393, 65.28, 0.00353845
_13939_, 446.025, 65.28, 0.00354896
_16302_, 446.025, 65.28, 0.00354896
hold386, 446.025, 65.28, 0.00354896
hold392, 446.025, 65.28, 0.00354896
FILLER_0_19_946, 446.025, 65.28, 0.00354896
_09685_, 458.656, 65.28, 0.00355586
_09686_, 458.656, 65.28, 0.00355586
_09691_, 458.656, 65.28, 0.00355586
_09725_, 458.656, 65.28, 0.00355586
_09757_, 458.656, 65.28, 0.00355586
_15203_, 458.656, 65.28, 0.00355586
_15219_, 458.656, 65.28, 0.00355586
hold1588, 458.656, 65.28, 0.00355586
FILLER_0_20_989, 458.656, 65.28, 0.00355586
_08689_, 471.288, 65.28, 0.00355589
_09726_, 471.288, 65.28, 0.00355589
FILLER_0_19_1001, 471.288, 65.28, 0.00355589
_07392_, 5.52, 59.84, 0.00345262
PHY_34, 5.52, 59.84, 0.00345262
PHY_36, 5.52, 59.84, 0.00345262
output56, 5.52, 59.84, 0.00345262
ANTENNA_2, 5.52, 59.84, 0.00345262
FILLER_0_18_9, 5.52, 59.84, 0.00345262
FILLER_0_19_3, 5.52, 59.84, 0.00345262
PHY_35, 483.92, 59.84, 0.00360274
PHY_37, 483.92, 59.84, 0.00360274
output84, 483.92, 59.84, 0.00360274
FILLER_0_18_1030, 483.92, 59.84, 0.00360274
_15646_, 15.33, 59.84, 0.00345192
hold179, 15.33, 59.84, 0.00345192
FILLER_0_18_29, 15.33, 59.84, 0.00345192
_12158_, 37.94, 59.84, 0.00346073
hold186, 37.94, 59.84, 0.00346073
FILLER_0_17_69, 37.94, 59.84, 0.00346073
FILLER_0_18_79, 37.94, 59.84, 0.00346073
FILLER_0_19_80, 37.94, 59.84, 0.00346073
_11125_, 50.74, 59.84, 0.00347276
_12134_, 50.74, 59.84, 0.00347276
hold192, 50.74, 59.84, 0.00347276
hold234, 50.74, 59.84, 0.00347276
FILLER_0_18_85, 50.74, 59.84, 0.00347276
FILLER_0_18_99, 50.74, 59.84, 0.00347276
FILLER_0_19_104, 50.74, 59.84, 0.00347276
_12064_, 63.54, 59.84, 0.00348377
_12243_, 63.54, 59.84, 0.00348377
_15614_, 63.54, 59.84, 0.00348377
hold165, 63.54, 59.84, 0.00348377
FILLER_0_18_118, 63.54, 59.84, 0.00348377
_11127_, 76.34, 59.84, 0.00349111
FILLER_0_18_141, 76.34, 59.84, 0.00349111
FILLER_0_19_161, 76.34, 59.84, 0.00349111
_14359_, 89.14, 59.84, 0.0034978
hold56, 89.14, 59.84, 0.0034978
hold164, 89.14, 59.84, 0.0034978
FILLER_0_18_183, 89.14, 59.84, 0.0034978
FILLER_0_19_193, 89.14, 59.84, 0.0034978
_11085_, 101.94, 59.84, 0.00350421
_15838_, 101.94, 59.84, 0.00350421
hold77, 101.94, 59.84, 0.00350421
FILLER_0_18_197, 101.94, 59.84, 0.00350421
_11236_, 114.74, 59.84, 0.00350273
clkbuf_leaf_203_clk, 114.74, 59.84, 0.00350273
hold285, 114.74, 59.84, 0.00350273
FILLER_0_17_225, 114.74, 59.84, 0.00350273
FILLER_0_18_247, 114.74, 59.84, 0.00350273
_11240_, 127.54, 59.84, 0.00347677
_11245_, 127.54, 59.84, 0.00347677
_11712_, 127.54, 59.84, 0.00347677
_11720_, 127.54, 59.84, 0.00347677
_15276_, 127.54, 59.84, 0.00347677
hold288, 127.54, 59.84, 0.00347677
FILLER_0_17_254, 127.54, 59.84, 0.00347677
FILLER_0_18_253, 127.54, 59.84, 0.00347677
FILLER_0_19_266, 127.54, 59.84, 0.00347677
_11335_, 140.34, 59.84, 0.00344403
_11798_, 140.34, 59.84, 0.00344403
FILLER_0_18_292, 140.34, 59.84, 0.00344403
FILLER_0_18_305, 140.34, 59.84, 0.00344403
FILLER_0_19_305, 140.34, 59.84, 0.00344403
_11789_, 153.14, 59.84, 0.00340753
_11790_, 153.14, 59.84, 0.00340753
_11792_, 153.14, 59.84, 0.00340753
_11796_, 153.14, 59.84, 0.00340753
_13970_, 153.14, 59.84, 0.00340753
FILLER_0_18_309, 153.14, 59.84, 0.00340753
FILLER_0_18_331, 153.14, 59.84, 0.00340753
FILLER_0_19_328, 153.14, 59.84, 0.00340753
_11800_, 165.94, 59.84, 0.0033683
_11804_, 165.94, 59.84, 0.0033683
_15519_, 165.94, 59.84, 0.0033683
_15521_, 165.94, 59.84, 0.0033683
hold313, 165.94, 59.84, 0.0033683
FILLER_0_18_360, 165.94, 59.84, 0.0033683
_13966_, 191.54, 59.84, 0.00333377
_14069_, 191.54, 59.84, 0.00333377
_15584_, 191.54, 59.84, 0.00333377
hold360, 191.54, 59.84, 0.00333377
FILLER_0_17_393, 191.54, 59.84, 0.00333377
FILLER_0_18_409, 191.54, 59.84, 0.00333377
FILLER_0_18_417, 191.54, 59.84, 0.00333377
_14084_, 204.34, 59.84, 0.00334313
_14085_, 204.34, 59.84, 0.00334313
_14086_, 204.34, 59.84, 0.00334313
_14088_, 204.34, 59.84, 0.00334313
FILLER_0_18_421, 204.34, 59.84, 0.00334313
FILLER_0_19_441, 204.34, 59.84, 0.00334313
_11713_, 217.14, 59.84, 0.00335151
_11909_, 217.14, 59.84, 0.00335151
_12014_, 217.14, 59.84, 0.00335151
FILLER_0_18_448, 217.14, 59.84, 0.00335151
FILLER_0_18_470, 217.14, 59.84, 0.00335151
FILLER_0_19_469, 217.14, 59.84, 0.00335151
_14064_, 229.94, 59.84, 0.00335726
FILLER_0_19_492, 229.94, 59.84, 0.00335726
_11951_, 242.74, 59.84, 0.00336102
_14061_, 242.74, 59.84, 0.00336102
_14281_, 242.74, 59.84, 0.00336102
_14287_, 242.74, 59.84, 0.00336102
FILLER_0_18_525, 242.74, 59.84, 0.00336102
_14221_, 255.54, 59.84, 0.00336153
_14222_, 255.54, 59.84, 0.00336153
_14231_, 255.54, 59.84, 0.00336153
_14241_, 255.54, 59.84, 0.00336153
_14242_, 255.54, 59.84, 0.00336153
_14243_, 255.54, 59.84, 0.00336153
FILLER_0_17_532, 255.54, 59.84, 0.00336153
FILLER_0_18_550, 255.54, 59.84, 0.00336153
FILLER_0_19_557, 255.54, 59.84, 0.00336153
_14135_, 268.34, 59.84, 0.00336136
_14143_, 268.34, 59.84, 0.00336136
_14144_, 268.34, 59.84, 0.00336136
_14151_, 268.34, 59.84, 0.00336136
_14178_, 268.34, 59.84, 0.00336136
FILLER_0_18_572, 268.34, 59.84, 0.00336136
FILLER_0_19_573, 268.34, 59.84, 0.00336136
_14127_, 281.14, 59.84, 0.00335809
_14134_, 281.14, 59.84, 0.00335809
_14152_, 281.14, 59.84, 0.00335809
_14153_, 281.14, 59.84, 0.00335809
_14174_, 281.14, 59.84, 0.00335809
_14175_, 281.14, 59.84, 0.00335809
_14176_, 281.14, 59.84, 0.00335809
FILLER_0_18_592, 281.14, 59.84, 0.00335809
_13834_, 293.94, 59.84, 0.00334742
_13835_, 293.94, 59.84, 0.00334742
FILLER_0_18_638, 293.94, 59.84, 0.00334742
_10548_, 306.74, 59.84, 0.00333593
_11379_, 306.74, 59.84, 0.00333593
_12664_, 306.74, 59.84, 0.00333593
_12665_, 306.74, 59.84, 0.00333593
_12666_, 306.74, 59.84, 0.00333593
FILLER_0_17_651, 306.74, 59.84, 0.00333593
FILLER_0_18_654, 306.74, 59.84, 0.00333593
_12667_, 319.54, 59.84, 0.00332054
_12929_, 319.54, 59.84, 0.00332054
_12953_, 319.54, 59.84, 0.00332054
hold383, 319.54, 59.84, 0.00332054
hold413, 319.54, 59.84, 0.00332054
_11371_, 344.971, 59.84, 0.00334854
_11373_, 344.971, 59.84, 0.00334854
_12928_, 344.971, 59.84, 0.00334854
_12934_, 344.971, 59.84, 0.00334854
_16269_, 344.971, 59.84, 0.00334854
FILLER_0_17_725, 344.971, 59.84, 0.00334854
_12818_, 357.603, 59.84, 0.00338439
ANTENNA_118, 357.603, 59.84, 0.00338439
FILLER_0_18_752, 357.603, 59.84, 0.00338439
FILLER_0_18_757, 357.603, 59.84, 0.00338439
FILLER_0_19_779, 357.603, 59.84, 0.00338439
_07443_, 370.235, 59.84, 0.0034198
_12933_, 370.235, 59.84, 0.0034198
_12950_, 370.235, 59.84, 0.0034198
FILLER_0_17_785, 370.235, 59.84, 0.0034198
FILLER_0_19_794, 370.235, 59.84, 0.0034198
_11439_, 382.866, 59.84, 0.00345378
_15352_, 382.866, 59.84, 0.00345378
hold340, 382.866, 59.84, 0.00345378
FILLER_0_18_813, 382.866, 59.84, 0.00345378
FILLER_0_18_828, 382.866, 59.84, 0.00345378
_12046_, 395.498, 59.84, 0.00348419
_12047_, 395.498, 59.84, 0.00348419
_12835_, 395.498, 59.84, 0.00348419
_15608_, 395.498, 59.84, 0.00348419
FILLER_0_18_859, 395.498, 59.84, 0.00348419
FILLER_0_19_853, 395.498, 59.84, 0.00348419
_07442_, 408.13, 59.84, 0.00351028
_12949_, 408.13, 59.84, 0.00351028
_12809_, 420.761, 59.84, 0.00353506
_12816_, 420.761, 59.84, 0.00353506
_07430_, 433.393, 59.84, 0.00355782
_13881_, 433.393, 59.84, 0.00355782
_16301_, 433.393, 59.84, 0.00355782
hold412, 433.393, 59.84, 0.00355782
_09683_, 446.025, 59.84, 0.00357678
_15320_, 446.025, 59.84, 0.00357678
hold411, 446.025, 59.84, 0.00357678
hold1578, 446.025, 59.84, 0.00357678
hold1590, 446.025, 59.84, 0.00357678
FILLER_0_17_946, 446.025, 59.84, 0.00357678
FILLER_0_18_964, 446.025, 59.84, 0.00357678
_08653_, 458.656, 59.84, 0.00359211
_09684_, 458.656, 59.84, 0.00359211
_15202_, 458.656, 59.84, 0.00359211
_15218_, 458.656, 59.84, 0.00359211
_08662_, 471.288, 59.84, 0.00360077
_09692_, 471.288, 59.84, 0.00360077
_15206_, 471.288, 59.84, 0.00360077
_15222_, 471.288, 59.84, 0.00360077
FILLER_0_17_1004, 471.288, 59.84, 0.00360077
FILLER_0_18_1011, 471.288, 59.84, 0.00360077
_15423_, 5.52, 54.4, 0.00346694
PHY_30, 5.52, 54.4, 0.00346694
PHY_32, 5.52, 54.4, 0.00346694
FILLER_0_16_3, 5.52, 54.4, 0.00346694
FILLER_0_17_3, 5.52, 54.4, 0.00346694
PHY_31, 483.92, 54.4, 0.00371419
PHY_33, 483.92, 54.4, 0.00371419
FILLER_0_15_1032, 483.92, 54.4, 0.00371419
FILLER_0_16_1031, 483.92, 54.4, 0.00371419
_11576_, 15.33, 54.4, 0.00346432
_12108_, 15.33, 54.4, 0.00346432
hold183, 15.33, 54.4, 0.00346432
hold248, 15.33, 54.4, 0.00346432
hold260, 15.33, 54.4, 0.00346432
FILLER_0_16_29, 15.33, 54.4, 0.00346432
FILLER_0_17_26, 15.33, 54.4, 0.00346432
_15678_, 37.94, 54.4, 0.00348421
_15744_, 37.94, 54.4, 0.00348421
hold217, 37.94, 54.4, 0.00348421
FILLER_0_15_65, 37.94, 54.4, 0.00348421
FILLER_0_16_65, 37.94, 54.4, 0.00348421
_12450_, 50.74, 54.4, 0.00350016
_15662_, 50.74, 54.4, 0.00350016
hold130, 50.74, 54.4, 0.00350016
FILLER_0_16_85, 50.74, 54.4, 0.00350016
_11122_, 63.54, 54.4, 0.00351249
_15726_, 63.54, 54.4, 0.00351249
hold212, 63.54, 54.4, 0.00351249
FILLER_0_16_117, 63.54, 54.4, 0.00351249
FILLER_0_16_136, 63.54, 54.4, 0.00351249
_12216_, 76.34, 54.4, 0.00352061
_15710_, 76.34, 54.4, 0.00352061
_16360_, 76.34, 54.4, 0.00352061
hold73, 76.34, 54.4, 0.00352061
FILLER_0_16_141, 76.34, 54.4, 0.00352061
_11121_, 89.14, 54.4, 0.0035217
_12242_, 89.14, 54.4, 0.0035217
_14381_, 89.14, 54.4, 0.0035217
_16392_, 89.14, 54.4, 0.0035217
_16408_, 89.14, 54.4, 0.0035217
FILLER_0_16_193, 89.14, 54.4, 0.0035217
_11119_, 101.94, 54.4, 0.00351455
_16424_, 101.94, 54.4, 0.00351455
hold97, 101.94, 54.4, 0.00351455
FILLER_0_16_213, 101.94, 54.4, 0.00351455
_11083_, 114.74, 54.4, 0.00350354
_11111_, 114.74, 54.4, 0.00350354
_11235_, 114.74, 54.4, 0.00350354
_11243_, 114.74, 54.4, 0.00350354
_15262_, 114.74, 54.4, 0.00350354
FILLER_0_16_246, 114.74, 54.4, 0.00350354
_11073_, 127.54, 54.4, 0.00348149
_11241_, 127.54, 54.4, 0.00348149
_11244_, 127.54, 54.4, 0.00348149
FILLER_0_16_265, 127.54, 54.4, 0.00348149
FILLER_0_16_275, 127.54, 54.4, 0.00348149
_11242_, 140.34, 54.4, 0.00345463
_11248_, 140.34, 54.4, 0.00345463
_11249_, 140.34, 54.4, 0.00345463
_14027_, 140.34, 54.4, 0.00345463
FILLER_0_15_281, 140.34, 54.4, 0.00345463
FILLER_0_15_292, 140.34, 54.4, 0.00345463
FILLER_0_16_301, 140.34, 54.4, 0.00345463
FILLER_0_17_305, 140.34, 54.4, 0.00345463
_11794_, 153.14, 54.4, 0.00342728
_14002_, 153.14, 54.4, 0.00342728
_14003_, 153.14, 54.4, 0.00342728
_14004_, 153.14, 54.4, 0.00342728
_14006_, 153.14, 54.4, 0.00342728
_14008_, 153.14, 54.4, 0.00342728
FILLER_0_16_330, 153.14, 54.4, 0.00342728
FILLER_0_17_326, 153.14, 54.4, 0.00342728
_11799_, 165.94, 54.4, 0.00339703
_11801_, 165.94, 54.4, 0.00339703
_11803_, 165.94, 54.4, 0.00339703
_11805_, 165.94, 54.4, 0.00339703
_11806_, 165.94, 54.4, 0.00339703
_15522_, 165.94, 54.4, 0.00339703
hold275, 165.94, 54.4, 0.00339703
FILLER_0_16_342, 165.94, 54.4, 0.00339703
_16340_, 191.54, 54.4, 0.00339727
_16343_, 191.54, 54.4, 0.00339727
FILLER_0_15_393, 191.54, 54.4, 0.00339727
_14089_, 204.34, 54.4, 0.0034097
_14091_, 204.34, 54.4, 0.0034097
_14102_, 204.34, 54.4, 0.0034097
FILLER_0_16_441, 204.34, 54.4, 0.0034097
FILLER_0_17_442, 204.34, 54.4, 0.0034097
_11995_, 217.14, 54.4, 0.00342047
_14009_, 217.14, 54.4, 0.00342047
_14100_, 217.14, 54.4, 0.00342047
_14101_, 217.14, 54.4, 0.00342047
_14103_, 217.14, 54.4, 0.00342047
_14104_, 217.14, 54.4, 0.00342047
_14110_, 217.14, 54.4, 0.00342047
_15585_, 217.14, 54.4, 0.00342047
FILLER_0_16_449, 217.14, 54.4, 0.00342047
FILLER_0_16_472, 217.14, 54.4, 0.00342047
_12015_, 229.94, 54.4, 0.00342357
_14280_, 229.94, 54.4, 0.00342357
_15593_, 229.94, 54.4, 0.00342357
hold347, 229.94, 54.4, 0.00342357
FILLER_0_15_482, 229.94, 54.4, 0.00342357
FILLER_0_17_493, 229.94, 54.4, 0.00342357
FILLER_0_17_501, 229.94, 54.4, 0.00342357
_13950_, 255.54, 54.4, 0.0034192
_14230_, 255.54, 54.4, 0.0034192
FILLER_0_16_545, 255.54, 54.4, 0.0034192
FILLER_0_17_556, 255.54, 54.4, 0.0034192
_11949_, 268.34, 54.4, 0.00341683
_14154_, 268.34, 54.4, 0.00341683
_14155_, 268.34, 54.4, 0.00341683
FILLER_0_16_571, 268.34, 54.4, 0.00341683
FILLER_0_16_579, 268.34, 54.4, 0.00341683
_11950_, 281.14, 54.4, 0.00341295
FILLER_0_17_613, 281.14, 54.4, 0.00341295
_16272_, 293.94, 54.4, 0.00340785
_16353_, 293.94, 54.4, 0.00340785
_12673_, 306.74, 54.4, 0.00339187
_15825_, 306.74, 54.4, 0.00339187
FILLER_0_16_657, 306.74, 54.4, 0.00339187
FILLER_0_17_668, 306.74, 54.4, 0.00339187
_15821_, 319.54, 54.4, 0.00337101
_15822_, 319.54, 54.4, 0.00337101
hold373, 319.54, 54.4, 0.00337101
FILLER_0_16_695, 319.54, 54.4, 0.00337101
_08666_, 344.971, 54.4, 0.00339093
_08693_, 344.971, 54.4, 0.00339093
_16455_, 344.971, 54.4, 0.00339093
hold1561, 344.971, 54.4, 0.00339093
FILLER_0_16_725, 344.971, 54.4, 0.00339093
FILLER_0_16_741, 344.971, 54.4, 0.00339093
FILLER_0_17_741, 344.971, 54.4, 0.00339093
_08657_, 357.603, 54.4, 0.00343495
_12817_, 357.603, 54.4, 0.00343495
_12927_, 357.603, 54.4, 0.00343495
FILLER_0_15_753, 357.603, 54.4, 0.00343495
FILLER_0_17_770, 357.603, 54.4, 0.00343495
_12836_, 370.235, 54.4, 0.0034769
FILLER_0_15_785, 370.235, 54.4, 0.0034769
_15350_, 382.866, 54.4, 0.00351817
hold402, 382.866, 54.4, 0.00351817
FILLER_0_15_816, 382.866, 54.4, 0.00351817
FILLER_0_16_813, 382.866, 54.4, 0.00351817
_08692_, 395.498, 54.4, 0.00355598
_12039_, 395.498, 54.4, 0.00355598
_15604_, 395.498, 54.4, 0.00355598
FILLER_0_16_840, 395.498, 54.4, 0.00355598
FILLER_0_17_857, 395.498, 54.4, 0.00355598
_11461_, 408.13, 54.4, 0.00359042
_12925_, 408.13, 54.4, 0.00359042
FILLER_0_15_864, 408.13, 54.4, 0.00359042
FILLER_0_16_881, 408.13, 54.4, 0.00359042
FILLER_0_15_897, 420.761, 54.4, 0.00362377
_07432_, 433.393, 54.4, 0.00365712
_11380_, 433.393, 54.4, 0.00365712
ANTENNA_13, 433.393, 54.4, 0.00365712
ANTENNA_14, 433.393, 54.4, 0.00365712
ANTENNA_15, 433.393, 54.4, 0.00365712
FILLER_0_15_925, 433.393, 54.4, 0.00365712
_09719_, 446.025, 54.4, 0.00368891
_15316_, 446.025, 54.4, 0.00368891
_15317_, 446.025, 54.4, 0.00368891
hold396, 446.025, 54.4, 0.00368891
_09717_, 458.656, 54.4, 0.0037138
_09718_, 458.656, 54.4, 0.0037138
_09720_, 458.656, 54.4, 0.0037138
_09761_, 458.656, 54.4, 0.0037138
clkbuf_leaf_164_clk, 458.656, 54.4, 0.0037138
FILLER_0_16_977, 458.656, 54.4, 0.0037138
_08663_, 471.288, 54.4, 0.00371419
_08690_, 471.288, 54.4, 0.00371419
_09762_, 471.288, 54.4, 0.00371419
FILLER_0_15_1005, 471.288, 54.4, 0.00371419
_12109_, 5.52, 48.96, 0.00349545
_15644_, 5.52, 48.96, 0.00349545
PHY_26, 5.52, 48.96, 0.00349545
PHY_28, 5.52, 48.96, 0.00349545
FILLER_0_14_3, 5.52, 48.96, 0.00349545
FILLER_0_15_3, 5.52, 48.96, 0.00349545
PHY_27, 483.92, 48.96, 0.00360765
PHY_29, 483.92, 48.96, 0.00360765
FILLER_0_14_1033, 483.92, 48.96, 0.00360765
_15645_, 15.33, 48.96, 0.00349277
FILLER_0_13_20, 15.33, 48.96, 0.00349277
FILLER_0_14_29, 15.33, 48.96, 0.00349277
_12086_, 37.94, 48.96, 0.00349886
_15629_, 37.94, 48.96, 0.00349886
_16488_, 37.94, 48.96, 0.00349886
hold253, 37.94, 48.96, 0.00349886
FILLER_0_14_74, 37.94, 48.96, 0.00349886
_15661_, 50.74, 48.96, 0.00350322
FILLER_0_14_97, 50.74, 48.96, 0.00350322
_12062_, 63.54, 48.96, 0.00350415
_12133_, 63.54, 48.96, 0.00350415
hold251, 63.54, 48.96, 0.00350415
_11504_, 76.34, 48.96, 0.00350482
_14302_, 76.34, 48.96, 0.00350482
hold238, 76.34, 48.96, 0.00350482
hold256, 76.34, 48.96, 0.00350482
FILLER_0_14_141, 76.34, 48.96, 0.00350482
hold122, 89.14, 48.96, 0.0035046
FILLER_0_14_189, 89.14, 48.96, 0.0035046
_11103_, 101.94, 48.96, 0.00350426
_11118_, 101.94, 48.96, 0.00350426
_14403_, 101.94, 48.96, 0.00350426
FILLER_0_13_205, 101.94, 48.96, 0.00350426
FILLER_0_14_204, 101.94, 48.96, 0.00350426
FILLER_0_15_217, 101.94, 48.96, 0.00350426
_11101_, 114.74, 48.96, 0.00350325
_11255_, 114.74, 48.96, 0.00350325
_15260_, 114.74, 48.96, 0.00350325
_15261_, 114.74, 48.96, 0.00350325
_15279_, 114.74, 48.96, 0.00350325
FILLER_0_15_239, 114.74, 48.96, 0.00350325
_11252_, 127.54, 48.96, 0.00348621
_15278_, 127.54, 48.96, 0.00348621
hold334, 127.54, 48.96, 0.00348621
FILLER_0_14_253, 127.54, 48.96, 0.00348621
FILLER_0_15_275, 127.54, 48.96, 0.00348621
_11250_, 140.34, 48.96, 0.00346429
_14005_, 140.34, 48.96, 0.00346429
_14025_, 140.34, 48.96, 0.00346429
_14026_, 140.34, 48.96, 0.00346429
_14028_, 140.34, 48.96, 0.00346429
_14033_, 140.34, 48.96, 0.00346429
hold299, 140.34, 48.96, 0.00346429
FILLER_0_13_281, 140.34, 48.96, 0.00346429
_14029_, 153.14, 48.96, 0.00343887
_14030_, 153.14, 48.96, 0.00343887
FILLER_0_15_327, 153.14, 48.96, 0.00343887
_14035_, 165.94, 48.96, 0.00341161
_14056_, 165.94, 48.96, 0.00341161
FILLER_0_13_337, 165.94, 48.96, 0.00341161
FILLER_0_14_361, 165.94, 48.96, 0.00341161
FILLER_0_15_360, 165.94, 48.96, 0.00341161
_13944_, 191.54, 48.96, 0.0034181
_13969_, 191.54, 48.96, 0.0034181
_14010_, 191.54, 48.96, 0.0034181
_14032_, 191.54, 48.96, 0.0034181
clkbuf_leaf_194_clk, 191.54, 48.96, 0.0034181
_13968_, 204.34, 48.96, 0.00342967
_14098_, 204.34, 48.96, 0.00342967
_16342_, 204.34, 48.96, 0.00342967
FILLER_0_14_425, 204.34, 48.96, 0.00342967
_11996_, 217.14, 48.96, 0.00343161
_14031_, 217.14, 48.96, 0.00343161
hold654, 217.14, 48.96, 0.00343161
FILLER_0_13_449, 217.14, 48.96, 0.00343161
FILLER_0_14_460, 217.14, 48.96, 0.00343161
FILLER_0_14_473, 217.14, 48.96, 0.00343161
_14270_, 229.94, 48.96, 0.00343088
_14271_, 229.94, 48.96, 0.00343088
_14272_, 229.94, 48.96, 0.00343088
_14274_, 229.94, 48.96, 0.00343088
_14275_, 229.94, 48.96, 0.00343088
_14279_, 229.94, 48.96, 0.00343088
_14244_, 242.74, 48.96, 0.00342777
_14245_, 242.74, 48.96, 0.00342777
_14248_, 242.74, 48.96, 0.00342777
_14249_, 242.74, 48.96, 0.00342777
_14250_, 242.74, 48.96, 0.00342777
_14273_, 242.74, 48.96, 0.00342777
FILLER_0_14_504, 242.74, 48.96, 0.00342777
FILLER_0_15_517, 242.74, 48.96, 0.00342777
_14190_, 255.54, 48.96, 0.00342335
_14228_, 255.54, 48.96, 0.00342335
_14229_, 255.54, 48.96, 0.00342335
_14246_, 255.54, 48.96, 0.00342335
FILLER_0_14_537, 255.54, 48.96, 0.00342335
FILLER_0_15_546, 255.54, 48.96, 0.00342335
FILLER_0_15_553, 255.54, 48.96, 0.00342335
_14136_, 268.34, 48.96, 0.0034174
_14140_, 268.34, 48.96, 0.0034174
_14142_, 268.34, 48.96, 0.0034174
FILLER_0_14_578, 268.34, 48.96, 0.0034174
_14187_, 281.14, 48.96, 0.00341056
_14188_, 281.14, 48.96, 0.00341056
_14189_, 281.14, 48.96, 0.00341056
FILLER_0_13_590, 281.14, 48.96, 0.00341056
FILLER_0_14_589, 281.14, 48.96, 0.00341056
FILLER_0_15_609, 281.14, 48.96, 0.00341056
_14120_, 293.94, 48.96, 0.00340232
_14252_, 293.94, 48.96, 0.00340232
_14253_, 293.94, 48.96, 0.00340232
FILLER_0_14_624, 293.94, 48.96, 0.00340232
FILLER_0_14_633, 293.94, 48.96, 0.00340232
_14468_, 306.74, 48.96, 0.00339258
_14470_, 306.74, 48.96, 0.00339258
_14479_, 306.74, 48.96, 0.00339258
_16465_, 306.74, 48.96, 0.00339258
hold706, 306.74, 48.96, 0.00339258
FILLER_0_14_641, 306.74, 48.96, 0.00339258
FILLER_0_14_645, 306.74, 48.96, 0.00339258
FILLER_0_14_653, 306.74, 48.96, 0.00339258
FILLER_0_15_660, 306.74, 48.96, 0.00339258
_14469_, 319.54, 48.96, 0.00337758
_14474_, 319.54, 48.96, 0.00337758
hold1466, 319.54, 48.96, 0.00337758
FILLER_0_13_669, 319.54, 48.96, 0.00337758
FILLER_0_13_673, 319.54, 48.96, 0.00337758
FILLER_0_14_689, 319.54, 48.96, 0.00337758
FILLER_0_15_689, 319.54, 48.96, 0.00337758
_16452_, 344.971, 48.96, 0.00340648
_16453_, 344.971, 48.96, 0.00340648
hold1540, 344.971, 48.96, 0.00340648
hold1543, 344.971, 48.96, 0.00340648
FILLER_0_14_751, 344.971, 48.96, 0.00340648
_12932_, 357.603, 48.96, 0.00343793
FILLER_0_14_757, 357.603, 48.96, 0.00343793
_07427_, 370.235, 48.96, 0.00346857
_07431_, 370.235, 48.96, 0.00346857
_12926_, 370.235, 48.96, 0.00346857
FILLER_0_13_785, 370.235, 48.96, 0.00346857
_11435_, 382.866, 48.96, 0.00349763
_11437_, 382.866, 48.96, 0.00349763
_12038_, 382.866, 48.96, 0.00349763
_15349_, 382.866, 48.96, 0.00349763
hold374, 382.866, 48.96, 0.00349763
FILLER_0_13_812, 382.866, 48.96, 0.00349763
FILLER_0_14_807, 382.866, 48.96, 0.00349763
FILLER_0_14_813, 382.866, 48.96, 0.00349763
FILLER_0_14_824, 382.866, 48.96, 0.00349763
_08656_, 395.498, 48.96, 0.00352303
_08665_, 395.498, 48.96, 0.00352303
_11436_, 395.498, 48.96, 0.00352303
_11457_, 395.498, 48.96, 0.00352303
_12040_, 395.498, 48.96, 0.00352303
_15605_, 395.498, 48.96, 0.00352303
FILLER_0_14_843, 395.498, 48.96, 0.00352303
_15364_, 408.13, 48.96, 0.00354484
_15368_, 408.13, 48.96, 0.00354484
hold967, 408.13, 48.96, 0.00354484
FILLER_0_13_869, 408.13, 48.96, 0.00354484
FILLER_0_14_869, 408.13, 48.96, 0.00354484
FILLER_0_15_888, 408.13, 48.96, 0.00354484
_07426_, 420.761, 48.96, 0.00355976
_07428_, 420.761, 48.96, 0.00355976
_13857_, 420.761, 48.96, 0.00355976
_13860_, 420.761, 48.96, 0.00355976
hold824, 420.761, 48.96, 0.00355976
FILLER_0_14_897, 420.761, 48.96, 0.00355976
FILLER_0_14_912, 420.761, 48.96, 0.00355976
_11372_, 433.393, 48.96, 0.00357371
_11374_, 433.393, 48.96, 0.00357371
_13937_, 433.393, 48.96, 0.00357371
_13941_, 433.393, 48.96, 0.00357371
FILLER_0_14_925, 433.393, 48.96, 0.00357371
FILLER_0_15_933, 433.393, 48.96, 0.00357371
hold406, 446.025, 48.96, 0.00358743
hold450, 446.025, 48.96, 0.00358743
FILLER_0_14_946, 446.025, 48.96, 0.00358743
FILLER_0_14_971, 446.025, 48.96, 0.00358743
_08654_, 458.656, 48.96, 0.003601
_09753_, 458.656, 48.96, 0.003601
_09754_, 458.656, 48.96, 0.003601
_09755_, 458.656, 48.96, 0.003601
_15235_, 458.656, 48.96, 0.003601
_15236_, 458.656, 48.96, 0.003601
FILLER_0_13_978, 458.656, 48.96, 0.003601
FILLER_0_14_989, 458.656, 48.96, 0.003601
FILLER_0_15_990, 458.656, 48.96, 0.003601
_15190_, 471.288, 48.96, 0.00360765
_15239_, 471.288, 48.96, 0.00360765
FILLER_0_13_1001, 471.288, 48.96, 0.00360765
FILLER_0_14_1025, 471.288, 48.96, 0.00360765
FILLER_0_15_1013, 471.288, 48.96, 0.00360765
_15643_, 5.52, 43.52, 0.00348802
PHY_22, 5.52, 43.52, 0.00348802
PHY_24, 5.52, 43.52, 0.00348802
PHY_23, 483.92, 43.52, 0.00393343
PHY_25, 483.92, 43.52, 0.00393343
FILLER_0_11_1033, 483.92, 43.52, 0.00393343
FILLER_0_12_1033, 483.92, 43.52, 0.00393343
_11574_, 15.33, 43.52, 0.00348539
_12110_, 15.33, 43.52, 0.00348539
hold250, 15.33, 43.52, 0.00348539
FILLER_0_12_15, 15.33, 43.52, 0.00348539
_12156_, 37.94, 43.52, 0.00350763
_15660_, 37.94, 43.52, 0.00350763
FILLER_0_11_69, 37.94, 43.52, 0.00350763
FILLER_0_12_68, 37.94, 43.52, 0.00350763
FILLER_0_13_73, 37.94, 43.52, 0.00350763
_12132_, 50.74, 43.52, 0.00352921
_15659_, 50.74, 43.52, 0.00352921
hold206, 50.74, 43.52, 0.00352921
hold246, 50.74, 43.52, 0.00352921
FILLER_0_11_89, 50.74, 43.52, 0.00352921
FILLER_0_12_85, 50.74, 43.52, 0.00352921
FILLER_0_13_99, 50.74, 43.52, 0.00352921
_12061_, 63.54, 43.52, 0.00354706
_12063_, 63.54, 43.52, 0.00354706
clkbuf_leaf_206_clk, 63.54, 43.52, 0.00354706
hold175, 63.54, 43.52, 0.00354706
FILLER_0_11_113, 63.54, 43.52, 0.00354706
FILLER_0_12_118, 63.54, 43.52, 0.00354706
FILLER_0_13_129, 63.54, 43.52, 0.00354706
FILLER_0_13_140, 63.54, 43.52, 0.00354706
_15611_, 76.34, 43.52, 0.00353876
FILLER_0_13_161, 76.34, 43.52, 0.00353876
_11109_, 89.14, 43.52, 0.00352702
_11117_, 89.14, 43.52, 0.00352702
_14379_, 89.14, 43.52, 0.00352702
FILLER_0_11_169, 89.14, 43.52, 0.00352702
FILLER_0_12_181, 89.14, 43.52, 0.00352702
FILLER_0_12_190, 89.14, 43.52, 0.00352702
_11102_, 101.94, 43.52, 0.00351496
_11110_, 101.94, 43.52, 0.00351496
hold66, 101.94, 43.52, 0.00351496
hold121, 101.94, 43.52, 0.00351496
FILLER_0_12_197, 101.94, 43.52, 0.00351496
_15280_, 114.74, 43.52, 0.00350221
FILLER_0_11_237, 114.74, 43.52, 0.00350221
FILLER_0_12_249, 114.74, 43.52, 0.00350221
FILLER_0_13_242, 114.74, 43.52, 0.00350221
_11234_, 127.54, 43.52, 0.00348547
_11251_, 127.54, 43.52, 0.00348547
_11254_, 127.54, 43.52, 0.00348547
_11259_, 127.54, 43.52, 0.00348547
_11260_, 127.54, 43.52, 0.00348547
FILLER_0_13_276, 127.54, 43.52, 0.00348547
_11301_, 140.34, 43.52, 0.00346701
_11748_, 140.34, 43.52, 0.00346701
hold273, 140.34, 43.52, 0.00346701
FILLER_0_12_283, 140.34, 43.52, 0.00346701
_11257_, 153.14, 43.52, 0.00344697
FILLER_0_12_321, 153.14, 43.52, 0.00344697
FILLER_0_12_329, 153.14, 43.52, 0.00344697
FILLER_0_13_328, 153.14, 43.52, 0.00344697
_11258_, 165.94, 43.52, 0.00342681
_14034_, 165.94, 43.52, 0.00342681
_14036_, 165.94, 43.52, 0.00342681
_14057_, 165.94, 43.52, 0.00342681
_14059_, 165.94, 43.52, 0.00342681
hold1586, 165.94, 43.52, 0.00342681
FILLER_0_12_341, 165.94, 43.52, 0.00342681
FILLER_0_12_360, 165.94, 43.52, 0.00342681
_13986_, 191.54, 43.52, 0.00344042
_14099_, 191.54, 43.52, 0.00344042
_14119_, 191.54, 43.52, 0.00344042
FILLER_0_12_405, 191.54, 43.52, 0.00344042
FILLER_0_13_416, 191.54, 43.52, 0.00344042
_13985_, 204.34, 43.52, 0.00347616
_16346_, 204.34, 43.52, 0.00347616
FILLER_0_11_420, 204.34, 43.52, 0.00347616
FILLER_0_11_429, 204.34, 43.52, 0.00347616
FILLER_0_13_440, 204.34, 43.52, 0.00347616
_11809_, 217.14, 43.52, 0.00350071
_12013_, 217.14, 43.52, 0.00350071
_14137_, 217.14, 43.52, 0.00350071
_15530_, 217.14, 43.52, 0.00350071
FILLER_0_11_449, 217.14, 43.52, 0.00350071
FILLER_0_12_468, 217.14, 43.52, 0.00350071
FILLER_0_13_462, 217.14, 43.52, 0.00350071
_12012_, 229.94, 43.52, 0.00352024
_14276_, 229.94, 43.52, 0.00352024
_15592_, 229.94, 43.52, 0.00352024
hold346, 229.94, 43.52, 0.00352024
FILLER_0_11_483, 229.94, 43.52, 0.00352024
FILLER_0_12_501, 229.94, 43.52, 0.00352024
FILLER_0_13_499, 229.94, 43.52, 0.00352024
_12010_, 242.74, 43.52, 0.00353486
_14191_, 242.74, 43.52, 0.00353486
_14247_, 242.74, 43.52, 0.00353486
_15591_, 242.74, 43.52, 0.00353486
hold356, 242.74, 43.52, 0.00353486
FILLER_0_11_515, 242.74, 43.52, 0.00353486
FILLER_0_13_517, 242.74, 43.52, 0.00353486
FILLER_0_13_525, 242.74, 43.52, 0.00353486
_12008_, 255.54, 43.52, 0.00354413
_14223_, 255.54, 43.52, 0.00354413
_14224_, 255.54, 43.52, 0.00354413
_15590_, 255.54, 43.52, 0.00354413
hold459, 255.54, 43.52, 0.00354413
FILLER_0_12_533, 255.54, 43.52, 0.00354413
FILLER_0_13_554, 255.54, 43.52, 0.00354413
_14138_, 268.34, 43.52, 0.00354781
_14139_, 268.34, 43.52, 0.00354781
_14141_, 268.34, 43.52, 0.00354781
_14157_, 268.34, 43.52, 0.00354781
_14158_, 268.34, 43.52, 0.00354781
_14159_, 268.34, 43.52, 0.00354781
_14160_, 268.34, 43.52, 0.00354781
_14184_, 268.34, 43.52, 0.00354781
_14205_, 268.34, 43.52, 0.00354781
_14181_, 281.14, 43.52, 0.00354917
_14183_, 281.14, 43.52, 0.00354917
_14186_, 281.14, 43.52, 0.00354917
_14201_, 281.14, 43.52, 0.00354917
_14202_, 281.14, 43.52, 0.00354917
_14203_, 281.14, 43.52, 0.00354917
_14204_, 281.14, 43.52, 0.00354917
_14225_, 281.14, 43.52, 0.00354917
_14227_, 281.14, 43.52, 0.00354917
FILLER_0_13_611, 281.14, 43.52, 0.00354917
_14182_, 293.94, 43.52, 0.00354643
_14278_, 293.94, 43.52, 0.00354643
_16355_, 293.94, 43.52, 0.00354643
FILLER_0_12_619, 293.94, 43.52, 0.00354643
FILLER_0_12_638, 293.94, 43.52, 0.00354643
_14471_, 306.74, 43.52, 0.00353594
_14487_, 306.74, 43.52, 0.00353594
_14488_, 306.74, 43.52, 0.00353594
clkbuf_leaf_173_clk, 306.74, 43.52, 0.00353594
FILLER_0_11_653, 306.74, 43.52, 0.00353594
FILLER_0_12_645, 306.74, 43.52, 0.00353594
_14481_, 319.54, 43.52, 0.00349547
_16466_, 319.54, 43.52, 0.00349547
_16467_, 319.54, 43.52, 0.00349547
FILLER_0_11_669, 319.54, 43.52, 0.00349547
FILLER_0_11_673, 319.54, 43.52, 0.00349547
FILLER_0_12_693, 319.54, 43.52, 0.00349547
_16457_, 344.971, 43.52, 0.00354467
clkbuf_leaf_172_clk, 344.971, 43.52, 0.00354467
hold1591, 344.971, 43.52, 0.00354467
FILLER_0_11_729, 344.971, 43.52, 0.00354467
_12810_, 357.603, 43.52, 0.00361902
_15381_, 357.603, 43.52, 0.00361902
FILLER_0_12_769, 357.603, 43.52, 0.00361902
_11483_, 370.235, 43.52, 0.00368932
hold331, 370.235, 43.52, 0.00368932
FILLER_0_12_802, 370.235, 43.52, 0.00368932
_15348_, 382.866, 43.52, 0.00375947
clkbuf_leaf_167_clk, 382.866, 43.52, 0.00375947
hold368, 382.866, 43.52, 0.00375947
FILLER_0_11_810, 382.866, 43.52, 0.00375947
FILLER_0_12_833, 382.866, 43.52, 0.00375947
_12041_, 395.498, 43.52, 0.00380602
_09622_, 408.13, 43.52, 0.00385255
_09623_, 408.13, 43.52, 0.00385255
_16288_, 408.13, 43.52, 0.00385255
FILLER_0_11_865, 408.13, 43.52, 0.00385255
FILLER_0_12_864, 408.13, 43.52, 0.00385255
FILLER_0_13_888, 408.13, 43.52, 0.00385255
_13858_, 420.761, 43.52, 0.00389512
clkbuf_leaf_165_clk, 420.761, 43.52, 0.00389512
hold379, 420.761, 43.52, 0.00389512
hold390, 420.761, 43.52, 0.00389512
hold430, 420.761, 43.52, 0.00389512
FILLER_0_11_897, 420.761, 43.52, 0.00389512
FILLER_0_13_905, 420.761, 43.52, 0.00389512
_11458_, 433.393, 43.52, 0.00391286
_15365_, 433.393, 43.52, 0.00391286
hold381, 433.393, 43.52, 0.00391286
hold403, 433.393, 43.52, 0.00391286
hold1413, 433.393, 43.52, 0.00391286
FILLER_0_12_941, 433.393, 43.52, 0.00391286
FILLER_0_13_938, 433.393, 43.52, 0.00391286
_09648_, 446.025, 43.52, 0.00392662
_16334_, 446.025, 43.52, 0.00392662
_16337_, 446.025, 43.52, 0.00392662
hold408, 446.025, 43.52, 0.00392662
hold1580, 446.025, 43.52, 0.00392662
FILLER_0_13_961, 446.025, 43.52, 0.00392662
_09649_, 458.656, 43.52, 0.00393341
_09650_, 458.656, 43.52, 0.00393341
_09651_, 458.656, 43.52, 0.00393341
_09656_, 458.656, 43.52, 0.00393341
_09756_, 458.656, 43.52, 0.00393341
_15186_, 458.656, 43.52, 0.00393341
_15187_, 458.656, 43.52, 0.00393341
_09657_, 471.288, 43.52, 0.00393343
FILLER_0_11_1003, 471.288, 43.52, 0.00393343
FILLER_0_12_1025, 471.288, 43.52, 0.00393343
_15422_, 5.52, 38.08, 0.00349593
PHY_18, 5.52, 38.08, 0.00349593
PHY_20, 5.52, 38.08, 0.00349593
input28, 5.52, 38.08, 0.00349593
FILLER_0_10_3, 5.52, 38.08, 0.00349593
FILLER_0_11_6, 5.52, 38.08, 0.00349593
PHY_19, 483.92, 38.08, 0.00366944
PHY_21, 483.92, 38.08, 0.00366944
input29, 483.92, 38.08, 0.00366944
FILLER_0_9_1033, 483.92, 38.08, 0.00366944
_11575_, 15.33, 38.08, 0.00349312
hold190, 15.33, 38.08, 0.00349312
FILLER_0_11_23, 15.33, 38.08, 0.00349312
_12157_, 37.94, 38.08, 0.00352036
_15676_, 37.94, 38.08, 0.00352036
hold109, 37.94, 38.08, 0.00352036
hold139, 37.94, 38.08, 0.00352036
FILLER_0_9_57, 37.94, 38.08, 0.00352036
FILLER_0_10_60, 37.94, 38.08, 0.00352036
_11107_, 50.74, 38.08, 0.00354686
_12131_, 50.74, 38.08, 0.00354686
_12155_, 50.74, 38.08, 0.00354686
hold207, 50.74, 38.08, 0.00354686
FILLER_0_10_106, 50.74, 38.08, 0.00354686
_11105_, 63.54, 38.08, 0.00357237
_15612_, 63.54, 38.08, 0.00357237
_15613_, 63.54, 38.08, 0.00357237
FILLER_0_10_114, 63.54, 38.08, 0.00357237
FILLER_0_10_133, 63.54, 38.08, 0.00357237
_11108_, 76.34, 38.08, 0.00359035
_12215_, 76.34, 38.08, 0.00359035
_15709_, 76.34, 38.08, 0.00359035
FILLER_0_10_141, 76.34, 38.08, 0.00359035
FILLER_0_10_153, 76.34, 38.08, 0.00359035
_11116_, 89.14, 38.08, 0.00360422
_16390_, 89.14, 38.08, 0.00360422
_16406_, 89.14, 38.08, 0.00360422
_11100_, 101.94, 38.08, 0.00361064
_11104_, 101.94, 38.08, 0.00361064
_14357_, 101.94, 38.08, 0.00361064
_15836_, 101.94, 38.08, 0.00361064
hold113, 101.94, 38.08, 0.00361064
hold231, 101.94, 38.08, 0.00361064
FILLER_0_11_220, 101.94, 38.08, 0.00361064
_11265_, 114.74, 38.08, 0.00361251
_15281_, 114.74, 38.08, 0.00361251
_15282_, 114.74, 38.08, 0.00361251
hold349, 114.74, 38.08, 0.00361251
FILLER_0_10_226, 114.74, 38.08, 0.00361251
_11267_, 127.54, 38.08, 0.00360459
_11268_, 127.54, 38.08, 0.00360459
clkbuf_leaf_197_clk, 127.54, 38.08, 0.00360459
hold348, 127.54, 38.08, 0.00360459
FILLER_0_10_270, 127.54, 38.08, 0.00360459
FILLER_0_11_275, 127.54, 38.08, 0.00360459
_11746_, 140.34, 38.08, 0.00357393
_15289_, 140.34, 38.08, 0.00357393
_16341_, 140.34, 38.08, 0.00357393
FILLER_0_10_304, 140.34, 38.08, 0.00357393
FILLER_0_11_299, 140.34, 38.08, 0.00357393
_11253_, 153.14, 38.08, 0.00353045
_11256_, 153.14, 38.08, 0.00353045
_11315_, 153.14, 38.08, 0.00353045
_11744_, 153.14, 38.08, 0.00353045
FILLER_0_10_321, 153.14, 38.08, 0.00353045
FILLER_0_10_333, 153.14, 38.08, 0.00353045
FILLER_0_11_332, 153.14, 38.08, 0.00353045
_11261_, 165.94, 38.08, 0.00348471
_11263_, 165.94, 38.08, 0.00348471
_14037_, 165.94, 38.08, 0.00348471
_14058_, 165.94, 38.08, 0.00348471
_14060_, 165.94, 38.08, 0.00348471
_14092_, 165.94, 38.08, 0.00348471
_13987_, 191.54, 38.08, 0.00346853
_14076_, 191.54, 38.08, 0.00346853
_14118_, 191.54, 38.08, 0.00346853
_16345_, 191.54, 38.08, 0.00346853
FILLER_0_9_393, 191.54, 38.08, 0.00346853
FILLER_0_11_405, 191.54, 38.08, 0.00346853
_14007_, 204.34, 38.08, 0.00349076
_14289_, 204.34, 38.08, 0.00349076
FILLER_0_10_433, 204.34, 38.08, 0.00349076
FILLER_0_11_437, 204.34, 38.08, 0.00349076
_11824_, 217.14, 38.08, 0.00351226
_12011_, 217.14, 38.08, 0.00351226
_14290_, 217.14, 38.08, 0.00351226
_15529_, 217.14, 38.08, 0.00351226
hold268, 217.14, 38.08, 0.00351226
FILLER_0_10_447, 217.14, 38.08, 0.00351226
FILLER_0_11_468, 217.14, 38.08, 0.00351226
_14260_, 229.94, 38.08, 0.00352836
_14277_, 229.94, 38.08, 0.00352836
clkbuf_leaf_192_clk, 229.94, 38.08, 0.00352836
FILLER_0_9_474, 229.94, 38.08, 0.00352836
FILLER_0_10_481, 229.94, 38.08, 0.00352836
FILLER_0_10_492, 229.94, 38.08, 0.00352836
FILLER_0_10_500, 229.94, 38.08, 0.00352836
FILLER_0_11_494, 229.94, 38.08, 0.00352836
_12009_, 242.74, 38.08, 0.00352008
_14292_, 242.74, 38.08, 0.00352008
hold267, 242.74, 38.08, 0.00352008
FILLER_0_9_513, 242.74, 38.08, 0.00352008
_12007_, 255.54, 38.08, 0.00350941
hold279, 255.54, 38.08, 0.00350941
FILLER_0_11_555, 255.54, 38.08, 0.00350941
_12004_, 268.34, 38.08, 0.00349775
_14156_, 268.34, 38.08, 0.00349775
FILLER_0_9_561, 268.34, 38.08, 0.00349775
FILLER_0_11_574, 268.34, 38.08, 0.00349775
_14185_, 281.14, 38.08, 0.00348501
_14226_, 281.14, 38.08, 0.00348501
FILLER_0_10_589, 281.14, 38.08, 0.00348501
FILLER_0_10_611, 281.14, 38.08, 0.00348501
FILLER_0_11_607, 281.14, 38.08, 0.00348501
_14293_, 293.94, 38.08, 0.0034717
_16354_, 293.94, 38.08, 0.0034717
_14489_, 306.74, 38.08, 0.00345153
FILLER_0_10_641, 306.74, 38.08, 0.00345153
_14480_, 319.54, 38.08, 0.00343128
_14490_, 319.54, 38.08, 0.00343128
_16459_, 319.54, 38.08, 0.00343128
hold468, 319.54, 38.08, 0.00343128
hold1457, 319.54, 38.08, 0.00343128
FILLER_0_9_669, 319.54, 38.08, 0.00343128
FILLER_0_9_673, 319.54, 38.08, 0.00343128
FILLER_0_10_669, 319.54, 38.08, 0.00343128
FILLER_0_10_681, 319.54, 38.08, 0.00343128
FILLER_0_9_725, 344.971, 38.08, 0.00345088
FILLER_0_10_747, 344.971, 38.08, 0.00345088
_11480_, 357.603, 38.08, 0.00349691
_11481_, 357.603, 38.08, 0.00349691
_15380_, 357.603, 38.08, 0.00349691
FILLER_0_9_765, 357.603, 38.08, 0.00349691
FILLER_0_10_757, 357.603, 38.08, 0.00349691
FILLER_0_11_778, 357.603, 38.08, 0.00349691
_11479_, 370.235, 38.08, 0.00353945
_15384_, 370.235, 38.08, 0.00353945
hold261, 370.235, 38.08, 0.00353945
hold335, 370.235, 38.08, 0.00353945
hold376, 370.235, 38.08, 0.00353945
FILLER_0_9_785, 370.235, 38.08, 0.00353945
_12991_, 382.866, 38.08, 0.0035783
_12994_, 382.866, 38.08, 0.0035783
_15897_, 382.866, 38.08, 0.0035783
FILLER_0_10_809, 382.866, 38.08, 0.0035783
FILLER_0_11_830, 382.866, 38.08, 0.0035783
_08673_, 395.498, 38.08, 0.00361375
_08691_, 395.498, 38.08, 0.00361375
_15174_, 395.498, 38.08, 0.00361375
FILLER_0_11_853, 395.498, 38.08, 0.00361375
_09614_, 408.13, 38.08, 0.00364546
_09615_, 408.13, 38.08, 0.00364546
_09618_, 408.13, 38.08, 0.00364546
clkbuf_leaf_166_clk, 408.13, 38.08, 0.00364546
FILLER_0_9_869, 408.13, 38.08, 0.00364546
FILLER_0_10_869, 408.13, 38.08, 0.00364546
FILLER_0_11_885, 408.13, 38.08, 0.00364546
_09616_, 420.761, 38.08, 0.00365832
_16284_, 420.761, 38.08, 0.00365832
_16286_, 420.761, 38.08, 0.00365832
FILLER_0_10_900, 420.761, 38.08, 0.00365832
_13856_, 433.393, 38.08, 0.00366348
_13938_, 433.393, 38.08, 0.00366348
_16333_, 433.393, 38.08, 0.00366348
FILLER_0_10_921, 433.393, 38.08, 0.00366348
FILLER_0_9_944, 446.025, 38.08, 0.00366497
FILLER_0_11_969, 446.025, 38.08, 0.00366497
FILLER_0_10_975, 458.656, 38.08, 0.00366646
FILLER_0_9_1001, 471.288, 38.08, 0.00366795
_15420_, 5.52, 32.64, 0.00349312
_15421_, 5.52, 32.64, 0.00349312
PHY_14, 5.52, 32.64, 0.00349312
PHY_16, 5.52, 32.64, 0.00349312
FILLER_0_8_3, 5.52, 32.64, 0.00349312
FILLER_0_9_3, 5.52, 32.64, 0.00349312
PHY_15, 483.92, 32.64, 0.00353448
PHY_17, 483.92, 32.64, 0.00353448
FILLER_0_7_1033, 483.92, 32.64, 0.00353448
FILLER_0_8_1029, 483.92, 32.64, 0.00353448
_11573_, 15.33, 32.64, 0.00348787
hold220, 15.33, 32.64, 0.00348787
FILLER_0_8_25, 15.33, 32.64, 0.00348787
_15675_, 37.94, 32.64, 0.00349614
_15677_, 37.94, 32.64, 0.00349614
FILLER_0_7_69, 37.94, 32.64, 0.00349614
_11115_, 50.74, 32.64, 0.00350294
FILLER_0_9_104, 50.74, 32.64, 0.00350294
_12213_, 63.54, 32.64, 0.00350901
_15708_, 63.54, 32.64, 0.00350901
FILLER_0_7_113, 63.54, 32.64, 0.00350901
FILLER_0_8_130, 63.54, 32.64, 0.00350901
_11099_, 76.34, 32.64, 0.00351159
hold89, 76.34, 32.64, 0.00351159
FILLER_0_8_141, 76.34, 32.64, 0.00351159
FILLER_0_8_155, 76.34, 32.64, 0.00351159
FILLER_0_9_163, 76.34, 32.64, 0.00351159
_14401_, 89.14, 32.64, 0.00351339
FILLER_0_9_190, 89.14, 32.64, 0.00351339
_12701_, 101.94, 32.64, 0.00351511
_14402_, 101.94, 32.64, 0.00351511
_16422_, 101.94, 32.64, 0.00351511
FILLER_0_8_197, 101.94, 32.64, 0.00351511
_16421_, 114.74, 32.64, 0.00351326
FILLER_0_8_248, 114.74, 32.64, 0.00351326
_11300_, 127.54, 32.64, 0.00350798
_11732_, 127.54, 32.64, 0.00350798
_11735_, 127.54, 32.64, 0.00350798
_11737_, 127.54, 32.64, 0.00350798
_11739_, 127.54, 32.64, 0.00350798
_15290_, 127.54, 32.64, 0.00350798
hold3, 127.54, 32.64, 0.00350798
FILLER_0_8_253, 127.54, 32.64, 0.00350798
FILLER_0_9_269, 127.54, 32.64, 0.00350798
_11304_, 140.34, 32.64, 0.0034951
_11316_, 140.34, 32.64, 0.0034951
_11731_, 140.34, 32.64, 0.0034951
_11742_, 140.34, 32.64, 0.0034951
hold274, 140.34, 32.64, 0.0034951
FILLER_0_7_289, 140.34, 32.64, 0.0034951
_11264_, 153.14, 32.64, 0.00347864
_15294_, 153.14, 32.64, 0.00347864
hold714, 153.14, 32.64, 0.00347864
_11262_, 165.94, 32.64, 0.00345659
_14093_, 165.94, 32.64, 0.00345659
_14094_, 165.94, 32.64, 0.00345659
_14096_, 165.94, 32.64, 0.00345659
FILLER_0_8_343, 165.94, 32.64, 0.00345659
_11064_, 191.54, 32.64, 0.00345854
_13981_, 191.54, 32.64, 0.00345854
FILLER_0_8_414, 191.54, 32.64, 0.00345854
_11297_, 204.34, 32.64, 0.00348216
_11299_, 204.34, 32.64, 0.00348216
_11302_, 204.34, 32.64, 0.00348216
_11807_, 204.34, 32.64, 0.00348216
_11823_, 204.34, 32.64, 0.00348216
_14288_, 204.34, 32.64, 0.00348216
_14291_, 204.34, 32.64, 0.00348216
FILLER_0_9_437, 204.34, 32.64, 0.00348216
_11821_, 217.14, 32.64, 0.00349982
_11822_, 217.14, 32.64, 0.00349982
_14254_, 217.14, 32.64, 0.00349982
_14255_, 217.14, 32.64, 0.00349982
_14256_, 217.14, 32.64, 0.00349982
hold272, 217.14, 32.64, 0.00349982
FILLER_0_8_448, 217.14, 32.64, 0.00349982
_14258_, 229.94, 32.64, 0.00351499
_14259_, 229.94, 32.64, 0.00351499
_15528_, 229.94, 32.64, 0.00351499
hold271, 229.94, 32.64, 0.00351499
FILLER_0_8_485, 229.94, 32.64, 0.00351499
FILLER_0_9_501, 229.94, 32.64, 0.00351499
_11817_, 242.74, 32.64, 0.00352448
_11818_, 242.74, 32.64, 0.00352448
_11820_, 242.74, 32.64, 0.00352448
_15527_, 242.74, 32.64, 0.00352448
hold266, 242.74, 32.64, 0.00352448
hold280, 242.74, 32.64, 0.00352448
FILLER_0_8_529, 242.74, 32.64, 0.00352448
_14145_, 255.54, 32.64, 0.00352745
_14232_, 255.54, 32.64, 0.00352745
_14233_, 255.54, 32.64, 0.00352745
FILLER_0_9_552, 255.54, 32.64, 0.00352745
_11816_, 268.34, 32.64, 0.00352739
_12005_, 268.34, 32.64, 0.00352739
_15526_, 268.34, 32.64, 0.00352739
hold262, 268.34, 32.64, 0.00352739
FILLER_0_8_567, 268.34, 32.64, 0.00352739
_15589_, 281.14, 32.64, 0.00352192
hold444, 281.14, 32.64, 0.00352192
FILLER_0_7_589, 281.14, 32.64, 0.00352192
FILLER_0_9_609, 281.14, 32.64, 0.00352192
_14147_, 293.94, 32.64, 0.00351184
_14207_, 293.94, 32.64, 0.00351184
_14234_, 293.94, 32.64, 0.00351184
_16348_, 293.94, 32.64, 0.00351184
FILLER_0_8_636, 293.94, 32.64, 0.00351184
_14483_, 306.74, 32.64, 0.00349163
_16351_, 306.74, 32.64, 0.00349163
_16463_, 306.74, 32.64, 0.00349163
_14486_, 319.54, 32.64, 0.00345705
_16461_, 319.54, 32.64, 0.00345705
_16464_, 319.54, 32.64, 0.00345705
hold748, 319.54, 32.64, 0.00345705
FILLER_0_8_696, 319.54, 32.64, 0.00345705
FILLER_0_8_745, 344.971, 32.64, 0.00343736
_15382_, 357.603, 32.64, 0.00346225
FILLER_0_8_753, 357.603, 32.64, 0.00346225
_12986_, 370.235, 32.64, 0.00348374
_12987_, 370.235, 32.64, 0.00348374
_12988_, 370.235, 32.64, 0.00348374
_12990_, 370.235, 32.64, 0.00348374
FILLER_0_8_793, 370.235, 32.64, 0.00348374
_12989_, 382.866, 32.64, 0.00350511
_12995_, 382.866, 32.64, 0.00350511
_15899_, 382.866, 32.64, 0.00350511
_15901_, 382.866, 32.64, 0.00350511
FILLER_0_8_809, 382.866, 32.64, 0.00350511
_08655_, 395.498, 32.64, 0.00351975
_08664_, 395.498, 32.64, 0.00351975
_15170_, 395.498, 32.64, 0.00351975
_09619_, 408.13, 32.64, 0.00353063
_15171_, 408.13, 32.64, 0.00353063
_15172_, 408.13, 32.64, 0.00353063
FILLER_0_7_865, 408.13, 32.64, 0.00353063
FILLER_0_8_864, 408.13, 32.64, 0.00353063
FILLER_0_8_869, 408.13, 32.64, 0.00353063
_09617_, 420.761, 32.64, 0.00353448
_16285_, 420.761, 32.64, 0.00353448
FILLER_0_7_891, 420.761, 32.64, 0.00353448
FILLER_0_8_918, 433.393, 32.64, 0.00353448
FILLER_0_7_945, 446.025, 32.64, 0.00353448
FILLER_0_8_973, 458.656, 32.64, 0.00353448
FILLER_0_7_1001, 471.288, 32.64, 0.00353448
PHY_10, 5.52, 27.2, 0.00351291
PHY_12, 5.52, 27.2, 0.00351291
PHY_11, 483.92, 27.2, 0.00341541
PHY_13, 483.92, 27.2, 0.00341541
FILLER_0_5_1033, 483.92, 27.2, 0.00341541
FILLER_0_6_1029, 483.92, 27.2, 0.00341541
_15388_, 15.33, 27.2, 0.00351291
FILLER_0_6_29, 15.33, 27.2, 0.00351291
_14532_, 37.94, 27.2, 0.00354958
_16486_, 37.94, 27.2, 0.00354958
hold216, 37.94, 27.2, 0.00354958
FILLER_0_5_69, 37.94, 27.2, 0.00354958
FILLER_0_6_59, 37.94, 27.2, 0.00354958
FILLER_0_6_80, 37.94, 27.2, 0.00354958
_11096_, 50.74, 27.2, 0.00358526
_14533_, 50.74, 27.2, 0.00358526
_16485_, 50.74, 27.2, 0.00358526
FILLER_0_6_85, 50.74, 27.2, 0.00358526
FILLER_0_7_101, 50.74, 27.2, 0.00358526
FILLER_0_7_109, 50.74, 27.2, 0.00358526
_11113_, 63.54, 27.2, 0.00361671
_12214_, 63.54, 27.2, 0.00361671
hold149, 63.54, 27.2, 0.00361671
hold239, 63.54, 27.2, 0.00361671
FILLER_0_6_118, 63.54, 27.2, 0.00361671
FILLER_0_7_135, 63.54, 27.2, 0.00361671
_11089_, 76.34, 27.2, 0.00364719
_11498_, 76.34, 27.2, 0.00364719
_11502_, 76.34, 27.2, 0.00364719
_15707_, 76.34, 27.2, 0.00364719
hold166, 76.34, 27.2, 0.00364719
FILLER_0_6_162, 76.34, 27.2, 0.00364719
_14358_, 89.14, 27.2, 0.00367203
clkbuf_leaf_205_clk, 89.14, 27.2, 0.00367203
hold160, 89.14, 27.2, 0.00367203
FILLER_0_5_169, 89.14, 27.2, 0.00367203
FILLER_0_6_189, 89.14, 27.2, 0.00367203
FILLER_0_7_193, 89.14, 27.2, 0.00367203
_16389_, 101.94, 27.2, 0.0036731
clkbuf_leaf_204_clk, 101.94, 27.2, 0.0036731
hold127, 101.94, 27.2, 0.0036731
FILLER_0_5_203, 101.94, 27.2, 0.0036731
FILLER_0_6_197, 101.94, 27.2, 0.0036731
FILLER_0_6_211, 101.94, 27.2, 0.0036731
FILLER_0_7_216, 101.94, 27.2, 0.0036731
_11247_, 114.74, 27.2, 0.00364692
hold156, 114.74, 27.2, 0.00364692
hold187, 114.74, 27.2, 0.00364692
FILLER_0_5_233, 114.74, 27.2, 0.00364692
FILLER_0_6_238, 114.74, 27.2, 0.00364692
FILLER_0_7_249, 114.74, 27.2, 0.00364692
_11273_, 127.54, 27.2, 0.00361937
_11274_, 127.54, 27.2, 0.00361937
_11278_, 127.54, 27.2, 0.00361937
_11283_, 127.54, 27.2, 0.00361937
_15283_, 127.54, 27.2, 0.00361937
FILLER_0_6_267, 127.54, 27.2, 0.00361937
FILLER_0_7_270, 127.54, 27.2, 0.00361937
_11293_, 140.34, 27.2, 0.00358597
_11303_, 140.34, 27.2, 0.00358597
_11314_, 140.34, 27.2, 0.00358597
hold270, 140.34, 27.2, 0.00358597
FILLER_0_5_281, 140.34, 27.2, 0.00358597
FILLER_0_6_301, 140.34, 27.2, 0.00358597
FILLER_0_7_297, 140.34, 27.2, 0.00358597
_11305_, 153.14, 27.2, 0.00355062
_11313_, 153.14, 27.2, 0.00355062
_11320_, 153.14, 27.2, 0.00355062
_11322_, 153.14, 27.2, 0.00355062
_15293_, 153.14, 27.2, 0.00355062
hold613, 153.14, 27.2, 0.00355062
FILLER_0_5_315, 153.14, 27.2, 0.00355062
_11323_, 165.94, 27.2, 0.00350824
_14095_, 165.94, 27.2, 0.00350824
_14111_, 165.94, 27.2, 0.00350824
_15297_, 165.94, 27.2, 0.00350824
hold558, 165.94, 27.2, 0.00350824
hold678, 165.94, 27.2, 0.00350824
FILLER_0_7_349, 165.94, 27.2, 0.00350824
FILLER_0_7_360, 165.94, 27.2, 0.00350824
_11062_, 191.54, 27.2, 0.00347765
_11276_, 191.54, 27.2, 0.00347765
_11298_, 191.54, 27.2, 0.00347765
_13945_, 191.54, 27.2, 0.00347765
FILLER_0_5_398, 191.54, 27.2, 0.00347765
FILLER_0_6_414, 191.54, 27.2, 0.00347765
FILLER_0_7_414, 191.54, 27.2, 0.00347765
_11063_, 204.34, 27.2, 0.00349423
FILLER_0_5_429, 204.34, 27.2, 0.00349423
FILLER_0_7_444, 204.34, 27.2, 0.00349423
_11341_, 217.14, 27.2, 0.00350998
hold415, 217.14, 27.2, 0.00350998
FILLER_0_7_472, 217.14, 27.2, 0.00350998
_11819_, 229.94, 27.2, 0.00352465
_14170_, 229.94, 27.2, 0.00352465
_14235_, 229.94, 27.2, 0.00352465
_14236_, 229.94, 27.2, 0.00352465
_14238_, 229.94, 27.2, 0.00352465
_14239_, 229.94, 27.2, 0.00352465
_14251_, 229.94, 27.2, 0.00352465
_14257_, 229.94, 27.2, 0.00352465
FILLER_0_5_477, 229.94, 27.2, 0.00352465
FILLER_0_5_487, 229.94, 27.2, 0.00352465
FILLER_0_7_498, 229.94, 27.2, 0.00352465
_14192_, 242.74, 27.2, 0.00353609
_14213_, 242.74, 27.2, 0.00353609
FILLER_0_5_512, 242.74, 27.2, 0.00353609
FILLER_0_6_516, 242.74, 27.2, 0.00353609
_14149_, 255.54, 27.2, 0.0035446
_14161_, 255.54, 27.2, 0.0035446
_14195_, 255.54, 27.2, 0.0035446
_14206_, 255.54, 27.2, 0.0035446
FILLER_0_5_534, 255.54, 27.2, 0.0035446
FILLER_0_7_551, 255.54, 27.2, 0.0035446
_11998_, 268.34, 27.2, 0.00354933
FILLER_0_6_575, 268.34, 27.2, 0.00354933
_15586_, 281.14, 27.2, 0.00355372
clkbuf_leaf_174_clk, 281.14, 27.2, 0.00355372
hold502, 281.14, 27.2, 0.00355372
FILLER_0_6_613, 281.14, 27.2, 0.00355372
_14162_, 293.94, 27.2, 0.00353145
_14193_, 293.94, 27.2, 0.00353145
_16350_, 293.94, 27.2, 0.00353145
_16352_, 293.94, 27.2, 0.00353145
FILLER_0_6_627, 293.94, 27.2, 0.00353145
_14485_, 306.74, 27.2, 0.0034938
_16349_, 306.74, 27.2, 0.0034938
FILLER_0_6_641, 306.74, 27.2, 0.0034938
FILLER_0_7_658, 306.74, 27.2, 0.0034938
FILLER_0_7_668, 306.74, 27.2, 0.0034938
_14482_, 319.54, 27.2, 0.0034505
_14484_, 319.54, 27.2, 0.0034505
_16460_, 319.54, 27.2, 0.0034505
FILLER_0_6_674, 319.54, 27.2, 0.0034505
FILLER_0_6_746, 344.971, 27.2, 0.00340537
FILLER_0_7_777, 357.603, 27.2, 0.00340872
FILLER_0_6_805, 370.235, 27.2, 0.00341206
_15898_, 382.866, 27.2, 0.00341541
FILLER_0_6_861, 395.498, 27.2, 0.00341541
FILLER_0_5_889, 420.761, 27.2, 0.00341541
FILLER_0_6_917, 433.393, 27.2, 0.00341541
FILLER_0_5_945, 446.025, 27.2, 0.00341541
FILLER_0_6_973, 458.656, 27.2, 0.00341541
FILLER_0_5_1001, 471.288, 27.2, 0.00341541
PHY_6, 5.52, 21.76, 0.00351455
PHY_8, 5.52, 21.76, 0.00351455
output39, 5.52, 21.76, 0.00351455
PHY_7, 483.92, 21.76, 0.00338505
PHY_9, 483.92, 21.76, 0.00338505
FILLER_0_3_1033, 483.92, 21.76, 0.00338505
FILLER_0_4_1029, 483.92, 21.76, 0.00338505
_11499_, 15.33, 21.76, 0.00351297
FILLER_0_4_21, 15.33, 21.76, 0.00351297
FILLER_0_4_29, 15.33, 21.76, 0.00351297
_11500_, 37.94, 21.76, 0.00355511
_14531_, 37.94, 21.76, 0.00355511
clkbuf_leaf_207_clk, 37.94, 21.76, 0.00355511
FILLER_0_3_69, 37.94, 21.76, 0.00355511
FILLER_0_4_67, 37.94, 21.76, 0.00355511
_16487_, 50.74, 21.76, 0.00357633
hold177, 50.74, 21.76, 0.00357633
FILLER_0_3_94, 50.74, 21.76, 0.00357633
FILLER_0_4_85, 50.74, 21.76, 0.00357633
FILLER_0_4_112, 50.74, 21.76, 0.00357633
_12241_, 63.54, 21.76, 0.00359402
_15724_, 63.54, 21.76, 0.00359402
_15725_, 63.54, 21.76, 0.00359402
hold119, 63.54, 21.76, 0.00359402
hold258, 63.54, 21.76, 0.00359402
FILLER_0_5_133, 63.54, 21.76, 0.00359402
_14299_, 76.34, 21.76, 0.00360454
_16357_, 76.34, 21.76, 0.00360454
hold104, 76.34, 21.76, 0.00360454
hold223, 76.34, 21.76, 0.00360454
hold232, 76.34, 21.76, 0.00360454
FILLER_0_4_149, 76.34, 21.76, 0.00360454
_14378_, 89.14, 21.76, 0.00361124
_14380_, 89.14, 21.76, 0.00361124
_16391_, 89.14, 21.76, 0.00361124
_16423_, 89.14, 21.76, 0.00361124
hold105, 89.14, 21.76, 0.00361124
FILLER_0_3_169, 89.14, 21.76, 0.00361124
FILLER_0_4_169, 89.14, 21.76, 0.00361124
_11086_, 101.94, 21.76, 0.00361084
_12700_, 101.94, 21.76, 0.00361084
_14356_, 101.94, 21.76, 0.00361084
FILLER_0_4_197, 101.94, 21.76, 0.00361084
_11279_, 114.74, 21.76, 0.00360957
_14400_, 114.74, 21.76, 0.00360957
_15284_, 114.74, 21.76, 0.00360957
FILLER_0_4_235, 114.74, 21.76, 0.00360957
_11269_, 127.54, 21.76, 0.00360404
_11281_, 127.54, 21.76, 0.00360404
_11282_, 127.54, 21.76, 0.00360404
_11287_, 127.54, 21.76, 0.00360404
_15287_, 127.54, 21.76, 0.00360404
hold295, 127.54, 21.76, 0.00360404
hold321, 127.54, 21.76, 0.00360404
FILLER_0_5_271, 127.54, 21.76, 0.00360404
_11292_, 140.34, 21.76, 0.00359145
_11295_, 140.34, 21.76, 0.00359145
_11296_, 140.34, 21.76, 0.00359145
hold323, 140.34, 21.76, 0.00359145
FILLER_0_4_305, 140.34, 21.76, 0.00359145
_11306_, 153.14, 21.76, 0.00357737
_11309_, 153.14, 21.76, 0.00357737
_11310_, 153.14, 21.76, 0.00357737
_11317_, 153.14, 21.76, 0.00357737
_11321_, 153.14, 21.76, 0.00357737
_15296_, 153.14, 21.76, 0.00357737
clkbuf_leaf_196_clk, 153.14, 21.76, 0.00357737
FILLER_0_4_321, 153.14, 21.76, 0.00357737
_11324_, 165.94, 21.76, 0.00353035
_11325_, 165.94, 21.76, 0.00353035
_11326_, 165.94, 21.76, 0.00353035
_14114_, 165.94, 21.76, 0.00353035
FILLER_0_4_343, 165.94, 21.76, 0.00353035
FILLER_0_4_355, 165.94, 21.76, 0.00353035
_11275_, 191.54, 21.76, 0.0035191
_11277_, 191.54, 21.76, 0.0035191
_11280_, 191.54, 21.76, 0.0035191
_11284_, 191.54, 21.76, 0.0035191
_11285_, 191.54, 21.76, 0.0035191
_11286_, 191.54, 21.76, 0.0035191
_11290_, 191.54, 21.76, 0.0035191
_11291_, 191.54, 21.76, 0.0035191
_11294_, 191.54, 21.76, 0.0035191
FILLER_0_3_393, 191.54, 21.76, 0.0035191
FILLER_0_4_394, 191.54, 21.76, 0.0035191
_11289_, 204.34, 21.76, 0.00354648
_11336_, 204.34, 21.76, 0.00354648
_11338_, 204.34, 21.76, 0.00354648
_11340_, 204.34, 21.76, 0.00354648
_15305_, 204.34, 21.76, 0.00354648
clkbuf_leaf_193_clk, 204.34, 21.76, 0.00354648
hold1579, 204.34, 21.76, 0.00354648
_11330_, 217.14, 21.76, 0.00354679
_11339_, 217.14, 21.76, 0.00354679
_15304_, 217.14, 21.76, 0.00354679
hold410, 217.14, 21.76, 0.00354679
FILLER_0_3_457, 217.14, 21.76, 0.00354679
_11160_, 229.94, 21.76, 0.00354151
_11333_, 229.94, 21.76, 0.00354151
_14209_, 229.94, 21.76, 0.00354151
_14237_, 229.94, 21.76, 0.00354151
hold1431, 229.94, 21.76, 0.00354151
FILLER_0_4_489, 229.94, 21.76, 0.00354151
_14165_, 242.74, 21.76, 0.0035328
_14196_, 242.74, 21.76, 0.0035328
_14208_, 242.74, 21.76, 0.0035328
_14210_, 242.74, 21.76, 0.0035328
FILLER_0_3_510, 242.74, 21.76, 0.0035328
FILLER_0_4_523, 242.74, 21.76, 0.0035328
FILLER_0_5_520, 242.74, 21.76, 0.0035328
_14124_, 255.54, 21.76, 0.00352209
_14125_, 255.54, 21.76, 0.00352209
_14146_, 255.54, 21.76, 0.00352209
_14150_, 255.54, 21.76, 0.00352209
_14166_, 255.54, 21.76, 0.00352209
_14168_, 255.54, 21.76, 0.00352209
hold519, 255.54, 21.76, 0.00352209
FILLER_0_3_534, 255.54, 21.76, 0.00352209
FILLER_0_4_533, 255.54, 21.76, 0.00352209
_11997_, 268.34, 21.76, 0.00350735
_12000_, 268.34, 21.76, 0.00350735
hold301, 268.34, 21.76, 0.00350735
hold505, 268.34, 21.76, 0.00350735
FILLER_0_3_561, 268.34, 21.76, 0.00350735
FILLER_0_3_569, 268.34, 21.76, 0.00350735
FILLER_0_4_558, 268.34, 21.76, 0.00350735
FILLER_0_4_569, 268.34, 21.76, 0.00350735
FILLER_0_5_573, 268.34, 21.76, 0.00350735
_11999_, 281.14, 21.76, 0.00349022
_15587_, 281.14, 21.76, 0.00349022
_15588_, 281.14, 21.76, 0.00349022
hold490, 281.14, 21.76, 0.00349022
FILLER_0_4_589, 281.14, 21.76, 0.00349022
FILLER_0_4_633, 293.94, 21.76, 0.00346393
FILLER_0_4_641, 306.74, 21.76, 0.00343763
FILLER_0_4_693, 319.54, 21.76, 0.00341134
FILLER_0_4_749, 344.971, 21.76, 0.00338505
FILLER_0_5_777, 357.603, 21.76, 0.00338505
FILLER_0_4_805, 370.235, 21.76, 0.00338505
FILLER_0_5_833, 382.866, 21.76, 0.00338505
FILLER_0_4_861, 395.498, 21.76, 0.00338505
FILLER_0_3_889, 420.761, 21.76, 0.00338505
FILLER_0_4_917, 433.393, 21.76, 0.00338505
FILLER_0_3_945, 446.025, 21.76, 0.00338505
FILLER_0_4_973, 458.656, 21.76, 0.00338505
FILLER_0_3_1001, 471.288, 21.76, 0.00338505
PHY_2, 5.52, 16.32, 0.00349581
PHY_4, 5.52, 16.32, 0.00349581
PHY_3, 483.92, 16.32, 0.00340883
PHY_5, 483.92, 16.32, 0.00340883
output41, 483.92, 16.32, 0.00340883
ANTENNA_88, 483.92, 16.32, 0.00340883
FILLER_0_1_1033, 483.92, 16.32, 0.00340883
_12238_, 37.94, 16.32, 0.00351959
_15742_, 37.94, 16.32, 0.00351959
FILLER_0_2_77, 37.94, 16.32, 0.00351959
_12447_, 50.74, 16.32, 0.00353926
_12448_, 50.74, 16.32, 0.00353926
_15741_, 50.74, 16.32, 0.00353926
hold241, 50.74, 16.32, 0.00353926
hold252, 50.74, 16.32, 0.00353926
FILLER_0_2_85, 50.74, 16.32, 0.00353926
FILLER_0_2_106, 50.74, 16.32, 0.00353926
FILLER_0_3_108, 50.74, 16.32, 0.00353926
_12237_, 63.54, 16.32, 0.00355514
_14301_, 63.54, 16.32, 0.00355514
_15723_, 63.54, 16.32, 0.00355514
hold255, 63.54, 16.32, 0.00355514
FILLER_0_1_121, 63.54, 16.32, 0.00355514
FILLER_0_2_117, 63.54, 16.32, 0.00355514
_14300_, 76.34, 16.32, 0.00356734
_16359_, 76.34, 16.32, 0.00356734
hold257, 76.34, 16.32, 0.00356734
_11112_, 89.14, 16.32, 0.00357592
_12236_, 89.14, 16.32, 0.00357592
_12240_, 89.14, 16.32, 0.00357592
_16407_, 89.14, 16.32, 0.00357592
FILLER_0_2_173, 89.14, 16.32, 0.00357592
FILLER_0_2_192, 89.14, 16.32, 0.00357592
_12702_, 101.94, 16.32, 0.00357912
_15835_, 101.94, 16.32, 0.00357912
_15837_, 101.94, 16.32, 0.00357912
hold135, 101.94, 16.32, 0.00357912
hold244, 101.94, 16.32, 0.00357912
FILLER_0_3_216, 101.94, 16.32, 0.00357912
hold153, 114.74, 16.32, 0.00357516
FILLER_0_1_233, 114.74, 16.32, 0.00357516
FILLER_0_2_244, 114.74, 16.32, 0.00357516
FILLER_0_3_249, 114.74, 16.32, 0.00357516
_11288_, 127.54, 16.32, 0.00357109
_15285_, 127.54, 16.32, 0.00357109
_15286_, 127.54, 16.32, 0.00357109
_15288_, 127.54, 16.32, 0.00357109
hold322, 127.54, 16.32, 0.00357109
FILLER_0_1_255, 127.54, 16.32, 0.00357109
FILLER_0_3_277, 127.54, 16.32, 0.00357109
_11307_, 140.34, 16.32, 0.00355349
_11311_, 140.34, 16.32, 0.00355349
_11312_, 140.34, 16.32, 0.00355349
FILLER_0_1_293, 140.34, 16.32, 0.00355349
FILLER_0_3_302, 140.34, 16.32, 0.00355349
_11318_, 153.14, 16.32, 0.00353476
_15292_, 153.14, 16.32, 0.00353476
_15295_, 153.14, 16.32, 0.00353476
hold1519, 153.14, 16.32, 0.00353476
FILLER_0_3_332, 153.14, 16.32, 0.00353476
_11319_, 165.94, 16.32, 0.00350591
_11327_, 165.94, 16.32, 0.00350591
_14112_, 165.94, 16.32, 0.00350591
_15298_, 165.94, 16.32, 0.00350591
hold560, 165.94, 16.32, 0.00350591
FILLER_0_2_347, 165.94, 16.32, 0.00350591
FILLER_0_3_350, 165.94, 16.32, 0.00350591
_16344_, 191.54, 16.32, 0.00349182
FILLER_0_2_414, 191.54, 16.32, 0.00349182
FILLER_0_3_414, 191.54, 16.32, 0.00349182
_11337_, 204.34, 16.32, 0.0035068
_11342_, 204.34, 16.32, 0.0035068
_11343_, 204.34, 16.32, 0.0035068
_15303_, 204.34, 16.32, 0.0035068
hold465, 204.34, 16.32, 0.0035068
hold515, 204.34, 16.32, 0.0035068
FILLER_0_2_421, 204.34, 16.32, 0.0035068
FILLER_0_2_432, 204.34, 16.32, 0.0035068
_11329_, 217.14, 16.32, 0.0035147
_11331_, 217.14, 16.32, 0.0035147
_11332_, 217.14, 16.32, 0.0035147
_11334_, 217.14, 16.32, 0.0035147
hold506, 217.14, 16.32, 0.0035147
FILLER_0_1_449, 217.14, 16.32, 0.0035147
FILLER_0_3_468, 217.14, 16.32, 0.0035147
_15301_, 229.94, 16.32, 0.00352028
_15302_, 229.94, 16.32, 0.00352028
hold520, 229.94, 16.32, 0.00352028
FILLER_0_2_501, 229.94, 16.32, 0.00352028
_11159_, 242.74, 16.32, 0.00351614
_14163_, 242.74, 16.32, 0.00351614
_14164_, 242.74, 16.32, 0.00351614
_14167_, 242.74, 16.32, 0.00351614
_14169_, 242.74, 16.32, 0.00351614
_14194_, 242.74, 16.32, 0.00351614
_14211_, 242.74, 16.32, 0.00351614
_14212_, 242.74, 16.32, 0.00351614
_11808_, 255.54, 16.32, 0.00350863
_11810_, 255.54, 16.32, 0.00350863
_11811_, 255.54, 16.32, 0.00350863
_11815_, 255.54, 16.32, 0.00350863
_14121_, 255.54, 16.32, 0.00350863
_14122_, 255.54, 16.32, 0.00350863
_14148_, 255.54, 16.32, 0.00350863
FILLER_0_1_533, 255.54, 16.32, 0.00350863
_11814_, 268.34, 16.32, 0.00349732
_15523_, 268.34, 16.32, 0.00349732
_15525_, 268.34, 16.32, 0.00349732
hold264, 268.34, 16.32, 0.00349732
FILLER_0_1_561, 268.34, 16.32, 0.00349732
_11812_, 281.14, 16.32, 0.00347695
_12001_, 281.14, 16.32, 0.00347695
_12002_, 281.14, 16.32, 0.00347695
hold265, 281.14, 16.32, 0.00347695
hold621, 281.14, 16.32, 0.00347695
FILLER_0_3_611, 281.14, 16.32, 0.00347695
FILLER_0_2_637, 293.94, 16.32, 0.00345428
FILLER_0_3_665, 306.74, 16.32, 0.0034316
FILLER_0_2_693, 319.54, 16.32, 0.00340892
FILLER_0_2_749, 344.971, 16.32, 0.00338817
FILLER_0_3_777, 357.603, 16.32, 0.0033901
FILLER_0_2_805, 370.235, 16.32, 0.00339202
FILLER_0_3_833, 382.866, 16.32, 0.00339395
FILLER_0_2_861, 395.498, 16.32, 0.00339587
FILLER_0_1_889, 420.761, 16.32, 0.00339972
_07429_, 433.393, 16.32, 0.00340165
FILLER_0_1_921, 433.393, 16.32, 0.00340165
FILLER_0_2_917, 433.393, 16.32, 0.00340165
FILLER_0_2_973, 458.656, 16.32, 0.00340524
FILLER_0_1_1001, 471.288, 16.32, 0.00340703
FILLER_0_2_1017, 471.288, 16.32, 0.00340703
FILLER_0_2_1025, 471.288, 16.32, 0.00340703
PHY_0, 5.52, 10.88, 0.00349208
output72, 5.52, 10.88, 0.00349208
PHY_1, 483.92, 10.88, 0.0034627
output64, 483.92, 10.88, 0.0034627
output79, 15.33, 10.88, 0.00349103
FILLER_0_0_21, 15.33, 10.88, 0.00349103
input22, 37.94, 10.88, 0.00350033
FILLER_0_0_69, 37.94, 10.88, 0.00350033
FILLER_0_0_76, 37.94, 10.88, 0.00350033
FILLER_0_1_81, 37.94, 10.88, 0.00350033
_15743_, 50.74, 10.88, 0.00351159
output32, 50.74, 10.88, 0.00351159
ANTENNA_84, 50.74, 10.88, 0.00351159
FILLER_0_0_85, 50.74, 10.88, 0.00351159
FILLER_0_0_106, 50.74, 10.88, 0.00351159
_12239_, 63.54, 10.88, 0.00351778
_12449_, 63.54, 10.88, 0.00351778
_16358_, 63.54, 10.88, 0.00351778
FILLER_0_0_129, 63.54, 10.88, 0.00351778
FILLER_0_0_137, 63.54, 10.88, 0.00351778
output78, 76.34, 10.88, 0.00352037
FILLER_0_0_161, 76.34, 10.88, 0.00352037
FILLER_0_1_159, 76.34, 10.88, 0.00352037
_16405_, 89.14, 10.88, 0.00352161
FILLER_0_0_193, 89.14, 10.88, 0.00352161
output87, 101.94, 10.88, 0.00351942
FILLER_0_0_215, 101.94, 10.88, 0.00351942
_07400_, 114.74, 10.88, 0.00351471
_15267_, 114.74, 10.88, 0.00351471
output58, 114.74, 10.88, 0.00351471
ANTENNA_6, 114.74, 10.88, 0.00351471
FILLER_0_0_225, 114.74, 10.88, 0.00351471
FILLER_0_0_248, 114.74, 10.88, 0.00351471
FILLER_0_0_277, 127.54, 10.88, 0.00350414
_11308_, 140.34, 10.88, 0.00349357
_15291_, 140.34, 10.88, 0.00349357
input23, 140.34, 10.88, 0.00349357
FILLER_0_0_298, 140.34, 10.88, 0.00349357
output88, 153.14, 10.88, 0.00347835
FILLER_0_0_321, 153.14, 10.88, 0.00347835
FILLER_0_0_331, 153.14, 10.88, 0.00347835
hold780, 165.94, 10.88, 0.00346014
FILLER_0_0_337, 165.94, 10.88, 0.00346014
_07388_, 191.54, 10.88, 0.00345155
output49, 191.54, 10.88, 0.00345155
FILLER_0_0_413, 191.54, 10.88, 0.00345155
FILLER_0_1_410, 191.54, 10.88, 0.00345155
_15306_, 204.34, 10.88, 0.00346097
FILLER_0_0_438, 204.34, 10.88, 0.00346097
_15300_, 217.14, 10.88, 0.00346606
output82, 217.14, 10.88, 0.00346606
FILLER_0_0_467, 217.14, 10.88, 0.00346606
output71, 229.94, 10.88, 0.00346413
FILLER_0_0_489, 229.94, 10.88, 0.00346413
FILLER_0_0_499, 229.94, 10.88, 0.00346413
FILLER_0_1_496, 229.94, 10.88, 0.00346413
FILLER_0_0_529, 242.74, 10.88, 0.00346084
_11813_, 255.54, 10.88, 0.00345755
output89, 255.54, 10.88, 0.00345755
FILLER_0_0_553, 255.54, 10.88, 0.00345755
FILLER_0_1_546, 255.54, 10.88, 0.00345755
FILLER_0_1_555, 255.54, 10.88, 0.00345755
_15524_, 268.34, 10.88, 0.00345216
output91, 268.34, 10.88, 0.00345216
FILLER_0_0_573, 268.34, 10.88, 0.00345216
FILLER_0_0_583, 268.34, 10.88, 0.00345216
FILLER_0_0_613, 281.14, 10.88, 0.00344083
output73, 293.94, 10.88, 0.0034295
FILLER_0_0_637, 293.94, 10.88, 0.0034295
input21, 306.74, 10.88, 0.00341681
FILLER_0_0_657, 306.74, 10.88, 0.00341681
FILLER_0_0_665, 306.74, 10.88, 0.00341681
FILLER_0_1_665, 306.74, 10.88, 0.00341681
output38, 344.971, 10.88, 0.00340189
ANTENNA_86, 344.971, 10.88, 0.00340189
FILLER_0_0_751, 344.971, 10.88, 0.00340189
FILLER_0_1_777, 357.603, 10.88, 0.00341202
input19, 370.235, 10.88, 0.00342214
FILLER_0_0_781, 370.235, 10.88, 0.00342214
FILLER_0_0_805, 370.235, 10.88, 0.00342214
output67, 382.866, 10.88, 0.00343116
FILLER_0_0_825, 382.866, 10.88, 0.00343116
FILLER_0_1_833, 382.866, 10.88, 0.00343116
FILLER_0_0_835, 395.498, 10.88, 0.00343883
output33, 408.13, 10.88, 0.00344651
FILLER_0_0_865, 408.13, 10.88, 0.00344651
FILLER_0_0_887, 408.13, 10.88, 0.00344651
output35, 420.761, 10.88, 0.00345213
ANTENNA_85, 420.761, 10.88, 0.00345213
FILLER_0_0_919, 433.393, 10.88, 0.00345572
input24, 446.025, 10.88, 0.00345931
FILLER_0_0_949, 446.025, 10.88, 0.00345931
output43, 458.656, 10.88, 0.00346182
FILLER_0_0_973, 458.656, 10.88, 0.00346182
FILLER_0_0_993, 458.656, 10.88, 0.00346182
FILLER_0_0_1003, 471.288, 10.88, 0.00346226
FILLER_0_0_1021, 471.288, 10.88, 0.00346226

