Instance name,  X location,  Y location,  Voltage 
PHY_349, 482.64, 486.88, 1.79236
input11, 482.64, 486.88, 1.79236
PHY_345, 482.64, 481.44, 1.79236
PHY_347, 482.64, 481.44, 1.79236
output83, 482.64, 481.44, 1.79236
ANTENNA_94, 482.64, 481.44, 1.79236
FILLER_0_172_1029, 482.64, 481.44, 1.79236
PHY_341, 482.64, 476, 1.79236
PHY_343, 482.64, 476, 1.79236
FILLER_0_170_1029, 482.64, 476, 1.79236
FILLER_0_171_1033, 482.64, 476, 1.79236
PHY_337, 482.64, 470.56, 1.79236
PHY_339, 482.64, 470.56, 1.79236
FILLER_0_168_1029, 482.64, 470.56, 1.79236
FILLER_0_169_1033, 482.64, 470.56, 1.79236
PHY_333, 482.64, 465.12, 1.79235
PHY_335, 482.64, 465.12, 1.79235
output50, 482.64, 465.12, 1.79235
FILLER_0_166_1029, 482.64, 465.12, 1.79235
PHY_329, 482.64, 459.68, 1.79233
PHY_331, 482.64, 459.68, 1.79233
FILLER_0_164_1025, 482.64, 459.68, 1.79233
FILLER_0_164_1033, 482.64, 459.68, 1.79233
FILLER_0_165_1033, 482.64, 459.68, 1.79233
PHY_325, 482.64, 454.24, 1.79235
PHY_327, 482.64, 454.24, 1.79235
FILLER_0_162_1029, 482.64, 454.24, 1.79235
FILLER_0_163_1033, 482.64, 454.24, 1.79235
PHY_321, 482.64, 448.8, 1.79234
PHY_323, 482.64, 448.8, 1.79234
output52, 482.64, 448.8, 1.79234
FILLER_0_160_1025, 482.64, 448.8, 1.79234
FILLER_0_161_1033, 482.64, 448.8, 1.79234
_07441_, 482.64, 443.36, 1.79237
PHY_317, 482.64, 443.36, 1.79237
PHY_319, 482.64, 443.36, 1.79237
FILLER_0_158_1030, 482.64, 443.36, 1.79237
FILLER_0_159_1033, 482.64, 443.36, 1.79237
PHY_313, 482.64, 437.92, 1.7924
PHY_315, 482.64, 437.92, 1.7924
FILLER_0_156_1025, 482.64, 437.92, 1.7924
FILLER_0_156_1033, 482.64, 437.92, 1.7924
FILLER_0_157_1033, 482.64, 437.92, 1.7924
PHY_309, 482.64, 432.48, 1.79232
PHY_311, 482.64, 432.48, 1.79232
FILLER_0_154_1028, 482.64, 432.48, 1.79232
FILLER_0_155_1033, 482.64, 432.48, 1.79232
PHY_305, 482.64, 427.04, 1.7924
PHY_307, 482.64, 427.04, 1.7924
output45, 482.64, 427.04, 1.7924
ANTENNA_89, 482.64, 427.04, 1.7924
FILLER_0_153_1033, 482.64, 427.04, 1.7924
PHY_301, 482.64, 421.6, 1.79249
PHY_303, 482.64, 421.6, 1.79249
FILLER_0_150_1030, 482.64, 421.6, 1.79249
FILLER_0_151_1033, 482.64, 421.6, 1.79249
PHY_297, 482.64, 416.16, 1.79253
PHY_299, 482.64, 416.16, 1.79253
FILLER_0_148_1026, 482.64, 416.16, 1.79253
FILLER_0_149_1033, 482.64, 416.16, 1.79253
PHY_293, 482.64, 410.72, 1.79257
PHY_295, 482.64, 410.72, 1.79257
FILLER_0_146_1026, 482.64, 410.72, 1.79257
FILLER_0_147_1033, 482.64, 410.72, 1.79257
PHY_289, 482.64, 405.28, 1.79263
PHY_291, 482.64, 405.28, 1.79263
input5, 482.64, 405.28, 1.79263
FILLER_0_144_1025, 482.64, 405.28, 1.79263
FILLER_0_144_1033, 482.64, 405.28, 1.79263
PHY_285, 482.64, 399.84, 1.7927
PHY_287, 482.64, 399.84, 1.7927
FILLER_0_143_1033, 482.64, 399.84, 1.7927
PHY_281, 482.64, 394.4, 1.79276
PHY_283, 482.64, 394.4, 1.79276
FILLER_0_140_1032, 482.64, 394.4, 1.79276
FILLER_0_141_1033, 482.64, 394.4, 1.79276
PHY_277, 482.64, 388.96, 1.79283
PHY_279, 482.64, 388.96, 1.79283
hold1188, 482.64, 388.96, 1.79283
FILLER_0_138_1028, 482.64, 388.96, 1.79283
FILLER_0_139_1033, 482.64, 388.96, 1.79283
_07408_, 482.64, 383.52, 1.79293
PHY_273, 482.64, 383.52, 1.79293
PHY_275, 482.64, 383.52, 1.79293
output60, 482.64, 383.52, 1.79293
FILLER_0_136_1030, 482.64, 383.52, 1.79293
PHY_269, 482.64, 378.08, 1.79298
PHY_271, 482.64, 378.08, 1.79298
FILLER_0_134_1026, 482.64, 378.08, 1.79298
PHY_265, 482.64, 372.64, 1.79308
PHY_267, 482.64, 372.64, 1.79308
hold1143, 482.64, 372.64, 1.79308
FILLER_0_133_1026, 482.64, 372.64, 1.79308
_08786_, 482.64, 367.2, 1.79314
PHY_261, 482.64, 367.2, 1.79314
PHY_263, 482.64, 367.2, 1.79314
input10, 482.64, 367.2, 1.79314
FILLER_0_131_1034, 482.64, 367.2, 1.79314
_08788_, 482.64, 361.76, 1.79321
PHY_257, 482.64, 361.76, 1.79321
PHY_259, 482.64, 361.76, 1.79321
hold1501, 482.64, 361.76, 1.79321
PHY_253, 482.64, 356.32, 1.79331
PHY_255, 482.64, 356.32, 1.79331
FILLER_0_126_1031, 482.64, 356.32, 1.79331
FILLER_0_127_1033, 482.64, 356.32, 1.79331
_08782_, 482.64, 350.88, 1.7934
PHY_249, 482.64, 350.88, 1.7934
PHY_251, 482.64, 350.88, 1.7934
FILLER_0_125_1029, 482.64, 350.88, 1.7934
PHY_245, 482.64, 345.44, 1.79345
PHY_247, 482.64, 345.44, 1.79345
FILLER_0_123_1030, 482.64, 345.44, 1.79345
PHY_241, 482.64, 340, 1.79358
PHY_243, 482.64, 340, 1.79358
output59, 482.64, 340, 1.79358
hold1377, 482.64, 340, 1.79358
_07404_, 482.64, 334.56, 1.79368
PHY_237, 482.64, 334.56, 1.79368
PHY_239, 482.64, 334.56, 1.79368
FILLER_0_118_1027, 482.64, 334.56, 1.79368
FILLER_0_119_1025, 482.64, 334.56, 1.79368
FILLER_0_119_1031, 482.64, 334.56, 1.79368
PHY_233, 482.64, 329.12, 1.79379
PHY_235, 482.64, 329.12, 1.79379
output68, 482.64, 329.12, 1.79379
hold958, 482.64, 329.12, 1.79379
ANTENNA_90, 482.64, 329.12, 1.79379
FILLER_0_116_1025, 482.64, 329.12, 1.79379
_08928_, 482.64, 323.68, 1.79391
PHY_229, 482.64, 323.68, 1.79391
PHY_231, 482.64, 323.68, 1.79391
FILLER_0_115_1034, 482.64, 323.68, 1.79391
_08925_, 482.64, 318.24, 1.79404
PHY_225, 482.64, 318.24, 1.79404
PHY_227, 482.64, 318.24, 1.79404
hold1366, 482.64, 318.24, 1.79404
FILLER_0_113_1026, 482.64, 318.24, 1.79404
FILLER_0_113_1034, 482.64, 318.24, 1.79404
PHY_221, 482.64, 312.8, 1.79412
PHY_223, 482.64, 312.8, 1.79412
FILLER_0_110_1029, 482.64, 312.8, 1.79412
PHY_217, 482.64, 307.36, 1.79427
PHY_219, 482.64, 307.36, 1.79427
output90, 482.64, 307.36, 1.79427
ANTENNA_95, 482.64, 307.36, 1.79427
FILLER_0_109_1029, 482.64, 307.36, 1.79427
_08923_, 482.64, 301.92, 1.7944
PHY_213, 482.64, 301.92, 1.7944
PHY_215, 482.64, 301.92, 1.7944
hold809, 482.64, 301.92, 1.7944
FILLER_0_107_1033, 482.64, 301.92, 1.7944
PHY_209, 482.64, 296.48, 1.7945
PHY_211, 482.64, 296.48, 1.7945
hold649, 482.64, 296.48, 1.7945
PHY_205, 482.64, 291.04, 1.79464
PHY_207, 482.64, 291.04, 1.79464
FILLER_0_103_1031, 482.64, 291.04, 1.79464
_08927_, 482.64, 285.6, 1.79476
PHY_201, 482.64, 285.6, 1.79476
PHY_203, 482.64, 285.6, 1.79476
output86, 482.64, 285.6, 1.79476
hold998, 482.64, 285.6, 1.79476
PHY_197, 482.64, 280.16, 1.79487
PHY_199, 482.64, 280.16, 1.79487
FILLER_0_98_1033, 482.64, 280.16, 1.79487
FILLER_0_99_1033, 482.64, 280.16, 1.79487
PHY_193, 482.64, 274.72, 1.79504
PHY_195, 482.64, 274.72, 1.79504
hold1340, 482.64, 274.72, 1.79504
FILLER_0_96_1031, 482.64, 274.72, 1.79504
FILLER_0_97_1034, 482.64, 274.72, 1.79504
PHY_189, 482.64, 269.28, 1.79515
PHY_191, 482.64, 269.28, 1.79515
hold1353, 482.64, 269.28, 1.79515
FILLER_0_94_1032, 482.64, 269.28, 1.79515
FILLER_0_95_1033, 482.64, 269.28, 1.79515
PHY_185, 482.64, 263.84, 1.79529
PHY_187, 482.64, 263.84, 1.79529
hold1299, 482.64, 263.84, 1.79529
FILLER_0_93_1032, 482.64, 263.84, 1.79529
PHY_181, 482.64, 258.4, 1.79546
PHY_183, 482.64, 258.4, 1.79546
input15, 482.64, 258.4, 1.79546
FILLER_0_90_1030, 482.64, 258.4, 1.79546
FILLER_0_91_1025, 482.64, 258.4, 1.79546
PHY_177, 482.64, 252.96, 1.7956
PHY_179, 482.64, 252.96, 1.7956
FILLER_0_88_1025, 482.64, 252.96, 1.7956
FILLER_0_88_1033, 482.64, 252.96, 1.7956
FILLER_0_89_1033, 482.64, 252.96, 1.7956
PHY_173, 482.64, 247.52, 1.79575
PHY_175, 482.64, 247.52, 1.79575
FILLER_0_86_1029, 482.64, 247.52, 1.79575
FILLER_0_87_1033, 482.64, 247.52, 1.79575
PHY_169, 482.64, 242.08, 1.7959
PHY_171, 482.64, 242.08, 1.7959
output98, 482.64, 242.08, 1.7959
ANTENNA_99, 482.64, 242.08, 1.7959
FILLER_0_84_1025, 482.64, 242.08, 1.7959
FILLER_0_84_1033, 482.64, 242.08, 1.7959
PHY_165, 482.64, 236.64, 1.79605
PHY_167, 482.64, 236.64, 1.79605
FILLER_0_82_1029, 482.64, 236.64, 1.79605
FILLER_0_83_1033, 482.64, 236.64, 1.79605
PHY_161, 482.64, 231.2, 1.79619
PHY_163, 482.64, 231.2, 1.79619
FILLER_0_80_1029, 482.64, 231.2, 1.79619
FILLER_0_81_1033, 482.64, 231.2, 1.79619
PHY_157, 482.64, 225.76, 1.79633
PHY_159, 482.64, 225.76, 1.79633
FILLER_0_78_1029, 482.64, 225.76, 1.79633
FILLER_0_79_1033, 482.64, 225.76, 1.79633
PHY_153, 482.64, 220.32, 1.79648
PHY_155, 482.64, 220.32, 1.79648
input25, 482.64, 220.32, 1.79648
FILLER_0_76_1029, 482.64, 220.32, 1.79648
PHY_149, 482.64, 214.88, 1.79663
PHY_151, 482.64, 214.88, 1.79663
FILLER_0_74_1033, 482.64, 214.88, 1.79663
FILLER_0_75_1033, 482.64, 214.88, 1.79663
PHY_145, 482.64, 209.44, 1.79678
PHY_147, 482.64, 209.44, 1.79678
FILLER_0_73_1033, 482.64, 209.44, 1.79678
PHY_141, 482.64, 204, 1.79693
PHY_143, 482.64, 204, 1.79693
output51, 482.64, 204, 1.79693
FILLER_0_70_1026, 482.64, 204, 1.79693
FILLER_0_71_1033, 482.64, 204, 1.79693
_07437_, 482.64, 198.56, 1.79705
_08606_, 482.64, 198.56, 1.79705
PHY_137, 482.64, 198.56, 1.79705
PHY_139, 482.64, 198.56, 1.79705
FILLER_0_68_1031, 482.64, 198.56, 1.79705
PHY_133, 482.64, 193.12, 1.79721
PHY_135, 482.64, 193.12, 1.79721
FILLER_0_66_1029, 482.64, 193.12, 1.79721
FILLER_0_67_1033, 482.64, 193.12, 1.79721
_08580_, 482.64, 187.68, 1.79734
PHY_129, 482.64, 187.68, 1.79734
PHY_131, 482.64, 187.68, 1.79734
FILLER_0_64_1029, 482.64, 187.68, 1.79734
FILLER_0_65_1034, 482.64, 187.68, 1.79734
_08598_, 482.64, 182.24, 1.79747
_08607_, 482.64, 182.24, 1.79747
PHY_125, 482.64, 182.24, 1.79747
PHY_127, 482.64, 182.24, 1.79747
FILLER_0_62_1032, 482.64, 182.24, 1.79747
FILLER_0_63_1033, 482.64, 182.24, 1.79747
PHY_121, 482.64, 176.8, 1.79752
PHY_123, 482.64, 176.8, 1.79752
output65, 482.64, 176.8, 1.79752
FILLER_0_61_1028, 482.64, 176.8, 1.79752
PHY_117, 482.64, 171.36, 1.79751
PHY_119, 482.64, 171.36, 1.79751
FILLER_0_58_1033, 482.64, 171.36, 1.79751
FILLER_0_59_1033, 482.64, 171.36, 1.79751
PHY_113, 482.64, 165.92, 1.79747
PHY_115, 482.64, 165.92, 1.79747
FILLER_0_56_1026, 482.64, 165.92, 1.79747
FILLER_0_57_1029, 482.64, 165.92, 1.79747
_08588_, 482.64, 160.48, 1.79746
PHY_109, 482.64, 160.48, 1.79746
PHY_111, 482.64, 160.48, 1.79746
input8, 482.64, 160.48, 1.79746
FILLER_0_54_1033, 482.64, 160.48, 1.79746
PHY_105, 482.64, 155.04, 1.79743
PHY_107, 482.64, 155.04, 1.79743
FILLER_0_52_1030, 482.64, 155.04, 1.79743
PHY_101, 482.64, 149.6, 1.79742
PHY_103, 482.64, 149.6, 1.79742
FILLER_0_50_1029, 482.64, 149.6, 1.79742
FILLER_0_51_1033, 482.64, 149.6, 1.79742
_08615_, 482.64, 144.16, 1.7974
PHY_97, 482.64, 144.16, 1.7974
PHY_99, 482.64, 144.16, 1.7974
_08616_, 482.64, 138.72, 1.79735
PHY_93, 482.64, 138.72, 1.79735
PHY_95, 482.64, 138.72, 1.79735
input3, 482.64, 138.72, 1.79735
FILLER_0_47_1033, 482.64, 138.72, 1.79735
PHY_89, 482.64, 133.28, 1.79735
PHY_91, 482.64, 133.28, 1.79735
FILLER_0_44_1029, 482.64, 133.28, 1.79735
FILLER_0_45_1031, 482.64, 133.28, 1.79735
_08625_, 482.64, 127.84, 1.79731
PHY_85, 482.64, 127.84, 1.79731
PHY_87, 482.64, 127.84, 1.79731
FILLER_0_42_1032, 482.64, 127.84, 1.79731
FILLER_0_43_1032, 482.64, 127.84, 1.79731
PHY_81, 482.64, 122.4, 1.7973
PHY_83, 482.64, 122.4, 1.7973
input26, 482.64, 122.4, 1.7973
_08708_, 482.64, 116.96, 1.79727
PHY_77, 482.64, 116.96, 1.79727
PHY_79, 482.64, 116.96, 1.79727
FILLER_0_39_1033, 482.64, 116.96, 1.79727
PHY_73, 482.64, 111.52, 1.79721
PHY_75, 482.64, 111.52, 1.79721
FILLER_0_36_1030, 482.64, 111.52, 1.79721
FILLER_0_37_1029, 482.64, 111.52, 1.79721
_08699_, 482.64, 106.08, 1.79724
PHY_69, 482.64, 106.08, 1.79724
PHY_71, 482.64, 106.08, 1.79724
FILLER_0_35_1030, 482.64, 106.08, 1.79724
PHY_65, 482.64, 100.64, 1.79721
PHY_67, 482.64, 100.64, 1.79721
output53, 482.64, 100.64, 1.79721
FILLER_0_32_1029, 482.64, 100.64, 1.79721
FILLER_0_33_1031, 482.64, 100.64, 1.79721
_07445_, 482.64, 95.2, 1.79721
PHY_61, 482.64, 95.2, 1.79721
PHY_63, 482.64, 95.2, 1.79721
FILLER_0_30_1029, 482.64, 95.2, 1.79721
FILLER_0_31_1030, 482.64, 95.2, 1.79721
PHY_57, 482.64, 89.76, 1.79717
PHY_59, 482.64, 89.76, 1.79717
FILLER_0_28_1027, 482.64, 89.76, 1.79717
FILLER_0_29_1026, 482.64, 89.76, 1.79717
FILLER_0_29_1034, 482.64, 89.76, 1.79717
_08681_, 482.64, 84.32, 1.79717
PHY_53, 482.64, 84.32, 1.79717
PHY_55, 482.64, 84.32, 1.79717
FILLER_0_26_1025, 482.64, 84.32, 1.79717
FILLER_0_26_1033, 482.64, 84.32, 1.79717
PHY_49, 482.64, 78.88, 1.79714
PHY_51, 482.64, 78.88, 1.79714
input14, 482.64, 78.88, 1.79714
FILLER_0_24_1033, 482.64, 78.88, 1.79714
_08672_, 482.64, 73.44, 1.79713
PHY_45, 482.64, 73.44, 1.79713
PHY_47, 482.64, 73.44, 1.79713
FILLER_0_22_1029, 482.64, 73.44, 1.79713
PHY_41, 482.64, 68, 1.79713
PHY_43, 482.64, 68, 1.79713
FILLER_0_20_1028, 482.64, 68, 1.79713
FILLER_0_21_1033, 482.64, 68, 1.79713
PHY_37, 482.64, 62.56, 1.7971
PHY_39, 482.64, 62.56, 1.7971
FILLER_0_18_1030, 482.64, 62.56, 1.7971
FILLER_0_19_1032, 482.64, 62.56, 1.7971
PHY_33, 482.64, 57.12, 1.7971
PHY_35, 482.64, 57.12, 1.7971
output84, 482.64, 57.12, 1.7971
FILLER_0_16_1031, 482.64, 57.12, 1.7971
PHY_29, 482.64, 51.68, 1.79708
PHY_31, 482.64, 51.68, 1.79708
FILLER_0_14_1025, 482.64, 51.68, 1.79708
FILLER_0_14_1033, 482.64, 51.68, 1.79708
FILLER_0_15_1032, 482.64, 51.68, 1.79708
PHY_25, 482.64, 46.24, 1.79706
PHY_27, 482.64, 46.24, 1.79706
FILLER_0_12_1025, 482.64, 46.24, 1.79706
FILLER_0_12_1033, 482.64, 46.24, 1.79706
PHY_21, 482.64, 40.8, 1.79708
PHY_23, 482.64, 40.8, 1.79708
input29, 482.64, 40.8, 1.79708
FILLER_0_11_1033, 482.64, 40.8, 1.79708
PHY_17, 482.64, 35.36, 1.79707
PHY_19, 482.64, 35.36, 1.79707
FILLER_0_8_1029, 482.64, 35.36, 1.79707
FILLER_0_9_1033, 482.64, 35.36, 1.79707
PHY_13, 482.64, 29.92, 1.79708
PHY_15, 482.64, 29.92, 1.79708
FILLER_0_6_1029, 482.64, 29.92, 1.79708
FILLER_0_7_1033, 482.64, 29.92, 1.79708
PHY_9, 482.64, 24.48, 1.79708
PHY_11, 482.64, 24.48, 1.79708
FILLER_0_4_1029, 482.64, 24.48, 1.79708
FILLER_0_5_1033, 482.64, 24.48, 1.79708
PHY_5, 482.64, 19.04, 1.79708
PHY_7, 482.64, 19.04, 1.79708
output41, 482.64, 19.04, 1.79708
ANTENNA_88, 482.64, 19.04, 1.79708
FILLER_0_2_1025, 482.64, 19.04, 1.79708
FILLER_0_3_1033, 482.64, 19.04, 1.79708
PHY_1, 482.64, 13.6, 1.79708
PHY_3, 482.64, 13.6, 1.79708
output64, 482.64, 13.6, 1.79708
FILLER_0_1_1033, 482.64, 13.6, 1.79708
FILLER_0_174_695, 329.04, 486.88, 1.79218
_13406_, 329.04, 481.44, 1.79216
_13412_, 329.04, 481.44, 1.79216
hold1282, 329.04, 481.44, 1.79216
hold1405, 329.04, 481.44, 1.79216
FILLER_0_172_701, 329.04, 481.44, 1.79216
FILLER_0_173_710, 329.04, 481.44, 1.79216
_13411_, 329.04, 476, 1.79213
_16083_, 329.04, 476, 1.79213
hold1479, 329.04, 476, 1.79213
FILLER_0_170_694, 329.04, 476, 1.79213
_13371_, 329.04, 470.56, 1.79215
_13377_, 329.04, 470.56, 1.79215
hold1119, 329.04, 470.56, 1.79215
hold1249, 329.04, 470.56, 1.79215
FILLER_0_169_705, 329.04, 470.56, 1.79215
FILLER_0_169_713, 329.04, 470.56, 1.79215
FILLER_0_170_713, 329.04, 470.56, 1.79215
_13370_, 329.04, 465.12, 1.79213
_16067_, 329.04, 465.12, 1.79213
_16099_, 329.04, 465.12, 1.79213
FILLER_0_166_701, 329.04, 465.12, 1.79213
FILLER_0_168_709, 329.04, 465.12, 1.79213
_07775_, 329.04, 459.68, 1.79213
_13446_, 329.04, 459.68, 1.79213
_13447_, 329.04, 459.68, 1.79213
hold832, 329.04, 459.68, 1.79213
FILLER_0_164_694, 329.04, 459.68, 1.79213
_07777_, 329.04, 454.24, 1.79214
_10695_, 329.04, 454.24, 1.79214
FILLER_0_162_701, 329.04, 454.24, 1.79214
FILLER_0_163_710, 329.04, 454.24, 1.79214
_07776_, 329.04, 448.8, 1.79212
_07778_, 329.04, 448.8, 1.79212
_07783_, 329.04, 448.8, 1.79212
FILLER_0_160_693, 329.04, 448.8, 1.79212
FILLER_0_161_698, 329.04, 448.8, 1.79212
FILLER_0_161_711, 329.04, 448.8, 1.79212
_07780_, 329.04, 443.36, 1.79217
_07782_, 329.04, 443.36, 1.79217
_07836_, 329.04, 443.36, 1.79217
FILLER_0_159_697, 329.04, 443.36, 1.79217
_07781_, 329.04, 437.92, 1.79219
_13180_, 329.04, 437.92, 1.79219
hold635, 329.04, 437.92, 1.79219
FILLER_0_157_697, 329.04, 437.92, 1.79219
FILLER_0_158_713, 329.04, 437.92, 1.79219
_13215_, 329.04, 432.48, 1.7921
_15984_, 329.04, 432.48, 1.7921
hold987, 329.04, 432.48, 1.7921
FILLER_0_156_709, 329.04, 432.48, 1.7921
FILLER_0_156_717, 329.04, 432.48, 1.7921
_09897_, 329.04, 427.04, 1.7922
_15988_, 329.04, 427.04, 1.7922
FILLER_0_152_693, 329.04, 427.04, 1.7922
FILLER_0_152_701, 329.04, 427.04, 1.7922
FILLER_0_153_710, 329.04, 427.04, 1.7922
_10697_, 329.04, 421.6, 1.79229
_14733_, 329.04, 421.6, 1.79229
_14734_, 329.04, 421.6, 1.79229
_16584_, 329.04, 421.6, 1.79229
_07770_, 329.04, 416.16, 1.79229
_10692_, 329.04, 416.16, 1.79229
_14698_, 329.04, 416.16, 1.79229
clkbuf_leaf_101_clk, 329.04, 416.16, 1.79229
hold484, 329.04, 416.16, 1.79229
hold668, 329.04, 416.16, 1.79229
FILLER_0_149_708, 329.04, 416.16, 1.79229
_07774_, 329.04, 410.72, 1.79235
_07784_, 329.04, 410.72, 1.79235
_10691_, 329.04, 410.72, 1.79235
_10693_, 329.04, 410.72, 1.79235
_13250_, 329.04, 410.72, 1.79235
FILLER_0_146_696, 329.04, 410.72, 1.79235
FILLER_0_146_701, 329.04, 410.72, 1.79235
FILLER_0_147_695, 329.04, 410.72, 1.79235
_07730_, 329.04, 405.28, 1.79237
_07771_, 329.04, 405.28, 1.79237
_07773_, 329.04, 405.28, 1.79237
_10407_, 329.04, 405.28, 1.79237
_10690_, 329.04, 405.28, 1.79237
clkbuf_4_14_0_clk, 329.04, 405.28, 1.79237
_10405_, 329.04, 399.84, 1.79247
_10406_, 329.04, 399.84, 1.79247
_14501_, 329.04, 399.84, 1.79247
_14502_, 329.04, 399.84, 1.79247
_16472_, 329.04, 399.84, 1.79247
hold642, 329.04, 399.84, 1.79247
FILLER_0_144_712, 329.04, 399.84, 1.79247
_07456_, 329.04, 394.4, 1.79254
_07483_, 329.04, 394.4, 1.79254
_07543_, 329.04, 394.4, 1.79254
FILLER_0_142_710, 329.04, 394.4, 1.79254
_07454_, 329.04, 388.96, 1.7926
_07746_, 329.04, 388.96, 1.7926
_07767_, 329.04, 388.96, 1.7926
_09201_, 329.04, 388.96, 1.7926
hold1153, 329.04, 388.96, 1.7926
ANTENNA_78, 329.04, 388.96, 1.7926
ANTENNA_79, 329.04, 388.96, 1.7926
FILLER_0_139_706, 329.04, 388.96, 1.7926
_07474_, 329.04, 383.52, 1.79271
_10397_, 329.04, 383.52, 1.79271
_10398_, 329.04, 383.52, 1.79271
_14992_, 329.04, 383.52, 1.79271
hold1450, 329.04, 383.52, 1.79271
FILLER_0_136_696, 329.04, 383.52, 1.79271
FILLER_0_137_716, 329.04, 383.52, 1.79271
_07827_, 329.04, 378.08, 1.79278
_07828_, 329.04, 378.08, 1.79278
_10400_, 329.04, 378.08, 1.79278
FILLER_0_134_694, 329.04, 378.08, 1.79278
FILLER_0_135_690, 329.04, 378.08, 1.79278
FILLER_0_135_702, 329.04, 378.08, 1.79278
_07825_, 329.04, 372.64, 1.79285
_07826_, 329.04, 372.64, 1.79285
_09934_, 329.04, 372.64, 1.79285
_09935_, 329.04, 372.64, 1.79285
_14771_, 329.04, 372.64, 1.79285
FILLER_0_132_690, 329.04, 372.64, 1.79285
FILLER_0_132_701, 329.04, 372.64, 1.79285
FILLER_0_133_693, 329.04, 372.64, 1.79285
FILLER_0_134_713, 329.04, 372.64, 1.79285
_14701_, 329.04, 367.2, 1.79293
_16585_, 329.04, 367.2, 1.79293
_16601_, 329.04, 367.2, 1.79293
clkbuf_leaf_88_clk, 329.04, 367.2, 1.79293
hold1205, 329.04, 367.2, 1.79293
FILLER_0_130_692, 329.04, 367.2, 1.79293
FILLER_0_130_701, 329.04, 367.2, 1.79293
FILLER_0_131_706, 329.04, 367.2, 1.79293
_07471_, 329.04, 361.76, 1.793
_14700_, 329.04, 361.76, 1.793
_14735_, 329.04, 361.76, 1.793
_14770_, 329.04, 361.76, 1.793
_16569_, 329.04, 361.76, 1.793
hold742, 329.04, 361.76, 1.793
hold1184, 329.04, 361.76, 1.793
_10291_, 329.04, 356.32, 1.79304
_10603_, 329.04, 356.32, 1.79304
_11024_, 329.04, 356.32, 1.79304
FILLER_0_127_702, 329.04, 356.32, 1.79304
_11025_, 329.04, 350.88, 1.79317
wire101, 329.04, 350.88, 1.79317
FILLER_0_124_690, 329.04, 350.88, 1.79317
FILLER_0_124_701, 329.04, 350.88, 1.79317
FILLER_0_125_697, 329.04, 350.88, 1.79317
FILLER_0_126_713, 329.04, 350.88, 1.79317
_08753_, 329.04, 345.44, 1.79326
_08754_, 329.04, 345.44, 1.79326
_14815_, 329.04, 345.44, 1.79326
hold977, 329.04, 345.44, 1.79326
FILLER_0_122_697, 329.04, 345.44, 1.79326
FILLER_0_123_697, 329.04, 345.44, 1.79326
_08716_, 329.04, 340, 1.79334
_10139_, 329.04, 340, 1.79334
_10372_, 329.04, 340, 1.79334
_15103_, 329.04, 340, 1.79334
_08528_, 329.04, 334.56, 1.79348
_09325_, 329.04, 334.56, 1.79348
_09458_, 329.04, 334.56, 1.79348
_10070_, 329.04, 334.56, 1.79348
_11639_, 329.04, 334.56, 1.79348
hold1071, 329.04, 334.56, 1.79348
FILLER_0_118_691, 329.04, 334.56, 1.79348
_09919_, 329.04, 329.12, 1.79356
_11640_, 329.04, 329.12, 1.79356
_15457_, 329.04, 329.12, 1.79356
clkbuf_4_12_0_clk, 329.04, 329.12, 1.79356
ANTENNA_125, 329.04, 329.12, 1.79356
FILLER_0_116_694, 329.04, 329.12, 1.79356
FILLER_0_118_710, 329.04, 329.12, 1.79356
_07572_, 329.04, 323.68, 1.79375
_07587_, 329.04, 323.68, 1.79375
_07978_, 329.04, 323.68, 1.79375
_08719_, 329.04, 323.68, 1.79375
_08720_, 329.04, 323.68, 1.79375
_10061_, 329.04, 323.68, 1.79375
_10114_, 329.04, 323.68, 1.79375
FILLER_0_114_696, 329.04, 323.68, 1.79375
_07982_, 329.04, 318.24, 1.79389
_10064_, 329.04, 318.24, 1.79389
_10194_, 329.04, 318.24, 1.79389
FILLER_0_112_696, 329.04, 318.24, 1.79389
_07571_, 329.04, 312.8, 1.79396
_07591_, 329.04, 312.8, 1.79396
_10399_, 329.04, 312.8, 1.79396
_10566_, 329.04, 312.8, 1.79396
FILLER_0_110_692, 329.04, 312.8, 1.79396
FILLER_0_111_697, 329.04, 312.8, 1.79396
FILLER_0_111_713, 329.04, 312.8, 1.79396
_07582_, 329.04, 307.36, 1.79414
_08527_, 329.04, 307.36, 1.79414
_08533_, 329.04, 307.36, 1.79414
FILLER_0_110_713, 329.04, 307.36, 1.79414
_08816_, 329.04, 301.92, 1.7943
_13008_, 329.04, 301.92, 1.7943
clkbuf_leaf_132_clk, 329.04, 301.92, 1.7943
hold1428, 329.04, 301.92, 1.7943
FILLER_0_106_690, 329.04, 301.92, 1.7943
_16115_, 329.04, 296.48, 1.79442
hold1172, 329.04, 296.48, 1.79442
FILLER_0_104_692, 329.04, 296.48, 1.79442
FILLER_0_105_697, 329.04, 296.48, 1.79442
_10683_, 329.04, 291.04, 1.7946
_13000_, 329.04, 291.04, 1.7946
_13481_, 329.04, 291.04, 1.7946
_13482_, 329.04, 291.04, 1.7946
_16147_, 329.04, 291.04, 1.7946
FILLER_0_103_702, 329.04, 291.04, 1.7946
FILLER_0_103_717, 329.04, 291.04, 1.7946
_13484_, 329.04, 285.6, 1.79475
_13551_, 329.04, 285.6, 1.79475
_13552_, 329.04, 285.6, 1.79475
_16116_, 329.04, 285.6, 1.79475
hold1418, 329.04, 285.6, 1.79475
FILLER_0_100_693, 329.04, 285.6, 1.79475
FILLER_0_101_697, 329.04, 285.6, 1.79475
FILLER_0_101_713, 329.04, 285.6, 1.79475
_09915_, 329.04, 280.16, 1.7949
_13483_, 329.04, 280.16, 1.7949
_13553_, 329.04, 280.16, 1.7949
_13554_, 329.04, 280.16, 1.7949
hold1196, 329.04, 280.16, 1.7949
FILLER_0_98_692, 329.04, 280.16, 1.7949
FILLER_0_99_696, 329.04, 280.16, 1.7949
FILLER_0_100_717, 329.04, 280.16, 1.7949
_07532_, 329.04, 274.72, 1.79509
_10621_, 329.04, 274.72, 1.79509
_16148_, 329.04, 274.72, 1.79509
hold1325, 329.04, 274.72, 1.79509
FILLER_0_97_711, 329.04, 274.72, 1.79509
_07801_, 329.04, 269.28, 1.79525
FILLER_0_94_696, 329.04, 269.28, 1.79525
FILLER_0_95_694, 329.04, 269.28, 1.79525
_07789_, 329.04, 263.84, 1.79542
_07793_, 329.04, 263.84, 1.79542
_07800_, 329.04, 263.84, 1.79542
_07845_, 329.04, 263.84, 1.79542
FILLER_0_92_694, 329.04, 263.84, 1.79542
FILLER_0_93_691, 329.04, 263.84, 1.79542
_07790_, 329.04, 258.4, 1.79563
_07792_, 329.04, 258.4, 1.79563
_07854_, 329.04, 258.4, 1.79563
ANTENNA_42, 329.04, 258.4, 1.79563
FILLER_0_90_691, 329.04, 258.4, 1.79563
FILLER_0_92_709, 329.04, 258.4, 1.79563
FILLER_0_92_717, 329.04, 258.4, 1.79563
_07844_, 329.04, 252.96, 1.79584
_07846_, 329.04, 252.96, 1.79584
FILLER_0_88_695, 329.04, 252.96, 1.79584
FILLER_0_88_701, 329.04, 252.96, 1.79584
FILLER_0_89_707, 329.04, 252.96, 1.79584
FILLER_0_90_707, 329.04, 252.96, 1.79584
_07523_, 329.04, 247.52, 1.79598
_07524_, 329.04, 247.52, 1.79598
_07736_, 329.04, 247.52, 1.79598
_07737_, 329.04, 247.52, 1.79598
_13549_, 329.04, 247.52, 1.79598
hold1328, 329.04, 247.52, 1.79598
FILLER_0_88_713, 329.04, 247.52, 1.79598
_07521_, 329.04, 242.08, 1.7962
_10616_, 329.04, 242.08, 1.7962
_13544_, 329.04, 242.08, 1.7962
_13550_, 329.04, 242.08, 1.7962
FILLER_0_84_690, 329.04, 242.08, 1.7962
FILLER_0_85_705, 329.04, 242.08, 1.7962
FILLER_0_86_710, 329.04, 242.08, 1.7962
_13543_, 329.04, 236.64, 1.7964
_16143_, 329.04, 236.64, 1.7964
clkbuf_leaf_140_clk, 329.04, 236.64, 1.7964
hold1438, 329.04, 236.64, 1.7964
_13579_, 329.04, 231.2, 1.79662
_13592_, 329.04, 231.2, 1.79662
_13769_, 329.04, 231.2, 1.79662
_13770_, 329.04, 231.2, 1.79662
_16159_, 329.04, 231.2, 1.79662
_16163_, 329.04, 231.2, 1.79662
FILLER_0_80_690, 329.04, 231.2, 1.79662
FILLER_0_81_694, 329.04, 231.2, 1.79662
_13580_, 329.04, 225.76, 1.79682
_13591_, 329.04, 225.76, 1.79682
FILLER_0_78_697, 329.04, 225.76, 1.79682
_07786_, 329.04, 220.32, 1.79703
_07788_, 329.04, 220.32, 1.79703
_10682_, 329.04, 220.32, 1.79703
_13708_, 329.04, 220.32, 1.79703
hold712, 329.04, 220.32, 1.79703
FILLER_0_76_697, 329.04, 220.32, 1.79703
_07785_, 329.04, 214.88, 1.79725
_07787_, 329.04, 214.88, 1.79725
_13637_, 329.04, 214.88, 1.79725
_13707_, 329.04, 214.88, 1.79725
FILLER_0_75_702, 329.04, 214.88, 1.79725
_13638_, 329.04, 209.44, 1.79751
_13742_, 329.04, 209.44, 1.79751
_16179_, 329.04, 209.44, 1.79751
hold612, 329.04, 209.44, 1.79751
hold1059, 329.04, 209.44, 1.79751
_13672_, 329.04, 204, 1.79775
_13743_, 329.04, 204, 1.79775
_16195_, 329.04, 204, 1.79775
hold1105, 329.04, 204, 1.79775
FILLER_0_70_693, 329.04, 204, 1.79775
FILLER_0_71_693, 329.04, 204, 1.79775
_16207_, 329.04, 198.56, 1.79797
FILLER_0_68_695, 329.04, 198.56, 1.79797
FILLER_0_70_713, 329.04, 198.56, 1.79797
_09998_, 329.04, 193.12, 1.79822
_11831_, 329.04, 193.12, 1.79822
_15531_, 329.04, 193.12, 1.79822
_09860_, 329.04, 187.68, 1.79849
_09863_, 329.04, 187.68, 1.79849
_10001_, 329.04, 187.68, 1.79849
_10002_, 329.04, 187.68, 1.79849
_10003_, 329.04, 187.68, 1.79849
_13807_, 329.04, 187.68, 1.79849
FILLER_0_65_709, 329.04, 187.68, 1.79849
_09864_, 329.04, 182.24, 1.79873
_09865_, 329.04, 182.24, 1.79873
_10004_, 329.04, 182.24, 1.79873
FILLER_0_63_714, 329.04, 182.24, 1.79873
FILLER_0_64_710, 329.04, 182.24, 1.79873
_09861_, 329.04, 176.8, 1.7987
_09866_, 329.04, 176.8, 1.7987
_13805_, 329.04, 176.8, 1.7987
FILLER_0_60_697, 329.04, 176.8, 1.7987
FILLER_0_61_700, 329.04, 176.8, 1.7987
_15876_, 329.04, 171.36, 1.79857
_16255_, 329.04, 171.36, 1.79857
hold1420, 329.04, 171.36, 1.79857
FILLER_0_58_695, 329.04, 171.36, 1.79857
FILLER_0_59_698, 329.04, 171.36, 1.79857
FILLER_0_60_713, 329.04, 171.36, 1.79857
_12892_, 329.04, 165.92, 1.79845
_15877_, 329.04, 165.92, 1.79845
FILLER_0_56_701, 329.04, 165.92, 1.79845
FILLER_0_57_691, 329.04, 165.92, 1.79845
_12782_, 329.04, 160.48, 1.79835
_12887_, 329.04, 160.48, 1.79835
_12893_, 329.04, 160.48, 1.79835
_12898_, 329.04, 160.48, 1.79835
FILLER_0_56_715, 329.04, 160.48, 1.79835
_12771_, 329.04, 155.04, 1.79821
_12777_, 329.04, 155.04, 1.79821
_12828_, 329.04, 155.04, 1.79821
_12872_, 329.04, 155.04, 1.79821
_12879_, 329.04, 155.04, 1.79821
hold1399, 329.04, 155.04, 1.79821
FILLER_0_52_701, 329.04, 155.04, 1.79821
FILLER_0_53_706, 329.04, 155.04, 1.79821
FILLER_0_54_705, 329.04, 155.04, 1.79821
_12880_, 329.04, 149.6, 1.79811
_12885_, 329.04, 149.6, 1.79811
_15875_, 329.04, 149.6, 1.79811
_12866_, 329.04, 144.16, 1.79803
_15872_, 329.04, 144.16, 1.79803
hold637, 329.04, 144.16, 1.79803
hold1029, 329.04, 144.16, 1.79803
FILLER_0_48_701, 329.04, 144.16, 1.79803
FILLER_0_49_694, 329.04, 144.16, 1.79803
FILLER_0_49_702, 329.04, 144.16, 1.79803
_12814_, 329.04, 138.72, 1.79791
_12867_, 329.04, 138.72, 1.79791
FILLER_0_46_701, 329.04, 138.72, 1.79791
FILLER_0_48_709, 329.04, 138.72, 1.79791
_11041_, 329.04, 133.28, 1.79781
_11837_, 329.04, 133.28, 1.79781
_12791_, 329.04, 133.28, 1.79781
_12905_, 329.04, 133.28, 1.79781
_15878_, 329.04, 133.28, 1.79781
FILLER_0_44_701, 329.04, 133.28, 1.79781
_11849_, 329.04, 127.84, 1.79771
_12873_, 329.04, 127.84, 1.79771
_12904_, 329.04, 127.84, 1.79771
clkbuf_leaf_177_clk, 329.04, 127.84, 1.79771
hold1281, 329.04, 127.84, 1.79771
FILLER_0_42_701, 329.04, 127.84, 1.79771
FILLER_0_43_691, 329.04, 127.84, 1.79771
FILLER_0_43_698, 329.04, 127.84, 1.79771
_12851_, 329.04, 122.4, 1.79766
_13822_, 329.04, 122.4, 1.79766
_13823_, 329.04, 122.4, 1.79766
_15879_, 329.04, 122.4, 1.79766
_16266_, 329.04, 122.4, 1.79766
FILLER_0_41_710, 329.04, 122.4, 1.79766
FILLER_0_42_708, 329.04, 122.4, 1.79766
_12853_, 329.04, 116.96, 1.79756
_12916_, 329.04, 116.96, 1.79756
_12917_, 329.04, 116.96, 1.79756
_15871_, 329.04, 116.96, 1.79756
FILLER_0_38_690, 329.04, 116.96, 1.79756
FILLER_0_39_693, 329.04, 116.96, 1.79756
_13838_, 329.04, 111.52, 1.79748
clkbuf_4_4_0_clk, 329.04, 111.52, 1.79748
hold1290, 329.04, 111.52, 1.79748
FILLER_0_36_701, 329.04, 111.52, 1.79748
FILLER_0_37_701, 329.04, 111.52, 1.79748
_12845_, 329.04, 106.08, 1.79746
_12846_, 329.04, 106.08, 1.79746
_12960_, 329.04, 106.08, 1.79746
_13836_, 329.04, 106.08, 1.79746
_13839_, 329.04, 106.08, 1.79746
_15870_, 329.04, 106.08, 1.79746
FILLER_0_35_694, 329.04, 106.08, 1.79746
FILLER_0_36_710, 329.04, 106.08, 1.79746
_12923_, 329.04, 100.64, 1.7974
_13837_, 329.04, 100.64, 1.7974
_15880_, 329.04, 100.64, 1.7974
FILLER_0_34_707, 329.04, 100.64, 1.7974
_12924_, 329.04, 95.2, 1.79736
_13832_, 329.04, 95.2, 1.79736
FILLER_0_30_696, 329.04, 95.2, 1.79736
FILLER_0_30_701, 329.04, 95.2, 1.79736
FILLER_0_31_698, 329.04, 95.2, 1.79736
FILLER_0_32_717, 329.04, 95.2, 1.79736
_12833_, 329.04, 89.76, 1.79729
_15868_, 329.04, 89.76, 1.79729
FILLER_0_28_692, 329.04, 89.76, 1.79729
FILLER_0_28_701, 329.04, 89.76, 1.79729
FILLER_0_29_697, 329.04, 89.76, 1.79729
_12813_, 329.04, 84.32, 1.79728
_12815_, 329.04, 84.32, 1.79728
_12834_, 329.04, 84.32, 1.79728
_16271_, 329.04, 84.32, 1.79728
_12820_, 329.04, 78.88, 1.79722
_12821_, 329.04, 78.88, 1.79722
_12839_, 329.04, 78.88, 1.79722
_12840_, 329.04, 78.88, 1.79722
_15866_, 329.04, 78.88, 1.79722
FILLER_0_24_697, 329.04, 78.88, 1.79722
FILLER_0_25_697, 329.04, 78.88, 1.79722
_12941_, 329.04, 73.44, 1.7972
_15869_, 329.04, 73.44, 1.7972
hold1414, 329.04, 73.44, 1.7972
_12935_, 329.04, 68, 1.79717
_12942_, 329.04, 68, 1.79717
_12954_, 329.04, 68, 1.79717
_15883_, 329.04, 68, 1.79717
hold1557, 329.04, 68, 1.79717
_12929_, 329.04, 62.56, 1.79712
_12930_, 329.04, 62.56, 1.79712
_12936_, 329.04, 62.56, 1.79712
_15881_, 329.04, 62.56, 1.79712
clkbuf_leaf_171_clk, 329.04, 62.56, 1.79712
hold1507, 329.04, 62.56, 1.79712
_15882_, 329.04, 57.12, 1.79712
FILLER_0_16_695, 329.04, 57.12, 1.79712
_14474_, 329.04, 51.68, 1.79709
_14478_, 329.04, 51.68, 1.79709
_16454_, 329.04, 51.68, 1.79709
hold1530, 329.04, 51.68, 1.79709
hold1592, 329.04, 51.68, 1.79709
_16458_, 329.04, 46.24, 1.79705
FILLER_0_12_693, 329.04, 46.24, 1.79705
_14476_, 329.04, 40.8, 1.79702
_14480_, 329.04, 40.8, 1.79702
_16459_, 329.04, 40.8, 1.79702
hold1528, 329.04, 40.8, 1.79702
FILLER_0_12_713, 329.04, 40.8, 1.79702
hold719, 329.04, 35.36, 1.79702
hold968, 329.04, 35.36, 1.79702
FILLER_0_8_696, 329.04, 35.36, 1.79702
FILLER_0_9_717, 329.04, 35.36, 1.79702
_14484_, 329.04, 29.92, 1.79703
_16460_, 329.04, 29.92, 1.79703
_16462_, 329.04, 29.92, 1.79703
hold451, 329.04, 29.92, 1.79703
FILLER_0_6_697, 329.04, 29.92, 1.79703
FILLER_0_4_693, 329.04, 24.48, 1.79704
FILLER_0_2_693, 329.04, 19.04, 1.79704
output96, 329.04, 13.6, 1.79704
FILLER_0_0_697, 329.04, 13.6, 1.79704
hold1425, 175.44, 486.88, 1.79225
_13400_, 175.44, 481.44, 1.79221
hold1149, 175.44, 481.44, 1.79221
_16060_, 175.44, 476, 1.7922
_16092_, 175.44, 476, 1.7922
hold1009, 175.44, 476, 1.7922
FILLER_0_170_360, 175.44, 476, 1.7922
FILLER_0_170_365, 175.44, 476, 1.7922
_13430_, 175.44, 470.56, 1.79223
_13431_, 175.44, 470.56, 1.79223
FILLER_0_168_358, 175.44, 470.56, 1.79223
FILLER_0_169_382, 175.44, 470.56, 1.79223
FILLER_0_170_373, 175.44, 470.56, 1.79223
_13465_, 175.44, 465.12, 1.79221
_13466_, 175.44, 465.12, 1.79221
_13470_, 175.44, 465.12, 1.79221
_16108_, 175.44, 465.12, 1.79221
FILLER_0_166_365, 175.44, 465.12, 1.79221
FILLER_0_167_366, 175.44, 465.12, 1.79221
FILLER_0_168_377, 175.44, 465.12, 1.79221
_08312_, 175.44, 459.68, 1.79221
_08418_, 175.44, 459.68, 1.79221
_08420_, 175.44, 459.68, 1.79221
clkbuf_leaf_65_clk, 175.44, 459.68, 1.79221
FILLER_0_164_360, 175.44, 459.68, 1.79221
FILLER_0_165_374, 175.44, 459.68, 1.79221
_08423_, 175.44, 454.24, 1.79225
_08426_, 175.44, 454.24, 1.79225
_08317_, 175.44, 448.8, 1.79223
_08320_, 175.44, 448.8, 1.79223
_08424_, 175.44, 448.8, 1.79223
_08425_, 175.44, 448.8, 1.79223
_13288_, 175.44, 448.8, 1.79223
FILLER_0_160_357, 175.44, 448.8, 1.79223
FILLER_0_160_365, 175.44, 448.8, 1.79223
FILLER_0_161_377, 175.44, 448.8, 1.79223
FILLER_0_162_370, 175.44, 448.8, 1.79223
_08319_, 175.44, 443.36, 1.79228
_13244_, 175.44, 443.36, 1.79228
_16014_, 175.44, 443.36, 1.79228
hold1222, 175.44, 443.36, 1.79228
FILLER_0_159_382, 175.44, 443.36, 1.79228
_10231_, 175.44, 437.92, 1.79227
_13208_, 175.44, 437.92, 1.79227
_13209_, 175.44, 437.92, 1.79227
_13243_, 175.44, 437.92, 1.79227
hold769, 175.44, 437.92, 1.79227
_10230_, 175.44, 432.48, 1.79229
_13204_, 175.44, 432.48, 1.79229
_13205_, 175.44, 432.48, 1.79229
_15996_, 175.44, 432.48, 1.79229
_15998_, 175.44, 432.48, 1.79229
FILLER_0_154_359, 175.44, 432.48, 1.79229
FILLER_0_155_373, 175.44, 432.48, 1.79229
FILLER_0_152_365, 175.44, 427.04, 1.79237
FILLER_0_154_377, 175.44, 427.04, 1.79237
_10066_, 175.44, 421.6, 1.79237
_10069_, 175.44, 421.6, 1.79237
_10072_, 175.44, 421.6, 1.79237
_14712_, 175.44, 421.6, 1.79237
_16574_, 175.44, 421.6, 1.79237
_16590_, 175.44, 421.6, 1.79237
hold1271, 175.44, 421.6, 1.79237
FILLER_0_150_365, 175.44, 421.6, 1.79237
FILLER_0_151_366, 175.44, 421.6, 1.79237
_08149_, 175.44, 416.16, 1.79242
_08152_, 175.44, 416.16, 1.79242
_14711_, 175.44, 416.16, 1.79242
FILLER_0_148_356, 175.44, 416.16, 1.79242
FILLER_0_149_363, 175.44, 416.16, 1.79242
_08151_, 175.44, 410.72, 1.79246
_14781_, 175.44, 410.72, 1.79246
FILLER_0_146_361, 175.44, 410.72, 1.79246
FILLER_0_147_367, 175.44, 410.72, 1.79246
_14514_, 175.44, 405.28, 1.7925
_14515_, 175.44, 405.28, 1.7925
_14792_, 175.44, 405.28, 1.7925
_16478_, 175.44, 405.28, 1.7925
_16606_, 175.44, 405.28, 1.7925
ANTENNA_60, 175.44, 405.28, 1.7925
FILLER_0_145_356, 175.44, 405.28, 1.7925
FILLER_0_146_374, 175.44, 405.28, 1.7925
_08150_, 175.44, 399.84, 1.79249
clkbuf_leaf_72_clk, 175.44, 399.84, 1.79249
clkbuf_4_11_0_clk, 175.44, 399.84, 1.79249
FILLER_0_143_370, 175.44, 399.84, 1.79249
FILLER_0_143_382, 175.44, 399.84, 1.79249
_13062_, 175.44, 394.4, 1.79261
_13063_, 175.44, 394.4, 1.79261
_13134_, 175.44, 394.4, 1.79261
hold964, 175.44, 394.4, 1.79261
FILLER_0_140_359, 175.44, 394.4, 1.79261
FILLER_0_140_365, 175.44, 394.4, 1.79261
FILLER_0_141_378, 175.44, 394.4, 1.79261
_07987_, 175.44, 388.96, 1.79267
_08307_, 175.44, 388.96, 1.79267
_09361_, 175.44, 388.96, 1.79267
_13135_, 175.44, 388.96, 1.79267
_15063_, 175.44, 388.96, 1.79267
_15965_, 175.44, 388.96, 1.79267
ANTENNA_80, 175.44, 388.96, 1.79267
FILLER_0_140_373, 175.44, 388.96, 1.79267
_08310_, 175.44, 383.52, 1.79277
_08311_, 175.44, 383.52, 1.79277
_08321_, 175.44, 383.52, 1.79277
_09360_, 175.44, 383.52, 1.79277
_14520_, 175.44, 383.52, 1.79277
FILLER_0_137_366, 175.44, 383.52, 1.79277
FILLER_0_137_380, 175.44, 383.52, 1.79277
_08309_, 175.44, 378.08, 1.79284
_16609_, 175.44, 378.08, 1.79284
hold1049, 175.44, 378.08, 1.79284
hold1069, 175.44, 378.08, 1.79284
FILLER_0_135_364, 175.44, 378.08, 1.79284
_10316_, 175.44, 372.64, 1.79289
_16481_, 175.44, 372.64, 1.79289
FILLER_0_132_358, 175.44, 372.64, 1.79289
FILLER_0_133_382, 175.44, 372.64, 1.79289
_08337_, 175.44, 367.2, 1.793
_10319_, 175.44, 367.2, 1.793
_10320_, 175.44, 367.2, 1.793
FILLER_0_131_360, 175.44, 367.2, 1.793
_08308_, 175.44, 361.76, 1.79305
_10318_, 175.44, 361.76, 1.79305
_16594_, 175.44, 361.76, 1.79305
hold1145, 175.44, 361.76, 1.79305
FILLER_0_129_377, 175.44, 361.76, 1.79305
FILLER_0_130_373, 175.44, 361.76, 1.79305
_10317_, 175.44, 356.32, 1.79309
_14753_, 175.44, 356.32, 1.79309
_16578_, 175.44, 356.32, 1.79309
FILLER_0_127_380, 175.44, 356.32, 1.79309
FILLER_0_128_378, 175.44, 356.32, 1.79309
_07461_, 175.44, 350.88, 1.79323
_10344_, 175.44, 350.88, 1.79323
_14681_, 175.44, 350.88, 1.79323
FILLER_0_124_357, 175.44, 350.88, 1.79323
FILLER_0_124_365, 175.44, 350.88, 1.79323
FILLER_0_125_373, 175.44, 350.88, 1.79323
_10040_, 175.44, 345.44, 1.7933
_14458_, 175.44, 345.44, 1.7933
_16544_, 175.44, 345.44, 1.7933
_16560_, 175.44, 345.44, 1.7933
hold737, 175.44, 345.44, 1.7933
FILLER_0_123_362, 175.44, 345.44, 1.7933
FILLER_0_124_372, 175.44, 345.44, 1.7933
_11413_, 175.44, 340, 1.79345
_14680_, 175.44, 340, 1.79345
_15335_, 175.44, 340, 1.79345
hold760, 175.44, 340, 1.79345
FILLER_0_120_361, 175.44, 340, 1.79345
FILLER_0_121_382, 175.44, 340, 1.79345
_10825_, 175.44, 334.56, 1.79353
clkbuf_leaf_75_clk, 175.44, 334.56, 1.79353
FILLER_0_119_363, 175.44, 334.56, 1.79353
FILLER_0_120_383, 175.44, 334.56, 1.79353
_08300_, 175.44, 329.12, 1.79357
_09054_, 175.44, 329.12, 1.79357
_11412_, 175.44, 329.12, 1.79357
_08085_, 175.44, 323.68, 1.79381
_08984_, 175.44, 323.68, 1.79381
_08985_, 175.44, 323.68, 1.79381
_10826_, 175.44, 323.68, 1.79381
hold525, 175.44, 323.68, 1.79381
FILLER_0_114_356, 175.44, 323.68, 1.79381
FILLER_0_115_357, 175.44, 323.68, 1.79381
FILLER_0_115_371, 175.44, 323.68, 1.79381
_08298_, 175.44, 318.24, 1.79394
_14343_, 175.44, 318.24, 1.79394
_14344_, 175.44, 318.24, 1.79394
_14901_, 175.44, 318.24, 1.79394
hold775, 175.44, 318.24, 1.79394
FILLER_0_114_376, 175.44, 318.24, 1.79394
_13914_, 175.44, 312.8, 1.79406
_13915_, 175.44, 312.8, 1.79406
_16320_, 175.44, 312.8, 1.79406
_16384_, 175.44, 312.8, 1.79406
FILLER_0_110_356, 175.44, 312.8, 1.79406
_13492_, 175.44, 307.36, 1.79419
hold1329, 175.44, 307.36, 1.79419
hold1496, 175.44, 307.36, 1.79419
FILLER_0_109_365, 175.44, 307.36, 1.79419
FILLER_0_109_382, 175.44, 307.36, 1.79419
_07573_, 175.44, 301.92, 1.79432
_13493_, 175.44, 301.92, 1.79432
_13562_, 175.44, 301.92, 1.79432
_14806_, 175.44, 301.92, 1.79432
FILLER_0_106_360, 175.44, 301.92, 1.79432
FILLER_0_107_371, 175.44, 301.92, 1.79432
FILLER_0_108_374, 175.44, 301.92, 1.79432
_08697_, 175.44, 296.48, 1.79449
_13563_, 175.44, 296.48, 1.79449
_16152_, 175.44, 296.48, 1.79449
hold1203, 175.44, 296.48, 1.79449
FILLER_0_105_375, 175.44, 296.48, 1.79449
_08114_, 175.44, 291.04, 1.79461
_10501_, 175.44, 291.04, 1.79461
_14870_, 175.44, 291.04, 1.79461
FILLER_0_104_377, 175.44, 291.04, 1.79461
_08115_, 175.44, 285.6, 1.79477
_08390_, 175.44, 285.6, 1.79477
_10493_, 175.44, 285.6, 1.79477
_10502_, 175.44, 285.6, 1.79477
_10505_, 175.44, 285.6, 1.79477
_16168_, 175.44, 285.6, 1.79477
FILLER_0_102_382, 175.44, 285.6, 1.79477
_13607_, 175.44, 280.16, 1.79493
_13608_, 175.44, 280.16, 1.79493
hold1026, 175.44, 280.16, 1.79493
FILLER_0_98_359, 175.44, 280.16, 1.79493
FILLER_0_99_375, 175.44, 280.16, 1.79493
FILLER_0_100_381, 175.44, 280.16, 1.79493
_10492_, 175.44, 274.72, 1.79506
_10745_, 175.44, 274.72, 1.79506
_10750_, 175.44, 274.72, 1.79506
_13029_, 175.44, 274.72, 1.79506
FILLER_0_97_370, 175.44, 274.72, 1.79506
FILLER_0_98_377, 175.44, 274.72, 1.79506
_10742_, 175.44, 269.28, 1.79523
_10747_, 175.44, 269.28, 1.79523
clkbuf_leaf_30_clk, 175.44, 269.28, 1.79523
hold1256, 175.44, 269.28, 1.79523
FILLER_0_94_357, 175.44, 269.28, 1.79523
_08387_, 175.44, 263.84, 1.79542
_09322_, 175.44, 263.84, 1.79542
_15047_, 175.44, 263.84, 1.79542
hold807, 175.44, 263.84, 1.79542
hold1313, 175.44, 263.84, 1.79542
_08025_, 175.44, 258.4, 1.7956
_09321_, 175.44, 258.4, 1.7956
_13622_, 175.44, 258.4, 1.7956
FILLER_0_90_356, 175.44, 258.4, 1.7956
FILLER_0_91_357, 175.44, 258.4, 1.7956
FILLER_0_91_376, 175.44, 258.4, 1.7956
_08030_, 175.44, 252.96, 1.79581
_13623_, 175.44, 252.96, 1.79581
_16173_, 175.44, 252.96, 1.79581
_16231_, 175.44, 252.96, 1.79581
FILLER_0_88_361, 175.44, 252.96, 1.79581
FILLER_0_89_365, 175.44, 252.96, 1.79581
_10087_, 175.44, 247.52, 1.79594
_10929_, 175.44, 247.52, 1.79594
_13752_, 175.44, 247.52, 1.79594
FILLER_0_86_360, 175.44, 247.52, 1.79594
FILLER_0_87_381, 175.44, 247.52, 1.79594
FILLER_0_88_377, 175.44, 247.52, 1.79594
_08227_, 175.44, 242.08, 1.79619
_08228_, 175.44, 242.08, 1.79619
_08229_, 175.44, 242.08, 1.79619
_10926_, 175.44, 242.08, 1.79619
FILLER_0_84_356, 175.44, 242.08, 1.79619
FILLER_0_85_356, 175.44, 242.08, 1.79619
FILLER_0_85_382, 175.44, 242.08, 1.79619
_08225_, 175.44, 236.64, 1.79641
_08226_, 175.44, 236.64, 1.79641
_09315_, 175.44, 236.64, 1.79641
_15044_, 175.44, 236.64, 1.79641
ANTENNA_49, 175.44, 236.64, 1.79641
FILLER_0_84_381, 175.44, 236.64, 1.79641
_09316_, 175.44, 231.2, 1.79661
hold1247, 175.44, 231.2, 1.79661
FILLER_0_80_357, 175.44, 231.2, 1.79661
FILLER_0_80_365, 175.44, 231.2, 1.79661
FILLER_0_81_357, 175.44, 231.2, 1.79661
FILLER_0_81_365, 175.44, 231.2, 1.79661
FILLER_0_81_383, 175.44, 231.2, 1.79661
_08166_, 175.44, 225.76, 1.7968
_08430_, 175.44, 225.76, 1.7968
_08431_, 175.44, 225.76, 1.7968
_10218_, 175.44, 225.76, 1.7968
hold540, 175.44, 225.76, 1.7968
FILLER_0_79_377, 175.44, 225.76, 1.7968
_08428_, 175.44, 220.32, 1.79704
FILLER_0_76_365, 175.44, 220.32, 1.79704
FILLER_0_77_372, 175.44, 220.32, 1.79704
_13766_, 175.44, 214.88, 1.79724
clkbuf_leaf_26_clk, 175.44, 214.88, 1.79724
hold961, 175.44, 214.88, 1.79724
FILLER_0_74_361, 175.44, 214.88, 1.79724
FILLER_0_75_373, 175.44, 214.88, 1.79724
_13720_, 175.44, 209.44, 1.79748
_13721_, 175.44, 209.44, 1.79748
_13731_, 175.44, 209.44, 1.79748
_13756_, 175.44, 209.44, 1.79748
_13765_, 175.44, 209.44, 1.79748
_16222_, 175.44, 209.44, 1.79748
_16238_, 175.44, 209.44, 1.79748
FILLER_0_73_356, 175.44, 209.44, 1.79748
_13660_, 175.44, 204, 1.79772
_13730_, 175.44, 204, 1.79772
hold1276, 175.44, 204, 1.79772
FILLER_0_70_361, 175.44, 204, 1.79772
FILLER_0_71_364, 175.44, 204, 1.79772
FILLER_0_72_381, 175.44, 204, 1.79772
_09513_, 175.44, 198.56, 1.79795
_13650_, 175.44, 198.56, 1.79795
_13661_, 175.44, 198.56, 1.79795
_13695_, 175.44, 198.56, 1.79795
_13696_, 175.44, 198.56, 1.79795
_16190_, 175.44, 198.56, 1.79795
_16185_, 175.44, 193.12, 1.79822
_16206_, 175.44, 193.12, 1.79822
hold1468, 175.44, 193.12, 1.79822
FILLER_0_67_357, 175.44, 193.12, 1.79822
hold312, 175.44, 187.68, 1.79847
FILLER_0_64_360, 175.44, 187.68, 1.79847
_08550_, 175.44, 182.24, 1.79873
_08551_, 175.44, 182.24, 1.79873
_12623_, 175.44, 182.24, 1.79873
_15801_, 175.44, 182.24, 1.79873
hold314, 175.44, 182.24, 1.79873
FILLER_0_63_362, 175.44, 182.24, 1.79873
_12619_, 175.44, 176.8, 1.79863
_12621_, 175.44, 176.8, 1.79863
_15802_, 175.44, 176.8, 1.79863
hold281, 175.44, 176.8, 1.79863
FILLER_0_60_359, 175.44, 176.8, 1.79863
FILLER_0_61_379, 175.44, 176.8, 1.79863
FILLER_0_62_374, 175.44, 176.8, 1.79863
_11855_, 175.44, 171.36, 1.79857
_12620_, 175.44, 171.36, 1.79857
_12622_, 175.44, 171.36, 1.79857
_12624_, 175.44, 171.36, 1.79857
_12626_, 175.44, 171.36, 1.79857
hold673, 175.44, 171.36, 1.79857
FILLER_0_59_374, 175.44, 171.36, 1.79857
_11828_, 175.44, 165.92, 1.79842
_11889_, 175.44, 165.92, 1.79842
_12528_, 175.44, 165.92, 1.79842
_12617_, 175.44, 165.92, 1.79842
hold1453, 175.44, 165.92, 1.79842
FILLER_0_56_361, 175.44, 165.92, 1.79842
FILLER_0_57_367, 175.44, 165.92, 1.79842
FILLER_0_58_381, 175.44, 165.92, 1.79842
_15544_, 175.44, 160.48, 1.7983
_11839_, 175.44, 155.04, 1.79816
_11887_, 175.44, 155.04, 1.79816
_11888_, 175.44, 155.04, 1.79816
_15541_, 175.44, 155.04, 1.79816
_15545_, 175.44, 155.04, 1.79816
hold1595, 175.44, 155.04, 1.79816
FILLER_0_53_362, 175.44, 155.04, 1.79816
_11827_, 175.44, 149.6, 1.79808
_11863_, 175.44, 149.6, 1.79808
_11892_, 175.44, 149.6, 1.79808
FILLER_0_50_358, 175.44, 149.6, 1.79808
FILLER_0_51_365, 175.44, 149.6, 1.79808
_11871_, 175.44, 144.16, 1.79799
_11972_, 175.44, 144.16, 1.79799
FILLER_0_48_358, 175.44, 144.16, 1.79799
FILLER_0_48_365, 175.44, 144.16, 1.79799
FILLER_0_49_368, 175.44, 144.16, 1.79799
FILLER_0_49_381, 175.44, 144.16, 1.79799
FILLER_0_50_377, 175.44, 144.16, 1.79799
_11970_, 175.44, 138.72, 1.79786
_11971_, 175.44, 138.72, 1.79786
_11975_, 175.44, 138.72, 1.79786
_15574_, 175.44, 138.72, 1.79786
_15575_, 175.44, 138.72, 1.79786
FILLER_0_46_361, 175.44, 138.72, 1.79786
FILLER_0_46_365, 175.44, 138.72, 1.79786
FILLER_0_47_368, 175.44, 138.72, 1.79786
_11968_, 175.44, 133.28, 1.79779
_11977_, 175.44, 133.28, 1.79779
_15573_, 175.44, 133.28, 1.79779
hold302, 175.44, 133.28, 1.79779
FILLER_0_44_360, 175.44, 133.28, 1.79779
FILLER_0_45_361, 175.44, 133.28, 1.79779
FILLER_0_46_373, 175.44, 133.28, 1.79779
_09824_, 175.44, 127.84, 1.79769
_09829_, 175.44, 127.84, 1.79769
_09830_, 175.44, 127.84, 1.79769
_11965_, 175.44, 127.84, 1.79769
_15572_, 175.44, 127.84, 1.79769
hold298, 175.44, 127.84, 1.79769
FILLER_0_43_367, 175.44, 127.84, 1.79769
FILLER_0_43_379, 175.44, 127.84, 1.79769
FILLER_0_44_373, 175.44, 127.84, 1.79769
_09809_, 175.44, 122.4, 1.79761
_11959_, 175.44, 122.4, 1.79761
_11962_, 175.44, 122.4, 1.79761
_15571_, 175.44, 122.4, 1.79761
hold305, 175.44, 122.4, 1.79761
FILLER_0_40_361, 175.44, 122.4, 1.79761
_11954_, 175.44, 116.96, 1.79754
_11955_, 175.44, 116.96, 1.79754
_11960_, 175.44, 116.96, 1.79754
FILLER_0_39_383, 175.44, 116.96, 1.79754
_11197_, 175.44, 111.52, 1.79747
_11947_, 175.44, 111.52, 1.79747
_11958_, 175.44, 111.52, 1.79747
_15570_, 175.44, 111.52, 1.79747
hold1545, 175.44, 111.52, 1.79747
FILLER_0_36_365, 175.44, 111.52, 1.79747
FILLER_0_37_368, 175.44, 111.52, 1.79747
_11944_, 175.44, 106.08, 1.79736
_11953_, 175.44, 106.08, 1.79736
_11976_, 175.44, 106.08, 1.79736
_15566_, 175.44, 106.08, 1.79736
FILLER_0_34_358, 175.44, 106.08, 1.79736
_11930_, 175.44, 100.64, 1.79733
_11936_, 175.44, 100.64, 1.79733
_11939_, 175.44, 100.64, 1.79733
_11942_, 175.44, 100.64, 1.79733
_11943_, 175.44, 100.64, 1.79733
_11946_, 175.44, 100.64, 1.79733
FILLER_0_32_357, 175.44, 100.64, 1.79733
FILLER_0_33_361, 175.44, 100.64, 1.79733
FILLER_0_33_376, 175.44, 100.64, 1.79733
FILLER_0_34_374, 175.44, 100.64, 1.79733
_11931_, 175.44, 95.2, 1.79728
_15560_, 175.44, 95.2, 1.79728
clkbuf_leaf_189_clk, 175.44, 95.2, 1.79728
hold434, 175.44, 95.2, 1.79728
FILLER_0_30_357, 175.44, 95.2, 1.79728
FILLER_0_30_365, 175.44, 95.2, 1.79728
_15578_, 175.44, 89.76, 1.79725
hold436, 175.44, 89.76, 1.79725
FILLER_0_28_357, 175.44, 89.76, 1.79725
FILLER_0_29_382, 175.44, 89.76, 1.79725
FILLER_0_30_377, 175.44, 89.76, 1.79725
_11979_, 175.44, 84.32, 1.7972
_11983_, 175.44, 84.32, 1.7972
_15580_, 175.44, 84.32, 1.7972
hold385, 175.44, 84.32, 1.7972
hold391, 175.44, 84.32, 1.7972
FILLER_0_26_365, 175.44, 84.32, 1.7972
FILLER_0_27_357, 175.44, 84.32, 1.7972
_11966_, 175.44, 78.88, 1.79717
_11980_, 175.44, 78.88, 1.79717
_15579_, 175.44, 78.88, 1.79717
hold387, 175.44, 78.88, 1.79717
FILLER_0_24_365, 175.44, 78.88, 1.79717
FILLER_0_25_383, 175.44, 78.88, 1.79717
_11984_, 175.44, 73.44, 1.79713
_11985_, 175.44, 73.44, 1.79713
_11986_, 175.44, 73.44, 1.79713
_15581_, 175.44, 73.44, 1.79713
FILLER_0_23_359, 175.44, 73.44, 1.79713
FILLER_0_24_376, 175.44, 73.44, 1.79713
_11989_, 175.44, 68, 1.79709
FILLER_0_20_365, 175.44, 68, 1.79709
FILLER_0_21_375, 175.44, 68, 1.79709
_11988_, 175.44, 62.56, 1.79708
_11990_, 175.44, 62.56, 1.79708
_11991_, 175.44, 62.56, 1.79708
_11992_, 175.44, 62.56, 1.79708
_11993_, 175.44, 62.56, 1.79708
hold277, 175.44, 62.56, 1.79708
FILLER_0_18_360, 175.44, 62.56, 1.79708
FILLER_0_19_379, 175.44, 62.56, 1.79708
_11801_, 175.44, 57.12, 1.79705
_13962_, 175.44, 57.12, 1.79705
_13964_, 175.44, 57.12, 1.79705
_13971_, 175.44, 57.12, 1.79705
_13972_, 175.44, 57.12, 1.79705
FILLER_0_17_364, 175.44, 57.12, 1.79705
_11239_, 175.44, 51.68, 1.797
_11994_, 175.44, 51.68, 1.797
_13965_, 175.44, 51.68, 1.797
_13982_, 175.44, 51.68, 1.797
FILLER_0_14_361, 175.44, 51.68, 1.797
FILLER_0_14_365, 175.44, 51.68, 1.797
FILLER_0_15_360, 175.44, 51.68, 1.797
FILLER_0_15_381, 175.44, 51.68, 1.797
_11238_, 175.44, 46.24, 1.797
_13983_, 175.44, 46.24, 1.797
FILLER_0_12_360, 175.44, 46.24, 1.797
FILLER_0_12_365, 175.44, 46.24, 1.797
_14053_, 175.44, 40.8, 1.79697
_14054_, 175.44, 40.8, 1.79697
_14060_, 175.44, 40.8, 1.79697
_14074_, 175.44, 40.8, 1.79697
_14075_, 175.44, 40.8, 1.79697
FILLER_0_11_365, 175.44, 40.8, 1.79697
_11060_, 175.44, 35.36, 1.79695
_13947_, 175.44, 35.36, 1.79695
_14096_, 175.44, 35.36, 1.79695
_14097_, 175.44, 35.36, 1.79695
FILLER_0_9_369, 175.44, 35.36, 1.79695
FILLER_0_10_377, 175.44, 35.36, 1.79695
_11237_, 175.44, 29.92, 1.79694
_11266_, 175.44, 29.92, 1.79694
_14111_, 175.44, 29.92, 1.79694
_14116_, 175.44, 29.92, 1.79694
FILLER_0_7_360, 175.44, 29.92, 1.79694
FILLER_0_7_376, 175.44, 29.92, 1.79694
FILLER_0_8_373, 175.44, 29.92, 1.79694
FILLER_0_8_381, 175.44, 29.92, 1.79694
_11271_, 175.44, 24.48, 1.79693
_14114_, 175.44, 24.48, 1.79693
_14123_, 175.44, 24.48, 1.79693
FILLER_0_5_366, 175.44, 24.48, 1.79693
FILLER_0_5_374, 175.44, 24.48, 1.79693
FILLER_0_5_381, 175.44, 24.48, 1.79693
_11270_, 175.44, 19.04, 1.79692
_11272_, 175.44, 19.04, 1.79692
_14112_, 175.44, 19.04, 1.79692
_14113_, 175.44, 19.04, 1.79692
_14115_, 175.44, 19.04, 1.79692
FILLER_0_3_370, 175.44, 19.04, 1.79692
FILLER_0_3_383, 175.44, 19.04, 1.79692
_15299_, 175.44, 13.6, 1.79692
_16347_, 175.44, 13.6, 1.79692
input13, 175.44, 13.6, 1.79692
FILLER_0_2_377, 175.44, 13.6, 1.79692
FILLER_0_169_45, 21.84, 470.56, 1.79245
FILLER_0_154_41, 21.84, 427.04, 1.79261
FILLER_0_154_49, 21.84, 427.04, 1.79261
FILLER_0_152_41, 21.84, 421.6, 1.79263
_15139_, 21.84, 416.16, 1.79265
_16137_, 21.84, 410.72, 1.7927
FILLER_0_148_41, 21.84, 410.72, 1.7927
FILLER_0_144_29, 21.84, 405.28, 1.79274
_15140_, 21.84, 399.84, 1.7928
_09205_, 21.84, 394.4, 1.79288
_09390_, 21.84, 394.4, 1.79288
_14993_, 21.84, 394.4, 1.79288
_15075_, 21.84, 394.4, 1.79288
hold1398, 21.84, 394.4, 1.79288
_09204_, 21.84, 388.96, 1.79292
_09389_, 21.84, 388.96, 1.79292
clkbuf_leaf_51_clk, 21.84, 388.96, 1.79292
hold1516, 21.84, 388.96, 1.79292
_09218_, 21.84, 383.52, 1.793
_09399_, 21.84, 383.52, 1.793
hold1452, 21.84, 383.52, 1.793
FILLER_0_137_27, 21.84, 383.52, 1.793
FILLER_0_137_38, 21.84, 383.52, 1.793
_09400_, 21.84, 378.08, 1.79306
_14819_, 21.84, 378.08, 1.79306
_15080_, 21.84, 378.08, 1.79306
FILLER_0_134_29, 21.84, 378.08, 1.79306
FILLER_0_135_32, 21.84, 378.08, 1.79306
_08814_, 21.84, 372.64, 1.79313
_09210_, 21.84, 372.64, 1.79313
_09211_, 21.84, 372.64, 1.79313
hold900, 21.84, 372.64, 1.79313
hold1551, 21.84, 372.64, 1.79313
FILLER_0_132_32, 21.84, 372.64, 1.79313
_08813_, 21.84, 367.2, 1.79322
_14840_, 21.84, 367.2, 1.79322
hold1277, 21.84, 367.2, 1.79322
_09016_, 21.84, 361.76, 1.79327
_09098_, 21.84, 361.76, 1.79327
_09099_, 21.84, 361.76, 1.79327
FILLER_0_129_36, 21.84, 361.76, 1.79327
FILLER_0_129_44, 21.84, 361.76, 1.79327
_08804_, 21.84, 356.32, 1.79333
_09101_, 21.84, 356.32, 1.79333
_14835_, 21.84, 356.32, 1.79333
_14948_, 21.84, 356.32, 1.79333
hold1461, 21.84, 356.32, 1.79333
_09092_, 21.84, 350.88, 1.79345
_09093_, 21.84, 350.88, 1.79345
_14833_, 21.84, 350.88, 1.79345
hold1239, 21.84, 350.88, 1.79345
FILLER_0_124_32, 21.84, 350.88, 1.79345
FILLER_0_125_27, 21.84, 350.88, 1.79345
FILLER_0_125_47, 21.84, 350.88, 1.79345
FILLER_0_126_45, 21.84, 350.88, 1.79345
FILLER_0_123_39, 21.84, 345.44, 1.79353
FILLER_0_123_47, 21.84, 345.44, 1.79353
_09420_, 21.84, 340, 1.79361
_09421_, 21.84, 340, 1.79361
_16556_, 21.84, 340, 1.79361
hold1492, 21.84, 340, 1.79361
FILLER_0_121_27, 21.84, 340, 1.79361
FILLER_0_121_49, 21.84, 340, 1.79361
_14446_, 21.84, 334.56, 1.79371
_14673_, 21.84, 334.56, 1.79371
_16444_, 21.84, 334.56, 1.79371
FILLER_0_118_29, 21.84, 334.56, 1.79371
FILLER_0_119_43, 21.84, 334.56, 1.79371
clkbuf_leaf_43_clk, 21.84, 329.12, 1.79376
FILLER_0_117_27, 21.84, 329.12, 1.79376
_09047_, 21.84, 323.68, 1.79394
_14929_, 21.84, 323.68, 1.79394
FILLER_0_115_39, 21.84, 323.68, 1.79394
_14640_, 21.84, 318.24, 1.79404
_14674_, 21.84, 318.24, 1.79404
_14675_, 21.84, 318.24, 1.79404
_16541_, 21.84, 318.24, 1.79404
FILLER_0_112_29, 21.84, 318.24, 1.79404
FILLER_0_113_27, 21.84, 318.24, 1.79404
_16557_, 21.84, 312.8, 1.79415
FILLER_0_110_29, 21.84, 312.8, 1.79415
_14449_, 21.84, 307.36, 1.79426
_15096_, 21.84, 307.36, 1.79426
_16445_, 21.84, 307.36, 1.79426
FILLER_0_108_29, 21.84, 307.36, 1.79426
FILLER_0_109_33, 21.84, 307.36, 1.79426
FILLER_0_109_41, 21.84, 307.36, 1.79426
FILLER_0_109_47, 21.84, 307.36, 1.79426
FILLER_0_110_37, 21.84, 307.36, 1.79426
_09434_, 21.84, 301.92, 1.79439
_09435_, 21.84, 301.92, 1.79439
hold1098, 21.84, 301.92, 1.79439
FILLER_0_107_27, 21.84, 301.92, 1.79439
FILLER_0_107_48, 21.84, 301.92, 1.79439
_09424_, 21.84, 296.48, 1.79453
_09425_, 21.84, 296.48, 1.79453
_14642_, 21.84, 296.48, 1.79453
hold1441, 21.84, 296.48, 1.79453
FILLER_0_105_27, 21.84, 296.48, 1.79453
FILLER_0_105_35, 21.84, 296.48, 1.79453
FILLER_0_105_49, 21.84, 296.48, 1.79453
_14677_, 21.84, 291.04, 1.79462
_16558_, 21.84, 291.04, 1.79462
FILLER_0_103_40, 21.84, 291.04, 1.79462
FILLER_0_103_49, 21.84, 291.04, 1.79462
_15092_, 21.84, 285.6, 1.79476
hold1278, 21.84, 285.6, 1.79476
FILLER_0_100_29, 21.84, 285.6, 1.79476
FILLER_0_101_49, 21.84, 285.6, 1.79476
FILLER_0_102_41, 21.84, 285.6, 1.79476
_09426_, 21.84, 280.16, 1.7949
_09427_, 21.84, 280.16, 1.7949
_14451_, 21.84, 280.16, 1.7949
FILLER_0_98_29, 21.84, 280.16, 1.7949
FILLER_0_99_39, 21.84, 280.16, 1.7949
_14452_, 21.84, 274.72, 1.795
_16446_, 21.84, 274.72, 1.795
_16451_, 21.84, 274.72, 1.795
FILLER_0_97_27, 21.84, 274.72, 1.795
FILLER_0_98_37, 21.84, 274.72, 1.795
_09051_, 21.84, 263.84, 1.79527
FILLER_0_93_39, 21.84, 263.84, 1.79527
_14931_, 21.84, 258.4, 1.7954
FILLER_0_92_41, 21.84, 258.4, 1.7954
FILLER_0_79_45, 21.84, 225.76, 1.79626
FILLER_0_71_45, 21.84, 204, 1.79685
_11518_, 21.84, 187.68, 1.79726
_11529_, 21.84, 187.68, 1.79726
_12267_, 21.84, 187.68, 1.79726
_15657_, 21.84, 187.68, 1.79726
FILLER_0_65_27, 21.84, 187.68, 1.79726
_12124_, 21.84, 182.24, 1.79741
_15402_, 21.84, 182.24, 1.79741
hold240, 21.84, 182.24, 1.79741
hold242, 21.84, 182.24, 1.79741
FILLER_0_63_27, 21.84, 182.24, 1.79741
_11495_, 21.84, 176.8, 1.79741
_11517_, 21.84, 176.8, 1.79741
_11530_, 21.84, 176.8, 1.79741
_12117_, 21.84, 176.8, 1.79741
hold136, 21.84, 176.8, 1.79741
FILLER_0_62_37, 21.84, 176.8, 1.79741
FILLER_0_62_47, 21.84, 176.8, 1.79741
_11589_, 21.84, 171.36, 1.79739
_15434_, 21.84, 171.36, 1.79739
clkbuf_leaf_11_clk, 21.84, 171.36, 1.79739
hold168, 21.84, 171.36, 1.79739
FILLER_0_60_44, 21.84, 171.36, 1.79739
_11228_, 21.84, 165.92, 1.79739
_11570_, 21.84, 165.92, 1.79739
_12082_, 21.84, 165.92, 1.79739
FILLER_0_57_38, 21.84, 165.92, 1.79739
FILLER_0_57_46, 21.84, 165.92, 1.79739
_15398_, 21.84, 160.48, 1.79737
_15637_, 21.84, 155.04, 1.79731
hold82, 21.84, 155.04, 1.79731
hold193, 21.84, 155.04, 1.79731
FILLER_0_52_29, 21.84, 155.04, 1.79731
_11519_, 21.84, 149.6, 1.7973
FILLER_0_50_29, 21.84, 149.6, 1.7973
_11172_, 21.84, 144.16, 1.79726
_12093_, 21.84, 144.16, 1.79726
_15396_, 21.84, 144.16, 1.79726
hold140, 21.84, 144.16, 1.79726
hold170, 21.84, 144.16, 1.79726
_11515_, 21.84, 138.72, 1.79725
_15635_, 21.84, 138.72, 1.79725
FILLER_0_47_29, 21.84, 138.72, 1.79725
FILLER_0_47_49, 21.84, 138.72, 1.79725
_15395_, 21.84, 133.28, 1.79724
FILLER_0_46_48, 21.84, 133.28, 1.79724
_12092_, 21.84, 127.84, 1.79719
_15634_, 21.84, 127.84, 1.79719
hold141, 21.84, 127.84, 1.79719
FILLER_0_42_29, 21.84, 127.84, 1.79719
_11496_, 21.84, 122.4, 1.79717
_11513_, 21.84, 122.4, 1.79717
_12083_, 21.84, 122.4, 1.79717
hold159, 21.84, 122.4, 1.79717
FILLER_0_40_29, 21.84, 122.4, 1.79717
FILLER_0_42_48, 21.84, 122.4, 1.79717
_11493_, 21.84, 116.96, 1.79712
_11497_, 21.84, 116.96, 1.79712
_11572_, 21.84, 116.96, 1.79712
clkbuf_leaf_3_clk, 21.84, 116.96, 1.79712
hold129, 21.84, 116.96, 1.79712
FILLER_0_38_29, 21.84, 116.96, 1.79712
FILLER_0_39_48, 21.84, 116.96, 1.79712
_11071_, 21.84, 111.52, 1.7971
_15387_, 21.84, 111.52, 1.7971
hold201, 21.84, 111.52, 1.7971
FILLER_0_36_29, 21.84, 111.52, 1.7971
FILLER_0_37_35, 21.84, 111.52, 1.7971
_11579_, 21.84, 106.08, 1.79709
_15626_, 21.84, 106.08, 1.79709
FILLER_0_35_46, 21.84, 106.08, 1.79709
FILLER_0_36_42, 21.84, 106.08, 1.79709
_11153_, 21.84, 100.64, 1.79704
_11511_, 21.84, 100.64, 1.79704
hold87, 21.84, 100.64, 1.79704
hold116, 21.84, 100.64, 1.79704
FILLER_0_32_29, 21.84, 100.64, 1.79704
_15394_, 21.84, 95.2, 1.79705
FILLER_0_31_35, 21.84, 95.2, 1.79705
_11509_, 21.84, 89.76, 1.797
_15633_, 21.84, 89.76, 1.797
hold50, 21.84, 89.76, 1.797
FILLER_0_28_29, 21.84, 89.76, 1.797
FILLER_0_29_42, 21.84, 89.76, 1.797
FILLER_0_30_41, 21.84, 89.76, 1.797
_11145_, 21.84, 84.32, 1.79698
hold47, 21.84, 84.32, 1.79698
hold106, 21.84, 84.32, 1.79698
FILLER_0_26_29, 21.84, 84.32, 1.79698
FILLER_0_28_43, 21.84, 84.32, 1.79698
_15393_, 21.84, 78.88, 1.79699
_15425_, 21.84, 78.88, 1.79699
hold92, 21.84, 78.88, 1.79699
FILLER_0_25_45, 21.84, 78.88, 1.79699
_11137_, 21.84, 73.44, 1.79696
_11577_, 21.84, 73.44, 1.79696
hold161, 21.84, 73.44, 1.79696
_11507_, 21.84, 68, 1.79694
_12112_, 21.84, 68, 1.79694
_15392_, 21.84, 68, 1.79694
_15631_, 21.84, 68, 1.79694
FILLER_0_21_36, 21.84, 68, 1.79694
_11124_, 21.84, 62.56, 1.79695
_11505_, 21.84, 62.56, 1.79695
_12088_, 21.84, 62.56, 1.79695
hold179, 21.84, 62.56, 1.79695
hold208, 21.84, 62.56, 1.79695
FILLER_0_18_29, 21.84, 62.56, 1.79695
FILLER_0_19_35, 21.84, 62.56, 1.79695
FILLER_0_20_41, 21.84, 62.56, 1.79695
_15391_, 21.84, 57.12, 1.79693
hold183, 21.84, 57.12, 1.79693
hold254, 21.84, 57.12, 1.79693
FILLER_0_16_29, 21.84, 57.12, 1.79693
_12085_, 21.84, 51.68, 1.7969
_15645_, 21.84, 51.68, 1.7969
clkbuf_leaf_208_clk, 21.84, 51.68, 1.7969
hold259, 21.84, 51.68, 1.7969
FILLER_0_14_29, 21.84, 51.68, 1.7969
FILLER_0_16_43, 21.84, 51.68, 1.7969
_15627_, 21.84, 46.24, 1.79692
FILLER_0_13_32, 21.84, 46.24, 1.79692
_11106_, 21.84, 40.8, 1.79689
_11575_, 21.84, 40.8, 1.79689
hold190, 21.84, 40.8, 1.79689
FILLER_0_12_41, 21.84, 40.8, 1.79689
FILLER_0_12_49, 21.84, 40.8, 1.79689
_11093_, 21.84, 35.36, 1.7969
_11114_, 21.84, 35.36, 1.7969
hold220, 21.84, 35.36, 1.7969
_11503_, 21.84, 29.92, 1.79689
_15388_, 21.84, 29.92, 1.79689
hold167, 21.84, 29.92, 1.79689
hold181, 21.84, 29.92, 1.79689
hold182, 21.84, 29.92, 1.79689
FILLER_0_6_29, 21.84, 29.92, 1.79689
FILLER_0_8_37, 21.84, 29.92, 1.79689
_11499_, 21.84, 24.48, 1.79688
_15389_, 21.84, 24.48, 1.79688
_15390_, 21.84, 24.48, 1.79688
FILLER_0_4_29, 21.84, 24.48, 1.79688
_11501_, 21.84, 19.04, 1.79689
output79, 21.84, 13.6, 1.79689
FILLER_0_0_47, 21.84, 13.6, 1.79689
PHY_348, 5.52, 486.88, 1.79247
output77, 13.68, 486.88, 1.79247
FILLER_0_174_9, 13.68, 486.88, 1.79247
output94, 34.64, 486.88, 1.79244
FILLER_0_174_53, 34.64, 486.88, 1.79244
FILLER_0_174_81, 47.44, 486.88, 1.79242
FILLER_0_174_107, 60.24, 486.88, 1.7924
input30, 73.04, 486.88, 1.79238
FILLER_0_174_137, 73.04, 486.88, 1.79238
FILLER_0_174_191, 98.64, 486.88, 1.79235
output95, 111.44, 486.88, 1.79233
FILLER_0_174_221, 111.44, 486.88, 1.79233
FILLER_0_174_249, 124.24, 486.88, 1.79231
FILLER_0_174_273, 137.04, 486.88, 1.79229
_13425_, 149.84, 486.88, 1.79228
_16089_, 149.84, 486.88, 1.79228
FILLER_0_174_305, 149.84, 486.88, 1.79228
FILLER_0_174_333, 162.64, 486.88, 1.79226
output34, 188.24, 486.88, 1.79224
FILLER_0_174_385, 188.24, 486.88, 1.79224
_13363_, 201.04, 486.88, 1.79224
FILLER_0_174_413, 201.04, 486.88, 1.79224
FILLER_0_174_424, 201.04, 486.88, 1.79224
FILLER_0_174_444, 213.84, 486.88, 1.79223
FILLER_0_174_449, 213.84, 486.88, 1.79223
output55, 226.64, 486.88, 1.79222
FILLER_0_174_472, 226.64, 486.88, 1.79222
FILLER_0_174_497, 239.44, 486.88, 1.79222
FILLER_0_174_527, 252.24, 486.88, 1.79221
output62, 265.04, 486.88, 1.79221
FILLER_0_174_557, 265.04, 486.88, 1.79221
FILLER_0_174_581, 277.84, 486.88, 1.7922
FILLER_0_174_611, 290.64, 486.88, 1.7922
output54, 303.44, 486.88, 1.79219
FILLER_0_174_641, 303.44, 486.88, 1.79219
FILLER_0_174_665, 316.24, 486.88, 1.79218
FILLER_0_174_673, 316.24, 486.88, 1.79218
output81, 341.84, 486.88, 1.79219
FILLER_0_174_725, 341.84, 486.88, 1.79219
_13404_, 354.64, 486.88, 1.7922
_16036_, 367.44, 486.88, 1.79221
hold1208, 367.44, 486.88, 1.79221
FILLER_0_174_801, 380.24, 486.88, 1.79222
FILLER_0_174_809, 380.24, 486.88, 1.79222
FILLER_0_174_837, 393.04, 486.88, 1.79224
output92, 405.84, 486.88, 1.79225
FILLER_0_174_863, 405.84, 486.88, 1.79225
FILLER_0_174_893, 418.64, 486.88, 1.79227
FILLER_0_174_917, 431.44, 486.88, 1.79229
output80, 444.24, 486.88, 1.7923
FILLER_0_174_947, 444.24, 486.88, 1.7923
FILLER_0_174_977, 457.04, 486.88, 1.79232
FILLER_0_174_1005, 469.84, 486.88, 1.79234
PHY_344, 5.52, 481.44, 1.79246
PHY_346, 5.52, 481.44, 1.79246
output57, 5.52, 481.44, 1.79246
ANTENNA_4, 5.52, 481.44, 1.79246
FILLER_0_173_3, 5.52, 481.44, 1.79246
_07396_, 13.68, 481.44, 1.79246
ANTENNA_5, 13.68, 481.44, 1.79246
FILLER_0_174_23, 13.68, 481.44, 1.79246
ANTENNA_122, 34.64, 481.44, 1.79243
FILLER_0_173_53, 34.64, 481.44, 1.79243
output47, 47.44, 481.44, 1.7924
FILLER_0_173_105, 47.44, 481.44, 1.7924
FILLER_0_174_97, 47.44, 481.44, 1.7924
FILLER_0_172_133, 73.04, 481.44, 1.79234
output69, 85.84, 481.44, 1.79231
FILLER_0_173_161, 85.84, 481.44, 1.79231
FILLER_0_174_181, 85.84, 481.44, 1.79231
FILLER_0_172_189, 98.64, 481.44, 1.79228
_13423_, 111.44, 481.44, 1.79226
ANTENNA_98, 111.44, 481.44, 1.79226
FILLER_0_173_217, 111.44, 481.44, 1.79226
FILLER_0_173_237, 111.44, 481.44, 1.79226
_13420_, 124.24, 481.44, 1.79223
_13422_, 124.24, 481.44, 1.79223
input18, 124.24, 481.44, 1.79223
hold1440, 124.24, 481.44, 1.79223
FILLER_0_173_266, 124.24, 481.44, 1.79223
FILLER_0_174_265, 124.24, 481.44, 1.79223
_13353_, 137.04, 481.44, 1.79221
_13386_, 137.04, 481.44, 1.79221
_16072_, 137.04, 481.44, 1.79221
hold1308, 137.04, 481.44, 1.79221
FILLER_0_173_277, 137.04, 481.44, 1.79221
FILLER_0_173_281, 137.04, 481.44, 1.79221
FILLER_0_173_295, 137.04, 481.44, 1.79221
FILLER_0_174_293, 137.04, 481.44, 1.79221
_16073_, 149.84, 481.44, 1.79219
output40, 149.84, 481.44, 1.79219
clkbuf_leaf_64_clk, 149.84, 481.44, 1.79219
hold1264, 149.84, 481.44, 1.79219
hold1352, 149.84, 481.44, 1.79219
hold1364, 149.84, 481.44, 1.79219
ANTENNA_87, 149.84, 481.44, 1.79219
_13365_, 162.64, 481.44, 1.7922
_13390_, 162.64, 481.44, 1.7922
_13399_, 162.64, 481.44, 1.7922
_13435_, 162.64, 481.44, 1.7922
_16078_, 162.64, 481.44, 1.7922
_16094_, 162.64, 481.44, 1.7922
input1, 162.64, 481.44, 1.7922
hold1390, 162.64, 481.44, 1.7922
FILLER_0_173_337, 162.64, 481.44, 1.7922
FILLER_0_173_346, 162.64, 481.44, 1.7922
_13361_, 188.24, 481.44, 1.79219
_13433_, 188.24, 481.44, 1.79219
_16076_, 188.24, 481.44, 1.79219
hold818, 188.24, 481.44, 1.79219
FILLER_0_173_387, 188.24, 481.44, 1.79219
FILLER_0_173_393, 188.24, 481.44, 1.79219
FILLER_0_173_411, 188.24, 481.44, 1.79219
_13362_, 201.04, 481.44, 1.79217
_16077_, 201.04, 481.44, 1.79217
output61, 201.04, 481.44, 1.79217
hold867, 201.04, 481.44, 1.79217
hold983, 201.04, 481.44, 1.79217
hold1166, 201.04, 481.44, 1.79217
FILLER_0_173_431, 201.04, 481.44, 1.79217
_13359_, 213.84, 481.44, 1.79215
_13393_, 213.84, 481.44, 1.79215
_13394_, 213.84, 481.44, 1.79215
_16091_, 213.84, 481.44, 1.79215
hold897, 213.84, 481.44, 1.79215
_13427_, 226.64, 481.44, 1.79214
_16090_, 226.64, 481.44, 1.79214
hold925, 226.64, 481.44, 1.79214
hold1138, 226.64, 481.44, 1.79214
FILLER_0_173_477, 226.64, 481.44, 1.79214
FILLER_0_173_485, 226.64, 481.44, 1.79214
_13357_, 239.44, 481.44, 1.79214
_13391_, 239.44, 481.44, 1.79214
output75, 239.44, 481.44, 1.79214
hold1093, 239.44, 481.44, 1.79214
ANTENNA_91, 239.44, 481.44, 1.79214
FILLER_0_173_499, 239.44, 481.44, 1.79214
FILLER_0_172_524, 252.24, 481.44, 1.79213
FILLER_0_172_533, 252.24, 481.44, 1.79213
FILLER_0_172_561, 265.04, 481.44, 1.79213
FILLER_0_173_553, 265.04, 481.44, 1.79213
FILLER_0_173_573, 265.04, 481.44, 1.79213
_13346_, 277.84, 481.44, 1.79213
_16053_, 277.84, 481.44, 1.79213
input12, 277.84, 481.44, 1.79213
hold918, 277.84, 481.44, 1.79213
FILLER_0_172_581, 277.84, 481.44, 1.79213
FILLER_0_174_601, 277.84, 481.44, 1.79213
_13340_, 290.64, 481.44, 1.79213
_13410_, 290.64, 481.44, 1.79213
_16018_, 290.64, 481.44, 1.79213
FILLER_0_173_611, 290.64, 481.44, 1.79213
FILLER_0_173_622, 290.64, 481.44, 1.79213
_13338_, 303.44, 481.44, 1.79213
_13408_, 303.44, 481.44, 1.79213
_16081_, 303.44, 481.44, 1.79213
hold1406, 303.44, 481.44, 1.79213
hold1490, 303.44, 481.44, 1.79213
_13336_, 316.24, 481.44, 1.79214
_13405_, 316.24, 481.44, 1.79214
_16032_, 316.24, 481.44, 1.79214
input6, 316.24, 481.44, 1.79214
hold1512, 316.24, 481.44, 1.79214
FILLER_0_173_673, 316.24, 481.44, 1.79214
FILLER_0_174_686, 316.24, 481.44, 1.79214
_13342_, 341.84, 481.44, 1.79216
_16051_, 341.84, 481.44, 1.79216
_16084_, 341.84, 481.44, 1.79216
hold1351, 341.84, 481.44, 1.79216
hold1493, 341.84, 481.44, 1.79216
ANTENNA_93, 341.84, 481.44, 1.79216
_13343_, 354.64, 481.44, 1.79217
_13414_, 354.64, 481.44, 1.79217
_16047_, 354.64, 481.44, 1.79217
input4, 354.64, 481.44, 1.79217
hold1317, 354.64, 481.44, 1.79217
FILLER_0_174_769, 354.64, 481.44, 1.79217
_13308_, 367.44, 481.44, 1.79219
_13309_, 367.44, 481.44, 1.79219
_13344_, 367.44, 481.44, 1.79219
ANTENNA_32, 367.44, 481.44, 1.79219
ANTENNA_34, 367.44, 481.44, 1.79219
ANTENNA_36, 367.44, 481.44, 1.79219
FILLER_0_172_774, 367.44, 481.44, 1.79219
FILLER_0_173_776, 367.44, 481.44, 1.79219
FILLER_0_173_785, 367.44, 481.44, 1.79219
_07416_, 380.24, 481.44, 1.7922
_07449_, 380.24, 481.44, 1.7922
_07453_, 380.24, 481.44, 1.7922
output93, 380.24, 481.44, 1.7922
ANTENNA_33, 380.24, 481.44, 1.7922
ANTENNA_35, 380.24, 481.44, 1.7922
ANTENNA_37, 380.24, 481.44, 1.7922
ANTENNA_38, 380.24, 481.44, 1.7922
ANTENNA_97, 380.24, 481.44, 1.7922
ANTENNA_96, 393.04, 481.44, 1.79222
ANTENNA_12, 405.84, 481.44, 1.79224
FILLER_0_172_857, 405.84, 481.44, 1.79224
FILLER_0_172_865, 405.84, 481.44, 1.79224
FILLER_0_173_877, 405.84, 481.44, 1.79224
_07425_, 418.64, 481.44, 1.79226
output63, 418.64, 481.44, 1.79226
ANTENNA_11, 418.64, 481.44, 1.79226
FILLER_0_173_893, 418.64, 481.44, 1.79226
ANTENNA_92, 431.44, 481.44, 1.79228
FILLER_0_172_917, 431.44, 481.44, 1.79228
FILLER_0_173_945, 444.24, 481.44, 1.7923
FILLER_0_172_973, 457.04, 481.44, 1.79232
FILLER_0_173_1001, 469.84, 481.44, 1.79234
FILLER_0_173_1021, 469.84, 481.44, 1.79234
FILLER_0_174_1021, 469.84, 481.44, 1.79234
PHY_340, 5.52, 476, 1.79246
PHY_342, 5.52, 476, 1.79246
FILLER_0_171_51, 34.64, 476, 1.79242
FILLER_0_172_77, 34.64, 476, 1.79242
FILLER_0_171_105, 47.44, 476, 1.79238
FILLER_0_170_133, 73.04, 476, 1.79231
hold1186, 85.84, 476, 1.79227
FILLER_0_170_167, 85.84, 476, 1.79227
FILLER_0_171_161, 85.84, 476, 1.79227
_12204_, 98.64, 476, 1.79224
_13170_, 98.64, 476, 1.79224
_15704_, 98.64, 476, 1.79224
hold1087, 98.64, 476, 1.79224
FILLER_0_170_192, 98.64, 476, 1.79224
FILLER_0_170_197, 98.64, 476, 1.79224
FILLER_0_171_193, 98.64, 476, 1.79224
_16087_, 111.44, 476, 1.79221
_16088_, 111.44, 476, 1.79221
_16104_, 111.44, 476, 1.79221
FILLER_0_172_233, 111.44, 476, 1.79221
_13351_, 124.24, 476, 1.7922
_13421_, 124.24, 476, 1.7922
_16055_, 124.24, 476, 1.7922
_16071_, 124.24, 476, 1.7922
hold1265, 124.24, 476, 1.7922
hold1379, 124.24, 476, 1.7922
FILLER_0_170_246, 124.24, 476, 1.7922
_13385_, 137.04, 476, 1.79219
_13388_, 137.04, 476, 1.79219
_16056_, 137.04, 476, 1.79219
_13355_, 149.84, 476, 1.79219
_13424_, 149.84, 476, 1.79219
_16057_, 149.84, 476, 1.79219
_13434_, 162.64, 476, 1.7922
_16062_, 162.64, 476, 1.7922
FILLER_0_171_330, 162.64, 476, 1.7922
FILLER_0_171_337, 162.64, 476, 1.7922
_13360_, 188.24, 476, 1.79216
_13395_, 188.24, 476, 1.79216
_13396_, 188.24, 476, 1.79216
_13432_, 188.24, 476, 1.79216
_16093_, 188.24, 476, 1.79216
hold1128, 188.24, 476, 1.79216
FILLER_0_171_402, 188.24, 476, 1.79216
_13397_, 201.04, 476, 1.79212
_13398_, 201.04, 476, 1.79212
_16061_, 201.04, 476, 1.79212
FILLER_0_170_416, 201.04, 476, 1.79212
FILLER_0_170_421, 201.04, 476, 1.79212
_13428_, 213.84, 476, 1.79208
_13429_, 213.84, 476, 1.79208
_16075_, 213.84, 476, 1.79208
clkbuf_leaf_67_clk, 213.84, 476, 1.79208
FILLER_0_170_439, 213.84, 476, 1.79208
FILLER_0_171_449, 213.84, 476, 1.79208
_13426_, 226.64, 476, 1.79207
_16074_, 226.64, 476, 1.79207
hold1197, 226.64, 476, 1.79207
FILLER_0_170_469, 226.64, 476, 1.79207
FILLER_0_171_476, 226.64, 476, 1.79207
_13356_, 239.44, 476, 1.79206
hold1047, 239.44, 476, 1.79206
FILLER_0_170_506, 239.44, 476, 1.79206
_13332_, 252.24, 476, 1.79206
_13348_, 252.24, 476, 1.79206
_13402_, 252.24, 476, 1.79206
_13418_, 252.24, 476, 1.79206
_16054_, 252.24, 476, 1.79206
_16086_, 252.24, 476, 1.79206
_13415_, 265.04, 476, 1.79206
_13416_, 265.04, 476, 1.79206
_16085_, 265.04, 476, 1.79206
hold833, 265.04, 476, 1.79206
hold1170, 265.04, 476, 1.79206
_13345_, 277.84, 476, 1.79207
_13381_, 277.84, 476, 1.79207
hold990, 277.84, 476, 1.79207
FILLER_0_170_583, 277.84, 476, 1.79207
FILLER_0_171_581, 277.84, 476, 1.79207
FILLER_0_172_605, 277.84, 476, 1.79207
_13258_, 290.64, 476, 1.79207
_13409_, 290.64, 476, 1.79207
_16050_, 290.64, 476, 1.79207
_16082_, 290.64, 476, 1.79207
FILLER_0_171_608, 290.64, 476, 1.79207
_13339_, 303.44, 476, 1.79209
_16049_, 303.44, 476, 1.79209
hold1395, 303.44, 476, 1.79209
FILLER_0_170_645, 303.44, 476, 1.79209
_13300_, 316.24, 476, 1.79211
_13301_, 316.24, 476, 1.79211
_13337_, 316.24, 476, 1.79211
_16048_, 316.24, 476, 1.79211
_16080_, 316.24, 476, 1.79211
hold1415, 316.24, 476, 1.79211
_13341_, 341.84, 476, 1.79212
_13403_, 341.84, 476, 1.79212
_13413_, 341.84, 476, 1.79212
_16079_, 341.84, 476, 1.79212
clkbuf_leaf_98_clk, 341.84, 476, 1.79212
FILLER_0_171_729, 341.84, 476, 1.79212
_13333_, 354.64, 476, 1.79213
_16052_, 354.64, 476, 1.79213
hold1478, 354.64, 476, 1.79213
hold1536, 354.64, 476, 1.79213
_13263_, 367.44, 476, 1.79215
_13264_, 367.44, 476, 1.79215
_13334_, 367.44, 476, 1.79215
_16020_, 367.44, 476, 1.79215
hold1376, 367.44, 476, 1.79215
ANTENNA_8, 367.44, 476, 1.79215
ANTENNA_22, 367.44, 476, 1.79215
ANTENNA_24, 367.44, 476, 1.79215
FILLER_0_172_789, 367.44, 476, 1.79215
_07412_, 380.24, 476, 1.79217
ANTENNA_23, 380.24, 476, 1.79217
FILLER_0_170_861, 405.84, 476, 1.79222
FILLER_0_171_889, 418.64, 476, 1.79224
FILLER_0_170_917, 431.44, 476, 1.79227
FILLER_0_171_945, 444.24, 476, 1.79229
FILLER_0_170_973, 457.04, 476, 1.79231
FILLER_0_171_1001, 469.84, 476, 1.79233
PHY_336, 5.52, 470.56, 1.79245
PHY_338, 5.52, 470.56, 1.79245
output42, 5.52, 470.56, 1.79245
FILLER_0_169_53, 34.64, 470.56, 1.7924
FILLER_0_170_77, 34.64, 470.56, 1.7924
FILLER_0_169_105, 47.44, 470.56, 1.79234
hold851, 60.24, 470.56, 1.79229
FILLER_0_168_109, 60.24, 470.56, 1.79229
_12194_, 73.04, 470.56, 1.79224
_15699_, 73.04, 470.56, 1.79224
_16525_, 73.04, 470.56, 1.79224
hold1215, 73.04, 470.56, 1.79224
FILLER_0_168_134, 73.04, 470.56, 1.79224
FILLER_0_168_141, 73.04, 470.56, 1.79224
FILLER_0_169_137, 73.04, 470.56, 1.79224
FILLER_0_169_145, 73.04, 470.56, 1.79224
FILLER_0_170_153, 73.04, 470.56, 1.79224
_09242_, 85.84, 470.56, 1.7922
_14604_, 85.84, 470.56, 1.7922
_15010_, 85.84, 470.56, 1.7922
clkbuf_leaf_56_clk, 85.84, 470.56, 1.7922
FILLER_0_169_178, 85.84, 470.56, 1.7922
FILLER_0_170_179, 85.84, 470.56, 1.7922
_12203_, 98.64, 470.56, 1.79219
_14615_, 98.64, 470.56, 1.79219
_16530_, 98.64, 470.56, 1.79219
FILLER_0_169_215, 98.64, 470.56, 1.79219
_13457_, 111.44, 470.56, 1.7922
_13458_, 111.44, 470.56, 1.7922
hold870, 111.44, 470.56, 1.7922
FILLER_0_168_230, 111.44, 470.56, 1.7922
FILLER_0_169_225, 111.44, 470.56, 1.7922
FILLER_0_169_233, 111.44, 470.56, 1.7922
FILLER_0_169_239, 111.44, 470.56, 1.7922
_13350_, 124.24, 470.56, 1.7922
_13455_, 124.24, 470.56, 1.7922
FILLER_0_170_261, 124.24, 470.56, 1.7922
_08100_, 137.04, 470.56, 1.79221
_13352_, 137.04, 470.56, 1.79221
_13387_, 137.04, 470.56, 1.79221
hold1015, 137.04, 470.56, 1.79221
hold1216, 137.04, 470.56, 1.79221
FILLER_0_168_278, 137.04, 470.56, 1.79221
FILLER_0_169_276, 137.04, 470.56, 1.79221
_13354_, 149.84, 470.56, 1.79221
_13389_, 149.84, 470.56, 1.79221
FILLER_0_168_300, 149.84, 470.56, 1.79221
FILLER_0_168_309, 149.84, 470.56, 1.79221
FILLER_0_169_310, 149.84, 470.56, 1.79221
_13364_, 162.64, 470.56, 1.79222
hold741, 162.64, 470.56, 1.79222
FILLER_0_169_328, 162.64, 470.56, 1.79222
FILLER_0_170_343, 162.64, 470.56, 1.79222
_13468_, 188.24, 470.56, 1.7922
hold896, 188.24, 470.56, 1.7922
hold1261, 188.24, 470.56, 1.7922
FILLER_0_169_401, 188.24, 470.56, 1.7922
_13467_, 201.04, 470.56, 1.79217
hold745, 201.04, 470.56, 1.79217
FILLER_0_169_413, 201.04, 470.56, 1.79217
_13358_, 213.84, 470.56, 1.79214
_16059_, 213.84, 470.56, 1.79214
FILLER_0_169_443, 213.84, 470.56, 1.79214
FILLER_0_169_449, 213.84, 470.56, 1.79214
_13392_, 226.64, 470.56, 1.79212
_13461_, 226.64, 470.56, 1.79212
_13462_, 226.64, 470.56, 1.79212
_16058_, 226.64, 470.56, 1.79212
_16106_, 226.64, 470.56, 1.79212
hold744, 226.64, 470.56, 1.79212
FILLER_0_169_467, 226.64, 470.56, 1.79212
FILLER_0_169_483, 226.64, 470.56, 1.79212
FILLER_0_170_485, 226.64, 470.56, 1.79212
_13349_, 239.44, 470.56, 1.7921
_13384_, 239.44, 470.56, 1.7921
_13419_, 239.44, 470.56, 1.7921
FILLER_0_169_497, 239.44, 470.56, 1.7921
FILLER_0_169_505, 239.44, 470.56, 1.7921
FILLER_0_170_521, 239.44, 470.56, 1.7921
_13347_, 252.24, 470.56, 1.79209
_13367_, 252.24, 470.56, 1.79209
_13417_, 252.24, 470.56, 1.79209
_13453_, 252.24, 470.56, 1.79209
hold938, 252.24, 470.56, 1.79209
FILLER_0_169_530, 252.24, 470.56, 1.79209
_16101_, 265.04, 470.56, 1.79208
hold922, 265.04, 470.56, 1.79208
FILLER_0_168_560, 265.04, 470.56, 1.79208
_13310_, 277.84, 470.56, 1.79206
_16069_, 277.84, 470.56, 1.79206
clkbuf_leaf_95_clk, 277.84, 470.56, 1.79206
hold683, 277.84, 470.56, 1.79206
hold1130, 277.84, 470.56, 1.79206
_13257_, 290.64, 470.56, 1.79208
_13305_, 290.64, 470.56, 1.79208
_16034_, 290.64, 470.56, 1.79208
hold1028, 290.64, 470.56, 1.79208
FILLER_0_168_609, 290.64, 470.56, 1.79208
FILLER_0_169_611, 290.64, 470.56, 1.79208
_13407_, 303.44, 470.56, 1.7921
hold1274, 303.44, 470.56, 1.7921
FILLER_0_168_639, 303.44, 470.56, 1.7921
FILLER_0_168_645, 303.44, 470.56, 1.7921
FILLER_0_169_652, 303.44, 470.56, 1.7921
_13335_, 316.24, 470.56, 1.79213
_13373_, 316.24, 470.56, 1.79213
hold1231, 316.24, 470.56, 1.79213
FILLER_0_169_685, 316.24, 470.56, 1.79213
FILLER_0_170_679, 316.24, 470.56, 1.79213
hold1084, 341.84, 470.56, 1.79215
FILLER_0_168_729, 341.84, 470.56, 1.79215
FILLER_0_169_719, 341.84, 470.56, 1.79215
FILLER_0_170_739, 341.84, 470.56, 1.79215
_13379_, 354.64, 470.56, 1.79214
_16068_, 354.64, 470.56, 1.79214
hold1437, 354.64, 470.56, 1.79214
FILLER_0_169_749, 354.64, 470.56, 1.79214
FILLER_0_169_768, 354.64, 470.56, 1.79214
_13302_, 367.44, 470.56, 1.79214
_13303_, 367.44, 470.56, 1.79214
_16033_, 367.44, 470.56, 1.79214
hold1176, 367.44, 470.56, 1.79214
hold1292, 367.44, 470.56, 1.79214
FILLER_0_168_781, 367.44, 470.56, 1.79214
clkbuf_leaf_107_clk, 380.24, 470.56, 1.79215
FILLER_0_168_801, 380.24, 470.56, 1.79215
FILLER_0_168_809, 380.24, 470.56, 1.79215
FILLER_0_169_815, 380.24, 470.56, 1.79215
FILLER_0_168_865, 405.84, 470.56, 1.7922
FILLER_0_169_889, 418.64, 470.56, 1.79222
_13147_, 431.44, 470.56, 1.79224
_14592_, 431.44, 470.56, 1.79224
hold1330, 431.44, 470.56, 1.79224
FILLER_0_169_945, 444.24, 470.56, 1.79227
FILLER_0_168_976, 457.04, 470.56, 1.7923
FILLER_0_169_1001, 469.84, 470.56, 1.79233
PHY_332, 5.52, 465.12, 1.79245
PHY_334, 5.52, 465.12, 1.79245
_14616_, 34.64, 465.12, 1.7924
FILLER_0_167_51, 34.64, 465.12, 1.7924
FILLER_0_167_69, 34.64, 465.12, 1.7924
FILLER_0_168_77, 34.64, 465.12, 1.7924
_12206_, 47.44, 465.12, 1.79234
_13171_, 47.44, 465.12, 1.79234
hold1057, 47.44, 465.12, 1.79234
hold1229, 47.44, 465.12, 1.79234
_09253_, 60.24, 465.12, 1.79229
_09254_, 60.24, 465.12, 1.79229
_15016_, 60.24, 465.12, 1.79229
FILLER_0_167_106, 60.24, 465.12, 1.79229
_12193_, 73.04, 465.12, 1.79224
_13160_, 73.04, 465.12, 1.79224
_14605_, 73.04, 465.12, 1.79224
_15976_, 73.04, 465.12, 1.79224
FILLER_0_166_141, 73.04, 465.12, 1.79224
FILLER_0_167_141, 73.04, 465.12, 1.79224
_09241_, 85.84, 465.12, 1.79221
_15981_, 85.84, 465.12, 1.79221
hold944, 85.84, 465.12, 1.79221
hold1019, 85.84, 465.12, 1.79221
FILLER_0_167_162, 85.84, 465.12, 1.79221
FILLER_0_167_179, 85.84, 465.12, 1.79221
_09251_, 98.64, 465.12, 1.79219
_09252_, 98.64, 465.12, 1.79219
_15015_, 98.64, 465.12, 1.79219
FILLER_0_166_197, 98.64, 465.12, 1.79219
FILLER_0_167_201, 98.64, 465.12, 1.79219
_13456_, 111.44, 465.12, 1.79218
_16103_, 111.44, 465.12, 1.79218
hold960, 111.44, 465.12, 1.79218
FILLER_0_166_225, 111.44, 465.12, 1.79218
FILLER_0_167_233, 111.44, 465.12, 1.79218
FILLER_0_167_241, 111.44, 465.12, 1.79218
_08002_, 124.24, 465.12, 1.79217
_16041_, 124.24, 465.12, 1.79217
hold966, 124.24, 465.12, 1.79217
FILLER_0_166_247, 124.24, 465.12, 1.79217
FILLER_0_166_253, 124.24, 465.12, 1.79217
FILLER_0_167_263, 124.24, 465.12, 1.79217
FILLER_0_168_270, 124.24, 465.12, 1.79217
_08004_, 137.04, 465.12, 1.79217
_10513_, 137.04, 465.12, 1.79217
FILLER_0_167_281, 137.04, 465.12, 1.79217
_10077_, 149.84, 465.12, 1.79218
_13459_, 149.84, 465.12, 1.79218
_13460_, 149.84, 465.12, 1.79218
_16105_, 149.84, 465.12, 1.79218
hold630, 149.84, 465.12, 1.79218
FILLER_0_166_304, 149.84, 465.12, 1.79218
FILLER_0_167_307, 149.84, 465.12, 1.79218
_08155_, 162.64, 465.12, 1.79219
_13469_, 162.64, 465.12, 1.79219
_16110_, 162.64, 465.12, 1.79219
FILLER_0_166_334, 162.64, 465.12, 1.79219
FILLER_0_168_343, 162.64, 465.12, 1.79219
_08314_, 188.24, 465.12, 1.79217
_10321_, 188.24, 465.12, 1.79217
_16109_, 188.24, 465.12, 1.79217
FILLER_0_168_399, 188.24, 465.12, 1.79217
_08367_, 201.04, 465.12, 1.79213
_10757_, 201.04, 465.12, 1.79213
_16107_, 201.04, 465.12, 1.79213
FILLER_0_166_421, 201.04, 465.12, 1.79213
FILLER_0_167_437, 201.04, 465.12, 1.79213
FILLER_0_168_430, 201.04, 465.12, 1.79213
_08259_, 213.84, 465.12, 1.79211
_10805_, 213.84, 465.12, 1.79211
_13463_, 213.84, 465.12, 1.79211
_13464_, 213.84, 465.12, 1.79211
hold804, 213.84, 465.12, 1.79211
FILLER_0_166_445, 213.84, 465.12, 1.79211
FILLER_0_167_445, 213.84, 465.12, 1.79211
FILLER_0_167_449, 213.84, 465.12, 1.79211
_07462_, 226.64, 465.12, 1.79209
_08206_, 226.64, 465.12, 1.79209
_08208_, 226.64, 465.12, 1.79209
_10941_, 226.64, 465.12, 1.79209
FILLER_0_166_467, 226.64, 465.12, 1.79209
_07882_, 239.44, 465.12, 1.79207
_13283_, 239.44, 465.12, 1.79207
_13366_, 239.44, 465.12, 1.79207
_13454_, 239.44, 465.12, 1.79207
_16026_, 239.44, 465.12, 1.79207
_16102_, 239.44, 465.12, 1.79207
FILLER_0_168_514, 239.44, 465.12, 1.79207
_13382_, 252.24, 465.12, 1.79207
_13401_, 252.24, 465.12, 1.79207
_13437_, 252.24, 465.12, 1.79207
_13452_, 252.24, 465.12, 1.79207
_16070_, 252.24, 465.12, 1.79207
_07941_, 265.04, 465.12, 1.79207
_13383_, 265.04, 465.12, 1.79207
_13450_, 265.04, 465.12, 1.79207
_13451_, 265.04, 465.12, 1.79207
FILLER_0_167_556, 265.04, 465.12, 1.79207
FILLER_0_167_561, 265.04, 465.12, 1.79207
_07886_, 277.84, 465.12, 1.79207
_13311_, 277.84, 465.12, 1.79207
_13380_, 277.84, 465.12, 1.79207
_16037_, 277.84, 465.12, 1.79207
FILLER_0_166_582, 277.84, 465.12, 1.79207
FILLER_0_167_579, 277.84, 465.12, 1.79207
_13304_, 290.64, 465.12, 1.79208
_13445_, 290.64, 465.12, 1.79208
_16066_, 290.64, 465.12, 1.79208
_16098_, 290.64, 465.12, 1.79208
hold1101, 290.64, 465.12, 1.79208
FILLER_0_167_617, 290.64, 465.12, 1.79208
FILLER_0_167_629, 290.64, 465.12, 1.79208
_13372_, 303.44, 465.12, 1.79209
_13374_, 303.44, 465.12, 1.79209
_13375_, 303.44, 465.12, 1.79209
_16065_, 303.44, 465.12, 1.79209
_16097_, 303.44, 465.12, 1.79209
hold1224, 303.44, 465.12, 1.79209
_13440_, 316.24, 465.12, 1.79211
_16096_, 316.24, 465.12, 1.79211
hold645, 316.24, 465.12, 1.79211
FILLER_0_166_671, 316.24, 465.12, 1.79211
FILLER_0_167_669, 316.24, 465.12, 1.79211
FILLER_0_167_673, 316.24, 465.12, 1.79211
_13376_, 341.84, 465.12, 1.79212
_13438_, 341.84, 465.12, 1.79212
_13439_, 341.84, 465.12, 1.79212
_13449_, 341.84, 465.12, 1.79212
_16095_, 341.84, 465.12, 1.79212
_16100_, 341.84, 465.12, 1.79212
FILLER_0_166_724, 341.84, 465.12, 1.79212
FILLER_0_167_729, 341.84, 465.12, 1.79212
_13368_, 354.64, 465.12, 1.79211
_13378_, 354.64, 465.12, 1.79211
_16063_, 354.64, 465.12, 1.79211
hold1144, 354.64, 465.12, 1.79211
_13249_, 367.44, 465.12, 1.7921
_13261_, 367.44, 465.12, 1.7921
_16019_, 367.44, 465.12, 1.7921
hold1500, 367.44, 465.12, 1.7921
hold1518, 367.44, 465.12, 1.7921
_13153_, 380.24, 465.12, 1.7921
_14598_, 380.24, 465.12, 1.7921
_15007_, 380.24, 465.12, 1.7921
_15973_, 380.24, 465.12, 1.7921
FILLER_0_166_805, 380.24, 465.12, 1.7921
FILLER_0_167_808, 380.24, 465.12, 1.7921
FILLER_0_167_816, 380.24, 465.12, 1.7921
FILLER_0_167_822, 380.24, 465.12, 1.7921
FILLER_0_168_825, 380.24, 465.12, 1.7921
_09234_, 393.04, 465.12, 1.79211
_09235_, 393.04, 465.12, 1.79211
_14597_, 393.04, 465.12, 1.79211
hold762, 393.04, 465.12, 1.79211
hold1240, 393.04, 465.12, 1.79211
FILLER_0_167_834, 393.04, 465.12, 1.79211
FILLER_0_167_850, 393.04, 465.12, 1.79211
_14593_, 405.84, 465.12, 1.79213
_14596_, 405.84, 465.12, 1.79213
hold1164, 405.84, 465.12, 1.79213
FILLER_0_166_869, 405.84, 465.12, 1.79213
_09232_, 418.64, 465.12, 1.79216
_15006_, 418.64, 465.12, 1.79216
FILLER_0_167_893, 418.64, 465.12, 1.79216
FILLER_0_168_905, 418.64, 465.12, 1.79216
_07433_, 431.44, 465.12, 1.79219
_09228_, 431.44, 465.12, 1.79219
hold1111, 431.44, 465.12, 1.79219
ANTENNA_16, 431.44, 465.12, 1.79219
ANTENNA_17, 431.44, 465.12, 1.79219
ANTENNA_18, 431.44, 465.12, 1.79219
FILLER_0_167_913, 431.44, 465.12, 1.79219
hold1396, 444.24, 465.12, 1.79223
FILLER_0_167_1001, 469.84, 465.12, 1.79231
PHY_328, 5.52, 459.68, 1.79246
PHY_330, 5.52, 459.68, 1.79246
_14617_, 34.64, 459.68, 1.79239
_16531_, 34.64, 459.68, 1.79239
FILLER_0_165_51, 34.64, 459.68, 1.79239
FILLER_0_165_69, 34.64, 459.68, 1.79239
FILLER_0_166_65, 34.64, 459.68, 1.79239
_12205_, 47.44, 459.68, 1.79233
_13172_, 47.44, 459.68, 1.79233
_15705_, 47.44, 459.68, 1.79233
_15982_, 47.44, 459.68, 1.79233
FILLER_0_165_94, 47.44, 459.68, 1.79233
_08446_, 60.24, 459.68, 1.79228
hold816, 60.24, 459.68, 1.79228
FILLER_0_165_107, 60.24, 459.68, 1.79228
_13159_, 73.04, 459.68, 1.79224
_15975_, 73.04, 459.68, 1.79224
hold1228, 73.04, 459.68, 1.79224
FILLER_0_164_141, 73.04, 459.68, 1.79224
FILLER_0_165_158, 73.04, 459.68, 1.79224
_10535_, 85.84, 459.68, 1.79221
_14614_, 85.84, 459.68, 1.79221
FILLER_0_166_177, 85.84, 459.68, 1.79221
_08393_, 98.64, 459.68, 1.79219
_10779_, 98.64, 459.68, 1.79219
_13169_, 98.64, 459.68, 1.79219
hold947, 98.64, 459.68, 1.79219
FILLER_0_164_197, 98.64, 459.68, 1.79219
_13317_, 111.44, 459.68, 1.79218
_13318_, 111.44, 459.68, 1.79218
_16040_, 111.44, 459.68, 1.79218
FILLER_0_165_240, 111.44, 459.68, 1.79218
_10440_, 124.24, 459.68, 1.79218
_13280_, 124.24, 459.68, 1.79218
_13320_, 124.24, 459.68, 1.79218
_16025_, 124.24, 459.68, 1.79218
hold1397, 124.24, 459.68, 1.79218
hold1505, 124.24, 459.68, 1.79218
FILLER_0_164_246, 124.24, 459.68, 1.79218
_08003_, 137.04, 459.68, 1.79218
_08101_, 137.04, 459.68, 1.79218
_08102_, 137.04, 459.68, 1.79218
hold1136, 137.04, 459.68, 1.79218
FILLER_0_164_277, 137.04, 459.68, 1.79218
FILLER_0_166_288, 137.04, 459.68, 1.79218
_08153_, 149.84, 459.68, 1.79219
_08154_, 149.84, 459.68, 1.79219
_08156_, 149.84, 459.68, 1.79219
_08158_, 149.84, 459.68, 1.79219
FILLER_0_165_306, 149.84, 459.68, 1.79219
FILLER_0_165_314, 149.84, 459.68, 1.79219
FILLER_0_165_322, 149.84, 459.68, 1.79219
_08419_, 162.64, 459.68, 1.7922
_08421_, 162.64, 459.68, 1.7922
_10228_, 162.64, 459.68, 1.7922
FILLER_0_165_331, 162.64, 459.68, 1.7922
FILLER_0_165_337, 162.64, 459.68, 1.7922
_08313_, 188.24, 459.68, 1.79216
_08315_, 188.24, 459.68, 1.79216
_08365_, 188.24, 459.68, 1.79216
FILLER_0_165_389, 188.24, 459.68, 1.79216
_08366_, 201.04, 459.68, 1.79212
_08368_, 201.04, 459.68, 1.79212
_13292_, 201.04, 459.68, 1.79212
clkbuf_leaf_66_clk, 201.04, 459.68, 1.79212
FILLER_0_164_413, 201.04, 459.68, 1.79212
FILLER_0_165_416, 201.04, 459.68, 1.79212
_07475_, 213.84, 459.68, 1.7921
_08260_, 213.84, 459.68, 1.7921
_08261_, 213.84, 459.68, 1.7921
_08262_, 213.84, 459.68, 1.7921
FILLER_0_165_455, 213.84, 459.68, 1.7921
_07496_, 226.64, 459.68, 1.79208
_07885_, 226.64, 459.68, 1.79208
_08207_, 226.64, 459.68, 1.79208
_08209_, 226.64, 459.68, 1.79208
FILLER_0_164_473, 226.64, 459.68, 1.79208
FILLER_0_166_489, 226.64, 459.68, 1.79208
_07476_, 239.44, 459.68, 1.79206
_13282_, 239.44, 459.68, 1.79206
hold1257, 239.44, 459.68, 1.79206
FILLER_0_165_498, 239.44, 459.68, 1.79206
_10386_, 252.24, 459.68, 1.79204
_13331_, 252.24, 459.68, 1.79204
_13436_, 252.24, 459.68, 1.79204
clkbuf_leaf_94_clk, 252.24, 459.68, 1.79204
FILLER_0_164_527, 252.24, 459.68, 1.79204
FILLER_0_165_531, 252.24, 459.68, 1.79204
_07883_, 265.04, 459.68, 1.79205
ANTENNA_67, 265.04, 459.68, 1.79205
_10989_, 277.84, 459.68, 1.79206
FILLER_0_164_582, 277.84, 459.68, 1.79206
FILLER_0_164_589, 277.84, 459.68, 1.79206
_10183_, 290.64, 459.68, 1.79208
_13444_, 290.64, 459.68, 1.79208
hold544, 290.64, 459.68, 1.79208
FILLER_0_164_611, 290.64, 459.68, 1.79208
FILLER_0_165_612, 290.64, 459.68, 1.79208
_13442_, 303.44, 459.68, 1.79209
_13443_, 303.44, 459.68, 1.79209
FILLER_0_164_638, 303.44, 459.68, 1.79209
FILLER_0_164_645, 303.44, 459.68, 1.79209
FILLER_0_165_635, 303.44, 459.68, 1.79209
FILLER_0_165_644, 303.44, 459.68, 1.79209
_13441_, 316.24, 459.68, 1.79211
_16064_, 316.24, 459.68, 1.79211
FILLER_0_164_674, 316.24, 459.68, 1.79211
FILLER_0_165_662, 316.24, 459.68, 1.79211
_13448_, 341.84, 459.68, 1.79209
FILLER_0_165_721, 341.84, 459.68, 1.79209
FILLER_0_165_729, 341.84, 459.68, 1.79209
FILLER_0_165_742, 341.84, 459.68, 1.79209
_13260_, 354.64, 459.68, 1.79204
_13369_, 354.64, 459.68, 1.79204
clkbuf_leaf_99_clk, 354.64, 459.68, 1.79204
FILLER_0_164_753, 354.64, 459.68, 1.79204
FILLER_0_165_750, 354.64, 459.68, 1.79204
FILLER_0_165_756, 354.64, 459.68, 1.79204
FILLER_0_166_766, 354.64, 459.68, 1.79204
_16015_, 367.44, 459.68, 1.79202
_16017_, 367.44, 459.68, 1.79202
hold1354, 367.44, 459.68, 1.79202
hold1475, 367.44, 459.68, 1.79202
_13255_, 380.24, 459.68, 1.792
_16522_, 380.24, 459.68, 1.792
FILLER_0_164_804, 380.24, 459.68, 1.792
FILLER_0_164_813, 380.24, 459.68, 1.792
FILLER_0_165_813, 380.24, 459.68, 1.792
_13148_, 393.04, 459.68, 1.79199
_13149_, 393.04, 459.68, 1.79199
_15971_, 393.04, 459.68, 1.79199
hold1341, 393.04, 459.68, 1.79199
FILLER_0_166_846, 393.04, 459.68, 1.79199
_13151_, 405.84, 459.68, 1.79199
_14594_, 405.84, 459.68, 1.79199
_15972_, 405.84, 459.68, 1.79199
_16521_, 405.84, 459.68, 1.79199
hold1481, 405.84, 459.68, 1.79199
FILLER_0_164_869, 405.84, 459.68, 1.79199
_09233_, 418.64, 459.68, 1.79201
_14595_, 418.64, 459.68, 1.79201
_16519_, 418.64, 459.68, 1.79201
hold1331, 418.64, 459.68, 1.79201
FILLER_0_165_905, 418.64, 459.68, 1.79201
FILLER_0_166_904, 418.64, 459.68, 1.79201
_09229_, 431.44, 459.68, 1.79204
_14591_, 431.44, 459.68, 1.79204
_15004_, 431.44, 459.68, 1.79204
_15970_, 431.44, 459.68, 1.79204
clkbuf_leaf_109_clk, 431.44, 459.68, 1.79204
FILLER_0_164_925, 431.44, 459.68, 1.79204
_13142_, 444.24, 459.68, 1.79211
_13143_, 444.24, 459.68, 1.79211
_15968_, 444.24, 459.68, 1.79211
FILLER_0_164_945, 444.24, 459.68, 1.79211
hold1092, 457.04, 459.68, 1.79218
hold1371, 457.04, 459.68, 1.79218
FILLER_0_165_1001, 469.84, 459.68, 1.79225
PHY_324, 5.52, 454.24, 1.79247
PHY_326, 5.52, 454.24, 1.79247
FILLER_0_163_51, 34.64, 454.24, 1.7924
FILLER_0_164_77, 34.64, 454.24, 1.7924
_10251_, 47.44, 454.24, 1.79233
_13161_, 47.44, 454.24, 1.79233
FILLER_0_163_105, 47.44, 454.24, 1.79233
_13157_, 60.24, 454.24, 1.79227
_13158_, 60.24, 454.24, 1.79227
clkbuf_leaf_54_clk, 60.24, 454.24, 1.79227
hold1083, 60.24, 454.24, 1.79227
FILLER_0_162_108, 60.24, 454.24, 1.79227
FILLER_0_164_122, 60.24, 454.24, 1.79227
_09239_, 73.04, 454.24, 1.79223
_09240_, 73.04, 454.24, 1.79223
_14602_, 73.04, 454.24, 1.79223
_14603_, 73.04, 454.24, 1.79223
_15009_, 73.04, 454.24, 1.79223
hold1120, 73.04, 454.24, 1.79223
FILLER_0_163_133, 73.04, 454.24, 1.79223
FILLER_0_163_160, 73.04, 454.24, 1.79223
_08128_, 85.84, 454.24, 1.79221
FILLER_0_162_170, 85.84, 454.24, 1.79221
FILLER_0_164_188, 85.84, 454.24, 1.79221
_09250_, 98.64, 454.24, 1.79219
_12201_, 98.64, 454.24, 1.79219
hold1008, 98.64, 454.24, 1.79219
FILLER_0_163_190, 98.64, 454.24, 1.79219
FILLER_0_163_207, 98.64, 454.24, 1.79219
_13277_, 111.44, 454.24, 1.79217
clkbuf_leaf_57_clk, 111.44, 454.24, 1.79217
hold1243, 111.44, 454.24, 1.79217
FILLER_0_162_230, 111.44, 454.24, 1.79217
FILLER_0_163_217, 111.44, 454.24, 1.79217
_13276_, 124.24, 454.24, 1.79218
_13279_, 124.24, 454.24, 1.79218
_13315_, 124.24, 454.24, 1.79218
_13319_, 124.24, 454.24, 1.79218
hold1363, 124.24, 454.24, 1.79218
_08006_, 137.04, 454.24, 1.7922
_08103_, 137.04, 454.24, 1.7922
_08104_, 137.04, 454.24, 1.7922
_08105_, 137.04, 454.24, 1.7922
_08108_, 137.04, 454.24, 1.7922
FILLER_0_163_275, 137.04, 454.24, 1.7922
FILLER_0_163_288, 137.04, 454.24, 1.7922
FILLER_0_164_299, 137.04, 454.24, 1.7922
_08157_, 149.84, 454.24, 1.79221
_08161_, 149.84, 454.24, 1.79221
_10079_, 149.84, 454.24, 1.79221
FILLER_0_162_301, 149.84, 454.24, 1.79221
FILLER_0_163_305, 149.84, 454.24, 1.79221
FILLER_0_163_318, 149.84, 454.24, 1.79221
_13329_, 162.64, 454.24, 1.79223
_16046_, 162.64, 454.24, 1.79223
hold610, 162.64, 454.24, 1.79223
hold800, 162.64, 454.24, 1.79223
FILLER_0_163_330, 162.64, 454.24, 1.79223
FILLER_0_163_354, 162.64, 454.24, 1.79223
_08001_, 188.24, 454.24, 1.79222
_08373_, 188.24, 454.24, 1.79222
_13325_, 188.24, 454.24, 1.79222
hold776, 188.24, 454.24, 1.79222
FILLER_0_163_401, 188.24, 454.24, 1.79222
_08369_, 201.04, 454.24, 1.79219
_08370_, 201.04, 454.24, 1.79219
_16029_, 201.04, 454.24, 1.79219
hold1154, 201.04, 454.24, 1.79219
FILLER_0_162_421, 201.04, 454.24, 1.79219
_08214_, 213.84, 454.24, 1.79217
_08264_, 213.84, 454.24, 1.79217
_08267_, 213.84, 454.24, 1.79217
_13324_, 213.84, 454.24, 1.79217
FILLER_0_162_442, 213.84, 454.24, 1.79217
FILLER_0_163_445, 213.84, 454.24, 1.79217
FILLER_0_163_462, 213.84, 454.24, 1.79217
FILLER_0_164_465, 213.84, 454.24, 1.79217
_08210_, 226.64, 454.24, 1.79215
_08211_, 226.64, 454.24, 1.79215
_13322_, 226.64, 454.24, 1.79215
_16042_, 226.64, 454.24, 1.79215
FILLER_0_162_470, 226.64, 454.24, 1.79215
FILLER_0_162_477, 226.64, 454.24, 1.79215
FILLER_0_163_480, 226.64, 454.24, 1.79215
FILLER_0_164_483, 226.64, 454.24, 1.79215
_07486_, 239.44, 454.24, 1.79213
_07888_, 239.44, 454.24, 1.79213
hold777, 239.44, 454.24, 1.79213
FILLER_0_163_500, 239.44, 454.24, 1.79213
_07939_, 252.24, 454.24, 1.79212
_13246_, 252.24, 454.24, 1.79212
_13247_, 252.24, 454.24, 1.79212
_13269_, 252.24, 454.24, 1.79212
_14584_, 252.24, 454.24, 1.79212
FILLER_0_162_529, 252.24, 454.24, 1.79212
FILLER_0_163_525, 252.24, 454.24, 1.79212
FILLER_0_163_539, 252.24, 454.24, 1.79212
FILLER_0_164_545, 252.24, 454.24, 1.79212
_07884_, 265.04, 454.24, 1.79211
_07940_, 265.04, 454.24, 1.79211
_07942_, 265.04, 454.24, 1.79211
_13270_, 265.04, 454.24, 1.79211
hold684, 265.04, 454.24, 1.79211
hold952, 265.04, 454.24, 1.79211
FILLER_0_163_553, 265.04, 454.24, 1.79211
FILLER_0_164_571, 265.04, 454.24, 1.79211
_07887_, 277.84, 454.24, 1.79209
_07889_, 277.84, 454.24, 1.79209
_07890_, 277.84, 454.24, 1.79209
_13266_, 277.84, 454.24, 1.79209
_16021_, 277.84, 454.24, 1.79209
hold577, 277.84, 454.24, 1.79209
_07721_, 290.64, 454.24, 1.79209
_07722_, 290.64, 454.24, 1.79209
_07725_, 290.64, 454.24, 1.79209
_07726_, 290.64, 454.24, 1.79209
_13267_, 290.64, 454.24, 1.79209
clkbuf_leaf_96_clk, 290.64, 454.24, 1.79209
FILLER_0_163_609, 290.64, 454.24, 1.79209
FILLER_0_163_617, 290.64, 454.24, 1.79209
_07658_, 303.44, 454.24, 1.7921
_07723_, 303.44, 454.24, 1.7921
_10568_, 303.44, 454.24, 1.7921
FILLER_0_162_638, 303.44, 454.24, 1.7921
FILLER_0_163_644, 303.44, 454.24, 1.7921
_07604_, 316.24, 454.24, 1.79212
_13251_, 316.24, 454.24, 1.79212
_16016_, 316.24, 454.24, 1.79212
hold1464, 316.24, 454.24, 1.79212
_07829_, 341.84, 454.24, 1.79211
_07832_, 341.84, 454.24, 1.79211
_07834_, 341.84, 454.24, 1.79211
FILLER_0_162_719, 341.84, 454.24, 1.79211
FILLER_0_163_729, 341.84, 454.24, 1.79211
FILLER_0_164_745, 341.84, 454.24, 1.79211
_07831_, 354.64, 454.24, 1.79207
_07833_, 354.64, 454.24, 1.79207
FILLER_0_163_767, 354.64, 454.24, 1.79207
_09944_, 367.44, 454.24, 1.79204
_13248_, 367.44, 454.24, 1.79204
_13254_, 367.44, 454.24, 1.79204
clkbuf_leaf_106_clk, 367.44, 454.24, 1.79204
hold576, 367.44, 454.24, 1.79204
FILLER_0_162_781, 367.44, 454.24, 1.79204
FILLER_0_163_794, 367.44, 454.24, 1.79204
_13152_, 380.24, 454.24, 1.79204
FILLER_0_162_805, 380.24, 454.24, 1.79204
FILLER_0_162_813, 380.24, 454.24, 1.79204
_12186_, 393.04, 454.24, 1.79203
_16520_, 393.04, 454.24, 1.79203
hold937, 393.04, 454.24, 1.79203
FILLER_0_163_831, 393.04, 454.24, 1.79203
_12184_, 405.84, 454.24, 1.79204
_13150_, 405.84, 454.24, 1.79204
hold1182, 405.84, 454.24, 1.79204
FILLER_0_162_869, 405.84, 454.24, 1.79204
FILLER_0_163_871, 405.84, 454.24, 1.79204
_07857_, 418.64, 454.24, 1.79205
_09978_, 418.64, 454.24, 1.79205
hold1074, 418.64, 454.24, 1.79205
FILLER_0_163_890, 418.64, 454.24, 1.79205
FILLER_0_163_905, 418.64, 454.24, 1.79205
_10176_, 431.44, 454.24, 1.79209
_12180_, 431.44, 454.24, 1.79209
_12181_, 431.44, 454.24, 1.79209
_13146_, 431.44, 454.24, 1.79209
_15693_, 431.44, 454.24, 1.79209
hold1007, 431.44, 454.24, 1.79209
hold1241, 431.44, 454.24, 1.79209
_14587_, 444.24, 454.24, 1.79214
_14588_, 444.24, 454.24, 1.79214
_16517_, 444.24, 454.24, 1.79214
FILLER_0_162_953, 444.24, 454.24, 1.79214
FILLER_0_163_945, 444.24, 454.24, 1.79214
FILLER_0_163_953, 444.24, 454.24, 1.79214
_12177_, 457.04, 454.24, 1.79221
FILLER_0_162_971, 457.04, 454.24, 1.79221
PHY_320, 5.52, 448.8, 1.79245
PHY_322, 5.52, 448.8, 1.79245
input16, 5.52, 448.8, 1.79245
_14607_, 34.64, 448.8, 1.79233
_16526_, 34.64, 448.8, 1.79233
clkbuf_leaf_53_clk, 34.64, 448.8, 1.79233
hold1244, 34.64, 448.8, 1.79233
FILLER_0_160_53, 34.64, 448.8, 1.79233
FILLER_0_161_57, 34.64, 448.8, 1.79233
FILLER_0_162_65, 34.64, 448.8, 1.79233
FILLER_0_162_72, 34.64, 448.8, 1.79233
_12195_, 47.44, 448.8, 1.79224
_12196_, 47.44, 448.8, 1.79224
_15700_, 47.44, 448.8, 1.79224
_15977_, 47.44, 448.8, 1.79224
hold941, 47.44, 448.8, 1.79224
_09244_, 60.24, 448.8, 1.79216
_15011_, 60.24, 448.8, 1.79216
_16524_, 60.24, 448.8, 1.79216
_10470_, 73.04, 448.8, 1.7921
_12192_, 73.04, 448.8, 1.7921
clkbuf_leaf_55_clk, 73.04, 448.8, 1.7921
hold774, 73.04, 448.8, 1.7921
_12202_, 85.84, 448.8, 1.79208
_14613_, 85.84, 448.8, 1.79208
_15703_, 85.84, 448.8, 1.79208
_16529_, 85.84, 448.8, 1.79208
FILLER_0_160_167, 85.84, 448.8, 1.79208
FILLER_0_161_169, 85.84, 448.8, 1.79208
_08340_, 98.64, 448.8, 1.79206
_13167_, 98.64, 448.8, 1.79206
_13168_, 98.64, 448.8, 1.79206
_15014_, 98.64, 448.8, 1.79206
_15980_, 98.64, 448.8, 1.79206
FILLER_0_162_206, 98.64, 448.8, 1.79206
_09249_, 111.44, 448.8, 1.79207
_13316_, 111.44, 448.8, 1.79207
_16023_, 111.44, 448.8, 1.79207
_16024_, 111.44, 448.8, 1.79207
FILLER_0_161_234, 111.44, 448.8, 1.79207
_13273_, 124.24, 448.8, 1.79208
_13274_, 124.24, 448.8, 1.79208
_16039_, 124.24, 448.8, 1.79208
hold1550, 124.24, 448.8, 1.79208
FILLER_0_162_262, 124.24, 448.8, 1.79208
_08008_, 137.04, 448.8, 1.7921
_08009_, 137.04, 448.8, 1.7921
_08014_, 137.04, 448.8, 1.7921
_10514_, 137.04, 448.8, 1.7921
clkbuf_leaf_63_clk, 137.04, 448.8, 1.7921
FILLER_0_161_281, 137.04, 448.8, 1.7921
_08013_, 149.84, 448.8, 1.79214
_08107_, 149.84, 448.8, 1.79214
_08160_, 149.84, 448.8, 1.79214
_16030_, 149.84, 448.8, 1.79214
FILLER_0_161_306, 149.84, 448.8, 1.79214
FILLER_0_161_314, 149.84, 448.8, 1.79214
FILLER_0_161_322, 149.84, 448.8, 1.79214
FILLER_0_162_318, 149.84, 448.8, 1.79214
_08422_, 162.64, 448.8, 1.79218
_10229_, 162.64, 448.8, 1.79218
_13294_, 162.64, 448.8, 1.79218
_13295_, 162.64, 448.8, 1.79218
_13330_, 162.64, 448.8, 1.79218
_08316_, 188.24, 448.8, 1.79218
_16028_, 188.24, 448.8, 1.79218
_16044_, 188.24, 448.8, 1.79218
hold826, 188.24, 448.8, 1.79218
FILLER_0_162_407, 188.24, 448.8, 1.79218
_07660_, 201.04, 448.8, 1.79215
_08372_, 201.04, 448.8, 1.79215
_13291_, 201.04, 448.8, 1.79215
_13327_, 201.04, 448.8, 1.79215
_16045_, 201.04, 448.8, 1.79215
hold860, 201.04, 448.8, 1.79215
FILLER_0_161_423, 201.04, 448.8, 1.79215
_08007_, 213.84, 448.8, 1.79211
_08263_, 213.84, 448.8, 1.79211
_13285_, 213.84, 448.8, 1.79211
_13323_, 213.84, 448.8, 1.79211
_16043_, 213.84, 448.8, 1.79211
FILLER_0_160_439, 213.84, 448.8, 1.79211
FILLER_0_161_443, 213.84, 448.8, 1.79211
_07490_, 226.64, 448.8, 1.79209
_10942_, 226.64, 448.8, 1.79209
_13321_, 226.64, 448.8, 1.79209
hold898, 226.64, 448.8, 1.79209
FILLER_0_160_470, 226.64, 448.8, 1.79209
FILLER_0_160_477, 226.64, 448.8, 1.79209
FILLER_0_161_483, 226.64, 448.8, 1.79209
_13156_, 239.44, 448.8, 1.79206
_13272_, 239.44, 448.8, 1.79206
_13296_, 239.44, 448.8, 1.79206
_13314_, 239.44, 448.8, 1.79206
_14611_, 239.44, 448.8, 1.79206
_16528_, 239.44, 448.8, 1.79206
_13139_, 252.24, 448.8, 1.79205
_13297_, 252.24, 448.8, 1.79205
_13313_, 252.24, 448.8, 1.79205
_16022_, 252.24, 448.8, 1.79205
_16038_, 252.24, 448.8, 1.79205
hold1532, 252.24, 448.8, 1.79205
_07943_, 265.04, 448.8, 1.79204
_07944_, 265.04, 448.8, 1.79204
_07947_, 265.04, 448.8, 1.79204
_10387_, 265.04, 448.8, 1.79204
FILLER_0_162_578, 265.04, 448.8, 1.79204
_07485_, 277.84, 448.8, 1.79204
_07894_, 277.84, 448.8, 1.79204
_10990_, 277.84, 448.8, 1.79204
FILLER_0_160_589, 277.84, 448.8, 1.79204
FILLER_0_161_588, 277.84, 448.8, 1.79204
FILLER_0_162_604, 277.84, 448.8, 1.79204
_07724_, 290.64, 448.8, 1.79205
_07729_, 290.64, 448.8, 1.79205
_10185_, 290.64, 448.8, 1.79205
FILLER_0_161_617, 290.64, 448.8, 1.79205
FILLER_0_161_631, 290.64, 448.8, 1.79205
_07659_, 303.44, 448.8, 1.79205
_07661_, 303.44, 448.8, 1.79205
_07662_, 303.44, 448.8, 1.79205
_10182_, 303.44, 448.8, 1.79205
clkbuf_leaf_97_clk, 303.44, 448.8, 1.79205
FILLER_0_160_645, 303.44, 448.8, 1.79205
FILLER_0_161_648, 303.44, 448.8, 1.79205
_07605_, 316.24, 448.8, 1.79208
_07606_, 316.24, 448.8, 1.79208
_07607_, 316.24, 448.8, 1.79208
_07608_, 316.24, 448.8, 1.79208
_07609_, 316.24, 448.8, 1.79208
_07664_, 316.24, 448.8, 1.79208
_10877_, 316.24, 448.8, 1.79208
_13252_, 316.24, 448.8, 1.79208
FILLER_0_161_668, 316.24, 448.8, 1.79208
_07487_, 341.84, 448.8, 1.79204
_07488_, 341.84, 448.8, 1.79204
_07493_, 341.84, 448.8, 1.79204
_07830_, 341.84, 448.8, 1.79204
_07837_, 341.84, 448.8, 1.79204
_09941_, 341.84, 448.8, 1.79204
FILLER_0_160_720, 341.84, 448.8, 1.79204
FILLER_0_162_739, 341.84, 448.8, 1.79204
_07491_, 354.64, 448.8, 1.79198
_13299_, 354.64, 448.8, 1.79198
FILLER_0_160_757, 354.64, 448.8, 1.79198
FILLER_0_161_766, 354.64, 448.8, 1.79198
_09940_, 367.44, 448.8, 1.79192
_13298_, 367.44, 448.8, 1.79192
FILLER_0_161_785, 367.44, 448.8, 1.79192
FILLER_0_161_799, 367.44, 448.8, 1.79192
_07914_, 380.24, 448.8, 1.79187
_09939_, 380.24, 448.8, 1.79187
_13154_, 380.24, 448.8, 1.79187
_14599_, 380.24, 448.8, 1.79187
_14600_, 380.24, 448.8, 1.79187
_16523_, 380.24, 448.8, 1.79187
hold1447, 380.24, 448.8, 1.79187
FILLER_0_162_821, 380.24, 448.8, 1.79187
_11026_, 393.04, 448.8, 1.79186
_12187_, 393.04, 448.8, 1.79186
_15696_, 393.04, 448.8, 1.79186
FILLER_0_160_841, 393.04, 448.8, 1.79186
FILLER_0_161_834, 393.04, 448.8, 1.79186
_09230_, 405.84, 448.8, 1.79187
_09963_, 405.84, 448.8, 1.79187
_12185_, 405.84, 448.8, 1.79187
_15005_, 405.84, 448.8, 1.79187
_15695_, 405.84, 448.8, 1.79187
hold932, 405.84, 448.8, 1.79187
FILLER_0_161_874, 405.84, 448.8, 1.79187
_09924_, 418.64, 448.8, 1.7919
_13141_, 418.64, 448.8, 1.7919
clkbuf_leaf_108_clk, 418.64, 448.8, 1.7919
_07749_, 431.44, 448.8, 1.79197
FILLER_0_161_917, 431.44, 448.8, 1.79197
_13145_, 444.24, 448.8, 1.79205
_14589_, 444.24, 448.8, 1.79205
_14590_, 444.24, 448.8, 1.79205
_16518_, 444.24, 448.8, 1.79205
hold1460, 444.24, 448.8, 1.79205
FILLER_0_162_964, 444.24, 448.8, 1.79205
_15691_, 457.04, 448.8, 1.79214
hold700, 457.04, 448.8, 1.79214
hold1236, 457.04, 448.8, 1.79214
FILLER_0_160_972, 457.04, 448.8, 1.79214
FILLER_0_161_1005, 469.84, 448.8, 1.79224
PHY_316, 5.52, 443.36, 1.79253
PHY_318, 5.52, 443.36, 1.79253
_14606_, 34.64, 443.36, 1.79249
FILLER_0_159_51, 34.64, 443.36, 1.79249
_08181_, 47.44, 443.36, 1.79244
_13162_, 47.44, 443.36, 1.79244
hold1242, 47.44, 443.36, 1.79244
FILLER_0_158_85, 47.44, 443.36, 1.79244
FILLER_0_159_104, 47.44, 443.36, 1.79244
FILLER_0_160_101, 47.44, 443.36, 1.79244
_09243_, 60.24, 443.36, 1.79241
_08057_, 73.04, 443.36, 1.79237
_12191_, 73.04, 443.36, 1.79237
_15698_, 73.04, 443.36, 1.79237
_08853_, 85.84, 443.36, 1.79235
_14612_, 85.84, 443.36, 1.79235
hold1233, 85.84, 443.36, 1.79235
FILLER_0_158_165, 85.84, 443.36, 1.79235
FILLER_0_159_165, 85.84, 443.36, 1.79235
_10272_, 98.64, 443.36, 1.79233
hold929, 98.64, 443.36, 1.79233
FILLER_0_159_214, 98.64, 443.36, 1.79233
FILLER_0_160_209, 98.64, 443.36, 1.79233
_15991_, 124.24, 443.36, 1.7923
hold1338, 124.24, 443.36, 1.7923
FILLER_0_158_245, 124.24, 443.36, 1.7923
FILLER_0_159_261, 124.24, 443.36, 1.7923
_08010_, 137.04, 443.36, 1.79229
_08012_, 137.04, 443.36, 1.79229
_13195_, 137.04, 443.36, 1.79229
hold1346, 137.04, 443.36, 1.79229
hold1357, 137.04, 443.36, 1.79229
FILLER_0_158_275, 137.04, 443.36, 1.79229
FILLER_0_159_291, 137.04, 443.36, 1.79229
FILLER_0_160_290, 137.04, 443.36, 1.79229
_13199_, 149.84, 443.36, 1.79229
hold753, 149.84, 443.36, 1.79229
hold768, 149.84, 443.36, 1.79229
FILLER_0_158_309, 149.84, 443.36, 1.79229
FILLER_0_159_307, 149.84, 443.36, 1.79229
_08011_, 162.64, 443.36, 1.79228
_08159_, 162.64, 443.36, 1.79228
FILLER_0_159_349, 162.64, 443.36, 1.79228
_07489_, 188.24, 443.36, 1.79222
_10323_, 188.24, 443.36, 1.79222
_13289_, 188.24, 443.36, 1.79222
_13326_, 188.24, 443.36, 1.79222
FILLER_0_159_405, 188.24, 443.36, 1.79222
_07665_, 201.04, 443.36, 1.79217
_08371_, 201.04, 443.36, 1.79217
_10057_, 201.04, 443.36, 1.79217
_13328_, 201.04, 443.36, 1.79217
FILLER_0_158_421, 201.04, 443.36, 1.79217
FILLER_0_159_432, 201.04, 443.36, 1.79217
_08266_, 213.84, 443.36, 1.79213
_10806_, 213.84, 443.36, 1.79213
_13286_, 213.84, 443.36, 1.79213
_16027_, 213.84, 443.36, 1.79213
hold772, 213.84, 443.36, 1.79213
_07495_, 226.64, 443.36, 1.79209
_07891_, 226.64, 443.36, 1.79209
_08213_, 226.64, 443.36, 1.79209
_15979_, 226.64, 443.36, 1.79209
clkbuf_leaf_68_clk, 226.64, 443.36, 1.79209
FILLER_0_158_473, 226.64, 443.36, 1.79209
_14583_, 239.44, 443.36, 1.79209
_14601_, 239.44, 443.36, 1.79209
_14610_, 239.44, 443.36, 1.79209
hold854, 239.44, 443.36, 1.79209
hold1254, 239.44, 443.36, 1.79209
FILLER_0_159_501, 239.44, 443.36, 1.79209
FILLER_0_159_513, 239.44, 443.36, 1.79209
_09248_, 252.24, 443.36, 1.7921
_13138_, 252.24, 443.36, 1.7921
_13312_, 252.24, 443.36, 1.7921
FILLER_0_158_529, 252.24, 443.36, 1.7921
FILLER_0_160_539, 252.24, 443.36, 1.7921
_07893_, 265.04, 443.36, 1.7921
_07946_, 265.04, 443.36, 1.7921
ANTENNA_41, 265.04, 443.36, 1.7921
FILLER_0_158_557, 265.04, 443.36, 1.7921
FILLER_0_159_561, 265.04, 443.36, 1.7921
FILLER_0_159_574, 265.04, 443.36, 1.7921
_07503_, 277.84, 443.36, 1.79211
hold722, 277.84, 443.36, 1.79211
_07728_, 290.64, 443.36, 1.79212
_10184_, 290.64, 443.36, 1.79212
_10186_, 290.64, 443.36, 1.79212
FILLER_0_159_607, 290.64, 443.36, 1.79212
FILLER_0_159_617, 290.64, 443.36, 1.79212
_07667_, 303.44, 443.36, 1.79213
_07668_, 303.44, 443.36, 1.79213
FILLER_0_158_638, 303.44, 443.36, 1.79213
FILLER_0_158_645, 303.44, 443.36, 1.79213
FILLER_0_159_653, 303.44, 443.36, 1.79213
_07612_, 316.24, 443.36, 1.79215
hold1288, 316.24, 443.36, 1.79215
FILLER_0_158_674, 316.24, 443.36, 1.79215
FILLER_0_159_663, 316.24, 443.36, 1.79215
_07498_, 341.84, 443.36, 1.79212
_07501_, 341.84, 443.36, 1.79212
_07504_, 341.84, 443.36, 1.79212
FILLER_0_159_741, 341.84, 443.36, 1.79212
FILLER_0_160_741, 341.84, 443.36, 1.79212
_07779_, 354.64, 443.36, 1.79208
_10628_, 354.64, 443.36, 1.79208
_16031_, 354.64, 443.36, 1.79208
FILLER_0_158_751, 354.64, 443.36, 1.79208
FILLER_0_159_767, 354.64, 443.36, 1.79208
_07497_, 367.44, 443.36, 1.79204
_07663_, 367.44, 443.36, 1.79204
_10503_, 367.44, 443.36, 1.79204
_10630_, 367.44, 443.36, 1.79204
_13155_, 367.44, 443.36, 1.79204
FILLER_0_160_797, 367.44, 443.36, 1.79204
_09237_, 380.24, 443.36, 1.79203
_15974_, 380.24, 443.36, 1.79203
hold1109, 380.24, 443.36, 1.79203
FILLER_0_158_804, 380.24, 443.36, 1.79203
_12182_, 393.04, 443.36, 1.79203
_12183_, 393.04, 443.36, 1.79203
_15694_, 393.04, 443.36, 1.79203
FILLER_0_158_841, 393.04, 443.36, 1.79203
FILLER_0_159_831, 393.04, 443.36, 1.79203
FILLER_0_159_841, 393.04, 443.36, 1.79203
_09231_, 405.84, 443.36, 1.79203
hold1125, 405.84, 443.36, 1.79203
FILLER_0_159_879, 405.84, 443.36, 1.79203
_09922_, 418.64, 443.36, 1.79204
_14586_, 418.64, 443.36, 1.79204
_15967_, 418.64, 443.36, 1.79204
_16516_, 418.64, 443.36, 1.79204
FILLER_0_158_893, 418.64, 443.36, 1.79204
FILLER_0_160_900, 418.64, 443.36, 1.79204
_10175_, 431.44, 443.36, 1.79209
_14585_, 431.44, 443.36, 1.79209
_15969_, 431.44, 443.36, 1.79209
hold1291, 431.44, 443.36, 1.79209
FILLER_0_158_916, 431.44, 443.36, 1.79209
FILLER_0_159_930, 431.44, 443.36, 1.79209
FILLER_0_159_938, 431.44, 443.36, 1.79209
_09224_, 444.24, 443.36, 1.79215
_12176_, 444.24, 443.36, 1.79215
_13144_, 444.24, 443.36, 1.79215
hold688, 444.24, 443.36, 1.79215
hold1336, 444.24, 443.36, 1.79215
FILLER_0_158_945, 444.24, 443.36, 1.79215
FILLER_0_159_961, 444.24, 443.36, 1.79215
_09225_, 457.04, 443.36, 1.79222
_15002_, 457.04, 443.36, 1.79222
FILLER_0_158_968, 457.04, 443.36, 1.79222
FILLER_0_159_1004, 469.84, 443.36, 1.7923
PHY_312, 5.52, 437.92, 1.79251
PHY_314, 5.52, 437.92, 1.79251
_16527_, 34.64, 437.92, 1.79241
hold1006, 34.64, 437.92, 1.79241
FILLER_0_157_51, 34.64, 437.92, 1.79241
FILLER_0_157_57, 34.64, 437.92, 1.79241
FILLER_0_157_76, 34.64, 437.92, 1.79241
FILLER_0_158_65, 34.64, 437.92, 1.79241
_10109_, 47.44, 437.92, 1.79232
_12197_, 47.44, 437.92, 1.79232
_12198_, 47.44, 437.92, 1.79232
_13163_, 47.44, 437.92, 1.79232
_13164_, 47.44, 437.92, 1.79232
_15978_, 47.44, 437.92, 1.79232
hold1135, 47.44, 437.92, 1.79232
hold1210, 47.44, 437.92, 1.79232
_08447_, 60.24, 437.92, 1.79225
_10963_, 60.24, 437.92, 1.79225
_15012_, 60.24, 437.92, 1.79225
hold1204, 60.24, 437.92, 1.79225
FILLER_0_157_109, 60.24, 437.92, 1.79225
FILLER_0_158_122, 60.24, 437.92, 1.79225
FILLER_0_158_132, 60.24, 437.92, 1.79225
_08058_, 73.04, 437.92, 1.7922
_08182_, 73.04, 437.92, 1.7922
_08851_, 73.04, 437.92, 1.7922
hold845, 73.04, 437.92, 1.7922
FILLER_0_156_137, 73.04, 437.92, 1.7922
FILLER_0_156_144, 73.04, 437.92, 1.7922
FILLER_0_157_142, 73.04, 437.92, 1.7922
FILLER_0_157_155, 73.04, 437.92, 1.7922
_08854_, 85.84, 437.92, 1.79215
_13528_, 85.84, 437.92, 1.79215
_14850_, 85.84, 437.92, 1.79215
_16136_, 85.84, 437.92, 1.79215
hold1430, 85.84, 437.92, 1.79215
hold1434, 85.84, 437.92, 1.79215
FILLER_0_158_186, 85.84, 437.92, 1.79215
_08129_, 98.64, 437.92, 1.79212
_08869_, 98.64, 437.92, 1.79212
_13538_, 98.64, 437.92, 1.79212
_14855_, 98.64, 437.92, 1.79212
_16141_, 98.64, 437.92, 1.79212
hold1510, 98.64, 437.92, 1.79212
FILLER_0_156_190, 98.64, 437.92, 1.79212
_08341_, 111.44, 437.92, 1.79211
_08394_, 111.44, 437.92, 1.79211
_08728_, 111.44, 437.92, 1.79211
_13137_, 111.44, 437.92, 1.79211
FILLER_0_157_228, 111.44, 437.92, 1.79211
_13057_, 124.24, 437.92, 1.79213
_16007_, 124.24, 437.92, 1.79213
hold1004, 124.24, 437.92, 1.79213
FILLER_0_157_258, 124.24, 437.92, 1.79213
FILLER_0_158_265, 124.24, 437.92, 1.79213
_08106_, 137.04, 437.92, 1.79214
_13194_, 137.04, 437.92, 1.79214
_13229_, 137.04, 437.92, 1.79214
_13230_, 137.04, 437.92, 1.79214
_15992_, 137.04, 437.92, 1.79214
FILLER_0_156_285, 137.04, 437.92, 1.79214
_13198_, 149.84, 437.92, 1.79216
_15993_, 149.84, 437.92, 1.79216
_16009_, 149.84, 437.92, 1.79216
clkbuf_leaf_62_clk, 149.84, 437.92, 1.79216
FILLER_0_156_309, 149.84, 437.92, 1.79216
FILLER_0_157_308, 149.84, 437.92, 1.79216
_10233_, 162.64, 437.92, 1.79222
_13233_, 162.64, 437.92, 1.79222
_13234_, 162.64, 437.92, 1.79222
hold1095, 162.64, 437.92, 1.79222
FILLER_0_158_353, 162.64, 437.92, 1.79222
_08318_, 188.24, 437.92, 1.79223
hold499, 188.24, 437.92, 1.79223
FILLER_0_158_401, 188.24, 437.92, 1.79223
FILLER_0_158_409, 188.24, 437.92, 1.79223
_10758_, 201.04, 437.92, 1.79219
_13241_, 201.04, 437.92, 1.79219
FILLER_0_156_412, 201.04, 437.92, 1.79219
FILLER_0_157_437, 201.04, 437.92, 1.79219
FILLER_0_156_450, 213.84, 437.92, 1.79215
FILLER_0_157_445, 213.84, 437.92, 1.79215
FILLER_0_158_465, 213.84, 437.92, 1.79215
_08212_, 226.64, 437.92, 1.79211
_13165_, 226.64, 437.92, 1.79211
_13166_, 226.64, 437.92, 1.79211
hold1456, 226.64, 437.92, 1.79211
FILLER_0_157_473, 226.64, 437.92, 1.79211
FILLER_0_158_483, 226.64, 437.92, 1.79211
_08287_, 239.44, 437.92, 1.79208
_09247_, 239.44, 437.92, 1.79208
_12200_, 239.44, 437.92, 1.79208
_15013_, 239.44, 437.92, 1.79208
_15702_, 239.44, 437.92, 1.79208
FILLER_0_156_495, 239.44, 437.92, 1.79208
FILLER_0_157_498, 239.44, 437.92, 1.79208
_09221_, 252.24, 437.92, 1.79206
_12173_, 252.24, 437.92, 1.79206
FILLER_0_156_527, 252.24, 437.92, 1.79206
FILLER_0_157_537, 252.24, 437.92, 1.79206
_07492_, 265.04, 437.92, 1.79205
_07500_, 265.04, 437.92, 1.79205
_07892_, 265.04, 437.92, 1.79205
_07945_, 265.04, 437.92, 1.79205
_13190_, 265.04, 437.92, 1.79205
_15989_, 265.04, 437.92, 1.79205
hold942, 265.04, 437.92, 1.79205
_10294_, 277.84, 437.92, 1.79205
_10992_, 277.84, 437.92, 1.79205
_15986_, 277.84, 437.92, 1.79205
_16002_, 277.84, 437.92, 1.79205
FILLER_0_156_584, 277.84, 437.92, 1.79205
FILLER_0_157_587, 277.84, 437.92, 1.79205
FILLER_0_158_597, 277.84, 437.92, 1.79205
_07727_, 290.64, 437.92, 1.79208
_13183_, 290.64, 437.92, 1.79208
_13218_, 290.64, 437.92, 1.79208
_13219_, 290.64, 437.92, 1.79208
hold936, 290.64, 437.92, 1.79208
hold1269, 290.64, 437.92, 1.79208
_13184_, 303.44, 437.92, 1.79211
_13185_, 303.44, 437.92, 1.79211
_13186_, 303.44, 437.92, 1.79211
_15987_, 303.44, 437.92, 1.79211
FILLER_0_157_649, 303.44, 437.92, 1.79211
_07610_, 316.24, 437.92, 1.79215
_07611_, 316.24, 437.92, 1.79215
_10880_, 316.24, 437.92, 1.79215
FILLER_0_156_668, 316.24, 437.92, 1.79215
FILLER_0_157_666, 316.24, 437.92, 1.79215
FILLER_0_157_685, 316.24, 437.92, 1.79215
_07499_, 341.84, 437.92, 1.79216
_07835_, 341.84, 437.92, 1.79216
_13222_, 341.84, 437.92, 1.79216
FILLER_0_157_724, 341.84, 437.92, 1.79216
FILLER_0_157_740, 341.84, 437.92, 1.79216
_07455_, 354.64, 437.92, 1.79213
_07502_, 354.64, 437.92, 1.79213
_13178_, 354.64, 437.92, 1.79213
_13213_, 354.64, 437.92, 1.79213
_13306_, 354.64, 437.92, 1.79213
hold770, 354.64, 437.92, 1.79213
hold1435, 354.64, 437.92, 1.79213
hold1497, 354.64, 437.92, 1.79213
_09928_, 367.44, 437.92, 1.7921
_12188_, 367.44, 437.92, 1.7921
_12189_, 367.44, 437.92, 1.7921
_13307_, 367.44, 437.92, 1.7921
hold1076, 367.44, 437.92, 1.7921
FILLER_0_157_781, 367.44, 437.92, 1.7921
FILLER_0_157_793, 367.44, 437.92, 1.7921
_07968_, 380.24, 437.92, 1.7921
_09236_, 380.24, 437.92, 1.7921
_15008_, 380.24, 437.92, 1.7921
hold761, 380.24, 437.92, 1.7921
FILLER_0_157_816, 380.24, 437.92, 1.7921
FILLER_0_157_824, 380.24, 437.92, 1.7921
_07804_, 393.04, 437.92, 1.79211
_10709_, 393.04, 437.92, 1.79211
hold954, 393.04, 437.92, 1.79211
FILLER_0_156_834, 393.04, 437.92, 1.79211
FILLER_0_157_836, 393.04, 437.92, 1.79211
FILLER_0_157_849, 393.04, 437.92, 1.79211
_07805_, 405.84, 437.92, 1.79214
FILLER_0_156_869, 405.84, 437.92, 1.79214
_07858_, 418.64, 437.92, 1.79216
_12174_, 418.64, 437.92, 1.79216
_12175_, 418.64, 437.92, 1.79216
_13140_, 418.64, 437.92, 1.79216
hold1163, 418.64, 437.92, 1.79216
FILLER_0_157_886, 418.64, 437.92, 1.79216
FILLER_0_157_893, 418.64, 437.92, 1.79216
_09222_, 431.44, 437.92, 1.7922
_12179_, 431.44, 437.92, 1.7922
FILLER_0_156_925, 431.44, 437.92, 1.7922
FILLER_0_157_933, 431.44, 437.92, 1.7922
FILLER_0_158_937, 431.44, 437.92, 1.7922
_07632_, 444.24, 437.92, 1.79223
_12178_, 444.24, 437.92, 1.79223
FILLER_0_157_949, 444.24, 437.92, 1.79223
FILLER_0_157_953, 444.24, 437.92, 1.79223
_10891_, 457.04, 437.92, 1.79227
clkbuf_leaf_110_clk, 457.04, 437.92, 1.79227
FILLER_0_156_971, 457.04, 437.92, 1.79227
ANTENNA_19, 469.84, 437.92, 1.79234
FILLER_0_157_999, 469.84, 437.92, 1.79234
FILLER_0_158_1017, 469.84, 437.92, 1.79234
PHY_308, 5.52, 432.48, 1.79256
PHY_310, 5.52, 432.48, 1.79256
_14608_, 34.64, 432.48, 1.79248
_14609_, 34.64, 432.48, 1.79248
_16142_, 34.64, 432.48, 1.79248
FILLER_0_155_51, 34.64, 432.48, 1.79248
_09246_, 47.44, 432.48, 1.79241
_15701_, 47.44, 432.48, 1.79241
FILLER_0_156_101, 47.44, 432.48, 1.79241
_08234_, 60.24, 432.48, 1.79234
_09245_, 60.24, 432.48, 1.79234
_07554_, 73.04, 432.48, 1.79228
_08235_, 73.04, 432.48, 1.79228
_08850_, 73.04, 432.48, 1.79228
_14849_, 73.04, 432.48, 1.79228
hold1202, 73.04, 432.48, 1.79228
FILLER_0_154_137, 73.04, 432.48, 1.79228
FILLER_0_155_153, 73.04, 432.48, 1.79228
FILLER_0_156_158, 73.04, 432.48, 1.79228
_07578_, 85.84, 432.48, 1.79224
_07691_, 85.84, 432.48, 1.79224
_13527_, 85.84, 432.48, 1.79224
FILLER_0_154_163, 85.84, 432.48, 1.79224
_08868_, 98.64, 432.48, 1.7922
_09147_, 98.64, 432.48, 1.7922
_13537_, 98.64, 432.48, 1.7922
clkbuf_leaf_58_clk, 98.64, 432.48, 1.7922
hold1370, 98.64, 432.48, 1.7922
FILLER_0_155_192, 98.64, 432.48, 1.7922
FILLER_0_155_208, 98.64, 432.48, 1.7922
_10273_, 111.44, 432.48, 1.79218
_15927_, 111.44, 432.48, 1.79218
_15929_, 111.44, 432.48, 1.79218
_15966_, 111.44, 432.48, 1.79218
hold1335, 111.44, 432.48, 1.79218
FILLER_0_154_217, 111.44, 432.48, 1.79218
_08288_, 124.24, 432.48, 1.79219
_10439_, 124.24, 432.48, 1.79219
_13052_, 124.24, 432.48, 1.79219
_13053_, 124.24, 432.48, 1.79219
_13056_, 124.24, 432.48, 1.79219
hold1486, 124.24, 432.48, 1.79219
FILLER_0_154_248, 124.24, 432.48, 1.79219
FILLER_0_155_268, 124.24, 432.48, 1.79219
_10438_, 137.04, 432.48, 1.79221
_10441_, 137.04, 432.48, 1.79221
_13197_, 137.04, 432.48, 1.79221
_13231_, 137.04, 432.48, 1.79221
_16008_, 137.04, 432.48, 1.79221
FILLER_0_155_290, 137.04, 432.48, 1.79221
_10515_, 149.84, 432.48, 1.79223
_13196_, 149.84, 432.48, 1.79223
_13232_, 149.84, 432.48, 1.79223
FILLER_0_154_305, 149.84, 432.48, 1.79223
FILLER_0_154_309, 149.84, 432.48, 1.79223
FILLER_0_155_323, 149.84, 432.48, 1.79223
_10080_, 162.64, 432.48, 1.79225
_10081_, 162.64, 432.48, 1.79225
_10082_, 162.64, 432.48, 1.79225
_10085_, 162.64, 432.48, 1.79225
_10234_, 162.64, 432.48, 1.79225
FILLER_0_154_335, 162.64, 432.48, 1.79225
FILLER_0_155_345, 162.64, 432.48, 1.79225
FILLER_0_156_350, 162.64, 432.48, 1.79225
_10326_, 188.24, 432.48, 1.79222
_13239_, 188.24, 432.48, 1.79222
_13240_, 188.24, 432.48, 1.79222
_16012_, 188.24, 432.48, 1.79222
hold1075, 188.24, 432.48, 1.79222
FILLER_0_154_385, 188.24, 432.48, 1.79222
FILLER_0_156_405, 188.24, 432.48, 1.79222
_13206_, 201.04, 432.48, 1.79217
_13207_, 201.04, 432.48, 1.79217
_13242_, 201.04, 432.48, 1.79217
_15997_, 201.04, 432.48, 1.79217
_16013_, 201.04, 432.48, 1.79217
hold1527, 201.04, 432.48, 1.79217
_08265_, 213.84, 432.48, 1.79211
_13203_, 213.84, 432.48, 1.79211
_13238_, 213.84, 432.48, 1.79211
_15995_, 213.84, 432.48, 1.79211
_16011_, 213.84, 432.48, 1.79211
hold1337, 213.84, 432.48, 1.79211
_13200_, 226.64, 432.48, 1.79207
_15994_, 226.64, 432.48, 1.79207
_16010_, 226.64, 432.48, 1.79207
FILLER_0_155_491, 226.64, 432.48, 1.79207
FILLER_0_156_487, 226.64, 432.48, 1.79207
_08056_, 239.44, 432.48, 1.79204
_10842_, 239.44, 432.48, 1.79204
_12172_, 239.44, 432.48, 1.79204
_12199_, 239.44, 432.48, 1.79204
_13228_, 239.44, 432.48, 1.79204
hold1053, 239.44, 432.48, 1.79204
FILLER_0_154_504, 239.44, 432.48, 1.79204
_07556_, 252.24, 432.48, 1.79202
_09238_, 252.24, 432.48, 1.79202
_13176_, 252.24, 432.48, 1.79202
_13192_, 252.24, 432.48, 1.79202
_15990_, 252.24, 432.48, 1.79202
_16006_, 252.24, 432.48, 1.79202
_13189_, 265.04, 432.48, 1.792
_13191_, 265.04, 432.48, 1.792
_13225_, 265.04, 432.48, 1.792
_16005_, 265.04, 432.48, 1.792
hold1387, 265.04, 432.48, 1.792
FILLER_0_155_570, 265.04, 432.48, 1.792
FILLER_0_156_572, 265.04, 432.48, 1.792
_10991_, 277.84, 432.48, 1.792
_10993_, 277.84, 432.48, 1.792
_13224_, 277.84, 432.48, 1.792
clkbuf_leaf_93_clk, 277.84, 432.48, 1.792
hold1302, 277.84, 432.48, 1.792
FILLER_0_156_605, 277.84, 432.48, 1.792
_13221_, 290.64, 432.48, 1.79202
_16003_, 290.64, 432.48, 1.79202
FILLER_0_155_609, 290.64, 432.48, 1.79202
FILLER_0_155_629, 290.64, 432.48, 1.79202
FILLER_0_156_621, 290.64, 432.48, 1.79202
_07666_, 303.44, 432.48, 1.79204
_13181_, 303.44, 432.48, 1.79204
_13217_, 303.44, 432.48, 1.79204
_13220_, 303.44, 432.48, 1.79204
FILLER_0_154_641, 303.44, 432.48, 1.79204
_10879_, 316.24, 432.48, 1.79207
_13214_, 316.24, 432.48, 1.79207
_13216_, 316.24, 432.48, 1.79207
_16000_, 316.24, 432.48, 1.79207
hold831, 316.24, 432.48, 1.79207
FILLER_0_155_666, 316.24, 432.48, 1.79207
FILLER_0_155_681, 316.24, 432.48, 1.79207
_13212_, 341.84, 432.48, 1.79193
_16004_, 341.84, 432.48, 1.79193
clkbuf_leaf_100_clk, 341.84, 432.48, 1.79193
_13177_, 354.64, 432.48, 1.79179
_15983_, 354.64, 432.48, 1.79179
_15999_, 354.64, 432.48, 1.79179
_16035_, 354.64, 432.48, 1.79179
FILLER_0_154_757, 354.64, 432.48, 1.79179
_08727_, 367.44, 432.48, 1.79165
_10212_, 367.44, 432.48, 1.79165
_10570_, 367.44, 432.48, 1.79165
_10696_, 367.44, 432.48, 1.79165
_15697_, 367.44, 432.48, 1.79165
FILLER_0_155_781, 367.44, 432.48, 1.79165
_07553_, 380.24, 432.48, 1.79157
_07969_, 380.24, 432.48, 1.79157
_10402_, 380.24, 432.48, 1.79157
ANTENNA_101, 380.24, 432.48, 1.79157
FILLER_0_154_801, 380.24, 432.48, 1.79157
FILLER_0_155_802, 380.24, 432.48, 1.79157
FILLER_0_155_826, 380.24, 432.48, 1.79157
_07915_, 393.04, 432.48, 1.7915
_09927_, 393.04, 432.48, 1.7915
_14959_, 393.04, 432.48, 1.7915
clkbuf_leaf_105_clk, 393.04, 432.48, 1.7915
FILLER_0_155_834, 393.04, 432.48, 1.7915
FILLER_0_155_841, 393.04, 432.48, 1.7915
_09126_, 405.84, 432.48, 1.79147
_09909_, 405.84, 432.48, 1.79147
_09913_, 405.84, 432.48, 1.79147
_09923_, 405.84, 432.48, 1.79147
_10305_, 405.84, 432.48, 1.79147
_14957_, 405.84, 432.48, 1.79147
hold1427, 405.84, 432.48, 1.79147
_07557_, 418.64, 432.48, 1.79154
_09890_, 418.64, 432.48, 1.79154
_10653_, 418.64, 432.48, 1.79154
_15690_, 418.64, 432.48, 1.79154
hold993, 418.64, 432.48, 1.79154
FILLER_0_155_893, 418.64, 432.48, 1.79154
_07633_, 431.44, 432.48, 1.79163
_07692_, 431.44, 432.48, 1.79163
_09926_, 431.44, 432.48, 1.79163
_15692_, 431.44, 432.48, 1.79163
hold1301, 431.44, 432.48, 1.79163
FILLER_0_155_928, 431.44, 432.48, 1.79163
_07693_, 444.24, 432.48, 1.79175
_08734_, 444.24, 432.48, 1.79175
_10167_, 444.24, 432.48, 1.79175
_10595_, 444.24, 432.48, 1.79175
FILLER_0_154_953, 444.24, 432.48, 1.79175
_09227_, 457.04, 432.48, 1.79192
_09943_, 457.04, 432.48, 1.79192
_15003_, 457.04, 432.48, 1.79192
hold1474, 457.04, 432.48, 1.79192
FILLER_0_154_969, 457.04, 432.48, 1.79192
FILLER_0_155_999, 469.84, 432.48, 1.79212
PHY_304, 5.52, 427.04, 1.7926
PHY_306, 5.52, 427.04, 1.7926
input31, 5.52, 427.04, 1.7926
FILLER_0_154_21, 13.68, 427.04, 1.79261
_13539_, 34.64, 427.04, 1.79255
_13540_, 34.64, 427.04, 1.79255
_15144_, 34.64, 427.04, 1.79255
hold1476, 34.64, 427.04, 1.79255
FILLER_0_153_51, 34.64, 427.04, 1.79255
FILLER_0_153_60, 34.64, 427.04, 1.79255
FILLER_0_154_77, 34.64, 427.04, 1.79255
_08871_, 47.44, 427.04, 1.7925
_14856_, 47.44, 427.04, 1.7925
hold1031, 47.44, 427.04, 1.7925
hold1066, 47.44, 427.04, 1.7925
FILLER_0_152_85, 47.44, 427.04, 1.7925
FILLER_0_153_78, 47.44, 427.04, 1.7925
FILLER_0_154_97, 47.44, 427.04, 1.7925
_14961_, 60.24, 427.04, 1.79247
FILLER_0_153_125, 60.24, 427.04, 1.79247
_09134_, 73.04, 427.04, 1.79244
_09135_, 73.04, 427.04, 1.79244
hold1150, 73.04, 427.04, 1.79244
FILLER_0_153_156, 73.04, 427.04, 1.79244
_09136_, 85.84, 427.04, 1.79241
_09137_, 85.84, 427.04, 1.79241
_09544_, 85.84, 427.04, 1.79241
_14962_, 85.84, 427.04, 1.79241
hold1322, 85.84, 427.04, 1.79241
FILLER_0_153_165, 85.84, 427.04, 1.79241
FILLER_0_154_187, 85.84, 427.04, 1.79241
_09146_, 98.64, 427.04, 1.79239
_09554_, 98.64, 427.04, 1.79239
_14967_, 98.64, 427.04, 1.79239
_15143_, 98.64, 427.04, 1.79239
FILLER_0_153_193, 98.64, 427.04, 1.79239
_13136_, 111.44, 427.04, 1.79238
hold1498, 111.44, 427.04, 1.79238
_08055_, 124.24, 427.04, 1.79238
hold805, 124.24, 427.04, 1.79238
FILLER_0_152_248, 124.24, 427.04, 1.79238
FILLER_0_152_253, 124.24, 427.04, 1.79238
FILLER_0_153_270, 124.24, 427.04, 1.79238
FILLER_0_154_262, 124.24, 427.04, 1.79238
FILLER_0_154_269, 124.24, 427.04, 1.79238
_13066_, 137.04, 427.04, 1.79237
_13067_, 137.04, 427.04, 1.79237
hold1298, 137.04, 427.04, 1.79237
FILLER_0_152_278, 137.04, 427.04, 1.79237
FILLER_0_153_281, 137.04, 427.04, 1.79237
_10516_, 149.84, 427.04, 1.79236
_10517_, 149.84, 427.04, 1.79236
hold524, 149.84, 427.04, 1.79236
FILLER_0_152_302, 149.84, 427.04, 1.79236
FILLER_0_153_309, 149.84, 427.04, 1.79236
hold723, 162.64, 427.04, 1.79236
FILLER_0_153_333, 162.64, 427.04, 1.79236
_10327_, 188.24, 427.04, 1.79232
_14747_, 188.24, 427.04, 1.79232
FILLER_0_153_385, 188.24, 427.04, 1.79232
FILLER_0_154_410, 188.24, 427.04, 1.79232
_13128_, 201.04, 427.04, 1.79228
_13129_, 201.04, 427.04, 1.79228
clkbuf_leaf_69_clk, 201.04, 427.04, 1.79228
hold1531, 201.04, 427.04, 1.79228
FILLER_0_152_417, 201.04, 427.04, 1.79228
FILLER_0_153_417, 201.04, 427.04, 1.79228
FILLER_0_153_425, 201.04, 427.04, 1.79228
_13202_, 213.84, 427.04, 1.79225
_13237_, 213.84, 427.04, 1.79225
hold822, 213.84, 427.04, 1.79225
FILLER_0_152_441, 213.84, 427.04, 1.79225
FILLER_0_154_461, 213.84, 427.04, 1.79225
_10809_, 226.64, 427.04, 1.79223
_13201_, 226.64, 427.04, 1.79223
_13235_, 226.64, 427.04, 1.79223
_13236_, 226.64, 427.04, 1.79223
hold930, 226.64, 427.04, 1.79223
FILLER_0_152_470, 226.64, 427.04, 1.79223
FILLER_0_152_477, 226.64, 427.04, 1.79223
_12190_, 239.44, 427.04, 1.79221
_13175_, 239.44, 427.04, 1.79221
_13193_, 239.44, 427.04, 1.79221
_13210_, 239.44, 427.04, 1.79221
FILLER_0_153_495, 239.44, 427.04, 1.79221
FILLER_0_153_521, 239.44, 427.04, 1.79221
_08823_, 252.24, 427.04, 1.79219
_09220_, 252.24, 427.04, 1.79219
_13211_, 252.24, 427.04, 1.79219
_13226_, 252.24, 427.04, 1.79219
_13227_, 252.24, 427.04, 1.79219
FILLER_0_153_543, 252.24, 427.04, 1.79219
FILLER_0_154_539, 252.24, 427.04, 1.79219
_10389_, 265.04, 427.04, 1.79217
_10390_, 265.04, 427.04, 1.79217
_10391_, 265.04, 427.04, 1.79217
_10392_, 265.04, 427.04, 1.79217
FILLER_0_153_551, 265.04, 427.04, 1.79217
FILLER_0_154_572, 265.04, 427.04, 1.79217
_10994_, 277.84, 427.04, 1.79216
_13077_, 277.84, 427.04, 1.79216
_15922_, 277.84, 427.04, 1.79216
FILLER_0_152_579, 277.84, 427.04, 1.79216
FILLER_0_153_604, 277.84, 427.04, 1.79216
_10403_, 290.64, 427.04, 1.79216
_13079_, 290.64, 427.04, 1.79216
_15923_, 290.64, 427.04, 1.79216
_15939_, 290.64, 427.04, 1.79216
hold1000, 290.64, 427.04, 1.79216
FILLER_0_153_617, 290.64, 427.04, 1.79216
FILLER_0_154_621, 290.64, 427.04, 1.79216
_13078_, 303.44, 427.04, 1.79217
_13182_, 303.44, 427.04, 1.79217
_15985_, 303.44, 427.04, 1.79217
_16001_, 303.44, 427.04, 1.79217
hold1238, 303.44, 427.04, 1.79217
FILLER_0_153_647, 303.44, 427.04, 1.79217
_10569_, 316.24, 427.04, 1.79218
_10878_, 316.24, 427.04, 1.79218
_13179_, 316.24, 427.04, 1.79218
hold1121, 316.24, 427.04, 1.79218
FILLER_0_153_668, 316.24, 427.04, 1.79218
FILLER_0_153_682, 316.24, 427.04, 1.79218
_13187_, 341.84, 427.04, 1.79212
_13188_, 341.84, 427.04, 1.79212
_13223_, 341.84, 427.04, 1.79212
hold646, 341.84, 427.04, 1.79212
FILLER_0_153_722, 341.84, 427.04, 1.79212
_10629_, 354.64, 427.04, 1.79204
_10632_, 354.64, 427.04, 1.79204
FILLER_0_152_753, 354.64, 427.04, 1.79204
FILLER_0_153_758, 354.64, 427.04, 1.79204
FILLER_0_153_766, 354.64, 427.04, 1.79204
FILLER_0_154_769, 354.64, 427.04, 1.79204
_10307_, 367.44, 427.04, 1.79196
_10631_, 367.44, 427.04, 1.79196
hold1285, 367.44, 427.04, 1.79196
FILLER_0_153_796, 367.44, 427.04, 1.79196
FILLER_0_154_793, 367.44, 427.04, 1.79196
_08843_, 380.24, 427.04, 1.79191
_08844_, 380.24, 427.04, 1.79191
_09129_, 380.24, 427.04, 1.79191
_14847_, 380.24, 427.04, 1.79191
hold866, 380.24, 427.04, 1.79191
FILLER_0_153_828, 380.24, 427.04, 1.79191
_09130_, 393.04, 427.04, 1.79187
_09965_, 393.04, 427.04, 1.79187
_13521_, 393.04, 427.04, 1.79187
_16133_, 393.04, 427.04, 1.79187
hold1385, 393.04, 427.04, 1.79187
_08838_, 405.84, 427.04, 1.79187
_09125_, 405.84, 427.04, 1.79187
_10179_, 405.84, 427.04, 1.79187
FILLER_0_152_859, 405.84, 427.04, 1.79187
FILLER_0_153_872, 405.84, 427.04, 1.79187
_09223_, 418.64, 427.04, 1.79187
_09911_, 418.64, 427.04, 1.79187
_09931_, 418.64, 427.04, 1.79187
_10177_, 418.64, 427.04, 1.79187
_10655_, 418.64, 427.04, 1.79187
_15001_, 418.64, 427.04, 1.79187
FILLER_0_152_893, 418.64, 427.04, 1.79187
_07558_, 431.44, 427.04, 1.79193
_07750_, 431.44, 427.04, 1.79193
_09894_, 431.44, 427.04, 1.79193
hold1147, 431.44, 427.04, 1.79193
FILLER_0_153_935, 431.44, 427.04, 1.79193
_08829_, 444.24, 427.04, 1.792
_08831_, 444.24, 427.04, 1.792
_09898_, 444.24, 427.04, 1.792
_09956_, 444.24, 427.04, 1.792
_10593_, 444.24, 427.04, 1.792
FILLER_0_152_948, 444.24, 427.04, 1.792
_08828_, 457.04, 427.04, 1.79213
_09226_, 457.04, 427.04, 1.79213
_14842_, 457.04, 427.04, 1.79213
hold1181, 457.04, 427.04, 1.79213
FILLER_0_152_977, 457.04, 427.04, 1.79213
hold895, 469.84, 427.04, 1.79227
FILLER_0_153_1002, 469.84, 427.04, 1.79227
PHY_300, 5.52, 421.6, 1.79263
PHY_302, 5.52, 421.6, 1.79263
_09149_, 34.64, 421.6, 1.79257
_09555_, 34.64, 421.6, 1.79257
_09556_, 34.64, 421.6, 1.79257
_14968_, 34.64, 421.6, 1.79257
hold1388, 34.64, 421.6, 1.79257
FILLER_0_150_53, 34.64, 421.6, 1.79257
FILLER_0_150_61, 34.64, 421.6, 1.79257
FILLER_0_151_51, 34.64, 421.6, 1.79257
FILLER_0_151_60, 34.64, 421.6, 1.79257
_08872_, 47.44, 421.6, 1.79251
_09139_, 47.44, 421.6, 1.79251
_09148_, 47.44, 421.6, 1.79251
_10253_, 47.44, 421.6, 1.79251
FILLER_0_151_95, 47.44, 421.6, 1.79251
_08444_, 60.24, 421.6, 1.79245
_08870_, 60.24, 421.6, 1.79245
_09541_, 73.04, 421.6, 1.79241
_09542_, 73.04, 421.6, 1.79241
_15137_, 73.04, 421.6, 1.79241
hold864, 73.04, 421.6, 1.79241
hold1158, 73.04, 421.6, 1.79241
FILLER_0_150_137, 73.04, 421.6, 1.79241
FILLER_0_152_150, 73.04, 421.6, 1.79241
FILLER_0_152_158, 73.04, 421.6, 1.79241
_08126_, 85.84, 421.6, 1.79237
_09543_, 85.84, 421.6, 1.79237
_10536_, 85.84, 421.6, 1.79237
FILLER_0_152_186, 85.84, 421.6, 1.79237
_08391_, 98.64, 421.6, 1.79234
_09553_, 98.64, 421.6, 1.79234
_10780_, 98.64, 421.6, 1.79234
_10781_, 98.64, 421.6, 1.79234
hold858, 98.64, 421.6, 1.79234
FILLER_0_150_189, 98.64, 421.6, 1.79234
FILLER_0_150_197, 98.64, 421.6, 1.79234
FILLER_0_151_189, 98.64, 421.6, 1.79234
_08867_, 111.44, 421.6, 1.79232
_10783_, 111.44, 421.6, 1.79232
_13126_, 111.44, 421.6, 1.79232
_13127_, 111.44, 421.6, 1.79232
_15945_, 111.44, 421.6, 1.79232
_15961_, 111.44, 421.6, 1.79232
hold651, 111.44, 421.6, 1.79232
FILLER_0_151_225, 111.44, 421.6, 1.79232
FILLER_0_152_233, 111.44, 421.6, 1.79232
_13091_, 124.24, 421.6, 1.79232
FILLER_0_150_247, 124.24, 421.6, 1.79232
FILLER_0_150_253, 124.24, 421.6, 1.79232
_13102_, 137.04, 421.6, 1.79232
_15934_, 137.04, 421.6, 1.79232
_15950_, 137.04, 421.6, 1.79232
FILLER_0_150_281, 137.04, 421.6, 1.79232
FILLER_0_151_277, 137.04, 421.6, 1.79232
FILLER_0_151_281, 137.04, 421.6, 1.79232
_14757_, 149.84, 421.6, 1.79232
_16579_, 149.84, 421.6, 1.79232
_16595_, 149.84, 421.6, 1.79232
hold549, 149.84, 421.6, 1.79232
FILLER_0_151_308, 149.84, 421.6, 1.79232
FILLER_0_152_321, 149.84, 421.6, 1.79232
_10223_, 162.64, 421.6, 1.79234
_10224_, 162.64, 421.6, 1.79234
_14721_, 162.64, 421.6, 1.79234
hold1245, 162.64, 421.6, 1.79234
FILLER_0_152_354, 162.64, 421.6, 1.79234
_10065_, 188.24, 421.6, 1.79233
_10328_, 188.24, 421.6, 1.79233
_14746_, 188.24, 421.6, 1.79233
_15962_, 188.24, 421.6, 1.79233
FILLER_0_150_394, 188.24, 421.6, 1.79233
FILLER_0_151_407, 188.24, 421.6, 1.79233
FILLER_0_152_406, 188.24, 421.6, 1.79233
_13059_, 201.04, 421.6, 1.79231
_15930_, 201.04, 421.6, 1.79231
hold501, 201.04, 421.6, 1.79231
FILLER_0_150_421, 201.04, 421.6, 1.79231
FILLER_0_151_426, 201.04, 421.6, 1.79231
_10807_, 213.84, 421.6, 1.79228
_10808_, 213.84, 421.6, 1.79228
hold652, 213.84, 421.6, 1.79228
FILLER_0_151_457, 213.84, 421.6, 1.79228
FILLER_0_151_465, 213.84, 421.6, 1.79228
FILLER_0_152_459, 213.84, 421.6, 1.79228
_07555_, 226.64, 421.6, 1.79226
_07990_, 226.64, 421.6, 1.79226
_10810_, 226.64, 421.6, 1.79226
_10943_, 226.64, 421.6, 1.79226
_10944_, 226.64, 421.6, 1.79226
_10946_, 226.64, 421.6, 1.79226
FILLER_0_150_470, 226.64, 421.6, 1.79226
FILLER_0_151_485, 226.64, 421.6, 1.79226
_08849_, 239.44, 421.6, 1.79225
_09115_, 239.44, 421.6, 1.79225
_09133_, 239.44, 421.6, 1.79225
_10945_, 239.44, 421.6, 1.79225
_13174_, 239.44, 421.6, 1.79225
_13524_, 239.44, 421.6, 1.79225
FILLER_0_150_503, 239.44, 421.6, 1.79225
FILLER_0_151_505, 239.44, 421.6, 1.79225
FILLER_0_152_514, 239.44, 421.6, 1.79225
_08824_, 252.24, 421.6, 1.79225
_09116_, 252.24, 421.6, 1.79225
_13507_, 252.24, 421.6, 1.79225
FILLER_0_150_528, 252.24, 421.6, 1.79225
FILLER_0_152_545, 252.24, 421.6, 1.79225
_13049_, 265.04, 421.6, 1.79224
_13050_, 265.04, 421.6, 1.79224
_15926_, 265.04, 421.6, 1.79224
hold1060, 265.04, 421.6, 1.79224
FILLER_0_151_556, 265.04, 421.6, 1.79224
_13042_, 277.84, 421.6, 1.79224
_13076_, 277.84, 421.6, 1.79224
_15938_, 277.84, 421.6, 1.79224
FILLER_0_150_579, 277.84, 421.6, 1.79224
FILLER_0_150_589, 277.84, 421.6, 1.79224
_13043_, 290.64, 421.6, 1.79225
_13044_, 290.64, 421.6, 1.79225
hold840, 290.64, 421.6, 1.79225
hold901, 290.64, 421.6, 1.79225
FILLER_0_151_609, 290.64, 421.6, 1.79225
FILLER_0_151_617, 290.64, 421.6, 1.79225
_14705_, 303.44, 421.6, 1.79226
_16571_, 303.44, 421.6, 1.79226
_10881_, 316.24, 421.6, 1.79227
FILLER_0_151_664, 316.24, 421.6, 1.79227
FILLER_0_151_673, 316.24, 421.6, 1.79227
hold1165, 341.84, 421.6, 1.79225
FILLER_0_152_745, 341.84, 421.6, 1.79225
_10633_, 354.64, 421.6, 1.79221
_14731_, 354.64, 421.6, 1.79221
FILLER_0_150_757, 354.64, 421.6, 1.79221
FILLER_0_151_753, 354.64, 421.6, 1.79221
FILLER_0_152_769, 354.64, 421.6, 1.79221
_14697_, 367.44, 421.6, 1.79217
_16567_, 367.44, 421.6, 1.79217
hold1489, 367.44, 421.6, 1.79217
FILLER_0_151_781, 367.44, 421.6, 1.79217
FILLER_0_152_799, 367.44, 421.6, 1.79217
_09536_, 380.24, 421.6, 1.79215
_09537_, 380.24, 421.6, 1.79215
_10710_, 380.24, 421.6, 1.79215
_15135_, 380.24, 421.6, 1.79215
hold1146, 380.24, 421.6, 1.79215
FILLER_0_152_822, 380.24, 421.6, 1.79215
_13520_, 393.04, 421.6, 1.79214
hold849, 393.04, 421.6, 1.79214
FILLER_0_151_829, 393.04, 421.6, 1.79214
FILLER_0_151_837, 393.04, 421.6, 1.79214
_08837_, 405.84, 421.6, 1.79214
_14845_, 405.84, 421.6, 1.79214
_16131_, 405.84, 421.6, 1.79214
hold971, 405.84, 421.6, 1.79214
_09118_, 418.64, 421.6, 1.79215
_14953_, 418.64, 421.6, 1.79215
_15129_, 418.64, 421.6, 1.79215
hold1539, 418.64, 421.6, 1.79215
FILLER_0_151_897, 418.64, 421.6, 1.79215
FILLER_0_152_906, 418.64, 421.6, 1.79215
_09117_, 431.44, 421.6, 1.79217
_09932_, 431.44, 421.6, 1.79217
_10596_, 431.44, 421.6, 1.79217
_14841_, 431.44, 421.6, 1.79217
FILLER_0_151_925, 431.44, 421.6, 1.79217
_08832_, 444.24, 421.6, 1.79224
_10592_, 444.24, 421.6, 1.79224
_14843_, 444.24, 421.6, 1.79224
hold841, 444.24, 421.6, 1.79224
FILLER_0_150_941, 444.24, 421.6, 1.79224
_09119_, 457.04, 421.6, 1.79231
_09120_, 457.04, 421.6, 1.79231
_14954_, 457.04, 421.6, 1.79231
hold1300, 457.04, 421.6, 1.79231
FILLER_0_150_971, 457.04, 421.6, 1.79231
FILLER_0_151_981, 457.04, 421.6, 1.79231
hold1235, 469.84, 421.6, 1.7924
FILLER_0_151_1005, 469.84, 421.6, 1.7924
FILLER_0_152_1022, 469.84, 421.6, 1.7924
PHY_296, 5.52, 416.16, 1.79265
PHY_298, 5.52, 416.16, 1.79265
_09546_, 34.64, 416.16, 1.79257
_13529_, 34.64, 416.16, 1.79257
_14963_, 34.64, 416.16, 1.79257
clkbuf_leaf_52_clk, 34.64, 416.16, 1.79257
hold1517, 34.64, 416.16, 1.79257
_10111_, 47.44, 416.16, 1.79252
_10252_, 47.44, 416.16, 1.79252
_14851_, 47.44, 416.16, 1.79252
hold843, 47.44, 416.16, 1.79252
hold1355, 47.44, 416.16, 1.79252
FILLER_0_150_100, 47.44, 416.16, 1.79252
_10254_, 60.24, 416.16, 1.79248
FILLER_0_150_130, 60.24, 416.16, 1.79248
_08053_, 73.04, 416.16, 1.79244
_10472_, 73.04, 416.16, 1.79244
_15138_, 73.04, 416.16, 1.79244
FILLER_0_148_137, 73.04, 416.16, 1.79244
FILLER_0_149_134, 73.04, 416.16, 1.79244
_10537_, 85.84, 416.16, 1.79241
_10538_, 85.84, 416.16, 1.79241
hold1174, 85.84, 416.16, 1.79241
FILLER_0_148_170, 85.84, 416.16, 1.79241
FILLER_0_149_164, 85.84, 416.16, 1.79241
FILLER_0_149_169, 85.84, 416.16, 1.79241
_08736_, 98.64, 416.16, 1.79239
_10782_, 98.64, 416.16, 1.79239
FILLER_0_148_189, 98.64, 416.16, 1.79239
FILLER_0_149_207, 98.64, 416.16, 1.79239
_13092_, 111.44, 416.16, 1.79238
_15059_, 111.44, 416.16, 1.79238
FILLER_0_148_229, 111.44, 416.16, 1.79238
FILLER_0_149_221, 111.44, 416.16, 1.79238
FILLER_0_149_225, 111.44, 416.16, 1.79238
_08147_, 124.24, 416.16, 1.79238
_09363_, 124.24, 416.16, 1.79238
_10056_, 124.24, 416.16, 1.79238
hold633, 124.24, 416.16, 1.79238
FILLER_0_148_246, 124.24, 416.16, 1.79238
FILLER_0_148_256, 124.24, 416.16, 1.79238
_08148_, 137.04, 416.16, 1.79238
_08412_, 137.04, 416.16, 1.79238
_10221_, 137.04, 416.16, 1.79238
hold1189, 137.04, 416.16, 1.79238
FILLER_0_148_283, 137.04, 416.16, 1.79238
FILLER_0_149_276, 137.04, 416.16, 1.79238
FILLER_0_149_281, 137.04, 416.16, 1.79238
_08413_, 149.84, 416.16, 1.79238
_14722_, 149.84, 416.16, 1.79238
_14756_, 149.84, 416.16, 1.79238
FILLER_0_148_305, 149.84, 416.16, 1.79238
FILLER_0_148_309, 149.84, 416.16, 1.79238
FILLER_0_149_322, 149.84, 416.16, 1.79238
_08414_, 162.64, 416.16, 1.79239
_10086_, 162.64, 416.16, 1.79239
_10225_, 162.64, 416.16, 1.79239
_10226_, 162.64, 416.16, 1.79239
_10235_, 162.64, 416.16, 1.79239
FILLER_0_150_351, 162.64, 416.16, 1.79239
_10330_, 188.24, 416.16, 1.79237
hold604, 188.24, 416.16, 1.79237
hold869, 188.24, 416.16, 1.79237
FILLER_0_148_395, 188.24, 416.16, 1.79237
FILLER_0_149_401, 188.24, 416.16, 1.79237
_08200_, 201.04, 416.16, 1.79232
_08201_, 201.04, 416.16, 1.79232
_10935_, 201.04, 416.16, 1.79232
_13058_, 201.04, 416.16, 1.79232
FILLER_0_148_416, 201.04, 416.16, 1.79232
FILLER_0_149_419, 201.04, 416.16, 1.79232
_07989_, 213.84, 416.16, 1.79229
_14713_, 213.84, 416.16, 1.79229
_14714_, 213.84, 416.16, 1.79229
_16575_, 213.84, 416.16, 1.79229
hold655, 213.84, 416.16, 1.79229
FILLER_0_148_442, 213.84, 416.16, 1.79229
FILLER_0_149_443, 213.84, 416.16, 1.79229
FILLER_0_150_459, 213.84, 416.16, 1.79229
_07463_, 226.64, 416.16, 1.79226
_10071_, 226.64, 416.16, 1.79226
_13086_, 226.64, 416.16, 1.79226
_14706_, 226.64, 416.16, 1.79226
_14741_, 226.64, 416.16, 1.79226
_14749_, 226.64, 416.16, 1.79226
hold1086, 226.64, 416.16, 1.79226
FILLER_0_148_477, 226.64, 416.16, 1.79226
_08820_, 239.44, 416.16, 1.79225
_09522_, 239.44, 416.16, 1.79225
_09523_, 239.44, 416.16, 1.79225
_09540_, 239.44, 416.16, 1.79225
_13033_, 239.44, 416.16, 1.79225
_13069_, 239.44, 416.16, 1.79225
_13121_, 239.44, 416.16, 1.79225
_13506_, 239.44, 416.16, 1.79225
_14723_, 239.44, 416.16, 1.79225
FILLER_0_149_499, 239.44, 416.16, 1.79225
FILLER_0_149_505, 239.44, 416.16, 1.79225
_13119_, 252.24, 416.16, 1.79224
_13120_, 252.24, 416.16, 1.79224
_15958_, 252.24, 416.16, 1.79224
hold491, 252.24, 416.16, 1.79224
FILLER_0_148_527, 252.24, 416.16, 1.79224
FILLER_0_149_524, 252.24, 416.16, 1.79224
FILLER_0_149_532, 252.24, 416.16, 1.79224
_07464_, 265.04, 416.16, 1.79224
_14775_, 265.04, 416.16, 1.79224
FILLER_0_148_557, 265.04, 416.16, 1.79224
FILLER_0_149_555, 265.04, 416.16, 1.79224
FILLER_0_149_576, 265.04, 416.16, 1.79224
_13041_, 277.84, 416.16, 1.79224
_15954_, 277.84, 416.16, 1.79224
hold1122, 277.84, 416.16, 1.79224
_14689_, 290.64, 416.16, 1.79224
_14724_, 290.64, 416.16, 1.79224
hold766, 290.64, 416.16, 1.79224
FILLER_0_149_617, 290.64, 416.16, 1.79224
_07935_, 303.44, 416.16, 1.79224
_10383_, 303.44, 416.16, 1.79224
_14704_, 303.44, 416.16, 1.79224
_16587_, 303.44, 416.16, 1.79224
hold510, 303.44, 416.16, 1.79224
FILLER_0_149_636, 303.44, 416.16, 1.79224
FILLER_0_149_649, 303.44, 416.16, 1.79224
_14699_, 316.24, 416.16, 1.79226
_14739_, 316.24, 416.16, 1.79226
_16568_, 316.24, 416.16, 1.79226
hold1258, 316.24, 416.16, 1.79226
FILLER_0_149_681, 316.24, 416.16, 1.79226
FILLER_0_150_677, 316.24, 416.16, 1.79226
_09947_, 341.84, 416.16, 1.79223
_09948_, 341.84, 416.16, 1.79223
_10698_, 341.84, 416.16, 1.79223
_10699_, 341.84, 416.16, 1.79223
_11665_, 341.84, 416.16, 1.79223
_16564_, 341.84, 416.16, 1.79223
_16580_, 341.84, 416.16, 1.79223
FILLER_0_148_724, 341.84, 416.16, 1.79223
FILLER_0_149_729, 341.84, 416.16, 1.79223
FILLER_0_150_737, 341.84, 416.16, 1.79223
_14690_, 354.64, 416.16, 1.7922
_14725_, 354.64, 416.16, 1.7922
_14732_, 354.64, 416.16, 1.7922
_16583_, 354.64, 416.16, 1.7922
hold902, 354.64, 416.16, 1.7922
hold1227, 354.64, 416.16, 1.7922
FILLER_0_149_772, 354.64, 416.16, 1.7922
_10188_, 367.44, 416.16, 1.79219
_14696_, 367.44, 416.16, 1.79219
FILLER_0_149_794, 367.44, 416.16, 1.79219
_07912_, 380.24, 416.16, 1.79218
_08842_, 380.24, 416.16, 1.79218
_10712_, 380.24, 416.16, 1.79218
_10713_, 380.24, 416.16, 1.79218
_10714_, 380.24, 416.16, 1.79218
_11028_, 380.24, 416.16, 1.79218
_11032_, 380.24, 416.16, 1.79218
FILLER_0_148_808, 380.24, 416.16, 1.79218
FILLER_0_149_813, 380.24, 416.16, 1.79218
_07802_, 393.04, 416.16, 1.79219
_08836_, 393.04, 416.16, 1.79219
_09533_, 393.04, 416.16, 1.79219
_11027_, 393.04, 416.16, 1.79219
_11029_, 393.04, 416.16, 1.79219
FILLER_0_148_832, 393.04, 416.16, 1.79219
FILLER_0_149_849, 393.04, 416.16, 1.79219
FILLER_0_150_855, 393.04, 416.16, 1.79219
_13516_, 405.84, 416.16, 1.7922
_08826_, 418.64, 416.16, 1.79222
_09524_, 418.64, 416.16, 1.79222
_09525_, 418.64, 416.16, 1.79222
_10656_, 418.64, 416.16, 1.79222
hold934, 418.64, 416.16, 1.79222
FILLER_0_148_886, 418.64, 416.16, 1.79222
FILLER_0_149_885, 418.64, 416.16, 1.79222
FILLER_0_149_893, 418.64, 416.16, 1.79222
FILLER_0_149_906, 418.64, 416.16, 1.79222
_08825_, 431.44, 416.16, 1.79226
_10652_, 431.44, 416.16, 1.79226
hold1034, 431.44, 416.16, 1.79226
FILLER_0_148_925, 431.44, 416.16, 1.79226
FILLER_0_149_913, 431.44, 416.16, 1.79226
_07689_, 444.24, 416.16, 1.7923
_09121_, 444.24, 416.16, 1.7923
clkbuf_leaf_111_clk, 444.24, 416.16, 1.7923
FILLER_0_149_947, 444.24, 416.16, 1.7923
FILLER_0_150_955, 444.24, 416.16, 1.7923
_09122_, 457.04, 416.16, 1.79237
_09526_, 457.04, 416.16, 1.79237
_10890_, 457.04, 416.16, 1.79237
_14955_, 457.04, 416.16, 1.79237
FILLER_0_148_976, 457.04, 416.16, 1.79237
FILLER_0_149_989, 457.04, 416.16, 1.79237
FILLER_0_150_989, 457.04, 416.16, 1.79237
_09527_, 469.84, 416.16, 1.79245
_16128_, 469.84, 416.16, 1.79245
PHY_292, 5.52, 410.72, 1.7927
PHY_294, 5.52, 410.72, 1.7927
_09138_, 34.64, 410.72, 1.79263
_09545_, 34.64, 410.72, 1.79263
_13530_, 34.64, 410.72, 1.79263
hold1384, 34.64, 410.72, 1.79263
hold1522, 34.64, 410.72, 1.79263
FILLER_0_146_53, 34.64, 410.72, 1.79263
FILLER_0_147_74, 34.64, 410.72, 1.79263
FILLER_0_148_71, 34.64, 410.72, 1.79263
_08179_, 47.44, 410.72, 1.79256
_08856_, 47.44, 410.72, 1.79256
_08857_, 47.44, 410.72, 1.79256
_10110_, 47.44, 410.72, 1.79256
FILLER_0_147_82, 47.44, 410.72, 1.79256
FILLER_0_147_99, 47.44, 410.72, 1.79256
FILLER_0_148_101, 47.44, 410.72, 1.79256
_08855_, 60.24, 410.72, 1.79249
_10112_, 60.24, 410.72, 1.79249
_10113_, 60.24, 410.72, 1.79249
_10255_, 60.24, 410.72, 1.79249
_16135_, 60.24, 410.72, 1.79249
FILLER_0_146_109, 60.24, 410.72, 1.79249
FILLER_0_147_126, 60.24, 410.72, 1.79249
FILLER_0_148_129, 60.24, 410.72, 1.79249
_10471_, 73.04, 410.72, 1.79245
_10473_, 73.04, 410.72, 1.79245
_13525_, 73.04, 410.72, 1.79245
_13526_, 73.04, 410.72, 1.79245
_07548_, 85.84, 410.72, 1.79242
_08852_, 85.84, 410.72, 1.79242
_10539_, 85.84, 410.72, 1.79242
_13536_, 85.84, 410.72, 1.79242
hold985, 85.84, 410.72, 1.79242
_08563_, 98.64, 410.72, 1.7924
_13535_, 98.64, 410.72, 1.7924
_16140_, 98.64, 410.72, 1.7924
hold1392, 98.64, 410.72, 1.7924
_09352_, 111.44, 410.72, 1.79239
_09353_, 111.44, 410.72, 1.79239
_13122_, 111.44, 410.72, 1.79239
hold1113, 111.44, 410.72, 1.79239
FILLER_0_147_217, 111.44, 410.72, 1.79239
FILLER_0_147_225, 111.44, 410.72, 1.79239
_09362_, 124.24, 410.72, 1.79239
_13087_, 124.24, 410.72, 1.79239
_13088_, 124.24, 410.72, 1.79239
_15064_, 124.24, 410.72, 1.79239
FILLER_0_147_255, 124.24, 410.72, 1.79239
FILLER_0_147_269, 124.24, 410.72, 1.79239
_10442_, 137.04, 410.72, 1.79239
_13101_, 137.04, 410.72, 1.79239
ANTENNA_46, 137.04, 410.72, 1.79239
FILLER_0_147_277, 137.04, 410.72, 1.79239
FILLER_0_148_297, 137.04, 410.72, 1.79239
_08162_, 149.84, 410.72, 1.79239
_08427_, 149.84, 410.72, 1.79239
clkbuf_leaf_61_clk, 149.84, 410.72, 1.79239
FILLER_0_146_309, 149.84, 410.72, 1.79239
FILLER_0_147_317, 149.84, 410.72, 1.79239
_08416_, 162.64, 410.72, 1.79243
_08417_, 162.64, 410.72, 1.79243
hold813, 162.64, 410.72, 1.79243
_08545_, 188.24, 410.72, 1.7924
_09354_, 188.24, 410.72, 1.7924
_10059_, 188.24, 410.72, 1.7924
_15060_, 188.24, 410.72, 1.7924
hold815, 188.24, 410.72, 1.7924
ANTENNA_50, 188.24, 410.72, 1.7924
FILLER_0_146_393, 188.24, 410.72, 1.7924
FILLER_0_147_393, 188.24, 410.72, 1.7924
_08205_, 201.04, 410.72, 1.79237
_08215_, 201.04, 410.72, 1.79237
_10760_, 201.04, 410.72, 1.79237
hold740, 201.04, 410.72, 1.79237
FILLER_0_146_421, 201.04, 410.72, 1.79237
FILLER_0_147_425, 201.04, 410.72, 1.79237
_08202_, 213.84, 410.72, 1.79234
_14748_, 213.84, 410.72, 1.79234
_16591_, 213.84, 410.72, 1.79234
FILLER_0_146_451, 213.84, 410.72, 1.79234
FILLER_0_147_444, 213.84, 410.72, 1.79234
_10937_, 226.64, 410.72, 1.79232
_10938_, 226.64, 410.72, 1.79232
FILLER_0_146_473, 226.64, 410.72, 1.79232
FILLER_0_147_488, 226.64, 410.72, 1.79232
FILLER_0_148_486, 226.64, 410.72, 1.79232
_13034_, 239.44, 410.72, 1.79231
_13051_, 239.44, 410.72, 1.79231
_13068_, 239.44, 410.72, 1.79231
_13103_, 239.44, 410.72, 1.79231
_13104_, 239.44, 410.72, 1.79231
_14688_, 239.44, 410.72, 1.79231
_14758_, 239.44, 410.72, 1.79231
FILLER_0_146_501, 239.44, 410.72, 1.79231
_10380_, 252.24, 410.72, 1.79229
_13084_, 252.24, 410.72, 1.79229
_13085_, 252.24, 410.72, 1.79229
_15942_, 252.24, 410.72, 1.79229
hold611, 252.24, 410.72, 1.79229
FILLER_0_147_524, 252.24, 410.72, 1.79229
_10385_, 265.04, 410.72, 1.79229
_14774_, 265.04, 410.72, 1.79229
_16603_, 265.04, 410.72, 1.79229
FILLER_0_147_571, 265.04, 410.72, 1.79229
FILLER_0_148_567, 265.04, 410.72, 1.79229
_07715_, 277.84, 410.72, 1.79229
_07934_, 277.84, 410.72, 1.79229
_10384_, 277.84, 410.72, 1.79229
_13111_, 277.84, 410.72, 1.79229
_13112_, 277.84, 410.72, 1.79229
FILLER_0_146_589, 277.84, 410.72, 1.79229
_07716_, 290.64, 410.72, 1.79229
_07768_, 290.64, 410.72, 1.79229
_11680_, 290.64, 410.72, 1.79229
_13114_, 290.64, 410.72, 1.79229
_10193_, 303.44, 410.72, 1.79231
_10382_, 303.44, 410.72, 1.79231
_14740_, 303.44, 410.72, 1.79231
hold570, 303.44, 410.72, 1.79231
FILLER_0_146_638, 303.44, 410.72, 1.79231
FILLER_0_147_661, 303.44, 410.72, 1.79231
_10571_, 316.24, 410.72, 1.79233
_10572_, 316.24, 410.72, 1.79233
_14768_, 316.24, 410.72, 1.79233
_14769_, 316.24, 410.72, 1.79233
_16600_, 316.24, 410.72, 1.79233
FILLER_0_147_669, 316.24, 410.72, 1.79233
FILLER_0_147_678, 316.24, 410.72, 1.79233
_07717_, 341.84, 410.72, 1.7923
_07720_, 341.84, 410.72, 1.7923
_10700_, 341.84, 410.72, 1.7923
_14726_, 341.84, 410.72, 1.7923
FILLER_0_147_723, 341.84, 410.72, 1.7923
FILLER_0_147_741, 341.84, 410.72, 1.7923
_09949_, 354.64, 410.72, 1.79225
_10635_, 354.64, 410.72, 1.79225
_14691_, 354.64, 410.72, 1.79225
FILLER_0_146_748, 354.64, 410.72, 1.79225
FILLER_0_147_749, 354.64, 410.72, 1.79225
FILLER_0_147_762, 354.64, 410.72, 1.79225
FILLER_0_147_770, 354.64, 410.72, 1.79225
_10190_, 367.44, 410.72, 1.79221
_10191_, 367.44, 410.72, 1.79221
_10715_, 367.44, 410.72, 1.79221
_11674_, 367.44, 410.72, 1.79221
_13259_, 367.44, 410.72, 1.79221
FILLER_0_147_781, 367.44, 410.72, 1.79221
FILLER_0_147_797, 367.44, 410.72, 1.79221
_11030_, 380.24, 410.72, 1.79218
_11031_, 380.24, 410.72, 1.79218
FILLER_0_146_808, 380.24, 410.72, 1.79218
FILLER_0_146_813, 380.24, 410.72, 1.79218
FILLER_0_147_818, 380.24, 410.72, 1.79218
FILLER_0_148_821, 380.24, 410.72, 1.79218
_15133_, 393.04, 410.72, 1.79217
clkbuf_leaf_104_clk, 393.04, 410.72, 1.79217
FILLER_0_146_842, 393.04, 410.72, 1.79217
FILLER_0_147_829, 393.04, 410.72, 1.79217
FILLER_0_147_837, 393.04, 410.72, 1.79217
FILLER_0_148_843, 393.04, 410.72, 1.79217
_09535_, 405.84, 410.72, 1.79218
_10043_, 405.84, 410.72, 1.79218
_10711_, 405.84, 410.72, 1.79218
_13517_, 405.84, 410.72, 1.79218
FILLER_0_147_868, 405.84, 410.72, 1.79218
FILLER_0_147_876, 405.84, 410.72, 1.79218
_10379_, 418.64, 410.72, 1.79221
_10654_, 418.64, 410.72, 1.79221
_11660_, 418.64, 410.72, 1.79221
hold1283, 418.64, 410.72, 1.79221
FILLER_0_147_897, 418.64, 410.72, 1.79221
FILLER_0_147_909, 418.64, 410.72, 1.79221
_07550_, 431.44, 410.72, 1.79226
_10594_, 431.44, 410.72, 1.79226
hold1052, 431.44, 410.72, 1.79226
FILLER_0_147_934, 431.44, 410.72, 1.79226
_07630_, 444.24, 410.72, 1.79232
_08827_, 444.24, 410.72, 1.79232
_13512_, 444.24, 410.72, 1.79232
_13513_, 444.24, 410.72, 1.79232
_16129_, 444.24, 410.72, 1.79232
FILLER_0_147_962, 444.24, 410.72, 1.79232
FILLER_0_148_965, 444.24, 410.72, 1.79232
_10892_, 457.04, 410.72, 1.79239
_13510_, 457.04, 410.72, 1.79239
FILLER_0_146_971, 457.04, 410.72, 1.79239
FILLER_0_147_987, 457.04, 410.72, 1.79239
_13511_, 469.84, 410.72, 1.79248
_15130_, 469.84, 410.72, 1.79248
hold783, 469.84, 410.72, 1.79248
FILLER_0_147_1004, 469.84, 410.72, 1.79248
PHY_288, 5.52, 405.28, 1.79274
PHY_290, 5.52, 405.28, 1.79274
input20, 5.52, 405.28, 1.79274
FILLER_0_146_19, 13.68, 405.28, 1.79274
_09141_, 34.64, 405.28, 1.79265
_09547_, 34.64, 405.28, 1.79265
_09548_, 34.64, 405.28, 1.79265
_16138_, 34.64, 405.28, 1.79265
hold1473, 34.64, 405.28, 1.79265
FILLER_0_146_77, 34.64, 405.28, 1.79265
_14852_, 47.44, 405.28, 1.79256
hold704, 47.44, 405.28, 1.79256
hold1407, 47.44, 405.28, 1.79256
FILLER_0_144_85, 47.44, 405.28, 1.79256
FILLER_0_145_78, 47.44, 405.28, 1.79256
_08232_, 60.24, 405.28, 1.79249
_10965_, 60.24, 405.28, 1.79249
clkbuf_leaf_49_clk, 60.24, 405.28, 1.79249
FILLER_0_144_107, 60.24, 405.28, 1.79249
FILLER_0_145_113, 60.24, 405.28, 1.79249
FILLER_0_146_129, 60.24, 405.28, 1.79249
_08848_, 73.04, 405.28, 1.79244
_10474_, 73.04, 405.28, 1.79244
FILLER_0_144_133, 73.04, 405.28, 1.79244
FILLER_0_145_150, 73.04, 405.28, 1.79244
FILLER_0_145_158, 73.04, 405.28, 1.79244
FILLER_0_146_151, 73.04, 405.28, 1.79244
_09144_, 85.84, 405.28, 1.79239
_09145_, 85.84, 405.28, 1.79239
_09551_, 85.84, 405.28, 1.79239
_09552_, 85.84, 405.28, 1.79239
_15142_, 85.84, 405.28, 1.79239
hold1190, 85.84, 405.28, 1.79239
_08338_, 98.64, 405.28, 1.79236
_10274_, 98.64, 405.28, 1.79236
_13123_, 98.64, 405.28, 1.79236
_15959_, 98.64, 405.28, 1.79236
FILLER_0_144_191, 98.64, 405.28, 1.79236
_08529_, 111.44, 405.28, 1.79234
_15057_, 111.44, 405.28, 1.79234
_15943_, 111.44, 405.28, 1.79234
clkbuf_leaf_59_clk, 111.44, 405.28, 1.79234
FILLER_0_144_218, 111.44, 405.28, 1.79234
FILLER_0_145_218, 111.44, 405.28, 1.79234
_07991_, 124.24, 405.28, 1.79235
_10436_, 124.24, 405.28, 1.79235
hold667, 124.24, 405.28, 1.79235
FILLER_0_144_247, 124.24, 405.28, 1.79235
FILLER_0_146_270, 124.24, 405.28, 1.79235
_07992_, 137.04, 405.28, 1.79237
_08015_, 137.04, 405.28, 1.79237
_10434_, 137.04, 405.28, 1.79237
_16572_, 137.04, 405.28, 1.79237
FILLER_0_145_281, 137.04, 405.28, 1.79237
FILLER_0_145_294, 137.04, 405.28, 1.79237
_07999_, 149.84, 405.28, 1.79241
_14524_, 149.84, 405.28, 1.79241
_16476_, 149.84, 405.28, 1.79241
_16604_, 149.84, 405.28, 1.79241
hold1320, 149.84, 405.28, 1.79241
FILLER_0_145_323, 149.84, 405.28, 1.79241
_08415_, 162.64, 405.28, 1.79245
_10222_, 162.64, 405.28, 1.79245
_14525_, 162.64, 405.28, 1.79245
_16483_, 162.64, 405.28, 1.79245
_16611_, 162.64, 405.28, 1.79245
_09355_, 188.24, 405.28, 1.79246
_13093_, 188.24, 405.28, 1.79246
_13094_, 188.24, 405.28, 1.79246
_13100_, 188.24, 405.28, 1.79246
_14782_, 188.24, 405.28, 1.79246
_15946_, 188.24, 405.28, 1.79246
hold1065, 188.24, 405.28, 1.79246
FILLER_0_145_404, 188.24, 405.28, 1.79246
_07988_, 201.04, 405.28, 1.79242
_10759_, 201.04, 405.28, 1.79242
_10761_, 201.04, 405.28, 1.79242
FILLER_0_144_417, 201.04, 405.28, 1.79242
FILLER_0_144_421, 201.04, 405.28, 1.79242
FILLER_0_145_429, 201.04, 405.28, 1.79242
FILLER_0_145_437, 201.04, 405.28, 1.79242
_08204_, 213.84, 405.28, 1.7924
_10100_, 213.84, 405.28, 1.7924
_14516_, 213.84, 405.28, 1.7924
FILLER_0_146_459, 213.84, 405.28, 1.7924
_13130_, 226.64, 405.28, 1.79237
_13131_, 226.64, 405.28, 1.79237
_15963_, 226.64, 405.28, 1.79237
hold1003, 226.64, 405.28, 1.79237
FILLER_0_144_470, 226.64, 405.28, 1.79237
FILLER_0_145_473, 226.64, 405.28, 1.79237
_09143_, 239.44, 405.28, 1.79236
_14491_, 239.44, 405.28, 1.79236
_14509_, 239.44, 405.28, 1.79236
_14759_, 239.44, 405.28, 1.79236
_14776_, 239.44, 405.28, 1.79236
_14965_, 239.44, 405.28, 1.79236
FILLER_0_144_503, 239.44, 405.28, 1.79236
_07933_, 252.24, 405.28, 1.79235
_14492_, 252.24, 405.28, 1.79235
hold1495, 252.24, 405.28, 1.79235
FILLER_0_144_528, 252.24, 405.28, 1.79235
_10381_, 265.04, 405.28, 1.79234
hold625, 265.04, 405.28, 1.79234
FILLER_0_144_559, 265.04, 405.28, 1.79234
FILLER_0_145_555, 265.04, 405.28, 1.79234
FILLER_0_145_573, 265.04, 405.28, 1.79234
_07936_, 277.84, 405.28, 1.79233
_07937_, 277.84, 405.28, 1.79233
_07938_, 277.84, 405.28, 1.79233
_07948_, 277.84, 405.28, 1.79233
_10187_, 277.84, 405.28, 1.79233
FILLER_0_144_584, 277.84, 405.28, 1.79233
FILLER_0_144_589, 277.84, 405.28, 1.79233
_10408_, 290.64, 405.28, 1.79233
_13113_, 290.64, 405.28, 1.79233
_15955_, 290.64, 405.28, 1.79233
FILLER_0_144_610, 290.64, 405.28, 1.79233
FILLER_0_145_610, 290.64, 405.28, 1.79233
FILLER_0_145_617, 290.64, 405.28, 1.79233
_07769_, 303.44, 405.28, 1.79234
_10192_, 303.44, 405.28, 1.79234
_10689_, 303.44, 405.28, 1.79234
ANTENNA_109, 303.44, 405.28, 1.79234
FILLER_0_144_635, 303.44, 405.28, 1.79234
FILLER_0_145_661, 303.44, 405.28, 1.79234
FILLER_0_146_653, 303.44, 405.28, 1.79234
_10573_, 316.24, 405.28, 1.79235
hold1078, 316.24, 405.28, 1.79235
ANTENNA_55, 316.24, 405.28, 1.79235
FILLER_0_145_669, 316.24, 405.28, 1.79235
FILLER_0_145_685, 316.24, 405.28, 1.79235
_07472_, 341.84, 405.28, 1.7923
_07719_, 341.84, 405.28, 1.7923
_10694_, 341.84, 405.28, 1.7923
FILLER_0_144_720, 341.84, 405.28, 1.7923
FILLER_0_145_722, 341.84, 405.28, 1.7923
FILLER_0_146_736, 341.84, 405.28, 1.7923
_10637_, 354.64, 405.28, 1.79224
_10638_, 354.64, 405.28, 1.79224
_14761_, 354.64, 405.28, 1.79224
_16596_, 354.64, 405.28, 1.79224
FILLER_0_145_761, 354.64, 405.28, 1.79224
FILLER_0_146_769, 354.64, 405.28, 1.79224
_10404_, 367.44, 405.28, 1.79219
_14760_, 367.44, 405.28, 1.79219
hold1173, 367.44, 405.28, 1.79219
FILLER_0_144_783, 367.44, 405.28, 1.79219
FILLER_0_145_793, 367.44, 405.28, 1.79219
_08846_, 380.24, 405.28, 1.79214
_09964_, 380.24, 405.28, 1.79214
_13522_, 380.24, 405.28, 1.79214
clkbuf_4_15_0_clk, 380.24, 405.28, 1.79214
hold988, 380.24, 405.28, 1.79214
hold1568, 380.24, 405.28, 1.79214
_09132_, 393.04, 405.28, 1.79217
_09532_, 393.04, 405.28, 1.79217
_13523_, 393.04, 405.28, 1.79217
_14960_, 393.04, 405.28, 1.79217
hold1548, 393.04, 405.28, 1.79217
FILLER_0_145_856, 393.04, 405.28, 1.79217
_08840_, 405.84, 405.28, 1.7922
_09534_, 405.84, 405.28, 1.7922
_09968_, 405.84, 405.28, 1.7922
_14417_, 405.84, 405.28, 1.7922
_15134_, 405.84, 405.28, 1.7922
hold1311, 405.84, 405.28, 1.7922
FILLER_0_146_881, 405.84, 405.28, 1.7922
_08815_, 418.64, 405.28, 1.79225
_09127_, 418.64, 405.28, 1.79225
_09128_, 418.64, 405.28, 1.79225
_13508_, 418.64, 405.28, 1.79225
_13518_, 418.64, 405.28, 1.79225
FILLER_0_144_886, 418.64, 405.28, 1.79225
FILLER_0_145_891, 418.64, 405.28, 1.79225
FILLER_0_145_910, 418.64, 405.28, 1.79225
_13509_, 431.44, 405.28, 1.7923
_15131_, 431.44, 405.28, 1.7923
_16127_, 431.44, 405.28, 1.7923
FILLER_0_146_937, 431.44, 405.28, 1.7923
_14844_, 444.24, 405.28, 1.79237
hold758, 444.24, 405.28, 1.79237
hold1126, 444.24, 405.28, 1.79237
FILLER_0_144_947, 444.24, 405.28, 1.79237
FILLER_0_145_947, 444.24, 405.28, 1.79237
_09530_, 457.04, 405.28, 1.79245
hold631, 457.04, 405.28, 1.79245
hold711, 457.04, 405.28, 1.79245
FILLER_0_144_976, 457.04, 405.28, 1.79245
FILLER_0_145_973, 457.04, 405.28, 1.79245
FILLER_0_145_981, 457.04, 405.28, 1.79245
FILLER_0_146_990, 457.04, 405.28, 1.79245
_15132_, 469.84, 405.28, 1.79254
hold1350, 469.84, 405.28, 1.79254
FILLER_0_145_1001, 469.84, 405.28, 1.79254
PHY_284, 5.52, 399.84, 1.7928
PHY_286, 5.52, 399.84, 1.7928
_09140_, 34.64, 399.84, 1.79272
_13531_, 34.64, 399.84, 1.79272
_13532_, 34.64, 399.84, 1.79272
_14964_, 34.64, 399.84, 1.79272
FILLER_0_143_51, 34.64, 399.84, 1.79272
FILLER_0_143_71, 34.64, 399.84, 1.79272
_08859_, 47.44, 399.84, 1.79265
_08860_, 47.44, 399.84, 1.79265
_09386_, 47.44, 399.84, 1.79265
FILLER_0_142_85, 47.44, 399.84, 1.79265
FILLER_0_143_85, 47.44, 399.84, 1.79265
_08858_, 60.24, 399.84, 1.79258
ANTENNA_57, 60.24, 399.84, 1.79258
FILLER_0_143_106, 60.24, 399.84, 1.79258
_08233_, 73.04, 399.84, 1.79252
_10966_, 73.04, 399.84, 1.79252
_10967_, 73.04, 399.84, 1.79252
_14854_, 73.04, 399.84, 1.79252
FILLER_0_142_137, 73.04, 399.84, 1.79252
FILLER_0_142_141, 73.04, 399.84, 1.79252
FILLER_0_143_159, 73.04, 399.84, 1.79252
FILLER_0_144_153, 73.04, 399.84, 1.79252
_08865_, 85.84, 399.84, 1.79246
_08866_, 85.84, 399.84, 1.79246
_14443_, 85.84, 399.84, 1.79246
_14966_, 85.84, 399.84, 1.79246
hold894, 85.84, 399.84, 1.79246
FILLER_0_143_186, 85.84, 399.84, 1.79246
_10275_, 98.64, 399.84, 1.79242
_10277_, 98.64, 399.84, 1.79242
FILLER_0_142_191, 98.64, 399.84, 1.79242
_08339_, 111.44, 399.84, 1.79238
_08864_, 111.44, 399.84, 1.79238
_09348_, 111.44, 399.84, 1.79238
_09349_, 111.44, 399.84, 1.79238
hold680, 111.44, 399.84, 1.79238
FILLER_0_142_217, 111.44, 399.84, 1.79238
FILLER_0_143_232, 111.44, 399.84, 1.79238
_08051_, 124.24, 399.84, 1.79235
clkbuf_4_10_0_clk, 124.24, 399.84, 1.79235
hold623, 124.24, 399.84, 1.79235
FILLER_0_143_260, 124.24, 399.84, 1.79235
_07995_, 137.04, 399.84, 1.79238
_10435_, 137.04, 399.84, 1.79238
_10437_, 137.04, 399.84, 1.79238
_14510_, 137.04, 399.84, 1.79238
_14707_, 137.04, 399.84, 1.79238
_14708_, 137.04, 399.84, 1.79238
hold970, 137.04, 399.84, 1.79238
FILLER_0_142_273, 137.04, 399.84, 1.79238
_07998_, 149.84, 399.84, 1.79241
_08000_, 149.84, 399.84, 1.79241
_14511_, 149.84, 399.84, 1.79241
_14777_, 149.84, 399.84, 1.79241
_14778_, 149.84, 399.84, 1.79241
hold1314, 149.84, 399.84, 1.79241
FILLER_0_142_300, 149.84, 399.84, 1.79241
FILLER_0_142_312, 149.84, 399.84, 1.79241
_14791_, 162.64, 399.84, 1.79245
hold921, 162.64, 399.84, 1.79245
FILLER_0_143_328, 162.64, 399.84, 1.79245
_10281_, 188.24, 399.84, 1.79244
_13099_, 188.24, 399.84, 1.79244
_15949_, 188.24, 399.84, 1.79244
hold591, 188.24, 399.84, 1.79244
hold1002, 188.24, 399.84, 1.79244
FILLER_0_142_390, 188.24, 399.84, 1.79244
FILLER_0_143_393, 188.24, 399.84, 1.79244
FILLER_0_143_406, 188.24, 399.84, 1.79244
_07993_, 201.04, 399.84, 1.79241
_08203_, 201.04, 399.84, 1.79241
_14784_, 201.04, 399.84, 1.79241
FILLER_0_142_413, 201.04, 399.84, 1.79241
FILLER_0_142_421, 201.04, 399.84, 1.79241
FILLER_0_143_429, 201.04, 399.84, 1.79241
FILLER_0_143_438, 201.04, 399.84, 1.79241
_10936_, 213.84, 399.84, 1.79237
_10939_, 213.84, 399.84, 1.79237
_14517_, 213.84, 399.84, 1.79237
_16479_, 213.84, 399.84, 1.79237
hold862, 213.84, 399.84, 1.79237
FILLER_0_144_462, 213.84, 399.84, 1.79237
_13060_, 226.64, 399.84, 1.79235
_13061_, 226.64, 399.84, 1.79235
_15931_, 226.64, 399.84, 1.79235
hold1102, 226.64, 399.84, 1.79235
FILLER_0_142_467, 226.64, 399.84, 1.79235
FILLER_0_142_477, 226.64, 399.84, 1.79235
FILLER_0_144_493, 226.64, 399.84, 1.79235
_08862_, 239.44, 399.84, 1.79233
_09142_, 239.44, 399.84, 1.79233
_14853_, 239.44, 399.84, 1.79233
hold1488, 239.44, 399.84, 1.79233
FILLER_0_143_499, 239.44, 399.84, 1.79233
_07522_, 252.24, 399.84, 1.79232
_15056_, 252.24, 399.84, 1.79232
FILLER_0_142_524, 252.24, 399.84, 1.79232
FILLER_0_142_533, 252.24, 399.84, 1.79232
FILLER_0_143_531, 252.24, 399.84, 1.79232
FILLER_0_144_547, 252.24, 399.84, 1.79232
_10178_, 265.04, 399.84, 1.79231
_10393_, 265.04, 399.84, 1.79231
_14508_, 265.04, 399.84, 1.79231
_16475_, 265.04, 399.84, 1.79231
FILLER_0_143_561, 265.04, 399.84, 1.79231
hold1063, 277.84, 399.84, 1.79233
FILLER_0_142_580, 277.84, 399.84, 1.79233
FILLER_0_142_589, 277.84, 399.84, 1.79233
FILLER_0_143_603, 277.84, 399.84, 1.79233
_15924_, 290.64, 399.84, 1.79234
clkbuf_leaf_90_clk, 290.64, 399.84, 1.79234
hold562, 290.64, 399.84, 1.79234
hold568, 290.64, 399.84, 1.79234
FILLER_0_144_623, 290.64, 399.84, 1.79234
_13080_, 303.44, 399.84, 1.79238
_13081_, 303.44, 399.84, 1.79238
_15940_, 303.44, 399.84, 1.79238
hold526, 303.44, 399.84, 1.79238
FILLER_0_143_638, 303.44, 399.84, 1.79238
FILLER_0_144_657, 303.44, 399.84, 1.79238
_09339_, 316.24, 399.84, 1.79242
_09340_, 316.24, 399.84, 1.79242
_15053_, 316.24, 399.84, 1.79242
FILLER_0_143_665, 316.24, 399.84, 1.79242
FILLER_0_144_683, 316.24, 399.84, 1.79242
_07478_, 341.84, 399.84, 1.79243
_07482_, 341.84, 399.84, 1.79243
_07718_, 341.84, 399.84, 1.79243
_10636_, 341.84, 399.84, 1.79243
_16468_, 341.84, 399.84, 1.79243
FILLER_0_143_723, 341.84, 399.84, 1.79243
FILLER_0_143_729, 341.84, 399.84, 1.79243
_14493_, 354.64, 399.84, 1.79239
_14767_, 354.64, 399.84, 1.79239
_16599_, 354.64, 399.84, 1.79239
FILLER_0_142_757, 354.64, 399.84, 1.79239
FILLER_0_143_751, 354.64, 399.84, 1.79239
FILLER_0_144_765, 354.64, 399.84, 1.79239
_09538_, 367.44, 399.84, 1.79237
_09539_, 367.44, 399.84, 1.79237
_10189_, 367.44, 399.84, 1.79237
_14848_, 367.44, 399.84, 1.79237
_15136_, 367.44, 399.84, 1.79237
hold892, 367.44, 399.84, 1.79237
FILLER_0_142_781, 367.44, 399.84, 1.79237
_07966_, 380.24, 399.84, 1.79235
_08847_, 380.24, 399.84, 1.79235
_16134_, 380.24, 399.84, 1.79235
FILLER_0_142_803, 380.24, 399.84, 1.79235
_08841_, 393.04, 399.84, 1.79235
_09131_, 393.04, 399.84, 1.79235
_09969_, 393.04, 399.84, 1.79235
hold1467, 393.04, 399.84, 1.79235
FILLER_0_144_855, 393.04, 399.84, 1.79235
_07855_, 405.84, 399.84, 1.79236
_09966_, 405.84, 399.84, 1.79236
_14846_, 405.84, 399.84, 1.79236
hold1080, 405.84, 399.84, 1.79236
FILLER_0_142_869, 405.84, 399.84, 1.79236
_14958_, 418.64, 399.84, 1.79237
_16132_, 418.64, 399.84, 1.79237
clkbuf_leaf_114_clk, 418.64, 399.84, 1.79237
FILLER_0_142_895, 418.64, 399.84, 1.79237
FILLER_0_144_901, 418.64, 399.84, 1.79237
_08830_, 431.44, 399.84, 1.79242
_09528_, 431.44, 399.84, 1.79242
_09529_, 431.44, 399.84, 1.79242
_09907_, 431.44, 399.84, 1.79242
_13519_, 431.44, 399.84, 1.79242
hold1296, 431.44, 399.84, 1.79242
FILLER_0_142_914, 431.44, 399.84, 1.79242
FILLER_0_143_924, 431.44, 399.84, 1.79242
FILLER_0_143_935, 431.44, 399.84, 1.79242
FILLER_0_144_928, 431.44, 399.84, 1.79242
_08835_, 444.24, 399.84, 1.79248
_10174_, 444.24, 399.84, 1.79248
FILLER_0_142_949, 444.24, 399.84, 1.79248
FILLER_0_143_943, 444.24, 399.84, 1.79248
_09123_, 457.04, 399.84, 1.79255
_09124_, 457.04, 399.84, 1.79255
_14956_, 457.04, 399.84, 1.79255
FILLER_0_142_975, 457.04, 399.84, 1.79255
_09531_, 469.84, 399.84, 1.79262
hold1024, 469.84, 399.84, 1.79262
FILLER_0_143_1001, 469.84, 399.84, 1.79262
PHY_280, 5.52, 394.4, 1.79288
PHY_282, 5.52, 394.4, 1.79288
_14995_, 13.68, 394.4, 1.79288
_14572_, 34.64, 394.4, 1.79283
hold709, 34.64, 394.4, 1.79283
hold1389, 34.64, 394.4, 1.79283
FILLER_0_140_55, 34.64, 394.4, 1.79283
FILLER_0_141_65, 34.64, 394.4, 1.79283
_09385_, 47.44, 394.4, 1.79279
_15073_, 47.44, 394.4, 1.79279
hold1133, 47.44, 394.4, 1.79279
hold1318, 47.44, 394.4, 1.79279
FILLER_0_140_80, 47.44, 394.4, 1.79279
FILLER_0_140_85, 47.44, 394.4, 1.79279
_08180_, 60.24, 394.4, 1.79275
_08445_, 60.24, 394.4, 1.79275
_10104_, 60.24, 394.4, 1.79275
_10964_, 60.24, 394.4, 1.79275
_08054_, 73.04, 394.4, 1.79272
FILLER_0_140_141, 73.04, 394.4, 1.79272
FILLER_0_142_153, 73.04, 394.4, 1.79272
_08127_, 85.84, 394.4, 1.79268
_10475_, 85.84, 394.4, 1.79268
FILLER_0_141_161, 85.84, 394.4, 1.79268
FILLER_0_141_169, 85.84, 394.4, 1.79268
_09216_, 98.64, 394.4, 1.79266
_09217_, 98.64, 394.4, 1.79266
FILLER_0_140_190, 98.64, 394.4, 1.79266
FILLER_0_142_209, 98.64, 394.4, 1.79266
_08392_, 111.44, 394.4, 1.79263
_15944_, 111.44, 394.4, 1.79263
_15960_, 111.44, 394.4, 1.79263
FILLER_0_141_218, 111.44, 394.4, 1.79263
_13054_, 124.24, 394.4, 1.79261
_13090_, 124.24, 394.4, 1.79261
_15928_, 124.24, 394.4, 1.79261
hold534, 124.24, 394.4, 1.79261
_08095_, 137.04, 394.4, 1.7926
_08286_, 137.04, 394.4, 1.7926
_16588_, 137.04, 394.4, 1.7926
_10084_, 149.84, 394.4, 1.79259
_10518_, 149.84, 394.4, 1.79259
_13132_, 149.84, 394.4, 1.79259
_13133_, 149.84, 394.4, 1.79259
hold1362, 149.84, 394.4, 1.79259
FILLER_0_141_305, 149.84, 394.4, 1.79259
_10232_, 162.64, 394.4, 1.7926
_13097_, 162.64, 394.4, 1.7926
_15932_, 162.64, 394.4, 1.7926
hold533, 162.64, 394.4, 1.7926
FILLER_0_142_354, 162.64, 394.4, 1.7926
_07688_, 188.24, 394.4, 1.79254
_10762_, 201.04, 394.4, 1.79248
_13065_, 201.04, 394.4, 1.79248
_14783_, 201.04, 394.4, 1.79248
_15933_, 201.04, 394.4, 1.79248
_16607_, 201.04, 394.4, 1.79248
hold907, 201.04, 394.4, 1.79248
FILLER_0_142_429, 201.04, 394.4, 1.79248
_08254_, 213.84, 394.4, 1.79242
_10940_, 213.84, 394.4, 1.79242
_10947_, 213.84, 394.4, 1.79242
hold914, 213.84, 394.4, 1.79242
FILLER_0_140_443, 213.84, 394.4, 1.79242
_15947_, 226.64, 394.4, 1.79237
clkbuf_leaf_70_clk, 226.64, 394.4, 1.79237
FILLER_0_141_488, 226.64, 394.4, 1.79237
_08052_, 239.44, 394.4, 1.79235
_08285_, 239.44, 394.4, 1.79235
_08863_, 239.44, 394.4, 1.79235
_09329_, 239.44, 394.4, 1.79235
_09347_, 239.44, 394.4, 1.79235
_10368_, 239.44, 394.4, 1.79235
_13533_, 239.44, 394.4, 1.79235
FILLER_0_140_501, 239.44, 394.4, 1.79235
_09330_, 252.24, 394.4, 1.79236
_09345_, 252.24, 394.4, 1.79236
_09346_, 252.24, 394.4, 1.79236
_13534_, 252.24, 394.4, 1.79236
hold1097, 252.24, 394.4, 1.79236
FILLER_0_140_527, 252.24, 394.4, 1.79236
FILLER_0_140_533, 252.24, 394.4, 1.79236
FILLER_0_141_534, 252.24, 394.4, 1.79236
FILLER_0_141_547, 252.24, 394.4, 1.79236
_13036_, 265.04, 394.4, 1.79238
_13105_, 265.04, 394.4, 1.79238
_14440_, 265.04, 394.4, 1.79238
_14507_, 265.04, 394.4, 1.79238
_15919_, 265.04, 394.4, 1.79238
FILLER_0_141_561, 265.04, 394.4, 1.79238
FILLER_0_142_565, 265.04, 394.4, 1.79238
_07459_, 277.84, 394.4, 1.7924
_09337_, 277.84, 394.4, 1.7924
_09338_, 277.84, 394.4, 1.7924
_15052_, 277.84, 394.4, 1.7924
hold607, 277.84, 394.4, 1.7924
FILLER_0_140_585, 277.84, 394.4, 1.7924
FILLER_0_140_589, 277.84, 394.4, 1.7924
FILLER_0_141_591, 277.84, 394.4, 1.7924
_13045_, 290.64, 394.4, 1.79243
_13046_, 290.64, 394.4, 1.79243
_13116_, 290.64, 394.4, 1.79243
_15956_, 290.64, 394.4, 1.79243
FILLER_0_140_615, 290.64, 394.4, 1.79243
FILLER_0_141_610, 290.64, 394.4, 1.79243
_07823_, 303.44, 394.4, 1.79246
_09925_, 303.44, 394.4, 1.79246
hold593, 303.44, 394.4, 1.79246
FILLER_0_142_661, 303.44, 394.4, 1.79246
_09341_, 316.24, 394.4, 1.7925
_09342_, 316.24, 394.4, 1.7925
_15054_, 316.24, 394.4, 1.7925
hold756, 316.24, 394.4, 1.7925
FILLER_0_141_669, 316.24, 394.4, 1.7925
FILLER_0_142_689, 316.24, 394.4, 1.7925
_07469_, 341.84, 394.4, 1.79251
_07505_, 341.84, 394.4, 1.79251
_14494_, 341.84, 394.4, 1.79251
FILLER_0_141_729, 341.84, 394.4, 1.79251
FILLER_0_141_739, 341.84, 394.4, 1.79251
_14766_, 354.64, 394.4, 1.79247
clkbuf_leaf_102_clk, 354.64, 394.4, 1.79247
hold724, 354.64, 394.4, 1.79247
FILLER_0_140_752, 354.64, 394.4, 1.79247
FILLER_0_140_757, 354.64, 394.4, 1.79247
_08845_, 367.44, 394.4, 1.79246
_13262_, 367.44, 394.4, 1.79246
hold1199, 367.44, 394.4, 1.79246
FILLER_0_141_775, 367.44, 394.4, 1.79246
_07549_, 380.24, 394.4, 1.79245
_09970_, 380.24, 394.4, 1.79245
FILLER_0_140_813, 380.24, 394.4, 1.79245
_07913_, 393.04, 394.4, 1.79245
_09078_, 393.04, 394.4, 1.79245
FILLER_0_140_840, 393.04, 394.4, 1.79245
FILLER_0_141_834, 393.04, 394.4, 1.79245
FILLER_0_141_853, 393.04, 394.4, 1.79245
FILLER_0_142_847, 393.04, 394.4, 1.79245
_08839_, 405.84, 394.4, 1.79245
_09198_, 405.84, 394.4, 1.79245
_09967_, 405.84, 394.4, 1.79245
_10180_, 405.84, 394.4, 1.79245
hold1082, 405.84, 394.4, 1.79245
ANTENNA_108, 405.84, 394.4, 1.79245
FILLER_0_140_862, 405.84, 394.4, 1.79245
_07856_, 418.64, 394.4, 1.79247
_08726_, 418.64, 394.4, 1.79247
FILLER_0_141_886, 418.64, 394.4, 1.79247
FILLER_0_141_897, 418.64, 394.4, 1.79247
FILLER_0_141_909, 418.64, 394.4, 1.79247
_07551_, 431.44, 394.4, 1.7925
_07631_, 431.44, 394.4, 1.7925
_08725_, 431.44, 394.4, 1.7925
_08833_, 431.44, 394.4, 1.7925
FILLER_0_141_926, 431.44, 394.4, 1.7925
FILLER_0_141_932, 431.44, 394.4, 1.7925
_07690_, 444.24, 394.4, 1.79255
_07747_, 444.24, 394.4, 1.79255
_07748_, 444.24, 394.4, 1.79255
_08834_, 444.24, 394.4, 1.79255
FILLER_0_140_946, 444.24, 394.4, 1.79255
FILLER_0_141_942, 444.24, 394.4, 1.79255
FILLER_0_141_953, 444.24, 394.4, 1.79255
_09888_, 457.04, 394.4, 1.7926
_13514_, 457.04, 394.4, 1.7926
_13515_, 457.04, 394.4, 1.7926
_16130_, 457.04, 394.4, 1.7926
FILLER_0_141_977, 457.04, 394.4, 1.7926
FILLER_0_141_985, 457.04, 394.4, 1.7926
FILLER_0_140_1005, 469.84, 394.4, 1.79268
FILLER_0_141_997, 469.84, 394.4, 1.79268
FILLER_0_141_1005, 469.84, 394.4, 1.79268
PHY_276, 5.52, 388.96, 1.79292
PHY_278, 5.52, 388.96, 1.79292
input17, 5.52, 388.96, 1.79292
FILLER_0_140_3, 5.52, 388.96, 1.79292
_09208_, 13.68, 388.96, 1.79292
_09209_, 13.68, 388.96, 1.79292
_14568_, 34.64, 388.96, 1.79286
_14571_, 34.64, 388.96, 1.79286
_16508_, 34.64, 388.96, 1.79286
_16510_, 34.64, 388.96, 1.79286
FILLER_0_139_50, 34.64, 388.96, 1.79286
_08185_, 47.44, 388.96, 1.79281
_10106_, 47.44, 388.96, 1.79281
_14567_, 47.44, 388.96, 1.79281
hold796, 47.44, 388.96, 1.79281
_08066_, 60.24, 388.96, 1.79276
_10466_, 60.24, 388.96, 1.79276
_10467_, 60.24, 388.96, 1.79276
_08091_, 73.04, 388.96, 1.79272
_08092_, 73.04, 388.96, 1.79272
_08093_, 73.04, 388.96, 1.79272
_08198_, 73.04, 388.96, 1.79272
_10469_, 73.04, 388.96, 1.79272
FILLER_0_138_141, 73.04, 388.96, 1.79272
FILLER_0_139_156, 73.04, 388.96, 1.79272
_09207_, 85.84, 388.96, 1.79268
_09388_, 85.84, 388.96, 1.79268
_14994_, 85.84, 388.96, 1.79268
_15074_, 85.84, 388.96, 1.79268
hold945, 85.84, 388.96, 1.79268
FILLER_0_138_161, 85.84, 388.96, 1.79268
_09397_, 98.64, 388.96, 1.79265
_09398_, 98.64, 388.96, 1.79265
_14999_, 98.64, 388.96, 1.79265
_15079_, 98.64, 388.96, 1.79265
hold916, 98.64, 388.96, 1.79265
FILLER_0_138_190, 98.64, 388.96, 1.79265
FILLER_0_140_211, 98.64, 388.96, 1.79265
_08049_, 111.44, 388.96, 1.79263
_08818_, 111.44, 388.96, 1.79263
_13124_, 111.44, 388.96, 1.79263
hold578, 111.44, 388.96, 1.79263
ANTENNA_81, 111.44, 388.96, 1.79263
ANTENNA_107, 111.44, 388.96, 1.79263
FILLER_0_139_225, 111.44, 388.96, 1.79263
_08094_, 124.24, 388.96, 1.79262
_10507_, 124.24, 388.96, 1.79262
_13055_, 124.24, 388.96, 1.79262
_13089_, 124.24, 388.96, 1.79262
ANTENNA_102, 124.24, 388.96, 1.79262
FILLER_0_138_249, 124.24, 388.96, 1.79262
_14742_, 137.04, 388.96, 1.79261
clkbuf_leaf_60_clk, 137.04, 388.96, 1.79261
FILLER_0_138_276, 137.04, 388.96, 1.79261
_07772_, 149.84, 388.96, 1.79263
_08098_, 149.84, 388.96, 1.79263
_08099_, 149.84, 388.96, 1.79263
_08178_, 149.84, 388.96, 1.79263
_08199_, 149.84, 388.96, 1.79263
_15964_, 149.84, 388.96, 1.79263
FILLER_0_138_309, 149.84, 388.96, 1.79263
FILLER_0_140_317, 149.84, 388.96, 1.79263
_08306_, 162.64, 388.96, 1.79265
_13098_, 162.64, 388.96, 1.79265
hold730, 162.64, 388.96, 1.79265
_07494_, 188.24, 388.96, 1.79261
_08359_, 188.24, 388.96, 1.79261
_10751_, 188.24, 388.96, 1.79261
hold738, 188.24, 388.96, 1.79261
FILLER_0_139_393, 188.24, 388.96, 1.79261
_07997_, 201.04, 388.96, 1.79255
_08047_, 201.04, 388.96, 1.79255
_13064_, 201.04, 388.96, 1.79255
ANTENNA_120, 201.04, 388.96, 1.79255
FILLER_0_138_414, 201.04, 388.96, 1.79255
FILLER_0_139_417, 201.04, 388.96, 1.79255
_15061_, 213.84, 388.96, 1.7925
hold583, 213.84, 388.96, 1.7925
FILLER_0_138_452, 213.84, 388.96, 1.7925
FILLER_0_139_444, 213.84, 388.96, 1.7925
FILLER_0_139_449, 213.84, 388.96, 1.7925
_08253_, 226.64, 388.96, 1.79245
_10799_, 226.64, 388.96, 1.79245
_13096_, 226.64, 388.96, 1.79245
hold746, 226.64, 388.96, 1.79245
FILLER_0_138_468, 226.64, 388.96, 1.79245
FILLER_0_139_469, 226.64, 388.96, 1.79245
_09549_, 239.44, 388.96, 1.79241
_09550_, 239.44, 388.96, 1.79241
_15141_, 239.44, 388.96, 1.79241
_16139_, 239.44, 388.96, 1.79241
FILLER_0_139_497, 239.44, 388.96, 1.79241
_10041_, 252.24, 388.96, 1.79238
_10844_, 252.24, 388.96, 1.79238
_10845_, 252.24, 388.96, 1.79238
clkbuf_leaf_92_clk, 252.24, 388.96, 1.79238
ANTENNA_113, 252.24, 388.96, 1.79238
ANTENNA_128, 252.24, 388.96, 1.79238
FILLER_0_138_533, 252.24, 388.96, 1.79238
_07465_, 265.04, 388.96, 1.79239
_09893_, 265.04, 388.96, 1.79239
_13035_, 265.04, 388.96, 1.79239
_13106_, 265.04, 388.96, 1.79239
_15951_, 265.04, 388.96, 1.79239
hold523, 265.04, 388.96, 1.79239
_07466_, 277.84, 388.96, 1.79243
_07895_, 277.84, 388.96, 1.79243
FILLER_0_138_585, 277.84, 388.96, 1.79243
_13039_, 290.64, 388.96, 1.79246
_13115_, 290.64, 388.96, 1.79246
FILLER_0_138_608, 290.64, 388.96, 1.79246
_07650_, 303.44, 388.96, 1.7925
_07824_, 303.44, 388.96, 1.7925
FILLER_0_138_645, 303.44, 388.96, 1.7925
FILLER_0_139_653, 303.44, 388.96, 1.7925
FILLER_0_139_661, 303.44, 388.96, 1.7925
_07541_, 316.24, 388.96, 1.79253
_07838_, 316.24, 388.96, 1.79253
clkbuf_leaf_89_clk, 316.24, 388.96, 1.79253
ANTENNA_119, 316.24, 388.96, 1.79253
FILLER_0_139_669, 316.24, 388.96, 1.79253
FILLER_0_139_673, 316.24, 388.96, 1.79253
_07559_, 341.84, 388.96, 1.79256
_07657_, 341.84, 388.96, 1.79256
_10639_, 341.84, 388.96, 1.79256
ANTENNA_110, 341.84, 388.96, 1.79256
FILLER_0_138_725, 341.84, 388.96, 1.79256
FILLER_0_139_720, 341.84, 388.96, 1.79256
FILLER_0_139_729, 341.84, 388.96, 1.79256
_14497_, 354.64, 388.96, 1.79254
_14498_, 354.64, 388.96, 1.79254
_14499_, 354.64, 388.96, 1.79254
_14500_, 354.64, 388.96, 1.79254
_16471_, 354.64, 388.96, 1.79254
hold699, 354.64, 388.96, 1.79254
FILLER_0_138_752, 354.64, 388.96, 1.79254
FILLER_0_139_756, 354.64, 388.96, 1.79254
_14764_, 367.44, 388.96, 1.79251
_14765_, 367.44, 388.96, 1.79251
_16598_, 367.44, 388.96, 1.79251
clkbuf_leaf_103_clk, 367.44, 388.96, 1.79251
hold1207, 367.44, 388.96, 1.79251
FILLER_0_140_787, 367.44, 388.96, 1.79251
_07544_, 380.24, 388.96, 1.79251
_07546_, 380.24, 388.96, 1.79251
_07920_, 380.24, 388.96, 1.79251
_07930_, 380.24, 388.96, 1.79251
_07932_, 380.24, 388.96, 1.79251
_07967_, 380.24, 388.96, 1.79251
_07971_, 380.24, 388.96, 1.79251
_07974_, 380.24, 388.96, 1.79251
FILLER_0_139_807, 380.24, 388.96, 1.79251
FILLER_0_140_827, 380.24, 388.96, 1.79251
_07568_, 393.04, 388.96, 1.79252
_07803_, 393.04, 388.96, 1.79252
_07810_, 393.04, 388.96, 1.79252
_11677_, 393.04, 388.96, 1.79252
_14990_, 393.04, 388.96, 1.79252
FILLER_0_139_830, 393.04, 388.96, 1.79252
FILLER_0_139_841, 393.04, 388.96, 1.79252
_09197_, 405.84, 388.96, 1.79254
_09378_, 405.84, 388.96, 1.79254
_09379_, 405.84, 388.96, 1.79254
hold747, 405.84, 388.96, 1.79254
_07649_, 418.64, 388.96, 1.79256
_07862_, 418.64, 388.96, 1.79256
_07863_, 418.64, 388.96, 1.79256
_09062_, 418.64, 388.96, 1.79256
_09959_, 418.64, 388.96, 1.79256
_11671_, 418.64, 388.96, 1.79256
FILLER_0_139_891, 418.64, 388.96, 1.79256
FILLER_0_140_904, 418.64, 388.96, 1.79256
_07570_, 431.44, 388.96, 1.7926
_07594_, 431.44, 388.96, 1.7926
_07638_, 431.44, 388.96, 1.7926
_07648_, 431.44, 388.96, 1.7926
_07765_, 431.44, 388.96, 1.7926
_07766_, 431.44, 388.96, 1.7926
_07860_, 431.44, 388.96, 1.7926
FILLER_0_138_920, 431.44, 388.96, 1.7926
FILLER_0_139_917, 431.44, 388.96, 1.7926
_07564_, 444.24, 388.96, 1.79264
_07569_, 444.24, 388.96, 1.79264
_07699_, 444.24, 388.96, 1.79264
_07755_, 444.24, 388.96, 1.79264
FILLER_0_139_965, 444.24, 388.96, 1.79264
FILLER_0_140_966, 444.24, 388.96, 1.79264
_07567_, 457.04, 388.96, 1.79269
_14551_, 457.04, 388.96, 1.79269
FILLER_0_139_995, 457.04, 388.96, 1.79269
_09188_, 469.84, 388.96, 1.79275
_09369_, 469.84, 388.96, 1.79275
_14985_, 469.84, 388.96, 1.79275
_15065_, 469.84, 388.96, 1.79275
clkbuf_leaf_112_clk, 469.84, 388.96, 1.79275
PHY_272, 5.52, 383.52, 1.793
PHY_274, 5.52, 383.52, 1.793
_15000_, 13.68, 383.52, 1.793
_14581_, 34.64, 383.52, 1.79295
_14582_, 34.64, 383.52, 1.79295
_16515_, 34.64, 383.52, 1.79295
hold1360, 34.64, 383.52, 1.79295
hold1455, 34.64, 383.52, 1.79295
FILLER_0_137_65, 34.64, 383.52, 1.79295
FILLER_0_138_64, 34.64, 383.52, 1.79295
_10107_, 47.44, 383.52, 1.7929
_10247_, 47.44, 383.52, 1.7929
FILLER_0_136_81, 47.44, 383.52, 1.7929
FILLER_0_136_85, 47.44, 383.52, 1.7929
FILLER_0_137_96, 47.44, 383.52, 1.7929
FILLER_0_138_93, 47.44, 383.52, 1.7929
_08186_, 60.24, 383.52, 1.79286
_08187_, 60.24, 383.52, 1.79286
_10248_, 60.24, 383.52, 1.79286
_10468_, 60.24, 383.52, 1.79286
FILLER_0_137_109, 60.24, 383.52, 1.79286
FILLER_0_137_130, 60.24, 383.52, 1.79286
_08068_, 73.04, 383.52, 1.79282
_08069_, 73.04, 383.52, 1.79282
_08197_, 73.04, 383.52, 1.79282
FILLER_0_136_136, 73.04, 383.52, 1.79282
_07696_, 85.84, 383.52, 1.79278
_09387_, 85.84, 383.52, 1.79278
clkbuf_leaf_48_clk, 85.84, 383.52, 1.79278
hold889, 85.84, 383.52, 1.79278
FILLER_0_137_164, 85.84, 383.52, 1.79278
hold771, 98.64, 383.52, 1.79277
FILLER_0_138_213, 98.64, 383.52, 1.79277
_08398_, 111.44, 383.52, 1.79275
_08399_, 111.44, 383.52, 1.79275
_09094_, 111.44, 383.52, 1.79275
_09350_, 111.44, 383.52, 1.79275
_13125_, 111.44, 383.52, 1.79275
_15058_, 111.44, 383.52, 1.79275
FILLER_0_137_221, 111.44, 383.52, 1.79275
FILLER_0_137_225, 111.44, 383.52, 1.79275
_08090_, 124.24, 383.52, 1.79275
hold681, 124.24, 383.52, 1.79275
ANTENNA_121, 124.24, 383.52, 1.79275
FILLER_0_137_249, 124.24, 383.52, 1.79275
_08048_, 137.04, 383.52, 1.79275
_08109_, 137.04, 383.52, 1.79275
_14743_, 137.04, 383.52, 1.79275
_14745_, 137.04, 383.52, 1.79275
FILLER_0_136_273, 137.04, 383.52, 1.79275
FILLER_0_136_281, 137.04, 383.52, 1.79275
FILLER_0_137_293, 137.04, 383.52, 1.79275
FILLER_0_138_289, 137.04, 383.52, 1.79275
_08097_, 149.84, 383.52, 1.79275
_10511_, 149.84, 383.52, 1.79275
hold644, 149.84, 383.52, 1.79275
FILLER_0_137_306, 149.84, 383.52, 1.79275
FILLER_0_137_327, 149.84, 383.52, 1.79275
_10315_, 162.64, 383.52, 1.79275
_15948_, 162.64, 383.52, 1.79275
_07526_, 188.24, 383.52, 1.79272
_07651_, 188.24, 383.52, 1.79272
_08360_, 188.24, 383.52, 1.79272
_08374_, 188.24, 383.52, 1.79272
hold823, 188.24, 383.52, 1.79272
FILLER_0_136_395, 188.24, 383.52, 1.79272
FILLER_0_137_405, 188.24, 383.52, 1.79272
_07996_, 201.04, 383.52, 1.79268
_08268_, 201.04, 383.52, 1.79268
FILLER_0_136_413, 201.04, 383.52, 1.79268
FILLER_0_137_419, 201.04, 383.52, 1.79268
FILLER_0_138_430, 201.04, 383.52, 1.79268
_08258_, 213.84, 383.52, 1.79263
_09356_, 213.84, 383.52, 1.79263
_09357_, 213.84, 383.52, 1.79263
_14519_, 213.84, 383.52, 1.79263
clkbuf_leaf_71_clk, 213.84, 383.52, 1.79263
hold1279, 213.84, 383.52, 1.79263
FILLER_0_137_442, 213.84, 383.52, 1.79263
_10801_, 226.64, 383.52, 1.79262
_13095_, 226.64, 383.52, 1.79262
hold707, 226.64, 383.52, 1.79262
FILLER_0_137_475, 226.64, 383.52, 1.79262
_07527_, 239.44, 383.52, 1.79261
_10802_, 239.44, 383.52, 1.79261
hold1391, 239.44, 383.52, 1.79261
FILLER_0_137_500, 239.44, 383.52, 1.79261
FILLER_0_137_505, 239.44, 383.52, 1.79261
FILLER_0_138_516, 239.44, 383.52, 1.79261
_10846_, 252.24, 383.52, 1.79261
_10847_, 252.24, 383.52, 1.79261
_13117_, 252.24, 383.52, 1.79261
_13118_, 252.24, 383.52, 1.79261
FILLER_0_136_529, 252.24, 383.52, 1.79261
FILLER_0_137_536, 252.24, 383.52, 1.79261
FILLER_0_138_548, 252.24, 383.52, 1.79261
_10634_, 265.04, 383.52, 1.79261
_07477_, 277.84, 383.52, 1.79262
_07877_, 277.84, 383.52, 1.79262
_07911_, 277.84, 383.52, 1.79262
_13110_, 277.84, 383.52, 1.79262
_15953_, 277.84, 383.52, 1.79262
FILLER_0_136_584, 277.84, 383.52, 1.79262
FILLER_0_136_589, 277.84, 383.52, 1.79262
FILLER_0_137_585, 277.84, 383.52, 1.79262
FILLER_0_138_596, 277.84, 383.52, 1.79262
_13109_, 290.64, 383.52, 1.79263
_15921_, 290.64, 383.52, 1.79263
hold675, 290.64, 383.52, 1.79263
hold973, 290.64, 383.52, 1.79263
FILLER_0_136_606, 290.64, 383.52, 1.79263
_07603_, 303.44, 383.52, 1.79265
_07613_, 303.44, 383.52, 1.79265
_07629_, 303.44, 383.52, 1.79265
_07653_, 303.44, 383.52, 1.79265
_10574_, 303.44, 383.52, 1.79265
_09202_, 316.24, 383.52, 1.79268
_09336_, 316.24, 383.52, 1.79268
_14565_, 316.24, 383.52, 1.79268
_15051_, 316.24, 383.52, 1.79268
_16507_, 316.24, 383.52, 1.79268
FILLER_0_137_663, 316.24, 383.52, 1.79268
FILLER_0_138_684, 316.24, 383.52, 1.79268
_07655_, 341.84, 383.52, 1.7927
_07656_, 341.84, 383.52, 1.7927
_10576_, 341.84, 383.52, 1.7927
_16470_, 341.84, 383.52, 1.7927
FILLER_0_136_727, 341.84, 383.52, 1.7927
FILLER_0_137_729, 341.84, 383.52, 1.7927
_07972_, 354.64, 383.52, 1.7927
_10396_, 354.64, 383.52, 1.7927
FILLER_0_136_753, 354.64, 383.52, 1.7927
FILLER_0_137_753, 354.64, 383.52, 1.7927
_07931_, 367.44, 383.52, 1.7927
_09383_, 367.44, 383.52, 1.7927
_15072_, 367.44, 383.52, 1.7927
hold1426, 367.44, 383.52, 1.7927
FILLER_0_137_779, 367.44, 383.52, 1.7927
FILLER_0_138_789, 367.44, 383.52, 1.7927
FILLER_0_138_797, 367.44, 383.52, 1.7927
_07565_, 380.24, 383.52, 1.7927
_07917_, 380.24, 383.52, 1.7927
_07919_, 380.24, 383.52, 1.7927
_07973_, 380.24, 383.52, 1.7927
FILLER_0_136_809, 380.24, 383.52, 1.7927
FILLER_0_136_813, 380.24, 383.52, 1.7927
FILLER_0_137_818, 380.24, 383.52, 1.7927
_07807_, 393.04, 383.52, 1.79271
_07809_, 393.04, 383.52, 1.79271
_09377_, 393.04, 383.52, 1.79271
_15069_, 393.04, 383.52, 1.79271
FILLER_0_137_837, 393.04, 383.52, 1.79271
FILLER_0_137_853, 393.04, 383.52, 1.79271
FILLER_0_138_853, 393.04, 383.52, 1.79271
_07861_, 405.84, 383.52, 1.79272
_09955_, 405.84, 383.52, 1.79272
_09957_, 405.84, 383.52, 1.79272
_09958_, 405.84, 383.52, 1.79272
_15070_, 405.84, 383.52, 1.79272
FILLER_0_136_859, 405.84, 383.52, 1.79272
FILLER_0_137_870, 405.84, 383.52, 1.79272
_07637_, 418.64, 383.52, 1.79274
_14425_, 418.64, 383.52, 1.79274
_14428_, 418.64, 383.52, 1.79274
FILLER_0_137_897, 418.64, 383.52, 1.79274
FILLER_0_138_900, 418.64, 383.52, 1.79274
_07635_, 431.44, 383.52, 1.79277
_07754_, 431.44, 383.52, 1.79277
_14555_, 431.44, 383.52, 1.79277
_16502_, 431.44, 383.52, 1.79277
_07695_, 444.24, 383.52, 1.7928
_07698_, 444.24, 383.52, 1.7928
_07752_, 444.24, 383.52, 1.7928
_10597_, 444.24, 383.52, 1.7928
_14550_, 444.24, 383.52, 1.7928
_16500_, 444.24, 383.52, 1.7928
hold671, 444.24, 383.52, 1.7928
FILLER_0_136_949, 444.24, 383.52, 1.7928
FILLER_0_137_943, 444.24, 383.52, 1.7928
FILLER_0_137_953, 444.24, 383.52, 1.7928
FILLER_0_137_959, 444.24, 383.52, 1.7928
FILLER_0_138_959, 444.24, 383.52, 1.7928
_10657_, 457.04, 383.52, 1.79284
_10658_, 457.04, 383.52, 1.79284
hold751, 457.04, 383.52, 1.79284
FILLER_0_136_974, 457.04, 383.52, 1.79284
FILLER_0_137_982, 457.04, 383.52, 1.79284
_09187_, 469.84, 383.52, 1.79288
_09368_, 469.84, 383.52, 1.79288
_09373_, 469.84, 383.52, 1.79288
hold787, 469.84, 383.52, 1.79288
hold1449, 469.84, 383.52, 1.79288
PHY_268, 5.52, 378.08, 1.79306
PHY_270, 5.52, 378.08, 1.79306
FILLER_0_136_3, 5.52, 378.08, 1.79306
_09219_, 13.68, 378.08, 1.79306
_08762_, 34.64, 378.08, 1.79299
_08763_, 34.64, 378.08, 1.79299
_08773_, 34.64, 378.08, 1.79299
_14824_, 34.64, 378.08, 1.79299
clkbuf_leaf_50_clk, 34.64, 378.08, 1.79299
hold1429, 34.64, 378.08, 1.79299
FILLER_0_135_57, 34.64, 378.08, 1.79299
FILLER_0_136_70, 34.64, 378.08, 1.79299
_08450_, 47.44, 378.08, 1.79295
_08758_, 47.44, 378.08, 1.79295
_08759_, 47.44, 378.08, 1.79295
_10249_, 47.44, 378.08, 1.79295
_14817_, 47.44, 378.08, 1.79295
FILLER_0_134_85, 47.44, 378.08, 1.79295
FILLER_0_135_82, 47.44, 378.08, 1.79295
_08451_, 60.24, 378.08, 1.79292
_08452_, 60.24, 378.08, 1.79292
FILLER_0_135_113, 60.24, 378.08, 1.79292
FILLER_0_135_121, 60.24, 378.08, 1.79292
FILLER_0_136_125, 60.24, 378.08, 1.79292
_08134_, 73.04, 378.08, 1.7929
_09206_, 73.04, 378.08, 1.7929
FILLER_0_134_135, 73.04, 378.08, 1.7929
FILLER_0_134_141, 73.04, 378.08, 1.7929
FILLER_0_135_152, 73.04, 378.08, 1.7929
FILLER_0_136_153, 73.04, 378.08, 1.7929
_08132_, 85.84, 378.08, 1.79287
_10531_, 85.84, 378.08, 1.79287
_14569_, 85.84, 378.08, 1.79287
FILLER_0_135_169, 85.84, 378.08, 1.79287
_08133_, 98.64, 378.08, 1.79285
_08397_, 98.64, 378.08, 1.79285
_10775_, 98.64, 378.08, 1.79285
_16514_, 98.64, 378.08, 1.79285
FILLER_0_135_197, 98.64, 378.08, 1.79285
_09351_, 111.44, 378.08, 1.79283
_10777_, 111.44, 378.08, 1.79283
ANTENNA_111, 111.44, 378.08, 1.79283
FILLER_0_136_232, 111.44, 378.08, 1.79283
_08064_, 124.24, 378.08, 1.79281
_08067_, 124.24, 378.08, 1.79281
_08293_, 124.24, 378.08, 1.79281
FILLER_0_134_253, 124.24, 378.08, 1.79281
FILLER_0_135_250, 124.24, 378.08, 1.79281
_08096_, 137.04, 378.08, 1.7928
_10509_, 137.04, 378.08, 1.7928
_10510_, 137.04, 378.08, 1.7928
_10512_, 137.04, 378.08, 1.7928
_16589_, 137.04, 378.08, 1.7928
hold573, 137.04, 378.08, 1.7928
FILLER_0_136_287, 137.04, 378.08, 1.7928
_10508_, 149.84, 378.08, 1.79281
_14512_, 149.84, 378.08, 1.79281
_14513_, 149.84, 378.08, 1.79281
_14779_, 149.84, 378.08, 1.79281
_16605_, 149.84, 378.08, 1.79281
FILLER_0_134_305, 149.84, 378.08, 1.79281
FILLER_0_134_309, 149.84, 378.08, 1.79281
_14780_, 162.64, 378.08, 1.79282
_14787_, 162.64, 378.08, 1.79282
hold1132, 162.64, 378.08, 1.79282
FILLER_0_134_332, 162.64, 378.08, 1.79282
FILLER_0_135_345, 162.64, 378.08, 1.79282
FILLER_0_136_348, 162.64, 378.08, 1.79282
_08362_, 188.24, 378.08, 1.79279
_08363_, 188.24, 378.08, 1.79279
_08364_, 188.24, 378.08, 1.79279
_14522_, 188.24, 378.08, 1.79279
_14523_, 188.24, 378.08, 1.79279
_14789_, 188.24, 378.08, 1.79279
_14790_, 188.24, 378.08, 1.79279
FILLER_0_135_384, 188.24, 378.08, 1.79279
FILLER_0_135_399, 188.24, 378.08, 1.79279
_08257_, 201.04, 378.08, 1.79274
_14786_, 201.04, 378.08, 1.79274
_16480_, 201.04, 378.08, 1.79274
hold1118, 201.04, 378.08, 1.79274
FILLER_0_134_416, 201.04, 378.08, 1.79274
FILLER_0_134_421, 201.04, 378.08, 1.79274
_08255_, 213.84, 378.08, 1.79269
_08256_, 213.84, 378.08, 1.79269
_10800_, 213.84, 378.08, 1.79269
_14716_, 213.84, 378.08, 1.79269
_16576_, 213.84, 378.08, 1.79269
_14715_, 226.64, 378.08, 1.79266
_14750_, 226.64, 378.08, 1.79266
_16592_, 226.64, 378.08, 1.79266
hold1409, 226.64, 378.08, 1.79266
FILLER_0_135_479, 226.64, 378.08, 1.79266
FILLER_0_136_485, 226.64, 378.08, 1.79266
_09328_, 239.44, 378.08, 1.79264
_10078_, 239.44, 378.08, 1.79264
_15925_, 239.44, 378.08, 1.79264
FILLER_0_134_500, 239.44, 378.08, 1.79264
FILLER_0_135_498, 239.44, 378.08, 1.79264
FILLER_0_135_511, 239.44, 378.08, 1.79264
FILLER_0_136_517, 239.44, 378.08, 1.79264
_07876_, 252.24, 378.08, 1.79265
_10983_, 252.24, 378.08, 1.79265
_13047_, 252.24, 378.08, 1.79265
_13048_, 252.24, 378.08, 1.79265
FILLER_0_134_528, 252.24, 378.08, 1.79265
FILLER_0_136_542, 252.24, 378.08, 1.79265
_15920_, 265.04, 378.08, 1.79266
_15952_, 265.04, 378.08, 1.79266
FILLER_0_135_561, 265.04, 378.08, 1.79266
_07880_, 277.84, 378.08, 1.79268
_07881_, 277.84, 378.08, 1.79268
_13037_, 277.84, 378.08, 1.79268
_13107_, 277.84, 378.08, 1.79268
hold735, 277.84, 378.08, 1.79268
hold951, 277.84, 378.08, 1.79268
FILLER_0_136_597, 277.84, 378.08, 1.79268
_07599_, 290.64, 378.08, 1.7927
_07652_, 290.64, 378.08, 1.7927
_07879_, 290.64, 378.08, 1.7927
_13040_, 290.64, 378.08, 1.7927
FILLER_0_135_610, 290.64, 378.08, 1.7927
FILLER_0_135_629, 290.64, 378.08, 1.7927
_07602_, 303.44, 378.08, 1.79272
FILLER_0_135_660, 303.44, 378.08, 1.79272
_07669_, 316.24, 378.08, 1.79275
_09335_, 316.24, 378.08, 1.79275
_10579_, 316.24, 378.08, 1.79275
_14564_, 316.24, 378.08, 1.79275
hold1443, 316.24, 378.08, 1.79275
FILLER_0_134_666, 316.24, 378.08, 1.79275
_07654_, 341.84, 378.08, 1.79275
_10575_, 341.84, 378.08, 1.79275
_10577_, 341.84, 378.08, 1.79275
_10578_, 341.84, 378.08, 1.79275
FILLER_0_134_726, 341.84, 378.08, 1.79275
FILLER_0_135_723, 341.84, 378.08, 1.79275
_14730_, 354.64, 378.08, 1.79273
_16582_, 354.64, 378.08, 1.79273
ANTENNA_68, 354.64, 378.08, 1.79273
FILLER_0_134_751, 354.64, 378.08, 1.79273
FILLER_0_134_757, 354.64, 378.08, 1.79273
FILLER_0_135_748, 354.64, 378.08, 1.79273
FILLER_0_136_770, 354.64, 378.08, 1.79273
_09382_, 367.44, 378.08, 1.79271
_14431_, 367.44, 378.08, 1.79271
_14558_, 367.44, 378.08, 1.79271
_14694_, 367.44, 378.08, 1.79271
hold949, 367.44, 378.08, 1.79271
hold1332, 367.44, 378.08, 1.79271
_09196_, 380.24, 378.08, 1.79271
_10705_, 380.24, 378.08, 1.79271
_10706_, 380.24, 378.08, 1.79271
hold691, 380.24, 378.08, 1.79271
hold1073, 380.24, 378.08, 1.79271
FILLER_0_136_824, 380.24, 378.08, 1.79271
_09376_, 393.04, 378.08, 1.79271
hold739, 393.04, 378.08, 1.79271
FILLER_0_135_832, 393.04, 378.08, 1.79271
_14561_, 405.84, 378.08, 1.79271
_16505_, 405.84, 378.08, 1.79271
clkbuf_leaf_115_clk, 405.84, 378.08, 1.79271
hold817, 405.84, 378.08, 1.79271
_09193_, 418.64, 378.08, 1.79274
_14814_, 418.64, 378.08, 1.79274
hold880, 418.64, 378.08, 1.79274
FILLER_0_135_892, 418.64, 378.08, 1.79274
FILLER_0_135_897, 418.64, 378.08, 1.79274
FILLER_0_136_902, 418.64, 378.08, 1.79274
_14554_, 431.44, 378.08, 1.79277
_14557_, 431.44, 378.08, 1.79277
hold763, 431.44, 378.08, 1.79277
FILLER_0_134_920, 431.44, 378.08, 1.79277
_07697_, 444.24, 378.08, 1.79281
clkbuf_leaf_113_clk, 444.24, 378.08, 1.79281
FILLER_0_135_942, 444.24, 378.08, 1.79281
_08741_, 457.04, 378.08, 1.79286
_08746_, 457.04, 378.08, 1.79286
_14809_, 457.04, 378.08, 1.79286
hold1038, 457.04, 378.08, 1.79286
FILLER_0_135_985, 457.04, 378.08, 1.79286
_09192_, 469.84, 378.08, 1.79292
_09372_, 469.84, 378.08, 1.79292
_14987_, 469.84, 378.08, 1.79292
_15067_, 469.84, 378.08, 1.79292
_14952_, 5.52, 372.64, 1.79312
PHY_264, 5.52, 372.64, 1.79312
PHY_266, 5.52, 372.64, 1.79312
_09114_, 13.68, 372.64, 1.79313
_14996_, 13.68, 372.64, 1.79313
_08772_, 34.64, 372.64, 1.79307
_10246_, 34.64, 372.64, 1.79307
_14920_, 34.64, 372.64, 1.79307
FILLER_0_132_57, 34.64, 372.64, 1.79307
FILLER_0_133_57, 34.64, 372.64, 1.79307
FILLER_0_134_77, 34.64, 372.64, 1.79307
hold660, 47.44, 372.64, 1.79303
hold1040, 47.44, 372.64, 1.79303
FILLER_0_132_79, 47.44, 372.64, 1.79303
_08184_, 60.24, 372.64, 1.79298
_08237_, 60.24, 372.64, 1.79298
_08240_, 60.24, 372.64, 1.79298
_08449_, 60.24, 372.64, 1.79298
_09391_, 60.24, 372.64, 1.79298
FILLER_0_132_108, 60.24, 372.64, 1.79298
FILLER_0_132_116, 60.24, 372.64, 1.79298
FILLER_0_133_106, 60.24, 372.64, 1.79298
FILLER_0_133_113, 60.24, 372.64, 1.79298
FILLER_0_134_120, 60.24, 372.64, 1.79298
_08063_, 73.04, 372.64, 1.79294
_08239_, 73.04, 372.64, 1.79294
_08649_, 73.04, 372.64, 1.79294
_09392_, 73.04, 372.64, 1.79294
_14570_, 73.04, 372.64, 1.79294
_16509_, 73.04, 372.64, 1.79294
hold908, 73.04, 372.64, 1.79294
FILLER_0_133_155, 73.04, 372.64, 1.79294
_08761_, 85.84, 372.64, 1.79291
_10532_, 85.84, 372.64, 1.79291
_10533_, 85.84, 372.64, 1.79291
_14818_, 85.84, 372.64, 1.79291
hold504, 85.84, 372.64, 1.79291
ANTENNA_51, 85.84, 372.64, 1.79291
_08131_, 98.64, 372.64, 1.79289
_10776_, 98.64, 372.64, 1.79289
_14579_, 98.64, 372.64, 1.79289
_14580_, 98.64, 372.64, 1.79289
_14823_, 98.64, 372.64, 1.79289
FILLER_0_132_197, 98.64, 372.64, 1.79289
FILLER_0_133_208, 98.64, 372.64, 1.79289
_08346_, 111.44, 372.64, 1.79287
_08396_, 111.44, 372.64, 1.79287
_08770_, 111.44, 372.64, 1.79287
_08771_, 111.44, 372.64, 1.79287
_14459_, 111.44, 372.64, 1.79287
hold850, 111.44, 372.64, 1.79287
_08050_, 124.24, 372.64, 1.79286
_08059_, 124.24, 372.64, 1.79286
_08290_, 124.24, 372.64, 1.79286
_08292_, 124.24, 372.64, 1.79286
_08345_, 124.24, 372.64, 1.79286
_08356_, 124.24, 372.64, 1.79286
_16573_, 124.24, 372.64, 1.79286
FILLER_0_133_250, 124.24, 372.64, 1.79286
_14709_, 137.04, 372.64, 1.79285
_14710_, 137.04, 372.64, 1.79285
_14744_, 137.04, 372.64, 1.79285
hold991, 137.04, 372.64, 1.79285
FILLER_0_133_276, 137.04, 372.64, 1.79285
FILLER_0_133_290, 137.04, 372.64, 1.79285
_16477_, 149.84, 372.64, 1.79286
_09359_, 162.64, 372.64, 1.79286
_14521_, 162.64, 372.64, 1.79286
_14788_, 162.64, 372.64, 1.79286
_15062_, 162.64, 372.64, 1.79286
clkbuf_leaf_73_clk, 162.64, 372.64, 1.79286
FILLER_0_133_330, 162.64, 372.64, 1.79286
FILLER_0_133_341, 162.64, 372.64, 1.79286
_16482_, 188.24, 372.64, 1.79283
_16610_, 188.24, 372.64, 1.79283
FILLER_0_133_393, 188.24, 372.64, 1.79283
_10324_, 201.04, 372.64, 1.79278
_10752_, 201.04, 372.64, 1.79278
_14518_, 201.04, 372.64, 1.79278
_16608_, 201.04, 372.64, 1.79278
FILLER_0_132_413, 201.04, 372.64, 1.79278
hold872, 213.84, 372.64, 1.79276
hold1262, 213.84, 372.64, 1.79276
FILLER_0_134_459, 213.84, 372.64, 1.79276
_10803_, 226.64, 372.64, 1.79273
_10804_, 226.64, 372.64, 1.79273
_14456_, 226.64, 372.64, 1.79273
_14751_, 226.64, 372.64, 1.79273
FILLER_0_132_471, 226.64, 372.64, 1.79273
FILLER_0_133_481, 226.64, 372.64, 1.79273
FILLER_0_134_489, 226.64, 372.64, 1.79273
_08861_, 239.44, 372.64, 1.79271
_09327_, 239.44, 372.64, 1.79271
_09384_, 239.44, 372.64, 1.79271
_13173_, 239.44, 372.64, 1.79271
_15957_, 239.44, 372.64, 1.79271
FILLER_0_133_497, 239.44, 372.64, 1.79271
FILLER_0_133_514, 239.44, 372.64, 1.79271
FILLER_0_134_515, 239.44, 372.64, 1.79271
_13083_, 252.24, 372.64, 1.7927
_15941_, 252.24, 372.64, 1.7927
hold512, 252.24, 372.64, 1.7927
hold685, 252.24, 372.64, 1.7927
FILLER_0_132_526, 252.24, 372.64, 1.7927
_07598_, 265.04, 372.64, 1.7927
_13038_, 265.04, 372.64, 1.7927
_13108_, 265.04, 372.64, 1.7927
_15049_, 265.04, 372.64, 1.7927
FILLER_0_133_561, 265.04, 372.64, 1.7927
_10883_, 277.84, 372.64, 1.7927
_13074_, 277.84, 372.64, 1.7927
clkbuf_leaf_91_clk, 277.84, 372.64, 1.7927
FILLER_0_132_584, 277.84, 372.64, 1.7927
FILLER_0_134_598, 277.84, 372.64, 1.7927
_10409_, 290.64, 372.64, 1.79273
_13075_, 290.64, 372.64, 1.79273
_16602_, 290.64, 372.64, 1.79273
hold974, 290.64, 372.64, 1.79273
hold1303, 290.64, 372.64, 1.79273
FILLER_0_133_625, 290.64, 372.64, 1.79273
_07601_, 303.44, 372.64, 1.79277
hold1157, 303.44, 372.64, 1.79277
FILLER_0_132_638, 303.44, 372.64, 1.79277
FILLER_0_132_645, 303.44, 372.64, 1.79277
FILLER_0_133_651, 303.44, 372.64, 1.79277
_10401_, 316.24, 372.64, 1.79281
_14762_, 316.24, 372.64, 1.79281
hold876, 316.24, 372.64, 1.79281
FILLER_0_133_673, 316.24, 372.64, 1.79281
_09930_, 341.84, 372.64, 1.79284
_09937_, 341.84, 372.64, 1.79284
_14504_, 341.84, 372.64, 1.79284
FILLER_0_133_738, 341.84, 372.64, 1.79284
_08756_, 354.64, 372.64, 1.79282
_09951_, 354.64, 372.64, 1.79282
_14729_, 354.64, 372.64, 1.79282
hold995, 354.64, 372.64, 1.79282
FILLER_0_134_770, 354.64, 372.64, 1.79282
_14559_, 367.44, 372.64, 1.79282
_14695_, 367.44, 372.64, 1.79282
_16504_, 367.44, 372.64, 1.79282
_16566_, 367.44, 372.64, 1.79282
hold875, 367.44, 372.64, 1.79282
FILLER_0_133_774, 367.44, 372.64, 1.79282
FILLER_0_133_781, 367.44, 372.64, 1.79282
_07808_, 380.24, 372.64, 1.79282
_09195_, 380.24, 372.64, 1.79282
_10707_, 380.24, 372.64, 1.79282
_14989_, 380.24, 372.64, 1.79282
ANTENNA_63, 380.24, 372.64, 1.79282
FILLER_0_132_801, 380.24, 372.64, 1.79282
FILLER_0_132_809, 380.24, 372.64, 1.79282
FILLER_0_132_813, 380.24, 372.64, 1.79282
_08750_, 393.04, 372.64, 1.79283
_09960_, 393.04, 372.64, 1.79283
_10704_, 393.04, 372.64, 1.79283
_14813_, 393.04, 372.64, 1.79283
FILLER_0_133_856, 393.04, 372.64, 1.79283
FILLER_0_134_849, 393.04, 372.64, 1.79283
_08612_, 405.84, 372.64, 1.79285
_08751_, 405.84, 372.64, 1.79285
_14560_, 405.84, 372.64, 1.79285
FILLER_0_133_872, 405.84, 372.64, 1.79285
_08510_, 418.64, 372.64, 1.79287
_08585_, 418.64, 372.64, 1.79287
_08752_, 418.64, 372.64, 1.79287
_09194_, 418.64, 372.64, 1.79287
_14988_, 418.64, 372.64, 1.79287
_16503_, 418.64, 372.64, 1.79287
hold718, 418.64, 372.64, 1.79287
FILLER_0_133_892, 418.64, 372.64, 1.79287
_07753_, 431.44, 372.64, 1.7929
_10168_, 431.44, 372.64, 1.7929
_14556_, 431.44, 372.64, 1.7929
FILLER_0_134_937, 431.44, 372.64, 1.7929
_10598_, 444.24, 372.64, 1.79294
_14811_, 444.24, 372.64, 1.79294
FILLER_0_133_944, 444.24, 372.64, 1.79294
FILLER_0_133_962, 444.24, 372.64, 1.79294
_08742_, 457.04, 372.64, 1.79299
_08745_, 457.04, 372.64, 1.79299
hold701, 457.04, 372.64, 1.79299
_09191_, 469.84, 372.64, 1.79303
hold1386, 469.84, 372.64, 1.79303
FILLER_0_132_1005, 469.84, 372.64, 1.79303
FILLER_0_133_1001, 469.84, 372.64, 1.79303
FILLER_0_133_1018, 469.84, 372.64, 1.79303
PHY_260, 5.52, 367.2, 1.79321
PHY_262, 5.52, 367.2, 1.79321
output37, 5.52, 367.2, 1.79321
_09113_, 13.68, 367.2, 1.79321
_14947_, 13.68, 367.2, 1.79321
hold1470, 13.68, 367.2, 1.79321
FILLER_0_131_21, 13.68, 367.2, 1.79321
_08448_, 34.64, 367.2, 1.79318
_09025_, 34.64, 367.2, 1.79318
hold794, 34.64, 367.2, 1.79318
FILLER_0_130_53, 34.64, 367.2, 1.79318
FILLER_0_131_57, 34.64, 367.2, 1.79318
_10250_, 47.44, 367.2, 1.79314
_14574_, 47.44, 367.2, 1.79314
_16511_, 47.44, 367.2, 1.79314
FILLER_0_131_93, 47.44, 367.2, 1.79314
FILLER_0_132_93, 47.44, 367.2, 1.79314
_08238_, 60.24, 367.2, 1.79311
_15076_, 60.24, 367.2, 1.79311
hold821, 60.24, 367.2, 1.79311
FILLER_0_131_113, 60.24, 367.2, 1.79311
_10959_, 73.04, 367.2, 1.79309
_10961_, 73.04, 367.2, 1.79309
ANTENNA_73, 73.04, 367.2, 1.79309
FILLER_0_130_136, 73.04, 367.2, 1.79309
FILLER_0_132_156, 73.04, 367.2, 1.79309
_08760_, 85.84, 367.2, 1.79306
hold736, 85.84, 367.2, 1.79306
hold1316, 85.84, 367.2, 1.79306
FILLER_0_131_163, 85.84, 367.2, 1.79306
_09024_, 98.64, 367.2, 1.79304
hold628, 98.64, 367.2, 1.79304
hold1020, 98.64, 367.2, 1.79304
FILLER_0_130_200, 98.64, 367.2, 1.79304
FILLER_0_131_203, 98.64, 367.2, 1.79304
FILLER_0_131_216, 98.64, 367.2, 1.79304
FILLER_0_132_205, 98.64, 367.2, 1.79304
_08358_, 111.44, 367.2, 1.79303
FILLER_0_130_230, 111.44, 367.2, 1.79303
FILLER_0_132_243, 111.44, 367.2, 1.79303
_08343_, 124.24, 367.2, 1.79301
_08357_, 124.24, 367.2, 1.79301
hold629, 124.24, 367.2, 1.79301
hold1025, 124.24, 367.2, 1.79301
FILLER_0_130_253, 124.24, 367.2, 1.79301
_09107_, 137.04, 367.2, 1.793
_10288_, 137.04, 367.2, 1.793
_09395_, 149.84, 367.2, 1.79299
_10287_, 149.84, 367.2, 1.79299
_15078_, 149.84, 367.2, 1.79299
hold1096, 149.84, 367.2, 1.79299
FILLER_0_131_305, 149.84, 367.2, 1.79299
FILLER_0_131_325, 149.84, 367.2, 1.79299
_09358_, 162.64, 367.2, 1.793
_10519_, 162.64, 367.2, 1.793
hold1014, 162.64, 367.2, 1.793
_08361_, 188.24, 367.2, 1.79297
_14754_, 188.24, 367.2, 1.79297
hold986, 188.24, 367.2, 1.79297
FILLER_0_131_389, 188.24, 367.2, 1.79297
_09212_, 201.04, 367.2, 1.79294
_09213_, 201.04, 367.2, 1.79294
_10755_, 201.04, 367.2, 1.79294
_10756_, 201.04, 367.2, 1.79294
_14785_, 201.04, 367.2, 1.79294
FILLER_0_130_421, 201.04, 367.2, 1.79294
FILLER_0_131_419, 201.04, 367.2, 1.79294
FILLER_0_131_427, 201.04, 367.2, 1.79294
FILLER_0_132_433, 201.04, 367.2, 1.79294
_08291_, 213.84, 367.2, 1.79291
_10840_, 213.84, 367.2, 1.79291
_13284_, 213.84, 367.2, 1.79291
ANTENNA_72, 213.84, 367.2, 1.79291
FILLER_0_130_443, 213.84, 367.2, 1.79291
FILLER_0_131_442, 213.84, 367.2, 1.79291
FILLER_0_132_455, 213.84, 367.2, 1.79291
_09393_, 226.64, 367.2, 1.79289
_09394_, 226.64, 367.2, 1.79289
_15077_, 226.64, 367.2, 1.79289
hold1050, 226.64, 367.2, 1.79289
FILLER_0_130_469, 226.64, 367.2, 1.79289
FILLER_0_131_467, 226.64, 367.2, 1.79289
FILLER_0_132_493, 226.64, 367.2, 1.79289
_10824_, 239.44, 367.2, 1.79288
_14548_, 239.44, 367.2, 1.79288
_14566_, 239.44, 367.2, 1.79288
FILLER_0_130_498, 239.44, 367.2, 1.79288
FILLER_0_131_495, 239.44, 367.2, 1.79288
_09186_, 252.24, 367.2, 1.79288
_09367_, 252.24, 367.2, 1.79288
_13082_, 252.24, 367.2, 1.79288
hold890, 252.24, 367.2, 1.79288
ANTENNA_115, 252.24, 367.2, 1.79288
FILLER_0_131_532, 252.24, 367.2, 1.79288
_09331_, 265.04, 367.2, 1.79287
_09332_, 265.04, 367.2, 1.79287
_13070_, 265.04, 367.2, 1.79287
_13071_, 265.04, 367.2, 1.79287
_15935_, 265.04, 367.2, 1.79287
hold1044, 265.04, 367.2, 1.79287
hold1209, 265.04, 367.2, 1.79287
FILLER_0_131_552, 265.04, 367.2, 1.79287
_15937_, 277.84, 367.2, 1.79287
hold580, 277.84, 367.2, 1.79287
FILLER_0_131_592, 277.84, 367.2, 1.79287
_10984_, 290.64, 367.2, 1.79287
_14506_, 290.64, 367.2, 1.79287
_14772_, 290.64, 367.2, 1.79287
_14773_, 290.64, 367.2, 1.79287
_16474_, 290.64, 367.2, 1.79287
FILLER_0_130_609, 290.64, 367.2, 1.79287
FILLER_0_131_612, 290.64, 367.2, 1.79287
_14496_, 303.44, 367.2, 1.79288
_14763_, 303.44, 367.2, 1.79288
_16469_, 303.44, 367.2, 1.79288
_16597_, 303.44, 367.2, 1.79288
hold1129, 303.44, 367.2, 1.79288
FILLER_0_130_637, 303.44, 367.2, 1.79288
FILLER_0_131_640, 303.44, 367.2, 1.79288
_10882_, 316.24, 367.2, 1.7929
_10885_, 316.24, 367.2, 1.7929
_10886_, 316.24, 367.2, 1.7929
_14495_, 316.24, 367.2, 1.7929
_14736_, 316.24, 367.2, 1.7929
FILLER_0_130_668, 316.24, 367.2, 1.7929
FILLER_0_131_681, 316.24, 367.2, 1.7929
_09938_, 341.84, 367.2, 1.79291
_16473_, 341.84, 367.2, 1.79291
hold1061, 341.84, 367.2, 1.79291
ANTENNA_54, 341.84, 367.2, 1.79291
FILLER_0_130_725, 341.84, 367.2, 1.79291
FILLER_0_131_729, 341.84, 367.2, 1.79291
FILLER_0_132_736, 341.84, 367.2, 1.79291
_08755_, 354.64, 367.2, 1.7929
_09952_, 354.64, 367.2, 1.7929
_14503_, 354.64, 367.2, 1.7929
_14816_, 354.64, 367.2, 1.7929
FILLER_0_130_751, 354.64, 367.2, 1.7929
_13253_, 367.44, 367.2, 1.7929
hold643, 367.44, 367.2, 1.7929
_10708_, 380.24, 367.2, 1.7929
hold717, 380.24, 367.2, 1.7929
FILLER_0_130_806, 380.24, 367.2, 1.7929
FILLER_0_130_813, 380.24, 367.2, 1.7929
FILLER_0_131_828, 380.24, 367.2, 1.7929
_08749_, 393.04, 367.2, 1.79291
_14434_, 393.04, 367.2, 1.79291
hold516, 393.04, 367.2, 1.79291
FILLER_0_131_853, 393.04, 367.2, 1.79291
FILLER_0_132_847, 393.04, 367.2, 1.79291
_10181_, 405.84, 367.2, 1.79292
_14552_, 405.84, 367.2, 1.79292
_14553_, 405.84, 367.2, 1.79292
hold543, 405.84, 367.2, 1.79292
FILLER_0_131_866, 405.84, 367.2, 1.79292
FILLER_0_132_881, 405.84, 367.2, 1.79292
_10172_, 418.64, 367.2, 1.79294
FILLER_0_131_897, 418.64, 367.2, 1.79294
_10169_, 431.44, 367.2, 1.79296
_10601_, 431.44, 367.2, 1.79296
FILLER_0_130_915, 431.44, 367.2, 1.79296
FILLER_0_131_937, 431.44, 367.2, 1.79296
_09374_, 444.24, 367.2, 1.793
_09375_, 444.24, 367.2, 1.793
_15068_, 444.24, 367.2, 1.793
hold882, 444.24, 367.2, 1.793
FILLER_0_131_948, 444.24, 367.2, 1.793
_07694_, 457.04, 367.2, 1.79304
_09074_, 457.04, 367.2, 1.79304
_10599_, 457.04, 367.2, 1.79304
_10600_, 457.04, 367.2, 1.79304
FILLER_0_131_970, 457.04, 367.2, 1.79304
FILLER_0_131_978, 457.04, 367.2, 1.79304
_08787_, 469.84, 367.2, 1.79309
_08999_, 469.84, 367.2, 1.79309
_14827_, 469.84, 367.2, 1.79309
_14907_, 469.84, 367.2, 1.79309
FILLER_0_130_1002, 469.84, 367.2, 1.79309
FILLER_0_131_999, 469.84, 367.2, 1.79309
FILLER_0_132_1014, 469.84, 367.2, 1.79309
PHY_256, 5.52, 361.76, 1.79327
PHY_258, 5.52, 361.76, 1.79327
FILLER_0_130_3, 5.52, 361.76, 1.79327
_08183_, 34.64, 361.76, 1.79319
_08803_, 34.64, 361.76, 1.79319
_09026_, 34.64, 361.76, 1.79319
_14915_, 34.64, 361.76, 1.79319
FILLER_0_129_50, 34.64, 361.76, 1.79319
FILLER_0_129_66, 34.64, 361.76, 1.79319
_10108_, 47.44, 361.76, 1.79312
_14573_, 47.44, 361.76, 1.79312
FILLER_0_129_93, 47.44, 361.76, 1.79312
FILLER_0_129_101, 47.44, 361.76, 1.79312
FILLER_0_130_97, 47.44, 361.76, 1.79312
_10115_, 60.24, 361.76, 1.79306
_10256_, 60.24, 361.76, 1.79306
_10960_, 60.24, 361.76, 1.79306
FILLER_0_129_108, 60.24, 361.76, 1.79306
FILLER_0_129_113, 60.24, 361.76, 1.79306
FILLER_0_130_121, 60.24, 361.76, 1.79306
_08801_, 73.04, 361.76, 1.79301
_09013_, 73.04, 361.76, 1.79301
_09014_, 73.04, 361.76, 1.79301
_10962_, 73.04, 361.76, 1.79301
FILLER_0_128_141, 73.04, 361.76, 1.79301
FILLER_0_129_144, 73.04, 361.76, 1.79301
FILLER_0_130_150, 73.04, 361.76, 1.79301
_08812_, 85.84, 361.76, 1.79297
_14834_, 85.84, 361.76, 1.79297
_14919_, 85.84, 361.76, 1.79297
hold541, 85.84, 361.76, 1.79297
FILLER_0_129_177, 85.84, 361.76, 1.79297
FILLER_0_130_188, 85.84, 361.76, 1.79297
_08395_, 98.64, 361.76, 1.79294
_08811_, 98.64, 361.76, 1.79294
_10534_, 98.64, 361.76, 1.79294
clkbuf_leaf_47_clk, 98.64, 361.76, 1.79294
_08809_, 111.44, 361.76, 1.79294
_08810_, 111.44, 361.76, 1.79294
_14838_, 111.44, 361.76, 1.79294
_14918_, 111.44, 361.76, 1.79294
_14951_, 111.44, 361.76, 1.79294
_08342_, 124.24, 361.76, 1.79295
_09021_, 124.24, 361.76, 1.79295
_09022_, 124.24, 361.76, 1.79295
_09108_, 124.24, 361.76, 1.79295
FILLER_0_128_246, 124.24, 361.76, 1.79295
FILLER_0_130_266, 124.24, 361.76, 1.79295
_09214_, 137.04, 361.76, 1.79296
_10280_, 137.04, 361.76, 1.79296
FILLER_0_128_281, 137.04, 361.76, 1.79296
_08344_, 149.84, 361.76, 1.79298
_09215_, 149.84, 361.76, 1.79298
_09396_, 149.84, 361.76, 1.79298
_10283_, 149.84, 361.76, 1.79298
_10286_, 149.84, 361.76, 1.79298
FILLER_0_128_303, 149.84, 361.76, 1.79298
_08718_, 162.64, 361.76, 1.79301
_10284_, 162.64, 361.76, 1.79301
_14578_, 162.64, 361.76, 1.79301
hold603, 162.64, 361.76, 1.79301
FILLER_0_128_340, 162.64, 361.76, 1.79301
FILLER_0_129_332, 162.64, 361.76, 1.79301
FILLER_0_129_351, 162.64, 361.76, 1.79301
FILLER_0_130_346, 162.64, 361.76, 1.79301
FILLER_0_130_354, 162.64, 361.76, 1.79301
_10753_, 188.24, 361.76, 1.79299
_10754_, 188.24, 361.76, 1.79299
_14755_, 188.24, 361.76, 1.79299
FILLER_0_129_388, 188.24, 361.76, 1.79299
FILLER_0_129_393, 188.24, 361.76, 1.79299
_10322_, 201.04, 361.76, 1.79294
_10763_, 201.04, 361.76, 1.79294
_14997_, 201.04, 361.76, 1.79294
_16512_, 201.04, 361.76, 1.79294
FILLER_0_129_418, 201.04, 361.76, 1.79294
FILLER_0_129_428, 201.04, 361.76, 1.79294
_10839_, 213.84, 361.76, 1.79292
_10841_, 213.84, 361.76, 1.79292
_14575_, 213.84, 361.76, 1.79292
_14576_, 213.84, 361.76, 1.79292
hold641, 213.84, 361.76, 1.79292
_07470_, 226.64, 361.76, 1.7929
_07680_, 226.64, 361.76, 1.7929
_07994_, 226.64, 361.76, 1.7929
_10849_, 226.64, 361.76, 1.7929
FILLER_0_128_477, 226.64, 361.76, 1.7929
FILLER_0_129_488, 226.64, 361.76, 1.7929
_08722_, 239.44, 361.76, 1.79288
_08723_, 239.44, 361.76, 1.79288
_08737_, 239.44, 361.76, 1.79288
_08822_, 239.44, 361.76, 1.79288
_09185_, 239.44, 361.76, 1.79288
_09203_, 239.44, 361.76, 1.79288
_09365_, 239.44, 361.76, 1.79288
_09366_, 239.44, 361.76, 1.79288
_14549_, 239.44, 361.76, 1.79288
ANTENNA_106, 239.44, 361.76, 1.79288
_10329_, 252.24, 361.76, 1.79288
_10843_, 252.24, 361.76, 1.79288
_10848_, 252.24, 361.76, 1.79288
_15055_, 252.24, 361.76, 1.79288
hold855, 252.24, 361.76, 1.79288
FILLER_0_129_524, 252.24, 361.76, 1.79288
FILLER_0_129_544, 252.24, 361.76, 1.79288
FILLER_0_130_544, 252.24, 361.76, 1.79288
_13072_, 265.04, 361.76, 1.79288
_13073_, 265.04, 361.76, 1.79288
_15936_, 265.04, 361.76, 1.79288
FILLER_0_129_557, 265.04, 361.76, 1.79288
FILLER_0_129_561, 265.04, 361.76, 1.79288
FILLER_0_130_570, 265.04, 361.76, 1.79288
_09333_, 277.84, 361.76, 1.7929
_10988_, 277.84, 361.76, 1.7929
FILLER_0_128_589, 277.84, 361.76, 1.7929
FILLER_0_129_589, 277.84, 361.76, 1.7929
_07878_, 290.64, 361.76, 1.79291
_10889_, 290.64, 361.76, 1.79291
_10987_, 290.64, 361.76, 1.79291
_14505_, 290.64, 361.76, 1.79291
_07600_, 303.44, 361.76, 1.79294
hold627, 303.44, 361.76, 1.79294
FILLER_0_128_640, 303.44, 361.76, 1.79294
FILLER_0_129_652, 303.44, 361.76, 1.79294
FILLER_0_130_653, 303.44, 361.76, 1.79294
_10395_, 316.24, 361.76, 1.79297
hold806, 316.24, 361.76, 1.79297
FILLER_0_129_667, 316.24, 361.76, 1.79297
FILLER_0_129_685, 316.24, 361.76, 1.79297
FILLER_0_130_676, 316.24, 361.76, 1.79297
FILLER_0_130_684, 316.24, 361.76, 1.79297
_07918_, 341.84, 361.76, 1.79295
_09200_, 341.84, 361.76, 1.79295
_10701_, 341.84, 361.76, 1.79295
_10716_, 341.84, 361.76, 1.79295
hold622, 341.84, 361.76, 1.79295
FILLER_0_129_724, 341.84, 361.76, 1.79295
_07566_, 354.64, 361.76, 1.79292
_08797_, 354.64, 361.76, 1.79292
_09008_, 354.64, 361.76, 1.79292
_09009_, 354.64, 361.76, 1.79292
_14912_, 354.64, 361.76, 1.79292
FILLER_0_128_757, 354.64, 361.76, 1.79292
FILLER_0_130_769, 354.64, 361.76, 1.79292
_10394_, 367.44, 361.76, 1.7929
hold606, 367.44, 361.76, 1.7929
_08603_, 380.24, 361.76, 1.79288
_10703_, 380.24, 361.76, 1.79288
_14941_, 380.24, 361.76, 1.79288
FILLER_0_128_808, 380.24, 361.76, 1.79288
FILLER_0_128_813, 380.24, 361.76, 1.79288
FILLER_0_130_821, 380.24, 361.76, 1.79288
FILLER_0_130_828, 380.24, 361.76, 1.79288
_10702_, 393.04, 361.76, 1.79287
_14909_, 393.04, 361.76, 1.79287
hold808, 393.04, 361.76, 1.79287
FILLER_0_130_845, 393.04, 361.76, 1.79287
FILLER_0_130_853, 393.04, 361.76, 1.79287
_07636_, 405.84, 361.76, 1.79288
_09189_, 405.84, 361.76, 1.79288
_09190_, 405.84, 361.76, 1.79288
_10894_, 405.84, 361.76, 1.79288
_16501_, 405.84, 361.76, 1.79288
FILLER_0_128_860, 405.84, 361.76, 1.79288
FILLER_0_129_857, 405.84, 361.76, 1.79288
FILLER_0_130_878, 405.84, 361.76, 1.79288
_09370_, 418.64, 361.76, 1.79289
_09371_, 418.64, 361.76, 1.79289
_15066_, 418.64, 361.76, 1.79289
hold811, 418.64, 361.76, 1.79289
FILLER_0_128_890, 418.64, 361.76, 1.79289
_08748_, 431.44, 361.76, 1.79291
_09929_, 431.44, 361.76, 1.79291
_09945_, 431.44, 361.76, 1.79291
_14812_, 431.44, 361.76, 1.79291
FILLER_0_129_913, 431.44, 361.76, 1.79291
FILLER_0_129_922, 431.44, 361.76, 1.79291
FILLER_0_130_937, 431.44, 361.76, 1.79291
_07751_, 444.24, 361.76, 1.79297
_09076_, 444.24, 361.76, 1.79297
_09077_, 444.24, 361.76, 1.79297
_10170_, 444.24, 361.76, 1.79297
_10171_, 444.24, 361.76, 1.79297
_14940_, 444.24, 361.76, 1.79297
hold1252, 444.24, 361.76, 1.79297
FILLER_0_128_949, 444.24, 361.76, 1.79297
FILLER_0_129_940, 444.24, 361.76, 1.79297
_14939_, 457.04, 361.76, 1.79305
hold955, 457.04, 361.76, 1.79305
FILLER_0_128_976, 457.04, 361.76, 1.79305
FILLER_0_128_981, 457.04, 361.76, 1.79305
FILLER_0_129_978, 457.04, 361.76, 1.79305
_08789_, 469.84, 361.76, 1.79312
_08998_, 469.84, 361.76, 1.79312
_09000_, 469.84, 361.76, 1.79312
_09001_, 469.84, 361.76, 1.79312
hold1023, 469.84, 361.76, 1.79312
hold1160, 469.84, 361.76, 1.79312
hold1232, 469.84, 361.76, 1.79312
FILLER_0_128_1004, 469.84, 361.76, 1.79312
FILLER_0_129_1001, 469.84, 361.76, 1.79312
PHY_252, 5.52, 356.32, 1.79333
PHY_254, 5.52, 356.32, 1.79333
FILLER_0_126_15, 13.68, 356.32, 1.79333
_09015_, 34.64, 356.32, 1.79325
_10102_, 34.64, 356.32, 1.79325
clkbuf_leaf_44_clk, 34.64, 356.32, 1.79325
hold885, 34.64, 356.32, 1.79325
FILLER_0_127_50, 34.64, 356.32, 1.79325
FILLER_0_127_66, 34.64, 356.32, 1.79325
_09018_, 47.44, 356.32, 1.79319
FILLER_0_127_94, 47.44, 356.32, 1.79319
FILLER_0_127_104, 47.44, 356.32, 1.79319
_10958_, 60.24, 356.32, 1.79313
_14820_, 60.24, 356.32, 1.79313
hold1156, 60.24, 356.32, 1.79313
FILLER_0_127_113, 60.24, 356.32, 1.79313
FILLER_0_128_121, 60.24, 356.32, 1.79313
_08765_, 73.04, 356.32, 1.79308
_08802_, 73.04, 356.32, 1.79308
_09096_, 73.04, 356.32, 1.79308
_14914_, 73.04, 356.32, 1.79308
_14946_, 73.04, 356.32, 1.79308
FILLER_0_126_141, 73.04, 356.32, 1.79308
FILLER_0_127_136, 73.04, 356.32, 1.79308
_08130_, 85.84, 356.32, 1.79304
_10530_, 85.84, 356.32, 1.79304
_10968_, 85.84, 356.32, 1.79304
FILLER_0_127_161, 85.84, 356.32, 1.79304
_08659_, 98.64, 356.32, 1.79301
_09023_, 98.64, 356.32, 1.79301
_10540_, 98.64, 356.32, 1.79301
_10774_, 98.64, 356.32, 1.79301
_14839_, 98.64, 356.32, 1.79301
FILLER_0_126_201, 98.64, 356.32, 1.79301
_09110_, 111.44, 356.32, 1.793
_09111_, 111.44, 356.32, 1.793
_10778_, 111.44, 356.32, 1.793
_10784_, 111.44, 356.32, 1.793
hold1051, 111.44, 356.32, 1.793
FILLER_0_126_221, 111.44, 356.32, 1.793
_14950_, 124.24, 356.32, 1.793
hold614, 124.24, 356.32, 1.793
hold754, 124.24, 356.32, 1.793
FILLER_0_127_266, 124.24, 356.32, 1.793
FILLER_0_128_262, 124.24, 356.32, 1.793
_14998_, 137.04, 356.32, 1.79301
hold759, 137.04, 356.32, 1.79301
hold856, 137.04, 356.32, 1.79301
FILLER_0_126_273, 137.04, 356.32, 1.79301
FILLER_0_126_281, 137.04, 356.32, 1.79301
FILLER_0_127_281, 137.04, 356.32, 1.79301
FILLER_0_127_289, 137.04, 356.32, 1.79301
_14577_, 149.84, 356.32, 1.79302
_16513_, 149.84, 356.32, 1.79302
FILLER_0_126_304, 149.84, 356.32, 1.79302
FILLER_0_126_309, 149.84, 356.32, 1.79302
FILLER_0_127_312, 149.84, 356.32, 1.79302
_10455_, 162.64, 356.32, 1.79303
_14717_, 162.64, 356.32, 1.79303
_14718_, 162.64, 356.32, 1.79303
_14752_, 162.64, 356.32, 1.79303
_16593_, 162.64, 356.32, 1.79303
clkbuf_leaf_74_clk, 162.64, 356.32, 1.79303
_08060_, 188.24, 356.32, 1.79299
_08061_, 188.24, 356.32, 1.79299
_10050_, 188.24, 356.32, 1.79299
_14719_, 188.24, 356.32, 1.79299
_14720_, 188.24, 356.32, 1.79299
hold575, 188.24, 356.32, 1.79299
FILLER_0_126_387, 188.24, 356.32, 1.79299
FILLER_0_127_402, 188.24, 356.32, 1.79299
_08065_, 201.04, 356.32, 1.79291
_08807_, 201.04, 356.32, 1.79291
_08808_, 201.04, 356.32, 1.79291
_14837_, 201.04, 356.32, 1.79291
hold1321, 201.04, 356.32, 1.79291
FILLER_0_127_426, 201.04, 356.32, 1.79291
FILLER_0_127_437, 201.04, 356.32, 1.79291
FILLER_0_128_427, 201.04, 356.32, 1.79291
_08766_, 213.84, 356.32, 1.79285
_08767_, 213.84, 356.32, 1.79285
_09020_, 213.84, 356.32, 1.79285
_09105_, 213.84, 356.32, 1.79285
hold1270, 213.84, 356.32, 1.79285
FILLER_0_127_445, 213.84, 356.32, 1.79285
FILLER_0_127_449, 213.84, 356.32, 1.79285
FILLER_0_128_466, 213.84, 356.32, 1.79285
_08821_, 226.64, 356.32, 1.79278
_09019_, 226.64, 356.32, 1.79278
_09364_, 226.64, 356.32, 1.79278
_10837_, 226.64, 356.32, 1.79278
_10838_, 226.64, 356.32, 1.79278
hold1255, 226.64, 356.32, 1.79278
FILLER_0_127_485, 226.64, 356.32, 1.79278
FILLER_0_128_485, 226.64, 356.32, 1.79278
_08564_, 239.44, 356.32, 1.79273
_08565_, 239.44, 356.32, 1.79273
_08738_, 239.44, 356.32, 1.79273
_08739_, 239.44, 356.32, 1.79273
_08757_, 239.44, 356.32, 1.79273
_10282_, 239.44, 356.32, 1.79273
_10285_, 239.44, 356.32, 1.79273
ANTENNA_44, 239.44, 356.32, 1.79273
FILLER_0_126_498, 239.44, 356.32, 1.79273
FILLER_0_127_501, 239.44, 356.32, 1.79273
_08562_, 252.24, 356.32, 1.79271
_08717_, 252.24, 356.32, 1.79271
_08740_, 252.24, 356.32, 1.79271
_09066_, 252.24, 356.32, 1.79271
_09343_, 252.24, 356.32, 1.79271
_09344_, 252.24, 356.32, 1.79271
FILLER_0_127_535, 252.24, 356.32, 1.79271
_08721_, 265.04, 356.32, 1.79271
_10293_, 265.04, 356.32, 1.79271
clkbuf_leaf_84_clk, 265.04, 356.32, 1.79271
ANTENNA_127, 265.04, 356.32, 1.79271
FILLER_0_127_552, 265.04, 356.32, 1.79271
FILLER_0_127_567, 265.04, 356.32, 1.79271
FILLER_0_128_571, 265.04, 356.32, 1.79271
_10888_, 277.84, 356.32, 1.79276
_11008_, 277.84, 356.32, 1.79276
hold1131, 277.84, 356.32, 1.79276
ANTENNA_56, 277.84, 356.32, 1.79276
FILLER_0_126_584, 277.84, 356.32, 1.79276
FILLER_0_128_597, 277.84, 356.32, 1.79276
_10985_, 290.64, 356.32, 1.79281
_14737_, 290.64, 356.32, 1.79281
_16570_, 290.64, 356.32, 1.79281
FILLER_0_127_617, 290.64, 356.32, 1.79281
_10986_, 303.44, 356.32, 1.79287
_14692_, 303.44, 356.32, 1.79287
_14693_, 303.44, 356.32, 1.79287
_14702_, 303.44, 356.32, 1.79287
_16565_, 303.44, 356.32, 1.79287
hold1221, 303.44, 356.32, 1.79287
FILLER_0_128_653, 303.44, 356.32, 1.79287
_10884_, 316.24, 356.32, 1.79295
_10887_, 316.24, 356.32, 1.79295
_14562_, 316.24, 356.32, 1.79295
_14563_, 316.24, 356.32, 1.79295
hold1155, 316.24, 356.32, 1.79295
FILLER_0_128_685, 316.24, 356.32, 1.79295
_09199_, 341.84, 356.32, 1.793
_14991_, 341.84, 356.32, 1.793
clkbuf_leaf_87_clk, 341.84, 356.32, 1.793
FILLER_0_127_729, 341.84, 356.32, 1.793
_08796_, 354.64, 356.32, 1.79299
_09381_, 354.64, 356.32, 1.79299
_13256_, 354.64, 356.32, 1.79299
_14832_, 354.64, 356.32, 1.79299
FILLER_0_126_752, 354.64, 356.32, 1.79299
FILLER_0_126_757, 354.64, 356.32, 1.79299
FILLER_0_127_764, 354.64, 356.32, 1.79299
_07970_, 367.44, 356.32, 1.79298
_09089_, 367.44, 356.32, 1.79298
_14944_, 367.44, 356.32, 1.79298
FILLER_0_127_776, 367.44, 356.32, 1.79298
FILLER_0_127_785, 367.44, 356.32, 1.79298
_08791_, 380.24, 356.32, 1.79299
_09080_, 380.24, 356.32, 1.79299
_14829_, 380.24, 356.32, 1.79299
clkbuf_leaf_116_clk, 380.24, 356.32, 1.79299
FILLER_0_126_807, 380.24, 356.32, 1.79299
FILLER_0_128_819, 380.24, 356.32, 1.79299
_07806_, 393.04, 356.32, 1.79301
_09002_, 393.04, 356.32, 1.79301
_09003_, 393.04, 356.32, 1.79301
_09079_, 393.04, 356.32, 1.79301
_14986_, 405.84, 356.32, 1.79304
FILLER_0_126_865, 405.84, 356.32, 1.79304
FILLER_0_127_878, 405.84, 356.32, 1.79304
_10602_, 418.64, 356.32, 1.79308
hold1005, 418.64, 356.32, 1.79308
FILLER_0_126_896, 418.64, 356.32, 1.79308
FILLER_0_127_886, 418.64, 356.32, 1.79308
FILLER_0_128_910, 418.64, 356.32, 1.79308
_08747_, 431.44, 356.32, 1.79312
FILLER_0_127_921, 431.44, 356.32, 1.79312
FILLER_0_126_949, 444.24, 356.32, 1.79316
FILLER_0_127_946, 444.24, 356.32, 1.79316
_09073_, 457.04, 356.32, 1.79319
_10660_, 457.04, 356.32, 1.79319
_10661_, 457.04, 356.32, 1.79319
FILLER_0_127_977, 457.04, 356.32, 1.79319
_14828_, 469.84, 356.32, 1.79325
_14908_, 469.84, 356.32, 1.79325
hold962, 469.84, 356.32, 1.79325
FILLER_0_127_1009, 469.84, 356.32, 1.79325
PHY_248, 5.52, 350.88, 1.79345
PHY_250, 5.52, 350.88, 1.79345
_09102_, 13.68, 350.88, 1.79345
_09012_, 34.64, 350.88, 1.7934
_10465_, 34.64, 350.88, 1.7934
_14913_, 34.64, 350.88, 1.7934
hold999, 34.64, 350.88, 1.7934
FILLER_0_125_68, 34.64, 350.88, 1.7934
_08805_, 47.44, 350.88, 1.79336
_09017_, 47.44, 350.88, 1.79336
hold624, 47.44, 350.88, 1.79336
FILLER_0_124_85, 47.44, 350.88, 1.79336
_08236_, 60.24, 350.88, 1.79332
_08764_, 60.24, 350.88, 1.79332
hold528, 60.24, 350.88, 1.79332
_09095_, 73.04, 350.88, 1.79329
hold696, 73.04, 350.88, 1.79329
hold1037, 73.04, 350.88, 1.79329
FILLER_0_124_134, 73.04, 350.88, 1.79329
FILLER_0_124_141, 73.04, 350.88, 1.79329
FILLER_0_126_160, 73.04, 350.88, 1.79329
FILLER_0_126_186, 85.84, 350.88, 1.79326
_08729_, 98.64, 350.88, 1.79323
hold1043, 98.64, 350.88, 1.79323
FILLER_0_124_190, 98.64, 350.88, 1.79323
FILLER_0_126_213, 98.64, 350.88, 1.79323
_08304_, 111.44, 350.88, 1.79322
_08305_, 111.44, 350.88, 1.79322
_14647_, 111.44, 350.88, 1.79322
_14648_, 111.44, 350.88, 1.79322
hold1217, 111.44, 350.88, 1.79322
FILLER_0_125_217, 111.44, 350.88, 1.79322
FILLER_0_125_225, 111.44, 350.88, 1.79322
FILLER_0_126_243, 111.44, 350.88, 1.79322
_08303_, 124.24, 350.88, 1.79321
hold619, 124.24, 350.88, 1.79321
_08695_, 137.04, 350.88, 1.79321
_09479_, 137.04, 350.88, 1.79321
_09480_, 137.04, 350.88, 1.79321
_15110_, 137.04, 350.88, 1.79321
FILLER_0_125_272, 137.04, 350.88, 1.79321
_08768_, 149.84, 350.88, 1.79321
_14822_, 149.84, 350.88, 1.79321
hold920, 149.84, 350.88, 1.79321
FILLER_0_124_309, 149.84, 350.88, 1.79321
FILLER_0_125_301, 149.84, 350.88, 1.79321
FILLER_0_125_326, 149.84, 350.88, 1.79321
_16577_, 162.64, 350.88, 1.79322
hold1012, 162.64, 350.88, 1.79322
FILLER_0_124_337, 162.64, 350.88, 1.79322
FILLER_0_125_337, 162.64, 350.88, 1.79322
FILLER_0_126_352, 162.64, 350.88, 1.79322
_08289_, 188.24, 350.88, 1.79315
FILLER_0_125_389, 188.24, 350.88, 1.79315
FILLER_0_125_405, 188.24, 350.88, 1.79315
_08284_, 201.04, 350.88, 1.79308
_09106_, 201.04, 350.88, 1.79308
_13287_, 201.04, 350.88, 1.79308
FILLER_0_124_415, 201.04, 350.88, 1.79308
FILLER_0_124_421, 201.04, 350.88, 1.79308
FILLER_0_125_435, 201.04, 350.88, 1.79308
_09104_, 213.84, 350.88, 1.79301
_14821_, 213.84, 350.88, 1.79301
_14949_, 213.84, 350.88, 1.79301
clkbuf_leaf_77_clk, 213.84, 350.88, 1.79301
_08686_, 226.64, 350.88, 1.79296
_14917_, 226.64, 350.88, 1.79296
_15109_, 226.64, 350.88, 1.79296
FILLER_0_124_467, 226.64, 350.88, 1.79296
_08778_, 239.44, 350.88, 1.79294
_08780_, 239.44, 350.88, 1.79294
_08781_, 239.44, 350.88, 1.79294
_08798_, 239.44, 350.88, 1.79294
_08819_, 239.44, 350.88, 1.79294
_08992_, 239.44, 350.88, 1.79294
_09010_, 239.44, 350.88, 1.79294
_09065_, 239.44, 350.88, 1.79294
_09091_, 239.44, 350.88, 1.79294
FILLER_0_124_501, 239.44, 350.88, 1.79294
FILLER_0_125_495, 239.44, 350.88, 1.79294
_08537_, 252.24, 350.88, 1.79292
_08735_, 252.24, 350.88, 1.79292
_08993_, 252.24, 350.88, 1.79292
_10099_, 252.24, 350.88, 1.79292
_11685_, 252.24, 350.88, 1.79292
hold750, 252.24, 350.88, 1.79292
FILLER_0_125_536, 252.24, 350.88, 1.79292
FILLER_0_125_546, 252.24, 350.88, 1.79292
FILLER_0_126_548, 252.24, 350.88, 1.79292
_10173_, 265.04, 350.88, 1.79292
_11683_, 265.04, 350.88, 1.79292
_14880_, 265.04, 350.88, 1.79292
_15050_, 265.04, 350.88, 1.79292
hold757, 265.04, 350.88, 1.79292
FILLER_0_125_557, 265.04, 350.88, 1.79292
FILLER_0_126_565, 265.04, 350.88, 1.79292
_10271_, 277.84, 350.88, 1.79295
_11682_, 277.84, 350.88, 1.79295
_15473_, 277.84, 350.88, 1.79295
FILLER_0_124_581, 277.84, 350.88, 1.79295
_14703_, 290.64, 350.88, 1.79299
_14738_, 290.64, 350.88, 1.79299
_16586_, 290.64, 350.88, 1.79299
FILLER_0_125_607, 290.64, 350.88, 1.79299
FILLER_0_126_621, 290.64, 350.88, 1.79299
_14727_, 303.44, 350.88, 1.79304
_16581_, 303.44, 350.88, 1.79304
FILLER_0_124_637, 303.44, 350.88, 1.79304
FILLER_0_125_645, 303.44, 350.88, 1.79304
FILLER_0_126_653, 303.44, 350.88, 1.79304
_09461_, 316.24, 350.88, 1.7931
_16506_, 316.24, 350.88, 1.7931
FILLER_0_126_677, 316.24, 350.88, 1.7931
_09380_, 341.84, 350.88, 1.79314
_11022_, 341.84, 350.88, 1.79314
_11023_, 341.84, 350.88, 1.79314
_11033_, 341.84, 350.88, 1.79314
_15071_, 341.84, 350.88, 1.79314
FILLER_0_125_718, 341.84, 350.88, 1.79314
_07560_, 354.64, 350.88, 1.79313
_07562_, 354.64, 350.88, 1.79313
hold588, 354.64, 350.88, 1.79313
hold1032, 354.64, 350.88, 1.79313
FILLER_0_124_757, 354.64, 350.88, 1.79313
_09088_, 367.44, 350.88, 1.79312
hold561, 367.44, 350.88, 1.79312
FILLER_0_125_779, 367.44, 350.88, 1.79312
FILLER_0_125_797, 367.44, 350.88, 1.79312
_08790_, 380.24, 350.88, 1.79311
_09069_, 380.24, 350.88, 1.79311
_09936_, 380.24, 350.88, 1.79311
hold909, 380.24, 350.88, 1.79311
FILLER_0_124_805, 380.24, 350.88, 1.79311
FILLER_0_124_813, 380.24, 350.88, 1.79311
FILLER_0_125_808, 380.24, 350.88, 1.79311
hold648, 393.04, 350.88, 1.79311
hold1127, 393.04, 350.88, 1.79311
FILLER_0_125_836, 393.04, 350.88, 1.79311
_08744_, 405.84, 350.88, 1.79312
_09081_, 405.84, 350.88, 1.79312
_10060_, 405.84, 350.88, 1.79312
_14810_, 405.84, 350.88, 1.79312
_08594_, 418.64, 350.88, 1.79315
_09071_, 418.64, 350.88, 1.79315
_09075_, 418.64, 350.88, 1.79315
_10896_, 418.64, 350.88, 1.79315
hold927, 418.64, 350.88, 1.79315
FILLER_0_124_896, 418.64, 350.88, 1.79315
FILLER_0_126_906, 418.64, 350.88, 1.79315
_08784_, 431.44, 350.88, 1.79319
_09070_, 431.44, 350.88, 1.79319
_09083_, 431.44, 350.88, 1.79319
_14938_, 431.44, 350.88, 1.79319
hold793, 431.44, 350.88, 1.79319
FILLER_0_125_939, 431.44, 350.88, 1.79319
_07859_, 444.24, 350.88, 1.79324
_08792_, 444.24, 350.88, 1.79324
hold859, 444.24, 350.88, 1.79324
_07563_, 457.04, 350.88, 1.79329
_09067_, 457.04, 350.88, 1.79329
FILLER_0_124_976, 457.04, 350.88, 1.79329
FILLER_0_124_981, 457.04, 350.88, 1.79329
_08994_, 469.84, 350.88, 1.79334
_08995_, 469.84, 350.88, 1.79334
hold926, 469.84, 350.88, 1.79334
FILLER_0_124_1004, 469.84, 350.88, 1.79334
FILLER_0_125_1004, 469.84, 350.88, 1.79334
FILLER_0_125_1009, 469.84, 350.88, 1.79334
PHY_244, 5.52, 345.44, 1.79352
PHY_246, 5.52, 345.44, 1.79352
output36, 5.52, 345.44, 1.79352
_14945_, 13.68, 345.44, 1.79352
FILLER_0_123_15, 13.68, 345.44, 1.79352
FILLER_0_124_21, 13.68, 345.44, 1.79352
_08062_, 34.64, 345.44, 1.79346
_08799_, 34.64, 345.44, 1.79346
_08800_, 34.64, 345.44, 1.79346
_09011_, 34.64, 345.44, 1.79346
hold536, 34.64, 345.44, 1.79346
FILLER_0_123_53, 34.64, 345.44, 1.79346
FILLER_0_123_66, 34.64, 345.44, 1.79346
_08806_, 47.44, 345.44, 1.79341
_09464_, 47.44, 345.44, 1.79341
_14836_, 47.44, 345.44, 1.79341
_14916_, 47.44, 345.44, 1.79341
FILLER_0_123_108, 60.24, 345.44, 1.79336
FILLER_0_123_125, 60.24, 345.44, 1.79336
_10460_, 73.04, 345.44, 1.79332
_11551_, 73.04, 345.44, 1.79332
_15411_, 73.04, 345.44, 1.79332
FILLER_0_122_141, 73.04, 345.44, 1.79332
FILLER_0_123_159, 73.04, 345.44, 1.79332
_07588_, 85.84, 345.44, 1.79328
_15106_, 85.84, 345.44, 1.79328
FILLER_0_123_178, 85.84, 345.44, 1.79328
_09468_, 98.64, 345.44, 1.79325
_16561_, 98.64, 345.44, 1.79325
hold1114, 98.64, 345.44, 1.79325
hold1333, 98.64, 345.44, 1.79325
FILLER_0_123_205, 98.64, 345.44, 1.79325
_14460_, 111.44, 345.44, 1.79323
_14682_, 111.44, 345.44, 1.79323
_15464_, 111.44, 345.44, 1.79323
_16545_, 111.44, 345.44, 1.79323
FILLER_0_123_234, 111.44, 345.44, 1.79323
_08347_, 124.24, 345.44, 1.79321
_10304_, 124.24, 345.44, 1.79321
_11655_, 124.24, 345.44, 1.79321
_10313_, 137.04, 345.44, 1.7932
_10345_, 137.04, 345.44, 1.7932
_15094_, 137.04, 345.44, 1.7932
FILLER_0_123_274, 137.04, 345.44, 1.7932
FILLER_0_124_290, 137.04, 345.44, 1.7932
_08769_, 149.84, 345.44, 1.79322
_10310_, 149.84, 345.44, 1.79322
_10312_, 149.84, 345.44, 1.79322
_10314_, 149.84, 345.44, 1.79322
_11560_, 149.84, 345.44, 1.79322
hold963, 149.84, 345.44, 1.79322
FILLER_0_123_310, 149.84, 345.44, 1.79322
_10074_, 162.64, 345.44, 1.79325
_14886_, 162.64, 345.44, 1.79325
hold566, 162.64, 345.44, 1.79325
FILLER_0_123_333, 162.64, 345.44, 1.79325
_10831_, 188.24, 345.44, 1.79325
_14645_, 188.24, 345.44, 1.79325
_14646_, 188.24, 345.44, 1.79325
hold592, 188.24, 345.44, 1.79325
FILLER_0_122_385, 188.24, 345.44, 1.79325
FILLER_0_122_393, 188.24, 345.44, 1.79325
_08072_, 201.04, 345.44, 1.7932
_09478_, 201.04, 345.44, 1.7932
FILLER_0_122_417, 201.04, 345.44, 1.7932
FILLER_0_124_433, 201.04, 345.44, 1.7932
_09477_, 213.84, 345.44, 1.79316
hold674, 213.84, 345.44, 1.79316
hold814, 213.84, 345.44, 1.79316
hold1175, 213.84, 345.44, 1.79316
FILLER_0_123_457, 213.84, 345.44, 1.79316
_08918_, 226.64, 345.44, 1.79312
_09103_, 226.64, 345.44, 1.79312
_09476_, 226.64, 345.44, 1.79312
hold1471, 226.64, 345.44, 1.79312
FILLER_0_122_467, 226.64, 345.44, 1.79312
FILLER_0_122_477, 226.64, 345.44, 1.79312
FILLER_0_124_493, 226.64, 345.44, 1.79312
_07545_, 239.44, 345.44, 1.79308
_08530_, 239.44, 345.44, 1.79308
_08779_, 239.44, 345.44, 1.79308
_08919_, 239.44, 345.44, 1.79308
_09064_, 239.44, 345.44, 1.79308
_09437_, 239.44, 345.44, 1.79308
_09463_, 239.44, 345.44, 1.79308
_10039_, 239.44, 345.44, 1.79308
FILLER_0_123_511, 239.44, 345.44, 1.79308
_09438_, 252.24, 345.44, 1.79308
_10278_, 252.24, 345.44, 1.79308
_11607_, 252.24, 345.44, 1.79308
_15474_, 252.24, 345.44, 1.79308
ANTENNA_104, 252.24, 345.44, 1.79308
FILLER_0_122_527, 252.24, 345.44, 1.79308
FILLER_0_123_532, 252.24, 345.44, 1.79308
_08936_, 265.04, 345.44, 1.79309
_08937_, 265.04, 345.44, 1.79309
_09334_, 265.04, 345.44, 1.79309
_10417_, 265.04, 345.44, 1.79309
_10419_, 265.04, 345.44, 1.79309
FILLER_0_122_551, 265.04, 345.44, 1.79309
FILLER_0_123_577, 265.04, 345.44, 1.79309
_11681_, 277.84, 345.44, 1.7931
_14634_, 277.84, 345.44, 1.7931
_14635_, 277.84, 345.44, 1.7931
_16539_, 277.84, 345.44, 1.7931
hold842, 277.84, 345.44, 1.7931
FILLER_0_122_585, 277.84, 345.44, 1.7931
FILLER_0_123_605, 277.84, 345.44, 1.7931
_08934_, 290.64, 345.44, 1.79312
_08935_, 290.64, 345.44, 1.79312
_11019_, 290.64, 345.44, 1.79312
_14879_, 290.64, 345.44, 1.79312
hold500, 290.64, 345.44, 1.79312
FILLER_0_123_613, 290.64, 345.44, 1.79312
FILLER_0_123_617, 290.64, 345.44, 1.79312
_09084_, 303.44, 345.44, 1.79314
_09903_, 303.44, 345.44, 1.79314
_11017_, 303.44, 345.44, 1.79314
_11605_, 303.44, 345.44, 1.79314
_14728_, 303.44, 345.44, 1.79314
_15441_, 303.44, 345.44, 1.79314
hold1091, 303.44, 345.44, 1.79314
_10075_, 316.24, 345.44, 1.79319
_10580_, 316.24, 345.44, 1.79319
_15104_, 316.24, 345.44, 1.79319
hold852, 316.24, 345.44, 1.79319
FILLER_0_123_662, 316.24, 345.44, 1.79319
FILLER_0_123_689, 316.24, 345.44, 1.79319
_09085_, 341.84, 345.44, 1.79321
_09086_, 341.84, 345.44, 1.79321
_14943_, 341.84, 345.44, 1.79321
FILLER_0_122_725, 341.84, 345.44, 1.79321
FILLER_0_123_719, 341.84, 345.44, 1.79321
FILLER_0_123_729, 341.84, 345.44, 1.79321
FILLER_0_124_735, 341.84, 345.44, 1.79321
_07916_, 354.64, 345.44, 1.79316
_08794_, 354.64, 345.44, 1.79316
_08795_, 354.64, 345.44, 1.79316
_09971_, 354.64, 345.44, 1.79316
_11021_, 354.64, 345.44, 1.79316
_14831_, 354.64, 345.44, 1.79316
FILLER_0_122_753, 354.64, 345.44, 1.79316
FILLER_0_123_752, 354.64, 345.44, 1.79316
_09006_, 367.44, 345.44, 1.79314
_10067_, 367.44, 345.44, 1.79314
_14911_, 367.44, 345.44, 1.79314
hold690, 367.44, 345.44, 1.79314
FILLER_0_123_794, 367.44, 345.44, 1.79314
_08931_, 380.24, 345.44, 1.79312
_11675_, 380.24, 345.44, 1.79312
_14877_, 380.24, 345.44, 1.79312
hold844, 380.24, 345.44, 1.79312
hold1070, 380.24, 345.44, 1.79312
FILLER_0_124_824, 380.24, 345.44, 1.79312
_09452_, 393.04, 345.44, 1.79312
_09961_, 393.04, 345.44, 1.79312
_11678_, 393.04, 345.44, 1.79312
_15101_, 393.04, 345.44, 1.79312
_15472_, 393.04, 345.44, 1.79312
FILLER_0_123_837, 393.04, 345.44, 1.79312
_08743_, 405.84, 345.44, 1.79312
_10898_, 405.84, 345.44, 1.79312
_11679_, 405.84, 345.44, 1.79312
hold1260, 405.84, 345.44, 1.79312
FILLER_0_122_869, 405.84, 345.44, 1.79312
_08996_, 418.64, 345.44, 1.79313
_08997_, 418.64, 345.44, 1.79313
_10895_, 418.64, 345.44, 1.79313
_10897_, 418.64, 345.44, 1.79313
_14906_, 418.64, 345.44, 1.79313
FILLER_0_123_906, 418.64, 345.44, 1.79313
_07634_, 431.44, 345.44, 1.79315
_08785_, 431.44, 345.44, 1.79315
_14826_, 431.44, 345.44, 1.79315
_14942_, 431.44, 345.44, 1.79315
clkbuf_leaf_119_clk, 431.44, 345.44, 1.79315
FILLER_0_123_933, 431.44, 345.44, 1.79315
_08793_, 444.24, 345.44, 1.7932
_09005_, 444.24, 345.44, 1.7932
_09082_, 444.24, 345.44, 1.7932
_09953_, 444.24, 345.44, 1.7932
_14830_, 444.24, 345.44, 1.7932
_09004_, 457.04, 345.44, 1.79327
_09068_, 457.04, 345.44, 1.79327
_10659_, 457.04, 345.44, 1.79327
_14937_, 457.04, 345.44, 1.79327
hold798, 457.04, 345.44, 1.79327
FILLER_0_122_972, 457.04, 345.44, 1.79327
_14905_, 469.84, 345.44, 1.79335
clkbuf_leaf_120_clk, 469.84, 345.44, 1.79335
FILLER_0_122_1005, 469.84, 345.44, 1.79335
PHY_240, 5.52, 340, 1.79361
PHY_242, 5.52, 340, 1.79361
_09465_, 34.64, 340, 1.79353
_14638_, 34.64, 340, 1.79353
_15105_, 34.64, 340, 1.79353
_16540_, 34.64, 340, 1.79353
hold1381, 34.64, 340, 1.79353
FILLER_0_121_68, 34.64, 340, 1.79353
FILLER_0_122_65, 34.64, 340, 1.79353
_11644_, 47.44, 340, 1.79347
hold489, 47.44, 340, 1.79347
hold595, 47.44, 340, 1.79347
FILLER_0_120_85, 47.44, 340, 1.79347
FILLER_0_121_90, 47.44, 340, 1.79347
_11610_, 60.24, 340, 1.7934
clkbuf_leaf_45_clk, 60.24, 340, 1.7934
FILLER_0_121_106, 60.24, 340, 1.7934
FILLER_0_122_128, 60.24, 340, 1.7934
_08077_, 73.04, 340, 1.79336
_10461_, 73.04, 340, 1.79336
_11550_, 73.04, 340, 1.79336
clkbuf_leaf_46_clk, 73.04, 340, 1.79336
hold1275, 73.04, 340, 1.79336
FILLER_0_121_133, 73.04, 340, 1.79336
_07703_, 85.84, 340, 1.79334
_11688_, 85.84, 340, 1.79334
_11689_, 85.84, 340, 1.79334
_15475_, 85.84, 340, 1.79334
FILLER_0_121_169, 85.84, 340, 1.79334
FILLER_0_121_176, 85.84, 340, 1.79334
_09462_, 98.64, 340, 1.79333
_09467_, 98.64, 340, 1.79333
_09483_, 98.64, 340, 1.79333
_10276_, 98.64, 340, 1.79333
_14461_, 98.64, 340, 1.79333
_16449_, 98.64, 340, 1.79333
FILLER_0_120_191, 98.64, 340, 1.79333
FILLER_0_121_199, 98.64, 340, 1.79333
FILLER_0_121_210, 98.64, 340, 1.79333
_14683_, 111.44, 340, 1.79334
hold732, 111.44, 340, 1.79334
hold834, 111.44, 340, 1.79334
FILLER_0_120_220, 111.44, 340, 1.79334
FILLER_0_121_221, 111.44, 340, 1.79334
FILLER_0_122_244, 111.44, 340, 1.79334
_11654_, 124.24, 340, 1.79335
FILLER_0_120_249, 124.24, 340, 1.79335
FILLER_0_121_249, 124.24, 340, 1.79335
_09430_, 137.04, 340, 1.79335
_09431_, 137.04, 340, 1.79335
clkbuf_leaf_34_clk, 137.04, 340, 1.79335
hold616, 137.04, 340, 1.79335
FILLER_0_120_281, 137.04, 340, 1.79335
FILLER_0_122_298, 137.04, 340, 1.79335
_08349_, 149.84, 340, 1.79338
_11561_, 149.84, 340, 1.79338
_11620_, 149.84, 340, 1.79338
_15448_, 149.84, 340, 1.79338
FILLER_0_120_305, 149.84, 340, 1.79338
FILLER_0_120_312, 149.84, 340, 1.79338
FILLER_0_121_310, 149.84, 340, 1.79338
_08949_, 162.64, 340, 1.79341
_10309_, 162.64, 340, 1.79341
_11619_, 162.64, 340, 1.79341
_14457_, 162.64, 340, 1.79341
_16448_, 162.64, 340, 1.79341
hold1167, 162.64, 340, 1.79341
FILLER_0_121_352, 162.64, 340, 1.79341
_08294_, 188.24, 340, 1.79341
_09429_, 188.24, 340, 1.79341
_15093_, 188.24, 340, 1.79341
_09428_, 201.04, 340, 1.79337
_11558_, 201.04, 340, 1.79337
_11559_, 201.04, 340, 1.79337
_11653_, 201.04, 340, 1.79337
_11701_, 201.04, 340, 1.79337
_15415_, 201.04, 340, 1.79337
hold752, 201.04, 340, 1.79337
FILLER_0_122_432, 201.04, 340, 1.79337
_10832_, 213.84, 340, 1.79333
_10835_, 213.84, 340, 1.79333
hold1056, 213.84, 340, 1.79333
FILLER_0_120_444, 213.84, 340, 1.79333
_08557_, 226.64, 340, 1.7933
_08730_, 226.64, 340, 1.7933
_08879_, 226.64, 340, 1.7933
_09063_, 226.64, 340, 1.7933
_11699_, 226.64, 340, 1.7933
hold665, 226.64, 340, 1.7933
FILLER_0_120_473, 226.64, 340, 1.7933
FILLER_0_121_477, 226.64, 340, 1.7933
FILLER_0_121_489, 226.64, 340, 1.7933
_08880_, 239.44, 340, 1.79327
_10053_, 239.44, 340, 1.79327
_11549_, 239.44, 340, 1.79327
_11590_, 239.44, 340, 1.79327
_11608_, 239.44, 340, 1.79327
_14636_, 239.44, 340, 1.79327
FILLER_0_121_496, 239.44, 340, 1.79327
_11606_, 252.24, 340, 1.79326
_11684_, 252.24, 340, 1.79326
_15442_, 252.24, 340, 1.79326
hold1085, 252.24, 340, 1.79326
FILLER_0_120_528, 252.24, 340, 1.79326
_07977_, 265.04, 340, 1.79325
_10418_, 265.04, 340, 1.79325
_15410_, 265.04, 340, 1.79325
FILLER_0_121_553, 265.04, 340, 1.79325
FILLER_0_122_572, 265.04, 340, 1.79325
_11546_, 277.84, 340, 1.79325
hold609, 277.84, 340, 1.79325
FILLER_0_120_579, 277.84, 340, 1.79325
FILLER_0_121_594, 277.84, 340, 1.79325
_07923_, 290.64, 340, 1.79324
_11016_, 290.64, 340, 1.79324
clkbuf_leaf_85_clk, 290.64, 340, 1.79324
_11604_, 303.44, 340, 1.79326
_14633_, 303.44, 340, 1.79326
_16538_, 303.44, 340, 1.79326
FILLER_0_120_638, 303.44, 340, 1.79326
FILLER_0_120_645, 303.44, 340, 1.79326
FILLER_0_121_639, 303.44, 340, 1.79326
_09460_, 316.24, 340, 1.79328
_10371_, 316.24, 340, 1.79328
clkbuf_leaf_86_clk, 316.24, 340, 1.79328
FILLER_0_122_689, 316.24, 340, 1.79328
_08621_, 341.84, 340, 1.79327
_09942_, 341.84, 340, 1.79327
_10068_, 341.84, 340, 1.79327
_10640_, 341.84, 340, 1.79327
ANTENNA_103, 341.84, 340, 1.79327
FILLER_0_121_735, 341.84, 340, 1.79327
_08535_, 354.64, 340, 1.79323
_08536_, 354.64, 340, 1.79323
_08631_, 354.64, 340, 1.79323
_10088_, 354.64, 340, 1.79323
_10663_, 354.64, 340, 1.79323
hold482, 354.64, 340, 1.79323
_08576_, 367.44, 340, 1.79321
_09007_, 367.44, 340, 1.79321
_09450_, 367.44, 340, 1.79321
_09908_, 367.44, 340, 1.79321
_11601_, 367.44, 340, 1.79321
_11676_, 367.44, 340, 1.79321
_15439_, 367.44, 340, 1.79321
_15471_, 367.44, 340, 1.79321
FILLER_0_120_776, 367.44, 340, 1.79321
FILLER_0_121_780, 367.44, 340, 1.79321
_07813_, 380.24, 340, 1.79322
_08930_, 380.24, 340, 1.79322
_10725_, 380.24, 340, 1.79322
_10726_, 380.24, 340, 1.79322
ANTENNA_58, 380.24, 340, 1.79322
FILLER_0_120_806, 380.24, 340, 1.79322
FILLER_0_121_807, 380.24, 340, 1.79322
FILLER_0_121_828, 380.24, 340, 1.79322
_09451_, 393.04, 340, 1.79323
_09954_, 393.04, 340, 1.79323
_14878_, 393.04, 340, 1.79323
hold997, 393.04, 340, 1.79323
FILLER_0_121_849, 393.04, 340, 1.79323
_08932_, 405.84, 340, 1.79325
_08933_, 405.84, 340, 1.79325
_10899_, 405.84, 340, 1.79325
clkbuf_leaf_117_clk, 405.84, 340, 1.79325
FILLER_0_120_858, 405.84, 340, 1.79325
FILLER_0_120_869, 405.84, 340, 1.79325
FILLER_0_121_857, 405.84, 340, 1.79325
FILLER_0_121_863, 405.84, 340, 1.79325
hold702, 418.64, 340, 1.7933
hold874, 418.64, 340, 1.7933
FILLER_0_121_886, 418.64, 340, 1.7933
_14626_, 431.44, 340, 1.79335
hold943, 431.44, 340, 1.79335
hold953, 431.44, 340, 1.79335
FILLER_0_121_921, 431.44, 340, 1.79335
_14910_, 444.24, 340, 1.7934
hold1169, 444.24, 340, 1.7934
FILLER_0_120_945, 444.24, 340, 1.7934
FILLER_0_120_953, 444.24, 340, 1.7934
FILLER_0_121_948, 444.24, 340, 1.7934
_09445_, 457.04, 340, 1.79345
_09446_, 457.04, 340, 1.79345
FILLER_0_121_985, 457.04, 340, 1.79345
_08783_, 469.84, 340, 1.79351
_09439_, 469.84, 340, 1.79351
_09440_, 469.84, 340, 1.79351
_14825_, 469.84, 340, 1.79351
hold1287, 469.84, 340, 1.79351
hold1541, 469.84, 340, 1.79351
FILLER_0_120_998, 469.84, 340, 1.79351
FILLER_0_121_1005, 469.84, 340, 1.79351
FILLER_0_121_1021, 469.84, 340, 1.79351
FILLER_0_122_1013, 469.84, 340, 1.79351
PHY_236, 5.52, 334.56, 1.79371
PHY_238, 5.52, 334.56, 1.79371
_15089_, 13.68, 334.56, 1.79371
FILLER_0_119_15, 13.68, 334.56, 1.79371
_14445_, 34.64, 334.56, 1.79366
_14637_, 34.64, 334.56, 1.79366
_14672_, 34.64, 334.56, 1.79366
hold1110, 34.64, 334.56, 1.79366
hold1116, 34.64, 334.56, 1.79366
FILLER_0_119_51, 34.64, 334.56, 1.79366
_10462_, 47.44, 334.56, 1.7936
_11404_, 47.44, 334.56, 1.7936
_11645_, 47.44, 334.56, 1.7936
_15459_, 47.44, 334.56, 1.7936
hold703, 47.44, 334.56, 1.7936
FILLER_0_119_78, 47.44, 334.56, 1.7936
_11609_, 60.24, 334.56, 1.79356
_15443_, 60.24, 334.56, 1.79356
FILLER_0_119_107, 60.24, 334.56, 1.79356
FILLER_0_120_119, 60.24, 334.56, 1.79356
_08078_, 73.04, 334.56, 1.79352
_08088_, 73.04, 334.56, 1.79352
_08089_, 73.04, 334.56, 1.79352
_08939_, 73.04, 334.56, 1.79352
_08940_, 73.04, 334.56, 1.79352
_10457_, 73.04, 334.56, 1.79352
_10463_, 73.04, 334.56, 1.79352
_14881_, 73.04, 334.56, 1.79352
_12484_, 85.84, 334.56, 1.79349
_14447_, 85.84, 334.56, 1.79349
hold1195, 85.84, 334.56, 1.79349
FILLER_0_119_163, 85.84, 334.56, 1.79349
FILLER_0_119_177, 85.84, 334.56, 1.79349
_09482_, 98.64, 334.56, 1.79347
_15111_, 98.64, 334.56, 1.79347
hold1375, 98.64, 334.56, 1.79347
FILLER_0_119_213, 98.64, 334.56, 1.79347
FILLER_0_120_212, 98.64, 334.56, 1.79347
_08353_, 111.44, 334.56, 1.79345
_10076_, 111.44, 334.56, 1.79345
_10292_, 111.44, 334.56, 1.79345
FILLER_0_119_221, 111.44, 334.56, 1.79345
FILLER_0_119_225, 111.44, 334.56, 1.79345
_08295_, 124.24, 334.56, 1.79345
_08302_, 124.24, 334.56, 1.79345
_08348_, 124.24, 334.56, 1.79345
_08354_, 124.24, 334.56, 1.79345
_08355_, 124.24, 334.56, 1.79345
FILLER_0_119_251, 124.24, 334.56, 1.79345
_08297_, 137.04, 334.56, 1.79346
_08350_, 137.04, 334.56, 1.79346
_10300_, 137.04, 334.56, 1.79346
_12494_, 137.04, 334.56, 1.79346
_15416_, 137.04, 334.56, 1.79346
FILLER_0_119_293, 137.04, 334.56, 1.79346
FILLER_0_120_297, 137.04, 334.56, 1.79346
_10306_, 149.84, 334.56, 1.79347
_11704_, 149.84, 334.56, 1.79347
hold839, 149.84, 334.56, 1.79347
FILLER_0_120_326, 149.84, 334.56, 1.79347
_08950_, 162.64, 334.56, 1.79348
_10101_, 162.64, 334.56, 1.79348
_13275_, 162.64, 334.56, 1.79348
hold542, 162.64, 334.56, 1.79348
FILLER_0_118_338, 162.64, 334.56, 1.79348
FILLER_0_119_337, 162.64, 334.56, 1.79348
_07700_, 188.24, 334.56, 1.79346
_11652_, 188.24, 334.56, 1.79346
_15463_, 188.24, 334.56, 1.79346
hold726, 188.24, 334.56, 1.79346
ANTENNA_64, 188.24, 334.56, 1.79346
FILLER_0_119_387, 188.24, 334.56, 1.79346
FILLER_0_119_401, 188.24, 334.56, 1.79346
_07530_, 201.04, 334.56, 1.7934
_11700_, 201.04, 334.56, 1.7934
_15479_, 201.04, 334.56, 1.7934
hold653, 201.04, 334.56, 1.7934
FILLER_0_118_421, 201.04, 334.56, 1.7934
FILLER_0_119_424, 201.04, 334.56, 1.7934
_08296_, 213.84, 334.56, 1.79335
_10834_, 213.84, 334.56, 1.79335
_10836_, 213.84, 334.56, 1.79335
_11617_, 213.84, 334.56, 1.79335
FILLER_0_119_443, 213.84, 334.56, 1.79335
FILLER_0_119_458, 213.84, 334.56, 1.79335
FILLER_0_120_459, 213.84, 334.56, 1.79335
_08947_, 226.64, 334.56, 1.7933
_08948_, 226.64, 334.56, 1.7933
_10063_, 226.64, 334.56, 1.7933
_10850_, 226.64, 334.56, 1.7933
_11618_, 226.64, 334.56, 1.7933
_14885_, 226.64, 334.56, 1.7933
FILLER_0_118_470, 226.64, 334.56, 1.7933
_08920_, 239.44, 334.56, 1.7933
_08938_, 239.44, 334.56, 1.7933
_10289_, 239.44, 334.56, 1.7933
_11531_, 239.44, 334.56, 1.7933
_11532_, 239.44, 334.56, 1.7933
_11591_, 239.44, 334.56, 1.7933
_14618_, 239.44, 334.56, 1.7933
_14619_, 239.44, 334.56, 1.7933
_14671_, 239.44, 334.56, 1.7933
FILLER_0_118_501, 239.44, 334.56, 1.7933
FILLER_0_119_500, 239.44, 334.56, 1.7933
_08921_, 252.24, 334.56, 1.7933
_10373_, 252.24, 334.56, 1.7933
_10420_, 252.24, 334.56, 1.7933
FILLER_0_118_527, 252.24, 334.56, 1.7933
FILLER_0_120_544, 252.24, 334.56, 1.7933
_10421_, 265.04, 334.56, 1.7933
_11547_, 265.04, 334.56, 1.7933
_11548_, 265.04, 334.56, 1.7933
hold538, 265.04, 334.56, 1.7933
FILLER_0_119_554, 265.04, 334.56, 1.7933
_09418_, 277.84, 334.56, 1.79331
_10416_, 277.84, 334.56, 1.79331
_15088_, 277.84, 334.56, 1.79331
hold620, 277.84, 334.56, 1.79331
FILLER_0_120_601, 277.84, 334.56, 1.79331
_11018_, 290.64, 334.56, 1.79333
_11545_, 290.64, 334.56, 1.79333
_15409_, 290.64, 334.56, 1.79333
hold1345, 290.64, 334.56, 1.79333
FILLER_0_118_610, 290.64, 334.56, 1.79333
FILLER_0_119_609, 290.64, 334.56, 1.79333
_10308_, 303.44, 334.56, 1.79335
_10325_, 303.44, 334.56, 1.79335
_14632_, 303.44, 334.56, 1.79335
FILLER_0_118_641, 303.44, 334.56, 1.79335
FILLER_0_118_645, 303.44, 334.56, 1.79335
FILLER_0_119_641, 303.44, 334.56, 1.79335
_09457_, 316.24, 334.56, 1.79341
_09887_, 316.24, 334.56, 1.79341
_10375_, 316.24, 334.56, 1.79341
hold886, 316.24, 334.56, 1.79341
FILLER_0_118_671, 316.24, 334.56, 1.79341
FILLER_0_119_663, 316.24, 334.56, 1.79341
FILLER_0_119_673, 316.24, 334.56, 1.79341
FILLER_0_119_689, 316.24, 334.56, 1.79341
_09326_, 341.84, 334.56, 1.79344
_09962_, 341.84, 334.56, 1.79344
_14664_, 341.84, 334.56, 1.79344
_16552_, 341.84, 334.56, 1.79344
_10662_, 354.64, 334.56, 1.79342
clkbuf_leaf_131_clk, 354.64, 334.56, 1.79342
hold899, 354.64, 334.56, 1.79342
FILLER_0_118_753, 354.64, 334.56, 1.79342
FILLER_0_120_760, 354.64, 334.56, 1.79342
FILLER_0_120_768, 354.64, 334.56, 1.79342
_07579_, 367.44, 334.56, 1.79342
_11600_, 367.44, 334.56, 1.79342
hold728, 367.44, 334.56, 1.79342
FILLER_0_119_778, 367.44, 334.56, 1.79342
FILLER_0_119_785, 367.44, 334.56, 1.79342
FILLER_0_119_796, 367.44, 334.56, 1.79342
_10724_, 380.24, 334.56, 1.79342
_10727_, 380.24, 334.56, 1.79342
_11542_, 380.24, 334.56, 1.79342
FILLER_0_118_813, 380.24, 334.56, 1.79342
FILLER_0_119_808, 380.24, 334.56, 1.79342
FILLER_0_119_821, 380.24, 334.56, 1.79342
_09453_, 393.04, 334.56, 1.79343
_09981_, 393.04, 334.56, 1.79343
_09982_, 393.04, 334.56, 1.79343
_07866_, 405.84, 334.56, 1.79344
_09980_, 405.84, 334.56, 1.79344
_11543_, 405.84, 334.56, 1.79344
_11544_, 405.84, 334.56, 1.79344
_11603_, 405.84, 334.56, 1.79344
_15408_, 405.84, 334.56, 1.79344
FILLER_0_119_866, 405.84, 334.56, 1.79344
_09447_, 418.64, 334.56, 1.79346
_10142_, 418.64, 334.56, 1.79346
_14627_, 418.64, 334.56, 1.79346
_16551_, 418.64, 334.56, 1.79346
FILLER_0_119_891, 418.64, 334.56, 1.79346
FILLER_0_120_907, 418.64, 334.56, 1.79346
_11633_, 431.44, 334.56, 1.79348
_16535_, 431.44, 334.56, 1.79348
hold838, 431.44, 334.56, 1.79348
FILLER_0_119_930, 431.44, 334.56, 1.79348
_09410_, 444.24, 334.56, 1.79352
_09454_, 444.24, 334.56, 1.79352
_09455_, 444.24, 334.56, 1.79352
_15084_, 444.24, 334.56, 1.79352
_15102_, 444.24, 334.56, 1.79352
hold884, 444.24, 334.56, 1.79352
FILLER_0_119_956, 444.24, 334.56, 1.79352
_09449_, 457.04, 334.56, 1.79356
_15099_, 457.04, 334.56, 1.79356
_15100_, 457.04, 334.56, 1.79356
hold846, 457.04, 334.56, 1.79356
FILLER_0_118_972, 457.04, 334.56, 1.79356
FILLER_0_118_981, 457.04, 334.56, 1.79356
FILLER_0_119_977, 457.04, 334.56, 1.79356
_09442_, 469.84, 334.56, 1.79361
_15097_, 469.84, 334.56, 1.79361
_15098_, 469.84, 334.56, 1.79361
hold1525, 469.84, 334.56, 1.79361
PHY_232, 5.52, 329.12, 1.79376
PHY_234, 5.52, 329.12, 1.79376
_09046_, 34.64, 329.12, 1.79365
_11405_, 34.64, 329.12, 1.79365
_15331_, 34.64, 329.12, 1.79365
FILLER_0_117_69, 34.64, 329.12, 1.79365
_08073_, 47.44, 329.12, 1.79354
_08086_, 47.44, 329.12, 1.79354
_10458_, 47.44, 329.12, 1.79354
FILLER_0_118_94, 47.44, 329.12, 1.79354
_08074_, 60.24, 329.12, 1.79344
_08977_, 60.24, 329.12, 1.79344
_14897_, 60.24, 329.12, 1.79344
_14977_, 60.24, 329.12, 1.79344
hold1016, 60.24, 329.12, 1.79344
FILLER_0_116_106, 60.24, 329.12, 1.79344
FILLER_0_117_113, 60.24, 329.12, 1.79344
FILLER_0_118_120, 60.24, 329.12, 1.79344
_08082_, 73.04, 329.12, 1.79335
_08083_, 73.04, 329.12, 1.79335
_10459_, 73.04, 329.12, 1.79335
_10464_, 73.04, 329.12, 1.79335
ANTENNA_45, 73.04, 329.12, 1.79335
FILLER_0_116_137, 73.04, 329.12, 1.79335
FILLER_0_117_140, 73.04, 329.12, 1.79335
_07547_, 85.84, 329.12, 1.79327
_07708_, 85.84, 329.12, 1.79327
_12483_, 85.84, 329.12, 1.79327
_15764_, 85.84, 329.12, 1.79327
hold1306, 85.84, 329.12, 1.79327
FILLER_0_116_162, 85.84, 329.12, 1.79327
FILLER_0_118_177, 85.84, 329.12, 1.79327
FILLER_0_118_185, 85.84, 329.12, 1.79327
_08538_, 98.64, 329.12, 1.79321
_09057_, 98.64, 329.12, 1.79321
_10476_, 98.64, 329.12, 1.79321
_14934_, 98.64, 329.12, 1.79321
_15336_, 98.64, 329.12, 1.79321
FILLER_0_116_190, 98.64, 329.12, 1.79321
FILLER_0_116_197, 98.64, 329.12, 1.79321
FILLER_0_117_203, 98.64, 329.12, 1.79321
FILLER_0_118_207, 98.64, 329.12, 1.79321
_09056_, 111.44, 329.12, 1.79319
_11415_, 111.44, 329.12, 1.79319
clkbuf_leaf_35_clk, 111.44, 329.12, 1.79319
_08070_, 124.24, 329.12, 1.79319
_08071_, 124.24, 329.12, 1.79319
_08299_, 124.24, 329.12, 1.79319
_08301_, 124.24, 329.12, 1.79319
_08351_, 124.24, 329.12, 1.79319
_08352_, 124.24, 329.12, 1.79319
_11686_, 124.24, 329.12, 1.79319
clkbuf_4_8_0_clk, 124.24, 329.12, 1.79319
FILLER_0_116_253, 124.24, 329.12, 1.79319
FILLER_0_117_268, 124.24, 329.12, 1.79319
FILLER_0_118_261, 124.24, 329.12, 1.79319
_09179_, 137.04, 329.12, 1.79325
_10297_, 137.04, 329.12, 1.79325
_10298_, 137.04, 329.12, 1.79325
_14982_, 137.04, 329.12, 1.79325
_15769_, 137.04, 329.12, 1.79325
FILLER_0_117_274, 137.04, 329.12, 1.79325
FILLER_0_118_286, 137.04, 329.12, 1.79325
_11703_, 149.84, 329.12, 1.79334
_12493_, 149.84, 329.12, 1.79334
_15480_, 149.84, 329.12, 1.79334
FILLER_0_116_303, 149.84, 329.12, 1.79334
FILLER_0_117_313, 149.84, 329.12, 1.79334
FILLER_0_117_327, 149.84, 329.12, 1.79334
_14933_, 162.64, 329.12, 1.79343
clkbuf_4_9_0_clk, 162.64, 329.12, 1.79343
FILLER_0_117_337, 162.64, 329.12, 1.79343
_07467_, 188.24, 329.12, 1.7935
_10827_, 188.24, 329.12, 1.7935
_10829_, 188.24, 329.12, 1.7935
_10830_, 188.24, 329.12, 1.7935
FILLER_0_116_386, 188.24, 329.12, 1.7935
FILLER_0_117_386, 188.24, 329.12, 1.7935
FILLER_0_117_393, 188.24, 329.12, 1.7935
FILLER_0_117_404, 188.24, 329.12, 1.7935
FILLER_0_117_411, 188.24, 329.12, 1.7935
FILLER_0_118_409, 188.24, 329.12, 1.7935
_07468_, 201.04, 329.12, 1.79344
_08076_, 201.04, 329.12, 1.79344
_15768_, 201.04, 329.12, 1.79344
clkbuf_leaf_76_clk, 201.04, 329.12, 1.79344
FILLER_0_117_438, 201.04, 329.12, 1.79344
FILLER_0_118_438, 201.04, 329.12, 1.79344
_10833_, 213.84, 329.12, 1.79342
_15447_, 213.84, 329.12, 1.79342
hold1107, 213.84, 329.12, 1.79342
FILLER_0_117_465, 213.84, 329.12, 1.79342
_09475_, 226.64, 329.12, 1.7934
_15045_, 226.64, 329.12, 1.7934
_08917_, 239.44, 329.12, 1.79338
_09401_, 239.44, 329.12, 1.79338
_09419_, 239.44, 329.12, 1.79338
_11643_, 239.44, 329.12, 1.79338
_11661_, 239.44, 329.12, 1.79338
_11662_, 239.44, 329.12, 1.79338
_11687_, 239.44, 329.12, 1.79338
_14653_, 239.44, 329.12, 1.79338
_14654_, 239.44, 329.12, 1.79338
_10374_, 252.24, 329.12, 1.79337
_14441_, 252.24, 329.12, 1.79337
_16443_, 252.24, 329.12, 1.79337
clkbuf_leaf_83_clk, 252.24, 329.12, 1.79337
FILLER_0_116_524, 252.24, 329.12, 1.79337
FILLER_0_117_533, 252.24, 329.12, 1.79337
_10376_, 265.04, 329.12, 1.79339
FILLER_0_117_557, 265.04, 329.12, 1.79339
FILLER_0_117_573, 265.04, 329.12, 1.79339
FILLER_0_118_577, 265.04, 329.12, 1.79339
_07975_, 277.84, 329.12, 1.7934
_14669_, 277.84, 329.12, 1.7934
_14670_, 277.84, 329.12, 1.7934
_16555_, 277.84, 329.12, 1.7934
_11020_, 290.64, 329.12, 1.79343
_11034_, 290.64, 329.12, 1.79343
_14439_, 290.64, 329.12, 1.79343
FILLER_0_116_607, 290.64, 329.12, 1.79343
FILLER_0_118_626, 290.64, 329.12, 1.79343
FILLER_0_118_633, 290.64, 329.12, 1.79343
_14438_, 303.44, 329.12, 1.79347
_14667_, 303.44, 329.12, 1.79347
_15087_, 303.44, 329.12, 1.79347
hold514, 303.44, 329.12, 1.79347
FILLER_0_116_645, 303.44, 329.12, 1.79347
_07921_, 316.24, 329.12, 1.79351
_14437_, 316.24, 329.12, 1.79351
hold773, 316.24, 329.12, 1.79351
_09411_, 341.84, 329.12, 1.79349
_09412_, 341.84, 329.12, 1.79349
_15085_, 341.84, 329.12, 1.79349
hold661, 341.84, 329.12, 1.79349
FILLER_0_117_721, 341.84, 329.12, 1.79349
_07811_, 354.64, 329.12, 1.79344
_10723_, 354.64, 329.12, 1.79344
_10728_, 354.64, 329.12, 1.79344
_15455_, 354.64, 329.12, 1.79344
FILLER_0_118_765, 354.64, 329.12, 1.79344
_11635_, 367.44, 329.12, 1.79339
_11636_, 367.44, 329.12, 1.79339
_14433_, 367.44, 329.12, 1.79339
_16440_, 367.44, 329.12, 1.79339
clkbuf_leaf_130_clk, 367.44, 329.12, 1.79339
FILLER_0_116_778, 367.44, 329.12, 1.79339
FILLER_0_117_779, 367.44, 329.12, 1.79339
FILLER_0_118_787, 367.44, 329.12, 1.79339
_15407_, 380.24, 329.12, 1.79336
clkbuf_4_13_0_clk, 380.24, 329.12, 1.79336
hold792, 380.24, 329.12, 1.79336
ANTENNA_126, 380.24, 329.12, 1.79336
FILLER_0_116_807, 380.24, 329.12, 1.79336
FILLER_0_117_813, 380.24, 329.12, 1.79336
_11602_, 393.04, 329.12, 1.79341
_15440_, 393.04, 329.12, 1.79341
hold1134, 393.04, 329.12, 1.79341
FILLER_0_117_833, 393.04, 329.12, 1.79341
FILLER_0_117_849, 393.04, 329.12, 1.79341
FILLER_0_118_844, 393.04, 329.12, 1.79341
hold1137, 405.84, 329.12, 1.79345
FILLER_0_116_864, 405.84, 329.12, 1.79345
_10138_, 418.64, 329.12, 1.7935
_14661_, 418.64, 329.12, 1.7935
_14662_, 418.64, 329.12, 1.7935
FILLER_0_117_893, 418.64, 329.12, 1.7935
_07756_, 431.44, 329.12, 1.79355
_10141_, 431.44, 329.12, 1.79355
_11634_, 431.44, 329.12, 1.79355
_15454_, 431.44, 329.12, 1.79355
_09409_, 444.24, 329.12, 1.79361
hold928, 444.24, 329.12, 1.79361
FILLER_0_117_947, 444.24, 329.12, 1.79361
_09448_, 457.04, 329.12, 1.79367
_11672_, 457.04, 329.12, 1.79367
hold725, 457.04, 329.12, 1.79367
FILLER_0_118_995, 457.04, 329.12, 1.79367
_09443_, 469.84, 329.12, 1.79372
_15406_, 469.84, 329.12, 1.79372
hold618, 469.84, 329.12, 1.79372
FILLER_0_117_998, 469.84, 329.12, 1.79372
FILLER_0_117_1017, 469.84, 329.12, 1.79372
PHY_228, 5.52, 323.68, 1.79394
PHY_230, 5.52, 323.68, 1.79394
output46, 5.52, 323.68, 1.79394
FILLER_0_116_21, 13.68, 323.68, 1.79394
_16380_, 34.64, 323.68, 1.79391
hold939, 34.64, 323.68, 1.79391
hold1485, 34.64, 323.68, 1.79391
FILLER_0_115_51, 34.64, 323.68, 1.79391
FILLER_0_116_75, 34.64, 323.68, 1.79391
_14335_, 47.44, 323.68, 1.79389
hold553, 47.44, 323.68, 1.79389
FILLER_0_114_80, 47.44, 323.68, 1.79389
_08976_, 60.24, 323.68, 1.79387
_09169_, 60.24, 323.68, 1.79387
hold982, 60.24, 323.68, 1.79387
hold1266, 60.24, 323.68, 1.79387
FILLER_0_115_108, 60.24, 323.68, 1.79387
FILLER_0_115_113, 60.24, 323.68, 1.79387
_09170_, 73.04, 323.68, 1.79385
_10456_, 73.04, 323.68, 1.79385
FILLER_0_115_160, 73.04, 323.68, 1.79385
_08941_, 85.84, 323.68, 1.79383
_08942_, 85.84, 323.68, 1.79383
hold1361, 98.64, 323.68, 1.79381
hold1412, 98.64, 323.68, 1.79381
FILLER_0_115_213, 98.64, 323.68, 1.79381
FILLER_0_116_207, 98.64, 323.68, 1.79381
FILLER_0_116_215, 98.64, 323.68, 1.79381
_08986_, 111.44, 323.68, 1.7938
_08987_, 111.44, 323.68, 1.7938
_11414_, 111.44, 323.68, 1.7938
_14902_, 111.44, 323.68, 1.7938
hold656, 111.44, 323.68, 1.7938
hold863, 111.44, 323.68, 1.7938
_08084_, 124.24, 323.68, 1.79379
_10295_, 124.24, 323.68, 1.79379
hold912, 124.24, 323.68, 1.79379
FILLER_0_114_246, 124.24, 323.68, 1.79379
FILLER_0_115_249, 124.24, 323.68, 1.79379
_09180_, 137.04, 323.68, 1.79378
_10299_, 137.04, 323.68, 1.79378
_13017_, 137.04, 323.68, 1.79378
_13018_, 137.04, 323.68, 1.79378
_15911_, 137.04, 323.68, 1.79378
hold1211, 137.04, 323.68, 1.79378
hold1513, 137.04, 323.68, 1.79378
FILLER_0_115_273, 137.04, 323.68, 1.79378
_09309_, 149.84, 323.68, 1.79378
_09310_, 149.84, 323.68, 1.79378
_10449_, 149.84, 323.68, 1.79378
_15041_, 149.84, 323.68, 1.79378
hold933, 149.84, 323.68, 1.79378
FILLER_0_115_305, 149.84, 323.68, 1.79378
FILLER_0_115_321, 149.84, 323.68, 1.79378
_09055_, 162.64, 323.68, 1.7938
_10451_, 162.64, 323.68, 1.7938
_10452_, 162.64, 323.68, 1.7938
hold597, 162.64, 323.68, 1.7938
hold865, 162.64, 323.68, 1.7938
FILLER_0_114_328, 162.64, 323.68, 1.7938
FILLER_0_116_342, 162.64, 323.68, 1.7938
_09178_, 188.24, 323.68, 1.79376
_10828_, 188.24, 323.68, 1.79376
_14981_, 188.24, 323.68, 1.79376
hold1159, 188.24, 323.68, 1.79376
_09283_, 201.04, 323.68, 1.79372
_12491_, 201.04, 323.68, 1.79372
_12492_, 201.04, 323.68, 1.79372
FILLER_0_115_414, 201.04, 323.68, 1.79372
FILLER_0_115_422, 201.04, 323.68, 1.79372
_11702_, 213.84, 323.68, 1.79368
_13028_, 213.84, 323.68, 1.79368
_15046_, 213.84, 323.68, 1.79368
_15916_, 213.84, 323.68, 1.79368
hold1526, 213.84, 323.68, 1.79368
FILLER_0_115_449, 213.84, 323.68, 1.79368
FILLER_0_116_454, 213.84, 323.68, 1.79368
FILLER_0_116_461, 213.84, 323.68, 1.79368
_09317_, 226.64, 323.68, 1.79365
_09318_, 226.64, 323.68, 1.79365
_13025_, 226.64, 323.68, 1.79365
clkbuf_leaf_78_clk, 226.64, 323.68, 1.79365
hold1319, 226.64, 323.68, 1.79365
FILLER_0_114_467, 226.64, 323.68, 1.79365
FILLER_0_115_489, 226.64, 323.68, 1.79365
_08916_, 239.44, 323.68, 1.79364
_09402_, 239.44, 323.68, 1.79364
_11625_, 239.44, 323.68, 1.79364
_11626_, 239.44, 323.68, 1.79364
hold1421, 239.44, 323.68, 1.79364
FILLER_0_115_501, 239.44, 323.68, 1.79364
_09043_, 252.24, 323.68, 1.79364
_14442_, 252.24, 323.68, 1.79364
hold1100, 252.24, 323.68, 1.79364
FILLER_0_114_527, 252.24, 323.68, 1.79364
FILLER_0_115_533, 252.24, 323.68, 1.79364
_10364_, 265.04, 323.68, 1.79364
_10377_, 265.04, 323.68, 1.79364
_10378_, 265.04, 323.68, 1.79364
_10422_, 265.04, 323.68, 1.79364
_10423_, 265.04, 323.68, 1.79364
FILLER_0_115_561, 265.04, 323.68, 1.79364
FILLER_0_116_575, 265.04, 323.68, 1.79364
_07965_, 277.84, 323.68, 1.79365
_07986_, 277.84, 323.68, 1.79365
_09417_, 277.84, 323.68, 1.79365
hold495, 277.84, 323.68, 1.79365
FILLER_0_115_586, 277.84, 323.68, 1.79365
_11014_, 290.64, 323.68, 1.79366
_16442_, 290.64, 323.68, 1.79366
FILLER_0_114_610, 290.64, 323.68, 1.79366
FILLER_0_116_620, 290.64, 323.68, 1.79366
_09416_, 303.44, 323.68, 1.79368
_11015_, 303.44, 323.68, 1.79368
_14668_, 303.44, 323.68, 1.79368
_16554_, 303.44, 323.68, 1.79368
FILLER_0_115_641, 303.44, 323.68, 1.79368
_07922_, 316.24, 323.68, 1.79371
_07976_, 316.24, 323.68, 1.79371
_09415_, 316.24, 323.68, 1.79371
FILLER_0_115_664, 316.24, 323.68, 1.79371
FILLER_0_115_673, 316.24, 323.68, 1.79371
FILLER_0_115_689, 316.24, 323.68, 1.79371
_07984_, 341.84, 323.68, 1.79373
_07985_, 341.84, 323.68, 1.79373
_14663_, 341.84, 323.68, 1.79373
_16536_, 341.84, 323.68, 1.79373
FILLER_0_115_729, 341.84, 323.68, 1.79373
_10729_, 354.64, 323.68, 1.79372
_14628_, 354.64, 323.68, 1.79372
hold475, 354.64, 323.68, 1.79372
FILLER_0_114_747, 354.64, 323.68, 1.79372
_09441_, 367.44, 323.68, 1.7937
_14432_, 367.44, 323.68, 1.7937
_15327_, 367.44, 323.68, 1.7937
hold498, 367.44, 323.68, 1.7937
FILLER_0_115_775, 367.44, 323.68, 1.7937
FILLER_0_115_785, 367.44, 323.68, 1.7937
FILLER_0_116_794, 367.44, 323.68, 1.7937
_07812_, 380.24, 323.68, 1.7937
_11541_, 380.24, 323.68, 1.7937
FILLER_0_114_813, 380.24, 323.68, 1.7937
FILLER_0_115_812, 380.24, 323.68, 1.7937
FILLER_0_115_825, 380.24, 323.68, 1.7937
FILLER_0_116_821, 380.24, 323.68, 1.7937
_07820_, 393.04, 323.68, 1.7937
_09983_, 393.04, 323.68, 1.7937
_09984_, 393.04, 323.68, 1.7937
FILLER_0_114_842, 393.04, 323.68, 1.7937
FILLER_0_115_853, 393.04, 323.68, 1.7937
_15456_, 405.84, 323.68, 1.7937
hold473, 405.84, 323.68, 1.7937
hold521, 405.84, 323.68, 1.7937
FILLER_0_114_865, 405.84, 323.68, 1.7937
FILLER_0_115_867, 405.84, 323.68, 1.7937
FILLER_0_115_875, 405.84, 323.68, 1.7937
FILLER_0_116_881, 405.84, 323.68, 1.7937
_10145_, 418.64, 323.68, 1.79371
_10153_, 418.64, 323.68, 1.79371
hold636, 418.64, 323.68, 1.79371
FILLER_0_116_907, 418.64, 323.68, 1.79371
_07757_, 431.44, 323.68, 1.79372
_14624_, 431.44, 323.68, 1.79372
_14625_, 431.44, 323.68, 1.79372
_16534_, 431.44, 323.68, 1.79372
clkbuf_leaf_118_clk, 431.44, 323.68, 1.79372
hold584, 431.44, 323.68, 1.79372
_07759_, 444.24, 323.68, 1.79376
_11632_, 444.24, 323.68, 1.79376
_15453_, 444.24, 323.68, 1.79376
_15470_, 444.24, 323.68, 1.79376
FILLER_0_115_949, 444.24, 323.68, 1.79376
FILLER_0_115_953, 444.24, 323.68, 1.79376
FILLER_0_116_959, 444.24, 323.68, 1.79376
_07758_, 457.04, 323.68, 1.7938
_10137_, 457.04, 323.68, 1.7938
_11673_, 457.04, 323.68, 1.7938
_08929_, 469.84, 323.68, 1.79385
_11539_, 469.84, 323.68, 1.79385
_11540_, 469.84, 323.68, 1.79385
_11598_, 469.84, 323.68, 1.79385
_15438_, 469.84, 323.68, 1.79385
FILLER_0_116_1017, 469.84, 323.68, 1.79385
PHY_224, 5.52, 318.24, 1.79404
PHY_226, 5.52, 318.24, 1.79404
_14336_, 34.64, 318.24, 1.794
_14639_, 34.64, 318.24, 1.794
_15107_, 34.64, 318.24, 1.794
hold1509, 34.64, 318.24, 1.794
FILLER_0_112_60, 34.64, 318.24, 1.794
FILLER_0_113_53, 34.64, 318.24, 1.794
FILLER_0_113_66, 34.64, 318.24, 1.794
_09470_, 47.44, 318.24, 1.79396
_09473_, 47.44, 318.24, 1.79396
_09474_, 47.44, 318.24, 1.79396
_15108_, 47.44, 318.24, 1.79396
hold1538, 47.44, 318.24, 1.79396
FILLER_0_114_95, 47.44, 318.24, 1.79396
_09422_, 60.24, 318.24, 1.79393
hold582, 60.24, 318.24, 1.79393
FILLER_0_114_130, 60.24, 318.24, 1.79393
_13907_, 73.04, 318.24, 1.7939
_16316_, 73.04, 318.24, 1.7939
hold1193, 73.04, 318.24, 1.7939
FILLER_0_112_141, 73.04, 318.24, 1.7939
FILLER_0_113_144, 73.04, 318.24, 1.7939
FILLER_0_113_151, 73.04, 318.24, 1.7939
_08144_, 85.84, 318.24, 1.79387
_09090_, 85.84, 318.24, 1.79387
_11553_, 85.84, 318.24, 1.79387
_13602_, 85.84, 318.24, 1.79387
_14882_, 85.84, 318.24, 1.79387
_15412_, 85.84, 318.24, 1.79387
FILLER_0_113_165, 85.84, 318.24, 1.79387
FILLER_0_113_175, 85.84, 318.24, 1.79387
_08979_, 98.64, 318.24, 1.79386
_11552_, 98.64, 318.24, 1.79386
_14898_, 98.64, 318.24, 1.79386
hold1394, 98.64, 318.24, 1.79386
FILLER_0_114_210, 98.64, 318.24, 1.79386
_12486_, 111.44, 318.24, 1.79385
_16385_, 111.44, 318.24, 1.79385
FILLER_0_113_219, 111.44, 318.24, 1.79385
FILLER_0_113_225, 111.44, 318.24, 1.79385
_13916_, 124.24, 318.24, 1.79385
_13917_, 124.24, 318.24, 1.79385
_16321_, 124.24, 318.24, 1.79385
hold959, 124.24, 318.24, 1.79385
FILLER_0_112_253, 124.24, 318.24, 1.79385
_13271_, 137.04, 318.24, 1.79386
_15121_, 137.04, 318.24, 1.79386
_09506_, 149.84, 318.24, 1.79387
_09507_, 149.84, 318.24, 1.79387
clkbuf_leaf_33_clk, 149.84, 318.24, 1.79387
FILLER_0_112_302, 149.84, 318.24, 1.79387
_10450_, 162.64, 318.24, 1.7939
_13786_, 162.64, 318.24, 1.7939
_13787_, 162.64, 318.24, 1.7939
_16247_, 162.64, 318.24, 1.7939
FILLER_0_112_336, 162.64, 318.24, 1.7939
FILLER_0_113_329, 162.64, 318.24, 1.7939
FILLER_0_113_353, 162.64, 318.24, 1.7939
_08081_, 188.24, 318.24, 1.79391
_09177_, 188.24, 318.24, 1.79391
hold664, 188.24, 318.24, 1.79391
FILLER_0_113_405, 188.24, 318.24, 1.79391
FILLER_0_114_411, 188.24, 318.24, 1.79391
_09282_, 201.04, 318.24, 1.79389
_09320_, 201.04, 318.24, 1.79389
_15029_, 201.04, 318.24, 1.79389
hold1198, 201.04, 318.24, 1.79389
FILLER_0_113_413, 201.04, 318.24, 1.79389
_09319_, 213.84, 318.24, 1.79387
_13027_, 213.84, 318.24, 1.79387
hold847, 213.84, 318.24, 1.79387
FILLER_0_113_440, 213.84, 318.24, 1.79387
_09515_, 226.64, 318.24, 1.79385
_13026_, 226.64, 318.24, 1.79385
_15125_, 226.64, 318.24, 1.79385
_15915_, 226.64, 318.24, 1.79385
FILLER_0_112_473, 226.64, 318.24, 1.79385
_07561_, 239.44, 318.24, 1.79383
_14928_, 239.44, 318.24, 1.79383
FILLER_0_113_517, 239.44, 318.24, 1.79383
_09044_, 252.24, 318.24, 1.79383
_10410_, 252.24, 318.24, 1.79383
_11401_, 252.24, 318.24, 1.79383
_11402_, 252.24, 318.24, 1.79383
hold626, 252.24, 318.24, 1.79383
FILLER_0_114_550, 252.24, 318.24, 1.79383
_10415_, 265.04, 318.24, 1.79382
FILLER_0_113_573, 265.04, 318.24, 1.79382
FILLER_0_114_573, 265.04, 318.24, 1.79382
_11641_, 277.84, 318.24, 1.79382
_11642_, 277.84, 318.24, 1.79382
_15458_, 277.84, 318.24, 1.79382
hold801, 277.84, 318.24, 1.79382
_07927_, 290.64, 318.24, 1.79383
_09042_, 290.64, 318.24, 1.79383
_11009_, 290.64, 318.24, 1.79383
_11013_, 290.64, 318.24, 1.79383
_14927_, 290.64, 318.24, 1.79383
FILLER_0_112_617, 290.64, 318.24, 1.79383
FILLER_0_113_608, 290.64, 318.24, 1.79383
_07589_, 303.44, 318.24, 1.79384
_15329_, 303.44, 318.24, 1.79384
hold658, 303.44, 318.24, 1.79384
_07924_, 316.24, 318.24, 1.79387
_07928_, 316.24, 318.24, 1.79387
_07929_, 316.24, 318.24, 1.79387
_07983_, 316.24, 318.24, 1.79387
_11400_, 316.24, 318.24, 1.79387
FILLER_0_113_665, 316.24, 318.24, 1.79387
FILLER_0_113_673, 316.24, 318.24, 1.79387
_09987_, 341.84, 318.24, 1.79387
_14629_, 341.84, 318.24, 1.79387
FILLER_0_112_725, 341.84, 318.24, 1.79387
FILLER_0_113_719, 341.84, 318.24, 1.79387
FILLER_0_113_729, 341.84, 318.24, 1.79387
FILLER_0_114_736, 341.84, 318.24, 1.79387
_10140_, 354.64, 318.24, 1.79386
_10144_, 354.64, 318.24, 1.79386
FILLER_0_112_751, 354.64, 318.24, 1.79386
FILLER_0_112_757, 354.64, 318.24, 1.79386
FILLER_0_113_758, 354.64, 318.24, 1.79386
FILLER_0_114_772, 354.64, 318.24, 1.79386
_10717_, 367.44, 318.24, 1.79385
_11395_, 367.44, 318.24, 1.79385
_11396_, 367.44, 318.24, 1.79385
_14925_, 367.44, 318.24, 1.79385
FILLER_0_113_777, 367.44, 318.24, 1.79385
_07814_, 380.24, 318.24, 1.79386
_07817_, 380.24, 318.24, 1.79386
_07818_, 380.24, 318.24, 1.79386
hold601, 380.24, 318.24, 1.79386
FILLER_0_112_807, 380.24, 318.24, 1.79386
FILLER_0_114_821, 380.24, 318.24, 1.79386
_07821_, 393.04, 318.24, 1.79386
_09985_, 393.04, 318.24, 1.79386
_14630_, 393.04, 318.24, 1.79386
_14631_, 393.04, 318.24, 1.79386
_16537_, 393.04, 318.24, 1.79386
FILLER_0_112_840, 393.04, 318.24, 1.79386
_07864_, 405.84, 318.24, 1.79388
_09979_, 405.84, 318.24, 1.79388
_11637_, 405.84, 318.24, 1.79388
_11638_, 405.84, 318.24, 1.79388
FILLER_0_112_862, 405.84, 318.24, 1.79388
_10588_, 418.64, 318.24, 1.7939
_10589_, 418.64, 318.24, 1.7939
_10590_, 418.64, 318.24, 1.7939
ANTENNA_61, 418.64, 318.24, 1.7939
FILLER_0_113_891, 418.64, 318.24, 1.7939
FILLER_0_113_897, 418.64, 318.24, 1.7939
FILLER_0_114_907, 418.64, 318.24, 1.7939
_07701_, 431.44, 318.24, 1.79392
hold989, 431.44, 318.24, 1.79392
FILLER_0_112_916, 431.44, 318.24, 1.79392
FILLER_0_112_925, 431.44, 318.24, 1.79392
FILLER_0_113_934, 431.44, 318.24, 1.79392
_07763_, 444.24, 318.24, 1.79394
_09407_, 444.24, 318.24, 1.79394
_11631_, 444.24, 318.24, 1.79394
_15083_, 444.24, 318.24, 1.79394
hold878, 444.24, 318.24, 1.79394
_09408_, 457.04, 318.24, 1.79397
hold1089, 457.04, 318.24, 1.79397
FILLER_0_112_972, 457.04, 318.24, 1.79397
FILLER_0_113_987, 457.04, 318.24, 1.79397
_11535_, 469.84, 318.24, 1.794
_11599_, 469.84, 318.24, 1.794
_14876_, 469.84, 318.24, 1.794
hold861, 469.84, 318.24, 1.794
PHY_220, 5.52, 312.8, 1.79415
PHY_222, 5.52, 312.8, 1.79415
_09486_, 34.64, 312.8, 1.79409
_14448_, 34.64, 312.8, 1.79409
_15112_, 34.64, 312.8, 1.79409
FILLER_0_111_51, 34.64, 312.8, 1.79409
FILLER_0_111_69, 34.64, 312.8, 1.79409
FILLER_0_111_75, 34.64, 312.8, 1.79409
_09423_, 47.44, 312.8, 1.79405
_09471_, 47.44, 312.8, 1.79405
_09485_, 47.44, 312.8, 1.79405
_15090_, 47.44, 312.8, 1.79405
hold587, 47.44, 312.8, 1.79405
hold1571, 47.44, 312.8, 1.79405
FILLER_0_110_81, 47.44, 312.8, 1.79405
FILLER_0_111_105, 47.44, 312.8, 1.79405
FILLER_0_112_97, 47.44, 312.8, 1.79405
_08135_, 60.24, 312.8, 1.79401
_10527_, 60.24, 312.8, 1.79401
_11647_, 60.24, 312.8, 1.79401
_15460_, 60.24, 312.8, 1.79401
_11646_, 73.04, 312.8, 1.79398
_13906_, 73.04, 312.8, 1.79398
hold871, 73.04, 312.8, 1.79398
FILLER_0_110_134, 73.04, 312.8, 1.79398
FILLER_0_111_158, 73.04, 312.8, 1.79398
_08136_, 85.84, 312.8, 1.79395
_08142_, 85.84, 312.8, 1.79395
_08143_, 85.84, 312.8, 1.79395
_10089_, 85.84, 312.8, 1.79395
FILLER_0_110_173, 85.84, 312.8, 1.79395
FILLER_0_111_177, 85.84, 312.8, 1.79395
FILLER_0_112_188, 85.84, 312.8, 1.79395
_08978_, 98.64, 312.8, 1.79393
_10529_, 98.64, 312.8, 1.79393
_10541_, 98.64, 312.8, 1.79393
FILLER_0_110_193, 98.64, 312.8, 1.79393
FILLER_0_110_197, 98.64, 312.8, 1.79393
_10524_, 111.44, 312.8, 1.79393
_14345_, 111.44, 312.8, 1.79393
_14346_, 111.44, 312.8, 1.79393
_15765_, 111.44, 312.8, 1.79393
hold1072, 111.44, 312.8, 1.79393
FILLER_0_110_225, 111.44, 312.8, 1.79393
FILLER_0_112_233, 111.44, 312.8, 1.79393
_08079_, 124.24, 312.8, 1.79395
_08087_, 124.24, 312.8, 1.79395
_09275_, 137.04, 312.8, 1.79397
_15025_, 137.04, 312.8, 1.79397
_15153_, 137.04, 312.8, 1.79397
hold559, 137.04, 312.8, 1.79397
FILLER_0_110_277, 137.04, 312.8, 1.79397
FILLER_0_111_274, 137.04, 312.8, 1.79397
FILLER_0_112_287, 137.04, 312.8, 1.79397
_08038_, 149.84, 312.8, 1.794
hold1309, 149.84, 312.8, 1.794
FILLER_0_110_309, 149.84, 312.8, 1.794
FILLER_0_111_327, 149.84, 312.8, 1.794
_10453_, 162.64, 312.8, 1.79403
_10454_, 162.64, 312.8, 1.79403
FILLER_0_111_352, 162.64, 312.8, 1.79403
_07484_, 188.24, 312.8, 1.79401
_08080_, 188.24, 312.8, 1.79401
_15030_, 188.24, 312.8, 1.79401
FILLER_0_110_389, 188.24, 312.8, 1.79401
FILLER_0_111_393, 188.24, 312.8, 1.79401
FILLER_0_112_411, 188.24, 312.8, 1.79401
_09284_, 201.04, 312.8, 1.79397
hold715, 201.04, 312.8, 1.79397
FILLER_0_110_413, 201.04, 312.8, 1.79397
FILLER_0_110_421, 201.04, 312.8, 1.79397
FILLER_0_111_431, 201.04, 312.8, 1.79397
_09516_, 213.84, 312.8, 1.79393
_09517_, 213.84, 312.8, 1.79393
_15126_, 213.84, 312.8, 1.79393
hold647, 213.84, 312.8, 1.79393
FILLER_0_111_460, 213.84, 312.8, 1.79393
FILLER_0_112_462, 213.84, 312.8, 1.79393
_09514_, 226.64, 312.8, 1.7939
_10812_, 226.64, 312.8, 1.7939
hold799, 226.64, 312.8, 1.7939
FILLER_0_110_473, 226.64, 312.8, 1.7939
FILLER_0_111_479, 226.64, 312.8, 1.7939
FILLER_0_111_492, 226.64, 312.8, 1.7939
_10311_, 239.44, 312.8, 1.79386
_10813_, 239.44, 312.8, 1.79386
_10815_, 239.44, 312.8, 1.79386
_13794_, 239.44, 312.8, 1.79386
hold634, 239.44, 312.8, 1.79386
FILLER_0_111_519, 239.44, 312.8, 1.79386
FILLER_0_112_513, 239.44, 312.8, 1.79386
_07981_, 252.24, 312.8, 1.79384
_15330_, 252.24, 312.8, 1.79384
hold478, 252.24, 312.8, 1.79384
_10414_, 265.04, 312.8, 1.79383
FILLER_0_110_552, 265.04, 312.8, 1.79383
FILLER_0_111_573, 265.04, 312.8, 1.79383
_07584_, 277.84, 312.8, 1.79381
_10388_, 277.84, 312.8, 1.79381
_11011_, 277.84, 312.8, 1.79381
hold579, 277.84, 312.8, 1.79381
FILLER_0_110_589, 277.84, 312.8, 1.79381
FILLER_0_111_589, 277.84, 312.8, 1.79381
FILLER_0_111_597, 277.84, 312.8, 1.79381
_09041_, 290.64, 312.8, 1.79382
_11012_, 290.64, 312.8, 1.79382
clkbuf_leaf_82_clk, 290.64, 312.8, 1.79382
hold532, 290.64, 312.8, 1.79382
_09456_, 303.44, 312.8, 1.79384
_10290_, 303.44, 312.8, 1.79384
_10876_, 303.44, 312.8, 1.79384
_11399_, 303.44, 312.8, 1.79384
FILLER_0_111_641, 303.44, 312.8, 1.79384
_10581_, 316.24, 312.8, 1.7939
_10872_, 316.24, 312.8, 1.7939
_10873_, 316.24, 312.8, 1.7939
ANTENNA_69, 316.24, 312.8, 1.7939
FILLER_0_110_663, 316.24, 312.8, 1.7939
_10083_, 341.84, 312.8, 1.79388
_10565_, 341.84, 312.8, 1.79388
_10681_, 341.84, 312.8, 1.79388
_10686_, 341.84, 312.8, 1.79388
_10687_, 341.84, 312.8, 1.79388
_10730_, 341.84, 312.8, 1.79388
FILLER_0_111_737, 341.84, 312.8, 1.79388
_10296_, 354.64, 312.8, 1.79383
_10680_, 354.64, 312.8, 1.79383
_10688_, 354.64, 312.8, 1.79383
_10722_, 354.64, 312.8, 1.79383
_10913_, 354.64, 312.8, 1.79383
FILLER_0_110_757, 354.64, 312.8, 1.79383
FILLER_0_111_762, 354.64, 312.8, 1.79383
_09037_, 367.44, 312.8, 1.79382
_09038_, 367.44, 312.8, 1.79382
_10563_, 367.44, 312.8, 1.79382
_10893_, 367.44, 312.8, 1.79382
_10901_, 367.44, 312.8, 1.79382
_10912_, 367.44, 312.8, 1.79382
FILLER_0_112_787, 367.44, 312.8, 1.79382
_07819_, 380.24, 312.8, 1.79382
_10720_, 380.24, 312.8, 1.79382
_10721_, 380.24, 312.8, 1.79382
hold546, 380.24, 312.8, 1.79382
FILLER_0_110_802, 380.24, 312.8, 1.79382
FILLER_0_111_809, 380.24, 312.8, 1.79382
FILLER_0_112_821, 380.24, 312.8, 1.79382
_07816_, 393.04, 312.8, 1.79382
_14665_, 393.04, 312.8, 1.79382
_14666_, 393.04, 312.8, 1.79382
_16553_, 393.04, 312.8, 1.79382
FILLER_0_110_836, 393.04, 312.8, 1.79382
FILLER_0_111_841, 393.04, 312.8, 1.79382
clkbuf_leaf_129_clk, 405.84, 312.8, 1.79384
hold550, 405.84, 312.8, 1.79384
FILLER_0_110_869, 405.84, 312.8, 1.79384
FILLER_0_111_860, 405.84, 312.8, 1.79384
_07865_, 418.64, 312.8, 1.79387
_07867_, 418.64, 312.8, 1.79387
_14660_, 418.64, 312.8, 1.79387
_16550_, 418.64, 312.8, 1.79387
FILLER_0_110_891, 418.64, 312.8, 1.79387
_07702_, 431.44, 312.8, 1.7939
_07764_, 431.44, 312.8, 1.7939
hold670, 431.44, 312.8, 1.7939
FILLER_0_110_925, 431.44, 312.8, 1.7939
_07642_, 444.24, 312.8, 1.79394
_07761_, 444.24, 312.8, 1.79394
FILLER_0_110_946, 444.24, 312.8, 1.79394
FILLER_0_110_952, 444.24, 312.8, 1.79394
FILLER_0_111_946, 444.24, 312.8, 1.79394
FILLER_0_111_965, 444.24, 312.8, 1.79394
_10900_, 457.04, 312.8, 1.79397
_11666_, 457.04, 312.8, 1.79397
_15404_, 457.04, 312.8, 1.79397
clkbuf_leaf_121_clk, 457.04, 312.8, 1.79397
_11536_, 469.84, 312.8, 1.79404
_11594_, 469.84, 312.8, 1.79404
_14874_, 469.84, 312.8, 1.79404
_15436_, 469.84, 312.8, 1.79404
hold1234, 469.84, 312.8, 1.79404
PHY_216, 5.52, 307.36, 1.79425
PHY_218, 5.52, 307.36, 1.79425
output70, 5.52, 307.36, 1.79425
_16547_, 34.64, 307.36, 1.79421
hold1546, 34.64, 307.36, 1.79421
FILLER_0_109_69, 34.64, 307.36, 1.79421
FILLER_0_110_73, 34.64, 307.36, 1.79421
_10243_, 47.44, 307.36, 1.79416
_11658_, 47.44, 307.36, 1.79416
_15466_, 47.44, 307.36, 1.79416
clkbuf_leaf_42_clk, 47.44, 307.36, 1.79416
FILLER_0_109_104, 47.44, 307.36, 1.79416
_11407_, 60.24, 307.36, 1.79414
_15461_, 60.24, 307.36, 1.79414
FILLER_0_109_125, 60.24, 307.36, 1.79414
FILLER_0_109_131, 60.24, 307.36, 1.79414
_08141_, 73.04, 307.36, 1.79413
_09048_, 73.04, 307.36, 1.79413
hold548, 73.04, 307.36, 1.79413
FILLER_0_108_141, 73.04, 307.36, 1.79413
_08138_, 85.84, 307.36, 1.79412
_08140_, 85.84, 307.36, 1.79412
FILLER_0_110_185, 85.84, 307.36, 1.79412
_09171_, 98.64, 307.36, 1.79411
_10526_, 98.64, 307.36, 1.79411
_10528_, 98.64, 307.36, 1.79411
hold1462, 98.64, 307.36, 1.79411
FILLER_0_109_193, 98.64, 307.36, 1.79411
FILLER_0_109_205, 98.64, 307.36, 1.79411
_08139_, 111.44, 307.36, 1.79411
_10521_, 111.44, 307.36, 1.79411
_12485_, 111.44, 307.36, 1.79411
FILLER_0_108_221, 111.44, 307.36, 1.79411
FILLER_0_109_219, 111.44, 307.36, 1.79411
_08651_, 124.24, 307.36, 1.79412
_08652_, 124.24, 307.36, 1.79412
_14865_, 124.24, 307.36, 1.79412
hold1297, 124.24, 307.36, 1.79412
FILLER_0_109_249, 124.24, 307.36, 1.79412
_09274_, 137.04, 307.36, 1.79413
_09789_, 137.04, 307.36, 1.79413
_09790_, 137.04, 307.36, 1.79413
_10448_, 137.04, 307.36, 1.79413
_15251_, 137.04, 307.36, 1.79413
FILLER_0_108_279, 137.04, 307.36, 1.79413
FILLER_0_109_273, 137.04, 307.36, 1.79413
_08041_, 149.84, 307.36, 1.79415
_08042_, 149.84, 307.36, 1.79415
_09576_, 149.84, 307.36, 1.79415
_09577_, 149.84, 307.36, 1.79415
hold906, 149.84, 307.36, 1.79415
FILLER_0_108_304, 149.84, 307.36, 1.79415
FILLER_0_109_319, 149.84, 307.36, 1.79415
_08903_, 162.64, 307.36, 1.79417
hold1140, 162.64, 307.36, 1.79417
FILLER_0_109_328, 162.64, 307.36, 1.79417
FILLER_0_109_337, 162.64, 307.36, 1.79417
_07460_, 188.24, 307.36, 1.79412
_09285_, 188.24, 307.36, 1.79412
_09800_, 188.24, 307.36, 1.79412
_10445_, 188.24, 307.36, 1.79412
_15256_, 188.24, 307.36, 1.79412
FILLER_0_108_390, 188.24, 307.36, 1.79412
FILLER_0_109_402, 188.24, 307.36, 1.79412
FILLER_0_110_399, 188.24, 307.36, 1.79412
FILLER_0_110_407, 188.24, 307.36, 1.79412
_09586_, 201.04, 307.36, 1.79407
_09587_, 201.04, 307.36, 1.79407
_10331_, 201.04, 307.36, 1.79407
_15158_, 201.04, 307.36, 1.79407
hold569, 201.04, 307.36, 1.79407
FILLER_0_109_414, 201.04, 307.36, 1.79407
_08279_, 213.84, 307.36, 1.79403
_08280_, 213.84, 307.36, 1.79403
_08332_, 213.84, 307.36, 1.79403
_08333_, 213.84, 307.36, 1.79403
_10332_, 213.84, 307.36, 1.79403
FILLER_0_108_445, 213.84, 307.36, 1.79403
FILLER_0_109_443, 213.84, 307.36, 1.79403
FILLER_0_109_449, 213.84, 307.36, 1.79403
_08040_, 226.64, 307.36, 1.79399
_10333_, 226.64, 307.36, 1.79399
_10334_, 226.64, 307.36, 1.79399
_10335_, 226.64, 307.36, 1.79399
_13797_, 226.64, 307.36, 1.79399
_16252_, 226.64, 307.36, 1.79399
FILLER_0_109_468, 226.64, 307.36, 1.79399
FILLER_0_109_480, 226.64, 307.36, 1.79399
FILLER_0_110_489, 226.64, 307.36, 1.79399
_08278_, 239.44, 307.36, 1.79396
_08544_, 239.44, 307.36, 1.79396
_10814_, 239.44, 307.36, 1.79396
_13795_, 239.44, 307.36, 1.79396
_16251_, 239.44, 307.36, 1.79396
FILLER_0_109_521, 239.44, 307.36, 1.79396
_10361_, 252.24, 307.36, 1.79396
_10362_, 252.24, 307.36, 1.79396
_10363_, 252.24, 307.36, 1.79396
_12481_, 252.24, 307.36, 1.79396
_13014_, 252.24, 307.36, 1.79396
_13015_, 252.24, 307.36, 1.79396
FILLER_0_109_544, 252.24, 307.36, 1.79396
_07979_, 265.04, 307.36, 1.79396
_09167_, 265.04, 307.36, 1.79396
_10411_, 265.04, 307.36, 1.79396
_10412_, 265.04, 307.36, 1.79396
_10413_, 265.04, 307.36, 1.79396
_14976_, 265.04, 307.36, 1.79396
FILLER_0_109_551, 265.04, 307.36, 1.79396
_12478_, 277.84, 307.36, 1.79398
_15762_, 277.84, 307.36, 1.79398
FILLER_0_108_589, 277.84, 307.36, 1.79398
_07925_, 290.64, 307.36, 1.79401
_10914_, 290.64, 307.36, 1.79401
_11010_, 290.64, 307.36, 1.79401
_12479_, 290.64, 307.36, 1.79401
_10866_, 303.44, 307.36, 1.79404
_10868_, 303.44, 307.36, 1.79404
_10870_, 303.44, 307.36, 1.79404
_10874_, 303.44, 307.36, 1.79404
_10875_, 303.44, 307.36, 1.79404
FILLER_0_110_649, 303.44, 307.36, 1.79404
_07926_, 316.24, 307.36, 1.79409
_07980_, 316.24, 307.36, 1.79409
_10604_, 316.24, 307.36, 1.79409
hold948, 316.24, 307.36, 1.79409
hold1463, 316.24, 307.36, 1.79409
FILLER_0_109_669, 316.24, 307.36, 1.79409
FILLER_0_110_678, 316.24, 307.36, 1.79409
_08534_, 341.84, 307.36, 1.7941
_09933_, 341.84, 307.36, 1.7941
_10678_, 341.84, 307.36, 1.7941
_10679_, 341.84, 307.36, 1.7941
FILLER_0_108_729, 341.84, 307.36, 1.7941
FILLER_0_109_722, 341.84, 307.36, 1.7941
_07583_, 354.64, 307.36, 1.79408
_10906_, 354.64, 307.36, 1.79408
_10909_, 354.64, 307.36, 1.79408
_10911_, 354.64, 307.36, 1.79408
FILLER_0_108_753, 354.64, 307.36, 1.79408
_07577_, 367.44, 307.36, 1.79406
_10905_, 367.44, 307.36, 1.79406
_12475_, 367.44, 307.36, 1.79406
_15760_, 367.44, 307.36, 1.79406
FILLER_0_109_785, 367.44, 307.36, 1.79406
FILLER_0_110_788, 367.44, 307.36, 1.79406
FILLER_0_110_796, 367.44, 307.36, 1.79406
_07815_, 380.24, 307.36, 1.79404
_09161_, 380.24, 307.36, 1.79404
_10718_, 380.24, 307.36, 1.79404
_10719_, 380.24, 307.36, 1.79404
_14973_, 380.24, 307.36, 1.79404
_09889_, 393.04, 307.36, 1.79405
_14657_, 393.04, 307.36, 1.79405
_14658_, 393.04, 307.36, 1.79405
hold1035, 393.04, 307.36, 1.79405
FILLER_0_108_837, 393.04, 307.36, 1.79405
FILLER_0_109_841, 393.04, 307.36, 1.79405
FILLER_0_110_851, 393.04, 307.36, 1.79405
_07869_, 405.84, 307.36, 1.79407
_07871_, 405.84, 307.36, 1.79407
_07872_, 405.84, 307.36, 1.79407
_07873_, 405.84, 307.36, 1.79407
_07874_, 405.84, 307.36, 1.79407
_10902_, 405.84, 307.36, 1.79407
FILLER_0_108_861, 405.84, 307.36, 1.79407
FILLER_0_109_881, 405.84, 307.36, 1.79407
_07596_, 418.64, 307.36, 1.79409
_10591_, 418.64, 307.36, 1.79409
_14655_, 418.64, 307.36, 1.79409
_14659_, 418.64, 307.36, 1.79409
FILLER_0_108_893, 418.64, 307.36, 1.79409
FILLER_0_109_893, 418.64, 307.36, 1.79409
FILLER_0_109_903, 418.64, 307.36, 1.79409
_07593_, 431.44, 307.36, 1.79412
_07595_, 431.44, 307.36, 1.79412
_07640_, 431.44, 307.36, 1.79412
_07646_, 431.44, 307.36, 1.79412
_07712_, 431.44, 307.36, 1.79412
_07713_, 431.44, 307.36, 1.79412
FILLER_0_108_915, 431.44, 307.36, 1.79412
FILLER_0_109_915, 431.44, 307.36, 1.79412
FILLER_0_110_938, 431.44, 307.36, 1.79412
_07581_, 444.24, 307.36, 1.79415
_07644_, 444.24, 307.36, 1.79415
_07705_, 444.24, 307.36, 1.79415
_07711_, 444.24, 307.36, 1.79415
_11667_, 444.24, 307.36, 1.79415
_15468_, 444.24, 307.36, 1.79415
FILLER_0_109_965, 444.24, 307.36, 1.79415
_07641_, 457.04, 307.36, 1.79419
_11595_, 457.04, 307.36, 1.79419
hold659, 457.04, 307.36, 1.79419
FILLER_0_108_970, 457.04, 307.36, 1.79419
FILLER_0_109_991, 457.04, 307.36, 1.79419
_08924_, 469.84, 307.36, 1.79423
_11592_, 469.84, 307.36, 1.79423
hold1021, 469.84, 307.36, 1.79423
FILLER_0_108_1001, 469.84, 307.36, 1.79423
FILLER_0_109_998, 469.84, 307.36, 1.79423
FILLER_0_110_1014, 469.84, 307.36, 1.79423
PHY_212, 5.52, 301.92, 1.79439
PHY_214, 5.52, 301.92, 1.79439
_14652_, 34.64, 301.92, 1.79434
_14686_, 34.64, 301.92, 1.79434
_14687_, 34.64, 301.92, 1.79434
_16563_, 34.64, 301.92, 1.79434
hold829, 34.64, 301.92, 1.79434
FILLER_0_106_53, 34.64, 301.92, 1.79434
_08453_, 47.44, 301.92, 1.7943
_11659_, 47.44, 301.92, 1.7943
FILLER_0_107_86, 47.44, 301.92, 1.7943
FILLER_0_108_103, 47.44, 301.92, 1.7943
_11406_, 60.24, 301.92, 1.79426
_11648_, 60.24, 301.92, 1.79426
_15332_, 60.24, 301.92, 1.79426
hold965, 60.24, 301.92, 1.79426
_09049_, 73.04, 301.92, 1.79422
_10523_, 73.04, 301.92, 1.79422
_14930_, 73.04, 301.92, 1.79422
hold650, 73.04, 301.92, 1.79422
FILLER_0_106_135, 73.04, 301.92, 1.79422
FILLER_0_106_141, 73.04, 301.92, 1.79422
_08137_, 85.84, 301.92, 1.79419
_11611_, 85.84, 301.92, 1.79419
_11612_, 85.84, 301.92, 1.79419
_14337_, 85.84, 301.92, 1.79419
hold1018, 85.84, 301.92, 1.79419
FILLER_0_107_164, 85.84, 301.92, 1.79419
_10525_, 98.64, 301.92, 1.79417
_11692_, 98.64, 301.92, 1.79417
_14978_, 98.64, 301.92, 1.79417
clkbuf_leaf_36_clk, 98.64, 301.92, 1.79417
_09172_, 111.44, 301.92, 1.79418
_13909_, 111.44, 301.92, 1.79418
_16317_, 111.44, 301.92, 1.79418
hold1219, 111.44, 301.92, 1.79418
FILLER_0_108_235, 111.44, 301.92, 1.79418
_08075_, 124.24, 301.92, 1.79419
_08900_, 124.24, 301.92, 1.79419
_08901_, 124.24, 301.92, 1.79419
_14801_, 124.24, 301.92, 1.79419
FILLER_0_106_253, 124.24, 301.92, 1.79419
FILLER_0_108_271, 124.24, 301.92, 1.79419
_08036_, 137.04, 301.92, 1.79421
_14802_, 137.04, 301.92, 1.79421
hold572, 137.04, 301.92, 1.79421
FILLER_0_107_274, 137.04, 301.92, 1.79421
FILLER_0_107_293, 137.04, 301.92, 1.79421
_08043_, 149.84, 301.92, 1.79423
_13491_, 149.84, 301.92, 1.79423
_16119_, 149.84, 301.92, 1.79423
FILLER_0_106_309, 149.84, 301.92, 1.79423
FILLER_0_107_318, 149.84, 301.92, 1.79423
_08902_, 162.64, 301.92, 1.79426
_13490_, 162.64, 301.92, 1.79426
_14866_, 162.64, 301.92, 1.79426
_16120_, 162.64, 301.92, 1.79426
clkbuf_leaf_32_clk, 162.64, 301.92, 1.79426
FILLER_0_107_330, 162.64, 301.92, 1.79426
FILLER_0_108_343, 162.64, 301.92, 1.79426
_07678_, 188.24, 301.92, 1.79428
_08039_, 188.24, 301.92, 1.79428
_08696_, 188.24, 301.92, 1.79428
_09799_, 188.24, 301.92, 1.79428
hold600, 188.24, 301.92, 1.79428
hold835, 188.24, 301.92, 1.79428
_08035_, 201.04, 301.92, 1.79424
_08330_, 201.04, 301.92, 1.79424
FILLER_0_106_412, 201.04, 301.92, 1.79424
_08037_, 213.84, 301.92, 1.7942
_08281_, 213.84, 301.92, 1.7942
_08331_, 213.84, 301.92, 1.7942
_08334_, 213.84, 301.92, 1.7942
_08335_, 213.84, 301.92, 1.7942
clkbuf_leaf_79_clk, 213.84, 301.92, 1.7942
FILLER_0_106_447, 213.84, 301.92, 1.7942
FILLER_0_107_439, 213.84, 301.92, 1.7942
FILLER_0_107_449, 213.84, 301.92, 1.7942
_10336_, 226.64, 301.92, 1.79418
_13796_, 226.64, 301.92, 1.79418
hold537, 226.64, 301.92, 1.79418
FILLER_0_106_471, 226.64, 301.92, 1.79418
FILLER_0_107_482, 226.64, 301.92, 1.79418
FILLER_0_107_493, 226.64, 301.92, 1.79418
_07531_, 239.44, 301.92, 1.79417
_10343_, 239.44, 301.92, 1.79417
_10816_, 239.44, 301.92, 1.79417
_15910_, 239.44, 301.92, 1.79417
FILLER_0_107_517, 239.44, 301.92, 1.79417
FILLER_0_108_522, 239.44, 301.92, 1.79417
_07958_, 252.24, 301.92, 1.79417
_12480_, 252.24, 301.92, 1.79417
_15763_, 252.24, 301.92, 1.79417
hold1001, 252.24, 301.92, 1.79417
FILLER_0_106_528, 252.24, 301.92, 1.79417
FILLER_0_107_546, 252.24, 301.92, 1.79417
FILLER_0_108_542, 252.24, 301.92, 1.79417
_09166_, 265.04, 301.92, 1.79417
hold713, 265.04, 301.92, 1.79417
hold978, 265.04, 301.92, 1.79417
hold1326, 265.04, 301.92, 1.79417
FILLER_0_107_561, 265.04, 301.92, 1.79417
FILLER_0_107_575, 265.04, 301.92, 1.79417
_07481_, 277.84, 301.92, 1.79418
_08974_, 277.84, 301.92, 1.79418
_09164_, 277.84, 301.92, 1.79418
_09165_, 277.84, 301.92, 1.79418
_14975_, 277.84, 301.92, 1.79418
FILLER_0_106_583, 277.84, 301.92, 1.79418
FILLER_0_107_590, 277.84, 301.92, 1.79418
hold915, 290.64, 301.92, 1.7942
FILLER_0_106_613, 290.64, 301.92, 1.7942
_09775_, 303.44, 301.92, 1.79423
_15018_, 303.44, 301.92, 1.79423
_15244_, 303.44, 301.92, 1.79423
FILLER_0_106_641, 303.44, 301.92, 1.79423
FILLER_0_107_641, 303.44, 301.92, 1.79423
FILLER_0_107_649, 303.44, 301.92, 1.79423
FILLER_0_108_650, 303.44, 301.92, 1.79423
_09774_, 316.24, 301.92, 1.79426
_10567_, 316.24, 301.92, 1.79426
_15907_, 316.24, 301.92, 1.79426
FILLER_0_108_679, 316.24, 301.92, 1.79426
_07795_, 341.84, 301.92, 1.79427
_10684_, 341.84, 301.92, 1.79427
_10685_, 341.84, 301.92, 1.79427
_13777_, 341.84, 301.92, 1.79427
_16243_, 341.84, 301.92, 1.79427
hold721, 341.84, 301.92, 1.79427
FILLER_0_107_745, 341.84, 301.92, 1.79427
_07796_, 354.64, 301.92, 1.79425
_10664_, 354.64, 301.92, 1.79425
_10677_, 354.64, 301.92, 1.79425
_10903_, 354.64, 301.92, 1.79425
_10904_, 354.64, 301.92, 1.79425
FILLER_0_107_761, 354.64, 301.92, 1.79425
FILLER_0_108_763, 354.64, 301.92, 1.79425
_12474_, 367.44, 301.92, 1.79425
_16376_, 367.44, 301.92, 1.79425
FILLER_0_106_786, 367.44, 301.92, 1.79425
FILLER_0_107_773, 367.44, 301.92, 1.79425
FILLER_0_107_781, 367.44, 301.92, 1.79425
FILLER_0_107_785, 367.44, 301.92, 1.79425
FILLER_0_108_791, 367.44, 301.92, 1.79425
_09160_, 380.24, 301.92, 1.79425
hold1033, 380.24, 301.92, 1.79425
FILLER_0_106_809, 380.24, 301.92, 1.79425
FILLER_0_107_809, 380.24, 301.92, 1.79425
_09406_, 393.04, 301.92, 1.79426
_15082_, 393.04, 301.92, 1.79426
_16549_, 393.04, 301.92, 1.79426
hold797, 393.04, 301.92, 1.79426
FILLER_0_106_829, 393.04, 301.92, 1.79426
FILLER_0_106_840, 393.04, 301.92, 1.79426
_07639_, 405.84, 301.92, 1.79427
FILLER_0_106_862, 405.84, 301.92, 1.79427
FILLER_0_106_869, 405.84, 301.92, 1.79427
_10651_, 418.64, 301.92, 1.79428
_14656_, 418.64, 301.92, 1.79428
_16548_, 418.64, 301.92, 1.79428
hold511, 418.64, 301.92, 1.79428
FILLER_0_106_890, 418.64, 301.92, 1.79428
_07576_, 431.44, 301.92, 1.7943
_07592_, 431.44, 301.92, 1.7943
_07647_, 431.44, 301.92, 1.7943
_07710_, 431.44, 301.92, 1.7943
FILLER_0_107_925, 431.44, 301.92, 1.7943
FILLER_0_107_931, 431.44, 301.92, 1.7943
FILLER_0_107_938, 431.44, 301.92, 1.7943
FILLER_0_108_938, 431.44, 301.92, 1.7943
_07580_, 444.24, 301.92, 1.79432
_07586_, 444.24, 301.92, 1.79432
_07707_, 444.24, 301.92, 1.79432
FILLER_0_106_949, 444.24, 301.92, 1.79432
FILLER_0_107_987, 457.04, 301.92, 1.79434
FILLER_0_108_993, 457.04, 301.92, 1.79434
_11533_, 469.84, 301.92, 1.79437
_11534_, 469.84, 301.92, 1.79437
_11593_, 469.84, 301.92, 1.79437
_15403_, 469.84, 301.92, 1.79437
_15435_, 469.84, 301.92, 1.79437
hold1218, 469.84, 301.92, 1.79437
FILLER_0_108_1021, 469.84, 301.92, 1.79437
PHY_208, 5.52, 296.48, 1.79453
PHY_210, 5.52, 296.48, 1.79453
_14641_, 34.64, 296.48, 1.79451
_14651_, 34.64, 296.48, 1.79451
_16542_, 34.64, 296.48, 1.79451
hold819, 34.64, 296.48, 1.79451
hold1446, 34.64, 296.48, 1.79451
_08188_, 47.44, 296.48, 1.79449
_14678_, 47.44, 296.48, 1.79449
_14679_, 47.44, 296.48, 1.79449
FILLER_0_105_97, 47.44, 296.48, 1.79449
FILLER_0_106_97, 47.44, 296.48, 1.79449
_08454_, 60.24, 296.48, 1.79447
_10096_, 60.24, 296.48, 1.79447
_11649_, 60.24, 296.48, 1.79447
FILLER_0_105_109, 60.24, 296.48, 1.79447
FILLER_0_105_125, 60.24, 296.48, 1.79447
_14338_, 73.04, 296.48, 1.79446
_16381_, 73.04, 296.48, 1.79446
FILLER_0_104_137, 73.04, 296.48, 1.79446
FILLER_0_106_148, 73.04, 296.48, 1.79446
_15444_, 85.84, 296.48, 1.79445
_15476_, 85.84, 296.48, 1.79445
FILLER_0_105_161, 85.84, 296.48, 1.79445
FILLER_0_105_187, 85.84, 296.48, 1.79445
_10522_, 98.64, 296.48, 1.79445
_11691_, 98.64, 296.48, 1.79445
hold957, 98.64, 296.48, 1.79445
hold1058, 98.64, 296.48, 1.79445
FILLER_0_104_189, 98.64, 296.48, 1.79445
_13908_, 111.44, 296.48, 1.79446
hold782, 111.44, 296.48, 1.79446
FILLER_0_106_244, 111.44, 296.48, 1.79446
_09277_, 124.24, 296.48, 1.79446
FILLER_0_104_245, 124.24, 296.48, 1.79446
FILLER_0_104_256, 124.24, 296.48, 1.79446
FILLER_0_105_269, 124.24, 296.48, 1.79446
FILLER_0_106_266, 124.24, 296.48, 1.79446
_08660_, 137.04, 296.48, 1.79447
_08661_, 137.04, 296.48, 1.79447
_09579_, 137.04, 296.48, 1.79447
hold497, 137.04, 296.48, 1.79447
hold632, 137.04, 296.48, 1.79447
hold1048, 137.04, 296.48, 1.79447
FILLER_0_105_286, 137.04, 296.48, 1.79447
_08045_, 149.84, 296.48, 1.79447
FILLER_0_104_302, 149.84, 296.48, 1.79447
FILLER_0_104_309, 149.84, 296.48, 1.79447
FILLER_0_105_327, 149.84, 296.48, 1.79447
FILLER_0_106_327, 149.84, 296.48, 1.79447
_08033_, 162.64, 296.48, 1.79448
_13560_, 162.64, 296.48, 1.79448
_13561_, 162.64, 296.48, 1.79448
_16151_, 162.64, 296.48, 1.79448
FILLER_0_105_353, 162.64, 296.48, 1.79448
FILLER_0_106_352, 162.64, 296.48, 1.79448
_08688_, 188.24, 296.48, 1.79444
_08910_, 188.24, 296.48, 1.79444
_08911_, 188.24, 296.48, 1.79444
FILLER_0_105_388, 188.24, 296.48, 1.79444
FILLER_0_105_406, 188.24, 296.48, 1.79444
hold494, 201.04, 296.48, 1.79438
FILLER_0_104_415, 201.04, 296.48, 1.79438
FILLER_0_104_421, 201.04, 296.48, 1.79438
_08282_, 213.84, 296.48, 1.79433
_09584_, 213.84, 296.48, 1.79433
FILLER_0_104_447, 213.84, 296.48, 1.79433
FILLER_0_105_445, 213.84, 296.48, 1.79433
_08908_, 226.64, 296.48, 1.79428
_08909_, 226.64, 296.48, 1.79428
_14869_, 226.64, 296.48, 1.79428
hold1343, 226.64, 296.48, 1.79428
FILLER_0_104_469, 226.64, 296.48, 1.79428
FILLER_0_105_469, 226.64, 296.48, 1.79428
FILLER_0_106_489, 226.64, 296.48, 1.79428
_07534_, 239.44, 296.48, 1.79423
_10823_, 239.44, 296.48, 1.79423
_13615_, 239.44, 296.48, 1.79423
FILLER_0_104_507, 239.44, 296.48, 1.79423
FILLER_0_105_495, 239.44, 296.48, 1.79423
_09504_, 252.24, 296.48, 1.79419
_10360_, 252.24, 296.48, 1.79419
_15120_, 252.24, 296.48, 1.79419
FILLER_0_105_535, 252.24, 296.48, 1.79419
FILLER_0_106_542, 252.24, 296.48, 1.79419
_07533_, 265.04, 296.48, 1.79415
_07959_, 265.04, 296.48, 1.79415
_08561_, 265.04, 296.48, 1.79415
_08973_, 265.04, 296.48, 1.79415
clkbuf_leaf_81_clk, 265.04, 296.48, 1.79415
FILLER_0_104_551, 265.04, 296.48, 1.79415
FILLER_0_105_561, 265.04, 296.48, 1.79415
_07528_, 277.84, 296.48, 1.79416
_10103_, 277.84, 296.48, 1.79416
_14895_, 277.84, 296.48, 1.79416
hold1045, 277.84, 296.48, 1.79416
hold1123, 277.84, 296.48, 1.79416
_14330_, 290.64, 296.48, 1.79419
_14331_, 290.64, 296.48, 1.79419
_16314_, 290.64, 296.48, 1.79419
_16378_, 290.64, 296.48, 1.79419
FILLER_0_105_612, 290.64, 296.48, 1.79419
FILLER_0_105_617, 290.64, 296.48, 1.79419
_09259_, 303.44, 296.48, 1.79424
_09260_, 303.44, 296.48, 1.79424
_10302_, 303.44, 296.48, 1.79424
_13002_, 303.44, 296.48, 1.79424
_13003_, 303.44, 296.48, 1.79424
hold969, 303.44, 296.48, 1.79424
ANTENNA_47, 303.44, 296.48, 1.79424
FILLER_0_104_640, 303.44, 296.48, 1.79424
_10073_, 316.24, 296.48, 1.79432
_13009_, 316.24, 296.48, 1.79432
FILLER_0_104_662, 316.24, 296.48, 1.79432
FILLER_0_105_669, 316.24, 296.48, 1.79432
FILLER_0_106_682, 316.24, 296.48, 1.79432
_07798_, 341.84, 296.48, 1.79439
_13778_, 341.84, 296.48, 1.79439
_15037_, 341.84, 296.48, 1.79439
hold1359, 341.84, 296.48, 1.79439
FILLER_0_105_722, 341.84, 296.48, 1.79439
FILLER_0_106_739, 341.84, 296.48, 1.79439
_09300_, 354.64, 296.48, 1.79437
_09301_, 354.64, 296.48, 1.79437
_15117_, 354.64, 296.48, 1.79437
hold672, 354.64, 296.48, 1.79437
FILLER_0_104_751, 354.64, 296.48, 1.79437
FILLER_0_105_761, 354.64, 296.48, 1.79437
_07574_, 367.44, 296.48, 1.79435
_09265_, 367.44, 296.48, 1.79435
_09266_, 367.44, 296.48, 1.79435
_09497_, 367.44, 296.48, 1.79435
_14326_, 367.44, 296.48, 1.79435
_14327_, 367.44, 296.48, 1.79435
hold729, 367.44, 296.48, 1.79435
FILLER_0_105_793, 367.44, 296.48, 1.79435
_08967_, 380.24, 296.48, 1.79434
FILLER_0_104_803, 380.24, 296.48, 1.79434
FILLER_0_104_813, 380.24, 296.48, 1.79434
FILLER_0_106_821, 380.24, 296.48, 1.79434
_09405_, 393.04, 296.48, 1.79433
clkbuf_leaf_128_clk, 393.04, 296.48, 1.79433
hold1565, 393.04, 296.48, 1.79433
FILLER_0_104_836, 393.04, 296.48, 1.79433
FILLER_0_105_833, 393.04, 296.48, 1.79433
_09413_, 405.84, 296.48, 1.79434
_14622_, 405.84, 296.48, 1.79434
_14623_, 405.84, 296.48, 1.79434
_16533_, 405.84, 296.48, 1.79434
hold980, 405.84, 296.48, 1.79434
FILLER_0_104_863, 405.84, 296.48, 1.79434
FILLER_0_105_861, 405.84, 296.48, 1.79434
_07575_, 418.64, 296.48, 1.79435
_10649_, 418.64, 296.48, 1.79435
_10650_, 418.64, 296.48, 1.79435
FILLER_0_104_886, 418.64, 296.48, 1.79435
FILLER_0_105_886, 418.64, 296.48, 1.79435
FILLER_0_105_897, 418.64, 296.48, 1.79435
FILLER_0_106_900, 418.64, 296.48, 1.79435
_10648_, 431.44, 296.48, 1.79437
hold1267, 431.44, 296.48, 1.79437
FILLER_0_104_925, 431.44, 296.48, 1.79437
FILLER_0_105_934, 431.44, 296.48, 1.79437
_09403_, 444.24, 296.48, 1.79439
_09404_, 444.24, 296.48, 1.79439
_10647_, 444.24, 296.48, 1.79439
_11663_, 444.24, 296.48, 1.79439
FILLER_0_105_947, 444.24, 296.48, 1.79439
FILLER_0_105_953, 444.24, 296.48, 1.79439
_07704_, 457.04, 296.48, 1.79441
_10587_, 457.04, 296.48, 1.79441
_11669_, 457.04, 296.48, 1.79441
hold554, 457.04, 296.48, 1.79441
FILLER_0_106_993, 457.04, 296.48, 1.79441
_08922_, 469.84, 296.48, 1.79444
_14873_, 469.84, 296.48, 1.79444
clkbuf_leaf_122_clk, 469.84, 296.48, 1.79444
FILLER_0_104_1002, 469.84, 296.48, 1.79444
FILLER_0_105_1000, 469.84, 296.48, 1.79444
FILLER_0_105_1009, 469.84, 296.48, 1.79444
FILLER_0_105_1017, 469.84, 296.48, 1.79444
PHY_204, 5.52, 291.04, 1.79462
PHY_206, 5.52, 291.04, 1.79462
_15091_, 13.68, 291.04, 1.79462
FILLER_0_103_15, 13.68, 291.04, 1.79462
_14676_, 34.64, 291.04, 1.79457
_16559_, 34.64, 291.04, 1.79457
clkbuf_leaf_41_clk, 34.64, 291.04, 1.79457
FILLER_0_102_54, 34.64, 291.04, 1.79457
FILLER_0_103_77, 34.64, 291.04, 1.79457
_08241_, 47.44, 291.04, 1.79455
_11650_, 47.44, 291.04, 1.79455
_11651_, 47.44, 291.04, 1.79455
hold692, 47.44, 291.04, 1.79455
hold917, 47.44, 291.04, 1.79455
FILLER_0_103_88, 47.44, 291.04, 1.79455
FILLER_0_104_102, 47.44, 291.04, 1.79455
_08189_, 60.24, 291.04, 1.79453
_08462_, 60.24, 291.04, 1.79453
FILLER_0_104_129, 60.24, 291.04, 1.79453
_08249_, 73.04, 291.04, 1.79452
_08250_, 73.04, 291.04, 1.79452
_08251_, 73.04, 291.04, 1.79452
_08463_, 73.04, 291.04, 1.79452
FILLER_0_103_154, 73.04, 291.04, 1.79452
_08145_, 85.84, 291.04, 1.7945
_08146_, 85.84, 291.04, 1.7945
_14684_, 85.84, 291.04, 1.7945
_14685_, 85.84, 291.04, 1.7945
hold1334, 85.84, 291.04, 1.7945
FILLER_0_102_168, 85.84, 291.04, 1.7945
FILLER_0_103_164, 85.84, 291.04, 1.7945
FILLER_0_104_177, 85.84, 291.04, 1.7945
_08400_, 98.64, 291.04, 1.79449
_09433_, 98.64, 291.04, 1.79449
_15465_, 98.64, 291.04, 1.79449
hold1187, 98.64, 291.04, 1.79449
FILLER_0_102_197, 98.64, 291.04, 1.79449
FILLER_0_103_202, 98.64, 291.04, 1.79449
FILLER_0_104_205, 98.64, 291.04, 1.79449
_08401_, 111.44, 291.04, 1.79448
_08409_, 111.44, 291.04, 1.79448
_10771_, 111.44, 291.04, 1.79448
_11657_, 111.44, 291.04, 1.79448
_15026_, 111.44, 291.04, 1.79448
FILLER_0_103_228, 111.44, 291.04, 1.79448
_08410_, 124.24, 291.04, 1.79448
_15252_, 124.24, 291.04, 1.79448
clkbuf_leaf_37_clk, 124.24, 291.04, 1.79448
hold1162, 124.24, 291.04, 1.79448
FILLER_0_102_249, 124.24, 291.04, 1.79448
FILLER_0_104_267, 124.24, 291.04, 1.79448
_08118_, 137.04, 291.04, 1.7945
_09578_, 137.04, 291.04, 1.7945
_09791_, 137.04, 291.04, 1.7945
_10499_, 137.04, 291.04, 1.7945
_15154_, 137.04, 291.04, 1.7945
FILLER_0_103_276, 137.04, 291.04, 1.7945
_08028_, 149.84, 291.04, 1.79453
_08046_, 149.84, 291.04, 1.79453
_08443_, 149.84, 291.04, 1.79453
FILLER_0_102_309, 149.84, 291.04, 1.79453
FILLER_0_104_325, 149.84, 291.04, 1.79453
_10443_, 162.64, 291.04, 1.79457
_10444_, 162.64, 291.04, 1.79457
hold1055, 162.64, 291.04, 1.79457
FILLER_0_103_346, 162.64, 291.04, 1.79457
FILLER_0_104_355, 162.64, 291.04, 1.79457
_08044_, 188.24, 291.04, 1.79455
_08687_, 188.24, 291.04, 1.79455
_10497_, 188.24, 291.04, 1.79455
_14805_, 188.24, 291.04, 1.79455
FILLER_0_103_389, 188.24, 291.04, 1.79455
FILLER_0_103_393, 188.24, 291.04, 1.79455
_08277_, 201.04, 291.04, 1.79451
_09798_, 201.04, 291.04, 1.79451
_10811_, 201.04, 291.04, 1.79451
_15255_, 201.04, 291.04, 1.79451
FILLER_0_103_416, 201.04, 291.04, 1.79451
_08276_, 213.84, 291.04, 1.79448
_08283_, 213.84, 291.04, 1.79448
_08336_, 213.84, 291.04, 1.79448
_13499_, 213.84, 291.04, 1.79448
_15157_, 213.84, 291.04, 1.79448
hold791, 213.84, 291.04, 1.79448
_10820_, 226.64, 291.04, 1.79445
_13498_, 226.64, 291.04, 1.79445
_16123_, 226.64, 291.04, 1.79445
hold571, 226.64, 291.04, 1.79445
FILLER_0_102_472, 226.64, 291.04, 1.79445
FILLER_0_104_494, 226.64, 291.04, 1.79445
_08975_, 239.44, 291.04, 1.79443
_09027_, 239.44, 291.04, 1.79443
_09045_, 239.44, 291.04, 1.79443
_10301_, 239.44, 291.04, 1.79443
_10822_, 239.44, 291.04, 1.79443
_11385_, 239.44, 291.04, 1.79443
_11403_, 239.44, 291.04, 1.79443
FILLER_0_102_504, 239.44, 291.04, 1.79443
FILLER_0_103_505, 239.44, 291.04, 1.79443
_08957_, 252.24, 291.04, 1.79442
_08958_, 252.24, 291.04, 1.79442
_09028_, 252.24, 291.04, 1.79442
_11386_, 252.24, 291.04, 1.79442
_15040_, 252.24, 291.04, 1.79442
FILLER_0_102_533, 252.24, 291.04, 1.79442
_07961_, 265.04, 291.04, 1.79442
_07962_, 265.04, 291.04, 1.79442
_09307_, 265.04, 291.04, 1.79442
_14896_, 265.04, 291.04, 1.79442
ANTENNA_100, 265.04, 291.04, 1.79442
_07538_, 277.84, 291.04, 1.79442
_08971_, 277.84, 291.04, 1.79442
_08972_, 277.84, 291.04, 1.79442
_10105_, 277.84, 291.04, 1.79442
_10143_, 277.84, 291.04, 1.79442
_13901_, 290.64, 291.04, 1.79446
_13902_, 290.64, 291.04, 1.79446
hold857, 290.64, 291.04, 1.79446
FILLER_0_103_613, 290.64, 291.04, 1.79446
FILLER_0_103_626, 290.64, 291.04, 1.79446
FILLER_0_104_631, 290.64, 291.04, 1.79446
_15904_, 303.44, 291.04, 1.7945
hold581, 303.44, 291.04, 1.7945
FILLER_0_102_634, 303.44, 291.04, 1.7945
FILLER_0_102_645, 303.44, 291.04, 1.7945
_10871_, 316.24, 291.04, 1.79455
_13001_, 316.24, 291.04, 1.79455
_15903_, 316.24, 291.04, 1.79455
FILLER_0_104_679, 316.24, 291.04, 1.79455
_07797_, 341.84, 291.04, 1.79458
FILLER_0_103_725, 341.84, 291.04, 1.79458
FILLER_0_104_735, 341.84, 291.04, 1.79458
FILLER_0_104_745, 341.84, 291.04, 1.79458
_09498_, 354.64, 291.04, 1.79455
_09921_, 354.64, 291.04, 1.79455
FILLER_0_102_749, 354.64, 291.04, 1.79455
FILLER_0_102_757, 354.64, 291.04, 1.79455
FILLER_0_103_753, 354.64, 291.04, 1.79455
FILLER_0_104_766, 354.64, 291.04, 1.79455
_15021_, 367.44, 291.04, 1.79452
hold522, 367.44, 291.04, 1.79452
FILLER_0_103_778, 367.44, 291.04, 1.79452
_08968_, 380.24, 291.04, 1.7945
_09568_, 380.24, 291.04, 1.7945
_13898_, 380.24, 291.04, 1.7945
_14893_, 380.24, 291.04, 1.7945
_16312_, 380.24, 291.04, 1.7945
FILLER_0_103_813, 380.24, 291.04, 1.7945
_09950_, 393.04, 291.04, 1.79449
_11629_, 393.04, 291.04, 1.79449
_11630_, 393.04, 291.04, 1.79449
_15452_, 393.04, 291.04, 1.79449
hold1246, 393.04, 291.04, 1.79449
hold1544, 393.04, 291.04, 1.79449
FILLER_0_103_835, 393.04, 291.04, 1.79449
_09414_, 405.84, 291.04, 1.79449
_14422_, 405.84, 291.04, 1.79449
_15086_, 405.84, 291.04, 1.79449
hold1220, 405.84, 291.04, 1.79449
FILLER_0_102_861, 405.84, 291.04, 1.79449
_10907_, 418.64, 291.04, 1.7945
_14620_, 418.64, 291.04, 1.7945
_14621_, 418.64, 291.04, 1.7945
_16532_, 418.64, 291.04, 1.7945
hold589, 418.64, 291.04, 1.7945
FILLER_0_103_893, 418.64, 291.04, 1.7945
_11627_, 431.44, 291.04, 1.79452
_15451_, 431.44, 291.04, 1.79452
hold812, 431.44, 291.04, 1.79452
FILLER_0_102_918, 431.44, 291.04, 1.79452
FILLER_0_102_925, 431.44, 291.04, 1.79452
_11664_, 444.24, 291.04, 1.79454
_15081_, 444.24, 291.04, 1.79454
_15467_, 444.24, 291.04, 1.79454
hold1194, 444.24, 291.04, 1.79454
FILLER_0_103_943, 444.24, 291.04, 1.79454
FILLER_0_103_965, 444.24, 291.04, 1.79454
_11670_, 457.04, 291.04, 1.79457
_15469_, 457.04, 291.04, 1.79457
hold492, 457.04, 291.04, 1.79457
FILLER_0_102_970, 457.04, 291.04, 1.79457
_08926_, 469.84, 291.04, 1.7946
_11537_, 469.84, 291.04, 1.7946
_11538_, 469.84, 291.04, 1.7946
_15405_, 469.84, 291.04, 1.7946
FILLER_0_103_997, 469.84, 291.04, 1.7946
FILLER_0_103_1018, 469.84, 291.04, 1.7946
PHY_200, 5.52, 285.6, 1.79476
PHY_202, 5.52, 285.6, 1.79476
input7, 5.52, 285.6, 1.79476
_14643_, 34.64, 285.6, 1.79472
_14644_, 34.64, 285.6, 1.79472
_16543_, 34.64, 285.6, 1.79472
hold1465, 34.64, 285.6, 1.79472
hold1472, 34.64, 285.6, 1.79472
FILLER_0_100_58, 34.64, 285.6, 1.79472
FILLER_0_101_57, 34.64, 285.6, 1.79472
_10955_, 47.44, 285.6, 1.79469
_15462_, 47.44, 285.6, 1.79469
FILLER_0_100_80, 47.44, 285.6, 1.79469
FILLER_0_101_82, 47.44, 285.6, 1.79469
FILLER_0_101_105, 47.44, 285.6, 1.79469
_08195_, 60.24, 285.6, 1.79467
_08242_, 60.24, 285.6, 1.79467
_08461_, 60.24, 285.6, 1.79467
_14450_, 60.24, 285.6, 1.79467
FILLER_0_100_108, 60.24, 285.6, 1.79467
FILLER_0_101_125, 60.24, 285.6, 1.79467
FILLER_0_102_120, 60.24, 285.6, 1.79467
_08196_, 73.04, 285.6, 1.79465
_08246_, 73.04, 285.6, 1.79465
_08248_, 73.04, 285.6, 1.79465
_08458_, 73.04, 285.6, 1.79465
_08460_, 73.04, 285.6, 1.79465
_08464_, 73.04, 285.6, 1.79465
FILLER_0_100_141, 73.04, 285.6, 1.79465
FILLER_0_102_154, 73.04, 285.6, 1.79465
_08191_, 85.84, 285.6, 1.79464
_14453_, 85.84, 285.6, 1.79464
_14650_, 85.84, 285.6, 1.79464
_16546_, 85.84, 285.6, 1.79464
_16562_, 85.84, 285.6, 1.79464
FILLER_0_100_163, 85.84, 285.6, 1.79464
FILLER_0_100_172, 85.84, 285.6, 1.79464
FILLER_0_101_164, 85.84, 285.6, 1.79464
FILLER_0_101_169, 85.84, 285.6, 1.79464
_09432_, 98.64, 285.6, 1.79464
_14649_, 98.64, 285.6, 1.79464
_15095_, 98.64, 285.6, 1.79464
ANTENNA_116, 98.64, 285.6, 1.79464
FILLER_0_100_190, 98.64, 285.6, 1.79464
FILLER_0_101_192, 98.64, 285.6, 1.79464
FILLER_0_102_204, 98.64, 285.6, 1.79464
_08403_, 111.44, 285.6, 1.79464
_08405_, 111.44, 285.6, 1.79464
_08407_, 111.44, 285.6, 1.79464
_08408_, 111.44, 285.6, 1.79464
_11656_, 111.44, 285.6, 1.79464
_09276_, 124.24, 285.6, 1.79465
_09311_, 124.24, 285.6, 1.79465
_09312_, 124.24, 285.6, 1.79465
hold1454, 124.24, 285.6, 1.79465
FILLER_0_100_245, 124.24, 285.6, 1.79465
FILLER_0_101_245, 124.24, 285.6, 1.79465
_08125_, 137.04, 285.6, 1.79466
_08777_, 137.04, 285.6, 1.79466
_08878_, 137.04, 285.6, 1.79466
_09792_, 137.04, 285.6, 1.79466
_14462_, 137.04, 285.6, 1.79466
FILLER_0_101_284, 137.04, 285.6, 1.79466
_08121_, 149.84, 285.6, 1.79469
_08123_, 149.84, 285.6, 1.79469
_08124_, 149.84, 285.6, 1.79469
FILLER_0_100_300, 149.84, 285.6, 1.79469
FILLER_0_101_319, 149.84, 285.6, 1.79469
FILLER_0_101_327, 149.84, 285.6, 1.79469
FILLER_0_102_321, 149.84, 285.6, 1.79469
_08031_, 162.64, 285.6, 1.79473
_08032_, 162.64, 285.6, 1.79473
_08116_, 162.64, 285.6, 1.79473
_08117_, 162.64, 285.6, 1.79473
_10447_, 162.64, 285.6, 1.79473
FILLER_0_101_348, 162.64, 285.6, 1.79473
FILLER_0_102_355, 162.64, 285.6, 1.79473
_08231_, 188.24, 285.6, 1.79473
_08252_, 188.24, 285.6, 1.79473
_08411_, 188.24, 285.6, 1.79473
FILLER_0_102_405, 188.24, 285.6, 1.79473
_09797_, 201.04, 285.6, 1.79469
hold596, 201.04, 285.6, 1.79469
FILLER_0_100_421, 201.04, 285.6, 1.79469
FILLER_0_101_438, 201.04, 285.6, 1.79469
_08273_, 213.84, 285.6, 1.79466
_08274_, 213.84, 285.6, 1.79466
_08275_, 213.84, 285.6, 1.79466
_08329_, 213.84, 285.6, 1.79466
_09585_, 213.84, 285.6, 1.79466
_10340_, 226.64, 285.6, 1.79463
_10819_, 226.64, 285.6, 1.79463
FILLER_0_100_467, 226.64, 285.6, 1.79463
FILLER_0_100_477, 226.64, 285.6, 1.79463
FILLER_0_101_485, 226.64, 285.6, 1.79463
FILLER_0_102_492, 226.64, 285.6, 1.79463
_10341_, 239.44, 285.6, 1.7946
_10821_, 239.44, 285.6, 1.7946
_13887_, 239.44, 285.6, 1.7946
_13888_, 239.44, 285.6, 1.7946
_14334_, 239.44, 285.6, 1.7946
FILLER_0_101_501, 239.44, 285.6, 1.7946
FILLER_0_101_512, 239.44, 285.6, 1.7946
_08876_, 252.24, 285.6, 1.79458
_09306_, 252.24, 285.6, 1.79458
_09503_, 252.24, 285.6, 1.79458
_14317_, 252.24, 285.6, 1.79458
hold1067, 252.24, 285.6, 1.79458
FILLER_0_100_527, 252.24, 285.6, 1.79458
_07480_, 265.04, 285.6, 1.79456
_09087_, 265.04, 285.6, 1.79456
_09899_, 265.04, 285.6, 1.79456
_09914_, 265.04, 285.6, 1.79456
FILLER_0_101_556, 265.04, 285.6, 1.79456
FILLER_0_102_565, 265.04, 285.6, 1.79456
_08875_, 277.84, 285.6, 1.79457
_11000_, 277.84, 285.6, 1.79457
_11006_, 277.84, 285.6, 1.79457
_11007_, 277.84, 285.6, 1.79457
_13012_, 277.84, 285.6, 1.79457
FILLER_0_100_589, 277.84, 285.6, 1.79457
FILLER_0_101_597, 277.84, 285.6, 1.79457
_09295_, 290.64, 285.6, 1.7946
_10869_, 290.64, 285.6, 1.7946
_11005_, 290.64, 285.6, 1.7946
_15034_, 290.64, 285.6, 1.7946
FILLER_0_101_624, 290.64, 285.6, 1.7946
_07622_, 303.44, 285.6, 1.79465
_07623_, 303.44, 285.6, 1.79465
_15114_, 303.44, 285.6, 1.79465
hold677, 303.44, 285.6, 1.79465
FILLER_0_100_640, 303.44, 285.6, 1.79465
_09492_, 316.24, 285.6, 1.79469
_09561_, 316.24, 285.6, 1.79469
_09562_, 316.24, 285.6, 1.79469
_15146_, 316.24, 285.6, 1.79469
hold868, 316.24, 285.6, 1.79469
FILLER_0_100_668, 316.24, 285.6, 1.79469
FILLER_0_101_689, 316.24, 285.6, 1.79469
_07799_, 341.84, 285.6, 1.7947
_09916_, 341.84, 285.6, 1.7947
_10641_, 341.84, 285.6, 1.7947
_15908_, 341.84, 285.6, 1.7947
ANTENNA_52, 341.84, 285.6, 1.7947
FILLER_0_101_738, 341.84, 285.6, 1.7947
_09902_, 354.64, 285.6, 1.79466
_09920_, 354.64, 285.6, 1.79466
_10626_, 354.64, 285.6, 1.79466
_13010_, 354.64, 285.6, 1.79466
_13011_, 354.64, 285.6, 1.79466
hold1226, 354.64, 285.6, 1.79466
FILLER_0_100_749, 354.64, 285.6, 1.79466
_07794_, 367.44, 285.6, 1.79462
_09906_, 367.44, 285.6, 1.79462
_10625_, 367.44, 285.6, 1.79462
_10676_, 367.44, 285.6, 1.79462
hold598, 367.44, 285.6, 1.79462
FILLER_0_100_779, 367.44, 285.6, 1.79462
FILLER_0_101_785, 367.44, 285.6, 1.79462
_09567_, 380.24, 285.6, 1.7946
_13897_, 380.24, 285.6, 1.7946
_15149_, 380.24, 285.6, 1.7946
hold599, 380.24, 285.6, 1.7946
FILLER_0_100_807, 380.24, 285.6, 1.7946
FILLER_0_102_816, 380.24, 285.6, 1.7946
_09917_, 393.04, 285.6, 1.79458
_09976_, 393.04, 285.6, 1.79458
_09977_, 393.04, 285.6, 1.79458
hold935, 393.04, 285.6, 1.79458
FILLER_0_100_836, 393.04, 285.6, 1.79458
FILLER_0_101_834, 393.04, 285.6, 1.79458
_14423_, 405.84, 285.6, 1.79458
_14424_, 405.84, 285.6, 1.79458
_16437_, 405.84, 285.6, 1.79458
FILLER_0_100_862, 405.84, 285.6, 1.79458
FILLER_0_102_875, 405.84, 285.6, 1.79458
_07645_, 418.64, 285.6, 1.79458
_11628_, 431.44, 285.6, 1.79459
_14420_, 431.44, 285.6, 1.79459
clkbuf_leaf_125_clk, 431.44, 285.6, 1.79459
FILLER_0_102_934, 431.44, 285.6, 1.79459
_10908_, 444.24, 285.6, 1.79462
_12468_, 444.24, 285.6, 1.79462
_14421_, 444.24, 285.6, 1.79462
_11596_, 457.04, 285.6, 1.79466
hold743, 457.04, 285.6, 1.79466
_11597_, 469.84, 285.6, 1.7947
_14875_, 469.84, 285.6, 1.7947
_15437_, 469.84, 285.6, 1.7947
hold911, 469.84, 285.6, 1.7947
hold1573, 469.84, 285.6, 1.7947
PHY_196, 5.52, 280.16, 1.7949
PHY_198, 5.52, 280.16, 1.7949
_14454_, 34.64, 280.16, 1.79487
_14455_, 34.64, 280.16, 1.79487
_16447_, 34.64, 280.16, 1.79487
hold888, 34.64, 280.16, 1.79487
FILLER_0_99_57, 34.64, 280.16, 1.79487
_14932_, 47.44, 280.16, 1.79485
hold530, 47.44, 280.16, 1.79485
hold785, 47.44, 280.16, 1.79485
hold984, 47.44, 280.16, 1.79485
FILLER_0_98_85, 47.44, 280.16, 1.79485
FILLER_0_100_97, 47.44, 280.16, 1.79485
_14465_, 60.24, 280.16, 1.79483
FILLER_0_100_124, 60.24, 280.16, 1.79483
FILLER_0_100_132, 60.24, 280.16, 1.79483
_08193_, 73.04, 280.16, 1.79481
_08456_, 73.04, 280.16, 1.79481
_10240_, 73.04, 280.16, 1.79481
hold1410, 73.04, 280.16, 1.79481
FILLER_0_99_143, 73.04, 280.16, 1.79481
FILLER_0_100_155, 73.04, 280.16, 1.79481
_08244_, 85.84, 280.16, 1.79481
_09466_, 85.84, 280.16, 1.79481
_12498_, 85.84, 280.16, 1.79481
_16450_, 85.84, 280.16, 1.79481
FILLER_0_98_165, 85.84, 280.16, 1.79481
_11690_, 98.64, 280.16, 1.79481
hold564, 98.64, 280.16, 1.79481
hold779, 98.64, 280.16, 1.79481
FILLER_0_99_193, 98.64, 280.16, 1.79481
FILLER_0_100_206, 98.64, 280.16, 1.79481
FILLER_0_98_227, 111.44, 280.16, 1.79481
FILLER_0_99_221, 111.44, 280.16, 1.79481
_10045_, 124.24, 280.16, 1.79482
_13019_, 124.24, 280.16, 1.79482
_15042_, 124.24, 280.16, 1.79482
hold1458, 124.24, 280.16, 1.79482
FILLER_0_98_246, 124.24, 280.16, 1.79482
FILLER_0_98_253, 124.24, 280.16, 1.79482
FILLER_0_99_249, 124.24, 280.16, 1.79482
FILLER_0_99_268, 124.24, 280.16, 1.79482
FILLER_0_100_264, 124.24, 280.16, 1.79482
_09508_, 137.04, 280.16, 1.79484
_10495_, 137.04, 280.16, 1.79484
_15122_, 137.04, 280.16, 1.79484
hold1248, 137.04, 280.16, 1.79484
FILLER_0_99_281, 137.04, 280.16, 1.79484
FILLER_0_99_294, 137.04, 280.16, 1.79484
FILLER_0_100_289, 137.04, 280.16, 1.79484
_08119_, 149.84, 280.16, 1.79486
_08120_, 149.84, 280.16, 1.79486
_08122_, 149.84, 280.16, 1.79486
_10500_, 149.84, 280.16, 1.79486
FILLER_0_99_324, 149.84, 280.16, 1.79486
_10506_, 162.64, 280.16, 1.7949
_10520_, 162.64, 280.16, 1.7949
_13605_, 162.64, 280.16, 1.7949
FILLER_0_99_333, 162.64, 280.16, 1.7949
_07473_, 188.24, 280.16, 1.79488
_08776_, 188.24, 280.16, 1.79488
_08877_, 188.24, 280.16, 1.79488
_09168_, 188.24, 280.16, 1.79488
_13503_, 188.24, 280.16, 1.79488
FILLER_0_99_389, 188.24, 280.16, 1.79488
FILLER_0_99_397, 188.24, 280.16, 1.79488
FILLER_0_99_405, 188.24, 280.16, 1.79488
_10764_, 201.04, 280.16, 1.79485
_12482_, 201.04, 280.16, 1.79485
_13290_, 201.04, 280.16, 1.79485
_13572_, 201.04, 280.16, 1.79485
hold1088, 201.04, 280.16, 1.79485
FILLER_0_98_421, 201.04, 280.16, 1.79485
FILLER_0_99_432, 201.04, 280.16, 1.79485
FILLER_0_100_429, 201.04, 280.16, 1.79485
FILLER_0_100_438, 201.04, 280.16, 1.79485
_08326_, 213.84, 280.16, 1.79482
_08328_, 213.84, 280.16, 1.79482
_10818_, 213.84, 280.16, 1.79482
_13568_, 213.84, 280.16, 1.79482
FILLER_0_99_449, 213.84, 280.16, 1.79482
_10338_, 226.64, 280.16, 1.79479
_10339_, 226.64, 280.16, 1.79479
_10342_, 226.64, 280.16, 1.79479
_13500_, 226.64, 280.16, 1.79479
_13501_, 226.64, 280.16, 1.79479
FILLER_0_99_477, 226.64, 280.16, 1.79479
FILLER_0_99_493, 226.64, 280.16, 1.79479
FILLER_0_100_485, 226.64, 280.16, 1.79479
_08955_, 239.44, 280.16, 1.79477
_08956_, 239.44, 280.16, 1.79477
_09150_, 239.44, 280.16, 1.79477
_12464_, 239.44, 280.16, 1.79477
_13905_, 239.44, 280.16, 1.79477
_14316_, 239.44, 280.16, 1.79477
_14418_, 239.44, 280.16, 1.79477
FILLER_0_98_506, 239.44, 280.16, 1.79477
FILLER_0_99_501, 239.44, 280.16, 1.79477
FILLER_0_100_521, 239.44, 280.16, 1.79477
_09151_, 252.24, 280.16, 1.79476
_09271_, 252.24, 280.16, 1.79476
_09886_, 252.24, 280.16, 1.79476
_12465_, 252.24, 280.16, 1.79476
_14419_, 252.24, 280.16, 1.79476
FILLER_0_98_533, 252.24, 280.16, 1.79476
FILLER_0_99_529, 252.24, 280.16, 1.79476
_09272_, 265.04, 280.16, 1.79476
_09459_, 265.04, 280.16, 1.79476
_09900_, 265.04, 280.16, 1.79476
_13013_, 265.04, 280.16, 1.79476
_15909_, 265.04, 280.16, 1.79476
hold950, 265.04, 280.16, 1.79476
FILLER_0_98_558, 265.04, 280.16, 1.79476
FILLER_0_99_569, 265.04, 280.16, 1.79476
_10997_, 277.84, 280.16, 1.79478
_10998_, 277.84, 280.16, 1.79478
_10999_, 277.84, 280.16, 1.79478
hold1030, 277.84, 280.16, 1.79478
ANTENNA_53, 277.84, 280.16, 1.79478
FILLER_0_99_605, 277.84, 280.16, 1.79478
FILLER_0_100_605, 277.84, 280.16, 1.79478
_07624_, 290.64, 280.16, 1.7948
_07625_, 290.64, 280.16, 1.7948
_09294_, 290.64, 280.16, 1.7948
_11003_, 290.64, 280.16, 1.7948
_11004_, 290.64, 280.16, 1.7948
hold755, 290.64, 280.16, 1.7948
ANTENNA_48, 290.64, 280.16, 1.7948
FILLER_0_98_606, 290.64, 280.16, 1.7948
_07626_, 303.44, 280.16, 1.79483
_07627_, 303.44, 280.16, 1.79483
_08577_, 303.44, 280.16, 1.79483
_09491_, 303.44, 280.16, 1.79483
FILLER_0_98_640, 303.44, 280.16, 1.79483
FILLER_0_98_645, 303.44, 280.16, 1.79483
FILLER_0_99_648, 303.44, 280.16, 1.79483
FILLER_0_100_654, 303.44, 280.16, 1.79483
_13005_, 316.24, 280.16, 1.79486
hold848, 316.24, 280.16, 1.79486
FILLER_0_99_666, 316.24, 280.16, 1.79486
_09912_, 341.84, 280.16, 1.79481
_09918_, 341.84, 280.16, 1.79481
_10620_, 341.84, 280.16, 1.79481
_10627_, 341.84, 280.16, 1.79481
FILLER_0_98_719, 341.84, 280.16, 1.79481
FILLER_0_99_725, 341.84, 280.16, 1.79481
FILLER_0_99_741, 341.84, 280.16, 1.79481
FILLER_0_100_743, 341.84, 280.16, 1.79481
_07848_, 354.64, 280.16, 1.79472
_09904_, 354.64, 280.16, 1.79472
clkbuf_leaf_133_clk, 354.64, 280.16, 1.79472
FILLER_0_98_746, 354.64, 280.16, 1.79472
FILLER_0_98_757, 354.64, 280.16, 1.79472
_09780_, 367.44, 280.16, 1.79466
_09781_, 367.44, 280.16, 1.79466
_15247_, 367.44, 280.16, 1.79466
clkbuf_leaf_127_clk, 367.44, 280.16, 1.79466
FILLER_0_99_775, 367.44, 280.16, 1.79466
FILLER_0_99_785, 367.44, 280.16, 1.79466
_08604_, 380.24, 280.16, 1.79463
hold1062, 380.24, 280.16, 1.79463
hold1502, 380.24, 280.16, 1.79463
FILLER_0_98_813, 380.24, 280.16, 1.79463
FILLER_0_99_820, 380.24, 280.16, 1.79463
FILLER_0_100_822, 380.24, 280.16, 1.79463
_09892_, 393.04, 280.16, 1.7946
_09975_, 393.04, 280.16, 1.7946
_12476_, 393.04, 280.16, 1.7946
_15761_, 393.04, 280.16, 1.7946
FILLER_0_99_836, 393.04, 280.16, 1.7946
FILLER_0_99_841, 393.04, 280.16, 1.7946
FILLER_0_100_849, 393.04, 280.16, 1.7946
_07868_, 405.84, 280.16, 1.7946
_09973_, 405.84, 280.16, 1.7946
_10910_, 405.84, 280.16, 1.7946
_09032_, 418.64, 280.16, 1.7946
_09895_, 418.64, 280.16, 1.7946
_10645_, 418.64, 280.16, 1.7946
_16436_, 418.64, 280.16, 1.7946
FILLER_0_98_893, 418.64, 280.16, 1.7946
FILLER_0_99_910, 418.64, 280.16, 1.7946
FILLER_0_100_904, 418.64, 280.16, 1.7946
_07590_, 431.44, 280.16, 1.79463
_10643_, 431.44, 280.16, 1.79463
_10646_, 431.44, 280.16, 1.79463
hold608, 431.44, 280.16, 1.79463
ANTENNA_112, 431.44, 280.16, 1.79463
FILLER_0_98_918, 431.44, 280.16, 1.79463
_07643_, 444.24, 280.16, 1.79468
_09154_, 444.24, 280.16, 1.79468
_09155_, 444.24, 280.16, 1.79468
_14970_, 444.24, 280.16, 1.79468
_15757_, 444.24, 280.16, 1.79468
_11389_, 457.04, 280.16, 1.79474
_12466_, 457.04, 280.16, 1.79474
_12469_, 457.04, 280.16, 1.79474
_15324_, 457.04, 280.16, 1.79474
FILLER_0_99_989, 457.04, 280.16, 1.79474
_11390_, 469.84, 280.16, 1.79481
_12467_, 469.84, 280.16, 1.79481
FILLER_0_98_1004, 469.84, 280.16, 1.79481
FILLER_0_100_1023, 469.84, 280.16, 1.79481
PHY_192, 5.52, 274.72, 1.795
PHY_194, 5.52, 274.72, 1.795
_08459_, 34.64, 274.72, 1.79495
_09060_, 34.64, 274.72, 1.79495
_14466_, 34.64, 274.72, 1.79495
_14467_, 34.64, 274.72, 1.79495
FILLER_0_96_53, 34.64, 274.72, 1.79495
FILLER_0_97_50, 34.64, 274.72, 1.79495
FILLER_0_97_70, 34.64, 274.72, 1.79495
FILLER_0_98_77, 34.64, 274.72, 1.79495
_08247_, 47.44, 274.72, 1.7949
_09052_, 47.44, 274.72, 1.7949
_09053_, 47.44, 274.72, 1.7949
FILLER_0_97_105, 47.44, 274.72, 1.7949
FILLER_0_98_95, 47.44, 274.72, 1.7949
_14984_, 60.24, 274.72, 1.79485
FILLER_0_97_113, 60.24, 274.72, 1.79485
FILLER_0_97_132, 60.24, 274.72, 1.79485
FILLER_0_98_132, 60.24, 274.72, 1.79485
_08457_, 73.04, 274.72, 1.79481
_10037_, 73.04, 274.72, 1.79481
_15771_, 73.04, 274.72, 1.79481
hold1081, 73.04, 274.72, 1.79481
ANTENNA_59, 73.04, 274.72, 1.79481
FILLER_0_96_141, 73.04, 274.72, 1.79481
FILLER_0_98_149, 73.04, 274.72, 1.79481
_10237_, 85.84, 274.72, 1.79478
_14463_, 85.84, 274.72, 1.79478
clkbuf_leaf_39_clk, 85.84, 274.72, 1.79478
FILLER_0_96_171, 85.84, 274.72, 1.79478
_08406_, 98.64, 274.72, 1.79478
_10767_, 98.64, 274.72, 1.79478
_11416_, 98.64, 274.72, 1.79478
_11417_, 98.64, 274.72, 1.79478
FILLER_0_97_191, 98.64, 274.72, 1.79478
FILLER_0_97_200, 98.64, 274.72, 1.79478
_08404_, 111.44, 274.72, 1.79479
_10768_, 111.44, 274.72, 1.79479
_10773_, 111.44, 274.72, 1.79479
_10785_, 111.44, 274.72, 1.79479
FILLER_0_97_243, 111.44, 274.72, 1.79479
_10227_, 124.24, 274.72, 1.79482
_15770_, 124.24, 274.72, 1.79482
_15912_, 124.24, 274.72, 1.79482
FILLER_0_97_251, 124.24, 274.72, 1.79482
_09509_, 137.04, 274.72, 1.79487
_10498_, 137.04, 274.72, 1.79487
_13020_, 137.04, 274.72, 1.79487
FILLER_0_97_276, 137.04, 274.72, 1.79487
FILLER_0_98_294, 137.04, 274.72, 1.79487
_08913_, 149.84, 274.72, 1.79493
_14871_, 149.84, 274.72, 1.79493
_16167_, 149.84, 274.72, 1.79493
FILLER_0_96_301, 149.84, 274.72, 1.79493
FILLER_0_97_321, 149.84, 274.72, 1.79493
FILLER_0_98_316, 149.84, 274.72, 1.79493
_10743_, 162.64, 274.72, 1.79499
_13293_, 162.64, 274.72, 1.79499
_13604_, 162.64, 274.72, 1.79499
hold1307, 162.64, 274.72, 1.79499
FILLER_0_97_349, 162.64, 274.72, 1.79499
_08380_, 188.24, 274.72, 1.79501
_10746_, 188.24, 274.72, 1.79501
_13502_, 188.24, 274.72, 1.79501
_16125_, 188.24, 274.72, 1.79501
FILLER_0_97_402, 188.24, 274.72, 1.79501
FILLER_0_98_401, 188.24, 274.72, 1.79501
_10496_, 201.04, 274.72, 1.79496
_13573_, 201.04, 274.72, 1.79496
clkbuf_leaf_29_clk, 201.04, 274.72, 1.79496
hold1436, 201.04, 274.72, 1.79496
FILLER_0_96_421, 201.04, 274.72, 1.79496
FILLER_0_97_419, 201.04, 274.72, 1.79496
_08327_, 213.84, 274.72, 1.79495
_13569_, 213.84, 274.72, 1.79495
_13570_, 213.84, 274.72, 1.79495
_16155_, 213.84, 274.72, 1.79495
hold853, 213.84, 274.72, 1.79495
FILLER_0_97_442, 213.84, 274.72, 1.79495
_16124_, 226.64, 274.72, 1.79494
_16172_, 226.64, 274.72, 1.79494
hold810, 226.64, 274.72, 1.79494
hold1268, 226.64, 274.72, 1.79494
_08881_, 239.44, 274.72, 1.79493
_09487_, 239.44, 274.72, 1.79493
_12998_, 239.44, 274.72, 1.79493
_13559_, 239.44, 274.72, 1.79493
_13620_, 239.44, 274.72, 1.79493
_13767_, 239.44, 274.72, 1.79493
_14444_, 239.44, 274.72, 1.79493
FILLER_0_97_498, 239.44, 274.72, 1.79493
FILLER_0_97_505, 239.44, 274.72, 1.79493
FILLER_0_98_518, 239.44, 274.72, 1.79493
_08775_, 252.24, 274.72, 1.79493
_09786_, 252.24, 274.72, 1.79493
_09787_, 252.24, 274.72, 1.79493
_13472_, 252.24, 274.72, 1.79493
_15024_, 252.24, 274.72, 1.79493
FILLER_0_96_529, 252.24, 274.72, 1.79493
_08543_, 265.04, 274.72, 1.79494
FILLER_0_97_557, 265.04, 274.72, 1.79494
_07905_, 277.84, 274.72, 1.79495
_10996_, 277.84, 274.72, 1.79495
FILLER_0_96_585, 277.84, 274.72, 1.79495
FILLER_0_96_589, 277.84, 274.72, 1.79495
FILLER_0_97_594, 277.84, 274.72, 1.79495
FILLER_0_97_602, 277.84, 274.72, 1.79495
_09305_, 290.64, 274.72, 1.79497
_13771_, 290.64, 274.72, 1.79497
FILLER_0_96_614, 290.64, 274.72, 1.79497
FILLER_0_98_626, 290.64, 274.72, 1.79497
_08578_, 303.44, 274.72, 1.79499
_08885_, 303.44, 274.72, 1.79499
_08886_, 303.44, 274.72, 1.79499
_14794_, 303.44, 274.72, 1.79499
clkbuf_leaf_135_clk, 303.44, 274.72, 1.79499
hold803, 303.44, 274.72, 1.79499
FILLER_0_97_647, 303.44, 274.72, 1.79499
FILLER_0_98_653, 303.44, 274.72, 1.79499
_13004_, 316.24, 274.72, 1.79504
_15905_, 316.24, 274.72, 1.79504
hold1106, 316.24, 274.72, 1.79504
FILLER_0_96_665, 316.24, 274.72, 1.79504
FILLER_0_97_669, 316.24, 274.72, 1.79504
FILLER_0_97_689, 316.24, 274.72, 1.79504
FILLER_0_98_679, 316.24, 274.72, 1.79504
_07850_, 341.84, 274.72, 1.79505
_09293_, 341.84, 274.72, 1.79505
_15033_, 341.84, 274.72, 1.79505
hold976, 341.84, 274.72, 1.79505
FILLER_0_97_719, 341.84, 274.72, 1.79505
FILLER_0_97_725, 341.84, 274.72, 1.79505
FILLER_0_97_737, 341.84, 274.72, 1.79505
_07849_, 354.64, 274.72, 1.79502
_07851_, 354.64, 274.72, 1.79502
_09303_, 354.64, 274.72, 1.79502
_09896_, 354.64, 274.72, 1.79502
_09901_, 354.64, 274.72, 1.79502
_15038_, 354.64, 274.72, 1.79502
FILLER_0_96_747, 354.64, 274.72, 1.79502
FILLER_0_96_757, 354.64, 274.72, 1.79502
FILLER_0_97_752, 354.64, 274.72, 1.79502
_08892_, 367.44, 274.72, 1.795
_09489_, 367.44, 274.72, 1.795
FILLER_0_96_780, 367.44, 274.72, 1.795
FILLER_0_97_780, 367.44, 274.72, 1.795
FILLER_0_97_785, 367.44, 274.72, 1.795
FILLER_0_97_793, 367.44, 274.72, 1.795
_08891_, 380.24, 274.72, 1.79498
_09500_, 380.24, 274.72, 1.79498
_14797_, 380.24, 274.72, 1.79498
_15118_, 380.24, 274.72, 1.79498
FILLER_0_96_808, 380.24, 274.72, 1.79498
FILLER_0_96_813, 380.24, 274.72, 1.79498
_08605_, 393.04, 274.72, 1.79496
_09163_, 393.04, 274.72, 1.79496
_09974_, 393.04, 274.72, 1.79496
_12477_, 393.04, 274.72, 1.79496
hold1480, 393.04, 274.72, 1.79496
FILLER_0_96_842, 393.04, 274.72, 1.79496
FILLER_0_97_844, 393.04, 274.72, 1.79496
_14922_, 405.84, 274.72, 1.79495
hold1400, 405.84, 274.72, 1.79495
FILLER_0_96_864, 405.84, 274.72, 1.79495
_09031_, 418.64, 274.72, 1.79494
_10044_, 418.64, 274.72, 1.79494
hold1161, 418.64, 274.72, 1.79494
FILLER_0_96_892, 418.64, 274.72, 1.79494
FILLER_0_97_906, 418.64, 274.72, 1.79494
_09029_, 431.44, 274.72, 1.79495
_09030_, 431.44, 274.72, 1.79495
_10644_, 431.44, 274.72, 1.79495
_14921_, 431.44, 274.72, 1.79495
hold666, 431.44, 274.72, 1.79495
FILLER_0_98_934, 431.44, 274.72, 1.79495
_10642_, 444.24, 274.72, 1.79496
hold669, 444.24, 274.72, 1.79496
FILLER_0_97_953, 444.24, 274.72, 1.79496
_07585_, 457.04, 274.72, 1.79498
hold481, 457.04, 274.72, 1.79498
FILLER_0_96_977, 457.04, 274.72, 1.79498
_08960_, 469.84, 274.72, 1.79501
_08961_, 469.84, 274.72, 1.79501
_08962_, 469.84, 274.72, 1.79501
_14890_, 469.84, 274.72, 1.79501
FILLER_0_97_1004, 469.84, 274.72, 1.79501
FILLER_0_97_1009, 469.84, 274.72, 1.79501
PHY_188, 5.52, 269.28, 1.79515
PHY_190, 5.52, 269.28, 1.79515
_09050_, 34.64, 269.28, 1.7951
_09061_, 34.64, 269.28, 1.7951
_10239_, 34.64, 269.28, 1.7951
_14936_, 34.64, 269.28, 1.7951
hold893, 34.64, 269.28, 1.7951
FILLER_0_95_73, 34.64, 269.28, 1.7951
FILLER_0_96_75, 34.64, 269.28, 1.7951
_08194_, 47.44, 269.28, 1.79507
_10951_, 47.44, 269.28, 1.79507
ANTENNA_71, 47.44, 269.28, 1.79507
_08990_, 60.24, 269.28, 1.79505
_08991_, 60.24, 269.28, 1.79505
_09183_, 60.24, 269.28, 1.79505
_14904_, 60.24, 269.28, 1.79505
FILLER_0_95_113, 60.24, 269.28, 1.79505
_10238_, 73.04, 269.28, 1.79503
_10245_, 73.04, 269.28, 1.79503
_12497_, 73.04, 269.28, 1.79503
FILLER_0_94_141, 73.04, 269.28, 1.79503
FILLER_0_95_138, 73.04, 269.28, 1.79503
FILLER_0_95_160, 73.04, 269.28, 1.79503
_09059_, 85.84, 269.28, 1.79502
_14464_, 85.84, 269.28, 1.79502
_14935_, 85.84, 269.28, 1.79502
_15337_, 85.84, 269.28, 1.79502
FILLER_0_95_181, 85.84, 269.28, 1.79502
_09058_, 98.64, 269.28, 1.79502
_10766_, 98.64, 269.28, 1.79502
hold602, 98.64, 269.28, 1.79502
hold695, 98.64, 269.28, 1.79502
FILLER_0_96_208, 98.64, 269.28, 1.79502
_10765_, 111.44, 269.28, 1.79502
_10770_, 111.44, 269.28, 1.79502
_10772_, 111.44, 269.28, 1.79502
FILLER_0_95_219, 111.44, 269.28, 1.79502
FILLER_0_95_225, 111.44, 269.28, 1.79502
FILLER_0_95_237, 111.44, 269.28, 1.79502
_12495_, 124.24, 269.28, 1.79503
_12496_, 124.24, 269.28, 1.79503
hold1177, 124.24, 269.28, 1.79503
FILLER_0_94_253, 124.24, 269.28, 1.79503
FILLER_0_95_249, 124.24, 269.28, 1.79503
FILLER_0_95_265, 124.24, 269.28, 1.79503
_08546_, 137.04, 269.28, 1.79505
_10494_, 137.04, 269.28, 1.79505
_11705_, 137.04, 269.28, 1.79505
_16248_, 137.04, 269.28, 1.79505
FILLER_0_94_279, 137.04, 269.28, 1.79505
FILLER_0_95_281, 137.04, 269.28, 1.79505
_08912_, 149.84, 269.28, 1.79511
_13574_, 149.84, 269.28, 1.79511
_13575_, 149.84, 269.28, 1.79511
hold1272, 149.84, 269.28, 1.79511
hold1553, 149.84, 269.28, 1.79511
FILLER_0_94_309, 149.84, 269.28, 1.79511
FILLER_0_95_317, 149.84, 269.28, 1.79511
_08384_, 162.64, 269.28, 1.79516
_13030_, 162.64, 269.28, 1.79516
_15917_, 162.64, 269.28, 1.79516
_16253_, 162.64, 269.28, 1.79516
hold1372, 162.64, 269.28, 1.79516
FILLER_0_94_333, 162.64, 269.28, 1.79516
_08379_, 188.24, 269.28, 1.79518
_08381_, 188.24, 269.28, 1.79518
_08382_, 188.24, 269.28, 1.79518
_08389_, 188.24, 269.28, 1.79518
_10749_, 188.24, 269.28, 1.79518
FILLER_0_94_389, 188.24, 269.28, 1.79518
FILLER_0_96_409, 188.24, 269.28, 1.79518
_08016_, 201.04, 269.28, 1.79514
_08029_, 201.04, 269.28, 1.79514
_16157_, 201.04, 269.28, 1.79514
hold557, 201.04, 269.28, 1.79514
ANTENNA_40, 201.04, 269.28, 1.79514
FILLER_0_94_414, 201.04, 269.28, 1.79514
FILLER_0_94_421, 201.04, 269.28, 1.79514
FILLER_0_95_418, 201.04, 269.28, 1.79514
FILLER_0_96_428, 201.04, 269.28, 1.79514
_13571_, 213.84, 269.28, 1.79511
_13617_, 213.84, 269.28, 1.79511
_16156_, 213.84, 269.28, 1.79511
_16171_, 213.84, 269.28, 1.79511
FILLER_0_95_442, 213.84, 269.28, 1.79511
FILLER_0_95_453, 213.84, 269.28, 1.79511
FILLER_0_95_461, 213.84, 269.28, 1.79511
FILLER_0_96_456, 213.84, 269.28, 1.79511
_09505_, 226.64, 269.28, 1.79508
_13619_, 226.64, 269.28, 1.79508
hold1139, 226.64, 269.28, 1.79508
FILLER_0_94_469, 226.64, 269.28, 1.79508
_08899_, 239.44, 269.28, 1.79505
_10365_, 239.44, 269.28, 1.79505
_12999_, 239.44, 269.28, 1.79505
_13489_, 239.44, 269.28, 1.79505
_13542_, 239.44, 269.28, 1.79505
_13768_, 239.44, 269.28, 1.79505
_13785_, 239.44, 269.28, 1.79505
_10359_, 252.24, 269.28, 1.79503
_15250_, 252.24, 269.28, 1.79503
clkbuf_leaf_80_clk, 252.24, 269.28, 1.79503
hold710, 252.24, 269.28, 1.79503
FILLER_0_94_527, 252.24, 269.28, 1.79503
FILLER_0_96_537, 252.24, 269.28, 1.79503
_07957_, 265.04, 269.28, 1.79505
_07963_, 265.04, 269.28, 1.79505
_09573_, 265.04, 269.28, 1.79505
_09574_, 265.04, 269.28, 1.79505
_15152_, 265.04, 269.28, 1.79505
FILLER_0_94_552, 265.04, 269.28, 1.79505
FILLER_0_95_553, 265.04, 269.28, 1.79505
_07908_, 277.84, 269.28, 1.79506
_09502_, 277.84, 269.28, 1.79506
_15119_, 277.84, 269.28, 1.79506
hold547, 277.84, 269.28, 1.79506
hold789, 277.84, 269.28, 1.79506
FILLER_0_94_585, 277.84, 269.28, 1.79506
FILLER_0_96_596, 277.84, 269.28, 1.79506
_07906_, 290.64, 269.28, 1.79509
_09304_, 290.64, 269.28, 1.79509
_13772_, 290.64, 269.28, 1.79509
_15039_, 290.64, 269.28, 1.79509
_16240_, 290.64, 269.28, 1.79509
ANTENNA_39, 290.64, 269.28, 1.79509
FILLER_0_95_626, 290.64, 269.28, 1.79509
_07506_, 303.44, 269.28, 1.79512
_07628_, 303.44, 269.28, 1.79512
_10036_, 303.44, 269.28, 1.79512
_14858_, 303.44, 269.28, 1.79512
hold830, 303.44, 269.28, 1.79512
FILLER_0_94_641, 303.44, 269.28, 1.79512
_07681_, 316.24, 269.28, 1.79518
_07683_, 316.24, 269.28, 1.79518
_07684_, 316.24, 269.28, 1.79518
_10561_, 316.24, 269.28, 1.79518
FILLER_0_95_662, 316.24, 269.28, 1.79518
FILLER_0_95_684, 316.24, 269.28, 1.79518
_07535_, 341.84, 269.28, 1.79521
_07536_, 341.84, 269.28, 1.79521
_07537_, 341.84, 269.28, 1.79521
_07742_, 341.84, 269.28, 1.79521
_09292_, 341.84, 269.28, 1.79521
FILLER_0_94_725, 341.84, 269.28, 1.79521
FILLER_0_95_719, 341.84, 269.28, 1.79521
FILLER_0_95_738, 341.84, 269.28, 1.79521
_07741_, 354.64, 269.28, 1.79518
_09302_, 354.64, 269.28, 1.79518
_13006_, 354.64, 269.28, 1.79518
_13007_, 354.64, 269.28, 1.79518
hold640, 354.64, 269.28, 1.79518
hold705, 354.64, 269.28, 1.79518
FILLER_0_95_751, 354.64, 269.28, 1.79518
FILLER_0_95_765, 354.64, 269.28, 1.79518
_09490_, 367.44, 269.28, 1.79514
_14861_, 367.44, 269.28, 1.79514
_15113_, 367.44, 269.28, 1.79514
FILLER_0_95_776, 367.44, 269.28, 1.79514
FILLER_0_95_785, 367.44, 269.28, 1.79514
_09499_, 380.24, 269.28, 1.79512
FILLER_0_94_813, 380.24, 269.28, 1.79512
FILLER_0_95_818, 380.24, 269.28, 1.79512
FILLER_0_95_826, 380.24, 269.28, 1.79512
_09162_, 393.04, 269.28, 1.79509
_09493_, 393.04, 269.28, 1.79509
_14974_, 393.04, 269.28, 1.79509
_15115_, 393.04, 269.28, 1.79509
FILLER_0_95_841, 393.04, 269.28, 1.79509
FILLER_0_95_849, 393.04, 269.28, 1.79509
_08969_, 405.84, 269.28, 1.79508
_08970_, 405.84, 269.28, 1.79508
_14894_, 405.84, 269.28, 1.79508
hold923, 405.84, 269.28, 1.79508
FILLER_0_94_857, 405.84, 269.28, 1.79508
FILLER_0_95_861, 405.84, 269.28, 1.79508
FILLER_0_96_877, 405.84, 269.28, 1.79508
_14320_, 418.64, 269.28, 1.79506
_14321_, 418.64, 269.28, 1.79506
_16373_, 418.64, 269.28, 1.79506
hold1349, 418.64, 269.28, 1.79506
FILLER_0_95_887, 418.64, 269.28, 1.79506
_11388_, 431.44, 269.28, 1.79506
_15323_, 431.44, 269.28, 1.79506
FILLER_0_94_919, 431.44, 269.28, 1.79506
FILLER_0_94_925, 431.44, 269.28, 1.79506
FILLER_0_95_913, 431.44, 269.28, 1.79506
_11668_, 444.24, 269.28, 1.79506
_12472_, 444.24, 269.28, 1.79506
_12473_, 444.24, 269.28, 1.79506
_15759_, 444.24, 269.28, 1.79506
hold686, 444.24, 269.28, 1.79506
hold1152, 444.24, 269.28, 1.79506
FILLER_0_95_953, 444.24, 269.28, 1.79506
_10147_, 457.04, 269.28, 1.79507
_12470_, 457.04, 269.28, 1.79507
_12471_, 457.04, 269.28, 1.79507
_15756_, 457.04, 269.28, 1.79507
hold590, 457.04, 269.28, 1.79507
FILLER_0_94_973, 457.04, 269.28, 1.79507
FILLER_0_95_974, 457.04, 269.28, 1.79507
FILLER_0_95_990, 457.04, 269.28, 1.79507
_14889_, 469.84, 269.28, 1.7951
clkbuf_leaf_123_clk, 469.84, 269.28, 1.7951
FILLER_0_94_1000, 469.84, 269.28, 1.7951
FILLER_0_94_1008, 469.84, 269.28, 1.7951
FILLER_0_95_1001, 469.84, 269.28, 1.7951
PHY_184, 5.52, 263.84, 1.79527
PHY_186, 5.52, 263.84, 1.79527
output48, 5.52, 263.84, 1.79527
FILLER_0_94_21, 13.68, 263.84, 1.79527
hold1191, 34.64, 263.84, 1.79523
FILLER_0_92_61, 34.64, 263.84, 1.79523
FILLER_0_93_52, 34.64, 263.84, 1.79523
FILLER_0_94_74, 34.64, 263.84, 1.79523
_10092_, 47.44, 263.84, 1.79519
_11411_, 47.44, 263.84, 1.79519
_15334_, 47.44, 263.84, 1.79519
hold689, 47.44, 263.84, 1.79519
FILLER_0_93_87, 47.44, 263.84, 1.79519
_09184_, 60.24, 263.84, 1.79515
_11410_, 60.24, 263.84, 1.79515
hold1108, 60.24, 263.84, 1.79515
hold1250, 60.24, 263.84, 1.79515
FILLER_0_92_115, 60.24, 263.84, 1.79515
FILLER_0_94_123, 60.24, 263.84, 1.79515
_10257_, 73.04, 263.84, 1.79512
hold1432, 73.04, 263.84, 1.79512
FILLER_0_92_137, 73.04, 263.84, 1.79512
FILLER_0_92_141, 73.04, 263.84, 1.79512
FILLER_0_93_133, 73.04, 263.84, 1.79512
FILLER_0_94_155, 73.04, 263.84, 1.79512
_08245_, 85.84, 263.84, 1.79511
_09175_, 85.84, 263.84, 1.79511
_10969_, 85.84, 263.84, 1.79511
FILLER_0_93_163, 85.84, 263.84, 1.79511
FILLER_0_93_181, 85.84, 263.84, 1.79511
FILLER_0_94_187, 85.84, 263.84, 1.79511
_10957_, 98.64, 263.84, 1.79512
_12489_, 98.64, 263.84, 1.79512
_12490_, 98.64, 263.84, 1.79512
hold877, 98.64, 263.84, 1.79512
hold924, 98.64, 263.84, 1.79512
FILLER_0_93_208, 98.64, 263.84, 1.79512
_08402_, 111.44, 263.84, 1.79513
_09182_, 111.44, 263.84, 1.79513
_14347_, 111.44, 263.84, 1.79513
FILLER_0_93_225, 111.44, 263.84, 1.79513
_10769_, 124.24, 263.84, 1.79515
_11707_, 124.24, 263.84, 1.79515
_15481_, 124.24, 263.84, 1.79515
FILLER_0_92_253, 124.24, 263.84, 1.79515
_10209_, 137.04, 263.84, 1.79518
_10210_, 137.04, 263.84, 1.79518
_13788_, 137.04, 263.84, 1.79518
_13789_, 137.04, 263.84, 1.79518
clkbuf_leaf_31_clk, 137.04, 263.84, 1.79518
hold1017, 137.04, 263.84, 1.79518
_13495_, 149.84, 263.84, 1.79526
_13504_, 149.84, 263.84, 1.79526
_13505_, 149.84, 263.84, 1.79526
_16126_, 149.84, 263.84, 1.79526
_16158_, 149.84, 263.84, 1.79526
hold1206, 149.84, 263.84, 1.79526
FILLER_0_92_304, 149.84, 263.84, 1.79526
FILLER_0_93_303, 149.84, 263.84, 1.79526
_13798_, 162.64, 263.84, 1.79534
_13799_, 162.64, 263.84, 1.79534
FILLER_0_92_337, 162.64, 263.84, 1.79534
FILLER_0_93_337, 162.64, 263.84, 1.79534
_08024_, 188.24, 263.84, 1.79538
_10032_, 188.24, 263.84, 1.79538
hold1356, 188.24, 263.84, 1.79538
FILLER_0_92_396, 188.24, 263.84, 1.79538
FILLER_0_93_384, 188.24, 263.84, 1.79538
FILLER_0_93_393, 188.24, 263.84, 1.79538
_13646_, 201.04, 263.84, 1.79536
_13647_, 201.04, 263.84, 1.79536
_16183_, 201.04, 263.84, 1.79536
FILLER_0_93_412, 201.04, 263.84, 1.79536
FILLER_0_93_437, 201.04, 263.84, 1.79536
_13616_, 213.84, 263.84, 1.79533
hold1324, 213.84, 263.84, 1.79533
hold1402, 213.84, 263.84, 1.79533
FILLER_0_92_443, 213.84, 263.84, 1.79533
FILLER_0_93_445, 213.84, 263.84, 1.79533
_13656_, 226.64, 263.84, 1.79531
_13657_, 226.64, 263.84, 1.79531
_13762_, 226.64, 263.84, 1.79531
_16188_, 226.64, 263.84, 1.79531
hold694, 226.64, 263.84, 1.79531
FILLER_0_93_471, 226.64, 263.84, 1.79531
_08882_, 239.44, 263.84, 1.7953
_09488_, 239.44, 263.84, 1.7953
_13016_, 239.44, 263.84, 1.7953
_13471_, 239.44, 263.84, 1.7953
_13541_, 239.44, 263.84, 1.7953
FILLER_0_92_505, 239.44, 263.84, 1.7953
FILLER_0_93_497, 239.44, 263.84, 1.7953
_08633_, 252.24, 263.84, 1.79528
_08897_, 252.24, 263.84, 1.79528
_08898_, 252.24, 263.84, 1.79528
_09291_, 252.24, 263.84, 1.79528
_14800_, 252.24, 263.84, 1.79528
_14864_, 252.24, 263.84, 1.79528
FILLER_0_92_529, 252.24, 263.84, 1.79528
FILLER_0_93_527, 252.24, 263.84, 1.79528
_07964_, 265.04, 263.84, 1.79527
max_cap100, 265.04, 263.84, 1.79527
hold708, 265.04, 263.84, 1.79527
FILLER_0_94_575, 265.04, 263.84, 1.79527
_07907_, 277.84, 263.84, 1.79527
_07953_, 277.84, 263.84, 1.79527
_09501_, 277.84, 263.84, 1.79527
_09946_, 277.84, 263.84, 1.79527
clkbuf_leaf_136_clk, 290.64, 263.84, 1.79529
hold903, 290.64, 263.84, 1.79529
FILLER_0_93_608, 290.64, 263.84, 1.79529
FILLER_0_94_622, 290.64, 263.84, 1.79529
_07618_, 303.44, 263.84, 1.79532
_07621_, 303.44, 263.84, 1.79532
_10867_, 303.44, 263.84, 1.79532
_15035_, 303.44, 263.84, 1.79532
FILLER_0_93_637, 303.44, 263.84, 1.79532
FILLER_0_93_650, 303.44, 263.84, 1.79532
FILLER_0_94_657, 303.44, 263.84, 1.79532
_07682_, 316.24, 263.84, 1.79537
_09296_, 316.24, 263.84, 1.79537
_09297_, 316.24, 263.84, 1.79537
hold697, 316.24, 263.84, 1.79537
_07743_, 341.84, 263.84, 1.79535
_07843_, 341.84, 263.84, 1.79535
FILLER_0_93_724, 341.84, 263.84, 1.79535
FILLER_0_93_729, 341.84, 263.84, 1.79535
_07740_, 354.64, 263.84, 1.79527
_09298_, 354.64, 263.84, 1.79527
_10154_, 354.64, 263.84, 1.79527
_15906_, 354.64, 263.84, 1.79527
hold992, 354.64, 263.84, 1.79527
_10155_, 367.44, 263.84, 1.79521
_10160_, 367.44, 263.84, 1.79521
_10166_, 367.44, 263.84, 1.79521
FILLER_0_92_784, 367.44, 263.84, 1.79521
_09495_, 380.24, 263.84, 1.79515
_09496_, 380.24, 263.84, 1.79515
_10158_, 380.24, 263.84, 1.79515
_15116_, 380.24, 263.84, 1.79515
FILLER_0_92_805, 380.24, 263.84, 1.79515
FILLER_0_93_818, 380.24, 263.84, 1.79515
_07822_, 393.04, 263.84, 1.7951
_08733_, 393.04, 263.84, 1.7951
_09494_, 393.04, 263.84, 1.7951
hold1358, 393.04, 263.84, 1.7951
FILLER_0_93_856, 393.04, 263.84, 1.7951
_08731_, 405.84, 263.84, 1.79506
_08817_, 405.84, 263.84, 1.79506
clkbuf_leaf_126_clk, 405.84, 263.84, 1.79506
hold586, 405.84, 263.84, 1.79506
FILLER_0_92_862, 405.84, 263.84, 1.79506
FILLER_0_93_875, 405.84, 263.84, 1.79506
_09905_, 418.64, 263.84, 1.79507
_10152_, 418.64, 263.84, 1.79507
_10586_, 418.64, 263.84, 1.79507
_10151_, 431.44, 263.84, 1.7951
_11387_, 431.44, 263.84, 1.7951
_14429_, 431.44, 263.84, 1.7951
FILLER_0_92_917, 431.44, 263.84, 1.7951
FILLER_0_94_938, 431.44, 263.84, 1.7951
_07760_, 444.24, 263.84, 1.79513
_10146_, 444.24, 263.84, 1.79513
FILLER_0_92_942, 444.24, 263.84, 1.79513
FILLER_0_93_944, 444.24, 263.84, 1.79513
_07706_, 457.04, 263.84, 1.79517
_10582_, 457.04, 263.84, 1.79517
_15758_, 457.04, 263.84, 1.79517
FILLER_0_92_973, 457.04, 263.84, 1.79517
_08959_, 469.84, 263.84, 1.79523
_08964_, 469.84, 263.84, 1.79523
_08966_, 469.84, 263.84, 1.79523
_14891_, 469.84, 263.84, 1.79523
hold720, 469.84, 263.84, 1.79523
FILLER_0_93_1001, 469.84, 263.84, 1.79523
PHY_180, 5.52, 258.4, 1.7954
PHY_182, 5.52, 258.4, 1.7954
_11408_, 34.64, 258.4, 1.79534
_11409_, 34.64, 258.4, 1.79534
_11419_, 34.64, 258.4, 1.79534
_15333_, 34.64, 258.4, 1.79534
FILLER_0_91_51, 34.64, 258.4, 1.79534
FILLER_0_91_57, 34.64, 258.4, 1.79534
_11418_, 47.44, 258.4, 1.79529
clkbuf_leaf_40_clk, 47.44, 258.4, 1.79529
hold1259, 47.44, 258.4, 1.79529
FILLER_0_90_81, 47.44, 258.4, 1.79529
_09173_, 60.24, 258.4, 1.79526
_09174_, 60.24, 258.4, 1.79526
_13911_, 60.24, 258.4, 1.79526
_14979_, 60.24, 258.4, 1.79526
_15766_, 60.24, 258.4, 1.79526
FILLER_0_90_109, 60.24, 258.4, 1.79526
FILLER_0_92_129, 60.24, 258.4, 1.79526
_08192_, 73.04, 258.4, 1.79525
_10090_, 73.04, 258.4, 1.79525
_12487_, 73.04, 258.4, 1.79525
_12488_, 73.04, 258.4, 1.79525
FILLER_0_91_155, 73.04, 258.4, 1.79525
FILLER_0_92_156, 73.04, 258.4, 1.79525
_09176_, 85.84, 258.4, 1.79525
_10950_, 85.84, 258.4, 1.79525
_15767_, 85.84, 258.4, 1.79525
hold883, 85.84, 258.4, 1.79525
FILLER_0_91_164, 85.84, 258.4, 1.79525
FILLER_0_91_169, 85.84, 258.4, 1.79525
_09181_, 98.64, 258.4, 1.79526
_10949_, 98.64, 258.4, 1.79526
_16386_, 98.64, 258.4, 1.79526
FILLER_0_92_206, 98.64, 258.4, 1.79526
_11563_, 111.44, 258.4, 1.79528
_14348_, 111.44, 258.4, 1.79528
_15417_, 111.44, 258.4, 1.79528
hold1511, 111.44, 258.4, 1.79528
_10031_, 124.24, 258.4, 1.7953
_11621_, 124.24, 258.4, 1.7953
_11622_, 124.24, 258.4, 1.7953
_11706_, 124.24, 258.4, 1.7953
hold1214, 124.24, 258.4, 1.7953
hold1294, 124.24, 258.4, 1.7953
FILLER_0_91_266, 124.24, 258.4, 1.7953
FILLER_0_92_269, 124.24, 258.4, 1.7953
_10030_, 137.04, 258.4, 1.79534
_10034_, 137.04, 258.4, 1.79534
_10035_, 137.04, 258.4, 1.79534
_10062_, 137.04, 258.4, 1.79534
_13278_, 137.04, 258.4, 1.79534
_13610_, 137.04, 258.4, 1.79534
hold1535, 137.04, 258.4, 1.79534
FILLER_0_92_296, 137.04, 258.4, 1.79534
_13494_, 149.84, 258.4, 1.79542
_16153_, 149.84, 258.4, 1.79542
hold1404, 149.84, 258.4, 1.79542
_08385_, 162.64, 258.4, 1.79551
_08386_, 162.64, 258.4, 1.79551
_08388_, 162.64, 258.4, 1.79551
hold1027, 162.64, 258.4, 1.79551
FILLER_0_91_332, 162.64, 258.4, 1.79551
FILLER_0_91_345, 162.64, 258.4, 1.79551
_08019_, 188.24, 258.4, 1.79557
_10446_, 188.24, 258.4, 1.79557
_13717_, 188.24, 258.4, 1.79557
_13751_, 188.24, 258.4, 1.79557
hold1046, 188.24, 258.4, 1.79557
_13681_, 201.04, 258.4, 1.79554
_13682_, 201.04, 258.4, 1.79554
_16199_, 201.04, 258.4, 1.79554
FILLER_0_90_416, 201.04, 258.4, 1.79554
FILLER_0_91_438, 201.04, 258.4, 1.79554
_08323_, 213.84, 258.4, 1.79552
_08325_, 213.84, 258.4, 1.79552
_13566_, 213.84, 258.4, 1.79552
_13618_, 213.84, 258.4, 1.79552
_16154_, 213.84, 258.4, 1.79552
FILLER_0_90_439, 213.84, 258.4, 1.79552
FILLER_0_91_458, 213.84, 258.4, 1.79552
_08322_, 226.64, 258.4, 1.79551
_10337_, 226.64, 258.4, 1.79551
hold1168, 226.64, 258.4, 1.79551
_08540_, 239.44, 258.4, 1.7955
_08566_, 239.44, 258.4, 1.7955
_09290_, 239.44, 258.4, 1.7955
_09308_, 239.44, 258.4, 1.7955
FILLER_0_91_501, 239.44, 258.4, 1.7955
FILLER_0_91_520, 239.44, 258.4, 1.7955
FILLER_0_92_518, 239.44, 258.4, 1.7955
_08567_, 252.24, 258.4, 1.7955
_08632_, 252.24, 258.4, 1.7955
_09255_, 252.24, 258.4, 1.7955
_09256_, 252.24, 258.4, 1.7955
_10303_, 252.24, 258.4, 1.7955
_07525_, 265.04, 258.4, 1.79551
_08005_, 265.04, 258.4, 1.79551
_08623_, 265.04, 258.4, 1.79551
_14799_, 265.04, 258.4, 1.79551
FILLER_0_90_559, 265.04, 258.4, 1.79551
FILLER_0_91_553, 265.04, 258.4, 1.79551
FILLER_0_91_571, 265.04, 258.4, 1.79551
_07910_, 277.84, 258.4, 1.79552
_07954_, 277.84, 258.4, 1.79552
_07955_, 277.84, 258.4, 1.79552
_07956_, 277.84, 258.4, 1.79552
_08622_, 277.84, 258.4, 1.79552
FILLER_0_90_589, 277.84, 258.4, 1.79552
FILLER_0_91_599, 277.84, 258.4, 1.79552
_08895_, 290.64, 258.4, 1.79554
_08896_, 290.64, 258.4, 1.79554
_14863_, 290.64, 258.4, 1.79554
hold1521, 290.64, 258.4, 1.79554
FILLER_0_91_611, 290.64, 258.4, 1.79554
FILLER_0_92_628, 290.64, 258.4, 1.79554
_07619_, 303.44, 258.4, 1.79557
_13475_, 303.44, 258.4, 1.79557
_13476_, 303.44, 258.4, 1.79557
_13546_, 303.44, 258.4, 1.79557
_16112_, 303.44, 258.4, 1.79557
hold767, 303.44, 258.4, 1.79557
FILLER_0_91_634, 303.44, 258.4, 1.79557
_07687_, 316.24, 258.4, 1.7956
_07875_, 316.24, 258.4, 1.7956
_10559_, 316.24, 258.4, 1.7956
FILLER_0_91_664, 316.24, 258.4, 1.7956
FILLER_0_91_682, 316.24, 258.4, 1.7956
_07542_, 341.84, 258.4, 1.79557
_07745_, 341.84, 258.4, 1.79557
_07853_, 341.84, 258.4, 1.79557
_10619_, 341.84, 258.4, 1.79557
FILLER_0_92_741, 341.84, 258.4, 1.79557
_09299_, 354.64, 258.4, 1.79552
_15036_, 354.64, 258.4, 1.79552
clkbuf_leaf_134_clk, 354.64, 258.4, 1.79552
_09264_, 367.44, 258.4, 1.79549
_10162_, 367.44, 258.4, 1.79549
_10164_, 367.44, 258.4, 1.79549
_10165_, 367.44, 258.4, 1.79549
_10623_, 367.44, 258.4, 1.79549
_15020_, 367.44, 258.4, 1.79549
FILLER_0_91_777, 367.44, 258.4, 1.79549
_07739_, 380.24, 258.4, 1.79547
_09263_, 380.24, 258.4, 1.79547
hold552, 380.24, 258.4, 1.79547
FILLER_0_90_806, 380.24, 258.4, 1.79547
_09778_, 393.04, 258.4, 1.79545
_14435_, 393.04, 258.4, 1.79545
_14436_, 393.04, 258.4, 1.79545
_16441_, 393.04, 258.4, 1.79545
FILLER_0_91_837, 393.04, 258.4, 1.79545
FILLER_0_91_841, 393.04, 258.4, 1.79545
_07597_, 405.84, 258.4, 1.79543
_10149_, 405.84, 258.4, 1.79543
FILLER_0_91_865, 405.84, 258.4, 1.79543
_07714_, 418.64, 258.4, 1.79542
_10585_, 418.64, 258.4, 1.79542
_14426_, 418.64, 258.4, 1.79542
_14427_, 418.64, 258.4, 1.79542
FILLER_0_90_886, 418.64, 258.4, 1.79542
FILLER_0_91_893, 418.64, 258.4, 1.79542
FILLER_0_91_905, 418.64, 258.4, 1.79542
_07762_, 431.44, 258.4, 1.79541
_16439_, 431.44, 258.4, 1.79541
hold605, 431.44, 258.4, 1.79541
hold749, 431.44, 258.4, 1.79541
FILLER_0_90_917, 431.44, 258.4, 1.79541
_14430_, 444.24, 258.4, 1.7954
clkbuf_leaf_124_clk, 444.24, 258.4, 1.7954
FILLER_0_90_946, 444.24, 258.4, 1.7954
FILLER_0_91_944, 444.24, 258.4, 1.7954
FILLER_0_91_953, 444.24, 258.4, 1.7954
_09159_, 457.04, 258.4, 1.79542
FILLER_0_90_976, 457.04, 258.4, 1.79542
FILLER_0_91_993, 457.04, 258.4, 1.79542
_08963_, 469.84, 258.4, 1.79543
_08965_, 469.84, 258.4, 1.79543
_14892_, 469.84, 258.4, 1.79543
hold1552, 469.84, 258.4, 1.79543
PHY_176, 5.52, 252.96, 1.79556
PHY_178, 5.52, 252.96, 1.79556
_15338_, 34.64, 252.96, 1.79552
FILLER_0_89_51, 34.64, 252.96, 1.79552
_14340_, 47.44, 252.96, 1.7955
_14349_, 47.44, 252.96, 1.7955
_16318_, 47.44, 252.96, 1.7955
FILLER_0_89_93, 47.44, 252.96, 1.7955
_13910_, 60.24, 252.96, 1.79547
hold1295, 60.24, 252.96, 1.79547
hold1365, 60.24, 252.96, 1.79547
FILLER_0_89_130, 60.24, 252.96, 1.79547
_10091_, 73.04, 252.96, 1.79545
_10093_, 73.04, 252.96, 1.79545
_10098_, 73.04, 252.96, 1.79545
_14980_, 73.04, 252.96, 1.79545
FILLER_0_88_136, 73.04, 252.96, 1.79545
FILLER_0_90_152, 73.04, 252.96, 1.79545
_10116_, 85.84, 252.96, 1.79545
_10952_, 85.84, 252.96, 1.79545
_13913_, 85.84, 252.96, 1.79545
FILLER_0_88_165, 85.84, 252.96, 1.79545
FILLER_0_89_163, 85.84, 252.96, 1.79545
FILLER_0_90_182, 85.84, 252.96, 1.79545
_14983_, 98.64, 252.96, 1.79547
clkbuf_leaf_38_clk, 98.64, 252.96, 1.79547
hold1124, 98.64, 252.96, 1.79547
FILLER_0_88_193, 98.64, 252.96, 1.79547
FILLER_0_90_209, 98.64, 252.96, 1.79547
_11562_, 111.44, 252.96, 1.79551
_15449_, 111.44, 252.96, 1.79551
FILLER_0_89_237, 111.44, 252.96, 1.79551
FILLER_0_90_232, 111.44, 252.96, 1.79551
_08905_, 124.24, 252.96, 1.79557
FILLER_0_88_248, 124.24, 252.96, 1.79557
FILLER_0_89_270, 124.24, 252.96, 1.79557
FILLER_0_90_261, 124.24, 252.96, 1.79557
FILLER_0_90_269, 124.24, 252.96, 1.79557
_13611_, 137.04, 252.96, 1.79562
_13625_, 137.04, 252.96, 1.79562
_13626_, 137.04, 252.96, 1.79562
_16121_, 137.04, 252.96, 1.79562
_16169_, 137.04, 252.96, 1.79562
_16174_, 137.04, 252.96, 1.79562
FILLER_0_88_273, 137.04, 252.96, 1.79562
_08434_, 149.84, 252.96, 1.79568
_13564_, 149.84, 252.96, 1.79568
_13565_, 149.84, 252.96, 1.79568
hold1504, 149.84, 252.96, 1.79568
FILLER_0_88_304, 149.84, 252.96, 1.79568
FILLER_0_90_317, 149.84, 252.96, 1.79568
_08168_, 162.64, 252.96, 1.79575
_08169_, 162.64, 252.96, 1.79575
_08433_, 162.64, 252.96, 1.79575
FILLER_0_89_332, 162.64, 252.96, 1.79575
_08022_, 188.24, 252.96, 1.7958
_13716_, 188.24, 252.96, 1.7958
_16215_, 188.24, 252.96, 1.7958
_09273_, 201.04, 252.96, 1.79578
hold574, 201.04, 252.96, 1.79578
hold764, 201.04, 252.96, 1.79578
FILLER_0_88_421, 201.04, 252.96, 1.79578
FILLER_0_89_433, 201.04, 252.96, 1.79578
_08324_, 213.84, 252.96, 1.79577
_09788_, 213.84, 252.96, 1.79577
_13496_, 213.84, 252.96, 1.79577
_13567_, 213.84, 252.96, 1.79577
_16236_, 213.84, 252.96, 1.79577
FILLER_0_89_460, 213.84, 252.96, 1.79577
_08650_, 226.64, 252.96, 1.79576
_13691_, 226.64, 252.96, 1.79576
_13727_, 226.64, 252.96, 1.79576
_13761_, 226.64, 252.96, 1.79576
FILLER_0_88_470, 226.64, 252.96, 1.79576
FILLER_0_88_480, 226.64, 252.96, 1.79576
FILLER_0_89_477, 226.64, 252.96, 1.79576
_07791_, 239.44, 252.96, 1.79576
_08541_, 239.44, 252.96, 1.79576
_09557_, 239.44, 252.96, 1.79576
_09575_, 239.44, 252.96, 1.79576
_09770_, 239.44, 252.96, 1.79576
hold946, 239.44, 252.96, 1.79576
ANTENNA_75, 239.44, 252.96, 1.79576
FILLER_0_88_503, 239.44, 252.96, 1.79576
FILLER_0_89_496, 239.44, 252.96, 1.79576
_07552_, 252.24, 252.96, 1.79575
_09771_, 252.24, 252.96, 1.79575
_10369_, 252.24, 252.96, 1.79575
_13487_, 252.24, 252.96, 1.79575
hold1368, 252.24, 252.96, 1.79575
ANTENNA_76, 252.24, 252.96, 1.79575
FILLER_0_90_539, 252.24, 252.96, 1.79575
FILLER_0_90_547, 252.24, 252.96, 1.79575
_09269_, 265.04, 252.96, 1.79575
_09270_, 265.04, 252.96, 1.79575
_13268_, 265.04, 252.96, 1.79575
_13558_, 265.04, 252.96, 1.79575
hold733, 265.04, 252.96, 1.79575
_07909_, 277.84, 252.96, 1.79576
hold563, 277.84, 252.96, 1.79576
FILLER_0_88_589, 277.84, 252.96, 1.79576
FILLER_0_89_598, 277.84, 252.96, 1.79576
FILLER_0_90_601, 277.84, 252.96, 1.79576
_07620_, 290.64, 252.96, 1.79576
_07900_, 290.64, 252.96, 1.79576
_07902_, 290.64, 252.96, 1.79576
_10049_, 290.64, 252.96, 1.79576
FILLER_0_90_622, 290.64, 252.96, 1.79576
_13545_, 303.44, 252.96, 1.79579
hold784, 303.44, 252.96, 1.79579
FILLER_0_89_655, 303.44, 252.96, 1.79579
FILLER_0_90_661, 303.44, 252.96, 1.79579
_07685_, 316.24, 252.96, 1.79581
_07686_, 316.24, 252.96, 1.79581
_10560_, 316.24, 252.96, 1.79581
FILLER_0_88_666, 316.24, 252.96, 1.79581
FILLER_0_89_663, 316.24, 252.96, 1.79581
_07539_, 341.84, 252.96, 1.79579
_07540_, 341.84, 252.96, 1.79579
_07744_, 341.84, 252.96, 1.79579
_07852_, 341.84, 252.96, 1.79579
FILLER_0_89_729, 341.84, 252.96, 1.79579
FILLER_0_90_734, 341.84, 252.96, 1.79579
FILLER_0_90_745, 341.84, 252.96, 1.79579
_07529_, 354.64, 252.96, 1.79575
FILLER_0_88_746, 354.64, 252.96, 1.79575
FILLER_0_88_757, 354.64, 252.96, 1.79575
FILLER_0_89_760, 354.64, 252.96, 1.79575
_10622_, 367.44, 252.96, 1.79571
hold467, 367.44, 252.96, 1.79571
_10156_, 380.24, 252.96, 1.79567
_10157_, 380.24, 252.96, 1.79567
FILLER_0_88_802, 380.24, 252.96, 1.79567
FILLER_0_89_806, 380.24, 252.96, 1.79567
_09779_, 393.04, 252.96, 1.79564
_09972_, 393.04, 252.96, 1.79564
_15246_, 393.04, 252.96, 1.79564
hold837, 393.04, 252.96, 1.79564
FILLER_0_89_836, 393.04, 252.96, 1.79564
FILLER_0_89_849, 393.04, 252.96, 1.79564
FILLER_0_90_843, 393.04, 252.96, 1.79564
_07870_, 405.84, 252.96, 1.79561
_08596_, 405.84, 252.96, 1.79561
_11398_, 405.84, 252.96, 1.79561
_14796_, 405.84, 252.96, 1.79561
FILLER_0_88_860, 405.84, 252.96, 1.79561
FILLER_0_88_869, 405.84, 252.96, 1.79561
_10583_, 418.64, 252.96, 1.79559
_10584_, 418.64, 252.96, 1.79559
_16438_, 418.64, 252.96, 1.79559
hold1411, 418.64, 252.96, 1.79559
_07709_, 431.44, 252.96, 1.79557
_10148_, 431.44, 252.96, 1.79557
FILLER_0_88_913, 431.44, 252.96, 1.79557
FILLER_0_88_921, 431.44, 252.96, 1.79557
FILLER_0_88_925, 431.44, 252.96, 1.79557
_09158_, 444.24, 252.96, 1.79556
_11394_, 444.24, 252.96, 1.79556
_14972_, 444.24, 252.96, 1.79556
_15326_, 444.24, 252.96, 1.79556
hold496, 444.24, 252.96, 1.79556
FILLER_0_89_945, 444.24, 252.96, 1.79556
FILLER_0_89_953, 444.24, 252.96, 1.79556
_09152_, 457.04, 252.96, 1.79557
_09156_, 457.04, 252.96, 1.79557
_09157_, 457.04, 252.96, 1.79557
_11391_, 457.04, 252.96, 1.79557
_14971_, 457.04, 252.96, 1.79557
hold1171, 457.04, 252.96, 1.79557
FILLER_0_89_972, 457.04, 252.96, 1.79557
FILLER_0_90_993, 457.04, 252.96, 1.79557
_15325_, 469.84, 252.96, 1.79558
FILLER_0_89_1002, 469.84, 252.96, 1.79558
PHY_172, 5.52, 247.52, 1.79571
PHY_174, 5.52, 247.52, 1.79571
_16382_, 34.64, 247.52, 1.79569
FILLER_0_87_51, 34.64, 247.52, 1.79569
FILLER_0_87_69, 34.64, 247.52, 1.79569
_14339_, 47.44, 247.52, 1.79568
_14342_, 47.44, 247.52, 1.79568
_16323_, 47.44, 247.52, 1.79568
_16387_, 47.44, 247.52, 1.79568
hold1200, 47.44, 247.52, 1.79568
hold1520, 47.44, 247.52, 1.79568
_13920_, 60.24, 247.52, 1.79568
_13921_, 60.24, 247.52, 1.79568
hold1572, 60.24, 247.52, 1.79568
FILLER_0_87_128, 60.24, 247.52, 1.79568
_10241_, 73.04, 247.52, 1.79567
_10242_, 73.04, 247.52, 1.79567
_10244_, 73.04, 247.52, 1.79567
hold1179, 73.04, 247.52, 1.79567
FILLER_0_86_137, 73.04, 247.52, 1.79567
FILLER_0_86_141, 73.04, 247.52, 1.79567
_10097_, 85.84, 247.52, 1.79568
_11708_, 85.84, 247.52, 1.79568
_13912_, 85.84, 247.52, 1.79568
_16319_, 85.84, 247.52, 1.79568
FILLER_0_87_169, 85.84, 247.52, 1.79568
FILLER_0_87_177, 85.84, 247.52, 1.79568
_08243_, 98.64, 247.52, 1.7957
_10954_, 98.64, 247.52, 1.7957
_10956_, 98.64, 247.52, 1.7957
_11698_, 98.64, 247.52, 1.7957
_16322_, 98.64, 247.52, 1.7957
FILLER_0_87_189, 98.64, 247.52, 1.7957
FILLER_0_87_213, 98.64, 247.52, 1.7957
FILLER_0_88_205, 98.64, 247.52, 1.7957
_08904_, 111.44, 247.52, 1.79573
_13918_, 111.44, 247.52, 1.79573
_13919_, 111.44, 247.52, 1.79573
hold1304, 111.44, 247.52, 1.79573
FILLER_0_88_239, 111.44, 247.52, 1.79573
_14867_, 124.24, 247.52, 1.79576
hold1570, 124.24, 247.52, 1.79576
FILLER_0_86_247, 124.24, 247.52, 1.79576
FILLER_0_88_265, 124.24, 247.52, 1.79576
_10208_, 137.04, 247.52, 1.7958
hold1273, 137.04, 247.52, 1.7958
FILLER_0_87_273, 137.04, 247.52, 1.7958
_08432_, 149.84, 247.52, 1.79584
_08439_, 149.84, 247.52, 1.79584
_10217_, 149.84, 247.52, 1.79584
FILLER_0_86_302, 149.84, 247.52, 1.79584
_08167_, 162.64, 247.52, 1.79589
_08170_, 162.64, 247.52, 1.79589
_08435_, 162.64, 247.52, 1.79589
_10047_, 162.64, 247.52, 1.79589
_10048_, 162.64, 247.52, 1.79589
_10054_, 162.64, 247.52, 1.79589
_08223_, 188.24, 247.52, 1.79583
FILLER_0_86_391, 188.24, 247.52, 1.79583
FILLER_0_87_389, 188.24, 247.52, 1.79583
FILLER_0_87_405, 188.24, 247.52, 1.79583
FILLER_0_88_410, 188.24, 247.52, 1.79583
_08220_, 201.04, 247.52, 1.79572
_08221_, 201.04, 247.52, 1.79572
_08222_, 201.04, 247.52, 1.79572
_10930_, 201.04, 247.52, 1.79572
FILLER_0_86_416, 201.04, 247.52, 1.79572
FILLER_0_87_416, 201.04, 247.52, 1.79572
FILLER_0_87_434, 201.04, 247.52, 1.79572
_08026_, 213.84, 247.52, 1.79562
_13497_, 213.84, 247.52, 1.79562
_16122_, 213.84, 247.52, 1.79562
clkbuf_leaf_28_clk, 213.84, 247.52, 1.79562
hold1348, 213.84, 247.52, 1.79562
FILLER_0_87_460, 213.84, 247.52, 1.79562
_08027_, 226.64, 247.52, 1.79554
_13692_, 226.64, 247.52, 1.79554
_16204_, 226.64, 247.52, 1.79554
_16220_, 226.64, 247.52, 1.79554
FILLER_0_86_473, 226.64, 247.52, 1.79554
_08873_, 239.44, 247.52, 1.79548
_09558_, 239.44, 247.52, 1.79548
_11696_, 239.44, 247.52, 1.79548
_13281_, 239.44, 247.52, 1.79548
_13662_, 239.44, 247.52, 1.79548
clkbuf_0_clk, 239.44, 247.52, 1.79548
FILLER_0_87_496, 239.44, 247.52, 1.79548
FILLER_0_87_518, 239.44, 247.52, 1.79548
_13488_, 252.24, 247.52, 1.79552
_13557_, 252.24, 247.52, 1.79552
_16118_, 252.24, 247.52, 1.79552
_16150_, 252.24, 247.52, 1.79552
FILLER_0_86_524, 252.24, 247.52, 1.79552
_07458_, 265.04, 247.52, 1.79556
_07479_, 265.04, 247.52, 1.79556
_07904_, 265.04, 247.52, 1.79556
_10995_, 265.04, 247.52, 1.79556
_15023_, 265.04, 247.52, 1.79556
FILLER_0_86_553, 265.04, 247.52, 1.79556
_07520_, 277.84, 247.52, 1.79562
_10279_, 277.84, 247.52, 1.79562
FILLER_0_86_589, 277.84, 247.52, 1.79562
FILLER_0_87_599, 277.84, 247.52, 1.79562
_07901_, 290.64, 247.52, 1.7957
_07903_, 290.64, 247.52, 1.7957
_11002_, 290.64, 247.52, 1.7957
_13265_, 290.64, 247.52, 1.7957
_13555_, 290.64, 247.52, 1.7957
_16144_, 290.64, 247.52, 1.7957
FILLER_0_87_607, 290.64, 247.52, 1.7957
_07516_, 303.44, 247.52, 1.79579
_07675_, 303.44, 247.52, 1.79579
_07677_, 303.44, 247.52, 1.79579
hold663, 303.44, 247.52, 1.79579
FILLER_0_86_645, 303.44, 247.52, 1.79579
FILLER_0_88_657, 303.44, 247.52, 1.79579
_07517_, 316.24, 247.52, 1.79588
_07674_, 316.24, 247.52, 1.79588
_10556_, 316.24, 247.52, 1.79588
FILLER_0_87_669, 316.24, 247.52, 1.79588
FILLER_0_88_681, 316.24, 247.52, 1.79588
_07735_, 341.84, 247.52, 1.79593
_07738_, 341.84, 247.52, 1.79593
_13480_, 341.84, 247.52, 1.79593
FILLER_0_87_725, 341.84, 247.52, 1.79593
FILLER_0_87_740, 341.84, 247.52, 1.79593
_09257_, 354.64, 247.52, 1.79589
_09258_, 354.64, 247.52, 1.79589
_10159_, 354.64, 247.52, 1.79589
_10624_, 354.64, 247.52, 1.79589
_15017_, 354.64, 247.52, 1.79589
FILLER_0_87_747, 354.64, 247.52, 1.79589
FILLER_0_87_755, 354.64, 247.52, 1.79589
_07679_, 367.44, 247.52, 1.79586
_10562_, 367.44, 247.52, 1.79586
FILLER_0_86_778, 367.44, 247.52, 1.79586
FILLER_0_86_786, 367.44, 247.52, 1.79586
FILLER_0_87_777, 367.44, 247.52, 1.79586
FILLER_0_87_785, 367.44, 247.52, 1.79586
FILLER_0_88_789, 367.44, 247.52, 1.79586
_07847_, 380.24, 247.52, 1.79583
_09261_, 380.24, 247.52, 1.79583
hold531, 380.24, 247.52, 1.79583
FILLER_0_88_825, 380.24, 247.52, 1.79583
_09565_, 393.04, 247.52, 1.7958
_09566_, 393.04, 247.52, 1.7958
_15148_, 393.04, 247.52, 1.7958
_15328_, 393.04, 247.52, 1.7958
hold956, 393.04, 247.52, 1.7958
FILLER_0_87_836, 393.04, 247.52, 1.7958
FILLER_0_87_850, 393.04, 247.52, 1.7958
_08569_, 405.84, 247.52, 1.79578
_08595_, 405.84, 247.52, 1.79578
_11397_, 405.84, 247.52, 1.79578
_14793_, 405.84, 247.52, 1.79578
hold682, 405.84, 247.52, 1.79578
FILLER_0_87_869, 405.84, 247.52, 1.79578
FILLER_0_88_881, 405.84, 247.52, 1.79578
_08889_, 418.64, 247.52, 1.79577
hold1574, 418.64, 247.52, 1.79577
FILLER_0_87_891, 418.64, 247.52, 1.79577
_09033_, 431.44, 247.52, 1.79576
_09036_, 431.44, 247.52, 1.79576
_09072_, 431.44, 247.52, 1.79576
_10150_, 431.44, 247.52, 1.79576
FILLER_0_86_921, 431.44, 247.52, 1.79576
FILLER_0_87_929, 431.44, 247.52, 1.79576
_11393_, 444.24, 247.52, 1.79575
hold1042, 444.24, 247.52, 1.79575
FILLER_0_87_943, 444.24, 247.52, 1.79575
FILLER_0_87_962, 444.24, 247.52, 1.79575
_09153_, 457.04, 247.52, 1.79574
_11392_, 457.04, 247.52, 1.79574
_14969_, 457.04, 247.52, 1.79574
hold1315, 457.04, 247.52, 1.79574
FILLER_0_86_968, 457.04, 247.52, 1.79574
FILLER_0_86_974, 457.04, 247.52, 1.79574
PHY_168, 5.52, 242.08, 1.79586
PHY_170, 5.52, 242.08, 1.79586
input9, 5.52, 242.08, 1.79586
FILLER_0_86_21, 13.68, 242.08, 1.79586
_14350_, 34.64, 242.08, 1.79586
FILLER_0_85_51, 34.64, 242.08, 1.79586
_14341_, 47.44, 242.08, 1.79586
_16383_, 47.44, 242.08, 1.79586
hold1378, 47.44, 242.08, 1.79586
FILLER_0_85_81, 47.44, 242.08, 1.79586
FILLER_0_85_102, 47.44, 242.08, 1.79586
_11623_, 60.24, 242.08, 1.79586
_15482_, 60.24, 242.08, 1.79586
hold1445, 60.24, 242.08, 1.79586
FILLER_0_85_121, 60.24, 242.08, 1.79586
_08190_, 73.04, 242.08, 1.79587
_08455_, 73.04, 242.08, 1.79587
_10095_, 73.04, 242.08, 1.79587
_11710_, 73.04, 242.08, 1.79587
FILLER_0_86_153, 73.04, 242.08, 1.79587
_10094_, 85.84, 242.08, 1.79588
_11693_, 85.84, 242.08, 1.79588
_15477_, 85.84, 242.08, 1.79588
FILLER_0_85_184, 85.84, 242.08, 1.79588
FILLER_0_86_185, 85.84, 242.08, 1.79588
_10953_, 98.64, 242.08, 1.7959
_11697_, 98.64, 242.08, 1.7959
_15478_, 98.64, 242.08, 1.7959
hold1178, 98.64, 242.08, 1.7959
FILLER_0_85_216, 98.64, 242.08, 1.7959
_08914_, 111.44, 242.08, 1.79593
_08915_, 111.44, 242.08, 1.79593
_08952_, 111.44, 242.08, 1.79593
_14872_, 111.44, 242.08, 1.79593
_14887_, 111.44, 242.08, 1.79593
FILLER_0_85_225, 111.44, 242.08, 1.79593
_09314_, 124.24, 242.08, 1.79597
_13021_, 124.24, 242.08, 1.79597
_13031_, 124.24, 242.08, 1.79597
_13032_, 124.24, 242.08, 1.79597
_15918_, 124.24, 242.08, 1.79597
hold1556, 124.24, 242.08, 1.79597
FILLER_0_84_248, 124.24, 242.08, 1.79597
FILLER_0_85_247, 124.24, 242.08, 1.79597
FILLER_0_86_261, 124.24, 242.08, 1.79597
_08440_, 137.04, 242.08, 1.79601
_10211_, 137.04, 242.08, 1.79601
_10215_, 137.04, 242.08, 1.79601
FILLER_0_85_281, 137.04, 242.08, 1.79601
FILLER_0_85_295, 137.04, 242.08, 1.79601
_08175_, 149.84, 242.08, 1.79606
_08177_, 149.84, 242.08, 1.79606
_08437_, 149.84, 242.08, 1.79606
_08438_, 149.84, 242.08, 1.79606
_08441_, 149.84, 242.08, 1.79606
_10216_, 149.84, 242.08, 1.79606
FILLER_0_85_321, 149.84, 242.08, 1.79606
_10055_, 162.64, 242.08, 1.79612
_10219_, 162.64, 242.08, 1.79612
_10220_, 162.64, 242.08, 1.79612
_08230_, 188.24, 242.08, 1.79614
_08906_, 188.24, 242.08, 1.79614
_13023_, 188.24, 242.08, 1.79614
_13024_, 188.24, 242.08, 1.79614
_15914_, 188.24, 242.08, 1.79614
hold1148, 188.24, 242.08, 1.79614
_10931_, 201.04, 242.08, 1.7961
_10934_, 201.04, 242.08, 1.7961
_10948_, 201.04, 242.08, 1.7961
_13613_, 201.04, 242.08, 1.7961
hold1010, 201.04, 242.08, 1.7961
FILLER_0_86_430, 201.04, 242.08, 1.7961
_08023_, 213.84, 242.08, 1.79607
_08034_, 213.84, 242.08, 1.79607
_08271_, 213.84, 242.08, 1.79607
_10933_, 213.84, 242.08, 1.79607
FILLER_0_86_460, 213.84, 242.08, 1.79607
_13726_, 226.64, 242.08, 1.79605
hold910, 226.64, 242.08, 1.79605
hold981, 226.64, 242.08, 1.79605
hold1403, 226.64, 242.08, 1.79605
FILLER_0_84_469, 226.64, 242.08, 1.79605
FILLER_0_84_477, 226.64, 242.08, 1.79605
FILLER_0_85_494, 226.64, 242.08, 1.79605
_08874_, 239.44, 242.08, 1.79603
_13577_, 239.44, 242.08, 1.79603
_13603_, 239.44, 242.08, 1.79603
_13627_, 239.44, 242.08, 1.79603
_13690_, 239.44, 242.08, 1.79603
_13697_, 239.44, 242.08, 1.79603
_13732_, 239.44, 242.08, 1.79603
FILLER_0_85_515, 239.44, 242.08, 1.79603
_07457_, 252.24, 242.08, 1.796
_10370_, 252.24, 242.08, 1.796
_13578_, 252.24, 242.08, 1.796
FILLER_0_84_529, 252.24, 242.08, 1.796
FILLER_0_85_545, 252.24, 242.08, 1.796
_07960_, 265.04, 242.08, 1.79601
_09785_, 265.04, 242.08, 1.79601
clkbuf_leaf_137_clk, 265.04, 242.08, 1.79601
hold1494, 265.04, 242.08, 1.79601
FILLER_0_84_564, 265.04, 242.08, 1.79601
FILLER_0_85_561, 265.04, 242.08, 1.79601
FILLER_0_86_567, 265.04, 242.08, 1.79601
FILLER_0_86_578, 265.04, 242.08, 1.79601
_09571_, 277.84, 242.08, 1.79604
_09572_, 277.84, 242.08, 1.79604
_09784_, 277.84, 242.08, 1.79604
_13485_, 277.84, 242.08, 1.79604
hold727, 277.84, 242.08, 1.79604
_07519_, 290.64, 242.08, 1.79607
_13556_, 290.64, 242.08, 1.79607
_16149_, 290.64, 242.08, 1.79607
hold836, 290.64, 242.08, 1.79607
hold1448, 290.64, 242.08, 1.79607
FILLER_0_85_633, 290.64, 242.08, 1.79607
_13547_, 303.44, 242.08, 1.7961
_13548_, 303.44, 242.08, 1.7961
_16113_, 303.44, 242.08, 1.7961
_16145_, 303.44, 242.08, 1.7961
FILLER_0_84_636, 303.44, 242.08, 1.7961
FILLER_0_86_658, 303.44, 242.08, 1.7961
_13477_, 316.24, 242.08, 1.79615
_13478_, 316.24, 242.08, 1.79615
_16146_, 316.24, 242.08, 1.79615
hold676, 316.24, 242.08, 1.79615
FILLER_0_85_682, 316.24, 242.08, 1.79615
_07518_, 341.84, 242.08, 1.79614
_13473_, 341.84, 242.08, 1.79614
_13474_, 341.84, 242.08, 1.79614
_13479_, 341.84, 242.08, 1.79614
_16114_, 341.84, 242.08, 1.79614
hold687, 341.84, 242.08, 1.79614
FILLER_0_84_724, 341.84, 242.08, 1.79614
FILLER_0_86_734, 341.84, 242.08, 1.79614
hold662, 354.64, 242.08, 1.79608
FILLER_0_84_748, 354.64, 242.08, 1.79608
FILLER_0_84_757, 354.64, 242.08, 1.79608
_09262_, 367.44, 242.08, 1.79602
_10564_, 367.44, 242.08, 1.79602
_13245_, 367.44, 242.08, 1.79602
_15019_, 367.44, 242.08, 1.79602
_09267_, 380.24, 242.08, 1.79598
_09268_, 380.24, 242.08, 1.79598
_09891_, 380.24, 242.08, 1.79598
_15022_, 380.24, 242.08, 1.79598
FILLER_0_84_809, 380.24, 242.08, 1.79598
_08614_, 393.04, 242.08, 1.79595
hold535, 393.04, 242.08, 1.79595
FILLER_0_84_837, 393.04, 242.08, 1.79595
FILLER_0_85_841, 393.04, 242.08, 1.79595
FILLER_0_86_850, 393.04, 242.08, 1.79595
_08568_, 405.84, 242.08, 1.79591
_08884_, 405.84, 242.08, 1.79591
_10366_, 405.84, 242.08, 1.79591
hold1201, 405.84, 242.08, 1.79591
FILLER_0_84_869, 405.84, 242.08, 1.79591
FILLER_0_85_864, 405.84, 242.08, 1.79591
FILLER_0_86_877, 405.84, 242.08, 1.79591
_08883_, 418.64, 242.08, 1.7959
_09039_, 418.64, 242.08, 1.7959
_14860_, 418.64, 242.08, 1.7959
hold1367, 418.64, 242.08, 1.7959
FILLER_0_85_897, 418.64, 242.08, 1.7959
_09034_, 431.44, 242.08, 1.79589
_14924_, 431.44, 242.08, 1.79589
hold994, 431.44, 242.08, 1.79589
hold1487, 431.44, 242.08, 1.79589
FILLER_0_86_928, 431.44, 242.08, 1.79589
_13891_, 444.24, 242.08, 1.79589
_16309_, 444.24, 242.08, 1.79589
hold1524, 444.24, 242.08, 1.79589
hold1213, 457.04, 242.08, 1.79589
FILLER_0_85_997, 469.84, 242.08, 1.79589
FILLER_0_85_1005, 469.84, 242.08, 1.79589
FILLER_0_85_1021, 469.84, 242.08, 1.79589
PHY_164, 5.52, 236.64, 1.79601
PHY_166, 5.52, 236.64, 1.79601
FILLER_0_83_51, 34.64, 236.64, 1.79603
FILLER_0_84_77, 34.64, 236.64, 1.79603
_11613_, 47.44, 236.64, 1.79605
_11614_, 47.44, 236.64, 1.79605
_15445_, 47.44, 236.64, 1.79605
FILLER_0_83_93, 47.44, 236.64, 1.79605
FILLER_0_84_97, 47.44, 236.64, 1.79605
_11624_, 60.24, 236.64, 1.79607
_15450_, 60.24, 236.64, 1.79607
hold1423, 60.24, 236.64, 1.79607
FILLER_0_84_132, 60.24, 236.64, 1.79607
_11694_, 73.04, 236.64, 1.79609
_11709_, 73.04, 236.64, 1.79609
hold1339, 73.04, 236.64, 1.79609
FILLER_0_82_137, 73.04, 236.64, 1.79609
FILLER_0_83_152, 73.04, 236.64, 1.79609
_11615_, 85.84, 236.64, 1.79612
_11695_, 85.84, 236.64, 1.79612
_15446_, 85.84, 236.64, 1.79612
hold979, 85.84, 236.64, 1.79612
FILLER_0_83_177, 85.84, 236.64, 1.79612
FILLER_0_84_178, 85.84, 236.64, 1.79612
hold1099, 98.64, 236.64, 1.79615
FILLER_0_84_213, 98.64, 236.64, 1.79615
_08951_, 111.44, 236.64, 1.79618
_08988_, 111.44, 236.64, 1.79618
_09313_, 111.44, 236.64, 1.79618
hold1529, 111.44, 236.64, 1.79618
FILLER_0_83_217, 111.44, 236.64, 1.79618
FILLER_0_83_234, 111.44, 236.64, 1.79618
_09323_, 124.24, 236.64, 1.79621
_09324_, 124.24, 236.64, 1.79621
_13022_, 124.24, 236.64, 1.79621
_15048_, 124.24, 236.64, 1.79621
_15913_, 124.24, 236.64, 1.79621
hold1433, 124.24, 236.64, 1.79621
FILLER_0_84_261, 124.24, 236.64, 1.79621
_08172_, 137.04, 236.64, 1.79625
_10033_, 137.04, 236.64, 1.79625
_10046_, 137.04, 236.64, 1.79625
FILLER_0_83_293, 137.04, 236.64, 1.79625
_08173_, 149.84, 236.64, 1.7963
_08174_, 149.84, 236.64, 1.7963
_08176_, 149.84, 236.64, 1.7963
_08442_, 149.84, 236.64, 1.7963
_10038_, 149.84, 236.64, 1.7963
FILLER_0_82_305, 149.84, 236.64, 1.7963
FILLER_0_83_305, 149.84, 236.64, 1.7963
FILLER_0_83_325, 149.84, 236.64, 1.7963
_10236_, 162.64, 236.64, 1.79635
_10927_, 162.64, 236.64, 1.79635
FILLER_0_83_333, 162.64, 236.64, 1.79635
FILLER_0_83_337, 162.64, 236.64, 1.79635
_08907_, 188.24, 236.64, 1.79638
_14868_, 188.24, 236.64, 1.79638
FILLER_0_83_388, 188.24, 236.64, 1.79638
_13614_, 201.04, 236.64, 1.79635
_16170_, 201.04, 236.64, 1.79635
hold1347, 201.04, 236.64, 1.79635
FILLER_0_82_414, 201.04, 236.64, 1.79635
FILLER_0_83_417, 201.04, 236.64, 1.79635
FILLER_0_83_438, 201.04, 236.64, 1.79635
_08272_, 213.84, 236.64, 1.79633
_13724_, 213.84, 236.64, 1.79633
_16219_, 213.84, 236.64, 1.79633
FILLER_0_83_449, 213.84, 236.64, 1.79633
_08269_, 226.64, 236.64, 1.79631
_10817_, 226.64, 236.64, 1.79631
_13759_, 226.64, 236.64, 1.79631
_13760_, 226.64, 236.64, 1.79631
_16235_, 226.64, 236.64, 1.79631
hold545, 226.64, 236.64, 1.79631
_13689_, 239.44, 236.64, 1.7963
_16203_, 239.44, 236.64, 1.7963
hold795, 239.44, 236.64, 1.7963
FILLER_0_84_520, 239.44, 236.64, 1.7963
_13600_, 252.24, 236.64, 1.7963
_13601_, 252.24, 236.64, 1.7963
_13783_, 252.24, 236.64, 1.7963
_14333_, 252.24, 236.64, 1.7963
_16166_, 252.24, 236.64, 1.7963
_16379_, 252.24, 236.64, 1.7963
_15151_, 265.04, 236.64, 1.79631
_15249_, 265.04, 236.64, 1.79631
_07513_, 277.84, 236.64, 1.79632
_13486_, 277.84, 236.64, 1.79632
_16117_, 277.84, 236.64, 1.79632
hold1117, 277.84, 236.64, 1.79632
FILLER_0_82_589, 277.84, 236.64, 1.79632
_13583_, 290.64, 236.64, 1.79633
_13597_, 290.64, 236.64, 1.79633
_16160_, 290.64, 236.64, 1.79633
FILLER_0_84_623, 290.64, 236.64, 1.79633
_07676_, 303.44, 236.64, 1.79636
hold1439, 303.44, 236.64, 1.79636
FILLER_0_82_645, 303.44, 236.64, 1.79636
_13774_, 316.24, 236.64, 1.79638
_16241_, 316.24, 236.64, 1.79638
hold1484, 316.24, 236.64, 1.79638
FILLER_0_83_673, 316.24, 236.64, 1.79638
FILLER_0_83_687, 316.24, 236.64, 1.79638
_16111_, 341.84, 236.64, 1.79634
hold503, 341.84, 236.64, 1.79634
hold1079, 341.84, 236.64, 1.79634
FILLER_0_83_721, 341.84, 236.64, 1.79634
FILLER_0_83_745, 341.84, 236.64, 1.79634
_13588_, 354.64, 236.64, 1.79628
_13589_, 354.64, 236.64, 1.79628
_16162_, 354.64, 236.64, 1.79628
hold1506, 354.64, 236.64, 1.79628
FILLER_0_84_769, 354.64, 236.64, 1.79628
_13775_, 367.44, 236.64, 1.79623
hold1444, 367.44, 236.64, 1.79623
_09570_, 380.24, 236.64, 1.79618
_09773_, 380.24, 236.64, 1.79618
hold1380, 380.24, 236.64, 1.79618
_09569_, 393.04, 236.64, 1.79613
_14798_, 393.04, 236.64, 1.79613
clkbuf_leaf_147_clk, 393.04, 236.64, 1.79613
hold786, 393.04, 236.64, 1.79613
FILLER_0_83_829, 393.04, 236.64, 1.79613
FILLER_0_83_837, 393.04, 236.64, 1.79613
_08613_, 405.84, 236.64, 1.7961
_08893_, 405.84, 236.64, 1.7961
_14857_, 405.84, 236.64, 1.7961
FILLER_0_83_879, 405.84, 236.64, 1.7961
_08586_, 418.64, 236.64, 1.79608
_08890_, 418.64, 236.64, 1.79608
_14923_, 418.64, 236.64, 1.79608
_14926_, 418.64, 236.64, 1.79608
hold1558, 418.64, 236.64, 1.79608
FILLER_0_83_889, 418.64, 236.64, 1.79608
FILLER_0_83_897, 418.64, 236.64, 1.79608
FILLER_0_83_905, 418.64, 236.64, 1.79608
_09035_, 431.44, 236.64, 1.79607
_09040_, 431.44, 236.64, 1.79607
_13892_, 431.44, 236.64, 1.79607
FILLER_0_82_920, 431.44, 236.64, 1.79607
FILLER_0_82_925, 431.44, 236.64, 1.79607
FILLER_0_83_939, 431.44, 236.64, 1.79607
FILLER_0_84_935, 431.44, 236.64, 1.79607
_13895_, 444.24, 236.64, 1.79606
_13896_, 444.24, 236.64, 1.79606
_16310_, 444.24, 236.64, 1.79606
_16311_, 444.24, 236.64, 1.79606
FILLER_0_82_948, 444.24, 236.64, 1.79606
FILLER_0_84_958, 444.24, 236.64, 1.79606
_13893_, 457.04, 236.64, 1.79606
_13894_, 457.04, 236.64, 1.79606
FILLER_0_82_973, 457.04, 236.64, 1.79606
FILLER_0_83_1002, 469.84, 236.64, 1.79605
PHY_160, 5.52, 231.2, 1.79614
PHY_162, 5.52, 231.2, 1.79614
FILLER_0_81_51, 34.64, 231.2, 1.79615
FILLER_0_82_77, 34.64, 231.2, 1.79615
FILLER_0_81_105, 47.44, 231.2, 1.79615
_08668_, 60.24, 231.2, 1.79616
_08980_, 60.24, 231.2, 1.79616
hold1554, 60.24, 231.2, 1.79616
FILLER_0_81_113, 60.24, 231.2, 1.79616
_08953_, 73.04, 231.2, 1.79616
_08954_, 73.04, 231.2, 1.79616
_14888_, 73.04, 231.2, 1.79616
hold1289, 73.04, 231.2, 1.79616
hold1424, 73.04, 231.2, 1.79616
_08983_, 85.84, 231.2, 1.79618
_11616_, 85.84, 231.2, 1.79618
_14900_, 85.84, 231.2, 1.79618
clkbuf_leaf_15_clk, 85.84, 231.2, 1.79618
FILLER_0_82_175, 85.84, 231.2, 1.79618
FILLER_0_82_187, 85.84, 231.2, 1.79618
_08945_, 98.64, 231.2, 1.79621
_08989_, 98.64, 231.2, 1.79621
_14884_, 98.64, 231.2, 1.79621
_14903_, 98.64, 231.2, 1.79621
hold1459, 98.64, 231.2, 1.79621
_08670_, 111.44, 231.2, 1.79626
_08704_, 111.44, 231.2, 1.79626
_08714_, 111.44, 231.2, 1.79626
_15043_, 111.44, 231.2, 1.79626
hold1212, 111.44, 231.2, 1.79626
hold1563, 111.44, 231.2, 1.79626
FILLER_0_81_218, 111.44, 231.2, 1.79626
FILLER_0_81_225, 111.44, 231.2, 1.79626
_09288_, 124.24, 231.2, 1.79632
_09289_, 124.24, 231.2, 1.79632
hold905, 124.24, 231.2, 1.79632
hold1503, 124.24, 231.2, 1.79632
FILLER_0_80_248, 124.24, 231.2, 1.79632
FILLER_0_80_258, 124.24, 231.2, 1.79632
FILLER_0_81_246, 124.24, 231.2, 1.79632
FILLER_0_81_254, 124.24, 231.2, 1.79632
FILLER_0_81_266, 124.24, 231.2, 1.79632
_08436_, 137.04, 231.2, 1.79638
clkbuf_leaf_25_clk, 137.04, 231.2, 1.79638
FILLER_0_81_277, 137.04, 231.2, 1.79638
FILLER_0_82_297, 137.04, 231.2, 1.79638
hold639, 149.84, 231.2, 1.79645
FILLER_0_80_303, 149.84, 231.2, 1.79645
FILLER_0_80_309, 149.84, 231.2, 1.79645
hold881, 162.64, 231.2, 1.79653
_08164_, 188.24, 231.2, 1.79658
FILLER_0_80_386, 188.24, 231.2, 1.79658
_08020_, 201.04, 231.2, 1.79655
_08021_, 201.04, 231.2, 1.79655
_08217_, 201.04, 231.2, 1.79655
FILLER_0_81_434, 201.04, 231.2, 1.79655
_08017_, 213.84, 231.2, 1.79653
_08113_, 213.84, 231.2, 1.79653
_08270_, 213.84, 231.2, 1.79653
_13725_, 213.84, 231.2, 1.79653
FILLER_0_80_442, 213.84, 231.2, 1.79653
FILLER_0_81_445, 213.84, 231.2, 1.79653
_08018_, 226.64, 231.2, 1.7965
_13654_, 226.64, 231.2, 1.7965
_16187_, 226.64, 231.2, 1.7965
FILLER_0_80_473, 226.64, 231.2, 1.7965
FILLER_0_81_473, 226.64, 231.2, 1.7965
FILLER_0_81_485, 226.64, 231.2, 1.7965
_10213_, 239.44, 231.2, 1.79649
_13655_, 239.44, 231.2, 1.79649
_13784_, 239.44, 231.2, 1.79649
_16246_, 239.44, 231.2, 1.79649
FILLER_0_80_501, 239.44, 231.2, 1.79649
FILLER_0_81_508, 239.44, 231.2, 1.79649
FILLER_0_82_513, 239.44, 231.2, 1.79649
_14332_, 252.24, 231.2, 1.79649
_16315_, 252.24, 231.2, 1.79649
FILLER_0_80_527, 252.24, 231.2, 1.79649
FILLER_0_81_545, 252.24, 231.2, 1.79649
_13903_, 265.04, 231.2, 1.7965
_13904_, 265.04, 231.2, 1.7965
_16245_, 265.04, 231.2, 1.7965
FILLER_0_81_556, 265.04, 231.2, 1.7965
FILLER_0_81_573, 265.04, 231.2, 1.7965
FILLER_0_82_575, 265.04, 231.2, 1.7965
_07508_, 277.84, 231.2, 1.79652
_13781_, 277.84, 231.2, 1.79652
_13782_, 277.84, 231.2, 1.79652
hold1547, 277.84, 231.2, 1.79652
FILLER_0_80_583, 277.84, 231.2, 1.79652
FILLER_0_80_589, 277.84, 231.2, 1.79652
_10864_, 290.64, 231.2, 1.79653
_13582_, 290.64, 231.2, 1.79653
_13598_, 290.64, 231.2, 1.79653
_16165_, 290.64, 231.2, 1.79653
hold1151, 290.64, 231.2, 1.79653
FILLER_0_80_614, 290.64, 231.2, 1.79653
_13586_, 303.44, 231.2, 1.79656
_16161_, 303.44, 231.2, 1.79656
hold802, 303.44, 231.2, 1.79656
FILLER_0_80_645, 303.44, 231.2, 1.79656
FILLER_0_81_642, 303.44, 231.2, 1.79656
FILLER_0_82_658, 303.44, 231.2, 1.79656
_13773_, 316.24, 231.2, 1.79659
_16239_, 316.24, 231.2, 1.79659
hold1112, 316.24, 231.2, 1.79659
FILLER_0_81_668, 316.24, 231.2, 1.79659
FILLER_0_81_682, 316.24, 231.2, 1.79659
FILLER_0_82_680, 316.24, 231.2, 1.79659
_16164_, 341.84, 231.2, 1.79655
FILLER_0_81_723, 341.84, 231.2, 1.79655
FILLER_0_81_729, 341.84, 231.2, 1.79655
FILLER_0_82_740, 341.84, 231.2, 1.79655
_13776_, 354.64, 231.2, 1.79649
_13779_, 354.64, 231.2, 1.79649
_13780_, 354.64, 231.2, 1.79649
_16242_, 354.64, 231.2, 1.79649
_16244_, 354.64, 231.2, 1.79649
hold1559, 354.64, 231.2, 1.79649
hold1575, 354.64, 231.2, 1.79649
FILLER_0_81_748, 354.64, 231.2, 1.79649
_09559_, 367.44, 231.2, 1.79643
_09560_, 367.44, 231.2, 1.79643
_15145_, 367.44, 231.2, 1.79643
FILLER_0_80_779, 367.44, 231.2, 1.79643
FILLER_0_82_787, 367.44, 231.2, 1.79643
_09772_, 380.24, 231.2, 1.79638
_09782_, 380.24, 231.2, 1.79638
_09783_, 380.24, 231.2, 1.79638
_15150_, 380.24, 231.2, 1.79638
hold1469, 380.24, 231.2, 1.79638
FILLER_0_80_805, 380.24, 231.2, 1.79638
_08894_, 393.04, 231.2, 1.79634
_09563_, 393.04, 231.2, 1.79634
_14862_, 393.04, 231.2, 1.79634
hold788, 393.04, 231.2, 1.79634
hold1533, 393.04, 231.2, 1.79634
FILLER_0_81_835, 393.04, 231.2, 1.79634
FILLER_0_81_849, 393.04, 231.2, 1.79634
FILLER_0_82_847, 393.04, 231.2, 1.79634
_08587_, 405.84, 231.2, 1.7963
_13899_, 405.84, 231.2, 1.7963
_13900_, 405.84, 231.2, 1.7963
_14795_, 405.84, 231.2, 1.7963
hold1514, 405.84, 231.2, 1.7963
hold1549, 405.84, 231.2, 1.7963
FILLER_0_81_861, 405.84, 231.2, 1.7963
FILLER_0_82_881, 405.84, 231.2, 1.7963
_08887_, 418.64, 231.2, 1.79626
_09436_, 418.64, 231.2, 1.79626
_14318_, 431.44, 231.2, 1.79623
_14325_, 431.44, 231.2, 1.79623
_16372_, 431.44, 231.2, 1.79623
hold1499, 431.44, 231.2, 1.79623
hold1508, 431.44, 231.2, 1.79623
FILLER_0_81_918, 431.44, 231.2, 1.79623
_13890_, 444.24, 231.2, 1.7962
_16375_, 444.24, 231.2, 1.7962
clkbuf_leaf_150_clk, 444.24, 231.2, 1.7962
hold1237, 444.24, 231.2, 1.7962
FILLER_0_81_947, 444.24, 231.2, 1.7962
FILLER_0_81_953, 444.24, 231.2, 1.7962
FILLER_0_80_973, 457.04, 231.2, 1.7962
FILLER_0_81_1004, 469.84, 231.2, 1.79619
PHY_156, 5.52, 225.76, 1.79626
PHY_158, 5.52, 225.76, 1.79626
output44, 5.52, 225.76, 1.79626
FILLER_0_79_53, 34.64, 225.76, 1.79624
FILLER_0_80_77, 34.64, 225.76, 1.79624
_09112_, 47.44, 225.76, 1.79622
clkbuf_leaf_13_clk, 47.44, 225.76, 1.79622
_08713_, 60.24, 225.76, 1.79622
_08981_, 60.24, 225.76, 1.79622
_09100_, 60.24, 225.76, 1.79622
_11564_, 60.24, 225.76, 1.79622
_11565_, 60.24, 225.76, 1.79622
_14899_, 60.24, 225.76, 1.79622
FILLER_0_80_125, 60.24, 225.76, 1.79622
_08943_, 73.04, 225.76, 1.79624
_11555_, 73.04, 225.76, 1.79624
_14883_, 73.04, 225.76, 1.79624
_15418_, 73.04, 225.76, 1.79624
FILLER_0_78_137, 73.04, 225.76, 1.79624
FILLER_0_78_141, 73.04, 225.76, 1.79624
_08982_, 85.84, 225.76, 1.79627
_09097_, 85.84, 225.76, 1.79627
_15414_, 85.84, 225.76, 1.79627
hold1393, 85.84, 225.76, 1.79627
hold1537, 85.84, 225.76, 1.79627
FILLER_0_79_169, 85.84, 225.76, 1.79627
FILLER_0_79_183, 85.84, 225.76, 1.79627
_08946_, 98.64, 225.76, 1.7963
_09109_, 98.64, 225.76, 1.7963
_11556_, 98.64, 225.76, 1.7963
_11557_, 98.64, 225.76, 1.7963
hold1482, 98.64, 225.76, 1.7963
FILLER_0_79_211, 98.64, 225.76, 1.7963
_08669_, 111.44, 225.76, 1.79634
_08715_, 111.44, 225.76, 1.79634
_14803_, 111.44, 225.76, 1.79634
_14808_, 111.44, 225.76, 1.79634
clkbuf_leaf_16_clk, 111.44, 225.76, 1.79634
FILLER_0_78_219, 111.44, 225.76, 1.79634
_10214_, 124.24, 225.76, 1.79642
_15027_, 124.24, 225.76, 1.79642
_15032_, 124.24, 225.76, 1.79642
_08171_, 137.04, 225.76, 1.7965
_10042_, 137.04, 225.76, 1.7965
FILLER_0_79_277, 137.04, 225.76, 1.7965
_08383_, 149.84, 225.76, 1.79659
_08705_, 149.84, 225.76, 1.79659
_08706_, 149.84, 225.76, 1.79659
_09286_, 149.84, 225.76, 1.79659
_09287_, 149.84, 225.76, 1.79659
_10744_, 149.84, 225.76, 1.79659
_15031_, 149.84, 225.76, 1.79659
_08224_, 162.64, 225.76, 1.79669
_08678_, 162.64, 225.76, 1.79669
_09280_, 162.64, 225.76, 1.79669
FILLER_0_80_345, 162.64, 225.76, 1.79669
_08163_, 188.24, 225.76, 1.79676
_08165_, 188.24, 225.76, 1.79676
_08219_, 188.24, 225.76, 1.79676
_10052_, 188.24, 225.76, 1.79676
FILLER_0_78_388, 188.24, 225.76, 1.79676
FILLER_0_80_399, 188.24, 225.76, 1.79676
_08218_, 201.04, 225.76, 1.79674
_08376_, 201.04, 225.76, 1.79674
_08377_, 201.04, 225.76, 1.79674
_08378_, 201.04, 225.76, 1.79674
_10932_, 201.04, 225.76, 1.79674
FILLER_0_78_421, 201.04, 225.76, 1.79674
_08112_, 213.84, 225.76, 1.79672
_08375_, 213.84, 225.76, 1.79672
FILLER_0_79_444, 213.84, 225.76, 1.79672
FILLER_0_79_464, 213.84, 225.76, 1.79672
FILLER_0_80_465, 213.84, 225.76, 1.79672
_08110_, 226.64, 225.76, 1.7967
_10504_, 226.64, 225.76, 1.7967
_13628_, 239.44, 225.76, 1.79669
_13645_, 239.44, 225.76, 1.79669
_13663_, 239.44, 225.76, 1.79669
_13715_, 239.44, 225.76, 1.79669
FILLER_0_79_499, 239.44, 225.76, 1.79669
FILLER_0_79_505, 239.44, 225.76, 1.79669
_13698_, 252.24, 225.76, 1.79668
_13748_, 252.24, 225.76, 1.79668
_13749_, 252.24, 225.76, 1.79668
hold1305, 252.24, 225.76, 1.79668
hold1442, 252.24, 225.76, 1.79668
FILLER_0_79_527, 252.24, 225.76, 1.79668
_10058_, 265.04, 225.76, 1.79667
_13599_, 265.04, 225.76, 1.79667
FILLER_0_79_573, 265.04, 225.76, 1.79667
FILLER_0_80_569, 265.04, 225.76, 1.79667
FILLER_0_80_577, 265.04, 225.76, 1.79667
_07507_, 277.84, 225.76, 1.79668
_07510_, 277.84, 225.76, 1.79668
_07511_, 277.84, 225.76, 1.79668
_07898_, 277.84, 225.76, 1.79668
_07950_, 277.84, 225.76, 1.79668
_07952_, 277.84, 225.76, 1.79668
_07617_, 290.64, 225.76, 1.79671
_13632_, 290.64, 225.76, 1.79671
_16176_, 290.64, 225.76, 1.79671
FILLER_0_79_609, 290.64, 225.76, 1.79671
FILLER_0_79_617, 290.64, 225.76, 1.79671
_07614_, 303.44, 225.76, 1.79673
_07673_, 303.44, 225.76, 1.79673
_10051_, 303.44, 225.76, 1.79673
_13585_, 303.44, 225.76, 1.79673
FILLER_0_78_636, 303.44, 225.76, 1.79673
_07671_, 316.24, 225.76, 1.79678
FILLER_0_79_665, 316.24, 225.76, 1.79678
_07734_, 341.84, 225.76, 1.79675
_13594_, 341.84, 225.76, 1.79675
_13595_, 341.84, 225.76, 1.79675
FILLER_0_78_725, 341.84, 225.76, 1.79675
FILLER_0_79_720, 341.84, 225.76, 1.79675
FILLER_0_80_732, 341.84, 225.76, 1.79675
_13740_, 354.64, 225.76, 1.79668
hold1077, 354.64, 225.76, 1.79668
FILLER_0_78_748, 354.64, 225.76, 1.79668
FILLER_0_79_759, 354.64, 225.76, 1.79668
FILLER_0_79_767, 354.64, 225.76, 1.79668
_10161_, 367.44, 225.76, 1.7966
_10163_, 367.44, 225.76, 1.7966
_15243_, 367.44, 225.76, 1.7966
FILLER_0_78_775, 367.44, 225.76, 1.7966
FILLER_0_79_778, 367.44, 225.76, 1.7966
FILLER_0_79_785, 367.44, 225.76, 1.7966
_09564_, 380.24, 225.76, 1.79654
_15248_, 380.24, 225.76, 1.79654
FILLER_0_78_804, 380.24, 225.76, 1.79654
FILLER_0_79_825, 380.24, 225.76, 1.79654
_09776_, 393.04, 225.76, 1.79648
_14328_, 393.04, 225.76, 1.79648
_15147_, 393.04, 225.76, 1.79648
hold1560, 393.04, 225.76, 1.79648
FILLER_0_79_841, 393.04, 225.76, 1.79648
_08888_, 405.84, 225.76, 1.79642
_14329_, 405.84, 225.76, 1.79642
_14859_, 405.84, 225.76, 1.79642
_16313_, 405.84, 225.76, 1.79642
_16377_, 405.84, 225.76, 1.79642
FILLER_0_78_864, 405.84, 225.76, 1.79642
FILLER_0_80_877, 405.84, 225.76, 1.79642
_13576_, 418.64, 225.76, 1.79638
_16374_, 418.64, 225.76, 1.79638
clkbuf_leaf_148_clk, 418.64, 225.76, 1.79638
FILLER_0_79_889, 418.64, 225.76, 1.79638
FILLER_0_80_899, 418.64, 225.76, 1.79638
_14319_, 431.44, 225.76, 1.79636
_14322_, 431.44, 225.76, 1.79636
_14324_, 431.44, 225.76, 1.79636
FILLER_0_78_914, 431.44, 225.76, 1.79636
FILLER_0_79_929, 431.44, 225.76, 1.79636
_09444_, 444.24, 225.76, 1.79634
_13581_, 444.24, 225.76, 1.79634
_13889_, 444.24, 225.76, 1.79634
_16308_, 444.24, 225.76, 1.79634
hold1542, 444.24, 225.76, 1.79634
FILLER_0_79_947, 444.24, 225.76, 1.79634
FILLER_0_79_953, 444.24, 225.76, 1.79634
FILLER_0_78_970, 457.04, 225.76, 1.79634
FILLER_0_79_999, 469.84, 225.76, 1.79634
PHY_152, 5.52, 220.32, 1.79645
PHY_154, 5.52, 220.32, 1.79645
FILLER_0_77_51, 34.64, 220.32, 1.79648
FILLER_0_78_77, 34.64, 220.32, 1.79648
FILLER_0_76_85, 47.44, 220.32, 1.79652
FILLER_0_77_105, 47.44, 220.32, 1.79652
_08677_, 60.24, 220.32, 1.79655
_09472_, 60.24, 220.32, 1.79655
_16432_, 60.24, 220.32, 1.79655
FILLER_0_77_113, 60.24, 220.32, 1.79655
FILLER_0_78_129, 60.24, 220.32, 1.79655
_11554_, 73.04, 220.32, 1.7966
_15413_, 73.04, 220.32, 1.7966
FILLER_0_76_134, 73.04, 220.32, 1.7966
FILLER_0_77_147, 73.04, 220.32, 1.7966
_08944_, 85.84, 220.32, 1.79665
FILLER_0_78_178, 85.84, 220.32, 1.79665
FILLER_0_78_186, 85.84, 220.32, 1.79665
_09481_, 98.64, 220.32, 1.79669
FILLER_0_76_189, 98.64, 220.32, 1.79669
FILLER_0_78_209, 98.64, 220.32, 1.79669
_09278_, 111.44, 220.32, 1.79675
hold1342, 111.44, 220.32, 1.79675
FILLER_0_77_217, 111.44, 220.32, 1.79675
FILLER_0_77_237, 111.44, 220.32, 1.79675
FILLER_0_78_240, 111.44, 220.32, 1.79675
_09279_, 124.24, 220.32, 1.7968
hold996, 124.24, 220.32, 1.7968
FILLER_0_76_246, 124.24, 220.32, 1.7968
FILLER_0_77_253, 124.24, 220.32, 1.7968
FILLER_0_78_269, 124.24, 220.32, 1.7968
_09793_, 137.04, 220.32, 1.79685
hold594, 137.04, 220.32, 1.79685
FILLER_0_77_293, 137.04, 220.32, 1.79685
FILLER_0_78_298, 137.04, 220.32, 1.79685
_14807_, 149.84, 220.32, 1.79691
_15028_, 149.84, 220.32, 1.79691
hold556, 149.84, 220.32, 1.79691
FILLER_0_76_303, 149.84, 220.32, 1.79691
FILLER_0_77_319, 149.84, 220.32, 1.79691
_09281_, 162.64, 220.32, 1.79697
_10928_, 162.64, 220.32, 1.79697
_14804_, 162.64, 220.32, 1.79697
FILLER_0_77_330, 162.64, 220.32, 1.79697
FILLER_0_77_340, 162.64, 220.32, 1.79697
_08429_, 188.24, 220.32, 1.797
_08216_, 201.04, 220.32, 1.79696
_10748_, 201.04, 220.32, 1.79696
_13722_, 201.04, 220.32, 1.79696
ANTENNA_62, 201.04, 220.32, 1.79696
FILLER_0_77_414, 201.04, 220.32, 1.79696
_08111_, 213.84, 220.32, 1.79692
_13754_, 213.84, 220.32, 1.79692
_16232_, 213.84, 220.32, 1.79692
FILLER_0_77_442, 213.84, 220.32, 1.79692
FILLER_0_77_449, 213.84, 220.32, 1.79692
FILLER_0_77_457, 213.84, 220.32, 1.79692
_13648_, 226.64, 220.32, 1.79689
_13718_, 226.64, 220.32, 1.79689
_13753_, 226.64, 220.32, 1.79689
hold887, 226.64, 220.32, 1.79689
hold975, 226.64, 220.32, 1.79689
hold1225, 226.64, 220.32, 1.79689
FILLER_0_77_486, 226.64, 220.32, 1.79689
FILLER_0_78_486, 226.64, 220.32, 1.79689
_13680_, 239.44, 220.32, 1.79686
_13733_, 239.44, 220.32, 1.79686
_13750_, 239.44, 220.32, 1.79686
_16200_, 239.44, 220.32, 1.79686
_16214_, 239.44, 220.32, 1.79686
hold1223, 239.44, 220.32, 1.79686
FILLER_0_77_501, 239.44, 220.32, 1.79686
_10367_, 252.24, 220.32, 1.79684
_13714_, 252.24, 220.32, 1.79684
clkbuf_leaf_181_clk, 252.24, 220.32, 1.79684
FILLER_0_76_523, 252.24, 220.32, 1.79684
FILLER_0_76_533, 252.24, 220.32, 1.79684
FILLER_0_78_542, 252.24, 220.32, 1.79684
_07949_, 265.04, 220.32, 1.79684
_13644_, 265.04, 220.32, 1.79684
_16182_, 265.04, 220.32, 1.79684
_16198_, 265.04, 220.32, 1.79684
hold1068, 265.04, 220.32, 1.79684
FILLER_0_77_577, 265.04, 220.32, 1.79684
FILLER_0_78_575, 265.04, 220.32, 1.79684
_07896_, 277.84, 220.32, 1.79686
_07897_, 277.84, 220.32, 1.79686
_07951_, 277.84, 220.32, 1.79686
_11001_, 277.84, 220.32, 1.79686
FILLER_0_76_580, 277.84, 220.32, 1.79686
FILLER_0_76_589, 277.84, 220.32, 1.79686
_07616_, 290.64, 220.32, 1.79688
_13631_, 290.64, 220.32, 1.79688
clkbuf_leaf_138_clk, 290.64, 220.32, 1.79688
FILLER_0_76_619, 290.64, 220.32, 1.79688
FILLER_0_77_611, 290.64, 220.32, 1.79688
_07615_, 303.44, 220.32, 1.79692
_10557_, 303.44, 220.32, 1.79692
_16177_, 303.44, 220.32, 1.79692
FILLER_0_76_638, 303.44, 220.32, 1.79692
_07670_, 316.24, 220.32, 1.79697
_07672_, 316.24, 220.32, 1.79697
_10558_, 316.24, 220.32, 1.79697
hold765, 316.24, 220.32, 1.79697
ANTENNA_117, 316.24, 220.32, 1.79697
FILLER_0_76_673, 316.24, 220.32, 1.79697
FILLER_0_78_689, 316.24, 220.32, 1.79697
_07514_, 341.84, 220.32, 1.79694
_07515_, 341.84, 220.32, 1.79694
_07732_, 341.84, 220.32, 1.79694
_07733_, 341.84, 220.32, 1.79694
_07841_, 341.84, 220.32, 1.79694
_07842_, 341.84, 220.32, 1.79694
_10618_, 341.84, 220.32, 1.79694
FILLER_0_77_741, 341.84, 220.32, 1.79694
_07839_, 354.64, 220.32, 1.79686
_13705_, 354.64, 220.32, 1.79686
clkbuf_leaf_141_clk, 354.64, 220.32, 1.79686
FILLER_0_77_755, 354.64, 220.32, 1.79686
_07509_, 367.44, 220.32, 1.79681
_07731_, 367.44, 220.32, 1.79681
_13635_, 367.44, 220.32, 1.79681
hold873, 367.44, 220.32, 1.79681
FILLER_0_77_779, 367.44, 220.32, 1.79681
FILLER_0_77_785, 367.44, 220.32, 1.79681
FILLER_0_77_797, 367.44, 220.32, 1.79681
_09777_, 380.24, 220.32, 1.79675
_13670_, 380.24, 220.32, 1.79675
hold1253, 380.24, 220.32, 1.79675
_15245_, 393.04, 220.32, 1.79669
FILLER_0_77_834, 393.04, 220.32, 1.79669
FILLER_0_76_858, 405.84, 220.32, 1.79664
_13587_, 418.64, 220.32, 1.79659
_14323_, 418.64, 220.32, 1.79659
_16277_, 418.64, 220.32, 1.79659
FILLER_0_77_889, 418.64, 220.32, 1.79659
clkbuf_leaf_149_clk, 431.44, 220.32, 1.79654
FILLER_0_76_918, 431.44, 220.32, 1.79654
FILLER_0_77_921, 431.44, 220.32, 1.79654
FILLER_0_78_937, 431.44, 220.32, 1.79654
_13874_, 444.24, 220.32, 1.79652
_16297_, 444.24, 220.32, 1.79652
hold474, 444.24, 220.32, 1.79652
FILLER_0_77_953, 444.24, 220.32, 1.79652
FILLER_0_76_969, 457.04, 220.32, 1.79651
FILLER_0_76_977, 457.04, 220.32, 1.79651
FILLER_0_77_1001, 469.84, 220.32, 1.7965
FILLER_0_77_1021, 469.84, 220.32, 1.7965
PHY_148, 5.52, 214.88, 1.79658
PHY_150, 5.52, 214.88, 1.79658
FILLER_0_75_51, 34.64, 214.88, 1.79661
FILLER_0_76_77, 34.64, 214.88, 1.79661
_14370_, 47.44, 214.88, 1.79664
_16400_, 47.44, 214.88, 1.79664
_16401_, 47.44, 214.88, 1.79664
hold12, 47.44, 214.88, 1.79664
hold26, 47.44, 214.88, 1.79664
FILLER_0_75_81, 47.44, 214.88, 1.79664
_14413_, 60.24, 214.88, 1.79668
_14414_, 60.24, 214.88, 1.79668
_16433_, 60.24, 214.88, 1.79668
hold23, 60.24, 214.88, 1.79668
_15846_, 73.04, 214.88, 1.79672
_15847_, 73.04, 214.88, 1.79672
hold30, 73.04, 214.88, 1.79672
_11520_, 85.84, 214.88, 1.79677
_12258_, 85.84, 214.88, 1.79677
_15734_, 85.84, 214.88, 1.79677
FILLER_0_75_161, 85.84, 214.88, 1.79677
FILLER_0_75_169, 85.84, 214.88, 1.79677
FILLER_0_75_182, 85.84, 214.88, 1.79677
_11200_, 98.64, 214.88, 1.79682
_12074_, 98.64, 214.88, 1.79682
_15622_, 98.64, 214.88, 1.79682
hold5, 98.64, 214.88, 1.79682
FILLER_0_76_209, 98.64, 214.88, 1.79682
_12075_, 111.44, 214.88, 1.79688
_15623_, 111.44, 214.88, 1.79688
hold24, 111.44, 214.88, 1.79688
FILLER_0_74_228, 111.44, 214.88, 1.79688
FILLER_0_75_219, 111.44, 214.88, 1.79688
_09794_, 124.24, 214.88, 1.79694
_11525_, 124.24, 214.88, 1.79694
_12263_, 124.24, 214.88, 1.79694
_15253_, 124.24, 214.88, 1.79694
_15258_, 124.24, 214.88, 1.79694
FILLER_0_75_255, 124.24, 214.88, 1.79694
FILLER_0_76_265, 124.24, 214.88, 1.79694
_09590_, 137.04, 214.88, 1.79701
_15160_, 137.04, 214.88, 1.79701
hold1310, 137.04, 214.88, 1.79701
hold1567, 137.04, 214.88, 1.79701
_13801_, 149.84, 214.88, 1.79708
_16254_, 149.84, 214.88, 1.79708
_08679_, 162.64, 214.88, 1.79716
_09796_, 162.64, 214.88, 1.79716
hold1185, 162.64, 214.88, 1.79716
FILLER_0_74_328, 162.64, 214.88, 1.79716
FILLER_0_75_333, 162.64, 214.88, 1.79716
_13723_, 188.24, 214.88, 1.79718
_16218_, 188.24, 214.88, 1.79718
_16233_, 188.24, 214.88, 1.79718
FILLER_0_75_385, 188.24, 214.88, 1.79718
FILLER_0_75_405, 188.24, 214.88, 1.79718
_13763_, 201.04, 214.88, 1.79714
_13764_, 201.04, 214.88, 1.79714
clkbuf_leaf_27_clk, 201.04, 214.88, 1.79714
hold585, 201.04, 214.88, 1.79714
FILLER_0_74_421, 201.04, 214.88, 1.79714
_13658_, 213.84, 214.88, 1.79711
_13694_, 213.84, 214.88, 1.79711
_16216_, 213.84, 214.88, 1.79711
hold820, 213.84, 214.88, 1.79711
FILLER_0_74_443, 213.84, 214.88, 1.79711
FILLER_0_75_443, 213.84, 214.88, 1.79711
FILLER_0_75_457, 213.84, 214.88, 1.79711
FILLER_0_76_462, 213.84, 214.88, 1.79711
_13649_, 226.64, 214.88, 1.79709
_13683_, 226.64, 214.88, 1.79709
_13719_, 226.64, 214.88, 1.79709
_16184_, 226.64, 214.88, 1.79709
FILLER_0_74_472, 226.64, 214.88, 1.79709
FILLER_0_75_481, 226.64, 214.88, 1.79709
FILLER_0_75_489, 226.64, 214.88, 1.79709
_13684_, 239.44, 214.88, 1.79708
clkbuf_leaf_182_clk, 239.44, 214.88, 1.79708
_08559_, 252.24, 214.88, 1.79708
_13643_, 252.24, 214.88, 1.79708
_13713_, 252.24, 214.88, 1.79708
_16230_, 252.24, 214.88, 1.79708
FILLER_0_74_523, 252.24, 214.88, 1.79708
FILLER_0_75_525, 252.24, 214.88, 1.79708
FILLER_0_75_542, 252.24, 214.88, 1.79708
_13678_, 265.04, 214.88, 1.7971
_13679_, 265.04, 214.88, 1.7971
hold904, 265.04, 214.88, 1.7971
_07899_, 277.84, 214.88, 1.79712
_13711_, 277.84, 214.88, 1.79712
hold734, 277.84, 214.88, 1.79712
FILLER_0_74_580, 277.84, 214.88, 1.79712
FILLER_0_75_582, 277.84, 214.88, 1.79712
_10865_, 290.64, 214.88, 1.79714
_13701_, 290.64, 214.88, 1.79714
_16208_, 290.64, 214.88, 1.79714
hold825, 290.64, 214.88, 1.79714
FILLER_0_74_615, 290.64, 214.88, 1.79714
FILLER_0_75_611, 290.64, 214.88, 1.79714
_13633_, 303.44, 214.88, 1.79717
_13634_, 303.44, 214.88, 1.79717
_13704_, 303.44, 214.88, 1.79717
hold828, 303.44, 214.88, 1.79717
hold1280, 303.44, 214.88, 1.79717
FILLER_0_74_639, 303.44, 214.88, 1.79717
FILLER_0_75_655, 303.44, 214.88, 1.79717
_16209_, 316.24, 214.88, 1.79719
_16211_, 316.24, 214.88, 1.79719
clkbuf_leaf_139_clk, 316.24, 214.88, 1.79719
FILLER_0_75_663, 316.24, 214.88, 1.79719
_07512_, 341.84, 214.88, 1.79716
_07840_, 341.84, 214.88, 1.79716
_09910_, 341.84, 214.88, 1.79716
FILLER_0_75_721, 341.84, 214.88, 1.79716
_13741_, 354.64, 214.88, 1.79707
_16210_, 354.64, 214.88, 1.79707
_16226_, 354.64, 214.88, 1.79707
FILLER_0_74_757, 354.64, 214.88, 1.79707
_10617_, 367.44, 214.88, 1.79699
_13636_, 367.44, 214.88, 1.79699
_13665_, 367.44, 214.88, 1.79699
_16178_, 367.44, 214.88, 1.79699
hold940, 367.44, 214.88, 1.79699
hold1416, 367.44, 214.88, 1.79699
FILLER_0_75_781, 367.44, 214.88, 1.79699
FILLER_0_75_797, 367.44, 214.88, 1.79699
FILLER_0_76_787, 367.44, 214.88, 1.79699
_13671_, 380.24, 214.88, 1.79692
clkbuf_leaf_146_clk, 380.24, 214.88, 1.79692
FILLER_0_74_813, 380.24, 214.88, 1.79692
FILLER_0_75_821, 380.24, 214.88, 1.79692
_07380_, 393.04, 214.88, 1.79687
_13584_, 393.04, 214.88, 1.79687
_13593_, 393.04, 214.88, 1.79687
FILLER_0_75_829, 393.04, 214.88, 1.79687
FILLER_0_76_848, 393.04, 214.88, 1.79687
_07401_, 405.84, 214.88, 1.79682
_07403_, 405.84, 214.88, 1.79682
_07407_, 405.84, 214.88, 1.79682
FILLER_0_74_861, 405.84, 214.88, 1.79682
_07405_, 418.64, 214.88, 1.79678
_13847_, 418.64, 214.88, 1.79678
_16280_, 418.64, 214.88, 1.79678
hold425, 418.64, 214.88, 1.79678
FILLER_0_75_889, 418.64, 214.88, 1.79678
_13849_, 431.44, 214.88, 1.79674
_15311_, 431.44, 214.88, 1.79674
FILLER_0_74_919, 431.44, 214.88, 1.79674
FILLER_0_74_925, 431.44, 214.88, 1.79674
FILLER_0_76_937, 431.44, 214.88, 1.79674
_16294_, 444.24, 214.88, 1.79671
hold476, 444.24, 214.88, 1.79671
hold555, 444.24, 214.88, 1.79671
FILLER_0_74_952, 444.24, 214.88, 1.79671
_09666_, 457.04, 214.88, 1.79668
_09667_, 457.04, 214.88, 1.79668
_15194_, 457.04, 214.88, 1.79668
hold731, 457.04, 214.88, 1.79668
FILLER_0_74_973, 457.04, 214.88, 1.79668
FILLER_0_75_977, 457.04, 214.88, 1.79668
_09673_, 469.84, 214.88, 1.79665
_15197_, 469.84, 214.88, 1.79665
FILLER_0_75_999, 469.84, 214.88, 1.79665
PHY_144, 5.52, 209.44, 1.79673
PHY_146, 5.52, 209.44, 1.79673
FILLER_0_73_51, 34.64, 209.44, 1.79677
FILLER_0_73_69, 34.64, 209.44, 1.79677
FILLER_0_74_77, 34.64, 209.44, 1.79677
_14369_, 47.44, 209.44, 1.79681
_16416_, 47.44, 209.44, 1.79681
_16417_, 47.44, 209.44, 1.79681
hold39, 47.44, 209.44, 1.79681
hold43, 47.44, 209.44, 1.79681
_09484_, 60.24, 209.44, 1.79685
_11199_, 60.24, 209.44, 1.79685
_11208_, 60.24, 209.44, 1.79685
_14391_, 60.24, 209.44, 1.79685
_12713_, 73.04, 209.44, 1.79691
_12714_, 73.04, 209.44, 1.79691
hold16, 73.04, 209.44, 1.79691
FILLER_0_73_158, 73.04, 209.44, 1.79691
FILLER_0_74_157, 73.04, 209.44, 1.79691
_12264_, 85.84, 209.44, 1.79696
_15735_, 85.84, 209.44, 1.79696
_16368_, 85.84, 209.44, 1.79696
hold53, 85.84, 209.44, 1.79696
FILLER_0_72_174, 85.84, 209.44, 1.79696
FILLER_0_74_187, 85.84, 209.44, 1.79696
_14312_, 98.64, 209.44, 1.79703
_14313_, 98.64, 209.44, 1.79703
_16369_, 98.64, 209.44, 1.79703
_11209_, 111.44, 209.44, 1.79709
_11210_, 111.44, 209.44, 1.79709
FILLER_0_73_217, 111.44, 209.44, 1.79709
FILLER_0_74_244, 111.44, 209.44, 1.79709
_09803_, 124.24, 209.44, 1.79716
_09804_, 124.24, 209.44, 1.79716
_15718_, 124.24, 209.44, 1.79716
hold84, 124.24, 209.44, 1.79716
FILLER_0_73_262, 124.24, 209.44, 1.79716
_09520_, 137.04, 209.44, 1.79723
_09521_, 137.04, 209.44, 1.79723
_09591_, 137.04, 209.44, 1.79723
_13800_, 137.04, 209.44, 1.79723
hold931, 137.04, 209.44, 1.79723
FILLER_0_72_280, 137.04, 209.44, 1.79723
FILLER_0_73_284, 137.04, 209.44, 1.79723
FILLER_0_73_297, 137.04, 209.44, 1.79723
_09802_, 149.84, 209.44, 1.79731
_13790_, 149.84, 209.44, 1.79731
_13791_, 149.84, 209.44, 1.79731
_15257_, 149.84, 209.44, 1.79731
_16249_, 149.84, 209.44, 1.79731
FILLER_0_72_304, 149.84, 209.44, 1.79731
_13792_, 162.64, 209.44, 1.79739
_13793_, 162.64, 209.44, 1.79739
_15254_, 162.64, 209.44, 1.79739
_16250_, 162.64, 209.44, 1.79739
hold1555, 162.64, 209.44, 1.79739
FILLER_0_72_333, 162.64, 209.44, 1.79739
_13755_, 188.24, 209.44, 1.79743
_13757_, 188.24, 209.44, 1.79743
_16217_, 188.24, 209.44, 1.79743
_16234_, 188.24, 209.44, 1.79743
hold1115, 188.24, 209.44, 1.79743
_16221_, 201.04, 209.44, 1.79739
_16237_, 201.04, 209.44, 1.79739
hold1022, 201.04, 209.44, 1.79739
FILLER_0_72_412, 201.04, 209.44, 1.79739
FILLER_0_73_420, 201.04, 209.44, 1.79739
_13621_, 213.84, 209.44, 1.79736
_13659_, 213.84, 209.44, 1.79736
_13693_, 213.84, 209.44, 1.79736
_16189_, 213.84, 209.44, 1.79736
_16205_, 213.84, 209.44, 1.79736
hold565, 213.84, 209.44, 1.79736
FILLER_0_72_442, 213.84, 209.44, 1.79736
_10971_, 226.64, 209.44, 1.79734
_13606_, 226.64, 209.44, 1.79734
hold1382, 226.64, 209.44, 1.79734
ANTENNA_43, 226.64, 209.44, 1.79734
ANTENNA_74, 226.64, 209.44, 1.79734
FILLER_0_73_489, 226.64, 209.44, 1.79734
_10478_, 239.44, 209.44, 1.79733
_10543_, 239.44, 209.44, 1.79733
_10970_, 239.44, 209.44, 1.79733
FILLER_0_72_499, 239.44, 209.44, 1.79733
FILLER_0_73_517, 239.44, 209.44, 1.79733
_08520_, 252.24, 209.44, 1.79734
_08525_, 252.24, 209.44, 1.79734
_08558_, 252.24, 209.44, 1.79734
_08774_, 252.24, 209.44, 1.79734
_08732_, 265.04, 209.44, 1.79735
_13712_, 265.04, 209.44, 1.79735
_16213_, 265.04, 209.44, 1.79735
FILLER_0_73_552, 265.04, 209.44, 1.79735
FILLER_0_73_561, 265.04, 209.44, 1.79735
FILLER_0_73_569, 265.04, 209.44, 1.79735
FILLER_0_74_567, 265.04, 209.44, 1.79735
_13641_, 277.84, 209.44, 1.79737
_13677_, 277.84, 209.44, 1.79737
_13746_, 277.84, 209.44, 1.79737
_13747_, 277.84, 209.44, 1.79737
_16181_, 277.84, 209.44, 1.79737
_13596_, 290.64, 209.44, 1.79739
_13642_, 290.64, 209.44, 1.79739
_13666_, 290.64, 209.44, 1.79739
_13702_, 290.64, 209.44, 1.79739
_16192_, 290.64, 209.44, 1.79739
hold1180, 290.64, 209.44, 1.79739
FILLER_0_73_609, 290.64, 209.44, 1.79739
FILLER_0_73_617, 290.64, 209.44, 1.79739
FILLER_0_74_624, 290.64, 209.44, 1.79739
_13667_, 303.44, 209.44, 1.79743
_16193_, 303.44, 209.44, 1.79743
hold1054, 303.44, 209.44, 1.79743
FILLER_0_72_637, 303.44, 209.44, 1.79743
FILLER_0_72_645, 303.44, 209.44, 1.79743
FILLER_0_73_643, 303.44, 209.44, 1.79743
_13668_, 316.24, 209.44, 1.79746
_13703_, 316.24, 209.44, 1.79746
_16225_, 316.24, 209.44, 1.79746
hold891, 316.24, 209.44, 1.79746
FILLER_0_73_682, 316.24, 209.44, 1.79746
_13673_, 341.84, 209.44, 1.79742
_13699_, 341.84, 209.44, 1.79742
_13710_, 341.84, 209.44, 1.79742
hold1013, 341.84, 209.44, 1.79742
hold1383, 341.84, 209.44, 1.79742
FILLER_0_72_731, 341.84, 209.44, 1.79742
FILLER_0_73_719, 341.84, 209.44, 1.79742
_13706_, 354.64, 209.44, 1.79734
hold693, 354.64, 209.44, 1.79734
hold1141, 354.64, 209.44, 1.79734
FILLER_0_72_753, 354.64, 209.44, 1.79734
FILLER_0_73_758, 354.64, 209.44, 1.79734
_13629_, 367.44, 209.44, 1.79726
_13630_, 367.44, 209.44, 1.79726
_16175_, 367.44, 209.44, 1.79726
_16194_, 367.44, 209.44, 1.79726
FILLER_0_72_777, 367.44, 209.44, 1.79726
FILLER_0_73_774, 367.44, 209.44, 1.79726
_07393_, 380.24, 209.44, 1.79719
_12875_, 380.24, 209.44, 1.79719
_13590_, 380.24, 209.44, 1.79719
_13664_, 380.24, 209.44, 1.79719
_16191_, 380.24, 209.44, 1.79719
hold1422, 380.24, 209.44, 1.79719
FILLER_0_74_820, 380.24, 209.44, 1.79719
_07395_, 393.04, 209.44, 1.79713
_12772_, 405.84, 209.44, 1.79707
ANTENNA_3, 405.84, 209.44, 1.79707
FILLER_0_72_863, 405.84, 209.44, 1.79707
FILLER_0_72_869, 405.84, 209.44, 1.79707
_16279_, 418.64, 209.44, 1.79701
hold375, 418.64, 209.44, 1.79701
hold1583, 418.64, 209.44, 1.79701
FILLER_0_72_898, 418.64, 209.44, 1.79701
_11356_, 431.44, 209.44, 1.79695
_15309_, 431.44, 209.44, 1.79695
_15312_, 431.44, 209.44, 1.79695
hold395, 431.44, 209.44, 1.79695
FILLER_0_72_915, 431.44, 209.44, 1.79695
FILLER_0_73_921, 431.44, 209.44, 1.79695
_11360_, 444.24, 209.44, 1.7969
_13871_, 444.24, 209.44, 1.7969
_16293_, 444.24, 209.44, 1.7969
_16296_, 444.24, 209.44, 1.7969
hold464, 444.24, 209.44, 1.7969
FILLER_0_73_953, 444.24, 209.44, 1.7969
_09668_, 457.04, 209.44, 1.79686
_09672_, 457.04, 209.44, 1.79686
_09674_, 457.04, 209.44, 1.79686
hold1230, 457.04, 209.44, 1.79686
FILLER_0_72_970, 457.04, 209.44, 1.79686
FILLER_0_72_981, 457.04, 209.44, 1.79686
FILLER_0_73_995, 457.04, 209.44, 1.79686
_09675_, 469.84, 209.44, 1.79682
_15198_, 469.84, 209.44, 1.79682
FILLER_0_73_1003, 469.84, 209.44, 1.79682
PHY_140, 5.52, 204, 1.79685
PHY_142, 5.52, 204, 1.79685
output66, 5.52, 204, 1.79685
FILLER_0_71_53, 34.64, 204, 1.79688
FILLER_0_72_77, 34.64, 204, 1.79688
_14368_, 47.44, 204, 1.79691
_14390_, 47.44, 204, 1.79691
_14392_, 47.44, 204, 1.79691
_14393_, 47.44, 204, 1.79691
hold41, 47.44, 204, 1.79691
FILLER_0_71_81, 47.44, 204, 1.79691
FILLER_0_71_105, 47.44, 204, 1.79691
_09469_, 60.24, 204, 1.79695
_14412_, 60.24, 204, 1.79695
_14415_, 60.24, 204, 1.79695
hold6, 60.24, 204, 1.79695
FILLER_0_71_129, 60.24, 204, 1.79695
_12712_, 73.04, 204, 1.79698
_12715_, 73.04, 204, 1.79698
_15848_, 73.04, 204, 1.79698
clkbuf_leaf_14_clk, 73.04, 204, 1.79698
hold22, 73.04, 204, 1.79698
FILLER_0_72_148, 73.04, 204, 1.79698
_12261_, 85.84, 204, 1.79704
_12262_, 85.84, 204, 1.79704
_14311_, 85.84, 204, 1.79704
_15736_, 85.84, 204, 1.79704
hold38, 85.84, 204, 1.79704
FILLER_0_71_181, 85.84, 204, 1.79704
FILLER_0_72_186, 85.84, 204, 1.79704
_11201_, 98.64, 204, 1.7971
clkbuf_leaf_18_clk, 98.64, 204, 1.7971
hold7, 98.64, 204, 1.7971
hold15, 98.64, 204, 1.7971
hold31, 98.64, 204, 1.7971
FILLER_0_72_212, 98.64, 204, 1.7971
_11218_, 111.44, 204, 1.79718
_12073_, 111.44, 204, 1.79718
_15719_, 111.44, 204, 1.79718
hold20, 111.44, 204, 1.79718
FILLER_0_71_218, 111.44, 204, 1.79718
_12225_, 124.24, 204, 1.79727
_12226_, 124.24, 204, 1.79727
_12227_, 124.24, 204, 1.79727
_15128_, 137.04, 204, 1.79736
_15155_, 137.04, 204, 1.79736
clkbuf_leaf_24_clk, 137.04, 204, 1.79736
FILLER_0_71_293, 137.04, 204, 1.79736
_09801_, 149.84, 204, 1.79748
hold1562, 149.84, 204, 1.79748
FILLER_0_70_305, 149.84, 204, 1.79748
FILLER_0_71_325, 149.84, 204, 1.79748
FILLER_0_72_318, 149.84, 204, 1.79748
_09795_, 162.64, 204, 1.7976
hold1263, 162.64, 204, 1.7976
FILLER_0_71_333, 162.64, 204, 1.7976
FILLER_0_71_337, 162.64, 204, 1.7976
_13686_, 188.24, 204, 1.7977
_13758_, 188.24, 204, 1.7977
hold1142, 188.24, 204, 1.7977
hold1327, 188.24, 204, 1.7977
hold1477, 188.24, 204, 1.7977
FILLER_0_71_408, 188.24, 204, 1.7977
_13612_, 201.04, 204, 1.79767
_13687_, 201.04, 204, 1.79767
_13688_, 201.04, 204, 1.79767
_13728_, 201.04, 204, 1.79767
_13729_, 201.04, 204, 1.79767
FILLER_0_71_432, 201.04, 204, 1.79767
_10258_, 213.84, 204, 1.79766
hold716, 213.84, 204, 1.79766
FILLER_0_70_446, 213.84, 204, 1.79766
_10787_, 226.64, 204, 1.79764
_12731_, 226.64, 204, 1.79764
_12733_, 226.64, 204, 1.79764
_12737_, 226.64, 204, 1.79764
FILLER_0_71_485, 226.64, 204, 1.79764
FILLER_0_71_493, 226.64, 204, 1.79764
_08523_, 239.44, 204, 1.79763
_08524_, 239.44, 204, 1.79763
_10542_, 239.44, 204, 1.79763
_10786_, 239.44, 204, 1.79763
FILLER_0_70_507, 239.44, 204, 1.79763
FILLER_0_72_521, 239.44, 204, 1.79763
_08519_, 252.24, 204, 1.79762
FILLER_0_70_527, 252.24, 204, 1.79762
FILLER_0_71_527, 252.24, 204, 1.79762
_08560_, 265.04, 204, 1.79762
_08724_, 265.04, 204, 1.79762
FILLER_0_71_553, 265.04, 204, 1.79762
_13676_, 277.84, 204, 1.79763
_16197_, 277.84, 204, 1.79763
_16229_, 277.84, 204, 1.79763
hold1104, 277.84, 204, 1.79763
_09986_, 290.64, 204, 1.79765
_13736_, 290.64, 204, 1.79765
_13737_, 290.64, 204, 1.79765
_16224_, 290.64, 204, 1.79765
FILLER_0_71_608, 290.64, 204, 1.79765
FILLER_0_71_621, 290.64, 204, 1.79765
_10606_, 303.44, 204, 1.79768
_13669_, 303.44, 204, 1.79768
_13739_, 303.44, 204, 1.79768
hold1090, 303.44, 204, 1.79768
FILLER_0_70_641, 303.44, 204, 1.79768
FILLER_0_72_654, 303.44, 204, 1.79768
_13738_, 316.24, 204, 1.79771
_16227_, 316.24, 204, 1.79771
hold1094, 316.24, 204, 1.79771
FILLER_0_71_668, 316.24, 204, 1.79771
FILLER_0_72_678, 316.24, 204, 1.79771
_13700_, 341.84, 204, 1.79766
_13709_, 341.84, 204, 1.79766
_13734_, 341.84, 204, 1.79766
_16212_, 341.84, 204, 1.79766
FILLER_0_71_724, 341.84, 204, 1.79766
FILLER_0_71_738, 341.84, 204, 1.79766
_13639_, 354.64, 204, 1.79758
_13640_, 354.64, 204, 1.79758
_13674_, 354.64, 204, 1.79758
_13744_, 354.64, 204, 1.79758
_13745_, 354.64, 204, 1.79758
_16180_, 354.64, 204, 1.79758
_16196_, 354.64, 204, 1.79758
_13675_, 367.44, 204, 1.7975
hold1251, 367.44, 204, 1.7975
FILLER_0_70_785, 367.44, 204, 1.7975
FILLER_0_72_791, 367.44, 204, 1.7975
_12759_, 380.24, 204, 1.79743
hold1584, 380.24, 204, 1.79743
FILLER_0_70_813, 380.24, 204, 1.79743
FILLER_0_71_812, 380.24, 204, 1.79743
FILLER_0_72_821, 380.24, 204, 1.79743
_09599_, 393.04, 204, 1.79735
_09600_, 393.04, 204, 1.79735
_15163_, 393.04, 204, 1.79735
FILLER_0_71_836, 393.04, 204, 1.79735
FILLER_0_71_841, 393.04, 204, 1.79735
FILLER_0_71_855, 393.04, 204, 1.79735
_12778_, 405.84, 204, 1.79728
_12888_, 405.84, 204, 1.79728
FILLER_0_70_862, 405.84, 204, 1.79728
FILLER_0_70_869, 405.84, 204, 1.79728
_09603_, 418.64, 204, 1.79722
_09604_, 418.64, 204, 1.79722
_09605_, 418.64, 204, 1.79722
_13850_, 418.64, 204, 1.79722
_15165_, 418.64, 204, 1.79722
_15166_, 418.64, 204, 1.79722
hold394, 418.64, 204, 1.79722
_09606_, 431.44, 204, 1.79716
_11362_, 431.44, 204, 1.79716
_13869_, 431.44, 204, 1.79716
FILLER_0_70_917, 431.44, 204, 1.79716
FILLER_0_70_925, 431.44, 204, 1.79716
FILLER_0_71_927, 431.44, 204, 1.79716
FILLER_0_72_939, 431.44, 204, 1.79716
_13870_, 444.24, 204, 1.7971
_13873_, 444.24, 204, 1.7971
_16292_, 444.24, 204, 1.7971
hold483, 444.24, 204, 1.7971
FILLER_0_71_942, 444.24, 204, 1.7971
FILLER_0_72_958, 444.24, 204, 1.7971
_09664_, 457.04, 204, 1.79704
_09665_, 457.04, 204, 1.79704
_09669_, 457.04, 204, 1.79704
_09702_, 457.04, 204, 1.79704
_09706_, 457.04, 204, 1.79704
_09707_, 457.04, 204, 1.79704
_09708_, 457.04, 204, 1.79704
_15193_, 457.04, 204, 1.79704
FILLER_0_70_970, 457.04, 204, 1.79704
FILLER_0_70_981, 457.04, 204, 1.79704
FILLER_0_71_998, 469.84, 204, 1.79699
PHY_136, 5.52, 198.56, 1.79701
PHY_138, 5.52, 198.56, 1.79701
FILLER_0_69_51, 34.64, 198.56, 1.79706
FILLER_0_70_77, 34.64, 198.56, 1.79706
_14371_, 47.44, 198.56, 1.79712
_16402_, 47.44, 198.56, 1.79712
_16418_, 47.44, 198.56, 1.79712
hold34, 47.44, 198.56, 1.79712
hold46, 47.44, 198.56, 1.79712
FILLER_0_69_81, 47.44, 198.56, 1.79712
_11217_, 60.24, 198.56, 1.79718
_14367_, 60.24, 198.56, 1.79718
_14389_, 60.24, 198.56, 1.79718
_14411_, 60.24, 198.56, 1.79718
_16434_, 60.24, 198.56, 1.79718
_12711_, 73.04, 198.56, 1.79724
FILLER_0_68_137, 73.04, 198.56, 1.79724
FILLER_0_69_134, 73.04, 198.56, 1.79724
FILLER_0_69_142, 73.04, 198.56, 1.79724
FILLER_0_70_157, 73.04, 198.56, 1.79724
_12259_, 85.84, 198.56, 1.79731
_12266_, 85.84, 198.56, 1.79731
_16370_, 85.84, 198.56, 1.79731
hold55, 85.84, 198.56, 1.79731
FILLER_0_68_161, 85.84, 198.56, 1.79731
FILLER_0_69_162, 85.84, 198.56, 1.79731
FILLER_0_69_169, 85.84, 198.56, 1.79731
_12072_, 98.64, 198.56, 1.79738
_12224_, 98.64, 198.56, 1.79738
_12694_, 98.64, 198.56, 1.79738
_14310_, 98.64, 198.56, 1.79738
_14314_, 98.64, 198.56, 1.79738
_15624_, 98.64, 198.56, 1.79738
FILLER_0_69_194, 98.64, 198.56, 1.79738
FILLER_0_69_204, 98.64, 198.56, 1.79738
FILLER_0_70_206, 98.64, 198.56, 1.79738
_12076_, 111.44, 198.56, 1.79745
clkbuf_leaf_17_clk, 111.44, 198.56, 1.79745
hold18, 111.44, 198.56, 1.79745
FILLER_0_69_218, 111.44, 198.56, 1.79745
FILLER_0_69_225, 111.44, 198.56, 1.79745
_12228_, 124.24, 198.56, 1.79755
_15720_, 124.24, 198.56, 1.79755
hold32, 124.24, 198.56, 1.79755
FILLER_0_68_245, 124.24, 198.56, 1.79755
FILLER_0_70_265, 124.24, 198.56, 1.79755
_09510_, 137.04, 198.56, 1.79765
_09580_, 137.04, 198.56, 1.79765
_09581_, 137.04, 198.56, 1.79765
hold63, 137.04, 198.56, 1.79765
hold1323, 137.04, 198.56, 1.79765
FILLER_0_69_274, 137.04, 198.56, 1.79765
_09511_, 149.84, 198.56, 1.79774
_09518_, 149.84, 198.56, 1.79774
_09588_, 149.84, 198.56, 1.79774
_09589_, 149.84, 198.56, 1.79774
_15123_, 149.84, 198.56, 1.79774
FILLER_0_68_309, 149.84, 198.56, 1.79774
FILLER_0_69_318, 149.84, 198.56, 1.79774
FILLER_0_70_321, 149.84, 198.56, 1.79774
_09512_, 162.64, 198.56, 1.79785
_09582_, 162.64, 198.56, 1.79785
_13624_, 162.64, 198.56, 1.79785
hold1419, 162.64, 198.56, 1.79785
hold1451, 162.64, 198.56, 1.79785
ANTENNA_105, 162.64, 198.56, 1.79785
FILLER_0_69_333, 162.64, 198.56, 1.79785
FILLER_0_70_346, 162.64, 198.56, 1.79785
_13685_, 188.24, 198.56, 1.7979
_16201_, 188.24, 198.56, 1.7979
hold1369, 188.24, 198.56, 1.7979
FILLER_0_69_410, 188.24, 198.56, 1.7979
FILLER_0_70_403, 188.24, 198.56, 1.7979
FILLER_0_70_411, 188.24, 198.56, 1.7979
_13652_, 201.04, 198.56, 1.79785
_13653_, 201.04, 198.56, 1.79785
_16186_, 201.04, 198.56, 1.79785
_16202_, 201.04, 198.56, 1.79785
hold1344, 201.04, 198.56, 1.79785
hold1417, 201.04, 198.56, 1.79785
FILLER_0_70_438, 201.04, 198.56, 1.79785
_10118_, 213.84, 198.56, 1.79781
_15782_, 213.84, 198.56, 1.79781
clkbuf_leaf_183_clk, 213.84, 198.56, 1.79781
FILLER_0_70_464, 213.84, 198.56, 1.79781
_08513_, 226.64, 198.56, 1.7978
_12732_, 226.64, 198.56, 1.7978
_12735_, 226.64, 198.56, 1.7978
_15854_, 226.64, 198.56, 1.7978
_15855_, 226.64, 198.56, 1.7978
FILLER_0_68_477, 226.64, 198.56, 1.7978
_08516_, 239.44, 198.56, 1.7978
_08521_, 239.44, 198.56, 1.7978
_10028_, 239.44, 198.56, 1.7978
_10477_, 239.44, 198.56, 1.7978
_12734_, 239.44, 198.56, 1.7978
FILLER_0_68_500, 239.44, 198.56, 1.7978
_08522_, 252.24, 198.56, 1.79781
FILLER_0_68_528, 252.24, 198.56, 1.79781
FILLER_0_70_545, 252.24, 198.56, 1.79781
_08518_, 265.04, 198.56, 1.79782
_08542_, 265.04, 198.56, 1.79782
FILLER_0_68_555, 265.04, 198.56, 1.79782
FILLER_0_69_556, 265.04, 198.56, 1.79782
FILLER_0_70_573, 265.04, 198.56, 1.79782
_10852_, 277.84, 198.56, 1.79784
FILLER_0_68_583, 277.84, 198.56, 1.79784
FILLER_0_68_589, 277.84, 198.56, 1.79784
FILLER_0_70_601, 277.84, 198.56, 1.79784
_09884_, 290.64, 198.56, 1.79786
_09885_, 290.64, 198.56, 1.79786
_10665_, 290.64, 198.56, 1.79786
_10666_, 290.64, 198.56, 1.79786
_11036_, 290.64, 198.56, 1.79786
FILLER_0_68_609, 290.64, 198.56, 1.79786
FILLER_0_69_613, 290.64, 198.56, 1.79786
FILLER_0_69_624, 290.64, 198.56, 1.79786
FILLER_0_70_625, 290.64, 198.56, 1.79786
_10605_, 303.44, 198.56, 1.79789
_15532_, 303.44, 198.56, 1.79789
FILLER_0_68_639, 303.44, 198.56, 1.79789
FILLER_0_69_665, 316.24, 198.56, 1.79793
_13735_, 341.84, 198.56, 1.79786
_16223_, 341.84, 198.56, 1.79786
clkbuf_leaf_142_clk, 341.84, 198.56, 1.79786
FILLER_0_68_725, 341.84, 198.56, 1.79786
hold1284, 354.64, 198.56, 1.79777
FILLER_0_68_752, 354.64, 198.56, 1.79777
FILLER_0_69_749, 354.64, 198.56, 1.79777
_11468_, 367.44, 198.56, 1.79768
_15373_, 367.44, 198.56, 1.79768
_15375_, 367.44, 198.56, 1.79768
FILLER_0_68_777, 367.44, 198.56, 1.79768
FILLER_0_69_774, 367.44, 198.56, 1.79768
_07382_, 380.24, 198.56, 1.79759
_11470_, 380.24, 198.56, 1.79759
_12854_, 380.24, 198.56, 1.79759
hold449, 380.24, 198.56, 1.79759
FILLER_0_69_811, 380.24, 198.56, 1.79759
_09595_, 393.04, 198.56, 1.79751
FILLER_0_68_836, 393.04, 198.56, 1.79751
FILLER_0_69_836, 393.04, 198.56, 1.79751
FILLER_0_69_841, 393.04, 198.56, 1.79751
_12894_, 405.84, 198.56, 1.79743
_12978_, 405.84, 198.56, 1.79743
_13845_, 418.64, 198.56, 1.79735
_16275_, 418.64, 198.56, 1.79735
FILLER_0_69_889, 418.64, 198.56, 1.79735
_15307_, 431.44, 198.56, 1.79727
hold615, 431.44, 198.56, 1.79727
FILLER_0_68_917, 431.44, 198.56, 1.79727
FILLER_0_69_922, 431.44, 198.56, 1.79727
hold529, 444.24, 198.56, 1.7972
FILLER_0_68_945, 444.24, 198.56, 1.7972
_09698_, 457.04, 198.56, 1.79713
_09699_, 457.04, 198.56, 1.79713
_09703_, 457.04, 198.56, 1.79713
_09709_, 457.04, 198.56, 1.79713
_15195_, 457.04, 198.56, 1.79713
_15209_, 457.04, 198.56, 1.79713
clkbuf_leaf_151_clk, 457.04, 198.56, 1.79713
FILLER_0_69_977, 457.04, 198.56, 1.79713
FILLER_0_69_986, 457.04, 198.56, 1.79713
_15211_, 469.84, 198.56, 1.79709
_15213_, 469.84, 198.56, 1.79709
_15214_, 469.84, 198.56, 1.79709
FILLER_0_69_1009, 469.84, 198.56, 1.79709
PHY_132, 5.52, 193.12, 1.79716
PHY_134, 5.52, 193.12, 1.79716
FILLER_0_67_51, 34.64, 193.12, 1.79724
FILLER_0_68_77, 34.64, 193.12, 1.79724
_15721_, 47.44, 193.12, 1.79731
FILLER_0_66_81, 47.44, 193.12, 1.79731
FILLER_0_66_85, 47.44, 193.12, 1.79731
FILLER_0_67_105, 47.44, 193.12, 1.79731
FILLER_0_68_101, 47.44, 193.12, 1.79731
_14309_, 60.24, 193.12, 1.7974
FILLER_0_66_118, 60.24, 193.12, 1.7974
FILLER_0_67_125, 60.24, 193.12, 1.7974
FILLER_0_68_129, 60.24, 193.12, 1.7974
_11566_, 73.04, 193.12, 1.79748
_11567_, 73.04, 193.12, 1.79748
FILLER_0_66_141, 73.04, 193.12, 1.79748
FILLER_0_67_149, 73.04, 193.12, 1.79748
_11487_, 85.84, 193.12, 1.79756
_11521_, 85.84, 193.12, 1.79756
_12078_, 85.84, 193.12, 1.79756
_12079_, 85.84, 193.12, 1.79756
FILLER_0_66_172, 85.84, 193.12, 1.79756
FILLER_0_67_187, 85.84, 193.12, 1.79756
FILLER_0_68_188, 85.84, 193.12, 1.79756
_11488_, 98.64, 193.12, 1.79764
_12054_, 98.64, 193.12, 1.79764
_12055_, 98.64, 193.12, 1.79764
_12125_, 98.64, 193.12, 1.79764
_12693_, 98.64, 193.12, 1.79764
FILLER_0_68_215, 98.64, 193.12, 1.79764
_11219_, 111.44, 193.12, 1.79773
_12459_, 111.44, 193.12, 1.79773
_12462_, 111.44, 193.12, 1.79773
_15754_, 111.44, 193.12, 1.79773
hold58, 111.44, 193.12, 1.79773
_11528_, 124.24, 193.12, 1.79782
_15401_, 124.24, 193.12, 1.79782
FILLER_0_66_247, 124.24, 193.12, 1.79782
FILLER_0_66_253, 124.24, 193.12, 1.79782
FILLER_0_67_254, 124.24, 193.12, 1.79782
FILLER_0_68_260, 124.24, 193.12, 1.79782
_11523_, 137.04, 193.12, 1.79791
_11524_, 137.04, 193.12, 1.79791
_11526_, 137.04, 193.12, 1.79791
hold13, 137.04, 193.12, 1.79791
FILLER_0_67_281, 137.04, 193.12, 1.79791
FILLER_0_67_287, 137.04, 193.12, 1.79791
FILLER_0_68_296, 137.04, 193.12, 1.79791
_09519_, 149.84, 193.12, 1.79801
_15127_, 149.84, 193.12, 1.79801
_15159_, 149.84, 193.12, 1.79801
hold28, 149.84, 193.12, 1.79801
_09583_, 162.64, 193.12, 1.79811
_13609_, 162.64, 193.12, 1.79811
_15124_, 162.64, 193.12, 1.79811
_15156_, 162.64, 193.12, 1.79811
FILLER_0_66_341, 162.64, 193.12, 1.79811
_13651_, 188.24, 193.12, 1.79819
_08549_, 201.04, 193.12, 1.79816
FILLER_0_66_413, 201.04, 193.12, 1.79816
FILLER_0_66_421, 201.04, 193.12, 1.79816
FILLER_0_67_432, 201.04, 193.12, 1.79816
FILLER_0_68_437, 201.04, 193.12, 1.79816
_10117_, 213.84, 193.12, 1.79814
_10259_, 213.84, 193.12, 1.79814
hold329, 213.84, 193.12, 1.79814
FILLER_0_66_451, 213.84, 193.12, 1.79814
FILLER_0_68_464, 213.84, 193.12, 1.79814
_12728_, 226.64, 193.12, 1.79812
_12729_, 226.64, 193.12, 1.79812
_12736_, 226.64, 193.12, 1.79812
FILLER_0_67_476, 226.64, 193.12, 1.79812
_12727_, 239.44, 193.12, 1.7981
_12730_, 239.44, 193.12, 1.7981
_15830_, 239.44, 193.12, 1.7981
_15853_, 239.44, 193.12, 1.7981
FILLER_0_67_508, 239.44, 193.12, 1.7981
FILLER_0_67_516, 239.44, 193.12, 1.7981
_08515_, 252.24, 193.12, 1.79809
_12682_, 252.24, 193.12, 1.79809
_15829_, 252.24, 193.12, 1.79809
hold462, 252.24, 193.12, 1.79809
hold479, 252.24, 193.12, 1.79809
FILLER_0_66_533, 252.24, 193.12, 1.79809
_12679_, 265.04, 193.12, 1.79808
_12680_, 265.04, 193.12, 1.79808
_15828_, 265.04, 193.12, 1.79808
hold488, 265.04, 193.12, 1.79808
FILLER_0_67_551, 265.04, 193.12, 1.79808
FILLER_0_67_577, 265.04, 193.12, 1.79808
_10851_, 277.84, 193.12, 1.79809
_12654_, 277.84, 193.12, 1.79809
clkbuf_leaf_180_clk, 277.84, 193.12, 1.79809
FILLER_0_68_601, 277.84, 193.12, 1.79809
_11035_, 290.64, 193.12, 1.79812
_11835_, 303.44, 193.12, 1.79815
_11836_, 303.44, 193.12, 1.79815
_15535_, 303.44, 193.12, 1.79815
hold1569, 303.44, 193.12, 1.79815
FILLER_0_66_634, 303.44, 193.12, 1.79815
FILLER_0_66_645, 303.44, 193.12, 1.79815
FILLER_0_67_641, 303.44, 193.12, 1.79815
_09862_, 316.24, 193.12, 1.79818
_11845_, 316.24, 193.12, 1.79818
_11847_, 316.24, 193.12, 1.79818
_11848_, 316.24, 193.12, 1.79818
_15534_, 316.24, 193.12, 1.79818
hold1576, 316.24, 193.12, 1.79818
FILLER_0_68_677, 316.24, 193.12, 1.79818
_16228_, 341.84, 193.12, 1.7981
FILLER_0_67_721, 341.84, 193.12, 1.7981
FILLER_0_68_733, 341.84, 193.12, 1.7981
_13810_, 354.64, 193.12, 1.79799
FILLER_0_66_753, 354.64, 193.12, 1.79799
FILLER_0_68_769, 354.64, 193.12, 1.79799
_08496_, 367.44, 193.12, 1.79788
_08611_, 367.44, 193.12, 1.79788
_11472_, 367.44, 193.12, 1.79788
_15371_, 367.44, 193.12, 1.79788
hold380, 367.44, 193.12, 1.79788
FILLER_0_67_777, 367.44, 193.12, 1.79788
FILLER_0_67_800, 367.44, 193.12, 1.79788
_11473_, 380.24, 193.12, 1.79777
_12738_, 380.24, 193.12, 1.79777
_12971_, 380.24, 193.12, 1.79777
_15888_, 380.24, 193.12, 1.79777
hold401, 380.24, 193.12, 1.79777
FILLER_0_66_813, 380.24, 193.12, 1.79777
_09596_, 393.04, 193.12, 1.79767
_15161_, 393.04, 193.12, 1.79767
_15890_, 393.04, 193.12, 1.79767
clkbuf_leaf_145_clk, 393.04, 193.12, 1.79767
FILLER_0_67_841, 393.04, 193.12, 1.79767
FILLER_0_68_844, 393.04, 193.12, 1.79767
_12975_, 405.84, 193.12, 1.7976
_12977_, 405.84, 193.12, 1.7976
_15893_, 405.84, 193.12, 1.7976
_08599_, 418.64, 193.12, 1.79753
_08608_, 418.64, 193.12, 1.79753
_11352_, 431.44, 193.12, 1.79746
FILLER_0_66_917, 431.44, 193.12, 1.79746
_13926_, 444.24, 193.12, 1.79739
_16324_, 444.24, 193.12, 1.79739
_16326_, 444.24, 193.12, 1.79739
hold1286, 444.24, 193.12, 1.79739
FILLER_0_68_963, 444.24, 193.12, 1.79739
_08482_, 457.04, 193.12, 1.79733
_09629_, 457.04, 193.12, 1.79733
hold472, 457.04, 193.12, 1.79733
_08579_, 469.84, 193.12, 1.79727
_08597_, 469.84, 193.12, 1.79727
_09634_, 469.84, 193.12, 1.79727
FILLER_0_66_999, 469.84, 193.12, 1.79727
FILLER_0_67_1002, 469.84, 193.12, 1.79727
PHY_128, 5.52, 187.68, 1.79726
PHY_130, 5.52, 187.68, 1.79726
_12105_, 34.64, 187.68, 1.79732
_12256_, 34.64, 187.68, 1.79732
_15621_, 34.64, 187.68, 1.79732
_15625_, 34.64, 187.68, 1.79732
clkbuf_leaf_12_clk, 34.64, 187.68, 1.79732
hold236, 34.64, 187.68, 1.79732
FILLER_0_65_74, 34.64, 187.68, 1.79732
FILLER_0_66_65, 34.64, 187.68, 1.79732
hold155, 47.44, 187.68, 1.79741
hold235, 47.44, 187.68, 1.79741
FILLER_0_64_85, 47.44, 187.68, 1.79741
FILLER_0_65_97, 47.44, 187.68, 1.79741
_12056_, 60.24, 187.68, 1.7975
_12231_, 60.24, 187.68, 1.7975
_16367_, 60.24, 187.68, 1.7975
hold128, 60.24, 187.68, 1.7975
FILLER_0_65_113, 60.24, 187.68, 1.7975
_11489_, 73.04, 187.68, 1.79759
_11490_, 73.04, 187.68, 1.79759
_11491_, 73.04, 187.68, 1.79759
_12148_, 73.04, 187.68, 1.79759
_12149_, 73.04, 187.68, 1.79759
_14315_, 73.04, 187.68, 1.79759
hold213, 73.04, 187.68, 1.79759
_08555_, 85.84, 187.68, 1.79768
_14544_, 85.84, 187.68, 1.79768
_14545_, 85.84, 187.68, 1.79768
_16496_, 85.84, 187.68, 1.79768
hold27, 85.84, 187.68, 1.79768
FILLER_0_64_168, 85.84, 187.68, 1.79768
FILLER_0_65_169, 85.84, 187.68, 1.79768
FILLER_0_66_186, 85.84, 187.68, 1.79768
_11584_, 98.64, 187.68, 1.79778
_12458_, 98.64, 187.68, 1.79778
_12461_, 98.64, 187.68, 1.79778
_15752_, 98.64, 187.68, 1.79778
hold10, 98.64, 187.68, 1.79778
hold169, 98.64, 187.68, 1.79778
FILLER_0_65_211, 98.64, 187.68, 1.79778
_15753_, 111.44, 187.68, 1.79788
hold21, 111.44, 187.68, 1.79788
_11213_, 124.24, 187.68, 1.79798
_11586_, 124.24, 187.68, 1.79798
_11588_, 124.24, 187.68, 1.79798
_15431_, 124.24, 187.68, 1.79798
FILLER_0_65_253, 124.24, 187.68, 1.79798
_11202_, 137.04, 187.68, 1.79809
_11585_, 137.04, 187.68, 1.79809
_11587_, 137.04, 187.68, 1.79809
_15399_, 137.04, 187.68, 1.79809
_15400_, 137.04, 187.68, 1.79809
FILLER_0_65_281, 137.04, 187.68, 1.79809
_12052_, 149.84, 187.68, 1.79821
_12121_, 149.84, 187.68, 1.79821
hold25, 149.84, 187.68, 1.79821
FILLER_0_64_302, 149.84, 187.68, 1.79821
FILLER_0_65_323, 149.84, 187.68, 1.79821
_12053_, 162.64, 187.68, 1.79833
clkbuf_leaf_23_clk, 162.64, 187.68, 1.79833
_15807_, 188.24, 187.68, 1.79844
hold287, 188.24, 187.68, 1.79844
FILLER_0_64_386, 188.24, 187.68, 1.79844
FILLER_0_65_385, 188.24, 187.68, 1.79844
FILLER_0_65_405, 188.24, 187.68, 1.79844
_08548_, 201.04, 187.68, 1.79842
_08552_, 201.04, 187.68, 1.79842
_12529_, 201.04, 187.68, 1.79842
hold276, 201.04, 187.68, 1.79842
FILLER_0_66_433, 201.04, 187.68, 1.79842
_15780_, 213.84, 187.68, 1.7984
hold328, 213.84, 187.68, 1.7984
hold1564, 213.84, 187.68, 1.7984
FILLER_0_65_465, 213.84, 187.68, 1.7984
_08554_, 226.64, 187.68, 1.79839
_08556_, 226.64, 187.68, 1.79839
_15851_, 226.64, 187.68, 1.79839
FILLER_0_64_471, 226.64, 187.68, 1.79839
FILLER_0_66_489, 226.64, 187.68, 1.79839
_08471_, 239.44, 187.68, 1.79838
_15852_, 239.44, 187.68, 1.79838
FILLER_0_64_496, 239.44, 187.68, 1.79838
FILLER_0_65_497, 239.44, 187.68, 1.79838
FILLER_0_65_521, 239.44, 187.68, 1.79838
_08512_, 252.24, 187.68, 1.79837
_08517_, 252.24, 187.68, 1.79837
_12683_, 252.24, 187.68, 1.79837
_12684_, 252.24, 187.68, 1.79837
_12685_, 252.24, 187.68, 1.79837
FILLER_0_64_529, 252.24, 187.68, 1.79837
FILLER_0_65_540, 252.24, 187.68, 1.79837
_08532_, 265.04, 187.68, 1.79837
_12655_, 265.04, 187.68, 1.79837
_15817_, 265.04, 187.68, 1.79837
hold409, 265.04, 187.68, 1.79837
FILLER_0_64_552, 265.04, 187.68, 1.79837
FILLER_0_65_553, 265.04, 187.68, 1.79837
FILLER_0_65_561, 265.04, 187.68, 1.79837
FILLER_0_66_568, 265.04, 187.68, 1.79837
_12644_, 277.84, 187.68, 1.79838
_12652_, 277.84, 187.68, 1.79838
_12653_, 277.84, 187.68, 1.79838
_15812_, 277.84, 187.68, 1.79838
_15814_, 277.84, 187.68, 1.79838
_09876_, 290.64, 187.68, 1.7984
_09878_, 290.64, 187.68, 1.7984
_10010_, 290.64, 187.68, 1.7984
hold508, 290.64, 187.68, 1.7984
FILLER_0_65_612, 290.64, 187.68, 1.7984
_09871_, 303.44, 187.68, 1.79843
_10000_, 303.44, 187.68, 1.79843
_10005_, 303.44, 187.68, 1.79843
_10006_, 303.44, 187.68, 1.79843
_10011_, 303.44, 187.68, 1.79843
_10012_, 303.44, 187.68, 1.79843
_10013_, 303.44, 187.68, 1.79843
FILLER_0_66_653, 303.44, 187.68, 1.79843
FILLER_0_66_659, 303.44, 187.68, 1.79843
_09880_, 316.24, 187.68, 1.79846
_11833_, 316.24, 187.68, 1.79846
_11844_, 316.24, 187.68, 1.79846
FILLER_0_65_668, 316.24, 187.68, 1.79846
_08497_, 341.84, 187.68, 1.79835
_13809_, 341.84, 187.68, 1.79835
_16256_, 341.84, 187.68, 1.79835
_16258_, 341.84, 187.68, 1.79835
FILLER_0_65_745, 341.84, 187.68, 1.79835
FILLER_0_66_740, 341.84, 187.68, 1.79835
_08509_, 354.64, 187.68, 1.79823
_16259_, 354.64, 187.68, 1.79823
FILLER_0_64_750, 354.64, 187.68, 1.79823
FILLER_0_64_757, 354.64, 187.68, 1.79823
FILLER_0_65_767, 354.64, 187.68, 1.79823
FILLER_0_66_769, 354.64, 187.68, 1.79823
_08583_, 367.44, 187.68, 1.79811
_08584_, 367.44, 187.68, 1.79811
_15376_, 367.44, 187.68, 1.79811
hold470, 367.44, 187.68, 1.79811
FILLER_0_65_792, 367.44, 187.68, 1.79811
_12967_, 380.24, 187.68, 1.79801
_12968_, 380.24, 187.68, 1.79801
_12972_, 380.24, 187.68, 1.79801
FILLER_0_64_806, 380.24, 187.68, 1.79801
FILLER_0_64_813, 380.24, 187.68, 1.79801
_08494_, 393.04, 187.68, 1.7979
_08581_, 393.04, 187.68, 1.7979
FILLER_0_64_838, 393.04, 187.68, 1.7979
FILLER_0_65_835, 393.04, 187.68, 1.7979
FILLER_0_65_853, 393.04, 187.68, 1.7979
FILLER_0_66_846, 393.04, 187.68, 1.7979
_08495_, 405.84, 187.68, 1.7978
_08582_, 405.84, 187.68, 1.7978
_12976_, 405.84, 187.68, 1.7978
_15597_, 405.84, 187.68, 1.7978
_15892_, 405.84, 187.68, 1.7978
FILLER_0_64_863, 405.84, 187.68, 1.7978
FILLER_0_65_877, 405.84, 187.68, 1.7978
_08600_, 418.64, 187.68, 1.7977
_08609_, 418.64, 187.68, 1.7977
_15599_, 418.64, 187.68, 1.7977
hold426, 418.64, 187.68, 1.7977
FILLER_0_64_885, 418.64, 187.68, 1.7977
FILLER_0_65_893, 418.64, 187.68, 1.7977
FILLER_0_65_897, 418.64, 187.68, 1.7977
_12030_, 431.44, 187.68, 1.79761
_13930_, 431.44, 187.68, 1.79761
_15600_, 431.44, 187.68, 1.79761
FILLER_0_66_937, 431.44, 187.68, 1.79761
_13928_, 444.24, 187.68, 1.79752
_16329_, 444.24, 187.68, 1.79752
clkbuf_leaf_152_clk, 444.24, 187.68, 1.79752
hold469, 444.24, 187.68, 1.79752
FILLER_0_65_948, 444.24, 187.68, 1.79752
_09630_, 457.04, 187.68, 1.79746
_09633_, 457.04, 187.68, 1.79746
_09639_, 457.04, 187.68, 1.79746
_15177_, 457.04, 187.68, 1.79746
hold1036, 457.04, 187.68, 1.79746
FILLER_0_66_991, 457.04, 187.68, 1.79746
_08483_, 469.84, 187.68, 1.7974
_09640_, 469.84, 187.68, 1.7974
_15179_, 469.84, 187.68, 1.7974
FILLER_0_64_1009, 469.84, 187.68, 1.7974
FILLER_0_65_998, 469.84, 187.68, 1.7974
PHY_124, 5.52, 182.24, 1.7974
PHY_126, 5.52, 182.24, 1.7974
input2, 5.52, 182.24, 1.7974
_15397_, 13.68, 182.24, 1.7974
FILLER_0_64_21, 13.68, 182.24, 1.7974
_11492_, 34.64, 182.24, 1.79749
_12103_, 34.64, 182.24, 1.79749
_12257_, 34.64, 182.24, 1.79749
_12268_, 34.64, 182.24, 1.79749
_15733_, 34.64, 182.24, 1.79749
hold202, 34.64, 182.24, 1.79749
FILLER_0_62_63, 34.64, 182.24, 1.79749
_11187_, 47.44, 182.24, 1.79757
_11227_, 47.44, 182.24, 1.79757
hold214, 47.44, 182.24, 1.79757
_12207_, 60.24, 182.24, 1.79765
_12223_, 60.24, 182.24, 1.79765
_16371_, 60.24, 182.24, 1.79765
hold100, 60.24, 182.24, 1.79765
FILLER_0_63_113, 60.24, 182.24, 1.79765
FILLER_0_63_125, 60.24, 182.24, 1.79765
FILLER_0_64_119, 60.24, 182.24, 1.79765
_11078_, 73.04, 182.24, 1.79774
_12102_, 73.04, 182.24, 1.79774
_12222_, 73.04, 182.24, 1.79774
_14294_, 73.04, 182.24, 1.79774
hold78, 73.04, 182.24, 1.79774
FILLER_0_63_134, 73.04, 182.24, 1.79774
FILLER_0_63_146, 73.04, 182.24, 1.79774
FILLER_0_64_148, 73.04, 182.24, 1.79774
_16497_, 85.84, 182.24, 1.79783
clkbuf_leaf_19_clk, 85.84, 182.24, 1.79783
FILLER_0_62_161, 85.84, 182.24, 1.79783
FILLER_0_62_169, 85.84, 182.24, 1.79783
FILLER_0_63_163, 85.84, 182.24, 1.79783
FILLER_0_63_169, 85.84, 182.24, 1.79783
_11203_, 98.64, 182.24, 1.79795
_12460_, 98.64, 182.24, 1.79795
FILLER_0_62_191, 98.64, 182.24, 1.79795
FILLER_0_62_197, 98.64, 182.24, 1.79795
FILLER_0_63_199, 98.64, 182.24, 1.79795
FILLER_0_64_205, 98.64, 182.24, 1.79795
_11212_, 111.44, 182.24, 1.79807
_15687_, 111.44, 182.24, 1.79807
FILLER_0_63_225, 111.44, 182.24, 1.79807
FILLER_0_64_242, 111.44, 182.24, 1.79807
_11204_, 124.24, 182.24, 1.79819
_15432_, 124.24, 182.24, 1.79819
_15433_, 124.24, 182.24, 1.79819
hold9, 124.24, 182.24, 1.79819
FILLER_0_62_253, 124.24, 182.24, 1.79819
FILLER_0_63_251, 124.24, 182.24, 1.79819
FILLER_0_64_262, 124.24, 182.24, 1.79819
_11211_, 137.04, 182.24, 1.79832
hold36, 137.04, 182.24, 1.79832
FILLER_0_62_280, 137.04, 182.24, 1.79832
_12119_, 149.84, 182.24, 1.79845
_15654_, 149.84, 182.24, 1.79845
hold33, 149.84, 182.24, 1.79845
FILLER_0_62_309, 149.84, 182.24, 1.79845
_15804_, 162.64, 182.24, 1.79859
FILLER_0_63_331, 162.64, 182.24, 1.79859
FILLER_0_63_337, 162.64, 182.24, 1.79859
_08547_, 188.24, 182.24, 1.7987
_15803_, 188.24, 182.24, 1.7987
_15806_, 188.24, 182.24, 1.7987
FILLER_0_64_401, 188.24, 182.24, 1.7987
_08553_, 201.04, 182.24, 1.79867
_12630_, 201.04, 182.24, 1.79867
_12632_, 201.04, 182.24, 1.79867
_15781_, 201.04, 182.24, 1.79867
hold296, 201.04, 182.24, 1.79867
hold297, 201.04, 182.24, 1.79867
FILLER_0_62_413, 201.04, 182.24, 1.79867
FILLER_0_63_437, 201.04, 182.24, 1.79867
_12522_, 213.84, 182.24, 1.79865
_12526_, 213.84, 182.24, 1.79865
_12531_, 213.84, 182.24, 1.79865
_15778_, 213.84, 182.24, 1.79865
hold1103, 213.84, 182.24, 1.79865
FILLER_0_63_458, 213.84, 182.24, 1.79865
_12723_, 226.64, 182.24, 1.79864
_12725_, 226.64, 182.24, 1.79864
_12726_, 226.64, 182.24, 1.79864
FILLER_0_62_472, 226.64, 182.24, 1.79864
FILLER_0_63_470, 226.64, 182.24, 1.79864
FILLER_0_63_494, 226.64, 182.24, 1.79864
_08514_, 239.44, 182.24, 1.79863
_09874_, 239.44, 182.24, 1.79863
_15809_, 239.44, 182.24, 1.79863
hold326, 239.44, 182.24, 1.79863
hold423, 239.44, 182.24, 1.79863
FILLER_0_63_515, 239.44, 182.24, 1.79863
_09875_, 252.24, 182.24, 1.79863
_12513_, 252.24, 182.24, 1.79863
_15772_, 252.24, 182.24, 1.79863
hold308, 252.24, 182.24, 1.79863
FILLER_0_62_529, 252.24, 182.24, 1.79863
FILLER_0_63_530, 252.24, 182.24, 1.79863
_08526_, 265.04, 182.24, 1.79863
_08531_, 265.04, 182.24, 1.79863
_15816_, 265.04, 182.24, 1.79863
FILLER_0_63_561, 265.04, 182.24, 1.79863
_10029_, 277.84, 182.24, 1.79865
_12649_, 277.84, 182.24, 1.79865
hold638, 277.84, 182.24, 1.79865
FILLER_0_62_581, 277.84, 182.24, 1.79865
FILLER_0_64_597, 277.84, 182.24, 1.79865
_09867_, 290.64, 182.24, 1.79866
_09879_, 290.64, 182.24, 1.79866
FILLER_0_63_611, 290.64, 182.24, 1.79866
FILLER_0_64_630, 290.64, 182.24, 1.79866
_09869_, 303.44, 182.24, 1.79868
_09870_, 303.44, 182.24, 1.79868
_09872_, 303.44, 182.24, 1.79868
_10007_, 303.44, 182.24, 1.79868
_10008_, 303.44, 182.24, 1.79868
_10672_, 303.44, 182.24, 1.79868
FILLER_0_62_637, 303.44, 182.24, 1.79868
FILLER_0_63_638, 303.44, 182.24, 1.79868
FILLER_0_63_648, 303.44, 182.24, 1.79868
_09877_, 316.24, 182.24, 1.79871
_09881_, 316.24, 182.24, 1.79871
_09882_, 316.24, 182.24, 1.79871
_09999_, 316.24, 182.24, 1.79871
FILLER_0_63_680, 316.24, 182.24, 1.79871
FILLER_0_63_689, 316.24, 182.24, 1.79871
FILLER_0_64_687, 316.24, 182.24, 1.79871
_08503_, 341.84, 182.24, 1.79856
_13802_, 341.84, 182.24, 1.79856
_16257_, 341.84, 182.24, 1.79856
hold1534, 341.84, 182.24, 1.79856
FILLER_0_63_725, 341.84, 182.24, 1.79856
_11344_, 354.64, 182.24, 1.7984
_13808_, 354.64, 182.24, 1.7984
_13812_, 354.64, 182.24, 1.7984
_16261_, 354.64, 182.24, 1.7984
FILLER_0_62_753, 354.64, 182.24, 1.7984
FILLER_0_64_768, 354.64, 182.24, 1.7984
_08602_, 367.44, 182.24, 1.79824
_08610_, 367.44, 182.24, 1.79824
_11355_, 367.44, 182.24, 1.79824
_12858_, 367.44, 182.24, 1.79824
FILLER_0_63_780, 367.44, 182.24, 1.79824
FILLER_0_63_792, 367.44, 182.24, 1.79824
_07389_, 380.24, 182.24, 1.7981
_08601_, 380.24, 182.24, 1.7981
_12752_, 380.24, 182.24, 1.7981
_12868_, 380.24, 182.24, 1.7981
clkbuf_4_7_0_clk, 380.24, 182.24, 1.7981
_12020_, 393.04, 182.24, 1.79801
_15595_, 393.04, 182.24, 1.79801
FILLER_0_63_835, 393.04, 182.24, 1.79801
FILLER_0_63_841, 393.04, 182.24, 1.79801
_12023_, 405.84, 182.24, 1.79792
_12024_, 405.84, 182.24, 1.79792
_12028_, 418.64, 182.24, 1.79784
_13846_, 418.64, 182.24, 1.79784
_16276_, 418.64, 182.24, 1.79784
FILLER_0_63_892, 418.64, 182.24, 1.79784
_11354_, 431.44, 182.24, 1.79776
_15308_, 431.44, 182.24, 1.79776
hold493, 431.44, 182.24, 1.79776
FILLER_0_63_920, 431.44, 182.24, 1.79776
_13927_, 444.24, 182.24, 1.79768
_13931_, 444.24, 182.24, 1.79768
_16325_, 444.24, 182.24, 1.79768
_16328_, 444.24, 182.24, 1.79768
FILLER_0_63_944, 444.24, 182.24, 1.79768
_09637_, 457.04, 182.24, 1.79761
_09638_, 457.04, 182.24, 1.79761
_09700_, 457.04, 182.24, 1.79761
FILLER_0_62_974, 457.04, 182.24, 1.79761
FILLER_0_62_981, 457.04, 182.24, 1.79761
FILLER_0_64_991, 457.04, 182.24, 1.79761
_15181_, 469.84, 182.24, 1.79754
_15182_, 469.84, 182.24, 1.79754
_15652_, 5.52, 176.8, 1.79741
PHY_120, 5.52, 176.8, 1.79741
PHY_122, 5.52, 176.8, 1.79741
FILLER_0_62_3, 5.52, 176.8, 1.79741
_11582_, 13.68, 176.8, 1.79741
hold197, 13.68, 176.8, 1.79741
FILLER_0_61_20, 13.68, 176.8, 1.79741
_12071_, 34.64, 176.8, 1.79746
_12077_, 34.64, 176.8, 1.79746
_15641_, 34.64, 176.8, 1.79746
_15737_, 34.64, 176.8, 1.79746
hold243, 34.64, 176.8, 1.79746
FILLER_0_61_50, 34.64, 176.8, 1.79746
FILLER_0_61_57, 34.64, 176.8, 1.79746
FILLER_0_61_65, 34.64, 176.8, 1.79746
_12058_, 47.44, 176.8, 1.79752
_12229_, 47.44, 176.8, 1.79752
_15717_, 47.44, 176.8, 1.79752
hold174, 47.44, 176.8, 1.79752
_12070_, 60.24, 176.8, 1.79758
_12255_, 60.24, 176.8, 1.79758
hold123, 60.24, 176.8, 1.79758
hold198, 60.24, 176.8, 1.79758
FILLER_0_60_112, 60.24, 176.8, 1.79758
FILLER_0_61_113, 60.24, 176.8, 1.79758
FILLER_0_61_121, 60.24, 176.8, 1.79758
_11179_, 73.04, 176.8, 1.79764
_11516_, 73.04, 176.8, 1.79764
_15716_, 73.04, 176.8, 1.79764
FILLER_0_61_156, 73.04, 176.8, 1.79764
_12254_, 85.84, 176.8, 1.7977
_14542_, 85.84, 176.8, 1.7977
_14543_, 85.84, 176.8, 1.7977
_14546_, 85.84, 176.8, 1.7977
hold118, 85.84, 176.8, 1.7977
FILLER_0_60_162, 85.84, 176.8, 1.7977
FILLER_0_60_172, 85.84, 176.8, 1.7977
FILLER_0_61_164, 85.84, 176.8, 1.7977
FILLER_0_61_169, 85.84, 176.8, 1.7977
_11494_, 98.64, 176.8, 1.79777
_12096_, 98.64, 176.8, 1.79777
_12168_, 98.64, 176.8, 1.79777
_15686_, 98.64, 176.8, 1.79777
hold11, 98.64, 176.8, 1.79777
FILLER_0_60_191, 98.64, 176.8, 1.79777
_11214_, 111.44, 176.8, 1.79784
_12260_, 111.44, 176.8, 1.79784
_15671_, 111.44, 176.8, 1.79784
clkbuf_4_2_0_clk, 111.44, 176.8, 1.79784
hold8, 111.44, 176.8, 1.79784
FILLER_0_61_218, 111.44, 176.8, 1.79784
FILLER_0_61_225, 111.44, 176.8, 1.79784
_11205_, 124.24, 176.8, 1.79798
FILLER_0_60_247, 124.24, 176.8, 1.79798
FILLER_0_61_269, 124.24, 176.8, 1.79798
_12098_, 137.04, 176.8, 1.79811
_12099_, 137.04, 176.8, 1.79811
hold19, 137.04, 176.8, 1.79811
hold40, 137.04, 176.8, 1.79811
FILLER_0_60_277, 137.04, 176.8, 1.79811
FILLER_0_61_277, 137.04, 176.8, 1.79811
FILLER_0_61_281, 137.04, 176.8, 1.79811
_15655_, 149.84, 176.8, 1.79825
_15656_, 149.84, 176.8, 1.79825
clkbuf_leaf_22_clk, 149.84, 176.8, 1.79825
hold51, 149.84, 176.8, 1.79825
FILLER_0_60_303, 149.84, 176.8, 1.79825
_12625_, 162.64, 176.8, 1.79841
_12627_, 162.64, 176.8, 1.79841
_15805_, 162.64, 176.8, 1.79841
clkbuf_4_3_0_clk, 162.64, 176.8, 1.79841
FILLER_0_60_333, 162.64, 176.8, 1.79841
FILLER_0_61_333, 162.64, 176.8, 1.79841
FILLER_0_61_337, 162.64, 176.8, 1.79841
FILLER_0_62_343, 162.64, 176.8, 1.79841
hold263, 188.24, 176.8, 1.79859
_08468_, 201.04, 176.8, 1.79855
_12631_, 201.04, 176.8, 1.79855
FILLER_0_61_437, 201.04, 176.8, 1.79855
FILLER_0_62_437, 201.04, 176.8, 1.79855
_08487_, 213.84, 176.8, 1.79852
_12524_, 213.84, 176.8, 1.79852
_15779_, 213.84, 176.8, 1.79852
clkbuf_leaf_184_clk, 213.84, 176.8, 1.79852
FILLER_0_61_449, 213.84, 176.8, 1.79852
_12717_, 226.64, 176.8, 1.79851
_12721_, 226.64, 176.8, 1.79851
_12722_, 226.64, 176.8, 1.79851
_12724_, 226.64, 176.8, 1.79851
FILLER_0_61_491, 226.64, 176.8, 1.79851
FILLER_0_62_489, 226.64, 176.8, 1.79851
_08511_, 239.44, 176.8, 1.7985
_12506_, 239.44, 176.8, 1.7985
_12509_, 239.44, 176.8, 1.7985
_12637_, 239.44, 176.8, 1.7985
_15774_, 239.44, 176.8, 1.7985
FILLER_0_60_504, 239.44, 176.8, 1.7985
_12501_, 252.24, 176.8, 1.7985
_15773_, 252.24, 176.8, 1.7985
_15776_, 252.24, 176.8, 1.7985
hold332, 252.24, 176.8, 1.7985
_12516_, 265.04, 176.8, 1.79851
_15775_, 265.04, 176.8, 1.79851
hold293, 265.04, 176.8, 1.79851
FILLER_0_61_569, 265.04, 176.8, 1.79851
FILLER_0_61_577, 265.04, 176.8, 1.79851
_10424_, 277.84, 176.8, 1.79853
_12384_, 277.84, 176.8, 1.79853
FILLER_0_60_583, 277.84, 176.8, 1.79853
FILLER_0_60_589, 277.84, 176.8, 1.79853
FILLER_0_61_595, 277.84, 176.8, 1.79853
_10732_, 290.64, 176.8, 1.79855
_10739_, 290.64, 176.8, 1.79855
_12383_, 290.64, 176.8, 1.79855
_12385_, 290.64, 176.8, 1.79855
FILLER_0_61_612, 290.64, 176.8, 1.79855
FILLER_0_61_617, 290.64, 176.8, 1.79855
_09868_, 303.44, 176.8, 1.79858
_09873_, 303.44, 176.8, 1.79858
_09988_, 303.44, 176.8, 1.79858
_10009_, 303.44, 176.8, 1.79858
_10120_, 303.44, 176.8, 1.79858
FILLER_0_60_639, 303.44, 176.8, 1.79858
FILLER_0_61_652, 303.44, 176.8, 1.79858
_11841_, 316.24, 176.8, 1.79861
_11842_, 316.24, 176.8, 1.79861
_11851_, 316.24, 176.8, 1.79861
clkbuf_4_6_0_clk, 316.24, 176.8, 1.79861
ANTENNA_123, 316.24, 176.8, 1.79861
FILLER_0_60_665, 316.24, 176.8, 1.79861
FILLER_0_61_666, 316.24, 176.8, 1.79861
FILLER_0_61_673, 316.24, 176.8, 1.79861
FILLER_0_61_688, 316.24, 176.8, 1.79861
_08501_, 341.84, 176.8, 1.79858
_08504_, 341.84, 176.8, 1.79858
hold1408, 341.84, 176.8, 1.79858
FILLER_0_61_744, 341.84, 176.8, 1.79858
_11361_, 354.64, 176.8, 1.79846
_13816_, 354.64, 176.8, 1.79846
_16263_, 354.64, 176.8, 1.79846
FILLER_0_60_757, 354.64, 176.8, 1.79846
_11359_, 367.44, 176.8, 1.79836
_12857_, 367.44, 176.8, 1.79836
ANTENNA_124, 367.44, 176.8, 1.79836
FILLER_0_61_781, 367.44, 176.8, 1.79836
FILLER_0_61_785, 367.44, 176.8, 1.79836
FILLER_0_62_788, 367.44, 176.8, 1.79836
_07387_, 380.24, 176.8, 1.79825
_12019_, 393.04, 176.8, 1.79815
_12773_, 393.04, 176.8, 1.79815
FILLER_0_62_852, 393.04, 176.8, 1.79815
_11424_, 405.84, 176.8, 1.79805
_12774_, 405.84, 176.8, 1.79805
_15341_, 405.84, 176.8, 1.79805
hold428, 405.84, 176.8, 1.79805
_09597_, 418.64, 176.8, 1.79795
_11426_, 418.64, 176.8, 1.79795
_12027_, 418.64, 176.8, 1.79795
_15339_, 418.64, 176.8, 1.79795
hold398, 418.64, 176.8, 1.79795
FILLER_0_61_890, 418.64, 176.8, 1.79795
FILLER_0_61_904, 418.64, 176.8, 1.79795
_09598_, 431.44, 176.8, 1.79786
_12029_, 431.44, 176.8, 1.79786
_15343_, 431.44, 176.8, 1.79786
FILLER_0_62_937, 431.44, 176.8, 1.79786
hold507, 444.24, 176.8, 1.79777
hold827, 444.24, 176.8, 1.79777
FILLER_0_60_945, 444.24, 176.8, 1.79777
FILLER_0_61_953, 444.24, 176.8, 1.79777
FILLER_0_61_966, 444.24, 176.8, 1.79777
_09701_, 457.04, 176.8, 1.79768
_09734_, 457.04, 176.8, 1.79768
_09735_, 457.04, 176.8, 1.79768
_15210_, 457.04, 176.8, 1.79768
_15226_, 457.04, 176.8, 1.79768
FILLER_0_61_978, 457.04, 176.8, 1.79768
_08570_, 469.84, 176.8, 1.7976
_09743_, 469.84, 176.8, 1.7976
_15230_, 469.84, 176.8, 1.7976
FILLER_0_60_1004, 469.84, 176.8, 1.7976
FILLER_0_61_1009, 469.84, 176.8, 1.7976
FILLER_0_62_1013, 469.84, 176.8, 1.7976
FILLER_0_62_1021, 469.84, 176.8, 1.7976
PHY_116, 5.52, 171.36, 1.79739
PHY_118, 5.52, 171.36, 1.79739
FILLER_0_59_3, 5.52, 171.36, 1.79739
FILLER_0_60_3, 5.52, 171.36, 1.79739
_15636_, 13.68, 171.36, 1.79739
hold203, 13.68, 171.36, 1.79739
_12101_, 34.64, 171.36, 1.79747
_12171_, 34.64, 171.36, 1.79747
_15673_, 34.64, 171.36, 1.79747
hold154, 34.64, 171.36, 1.79747
FILLER_0_59_64, 34.64, 171.36, 1.79747
FILLER_0_60_74, 34.64, 171.36, 1.79747
_12128_, 47.44, 171.36, 1.79754
_12164_, 47.44, 171.36, 1.79754
_15684_, 47.44, 171.36, 1.79754
hold194, 47.44, 171.36, 1.79754
hold205, 47.44, 171.36, 1.79754
FILLER_0_59_97, 47.44, 171.36, 1.79754
_11568_, 60.24, 171.36, 1.79762
_12126_, 60.24, 171.36, 1.79762
_12150_, 60.24, 171.36, 1.79762
_15620_, 60.24, 171.36, 1.79762
_15732_, 60.24, 171.36, 1.79762
FILLER_0_58_107, 60.24, 171.36, 1.79762
FILLER_0_59_120, 60.24, 171.36, 1.79762
_16366_, 73.04, 171.36, 1.79771
FILLER_0_58_141, 73.04, 171.36, 1.79771
_11090_, 85.84, 171.36, 1.7978
_16498_, 85.84, 171.36, 1.7978
_12142_, 98.64, 171.36, 1.7979
_12166_, 98.64, 171.36, 1.7979
_12695_, 98.64, 171.36, 1.7979
_14395_, 98.64, 171.36, 1.7979
_15670_, 98.64, 171.36, 1.7979
FILLER_0_59_200, 98.64, 171.36, 1.7979
_12143_, 111.44, 171.36, 1.79801
_12144_, 111.44, 171.36, 1.79801
_12145_, 111.44, 171.36, 1.79801
_12169_, 111.44, 171.36, 1.79801
_12170_, 111.44, 171.36, 1.79801
hold29, 111.44, 171.36, 1.79801
hold37, 111.44, 171.36, 1.79801
FILLER_0_60_234, 111.44, 171.36, 1.79801
_11220_, 124.24, 171.36, 1.79811
_11223_, 124.24, 171.36, 1.79811
_12146_, 124.24, 171.36, 1.79811
FILLER_0_59_252, 124.24, 171.36, 1.79811
_12097_, 137.04, 171.36, 1.79821
_15638_, 137.04, 171.36, 1.79821
_15639_, 137.04, 171.36, 1.79821
FILLER_0_59_281, 137.04, 171.36, 1.79821
_11527_, 149.84, 171.36, 1.79833
_12120_, 149.84, 171.36, 1.79833
_12122_, 149.84, 171.36, 1.79833
_12123_, 149.84, 171.36, 1.79833
_12265_, 149.84, 171.36, 1.79833
hold81, 149.84, 171.36, 1.79833
FILLER_0_58_302, 149.84, 171.36, 1.79833
_11098_, 162.64, 171.36, 1.79844
_11522_, 162.64, 171.36, 1.79844
_11852_, 162.64, 171.36, 1.79844
_15537_, 162.64, 171.36, 1.79844
FILLER_0_60_347, 162.64, 171.36, 1.79844
_12640_, 188.24, 171.36, 1.79853
_15800_, 188.24, 171.36, 1.79853
_15810_, 188.24, 171.36, 1.79853
FILLER_0_59_389, 188.24, 171.36, 1.79853
FILLER_0_59_410, 188.24, 171.36, 1.79853
_08486_, 201.04, 171.36, 1.7985
_12527_, 201.04, 171.36, 1.7985
_12629_, 201.04, 171.36, 1.7985
_12635_, 201.04, 171.36, 1.7985
_12638_, 201.04, 171.36, 1.7985
_12510_, 213.84, 171.36, 1.79847
_12535_, 213.84, 171.36, 1.79847
_12562_, 213.84, 171.36, 1.79847
_15783_, 213.84, 171.36, 1.79847
hold1064, 213.84, 171.36, 1.79847
FILLER_0_58_441, 213.84, 171.36, 1.79847
FILLER_0_58_448, 213.84, 171.36, 1.79847
FILLER_0_59_465, 213.84, 171.36, 1.79847
_12718_, 226.64, 171.36, 1.79845
_12719_, 226.64, 171.36, 1.79845
_12720_, 226.64, 171.36, 1.79845
_15850_, 226.64, 171.36, 1.79845
FILLER_0_58_473, 226.64, 171.36, 1.79845
FILLER_0_59_494, 226.64, 171.36, 1.79845
_12380_, 239.44, 171.36, 1.79845
FILLER_0_60_522, 239.44, 171.36, 1.79845
FILLER_0_58_525, 252.24, 171.36, 1.79845
_15832_, 265.04, 171.36, 1.79844
hold316, 265.04, 171.36, 1.79844
ANTENNA_70, 265.04, 171.36, 1.79844
FILLER_0_59_553, 265.04, 171.36, 1.79844
FILLER_0_59_561, 265.04, 171.36, 1.79844
_10270_, 277.84, 171.36, 1.79845
_10346_, 277.84, 171.36, 1.79845
_10731_, 277.84, 171.36, 1.79845
_12382_, 277.84, 171.36, 1.79845
_15813_, 277.84, 171.36, 1.79845
hold509, 277.84, 171.36, 1.79845
FILLER_0_59_591, 277.84, 171.36, 1.79845
FILLER_0_59_604, 277.84, 171.36, 1.79845
_10196_, 290.64, 171.36, 1.79846
_10202_, 290.64, 171.36, 1.79846
_10738_, 290.64, 171.36, 1.79846
_10740_, 290.64, 171.36, 1.79846
_12381_, 290.64, 171.36, 1.79846
_12386_, 290.64, 171.36, 1.79846
ANTENNA_65, 290.64, 171.36, 1.79846
ANTENNA_66, 290.64, 171.36, 1.79846
FILLER_0_59_613, 290.64, 171.36, 1.79846
FILLER_0_60_621, 290.64, 171.36, 1.79846
_10014_, 303.44, 171.36, 1.79849
_10015_, 303.44, 171.36, 1.79849
_10016_, 303.44, 171.36, 1.79849
_10022_, 303.44, 171.36, 1.79849
_10195_, 303.44, 171.36, 1.79849
_10203_, 303.44, 171.36, 1.79849
_10737_, 303.44, 171.36, 1.79849
ANTENNA_114, 303.44, 171.36, 1.79849
FILLER_0_59_637, 303.44, 171.36, 1.79849
_11850_, 316.24, 171.36, 1.79852
_15533_, 316.24, 171.36, 1.79852
_15536_, 316.24, 171.36, 1.79852
FILLER_0_59_662, 316.24, 171.36, 1.79852
FILLER_0_59_673, 316.24, 171.36, 1.79852
_12865_, 341.84, 171.36, 1.79843
_13814_, 341.84, 171.36, 1.79843
_13815_, 341.84, 171.36, 1.79843
clkbuf_leaf_143_clk, 341.84, 171.36, 1.79843
FILLER_0_59_721, 341.84, 171.36, 1.79843
FILLER_0_60_734, 341.84, 171.36, 1.79843
FILLER_0_60_742, 341.84, 171.36, 1.79843
_08575_, 354.64, 171.36, 1.79833
_13811_, 354.64, 171.36, 1.79833
_16260_, 354.64, 171.36, 1.79833
FILLER_0_60_765, 354.64, 171.36, 1.79833
_07385_, 367.44, 171.36, 1.79824
_08574_, 367.44, 171.36, 1.79824
_12741_, 367.44, 171.36, 1.79824
FILLER_0_58_784, 367.44, 171.36, 1.79824
FILLER_0_59_785, 367.44, 171.36, 1.79824
_07394_, 380.24, 171.36, 1.79815
_12876_, 380.24, 171.36, 1.79815
FILLER_0_58_801, 380.24, 171.36, 1.79815
FILLER_0_58_809, 380.24, 171.36, 1.79815
FILLER_0_58_813, 380.24, 171.36, 1.79815
FILLER_0_59_814, 380.24, 171.36, 1.79815
_07402_, 393.04, 171.36, 1.79806
_12877_, 393.04, 171.36, 1.79806
_12889_, 393.04, 171.36, 1.79806
FILLER_0_59_850, 393.04, 171.36, 1.79806
_12890_, 405.84, 171.36, 1.79797
_12896_, 405.84, 171.36, 1.79797
FILLER_0_60_878, 405.84, 171.36, 1.79797
_08572_, 418.64, 171.36, 1.79789
_11428_, 418.64, 171.36, 1.79789
_15162_, 418.64, 171.36, 1.79789
hold405, 418.64, 171.36, 1.79789
FILLER_0_58_890, 418.64, 171.36, 1.79789
FILLER_0_59_887, 418.64, 171.36, 1.79789
_11446_, 431.44, 171.36, 1.7978
_15355_, 431.44, 171.36, 1.7978
hold539, 431.44, 171.36, 1.7978
FILLER_0_58_918, 431.44, 171.36, 1.7978
FILLER_0_59_926, 431.44, 171.36, 1.7978
FILLER_0_60_928, 431.44, 171.36, 1.7978
_11448_, 444.24, 171.36, 1.79773
_11450_, 444.24, 171.36, 1.79773
_15359_, 444.24, 171.36, 1.79773
hold471, 444.24, 171.36, 1.79773
_09631_, 457.04, 171.36, 1.79765
_09632_, 457.04, 171.36, 1.79765
_09738_, 457.04, 171.36, 1.79765
_09742_, 457.04, 171.36, 1.79765
FILLER_0_58_970, 457.04, 171.36, 1.79765
FILLER_0_58_981, 457.04, 171.36, 1.79765
FILLER_0_59_969, 457.04, 171.36, 1.79765
FILLER_0_59_980, 457.04, 171.36, 1.79765
FILLER_0_59_986, 457.04, 171.36, 1.79765
_08571_, 469.84, 171.36, 1.79758
_09739_, 469.84, 171.36, 1.79758
_15228_, 469.84, 171.36, 1.79758
FILLER_0_59_1000, 469.84, 171.36, 1.79758
FILLER_0_59_1009, 469.84, 171.36, 1.79758
_15429_, 5.52, 165.92, 1.79739
PHY_112, 5.52, 165.92, 1.79739
PHY_114, 5.52, 165.92, 1.79739
_11180_, 13.68, 165.92, 1.79739
_12094_, 13.68, 165.92, 1.79739
_11087_, 34.64, 165.92, 1.79745
_11229_, 34.64, 165.92, 1.79745
_15689_, 34.64, 165.92, 1.79745
FILLER_0_56_60, 34.64, 165.92, 1.79745
FILLER_0_57_76, 34.64, 165.92, 1.79745
_12147_, 47.44, 165.92, 1.79753
_12152_, 47.44, 165.92, 1.79753
_15668_, 47.44, 165.92, 1.79753
hold80, 47.44, 165.92, 1.79753
_12080_, 60.24, 165.92, 1.7976
_12442_, 60.24, 165.92, 1.7976
hold90, 60.24, 165.92, 1.7976
FILLER_0_56_117, 60.24, 165.92, 1.7976
FILLER_0_57_121, 60.24, 165.92, 1.7976
FILLER_0_58_130, 60.24, 165.92, 1.7976
_08465_, 73.04, 165.92, 1.79768
_11230_, 73.04, 165.92, 1.79768
_14308_, 73.04, 165.92, 1.79768
hold145, 73.04, 165.92, 1.79768
FILLER_0_56_137, 73.04, 165.92, 1.79768
FILLER_0_56_141, 73.04, 165.92, 1.79768
FILLER_0_57_142, 73.04, 165.92, 1.79768
FILLER_0_57_157, 73.04, 165.92, 1.79768
FILLER_0_58_149, 73.04, 165.92, 1.79768
_14351_, 85.84, 165.92, 1.79776
_14373_, 85.84, 165.92, 1.79776
_14409_, 85.84, 165.92, 1.79776
FILLER_0_57_165, 85.84, 165.92, 1.79776
FILLER_0_57_169, 85.84, 165.92, 1.79776
FILLER_0_57_183, 85.84, 165.92, 1.79776
_12167_, 98.64, 165.92, 1.79784
_15844_, 98.64, 165.92, 1.79784
hold70, 98.64, 165.92, 1.79784
FILLER_0_57_215, 98.64, 165.92, 1.79784
_11221_, 111.44, 165.92, 1.79792
_15688_, 111.44, 165.92, 1.79792
hold17, 111.44, 165.92, 1.79792
hold35, 111.44, 165.92, 1.79792
FILLER_0_56_221, 111.44, 165.92, 1.79792
FILLER_0_57_225, 111.44, 165.92, 1.79792
_11222_, 124.24, 165.92, 1.79801
_15640_, 124.24, 165.92, 1.79801
_15672_, 124.24, 165.92, 1.79801
FILLER_0_56_253, 124.24, 165.92, 1.79801
FILLER_0_57_269, 124.24, 165.92, 1.79801
FILLER_0_58_262, 124.24, 165.92, 1.79801
_12100_, 137.04, 165.92, 1.79811
hold14, 137.04, 165.92, 1.79811
FILLER_0_57_277, 137.04, 165.92, 1.79811
_12051_, 149.84, 165.92, 1.7982
_15538_, 149.84, 165.92, 1.7982
_15546_, 149.84, 165.92, 1.7982
FILLER_0_56_301, 149.84, 165.92, 1.7982
FILLER_0_57_317, 149.84, 165.92, 1.7982
_11857_, 162.64, 165.92, 1.79831
_11861_, 162.64, 165.92, 1.79831
_12530_, 162.64, 165.92, 1.79831
_15543_, 162.64, 165.92, 1.79831
hold567, 162.64, 165.92, 1.79831
FILLER_0_56_337, 162.64, 165.92, 1.79831
_12532_, 188.24, 165.92, 1.79836
_12615_, 188.24, 165.92, 1.79836
_12616_, 188.24, 165.92, 1.79836
_12639_, 188.24, 165.92, 1.79836
hold303, 188.24, 165.92, 1.79836
FILLER_0_56_389, 188.24, 165.92, 1.79836
FILLER_0_56_397, 188.24, 165.92, 1.79836
_12641_, 201.04, 165.92, 1.79831
_12642_, 201.04, 165.92, 1.79831
_15811_, 201.04, 165.92, 1.79831
hold919, 201.04, 165.92, 1.79831
FILLER_0_58_433, 201.04, 165.92, 1.79831
_11829_, 213.84, 165.92, 1.79826
_12634_, 213.84, 165.92, 1.79826
hold1491, 213.84, 165.92, 1.79826
hold1593, 213.84, 165.92, 1.79826
FILLER_0_57_445, 213.84, 165.92, 1.79826
FILLER_0_57_449, 213.84, 165.92, 1.79826
FILLER_0_58_465, 213.84, 165.92, 1.79826
_15739_, 226.64, 165.92, 1.79821
FILLER_0_56_470, 226.64, 165.92, 1.79821
FILLER_0_57_484, 226.64, 165.92, 1.79821
FILLER_0_57_492, 226.64, 165.92, 1.79821
FILLER_0_58_481, 226.64, 165.92, 1.79821
_08466_, 239.44, 165.92, 1.79818
_12378_, 239.44, 165.92, 1.79818
_12441_, 239.44, 165.92, 1.79818
_15784_, 239.44, 165.92, 1.79818
clkbuf_leaf_185_clk, 239.44, 165.92, 1.79818
FILLER_0_56_498, 239.44, 165.92, 1.79818
FILLER_0_58_512, 239.44, 165.92, 1.79818
_12512_, 252.24, 165.92, 1.79817
_15777_, 252.24, 165.92, 1.79817
_15789_, 252.24, 165.92, 1.79817
clkbuf_leaf_179_clk, 252.24, 165.92, 1.79817
FILLER_0_58_545, 252.24, 165.92, 1.79817
_08539_, 265.04, 165.92, 1.79819
_12690_, 265.04, 165.92, 1.79819
_12692_, 265.04, 165.92, 1.79819
_15833_, 265.04, 165.92, 1.79819
hold315, 265.04, 165.92, 1.79819
_12646_, 277.84, 165.92, 1.79823
hold304, 277.84, 165.92, 1.79823
hold1566, 277.84, 165.92, 1.79823
FILLER_0_58_605, 277.84, 165.92, 1.79823
_10197_, 290.64, 165.92, 1.79828
_10608_, 290.64, 165.92, 1.79828
_10609_, 290.64, 165.92, 1.79828
_10673_, 290.64, 165.92, 1.79828
_10674_, 290.64, 165.92, 1.79828
_12379_, 290.64, 165.92, 1.79828
FILLER_0_57_609, 290.64, 165.92, 1.79828
FILLER_0_57_617, 290.64, 165.92, 1.79828
FILLER_0_58_623, 290.64, 165.92, 1.79828
FILLER_0_58_630, 290.64, 165.92, 1.79828
_10018_, 303.44, 165.92, 1.79833
_10024_, 303.44, 165.92, 1.79833
_10607_, 303.44, 165.92, 1.79833
FILLER_0_56_636, 303.44, 165.92, 1.79833
FILLER_0_56_645, 303.44, 165.92, 1.79833
_10023_, 316.24, 165.92, 1.79838
_13818_, 316.24, 165.92, 1.79838
FILLER_0_56_669, 316.24, 165.92, 1.79838
FILLER_0_57_667, 316.24, 165.92, 1.79838
_12878_, 341.84, 165.92, 1.79834
_12891_, 341.84, 165.92, 1.79834
_12897_, 341.84, 165.92, 1.79834
_12899_, 341.84, 165.92, 1.79834
hold1011, 341.84, 165.92, 1.79834
_08467_, 354.64, 165.92, 1.79824
_11353_, 354.64, 165.92, 1.79824
_16264_, 354.64, 165.92, 1.79824
FILLER_0_56_750, 354.64, 165.92, 1.79824
FILLER_0_57_765, 354.64, 165.92, 1.79824
_12742_, 367.44, 165.92, 1.79815
_15372_, 367.44, 165.92, 1.79815
FILLER_0_56_774, 367.44, 165.92, 1.79815
FILLER_0_57_774, 367.44, 165.92, 1.79815
FILLER_0_57_797, 367.44, 165.92, 1.79815
_07390_, 380.24, 165.92, 1.79806
_12760_, 380.24, 165.92, 1.79806
_12870_, 380.24, 165.92, 1.79806
FILLER_0_56_803, 380.24, 165.92, 1.79806
_07406_, 393.04, 165.92, 1.79797
_12761_, 393.04, 165.92, 1.79797
FILLER_0_57_835, 393.04, 165.92, 1.79797
FILLER_0_57_853, 393.04, 165.92, 1.79797
FILLER_0_58_853, 393.04, 165.92, 1.79797
_12780_, 405.84, 165.92, 1.79788
_15889_, 405.84, 165.92, 1.79788
FILLER_0_57_877, 405.84, 165.92, 1.79788
_08573_, 418.64, 165.92, 1.7978
_09594_, 418.64, 165.92, 1.7978
_11425_, 418.64, 165.92, 1.7978
_11429_, 418.64, 165.92, 1.7978
hold384, 418.64, 165.92, 1.7978
FILLER_0_58_901, 418.64, 165.92, 1.7978
_15340_, 431.44, 165.92, 1.79772
FILLER_0_56_916, 431.44, 165.92, 1.79772
FILLER_0_57_913, 431.44, 165.92, 1.79772
_11451_, 444.24, 165.92, 1.79764
_15357_, 444.24, 165.92, 1.79764
_15360_, 444.24, 165.92, 1.79764
hold657, 444.24, 165.92, 1.79764
hold1039, 444.24, 165.92, 1.79764
FILLER_0_57_946, 444.24, 165.92, 1.79764
FILLER_0_57_953, 444.24, 165.92, 1.79764
_09736_, 457.04, 165.92, 1.79757
_09744_, 457.04, 165.92, 1.79757
_15178_, 457.04, 165.92, 1.79757
_15227_, 457.04, 165.92, 1.79757
hold480, 457.04, 165.92, 1.79757
FILLER_0_56_976, 457.04, 165.92, 1.79757
FILLER_0_57_974, 457.04, 165.92, 1.79757
FILLER_0_57_982, 457.04, 165.92, 1.79757
_09745_, 469.84, 165.92, 1.7975
_15231_, 469.84, 165.92, 1.7975
clkbuf_leaf_153_clk, 469.84, 165.92, 1.7975
FILLER_0_58_1013, 469.84, 165.92, 1.7975
PHY_108, 5.52, 160.48, 1.79737
PHY_110, 5.52, 160.48, 1.79737
output76, 5.52, 160.48, 1.79737
_12118_, 13.68, 160.48, 1.79737
FILLER_0_56_21, 13.68, 160.48, 1.79737
_12463_, 34.64, 160.48, 1.79742
_15755_, 34.64, 160.48, 1.79742
_16499_, 34.64, 160.48, 1.79742
FILLER_0_55_51, 34.64, 160.48, 1.79742
_12140_, 47.44, 160.48, 1.79749
_12141_, 47.44, 160.48, 1.79749
_12165_, 47.44, 160.48, 1.79749
FILLER_0_54_81, 47.44, 160.48, 1.79749
FILLER_0_56_93, 47.44, 160.48, 1.79749
_11181_, 60.24, 160.48, 1.79755
_14526_, 60.24, 160.48, 1.79755
_14540_, 60.24, 160.48, 1.79755
hold85, 60.24, 160.48, 1.79755
_11182_, 73.04, 160.48, 1.79761
FILLER_0_54_141, 73.04, 160.48, 1.79761
_11178_, 85.84, 160.48, 1.79768
_11231_, 85.84, 160.48, 1.79768
_16398_, 85.84, 160.48, 1.79768
_16430_, 85.84, 160.48, 1.79768
FILLER_0_55_165, 85.84, 160.48, 1.79768
FILLER_0_55_172, 85.84, 160.48, 1.79768
FILLER_0_56_177, 85.84, 160.48, 1.79768
_12709_, 98.64, 160.48, 1.79775
_12710_, 98.64, 160.48, 1.79775
hold64, 98.64, 160.48, 1.79775
FILLER_0_54_190, 98.64, 160.48, 1.79775
FILLER_0_55_212, 98.64, 160.48, 1.79775
FILLER_0_56_213, 98.64, 160.48, 1.79775
hold137, 111.44, 160.48, 1.79783
_11225_, 124.24, 160.48, 1.7979
FILLER_0_54_248, 124.24, 160.48, 1.7979
_11907_, 137.04, 160.48, 1.79797
_15551_, 137.04, 160.48, 1.79797
clkbuf_leaf_21_clk, 137.04, 160.48, 1.79797
FILLER_0_55_273, 137.04, 160.48, 1.79797
_11900_, 149.84, 160.48, 1.79808
_15548_, 149.84, 160.48, 1.79808
hold435, 149.84, 160.48, 1.79808
FILLER_0_54_309, 149.84, 160.48, 1.79808
_11856_, 162.64, 160.48, 1.79819
_11860_, 162.64, 160.48, 1.79819
_11885_, 162.64, 160.48, 1.79819
FILLER_0_55_333, 162.64, 160.48, 1.79819
FILLER_0_55_337, 162.64, 160.48, 1.79819
FILLER_0_56_353, 162.64, 160.48, 1.79819
_11893_, 188.24, 160.48, 1.79825
_11973_, 188.24, 160.48, 1.79825
_11974_, 188.24, 160.48, 1.79825
_15576_, 188.24, 160.48, 1.79825
clkbuf_leaf_187_clk, 188.24, 160.48, 1.79825
FILLER_0_56_403, 188.24, 160.48, 1.79825
_12533_, 201.04, 160.48, 1.79823
_12534_, 201.04, 160.48, 1.79823
_12628_, 201.04, 160.48, 1.79823
FILLER_0_54_413, 201.04, 160.48, 1.79823
FILLER_0_54_421, 201.04, 160.48, 1.79823
_12556_, 213.84, 160.48, 1.79821
_12633_, 213.84, 160.48, 1.79821
_15790_, 213.84, 160.48, 1.79821
_15808_, 213.84, 160.48, 1.79821
FILLER_0_54_445, 213.84, 160.48, 1.79821
FILLER_0_55_444, 213.84, 160.48, 1.79821
FILLER_0_55_449, 213.84, 160.48, 1.79821
_08488_, 226.64, 160.48, 1.79821
_09805_, 226.64, 160.48, 1.79821
_12540_, 226.64, 160.48, 1.79821
_15786_, 226.64, 160.48, 1.79821
FILLER_0_56_489, 226.64, 160.48, 1.79821
_12500_, 239.44, 160.48, 1.79821
_12508_, 239.44, 160.48, 1.79821
_12538_, 239.44, 160.48, 1.79821
_12542_, 239.44, 160.48, 1.79821
_12546_, 239.44, 160.48, 1.79821
hold1483, 239.44, 160.48, 1.79821
_12515_, 252.24, 160.48, 1.79822
_12518_, 252.24, 160.48, 1.79822
_12519_, 252.24, 160.48, 1.79822
_12549_, 252.24, 160.48, 1.79822
_12555_, 252.24, 160.48, 1.79822
_12557_, 252.24, 160.48, 1.79822
_12688_, 265.04, 160.48, 1.79823
_15831_, 265.04, 160.48, 1.79823
FILLER_0_54_557, 265.04, 160.48, 1.79823
FILLER_0_55_553, 265.04, 160.48, 1.79823
FILLER_0_56_575, 265.04, 160.48, 1.79823
_12645_, 277.84, 160.48, 1.79824
_12687_, 277.84, 160.48, 1.79824
_15815_, 277.84, 160.48, 1.79824
FILLER_0_54_582, 277.84, 160.48, 1.79824
FILLER_0_56_601, 277.84, 160.48, 1.79824
_10555_, 290.64, 160.48, 1.79827
_10612_, 290.64, 160.48, 1.79827
_10668_, 290.64, 160.48, 1.79827
_10863_, 290.64, 160.48, 1.79827
FILLER_0_55_611, 290.64, 160.48, 1.79827
FILLER_0_56_623, 290.64, 160.48, 1.79827
_09993_, 303.44, 160.48, 1.79829
_09994_, 303.44, 160.48, 1.79829
_10019_, 303.44, 160.48, 1.79829
_10020_, 303.44, 160.48, 1.79829
_10021_, 303.44, 160.48, 1.79829
_10611_, 303.44, 160.48, 1.79829
_10667_, 303.44, 160.48, 1.79829
FILLER_0_55_638, 303.44, 160.48, 1.79829
_12763_, 316.24, 160.48, 1.79832
_15858_, 316.24, 160.48, 1.79832
hold679, 316.24, 160.48, 1.79832
hold1312, 316.24, 160.48, 1.79832
_12871_, 341.84, 160.48, 1.79825
_13806_, 341.84, 160.48, 1.79825
_13817_, 341.84, 160.48, 1.79825
_13819_, 341.84, 160.48, 1.79825
_15873_, 341.84, 160.48, 1.79825
FILLER_0_56_738, 341.84, 160.48, 1.79825
_08634_, 354.64, 160.48, 1.79816
_12749_, 354.64, 160.48, 1.79816
_12762_, 354.64, 160.48, 1.79816
FILLER_0_54_752, 354.64, 160.48, 1.79816
_11469_, 367.44, 160.48, 1.79808
_12781_, 367.44, 160.48, 1.79808
_12869_, 367.44, 160.48, 1.79808
hold344, 367.44, 160.48, 1.79808
FILLER_0_55_792, 367.44, 160.48, 1.79808
_07391_, 380.24, 160.48, 1.79799
_12754_, 380.24, 160.48, 1.79799
_12969_, 380.24, 160.48, 1.79799
ANTENNA_1, 380.24, 160.48, 1.79799
FILLER_0_54_809, 380.24, 160.48, 1.79799
FILLER_0_56_822, 380.24, 160.48, 1.79799
_08489_, 393.04, 160.48, 1.7979
_12779_, 393.04, 160.48, 1.7979
ANTENNA_77, 393.04, 160.48, 1.7979
FILLER_0_54_834, 393.04, 160.48, 1.7979
FILLER_0_54_842, 393.04, 160.48, 1.7979
FILLER_0_55_835, 393.04, 160.48, 1.7979
FILLER_0_55_841, 393.04, 160.48, 1.7979
FILLER_0_55_854, 393.04, 160.48, 1.7979
_12895_, 405.84, 160.48, 1.79782
_12970_, 405.84, 160.48, 1.79782
FILLER_0_54_860, 405.84, 160.48, 1.79782
_08591_, 418.64, 160.48, 1.79774
_15344_, 418.64, 160.48, 1.79774
clkbuf_leaf_156_clk, 418.64, 160.48, 1.79774
FILLER_0_55_890, 418.64, 160.48, 1.79774
_12021_, 431.44, 160.48, 1.79768
_12022_, 431.44, 160.48, 1.79768
_15596_, 431.44, 160.48, 1.79768
hold424, 431.44, 160.48, 1.79768
FILLER_0_54_925, 431.44, 160.48, 1.79768
FILLER_0_55_917, 431.44, 160.48, 1.79768
_11447_, 444.24, 160.48, 1.79762
_15356_, 444.24, 160.48, 1.79762
FILLER_0_55_947, 444.24, 160.48, 1.79762
_09628_, 457.04, 160.48, 1.79757
_09737_, 457.04, 160.48, 1.79757
_15212_, 469.84, 160.48, 1.79751
FILLER_0_55_1005, 469.84, 160.48, 1.79751
_15653_, 5.52, 155.04, 1.7973
PHY_104, 5.52, 155.04, 1.7973
PHY_106, 5.52, 155.04, 1.7973
FILLER_0_53_3, 5.52, 155.04, 1.7973
FILLER_0_54_3, 5.52, 155.04, 1.7973
_11188_, 13.68, 155.04, 1.7973
hold107, 13.68, 155.04, 1.7973
_12095_, 34.64, 155.04, 1.79732
_12457_, 34.64, 155.04, 1.79732
_14547_, 34.64, 155.04, 1.79732
_15751_, 34.64, 155.04, 1.79732
hold125, 34.64, 155.04, 1.79732
hold199, 34.64, 155.04, 1.79732
FILLER_0_52_58, 34.64, 155.04, 1.79732
FILLER_0_53_52, 34.64, 155.04, 1.79732
FILLER_0_54_70, 34.64, 155.04, 1.79732
_11189_, 47.44, 155.04, 1.79733
_12456_, 47.44, 155.04, 1.79733
_15669_, 47.44, 155.04, 1.79733
hold74, 47.44, 155.04, 1.79733
hold126, 47.44, 155.04, 1.79733
FILLER_0_53_79, 47.44, 155.04, 1.79733
_15750_, 60.24, 155.04, 1.79735
_16494_, 60.24, 155.04, 1.79735
clkbuf_leaf_9_clk, 60.24, 155.04, 1.79735
FILLER_0_52_106, 60.24, 155.04, 1.79735
FILLER_0_53_106, 60.24, 155.04, 1.79735
_11190_, 73.04, 155.04, 1.7974
_16414_, 73.04, 155.04, 1.7974
FILLER_0_52_136, 73.04, 155.04, 1.7974
FILLER_0_53_133, 73.04, 155.04, 1.7974
_14365_, 85.84, 155.04, 1.79745
_14387_, 85.84, 155.04, 1.79745
_16415_, 85.84, 155.04, 1.79745
hold76, 85.84, 155.04, 1.79745
hold229, 85.84, 155.04, 1.79745
FILLER_0_54_179, 85.84, 155.04, 1.79745
_11186_, 98.64, 155.04, 1.79751
_14410_, 98.64, 155.04, 1.79751
hold138, 98.64, 155.04, 1.79751
FILLER_0_52_193, 98.64, 155.04, 1.79751
FILLER_0_54_209, 98.64, 155.04, 1.79751
_11224_, 111.44, 155.04, 1.79757
_15845_, 111.44, 155.04, 1.79757
_16431_, 111.44, 155.04, 1.79757
clkbuf_leaf_20_clk, 111.44, 155.04, 1.79757
hold111, 111.44, 155.04, 1.79757
FILLER_0_54_239, 111.44, 155.04, 1.79757
_11206_, 124.24, 155.04, 1.79766
_15271_, 124.24, 155.04, 1.79766
_15273_, 124.24, 155.04, 1.79766
_11894_, 137.04, 155.04, 1.79777
_15549_, 137.04, 155.04, 1.79777
_15550_, 137.04, 155.04, 1.79777
hold463, 137.04, 155.04, 1.79777
FILLER_0_53_281, 137.04, 155.04, 1.79777
_11895_, 149.84, 155.04, 1.7979
_15547_, 149.84, 155.04, 1.7979
hold414, 149.84, 155.04, 1.7979
hold421, 149.84, 155.04, 1.7979
hold448, 149.84, 155.04, 1.7979
FILLER_0_53_326, 149.84, 155.04, 1.7979
_09835_, 162.64, 155.04, 1.79803
_11859_, 162.64, 155.04, 1.79803
_11873_, 162.64, 155.04, 1.79803
_11883_, 162.64, 155.04, 1.79803
_11884_, 162.64, 155.04, 1.79803
FILLER_0_53_353, 162.64, 155.04, 1.79803
_09851_, 188.24, 155.04, 1.79813
_11921_, 188.24, 155.04, 1.79813
_15738_, 188.24, 155.04, 1.79813
hold1523, 188.24, 155.04, 1.79813
FILLER_0_52_385, 188.24, 155.04, 1.79813
FILLER_0_52_397, 188.24, 155.04, 1.79813
_11826_, 201.04, 155.04, 1.79811
_11838_, 201.04, 155.04, 1.79811
_12364_, 201.04, 155.04, 1.79811
_12375_, 201.04, 155.04, 1.79811
_12376_, 201.04, 155.04, 1.79811
_13803_, 201.04, 155.04, 1.79811
_11867_, 213.84, 155.04, 1.79809
_12550_, 213.84, 155.04, 1.79809
_12618_, 213.84, 155.04, 1.79809
FILLER_0_52_442, 213.84, 155.04, 1.79809
FILLER_0_52_450, 213.84, 155.04, 1.79809
FILLER_0_53_440, 213.84, 155.04, 1.79809
FILLER_0_53_449, 213.84, 155.04, 1.79809
_11830_, 226.64, 155.04, 1.79808
_12539_, 226.64, 155.04, 1.79808
_12543_, 226.64, 155.04, 1.79808
_12544_, 226.64, 155.04, 1.79808
_12547_, 226.64, 155.04, 1.79808
_12548_, 226.64, 155.04, 1.79808
_12595_, 226.64, 155.04, 1.79808
FILLER_0_52_471, 226.64, 155.04, 1.79808
FILLER_0_54_489, 226.64, 155.04, 1.79808
_12636_, 239.44, 155.04, 1.79807
FILLER_0_53_496, 239.44, 155.04, 1.79807
FILLER_0_53_521, 239.44, 155.04, 1.79807
FILLER_0_54_521, 239.44, 155.04, 1.79807
_12505_, 252.24, 155.04, 1.79806
_12551_, 252.24, 155.04, 1.79806
_12554_, 252.24, 155.04, 1.79806
_15787_, 252.24, 155.04, 1.79806
_15788_, 252.24, 155.04, 1.79806
_11840_, 265.04, 155.04, 1.79806
_12563_, 265.04, 155.04, 1.79806
_12586_, 265.04, 155.04, 1.79806
_12691_, 265.04, 155.04, 1.79806
FILLER_0_52_561, 265.04, 155.04, 1.79806
FILLER_0_53_553, 265.04, 155.04, 1.79806
_10610_, 277.84, 155.04, 1.79807
_11872_, 277.84, 155.04, 1.79807
_12643_, 277.84, 155.04, 1.79807
_12651_, 277.84, 155.04, 1.79807
hold513, 277.84, 155.04, 1.79807
FILLER_0_52_581, 277.84, 155.04, 1.79807
FILLER_0_53_596, 277.84, 155.04, 1.79807
_10136_, 290.64, 155.04, 1.79809
_10613_, 290.64, 155.04, 1.79809
_10915_, 290.64, 155.04, 1.79809
_10920_, 290.64, 155.04, 1.79809
_10923_, 290.64, 155.04, 1.79809
_09991_, 303.44, 155.04, 1.79812
_09997_, 303.44, 155.04, 1.79812
_10198_, 303.44, 155.04, 1.79812
FILLER_0_52_634, 303.44, 155.04, 1.79812
FILLER_0_53_641, 303.44, 155.04, 1.79812
_12764_, 316.24, 155.04, 1.79816
_12769_, 316.24, 155.04, 1.79816
_12783_, 316.24, 155.04, 1.79816
_15859_, 316.24, 155.04, 1.79816
_15861_, 316.24, 155.04, 1.79816
hold972, 316.24, 155.04, 1.79816
_12874_, 341.84, 155.04, 1.7981
_13813_, 341.84, 155.04, 1.7981
_15874_, 341.84, 155.04, 1.7981
hold1374, 341.84, 155.04, 1.7981
FILLER_0_52_727, 341.84, 155.04, 1.7981
FILLER_0_53_745, 341.84, 155.04, 1.7981
FILLER_0_54_737, 341.84, 155.04, 1.7981
_08593_, 354.64, 155.04, 1.79799
_16262_, 354.64, 155.04, 1.79799
FILLER_0_52_757, 354.64, 155.04, 1.79799
_08592_, 367.44, 155.04, 1.7979
_12753_, 367.44, 155.04, 1.7979
clkbuf_leaf_144_clk, 367.44, 155.04, 1.7979
FILLER_0_52_773, 367.44, 155.04, 1.7979
FILLER_0_53_778, 367.44, 155.04, 1.7979
FILLER_0_53_797, 367.44, 155.04, 1.7979
_07381_, 380.24, 155.04, 1.79782
_07386_, 380.24, 155.04, 1.79782
hold345, 380.24, 155.04, 1.79782
FILLER_0_53_821, 380.24, 155.04, 1.79782
_08641_, 393.04, 155.04, 1.79775
_12766_, 393.04, 155.04, 1.79775
_12882_, 393.04, 155.04, 1.79775
_12883_, 393.04, 155.04, 1.79775
_12973_, 393.04, 155.04, 1.79775
FILLER_0_53_830, 393.04, 155.04, 1.79775
_12767_, 405.84, 155.04, 1.79768
_12974_, 405.84, 155.04, 1.79768
_15891_, 405.84, 155.04, 1.79768
FILLER_0_52_869, 405.84, 155.04, 1.79768
FILLER_0_53_867, 405.84, 155.04, 1.79768
FILLER_0_54_881, 405.84, 155.04, 1.79768
_08590_, 418.64, 155.04, 1.79761
_11427_, 418.64, 155.04, 1.79761
_15342_, 418.64, 155.04, 1.79761
FILLER_0_53_887, 418.64, 155.04, 1.79761
FILLER_0_54_907, 418.64, 155.04, 1.79761
_09601_, 431.44, 155.04, 1.79755
_09602_, 431.44, 155.04, 1.79755
_12026_, 431.44, 155.04, 1.79755
_15598_, 431.44, 155.04, 1.79755
clkbuf_leaf_155_clk, 431.44, 155.04, 1.79755
_11449_, 444.24, 155.04, 1.79752
_13872_, 444.24, 155.04, 1.79752
hold431, 444.24, 155.04, 1.79752
hold518, 444.24, 155.04, 1.79752
FILLER_0_53_945, 444.24, 155.04, 1.79752
FILLER_0_53_953, 444.24, 155.04, 1.79752
_09635_, 457.04, 155.04, 1.79749
_09670_, 457.04, 155.04, 1.79749
_09705_, 457.04, 155.04, 1.79749
hold432, 457.04, 155.04, 1.79749
FILLER_0_53_982, 457.04, 155.04, 1.79749
FILLER_0_53_990, 457.04, 155.04, 1.79749
FILLER_0_54_993, 457.04, 155.04, 1.79749
_08589_, 469.84, 155.04, 1.79745
_09671_, 469.84, 155.04, 1.79745
_09741_, 469.84, 155.04, 1.79745
_15180_, 469.84, 155.04, 1.79745
_15196_, 469.84, 155.04, 1.79745
FILLER_0_53_1004, 469.84, 155.04, 1.79745
_15430_, 5.52, 149.6, 1.79729
PHY_100, 5.52, 149.6, 1.79729
PHY_102, 5.52, 149.6, 1.79729
_11583_, 13.68, 149.6, 1.7973
hold102, 13.68, 149.6, 1.7973
FILLER_0_51_15, 13.68, 149.6, 1.7973
_14541_, 34.64, 149.6, 1.79732
_16495_, 34.64, 149.6, 1.79732
FILLER_0_51_51, 34.64, 149.6, 1.79732
FILLER_0_51_57, 34.64, 149.6, 1.79732
FILLER_0_51_76, 34.64, 149.6, 1.79732
_15685_, 47.44, 149.6, 1.79734
hold144, 47.44, 149.6, 1.79734
hold172, 47.44, 149.6, 1.79734
FILLER_0_51_104, 47.44, 149.6, 1.79734
_12069_, 60.24, 149.6, 1.79737
_12210_, 60.24, 149.6, 1.79737
_12233_, 60.24, 149.6, 1.79737
_12444_, 60.24, 149.6, 1.79737
_14528_, 60.24, 149.6, 1.79737
hold210, 60.24, 149.6, 1.79737
FILLER_0_50_107, 60.24, 149.6, 1.79737
_11091_, 73.04, 149.6, 1.7974
_12209_, 73.04, 149.6, 1.7974
_14296_, 73.04, 149.6, 1.7974
clkbuf_leaf_8_clk, 73.04, 149.6, 1.7974
FILLER_0_50_135, 73.04, 149.6, 1.7974
FILLER_0_51_133, 73.04, 149.6, 1.7974
FILLER_0_51_159, 73.04, 149.6, 1.7974
FILLER_0_52_153, 73.04, 149.6, 1.7974
_11094_, 85.84, 149.6, 1.79747
_14353_, 85.84, 149.6, 1.79747
_14375_, 85.84, 149.6, 1.79747
_14388_, 85.84, 149.6, 1.79747
FILLER_0_51_169, 85.84, 149.6, 1.79747
FILLER_0_51_178, 85.84, 149.6, 1.79747
FILLER_0_52_179, 85.84, 149.6, 1.79747
_11120_, 98.64, 149.6, 1.79753
_12697_, 98.64, 149.6, 1.79753
_14366_, 98.64, 149.6, 1.79753
_14397_, 98.64, 149.6, 1.79753
_14416_, 98.64, 149.6, 1.79753
hold204, 98.64, 149.6, 1.79753
FILLER_0_50_191, 98.64, 149.6, 1.79753
FILLER_0_51_207, 98.64, 149.6, 1.79753
FILLER_0_52_205, 98.64, 149.6, 1.79753
_11191_, 111.44, 149.6, 1.79761
_11207_, 111.44, 149.6, 1.79761
_11215_, 111.44, 149.6, 1.79761
_11216_, 111.44, 149.6, 1.79761
_16399_, 111.44, 149.6, 1.79761
FILLER_0_51_218, 111.44, 149.6, 1.79761
FILLER_0_52_234, 111.44, 149.6, 1.79761
_11198_, 124.24, 149.6, 1.79769
_15272_, 124.24, 149.6, 1.79769
FILLER_0_51_270, 124.24, 149.6, 1.79769
FILLER_0_52_270, 124.24, 149.6, 1.79769
_11903_, 137.04, 149.6, 1.79778
_11905_, 137.04, 149.6, 1.79778
hold466, 137.04, 149.6, 1.79778
FILLER_0_51_281, 137.04, 149.6, 1.79778
FILLER_0_52_293, 137.04, 149.6, 1.79778
_11858_, 149.84, 149.6, 1.79788
_11896_, 149.84, 149.6, 1.79788
_11897_, 149.84, 149.6, 1.79788
hold617, 149.84, 149.6, 1.79788
FILLER_0_51_301, 149.84, 149.6, 1.79788
FILLER_0_51_327, 149.84, 149.6, 1.79788
FILLER_0_52_326, 149.84, 149.6, 1.79788
_09836_, 162.64, 149.6, 1.79798
_11853_, 162.64, 149.6, 1.79798
_11854_, 162.64, 149.6, 1.79798
_11874_, 162.64, 149.6, 1.79798
_11876_, 162.64, 149.6, 1.79798
_11891_, 162.64, 149.6, 1.79798
_12377_, 188.24, 149.6, 1.79805
FILLER_0_50_387, 188.24, 149.6, 1.79805
FILLER_0_50_395, 188.24, 149.6, 1.79805
FILLER_0_52_408, 188.24, 149.6, 1.79805
_09806_, 201.04, 149.6, 1.79802
_12365_, 201.04, 149.6, 1.79802
_12366_, 201.04, 149.6, 1.79802
_12369_, 201.04, 149.6, 1.79802
FILLER_0_51_417, 201.04, 149.6, 1.79802
FILLER_0_51_438, 201.04, 149.6, 1.79802
_11870_, 213.84, 149.6, 1.798
_12553_, 213.84, 149.6, 1.798
_15540_, 213.84, 149.6, 1.798
hold343, 213.84, 149.6, 1.798
FILLER_0_51_465, 213.84, 149.6, 1.798
_08469_, 226.64, 149.6, 1.79798
_08470_, 226.64, 149.6, 1.79798
_12545_, 226.64, 149.6, 1.79798
_15785_, 226.64, 149.6, 1.79798
FILLER_0_50_472, 226.64, 149.6, 1.79798
FILLER_0_50_477, 226.64, 149.6, 1.79798
FILLER_0_51_473, 226.64, 149.6, 1.79798
FILLER_0_51_497, 239.44, 149.6, 1.79799
FILLER_0_51_517, 239.44, 149.6, 1.79799
_12552_, 252.24, 149.6, 1.79799
FILLER_0_50_533, 252.24, 149.6, 1.79799
FILLER_0_51_525, 252.24, 149.6, 1.79799
_12313_, 265.04, 149.6, 1.79799
_12314_, 265.04, 149.6, 1.79799
_12318_, 265.04, 149.6, 1.79799
_12647_, 265.04, 149.6, 1.79799
_12689_, 265.04, 149.6, 1.79799
FILLER_0_51_555, 265.04, 149.6, 1.79799
FILLER_0_51_561, 265.04, 149.6, 1.79799
FILLER_0_51_569, 265.04, 149.6, 1.79799
FILLER_0_52_571, 265.04, 149.6, 1.79799
_12648_, 277.84, 149.6, 1.798
_12650_, 277.84, 149.6, 1.798
_10199_, 290.64, 149.6, 1.798
_10201_, 290.64, 149.6, 1.798
_10206_, 290.64, 149.6, 1.798
_10734_, 290.64, 149.6, 1.798
_10736_, 290.64, 149.6, 1.798
FILLER_0_51_607, 290.64, 149.6, 1.798
FILLER_0_51_617, 290.64, 149.6, 1.798
_10204_, 303.44, 149.6, 1.79803
_10205_, 303.44, 149.6, 1.79803
_10554_, 303.44, 149.6, 1.79803
_10733_, 303.44, 149.6, 1.79803
FILLER_0_50_641, 303.44, 149.6, 1.79803
FILLER_0_52_661, 303.44, 149.6, 1.79803
_09859_, 316.24, 149.6, 1.79806
_12770_, 316.24, 149.6, 1.79806
clkbuf_leaf_178_clk, 316.24, 149.6, 1.79806
hold1515, 316.24, 149.6, 1.79806
FILLER_0_50_669, 316.24, 149.6, 1.79806
FILLER_0_51_682, 316.24, 149.6, 1.79806
FILLER_0_52_687, 316.24, 149.6, 1.79806
_12884_, 341.84, 149.6, 1.79804
_12886_, 341.84, 149.6, 1.79804
FILLER_0_51_721, 341.84, 149.6, 1.79804
_11357_, 354.64, 149.6, 1.79796
_12755_, 354.64, 149.6, 1.79796
_12768_, 354.64, 149.6, 1.79796
_16265_, 354.64, 149.6, 1.79796
FILLER_0_50_751, 354.64, 149.6, 1.79796
FILLER_0_51_753, 354.64, 149.6, 1.79796
_12775_, 367.44, 149.6, 1.7979
_15374_, 367.44, 149.6, 1.7979
_15377_, 367.44, 149.6, 1.7979
FILLER_0_51_785, 367.44, 149.6, 1.7979
FILLER_0_52_798, 367.44, 149.6, 1.7979
_07384_, 380.24, 149.6, 1.79784
_11471_, 380.24, 149.6, 1.79784
hold337, 380.24, 149.6, 1.79784
FILLER_0_50_813, 380.24, 149.6, 1.79784
FILLER_0_52_819, 380.24, 149.6, 1.79784
FILLER_0_52_827, 380.24, 149.6, 1.79784
_07398_, 393.04, 149.6, 1.79778
hold377, 393.04, 149.6, 1.79778
FILLER_0_50_830, 393.04, 149.6, 1.79778
FILLER_0_50_841, 393.04, 149.6, 1.79778
FILLER_0_51_835, 393.04, 149.6, 1.79778
_12765_, 405.84, 149.6, 1.79772
_12881_, 405.84, 149.6, 1.79772
FILLER_0_50_861, 405.84, 149.6, 1.79772
FILLER_0_50_869, 405.84, 149.6, 1.79772
_13848_, 418.64, 149.6, 1.79766
hold362, 418.64, 149.6, 1.79766
FILLER_0_51_897, 418.64, 149.6, 1.79766
FILLER_0_52_910, 418.64, 149.6, 1.79766
_11358_, 431.44, 149.6, 1.7976
_12025_, 431.44, 149.6, 1.7976
_15164_, 431.44, 149.6, 1.7976
FILLER_0_50_925, 431.44, 149.6, 1.7976
FILLER_0_51_916, 431.44, 149.6, 1.7976
FILLER_0_51_939, 431.44, 149.6, 1.7976
_13929_, 444.24, 149.6, 1.79755
_15358_, 444.24, 149.6, 1.79755
_16295_, 444.24, 149.6, 1.79755
hold441, 444.24, 149.6, 1.79755
_09636_, 457.04, 149.6, 1.79751
_09704_, 457.04, 149.6, 1.79751
_09740_, 457.04, 149.6, 1.79751
_16327_, 457.04, 149.6, 1.79751
FILLER_0_50_976, 457.04, 149.6, 1.79751
_15229_, 469.84, 149.6, 1.79746
PHY_96, 5.52, 144.16, 1.79726
PHY_98, 5.52, 144.16, 1.79726
output97, 5.52, 144.16, 1.79726
_12116_, 13.68, 144.16, 1.79726
hold146, 13.68, 144.16, 1.79726
FILLER_0_49_9, 13.68, 144.16, 1.79726
_11067_, 34.64, 144.16, 1.79727
_11136_, 34.64, 144.16, 1.79727
_12163_, 34.64, 144.16, 1.79727
_12455_, 34.64, 144.16, 1.79727
clkbuf_leaf_10_clk, 34.64, 144.16, 1.79727
FILLER_0_49_64, 34.64, 144.16, 1.79727
FILLER_0_50_76, 34.64, 144.16, 1.79727
_15667_, 47.44, 144.16, 1.79731
_15683_, 47.44, 144.16, 1.79731
FILLER_0_48_85, 47.44, 144.16, 1.79731
FILLER_0_49_97, 47.44, 144.16, 1.79731
_11092_, 60.24, 144.16, 1.79736
_11171_, 60.24, 144.16, 1.79736
_15731_, 60.24, 144.16, 1.79736
hold124, 60.24, 144.16, 1.79736
hold171, 60.24, 144.16, 1.79736
FILLER_0_49_113, 60.24, 144.16, 1.79736
_16365_, 73.04, 144.16, 1.79741
FILLER_0_48_141, 73.04, 144.16, 1.79741
FILLER_0_50_153, 73.04, 144.16, 1.79741
_11226_, 85.84, 144.16, 1.79747
_16403_, 85.84, 144.16, 1.79747
FILLER_0_49_164, 85.84, 144.16, 1.79747
_14364_, 98.64, 144.16, 1.79753
_15849_, 98.64, 144.16, 1.79753
hold60, 98.64, 144.16, 1.79753
hold93, 98.64, 144.16, 1.79753
FILLER_0_49_208, 98.64, 144.16, 1.79753
_16397_, 111.44, 144.16, 1.7976
hold230, 111.44, 144.16, 1.7976
FILLER_0_49_220, 111.44, 144.16, 1.7976
FILLER_0_50_243, 111.44, 144.16, 1.7976
_11782_, 124.24, 144.16, 1.79767
FILLER_0_48_253, 124.24, 144.16, 1.79767
FILLER_0_50_271, 124.24, 144.16, 1.79767
_11783_, 137.04, 144.16, 1.79774
_11875_, 137.04, 144.16, 1.79774
_15513_, 137.04, 144.16, 1.79774
FILLER_0_49_276, 137.04, 144.16, 1.79774
FILLER_0_50_289, 137.04, 144.16, 1.79774
_11781_, 149.84, 144.16, 1.79781
_11864_, 149.84, 144.16, 1.79781
_15511_, 149.84, 144.16, 1.79781
FILLER_0_49_325, 149.84, 144.16, 1.79781
FILLER_0_50_314, 149.84, 144.16, 1.79781
_09811_, 162.64, 144.16, 1.7979
_09812_, 162.64, 144.16, 1.7979
_11865_, 162.64, 144.16, 1.7979
_11868_, 162.64, 144.16, 1.7979
_11886_, 162.64, 144.16, 1.7979
_11890_, 162.64, 144.16, 1.7979
_12017_, 162.64, 144.16, 1.7979
FILLER_0_49_333, 162.64, 144.16, 1.7979
FILLER_0_49_337, 162.64, 144.16, 1.7979
FILLER_0_49_346, 162.64, 144.16, 1.7979
_09847_, 188.24, 144.16, 1.79796
_09848_, 188.24, 144.16, 1.79796
_12353_, 188.24, 144.16, 1.79796
_12354_, 188.24, 144.16, 1.79796
_12360_, 188.24, 144.16, 1.79796
FILLER_0_49_389, 188.24, 144.16, 1.79796
_12355_, 201.04, 144.16, 1.79794
_12361_, 201.04, 144.16, 1.79794
_12362_, 201.04, 144.16, 1.79794
_12368_, 201.04, 144.16, 1.79794
FILLER_0_50_431, 201.04, 144.16, 1.79794
_11832_, 213.84, 144.16, 1.79792
_11866_, 213.84, 144.16, 1.79792
_11869_, 213.84, 144.16, 1.79792
_12018_, 213.84, 144.16, 1.79792
_12367_, 213.84, 144.16, 1.79792
_15539_, 213.84, 144.16, 1.79792
FILLER_0_48_451, 213.84, 144.16, 1.79792
_08472_, 226.64, 144.16, 1.79791
_11882_, 226.64, 144.16, 1.79791
_15542_, 226.64, 144.16, 1.79791
FILLER_0_48_477, 226.64, 144.16, 1.79791
FILLER_0_49_474, 226.64, 144.16, 1.79791
_11877_, 239.44, 144.16, 1.79791
_12298_, 239.44, 144.16, 1.79791
_12300_, 239.44, 144.16, 1.79791
_12301_, 239.44, 144.16, 1.79791
_12419_, 239.44, 144.16, 1.79791
FILLER_0_49_498, 239.44, 144.16, 1.79791
FILLER_0_49_505, 239.44, 144.16, 1.79791
_12316_, 252.24, 144.16, 1.79791
_12420_, 252.24, 144.16, 1.79791
_12421_, 252.24, 144.16, 1.79791
FILLER_0_48_524, 252.24, 144.16, 1.79791
FILLER_0_50_541, 252.24, 144.16, 1.79791
_12302_, 265.04, 144.16, 1.79792
_12304_, 265.04, 144.16, 1.79792
_12315_, 265.04, 144.16, 1.79792
FILLER_0_48_553, 265.04, 144.16, 1.79792
FILLER_0_48_561, 265.04, 144.16, 1.79792
FILLER_0_49_553, 265.04, 144.16, 1.79792
FILLER_0_49_573, 265.04, 144.16, 1.79792
_10675_, 277.84, 144.16, 1.79793
_12271_, 277.84, 144.16, 1.79793
_12307_, 277.84, 144.16, 1.79793
FILLER_0_49_586, 277.84, 144.16, 1.79793
FILLER_0_50_601, 277.84, 144.16, 1.79793
_10735_, 290.64, 144.16, 1.79794
_10917_, 290.64, 144.16, 1.79794
_10921_, 290.64, 144.16, 1.79794
_10922_, 290.64, 144.16, 1.79794
_12681_, 290.64, 144.16, 1.79794
FILLER_0_48_615, 290.64, 144.16, 1.79794
FILLER_0_49_609, 290.64, 144.16, 1.79794
FILLER_0_49_623, 290.64, 144.16, 1.79794
FILLER_0_50_630, 290.64, 144.16, 1.79794
_10671_, 303.44, 144.16, 1.79797
FILLER_0_48_645, 303.44, 144.16, 1.79797
FILLER_0_49_646, 303.44, 144.16, 1.79797
FILLER_0_49_654, 303.44, 144.16, 1.79797
_12751_, 316.24, 144.16, 1.79799
_12756_, 316.24, 144.16, 1.79799
_12758_, 316.24, 144.16, 1.79799
_12776_, 316.24, 144.16, 1.79799
_15857_, 316.24, 144.16, 1.79799
_15860_, 316.24, 144.16, 1.79799
FILLER_0_49_662, 316.24, 144.16, 1.79799
FILLER_0_50_680, 316.24, 144.16, 1.79799
_08475_, 341.84, 144.16, 1.79796
_08502_, 341.84, 144.16, 1.79796
_13820_, 341.84, 144.16, 1.79796
_13821_, 341.84, 144.16, 1.79796
FILLER_0_49_729, 341.84, 144.16, 1.79796
FILLER_0_50_739, 341.84, 144.16, 1.79796
_08500_, 354.64, 144.16, 1.79789
_08507_, 354.64, 144.16, 1.79789
_11363_, 354.64, 144.16, 1.79789
FILLER_0_49_757, 354.64, 144.16, 1.79789
_07410_, 367.44, 144.16, 1.79783
_11474_, 367.44, 144.16, 1.79783
FILLER_0_49_785, 367.44, 144.16, 1.79783
FILLER_0_49_795, 367.44, 144.16, 1.79783
_07411_, 380.24, 144.16, 1.79777
_11430_, 380.24, 144.16, 1.79777
_15345_, 380.24, 144.16, 1.79777
_07399_, 393.04, 144.16, 1.79772
_08476_, 393.04, 144.16, 1.79772
_08490_, 393.04, 144.16, 1.79772
FILLER_0_48_838, 393.04, 144.16, 1.79772
FILLER_0_49_837, 393.04, 144.16, 1.79772
FILLER_0_49_841, 393.04, 144.16, 1.79772
_07397_, 405.84, 144.16, 1.79766
_08478_, 405.84, 144.16, 1.79766
FILLER_0_48_865, 405.84, 144.16, 1.79766
_16278_, 418.64, 144.16, 1.79761
FILLER_0_49_890, 418.64, 144.16, 1.79761
FILLER_0_50_900, 418.64, 144.16, 1.79761
_15310_, 431.44, 144.16, 1.79757
hold355, 431.44, 144.16, 1.79757
FILLER_0_50_933, 431.44, 144.16, 1.79757
_11452_, 444.24, 144.16, 1.79752
hold913, 444.24, 144.16, 1.79752
FILLER_0_48_950, 444.24, 144.16, 1.79752
FILLER_0_49_945, 444.24, 144.16, 1.79752
FILLER_0_49_960, 444.24, 144.16, 1.79752
_08481_, 457.04, 144.16, 1.79748
_09746_, 457.04, 144.16, 1.79748
FILLER_0_49_991, 457.04, 144.16, 1.79748
_09642_, 469.84, 144.16, 1.79744
_09711_, 469.84, 144.16, 1.79744
_15183_, 469.84, 144.16, 1.79744
_15199_, 469.84, 144.16, 1.79744
FILLER_0_49_1009, 469.84, 144.16, 1.79744
_15428_, 5.52, 138.72, 1.79724
_15651_, 5.52, 138.72, 1.79724
PHY_92, 5.52, 138.72, 1.79724
PHY_94, 5.52, 138.72, 1.79724
FILLER_0_48_3, 5.52, 138.72, 1.79724
_11581_, 13.68, 138.72, 1.79724
hold178, 13.68, 138.72, 1.79724
FILLER_0_48_22, 13.68, 138.72, 1.79724
_11173_, 34.64, 138.72, 1.79727
_15749_, 34.64, 138.72, 1.79727
_16493_, 34.64, 138.72, 1.79727
hold114, 34.64, 138.72, 1.79727
FILLER_0_48_70, 34.64, 138.72, 1.79727
_12253_, 47.44, 138.72, 1.79729
hold98, 47.44, 138.72, 1.79729
FILLER_0_46_85, 47.44, 138.72, 1.79729
FILLER_0_48_104, 47.44, 138.72, 1.79729
_15619_, 60.24, 138.72, 1.79732
_15715_, 60.24, 138.72, 1.79732
hold150, 60.24, 138.72, 1.79732
_11174_, 73.04, 138.72, 1.79736
_16419_, 73.04, 138.72, 1.79736
hold218, 73.04, 138.72, 1.79736
FILLER_0_46_137, 73.04, 138.72, 1.79736
FILLER_0_47_138, 73.04, 138.72, 1.79736
_14372_, 85.84, 138.72, 1.7974
_14394_, 85.84, 138.72, 1.7974
_16435_, 85.84, 138.72, 1.7974
hold86, 85.84, 138.72, 1.7974
hold247, 85.84, 138.72, 1.7974
FILLER_0_47_164, 85.84, 138.72, 1.7974
_11170_, 98.64, 138.72, 1.79744
_12716_, 98.64, 138.72, 1.79744
hold96, 98.64, 138.72, 1.79744
FILLER_0_46_193, 98.64, 138.72, 1.79744
FILLER_0_46_197, 98.64, 138.72, 1.79744
FILLER_0_47_196, 98.64, 138.72, 1.79744
_16429_, 111.44, 138.72, 1.79748
clkbuf_leaf_7_clk, 111.44, 138.72, 1.79748
_11784_, 124.24, 138.72, 1.79755
_11785_, 124.24, 138.72, 1.79755
_13963_, 124.24, 138.72, 1.79755
FILLER_0_46_253, 124.24, 138.72, 1.79755
FILLER_0_47_253, 124.24, 138.72, 1.79755
_11780_, 137.04, 138.72, 1.79762
_11787_, 137.04, 138.72, 1.79762
_15512_, 137.04, 138.72, 1.79762
FILLER_0_47_275, 137.04, 138.72, 1.79762
FILLER_0_48_291, 137.04, 138.72, 1.79762
_09814_, 149.84, 138.72, 1.7977
_09816_, 149.84, 138.72, 1.7977
_15514_, 149.84, 138.72, 1.7977
FILLER_0_46_303, 149.84, 138.72, 1.7977
FILLER_0_47_322, 149.84, 138.72, 1.7977
_09813_, 162.64, 138.72, 1.79778
_09815_, 162.64, 138.72, 1.79778
_09817_, 162.64, 138.72, 1.79778
_09834_, 162.64, 138.72, 1.79778
_11879_, 162.64, 138.72, 1.79778
_11969_, 162.64, 138.72, 1.79778
FILLER_0_46_333, 162.64, 138.72, 1.79778
FILLER_0_47_329, 162.64, 138.72, 1.79778
_15577_, 188.24, 138.72, 1.79782
FILLER_0_47_405, 188.24, 138.72, 1.79782
_12303_, 201.04, 138.72, 1.79778
_12356_, 201.04, 138.72, 1.79778
_12357_, 201.04, 138.72, 1.79778
_12358_, 201.04, 138.72, 1.79778
_12359_, 201.04, 138.72, 1.79778
ANTENNA_129, 201.04, 138.72, 1.79778
FILLER_0_46_421, 201.04, 138.72, 1.79778
_15594_, 213.84, 138.72, 1.79774
clkbuf_leaf_186_clk, 213.84, 138.72, 1.79774
FILLER_0_47_444, 213.84, 138.72, 1.79774
FILLER_0_47_449, 213.84, 138.72, 1.79774
_11862_, 226.64, 138.72, 1.79773
_11881_, 226.64, 138.72, 1.79773
_12016_, 226.64, 138.72, 1.79773
_12299_, 226.64, 138.72, 1.79773
_12324_, 226.64, 138.72, 1.79773
_12363_, 226.64, 138.72, 1.79773
_12536_, 226.64, 138.72, 1.79773
_12537_, 226.64, 138.72, 1.79773
FILLER_0_47_489, 226.64, 138.72, 1.79773
FILLER_0_48_489, 226.64, 138.72, 1.79773
_12306_, 239.44, 138.72, 1.79772
_12317_, 239.44, 138.72, 1.79772
_12325_, 239.44, 138.72, 1.79772
_12499_, 239.44, 138.72, 1.79772
FILLER_0_47_496, 239.44, 138.72, 1.79772
FILLER_0_47_520, 239.44, 138.72, 1.79772
_12319_, 252.24, 138.72, 1.79772
_12418_, 252.24, 138.72, 1.79772
_12425_, 252.24, 138.72, 1.79772
_12504_, 252.24, 138.72, 1.79772
_12507_, 252.24, 138.72, 1.79772
_12511_, 252.24, 138.72, 1.79772
FILLER_0_46_529, 252.24, 138.72, 1.79772
FILLER_0_46_533, 252.24, 138.72, 1.79772
_12269_, 265.04, 138.72, 1.79774
_12305_, 265.04, 138.72, 1.79774
_12312_, 265.04, 138.72, 1.79774
_12422_, 265.04, 138.72, 1.79774
FILLER_0_46_562, 265.04, 138.72, 1.79774
FILLER_0_47_553, 265.04, 138.72, 1.79774
FILLER_0_47_568, 265.04, 138.72, 1.79774
FILLER_0_48_578, 265.04, 138.72, 1.79774
_10919_, 277.84, 138.72, 1.79776
_12272_, 277.84, 138.72, 1.79776
_12309_, 277.84, 138.72, 1.79776
_12310_, 277.84, 138.72, 1.79776
max_cap99, 277.84, 138.72, 1.79776
FILLER_0_47_598, 277.84, 138.72, 1.79776
FILLER_0_48_601, 277.84, 138.72, 1.79776
_10669_, 290.64, 138.72, 1.79779
_10916_, 290.64, 138.72, 1.79779
_10918_, 290.64, 138.72, 1.79779
_11038_, 290.64, 138.72, 1.79779
_11039_, 290.64, 138.72, 1.79779
_11043_, 290.64, 138.72, 1.79779
FILLER_0_47_613, 290.64, 138.72, 1.79779
FILLER_0_48_622, 290.64, 138.72, 1.79779
_11037_, 303.44, 138.72, 1.79783
_11042_, 303.44, 138.72, 1.79783
_11044_, 303.44, 138.72, 1.79783
_12750_, 303.44, 138.72, 1.79783
_15856_, 303.44, 138.72, 1.79783
hold778, 303.44, 138.72, 1.79783
FILLER_0_46_636, 303.44, 138.72, 1.79783
FILLER_0_46_645, 303.44, 138.72, 1.79783
_12686_, 316.24, 138.72, 1.79787
_12790_, 316.24, 138.72, 1.79787
FILLER_0_46_673, 316.24, 138.72, 1.79787
_08498_, 341.84, 138.72, 1.79782
_08499_, 341.84, 138.72, 1.79782
_08505_, 341.84, 138.72, 1.79782
_08506_, 341.84, 138.72, 1.79782
_11345_, 341.84, 138.72, 1.79782
_12903_, 341.84, 138.72, 1.79782
FILLER_0_46_727, 341.84, 138.72, 1.79782
FILLER_0_47_720, 341.84, 138.72, 1.79782
_08508_, 354.64, 138.72, 1.79774
_08620_, 354.64, 138.72, 1.79774
_08630_, 354.64, 138.72, 1.79774
FILLER_0_46_757, 354.64, 138.72, 1.79774
FILLER_0_47_758, 354.64, 138.72, 1.79774
_08619_, 367.44, 138.72, 1.79767
_11846_, 367.44, 138.72, 1.79767
_12787_, 367.44, 138.72, 1.79767
_12901_, 367.44, 138.72, 1.79767
FILLER_0_46_773, 367.44, 138.72, 1.79767
_07415_, 380.24, 138.72, 1.79762
_12788_, 380.24, 138.72, 1.79762
_12902_, 380.24, 138.72, 1.79762
FILLER_0_47_824, 380.24, 138.72, 1.79762
_08473_, 393.04, 138.72, 1.79756
_08480_, 393.04, 138.72, 1.79756
_08484_, 393.04, 138.72, 1.79756
_08492_, 393.04, 138.72, 1.79756
_12979_, 393.04, 138.72, 1.79756
_12980_, 393.04, 138.72, 1.79756
FILLER_0_47_834, 393.04, 138.72, 1.79756
_07409_, 405.84, 138.72, 1.7975
_08491_, 405.84, 138.72, 1.7975
_08618_, 405.84, 138.72, 1.7975
_12785_, 405.84, 138.72, 1.7975
FILLER_0_46_863, 405.84, 138.72, 1.7975
FILLER_0_47_871, 405.84, 138.72, 1.7975
_13851_, 418.64, 138.72, 1.79746
_16281_, 418.64, 138.72, 1.79746
FILLER_0_47_897, 418.64, 138.72, 1.79746
FILLER_0_48_911, 418.64, 138.72, 1.79746
_09607_, 431.44, 138.72, 1.79741
_09608_, 431.44, 138.72, 1.79741
_11364_, 431.44, 138.72, 1.79741
_15167_, 431.44, 138.72, 1.79741
_15313_, 431.44, 138.72, 1.79741
hold437, 431.44, 138.72, 1.79741
FILLER_0_46_914, 431.44, 138.72, 1.79741
FILLER_0_47_931, 431.44, 138.72, 1.79741
_13875_, 444.24, 138.72, 1.79737
_13932_, 444.24, 138.72, 1.79737
_15361_, 444.24, 138.72, 1.79737
_16330_, 444.24, 138.72, 1.79737
hold404, 444.24, 138.72, 1.79737
FILLER_0_46_941, 444.24, 138.72, 1.79737
FILLER_0_47_947, 444.24, 138.72, 1.79737
_09710_, 457.04, 138.72, 1.79734
_09747_, 457.04, 138.72, 1.79734
_16298_, 457.04, 138.72, 1.79734
clkbuf_leaf_154_clk, 457.04, 138.72, 1.79734
hold453, 457.04, 138.72, 1.79734
FILLER_0_46_977, 457.04, 138.72, 1.79734
_08474_, 469.84, 138.72, 1.79734
_08477_, 469.84, 138.72, 1.79734
_09641_, 469.84, 138.72, 1.79734
_09676_, 469.84, 138.72, 1.79734
_09677_, 469.84, 138.72, 1.79734
_15215_, 469.84, 138.72, 1.79734
_15232_, 469.84, 138.72, 1.79734
PHY_88, 5.52, 133.28, 1.79724
PHY_90, 5.52, 133.28, 1.79724
_12115_, 13.68, 133.28, 1.79724
FILLER_0_46_22, 13.68, 133.28, 1.79724
_14539_, 34.64, 133.28, 1.79727
hold99, 34.64, 133.28, 1.79727
FILLER_0_45_51, 34.64, 133.28, 1.79727
FILLER_0_45_69, 34.64, 133.28, 1.79727
FILLER_0_46_73, 34.64, 133.28, 1.79727
_12139_, 47.44, 133.28, 1.7973
_15666_, 47.44, 133.28, 1.7973
FILLER_0_44_80, 47.44, 133.28, 1.7973
FILLER_0_45_104, 47.44, 133.28, 1.7973
FILLER_0_46_93, 47.44, 133.28, 1.7973
_12068_, 60.24, 133.28, 1.79733
_12221_, 60.24, 133.28, 1.79733
_15730_, 60.24, 133.28, 1.79733
hold219, 60.24, 133.28, 1.79733
FILLER_0_44_110, 60.24, 133.28, 1.79733
FILLER_0_46_127, 60.24, 133.28, 1.79733
_11514_, 73.04, 133.28, 1.79737
_14307_, 73.04, 133.28, 1.79737
ANTENNA_82, 73.04, 133.28, 1.79737
ANTENNA_83, 73.04, 133.28, 1.79737
FILLER_0_45_150, 73.04, 133.28, 1.79737
FILLER_0_46_159, 73.04, 133.28, 1.79737
_11175_, 85.84, 133.28, 1.7974
_12252_, 85.84, 133.28, 1.7974
_16413_, 85.84, 133.28, 1.7974
hold200, 85.84, 133.28, 1.7974
FILLER_0_45_172, 85.84, 133.28, 1.7974
_14408_, 98.64, 133.28, 1.79745
_15843_, 98.64, 133.28, 1.79745
hold151, 98.64, 133.28, 1.79745
FILLER_0_44_189, 98.64, 133.28, 1.79745
FILLER_0_45_206, 98.64, 133.28, 1.79745
_11176_, 111.44, 133.28, 1.79749
_11183_, 111.44, 133.28, 1.79749
_12708_, 111.44, 133.28, 1.79749
hold59, 111.44, 133.28, 1.79749
FILLER_0_44_221, 111.44, 133.28, 1.79749
FILLER_0_45_236, 111.44, 133.28, 1.79749
FILLER_0_45_244, 111.44, 133.28, 1.79749
FILLER_0_46_243, 111.44, 133.28, 1.79749
_11059_, 124.24, 133.28, 1.79754
_15268_, 124.24, 133.28, 1.79754
_15269_, 124.24, 133.28, 1.79754
_11773_, 137.04, 133.28, 1.7976
_11786_, 137.04, 133.28, 1.7976
_15510_, 149.84, 133.28, 1.79766
FILLER_0_44_304, 149.84, 133.28, 1.79766
_09818_, 162.64, 133.28, 1.79772
_09819_, 162.64, 133.28, 1.79772
_09837_, 162.64, 133.28, 1.79772
FILLER_0_46_353, 162.64, 133.28, 1.79772
_09808_, 188.24, 133.28, 1.79776
FILLER_0_44_389, 188.24, 133.28, 1.79776
FILLER_0_45_389, 188.24, 133.28, 1.79776
_12523_, 201.04, 133.28, 1.79772
_12541_, 201.04, 133.28, 1.79772
FILLER_0_44_413, 201.04, 133.28, 1.79772
FILLER_0_45_429, 201.04, 133.28, 1.79772
FILLER_0_46_427, 201.04, 133.28, 1.79772
FILLER_0_46_435, 201.04, 133.28, 1.79772
_12520_, 213.84, 133.28, 1.79769
_12614_, 213.84, 133.28, 1.79769
_15799_, 213.84, 133.28, 1.79769
hold1041, 213.84, 133.28, 1.79769
FILLER_0_45_443, 213.84, 133.28, 1.79769
_15797_, 226.64, 133.28, 1.79767
FILLER_0_44_473, 226.64, 133.28, 1.79767
FILLER_0_46_493, 226.64, 133.28, 1.79767
_12370_, 239.44, 133.28, 1.79765
_12389_, 239.44, 133.28, 1.79765
_12390_, 239.44, 133.28, 1.79765
_12426_, 239.44, 133.28, 1.79765
_12440_, 239.44, 133.28, 1.79765
FILLER_0_44_502, 239.44, 133.28, 1.79765
_12387_, 252.24, 133.28, 1.79765
_12427_, 252.24, 133.28, 1.79765
_12514_, 252.24, 133.28, 1.79765
_12517_, 252.24, 133.28, 1.79765
FILLER_0_45_531, 252.24, 133.28, 1.79765
_12308_, 265.04, 133.28, 1.79765
_12323_, 265.04, 133.28, 1.79765
_12423_, 265.04, 133.28, 1.79765
_12424_, 265.04, 133.28, 1.79765
FILLER_0_45_551, 265.04, 133.28, 1.79765
_10670_, 277.84, 133.28, 1.79766
_12311_, 277.84, 133.28, 1.79766
_13959_, 277.84, 133.28, 1.79766
FILLER_0_44_581, 277.84, 133.28, 1.79766
FILLER_0_45_585, 277.84, 133.28, 1.79766
FILLER_0_46_605, 277.84, 133.28, 1.79766
_10027_, 290.64, 133.28, 1.79768
_10119_, 290.64, 133.28, 1.79768
_11040_, 290.64, 133.28, 1.79768
FILLER_0_44_613, 290.64, 133.28, 1.79768
_09883_, 303.44, 133.28, 1.79771
_09989_, 303.44, 133.28, 1.79771
_09992_, 303.44, 133.28, 1.79771
_09995_, 303.44, 133.28, 1.79771
_09996_, 303.44, 133.28, 1.79771
_10855_, 303.44, 133.28, 1.79771
_11045_, 303.44, 133.28, 1.79771
_12658_, 303.44, 133.28, 1.79771
FILLER_0_45_640, 303.44, 133.28, 1.79771
_15818_, 316.24, 133.28, 1.79776
_15862_, 316.24, 133.28, 1.79776
hold397, 316.24, 133.28, 1.79776
FILLER_0_45_668, 316.24, 133.28, 1.79776
_09592_, 341.84, 133.28, 1.79775
_11346_, 341.84, 133.28, 1.79775
FILLER_0_44_731, 341.84, 133.28, 1.79775
FILLER_0_45_725, 341.84, 133.28, 1.79775
_11464_, 354.64, 133.28, 1.79769
_12744_, 354.64, 133.28, 1.79769
_12789_, 354.64, 133.28, 1.79769
_13841_, 354.64, 133.28, 1.79769
_13865_, 354.64, 133.28, 1.79769
FILLER_0_44_753, 354.64, 133.28, 1.79769
_08629_, 367.44, 133.28, 1.79763
_11465_, 367.44, 133.28, 1.79763
_11825_, 367.44, 133.28, 1.79763
_11834_, 367.44, 133.28, 1.79763
_11843_, 367.44, 133.28, 1.79763
hold336, 367.44, 133.28, 1.79763
FILLER_0_45_781, 367.44, 133.28, 1.79763
FILLER_0_46_797, 367.44, 133.28, 1.79763
ANTENNA_7, 380.24, 133.28, 1.79759
FILLER_0_44_805, 380.24, 133.28, 1.79759
FILLER_0_44_813, 380.24, 133.28, 1.79759
FILLER_0_45_820, 380.24, 133.28, 1.79759
FILLER_0_45_828, 380.24, 133.28, 1.79759
_07383_, 393.04, 133.28, 1.79755
_08485_, 393.04, 133.28, 1.79755
_08628_, 393.04, 133.28, 1.79755
_11421_, 393.04, 133.28, 1.79755
_12032_, 393.04, 133.28, 1.79755
hold378, 393.04, 133.28, 1.79755
FILLER_0_44_831, 393.04, 133.28, 1.79755
FILLER_0_45_835, 393.04, 133.28, 1.79755
FILLER_0_45_841, 393.04, 133.28, 1.79755
_08627_, 405.84, 133.28, 1.79752
_12900_, 405.84, 133.28, 1.79752
_15601_, 405.84, 133.28, 1.79752
_15894_, 405.84, 133.28, 1.79752
FILLER_0_44_869, 405.84, 133.28, 1.79752
FILLER_0_46_876, 405.84, 133.28, 1.79752
_07413_, 418.64, 133.28, 1.79749
_09609_, 418.64, 133.28, 1.79749
FILLER_0_45_891, 418.64, 133.28, 1.79749
_09610_, 431.44, 133.28, 1.79746
_11348_, 431.44, 133.28, 1.79746
FILLER_0_44_925, 431.44, 133.28, 1.79746
FILLER_0_45_930, 431.44, 133.28, 1.79746
_11443_, 444.24, 133.28, 1.79743
_11453_, 444.24, 133.28, 1.79743
_13866_, 444.24, 133.28, 1.79743
_13933_, 444.24, 133.28, 1.79743
hold440, 444.24, 133.28, 1.79743
FILLER_0_44_948, 444.24, 133.28, 1.79743
FILLER_0_45_949, 444.24, 133.28, 1.79743
FILLER_0_45_953, 444.24, 133.28, 1.79743
FILLER_0_46_959, 444.24, 133.28, 1.79743
_09697_, 457.04, 133.28, 1.7974
FILLER_0_44_981, 457.04, 133.28, 1.7974
FILLER_0_46_993, 457.04, 133.28, 1.7974
_08479_, 469.84, 133.28, 1.79737
_08626_, 469.84, 133.28, 1.79737
_08635_, 469.84, 133.28, 1.79737
_08636_, 469.84, 133.28, 1.79737
FILLER_0_45_1002, 469.84, 133.28, 1.79737
FILLER_0_46_1021, 469.84, 133.28, 1.79737
_15650_, 5.52, 127.84, 1.79719
PHY_84, 5.52, 127.84, 1.79719
PHY_86, 5.52, 127.84, 1.79719
FILLER_0_43_3, 5.52, 127.84, 1.79719
FILLER_0_44_3, 5.52, 127.84, 1.79719
_11164_, 13.68, 127.84, 1.79719
hold72, 13.68, 127.84, 1.79719
_11066_, 34.64, 127.84, 1.7972
_15748_, 34.64, 127.84, 1.7972
_16492_, 34.64, 127.84, 1.7972
hold173, 34.64, 127.84, 1.7972
FILLER_0_43_53, 34.64, 127.84, 1.7972
FILLER_0_43_74, 34.64, 127.84, 1.7972
FILLER_0_44_64, 34.64, 127.84, 1.7972
_11165_, 47.44, 127.84, 1.79723
_12138_, 47.44, 127.84, 1.79723
_15682_, 47.44, 127.84, 1.79723
hold112, 47.44, 127.84, 1.79723
FILLER_0_42_85, 47.44, 127.84, 1.79723
_12251_, 60.24, 127.84, 1.79725
_15714_, 60.24, 127.84, 1.79725
hold245, 60.24, 127.84, 1.79725
FILLER_0_43_109, 60.24, 127.84, 1.79725
FILLER_0_43_113, 60.24, 127.84, 1.79725
_11163_, 73.04, 127.84, 1.79728
_14297_, 73.04, 127.84, 1.79728
_14306_, 73.04, 127.84, 1.79728
_16364_, 73.04, 127.84, 1.79728
FILLER_0_42_135, 73.04, 127.84, 1.79728
FILLER_0_42_141, 73.04, 127.84, 1.79728
_14363_, 85.84, 127.84, 1.79732
_14385_, 85.84, 127.84, 1.79732
_14386_, 85.84, 127.84, 1.79732
FILLER_0_42_171, 85.84, 127.84, 1.79732
FILLER_0_43_161, 85.84, 127.84, 1.79732
FILLER_0_43_169, 85.84, 127.84, 1.79732
FILLER_0_44_177, 85.84, 127.84, 1.79732
_11162_, 98.64, 127.84, 1.79735
hold108, 98.64, 127.84, 1.79735
hold115, 98.64, 127.84, 1.79735
_11177_, 111.44, 127.84, 1.79739
_11184_, 111.44, 127.84, 1.79739
_11185_, 111.44, 127.84, 1.79739
_11192_, 111.44, 127.84, 1.79739
_14407_, 111.44, 127.84, 1.79739
hold117, 111.44, 127.84, 1.79739
FILLER_0_43_219, 111.44, 127.84, 1.79739
FILLER_0_43_225, 111.44, 127.84, 1.79739
_11775_, 124.24, 127.84, 1.79743
_15270_, 124.24, 127.84, 1.79743
hold1594, 124.24, 127.84, 1.79743
FILLER_0_43_249, 124.24, 127.84, 1.79743
FILLER_0_43_263, 124.24, 127.84, 1.79743
_11069_, 137.04, 127.84, 1.79747
_11771_, 137.04, 127.84, 1.79747
_11776_, 137.04, 127.84, 1.79747
_11777_, 137.04, 127.84, 1.79747
_15507_, 137.04, 127.84, 1.79747
_15508_, 137.04, 127.84, 1.79747
_15509_, 137.04, 127.84, 1.79747
hold781, 137.04, 127.84, 1.79747
_11778_, 149.84, 127.84, 1.79754
hold455, 149.84, 127.84, 1.79754
hold487, 149.84, 127.84, 1.79754
FILLER_0_42_305, 149.84, 127.84, 1.79754
_09831_, 162.64, 127.84, 1.7976
_09842_, 162.64, 127.84, 1.7976
_09844_, 162.64, 127.84, 1.7976
_11967_, 162.64, 127.84, 1.7976
FILLER_0_43_337, 162.64, 127.84, 1.7976
_09810_, 188.24, 127.84, 1.79766
_09825_, 188.24, 127.84, 1.79766
_09828_, 188.24, 127.84, 1.79766
_09832_, 188.24, 127.84, 1.79766
_09827_, 201.04, 127.84, 1.79763
_09833_, 201.04, 127.84, 1.79763
_09841_, 201.04, 127.84, 1.79763
_09843_, 201.04, 127.84, 1.79763
_09845_, 201.04, 127.84, 1.79763
_12525_, 201.04, 127.84, 1.79763
FILLER_0_44_433, 201.04, 127.84, 1.79763
_09840_, 213.84, 127.84, 1.7976
_12559_, 213.84, 127.84, 1.7976
_12561_, 213.84, 127.84, 1.7976
_12602_, 213.84, 127.84, 1.7976
_12613_, 213.84, 127.84, 1.7976
FILLER_0_43_439, 213.84, 127.84, 1.7976
FILLER_0_43_461, 213.84, 127.84, 1.7976
FILLER_0_44_456, 213.84, 127.84, 1.7976
FILLER_0_44_465, 213.84, 127.84, 1.7976
_12607_, 226.64, 127.84, 1.79758
_12612_, 226.64, 127.84, 1.79758
_15798_, 226.64, 127.84, 1.79758
FILLER_0_42_472, 226.64, 127.84, 1.79758
FILLER_0_44_494, 226.64, 127.84, 1.79758
_12371_, 239.44, 127.84, 1.79757
FILLER_0_43_497, 239.44, 127.84, 1.79757
FILLER_0_43_505, 239.44, 127.84, 1.79757
_12326_, 252.24, 127.84, 1.79757
_12331_, 252.24, 127.84, 1.79757
_12416_, 252.24, 127.84, 1.79757
_12428_, 252.24, 127.84, 1.79757
_12503_, 252.24, 127.84, 1.79757
FILLER_0_43_532, 252.24, 127.84, 1.79757
_12320_, 265.04, 127.84, 1.79757
_12321_, 265.04, 127.84, 1.79757
_12322_, 265.04, 127.84, 1.79757
_12330_, 265.04, 127.84, 1.79757
_12332_, 265.04, 127.84, 1.79757
_12333_, 265.04, 127.84, 1.79757
FILLER_0_43_561, 265.04, 127.84, 1.79757
FILLER_0_43_569, 265.04, 127.84, 1.79757
FILLER_0_44_572, 265.04, 127.84, 1.79757
_10924_, 277.84, 127.84, 1.79758
FILLER_0_43_605, 277.84, 127.84, 1.79758
_10025_, 290.64, 127.84, 1.79759
_10026_, 290.64, 127.84, 1.79759
_10200_, 290.64, 127.84, 1.79759
_10790_, 290.64, 127.84, 1.79759
FILLER_0_42_608, 290.64, 127.84, 1.79759
FILLER_0_44_622, 290.64, 127.84, 1.79759
FILLER_0_44_630, 290.64, 127.84, 1.79759
_10121_, 303.44, 127.84, 1.79763
_10853_, 303.44, 127.84, 1.79763
_10854_, 303.44, 127.84, 1.79763
_12657_, 303.44, 127.84, 1.79763
_12677_, 303.44, 127.84, 1.79763
FILLER_0_42_636, 303.44, 127.84, 1.79763
FILLER_0_43_661, 303.44, 127.84, 1.79763
_11880_, 316.24, 127.84, 1.79767
_12656_, 316.24, 127.84, 1.79767
_12661_, 316.24, 127.84, 1.79767
_12757_, 316.24, 127.84, 1.79767
_15819_, 316.24, 127.84, 1.79767
FILLER_0_43_673, 316.24, 127.84, 1.79767
FILLER_0_44_685, 316.24, 127.84, 1.79767
_11365_, 341.84, 127.84, 1.79764
_12745_, 341.84, 127.84, 1.79764
_12860_, 341.84, 127.84, 1.79764
_12861_, 341.84, 127.84, 1.79764
FILLER_0_42_729, 341.84, 127.84, 1.79764
_11347_, 354.64, 127.84, 1.79758
_11420_, 354.64, 127.84, 1.79758
_11442_, 354.64, 127.84, 1.79758
_12743_, 354.64, 127.84, 1.79758
_12747_, 354.64, 127.84, 1.79758
_12748_, 354.64, 127.84, 1.79758
_12859_, 354.64, 127.84, 1.79758
_13840_, 354.64, 127.84, 1.79758
_07414_, 367.44, 127.84, 1.79751
_11475_, 367.44, 127.84, 1.79751
_13922_, 367.44, 127.84, 1.79751
_15378_, 367.44, 127.84, 1.79751
FILLER_0_43_779, 367.44, 127.84, 1.79751
FILLER_0_43_785, 367.44, 127.84, 1.79751
FILLER_0_43_796, 367.44, 127.84, 1.79751
_11431_, 380.24, 127.84, 1.79746
_12797_, 380.24, 127.84, 1.79746
clkbuf_leaf_157_clk, 380.24, 127.84, 1.79746
FILLER_0_42_813, 380.24, 127.84, 1.79746
FILLER_0_44_821, 380.24, 127.84, 1.79746
_08493_, 393.04, 127.84, 1.79742
_12033_, 393.04, 127.84, 1.79742
_15602_, 393.04, 127.84, 1.79742
_15895_, 393.04, 127.84, 1.79742
FILLER_0_43_841, 393.04, 127.84, 1.79742
FILLER_0_44_851, 393.04, 127.84, 1.79742
_08617_, 405.84, 127.84, 1.79739
_08643_, 405.84, 127.84, 1.79739
FILLER_0_42_863, 405.84, 127.84, 1.79739
_12793_, 418.64, 127.84, 1.79736
_13842_, 418.64, 127.84, 1.79736
_15168_, 418.64, 127.84, 1.79736
_16282_, 418.64, 127.84, 1.79736
FILLER_0_43_886, 418.64, 127.84, 1.79736
_11366_, 431.44, 127.84, 1.79734
_15314_, 431.44, 127.84, 1.79734
hold339, 431.44, 127.84, 1.79734
FILLER_0_42_915, 431.44, 127.84, 1.79734
FILLER_0_43_925, 431.44, 127.84, 1.79734
FILLER_0_44_937, 431.44, 127.84, 1.79734
_13876_, 444.24, 127.84, 1.79733
_13923_, 444.24, 127.84, 1.79733
_16299_, 444.24, 127.84, 1.79733
hold454, 444.24, 127.84, 1.79733
hold1401, 444.24, 127.84, 1.79733
FILLER_0_42_945, 444.24, 127.84, 1.79733
FILLER_0_43_949, 444.24, 127.84, 1.79733
FILLER_0_43_953, 444.24, 127.84, 1.79733
_09643_, 457.04, 127.84, 1.79732
_09663_, 457.04, 127.84, 1.79732
_09678_, 457.04, 127.84, 1.79732
_09712_, 457.04, 127.84, 1.79732
_15362_, 457.04, 127.84, 1.79732
FILLER_0_42_977, 457.04, 127.84, 1.79732
FILLER_0_44_991, 457.04, 127.84, 1.79732
_09644_, 469.84, 127.84, 1.79731
_09713_, 469.84, 127.84, 1.79731
_15184_, 469.84, 127.84, 1.79731
_15200_, 469.84, 127.84, 1.79731
_15216_, 469.84, 127.84, 1.79731
FILLER_0_43_1001, 469.84, 127.84, 1.79731
FILLER_0_44_1010, 469.84, 127.84, 1.79731
_15427_, 5.52, 122.4, 1.79717
PHY_80, 5.52, 122.4, 1.79717
PHY_82, 5.52, 122.4, 1.79717
output85, 5.52, 122.4, 1.79717
_11512_, 13.68, 122.4, 1.79717
_11580_, 13.68, 122.4, 1.79717
_12250_, 13.68, 122.4, 1.79717
hold95, 13.68, 122.4, 1.79717
FILLER_0_41_14, 13.68, 122.4, 1.79717
_12081_, 34.64, 122.4, 1.79719
_12454_, 34.64, 122.4, 1.79719
_14538_, 34.64, 122.4, 1.79719
hold101, 34.64, 122.4, 1.79719
FILLER_0_41_51, 34.64, 122.4, 1.79719
FILLER_0_41_61, 34.64, 122.4, 1.79719
FILLER_0_41_71, 34.64, 122.4, 1.79719
_12129_, 47.44, 122.4, 1.7972
_12151_, 47.44, 122.4, 1.7972
_12162_, 47.44, 122.4, 1.7972
_12443_, 47.44, 122.4, 1.7972
_12445_, 47.44, 122.4, 1.7972
hold152, 47.44, 122.4, 1.7972
FILLER_0_41_81, 47.44, 122.4, 1.7972
FILLER_0_42_104, 47.44, 122.4, 1.7972
_12220_, 60.24, 122.4, 1.79722
_12234_, 60.24, 122.4, 1.79722
_15618_, 60.24, 122.4, 1.79722
hold143, 60.24, 122.4, 1.79722
FILLER_0_40_107, 60.24, 122.4, 1.79722
FILLER_0_40_118, 60.24, 122.4, 1.79722
FILLER_0_41_109, 60.24, 122.4, 1.79722
FILLER_0_41_113, 60.24, 122.4, 1.79722
FILLER_0_41_126, 60.24, 122.4, 1.79722
_11088_, 73.04, 122.4, 1.79724
_11166_, 73.04, 122.4, 1.79724
_14295_, 73.04, 122.4, 1.79724
FILLER_0_40_133, 73.04, 122.4, 1.79724
FILLER_0_40_141, 73.04, 122.4, 1.79724
FILLER_0_41_141, 73.04, 122.4, 1.79724
FILLER_0_41_157, 73.04, 122.4, 1.79724
_16396_, 85.84, 122.4, 1.79726
_16412_, 85.84, 122.4, 1.79726
FILLER_0_40_167, 85.84, 122.4, 1.79726
FILLER_0_41_165, 85.84, 122.4, 1.79726
FILLER_0_41_181, 85.84, 122.4, 1.79726
_14398_, 98.64, 122.4, 1.79729
_15842_, 98.64, 122.4, 1.79729
FILLER_0_40_192, 98.64, 122.4, 1.79729
FILLER_0_40_197, 98.64, 122.4, 1.79729
FILLER_0_41_203, 98.64, 122.4, 1.79729
_11167_, 111.44, 122.4, 1.79733
_11193_, 111.44, 122.4, 1.79733
_12707_, 111.44, 122.4, 1.79733
hold79, 111.44, 122.4, 1.79733
FILLER_0_42_235, 111.44, 122.4, 1.79733
_15274_, 124.24, 122.4, 1.79736
hold1596, 124.24, 122.4, 1.79736
FILLER_0_41_255, 124.24, 122.4, 1.79736
_11772_, 137.04, 122.4, 1.79741
_11774_, 137.04, 122.4, 1.79741
hold790, 137.04, 122.4, 1.79741
FILLER_0_42_294, 137.04, 122.4, 1.79741
_11764_, 149.84, 122.4, 1.79745
_11766_, 149.84, 122.4, 1.79745
_15505_, 149.84, 122.4, 1.79745
clkbuf_leaf_188_clk, 149.84, 122.4, 1.79745
FILLER_0_40_309, 149.84, 122.4, 1.79745
FILLER_0_41_309, 149.84, 122.4, 1.79745
FILLER_0_42_317, 149.84, 122.4, 1.79745
_09826_, 162.64, 122.4, 1.79753
_09838_, 162.64, 122.4, 1.79753
_11964_, 162.64, 122.4, 1.79753
hold551, 162.64, 122.4, 1.79753
FILLER_0_41_331, 162.64, 122.4, 1.79753
FILLER_0_41_337, 162.64, 122.4, 1.79753
_09822_, 188.24, 122.4, 1.79758
_09823_, 188.24, 122.4, 1.79758
FILLER_0_41_389, 188.24, 122.4, 1.79758
FILLER_0_41_404, 188.24, 122.4, 1.79758
FILLER_0_42_399, 188.24, 122.4, 1.79758
_09820_, 201.04, 122.4, 1.79756
_09821_, 201.04, 122.4, 1.79756
_09839_, 201.04, 122.4, 1.79756
_09846_, 201.04, 122.4, 1.79756
FILLER_0_40_413, 201.04, 122.4, 1.79756
_12567_, 213.84, 122.4, 1.79754
_12568_, 213.84, 122.4, 1.79754
_15791_, 213.84, 122.4, 1.79754
FILLER_0_40_441, 213.84, 122.4, 1.79754
FILLER_0_41_466, 213.84, 122.4, 1.79754
_12558_, 226.64, 122.4, 1.79754
_12601_, 226.64, 122.4, 1.79754
_12606_, 226.64, 122.4, 1.79754
_12374_, 239.44, 122.4, 1.79753
_12439_, 239.44, 122.4, 1.79753
_12502_, 239.44, 122.4, 1.79753
_12610_, 239.44, 122.4, 1.79753
_12611_, 239.44, 122.4, 1.79753
FILLER_0_41_497, 239.44, 122.4, 1.79753
FILLER_0_42_519, 239.44, 122.4, 1.79753
_12414_, 252.24, 122.4, 1.79753
_12415_, 252.24, 122.4, 1.79753
_12417_, 252.24, 122.4, 1.79753
_12560_, 252.24, 122.4, 1.79753
FILLER_0_40_524, 252.24, 122.4, 1.79753
FILLER_0_41_528, 252.24, 122.4, 1.79753
FILLER_0_41_542, 252.24, 122.4, 1.79753
_12327_, 265.04, 122.4, 1.79755
_12328_, 265.04, 122.4, 1.79755
_12429_, 265.04, 122.4, 1.79755
FILLER_0_40_553, 265.04, 122.4, 1.79755
_12430_, 277.84, 122.4, 1.79756
_12432_, 277.84, 122.4, 1.79756
FILLER_0_41_605, 277.84, 122.4, 1.79756
_10017_, 290.64, 122.4, 1.79758
_10427_, 290.64, 122.4, 1.79758
_10545_, 290.64, 122.4, 1.79758
_10546_, 290.64, 122.4, 1.79758
_10789_, 290.64, 122.4, 1.79758
FILLER_0_41_613, 290.64, 122.4, 1.79758
FILLER_0_41_625, 290.64, 122.4, 1.79758
FILLER_0_42_628, 290.64, 122.4, 1.79758
_10353_, 303.44, 122.4, 1.79761
_10430_, 303.44, 122.4, 1.79761
_10432_, 303.44, 122.4, 1.79761
_10544_, 303.44, 122.4, 1.79761
_10788_, 303.44, 122.4, 1.79761
_12660_, 303.44, 122.4, 1.79761
FILLER_0_41_638, 303.44, 122.4, 1.79761
FILLER_0_42_649, 303.44, 122.4, 1.79761
_12801_, 316.24, 122.4, 1.79763
hold419, 316.24, 122.4, 1.79763
FILLER_0_40_671, 316.24, 122.4, 1.79763
FILLER_0_41_664, 316.24, 122.4, 1.79763
FILLER_0_41_681, 316.24, 122.4, 1.79763
_12746_, 341.84, 122.4, 1.7976
_12862_, 341.84, 122.4, 1.7976
_12863_, 341.84, 122.4, 1.7976
_12864_, 341.84, 122.4, 1.7976
_12914_, 341.84, 122.4, 1.7976
FILLER_0_41_722, 341.84, 122.4, 1.7976
_12798_, 354.64, 122.4, 1.79754
_12805_, 354.64, 122.4, 1.79754
FILLER_0_41_750, 354.64, 122.4, 1.79754
FILLER_0_41_758, 354.64, 122.4, 1.79754
_12795_, 367.44, 122.4, 1.79748
_12796_, 367.44, 122.4, 1.79748
_12912_, 367.44, 122.4, 1.79748
FILLER_0_41_785, 367.44, 122.4, 1.79748
FILLER_0_42_798, 367.44, 122.4, 1.79748
_12982_, 380.24, 122.4, 1.79743
_12983_, 380.24, 122.4, 1.79743
_15346_, 380.24, 122.4, 1.79743
FILLER_0_41_814, 380.24, 122.4, 1.79743
_08642_, 393.04, 122.4, 1.79738
_09662_, 393.04, 122.4, 1.79738
_11423_, 393.04, 122.4, 1.79738
_11433_, 393.04, 122.4, 1.79738
_12034_, 393.04, 122.4, 1.79738
_12035_, 393.04, 122.4, 1.79738
FILLER_0_41_834, 393.04, 122.4, 1.79738
FILLER_0_41_849, 393.04, 122.4, 1.79738
_12740_, 405.84, 122.4, 1.79735
_12784_, 405.84, 122.4, 1.79735
_12855_, 405.84, 122.4, 1.79735
_12856_, 405.84, 122.4, 1.79735
_12907_, 405.84, 122.4, 1.79735
FILLER_0_40_863, 405.84, 122.4, 1.79735
FILLER_0_42_881, 405.84, 122.4, 1.79735
_12908_, 418.64, 122.4, 1.79733
_13844_, 418.64, 122.4, 1.79733
_13852_, 418.64, 122.4, 1.79733
FILLER_0_41_886, 418.64, 122.4, 1.79733
_11351_, 431.44, 122.4, 1.79732
_11444_, 431.44, 122.4, 1.79732
_11445_, 431.44, 122.4, 1.79732
_13868_, 431.44, 122.4, 1.79732
FILLER_0_40_920, 431.44, 122.4, 1.79732
FILLER_0_41_927, 431.44, 122.4, 1.79732
FILLER_0_42_937, 431.44, 122.4, 1.79732
_13925_, 444.24, 122.4, 1.79731
_13934_, 444.24, 122.4, 1.79731
_16331_, 444.24, 122.4, 1.79731
hold446, 444.24, 122.4, 1.79731
FILLER_0_41_946, 444.24, 122.4, 1.79731
FILLER_0_42_957, 444.24, 122.4, 1.79731
_09679_, 457.04, 122.4, 1.7973
_09731_, 457.04, 122.4, 1.7973
_09748_, 457.04, 122.4, 1.7973
_09749_, 457.04, 122.4, 1.7973
FILLER_0_40_977, 457.04, 122.4, 1.7973
FILLER_0_41_985, 457.04, 122.4, 1.7973
FILLER_0_42_985, 457.04, 122.4, 1.7973
_08624_, 469.84, 122.4, 1.7973
_08637_, 469.84, 122.4, 1.7973
_09750_, 469.84, 122.4, 1.7973
_15233_, 469.84, 122.4, 1.7973
FILLER_0_41_1005, 469.84, 122.4, 1.7973
PHY_76, 5.52, 116.96, 1.79712
PHY_78, 5.52, 116.96, 1.79712
FILLER_0_40_3, 5.52, 116.96, 1.79712
_11571_, 13.68, 116.96, 1.79712
_12106_, 13.68, 116.96, 1.79712
FILLER_0_38_11, 13.68, 116.96, 1.79712
FILLER_0_39_15, 13.68, 116.96, 1.79712
FILLER_0_39_24, 13.68, 116.96, 1.79712
_12153_, 34.64, 116.96, 1.79713
hold61, 34.64, 116.96, 1.79713
FILLER_0_39_65, 34.64, 116.96, 1.79713
FILLER_0_39_73, 34.64, 116.96, 1.79713
FILLER_0_40_70, 34.64, 116.96, 1.79713
_11072_, 47.44, 116.96, 1.79713
_12127_, 47.44, 116.96, 1.79713
_14527_, 47.44, 116.96, 1.79713
_14529_, 47.44, 116.96, 1.79713
_14530_, 47.44, 116.96, 1.79713
hold221, 47.44, 116.96, 1.79713
FILLER_0_38_85, 47.44, 116.96, 1.79713
_11095_, 60.24, 116.96, 1.79713
_12057_, 60.24, 116.96, 1.79713
_12060_, 60.24, 116.96, 1.79713
_12208_, 60.24, 116.96, 1.79713
_12211_, 60.24, 116.96, 1.79713
_12232_, 60.24, 116.96, 1.79713
hold237, 60.24, 116.96, 1.79713
FILLER_0_38_117, 60.24, 116.96, 1.79713
FILLER_0_40_126, 60.24, 116.96, 1.79713
_15706_, 73.04, 116.96, 1.79714
_16356_, 73.04, 116.96, 1.79714
hold163, 73.04, 116.96, 1.79714
hold180, 73.04, 116.96, 1.79714
_14352_, 85.84, 116.96, 1.79716
_14354_, 85.84, 116.96, 1.79716
_14355_, 85.84, 116.96, 1.79716
_14374_, 85.84, 116.96, 1.79716
_14376_, 85.84, 116.96, 1.79716
_16404_, 85.84, 116.96, 1.79716
FILLER_0_39_165, 85.84, 116.96, 1.79716
FILLER_0_39_169, 85.84, 116.96, 1.79716
FILLER_0_40_175, 85.84, 116.96, 1.79716
FILLER_0_40_182, 85.84, 116.96, 1.79716
_12696_, 98.64, 116.96, 1.79718
_14396_, 98.64, 116.96, 1.79718
_16428_, 98.64, 116.96, 1.79718
clkbuf_leaf_6_clk, 98.64, 116.96, 1.79718
hold142, 98.64, 116.96, 1.79718
FILLER_0_40_206, 98.64, 116.96, 1.79718
_11168_, 111.44, 116.96, 1.79723
_11232_, 111.44, 116.96, 1.79723
_11233_, 111.44, 116.96, 1.79723
_12698_, 111.44, 116.96, 1.79723
FILLER_0_39_220, 111.44, 116.96, 1.79723
FILLER_0_39_225, 111.44, 116.96, 1.79723
FILLER_0_40_243, 111.44, 116.96, 1.79723
_11084_, 124.24, 116.96, 1.79728
_11911_, 124.24, 116.96, 1.79728
_15552_, 124.24, 116.96, 1.79728
FILLER_0_38_246, 124.24, 116.96, 1.79728
FILLER_0_39_250, 124.24, 116.96, 1.79728
FILLER_0_39_260, 124.24, 116.96, 1.79728
_11769_, 137.04, 116.96, 1.79734
_11770_, 137.04, 116.96, 1.79734
hold456, 137.04, 116.96, 1.79734
hold517, 137.04, 116.96, 1.79734
FILLER_0_39_275, 137.04, 116.96, 1.79734
FILLER_0_39_293, 137.04, 116.96, 1.79734
_11750_, 149.84, 116.96, 1.7974
_11752_, 149.84, 116.96, 1.7974
_11768_, 149.84, 116.96, 1.7974
_15504_, 149.84, 116.96, 1.7974
_15506_, 149.84, 116.96, 1.7974
hold327, 149.84, 116.96, 1.7974
hold477, 149.84, 116.96, 1.7974
FILLER_0_39_305, 149.84, 116.96, 1.7974
_11767_, 162.64, 116.96, 1.79747
_11957_, 162.64, 116.96, 1.79747
_11961_, 162.64, 116.96, 1.79747
FILLER_0_38_335, 162.64, 116.96, 1.79747
FILLER_0_39_332, 162.64, 116.96, 1.79747
FILLER_0_39_349, 162.64, 116.96, 1.79747
FILLER_0_40_345, 162.64, 116.96, 1.79747
_15569_, 188.24, 116.96, 1.79752
FILLER_0_39_405, 188.24, 116.96, 1.79752
_09850_, 201.04, 116.96, 1.79749
_09853_, 201.04, 116.96, 1.79749
_09854_, 201.04, 116.96, 1.79749
_12521_, 201.04, 116.96, 1.79749
_13863_, 201.04, 116.96, 1.79749
_13864_, 201.04, 116.96, 1.79749
FILLER_0_39_428, 201.04, 116.96, 1.79749
FILLER_0_40_433, 201.04, 116.96, 1.79749
_12565_, 213.84, 116.96, 1.79748
_12566_, 213.84, 116.96, 1.79748
_12600_, 213.84, 116.96, 1.79748
_12605_, 213.84, 116.96, 1.79748
FILLER_0_39_458, 213.84, 116.96, 1.79748
FILLER_0_40_457, 213.84, 116.96, 1.79748
_12596_, 226.64, 116.96, 1.79747
_12599_, 226.64, 116.96, 1.79747
_12604_, 226.64, 116.96, 1.79747
FILLER_0_39_489, 226.64, 116.96, 1.79747
FILLER_0_40_489, 226.64, 116.96, 1.79747
_12373_, 239.44, 116.96, 1.79746
_12392_, 239.44, 116.96, 1.79746
_12394_, 239.44, 116.96, 1.79746
_12395_, 239.44, 116.96, 1.79746
_12396_, 239.44, 116.96, 1.79746
_12400_, 239.44, 116.96, 1.79746
_12603_, 239.44, 116.96, 1.79746
FILLER_0_38_498, 239.44, 116.96, 1.79746
_12393_, 252.24, 116.96, 1.79746
_12564_, 252.24, 116.96, 1.79746
FILLER_0_38_526, 252.24, 116.96, 1.79746
FILLER_0_39_550, 252.24, 116.96, 1.79746
_12337_, 265.04, 116.96, 1.79746
_12338_, 265.04, 116.96, 1.79746
FILLER_0_38_558, 265.04, 116.96, 1.79746
FILLER_0_40_575, 265.04, 116.96, 1.79746
_12297_, 277.84, 116.96, 1.79747
_12433_, 277.84, 116.96, 1.79747
_12434_, 277.84, 116.96, 1.79747
FILLER_0_38_583, 277.84, 116.96, 1.79747
FILLER_0_39_579, 277.84, 116.96, 1.79747
FILLER_0_40_604, 277.84, 116.96, 1.79747
_10265_, 290.64, 116.96, 1.79748
_10425_, 290.64, 116.96, 1.79748
_10426_, 290.64, 116.96, 1.79748
_10428_, 290.64, 116.96, 1.79748
_10431_, 290.64, 116.96, 1.79748
_10794_, 290.64, 116.96, 1.79748
FILLER_0_38_608, 290.64, 116.96, 1.79748
_10127_, 303.44, 116.96, 1.7975
_10128_, 303.44, 116.96, 1.7975
_10433_, 303.44, 116.96, 1.7975
_10795_, 303.44, 116.96, 1.7975
_12659_, 303.44, 116.96, 1.7975
FILLER_0_38_636, 303.44, 116.96, 1.7975
FILLER_0_40_650, 303.44, 116.96, 1.7975
_12799_, 316.24, 116.96, 1.79753
_12800_, 316.24, 116.96, 1.79753
_15827_, 316.24, 116.96, 1.79753
_15863_, 316.24, 116.96, 1.79753
FILLER_0_38_669, 316.24, 116.96, 1.79753
FILLER_0_39_666, 316.24, 116.96, 1.79753
_08712_, 341.84, 116.96, 1.79747
_12852_, 341.84, 116.96, 1.79747
_12921_, 341.84, 116.96, 1.79747
FILLER_0_38_730, 341.84, 116.96, 1.79747
FILLER_0_39_725, 341.84, 116.96, 1.79747
FILLER_0_39_729, 341.84, 116.96, 1.79747
_08647_, 354.64, 116.96, 1.79738
_08711_, 354.64, 116.96, 1.79738
_12849_, 354.64, 116.96, 1.79738
_12963_, 354.64, 116.96, 1.79738
FILLER_0_38_752, 354.64, 116.96, 1.79738
_12794_, 367.44, 116.96, 1.7973
_12909_, 367.44, 116.96, 1.7973
_12910_, 367.44, 116.96, 1.7973
_12911_, 367.44, 116.96, 1.7973
_12913_, 367.44, 116.96, 1.7973
FILLER_0_38_785, 367.44, 116.96, 1.7973
FILLER_0_39_777, 367.44, 116.96, 1.7973
FILLER_0_39_795, 367.44, 116.96, 1.7973
_07452_, 380.24, 116.96, 1.79723
_15225_, 380.24, 116.96, 1.79723
clkbuf_4_5_0_clk, 380.24, 116.96, 1.79723
hold357, 380.24, 116.96, 1.79723
ANTENNA_26, 380.24, 116.96, 1.79723
ANTENNA_28, 380.24, 116.96, 1.79723
FILLER_0_39_809, 380.24, 116.96, 1.79723
FILLER_0_40_818, 380.24, 116.96, 1.79723
_08640_, 393.04, 116.96, 1.79722
_08710_, 393.04, 116.96, 1.79722
_09732_, 393.04, 116.96, 1.79722
_11422_, 393.04, 116.96, 1.79722
_12031_, 393.04, 116.96, 1.79722
ANTENNA_27, 393.04, 116.96, 1.79722
ANTENNA_29, 393.04, 116.96, 1.79722
ANTENNA_31, 393.04, 116.96, 1.79722
FILLER_0_39_846, 393.04, 116.96, 1.79722
_12792_, 405.84, 116.96, 1.79721
_12847_, 405.84, 116.96, 1.79721
_12906_, 405.84, 116.96, 1.79721
_12961_, 405.84, 116.96, 1.79721
FILLER_0_38_864, 405.84, 116.96, 1.79721
FILLER_0_39_860, 405.84, 116.96, 1.79721
_13843_, 418.64, 116.96, 1.79721
_13853_, 418.64, 116.96, 1.79721
_13854_, 418.64, 116.96, 1.79721
_16290_, 418.64, 116.96, 1.79721
FILLER_0_39_886, 418.64, 116.96, 1.79721
FILLER_0_39_905, 418.64, 116.96, 1.79721
_09765_, 431.44, 116.96, 1.79722
_09766_, 431.44, 116.96, 1.79722
_11350_, 431.44, 116.96, 1.79722
_11454_, 431.44, 116.96, 1.79722
_11455_, 431.44, 116.96, 1.79722
_11463_, 431.44, 116.96, 1.79722
_13867_, 431.44, 116.96, 1.79722
_13877_, 431.44, 116.96, 1.79722
_13924_, 431.44, 116.96, 1.79722
hold485, 431.44, 116.96, 1.79722
FILLER_0_38_919, 431.44, 116.96, 1.79722
FILLER_0_40_935, 431.44, 116.96, 1.79722
_13878_, 444.24, 116.96, 1.79722
_13935_, 444.24, 116.96, 1.79722
_16307_, 444.24, 116.96, 1.79722
hold439, 444.24, 116.96, 1.79722
_09696_, 457.04, 116.96, 1.79724
_09730_, 457.04, 116.96, 1.79724
_08707_, 469.84, 116.96, 1.79725
_09661_, 469.84, 116.96, 1.79725
_09767_, 469.84, 116.96, 1.79725
FILLER_0_38_1004, 469.84, 116.96, 1.79725
FILLER_0_39_997, 469.84, 116.96, 1.79725
FILLER_0_40_1021, 469.84, 116.96, 1.79725
PHY_72, 5.52, 111.52, 1.7971
PHY_74, 5.52, 111.52, 1.7971
FILLER_0_38_3, 5.52, 111.52, 1.7971
_11569_, 13.68, 111.52, 1.7971
_12104_, 13.68, 111.52, 1.7971
_15419_, 13.68, 111.52, 1.7971
FILLER_0_36_15, 13.68, 111.52, 1.7971
FILLER_0_37_15, 13.68, 111.52, 1.7971
_15674_, 34.64, 111.52, 1.79708
FILLER_0_37_57, 34.64, 111.52, 1.79708
FILLER_0_38_77, 34.64, 111.52, 1.79708
_15658_, 47.44, 111.52, 1.79707
_15740_, 47.44, 111.52, 1.79707
_16484_, 47.44, 111.52, 1.79707
_12059_, 60.24, 111.52, 1.79706
_12235_, 60.24, 111.52, 1.79706
_15610_, 60.24, 111.52, 1.79706
clkbuf_leaf_4_clk, 60.24, 111.52, 1.79706
hold134, 60.24, 111.52, 1.79706
hold249, 60.24, 111.52, 1.79706
_11070_, 73.04, 111.52, 1.79709
_11075_, 73.04, 111.52, 1.79709
_14298_, 73.04, 111.52, 1.79709
FILLER_0_37_157, 73.04, 111.52, 1.79709
_11068_, 85.84, 111.52, 1.79712
_12230_, 85.84, 111.52, 1.79712
_16388_, 85.84, 111.52, 1.79712
hold147, 85.84, 111.52, 1.79712
FILLER_0_36_161, 85.84, 111.52, 1.79712
FILLER_0_36_168, 85.84, 111.52, 1.79712
FILLER_0_37_165, 85.84, 111.52, 1.79712
FILLER_0_37_169, 85.84, 111.52, 1.79712
_12699_, 98.64, 111.52, 1.79716
_14399_, 98.64, 111.52, 1.79716
_15834_, 98.64, 111.52, 1.79716
_16420_, 98.64, 111.52, 1.79716
hold68, 98.64, 111.52, 1.79716
FILLER_0_36_197, 98.64, 111.52, 1.79716
_11076_, 111.44, 111.52, 1.7972
_11077_, 111.44, 111.52, 1.7972
_11169_, 111.44, 111.52, 1.7972
FILLER_0_36_224, 111.44, 111.52, 1.7972
FILLER_0_37_217, 111.44, 111.52, 1.7972
_09855_, 124.24, 111.52, 1.79724
_09856_, 124.24, 111.52, 1.79724
_11913_, 124.24, 111.52, 1.79724
_15553_, 124.24, 111.52, 1.79724
FILLER_0_36_253, 124.24, 111.52, 1.79724
FILLER_0_37_249, 124.24, 111.52, 1.79724
FILLER_0_37_263, 124.24, 111.52, 1.79724
_11196_, 137.04, 111.52, 1.79729
_11760_, 137.04, 111.52, 1.79729
_11761_, 137.04, 111.52, 1.79729
hold447, 137.04, 111.52, 1.79729
hold461, 137.04, 111.52, 1.79729
FILLER_0_37_275, 137.04, 111.52, 1.79729
FILLER_0_38_293, 137.04, 111.52, 1.79729
_11762_, 149.84, 111.52, 1.79734
_11763_, 149.84, 111.52, 1.79734
_11765_, 149.84, 111.52, 1.79734
_15503_, 149.84, 111.52, 1.79734
hold324, 149.84, 111.52, 1.79734
FILLER_0_36_305, 149.84, 111.52, 1.79734
_11910_, 162.64, 111.52, 1.7974
_11952_, 162.64, 111.52, 1.7974
_11956_, 162.64, 111.52, 1.7974
_15568_, 162.64, 111.52, 1.7974
hold416, 162.64, 111.52, 1.7974
FILLER_0_37_333, 162.64, 111.52, 1.7974
_15567_, 188.24, 111.52, 1.79744
_16291_, 188.24, 111.52, 1.79744
FILLER_0_37_387, 188.24, 111.52, 1.79744
FILLER_0_37_405, 188.24, 111.52, 1.79744
FILLER_0_38_406, 188.24, 111.52, 1.79744
_09852_, 201.04, 111.52, 1.79742
_12574_, 201.04, 111.52, 1.79742
FILLER_0_37_430, 201.04, 111.52, 1.79742
FILLER_0_37_438, 201.04, 111.52, 1.79742
_12572_, 213.84, 111.52, 1.7974
_12573_, 213.84, 111.52, 1.7974
FILLER_0_37_444, 213.84, 111.52, 1.7974
FILLER_0_37_464, 213.84, 111.52, 1.7974
FILLER_0_38_466, 213.84, 111.52, 1.7974
_12593_, 226.64, 111.52, 1.79738
_12594_, 226.64, 111.52, 1.79738
_15796_, 226.64, 111.52, 1.79738
FILLER_0_36_473, 226.64, 111.52, 1.79738
FILLER_0_37_493, 226.64, 111.52, 1.79738
_12275_, 239.44, 111.52, 1.79737
_12372_, 239.44, 111.52, 1.79737
FILLER_0_37_501, 239.44, 111.52, 1.79737
FILLER_0_37_517, 239.44, 111.52, 1.79737
FILLER_0_38_510, 239.44, 111.52, 1.79737
FILLER_0_38_518, 239.44, 111.52, 1.79737
_12391_, 252.24, 111.52, 1.79736
_12413_, 252.24, 111.52, 1.79736
_12431_, 252.24, 111.52, 1.79736
_12569_, 252.24, 111.52, 1.79736
FILLER_0_36_529, 252.24, 111.52, 1.79736
FILLER_0_36_533, 252.24, 111.52, 1.79736
FILLER_0_37_523, 252.24, 111.52, 1.79736
FILLER_0_37_531, 252.24, 111.52, 1.79736
FILLER_0_37_540, 252.24, 111.52, 1.79736
FILLER_0_37_547, 252.24, 111.52, 1.79736
_12274_, 265.04, 111.52, 1.79735
_12294_, 265.04, 111.52, 1.79735
_12334_, 265.04, 111.52, 1.79735
_12336_, 265.04, 111.52, 1.79735
_12341_, 265.04, 111.52, 1.79735
_12412_, 265.04, 111.52, 1.79735
_12270_, 277.84, 111.52, 1.79736
_12273_, 277.84, 111.52, 1.79736
_12295_, 277.84, 111.52, 1.79736
_12296_, 277.84, 111.52, 1.79736
_12335_, 277.84, 111.52, 1.79736
_10130_, 290.64, 111.52, 1.79738
_10264_, 290.64, 111.52, 1.79738
_10266_, 290.64, 111.52, 1.79738
_10267_, 290.64, 111.52, 1.79738
_11878_, 290.64, 111.52, 1.79738
FILLER_0_37_610, 290.64, 111.52, 1.79738
FILLER_0_38_622, 290.64, 111.52, 1.79738
_10133_, 303.44, 111.52, 1.7974
_10260_, 303.44, 111.52, 1.7974
_10262_, 303.44, 111.52, 1.7974
_10793_, 303.44, 111.52, 1.7974
_10796_, 303.44, 111.52, 1.7974
_12676_, 303.44, 111.52, 1.7974
_12678_, 303.44, 111.52, 1.7974
FILLER_0_36_645, 303.44, 111.52, 1.7974
FILLER_0_38_655, 303.44, 111.52, 1.7974
_10792_, 316.24, 111.52, 1.79744
_12915_, 316.24, 111.52, 1.79744
_12959_, 316.24, 111.52, 1.79744
_12965_, 316.24, 111.52, 1.79744
_12966_, 316.24, 111.52, 1.79744
_15887_, 316.24, 111.52, 1.79744
hold366, 316.24, 111.52, 1.79744
FILLER_0_36_665, 316.24, 111.52, 1.79744
FILLER_0_37_668, 316.24, 111.52, 1.79744
_11383_, 341.84, 111.52, 1.79742
_12850_, 341.84, 111.52, 1.79742
_12964_, 341.84, 111.52, 1.79742
_16274_, 341.84, 111.52, 1.79742
FILLER_0_36_724, 341.84, 111.52, 1.79742
_12848_, 354.64, 111.52, 1.79736
_12962_, 354.64, 111.52, 1.79736
FILLER_0_36_757, 354.64, 111.52, 1.79736
FILLER_0_37_757, 354.64, 111.52, 1.79736
_07451_, 367.44, 111.52, 1.79731
_11466_, 367.44, 111.52, 1.79731
_11467_, 367.44, 111.52, 1.79731
_11477_, 367.44, 111.52, 1.79731
_12981_, 367.44, 111.52, 1.79731
ANTENNA_30, 367.44, 111.52, 1.79731
FILLER_0_37_789, 367.44, 111.52, 1.79731
_07423_, 380.24, 111.52, 1.79725
_11441_, 380.24, 111.52, 1.79725
_15354_, 380.24, 111.52, 1.79725
hold338, 380.24, 111.52, 1.79725
ANTENNA_25, 380.24, 111.52, 1.79725
_09733_, 393.04, 111.52, 1.79721
_09768_, 393.04, 111.52, 1.79721
_15242_, 393.04, 111.52, 1.79721
clkbuf_leaf_158_clk, 393.04, 111.52, 1.79721
FILLER_0_36_832, 393.04, 111.52, 1.79721
FILLER_0_37_837, 393.04, 111.52, 1.79721
_07417_, 405.84, 111.52, 1.79718
_07450_, 405.84, 111.52, 1.79718
_08709_, 405.84, 111.52, 1.79718
_09627_, 405.84, 111.52, 1.79718
_15176_, 405.84, 111.52, 1.79718
FILLER_0_36_861, 405.84, 111.52, 1.79718
_09611_, 418.64, 111.52, 1.79715
_13862_, 418.64, 111.52, 1.79715
hold370, 418.64, 111.52, 1.79715
_11368_, 431.44, 111.52, 1.79713
_11369_, 431.44, 111.52, 1.79713
_13886_, 431.44, 111.52, 1.79713
_15370_, 431.44, 111.52, 1.79713
FILLER_0_36_915, 431.44, 111.52, 1.79713
FILLER_0_37_929, 431.44, 111.52, 1.79713
FILLER_0_38_933, 431.44, 111.52, 1.79713
_11384_, 444.24, 111.52, 1.79712
_13943_, 444.24, 111.52, 1.79712
_15322_, 444.24, 111.52, 1.79712
_16339_, 444.24, 111.52, 1.79712
clkbuf_leaf_160_clk, 444.24, 111.52, 1.79712
_09680_, 457.04, 111.52, 1.79713
_09714_, 457.04, 111.52, 1.79713
_15208_, 457.04, 111.52, 1.79713
_15224_, 457.04, 111.52, 1.79713
hold486, 457.04, 111.52, 1.79713
FILLER_0_36_977, 457.04, 111.52, 1.79713
FILLER_0_37_973, 457.04, 111.52, 1.79713
FILLER_0_37_983, 457.04, 111.52, 1.79713
_09659_, 469.84, 111.52, 1.79716
_15192_, 469.84, 111.52, 1.79716
clkbuf_leaf_161_clk, 469.84, 111.52, 1.79716
FILLER_0_36_996, 469.84, 111.52, 1.79716
FILLER_0_36_1004, 469.84, 111.52, 1.79716
FILLER_0_37_1002, 469.84, 111.52, 1.79716
PHY_68, 5.52, 106.08, 1.79709
PHY_70, 5.52, 106.08, 1.79709
_12107_, 13.68, 106.08, 1.79709
_15642_, 13.68, 106.08, 1.79709
FILLER_0_35_15, 13.68, 106.08, 1.79709
_12084_, 34.64, 106.08, 1.79709
_12154_, 34.64, 106.08, 1.79709
hold110, 34.64, 106.08, 1.79709
hold158, 34.64, 106.08, 1.79709
FILLER_0_34_62, 34.64, 106.08, 1.79709
FILLER_0_35_64, 34.64, 106.08, 1.79709
FILLER_0_36_72, 34.64, 106.08, 1.79709
_12130_, 47.44, 106.08, 1.79708
_12446_, 47.44, 106.08, 1.79708
_12453_, 47.44, 106.08, 1.79708
hold189, 47.44, 106.08, 1.79708
FILLER_0_36_101, 47.44, 106.08, 1.79708
_12249_, 60.24, 106.08, 1.79708
_15722_, 60.24, 106.08, 1.79708
FILLER_0_34_106, 60.24, 106.08, 1.79708
FILLER_0_35_113, 60.24, 106.08, 1.79708
_11486_, 73.04, 106.08, 1.79708
_12212_, 73.04, 106.08, 1.79708
FILLER_0_34_133, 73.04, 106.08, 1.79708
FILLER_0_35_158, 73.04, 106.08, 1.79708
_14362_, 85.84, 106.08, 1.79709
_14377_, 85.84, 106.08, 1.79709
hold176, 85.84, 106.08, 1.79709
FILLER_0_34_174, 85.84, 106.08, 1.79709
FILLER_0_35_169, 85.84, 106.08, 1.79709
FILLER_0_35_182, 85.84, 106.08, 1.79709
FILLER_0_34_190, 98.64, 106.08, 1.79709
FILLER_0_36_216, 98.64, 106.08, 1.79709
_11081_, 111.44, 106.08, 1.79709
_15259_, 111.44, 106.08, 1.79709
_15266_, 111.44, 106.08, 1.79709
FILLER_0_35_218, 111.44, 106.08, 1.79709
FILLER_0_35_225, 111.44, 106.08, 1.79709
FILLER_0_35_239, 111.44, 106.08, 1.79709
_09857_, 124.24, 106.08, 1.79711
_11195_, 124.24, 106.08, 1.79711
_11908_, 124.24, 106.08, 1.79711
_11915_, 124.24, 106.08, 1.79711
clkbuf_leaf_200_clk, 124.24, 106.08, 1.79711
FILLER_0_35_251, 124.24, 106.08, 1.79711
FILLER_0_35_259, 124.24, 106.08, 1.79711
FILLER_0_35_268, 124.24, 106.08, 1.79711
FILLER_0_36_266, 124.24, 106.08, 1.79711
_11779_, 137.04, 106.08, 1.79715
_15554_, 137.04, 106.08, 1.79715
hold460, 137.04, 106.08, 1.79715
FILLER_0_35_281, 137.04, 106.08, 1.79715
FILLER_0_35_298, 137.04, 106.08, 1.79715
_11751_, 149.84, 106.08, 1.7972
_11753_, 149.84, 106.08, 1.7972
_11759_, 149.84, 106.08, 1.7972
_15499_, 149.84, 106.08, 1.7972
hold420, 149.84, 106.08, 1.7972
FILLER_0_34_302, 149.84, 106.08, 1.7972
FILLER_0_35_310, 149.84, 106.08, 1.7972
FILLER_0_36_317, 149.84, 106.08, 1.7972
_11941_, 162.64, 106.08, 1.79725
_11948_, 162.64, 106.08, 1.79725
clkbuf_4_1_0_clk, 162.64, 106.08, 1.79725
hold1577, 162.64, 106.08, 1.79725
FILLER_0_35_330, 162.64, 106.08, 1.79725
FILLER_0_35_337, 162.64, 106.08, 1.79725
FILLER_0_36_343, 162.64, 106.08, 1.79725
FILLER_0_35_388, 188.24, 106.08, 1.79731
_09849_, 201.04, 106.08, 1.79726
_12575_, 201.04, 106.08, 1.79726
clkbuf_leaf_190_clk, 201.04, 106.08, 1.79726
FILLER_0_34_421, 201.04, 106.08, 1.79726
FILLER_0_36_433, 201.04, 106.08, 1.79726
_12570_, 213.84, 106.08, 1.79724
_12571_, 213.84, 106.08, 1.79724
_15792_, 213.84, 106.08, 1.79724
_15794_, 213.84, 106.08, 1.79724
FILLER_0_35_449, 213.84, 106.08, 1.79724
FILLER_0_35_464, 213.84, 106.08, 1.79724
_12579_, 226.64, 106.08, 1.79723
_12590_, 226.64, 106.08, 1.79723
_12597_, 226.64, 106.08, 1.79723
clkbuf_leaf_191_clk, 226.64, 106.08, 1.79723
FILLER_0_34_467, 226.64, 106.08, 1.79723
_12438_, 239.44, 106.08, 1.79724
_12581_, 239.44, 106.08, 1.79724
_12588_, 239.44, 106.08, 1.79724
_12592_, 239.44, 106.08, 1.79724
FILLER_0_35_505, 239.44, 106.08, 1.79724
_12388_, 252.24, 106.08, 1.79726
_12437_, 252.24, 106.08, 1.79726
_12576_, 252.24, 106.08, 1.79726
FILLER_0_34_526, 252.24, 106.08, 1.79726
FILLER_0_35_525, 252.24, 106.08, 1.79726
_12293_, 265.04, 106.08, 1.79729
_12340_, 265.04, 106.08, 1.79729
_12410_, 265.04, 106.08, 1.79729
FILLER_0_35_561, 265.04, 106.08, 1.79729
FILLER_0_35_569, 265.04, 106.08, 1.79729
FILLER_0_35_575, 265.04, 106.08, 1.79729
_12278_, 277.84, 106.08, 1.79731
FILLER_0_34_579, 277.84, 106.08, 1.79731
FILLER_0_36_597, 277.84, 106.08, 1.79731
_10261_, 290.64, 106.08, 1.79734
_10791_, 290.64, 106.08, 1.79734
FILLER_0_34_613, 290.64, 106.08, 1.79734
FILLER_0_35_609, 290.64, 106.08, 1.79734
FILLER_0_36_622, 290.64, 106.08, 1.79734
_10263_, 303.44, 106.08, 1.79737
_10860_, 303.44, 106.08, 1.79737
FILLER_0_34_635, 303.44, 106.08, 1.79737
FILLER_0_34_641, 303.44, 106.08, 1.79737
FILLER_0_34_645, 303.44, 106.08, 1.79737
FILLER_0_36_657, 303.44, 106.08, 1.79737
_10207_, 316.24, 106.08, 1.79741
_15826_, 316.24, 106.08, 1.79741
_15886_, 316.24, 106.08, 1.79741
hold407, 316.24, 106.08, 1.79741
FILLER_0_35_668, 316.24, 106.08, 1.79741
_08703_, 341.84, 106.08, 1.79741
_16273_, 341.84, 106.08, 1.79741
FILLER_0_35_722, 341.84, 106.08, 1.79741
FILLER_0_36_732, 341.84, 106.08, 1.79741
_08702_, 354.64, 106.08, 1.79737
_11485_, 354.64, 106.08, 1.79737
_15386_, 354.64, 106.08, 1.79737
FILLER_0_34_748, 354.64, 106.08, 1.79737
FILLER_0_35_753, 354.64, 106.08, 1.79737
FILLER_0_36_770, 354.64, 106.08, 1.79737
_07420_, 367.44, 106.08, 1.79734
_11476_, 367.44, 106.08, 1.79734
_12786_, 367.44, 106.08, 1.79734
FILLER_0_35_781, 367.44, 106.08, 1.79734
FILLER_0_35_797, 367.44, 106.08, 1.79734
FILLER_0_36_792, 367.44, 106.08, 1.79734
_07421_, 380.24, 106.08, 1.79732
_07448_, 380.24, 106.08, 1.79732
_09593_, 380.24, 106.08, 1.79732
_11432_, 380.24, 106.08, 1.79732
_12048_, 380.24, 106.08, 1.79732
_12957_, 380.24, 106.08, 1.79732
ANTENNA_21, 380.24, 106.08, 1.79732
FILLER_0_34_803, 380.24, 106.08, 1.79732
FILLER_0_35_812, 380.24, 106.08, 1.79732
_09769_, 393.04, 106.08, 1.7973
_11440_, 393.04, 106.08, 1.7973
_12049_, 393.04, 106.08, 1.7973
FILLER_0_34_841, 393.04, 106.08, 1.7973
FILLER_0_35_829, 393.04, 106.08, 1.7973
FILLER_0_35_837, 393.04, 106.08, 1.7973
FILLER_0_35_853, 393.04, 106.08, 1.7973
_09626_, 405.84, 106.08, 1.79728
_12739_, 405.84, 106.08, 1.79728
FILLER_0_35_863, 405.84, 106.08, 1.79728
FILLER_0_35_871, 405.84, 106.08, 1.79728
_07418_, 418.64, 106.08, 1.79726
_16289_, 418.64, 106.08, 1.79726
hold389, 418.64, 106.08, 1.79726
FILLER_0_35_891, 418.64, 106.08, 1.79726
FILLER_0_35_897, 418.64, 106.08, 1.79726
_13885_, 431.44, 106.08, 1.79725
hold427, 431.44, 106.08, 1.79725
FILLER_0_34_925, 431.44, 106.08, 1.79725
FILLER_0_35_920, 431.44, 106.08, 1.79725
FILLER_0_36_937, 431.44, 106.08, 1.79725
_11382_, 444.24, 106.08, 1.79724
_13942_, 444.24, 106.08, 1.79724
_15321_, 444.24, 106.08, 1.79724
hold429, 444.24, 106.08, 1.79724
hold458, 444.24, 106.08, 1.79724
FILLER_0_35_953, 444.24, 106.08, 1.79724
_09645_, 457.04, 106.08, 1.79723
_09660_, 457.04, 106.08, 1.79723
_09693_, 457.04, 106.08, 1.79723
_09695_, 457.04, 106.08, 1.79723
_09727_, 457.04, 106.08, 1.79723
_09729_, 457.04, 106.08, 1.79723
_15223_, 457.04, 106.08, 1.79723
FILLER_0_35_988, 457.04, 106.08, 1.79723
FILLER_0_36_985, 457.04, 106.08, 1.79723
_08698_, 469.84, 106.08, 1.79723
_15207_, 469.84, 106.08, 1.79723
_15241_, 469.84, 106.08, 1.79723
PHY_64, 5.52, 100.64, 1.79704
PHY_66, 5.52, 100.64, 1.79704
output74, 5.52, 100.64, 1.79704
_12114_, 13.68, 100.64, 1.79704
_15426_, 13.68, 100.64, 1.79704
FILLER_0_33_15, 13.68, 100.64, 1.79704
FILLER_0_34_21, 13.68, 100.64, 1.79704
_11510_, 34.64, 100.64, 1.79701
_12091_, 34.64, 100.64, 1.79701
_15681_, 34.64, 100.64, 1.79701
hold49, 34.64, 100.64, 1.79701
hold222, 34.64, 100.64, 1.79701
FILLER_0_33_65, 34.64, 100.64, 1.79701
FILLER_0_34_77, 34.64, 100.64, 1.79701
_11154_, 47.44, 100.64, 1.79697
hold62, 47.44, 100.64, 1.79697
hold132, 47.44, 100.64, 1.79697
FILLER_0_33_103, 47.44, 100.64, 1.79697
_15617_, 60.24, 100.64, 1.79694
_15665_, 60.24, 100.64, 1.79694
hold211, 60.24, 100.64, 1.79694
hold226, 60.24, 100.64, 1.79694
FILLER_0_34_121, 60.24, 100.64, 1.79694
_12219_, 73.04, 100.64, 1.79692
_16363_, 73.04, 100.64, 1.79692
hold54, 73.04, 100.64, 1.79692
hold148, 73.04, 100.64, 1.79692
hold227, 73.04, 100.64, 1.79692
_14384_, 85.84, 100.64, 1.7969
_16411_, 85.84, 100.64, 1.7969
hold67, 85.84, 100.64, 1.7969
FILLER_0_33_187, 85.84, 100.64, 1.7969
_11156_, 98.64, 100.64, 1.79689
_15841_, 98.64, 100.64, 1.79689
_16427_, 98.64, 100.64, 1.79689
clkbuf_4_0_0_clk, 98.64, 100.64, 1.79689
hold44, 98.64, 100.64, 1.79689
FILLER_0_32_197, 98.64, 100.64, 1.79689
FILLER_0_34_209, 98.64, 100.64, 1.79689
_11157_, 111.44, 100.64, 1.79694
_11158_, 111.44, 100.64, 1.79694
hold103, 111.44, 100.64, 1.79694
FILLER_0_32_226, 111.44, 100.64, 1.79694
_11904_, 124.24, 100.64, 1.797
_11906_, 124.24, 100.64, 1.797
_11912_, 124.24, 100.64, 1.797
_11914_, 124.24, 100.64, 1.797
_15488_, 124.24, 100.64, 1.797
hold317, 124.24, 100.64, 1.797
hold318, 124.24, 100.64, 1.797
FILLER_0_33_245, 124.24, 100.64, 1.797
_11741_, 137.04, 100.64, 1.79707
_11898_, 137.04, 100.64, 1.79707
_11899_, 137.04, 100.64, 1.79707
_11902_, 137.04, 100.64, 1.79707
_11917_, 137.04, 100.64, 1.79707
_15501_, 137.04, 100.64, 1.79707
_15555_, 137.04, 100.64, 1.79707
hold527, 137.04, 100.64, 1.79707
FILLER_0_33_289, 137.04, 100.64, 1.79707
_11757_, 149.84, 100.64, 1.79715
_11758_, 149.84, 100.64, 1.79715
_15500_, 149.84, 100.64, 1.79715
_15502_, 149.84, 100.64, 1.79715
hold294, 149.84, 100.64, 1.79715
hold325, 149.84, 100.64, 1.79715
FILLER_0_32_309, 149.84, 100.64, 1.79715
_11938_, 162.64, 100.64, 1.79724
_11945_, 162.64, 100.64, 1.79724
hold443, 162.64, 100.64, 1.79724
FILLER_0_33_352, 162.64, 100.64, 1.79724
_15563_, 188.24, 100.64, 1.7973
FILLER_0_32_394, 188.24, 100.64, 1.7973
FILLER_0_33_388, 188.24, 100.64, 1.7973
FILLER_0_33_393, 188.24, 100.64, 1.7973
FILLER_0_34_410, 188.24, 100.64, 1.7973
_11057_, 201.04, 100.64, 1.79728
_11937_, 201.04, 100.64, 1.79728
_12585_, 201.04, 100.64, 1.79728
_13958_, 201.04, 100.64, 1.79728
FILLER_0_32_416, 201.04, 100.64, 1.79728
FILLER_0_33_415, 201.04, 100.64, 1.79728
FILLER_0_34_430, 201.04, 100.64, 1.79728
_12583_, 213.84, 100.64, 1.79726
_12584_, 213.84, 100.64, 1.79726
_12591_, 213.84, 100.64, 1.79726
FILLER_0_33_445, 213.84, 100.64, 1.79726
FILLER_0_33_458, 213.84, 100.64, 1.79726
_12577_, 226.64, 100.64, 1.79724
_12578_, 226.64, 100.64, 1.79724
_12580_, 226.64, 100.64, 1.79724
_12582_, 226.64, 100.64, 1.79724
_12589_, 226.64, 100.64, 1.79724
_15793_, 226.64, 100.64, 1.79724
_12401_, 239.44, 100.64, 1.79724
_12402_, 239.44, 100.64, 1.79724
_12587_, 239.44, 100.64, 1.79724
_12598_, 239.44, 100.64, 1.79724
FILLER_0_33_498, 239.44, 100.64, 1.79724
FILLER_0_33_505, 239.44, 100.64, 1.79724
_12292_, 252.24, 100.64, 1.79725
_12411_, 252.24, 100.64, 1.79725
FILLER_0_32_533, 252.24, 100.64, 1.79725
_12289_, 265.04, 100.64, 1.79726
_12291_, 265.04, 100.64, 1.79726
_12339_, 265.04, 100.64, 1.79726
_12344_, 265.04, 100.64, 1.79726
_12409_, 265.04, 100.64, 1.79726
FILLER_0_33_557, 265.04, 100.64, 1.79726
FILLER_0_33_561, 265.04, 100.64, 1.79726
_10741_, 277.84, 100.64, 1.79727
_10797_, 277.84, 100.64, 1.79727
FILLER_0_32_581, 277.84, 100.64, 1.79727
FILLER_0_32_589, 277.84, 100.64, 1.79727
FILLER_0_33_581, 277.84, 100.64, 1.79727
_10480_, 290.64, 100.64, 1.79729
_10481_, 290.64, 100.64, 1.79729
_10486_, 290.64, 100.64, 1.79729
_10547_, 290.64, 100.64, 1.79729
FILLER_0_32_612, 290.64, 100.64, 1.79729
FILLER_0_34_627, 290.64, 100.64, 1.79729
_10484_, 303.44, 100.64, 1.79732
_10485_, 303.44, 100.64, 1.79732
_10859_, 303.44, 100.64, 1.79732
_12674_, 303.44, 100.64, 1.79732
_12675_, 303.44, 100.64, 1.79732
FILLER_0_32_638, 303.44, 100.64, 1.79732
clkbuf_leaf_176_clk, 316.24, 100.64, 1.79735
hold351, 316.24, 100.64, 1.79735
FILLER_0_33_662, 316.24, 100.64, 1.79735
_11381_, 341.84, 100.64, 1.79737
_12844_, 341.84, 100.64, 1.79737
_12958_, 341.84, 100.64, 1.79737
_13824_, 341.84, 100.64, 1.79737
_13825_, 341.84, 100.64, 1.79737
FILLER_0_32_724, 341.84, 100.64, 1.79737
FILLER_0_33_719, 341.84, 100.64, 1.79737
FILLER_0_32_750, 354.64, 100.64, 1.79733
FILLER_0_32_757, 354.64, 100.64, 1.79733
FILLER_0_34_764, 354.64, 100.64, 1.79733
_12842_, 367.44, 100.64, 1.7973
_12843_, 367.44, 100.64, 1.7973
_12956_, 367.44, 100.64, 1.7973
hold353, 367.44, 100.64, 1.7973
FILLER_0_34_791, 367.44, 100.64, 1.7973
_07447_, 380.24, 100.64, 1.79726
_12996_, 380.24, 100.64, 1.79726
ANTENNA_20, 380.24, 100.64, 1.79726
FILLER_0_32_813, 380.24, 100.64, 1.79726
_08701_, 393.04, 100.64, 1.79723
_12050_, 393.04, 100.64, 1.79723
_15609_, 393.04, 100.64, 1.79723
_15902_, 393.04, 100.64, 1.79723
hold286, 393.04, 100.64, 1.79723
_09624_, 405.84, 100.64, 1.7972
_09625_, 405.84, 100.64, 1.7972
_12841_, 405.84, 100.64, 1.7972
FILLER_0_33_857, 405.84, 100.64, 1.7972
FILLER_0_33_869, 405.84, 100.64, 1.7972
_07446_, 418.64, 100.64, 1.79718
_12955_, 418.64, 100.64, 1.79718
clkbuf_leaf_159_clk, 418.64, 100.64, 1.79718
FILLER_0_33_891, 418.64, 100.64, 1.79718
_11462_, 431.44, 100.64, 1.79718
_15369_, 431.44, 100.64, 1.79718
_16306_, 431.44, 100.64, 1.79718
_16338_, 444.24, 100.64, 1.79718
hold399, 444.24, 100.64, 1.79718
FILLER_0_33_948, 444.24, 100.64, 1.79718
FILLER_0_33_953, 444.24, 100.64, 1.79718
_09658_, 457.04, 100.64, 1.79719
_09694_, 457.04, 100.64, 1.79719
_09728_, 457.04, 100.64, 1.79719
_09763_, 457.04, 100.64, 1.79719
FILLER_0_32_970, 457.04, 100.64, 1.79719
FILLER_0_33_984, 457.04, 100.64, 1.79719
_09764_, 469.84, 100.64, 1.7972
_15191_, 469.84, 100.64, 1.7972
_15240_, 469.84, 100.64, 1.7972
FILLER_0_33_997, 469.84, 100.64, 1.7972
FILLER_0_33_1005, 469.84, 100.64, 1.7972
FILLER_0_33_1012, 469.84, 100.64, 1.7972
PHY_60, 5.52, 95.2, 1.79704
PHY_62, 5.52, 95.2, 1.79704
FILLER_0_32_3, 5.52, 95.2, 1.79704
_15649_, 13.68, 95.2, 1.79704
FILLER_0_31_15, 13.68, 95.2, 1.79704
_12161_, 34.64, 95.2, 1.79704
_12248_, 34.64, 95.2, 1.79704
_14537_, 34.64, 95.2, 1.79704
_16491_, 34.64, 95.2, 1.79704
hold71, 34.64, 95.2, 1.79704
FILLER_0_31_65, 34.64, 95.2, 1.79704
_12137_, 47.44, 95.2, 1.79705
_15747_, 47.44, 95.2, 1.79705
FILLER_0_30_79, 47.44, 95.2, 1.79705
_15713_, 60.24, 95.2, 1.79705
_15729_, 60.24, 95.2, 1.79705
FILLER_0_31_107, 60.24, 95.2, 1.79705
FILLER_0_31_131, 60.24, 95.2, 1.79705
_11152_, 73.04, 95.2, 1.79706
_11155_, 73.04, 95.2, 1.79706
_14305_, 73.04, 95.2, 1.79706
FILLER_0_30_141, 73.04, 95.2, 1.79706
_11151_, 85.84, 95.2, 1.79708
_16395_, 85.84, 95.2, 1.79708
FILLER_0_31_162, 85.84, 95.2, 1.79708
FILLER_0_31_181, 85.84, 95.2, 1.79708
_14406_, 98.64, 95.2, 1.79709
hold195, 98.64, 95.2, 1.79709
FILLER_0_31_206, 98.64, 95.2, 1.79709
_15489_, 111.44, 95.2, 1.79711
_15490_, 111.44, 95.2, 1.79711
FILLER_0_31_217, 111.44, 95.2, 1.79711
_11730_, 124.24, 95.2, 1.79714
hold282, 124.24, 95.2, 1.79714
hold283, 124.24, 95.2, 1.79714
hold319, 124.24, 95.2, 1.79714
FILLER_0_32_269, 124.24, 95.2, 1.79714
_11756_, 137.04, 95.2, 1.79717
_11901_, 137.04, 95.2, 1.79717
_15556_, 137.04, 95.2, 1.79717
FILLER_0_31_293, 137.04, 95.2, 1.79717
FILLER_0_32_288, 137.04, 95.2, 1.79717
_11754_, 149.84, 95.2, 1.7972
_11755_, 149.84, 95.2, 1.7972
_11918_, 149.84, 95.2, 1.7972
hold445, 149.84, 95.2, 1.7972
FILLER_0_30_305, 149.84, 95.2, 1.7972
_11924_, 162.64, 95.2, 1.79724
_11926_, 162.64, 95.2, 1.79724
_11935_, 162.64, 95.2, 1.79724
_15557_, 162.64, 95.2, 1.79724
_15558_, 162.64, 95.2, 1.79724
hold442, 162.64, 95.2, 1.79724
FILLER_0_31_328, 162.64, 95.2, 1.79724
_11922_, 188.24, 95.2, 1.79725
_15561_, 188.24, 95.2, 1.79725
_15562_, 188.24, 95.2, 1.79725
_15564_, 188.24, 95.2, 1.79725
hold388, 188.24, 95.2, 1.79725
_11056_, 201.04, 95.2, 1.79724
_11058_, 201.04, 95.2, 1.79724
_14126_, 201.04, 95.2, 1.79724
FILLER_0_30_417, 201.04, 95.2, 1.79724
FILLER_0_31_419, 201.04, 95.2, 1.79724
_13954_, 213.84, 95.2, 1.79722
_13955_, 213.84, 95.2, 1.79722
_13957_, 213.84, 95.2, 1.79722
_13977_, 213.84, 95.2, 1.79722
_13993_, 213.84, 95.2, 1.79722
FILLER_0_30_448, 213.84, 95.2, 1.79722
FILLER_0_31_449, 213.84, 95.2, 1.79722
_15795_, 226.64, 95.2, 1.79721
FILLER_0_30_469, 226.64, 95.2, 1.79721
_12352_, 239.44, 95.2, 1.79721
_12398_, 239.44, 95.2, 1.79721
_12399_, 239.44, 95.2, 1.79721
FILLER_0_31_499, 239.44, 95.2, 1.79721
FILLER_0_31_505, 239.44, 95.2, 1.79721
_12345_, 252.24, 95.2, 1.79721
_12403_, 252.24, 95.2, 1.79721
_12405_, 252.24, 95.2, 1.79721
_12408_, 252.24, 95.2, 1.79721
_12435_, 252.24, 95.2, 1.79721
_12436_, 252.24, 95.2, 1.79721
FILLER_0_31_536, 252.24, 95.2, 1.79721
_12288_, 265.04, 95.2, 1.79722
_12290_, 265.04, 95.2, 1.79722
_12343_, 265.04, 95.2, 1.79722
FILLER_0_30_560, 265.04, 95.2, 1.79722
FILLER_0_32_568, 265.04, 95.2, 1.79722
_10483_, 277.84, 95.2, 1.79723
_10798_, 277.84, 95.2, 1.79723
_11047_, 277.84, 95.2, 1.79723
_11054_, 277.84, 95.2, 1.79723
FILLER_0_30_589, 277.84, 95.2, 1.79723
FILLER_0_31_594, 277.84, 95.2, 1.79723
_10479_, 290.64, 95.2, 1.79725
_10482_, 290.64, 95.2, 1.79725
_11046_, 290.64, 95.2, 1.79725
_11048_, 290.64, 95.2, 1.79725
FILLER_0_30_615, 290.64, 95.2, 1.79725
FILLER_0_31_617, 290.64, 95.2, 1.79725
FILLER_0_32_627, 290.64, 95.2, 1.79725
_10487_, 303.44, 95.2, 1.79728
_10856_, 303.44, 95.2, 1.79728
_10861_, 303.44, 95.2, 1.79728
_11349_, 303.44, 95.2, 1.79728
FILLER_0_30_635, 303.44, 95.2, 1.79728
FILLER_0_31_636, 303.44, 95.2, 1.79728
_10858_, 316.24, 95.2, 1.79732
_12807_, 316.24, 95.2, 1.79732
_15864_, 316.24, 95.2, 1.79732
hold365, 316.24, 95.2, 1.79732
FILLER_0_31_673, 316.24, 95.2, 1.79732
_08648_, 341.84, 95.2, 1.79733
_12922_, 341.84, 95.2, 1.79733
FILLER_0_31_729, 341.84, 95.2, 1.79733
_08646_, 354.64, 95.2, 1.79731
_11484_, 354.64, 95.2, 1.79731
_15385_, 354.64, 95.2, 1.79731
_12804_, 367.44, 95.2, 1.79729
_12920_, 367.44, 95.2, 1.79729
hold1585, 367.44, 95.2, 1.79729
FILLER_0_30_780, 367.44, 95.2, 1.79729
FILLER_0_31_773, 367.44, 95.2, 1.79729
FILLER_0_31_781, 367.44, 95.2, 1.79729
_12997_, 380.24, 95.2, 1.79727
_15353_, 380.24, 95.2, 1.79727
FILLER_0_30_806, 380.24, 95.2, 1.79727
FILLER_0_31_814, 380.24, 95.2, 1.79727
_08700_, 393.04, 95.2, 1.79725
_15175_, 393.04, 95.2, 1.79725
FILLER_0_30_842, 393.04, 95.2, 1.79725
FILLER_0_31_837, 393.04, 95.2, 1.79725
FILLER_0_31_841, 393.04, 95.2, 1.79725
FILLER_0_31_849, 393.04, 95.2, 1.79725
_07419_, 405.84, 95.2, 1.79724
FILLER_0_30_859, 405.84, 95.2, 1.79724
FILLER_0_32_881, 405.84, 95.2, 1.79724
_07424_, 418.64, 95.2, 1.79723
_13861_, 418.64, 95.2, 1.79723
ANTENNA_9, 418.64, 95.2, 1.79723
hold1192, 431.44, 95.2, 1.79722
FILLER_0_30_919, 431.44, 95.2, 1.79722
FILLER_0_30_925, 431.44, 95.2, 1.79722
_13936_, 444.24, 95.2, 1.79721
_15315_, 444.24, 95.2, 1.79721
hold457, 444.24, 95.2, 1.79721
FILLER_0_31_953, 444.24, 95.2, 1.79721
_09681_, 457.04, 95.2, 1.79721
_09682_, 457.04, 95.2, 1.79721
_09715_, 457.04, 95.2, 1.79721
_09716_, 457.04, 95.2, 1.79721
_15217_, 457.04, 95.2, 1.79721
hold433, 457.04, 95.2, 1.79721
FILLER_0_30_977, 457.04, 95.2, 1.79721
_08638_, 469.84, 95.2, 1.7972
_09647_, 469.84, 95.2, 1.7972
_09752_, 469.84, 95.2, 1.7972
_15185_, 469.84, 95.2, 1.7972
FILLER_0_30_1009, 469.84, 95.2, 1.7972
PHY_56, 5.52, 89.76, 1.79699
PHY_58, 5.52, 89.76, 1.79699
clkbuf_leaf_2_clk, 13.68, 89.76, 1.79699
FILLER_0_28_15, 13.68, 89.76, 1.79699
FILLER_0_29_15, 13.68, 89.76, 1.79699
_12090_, 34.64, 89.76, 1.79699
_12160_, 34.64, 89.76, 1.79699
hold75, 34.64, 89.76, 1.79699
FILLER_0_29_53, 34.64, 89.76, 1.79699
FILLER_0_29_64, 34.64, 89.76, 1.79699
_12136_, 47.44, 89.76, 1.79697
_12452_, 47.44, 89.76, 1.79697
hold162, 47.44, 89.76, 1.79697
FILLER_0_28_80, 47.44, 89.76, 1.79697
FILLER_0_28_85, 47.44, 89.76, 1.79697
FILLER_0_29_81, 47.44, 89.76, 1.79697
FILLER_0_29_96, 47.44, 89.76, 1.79697
_12067_, 60.24, 89.76, 1.79696
_12218_, 60.24, 89.76, 1.79696
_15728_, 60.24, 89.76, 1.79696
FILLER_0_28_112, 60.24, 89.76, 1.79696
FILLER_0_29_125, 60.24, 89.76, 1.79696
FILLER_0_30_121, 60.24, 89.76, 1.79696
FILLER_0_30_132, 60.24, 89.76, 1.79696
_14304_, 73.04, 89.76, 1.79694
_15712_, 73.04, 89.76, 1.79694
clkbuf_leaf_5_clk, 73.04, 89.76, 1.79694
hold57, 73.04, 89.76, 1.79694
FILLER_0_29_146, 73.04, 89.76, 1.79694
FILLER_0_29_154, 73.04, 89.76, 1.79694
FILLER_0_30_149, 73.04, 89.76, 1.79694
_11508_, 85.84, 89.76, 1.79696
_12246_, 85.84, 89.76, 1.79696
_16410_, 85.84, 89.76, 1.79696
FILLER_0_29_164, 85.84, 89.76, 1.79696
FILLER_0_29_181, 85.84, 89.76, 1.79696
_12705_, 98.64, 89.76, 1.79697
_12706_, 98.64, 89.76, 1.79697
hold91, 98.64, 89.76, 1.79697
FILLER_0_28_197, 98.64, 89.76, 1.79697
FILLER_0_29_190, 98.64, 89.76, 1.79697
_11065_, 111.44, 89.76, 1.79699
clkbuf_leaf_201_clk, 111.44, 89.76, 1.79699
hold320, 111.44, 89.76, 1.79699
FILLER_0_28_221, 111.44, 89.76, 1.79699
FILLER_0_29_217, 111.44, 89.76, 1.79699
FILLER_0_29_241, 111.44, 89.76, 1.79699
FILLER_0_30_237, 111.44, 89.76, 1.79699
_09858_, 124.24, 89.76, 1.79704
_11080_, 124.24, 89.76, 1.79704
_11726_, 124.24, 89.76, 1.79704
_11728_, 124.24, 89.76, 1.79704
_11736_, 124.24, 89.76, 1.79704
_11738_, 124.24, 89.76, 1.79704
_11916_, 124.24, 89.76, 1.79704
hold290, 124.24, 89.76, 1.79704
FILLER_0_28_249, 124.24, 89.76, 1.79704
_11919_, 137.04, 89.76, 1.79709
_11920_, 137.04, 89.76, 1.79709
FILLER_0_30_288, 137.04, 89.76, 1.79709
_11923_, 149.84, 89.76, 1.79714
_11929_, 149.84, 89.76, 1.79714
_11932_, 149.84, 89.76, 1.79714
hold300, 149.84, 89.76, 1.79714
FILLER_0_28_304, 149.84, 89.76, 1.79714
FILLER_0_28_309, 149.84, 89.76, 1.79714
FILLER_0_29_305, 149.84, 89.76, 1.79714
FILLER_0_29_322, 149.84, 89.76, 1.79714
_11925_, 162.64, 89.76, 1.79719
_11928_, 162.64, 89.76, 1.79719
_15559_, 162.64, 89.76, 1.79719
hold438, 162.64, 89.76, 1.79719
FILLER_0_29_332, 162.64, 89.76, 1.79719
_11933_, 188.24, 89.76, 1.79723
FILLER_0_30_404, 188.24, 89.76, 1.79723
_11934_, 201.04, 89.76, 1.79721
_13951_, 201.04, 89.76, 1.79721
_13952_, 201.04, 89.76, 1.79721
_13975_, 201.04, 89.76, 1.79721
FILLER_0_28_424, 201.04, 89.76, 1.79721
FILLER_0_29_417, 201.04, 89.76, 1.79721
FILLER_0_30_434, 201.04, 89.76, 1.79721
_13960_, 213.84, 89.76, 1.79719
_13978_, 213.84, 89.76, 1.79719
_13979_, 213.84, 89.76, 1.79719
_13994_, 213.84, 89.76, 1.79719
FILLER_0_29_442, 213.84, 89.76, 1.79719
_14077_, 226.64, 89.76, 1.79717
FILLER_0_28_469, 226.64, 89.76, 1.79717
FILLER_0_28_477, 226.64, 89.76, 1.79717
FILLER_0_29_476, 226.64, 89.76, 1.79717
_12277_, 239.44, 89.76, 1.79715
_12348_, 239.44, 89.76, 1.79715
_12350_, 239.44, 89.76, 1.79715
_12351_, 239.44, 89.76, 1.79715
_12397_, 239.44, 89.76, 1.79715
_12404_, 239.44, 89.76, 1.79715
FILLER_0_28_498, 239.44, 89.76, 1.79715
FILLER_0_29_497, 239.44, 89.76, 1.79715
FILLER_0_29_512, 239.44, 89.76, 1.79715
_12286_, 252.24, 89.76, 1.79715
_12287_, 252.24, 89.76, 1.79715
_12347_, 252.24, 89.76, 1.79715
_12406_, 252.24, 89.76, 1.79715
_12407_, 252.24, 89.76, 1.79715
FILLER_0_29_542, 252.24, 89.76, 1.79715
_12279_, 265.04, 89.76, 1.79715
_12280_, 265.04, 89.76, 1.79715
_12346_, 265.04, 89.76, 1.79715
FILLER_0_29_555, 265.04, 89.76, 1.79715
FILLER_0_29_575, 265.04, 89.76, 1.79715
_10857_, 277.84, 89.76, 1.79716
_10981_, 277.84, 89.76, 1.79716
_10982_, 277.84, 89.76, 1.79716
_11049_, 277.84, 89.76, 1.79716
_11050_, 277.84, 89.76, 1.79716
_11051_, 277.84, 89.76, 1.79716
_11052_, 277.84, 89.76, 1.79716
_11053_, 277.84, 89.76, 1.79716
_10348_, 290.64, 89.76, 1.79718
_10349_, 290.64, 89.76, 1.79718
_10550_, 290.64, 89.76, 1.79718
_13804_, 290.64, 89.76, 1.79718
FILLER_0_28_609, 290.64, 89.76, 1.79718
FILLER_0_29_617, 290.64, 89.76, 1.79718
FILLER_0_29_628, 290.64, 89.76, 1.79718
FILLER_0_30_628, 290.64, 89.76, 1.79718
_09990_, 303.44, 89.76, 1.79721
_10549_, 303.44, 89.76, 1.79721
_10551_, 303.44, 89.76, 1.79721
_10862_, 303.44, 89.76, 1.79721
_10973_, 303.44, 89.76, 1.79721
_12662_, 303.44, 89.76, 1.79721
FILLER_0_28_639, 303.44, 89.76, 1.79721
FILLER_0_29_657, 303.44, 89.76, 1.79721
_12663_, 316.24, 89.76, 1.79724
_12808_, 316.24, 89.76, 1.79724
_12948_, 316.24, 89.76, 1.79724
_15820_, 316.24, 89.76, 1.79724
_15884_, 316.24, 89.76, 1.79724
FILLER_0_30_681, 316.24, 89.76, 1.79724
_13833_, 341.84, 89.76, 1.79722
_16267_, 341.84, 89.76, 1.79722
clkbuf_leaf_170_clk, 341.84, 89.76, 1.79722
FILLER_0_29_729, 341.84, 89.76, 1.79722
_11367_, 354.64, 89.76, 1.79719
_12806_, 354.64, 89.76, 1.79719
FILLER_0_28_757, 354.64, 89.76, 1.79719
_12803_, 367.44, 89.76, 1.79716
_12919_, 367.44, 89.76, 1.79716
FILLER_0_29_773, 367.44, 89.76, 1.79716
FILLER_0_29_781, 367.44, 89.76, 1.79716
_07422_, 380.24, 89.76, 1.79712
_11434_, 380.24, 89.76, 1.79712
_12984_, 380.24, 89.76, 1.79712
_15347_, 380.24, 89.76, 1.79712
hold363, 380.24, 89.76, 1.79712
_08644_, 393.04, 89.76, 1.7971
_08645_, 393.04, 89.76, 1.7971
_15169_, 393.04, 89.76, 1.7971
clkbuf_leaf_169_clk, 393.04, 89.76, 1.7971
FILLER_0_28_830, 393.04, 89.76, 1.7971
FILLER_0_29_841, 393.04, 89.76, 1.7971
_09613_, 405.84, 89.76, 1.7971
_12802_, 405.84, 89.76, 1.7971
_12918_, 405.84, 89.76, 1.7971
FILLER_0_30_881, 405.84, 89.76, 1.7971
_16283_, 418.64, 89.76, 1.7971
hold354, 418.64, 89.76, 1.7971
ANTENNA_10, 418.64, 89.76, 1.7971
FILLER_0_28_891, 418.64, 89.76, 1.7971
FILLER_0_29_891, 418.64, 89.76, 1.7971
_11456_, 431.44, 89.76, 1.7971
_13879_, 431.44, 89.76, 1.7971
_15363_, 431.44, 89.76, 1.7971
_16300_, 431.44, 89.76, 1.7971
hold698, 431.44, 89.76, 1.7971
FILLER_0_28_912, 431.44, 89.76, 1.7971
FILLER_0_29_913, 431.44, 89.76, 1.7971
FILLER_0_29_935, 431.44, 89.76, 1.7971
_11370_, 444.24, 89.76, 1.79711
_16332_, 444.24, 89.76, 1.79711
hold418, 444.24, 89.76, 1.79711
FILLER_0_29_953, 444.24, 89.76, 1.79711
_09646_, 457.04, 89.76, 1.79713
_09751_, 457.04, 89.76, 1.79713
_15201_, 457.04, 89.76, 1.79713
FILLER_0_28_973, 457.04, 89.76, 1.79713
FILLER_0_29_972, 457.04, 89.76, 1.79713
FILLER_0_29_986, 457.04, 89.76, 1.79713
_08639_, 469.84, 89.76, 1.79715
_08680_, 469.84, 89.76, 1.79715
_15234_, 469.84, 89.76, 1.79715
FILLER_0_28_1005, 469.84, 89.76, 1.79715
FILLER_0_29_1009, 469.84, 89.76, 1.79715
PHY_52, 5.52, 84.32, 1.79698
PHY_54, 5.52, 84.32, 1.79698
_12113_, 13.68, 84.32, 1.79698
_15648_, 13.68, 84.32, 1.79698
FILLER_0_27_15, 13.68, 84.32, 1.79698
_15632_, 34.64, 84.32, 1.79695
_16490_, 34.64, 84.32, 1.79695
clkbuf_leaf_1_clk, 34.64, 84.32, 1.79695
hold228, 34.64, 84.32, 1.79695
FILLER_0_28_64, 34.64, 84.32, 1.79695
_11146_, 47.44, 84.32, 1.79694
_15746_, 47.44, 84.32, 1.79694
hold88, 47.44, 84.32, 1.79694
hold185, 47.44, 84.32, 1.79694
_11144_, 60.24, 84.32, 1.79693
hold45, 60.24, 84.32, 1.79693
hold209, 60.24, 84.32, 1.79693
FILLER_0_27_113, 60.24, 84.32, 1.79693
_11147_, 73.04, 84.32, 1.79693
hold133, 73.04, 84.32, 1.79693
FILLER_0_26_136, 73.04, 84.32, 1.79693
FILLER_0_26_141, 73.04, 84.32, 1.79693
_11143_, 85.84, 84.32, 1.79693
_16394_, 85.84, 84.32, 1.79693
hold52, 85.84, 84.32, 1.79693
hold233, 85.84, 84.32, 1.79693
FILLER_0_26_163, 85.84, 84.32, 1.79693
FILLER_0_27_169, 85.84, 84.32, 1.79693
_11150_, 98.64, 84.32, 1.79693
_15840_, 98.64, 84.32, 1.79693
_16426_, 98.64, 84.32, 1.79693
FILLER_0_28_208, 98.64, 84.32, 1.79693
_11149_, 111.44, 84.32, 1.79694
_15264_, 111.44, 84.32, 1.79694
_15265_, 111.44, 84.32, 1.79694
hold2, 111.44, 84.32, 1.79694
FILLER_0_27_221, 111.44, 84.32, 1.79694
_11194_, 124.24, 84.32, 1.79696
_15491_, 124.24, 84.32, 1.79696
_15492_, 124.24, 84.32, 1.79696
_15493_, 124.24, 84.32, 1.79696
hold311, 124.24, 84.32, 1.79696
_11747_, 137.04, 84.32, 1.79699
_11749_, 137.04, 84.32, 1.79699
clkbuf_leaf_199_clk, 137.04, 84.32, 1.79699
hold289, 137.04, 84.32, 1.79699
hold333, 137.04, 84.32, 1.79699
_11079_, 149.84, 84.32, 1.79706
_11927_, 149.84, 84.32, 1.79706
_15495_, 149.84, 84.32, 1.79706
_15497_, 149.84, 84.32, 1.79706
FILLER_0_27_325, 149.84, 84.32, 1.79706
_11978_, 162.64, 84.32, 1.79713
FILLER_0_26_333, 162.64, 84.32, 1.79713
FILLER_0_27_333, 162.64, 84.32, 1.79713
FILLER_0_27_349, 162.64, 84.32, 1.79713
_11940_, 188.24, 84.32, 1.79719
_13989_, 188.24, 84.32, 1.79719
_15565_, 188.24, 84.32, 1.79719
FILLER_0_27_388, 188.24, 84.32, 1.79719
FILLER_0_27_393, 188.24, 84.32, 1.79719
FILLER_0_27_401, 188.24, 84.32, 1.79719
FILLER_0_27_407, 188.24, 84.32, 1.79719
FILLER_0_28_401, 188.24, 84.32, 1.79719
FILLER_0_28_411, 188.24, 84.32, 1.79719
_13953_, 201.04, 84.32, 1.79718
_13973_, 201.04, 84.32, 1.79718
_13974_, 201.04, 84.32, 1.79718
_13976_, 201.04, 84.32, 1.79718
_13980_, 201.04, 84.32, 1.79718
_13988_, 201.04, 84.32, 1.79718
_13991_, 201.04, 84.32, 1.79718
_13992_, 201.04, 84.32, 1.79718
FILLER_0_27_433, 201.04, 84.32, 1.79718
_13961_, 213.84, 84.32, 1.79718
_13997_, 213.84, 84.32, 1.79718
_14090_, 213.84, 84.32, 1.79718
FILLER_0_27_444, 213.84, 84.32, 1.79718
FILLER_0_27_458, 213.84, 84.32, 1.79718
_13995_, 226.64, 84.32, 1.79718
_13996_, 226.64, 84.32, 1.79718
_14078_, 226.64, 84.32, 1.79718
_14105_, 226.64, 84.32, 1.79718
FILLER_0_27_493, 226.64, 84.32, 1.79718
FILLER_0_27_501, 239.44, 84.32, 1.79718
FILLER_0_28_514, 239.44, 84.32, 1.79718
_12276_, 252.24, 84.32, 1.79718
_12281_, 252.24, 84.32, 1.79718
_12282_, 252.24, 84.32, 1.79718
_12349_, 252.24, 84.32, 1.79718
FILLER_0_26_525, 252.24, 84.32, 1.79718
FILLER_0_27_529, 252.24, 84.32, 1.79718
FILLER_0_27_536, 252.24, 84.32, 1.79718
FILLER_0_27_544, 252.24, 84.32, 1.79718
FILLER_0_28_544, 252.24, 84.32, 1.79718
_12283_, 265.04, 84.32, 1.79719
_12285_, 265.04, 84.32, 1.79719
FILLER_0_27_554, 265.04, 84.32, 1.79719
FILLER_0_28_570, 265.04, 84.32, 1.79719
_10429_, 277.84, 84.32, 1.7972
_10925_, 277.84, 84.32, 1.7972
FILLER_0_26_583, 277.84, 84.32, 1.7972
FILLER_0_27_580, 277.84, 84.32, 1.7972
_10123_, 290.64, 84.32, 1.79721
_10124_, 290.64, 84.32, 1.79721
_10975_, 290.64, 84.32, 1.79721
FILLER_0_26_613, 290.64, 84.32, 1.79721
_10122_, 303.44, 84.32, 1.79723
_10347_, 303.44, 84.32, 1.79723
_10972_, 303.44, 84.32, 1.79723
_10974_, 303.44, 84.32, 1.79723
_10978_, 303.44, 84.32, 1.79723
FILLER_0_28_657, 303.44, 84.32, 1.79723
_12947_, 316.24, 84.32, 1.79726
hold367, 316.24, 84.32, 1.79726
hold1293, 316.24, 84.32, 1.79726
FILLER_0_27_667, 316.24, 84.32, 1.79726
FILLER_0_27_685, 316.24, 84.32, 1.79726
_08685_, 341.84, 84.32, 1.79725
_11377_, 341.84, 84.32, 1.79725
_12832_, 341.84, 84.32, 1.79725
FILLER_0_27_719, 341.84, 84.32, 1.79725
FILLER_0_27_729, 341.84, 84.32, 1.79725
_08684_, 354.64, 84.32, 1.79723
_11478_, 354.64, 84.32, 1.79723
_12946_, 354.64, 84.32, 1.79723
_15379_, 354.64, 84.32, 1.79723
FILLER_0_27_756, 354.64, 84.32, 1.79723
FILLER_0_27_764, 354.64, 84.32, 1.79723
_12831_, 367.44, 84.32, 1.79721
hold352, 367.44, 84.32, 1.79721
hold1581, 367.44, 84.32, 1.79721
FILLER_0_27_797, 367.44, 84.32, 1.79721
_12985_, 380.24, 84.32, 1.7972
hold1589, 380.24, 84.32, 1.7972
FILLER_0_26_808, 380.24, 84.32, 1.7972
FILLER_0_27_809, 380.24, 84.32, 1.7972
FILLER_0_27_817, 380.24, 84.32, 1.7972
_12036_, 393.04, 84.32, 1.79718
_12037_, 393.04, 84.32, 1.79718
_15603_, 393.04, 84.32, 1.79718
_15896_, 393.04, 84.32, 1.79718
FILLER_0_28_855, 393.04, 84.32, 1.79718
_09612_, 405.84, 84.32, 1.79717
FILLER_0_26_859, 405.84, 84.32, 1.79717
FILLER_0_26_869, 405.84, 84.32, 1.79717
FILLER_0_27_869, 405.84, 84.32, 1.79717
_07438_, 418.64, 84.32, 1.79716
_12829_, 418.64, 84.32, 1.79716
_13855_, 418.64, 84.32, 1.79716
FILLER_0_26_888, 418.64, 84.32, 1.79716
FILLER_0_27_897, 418.64, 84.32, 1.79716
FILLER_0_28_904, 418.64, 84.32, 1.79716
_13883_, 431.44, 84.32, 1.79716
_16287_, 431.44, 84.32, 1.79716
hold361, 431.44, 84.32, 1.79716
hold393, 431.44, 84.32, 1.79716
FILLER_0_26_912, 431.44, 84.32, 1.79716
FILLER_0_27_926, 431.44, 84.32, 1.79716
FILLER_0_28_933, 431.44, 84.32, 1.79716
_11378_, 444.24, 84.32, 1.79715
_15319_, 444.24, 84.32, 1.79715
FILLER_0_27_946, 444.24, 84.32, 1.79715
FILLER_0_27_965, 444.24, 84.32, 1.79715
_09689_, 457.04, 84.32, 1.79715
_09723_, 457.04, 84.32, 1.79715
_15221_, 457.04, 84.32, 1.79715
_09655_, 469.84, 84.32, 1.79716
_15189_, 469.84, 84.32, 1.79716
_15205_, 469.84, 84.32, 1.79716
FILLER_0_27_1005, 469.84, 84.32, 1.79716
PHY_48, 5.52, 78.88, 1.79699
PHY_50, 5.52, 78.88, 1.79699
input27, 5.52, 78.88, 1.79699
_11578_, 13.68, 78.88, 1.79699
FILLER_0_26_18, 13.68, 78.88, 1.79699
_15680_, 34.64, 78.88, 1.79699
FILLER_0_25_53, 34.64, 78.88, 1.79699
FILLER_0_25_57, 34.64, 78.88, 1.79699
FILLER_0_25_65, 34.64, 78.88, 1.79699
FILLER_0_26_77, 34.64, 78.88, 1.79699
_12451_, 47.44, 78.88, 1.79698
_14536_, 47.44, 78.88, 1.79698
_15664_, 47.44, 78.88, 1.79698
FILLER_0_24_80, 47.44, 78.88, 1.79698
FILLER_0_24_85, 47.44, 78.88, 1.79698
FILLER_0_25_105, 47.44, 78.88, 1.79698
_12066_, 60.24, 78.88, 1.79699
_12247_, 60.24, 78.88, 1.79699
_15616_, 60.24, 78.88, 1.79699
FILLER_0_24_115, 60.24, 78.88, 1.79699
FILLER_0_25_113, 60.24, 78.88, 1.79699
_16362_, 73.04, 78.88, 1.79699
FILLER_0_24_134, 73.04, 78.88, 1.79699
FILLER_0_25_157, 73.04, 78.88, 1.79699
_14361_, 85.84, 78.88, 1.797
_14383_, 85.84, 78.88, 1.797
FILLER_0_25_165, 85.84, 78.88, 1.797
FILLER_0_25_169, 85.84, 78.88, 1.797
FILLER_0_25_187, 85.84, 78.88, 1.797
FILLER_0_26_187, 85.84, 78.88, 1.797
_11141_, 98.64, 78.88, 1.79701
_11148_, 98.64, 78.88, 1.79701
_14360_, 98.64, 78.88, 1.79701
_14405_, 98.64, 78.88, 1.79701
hold120, 98.64, 78.88, 1.79701
FILLER_0_25_205, 98.64, 78.88, 1.79701
FILLER_0_26_216, 98.64, 78.88, 1.79701
_11097_, 111.44, 78.88, 1.79702
_11132_, 111.44, 78.88, 1.79702
_11142_, 111.44, 78.88, 1.79702
_11724_, 111.44, 78.88, 1.79702
_15487_, 111.44, 78.88, 1.79702
FILLER_0_24_221, 111.44, 78.88, 1.79702
FILLER_0_25_219, 111.44, 78.88, 1.79702
FILLER_0_25_233, 111.44, 78.88, 1.79702
FILLER_0_26_237, 111.44, 78.88, 1.79702
_11734_, 124.24, 78.88, 1.79704
_15494_, 124.24, 78.88, 1.79704
hold4, 124.24, 78.88, 1.79704
FILLER_0_24_253, 124.24, 78.88, 1.79704
FILLER_0_25_254, 124.24, 78.88, 1.79704
FILLER_0_25_265, 124.24, 78.88, 1.79704
_11722_, 137.04, 78.88, 1.79706
_11733_, 137.04, 78.88, 1.79706
_11740_, 137.04, 78.88, 1.79706
_15498_, 137.04, 78.88, 1.79706
hold309, 137.04, 78.88, 1.79706
FILLER_0_25_281, 137.04, 78.88, 1.79706
FILLER_0_25_290, 137.04, 78.88, 1.79706
_15496_, 149.84, 78.88, 1.79709
hold291, 149.84, 78.88, 1.79709
hold292, 149.84, 78.88, 1.79709
hold330, 149.84, 78.88, 1.79709
FILLER_0_24_305, 149.84, 78.88, 1.79709
_11963_, 162.64, 78.88, 1.79713
_11981_, 162.64, 78.88, 1.79713
_15515_, 162.64, 78.88, 1.79713
_15517_, 162.64, 78.88, 1.79713
hold307, 162.64, 78.88, 1.79713
FILLER_0_25_329, 162.64, 78.88, 1.79713
FILLER_0_26_355, 162.64, 78.88, 1.79713
_09807_, 188.24, 78.88, 1.79715
_13990_, 188.24, 78.88, 1.79715
_14018_, 188.24, 78.88, 1.79715
hold371, 188.24, 78.88, 1.79715
FILLER_0_25_393, 188.24, 78.88, 1.79715
_12003_, 201.04, 78.88, 1.79714
_13948_, 201.04, 78.88, 1.79714
FILLER_0_25_421, 201.04, 78.88, 1.79714
FILLER_0_26_428, 201.04, 78.88, 1.79714
_13999_, 213.84, 78.88, 1.79713
_14000_, 213.84, 78.88, 1.79713
_14001_, 213.84, 78.88, 1.79713
_14011_, 213.84, 78.88, 1.79713
_14012_, 213.84, 78.88, 1.79713
FILLER_0_26_456, 213.84, 78.88, 1.79713
_14013_, 226.64, 78.88, 1.79712
_14106_, 226.64, 78.88, 1.79712
_14107_, 226.64, 78.88, 1.79712
FILLER_0_24_473, 226.64, 78.88, 1.79712
FILLER_0_24_477, 226.64, 78.88, 1.79712
FILLER_0_25_482, 226.64, 78.88, 1.79712
FILLER_0_26_489, 226.64, 78.88, 1.79712
_14083_, 239.44, 78.88, 1.79711
_14108_, 239.44, 78.88, 1.79711
_14128_, 239.44, 78.88, 1.79711
_14132_, 239.44, 78.88, 1.79711
_12342_, 252.24, 78.88, 1.7971
_14264_, 252.24, 78.88, 1.7971
_14265_, 252.24, 78.88, 1.7971
_14266_, 252.24, 78.88, 1.7971
FILLER_0_25_548, 252.24, 78.88, 1.7971
FILLER_0_26_545, 252.24, 78.88, 1.7971
_10488_, 265.04, 78.88, 1.7971
_12284_, 265.04, 78.88, 1.7971
_12329_, 265.04, 78.88, 1.7971
FILLER_0_25_561, 265.04, 78.88, 1.7971
FILLER_0_25_569, 265.04, 78.88, 1.7971
FILLER_0_26_573, 265.04, 78.88, 1.7971
_10491_, 277.84, 78.88, 1.79711
_10614_, 277.84, 78.88, 1.79711
_10615_, 277.84, 78.88, 1.79711
_11055_, 277.84, 78.88, 1.79711
FILLER_0_24_582, 277.84, 78.88, 1.79711
_10125_, 290.64, 78.88, 1.79712
_10350_, 290.64, 78.88, 1.79712
FILLER_0_25_607, 290.64, 78.88, 1.79712
FILLER_0_25_617, 290.64, 78.88, 1.79712
_10354_, 303.44, 78.88, 1.79715
_10977_, 303.44, 78.88, 1.79715
_10979_, 303.44, 78.88, 1.79715
_12670_, 303.44, 78.88, 1.79715
_12671_, 303.44, 78.88, 1.79715
FILLER_0_25_656, 303.44, 78.88, 1.79715
_12827_, 316.24, 78.88, 1.79718
_15824_, 316.24, 78.88, 1.79718
_15865_, 316.24, 78.88, 1.79718
_15867_, 316.24, 78.88, 1.79718
FILLER_0_25_669, 316.24, 78.88, 1.79718
FILLER_0_26_680, 316.24, 78.88, 1.79718
_08658_, 341.84, 78.88, 1.79718
_08694_, 341.84, 78.88, 1.79718
FILLER_0_24_724, 341.84, 78.88, 1.79718
FILLER_0_25_725, 341.84, 78.88, 1.79718
FILLER_0_25_729, 341.84, 78.88, 1.79718
_08667_, 354.64, 78.88, 1.79715
_12825_, 354.64, 78.88, 1.79715
FILLER_0_24_750, 354.64, 78.88, 1.79715
_12944_, 367.44, 78.88, 1.79713
_12945_, 367.44, 78.88, 1.79713
FILLER_0_24_784, 367.44, 78.88, 1.79713
FILLER_0_25_778, 367.44, 78.88, 1.79713
FILLER_0_25_785, 367.44, 78.88, 1.79713
FILLER_0_26_788, 367.44, 78.88, 1.79713
FILLER_0_26_796, 367.44, 78.88, 1.79713
_07439_, 380.24, 78.88, 1.79712
FILLER_0_24_813, 380.24, 78.88, 1.79712
FILLER_0_26_825, 380.24, 78.88, 1.79712
_08683_, 393.04, 78.88, 1.7971
_12045_, 393.04, 78.88, 1.7971
_15607_, 393.04, 78.88, 1.7971
FILLER_0_25_832, 393.04, 78.88, 1.7971
FILLER_0_25_841, 393.04, 78.88, 1.7971
_09620_, 405.84, 78.88, 1.79709
_15367_, 405.84, 78.88, 1.79709
FILLER_0_24_859, 405.84, 78.88, 1.79709
FILLER_0_25_865, 405.84, 78.88, 1.79709
FILLER_0_26_880, 405.84, 78.88, 1.79709
_12943_, 418.64, 78.88, 1.79708
hold879, 418.64, 78.88, 1.79708
_07440_, 431.44, 78.88, 1.79708
_13859_, 431.44, 78.88, 1.79708
_16304_, 431.44, 78.88, 1.79708
FILLER_0_24_919, 431.44, 78.88, 1.79708
FILLER_0_24_925, 431.44, 78.88, 1.79708
_13940_, 444.24, 78.88, 1.79708
_16336_, 444.24, 78.88, 1.79708
hold382, 444.24, 78.88, 1.79708
hold400, 444.24, 78.88, 1.79708
FILLER_0_24_944, 444.24, 78.88, 1.79708
FILLER_0_25_947, 444.24, 78.88, 1.79708
FILLER_0_25_961, 444.24, 78.88, 1.79708
_09654_, 457.04, 78.88, 1.79708
_09690_, 457.04, 78.88, 1.79708
_09724_, 457.04, 78.88, 1.79708
_09759_, 457.04, 78.88, 1.79708
clkbuf_leaf_162_clk, 457.04, 78.88, 1.79708
FILLER_0_24_975, 457.04, 78.88, 1.79708
FILLER_0_25_975, 457.04, 78.88, 1.79708
FILLER_0_26_986, 457.04, 78.88, 1.79708
_09758_, 469.84, 78.88, 1.7971
_09760_, 469.84, 78.88, 1.7971
_15238_, 469.84, 78.88, 1.7971
FILLER_0_25_1012, 469.84, 78.88, 1.7971
PHY_44, 5.52, 73.44, 1.79695
PHY_46, 5.52, 73.44, 1.79695
_15424_, 13.68, 73.44, 1.79695
_15647_, 13.68, 73.44, 1.79695
FILLER_0_23_15, 13.68, 73.44, 1.79695
_12089_, 34.64, 73.44, 1.79692
_16489_, 34.64, 73.44, 1.79692
hold48, 34.64, 73.44, 1.79692
FILLER_0_22_63, 34.64, 73.44, 1.79692
_11138_, 47.44, 73.44, 1.7969
clkbuf_leaf_0_clk, 47.44, 73.44, 1.7969
hold196, 47.44, 73.44, 1.7969
_15663_, 60.24, 73.44, 1.79689
_15727_, 60.24, 73.44, 1.79689
hold191, 60.24, 73.44, 1.79689
hold225, 60.24, 73.44, 1.79689
FILLER_0_23_109, 60.24, 73.44, 1.79689
FILLER_0_24_123, 60.24, 73.44, 1.79689
_11135_, 73.04, 73.44, 1.7969
_11139_, 73.04, 73.44, 1.7969
_12217_, 73.04, 73.44, 1.7969
_11133_, 85.84, 73.44, 1.79691
_11506_, 85.84, 73.44, 1.79691
_12244_, 85.84, 73.44, 1.79691
_16409_, 85.84, 73.44, 1.79691
hold65, 85.84, 73.44, 1.79691
hold94, 85.84, 73.44, 1.79691
FILLER_0_22_162, 85.84, 73.44, 1.79691
_11140_, 98.64, 73.44, 1.79692
_16425_, 98.64, 73.44, 1.79692
hold83, 98.64, 73.44, 1.79692
hold215, 98.64, 73.44, 1.79692
FILLER_0_22_192, 98.64, 73.44, 1.79692
FILLER_0_22_197, 98.64, 73.44, 1.79692
FILLER_0_23_189, 98.64, 73.44, 1.79692
FILLER_0_24_204, 98.64, 73.44, 1.79692
_11082_, 111.44, 73.44, 1.79694
_11161_, 111.44, 73.44, 1.79694
_11729_, 111.44, 73.44, 1.79694
_14404_, 111.44, 73.44, 1.79694
FILLER_0_23_217, 111.44, 73.44, 1.79694
FILLER_0_23_225, 111.44, 73.44, 1.79694
FILLER_0_23_233, 111.44, 73.44, 1.79694
FILLER_0_24_236, 111.44, 73.44, 1.79694
FILLER_0_24_244, 111.44, 73.44, 1.79694
_11711_, 124.24, 73.44, 1.79696
_11723_, 124.24, 73.44, 1.79696
_11725_, 124.24, 73.44, 1.79696
_11727_, 124.24, 73.44, 1.79696
_15485_, 124.24, 73.44, 1.79696
FILLER_0_23_260, 124.24, 73.44, 1.79696
_11743_, 137.04, 73.44, 1.79699
_11745_, 137.04, 73.44, 1.79699
_15486_, 137.04, 73.44, 1.79699
hold342, 137.04, 73.44, 1.79699
FILLER_0_23_289, 137.04, 73.44, 1.79699
FILLER_0_24_290, 137.04, 73.44, 1.79699
_11714_, 149.84, 73.44, 1.79702
_11791_, 149.84, 73.44, 1.79702
_11793_, 149.84, 73.44, 1.79702
_11795_, 149.84, 73.44, 1.79702
hold306, 149.84, 73.44, 1.79702
FILLER_0_22_309, 149.84, 73.44, 1.79702
FILLER_0_23_305, 149.84, 73.44, 1.79702
FILLER_0_24_317, 149.84, 73.44, 1.79702
_11982_, 162.64, 73.44, 1.79706
_15516_, 162.64, 73.44, 1.79706
clkbuf_leaf_198_clk, 162.64, 73.44, 1.79706
hold278, 162.64, 73.44, 1.79706
FILLER_0_22_331, 162.64, 73.44, 1.79706
_11987_, 188.24, 73.44, 1.79712
_14019_, 188.24, 73.44, 1.79712
_14020_, 188.24, 73.44, 1.79712
_14021_, 188.24, 73.44, 1.79712
hold369, 188.24, 73.44, 1.79712
FILLER_0_22_391, 188.24, 73.44, 1.79712
FILLER_0_23_405, 188.24, 73.44, 1.79712
FILLER_0_24_411, 188.24, 73.44, 1.79712
_14022_, 201.04, 73.44, 1.79711
_14047_, 201.04, 73.44, 1.79711
FILLER_0_22_414, 201.04, 73.44, 1.79711
FILLER_0_23_433, 201.04, 73.44, 1.79711
_12006_, 213.84, 73.44, 1.79711
_14014_, 213.84, 73.44, 1.79711
_14017_, 213.84, 73.44, 1.79711
_14023_, 213.84, 73.44, 1.79711
_14024_, 213.84, 73.44, 1.79711
_14043_, 213.84, 73.44, 1.79711
FILLER_0_24_457, 213.84, 73.44, 1.79711
_14015_, 226.64, 73.44, 1.79711
_14081_, 226.64, 73.44, 1.79711
_14109_, 226.64, 73.44, 1.79711
FILLER_0_23_488, 226.64, 73.44, 1.79711
_14080_, 239.44, 73.44, 1.79711
_14082_, 239.44, 73.44, 1.79711
_14129_, 239.44, 73.44, 1.79711
_14131_, 239.44, 73.44, 1.79711
_14263_, 239.44, 73.44, 1.79711
_14282_, 239.44, 73.44, 1.79711
FILLER_0_23_508, 239.44, 73.44, 1.79711
FILLER_0_24_514, 239.44, 73.44, 1.79711
_14267_, 252.24, 73.44, 1.79711
_14268_, 252.24, 73.44, 1.79711
_14269_, 252.24, 73.44, 1.79711
_14283_, 252.24, 73.44, 1.79711
_14284_, 252.24, 73.44, 1.79711
_14285_, 252.24, 73.44, 1.79711
_14286_, 252.24, 73.44, 1.79711
FILLER_0_24_539, 252.24, 73.44, 1.79711
_10490_, 265.04, 73.44, 1.79711
_12608_, 265.04, 73.44, 1.79711
FILLER_0_22_564, 265.04, 73.44, 1.79711
FILLER_0_24_573, 265.04, 73.44, 1.79711
_10135_, 277.84, 73.44, 1.79712
_10489_, 277.84, 73.44, 1.79712
_10553_, 277.84, 73.44, 1.79712
FILLER_0_22_581, 277.84, 73.44, 1.79712
FILLER_0_23_585, 277.84, 73.44, 1.79712
FILLER_0_23_602, 277.84, 73.44, 1.79712
_10131_, 290.64, 73.44, 1.79713
_10268_, 290.64, 73.44, 1.79713
_10269_, 290.64, 73.44, 1.79713
_10357_, 290.64, 73.44, 1.79713
_10358_, 290.64, 73.44, 1.79713
_10352_, 303.44, 73.44, 1.79715
_10355_, 303.44, 73.44, 1.79715
_10980_, 303.44, 73.44, 1.79715
_13830_, 303.44, 73.44, 1.79715
FILLER_0_23_643, 303.44, 73.44, 1.79715
FILLER_0_24_654, 303.44, 73.44, 1.79715
_12826_, 316.24, 73.44, 1.79717
_15823_, 316.24, 73.44, 1.79717
FILLER_0_23_664, 316.24, 73.44, 1.79717
FILLER_0_24_678, 316.24, 73.44, 1.79717
FILLER_0_24_689, 316.24, 73.44, 1.79717
_08676_, 341.84, 73.44, 1.79716
_12812_, 341.84, 73.44, 1.79716
_12819_, 341.84, 73.44, 1.79716
_12838_, 341.84, 73.44, 1.79716
FILLER_0_22_729, 341.84, 73.44, 1.79716
FILLER_0_23_721, 341.84, 73.44, 1.79716
FILLER_0_23_739, 341.84, 73.44, 1.79716
_08675_, 354.64, 73.44, 1.79714
_11482_, 354.64, 73.44, 1.79714
_15383_, 354.64, 73.44, 1.79714
FILLER_0_22_752, 354.64, 73.44, 1.79714
FILLER_0_23_766, 354.64, 73.44, 1.79714
_12824_, 367.44, 73.44, 1.79712
_12830_, 367.44, 73.44, 1.79712
hold358, 367.44, 73.44, 1.79712
hold1582, 367.44, 73.44, 1.79712
_12992_, 380.24, 73.44, 1.7971
_15351_, 380.24, 73.44, 1.7971
hold350, 380.24, 73.44, 1.7971
hold1587, 380.24, 73.44, 1.7971
FILLER_0_22_803, 380.24, 73.44, 1.7971
FILLER_0_22_813, 380.24, 73.44, 1.7971
FILLER_0_23_804, 380.24, 73.44, 1.7971
FILLER_0_23_812, 380.24, 73.44, 1.7971
_08682_, 393.04, 73.44, 1.79708
_12044_, 393.04, 73.44, 1.79708
_15900_, 393.04, 73.44, 1.79708
FILLER_0_23_853, 393.04, 73.44, 1.79708
_09621_, 405.84, 73.44, 1.79707
_11460_, 405.84, 73.44, 1.79707
_15173_, 405.84, 73.44, 1.79707
FILLER_0_22_859, 405.84, 73.44, 1.79707
_07434_, 418.64, 73.44, 1.79706
_12822_, 418.64, 73.44, 1.79706
FILLER_0_22_887, 418.64, 73.44, 1.79706
FILLER_0_23_887, 418.64, 73.44, 1.79706
FILLER_0_23_897, 418.64, 73.44, 1.79706
FILLER_0_24_905, 418.64, 73.44, 1.79706
_07436_, 431.44, 73.44, 1.79706
_16303_, 431.44, 73.44, 1.79706
hold372, 431.44, 73.44, 1.79706
FILLER_0_23_923, 431.44, 73.44, 1.79706
FILLER_0_24_933, 431.44, 73.44, 1.79706
_15318_, 444.24, 73.44, 1.79705
clkbuf_leaf_163_clk, 444.24, 73.44, 1.79705
hold417, 444.24, 73.44, 1.79705
FILLER_0_23_945, 444.24, 73.44, 1.79705
_09652_, 457.04, 73.44, 1.79707
_09687_, 457.04, 73.44, 1.79707
_09688_, 457.04, 73.44, 1.79707
_09721_, 457.04, 73.44, 1.79707
_09722_, 457.04, 73.44, 1.79707
_15220_, 457.04, 73.44, 1.79707
FILLER_0_22_975, 457.04, 73.44, 1.79707
_08671_, 469.84, 73.44, 1.7971
_09653_, 469.84, 73.44, 1.7971
_15188_, 469.84, 73.44, 1.7971
FILLER_0_22_1007, 469.84, 73.44, 1.7971
PHY_40, 5.52, 68, 1.79694
PHY_42, 5.52, 68, 1.79694
FILLER_0_22_3, 5.52, 68, 1.79694
_11123_, 34.64, 68, 1.79691
_15679_, 34.64, 68, 1.79691
hold42, 34.64, 68, 1.79691
hold131, 34.64, 68, 1.79691
FILLER_0_20_62, 34.64, 68, 1.79691
FILLER_0_21_65, 34.64, 68, 1.79691
_12135_, 47.44, 68, 1.79689
_14535_, 47.44, 68, 1.79689
_15745_, 47.44, 68, 1.79689
hold224, 47.44, 68, 1.79689
FILLER_0_20_78, 47.44, 68, 1.79689
_12245_, 60.24, 68, 1.79687
_15615_, 60.24, 68, 1.79687
_15711_, 60.24, 68, 1.79687
hold188, 60.24, 68, 1.79687
FILLER_0_20_112, 60.24, 68, 1.79687
FILLER_0_21_109, 60.24, 68, 1.79687
_16361_, 73.04, 68, 1.79686
hold157, 73.04, 68, 1.79686
FILLER_0_20_133, 73.04, 68, 1.79686
FILLER_0_21_146, 73.04, 68, 1.79686
_11134_, 85.84, 68, 1.79685
_14303_, 85.84, 68, 1.79685
_14382_, 85.84, 68, 1.79685
_16393_, 85.84, 68, 1.79685
clkbuf_leaf_202_clk, 85.84, 68, 1.79685
_12704_, 98.64, 68, 1.79687
_15839_, 98.64, 68, 1.79687
hold69, 98.64, 68, 1.79687
_11129_, 111.44, 68, 1.79689
_11130_, 111.44, 68, 1.79689
_11131_, 111.44, 68, 1.79689
_15263_, 111.44, 68, 1.79689
FILLER_0_21_244, 111.44, 68, 1.79689
FILLER_0_22_244, 111.44, 68, 1.79689
_11718_, 124.24, 68, 1.79692
_11719_, 124.24, 68, 1.79692
_15277_, 124.24, 68, 1.79692
hold1, 124.24, 68, 1.79692
FILLER_0_21_258, 124.24, 68, 1.79692
FILLER_0_21_268, 124.24, 68, 1.79692
FILLER_0_22_264, 124.24, 68, 1.79692
_11715_, 137.04, 68, 1.79695
_11716_, 137.04, 68, 1.79695
_11717_, 137.04, 68, 1.79695
_11721_, 137.04, 68, 1.79695
_15483_, 137.04, 68, 1.79695
hold341, 137.04, 68, 1.79695
_11797_, 149.84, 68, 1.797
_15518_, 149.84, 68, 1.797
hold310, 149.84, 68, 1.797
hold284, 162.64, 68, 1.79705
FILLER_0_21_349, 162.64, 68, 1.79705
FILLER_0_22_354, 162.64, 68, 1.79705
_14046_, 188.24, 68, 1.79707
_15582_, 188.24, 68, 1.79707
clkbuf_leaf_195_clk, 188.24, 68, 1.79707
FILLER_0_20_388, 188.24, 68, 1.79707
FILLER_0_21_389, 188.24, 68, 1.79707
FILLER_0_22_405, 188.24, 68, 1.79707
_14048_, 201.04, 68, 1.79707
_14049_, 201.04, 68, 1.79707
_14050_, 201.04, 68, 1.79707
_14067_, 201.04, 68, 1.79707
_14068_, 201.04, 68, 1.79707
_14070_, 201.04, 68, 1.79707
FILLER_0_21_437, 201.04, 68, 1.79707
_14016_, 213.84, 68, 1.79707
FILLER_0_20_448, 213.84, 68, 1.79707
FILLER_0_21_445, 213.84, 68, 1.79707
FILLER_0_21_461, 213.84, 68, 1.79707
FILLER_0_22_455, 213.84, 68, 1.79707
_14038_, 226.64, 68, 1.79706
_14039_, 226.64, 68, 1.79706
_14040_, 226.64, 68, 1.79706
_14041_, 226.64, 68, 1.79706
_14042_, 226.64, 68, 1.79706
_14044_, 226.64, 68, 1.79706
_14045_, 226.64, 68, 1.79706
_14052_, 226.64, 68, 1.79706
_14072_, 226.64, 68, 1.79706
_14130_, 239.44, 68, 1.79707
_14133_, 239.44, 68, 1.79707
FILLER_0_21_497, 239.44, 68, 1.79707
FILLER_0_20_527, 252.24, 68, 1.79707
FILLER_0_20_533, 252.24, 68, 1.79707
FILLER_0_21_548, 252.24, 68, 1.79707
_12609_, 265.04, 68, 1.79707
_14171_, 265.04, 68, 1.79707
_14180_, 265.04, 68, 1.79707
_14197_, 265.04, 68, 1.79707
_14198_, 265.04, 68, 1.79707
_14200_, 265.04, 68, 1.79707
_14218_, 265.04, 68, 1.79707
_14219_, 265.04, 68, 1.79707
_14220_, 265.04, 68, 1.79707
FILLER_0_20_556, 265.04, 68, 1.79707
_14173_, 277.84, 68, 1.79709
_14177_, 277.84, 68, 1.79709
_14199_, 277.84, 68, 1.79709
_14214_, 277.84, 68, 1.79709
FILLER_0_22_601, 277.84, 68, 1.79709
_10129_, 290.64, 68, 1.7971
_14215_, 290.64, 68, 1.7971
FILLER_0_21_629, 290.64, 68, 1.7971
FILLER_0_22_623, 290.64, 68, 1.7971
_10132_, 303.44, 68, 1.79711
_10134_, 303.44, 68, 1.79711
_10356_, 303.44, 68, 1.79711
_12668_, 303.44, 68, 1.79711
_12669_, 303.44, 68, 1.79711
_13826_, 303.44, 68, 1.79711
_13828_, 303.44, 68, 1.79711
FILLER_0_20_638, 303.44, 68, 1.79711
FILLER_0_21_657, 303.44, 68, 1.79711
FILLER_0_22_651, 303.44, 68, 1.79711
_10351_, 316.24, 68, 1.79714
_10976_, 316.24, 68, 1.79714
_15885_, 316.24, 68, 1.79714
hold364, 316.24, 68, 1.79714
FILLER_0_20_663, 316.24, 68, 1.79714
FILLER_0_20_671, 316.24, 68, 1.79714
FILLER_0_21_684, 316.24, 68, 1.79714
_12940_, 341.84, 68, 1.79715
_13829_, 341.84, 68, 1.79715
_13831_, 341.84, 68, 1.79715
_16270_, 341.84, 68, 1.79715
FILLER_0_20_730, 341.84, 68, 1.79715
FILLER_0_21_736, 341.84, 68, 1.79715
_11375_, 354.64, 68, 1.79714
_12938_, 354.64, 68, 1.79714
FILLER_0_22_765, 354.64, 68, 1.79714
_07435_, 367.44, 68, 1.79713
_12939_, 367.44, 68, 1.79713
FILLER_0_21_794, 367.44, 68, 1.79713
_11438_, 380.24, 68, 1.79712
_12837_, 380.24, 68, 1.79712
_12993_, 380.24, 68, 1.79712
FILLER_0_21_818, 380.24, 68, 1.79712
FILLER_0_21_826, 380.24, 68, 1.79712
FILLER_0_22_826, 380.24, 68, 1.79712
_08674_, 393.04, 68, 1.79711
_12042_, 393.04, 68, 1.79711
_12043_, 393.04, 68, 1.79711
_15606_, 393.04, 68, 1.79711
FILLER_0_20_837, 393.04, 68, 1.79711
FILLER_0_21_837, 393.04, 68, 1.79711
_07444_, 405.84, 68, 1.7971
_11459_, 405.84, 68, 1.7971
_15366_, 405.84, 68, 1.7971
hold1183, 405.84, 68, 1.7971
_12937_, 418.64, 68, 1.7971
FILLER_0_21_887, 418.64, 68, 1.7971
_13882_, 431.44, 68, 1.7971
_16305_, 431.44, 68, 1.7971
FILLER_0_20_914, 431.44, 68, 1.7971
FILLER_0_21_930, 431.44, 68, 1.7971
FILLER_0_21_938, 431.44, 68, 1.7971
FILLER_0_22_934, 431.44, 68, 1.7971
_11376_, 444.24, 68, 1.7971
_13939_, 444.24, 68, 1.7971
_16335_, 444.24, 68, 1.7971
hold422, 444.24, 68, 1.7971
FILLER_0_21_948, 444.24, 68, 1.7971
FILLER_0_22_961, 444.24, 68, 1.7971
_09685_, 457.04, 68, 1.7971
_09757_, 457.04, 68, 1.7971
_15204_, 457.04, 68, 1.7971
hold1588, 457.04, 68, 1.7971
FILLER_0_21_981, 457.04, 68, 1.7971
FILLER_0_22_984, 457.04, 68, 1.7971
_15237_, 469.84, 68, 1.79711
PHY_36, 5.52, 62.56, 1.79695
PHY_38, 5.52, 62.56, 1.79695
ANTENNA_2, 5.52, 62.56, 1.79695
FILLER_0_19_3, 5.52, 62.56, 1.79695
_07392_, 13.68, 62.56, 1.79695
_12111_, 13.68, 62.56, 1.79695
_15646_, 13.68, 62.56, 1.79695
FILLER_0_18_9, 13.68, 62.56, 1.79695
FILLER_0_19_13, 13.68, 62.56, 1.79695
_12158_, 34.64, 62.56, 1.79695
_12159_, 34.64, 62.56, 1.79695
_15630_, 34.64, 62.56, 1.79695
hold184, 34.64, 62.56, 1.79695
FILLER_0_19_65, 34.64, 62.56, 1.79695
_14534_, 47.44, 62.56, 1.79695
hold234, 47.44, 62.56, 1.79695
FILLER_0_18_79, 47.44, 62.56, 1.79695
FILLER_0_18_85, 47.44, 62.56, 1.79695
FILLER_0_19_80, 47.44, 62.56, 1.79695
FILLER_0_19_104, 47.44, 62.56, 1.79695
FILLER_0_20_104, 47.44, 62.56, 1.79695
_12065_, 60.24, 62.56, 1.79695
_12134_, 60.24, 62.56, 1.79695
FILLER_0_18_118, 60.24, 62.56, 1.79695
FILLER_0_20_122, 60.24, 62.56, 1.79695
_11126_, 73.04, 62.56, 1.79695
_12064_, 73.04, 62.56, 1.79695
FILLER_0_18_141, 73.04, 62.56, 1.79695
FILLER_0_20_159, 73.04, 62.56, 1.79695
FILLER_0_19_161, 85.84, 62.56, 1.79696
FILLER_0_20_188, 85.84, 62.56, 1.79696
_11128_, 98.64, 62.56, 1.79696
_12703_, 98.64, 62.56, 1.79696
FILLER_0_18_197, 98.64, 62.56, 1.79696
FILLER_0_19_193, 98.64, 62.56, 1.79696
FILLER_0_20_209, 98.64, 62.56, 1.79696
FILLER_0_20_215, 98.64, 62.56, 1.79696
_11074_, 111.44, 62.56, 1.79696
_11085_, 111.44, 62.56, 1.79696
_11236_, 111.44, 62.56, 1.79696
_15275_, 111.44, 62.56, 1.79696
FILLER_0_19_225, 111.44, 62.56, 1.79696
FILLER_0_19_236, 111.44, 62.56, 1.79696
FILLER_0_20_232, 111.44, 62.56, 1.79696
_11246_, 124.24, 62.56, 1.79698
_11712_, 124.24, 62.56, 1.79698
hold269, 124.24, 62.56, 1.79698
hold285, 124.24, 62.56, 1.79698
FILLER_0_18_247, 124.24, 62.56, 1.79698
FILLER_0_18_253, 124.24, 62.56, 1.79698
FILLER_0_19_266, 124.24, 62.56, 1.79698
_11720_, 137.04, 62.56, 1.79699
_15484_, 137.04, 62.56, 1.79699
hold288, 137.04, 62.56, 1.79699
_11788_, 149.84, 62.56, 1.79702
_11790_, 149.84, 62.56, 1.79702
FILLER_0_18_305, 149.84, 62.56, 1.79702
FILLER_0_18_309, 149.84, 62.56, 1.79702
FILLER_0_19_305, 149.84, 62.56, 1.79702
_11802_, 162.64, 62.56, 1.79704
_15519_, 162.64, 62.56, 1.79704
_15520_, 162.64, 62.56, 1.79704
_15521_, 162.64, 62.56, 1.79704
FILLER_0_18_331, 162.64, 62.56, 1.79704
FILLER_0_19_328, 162.64, 62.56, 1.79704
FILLER_0_19_337, 162.64, 62.56, 1.79704
FILLER_0_20_345, 162.64, 62.56, 1.79704
_15583_, 188.24, 62.56, 1.79706
_15584_, 188.24, 62.56, 1.79706
hold359, 188.24, 62.56, 1.79706
hold360, 188.24, 62.56, 1.79706
FILLER_0_18_389, 188.24, 62.56, 1.79706
_14069_, 201.04, 62.56, 1.79705
_14071_, 201.04, 62.56, 1.79705
_14084_, 201.04, 62.56, 1.79705
_14087_, 201.04, 62.56, 1.79705
FILLER_0_18_417, 201.04, 62.56, 1.79705
FILLER_0_18_421, 201.04, 62.56, 1.79705
FILLER_0_19_420, 201.04, 62.56, 1.79705
_12014_, 213.84, 62.56, 1.79704
_13949_, 213.84, 62.56, 1.79704
_13956_, 213.84, 62.56, 1.79704
_13998_, 213.84, 62.56, 1.79704
_14051_, 213.84, 62.56, 1.79704
FILLER_0_18_448, 213.84, 62.56, 1.79704
FILLER_0_19_441, 213.84, 62.56, 1.79704
FILLER_0_19_449, 213.84, 62.56, 1.79704
_14065_, 226.64, 62.56, 1.79704
_14066_, 226.64, 62.56, 1.79704
_14073_, 226.64, 62.56, 1.79704
_14079_, 226.64, 62.56, 1.79704
FILLER_0_18_470, 226.64, 62.56, 1.79704
FILLER_0_19_469, 226.64, 62.56, 1.79704
FILLER_0_19_481, 226.64, 62.56, 1.79704
FILLER_0_19_492, 226.64, 62.56, 1.79704
_14061_, 239.44, 62.56, 1.79704
_14062_, 239.44, 62.56, 1.79704
_14063_, 239.44, 62.56, 1.79704
_14064_, 239.44, 62.56, 1.79704
FILLER_0_19_508, 239.44, 62.56, 1.79704
_14240_, 252.24, 62.56, 1.79704
_14242_, 252.24, 62.56, 1.79704
_14243_, 252.24, 62.56, 1.79704
_14261_, 252.24, 62.56, 1.79704
_14262_, 252.24, 62.56, 1.79704
_14287_, 252.24, 62.56, 1.79704
FILLER_0_18_525, 252.24, 62.56, 1.79704
_14144_, 265.04, 62.56, 1.79704
_14172_, 265.04, 62.56, 1.79704
_14179_, 265.04, 62.56, 1.79704
_14221_, 265.04, 62.56, 1.79704
FILLER_0_19_557, 265.04, 62.56, 1.79704
FILLER_0_19_573, 265.04, 62.56, 1.79704
FILLER_0_20_570, 265.04, 62.56, 1.79704
_14134_, 277.84, 62.56, 1.79705
_14135_, 277.84, 62.56, 1.79705
_14176_, 277.84, 62.56, 1.79705
_14178_, 277.84, 62.56, 1.79705
_14216_, 277.84, 62.56, 1.79705
_14217_, 277.84, 62.56, 1.79705
FILLER_0_18_592, 277.84, 62.56, 1.79705
_13834_, 290.64, 62.56, 1.79706
_14127_, 290.64, 62.56, 1.79706
_14175_, 290.64, 62.56, 1.79706
_10126_, 303.44, 62.56, 1.79707
_10548_, 303.44, 62.56, 1.79707
_10552_, 303.44, 62.56, 1.79707
_11379_, 303.44, 62.56, 1.79707
_12672_, 303.44, 62.56, 1.79707
FILLER_0_18_638, 303.44, 62.56, 1.79707
FILLER_0_19_644, 303.44, 62.56, 1.79707
_12953_, 316.24, 62.56, 1.7971
hold1373, 316.24, 62.56, 1.7971
FILLER_0_19_673, 316.24, 62.56, 1.7971
_12952_, 341.84, 62.56, 1.79708
_13827_, 341.84, 62.56, 1.79708
_16268_, 341.84, 62.56, 1.79708
_16269_, 341.84, 62.56, 1.79708
FILLER_0_19_723, 341.84, 62.56, 1.79708
FILLER_0_20_744, 341.84, 62.56, 1.79708
_12823_, 354.64, 62.56, 1.79706
_12928_, 354.64, 62.56, 1.79706
FILLER_0_18_752, 354.64, 62.56, 1.79706
FILLER_0_18_757, 354.64, 62.56, 1.79706
_12811_, 367.44, 62.56, 1.79704
_12933_, 367.44, 62.56, 1.79704
_12951_, 367.44, 62.56, 1.79704
FILLER_0_19_779, 367.44, 62.56, 1.79704
FILLER_0_19_794, 367.44, 62.56, 1.79704
_07443_, 380.24, 62.56, 1.79702
_15352_, 380.24, 62.56, 1.79702
FILLER_0_18_813, 380.24, 62.56, 1.79702
_12046_, 393.04, 62.56, 1.797
clkbuf_leaf_168_clk, 393.04, 62.56, 1.797
hold340, 393.04, 62.56, 1.797
FILLER_0_19_853, 393.04, 62.56, 1.797
_12835_, 405.84, 62.56, 1.79701
_12949_, 405.84, 62.56, 1.79701
FILLER_0_18_859, 405.84, 62.56, 1.79701
_12809_, 418.64, 62.56, 1.79701
_12931_, 418.64, 62.56, 1.79701
FILLER_0_19_893, 418.64, 62.56, 1.79701
_13880_, 431.44, 62.56, 1.79702
_13884_, 431.44, 62.56, 1.79702
_16301_, 431.44, 62.56, 1.79702
hold412, 431.44, 62.56, 1.79702
FILLER_0_19_918, 431.44, 62.56, 1.79702
_13881_, 444.24, 62.56, 1.79703
_16302_, 444.24, 62.56, 1.79703
hold386, 444.24, 62.56, 1.79703
hold392, 444.24, 62.56, 1.79703
hold411, 444.24, 62.56, 1.79703
FILLER_0_19_946, 444.24, 62.56, 1.79703
_09683_, 457.04, 62.56, 1.79705
_09684_, 457.04, 62.56, 1.79705
_09686_, 457.04, 62.56, 1.79705
_09691_, 457.04, 62.56, 1.79705
_09725_, 457.04, 62.56, 1.79705
_15202_, 457.04, 62.56, 1.79705
_15203_, 457.04, 62.56, 1.79705
_15219_, 457.04, 62.56, 1.79705
hold1590, 457.04, 62.56, 1.79705
FILLER_0_20_989, 457.04, 62.56, 1.79705
_08653_, 469.84, 62.56, 1.79707
_08662_, 469.84, 62.56, 1.79707
_08689_, 469.84, 62.56, 1.79707
_09692_, 469.84, 62.56, 1.79707
_09726_, 469.84, 62.56, 1.79707
_15206_, 469.84, 62.56, 1.79707
FILLER_0_19_1001, 469.84, 62.56, 1.79707
PHY_32, 5.52, 57.12, 1.79693
PHY_34, 5.52, 57.12, 1.79693
output56, 5.52, 57.12, 1.79693
FILLER_0_17_3, 5.52, 57.12, 1.79693
_11576_, 13.68, 57.12, 1.79693
_15423_, 13.68, 57.12, 1.79693
FILLER_0_17_26, 13.68, 57.12, 1.79693
_15744_, 34.64, 57.12, 1.79691
hold186, 34.64, 57.12, 1.79691
FILLER_0_17_69, 34.64, 57.12, 1.79691
_11125_, 47.44, 57.12, 1.7969
hold130, 47.44, 57.12, 1.7969
hold192, 47.44, 57.12, 1.7969
FILLER_0_16_85, 47.44, 57.12, 1.7969
FILLER_0_18_99, 47.44, 57.12, 1.7969
_12243_, 60.24, 57.12, 1.79688
_15614_, 60.24, 57.12, 1.79688
hold165, 60.24, 57.12, 1.79688
FILLER_0_16_117, 60.24, 57.12, 1.79688
_11122_, 73.04, 57.12, 1.79687
_11127_, 73.04, 57.12, 1.79687
_12216_, 73.04, 57.12, 1.79687
hold73, 73.04, 57.12, 1.79687
FILLER_0_16_136, 73.04, 57.12, 1.79687
FILLER_0_16_141, 73.04, 57.12, 1.79687
_11121_, 85.84, 57.12, 1.79686
_14359_, 85.84, 57.12, 1.79686
_14381_, 85.84, 57.12, 1.79686
hold56, 85.84, 57.12, 1.79686
hold164, 85.84, 57.12, 1.79686
FILLER_0_18_183, 85.84, 57.12, 1.79686
_15838_, 98.64, 57.12, 1.79686
_16424_, 98.64, 57.12, 1.79686
hold77, 98.64, 57.12, 1.79686
FILLER_0_16_193, 98.64, 57.12, 1.79686
_11119_, 111.44, 57.12, 1.79686
_15262_, 111.44, 57.12, 1.79686
clkbuf_leaf_203_clk, 111.44, 57.12, 1.79686
FILLER_0_17_225, 111.44, 57.12, 1.79686
_11235_, 124.24, 57.12, 1.79688
_11240_, 124.24, 57.12, 1.79688
_11241_, 124.24, 57.12, 1.79688
_11245_, 124.24, 57.12, 1.79688
_15276_, 124.24, 57.12, 1.79688
FILLER_0_16_246, 124.24, 57.12, 1.79688
FILLER_0_17_254, 124.24, 57.12, 1.79688
_11073_, 137.04, 57.12, 1.79692
_11242_, 137.04, 57.12, 1.79692
_11335_, 137.04, 57.12, 1.79692
_11798_, 137.04, 57.12, 1.79692
FILLER_0_16_275, 137.04, 57.12, 1.79692
FILLER_0_18_292, 137.04, 57.12, 1.79692
_11789_, 149.84, 57.12, 1.79696
_11792_, 149.84, 57.12, 1.79696
_11794_, 149.84, 57.12, 1.79696
_11796_, 149.84, 57.12, 1.79696
_13970_, 149.84, 57.12, 1.79696
_14004_, 149.84, 57.12, 1.79696
FILLER_0_16_301, 149.84, 57.12, 1.79696
FILLER_0_17_305, 149.84, 57.12, 1.79696
FILLER_0_17_326, 149.84, 57.12, 1.79696
_11799_, 162.64, 57.12, 1.797
_11800_, 162.64, 57.12, 1.797
_11803_, 162.64, 57.12, 1.797
_11804_, 162.64, 57.12, 1.797
hold313, 162.64, 57.12, 1.797
FILLER_0_16_330, 162.64, 57.12, 1.797
_13966_, 188.24, 57.12, 1.79704
FILLER_0_17_386, 188.24, 57.12, 1.79704
FILLER_0_17_393, 188.24, 57.12, 1.79704
FILLER_0_18_409, 188.24, 57.12, 1.79704
_14085_, 201.04, 57.12, 1.79704
_14086_, 201.04, 57.12, 1.79704
_14088_, 201.04, 57.12, 1.79704
_14089_, 201.04, 57.12, 1.79704
_14102_, 201.04, 57.12, 1.79704
_11713_, 213.84, 57.12, 1.79703
_11909_, 213.84, 57.12, 1.79703
_11995_, 213.84, 57.12, 1.79703
_14101_, 213.84, 57.12, 1.79703
_14104_, 213.84, 57.12, 1.79703
FILLER_0_16_441, 213.84, 57.12, 1.79703
FILLER_0_16_449, 213.84, 57.12, 1.79703
FILLER_0_17_442, 213.84, 57.12, 1.79703
_14100_, 226.64, 57.12, 1.79703
_15593_, 226.64, 57.12, 1.79703
FILLER_0_16_472, 226.64, 57.12, 1.79703
FILLER_0_17_493, 226.64, 57.12, 1.79703
_11951_, 239.44, 57.12, 1.79703
_14280_, 239.44, 57.12, 1.79703
_14281_, 239.44, 57.12, 1.79703
FILLER_0_17_501, 239.44, 57.12, 1.79703
_14222_, 252.24, 57.12, 1.79704
_14231_, 252.24, 57.12, 1.79704
_14241_, 252.24, 57.12, 1.79704
FILLER_0_17_532, 252.24, 57.12, 1.79704
FILLER_0_18_550, 252.24, 57.12, 1.79704
_13950_, 265.04, 57.12, 1.79704
_14143_, 265.04, 57.12, 1.79704
_14151_, 265.04, 57.12, 1.79704
_14155_, 265.04, 57.12, 1.79704
FILLER_0_17_556, 265.04, 57.12, 1.79704
FILLER_0_18_572, 265.04, 57.12, 1.79704
_11950_, 277.84, 57.12, 1.79705
_14152_, 277.84, 57.12, 1.79705
_14153_, 277.84, 57.12, 1.79705
_14154_, 277.84, 57.12, 1.79705
_14174_, 277.84, 57.12, 1.79705
FILLER_0_16_579, 277.84, 57.12, 1.79705
_13835_, 290.64, 57.12, 1.79706
_16272_, 290.64, 57.12, 1.79706
FILLER_0_17_613, 290.64, 57.12, 1.79706
_12664_, 303.44, 57.12, 1.79708
_12665_, 303.44, 57.12, 1.79708
_12666_, 303.44, 57.12, 1.79708
_12673_, 303.44, 57.12, 1.79708
FILLER_0_17_651, 303.44, 57.12, 1.79708
FILLER_0_18_654, 303.44, 57.12, 1.79708
_12667_, 316.24, 57.12, 1.7971
_15825_, 316.24, 57.12, 1.7971
hold373, 316.24, 57.12, 1.7971
hold383, 316.24, 57.12, 1.7971
hold413, 316.24, 57.12, 1.7971
FILLER_0_17_668, 316.24, 57.12, 1.7971
_11371_, 341.84, 57.12, 1.79711
_11373_, 341.84, 57.12, 1.79711
_12934_, 341.84, 57.12, 1.79711
FILLER_0_16_725, 341.84, 57.12, 1.79711
FILLER_0_17_725, 341.84, 57.12, 1.79711
FILLER_0_17_741, 341.84, 57.12, 1.79711
_08657_, 354.64, 57.12, 1.7971
_08666_, 354.64, 57.12, 1.7971
_08693_, 354.64, 57.12, 1.7971
_12818_, 354.64, 57.12, 1.7971
ANTENNA_118, 354.64, 57.12, 1.7971
FILLER_0_17_770, 354.64, 57.12, 1.7971
_12836_, 367.44, 57.12, 1.79709
_12927_, 367.44, 57.12, 1.79709
_12950_, 367.44, 57.12, 1.79709
FILLER_0_17_785, 367.44, 57.12, 1.79709
_11439_, 380.24, 57.12, 1.79708
FILLER_0_16_813, 380.24, 57.12, 1.79708
FILLER_0_18_828, 380.24, 57.12, 1.79708
_12039_, 393.04, 57.12, 1.79707
_12047_, 393.04, 57.12, 1.79707
_15608_, 393.04, 57.12, 1.79707
FILLER_0_16_840, 393.04, 57.12, 1.79707
_07442_, 405.84, 57.12, 1.79707
FILLER_0_17_857, 405.84, 57.12, 1.79707
_12816_, 418.64, 57.12, 1.79707
_12925_, 418.64, 57.12, 1.79707
_07430_, 431.44, 57.12, 1.79707
_07432_, 431.44, 57.12, 1.79707
_11380_, 431.44, 57.12, 1.79707
ANTENNA_14, 431.44, 57.12, 1.79707
_15316_, 444.24, 57.12, 1.79707
_15320_, 444.24, 57.12, 1.79707
hold1578, 444.24, 57.12, 1.79707
ANTENNA_15, 444.24, 57.12, 1.79707
FILLER_0_17_946, 444.24, 57.12, 1.79707
FILLER_0_18_964, 444.24, 57.12, 1.79707
_09717_, 457.04, 57.12, 1.79708
_09719_, 457.04, 57.12, 1.79708
_15218_, 457.04, 57.12, 1.79708
FILLER_0_16_977, 457.04, 57.12, 1.79708
_15222_, 469.84, 57.12, 1.79709
FILLER_0_17_1004, 469.84, 57.12, 1.79709
FILLER_0_18_1011, 469.84, 57.12, 1.79709
_12109_, 5.52, 51.68, 1.79689
PHY_28, 5.52, 51.68, 1.79689
PHY_30, 5.52, 51.68, 1.79689
FILLER_0_15_3, 5.52, 51.68, 1.79689
FILLER_0_16_3, 5.52, 51.68, 1.79689
_12108_, 13.68, 51.68, 1.79689
_15644_, 13.68, 51.68, 1.79689
hold248, 13.68, 51.68, 1.79689
hold260, 13.68, 51.68, 1.79689
_12087_, 34.64, 51.68, 1.79688
_15678_, 34.64, 51.68, 1.79688
_16488_, 34.64, 51.68, 1.79688
hold217, 34.64, 51.68, 1.79688
hold253, 34.64, 51.68, 1.79688
FILLER_0_15_65, 34.64, 51.68, 1.79688
FILLER_0_16_65, 34.64, 51.68, 1.79688
_12450_, 47.44, 51.68, 1.79686
_15662_, 47.44, 51.68, 1.79686
_15726_, 60.24, 51.68, 1.79685
hold212, 60.24, 51.68, 1.79685
_14302_, 73.04, 51.68, 1.79684
_15710_, 73.04, 51.68, 1.79684
_16360_, 73.04, 51.68, 1.79684
FILLER_0_14_141, 73.04, 51.68, 1.79684
_11504_, 85.84, 51.68, 1.79684
_12242_, 85.84, 51.68, 1.79684
_16392_, 85.84, 51.68, 1.79684
_16408_, 85.84, 51.68, 1.79684
_14403_, 98.64, 51.68, 1.79685
hold97, 98.64, 51.68, 1.79685
hold122, 98.64, 51.68, 1.79685
FILLER_0_14_189, 98.64, 51.68, 1.79685
FILLER_0_16_213, 98.64, 51.68, 1.79685
_11083_, 111.44, 51.68, 1.79686
_11101_, 111.44, 51.68, 1.79686
_11103_, 111.44, 51.68, 1.79686
_11111_, 111.44, 51.68, 1.79686
_11243_, 111.44, 51.68, 1.79686
_15261_, 111.44, 51.68, 1.79686
FILLER_0_15_217, 111.44, 51.68, 1.79686
FILLER_0_15_239, 111.44, 51.68, 1.79686
_11244_, 124.24, 51.68, 1.79688
_15279_, 124.24, 51.68, 1.79688
FILLER_0_14_253, 124.24, 51.68, 1.79688
FILLER_0_16_265, 124.24, 51.68, 1.79688
_11248_, 137.04, 51.68, 1.7969
_11249_, 137.04, 51.68, 1.7969
_14025_, 137.04, 51.68, 1.7969
_14026_, 137.04, 51.68, 1.7969
_14027_, 137.04, 51.68, 1.7969
hold299, 137.04, 51.68, 1.7969
FILLER_0_15_275, 137.04, 51.68, 1.7969
FILLER_0_15_281, 137.04, 51.68, 1.7969
FILLER_0_15_292, 137.04, 51.68, 1.7969
_14002_, 149.84, 51.68, 1.79693
_14003_, 149.84, 51.68, 1.79693
_14005_, 149.84, 51.68, 1.79693
_14006_, 149.84, 51.68, 1.79693
_14008_, 149.84, 51.68, 1.79693
_14028_, 149.84, 51.68, 1.79693
_14029_, 149.84, 51.68, 1.79693
FILLER_0_15_327, 149.84, 51.68, 1.79693
_11805_, 162.64, 51.68, 1.79696
_11806_, 162.64, 51.68, 1.79696
_15522_, 162.64, 51.68, 1.79696
hold275, 162.64, 51.68, 1.79696
FILLER_0_16_342, 162.64, 51.68, 1.79696
_13967_, 188.24, 51.68, 1.79695
_16340_, 188.24, 51.68, 1.79695
_16343_, 188.24, 51.68, 1.79695
FILLER_0_15_389, 188.24, 51.68, 1.79695
FILLER_0_15_393, 188.24, 51.68, 1.79695
_13968_, 201.04, 51.68, 1.79693
_14091_, 201.04, 51.68, 1.79693
clkbuf_leaf_194_clk, 201.04, 51.68, 1.79693
FILLER_0_14_425, 201.04, 51.68, 1.79693
_14009_, 213.84, 51.68, 1.79693
_14031_, 213.84, 51.68, 1.79693
_14103_, 213.84, 51.68, 1.79693
_14110_, 213.84, 51.68, 1.79693
_15585_, 213.84, 51.68, 1.79693
_12015_, 226.64, 51.68, 1.79694
_14272_, 226.64, 51.68, 1.79694
_14274_, 226.64, 51.68, 1.79694
hold347, 226.64, 51.68, 1.79694
FILLER_0_14_473, 226.64, 51.68, 1.79694
FILLER_0_15_482, 226.64, 51.68, 1.79694
_14271_, 239.44, 51.68, 1.79695
_14275_, 239.44, 51.68, 1.79695
_14279_, 239.44, 51.68, 1.79695
FILLER_0_14_504, 239.44, 51.68, 1.79695
FILLER_0_15_517, 239.44, 51.68, 1.79695
_14190_, 252.24, 51.68, 1.79697
_14229_, 252.24, 51.68, 1.79697
_14230_, 252.24, 51.68, 1.79697
_14244_, 252.24, 51.68, 1.79697
_14249_, 252.24, 51.68, 1.79697
_14250_, 252.24, 51.68, 1.79697
FILLER_0_15_546, 252.24, 51.68, 1.79697
FILLER_0_16_545, 252.24, 51.68, 1.79697
_11949_, 265.04, 51.68, 1.79698
_14136_, 265.04, 51.68, 1.79698
_14142_, 265.04, 51.68, 1.79698
_14228_, 265.04, 51.68, 1.79698
FILLER_0_15_553, 265.04, 51.68, 1.79698
FILLER_0_16_571, 265.04, 51.68, 1.79698
FILLER_0_14_589, 277.84, 51.68, 1.797
_14253_, 290.64, 51.68, 1.79701
_16353_, 290.64, 51.68, 1.79701
FILLER_0_15_609, 290.64, 51.68, 1.79701
FILLER_0_14_641, 303.44, 51.68, 1.79703
FILLER_0_14_645, 303.44, 51.68, 1.79703
FILLER_0_15_660, 303.44, 51.68, 1.79703
FILLER_0_16_657, 303.44, 51.68, 1.79703
_14468_, 316.24, 51.68, 1.79706
_14479_, 316.24, 51.68, 1.79706
_15821_, 316.24, 51.68, 1.79706
_15822_, 316.24, 51.68, 1.79706
FILLER_0_15_689, 316.24, 51.68, 1.79706
_14472_, 341.84, 51.68, 1.79707
_14475_, 341.84, 51.68, 1.79707
_16455_, 341.84, 51.68, 1.79707
hold1540, 341.84, 51.68, 1.79707
hold1543, 341.84, 51.68, 1.79707
hold1561, 341.84, 51.68, 1.79707
FILLER_0_16_741, 341.84, 51.68, 1.79707
_12817_, 354.64, 51.68, 1.79706
FILLER_0_14_751, 354.64, 51.68, 1.79706
FILLER_0_14_757, 354.64, 51.68, 1.79706
FILLER_0_15_753, 354.64, 51.68, 1.79706
_07431_, 367.44, 51.68, 1.79705
_12926_, 367.44, 51.68, 1.79705
FILLER_0_15_785, 367.44, 51.68, 1.79705
_11435_, 380.24, 51.68, 1.79704
_15350_, 380.24, 51.68, 1.79704
hold402, 380.24, 51.68, 1.79704
FILLER_0_14_807, 380.24, 51.68, 1.79704
FILLER_0_14_813, 380.24, 51.68, 1.79704
FILLER_0_15_816, 380.24, 51.68, 1.79704
_08692_, 393.04, 51.68, 1.79703
_11436_, 393.04, 51.68, 1.79703
_12038_, 393.04, 51.68, 1.79703
_15604_, 393.04, 51.68, 1.79703
_08656_, 405.84, 51.68, 1.79703
_11457_, 405.84, 51.68, 1.79703
_11461_, 405.84, 51.68, 1.79703
hold967, 405.84, 51.68, 1.79703
FILLER_0_14_869, 405.84, 51.68, 1.79703
FILLER_0_15_864, 405.84, 51.68, 1.79703
FILLER_0_16_881, 405.84, 51.68, 1.79703
_07426_, 418.64, 51.68, 1.79702
hold824, 418.64, 51.68, 1.79702
FILLER_0_14_897, 418.64, 51.68, 1.79702
FILLER_0_15_888, 418.64, 51.68, 1.79702
FILLER_0_15_897, 418.64, 51.68, 1.79702
_07428_, 431.44, 51.68, 1.79702
_11372_, 431.44, 51.68, 1.79702
ANTENNA_13, 431.44, 51.68, 1.79702
FILLER_0_14_912, 431.44, 51.68, 1.79702
FILLER_0_14_925, 431.44, 51.68, 1.79702
FILLER_0_15_925, 431.44, 51.68, 1.79702
FILLER_0_15_933, 431.44, 51.68, 1.79702
_11374_, 444.24, 51.68, 1.79702
_15317_, 444.24, 51.68, 1.79702
hold396, 444.24, 51.68, 1.79702
hold406, 444.24, 51.68, 1.79702
FILLER_0_14_946, 444.24, 51.68, 1.79702
_09718_, 457.04, 51.68, 1.79702
_09720_, 457.04, 51.68, 1.79702
_09755_, 457.04, 51.68, 1.79702
_09761_, 457.04, 51.68, 1.79702
clkbuf_leaf_164_clk, 457.04, 51.68, 1.79702
FILLER_0_14_971, 457.04, 51.68, 1.79702
FILLER_0_15_990, 457.04, 51.68, 1.79702
_08654_, 469.84, 51.68, 1.79705
_08663_, 469.84, 51.68, 1.79705
_08690_, 469.84, 51.68, 1.79705
_09762_, 469.84, 51.68, 1.79705
_15236_, 469.84, 51.68, 1.79705
_15239_, 469.84, 51.68, 1.79705
FILLER_0_15_1005, 469.84, 51.68, 1.79705
FILLER_0_15_1013, 469.84, 51.68, 1.79705
_15643_, 5.52, 46.24, 1.79691
PHY_24, 5.52, 46.24, 1.79691
PHY_26, 5.52, 46.24, 1.79691
FILLER_0_14_3, 5.52, 46.24, 1.79691
_12110_, 13.68, 46.24, 1.79691
FILLER_0_12_15, 13.68, 46.24, 1.79691
FILLER_0_13_20, 13.68, 46.24, 1.79691
_12086_, 34.64, 46.24, 1.7969
_15628_, 34.64, 46.24, 1.7969
_15629_, 34.64, 46.24, 1.7969
FILLER_0_13_73, 34.64, 46.24, 1.7969
FILLER_0_14_74, 34.64, 46.24, 1.7969
_15660_, 47.44, 46.24, 1.79689
_15661_, 47.44, 46.24, 1.79689
hold246, 47.44, 46.24, 1.79689
FILLER_0_12_85, 47.44, 46.24, 1.79689
FILLER_0_13_99, 47.44, 46.24, 1.79689
FILLER_0_14_97, 47.44, 46.24, 1.79689
_12062_, 60.24, 46.24, 1.79689
_12133_, 60.24, 46.24, 1.79689
hold251, 60.24, 46.24, 1.79689
FILLER_0_12_118, 60.24, 46.24, 1.79689
FILLER_0_13_129, 60.24, 46.24, 1.79689
_12063_, 73.04, 46.24, 1.79689
_15611_, 73.04, 46.24, 1.79689
hold238, 73.04, 46.24, 1.79689
hold256, 73.04, 46.24, 1.79689
FILLER_0_13_140, 73.04, 46.24, 1.79689
FILLER_0_13_161, 85.84, 46.24, 1.7969
_11110_, 98.64, 46.24, 1.7969
_11118_, 98.64, 46.24, 1.7969
FILLER_0_12_190, 98.64, 46.24, 1.7969
FILLER_0_12_197, 98.64, 46.24, 1.7969
FILLER_0_13_205, 98.64, 46.24, 1.7969
FILLER_0_14_204, 98.64, 46.24, 1.7969
_11102_, 111.44, 46.24, 1.79691
_11255_, 111.44, 46.24, 1.79691
_15260_, 111.44, 46.24, 1.79691
FILLER_0_13_242, 111.44, 46.24, 1.79691
_11252_, 124.24, 46.24, 1.79692
_11260_, 124.24, 46.24, 1.79692
_15278_, 124.24, 46.24, 1.79692
_15280_, 124.24, 46.24, 1.79692
hold334, 124.24, 46.24, 1.79692
FILLER_0_12_249, 124.24, 46.24, 1.79692
_11250_, 137.04, 46.24, 1.79693
_11251_, 137.04, 46.24, 1.79693
_14033_, 137.04, 46.24, 1.79693
FILLER_0_12_283, 137.04, 46.24, 1.79693
FILLER_0_13_276, 137.04, 46.24, 1.79693
FILLER_0_13_281, 137.04, 46.24, 1.79693
_14030_, 149.84, 46.24, 1.79695
_14034_, 162.64, 46.24, 1.79698
_14035_, 162.64, 46.24, 1.79698
_14056_, 162.64, 46.24, 1.79698
_14057_, 162.64, 46.24, 1.79698
FILLER_0_12_329, 162.64, 46.24, 1.79698
FILLER_0_12_341, 162.64, 46.24, 1.79698
FILLER_0_13_328, 162.64, 46.24, 1.79698
FILLER_0_13_337, 162.64, 46.24, 1.79698
_13944_, 188.24, 46.24, 1.79697
_13969_, 188.24, 46.24, 1.79697
_13984_, 188.24, 46.24, 1.79697
_14010_, 188.24, 46.24, 1.79697
_14032_, 188.24, 46.24, 1.79697
_14098_, 201.04, 46.24, 1.79695
_16342_, 201.04, 46.24, 1.79695
_16346_, 201.04, 46.24, 1.79695
FILLER_0_13_416, 201.04, 46.24, 1.79695
_11809_, 213.84, 46.24, 1.79694
_11996_, 213.84, 46.24, 1.79694
_14137_, 213.84, 46.24, 1.79694
hold654, 213.84, 46.24, 1.79694
FILLER_0_13_440, 213.84, 46.24, 1.79694
FILLER_0_13_449, 213.84, 46.24, 1.79694
FILLER_0_13_462, 213.84, 46.24, 1.79694
FILLER_0_14_460, 213.84, 46.24, 1.79694
_12013_, 226.64, 46.24, 1.79694
_14270_, 226.64, 46.24, 1.79694
_15592_, 226.64, 46.24, 1.79694
FILLER_0_12_468, 226.64, 46.24, 1.79694
_14245_, 239.44, 46.24, 1.79694
_14247_, 239.44, 46.24, 1.79694
_14248_, 239.44, 46.24, 1.79694
_14273_, 239.44, 46.24, 1.79694
_15591_, 239.44, 46.24, 1.79694
FILLER_0_12_501, 239.44, 46.24, 1.79694
FILLER_0_13_499, 239.44, 46.24, 1.79694
FILLER_0_13_517, 239.44, 46.24, 1.79694
_14191_, 252.24, 46.24, 1.79695
_14223_, 252.24, 46.24, 1.79695
_14246_, 252.24, 46.24, 1.79695
hold356, 252.24, 46.24, 1.79695
FILLER_0_12_533, 252.24, 46.24, 1.79695
FILLER_0_13_525, 252.24, 46.24, 1.79695
FILLER_0_14_537, 252.24, 46.24, 1.79695
_14138_, 265.04, 46.24, 1.79696
_14140_, 265.04, 46.24, 1.79696
_14141_, 265.04, 46.24, 1.79696
_14159_, 265.04, 46.24, 1.79696
_14224_, 265.04, 46.24, 1.79696
FILLER_0_13_554, 265.04, 46.24, 1.79696
FILLER_0_14_578, 265.04, 46.24, 1.79696
_14158_, 277.84, 46.24, 1.79697
_14184_, 277.84, 46.24, 1.79697
_14187_, 277.84, 46.24, 1.79697
_14188_, 277.84, 46.24, 1.79697
_14189_, 277.84, 46.24, 1.79697
_14202_, 277.84, 46.24, 1.79697
_14227_, 277.84, 46.24, 1.79697
FILLER_0_13_590, 277.84, 46.24, 1.79697
_14120_, 290.64, 46.24, 1.79699
_14181_, 290.64, 46.24, 1.79699
_14182_, 290.64, 46.24, 1.79699
_14183_, 290.64, 46.24, 1.79699
_14203_, 290.64, 46.24, 1.79699
_14252_, 290.64, 46.24, 1.79699
FILLER_0_12_619, 290.64, 46.24, 1.79699
FILLER_0_13_611, 290.64, 46.24, 1.79699
FILLER_0_14_624, 290.64, 46.24, 1.79699
FILLER_0_14_633, 290.64, 46.24, 1.79699
_14470_, 303.44, 46.24, 1.797
_14488_, 303.44, 46.24, 1.797
_16465_, 303.44, 46.24, 1.797
hold706, 303.44, 46.24, 1.797
FILLER_0_12_638, 303.44, 46.24, 1.797
FILLER_0_12_645, 303.44, 46.24, 1.797
FILLER_0_14_653, 303.44, 46.24, 1.797
_14469_, 316.24, 46.24, 1.79703
_14471_, 316.24, 46.24, 1.79703
_14481_, 316.24, 46.24, 1.79703
hold1466, 316.24, 46.24, 1.79703
FILLER_0_13_669, 316.24, 46.24, 1.79703
FILLER_0_13_673, 316.24, 46.24, 1.79703
FILLER_0_14_689, 316.24, 46.24, 1.79703
_14473_, 341.84, 46.24, 1.797
_14477_, 341.84, 46.24, 1.797
_16452_, 341.84, 46.24, 1.797
_16453_, 341.84, 46.24, 1.797
_16457_, 341.84, 46.24, 1.797
FILLER_0_13_718, 341.84, 46.24, 1.797
_12932_, 354.64, 46.24, 1.79696
hold1591, 354.64, 46.24, 1.79696
_07427_, 367.44, 46.24, 1.79693
_12810_, 367.44, 46.24, 1.79693
FILLER_0_13_785, 367.44, 46.24, 1.79693
_11437_, 380.24, 46.24, 1.7969
_15349_, 380.24, 46.24, 1.7969
clkbuf_leaf_167_clk, 380.24, 46.24, 1.7969
hold374, 380.24, 46.24, 1.7969
FILLER_0_12_802, 380.24, 46.24, 1.7969
FILLER_0_13_812, 380.24, 46.24, 1.7969
FILLER_0_14_824, 380.24, 46.24, 1.7969
_08665_, 393.04, 46.24, 1.79689
_12040_, 393.04, 46.24, 1.79689
_12041_, 393.04, 46.24, 1.79689
_15605_, 393.04, 46.24, 1.79689
hold368, 393.04, 46.24, 1.79689
FILLER_0_12_833, 393.04, 46.24, 1.79689
FILLER_0_14_843, 393.04, 46.24, 1.79689
_15364_, 405.84, 46.24, 1.79688
_15368_, 405.84, 46.24, 1.79688
FILLER_0_12_864, 405.84, 46.24, 1.79688
FILLER_0_13_869, 405.84, 46.24, 1.79688
_13857_, 418.64, 46.24, 1.79688
_13860_, 418.64, 46.24, 1.79688
clkbuf_leaf_165_clk, 418.64, 46.24, 1.79688
hold379, 418.64, 46.24, 1.79688
FILLER_0_13_888, 418.64, 46.24, 1.79688
FILLER_0_13_905, 418.64, 46.24, 1.79688
_11458_, 431.44, 46.24, 1.79691
_13937_, 431.44, 46.24, 1.79691
_13941_, 431.44, 46.24, 1.79691
_15365_, 431.44, 46.24, 1.79691
hold390, 431.44, 46.24, 1.79691
FILLER_0_13_938, 431.44, 46.24, 1.79691
_09648_, 444.24, 46.24, 1.79694
_16337_, 444.24, 46.24, 1.79694
hold403, 444.24, 46.24, 1.79694
hold450, 444.24, 46.24, 1.79694
FILLER_0_12_941, 444.24, 46.24, 1.79694
FILLER_0_13_961, 444.24, 46.24, 1.79694
_09753_, 457.04, 46.24, 1.79697
_09754_, 457.04, 46.24, 1.79697
_15186_, 457.04, 46.24, 1.79697
_15235_, 457.04, 46.24, 1.79697
hold1580, 457.04, 46.24, 1.79697
FILLER_0_13_978, 457.04, 46.24, 1.79697
FILLER_0_14_989, 457.04, 46.24, 1.79697
_09756_, 469.84, 46.24, 1.79701
_15187_, 469.84, 46.24, 1.79701
_15190_, 469.84, 46.24, 1.79701
FILLER_0_13_1001, 469.84, 46.24, 1.79701
PHY_20, 5.52, 40.8, 1.79689
PHY_22, 5.52, 40.8, 1.79689
input28, 5.52, 40.8, 1.79689
FILLER_0_11_6, 5.52, 40.8, 1.79689
_11574_, 13.68, 40.8, 1.79689
_15422_, 13.68, 40.8, 1.79689
hold250, 13.68, 40.8, 1.79689
FILLER_0_11_23, 13.68, 40.8, 1.79689
_12156_, 34.64, 40.8, 1.79686
_15676_, 34.64, 40.8, 1.79686
FILLER_0_10_60, 34.64, 40.8, 1.79686
FILLER_0_11_69, 34.64, 40.8, 1.79686
FILLER_0_12_68, 34.64, 40.8, 1.79686
_11107_, 47.44, 40.8, 1.79682
_12131_, 47.44, 40.8, 1.79682
_12132_, 47.44, 40.8, 1.79682
_15659_, 47.44, 40.8, 1.79682
hold206, 47.44, 40.8, 1.79682
FILLER_0_11_89, 47.44, 40.8, 1.79682
_12061_, 60.24, 40.8, 1.7968
_15612_, 60.24, 40.8, 1.7968
clkbuf_leaf_206_clk, 60.24, 40.8, 1.7968
hold175, 60.24, 40.8, 1.7968
FILLER_0_10_106, 60.24, 40.8, 1.7968
FILLER_0_10_114, 60.24, 40.8, 1.7968
FILLER_0_11_113, 60.24, 40.8, 1.7968
_12215_, 73.04, 40.8, 1.7968
_15613_, 73.04, 40.8, 1.7968
FILLER_0_10_133, 73.04, 40.8, 1.7968
FILLER_0_10_141, 73.04, 40.8, 1.7968
_11109_, 85.84, 40.8, 1.7968
_11117_, 85.84, 40.8, 1.7968
_14379_, 85.84, 40.8, 1.7968
_16390_, 85.84, 40.8, 1.7968
FILLER_0_11_169, 85.84, 40.8, 1.7968
FILLER_0_12_181, 85.84, 40.8, 1.7968
_11104_, 98.64, 40.8, 1.79681
_14357_, 98.64, 40.8, 1.79681
hold66, 98.64, 40.8, 1.79681
hold121, 98.64, 40.8, 1.79681
_11100_, 111.44, 40.8, 1.79682
_11265_, 111.44, 40.8, 1.79682
hold113, 111.44, 40.8, 1.79682
FILLER_0_10_226, 111.44, 40.8, 1.79682
FILLER_0_11_220, 111.44, 40.8, 1.79682
FILLER_0_11_237, 111.44, 40.8, 1.79682
_11234_, 124.24, 40.8, 1.79683
_11254_, 124.24, 40.8, 1.79683
_11259_, 124.24, 40.8, 1.79683
hold348, 124.24, 40.8, 1.79683
hold349, 124.24, 40.8, 1.79683
_11301_, 137.04, 40.8, 1.79684
_11748_, 137.04, 40.8, 1.79684
clkbuf_leaf_197_clk, 137.04, 40.8, 1.79684
hold273, 137.04, 40.8, 1.79684
FILLER_0_11_275, 137.04, 40.8, 1.79684
FILLER_0_11_299, 137.04, 40.8, 1.79684
_11253_, 149.84, 40.8, 1.79688
_11257_, 149.84, 40.8, 1.79688
_16341_, 149.84, 40.8, 1.79688
FILLER_0_10_304, 149.84, 40.8, 1.79688
FILLER_0_12_321, 149.84, 40.8, 1.79688
_11256_, 162.64, 40.8, 1.79692
_11258_, 162.64, 40.8, 1.79692
_14036_, 162.64, 40.8, 1.79692
_14037_, 162.64, 40.8, 1.79692
_14058_, 162.64, 40.8, 1.79692
_14059_, 162.64, 40.8, 1.79692
hold1586, 162.64, 40.8, 1.79692
FILLER_0_10_333, 162.64, 40.8, 1.79692
FILLER_0_11_332, 162.64, 40.8, 1.79692
_13986_, 188.24, 40.8, 1.79695
_14055_, 188.24, 40.8, 1.79695
_14099_, 188.24, 40.8, 1.79695
_14119_, 188.24, 40.8, 1.79695
FILLER_0_11_385, 188.24, 40.8, 1.79695
FILLER_0_11_405, 188.24, 40.8, 1.79695
FILLER_0_12_405, 188.24, 40.8, 1.79695
_13985_, 201.04, 40.8, 1.79694
_13987_, 201.04, 40.8, 1.79694
FILLER_0_11_420, 201.04, 40.8, 1.79694
FILLER_0_11_429, 201.04, 40.8, 1.79694
FILLER_0_11_437, 201.04, 40.8, 1.79694
_14007_, 213.84, 40.8, 1.79692
_14289_, 213.84, 40.8, 1.79692
_15530_, 213.84, 40.8, 1.79692
FILLER_0_10_447, 213.84, 40.8, 1.79692
FILLER_0_11_449, 213.84, 40.8, 1.79692
_12011_, 226.64, 40.8, 1.79692
_12012_, 226.64, 40.8, 1.79692
_14260_, 226.64, 40.8, 1.79692
_14276_, 226.64, 40.8, 1.79692
hold346, 226.64, 40.8, 1.79692
FILLER_0_11_468, 226.64, 40.8, 1.79692
FILLER_0_11_483, 226.64, 40.8, 1.79692
FILLER_0_11_494, 226.64, 40.8, 1.79692
_12009_, 239.44, 40.8, 1.79691
_12010_, 239.44, 40.8, 1.79691
FILLER_0_10_500, 239.44, 40.8, 1.79691
FILLER_0_11_515, 239.44, 40.8, 1.79691
_12007_, 252.24, 40.8, 1.7969
_12008_, 252.24, 40.8, 1.7969
_14292_, 252.24, 40.8, 1.7969
_15590_, 252.24, 40.8, 1.7969
hold459, 252.24, 40.8, 1.7969
_14139_, 265.04, 40.8, 1.7969
_14157_, 265.04, 40.8, 1.7969
_14160_, 265.04, 40.8, 1.7969
_14205_, 265.04, 40.8, 1.7969
FILLER_0_11_555, 265.04, 40.8, 1.7969
FILLER_0_11_574, 265.04, 40.8, 1.7969
_14156_, 277.84, 40.8, 1.7969
_14185_, 277.84, 40.8, 1.7969
_14186_, 277.84, 40.8, 1.7969
_14201_, 277.84, 40.8, 1.7969
_14204_, 277.84, 40.8, 1.7969
_14225_, 277.84, 40.8, 1.7969
FILLER_0_10_589, 277.84, 40.8, 1.7969
_14278_, 290.64, 40.8, 1.79691
_16355_, 290.64, 40.8, 1.79691
FILLER_0_10_611, 290.64, 40.8, 1.79691
FILLER_0_11_607, 290.64, 40.8, 1.79691
_14487_, 303.44, 40.8, 1.79692
_16354_, 303.44, 40.8, 1.79692
clkbuf_leaf_173_clk, 303.44, 40.8, 1.79692
FILLER_0_10_641, 303.44, 40.8, 1.79692
FILLER_0_11_653, 303.44, 40.8, 1.79692
_14489_, 316.24, 40.8, 1.79696
_14490_, 316.24, 40.8, 1.79696
_16466_, 316.24, 40.8, 1.79696
_16467_, 316.24, 40.8, 1.79696
FILLER_0_10_669, 316.24, 40.8, 1.79696
FILLER_0_11_669, 316.24, 40.8, 1.79696
FILLER_0_11_673, 316.24, 40.8, 1.79696
_16456_, 341.84, 40.8, 1.79699
clkbuf_leaf_172_clk, 341.84, 40.8, 1.79699
hold452, 341.84, 40.8, 1.79699
FILLER_0_11_729, 341.84, 40.8, 1.79699
_11481_, 354.64, 40.8, 1.79698
_15381_, 354.64, 40.8, 1.79698
FILLER_0_10_747, 354.64, 40.8, 1.79698
FILLER_0_10_757, 354.64, 40.8, 1.79698
FILLER_0_12_769, 354.64, 40.8, 1.79698
_11483_, 367.44, 40.8, 1.79698
_15384_, 367.44, 40.8, 1.79698
hold331, 367.44, 40.8, 1.79698
hold376, 367.44, 40.8, 1.79698
FILLER_0_11_778, 367.44, 40.8, 1.79698
_11479_, 380.24, 40.8, 1.79698
_12994_, 380.24, 40.8, 1.79698
_15348_, 380.24, 40.8, 1.79698
hold335, 380.24, 40.8, 1.79698
FILLER_0_10_809, 380.24, 40.8, 1.79698
FILLER_0_11_810, 380.24, 40.8, 1.79698
FILLER_0_11_830, 393.04, 40.8, 1.79698
FILLER_0_11_853, 393.04, 40.8, 1.79698
_09622_, 405.84, 40.8, 1.79698
_09623_, 405.84, 40.8, 1.79698
_16288_, 405.84, 40.8, 1.79698
FILLER_0_10_869, 405.84, 40.8, 1.79698
FILLER_0_11_865, 405.84, 40.8, 1.79698
_13858_, 418.64, 40.8, 1.79699
_16286_, 418.64, 40.8, 1.79699
hold430, 418.64, 40.8, 1.79699
FILLER_0_11_885, 418.64, 40.8, 1.79699
FILLER_0_11_897, 418.64, 40.8, 1.79699
_13856_, 431.44, 40.8, 1.797
_16333_, 431.44, 40.8, 1.797
hold381, 431.44, 40.8, 1.797
hold1413, 431.44, 40.8, 1.797
FILLER_0_10_921, 431.44, 40.8, 1.797
_16334_, 444.24, 40.8, 1.79702
hold408, 444.24, 40.8, 1.79702
_09649_, 457.04, 40.8, 1.79704
_09650_, 457.04, 40.8, 1.79704
_09651_, 457.04, 40.8, 1.79704
_09656_, 457.04, 40.8, 1.79704
FILLER_0_10_975, 457.04, 40.8, 1.79704
FILLER_0_11_969, 457.04, 40.8, 1.79704
_09657_, 469.84, 40.8, 1.79706
FILLER_0_11_1003, 469.84, 40.8, 1.79706
PHY_16, 5.52, 35.36, 1.7969
PHY_18, 5.52, 35.36, 1.7969
FILLER_0_9_3, 5.52, 35.36, 1.7969
FILLER_0_10_3, 5.52, 35.36, 1.7969
_11573_, 13.68, 35.36, 1.7969
_15420_, 13.68, 35.36, 1.7969
_15421_, 13.68, 35.36, 1.7969
_12157_, 34.64, 35.36, 1.79689
_15677_, 34.64, 35.36, 1.79689
hold109, 34.64, 35.36, 1.79689
hold139, 34.64, 35.36, 1.79689
FILLER_0_9_57, 34.64, 35.36, 1.79689
_12155_, 47.44, 35.36, 1.79688
hold207, 47.44, 35.36, 1.79688
FILLER_0_9_104, 47.44, 35.36, 1.79688
_11105_, 60.24, 35.36, 1.79687
_11108_, 73.04, 35.36, 1.79686
_12213_, 73.04, 35.36, 1.79686
_15709_, 73.04, 35.36, 1.79686
FILLER_0_8_141, 73.04, 35.36, 1.79686
FILLER_0_10_153, 73.04, 35.36, 1.79686
_11099_, 85.84, 35.36, 1.79686
_11116_, 85.84, 35.36, 1.79686
_16406_, 85.84, 35.36, 1.79686
FILLER_0_9_163, 85.84, 35.36, 1.79686
_12701_, 98.64, 35.36, 1.79685
_14401_, 98.64, 35.36, 1.79685
_15836_, 98.64, 35.36, 1.79685
hold231, 98.64, 35.36, 1.79685
FILLER_0_8_197, 98.64, 35.36, 1.79685
FILLER_0_9_190, 98.64, 35.36, 1.79685
_15281_, 111.44, 35.36, 1.79686
_15282_, 111.44, 35.36, 1.79686
_11267_, 124.24, 35.36, 1.79687
_11268_, 124.24, 35.36, 1.79687
_11732_, 124.24, 35.36, 1.79687
FILLER_0_8_248, 124.24, 35.36, 1.79687
FILLER_0_8_253, 124.24, 35.36, 1.79687
FILLER_0_9_269, 124.24, 35.36, 1.79687
FILLER_0_10_270, 124.24, 35.36, 1.79687
_11300_, 137.04, 35.36, 1.79688
_11731_, 137.04, 35.36, 1.79688
_11746_, 137.04, 35.36, 1.79688
_15289_, 137.04, 35.36, 1.79688
_11315_, 149.84, 35.36, 1.7969
_11316_, 149.84, 35.36, 1.7969
_11744_, 149.84, 35.36, 1.7969
_15294_, 149.84, 35.36, 1.7969
FILLER_0_10_321, 149.84, 35.36, 1.7969
_11261_, 162.64, 35.36, 1.79693
_11262_, 162.64, 35.36, 1.79693
_11263_, 162.64, 35.36, 1.79693
_11264_, 162.64, 35.36, 1.79693
_14092_, 162.64, 35.36, 1.79693
_14076_, 188.24, 35.36, 1.79691
_14117_, 188.24, 35.36, 1.79691
_14118_, 188.24, 35.36, 1.79691
_16345_, 188.24, 35.36, 1.79691
FILLER_0_9_393, 188.24, 35.36, 1.79691
_11302_, 201.04, 35.36, 1.79688
_11807_, 201.04, 35.36, 1.79688
FILLER_0_8_414, 201.04, 35.36, 1.79688
FILLER_0_9_437, 201.04, 35.36, 1.79688
FILLER_0_10_433, 201.04, 35.36, 1.79688
_11821_, 213.84, 35.36, 1.79686
_11823_, 213.84, 35.36, 1.79686
_11824_, 213.84, 35.36, 1.79686
_14290_, 213.84, 35.36, 1.79686
_14291_, 213.84, 35.36, 1.79686
_15529_, 213.84, 35.36, 1.79686
hold268, 213.84, 35.36, 1.79686
FILLER_0_8_448, 213.84, 35.36, 1.79686
_14256_, 226.64, 35.36, 1.79684
_14277_, 226.64, 35.36, 1.79684
clkbuf_leaf_192_clk, 226.64, 35.36, 1.79684
hold271, 226.64, 35.36, 1.79684
FILLER_0_9_474, 226.64, 35.36, 1.79684
FILLER_0_10_481, 226.64, 35.36, 1.79684
FILLER_0_10_492, 226.64, 35.36, 1.79684
_15527_, 239.44, 35.36, 1.79684
hold266, 239.44, 35.36, 1.79684
hold267, 239.44, 35.36, 1.79684
FILLER_0_9_501, 239.44, 35.36, 1.79684
FILLER_0_9_513, 239.44, 35.36, 1.79684
_14233_, 252.24, 35.36, 1.79686
hold279, 252.24, 35.36, 1.79686
FILLER_0_8_529, 252.24, 35.36, 1.79686
_11816_, 265.04, 35.36, 1.79687
_12004_, 265.04, 35.36, 1.79687
FILLER_0_9_552, 265.04, 35.36, 1.79687
FILLER_0_9_561, 265.04, 35.36, 1.79687
_12005_, 277.84, 35.36, 1.79689
_14226_, 277.84, 35.36, 1.79689
_15589_, 277.84, 35.36, 1.79689
_14234_, 290.64, 35.36, 1.7969
_14293_, 290.64, 35.36, 1.7969
_16348_, 290.64, 35.36, 1.7969
FILLER_0_9_609, 290.64, 35.36, 1.7969
_14207_, 303.44, 35.36, 1.79693
_16351_, 303.44, 35.36, 1.79693
FILLER_0_8_636, 303.44, 35.36, 1.79693
_14483_, 316.24, 35.36, 1.79697
_16463_, 316.24, 35.36, 1.79697
_16464_, 316.24, 35.36, 1.79697
hold468, 316.24, 35.36, 1.79697
hold1457, 316.24, 35.36, 1.79697
FILLER_0_9_669, 316.24, 35.36, 1.79697
FILLER_0_9_673, 316.24, 35.36, 1.79697
FILLER_0_10_681, 316.24, 35.36, 1.79697
FILLER_0_9_725, 341.84, 35.36, 1.797
_11480_, 354.64, 35.36, 1.79698
_15380_, 354.64, 35.36, 1.79698
_15382_, 354.64, 35.36, 1.79698
FILLER_0_8_753, 354.64, 35.36, 1.79698
FILLER_0_9_765, 354.64, 35.36, 1.79698
hold261, 367.44, 35.36, 1.79696
FILLER_0_9_785, 367.44, 35.36, 1.79696
_12987_, 380.24, 35.36, 1.79694
_12988_, 380.24, 35.36, 1.79694
_12989_, 380.24, 35.36, 1.79694
_12990_, 380.24, 35.36, 1.79694
_12991_, 380.24, 35.36, 1.79694
_15897_, 380.24, 35.36, 1.79694
_15901_, 380.24, 35.36, 1.79694
FILLER_0_8_809, 380.24, 35.36, 1.79694
_08673_, 393.04, 35.36, 1.79693
_08691_, 393.04, 35.36, 1.79693
_15170_, 393.04, 35.36, 1.79693
_15174_, 393.04, 35.36, 1.79693
_08664_, 405.84, 35.36, 1.79693
_09614_, 405.84, 35.36, 1.79693
_09615_, 405.84, 35.36, 1.79693
_09618_, 405.84, 35.36, 1.79693
clkbuf_leaf_166_clk, 405.84, 35.36, 1.79693
FILLER_0_8_864, 405.84, 35.36, 1.79693
FILLER_0_8_869, 405.84, 35.36, 1.79693
FILLER_0_9_869, 405.84, 35.36, 1.79693
_09616_, 418.64, 35.36, 1.79695
_09617_, 418.64, 35.36, 1.79695
_09619_, 418.64, 35.36, 1.79695
_16284_, 418.64, 35.36, 1.79695
_16285_, 418.64, 35.36, 1.79695
FILLER_0_10_900, 418.64, 35.36, 1.79695
_13938_, 431.44, 35.36, 1.79697
FILLER_0_8_918, 431.44, 35.36, 1.79697
FILLER_0_9_944, 444.24, 35.36, 1.797
FILLER_0_8_973, 457.04, 35.36, 1.79702
FILLER_0_9_1001, 469.84, 35.36, 1.79705
PHY_12, 5.52, 29.92, 1.79689
PHY_14, 5.52, 29.92, 1.79689
FILLER_0_8_3, 5.52, 29.92, 1.79689
FILLER_0_8_25, 13.68, 29.92, 1.79689
_14532_, 34.64, 29.92, 1.79685
_15675_, 34.64, 29.92, 1.79685
FILLER_0_6_59, 34.64, 29.92, 1.79685
FILLER_0_7_53, 34.64, 29.92, 1.79685
FILLER_0_7_69, 34.64, 29.92, 1.79685
_11115_, 47.44, 29.92, 1.79682
_14533_, 47.44, 29.92, 1.79682
hold216, 47.44, 29.92, 1.79682
FILLER_0_6_80, 47.44, 29.92, 1.79682
FILLER_0_6_85, 47.44, 29.92, 1.79682
FILLER_0_7_101, 47.44, 29.92, 1.79682
_15708_, 60.24, 29.92, 1.79679
FILLER_0_6_118, 60.24, 29.92, 1.79679
FILLER_0_7_109, 60.24, 29.92, 1.79679
FILLER_0_7_113, 60.24, 29.92, 1.79679
FILLER_0_8_130, 60.24, 29.92, 1.79679
_11089_, 73.04, 29.92, 1.79676
_11113_, 73.04, 29.92, 1.79676
hold89, 73.04, 29.92, 1.79676
hold166, 73.04, 29.92, 1.79676
FILLER_0_7_135, 73.04, 29.92, 1.79676
FILLER_0_8_155, 73.04, 29.92, 1.79676
_11502_, 85.84, 29.92, 1.79673
clkbuf_leaf_205_clk, 85.84, 29.92, 1.79673
FILLER_0_6_162, 85.84, 29.92, 1.79673
_14402_, 98.64, 29.92, 1.79673
_16422_, 98.64, 29.92, 1.79673
FILLER_0_6_189, 98.64, 29.92, 1.79673
FILLER_0_6_197, 98.64, 29.92, 1.79673
FILLER_0_7_193, 98.64, 29.92, 1.79673
FILLER_0_7_216, 98.64, 29.92, 1.79673
_16421_, 111.44, 29.92, 1.79673
clkbuf_leaf_204_clk, 111.44, 29.92, 1.79673
hold187, 111.44, 29.92, 1.79673
_11247_, 124.24, 29.92, 1.79676
_11274_, 124.24, 29.92, 1.79676
_11735_, 124.24, 29.92, 1.79676
_11737_, 124.24, 29.92, 1.79676
_11739_, 124.24, 29.92, 1.79676
_15290_, 124.24, 29.92, 1.79676
hold3, 124.24, 29.92, 1.79676
FILLER_0_7_249, 124.24, 29.92, 1.79676
FILLER_0_7_270, 124.24, 29.92, 1.79676
_11283_, 137.04, 29.92, 1.7968
_11293_, 137.04, 29.92, 1.7968
_11303_, 137.04, 29.92, 1.7968
_11304_, 137.04, 29.92, 1.7968
_11742_, 137.04, 29.92, 1.7968
hold274, 137.04, 29.92, 1.7968
FILLER_0_7_289, 137.04, 29.92, 1.7968
FILLER_0_7_297, 137.04, 29.92, 1.7968
_11314_, 149.84, 29.92, 1.79684
_15293_, 149.84, 29.92, 1.79684
hold613, 149.84, 29.92, 1.79684
hold714, 149.84, 29.92, 1.79684
FILLER_0_6_301, 149.84, 29.92, 1.79684
_11313_, 162.64, 29.92, 1.79688
_11322_, 162.64, 29.92, 1.79688
_14093_, 162.64, 29.92, 1.79688
_14094_, 162.64, 29.92, 1.79688
_14095_, 162.64, 29.92, 1.79688
_15297_, 162.64, 29.92, 1.79688
FILLER_0_7_349, 162.64, 29.92, 1.79688
FILLER_0_8_343, 162.64, 29.92, 1.79688
_11061_, 188.24, 29.92, 1.79692
_11064_, 188.24, 29.92, 1.79692
_13946_, 188.24, 29.92, 1.79692
_13981_, 188.24, 29.92, 1.79692
_11063_, 201.04, 29.92, 1.79691
_11297_, 201.04, 29.92, 1.79691
_11298_, 201.04, 29.92, 1.79691
_11299_, 201.04, 29.92, 1.79691
_14288_, 201.04, 29.92, 1.79691
FILLER_0_6_414, 201.04, 29.92, 1.79691
FILLER_0_7_414, 201.04, 29.92, 1.79691
_11822_, 213.84, 29.92, 1.7969
_14254_, 213.84, 29.92, 1.7969
_14255_, 213.84, 29.92, 1.7969
hold272, 213.84, 29.92, 1.7969
FILLER_0_7_444, 213.84, 29.92, 1.7969
_14235_, 226.64, 29.92, 1.79689
_14236_, 226.64, 29.92, 1.79689
_14251_, 226.64, 29.92, 1.79689
_14258_, 226.64, 29.92, 1.79689
_14259_, 226.64, 29.92, 1.79689
_15528_, 226.64, 29.92, 1.79689
FILLER_0_7_472, 226.64, 29.92, 1.79689
FILLER_0_8_485, 226.64, 29.92, 1.79689
_11817_, 239.44, 29.92, 1.79689
_11818_, 239.44, 29.92, 1.79689
_11820_, 239.44, 29.92, 1.79689
_14170_, 239.44, 29.92, 1.79689
_14238_, 239.44, 29.92, 1.79689
hold280, 239.44, 29.92, 1.79689
FILLER_0_7_498, 239.44, 29.92, 1.79689
_14145_, 252.24, 29.92, 1.7969
_14192_, 252.24, 29.92, 1.7969
_14206_, 252.24, 29.92, 1.7969
_14232_, 252.24, 29.92, 1.7969
_14161_, 265.04, 29.92, 1.7969
_15526_, 265.04, 29.92, 1.7969
hold262, 265.04, 29.92, 1.7969
FILLER_0_7_551, 265.04, 29.92, 1.7969
FILLER_0_8_567, 265.04, 29.92, 1.7969
_11998_, 277.84, 29.92, 1.79692
_15586_, 277.84, 29.92, 1.79692
hold444, 277.84, 29.92, 1.79692
FILLER_0_7_589, 277.84, 29.92, 1.79692
_14147_, 290.64, 29.92, 1.79694
_14193_, 290.64, 29.92, 1.79694
FILLER_0_6_613, 290.64, 29.92, 1.79694
_14485_, 303.44, 29.92, 1.79696
_16349_, 303.44, 29.92, 1.79696
_16352_, 303.44, 29.92, 1.79696
FILLER_0_6_641, 303.44, 29.92, 1.79696
FILLER_0_7_658, 303.44, 29.92, 1.79696
_14486_, 316.24, 29.92, 1.79699
_16461_, 316.24, 29.92, 1.79699
hold748, 316.24, 29.92, 1.79699
FILLER_0_6_674, 316.24, 29.92, 1.79699
FILLER_0_7_668, 316.24, 29.92, 1.79699
FILLER_0_7_722, 341.84, 29.92, 1.79703
FILLER_0_8_745, 341.84, 29.92, 1.79703
FILLER_0_6_746, 354.64, 29.92, 1.79702
_12986_, 367.44, 29.92, 1.79702
FILLER_0_7_777, 367.44, 29.92, 1.79702
FILLER_0_8_793, 367.44, 29.92, 1.79702
_12995_, 380.24, 29.92, 1.79701
_15898_, 380.24, 29.92, 1.79701
_15899_, 380.24, 29.92, 1.79701
FILLER_0_6_805, 380.24, 29.92, 1.79701
_08655_, 393.04, 29.92, 1.79702
_15171_, 405.84, 29.92, 1.79702
_15172_, 405.84, 29.92, 1.79702
FILLER_0_6_861, 405.84, 29.92, 1.79702
FILLER_0_7_865, 405.84, 29.92, 1.79702
FILLER_0_7_891, 418.64, 29.92, 1.79703
FILLER_0_6_917, 431.44, 29.92, 1.79704
FILLER_0_7_945, 444.24, 29.92, 1.79705
FILLER_0_6_973, 457.04, 29.92, 1.79706
FILLER_0_7_1001, 469.84, 29.92, 1.79707
PHY_8, 5.52, 24.48, 1.79688
PHY_10, 5.52, 24.48, 1.79688
_16486_, 34.64, 24.48, 1.79684
clkbuf_leaf_207_clk, 34.64, 24.48, 1.79684
FILLER_0_5_53, 34.64, 24.48, 1.79684
FILLER_0_5_69, 34.64, 24.48, 1.79684
_11096_, 47.44, 24.48, 1.79683
_16485_, 47.44, 24.48, 1.79683
_16487_, 47.44, 24.48, 1.79683
FILLER_0_4_85, 47.44, 24.48, 1.79683
_12214_, 60.24, 24.48, 1.79682
_15724_, 60.24, 24.48, 1.79682
hold149, 60.24, 24.48, 1.79682
hold239, 60.24, 24.48, 1.79682
FILLER_0_4_112, 60.24, 24.48, 1.79682
_11498_, 73.04, 24.48, 1.79681
_12241_, 73.04, 24.48, 1.79681
_15707_, 73.04, 24.48, 1.79681
hold223, 73.04, 24.48, 1.79681
FILLER_0_5_133, 73.04, 24.48, 1.79681
_14299_, 85.84, 24.48, 1.79682
_14358_, 85.84, 24.48, 1.79682
_14380_, 85.84, 24.48, 1.79682
_16423_, 85.84, 24.48, 1.79682
hold160, 85.84, 24.48, 1.79682
FILLER_0_4_169, 85.84, 24.48, 1.79682
FILLER_0_5_169, 85.84, 24.48, 1.79682
_14356_, 98.64, 24.48, 1.79682
_16389_, 98.64, 24.48, 1.79682
hold127, 98.64, 24.48, 1.79682
FILLER_0_4_197, 98.64, 24.48, 1.79682
FILLER_0_5_203, 98.64, 24.48, 1.79682
FILLER_0_6_211, 98.64, 24.48, 1.79682
_14400_, 111.44, 24.48, 1.79683
_15284_, 111.44, 24.48, 1.79683
hold156, 111.44, 24.48, 1.79683
FILLER_0_5_233, 111.44, 24.48, 1.79683
FILLER_0_6_238, 111.44, 24.48, 1.79683
_11273_, 124.24, 24.48, 1.79684
_11278_, 124.24, 24.48, 1.79684
_15283_, 124.24, 24.48, 1.79684
hold295, 124.24, 24.48, 1.79684
FILLER_0_5_271, 124.24, 24.48, 1.79684
FILLER_0_6_267, 124.24, 24.48, 1.79684
_11292_, 137.04, 24.48, 1.79686
_15287_, 137.04, 24.48, 1.79686
hold270, 137.04, 24.48, 1.79686
FILLER_0_5_281, 137.04, 24.48, 1.79686
_11305_, 149.84, 24.48, 1.79688
_11306_, 149.84, 24.48, 1.79688
_11317_, 149.84, 24.48, 1.79688
_11320_, 149.84, 24.48, 1.79688
FILLER_0_4_305, 149.84, 24.48, 1.79688
FILLER_0_5_315, 149.84, 24.48, 1.79688
_11321_, 162.64, 24.48, 1.79691
_11323_, 162.64, 24.48, 1.79691
hold558, 162.64, 24.48, 1.79691
hold678, 162.64, 24.48, 1.79691
_11062_, 188.24, 24.48, 1.7969
_11276_, 188.24, 24.48, 1.7969
_11285_, 188.24, 24.48, 1.7969
_11291_, 188.24, 24.48, 1.7969
_11328_, 188.24, 24.48, 1.7969
_13945_, 188.24, 24.48, 1.7969
FILLER_0_4_387, 188.24, 24.48, 1.7969
FILLER_0_4_394, 188.24, 24.48, 1.7969
FILLER_0_5_389, 188.24, 24.48, 1.7969
FILLER_0_5_398, 188.24, 24.48, 1.7969
_11290_, 201.04, 24.48, 1.79687
_11294_, 201.04, 24.48, 1.79687
_11340_, 201.04, 24.48, 1.79687
clkbuf_leaf_193_clk, 201.04, 24.48, 1.79687
FILLER_0_5_429, 201.04, 24.48, 1.79687
_11338_, 213.84, 24.48, 1.79687
_11341_, 213.84, 24.48, 1.79687
_15304_, 213.84, 24.48, 1.79687
hold415, 213.84, 24.48, 1.79687
hold1579, 213.84, 24.48, 1.79687
_11819_, 226.64, 24.48, 1.79687
_14239_, 226.64, 24.48, 1.79687
_14257_, 226.64, 24.48, 1.79687
hold410, 226.64, 24.48, 1.79687
FILLER_0_5_477, 226.64, 24.48, 1.79687
FILLER_0_5_487, 226.64, 24.48, 1.79687
_11160_, 239.44, 24.48, 1.79687
_14209_, 239.44, 24.48, 1.79687
_14210_, 239.44, 24.48, 1.79687
_14213_, 239.44, 24.48, 1.79687
_14237_, 239.44, 24.48, 1.79687
FILLER_0_5_512, 239.44, 24.48, 1.79687
FILLER_0_5_520, 239.44, 24.48, 1.79687
FILLER_0_6_516, 239.44, 24.48, 1.79687
_14146_, 252.24, 24.48, 1.79687
_14149_, 252.24, 24.48, 1.79687
_14195_, 252.24, 24.48, 1.79687
_14196_, 252.24, 24.48, 1.79687
FILLER_0_4_523, 252.24, 24.48, 1.79687
FILLER_0_4_533, 252.24, 24.48, 1.79687
FILLER_0_5_534, 252.24, 24.48, 1.79687
_12000_, 265.04, 24.48, 1.79688
_14150_, 265.04, 24.48, 1.79688
_14166_, 265.04, 24.48, 1.79688
hold505, 265.04, 24.48, 1.79688
FILLER_0_4_558, 265.04, 24.48, 1.79688
FILLER_0_5_573, 265.04, 24.48, 1.79688
FILLER_0_6_575, 265.04, 24.48, 1.79688
clkbuf_leaf_174_clk, 277.84, 24.48, 1.79689
hold502, 277.84, 24.48, 1.79689
FILLER_0_4_589, 277.84, 24.48, 1.79689
_14162_, 290.64, 24.48, 1.79692
_16350_, 290.64, 24.48, 1.79692
hold490, 290.64, 24.48, 1.79692
FILLER_0_6_627, 290.64, 24.48, 1.79692
FILLER_0_4_641, 303.44, 24.48, 1.79696
_14482_, 316.24, 24.48, 1.797
FILLER_0_5_721, 341.84, 24.48, 1.79704
FILLER_0_4_749, 354.64, 24.48, 1.79705
FILLER_0_5_777, 367.44, 24.48, 1.79705
FILLER_0_4_805, 380.24, 24.48, 1.79705
FILLER_0_5_833, 393.04, 24.48, 1.79706
FILLER_0_4_861, 405.84, 24.48, 1.79706
FILLER_0_5_889, 418.64, 24.48, 1.79707
FILLER_0_4_917, 431.44, 24.48, 1.79707
FILLER_0_5_945, 444.24, 24.48, 1.79707
FILLER_0_4_973, 457.04, 24.48, 1.79708
FILLER_0_5_1001, 469.84, 24.48, 1.79708
PHY_4, 5.52, 19.04, 1.79689
PHY_6, 5.52, 19.04, 1.79689
output39, 5.52, 19.04, 1.79689
FILLER_0_4_21, 13.68, 19.04, 1.79689
_11500_, 34.64, 19.04, 1.79687
_12238_, 34.64, 19.04, 1.79687
_14531_, 34.64, 19.04, 1.79687
FILLER_0_3_51, 34.64, 19.04, 1.79687
FILLER_0_3_69, 34.64, 19.04, 1.79687
FILLER_0_4_67, 34.64, 19.04, 1.79687
_15741_, 47.44, 19.04, 1.79685
_15742_, 47.44, 19.04, 1.79685
hold177, 47.44, 19.04, 1.79685
hold252, 47.44, 19.04, 1.79685
FILLER_0_2_85, 47.44, 19.04, 1.79685
FILLER_0_3_94, 47.44, 19.04, 1.79685
_15725_, 60.24, 19.04, 1.79683
hold119, 60.24, 19.04, 1.79683
hold241, 60.24, 19.04, 1.79683
hold258, 60.24, 19.04, 1.79683
FILLER_0_2_106, 60.24, 19.04, 1.79683
FILLER_0_2_117, 60.24, 19.04, 1.79683
FILLER_0_3_108, 60.24, 19.04, 1.79683
_14301_, 73.04, 19.04, 1.79682
_16357_, 73.04, 19.04, 1.79682
hold104, 73.04, 19.04, 1.79682
hold232, 73.04, 19.04, 1.79682
hold257, 73.04, 19.04, 1.79682
FILLER_0_4_149, 73.04, 19.04, 1.79682
_11112_, 85.84, 19.04, 1.79681
_12236_, 85.84, 19.04, 1.79681
_14378_, 85.84, 19.04, 1.79681
_16391_, 85.84, 19.04, 1.79681
hold105, 85.84, 19.04, 1.79681
FILLER_0_2_173, 85.84, 19.04, 1.79681
FILLER_0_3_169, 85.84, 19.04, 1.79681
_11086_, 98.64, 19.04, 1.79681
_12700_, 98.64, 19.04, 1.79681
hold244, 98.64, 19.04, 1.79681
FILLER_0_2_192, 98.64, 19.04, 1.79681
FILLER_0_3_216, 98.64, 19.04, 1.79681
_11279_, 111.44, 19.04, 1.79681
FILLER_0_4_235, 111.44, 19.04, 1.79681
_11269_, 124.24, 19.04, 1.7968
_11281_, 124.24, 19.04, 1.7968
_11282_, 124.24, 19.04, 1.7968
_11287_, 124.24, 19.04, 1.7968
_11288_, 124.24, 19.04, 1.7968
_15285_, 124.24, 19.04, 1.7968
hold321, 124.24, 19.04, 1.7968
FILLER_0_3_249, 124.24, 19.04, 1.7968
_11295_, 137.04, 19.04, 1.79681
_11296_, 137.04, 19.04, 1.79681
_11311_, 137.04, 19.04, 1.79681
_15288_, 137.04, 19.04, 1.79681
hold323, 137.04, 19.04, 1.79681
FILLER_0_3_277, 137.04, 19.04, 1.79681
_11309_, 149.84, 19.04, 1.79682
_11310_, 149.84, 19.04, 1.79682
_11312_, 149.84, 19.04, 1.79682
_15292_, 149.84, 19.04, 1.79682
_15296_, 149.84, 19.04, 1.79682
clkbuf_leaf_196_clk, 149.84, 19.04, 1.79682
FILLER_0_3_302, 149.84, 19.04, 1.79682
FILLER_0_4_321, 149.84, 19.04, 1.79682
_11324_, 162.64, 19.04, 1.79687
_11325_, 162.64, 19.04, 1.79687
_11326_, 162.64, 19.04, 1.79687
_15295_, 162.64, 19.04, 1.79687
hold560, 162.64, 19.04, 1.79687
FILLER_0_3_332, 162.64, 19.04, 1.79687
FILLER_0_3_350, 162.64, 19.04, 1.79687
FILLER_0_4_343, 162.64, 19.04, 1.79687
FILLER_0_4_355, 162.64, 19.04, 1.79687
_11275_, 188.24, 19.04, 1.7969
_11277_, 188.24, 19.04, 1.7969
_11280_, 188.24, 19.04, 1.7969
_11284_, 188.24, 19.04, 1.7969
_11286_, 188.24, 19.04, 1.7969
FILLER_0_3_393, 188.24, 19.04, 1.7969
_11289_, 201.04, 19.04, 1.79689
_11336_, 201.04, 19.04, 1.79689
_11343_, 201.04, 19.04, 1.79689
_15305_, 201.04, 19.04, 1.79689
FILLER_0_2_414, 201.04, 19.04, 1.79689
FILLER_0_2_421, 201.04, 19.04, 1.79689
FILLER_0_3_414, 201.04, 19.04, 1.79689
_11330_, 213.84, 19.04, 1.79689
_11339_, 213.84, 19.04, 1.79689
hold515, 213.84, 19.04, 1.79689
FILLER_0_3_457, 213.84, 19.04, 1.79689
_11332_, 226.64, 19.04, 1.79689
_11333_, 226.64, 19.04, 1.79689
_11334_, 226.64, 19.04, 1.79689
_15302_, 226.64, 19.04, 1.79689
hold1431, 226.64, 19.04, 1.79689
FILLER_0_3_468, 226.64, 19.04, 1.79689
FILLER_0_4_489, 226.64, 19.04, 1.79689
_14165_, 239.44, 19.04, 1.79689
_14194_, 239.44, 19.04, 1.79689
_14208_, 239.44, 19.04, 1.79689
_14212_, 239.44, 19.04, 1.79689
FILLER_0_2_501, 239.44, 19.04, 1.79689
FILLER_0_3_510, 239.44, 19.04, 1.79689
_14124_, 252.24, 19.04, 1.7969
_14125_, 252.24, 19.04, 1.7969
_14148_, 252.24, 19.04, 1.7969
_14164_, 252.24, 19.04, 1.7969
_14167_, 252.24, 19.04, 1.7969
_14168_, 252.24, 19.04, 1.7969
_14169_, 252.24, 19.04, 1.7969
hold519, 252.24, 19.04, 1.7969
FILLER_0_3_534, 252.24, 19.04, 1.7969
_11810_, 265.04, 19.04, 1.79691
_11815_, 265.04, 19.04, 1.79691
_11997_, 265.04, 19.04, 1.79691
_15523_, 265.04, 19.04, 1.79691
_15525_, 265.04, 19.04, 1.79691
hold301, 265.04, 19.04, 1.79691
FILLER_0_3_561, 265.04, 19.04, 1.79691
FILLER_0_3_569, 265.04, 19.04, 1.79691
FILLER_0_4_569, 265.04, 19.04, 1.79691
_11812_, 277.84, 19.04, 1.79692
_11999_, 277.84, 19.04, 1.79692
_15587_, 277.84, 19.04, 1.79692
_15588_, 277.84, 19.04, 1.79692
hold264, 277.84, 19.04, 1.79692
FILLER_0_3_611, 290.64, 19.04, 1.79695
FILLER_0_4_633, 290.64, 19.04, 1.79695
FILLER_0_2_637, 303.44, 19.04, 1.79698
FILLER_0_3_665, 316.24, 19.04, 1.79701
FILLER_0_3_721, 341.84, 19.04, 1.79705
FILLER_0_2_749, 354.64, 19.04, 1.79705
FILLER_0_3_777, 367.44, 19.04, 1.79705
FILLER_0_2_805, 380.24, 19.04, 1.79706
FILLER_0_3_833, 393.04, 19.04, 1.79706
FILLER_0_2_861, 405.84, 19.04, 1.79706
FILLER_0_3_889, 418.64, 19.04, 1.79707
FILLER_0_2_917, 431.44, 19.04, 1.79707
FILLER_0_3_945, 444.24, 19.04, 1.79707
FILLER_0_2_973, 457.04, 19.04, 1.79708
FILLER_0_3_1001, 469.84, 19.04, 1.79708
PHY_0, 5.52, 13.6, 1.79689
PHY_2, 5.52, 13.6, 1.79689
output72, 5.52, 13.6, 1.79689
FILLER_0_0_21, 13.68, 13.6, 1.79689
input22, 34.64, 13.6, 1.79686
FILLER_0_0_69, 34.64, 13.6, 1.79686
FILLER_0_0_76, 34.64, 13.6, 1.79686
FILLER_0_1_51, 34.64, 13.6, 1.79686
FILLER_0_2_77, 34.64, 13.6, 1.79686
_12447_, 47.44, 13.6, 1.79684
_12448_, 47.44, 13.6, 1.79684
_15743_, 47.44, 13.6, 1.79684
ANTENNA_84, 47.44, 13.6, 1.79684
FILLER_0_0_85, 47.44, 13.6, 1.79684
FILLER_0_1_81, 47.44, 13.6, 1.79684
_12237_, 60.24, 13.6, 1.79682
_12239_, 60.24, 13.6, 1.79682
_12449_, 60.24, 13.6, 1.79682
_15723_, 60.24, 13.6, 1.79682
output32, 60.24, 13.6, 1.79682
hold255, 60.24, 13.6, 1.79682
FILLER_0_0_106, 60.24, 13.6, 1.79682
FILLER_0_0_129, 60.24, 13.6, 1.79682
FILLER_0_1_121, 60.24, 13.6, 1.79682
_14300_, 73.04, 13.6, 1.7968
_16358_, 73.04, 13.6, 1.7968
_16359_, 73.04, 13.6, 1.7968
output78, 73.04, 13.6, 1.7968
FILLER_0_0_137, 73.04, 13.6, 1.7968
FILLER_0_1_159, 73.04, 13.6, 1.7968
_12240_, 85.84, 13.6, 1.79679
_16405_, 85.84, 13.6, 1.79679
_16407_, 85.84, 13.6, 1.79679
FILLER_0_0_161, 85.84, 13.6, 1.79679
_12702_, 98.64, 13.6, 1.79679
_15835_, 98.64, 13.6, 1.79679
_15837_, 98.64, 13.6, 1.79679
output87, 98.64, 13.6, 1.79679
hold135, 98.64, 13.6, 1.79679
FILLER_0_0_193, 98.64, 13.6, 1.79679
FILLER_0_0_215, 98.64, 13.6, 1.79679
_15267_, 111.44, 13.6, 1.7968
output58, 111.44, 13.6, 1.7968
hold153, 111.44, 13.6, 1.7968
ANTENNA_6, 111.44, 13.6, 1.7968
FILLER_0_0_225, 111.44, 13.6, 1.7968
FILLER_0_1_233, 111.44, 13.6, 1.7968
FILLER_0_2_244, 111.44, 13.6, 1.7968
_07400_, 124.24, 13.6, 1.79682
_15286_, 124.24, 13.6, 1.79682
hold322, 124.24, 13.6, 1.79682
FILLER_0_0_248, 124.24, 13.6, 1.79682
FILLER_0_1_255, 124.24, 13.6, 1.79682
_11307_, 137.04, 13.6, 1.79683
input23, 137.04, 13.6, 1.79683
FILLER_0_0_277, 137.04, 13.6, 1.79683
FILLER_0_0_298, 137.04, 13.6, 1.79683
FILLER_0_1_293, 137.04, 13.6, 1.79683
_11308_, 149.84, 13.6, 1.79686
_11318_, 149.84, 13.6, 1.79686
_15291_, 149.84, 13.6, 1.79686
output88, 149.84, 13.6, 1.79686
hold1519, 149.84, 13.6, 1.79686
FILLER_0_0_321, 149.84, 13.6, 1.79686
_11319_, 162.64, 13.6, 1.79688
_11327_, 162.64, 13.6, 1.79688
_15298_, 162.64, 13.6, 1.79688
hold780, 162.64, 13.6, 1.79688
FILLER_0_0_331, 162.64, 13.6, 1.79688
FILLER_0_0_337, 162.64, 13.6, 1.79688
FILLER_0_2_347, 162.64, 13.6, 1.79688
_16344_, 188.24, 13.6, 1.7969
output49, 188.24, 13.6, 1.7969
FILLER_0_0_385, 188.24, 13.6, 1.7969
FILLER_0_1_410, 188.24, 13.6, 1.7969
_07388_, 201.04, 13.6, 1.79688
_11337_, 201.04, 13.6, 1.79688
_11342_, 201.04, 13.6, 1.79688
_15303_, 201.04, 13.6, 1.79688
_15306_, 201.04, 13.6, 1.79688
hold465, 201.04, 13.6, 1.79688
FILLER_0_0_413, 201.04, 13.6, 1.79688
FILLER_0_0_438, 201.04, 13.6, 1.79688
FILLER_0_2_432, 201.04, 13.6, 1.79688
_11329_, 213.84, 13.6, 1.79688
_11331_, 213.84, 13.6, 1.79688
_15300_, 213.84, 13.6, 1.79688
output82, 213.84, 13.6, 1.79688
hold506, 213.84, 13.6, 1.79688
FILLER_0_1_449, 213.84, 13.6, 1.79688
_15301_, 226.64, 13.6, 1.79688
output71, 226.64, 13.6, 1.79688
hold520, 226.64, 13.6, 1.79688
FILLER_0_0_467, 226.64, 13.6, 1.79688
FILLER_0_0_489, 226.64, 13.6, 1.79688
_11159_, 239.44, 13.6, 1.79689
_14163_, 239.44, 13.6, 1.79689
_14211_, 239.44, 13.6, 1.79689
FILLER_0_0_499, 239.44, 13.6, 1.79689
FILLER_0_1_496, 239.44, 13.6, 1.79689
_11808_, 252.24, 13.6, 1.7969
_11811_, 252.24, 13.6, 1.7969
_11813_, 252.24, 13.6, 1.7969
_14121_, 252.24, 13.6, 1.7969
_14122_, 252.24, 13.6, 1.7969
output89, 252.24, 13.6, 1.7969
FILLER_0_0_529, 252.24, 13.6, 1.7969
FILLER_0_1_533, 252.24, 13.6, 1.7969
FILLER_0_1_546, 252.24, 13.6, 1.7969
_11814_, 265.04, 13.6, 1.79692
_15524_, 265.04, 13.6, 1.79692
output91, 265.04, 13.6, 1.79692
FILLER_0_0_553, 265.04, 13.6, 1.79692
FILLER_0_0_573, 265.04, 13.6, 1.79692
FILLER_0_1_555, 265.04, 13.6, 1.79692
FILLER_0_1_561, 265.04, 13.6, 1.79692
_12001_, 277.84, 13.6, 1.79694
_12002_, 277.84, 13.6, 1.79694
hold265, 277.84, 13.6, 1.79694
hold621, 277.84, 13.6, 1.79694
FILLER_0_0_583, 277.84, 13.6, 1.79694
output73, 290.64, 13.6, 1.79696
FILLER_0_0_613, 290.64, 13.6, 1.79696
input21, 303.44, 13.6, 1.79699
FILLER_0_0_637, 303.44, 13.6, 1.79699
FILLER_0_0_657, 303.44, 13.6, 1.79699
FILLER_0_0_665, 316.24, 13.6, 1.79701
FILLER_0_1_665, 316.24, 13.6, 1.79701
output38, 341.84, 13.6, 1.79704
ANTENNA_86, 341.84, 13.6, 1.79704
FILLER_0_0_721, 341.84, 13.6, 1.79704
FILLER_0_1_721, 341.84, 13.6, 1.79704
FILLER_0_0_751, 354.64, 13.6, 1.79704
input19, 367.44, 13.6, 1.79704
FILLER_0_0_781, 367.44, 13.6, 1.79704
FILLER_0_1_777, 367.44, 13.6, 1.79704
FILLER_0_0_805, 380.24, 13.6, 1.79704
FILLER_0_0_825, 380.24, 13.6, 1.79704
output67, 393.04, 13.6, 1.79704
FILLER_0_0_835, 393.04, 13.6, 1.79704
FILLER_0_1_833, 393.04, 13.6, 1.79704
output33, 405.84, 13.6, 1.79704
FILLER_0_0_865, 405.84, 13.6, 1.79704
ANTENNA_85, 418.64, 13.6, 1.79704
FILLER_0_0_887, 418.64, 13.6, 1.79704
FILLER_0_1_889, 418.64, 13.6, 1.79704
_07429_, 431.44, 13.6, 1.79705
output35, 431.44, 13.6, 1.79705
FILLER_0_0_919, 431.44, 13.6, 1.79705
FILLER_0_1_921, 431.44, 13.6, 1.79705
input24, 444.24, 13.6, 1.79705
FILLER_0_0_949, 444.24, 13.6, 1.79705
FILLER_0_0_973, 457.04, 13.6, 1.79706
FILLER_0_0_993, 457.04, 13.6, 1.79706
output43, 469.84, 13.6, 1.79707
FILLER_0_0_1003, 469.84, 13.6, 1.79707
FILLER_0_0_1021, 469.84, 13.6, 1.79707
FILLER_0_1_1001, 469.84, 13.6, 1.79707
FILLER_0_2_1017, 469.84, 13.6, 1.79707

