#! /usr/bin/vvp
:ivl_version "12.0 (stable)";
:ivl_delay_selection "TYPICAL";
:vpi_time_precision - 9;
:vpi_module "/usr/lib/x86_64-linux-gnu/ivl/system.vpi";
:vpi_module "/usr/lib/x86_64-linux-gnu/ivl/vhdl_sys.vpi";
:vpi_module "/usr/lib/x86_64-linux-gnu/ivl/vhdl_textio.vpi";
:vpi_module "/usr/lib/x86_64-linux-gnu/ivl/v2005_math.vpi";
:vpi_module "/usr/lib/x86_64-linux-gnu/ivl/va_math.vpi";
S_0x558d611952a0 .scope module, "pipelined_processor_tb" "pipelined_processor_tb" 2 3;
 .timescale -6 -9;
v0x558d61223cb0_0 .var "clk", 0 0;
v0x558d61223d50_0 .var "reset", 0 0;
S_0x558d611e3a70 .scope module, "uut" "pipelined_processor" 2 9, 3 1 0, S_0x558d611952a0;
 .timescale -6 -9;
    .port_info 0 /INPUT 1 "clk";
    .port_info 1 /INPUT 1 "reset";
P_0x558d611f64b0 .param/l "JAL" 1 3 26, C4<1001>;
P_0x558d611f64f0 .param/l "branch" 1 3 63, C4<1000>;
P_0x558d611f6530 .param/l "jlr" 1 3 64, C4<1010>;
P_0x558d611f6570 .param/l "jri" 1 3 65, C4<1011>;
L_0x558d61223df0 .functor BUFZ 1, v0x558d61223d50_0, C4<0>, C4<0>, C4<0>;
L_0x558d61223eb0 .functor BUFZ 1, v0x558d61223d50_0, C4<0>, C4<0>, C4<0>;
L_0x558d61224030 .functor AND 1, L_0x558d61223f90, v0x558d6120b440_0, C4<1>, C4<1>;
L_0x558d61234930 .functor OR 1, v0x558d612202e0_0, v0x558d61220240_0, C4<0>, C4<0>;
L_0x558d61234b80 .functor AND 1, v0x558d61201b70_0, v0x558d612018f0_0, C4<1>, C4<1>;
L_0x558d61234c90 .functor BUFZ 1, v0x558d61223d50_0, C4<0>, C4<0>, C4<0>;
L_0x558d61234e80 .functor AND 1, L_0x558d61234d90, v0x558d6120b440_0, C4<1>, C4<1>;
L_0x558d61235840 .functor BUFZ 1, v0x558d61223d50_0, C4<0>, C4<0>, C4<0>;
L_0x558d612359a0 .functor AND 1, L_0x558d61235900, v0x558d6120b440_0, C4<1>, C4<1>;
L_0x558d61235af0 .functor BUFZ 1, v0x558d61223d50_0, C4<0>, C4<0>, C4<0>;
L_0x558d612357d0 .functor AND 1, L_0x558d61235bc0, v0x558d6120b440_0, C4<1>, C4<1>;
L_0x558d61236250 .functor OR 1, v0x558d611ff9d0_0, v0x558d61223b70_0, C4<0>, C4<0>;
L_0x558d612369f0 .functor AND 1, L_0x558d61236b70, L_0x558d61236f20, C4<1>, C4<1>;
L_0x558d612386b0 .functor OR 1, v0x558d6120b7c0_0, v0x558d61220000_0, C4<0>, C4<0>;
L_0x558d61236310 .functor OR 1, v0x558d6120b7c0_0, v0x558d61220000_0, C4<0>, C4<0>;
L_0x558d61238d10 .functor OR 1, v0x558d6120b7c0_0, v0x558d61220000_0, C4<0>, C4<0>;
L_0x558d61239570 .functor AND 1, L_0x558d61239350, v0x558d6120b440_0, C4<1>, C4<1>;
L_0x558d61239720 .functor AND 1, L_0x558d61239680, v0x558d6120bb20_0, C4<1>, C4<1>;
L_0x558d61239e80 .functor AND 1, L_0x558d61239c40, v0x558d6120bb20_0, C4<1>, C4<1>;
v0x558d61219f60_0 .net "A1_address", 2 0, v0x558d6120d2a0_0;  1 drivers
v0x558d6121a040_0 .net "A2_address", 2 0, v0x558d6120dac0_0;  1 drivers
v0x558d6121a100_0 .net "BTA_PC_BHT", 15 0, v0x558d612013c0_0;  1 drivers
v0x558d6121a1f0_0 .net "EXE_ALU_Oper", 1 0, v0x558d61206a20_0;  1 drivers
v0x558d6121a2b0_0 .net "EXE_ALU_Src2", 1 0, v0x558d61206b20_0;  1 drivers
v0x558d6121a3a0_0 .net "MEM_Wr_En", 0 0, v0x558d61206c00_0;  1 drivers
v0x558d6121a490_0 .net "Memory_out", 15 0, L_0x558d6123ab40;  1 drivers
v0x558d6121a580_0 .net "RF_D1", 15 0, v0x558d61214430_0;  1 drivers
v0x558d6121a690_0 .net "RF_D1_out_from_rr_ex", 15 0, v0x558d61216c50_0;  1 drivers
v0x558d6121a750_0 .net "RF_D2", 15 0, v0x558d612144f0_0;  1 drivers
v0x558d6121a860_0 .net "RF_D2_out_from_rr_ex", 15 0, v0x558d61216e00_0;  1 drivers
v0x558d6121a970_0 .net "RF_D_R7_to_R0", 127 0, v0x558d612145d0_0;  1 drivers
v0x558d6121aa80_0 .net "RR_A1_Address_sel", 0 0, v0x558d61206ca0_0;  1 drivers
v0x558d6121ab70_0 .net "RR_A2_Address_sel", 0 0, v0x558d61206d60_0;  1 drivers
v0x558d6121ac60_0 .net "RR_A3_Address_sel", 1 0, v0x558d61206e70_0;  1 drivers
v0x558d6121ad20_0 .net "RR_Wr_En", 0 0, v0x558d61206f50_0;  1 drivers
v0x558d6121ae10_0 .net "Reg_D3_Sel", 1 0, v0x558d61207010_0;  1 drivers
L_0x70c04a2812e8 .functor BUFT 1, C4<0>, C4<0>, C4<0>, C4<0>;
v0x558d6121afc0_0 .net *"_ivl_100", 0 0, L_0x70c04a2812e8;  1 drivers
v0x558d6121b080_0 .net *"_ivl_117", 8 0, L_0x558d61237d20;  1 drivers
L_0x70c04a2813c0 .functor BUFT 1, C4<0000000>, C4<0>, C4<0>, C4<0>;
v0x558d6121b160_0 .net/2u *"_ivl_118", 6 0, L_0x70c04a2813c0;  1 drivers
v0x558d6121b240_0 .net *"_ivl_125", 0 0, L_0x558d61238380;  1 drivers
v0x558d6121b320_0 .net *"_ivl_129", 0 0, L_0x558d612386b0;  1 drivers
L_0x70c04a281408 .functor BUFT 1, C4<0111000000000000>, C4<0>, C4<0>, C4<0>;
v0x558d6121b3e0_0 .net/2u *"_ivl_130", 15 0, L_0x70c04a281408;  1 drivers
v0x558d6121b4c0_0 .net *"_ivl_135", 0 0, L_0x558d61236310;  1 drivers
L_0x70c04a281450 .functor BUFT 1, C4<0>, C4<0>, C4<0>, C4<0>;
v0x558d6121b580_0 .net/2u *"_ivl_136", 0 0, L_0x70c04a281450;  1 drivers
v0x558d6121b660_0 .net *"_ivl_141", 0 0, L_0x558d61238d10;  1 drivers
L_0x70c04a281498 .functor BUFT 1, C4<0>, C4<0>, C4<0>, C4<0>;
v0x558d6121b720_0 .net/2u *"_ivl_142", 0 0, L_0x70c04a281498;  1 drivers
v0x558d6121b800_0 .net *"_ivl_145", 0 0, L_0x558d61238ea0;  1 drivers
v0x558d6121b8e0_0 .net *"_ivl_149", 0 0, L_0x558d61239350;  1 drivers
v0x558d6121b9c0_0 .net *"_ivl_153", 0 0, L_0x558d61239680;  1 drivers
v0x558d6121baa0_0 .net *"_ivl_154", 0 0, L_0x558d61239720;  1 drivers
v0x558d6121bb80_0 .net *"_ivl_157", 0 0, L_0x558d612398d0;  1 drivers
v0x558d6121bc60_0 .net *"_ivl_161", 0 0, L_0x558d61239c40;  1 drivers
v0x558d6121bf50_0 .net *"_ivl_162", 0 0, L_0x558d61239e80;  1 drivers
v0x558d6121c030_0 .net *"_ivl_165", 0 0, L_0x558d61239f40;  1 drivers
v0x558d6121c110_0 .net *"_ivl_168", 15 0, L_0x558d6123a320;  1 drivers
L_0x70c04a2814e0 .functor BUFT 1, C4<0000000000000>, C4<0>, C4<0>, C4<0>;
v0x558d6121c1f0_0 .net *"_ivl_171", 12 0, L_0x70c04a2814e0;  1 drivers
v0x558d6121c2d0_0 .net *"_ivl_27", 0 0, L_0x558d61234d90;  1 drivers
v0x558d6121c3b0_0 .net *"_ivl_5", 0 0, L_0x558d61223f90;  1 drivers
v0x558d6121c490_0 .net *"_ivl_51", 0 0, L_0x558d61235900;  1 drivers
v0x558d6121c570_0 .net *"_ivl_57", 0 0, L_0x558d61235bc0;  1 drivers
v0x558d6121c650_0 .net *"_ivl_69", 0 0, L_0x558d61236470;  1 drivers
v0x558d6121c730_0 .net *"_ivl_70", 9 0, L_0x558d612365b0;  1 drivers
v0x558d6121c810_0 .net *"_ivl_73", 5 0, L_0x558d612367b0;  1 drivers
v0x558d6121c8f0_0 .net *"_ivl_74", 15 0, L_0x558d61236510;  1 drivers
L_0x70c04a281138 .functor BUFT 1, C4<0000000000000001>, C4<0>, C4<0>, C4<0>;
v0x558d6121c9d0_0 .net/2u *"_ivl_8", 15 0, L_0x70c04a281138;  1 drivers
v0x558d6121cab0_0 .net *"_ivl_81", 3 0, L_0x558d61236ca0;  1 drivers
L_0x70c04a2812a0 .functor BUFT 1, C4<1000>, C4<0>, C4<0>, C4<0>;
v0x558d6121cb90_0 .net/2u *"_ivl_82", 3 0, L_0x70c04a2812a0;  1 drivers
v0x558d6121cc70_0 .net *"_ivl_84", 0 0, L_0x558d61236f20;  1 drivers
v0x558d6121cd30_0 .net *"_ivl_89", 0 0, L_0x558d612370b0;  1 drivers
v0x558d6121ce10_0 .net *"_ivl_90", 9 0, L_0x558d61237230;  1 drivers
v0x558d6121cef0_0 .net *"_ivl_93", 5 0, L_0x558d61237430;  1 drivers
v0x558d6121cfd0_0 .net *"_ivl_98", 14 0, L_0x558d61237700;  1 drivers
v0x558d6121d0b0_0 .net "addr_in_dm", 15 0, L_0x558d6123a460;  1 drivers
v0x558d6121d170_0 .net "address_base", 15 0, v0x558d6120e2e0_0;  1 drivers
v0x558d6121d210_0 .net "address_offset", 2 0, v0x558d6120eaf0_0;  1 drivers
v0x558d6121d2b0_0 .net "alu_control_redefined", 1 0, v0x558d611d9050_0;  1 drivers
v0x558d6121d3a0_0 .net "alu_out", 15 0, v0x558d612001a0_0;  1 drivers
v0x558d6121d460_0 .net "alu_src_A", 15 0, v0x558d612189f0_0;  1 drivers
v0x558d6121d520_0 .net "alu_src_B", 15 0, v0x558d61200c00_0;  1 drivers
v0x558d6121d630_0 .net "branch_spec_taken_if", 0 0, L_0x558d61234b80;  1 drivers
v0x558d6121d720_0 .net "carry_flag_in", 0 0, v0x558d612000e0_0;  1 drivers
v0x558d6121d810_0 .net "carry_flag_out", 0 0, v0x558d61203080_0;  1 drivers
v0x558d6121d900_0 .net "carry_write_en", 0 0, v0x558d611c3f10_0;  1 drivers
v0x558d6121d9f0_0 .net "clk", 0 0, v0x558d61223cb0_0;  1 drivers
v0x558d6121dea0_0 .net "control_out_from_ex_mem", 2 0, v0x558d61204a30_0;  1 drivers
v0x558d6121df40_0 .net "control_sig_out_from_id_rr", 9 0, v0x558d61207a90_0;  1 drivers
v0x558d6121e030_0 .net "control_sig_out_from_rr_ex", 9 0, v0x558d61217340_0;  1 drivers
v0x558d6121e0d0_0 .net "control_signals", 9 0, L_0x558d61235110;  1 drivers
v0x558d6121e170_0 .var "counter", 1 0;
v0x558d6121e210_0 .net "data_in_dm", 15 0, v0x558d6120fc00_0;  1 drivers
v0x558d6121e300_0 .net "data_select_control_for_pc_at_ex", 0 0, v0x558d61217720_0;  1 drivers
v0x558d6121e3f0_0 .net "data_select_control_for_pc_at_rr", 0 0, v0x558d61207e90_0;  1 drivers
v0x558d6121e490_0 .net "dm_wr_en", 0 0, L_0x558d61239b00;  1 drivers
v0x558d6121e530_0 .net "equals", 0 0, L_0x558d61236b70;  1 drivers
v0x558d6121e5d0_0 .net "ex_mem_enable", 0 0, L_0x558d61239570;  1 drivers
v0x558d6121e670_0 .net "ex_mem_reg_reset", 0 0, L_0x558d61223df0;  1 drivers
v0x558d6121e710_0 .net "final_instrn_at_if", 15 0, v0x558d6120aa90_0;  1 drivers
v0x558d6121e800_0 .var "hazard_signal", 4 0;
v0x558d6121e8a0_0 .net "history_bit", 0 0, v0x558d612018f0_0;  1 drivers
v0x558d6121e940_0 .net "id_rr_pipe_rg_en", 0 0, L_0x558d612359a0;  1 drivers
v0x558d6121e9e0_0 .net "id_rr_reg_reset", 0 0, L_0x558d61235840;  1 drivers
v0x558d6121ea80_0 .net "if_id_pipe_rg_en", 0 0, L_0x558d61234e80;  1 drivers
v0x558d6121eb20_0 .net "if_id_reg_reset", 0 0, L_0x558d61234c90;  1 drivers
v0x558d6121ebf0_0 .net "imm16", 15 0, L_0x558d612375c0;  1 drivers
v0x558d6121ecc0_0 .net "instruction", 15 0, L_0x558d61234670;  1 drivers
v0x558d6121edb0_0 .net "ir_at_wb", 15 0, v0x558d6120c350_0;  1 drivers
v0x558d6121ee50_0 .net "ir_from_id_rr", 15 0, v0x558d61207cf0_0;  1 drivers
v0x558d6121ef40_0 .net "ir_from_if_id", 15 0, v0x558d61208ae0_0;  1 drivers
v0x558d6121f030_0 .net "ir_out_from_ex_mem", 15 0, v0x558d61204c40_0;  1 drivers
v0x558d6121f0d0_0 .net "ir_out_from_ex_nop_out", 15 0, L_0x558d612387f0;  1 drivers
v0x558d6121f170_0 .net "ir_out_from_rr_ex", 15 0, v0x558d612175b0_0;  1 drivers
v0x558d6121f260_0 .net "la_sa_index", 2 0, v0x558d6120b960_0;  1 drivers
v0x558d6121f320_0 .net "lhi_data", 15 0, L_0x558d612380b0;  1 drivers
v0x558d6121f3e0_0 .net "lm_sm_index", 2 0, v0x558d6120ba40_0;  1 drivers
v0x558d6121f4d0_0 .net "load_store_multi_freeze", 0 0, v0x558d6120b440_0;  1 drivers
v0x558d6121f570_0 .net "match", 0 0, v0x558d61201b70_0;  1 drivers
v0x558d6121f610_0 .net "mem_addr", 15 0, v0x558d61204880_0;  1 drivers
v0x558d6121f700_0 .net "mem_data_in", 15 0, v0x558d61205020_0;  1 drivers
v0x558d6121f7f0_0 .net "mem_data_in_load_store_multi", 15 0, v0x558d6120b6b0_0;  1 drivers
v0x558d6121f900_0 .net "mem_wb_reg_reset", 0 0, L_0x558d61223eb0;  1 drivers
v0x558d6121f9a0_0 .net "mem_wr_en_at_id_resolved", 0 0, v0x558d61210460_0;  1 drivers
v0x558d6121fa40_0 .net "mem_wr_en_from_ex_nop_out", 0 0, L_0x558d612391c0;  1 drivers
v0x558d6121fae0_0 .var "mux_sel_data_for_in_mem", 0 0;
v0x558d6121fb80_0 .var "mux_sel_dm_wr_en", 0 0;
v0x558d6121fc20_0 .var "mux_sel_rd_addr_in_mem", 0 0;
v0x558d6121fcf0_0 .var "mux_sel_reg_wr_en", 0 0;
v0x558d6121fd90_0 .var "mux_select_addr_in_mem", 0 0;
v0x558d6121fe60_0 .var "mux_select_index_in_mem", 0 0;
v0x558d6121ff30_0 .net "new_control_signals_at_ex", 2 0, L_0x558d61238570;  1 drivers
v0x558d61220000_0 .var "nop_control_from_hazard", 0 0;
v0x558d612200a0_0 .net "nop_mux_select", 0 0, v0x558d6120b7c0_0;  1 drivers
v0x558d61220170_0 .net "nop_select_control", 0 0, L_0x558d61234930;  1 drivers
v0x558d61220240_0 .var "nop_select_for_if_from_ex", 0 0;
v0x558d612202e0_0 .var "nop_select_for_if_from_id", 0 0;
v0x558d61220380_0 .net "pc_branch", 15 0, L_0x558d61236950;  1 drivers
v0x558d61220420_0 .var "pc_control_from_ex", 1 0;
v0x558d61220510_0 .var "pc_control_from_id", 1 0;
v0x558d612205e0_0 .net "pc_current", 15 0, v0x558d61212900_0;  1 drivers
v0x558d61220680_0 .net "pc_enable", 0 0, L_0x558d61224030;  1 drivers
v0x558d61220770_0 .net "pc_from_if_id", 15 0, v0x558d61208e80_0;  1 drivers
v0x558d61220830_0 .net "pc_next", 15 0, L_0x558d61234890;  1 drivers
v0x558d61220940_0 .var "pc_next_from_ex", 15 0;
v0x558d61220a50_0 .var "pc_next_from_id", 15 0;
v0x558d61220b60_0 .net "pc_next_from_id_rr", 15 0, v0x558d61208160_0;  1 drivers
v0x558d61220c70_0 .net "pc_next_from_if_id", 15 0, v0x558d61208d70_0;  1 drivers
v0x558d61220d80_0 .net "pc_next_from_rr_ex", 15 0, v0x558d61217990_0;  1 drivers
v0x558d61220e90_0 .net "pc_out", 15 0, v0x558d61213060_0;  1 drivers
v0x558d61220f50_0 .net "pc_out_from_id_rr", 15 0, v0x558d61208240_0;  1 drivers
v0x558d61221820_0 .net "pc_out_from_rr_ex", 15 0, v0x558d61217a60_0;  1 drivers
v0x558d61221930_0 .net "pc_select", 1 0, v0x558d61202a20_0;  1 drivers
v0x558d61221a40_0 .net "pc_to_predictor_mux", 15 0, v0x558d61212000_0;  1 drivers
v0x558d61221b50_0 .net "rd_addr_at_wb", 2 0, v0x558d6120c520_0;  1 drivers
v0x558d61221ca0_0 .net "rd_addr_chosen_from_mem", 2 0, v0x558d6120f3d0_0;  1 drivers
v0x558d61221d60_0 .net "rd_addr_ex_mem", 2 0, v0x558d612051c0_0;  1 drivers
v0x558d61221e20_0 .net "rd_data_at_wb", 15 0, v0x558d6120c6a0_0;  1 drivers
v0x558d61221ee0_0 .net "rd_data_ex_mem", 15 0, v0x558d61205380_0;  1 drivers
v0x558d61222030_0 .net "rd_out_at_mem", 15 0, v0x558d612138d0_0;  1 drivers
v0x558d612220f0_0 .net "rd_prev_addr_from_rr_ex", 2 0, v0x558d61216ac0_0;  1 drivers
v0x558d61222200_0 .net "rd_prev_data_from_rr_ex", 15 0, v0x558d61216f80_0;  1 drivers
v0x558d612222c0_0 .var "reg_and_mem_wr_disable_for_id_from_ex", 0 0;
v0x558d612223b0_0 .net "reg_or_mem_en_load_store_multi", 0 0, v0x558d6120bb20_0;  1 drivers
v0x558d61222450_0 .net "reg_wr_en_at_wb", 0 0, v0x558d6120c140_0;  1 drivers
v0x558d61222580_0 .net "reg_wr_en_from_ex_nop_out", 0 0, L_0x558d61238b30;  1 drivers
v0x558d61222620_0 .net "reg_wr_en_from_mem", 0 0, L_0x558d61239fe0;  1 drivers
v0x558d612226c0_0 .net "reg_write_en_redefined", 0 0, v0x558d611ff850_0;  1 drivers
v0x558d61222760_0 .net "reset", 0 0, v0x558d61223d50_0;  1 drivers
v0x558d61222800_0 .net "rf_d2_forwarded", 15 0, v0x558d61219510_0;  1 drivers
v0x558d612228a0_0 .net "rf_d2_shift_left_1", 15 0, L_0x558d612378a0;  1 drivers
v0x558d61222940_0 .net "rf_d3_addr_at_ex", 2 0, v0x558d612156d0_0;  1 drivers
v0x558d612229e0_0 .net "rf_d3_data_at_ex", 15 0, v0x558d61211580_0;  1 drivers
v0x558d61222af0_0 .net "rf_d3_data_temp", 15 0, v0x558d61215f90_0;  1 drivers
v0x558d61222c00_0 .net "rf_wr_en_prev_from_rr_ex", 0 0, v0x558d61217100_0;  1 drivers
v0x558d61222cf0_0 .net "rr_ex_pipe_rg_en", 0 0, L_0x558d612357d0;  1 drivers
v0x558d61222d90_0 .net "rr_ex_reg_reset", 0 0, L_0x558d61235af0;  1 drivers
v0x558d61222e30_0 .net "rr_wr_en_at_id_resolved", 0 0, v0x558d61210cf0_0;  1 drivers
v0x558d61222ed0_0 .net "rs1_addr_from_rr_ex", 2 0, v0x558d61216780_0;  1 drivers
v0x558d61222fc0_0 .net "rs1_frwd_control", 1 0, v0x558d61206290_0;  1 drivers
v0x558d612230b0_0 .net "rs2_addr_from_rr_ex", 2 0, v0x558d61216930_0;  1 drivers
v0x558d612231a0_0 .net "rs2_frwd_control", 1 0, v0x558d612064e0_0;  1 drivers
v0x558d612232b0_0 .net "seperate_control_for_pc_select", 0 0, v0x558d61207340_0;  1 drivers
o0x70c04a2cc238 .functor BUFZ 1, C4<z>; HiZ drive
v0x558d61223350_0 .net "seperate_control_for_pc_select_at_rr", 0 0, o0x70c04a2cc238;  0 drivers
o0x70c04a2ceba8 .functor BUFZ 1, C4<z>; HiZ drive
v0x558d612233f0_0 .net "seperate_control_for_pc_select_ex", 0 0, o0x70c04a2ceba8;  0 drivers
v0x558d61223490_0 .net "spec_taken_at_id_out", 0 0, v0x558d612084a0_0;  1 drivers
v0x558d61223580_0 .net "spec_taken_at_if_out", 0 0, v0x558d61209030_0;  1 drivers
v0x558d61223670_0 .net "spec_taken_at_rr_out", 0 0, v0x558d61217ca0_0;  1 drivers
v0x558d61223710_0 .net "start_address_lm_sm_la_sa", 15 0, v0x558d61204de0_0;  1 drivers
v0x558d61223800_0 .net "taken_from_ex", 0 0, L_0x558d612369f0;  1 drivers
v0x558d612238a0_0 .var "zero_flag", 0 0;
v0x558d61223940_0 .var "zero_flag_from_mem", 0 0;
v0x558d612239e0_0 .net "zero_flag_in", 0 0, v0x558d612003b0_0;  1 drivers
v0x558d61223a80_0 .net "zero_flag_out", 0 0, v0x558d61219d00_0;  1 drivers
v0x558d61223b70_0 .var "zero_wr_en_from_mem", 0 0;
v0x558d61223c10_0 .net "zero_write_en", 0 0, v0x558d611ff9d0_0;  1 drivers
E_0x558d6115c220/0 .event anyedge, v0x558d6121e170_0, v0x558d611ff6b0_0, v0x558d6120d2a0_0, v0x558d612050e0_0;
E_0x558d6115c220/1 .event anyedge, v0x558d6120dac0_0;
E_0x558d6115c220 .event/or E_0x558d6115c220/0, E_0x558d6115c220/1;
E_0x558d6115c4e0 .event anyedge, v0x558d61204c40_0, v0x558d6120c5e0_0;
E_0x558d6115c380 .event anyedge, v0x558d61204c40_0, v0x558d6120b960_0, v0x558d61205dc0_0, v0x558d61206030_0;
E_0x558d6108dcf0/0 .event anyedge, v0x558d611ff6b0_0, v0x558d6121e530_0, v0x558d61217ca0_0, v0x558d61201ed0_0;
E_0x558d6108dcf0/1 .event anyedge, v0x558d61220380_0, v0x558d61200880_0, v0x558d611ffe80_0;
E_0x558d6108dcf0 .event/or E_0x558d6108dcf0/0, E_0x558d6108dcf0/1;
E_0x558d611c4360 .event anyedge, v0x558d611ff9d0_0, v0x558d612003b0_0, v0x558d61223b70_0, v0x558d61223940_0;
E_0x558d611c6520 .event anyedge, v0x558d61207c10_0, v0x558d612083e0_0, v0x558d61201fb0_0;
L_0x558d61223f90 .part v0x558d6121e800_0, 4, 1;
L_0x558d61234890 .arith/sum 16, v0x558d61213060_0, L_0x70c04a281138;
L_0x558d61234a40 .part v0x558d612175b0_0, 12, 4;
L_0x558d61234ae0 .part v0x558d61208ae0_0, 12, 4;
L_0x558d61234d90 .part v0x558d6121e800_0, 3, 1;
L_0x558d61234f90 .part v0x558d61208ae0_0, 12, 4;
L_0x558d61235070 .part v0x558d61208ae0_0, 0, 2;
LS_0x558d61235110_0_0 .concat [ 1 2 2 2], v0x558d61210460_0, v0x558d61207010_0, v0x558d61206a20_0, v0x558d61206b20_0;
LS_0x558d61235110_0_4 .concat [ 1 2 0 0], v0x558d61210cf0_0, v0x558d61206e70_0;
L_0x558d61235110 .concat [ 7 3 0 0], LS_0x558d61235110_0_0, LS_0x558d61235110_0_4;
L_0x558d612353e0 .part v0x558d61208ae0_0, 9, 3;
L_0x558d61235480 .part v0x558d61208ae0_0, 6, 3;
L_0x558d61235580 .part v0x558d61208ae0_0, 6, 3;
L_0x558d61235730 .part v0x558d61208ae0_0, 9, 3;
L_0x558d61235900 .part v0x558d6121e800_0, 2, 1;
L_0x558d61235bc0 .part v0x558d6121e800_0, 2, 1;
L_0x558d61236030 .part v0x558d61217340_0, 3, 2;
L_0x558d61236120 .part v0x558d61217340_0, 7, 1;
L_0x558d61236380 .part v0x558d61204a30_0, 2, 1;
L_0x558d61236470 .part v0x558d612175b0_0, 5, 1;
LS_0x558d612365b0_0_0 .concat [ 1 1 1 1], L_0x558d61236470, L_0x558d61236470, L_0x558d61236470, L_0x558d61236470;
LS_0x558d612365b0_0_4 .concat [ 1 1 1 1], L_0x558d61236470, L_0x558d61236470, L_0x558d61236470, L_0x558d61236470;
LS_0x558d612365b0_0_8 .concat [ 1 1 0 0], L_0x558d61236470, L_0x558d61236470;
L_0x558d612365b0 .concat [ 4 4 2 0], LS_0x558d612365b0_0_0, LS_0x558d612365b0_0_4, LS_0x558d612365b0_0_8;
L_0x558d612367b0 .part v0x558d612175b0_0, 0, 6;
L_0x558d61236510 .concat [ 6 10 0 0], L_0x558d612367b0, L_0x558d612365b0;
L_0x558d61236950 .arith/sum 16, v0x558d61217a60_0, L_0x558d61236510;
L_0x558d61236b70 .cmp/eq 16, v0x558d612189f0_0, v0x558d61219510_0;
L_0x558d61236ca0 .part v0x558d612175b0_0, 12, 4;
L_0x558d61236f20 .cmp/eq 4, L_0x558d61236ca0, L_0x70c04a2812a0;
L_0x558d612370b0 .part v0x558d612175b0_0, 5, 1;
LS_0x558d61237230_0_0 .concat [ 1 1 1 1], L_0x558d612370b0, L_0x558d612370b0, L_0x558d612370b0, L_0x558d612370b0;
LS_0x558d61237230_0_4 .concat [ 1 1 1 1], L_0x558d612370b0, L_0x558d612370b0, L_0x558d612370b0, L_0x558d612370b0;
LS_0x558d61237230_0_8 .concat [ 1 1 0 0], L_0x558d612370b0, L_0x558d612370b0;
L_0x558d61237230 .concat [ 4 4 2 0], LS_0x558d61237230_0_0, LS_0x558d61237230_0_4, LS_0x558d61237230_0_8;
L_0x558d61237430 .part v0x558d612175b0_0, 0, 6;
L_0x558d612375c0 .concat [ 6 10 0 0], L_0x558d61237430, L_0x558d61237230;
L_0x558d61237700 .part v0x558d61219510_0, 0, 15;
L_0x558d612378a0 .concat [ 1 15 0 0], L_0x70c04a2812e8, L_0x558d61237700;
L_0x558d61237a30 .part v0x558d61217340_0, 5, 2;
L_0x558d61237be0 .part v0x558d612175b0_0, 3, 3;
L_0x558d61237c80 .part v0x558d612175b0_0, 6, 3;
L_0x558d61237e40 .part v0x558d612175b0_0, 9, 3;
L_0x558d61237ee0 .part v0x558d61217340_0, 8, 2;
L_0x558d61237d20 .part v0x558d612175b0_0, 0, 9;
L_0x558d612380b0 .concat [ 7 9 0 0], L_0x70c04a2813c0, L_0x558d61237d20;
L_0x558d612382e0 .part v0x558d61217340_0, 2, 1;
L_0x558d61238380 .part v0x558d61217340_0, 1, 1;
L_0x558d61238570 .concat [ 1 1 1 0], L_0x558d612391c0, L_0x558d61238380, L_0x558d61238b30;
L_0x558d612387f0 .functor MUXZ 16, v0x558d612175b0_0, L_0x70c04a281408, L_0x558d612386b0, C4<>;
L_0x558d61238b30 .functor MUXZ 1, v0x558d611ff850_0, L_0x70c04a281450, L_0x558d61236310, C4<>;
L_0x558d61238ea0 .part v0x558d61217340_0, 0, 1;
L_0x558d612391c0 .functor MUXZ 1, L_0x558d61238ea0, L_0x70c04a281498, L_0x558d61238d10, C4<>;
L_0x558d61239350 .part v0x558d6121e800_0, 1, 1;
L_0x558d61239680 .part v0x558d61204a30_0, 0, 1;
L_0x558d612398d0 .part v0x558d61204a30_0, 0, 1;
L_0x558d61239b00 .functor MUXZ 1, L_0x558d612398d0, L_0x558d61239720, v0x558d6121fb80_0, C4<>;
L_0x558d61239c40 .part v0x558d61204a30_0, 2, 1;
L_0x558d61239f40 .part v0x558d61204a30_0, 2, 1;
L_0x558d61239fe0 .functor MUXZ 1, L_0x558d61239f40, L_0x558d61239e80, v0x558d6121fcf0_0, C4<>;
L_0x558d6123a320 .concat [ 3 13 0 0], v0x558d6120eaf0_0, L_0x70c04a2814e0;
L_0x558d6123a460 .arith/sum 16, v0x558d6120e2e0_0, L_0x558d6123a320;
L_0x558d6123acd0 .part v0x558d61204a30_0, 1, 1;
L_0x558d6123ad70 .part v0x558d6121e800_0, 0, 1;
S_0x558d611cc680 .scope module, "alu_control" "alu_ctrl" 3 248, 4 2 0, S_0x558d611e3a70;
 .timescale -6 -9;
    .port_info 0 /INPUT 16 "instr";
    .port_info 1 /INPUT 2 "aluCtrlOp";
    .port_info 2 /INPUT 1 "carry_in";
    .port_info 3 /INPUT 1 "zero_in";
    .port_info 4 /INPUT 1 "reg_write_enable_in";
    .port_info 5 /OUTPUT 1 "carry_write_en";
    .port_info 6 /OUTPUT 1 "zero_write_en";
    .port_info 7 /OUTPUT 1 "reg_write_enable_out";
    .port_info 8 /OUTPUT 2 "alu_operation_out";
P_0x558d611b3370 .param/l "ADC" 0 4 18, C4<000110>;
P_0x558d611b33b0 .param/l "ADD" 0 4 17, C4<000100>;
P_0x558d611b33f0 .param/l "ADI" 0 4 21, C4<0000>;
P_0x558d611b3430 .param/l "ADL" 0 4 20, C4<000111>;
P_0x558d611b3470 .param/l "ADZ" 0 4 19, C4<000101>;
P_0x558d611b34b0 .param/l "NDC" 0 4 23, C4<001010>;
P_0x558d611b34f0 .param/l "NDU" 0 4 22, C4<001000>;
P_0x558d611b3530 .param/l "NDZ" 0 4 24, C4<001001>;
v0x558d611dfe40_0 .net "ALUControlIn", 5 0, L_0x558d61235f40;  1 drivers
v0x558d6119a480_0 .net *"_ivl_1", 3 0, L_0x558d61235d70;  1 drivers
v0x558d611a6fc0_0 .net *"_ivl_3", 1 0, L_0x558d61235ea0;  1 drivers
v0x558d611b9bf0_0 .net "aluCtrlOp", 1 0, L_0x558d61236030;  1 drivers
v0x558d611d9050_0 .var "alu_operation_out", 1 0;
v0x558d611e8490_0 .net "carry_in", 0 0, v0x558d61203080_0;  alias, 1 drivers
v0x558d611c3f10_0 .var "carry_write_en", 0 0;
v0x558d611ff6b0_0 .net "instr", 15 0, v0x558d612175b0_0;  alias, 1 drivers
v0x558d611ff790_0 .net "reg_write_enable_in", 0 0, L_0x558d61236120;  1 drivers
v0x558d611ff850_0 .var "reg_write_enable_out", 0 0;
v0x558d611ff910_0 .net "zero_in", 0 0, v0x558d61219d00_0;  alias, 1 drivers
v0x558d611ff9d0_0 .var "zero_write_en", 0 0;
E_0x558d611b8ad0 .event anyedge, v0x558d611dfe40_0;
L_0x558d61235d70 .part v0x558d612175b0_0, 12, 4;
L_0x558d61235ea0 .part v0x558d612175b0_0, 0, 2;
L_0x558d61235f40 .concat [ 2 4 0 0], L_0x558d61235ea0, L_0x558d61235d70;
S_0x558d611ffbb0 .scope module, "alu_execute" "alu" 3 346, 5 2 0, S_0x558d611e3a70;
 .timescale -6 -9;
    .port_info 0 /INPUT 16 "a";
    .port_info 1 /INPUT 16 "b";
    .port_info 2 /INPUT 2 "alu_control";
    .port_info 3 /OUTPUT 16 "result";
    .port_info 4 /OUTPUT 1 "zero";
    .port_info 5 /OUTPUT 1 "carry";
v0x558d611ffe80_0 .net "a", 15 0, v0x558d612189f0_0;  alias, 1 drivers
v0x558d611fff80_0 .net "alu_control", 1 0, v0x558d611d9050_0;  alias, 1 drivers
v0x558d61200040_0 .net "b", 15 0, v0x558d61200c00_0;  alias, 1 drivers
v0x558d612000e0_0 .var "carry", 0 0;
v0x558d612001a0_0 .var "result", 15 0;
v0x558d612002d0_0 .var "total_sum", 16 0;
v0x558d612003b0_0 .var "zero", 0 0;
E_0x558d611c8830/0 .event anyedge, v0x558d611d9050_0, v0x558d611ffe80_0, v0x558d61200040_0, v0x558d612002d0_0;
E_0x558d611c8830/1 .event anyedge, v0x558d612001a0_0;
E_0x558d611c8830 .event/or E_0x558d611c8830/0, E_0x558d611c8830/1;
S_0x558d61200530 .scope module, "alu_srcb_mux" "mux_41" 3 342, 6 21 0, S_0x558d611e3a70;
 .timescale -6 -9;
    .port_info 0 /OUTPUT 16 "O";
    .port_info 1 /INPUT 16 "A";
    .port_info 2 /INPUT 16 "B";
    .port_info 3 /INPUT 16 "C";
    .port_info 4 /INPUT 16 "D";
    .port_info 5 /INPUT 2 "sel";
P_0x558d61159cd0 .param/l "IN_WIDTH" 0 6 23, +C4<00000000000000000000000000010000>;
P_0x558d61159d10 .param/l "OUT_WIDTH" 0 6 24, +C4<00000000000000000000000000010000>;
v0x558d61200880_0 .net "A", 15 0, v0x558d61219510_0;  alias, 1 drivers
v0x558d61200980_0 .net "B", 15 0, L_0x558d612375c0;  alias, 1 drivers
v0x558d61200a60_0 .net "C", 15 0, L_0x558d612378a0;  alias, 1 drivers
L_0x70c04a281330 .functor BUFT 1, C4<0000000000000000>, C4<0>, C4<0>, C4<0>;
v0x558d61200b20_0 .net "D", 15 0, L_0x70c04a281330;  1 drivers
v0x558d61200c00_0 .var "O", 15 0;
v0x558d61200d10_0 .net "sel", 1 0, L_0x558d61237a30;  1 drivers
E_0x558d610c2240/0 .event anyedge, v0x558d61200d10_0, v0x558d61200880_0, v0x558d61200980_0, v0x558d61200a60_0;
E_0x558d610c2240/1 .event anyedge, v0x558d61200b20_0;
E_0x558d610c2240 .event/or E_0x558d610c2240/0, E_0x558d610c2240/1;
S_0x558d61200e90 .scope module, "bht_lut" "branch_history_table" 3 152, 7 9 0, S_0x558d611e3a70;
 .timescale -6 -9;
    .port_info 0 /INPUT 1 "clk";
    .port_info 1 /INPUT 16 "pcAddressforMatch";
    .port_info 2 /INPUT 16 "pc_from_ex";
    .port_info 3 /INPUT 16 "pc_from_id";
    .port_info 4 /INPUT 16 "bta_from_ex";
    .port_info 5 /INPUT 16 "bta_from_id";
    .port_info 6 /INPUT 4 "opcode_from_ex";
    .port_info 7 /INPUT 4 "opcode_from_id";
    .port_info 8 /INPUT 1 "taken_from_ex";
    .port_info 9 /OUTPUT 16 "branchTargetAddr";
    .port_info 10 /OUTPUT 1 "match";
    .port_info 11 /OUTPUT 1 "history_bit";
P_0x558d611ee1e0 .param/l "beq" 1 7 27, C4<1000>;
P_0x558d611ee220 .param/l "jal" 1 7 28, C4<1001>;
v0x558d612012e0 .array "branchHistoryTable", 7 0, 32 0;
v0x558d612013c0_0 .var "branchTargetAddr", 15 0;
v0x558d612014a0_0 .net "bta_from_ex", 15 0, v0x558d61220940_0;  1 drivers
v0x558d61201560_0 .net "bta_from_id", 15 0, v0x558d61220a50_0;  1 drivers
v0x558d61201640_0 .net "clk", 0 0, v0x558d61223cb0_0;  alias, 1 drivers
v0x558d61201750_0 .var/i "found", 31 0;
v0x558d61201830_0 .var "found_at_jal", 0 0;
v0x558d612018f0_0 .var "history_bit", 0 0;
v0x558d612019b0_0 .var/i "i", 31 0;
v0x558d61201a90_0 .var/i "j", 31 0;
v0x558d61201b70_0 .var "match", 0 0;
v0x558d61201c30_0 .net "opcode_from_ex", 3 0, L_0x558d61234a40;  1 drivers
v0x558d61201d10_0 .net "opcode_from_id", 3 0, L_0x558d61234ae0;  1 drivers
v0x558d61201df0_0 .net "pcAddressforMatch", 15 0, v0x558d61213060_0;  alias, 1 drivers
v0x558d61201ed0_0 .net "pc_from_ex", 15 0, v0x558d61217a60_0;  alias, 1 drivers
v0x558d61201fb0_0 .net "pc_from_id", 15 0, v0x558d61208e80_0;  alias, 1 drivers
v0x558d61202090_0 .var/i "pointer", 31 0;
v0x558d61202170_0 .net "taken_from_ex", 0 0, L_0x558d612369f0;  alias, 1 drivers
v0x558d61202230_0 .var "temp_data1", 32 0;
v0x558d61202310_0 .var "temp_data2", 32 0;
E_0x558d611c2b10 .event posedge, v0x558d61201640_0;
E_0x558d611f6800 .event anyedge, v0x558d61201df0_0;
S_0x558d61202570 .scope module, "branch_jump_decider" "branch_jump_controller" 3 140, 8 3 0, S_0x558d611e3a70;
 .timescale -6 -9;
    .port_info 0 /INPUT 2 "pc_control_from_ex";
    .port_info 1 /INPUT 2 "pc_control_from_id";
    .port_info 2 /OUTPUT 2 "pc_select";
v0x558d61202840_0 .net "pc_control_from_ex", 1 0, v0x558d61220420_0;  1 drivers
v0x558d61202940_0 .net "pc_control_from_id", 1 0, v0x558d61220510_0;  1 drivers
v0x558d61202a20_0 .var "pc_select", 1 0;
E_0x558d612027c0 .event anyedge, v0x558d61202940_0, v0x558d61202840_0;
S_0x558d61202b60 .scope module, "carry_register" "register_n" 3 253, 9 2 0, S_0x558d611e3a70;
 .timescale -6 -9;
    .port_info 0 /INPUT 1 "in";
    .port_info 1 /INPUT 1 "clk";
    .port_info 2 /INPUT 1 "reset";
    .port_info 3 /INPUT 1 "enable";
    .port_info 4 /OUTPUT 1 "out";
P_0x558d61202d40 .param/l "N" 0 9 3, +C4<00000000000000000000000000000001>;
v0x558d61202de0_0 .net "clk", 0 0, v0x558d61223cb0_0;  alias, 1 drivers
v0x558d61202eb0_0 .net "enable", 0 0, v0x558d611c3f10_0;  alias, 1 drivers
v0x558d61202f80_0 .net "in", 0 0, v0x558d612000e0_0;  alias, 1 drivers
v0x558d61203080_0 .var "out", 0 0;
v0x558d61203150_0 .net "reset", 0 0, v0x558d61223d50_0;  alias, 1 drivers
S_0x558d612032a0 .scope module, "dmem" "data_memory" 3 452, 10 2 0, S_0x558d611e3a70;
 .timescale -6 -9;
    .port_info 0 /INPUT 1 "clk";
    .port_info 1 /INPUT 1 "rst";
    .port_info 2 /INPUT 16 "mem_access_addr";
    .port_info 3 /INPUT 16 "mem_write_data";
    .port_info 4 /INPUT 1 "mem_write_en";
    .port_info 5 /OUTPUT 16 "mem_read_data";
L_0x70c04a281528 .functor BUFT 1, C4<1>, C4<0>, C4<0>, C4<0>;
L_0x558d6123a500 .functor XNOR 1, v0x558d61203d80_0, L_0x70c04a281528, C4<0>, C4<0>;
L_0x70c04a281570 .functor BUFT 1, C4<00>, C4<0>, C4<0>, C4<0>;
v0x558d61203560_0 .net *"_ivl_11", 1 0, L_0x70c04a281570;  1 drivers
L_0x70c04a2815b8 .functor BUFT 1, C4<0000000000000000>, C4<0>, C4<0>, C4<0>;
v0x558d61203660_0 .net/2u *"_ivl_12", 15 0, L_0x70c04a2815b8;  1 drivers
v0x558d61203740_0 .net/2u *"_ivl_2", 0 0, L_0x70c04a281528;  1 drivers
v0x558d61203800_0 .net *"_ivl_4", 0 0, L_0x558d6123a500;  1 drivers
v0x558d612038c0_0 .net *"_ivl_6", 15 0, L_0x558d6123a910;  1 drivers
v0x558d612039f0_0 .net *"_ivl_8", 13 0, L_0x558d6123a9b0;  1 drivers
v0x558d61203ad0_0 .net "clk", 0 0, v0x558d61223cb0_0;  alias, 1 drivers
v0x558d61203bc0_0 .var/i "i", 31 0;
v0x558d61203ca0_0 .net "mem_access_addr", 15 0, L_0x558d6123a460;  alias, 1 drivers
v0x558d61203d80_0 .var "mem_read", 0 0;
v0x558d61203e40_0 .net "mem_read_data", 15 0, L_0x558d6123ab40;  alias, 1 drivers
v0x558d61203f20_0 .net "mem_write_data", 15 0, v0x558d6120fc00_0;  alias, 1 drivers
v0x558d61204000_0 .net "mem_write_en", 0 0, L_0x558d61239b00;  alias, 1 drivers
v0x558d612040c0 .array "ram", 0 4096, 15 0;
v0x558d61204180_0 .net "ram_addr", 11 0, L_0x558d6123a820;  1 drivers
v0x558d61204260_0 .net "rst", 0 0, v0x558d61223d50_0;  alias, 1 drivers
L_0x558d6123a820 .part L_0x558d6123a460, 0, 12;
L_0x558d6123a910 .array/port v0x558d612040c0, L_0x558d6123a9b0;
L_0x558d6123a9b0 .concat [ 12 2 0 0], L_0x558d6123a820, L_0x70c04a281570;
L_0x558d6123ab40 .functor MUXZ 16, L_0x70c04a2815b8, L_0x558d6123a910, L_0x558d6123a500, C4<>;
S_0x558d612043e0 .scope module, "ex_mem_pipe_reg" "EX2MEM_Pipline_Reg" 3 373, 11 2 0, S_0x558d611e3a70;
 .timescale -6 -9;
    .port_info 0 /INPUT 1 "clk";
    .port_info 1 /INPUT 1 "rst";
    .port_info 2 /INPUT 1 "enable";
    .port_info 3 /INPUT 3 "Control_In";
    .port_info 4 /INPUT 3 "Rd_Addr_In_From_Ex";
    .port_info 5 /INPUT 16 "Rd_Data_In_From_Ex";
    .port_info 6 /INPUT 16 "RF_D1_In";
    .port_info 7 /INPUT 16 "RF_D2_In";
    .port_info 8 /INPUT 16 "ALU_Result_In";
    .port_info 9 /INPUT 16 "Instr_In";
    .port_info 10 /OUTPUT 3 "Control_Out";
    .port_info 11 /OUTPUT 3 "Rd_Addr_Out_PR";
    .port_info 12 /OUTPUT 16 "Rd_Data_Out_PR";
    .port_info 13 /OUTPUT 16 "RF_D1_Out";
    .port_info 14 /OUTPUT 16 "RF_D2_Out";
    .port_info 15 /OUTPUT 16 "ALU_Result_Out";
    .port_info 16 /OUTPUT 16 "Instr_Out";
v0x558d612047a0_0 .net "ALU_Result_In", 15 0, v0x558d612001a0_0;  alias, 1 drivers
v0x558d61204880_0 .var "ALU_Result_Out", 15 0;
v0x558d61204940_0 .net "Control_In", 2 0, L_0x558d61238570;  alias, 1 drivers
v0x558d61204a30_0 .var "Control_Out", 2 0;
v0x558d61204b10_0 .net "Instr_In", 15 0, L_0x558d612387f0;  alias, 1 drivers
v0x558d61204c40_0 .var "Instr_Out", 15 0;
v0x558d61204d20_0 .net "RF_D1_In", 15 0, v0x558d612189f0_0;  alias, 1 drivers
v0x558d61204de0_0 .var "RF_D1_Out", 15 0;
v0x558d61204ea0_0 .net "RF_D2_In", 15 0, v0x558d61219510_0;  alias, 1 drivers
v0x558d61205020_0 .var "RF_D2_Out", 15 0;
v0x558d612050e0_0 .net "Rd_Addr_In_From_Ex", 2 0, v0x558d612156d0_0;  alias, 1 drivers
v0x558d612051c0_0 .var "Rd_Addr_Out_PR", 2 0;
v0x558d612052a0_0 .net "Rd_Data_In_From_Ex", 15 0, v0x558d61211580_0;  alias, 1 drivers
v0x558d61205380_0 .var "Rd_Data_Out_PR", 15 0;
v0x558d61205460_0 .net "clk", 0 0, v0x558d61223cb0_0;  alias, 1 drivers
v0x558d61205500_0 .net "enable", 0 0, L_0x558d61239570;  alias, 1 drivers
v0x558d612055c0_0 .net "rst", 0 0, L_0x558d61223df0;  alias, 1 drivers
S_0x558d612059b0 .scope module, "forwardlogic" "forwarding_control_unit" 3 268, 12 12 0, S_0x558d611e3a70;
 .timescale -6 -9;
    .port_info 0 /INPUT 3 "rs1_addr_rr_ex";
    .port_info 1 /INPUT 3 "rs2_addr_rr_ex";
    .port_info 2 /INPUT 3 "rd_addr_ex_mem";
    .port_info 3 /INPUT 3 "rd_addr_mem_wb";
    .port_info 4 /INPUT 3 "rd_prev_addr_rr_ex";
    .port_info 5 /INPUT 1 "reg_wr_en_ex_mem";
    .port_info 6 /INPUT 1 "reg_wr_en_mem_wb";
    .port_info 7 /INPUT 1 "reg_wr_en_rr_ex_prev";
    .port_info 8 /OUTPUT 2 "rs1_frwd_control";
    .port_info 9 /OUTPUT 2 "rs2_frwd_control";
v0x558d61205cb0_0 .net "rd_addr_ex_mem", 2 0, v0x558d612051c0_0;  alias, 1 drivers
v0x558d61205dc0_0 .net "rd_addr_mem_wb", 2 0, v0x558d6120c520_0;  alias, 1 drivers
v0x558d61205e80_0 .net "rd_prev_addr_rr_ex", 2 0, v0x558d61216ac0_0;  alias, 1 drivers
v0x558d61205f70_0 .net "reg_wr_en_ex_mem", 0 0, L_0x558d61236380;  1 drivers
v0x558d61206030_0 .net "reg_wr_en_mem_wb", 0 0, v0x558d6120c140_0;  alias, 1 drivers
v0x558d612060f0_0 .net "reg_wr_en_rr_ex_prev", 0 0, v0x558d61217100_0;  alias, 1 drivers
v0x558d612061b0_0 .net "rs1_addr_rr_ex", 2 0, v0x558d61216780_0;  alias, 1 drivers
v0x558d61206290_0 .var "rs1_frwd_control", 1 0;
v0x558d61206370_0 .net "rs2_addr_rr_ex", 2 0, v0x558d61216930_0;  alias, 1 drivers
v0x558d612064e0_0 .var "rs2_frwd_control", 1 0;
E_0x558d61203480/0 .event anyedge, v0x558d612061b0_0, v0x558d612051c0_0, v0x558d61205f70_0, v0x558d61205dc0_0;
E_0x558d61203480/1 .event anyedge, v0x558d61206030_0, v0x558d61205e80_0, v0x558d612060f0_0, v0x558d61206370_0;
E_0x558d61203480 .event/or E_0x558d61203480/0, E_0x558d61203480/1;
S_0x558d61206700 .scope module, "id_controller" "control_decoder" 3 179, 13 1 0, S_0x558d611e3a70;
 .timescale -6 -9;
    .port_info 0 /INPUT 4 "opcode";
    .port_info 1 /INPUT 2 "ir_lsb_2";
    .port_info 2 /OUTPUT 1 "RR_A1_Address_sel";
    .port_info 3 /OUTPUT 1 "RR_A2_Address_sel";
    .port_info 4 /OUTPUT 2 "RR_A3_Address_sel";
    .port_info 5 /OUTPUT 1 "RR_Wr_En";
    .port_info 6 /OUTPUT 2 "EXE_ALU_Src";
    .port_info 7 /OUTPUT 2 "EXE_ALU_Oper";
    .port_info 8 /OUTPUT 2 "Reg_D3_Sel";
    .port_info 9 /OUTPUT 1 "MEM_Wr_En";
    .port_info 10 /OUTPUT 1 "pc_data_select";
v0x558d61206a20_0 .var "EXE_ALU_Oper", 1 0;
v0x558d61206b20_0 .var "EXE_ALU_Src", 1 0;
v0x558d61206c00_0 .var "MEM_Wr_En", 0 0;
v0x558d61206ca0_0 .var "RR_A1_Address_sel", 0 0;
v0x558d61206d60_0 .var "RR_A2_Address_sel", 0 0;
v0x558d61206e70_0 .var "RR_A3_Address_sel", 1 0;
v0x558d61206f50_0 .var "RR_Wr_En", 0 0;
v0x558d61207010_0 .var "Reg_D3_Sel", 1 0;
v0x558d612070f0_0 .net "ir_lsb_2", 1 0, L_0x558d61235070;  1 drivers
v0x558d61207260_0 .net "opcode", 3 0, L_0x558d61234f90;  1 drivers
v0x558d61207340_0 .var "pc_data_select", 0 0;
E_0x558d612069a0 .event anyedge, v0x558d61207260_0, v0x558d612070f0_0;
S_0x558d61207560 .scope module, "id_rr_pipe_reg" "ID2RR_Pipline_Reg" 3 220, 14 1 0, S_0x558d611e3a70;
 .timescale -6 -9;
    .port_info 0 /INPUT 1 "clk";
    .port_info 1 /INPUT 1 "rst";
    .port_info 2 /INPUT 1 "enable";
    .port_info 3 /INPUT 16 "pc_in";
    .port_info 4 /INPUT 16 "pc_next_in";
    .port_info 5 /INPUT 16 "instr_in";
    .port_info 6 /INPUT 1 "spec_taken_in";
    .port_info 7 /OUTPUT 16 "pc_out";
    .port_info 8 /OUTPUT 16 "pc_next_out";
    .port_info 9 /OUTPUT 16 "instr_out";
    .port_info 10 /OUTPUT 1 "spec_taken_out";
    .port_info 11 /INPUT 10 "cntrl_in";
    .port_info 12 /OUTPUT 10 "cntrl_out";
    .port_info 13 /INPUT 1 "pc_data_select";
    .port_info 14 /OUTPUT 1 "pc_data_select_out";
v0x558d61207860_0 .net "clk", 0 0, v0x558d61223cb0_0;  alias, 1 drivers
v0x558d612079b0_0 .net "cntrl_in", 9 0, L_0x558d61235110;  alias, 1 drivers
v0x558d61207a90_0 .var "cntrl_out", 9 0;
v0x558d61207b50_0 .net "enable", 0 0, L_0x558d612359a0;  alias, 1 drivers
v0x558d61207c10_0 .net "instr_in", 15 0, v0x558d61208ae0_0;  alias, 1 drivers
v0x558d61207cf0_0 .var "instr_out", 15 0;
v0x558d61207dd0_0 .net "pc_data_select", 0 0, o0x70c04a2cc238;  alias, 0 drivers
v0x558d61207e90_0 .var "pc_data_select_out", 0 0;
v0x558d61207f50_0 .net "pc_in", 15 0, v0x558d61208e80_0;  alias, 1 drivers
v0x558d612080a0_0 .net "pc_next_in", 15 0, v0x558d61208d70_0;  alias, 1 drivers
v0x558d61208160_0 .var "pc_next_out", 15 0;
v0x558d61208240_0 .var "pc_out", 15 0;
v0x558d61208320_0 .net "rst", 0 0, L_0x558d61235840;  alias, 1 drivers
v0x558d612083e0_0 .net "spec_taken_in", 0 0, v0x558d61209030_0;  alias, 1 drivers
v0x558d612084a0_0 .var "spec_taken_out", 0 0;
S_0x558d61208740 .scope module, "if_id_pipe_reg" "IF2ID_Pipline_Reg" 3 167, 15 1 0, S_0x558d611e3a70;
 .timescale -6 -9;
    .port_info 0 /INPUT 1 "clk";
    .port_info 1 /INPUT 1 "rst";
    .port_info 2 /INPUT 1 "enable";
    .port_info 3 /INPUT 16 "PC_In";
    .port_info 4 /INPUT 16 "PC_Next_In";
    .port_info 5 /INPUT 16 "Instr_In";
    .port_info 6 /INPUT 1 "Spec_taken_in";
    .port_info 7 /OUTPUT 16 "PC_Out";
    .port_info 8 /OUTPUT 16 "PC_Next_Out";
    .port_info 9 /OUTPUT 16 "Instr_Out";
    .port_info 10 /OUTPUT 1 "Spec_taken_out";
v0x558d612089e0_0 .net "Instr_In", 15 0, v0x558d6120aa90_0;  alias, 1 drivers
v0x558d61208ae0_0 .var "Instr_Out", 15 0;
v0x558d61208bd0_0 .net "PC_In", 15 0, v0x558d61213060_0;  alias, 1 drivers
v0x558d61208cd0_0 .net "PC_Next_In", 15 0, L_0x558d61234890;  alias, 1 drivers
v0x558d61208d70_0 .var "PC_Next_Out", 15 0;
v0x558d61208e80_0 .var "PC_Out", 15 0;
v0x558d61208f70_0 .net "Spec_taken_in", 0 0, L_0x558d61234b80;  alias, 1 drivers
v0x558d61209030_0 .var "Spec_taken_out", 0 0;
v0x558d612090d0_0 .net "clk", 0 0, v0x558d61223cb0_0;  alias, 1 drivers
v0x558d61209200_0 .net "enable", 0 0, L_0x558d61234e80;  alias, 1 drivers
v0x558d612092a0_0 .net "rst", 0 0, L_0x558d61234c90;  alias, 1 drivers
S_0x558d612094c0 .scope module, "instr_mem1" "instr_mem" 3 132, 16 2 0, S_0x558d611e3a70;
 .timescale -6 -9;
    .port_info 0 /INPUT 16 "pc";
    .port_info 1 /INPUT 1 "clk";
    .port_info 2 /INPUT 1 "reset";
    .port_info 3 /OUTPUT 16 "instruction";
v0x558d61209680_0 .net *"_ivl_10", 15 0, L_0x558d61234440;  1 drivers
v0x558d61209780_0 .net *"_ivl_12", 5 0, L_0x558d612344e0;  1 drivers
L_0x70c04a2810a8 .functor BUFT 1, C4<00>, C4<0>, C4<0>, C4<0>;
v0x558d61209860_0 .net *"_ivl_15", 1 0, L_0x70c04a2810a8;  1 drivers
L_0x70c04a2810f0 .functor BUFT 1, C4<0111000000000000>, C4<0>, C4<0>, C4<0>;
v0x558d61209950_0 .net/2u *"_ivl_16", 15 0, L_0x70c04a2810f0;  1 drivers
v0x558d61209a30_0 .net *"_ivl_2", 31 0, L_0x558d612241e0;  1 drivers
L_0x70c04a281018 .functor BUFT 1, C4<0000000000000000>, C4<0>, C4<0>, C4<0>;
v0x558d61209b60_0 .net *"_ivl_5", 15 0, L_0x70c04a281018;  1 drivers
L_0x70c04a281060 .functor BUFT 1, C4<00000000000000000000000000110000>, C4<0>, C4<0>, C4<0>;
v0x558d61209c40_0 .net/2u *"_ivl_6", 31 0, L_0x70c04a281060;  1 drivers
v0x558d61209d20_0 .net *"_ivl_8", 0 0, L_0x558d61234300;  1 drivers
v0x558d61209de0_0 .net "clk", 0 0, v0x558d61223cb0_0;  alias, 1 drivers
v0x558d61209f10_0 .var/i "i", 31 0;
v0x558d61209ff0_0 .net "instruction", 15 0, L_0x558d61234670;  alias, 1 drivers
v0x558d6120a0d0_0 .net "pc", 15 0, v0x558d61213060_0;  alias, 1 drivers
v0x558d6120a190_0 .net "reset", 0 0, v0x558d61223d50_0;  alias, 1 drivers
v0x558d6120a280 .array "rom", 0 16, 15 0;
v0x558d6120a340_0 .net "rom_addr", 3 0, L_0x558d61224140;  1 drivers
L_0x558d61224140 .part v0x558d61213060_0, 0, 4;
L_0x558d612241e0 .concat [ 16 16 0 0], v0x558d61213060_0, L_0x70c04a281018;
L_0x558d61234300 .cmp/gt 32, L_0x70c04a281060, L_0x558d612241e0;
L_0x558d61234440 .array/port v0x558d6120a280, L_0x558d612344e0;
L_0x558d612344e0 .concat [ 4 2 0 0], L_0x558d61224140, L_0x70c04a2810a8;
L_0x558d61234670 .functor MUXZ 16, L_0x70c04a2810f0, L_0x558d61234440, L_0x558d61234300, C4<>;
S_0x558d6120a4a0 .scope module, "ir_select" "mux_21" 3 137, 6 1 0, S_0x558d611e3a70;
 .timescale -6 -9;
    .port_info 0 /OUTPUT 16 "O";
    .port_info 1 /INPUT 16 "A";
    .port_info 2 /INPUT 16 "B";
    .port_info 3 /INPUT 1 "sel";
P_0x558d6120a680 .param/l "IN_WIDTH" 0 6 3, +C4<00000000000000000000000000010000>;
P_0x558d6120a6c0 .param/l "OUT_WIDTH" 0 6 4, +C4<00000000000000000000000000010000>;
v0x558d6120a8c0_0 .net "A", 15 0, L_0x558d61234670;  alias, 1 drivers
L_0x70c04a281180 .functor BUFT 1, C4<0111000000000000>, C4<0>, C4<0>, C4<0>;
v0x558d6120a9d0_0 .net "B", 15 0, L_0x70c04a281180;  1 drivers
v0x558d6120aa90_0 .var "O", 15 0;
v0x558d6120ab90_0 .net "sel", 0 0, L_0x558d61234930;  alias, 1 drivers
E_0x558d6120a840 .event anyedge, v0x558d6120ab90_0, v0x558d61209ff0_0, v0x558d6120a9d0_0;
S_0x558d6120ace0 .scope module, "la_sa_lm_sm_block" "load_store_multi_block" 3 388, 17 1 0, S_0x558d611e3a70;
 .timescale -6 -9;
    .port_info 0 /INPUT 128 "reg_data_form_id_128";
    .port_info 1 /INPUT 16 "ir";
    .port_info 2 /INPUT 16 "rf_d2";
    .port_info 3 /INPUT 1 "clk";
    .port_info 4 /OUTPUT 3 "reg_index_la_sa";
    .port_info 5 /OUTPUT 3 "reg_index_lm_sm";
    .port_info 6 /OUTPUT 1 "freeze";
    .port_info 7 /OUTPUT 1 "reg_or_mem_enable";
    .port_info 8 /OUTPUT 1 "nop_mux_select";
    .port_info 9 /OUTPUT 16 "mem_data_for_sa_sm";
P_0x558d6120aec0 .param/l "LA" 0 17 3, C4<1110>;
P_0x558d6120af00 .param/l "LM" 0 17 5, C4<1100>;
P_0x558d6120af40 .param/l "SA" 0 17 4, C4<1111>;
P_0x558d6120af80 .param/l "SM" 0 17 6, C4<1101>;
v0x558d6120b380_0 .net "clk", 0 0, v0x558d61223cb0_0;  alias, 1 drivers
v0x558d6120b440_0 .var "freeze", 0 0;
v0x558d6120b500_0 .var "imm", 7 0;
v0x558d6120b5c0_0 .net "ir", 15 0, v0x558d61204c40_0;  alias, 1 drivers
v0x558d6120b6b0_0 .var "mem_data_for_sa_sm", 15 0;
v0x558d6120b7c0_0 .var "nop_mux_select", 0 0;
v0x558d6120b880_0 .net "reg_data_form_id_128", 127 0, v0x558d612145d0_0;  alias, 1 drivers
v0x558d6120b960_0 .var "reg_index_la_sa", 2 0;
v0x558d6120ba40_0 .var "reg_index_lm_sm", 2 0;
v0x558d6120bb20_0 .var "reg_or_mem_enable", 0 0;
v0x558d6120bbe0_0 .net "rf_d2", 15 0, v0x558d61205020_0;  alias, 1 drivers
E_0x558d6120b2b0 .event anyedge, v0x558d61204c40_0;
E_0x558d6120b310/0 .event anyedge, v0x558d61204c40_0, v0x558d6120b960_0, v0x558d6120b500_0, v0x558d6120b880_0;
E_0x558d6120b310/1 .event anyedge, v0x558d61205020_0;
E_0x558d6120b310 .event/or E_0x558d6120b310/0, E_0x558d6120b310/1;
S_0x558d6120bdc0 .scope module, "mem_wb_pipeline_reg" "MEM2WB_Pipline_Reg" 3 470, 18 2 0, S_0x558d611e3a70;
 .timescale -6 -9;
    .port_info 0 /INPUT 1 "clk";
    .port_info 1 /INPUT 1 "rst";
    .port_info 2 /INPUT 1 "enable";
    .port_info 3 /INPUT 1 "Control_In";
    .port_info 4 /INPUT 3 "Rd_Addr_In_From_Mem";
    .port_info 5 /INPUT 16 "Rd_Data_In_From_Mem";
    .port_info 6 /INPUT 16 "Instr_In";
    .port_info 7 /OUTPUT 1 "Control_Out";
    .port_info 8 /OUTPUT 3 "Rd_Addr_Out_PR";
    .port_info 9 /OUTPUT 16 "Rd_Data_Out_PR";
    .port_info 10 /OUTPUT 16 "Instr_Out";
v0x558d6120c060_0 .net "Control_In", 0 0, L_0x558d61239fe0;  alias, 1 drivers
v0x558d6120c140_0 .var "Control_Out", 0 0;
v0x558d6120c230_0 .net "Instr_In", 15 0, v0x558d61204c40_0;  alias, 1 drivers
v0x558d6120c350_0 .var "Instr_Out", 15 0;
v0x558d6120c3f0_0 .net "Rd_Addr_In_From_Mem", 2 0, v0x558d6120f3d0_0;  alias, 1 drivers
v0x558d6120c520_0 .var "Rd_Addr_Out_PR", 2 0;
v0x558d6120c5e0_0 .net "Rd_Data_In_From_Mem", 15 0, v0x558d612138d0_0;  alias, 1 drivers
v0x558d6120c6a0_0 .var "Rd_Data_Out_PR", 15 0;
v0x558d6120c780_0 .net "clk", 0 0, v0x558d61223cb0_0;  alias, 1 drivers
v0x558d6120c9c0_0 .net "enable", 0 0, L_0x558d6123ad70;  1 drivers
v0x558d6120ca80_0 .net "rst", 0 0, L_0x558d61223eb0;  alias, 1 drivers
S_0x558d6120cca0 .scope module, "mux_a1" "mux_21" 3 188, 6 1 0, S_0x558d611e3a70;
 .timescale -6 -9;
    .port_info 0 /OUTPUT 3 "O";
    .port_info 1 /INPUT 3 "A";
    .port_info 2 /INPUT 3 "B";
    .port_info 3 /INPUT 1 "sel";
P_0x558d61204570 .param/l "IN_WIDTH" 0 6 3, +C4<00000000000000000000000000000011>;
P_0x558d612045b0 .param/l "OUT_WIDTH" 0 6 4, +C4<00000000000000000000000000000011>;
v0x558d6120d0c0_0 .net "A", 2 0, L_0x558d612353e0;  1 drivers
v0x558d6120d1c0_0 .net "B", 2 0, L_0x558d61235480;  1 drivers
v0x558d6120d2a0_0 .var "O", 2 0;
v0x558d6120d390_0 .net "sel", 0 0, v0x558d61206ca0_0;  alias, 1 drivers
E_0x558d6120d040 .event anyedge, v0x558d61206ca0_0, v0x558d6120d0c0_0, v0x558d6120d1c0_0;
S_0x558d6120d4f0 .scope module, "mux_a2" "mux_21" 3 189, 6 1 0, S_0x558d611e3a70;
 .timescale -6 -9;
    .port_info 0 /OUTPUT 3 "O";
    .port_info 1 /INPUT 3 "A";
    .port_info 2 /INPUT 3 "B";
    .port_info 3 /INPUT 1 "sel";
P_0x558d61207920 .param/l "IN_WIDTH" 0 6 3, +C4<00000000000000000000000000000011>;
P_0x558d61207960 .param/l "OUT_WIDTH" 0 6 4, +C4<00000000000000000000000000000011>;
v0x558d6120d8e0_0 .net "A", 2 0, L_0x558d61235580;  1 drivers
v0x558d6120d9e0_0 .net "B", 2 0, L_0x558d61235730;  1 drivers
v0x558d6120dac0_0 .var "O", 2 0;
v0x558d6120dbb0_0 .net "sel", 0 0, v0x558d61206d60_0;  alias, 1 drivers
E_0x558d6120d860 .event anyedge, v0x558d61206d60_0, v0x558d6120d8e0_0, v0x558d6120d9e0_0;
S_0x558d6120dd10 .scope module, "mux_choosing_address" "mux_21" 3 439, 6 1 0, S_0x558d611e3a70;
 .timescale -6 -9;
    .port_info 0 /OUTPUT 16 "O";
    .port_info 1 /INPUT 16 "A";
    .port_info 2 /INPUT 16 "B";
    .port_info 3 /INPUT 1 "sel";
P_0x558d6120d720 .param/l "IN_WIDTH" 0 6 3, +C4<00000000000000000000000000010000>;
P_0x558d6120d760 .param/l "OUT_WIDTH" 0 6 4, +C4<00000000000000000000000000010000>;
v0x558d6120e100_0 .net "A", 15 0, v0x558d61204880_0;  alias, 1 drivers
v0x558d6120e210_0 .net "B", 15 0, v0x558d61204de0_0;  alias, 1 drivers
v0x558d6120e2e0_0 .var "O", 15 0;
v0x558d6120e3b0_0 .net "sel", 0 0, v0x558d6121fd90_0;  1 drivers
E_0x558d6120e080 .event anyedge, v0x558d6120e3b0_0, v0x558d61204880_0, v0x558d61204de0_0;
S_0x558d6120e520 .scope module, "mux_choosing_index" "mux_21" 3 441, 6 1 0, S_0x558d611e3a70;
 .timescale -6 -9;
    .port_info 0 /OUTPUT 3 "O";
    .port_info 1 /INPUT 3 "A";
    .port_info 2 /INPUT 3 "B";
    .port_info 3 /INPUT 1 "sel";
P_0x558d6120df40 .param/l "IN_WIDTH" 0 6 3, +C4<00000000000000000000000000000011>;
P_0x558d6120df80 .param/l "OUT_WIDTH" 0 6 4, +C4<00000000000000000000000000000011>;
v0x558d6120e910_0 .net "A", 2 0, v0x558d6120b960_0;  alias, 1 drivers
v0x558d6120ea20_0 .net "B", 2 0, v0x558d6120ba40_0;  alias, 1 drivers
v0x558d6120eaf0_0 .var "O", 2 0;
v0x558d6120ebc0_0 .net "sel", 0 0, v0x558d6121fe60_0;  1 drivers
E_0x558d6120e890 .event anyedge, v0x558d6120ebc0_0, v0x558d6120b960_0, v0x558d6120ba40_0;
S_0x558d6120ed30 .scope module, "mux_choosing_rd_addr" "mux_21" 3 449, 6 1 0, S_0x558d611e3a70;
 .timescale -6 -9;
    .port_info 0 /OUTPUT 3 "O";
    .port_info 1 /INPUT 3 "A";
    .port_info 2 /INPUT 3 "B";
    .port_info 3 /INPUT 1 "sel";
P_0x558d6120e750 .param/l "IN_WIDTH" 0 6 3, +C4<00000000000000000000000000000011>;
P_0x558d6120e790 .param/l "OUT_WIDTH" 0 6 4, +C4<00000000000000000000000000000011>;
v0x558d6120f190_0 .net "A", 2 0, v0x558d612051c0_0;  alias, 1 drivers
v0x558d6120f2c0_0 .net "B", 2 0, v0x558d6120b960_0;  alias, 1 drivers
v0x558d6120f3d0_0 .var "O", 2 0;
v0x558d6120f470_0 .net "sel", 0 0, v0x558d6121fc20_0;  1 drivers
E_0x558d6120f110 .event anyedge, v0x558d6120f470_0, v0x558d612051c0_0, v0x558d6120b960_0;
S_0x558d6120f5c0 .scope module, "mux_forwardng_data" "mux_21" 3 446, 6 1 0, S_0x558d611e3a70;
 .timescale -6 -9;
    .port_info 0 /OUTPUT 16 "O";
    .port_info 1 /INPUT 16 "A";
    .port_info 2 /INPUT 16 "B";
    .port_info 3 /INPUT 1 "sel";
P_0x558d6120ef60 .param/l "IN_WIDTH" 0 6 3, +C4<00000000000000000000000000010000>;
P_0x558d6120efa0 .param/l "OUT_WIDTH" 0 6 4, +C4<00000000000000000000000000010000>;
v0x558d6120fa20_0 .net "A", 15 0, v0x558d6120c6a0_0;  alias, 1 drivers
v0x558d6120fb30_0 .net "B", 15 0, v0x558d6120b6b0_0;  alias, 1 drivers
v0x558d6120fc00_0 .var "O", 15 0;
v0x558d6120fd00_0 .net "sel", 0 0, v0x558d6121fae0_0;  1 drivers
E_0x558d6120f9a0 .event anyedge, v0x558d6120fd00_0, v0x558d6120c6a0_0, v0x558d6120b6b0_0;
S_0x558d6120fe30 .scope module, "nop_mem_wr_en_mux" "mux_21" 3 215, 6 1 0, S_0x558d611e3a70;
 .timescale -6 -9;
    .port_info 0 /OUTPUT 1 "O";
    .port_info 1 /INPUT 1 "A";
    .port_info 2 /INPUT 1 "B";
    .port_info 3 /INPUT 1 "sel";
P_0x558d6120f7f0 .param/l "IN_WIDTH" 0 6 3, +C4<00000000000000000000000000000001>;
P_0x558d6120f830 .param/l "OUT_WIDTH" 0 6 4, +C4<00000000000000000000000000000001>;
v0x558d61210290_0 .net "A", 0 0, v0x558d61206c00_0;  alias, 1 drivers
L_0x70c04a281258 .functor BUFT 1, C4<0>, C4<0>, C4<0>, C4<0>;
v0x558d612103a0_0 .net "B", 0 0, L_0x70c04a281258;  1 drivers
v0x558d61210460_0 .var "O", 0 0;
v0x558d61210550_0 .net "sel", 0 0, v0x558d612222c0_0;  1 drivers
E_0x558d61210210 .event anyedge, v0x558d61210550_0, v0x558d61206c00_0, v0x558d612103a0_0;
S_0x558d612106c0 .scope module, "nop_rr_wr_en_mux" "mux_21" 3 214, 6 1 0, S_0x558d611e3a70;
 .timescale -6 -9;
    .port_info 0 /OUTPUT 1 "O";
    .port_info 1 /INPUT 1 "A";
    .port_info 2 /INPUT 1 "B";
    .port_info 3 /INPUT 1 "sel";
P_0x558d61210060 .param/l "IN_WIDTH" 0 6 3, +C4<00000000000000000000000000000001>;
P_0x558d612100a0 .param/l "OUT_WIDTH" 0 6 4, +C4<00000000000000000000000000000001>;
v0x558d61210b20_0 .net "A", 0 0, v0x558d61206f50_0;  alias, 1 drivers
L_0x70c04a281210 .functor BUFT 1, C4<0>, C4<0>, C4<0>, C4<0>;
v0x558d61210c30_0 .net "B", 0 0, L_0x70c04a281210;  1 drivers
v0x558d61210cf0_0 .var "O", 0 0;
v0x558d61210de0_0 .net "sel", 0 0, v0x558d612222c0_0;  alias, 1 drivers
E_0x558d61210aa0 .event anyedge, v0x558d61210550_0, v0x558d61206f50_0, v0x558d61210c30_0;
S_0x558d61210f40 .scope module, "pc_data_select" "mux_21" 3 359, 6 1 0, S_0x558d611e3a70;
 .timescale -6 -9;
    .port_info 0 /OUTPUT 16 "O";
    .port_info 1 /INPUT 16 "A";
    .port_info 2 /INPUT 16 "B";
    .port_info 3 /INPUT 1 "sel";
P_0x558d612108f0 .param/l "IN_WIDTH" 0 6 3, +C4<00000000000000000000000000010000>;
P_0x558d61210930 .param/l "OUT_WIDTH" 0 6 4, +C4<00000000000000000000000000010000>;
v0x558d612113a0_0 .net "A", 15 0, v0x558d61215f90_0;  alias, 1 drivers
v0x558d612114a0_0 .net "B", 15 0, v0x558d61217990_0;  alias, 1 drivers
v0x558d61211580_0 .var "O", 15 0;
v0x558d61211680_0 .net "sel", 0 0, v0x558d61217720_0;  alias, 1 drivers
E_0x558d61211320 .event anyedge, v0x558d61211680_0, v0x558d612113a0_0, v0x558d612114a0_0;
S_0x558d612117d0 .scope module, "pc_elect_mux" "mux_41" 3 144, 6 21 0, S_0x558d611e3a70;
 .timescale -6 -9;
    .port_info 0 /OUTPUT 16 "O";
    .port_info 1 /INPUT 16 "A";
    .port_info 2 /INPUT 16 "B";
    .port_info 3 /INPUT 16 "C";
    .port_info 4 /INPUT 16 "D";
    .port_info 5 /INPUT 2 "sel";
P_0x558d61211170 .param/l "IN_WIDTH" 0 6 23, +C4<00000000000000000000000000010000>;
P_0x558d612111b0 .param/l "OUT_WIDTH" 0 6 24, +C4<00000000000000000000000000010000>;
v0x558d61211c80_0 .net "A", 15 0, L_0x558d61234890;  alias, 1 drivers
v0x558d61211d90_0 .net "B", 15 0, v0x558d61220a50_0;  alias, 1 drivers
v0x558d61211e60_0 .net "C", 15 0, v0x558d61220940_0;  alias, 1 drivers
L_0x70c04a2811c8 .functor BUFT 1, C4<0000000000000000>, C4<0>, C4<0>, C4<0>;
v0x558d61211f60_0 .net "D", 15 0, L_0x70c04a2811c8;  1 drivers
v0x558d61212000_0 .var "O", 15 0;
v0x558d61212130_0 .net "sel", 1 0, v0x558d61202a20_0;  alias, 1 drivers
E_0x558d61211bf0/0 .event anyedge, v0x558d61202a20_0, v0x558d61208cd0_0, v0x558d61201560_0, v0x558d612014a0_0;
E_0x558d61211bf0/1 .event anyedge, v0x558d61211f60_0;
E_0x558d61211bf0 .event/or E_0x558d61211bf0/0, E_0x558d61211bf0/1;
S_0x558d612122d0 .scope module, "predictor_mux" "mux_21" 3 160, 6 1 0, S_0x558d611e3a70;
 .timescale -6 -9;
    .port_info 0 /OUTPUT 16 "O";
    .port_info 1 /INPUT 16 "A";
    .port_info 2 /INPUT 16 "B";
    .port_info 3 /INPUT 1 "sel";
P_0x558d61211a00 .param/l "IN_WIDTH" 0 6 3, +C4<00000000000000000000000000010000>;
P_0x558d61211a40 .param/l "OUT_WIDTH" 0 6 4, +C4<00000000000000000000000000010000>;
v0x558d61212720_0 .net "A", 15 0, v0x558d61212000_0;  alias, 1 drivers
v0x558d61212830_0 .net "B", 15 0, v0x558d612013c0_0;  alias, 1 drivers
v0x558d61212900_0 .var "O", 15 0;
v0x558d612129d0_0 .net "sel", 0 0, L_0x558d61234b80;  alias, 1 drivers
E_0x558d61211b10 .event anyedge, v0x558d61208f70_0, v0x558d61212000_0, v0x558d612013c0_0;
S_0x558d61212b30 .scope module, "program_counter" "register_n" 3 131, 9 2 0, S_0x558d611e3a70;
 .timescale -6 -9;
    .port_info 0 /INPUT 16 "in";
    .port_info 1 /INPUT 1 "clk";
    .port_info 2 /INPUT 1 "reset";
    .port_info 3 /INPUT 1 "enable";
    .port_info 4 /OUTPUT 16 "out";
P_0x558d61212d10 .param/l "N" 0 9 3, +C4<00000000000000000000000000010000>;
v0x558d61212de0_0 .net "clk", 0 0, v0x558d61223cb0_0;  alias, 1 drivers
v0x558d61212ea0_0 .net "enable", 0 0, L_0x558d61224030;  alias, 1 drivers
v0x558d61212f60_0 .net "in", 15 0, v0x558d61212900_0;  alias, 1 drivers
v0x558d61213060_0 .var "out", 15 0;
v0x558d61213100_0 .net "reset", 0 0, v0x558d61223d50_0;  alias, 1 drivers
S_0x558d61213290 .scope module, "reg_data_select" "mux_21" 3 455, 6 1 0, S_0x558d611e3a70;
 .timescale -6 -9;
    .port_info 0 /OUTPUT 16 "O";
    .port_info 1 /INPUT 16 "A";
    .port_info 2 /INPUT 16 "B";
    .port_info 3 /INPUT 1 "sel";
P_0x558d61212500 .param/l "IN_WIDTH" 0 6 3, +C4<00000000000000000000000000010000>;
P_0x558d61212540 .param/l "OUT_WIDTH" 0 6 4, +C4<00000000000000000000000000010000>;
v0x558d612136f0_0 .net "A", 15 0, v0x558d61205380_0;  alias, 1 drivers
v0x558d61213800_0 .net "B", 15 0, L_0x558d6123ab40;  alias, 1 drivers
v0x558d612138d0_0 .var "O", 15 0;
v0x558d612139d0_0 .net "sel", 0 0, L_0x558d6123acd0;  1 drivers
E_0x558d61213670 .event anyedge, v0x558d612139d0_0, v0x558d61205380_0, v0x558d61203e40_0;
S_0x558d61213b00 .scope module, "register_file" "register_bank" 3 193, 9 19 0, S_0x558d611e3a70;
 .timescale -6 -9;
    .port_info 0 /INPUT 16 "writeData";
    .port_info 1 /INPUT 16 "pcWriteData";
    .port_info 2 /INPUT 3 "readAddress1";
    .port_info 3 /INPUT 3 "readAddress2";
    .port_info 4 /INPUT 3 "writeAddress";
    .port_info 5 /INPUT 1 "writeEnable";
    .port_info 6 /INPUT 1 "clk";
    .port_info 7 /INPUT 1 "reset";
    .port_info 8 /INPUT 1 "pcWriteEnable";
    .port_info 9 /OUTPUT 16 "readData1";
    .port_info 10 /OUTPUT 16 "readData2";
    .port_info 11 /OUTPUT 128 "readData_R7_to_R0";
v0x558d61213f40_0 .net "clk", 0 0, v0x558d61223cb0_0;  alias, 1 drivers
v0x558d61214000_0 .var/i "i", 31 0;
v0x558d612140e0_0 .net "pcWriteData", 15 0, v0x558d61212900_0;  alias, 1 drivers
v0x558d612141d0_0 .net "pcWriteEnable", 0 0, L_0x558d61224030;  alias, 1 drivers
v0x558d61214270_0 .net "readAddress1", 2 0, v0x558d6120d2a0_0;  alias, 1 drivers
v0x558d61214360_0 .net "readAddress2", 2 0, v0x558d6120dac0_0;  alias, 1 drivers
v0x558d61214430_0 .var "readData1", 15 0;
v0x558d612144f0_0 .var "readData2", 15 0;
v0x558d612145d0_0 .var "readData_R7_to_R0", 127 0;
v0x558d612146c0 .array "registerFile", 7 0, 15 0;
v0x558d61214860_0 .net "reset", 0 0, v0x558d61223d50_0;  alias, 1 drivers
v0x558d61214990_0 .net "writeAddress", 2 0, v0x558d6120c520_0;  alias, 1 drivers
v0x558d61214a50_0 .net "writeData", 15 0, v0x558d6120c6a0_0;  alias, 1 drivers
v0x558d61214b60_0 .net "writeEnable", 0 0, v0x558d6120c140_0;  alias, 1 drivers
v0x558d612146c0_0 .array/port v0x558d612146c0, 0;
v0x558d612146c0_1 .array/port v0x558d612146c0, 1;
v0x558d612146c0_2 .array/port v0x558d612146c0, 2;
E_0x558d61213e80/0 .event anyedge, v0x558d6120d2a0_0, v0x558d612146c0_0, v0x558d612146c0_1, v0x558d612146c0_2;
v0x558d612146c0_3 .array/port v0x558d612146c0, 3;
v0x558d612146c0_4 .array/port v0x558d612146c0, 4;
v0x558d612146c0_5 .array/port v0x558d612146c0, 5;
v0x558d612146c0_6 .array/port v0x558d612146c0, 6;
E_0x558d61213e80/1 .event anyedge, v0x558d612146c0_3, v0x558d612146c0_4, v0x558d612146c0_5, v0x558d612146c0_6;
v0x558d612146c0_7 .array/port v0x558d612146c0, 7;
E_0x558d61213e80/2 .event anyedge, v0x558d612146c0_7, v0x558d6120dac0_0;
E_0x558d61213e80 .event/or E_0x558d61213e80/0, E_0x558d61213e80/1, E_0x558d61213e80/2;
S_0x558d61214e40 .scope module, "rf_d3_addr_select" "mux_41" 3 351, 6 21 0, S_0x558d611e3a70;
 .timescale -6 -9;
    .port_info 0 /OUTPUT 3 "O";
    .port_info 1 /INPUT 3 "A";
    .port_info 2 /INPUT 3 "B";
    .port_info 3 /INPUT 3 "C";
    .port_info 4 /INPUT 3 "D";
    .port_info 5 /INPUT 2 "sel";
P_0x558d61215020 .param/l "IN_WIDTH" 0 6 23, +C4<00000000000000000000000000000011>;
P_0x558d61215060 .param/l "OUT_WIDTH" 0 6 24, +C4<00000000000000000000000000000011>;
v0x558d61215350_0 .net "A", 2 0, L_0x558d61237be0;  1 drivers
v0x558d61215450_0 .net "B", 2 0, L_0x558d61237c80;  1 drivers
v0x558d61215530_0 .net "C", 2 0, L_0x558d61237e40;  1 drivers
L_0x70c04a281378 .functor BUFT 1, C4<000>, C4<0>, C4<0>, C4<0>;
v0x558d612155f0_0 .net "D", 2 0, L_0x70c04a281378;  1 drivers
v0x558d612156d0_0 .var "O", 2 0;
v0x558d612157e0_0 .net "sel", 1 0, L_0x558d61237ee0;  1 drivers
E_0x558d612152c0/0 .event anyedge, v0x558d612157e0_0, v0x558d61215350_0, v0x558d61215450_0, v0x558d61215530_0;
E_0x558d612152c0/1 .event anyedge, v0x558d612155f0_0;
E_0x558d612152c0 .event/or E_0x558d612152c0/0, E_0x558d612152c0/1;
S_0x558d612159a0 .scope module, "rf_d3_data_select" "mux_21" 3 355, 6 1 0, S_0x558d611e3a70;
 .timescale -6 -9;
    .port_info 0 /OUTPUT 16 "O";
    .port_info 1 /INPUT 16 "A";
    .port_info 2 /INPUT 16 "B";
    .port_info 3 /INPUT 1 "sel";
P_0x558d61215100 .param/l "IN_WIDTH" 0 6 3, +C4<00000000000000000000000000010000>;
P_0x558d61215140 .param/l "OUT_WIDTH" 0 6 4, +C4<00000000000000000000000000010000>;
v0x558d61215d80_0 .net "A", 15 0, v0x558d612001a0_0;  alias, 1 drivers
v0x558d61215eb0_0 .net "B", 15 0, L_0x558d612380b0;  alias, 1 drivers
v0x558d61215f90_0 .var "O", 15 0;
v0x558d61216060_0 .net "sel", 0 0, L_0x558d612382e0;  1 drivers
E_0x558d612151e0 .event anyedge, v0x558d61216060_0, v0x558d612001a0_0, v0x558d61215eb0_0;
S_0x558d612161b0 .scope module, "rr_ex_pipe_reg" "RR2EX_Pipline_Reg" 3 230, 19 3 0, S_0x558d611e3a70;
 .timescale -6 -9;
    .port_info 0 /INPUT 1 "clk";
    .port_info 1 /INPUT 1 "rst";
    .port_info 2 /INPUT 1 "enable";
    .port_info 3 /INPUT 3 "RF_A1_In";
    .port_info 4 /INPUT 3 "RF_A2_In";
    .port_info 5 /INPUT 3 "RF_A3_From_WB_In";
    .port_info 6 /INPUT 16 "RF_D3_From_WB_In";
    .port_info 7 /INPUT 1 "RR_Write_En_In";
    .port_info 8 /INPUT 16 "RF_D1_In";
    .port_info 9 /INPUT 16 "RF_D2_In";
    .port_info 10 /OUTPUT 3 "RF_A1_Out";
    .port_info 11 /OUTPUT 3 "RF_A2_Out";
    .port_info 12 /OUTPUT 3 "RF_A3_From_WB_Out";
    .port_info 13 /OUTPUT 16 "RF_D3_From_WB_Out";
    .port_info 14 /OUTPUT 1 "RR_Write_En_Out";
    .port_info 15 /OUTPUT 16 "RF_D1_Out";
    .port_info 16 /OUTPUT 16 "RF_D2_Out";
    .port_info 17 /INPUT 16 "pc_in";
    .port_info 18 /INPUT 16 "pc_next_in";
    .port_info 19 /INPUT 10 "cntrl_in";
    .port_info 20 /INPUT 1 "pc_data_select";
    .port_info 21 /INPUT 16 "instr_in";
    .port_info 22 /INPUT 1 "spec_taken_in";
    .port_info 23 /OUTPUT 16 "pc_out";
    .port_info 24 /OUTPUT 16 "pc_next_out";
    .port_info 25 /OUTPUT 10 "cntrl_out";
    .port_info 26 /OUTPUT 16 "instr_out";
    .port_info 27 /OUTPUT 1 "pc_data_select_out";
    .port_info 28 /OUTPUT 1 "spec_taken_out";
v0x558d61216650_0 .net "RF_A1_In", 2 0, v0x558d6120d2a0_0;  alias, 1 drivers
v0x558d61216780_0 .var "RF_A1_Out", 2 0;
v0x558d61216840_0 .net "RF_A2_In", 2 0, v0x558d6120dac0_0;  alias, 1 drivers
v0x558d61216930_0 .var "RF_A2_Out", 2 0;
v0x558d612169d0_0 .net "RF_A3_From_WB_In", 2 0, v0x558d6120c520_0;  alias, 1 drivers
v0x558d61216ac0_0 .var "RF_A3_From_WB_Out", 2 0;
v0x558d61216b80_0 .net "RF_D1_In", 15 0, v0x558d61214430_0;  alias, 1 drivers
v0x558d61216c50_0 .var "RF_D1_Out", 15 0;
v0x558d61216d10_0 .net "RF_D2_In", 15 0, v0x558d612144f0_0;  alias, 1 drivers
v0x558d61216e00_0 .var "RF_D2_Out", 15 0;
v0x558d61216ec0_0 .net "RF_D3_From_WB_In", 15 0, v0x558d6120c6a0_0;  alias, 1 drivers
v0x558d61216f80_0 .var "RF_D3_From_WB_Out", 15 0;
v0x558d61217060_0 .net "RR_Write_En_In", 0 0, v0x558d6120c140_0;  alias, 1 drivers
v0x558d61217100_0 .var "RR_Write_En_Out", 0 0;
v0x558d612171d0_0 .net "clk", 0 0, v0x558d61223cb0_0;  alias, 1 drivers
v0x558d61217270_0 .net "cntrl_in", 9 0, v0x558d61207a90_0;  alias, 1 drivers
v0x558d61217340_0 .var "cntrl_out", 9 0;
v0x558d61217400_0 .net "enable", 0 0, L_0x558d612357d0;  alias, 1 drivers
v0x558d612174c0_0 .net "instr_in", 15 0, v0x558d61207cf0_0;  alias, 1 drivers
v0x558d612175b0_0 .var "instr_out", 15 0;
v0x558d61217680_0 .net "pc_data_select", 0 0, o0x70c04a2ceba8;  alias, 0 drivers
v0x558d61217720_0 .var "pc_data_select_out", 0 0;
v0x558d612177f0_0 .net "pc_in", 15 0, v0x558d61208240_0;  alias, 1 drivers
v0x558d612178c0_0 .net "pc_next_in", 15 0, v0x558d61208160_0;  alias, 1 drivers
v0x558d61217990_0 .var "pc_next_out", 15 0;
v0x558d61217a60_0 .var "pc_out", 15 0;
v0x558d61217b30_0 .net "rst", 0 0, L_0x558d61235af0;  alias, 1 drivers
v0x558d61217bd0_0 .net "spec_taken_in", 0 0, v0x558d612084a0_0;  alias, 1 drivers
v0x558d61217ca0_0 .var "spec_taken_out", 0 0;
S_0x558d612181d0 .scope module, "rs1_fwd_mux" "mux_41" 3 334, 6 21 0, S_0x558d611e3a70;
 .timescale -6 -9;
    .port_info 0 /OUTPUT 16 "O";
    .port_info 1 /INPUT 16 "A";
    .port_info 2 /INPUT 16 "B";
    .port_info 3 /INPUT 16 "C";
    .port_info 4 /INPUT 16 "D";
    .port_info 5 /INPUT 2 "sel";
P_0x558d61215bd0 .param/l "IN_WIDTH" 0 6 23, +C4<00000000000000000000000000010000>;
P_0x558d61215c10 .param/l "OUT_WIDTH" 0 6 24, +C4<00000000000000000000000000010000>;
v0x558d61218660_0 .net "A", 15 0, v0x558d61216c50_0;  alias, 1 drivers
v0x558d61218770_0 .net "B", 15 0, v0x558d61205380_0;  alias, 1 drivers
v0x558d61218860_0 .net "C", 15 0, v0x558d6120c6a0_0;  alias, 1 drivers
v0x558d61218900_0 .net "D", 15 0, v0x558d61216f80_0;  alias, 1 drivers
v0x558d612189f0_0 .var "O", 15 0;
v0x558d61218ae0_0 .net "sel", 1 0, v0x558d61206290_0;  alias, 1 drivers
E_0x558d612185d0/0 .event anyedge, v0x558d61206290_0, v0x558d61216c50_0, v0x558d61205380_0, v0x558d6120c6a0_0;
E_0x558d612185d0/1 .event anyedge, v0x558d61216f80_0;
E_0x558d612185d0 .event/or E_0x558d612185d0/0, E_0x558d612185d0/1;
S_0x558d61218c80 .scope module, "rs2_fwd_mux" "mux_41" 3 336, 6 21 0, S_0x558d611e3a70;
 .timescale -6 -9;
    .port_info 0 /OUTPUT 16 "O";
    .port_info 1 /INPUT 16 "A";
    .port_info 2 /INPUT 16 "B";
    .port_info 3 /INPUT 16 "C";
    .port_info 4 /INPUT 16 "D";
    .port_info 5 /INPUT 2 "sel";
P_0x558d61218e60 .param/l "IN_WIDTH" 0 6 23, +C4<00000000000000000000000000010000>;
P_0x558d61218ea0 .param/l "OUT_WIDTH" 0 6 24, +C4<00000000000000000000000000010000>;
v0x558d61219180_0 .net "A", 15 0, v0x558d61216e00_0;  alias, 1 drivers
v0x558d61219290_0 .net "B", 15 0, v0x558d61205380_0;  alias, 1 drivers
v0x558d61219330_0 .net "C", 15 0, v0x558d6120c6a0_0;  alias, 1 drivers
v0x558d61219400_0 .net "D", 15 0, v0x558d61216f80_0;  alias, 1 drivers
v0x558d61219510_0 .var "O", 15 0;
v0x558d61219670_0 .net "sel", 1 0, v0x558d612064e0_0;  alias, 1 drivers
E_0x558d612190f0/0 .event anyedge, v0x558d612064e0_0, v0x558d61216e00_0, v0x558d61205380_0, v0x558d6120c6a0_0;
E_0x558d612190f0/1 .event anyedge, v0x558d61216f80_0;
E_0x558d612190f0 .event/or E_0x558d612190f0/0, E_0x558d612190f0/1;
S_0x558d61219810 .scope module, "zero_register" "register_n" 3 265, 9 2 0, S_0x558d611e3a70;
 .timescale -6 -9;
    .port_info 0 /INPUT 1 "in";
    .port_info 1 /INPUT 1 "clk";
    .port_info 2 /INPUT 1 "reset";
    .port_info 3 /INPUT 1 "enable";
    .port_info 4 /OUTPUT 1 "out";
P_0x558d612199f0 .param/l "N" 0 9 3, +C4<00000000000000000000000000000001>;
v0x558d61219a90_0 .net "clk", 0 0, v0x558d61223cb0_0;  alias, 1 drivers
v0x558d61219b50_0 .net "enable", 0 0, L_0x558d61236250;  1 drivers
v0x558d61219c10_0 .net "in", 0 0, v0x558d612238a0_0;  1 drivers
v0x558d61219d00_0 .var "out", 0 0;
v0x558d61219df0_0 .net "reset", 0 0, v0x558d61223d50_0;  alias, 1 drivers
    .scope S_0x558d61212b30;
T_0 ;
    %wait E_0x558d611c2b10;
    %load/vec4 v0x558d61213100_0;
    %flag_set/vec4 8;
    %jmp/0xz  T_0.0, 8;
    %pushi/vec4 0, 0, 16;
    %assign/vec4 v0x558d61213060_0, 0;
    %jmp T_0.1;
T_0.0 ;
    %load/vec4 v0x558d61212ea0_0;
    %flag_set/vec4 8;
    %jmp/0xz  T_0.2, 8;
    %load/vec4 v0x558d61212f60_0;
    %assign/vec4 v0x558d61213060_0, 0;
T_0.2 ;
T_0.1 ;
    %jmp T_0;
    .thread T_0;
    .scope S_0x558d612094c0;
T_1 ;
    %wait E_0x558d611c2b10;
    %load/vec4 v0x558d6120a190_0;
    %cmpi/e 1, 0, 1;
    %jmp/0xz  T_1.0, 4;
    %pushi/vec4 0, 0, 32;
    %store/vec4 v0x558d61209f10_0, 0, 32;
T_1.2 ;
    %load/vec4 v0x558d61209f10_0;
    %cmpi/s 16, 0, 32;
    %jmp/0xz T_1.3, 5;
    %pushi/vec4 28672, 0, 16;
    %ix/getv/s 4, v0x558d61209f10_0;
    %store/vec4a v0x558d6120a280, 4, 0;
    %load/vec4 v0x558d61209f10_0;
    %addi 1, 0, 32;
    %store/vec4 v0x558d61209f10_0, 0, 32;
    %jmp T_1.2;
T_1.3 ;
    %jmp T_1.1;
T_1.0 ;
    %pushi/vec4 4229, 0, 16;
    %ix/load 4, 0, 0;
    %flag_set/imm 4, 0;
    %store/vec4a v0x558d6120a280, 4, 0;
    %pushi/vec4 4362, 0, 16;
    %ix/load 4, 1, 0;
    %flag_set/imm 4, 0;
    %store/vec4a v0x558d6120a280, 4, 0;
    %pushi/vec4 402, 0, 16;
    %ix/load 4, 2, 0;
    %flag_set/imm 4, 0;
    %store/vec4a v0x558d6120a280, 4, 0;
    %pushi/vec4 16768, 0, 16;
    %ix/load 4, 3, 0;
    %flag_set/imm 4, 0;
    %store/vec4a v0x558d6120a280, 4, 0;
    %pushi/vec4 20992, 0, 16;
    %ix/load 4, 4, 0;
    %flag_set/imm 4, 0;
    %store/vec4a v0x558d6120a280, 4, 0;
    %pushi/vec4 1697, 0, 16;
    %ix/load 4, 5, 0;
    %flag_set/imm 4, 0;
    %store/vec4a v0x558d6120a280, 4, 0;
T_1.1 ;
    %jmp T_1;
    .thread T_1;
    .scope S_0x558d6120a4a0;
T_2 ;
    %wait E_0x558d6120a840;
    %load/vec4 v0x558d6120ab90_0;
    %dup/vec4;
    %pushi/vec4 0, 0, 1;
    %cmp/u;
    %jmp/1 T_2.0, 6;
    %dup/vec4;
    %pushi/vec4 1, 0, 1;
    %cmp/u;
    %jmp/1 T_2.1, 6;
    %jmp T_2.2;
T_2.0 ;
    %load/vec4 v0x558d6120a8c0_0;
    %store/vec4 v0x558d6120aa90_0, 0, 16;
    %jmp T_2.2;
T_2.1 ;
    %load/vec4 v0x558d6120a9d0_0;
    %store/vec4 v0x558d6120aa90_0, 0, 16;
    %jmp T_2.2;
T_2.2 ;
    %pop/vec4 1;
    %jmp T_2;
    .thread T_2, $push;
    .scope S_0x558d61202570;
T_3 ;
    %wait E_0x558d612027c0;
    %load/vec4 v0x558d61202940_0;
    %cmpi/e 1, 0, 2;
    %jmp/0xz  T_3.0, 4;
    %pushi/vec4 1, 0, 2;
    %store/vec4 v0x558d61202a20_0, 0, 2;
    %jmp T_3.1;
T_3.0 ;
    %load/vec4 v0x558d61202840_0;
    %cmpi/e 2, 0, 2;
    %jmp/0xz  T_3.2, 4;
    %pushi/vec4 2, 0, 2;
    %store/vec4 v0x558d61202a20_0, 0, 2;
    %jmp T_3.3;
T_3.2 ;
    %pushi/vec4 0, 0, 2;
    %store/vec4 v0x558d61202a20_0, 0, 2;
T_3.3 ;
T_3.1 ;
    %jmp T_3;
    .thread T_3, $push;
    .scope S_0x558d612117d0;
T_4 ;
    %wait E_0x558d61211bf0;
    %load/vec4 v0x558d61212130_0;
    %dup/vec4;
    %pushi/vec4 0, 0, 2;
    %cmp/u;
    %jmp/1 T_4.0, 6;
    %dup/vec4;
    %pushi/vec4 1, 0, 2;
    %cmp/u;
    %jmp/1 T_4.1, 6;
    %dup/vec4;
    %pushi/vec4 2, 0, 2;
    %cmp/u;
    %jmp/1 T_4.2, 6;
    %dup/vec4;
    %pushi/vec4 3, 0, 2;
    %cmp/u;
    %jmp/1 T_4.3, 6;
    %jmp T_4.4;
T_4.0 ;
    %load/vec4 v0x558d61211c80_0;
    %store/vec4 v0x558d61212000_0, 0, 16;
    %jmp T_4.4;
T_4.1 ;
    %load/vec4 v0x558d61211d90_0;
    %store/vec4 v0x558d61212000_0, 0, 16;
    %jmp T_4.4;
T_4.2 ;
    %load/vec4 v0x558d61211e60_0;
    %store/vec4 v0x558d61212000_0, 0, 16;
    %jmp T_4.4;
T_4.3 ;
    %load/vec4 v0x558d61211f60_0;
    %store/vec4 v0x558d61212000_0, 0, 16;
    %jmp T_4.4;
T_4.4 ;
    %pop/vec4 1;
    %jmp T_4;
    .thread T_4, $push;
    .scope S_0x558d61200e90;
T_5 ;
    %pushi/vec4 0, 0, 32;
    %store/vec4 v0x558d61202090_0, 0, 32;
    %pushi/vec4 0, 0, 32;
    %store/vec4 v0x558d61201750_0, 0, 32;
    %pushi/vec4 0, 0, 1;
    %store/vec4 v0x558d61201830_0, 0, 1;
    %end;
    .thread T_5;
    .scope S_0x558d61200e90;
T_6 ;
    %pushi/vec4 0, 0, 32;
    %store/vec4 v0x558d612019b0_0, 0, 32;
T_6.0 ;
    %load/vec4 v0x558d612019b0_0;
    %cmpi/s 8, 0, 32;
    %jmp/0xz T_6.1, 5;
    %pushi/vec4 4294967295, 0, 32;
    %concati/vec4 1, 0, 1;
    %ix/getv/s 4, v0x558d612019b0_0;
    %store/vec4a v0x558d612012e0, 4, 0;
    %load/vec4 v0x558d612019b0_0;
    %addi 1, 0, 32;
    %store/vec4 v0x558d612019b0_0, 0, 32;
    %jmp T_6.0;
T_6.1 ;
    %end;
    .thread T_6;
    .scope S_0x558d61200e90;
T_7 ;
    %wait E_0x558d611f6800;
    %pushi/vec4 0, 0, 1;
    %store/vec4 v0x558d61201b70_0, 0, 1;
    %pushi/vec4 0, 0, 1;
    %store/vec4 v0x558d612018f0_0, 0, 1;
    %pushi/vec4 0, 0, 16;
    %store/vec4 v0x558d612013c0_0, 0, 16;
    %pushi/vec4 0, 0, 32;
    %store/vec4 v0x558d612019b0_0, 0, 32;
T_7.0 ;
    %load/vec4 v0x558d612019b0_0;
    %cmpi/s 8, 0, 32;
    %jmp/0xz T_7.1, 5;
    %ix/getv/s 4, v0x558d612019b0_0;
    %load/vec4a v0x558d612012e0, 4;
    %store/vec4 v0x558d61202310_0, 0, 33;
    %load/vec4 v0x558d61201df0_0;
    %load/vec4 v0x558d61202310_0;
    %parti/s 16, 17, 6;
    %cmp/e;
    %jmp/0xz  T_7.2, 4;
    %load/vec4 v0x558d61202310_0;
    %parti/s 16, 1, 2;
    %store/vec4 v0x558d612013c0_0, 0, 16;
    %load/vec4 v0x558d61202310_0;
    %parti/s 1, 0, 2;
    %store/vec4 v0x558d612018f0_0, 0, 1;
    %pushi/vec4 1, 0, 1;
    %store/vec4 v0x558d61201b70_0, 0, 1;
T_7.2 ;
    %load/vec4 v0x558d612019b0_0;
    %addi 1, 0, 32;
    %store/vec4 v0x558d612019b0_0, 0, 32;
    %jmp T_7.0;
T_7.1 ;
    %jmp T_7;
    .thread T_7, $push;
    .scope S_0x558d61200e90;
T_8 ;
    %wait E_0x558d611c2b10;
    %load/vec4 v0x558d61201c30_0;
    %cmpi/e 8, 0, 4;
    %flag_get/vec4 4;
    %jmp/0 T_8.2, 4;
    %load/vec4 v0x558d61202170_0;
    %pad/u 32;
    %pushi/vec4 1, 0, 32;
    %cmp/e;
    %flag_get/vec4 4;
    %and;
T_8.2;
    %flag_set/vec4 8;
    %jmp/0xz  T_8.0, 8;
    %pushi/vec4 0, 0, 32;
    %store/vec4 v0x558d61201750_0, 0, 32;
    %pushi/vec4 0, 0, 32;
    %store/vec4 v0x558d61201a90_0, 0, 32;
T_8.3 ;
    %load/vec4 v0x558d61201a90_0;
    %cmpi/s 8, 0, 32;
    %jmp/0xz T_8.4, 5;
    %ix/getv/s 4, v0x558d61201a90_0;
    %load/vec4a v0x558d612012e0, 4;
    %store/vec4 v0x558d61202230_0, 0, 33;
    %load/vec4 v0x558d61201ed0_0;
    %load/vec4 v0x558d61202230_0;
    %parti/s 16, 17, 6;
    %cmp/e;
    %jmp/0xz  T_8.5, 4;
    %pushi/vec4 1, 0, 32;
    %store/vec4 v0x558d61201750_0, 0, 32;
    %load/vec4 v0x558d61202230_0;
    %parti/s 32, 1, 2;
    %concati/vec4 1, 0, 1;
    %ix/getv/s 4, v0x558d61201a90_0;
    %store/vec4a v0x558d612012e0, 4, 0;
T_8.5 ;
    %load/vec4 v0x558d61201a90_0;
    %addi 1, 0, 32;
    %store/vec4 v0x558d61201a90_0, 0, 32;
    %jmp T_8.3;
T_8.4 ;
    %load/vec4 v0x558d61201750_0;
    %cmpi/e 0, 0, 32;
    %jmp/0xz  T_8.7, 4;
    %load/vec4 v0x558d61202090_0;
    %cmpi/e 8, 0, 32;
    %jmp/0xz  T_8.9, 4;
    %pushi/vec4 0, 0, 32;
    %store/vec4 v0x558d61202090_0, 0, 32;
    %jmp T_8.10;
T_8.9 ;
    %load/vec4 v0x558d61202090_0;
    %addi 1, 0, 32;
    %store/vec4 v0x558d61202090_0, 0, 32;
T_8.10 ;
    %load/vec4 v0x558d61201ed0_0;
    %load/vec4 v0x558d612014a0_0;
    %concat/vec4; draw_concat_vec4
    %concati/vec4 1, 0, 1;
    %ix/getv/s 4, v0x558d61202090_0;
    %store/vec4a v0x558d612012e0, 4, 0;
T_8.7 ;
    %jmp T_8.1;
T_8.0 ;
    %load/vec4 v0x558d61201c30_0;
    %cmpi/e 8, 0, 4;
    %flag_get/vec4 4;
    %jmp/0 T_8.13, 4;
    %load/vec4 v0x558d61202170_0;
    %pad/u 32;
    %pushi/vec4 0, 0, 32;
    %cmp/e;
    %flag_get/vec4 4;
    %and;
T_8.13;
    %flag_set/vec4 8;
    %jmp/0xz  T_8.11, 8;
    %pushi/vec4 0, 0, 32;
    %store/vec4 v0x558d61201750_0, 0, 32;
    %pushi/vec4 0, 0, 32;
    %store/vec4 v0x558d61201a90_0, 0, 32;
T_8.14 ;
    %load/vec4 v0x558d61201a90_0;
    %cmpi/s 8, 0, 32;
    %jmp/0xz T_8.15, 5;
    %ix/getv/s 4, v0x558d61201a90_0;
    %load/vec4a v0x558d612012e0, 4;
    %store/vec4 v0x558d61202230_0, 0, 33;
    %load/vec4 v0x558d61201ed0_0;
    %load/vec4 v0x558d61202230_0;
    %parti/s 16, 17, 6;
    %cmp/e;
    %jmp/0xz  T_8.16, 4;
    %pushi/vec4 1, 0, 32;
    %store/vec4 v0x558d61201750_0, 0, 32;
    %load/vec4 v0x558d61202230_0;
    %parti/s 32, 1, 2;
    %concati/vec4 0, 0, 1;
    %ix/getv/s 4, v0x558d61201a90_0;
    %store/vec4a v0x558d612012e0, 4, 0;
T_8.16 ;
    %load/vec4 v0x558d61201a90_0;
    %addi 1, 0, 32;
    %store/vec4 v0x558d61201a90_0, 0, 32;
    %jmp T_8.14;
T_8.15 ;
    %jmp T_8.12;
T_8.11 ;
    %load/vec4 v0x558d61201d10_0;
    %cmpi/e 9, 0, 4;
    %jmp/0xz  T_8.18, 4;
    %pushi/vec4 0, 0, 1;
    %store/vec4 v0x558d61201830_0, 0, 1;
    %pushi/vec4 0, 0, 32;
    %store/vec4 v0x558d61201a90_0, 0, 32;
T_8.20 ;
    %load/vec4 v0x558d61201a90_0;
    %cmpi/s 8, 0, 32;
    %jmp/0xz T_8.21, 5;
    %ix/getv/s 4, v0x558d61201a90_0;
    %load/vec4a v0x558d612012e0, 4;
    %store/vec4 v0x558d61202230_0, 0, 33;
    %load/vec4 v0x558d61201fb0_0;
    %load/vec4 v0x558d61202230_0;
    %parti/s 16, 17, 6;
    %cmp/e;
    %jmp/0xz  T_8.22, 4;
    %pushi/vec4 1, 0, 1;
    %store/vec4 v0x558d61201830_0, 0, 1;
T_8.22 ;
    %load/vec4 v0x558d61201a90_0;
    %addi 1, 0, 32;
    %store/vec4 v0x558d61201a90_0, 0, 32;
    %jmp T_8.20;
T_8.21 ;
    %load/vec4 v0x558d61201830_0;
    %pad/u 32;
    %cmpi/e 0, 0, 32;
    %jmp/0xz  T_8.24, 4;
    %load/vec4 v0x558d61202090_0;
    %cmpi/e 8, 0, 32;
    %jmp/0xz  T_8.26, 4;
    %pushi/vec4 0, 0, 32;
    %store/vec4 v0x558d61202090_0, 0, 32;
    %jmp T_8.27;
T_8.26 ;
    %load/vec4 v0x558d61202090_0;
    %addi 1, 0, 32;
    %store/vec4 v0x558d61202090_0, 0, 32;
T_8.27 ;
    %load/vec4 v0x558d61201fb0_0;
    %load/vec4 v0x558d61201560_0;
    %concat/vec4; draw_concat_vec4
    %concati/vec4 1, 0, 1;
    %ix/getv/s 4, v0x558d61202090_0;
    %store/vec4a v0x558d612012e0, 4, 0;
T_8.24 ;
T_8.18 ;
T_8.12 ;
T_8.1 ;
    %jmp T_8;
    .thread T_8;
    .scope S_0x558d612122d0;
T_9 ;
    %wait E_0x558d61211b10;
    %load/vec4 v0x558d612129d0_0;
    %dup/vec4;
    %pushi/vec4 0, 0, 1;
    %cmp/u;
    %jmp/1 T_9.0, 6;
    %dup/vec4;
    %pushi/vec4 1, 0, 1;
    %cmp/u;
    %jmp/1 T_9.1, 6;
    %jmp T_9.2;
T_9.0 ;
    %load/vec4 v0x558d61212720_0;
    %store/vec4 v0x558d61212900_0, 0, 16;
    %jmp T_9.2;
T_9.1 ;
    %load/vec4 v0x558d61212830_0;
    %store/vec4 v0x558d61212900_0, 0, 16;
    %jmp T_9.2;
T_9.2 ;
    %pop/vec4 1;
    %jmp T_9;
    .thread T_9, $push;
    .scope S_0x558d61208740;
T_10 ;
    %wait E_0x558d611c2b10;
    %load/vec4 v0x558d612092a0_0;
    %flag_set/vec4 8;
    %jmp/0xz  T_10.0, 8;
    %pushi/vec4 0, 0, 16;
    %assign/vec4 v0x558d61208e80_0, 0;
    %pushi/vec4 0, 0, 16;
    %assign/vec4 v0x558d61208d70_0, 0;
    %pushi/vec4 0, 0, 16;
    %assign/vec4 v0x558d61208ae0_0, 0;
    %pushi/vec4 0, 0, 1;
    %assign/vec4 v0x558d61209030_0, 0;
    %jmp T_10.1;
T_10.0 ;
    %load/vec4 v0x558d61209200_0;
    %flag_set/vec4 8;
    %jmp/0xz  T_10.2, 8;
    %load/vec4 v0x558d61208f70_0;
    %assign/vec4 v0x558d61209030_0, 0;
    %load/vec4 v0x558d612089e0_0;
    %assign/vec4 v0x558d61208ae0_0, 0;
    %load/vec4 v0x558d61208bd0_0;
    %assign/vec4 v0x558d61208e80_0, 0;
    %load/vec4 v0x558d61208cd0_0;
    %assign/vec4 v0x558d61208d70_0, 0;
T_10.2 ;
T_10.1 ;
    %jmp T_10;
    .thread T_10;
    .scope S_0x558d61206700;
T_11 ;
    %wait E_0x558d612069a0;
    %load/vec4 v0x558d61207260_0;
    %dup/vec4;
    %pushi/vec4 1, 0, 4;
    %cmp/u;
    %jmp/1 T_11.0, 6;
    %dup/vec4;
    %pushi/vec4 0, 0, 4;
    %cmp/u;
    %jmp/1 T_11.1, 6;
    %dup/vec4;
    %pushi/vec4 2, 0, 4;
    %cmp/u;
    %jmp/1 T_11.2, 6;
    %dup/vec4;
    %pushi/vec4 3, 0, 4;
    %cmp/u;
    %jmp/1 T_11.3, 6;
    %dup/vec4;
    %pushi/vec4 4, 0, 4;
    %cmp/u;
    %jmp/1 T_11.4, 6;
    %dup/vec4;
    %pushi/vec4 5, 0, 4;
    %cmp/u;
    %jmp/1 T_11.5, 6;
    %dup/vec4;
    %pushi/vec4 9, 0, 4;
    %cmp/u;
    %jmp/1 T_11.6, 6;
    %dup/vec4;
    %pushi/vec4 10, 0, 4;
    %cmp/u;
    %jmp/1 T_11.7, 6;
    %dup/vec4;
    %pushi/vec4 14, 0, 4;
    %cmp/u;
    %jmp/1 T_11.8, 6;
    %dup/vec4;
    %pushi/vec4 12, 0, 4;
    %cmp/u;
    %jmp/1 T_11.9, 6;
    %dup/vec4;
    %pushi/vec4 15, 0, 4;
    %cmp/u;
    %jmp/1 T_11.10, 6;
    %dup/vec4;
    %pushi/vec4 13, 0, 4;
    %cmp/u;
    %jmp/1 T_11.11, 6;
    %pushi/vec4 0, 0, 1;
    %store/vec4 v0x558d61206ca0_0, 0, 1;
    %pushi/vec4 0, 0, 1;
    %store/vec4 v0x558d61206d60_0, 0, 1;
    %pushi/vec4 2, 0, 2;
    %store/vec4 v0x558d61206e70_0, 0, 2;
    %pushi/vec4 0, 0, 1;
    %store/vec4 v0x558d61206f50_0, 0, 1;
    %pushi/vec4 0, 0, 1;
    %store/vec4 v0x558d61207340_0, 0, 1;
    %pushi/vec4 0, 0, 2;
    %store/vec4 v0x558d61206b20_0, 0, 2;
    %pushi/vec4 0, 0, 2;
    %store/vec4 v0x558d61206a20_0, 0, 2;
    %pushi/vec4 0, 0, 2;
    %store/vec4 v0x558d61207010_0, 0, 2;
    %pushi/vec4 0, 0, 1;
    %store/vec4 v0x558d61206c00_0, 0, 1;
    %jmp T_11.13;
T_11.0 ;
    %pushi/vec4 0, 0, 1;
    %store/vec4 v0x558d61206ca0_0, 0, 1;
    %pushi/vec4 0, 0, 1;
    %store/vec4 v0x558d61206d60_0, 0, 1;
    %pushi/vec4 0, 0, 2;
    %store/vec4 v0x558d61206e70_0, 0, 2;
    %pushi/vec4 1, 0, 1;
    %store/vec4 v0x558d61206f50_0, 0, 1;
    %pushi/vec4 0, 0, 1;
    %store/vec4 v0x558d61207340_0, 0, 1;
    %load/vec4 v0x558d612070f0_0;
    %cmpi/e 3, 0, 2;
    %jmp/0xz  T_11.14, 4;
    %pushi/vec4 2, 0, 2;
    %store/vec4 v0x558d61206b20_0, 0, 2;
    %jmp T_11.15;
T_11.14 ;
    %pushi/vec4 0, 0, 2;
    %store/vec4 v0x558d61206b20_0, 0, 2;
T_11.15 ;
    %pushi/vec4 0, 0, 2;
    %store/vec4 v0x558d61206a20_0, 0, 2;
    %pushi/vec4 0, 0, 2;
    %store/vec4 v0x558d61207010_0, 0, 2;
    %pushi/vec4 0, 0, 1;
    %store/vec4 v0x558d61206c00_0, 0, 1;
    %jmp T_11.13;
T_11.1 ;
    %pushi/vec4 0, 0, 1;
    %store/vec4 v0x558d61206ca0_0, 0, 1;
    %pushi/vec4 1, 0, 1;
    %store/vec4 v0x558d61206d60_0, 0, 1;
    %pushi/vec4 1, 0, 2;
    %store/vec4 v0x558d61206e70_0, 0, 2;
    %pushi/vec4 1, 0, 1;
    %store/vec4 v0x558d61206f50_0, 0, 1;
    %pushi/vec4 0, 0, 1;
    %store/vec4 v0x558d61207340_0, 0, 1;
    %pushi/vec4 1, 0, 2;
    %store/vec4 v0x558d61206b20_0, 0, 2;
    %pushi/vec4 0, 0, 2;
    %store/vec4 v0x558d61206a20_0, 0, 2;
    %pushi/vec4 0, 0, 2;
    %store/vec4 v0x558d61207010_0, 0, 2;
    %pushi/vec4 0, 0, 1;
    %store/vec4 v0x558d61206c00_0, 0, 1;
    %jmp T_11.13;
T_11.2 ;
    %pushi/vec4 0, 0, 1;
    %store/vec4 v0x558d61206ca0_0, 0, 1;
    %pushi/vec4 0, 0, 1;
    %store/vec4 v0x558d61206d60_0, 0, 1;
    %pushi/vec4 0, 0, 2;
    %store/vec4 v0x558d61206e70_0, 0, 2;
    %pushi/vec4 1, 0, 1;
    %store/vec4 v0x558d61206f50_0, 0, 1;
    %pushi/vec4 0, 0, 1;
    %store/vec4 v0x558d61207340_0, 0, 1;
    %pushi/vec4 0, 0, 2;
    %store/vec4 v0x558d61206b20_0, 0, 2;
    %pushi/vec4 1, 0, 2;
    %store/vec4 v0x558d61206a20_0, 0, 2;
    %pushi/vec4 0, 0, 2;
    %store/vec4 v0x558d61207010_0, 0, 2;
    %pushi/vec4 0, 0, 1;
    %store/vec4 v0x558d61206c00_0, 0, 1;
    %jmp T_11.13;
T_11.3 ;
    %pushi/vec4 1, 0, 1;
    %store/vec4 v0x558d61206ca0_0, 0, 1;
    %pushi/vec4 1, 0, 1;
    %store/vec4 v0x558d61206d60_0, 0, 1;
    %pushi/vec4 2, 0, 2;
    %store/vec4 v0x558d61206e70_0, 0, 2;
    %pushi/vec4 1, 0, 1;
    %store/vec4 v0x558d61206f50_0, 0, 1;
    %pushi/vec4 0, 0, 1;
    %store/vec4 v0x558d61207340_0, 0, 1;
    %pushi/vec4 2, 0, 2;
    %store/vec4 v0x558d61206b20_0, 0, 2;
    %pushi/vec4 2, 0, 2;
    %store/vec4 v0x558d61206a20_0, 0, 2;
    %pushi/vec4 2, 0, 2;
    %store/vec4 v0x558d61207010_0, 0, 2;
    %pushi/vec4 0, 0, 1;
    %store/vec4 v0x558d61206c00_0, 0, 1;
    %jmp T_11.13;
T_11.4 ;
    %pushi/vec4 1, 0, 1;
    %store/vec4 v0x558d61206ca0_0, 0, 1;
    %pushi/vec4 1, 0, 1;
    %store/vec4 v0x558d61206d60_0, 0, 1;
    %pushi/vec4 2, 0, 2;
    %store/vec4 v0x558d61206e70_0, 0, 2;
    %pushi/vec4 1, 0, 1;
    %store/vec4 v0x558d61206f50_0, 0, 1;
    %pushi/vec4 0, 0, 1;
    %store/vec4 v0x558d61207340_0, 0, 1;
    %pushi/vec4 1, 0, 2;
    %store/vec4 v0x558d61206b20_0, 0, 2;
    %pushi/vec4 0, 0, 2;
    %store/vec4 v0x558d61206a20_0, 0, 2;
    %pushi/vec4 1, 0, 2;
    %store/vec4 v0x558d61207010_0, 0, 2;
    %pushi/vec4 0, 0, 1;
    %store/vec4 v0x558d61206c00_0, 0, 1;
    %jmp T_11.13;
T_11.5 ;
    %pushi/vec4 1, 0, 1;
    %store/vec4 v0x558d61206ca0_0, 0, 1;
    %pushi/vec4 1, 0, 1;
    %store/vec4 v0x558d61206d60_0, 0, 1;
    %pushi/vec4 0, 0, 2;
    %store/vec4 v0x558d61206e70_0, 0, 2;
    %pushi/vec4 0, 0, 1;
    %store/vec4 v0x558d61206f50_0, 0, 1;
    %pushi/vec4 0, 0, 1;
    %store/vec4 v0x558d61207340_0, 0, 1;
    %pushi/vec4 1, 0, 2;
    %store/vec4 v0x558d61206b20_0, 0, 2;
    %pushi/vec4 0, 0, 2;
    %store/vec4 v0x558d61206a20_0, 0, 2;
    %pushi/vec4 1, 0, 2;
    %store/vec4 v0x558d61207010_0, 0, 2;
    %pushi/vec4 1, 0, 1;
    %store/vec4 v0x558d61206c00_0, 0, 1;
    %jmp T_11.13;
T_11.6 ;
    %pushi/vec4 1, 0, 1;
    %store/vec4 v0x558d61206ca0_0, 0, 1;
    %pushi/vec4 1, 0, 1;
    %store/vec4 v0x558d61206d60_0, 0, 1;
    %pushi/vec4 2, 0, 2;
    %store/vec4 v0x558d61206e70_0, 0, 2;
    %pushi/vec4 1, 0, 1;
    %store/vec4 v0x558d61206f50_0, 0, 1;
    %pushi/vec4 0, 0, 2;
    %store/vec4 v0x558d61206b20_0, 0, 2;
    %pushi/vec4 1, 0, 1;
    %store/vec4 v0x558d61207340_0, 0, 1;
    %pushi/vec4 0, 0, 2;
    %store/vec4 v0x558d61206a20_0, 0, 2;
    %pushi/vec4 0, 0, 2;
    %store/vec4 v0x558d61207010_0, 0, 2;
    %pushi/vec4 0, 0, 1;
    %store/vec4 v0x558d61206c00_0, 0, 1;
    %jmp T_11.13;
T_11.7 ;
    %pushi/vec4 1, 0, 1;
    %store/vec4 v0x558d61206ca0_0, 0, 1;
    %pushi/vec4 0, 0, 1;
    %store/vec4 v0x558d61206d60_0, 0, 1;
    %pushi/vec4 2, 0, 2;
    %store/vec4 v0x558d61206e70_0, 0, 2;
    %pushi/vec4 1, 0, 1;
    %store/vec4 v0x558d61206f50_0, 0, 1;
    %pushi/vec4 0, 0, 2;
    %store/vec4 v0x558d61206b20_0, 0, 2;
    %pushi/vec4 1, 0, 1;
    %store/vec4 v0x558d61207340_0, 0, 1;
    %pushi/vec4 0, 0, 2;
    %store/vec4 v0x558d61206a20_0, 0, 2;
    %pushi/vec4 0, 0, 2;
    %store/vec4 v0x558d61207010_0, 0, 2;
    %pushi/vec4 0, 0, 1;
    %store/vec4 v0x558d61206c00_0, 0, 1;
    %jmp T_11.13;
T_11.8 ;
    %pushi/vec4 0, 0, 1;
    %store/vec4 v0x558d61206ca0_0, 0, 1;
    %pushi/vec4 1, 0, 1;
    %store/vec4 v0x558d61206d60_0, 0, 1;
    %pushi/vec4 2, 0, 2;
    %store/vec4 v0x558d61206e70_0, 0, 2;
    %pushi/vec4 1, 0, 1;
    %store/vec4 v0x558d61206f50_0, 0, 1;
    %pushi/vec4 0, 0, 1;
    %store/vec4 v0x558d61207340_0, 0, 1;
    %pushi/vec4 1, 0, 2;
    %store/vec4 v0x558d61206b20_0, 0, 2;
    %pushi/vec4 0, 0, 2;
    %store/vec4 v0x558d61206a20_0, 0, 2;
    %pushi/vec4 1, 0, 2;
    %store/vec4 v0x558d61207010_0, 0, 2;
    %pushi/vec4 0, 0, 1;
    %store/vec4 v0x558d61206c00_0, 0, 1;
    %jmp T_11.13;
T_11.9 ;
    %pushi/vec4 0, 0, 1;
    %store/vec4 v0x558d61206ca0_0, 0, 1;
    %pushi/vec4 1, 0, 1;
    %store/vec4 v0x558d61206d60_0, 0, 1;
    %pushi/vec4 2, 0, 2;
    %store/vec4 v0x558d61206e70_0, 0, 2;
    %pushi/vec4 1, 0, 1;
    %store/vec4 v0x558d61206f50_0, 0, 1;
    %pushi/vec4 0, 0, 1;
    %store/vec4 v0x558d61207340_0, 0, 1;
    %pushi/vec4 1, 0, 2;
    %store/vec4 v0x558d61206b20_0, 0, 2;
    %pushi/vec4 0, 0, 2;
    %store/vec4 v0x558d61206a20_0, 0, 2;
    %pushi/vec4 1, 0, 2;
    %store/vec4 v0x558d61207010_0, 0, 2;
    %pushi/vec4 0, 0, 1;
    %store/vec4 v0x558d61206c00_0, 0, 1;
    %jmp T_11.13;
T_11.10 ;
    %pushi/vec4 0, 0, 1;
    %store/vec4 v0x558d61206ca0_0, 0, 1;
    %pushi/vec4 1, 0, 1;
    %store/vec4 v0x558d61206d60_0, 0, 1;
    %pushi/vec4 0, 0, 2;
    %store/vec4 v0x558d61206e70_0, 0, 2;
    %pushi/vec4 0, 0, 1;
    %store/vec4 v0x558d61206f50_0, 0, 1;
    %pushi/vec4 0, 0, 1;
    %store/vec4 v0x558d61207340_0, 0, 1;
    %pushi/vec4 1, 0, 2;
    %store/vec4 v0x558d61206b20_0, 0, 2;
    %pushi/vec4 0, 0, 2;
    %store/vec4 v0x558d61206a20_0, 0, 2;
    %pushi/vec4 1, 0, 2;
    %store/vec4 v0x558d61207010_0, 0, 2;
    %pushi/vec4 1, 0, 1;
    %store/vec4 v0x558d61206c00_0, 0, 1;
    %jmp T_11.13;
T_11.11 ;
    %pushi/vec4 0, 0, 1;
    %store/vec4 v0x558d61206ca0_0, 0, 1;
    %pushi/vec4 1, 0, 1;
    %store/vec4 v0x558d61206d60_0, 0, 1;
    %pushi/vec4 0, 0, 2;
    %store/vec4 v0x558d61206e70_0, 0, 2;
    %pushi/vec4 0, 0, 1;
    %store/vec4 v0x558d61206f50_0, 0, 1;
    %pushi/vec4 0, 0, 1;
    %store/vec4 v0x558d61207340_0, 0, 1;
    %pushi/vec4 1, 0, 2;
    %store/vec4 v0x558d61206b20_0, 0, 2;
    %pushi/vec4 0, 0, 2;
    %store/vec4 v0x558d61206a20_0, 0, 2;
    %pushi/vec4 1, 0, 2;
    %store/vec4 v0x558d61207010_0, 0, 2;
    %pushi/vec4 1, 0, 1;
    %store/vec4 v0x558d61206c00_0, 0, 1;
    %jmp T_11.13;
T_11.13 ;
    %pop/vec4 1;
    %jmp T_11;
    .thread T_11, $push;
    .scope S_0x558d6120cca0;
T_12 ;
    %wait E_0x558d6120d040;
    %load/vec4 v0x558d6120d390_0;
    %dup/vec4;
    %pushi/vec4 0, 0, 1;
    %cmp/u;
    %jmp/1 T_12.0, 6;
    %dup/vec4;
    %pushi/vec4 1, 0, 1;
    %cmp/u;
    %jmp/1 T_12.1, 6;
    %jmp T_12.2;
T_12.0 ;
    %load/vec4 v0x558d6120d0c0_0;
    %store/vec4 v0x558d6120d2a0_0, 0, 3;
    %jmp T_12.2;
T_12.1 ;
    %load/vec4 v0x558d6120d1c0_0;
    %store/vec4 v0x558d6120d2a0_0, 0, 3;
    %jmp T_12.2;
T_12.2 ;
    %pop/vec4 1;
    %jmp T_12;
    .thread T_12, $push;
    .scope S_0x558d6120d4f0;
T_13 ;
    %wait E_0x558d6120d860;
    %load/vec4 v0x558d6120dbb0_0;
    %dup/vec4;
    %pushi/vec4 0, 0, 1;
    %cmp/u;
    %jmp/1 T_13.0, 6;
    %dup/vec4;
    %pushi/vec4 1, 0, 1;
    %cmp/u;
    %jmp/1 T_13.1, 6;
    %jmp T_13.2;
T_13.0 ;
    %load/vec4 v0x558d6120d8e0_0;
    %store/vec4 v0x558d6120dac0_0, 0, 3;
    %jmp T_13.2;
T_13.1 ;
    %load/vec4 v0x558d6120d9e0_0;
    %store/vec4 v0x558d6120dac0_0, 0, 3;
    %jmp T_13.2;
T_13.2 ;
    %pop/vec4 1;
    %jmp T_13;
    .thread T_13, $push;
    .scope S_0x558d61213b00;
T_14 ;
    %pushi/vec4 0, 0, 32;
    %store/vec4 v0x558d61214000_0, 0, 32;
    %end;
    .thread T_14;
    .scope S_0x558d61213b00;
T_15 ;
    %pushi/vec4 0, 0, 32;
    %store/vec4 v0x558d61214000_0, 0, 32;
T_15.0 ;
    %load/vec4 v0x558d61214000_0;
    %cmpi/s 8, 0, 32;
    %jmp/0xz T_15.1, 5;
    %pushi/vec4 0, 0, 16;
    %ix/getv/s 4, v0x558d61214000_0;
    %store/vec4a v0x558d612146c0, 4, 0;
    %load/vec4 v0x558d61214000_0;
    %addi 1, 0, 32;
    %store/vec4 v0x558d61214000_0, 0, 32;
    %jmp T_15.0;
T_15.1 ;
    %pushi/vec4 0, 0, 16;
    %store/vec4 v0x558d61214430_0, 0, 16;
    %pushi/vec4 0, 0, 16;
    %store/vec4 v0x558d612144f0_0, 0, 16;
    %pushi/vec4 0, 0, 128;
    %store/vec4 v0x558d612145d0_0, 0, 128;
    %end;
    .thread T_15;
    .scope S_0x558d61213b00;
T_16 ;
    %wait E_0x558d61213e80;
    %load/vec4 v0x558d61214270_0;
    %pad/u 5;
    %ix/vec4 4;
    %load/vec4a v0x558d612146c0, 4;
    %store/vec4 v0x558d61214430_0, 0, 16;
    %load/vec4 v0x558d61214360_0;
    %pad/u 5;
    %ix/vec4 4;
    %load/vec4a v0x558d612146c0, 4;
    %store/vec4 v0x558d612144f0_0, 0, 16;
    %ix/load 4, 7, 0;
    %flag_set/imm 4, 0;
    %load/vec4a v0x558d612146c0, 4;
    %ix/load 4, 6, 0;
    %flag_set/imm 4, 0;
    %load/vec4a v0x558d612146c0, 4;
    %concat/vec4; draw_concat_vec4
    %ix/load 4, 5, 0;
    %flag_set/imm 4, 0;
    %load/vec4a v0x558d612146c0, 4;
    %concat/vec4; draw_concat_vec4
    %ix/load 4, 4, 0;
    %flag_set/imm 4, 0;
    %load/vec4a v0x558d612146c0, 4;
    %concat/vec4; draw_concat_vec4
    %ix/load 4, 3, 0;
    %flag_set/imm 4, 0;
    %load/vec4a v0x558d612146c0, 4;
    %concat/vec4; draw_concat_vec4
    %ix/load 4, 2, 0;
    %flag_set/imm 4, 0;
    %load/vec4a v0x558d612146c0, 4;
    %concat/vec4; draw_concat_vec4
    %ix/load 4, 1, 0;
    %flag_set/imm 4, 0;
    %load/vec4a v0x558d612146c0, 4;
    %concat/vec4; draw_concat_vec4
    %ix/load 4, 0, 0;
    %flag_set/imm 4, 0;
    %load/vec4a v0x558d612146c0, 4;
    %concat/vec4; draw_concat_vec4
    %store/vec4 v0x558d612145d0_0, 0, 128;
    %jmp T_16;
    .thread T_16, $push;
    .scope S_0x558d61213b00;
T_17 ;
    %wait E_0x558d611c2b10;
    %load/vec4 v0x558d61214860_0;
    %flag_set/vec4 8;
    %jmp/0xz  T_17.0, 8;
    %pushi/vec4 0, 0, 32;
    %store/vec4 v0x558d61214000_0, 0, 32;
T_17.2 ;
    %load/vec4 v0x558d61214000_0;
    %cmpi/s 7, 0, 32;
    %jmp/0xz T_17.3, 5;
    %pushi/vec4 0, 0, 16;
    %ix/getv/s 4, v0x558d61214000_0;
    %store/vec4a v0x558d612146c0, 4, 0;
    %load/vec4 v0x558d61214000_0;
    %addi 1, 0, 32;
    %store/vec4 v0x558d61214000_0, 0, 32;
    %jmp T_17.2;
T_17.3 ;
    %pushi/vec4 0, 0, 16;
    %ix/load 4, 7, 0;
    %flag_set/imm 4, 0;
    %store/vec4a v0x558d612146c0, 4, 0;
    %jmp T_17.1;
T_17.0 ;
    %load/vec4 v0x558d61214b60_0;
    %flag_set/vec4 8;
    %jmp/0xz  T_17.4, 8;
    %load/vec4 v0x558d61214990_0;
    %pad/u 32;
    %cmpi/u 7, 0, 32;
    %jmp/0xz  T_17.6, 5;
    %load/vec4 v0x558d61214a50_0;
    %load/vec4 v0x558d61214990_0;
    %pad/u 5;
    %ix/vec4 3;
    %ix/load 4, 0, 0; Constant delay
    %assign/vec4/a/d v0x558d612146c0, 0, 4;
T_17.6 ;
T_17.4 ;
    %load/vec4 v0x558d612141d0_0;
    %flag_set/vec4 8;
    %jmp/0xz  T_17.8, 8;
    %load/vec4 v0x558d612140e0_0;
    %ix/load 3, 7, 0;
    %flag_set/imm 4, 0;
    %ix/load 4, 0, 0; Constant delay
    %assign/vec4/a/d v0x558d612146c0, 0, 4;
T_17.8 ;
T_17.1 ;
    %jmp T_17;
    .thread T_17;
    .scope S_0x558d612106c0;
T_18 ;
    %wait E_0x558d61210aa0;
    %load/vec4 v0x558d61210de0_0;
    %dup/vec4;
    %pushi/vec4 0, 0, 1;
    %cmp/u;
    %jmp/1 T_18.0, 6;
    %dup/vec4;
    %pushi/vec4 1, 0, 1;
    %cmp/u;
    %jmp/1 T_18.1, 6;
    %jmp T_18.2;
T_18.0 ;
    %load/vec4 v0x558d61210b20_0;
    %store/vec4 v0x558d61210cf0_0, 0, 1;
    %jmp T_18.2;
T_18.1 ;
    %load/vec4 v0x558d61210c30_0;
    %store/vec4 v0x558d61210cf0_0, 0, 1;
    %jmp T_18.2;
T_18.2 ;
    %pop/vec4 1;
    %jmp T_18;
    .thread T_18, $push;
    .scope S_0x558d6120fe30;
T_19 ;
    %wait E_0x558d61210210;
    %load/vec4 v0x558d61210550_0;
    %dup/vec4;
    %pushi/vec4 0, 0, 1;
    %cmp/u;
    %jmp/1 T_19.0, 6;
    %dup/vec4;
    %pushi/vec4 1, 0, 1;
    %cmp/u;
    %jmp/1 T_19.1, 6;
    %jmp T_19.2;
T_19.0 ;
    %load/vec4 v0x558d61210290_0;
    %store/vec4 v0x558d61210460_0, 0, 1;
    %jmp T_19.2;
T_19.1 ;
    %load/vec4 v0x558d612103a0_0;
    %store/vec4 v0x558d61210460_0, 0, 1;
    %jmp T_19.2;
T_19.2 ;
    %pop/vec4 1;
    %jmp T_19;
    .thread T_19, $push;
    .scope S_0x558d61207560;
T_20 ;
    %wait E_0x558d611c2b10;
    %load/vec4 v0x558d61208320_0;
    %flag_set/vec4 8;
    %jmp/0xz  T_20.0, 8;
    %pushi/vec4 0, 0, 16;
    %assign/vec4 v0x558d61208240_0, 0;
    %pushi/vec4 0, 0, 16;
    %assign/vec4 v0x558d61208160_0, 0;
    %pushi/vec4 0, 0, 1;
    %assign/vec4 v0x558d61207e90_0, 0;
    %pushi/vec4 0, 0, 16;
    %assign/vec4 v0x558d61207cf0_0, 0;
    %pushi/vec4 0, 0, 1;
    %assign/vec4 v0x558d612084a0_0, 0;
    %pushi/vec4 0, 0, 10;
    %assign/vec4 v0x558d61207a90_0, 0;
    %jmp T_20.1;
T_20.0 ;
    %load/vec4 v0x558d61207b50_0;
    %flag_set/vec4 8;
    %jmp/0xz  T_20.2, 8;
    %load/vec4 v0x558d61207f50_0;
    %assign/vec4 v0x558d61208240_0, 0;
    %load/vec4 v0x558d612080a0_0;
    %assign/vec4 v0x558d61208160_0, 0;
    %load/vec4 v0x558d61207dd0_0;
    %assign/vec4 v0x558d61207e90_0, 0;
    %load/vec4 v0x558d61207c10_0;
    %assign/vec4 v0x558d61207cf0_0, 0;
    %load/vec4 v0x558d612083e0_0;
    %assign/vec4 v0x558d612084a0_0, 0;
    %load/vec4 v0x558d612079b0_0;
    %assign/vec4 v0x558d61207a90_0, 0;
T_20.2 ;
T_20.1 ;
    %jmp T_20;
    .thread T_20;
    .scope S_0x558d612161b0;
T_21 ;
    %wait E_0x558d611c2b10;
    %load/vec4 v0x558d61217b30_0;
    %flag_set/vec4 8;
    %jmp/0xz  T_21.0, 8;
    %pushi/vec4 0, 0, 1;
    %assign/vec4 v0x558d61217ca0_0, 0;
    %pushi/vec4 0, 0, 16;
    %assign/vec4 v0x558d61217a60_0, 0;
    %pushi/vec4 0, 0, 16;
    %assign/vec4 v0x558d61217990_0, 0;
    %pushi/vec4 0, 0, 10;
    %assign/vec4 v0x558d61217340_0, 0;
    %pushi/vec4 0, 0, 16;
    %assign/vec4 v0x558d612175b0_0, 0;
    %pushi/vec4 0, 0, 16;
    %assign/vec4 v0x558d61216c50_0, 0;
    %pushi/vec4 0, 0, 16;
    %assign/vec4 v0x558d61216e00_0, 0;
    %pushi/vec4 0, 0, 3;
    %assign/vec4 v0x558d61216780_0, 0;
    %pushi/vec4 0, 0, 3;
    %assign/vec4 v0x558d61216930_0, 0;
    %pushi/vec4 0, 0, 3;
    %assign/vec4 v0x558d61216ac0_0, 0;
    %pushi/vec4 0, 0, 16;
    %assign/vec4 v0x558d61216f80_0, 0;
    %pushi/vec4 0, 0, 1;
    %assign/vec4 v0x558d61217100_0, 0;
    %pushi/vec4 0, 0, 1;
    %assign/vec4 v0x558d61217720_0, 0;
    %jmp T_21.1;
T_21.0 ;
    %load/vec4 v0x558d61217400_0;
    %flag_set/vec4 8;
    %jmp/0xz  T_21.2, 8;
    %load/vec4 v0x558d61217bd0_0;
    %assign/vec4 v0x558d61217ca0_0, 0;
    %load/vec4 v0x558d61217680_0;
    %assign/vec4 v0x558d61217720_0, 0;
    %load/vec4 v0x558d612177f0_0;
    %assign/vec4 v0x558d61217a60_0, 0;
    %load/vec4 v0x558d612178c0_0;
    %assign/vec4 v0x558d61217990_0, 0;
    %load/vec4 v0x558d61217270_0;
    %assign/vec4 v0x558d61217340_0, 0;
    %load/vec4 v0x558d612174c0_0;
    %assign/vec4 v0x558d612175b0_0, 0;
    %load/vec4 v0x558d61216b80_0;
    %assign/vec4 v0x558d61216c50_0, 0;
    %load/vec4 v0x558d61216d10_0;
    %assign/vec4 v0x558d61216e00_0, 0;
    %load/vec4 v0x558d61216650_0;
    %assign/vec4 v0x558d61216780_0, 0;
    %load/vec4 v0x558d61216840_0;
    %assign/vec4 v0x558d61216930_0, 0;
    %load/vec4 v0x558d612169d0_0;
    %assign/vec4 v0x558d61216ac0_0, 0;
    %load/vec4 v0x558d61216ec0_0;
    %assign/vec4 v0x558d61216f80_0, 0;
    %load/vec4 v0x558d61217060_0;
    %assign/vec4 v0x558d61217100_0, 0;
T_21.2 ;
T_21.1 ;
    %jmp T_21;
    .thread T_21;
    .scope S_0x558d611cc680;
T_22 ;
    %wait E_0x558d611b8ad0;
    %load/vec4 v0x558d611dfe40_0;
    %dup/vec4;
    %pushi/vec4 4, 0, 6;
    %cmp/u;
    %jmp/1 T_22.0, 6;
    %dup/vec4;
    %pushi/vec4 7, 0, 6;
    %cmp/u;
    %jmp/1 T_22.1, 6;
    %dup/vec4;
    %pushi/vec4 0, 0, 6;
    %cmp/u;
    %jmp/1 T_22.2, 6;
    %dup/vec4;
    %pushi/vec4 6, 0, 6;
    %cmp/u;
    %jmp/1 T_22.3, 6;
    %dup/vec4;
    %pushi/vec4 5, 0, 6;
    %cmp/u;
    %jmp/1 T_22.4, 6;
    %dup/vec4;
    %pushi/vec4 8, 0, 6;
    %cmp/u;
    %jmp/1 T_22.5, 6;
    %dup/vec4;
    %pushi/vec4 10, 0, 6;
    %cmp/u;
    %jmp/1 T_22.6, 6;
    %dup/vec4;
    %pushi/vec4 9, 0, 6;
    %cmp/u;
    %jmp/1 T_22.7, 6;
    %pushi/vec4 0, 0, 1;
    %store/vec4 v0x558d611c3f10_0, 0, 1;
    %pushi/vec4 0, 0, 1;
    %store/vec4 v0x558d611ff9d0_0, 0, 1;
    %load/vec4 v0x558d611ff790_0;
    %store/vec4 v0x558d611ff850_0, 0, 1;
    %load/vec4 v0x558d611b9bf0_0;
    %store/vec4 v0x558d611d9050_0, 0, 2;
    %jmp T_22.9;
T_22.0 ;
    %load/vec4 v0x558d611ff790_0;
    %flag_set/vec4 8;
    %jmp/0xz  T_22.10, 8;
    %pushi/vec4 0, 0, 2;
    %store/vec4 v0x558d611d9050_0, 0, 2;
    %pushi/vec4 1, 0, 1;
    %store/vec4 v0x558d611c3f10_0, 0, 1;
    %pushi/vec4 1, 0, 1;
    %store/vec4 v0x558d611ff9d0_0, 0, 1;
    %pushi/vec4 1, 0, 1;
    %store/vec4 v0x558d611ff850_0, 0, 1;
T_22.10 ;
    %jmp T_22.9;
T_22.1 ;
    %load/vec4 v0x558d611ff790_0;
    %flag_set/vec4 8;
    %jmp/0xz  T_22.12, 8;
    %pushi/vec4 0, 0, 2;
    %store/vec4 v0x558d611d9050_0, 0, 2;
    %pushi/vec4 1, 0, 1;
    %store/vec4 v0x558d611c3f10_0, 0, 1;
    %pushi/vec4 1, 0, 1;
    %store/vec4 v0x558d611ff9d0_0, 0, 1;
    %pushi/vec4 1, 0, 1;
    %store/vec4 v0x558d611ff850_0, 0, 1;
T_22.12 ;
    %jmp T_22.9;
T_22.2 ;
    %load/vec4 v0x558d611ff790_0;
    %flag_set/vec4 8;
    %jmp/0xz  T_22.14, 8;
    %pushi/vec4 0, 0, 2;
    %store/vec4 v0x558d611d9050_0, 0, 2;
    %pushi/vec4 1, 0, 1;
    %store/vec4 v0x558d611c3f10_0, 0, 1;
    %pushi/vec4 1, 0, 1;
    %store/vec4 v0x558d611ff9d0_0, 0, 1;
    %pushi/vec4 1, 0, 1;
    %store/vec4 v0x558d611ff850_0, 0, 1;
T_22.14 ;
    %jmp T_22.9;
T_22.3 ;
    %load/vec4 v0x558d611e8490_0;
    %flag_set/vec4 9;
    %flag_get/vec4 9;
    %jmp/0 T_22.18, 9;
    %load/vec4 v0x558d611ff790_0;
    %and;
T_22.18;
    %flag_set/vec4 8;
    %jmp/0xz  T_22.16, 8;
    %pushi/vec4 1, 0, 1;
    %store/vec4 v0x558d611c3f10_0, 0, 1;
    %pushi/vec4 1, 0, 1;
    %store/vec4 v0x558d611ff9d0_0, 0, 1;
    %pushi/vec4 0, 0, 2;
    %store/vec4 v0x558d611d9050_0, 0, 2;
    %pushi/vec4 1, 0, 1;
    %store/vec4 v0x558d611ff850_0, 0, 1;
    %jmp T_22.17;
T_22.16 ;
    %pushi/vec4 0, 0, 1;
    %store/vec4 v0x558d611c3f10_0, 0, 1;
    %pushi/vec4 0, 0, 1;
    %store/vec4 v0x558d611ff9d0_0, 0, 1;
    %pushi/vec4 2, 0, 2;
    %store/vec4 v0x558d611d9050_0, 0, 2;
    %pushi/vec4 0, 0, 1;
    %store/vec4 v0x558d611ff850_0, 0, 1;
T_22.17 ;
    %jmp T_22.9;
T_22.4 ;
    %load/vec4 v0x558d611ff790_0;
    %flag_set/vec4 8;
    %jmp/0xz  T_22.19, 8;
    %load/vec4 v0x558d611ff910_0;
    %flag_set/vec4 8;
    %jmp/0xz  T_22.21, 8;
    %pushi/vec4 1, 0, 1;
    %store/vec4 v0x558d611c3f10_0, 0, 1;
    %pushi/vec4 1, 0, 1;
    %store/vec4 v0x558d611ff9d0_0, 0, 1;
    %pushi/vec4 0, 0, 2;
    %store/vec4 v0x558d611d9050_0, 0, 2;
    %pushi/vec4 1, 0, 1;
    %store/vec4 v0x558d611ff850_0, 0, 1;
    %jmp T_22.22;
T_22.21 ;
    %pushi/vec4 0, 0, 1;
    %store/vec4 v0x558d611c3f10_0, 0, 1;
    %pushi/vec4 0, 0, 1;
    %store/vec4 v0x558d611ff9d0_0, 0, 1;
    %pushi/vec4 2, 0, 2;
    %store/vec4 v0x558d611d9050_0, 0, 2;
    %pushi/vec4 0, 0, 1;
    %store/vec4 v0x558d611ff850_0, 0, 1;
T_22.22 ;
T_22.19 ;
    %jmp T_22.9;
T_22.5 ;
    %load/vec4 v0x558d611ff790_0;
    %flag_set/vec4 8;
    %jmp/0xz  T_22.23, 8;
    %pushi/vec4 1, 0, 2;
    %store/vec4 v0x558d611d9050_0, 0, 2;
    %pushi/vec4 1, 0, 1;
    %store/vec4 v0x558d611ff9d0_0, 0, 1;
    %pushi/vec4 0, 0, 1;
    %store/vec4 v0x558d611c3f10_0, 0, 1;
    %pushi/vec4 1, 0, 1;
    %store/vec4 v0x558d611ff850_0, 0, 1;
T_22.23 ;
    %jmp T_22.9;
T_22.6 ;
    %load/vec4 v0x558d611ff790_0;
    %flag_set/vec4 8;
    %jmp/0xz  T_22.25, 8;
    %load/vec4 v0x558d611e8490_0;
    %flag_set/vec4 8;
    %jmp/0xz  T_22.27, 8;
    %pushi/vec4 0, 0, 1;
    %store/vec4 v0x558d611c3f10_0, 0, 1;
    %pushi/vec4 1, 0, 1;
    %store/vec4 v0x558d611ff9d0_0, 0, 1;
    %pushi/vec4 1, 0, 2;
    %store/vec4 v0x558d611d9050_0, 0, 2;
    %pushi/vec4 1, 0, 1;
    %store/vec4 v0x558d611ff850_0, 0, 1;
    %jmp T_22.28;
T_22.27 ;
    %pushi/vec4 0, 0, 1;
    %store/vec4 v0x558d611c3f10_0, 0, 1;
    %pushi/vec4 0, 0, 1;
    %store/vec4 v0x558d611ff9d0_0, 0, 1;
    %pushi/vec4 2, 0, 2;
    %store/vec4 v0x558d611d9050_0, 0, 2;
    %pushi/vec4 0, 0, 1;
    %store/vec4 v0x558d611ff850_0, 0, 1;
T_22.28 ;
T_22.25 ;
    %jmp T_22.9;
T_22.7 ;
    %load/vec4 v0x558d611ff790_0;
    %flag_set/vec4 8;
    %jmp/0xz  T_22.29, 8;
    %load/vec4 v0x558d611ff910_0;
    %flag_set/vec4 8;
    %jmp/0xz  T_22.31, 8;
    %pushi/vec4 0, 0, 1;
    %store/vec4 v0x558d611c3f10_0, 0, 1;
    %pushi/vec4 1, 0, 1;
    %store/vec4 v0x558d611ff9d0_0, 0, 1;
    %pushi/vec4 1, 0, 2;
    %store/vec4 v0x558d611d9050_0, 0, 2;
    %pushi/vec4 1, 0, 1;
    %store/vec4 v0x558d611ff850_0, 0, 1;
    %jmp T_22.32;
T_22.31 ;
    %pushi/vec4 0, 0, 1;
    %store/vec4 v0x558d611c3f10_0, 0, 1;
    %pushi/vec4 0, 0, 1;
    %store/vec4 v0x558d611ff9d0_0, 0, 1;
    %pushi/vec4 2, 0, 2;
    %store/vec4 v0x558d611d9050_0, 0, 2;
    %pushi/vec4 0, 0, 1;
    %store/vec4 v0x558d611ff850_0, 0, 1;
T_22.32 ;
T_22.29 ;
    %jmp T_22.9;
T_22.9 ;
    %pop/vec4 1;
    %jmp T_22;
    .thread T_22, $push;
    .scope S_0x558d61202b60;
T_23 ;
    %wait E_0x558d611c2b10;
    %load/vec4 v0x558d61203150_0;
    %flag_set/vec4 8;
    %jmp/0xz  T_23.0, 8;
    %pushi/vec4 0, 0, 1;
    %assign/vec4 v0x558d61203080_0, 0;
    %jmp T_23.1;
T_23.0 ;
    %load/vec4 v0x558d61202eb0_0;
    %flag_set/vec4 8;
    %jmp/0xz  T_23.2, 8;
    %load/vec4 v0x558d61202f80_0;
    %assign/vec4 v0x558d61203080_0, 0;
T_23.2 ;
T_23.1 ;
    %jmp T_23;
    .thread T_23;
    .scope S_0x558d61219810;
T_24 ;
    %wait E_0x558d611c2b10;
    %load/vec4 v0x558d61219df0_0;
    %flag_set/vec4 8;
    %jmp/0xz  T_24.0, 8;
    %pushi/vec4 0, 0, 1;
    %assign/vec4 v0x558d61219d00_0, 0;
    %jmp T_24.1;
T_24.0 ;
    %load/vec4 v0x558d61219b50_0;
    %flag_set/vec4 8;
    %jmp/0xz  T_24.2, 8;
    %load/vec4 v0x558d61219c10_0;
    %assign/vec4 v0x558d61219d00_0, 0;
T_24.2 ;
T_24.1 ;
    %jmp T_24;
    .thread T_24;
    .scope S_0x558d612059b0;
T_25 ;
    %wait E_0x558d61203480;
    %pushi/vec4 0, 0, 2;
    %store/vec4 v0x558d61206290_0, 0, 2;
    %pushi/vec4 0, 0, 2;
    %store/vec4 v0x558d612064e0_0, 0, 2;
    %load/vec4 v0x558d612061b0_0;
    %load/vec4 v0x558d61205cb0_0;
    %cmp/e;
    %flag_get/vec4 4;
    %jmp/0 T_25.2, 4;
    %load/vec4 v0x558d61205f70_0;
    %pad/u 32;
    %pushi/vec4 1, 0, 32;
    %cmp/e;
    %flag_get/vec4 4;
    %and;
T_25.2;
    %flag_set/vec4 8;
    %jmp/0xz  T_25.0, 8;
    %pushi/vec4 1, 0, 2;
    %store/vec4 v0x558d61206290_0, 0, 2;
    %jmp T_25.1;
T_25.0 ;
    %load/vec4 v0x558d612061b0_0;
    %load/vec4 v0x558d61205dc0_0;
    %cmp/e;
    %flag_get/vec4 4;
    %jmp/0 T_25.5, 4;
    %load/vec4 v0x558d61206030_0;
    %pad/u 32;
    %pushi/vec4 1, 0, 32;
    %cmp/e;
    %flag_get/vec4 4;
    %and;
T_25.5;
    %flag_set/vec4 8;
    %jmp/0xz  T_25.3, 8;
    %pushi/vec4 2, 0, 2;
    %store/vec4 v0x558d61206290_0, 0, 2;
    %jmp T_25.4;
T_25.3 ;
    %load/vec4 v0x558d612061b0_0;
    %load/vec4 v0x558d61205e80_0;
    %cmp/e;
    %flag_get/vec4 4;
    %jmp/0 T_25.8, 4;
    %load/vec4 v0x558d612060f0_0;
    %pad/u 32;
    %pushi/vec4 1, 0, 32;
    %cmp/e;
    %flag_get/vec4 4;
    %and;
T_25.8;
    %flag_set/vec4 8;
    %jmp/0xz  T_25.6, 8;
    %pushi/vec4 3, 0, 2;
    %store/vec4 v0x558d61206290_0, 0, 2;
T_25.6 ;
T_25.4 ;
T_25.1 ;
    %load/vec4 v0x558d61206370_0;
    %load/vec4 v0x558d61205cb0_0;
    %cmp/e;
    %flag_get/vec4 4;
    %jmp/0 T_25.11, 4;
    %load/vec4 v0x558d61205f70_0;
    %pad/u 32;
    %pushi/vec4 1, 0, 32;
    %cmp/e;
    %flag_get/vec4 4;
    %and;
T_25.11;
    %flag_set/vec4 8;
    %jmp/0xz  T_25.9, 8;
    %pushi/vec4 1, 0, 2;
    %store/vec4 v0x558d612064e0_0, 0, 2;
    %jmp T_25.10;
T_25.9 ;
    %load/vec4 v0x558d61206370_0;
    %load/vec4 v0x558d61205dc0_0;
    %cmp/e;
    %flag_get/vec4 4;
    %jmp/0 T_25.14, 4;
    %load/vec4 v0x558d61206030_0;
    %pad/u 32;
    %pushi/vec4 1, 0, 32;
    %cmp/e;
    %flag_get/vec4 4;
    %and;
T_25.14;
    %flag_set/vec4 8;
    %jmp/0xz  T_25.12, 8;
    %pushi/vec4 2, 0, 2;
    %store/vec4 v0x558d612064e0_0, 0, 2;
    %jmp T_25.13;
T_25.12 ;
    %load/vec4 v0x558d61206370_0;
    %load/vec4 v0x558d61205e80_0;
    %cmp/e;
    %flag_get/vec4 4;
    %jmp/0 T_25.17, 4;
    %load/vec4 v0x558d612060f0_0;
    %pad/u 32;
    %pushi/vec4 1, 0, 32;
    %cmp/e;
    %flag_get/vec4 4;
    %and;
T_25.17;
    %flag_set/vec4 8;
    %jmp/0xz  T_25.15, 8;
    %pushi/vec4 3, 0, 2;
    %store/vec4 v0x558d612064e0_0, 0, 2;
T_25.15 ;
T_25.13 ;
T_25.10 ;
    %jmp T_25;
    .thread T_25, $push;
    .scope S_0x558d612181d0;
T_26 ;
    %wait E_0x558d612185d0;
    %load/vec4 v0x558d61218ae0_0;
    %dup/vec4;
    %pushi/vec4 0, 0, 2;
    %cmp/u;
    %jmp/1 T_26.0, 6;
    %dup/vec4;
    %pushi/vec4 1, 0, 2;
    %cmp/u;
    %jmp/1 T_26.1, 6;
    %dup/vec4;
    %pushi/vec4 2, 0, 2;
    %cmp/u;
    %jmp/1 T_26.2, 6;
    %dup/vec4;
    %pushi/vec4 3, 0, 2;
    %cmp/u;
    %jmp/1 T_26.3, 6;
    %jmp T_26.4;
T_26.0 ;
    %load/vec4 v0x558d61218660_0;
    %store/vec4 v0x558d612189f0_0, 0, 16;
    %jmp T_26.4;
T_26.1 ;
    %load/vec4 v0x558d61218770_0;
    %store/vec4 v0x558d612189f0_0, 0, 16;
    %jmp T_26.4;
T_26.2 ;
    %load/vec4 v0x558d61218860_0;
    %store/vec4 v0x558d612189f0_0, 0, 16;
    %jmp T_26.4;
T_26.3 ;
    %load/vec4 v0x558d61218900_0;
    %store/vec4 v0x558d612189f0_0, 0, 16;
    %jmp T_26.4;
T_26.4 ;
    %pop/vec4 1;
    %jmp T_26;
    .thread T_26, $push;
    .scope S_0x558d61218c80;
T_27 ;
    %wait E_0x558d612190f0;
    %load/vec4 v0x558d61219670_0;
    %dup/vec4;
    %pushi/vec4 0, 0, 2;
    %cmp/u;
    %jmp/1 T_27.0, 6;
    %dup/vec4;
    %pushi/vec4 1, 0, 2;
    %cmp/u;
    %jmp/1 T_27.1, 6;
    %dup/vec4;
    %pushi/vec4 2, 0, 2;
    %cmp/u;
    %jmp/1 T_27.2, 6;
    %dup/vec4;
    %pushi/vec4 3, 0, 2;
    %cmp/u;
    %jmp/1 T_27.3, 6;
    %jmp T_27.4;
T_27.0 ;
    %load/vec4 v0x558d61219180_0;
    %store/vec4 v0x558d61219510_0, 0, 16;
    %jmp T_27.4;
T_27.1 ;
    %load/vec4 v0x558d61219290_0;
    %store/vec4 v0x558d61219510_0, 0, 16;
    %jmp T_27.4;
T_27.2 ;
    %load/vec4 v0x558d61219330_0;
    %store/vec4 v0x558d61219510_0, 0, 16;
    %jmp T_27.4;
T_27.3 ;
    %load/vec4 v0x558d61219400_0;
    %store/vec4 v0x558d61219510_0, 0, 16;
    %jmp T_27.4;
T_27.4 ;
    %pop/vec4 1;
    %jmp T_27;
    .thread T_27, $push;
    .scope S_0x558d61200530;
T_28 ;
    %wait E_0x558d610c2240;
    %load/vec4 v0x558d61200d10_0;
    %dup/vec4;
    %pushi/vec4 0, 0, 2;
    %cmp/u;
    %jmp/1 T_28.0, 6;
    %dup/vec4;
    %pushi/vec4 1, 0, 2;
    %cmp/u;
    %jmp/1 T_28.1, 6;
    %dup/vec4;
    %pushi/vec4 2, 0, 2;
    %cmp/u;
    %jmp/1 T_28.2, 6;
    %dup/vec4;
    %pushi/vec4 3, 0, 2;
    %cmp/u;
    %jmp/1 T_28.3, 6;
    %jmp T_28.4;
T_28.0 ;
    %load/vec4 v0x558d61200880_0;
    %store/vec4 v0x558d61200c00_0, 0, 16;
    %jmp T_28.4;
T_28.1 ;
    %load/vec4 v0x558d61200980_0;
    %store/vec4 v0x558d61200c00_0, 0, 16;
    %jmp T_28.4;
T_28.2 ;
    %load/vec4 v0x558d61200a60_0;
    %store/vec4 v0x558d61200c00_0, 0, 16;
    %jmp T_28.4;
T_28.3 ;
    %load/vec4 v0x558d61200b20_0;
    %store/vec4 v0x558d61200c00_0, 0, 16;
    %jmp T_28.4;
T_28.4 ;
    %pop/vec4 1;
    %jmp T_28;
    .thread T_28, $push;
    .scope S_0x558d611ffbb0;
T_29 ;
    %pushi/vec4 0, 0, 1;
    %store/vec4 v0x558d612003b0_0, 0, 1;
    %pushi/vec4 0, 0, 1;
    %store/vec4 v0x558d612000e0_0, 0, 1;
    %pushi/vec4 0, 0, 16;
    %store/vec4 v0x558d612001a0_0, 0, 16;
    %end;
    .thread T_29;
    .scope S_0x558d611ffbb0;
T_30 ;
    %wait E_0x558d611c8830;
    %load/vec4 v0x558d611fff80_0;
    %dup/vec4;
    %pushi/vec4 0, 0, 2;
    %cmp/u;
    %jmp/1 T_30.0, 6;
    %dup/vec4;
    %pushi/vec4 1, 0, 2;
    %cmp/u;
    %jmp/1 T_30.1, 6;
    %pushi/vec4 0, 0, 16;
    %store/vec4 v0x558d612001a0_0, 0, 16;
    %jmp T_30.3;
T_30.0 ;
    %pushi/vec4 0, 0, 1;
    %load/vec4 v0x558d611ffe80_0;
    %concat/vec4; draw_concat_vec4
    %pushi/vec4 0, 0, 1;
    %load/vec4 v0x558d61200040_0;
    %concat/vec4; draw_concat_vec4
    %add;
    %store/vec4 v0x558d612002d0_0, 0, 17;
    %jmp T_30.3;
T_30.1 ;
    %load/vec4 v0x558d611ffe80_0;
    %load/vec4 v0x558d61200040_0;
    %and;
    %inv;
    %store/vec4 v0x558d612001a0_0, 0, 16;
    %jmp T_30.3;
T_30.3 ;
    %pop/vec4 1;
    %load/vec4 v0x558d611fff80_0;
    %cmpi/e 0, 0, 2;
    %flag_mov 8, 4;
    %jmp/0 T_30.4, 8;
    %load/vec4 v0x558d612002d0_0;
    %parti/s 16, 0, 2;
    %jmp/1 T_30.5, 8;
T_30.4 ; End of true expr.
    %load/vec4 v0x558d612001a0_0;
    %jmp/0 T_30.5, 8;
 ; End of false expr.
    %blend;
T_30.5;
    %store/vec4 v0x558d612001a0_0, 0, 16;
    %load/vec4 v0x558d611fff80_0;
    %cmpi/e 0, 0, 2;
    %jmp/1 T_30.8, 4;
    %flag_mov 8, 4;
    %load/vec4 v0x558d611fff80_0;
    %cmpi/e 1, 0, 2;
    %flag_or 4, 8;
T_30.8;
    %jmp/0xz  T_30.6, 4;
    %load/vec4 v0x558d612001a0_0;
    %pad/u 32;
    %cmpi/e 0, 0, 32;
    %flag_mov 8, 4;
    %jmp/0 T_30.9, 8;
    %pushi/vec4 1, 0, 1;
    %jmp/1 T_30.10, 8;
T_30.9 ; End of true expr.
    %pushi/vec4 0, 0, 1;
    %jmp/0 T_30.10, 8;
 ; End of false expr.
    %blend;
T_30.10;
    %store/vec4 v0x558d612003b0_0, 0, 1;
    %load/vec4 v0x558d611ffe80_0;
    %parti/s 1, 15, 5;
    %load/vec4 v0x558d61200040_0;
    %parti/s 1, 15, 5;
    %xor;
    %inv;
    %flag_set/vec4 9;
    %flag_get/vec4 9;
    %jmp/0 T_30.13, 9;
    %load/vec4 v0x558d612002d0_0;
    %parti/s 1, 15, 5;
    %load/vec4 v0x558d611ffe80_0;
    %parti/s 1, 15, 5;
    %xor;
    %and;
T_30.13;
    %flag_set/vec4 8;
    %jmp/0 T_30.11, 8;
    %pushi/vec4 1, 0, 1;
    %jmp/1 T_30.12, 8;
T_30.11 ; End of true expr.
    %pushi/vec4 0, 0, 1;
    %jmp/0 T_30.12, 8;
 ; End of false expr.
    %blend;
T_30.12;
    %store/vec4 v0x558d612000e0_0, 0, 1;
    %jmp T_30.7;
T_30.6 ;
    %pushi/vec4 0, 0, 1;
    %store/vec4 v0x558d612003b0_0, 0, 1;
    %pushi/vec4 0, 0, 1;
    %store/vec4 v0x558d612000e0_0, 0, 1;
T_30.7 ;
    %jmp T_30;
    .thread T_30, $push;
    .scope S_0x558d61214e40;
T_31 ;
    %wait E_0x558d612152c0;
    %load/vec4 v0x558d612157e0_0;
    %dup/vec4;
    %pushi/vec4 0, 0, 2;
    %cmp/u;
    %jmp/1 T_31.0, 6;
    %dup/vec4;
    %pushi/vec4 1, 0, 2;
    %cmp/u;
    %jmp/1 T_31.1, 6;
    %dup/vec4;
    %pushi/vec4 2, 0, 2;
    %cmp/u;
    %jmp/1 T_31.2, 6;
    %dup/vec4;
    %pushi/vec4 3, 0, 2;
    %cmp/u;
    %jmp/1 T_31.3, 6;
    %jmp T_31.4;
T_31.0 ;
    %load/vec4 v0x558d61215350_0;
    %store/vec4 v0x558d612156d0_0, 0, 3;
    %jmp T_31.4;
T_31.1 ;
    %load/vec4 v0x558d61215450_0;
    %store/vec4 v0x558d612156d0_0, 0, 3;
    %jmp T_31.4;
T_31.2 ;
    %load/vec4 v0x558d61215530_0;
    %store/vec4 v0x558d612156d0_0, 0, 3;
    %jmp T_31.4;
T_31.3 ;
    %load/vec4 v0x558d612155f0_0;
    %store/vec4 v0x558d612156d0_0, 0, 3;
    %jmp T_31.4;
T_31.4 ;
    %pop/vec4 1;
    %jmp T_31;
    .thread T_31, $push;
    .scope S_0x558d612159a0;
T_32 ;
    %wait E_0x558d612151e0;
    %load/vec4 v0x558d61216060_0;
    %dup/vec4;
    %pushi/vec4 0, 0, 1;
    %cmp/u;
    %jmp/1 T_32.0, 6;
    %dup/vec4;
    %pushi/vec4 1, 0, 1;
    %cmp/u;
    %jmp/1 T_32.1, 6;
    %jmp T_32.2;
T_32.0 ;
    %load/vec4 v0x558d61215d80_0;
    %store/vec4 v0x558d61215f90_0, 0, 16;
    %jmp T_32.2;
T_32.1 ;
    %load/vec4 v0x558d61215eb0_0;
    %store/vec4 v0x558d61215f90_0, 0, 16;
    %jmp T_32.2;
T_32.2 ;
    %pop/vec4 1;
    %jmp T_32;
    .thread T_32, $push;
    .scope S_0x558d61210f40;
T_33 ;
    %wait E_0x558d61211320;
    %load/vec4 v0x558d61211680_0;
    %dup/vec4;
    %pushi/vec4 0, 0, 1;
    %cmp/u;
    %jmp/1 T_33.0, 6;
    %dup/vec4;
    %pushi/vec4 1, 0, 1;
    %cmp/u;
    %jmp/1 T_33.1, 6;
    %jmp T_33.2;
T_33.0 ;
    %load/vec4 v0x558d612113a0_0;
    %store/vec4 v0x558d61211580_0, 0, 16;
    %jmp T_33.2;
T_33.1 ;
    %load/vec4 v0x558d612114a0_0;
    %store/vec4 v0x558d61211580_0, 0, 16;
    %jmp T_33.2;
T_33.2 ;
    %pop/vec4 1;
    %jmp T_33;
    .thread T_33, $push;
    .scope S_0x558d612043e0;
T_34 ;
    %wait E_0x558d611c2b10;
    %load/vec4 v0x558d612055c0_0;
    %flag_set/vec4 8;
    %jmp/0xz  T_34.0, 8;
    %pushi/vec4 0, 0, 3;
    %assign/vec4 v0x558d61204a30_0, 0;
    %pushi/vec4 0, 0, 16;
    %assign/vec4 v0x558d61204c40_0, 0;
    %pushi/vec4 0, 0, 16;
    %assign/vec4 v0x558d61204880_0, 0;
    %pushi/vec4 0, 0, 16;
    %assign/vec4 v0x558d61204de0_0, 0;
    %pushi/vec4 0, 0, 16;
    %assign/vec4 v0x558d61205020_0, 0;
    %pushi/vec4 0, 0, 3;
    %assign/vec4 v0x558d612051c0_0, 0;
    %pushi/vec4 0, 0, 16;
    %assign/vec4 v0x558d61205380_0, 0;
    %jmp T_34.1;
T_34.0 ;
    %load/vec4 v0x558d61205500_0;
    %flag_set/vec4 8;
    %jmp/0xz  T_34.2, 8;
    %load/vec4 v0x558d61204940_0;
    %assign/vec4 v0x558d61204a30_0, 0;
    %load/vec4 v0x558d61204b10_0;
    %assign/vec4 v0x558d61204c40_0, 0;
    %load/vec4 v0x558d612047a0_0;
    %assign/vec4 v0x558d61204880_0, 0;
    %load/vec4 v0x558d61204d20_0;
    %assign/vec4 v0x558d61204de0_0, 0;
    %load/vec4 v0x558d61204ea0_0;
    %assign/vec4 v0x558d61205020_0, 0;
    %load/vec4 v0x558d612050e0_0;
    %assign/vec4 v0x558d612051c0_0, 0;
    %load/vec4 v0x558d612052a0_0;
    %assign/vec4 v0x558d61205380_0, 0;
T_34.2 ;
T_34.1 ;
    %jmp T_34;
    .thread T_34;
    .scope S_0x558d6120ace0;
T_35 ;
    %pushi/vec4 0, 0, 3;
    %store/vec4 v0x558d6120b960_0, 0, 3;
    %pushi/vec4 0, 0, 3;
    %store/vec4 v0x558d6120ba40_0, 0, 3;
    %pushi/vec4 1, 0, 1;
    %store/vec4 v0x558d6120b440_0, 0, 1;
    %pushi/vec4 0, 0, 1;
    %store/vec4 v0x558d6120bb20_0, 0, 1;
    %pushi/vec4 0, 0, 16;
    %store/vec4 v0x558d6120b6b0_0, 0, 16;
    %pushi/vec4 0, 0, 1;
    %store/vec4 v0x558d6120b7c0_0, 0, 1;
    %end;
    .thread T_35;
    .scope S_0x558d6120ace0;
T_36 ;
    %wait E_0x558d6120b310;
    %load/vec4 v0x558d6120b5c0_0;
    %parti/s 8, 0, 2;
    %store/vec4 v0x558d6120b500_0, 0, 8;
    %load/vec4 v0x558d6120b960_0;
    %pad/u 32;
    %cmpi/u 0, 0, 32;
    %flag_inv 5; GE is !LT
    %flag_get/vec4 5;
    %jmp/0 T_36.3, 5;
    %load/vec4 v0x558d6120b960_0;
    %pad/u 32;
    %cmpi/u 5, 0, 32;
    %flag_get/vec4 4;
    %flag_get/vec4 5;
    %or;
    %and;
T_36.3;
    %flag_set/vec4 9;
    %flag_get/vec4 9;
    %jmp/0 T_36.2, 9;
    %load/vec4 v0x558d6120b5c0_0;
    %parti/s 4, 12, 5;
    %cmpi/e 14, 0, 4;
    %jmp/1 T_36.6, 4;
    %flag_mov 9, 4;
    %load/vec4 v0x558d6120b5c0_0;
    %parti/s 4, 12, 5;
    %cmpi/e 15, 0, 4;
    %flag_or 4, 9;
T_36.6;
    %jmp/1 T_36.5, 4;
    %flag_mov 9, 4;
    %load/vec4 v0x558d6120b5c0_0;
    %parti/s 4, 12, 5;
    %cmpi/e 12, 0, 4;
    %flag_or 4, 9;
T_36.5;
    %flag_get/vec4 4;
    %jmp/1 T_36.4, 4;
    %load/vec4 v0x558d6120b5c0_0;
    %parti/s 4, 12, 5;
    %pushi/vec4 13, 0, 4;
    %cmp/e;
    %flag_get/vec4 4;
    %or;
T_36.4;
    %and;
T_36.2;
    %flag_set/vec4 8;
    %jmp/0xz  T_36.0, 8;
    %pushi/vec4 0, 0, 1;
    %store/vec4 v0x558d6120b440_0, 0, 1;
    %jmp T_36.1;
T_36.0 ;
    %pushi/vec4 1, 0, 1;
    %store/vec4 v0x558d6120b440_0, 0, 1;
T_36.1 ;
    %load/vec4 v0x558d6120b500_0;
    %pushi/vec4 7, 0, 32;
    %load/vec4 v0x558d6120b960_0;
    %pad/u 32;
    %sub;
    %part/u 1;
    %cmpi/e 1, 0, 1;
    %jmp/0xz  T_36.7, 4;
    %pushi/vec4 1, 0, 1;
    %store/vec4 v0x558d6120bb20_0, 0, 1;
    %jmp T_36.8;
T_36.7 ;
    %pushi/vec4 0, 0, 1;
    %store/vec4 v0x558d6120bb20_0, 0, 1;
T_36.8 ;
    %load/vec4 v0x558d6120b5c0_0;
    %parti/s 4, 12, 5;
    %cmpi/e 15, 0, 4;
    %jmp/1 T_36.11, 4;
    %flag_mov 8, 4;
    %load/vec4 v0x558d6120b5c0_0;
    %parti/s 4, 12, 5;
    %cmpi/e 13, 0, 4;
    %flag_or 4, 8;
T_36.11;
    %jmp/0xz  T_36.9, 4;
    %load/vec4 v0x558d6120b960_0;
    %pad/u 32;
    %cmpi/e 0, 0, 32;
    %jmp/0xz  T_36.12, 4;
    %load/vec4 v0x558d6120b880_0;
    %parti/s 16, 0, 2;
    %store/vec4 v0x558d6120b6b0_0, 0, 16;
    %jmp T_36.13;
T_36.12 ;
    %load/vec4 v0x558d6120b960_0;
    %pad/u 32;
    %cmpi/e 1, 0, 32;
    %jmp/0xz  T_36.14, 4;
    %load/vec4 v0x558d6120b880_0;
    %parti/s 16, 16, 6;
    %store/vec4 v0x558d6120b6b0_0, 0, 16;
    %jmp T_36.15;
T_36.14 ;
    %load/vec4 v0x558d6120b960_0;
    %pad/u 32;
    %cmpi/e 2, 0, 32;
    %jmp/0xz  T_36.16, 4;
    %load/vec4 v0x558d6120b880_0;
    %parti/s 16, 32, 7;
    %store/vec4 v0x558d6120b6b0_0, 0, 16;
    %jmp T_36.17;
T_36.16 ;
    %load/vec4 v0x558d6120b960_0;
    %pad/u 32;
    %cmpi/e 3, 0, 32;
    %jmp/0xz  T_36.18, 4;
    %load/vec4 v0x558d6120b880_0;
    %parti/s 16, 48, 7;
    %store/vec4 v0x558d6120b6b0_0, 0, 16;
    %jmp T_36.19;
T_36.18 ;
    %load/vec4 v0x558d6120b960_0;
    %pad/u 32;
    %cmpi/e 4, 0, 32;
    %jmp/0xz  T_36.20, 4;
    %load/vec4 v0x558d6120b880_0;
    %parti/s 16, 64, 8;
    %store/vec4 v0x558d6120b6b0_0, 0, 16;
    %jmp T_36.21;
T_36.20 ;
    %load/vec4 v0x558d6120b960_0;
    %pad/u 32;
    %cmpi/e 5, 0, 32;
    %jmp/0xz  T_36.22, 4;
    %load/vec4 v0x558d6120b880_0;
    %parti/s 16, 80, 8;
    %store/vec4 v0x558d6120b6b0_0, 0, 16;
    %jmp T_36.23;
T_36.22 ;
    %load/vec4 v0x558d6120b960_0;
    %pad/u 32;
    %cmpi/e 6, 0, 32;
    %jmp/0xz  T_36.24, 4;
    %load/vec4 v0x558d6120b880_0;
    %parti/s 16, 96, 8;
    %store/vec4 v0x558d6120b6b0_0, 0, 16;
T_36.24 ;
T_36.23 ;
T_36.21 ;
T_36.19 ;
T_36.17 ;
T_36.15 ;
T_36.13 ;
    %jmp T_36.10;
T_36.9 ;
    %load/vec4 v0x558d6120bbe0_0;
    %store/vec4 v0x558d6120b6b0_0, 0, 16;
T_36.10 ;
    %jmp T_36;
    .thread T_36, $push;
    .scope S_0x558d6120ace0;
T_37 ;
    %wait E_0x558d6120b2b0;
    %load/vec4 v0x558d6120b5c0_0;
    %parti/s 4, 12, 5;
    %cmpi/e 14, 0, 4;
    %jmp/1 T_37.4, 4;
    %flag_mov 8, 4;
    %load/vec4 v0x558d6120b5c0_0;
    %parti/s 4, 12, 5;
    %cmpi/e 15, 0, 4;
    %flag_or 4, 8;
T_37.4;
    %jmp/1 T_37.3, 4;
    %flag_mov 8, 4;
    %load/vec4 v0x558d6120b5c0_0;
    %parti/s 4, 12, 5;
    %cmpi/e 12, 0, 4;
    %flag_or 4, 8;
T_37.3;
    %jmp/1 T_37.2, 4;
    %flag_mov 8, 4;
    %load/vec4 v0x558d6120b5c0_0;
    %parti/s 4, 12, 5;
    %cmpi/e 13, 0, 4;
    %flag_or 4, 8;
T_37.2;
    %jmp/0xz  T_37.0, 4;
    %pushi/vec4 1, 0, 1;
    %store/vec4 v0x558d6120b7c0_0, 0, 1;
    %jmp T_37.1;
T_37.0 ;
    %pushi/vec4 0, 0, 1;
    %store/vec4 v0x558d6120b7c0_0, 0, 1;
T_37.1 ;
    %jmp T_37;
    .thread T_37, $push;
    .scope S_0x558d6120ace0;
T_38 ;
    %wait E_0x558d611c2b10;
    %load/vec4 v0x558d6120b5c0_0;
    %parti/s 8, 0, 2;
    %store/vec4 v0x558d6120b500_0, 0, 8;
    %load/vec4 v0x558d6120b960_0;
    %pad/u 32;
    %cmpi/u 6, 0, 32;
    %flag_inv 5; GE is !LT
    %jmp/0xz  T_38.0, 5;
    %pushi/vec4 0, 0, 3;
    %store/vec4 v0x558d6120b960_0, 0, 3;
    %pushi/vec4 0, 0, 3;
    %store/vec4 v0x558d6120ba40_0, 0, 3;
    %jmp T_38.1;
T_38.0 ;
    %load/vec4 v0x558d6120b5c0_0;
    %parti/s 4, 12, 5;
    %cmpi/e 14, 0, 4;
    %jmp/1 T_38.4, 4;
    %flag_mov 8, 4;
    %load/vec4 v0x558d6120b5c0_0;
    %parti/s 4, 12, 5;
    %cmpi/e 15, 0, 4;
    %flag_or 4, 8;
T_38.4;
    %jmp/0xz  T_38.2, 4;
    %load/vec4 v0x558d6120b960_0;
    %addi 1, 0, 3;
    %store/vec4 v0x558d6120b960_0, 0, 3;
    %jmp T_38.3;
T_38.2 ;
    %load/vec4 v0x558d6120b5c0_0;
    %parti/s 4, 12, 5;
    %cmpi/e 12, 0, 4;
    %jmp/1 T_38.7, 4;
    %flag_mov 8, 4;
    %load/vec4 v0x558d6120b5c0_0;
    %parti/s 4, 12, 5;
    %cmpi/e 13, 0, 4;
    %flag_or 4, 8;
T_38.7;
    %jmp/0xz  T_38.5, 4;
    %load/vec4 v0x558d6120b500_0;
    %pushi/vec4 7, 0, 32;
    %load/vec4 v0x558d6120b960_0;
    %pad/u 32;
    %sub;
    %part/u 1;
    %cmpi/e 1, 0, 1;
    %jmp/0xz  T_38.8, 4;
    %load/vec4 v0x558d6120ba40_0;
    %addi 1, 0, 3;
    %store/vec4 v0x558d6120ba40_0, 0, 3;
T_38.8 ;
    %load/vec4 v0x558d6120b960_0;
    %addi 1, 0, 3;
    %store/vec4 v0x558d6120b960_0, 0, 3;
T_38.5 ;
T_38.3 ;
T_38.1 ;
    %jmp T_38;
    .thread T_38;
    .scope S_0x558d6120dd10;
T_39 ;
    %wait E_0x558d6120e080;
    %load/vec4 v0x558d6120e3b0_0;
    %dup/vec4;
    %pushi/vec4 0, 0, 1;
    %cmp/u;
    %jmp/1 T_39.0, 6;
    %dup/vec4;
    %pushi/vec4 1, 0, 1;
    %cmp/u;
    %jmp/1 T_39.1, 6;
    %jmp T_39.2;
T_39.0 ;
    %load/vec4 v0x558d6120e100_0;
    %store/vec4 v0x558d6120e2e0_0, 0, 16;
    %jmp T_39.2;
T_39.1 ;
    %load/vec4 v0x558d6120e210_0;
    %store/vec4 v0x558d6120e2e0_0, 0, 16;
    %jmp T_39.2;
T_39.2 ;
    %pop/vec4 1;
    %jmp T_39;
    .thread T_39, $push;
    .scope S_0x558d6120e520;
T_40 ;
    %wait E_0x558d6120e890;
    %load/vec4 v0x558d6120ebc0_0;
    %dup/vec4;
    %pushi/vec4 0, 0, 1;
    %cmp/u;
    %jmp/1 T_40.0, 6;
    %dup/vec4;
    %pushi/vec4 1, 0, 1;
    %cmp/u;
    %jmp/1 T_40.1, 6;
    %jmp T_40.2;
T_40.0 ;
    %load/vec4 v0x558d6120e910_0;
    %store/vec4 v0x558d6120eaf0_0, 0, 3;
    %jmp T_40.2;
T_40.1 ;
    %load/vec4 v0x558d6120ea20_0;
    %store/vec4 v0x558d6120eaf0_0, 0, 3;
    %jmp T_40.2;
T_40.2 ;
    %pop/vec4 1;
    %jmp T_40;
    .thread T_40, $push;
    .scope S_0x558d6120f5c0;
T_41 ;
    %wait E_0x558d6120f9a0;
    %load/vec4 v0x558d6120fd00_0;
    %dup/vec4;
    %pushi/vec4 0, 0, 1;
    %cmp/u;
    %jmp/1 T_41.0, 6;
    %dup/vec4;
    %pushi/vec4 1, 0, 1;
    %cmp/u;
    %jmp/1 T_41.1, 6;
    %jmp T_41.2;
T_41.0 ;
    %load/vec4 v0x558d6120fa20_0;
    %store/vec4 v0x558d6120fc00_0, 0, 16;
    %jmp T_41.2;
T_41.1 ;
    %load/vec4 v0x558d6120fb30_0;
    %store/vec4 v0x558d6120fc00_0, 0, 16;
    %jmp T_41.2;
T_41.2 ;
    %pop/vec4 1;
    %jmp T_41;
    .thread T_41, $push;
    .scope S_0x558d6120ed30;
T_42 ;
    %wait E_0x558d6120f110;
    %load/vec4 v0x558d6120f470_0;
    %dup/vec4;
    %pushi/vec4 0, 0, 1;
    %cmp/u;
    %jmp/1 T_42.0, 6;
    %dup/vec4;
    %pushi/vec4 1, 0, 1;
    %cmp/u;
    %jmp/1 T_42.1, 6;
    %jmp T_42.2;
T_42.0 ;
    %load/vec4 v0x558d6120f190_0;
    %store/vec4 v0x558d6120f3d0_0, 0, 3;
    %jmp T_42.2;
T_42.1 ;
    %load/vec4 v0x558d6120f2c0_0;
    %store/vec4 v0x558d6120f3d0_0, 0, 3;
    %jmp T_42.2;
T_42.2 ;
    %pop/vec4 1;
    %jmp T_42;
    .thread T_42, $push;
    .scope S_0x558d612032a0;
T_43 ;
    %pushi/vec4 0, 0, 32;
    %store/vec4 v0x558d61203bc0_0, 0, 32;
T_43.0 ;
    %load/vec4 v0x558d61203bc0_0;
    %cmpi/s 4096, 0, 32;
    %jmp/0xz T_43.1, 5;
    %pushi/vec4 0, 0, 16;
    %ix/getv/s 3, v0x558d61203bc0_0;
    %ix/load 4, 0, 0; Constant delay
    %assign/vec4/a/d v0x558d612040c0, 0, 4;
    %load/vec4 v0x558d61203bc0_0;
    %addi 1, 0, 32;
    %store/vec4 v0x558d61203bc0_0, 0, 32;
    %jmp T_43.0;
T_43.1 ;
    %pushi/vec4 1, 0, 1;
    %store/vec4 v0x558d61203d80_0, 0, 1;
    %end;
    .thread T_43;
    .scope S_0x558d612032a0;
T_44 ;
    %wait E_0x558d611c2b10;
    %load/vec4 v0x558d61204000_0;
    %flag_set/vec4 9;
    %flag_get/vec4 9;
    %jmp/0 T_44.2, 9;
    %load/vec4 v0x558d61204260_0;
    %inv;
    %and;
T_44.2;
    %flag_set/vec4 8;
    %jmp/0xz  T_44.0, 8;
    %load/vec4 v0x558d61203f20_0;
    %load/vec4 v0x558d61204180_0;
    %pad/u 14;
    %ix/vec4 3;
    %ix/load 4, 0, 0; Constant delay
    %assign/vec4/a/d v0x558d612040c0, 0, 4;
T_44.0 ;
    %load/vec4 v0x558d61204260_0;
    %flag_set/vec4 8;
    %jmp/0xz  T_44.3, 8;
    %pushi/vec4 0, 0, 32;
    %store/vec4 v0x558d61203bc0_0, 0, 32;
T_44.5 ;
    %load/vec4 v0x558d61203bc0_0;
    %cmpi/s 4096, 0, 32;
    %jmp/0xz T_44.6, 5;
    %pushi/vec4 0, 0, 16;
    %ix/getv/s 3, v0x558d61203bc0_0;
    %ix/load 4, 0, 0; Constant delay
    %assign/vec4/a/d v0x558d612040c0, 0, 4;
    %load/vec4 v0x558d61203bc0_0;
    %addi 1, 0, 32;
    %store/vec4 v0x558d61203bc0_0, 0, 32;
    %jmp T_44.5;
T_44.6 ;
T_44.3 ;
    %jmp T_44;
    .thread T_44;
    .scope S_0x558d61213290;
T_45 ;
    %wait E_0x558d61213670;
    %load/vec4 v0x558d612139d0_0;
    %dup/vec4;
    %pushi/vec4 0, 0, 1;
    %cmp/u;
    %jmp/1 T_45.0, 6;
    %dup/vec4;
    %pushi/vec4 1, 0, 1;
    %cmp/u;
    %jmp/1 T_45.1, 6;
    %jmp T_45.2;
T_45.0 ;
    %load/vec4 v0x558d612136f0_0;
    %store/vec4 v0x558d612138d0_0, 0, 16;
    %jmp T_45.2;
T_45.1 ;
    %load/vec4 v0x558d61213800_0;
    %store/vec4 v0x558d612138d0_0, 0, 16;
    %jmp T_45.2;
T_45.2 ;
    %pop/vec4 1;
    %jmp T_45;
    .thread T_45, $push;
    .scope S_0x558d6120bdc0;
T_46 ;
    %wait E_0x558d611c2b10;
    %load/vec4 v0x558d6120ca80_0;
    %flag_set/vec4 8;
    %jmp/0xz  T_46.0, 8;
    %pushi/vec4 0, 0, 1;
    %assign/vec4 v0x558d6120c140_0, 0;
    %pushi/vec4 0, 0, 16;
    %assign/vec4 v0x558d6120c350_0, 0;
    %pushi/vec4 0, 0, 3;
    %assign/vec4 v0x558d6120c520_0, 0;
    %pushi/vec4 0, 0, 16;
    %assign/vec4 v0x558d6120c6a0_0, 0;
    %jmp T_46.1;
T_46.0 ;
    %load/vec4 v0x558d6120c9c0_0;
    %flag_set/vec4 8;
    %jmp/0xz  T_46.2, 8;
    %load/vec4 v0x558d6120c060_0;
    %assign/vec4 v0x558d6120c140_0, 0;
    %load/vec4 v0x558d6120c230_0;
    %assign/vec4 v0x558d6120c350_0, 0;
    %load/vec4 v0x558d6120c3f0_0;
    %assign/vec4 v0x558d6120c520_0, 0;
    %load/vec4 v0x558d6120c5e0_0;
    %assign/vec4 v0x558d6120c6a0_0, 0;
T_46.2 ;
T_46.1 ;
    %jmp T_46;
    .thread T_46;
    .scope S_0x558d611e3a70;
T_47 ;
    %pushi/vec4 0, 0, 1;
    %store/vec4 v0x558d612202e0_0, 0, 1;
    %pushi/vec4 0, 0, 2;
    %store/vec4 v0x558d61220510_0, 0, 2;
    %pushi/vec4 0, 0, 1;
    %store/vec4 v0x558d61220240_0, 0, 1;
    %pushi/vec4 0, 0, 1;
    %store/vec4 v0x558d612222c0_0, 0, 1;
    %pushi/vec4 0, 0, 2;
    %store/vec4 v0x558d61220420_0, 0, 2;
    %pushi/vec4 0, 0, 1;
    %store/vec4 v0x558d61223b70_0, 0, 1;
    %pushi/vec4 0, 0, 1;
    %store/vec4 v0x558d61223940_0, 0, 1;
    %pushi/vec4 0, 0, 2;
    %store/vec4 v0x558d6121e170_0, 0, 2;
    %pushi/vec4 31, 0, 5;
    %store/vec4 v0x558d6121e800_0, 0, 5;
    %pushi/vec4 0, 0, 1;
    %store/vec4 v0x558d61220000_0, 0, 1;
    %end;
    .thread T_47;
    .scope S_0x558d611e3a70;
T_48 ;
    %wait E_0x558d611c6520;
    %load/vec4 v0x558d6121ef40_0;
    %parti/s 4, 12, 5;
    %cmpi/e 9, 0, 4;
    %flag_get/vec4 4;
    %jmp/0 T_48.2, 4;
    %load/vec4 v0x558d61223580_0;
    %pad/u 32;
    %pushi/vec4 0, 0, 32;
    %cmp/e;
    %flag_get/vec4 4;
    %and;
T_48.2;
    %flag_set/vec4 8;
    %jmp/0xz  T_48.0, 8;
    %pushi/vec4 1, 0, 1;
    %store/vec4 v0x558d612202e0_0, 0, 1;
    %pushi/vec4 1, 0, 2;
    %store/vec4 v0x558d61220510_0, 0, 2;
    %load/vec4 v0x558d61220770_0;
    %load/vec4 v0x558d6121ef40_0;
    %parti/s 1, 8, 5;
    %replicate 7;
    %load/vec4 v0x558d6121ef40_0;
    %parti/s 9, 0, 2;
    %concat/vec4; draw_concat_vec4
    %add;
    %store/vec4 v0x558d61220a50_0, 0, 16;
    %jmp T_48.1;
T_48.0 ;
    %pushi/vec4 0, 0, 1;
    %store/vec4 v0x558d612202e0_0, 0, 1;
    %pushi/vec4 0, 0, 2;
    %store/vec4 v0x558d61220510_0, 0, 2;
    %pushi/vec4 0, 0, 16;
    %store/vec4 v0x558d61220a50_0, 0, 16;
T_48.1 ;
    %jmp T_48;
    .thread T_48, $push;
    .scope S_0x558d611e3a70;
T_49 ;
    %wait E_0x558d611c4360;
    %load/vec4 v0x558d61223c10_0;
    %flag_set/vec4 8;
    %jmp/0xz  T_49.0, 8;
    %load/vec4 v0x558d612239e0_0;
    %assign/vec4 v0x558d612238a0_0, 0;
    %jmp T_49.1;
T_49.0 ;
    %load/vec4 v0x558d61223b70_0;
    %flag_set/vec4 8;
    %jmp/0xz  T_49.2, 8;
    %load/vec4 v0x558d61223940_0;
    %assign/vec4 v0x558d612238a0_0, 0;
T_49.2 ;
T_49.1 ;
    %jmp T_49;
    .thread T_49, $push;
    .scope S_0x558d611e3a70;
T_50 ;
    %wait E_0x558d6108dcf0;
    %load/vec4 v0x558d6121f170_0;
    %parti/s 4, 12, 5;
    %cmpi/e 8, 0, 4;
    %jmp/0xz  T_50.0, 4;
    %load/vec4 v0x558d6121e530_0;
    %pad/u 32;
    %cmpi/e 0, 0, 32;
    %flag_get/vec4 4;
    %jmp/0 T_50.4, 4;
    %load/vec4 v0x558d61223670_0;
    %pad/u 32;
    %pushi/vec4 1, 0, 32;
    %cmp/e;
    %flag_get/vec4 4;
    %and;
T_50.4;
    %flag_set/vec4 8;
    %jmp/0xz  T_50.2, 8;
    %pushi/vec4 1, 0, 1;
    %store/vec4 v0x558d61220240_0, 0, 1;
    %pushi/vec4 1, 0, 1;
    %store/vec4 v0x558d612222c0_0, 0, 1;
    %pushi/vec4 2, 0, 2;
    %store/vec4 v0x558d61220420_0, 0, 2;
    %load/vec4 v0x558d61221820_0;
    %addi 1, 0, 16;
    %store/vec4 v0x558d61220940_0, 0, 16;
    %jmp T_50.3;
T_50.2 ;
    %load/vec4 v0x558d6121e530_0;
    %pad/u 32;
    %cmpi/e 1, 0, 32;
    %flag_get/vec4 4;
    %jmp/0 T_50.7, 4;
    %load/vec4 v0x558d61223670_0;
    %pad/u 32;
    %pushi/vec4 0, 0, 32;
    %cmp/e;
    %flag_get/vec4 4;
    %and;
T_50.7;
    %flag_set/vec4 8;
    %jmp/0xz  T_50.5, 8;
    %pushi/vec4 1, 0, 1;
    %store/vec4 v0x558d61220240_0, 0, 1;
    %pushi/vec4 1, 0, 1;
    %store/vec4 v0x558d612222c0_0, 0, 1;
    %pushi/vec4 2, 0, 2;
    %store/vec4 v0x558d61220420_0, 0, 2;
    %load/vec4 v0x558d61220380_0;
    %store/vec4 v0x558d61220940_0, 0, 16;
    %jmp T_50.6;
T_50.5 ;
    %pushi/vec4 0, 0, 1;
    %store/vec4 v0x558d61220240_0, 0, 1;
    %pushi/vec4 0, 0, 1;
    %store/vec4 v0x558d612222c0_0, 0, 1;
    %pushi/vec4 0, 0, 2;
    %store/vec4 v0x558d61220420_0, 0, 2;
    %pushi/vec4 0, 0, 16;
    %store/vec4 v0x558d61220940_0, 0, 16;
T_50.6 ;
T_50.3 ;
    %jmp T_50.1;
T_50.0 ;
    %load/vec4 v0x558d6121f170_0;
    %parti/s 4, 12, 5;
    %cmpi/e 10, 0, 4;
    %jmp/0xz  T_50.8, 4;
    %pushi/vec4 1, 0, 1;
    %store/vec4 v0x558d61220240_0, 0, 1;
    %pushi/vec4 1, 0, 1;
    %store/vec4 v0x558d612222c0_0, 0, 1;
    %pushi/vec4 2, 0, 2;
    %store/vec4 v0x558d61220420_0, 0, 2;
    %load/vec4 v0x558d61222800_0;
    %store/vec4 v0x558d61220940_0, 0, 16;
    %jmp T_50.9;
T_50.8 ;
    %load/vec4 v0x558d6121f170_0;
    %parti/s 4, 12, 5;
    %cmpi/e 11, 0, 4;
    %jmp/0xz  T_50.10, 4;
    %pushi/vec4 1, 0, 1;
    %store/vec4 v0x558d61220240_0, 0, 1;
    %pushi/vec4 1, 0, 1;
    %store/vec4 v0x558d612222c0_0, 0, 1;
    %pushi/vec4 2, 0, 2;
    %store/vec4 v0x558d61220420_0, 0, 2;
    %load/vec4 v0x558d6121d460_0;
    %load/vec4 v0x558d6121f170_0;
    %parti/s 1, 8, 5;
    %replicate 7;
    %load/vec4 v0x558d6121f170_0;
    %parti/s 9, 0, 2;
    %concat/vec4; draw_concat_vec4
    %add;
    %store/vec4 v0x558d61220940_0, 0, 16;
    %jmp T_50.11;
T_50.10 ;
    %pushi/vec4 0, 0, 1;
    %store/vec4 v0x558d61220240_0, 0, 1;
    %pushi/vec4 0, 0, 1;
    %store/vec4 v0x558d612222c0_0, 0, 1;
    %pushi/vec4 0, 0, 2;
    %store/vec4 v0x558d61220420_0, 0, 2;
    %pushi/vec4 0, 0, 16;
    %store/vec4 v0x558d61220940_0, 0, 16;
T_50.11 ;
T_50.9 ;
T_50.1 ;
    %jmp T_50;
    .thread T_50, $push;
    .scope S_0x558d611e3a70;
T_51 ;
    %wait E_0x558d6115c380;
    %load/vec4 v0x558d6121f030_0;
    %parti/s 4, 12, 5;
    %cmpi/e 12, 0, 4;
    %jmp/1 T_51.2, 4;
    %flag_mov 8, 4;
    %load/vec4 v0x558d6121f030_0;
    %parti/s 4, 12, 5;
    %cmpi/e 13, 0, 4;
    %flag_or 4, 8;
T_51.2;
    %jmp/0xz  T_51.0, 4;
    %pushi/vec4 1, 0, 1;
    %store/vec4 v0x558d6121fe60_0, 0, 1;
    %jmp T_51.1;
T_51.0 ;
    %pushi/vec4 0, 0, 1;
    %store/vec4 v0x558d6121fe60_0, 0, 1;
T_51.1 ;
    %load/vec4 v0x558d6121f030_0;
    %parti/s 4, 12, 5;
    %cmpi/e 14, 0, 4;
    %jmp/1 T_51.7, 4;
    %flag_mov 8, 4;
    %load/vec4 v0x558d6121f030_0;
    %parti/s 4, 12, 5;
    %cmpi/e 15, 0, 4;
    %flag_or 4, 8;
T_51.7;
    %jmp/1 T_51.6, 4;
    %flag_mov 8, 4;
    %load/vec4 v0x558d6121f030_0;
    %parti/s 4, 12, 5;
    %cmpi/e 12, 0, 4;
    %flag_or 4, 8;
T_51.6;
    %jmp/1 T_51.5, 4;
    %flag_mov 8, 4;
    %load/vec4 v0x558d6121f030_0;
    %parti/s 4, 12, 5;
    %cmpi/e 13, 0, 4;
    %flag_or 4, 8;
T_51.5;
    %jmp/0xz  T_51.3, 4;
    %pushi/vec4 1, 0, 1;
    %store/vec4 v0x558d6121fd90_0, 0, 1;
    %jmp T_51.4;
T_51.3 ;
    %pushi/vec4 0, 0, 1;
    %store/vec4 v0x558d6121fd90_0, 0, 1;
T_51.4 ;
    %load/vec4 v0x558d6121f030_0;
    %parti/s 4, 12, 5;
    %cmpi/e 14, 0, 4;
    %jmp/1 T_51.10, 4;
    %flag_mov 8, 4;
    %load/vec4 v0x558d6121f030_0;
    %parti/s 4, 12, 5;
    %cmpi/e 12, 0, 4;
    %flag_or 4, 8;
T_51.10;
    %jmp/0xz  T_51.8, 4;
    %pushi/vec4 1, 0, 1;
    %store/vec4 v0x558d6121fc20_0, 0, 1;
    %jmp T_51.9;
T_51.8 ;
    %pushi/vec4 0, 0, 1;
    %store/vec4 v0x558d6121fc20_0, 0, 1;
T_51.9 ;
    %load/vec4 v0x558d6121f260_0;
    %load/vec4 v0x558d61221b50_0;
    %cmp/e;
    %flag_get/vec4 4;
    %jmp/0 T_51.13, 4;
    %load/vec4 v0x558d61222450_0;
    %and;
T_51.13;
    %flag_set/vec4 8;
    %jmp/0xz  T_51.11, 8;
    %pushi/vec4 0, 0, 1;
    %store/vec4 v0x558d6121fae0_0, 0, 1;
    %jmp T_51.12;
T_51.11 ;
    %pushi/vec4 1, 0, 1;
    %store/vec4 v0x558d6121fae0_0, 0, 1;
T_51.12 ;
    %load/vec4 v0x558d6121f030_0;
    %parti/s 4, 12, 5;
    %cmpi/e 13, 0, 4;
    %jmp/0xz  T_51.14, 4;
    %pushi/vec4 1, 0, 1;
    %store/vec4 v0x558d6121fb80_0, 0, 1;
    %jmp T_51.15;
T_51.14 ;
    %pushi/vec4 0, 0, 1;
    %store/vec4 v0x558d6121fb80_0, 0, 1;
T_51.15 ;
    %load/vec4 v0x558d6121f030_0;
    %parti/s 4, 12, 5;
    %cmpi/e 12, 0, 4;
    %jmp/0xz  T_51.16, 4;
    %pushi/vec4 1, 0, 1;
    %store/vec4 v0x558d6121fcf0_0, 0, 1;
    %jmp T_51.17;
T_51.16 ;
    %pushi/vec4 0, 0, 1;
    %store/vec4 v0x558d6121fcf0_0, 0, 1;
T_51.17 ;
    %jmp T_51;
    .thread T_51, $push;
    .scope S_0x558d611e3a70;
T_52 ;
    %wait E_0x558d6115c4e0;
    %load/vec4 v0x558d6121f030_0;
    %parti/s 4, 12, 5;
    %cmpi/e 4, 0, 4;
    %flag_get/vec4 4;
    %jmp/0 T_52.2, 4;
    %load/vec4 v0x558d61222030_0;
    %pushi/vec4 0, 0, 16;
    %cmp/e;
    %flag_get/vec4 4;
    %and;
T_52.2;
    %flag_set/vec4 8;
    %jmp/0xz  T_52.0, 8;
    %pushi/vec4 1, 0, 1;
    %store/vec4 v0x558d61223b70_0, 0, 1;
    %pushi/vec4 1, 0, 1;
    %store/vec4 v0x558d61223940_0, 0, 1;
    %jmp T_52.1;
T_52.0 ;
    %pushi/vec4 0, 0, 1;
    %store/vec4 v0x558d61223b70_0, 0, 1;
    %pushi/vec4 0, 0, 1;
    %store/vec4 v0x558d61223940_0, 0, 1;
T_52.1 ;
    %jmp T_52;
    .thread T_52, $push;
    .scope S_0x558d611e3a70;
T_53 ;
    %wait E_0x558d611c2b10;
    %pushi/vec4 0, 0, 2;
    %assign/vec4 v0x558d6121e170_0, 0;
    %load/vec4 v0x558d6121f170_0;
    %parti/s 4, 12, 5;
    %cmpi/e 4, 0, 4;
    %flag_get/vec4 4;
    %jmp/0 T_53.6, 4;
    %load/vec4 v0x558d61219f60_0;
    %load/vec4 v0x558d61222940_0;
    %cmp/e;
    %flag_get/vec4 4;
    %jmp/1 T_53.7, 4;
    %load/vec4 v0x558d6121a040_0;
    %load/vec4 v0x558d61222940_0;
    %cmp/e;
    %flag_get/vec4 4;
    %or;
T_53.7;
    %and;
T_53.6;
    %flag_set/vec4 8;
    %jmp/1 T_53.5, 8;
    %load/vec4 v0x558d6121f170_0;
    %parti/s 4, 12, 5;
    %cmpi/e 14, 0, 4;
    %flag_or 8, 4;
T_53.5;
    %jmp/1 T_53.4, 8;
    %load/vec4 v0x558d6121f170_0;
    %parti/s 4, 12, 5;
    %cmpi/e 15, 0, 4;
    %flag_or 8, 4;
T_53.4;
    %jmp/1 T_53.3, 8;
    %load/vec4 v0x558d6121f170_0;
    %parti/s 4, 12, 5;
    %cmpi/e 12, 0, 4;
    %flag_or 8, 4;
T_53.3;
    %jmp/1 T_53.2, 8;
    %load/vec4 v0x558d6121f170_0;
    %parti/s 4, 12, 5;
    %cmpi/e 13, 0, 4;
    %flag_or 8, 4;
T_53.2;
    %jmp/0xz  T_53.0, 8;
    %load/vec4 v0x558d6121e170_0;
    %addi 1, 0, 2;
    %assign/vec4 v0x558d6121e170_0, 0;
    %load/vec4 v0x558d6121e170_0;
    %pad/u 32;
    %cmpi/e 1, 0, 32;
    %jmp/0xz  T_53.8, 4;
    %pushi/vec4 0, 0, 2;
    %assign/vec4 v0x558d6121e170_0, 0;
T_53.8 ;
T_53.0 ;
    %jmp T_53;
    .thread T_53;
    .scope S_0x558d611e3a70;
T_54 ;
    %wait E_0x558d6115c220;
    %load/vec4 v0x558d6121e170_0;
    %pad/u 32;
    %cmpi/e 1, 0, 32;
    %jmp/0xz  T_54.0, 4;
    %pushi/vec4 31, 0, 5;
    %store/vec4 v0x558d6121e800_0, 0, 5;
    %jmp T_54.1;
T_54.0 ;
    %load/vec4 v0x558d6121f170_0;
    %parti/s 4, 12, 5;
    %cmpi/e 4, 0, 4;
    %flag_get/vec4 4;
    %jmp/0 T_54.8, 4;
    %load/vec4 v0x558d61219f60_0;
    %load/vec4 v0x558d61222940_0;
    %cmp/e;
    %flag_get/vec4 4;
    %jmp/1 T_54.9, 4;
    %load/vec4 v0x558d6121a040_0;
    %load/vec4 v0x558d61222940_0;
    %cmp/e;
    %flag_get/vec4 4;
    %or;
T_54.9;
    %and;
T_54.8;
    %flag_set/vec4 8;
    %jmp/1 T_54.7, 8;
    %load/vec4 v0x558d6121f170_0;
    %parti/s 4, 12, 5;
    %cmpi/e 14, 0, 4;
    %flag_or 8, 4;
T_54.7;
    %jmp/1 T_54.6, 8;
    %load/vec4 v0x558d6121f170_0;
    %parti/s 4, 12, 5;
    %cmpi/e 15, 0, 4;
    %flag_or 8, 4;
T_54.6;
    %jmp/1 T_54.5, 8;
    %load/vec4 v0x558d6121f170_0;
    %parti/s 4, 12, 5;
    %cmpi/e 12, 0, 4;
    %flag_or 8, 4;
T_54.5;
    %jmp/1 T_54.4, 8;
    %load/vec4 v0x558d6121f170_0;
    %parti/s 4, 12, 5;
    %cmpi/e 13, 0, 4;
    %flag_or 8, 4;
T_54.4;
    %jmp/0xz  T_54.2, 8;
    %pushi/vec4 3, 0, 5;
    %store/vec4 v0x558d6121e800_0, 0, 5;
    %jmp T_54.3;
T_54.2 ;
    %pushi/vec4 31, 0, 5;
    %store/vec4 v0x558d6121e800_0, 0, 5;
T_54.3 ;
T_54.1 ;
    %jmp T_54;
    .thread T_54, $push;
    .scope S_0x558d611e3a70;
T_55 ;
    %wait E_0x558d611c2b10;
    %load/vec4 v0x558d6121f170_0;
    %parti/s 4, 12, 5;
    %cmpi/e 4, 0, 4;
    %flag_get/vec4 4;
    %jmp/0 T_55.3, 4;
    %load/vec4 v0x558d61219f60_0;
    %load/vec4 v0x558d61222940_0;
    %cmp/e;
    %flag_get/vec4 4;
    %jmp/1 T_55.4, 4;
    %load/vec4 v0x558d6121a040_0;
    %load/vec4 v0x558d61222940_0;
    %cmp/e;
    %flag_get/vec4 4;
    %or;
T_55.4;
    %and;
T_55.3;
    %flag_set/vec4 9;
    %flag_get/vec4 9;
    %jmp/0 T_55.2, 9;
    %load/vec4 v0x558d6121e800_0;
    %pushi/vec4 3, 0, 5;
    %cmp/e;
    %flag_get/vec4 4;
    %and;
T_55.2;
    %flag_set/vec4 8;
    %jmp/0xz  T_55.0, 8;
    %pushi/vec4 1, 0, 1;
    %store/vec4 v0x558d61220000_0, 0, 1;
    %jmp T_55.1;
T_55.0 ;
    %pushi/vec4 0, 0, 1;
    %store/vec4 v0x558d61220000_0, 0, 1;
T_55.1 ;
    %jmp T_55;
    .thread T_55;
    .scope S_0x558d611952a0;
T_56 ;
    %delay 10000, 0;
    %load/vec4 v0x558d61223cb0_0;
    %inv;
    %store/vec4 v0x558d61223cb0_0, 0, 1;
    %jmp T_56;
    .thread T_56;
    .scope S_0x558d611952a0;
T_57 ;
    %vpi_call 2 19 "$dumpfile", "dump.vcd" {0 0 0};
    %vpi_call 2 22 "$dumpvars", 32'sb00000000000000000000000000000000, S_0x558d611952a0 {0 0 0};
    %pushi/vec4 0, 0, 1;
    %store/vec4 v0x558d61223cb0_0, 0, 1;
    %pushi/vec4 1, 0, 1;
    %store/vec4 v0x558d61223d50_0, 0, 1;
    %delay 20000, 0;
    %pushi/vec4 0, 0, 1;
    %store/vec4 v0x558d61223d50_0, 0, 1;
    %delay 500000, 0;
    %vpi_call 2 35 "$finish" {0 0 0};
    %end;
    .thread T_57;
# The file index is used to find the file name in the following table.
:file_names 20;
    "N/A";
    "<interactive>";
    "topModuleTB.v";
    "topModule.v";
    "aluCtrl.v";
    "ALU.v";
    "mux.v";
    "branchHist.v";
    "branchJumpCtrl.v";
    "registerBank.v";
    "dataMem.v";
    "Stage45_EX2MM.v";
    "frwdingCntrl.v";
    "ctrlUnit.v";
    "Stage23_ID2RR.v";
    "Stage12_IF2ID.v";
    "InstrMem.v";
    "loadStoreMultiple.v";
    "Stage56_MM2WB.v";
    "Stage34_RR2EX.v";
