net,length_um
_06798_,949.42
net12,936.48
net14,888.02
_02777_,830.95
clknet_0_clk,802.1
_06666_,795.135
_01717_,782.2
_02696_,771.52
_07103_,770.18
net67,767.15
_02780_,763.74
net29,749.86
_07080_,745.98
_02690_,740.92
net16,732.68
_07266_,729.02
net10,726.63
_02764_,722.32
_07323_,718.52
_07289_,717.63
_07126_,706.12
_07418_,690.86
_02880_,682.26
net66,680.01
_02784_,679.63
net9,677.48
_07439_,675.07
_07243_,675.04
_02772_,660.14
_02795_,659.13
_07057_,654.07
_06187_,652.74
_02799_,651.15
_02893_,650.73
_02726_,643.47
_02791_,639.82
_02162_,639.11
net95,638.2
net25,627.12
_02307_,626.81
net15,624.26
net75,624.11
_02655_,621.8
_02584_,618.71
_02878_,612.975
net31,598.97
clk,596.5
_02801_,594.2
_08048_,593.88
_02871_,593.61
_07208_,589.54
_02207_,589.31
_07370_,588.455
_02817_,586.09
_02897_,581.97
_02837_,577.25
_02722_,575.66
_07909_,568.07
net37,559.16
net76,557.76
_07933_,555.7
net98,555.43
clknet_2_2_0_clk,553.73
net48,550.98
_06747_,549.86
net7,549.41
clknet_2_3_0_clk,545.45
_02904_,542.81
_08082_,542.43
net32,540.77
_07460_,538.72
net34,537.32
_06724_,534.43
net36,533.83
_04822_,532.74
_02875_,532.49
_02408_,531.2
_02822_,528.45
net44,527.3
_02700_,525.73
net1,525.38
_07346_,523.71
_02937_,522.865
_04812_,522.65
net100,521.71
_02841_,518.21
_02563_,514.56
_02810_,510.27
_02464_,508.69
_06639_,508.44
_04342_,504.38
_04851_,503.43
_04938_,495.56
_02825_,492.84
_02228_,491.64
_02929_,491.46
clknet_2_1_0_clk,491.43
_02933_,489.07
_02805_,487.52
_02184_,487.51
_02902_,486.76
_02940_,485.74
_06702_,485.34
net27,484.7
net69,484.22
_04869_,483.435
_02866_,475.71
_02769_,474.5
_02925_,472.94
net47,472.52
net73,470.34
_02923_,470.07
_03064_,468.5
_05056_,467.75
_02854_,467.71
_02026_,465.19
_05257_,465.07
_02909_,462.88
_02827_,462.74
_04327_,462.12
_07522_,460.01
_02363_,459.26
_04925_,459.14
_02926_,458.06
_06772_,457.27
_01927_,456.78
_02919_,455.25
_02789_,453.735
_02900_,451.6
net3,451.45
_01696_,451.41
net23,449.92
net24,449.395
_02429_,448.97
_02845_,448.83
_01984_,446.69
_02105_,446.14
net91,444.74
_04945_,442.66
_02861_,442.06
_02914_,442.03
_02542_,441.95
_02487_,441.9
net28,440.765
_02831_,439.63
net2,438.76
_02634_,437.61
_02981_,435.72
_05334_,431.4
_02263_,428.83
_04918_,427.02
_02286_,425.91
_07954_,425.28
_02868_,423.99
_02061_,421.43
_05117_,420.44
_02005_,418.82
net77,418.64
_05269_,417.85
net60,417.36
_04599_,416.24
clknet_2_0_0_clk,415.07
_02863_,413.98
net40,413.32
_02962_,412.28
_02140_,412.16
_05311_,412.14
_02935_,411.18
_05093_,410.99
_02521_,410.97
_04592_,409.73
_08002_,409.66
_04727_,407.12
net20,405.84
_06590_,405.75
_02847_,405.5
_04371_,405.47
_02341_,404.89
_06230_,404.54
net71,403.58
net35,402.9
net33,402.88
_01950_,402.44
_02084_,400
_04682_,399.54
net8,398.33
_05112_,395.84
_04688_,395.34
_04677_,394.68
_04983_,394.56
_02887_,394.495
_02813_,394.49
_02819_,393.94
_04793_,392.67
_04979_,390.2
_02385_,389.9
_04699_,386.16
_04992_,384.78
_05008_,384.76
_02970_,384.02
_04601_,382.88
_06181_,380.78
net21,380.155
_02946_,378.27
_02917_,376.37
net46,375.96
_02906_,375.12
_04375_,374.51
net13,374.24
_06225_,372.35
_04922_,371.83
net19,371.26
_04866_,370.43
_02944_,369.75
_02740_,368
_02833_,367.96
_05251_,367.12
_02966_,366.77
_02857_,363.4
_02446_,362.98
_04680_,362.96
_05127_,362.02
net38,360.58
_04850_,359.74
_04717_,359.09
_05264_,357.52
_04621_,356.97
_05635_,356.815
_02977_,356.56
_02449_,355.07
_04974_,353.6
_02974_,352.28
net94,351.91
_04982_,349.32
_06232_,348.85
clknet_5_17__leaf_clk,347.8
net81,347.1
_02849_,345.65
net39,344.18
_04912_,343.86
clknet_5_26__leaf_clk,343.7
net43,343.4
_02852_,343.26
clknet_5_22__leaf_clk,341.99
_02972_,341.56
_02964_,340.73
_05079_,339.16
net68,338.78
_04859_,336.9
_05229_,334.93
_04971_,333.3
_05007_,333.18
_02744_,329.96
_04842_,327.05
_01900_,325.31
net42,323.72
_04367_,323.21
_04993_,322.56
_07998_,321.4
_08026_,318.83
_04384_,318.6
_06242_,318.08
_04931_,317.47
_04380_,316.82
_05137_,315.84
clknet_5_18__leaf_clk,315.64
_02451_,312.78
_04690_,312.09
_04934_,311.87
_05672_,311.2
_03344_,310.635
_06235_,310.47
_07977_,310.11
_04794_,308.7
net51,308
_04605_,307.78
_05100_,307.34
net41,307.24
_04175_,306.525
_04919_,304.74
net30,303.86
_04363_,303.23
_04586_,302.94
_04965_,302.12
_04936_,299.65
ex_mm_reg.ALU_Result_Out\[1\],298.48
net18,298.45
_05671_,298.04
_04513_,295.44
_04358_,293.78
_04593_,293.65
_04323_,291.4
_04826_,291.16
_04338_,290.69
ex_mm_reg.RF_D2_Out\[13\],289.57
_02954_,288.68
net52,288.68
_05237_,288.1
net72,288.06
_05252_,287.2
net78,286.52
_04950_,285.23
_04828_,284.68
_05131_,283.96
_07393_,282.14
clknet_5_16__leaf_clk,281.72
_05201_,281.24
_05545_,279.8
clknet_5_3__leaf_clk,278.25
_05039_,277.45
_02712_,276.63
_02718_,276.39
_02948_,275.75
_04805_,274.77
_05176_,274.11
_02958_,273.88
_04591_,273.78
_02956_,273.74
_04643_,272.92
net53,272.86
_05226_,271.12
_02432_,269.7
_04948_,266.97
net11,266.76
_04581_,266.64
clknet_5_23__leaf_clk,266.39
clknet_5_15__leaf_clk,265.88
_04821_,265.54
_01898_,265.06
_05783_,263.76
_04735_,263.34
_02502_,262.9
clknet_5_29__leaf_clk,262.8
_04972_,262.33
clknet_5_19__leaf_clk,260.94
net4,260.4
_04347_,260.22
clknet_5_9__leaf_clk,260.04
_04917_,259.3
_04800_,259.14
clknet_5_10__leaf_clk,258.58
_06768_,258.2
_05850_,256.8
_04861_,256.66
_05191_,256.06
_04705_,254.97
_04984_,253.88
_05036_,253.64
_06203_,253.41
_02490_,251.96
_04645_,251.68
clknet_5_21__leaf_clk,251.64
_02950_,251.08
_04865_,250.4
_04351_,249.98
ex_mm_reg.RF_D2_Out\[12\],249.34
_08007_,249.24
_04726_,249.19
_05254_,246.22
clknet_5_20__leaf_clk,244.52
_08021_,243.59
clknet_5_24__leaf_clk,242.54
clknet_5_11__leaf_clk,241.73
_04791_,240.66
_05293_,239.87
_04579_,239.74
_04955_,239.36
net61,237.78
ex_mm_reg.ALU_Result_Out\[2\],237.22
_01886_,237.01
_07981_,236.96
_05166_,236.67
_04110_,236.41
_02469_,235.88
_02500_,235.58
_02928_,235.26
_05256_,234.88
_02434_,234.22
_08001_,234.2
_07514_,232.62
_04961_,232.56
_05931_,232.43
_05073_,232.32
_04657_,231.74
_07975_,231.62
_05632_,230.44
clknet_5_27__leaf_clk,229.92
_06868_,229.71
_07984_,229.02
ex_mm_reg.ALU_Result_Out\[3\],228.36
_07488_,227.19
_04408_,226.98
_04636_,226.74
_06870_,226.4
_04960_,226.12
_01870_,224.47
_07223_,224.1
_05413_,223.8
_02495_,223.2
_04700_,223.16
_04310_,223.06
_05241_,222.48
_04322_,220.78
clknet_5_5__leaf_clk,220.01
_04888_,219.96
_04686_,219.615
clknet_5_0__leaf_clk,219.53
_04803_,219.29
_04317_,218.55
_04388_,218.5
_02492_,217.55
_04695_,217.54
_02453_,216.68
_04895_,216.03
_07504_,214.64
_05200_,213.8
_05006_,213.77
_04583_,212.97
_06220_,212.18
_04627_,212.13
_05360_,211.94
clknet_5_25__leaf_clk,210.98
_08074_,210.39
_04797_,210.36
_05745_,210.17
_04916_,208.8
_07397_,208.66
ex_mm_reg.RF_D2_Out\[14\],208.56
_04892_,208.16
_05690_,208
_06213_,206.36
_04062_,206.19
_04896_,205.87
_05088_,205.76
_05371_,205.46
_05183_,205.17
_04109_,205.02
_05052_,204.99
_02704_,204.45
_05231_,204.04
clknet_5_2__leaf_clk,203.01
_06611_,202.78
_04790_,202.6
_04173_,202.44
_07823_,202.37
_04987_,201.93
_07481_,201.19
_05448_,201.18
clknet_5_14__leaf_clk,201.06
_06172_,199.8
_04909_,199.69
_04737_,198.28
_04325_,198.21
_04662_,198.03
_05108_,198.02
_06696_,197.84
_06199_,197.46
_08078_,197.36
_02440_,194.46
_04808_,194.08
_04901_,193.7
_04715_,193.5
_02504_,193.4
_04930_,192.98
_06633_,192.7
_04887_,192.335
clknet_5_28__leaf_clk,192.11
_01857_,191.9
_06233_,191.36
_04739_,191.2
_08080_,191.16
_04921_,190.91
_04318_,190.7
_05530_,190.54
_04933_,190.49
_06216_,189.88
_04130_,189.46
_04681_,189.16
_01883_,189.03
_04215_,188.52
clknet_5_13__leaf_clk,188.34
_06865_,188.2
_06223_,187.94
_01860_,187.69
_02498_,187.4
_04988_,187.21
_04473_,187.17
_07238_,186.94
_04891_,186.76
_08053_,186.75
_05248_,186.02
_04536_,186
_04274_,185.75
_04999_,185.56
_04635_,185.5
_06838_,185.46
_04114_,185.32
_06469_,185.05
_01855_,184.73
_02509_,184.61
_07866_,184.47
_05471_,184.36
_01925_,184.26
_04446_,184.1
ex_mm_reg.RF_D2_Out\[15\],184.06
_06209_,183.52
_04710_,183.12
_04340_,183.04
_05397_,182.96
_06863_,182.21
_07990_,182.2
_04899_,181.72
clknet_5_8__leaf_clk,181.6
_06563_,181.195
_07996_,180.98
_04854_,180.9
_07376_,180.76
_04143_,180.46
_04944_,180.115
_02677_,179.88
_07400_,179.58
_04615_,179.5
_04653_,179.26
_07373_,179.08
_04723_,178.64
_06217_,178.58
_04617_,178.48
_06793_,178.22
_01905_,178.18
_04668_,178
_06206_,177.18
_07351_,176.74
_04329_,176.7
_04652_,176.56
_05062_,176.36
_05082_,176.36
actl.reg_write_enable_in,176.19
_04121_,176.17
_05157_,175.41
_06222_,174.63
_04150_,174.245
_05009_,173.98
_04799_,173.32
_02250_,173.2
_02437_,173.2
_07995_,173.02
_06197_,172.86
_05084_,172.78
_04903_,172.5
_04722_,172.48
_04986_,172.26
_04820_,172.2
_04146_,171.87
_04404_,171.54
_04619_,170.91
_05300_,170.88
_07896_,170.85
_04886_,170.8
_04222_,170.74
_02514_,170.34
_04354_,170.34
_04139_,170.08
_06897_,169.9
_05097_,169.88
_05158_,169.755
_07813_,169.28
_04279_,168.94
_04795_,168.9
_06903_,168.65
_02245_,168.62
_07495_,168.615
_04843_,168.6
_05637_,168.34
_01963_,168.24
_04811_,167.92
_07544_,167.855
_04225_,167.78
rr_ex_reg.pc_next_out\[6\],167.74
_04691_,167.62
_04924_,167.49
_04120_,167.28
_01853_,167.2
_04839_,166.91
_04135_,166.8
_04613_,166.62
_06934_,166.54
_06226_,166.34
_04648_,166.14
_07972_,165.99
_05616_,165.86
_05638_,165.85
_04956_,165.84
_02310_,165.32
_04996_,165.28
_06900_,165.2
_04165_,165.04
_04667_,165.02
_07910_,164.88
_01869_,164.79
_08059_,164.68
_04762_,164.62
_02890_,164.54
_04616_,164.18
_04575_,164.16
_05590_,163.96
_05328_,163.86
_02239_,163.82
_05187_,163.82
_04788_,163.72
_02883_,163.64
_03168_,163.62
_06892_,163.6
_06872_,163.44
_04694_,163.435
_07398_,163.22
_06898_,163.12
_07987_,162.8
_07483_,162.68
_04711_,162.5
_05383_,162.44
_07871_,162.32
_06265_,162.205
_05531_,162.02
_06474_,161.995
_06448_,161.895
_06193_,161.12
_06873_,160.66
ex_mm_reg.ALU_Result_Out\[0\],160.58
_04675_,160.48
_07374_,160.26
_04598_,160.19
_04237_,160.08
_05289_,160.02
_08070_,160.02
_06190_,159.98
_04154_,159.76
_07519_,159.68
_07503_,159.6
_06327_,159.58
_01862_,159.45
_07403_,159.38
_03624_,158.8
_04841_,158.66
_06219_,158.64
_06891_,158.6
_06363_,158.22
_06876_,158.16
_04229_,158.09
_02248_,158.05
_04818_,157.63
_04679_,157.26
_07821_,156.94
_06400_,156.54
_02507_,156.5
_06390_,156.3
_06943_,156.08
_04577_,156.005
dmem.ram\[14\]\[4\],155.995
_05316_,155.98
_02678_,155.86
_07404_,155.81
_02753_,155.54
_04655_,155.46
_05060_,155.2
_04337_,154.79
_05033_,154.62
_02768_,154.52
_06212_,154.42
_04517_,154.15
clknet_5_4__leaf_clk,153.78
_06858_,153.64
_02463_,153.56
_06901_,153.36
_03422_,153.25
_02755_,152.92
_05017_,152.82
_06210_,152.74
_05335_,152.64
_04642_,152.48
_07969_,152.34
_06860_,152.24
_04600_,152.12
_07965_,152.02
_02913_,151.92
_07377_,151.5
_07391_,151.44
_05242_,151.33
_06558_,151.175
_07570_,150.9
_05023_,150.53
_07347_,150.02
_08072_,149.76
rr_ex_reg.instr_out\[4\],149.76
_04012_,149.68
_07508_,149.49
clknet_5_1__leaf_clk,149.32
_01955_,149.22
_06840_,149.11
_07694_,149.02
_02078_,148.94
clknet_5_30__leaf_clk,148.89
_06942_,148.84
_06542_,148.74
_04630_,148.54
_04117_,148.38
_02749_,148.31
_06686_,148.21
_02302_,148.16
_07489_,148
_03172_,147.96
_04796_,147.88
_05596_,146.84
_06790_,146.79
clknet_leaf_169_clk,146.64
_02650_,146.6
_01953_,146.32
_03778_,146.26
_06718_,146.14
_01901_,146.06
_07511_,145.86
rr_ex_reg.instr_out\[5\],145.86
_04787_,145.84
_07875_,145.6
dmem.ram\[30\]\[9\],145.445
_04897_,145.44
_04080_,145.28
_07292_,145.02
_06688_,144.78
_07505_,144.68
ex_mm_reg.RF_D2_Out\[4\],144.65
_06453_,144.64
_04676_,144.6
dmem.ram\[48\]\[14\],144.48
_05283_,144.3
_05476_,144.25
clknet_leaf_161_clk,144.1
_08042_,143.92
_05622_,143.82
_04330_,143.62
_07525_,143.54
ex_mm_reg.RF_D2_Out\[3\],143.4
_01920_,143.12
_07692_,143.12
_02444_,143.08
_01778_,142.96
dmem.ram\[14\]\[7\],142.945
_04119_,142.94
_04238_,142.92
_04671_,142.5
_04280_,141.93
_05752_,141.44
_07497_,141.35
_01932_,141.26
_04456_,141.22
_06933_,141.1
_06568_,141.02
_07851_,140.98
_05076_,140.93
dmem.ram\[59\]\[0\],140.93
_07394_,140.92
_07500_,140.85
_08051_,140.72
_06305_,140.58
_02687_,140.4
_05592_,140.08
_06183_,140.07
_01899_,139.92
_04718_,139.87
_06166_,139.84
_06777_,139.65
_06677_,139.52
_04789_,139.5
_05771_,139.48
_02037_,139.4
_05156_,139.02
_04660_,138.94
_07491_,138.86
_03783_,138.8
_01965_,138.62
_08065_,138.6
_06458_,137.975
_03801_,137.96
_04814_,137.84
_04070_,137.8
_01744_,137.76
net6,137.74
_04331_,137.71
_02888_,137.57
_04709_,137.54
_04835_,137.29
clknet_leaf_187_clk,137.1
_06740_,136.86
_07401_,136.76
_02752_,136.73
_05134_,136.6
_07934_,136.6
_02579_,136.38
_01712_,136.3
_05472_,136.24
_07882_,136.06
_06369_,135.92
_06606_,135.92
_07687_,135.82
_06500_,135.8
_05478_,135.69
_05816_,135.61
_02884_,135.3
_04052_,135.27
_01751_,135.14
_02231_,135.06
_00002_,135.02
_01782_,134.4
_04926_,134.39
_05669_,134.38
_06698_,134.38
_08019_,134
_06657_,133.92
_07216_,133.78
_06848_,133.67
_07235_,133.48
_04725_,133.36
_07874_,133.26
_04848_,133.22
ex_mm_reg.ALU_Result_Out\[5\],133.1
_04827_,133.08
_07527_,133.08
ex_mm_reg.ALU_Result_Out\[4\],132.88
_06537_,132.86
_04584_,132.83
_06532_,132.66
clknet_leaf_193_clk,132.52
_04768_,132.435
_07219_,132.42
_06258_,132.36
_07031_,132.34
_07713_,132.34
_06940_,132.2
_04685_,131.7
_07550_,131.68
_04505_,131.66
_01780_,131.51
_02459_,131.48
_04825_,131.46
_02461_,131.38
_06634_,131.36
_04747_,131.22
_02039_,130.98
_04466_,130.955
_06040_,130.95
_07499_,130.95
_02442_,130.84
_05120_,130.82
_06337_,130.56
_06843_,130.44
_05067_,130.38
dmem.ram\[24\]\[15\],130.34
_05315_,130.32
_05511_,130.24
clknet_leaf_231_clk,129.94
_07052_,129.9
_02735_,129.82
_07502_,129.7
clknet_leaf_139_clk,129.7
_04451_,129.675
_03163_,129.54
_07957_,129.04
_06204_,129.02
_07873_,128.99
_07073_,128.74
_04075_,128.62
_04707_,128.56
_06464_,128.515
_03802_,128.18
_06693_,128.08
_08068_,127.98
_07211_,127.84
_07552_,127.74
_02676_,127.68
_05122_,127.68
_04853_,127.64
_07960_,127.6
_02034_,127.43
_08063_,127.2
_04131_,127.16
dmem.ram\[31\]\[15\],127.12
_01688_,126.98
if_id_reg.Instr_Out\[7\],126.96
_07701_,126.92
_04043_,126.8
_04954_,126.76
_06674_,126.64
_02691_,126.62
_02041_,126.42
_05163_,126.4
_07304_,126.38
_06875_,126.19
_04991_,125.88
_03994_,125.84
_02537_,125.68
_02770_,125.66
_04122_,125.6
clknet_leaf_213_clk,125.6
_07672_,125.57
_07518_,125.53
_07510_,125.495
_05474_,125.36
_06200_,125.32
_06385_,125.3
_02312_,125.29
_06321_,125.26
_07513_,125.2
_06937_,125.13
_04578_,124.98
dmem.ram\[14\]\[5\],124.95
_07381_,124.9
_04402_,124.72
_04719_,124.68
_05600_,124.64
_02511_,124.52
_02357_,124.38
_04883_,124.33
_07516_,124.27
_06180_,124.22
_02384_,124.04
_04656_,123.9
clknet_leaf_172_clk,123.82
_06895_,123.76
_06679_,123.7
_07786_,123.64
_04620_,123.57
clknet_5_6__leaf_clk,123.52
_01786_,123.5
_06939_,123.22
_07671_,123.16
_06547_,123.1
_06690_,123.09
_04629_,123.06
_04734_,123.06
_06574_,123.02
_05368_,122.84
clknet_leaf_14_clk,122.815
_07569_,122.76
dmem.ram\[22\]\[15\],122.675
dmem.ram\[3\]\[15\],122.3
_02000_,122.1
net5,122.1
_07309_,122
_04893_,121.86
_07955_,121.81
_07415_,121.76
_04781_,121.74
_01788_,121.62
rr_ex_reg.cntrl_out\[0\],121.42
_04624_,121.12
_05528_,121.08
_07221_,121.08
clknet_5_12__leaf_clk,121.04
dmem.ram\[35\]\[7\],121
_04704_,120.99
clknet_leaf_116_clk,120.96
_05102_,120.72
_02685_,120.68
_04947_,120.67
_05351_,120.55
_06627_,120.48
_04845_,120.46
_04003_,120.28
_05553_,120.28
_07992_,120.28
_07122_,120.26
_04900_,120.16
_06416_,119.96
_02236_,119.86
_06553_,119.84
_06236_,119.82
_06379_,119.8
_04324_,119.76
_05551_,119.73
_07958_,119.56
_06647_,119.46
_04741_,119.4
_05075_,119.22
dmem.ram\[19\]\[9\],119.14
_08056_,119
dmem.ram\[30\]\[8\],118.985
_05068_,118.96
_05447_,118.8
_05566_,118.7
clknet_leaf_37_clk,118.675
_02402_,118.63
_04614_,118.56
_02483_,118.52
dmem.ram\[27\]\[15\],118.44
ex_mm_reg.RF_D2_Out\[5\],118.42
_01970_,118.395
_08204_,118.28
_01775_,118.24
dmem.ram\[28\]\[15\],118.23
_04975_,118.18
_04086_,118.02
_02052_,117.78
_04205_,117.74
_07234_,117.72
_04786_,117.5
_06526_,117.48
_06894_,117.43
_04659_,117.42
_04227_,117.18
clknet_leaf_64_clk,116.94
_04849_,116.9
net45,116.84
_06998_,116.68
_07538_,116.64
_06407_,116.58
_06311_,116.5
_05386_,116.24
_05776_,116.24
_01773_,116.14
_08103_,116.13
_01946_,116.04
_05348_,115.86
_07982_,115.795
_05420_,115.76
dmem.ram\[14\]\[6\],115.745
_07785_,115.54
_05793_,115.525
_06495_,115.52
_01961_,115.36
_02548_,115.32
_06434_,115.32
dmem.ram\[60\]\[6\],115.305
_06239_,115.14
_02635_,115.12
_02233_,114.98
_04976_,114.84
_05308_,114.83
_04663_,114.82
_07240_,114.7
_04758_,114.4
_07949_,114.36
_03475_,113.94
_04418_,113.78
_04585_,113.78
dmem.ram\[1\]\[6\],113.72
_06842_,113.68
_07385_,113.6
clknet_5_31__leaf_clk,113.53
net26,113.52
_06053_,113.48
_01896_,113.2
_00469_,113.105
_05748_,113.02
_07009_,113
_06355_,112.9
_02886_,112.87
_04213_,112.82
_07494_,112.7
_06516_,112.68
ex_mm_reg.RF_D2_Out\[7\],112.49
_04398_,112.46
dmem.ram\[47\]\[15\],112.42
_08061_,112.16
_07027_,111.94
_04678_,111.64
clknet_5_7__leaf_clk,111.57
_07964_,111.56
_05534_,111.5
_04712_,111.435
_06692_,111.3
_04400_,111.1
_04191_,111.06
_05489_,111.06
_07411_,110.62
_07914_,110.6
_02666_,110.58
_07339_,110.56
_04589_,110.36
_07120_,110.36
_02894_,110.32
_04198_,110.24
_06849_,110.24
_04522_,110.16
if_id_reg.Instr_Out\[6\],110.12
_07528_,110.08
_04416_,109.955
_05798_,109.9
_07584_,109.88
clknet_leaf_91_clk,109.82
_07053_,109.795
_04183_,109.7
_04392_,109.59
_07482_,109.5
dmem.ram\[9\]\[14\],109.41
id_rr_reg.instr_out\[6\],109.4
_06660_,109.38
_04409_,109.2
dmem.ram\[14\]\[15\],109.125
_06773_,109.06
_06681_,109.04
_04817_,108.94
clknet_leaf_210_clk,108.895
_04161_,108.77
_05262_,108.72
_04898_,108.68
clknet_leaf_146_clk,108.66
_02876_,108.58
_03784_,108.46
_04341_,108.24
_02352_,108.07
_05301_,108.06
dmem.ram\[26\]\[15\],108.06
_03702_,107.955
_02397_,107.86
_03789_,107.84
_06936_,107.7
_04127_,107.58
_02519_,107.5
clknet_leaf_118_clk,107.47
dmem.ram\[44\]\[15\],107.38
clknet_leaf_0_clk,107.38
_02297_,107.36
dmem.ram\[53\]\[6\],107.285
clknet_leaf_183_clk,107.25
dmem.ram\[5\]\[9\],107.185
_01884_,107.04
dmem.ram\[1\]\[7\],107.03
_04396_,107.02
clknet_leaf_184_clk,107.02
_03401_,106.88
clknet_leaf_56_clk,106.86
_04870_,106.84
_07344_,106.82
_04730_,106.78
_05614_,106.7
_05619_,106.67
_07498_,106.64
_02517_,106.62
_03146_,106.54
_02951_,106.44
_05506_,106.38
clknet_leaf_21_clk,106.32
_05190_,106.235
_03876_,106.12
clknet_leaf_69_clk,106.1
_01770_,106.04
_06346_,105.9
clknet_leaf_1_clk,105.86
_02123_,105.78
dmem.ram\[51\]\[6\],105.76
_03811_,105.68
_06887_,105.6
_07827_,105.52
_05599_,105.46
_05114_,105.4
_05051_,105.38
_03105_,105.36
_07171_,105.3
_06425_,105.26
dmem.ram\[7\]\[10\],105.2
_07580_,105.14
_05184_,105.04
clknet_leaf_2_clk,104.96
_07345_,104.84
_04561_,104.8
_07490_,104.78
_02201_,104.68
_03908_,104.56
dmem.ram\[59\]\[14\],104.5
_07024_,104.34
_04474_,104.24
_04111_,104.18
_07213_,104.18
clknet_leaf_216_clk,104.17
_03779_,104.16
dmem.ram\[47\]\[14\],104.14
_04607_,104.1
_04189_,104.08
_02156_,104.05
_01789_,104.045
_04393_,103.9
_05318_,103.9
clknet_leaf_122_clk,103.88
_06521_,103.86
_01918_,103.82
_06982_,103.82
_06584_,103.78
dmem.ram\[19\]\[8\],103.78
_04369_,103.76
_07926_,103.72
_08187_,103.68
_02640_,103.58
_01958_,103.52
_02185_,103.52
_05504_,103.52
_06852_,103.4
_06201_,103.26
_02682_,103.12
clknet_leaf_234_clk,103.06
clknet_leaf_207_clk,103.04
_07363_,102.98
_05722_,102.84
_07903_,102.84
_07682_,102.82
_03541_,102.72
clknet_leaf_133_clk,102.7
_04241_,102.58
_02605_,102.52
_07297_,102.52
_04580_,102.51
_04526_,102.5
_05432_,102.5
_02390_,102.3
_05769_,102.26
dmem.ram\[27\]\[12\],102.24
_03544_,102.16
_07906_,102.12
_03807_,102.05
_05322_,101.92
_05548_,101.92
_07999_,101.82
_05781_,101.8
clknet_leaf_189_clk,101.8
_07831_,101.78
_02553_,101.76
_02910_,101.76
_02693_,101.68
_04278_,101.58
_04864_,101.58
_05260_,101.52
_03960_,101.46
_04171_,101.34
_06113_,101.12
_05552_,101.08
_05209_,101.04
_02374_,101
_03349_,100.9
_05746_,100.86
_03701_,100.84
_03142_,100.82
_05029_,100.82
_05294_,100.81
clknet_leaf_227_clk,100.685
clknet_leaf_62_clk,100.68
if_id_reg.Instr_Out\[5\],100.67
_04107_,100.575
dmem.ram\[5\]\[8\],100.565
_02264_,100.54
_07643_,100.5
dmem.ram\[37\]\[1\],100.48
_06792_,100.415
_05107_,100.4
_04461_,100.34
clknet_leaf_53_clk,100.34
_02455_,100.22
_07175_,100.04
_07985_,100
clknet_leaf_131_clk,99.7
_06505_,99.66
_02280_,99.64
_01816_,99.56
clknet_leaf_25_clk,99.5
_04200_,99.4
_02907_,99.34
dmem.ram\[62\]\[9\],99.31
_06683_,99.24
_04973_,99.22
_04236_,99.16
_02419_,99.13
_04631_,99.06
_05862_,99.06
_06227_,99.06
_04024_,98.87
_07108_,98.82
regfile.registerFile\[0\]\[0\],98.77
_03576_,98.76
_04320_,98.76
_02255_,98.74
_02218_,98.64
_05772_,98.64
_06266_,98.62
_04673_,98.6
_04647_,98.58
clknet_leaf_209_clk,98.54
_07282_,98.48
_05797_,98.44
_04823_,98.42
_02252_,98.4
_04539_,98.32
_06479_,98.3
rr_ex_reg.RF_D1_Out\[14\],98.26
_07591_,98.1
dmem.ram\[0\]\[2\],98.02
dmem.ram\[34\]\[9\],98.02
_05227_,97.96
dmem.ram\[7\]\[3\],97.92
_04649_,97.87
_07311_,97.84
_07644_,97.82
_05110_,97.78
_05453_,97.78
_05856_,97.78
_06001_,97.78
dmem.ram\[50\]\[8\],97.72
_05765_,97.64
_04014_,97.62
dmem.ram\[7\]\[8\],97.52
clknet_leaf_176_clk,97.5
_03806_,97.4
_02325_,97.36
_05396_,97.34
_07306_,97.32
_05481_,97.14
clknet_leaf_92_clk,97.04
_07598_,97.02
_07313_,96.98
_01908_,96.96
_04568_,96.8
dmem.ram\[27\]\[13\],96.8
_02684_,96.76
_05288_,96.76
_04911_,96.68
_07181_,96.66
_03150_,96.56
if_id_reg.PC_Next_Out\[6\],96.18
_02203_,96.12
_02882_,95.92
_04376_,95.78
_04742_,95.76
net63,95.74
_06763_,95.68
_05836_,95.62
_05019_,95.56
_02068_,95.52
dmem.ram\[8\]\[6\],95.51
clknet_leaf_114_clk,95.2
_05317_,95.16
_06179_,94.98
dmem.ram\[7\]\[9\],94.9
clknet_leaf_26_clk,94.895
_07978_,94.88
_05247_,94.81
dmem.ram\[42\]\[15\],94.8
_08098_,94.78
clknet_leaf_228_clk,94.72
_05323_,94.715
_03763_,94.62
_06945_,94.58
dmem.ram\[58\]\[6\],94.44
_04651_,94.43
_02850_,94.39
_04211_,94.28
clknet_leaf_8_clk,94.275
_01815_,94.27
_02681_,94.24
_05410_,94.24
dmem.ram\[14\]\[12\],94.22
_06490_,94.14
dmem.ram\[42\]\[12\],93.88
_05761_,93.78
_06194_,93.7
_04499_,93.66
clknet_leaf_224_clk,93.56
_03985_,93.5
clknet_leaf_211_clk,93.5
_07054_,93.48
_04692_,93.44
_06485_,93.44
clknet_leaf_47_clk,93.42
clknet_leaf_181_clk,93.4
_02246_,93.24
_04168_,93.18
_03649_,93.12
_07520_,93.12
dmem.ram\[60\]\[9\],93.1
_07294_,93.08
_04045_,92.98
_04932_,92.96
_07968_,92.9
_07101_,92.78
_02864_,92.64
_04186_,92.62
dmem.ram\[31\]\[8\],92.6
_06527_,92.56
_07637_,92.54
_06348_,92.48
_02318_,92.32
_01951_,92.26
_05589_,92.2
_05615_,92.14
_05633_,92.12
dmem.ram\[44\]\[14\],92.12
clknet_leaf_23_clk,92.02
_04740_,91.98
dmem.ram\[42\]\[13\],91.98
dmem.ram\[36\]\[15\],91.86
clknet_leaf_110_clk,91.82
_06207_,91.68
_04844_,91.62
_03153_,91.5
_05777_,91.42
_04623_,91.18
_05279_,90.98
clknet_leaf_151_clk,90.98
_04123_,90.94
_04034_,90.74
dmem.ram\[31\]\[12\],90.72
_05132_,90.7
_04180_,90.58
_04650_,90.56
_07712_,90.44
_03145_,90.42
_05949_,90.36
_03384_,90.24
_06877_,90.2
clknet_leaf_201_clk,90.2
_06911_,90.11
dmem.ram\[34\]\[7\],90.02
_03203_,89.98
_02476_,89.92
clknet_leaf_165_clk,89.91
dmem.ram\[53\]\[7\],89.825
_03252_,89.78
_05681_,89.72
_03812_,89.7
_07524_,89.69
_06395_,89.62
_07476_,89.58
dmem.ram\[60\]\[4\],89.565
_05143_,89.52
dmem.ram\[44\]\[11\],89.38
_05790_,89.355
dmem.ram\[57\]\[6\],89.32
_02438_,89.3
_04569_,89.18
clknet_leaf_117_clk,89.1
_03816_,89.08
_03743_,89.02
dmem.ram\[32\]\[15\],89.02
_02965_,89
_04193_,88.99
if_id_reg.PC_Next_Out\[7\],88.96
_02021_,88.92
_04064_,88.84
_04855_,88.84
clknet_leaf_141_clk,88.84
_04264_,88.78
_02814_,88.75
clknet_leaf_50_clk,88.74
_04884_,88.73
_04365_,88.72
dmem.ram\[60\]\[5\],88.625
_01767_,88.42
clknet_leaf_179_clk,88.38
clknet_leaf_83_clk,88.26
_05314_,88.22
_01733_,88.16
ex_mm_reg.RF_D2_Out\[1\],88.16
_06506_,88.08
_07542_,88.06
_03485_,88.02
dmem.ram\[27\]\[8\],88.02
_04412_,87.96
_06289_,87.96
_07872_,87.96
dmem.ram\[37\]\[9\],87.9
_07110_,87.86
dmem.ram\[39\]\[9\],87.82
dmem.ram\[41\]\[14\],87.82
_07974_,87.76
_05477_,87.74
dmem.ram\[34\]\[15\],87.72
clknet_leaf_162_clk,87.64
_01967_,87.62
_05694_,87.55
dmem.ram\[0\]\[0\],87.54
_02760_,87.4
_04923_,87.4
_03537_,87.34
dmem.ram\[57\]\[7\],87.34
dmem.ram\[48\]\[12\],87.32
_00592_,87.315
_04716_,87.31
dmem.ram\[35\]\[6\],87.3
_02513_,87.28
_04208_,87.26
clknet_leaf_136_clk,87.24
_03594_,87.02
_04495_,87
_04889_,87
_06406_,87
_07916_,86.98
dmem.ram\[33\]\[0\],86.94
_06354_,86.9
_07406_,86.86
dmem.ram\[44\]\[9\],86.78
_04907_,86.68
_05394_,86.62
_04164_,86.6
_03531_,86.58
_07509_,86.54
_06253_,86.5
_03316_,86.46
_02173_,86.44
clknet_leaf_159_clk,86.44
_04687_,86.35
dmem.ram\[33\]\[3\],86.34
clknet_leaf_84_clk,86.34
clknet_leaf_33_clk,86.28
_02862_,86.22
ex_mm_reg.RF_D2_Out\[2\],86.16
_06835_,86.12
_06279_,86.04
_01748_,86.02
_03788_,86.02
_05416_,85.82
_03214_,85.8
dmem.ram\[34\]\[10\],85.76
dmem.ram\[14\]\[14\],85.745
clknet_leaf_87_clk,85.66
clknet_leaf_68_clk,85.595
_07486_,85.48
_07800_,85.36
clknet_leaf_29_clk,85.36
_06999_,85.28
_02058_,85.26
_06000_,85.22
_06511_,85.2
dmem.ram\[2\]\[14\],85.17
dmem.ram\[0\]\[1\],85.06
clknet_leaf_115_clk,84.96
_05469_,84.82
dmem.ram\[40\]\[14\],84.72
dmem.ram\[38\]\[15\],84.71
_07387_,84.6
_02183_,84.58
_05356_,84.56
dmem.ram\[3\]\[7\],84.56
_05663_,84.52
_06669_,84.5
_07228_,84.48
_05030_,84.345
_02189_,84.335
_02404_,84.3
dmem.ram\[47\]\[12\],84.3
rr_ex_reg.cntrl_out\[1\],84.23
_05685_,84.22
dmem.ram\[63\]\[9\],84.22
_02178_,84.16
_01921_,84.09
_04829_,84.07
_04689_,84.06
dmem.ram\[60\]\[7\],84.045
_01813_,84
_05795_,83.96
_05130_,83.92
dmem.ram\[44\]\[13\],83.9
clknet_leaf_204_clk,83.9
_04359_,83.895
_03536_,83.86
dmem.ram\[3\]\[6\],83.86
_05338_,83.82
_01693_,83.8
dmem.ram\[37\]\[2\],83.765
_02447_,83.675
dmem.ram\[38\]\[9\],83.625
_01814_,83.59
_05517_,83.58
dmem.ram\[33\]\[9\],83.58
dmem.ram\[22\]\[13\],83.55
_04538_,83.52
clknet_leaf_180_clk,83.52
_02080_,83.42
_04908_,83.36
clknet_leaf_128_clk,83.355
dmem.mem_write_en,83.24
_01977_,83.22
_04411_,83.2
_01980_,83.16
_03817_,83.02
clknet_leaf_72_clk,82.94
clknet_leaf_28_clk,82.92
_04894_,82.9
clknet_leaf_142_clk,82.82
_03251_,82.8
_06857_,82.8
_02846_,82.775
_06880_,82.7
if_id_reg.Instr_Out\[4\],82.69
dmem.ram\[16\]\[0\],82.55
_07466_,82.46
_03744_,82.44
_05439_,82.38
_07848_,82.38
_05055_,82.34
clknet_leaf_81_clk,82.32
_03527_,82.24
_01697_,82.14
_04177_,82.06
_07820_,82.01
dmem.ram\[51\]\[7\],82
_03782_,81.99
_03741_,81.96
_06953_,81.96
clknet_leaf_67_clk,81.9
_03526_,81.86
_04219_,81.86
_03200_,81.84
_02100_,81.76
_03539_,81.76
rr_ex_reg.pc_next_out\[12\],81.74
dmem.ram\[14\]\[13\],81.73
dmem.ram\[42\]\[9\],81.7
_07445_,81.675
_04056_,81.64
_05118_,81.6
dmem.ram\[5\]\[3\],81.585
dmem.ram\[42\]\[14\],81.52
_06306_,81.46
clknet_leaf_178_clk,81.455
_03034_,81.4
_02275_,81.3
_04574_,81.22
_05834_,81.195
_04407_,81.18
dmem.ram\[5\]\[14\],81.18
dmem.ram\[60\]\[12\],81.1
dmem.ram\[49\]\[8\],81.08
_01906_,81.04
_07018_,81.02
_07302_,81.02
_07928_,81.02
dmem.ram\[44\]\[12\],80.96
dmem.ram\[61\]\[12\],80.96
dmem.ram\[44\]\[3\],80.925
_07517_,80.92
_03746_,80.88
clknet_leaf_171_clk,80.88
clknet_leaf_167_clk,80.84
clknet_leaf_49_clk,80.8
_05373_,80.69
_04230_,80.68
_03559_,80.66
_02073_,80.62
dmem.ram\[63\]\[12\],80.62
clknet_leaf_45_clk,80.53
dmem.ram\[31\]\[14\],80.43
_06778_,80.34
_01739_,80.26
_03087_,80.18
_04838_,80.16
_05284_,80.16
_02151_,80.14
clknet_leaf_10_clk,80.06
dmem.ram\[8\]\[5\],80.02
_06026_,80
_01686_,79.98
_04815_,79.96
_06442_,79.84
_04450_,79.8
_07408_,79.8
_07799_,79.8
clknet_leaf_156_clk,79.78
_07966_,79.76
_02053_,79.74
_05310_,79.72
_04472_,79.71
dmem.ram\[50\]\[15\],79.68
_01928_,79.6
dmem.ram\[16\]\[7\],79.58
_04356_,79.5
dmem.ram\[62\]\[8\],79.485
_02329_,79.44
_04065_,79.4
dmem.ram\[34\]\[8\],79.38
_06769_,79.36
_07250_,79.24
dmem.ram\[31\]\[13\],79.24
clknet_leaf_34_clk,79.2
_05400_,79.16
_02901_,79.14
_02287_,79.12
_04674_,79.12
_05145_,79.12
net89,79.08
clknet_leaf_44_clk,79.08
_04437_,79.075
_07779_,78.98
ex_mm_reg.Rd_Data_Out_PR\[7\],78.94
clknet_leaf_203_clk,78.87
_03759_,78.86
_04158_,78.86
mm_wb_reg.Rd_Data_Out_PR\[12\],78.86
_02982_,78.84
dmem.ram\[1\]\[4\],78.8
_04611_,78.755
clknet_leaf_70_clk,78.7
_03439_,78.66
_04551_,78.64
_02196_,78.57
clknet_leaf_198_clk,78.54
dmem.ram\[5\]\[10\],78.385
_07988_,78.38
_02595_,78.34
_05329_,78.28
dmem.ram\[2\]\[13\],78.275
_04328_,78.22
_04025_,78.21
_02569_,78.16
clknet_leaf_66_clk,78.16
_03740_,78.15
dmem.ram\[7\]\[14\],78.12
_05189_,78.1
_03532_,78.02
_06191_,78.02
_05445_,77.99
_07142_,77.96
_01807_,77.94
_06384_,77.92
_04641_,77.9
_07300_,77.88
dmem.ram\[5\]\[11\],77.88
dmem.ram\[49\]\[12\],77.82
_05074_,77.78
_08003_,77.7
_05665_,77.68
clknet_leaf_22_clk,77.64
_06632_,77.62
clknet_leaf_5_clk,77.55
_02973_,77.54
_06987_,77.5
clknet_leaf_230_clk,77.5
_04054_,77.47
_08027_,77.46
_07961_,77.42
dmem.ram\[36\]\[12\],77.4
_05887_,77.38
clknet_leaf_59_clk,77.36
_05678_,77.32
_08131_,77.28
clknet_leaf_175_clk,77.28
clknet_leaf_11_clk,77.24
_07434_,77.22
clknet_leaf_144_clk,77.14
clknet_leaf_196_clk,77.14
_08083_,77.08
_05273_,77.06
_04708_,77.04
clknet_leaf_215_clk,77.02
_01122_,76.9
_06859_,76.81
_07971_,76.8
_04701_,76.76
_05544_,76.72
_06418_,76.72
_06601_,76.64
dmem.ram\[36\]\[4\],76.605
clknet_leaf_52_clk,76.6
dmem.ram\[53\]\[5\],76.47
_05372_,76.46
_05305_,76.44
_02315_,76.42
_05427_,76.38
mm_wb_reg.RegWrite_In,76.32
dmem.ram\[8\]\[9\],76.29
_02241_,76.22
clknet_leaf_88_clk,76.14
_05523_,76.12
_06013_,76.12
dmem.ram\[14\]\[8\],76.05
_05660_,75.96
_00003_,75.955
_07096_,75.86
dmem.ram\[26\]\[14\],75.845
_07651_,75.82
_02320_,75.8
_02980_,75.78
_07523_,75.78
_07560_,75.76
dmem.ram\[40\]\[0\],75.76
_02342_,75.74
_04557_,75.68
clknet_leaf_27_clk,75.45
_03206_,75.42
_04252_,75.42
_07833_,75.42
_02848_,75.37
_07014_,75.32
clknet_leaf_85_clk,75.32
clknet_leaf_166_clk,75.28
rr_ex_reg.RF_D1_Out\[15\],75.26
_07244_,75.22
clknet_leaf_16_clk,75.22
_04902_,75.18
_04294_,74.94
_04625_,74.94
_03457_,74.83
clknet_leaf_54_clk,74.83
_07414_,74.82
clknet_leaf_160_clk,74.82
clknet_leaf_134_clk,74.8
_05141_,74.76
dmem.ram\[20\]\[7\],74.65
_02686_,74.62
dmem.ram\[7\]\[11\],74.6
clknet_leaf_111_clk,74.6
_04824_,74.54
_05363_,74.48
_08032_,74.42
_04519_,74.395
dmem.ram\[30\]\[10\],74.385
_02828_,74.38
_04484_,74.32
_06374_,74.28
dmem.ram\[40\]\[12\],74.26
_05820_,74.2
_07515_,74.14
dmem.ram\[26\]\[6\],74.12
dmem.ram\[45\]\[11\],74.1
_02853_,74.02
dmem.ram\[58\]\[12\],73.9
_07388_,73.86
clknet_leaf_43_clk,73.85
_05057_,73.78
_02268_,73.7
_07232_,73.7
_04872_,73.68
_06171_,73.66
_08113_,73.58
dmem.ram\[49\]\[13\],73.48
_06229_,73.46
_06357_,73.46
_07832_,73.44
_07329_,73.42
dmem.ram\[22\]\[12\],73.35
id_rr_reg.instr_out\[3\],73.28
clknet_leaf_71_clk,73.28
clknet_leaf_232_clk,73.28
dmem.ram\[24\]\[6\],73.26
_07553_,73.22
dmem.ram\[50\]\[14\],73.175
_02168_,73.17
_00000_,73.15
_04548_,73.1
_07225_,73.08
_06364_,73.04
id_rr_reg.instr_out\[8\],73
_02031_,72.94
_02689_,72.89
_05299_,72.88
clknet_leaf_30_clk,72.88
_08132_,72.77
_07492_,72.76
_06328_,72.72
clknet_leaf_197_clk,72.72
dmem.ram\[34\]\[11\],72.7
_02798_,72.67
dmem.ram\[53\]\[4\],72.67
dmem.ram\[50\]\[9\],72.64
net90,72.56
_07595_,72.54
clknet_leaf_78_clk,72.54
clknet_leaf_102_clk,72.54
_05807_,72.46
clknet_leaf_120_clk,72.44
_06612_,72.42
_03647_,72.32
dmem.ram\[2\]\[9\],72.305
_02898_,72.28
_08104_,72.2
dmem.ram\[32\]\[9\],72.16
dmem.ram\[58\]\[7\],72.15
_06033_,72.12
dmem.ram\[22\]\[14\],72.11
dmem.ram\[62\]\[0\],72.085
_05343_,72.06
_06330_,72.06
dmem.ram\[44\]\[2\],72.055
_07895_,72.05
_03452_,72.04
_05677_,72.04
dmem.ram\[55\]\[6\],72.04
dmem.ram\[38\]\[10\],72.03
_06979_,72.02
_02858_,71.98
dmem.ram\[24\]\[3\],71.94
dmem.ram\[58\]\[11\],71.94
clknet_leaf_7_clk,71.915
dmem.ram\[10\]\[11\],71.89
_03155_,71.84
_02016_,71.78
_04562_,71.78
_06484_,71.76
ex_mm_reg.RF_D2_Out\[6\],71.74
dmem.ram\[7\]\[13\],71.71
clknet_leaf_195_clk,71.68
_04425_,71.66
dmem.ram\[47\]\[6\],71.64
_07647_,71.56
clknet_leaf_31_clk,71.54
_00912_,71.52
dmem.ram\[49\]\[2\],71.5
clknet_leaf_140_clk,71.5
rr_ex_reg.pc_next_out\[13\],71.46
clknet_leaf_168_clk,71.4
dmem.ram\[45\]\[9\],71.37
dmem.ram\[9\]\[12\],71.37
dmem.ram\[33\]\[1\],71.36
_05762_,71.35
_05281_,71.3
_01976_,71.28
dmem.ram\[24\]\[14\],71.24
clknet_leaf_77_clk,71.22
dmem.ram\[30\]\[14\],71.21
dmem.ram\[62\]\[3\],71.205
_02056_,71.2
dmem.ram\[60\]\[13\],71.18
_05691_,71.14
dmem.ram\[30\]\[11\],71.125
_03805_,71.1
rr_ex_reg.pc_next_out\[5\],71.1
clknet_leaf_109_clk,71.08
dmem.ram\[6\]\[3\],71.01
_06268_,71
dmem.ram\[50\]\[5\],70.99
dmem.ram\[35\]\[8\],70.98
dmem.ram\[62\]\[2\],70.905
_06579_,70.88
dmem.ram\[17\]\[10\],70.88
clknet_leaf_58_clk,70.84
_02734_,70.66
_07695_,70.66
_02043_,70.6
_02656_,70.58
_05296_,70.54
rr_ex_reg.pc_next_out\[4\],70.54
_06962_,70.5
clknet_leaf_152_clk,70.38
_08123_,70.34
_05988_,70.32
_03448_,70.3
_05768_,70.3
dmem.ram\[37\]\[3\],70.185
_02488_,70.08
_06341_,70.06
_07455_,69.96
_02379_,69.88
dmem.ram\[34\]\[6\],69.88
regfile.registerFile\[3\]\[0\],69.88
_05889_,69.87
_06415_,69.86
_07493_,69.84
clknet_leaf_105_clk,69.82
_03760_,69.8
_06652_,69.8
_02132_,69.78
_06039_,69.66
_02258_,69.58
_03664_,69.58
_06839_,69.58
clknet_leaf_223_clk,69.58
_03810_,69.56
_03766_,69.5
clknet_leaf_177_clk,69.48
clknet_leaf_93_clk,69.38
_07543_,69.32
dmem.ram\[25\]\[5\],69.32
mm_wb_reg.Rd_Data_Out_PR\[2\],69.31
_02959_,69.3
_03699_,69.3
_05140_,69.28
_02135_,69.26
_04833_,69.26
_03776_,69.19
dmem.ram\[43\]\[9\],69.18
_02424_,69.17
_04964_,69.16
dmem.ram\[27\]\[14\],69.16
dmem.ram\[50\]\[10\],69.16
dmem.ram\[20\]\[13\],69.09
_01676_,69.08
dmem.ram\[44\]\[8\],69.08
dmem.ram\[38\]\[4\],69.045
dmem.ram\[44\]\[10\],69.02
clknet_leaf_76_clk,68.98
_04890_,68.94
_03503_,68.92
dmem.ram\[9\]\[13\],68.92
clknet_leaf_80_clk,68.84
clknet_leaf_35_clk,68.8
_05802_,68.76
clknet_leaf_123_clk,68.74
dmem.ram\[38\]\[11\],68.71
dmem.ram\[6\]\[2\],68.695
_05969_,68.66
_03152_,68.555
_03755_,68.54
_03535_,68.43
dmem.ram\[19\]\[10\],68.37
_04489_,68.36
_06409_,68.34
_03143_,68.335
dmem.ram\[13\]\[12\],68.33
dmem.ram\[62\]\[11\],68.33
_04210_,68.3
_02522_,68.22
_06332_,68.2
_07551_,68.2
_02386_,68.18
_07740_,68.18
_04760_,68.14
if_id_reg.Instr_Out\[3\],68.14
_02260_,68.12
_02044_,68.08
net1071,68.06
_05982_,68.04
_03205_,68.02
clknet_leaf_182_clk,68.02
_07412_,67.94
_03052_,67.92
_04880_,67.92
dmem.ram\[41\]\[0\],67.92
_03987_,67.84
regfile.registerFile\[4\]\[9\],67.84
dmem.ram\[17\]\[2\],67.82
_05210_,67.8
net97,67.78
clknet_leaf_188_clk,67.76
rr_ex_reg.pc_next_out\[7\],67.74
dmem.ram\[12\]\[9\],67.715
dmem.ram\[58\]\[9\],67.7
_04603_,67.68
_05225_,67.68
clknet_leaf_48_clk,67.68
clknet_leaf_36_clk,67.64
clknet_leaf_233_clk,67.58
dmem.ram\[61\]\[11\],67.52
_05083_,67.48
dmem.ram\[41\]\[2\],67.48
_06153_,67.46
dmem.ram\[61\]\[9\],67.46
_05271_,67.44
ex_mm_reg.RF_D2_Out\[0\],67.42
_07132_,67.38
dmem.ram\[49\]\[11\],67.28
dmem.ram\[8\]\[10\],67.26
dmem.ram\[51\]\[8\],67.22
_07382_,67.18
_03787_,67.16
_00471_,67.125
_02292_,67.12
_04759_,67.06
clknet_leaf_61_clk,67.055
dmem.ram\[3\]\[14\],67.05
_05035_,67.04
_06264_,67.02
_06043_,66.98
_03261_,66.92
_04703_,66.9
dmem.ram\[50\]\[6\],66.895
_06057_,66.88
clknet_leaf_119_clk,66.86
_05087_,66.84
_02243_,66.82
_07723_,66.78
_06051_,66.7
ex_mm_reg.Rd_Data_Out_PR\[9\],66.68
_03762_,66.64
_04761_,66.64
_03611_,66.56
_05016_,66.56
_07732_,66.56
_01831_,66.54
clknet_leaf_96_clk,66.5
_05207_,66.48
_07589_,66.46
_03504_,66.44
_05868_,66.43
dmem.ram\[39\]\[1\],66.4
_03765_,66.38
_05832_,66.325
_02869_,66.28
dmem.ram\[58\]\[15\],66.16
_04349_,66.15
clknet_leaf_225_clk,66.135
dmem.ram\[19\]\[4\],66.1
clknet_leaf_200_clk,66.08
_01687_,66.06
_02820_,66.06
clknet_leaf_127_clk,66.06
rr_ex_reg.instr_out\[7\],66
clknet_leaf_15_clk,65.96
_05243_,65.92
dmem.ram\[28\]\[6\],65.84
_06837_,65.78
dmem.ram\[48\]\[13\],65.78
dmem.ram\[11\]\[6\],65.76
_04118_,65.68
clknet_leaf_199_clk,65.66
if_id_reg.PC_Next_Out\[11\],65.6
_02733_,65.5
dmem.ram\[2\]\[8\],65.495
_04162_,65.48
_06131_,65.43
dmem.ram\[3\]\[12\],65.4
_04626_,65.34
_02254_,65.32
_07230_,65.3
_05780_,65.26
_06436_,65.26
_07371_,65.26
dmem.ram\[42\]\[11\],65.23
clknet_leaf_55_clk,65.22
_04089_,65.21
clknet_leaf_219_clk,65.14
_01652_,65.13
_02899_,64.94
_06671_,64.94
dmem.ram\[6\]\[8\],64.93
_03794_,64.92
_05784_,64.92
_05181_,64.86
_02095_,64.84
_07894_,64.84
dmem.ram\[58\]\[5\],64.84
id_rr_reg.instr_out\[11\],64.84
clknet_leaf_82_clk,64.78
_04353_,64.68
_06809_,64.68
dmem.ram\[43\]\[12\],64.64
_07693_,64.58
rr_ex_reg.pc_next_out\[14\],64.58
_02465_,64.56
_04597_,64.56
id_rr_reg.instr_out\[4\],64.56
dmem.ram\[10\]\[10\],64.545
_06116_,64.54
_07272_,64.5
_02322_,64.48
dmem.ram\[42\]\[3\],64.48
_02949_,64.4
dmem.ram\[14\]\[9\],64.39
dmem.ram\[14\]\[1\],64.34
_03121_,64.32
_04185_,64.2
_04106_,64.14
_06463_,64.13
_02867_,64.12
_06591_,64.1
clknet_leaf_186_clk,64.1
dmem.ram\[32\]\[10\],64.06
_03241_,63.98
_04027_,63.98
dmem.ram\[60\]\[14\],63.98
dmem.ram\[2\]\[6\],63.885
_03199_,63.88
_02737_,63.84
_04806_,63.8
clknet_leaf_24_clk,63.79
_06929_,63.76
dmem.ram\[48\]\[9\],63.76
_05907_,63.67
clknet_leaf_205_clk,63.6
_03438_,63.58
_07365_,63.54
mm_wb_reg.Rd_Addr_Out_PR\[1\],63.54
_01944_,63.52
dmem.ram\[37\]\[12\],63.475
_07815_,63.375
_06291_,63.36
clknet_leaf_40_clk,63.32
dmem.ram\[30\]\[12\],63.315
_01959_,63.31
_05514_,63.28
_07883_,63.24
_03177_,63.16
_03229_,63.12
_06983_,63.04
_03521_,63.03
dmem.ram\[62\]\[1\],62.99
_05236_,62.98
_03234_,62.96
_05766_,62.92
_06334_,62.92
_06569_,62.92
dmem.ram\[38\]\[12\],62.905
_05587_,62.86
mm_wb_reg.Rd_Data_Out_PR\[11\],62.86
_07440_,62.84
_07702_,62.84
dmem.ram\[36\]\[10\],62.84
_06971_,62.82
clknet_leaf_124_clk,62.78
dmem.ram\[55\]\[7\],62.77
clknet_leaf_226_clk,62.735
dmem.ram\[57\]\[9\],62.72
_05905_,62.7
dmem.ram\[60\]\[8\],62.7
_06847_,62.57
id_rr_reg.instr_out\[7\],62.56
_03202_,62.54
_07631_,62.54
dmem.ram\[33\]\[8\],62.54
clknet_leaf_103_clk,62.5
_05848_,62.46
_06596_,62.46
clknet_leaf_155_clk,62.46
_03447_,62.44
clknet_leaf_221_clk,62.42
_07638_,62.4
_02855_,62.38
_04852_,62.38
_07605_,62.38
clknet_leaf_17_clk,62.38
clknet_leaf_32_clk,62.38
_04343_,62.34
dmem.ram\[37\]\[8\],62.3
_03996_,62.28
_03247_,62.26
_02116_,62.22
_04224_,62.22
_07744_,62.22
dmem.ram\[24\]\[7\],62.2
_04194_,62.18
dmem.ram\[9\]\[9\],62.18
clknet_leaf_38_clk,62.18
_01810_,62.17
_04020_,62.14
dmem.ram\[58\]\[14\],62.14
_05831_,62.12
dmem.ram\[12\]\[10\],62.12
_07624_,62.1
clknet_leaf_4_clk,62.08
_02213_,62.04
_07602_,62.04
clknet_leaf_20_clk,61.98
_02327_,61.94
_07571_,61.94
_04885_,61.93
dmem.ram\[41\]\[3\],61.88
dmem.ram\[61\]\[8\],61.88
regfile.registerFile\[5\]\[0\],61.86
_07407_,61.84
clknet_leaf_190_clk,61.84
_03000_,61.82
_04254_,61.735
_04516_,61.7
_00470_,61.645
dmem.ram\[3\]\[13\],61.64
_03149_,61.62
_06359_,61.62
clknet_leaf_149_clk,61.58
_06904_,61.56
dmem.ram\[63\]\[8\],61.56
_02113_,61.54
_03525_,61.5
regfile.registerFile\[3\]\[1\],61.5
dmem.ram\[43\]\[13\],61.48
dmem.ram\[28\]\[13\],61.46
_02957_,61.42
dmem.ram\[59\]\[1\],61.42
dmem.ram\[42\]\[2\],61.34
dmem.ram\[38\]\[14\],61.325
_07179_,61.32
_05743_,61.26
_02223_,61.22
_05687_,61.22
_02282_,61.18
dmem.ram\[12\]\[13\],61.18
dmem.ram\[31\]\[9\],61.16
dmem.ram\[49\]\[10\],61.16
_01678_,61.125
_07316_,61.12
dmem.ram\[28\]\[9\],61.115
dmem.ram\[20\]\[8\],61.11
_01099_,61.065
clknet_leaf_73_clk,61.03
_04336_,61
_06443_,61
dmem.ram\[7\]\[2\],61
dmem.ram\[44\]\[1\],60.98
_02027_,60.96
dmem.ram\[7\]\[7\],60.96
clknet_leaf_130_clk,60.93
dmem.ram\[42\]\[8\],60.92
clknet_leaf_217_clk,60.92
clknet_leaf_18_clk,60.9
clknet_leaf_79_clk,60.9
dmem.ram\[32\]\[4\],60.88
dmem.ram\[1\]\[0\],60.86
dmem.ram\[8\]\[3\],60.86
dmem.ram\[43\]\[11\],60.78
clknet_leaf_143_clk,60.78
_05763_,60.76
dmem.ram\[62\]\[10\],60.745
dmem.ram\[18\]\[7\],60.705
dmem.ram\[41\]\[12\],60.7
dmem.ram\[6\]\[4\],60.69
_02110_,60.66
dmem.ram\[17\]\[9\],60.64
_07461_,60.56
clknet_leaf_218_clk,60.5
_05261_,60.48
dmem.ram\[17\]\[1\],60.42
_05502_,60.41
clknet_leaf_42_clk,60.4
_07765_,60.34
dmem.ram\[40\]\[2\],60.34
_05034_,60.32
_08184_,60.3
dmem.ram\[45\]\[12\],60.26
dmem.ram\[26\]\[3\],60.23
_05458_,60.22
_02872_,60.14
_05090_,60.14
net104,60.14
_03171_,60.08
net22,60.04
_01130_,60.02
_04040_,60.02
net148,60.02
_03530_,60.01
_03522_,60
_07686_,59.96
_03989_,59.82
_01818_,59.8
_05788_,59.78
id_rr_reg.instr_out\[5\],59.74
_05144_,59.66
_03749_,59.64
_02844_,59.62
_03793_,59.57
_03350_,59.46
_03036_,59.42
regfile.registerFile\[2\]\[0\],59.415
_04029_,59.4
dmem.ram\[36\]\[9\],59.36
_04546_,59.28
_04132_,59.16
net17,59.16
clknet_leaf_214_clk,59.12
dmem.ram\[61\]\[4\],59.085
_04097_,59.08
clknet_leaf_229_clk,59.06
dmem.ram\[29\]\[14\],59.05
_02347_,59.04
_04558_,58.98
_01974_,58.96
_04770_,58.96
_07810_,58.96
if_id_reg.PC_Next_Out\[9\],58.96
dmem.ram\[39\]\[10\],58.92
dmem.ram\[6\]\[5\],58.905
_05786_,58.88
_07290_,58.88
_06799_,58.86
_02131_,58.84
_04566_,58.78
_03314_,58.76
_02727_,58.74
dmem.ram\[41\]\[5\],58.66
_07683_,58.62
_07049_,58.6
dmem.ram\[28\]\[14\],58.6
_04813_,58.58
_04582_,58.54
dmem.ram\[60\]\[15\],58.54
dmem.ram\[39\]\[3\],58.46
_05031_,58.44
clknet_leaf_174_clk,58.44
_06326_,58.4
_02731_,58.39
rr_ex_reg.instr_out\[0\],58.38
_06083_,58.36
dmem.ram\[40\]\[13\],58.34
_01764_,58.32
_07419_,58.18
dmem.ram\[63\]\[2\],58.16
_07424_,58.14
_03750_,58.08
_03984_,58.08
_07242_,58.02
_02838_,58
_05426_,57.96
_04748_,57.94
dmem.ram\[50\]\[4\],57.94
_02617_,57.91
_04390_,57.9
_04563_,57.9
dmem.ram\[0\]\[4\],57.88
_02730_,57.87
_03519_,57.82
_05194_,57.8
_06955_,57.8
clknet_leaf_104_clk,57.76
_02108_,57.72
if_id_reg.Instr_Out\[2\],57.7
rr_ex_reg.pc_next_out\[0\],57.7
_06878_,57.68
_03246_,57.66
_06807_,57.66
_02496_,57.64
_04435_,57.64
_05263_,57.64
_08133_,57.64
_04142_,57.52
dmem.ram\[49\]\[1\],57.5
dmem.ram\[1\]\[3\],57.46
dmem.ram\[19\]\[7\],57.42
_03777_,57.38
dmem.ram\[63\]\[0\],57.36
_07753_,57.34
dmem.ram\[7\]\[12\],57.315
_03198_,57.3
_03181_,57.28
_05000_,57.28
dmem.ram\[55\]\[12\],57.26
_02046_,57.22
_04285_,57.2
_07658_,57.2
_04836_,57.12
dmem.ram\[59\]\[12\],57.1
_02127_,57.04
clknet_leaf_164_clk,57
_02029_,56.98
_03104_,56.98
_06316_,56.98
clknet_leaf_100_clk,56.98
dmem.ram\[2\]\[12\],56.955
_03854_,56.94
_07748_,56.86
dmem.ram\[49\]\[9\],56.84
_01743_,56.78
_01758_,56.78
_04157_,56.78
dmem.ram\[33\]\[12\],56.78
clknet_leaf_112_clk,56.78
_04197_,56.76
clknet_leaf_90_clk,56.76
_04427_,56.755
clknet_leaf_6_clk,56.755
_03800_,56.74
_01985_,56.735
_07358_,56.72
clknet_leaf_126_clk,56.68
dmem.ram\[63\]\[11\],56.64
_06644_,56.62
dmem.ram\[20\]\[2\],56.62
regfile.registerFile\[1\]\[1\],56.62
net166,56.62
_04698_,56.6
_03509_,56.58
net171,56.56
regfile.registerFile\[2\]\[12\],56.51
rr_ex_reg.RF_D2_Out\[10\],56.5
clknet_leaf_194_clk,56.48
_05853_,56.47
_04733_,56.4
_06730_,56.4
_07865_,56.38
dmem.ram\[26\]\[12\],56.365
_04672_,56.3
_05612_,56.3
_04658_,56.28
dmem.ram\[46\]\[15\],56.22
_02262_,56.2
regfile.registerFile\[4\]\[4\],56.195
_02331_,56.18
dmem.ram\[29\]\[9\],56.165
_05576_,56.16
clknet_leaf_157_clk,56.14
_03233_,56.06
_03574_,56.04
_06965_,56.04
_03486_,55.98
mm_wb_reg.Rd_Data_Out_PR\[9\],55.98
_07746_,55.97
_03162_,55.94
dmem.ram\[40\]\[15\],55.92
clknet_leaf_192_clk,55.9
_08110_,55.86
_06879_,55.84
dmem.ram\[39\]\[8\],55.82
dmem.ram\[13\]\[6\],55.76
dmem.ram\[16\]\[2\],55.76
dmem.ram\[34\]\[3\],55.74
_05673_,55.68
clknet_leaf_108_clk,55.64
_07908_,55.62
dmem.ram\[0\]\[3\],55.6
dmem.ram\[61\]\[6\],55.57
_06438_,55.54
regfile.registerFile\[4\]\[6\],55.5
_02011_,55.48
_05233_,55.46
dmem.ram\[32\]\[14\],55.36
_03508_,55.34
_05268_,55.32
_02826_,55.3
_08147_,55.3
dmem.ram\[57\]\[5\],55.28
clknet_leaf_202_clk,55.28
regfile.registerFile\[1\]\[0\],55.26
_03130_,55.24
dmem.ram\[40\]\[11\],55.24
_04361_,55.2
mm_wb_reg.Rd_Data_Out_PR\[14\],55.18
clknet_leaf_206_clk,55.16
dmem.ram\[0\]\[6\],55.1
dmem.ram\[4\]\[9\],55.085
_01738_,55.08
_07614_,55.04
dmem.ram\[23\]\[13\],54.92
_01990_,54.9
dmem.ram\[35\]\[4\],54.86
dmem.ram\[52\]\[15\],54.84
dmem.ram\[10\]\[9\],54.71
rr_ex_reg.instr_out\[6\],54.68
_07611_,54.64
clknet_leaf_129_clk,54.64
_04702_,54.6
dmem.ram\[32\]\[6\],54.6
dmem.ram\[7\]\[0\],54.6
clknet_leaf_98_clk,54.6
_06932_,54.59
_03242_,54.52
_04147_,54.52
clknet_leaf_57_clk,54.52
_07496_,54.5
rr_ex_reg.RF_D2_Out\[12\],54.5
_01849_,54.48
rr_ex_reg.pc_next_out\[3\],54.48
clknet_leaf_113_clk,54.48
_05595_,54.46
_06984_,54.46
_03560_,54.42
_03799_,54.4
_05258_,54.4
_07730_,54.38
_06803_,54.36
_07654_,54.36
_02062_,54.34
_04304_,54.34
_06958_,54.34
dmem.ram\[24\]\[12\],54.34
_02612_,54.32
_06645_,54.32
dmem.ram\[51\]\[4\],54.3
dmem.ram\[61\]\[3\],54.25
_08126_,54.24
regfile.registerFile\[4\]\[7\],54.18
_08088_,54.175
mm_wb_reg.Rd_Data_Out_PR\[0\],54.12
_07610_,54.06
_07863_,54.02
_02035_,53.98
net138,53.98
_03770_,53.93
_06822_,53.88
clknet_leaf_101_clk,53.88
_07000_,53.86
dmem.ram\[20\]\[3\],53.86
imem.rom\[8\]\[11\],53.86
_03774_,53.84
dmem.ram\[45\]\[8\],53.84
clknet_leaf_150_clk,53.74
_07991_,53.64
dmem.ram\[31\]\[11\],53.62
dmem.ram\[51\]\[15\],53.62
_05378_,53.595
_03089_,53.58
_04125_,53.58
dmem.ram\[48\]\[8\],53.58
dmem.ram\[22\]\[7\],53.465
_04610_,53.45
_05899_,53.39
clknet_leaf_212_clk,53.38
_04594_,53.26
dmem.ram\[19\]\[14\],53.26
dmem.ram\[18\]\[14\],53.25
_04300_,53.24
_02896_,53.18
dmem.ram\[32\]\[12\],53.04
_04051_,53.02
_04736_,53.02
_05070_,53
_07628_,52.99
_02756_,52.96
_07189_,52.885
_07217_,52.88
_07588_,52.88
_07780_,52.83
_08075_,52.8
dmem.ram\[20\]\[1\],52.78
_03771_,52.74
clknet_leaf_46_clk,52.72
_07662_,52.68
_03228_,52.62
dmem.ram\[58\]\[8\],52.62
_02118_,52.6
_04099_,52.6
_06846_,52.52
dmem.ram\[57\]\[4\],52.52
_03176_,52.46
dmem.ram\[60\]\[11\],52.42
_03139_,52.4
dmem.ram\[29\]\[13\],52.38
_06995_,52.35
dmem.ram\[37\]\[10\],52.3
dmem.ram\[28\]\[12\],52.295
dmem.ram\[13\]\[1\],52.28
dmem.ram\[58\]\[10\],52.18
_04240_,52.16
clknet_leaf_185_clk,52.16
clknet_leaf_170_clk,52.14
_04515_,52.13
clknet_leaf_208_clk,52.13
_05169_,52.12
dmem.ram\[24\]\[1\],52.12
_04706_,52.1
_02713_,52.08
clknet_leaf_137_clk,52.055
dmem.ram\[38\]\[1\],52.005
_06801_,51.94
dmem.ram\[20\]\[12\],51.9
_07068_,51.88
_01776_,51.84
_04523_,51.84
_05702_,51.84
_03219_,51.82
clknet_leaf_60_clk,51.82
_07539_,51.805
_07729_,51.76
_05274_,51.72
dmem.ram\[52\]\[14\],51.72
_03165_,51.695
_07719_,51.68
clknet_leaf_135_clk,51.68
mm_wb_reg.Rd_Data_Out_PR\[10\],51.64
clknet_leaf_19_clk,51.62
dmem.ram\[39\]\[4\],51.6
_03159_,51.56
_04935_,51.56
_07086_,51.56
clknet_leaf_106_clk,51.56
_03144_,51.54
_02334_,51.5
_04875_,51.48
_04232_,51.42
dmem.ram\[32\]\[5\],51.42
_04749_,51.38
dmem.ram\[40\]\[9\],51.38
_03739_,51.36
_02090_,51.32
dmem.ram\[21\]\[13\],51.32
imem.rom\[1\]\[15\],51.32
_06820_,51.28
_06548_,51.26
dmem.ram\[16\]\[1\],51.26
_03308_,51.24
dmem.ram\[42\]\[6\],51.22
dmem.ram\[45\]\[10\],51.18
_07773_,51.16
_03824_,51.14
dmem.ram\[44\]\[7\],51.125
dmem.ram\[40\]\[8\],51.12
_03758_,51.1
dmem.ram\[47\]\[4\],51.02
dmem.ram\[26\]\[7\],50.965
_02645_,50.96
rr_ex_reg.instr_out\[15\],50.94
rr_ex_reg.RF_D2_Out\[0\],50.93
dmem.ram\[42\]\[5\],50.88
dmem.ram\[63\]\[3\],50.88
_04033_,50.86
_05418_,50.84
rr_ex_reg.RF_D2_Out\[9\],50.84
_03958_,50.78
_06281_,50.78
_07760_,50.76
_03466_,50.74
clknet_leaf_65_clk,50.74
dmem.ram\[6\]\[9\],50.725
dmem.ram\[11\]\[7\],50.72
_02481_,50.68
rr_ex_reg.RF_D2_Out\[2\],50.68
dmem.ram\[1\]\[5\],50.66
dmem.ram\[36\]\[14\],50.66
_01707_,50.62
dmem.ram\[16\]\[3\],50.62
dmem.ram\[18\]\[6\],50.58
clknet_leaf_125_clk,50.58
_04036_,50.56
_05934_,50.56
_08155_,50.56
dmem.ram\[44\]\[0\],50.56
dmem.ram\[42\]\[7\],50.54
clknet_leaf_148_clk,50.535
_06919_,50.525
_02671_,50.5
_07720_,50.5
_03184_,50.48
regfile.registerFile\[4\]\[5\],50.46
rr_ex_reg.RF_A2_Out\[1\],50.43
dmem.ram\[14\]\[2\],50.395
_03119_,50.32
dmem.ram\[0\]\[5\],50.32
dmem.ram\[17\]\[5\],50.3
_02785_,50.275
dmem.ram\[14\]\[3\],50.265
_06952_,50.22
dmem.ram\[61\]\[2\],50.205
dmem.ram\[50\]\[11\],50.16
dmem.ram\[54\]\[4\],50.12
dmem.ram\[1\]\[2\],50.1
dmem.ram\[54\]\[2\],50.1
regfile.registerFile\[7\]\[3\],50.08
_05930_,50.06
_07747_,50.02
dmem.ram\[40\]\[10\],50.02
dmem.ram\[7\]\[1\],50.02
_03792_,50
dmem.ram\[63\]\[1\],49.99
_03906_,49.985
_06871_,49.98
_05240_,49.86
dmem.ram\[30\]\[5\],49.85
dmem.ram\[42\]\[10\],49.845
_03513_,49.8
_05682_,49.8
clknet_leaf_86_clk,49.8
_03210_,49.76
_03256_,49.76
_07727_,49.74
rr_ex_reg.pc_next_out\[2\],49.71
imem.rom\[5\]\[4\],49.66
_07507_,49.64
_07621_,49.64
clknet_leaf_94_clk,49.64
_08161_,49.62
_05022_,49.52
_02708_,49.44
_06825_,49.42
_05223_,49.36
_06811_,49.3
dmem.ram\[55\]\[4\],49.3
dmem.ram\[17\]\[14\],49.28
dmem.ram\[6\]\[11\],49.265
_04063_,49.26
_04857_,49.26
_05881_,49.24
_03443_,49.22
if_id_reg.PC_Next_Out\[12\],49.22
_05133_,49.2
dmem.ram\[8\]\[0\],49.14
dmem.ram\[29\]\[6\],49.085
dmem.ram\[50\]\[13\],48.94
rr_ex_reg.pc_next_out\[1\],48.9
dmem.ram\[36\]\[7\],48.89
_03402_,48.86
dmem.ram\[57\]\[11\],48.81
dmem.ram\[27\]\[10\],48.76
dmem.ram\[45\]\[7\],48.755
dmem.ram\[20\]\[5\],48.75
_04140_,48.72
_05775_,48.72
_03174_,48.7
clknet_leaf_138_clk,48.7
dmem.ram\[8\]\[2\],48.68
_02715_,48.66
dmem.ram\[42\]\[1\],48.66
_06701_,48.61
_02270_,48.6
dmem.ram\[46\]\[9\],48.58
dmem.ram\[47\]\[7\],48.58
_02781_,48.54
_07899_,48.535
_01939_,48.52
_05419_,48.46
clknet_leaf_154_clk,48.44
dmem.ram\[22\]\[3\],48.435
_03796_,48.42
_03669_,48.405
_04874_,48.4
_06243_,48.4
_02811_,48.38
_03183_,48.36
_05697_,48.36
_08199_,48.36
_07380_,48.32
_04953_,48.3
_04881_,48.28
_07471_,48.28
dmem.ram\[34\]\[1\],48.28
_02680_,48.24
_03279_,48.24
net169,48.24
_03520_,48.22
dmem.ram\[33\]\[15\],48.2
_07756_,48.18
_01677_,48.15
_04174_,48.14
dmem.ram\[39\]\[15\],48.12
_06336_,48.08
dmem.ram\[36\]\[6\],48.025
_03460_,48.02
_05796_,48
_03306_,47.98
_07818_,47.98
dmem.ram\[37\]\[0\],47.98
if_id_reg.PC_Next_Out\[4\],47.98
dmem.ram\[6\]\[10\],47.965
net93,47.92
_05840_,47.9
dmem.ram\[24\]\[13\],47.9
_01674_,47.87
dmem.ram\[38\]\[8\],47.865
_03514_,47.85
_07763_,47.84
dmem.ram\[13\]\[15\],47.77
dmem.ram\[24\]\[5\],47.77
dmem.ram\[3\]\[4\],47.74
dmem.ram\[9\]\[8\],47.74
dmem.ram\[20\]\[4\],47.685
net164,47.675
_05463_,47.66
_06361_,47.66
dmem.ram\[35\]\[15\],47.66
_03026_,47.6
_03982_,47.6
_04530_,47.6
dmem.ram\[26\]\[4\],47.565
dmem.ram\[13\]\[5\],47.56
mm_wb_reg.Rd_Data_Out_PR\[1\],47.54
_03493_,47.48
dmem.ram\[16\]\[9\],47.48
regfile.registerFile\[1\]\[3\],47.48
clknet_leaf_132_clk,47.48
_04182_,47.45
_06635_,47.44
imem.rom\[5\]\[14\],47.44
dmem.ram\[60\]\[10\],47.42
dmem.ram\[38\]\[13\],47.405
_06735_,47.38
dmem.ram\[30\]\[13\],47.325
_07353_,47.32
_08111_,47.32
dmem.ram\[1\]\[1\],47.32
dmem.ram\[61\]\[13\],47.32
regfile.registerFile\[4\]\[8\],47.32
_04178_,47.28
_04007_,47.26
dmem.ram\[32\]\[8\],47.24
_03419_,47.2
_06422_,47.16
_03752_,47.14
_04273_,47.14
_02927_,47.1
_03706_,47.1
_05890_,47.04
dmem.ram\[12\]\[8\],47.025
_07615_,47.02
_03451_,46.99
_03705_,46.98
_05505_,46.95
_05197_,46.94
dmem.ram\[44\]\[6\],46.93
dmem.ram\[39\]\[12\],46.9
_02324_,46.88
_07010_,46.88
dmem.ram\[56\]\[10\],46.86
dmem.ram\[59\]\[2\],46.84
_03892_,46.82
dmem.ram\[33\]\[2\],46.82
dmem.ram\[16\]\[10\],46.8
rr_ex_reg.RF_D1_Out\[9\],46.8
dmem.ram\[52\]\[7\],46.765
dmem.ram\[56\]\[5\],46.74
_04136_,46.68
_04290_,46.68
dmem.ram\[51\]\[10\],46.64
dmem.ram\[5\]\[4\],46.595
_03385_,46.58
dmem.ram\[41\]\[10\],46.58
_02060_,46.56
_04856_,46.54
dmem.ram\[13\]\[7\],46.53
_03456_,46.48
_03542_,46.48
_01863_,46.46
_07762_,46.44
clknet_leaf_89_clk,46.44
clknet_leaf_41_clk,46.42
_02527_,46.38
_07604_,46.38
_08014_,46.375
_02999_,46.36
clknet_leaf_153_clk,46.36
dmem.ram\[26\]\[13\],46.325
dmem.ram\[46\]\[12\],46.32
_06874_,46.3
dmem.ram\[5\]\[15\],46.3
_07752_,46.24
dmem.ram\[40\]\[4\],46.24
_07606_,46.23
_03944_,46.2
_05286_,46.2
dmem.ram\[36\]\[11\],46.2
_02920_,46.16
_04485_,46.14
_06909_,46.135
_07023_,46.12
dmem.ram\[20\]\[14\],46.12
dmem.ram\[32\]\[13\],46.12
_03180_,46.11
dmem.ram\[29\]\[10\],46.1
dmem.ram\[3\]\[8\],46.1
dmem.ram\[57\]\[3\],46.08
_02911_,46.04
dmem.ram\[20\]\[9\],46.005
_07622_,46
_04769_,45.98
_05932_,45.96
dmem.ram\[40\]\[3\],45.96
_03218_,45.94
_06855_,45.94
_07487_,45.84
clknet_leaf_12_clk,45.84
_01799_,45.82
_03186_,45.82
_07667_,45.8
_08200_,45.8
_08093_,45.76
dmem.ram\[6\]\[7\],45.75
_03495_,45.74
dmem.ram\[16\]\[4\],45.71
_02843_,45.68
_03815_,45.68
clknet_leaf_220_clk,45.64
regfile.registerFile\[6\]\[1\],45.61
dmem.ram\[4\]\[8\],45.605
_01982_,45.6
_04804_,45.6
net173,45.58
_01746_,45.56
_07857_,45.56
_05818_,45.52
_03713_,45.5
_07652_,45.5
dmem.ram\[16\]\[5\],45.5
_05666_,45.46
_07661_,45.46
dmem.ram\[35\]\[1\],45.44
dmem.ram\[37\]\[11\],45.42
dmem.ram\[18\]\[0\],45.415
dmem.ram\[36\]\[1\],45.4
dmem.ram\[21\]\[14\],45.36
_04763_,45.355
_06637_,45.34
_07151_,45.32
_06617_,45.28
regfile.registerFile\[2\]\[6\],45.275
dmem.ram\[2\]\[7\],45.265
_02137_,45.26
dmem.ram\[45\]\[13\],45.26
dmem.ram\[50\]\[12\],45.26
dmem.ram\[6\]\[0\],45.185
_03461_,45.18
dmem.ram\[54\]\[14\],45.14
dmem.ram\[24\]\[4\],45.13
_04018_,45.12
_06440_,45.06
_07754_,45.04
dmem.ram\[49\]\[7\],45.03
dmem.ram\[22\]\[6\],45.025
dmem.ram\[5\]\[5\],44.99
_06092_,44.94
dmem.ram\[16\]\[12\],44.94
_06196_,44.935
_06339_,44.88
_07572_,44.88
_02006_,44.86
dmem.ram\[35\]\[0\],44.86
regfile.registerFile\[5\]\[2\],44.86
regfile.registerFile\[7\]\[12\],44.86
_03367_,44.84
_06675_,44.82
mm_wb_reg.Rd_Data_Out_PR\[8\],44.81
_06885_,44.8
_03819_,44.76
_08009_,44.76
regfile.registerFile\[2\]\[4\],44.76
dmem.ram\[37\]\[5\],44.755
_00181_,44.725
dmem.ram\[2\]\[10\],44.725
rr_ex_reg.pc_next_out\[11\],44.72
_04167_,44.7
_04567_,44.64
dmem.ram\[49\]\[15\],44.64
clknet_leaf_75_clk,44.62
dmem.ram\[9\]\[6\],44.6
_05577_,44.58
_02619_,44.56
_06622_,44.56
dmem.ram\[27\]\[9\],44.54
dmem.ram\[51\]\[5\],44.54
dmem.ram\[2\]\[11\],44.525
_04618_,44.51
dmem.ram\[40\]\[6\],44.5
_02975_,44.48
_03753_,44.44
_03715_,44.42
_05484_,44.4
_03469_,44.34
_06069_,44.29
dmem.ram\[16\]\[8\],44.26
dmem.ram\[15\]\[7\],44.2
_04160_,44.17
_02050_,44.14
_01718_,44.08
dmem.ram\[39\]\[0\],44.02
_06977_,43.92
imem.rom\[2\]\[2\],43.865
_01750_,43.86
_03257_,43.82
_05960_,43.82
_03167_,43.8
_02709_,43.78
dmem.ram\[18\]\[5\],43.765
_02967_,43.76
_06978_,43.76
_08119_,43.76
dmem.ram\[28\]\[7\],43.75
_03430_,43.74
_03459_,43.74
_08128_,43.74
rr_ex_reg.RF_D2_Out\[11\],43.7
_06927_,43.68
_04532_,43.66
_07789_,43.66
dmem.ram\[16\]\[6\],43.66
_06902_,43.64
_04134_,43.62
_04750_,43.62
_07035_,43.615
_07771_,43.6
dmem.ram\[30\]\[7\],43.59
dmem.ram\[0\]\[15\],43.58
dmem.ram\[10\]\[14\],43.565
_06806_,43.56
dmem.ram\[48\]\[5\],43.56
_05496_,43.54
_02543_,43.52
regfile.registerFile\[3\]\[13\],43.52
dmem.ram\[27\]\[11\],43.48
_07032_,43.46
dmem.ram\[54\]\[15\],43.4
_01651_,43.39
_04985_,43.38
dmem.ram\[32\]\[7\],43.38
dmem.ram\[58\]\[13\],43.37
_08210_,43.34
_07576_,43.32
dmem.ram\[54\]\[13\],43.32
_07028_,43.275
dmem.ram\[56\]\[11\],43.26
regfile.registerFile\[7\]\[10\],43.24
_07039_,43.18
regfile.registerFile\[7\]\[7\],43.16
regfile.registerFile\[4\]\[12\],43.12
dmem.ram\[29\]\[12\],43.1
dmem.ram\[23\]\[12\],43.08
dmem.ram\[27\]\[3\],43.04
_02823_,43.02
dmem.ram\[0\]\[7\],43.02
_04262_,43
dmem.ram\[63\]\[10\],42.98
dmem.ram\[59\]\[13\],42.96
dmem.ram\[15\]\[12\],42.94
dmem.ram\[39\]\[2\],42.92
dmem.ram\[24\]\[0\],42.9
_07050_,42.88
_07728_,42.88
_04345_,42.86
dmem.ram\[29\]\[11\],42.86
_02456_,42.84
dmem.ram\[18\]\[12\],42.805
_01891_,42.78
net122,42.76
_04997_,42.74
_06420_,42.74
dmem.ram\[11\]\[5\],42.74
dmem.ram\[17\]\[13\],42.72
dmem.ram\[46\]\[3\],42.7
dmem.ram\[24\]\[2\],42.68
net96,42.68
_01747_,42.675
_05249_,42.66
dmem.ram\[25\]\[6\],42.66
dmem.ram\[18\]\[10\],42.63
_04031_,42.62
_06758_,42.62
regfile.registerFile\[3\]\[7\],42.6
_03303_,42.58
_04512_,42.54
_06856_,42.48
_02120_,42.46
_03332_,42.46
_05727_,42.42
_07390_,42.4
_01779_,42.38
_04098_,42.38
_06684_,42.38
_03934_,42.36
_07790_,42.36
_07127_,42.32
dmem.ram\[11\]\[10\],42.3
dmem.ram\[61\]\[7\],42.285
_03158_,42.28
dmem.ram\[21\]\[12\],42.27
dmem.ram\[52\]\[3\],42.27
_02930_,42.26
_05692_,42.24
dmem.ram\[46\]\[0\],42.24
_05417_,42.22
_06433_,42.22
_06345_,42.16
_05986_,42.14
dmem.ram\[37\]\[15\],42.14
_04151_,42.1
_08134_,42.08
_06824_,42.04
imem.rom\[2\]\[0\],42.025
dmem.ram\[16\]\[14\],42.02
_05791_,42
_03051_,41.96
_04802_,41.96
_04016_,41.94
_07081_,41.94
dmem.ram\[39\]\[11\],41.94
clknet_leaf_147_clk,41.92
dmem.ram\[13\]\[14\],41.9
imem.rom\[2\]\[1\],41.89
_03470_,41.88
regfile.registerFile\[2\]\[14\],41.855
dmem.ram\[27\]\[7\],41.84
dmem.ram\[11\]\[2\],41.8
regfile.registerFile\[2\]\[1\],41.8
dmem.ram\[20\]\[6\],41.74
dmem.ram\[35\]\[3\],41.74
_03723_,41.7
dmem.ram\[15\]\[0\],41.7
dmem.ram\[5\]\[2\],41.7
ex_mm_reg.RF_D2_Out\[9\],41.66
regfile.registerFile\[1\]\[2\],41.62
_04937_,41.6
_05869_,41.6
dmem.ram\[25\]\[9\],41.6
dmem.ram\[12\]\[3\],41.53
_05276_,41.5
_05072_,41.48
dmem.ram\[6\]\[1\],41.465
_03135_,41.42
dmem.ram\[0\]\[12\],41.4
imem.rom\[15\]\[3\],41.36
dmem.ram\[50\]\[7\],41.32
dmem.ram\[7\]\[15\],41.3
dmem.ram\[9\]\[5\],41.3
dmem.ram\[0\]\[14\],41.28
regfile.registerFile\[7\]\[2\],41.28
dmem.ram\[36\]\[5\],41.27
dmem.ram\[0\]\[11\],41.26
_03507_,41.255
dmem.ram\[30\]\[4\],41.25
_02938_,41.24
_08112_,41.24
dmem.ram\[41\]\[13\],41.24
id_rr_reg.pc_next_out\[15\],41.22
_02918_,41.2
_07796_,41.2
_07939_,41.2
_01675_,41.18
rr_ex_reg.cntrl_out\[9\],41.175
_05217_,41.16
regfile.registerFile\[5\]\[7\],41.16
_03464_,41.14
_01972_,41.1
clknet_leaf_145_clk,41.09
_02661_,41
_07248_,41
_06005_,40.96
dmem.ram\[61\]\[5\],40.905
dmem.ram\[63\]\[13\],40.86
dmem.ram\[62\]\[12\],40.85
_07577_,40.8
dmem.ram\[3\]\[5\],40.8
_03359_,40.78
_03442_,40.78
regfile.registerFile\[3\]\[6\],40.78
_04101_,40.74
dmem.ram\[19\]\[5\],40.7
regfile.registerFile\[4\]\[10\],40.68
_02333_,40.66
dmem.ram\[15\]\[1\],40.66
_01806_,40.62
dmem.ram\[8\]\[7\],40.62
dmem.ram\[63\]\[15\],40.59
dmem.ram\[31\]\[5\],40.56
dmem.ram\[51\]\[11\],40.54
_02146_,40.5
_04957_,40.46
_07710_,40.46
_07715_,40.46
regfile.registerFile\[3\]\[2\],40.46
regfile.registerFile\[4\]\[2\],40.46
_08152_,40.42
_05985_,40.4
dmem.ram\[56\]\[8\],40.38
dmem.ram\[7\]\[4\],40.36
_06815_,40.34
_07612_,40.34
dmem.ram\[48\]\[7\],40.32
_07838_,40.26
_02842_,40.22
imem.rom\[4\]\[3\],40.22
_05304_,40.18
_07979_,40.18
dmem.ram\[57\]\[8\],40.18
dmem.ram\[5\]\[13\],40.18
_07721_,40.16
_07761_,40.16
dmem.ram\[34\]\[5\],40.12
dmem.ram\[40\]\[7\],40.12
dmem.ram\[61\]\[1\],40.12
_05280_,40.06
dmem.ram\[34\]\[2\],40.04
dmem.ram\[39\]\[13\],40.02
_03190_,40
_03822_,40
dmem.ram\[22\]\[0\],40
_07814_,39.98
_03712_,39.96
_04809_,39.96
id_rr_reg.instr_out\[10\],39.96
regfile.registerFile\[4\]\[14\],39.96
_04882_,39.94
_06886_,39.94
_03483_,39.92
_03738_,39.9
_04095_,39.895
_01797_,39.88
_05778_,39.88
_04113_,39.86
_04525_,39.86
regfile.registerFile\[4\]\[13\],39.86
regfile.registerFile\[5\]\[13\],39.84
dmem.ram\[24\]\[8\],39.78
dmem.ram\[48\]\[15\],39.76
_04378_,39.755
_02564_,39.74
dmem.ram\[32\]\[1\],39.74
_06411_,39.72
_01968_,39.69
_06882_,39.64
_07369_,39.64
regfile.registerFile\[0\]\[6\],39.64
_05014_,39.62
dmem.ram\[14\]\[0\],39.595
rr_ex_reg.RF_D1_Out\[7\],39.56
_05185_,39.54
_02208_,39.52
dmem.ram\[47\]\[3\],39.52
rr_ex_reg.pc_next_out\[15\],39.52
_02818_,39.5
_02892_,39.5
dmem.ram\[3\]\[3\],39.48
regfile.registerFile\[6\]\[12\],39.465
_03067_,39.44
dmem.ram\[15\]\[2\],39.4
dmem.ram\[41\]\[1\],39.38
_06890_,39.37
_05891_,39.325
_06081_,39.32
_06816_,39.32
dmem.ram\[20\]\[15\],39.32
_04009_,39.3
_06818_,39.28
dmem.ram\[37\]\[13\],39.28
_05811_,39.27
dmem.ram\[61\]\[0\],39.24
regfile.registerFile\[1\]\[7\],39.24
dmem.ram\[26\]\[5\],39.225
_03780_,39.22
_05943_,39.22
_02558_,39.2
if_id_reg.PC_Next_Out\[0\],39.2
_07307_,39.18
_03454_,39.16
dmem.ram\[63\]\[4\],39.14
_05649_,39.12
_07260_,39.12
_02430_,39.1
_06981_,39.1
_08037_,39.08
clknet_leaf_121_clk,39.08
_06085_,39.06
dmem.ram\[10\]\[13\],39.025
dmem.ram\[12\]\[12\],38.98
_06431_,38.96
dmem.ram\[3\]\[0\],38.96
_03178_,38.94
_08107_,38.94
dmem.ram\[25\]\[7\],38.88
_06405_,38.855
dmem.ram\[13\]\[4\],38.845
_07781_,38.84
clknet_leaf_97_clk,38.84
_02106_,38.82
dmem.ram\[19\]\[6\],38.82
_07182_,38.79
dmem.ram\[15\]\[6\],38.78
dmem.ram\[25\]\[12\],38.76
dmem.ram\[2\]\[4\],38.725
imem.rom\[10\]\[0\],38.725
_02759_,38.72
_03578_,38.72
_07209_,38.7
_03445_,38.68
_01913_,38.675
_03363_,38.66
_07298_,38.64
_08118_,38.64
_05038_,38.6
dmem.ram\[48\]\[2\],38.57
regfile.registerFile\[6\]\[5\],38.565
dmem.ram\[46\]\[4\],38.56
_04129_,38.52
_04565_,38.5
dmem.ram\[25\]\[13\],38.5
regfile.registerFile\[6\]\[11\],38.495
dmem.ram\[43\]\[10\],38.49
dmem.ram\[9\]\[11\],38.49
net189,38.48
net1291,38.44
_05216_,38.405
regfile.registerFile\[6\]\[6\],38.405
_04092_,38.4
_06972_,38.4
dmem.ram\[41\]\[15\],38.4
regfile.registerFile\[1\]\[4\],38.4
dmem.ram\[36\]\[3\],38.365
_06748_,38.36
_07777_,38.36
dmem.ram\[51\]\[2\],38.32
_07334_,38.3
_07559_,38.28
dmem.ram\[5\]\[1\],38.28
_06132_,38.26
_07619_,38.26
_04002_,38.24
_07620_,38.24
_08160_,38.22
_06780_,38.2
dmem.ram\[5\]\[12\],38.115
_03137_,38.1
_06854_,38.1
dmem.ram\[3\]\[1\],38.07
dmem.ram\[21\]\[1\],38.04
_04910_,38.01
_00001_,38
dmem.ram\[42\]\[0\],38
_01131_,37.985
_03243_,37.98
_08149_,37.96
dmem.ram\[29\]\[3\],37.955
_01823_,37.94
ex_mm_reg.RF_D2_Out\[8\],37.94
clknet_leaf_107_clk,37.94
dmem.ram\[41\]\[8\],37.93
dmem.ram\[28\]\[8\],37.925
_03310_,37.9
_04085_,37.9
dmem.ram\[33\]\[11\],37.9
dmem.ram\[17\]\[4\],37.895
_06248_,37.89
dmem.ram\[26\]\[1\],37.89
_06785_,37.88
_06830_,37.86
_07267_,37.86
dmem.ram\[54\]\[9\],37.86
_06080_,37.84
dmem.ram\[21\]\[2\],37.82
_07738_,37.8
dmem.ram\[18\]\[15\],37.8
dmem.ram\[44\]\[5\],37.79
_03840_,37.78
regfile.registerFile\[3\]\[12\],37.78
dmem.ram\[22\]\[2\],37.755
dmem.ram\[18\]\[9\],37.71
_04155_,37.68
dmem.ram\[25\]\[4\],37.68
regfile.registerFile\[7\]\[5\],37.68
_02881_,37.66
dmem.ram\[28\]\[5\],37.625
_06665_,37.62
_03248_,37.6
_05695_,37.6
dmem.ram\[33\]\[4\],37.6
dmem.ram\[36\]\[13\],37.6
dmem.ram\[59\]\[3\],37.6
regfile.registerFile\[6\]\[7\],37.595
dmem.ram\[10\]\[8\],37.585
_05213_,37.58
dmem.ram\[45\]\[4\],37.57
_01887_,37.56
dmem.ram\[57\]\[15\],37.56
ex_mm_reg.RF_D2_Out\[10\],37.54
_02085_,37.52
dmem.ram\[46\]\[8\],37.52
_02471_,37.5
_07904_,37.5
dmem.ram\[19\]\[3\],37.5
_02316_,37.48
_04170_,37.46
_02229_,37.44
_05661_,37.44
dmem.ram\[59\]\[5\],37.44
_04087_,37.42
_07817_,37.42
_07450_,37.4
_07793_,37.4
clknet_leaf_74_clk,37.38
_03472_,37.36
_07148_,37.335
dmem.ram\[17\]\[3\],37.3
_06044_,37.28
dmem.ram\[8\]\[4\],37.28
net452,37.28
_02505_,37.26
_04005_,37.26
_02392_,37.24
dmem.ram\[32\]\[3\],37.2
_02414_,37.16
_03213_,37.16
dmem.ram\[4\]\[10\],37.125
_02048_,37.12
_02955_,37.11
_02796_,37.1
_03179_,37.1
_06118_,37.08
_07226_,37.06
dmem.ram\[20\]\[10\],37.06
dmem.ram\[21\]\[3\],37
clknet_leaf_158_clk,36.98
_05789_,36.96
_03710_,36.94
_05872_,36.92
_07137_,36.92
net142,36.92
dmem.ram\[33\]\[10\],36.9
regfile.registerFile\[0\]\[11\],36.9
_04738_,36.88
_05138_,36.88
dmem.ram\[11\]\[1\],36.88
_02114_,36.86
dmem.ram\[22\]\[1\],36.84
regfile.registerFile\[4\]\[11\],36.84
dmem.ram\[49\]\[3\],36.83
_03830_,36.76
dmem.ram\[4\]\[7\],36.725
dmem.ram\[22\]\[5\],36.71
dmem.ram\[22\]\[8\],36.69
dmem.ram\[5\]\[7\],36.69
dmem.ram\[33\]\[13\],36.68
dmem.ram\[41\]\[6\],36.65
_03399_,36.62
dmem.ram\[15\]\[3\],36.58
dmem.ram\[10\]\[3\],36.555
_04103_,36.54
_05497_,36.52
_05760_,36.5
_02585_,36.48
regfile.registerFile\[6\]\[2\],36.465
regfile.registerFile\[1\]\[5\],36.45
_04941_,36.44
rr_ex_reg.RF_D1_Out\[13\],36.44
clknet_leaf_163_clk,36.44
_07697_,36.42
dmem.ram\[33\]\[7\],36.4
dmem.ram\[56\]\[0\],36.4
_01760_,36.38
_03929_,36.38
_07655_,36.34
_03728_,36.32
dmem.ram\[12\]\[11\],36.32
_02628_,36.31
_05407_,36.3
rr_ex_reg.RF_A1_Out\[0\],36.28
rr_ex_reg.RF_D1_Out\[2\],36.28
_03998_,36.26
_07887_,36.24
_04779_,36.22
_07102_,36.22
_07046_,36.2
dmem.ram\[54\]\[12\],36.17
_07078_,36.12
_03969_,36.1
_08057_,36
dmem.ram\[1\]\[8\],36
_07635_,35.98
dmem.ram\[23\]\[15\],35.96
dmem.ram\[6\]\[6\],35.945
_07147_,35.94
_08049_,35.94
dmem.ram\[12\]\[15\],35.94
_02308_,35.9
clknet_leaf_222_clk,35.9
_07315_,35.88
_07944_,35.88
_04011_,35.86
_04780_,35.86
_02125_,35.84
_06985_,35.82
_03017_,35.76
imem.rom\[4\]\[8\],35.76
dmem.ram\[34\]\[14\],35.755
dmem.ram\[11\]\[0\],35.74
dmem.ram\[51\]\[3\],35.7
dmem.ram\[51\]\[13\],35.68
_01757_,35.66
dmem.ram\[15\]\[15\],35.66
_03070_,35.61
_06109_,35.6
_07555_,35.6
dmem.ram\[60\]\[1\],35.6
_05028_,35.58
_07587_,35.58
dmem.ram\[28\]\[4\],35.58
dmem.ram\[5\]\[0\],35.58
dmem.ram\[10\]\[12\],35.565
_02705_,35.54
_06888_,35.52
dmem.ram\[12\]\[0\],35.46
_02802_,35.38
_07879_,35.38
ex_mm_reg.RF_D2_Out\[11\],35.38
_08239_,35.36
regfile.registerFile\[2\]\[10\],35.355
dmem.ram\[21\]\[9\],35.345
_03631_,35.32
_07063_,35.32
dmem.ram\[21\]\[15\],35.3
dmem.ram\[55\]\[5\],35.3
dmem.ram\[9\]\[10\],35.24
regfile.registerFile\[6\]\[4\],35.235
regfile.registerFile\[6\]\[3\],35.195
dmem.ram\[44\]\[4\],35.185
_01995_,35.18
_03482_,35.16
dmem.ram\[29\]\[7\],35.145
_07714_,35.14
_08146_,35.14
dmem.ram\[62\]\[5\],35.12
net85,35.12
dmem.ram\[10\]\[6\],35.105
dmem.ram\[0\]\[10\],35.1
_07859_,35.02
_06725_,34.98
_03857_,34.96
_08176_,34.955
if_id_reg.PC_Next_Out\[5\],34.94
_03627_,34.92
_07596_,34.9
dmem.ram\[19\]\[11\],34.88
dmem.ram\[43\]\[7\],34.86
dmem.ram\[52\]\[11\],34.86
_05321_,34.84
_05648_,34.84
dmem.ram\[57\]\[10\],34.84
dmem.ram\[32\]\[11\],34.8
_03981_,34.76
dmem.ram\[54\]\[6\],34.76
dmem.ram\[6\]\[12\],34.745
_05267_,34.72
_06429_,34.68
_07104_,34.68
dmem.ram\[8\]\[1\],34.66
regfile.registerFile\[2\]\[13\],34.65
_06708_,34.64
_08158_,34.62
dmem.ram\[63\]\[6\],34.6
regfile.registerFile\[1\]\[14\],34.6
_05652_,34.58
dmem.ram\[8\]\[11\],34.56
ex_mm_reg.Rd_Data_Out_PR\[0\],34.56
dmem.ram\[38\]\[7\],34.55
_03076_,34.54
imem.rom\[8\]\[7\],34.54
_07665_,34.52
clknet_leaf_95_clk,34.42
_05001_,34.38
dmem.ram\[59\]\[4\],34.36
dmem.ram\[36\]\[0\],34.34
dmem.ram\[35\]\[2\],34.32
dmem.ram\[49\]\[5\],34.32
_05246_,34.3
dmem.ram\[11\]\[3\],34.3
_07607_,34.26
_04644_,34.24
_08179_,34.22
_04878_,34.18
_03193_,34.16
_03499_,34.16
dmem.ram\[13\]\[2\],34.16
_07324_,34.14
_03463_,34.1
_03709_,34.1
_02936_,34.08
_06828_,34.08
regfile.registerFile\[0\]\[12\],34.04
_04553_,34.02
dmem.ram\[35\]\[5\],34
rr_ex_reg.RF_D2_Out\[13\],34
dmem.ram\[14\]\[10\],33.98
imem.rom\[10\]\[3\],33.965
_06034_,33.94
dmem.ram\[34\]\[13\],33.94
_03331_,33.92
_05027_,33.92
regfile.registerFile\[5\]\[4\],33.92
net102,33.86
_02711_,33.85
dmem.ram\[43\]\[5\],33.84
_04339_,33.82
_04346_,33.8
dmem.ram\[60\]\[3\],33.79
dmem.ram\[46\]\[14\],33.78
dmem.ram\[11\]\[4\],33.73
_06834_,33.72
dmem.ram\[27\]\[5\],33.72
_02369_,33.68
_03877_,33.68
dmem.ram\[12\]\[14\],33.68
dmem.ram\[63\]\[14\],33.68
dmem.ram\[8\]\[8\],33.68
_05594_,33.66
_05750_,33.66
_04590_,33.64
dmem.ram\[54\]\[11\],33.58
dmem.ram\[41\]\[7\],33.56
dmem.ram\[12\]\[4\],33.545
dmem.ram\[42\]\[4\],33.54
dmem.ram\[35\]\[13\],33.52
dmem.ram\[43\]\[3\],33.52
_01723_,33.48
_05774_,33.46
_07030_,33.46
_05990_,33.42
dmem.ram\[49\]\[6\],33.42
_04216_,33.4
dmem.ram\[0\]\[13\],33.375
_06074_,33.36
_02600_,33.34
dmem.ram\[47\]\[11\],33.3
_07690_,33.28
dmem.ram\[21\]\[6\],33.27
_05886_,33.26
dmem.ram\[58\]\[4\],33.26
dmem.ram\[25\]\[1\],33.24
_05370_,33.22
rr_ex_reg.RF_D1_Out\[3\],33.18
_07770_,33.16
dmem.ram\[1\]\[10\],33.16
dmem.ram\[40\]\[1\],33.16
_06867_,33.12
_02141_,33.08
_02532_,33.06
_06158_,33.06
dmem.ram\[38\]\[0\],33.05
regfile.registerFile\[5\]\[8\],33.04
_02939_,33
_07395_,32.98
_08137_,32.97
dmem.ram\[34\]\[12\],32.96
dmem.ram\[7\]\[5\],32.96
_01666_,32.94
_04753_,32.94
_06703_,32.84
dmem.ram\[13\]\[13\],32.84
dmem.ram\[45\]\[3\],32.825
_02364_,32.82
_03280_,32.82
_07578_,32.8
_08138_,32.8
_05631_,32.78
rr_ex_reg.RF_A2_Out\[0\],32.775
_05571_,32.76
dmem.ram\[0\]\[9\],32.76
dmem.ram\[17\]\[11\],32.76
dmem.ram\[54\]\[10\],32.76
_02337_,32.74
_04801_,32.74
dmem.ram\[35\]\[9\],32.72
imem.rom\[8\]\[5\],32.7
_06350_,32.62
_03993_,32.6
dmem.ram\[1\]\[12\],32.56
_02922_,32.54
_06969_,32.54
dmem.ram\[31\]\[2\],32.54
_03284_,32.52
_03498_,32.52
_06188_,32.52
_03909_,32.5
regfile.registerFile\[0\]\[1\],32.46
_03114_,32.42
_05536_,32.42
_01657_,32.4
_05955_,32.4
_06990_,32.4
dmem.ram\[26\]\[8\],32.385
dmem.ram\[46\]\[10\],32.38
ex_mm_reg.Rd_Data_Out_PR\[12\],32.38
_08208_,32.36
_01684_,32.32
dmem.ram\[58\]\[2\],32.32
_05927_,32.285
_02943_,32.28
_05654_,32.28
_02793_,32.26
_04877_,32.26
_04202_,32.24
dmem.ram\[11\]\[9\],32.24
imem.rom\[13\]\[5\],32.23
regfile.registerFile\[0\]\[10\],32.2
_06640_,32.18
dmem.ram\[55\]\[0\],32.18
imem.rom\[8\]\[8\],32.16
regfile.registerFile\[0\]\[9\],32.16
_02574_,32.14
_05547_,32.12
_03009_,32.08
dmem.ram\[30\]\[6\],31.99
dmem.ram\[45\]\[15\],31.96
_04138_,31.94
_07704_,31.9
dmem.ram\[16\]\[15\],31.9
dmem.ram\[28\]\[1\],31.9
_07890_,31.89
dmem.ram\[20\]\[0\],31.88
dmem.ram\[38\]\[6\],31.865
_05404_,31.84
dmem.ram\[46\]\[11\],31.84
imem.rom\[8\]\[4\],31.82
_08163_,31.8
_07262_,31.78
regfile.registerFile\[7\]\[6\],31.78
dmem.ram\[26\]\[11\],31.765
_07659_,31.76
rr_ex_reg.RF_D1_Out\[1\],31.76
_04049_,31.74
dmem.ram\[46\]\[2\],31.74
_05787_,31.72
_07737_,31.72
dmem.ram\[43\]\[8\],31.72
dmem.ram\[49\]\[4\],31.72
rr_ex_reg.RF_D2_Out\[1\],31.72
_03426_,31.7
dmem.ram\[23\]\[14\],31.7
dmem.ram\[27\]\[4\],31.7
_04096_,31.68
_01661_,31.64
dmem.ram\[18\]\[2\],31.63
dmem.ram\[52\]\[6\],31.625
_01934_,31.62
_04998_,31.62
_05026_,31.62
_05403_,31.62
_07484_,31.615
_06771_,31.6
clknet_leaf_63_clk,31.6
_06713_,31.58
clknet_leaf_173_clk,31.58
regfile.registerFile\[6\]\[13\],31.57
_02409_,31.56
_03211_,31.56
dmem.ram\[56\]\[3\],31.56
dmem.ram\[7\]\[6\],31.56
rr_ex_reg.RF_D1_Out\[4\],31.52
_02163_,31.5
_07648_,31.48
regfile.registerFile\[2\]\[7\],31.47
_08139_,31.44
dmem.ram\[55\]\[10\],31.44
dmem.ram\[13\]\[0\],31.43
dmem.ram\[48\]\[4\],31.42
dmem.ram\[59\]\[15\],31.4
_06980_,31.38
_03235_,31.34
dmem.ram\[28\]\[11\],31.32
regfile.registerFile\[7\]\[8\],31.32
_03195_,31.3
_03389_,31.3
dmem.ram\[40\]\[5\],31.3
imem.rom\[12\]\[5\],31.3
dmem.ram\[17\]\[6\],31.28
dmem.ram\[62\]\[4\],31.23
regfile.registerFile\[3\]\[4\],31.22
_06424_,31.2
dmem.ram\[47\]\[9\],31.2
_08238_,31.19
_04573_,31.16
_04771_,31.16
dmem.ram\[15\]\[9\],31.16
_02961_,31.12
dmem.ram\[33\]\[6\],31.12
dmem.ram\[4\]\[2\],31.12
dmem.ram\[55\]\[13\],31.12
regfile.registerFile\[6\]\[8\],31.115
_05040_,31.1
_06427_,31.1
mm_wb_reg.Rd_Data_Out_PR\[13\],31.1
dmem.ram\[22\]\[11\],31.085
_06103_,31.07
_05945_,31.06
_06949_,31.06
_04000_,31.04
_08232_,31
dmem.ram\[1\]\[13\],31
_03056_,30.98
dmem.ram\[31\]\[10\],30.98
dmem.ram\[55\]\[2\],30.98
_05377_,30.94
_05670_,30.94
_02915_,30.92
imem.rom\[1\]\[12\],30.9
_04773_,30.88
_08150_,30.88
net133,30.88
_05105_,30.86
_07196_,30.86
_05230_,30.84
dmem.ram\[19\]\[12\],30.84
_05345_,30.82
_06988_,30.82
_08066_,30.82
dmem.ram\[50\]\[1\],30.8
dmem.ram\[8\]\[12\],30.8
regfile.registerFile\[5\]\[15\],30.8
_03423_,30.78
dmem.ram\[15\]\[13\],30.78
_06130_,30.74
_06753_,30.74
_06137_,30.735
_07824_,30.73
_03473_,30.72
dmem.ram\[23\]\[7\],30.72
regfile.registerFile\[3\]\[9\],30.72
regfile.registerFile\[4\]\[0\],30.72
_01129_,30.7
_03515_,30.68
_05044_,30.68
_08025_,30.68
_07169_,30.66
_07287_,30.64
_06036_,30.62
_02626_,30.6
dmem.ram\[51\]\[0\],30.6
regfile.registerFile\[2\]\[15\],30.595
_01879_,30.58
_08144_,30.58
dmem.ram\[52\]\[4\],30.565
_03583_,30.56
_05228_,30.55
dmem.ram\[25\]\[11\],30.54
dmem.ram\[9\]\[3\],30.53
clknet_leaf_191_clk,30.52
dmem.ram\[33\]\[14\],30.51
_02800_,30.48
_06271_,30.48
_04326_,30.46
_06119_,30.46
regfile.registerFile\[5\]\[12\],30.46
_03128_,30.42
net734,30.42
_03917_,30.4
dmem.ram\[15\]\[14\],30.4
dmem.ram\[52\]\[9\],30.4
dmem.ram\[26\]\[9\],30.39
regfile.registerFile\[7\]\[11\],30.36
_04038_,30.32
imem.rom\[13\]\[14\],30.3
_05119_,30.28
dmem.ram\[27\]\[6\],30.28
regfile.registerFile\[2\]\[8\],30.27
_05908_,30.26
dmem.ram\[56\]\[4\],30.26
_07888_,30.205
_04879_,30.2
regfile.registerFile\[5\]\[14\],30.2
_03734_,30.18
rr_ex_reg.RF_D1_Out\[11\],30.16
dmem.ram\[43\]\[15\],30.14
regfile.registerFile\[2\]\[3\],30.125
_05591_,30.12
_06924_,30.12
_06186_,30.1
_05278_,30.08
imem.rom\[3\]\[4\],30.08
dmem.ram\[4\]\[12\],30.04
_01728_,30.02
id_rr_reg.instr_out\[9\],30.02
imem.rom\[12\]\[4\],30.02
dmem.ram\[12\]\[7\],29.995
net139,29.98
_04047_,29.97
rr_ex_reg.RF_D1_Out\[0\],29.97
_03061_,29.96
_03365_,29.96
_05823_,29.96
dmem.ram\[31\]\[4\],29.96
dmem.ram\[52\]\[1\],29.96
_08169_,29.94
_08162_,29.92
regfile.registerFile\[7\]\[14\],29.92
_08189_,29.88
dmem.ram\[38\]\[3\],29.865
_03873_,29.86
_05733_,29.86
dmem.ram\[53\]\[11\],29.86
regfile.registerFile\[1\]\[15\],29.86
dmem.ram\[53\]\[2\],29.85
_04042_,29.84
_05852_,29.84
_06304_,29.84
dmem.ram\[43\]\[14\],29.84
dmem.ram\[47\]\[13\],29.84
if_id_reg.PC_Next_Out\[13\],29.82
imem.rom\[8\]\[15\],29.8
dmem.ram\[53\]\[3\],29.79
_04284_,29.78
_04784_,29.78
dmem.ram\[57\]\[0\],29.78
_01835_,29.76
_02191_,29.76
_03732_,29.76
_03683_,29.74
_04572_,29.7
_08214_,29.7
_01654_,29.68
_03239_,29.68
_02615_,29.67
_06159_,29.66
dmem.ram\[2\]\[0\],29.66
imem.rom\[5\]\[6\],29.62
regfile.registerFile\[5\]\[6\],29.62
dmem.ram\[3\]\[2\],29.6
_01763_,29.58
_03294_,29.58
dmem.ram\[48\]\[10\],29.58
_08142_,29.54
_06032_,29.52
dmem.ram\[13\]\[8\],29.505
_07037_,29.5
dmem.ram\[0\]\[8\],29.5
_01125_,29.495
_02834_,29.48
_03719_,29.42
_06029_,29.42
_07567_,29.42
dmem.ram\[34\]\[4\],29.41
_04693_,29.4
_07288_,29.4
dmem.ram\[50\]\[3\],29.4
dmem.ram\[57\]\[2\],29.4
_04104_,29.32
_04751_,29.32
_05646_,29.3
_06667_,29.3
dmem.ram\[15\]\[4\],29.295
_03632_,29.28
_05173_,29.28
_03882_,29.26
_04946_,29.26
net188,29.26
_06182_,29.24
_07048_,29.24
_07173_,29.24
dmem.ram\[35\]\[10\],29.24
_03573_,29.2
_03825_,29.2
_06047_,29.19
dmem.ram\[38\]\[5\],29.185
_06056_,29.18
dmem.ram\[28\]\[0\],29.14
dmem.ram\[52\]\[12\],29.12
dmem.ram\[63\]\[5\],29.12
imem.rom\[12\]\[2\],29.12
dmem.ram\[13\]\[10\],29.08
dmem.ram\[56\]\[9\],29.08
_01029_,29.065
_04547_,29.06
_05819_,29.06
_03798_,29.04
_08114_,29.04
regfile.registerFile\[6\]\[9\],29.04
rr_ex_reg.RF_A1_Out\[1\],29.035
dmem.ram\[10\]\[15\],29.025
_01702_,29.02
_07703_,29.015
_06986_,29.01
dmem.ram\[18\]\[3\],29.01
imem.rom\[10\]\[2\],29.005
_06973_,29
rr_ex_reg.RF_D2_Out\[15\],29
_05792_,28.98
_01843_,28.96
dmem.ram\[17\]\[0\],28.96
regfile.registerFile\[0\]\[15\],28.955
_03411_,28.94
_03413_,28.94
_04830_,28.92
_05569_,28.92
_02952_,28.9
_05049_,28.9
_07115_,28.9
dmem.ram\[15\]\[10\],28.88
_05785_,28.86
_03312_,28.82
dmem.ram\[56\]\[14\],28.82
imem.rom\[4\]\[15\],28.82
dmem.ram\[16\]\[13\],28.81
dmem.ram\[37\]\[4\],28.805
net80,28.8
_05302_,28.78
_07932_,28.78
regfile.registerFile\[0\]\[8\],28.78
_00187_,28.765
_05077_,28.76
_02754_,28.74
_07795_,28.74
_01768_,28.72
regfile.registerFile\[0\]\[5\],28.72
_05920_,28.7
_07058_,28.7
_04153_,28.68
_04929_,28.66
_06214_,28.66
dmem.ram\[21\]\[5\],28.645
dmem.ram\[48\]\[6\],28.6
_08106_,28.585
_03736_,28.58
dmem.ram\[43\]\[4\],28.56
_02139_,28.54
regfile.registerFile\[5\]\[1\],28.54
_07026_,28.48
regfile.registerFile\[7\]\[4\],28.46
dmem.ram\[60\]\[2\],28.445
_07902_,28.44
net200,28.44
imem.rom\[5\]\[5\],28.42
_03189_,28.4
_07152_,28.4
_04334_,28.39
_03014_,28.36
_03479_,28.36
_06177_,28.36
clknet_leaf_99_clk,28.36
dmem.ram\[61\]\[14\],28.32
_06045_,28.315
dmem.ram\[47\]\[5\],28.28
dmem.ram\[22\]\[9\],28.275
_07629_,28.26
_05103_,28.24
dmem.ram\[53\]\[12\],28.24
regfile.registerFile\[1\]\[12\],28.18
_05270_,28.16
_03496_,28.12
dmem.ram\[25\]\[0\],28.02
dmem.ram\[48\]\[11\],28.02
_02806_,27.98
net229,27.98
imem.rom\[6\]\[0\],27.97
_07801_,27.96
regfile.registerFile\[7\]\[15\],27.94
_01785_,27.92
_05428_,27.92
_05703_,27.92
_05081_,27.88
_05245_,27.88
dmem.ram\[35\]\[12\],27.84
_05880_,27.82
_03636_,27.8
_06964_,27.8
_04105_,27.78
_06813_,27.78
_07193_,27.77
_04058_,27.75
_04357_,27.74
_07429_,27.74
_07870_,27.74
imem.rom\[9\]\[8\],27.74
_06011_,27.72
regfile.registerFile\[6\]\[14\],27.715
dmem.ram\[47\]\[10\],27.7
_02129_,27.68
regfile.registerFile\[3\]\[5\],27.68
_07319_,27.66
_06884_,27.64
imem.rom\[0\]\[0\],27.64
dmem.ram\[26\]\[0\],27.635
_06041_,27.62
_06063_,27.62
imem.rom\[4\]\[10\],27.6
_01784_,27.58
dmem.ram\[20\]\[11\],27.58
_05320_,27.56
_05521_,27.56
_05882_,27.56
_07203_,27.545
dmem.ram\[2\]\[5\],27.545
_03489_,27.52
_06352_,27.5
_07185_,27.5
_07019_,27.46
regfile.registerFile\[6\]\[15\],27.425
_05912_,27.42
dmem.ram\[50\]\[2\],27.42
mm_wb_reg.Rd_Data_Out_PR\[15\],27.42
dmem.ram\[2\]\[3\],27.41
dmem.ram\[37\]\[6\],27.37
dmem.ram\[52\]\[0\],27.36
regfile.registerFile\[2\]\[11\],27.335
_06343_,27.3
_01801_,27.28
_03722_,27.28
_07255_,27.28
_03230_,27.26
regfile.registerFile\[5\]\[5\],27.26
_05674_,27.24
_04543_,27.22
_01893_,27.2
_06030_,27.2
_02782_,27.18
regfile.registerFile\[7\]\[9\],27.18
_04220_,27.16
dmem.ram\[52\]\[10\],27.16
_02879_,27.1
_04777_,27.06
dmem.ram\[26\]\[2\],27.05
dmem.ram\[10\]\[4\],27.045
dmem.ram\[53\]\[1\],27.04
_03650_,27.02
_03803_,27.02
net65,27.02
_05480_,27
dmem.ram\[29\]\[4\],26.985
_03918_,26.98
_05849_,26.98
_06993_,26.98
imem.rom\[6\]\[15\],26.965
dmem.ram\[4\]\[4\],26.945
_04646_,26.94
_07047_,26.94
dmem.ram\[1\]\[9\],26.94
dmem.ram\[35\]\[14\],26.94
_03502_,26.92
_01680_,26.9
_07043_,26.9
_05124_,26.88
imem.rom\[6\]\[1\],26.865
_05810_,26.86
_05657_,26.845
_02963_,26.84
regfile.registerFile\[3\]\[8\],26.84
rr_ex_reg.RF_A2_Out\[2\],26.84
dmem.ram\[9\]\[4\],26.83
dmem.ram\[39\]\[14\],26.82
if_id_reg.PC_Next_Out\[3\],26.82
imem.rom\[1\]\[3\],26.82
_00468_,26.805
dmem.ram\[62\]\[6\],26.785
_03501_,26.76
_05870_,26.74
regfile.registerFile\[5\]\[11\],26.72
_06413_,26.68
regfile.registerFile\[2\]\[2\],26.655
_05376_,26.64
_07618_,26.6
_08109_,26.6
_03346_,26.58
_05564_,26.56
_08120_,26.56
_05829_,26.55
_07153_,26.54
dmem.ram\[46\]\[1\],26.54
dmem.ram\[62\]\[7\],26.5
dmem.ram\[4\]\[3\],26.485
_01753_,26.48
dmem.ram\[32\]\[0\],26.46
_01672_,26.44
_03029_,26.44
_03224_,26.44
_08047_,26.42
_02773_,26.4
_06954_,26.4
regfile.registerFile\[7\]\[0\],26.4
_08202_,26.36
id_rr_reg.instr_out\[14\],26.36
regfile.registerFile\[5\]\[9\],26.36
_05604_,26.32
net132,26.28
_03361_,26.26
dmem.ram\[17\]\[12\],26.26
net113,26.26
regfile.registerFile\[7\]\[1\],26.22
rr_ex_reg.cntrl_out\[8\],26.22
_05204_,26.18
imem.rom\[8\]\[10\],26.18
regfile.registerFile\[0\]\[3\],26.18
_06638_,26.16
regfile.registerFile\[3\]\[10\],26.14
_03516_,26.12
_05065_,26.1
dmem.ram\[55\]\[15\],26.1
imem.rom\[4\]\[11\],26.1
_03480_,26.06
_03718_,26.04
imem.rom\[12\]\[10\],26.04
_04970_,26
_04179_,25.96
_05963_,25.94
_07585_,25.94
dmem.ram\[16\]\[11\],25.92
_05861_,25.9
_03429_,25.84
dmem.ram\[22\]\[4\],25.83
regfile.registerFile\[6\]\[10\],25.82
_01740_,25.8
_03616_,25.8
imem.rom\[2\]\[3\],25.785
_03192_,25.76
_03425_,25.76
_05650_,25.76
regfile.registerFile\[7\]\[13\],25.76
_05629_,25.74
_06138_,25.74
_03725_,25.72
imem.rom\[13\]\[13\],25.72
dmem.ram\[23\]\[6\],25.7
_03685_,25.68
dmem.ram\[25\]\[2\],25.68
dmem.ram\[41\]\[4\],25.68
_04379_,25.66
_03717_,25.64
_05851_,25.64
_07564_,25.64
dmem.ram\[41\]\[9\],25.64
_03023_,25.62
_06917_,25.62
imem.rom\[0\]\[2\],25.6
imem.rom\[13\]\[10\],25.54
dmem.ram\[23\]\[11\],25.52
_03478_,25.5
_03820_,25.5
_01876_,25.48
_04765_,25.48
_05747_,25.44
dmem.ram\[11\]\[11\],25.44
regfile.registerFile\[0\]\[2\],25.44
_05546_,25.4
dmem.ram\[6\]\[13\],25.385
_02237_,25.38
regfile.registerFile\[2\]\[5\],25.37
_01682_,25.36
imem.rom\[13\]\[11\],25.36
_00189_,25.345
_03004_,25.345
dmem.ram\[6\]\[14\],25.345
_06185_,25.32
_03959_,25.3
_05277_,25.3
_07809_,25.3
_06018_,25.28
_08221_,25.28
_07277_,25.24
imem.rom\[12\]\[7\],25.24
dmem.ram\[32\]\[2\],25.235
_04559_,25.22
_05815_,25.22
dmem.ram\[52\]\[8\],25.22
regfile.registerFile\[0\]\[14\],25.22
_07192_,25.19
dmem.ram\[48\]\[1\],25.18
dmem.ram\[57\]\[12\],25.18
_03731_,25.16
_02990_,25.14
_06101_,25.14
regfile.registerFile\[0\]\[7\],25.14
_06097_,25.12
_07698_,25.12
_02792_,25.08
_06914_,25.08
dmem.ram\[45\]\[5\],25.045
_03512_,25.04
dmem.ram\[23\]\[0\],25.04
_01824_,24.98
_03227_,24.98
_07548_,24.98
dmem.ram\[53\]\[9\],24.98
_03216_,24.975
_05136_,24.96
_05170_,24.96
_07079_,24.94
dmem.ram\[24\]\[9\],24.94
imem.rom\[0\]\[1\],24.94
_08180_,24.9
dmem.ram\[23\]\[5\],24.9
_06240_,24.88
_07736_,24.88
net99,24.88
_04088_,24.82
dmem.ram\[39\]\[6\],24.82
dmem.ram\[21\]\[7\],24.81
_04876_,24.78
rr_ex_reg.cntrl_out\[5\],24.78
_05379_,24.76
dmem.ram\[34\]\[0\],24.76
_02633_,24.72
_08172_,24.72
_06060_,24.7
imem.rom\[0\]\[8\],24.7
_03458_,24.68
dmem.ram\[30\]\[3\],24.66
dmem.ram\[28\]\[2\],24.64
dmem.ram\[53\]\[15\],24.62
dmem.ram\[30\]\[0\],24.61
_02794_,24.5
_05636_,24.5
_03490_,24.47
rr_ex_reg.RF_A1_Out\[2\],24.46
imem.rom\[9\]\[14\],24.44
_05711_,24.42
dmem.ram\[4\]\[0\],24.42
dmem.ram\[45\]\[2\],24.405
_06082_,24.4
_03468_,24.38
_07042_,24.38
imem.rom\[8\]\[3\],24.38
rr_ex_reg.RF_D1_Out\[5\],24.38
_06184_,24.36
_03505_,24.34
_04217_,24.32
if_id_reg.PC_Next_Out\[2\],24.3
_02339_,24.28
_05089_,24.28
_01829_,24.26
_06974_,24.26
dmem.ram\[8\]\[13\],24.25
regfile.registerFile\[6\]\[0\],24.24
_07015_,24.22
_07836_,24.215
_05535_,24.2
_05929_,24.2
rr_ex_reg.instr_out\[12\],24.2
_04108_,24.14
_06844_,24.14
imem.rom\[12\]\[14\],24.14
_03095_,24.13
_05759_,24.12
dmem.ram\[24\]\[10\],24.12
_03585_,24.1
_07168_,24.1
_07563_,24.08
imem.rom\[6\]\[3\],24.07
dmem.ram\[23\]\[2\],24.06
_04478_,24.04
_06922_,24.04
_05326_,24.02
dmem.ram\[54\]\[3\],24.02
if_id_reg.Instr_Out\[13\],24.02
_07586_,24
_01800_,23.98
dmem.ram\[55\]\[14\],23.98
_01926_,23.94
id_rr_reg.instr_out\[2\],23.94
_01851_,23.92
_05707_,23.9
_06966_,23.9
_05895_,23.88
_06052_,23.88
imem.rom\[13\]\[7\],23.88
_06165_,23.86
_03030_,23.84
_08116_,23.84
_05064_,23.82
dmem.ram\[54\]\[0\],23.82
_05910_,23.8
_07880_,23.8
imem.rom\[13\]\[9\],23.8
regfile.registerFile\[5\]\[3\],23.8
_02590_,23.78
_06055_,23.77
_05817_,23.76
dmem.ram\[1\]\[14\],23.76
_03433_,23.74
dmem.ram\[28\]\[10\],23.74
_03764_,23.71
_03357_,23.7
_03977_,23.68
_05483_,23.66
_05640_,23.66
_03727_,23.64
_03737_,23.64
_04632_,23.64
imem.rom\[0\]\[4\],23.62
imem.rom\[12\]\[0\],23.6
dmem.ram\[28\]\[3\],23.585
_04521_,23.58
dmem.ram\[23\]\[3\],23.58
net692,23.54
_04792_,23.52
_02787_,23.5
_05128_,23.5
_07757_,23.5
regfile.registerFile\[3\]\[14\],23.5
_03078_,23.48
net136,23.46
dmem.ram\[5\]\[6\],23.45
_03302_,23.44
dmem.ram\[15\]\[8\],23.42
clknet_leaf_39_clk,23.42
dmem.ram\[10\]\[2\],23.4
_07160_,23.38
if_id_reg.PC_Next_Out\[15\],23.38
_01646_,23.34
_07170_,23.32
_03356_,23.3
_05487_,23.3
_06028_,23.3
_03435_,23.28
_04023_,23.26
_03673_,23.22
_05175_,23.22
dmem.ram\[48\]\[0\],23.22
_05715_,23.2
_02683_,23.18
_05749_,23.18
_06636_,23.18
regfile.registerFile\[3\]\[3\],23.16
_06908_,23.14
_07172_,23.14
net1290,23.13
_01839_,23.12
dmem.ram\[19\]\[1\],23.1
dmem.ram\[31\]\[7\],23.1
_07852_,23.08
dmem.ram\[39\]\[5\],23.08
_03506_,23.04
dmem.ram\[22\]\[10\],23.03
dmem.ram\[13\]\[9\],23.025
dmem.ram\[35\]\[11\],23
_05941_,22.94
dmem.ram\[58\]\[0\],22.94
_01819_,22.92
_02710_,22.92
_03678_,22.92
_05380_,22.92
_05893_,22.9
_07766_,22.9
_03588_,22.88
id_rr_reg.instr_out\[1\],22.86
imem.rom\[0\]\[15\],22.86
_05961_,22.84
_05285_,22.82
_05731_,22.82
regfile.registerFile\[1\]\[8\],22.82
_05562_,22.76
regfile.registerFile\[5\]\[10\],22.76
_01861_,22.74
_03042_,22.74
dmem.ram\[57\]\[13\],22.72
dmem.ram\[4\]\[6\],22.71
_01752_,22.7
_06016_,22.7
dmem.ram\[56\]\[2\],22.68
_07855_,22.66
dmem.ram\[1\]\[15\],22.66
dmem.ram\[51\]\[1\],22.66
_07537_,22.64
_07741_,22.64
_03223_,22.62
_03491_,22.62
_05389_,22.62
_04321_,22.6
_04335_,22.6
_04531_,22.6
dmem.ram\[25\]\[3\],22.6
_03597_,22.58
_03773_,22.56
_08190_,22.56
dmem.ram\[9\]\[7\],22.54
imem.rom\[14\]\[3\],22.53
_06866_,22.5
dmem.ram\[52\]\[2\],22.485
_03240_,22.48
_04319_,22.48
imem.rom\[8\]\[1\],22.48
dmem.ram\[6\]\[15\],22.465
_01766_,22.46
_07830_,22.46
dmem.ram\[46\]\[6\],22.46
if_id_reg.Instr_Out\[0\],22.46
imem.rom\[4\]\[14\],22.46
_07561_,22.42
dmem.ram\[9\]\[1\],22.42
dmem.ram\[9\]\[2\],22.42
imem.rom\[1\]\[8\],22.42
_04362_,22.4
_05867_,22.4
_03297_,22.38
_08182_,22.38
_05021_,22.34
net92,22.34
dmem.ram\[55\]\[3\],22.32
dmem.ram\[21\]\[11\],22.3
_02808_,22.28
regfile.registerFile\[1\]\[13\],22.26
dmem.ram\[4\]\[1\],22.24
_01826_,22.22
_01890_,22.22
_05179_,22.22
_05220_,22.18
dmem.ram\[56\]\[7\],22.18
_02629_,22.16
_03317_,22.16
_05983_,22.16
imem.rom\[0\]\[13\],22.14
_06100_,22.13
dmem.ram\[23\]\[9\],22.13
_06038_,22.12
_07167_,22.12
dmem.ram\[23\]\[1\],22.12
dmem.ram\[36\]\[8\],22.12
dmem.ram\[2\]\[15\],22.1
regfile.registerFile\[4\]\[1\],22.09
ex_mm_reg.Rd_Addr_Out_PR\[0\],22.08
dmem.ram\[21\]\[4\],22.07
dmem.ram\[33\]\[5\],22.06
_01872_,22.04
_07384_,22.04
_07749_,22.04
regfile.registerFile\[4\]\[3\],22.04
dmem.ram\[55\]\[8\],22.02
imem.rom\[12\]\[8\],22.02
rr_ex_reg.RF_D2_Out\[4\],22.02
_03580_,22
_03620_,22
_04218_,22
_05475_,22
_07556_,22
imem.rom\[12\]\[1\],21.98
_08224_,21.97
_06869_,21.96
dmem.ram\[18\]\[11\],21.945
_03410_,21.94
_04554_,21.94
_03250_,21.92
_03432_,21.92
_04775_,21.92
_06004_,21.92
dmem.ram\[12\]\[1\],21.92
_06302_,21.91
_05473_,21.88
_03259_,21.86
_03220_,21.84
_07091_,21.84
_05610_,21.82
dmem.ram\[54\]\[7\],21.815
dmem.ram\[1\]\[11\],21.81
dmem.ram\[15\]\[11\],21.8
regfile.registerFile\[0\]\[4\],21.8
_08231_,21.78
_01772_,21.76
_03255_,21.76
_07921_,21.76
id_rr_reg.instr_out\[13\],21.76
dmem.ram\[47\]\[0\],21.72
dmem.ram\[45\]\[6\],21.705
_03612_,21.7
_02860_,21.68
_05879_,21.68
_06770_,21.68
rr_ex_reg.instr_out\[14\],21.68
_05578_,21.66
_07835_,21.66
dmem.ram\[21\]\[10\],21.66
imem.rom\[2\]\[9\],21.645
_04782_,21.64
dmem.ram\[47\]\[2\],21.64
dmem.ram\[4\]\[5\],21.605
imem.rom\[6\]\[2\],21.605
_02066_,21.6
_02945_,21.56
_04520_,21.56
regfile.registerFile\[2\]\[9\],21.55
_03925_,21.54
_07706_,21.54
_01771_,21.51
_07769_,21.5
mm_wb_reg.Rd_Data_Out_PR\[6\],21.5
rr_ex_reg.RF_D2_Out\[14\],21.5
dmem.ram\[52\]\[13\],21.48
regfile.registerFile\[3\]\[11\],21.48
_05754_,21.46
_08156_,21.46
dmem.ram\[12\]\[2\],21.44
imem.rom\[12\]\[15\],21.44
imem.rom\[13\]\[4\],21.44
dmem.ram\[27\]\[0\],21.42
imem.rom\[4\]\[0\],21.42
_08192_,21.41
imem.rom\[15\]\[12\],21.4
_06906_,21.38
_02812_,21.35
_03991_,21.3
_04640_,21.3
_05779_,21.3
_07675_,21.3
_01877_,21.26
_08167_,21.24
dmem.ram\[53\]\[8\],21.24
_07485_,21.22
dmem.ram\[59\]\[11\],21.18
_03355_,21.16
dmem.ram\[25\]\[14\],21.16
_03497_,21.155
_05032_,21.14
_07581_,21.14
imem.rom\[0\]\[11\],21.14
dmem.ram\[29\]\[5\],21.125
dmem.ram\[54\]\[8\],21.12
imem.rom\[5\]\[12\],21.12
_03704_,21.08
_05951_,21.04
_03032_,21.02
imem.rom\[12\]\[6\],21
_02778_,20.94
_01756_,20.92
dmem.ram\[51\]\[9\],20.92
net179,20.92
_05706_,20.9
_05973_,20.9
_04395_,20.88
_06241_,20.88
_04639_,20.86
_05833_,20.86
_06916_,20.84
_08153_,20.84
_06164_,20.8
_02122_,20.78
_01792_,20.76
_04449_,20.72
_04713_,20.72
_07417_,20.7
_08171_,20.7
dmem.ram\[53\]\[13\],20.7
imem.rom\[13\]\[2\],20.64
_05892_,20.58
dmem.ram\[2\]\[1\],20.565
_08195_,20.545
_01793_,20.54
_02832_,20.54
_05468_,20.54
_05896_,20.52
_05898_,20.52
_07021_,20.52
_07805_,20.52
net88,20.5
regfile.registerFile\[1\]\[11\],20.48
rr_ex_reg.RF_D2_Out\[3\],20.48
_03265_,20.44
_03564_,20.4
regfile.registerFile\[1\]\[6\],20.36
dmem.ram\[61\]\[10\],20.34
_01811_,20.32
_03642_,20.32
_04754_,20.32
_07174_,20.32
dmem.ram\[43\]\[6\],20.32
dmem.ram\[53\]\[10\],20.32
_03245_,20.315
dmem.ram\[14\]\[11\],20.31
imem.rom\[14\]\[15\],20.265
net70,20.26
dmem.ram\[18\]\[8\],20.23
_05094_,20.22
_06994_,20.2
_07592_,20.2
_06121_,20.18
_07849_,20.18
dmem.ram\[19\]\[15\],20.18
imem.rom\[0\]\[5\],20.18
_02905_,20.16
_05974_,20.16
dmem.ram\[11\]\[12\],20.16
dmem.ram\[17\]\[8\],20.16
dmem.ram\[29\]\[1\],20.16
ex_mm_reg.Instr_Out\[15\],20.16
dmem.ram\[21\]\[0\],20.14
rr_ex_reg.cntrl_out\[2\],20.14
_05537_,20.135
_04906_,20.1
_05415_,20.1
_05601_,20.1
imem.rom\[4\]\[7\],20.1
net159,20.1
imem.rom\[14\]\[13\],20.085
_03916_,20.08
_04752_,20.08
imem.rom\[8\]\[12\],20.06
dmem.ram\[29\]\[0\],20.04
imem.rom\[15\]\[8\],20.04
imem.rom\[13\]\[15\],20.02
_05688_,20
_05238_,19.98
imem.rom\[13\]\[8\],19.98
_03217_,19.96
_03529_,19.92
dmem.ram\[37\]\[14\],19.9
_07154_,19.88
dmem.ram\[11\]\[13\],19.88
_04952_,19.86
_07803_,19.86
dmem.ram\[63\]\[7\],19.86
clknet_leaf_3_clk,19.86
_04721_,19.84
_08165_,19.84
dmem.ram\[62\]\[15\],19.825
_05953_,19.82
imem.rom\[0\]\[14\],19.82
dmem.ram\[51\]\[12\],19.8
dmem.ram\[48\]\[3\],19.78
_01742_,19.77
_03082_,19.74
_06912_,19.74
_01803_,19.72
imem.rom\[12\]\[12\],19.72
_01132_,19.705
imem.rom\[0\]\[6\],19.7
imem.rom\[8\]\[13\],19.7
_04091_,19.68
_03370_,19.66
_04021_,19.66
_08177_,19.66
dmem.ram\[11\]\[15\],19.66
dmem.ram\[62\]\[13\],19.65
_02746_,19.64
_05801_,19.6
_07547_,19.6
_05989_,19.58
_07157_,19.56
_07186_,19.56
_02903_,19.5
_07834_,19.5
clknet_leaf_13_clk,19.5
_07733_,19.48
_03074_,19.46
_04090_,19.46
dmem.ram\[18\]\[4\],19.45
_05442_,19.44
_04807_,19.415
imem.rom\[0\]\[10\],19.41
_01795_,19.38
dmem.ram\[50\]\[0\],19.38
imem.rom\[0\]\[9\],19.38
imem.rom\[12\]\[13\],19.38
_02786_,19.36
dmem.ram\[62\]\[14\],19.33
_06077_,19.32
_03655_,19.28
_03775_,19.28
_03920_,19.28
_06155_,19.28
dmem.ram\[31\]\[0\],19.28
_02608_,19.26
_00591_,19.22
_07020_,19.22
dmem.ram\[25\]\[10\],19.2
dmem.ram\[56\]\[12\],19.2
rr_ex_reg.RF_D1_Out\[6\],19.2
_07183_,19.16
dmem.ram\[8\]\[15\],19.16
rr_ex_reg.RF_D1_Out\[10\],19.16
rr_ex_reg.instr_out\[11\],19.12
imem.rom\[5\]\[11\],19.06
imem.rom\[9\]\[6\],19.06
dmem.ram\[45\]\[14\],19.04
dmem.ram\[10\]\[7\],19.025
_02161_,19.02
_05906_,19.02
dmem.ram\[49\]\[0\],19
_03083_,18.98
_05647_,18.98
dmem.ram\[46\]\[5\],18.98
dmem.ram\[30\]\[15\],18.965
_03437_,18.96
_03865_,18.96
_08115_,18.96
_02763_,18.94
_03407_,18.94
_04100_,18.94
ex_mm_reg.Rd_Data_Out_PR\[1\],18.94
dmem.ram\[29\]\[8\],18.925
imem.rom\[10\]\[1\],18.925
_02703_,18.92
_05938_,18.92
rr_ex_reg.RF_D2_Out\[6\],18.92
_02723_,18.9
dmem.ram\[56\]\[6\],18.9
_07176_,18.88
imem.rom\[5\]\[8\],18.88
dmem.ram\[36\]\[2\],18.865
_06589_,18.86
_07051_,18.86
_05374_,18.84
_07180_,18.84
_03301_,18.82
_05440_,18.82
_05494_,18.82
_07970_,18.82
imem.rom\[1\]\[13\],18.82
imem.rom\[2\]\[12\],18.805
dmem.ram\[18\]\[13\],18.785
_03924_,18.76
_04399_,18.74
_05101_,18.74
_03926_,18.7
_04145_,18.7
_04387_,18.7
_06797_,18.7
_06925_,18.7
dmem.ram\[59\]\[6\],18.7
dmem.ram\[12\]\[6\],18.68
dmem.ram\[29\]\[2\],18.66
_03169_,18.62
rr_ex_reg.RF_D1_Out\[8\],18.62
_02960_,18.6
_05113_,18.6
_05952_,18.6
_08125_,18.6
dmem.ram\[27\]\[1\],18.6
imem.rom\[13\]\[6\],18.6
_05842_,18.58
dmem.ram\[53\]\[0\],18.56
_04333_,18.54
dmem.ram\[4\]\[15\],18.54
_05859_,18.52
_03914_,18.5
_02732_,18.48
_07002_,18.48
instr_wdata[9],18.48
_05561_,18.46
dmem.ram\[3\]\[11\],18.46
imem.rom\[5\]\[10\],18.46
_03073_,18.44
_05676_,18.44
_06067_,18.44
imem.rom\[4\]\[13\],18.44
dmem.ram\[10\]\[5\],18.405
_03849_,18.4
imem.rom\[4\]\[9\],18.4
net385,18.38
_04661_,18.36
imem.rom\[9\]\[15\],18.36
imem.rom\[4\]\[5\],18.34
dmem.ram\[17\]\[15\],18.32
dmem.ram\[52\]\[5\],18.285
_03304_,18.28
dmem.ram\[61\]\[15\],18.28
imem.rom\[9\]\[11\],18.28
imem.rom\[10\]\[4\],18.265
_07691_,18.26
_03487_,18.24
_05684_,18.24
dmem.ram\[4\]\[14\],18.24
imem.rom\[11\]\[6\],18.24
imem.rom\[5\]\[13\],18.24
_02968_,18.22
clknet_leaf_51_clk,18.22
dmem.ram\[10\]\[1\],18.165
ex_mm_reg.Rd_Data_Out_PR\[15\],18.16
dmem.ram\[38\]\[2\],18.145
imem.rom\[10\]\[15\],18.145
_04785_,18.14
_05756_,18.14
imem.rom\[0\]\[7\],18.14
imem.rom\[5\]\[9\],18.1
_05720_,18.08
regfile.registerFile\[3\]\[15\],18.08
_03911_,18.06
_04415_,18.06
_07005_,18.06
dmem.ram\[49\]\[14\],18.06
imem.rom\[4\]\[6\],18.06
_01660_,18.04
_06091_,18.04
imem.rom\[10\]\[5\],18.025
_03979_,18.02
rr_ex_reg.instr_out\[9\],18.02
imem.rom\[6\]\[11\],18.005
_06659_,18
_03025_,17.94
_03238_,17.94
_03912_,17.94
_05980_,17.92
imem.rom\[12\]\[9\],17.92
_04604_,17.9
imem.rom\[10\]\[12\],17.885
_03347_,17.88
_07840_,17.88
_01650_,17.86
dmem.ram\[43\]\[1\],17.86
imem.rom\[11\]\[8\],17.86
_06134_,17.84
net74,17.84
dmem.ram\[11\]\[14\],17.82
imem.rom\[1\]\[7\],17.82
_05045_,17.8
net101,17.8
dmem.ram\[31\]\[3\],17.78
_04386_,17.72
_05147_,17.72
_05154_,17.72
_06938_,17.72
dmem.ram\[59\]\[7\],17.72
_03694_,17.7
_06915_,17.7
_05948_,17.69
dmem.ram\[51\]\[14\],17.66
_06841_,17.64
net124,17.62
_04391_,17.6
_01692_,17.58
_07639_,17.575
imem.rom\[0\]\[12\],17.56
imem.rom\[12\]\[11\],17.56
dmem.ram\[10\]\[0\],17.53
imem.rom\[14\]\[14\],17.525
_02767_,17.52
_04403_,17.52
_05900_,17.52
dmem.ram\[55\]\[9\],17.52
_02362_,17.48
_03808_,17.48
_05626_,17.48
_07774_,17.48
imem.rom\[9\]\[10\],17.48
_01754_,17.46
_03850_,17.46
_04862_,17.46
imem.rom\[11\]\[3\],17.46
_05303_,17.44
_07036_,17.44
dmem.ram\[39\]\[7\],17.44
dmem.ram\[24\]\[11\],17.43
_04206_,17.4
_06893_,17.4
dmem.ram\[59\]\[9\],17.4
imem.rom\[6\]\[8\],17.365
_03021_,17.36
_05344_,17.36
dmem.ram\[41\]\[11\],17.35
_00696_,17.34
_03679_,17.34
_08157_,17.34
_03262_,17.32
_07199_,17.32
imem.rom\[11\]\[10\],17.32
dmem.ram\[19\]\[2\],17.3
_02630_,17.28
id_rr_reg.instr_out\[0\],17.24
_06907_,17.22
dmem.ram\[47\]\[1\],17.22
_07826_,17.2
dmem.ram\[31\]\[6\],17.2
ex_mm_reg.Rd_Data_Out_PR\[6\],17.2
rr_ex_reg.pc_next_out\[8\],17.2
net79,17.2
imem.rom\[14\]\[5\],17.185
_04244_,17.18
_07640_,17.18
dmem.ram\[19\]\[13\],17.18
dmem.ram\[46\]\[13\],17.18
regfile.registerFile\[1\]\[9\],17.18
_03047_,17.16
_08185_,17.15
imem.rom\[2\]\[7\],17.145
_06108_,17.14
_04863_,17.12
dmem.ram\[18\]\[1\],17.115
imem.rom\[14\]\[2\],17.105
imem.rom\[2\]\[5\],17.105
net129,17.08
imem.rom\[14\]\[4\],17.065
_08207_,17.06
_04383_,17.04
_05625_,17.04
_02738_,17.02
imem.rom\[1\]\[0\],17.02
imem.rom\[9\]\[5\],17.02
dmem.ram\[15\]\[5\],17
imem.rom\[6\]\[7\],16.985
_05603_,16.96
_05794_,16.96
imem.rom\[7\]\[3\],16.94
_05116_,16.92
_06745_,16.92
_05992_,16.9
_06960_,16.9
_07184_,16.9
_03870_,16.88
_04187_,16.88
_03965_,16.86
_05767_,16.86
imem.rom\[4\]\[2\],16.86
_07828_,16.84
dmem.ram\[13\]\[3\],16.83
imem.rom\[6\]\[14\],16.825
_05782_,16.82
imem.rom\[11\]\[14\],16.82
dmem.ram\[9\]\[15\],16.8
regfile.registerFile\[4\]\[15\],16.78
if_id_reg.Instr_Out\[11\],16.72
_04462_,16.7
_06723_,16.7
_01097_,16.695
_01844_,16.68
_03116_,16.68
_03586_,16.68
_05719_,16.68
_05215_,16.66
_03253_,16.64
dmem.ram\[2\]\[2\],16.63
_05459_,16.62
_01802_,16.6
_02720_,16.6
_04093_,16.6
imem.rom\[11\]\[9\],16.6
_00188_,16.585
_04181_,16.57
_03122_,16.56
_03639_,16.56
_04350_,16.54
ex_mm_reg.Instr_Out\[12\],16.54
_00686_,16.505
_01046_,16.485
imem.rom\[10\]\[9\],16.485
_05025_,16.48
imem.rom\[14\]\[12\],16.445
_06918_,16.44
_03640_,16.42
_02941_,16.4
imem.rom\[4\]\[12\],16.4
_07164_,16.38
imem.rom\[2\]\[6\],16.365
net822,16.34
_04204_,16.32
_03408_,16.3
_01596_,16.285
_02947_,16.28
_08164_,16.28
_00688_,16.265
_06012_,16.26
dmem.ram\[57\]\[14\],16.26
_02742_,16.22
_03348_,16.2
imem.rom\[6\]\[13\],16.185
rr_ex_reg.RF_D1_Out\[12\],16.18
_04622_,16.1
_05361_,16.1
dmem.ram\[4\]\[11\],16.09
dmem.ram\[21\]\[8\],16.085
_01597_,16.08
_02976_,16.08
_05020_,16.08
imem.rom\[14\]\[1\],16.065
imem.rom\[2\]\[4\],16.065
_01833_,16.06
_03838_,16.06
dmem.ram\[45\]\[1\],16.06
dmem.ram\[53\]\[14\],16.06
_03707_,16.04
_07807_,16.04
_02836_,16.035
_03236_,16.02
_04949_,16.02
dmem.ram\[19\]\[0\],16.02
_05839_,15.99
_08122_,15.99
_07166_,15.98
_07178_,15.98
imem.rom\[1\]\[11\],15.98
_01658_,15.96
rr_ex_reg.RF_D2_Out\[8\],15.96
_02724_,15.94
_04570_,15.94
imem.rom\[15\]\[0\],15.94
imem.rom\[1\]\[10\],15.94
_05843_,15.92
_03268_,15.88
_06935_,15.88
_08228_,15.88
dmem.ram\[25\]\[8\],15.88
rr_ex_reg.RF_D2_Out\[5\],15.88
_03286_,15.86
_03380_,15.86
dmem.ram\[13\]\[11\],15.86
dmem.ram\[54\]\[1\],15.86
_06238_,15.855
imem.rom\[4\]\[1\],15.84
_05966_,15.82
_06146_,15.82
dmem.ram\[30\]\[1\],15.81
imem.rom\[0\]\[3\],15.81
_03602_,15.76
imem.rom\[8\]\[2\],15.76
_03623_,15.74
_05307_,15.74
net509,15.74
dmem.ram\[56\]\[13\],15.72
_01685_,15.7
_05607_,15.7
_06014_,15.7
_01645_,15.68
_05588_,15.68
dmem.ram\[3\]\[9\],15.68
_02916_,15.66
_04514_,15.66
ex_mm_reg.Instr_Out\[13\],15.66
imem.rom\[8\]\[0\],15.66
_06853_,15.655
_03785_,15.64
imem.rom\[13\]\[0\],15.64
imem.rom\[1\]\[2\],15.64
_04637_,15.62
_05205_,15.6
_02804_,15.58
_05644_,15.56
_06303_,15.56
dmem.ram\[30\]\[2\],15.55
_04927_,15.52
rr_ex_reg.instr_out\[1\],15.52
_07897_,15.5
_05479_,15.48
_06123_,15.48
imem.rom\[7\]\[7\],15.48
if_id_reg.Instr_Out\[15\],15.46
_02776_,15.44
_06178_,15.44
dmem.ram\[59\]\[8\],15.44
imem.rom\[9\]\[4\],15.44
_08148_,15.41
_06700_,15.36
_03188_,15.34
_03797_,15.34
_03975_,15.34
_07055_,15.34
_02235_,15.32
_02783_,15.32
_04061_,15.32
_08064_,15.32
mm_wb_reg.Rd_Data_Out_PR\[4\],15.32
_03633_,15.3
_08229_,15.3
_03068_,15.28
_03085_,15.28
_03237_,15.28
_06084_,15.28
instr_wdata[1],15.28
_03090_,15.26
_03415_,15.26
_03814_,15.26
_05841_,15.25
imem.rom\[2\]\[8\],15.25
_05972_,15.24
dmem.ram\[3\]\[10\],15.24
_05421_,15.23
_04868_,15.22
_08145_,15.22
debug_mem_data[14],15.19
net680,15.16
dmem.ram\[43\]\[0\],15.14
imem.rom\[14\]\[10\],15.125
_04756_,15.12
_05214_,15.12
_06073_,15.1
_03688_,15.08
_03592_,15.06
_03978_,15.06
_05617_,15.06
_06630_,15.06
_07877_,15.04
dmem.ram\[55\]\[11\],15.02
_04203_,15
_06850_,15
net913,15
regfile.registerFile\[0\]\[13\],14.98
_01440_,14.965
_06027_,14.94
dmem.ram\[23\]\[8\],14.94
dmem.ram\[55\]\[1\],14.94
_02399_,14.92
_05512_,14.92
_07205_,14.92
dmem.ram\[31\]\[1\],14.92
_05847_,14.9
_05864_,14.9
dmem.ram\[57\]\[1\],14.9
_03291_,14.88
_03394_,14.88
_05937_,14.88
dmem.ram\[47\]\[8\],14.88
dmem.ram\[58\]\[1\],14.88
imem.rom\[7\]\[0\],14.88
_03891_,14.845
if_id_reg.Instr_Out\[8\],14.84
imem.rom\[2\]\[15\],14.825
_06142_,14.82
_07625_,14.82
_01873_,14.8
_05956_,14.8
imem.rom\[11\]\[7\],14.8
net355,14.8
_01805_,14.78
_05501_,14.78
_08186_,14.78
net402,14.78
imem.rom\[14\]\[9\],14.77
_03127_,14.76
_04528_,14.76
_03414_,14.72
imem.rom\[9\]\[9\],14.72
_03703_,14.715
_01134_,14.705
net394,14.68
_03818_,14.66
_03232_,14.655
imem.rom\[11\]\[1\],14.62
dmem.ram\[37\]\[7\],14.605
_03942_,14.6
dmem.ram\[23\]\[4\],14.6
_03692_,14.58
_03315_,14.56
_05835_,14.56
imem.rom\[8\]\[14\],14.56
_02376_,14.54
_03037_,14.54
_02790_,14.52
_03336_,14.52
dmem.ram\[43\]\[2\],14.5
mm_wb_reg.Rd_Data_Out_PR\[5\],14.5
_05634_,14.48
imem.rom\[7\]\[12\],14.48
_02023_,14.46
_03079_,14.46
_03322_,14.46
_03871_,14.46
_05159_,14.46
_05350_,14.46
imem.rom\[11\]\[12\],14.46
_01595_,14.445
_06941_,14.445
imem.rom\[8\]\[9\],14.44
_02209_,14.42
_03063_,14.42
_03860_,14.42
_07206_,14.42
_06144_,14.39
_01656_,14.38
_05915_,14.38
_02971_,14.365
_04479_,14.36
dmem.ram\[8\]\[14\],14.36
imem.rom\[14\]\[11\],14.325
imem.rom\[2\]\[14\],14.305
_03288_,14.3
_06175_,14.3
_07573_,14.3
_00607_,14.285
_07321_,14.28
_05178_,14.26
_05078_,14.24
_05382_,14.22
_04374_,14.2
_03289_,14.18
_05689_,14.18
net114,14.18
_02779_,14.16
net904,14.14
_03790_,14.12
_07177_,14.1
_01894_,14.08
imem.rom\[10\]\[10\],14.065
_04192_,14.06
_01096_,14.055
imem.rom\[9\]\[1\],14.05
dmem.ram\[46\]\[7\],14.04
_01663_,14
_03020_,14
_03081_,14
_04184_,14
_06114_,14
_07825_,14
net201,14
_02934_,13.98
_04159_,13.98
_05873_,13.98
_07901_,13.98
_08141_,13.98
_06098_,13.96
_06099_,13.96
imem.rom\[13\]\[1\],13.96
net1285,13.96
_05414_,13.94
ex_mm_reg.Rd_Data_Out_PR\[2\],13.92
net202,13.9
imem.rom\[14\]\[7\],13.885
_02978_,13.88
_03874_,13.88
rr_ex_reg.instr_out\[2\],13.88
_01594_,13.865
net120,13.86
net191,13.86
_03907_,13.84
dmem.ram\[23\]\[10\],13.84
net585,13.84
_04366_,13.82
_05109_,13.82
_05950_,13.82
_00210_,13.805
_03533_,13.8
_01854_,13.76
dmem.ram\[56\]\[15\],13.76
rr_ex_reg.RF_D2_Out\[7\],13.76
_04783_,13.74
net786,13.74
_04798_,13.72
_05917_,13.72
imem.rom\[14\]\[6\],13.705
dmem.ram\[26\]\[10\],13.685
_03069_,13.68
_03222_,13.68
_05422_,13.68
net1015,13.68
_04272_,13.66
imem.rom\[10\]\[6\],13.645
_02924_,13.62
_03839_,13.62
_05911_,13.62
_04176_,13.6
_05048_,13.58
_05518_,13.56
_06129_,13.56
imem.rom\[7\]\[15\],13.56
net300,13.56
_03961_,13.54
_05825_,13.54
_08166_,13.54
debug_reg_data[7],13.54
_01858_,13.52
_06046_,13.52
_03375_,13.5
_05658_,13.5
_06010_,13.5
_02290_,13.48
_02775_,13.48
_00260_,13.445
imem.rom\[7\]\[1\],13.44
net774,13.44
_03550_,13.42
net466,13.4
net922,13.4
_05713_,13.38
imem.rom\[8\]\[6\],13.38
_05085_,13.36
net962,13.36
_02614_,13.34
_05751_,13.34
_05492_,13.32
dmem.ram\[60\]\[0\],13.32
_02227_,13.3
_02620_,13.3
_04772_,13.3
_04942_,13.3
_05854_,13.3
_05995_,13.28
imem.rom\[10\]\[11\],13.265
_07004_,13.26
_05391_,13.24
net1222,13.24
_03099_,13.22
regfile.registerFile\[1\]\[10\],13.22
imem.rom\[3\]\[1\],13.18
_03071_,13.16
_04144_,13.14
_02870_,13.12
_03059_,13.12
imem.rom\[10\]\[7\],13.105
imem.rom\[7\]\[6\],13.1
_03383_,13.08
_03665_,13.08
_04959_,13.08
_05193_,13.08
_05628_,13.08
_05800_,13.08
_05991_,13.08
_06064_,13.08
_07204_,13.08
net135,13.06
_03231_,13.05
_04266_,13.04
_05877_,13.04
_07841_,13.04
net480,13.04
net626,13.04
debug_reg_data[13],13.01
_03652_,13
_03832_,13
_04094_,13
_06025_,13
_06111_,13
_07389_,13
dmem.ram\[27\]\[2\],13
_07549_,12.98
_08124_,12.98
imem.rom\[6\]\[9\],12.975
imem.rom\[2\]\[10\],12.965
_03690_,12.96
_06664_,12.96
net444,12.96
_07044_,12.94
net874,12.94
_00066_,12.925
_03761_,12.92
net515,12.92
_05059_,12.9
_05385_,12.86
_03589_,12.84
_08219_,12.84
debug_mem_addr[2],12.84
dmem.ram\[54\]\[5\],12.84
_03638_,12.82
net111,12.82
_06094_,12.8
mm_wb_reg.Rd_Addr_Out_PR\[2\],12.8
net640,12.8
net1218,12.8
_01856_,12.76
dmem.ram\[4\]\[13\],12.75
_04360_,12.74
_04994_,12.72
net862,12.68
_02373_,12.66
_02721_,12.66
_05656_,12.66
_02932_,12.64
_03477_,12.62
_05259_,12.62
_08201_,12.62
debug_mem_data[1],12.62
debug_reg_data[4],12.62
pc_out_port[12],12.62
pc_out_port[5],12.62
pc_out_port[6],12.62
net126,12.62
net1160,12.62
_00680_,12.605
_08216_,12.6
net616,12.6
_01790_,12.585
_04915_,12.58
net184,12.58
net834,12.58
_01649_,12.56
_05921_,12.56
dmem.ram\[56\]\[1\],12.56
imem.rom\[9\]\[7\],12.56
_03022_,12.54
_03866_,12.54
_06167_,12.54
rr_ex_reg.pc_next_out\[10\],12.54
net701,12.54
_04665_,12.5
_04977_,12.5
_07670_,12.5
_08130_,12.5
_08173_,12.5
debug_reg_addr[2],12.49
_04778_,12.48
imem.rom\[11\]\[4\],12.48
net441,12.48
imem.rom\[15\]\[6\],12.46
imem.rom\[3\]\[7\],12.46
net289,12.46
_04060_,12.44
_05874_,12.44
_06883_,12.44
_05557_,12.42
_06048_,12.42
imem.rom\[9\]\[13\],12.42
_00041_,12.405
_03267_,12.4
_05142_,12.4
_07787_,12.4
net399,12.4
imem.rom\[6\]\[4\],12.385
_02809_,12.38
if_id_reg.Instr_Out\[14\],12.38
_05355_,12.36
_02478_,12.34
_03821_,12.34
_06062_,12.34
net1250,12.34
_07684_,12.32
imem.rom\[6\]\[10\],12.305
_06070_,12.3
_01148_,12.285
_04434_,12.28
_06928_,12.28
_07200_,12.28
net416,12.28
net918,12.28
net118,12.26
_02716_,12.24
_04370_,12.24
_08084_,12.24
debug_reg_addr[0],12.23
_06037_,12.22
net749,12.22
_03641_,12.2
_04432_,12.2
_06699_,12.2
_07191_,12.2
_07900_,12.2
imem.rom\[3\]\[11\],12.2
imem.rom\[7\]\[9\],12.2
_00902_,12.185
_03131_,12.18
_03371_,12.18
_08140_,12.18
_06059_,12.175
imem.rom\[10\]\[13\],12.165
_03270_,12.16
_03424_,12.16
_08225_,12.16
_02877_,12.14
_03626_,12.12
_05196_,12.12
_05324_,12.12
_05970_,12.12
_07198_,12.12
net831,12.12
_06746_,12.1
imem.rom\[7\]\[10\],12.1
_00156_,12.085
net174,12.085
dmem.ram\[9\]\[0\],12.08
net389,12.08
_03949_,12.06
imem.rom\[11\]\[0\],12.06
_03045_,12.04
_03354_,12.04
_05292_,12.04
imem.rom\[11\]\[2\],12.04
_00690_,12.02
_03215_,12.02
net934,12.02
imem.rom\[5\]\[0\],12
_00609_,11.985
_01137_,11.98
_05086_,11.96
_03258_,11.94
_06143_,11.94
net297,11.94
_07839_,11.92
imem.rom\[4\]\[4\],11.92
net558,11.92
dmem.ram\[45\]\[0\],11.91
_03518_,11.9
_05902_,11.9
net1186,11.9
_01892_,11.88
_05821_,11.88
net235,11.88
net818,11.88
_00918_,11.875
_04564_,11.86
_03952_,11.84
_05234_,11.84
_05498_,11.84
imem.rom\[15\]\[14\],11.84
rr_ex_reg.instr_out\[3\],11.84
_02741_,11.82
_05327_,11.82
_05250_,11.8
imem.rom\[7\]\[2\],11.8
_03329_,11.78
_06959_,11.78
_08121_,11.78
net128,11.78
_04116_,11.76
_01063_,11.745
_01601_,11.745
_02024_,11.74
_03194_,11.72
_03590_,11.72
_04487_,11.72
imem.rom\[3\]\[9\],11.72
_02788_,11.71
_00081_,11.705
_05047_,11.7
imem.rom\[15\]\[11\],11.7
_06923_,11.66
net489,11.66
dmem.ram\[12\]\[5\],11.645
net176,11.64
_00875_,11.625
_01103_,11.62
_03092_,11.62
_06007_,11.62
imem.rom\[1\]\[1\],11.62
_01488_,11.605
_02942_,11.6
_06112_,11.6
imem.rom\[3\]\[5\],11.6
net548,11.6
net849,11.6
net1128,11.6
imem.rom\[2\]\[13\],11.585
_02714_,11.58
_06115_,11.58
_07220_,11.58
if_id_reg.Instr_Out\[1\],11.58
net717,11.58
net775,11.58
net1028,11.58
_04149_,11.57
_03983_,11.56
net115,11.56
net712,11.56
net1080,11.56
_01100_,11.545
imem.rom\[6\]\[5\],11.545
_08227_,11.525
_02128_,11.52
net487,11.52
net1119,11.52
_03393_,11.5
_05904_,11.5
net1059,11.5
_04141_,11.48
net751,11.48
_01871_,11.46
_03106_,11.46
net482,11.46
_04545_,11.445
_03893_,11.42
imem.rom\[11\]\[5\],11.42
_01101_,11.405
_01336_,11.405
_06836_,11.4
_01838_,11.38
_05598_,11.38
_06961_,11.365
_03012_,11.36
if_id_reg.PC_Next_Out\[14\],11.36
net649,11.36
net753,11.36
net987,11.36
net1064,11.36
_04509_,11.34
_07967_,11.34
imem.rom\[3\]\[2\],11.34
net497,11.34
net596,11.34
net1247,11.34
_03278_,11.32
_05901_,11.32
_08198_,11.3
_03858_,11.28
_06624_,11.28
imem.rom\[1\]\[14\],11.28
_02371_,11.26
_03910_,11.26
_04072_,11.26
pc_out_port[3],11.26
_03353_,11.24
_05922_,11.24
_06944_,11.24
_07782_,11.24
imem.rom\[3\]\[3\],11.24
net146,11.24
net298,11.24
net571,11.24
net592,11.24
net976,11.24
_07357_,11.22
_08135_,11.22
_02908_,11.2
_03465_,11.2
_08101_,11.2
net512,11.2
net1274,11.2
_06732_,11.18
ex_mm_reg.Rd_Addr_Out_PR\[1\],11.18
_04595_,11.16
_06975_,11.16
_05375_,11.14
instr_wdata[8],11.14
net555,11.14
_03055_,11.12
_05435_,11.12
_05532_,11.12
_07540_,11.12
_07716_,11.12
_08211_,11.12
dmem.ram\[59\]\[10\],11.12
net206,11.12
_06862_,11.1
net357,11.1
net660,11.1
net755,11.1
dmem.ram\[25\]\[15\],11.08
imem.rom\[15\]\[13\],11.08
net271,11.06
net461,11.06
_05405_,11.04
ex_mm_reg.Rd_Data_Out_PR\[13\],11.04
imem.rom\[15\]\[7\],11.04
net757,11.04
_05999_,11.02
imem.rom\[14\]\[0\],11.005
imem.rom\[7\]\[5\],11
net641,11
imem.rom\[10\]\[14\],10.985
_05863_,10.98
imem.rom\[10\]\[8\],10.965
_02771_,10.96
_02840_,10.96
_03028_,10.96
_05037_,10.96
_05965_,10.96
_06089_,10.96
_06234_,10.96
_06672_,10.96
imem.rom\[9\]\[3\],10.96
_01618_,10.925
_04234_,10.92
_05135_,10.92
_04533_,10.9
net165,10.9
net279,10.9
net324,10.9
_05482_,10.88
_06751_,10.88
id_rr_reg.instr_out\[15\],10.88
_02647_,10.86
_06602_,10.86
_06946_,10.86
net920,10.86
if_id_reg.Instr_Out\[12\],10.84
_03409_,10.82
_03591_,10.82
_03813_,10.82
_05718_,10.82
_06019_,10.82
_08175_,10.81
_03001_,10.8
_04314_,10.8
_06523_,10.8
imem.rom\[2\]\[11\],10.785
_03046_,10.78
_03072_,10.78
_03523_,10.78
_03567_,10.78
_05611_,10.78
_06068_,10.78
net520,10.78
net653,10.78
net706,10.78
net708,10.78
net343,10.76
net878,10.76
_00611_,10.755
_01136_,10.745
_02421_,10.74
_03680_,10.74
net915,10.74
net1004,10.74
_05964_,10.72
_06176_,10.72
_08188_,10.72
_00120_,10.705
_03835_,10.7
mm_wb_reg.Rd_Addr_Out_PR\[0\],10.7
_00614_,10.68
_06956_,10.68
net437,10.68
net484,10.68
net1221,10.68
_00068_,10.665
_01265_,10.665
_03735_,10.66
_03864_,10.66
_05827_,10.66
_06889_,10.66
net141,10.66
net629,10.66
net412,10.655
net367,10.64
_04757_,10.62
net1123,10.62
_01604_,10.6
net1288,10.6
_05755_,10.58
net933,10.58
_04606_,10.56
_05186_,10.56
rr_ex_reg.pc_next_out\[9\],10.56
net607,10.56
_01820_,10.54
_04510_,10.54
_08127_,10.54
net866,10.54
_00695_,10.525
_03204_,10.52
_03417_,10.52
_05593_,10.52
net813,10.52
_01123_,10.505
_02698_,10.5
_03659_,10.5
_06042_,10.5
_06476_,10.5
_08235_,10.48
dmem.ram\[11\]\[8\],10.48
_01628_,10.465
_03628_,10.46
net864,10.46
_03587_,10.44
_04654_,10.44
_07325_,10.44
net193,10.44
net366,10.44
_02821_,10.42
net498,10.42
net844,10.42
imem.rom\[6\]\[6\],10.405
_02638_,10.4
_03111_,10.4
_05645_,10.4
_06449_,10.4
_06788_,10.4
_00633_,10.365
_03368_,10.36
_03967_,10.36
_04837_,10.36
_05485_,10.36
_06150_,10.36
_06957_,10.36
imem.rom\[15\]\[9\],10.36
net508,10.36
_03382_,10.34
_00588_,10.325
_03109_,10.325
_02020_,10.32
_03913_,10.32
_05212_,10.32
_05539_,10.32
_06136_,10.32
_06162_,10.32
_06833_,10.32
_07165_,10.32
_08168_,10.32
debug_mem_data[10],10.32
debug_mem_data[12],10.32
debug_mem_data[2],10.32
debug_reg_data[15],10.32
debug_reg_data[8],10.32
imem.rom\[13\]\[3\],10.32
pc_out_port[4],10.32
pc_out_port[7],10.32
net127,10.32
net877,10.32
_03295_,10.3
_04373_,10.3
_07700_,10.3
_08203_,10.3
_04634_,10.28
_04951_,10.28
_05202_,10.28
net332,10.28
net671,10.28
net1147,10.28
_08178_,10.26
_00617_,10.245
_01817_,10.24
_00343_,10.225
_01441_,10.225
_00685_,10.22
_03853_,10.22
net945,10.22
net1026,10.22
net1172,10.22
net1205,10.22
_05058_,10.2
_05541_,10.2
_05680_,10.2
instr_waddr[3],10.2
instr_wdata[14],10.2
instr_wdata[3],10.2
instr_wdata[4],10.2
net812,10.2
net872,10.2
net958,10.2
mm_wb_reg.Rd_Data_Out_PR\[7\],10.18
net296,10.18
net501,10.18
net636,10.18
net1153,10.18
_04541_,10.16
_04962_,10.16
_06105_,10.16
_06899_,10.16
imem.rom\[7\]\[8\],10.16
_02198_,10.14
_01562_,10.125
_01616_,10.125
imem.rom\[7\]\[4\],10.12
net1131,10.12
_06721_,10.1
net568,10.1
_06157_,10.08
instr_waddr[1],10.08
instr_wdata[13],10.08
instr_wdata[5],10.08
net145,10.08
net699,10.08
net895,10.08
_01609_,10.065
_01668_,10.06
_05804_,10.06
_00077_,10.045
_01190_,10.04
_03326_,10.04
_03919_,10.04
_08222_,10.02
_03500_,10
net776,10
net868,10
_05981_,9.99
_06054_,9.98
debug_reg_data[2],9.98
net110,9.98
net144,9.98
dmem.ram\[17\]\[7\],9.96
_06366_,9.94
_07159_,9.94
_00052_,9.925
_03157_,9.9
_03207_,9.9
net684,9.9
_01909_,9.88
_02153_,9.88
_04057_,9.88
_00083_,9.865
_02622_,9.86
_03201_,9.86
_05046_,9.86
_06948_,9.86
_07913_,9.86
net281,9.86
net472,9.86
net672,9.86
net1207,9.86
_04295_,9.82
_04666_,9.82
_06309_,9.82
imem.rom\[15\]\[1\],9.82
net898,9.82
net1033,9.82
net1077,9.82
net1086,9.82
net1233,9.82
_00985_,9.785
_01565_,9.785
_01774_,9.78
_02969_,9.78
_04188_,9.78
net224,9.76
net430,9.76
net529,9.76
net835,9.76
net1056,9.76
net1090,9.76
net1211,9.76
_05875_,9.74
ex_mm_reg.Instr_Out\[14\],9.74
imem.rom\[11\]\[15\],9.74
net157,9.74
net383,9.74
net306,9.72
net445,9.72
net1001,9.72
net1106,9.72
net1136,9.72
net1276,9.72
_00064_,9.705
imem.rom\[1\]\[6\],9.7
_00029_,9.685
_03932_,9.68
_05066_,9.68
_07128_,9.68
_06976_,9.67
_00349_,9.665
_00692_,9.66
imem.rom\[15\]\[10\],9.66
_06402_,9.64
_07285_,9.64
_02300_,9.635
_00286_,9.62
_03621_,9.62
_07045_,9.62
net614,9.62
net903,9.62
net1075,9.62
_00219_,9.585
_07599_,9.58
imem.rom\[3\]\[15\],9.58
_01442_,9.545
_05010_,9.54
net1244,9.54
_00193_,9.52
_01952_,9.52
_02296_,9.52
_02639_,9.52
_03943_,9.52
_04156_,9.52
_04275_,9.52
_07083_,9.52
_07386_,9.52
net155,9.52
net170,9.52
net475,9.52
net504,9.52
net655,9.52
_00423_,9.505
dmem.ram\[29\]\[15\],9.5
_00691_,9.48
_03062_,9.48
_05098_,9.48
_05967_,9.48
_06473_,9.48
_07453_,9.48
net87,9.475
_01451_,9.445
_01759_,9.44
_02226_,9.44
_07632_,9.44
_01935_,9.42
_01987_,9.42
_02092_,9.42
_02097_,9.42
_02273_,9.42
_02291_,9.42
_02294_,9.42
_02311_,9.42
_02326_,9.42
_02377_,9.42
_02391_,9.42
_02571_,9.42
_02641_,9.42
_03173_,9.42
_04364_,9.42
_05597_,9.42
_05655_,9.42
_08055_,9.42
id_rr_reg.pc_next_out\[10\],9.42
_02725_,9.41
_01689_,9.4
_02240_,9.4
_03290_,9.4
_04867_,9.4
_05838_,9.4
net187,9.4
net222,9.4
net572,9.4
net889,9.4
net1133,9.4
_05996_,9.38
_01644_,9.36
_01964_,9.36
_02501_,9.36
_02674_,9.36
_03358_,9.36
_03966_,9.36
_05602_,9.36
_06577_,9.36
_06592_,9.36
_06619_,9.36
_06705_,9.36
_07846_,9.36
net364,9.36
net566,9.36
net610,9.36
net847,9.36
net861,9.36
net973,9.36
net1016,9.36
net1252,9.36
_01037_,9.325
_01282_,9.325
_02627_,9.32
_05061_,9.32
_05717_,9.32
_01361_,9.305
_03282_,9.3
_05129_,9.3
_05167_,9.3
_05462_,9.3
net314,9.3
net316,9.3
net398,9.3
net628,9.3
net631,9.3
net643,9.3
net772,9.3
net815,9.3
net885,9.3
net899,9.3
net1054,9.3
net1245,9.3
net1261,9.3
_01404_,9.285
imem.rom\[14\]\[8\],9.285
_05336_,9.28
_05613_,9.28
_07379_,9.28
_07722_,9.28
if_id_reg.PC_Next_Out\[10\],9.28
net436,9.28
net956,9.28
net1008,9.28
net1126,9.28
_02765_,9.26
net582,9.26
net804,9.26
_08220_,9.24
net661,9.24
net744,9.24
_02221_,9.22
net1235,9.22
_02717_,9.2
_03080_,9.2
_05365_,9.2
net311,9.2
net1050,9.2
_01182_,9.185
_02562_,9.18
_03635_,9.18
instr_waddr[2],9.18
net275,9.18
net673,9.18
net981,9.18
net1149,9.18
net1167,9.18
_03510_,9.16
_03563_,9.16
_06065_,9.16
net1162,9.16
_00094_,9.145
_02249_,9.12
_05441_,9.12
_05488_,9.12
_06003_,9.12
_06595_,9.12
net972,9.12
_03412_,9.1
_04540_,9.1
_01408_,9.085
_01804_,9.08
_02994_,9.08
_07029_,9.08
net116,9.08
net455,9.08
_00707_,9.075
carry_flag_port,9.07
_03340_,9.06
_03581_,9.06
_05393_,9.06
_05560_,9.06
_06371_,9.06
_07616_,9.06
_07642_,9.06
_07676_,9.06
net134,9.06
net325,9.06
net397,9.06
net838,9.06
_03933_,9.04
_04414_,9.04
_07829_,9.04
ex_mm_reg.Rd_Data_Out_PR\[8\],9.04
imem.rom\[11\]\[11\],9.04
net108,9.04
net736,9.04
net770,9.04
_01957_,9.02
_02259_,9.02
_03841_,9.02
_05586_,9.02
_06827_,9.02
_07060_,9.02
net339,9.02
net428,9.02
net1037,9.02
net1271,9.02
_06963_,9
if_id_reg.PC_Next_Out\[8\],9
_01033_,8.985
_01947_,8.98
_03003_,8.98
_04199_,8.98
_06910_,8.98
_07724_,8.98
imem.rom\[5\]\[1\],8.98
_00808_,8.96
_01969_,8.96
_03033_,8.96
_03101_,8.96
_03113_,8.96
_03600_,8.96
_07844_,8.96
_08045_,8.96
_08154_,8.96
debug_mem_data[15],8.96
debug_reg_data[14],8.96
pc_out_port[0],8.96
pc_out_port[15],8.96
pc_out_port[8],8.96
net929,8.96
_02149_,8.94
_02343_,8.94
_02997_,8.94
_03027_,8.94
_03118_,8.94
_05287_,8.94
_05944_,8.94
_07348_,8.94
_07372_,8.94
_08013_,8.94
net392,8.94
net620,8.94
net634,8.94
net727,8.94
net1154,8.94
net1199,8.94
net1223,8.94
_01405_,8.92
_02354_,8.92
_04028_,8.92
_07536_,8.92
_02388_,8.9
_03197_,8.9
_03974_,8.9
_05221_,8.9
_05704_,8.9
_06133_,8.9
net307,8.9
net338,8.9
net595,8.9
net679,8.9
net700,8.9
net974,8.9
net1135,8.9
net1224,8.9
_06088_,8.88
_07064_,8.88
_01389_,8.865
_02242_,8.86
_02448_,8.86
_03686_,8.86
_05698_,8.86
_06254_,8.86
_06362_,8.86
_06629_,8.86
_06756_,8.86
if_id_reg.PC_Next_Out\[1\],8.86
_04133_,8.84
net422,8.84
net531,8.84
net553,8.84
net732,8.84
net871,8.84
net875,8.84
net1049,8.84
net1138,8.84
net1220,8.84
net1227,8.84
imem.rom\[6\]\[12\],8.825
imem.rom\[15\]\[15\],8.82
net464,8.82
net856,8.82
_02195_,8.8
_02328_,8.8
_04382_,8.8
_05621_,8.8
_05826_,8.8
_07025_,8.8
net468,8.8
net500,8.8
net745,8.8
net1074,8.8
imem.rom\[12\]\[3\],8.78
imem.rom\[3\]\[10\],8.78
mem_out_mux.sel,8.78
_03016_,8.76
net1060,8.76
net1151,8.76
net1266,8.76
_08099_,8.74
net192,8.74
net1127,8.74
net1163,8.74
_00150_,8.725
_00354_,8.725
debug_mem_addr[3],8.72
debug_mem_addr[4],8.72
debug_mem_addr[5],8.72
instr_wdata[7],8.72
net479,8.72
net656,8.72
net1032,8.72
_07006_,8.7
net375,8.7
net658,8.7
net232,8.68
net1242,8.68
_06086_,8.66
net1178,8.66
_01297_,8.645
_05942_,8.63
net150,8.63
_00877_,8.625
_03657_,8.62
_05012_,8.62
_00191_,8.6
_06205_,8.6
_06896_,8.6
net152,8.6
net361,8.6
net406,8.6
net481,8.6
net652,8.6
net1125,8.6
_01139_,8.585
_02009_,8.58
_03880_,8.58
_04242_,8.58
net249,8.58
net858,8.58
_02210_,8.56
_02366_,8.56
_02381_,8.56
_02995_,8.56
_03330_,8.56
_03524_,8.56
_03883_,8.56
_06388_,8.56
ex_mm_reg.Rd_Data_Out_PR\[14\],8.56
imem.rom\[3\]\[14\],8.56
net550,8.56
net941,8.56
net1140,8.56
net1202,8.56
net1264,8.56
_05151_,8.54
_07161_,8.54
_01051_,8.525
_01821_,8.52
_03263_,8.52
_03947_,8.52
_03992_,8.52
_05104_,8.52
_06250_,8.52
_07273_,8.52
_08236_,8.52
_00192_,8.505
_02179_,8.5
_02829_,8.5
_02979_,8.5
_04542_,8.5
_05975_,8.5
_06353_,8.5
_07378_,8.5
_08024_,8.5
_01094_,8.485
_01691_,8.48
_04381_,8.48
_06668_,8.48
_06864_,8.48
_07007_,8.48
_07246_,8.48
_07392_,8.48
_07822_,8.48
_08105_,8.48
_08196_,8.48
ex_mm_reg.Rd_Data_Out_PR\[4\],8.48
net62,8.48
net321,8.48
net420,8.48
net439,8.48
net454,8.48
net1246,8.48
_02008_,8.46
_04455_,8.46
_04576_,8.455
_01911_,8.44
_02067_,8.44
_03060_,8.44
_05639_,8.44
_05824_,8.44
_06093_,8.44
_06989_,8.44
_07935_,8.44
net243,8.44
net408,8.44
net425,8.44
net485,8.44
net696,8.44
net1043,8.44
net1203,8.44
net1272,8.44
_01337_,8.425
_01755_,8.42
_03596_,8.42
imem.rom\[3\]\[8\],8.42
_00573_,8.4
_01683_,8.4
_01694_,8.4
_02652_,8.4
_03299_,8.4
_03305_,8.4
_03406_,8.4
_04832_,8.4
_05455_,8.4
_06408_,8.4
instr_wdata[0],8.39
_03117_,8.38
_05357_,8.38
_08117_,8.38
instr_waddr[0],8.38
instr_wdata[11],8.38
net167,8.38
net231,8.38
net269,8.38
net312,8.38
net486,8.38
net522,8.38
net563,8.38
net603,8.38
net879,8.38
net908,8.38
net1009,8.38
net1078,8.38
net1132,8.38
net1164,8.38
net1214,8.38
net1231,8.38
_02824_,8.36
_06023_,8.36
imem.rom\[3\]\[0\],8.36
net890,8.36
_02148_,8.34
_03040_,8.34
_05808_,8.34
_07022_,8.34
_08174_,8.34
net299,8.34
net326,8.34
net377,8.34
net471,8.34
net707,8.34
net771,8.34
net820,8.34
net1058,8.34
net1070,8.34
_06095_,8.32
_07750_,8.32
_08081_,8.32
net109,8.32
_00608_,8.305
_04444_,8.3
_05444_,8.3
_05729_,8.3
net805,8.3
net997,8.3
_01374_,8.285
_05805_,8.28
net715,8.28
net741,8.28
net814,8.28
net1091,8.28
net1122,8.28
net1129,8.28
_01115_,8.275
_00727_,8.26
_01006_,8.26
_05493_,8.26
net642,8.26
net705,8.26
net803,8.26
net1042,8.26
net1115,8.26
net1152,8.26
net1168,8.26
_03191_,8.24
_04124_,8.24
_05884_,8.24
_06154_,8.24
net797,8.24
_05063_,8.22
net601,8.22
_00106_,8.205
_05291_,8.2
_06739_,8.2
_00833_,8.185
_00235_,8.175
_00941_,8.165
_03103_,8.16
_04904_,8.16
_02452_,8.14
_03066_,8.14
_04074_,8.14
_04871_,8.14
_05431_,8.14
_05736_,8.14
_06292_,8.14
_06996_,8.14
_07207_,8.14
id_rr_reg.pc_next_out\[11\],8.14
net154,8.14
net178,8.14
net264,8.14
net411,8.14
net442,8.14
net691,8.14
net948,8.14
net1038,8.14
net1083,8.14
_01055_,8.125
_01078_,8.125
_01673_,8.12
_02295_,8.12
_06881_,8.12
_01603_,8.105
_00698_,8.1
_03377_,8.1
_03742_,8.1
_03951_,8.1
_06456_,8.1
_06620_,8.1
_06741_,8.1
_07630_,8.1
_07886_,8.1
_08217_,8.1
net348,8.1
net1279,8.1
_00590_,8.065
_01612_,8.065
_01832_,8.06
_02216_,8.06
_03100_,8.06
_03134_,8.06
_03562_,8.06
_04571_,8.06
_05696_,8.06
_06920_,8.06
_07114_,8.06
_07426_,8.06
_07811_,8.04
debug_reg_data[1],8.04
debug_reg_data[6],8.04
pc_out_port[14],8.04
net1143,8.04
_01907_,8.02
_02346_,8.02
_03579_,8.02
_03964_,8.02
_04288_,8.02
_05486_,8.02
_06017_,8.02
_06538_,8.02
_07092_,8.02
_07156_,8.02
_07337_,8.02
_07674_,8.02
_08062_,8.02
_08136_,8.02
net84,8.02
net318,8.02
net344,8.02
net546,8.02
net690,8.02
net811,8.02
net930,8.02
net1023,8.02
net1045,8.02
net1062,8.02
net1118,8.02
net1289,8.02
_00999_,8.005
_06127_,8
imem.rom\[7\]\[11\],8
_01124_,7.985
_01794_,7.98
_02022_,7.98
_03209_,7.98
_04271_,7.98
_05567_,7.98
_06522_,7.98
_06726_,7.98
_06787_,7.98
_06823_,7.98
_07526_,7.98
rr_ex_reg.instr_out\[13\],7.98
net210,7.98
net212,7.98
net418,7.98
net738,7.98
net790,7.98
net791,7.98
net859,7.98
net950,7.98
_00921_,7.965
_01371_,7.94
_02063_,7.94
_02621_,7.94
_03681_,7.94
_03756_,7.94
_04073_,7.94
_06024_,7.94
_07410_,7.94
_00385_,7.92
_05582_,7.92
_05608_,7.92
_07745_,7.92
net262,7.92
net274,7.92
net365,7.92
net373,7.92
net716,7.92
net718,7.92
net764,7.92
net971,7.92
net1002,7.92
net1052,7.92
net1232,7.92
_03044_,7.9
_05339_,7.9
_05924_,7.9
net431,7.9
net977,7.9
_01648_,7.88
_02301_,7.88
_04004_,7.88
_04148_,7.88
_05206_,7.88
_05813_,7.88
net381,7.88
net405,7.88
net473,7.88
net510,7.88
net574,7.88
net750,7.88
net936,7.88
net1145,7.88
_05844_,7.86
_08108_,7.86
ex_mm_reg.Rd_Data_Out_PR\[3\],7.86
imem.rom\[15\]\[5\],7.86
net564,7.86
net1259,7.86
_00006_,7.845
_00127_,7.845
_00861_,7.845
_01355_,7.845
_00978_,7.825
_01227_,7.82
_03341_,7.82
_03405_,7.82
_05464_,7.82
_07155_,7.82
_07416_,7.82
net190,7.82
net354,7.82
net492,7.82
net577,7.82
net693,7.82
net881,7.82
net1241,7.82
_00613_,7.815
_01537_,7.815
_00926_,7.805
_03132_,7.8
_03147_,7.8
_05976_,7.8
_02695_,7.78
_06120_,7.78
net230,7.78
net580,7.78
net659,7.76
_03561_,7.74
net1108,7.74
net1219,7.74
_01221_,7.725
_08205_,7.71
_03300_,7.7
_08209_,7.7
net559,7.7
_00610_,7.695
_00786_,7.685
net103,7.685
_02204_,7.68
_02538_,7.68
_02874_,7.68
_03244_,7.68
_03634_,7.68
_04670_,7.68
_06076_,7.68
_06851_,7.68
_07162_,7.68
net283,7.68
net304,7.68
net410,7.68
net963,7.68
net983,7.68
net993,7.68
net1170,7.68
imem.rom\[15\]\[2\],7.66
imem.rom\[3\]\[12\],7.66
net291,7.66
net841,7.66
_00709_,7.64
_01671_,7.64
_02101_,7.64
_03748_,7.64
_03848_,7.64
_04228_,7.64
_06614_,7.64
_06695_,7.64
_06757_,7.64
_06783_,7.64
_07038_,7.64
_07431_,7.64
_07634_,7.64
_07673_,7.64
_07808_,7.64
_07973_,7.64
dmem.ram\[58\]\[3\],7.64
imem.rom\[15\]\[4\],7.64
net470,7.64
net719,7.64
net729,7.64
_07816_,7.62
_00061_,7.605
_00455_,7.605
_02272_,7.6
_02407_,7.6
_03260_,7.6
_03786_,7.6
_04534_,7.6
_04555_,7.6
_05219_,7.6
_06950_,7.6
_07100_,7.6
_01383_,7.58
_01695_,7.58
_02069_,7.58
_02450_,7.58
_03285_,7.58
_03551_,7.58
_05971_,7.58
_07685_,7.58
_00170_,7.565
_01338_,7.565
_01708_,7.56
_01971_,7.56
_02036_,7.56
_02533_,7.56
_03018_,7.56
_03148_,7.56
_03372_,7.56
_03481_,7.56
_03545_,7.56
_04511_,7.56
_04731_,7.56
_05165_,7.56
_05244_,7.56
_05659_,7.56
_06651_,7.56
_06812_,7.56
_06930_,7.56
_07259_,7.56
rr_ex_reg.instr_out\[10\],7.56
net677,7.56
net1169,7.56
_01417_,7.545
_05705_,7.54
_07819_,7.54
_03333_,7.535
_06968_,7.525
_01798_,7.52
_02070_,7.52
_02577_,7.52
_02859_,7.52
_04022_,7.52
_05984_,7.52
_06249_,7.52
_06461_,7.52
_06489_,7.52
_06767_,7.52
net219,7.52
net237,7.52
net277,7.52
net521,7.52
net644,7.52
net725,7.52
net845,7.52
net850,7.52
net1280,7.52
_02188_,7.5
_02525_,7.5
_02550_,7.5
_02873_,7.5
_00276_,7.485
_00184_,7.48
_02309_,7.48
_04076_,7.48
_04552_,7.48
_05004_,7.48
_06344_,7.48
_07322_,7.48
_07912_,7.48
_01522_,7.46
_03397_,7.46
_04503_,7.46
net209,7.46
net244,7.46
net313,7.46
net417,7.46
net494,7.46
net503,7.46
net608,7.46
net669,7.46
net676,7.46
net689,7.46
net796,7.46
net943,7.46
net951,7.46
net1069,7.46
net1175,7.46
net1238,7.46
net1269,7.46
_02071_,7.44
_03661_,7.44
_04201_,7.44
imem.rom\[7\]\[13\],7.44
imem.rom\[9\]\[0\],7.44
net388,7.44
net401,7.44
net590,7.44
net816,7.44
_00710_,7.435
_04968_,7.42
_07352_,7.42
_07794_,7.42
net925,7.42
net968,7.42
net1017,7.42
net1187,7.42
_00606_,7.405
_03847_,7.4
_03851_,7.4
_05812_,7.4
imem.rom\[1\]\[5\],7.4
imem.rom\[5\]\[15\],7.4
imem.rom\[7\]\[14\],7.4
net438,7.4
net667,7.4
_00462_,7.385
_00736_,7.385
_01193_,7.385
_01387_,7.385
_04940_,7.36
_05069_,7.36
_08213_,7.36
net516,7.36
net785,7.36
net1134,7.36
_00099_,7.34
_03123_,7.34
_04560_,7.34
_07202_,7.34
net341,7.34
net938,7.34
net1027,7.34
net1174,7.34
_05199_,7.32
_07867_,7.32
net251,7.32
net1277,7.32
_02707_,7.3
_02728_,7.28
_03695_,7.28
_03781_,7.28
_02697_,7.26
rr_ex_reg.instr_out\[8\],7.25
_03558_,7.24
_04221_,7.24
net131,7.24
net961,7.24
net1249,7.24
_00185_,7.22
_01880_,7.22
_02219_,7.22
_02624_,7.22
_03129_,7.22
_03511_,7.22
_03517_,7.22
_06255_,7.22
_06399_,7.22
_06426_,7.22
_06515_,7.22
_06573_,7.22
_07317_,7.22
_07438_,7.22
_07613_,7.22
_07936_,7.22
net162,7.22
net236,7.22
net247,7.22
net270,7.22
net369,7.22
net541,7.22
net840,7.22
net1156,7.22
_05716_,7.2
_05916_,7.2
_05947_,7.2
_00596_,7.185
_00876_,7.185
_02098_,7.18
_03050_,7.18
_03392_,7.18
_03450_,7.18
_03868_,7.18
_04490_,7.18
_04524_,7.18
_05573_,7.18
_06168_,7.18
_06517_,7.18
_07129_,7.18
id_rr_reg.pc_next_out\[1\],7.18
net721,7.18
_00383_,7.165
_01128_,7.165
_00602_,7.145
_02124_,7.14
_05543_,7.14
_06762_,7.14
_07420_,7.14
imem.rom\[3\]\[6\],7.14
debug_reg_data[10],7.13
pc_out_port[11],7.13
_02748_,7.12
_03138_,7.12
_03337_,7.12
_03431_,7.12
_03476_,7.12
_04166_,7.12
_05933_,7.12
_06156_,7.12
_06329_,7.12
ex_mm_reg.Rd_Addr_Out_PR\[2\],7.12
_00011_,7.105
_00600_,7.105
_00779_,7.105
_01382_,7.105
_02089_,7.1
_02175_,7.1
_02304_,7.1
_02557_,7.1
_02632_,7.1
_02668_,7.1
_02751_,7.1
_02797_,7.1
_03102_,7.1
_03309_,7.1
_03643_,7.1
_04243_,7.1
_04289_,7.1
_04745_,7.1
_06295_,7.1
_06323_,7.1
_06432_,7.1
_06926_,7.1
_06991_,7.1
_07121_,7.1
_07163_,7.1
_07190_,7.1
_07326_,7.1
_07959_,7.1
net160,7.1
net395,7.1
net584,7.1
net594,7.1
net638,7.1
net665,7.1
net1018,7.1
net1116,7.1
net1173,7.1
net1185,7.1
net1281,7.1
_01453_,7.085
_04452_,7.08
_06697_,7.08
_01989_,7.06
_02032_,7.06
_02289_,7.06
_02313_,7.06
_02663_,7.06
_03088_,7.06
_03769_,7.06
_04137_,7.06
_04467_,7.06
_05095_,7.06
_05177_,7.06
_05297_,7.06
_05429_,7.06
_05618_,7.06
_05643_,7.06
_06444_,7.06
_06711_,7.06
_06736_,7.06
_06759_,7.06
_06776_,7.06
_06791_,7.06
net211,7.06
net268,7.06
net352,7.06
net860,7.06
net907,7.06
net1029,7.06
net1284,7.06
_00436_,7.025
_01114_,7.005
_00157_,7
_00585_,7
_00844_,7
_01109_,7
_01765_,7
_02261_,7
_03881_,7
_04261_,7
_04301_,7
_05149_,7
_07197_,7
_07501_,7
net258,7
net380,7
net434,7
net443,7
net534,7
net627,7
net832,7
net836,7
net1006,7
net1093,7
net1121,7
net1188,7
net1258,7
net1265,7
_01914_,6.98
_02083_,6.98
_02654_,6.98
_03013_,6.98
_03031_,6.98
_03962_,6.98
_05946_,6.98
_06734_,6.98
_07512_,6.98
_07681_,6.98
imem.rom\[5\]\[7\],6.98
net953,6.98
_00714_,6.965
_03196_,6.965
_05737_,6.96
_07530_,6.96
net227,6.96
net255,6.96
net261,6.96
net330,6.96
net511,6.96
net536,6.96
net538,6.96
net668,6.96
net724,6.96
net855,6.96
net947,6.96
net998,6.96
net1099,6.96
net1182,6.96
net1201,6.96
_00796_,6.94
_01659_,6.94
_00065_,6.925
_00850_,6.925
_01489_,6.925
_04846_,6.92
_05342_,6.9
net214,6.9
net518,6.9
net560,6.9
net588,6.9
net625,6.9
net739,6.9
net819,6.9
net940,6.9
net1035,6.9
net1053,6.9
net1101,6.9
_03403_,6.88
_04767_,6.88
_07506_,6.88
net821,6.88
_00597_,6.865
_04067_,6.86
_04413_,6.86
_07275_,6.86
_00450_,6.825
_00463_,6.825
_00487_,6.825
_01185_,6.825
_01212_,6.825
_01273_,6.825
_01384_,6.825
_01783_,6.82
_02762_,6.82
_01258_,6.815
_01135_,6.805
_01164_,6.805
_01394_,6.805
_00647_,6.785
_01859_,6.78
_02625_,6.78
_03024_,6.78
_03455_,6.78
_03890_,6.78
_04152_,6.78
_04544_,6.78
_05919_,6.78
_05997_,6.78
_07187_,6.78
net387,6.78
net1041,6.78
_01903_,6.76
_01945_,6.76
_03170_,6.76
_03339_,6.76
_04251_,6.76
_04732_,6.76
_04834_,6.76
_05239_,6.76
_06278_,6.76
_06322_,6.76
_06678_,6.76
_06826_,6.76
_07328_,6.76
_07432_,6.76
_07663_,6.76
_07726_,6.76
_08091_,6.76
id_rr_reg.pc_next_out\[12\],6.76
net245,6.76
net1082,6.76
net1236,6.76
net1255,6.76
_03449_,6.74
_03898_,6.74
_05024_,6.74
_05580_,6.74
_05803_,6.74
_05923_,6.74
_08017_,6.74
_08240_,6.74
_01161_,6.725
_01713_,6.72
_02187_,6.72
_03093_,6.72
_03098_,6.72
_03420_,6.72
_03708_,6.72
_04207_,6.72
_05623_,6.72
_06504_,6.72
_06567_,6.72
_07150_,6.72
_07194_,6.72
_07366_,6.72
_07467_,6.72
_07646_,6.72
_07956_,6.72
imem.rom\[1\]\[9\],6.72
net743,6.72
net965,6.72
net1278,6.72
_00744_,6.705
_00809_,6.705
_01351_,6.705
_01598_,6.705
_03360_,6.7
_03691_,6.7
_00505_,6.685
_00595_,6.685
_00790_,6.685
_00924_,6.685
_01312_,6.685
_07090_,6.68
_04190_,6.66
_05520_,6.66
_06002_,6.66
_06224_,6.66
_07468_,6.66
net799,6.66
net995,6.66
net1161,6.66
_00626_,6.645
_01578_,6.64
_02212_,6.64
_02224_,6.64
_02257_,6.64
_02338_,6.64
_03058_,6.64
_03311_,6.64
_03682_,6.64
_04053_,6.64
_04102_,6.64
_04431_,6.64
_04448_,6.64
_04494_,6.64
_05005_,6.64
_05053_,6.64
_05352_,6.64
_06215_,6.64
_06283_,6.64
_06414_,6.64
_06656_,6.64
_06676_,6.64
_06752_,6.64
_06784_,6.64
_07093_,6.64
_07107_,6.64
_07340_,6.64
_07869_,6.64
_08030_,6.64
net259,6.64
net265,6.64
net429,6.64
net449,6.64
net824,6.64
net825,6.64
_03930_,6.62
_07286_,6.62
_01475_,6.61
_01726_,6.6
_02510_,6.6
_02636_,6.6
_02659_,6.6
_02745_,6.6
_02865_,6.6
_03566_,6.6
_03869_,6.6
_04069_,6.6
_05423_,6.6
_05558_,6.6
_05712_,6.6
_05894_,6.6
_06022_,6.6
_06049_,6.6
_06259_,6.6
_06706_,6.6
_06709_,6.6
_07085_,6.6
_07094_,6.6
_07237_,6.6
_07239_,6.6
_07327_,6.6
_07441_,6.6
_07911_,6.6
net448,6.6
net777,6.6
net1034,6.6
_02984_,6.58
_00681_,6.575
_00034_,6.565
_00635_,6.565
_01399_,6.56
_03075_,6.55
_00382_,6.545
_00901_,6.545
_00284_,6.54
_00404_,6.54
_01449_,6.54
_04724_,6.54
_05978_,6.54
net328,6.54
net413,6.54
net565,6.54
net894,6.54
net906,6.54
net911,6.54
net928,6.54
net955,6.54
net989,6.54
net1020,6.54
net1057,6.54
net1158,6.54
net1171,6.54
net1180,6.54
net1273,6.54
_01878_,6.52
_04079_,6.52
_05395_,6.52
_05987_,6.52
_07443_,6.52
net337,6.52
_03548_,6.5
_05809_,6.5
_07084_,6.5
net215,6.5
net216,6.5
net233,6.5
net266,6.5
net278,6.5
net293,6.5
net334,6.5
net419,6.5
net605,6.5
net921,6.5
net1039,6.5
_03175_,6.48
_04332_,6.48
_06050_,6.48
_08193_,6.48
imem.rom\[9\]\[12\],6.48
net1025,6.48
_00272_,6.465
_00792_,6.465
_01614_,6.465
_00965_,6.445
_01611_,6.44
_04169_,6.44
_05738_,6.44
net181,6.44
net223,6.44
net583,6.44
net619,6.44
net621,6.44
net759,6.44
net769,6.44
net795,6.44
net892,6.44
net939,6.44
net952,6.44
net960,6.44
net1003,6.44
net1007,6.44
net1019,6.44
net1063,6.44
net1112,6.44
net1159,6.44
net1193,6.44
_00767_,6.425
_03351_,6.42
net773,6.42
net1177,6.42
_03604_,6.4
_04729_,6.4
_06148_,6.4
_03872_,6.38
_01249_,6.375
_00082_,6.365
_00113_,6.365
_00125_,6.365
_00231_,6.365
_00934_,6.365
_03187_,6.36
_06714_,6.35
debug_reg_addr[1],6.33
_00330_,6.325
_01098_,6.325
_01280_,6.325
_05630_,6.32
_05935_,6.32
_07679_,6.32
net303,6.32
net453,6.32
net1012,6.32
_00907_,6.305
_00195_,6.3
_01698_,6.3
_01700_,6.3
_01720_,6.3
_01997_,6.3
_02719_,6.3
_03154_,6.3
_04055_,6.3
_04283_,6.3
_04315_,6.3
_05050_,6.3
_05333_,6.3
_05830_,6.3
_06021_,6.3
_06535_,6.3
_06717_,6.3
_07087_,6.3
_07118_,6.3
_07233_,6.3
_07333_,6.3
_07368_,6.3
_07600_,6.3
_07893_,6.3
_07943_,6.3
_08043_,6.3
_08058_,6.3
net153,6.3
net163,6.3
net535,6.3
net788,6.3
net1217,6.3
_00186_,6.285
_06140_,6.28
_07320_,6.28
_07149_,6.275
_08151_,6.275
_05529_,6.27
_00135_,6.265
_02651_,6.26
_03166_,6.26
_03376_,6.26
_03606_,6.26
_03954_,6.26
_04967_,6.26
_05381_,6.26
_05542_,6.26
_05993_,6.26
_06599_,6.26
_06715_,6.26
_06722_,6.26
_06750_,6.26
_07130_,6.26
_07236_,6.26
_07257_,6.26
_07531_,6.26
_07725_,6.26
_07951_,6.26
imem.rom\[13\]\[12\],6.26
net254,6.26
net514,6.26
net762,6.26
net1030,6.26
net1048,6.26
net1097,6.26
_03388_,6.24
_00018_,6.225
_00030_,6.225
_00057_,6.225
_00062_,6.225
_00063_,6.225
_00073_,6.225
_01278_,6.225
debug_reg_data[0],6.21
debug_reg_data[11],6.21
debug_reg_data[12],6.21
pc_out_port[1],6.21
_00703_,6.2
_01996_,6.2
_03006_,6.2
_04389_,6.2
_06270_,6.2
_07241_,6.2
_07256_,6.2
_07409_,6.2
_07881_,6.2
_08090_,6.2
net781,6.2
net1176,6.2
_00509_,6.185
_00560_,6.185
_01071_,6.185
_01439_,6.185
_01664_,6.18
_02057_,6.18
_02288_,6.18
_02405_,6.18
_02602_,6.18
_02675_,6.18
_03226_,6.18
_03416_,6.18
_03674_,6.18
_03689_,6.18
_04231_,6.18
_04454_,6.18
_05443_,6.18
_06324_,6.18
_06335_,6.18
_06682_,6.18
_06685_,6.18
_06761_,6.18
_07609_,6.18
net106,6.18
net459,6.18
net923,6.18
net1263,6.18
_04755_,6.16
_01706_,6.14
_01729_,6.14
_01735_,6.14
_01874_,6.14
_02199_,6.14
_02202_,6.14
_02598_,6.14
_02758_,6.14
_03319_,6.14
_03345_,6.14
_03767_,6.14
_04084_,6.14
_04441_,6.14
_04969_,6.14
_05164_,6.14
_05331_,6.14
_05627_,6.14
_06087_,6.14
_06096_,6.14
_06480_,6.14
_06749_,6.14
_07089_,6.14
_07263_,6.14
_07425_,6.14
_07847_,6.14
_07946_,6.14
_01410_,6.125
_08143_,6.12
debug_mem_addr[1],6.09
instr_wdata[6],6.09
_00282_,6.08
_00948_,6.08
_01256_,6.08
_01331_,6.08
_01352_,6.08
_01845_,6.08
_02528_,6.08
_05340_,6.08
_05642_,6.08
_06494_,6.08
_07653_,6.08
net228,6.08
net384,6.08
net414,6.08
net495,6.08
net549,6.08
net624,6.08
net697,6.08
net828,6.08
net1088,6.08
_01018_,6.06
_01653_,6.06
_01895_,6.06
ex_mm_reg.Rd_Data_Out_PR\[10\],6.06
net670,6.06
_00530_,6.04
_03428_,6.04
_04476_,6.04
_07645_,6.04
net199,6.04
net650,6.04
net704,6.04
net852,6.04
net979,6.04
net1010,6.04
net1040,6.04
net1190,6.04
net1239,6.04
net1267,6.04
_00533_,6.035
_00605_,6.025
_03366_,6.02
_05290_,6.02
_00076_,6.005
_00080_,6.005
_01144_,6.005
_01401_,6.005
net994,6
_01535_,5.985
_00391_,5.98
_00603_,5.98
_00945_,5.98
_02895_,5.98
_04697_,5.98
_04963_,5.98
net156,5.98
net196,5.98
net203,5.98
net272,5.98
net310,5.98
net386,5.98
net391,5.98
net415,5.98
net424,5.98
net505,5.98
net551,5.98
net579,5.98
net587,5.98
net589,5.98
net602,5.98
net630,5.98
net639,5.98
net752,5.98
net765,5.98
net802,5.98
net826,5.98
net842,5.98
net935,5.98
net944,5.98
net946,5.98
net1005,5.98
net1055,5.98
net1065,5.98
net1104,5.98
net1142,5.98
net1195,5.98
net1206,5.98
instr_wdata[12],5.97
_01346_,5.965
_05099_,5.96
net331,5.96
net532,5.96
_01606_,5.955
_01608_,5.955
_05559_,5.94
_07850_,5.94
_05211_,5.92
_00291_,5.905
_01241_,5.905
_01385_,5.905
_01558_,5.905
_08237_,5.9
imem.rom\[11\]\[13\],5.9
_00347_,5.885
_00562_,5.885
_00207_,5.865
_01223_,5.865
_03008_,5.86
_03398_,5.86
_03834_,5.86
_04776_,5.86
_05909_,5.86
_07892_,5.86
net149,5.86
net290,5.86
net499,5.86
net530,5.86
net561,5.86
net575,5.86
net763,5.86
net789,5.86
net1089,5.86
net1092,5.86
net1141,5.86
net1243,5.86
_00145_,5.845
_00704_,5.84
_01981_,5.84
_02222_,5.84
_02529_,5.84
_03418_,5.84
_03555_,5.84
_03625_,5.84
_03651_,5.84
_03696_,5.84
_03733_,5.84
_03922_,5.84
_04035_,5.84
_04475_,5.84
_05111_,5.84
_05295_,5.84
_05668_,5.84
_06349_,5.84
_06412_,5.84
_06421_,5.84
_06499_,5.84
_06650_,5.84
_07356_,5.84
_07470_,5.84
_07666_,5.84
_07918_,5.84
_07940_,5.84
_07993_,5.84
_08233_,5.84
net370,5.84
net393,5.84
net478,5.84
net857,5.84
net1061,5.84
net1253,5.84
_02427_,5.82
_02750_,5.82
_02912_,5.82
_03320_,5.82
_00917_,5.805
_01341_,5.805
_01703_,5.8
_01721_,5.8
_02389_,5.8
_02406_,5.8
_02415_,5.8
_02433_,5.8
_02467_,5.8
_02506_,5.8
_02580_,5.8
_03010_,5.8
_03379_,5.8
_03436_,5.8
_03833_,5.8
_03927_,5.8
_03948_,5.8
_03957_,5.8
_04459_,5.8
_05013_,5.8
_05092_,5.8
_05171_,5.8
_05527_,5.8
_05845_,5.8
_06262_,5.8
_06455_,5.8
_06512_,5.8
_06546_,5.8
_06585_,5.8
_06680_,5.8
_06755_,5.8
_06808_,5.8
_06814_,5.8
_07218_,5.8
_07383_,5.8
_07842_,5.8
_07898_,5.8
_08092_,5.8
net284,5.8
net517,5.8
net613,5.8
net1107,5.8
_00937_,5.785
_01143_,5.785
_01509_,5.785
_05962_,5.78
_01471_,5.775
instr_wdata[10],5.77
_00179_,5.765
_00361_,5.765
_00857_,5.765
_01111_,5.76
_07889_,5.75
_01727_,5.74
_02014_,5.74
_02018_,5.74
_02038_,5.74
_02081_,5.74
_02119_,5.74
_02121_,5.74
_02126_,5.74
_02158_,5.74
_02181_,5.74
_02244_,5.74
_02276_,5.74
_02283_,5.74
_02306_,5.74
_02317_,5.74
_02387_,5.74
_02445_,5.74
_02462_,5.74
_02470_,5.74
_02526_,5.74
_02531_,5.74
_02643_,5.74
_02662_,5.74
_02851_,5.74
_03164_,5.74
_03275_,5.74
_03328_,5.74
_03889_,5.74
_04017_,5.74
_04048_,5.74
_04746_,5.74
_06275_,5.74
_06430_,5.74
_06478_,5.74
_06492_,5.74
_06536_,5.74
_06557_,5.74
_06603_,5.74
_06786_,5.74
_06997_,5.74
_07212_,5.74
_07258_,5.74
_07271_,5.74
_07291_,5.74
_07293_,5.74
_07336_,5.74
_07354_,5.74
_07405_,5.74
_07477_,5.74
_07837_,5.74
_07924_,5.74
_08028_,5.74
_01737_,5.72
_01796_,5.72
_01848_,5.72
_01875_,5.72
_01975_,5.72
_02019_,5.72
_02167_,5.72
_02232_,5.72
_02323_,5.72
_02378_,5.72
_02835_,5.72
_03185_,5.72
_03528_,5.72
_03693_,5.72
_03995_,5.72
_04246_,5.72
_04372_,5.72
_04483_,5.72
_04535_,5.72
_05091_,5.72
_05465_,5.72
_05897_,5.72
_06078_,5.72
_06231_,5.72
_06331_,5.72
_06360_,5.72
_06594_,5.72
_06605_,5.72
_07125_,5.72
_07215_,5.72
_07247_,5.72
_07335_,5.72
_07603_,5.72
_07709_,5.72
_07751_,5.72
_07952_,5.72
_08086_,5.72
net55,5.72
net248,5.72
net305,5.72
net483,5.72
net990,5.72
net1251,5.72
_00693_,5.705
_02012_,5.68
_02045_,5.68
_02087_,5.68
_02112_,5.68
_02265_,5.68
_02314_,5.68
_02416_,5.68
_02485_,5.68
_02581_,5.68
_02599_,5.68
_02648_,5.68
_02807_,5.68
_02921_,5.68
_03374_,5.68
_04226_,5.68
_04394_,5.68
_04457_,5.68
_05115_,5.68
_05208_,5.68
_05388_,5.68
_06104_,5.68
_06298_,5.68
_06377_,5.68
_06380_,5.68
_06470_,5.68
_06598_,5.68
_06610_,5.68
_06733_,5.68
_07105_,5.68
_07303_,5.68
_07361_,5.68
_07448_,5.68
_08010_,5.68
_08011_,5.68
_08085_,5.68
net713,5.68
_01200_,5.66
_01570_,5.645
_00936_,5.64
_01108_,5.64
debug_mem_addr[0],5.63
_00589_,5.62
_01126_,5.62
_01367_,5.62
_03923_,5.62
_05152_,5.62
_05409_,5.62
_06992_,5.62
net226,5.62
net238,5.62
net252,5.62
net320,5.62
net358,5.62
net488,5.62
net591,5.62
net611,5.62
net683,5.62
net687,5.62
net695,5.62
net722,5.62
net758,5.62
net787,5.62
net1179,5.62
_00217_,5.605
_00341_,5.605
_00428_,5.605
_00612_,5.605
_03855_,5.6
_05018_,5.6
_05500_,5.6
_07633_,5.6
_08054_,5.6
_08129_,5.6
_00684_,5.585
_01127_,5.585
_01141_,5.585
_00521_,5.58
_00604_,5.58
_01120_,5.58
_01699_,5.58
_03575_,5.58
net345,5.58
net432,5.58
net600,5.58
net654,5.58
net702,5.58
net851,5.58
net886,5.58
net932,5.58
net959,5.58
net1066,5.58
imem.rom\[3\]\[13\],5.56
_00202_,5.545
_00665_,5.545
_01445_,5.545
debug_mem_data[13],5.53
_00005_,5.525
_01301_,5.525
_00167_,5.52
_05362_,5.52
_06616_,5.52
_06921_,5.52
net161,5.52
net194,5.52
net195,5.52
net205,5.52
net217,5.52
net218,5.52
net220,5.52
net240,5.52
net241,5.52
net242,5.52
net260,5.52
net282,5.52
net288,5.52
net292,5.52
net295,5.52
net302,5.52
net308,5.52
net317,5.52
net336,5.52
net342,5.52
net346,5.52
net360,5.52
net362,5.52
net403,5.52
net404,5.52
net435,5.52
net458,5.52
net474,5.52
net476,5.52
net477,5.52
net491,5.52
net496,5.52
net502,5.52
net523,5.52
net527,5.52
net528,5.52
net533,5.52
net539,5.52
net540,5.52
net544,5.52
net545,5.52
net552,5.52
net557,5.52
net570,5.52
net573,5.52
net597,5.52
net598,5.52
net604,5.52
net622,5.52
net632,5.52
net633,5.52
net646,5.52
net657,5.52
net666,5.52
net674,5.52
net682,5.52
net685,5.52
net720,5.52
net726,5.52
net748,5.52
net761,5.52
net807,5.52
net809,5.52
net817,5.52
net827,5.52
net829,5.52
net830,5.52
net837,5.52
net843,5.52
net865,5.52
net873,5.52
net880,5.52
net883,5.52
net893,5.52
net905,5.52
net909,5.52
net916,5.52
net917,5.52
net919,5.52
net926,5.52
net937,5.52
net980,5.52
net992,5.52
net999,5.52
net1011,5.52
net1031,5.52
net1036,5.52
net1047,5.52
net1068,5.52
net1081,5.52
net1087,5.52
net1098,5.52
net1102,5.52
net1110,5.52
net1113,5.52
net1114,5.52
net1137,5.52
net1146,5.52
net1155,5.52
net1191,5.52
net1192,5.52
net1198,5.52
net1228,5.52
net1234,5.52
net1237,5.52
net1256,5.52
net1260,5.52
net1262,5.52
net1268,5.52
net1286,5.52
_00070_,5.505
_01246_,5.505
_00652_,5.5
_05148_,5.5
net996,5.5
_06009_,5.48
_00273_,5.475
_00932_,5.475
_03971_,5.46
_00308_,5.445
_00384_,5.445
_00697_,5.445
_00840_,5.445
_01198_,5.445
_01403_,5.445
_05503_,5.44
_00201_,5.435
_00742_,5.435
_01436_,5.435
_01357_,5.425
instr_wdata[15],5.41
_01825_,5.4
_01864_,5.4
_03124_,5.4
_03730_,5.4
_03888_,5.4
_07188_,5.4
_07201_,5.4
_07891_,5.4
_08230_,5.4
net107,5.4
net351,5.4
net465,5.4
net569,5.4
net623,5.4
net949,5.4
net1229,5.4
_01769_,5.38
_01933_,5.38
_02278_,5.38
_02299_,5.38
_02336_,5.38
_02360_,5.38
_02394_,5.38
_02435_,5.38
_03126_,5.38
_03133_,5.38
_03387_,5.38
_03440_,5.38
_03856_,5.38
_04245_,5.38
_04497_,5.38
_04939_,5.38
_06273_,5.38
_06297_,5.38
_06417_,5.38
_06608_,5.38
_06661_,5.38
_06819_,5.38
_06913_,5.38
_07124_,5.38
_08223_,5.38
id_rr_reg.pc_next_out\[14\],5.38
id_rr_reg.pc_next_out\[4\],5.38
id_rr_reg.pc_next_out\[9\],5.38
net172,5.38
net329,5.38
net808,5.38
net1139,5.38
_02774_,5.36
_03441_,5.36
_04978_,5.36
_05721_,5.35
_00133_,5.345
_00351_,5.345
_00522_,5.345
_00701_,5.345
_00702_,5.345
_01173_,5.345
_01398_,5.345
_01418_,5.345
_01478_,5.345
_01493_,5.345
_01709_,5.34
_01719_,5.34
_02136_,5.34
_02274_,5.34
_02411_,5.34
_02413_,5.34
_02460_,5.34
_02536_,5.34
_02736_,5.34
_03313_,5.34
_03324_,5.34
_03395_,5.34
_03556_,5.34
_03617_,5.34
_03904_,5.34
_03988_,5.34
_04299_,5.34
_04368_,5.34
_04433_,5.34
_05054_,5.34
_05106_,5.34
_05438_,5.34
_05958_,5.34
_06252_,5.34
_06260_,5.34
_06280_,5.34
_06293_,5.34
_06381_,5.34
_06446_,5.34
_06447_,5.34
_06452_,5.34
_06487_,5.34
_06507_,5.34
_06520_,5.34
_06566_,5.34
_06586_,5.34
_06646_,5.34
_06663_,5.34
_07097_,5.34
_07472_,5.34
_08022_,5.34
net83,5.34
net984,5.34
net1117,5.34
_06117_,5.32
_00547_,5.315
_01390_,5.315
_00228_,5.305
_00255_,5.305
_00318_,5.305
_00689_,5.305
_00764_,5.305
_00853_,5.305
_01058_,5.305
_01281_,5.305
_01360_,5.305
_01448_,5.305
net140,5.305
net246,5.305
_00103_,5.3
_00587_,5.3
_00594_,5.3
_00694_,5.3
debug_mem_data[6],5.29
instr_we,5.29
pc_out_port[2],5.29
_00947_,5.28
_02428_,5.28
_03182_,5.28
_04549_,5.28
_05940_,5.28
_06314_,5.28
_08034_,5.28
_00233_,5.265
_00295_,5.265
_00653_,5.265
_00655_,5.265
_00687_,5.265
_00775_,5.265
_00925_,5.265
_01020_,5.265
_01276_,5.265
_01501_,5.265
_01852_,5.26
_01868_,5.26
_01930_,5.26
_02109_,5.26
_02214_,5.26
_02576_,5.26
_02891_,5.26
_03084_,5.26
_03488_,5.26
_03552_,5.26
_03827_,5.26
_03921_,5.26
_03937_,5.26
_03963_,5.26
_03990_,5.26
_04253_,5.26
_04344_,5.26
_05451_,5.26
_05641_,5.26
_05770_,5.26
_05837_,5.26
_06035_,5.26
_06106_,5.26
_06202_,5.26
_06483_,5.26
_06529_,5.26
_06581_,5.26
_06687_,5.26
_07011_,5.26
_07421_,5.26
_07545_,5.26
_07804_,5.26
_08008_,5.26
net823,5.26
net1022,5.26
net1194,5.26
_00706_,5.245
_00919_,5.24
_01142_,5.24
_01922_,5.22
_01978_,5.22
_02007_,5.22
_02064_,5.22
_02065_,5.22
_02142_,5.22
_02182_,5.22
_02253_,5.22
_02353_,5.22
_02395_,5.22
_02425_,5.22
_02473_,5.22
_02474_,5.22
_02482_,5.22
_02593_,5.22
_02644_,5.22
_03327_,5.22
_03599_,5.22
_03831_,5.22
_03895_,5.22
_03901_,5.22
_04212_,5.22
_04426_,5.22
_04905_,5.22
_05150_,5.22
_05865_,5.22
_06151_,5.22
_06308_,5.22
_06318_,5.22
_06333_,5.22
_06358_,5.22
_06383_,5.22
_06439_,5.22
_06481_,5.22
_06583_,5.22
_06653_,5.22
_06658_,5.22
_06817_,5.22
_07109_,5.22
_07229_,5.22
_07454_,5.22
_07479_,5.22
_07594_,5.22
_07696_,5.22
_08018_,5.22
_01533_,5.205
debug_mem_data[8],5.19
debug_reg_data[9],5.19
pc_out_port[9],5.19
_00717_,5.185
_01060_,5.185
_01261_,5.185
_00296_,5.18
_00134_,5.16
_00274_,5.16
_00355_,5.16
_00413_,5.16
_00439_,5.16
_00518_,5.16
_00551_,5.16
_00593_,5.16
_00923_,5.16
_01000_,5.16
_01283_,5.16
_01307_,5.16
_01342_,5.16
_01388_,5.16
_01552_,5.16
_05325_,5.16
_06905_,5.16
_07008_,5.16
_07034_,5.16
_07699_,5.16
_07742_,5.16
_07884_,5.16
net198,5.16
net234,5.16
net319,5.16
net379,5.16
net446,5.16
net599,5.16
net606,5.16
net645,5.16
net647,5.16
net651,5.16
net709,5.16
net714,5.16
net735,5.16
net801,5.16
net957,5.16
net964,5.16
net1100,5.16
net1165,5.16
net1213,5.16
net1270,5.16
_03867_,5.14
_03897_,5.14
_05080_,5.14
_05491_,5.14
_06075_,5.14
_06125_,5.14
_06126_,5.14
imem.rom\[5\]\[2\],5.14
_05153_,5.12
_05450_,5.12
_07469_,5.12
net378,5.12
net462,5.12
net678,5.12
net966,5.12
net1021,5.12
net1103,5.12
net1282,5.12
_00447_,5.095
_00884_,5.095
_00277_,5.085
_00445_,5.085
_01577_,5.085
_00873_,5.065
_04914_,5.06
_05253_,5.06
_06613_,5.06
net182,5.06
net225,5.06
net256,5.06
net273,5.06
net276,5.06
net285,5.06
net294,5.06
net309,5.06
net315,5.06
net322,5.06
net327,5.06
net340,5.06
net347,5.06
net350,5.06
net356,5.06
net363,5.06
net368,5.06
net371,5.06
net372,5.06
net374,5.06
net376,5.06
net382,5.06
net390,5.06
net396,5.06
net400,5.06
net409,5.06
net421,5.06
net423,5.06
net433,5.06
net447,5.06
net450,5.06
net451,5.06
net507,5.06
net525,5.06
net542,5.06
net543,5.06
net556,5.06
net567,5.06
net612,5.06
net615,5.06
net635,5.06
net664,5.06
net686,5.06
net688,5.06
net698,5.06
net703,5.06
net710,5.06
net723,5.06
net731,5.06
net737,5.06
net756,5.06
net760,5.06
net767,5.06
net768,5.06
net794,5.06
net800,5.06
net806,5.06
net846,5.06
net848,5.06
net853,5.06
net863,5.06
net869,5.06
net876,5.06
net887,5.06
net888,5.06
net897,5.06
net900,5.06
net901,5.06
net902,5.06
net910,5.06
net927,5.06
net967,5.06
net982,5.06
net988,5.06
net1046,5.06
net1051,5.06
net1072,5.06
net1094,5.06
net1095,5.06
net1105,5.06
net1109,5.06
net1130,5.06
net1148,5.06
net1157,5.06
net1166,5.06
net1181,5.06
net1183,5.06
net1184,5.06
net1189,5.06
net1197,5.06
net1208,5.06
net1210,5.06
net1212,5.06
net1215,5.06
net1216,5.06
net1240,5.06
net1248,5.06
net1287,5.06
_00364_,5.045
_00387_,5.045
_00930_,5.045
_00996_,5.045
_01004_,5.045
_03474_,5.04
_05624_,5.04
net746,5.04
_00182_,5.02
_00550_,5.02
_01670_,5.02
_03467_,5.02
_03878_,5.02
_04683_,5.02
_05538_,5.02
_06147_,5.02
_07775_,5.02
_07856_,5.02
_07950_,5.02
_01147_,5.005
_01260_,5.005
_05399_,5
_00152_,4.985
_00715_,4.985
_00780_,4.985
_00654_,4.975
_03043_,4.975
_00494_,4.965
debug_mem_data[4],4.95
pc_out_port[10],4.95
reset,4.95
_02606_,4.94
_02631_,4.94
_03593_,4.94
_03861_,4.94
_04920_,4.94
_05526_,4.94
_05936_,4.94
net186,4.94
net197,4.94
net1292,4.94
_01240_,4.925
_00699_,4.92
_01781_,4.92
_01943_,4.92
_02180_,4.92
_02426_,4.92
_02583_,4.92
_03011_,4.92
_03492_,4.92
_03565_,4.92
_03568_,4.92
_03570_,4.92
_03675_,4.92
_04281_,4.92
_04311_,4.92
_04669_,4.92
_04873_,4.92
_05366_,4.92
_05524_,4.92
_05860_,4.92
_05957_,4.92
_05977_,4.92
_05979_,4.92
_06006_,4.92
_06378_,4.92
_06454_,4.92
_06967_,4.92
_07095_,4.92
_07131_,4.92
_07574_,4.92
_07660_,4.92
_07864_,4.92
id_rr_reg.pc_next_out\[2\],4.92
id_rr_reg.pc_next_out\[3\],4.92
id_rr_reg.pc_next_out\[5\],4.92
id_rr_reg.pc_next_out\[6\],4.92
net467,4.92
net581,4.92
net662,4.92
net782,4.92
net870,4.92
net912,4.92
net1275,4.92
_06008_,4.91
_00615_,4.905
_00682_,4.905
_00939_,4.905
_00943_,4.905
_01599_,4.905
_01607_,4.905
_00946_,4.9
_02541_,4.9
_03274_,4.9
_03745_,4.9
_05866_,4.9
_08194_,4.89
_00332_,4.885
_00667_,4.885
_01031_,4.885
_01069_,4.885
_01119_,4.885
_01289_,4.885
_01910_,4.88
_01929_,4.88
_01973_,4.88
_02042_,4.88
_02094_,4.88
_02190_,4.88
_02355_,4.88
_02398_,4.88
_02475_,4.88
_02491_,4.88
_02515_,4.88
_02568_,4.88
_02649_,4.88
_02653_,4.88
_03677_,4.88
_03714_,4.88
_03887_,4.88
_03936_,4.88
_04030_,4.88
_04223_,4.88
_04397_,4.88
_05282_,4.88
_06139_,4.88
_06294_,4.88
_06368_,4.88
_06386_,4.88
_06423_,4.88
_06460_,4.88
_06471_,4.88
_06514_,4.88
_06600_,4.88
_06648_,4.88
_06743_,4.88
_06766_,4.88
_07088_,4.88
_07123_,4.88
_07140_,4.88
_07210_,4.88
_07254_,4.88
_07521_,4.88
_07641_,4.88
_07927_,4.88
_07931_,4.88
net147,4.88
net175,4.88
_01494_,4.865
debug_mem_data[11],4.85
debug_mem_data[5],4.85
debug_reg_data[5],4.85
_00121_,4.845
_00153_,4.845
_00524_,4.845
_00531_,4.845
_00542_,4.845
_00683_,4.845
_00793_,4.845
_00800_,4.845
_01089_,4.845
_01267_,4.845
_01397_,4.845
net117,4.845
_00072_,4.84
_00525_,4.825
_01317_,4.82
_01450_,4.82
_01954_,4.82
_02001_,4.82
_02493_,4.82
_02545_,4.82
_03804_,4.82
_04270_,4.82
_04550_,4.82
_05332_,4.82
_06221_,4.82
_06528_,4.82
_06765_,4.82
_07146_,4.82
_07463_,4.82
_07668_,4.82
_07878_,4.82
_03091_,4.81
_00249_,4.805
_00998_,4.805
_01730_,4.8
_01881_,4.8
_02200_,4.8
_02220_,4.8
_02225_,4.8
_02230_,4.8
_02305_,4.8
_02372_,4.8
_02623_,4.8
_02996_,4.8
_03048_,4.8
_03277_,4.8
_03369_,4.8
_03608_,4.8
_03653_,4.8
_03751_,4.8
_04233_,4.8
_04316_,4.8
_04720_,4.8
_05172_,4.8
_05330_,4.8
_05525_,4.8
_05583_,4.8
_05620_,4.8
_05709_,4.8
_05728_,4.8
_05739_,4.8
_05857_,4.8
_06149_,4.8
_06189_,4.8
_06372_,4.8
_06572_,4.8
_07268_,4.8
_07278_,4.8
_07283_,4.8
_07338_,4.8
_07359_,4.8
_07427_,4.8
_07430_,4.8
_07860_,4.8
_07862_,4.8
net427,4.8
net593,4.8
net747,4.8
net931,4.8
net942,4.8
net970,4.8
_00218_,4.785
_00416_,4.785
_01492_,4.785
_00830_,4.78
_01715_,4.76
_01979_,4.76
_02015_,4.76
_02177_,4.76
_02298_,4.76
_02335_,4.76
_02375_,4.76
_02503_,4.76
_02518_,4.76
_02535_,4.76
_02560_,4.76
_02565_,4.76
_02665_,4.76
_02743_,4.76
_03648_,4.76
_03721_,4.76
_03729_,4.76
_03939_,4.76
_04297_,4.76
_04307_,4.76
_05161_,4.76
_06152_,4.76
_06347_,4.76
_06397_,4.76
_06419_,4.76
_06488_,4.76
_06524_,4.76
_06533_,4.76
_06544_,4.76
_06554_,4.76
_06571_,4.76
_06782_,4.76
_06970_,4.76
_07070_,4.76
_07119_,4.76
_07261_,4.76
_07284_,4.76
_07399_,4.76
_07452_,4.76
_07806_,4.76
_07812_,4.76
_07919_,4.76
_07925_,4.76
_07997_,4.76
_08012_,4.76
_00071_,4.755
_01330_,4.755
_00149_,4.725
_00298_,4.725
_00634_,4.72
_01326_,4.72
_01517_,4.72
_00123_,4.7
_00166_,4.7
_00520_,4.7
_00546_,4.7
_00601_,4.7
_00814_,4.7
_00889_,4.7
_01177_,4.7
_01291_,4.7
_01610_,4.7
_01636_,4.7
_02985_,4.7
_02986_,4.7
_03065_,4.7
_04267_,4.7
_04291_,4.7
_05203_,4.7
_07739_,4.7
net335,4.7
net469,4.7
net490,4.7
net609,4.7
net969,4.7
net1150,4.7
net1209,4.7
_02349_,4.68
_02803_,4.68
_03112_,4.68
_03615_,4.68
_03791_,4.68
_04008_,4.68
_05390_,4.68
net56,4.68
_05757_,4.66
_05878_,4.66
net986,4.66
net1144,4.66
_00669_,4.655
_00823_,4.635
_00060_,4.625
_00203_,4.625
_01005_,4.625
_01228_,4.625
_01295_,4.625
_01359_,4.625
_01366_,4.625
_01376_,4.625
_01588_,4.625
debug_mem_data[0],4.61
debug_mem_data[3],4.61
debug_mem_data[7],4.61
zero_flag_port,4.61
_00708_,4.6
_03610_,4.6
_05367_,4.6
_05513_,4.6
_05998_,4.6
_00163_,4.585
_00204_,4.585
_00627_,4.585
_00720_,4.585
_00885_,4.585
_01491_,4.585
_06951_,4.585
_01559_,4.58
_05758_,4.58
net648,4.58
_03859_,4.56
_05041_,4.56
net978,4.56
_00467_,4.545
_00523_,4.545
_01534_,4.545
_01631_,4.545
_07554_,4.54
_00023_,4.525
_01088_,4.525
_01633_,4.525
_00012_,4.505
_01032_,4.48
_04417_,4.48
_04913_,4.48
_05730_,4.48
_05828_,4.48
_07041_,4.48
_07533_,4.48
_07541_,4.48
_07907_,4.48
_03077_,4.47
_00700_,4.46
_01994_,4.46
_02211_,4.46
_02234_,4.46
_02345_,4.46
_02422_,4.46
_02458_,4.46
_02468_,4.46
_02552_,4.46
_02586_,4.46
_02669_,4.46
_03053_,4.46
_03249_,4.46
_03614_,4.46
_03698_,4.46
_03953_,4.46
_03968_,4.46
_04013_,4.46
_04046_,4.46
_04068_,4.46
_04214_,4.46
_04258_,4.46
_04445_,4.46
_04447_,4.46
_04471_,4.46
_04480_,4.46
_04696_,4.46
_04810_,4.46
_05042_,4.46
_05188_,4.46
_06597_,4.46
_06621_,4.46
_06728_,4.46
_07457_,4.46
_07579_,4.46
_07583_,4.46
_07656_,4.46
_07876_,4.46
_07989_,4.46
_08020_,4.46
_08052_,4.46
_08087_,4.46
_08159_,4.46
ex_mm_reg.Rd_Data_Out_PR\[11\],4.46
id_rr_reg.pc_next_out\[8\],4.46
if_id_reg.Instr_Out\[9\],4.46
net143,4.46
net177,4.46
net267,4.46
net286,4.46
_02284_,4.44
_03221_,4.44
_05605_,4.44
_07868_,4.44
_01310_,4.435
_00050_,4.425
_00138_,4.425
_00148_,4.425
_00169_,4.425
_00548_,4.425
_00712_,4.425
_01140_,4.425
_01179_,4.425
_01413_,4.425
_01433_,4.425
_01468_,4.425
_01787_,4.42
_02093_,4.42
_02104_,4.42
_02472_,4.42
_02582_,4.42
_02588_,4.42
_02604_,4.42
_02646_,4.42
_03039_,4.42
_03549_,4.42
_03844_,4.42
_04019_,4.42
_04066_,4.42
_04071_,4.42
_04082_,4.42
_05298_,4.42
_05341_,4.42
_06261_,4.42
_06319_,4.42
_06720_,4.42
_07062_,4.42
_07265_,4.42
_07296_,4.42
_07396_,4.42
_07422_,4.42
_07436_,4.42
_07444_,4.42
_07768_,4.42
_07929_,4.42
_08076_,4.42
_08096_,4.42
net798,4.42
_00047_,4.385
_00160_,4.385
_00200_,4.385
_00297_,4.385
_00412_,4.385
_00483_,4.385
_00497_,4.385
_00746_,4.385
_00752_,4.385
_01348_,4.385
_04460_,4.38
_03273_,4.375
_00543_,4.36
_00711_,4.36
_01393_,4.36
_01991_,4.36
_01993_,4.36
_02133_,4.36
_03151_,4.36
_03754_,4.36
_03846_,4.36
_03935_,4.36
_04235_,4.36
_06170_,4.36
_06192_,4.36
_06689_,4.36
_07270_,4.36
_07281_,4.36
_07843_,4.36
_08215_,4.36
_01822_,4.34
_02147_,4.34
_02174_,4.34
_02382_,4.34
_02570_,4.34
_02603_,4.34
_02766_,4.34
_03041_,4.34
_03107_,4.34
_03161_,4.34
_03287_,4.34
_03484_,4.34
_03637_,4.34
_03720_,4.34
_04410_,4.34
_04928_,4.34
_05192_,4.34
_05871_,4.34
_05914_,4.34
_05994_,4.34
_06251_,4.34
_06320_,4.34
_07040_,4.34
_07098_,4.34
_07133_,4.34
_07222_,4.34
_07305_,4.34
_07360_,4.34
_07364_,4.34
_07446_,4.34
_07650_,4.34
_07792_,4.34
_07797_,4.34
_08067_,4.34
id_rr_reg.pc_next_out\[7\],4.34
net784,4.34
net792,4.34
net1013,4.34
net1226,4.34
_00196_,4.325
_00771_,4.325
_00794_,4.325
_01035_,4.325
_01207_,4.325
_00363_,4.305
_05155_,4.3
_00305_,4.295
_01313_,4.295
_02699_,4.27
_00322_,4.265
_00381_,4.265
_00781_,4.265
_01386_,4.265
_01430_,4.265
_00841_,4.26
_00880_,4.26
_00984_,4.26
_07076_,4.26
_00087_,4.24
_00088_,4.24
_00335_,4.24
_00408_,4.24
_00540_,4.24
_00750_,4.24
_01077_,4.24
_01138_,4.24
_01211_,4.24
_03687_,4.24
_07532_,4.24
net250,4.24
net323,4.24
net506,4.24
net681,4.24
net694,4.24
net754,4.24
net779,4.24
net793,4.24
net914,4.24
_00913_,4.23
_08044_,4.22
_08089_,4.22
imem.rom\[1\]\[4\],4.22
imem.rom\[5\]\[3\],4.22
net59,4.22
net663,4.22
_05563_,4.2
_05568_,4.2
net711,4.2
net810,4.2
net1085,4.2
_00079_,4.165
_00092_,4.165
_00102_,4.165
_00114_,4.165
_00130_,4.165
_00293_,4.165
_00328_,4.165
_00444_,4.165
_00489_,4.165
_00513_,4.165
_00832_,4.165
_00933_,4.165
_01268_,4.165
_01638_,4.165
_02601_,4.16
_00528_,4.145
_00190_,4.14
_00911_,4.14
_01667_,4.14
_01846_,4.14
_02609_,4.14
_02953_,4.14
_03757_,4.14
_03826_,4.14
_04764_,4.14
_04990_,4.14
_05160_,4.14
_05470_,4.14
_05606_,4.14
_05744_,4.14
_05876_,4.14
_05903_,4.14
_06288_,4.14
_07764_,4.14
_00044_,4.125
_00460_,4.125
_02607_,4.12
_00315_,4.1
_03276_,4.1
_03644_,4.1
_05490_,4.1
_06290_,4.1
_06503_,4.1
_07705_,4.1
_00508_,4.095
_00862_,4.085
_01057_,4.085
_01162_,4.085
_01219_,4.085
_02692_,4.08
_00262_,4.065
_00288_,4.065
_00352_,4.065
_00870_,4.065
_00997_,4.065
_00371_,4.045
_00278_,4.02
_01850_,4.02
_01897_,4.02
_02611_,4.02
_03208_,4.02
_03283_,4.02
_03582_,4.02
_03654_,4.02
_04293_,4.02
_04596_,4.02
_04608_,4.02
_04766_,4.02
_04989_,4.02
_05725_,4.02
_06122_,4.02
_06160_,4.02
_06628_,4.02
_06931_,4.02
_07195_,4.02
_07905_,4.02
_01948_,4
_02102_,4
_02171_,4
_02991_,4
_03002_,4
_03318_,4
_03364_,4
_03598_,4
_03603_,4
_03724_,4
_03823_,4
_03886_,4
_04037_,4
_04041_,4
_04277_,4
_04477_,4
_04504_,4
_04847_,4
_05312_,4
_05337_,4
_05799_,4
_06128_,4
_06135_,4
_06195_,4
_06247_,4
_06256_,4
_06437_,4
_06491_,4
_06593_,4
_06618_,4
_06670_,4
_06727_,4
_06796_,4
_07082_,4
_07144_,4
_07158_,4
_07214_,4
_07251_,4
_07269_,4
_07802_,4
_08039_,4
_08097_,4
id_rr_reg.pc_next_out\[0\],4
mm_wb_reg.Rd_Data_Out_PR\[3\],4
net675,4
_00787_,3.995
_00977_,3.995
_04469_,3.98
_00026_,3.965
_00101_,3.965
_00105_,3.965
_00180_,3.965
_00397_,3.965
_00461_,3.965
_00599_,3.965
_00813_,3.965
_00897_,3.965
_00954_,3.965
_01014_,3.965
_01076_,3.965
_01323_,3.965
_01446_,3.965
_01462_,3.965
_01519_,3.955
debug_mem_data[9],3.93
debug_reg_data[3],3.93
instr_wdata[2],3.93
pc_out_port[13],3.93
_00067_,3.925
_00116_,3.925
_00459_,3.925
_00473_,3.925
_00510_,3.925
_00648_,3.925
_00728_,3.925
_00968_,3.925
_01083_,3.925
_01087_,3.925
_01107_,3.925
_01244_,3.925
_01279_,3.925
_01339_,3.925
_01518_,3.925
_00333_,3.9
_00584_,3.9
_01102_,3.9
_01486_,3.9
_01716_,3.9
_01841_,3.9
_02079_,3.9
_02217_,3.9
_02486_,3.9
_03140_,3.9
_03543_,3.9
_03747_,3.9
_04050_,3.9
_04248_,3.9
_05515_,3.9
_07437_,3.9
_07767_,3.9
_07941_,3.9
_07976_,3.9
_07980_,3.9
_07986_,3.9
_01791_,3.885
_01701_,3.88
_01711_,3.88
_01809_,3.88
_01830_,3.88
_01983_,3.88
_01998_,3.88
_02277_,3.88
_02351_,3.88
_02457_,3.88
_02466_,3.88
_02616_,3.88
_03005_,3.88
_03321_,3.88
_03656_,3.88
_03667_,3.88
_03837_,3.88
_03885_,3.88
_03955_,3.88
_03972_,3.88
_04026_,3.88
_04126_,3.88
_04276_,3.88
_04858_,3.88
_05003_,3.88
_05198_,3.88
_05346_,3.88
_05392_,3.88
_05406_,3.88
_05436_,3.88
_05554_,3.88
_05675_,3.88
_06237_,3.88
_06410_,3.88
_06482_,3.88
_06550_,3.88
_06551_,3.88
_07017_,3.88
_07308_,3.88
_07318_,3.88
_07456_,3.88
_07458_,3.88
_07558_,3.88
_07657_,3.88
_07688_,3.88
_07798_,3.88
_07845_,3.88
net54,3.88
net257,3.88
net766,3.88
net891,3.88
_00232_,3.865
_00806_,3.865
_00879_,3.865
_00896_,3.865
_01053_,3.865
_01324_,3.865
_01487_,3.865
_02993_,3.86
_00586_,3.855
_00008_,3.805
_00017_,3.805
_00051_,3.805
_00085_,3.805
_00395_,3.805
_00484_,3.805
_00827_,3.805
_00951_,3.805
_01048_,3.805
_00021_,3.8
_00093_,3.8
_00198_,3.8
_00270_,3.8
_00324_,3.8
_00502_,3.8
_00657_,3.8
_00765_,3.8
_01024_,3.8
_01155_,3.8
_01432_,3.8
_01463_,3.8
_01576_,3.8
_00205_,3.78
_00264_,3.78
_00285_,3.78
_00492_,3.78
_00539_,3.78
_00618_,3.78
_00738_,3.78
_00811_,3.78
_00815_,3.78
_00874_,3.78
_00931_,3.78
_00952_,3.78
_01118_,3.78
_01208_,3.78
_01402_,3.78
_01455_,3.78
_01530_,3.78
_01546_,3.78
_04440_,3.78
_06274_,3.78
_07755_,3.78
net207,3.78
net1044,3.78
net1076,3.78
net1196,3.78
_03292_,3.76
_03373_,3.76
_05043_,3.76
_08079_,3.76
net578,3.76
_00229_,3.755
_05353_,3.74
_06861_,3.74
_07562_,3.74
_01497_,3.735
_00016_,3.705
_00230_,3.705
_00236_,3.705
_00243_,3.705
_00433_,3.705
_01184_,3.705
_01199_,3.705
_01222_,3.705
_01354_,3.705
_01525_,3.705
net119,3.705
_00290_,3.685
_00506_,3.685
_00538_,3.685
_00914_,3.685
_01072_,3.685
_01762_,3.68
_03546_,3.68
_04249_,3.68
_04257_,3.68
_04259_,3.68
_04265_,3.68
_04296_,3.68
_04298_,3.68
_04303_,3.68
_04306_,3.68
_04308_,3.68
_04406_,3.68
_04420_,3.68
_04424_,3.68
_04428_,3.68
_04430_,3.68
_04438_,3.68
_04486_,3.68
_04488_,3.68
_04496_,3.68
_04498_,3.68
_04501_,3.68
_04506_,3.68
_04743_,3.68
_05968_,3.68
_06300_,3.68
_07623_,3.68
_02757_,3.66
_05925_,3.66
_06071_,3.66
_07772_,3.66
net513,3.66
net975,3.66
_00359_,3.655
_02761_,3.64
_05232_,3.64
_07016_,3.64
_00275_,3.635
_01458_,3.635
_00046_,3.625
_00142_,3.625
_00212_,3.625
_00215_,3.625
_00339_,3.625
_00424_,3.625
_00490_,3.625
_00630_,3.625
_00756_,3.625
_00852_,3.625
_00858_,3.625
_01016_,3.625
_01017_,3.625
_01026_,3.625
_01174_,3.625
_01452_,3.625
_01466_,3.625
_01474_,3.625
_01548_,3.625
_01585_,3.625
_00213_,3.605
_00441_,3.605
_00561_,3.605
_00883_,3.605
_01257_,3.605
_01259_,3.605
_01457_,3.605
_01476_,3.605
_01635_,3.605
_00055_,3.595
_00154_,3.585
_00820_,3.585
_01082_,3.585
_01553_,3.56
_01836_,3.56
_01888_,3.56
_03646_,3.56
_04527_,3.56
_04831_,3.56
_05369_,3.56
_05411_,3.56
_05424_,3.56
_05437_,3.56
_05454_,3.56
_05456_,3.56
_05460_,3.56
_05540_,3.56
_05667_,3.56
_05723_,3.56
_05734_,3.56
_05741_,3.56
_05913_,3.56
_01245_,3.555
_01655_,3.54
_01662_,3.54
_01665_,3.54
_01834_,3.54
_01924_,3.54
_02072_,3.54
_02091_,3.54
_02186_,3.54
_02412_,3.54
_02551_,3.54
_02567_,3.54
_02594_,3.54
_02613_,3.54
_02657_,3.54
_02856_,3.54
_02987_,3.54
_03266_,3.54
_03362_,3.54
_03618_,3.54
_03622_,3.54
_03842_,3.54
_03862_,3.54
_04465_,3.54
_05449_,3.54
_05507_,3.54
_05519_,3.54
_05710_,3.54
_05954_,3.54
_06198_,3.54
_06228_,3.54
_06445_,3.54
_06451_,3.54
_06541_,3.54
_06707_,3.54
_06719_,3.54
_07367_,3.54
_07534_,3.54
_07743_,3.54
_08033_,3.54
_08060_,3.54
ex_mm_reg.Rd_Data_Out_PR\[5\],3.54
id_rr_reg.instr_out\[12\],3.54
if_id_reg.Instr_Out\[10\],3.54
net168,3.54
net333,3.54
net839,3.54
net1120,3.54
net1124,3.54
_00705_,3.52
_01226_,3.52
_00109_,3.505
_00117_,3.505
_00289_,3.505
_01160_,3.505
_01202_,3.505
_01328_,3.505
_01561_,3.505
_01600_,3.505
net180,3.505
_01329_,3.485
_00098_,3.465
_00168_,3.465
_00208_,3.465
_00209_,3.465
_00323_,3.465
_00340_,3.465
_00649_,3.465
_00741_,3.465
_00784_,3.465
_00979_,3.465
_01095_,3.465
_01153_,3.465
_01187_,3.465
_01204_,3.465
_01213_,3.465
_01236_,3.465
_01356_,3.465
_01381_,3.465
_01407_,3.465
_01443_,3.465
_01505_,3.465
_01625_,3.465
_01630_,3.465
net123,3.465
_00225_,3.44
_00829_,3.44
_00878_,3.44
_02074_,3.44
_02077_,3.44
_02417_,3.44
_02418_,3.44
_02546_,3.44
_03986_,3.44
_05306_,3.44
_05575_,3.44
_05753_,3.44
_06299_,3.44
_06794_,3.44
_07003_,3.44
_07423_,3.44
_01669_,3.42
_01679_,3.42
_01741_,3.42
_01812_,3.42
_01840_,3.42
_01889_,3.42
_02111_,3.42
_02154_,3.42
_02205_,3.42
_02358_,3.42
_02368_,3.42
_02436_,3.42
_02672_,3.42
_03015_,3.42
_03338_,3.42
_03352_,3.42
_03421_,3.42
_03538_,3.42
_03700_,3.42
_04260_,3.42
_04728_,3.42
_05347_,3.42
_05509_,3.42
_05585_,3.42
_05714_,3.42
_05732_,3.42
_05888_,3.42
_06058_,3.42
_06394_,3.42
_06525_,3.42
_07056_,3.42
_07301_,3.42
_07735_,3.42
_07758_,3.42
_07858_,3.42
net105,3.42
net280,3.42
net576,3.42
net884,3.42
_00027_,3.405
_00119_,3.405
_00132_,3.405
_00247_,3.405
_00263_,3.405
_00287_,3.405
_00300_,3.405
_00370_,3.405
_00377_,3.405
_00425_,3.405
_00427_,3.405
_00430_,3.405
_00451_,3.405
_00454_,3.405
_00466_,3.405
_00477_,3.405
_00504_,3.405
_00514_,3.405
_00545_,3.405
_00569_,3.405
_00570_,3.405
_00663_,3.405
_00671_,3.405
_00730_,3.405
_00745_,3.405
_00758_,3.405
_00760_,3.405
_00774_,3.405
_00795_,3.405
_00797_,3.405
_00842_,3.405
_00856_,3.405
_00976_,3.405
_01041_,3.405
_01054_,3.405
_01159_,3.405
_01191_,3.405
_01205_,3.405
_01300_,3.405
_01340_,3.405
_01362_,3.405
_01428_,3.405
_01507_,3.405
_01550_,3.405
_01554_,3.405
_00452_,3.345
_00498_,3.345
_00515_,3.345
_00651_,3.345
_00676_,3.345
_00789_,3.345
_00819_,3.345
_00871_,3.345
_01157_,3.345
_01400_,3.345
_01473_,3.345
_01545_,3.345
_01643_,3.345
_00014_,3.34
_00089_,3.34
_00090_,3.34
_00091_,3.34
_00115_,3.34
_00158_,3.34
_00165_,3.34
_00312_,3.34
_00336_,3.34
_00406_,3.34
_00422_,3.34
_00512_,3.34
_00535_,3.34
_00567_,3.34
_00768_,3.34
_00801_,3.34
_00854_,3.34
_00860_,3.34
_00882_,3.34
_00910_,3.34
_00966_,3.34
_00971_,3.34
_01039_,3.34
_01067_,3.34
_01154_,3.34
_01298_,3.34
_01302_,3.34
_01316_,3.34
_01327_,3.34
_01349_,3.34
_01370_,3.34
_01378_,3.34
_01380_,3.34
_01396_,3.34
_01412_,3.34
_01415_,3.34
_01423_,3.34
_01429_,3.34
_01431_,3.34
_01461_,3.34
_01496_,3.34
_01567_,3.34
_02597_,3.34
_00104_,3.32
_00369_,3.32
_00563_,3.32
_00646_,3.32
_00664_,3.32
_00719_,3.32
_00802_,3.32
_00836_,3.32
_01170_,3.32
_01516_,3.32
_01544_,3.32
_02673_,3.32
_03605_,3.32
_04163_,3.32
_04958_,3.32
_05384_,3.32
_05495_,3.32
_05510_,3.32
_05686_,3.32
net185,3.32
net204,3.32
net213,3.32
net301,3.32
net349,3.32
net440,3.32
net457,3.32
net547,3.32
net554,3.32
net586,3.32
net637,3.32
net728,3.32
net730,3.32
net780,3.32
net867,3.32
net882,3.32
net1000,3.32
net1024,3.32
net1096,3.32
net1200,3.32
net1230,3.32
_03668_,3.3
_03950_,3.3
_05096_,3.3
_05146_,3.3
_05885_,3.3
_06263_,3.3
imem.rom\[9\]\[2\],3.3
_00058_,3.245
_00100_,3.245
_00126_,3.245
_00307_,3.245
_00449_,3.245
_00485_,3.245
_00631_,3.245
_00785_,3.245
_00894_,3.245
_00905_,3.245
_00915_,3.245
_01007_,3.245
_01229_,3.245
_01477_,3.245
_01495_,3.245
_01499_,3.245
_01520_,3.245
_01575_,3.245
_01584_,3.245
_00194_,3.225
_01091_,3.225
_01062_,3.22
_04247_,3.22
_04269_,3.22
_04508_,3.22
_04628_,3.22
_05222_,3.22
_05309_,3.22
_05508_,3.22
_05609_,3.22
_07636_,3.22
_07718_,3.22
_07861_,3.22
net1225,3.22
_05693_,3.2
net253,3.2
mm_wb_reg.RegWrite_Out,3.18
_00252_,3.175
_00258_,3.175
_00266_,3.175
_00353_,3.175
_00373_,3.175
_00399_,3.175
_00526_,3.175
_00620_,3.175
_00988_,3.175
_01178_,3.175
_01242_,3.175
_01319_,3.175
_01573_,3.175
_05446_,3.16
_01145_,3.155
_00248_,3.145
_00725_,3.145
_00729_,3.145
_00891_,3.145
_01287_,3.145
_01419_,3.145
_01556_,3.145
_01379_,3.135
_00244_,3.125
_00472_,3.125
_00892_,3.125
_05928_,3.11
_00843_,3.1
_02839_,3.1
_02998_,3.1
_03540_,3.1
_01777_,3.08
_02003_,3.08
_02134_,3.08
_02157_,3.08
_02303_,3.08
_02396_,3.08
_02660_,3.08
_02702_,3.08
_03378_,3.08
_03595_,3.08
_03629_,3.08
_03662_,3.08
_03671_,3.08
_03795_,3.08
_03894_,3.08
_03905_,3.08
_03970_,3.08
_04001_,3.08
_04032_,3.08
_04077_,3.08
_04196_,3.08
_04286_,3.08
_04491_,3.08
_04612_,3.08
_05162_,3.08
_05224_,3.08
_05364_,3.08
_05425_,3.08
_05522_,3.08
_05662_,3.08
_05883_,3.08
_06244_,3.08
_06246_,3.08
_06284_,3.08
_06367_,3.08
_06457_,3.08
_06466_,3.08
_06564_,3.08
_06760_,3.08
_06774_,3.08
_07074_,3.08
_07413_,3.08
_07447_,3.08
_07465_,3.08
_07590_,3.08
_07627_,3.08
_07948_,3.08
_08029_,3.08
_08094_,3.08
_08218_,3.08
net1084,3.08
_03391_,3.06
_07013_,3.06
_07138_,3.06
_00638_,3.055
_01003_,3.055
_01206_,3.055
_00139_,3.045
_00183_,3.045
_00239_,3.045
_00534_,3.045
_00555_,3.045
_00578_,3.045
_00622_,3.045
_00666_,3.045
_00935_,3.045
_00938_,3.045
_01023_,3.045
_01034_,3.045
_01425_,3.045
_01514_,3.045
_01253_,3.035
_00004_,3.005
_00010_,3.005
_00039_,3.005
_00095_,3.005
_00146_,3.005
_00175_,3.005
_00177_,3.005
_00197_,3.005
_00199_,3.005
_00206_,3.005
_00246_,3.005
_00304_,3.005
_00342_,3.005
_00388_,3.005
_00420_,3.005
_00479_,3.005
_00495_,3.005
_00496_,3.005
_00678_,3.005
_00761_,3.005
_00769_,3.005
_00838_,3.005
_00868_,3.005
_00991_,3.005
_01093_,3.005
_01110_,3.005
_01220_,3.005
_01225_,3.005
_01235_,3.005
_01589_,3.005
_01642_,3.005
_00238_,3
_01043_,3
_00015_,2.98
_00327_,2.98
_00674_,2.98
_01180_,2.98
_01725_,2.98
_01936_,2.98
_01941_,2.98
_01999_,2.98
_02025_,2.98
_02130_,2.98
_02332_,2.98
_02477_,2.98
_02539_,2.98
_02988_,2.98
_03035_,2.98
_03049_,2.98
_04010_,2.98
_04443_,2.98
_06267_,2.98
_06375_,2.98
_06549_,2.98
_06580_,2.98
_07433_,2.98
_07474_,2.98
_07708_,2.98
_07717_,2.98
net221,2.98
_01704_,2.96
_01866_,2.96
_01904_,2.96
_01916_,2.96
_01917_,2.96
_01923_,2.96
_02103_,2.96
_02159_,2.96
_02267_,2.96
_02330_,2.96
_02348_,2.96
_02393_,2.96
_02420_,2.96
_02439_,2.96
_02572_,2.96
_02587_,2.96
_02739_,2.96
_02747_,2.96
_02992_,2.96
_03269_,2.96
_03386_,2.96
_03404_,2.96
_03676_,2.96
_03852_,2.96
_03941_,2.96
_04256_,2.96
_04684_,2.96
_04966_,2.96
_05071_,2.96
_05265_,2.96
_05313_,2.96
_05354_,2.96
_05358_,2.96
_05408_,2.96
_05700_,2.96
_06031_,2.96
_06277_,2.96
_06351_,2.96
_06365_,2.96
_06396_,2.96
_06459_,2.96
_06575_,2.96
_06582_,2.96
_06623_,2.96
_06631_,2.96
_06729_,2.96
_06802_,2.96
_06804_,2.96
_07136_,2.96
_07141_,2.96
_07227_,2.96
_07231_,2.96
_07349_,2.96
_07355_,2.96
_07626_,2.96
_07963_,2.96
_08031_,2.96
_08077_,2.96
_08206_,2.96
_08234_,2.96
net49,2.96
net57,2.96
net208,2.96
net733,2.96
_00279_,2.955
_00025_,2.945
_00037_,2.945
_00038_,2.945
_00045_,2.945
_00107_,2.945
_00147_,2.945
_00155_,2.945
_00159_,2.945
_00162_,2.945
_00171_,2.945
_00173_,2.945
_00176_,2.945
_00214_,2.945
_00220_,2.945
_00221_,2.945
_00222_,2.945
_00261_,2.945
_00265_,2.945
_00271_,2.945
_00280_,2.945
_00283_,2.945
_00316_,2.945
_00321_,2.945
_00325_,2.945
_00329_,2.945
_00337_,2.945
_00358_,2.945
_00360_,2.945
_00389_,2.945
_00396_,2.945
_00398_,2.945
_00409_,2.945
_00414_,2.945
_00429_,2.945
_00437_,2.945
_00438_,2.945
_00440_,2.945
_00507_,2.945
_00529_,2.945
_00552_,2.945
_00559_,2.945
_00566_,2.945
_00568_,2.945
_00616_,2.945
_00628_,2.945
_00632_,2.945
_00643_,2.945
_00668_,2.945
_00672_,2.945
_00677_,2.945
_00722_,2.945
_00723_,2.945
_00732_,2.945
_00735_,2.945
_00749_,2.945
_00753_,2.945
_00773_,2.945
_00776_,2.945
_00788_,2.945
_00804_,2.945
_00810_,2.945
_00822_,2.945
_00825_,2.945
_00845_,2.945
_00847_,2.945
_00859_,2.945
_00863_,2.945
_00888_,2.945
_00898_,2.945
_00900_,2.945
_00992_,2.945
_01009_,2.945
_01012_,2.945
_01022_,2.945
_01025_,2.945
_01030_,2.945
_01038_,2.945
_01040_,2.945
_01044_,2.945
_01050_,2.945
_01052_,2.945
_01070_,2.945
_01075_,2.945
_01146_,2.945
_01156_,2.945
_01166_,2.945
_01171_,2.945
_01181_,2.945
_01210_,2.945
_01216_,2.945
_01218_,2.945
_01230_,2.945
_01233_,2.945
_01247_,2.945
_01269_,2.945
_01270_,2.945
_01274_,2.945
_01285_,2.945
_01290_,2.945
_01292_,2.945
_01305_,2.945
_01306_,2.945
_01308_,2.945
_01309_,2.945
_01311_,2.945
_01320_,2.945
_01322_,2.945
_01334_,2.945
_01335_,2.945
_01345_,2.945
_01350_,2.945
_01353_,2.945
_01369_,2.945
_01372_,2.945
_01406_,2.945
_01409_,2.945
_01414_,2.945
_01420_,2.945
_01434_,2.945
_01435_,2.945
_01438_,2.945
_01460_,2.945
_01472_,2.945
_01482_,2.945
_01483_,2.945
_01484_,2.945
_01490_,2.945
_01498_,2.945
_01527_,2.945
_01542_,2.945
_01543_,2.945
_01551_,2.945
_01564_,2.945
_01566_,2.945
_01569_,2.945
_01583_,2.945
_01590_,2.945
_01617_,2.945
_01629_,2.945
_01640_,2.945
_07917_,2.94
_00226_,2.935
_00778_,2.935
_01065_,2.935
_01113_,2.935
_01158_,2.895
_00042_,2.885
_00056_,2.885
_00240_,2.885
_00268_,2.885
_00334_,2.885
_00386_,2.885
_00457_,2.885
_00474_,2.885
_00486_,2.885
_00623_,2.885
_00624_,2.885
_00641_,2.885
_00855_,2.885
_00865_,2.885
_00908_,2.885
_00916_,2.885
_01196_,2.885
_01243_,2.885
_01277_,2.885
_01288_,2.885
_01315_,2.885
_01613_,2.885
_02530_,2.88
_01622_,2.875
_00549_,2.86
_00574_,2.86
_00739_,2.86
_00747_,2.86
_00766_,2.86
_00828_,2.86
_00895_,2.86
_00929_,2.86
_00957_,2.86
_00975_,2.86
_01512_,2.86
_01602_,2.86
_01641_,2.86
_03809_,2.86
_04115_,2.86
_04633_,2.86
_05002_,2.86
_05255_,2.86
_05398_,2.86
_05452_,2.86
_05740_,2.86
_06845_,2.86
_07568_,2.86
_07731_,2.86
net263,2.86
net407,2.86
net460,2.86
net526,2.86
net617,2.86
net740,2.86
net778,2.86
net954,2.86
net985,2.86
net1014,2.86
net1067,2.86
net1079,2.86
net1204,2.86
net1257,2.86
_01284_,2.84
_01842_,2.84
_04537_,2.84
_05550_,2.84
_05572_,2.84
_05579_,2.84
_00432_,2.835
_00922_,2.835
net125,2.835
_00054_,2.815
_01828_,2.79
_00024_,2.785
_00084_,2.785
_00097_,2.785
_00211_,2.785
_00241_,2.785
_00269_,2.785
_00294_,2.785
_00309_,2.785
_00403_,2.785
_00417_,2.785
_00435_,2.785
_00577_,2.785
_00579_,2.785
_00662_,2.785
_00718_,2.785
_00799_,2.785
_01028_,2.785
_01090_,2.785
_01133_,2.785
_01163_,2.785
_01183_,2.785
_01238_,2.785
_01266_,2.785
_01304_,2.785
_01347_,2.785
_01421_,2.785
_01605_,2.785
_01615_,2.785
net121,2.785
_01865_,2.76
_03298_,2.76
_04588_,2.76
_04981_,2.76
_05218_,2.76
_05359_,2.76
_05402_,2.76
_05433_,2.76
_05434_,2.76
_05457_,2.76
_05581_,2.76
_05742_,2.76
_06269_,2.76
_07778_,2.76
_07788_,2.76
net183,2.76
net896,2.76
_07608_,2.74
_07617_,2.73
_04980_,2.72
_06832_,2.72
_00028_,2.715
_00144_,2.715
_00172_,2.715
_00301_,2.715
_00344_,2.715
_00392_,2.715
_00480_,2.715
_00625_,2.715
_00659_,2.715
_00734_,2.715
_00757_,2.715
_00851_,2.715
_00950_,2.715
_01015_,2.715
_01084_,2.715
_01112_,2.715
_01116_,2.715
_01150_,2.715
_01195_,2.715
_01215_,2.715
_01232_,2.715
_01248_,2.715
_01293_,2.715
_01363_,2.715
_01364_,2.715
_01365_,2.715
_01568_,2.715
_01571_,2.715
_01582_,2.715
_01586_,2.715
_01619_,2.715
_01627_,2.715
net130,2.715
_04128_,2.67
_07529_,2.67
_00743_,2.665
_02701_,2.64
_03086_,2.64
_03108_,2.64
_03264_,2.64
_03938_,2.64
_03940_,2.64
_05735_,2.64
_01705_,2.62
_01736_,2.62
_02030_,2.62
_02166_,2.62
_02266_,2.62
_02281_,2.62
_02365_,2.62
_02499_,2.62
_02658_,2.62
_02983_,2.62
_03038_,2.62
_03054_,2.62
_03057_,2.62
_03323_,2.62
_03571_,2.62
_03619_,2.62
_03630_,2.62
_03658_,2.62
_03772_,2.62
_03900_,2.62
_03915_,2.62
_04112_,2.62
_04209_,2.62
_04422_,2.62
_04442_,2.62
_04492_,2.62
_05387_,2.62
_05430_,2.62
_05461_,2.62
_05533_,2.62
_05549_,2.62
_05574_,2.62
_05701_,2.62
_05708_,2.62
_05926_,2.62
_06061_,2.62
_06124_,2.62
_06161_,2.62
_06208_,2.62
_06286_,2.62
_06317_,2.62
_06340_,2.62
_06754_,2.62
_06800_,2.62
_07012_,2.62
_07071_,2.62
_07106_,2.62
_07253_,2.62
_07279_,2.62
_07299_,2.62
_07442_,2.62
_07546_,2.62
_07593_,2.62
_07707_,2.62
_07938_,2.62
_08016_,2.62
_08050_,2.62
_08069_,2.62
_08071_,2.62
id_rr_reg.pc_next_out\[13\],2.62
net58,2.62
_00598_,2.605
_00848_,2.6
_01502_,2.6
_00128_,2.595
_00259_,2.595
_00313_,2.595
_00401_,2.595
_00536_,2.595
_00554_,2.595
_00721_,2.595
_00817_,2.595
_00960_,2.595
_01001_,2.595
_01165_,2.595
_01368_,2.595
_01392_,2.595
_01526_,2.595
_01538_,2.595
_01557_,2.595
_00122_,2.585
_00131_,2.585
_00137_,2.585
_00151_,2.585
_00331_,2.585
_00475_,2.585
_00645_,2.585
_00733_,2.585
_00887_,2.585
_00927_,2.585
_00940_,2.585
_00942_,2.585
_01172_,2.585
_01303_,2.585
_01456_,2.585
_01481_,2.585
_01523_,2.585
_01623_,2.585
_01632_,2.585
_06497_,2.56
_00013_,2.545
_00032_,2.545
_00078_,2.545
_00110_,2.545
_00140_,2.545
_00143_,2.545
_00223_,2.545
_00242_,2.545
_00245_,2.545
_00253_,2.545
_00267_,2.545
_00311_,2.545
_00346_,2.545
_00350_,2.545
_00368_,2.545
_00390_,2.545
_00407_,2.545
_00410_,2.545
_00426_,2.545
_00431_,2.545
_00464_,2.545
_00482_,2.545
_00488_,2.545
_00516_,2.545
_00527_,2.545
_00576_,2.545
_00582_,2.545
_00583_,2.545
_00639_,2.545
_00650_,2.545
_00754_,2.545
_00755_,2.545
_00759_,2.545
_00777_,2.545
_00821_,2.545
_00831_,2.545
_00872_,2.545
_00893_,2.545
_00955_,2.545
_00964_,2.545
_00974_,2.545
_00986_,2.545
_01036_,2.545
_01047_,2.545
_01152_,2.545
_01169_,2.545
_01188_,2.545
_01189_,2.545
_01192_,2.545
_01252_,2.545
_01255_,2.545
_01294_,2.545
_01314_,2.545
_01332_,2.545
_01416_,2.545
_01479_,2.545
_01485_,2.545
_01504_,2.545
_01508_,2.545
_01532_,2.545
_01536_,2.545
_01547_,2.545
_00928_,2.54
_00141_,2.52
_00366_,2.52
_00890_,2.52
_00994_,2.52
_01042_,2.52
_01722_,2.52
_01731_,2.52
_01956_,2.52
_02028_,2.52
_02086_,2.52
_02117_,2.52
_02150_,2.52
_02238_,2.52
_02547_,2.52
_02610_,2.52
_02637_,2.52
_02664_,2.52
_03271_,2.52
_03334_,2.52
_03666_,2.52
_03768_,2.52
_03896_,2.52
_04039_,2.52
_04292_,2.52
_04385_,2.52
_06090_,2.52
_06141_,2.52
_06307_,2.52
_06477_,2.52
_06502_,2.52
_06508_,2.52
_06519_,2.52
_06539_,2.52
_06764_,2.52
_06775_,2.52
_07145_,2.52
_07252_,2.52
_07276_,2.52
_07331_,2.52
_07341_,2.52
_07342_,2.52
_07362_,2.52
_07435_,2.52
_08015_,2.52
_08035_,2.52
_01732_,2.5
_01867_,2.5
_01992_,2.5
_02002_,2.5
_02004_,2.5
_02144_,2.5
_02170_,2.5
_02192_,2.5
_02247_,2.5
_02271_,2.5
_02285_,2.5
_02319_,2.5
_02359_,2.5
_02383_,2.5
_02403_,2.5
_02443_,2.5
_02520_,2.5
_02556_,2.5
_02573_,2.5
_02642_,2.5
_02688_,2.5
_02830_,2.5
_03019_,2.5
_03096_,2.5
_03335_,2.5
_03434_,2.5
_03672_,2.5
_03726_,2.5
_03828_,2.5
_03903_,2.5
_03928_,2.5
_03956_,2.5
_03980_,2.5
_04250_,2.5
_04355_,2.5
_04421_,2.5
_04458_,2.5
_04470_,2.5
_04664_,2.5
_04816_,2.5
_05011_,2.5
_05319_,2.5
_05555_,2.5
_05556_,2.5
_05679_,2.5
_05699_,2.5
_06079_,2.5
_06145_,2.5
_06382_,2.5
_06468_,2.5
_06496_,2.5
_06513_,2.5
_06531_,2.5
_06576_,2.5
_06649_,2.5
_06704_,2.5
_07059_,2.5
_07117_,2.5
_07314_,2.5
_07557_,2.5
_07575_,2.5
_07885_,2.5
_07942_,2.5
_07953_,2.5
_08000_,2.5
_01444_,2.495
net137,2.485
_01592_,2.435
_00982_,2.425
_01203_,2.425
_01593_,2.42
_01847_,2.4
_04313_,2.4
_04518_,2.4
_05121_,2.4
_05401_,2.4
_05516_,2.4
_05855_,2.4
_06282_,2.4
net239,2.4
net359,2.4
net426,2.4
net742,2.4
net924,2.4
net1073,2.4
_00227_,2.375
_00254_,2.375
_00418_,2.375
_00443_,2.375
_00481_,2.375
_00751_,2.375
_00826_,2.375
_00906_,2.375
_00962_,2.375
_01197_,2.375
_01217_,2.375
_01250_,2.375
_01251_,2.375
_01321_,2.375
_01480_,2.375
_01634_,2.375
_00007_,2.325
_00019_,2.325
_00020_,2.325
_00022_,2.325
_00031_,2.325
_00069_,2.325
_00086_,2.325
_00136_,2.325
_00164_,2.325
_00178_,2.325
_00281_,2.325
_00303_,2.325
_00306_,2.325
_00310_,2.325
_00314_,2.325
_00356_,2.325
_00362_,2.325
_00367_,2.325
_00380_,2.325
_00411_,2.325
_00453_,2.325
_00476_,2.325
_00478_,2.325
_00575_,2.325
_00621_,2.325
_00644_,2.325
_00713_,2.325
_00783_,2.325
_00791_,2.325
_00798_,2.325
_00886_,2.325
_00904_,2.325
_00969_,2.325
_00973_,2.325
_00989_,2.325
_00993_,2.325
_01027_,2.325
_01167_,2.325
_01175_,2.325
_01176_,2.325
_01234_,2.325
_01239_,2.325
_01263_,2.325
_01296_,2.325
_01318_,2.325
_01373_,2.325
_01391_,2.325
_01395_,2.325
_01427_,2.325
_01506_,2.325
_01515_,2.325
_01539_,2.325
_01574_,2.325
_01580_,2.325
_01620_,2.325
_01639_,2.325
_01681_,2.3
_01690_,2.3
_03446_,2.3
_03554_,2.3
_04714_,2.3
_04744_,2.3
_05125_,2.3
_05182_,2.3
_05466_,2.3
_05499_,2.3
_05584_,2.3
_05724_,2.3
_05814_,2.3
_05918_,2.3
_05939_,2.3
_06163_,2.3
_06173_,2.3
_07680_,2.3
stall_pending,2.3
net158,2.3
_02706_,2.28
_04609_,2.28
net64,2.28
_00009_,2.26
_00299_,2.26
_00782_,2.26
_01013_,2.26
_00053_,2.255
_00111_,2.255
_00224_,2.255
_00740_,2.255
_00909_,2.255
_00995_,2.255
_01002_,2.255
_01008_,2.255
_01275_,2.255
_01424_,2.255
_01454_,2.255
_01510_,2.255
_01560_,2.255
_01581_,2.255
_01587_,2.255
_06072_,2.255
_01271_,2.205
_03156_,2.18
_03572_,2.18
_03601_,2.18
_03843_,2.18
_03899_,2.18
_06174_,2.18
_07678_,2.18
_07854_,2.18
_08226_,2.18
net50,2.18
_01647_,2.16
_01919_,2.16
_01937_,2.16
_01962_,2.16
_02010_,2.16
_02017_,2.16
_02040_,2.16
_02051_,2.16
_02088_,2.16
_02169_,2.16
_02194_,2.16
_02251_,2.16
_02321_,2.16
_02367_,2.16
_02370_,2.16
_02480_,2.16
_02554_,2.16
_02679_,2.16
_03094_,2.16
_03125_,2.16
_03225_,2.16
_03254_,2.16
_03325_,2.16
_03343_,2.16
_03396_,2.16
_03444_,2.16
_03547_,2.16
_03607_,2.16
_03609_,2.16
_03836_,2.16
_03845_,2.16
_03875_,2.16
_03973_,2.16
_04172_,2.16
_04282_,2.16
_04287_,2.16
_04305_,2.16
_04312_,2.16
_04481_,2.16
_04502_,2.16
_04819_,2.16
_04943_,2.16
_05272_,2.16
_05349_,2.16
_05726_,2.16
_06020_,2.16
_06356_,2.16
_06370_,2.16
_06373_,2.16
_06391_,2.16
_06450_,2.16
_06462_,2.16
_06561_,2.16
_06615_,2.16
_06626_,2.16
_06710_,2.16
_07067_,2.16
_07112_,2.16
_07113_,2.16
_07274_,2.16
_07350_,2.16
_07375_,2.16
_07462_,2.16
_07464_,2.16
_07473_,2.16
_07597_,2.16
_08005_,2.16
_08006_,2.16
_08036_,2.16
_08041_,2.16
_08073_,2.16
net151,2.16
net287,2.16
net991,2.16
_01106_,2.145
_00040_,2.125
_00074_,2.125
_00251_,2.125
_00320_,2.125
_00338_,2.125
_00348_,2.125
_00375_,2.125
_00501_,2.125
_00541_,2.125
_00640_,2.125
_00724_,2.125
_00772_,2.125
_00881_,2.125
_01272_,2.125
_01286_,2.125
_01344_,2.125
_01375_,2.125
_01377_,2.125
_01464_,2.125
_01540_,2.125
_00048_,2.085
_00108_,2.085
_00118_,2.085
_00257_,2.085
_00317_,2.085
_00319_,2.085
_00402_,2.085
_00421_,2.085
_00503_,2.085
_00511_,2.085
_00544_,2.085
_00556_,2.085
_00557_,2.085
_00564_,2.085
_00642_,2.085
_00660_,2.085
_00726_,2.085
_00846_,2.085
_00849_,2.085
_00867_,2.085
_00949_,2.085
_00953_,2.085
_00956_,2.085
_00967_,2.085
_00970_,2.085
_00983_,2.085
_01049_,2.085
_01264_,2.085
_01325_,2.085
_01358_,2.085
_01528_,2.085
_01531_,2.085
_01541_,2.085
_01555_,2.085
_01637_,2.085
_01105_,2.08
_07853_,2.08
_00405_,2.06
_00869_,2.06
_00899_,2.06
_00958_,2.06
_01056_,2.06
_01068_,2.06
_01437_,2.06
_01447_,2.06
_01915_,2.06
_02049_,2.06
_02055_,2.06
_02059_,2.06
_02356_,2.06
_02578_,2.06
_02591_,2.06
_02889_,2.06
_03281_,2.06
_03613_,2.06
_03670_,2.06
_03902_,2.06
_04015_,2.06
_04309_,2.06
_04439_,2.06
_04507_,2.06
_06211_,2.06
_06285_,2.06
_06287_,2.06
_06441_,2.06
_06465_,2.06
_06501_,2.06
_06509_,2.06
_06530_,2.06
_06552_,2.06
_06587_,2.06
_06641_,2.06
_07069_,2.06
_07075_,2.06
_07135_,2.06
_07330_,2.06
_07343_,2.06
_07475_,2.06
_07565_,2.06
_07582_,2.06
_07649_,2.06
_07669_,2.06
_07734_,2.06
_07783_,2.06
_07791_,2.06
_07920_,2.06
_07945_,2.06
_01885_,2.04
_02075_,2.04
_02361_,2.04
_02401_,2.04
_02454_,2.04
_02540_,2.04
_02549_,2.04
_02555_,2.04
_02618_,2.04
_02816_,2.04
_02989_,2.04
_03141_,2.04
_03272_,2.04
_03381_,2.04
_03534_,2.04
_03577_,2.04
_03829_,2.04
_03884_,2.04
_04423_,2.04
_04429_,2.04
_04436_,2.04
_04500_,2.04
_05015_,2.04
_05195_,2.04
_05467_,2.04
_05653_,2.04
_05858_,2.04
_06578_,2.04
_06737_,2.04
_06738_,2.04
_07072_,2.04
_07535_,2.04
_08102_,2.04
_01511_,2.035
_06015_,2.03
_05565_,2.02
_02047_,1.96
_03645_,1.94
_03697_,1.94
_04482_,1.94
_04602_,1.94
_05168_,1.94
_05174_,1.94
_05266_,1.94
net783,1.94
net1283,1.94
_00670_,1.915
_00673_,1.915
_01059_,1.915
_01086_,1.915
_01214_,1.915
_01465_,1.915
_01467_,1.915
_01529_,1.915
_03711_,1.88
_00033_,1.865
_00036_,1.865
_00059_,1.865
_00075_,1.865
_00096_,1.865
_00112_,1.865
_00174_,1.865
_00234_,1.865
_00250_,1.865
_00292_,1.865
_00326_,1.865
_00345_,1.865
_00357_,1.865
_00365_,1.865
_00372_,1.865
_00374_,1.865
_00376_,1.865
_00378_,1.865
_00379_,1.865
_00393_,1.865
_00394_,1.865
_00415_,1.865
_00419_,1.865
_00434_,1.865
_00442_,1.865
_00446_,1.865
_00456_,1.865
_00465_,1.865
_00491_,1.865
_00499_,1.865
_00519_,1.865
_00558_,1.865
_00572_,1.865
_00581_,1.865
_00636_,1.865
_00637_,1.865
_00658_,1.865
_00661_,1.865
_00679_,1.865
_00716_,1.865
_00748_,1.865
_00763_,1.865
_00770_,1.865
_00803_,1.865
_00805_,1.865
_00807_,1.865
_00812_,1.865
_00816_,1.865
_00824_,1.865
_00835_,1.865
_00837_,1.865
_00839_,1.865
_00864_,1.865
_00866_,1.865
_00920_,1.865
_00959_,1.865
_00963_,1.865
_00972_,1.865
_00980_,1.865
_00981_,1.865
_00987_,1.865
_00990_,1.865
_01010_,1.865
_01011_,1.865
_01019_,1.865
_01021_,1.865
_01061_,1.865
_01064_,1.865
_01066_,1.865
_01073_,1.865
_01074_,1.865
_01080_,1.865
_01081_,1.865
_01085_,1.865
_01092_,1.865
_01151_,1.865
_01168_,1.865
_01186_,1.865
_01194_,1.865
_01201_,1.865
_01224_,1.865
_01237_,1.865
_01262_,1.865
_01299_,1.865
_01333_,1.865
_01426_,1.865
_01459_,1.865
_01503_,1.865
_01513_,1.865
_01572_,1.865
_01579_,1.865
_01621_,1.865
_01624_,1.865
_03120_,1.84
_03212_,1.84
_03400_,1.84
_04529_,1.84
_04556_,1.84
_06066_,1.84
_06947_,1.84
_07001_,1.84
net1111,1.84
_03307_,1.82
_03427_,1.82
_04419_,1.815
_05773_,1.78
_05822_,1.75
_03293_,1.72
_04774_,1.72
_05139_,1.72
_05651_,1.72
_07689_,1.72
_07759_,1.72
_08183_,1.72
_00944_,1.7
_01117_,1.7
_01121_,1.7
_01827_,1.7
_01882_,1.7
_01931_,1.7
_02115_,1.7
_02165_,1.7
_02172_,1.7
_02206_,1.7
_02340_,1.7
_02441_,1.7
_02534_,1.7
_02592_,1.7
_02815_,1.7
_03007_,1.7
_03097_,1.7
_03115_,1.7
_03160_,1.7
_03553_,1.7
_03569_,1.7
_03584_,1.7
_03660_,1.7
_03663_,1.7
_03716_,1.7
_04078_,1.7
_04464_,1.7
_04840_,1.7
_04860_,1.7
_05123_,1.7
_05180_,1.7
_05235_,1.7
_05412_,1.7
_05664_,1.7
_05806_,1.7
_06310_,1.7
_06338_,1.7
_06389_,1.7
_06540_,1.7
_06555_,1.7
_06716_,1.7
_06744_,1.7
_06795_,1.7
_07033_,1.7
_07449_,1.7
_07480_,1.7
_07711_,1.7
_08181_,1.7
_08191_,1.7
_08212_,1.7
net82,1.7
net524,1.7
net1254,1.7
_01104_,1.685
net112,1.685
_01710_,1.6
_01902_,1.6
_01949_,1.6
_01966_,1.6
_02013_,1.6
_02054_,1.6
_02152_,1.6
_02160_,1.6
_02164_,1.6
_02176_,1.6
_02256_,1.6
_02400_,1.6
_02494_,1.6
_02589_,1.6
_02596_,1.6
_02667_,1.6
_03110_,1.6
_03557_,1.6
_03999_,1.6
_04006_,1.6
_04044_,1.6
_04059_,1.6
_04083_,1.6
_04239_,1.6
_04302_,1.6
_04401_,1.6
_04405_,1.6
_06257_,1.6
_06325_,1.6
_06376_,1.6
_06392_,1.6
_06393_,1.6
_06398_,1.6
_06401_,1.6
_06403_,1.6
_06486_,1.6
_06510_,1.6
_06560_,1.6
_06588_,1.6
_06643_,1.6
_06655_,1.6
_06691_,1.6
_06731_,1.6
_06779_,1.6
_06829_,1.6
_06831_,1.6
_07065_,1.6
_07143_,1.6
_07224_,1.6
_07264_,1.6
_07280_,1.6
_07310_,1.6
_07312_,1.6
_07428_,1.6
_07930_,1.6
_07983_,1.6
_08023_,1.6
_00216_,1.575
_00458_,1.575
_00619_,1.575
_00737_,1.575
_01411_,1.575
_01500_,1.575
_01521_,1.575
_02293_,1.48
_02729_,1.48
_04255_,1.48
_04493_,1.48
_04638_,1.48
_04995_,1.48
_07677_,1.48
net86,1.48
net353,1.48
net463,1.48
net854,1.48
_00124_,1.46
_00129_,1.46
_00565_,1.46
_00903_,1.46
_01149_,1.46
_01231_,1.46
_01563_,1.46
_00035_,1.405
_00043_,1.405
_00049_,1.405
_00161_,1.405
_00237_,1.405
_00256_,1.405
_00302_,1.405
_00400_,1.405
_00448_,1.405
_00493_,1.405
_00500_,1.405
_00517_,1.405
_00532_,1.405
_00537_,1.405
_00553_,1.405
_00571_,1.405
_00580_,1.405
_00629_,1.405
_00656_,1.405
_00675_,1.405
_00731_,1.405
_00762_,1.405
_00818_,1.405
_00834_,1.405
_00961_,1.405
_01045_,1.405
_01079_,1.405
_01209_,1.405
_01254_,1.405
_01343_,1.405
_01422_,1.405
_01469_,1.405
_01470_,1.405
_01524_,1.405
_01549_,1.405
_01591_,1.405
_01626_,1.405
_01745_,1.38
_01749_,1.38
_01761_,1.38
_04195_,1.38
_06102_,1.38
_06272_,1.38
_06625_,1.38
_07566_,1.38
_07601_,1.38
_07664_,1.38
_07776_,1.38
_07784_,1.38
_08197_,1.38
_03863_,1.36
_03136_,1.26
_03296_,1.26
_03494_,1.26
_01714_,1.14
_01724_,1.14
_01734_,1.14
_01912_,1.14
_01938_,1.14
_01940_,1.14
_01942_,1.14
_01960_,1.14
_01986_,1.14
_01988_,1.14
_02033_,1.14
_02076_,1.14
_02082_,1.14
_02096_,1.14
_02099_,1.14
_02107_,1.14
_02138_,1.14
_02143_,1.14
_02145_,1.14
_02155_,1.14
_02193_,1.14
_02197_,1.14
_02215_,1.14
_02269_,1.14
_02279_,1.14
_02344_,1.14
_02350_,1.14
_02380_,1.14
_02410_,1.14
_02423_,1.14
_02431_,1.14
_02479_,1.14
_02484_,1.14
_02489_,1.14
_02497_,1.14
_02508_,1.14
_02512_,1.14
_02516_,1.14
_02523_,1.14
_02524_,1.14
_02544_,1.14
_02559_,1.14
_02561_,1.14
_02566_,1.14
_02575_,1.14
_02670_,1.14
_02885_,1.14
_03342_,1.14
_03390_,1.14
_03453_,1.14
_03462_,1.14
_03471_,1.14
_03879_,1.14
_03931_,1.14
_03945_,1.14
_03946_,1.14
_03997_,1.14
_04081_,1.14
_04263_,1.14
_04268_,1.14
_04348_,1.14
_04352_,1.14
_04377_,1.14
_04453_,1.14
_04463_,1.14
_04468_,1.14
_06110_,1.14
_06218_,1.14
_06245_,1.14
_06301_,1.14
_06312_,1.14
_06313_,1.14
_06315_,1.14
_06342_,1.14
_06387_,1.14
_06404_,1.14
_06428_,1.14
_06435_,1.14
_06467_,1.14
_06472_,1.14
_06475_,1.14
_06493_,1.14
_06498_,1.14
_06518_,1.14
_06534_,1.14
_06543_,1.14
_06545_,1.14
_06556_,1.14
_06559_,1.14
_06562_,1.14
_06565_,1.14
_06570_,1.14
_06604_,1.14
_06607_,1.14
_06609_,1.14
_06642_,1.14
_06654_,1.14
_06662_,1.14
_06673_,1.14
_06694_,1.14
_06712_,1.14
_06742_,1.14
_06781_,1.14
_06789_,1.14
_06805_,1.14
_06810_,1.14
_06821_,1.14
_07061_,1.14
_07066_,1.14
_07077_,1.14
_07099_,1.14
_07111_,1.14
_07116_,1.14
_07134_,1.14
_07139_,1.14
_07245_,1.14
_07249_,1.14
_07295_,1.14
_07332_,1.14
_07402_,1.14
_07451_,1.14
_07459_,1.14
_07478_,1.14
_07915_,1.14
_07922_,1.14
_07923_,1.14
_07937_,1.14
_07947_,1.14
_07962_,1.14
_07994_,1.14
_08004_,1.14
_08038_,1.14
_08040_,1.14
_08046_,1.14
_08095_,1.14
_08100_,1.14
_02694_,1.02
_04587_,1.02
_05126_,1.02
_05570_,1.02
_06276_,1.02
_06296_,1.02
net833,1.02
_03976_,0.92
_05764_,0.92
_05846_,0.92
_05959_,0.92
_06107_,0.92
_08170_,0.92
net456,0.92
_01808_,0.46
_01837_,0.46
_02931_,0.46
_03684_,0.46
_05275_,0.46
_05683_,0.46
_06169_,0.46
net493,0.46
net519,0.46
net537,0.46
net562,0.46
net618,0.46
