net,length_um
_02966_,806.83
clknet_0_clk,778.87
_02967_,778.79
_01737_,683.28
net14,671.53
_03342_,663.65
net67,661.13
_02965_,656.84
net9,655.14
_03343_,637.8
_01769_,626.62
net12,621.28
_01709_,621.22
_01782_,613.75
_01848_,611.95
_02204_,610.13
_03217_,607.84
_02103_,607.825
_03323_,607.45
_01850_,601.42
net29,593.48
_01792_,591.59
_02105_,590.375
_02107_,581.02
_05149_,576.53
_05293_,576.5
_03219_,574.97
_01865_,574.62
net7,574.48
_01784_,572.3
_05311_,572.22
_02233_,571.47
_03235_,570
_02223_,569.82
_01863_,569.55
_01852_,567.47
_04443_,562.82
_01858_,561.16
_05129_,557.71
net79,556.86
_06038_,556.27
net16,555.42
_06058_,552.24
_02109_,550.42
_03487_,549.65
_05275_,546.73
_04905_,543.555
_05256_,542.665
_05238_,542.54
net25,541.86
_01838_,540.21
_01889_,538.24
_01837_,534.44
_01666_,534.25
_02104_,532.09
_01892_,531.39
_03259_,529.8
_04811_,528.97
_04792_,526.34
_06247_,526.01
_02035_,525.38
_03232_,525.38
_01841_,522.52
_01970_,521.79
_03197_,521.55
_01840_,516.95
_05110_,514.59
_01891_,513.53
_02968_,511.08
_05753_,511.02
_01774_,506.41
net15,505.6
_03187_,505.2
_06229_,502.56
_01878_,502.53
_05771_,501.64
_03177_,501.58
_01854_,499.86
_03243_,499.65
_05789_,499.48
_03321_,495.54
_05735_,493.52
_05808_,492.945
_05091_,492.92
_01870_,491.54
_02973_,491.135
_03009_,488.9
net32,487.65
_06211_,483.905
_01779_,482.64
_01902_,481.64
_01844_,479.76
_01901_,479.57
_01820_,478.38
_03244_,477
net6,476.565
_02136_,475.68
_03233_,473.745
_03315_,472.94
_01826_,472.815
_01849_,472.48
_01831_,472.08
_03260_,472.005
_01776_,469.2
_01828_,466.89
clknet_4_13__leaf_clk,465.76
net65,465.35
_06077_,463.61
_01741_,461.19
_03168_,457.28
_03399_,456.37
_01912_,456.19
_01789_,456.18
_05233_,456.11
_03176_,456.06
_01827_,454.94
_04449_,453.47
net66,452.61
clknet_4_8__leaf_clk,451.59
_01861_,451.28
_01833_,449.18
_04469_,448.77
_01830_,447.1
clk,447.06
net48,446.13
_03304_,445.87
_02145_,444.59
_01874_,441.9
net44,440.11
_05228_,439.28
_01795_,438.95
_01866_,437.7
_01798_,436.635
net33,435.88
_04442_,434.61
_02257_,434.42
_04465_,434.17
_03221_,433.345
_03308_,433.05
_03376_,431.76
net69,431.08
_02125_,430.39
_03544_,430.32
_01817_,430.3
_03325_,429.4
_03222_,428.79
net10,428.39
_01879_,426.8
_02963_,426.16
_01715_,424.845
_03317_,421.96
_03018_,420.81
_04810_,418.98
_01799_,418.035
_05109_,417.05
net8,415.4
_03000_,415.21
_03245_,414.97
_04969_,414.59
net5,414.48
_05226_,413.7
net21,413.56
_01847_,413.3
_03386_,411.33
_02974_,410.88
_03021_,410.64
_03169_,409.19
_02015_,408.72
_03200_,408.115
_04970_,407.86
_02256_,407.39
_02774_,407.24
_05752_,405.1
_04478_,404.17
_03312_,404
_06628_,403.43
_01719_,402.41
_06682_,401.04
_01823_,400.57
_01905_,399.27
clknet_4_11__leaf_clk,399.22
_06664_,396.52
_01906_,396.11
_03227_,395.93
net70,394.18
_01897_,393.84
net34,393.22
_02024_,392.53
net74,391.39
_01733_,391.26
_01816_,390.645
_02240_,390.64
_03390_,390.3
_01665_,388.9
_06079_,388.79
_01867_,388.56
_01796_,387.74
_01836_,384.33
net75,383.84
_02026_,383.47
_03338_,383.09
clknet_4_3__leaf_clk,382.79
_02991_,382.54
_04904_,382.23
net24,381.6
_06592_,377.91
_03543_,377.56
clknet_4_2__leaf_clk,375.5
_05390_,375.49
_02019_,375.47
_01788_,375.07
_02141_,374.835
_05133_,374.52
_01884_,373.62
_03218_,373.43
_05400_,373.32
_03231_,372.27
_03238_,372.2
_01807_,371.87
_03011_,371.73
_03397_,371.12
_02962_,369.98
net80,369.74
_05090_,369.39
_03300_,369.31
_03389_,368.8
net73,368
_01871_,367.98
net76,367.45
_01873_,366.81
_04791_,366.74
clknet_4_10__leaf_clk,366.18
_03014_,365.83
_02769_,365.13
_06067_,364.66
net36,364.16
_01890_,363.91
_01900_,363.35
_03685_,363.27
_04471_,362.64
_06086_,362.47
_06610_,362
_03199_,361.37
clknet_4_9__leaf_clk,360.11
_03374_,359.87
_04950_,359.57
net31,359.26
_02243_,357.95
_06037_,357.76
_03223_,357.47
_03226_,356.76
_05222_,356.48
_03006_,356.38
_02990_,355.58
_02997_,354.76
net28,354.56
_03201_,352.84
_00003_,351.74
_05388_,351.71
_03377_,351.09
_03165_,350.15
_02737_,350.03
_03398_,349.12
_02213_,348.78
_05329_,348.52
_04946_,347.66
net20,347.26
_06042_,347.13
ex_mm_reg.ALU_Result_Out\[3\],346.99
_01819_,346.15
_06071_,346.13
_02144_,345.955
_02018_,345.77
_05216_,345.59
_03406_,345.48
_02987_,345.15
_01896_,344.22
_03628_,344.15
_04944_,343.75
_04943_,343.01
net11,342.38
_03307_,342
_04947_,341.65
_01775_,341.52
net27,341.36
_04661_,341.06
_06519_,338.64
_01978_,337.32
_01794_,337.29
_01808_,337.08
_01981_,336.59
_01907_,336.41
net2,334.895
_04961_,334.06
_06069_,333.82
clknet_4_12__leaf_clk,333.73
_06483_,333.465
clknet_4_7__leaf_clk,333.37
_02961_,332.88
_03207_,332.13
_06556_,331.97
net71,331.48
_02098_,331.45
_04949_,331.15
_03384_,331.01
_03302_,330.96
_01749_,329.88
_04551_,329.32
_04532_,328.81
_04453_,328.54
_05395_,328.12
_04077_,327.82
_04784_,327.78
_04643_,326.735
_06084_,326.46
_03017_,326.41
_01984_,326.15
_03339_,325.93
_02133_,325.77
net19,325.26
net47,325.02
net38,324.92
_03689_,324.89
_05770_,324.33
_02976_,324.08
_06537_,323.43
_03204_,323.4
_04679_,321.97
_02994_,321.92
_03402_,321.61
_02251_,320.8
_01804_,320.75
_05734_,320.22
net39,319.42
_05349_,319.12
_04570_,319
net81,318.9
_03060_,318.53
_02964_,318.51
_02009_,318.38
clknet_4_15__leaf_clk,317.98
_04588_,317.65
_05235_,316.94
_03020_,316.89
_05437_,316.44
_02149_,316.42
_01812_,316.35
_03391_,315.48
_06073_,315.36
_01757_,314.74
_02008_,314.56
clknet_4_4__leaf_clk,314.36
_03028_,313.91
_06447_,313.53
_03380_,313.305
_05369_,312.84
_02090_,312.21
_03230_,312
_05144_,309.48
_03301_,309.44
_04773_,309.29
_05274_,309.23
_06411_,307.87
clknet_4_5__leaf_clk,307.45
_03184_,307.02
_06210_,306.97
_02913_,306.71
_05435_,306.45
_05220_,305.82
_03203_,305.74
_03871_,305.4
_05218_,305.14
_04463_,304.88
_01729_,304.745
_06501_,303.9
_06429_,303.69
_04867_,303.59
_01895_,302.65
_02993_,302.62
_05698_,302.62
_02124_,302.56
_03525_,301.51
_05807_,301.51
_02091_,301.23
_02999_,298.69
_04473_,298.54
_03262_,298.3
_04735_,297.76
_06465_,296.56
net35,296.26
net41,295.71
_01710_,295.55
net40,295.54
_03205_,294.52
_02791_,294.3
_05230_,293.98
_06718_,292.62
_06302_,292.21
_06142_,291.62
_02888_,290.64
_05207_,290.23
_03310_,290.22
_01886_,290.17
_05292_,290
_02862_,289.96
_06646_,289.96
_03208_,289.71
_04457_,289.68
_01803_,288.37
_03326_,287.71
_05148_,287.48
_04698_,285.735
_04830_,285.7
_05127_,284.94
_03174_,284.76
_05670_,284.13
_06342_,283.83
_05433_,283.34
_04004_,282.87
_03190_,282.48
net116,282.36
_02985_,282.2
_06180_,281.84
_01810_,281.56
_04886_,281.15
net13,281.04
_06189_,280.44
_03385_,277.91
_05310_,277.57
_05378_,276.81
_03212_,276.645
_05432_,276.32
_03225_,275.84
_04459_,275.46
_03674_,274.47
net112,273.84
net18,273.155
_01761_,272.46
_03247_,272.315
_05826_,271.93
net30,271.34
_01790_,271.24
_02003_,269.91
_04455_,269.82
_03051_,269.43
net72,269.415
_06700_,269.3
_05128_,268.83
_02829_,268.41
_06574_,268.16
_03926_,268.09
_04753_,268.04
_04437_,267.21
_04717_,266.9
_02939_,266.26
_01701_,266.25
_03375_,265.76
net1,264.42
_03660_,264.28
_04848_,264.2
_06246_,264.18
_03817_,263.99
_05788_,263.92
_01765_,263.81
_05384_,263.68
_05424_,263.4
_03567_,262.29
net37,261.92
_05422_,261.89
_04606_,261.76
_05255_,260.34
_05578_,260.21
clknet_4_14__leaf_clk,259.4
_03003_,258.46
_06081_,258.23
_03720_,258.06
_06284_,257.52
_05421_,257.32
_03211_,257.14
_05397_,256.72
_05844_,255.76
_03327_,255.47
_03192_,255.25
_06265_,255.06
_02826_,255.03
net46,254.26
clknet_4_6__leaf_clk,253.33
_05461_,253.19
_05209_,252.68
_03350_,252.07
clknet_4_0__leaf_clk,251.81
_04624_,251.01
_03677_,250.41
_06228_,249.14
_06057_,249.02
_02795_,248.575
_01872_,248.475
_06370_,248.28
net23,247.72
_05382_,247.7
_03348_,247.62
_05427_,247.25
_03015_,246.28
_05429_,245.685
_01909_,245.6
_03234_,244.75
_02979_,244.64
_05577_,244.61
_01813_,243.54
net68,243.1
_06322_,242.88
_05237_,242.75
_06361_,242.4
_05353_,241.52
_05224_,241.12
_01780_,240.95
_03224_,240.53
_02893_,238.63
_03166_,238.6
_01704_,238.14
_03303_,238.04
_02996_,237.99
_06392_,237.28
_05557_,236.98
net77,236.2
_03311_,235.3
_01864_,235.07
_01708_,235.04
_04506_,234.7
_01883_,234.05
_06193_,233.635
_03196_,233.62
_03173_,233.53
_03446_,232.78
_05677_,232.565
_05455_,232.205
_03246_,231.815
_06195_,230.54
_02838_,229.9
_04953_,229.9
_01728_,229.24
_04941_,226.96
_03096_,226.39
_02854_,225.68
_02984_,225.66
_05368_,225.62
_02817_,224.06
_04928_,223.35
_05460_,222.89
_03762_,222.8
_05724_,222.24
_06500_,222.23
_04929_,222.22
ex_mm_reg.ALU_Result_Out\[0\],222.13
_05417_,220.515
_01684_,220.3
_02927_,219.78
_03002_,219.14
_01712_,218.99
_05211_,218.88
_06518_,218.85
_06389_,218.18
_05371_,217.81
_03012_,217.32
_04940_,217.05
_02988_,216.19
_06428_,215.98
_06699_,215.74
_02975_,215.58
_06573_,215.35
_06536_,214.845
_06098_,214.39
_04734_,213.825
_04054_,213.48
rr_ex_reg.instr_out\[4\],213.315
_06053_,213.27
_01822_,213.06
_06065_,212.9
_03362_,212.76
_02824_,212.56
_02982_,212.02
_05586_,211.88
_05469_,211.62
_02452_,211.455
_02825_,211.27
_02959_,210.59
_05558_,210.57
_03345_,209.94
net60,209.72
_06482_,209.1
_05380_,208.52
_05440_,208.34
_03437_,208.21
_01882_,208.17
_06555_,208.08
_05730_,207.96
_01706_,207.66
_02856_,206.8
_05468_,206.06
_03202_,205.75
_06387_,205.68
_05585_,205.19
_03026_,204.365
_06410_,204.35
_03306_,203.75
_05419_,203.44
_02852_,203.34
_05439_,203.32
_05348_,203.18
_01877_,202.4
_04678_,202.21
_04885_,202.04
_04531_,201.64
clknet_4_1__leaf_clk,201.33
net109,201.2
_01726_,200.355
_06663_,197.47
_04111_,197.14
_04003_,196.63
_05825_,196.4
_05214_,195.7
_03206_,195.05
_06283_,194.715
_05376_,194.04
_04447_,193.94
_03519_,192.86
_03349_,192.3
_03517_,192.22
_04109_,192.19
_00002_,192.06
_02848_,191.93
_03604_,191.85
_02858_,191.16
_06446_,190.7
_06609_,190.61
_03080_,190.25
_04467_,190.185
_02773_,189.7
_04445_,189.7
_03971_,189.49
_06264_,189.42
_02794_,189.16
_06591_,188.64
_05426_,187.83
_02736_,187.81
_02874_,187.32
_02831_,187.13
_06036_,186.57
_02926_,186.37
_02885_,186.28
_03294_,186.26
_04497_,186.08
_04660_,183.76
_02969_,183.61
_06062_,183.54
_06075_,183.33
_04349_,182.84
_03477_,182.32
_06372_,181.38
net17,181.3
_06374_,180.5
_05373_,180.32
net3,180.24
_04498_,180.08
_04104_,179.86
_04569_,179.75
_05346_,179.42
_05679_,179.13
_05843_,179.02
ex_mm_reg.ALU_Result_Out\[4\],178.57
_02846_,178.56
_06627_,178.15
_04847_,177.92
_02981_,177.66
_06368_,177.52
_06380_,177.015
_06060_,176.88
_02844_,176.78
_02083_,176.59
_03008_,176.58
_01791_,176.34
_04866_,175.78
_03241_,175.56
_05364_,175.54
_03118_,175.015
_04937_,174.81
_03144_,174.52
ex_mm_reg.ALU_Result_Out\[5\],174.24
_04752_,174.135
_06681_,173.59
rr_ex_reg.instr_out\[2\],173.525
_04716_,172.735
_03480_,172.63
_03572_,172.6
_02850_,172.36
_06337_,172.34
_02865_,172.08
_02892_,171.99
_03932_,171.66
net78,171.32
_04112_,171.255
_06321_,170.96
_03610_,170.82
_03966_,170.66
_06384_,170.58
_02842_,170.04
_04829_,169.73
_01843_,169.47
_04451_,169.3
rr_ex_reg.instr_out\[3\],168.735
_04770_,168.7
_02978_,168.38
_04996_,168.335
_04110_,168.13
_06376_,167.68
_04550_,167.2
_03373_,166.025
_02958_,164.99
_04789_,164.83
net22,164.54
_04318_,164.42
_04587_,163.745
_02680_,163.06
_05206_,163.055
_05710_,162.98
_02296_,162.6
_04105_,162.18
_02836_,161.94
_06717_,161.75
_06382_,161.54
_06645_,161.48
_01753_,161.22
_05386_,161.14
_02832_,160.8
net43,160.74
_03158_,159.84
_04461_,159.6
_05883_,159.18
_06391_,159.06
_04477_,159
_05399_,158.7
_05420_,158.69
_03768_,158.49
_05392_,158.42
_03347_,158.39
_04093_,157.9
_05711_,157.71
_04697_,157.42
_05011_,157.36
_03132_,157.24
_06360_,157.22
net89,156.98
_03079_,156.63
net56,156.58
_03444_,156.51
_03155_,156.08
_05680_,155.5
net107,154.88
_02840_,154.54
_01802_,153.74
net104,153.66
_02971_,152.94
_06208_,152.605
_03147_,150.82
_05108_,150.38
_03335_,150.03
_03059_,150.02
_06326_,149.5
_06464_,149.125
rr_ex_reg.instr_out\[0\],147.82
_06363_,147.3
_03370_,147.24
net100,146.93
_03005_,146.84
_04439_,146.8
_03346_,145.94
_04605_,144.94
_03210_,144.525
_01098_,144.52
rr_ex_reg.instr_out\[1\],144.47
_03605_,144.36
_06365_,144.12
_00001_,144.07
_03608_,143.98
_05543_,143.76
rr_ex_reg.pc_next_out\[6\],143.55
_03140_,143.45
_04116_,143.43
_05869_,143.18
_05273_,142.68
net88,142.66
_04476_,142.6
_02732_,142.39
_06341_,142.32
_06301_,141.915
_04158_,141.71
_03298_,141.49
rr_ex_reg.pc_next_out\[7\],141.18
clknet_leaf_32_clk,141.18
rr_ex_reg.pc_next_out\[8\],140.47
net87,139.83
_05671_,139.79
_05418_,139.63
clknet_leaf_128_clk,139.38
_03573_,139.34
_03761_,139.17
net106,137.81
_02368_,137.66
_04441_,137.6
_02866_,137.5
_06319_,137.33
_04642_,137.16
_04952_,137.07
clknet_leaf_35_clk,136.72
_06378_,136.57
_03279_,136.34
_04884_,136.26
_03969_,136.075
ex_mm_reg.ALU_Result_Out\[2\],135.72
_02763_,134.795
_03436_,134.79
_03728_,133.375
_03128_,132.94
_01778_,132.93
clknet_3_2_0_clk,132.4
_01783_,132.08
_03271_,131.945
_02812_,131.86
_04927_,131.85
_02860_,131.47
clknet_leaf_92_clk,131.46
_05684_,131.05
_05001_,130.54
clknet_leaf_19_clk,130.26
_03263_,129.67
_02203_,127.9
_03299_,127.86
_05696_,127.81
_03441_,127.8
_04080_,127.39
_03929_,127.3
_03121_,126.46
clknet_leaf_85_clk,126.36
_05575_,125.9
_03126_,125.5
_05481_,124.84
rr_ex_reg.pc_next_out\[11\],124.66
clknet_leaf_118_clk,124.6
_03965_,124.1
rr_ex_reg.pc_next_out\[9\],123.48
_02828_,123.02
_05074_,122.35
_03877_,122.34
clknet_leaf_69_clk,122
net113,121.57
_04107_,121.34
_04083_,120.71
_01649_,120.69
clknet_leaf_3_clk,120.64
_06018_,120.53
_04188_,120.47
rr_ex_reg.pc_next_out\[5\],120.36
_03164_,120.35
clknet_leaf_119_clk,120.12
_05077_,119.99
_04102_,119.89
clknet_leaf_149_clk,119.88
_03025_,119.78
_03794_,118.64
_05067_,118.62
clknet_leaf_44_clk,118.46
_03157_,117.77
clknet_3_6_0_clk,117.44
clknet_leaf_125_clk,117.4
_04114_,117.395
clknet_3_4_0_clk,117.11
_03820_,117.04
clknet_leaf_138_clk,116.94
clknet_3_3_0_clk,116.89
_02739_,116.72
clknet_leaf_113_clk,116.665
_06027_,115.66
_03522_,115.62
_03280_,115.58
_06088_,115.35
_04159_,115.33
_01097_,115.305
clknet_leaf_105_clk,115.24
_05436_,115.17
clknet_leaf_140_clk,115.16
clknet_leaf_9_clk,114.82
_06184_,114.72
_02504_,114.39
clknet_leaf_153_clk,114.21
_05079_,113.83
_03570_,113.54
_03903_,113.42
clknet_leaf_8_clk,113.2
_05087_,112.8
clknet_leaf_13_clk,112.78
clknet_leaf_29_clk,112.18
clknet_leaf_72_clk,112.18
_01703_,111.68
net93,111.57
_03286_,111.49
clknet_leaf_167_clk,111.24
clknet_leaf_97_clk,110.945
_03111_,110.74
clknet_leaf_0_clk,110.72
clknet_leaf_47_clk,110.64
clknet_leaf_31_clk,108.81
_03154_,108.61
clknet_leaf_6_clk,108.12
_03175_,107.9
_04311_,107.54
_03278_,107.455
_04268_,107.32
_05569_,107.255
_03925_,107.24
_05494_,106.66
_05328_,106.54
_02868_,106.52
_03875_,106.48
clknet_leaf_12_clk,106.41
_03293_,106.4
clknet_leaf_116_clk,106.34
clknet_leaf_172_clk,106.22
_03972_,106.04
_05556_,105.82
clknet_leaf_144_clk,105.72
clknet_leaf_20_clk,105.26
clknet_leaf_38_clk,105.08
_02834_,104.34
_05871_,104.075
rr_ex_reg.pc_next_out\[1\],104.01
clknet_3_0_0_clk,103.94
if_id_reg.Instr_Out\[2\],103.78
_04295_,103.77
rr_ex_reg.pc_next_out\[0\],103.74
clknet_leaf_102_clk,103.72
_02765_,103.605
_05874_,103.39
_05952_,103.08
clknet_leaf_14_clk,103.02
_03167_,102.96
_05731_,102.92
clknet_leaf_87_clk,102.79
_04938_,102.53
clknet_leaf_101_clk,102.44
net108,102.38
_03482_,102.22
_03478_,102.06
net26,101.94
clknet_leaf_74_clk,101.64
clknet_3_1_0_clk,101.46
_02867_,101.39
clknet_leaf_90_clk,101.36
clknet_3_5_0_clk,101.3
clknet_leaf_158_clk,101.04
rr_ex_reg.instr_out\[7\],100.545
rr_ex_reg.pc_next_out\[3\],100.12
rr_ex_reg.pc_next_out\[4\],100.12
_02757_,100.04
_04262_,100
_05458_,99.92
_04149_,99.66
clknet_leaf_49_clk,99.42
_02869_,99.3
rr_ex_reg.pc_next_out\[2\],99.04
_03156_,98.915
_04173_,98.87
clknet_leaf_93_clk,98.84
dmem.ram\[47\]\[3\],98.79
_06112_,98.765
clknet_leaf_73_clk,98.42
_03667_,98.21
_03765_,97.68
clknet_leaf_106_clk,97.62
rr_ex_reg.pc_next_out\[10\],97.46
_04097_,97.39
clknet_leaf_148_clk,97.36
_05030_,97.02
clknet_leaf_109_clk,96.88
_02761_,96.86
dmem.ram\[47\]\[5\],96.63
_04239_,96.54
clknet_leaf_129_clk,96.45
_02819_,96.38
clknet_leaf_155_clk,96.34
_04022_,96.25
clknet_leaf_21_clk,96.2
_05451_,96.04
clknet_leaf_95_clk,95.6
actl.reg_write_enable_in,95.49
_03372_,95.26
clknet_leaf_76_clk,95.08
_04964_,94.9
_05023_,94.68
clknet_leaf_59_clk,94.64
_03719_,94.3
_04954_,94.3
clknet_3_7_0_clk,94.22
_03387_,94.18
_01781_,94.16
_03822_,94.16
_05572_,94.06
_02488_,94.04
dmem.ram\[47\]\[8\],93.86
_02753_,93.615
id_rr_reg.instr_out\[12\],93.54
clknet_leaf_162_clk,92.98
clknet_leaf_103_clk,92.46
_03659_,92.38
_03542_,92.2
clknet_leaf_107_clk,91.44
net58,91.3
clknet_leaf_23_clk,91.235
net4,91.1
_03614_,90.99
clknet_leaf_156_clk,90.9
_05872_,90.84
_03152_,90.66
if_id_reg.Instr_Out\[3\],90.58
clknet_leaf_48_clk,90.46
clknet_leaf_164_clk,90.16
clknet_leaf_143_clk,90.14
clknet_leaf_11_clk,89.74
clknet_leaf_157_clk,89.64
_05717_,89.46
clknet_leaf_2_clk,89.42
_02745_,89.32
clknet_leaf_126_clk,89.32
clknet_leaf_91_clk,89.28
_02741_,89.18
clknet_leaf_160_clk,89.02
dmem.ram\[47\]\[7\],88.94
clknet_leaf_71_clk,88.9
_03664_,88.81
clknet_leaf_68_clk,88.38
clknet_leaf_163_clk,88.38
clknet_leaf_165_clk,88.16
net111,88.12
_05009_,87.9
_03568_,87.6
rr_ex_reg.instr_out\[12\],87.32
clknet_leaf_64_clk,87.32
_02436_,87.26
rr_ex_reg.instr_out\[13\],87.18
clknet_leaf_117_clk,87.01
clknet_leaf_145_clk,86.6
clknet_leaf_56_clk,86.34
_02733_,86.27
_02749_,86.21
_03270_,86.14
_03816_,86.14
_03516_,86.12
clknet_leaf_130_clk,86.1
clknet_leaf_132_clk,86.1
_05166_,86.04
clknet_leaf_141_clk,85.88
clknet_leaf_43_clk,85.87
clknet_leaf_16_clk,85.78
clknet_leaf_171_clk,85.7
clknet_leaf_147_clk,85.48
clknet_leaf_154_clk,85.46
_04098_,85.34
clknet_leaf_169_clk,85.21
clknet_leaf_60_clk,85.2
clknet_leaf_100_clk,85.02
clknet_leaf_62_clk,84.84
_04133_,84.8
clknet_leaf_108_clk,84.7
rr_ex_reg.instr_out\[8\],84.68
_05618_,84.66
_06133_,84.6
clknet_leaf_17_clk,84.52
dmem.ram\[47\]\[10\],84.28
clknet_leaf_25_clk,84.01
_04125_,83.76
rr_ex_reg.instr_out\[6\],83.64
id_rr_reg.instr_out\[14\],83.44
clknet_leaf_86_clk,83.2
clknet_leaf_114_clk,82.95
clknet_leaf_10_clk,82.85
clknet_leaf_161_clk,82.64
rr_ex_reg.instr_out\[15\],82.335
clknet_leaf_22_clk,82.28
if_id_reg.Instr_Out\[12\],82.22
dmem.ram\[47\]\[6\],82.18
_03815_,82.12
net90,82.04
id_rr_reg.instr_out\[7\],81.84
clknet_leaf_131_clk,81.66
clknet_leaf_151_clk,81.4
_02366_,81.36
_05624_,81.12
clknet_leaf_84_clk,80.9
_05600_,80.86
_04213_,80.79
_06019_,80.61
_02755_,80.56
clknet_leaf_30_clk,80.56
clknet_leaf_5_clk,80.42
if_id_reg.PC_Next_Out\[8\],80.17
clknet_leaf_27_clk,80.06
_02608_,79.82
clknet_leaf_134_clk,79.64
_04963_,79.5
net167,79.42
clknet_leaf_1_clk,79.16
_04994_,79.1
_02472_,78.605
_02262_,78.52
_01683_,78.48
clknet_leaf_28_clk,78.44
clknet_leaf_63_clk,78.32
_04326_,78
_02046_,77.94
clknet_leaf_127_clk,77.79
_04201_,77.64
clknet_leaf_67_clk,77.36
_04414_,77.34
id_rr_reg.instr_out\[6\],77.2
_02505_,77.12
_02555_,77.08
clknet_leaf_110_clk,76.68
_02751_,76.64
_02759_,76.54
if_id_reg.PC_Next_Out\[3\],76.54
dmem.ram\[47\]\[14\],76.28
_04117_,76.15
_02743_,75.72
_04347_,75.56
_02314_,75.46
mm_wb_reg.Rd_Data_Out_PR\[3\],75.16
dmem.ram\[47\]\[11\],75.06
_04034_,74.92
dmem.ram\[4\]\[14\],74.84
_05484_,74.82
clknet_leaf_37_clk,74.8
clknet_leaf_55_clk,74.72
_06031_,74.64
_02652_,74.54
id_rr_reg.instr_out\[13\],74.51
clknet_leaf_98_clk,74.36
clknet_leaf_4_clk,74.22
_02833_,74.1
if_id_reg.PC_Next_Out\[1\],74.1
if_id_reg.PC_Next_Out\[6\],73.9
_04172_,73.6
_02767_,73.56
net1414,73.46
rr_ex_reg.instr_out\[5\],73.38
clknet_leaf_121_clk,73.135
id_rr_reg.instr_out\[15\],73.015
clknet_leaf_122_clk,72.96
clknet_leaf_54_clk,72.92
clknet_leaf_66_clk,72.8
_03393_,72.76
clknet_leaf_70_clk,72.72
_04308_,72.62
dmem.ram\[7\]\[14\],72.62
net331,72.56
clknet_leaf_52_clk,72.24
net1492,72.19
dmem.ram\[47\]\[0\],72.12
_03392_,72.04
clknet_leaf_26_clk,72
clknet_leaf_94_clk,71.98
clknet_leaf_137_clk,71.96
_02166_,71.84
_04430_,71.8
_05176_,71.705
clknet_leaf_96_clk,71.26
_03576_,70.94
if_id_reg.Instr_Out\[13\],70.84
_03848_,70.78
clknet_leaf_111_clk,70.76
net102,70.74
_05674_,70.52
clknet_leaf_83_clk,70.32
_02123_,70.14
net662,70.13
_03618_,70.1
_05454_,70.06
_06147_,70
dmem.ram\[0\]\[6\],69.94
clknet_leaf_46_clk,69.88
dmem.ram\[27\]\[3\],69.48
_02470_,69.28
clknet_leaf_142_clk,69.18
_04026_,69.14
_04440_,69.14
clknet_leaf_61_clk,69.1
clknet_leaf_115_clk,69
_06136_,68.95
_04091_,68.88
_01946_,68.78
_02101_,68.5
_02418_,68.38
if_id_reg.Instr_Out\[7\],68.34
_05568_,68
_05997_,67.95
clknet_leaf_41_clk,67.9
clknet_leaf_173_clk,67.66
if_id_reg.Instr_Out\[14\],67.42
_04078_,67.4
net117,67.4
clknet_leaf_170_clk,67.38
clknet_leaf_123_clk,67.36
rr_ex_reg.instr_out\[14\],67.26
_04392_,67.07
_02747_,67.035
_04180_,66.98
_04101_,66.82
_03805_,66.77
_05189_,66.68
clknet_leaf_146_clk,66.64
clknet_leaf_45_clk,66.58
_05192_,66.5
_03823_,66.49
clknet_leaf_51_clk,66.48
dmem.ram\[4\]\[13\],66.44
_06113_,66.34
dmem.ram\[47\]\[1\],66.34
clknet_leaf_139_clk,66.3
_02678_,66.14
_04939_,66.08
clknet_leaf_120_clk,66.08
clknet_leaf_24_clk,66.04
net473,65.93
_02822_,65.9
_02201_,65.78
dmem.ram\[47\]\[4\],64.76
net42,64.72
_05539_,64.56
_05612_,64.54
if_id_reg.PC_Next_Out\[2\],64.48
_05179_,64.28
_05515_,64.16
_06123_,63.6
dmem.ram\[60\]\[6\],63.165
clknet_leaf_58_clk,63.1
net57,62.98
_05450_,62.86
_02062_,62.82
_03292_,62.74
clknet_leaf_81_clk,62.68
clknet_leaf_168_clk,62.6
net211,62.58
_02815_,62.24
_05509_,62.24
_04156_,62.12
dmem.ram\[47\]\[15\],62.02
dmem.ram\[46\]\[12\],61.96
_03435_,61.92
if_id_reg.Instr_Out\[1\],61.84
rr_ex_reg.RF_D1_Out\[12\],61.81
clknet_leaf_133_clk,61.76
_05866_,61.72
net207,61.56
_03337_,61.46
clknet_leaf_78_clk,61.46
_04204_,61.43
clknet_leaf_159_clk,61.42
dmem.ram\[51\]\[1\],61.3
_03369_,61.24
_06119_,61.16
dmem.ram\[60\]\[4\],61.065
dmem.ram\[19\]\[15\],61.05
_03611_,60.98
_06093_,60.91
dmem.ram\[62\]\[6\],60.75
clknet_leaf_89_clk,60.66
_05503_,60.54
_05533_,60.54
_05045_,60.5
clknet_leaf_176_clk,60.495
net603,60.48
net938,60.42
if_id_reg.Instr_Out\[15\],60.4
clknet_leaf_112_clk,60.18
_05905_,60.06
net435,59.94
clknet_leaf_15_clk,59.82
dmem.ram\[11\]\[6\],59.78
net209,59.76
clknet_leaf_57_clk,59.715
_05008_,59.66
net213,59.6
_03198_,59.33
if_id_reg.PC_Next_Out\[9\],59.29
_02730_,59.2
mm_wb_reg.Rd_Data_Out_PR\[2\],59.14
dmem.ram\[41\]\[0\],58.94
dmem.ram\[1\]\[6\],58.9
_03305_,58.84
_02813_,58.82
_05527_,58.78
_05897_,58.78
_01862_,58.59
_04012_,58.46
_03927_,58.42
net426,58.36
_06121_,58.04
rr_ex_reg.RF_D1_Out\[11\],57.96
clknet_leaf_136_clk,57.8
dmem.ram\[25\]\[3\],57.4
clknet_leaf_99_clk,57.32
_01136_,57.165
_02383_,57.06
_05630_,57
_03673_,56.98
clknet_leaf_152_clk,56.94
_03261_,56.84
_02002_,56.6
_05648_,56.58
dmem.ram\[17\]\[6\],56.54
_02400_,56.48
_06109_,56.34
_02556_,56.3
_04379_,56.26
_04075_,56.24
_06114_,56.24
_02220_,56.18
net192,56.12
_02566_,55.96
_03749_,55.86
id_rr_reg.instr_out\[4\],55.82
_02618_,55.68
dmem.ram\[46\]\[13\],55.64
_02816_,55.445
_04271_,55.44
dmem.ram\[51\]\[11\],55.34
dmem.ram\[54\]\[14\],55.34
clknet_leaf_53_clk,55.18
clknet_leaf_65_clk,55.04
dmem.ram\[47\]\[2\],54.96
_04106_,54.74
dmem.ram\[14\]\[5\],54.565
if_id_reg.PC_Next_Out\[10\],54.47
net336,54.4
_05497_,54.28
net97,53.6
clknet_leaf_77_clk,53.52
if_id_reg.PC_Next_Out\[11\],53.48
id_rr_reg.instr_out\[5\],53.42
_03859_,53.38
_03774_,53.22
_06106_,53.16
_05431_,52.88
_04986_,52.74
dmem.ram\[47\]\[9\],52.73
_06103_,52.67
_05195_,52.64
_03504_,52.63
clknet_leaf_33_clk,52.54
dmem.ram\[8\]\[6\],52.51
rr_ex_reg.RF_D1_Out\[13\],52.44
_02823_,52.42
_04934_,52.4
_02574_,52.26
_04023_,52.25
dmem.ram\[29\]\[12\],52.23
net64,51.96
dmem.ram\[4\]\[5\],51.715
_02264_,51.54
ex_mm_reg.Rd_Data_Out_PR\[8\],51.46
id_rr_reg.instr_out\[8\],51.46
_05521_,51.24
_04926_,51.135
clknet_leaf_104_clk,50.88
_06130_,50.875
_03792_,50.72
_05642_,50.7
clknet_leaf_34_clk,50.7
clknet_leaf_150_clk,50.68
ex_mm_reg.RF_D2_Out\[4\],50.62
_04099_,50.31
net45,50.24
dmem.ram\[14\]\[4\],50.185
_05017_,50.18
clknet_leaf_82_clk,50.08
dmem.ram\[56\]\[12\],50.05
_01964_,49.78
_02626_,49.7
_02081_,49.56
_06125_,49.5
dmem.ram\[62\]\[4\],49.415
_03383_,49.4
_03439_,49.35
_03454_,49.18
net129,49.18
_03161_,49.14
rr_ex_reg.RF_A2_Out\[0\],49.14
_05718_,49.08
dmem.ram\[9\]\[13\],49.06
dmem.ram\[42\]\[12\],49.04
_06129_,49
if_id_reg.Instr_Out\[5\],48.855
_06028_,48.8
_03297_,48.68
dmem.ram\[11\]\[5\],48.51
rr_ex_reg.RF_A2_Out\[1\],48.375
dmem.ram\[26\]\[11\],48.31
rr_ex_reg.RF_D1_Out\[14\],48.1
clknet_leaf_88_clk,48.04
dmem.ram\[42\]\[13\],47.96
dmem.ram\[34\]\[15\],47.9
dmem.ram\[47\]\[13\],47.9
dmem.ram\[8\]\[5\],47.82
_05055_,47.76
_03818_,47.68
dmem.ram\[46\]\[14\],47.66
_02814_,47.48
id_rr_reg.instr_out\[3\],47.46
dmem.ram\[36\]\[3\],47.36
_02592_,47.34
dmem.ram\[44\]\[6\],47.325
clknet_leaf_18_clk,47.28
net468,47.18
_02658_,47.14
net180,47.12
dmem.ram\[58\]\[4\],47.1
dmem.ram\[8\]\[4\],47.08
dmem.ram\[20\]\[15\],47.02
_02568_,46.88
_02620_,46.82
_05885_,46.79
rr_ex_reg.RF_D2_Out\[4\],46.76
dmem.ram\[11\]\[4\],46.72
dmem.ram\[29\]\[14\],46.68
_04108_,46.62
dmem.ram\[3\]\[8\],46.54
_02695_,46.44
dmem.ram\[61\]\[13\],46.425
_03967_,46.4
rr_ex_reg.cntrl_out\[5\],46.36
_03491_,46.32
clknet_leaf_135_clk,46.28
net561,46.28
clknet_leaf_42_clk,46.18
dmem.ram\[10\]\[12\],46.13
ex_mm_reg.RF_D2_Out\[5\],46.1
_06025_,46.02
if_id_reg.Instr_Out\[0\],45.86
net679,45.86
_06128_,45.72
_02522_,45.64
_02148_,45.58
_04935_,45.52
clknet_leaf_50_clk,45.48
_02028_,45.38
_04132_,45.32
_03658_,45.26
ex_mm_reg.Rd_Addr_Out_PR\[1\],45.24
_03182_,45.2
_01128_,45.125
_03113_,45.08
_01137_,44.965
_05654_,44.96
ex_mm_reg.ALU_Result_Out\[1\],44.945
dmem.ram\[58\]\[12\],44.9
dmem.ram\[8\]\[3\],44.86
dmem.ram\[35\]\[6\],44.76
_03869_,44.7
rr_ex_reg.RF_D1_Out\[15\],44.7
net459,44.6
_03324_,44.58
regfile.registerFile\[4\]\[14\],44.5
net119,44.42
_03896_,44.38
ex_mm_reg.Rd_Addr_Out_PR\[0\],44.18
_03579_,44.14
net477,44.14
_01911_,44.12
clknet_leaf_80_clk,44.1
dmem.ram\[18\]\[12\],44.015
dmem.ram\[46\]\[15\],43.98
_03330_,43.86
regfile.registerFile\[7\]\[12\],43.82
net338,43.78
_03587_,43.66
if_id_reg.Instr_Out\[6\],43.6
_05580_,43.56
dmem.ram\[60\]\[15\],43.46
net173,43.44
dmem.ram\[11\]\[8\],43.34
ex_mm_reg.RF_D2_Out\[6\],43.3
_02771_,43.28
_02821_,43.22
_04951_,43.12
dmem.ram\[31\]\[13\],43.06
_05052_,43.04
_03488_,42.94
id_rr_reg.instr_out\[9\],42.89
_03828_,42.88
_05180_,42.8
dmem.ram\[2\]\[8\],42.765
_05636_,42.74
_03592_,42.62
clknet_leaf_7_clk,42.61
dmem.ram\[16\]\[12\],42.54
_03581_,42.52
_02331_,42.48
_04059_,42.36
dmem.ram\[7\]\[11\],42.36
_05899_,42.31
_03368_,42.26
_05675_,42.14
dmem.ram\[4\]\[12\],42.06
dmem.ram\[41\]\[12\],42.02
dmem.ram\[34\]\[7\],42.01
_02221_,42
_02648_,41.92
net95,41.92
net187,41.92
_02186_,41.9
_04378_,41.84
_03123_,41.76
_05880_,41.7
_05606_,41.66
net203,41.66
net121,41.62
_03707_,41.6
rr_ex_reg.RF_D1_Out\[5\],41.59
_05933_,41.52
dmem.ram\[49\]\[5\],41.52
dmem.ram\[35\]\[9\],41.5
_05546_,41.44
dmem.ram\[36\]\[15\],41.44
_03730_,41.42
regfile.registerFile\[1\]\[0\],41.42
_04029_,41.36
dmem.ram\[10\]\[13\],41.285
dmem.ram\[54\]\[11\],41.22
_03499_,41.2
if_id_reg.Instr_Out\[4\],41.2
_03950_,41.08
dmem.ram\[24\]\[14\],41.08
_02672_,41.06
dmem.ram\[7\]\[13\],41.04
dmem.ram\[4\]\[9\],41.025
rr_ex_reg.pc_next_out\[12\],40.94
regfile.registerFile\[6\]\[4\],40.88
dmem.ram\[59\]\[12\],40.82
_05462_,40.78
dmem.ram\[29\]\[13\],40.72
dmem.ram\[38\]\[14\],40.695
dmem.ram\[51\]\[5\],40.44
_03116_,40.38
_03960_,40.38
_04475_,40.33
dmem.ram\[16\]\[11\],40.28
regfile.registerFile\[4\]\[0\],40.24
_05169_,40.2
_03717_,40.16
dmem.ram\[20\]\[12\],40.16
_03908_,40.1
dmem.ram\[9\]\[12\],40.1
dmem.ram\[60\]\[8\],40.08
_04623_,39.94
if_id_reg.PC_Next_Out\[14\],39.7
_05181_,39.66
dmem.ram\[57\]\[6\],39.64
_05980_,39.56
dmem.ram\[9\]\[6\],39.56
_03870_,39.54
ex_mm_reg.Rd_Data_Out_PR\[4\],39.32
_04979_,39.26
dmem.ram\[49\]\[6\],39.22
_04922_,39.17
_03633_,39.16
dmem.ram\[40\]\[2\],39.16
dmem.ram\[52\]\[12\],39.14
rr_ex_reg.RF_D2_Out\[2\],39.08
_01944_,38.94
dmem.ram\[27\]\[12\],38.92
dmem.ram\[4\]\[11\],38.86
dmem.ram\[27\]\[5\],38.82
net216,38.68
regfile.registerFile\[1\]\[7\],38.64
_05945_,38.62
dmem.ram\[48\]\[6\],38.6
_01138_,38.565
dmem.ram\[19\]\[9\],38.55
_02643_,38.54
net145,38.44
_02628_,38.16
dmem.ram\[27\]\[8\],38.11
dmem.ram\[3\]\[9\],38.04
dmem.ram\[57\]\[4\],38
rr_ex_reg.RF_A1_Out\[0\],37.94
rr_ex_reg.cntrl_out\[2\],37.88
rr_ex_reg.RF_D2_Out\[7\],37.86
dmem.ram\[31\]\[12\],37.85
dmem.ram\[34\]\[14\],37.82
dmem.ram\[11\]\[13\],37.8
_04529_,37.76
_02710_,37.74
dmem.ram\[52\]\[10\],37.7
_02565_,37.64
_03528_,37.64
dmem.ram\[38\]\[4\],37.63
_03766_,37.62
dmem.ram\[26\]\[6\],37.605
dmem.ram\[45\]\[9\],37.58
_05868_,37.5
_04115_,37.44
dmem.ram\[52\]\[13\],37.44
dmem.ram\[8\]\[12\],37.44
dmem.ram\[51\]\[4\],37.42
dmem.ram\[61\]\[10\],37.38
dmem.ram\[18\]\[2\],37.375
_04287_,37.32
_05552_,37.3
regfile.registerFile\[1\]\[6\],37.26
dmem.ram\[27\]\[13\],37.22
_03953_,37.2
_04002_,37.14
_02820_,37.1
_03872_,37.04
_04924_,37.04
dmem.ram\[36\]\[4\],36.94
dmem.ram\[49\]\[4\],36.9
dmem.ram\[24\]\[15\],36.86
regfile.registerFile\[2\]\[4\],36.85
dmem.ram\[34\]\[11\],36.8
dmem.ram\[25\]\[4\],36.79
dmem.ram\[3\]\[12\],36.76
net502,36.7
_01787_,36.62
_05861_,36.58
rr_ex_reg.RF_D2_Out\[12\],36.575
regfile.registerFile\[6\]\[12\],36.505
id_rr_reg.instr_out\[11\],36.46
dmem.ram\[35\]\[4\],36.4
dmem.ram\[27\]\[7\],36.38
dmem.ram\[61\]\[7\],36.36
_04041_,36.34
dmem.ram\[32\]\[4\],36.33
dmem.ram\[3\]\[13\],36.32
dmem.ram\[44\]\[5\],36.265
dmem.ram\[37\]\[7\],36.22
net439,36.22
dmem.ram\[19\]\[6\],36.16
_02659_,36.12
dmem.ram\[20\]\[1\],36.12
dmem.ram\[56\]\[11\],36.12
dmem.ram\[38\]\[5\],36.09
_04353_,36.08
_02487_,36.04
_02237_,36.02
_03146_,36.02
_02539_,36
_02617_,36
dmem.ram\[57\]\[3\],35.89
dmem.ram\[6\]\[5\],35.89
dmem.ram\[61\]\[11\],35.88
_03787_,35.86
dmem.ram\[20\]\[10\],35.8
regfile.registerFile\[7\]\[7\],35.78
_03366_,35.76
_05664_,35.72
dmem.ram\[7\]\[12\],35.7
dmem.ram\[57\]\[11\],35.64
net185,35.64
dmem.ram\[61\]\[5\],35.605
dmem.ram\[36\]\[6\],35.585
_02670_,35.58
_03885_,35.56
_05495_,35.54
_01824_,35.46
dmem.ram\[54\]\[12\],35.46
dmem.ram\[22\]\[5\],35.37
dmem.ram\[28\]\[7\],35.325
_04013_,35.32
_03336_,35.3
dmem.ram\[39\]\[2\],35.3
_01929_,35.26
regfile.registerFile\[4\]\[13\],35.26
regfile.registerFile\[1\]\[1\],35.16
_03914_,35.08
_06110_,35.07
dmem.ram\[18\]\[3\],35.045
dmem.ram\[35\]\[13\],35.04
_05955_,34.86
_03981_,34.84
_05042_,34.84
dmem.ram\[38\]\[6\],34.79
_05652_,34.76
net50,34.72
_05991_,34.71
regfile.registerFile\[2\]\[6\],34.695
regfile.registerFile\[2\]\[0\],34.65
_01099_,34.64
dmem.ram\[18\]\[6\],34.605
_05531_,34.6
ex_mm_reg.Rd_Addr_Out_PR\[2\],34.56
_01772_,34.54
_03733_,34.54
ex_mm_reg.Rd_Data_Out_PR\[5\],34.54
dmem.ram\[61\]\[2\],34.505
dmem.ram\[24\]\[10\],34.46
dmem.ram\[56\]\[3\],34.4
_03434_,34.32
_05029_,34.28
dmem.ram\[12\]\[14\],34.26
_05347_,34.24
_03902_,34.22
dmem.ram\[12\]\[13\],34.2
dmem.ram\[34\]\[10\],34.18
_05892_,34.16
dmem.ram\[10\]\[4\],34.15
dmem.ram\[53\]\[5\],34.145
_03418_,34.14
dmem.ram\[1\]\[4\],34.14
regfile.registerFile\[3\]\[4\],34.14
dmem.ram\[0\]\[15\],34.04
_03120_,33.92
dmem.ram\[26\]\[4\],33.905
dmem.ram\[26\]\[5\],33.87
_05911_,33.82
_03554_,33.8
dmem.ram\[16\]\[8\],33.8
dmem.ram\[23\]\[13\],33.8
regfile.registerFile\[2\]\[3\],33.79
dmem.ram\[61\]\[12\],33.76
_01764_,33.72
_03295_,33.72
dmem.ram\[34\]\[3\],33.7
regfile.registerFile\[1\]\[13\],33.7
_02367_,33.68
dmem.ram\[12\]\[11\],33.68
_02891_,33.64
regfile.registerFile\[5\]\[0\],33.64
_06116_,33.62
_01139_,33.605
dmem.ram\[12\]\[12\],33.6
_01767_,33.54
_05178_,33.54
_02734_,33.48
_05463_,33.48
dmem.ram\[9\]\[4\],33.48
rr_ex_reg.RF_D1_Out\[10\],33.48
_02021_,33.46
clknet_leaf_166_clk,33.42
dmem.ram\[40\]\[13\],33.41
clknet_leaf_175_clk,33.38
dmem.ram\[34\]\[2\],33.36
regfile.registerFile\[4\]\[3\],33.36
dmem.ram\[61\]\[3\],33.325
clknet_leaf_124_clk,33.3
_03163_,33.26
dmem.ram\[42\]\[2\],33.26
dmem.ram\[51\]\[9\],33.26
dmem.ram\[12\]\[5\],33.245
_02188_,33.22
dmem.ram\[26\]\[15\],33.205
regfile.registerFile\[0\]\[4\],33.2
dmem.ram\[28\]\[3\],33.03
dmem.ram\[52\]\[11\],33.01
dmem.ram\[63\]\[9\],33
_02111_,32.94
dmem.ram\[28\]\[5\],32.915
dmem.ram\[21\]\[6\],32.88
_03779_,32.84
_02925_,32.8
_05544_,32.8
dmem.ram\[33\]\[2\],32.78
dmem.ram\[58\]\[2\],32.78
dmem.ram\[18\]\[15\],32.765
dmem.ram\[38\]\[15\],32.765
regfile.registerFile\[0\]\[2\],32.76
dmem.ram\[48\]\[4\],32.74
dmem.ram\[5\]\[15\],32.64
regfile.registerFile\[0\]\[1\],32.6
dmem.ram\[5\]\[3\],32.585
dmem.ram\[25\]\[12\],32.58
dmem.ram\[51\]\[3\],32.58
_03150_,32.55
_05640_,32.54
regfile.registerFile\[0\]\[7\],32.54
dmem.ram\[18\]\[13\],32.505
dmem.ram\[53\]\[14\],32.5
dmem.ram\[37\]\[8\],32.48
regfile.registerFile\[1\]\[14\],32.48
_02724_,32.46
_05579_,32.46
dmem.ram\[20\]\[5\],32.46
_02142_,32.4
_05622_,32.36
dmem.ram\[35\]\[14\],32.34
rr_ex_reg.RF_D1_Out\[6\],32.28
dmem.ram\[36\]\[14\],32.26
dmem.ram\[24\]\[6\],32.24
dmem.ram\[14\]\[12\],32.225
_03937_,32.22
dmem.ram\[24\]\[2\],32.22
dmem.ram\[59\]\[11\],32.2
dmem.ram\[14\]\[1\],32.195
_02523_,32.14
_03621_,32.08
dmem.ram\[24\]\[12\],32.05
dmem.ram\[19\]\[8\],32.04
ex_mm_reg.RF_D2_Out\[11\],32.04
_05490_,32
dmem.ram\[60\]\[9\],32
net282,31.94
dmem.ram\[31\]\[9\],31.92
dmem.ram\[26\]\[14\],31.865
_03799_,31.86
dmem.ram\[61\]\[8\],31.85
dmem.ram\[53\]\[0\],31.84
dmem.ram\[18\]\[14\],31.805
_03475_,31.8
rr_ex_reg.RF_D2_Out\[8\],31.8
dmem.ram\[24\]\[3\],31.78
dmem.ram\[39\]\[12\],31.78
_05182_,31.76
dmem.ram\[18\]\[7\],31.75
_02010_,31.72
_02440_,31.72
dmem.ram\[50\]\[9\],31.71
dmem.ram\[40\]\[11\],31.695
dmem.ram\[22\]\[12\],31.65
dmem.ram\[2\]\[12\],31.645
dmem.ram\[54\]\[2\],31.62
dmem.ram\[2\]\[6\],31.605
dmem.ram\[2\]\[7\],31.585
dmem.ram\[20\]\[4\],31.56
dmem.ram\[55\]\[5\],31.53
dmem.ram\[47\]\[12\],31.51
dmem.ram\[36\]\[5\],31.505
_03240_,31.48
dmem.ram\[26\]\[7\],31.465
_03644_,31.46
_03172_,31.44
_05519_,31.42
_05646_,31.4
regfile.registerFile\[4\]\[9\],31.4
_05628_,31.38
dmem.ram\[51\]\[8\],31.38
_04240_,31.365
regfile.registerFile\[4\]\[8\],31.36
dmem.ram\[14\]\[6\],31.32
dmem.ram\[59\]\[9\],31.32
dmem.ram\[22\]\[6\],31.31
dmem.ram\[2\]\[4\],31.31
dmem.ram\[15\]\[15\],31.3
dmem.ram\[6\]\[12\],31.265
dmem.ram\[17\]\[3\],31.26
dmem.ram\[13\]\[5\],31.245
dmem.ram\[0\]\[5\],31.24
regfile.registerFile\[5\]\[1\],31.24
dmem.ram\[16\]\[4\],31.22
dmem.ram\[21\]\[15\],31.22
dmem.ram\[51\]\[7\],31.22
regfile.registerFile\[7\]\[14\],31.18
regfile.registerFile\[6\]\[3\],31.175
_02818_,31.17
dmem.ram\[22\]\[14\],31.165
_03138_,31.16
dmem.ram\[32\]\[10\],31.12
_01751_,31.08
_04809_,31.08
_06554_,31.08
dmem.ram\[10\]\[6\],31.065
dmem.ram\[44\]\[9\],31.04
_04252_,31.02
dmem.ram\[16\]\[0\],31.02
dmem.ram\[38\]\[3\],31
dmem.ram\[56\]\[4\],30.98
_03457_,30.94
dmem.ram\[63\]\[6\],30.94
regfile.registerFile\[3\]\[3\],30.94
_01958_,30.92
dmem.ram\[15\]\[4\],30.9
dmem.ram\[16\]\[10\],30.9
dmem.ram\[11\]\[10\],30.88
dmem.ram\[56\]\[2\],30.88
_05913_,30.875
dmem.ram\[24\]\[11\],30.78
dmem.ram\[31\]\[2\],30.78
rr_ex_reg.RF_D1_Out\[4\],30.78
dmem.ram\[34\]\[8\],30.76
net103,30.76
_04933_,30.74
_05007_,30.74
_05939_,30.74
dmem.ram\[44\]\[4\],30.74
_04434_,30.72
dmem.ram\[10\]\[8\],30.705
dmem.ram\[30\]\[4\],30.705
regfile.registerFile\[6\]\[10\],30.705
dmem.ram\[1\]\[5\],30.7
dmem.ram\[33\]\[13\],30.7
dmem.ram\[11\]\[3\],30.69
dmem.ram\[42\]\[0\],30.68
_02524_,30.64
dmem.ram\[40\]\[9\],30.62
_02960_,30.58
_06002_,30.56
dmem.ram\[27\]\[9\],30.55
dmem.ram\[2\]\[13\],30.55
dmem.ram\[0\]\[4\],30.52
dmem.ram\[37\]\[2\],30.505
_03479_,30.46
dmem.ram\[24\]\[1\],30.46
_04052_,30.44
_03989_,30.42
_05903_,30.4
_04025_,30.38
regfile.registerFile\[6\]\[13\],30.37
dmem.ram\[22\]\[15\],30.365
_02128_,30.32
dmem.ram\[54\]\[10\],30.32
dmem.ram\[40\]\[15\],30.3
_03682_,30.26
_05908_,30.26
dmem.ram\[35\]\[12\],30.26
rr_ex_reg.RF_A1_Out\[1\],30.24
dmem.ram\[36\]\[10\],30.22
dmem.ram\[41\]\[9\],30.22
dmem.ram\[37\]\[5\],30.205
dmem.ram\[8\]\[13\],30.2
_02171_,30.14
_03999_,30.14
_01760_,30.12
_06023_,30.12
_03846_,30.04
_01945_,30.02
dmem.ram\[16\]\[14\],30
dmem.ram\[55\]\[6\],30
regfile.registerFile\[2\]\[13\],29.99
if_id_reg.PC_Next_Out\[0\],29.98
regfile.registerFile\[1\]\[10\],29.96
_03722_,29.9
_05488_,29.88
regfile.registerFile\[5\]\[10\],29.82
_05910_,29.8
dmem.ram\[51\]\[6\],29.76
dmem.ram\[53\]\[4\],29.74
regfile.registerFile\[6\]\[1\],29.705
_05066_,29.7
dmem.ram\[20\]\[7\],29.7
dmem.ram\[9\]\[9\],29.7
dmem.ram\[20\]\[8\],29.665
_03465_,29.66
_03606_,29.66
dmem.ram\[35\]\[1\],29.66
clknet_leaf_36_clk,29.66
dmem.ram\[3\]\[4\],29.58
_02197_,29.54
_02253_,29.54
_02376_,29.54
dmem.ram\[8\]\[9\],29.54
dmem.ram\[0\]\[3\],29.53
dmem.ram\[62\]\[15\],29.525
dmem.ram\[48\]\[3\],29.52
dmem.ram\[18\]\[9\],29.505
_01985_,29.5
_03257_,29.48
_03371_,29.48
dmem.ram\[49\]\[11\],29.46
dmem.ram\[60\]\[14\],29.46
dmem.ram\[13\]\[9\],29.43
dmem.ram\[57\]\[10\],29.42
_03588_,29.38
dmem.ram\[41\]\[13\],29.38
dmem.ram\[32\]\[6\],29.34
_03139_,29.32
dmem.ram\[50\]\[2\],29.32
dmem.ram\[3\]\[10\],29.3
_02572_,29.28
_03602_,29.26
_04390_,29.26
_03540_,29.24
_05000_,29.24
dmem.ram\[27\]\[11\],29.24
dmem.ram\[29\]\[10\],29.24
dmem.ram\[39\]\[13\],29.22
_03194_,29.2
dmem.ram\[20\]\[3\],29.2
_05902_,29.16
dmem.ram\[51\]\[0\],29.14
_05547_,29.12
dmem.ram\[43\]\[10\],29.08
dmem.ram\[26\]\[3\],29.065
dmem.ram\[22\]\[7\],29.005
dmem.ram\[35\]\[5\],29
dmem.ram\[56\]\[5\],29
dmem.ram\[41\]\[6\],28.96
dmem.ram\[36\]\[1\],28.95
dmem.ram\[25\]\[10\],28.94
if_id_reg.PC_Next_Out\[5\],28.94
dmem.ram\[59\]\[13\],28.91
_05728_,28.9
_05660_,28.86
dmem.ram\[25\]\[5\],28.84
dmem.ram\[2\]\[5\],28.83
_05525_,28.82
dmem.ram\[22\]\[10\],28.82
dmem.ram\[34\]\[9\],28.82
dmem.ram\[1\]\[8\],28.81
dmem.ram\[14\]\[11\],28.79
dmem.ram\[18\]\[8\],28.725
_06152_,28.72
_05658_,28.68
dmem.ram\[13\]\[12\],28.66
dmem.ram\[27\]\[6\],28.66
dmem.ram\[4\]\[2\],28.66
dmem.ram\[8\]\[10\],28.58
_03331_,28.56
dmem.ram\[40\]\[12\],28.54
dmem.ram\[7\]\[6\],28.54
dmem.ram\[9\]\[0\],28.52
_02503_,28.5
dmem.ram\[58\]\[6\],28.48
dmem.ram\[40\]\[6\],28.44
dmem.ram\[18\]\[10\],28.405
dmem.ram\[48\]\[14\],28.38
_04157_,28.36
_05537_,28.36
dmem.ram\[12\]\[4\],28.35
_05501_,28.34
dmem.ram\[24\]\[8\],28.34
_03264_,28.32
_04925_,28.3
dmem.ram\[3\]\[7\],28.3
dmem.ram\[4\]\[10\],28.205
dmem.ram\[5\]\[5\],28.19
dmem.ram\[15\]\[12\],28.18
dmem.ram\[32\]\[7\],28.18
dmem.ram\[61\]\[9\],28.18
_06032_,28.16
regfile.registerFile\[0\]\[10\],28.14
net59,28.14
net1540,28.14
dmem.ram\[23\]\[11\],28.12
dmem.ram\[3\]\[14\],28.12
regfile.registerFile\[0\]\[9\],28.07
dmem.ram\[4\]\[3\],28.065
dmem.ram\[61\]\[1\],28.04
dmem.ram\[14\]\[15\],28.025
_05022_,28.02
dmem.ram\[60\]\[10\],27.995
rr_ex_reg.RF_D2_Out\[0\],27.95
dmem.ram\[22\]\[9\],27.905
_03220_,27.9
_05683_,27.9
dmem.ram\[35\]\[2\],27.9
dmem.ram\[53\]\[7\],27.865
dmem.ram\[25\]\[14\],27.86
dmem.ram\[63\]\[2\],27.84
_03819_,27.82
dmem.ram\[7\]\[9\],27.82
_03760_,27.8
dmem.ram\[17\]\[4\],27.8
dmem.ram\[41\]\[4\],27.8
regfile.registerFile\[5\]\[6\],27.8
_04142_,27.79
_02391_,27.78
_05877_,27.78
_04000_,27.74
dmem.ram\[10\]\[5\],27.74
dmem.ram\[28\]\[2\],27.72
_05507_,27.7
_02719_,27.66
dmem.ram\[51\]\[2\],27.66
dmem.ram\[20\]\[14\],27.64
dmem.ram\[48\]\[5\],27.64
_01717_,27.62
_02435_,27.6
imem.rom\[4\]\[11\],27.56
dmem.ram\[62\]\[14\],27.51
imem.rom\[6\]\[5\],27.505
dmem.ram\[38\]\[11\],27.5
dmem.ram\[8\]\[15\],27.5
dmem.ram\[38\]\[10\],27.49
dmem.ram\[63\]\[11\],27.48
regfile.registerFile\[4\]\[1\],27.48
_02388_,27.46
dmem.ram\[11\]\[7\],27.46
dmem.ram\[38\]\[13\],27.445
_04028_,27.44
dmem.ram\[63\]\[13\],27.43
_05995_,27.4
_03130_,27.36
dmem.ram\[63\]\[8\],27.36
_05475_,27.34
dmem.ram\[25\]\[9\],27.34
dmem.ram\[35\]\[11\],27.34
regfile.registerFile\[4\]\[15\],27.34
dmem.ram\[16\]\[2\],27.32
dmem.ram\[19\]\[3\],27.3
dmem.ram\[30\]\[14\],27.285
dmem.ram\[36\]\[7\],27.245
_02279_,27.24
dmem.ram\[20\]\[11\],27.24
dmem.ram\[63\]\[7\],27.2
regfile.registerFile\[3\]\[15\],27.2
dmem.ram\[24\]\[7\],27.16
_03945_,27.14
_05863_,27.14
dmem.ram\[44\]\[11\],27.14
rr_ex_reg.pc_next_out\[13\],27.12
dmem.ram\[17\]\[11\],27.115
_03162_,27.11
dmem.ram\[29\]\[4\],27.105
dmem.ram\[63\]\[12\],27.1
regfile.registerFile\[7\]\[15\],27.09
dmem.ram\[2\]\[9\],27.085
dmem.ram\[56\]\[0\],27.08
_04329_,27.06
dmem.ram\[24\]\[4\],27.06
rr_ex_reg.RF_D1_Out\[0\],27.05
dmem.ram\[34\]\[4\],27.04
dmem.ram\[56\]\[14\],27.04
_03629_,27.02
_04286_,27.02
_05725_,26.98
dmem.ram\[27\]\[4\],26.98
dmem.ram\[32\]\[14\],26.98
dmem.ram\[16\]\[7\],26.96
dmem.ram\[58\]\[8\],26.945
dmem.ram\[59\]\[2\],26.92
dmem.ram\[59\]\[5\],26.92
regfile.registerFile\[4\]\[4\],26.92
dmem.ram\[16\]\[15\],26.9
id_rr_reg.instr_out\[10\],26.88
imem.rom\[14\]\[1\],26.87
dmem.ram\[25\]\[0\],26.86
_03449_,26.82
_06161_,26.82
dmem.ram\[17\]\[5\],26.8
_02284_,26.78
dmem.ram\[25\]\[8\],26.76
dmem.ram\[8\]\[14\],26.76
dmem.ram\[58\]\[3\],26.74
regfile.registerFile\[4\]\[10\],26.72
_04183_,26.7
dmem.ram\[12\]\[15\],26.7
dmem.ram\[22\]\[2\],26.695
dmem.ram\[18\]\[5\],26.605
dmem.ram\[0\]\[2\],26.6
net101,26.58
dmem.ram\[44\]\[2\],26.57
dmem.ram\[28\]\[11\],26.56
dmem.ram\[52\]\[14\],26.56
_05956_,26.54
_06151_,26.54
dmem.ram\[37\]\[6\],26.525
_03860_,26.52
dmem.ram\[36\]\[11\],26.52
id_rr_reg.pc_next_out\[14\],26.52
net368,26.52
regfile.registerFile\[6\]\[15\],26.515
dmem.ram\[32\]\[13\],26.5
dmem.ram\[55\]\[7\],26.5
imem.rom\[8\]\[15\],26.48
dmem.ram\[9\]\[15\],26.46
dmem.ram\[59\]\[15\],26.4
dmem.ram\[60\]\[7\],26.365
dmem.ram\[11\]\[1\],26.36
dmem.ram\[20\]\[6\],26.36
_03024_,26.34
dmem.ram\[28\]\[0\],26.34
dmem.ram\[10\]\[3\],26.325
dmem.ram\[28\]\[6\],26.325
_02167_,26.32
dmem.ram\[16\]\[13\],26.3
dmem.ram\[3\]\[6\],26.3
dmem.ram\[9\]\[5\],26.3
dmem.ram\[14\]\[9\],26.265
_02509_,26.26
_03695_,26.26
_03361_,26.24
dmem.ram\[36\]\[12\],26.24
dmem.ram\[40\]\[7\],26.24
dmem.ram\[44\]\[13\],26.22
dmem.ram\[36\]\[9\],26.215
dmem.ram\[17\]\[10\],26.2
regfile.registerFile\[3\]\[7\],26.19
dmem.ram\[59\]\[3\],26.16
regfile.registerFile\[5\]\[5\],26.16
_03995_,26.14
_05806_,26.14
dmem.ram\[46\]\[4\],26.1
dmem.ram\[4\]\[7\],26.1
_04948_,26.08
dmem.ram\[21\]\[1\],26.08
dmem.ram\[37\]\[3\],26.065
_01714_,26.06
_05616_,26.02
dmem.ram\[21\]\[14\],26
dmem.ram\[1\]\[1\],25.98
dmem.ram\[24\]\[9\],25.98
_05550_,25.96
dmem.ram\[17\]\[7\],25.94
regfile.registerFile\[6\]\[5\],25.935
_06100_,25.92
dmem.ram\[33\]\[5\],25.92
dmem.ram\[60\]\[5\],25.885
dmem.ram\[37\]\[1\],25.88
dmem.ram\[4\]\[4\],25.865
imem.rom\[5\]\[13\],25.86
dmem.ram\[11\]\[2\],25.84
imem.rom\[0\]\[5\],25.84
rr_ex_reg.pc_next_out\[15\],25.82
regfile.registerFile\[0\]\[8\],25.8
dmem.ram\[30\]\[11\],25.785
_05035_,25.76
imem.rom\[5\]\[10\],25.76
dmem.ram\[3\]\[1\],25.74
_01777_,25.72
dmem.ram\[45\]\[14\],25.72
dmem.ram\[55\]\[8\],25.72
dmem.ram\[45\]\[4\],25.705
_00186_,25.685
_03648_,25.68
_02295_,25.66
dmem.ram\[37\]\[4\],25.645
dmem.ram\[49\]\[3\],25.64
regfile.registerFile\[6\]\[6\],25.64
_04399_,25.62
dmem.ram\[58\]\[7\],25.62
dmem.ram\[44\]\[0\],25.61
dmem.ram\[62\]\[10\],25.61
dmem.ram\[63\]\[5\],25.6
_06190_,25.58
dmem.ram\[41\]\[15\],25.58
dmem.ram\[48\]\[8\],25.58
dmem.ram\[6\]\[13\],25.57
_02007_,25.56
dmem.ram\[50\]\[4\],25.56
regfile.registerFile\[1\]\[4\],25.56
dmem.ram\[48\]\[13\],25.54
dmem.ram\[59\]\[6\],25.52
id_rr_reg.instr_out\[0\],25.52
regfile.registerFile\[4\]\[12\],25.52
dmem.ram\[29\]\[6\],25.505
_02646_,25.5
_06005_,25.5
dmem.ram\[62\]\[3\],25.5
dmem.ram\[20\]\[9\],25.49
dmem.ram\[32\]\[11\],25.48
dmem.ram\[42\]\[5\],25.46
_04256_,25.44
dmem.ram\[7\]\[5\],25.44
_05928_,25.43
dmem.ram\[40\]\[1\],25.32
_02553_,25.3
_03445_,25.28
regfile.registerFile\[3\]\[0\],25.28
_02711_,25.26
dmem.ram\[19\]\[7\],25.255
_03364_,25.24
dmem.ram\[15\]\[3\],25.24
_01723_,25.22
dmem.ram\[49\]\[2\],25.22
dmem.ram\[62\]\[8\],25.185
dmem.ram\[53\]\[3\],25.165
dmem.ram\[1\]\[9\],25.14
dmem.ram\[16\]\[9\],25.09
dmem.ram\[61\]\[0\],25.08
dmem.ram\[12\]\[9\],25.065
dmem.ram\[43\]\[2\],25.06
regfile.registerFile\[2\]\[11\],25.03
dmem.ram\[11\]\[9\],25.02
dmem.ram\[32\]\[8\],25.02
_01745_,24.98
dmem.ram\[6\]\[15\],24.97
dmem.ram\[41\]\[10\],24.96
dmem.ram\[32\]\[5\],24.94
mm_wb_reg.RegWrite_In,24.94
_05177_,24.92
regfile.registerFile\[1\]\[5\],24.92
dmem.ram\[63\]\[15\],24.9
_03873_,24.88
_02398_,24.84
_05041_,24.84
_05062_,24.84
regfile.registerFile\[3\]\[12\],24.84
dmem.ram\[12\]\[8\],24.825
_06003_,24.82
regfile.registerFile\[5\]\[3\],24.82
dmem.ram\[22\]\[4\],24.8
dmem.ram\[30\]\[8\],24.765
_02025_,24.76
_03533_,24.76
_05631_,24.76
dmem.ram\[49\]\[8\],24.76
dmem.ram\[35\]\[0\],24.74
dmem.ram\[62\]\[9\],24.71
dmem.ram\[2\]\[3\],24.705
dmem.ram\[59\]\[10\],24.7
dmem.ram\[60\]\[12\],24.7
dmem.ram\[54\]\[4\],24.69
_02184_,24.68
dmem.ram\[9\]\[10\],24.66
dmem.ram\[9\]\[1\],24.66
clknet_leaf_75_clk,24.64
_05594_,24.62
_05634_,24.62
dmem.ram\[12\]\[10\],24.62
_05588_,24.6
_05592_,24.6
_05979_,24.6
dmem.ram\[25\]\[13\],24.6
_06117_,24.56
_04365_,24.555
_04382_,24.54
_04131_,24.52
dmem.ram\[45\]\[10\],24.52
rr_ex_reg.RF_D1_Out\[7\],24.52
_03963_,24.5
_03970_,24.5
regfile.registerFile\[3\]\[10\],24.5
dmem.ram\[10\]\[14\],24.485
dmem.ram\[17\]\[12\],24.48
dmem.ram\[1\]\[2\],24.48
regfile.registerFile\[7\]\[10\],24.48
imem.rom\[10\]\[2\],24.47
_02462_,24.46
_02190_,24.38
_04296_,24.38
dmem.ram\[52\]\[2\],24.36
_03272_,24.34
dmem.ram\[52\]\[0\],24.34
dmem.ram\[23\]\[12\],24.32
_01951_,24.3
_06115_,24.3
dmem.ram\[58\]\[11\],24.3
dmem.ram\[21\]\[5\],24.265
dmem.ram\[40\]\[5\],24.22
dmem.ram\[50\]\[13\],24.22
dmem.ram\[6\]\[10\],24.22
regfile.registerFile\[6\]\[14\],24.215
dmem.ram\[19\]\[13\],24.2
dmem.ram\[53\]\[6\],24.175
_03612_,24.16
dmem.ram\[33\]\[8\],24.16
regfile.registerFile\[5\]\[4\],24.16
dmem.ram\[6\]\[4\],24.15
dmem.ram\[12\]\[3\],24.145
_02457_,24.14
dmem.ram\[46\]\[8\],24.14
dmem.ram\[57\]\[14\],24.14
dmem.ram\[26\]\[9\],24.125
_03058_,24.12
regfile.registerFile\[6\]\[2\],24.095
regfile.registerFile\[5\]\[7\],24.08
_04182_,24.06
_02294_,24.04
dmem.ram\[31\]\[7\],24.04
dmem.ram\[41\]\[2\],24.04
dmem.ram\[57\]\[0\],24.04
_04195_,24.02
_05920_,24.02
dmem.ram\[19\]\[11\],24.015
dmem.ram\[16\]\[3\],24
dmem.ram\[28\]\[4\],23.985
dmem.ram\[3\]\[3\],23.98
_02122_,23.96
_05726_,23.96
imem.rom\[2\]\[15\],23.93
_02726_,23.92
dmem.ram\[26\]\[1\],23.915
regfile.registerFile\[7\]\[0\],23.915
imem.rom\[10\]\[8\],23.905
dmem.ram\[5\]\[6\],23.89
_05864_,23.885
_04076_,23.88
dmem.ram\[37\]\[9\],23.88
dmem.ram\[45\]\[8\],23.88
dmem.ram\[1\]\[3\],23.87
_02317_,23.86
dmem.ram\[50\]\[6\],23.86
_02717_,23.84
_02722_,23.8
dmem.ram\[4\]\[0\],23.8
_05013_,23.78
dmem.ram\[50\]\[12\],23.77
net176,23.75
_05931_,23.72
imem.rom\[2\]\[1\],23.71
_02194_,23.7
_05513_,23.7
regfile.registerFile\[5\]\[8\],23.7
net206,23.7
dmem.ram\[36\]\[8\],23.69
_02664_,23.68
dmem.ram\[21\]\[11\],23.68
_05225_,23.66
dmem.ram\[0\]\[10\],23.66
dmem.ram\[14\]\[8\],23.65
dmem.ram\[34\]\[12\],23.64
dmem.ram\[22\]\[8\],23.585
imem.rom\[6\]\[8\],23.57
dmem.ram\[26\]\[12\],23.565
dmem.ram\[54\]\[6\],23.56
_01645_,23.54
_04005_,23.54
rr_ex_reg.RF_D2_Out\[5\],23.54
_04035_,23.52
dmem.ram\[17\]\[2\],23.5
_02389_,23.48
_04062_,23.46
_04975_,23.46
imem.rom\[6\]\[15\],23.445
dmem.ram\[45\]\[13\],23.44
_03650_,23.42
dmem.ram\[45\]\[0\],23.42
imem.rom\[15\]\[9\],23.42
_05477_,23.38
net333,23.38
dmem.ram\[12\]\[0\],23.36
dmem.ram\[32\]\[3\],23.36
dmem.ram\[42\]\[15\],23.36
dmem.ram\[43\]\[3\],23.36
dmem.ram\[12\]\[6\],23.345
_05918_,23.34
dmem.ram\[45\]\[6\],23.325
_00711_,23.32
_06149_,23.32
dmem.ram\[15\]\[13\],23.3
dmem.ram\[50\]\[7\],23.3
dmem.ram\[5\]\[14\],23.3
ex_mm_reg.RF_D2_Out\[12\],23.3
_02718_,23.28
dmem.ram\[17\]\[8\],23.26
_03835_,23.24
_03481_,23.2
dmem.ram\[1\]\[11\],23.2
dmem.ram\[42\]\[14\],23.2
dmem.ram\[63\]\[14\],23.2
_02883_,23.18
dmem.ram\[62\]\[11\],23.17
_02970_,23.16
_04324_,23.16
dmem.ram\[42\]\[4\],23.14
dmem.ram\[61\]\[15\],23.14
_02244_,23.12
dmem.ram\[40\]\[3\],23.12
dmem.ram\[46\]\[2\],23.12
imem.rom\[10\]\[4\],23.105
dmem.ram\[24\]\[5\],23.1
_05981_,23.08
dmem.ram\[6\]\[9\],23.07
_03996_,23.06
_05894_,23.06
dmem.ram\[60\]\[3\],23.06
dmem.ram\[28\]\[8\],23.045
dmem.ram\[29\]\[9\],23.045
_03565_,23.04
dmem.ram\[33\]\[14\],23.04
dmem.ram\[40\]\[10\],23.02
dmem.ram\[6\]\[11\],23.02
dmem.ram\[14\]\[13\],23.005
_03688_,23
dmem.ram\[26\]\[2\],22.975
_01977_,22.96
dmem.ram\[0\]\[1\],22.96
dmem.ram\[42\]\[9\],22.94
dmem.ram\[2\]\[10\],22.925
regfile.registerFile\[4\]\[11\],22.92
imem.rom\[6\]\[0\],22.905
dmem.ram\[21\]\[12\],22.9
rr_ex_reg.pc_next_out\[14\],22.9
regfile.registerFile\[2\]\[2\],22.89
dmem.ram\[5\]\[10\],22.885
_03484_,22.88
_04136_,22.88
dmem.ram\[43\]\[8\],22.88
regfile.registerFile\[1\]\[2\],22.88
dmem.ram\[59\]\[7\],22.87
dmem.ram\[63\]\[4\],22.86
dmem.ram\[22\]\[3\],22.85
dmem.ram\[38\]\[12\],22.845
_03790_,22.84
_04274_,22.84
_04316_,22.84
dmem.ram\[4\]\[1\],22.84
dmem.ram\[57\]\[5\],22.84
imem.rom\[13\]\[7\],22.84
regfile.registerFile\[3\]\[11\],22.84
dmem.ram\[18\]\[11\],22.83
_05043_,22.82
instr_wdata[9],22.82
regfile.registerFile\[1\]\[12\],22.82
regfile.registerFile\[2\]\[5\],22.795
_03561_,22.78
dmem.ram\[45\]\[7\],22.78
imem.rom\[12\]\[2\],22.78
_05951_,22.76
dmem.ram\[24\]\[0\],22.76
dmem.ram\[59\]\[14\],22.76
dmem.ram\[9\]\[3\],22.76
dmem.ram\[4\]\[6\],22.745
dmem.ram\[34\]\[5\],22.74
regfile.registerFile\[7\]\[8\],22.74
dmem.ram\[36\]\[0\],22.72
dmem.ram\[9\]\[8\],22.72
regfile.registerFile\[2\]\[1\],22.695
dmem.ram\[61\]\[6\],22.685
_01898_,22.68
_04858_,22.66
dmem.ram\[56\]\[13\],22.66
dmem.ram\[17\]\[0\],22.64
dmem.ram\[32\]\[2\],22.635
dmem.ram\[21\]\[13\],22.6
dmem.ram\[57\]\[2\],22.6
net351,22.6
dmem.ram\[50\]\[11\],22.58
_01937_,22.54
dmem.ram\[60\]\[0\],22.54
_03134_,22.52
dmem.ram\[34\]\[6\],22.5
_01545_,22.485
dmem.ram\[28\]\[9\],22.485
dmem.ram\[25\]\[11\],22.47
_02077_,22.46
dmem.ram\[16\]\[5\],22.46
net810,22.46
dmem.ram\[33\]\[11\],22.43
mm_wb_reg.Rd_Addr_Out_PR\[1\],22.42
_06118_,22.41
regfile.registerFile\[1\]\[3\],22.4
dmem.ram\[39\]\[9\],22.38
dmem.ram\[38\]\[1\],22.365
_05948_,22.36
imem.rom\[8\]\[6\],22.36
regfile.registerFile\[5\]\[12\],22.36
clknet_leaf_39_clk,22.36
dmem.ram\[0\]\[0\],22.34
dmem.ram\[24\]\[13\],22.34
dmem.ram\[44\]\[8\],22.34
regfile.registerFile\[3\]\[6\],22.32
_00057_,22.305
dmem.ram\[55\]\[11\],22.3
_05604_,22.28
dmem.ram\[52\]\[8\],22.26
rr_ex_reg.RF_D2_Out\[10\],22.26
regfile.registerFile\[0\]\[3\],22.2
_02792_,22.18
_03661_,22.18
_06409_,22.14
dmem.ram\[13\]\[8\],22.125
_01880_,22.12
dmem.ram\[62\]\[7\],22.12
dmem.ram\[29\]\[3\],22.105
dmem.ram\[39\]\[4\],22.1
dmem.ram\[22\]\[13\],22.085
_05467_,22.08
_05986_,22.08
dmem.ram\[54\]\[13\],22.08
regfile.registerFile\[7\]\[6\],22.08
net94,22.08
_02226_,22.04
dmem.ram\[39\]\[14\],22.04
regfile.registerFile\[6\]\[7\],22.035
dmem.ram\[35\]\[8\],22.02
dmem.ram\[46\]\[7\],22.02
_06017_,22
dmem.ram\[1\]\[15\],21.98
_02130_,21.96
dmem.ram\[63\]\[10\],21.96
dmem.ram\[63\]\[3\],21.96
dmem.ram\[54\]\[8\],21.94
_04959_,21.925
net421,21.9
dmem.ram\[14\]\[2\],21.89
dmem.ram\[31\]\[4\],21.89
dmem.ram\[39\]\[3\],21.89
dmem.ram\[13\]\[13\],21.88
dmem.ram\[31\]\[5\],21.88
imem.rom\[8\]\[3\],21.88
dmem.ram\[14\]\[7\],21.865
regfile.registerFile\[6\]\[9\],21.855
_04945_,21.84
dmem.ram\[0\]\[8\],21.84
dmem.ram\[15\]\[9\],21.84
ex_mm_reg.Rd_Data_Out_PR\[12\],21.84
_04294_,21.82
_01800_,21.8
_05194_,21.8
regfile.registerFile\[2\]\[7\],21.785
rr_ex_reg.cntrl_out\[9\],21.77
_04903_,21.76
dmem.ram\[43\]\[15\],21.76
regfile.registerFile\[7\]\[4\],21.75
regfile.registerFile\[2\]\[15\],21.735
dmem.ram\[43\]\[5\],21.72
dmem.ram\[52\]\[9\],21.72
regfile.registerFile\[7\]\[5\],21.72
_04082_,21.7
_05050_,21.7
regfile.registerFile\[0\]\[11\],21.7
dmem.ram\[4\]\[8\],21.685
dmem.ram\[12\]\[2\],21.64
dmem.ram\[46\]\[11\],21.64
regfile.registerFile\[0\]\[5\],21.64
regfile.registerFile\[1\]\[15\],21.64
net1533,21.64
_02287_,21.62
_02561_,21.62
dmem.ram\[11\]\[14\],21.62
dmem.ram\[25\]\[15\],21.62
_03849_,21.6
dmem.ram\[27\]\[10\],21.6
regfile.registerFile\[3\]\[14\],21.6
_04966_,21.58
regfile.registerFile\[5\]\[9\],21.58
_03334_,21.54
dmem.ram\[16\]\[6\],21.54
dmem.ram\[43\]\[4\],21.54
rr_ex_reg.RF_D2_Out\[11\],21.5
net148,21.5
dmem.ram\[10\]\[7\],21.485
dmem.ram\[17\]\[13\],21.48
dmem.ram\[55\]\[9\],21.48
regfile.registerFile\[4\]\[5\],21.46
dmem.ram\[57\]\[13\],21.44
regfile.registerFile\[6\]\[8\],21.43
_06111_,21.41
dmem.ram\[29\]\[5\],21.385
_02421_,21.38
dmem.ram\[38\]\[0\],21.35
dmem.ram\[5\]\[11\],21.34
imem.rom\[6\]\[7\],21.305
dmem.ram\[37\]\[12\],21.3
dmem.ram\[7\]\[15\],21.3
imem.rom\[4\]\[14\],21.3
regfile.registerFile\[2\]\[10\],21.29
_04721_,21.28
imem.rom\[4\]\[13\],21.28
regfile.registerFile\[0\]\[6\],21.28
dmem.ram\[41\]\[5\],21.26
_01950_,21.24
dmem.ram\[33\]\[9\],21.24
imem.rom\[0\]\[10\],21.24
_05478_,21.22
_03948_,21.2
_04394_,21.2
dmem.ram\[41\]\[14\],21.18
_03842_,21.16
_04258_,21.16
_02665_,21.15
dmem.ram\[38\]\[7\],21.15
_03275_,21.14
_05912_,21.14
dmem.ram\[60\]\[13\],21.14
imem.rom\[2\]\[2\],21.125
_03560_,21.12
dmem.ram\[15\]\[11\],21.12
dmem.ram\[35\]\[7\],21.12
dmem.ram\[57\]\[7\],21.12
dmem.ram\[5\]\[8\],21.105
imem.rom\[2\]\[12\],21.105
dmem.ram\[27\]\[1\],21.08
dmem.ram\[49\]\[7\],21.08
dmem.ram\[55\]\[2\],21.08
imem.rom\[7\]\[13\],21.08
dmem.ram\[10\]\[15\],21.065
dmem.ram\[12\]\[7\],21.04
dmem.ram\[29\]\[15\],21.04
dmem.ram\[20\]\[2\],21.02
dmem.ram\[18\]\[4\],21.005
regfile.registerFile\[5\]\[13\],21
dmem.ram\[5\]\[9\],20.985
dmem.ram\[59\]\[1\],20.98
_02360_,20.96
_02600_,20.96
_04708_,20.96
ex_mm_reg.Rd_Data_Out_PR\[2\],20.96
imem.rom\[0\]\[9\],20.96
net84,20.96
_03277_,20.92
regfile.registerFile\[0\]\[0\],20.87
dmem.ram\[16\]\[1\],20.86
_04317_,20.84
imem.rom\[8\]\[4\],20.84
_04958_,20.82
_04971_,20.82
dmem.ram\[13\]\[2\],20.8
dmem.ram\[23\]\[4\],20.8
imem.rom\[11\]\[2\],20.8
regfile.registerFile\[1\]\[9\],20.8
_05686_,20.785
dmem.ram\[13\]\[3\],20.78
dmem.ram\[44\]\[14\],20.77
dmem.ram\[10\]\[9\],20.745
dmem.ram\[14\]\[14\],20.745
_04175_,20.74
dmem.ram\[60\]\[2\],20.725
_05867_,20.72
dmem.ram\[44\]\[15\],20.72
dmem.ram\[13\]\[4\],20.71
regfile.registerFile\[2\]\[12\],20.71
dmem.ram\[58\]\[5\],20.7
_02674_,20.68
_05012_,20.68
_05962_,20.68
ex_mm_reg.RF_D2_Out\[8\],20.68
imem.rom\[1\]\[9\],20.66
regfile.registerFile\[2\]\[14\],20.65
_04273_,20.64
dmem.ram\[1\]\[13\],20.63
dmem.ram\[62\]\[12\],20.625
imem.rom\[8\]\[5\],20.62
imem.rom\[9\]\[8\],20.62
regfile.registerFile\[5\]\[2\],20.62
dmem.ram\[61\]\[4\],20.6
dmem.ram\[48\]\[15\],20.58
imem.rom\[11\]\[8\],20.58
imem.rom\[13\]\[6\],20.58
rr_ex_reg.RF_D2_Out\[9\],20.58
net588,20.58
imem.rom\[11\]\[3\],20.56
_04100_,20.54
dmem.ram\[25\]\[7\],20.54
dmem.ram\[33\]\[4\],20.54
regfile.registerFile\[5\]\[11\],20.54
dmem.ram\[58\]\[1\],20.52
dmem.ram\[29\]\[0\],20.51
dmem.ram\[54\]\[5\],20.5
_03551_,20.46
_03982_,20.46
dmem.ram\[2\]\[11\],20.445
regfile.registerFile\[0\]\[15\],20.44
net153,20.44
dmem.ram\[23\]\[2\],20.42
_04989_,20.4
dmem.ram\[40\]\[14\],20.4
imem.rom\[12\]\[15\],20.4
dmem.ram\[30\]\[0\],20.395
_03523_,20.38
_01130_,20.34
rr_ex_reg.RF_D2_Out\[14\],20.34
_02000_,20.32
_02301_,20.32
imem.rom\[0\]\[6\],20.3
_03609_,20.28
if_id_reg.PC_Next_Out\[15\],20.28
dmem.ram\[22\]\[11\],20.27
_04166_,20.26
dmem.ram\[2\]\[15\],20.26
dmem.ram\[17\]\[1\],20.24
dmem.ram\[62\]\[13\],20.21
_02299_,20.2
dmem.ram\[41\]\[3\],20.2
clknet_leaf_40_clk,20.2
_01755_,20.18
_06159_,20.18
dmem.ram\[12\]\[1\],20.18
regfile.registerFile\[3\]\[5\],20.165
dmem.ram\[44\]\[12\],20.16
ex_mm_reg.Rd_Data_Out_PR\[15\],20.16
dmem.ram\[29\]\[8\],20.145
ex_mm_reg.Rd_Data_Out_PR\[0\],20.14
dmem.ram\[30\]\[6\],20.125
dmem.ram\[39\]\[6\],20.12
dmem.ram\[58\]\[15\],20.12
_04397_,20.08
mem_out_mux.sel,20.08
dmem.ram\[29\]\[7\],20.065
_04403_,20.06
dmem.ram\[17\]\[14\],20.06
dmem.ram\[30\]\[15\],20.045
dmem.ram\[9\]\[2\],20.04
rr_ex_reg.RF_D1_Out\[3\],20.03
_03770_,20.02
dmem.ram\[21\]\[4\],20.02
_03514_,20
_06656_,20
dmem.ram\[3\]\[11\],20
dmem.ram\[5\]\[0\],20
dmem.ram\[26\]\[13\],19.985
_05584_,19.98
dmem.ram\[40\]\[8\],19.98
dmem.ram\[56\]\[6\],19.97
dmem.ram\[30\]\[10\],19.965
regfile.registerFile\[0\]\[12\],19.96
_03460_,19.95
dmem.ram\[26\]\[8\],19.925
_03545_,19.92
_06164_,19.92
regfile.registerFile\[7\]\[13\],19.92
rr_ex_reg.RF_D1_Out\[2\],19.92
imem.rom\[2\]\[8\],19.885
_05996_,19.88
dmem.ram\[20\]\[0\],19.88
dmem.ram\[23\]\[0\],19.88
dmem.ram\[7\]\[10\],19.88
imem.rom\[0\]\[2\],19.88
dmem.ram\[0\]\[14\],19.87
_02066_,19.86
_03876_,19.86
_05061_,19.86
dmem.ram\[50\]\[1\],19.86
dmem.ram\[53\]\[15\],19.86
dmem.ram\[58\]\[13\],19.86
dmem.ram\[23\]\[14\],19.84
_05032_,19.82
_05958_,19.82
dmem.ram\[0\]\[9\],19.82
dmem.ram\[57\]\[12\],19.82
dmem.ram\[62\]\[5\],19.81
imem.rom\[2\]\[4\],19.805
_02402_,19.8
dmem.ram\[37\]\[0\],19.8
imem.rom\[9\]\[5\],19.8
dmem.ram\[45\]\[2\],19.785
dmem.ram\[37\]\[15\],19.76
imem.rom\[8\]\[7\],19.76
net1200,19.76
dmem.ram\[13\]\[10\],19.7
dmem.ram\[28\]\[10\],19.7
imem.rom\[13\]\[0\],19.7
_03915_,19.68
dmem.ram\[28\]\[13\],19.665
_03518_,19.66
dmem.ram\[55\]\[1\],19.66
_05610_,19.64
dmem.ram\[32\]\[15\],19.64
imem.rom\[0\]\[7\],19.64
_04790_,19.62
dmem.ram\[23\]\[10\],19.62
regfile.registerFile\[7\]\[1\],19.62
dmem.ram\[30\]\[5\],19.57
_03501_,19.56
_04228_,19.54
_05021_,19.54
dmem.ram\[1\]\[10\],19.54
dmem.ram\[52\]\[15\],19.54
imem.rom\[4\]\[15\],19.52
dmem.ram\[10\]\[2\],19.505
dmem.ram\[63\]\[0\],19.5
imem.rom\[8\]\[9\],19.5
_01857_,19.48
_04325_,19.46
_05879_,19.46
dmem.ram\[41\]\[11\],19.46
dmem.ram\[17\]\[9\],19.45
imem.rom\[4\]\[4\],19.44
_02146_,19.42
_04089_,19.42
dmem.ram\[59\]\[4\],19.42
imem.rom\[0\]\[4\],19.42
imem.rom\[13\]\[13\],19.42
net53,19.42
net1355,19.42
_01876_,19.4
_02358_,19.4
_04395_,19.4
dmem.ram\[55\]\[15\],19.4
_02591_,19.38
dmem.ram\[8\]\[7\],19.38
_06010_,19.32
dmem.ram\[59\]\[0\],19.32
imem.rom\[14\]\[3\],19.305
dmem.ram\[54\]\[3\],19.3
_03911_,19.28
dmem.ram\[43\]\[9\],19.28
imem.rom\[7\]\[6\],19.28
_03793_,19.26
dmem.ram\[57\]\[9\],19.26
net174,19.24
dmem.ram\[17\]\[15\],19.23
regfile.registerFile\[3\]\[8\],19.22
_02055_,19.2
_02238_,19.2
dmem.ram\[48\]\[10\],19.2
_02770_,19.18
_04190_,19.18
imem.rom\[9\]\[0\],19.18
regfile.registerFile\[3\]\[13\],19.17
_03239_,19.16
dmem.ram\[50\]\[5\],19.16
dmem.ram\[14\]\[10\],19.125
dmem.ram\[8\]\[0\],19.12
_00721_,19.105
_03367_,19.1
_04985_,19.1
regfile.registerFile\[6\]\[0\],19.095
dmem.ram\[26\]\[10\],19.07
imem.rom\[13\]\[12\],19.06
dmem.ram\[10\]\[10\],19.05
dmem.ram\[37\]\[11\],19.04
dmem.ram\[61\]\[14\],19
_05601_,18.98
_06090_,18.98
regfile.registerFile\[0\]\[14\],18.96
_03195_,18.94
_04877_,18.94
imem.rom\[2\]\[9\],18.925
_04168_,18.92
dmem.ram\[48\]\[2\],18.92
dmem.ram\[49\]\[14\],18.92
dmem.ram\[45\]\[5\],18.905
_03897_,18.88
dmem.ram\[15\]\[8\],18.88
imem.rom\[6\]\[6\],18.865
imem.rom\[9\]\[13\],18.86
net1377,18.86
_03285_,18.82
_05666_,18.82
imem.rom\[3\]\[0\],18.82
imem.rom\[6\]\[12\],18.765
_02563_,18.76
_05471_,18.76
dmem.ram\[57\]\[15\],18.76
_02047_,18.74
dmem.ram\[41\]\[1\],18.74
dmem.ram\[55\]\[0\],18.74
dmem.ram\[58\]\[14\],18.74
imem.rom\[1\]\[10\],18.74
regfile.registerFile\[7\]\[11\],18.74
_03777_,18.73
_03974_,18.73
dmem.ram\[31\]\[10\],18.72
_00231_,18.685
_02445_,18.68
_02805_,18.68
dmem.ram\[15\]\[5\],18.66
mm_wb_reg.Rd_Data_Out_PR\[12\],18.66
_05498_,18.64
dmem.ram\[5\]\[13\],18.64
dmem.ram\[7\]\[1\],18.64
_04346_,18.6
dmem.ram\[35\]\[10\],18.6
imem.rom\[9\]\[11\],18.6
_02693_,18.58
_00443_,18.565
imem.rom\[10\]\[3\],18.565
net139,18.56
rr_ex_reg.RF_D2_Out\[3\],18.55
_05915_,18.54
dmem.ram\[1\]\[0\],18.54
dmem.ram\[5\]\[1\],18.54
_03634_,18.52
_03924_,18.52
dmem.ram\[37\]\[10\],18.52
regfile.registerFile\[7\]\[9\],18.52
dmem.ram\[46\]\[3\],18.5
imem.rom\[12\]\[12\],18.5
_02154_,18.48
_03322_,18.48
_03802_,18.48
regfile.registerFile\[4\]\[6\],18.48
net141,18.48
dmem.ram\[33\]\[7\],18.46
dmem.ram\[2\]\[0\],18.455
_01756_,18.44
_03452_,18.44
regfile.registerFile\[6\]\[11\],18.435
_04992_,18.42
dmem.ram\[11\]\[11\],18.42
_03269_,18.4
_03968_,18.4
dmem.ram\[23\]\[5\],18.4
dmem.ram\[42\]\[3\],18.4
imem.rom\[0\]\[11\],18.39
_05187_,18.38
_05482_,18.38
dmem.ram\[25\]\[1\],18.38
imem.rom\[7\]\[8\],18.38
net155,18.38
dmem.ram\[30\]\[1\],18.375
_02353_,18.36
dmem.ram\[26\]\[0\],18.36
dmem.ram\[45\]\[12\],18.36
dmem.ram\[55\]\[3\],18.36
dmem.ram\[56\]\[9\],18.36
dmem.ram\[8\]\[8\],18.36
regfile.registerFile\[3\]\[1\],18.36
_03282_,18.35
ex_mm_reg.Instr_Out\[13\],18.34
dmem.ram\[21\]\[8\],18.325
_05487_,18.32
imem.rom\[12\]\[0\],18.32
dmem.ram\[42\]\[6\],18.28
dmem.ram\[57\]\[8\],18.28
imem.rom\[5\]\[9\],18.28
dmem.ram\[45\]\[3\],18.265
_03940_,18.26
imem.rom\[3\]\[5\],18.26
dmem.ram\[2\]\[1\],18.25
net157,18.24
net1221,18.24
_02669_,18.22
_05925_,18.205
_02587_,18.2
imem.rom\[15\]\[7\],18.2
dmem.ram\[8\]\[2\],18.19
_05172_,18.18
imem.rom\[6\]\[14\],18.165
_02126_,18.16
_02199_,18.16
if_id_reg.PC_Next_Out\[4\],18.16
imem.rom\[8\]\[8\],18.16
_02288_,18.14
dmem.ram\[28\]\[1\],18.14
_04304_,18.12
debug_reg_data[13],18.12
dmem.ram\[46\]\[9\],18.12
_04279_,18.1
imem.rom\[12\]\[3\],18.09
dmem.ram\[25\]\[2\],18.06
regfile.registerFile\[2\]\[8\],18.05
_02456_,18.04
dmem.ram\[3\]\[0\],18.04
dmem.ram\[53\]\[11\],18.04
imem.rom\[6\]\[11\],18.025
_02636_,18.02
dmem.ram\[0\]\[12\],18.02
_03405_,18
_03987_,17.98
dmem.ram\[58\]\[9\],17.98
_04356_,17.965
net373,17.96
dmem.ram\[52\]\[5\],17.945
imem.rom\[10\]\[11\],17.945
_02290_,17.94
dmem.ram\[6\]\[8\],17.93
dmem.ram\[58\]\[10\],17.9
imem.rom\[0\]\[14\],17.9
imem.rom\[0\]\[8\],17.9
imem.rom\[15\]\[5\],17.9
dmem.ram\[29\]\[11\],17.88
id_rr_reg.instr_out\[2\],17.88
dmem.ram\[1\]\[14\],17.86
dmem.ram\[32\]\[12\],17.86
dmem.ram\[46\]\[5\],17.86
_02863_,17.84
imem.rom\[8\]\[12\],17.84
_02399_,17.82
_03607_,17.82
dmem.ram\[43\]\[7\],17.82
net1070,17.82
dmem.ram\[46\]\[6\],17.81
dmem.ram\[6\]\[7\],17.805
dmem.ram\[28\]\[14\],17.8
imem.rom\[11\]\[6\],17.8
imem.rom\[12\]\[13\],17.8
imem.rom\[12\]\[4\],17.8
dmem.ram\[38\]\[9\],17.79
dmem.ram\[5\]\[4\],17.785
_01859_,17.78
dmem.ram\[39\]\[1\],17.78
imem.rom\[15\]\[4\],17.78
dmem.ram\[38\]\[8\],17.775
dmem.ram\[18\]\[0\],17.755
dmem.ram\[30\]\[7\],17.745
dmem.ram\[35\]\[15\],17.74
dmem.ram\[23\]\[9\],17.72
dmem.ram\[59\]\[8\],17.72
imem.rom\[8\]\[13\],17.72
_02419_,17.7
dmem.ram\[52\]\[7\],17.7
imem.rom\[3\]\[1\],17.7
_04411_,17.68
regfile.registerFile\[4\]\[7\],17.66
dmem.ram\[13\]\[7\],17.65
_02708_,17.64
_03666_,17.64
dmem.ram\[10\]\[1\],17.635
_02517_,17.62
dmem.ram\[13\]\[15\],17.62
dmem.ram\[5\]\[12\],17.62
imem.rom\[10\]\[15\],17.605
_02334_,17.6
_03759_,17.6
_04364_,17.6
_05553_,17.6
dmem.ram\[19\]\[0\],17.6
_04129_,17.58
imem.rom\[1\]\[6\],17.58
net574,17.58
_02361_,17.56
_05060_,17.56
dmem.ram\[35\]\[3\],17.56
_05972_,17.55
_02437_,17.54
_02439_,17.54
_02606_,17.54
_06015_,17.54
dmem.ram\[50\]\[14\],17.535
imem.rom\[0\]\[15\],17.52
imem.rom\[9\]\[14\],17.52
_04231_,17.5
_01811_,17.48
_02685_,17.48
_04418_,17.48
imem.rom\[4\]\[12\],17.48
net1060,17.48
_03429_,17.46
_05967_,17.46
dmem.ram\[4\]\[15\],17.44
imem.rom\[4\]\[10\],17.44
net98,17.43
_04549_,17.42
dmem.ram\[62\]\[2\],17.405
_04312_,17.4
_05198_,17.4
dmem.ram\[15\]\[10\],17.4
imem.rom\[12\]\[14\],17.4
imem.rom\[4\]\[7\],17.4
rr_ex_reg.RF_D2_Out\[1\],17.4
_05973_,17.36
dmem.ram\[41\]\[8\],17.36
_03476_,17.34
_05886_,17.32
dmem.ram\[31\]\[11\],17.32
net1049,17.32
_03795_,17.3
imem.rom\[4\]\[3\],17.3
dmem.ram\[48\]\[7\],17.28
dmem.ram\[49\]\[9\],17.28
imem.rom\[12\]\[1\],17.28
regfile.registerFile\[1\]\[11\],17.28
rr_ex_reg.RF_D2_Out\[6\],17.28
_04932_,17.265
net152,17.24
dmem.ram\[30\]\[3\],17.225
_03642_,17.22
dmem.ram\[29\]\[2\],17.22
dmem.ram\[50\]\[0\],17.22
net1303,17.22
_06490_,17.2
dmem.ram\[49\]\[12\],17.2
_02254_,17.18
_04224_,17.18
_04259_,17.18
_06693_,17.18
_04247_,17.16
rr_ex_reg.RF_D2_Out\[13\],17.16
_02526_,17.15
_01974_,17.14
_03657_,17.14
dmem.ram\[15\]\[2\],17.14
dmem.ram\[22\]\[0\],17.13
_05987_,17.12
imem.rom\[4\]\[1\],17.12
dmem.ram\[53\]\[2\],17.105
imem.rom\[2\]\[0\],17.105
_03701_,17.1
dmem.ram\[33\]\[6\],17.1
rr_ex_reg.RF_D2_Out\[15\],17.1
net653,17.1
_02339_,17.08
_02423_,17.08
_05898_,17.08
_06639_,17.08
dmem.ram\[48\]\[1\],17.08
regfile.registerFile\[2\]\[9\],17.075
_01773_,17.06
_02441_,17.04
imem.rom\[14\]\[11\],17.025
_01968_,17.02
_04435_,17.02
dmem.ram\[11\]\[15\],17.02
dmem.ram\[8\]\[1\],17.02
imem.rom\[1\]\[4\],17.02
imem.rom\[4\]\[0\],17.02
net303,17.02
_02099_,17
dmem.ram\[23\]\[6\],17
imem.rom\[14\]\[10\],16.985
_05005_,16.98
dmem.ram\[0\]\[11\],16.98
dmem.ram\[20\]\[13\],16.98
_03552_,16.96
_02405_,16.94
_05516_,16.94
dmem.ram\[36\]\[13\],16.94
dmem.ram\[3\]\[5\],16.94
dmem.ram\[21\]\[3\],16.905
_05935_,16.9
dmem.ram\[31\]\[0\],16.9
dmem.ram\[7\]\[3\],16.9
net1345,16.9
_01750_,16.88
_03135_,16.88
imem.rom\[15\]\[8\],16.87
_01846_,16.845
dmem.ram\[48\]\[9\],16.84
dmem.ram\[52\]\[3\],16.825
_04241_,16.82
dmem.ram\[62\]\[0\],16.805
_04079_,16.8
_04999_,16.8
_05938_,16.8
_04205_,16.78
_05486_,16.78
_06586_,16.78
_02072_,16.76
_04957_,16.76
dmem.ram\[43\]\[13\],16.76
_05197_,16.74
net471,16.74
imem.rom\[6\]\[3\],16.725
_01818_,16.72
_03507_,16.72
_05130_,16.7
_06244_,16.7
imem.rom\[0\]\[1\],16.7
imem.rom\[10\]\[7\],16.685
_01793_,16.68
_02530_,16.68
_05542_,16.68
_05707_,16.68
_06155_,16.68
dmem.ram\[27\]\[0\],16.66
imem.rom\[0\]\[13\],16.66
_02728_,16.64
net1430,16.64
_01834_,16.62
_03274_,16.62
_04331_,16.62
_05491_,16.62
imem.rom\[9\]\[1\],16.61
_02074_,16.6
_02210_,16.6
dmem.ram\[52\]\[4\],16.585
imem.rom\[2\]\[11\],16.585
_01903_,16.58
dmem.ram\[1\]\[12\],16.58
_03991_,16.565
_02611_,16.56
_03683_,16.56
dmem.ram\[53\]\[10\],16.56
imem.rom\[12\]\[6\],16.56
imem.rom\[4\]\[2\],16.56
imem.rom\[7\]\[2\],16.56
_02058_,16.54
_04384_,16.54
_05119_,16.54
imem.rom\[11\]\[4\],16.54
_04276_,16.52
_04332_,16.52
_04438_,16.52
imem.rom\[8\]\[0\],16.52
net308,16.52
dmem.ram\[51\]\[13\],16.51
_01825_,16.5
_03521_,16.48
dmem.ram\[54\]\[7\],16.46
dmem.ram\[7\]\[8\],16.46
_03919_,16.44
_05896_,16.44
dmem.ram\[23\]\[3\],16.44
dmem.ram\[60\]\[1\],16.44
id_rr_reg.pc_next_out\[15\],16.44
imem.rom\[8\]\[10\],16.44
stall_pending,16.44
_03841_,16.42
_04242_,16.42
imem.rom\[14\]\[4\],16.405
dmem.ram\[21\]\[2\],16.4
net137,16.4
_00187_,16.385
_02390_,16.38
_02607_,16.38
_03287_,16.38
_03713_,16.38
_04251_,16.38
_05196_,16.38
net340,16.38
_04348_,16.36
dmem.ram\[27\]\[2\],16.36
dmem.ram\[53\]\[9\],16.36
dmem.ram\[30\]\[9\],16.35
_00064_,16.325
_04828_,16.32
regfile.registerFile\[4\]\[2\],16.32
net105,16.32
_01125_,16.305
dmem.ram\[48\]\[0\],16.3
net383,16.3
net628,16.3
dmem.ram\[39\]\[0\],16.28
regfile.registerFile\[0\]\[13\],16.28
dmem.ram\[21\]\[9\],16.265
_01973_,16.26
_04931_,16.26
_05040_,16.26
net291,16.26
net1342,16.26
dmem.ram\[8\]\[11\],16.24
imem.rom\[1\]\[14\],16.24
_01653_,16.22
_00060_,16.205
dmem.ram\[19\]\[10\],16.2
dmem.ram\[54\]\[1\],16.2
_05006_,16.185
_01990_,16.18
_03804_,16.18
_04087_,16.18
_05549_,16.18
debug_mem_data[6],16.17
net1257,16.16
_00397_,16.145
_01096_,16.14
imem.rom\[0\]\[3\],16.14
net151,16.14
imem.rom\[14\]\[2\],16.125
_05570_,16.12
_01815_,16.1
_02780_,16.1
_03697_,16.1
_03997_,16.1
_04879_,16.1
_05027_,16.1
_05064_,16.1
dmem.ram\[19\]\[5\],16.1
_00726_,16.085
_06457_,16.08
imem.rom\[1\]\[7\],16.08
net552,16.08
net1133,16.08
_02258_,16.06
_02835_,16.06
dmem.ram\[25\]\[6\],16.04
imem.rom\[10\]\[0\],16.005
_01670_,15.98
_04982_,15.98
imem.rom\[0\]\[0\],15.98
imem.rom\[13\]\[10\],15.98
imem.rom\[9\]\[6\],15.98
dmem.ram\[44\]\[3\],15.965
dmem.ram\[43\]\[14\],15.96
dmem.ram\[38\]\[2\],15.945
_02054_,15.94
dmem.ram\[43\]\[11\],15.94
dmem.ram\[50\]\[10\],15.94
dmem.ram\[56\]\[7\],15.92
net565,15.92
imem.rom\[14\]\[12\],15.91
_06514_,15.9
_01489_,15.86
_02267_,15.86
dmem.ram\[43\]\[1\],15.86
_02609_,15.84
_03931_,15.84
_02890_,15.82
_03964_,15.82
net387,15.82
_01786_,15.8
_05661_,15.8
imem.rom\[14\]\[15\],15.785
_03737_,15.78
net215,15.78
_04343_,15.775
_02344_,15.76
_05193_,15.76
_06173_,15.76
dmem.ram\[15\]\[7\],15.76
rr_ex_reg.RF_D1_Out\[9\],15.76
net1078,15.76
net1500,15.76
_00041_,15.745
dmem.ram\[18\]\[1\],15.74
_02352_,15.72
_03784_,15.72
_05999_,15.72
dmem.ram\[14\]\[0\],15.705
_03985_,15.7
_04322_,15.7
_06165_,15.7
_06132_,15.68
dmem.ram\[31\]\[6\],15.68
imem.rom\[1\]\[12\],15.68
_01345_,15.665
dmem.ram\[6\]\[14\],15.665
dmem.ram\[36\]\[2\],15.645
_02138_,15.64
_05528_,15.64
_03909_,15.62
_05472_,15.62
_06582_,15.62
dmem.ram\[53\]\[12\],15.62
if_id_reg.PC_Next_Out\[7\],15.62
imem.rom\[6\]\[9\],15.605
_05934_,15.6
imem.rom\[4\]\[8\],15.6
_06144_,15.58
_00354_,15.565
_02375_,15.56
_00482_,15.545
_03537_,15.54
_04220_,15.54
imem.rom\[9\]\[9\],15.54
_01992_,15.52
dmem.ram\[28\]\[15\],15.52
imem.rom\[7\]\[3\],15.52
net687,15.52
_04315_,15.5
dmem.ram\[7\]\[7\],15.5
_02218_,15.46
dmem.ram\[44\]\[10\],15.46
_01170_,15.445
_02380_,15.44
_04155_,15.42
_06007_,15.42
_06345_,15.42
dmem.ram\[45\]\[15\],15.42
_02691_,15.4
_02735_,15.4
_04913_,15.4
_05742_,15.4
imem.rom\[14\]\[9\],15.385
_03993_,15.38
ex_mm_reg.Instr_Out\[14\],15.38
net144,15.38
imem.rom\[10\]\[9\],15.365
_04019_,15.36
dmem.ram\[2\]\[14\],15.345
imem.rom\[2\]\[13\],15.345
_03191_,15.34
net531,15.34
_04298_,15.32
dmem.ram\[50\]\[3\],15.32
imem.rom\[7\]\[15\],15.32
imem.rom\[14\]\[5\],15.305
_04978_,15.3
_06703_,15.3
mm_wb_reg.Rd_Addr_Out_PR\[2\],15.28
_00066_,15.265
_02120_,15.26
_05536_,15.26
dmem.ram\[33\]\[0\],15.26
imem.rom\[13\]\[2\],15.26
dmem.ram\[22\]\[1\],15.245
_04825_,15.24
dmem.ram\[43\]\[12\],15.24
net445,15.24
_06175_,15.23
imem.rom\[10\]\[1\],15.225
_02716_,15.22
dmem.ram\[15\]\[0\],15.22
imem.rom\[8\]\[14\],15.22
net390,15.22
dmem.ram\[7\]\[2\],15.2
net83,15.2
net819,15.2
_05561_,15.18
instr_wdata[1],15.16
net631,15.16
net1218,15.16
_02151_,15.14
_05895_,15.14
dmem.ram\[40\]\[4\],15.14
imem.rom\[13\]\[4\],15.14
_03942_,15.12
_05906_,15.12
_01518_,15.105
dmem.ram\[30\]\[12\],15.105
_02168_,15.1
_03062_,15.1
dmem.ram\[21\]\[10\],15.1
dmem.ram\[33\]\[3\],15.1
mm_wb_reg.Rd_Data_Out_PR\[9\],15.1
imem.rom\[12\]\[5\],15.08
imem.rom\[5\]\[15\],15.06
net393,15.06
net179,15.04
_05975_,15.03
dmem.ram\[9\]\[11\],15.02
imem.rom\[13\]\[14\],15
net897,15
_00407_,14.995
_03553_,14.98
_04243_,14.98
_04046_,14.96
_05381_,14.96
dmem.ram\[11\]\[12\],14.96
imem.rom\[7\]\[0\],14.96
net1160,14.96
dmem.ram\[6\]\[3\],14.95
_03652_,14.94
_03811_,14.94
dmem.mem_write_en,14.94
net878,14.94
_03360_,14.92
_04293_,14.92
net1175,14.92
_00932_,14.905
_03114_,14.9
_00149_,14.885
_02152_,14.88
_03455_,14.88
_05916_,14.88
_04452_,14.86
_04988_,14.86
_05117_,14.86
_01595_,14.84
_03137_,14.84
_06630_,14.84
net170,14.84
dmem.ram\[6\]\[1\],14.835
_03844_,14.82
debug_mem_data[14],14.82
_02115_,14.8
_02403_,14.8
_03318_,14.8
_03566_,14.8
_06306_,14.8
dmem.ram\[19\]\[14\],14.8
imem.rom\[12\]\[8\],14.8
imem.rom\[3\]\[2\],14.8
_03738_,14.78
_06525_,14.78
debug_mem_data[1],14.78
net875,14.78
_05907_,14.76
dmem.ram\[31\]\[1\],14.76
imem.rom\[13\]\[3\],14.76
_00989_,14.745
_04597_,14.74
imem.rom\[7\]\[5\],14.74
net461,14.74
dmem.ram\[39\]\[15\],14.73
imem.rom\[14\]\[7\],14.725
_02474_,14.72
_03725_,14.72
_05326_,14.72
net640,14.7
dmem.ram\[11\]\[0\],14.68
net644,14.68
net547,14.66
dmem.ram\[28\]\[12\],14.64
dmem.ram\[56\]\[15\],14.64
net847,14.64
_02738_,14.62
imem.rom\[9\]\[7\],14.62
_02514_,14.6
imem.rom\[13\]\[1\],14.6
imem.rom\[3\]\[15\],14.6
_00936_,14.585
_01233_,14.585
net1248,14.58
_02570_,14.56
_04775_,14.56
dmem.ram\[33\]\[1\],14.56
net1099,14.56
_00632_,14.545
_01618_,14.545
_02715_,14.54
_03255_,14.54
_05020_,14.54
instr_wdata[13],14.54
_00698_,14.525
_03273_,14.52
_03680_,14.52
net135,14.52
dmem.ram\[34\]\[13\],14.5
net307,14.5
_00213_,14.485
_01832_,14.48
_06101_,14.48
dmem.ram\[30\]\[13\],14.475
_00697_,14.465
_02327_,14.46
_03775_,14.46
_04573_,14.46
_06172_,14.46
imem.rom\[15\]\[2\],14.46
_02431_,14.44
_04024_,14.44
_04138_,14.44
imem.rom\[11\]\[7\],14.44
_02873_,14.42
_03228_,14.42
imem.rom\[7\]\[11\],14.42
_00938_,14.405
regfile.registerFile\[7\]\[2\],14.39
net420,14.38
_02300_,14.36
_06414_,14.36
regfile.registerFile\[5\]\[14\],14.36
net1186,14.36
_02396_,14.34
dmem.ram\[9\]\[14\],14.34
net437,14.34
net912,14.34
_02333_,14.32
dmem.ram\[6\]\[2\],14.31
_01785_,14.3
_04998_,14.3
_00940_,14.28
_05970_,14.28
net1139,14.28
net1203,14.28
dmem.ram\[30\]\[2\],14.27
dmem.ram\[14\]\[3\],14.265
imem.rom\[10\]\[10\],14.265
_06183_,14.26
dmem.ram\[13\]\[0\],14.26
dmem.ram\[15\]\[14\],14.26
dmem.ram\[5\]\[7\],14.26
if_id_reg.PC_Next_Out\[12\],14.26
net1396,14.26
_04419_,14.24
_04981_,14.24
_01254_,14.235
_04361_,14.22
_03189_,14.2
_03619_,14.2
_05809_,14.2
_05950_,14.2
_06169_,14.2
net601,14.2
_02132_,14.18
_02762_,14.18
_03778_,14.18
imem.rom\[9\]\[3\],14.18
clknet_leaf_174_clk,14.18
_04120_,14.16
net622,14.16
net1538,14.16
_00652_,14.145
_03918_,14.14
dmem.ram\[46\]\[10\],14.14
dmem.ram\[48\]\[11\],14.14
regfile.registerFile\[1\]\[8\],14.14
net400,14.14
_01731_,14.12
_02347_,14.12
_02662_,14.12
_03961_,14.12
_05167_,14.12
dmem.ram\[31\]\[14\],14.12
dmem.ram\[58\]\[0\],14.12
net955,14.12
dmem.ram\[44\]\[7\],14.105
dmem.ram\[19\]\[4\],14.1
_02175_,14.08
_04027_,14.08
_06600_,14.08
_03547_,14.06
dmem.ram\[3\]\[15\],14.06
net127,14.06
imem.rom\[12\]\[10\],14.04
_03427_,14.02
_05944_,14.02
dmem.ram\[51\]\[15\],14.02
ex_mm_reg.RF_D2_Out\[3\],14.02
_02192_,14
_03502_,14
_03669_,14
_03826_,14
_04658_,14
_05748_,14
dmem.ram\[21\]\[7\],14
dmem.ram\[5\]\[2\],14
ex_mm_reg.RF_D2_Out\[13\],14
regfile.registerFile\[3\]\[2\],14
net500,14
net586,14
_00025_,13.985
imem.rom\[7\]\[9\],13.98
pc_out_port[4],13.98
pc_out_port[7],13.98
net1072,13.98
_02252_,13.96
_03061_,13.96
_03678_,13.96
_03899_,13.96
_04417_,13.96
_05890_,13.96
dmem.ram\[37\]\[14\],13.96
dmem.ram\[42\]\[11\],13.95
_05990_,13.94
_04977_,13.925
_03851_,13.92
_04202_,13.92
_05534_,13.92
dmem.ram\[7\]\[4\],13.92
imem.rom\[7\]\[7\],13.92
net301,13.92
net504,13.92
dmem.ram\[53\]\[13\],13.89
_02397_,13.88
_02681_,13.88
_02699_,13.88
_04694_,13.88
_05540_,13.88
_05720_,13.88
dmem.ram\[45\]\[11\],13.88
dmem.ram\[9\]\[7\],13.88
rr_ex_reg.RF_A2_Out\[2\],13.88
_01650_,13.86
_00152_,13.845
_01920_,13.84
_02071_,13.84
_02179_,13.84
_03309_,13.84
_03788_,13.84
_04050_,13.84
_06413_,13.84
dmem.ram\[55\]\[10\],13.84
imem.rom\[4\]\[5\],13.84
imem.rom\[7\]\[1\],13.84
net1179,13.84
imem.rom\[2\]\[5\],13.825
_04575_,13.82
_05891_,13.82
dmem.ram\[1\]\[7\],13.82
net258,13.82
_01262_,13.805
_05137_,13.8
_06547_,13.8
net544,13.8
net664,13.8
net1399,13.8
_00448_,13.785
_04310_,13.78
net283,13.78
_05191_,13.76
dmem.ram\[55\]\[4\],13.76
net134,13.76
net1065,13.76
_02881_,13.72
_04840_,13.72
dmem.ram\[54\]\[9\],13.72
imem.rom\[15\]\[11\],13.72
net809,13.72
net858,13.72
dmem.ram\[56\]\[8\],13.7
dmem.ram\[43\]\[0\],13.68
dmem.ram\[43\]\[6\],13.68
_02496_,13.66
_06580_,13.64
net1359,13.64
net1511,13.64
_02051_,13.62
_02053_,13.62
_02438_,13.62
net1542,13.62
_03421_,13.6
_05203_,13.6
imem.rom\[13\]\[11\],13.6
net92,13.6
_02255_,13.58
_03881_,13.58
_04990_,13.58
_05639_,13.58
_06439_,13.58
_05443_,13.57
_04359_,13.56
_04748_,13.56
dmem.ram\[53\]\[1\],13.56
net777,13.56
dmem.ram\[6\]\[6\],13.555
_05791_,13.54
_06076_,13.54
net1537,13.54
dmem.ram\[13\]\[11\],13.52
dmem.ram\[56\]\[10\],13.52
_02079_,13.5
dmem.ram\[33\]\[15\],13.5
_05287_,13.48
_06488_,13.48
dmem.ram\[31\]\[3\],13.48
dmem.ram\[2\]\[2\],13.465
_04009_,13.46
_04912_,13.46
_05783_,13.46
dmem.ram\[27\]\[14\],13.44
dmem.ram\[49\]\[13\],13.44
net495,13.44
net1259,13.44
_03115_,13.42
_04503_,13.42
_04908_,13.42
_05258_,13.42
_05344_,13.42
_06177_,13.42
dmem.ram\[10\]\[0\],13.41
_02323_,13.4
_03034_,13.4
dmem.ram\[45\]\[1\],13.4
net1287,13.4
_00980_,13.385
_03946_,13.38
dmem.ram\[50\]\[8\],13.38
imem.rom\[11\]\[0\],13.38
imem.rom\[11\]\[11\],13.38
imem.rom\[9\]\[10\],13.38
net583,13.38
imem.rom\[14\]\[6\],13.365
imem.rom\[2\]\[14\],13.365
net1347,13.36
net1408,13.36
_03056_,13.34
_03863_,13.34
_05092_,13.34
dmem.ram\[55\]\[14\],13.34
if_id_reg.PC_Next_Out\[13\],13.34
imem.rom\[13\]\[15\],13.34
imem.rom\[3\]\[6\],13.34
imem.rom\[3\]\[9\],13.34
imem.rom\[5\]\[1\],13.34
imem.rom\[5\]\[7\],13.34
_02348_,13.32
net319,13.32
net446,13.32
regfile.registerFile\[7\]\[3\],13.3
_05014_,13.285
_05025_,13.28
debug_reg_data[15],13.28
net372,13.28
net419,13.28
net734,13.28
_03838_,13.26
_03976_,13.26
dmem.ram\[51\]\[14\],13.26
net321,13.26
_02528_,13.24
_03758_,13.24
_00648_,13.225
_05712_,13.22
net635,13.22
_00153_,13.205
_01762_,13.2
_02116_,13.2
_03469_,13.2
_03556_,13.2
_05028_,13.2
_04270_,13.18
_06433_,13.18
net469,13.18
net1066,13.18
_01640_,13.165
_03456_,13.16
_03975_,13.16
_03990_,13.16
_04703_,13.16
_05493_,13.16
dmem.ram\[62\]\[1\],13.145
net485,13.14
dmem.ram\[13\]\[6\],13.125
_03745_,13.12
net1162,13.12
_01771_,13.1
_04611_,13.1
_05780_,13.1
_05929_,13.1
dmem.ram\[37\]\[13\],13.1
imem.rom\[3\]\[3\],13.1
net1443,13.1
_02454_,13.08
_05441_,13.08
_06455_,13.08
dmem.ram\[44\]\[1\],13.08
ex_mm_reg.RF_D2_Out\[10\],13.08
imem.rom\[1\]\[13\],13.06
imem.rom\[8\]\[1\],13.05
_01576_,13.045
dmem.ram\[52\]\[6\],13.045
imem.rom\[6\]\[4\],13.045
_01979_,13.04
_02508_,13.04
_02529_,13.04
_02543_,13.04
_02580_,13.04
_04617_,13.04
_04893_,13.04
_05048_,13.04
_05202_,13.04
_05522_,13.04
_05727_,13.04
_06583_,13.04
dmem.ram\[21\]\[0\],13.04
dmem.ram\[48\]\[12\],13.04
imem.rom\[12\]\[7\],13.04
net647,13.04
_05474_,13.02
_05926_,13.02
net1502,13.02
_05174_,13.01
_01738_,13
_03893_,13
_05901_,13
dmem.ram\[31\]\[8\],13
net287,13
net415,13
net503,13
_01069_,12.98
_04732_,12.98
_05204_,12.98
net200,12.98
net1087,12.98
net1197,12.98
_00335_,12.965
_02906_,12.96
_03690_,12.96
_03928_,12.96
_05185_,12.96
_05301_,12.96
net512,12.96
_06399_,12.94
net423,12.94
net582,12.94
net1187,12.94
_00342_,12.92
_02683_,12.92
_04815_,12.92
_05410_,12.9
net790,12.9
net1155,12.9
dmem.ram\[23\]\[8\],12.88
dmem.ram\[7\]\[0\],12.88
imem.rom\[4\]\[6\],12.88
net296,12.88
net557,12.88
net774,12.88
_00280_,12.865
_01437_,12.865
_05158_,12.86
ex_mm_reg.Rd_Data_Out_PR\[6\],12.86
net313,12.84
_00969_,12.825
net672,12.82
net837,12.82
_03213_,12.8
net508,12.8
net700,12.8
net1474,12.8
_06138_,12.78
dmem.ram\[0\]\[13\],12.78
net654,12.76
_04218_,12.74
_06178_,12.74
dmem.ram\[33\]\[10\],12.74
dmem.ram\[39\]\[8\],12.74
imem.rom\[7\]\[4\],12.73
_01575_,12.725
_02182_,12.72
_02329_,12.72
_04530_,12.72
_05492_,12.72
_06055_,12.72
mm_wb_reg.Rd_Data_Out_PR\[15\],12.72
net497,12.72
_02260_,12.7
_03430_,12.7
_03906_,12.7
_05855_,12.7
_06431_,12.7
net201,12.7
_03159_,12.68
_04232_,12.68
mm_wb_reg.Rd_Data_Out_PR\[7\],12.68
_05900_,12.66
imem.rom\[0\]\[12\],12.66
net699,12.66
_01855_,12.64
_02489_,12.64
_03531_,12.64
_04113_,12.64
_06354_,12.64
imem.rom\[11\]\[14\],12.64
rr_ex_reg.RF_A1_Out\[2\],12.64
imem.rom\[12\]\[9\],12.63
_00478_,12.625
_04991_,12.625
_02050_,12.62
_02286_,12.62
_03412_,12.62
_03425_,12.62
_04055_,12.62
_05081_,12.62
_05186_,12.62
_05960_,12.62
_06294_,12.62
_06617_,12.62
regfile.registerFile\[3\]\[9\],12.62
net585,12.62
net989,12.62
net1444,12.62
imem.rom\[10\]\[6\],12.605
_00552_,12.6
_02871_,12.6
_04144_,12.6
_04728_,12.6
_06406_,12.6
net1478,12.6
_01390_,12.585
imem.rom\[10\]\[12\],12.585
imem.rom\[2\]\[7\],12.585
_02537_,12.58
_02613_,12.58
_04272_,12.58
_04691_,12.58
ex_mm_reg.RF_D2_Out\[2\],12.58
net297,12.58
net887,12.58
_01680_,12.56
_05069_,12.56
_02248_,12.54
_02492_,12.54
_03378_,12.54
_01922_,12.52
_02245_,12.52
dmem.ram\[39\]\[11\],12.52
_04808_,12.5
_06329_,12.5
dmem.ram\[63\]\[1\],12.5
net214,12.5
_06727_,12.48
debug_mem_data[12],12.48
debug_mem_data[2],12.48
debug_reg_data[8],12.48
_00806_,12.46
_04037_,12.46
_04358_,12.46
net255,12.46
_01842_,12.45
_03853_,12.44
_05171_,12.44
net346,12.44
_00953_,12.42
_02493_,12.42
_03448_,12.42
_05598_,12.42
_05884_,12.42
imem.rom\[3\]\[11\],12.42
net343,12.42
net833,12.42
_03711_,12.4
_04899_,12.4
_05065_,12.4
net364,12.4
imem.rom\[6\]\[1\],12.385
_04164_,12.38
_05927_,12.38
dmem.ram\[27\]\[15\],12.38
_00015_,12.365
_03035_,12.36
net143,12.36
_00529_,12.345
_03857_,12.34
_01612_,12.32
_03440_,12.32
_03938_,12.32
net432,12.32
_04292_,12.3
dmem.ram\[34\]\[1\],12.3
dmem.ram\[50\]\[15\],12.3
ex_mm_reg.Rd_Data_Out_PR\[1\],12.3
_01343_,12.285
_02377_,12.28
_03956_,12.28
_05019_,12.28
_02043_,12.26
net668,12.26
_03078_,12.24
_04860_,12.24
_05998_,12.24
imem.rom\[1\]\[5\],12.24
instr_wdata[14],12.24
instr_wdata[3],12.24
instr_wdata[4],12.24
net1079,12.24
net1352,12.24
_04234_,12.22
dmem.ram\[19\]\[12\],12.22
dmem.ram\[23\]\[1\],12.22
dmem.ram\[51\]\[10\],12.22
_05175_,12.21
_01507_,12.205
_01522_,12.205
_04044_,12.2
_04823_,12.2
_04833_,12.2
dmem.ram\[57\]\[1\],12.2
_01915_,12.18
_06240_,12.18
_06332_,12.18
dmem.ram\[0\]\[7\],12.18
_00718_,12.165
_01177_,12.165
_01967_,12.16
_02548_,12.16
_03394_,12.16
_03443_,12.16
_06120_,12.16
net449,12.16
net932,12.16
_01516_,12.145
_02908_,12.12
_04269_,12.12
_05644_,12.12
_06524_,12.12
_06676_,12.12
net786,12.12
net1215,12.12
_03447_,12.1
_04526_,12.1
_04754_,12.1
_05887_,12.1
_06013_,12.1
_06205_,12.1
_06347_,12.1
_02394_,12.08
_03125_,12.08
_05016_,12.08
_05155_,12.08
_05922_,12.08
net645,12.08
_05173_,12.07
_01219_,12.065
_02721_,12.06
_05656_,12.06
_05739_,12.06
_06219_,12.06
net1535,12.06
_02177_,12.04
_03617_,12.04
_03949_,12.04
_04187_,12.04
_05976_,12.04
_06201_,12.04
_06484_,12.04
net395,12.04
net1209,12.04
_04244_,12.03
_04084_,12.02
_05846_,12.02
net478,12.02
net1191,12.02
dmem.ram\[6\]\[0\],12.01
_01227_,12.005
_05672_,12.005
imem.rom\[6\]\[13\],12.005
dmem.ram\[51\]\[12\],12
imem.rom\[15\]\[3\],12
imem.rom\[5\]\[3\],12
net345,12
_04215_,11.98
net953,11.98
net1304,11.98
net1332,11.98
_03649_,11.96
dmem.ram\[23\]\[7\],11.96
dmem.ram\[39\]\[10\],11.96
imem.rom\[3\]\[7\],11.96
_05889_,11.955
_02387_,11.94
_02859_,11.94
_02877_,11.94
_03732_,11.94
_04280_,11.94
net256,11.94
net650,11.94
net1275,11.94
_06218_,11.92
_00155_,11.905
_02676_,11.9
_02849_,11.9
_05790_,11.9
net950,11.9
_02310_,11.88
dmem.ram\[49\]\[10\],11.88
dmem.ram\[55\]\[13\],11.88
zero_flag_port,11.87
_04333_,11.86
_06014_,11.86
_00273_,11.845
_02911_,11.84
_01418_,11.825
_01746_,11.82
_04565_,11.82
net534,11.82
net579,11.82
net1231,11.82
_04257_,11.8
_06022_,11.8
_06493_,11.8
_00392_,11.785
_03858_,11.78
_04196_,11.78
_04645_,11.78
_05360_,11.78
_05657_,11.78
instr_waddr[1],11.78
instr_waddr[3],11.78
instr_wdata[5],11.78
net261,11.78
_03705_,11.76
dmem.ram\[53\]\[8\],11.76
net1069,11.76
_03438_,11.74
_06096_,11.74
dmem.ram\[32\]\[0\],11.74
_03112_,11.72
_05968_,11.72
_06668_,11.72
_02707_,11.7
_04574_,11.7
_05190_,11.7
_05350_,11.7
imem.rom\[3\]\[8\],11.7
net118,11.7
net304,11.7
net917,11.7
_00565_,11.685
_06444_,11.68
debug_mem_data[10],11.68
debug_reg_data[4],11.68
imem.rom\[15\]\[1\],11.68
imem.rom\[3\]\[13\],11.68
pc_out_port[12],11.68
pc_out_port[5],11.68
pc_out_port[6],11.68
net1075,11.68
_00766_,11.665
_01521_,11.665
_01587_,11.665
imem.rom\[14\]\[0\],11.665
_02084_,11.66
_02603_,11.66
_03252_,11.66
_04483_,11.66
_04763_,11.66
_05743_,11.66
_06454_,11.66
dmem.ram\[23\]\[15\],11.66
net123,11.66
_00526_,11.645
_03036_,11.64
_04407_,11.64
_04592_,11.64
_04683_,11.64
dmem.ram\[3\]\[2\],11.64
_00470_,11.625
_00618_,11.625
_02501_,11.62
_02535_,11.62
_02720_,11.62
_02801_,11.62
_05210_,11.62
net377,11.62
_06131_,11.6
net1523,11.6
imem.rom\[10\]\[5\],11.585
_02052_,11.58
_02068_,11.58
_02297_,11.58
_02307_,11.58
_02806_,11.58
_03493_,11.58
_04085_,11.58
imem.rom\[9\]\[12\],11.58
net219,11.58
net551,11.58
net712,11.58
_01454_,11.565
_03563_,11.56
net743,11.56
net1225,11.56
net1288,11.56
net1290,11.56
_01707_,11.55
_02351_,11.54
_03468_,11.54
imem.rom\[13\]\[8\],11.54
net697,11.54
net997,11.54
net1090,11.54
_00157_,11.535
_01486_,11.525
_01232_,11.52
_02900_,11.52
_03529_,11.52
net277,11.52
net735,11.52
net966,11.52
net1316,11.52
_01361_,11.505
_02112_,11.5
_03864_,11.5
_05318_,11.5
_05619_,11.5
imem.rom\[1\]\[0\],11.5
imem.rom\[7\]\[12\],11.5
_01341_,11.485
net722,11.48
_05977_,11.46
_06577_,11.46
net193,11.46
net943,11.46
_02945_,11.44
_03895_,11.44
_04328_,11.44
_01821_,11.42
_02309_,11.42
_04806_,11.42
_05363_,11.42
_05921_,11.42
_06648_,11.42
net604,11.42
_01152_,11.415
_01368_,11.405
_05393_,11.4
mm_wb_reg.Rd_Data_Out_PR\[8\],11.4
_05876_,11.385
_03188_,11.38
net862,11.38
_01497_,11.365
_05279_,11.36
net178,11.36
_00301_,11.345
_01924_,11.34
_04250_,11.34
_05073_,11.34
net1173,11.34
_01919_,11.32
_03462_,11.32
_04644_,11.32
_04875_,11.32
_05502_,11.32
_05756_,11.32
_05792_,11.32
_05914_,11.32
net441,11.32
_00637_,11.305
dmem.ram\[15\]\[6\],11.3
rr_ex_reg.cntrl_out\[8\],11.3
_00063_,11.285
_01403_,11.285
_02346_,11.28
_03558_,11.28
_03696_,11.28
_04900_,11.28
dmem.ram\[54\]\[15\],11.28
net1302,11.28
_01954_,11.26
_03044_,11.26
pc_out_port[3],11.26
net939,11.26
_00202_,11.245
_00857_,11.245
imem.rom\[6\]\[2\],11.245
_02048_,11.24
_02308_,11.24
_04335_,11.24
pc_out_port[8],11.24
net853,11.24
net1021,11.24
_00605_,11.225
_05687_,11.22
imem.rom\[14\]\[8\],11.21
imem.rom\[2\]\[10\],11.205
_02033_,11.2
_02533_,11.2
_03074_,11.2
_04323_,11.2
_06141_,11.2
rr_ex_reg.cntrl_out\[1\],11.2
net231,11.2
net1267,11.2
net1340,11.2
_04337_,11.18
_04653_,11.18
_04798_,11.18
_06262_,11.18
_00522_,11.165
_02193_,11.16
_02910_,11.16
_05993_,11.16
net724,11.16
_02395_,11.14
_03459_,11.14
net357,11.14
net1047,11.14
net1129,11.14
_00082_,11.125
_02459_,11.12
_02560_,11.12
_02758_,11.12
_03886_,11.12
_05530_,11.12
_05819_,11.12
_06260_,11.12
_06510_,11.12
_06620_,11.12
_06634_,11.12
_06723_,11.12
dmem.ram\[52\]\[1\],11.12
_01607_,11.1
_02407_,11.1
_02527_,11.1
_02635_,11.1
_03267_,11.1
_03538_,11.1
net479,11.1
net591,11.1
_01453_,11.085
imem.rom\[10\]\[13\],11.085
_04554_,11.08
_05018_,11.08
dmem.ram\[39\]\[5\],11.08
dmem.ram\[39\]\[7\],11.08
imem.rom\[1\]\[11\],11.08
imem.rom\[5\]\[12\],11.08
imem.rom\[9\]\[4\],11.08
_00701_,11.065
_03359_,11.06
_04803_,11.06
_06307_,11.06
net356,11.06
net440,11.06
net896,11.06
net1453,11.06
_02631_,11.04
_03735_,11.04
dmem.ram\[29\]\[1\],11.04
_05714_,11.03
_02667_,11.02
_05227_,11.02
debug_mem_addr[4],11.02
debug_mem_addr[5],11.02
net633,11.02
net1298,11.02
dmem.ram\[55\]\[12\],11
imem.rom\[11\]\[1\],11
net772,11
_00568_,10.985
imem.rom\[14\]\[13\],10.985
_02615_,10.98
_04147_,10.98
_05587_,10.98
_00635_,10.965
_01260_,10.965
_02703_,10.96
_03511_,10.96
_04071_,10.96
_05268_,10.96
ex_mm_reg.Rd_Data_Out_PR\[3\],10.96
net1454,10.94
_04400_,10.92
_05370_,10.92
dmem.ram\[33\]\[12\],10.92
_03596_,10.9
_03686_,10.9
_04327_,10.9
_06705_,10.9
net414,10.9
net498,10.9
net1411,10.9
_04219_,10.885
_01677_,10.88
_02324_,10.88
_05414_,10.88
_01982_,10.86
_02246_,10.86
_02276_,10.86
_02944_,10.86
_05100_,10.86
_05277_,10.86
_05314_,10.86
_06498_,10.86
net239,10.86
net975,10.86
_00671_,10.845
_01000_,10.845
_04039_,10.84
dmem.ram\[49\]\[1\],10.84
mm_wb_reg.Rd_Data_Out_PR\[0\],10.84
regfile.registerFile\[5\]\[15\],10.84
_00860_,10.825
_02629_,10.82
_03569_,10.82
_05832_,10.82
_06034_,10.82
_06420_,10.82
net405,10.82
_04235_,10.81
_01416_,10.805
_01562_,10.805
_05183_,10.8
_02657_,10.78
_03253_,10.78
_03994_,10.78
_04207_,10.78
_04216_,10.78
_04632_,10.78
_04670_,10.78
_05595_,10.78
_05820_,10.78
_06280_,10.78
net140,10.78
net149,10.78
net221,10.78
net563,10.78
net627,10.78
net812,10.78
net1134,10.78
net1350,10.78
_00943_,10.775
_01100_,10.76
_01185_,10.76
_02482_,10.76
_03403_,10.76
_06095_,10.76
_06209_,10.76
net470,10.76
_01506_,10.745
imem.rom\[2\]\[6\],10.745
_02690_,10.74
_03603_,10.74
_05330_,10.74
_05342_,10.74
dmem.ram\[40\]\[0\],10.74
dmem.ram\[46\]\[1\],10.74
net510,10.74
net573,10.74
_01078_,10.725
_02134_,10.72
_04595_,10.72
_05286_,10.72
_00341_,10.705
_00826_,10.705
_00967_,10.705
_02176_,10.7
_02612_,10.7
_04208_,10.7
_04676_,10.7
net229,10.7
net1498,10.7
_02341_,10.68
_03341_,10.68
_03571_,10.68
_04266_,10.68
_05024_,10.68
_06154_,10.68
_06215_,10.68
net320,10.68
net564,10.68
_02495_,10.66
_04297_,10.66
_04522_,10.66
_05188_,10.66
_06222_,10.66
_06541_,10.66
net452,10.66
net487,10.66
net698,10.66
net994,10.66
_02905_,10.64
_04070_,10.64
_05641_,10.64
_05801_,10.64
net597,10.64
net1241,10.64
_02012_,10.62
_02370_,10.62
_02610_,10.62
_03663_,10.62
ex_mm_reg.Rd_Data_Out_PR\[13\],10.62
imem.rom\[1\]\[15\],10.62
imem.rom\[1\]\[2\],10.62
imem.rom\[3\]\[4\],10.62
imem.rom\[5\]\[4\],10.62
imem.rom\[9\]\[15\],10.62
_01539_,10.605
_03101_,10.6
net396,10.6
net451,10.6
net816,10.6
net1539,10.6
_02207_,10.58
_02242_,10.58
_02328_,10.58
_03276_,10.58
_03743_,10.58
_04690_,10.58
_04967_,10.58
_05034_,10.58
_05306_,10.58
_06139_,10.58
imem.rom\[11\]\[13\],10.58
net410,10.58
net1015,10.58
net1043,10.58
_00114_,10.565
_03353_,10.56
_03936_,10.56
_06316_,10.56
net490,10.56
debug_reg_addr[2],10.55
_02901_,10.54
_03215_,10.54
_03708_,10.54
_03746_,10.54
_04376_,10.54
_05961_,10.54
_06712_,10.54
dmem.ram\[56\]\[1\],10.54
imem.rom\[8\]\[2\],10.54
net165,10.54
net741,10.54
net1132,10.54
_00555_,10.525
_04968_,10.525
net1061,10.52
_00376_,10.5
_01806_,10.5
_02422_,10.5
_05396_,10.5
imem.rom\[11\]\[9\],10.5
imem.rom\[3\]\[12\],10.5
_00315_,10.485
_03892_,10.48
_01248_,10.465
_05992_,10.46
net1271,10.46
_01722_,10.44
_02413_,10.44
_04393_,10.44
_05284_,10.44
_05405_,10.44
_05559_,10.44
_05574_,10.44
_06167_,10.44
_06508_,10.44
id_rr_reg.pc_next_out\[2\],10.44
_00422_,10.435
_01662_,10.42
_04185_,10.42
_04193_,10.42
_06108_,10.42
net1482,10.42
_01673_,10.4
_04538_,10.4
_05335_,10.4
_05430_,10.4
_05562_,10.4
_05818_,10.4
_06480_,10.4
_06559_,10.4
net1373,10.4
_03584_,10.38
imem.rom\[15\]\[15\],10.38
net227,10.38
_00771_,10.365
_05412_,10.36
_05500_,10.36
net91,10.36
net316,10.36
net453,10.36
_06230_,10.34
_00453_,10.325
_00463_,10.325
net136,10.325
_02444_,10.32
_02551_,10.32
_03420_,10.32
_03615_,10.32
_04460_,10.32
_04799_,10.32
_05637_,10.32
_06187_,10.32
_06259_,10.32
mm_wb_reg.Rd_Data_Out_PR\[1\],10.32
net245,10.32
net613,10.32
net825,10.32
net992,10.32
net1240,10.32
net1415,10.32
_01835_,10.3
_04042_,10.3
_04151_,10.3
_04198_,10.3
net1289,10.3
_01578_,10.285
_02022_,10.28
_02293_,10.28
_03710_,10.28
_04017_,10.28
_04176_,10.28
_04372_,10.28
_04512_,10.28
_05747_,10.28
_05778_,10.28
_05779_,10.28
_06024_,10.28
_06298_,10.28
_06471_,10.28
rr_ex_reg.RF_D1_Out\[1\],10.28
net131,10.28
net138,10.28
net235,10.28
_02332_,10.26
_03662_,10.26
_04462_,10.26
_04630_,10.26
_05147_,10.26
_06371_,10.26
_01163_,10.245
_02525_,10.24
_03419_,10.24
_03508_,10.24
_04730_,10.24
_05722_,10.24
_06348_,10.24
dmem.ram\[31\]\[15\],10.24
net265,10.24
_00834_,10.225
_01385_,10.225
_01554_,10.225
_01320_,10.22
_02471_,10.22
_03083_,10.22
_03757_,10.22
_04558_,10.22
_04563_,10.22
net526,10.22
net595,10.22
net605,10.22
net821,10.22
net1028,10.22
net1084,10.22
net1229,10.22
net1357,10.22
_01187_,10.215
_01700_,10.2
_01935_,10.2
_02578_,10.2
_04891_,10.2
_05199_,10.2
_05398_,10.2
_06506_,10.2
_06517_,10.2
_06706_,10.2
imem.rom\[4\]\[9\],10.2
net904,10.2
net1296,10.2
_00930_,10.18
_04063_,10.18
_04631_,10.18
net146,10.18
net757,10.18
net1143,10.18
net1202,10.18
imem.rom\[12\]\[11\],10.17
_02281_,10.16
imem.rom\[11\]\[5\],10.16
mm_wb_reg.Rd_Data_Out_PR\[4\],10.16
_00161_,10.145
_00997_,10.14
net226,10.14
net275,10.14
net367,10.14
net902,10.14
_01508_,10.125
_06016_,10.12
net576,10.12
net919,10.12
net1314,10.12
_01542_,10.1
_01961_,10.1
_04902_,10.1
_05217_,10.1
_06709_,10.1
net796,10.1
_00165_,10.08
_01119_,10.08
_02694_,10.08
_03748_,10.08
_03920_,10.08
_04128_,10.08
_06206_,10.08
net928,10.08
net944,10.08
_03635_,10.06
_04380_,10.06
_04715_,10.06
dmem.ram\[41\]\[7\],10.06
net1531,10.06
_00570_,10.045
_01112_,10.045
_02957_,10.04
_04192_,10.04
dmem.ram\[42\]\[8\],10.04
_00070_,10.025
_00631_,10.025
_00817_,10.025
net55,10.02
_01960_,10
_00753_,9.985
_02092_,9.98
_03073_,9.98
_03734_,9.98
_03773_,9.98
_04299_,9.98
_05858_,9.98
_06654_,9.98
debug_reg_data[2],9.98
debug_reg_data[6],9.98
pc_out_port[0],9.98
pc_out_port[15],9.98
net150,9.98
net1063,9.98
net1382,9.98
net1447,9.98
net1466,9.98
net1541,9.98
_02232_,9.96
_03831_,9.95
_01127_,9.945
_02414_,9.94
_02604_,9.94
_04368_,9.94
_04677_,9.94
_04827_,9.94
_05094_,9.94
_05505_,9.94
net481,9.94
net506,9.94
net1400,9.94
_05383_,9.92
net1045,9.92
_01268_,9.905
_01406_,9.905
_00590_,9.9
_03575_,9.9
_03767_,9.9
_04048_,9.9
_04771_,9.9
_05116_,9.9
_05815_,9.9
imem.rom\[3\]\[10\],9.9
_00100_,9.885
_01131_,9.88
_02208_,9.88
_04480_,9.88
_05170_,9.88
net177,9.88
net1513,9.88
_00654_,9.865
_01930_,9.86
_02164_,9.86
_03071_,9.86
_03076_,9.86
_03512_,9.86
_03595_,9.86
_04668_,9.86
_04849_,9.86
_05266_,9.86
_06715_,9.86
net778,9.86
net987,9.86
net1106,9.86
net1253,9.86
_01108_,9.84
_01277_,9.84
_06343_,9.84
_01023_,9.825
_01101_,9.82
_01718_,9.82
_02577_,9.82
_03038_,9.82
_03904_,9.82
_04319_,9.82
_04409_,9.82
_05138_,9.82
_05964_,9.82
_06091_,9.82
_06126_,9.82
_06312_,9.82
rr_ex_reg.RF_D1_Out\[8\],9.82
net247,9.82
net268,9.82
net513,9.82
_01853_,9.8
_05107_,9.8
_05737_,9.8
_05838_,9.8
net1431,9.8
_02588_,9.79
_06008_,9.79
_00664_,9.785
_01039_,9.785
_01667_,9.78
_03109_,9.78
_04743_,9.78
_05983_,9.78
_06396_,9.78
_06720_,9.78
dmem.ram\[49\]\[15\],9.78
_00494_,9.76
_03861_,9.76
net224,9.76
net649,9.76
net1412,9.76
net1420,9.76
_03952_,9.74
_04377_,9.74
_05362_,9.74
_06467_,9.74
net1260,9.74
_01222_,9.725
imem.rom\[2\]\[3\],9.725
_00131_,9.72
_00608_,9.72
_03087_,9.72
_03489_,9.72
_05072_,9.72
_06491_,9.72
net665,9.72
net828,9.72
net889,9.72
net946,9.72
net1050,9.72
net1324,9.72
net1432,9.72
net132,9.705
_01875_,9.7
_04427_,9.7
net996,9.7
_04267_,9.69
_00459_,9.685
_02096_,9.68
_02923_,9.68
net1335,9.68
_01563_,9.665
_01659_,9.66
_02922_,9.66
_03645_,9.66
_03694_,9.66
net611,9.66
net748,9.66
net956,9.66
net1068,9.66
net1080,9.66
net1216,9.66
_00673_,9.645
_01228_,9.64
_02942_,9.64
_03712_,9.64
_04388_,9.64
_06719_,9.64
net472,9.64
net674,9.64
net1159,9.64
_01997_,9.62
_03988_,9.62
_06001_,9.62
net1111,9.62
net1349,9.62
_02265_,9.6
_03358_,9.6
_00551_,9.585
_06426_,9.58
imem.rom\[13\]\[9\],9.58
net961,9.58
_00204_,9.565
_05470_,9.56
instr_wdata[0],9.55
_03541_,9.54
_05480_,9.54
_05708_,9.54
net408,9.54
net448,9.54
_00758_,9.525
_00941_,9.52
_02544_,9.52
_02704_,9.52
_03013_,9.52
_03068_,9.52
_03555_,9.52
_04150_,9.52
_04583_,9.52
_04788_,9.52
_06335_,9.52
_06460_,9.52
_06570_,9.52
ex_mm_reg.RF_D2_Out\[9\],9.52
ex_mm_reg.Rd_Data_Out_PR\[11\],9.52
net695,9.52
net963,9.52
net1195,9.52
net1529,9.52
_01129_,9.505
_02490_,9.5
_00937_,9.485
_01164_,9.48
_02879_,9.48
_03254_,9.48
_03524_,9.48
_03780_,9.48
_03789_,9.48
_04396_,9.48
_04608_,9.48
_04898_,9.48
_05150_,9.48
_05425_,9.48
_05690_,9.48
_06039_,9.48
_06308_,9.48
_06456_,9.48
_06477_,9.48
dmem.ram\[34\]\[0\],9.48
net438,9.48
_06665_,9.46
dmem.ram\[13\]\[1\],9.46
dmem.ram\[32\]\[9\],9.46
net1219,9.46
_00179_,9.445
_00638_,9.445
_01251_,9.445
_01519_,9.445
_01674_,9.44
_02241_,9.44
_02306_,9.44
_02322_,9.44
_03124_,9.44
_03763_,9.44
_05322_,9.44
_05423_,9.44
_05489_,9.44
_05847_,9.44
dmem.ram\[49\]\[0\],9.44
net399,9.44
_02150_,9.42
_03786_,9.42
_04030_,9.42
_04627_,9.42
_04635_,9.42
_05234_,9.42
_05457_,9.42
_05758_,9.42
_06233_,9.42
_06453_,9.42
_06475_,9.42
_06503_,9.42
_06704_,9.42
_01033_,9.405
_01273_,9.405
_01532_,9.405
_01590_,9.405
_00948_,9.4
_01711_,9.4
_02085_,9.4
_02614_,9.4
_03756_,9.4
_04745_,9.4
_04854_,9.4
_04995_,9.4
_05836_,9.4
_06340_,9.4
net191,9.4
net1137,9.4
net1161,9.4
net411,9.38
_00375_,9.365
_01339_,9.365
_01910_,9.36
_01923_,9.36
_02247_,9.36
_02641_,9.36
_03882_,9.36
_03980_,9.36
_04073_,9.36
_04284_,9.36
_04416_,9.36
_04838_,9.36
_06466_,9.36
_06651_,9.36
net371,9.36
net545,9.36
net871,9.36
net937,9.36
net1035,9.36
net1163,9.36
net1291,9.36
_04882_,9.34
imem.rom\[3\]\[14\],9.34
_04402_,9.33
_01987_,9.32
_02183_,9.32
_03549_,9.32
_05120_,9.32
_05635_,9.32
_05797_,9.32
net877,9.32
_03590_,9.3
_04289_,9.3
_05336_,9.3
net147,9.3
net629,9.3
net646,9.3
net670,9.3
net755,9.3
net1081,9.3
net1282,9.3
net1292,9.3
net1294,9.3
_00109_,9.295
_01814_,9.28
_03526_,9.28
_03922_,9.28
_00614_,9.26
_00933_,9.26
_03624_,9.26
_05321_,9.26
_06643_,9.26
net590,9.26
net634,9.26
net711,9.26
net725,9.26
net1390,9.26
net1406,9.26
net1425,9.26
_00058_,9.245
_01419_,9.245
_00499_,9.24
_01370_,9.24
_03783_,9.24
dmem.ram\[19\]\[2\],9.24
imem.rom\[11\]\[15\],9.24
imem.rom\[1\]\[3\],9.24
net86,9.24
net1107,9.24
dmem.ram\[10\]\[11\],9.23
_00277_,9.225
_03503_,9.22
_04816_,9.22
_00562_,9.205
_01412_,9.205
_02506_,9.2
net182,9.2
net276,9.2
net581,9.2
net737,9.2
net761,9.2
net820,9.2
net1157,9.2
net1243,9.2
_00068_,9.185
_01505_,9.18
_02861_,9.18
_03422_,9.18
_04805_,9.18
_05239_,9.18
_05785_,9.18
_06502_,9.18
instr_waddr[2],9.18
net797,9.18
net1509,9.18
_01916_,9.16
_05793_,9.16
_06107_,9.16
net957,9.16
net1326,9.16
_00327_,9.155
_00749_,9.145
net913,9.14
_02764_,9.12
_03513_,9.12
_04134_,9.12
_04450_,9.12
_05267_,9.12
_05408_,9.12
_05769_,9.12
net1120,9.12
_00080_,9.105
_00158_,9.105
_01366_,9.105
_01742_,9.1
net294,9.1
_00741_,9.085
_01317_,9.08
_01998_,9.08
_02595_,9.08
net1208,9.08
_02039_,9.06
_02338_,9.06
_02502_,9.06
_02554_,9.06
_02907_,9.06
_03022_,9.06
_03400_,9.06
_04837_,9.06
_06325_,9.06
dmem.ram\[54\]\[0\],9.06
net374,9.06
net884,9.06
net1220,9.06
_03415_,9.04
_04374_,9.04
_05732_,9.04
if_id_reg.Instr_Out\[11\],9.04
net822,9.04
net958,9.04
_02061_,9.02
_02725_,9.02
_02896_,9.02
_03010_,9.02
_04547_,9.02
_04719_,9.02
_04831_,9.02
_04897_,9.02
_05105_,9.02
_05156_,9.02
_05208_,9.02
_05272_,9.02
_06170_,9.02
_06290_,9.02
ex_mm_reg.Rd_Data_Out_PR\[7\],9.02
net872,9.02
net981,9.02
net122,9.02
_02032_,9
dmem.ram\[13\]\[14\],9
_00620_,8.985
_02562_,8.98
_02571_,8.98
_04307_,8.98
_05589_,8.98
_05857_,8.98
_06279_,8.98
_06621_,8.98
_06674_,8.98
imem.rom\[15\]\[6\],8.98
_02947_,8.96
_04844_,8.96
_04918_,8.96
_05784_,8.96
debug_mem_data[15],8.96
debug_reg_data[7],8.96
debug_reg_addr[0],8.95
_00018_,8.94
_02200_,8.94
_02777_,8.94
_02837_,8.94
_03382_,8.94
_04383_,8.94
_05811_,8.94
_05941_,8.94
_06213_,8.94
_06419_,8.94
net515,8.94
net618,8.94
net663,8.94
net832,8.94
net869,8.94
net945,8.94
net1152,8.94
ex_mm_reg.Rd_Data_Out_PR\[10\],8.92
imem.rom\[11\]\[12\],8.92
mm_wb_reg.Rd_Data_Out_PR\[10\],8.92
_00713_,8.905
_00194_,8.9
_01942_,8.9
_02450_,8.9
_02569_,8.9
_02697_,8.9
_03520_,8.9
_03806_,8.9
_04812_,8.9
_05681_,8.9
_05775_,8.9
_05988_,8.9
_06701_,8.9
dmem.ram\[42\]\[1\],8.9
net234,8.9
net295,8.9
net482,8.9
net514,8.9
net685,8.9
net1434,8.9
net1526,8.9
_01491_,8.895
_00557_,8.885
_01651_,8.88
_02995_,8.88
_06569_,8.88
_00976_,8.865
_01699_,8.86
_01747_,8.86
_02705_,8.86
_02787_,8.86
_03143_,8.86
_03256_,8.86
_03665_,8.86
_03723_,8.86
_03829_,8.86
_04681_,8.86
_05357_,8.86
_05729_,8.86
_06689_,8.86
debug_reg_addr[1],8.85
_01054_,8.845
_04178_,8.84
_05409_,8.84
_06358_,8.84
_06606_,8.84
_06696_,8.84
_06713_,8.84
debug_mem_addr[3],8.84
instr_waddr[0],8.84
instr_wdata[7],8.84
instr_wdata[8],8.84
net389,8.84
net392,8.84
net894,8.84
net1023,8.84
net1095,8.84
net1254,8.84
net1266,8.84
net1310,8.84
net1348,8.84
_01006_,8.825
_01435_,8.825
_01490_,8.825
_02483_,8.82
_02983_,8.82
_03170_,8.82
_06562_,8.82
net305,8.82
net142,8.815
_00610_,8.805
_03094_,8.8
_04367_,8.8
_05428_,8.8
net264,8.8
net370,8.8
net623,8.8
net817,8.8
net1153,8.8
_00921_,8.785
_01643_,8.785
_04127_,8.78
_04516_,8.78
_04956_,8.78
_05682_,8.78
_00999_,8.765
_00640_,8.76
_00923_,8.76
_01245_,8.76
_02748_,8.76
_06495_,8.76
net329,8.76
net535,8.76
_00794_,8.745
net293,8.74
net542,8.74
net1074,8.74
net1367,8.74
net1424,8.74
_00004_,8.725
_00669_,8.725
_00788_,8.725
_01015_,8.725
_01291_,8.725
_01392_,8.725
_01572_,8.725
_00271_,8.72
_04381_,8.72
debug_mem_addr[2],8.72
instr_wdata[11],8.72
net1092,8.72
_01752_,8.7
_02292_,8.7
_06127_,8.7
_06179_,8.7
net596,8.7
net752,8.7
net859,8.7
net1122,8.7
_00692_,8.685
_00987_,8.685
_04984_,8.68
net1097,8.68
_00071_,8.665
_00990_,8.665
_00992_,8.665
_01514_,8.665
_02110_,8.66
_03291_,8.66
_04807_,8.66
_05057_,8.66
dmem.ram\[42\]\[7\],8.66
net492,8.66
net814,8.66
_03319_,8.64
_00405_,8.625
_00409_,8.625
_01468_,8.62
_03589_,8.62
_00387_,8.615
_00886_,8.605
_01928_,8.6
_02216_,8.6
_02365_,8.6
_02442_,8.6
_02935_,8.6
_02937_,8.6
_03070_,8.6
_04167_,8.6
_04534_,8.6
_05307_,8.6
_06733_,8.6
net196,8.6
net337,8.6
net386,8.6
net1321,8.6
net1327,8.6
net1423,8.6
_01154_,8.595
_00935_,8.585
_04222_,8.58
mm_wb_reg.Rd_Data_Out_PR\[13\],8.58
_01048_,8.565
_01515_,8.565
_02191_,8.56
_02411_,8.56
_04591_,8.56
_04889_,8.56
_05243_,8.56
_05332_,8.56
_06231_,8.56
_06557_,8.56
net1076,8.56
net1198,8.56
_00974_,8.545
_03856_,8.54
_01318_,8.525
_01439_,8.525
_01498_,8.525
_01529_,8.525
_01952_,8.52
_03598_,8.52
_05245_,8.52
_05449_,8.52
_05647_,8.52
_05799_,8.52
_05904_,8.52
_06289_,8.52
_06300_,8.52
_01678_,8.5
_03108_,8.5
_03451_,8.5
_04277_,8.5
_06638_,8.5
_03836_,8.49
_01986_,8.48
_02063_,8.48
_02541_,8.48
_02709_,8.48
_03396_,8.48
_03776_,8.48
_04223_,8.48
_04636_,8.48
_04667_,8.48
_05201_,8.48
_05359_,8.48
_05978_,8.48
ex_mm_reg.RF_D2_Out\[14\],8.48
id_rr_reg.instr_out\[1\],8.48
net212,8.48
net250,8.48
net606,8.48
net660,8.48
net827,8.48
net911,8.48
net934,8.48
net1121,8.48
net1207,8.48
_00577_,8.465
_03692_,8.46
_03827_,8.46
mm_wb_reg.Rd_Data_Out_PR\[14\],8.46
_00651_,8.445
_02282_,8.44
_02386_,8.44
_02478_,8.44
_03984_,8.44
_03998_,8.44
_04237_,8.44
_04566_,8.44
_04680_,8.44
_05231_,8.44
_05479_,8.44
_05831_,8.44
_06064_,8.44
_06271_,8.44
_06377_,8.44
_06417_,8.44
_06442_,8.44
_06476_,8.44
net233,8.44
net867,8.44
net1214,8.44
_01217_,8.435
_01072_,8.425
_04401_,8.42
_05097_,8.42
_05702_,8.42
dmem.ram\[32\]\[1\],8.42
_00334_,8.405
_00444_,8.405
_01150_,8.4
_02342_,8.4
_02404_,8.4
_03344_,8.4
_03703_,8.4
_05816_,8.4
_06615_,8.4
_00137_,8.38
net302,8.38
net450,8.38
net460,8.38
net529,8.38
net559,8.38
net815,8.38
net818,8.38
net865,8.38
net886,8.38
net892,8.38
net900,8.38
net971,8.38
net1101,8.38
net1147,8.38
_00479_,8.365
_01205_,8.365
_01530_,8.36
_02998_,8.36
_05229_,8.36
_05459_,8.36
_06029_,8.36
net1374,8.36
_01596_,8.345
_01829_,8.34
_02087_,8.34
mm_wb_reg.Rd_Data_Out_PR\[5\],8.34
net292,8.34
net849,8.34
net879,8.34
net1034,8.34
net1044,8.34
net1305,8.34
net1403,8.34
_00302_,8.325
_00745_,8.325
_01541_,8.325
ex_mm_reg.RF_D2_Out\[1\],8.32
imem.rom\[5\]\[11\],8.32
_00340_,8.305
_02409_,8.3
_03355_,8.3
_03747_,8.3
net592,8.3
net744,8.3
_00667_,8.285
_00764_,8.285
_04086_,8.28
_04765_,8.28
net677,8.28
net1094,8.28
net1346,8.28
_00751_,8.275
_01633_,8.265
_03379_,8.26
net536,8.26
net1520,8.26
_04300_,8.24
_04341_,8.24
_05678_,8.24
dmem.ram\[42\]\[10\],8.24
net910,8.24
net1027,8.24
net1354,8.24
_00418_,8.225
_02355_,8.22
_02558_,8.22
_02723_,8.22
_03599_,8.22
_06207_,8.22
net352,8.22
_01122_,8.205
_03764_,8.2
_06249_,8.2
imem.rom\[11\]\[10\],8.2
_00309_,8.185
_00330_,8.185
_00544_,8.165
_02500_,8.16
_02633_,8.16
net528,8.16
net1201,8.16
_00284_,8.155
_01501_,8.155
_00438_,8.145
_01145_,8.145
_01698_,8.14
_02225_,8.14
_02371_,8.14
_03813_,8.14
_04143_,8.14
_04607_,8.14
_04965_,8.14
_05004_,8.14
_06614_,8.14
id_rr_reg.pc_next_out\[7\],8.14
net183,8.14
net194,8.14
net455,8.14
net457,8.14
net740,8.14
net842,8.14
net1024,8.14
net1472,8.14
net1479,8.14
_02169_,8.12
_03930_,8.12
_04415_,8.12
ex_mm_reg.Rd_Data_Out_PR\[14\],8.12
imem.rom\[15\]\[0\],8.12
_00509_,8.105
_01663_,8.1
_01975_,8.1
_02156_,8.1
_02162_,8.1
_02392_,8.1
_02393_,8.1
_02481_,8.1
_02760_,8.1
_03097_,8.1
_03704_,8.1
_03824_,8.1
_04081_,8.1
_04245_,8.1
_04482_,8.1
_04835_,8.1
_04868_,8.1
_04876_,8.1
_04976_,8.1
_05248_,8.1
_05613_,8.1
_06097_,8.1
_06241_,8.1
_06324_,8.1
_06390_,8.1
_06395_,8.1
_06561_,8.1
id_rr_reg.pc_next_out\[5\],8.1
net1032,8.1
net1181,8.1
_00278_,8.085
_00604_,8.085
_00017_,8.065
_00087_,8.065
_00091_,8.065
_00503_,8.065
_00909_,8.065
_00960_,8.065
_01334_,8.065
_01624_,8.065
_02374_,8.06
_02808_,8.06
_02882_,8.06
_03107_,8.06
_04564_,8.06
_04731_,8.06
_04759_,8.06
_00934_,8.04
_02575_,8.04
_02886_,8.04
_04662_,8.04
_04744_,8.04
debug_reg_data[14],8.04
debug_reg_data[1],8.04
pc_out_port[14],8.04
_01229_,8.035
_00945_,8.025
_00982_,8.025
_01019_,8.025
_01159_,8.025
_01294_,8.025
_01917_,8.02
_02510_,8.02
_02841_,8.02
_02931_,8.02
_02950_,8.02
_03047_,8.02
_04576_,8.02
_04755_,8.02
_05583_,8.02
_05626_,8.02
_05774_,8.02
_05786_,8.02
_06445_,8.02
_06527_,8.02
_06538_,8.02
net186,8.02
net580,8.02
net684,8.02
net749,8.02
net1365,8.02
net1471,8.02
net1524,8.02
_00734_,8.005
_00769_,8.005
_01374_,8.005
_01580_,8.005
_00882_,8
_01275_,8
_04056_,8
_00606_,7.985
_01425_,7.985
_01679_,7.98
_02064_,7.98
_04405_,7.98
_04436_,7.98
_04542_,7.98
_04568_,7.98
_04582_,7.98
_04741_,7.98
_05254_,7.98
_05303_,7.98
_05316_,7.98
_05565_,7.98
_05609_,7.98
_05759_,7.98
_06386_,7.98
_06401_,7.98
_06532_,7.98
net175,7.98
_01028_,7.975
_00218_,7.965
_02941_,7.96
_05294_,7.96
_00053_,7.945
_00602_,7.945
_01404_,7.945
_01560_,7.945
_01376_,7.94
_01661_,7.94
_01936_,7.94
_02350_,7.94
_02596_,7.94
_03631_,7.94
_04688_,7.94
_05413_,7.94
_06248_,7.94
_06558_,7.94
_00075_,7.92
_01517_,7.92
_03041_,7.92
_03623_,7.92
_05959_,7.92
net570,7.92
net612,7.92
net620,7.92
net626,7.92
net637,7.92
net705,7.92
net791,7.92
_00159_,7.915
_01721_,7.9
_02236_,7.9
_02464_,7.9
_03470_,7.9
_03808_,7.9
net702,7.9
net719,7.9
net964,7.9
_00440_,7.88
_01531_,7.88
_01646_,7.88
_03785_,7.88
_04291_,7.88
_04955_,7.88
_06604_,7.88
net249,7.88
net335,7.88
net401,7.88
net569,7.88
net1264,7.88
net1371,7.88
net1446,7.88
_00126_,7.865
_04350_,7.86
dmem.ram\[19\]\[1\],7.86
imem.rom\[15\]\[13\],7.86
mm_wb_reg.Rd_Data_Out_PR\[11\],7.86
net804,7.86
net855,7.86
_00567_,7.855
_00313_,7.845
_03214_,7.84
_00286_,7.825
_00689_,7.825
_02933_,7.82
_03185_,7.82
_05865_,7.82
net154,7.82
net1211,7.82
_00906_,7.815
_00410_,7.805
_00778_,7.8
_01766_,7.8
_02274_,7.8
_03973_,7.8
_06684_,7.8
net1125,7.8
net1297,7.8
net1486,7.8
_02624_,7.78
_03281_,7.78
_04233_,7.78
net429,7.78
_01088_,7.765
_01313_,7.765
_01329_,7.765
_01449_,7.765
_01770_,7.76
_04161_,7.76
_06011_,7.76
_06143_,7.76
_00014_,7.745
_00212_,7.745
_00855_,7.745
_01034_,7.745
_03067_,7.74
_03472_,7.74
_00894_,7.725
_01382_,7.725
_03497_,7.72
_03821_,7.72
_01223_,7.705
_03833_,7.7
_04066_,7.7
net1113,7.7
_00358_,7.695
_01801_,7.68
_02034_,7.68
_02597_,7.68
_04036_,7.68
_05164_,7.68
_05184_,7.68
_05465_,7.68
_06044_,7.68
_06404_,7.68
_06598_,7.68
_06672_,7.68
dmem.ram\[46\]\[0\],7.68
id_rr_reg.pc_next_out\[3\],7.68
net427,7.68
net995,7.68
net1004,7.68
net1322,7.68
net1485,7.68
_04118_,7.66
_05667_,7.66
mm_wb_reg.Rd_Data_Out_PR\[6\],7.66
_00683_,7.645
_02283_,7.64
_02839_,7.64
_03463_,7.64
_03639_,7.64
_04227_,7.64
_04714_,7.64
_04781_,7.64
_05251_,7.64
_05291_,7.64
_05603_,7.64
_05787_,7.64
_06292_,7.64
_06367_,7.64
_06383_,7.64
_06388_,7.64
_06398_,7.64
_06469_,7.64
_06576_,7.64
_06612_,7.64
_06619_,7.64
imem.rom\[5\]\[2\],7.64
imem.rom\[5\]\[8\],7.64
net766,7.64
net1102,7.64
net1323,7.64
_03119_,7.62
_00413_,7.615
_00597_,7.605
_00796_,7.605
_00984_,7.605
_01642_,7.605
_01739_,7.6
_02412_,7.6
_02531_,7.6
_02894_,7.6
_03089_,7.6
_03090_,7.6
_03093_,7.6
_03715_,7.6
_06160_,7.6
net99,7.6
_00369_,7.595
_00835_,7.585
_03888_,7.58
_04146_,7.58
_04766_,7.58
_05037_,7.58
_05252_,7.58
net1188,7.58
debug_mem_data[11],7.57
debug_mem_data[13],7.57
_00113_,7.565
_00233_,7.565
_00810_,7.565
_01246_,7.565
_01423_,7.565
_01569_,7.565
_02205_,7.56
_02372_,7.56
_02455_,7.56
_02656_,7.56
_02712_,7.56
_03016_,7.56
_04061_,7.56
_04197_,7.56
_04993_,7.56
_05088_,7.56
_05126_,7.56
_06035_,7.56
_06291_,7.56
_06549_,7.56
net243,7.56
net251,7.56
net916,7.56
net1123,7.56
net1212,7.56
net1370,7.56
net1384,7.56
net1397,7.56
_00723_,7.545
_01583_,7.545
_01224_,7.54
_03483_,7.54
_04290_,7.54
_05848_,7.54
_00404_,7.525
_01405_,7.525
_00343_,7.52
_01955_,7.52
_01976_,7.52
_02797_,7.52
_02992_,7.52
_03102_,7.52
_03407_,7.52
_03467_,7.52
_03653_,7.52
_04647_,7.52
_04704_,7.52
_04865_,7.52
_05246_,7.52
_05313_,7.52
_05633_,7.52
_05824_,7.52
_06472_,7.52
_06686_,7.52
net52,7.52
net361,7.52
net954,7.52
net1393,7.52
net1422,7.52
_01672_,7.5
_02078_,7.5
_05162_,7.5
_05943_,7.5
_06239_,7.5
_00203_,7.485
_01625_,7.48
_01690_,7.48
_02016_,7.48
_02042_,7.48
_02754_,7.48
_02912_,7.48
_06303_,7.48
_06697_,7.48
_00383_,7.475
_00505_,7.475
_00241_,7.46
_01297_,7.46
_01327_,7.46
_01597_,7.46
_02857_,7.46
_03810_,7.46
_03935_,7.46
net274,7.46
net488,7.46
net785,7.46
net813,7.46
net863,7.46
net947,7.46
net1426,7.46
net1476,7.46
_00151_,7.445
_01918_,7.44
_02585_,7.44
_03781_,7.44
_03889_,7.44
_04278_,7.44
_04600_,7.44
_06545_,7.44
imem.rom\[5\]\[14\],7.44
_00408_,7.425
_02381_,7.42
_02830_,7.42
_03923_,7.42
_04821_,7.42
_05089_,7.42
_06565_,7.42
net230,7.42
net538,7.42
net1115,7.42
net1204,7.42
net1261,7.42
_00612_,7.405
_02451_,7.4
_00089_,7.395
_00575_,7.385
_00714_,7.385
_01149_,7.385
_02379_,7.38
_03814_,7.38
_04509_,7.38
net707,7.38
_00488_,7.365
_03539_,7.36
_03679_,7.36
_03771_,7.36
_03986_,7.36
_04507_,7.36
net280,7.36
net567,7.36
net759,7.36
net857,7.36
net880,7.36
net1006,7.36
net1053,7.36
net1483,7.36
_00059_,7.345
_00093_,7.345
_00323_,7.345
_00457_,7.345
_00672_,7.345
net617,7.34
imem.rom\[10\]\[14\],7.325
_01331_,7.32
_02782_,7.32
_03283_,7.32
_03801_,7.32
_03874_,7.32
_04135_,7.32
_04389_,7.32
net62,7.32
net476,7.32
net621,7.32
net874,7.32
net1356,7.32
_00050_,7.305
_00268_,7.305
_00374_,7.305
_00616_,7.305
_01365_,7.305
_03880_,7.3
_00136_,7.285
_00487_,7.285
_00588_,7.285
_00629_,7.285
_01117_,7.285
_05205_,7.28
net1170,7.28
_01520_,7.275
_01305_,7.265
_03744_,7.26
_01198_,7.245
_01533_,7.245
net347,7.24
net1451,7.24
net1503,7.24
_01687_,7.22
_02336_,7.22
_02538_,7.22
_02630_,7.22
_02752_,7.22
_03510_,7.22
_03641_,7.22
_03668_,7.22
_03891_,7.22
_04074_,7.22
_04909_,7.22
_05361_,7.22
_05651_,7.22
_06313_,7.22
_06350_,7.22
_06452_,7.22
_06560_,7.22
_06687_,7.22
net163,7.22
net350,7.22
net587,7.22
net773,7.22
net1100,7.22
net1193,7.22
net1381,7.22
net1510,7.22
_00403_,7.2
_04264_,7.2
_04355_,7.2
_05111_,7.2
net562,7.2
_00957_,7.185
_01056_,7.185
_01592_,7.18
_02070_,7.18
_02076_,7.18
_02129_,7.18
_02291_,7.18
_02793_,7.18
_02800_,7.18
_04615_,7.18
_04633_,7.18
_04874_,7.18
_04911_,7.18
_05215_,7.18
_05438_,7.18
_05723_,7.18
_05930_,7.18
_06267_,7.18
_06362_,7.18
_06539_,7.18
net851,7.18
net1180,7.18
_00905_,7.165
_01409_,7.155
_00148_,7.145
_00222_,7.145
_00355_,7.145
_00427_,7.145
_00838_,7.145
_00854_,7.145
_01089_,7.145
_01116_,7.145
_02511_,7.14
_02807_,7.14
_03354_,7.14
_04723_,7.14
_04850_,7.14
_05221_,7.14
_05288_,7.14
_05597_,7.14
_05957_,7.14
_06485_,7.14
net96,7.14
_00931_,7.12
_02173_,7.12
_02593_,7.12
_02602_,7.12
_02689_,7.12
_04057_,7.12
_04171_,7.12
_04801_,7.12
_06489_,7.12
net524,7.12
net1325,7.12
_00044_,7.105
_00456_,7.105
_00852_,7.105
imem.rom\[14\]\[14\],7.105
_02170_,7.1
_02679_,7.1
_02878_,7.1
_03409_,7.1
_03410_,7.1
_03651_,7.1
_03796_,7.1
_03825_,7.1
_04184_,7.1
_04493_,7.1
_04671_,7.1
_04769_,7.1
_05044_,7.1
_05271_,7.1
_05278_,7.1
_05389_,7.1
_05456_,7.1
_05813_,7.1
_06305_,7.1
_06438_,7.1
net202,7.1
net548,7.1
net745,7.1
net775,7.1
_00678_,7.085
_01301_,7.085
_03769_,7.08
_04640_,7.08
_05394_,7.08
_06078_,7.08
id_rr_reg.pc_next_out\[0\],7.08
_01720_,7.06
_01732_,7.06
_01740_,7.06
_01939_,7.06
_02468_,7.06
_03091_,7.06
_03149_,7.06
_03471_,7.06
_03494_,7.06
_03574_,7.06
_03706_,7.06
_04200_,7.06
_04360_,7.06
_04408_,7.06
_04655_,7.06
_04725_,7.06
_05002_,7.06
_05298_,7.06
_06273_,7.06
_06275_,7.06
_06311_,7.06
_06631_,7.06
_06652_,7.06
ex_mm_reg.RF_D2_Out\[15\],7.06
net594,7.06
net1117,7.06
net1238,7.06
net1272,7.06
net1494,7.06
_00118_,7.045
_00869_,7.045
_02627_,7.04
_04760_,7.04
_04782_,7.04
_00079_,7.025
_00601_,7.02
_00013_,7.015
_00038_,7.015
_03867_,7.01
_01083_,7
_03670_,7
_04495_,7
_05524_,7
net237,7
net281,7
net589,7
net625,7
net641,7
net709,7
net739,7
net974,7
net980,7
net1037,7
net1183,7
net1363,7
net1457,7
_00907_,6.985
_01682_,6.98
_02172_,6.98
_03934_,6.98
_04764_,6.98
_05629_,6.98
_00263_,6.96
_00524_,6.96
_01045_,6.96
_01888_,6.96
_02094_,6.96
_02952_,6.96
_03582_,6.96
_05545_,6.96
_05766_,6.96
_06261_,6.96
net248,6.96
net747,6.96
net765,6.96
net830,6.96
net895,6.96
net1005,6.96
net1274,6.96
_05466_,6.94
_05476_,6.94
_06021_,6.94
_06056_,6.94
imem.rom\[15\]\[10\],6.94
_01429_,6.935
_01213_,6.925
_01321_,6.925
_01455_,6.925
net208,6.925
_02303_,6.92
_03486_,6.92
_03921_,6.92
_05736_,6.92
net499,6.92
net1135,6.92
net171,6.91
_02772_,6.9
_03515_,6.9
net678,6.9
net742,6.9
net927,6.9
net1138,6.9
net1206,6.9
net1463,6.9
net1469,6.9
_00858_,6.885
_01401_,6.885
_02080_,6.88
_02406_,6.88
_03866_,6.88
_03901_,6.88
_03951_,6.88
net516,6.88
net850,6.88
net860,6.88
net1030,6.88
_00603_,6.86
_02215_,6.86
_04121_,6.86
_04140_,6.86
_04363_,6.86
net1391,6.86
_00360_,6.845
_01424_,6.845
_02065_,6.84
_01648_,6.835
_00011_,6.825
_00123_,6.825
_00133_,6.825
_00235_,6.825
_00421_,6.825
_00511_,6.825
_00887_,6.825
_00955_,6.825
_01012_,6.825
_01511_,6.825
_01528_,6.825
_02644_,6.82
net312,6.82
_00356_,6.815
_01369_,6.815
_00156_,6.805
_00328_,6.805
_00983_,6.805
_01524_,6.805
_03133_,6.8
_00739_,6.785
_00861_,6.785
_02059_,6.78
_02198_,6.78
_02552_,6.78
_02851_,6.78
_02875_,6.78
_03288_,6.78
_03640_,6.78
_05051_,6.78
net164,6.78
net1277,6.78
_01082_,6.765
_00183_,6.76
_00947_,6.76
_01692_,6.76
_01805_,6.76
_02463_,6.76
_02929_,6.76
_03250_,6.76
_04524_,6.76
_05157_,6.76
_05200_,6.76
rr_ex_reg.instr_out\[11\],6.76
net311,6.76
net412,6.76
net600,6.76
net770,6.76
net933,6.76
net1299,6.76
net1331,6.76
net1427,6.76
_05219_,6.74
_05763_,6.74
_05888_,6.74
mm_wb_reg.Rd_Addr_Out_PR\[0\],6.74
mm_wb_reg.RegWrite_Out,6.74
_00084_,6.725
_00506_,6.725
_01312_,6.725
_01628_,6.725
_01904_,6.72
_02599_,6.72
_02651_,6.72
_02653_,6.72
_02740_,6.72
_02917_,6.72
_02951_,6.72
_04448_,6.72
_04499_,6.72
_04578_,6.72
_04626_,6.72
_04797_,6.72
_05102_,6.72
_05140_,6.72
_05551_,6.72
_05772_,6.72
_05854_,6.72
_06186_,6.72
_06263_,6.72
_06296_,6.72
_06710_,6.72
net624,6.72
net1311,6.72
_00022_,6.705
_00462_,6.705
_00878_,6.705
_01188_,6.705
_01289_,6.705
_01311_,6.705
_01378_,6.705
_01483_,6.705
_05691_,6.69
_00251_,6.685
_00264_,6.685
_00743_,6.685
_00959_,6.685
_01162_,6.685
_01373_,6.685
_01438_,6.685
_00686_,6.665
_00191_,6.66
_01091_,6.66
_02315_,6.66
_02584_,6.66
_03284_,6.66
_04060_,6.66
_06137_,6.66
net120,6.66
_00246_,6.645
_00252_,6.645
_00527_,6.645
_01868_,6.64
_02364_,6.64
_02540_,6.64
_02756_,6.64
_03637_,6.64
_03724_,6.64
_03755_,6.64
_04174_,6.64
_04470_,6.64
_04491_,6.64
_04535_,6.64
_04601_,6.64
_04620_,6.64
_04650_,6.64
_04684_,6.64
_04701_,6.64
_04919_,6.64
_05805_,6.64
_05845_,6.64
_05851_,6.64
_05963_,6.64
_06047_,6.64
_06182_,6.64
_06220_,6.64
_06299_,6.64
_06520_,6.64
_06601_,6.64
net217,6.64
net442,6.64
net501,6.64
net675,6.64
net689,6.64
net1465,6.64
_00627_,6.625
_01255_,6.625
_01176_,6.62
_02027_,6.62
_04137_,6.62
_06724_,6.62
_01658_,6.6
_02056_,6.6
_02155_,6.6
_02189_,6.6
_02654_,6.6
_02936_,6.6
_02938_,6.6
_02943_,6.6
_03654_,6.6
_03979_,6.6
_04162_,6.6
_04248_,6.6
_04502_,6.6
_04695_,6.6
_04881_,6.6
_04983_,6.6
_05085_,6.6
_05139_,6.6
_05345_,6.6
_05367_,6.6
_05452_,6.6
_05564_,6.6
_05591_,6.6
_05767_,6.6
_06188_,6.6
_06356_,6.6
_06623_,6.6
net260,6.6
net348,6.6
net838,6.6
_01377_,6.585
_03977_,6.58
_05340_,6.58
_06507_,6.58
_06698_,6.58
_01604_,6.575
_03065_,6.57
instr_wdata[10],6.57
_01190_,6.565
_01372_,6.565
_00389_,6.54
_00491_,6.54
_00972_,6.54
_01388_,6.54
_01636_,6.54
_02889_,6.54
_03357_,6.54
_04014_,6.54
net334,6.54
net394,6.54
net661,6.54
net1127,6.54
net1166,6.54
net1194,6.54
net1244,6.54
net1293,6.54
net1351,6.54
net1368,6.54
net1394,6.54
net1436,6.54
net1452,6.54
net1499,6.54
_00169_,6.525
_00452_,6.525
_02480_,6.52
_02776_,6.52
_03800_,6.52
_04209_,6.52
_04537_,6.52
_06729_,6.52
net158,6.52
net1317,6.52
_00680_,6.5
_03534_,6.5
_03591_,6.5
_03601_,6.5
net807,6.5
net826,6.5
net898,6.5
net962,6.5
net990,6.5
net1016,6.5
net1245,6.5
_00927_,6.485
_02196_,6.48
_02682_,6.48
_04288_,6.48
imem.rom\[15\]\[14\],6.48
imem.rom\[5\]\[0\],6.48
_00326_,6.465
_00396_,6.465
_00572_,6.465
_00761_,6.465
_02513_,6.46
_01603_,6.44
net328,6.44
net555,6.44
net718,6.44
net793,6.44
net831,6.44
net920,6.44
net948,6.44
net982,6.44
net1052,6.44
net1205,6.44
net1247,6.44
net1313,6.44
net1379,6.44
net1385,6.44
net1448,6.44
net1462,6.44
net1519,6.44
_00024_,6.425
_01480_,6.42
_01584_,6.42
_01685_,6.42
_01758_,6.42
_03229_,6.42
_03812_,6.42
_03879_,6.42
_05406_,6.42
net861,6.42
net1227,6.42
_04342_,6.415
_03180_,6.4
_05086_,6.4
net63,6.4
_00140_,6.385
_03129_,6.38
_03351_,6.38
_03691_,6.38
_05692_,6.38
_00074_,6.365
_00081_,6.365
_00200_,6.365
_00245_,6.365
_00281_,6.365
_00366_,6.365
_00556_,6.365
_00558_,6.365
_00650_,6.365
_00832_,6.365
_00881_,6.365
_01189_,6.365
_01256_,6.365
_01299_,6.365
_01340_,6.365
_01342_,6.365
_01375_,6.365
_01407_,6.365
_01427_,6.365
_00822_,6.345
_01064_,6.345
_00076_,6.325
_00247_,6.325
_00966_,6.325
_04398_,6.325
_01725_,6.32
_02174_,6.32
_02864_,6.32
_03613_,6.32
_04225_,6.32
net608,6.32
_01005_,6.305
_02266_,6.3
_02804_,6.3
_02934_,6.3
_04194_,6.3
_04217_,6.3
_04488_,6.3
_04819_,6.3
_04862_,6.3
_04907_,6.3
_05103_,6.3
_05143_,6.3
_05232_,6.3
_05312_,6.3
_05334_,6.3
_05404_,6.3
_05573_,6.3
_05615_,6.3
_05757_,6.3
_06070_,6.3
_06269_,6.3
_06331_,6.3
_06626_,6.3
_06692_,6.3
net278,6.3
net533,6.3
net657,6.3
net714,6.3
net1108,6.3
net1182,6.3
net1375,6.3
_00289_,6.28
_00694_,6.28
_04007_,6.28
_04148_,6.28
ex_mm_reg.Instr_Out\[15\],6.28
_00703_,6.265
_01241_,6.265
_01283_,6.265
_01471_,6.265
_00185_,6.26
_01094_,6.26
_01926_,6.26
_02131_,6.26
_02601_,6.26
_03289_,6.26
_04051_,6.26
_04095_,6.26
_04486_,6.26
_04619_,6.26
_04621_,6.26
_05015_,6.26
_05056_,6.26
_05154_,6.26
_05483_,6.26
_05518_,6.26
_05694_,6.26
_06006_,6.26
_06041_,6.26
_06394_,6.26
_06405_,6.26
_06443_,6.26
_06481_,6.26
_06688_,6.26
net517,6.26
net1150,6.26
_01675_,6.23
_01736_,6.23
_00077_,6.225
_00092_,6.225
_00205_,6.225
_00347_,6.225
_00363_,6.225
_00401_,6.225
_00530_,6.225
_00687_,6.225
_00712_,6.225
_00791_,6.225
_01249_,6.225
_01114_,6.22
_01456_,6.215
debug_mem_data[5],6.21
debug_reg_data[9],6.21
pc_out_port[1],6.21
_00579_,6.205
_01921_,6.2
_03363_,6.2
_03548_,6.2
_04261_,6.2
_04387_,6.2
_04593_,6.2
_04596_,6.2
_04707_,6.2
_04917_,6.2
_06422_,6.2
_06658_,6.2
net220,6.2
net342,6.2
net615,6.2
net1088,6.2
net1142,6.2
_01360_,6.185
_01695_,6.18
_01797_,6.18
_02073_,6.18
_02181_,6.18
_02272_,6.18
_02326_,6.18
_02547_,6.18
_02713_,6.18
_03530_,6.18
_03647_,6.18
_04018_,6.18
_04581_,6.18
_04586_,6.18
_04641_,6.18
_04861_,6.18
_05070_,6.18
_05135_,6.18
_05276_,6.18
_05812_,6.18
_05875_,6.18
_06099_,6.18
_06176_,6.18
_06204_,6.18
_06225_,6.18
net403,6.18
net658,6.18
net713,6.18
net873,6.18
net1217,6.18
_00168_,6.165
_00998_,6.165
_00428_,6.16
_01362_,6.16
_01744_,6.14
_01927_,6.14
_02011_,6.14
_02318_,6.14
_02349_,6.14
_02401_,6.14
_02714_,6.14
_02809_,6.14
_03007_,6.14
_03296_,6.14
_03416_,6.14
_03505_,6.14
_04153_,6.14
_04490_,6.14
_04584_,6.14
_04598_,6.14
_04664_,6.14
_04710_,6.14
_04774_,6.14
_05282_,6.14
_05309_,6.14
_05323_,6.14
_05339_,6.14
_05750_,6.14
_06393_,6.14
_06402_,6.14
_06516_,6.14
_06650_,6.14
_06678_,6.14
net632,6.14
net834,6.14
net883,6.14
net1389,6.14
_03626_,6.12
_00755_,6.105
_00924_,6.105
_00865_,6.1
_01550_,6.1
_05716_,6.09
instr_wdata[15],6.09
_00105_,6.08
_00547_,6.08
_00727_,6.08
_00777_,6.08
_00790_,6.08
_01940_,6.08
_03183_,6.08
_04139_,6.08
_04525_,6.08
_06355_,6.08
net259,6.08
net271,6.08
net355,6.08
net447,6.08
net474,6.08
net541,6.08
net598,6.08
net671,6.08
net721,6.08
net845,6.08
net852,6.08
net908,6.08
net973,6.08
net1011,6.08
net1058,6.08
net1104,6.08
net1330,6.08
net1369,6.08
net1402,6.08
_00417_,6.065
_00962_,6.065
_01031_,6.065
_00497_,6.06
_04160_,6.06
_04373_,6.06
_06009_,6.06
_06026_,6.06
_06647_,6.06
imem.rom\[1\]\[8\],6.06
imem.rom\[5\]\[6\],6.06
imem.rom\[8\]\[11\],6.06
net1154,6.06
net1192,6.06
_00104_,6.04
_00866_,6.04
_00904_,6.04
_02416_,6.04
_03265_,6.04
_04010_,6.04
_04145_,6.04
_04973_,6.04
_05049_,6.04
ex_mm_reg.RF_D2_Out\[7\],6.04
net257,6.04
net433,6.04
net616,6.04
net691,6.04
net864,6.04
net905,6.04
net1036,6.04
net1156,6.04
net1395,6.04
_00918_,6.02
_03550_,6.02
_04283_,6.02
_04314_,6.02
dmem.ram\[15\]\[1\],6.02
imem.rom\[9\]\[2\],6.02
_00083_,6.015
_00310_,6.015
_00144_,6.005
_00346_,6.005
_00737_,6.005
_00770_,6.005
_01585_,6.005
_02001_,5.98
_02357_,5.98
_03401_,5.98
_03564_,5.98
_03898_,5.98
_04045_,5.98
_04177_,5.98
_04980_,5.98
net378,5.98
net543,5.98
net593,5.98
net609,5.98
net844,5.98
net868,5.98
net915,5.98
net1085,5.98
net1096,5.98
net1109,5.98
net1164,5.98
net1199,5.98
net1213,5.98
net1307,5.98
net1318,5.98
net1338,5.98
net1467,5.98
net1481,5.98
ex_mm_reg.Instr_Out\[12\],5.975
_00566_,5.96
_02519_,5.96
_05822_,5.96
net279,5.96
net317,5.96
net636,5.96
net918,5.96
_02316_,5.94
_03023_,5.94
_03328_,5.94
_03490_,5.94
_03630_,5.94
_05387_,5.94
dmem.ram\[60\]\[11\],5.94
net800,5.94
_01132_,5.925
_03340_,5.92
net888,5.92
_00138_,5.905
_00615_,5.905
_00700_,5.905
_01276_,5.905
_01394_,5.905
net978,5.9
_00871_,5.895
_01022_,5.895
_01408_,5.895
_02354_,5.86
_03031_,5.86
net496,5.86
net525,5.86
net652,5.86
net1251,5.86
_01259_,5.84
_01664_,5.84
_01697_,5.84
_02106_,5.84
_02239_,5.84
_02263_,5.84
_02273_,5.84
_02625_,5.84
_02671_,5.84
_02727_,5.84
_02916_,5.84
_03104_,5.84
_03365_,5.84
_03450_,5.84
_03495_,5.84
_03868_,5.84
_04610_,5.84
_04863_,5.84
_05099_,5.84
_05168_,5.84
_05823_,5.84
_06074_,5.84
_06266_,5.84
_06407_,5.84
_06624_,5.84
_06642_,5.84
_06677_,5.84
_06695_,5.84
_06702_,5.84
net181,5.84
net204,5.84
net434,5.84
net540,5.84
net630,5.84
net922,5.84
net1002,5.84
net1046,5.84
net1064,5.84
net1507,5.84
net124,5.84
_04236_,5.83
_02434_,5.82
_04281_,5.82
_04880_,5.82
_05965_,5.82
_00206_,5.805
_00633_,5.805
_00880_,5.805
_00898_,5.805
_01147_,5.805
_01899_,5.8
_02013_,5.8
_02545_,5.8
_02706_,5.8
_02884_,5.8
_03474_,5.8
_03837_,5.8
_04069_,5.8
_04092_,5.8
_04254_,5.8
_04354_,5.8
_04468_,5.8
_04557_,5.8
_04841_,5.8
_04906_,5.8
_05161_,5.8
_05862_,5.8
_05882_,5.8
_06102_,5.8
_06191_,5.8
_06216_,5.8
_06327_,5.8
_06336_,5.8
_06339_,5.8
_06435_,5.8
_06632_,5.8
_06734_,5.8
ex_mm_reg.Rd_Data_Out_PR\[9\],5.8
id_rr_reg.pc_next_out\[10\],5.8
net198,5.8
net906,5.8
net1276,5.8
_00120_,5.785
_00249_,5.785
_00320_,5.785
_00542_,5.785
_01547_,5.785
_05063_,5.78
_00062_,5.765
_00295_,5.765
_00454_,5.765
_00805_,5.765
_00863_,5.765
_00912_,5.765
_01042_,5.765
_01178_,5.765
_01209_,5.765
_01296_,5.765
_01298_,5.765
_01371_,5.765
debug_mem_data[7],5.75
debug_reg_data[3],5.75
pc_out_port[11],5.75
_00973_,5.74
_01730_,5.74
_02424_,5.74
_03064_,5.74
_03752_,5.74
_03913_,5.74
_04456_,5.74
_04757_,5.74
_04794_,5.74
_04855_,5.74
_04873_,5.74
_04910_,5.74
_05262_,5.74
_05263_,5.74
_05317_,5.74
_05343_,5.74
_05746_,5.74
_05765_,5.74
_05794_,5.74
_05853_,5.74
_05856_,5.74
_06048_,5.74
_06217_,5.74
_06232_,5.74
_06250_,5.74
_06330_,5.74
_06427_,5.74
_06563_,5.74
_06575_,5.74
_06641_,5.74
_06666_,5.74
_00901_,5.725
_01459_,5.725
_05924_,5.725
_01856_,5.72
_02075_,5.72
_02320_,5.72
_02448_,5.72
_02796_,5.72
_03110_,5.72
_03151_,5.72
_03314_,5.72
_03646_,5.72
_03782_,5.72
_04031_,5.72
_04410_,5.72
_04559_,5.72
_04580_,5.72
_04628_,5.72
_04767_,5.72
_04890_,5.72
_05721_,5.72
_06203_,5.72
_06511_,5.72
_06572_,5.72
net639,5.72
net708,5.72
net952,5.72
net1329,5.72
net1378,5.72
net1522,5.72
_01109_,5.715
_00827_,5.705
_01421_,5.705
_00129_,5.7
_01240_,5.7
_01303_,5.7
_02661_,5.7
_01686_,5.68
_01989_,5.68
_02235_,5.68
_02385_,5.68
_02447_,5.68
_02731_,5.68
_02778_,5.68
_02955_,5.68
_03532_,5.68
_03729_,5.68
_04718_,5.68
_04869_,5.68
_05104_,5.68
_05114_,5.68
_05280_,5.68
_05464_,5.68
_05506_,5.68
_05761_,5.68
_05768_,5.68
_05802_,5.68
_05817_,5.68
_05849_,5.68
_05881_,5.68
_05917_,5.68
_06237_,5.68
_06288_,5.68
_06373_,5.68
_06434_,5.68
_06497_,5.68
_06533_,5.68
_06550_,5.68
_06585_,5.68
_06691_,5.68
_06730_,5.68
net1341,5.68
_00485_,5.665
_00279_,5.645
_00299_,5.645
_00367_,5.645
_00538_,5.645
_00820_,5.645
_00968_,5.645
_01050_,5.645
_00609_,5.64
_00685_,5.64
_01487_,5.64
instr_wdata[12],5.63
_00849_,5.625
_01008_,5.625
_00216_,5.62
_00298_,5.62
_00435_,5.62
_00464_,5.62
_00496_,5.62
_00591_,5.62
_00600_,5.62
_00663_,5.62
_00891_,5.62
_01140_,5.62
_02576_,5.62
_03485_,5.62
_04047_,5.62
_04802_,5.62
_05031_,5.62
_06171_,5.62
net273,5.62
net376,5.62
net413,5.62
net456,5.62
net931,5.62
net1110,5.62
net1130,5.62
net1344,5.62
net1428,5.62
net1441,5.62
_00258_,5.605
_00324_,5.605
_00623_,5.605
_01234_,5.605
_02093_,5.6
_02516_,5.6
_02803_,5.6
_03577_,5.6
_03912_,5.6
_04577_,5.6
_05290_,5.6
_06063_,5.6
imem.rom\[5\]\[5\],5.6
net225,5.6
net1210,5.6
_00592_,5.585
_00010_,5.58
_00242_,5.58
_00379_,5.58
_00719_,5.58
_03672_,5.58
net776,5.58
net926,5.58
net942,5.58
_00322_,5.575
_01266_,5.565
_02428_,5.56
net676,5.56
_00545_,5.555
_00705_,5.555
_04369_,5.555
_00067_,5.545
_00436_,5.545
_00662_,5.545
_00929_,5.545
_01434_,5.545
net128,5.545
debug_mem_data[8],5.53
debug_reg_data[5],5.53
_00160_,5.525
_02089_,5.52
_04011_,5.52
_04123_,5.52
_04338_,5.52
net218,5.52
net222,5.52
net223,5.52
net236,5.52
net238,5.52
net240,5.52
net244,5.52
net253,5.52
net262,5.52
net263,5.52
net266,5.52
net269,5.52
net285,5.52
net286,5.52
net298,5.52
net299,5.52
net310,5.52
net322,5.52
net326,5.52
net363,5.52
net382,5.52
net388,5.52
net406,5.52
net425,5.52
net443,5.52
net463,5.52
net484,5.52
net519,5.52
net520,5.52
net523,5.52
net527,5.52
net530,5.52
net553,5.52
net566,5.52
net572,5.52
net577,5.52
net578,5.52
net599,5.52
net607,5.52
net642,5.52
net656,5.52
net659,5.52
net673,5.52
net680,5.52
net688,5.52
net703,5.52
net715,5.52
net716,5.52
net738,5.52
net746,5.52
net751,5.52
net754,5.52
net756,5.52
net767,5.52
net769,5.52
net781,5.52
net789,5.52
net794,5.52
net798,5.52
net799,5.52
net805,5.52
net836,5.52
net843,5.52
net901,5.52
net903,5.52
net907,5.52
net923,5.52
net924,5.52
net960,5.52
net969,5.52
net976,5.52
net977,5.52
net984,5.52
net993,5.52
net1000,5.52
net1009,5.52
net1013,5.52
net1014,5.52
net1022,5.52
net1025,5.52
net1031,5.52
net1042,5.52
net1054,5.52
net1057,5.52
net1073,5.52
net1077,5.52
net1089,5.52
net1103,5.52
net1145,5.52
net1168,5.52
net1171,5.52
net1189,5.52
net1190,5.52
net1196,5.52
net1222,5.52
net1226,5.52
net1230,5.52
net1233,5.52
net1255,5.52
net1268,5.52
net1306,5.52
net1319,5.52
net1353,5.52
net1360,5.52
net1361,5.52
net1380,5.52
net1392,5.52
net1405,5.52
net1410,5.52
net1418,5.52
net1419,5.52
net1435,5.52
net1437,5.52
net1442,5.52
net1450,5.52
net1475,5.52
net1480,5.52
net1497,5.52
net1508,5.52
net1517,5.52
net1532,5.52
_00607_,5.505
_00724_,5.505
_01637_,5.505
_01216_,5.5
_01611_,5.5
_02031_,5.5
_05068_,5.5
net391,5.5
net717,5.5
_01197_,5.48
_03962_,5.48
_04214_,5.48
_04238_,5.48
_05700_,5.48
_01211_,5.475
_00546_,5.465
imem.rom\[6\]\[10\],5.465
_01869_,5.46
_02899_,5.46
_03890_,5.46
_05994_,5.46
_00141_,5.445
_00681_,5.445
_00807_,5.445
_01024_,5.445
_01379_,5.445
_01440_,5.445
_01632_,5.445
_05445_,5.44
_00117_,5.435
_00311_,5.435
_00364_,5.435
_00419_,5.435
_00519_,5.435
_00613_,5.435
_00781_,5.435
_01135_,5.435
_01263_,5.435
_01634_,5.435
_05947_,5.435
_00554_,5.425
carry_flag_port,5.41
debug_mem_addr[1],5.41
debug_mem_data[3],5.41
debug_mem_data[4],5.41
debug_reg_data[10],5.41
instr_we,5.41
pc_out_port[13],5.41
_02536_,5.4
_03085_,5.4
_04068_,5.4
_04960_,5.4
_06282_,5.4
net156,5.4
net205,5.4
net272,5.4
net560,5.4
net882,5.4
net1112,5.4
_00184_,5.38
_01809_,5.38
_01965_,5.38
_01971_,5.38
_02270_,5.38
_02673_,5.38
_02729_,5.38
_03106_,5.38
_03381_,5.38
_03616_,5.38
_03687_,5.38
_03791_,5.38
_03957_,5.38
_04053_,5.38
_04432_,5.38
_04496_,5.38
_04571_,5.38
_04804_,5.38
_04839_,5.38
_04915_,5.38
_05236_,5.38
_05295_,5.38
_05372_,5.38
_05402_,5.38
_05605_,5.38
_05669_,5.38
_05693_,5.38
_05706_,5.38
_05830_,5.38
_06529_,5.38
_06683_,5.38
if_id_reg.Instr_Out\[9\],5.38
rr_ex_reg.instr_out\[10\],5.38
net184,5.38
net290,5.38
net693,5.38
net936,5.38
net979,5.38
net1262,5.38
net1484,5.38
_01598_,5.365
_00142_,5.36
_02497_,5.36
_02972_,5.36
_03122_,5.36
_04253_,5.36
_04313_,5.36
_06450_,5.36
_00541_,5.355
_00875_,5.355
_00130_,5.345
_00502_,5.345
_00573_,5.345
_00696_,5.345
_00722_,5.345
_00872_,5.345
_00961_,5.345
_01105_,5.345
_01564_,5.345
_01586_,5.345
_02231_,5.34
_02289_,5.34
_02343_,5.34
_02430_,5.34
_02433_,5.34
_02581_,5.34
_02616_,5.34
_02785_,5.34
_03027_,5.34
_03046_,5.34
_03527_,5.34
_04124_,5.34
_04285_,5.34
_04305_,5.34
_04553_,5.34
_04648_,5.34
_04795_,5.34
_04883_,5.34
_05080_,5.34
_05141_,5.34
_05152_,5.34
_05153_,5.34
_05333_,5.34
_05496_,5.34
_05554_,5.34
_05740_,5.34
_05850_,5.34
_06364_,5.34
_06397_,5.34
_06421_,5.34
_06423_,5.34
_06649_,5.34
_06653_,5.34
net930,5.34
net1020,5.34
net1118,5.34
_00406_,5.32
_00798_,5.315
_01018_,5.315
_04122_,5.31
_00098_,5.305
_00101_,5.305
_00296_,5.305
_00349_,5.305
_00460_,5.305
_00549_,5.305
_00842_,5.305
_00843_,5.305
_00844_,5.305
_01167_,5.305
_01413_,5.305
_01451_,5.305
_01599_,5.305
_01602_,5.305
_01615_,5.305
_00504_,5.28
_00684_,5.28
_02049_,5.28
_04832_,5.28
_04895_,5.28
_05121_,5.28
_06045_,5.28
_06198_,5.28
_06234_,5.28
_06352_,5.28
_06473_,5.28
_06589_,5.28
_06711_,5.28
_00239_,5.265
_00670_,5.265
_00756_,5.265
_01969_,5.26
_02108_,5.26
_02345_,5.26
_02557_,5.26
_02702_,5.26
_03117_,5.26
_03742_,5.26
_03862_,5.26
_04263_,5.26
_04454_,5.26
_04692_,5.26
_04709_,5.26
_04729_,5.26
_04740_,5.26
_04750_,5.26
_04751_,5.26
_04872_,5.26
_05075_,5.26
_05242_,5.26
_05338_,5.26
_05949_,5.26
_06050_,5.26
_06162_,5.26
_06304_,5.26
_06425_,5.26
_06470_,5.26
_06581_,5.26
_06644_,5.26
_06655_,5.26
_06690_,5.26
_06714_,5.26
net61,5.26
net325,5.26
net339,5.26
net467,5.26
net683,5.26
net696,5.26
net1062,5.26
net1413,5.26
net1521,5.26
_00086_,5.245
_00445_,5.245
_00584_,5.245
_00587_,5.245
_00695_,5.245
_00995_,5.245
_01966_,5.22
_02137_,5.22
_02337_,5.22
_02369_,5.22
_03057_,5.22
_03095_,5.22
_03316_,5.22
_03320_,5.22
_03681_,5.22
_04481_,5.22
_04510_,5.22
_04699_,5.22
_04706_,5.22
_04768_,5.22
_04916_,5.22
_05123_,5.22
_05134_,5.22
_05331_,5.22
_05803_,5.22
_05833_,5.22
_06236_,5.22
_06251_,5.22
_06286_,5.22
_06295_,5.22
_06333_,5.22
_06379_,5.22
_06505_,5.22
_06531_,5.22
_06625_,5.22
_06635_,5.22
_06685_,5.22
debug_reg_data[0],5.19
debug_reg_data[11],5.19
_00516_,5.185
_00642_,5.185
_00736_,5.18
_00197_,5.16
_00785_,5.16
_00816_,5.16
_00978_,5.16
_01065_,5.16
_01310_,5.16
_01391_,5.16
_01657_,5.16
_03236_,5.16
_03251_,5.16
_03731_,5.16
_04519_,5.16
net115,5.16
net324,5.16
net353,5.16
net507,5.16
net571,5.16
net846,5.16
net893,5.16
net914,5.16
net998,5.16
net1007,5.16
net1017,5.16
net1140,5.16
net1149,5.16
net1172,5.16
net1280,5.16
net1308,5.16
net1449,5.16
net1460,5.16
_00317_,5.145
_04796_,5.14
_04834_,5.14
_05401_,5.14
_06080_,5.14
_06571_,5.14
net539,5.14
_01860_,5.12
_02855_,5.12
_03088_,5.12
_03099_,5.12
_03268_,5.12
_03498_,5.12
_05375_,5.12
net241,5.12
net252,5.12
net314,5.12
net489,5.12
net556,5.12
net891,5.12
net1038,5.12
net1252,5.12
net1263,5.12
net1417,5.12
net1530,5.12
_03442_,5.105
_00040_,5.085
_00061_,5.085
_00195_,5.085
_00458_,5.085
_00580_,5.085
_00732_,5.085
_01057_,5.085
_01319_,5.085
debug_mem_data[0],5.07
_01280_,5.065
_01230_,5.06
_03032_,5.06
_03643_,5.06
_03943_,5.06
_03958_,5.06
net160,5.06
net169,5.06
net172,5.06
net197,5.06
net254,5.06
net289,5.06
net323,5.06
net349,5.06
net354,5.06
net358,5.06
net362,5.06
net365,5.06
net366,5.06
net369,5.06
net379,5.06
net381,5.06
net384,5.06
net404,5.06
net407,5.06
net409,5.06
net424,5.06
net431,5.06
net444,5.06
net509,5.06
net549,5.06
net550,5.06
net651,5.06
net655,5.06
net667,5.06
net681,5.06
net690,5.06
net704,5.06
net710,5.06
net727,5.06
net729,5.06
net730,5.06
net732,5.06
net736,5.06
net750,5.06
net758,5.06
net764,5.06
net768,5.06
net771,5.06
net780,5.06
net782,5.06
net783,5.06
net784,5.06
net792,5.06
net801,5.06
net802,5.06
net803,5.06
net808,5.06
net829,5.06
net839,5.06
net840,5.06
net848,5.06
net856,5.06
net870,5.06
net881,5.06
net890,5.06
net909,5.06
net925,5.06
net929,5.06
net941,5.06
net965,5.06
net970,5.06
net972,5.06
net983,5.06
net999,5.06
net1003,5.06
net1012,5.06
net1018,5.06
net1026,5.06
net1029,5.06
net1055,5.06
net1059,5.06
net1082,5.06
net1083,5.06
net1091,5.06
net1098,5.06
net1105,5.06
net1114,5.06
net1126,5.06
net1128,5.06
net1144,5.06
net1146,5.06
net1148,5.06
net1174,5.06
net1176,5.06
net1223,5.06
net1228,5.06
net1235,5.06
net1250,5.06
net1256,5.06
net1265,5.06
net1269,5.06
net1278,5.06
net1300,5.06
net1301,5.06
net1309,5.06
net1315,5.06
net1334,5.06
net1337,5.06
net1358,5.06
net1362,5.06
net1383,5.06
net1398,5.06
net1407,5.06
net1409,5.06
net1421,5.06
net1456,5.06
net1458,5.06
net1459,5.06
net1461,5.06
net1487,5.06
net1488,5.06
net1489,5.06
net1490,5.06
net1491,5.06
net1495,5.06
net1496,5.06
net1506,5.06
net1516,5.06
net1525,5.06
net1528,5.06
net1534,5.06
_00500_,5.045
_00513_,5.045
_01174_,5.045
_01558_,5.045
_00170_,5.04
_01084_,5.04
_02515_,5.04
_04260_,5.04
_04345_,5.02
net397,5.02
net706,5.02
_00088_,5.015
_00913_,5.005
_02298_,5
_03727_,5
_00259_,4.985
_00442_,4.985
_01126_,4.985
_01220_,4.985
_01565_,4.985
_01346_,4.975
_01537_,4.975
_04021_,4.975
_00480_,4.965
_00896_,4.965
_01161_,4.965
_05046_,4.95
_02095_,4.94
_02153_,4.94
_02161_,4.94
_04206_,4.94
_05003_,4.94
_05071_,4.94
_05078_,4.94
_01748_,4.92
_02302_,4.92
_02325_,4.92
_02382_,4.92
_02573_,4.92
_02666_,4.92
_02668_,4.92
_02686_,4.92
_02784_,4.92
_03019_,4.92
_03054_,4.92
_03413_,4.92
_03464_,4.92
_03699_,4.92
_04404_,4.92
_04543_,4.92
_04622_,4.92
_04818_,4.92
_04857_,4.92
_05969_,4.92
_06157_,4.92
_06351_,4.92
_06566_,4.92
_06599_,4.92
net584,4.92
net701,4.92
net823,4.92
net866,4.92
net1093,4.92
net1158,4.92
net1295,4.92
_00589_,4.905
_00599_,4.905
_00611_,4.905
_00699_,4.905
_00939_,4.905
_01605_,4.905
net210,4.9
_00688_,4.885
_00690_,4.885
_00768_,4.885
_00877_,4.885
_00926_,4.885
_01210_,4.885
_01121_,4.88
_01688_,4.88
_01893_,4.88
_01957_,4.88
_02425_,4.88
_02619_,4.88
_02623_,4.88
_02688_,4.88
_02956_,4.88
_04001_,4.88
_04303_,4.88
_04546_,4.88
_04674_,4.88
_04742_,4.88
_04853_,4.88
_05125_,4.88
_05213_,4.88
_05352_,4.88
_05485_,4.88
_05510_,4.88
_05625_,4.88
_05662_,4.88
_05695_,4.88
_05713_,4.88
_05852_,4.88
_06059_,4.88
_06061_,4.88
_06068_,4.88
_06375_,4.88
_06459_,4.88
_06479_,4.88
_06552_,4.88
_06673_,4.88
ex_mm_reg.RF_D2_Out\[0\],4.88
imem.rom\[7\]\[10\],4.88
net1343,4.88
debug_reg_data[12],4.85
pc_out_port[9],4.85
_00275_,4.845
_00365_,4.845
_00386_,4.845
_00676_,4.845
_00925_,4.845
_00970_,4.845
_01381_,4.845
_01387_,4.845
_01410_,4.845
_01467_,4.845
_04357_,4.83
_01536_,4.82
_01693_,4.82
_01991_,4.82
_02590_,4.82
_02645_,4.82
_03131_,4.82
_03290_,4.82
_03627_,4.82
_04246_,4.82
_04836_,4.82
_04859_,4.82
_05385_,4.82
_05649_,4.82
_05841_,4.82
_06238_,4.82
_06297_,4.82
net82,4.82
_00625_,4.805
_00833_,4.805
_01363_,4.805
_01668_,4.8
_01980_,4.8
_02029_,4.8
_02088_,4.8
_02227_,4.8
_02363_,4.8
_02788_,4.8
_03075_,4.8
_03160_,4.8
_03313_,4.8
_03492_,4.8
_03855_,4.8
_04191_,4.8
_04505_,4.8
_04629_,4.8
_04663_,4.8
_04793_,4.8
_04842_,4.8
_05076_,4.8
_05093_,4.8
_05159_,4.8
_05163_,4.8
_05415_,4.8
_05555_,4.8
_05751_,4.8
_05839_,4.8
_06049_,4.8
_06174_,4.8
_06214_,4.8
_06276_,4.8
_06415_,4.8
_06432_,4.8
_06463_,4.8
_06543_,4.8
_06637_,4.8
_06640_,4.8
_06669_,4.8
net49,4.8
net51,4.8
net54,4.8
net327,4.8
net1283,4.8
net1512,4.8
_00434_,4.785
_00971_,4.785
_01358_,4.785
_01953_,4.76
_02410_,4.76
_02775_,4.76
_03066_,4.76
_03597_,4.76
_03714_,4.76
_04008_,4.76
_04032_,4.76
_04425_,4.76
_04637_,4.76
_05113_,4.76
_05304_,4.76
_05308_,4.76
_05379_,4.76
_05663_,4.76
_06199_,4.76
_06513_,4.76
_06548_,4.76
_06593_,4.76
_00008_,4.755
_01014_,4.755
_00809_,4.745
_01538_,4.745
_00540_,4.735
debug_mem_addr[0],4.73
_00450_,4.725
_00908_,4.725
_01314_,4.725
_01411_,4.725
_01426_,4.725
_01448_,4.725
_00016_,4.7
_00199_,4.7
_00352_,4.7
_00539_,4.7
_00560_,4.7
_00636_,4.7
_00823_,4.7
_00944_,4.7
_01166_,4.7
_01484_,4.7
_01500_,4.7
_01526_,4.7
_01574_,4.7
_01735_,4.7
_02847_,4.7
_03352_,4.7
_03750_,4.7
_03933_,4.7
_04517_,4.7
_04997_,4.7
_05520_,4.7
_05532_,4.7
_05566_,4.7
_06148_,4.7
net332,4.7
net462,4.7
net669,4.7
net988,4.7
net1071,4.7
net1258,4.7
net1504,4.7
net1515,4.7
_00468_,4.695
_01141_,4.68
_02045_,4.68
_02160_,4.68
_02277_,4.68
_03496_,4.68
imem.rom\[13\]\[5\],4.68
net726,4.68
net876,4.68
net949,4.68
_01743_,4.66
_03546_,4.66
_03593_,4.66
_03700_,4.66
_04065_,4.66
_04152_,4.66
net267,4.66
net1404,4.66
_01186_,4.64
_00373_,4.635
_00922_,4.635
_01013_,4.635
_00048_,4.625
_00072_,4.625
_00344_,4.625
_00643_,4.625
_00733_,4.625
_00763_,4.625
_01076_,4.625
_01290_,4.625
_01417_,4.625
net159,4.625
_01353_,4.6
_02426_,4.6
_03509_,4.6
_03843_,4.6
_03884_,4.6
_04421_,4.6
net162,4.6
net188,4.6
_00269_,4.585
_00564_,4.585
_00641_,4.585
_00836_,4.585
_00893_,4.585
_01433_,4.585
_01894_,4.58
_02127_,4.58
_03408_,4.58
_03458_,4.58
net232,4.58
_05563_,4.56
_00518_,4.555
_01095_,4.545
_01359_,4.545
_01475_,4.545
_00481_,4.525
_01332_,4.525
_01444_,4.525
_00035_,4.505
_00134_,4.505
_00237_,4.505
_00740_,4.505
_02030_,4.48
_02313_,4.48
_03248_,4.48
_03753_,4.48
_03917_,4.48
_03941_,4.48
_04015_,4.48
_04096_,4.48
_05453_,4.48
_05571_,4.48
_06094_,4.48
_01689_,4.46
_01696_,4.46
_02005_,4.46
_02067_,4.46
_02118_,4.46
_02224_,4.46
_02249_,4.46
_02359_,4.46
_02417_,4.46
_02453_,4.46
_02465_,4.46
_02475_,4.46
_02582_,4.46
_03043_,4.46
_03055_,4.46
_03081_,4.46
_03148_,4.46
_03414_,4.46
_03433_,4.46
_03620_,4.46
_03636_,4.46
_03671_,4.46
_03754_,4.46
_04420_,4.46
_04424_,4.46
_04444_,4.46
_04501_,4.46
_04511_,4.46
_04585_,4.46
_04609_,4.46
_04639_,4.46
_04649_,4.46
_04665_,4.46
_04800_,4.46
_04820_,4.46
_04826_,4.46
_04930_,4.46
_05010_,4.46
_05240_,4.46
_05249_,4.46
_05324_,4.46
_05341_,4.46
_05354_,4.46
_05581_,4.46
_05590_,4.46
_05738_,4.46
_05762_,4.46
_06087_,4.46
_06168_,4.46
_06200_,4.46
_06400_,4.46
_06522_,4.46
_06596_,4.46
id_rr_reg.pc_next_out\[13\],4.46
net428,4.46
net454,4.46
net788,4.46
net1328,4.46
_00054_,4.44
_01616_,4.44
_02486_,4.44
_04141_,4.44
_04179_,4.44
_04508_,4.44
_01620_,4.435
_00021_,4.425
_00240_,4.425
_00432_,4.425
_00581_,4.425
_00593_,4.425
_00720_,4.425
_00824_,4.425
_01047_,4.425
_01059_,4.425
_01093_,4.425
_01226_,4.425
_01238_,4.425
_01570_,4.425
_01062_,4.42
_01947_,4.42
_02187_,4.42
_02887_,4.42
_03578_,4.42
_03675_,4.42
_03955_,4.42
_04090_,4.42
_04211_,4.42
_04464_,4.42
_04749_,4.42
_04813_,4.42
_05124_,4.42
_05259_,4.42
_05302_,4.42
_05337_,4.42
_05446_,4.42
_05529_,4.42
_05837_,4.42
_05859_,4.42
_06448_,4.42
_06478_,4.42
_06535_,4.42
_06542_,4.42
_06722_,4.42
_01081_,4.405
_05688_,4.4
debug_mem_data[9],4.39
instr_wdata[6],4.39
pc_out_port[10],4.39
pc_out_port[2],4.39
reset,4.39
_00006_,4.385
_00065_,4.385
_00162_,4.385
_00515_,4.385
_00731_,4.385
_00797_,4.385
_01443_,4.385
_00288_,4.36
_01988_,4.36
_02140_,4.36
_02870_,4.36
_03500_,4.36
_04446_,4.36
_04523_,4.36
_01383_,4.355
_01654_,4.34
_01995_,4.34
_02114_,4.34
_02178_,4.34
_02305_,4.34
_02319_,4.34
_02507_,4.34
_02663_,4.34
_02946_,4.34
_02989_,4.34
_03423_,4.34
_04186_,4.34
_04528_,4.34
_04843_,4.34
_04852_,4.34
_04864_,4.34
_05315_,4.34
_05356_,4.34
_05377_,4.34
_05407_,4.34
_05448_,4.34
_05643_,4.34
_06212_,4.34
_06254_,4.34
_06334_,4.34
_06344_,4.34
_06440_,4.34
_06441_,4.34
_06579_,4.34
_06707_,4.34
_06721_,4.34
net638,4.34
net643,4.34
net811,4.34
net967,4.34
net1165,4.34
_00744_,4.335
_00128_,4.325
_00501_,4.325
_01029_,4.325
_01173_,4.325
_01196_,4.325
_00675_,4.315
_01488_,4.315
instr_wdata[2],4.27
_00036_,4.265
_00339_,4.265
_00466_,4.265
_00469_,4.265
_01115_,4.265
_00841_,4.26
_00911_,4.26
_01144_,4.26
_01641_,4.26
_00306_,4.255
_00329_,4.245
_00139_,4.24
_00312_,4.24
_00381_,4.24
_00707_,4.24
_00799_,4.24
_01026_,4.24
_01357_,4.24
_01397_,4.24
_01474_,4.24
_01582_,4.24
_01610_,4.24
_01885_,4.24
_02469_,4.24
_03216_,4.24
_03585_,4.24
_03693_,4.24
_04126_,4.24
net246,4.24
net475,4.24
net494,4.24
net575,4.24
net824,4.24
net1008,4.24
net1067,4.24
net1270,4.24
net1433,4.24
net1527,4.24
_01932_,4.22
_02921_,4.22
_05617_,4.22
_05923_,4.22
net940,4.22
net1178,4.22
net1366,4.22
_03562_,4.2
_03852_,4.2
_04412_,4.2
_04870_,4.2
_05936_,4.2
net723,4.2
_00582_,4.18
_00164_,4.165
_00300_,4.165
_00338_,4.165
_00414_,4.165
_00495_,4.165
_00548_,4.165
_00702_,4.165
_00757_,4.165
_00821_,4.165
_00846_,4.165
_00856_,4.165
_01001_,4.165
_01349_,4.165
_01609_,4.165
_00078_,4.145
_04038_,4.14
_04199_,4.14
_05599_,4.14
_05611_,4.14
_00779_,4.125
_01513_,4.125
_01754_,4.12
_04249_,4.12
_01079_,4.115
_02684_,4.1
_04189_,4.1
_05511_,4.1
_06670_,4.1
imem.rom\[7\]\[14\],4.1
_00108_,4.095
_00116_,4.085
_00215_,4.085
_00382_,4.085
_00659_,4.085
_00956_,4.085
_01759_,4.08
_05567_,4.08
_00630_,4.065
_00709_,4.065
_00782_,4.065
_01333_,4.055
_05160_,4.04
_00729_,4.02
_01143_,4.02
_01184_,4.02
_01402_,4.02
_01441_,4.02
_01652_,4.02
_01845_,4.02
_02206_,4.02
_02229_,4.02
_02335_,4.02
_03684_,4.02
_04040_,4.02
_04212_,4.02
_04391_,4.02
_04974_,4.02
_05083_,4.02
_05442_,4.02
_05940_,4.02
_06135_,4.02
net110,4.02
_01676_,4
_01887_,4
_02069_,4
_02230_,4
_02261_,4
_02340_,4
_02589_,4
_02640_,4
_02700_,4
_02750_,4
_02802_,4
_02898_,4
_03461_,4
_03797_,4
_04103_,4
_04302_,4
_04370_,4
_04485_,4
_04533_,4
_04654_,4
_04700_,4
_04737_,4
_04780_,4
_04846_,4
_05082_,4
_05095_,4
_05131_,4
_05223_,4
_05244_,4
_05504_,4
_05608_,4
_05668_,4
_05715_,4
_05733_,4
_05741_,4
_05974_,4
_06004_,4
_06040_,4
_06105_,4
_06150_,4
_06194_,4
_06226_,4
_06285_,4
_06605_,4
id_rr_reg.pc_next_out\[6\],4
net161,4
net309,4
net430,4
net458,4
net466,4
net493,4
net694,4
net1249,4
net1273,4
_01557_,3.995
_02460_,3.98
_05878_,3.98
_00178_,3.965
_00232_,3.965
_00325_,3.965
_00371_,3.965
_00372_,3.965
_00531_,3.965
_00585_,3.965
_00691_,3.965
_00710_,3.965
_00748_,3.965
_01194_,3.965
_01348_,3.965
_01430_,3.965
_01606_,3.965
_01622_,3.965
_00839_,3.955
_00056_,3.925
_00115_,3.925
_00150_,3.925
_00166_,3.925
_00227_,3.925
_00265_,3.925
_00380_,3.925
_00537_,3.925
_00655_,3.925
_00735_,3.925
_00793_,3.925
_00885_,3.925
_00903_,3.925
_01041_,3.925
_01102_,3.925
_01239_,3.925
_01309_,3.925
_01461_,3.925
_01473_,3.925
_01523_,3.925
_01396_,3.9
_01485_,3.9
_01702_,3.9
_02017_,3.9
_02234_,3.9
_03040_,3.9
_05560_,3.9
_06083_,3.9
_06468_,3.9
_06661_,3.9
_00498_,3.88
_01839_,3.88
_01943_,3.88
_02147_,3.88
_02622_,3.88
_02986_,3.88
_03001_,3.88
_03048_,3.88
_03092_,3.88
_03141_,3.88
_03411_,3.88
_03718_,3.88
_03736_,3.88
_03905_,3.88
_04255_,3.88
_04474_,3.88
_04561_,3.88
_04685_,3.88
_04739_,3.88
_04756_,3.88
_04878_,3.88
_05054_,3.88
_05582_,3.88
_05689_,3.88
_05704_,3.88
_05798_,3.88
_05810_,3.88
_06046_,3.88
_06124_,3.88
_06163_,3.88
_06309_,3.88
_06416_,3.88
_06451_,3.88
_06499_,3.88
_06521_,3.88
_06553_,3.88
_06567_,3.88
net648,3.88
net686,3.88
net1281,3.88
_00214_,3.865
_00391_,3.865
_00742_,3.865
_00803_,3.865
_01158_,3.865
_01308_,3.865
_01335_,3.865
_01470_,3.865
_05829_,3.86
_00928_,3.805
_00991_,3.805
_01010_,3.805
_01629_,3.805
_00119_,3.8
_00274_,3.8
_00553_,3.8
_00619_,3.8
_00752_,3.8
_01077_,3.8
_01151_,3.8
_01322_,3.8
_01326_,3.8
_01452_,3.8
_01175_,3.785
_00172_,3.78
_00236_,3.78
_00307_,3.78
_00484_,3.78
_00595_,3.78
_00626_,3.78
_01503_,3.78
_01527_,3.78
_03600_,3.78
_03978_,3.78
_04181_,3.78
_04942_,3.78
_05526_,3.78
net284,3.78
net341,3.78
net360,3.78
net522,3.78
net614,3.78
net779,3.78
net1039,3.78
net1234,3.78
net1387,3.78
net1468,3.78
_03726_,3.76
_04822_,3.76
_05795_,3.76
_05059_,3.74
_05403_,3.74
_00146_,3.705
_00192_,3.705
_00254_,3.705
_00331_,3.705
_00543_,3.705
_00840_,3.705
_00883_,3.705
_00892_,3.705
_01058_,3.705
_01252_,3.705
_02037_,3.68
_02157_,3.68
_02903_,3.68
_02909_,3.68
_02918_,3.68
_02948_,3.68
_03029_,3.68
_03033_,3.68
_03037_,3.68
_03039_,3.68
_03045_,3.68
_03052_,3.68
_03082_,3.68
_03086_,3.68
_03105_,3.68
_03916_,3.68
_04500_,3.68
_04513_,3.68
_04515_,3.68
_04527_,3.68
_05033_,3.68
_06000_,3.68
net1056,3.68
_00876_,3.66
_01734_,3.66
_02158_,3.66
_03153_,3.66
_03622_,3.66
_04229_,3.66
net1284,3.66
net1477,3.66
_01705_,3.64
_01496_,3.635
net480,3.63
_00037_,3.625
_00085_,3.625
_00276_,3.625
_00287_,3.625
_00390_,3.625
_00674_,3.625
_00728_,3.625
_00829_,3.625
_00845_,3.625
_00902_,3.625
_01146_,3.625
_01169_,3.625
_01180_,3.625
_01271_,3.625
_01295_,3.625
_01330_,3.625
_00825_,3.615
_00073_,3.605
_00361_,3.605
_00708_,3.605
_00512_,3.585
_00536_,3.585
_01959_,3.56
_02023_,3.56
_02872_,3.56
_03145_,3.56
_03181_,3.56
_03772_,3.56
_03865_,3.56
_04336_,3.56
_05909_,3.56
_06181_,3.56
_01962_,3.54
_02121_,3.54
_02143_,3.54
_02275_,3.54
_02330_,3.54
_02461_,3.54
_02532_,3.54
_02583_,3.54
_02605_,3.54
_02642_,3.54
_02692_,3.54
_02904_,3.54
_03453_,3.54
_03580_,3.54
_03883_,3.54
_03887_,3.54
_03900_,3.54
_04170_,3.54
_04230_,3.54
_04458_,3.54
_04666_,3.54
_04894_,3.54
_04936_,3.54
_05136_,3.54
_05253_,3.54
_05281_,3.54
_05411_,3.54
_05593_,3.54
_05835_,3.54
_06052_,3.54
_06256_,3.54
_06281_,3.54
_06679_,3.54
id_rr_reg.pc_next_out\[12\],3.54
id_rr_reg.pc_next_out\[1\],3.54
id_rr_reg.pc_next_out\[9\],3.54
net114,3.54
net380,3.54
net416,3.54
net505,3.54
net682,3.54
net753,3.54
net762,3.54
net985,3.54
net986,3.54
net1040,3.54
net1041,3.54
net1086,3.54
net1124,3.54
net1136,3.54
net1169,3.54
net1312,3.54
net1388,3.54
net1439,3.54
net1440,3.54
net1514,3.54
_00535_,3.515
_00682_,3.505
_01118_,3.505
_01120_,3.505
_01123_,3.505
_01195_,3.505
_01231_,3.505
_01237_,3.505
_01445_,3.505
_01543_,3.505
_01608_,3.505
_06012_,3.5
_00223_,3.465
_00250_,3.465
_00388_,3.465
_00399_,3.465
_01067_,3.465
_01278_,3.465
_01288_,3.465
_01393_,3.465
_01428_,3.465
_01447_,3.465
_01464_,3.465
_01593_,3.465
_01638_,3.465
_00332_,3.44
_00920_,3.44
_00996_,3.44
_01066_,3.44
_01344_,3.44
_01938_,3.44
_01983_,3.44
_02202_,3.44
_02928_,3.44
_04433_,3.44
_04556_,3.44
_04634_,3.44
_04656_,3.44
_04689_,3.44
_04901_,3.44
_04914_,3.44
_05548_,3.44
_06043_,3.44
_06461_,3.44
_06595_,3.44
_00471_,3.42
_01914_,3.42
_02044_,3.42
_02057_,3.42
_02086_,3.42
_02135_,3.42
_02228_,3.42
_02311_,3.42
_02449_,3.42
_02458_,3.42
_02485_,3.42
_02549_,3.42
_02919_,3.42
_03242_,3.42
_03954_,3.42
_04119_,3.42
_04265_,3.42
_04579_,3.42
_04722_,3.42
_04762_,3.42
_04777_,3.42
_04814_,3.42
_04896_,3.42
_05112_,3.42
_05247_,3.42
_05325_,3.42
_05541_,3.42
_05614_,3.42
_05673_,3.42
_05745_,3.42
_06146_,3.42
_06166_,3.42
_06323_,3.42
_06403_,3.42
_06540_,3.42
_06564_,3.42
_06708_,3.42
net242,3.42
net300,3.42
net885,3.42
net1336,3.42
_00043_,3.405
_00097_,3.405
_00110_,3.405
_00143_,3.405
_00270_,3.405
_00305_,3.405
_00429_,3.405
_00437_,3.405
_00493_,3.405
_00517_,3.405
_00574_,3.405
_00804_,3.405
_00814_,3.405
_00958_,3.405
_00964_,3.405
_00965_,3.405
_01011_,3.405
_01016_,3.405
_01244_,3.405
_01304_,3.405
_01386_,3.405
_01450_,3.405
_01504_,3.405
_01535_,3.405
_01552_,3.405
_01567_,3.405
_03878_,3.4
_00293_,3.345
_00492_,3.345
_00532_,3.345
_00868_,3.345
_00888_,3.345
_00889_,3.345
_01004_,3.345
_01061_,3.345
_01221_,3.345
_01235_,3.345
_01285_,3.345
_01568_,3.345
_01635_,3.345
_00090_,3.34
_00107_,3.34
_00127_,3.34
_00244_,3.34
_00282_,3.34
_00303_,3.34
_00370_,3.34
_00415_,3.34
_00423_,3.34
_00424_,3.34
_00425_,3.34
_00446_,3.34
_00455_,3.34
_00467_,3.34
_00475_,3.34
_00486_,3.34
_00510_,3.34
_00628_,3.34
_00717_,3.34
_00738_,3.34
_00747_,3.34
_00765_,3.34
_00795_,3.34
_00859_,3.34
_00975_,3.34
_01032_,3.34
_01049_,3.34
_01202_,3.34
_01206_,3.34
_01247_,3.34
_01302_,3.34
_01472_,3.34
_01476_,3.34
_01551_,3.34
_01623_,3.34
_01627_,3.34
_01630_,3.34
_00007_,3.32
_00154_,3.32
_00248_,3.32
_00431_,3.32
_01037_,3.32
_01324_,3.32
_01414_,3.32
_03193_,3.32
_03356_,3.32
_03388_,3.32
_03426_,3.32
_03431_,3.32
_04130_,3.32
_05576_,3.32
net375,3.32
net483,3.32
net486,3.32
net537,3.32
net546,3.32
net554,3.32
net602,3.32
net619,3.32
net720,3.32
net731,3.32
net763,3.32
net787,3.32
net795,3.32
net951,3.32
net1185,3.32
net1236,3.32
net1239,3.32
net1279,3.32
net1372,3.32
net1386,3.32
net1455,3.32
net1464,3.32
net1493,3.32
_03751_,3.3
_04067_,3.3
_04487_,3.3
_05026_,3.3
_00837_,3.295
_01355_,3.295
_00023_,3.245
_00163_,3.245
_00210_,3.245
_00228_,3.245
_00267_,3.245
_00461_,3.245
_00750_,3.245
_01292_,3.245
net130,3.245
_00533_,3.225
_03127_,3.22
_03179_,3.22
_03186_,3.22
_03395_,3.22
_03698_,3.22
_03907_,3.22
net511,3.22
net1473,3.22
_03333_,3.2
_04428_,3.2
_03721_,3.18
_04033_,3.18
_04282_,3.18
imem.rom\[15\]\[12\],3.18
imem.rom\[1\]\[1\],3.18
_00661_,3.175
_00879_,3.175
_00895_,3.175
_00951_,3.175
_01153_,3.175
_01199_,3.175
_01203_,3.175
_01458_,3.175
_01367_,3.155
_00621_,3.145
_00754_,3.145
_00780_,3.145
_01600_,3.145
_00668_,3.125
_01364_,3.125
_01544_,3.125
_01566_,3.125
_03417_,3.12
_01993_,3.1
_02165_,3.1
_02180_,3.1
_02219_,3.1
_02356_,3.1
_03329_,3.1
_04785_,3.1
_04786_,3.1
_05434_,3.1
_05966_,3.1
net1033,3.1
_00181_,3.08
_00189_,3.08
_01655_,3.08
_01948_,3.08
_02036_,3.08
_02278_,3.08
_02304_,3.08
_02420_,3.08
_02467_,3.08
_02479_,3.08
_02484_,3.08
_02876_,3.08
_03136_,3.08
_03142_,3.08
_03432_,3.08
_03586_,3.08
_03655_,3.08
_03798_,3.08
_03832_,3.08
_04165_,3.08
_04301_,3.08
_04489_,3.08
_04562_,3.08
_04675_,3.08
_04702_,3.08
_04711_,3.08
_04712_,3.08
_04726_,3.08
_04776_,3.08
_05038_,3.08
_05296_,3.08
_05374_,3.08
_05473_,3.08
_05719_,3.08
_05828_,3.08
_06134_,3.08
_06145_,3.08
_06158_,3.08
_06197_,3.08
_06436_,3.08
id_rr_reg.pc_next_out\[4\],3.08
id_rr_reg.pc_next_out\[8\],3.08
net558,3.08
net959,3.08
_01104_,3.065
_01113_,3.065
_02362_,3.06
_02687_,3.06
_00124_,3.055
_01581_,3.055
_00201_,3.045
_00285_,3.045
_00368_,3.045
_00426_,3.045
_01171_,3.045
_01422_,3.045
_01601_,3.045
_01626_,3.045
_00069_,3.005
_00111_,3.005
_00255_,3.005
_00291_,3.005
_00395_,3.005
_00402_,3.005
_00979_,3.005
_00988_,3.005
_01157_,3.005
_01200_,3.005
_01204_,3.005
_01253_,3.005
_01261_,3.005
_01316_,3.005
_01250_,3
_00308_,2.98
_00693_,2.98
_01181_,2.98
_02271_,2.98
_02408_,2.98
_02579_,2.98
_02789_,2.98
_02915_,2.98
_04705_,2.98
_05264_,2.98
_05270_,2.98
_05320_,2.98
_05358_,2.98
_05840_,2.98
_06221_,2.98
_06346_,2.98
_06385_,2.98
_06449_,2.98
_06633_,2.98
net692,2.98
_00000_,2.96
_01660_,2.96
_01913_,2.96
_02004_,2.96
_02038_,2.96
_02097_,2.96
_02649_,2.96
_02790_,2.96
_03332_,2.96
_03536_,2.96
_04006_,2.96
_04016_,2.96
_04058_,2.96
_04221_,2.96
_04352_,2.96
_04386_,2.96
_04484_,2.96
_04599_,2.96
_04612_,2.96
_04646_,2.96
_04651_,2.96
_04727_,2.96
_04761_,2.96
_05096_,2.96
_05416_,2.96
_05512_,2.96
_05655_,2.96
_05777_,2.96
_05804_,2.96
_05942_,2.96
_06196_,2.96
_06526_,2.96
_06578_,2.96
net418,2.96
_00019_,2.945
_00027_,2.945
_00029_,2.945
_00039_,2.945
_00042_,2.945
_00045_,2.945
_00049_,2.945
_00096_,2.945
_00106_,2.945
_00112_,2.945
_00147_,2.945
_00175_,2.945
_00196_,2.945
_00220_,2.945
_00229_,2.945
_00234_,2.945
_00243_,2.945
_00262_,2.945
_00290_,2.945
_00294_,2.945
_00318_,2.945
_00345_,2.945
_00350_,2.945
_00351_,2.945
_00357_,2.945
_00359_,2.945
_00393_,2.945
_00398_,2.945
_00412_,2.945
_00449_,2.945
_00472_,2.945
_00507_,2.945
_00508_,2.945
_00520_,2.945
_00523_,2.945
_00528_,2.945
_00559_,2.945
_00561_,2.945
_00571_,2.945
_00617_,2.945
_00647_,2.945
_00649_,2.945
_00653_,2.945
_00677_,2.945
_00759_,2.945
_00760_,2.945
_00767_,2.945
_00774_,2.945
_00783_,2.945
_00789_,2.945
_00819_,2.945
_00848_,2.945
_00850_,2.945
_00853_,2.945
_00862_,2.945
_00864_,2.945
_00867_,2.945
_00870_,2.945
_00899_,2.945
_00917_,2.945
_00954_,2.945
_00985_,2.945
_00993_,2.945
_00994_,2.945
_01002_,2.945
_01038_,2.945
_01070_,2.945
_01073_,2.945
_01074_,2.945
_01086_,2.945
_01090_,2.945
_01182_,2.945
_01201_,2.945
_01207_,2.945
_01208_,2.945
_01225_,2.945
_01242_,2.945
_01264_,2.945
_01281_,2.945
_01338_,2.945
_01350_,2.945
_01351_,2.945
_01356_,2.945
_01384_,2.945
_01442_,2.945
_01446_,2.945
_01457_,2.945
_01477_,2.945
_01481_,2.945
_01512_,2.945
_01571_,2.945
_01573_,2.945
_01613_,2.945
_01621_,2.945
_01639_,2.945
_00055_,2.935
_00034_,2.885
_00052_,2.885
_00292_,2.885
_00321_,2.885
_00477_,2.885
_00786_,2.885
_00808_,2.885
_01007_,2.885
_01036_,2.885
_01265_,2.885
_01380_,2.885
_01400_,2.885
_01534_,2.885
_00230_,2.86
_00316_,2.86
_00634_,2.86
_00851_,2.86
_01087_,2.86
_01142_,2.86
_01192_,2.86
_01214_,2.86
_01306_,2.86
_01555_,2.86
_03049_,2.86
_03178_,2.86
_03839_,2.86
_03894_,2.86
_03910_,2.86
_03939_,2.86
net306,2.86
net568,2.86
net666,2.86
net728,2.86
net733,2.86
net921,2.86
net935,2.86
net968,2.86
net1019,2.86
net1048,2.86
net1119,2.86
net1131,2.86
net1141,2.86
net1151,2.86
net1177,2.86
net1232,2.86
net1242,2.86
net1285,2.86
net1286,2.86
net1339,2.86
net1364,2.86
net1445,2.86
net1470,2.86
net1518,2.86
_03854_,2.84
_05508_,2.84
_06054_,2.84
net344,2.84
_00176_,2.835
_00257_,2.835
_00534_,2.835
_00102_,2.785
_00122_,2.785
_00177_,2.785
_00256_,2.785
_00465_,2.785
_00473_,2.785
_00514_,2.785
_00666_,2.785
_00811_,2.785
_00847_,2.785
_00884_,2.785
_00916_,2.785
_00977_,2.785
_01257_,2.785
_01258_,2.785
_01267_,2.785
_01300_,2.785
_01561_,2.785
_01591_,2.785
_00946_,2.775
_02924_,2.76
_03266_,2.76
_03535_,2.76
_03559_,2.76
_03594_,2.76
_04020_,2.76
_04504_,2.76
_05047_,2.76
_05514_,2.76
_05623_,2.76
_05653_,2.76
_05659_,2.76
_05982_,2.76
net402,2.76
net464,2.76
net465,2.76
net835,2.76
net899,2.76
net1184,2.76
net1416,2.76
net1429,2.76
_01724_,2.74
_04334_,2.74
_04696_,2.74
net228,2.74
net318,2.74
net436,2.74
_04043_,2.72
_06030_,2.72
_00009_,2.715
_00125_,2.715
_00253_,2.715
_00304_,2.715
_00400_,2.715
_00644_,2.715
_00910_,2.715
_01046_,2.715
_01052_,2.715
_01071_,2.715
_01133_,2.715
_01134_,2.715
_01236_,2.715
_01269_,2.715
_01395_,2.715
_01399_,2.715
_01494_,2.715
_01546_,2.715
_01124_,2.665
_05036_,2.65
_01999_,2.64
_02250_,2.64
_02384_,2.64
_02647_,2.64
_03830_,2.64
_04226_,2.64
_04306_,2.64
_04787_,2.64
_05685_,2.64
_05705_,2.64
net133,2.64
net1116,2.64
_01713_,2.62
_01925_,2.62
_02119_,2.62
_02185_,2.62
_02373_,2.62
_02564_,2.62
_02621_,2.62
_02638_,2.62
_02675_,2.62
_02677_,2.62
_02744_,2.62
_02798_,2.62
_02853_,2.62
_02897_,2.62
_02920_,2.62
_02977_,2.62
_03042_,2.62
_03716_,2.62
_03959_,2.62
_04163_,2.62
_04210_,2.62
_04330_,2.62
_04422_,2.62
_04423_,2.62
_04431_,2.62
_05084_,2.62
_05101_,2.62
_05265_,2.62
_05499_,2.62
_05773_,2.62
_05776_,2.62
_05971_,2.62
_05989_,2.62
_06020_,2.62
_06104_,2.62
_06122_,2.62
_06140_,2.62
_06227_,2.62
_06270_,2.62
_06314_,2.62
_06412_,2.62
_06462_,2.62
_06618_,2.62
_06735_,2.62
net385,2.62
net1320,2.62
net1438,2.62
_00336_,2.595
_00578_,2.595
_01165_,2.595
_01323_,2.595
_01492_,2.595
_00171_,2.585
_00219_,2.585
_00377_,2.585
_00411_,2.585
_00490_,2.585
_00639_,2.585
_00784_,2.585
_00942_,2.585
_01055_,2.585
_01111_,2.585
_01212_,2.585
_05241_,2.56
_00005_,2.545
_00012_,2.545
_00026_,2.545
_00032_,2.545
_00046_,2.545
_00095_,2.545
_00121_,2.545
_00207_,2.545
_00209_,2.545
_00224_,2.545
_00353_,2.545
_00776_,2.545
_00830_,2.545
_00890_,2.545
_00963_,2.545
_01017_,2.545
_01020_,2.545
_01092_,2.545
_01155_,2.545
_01183_,2.545
_01577_,2.545
_00190_,2.52
_00384_,2.52
_00746_,2.52
_01432_,2.52
_01681_,2.52
_02476_,2.52
_02598_,2.52
_02980_,2.52
_03069_,2.52
_04429_,2.52
_04466_,2.52
_04871_,2.52
_05106_,2.52
_05132_,2.52
_05535_,2.52
_05602_,2.52
_05632_,2.52
_05676_,2.52
_05703_,2.52
_05709_,2.52
_05860_,2.52
_06245_,2.52
_06268_,2.52
_06418_,2.52
_06675_,2.52
_01941_,2.5
_01963_,2.5
_02006_,2.5
_02040_,2.5
_02082_,2.5
_02117_,2.5
_02163_,2.5
_02195_,2.5
_02212_,2.5
_02473_,2.5
_02491_,2.5
_02498_,2.5
_02559_,2.5
_02594_,2.5
_02639_,2.5
_02650_,2.5
_02660_,2.5
_02779_,2.5
_02880_,2.5
_03050_,2.5
_03983_,2.5
_04321_,2.5
_04344_,2.5
_04366_,2.5
_04572_,2.5
_04602_,2.5
_04625_,2.5
_04724_,2.5
_05142_,2.5
_05283_,2.5
_05517_,2.5
_05620_,2.5
_05645_,2.5
_05697_,2.5
_05760_,2.5
_05937_,2.5
_05985_,2.5
_06252_,2.5
_06523_,2.5
_06716_,2.5
net1246,2.5
_00550_,2.425
_01044_,2.425
_01510_,2.425
_02940_,2.4
_03237_,2.4
_03404_,2.4
_03625_,2.4
_04339_,2.4
_04521_,2.4
_05039_,2.4
_05538_,2.4
net288,2.4
net330,2.4
net398,2.4
net417,2.4
net1167,2.4
net1237,2.4
_01075_,2.38
_02632_,2.38
_02696_,2.38
_03847_,2.38
_06185_,2.38
_00033_,2.375
_00260_,2.375
_00051_,2.325
_00103_,2.325
_00145_,2.325
_00198_,2.325
_00225_,2.325
_00297_,2.325
_00348_,2.325
_00362_,2.325
_00439_,2.325
_00474_,2.325
_00596_,2.325
_00598_,2.325
_00657_,2.325
_00658_,2.325
_00716_,2.325
_00775_,2.325
_00802_,2.325
_00900_,2.325
_00914_,2.325
_00915_,2.325
_00952_,2.325
_01027_,2.325
_01035_,2.325
_01051_,2.325
_01286_,2.325
_01293_,2.325
_01436_,2.325
_01462_,2.325
_01493_,2.325
_01509_,2.325
_01540_,2.325
_01556_,2.325
_00188_,2.3
_02014_,2.3
_02102_,2.3
_02280_,2.3
_02378_,2.3
_02520_,2.3
_02534_,2.3
_02567_,2.3
_02586_,2.3
_02634_,2.3
_03249_,2.3
_03473_,2.3
_03676_,2.3
_03807_,2.3
_03850_,2.3
_04049_,2.3
_04088_,2.3
_04413_,2.3
_04987_,2.3
_05053_,2.3
net85,2.3
net168,2.3
net195,2.3
net199,2.3
net991,2.3
net1376,2.3
_01763_,2.28
_01908_,2.28
_03840_,2.28
_01347_,2.26
_00094_,2.255
_00167_,2.255
_00173_,2.255
_00283_,2.255
_00416_,2.255
_00447_,2.255
_00583_,2.255
_00949_,2.255
_01009_,2.255
_01043_,2.255
_01179_,2.255
_01398_,2.255
_01502_,2.255
_00586_,2.205
_01160_,2.205
_01933_,2.18
_02209_,2.18
_02269_,2.18
_02321_,2.18
_02443_,2.18
_02477_,2.18
_04169_,2.18
_04275_,2.18
_06202_,2.18
rr_ex_reg.cntrl_out\[0\],2.18
_00180_,2.16
_00182_,2.16
_01647_,2.16
_01691_,2.16
_01851_,2.16
_01931_,2.16
_01994_,2.16
_02041_,2.16
_02139_,2.16
_02268_,2.16
_02427_,2.16
_02446_,2.16
_02521_,2.16
_02546_,2.16
_02698_,2.16
_02799_,2.16
_02827_,2.16
_02843_,2.16
_02953_,2.16
_03063_,2.16
_03702_,2.16
_03809_,2.16
_03845_,2.16
_03947_,2.16
_04064_,2.16
_04203_,2.16
_04340_,2.16
_04362_,2.16
_04385_,2.16
_04758_,2.16
_04783_,2.16
_04888_,2.16
_05115_,2.16
_05212_,2.16
_05269_,2.16
_05447_,2.16
_05596_,2.16
_05744_,2.16
_05754_,2.16
_05764_,2.16
_05814_,2.16
_06089_,2.16
_06257_,2.16
_06474_,2.16
_06504_,2.16
_06530_,2.16
_06659_,2.16
_06694_,2.16
net270,2.16
net521,2.16
_00919_,2.145
_01106_,2.145
_00099_,2.125
_00174_,2.125
_00385_,2.125
_00476_,2.125
_00624_,2.125
_00706_,2.125
_00813_,2.125
_01030_,2.125
_01068_,2.125
_01168_,2.125
_01243_,2.125
_01325_,2.125
_01469_,2.125
_01617_,2.125
_00020_,2.085
_00135_,2.085
_00451_,2.085
_00483_,2.085
_00525_,2.085
_00656_,2.085
_00704_,2.085
_00762_,2.085
_00831_,2.085
_00874_,2.085
_01025_,2.085
_01218_,2.085
_01284_,2.085
_01328_,2.085
_01337_,2.085
_01354_,2.085
_01463_,2.085
_01479_,2.085
_01594_,2.085
_01107_,2.08
_00211_,2.06
_00261_,2.06
_00563_,2.06
_01669_,2.06
_02211_,2.06
_02214_,2.06
_02285_,2.06
_02494_,2.06
_04544_,2.06
_04594_,2.06
_04746_,2.06
_05151_,2.06
_05250_,2.06
_05300_,2.06
_05351_,2.06
_05366_,2.06
_05523_,2.06
_05638_,2.06
_05650_,2.06
_05821_,2.06
_05954_,2.06
_06277_,2.06
_06278_,2.06
_06338_,2.06
_06430_,2.06
_06437_,2.06
_06494_,2.06
_06613_,2.06
_06616_,2.06
_06731_,2.06
_06732_,2.06
_01656_,2.04
_01694_,2.04
_01768_,2.04
_01972_,2.04
_02222_,2.04
_03638_,2.04
_03656_,2.04
_03709_,2.04
_04309_,2.04
_04320_,2.04
_04555_,2.04
_05058_,2.04
_05260_,2.04
_05699_,2.04
_05893_,2.04
_05984_,2.04
_06156_,2.04
_06192_,2.04
_06243_,2.04
_06657_,2.04
_00787_,2.035
_01420_,2.035
_01431_,2.035
_01103_,2.025
_00489_,1.975
_00792_,1.975
_02312_,1.94
_02914_,1.94
_03077_,1.94
_03103_,1.94
_03803_,1.94
_05444_,1.94
_06359_,1.94
net760,1.94
net841,1.94
net1010,1.94
net1051,1.94
net1333,1.94
_01053_,1.92
_00576_,1.915
_00665_,1.915
_00679_,1.915
_00772_,1.915
_01352_,1.915
_01619_,1.915
_00028_,1.865
_00030_,1.865
_00031_,1.865
_00132_,1.865
_00208_,1.865
_00217_,1.865
_00221_,1.865
_00226_,1.865
_00266_,1.865
_00272_,1.865
_00314_,1.865
_00319_,1.865
_00394_,1.865
_00420_,1.865
_00430_,1.865
_00521_,1.865
_00569_,1.865
_00594_,1.865
_00622_,1.865
_00645_,1.865
_00646_,1.865
_00660_,1.865
_00725_,1.865
_00730_,1.865
_00773_,1.865
_00812_,1.865
_00818_,1.865
_00828_,1.865
_00873_,1.865
_00897_,1.865
_00950_,1.865
_00981_,1.865
_00986_,1.865
_01021_,1.865
_01040_,1.865
_01060_,1.865
_01172_,1.865
_01191_,1.865
_01272_,1.865
_01307_,1.865
_01460_,1.865
_01465_,1.865
_01478_,1.865
_01495_,1.865
_01525_,1.865
_01548_,1.865
_01553_,1.865
_01559_,1.865
_01579_,1.865
_01614_,1.865
_00193_,1.84
_03424_,1.84
_03632_,1.84
_03741_,1.84
_03834_,1.84
_04351_,1.82
net1536,1.82
_03072_,1.78
_02060_,1.72
_02217_,1.72
_02432_,1.72
_03084_,1.72
_05701_,1.72
_01934_,1.7
_01956_,1.7
_02100_,1.7
_02159_,1.7
_02512_,1.7
_02768_,1.7
_02954_,1.7
_03428_,1.7
_03466_,1.7
_03506_,1.7
_03740_,1.7
_03992_,1.7
_04375_,1.7
_04406_,1.7
_04540_,1.7
_04659_,1.7
_04817_,1.7
_04921_,1.7
_05607_,1.7
_05627_,1.7
_06033_,1.7
_06328_,1.7
_06546_,1.7
_06584_,1.7
_06671_,1.7
net806,1.7
_01110_,1.685
net190,1.685
_06629_,1.66
_04514_,1.64
_01996_,1.6
_02113_,1.6
_02550_,1.6
_02742_,1.6
_02930_,1.6
_03004_,1.6
_04492_,1.6
_04518_,1.6
_04545_,1.6
_04604_,1.6
_04618_,1.6
_04693_,1.6
_04851_,1.6
_04856_,1.6
_05145_,1.6
_05289_,1.6
_05305_,1.6
_05319_,1.6
_05749_,1.6
_06066_,1.6
_06235_,1.6
_06242_,1.6
_06253_,1.6
_06293_,1.6
_06315_,1.6
_06424_,1.6
_06486_,1.6
_06496_,1.6
_06515_,1.6
_06544_,1.6
_06568_,1.6
_06588_,1.6
_06602_,1.6
_06660_,1.6
_06667_,1.6
_06728_,1.6
if_id_reg.Instr_Out\[10\],1.6
if_id_reg.Instr_Out\[8\],1.6
_00333_,1.575
_00378_,1.575
_00715_,1.575
_00801_,1.575
_00815_,1.575
_01063_,1.575
_01315_,1.575
_01389_,1.575
_01415_,1.575
_01549_,1.575
_01644_,1.48
_01727_,1.48
_02701_,1.48
_02895_,1.48
_03557_,1.48
_03583_,1.48
_03944_,1.48
_04072_,1.48
_05827_,1.48
_05834_,1.48
_06492_,1.48
net315,1.48
net359,1.48
net854,1.48
net1001,1.48
net1224,1.48
net1501,1.48
_01085_,1.46
_01148_,1.46
_01193_,1.46
_01274_,1.46
_01279_,1.46
_00047_,1.405
_00238_,1.405
_00337_,1.405
_00433_,1.405
_00441_,1.405
_00800_,1.405
_01003_,1.405
_01080_,1.405
_01156_,1.405
_01215_,1.405
_01270_,1.405
_01282_,1.405
_01287_,1.405
_01336_,1.405
_01466_,1.405
_01482_,1.405
_01499_,1.405
_01588_,1.405
_01589_,1.405
_01631_,1.405
_02932_,1.38
_04371_,1.38
_04772_,1.38
_04778_,1.38
_04779_,1.38
_05621_,1.38
_05873_,1.38
_05932_,1.38
net166,1.38
net189,1.38
_01716_,1.36
_01881_,1.26
_02259_,1.26
_02415_,1.26
_06320_,1.26
rr_ex_reg.instr_out\[9\],1.26
_04923_,1.15
_01671_,1.14
_02429_,1.14
_02499_,1.14
_02542_,1.14
_02637_,1.14
_02655_,1.14
_02746_,1.14
_02766_,1.14
_02781_,1.14
_02783_,1.14
_02786_,1.14
_02810_,1.14
_02811_,1.14
_02902_,1.14
_02949_,1.14
_03030_,1.14
_03053_,1.14
_03098_,1.14
_03100_,1.14
_04472_,1.14
_04479_,1.14
_04494_,1.14
_04520_,1.14
_04536_,1.14
_04539_,1.14
_04541_,1.14
_04548_,1.14
_04552_,1.14
_04560_,1.14
_04567_,1.14
_04589_,1.14
_04590_,1.14
_04603_,1.14
_04613_,1.14
_04614_,1.14
_04616_,1.14
_04638_,1.14
_04652_,1.14
_04657_,1.14
_04669_,1.14
_04672_,1.14
_04673_,1.14
_04682_,1.14
_04686_,1.14
_04687_,1.14
_04713_,1.14
_04720_,1.14
_04733_,1.14
_04736_,1.14
_04738_,1.14
_04747_,1.14
_04824_,1.14
_04845_,1.14
_04887_,1.14
_04892_,1.14
_04920_,1.14
_05098_,1.14
_05118_,1.14
_05122_,1.14
_05146_,1.14
_05165_,1.14
_05257_,1.14
_05261_,1.14
_05285_,1.14
_05297_,1.14
_05299_,1.14
_05327_,1.14
_05355_,1.14
_05365_,1.14
_05391_,1.14
_05755_,1.14
_05781_,1.14
_05782_,1.14
_05796_,1.14
_05800_,1.14
_05842_,1.14
_06072_,1.14
_06082_,1.14
_06085_,1.14
_06223_,1.14
_06224_,1.14
_06255_,1.14
_06258_,1.14
_06272_,1.14
_06274_,1.14
_06287_,1.14
_06310_,1.14
_06317_,1.14
_06318_,1.14
_06349_,1.14
_06353_,1.14
_06357_,1.14
_06366_,1.14
_06369_,1.14
_06381_,1.14
_06408_,1.14
_06458_,1.14
_06487_,1.14
_06509_,1.14
_06512_,1.14
_06528_,1.14
_06534_,1.14
_06551_,1.14
_06587_,1.14
_06590_,1.14
_06594_,1.14
_06597_,1.14
_06603_,1.14
_06607_,1.14
_06608_,1.14
_06611_,1.14
_06622_,1.14
_06636_,1.14
_06662_,1.14
_06680_,1.14
_06725_,1.14
_06726_,1.14
_05953_,1.1
_03171_,1.02
_03739_,1.02
_05665_,1.02
_06051_,1.02
net422,1.02
net1401,1.02
net1505,1.02
_04094_,0.92
_04154_,0.92
_04426_,0.92
_05870_,0.92
_05919_,0.92
_05946_,0.92
net610,0.92
_03209_,0.8
_06153_,0.8
id_rr_reg.pc_next_out\[11\],0.8
net518,0.8
_02466_,0.48
_01949_,0.46
_02020_,0.46
_02518_,0.46
_02845_,0.46
_03258_,0.46
_04962_,0.46
_04972_,0.46
_06092_,0.46
net491,0.46
net532,0.46
