
 /----------------------------------------------------------------------------\
 |                                                                            |
 |  yosys -- Yosys Open SYnthesis Suite                                       |
 |                                                                            |
 |  Copyright (C) 2012 - 2020  Claire Xenia Wolf <claire@yosyshq.com>         |
 |                                                                            |
 |  Permission to use, copy, modify, and/or distribute this software for any  |
 |  purpose with or without fee is hereby granted, provided that the above    |
 |  copyright notice and this permission notice appear in all copies.         |
 |                                                                            |
 |  THE SOFTWARE IS PROVIDED "AS IS" AND THE AUTHOR DISCLAIMS ALL WARRANTIES  |
 |  WITH REGARD TO THIS SOFTWARE INCLUDING ALL IMPLIED WARRANTIES OF          |
 |  MERCHANTABILITY AND FITNESS. IN NO EVENT SHALL THE AUTHOR BE LIABLE FOR   |
 |  ANY SPECIAL, DIRECT, INDIRECT, OR CONSEQUENTIAL DAMAGES OR ANY DAMAGES    |
 |  WHATSOEVER RESULTING FROM LOSS OF USE, DATA OR PROFITS, WHETHER IN AN     |
 |  ACTION OF CONTRACT, NEGLIGENCE OR OTHER TORTIOUS ACTION, ARISING OUT OF   |
 |  OR IN CONNECTION WITH THE USE OR PERFORMANCE OF THIS SOFTWARE.            |
 |                                                                            |
 \----------------------------------------------------------------------------/

 Yosys 0.30+48 (git sha1 14d50a176d5, gcc 8.3.1 -fPIC -Os)

[TCL: yosys -import] Command name collision: found pre-existing command `cd' -> skip.
[TCL: yosys -import] Command name collision: found pre-existing command `eval' -> skip.
[TCL: yosys -import] Command name collision: found pre-existing command `exec' -> skip.
[TCL: yosys -import] Command name collision: found pre-existing command `read' -> skip.
[TCL: yosys -import] Command name collision: found pre-existing command `trace' -> skip.

1. Executing Verilog-2005 frontend: /openlane/designs/my_processor/new_src/ALU.v
Parsing SystemVerilog input from `/openlane/designs/my_processor/new_src/ALU.v' to AST representation.
Generating RTLIL representation for module `\alu'.
Successfully finished Verilog frontend.

2. Executing Verilog-2005 frontend: /openlane/designs/my_processor/new_src/aluCtrl.v
Parsing SystemVerilog input from `/openlane/designs/my_processor/new_src/aluCtrl.v' to AST representation.
Generating RTLIL representation for module `\alu_ctrl'.
Successfully finished Verilog frontend.

3. Executing Verilog-2005 frontend: /openlane/designs/my_processor/new_src/ctrlUnit.v
Parsing SystemVerilog input from `/openlane/designs/my_processor/new_src/ctrlUnit.v' to AST representation.
Generating RTLIL representation for module `\control_decoder'.
Successfully finished Verilog frontend.

4. Executing Verilog-2005 frontend: /openlane/designs/my_processor/new_src/registerBank.v
Parsing SystemVerilog input from `/openlane/designs/my_processor/new_src/registerBank.v' to AST representation.
Generating RTLIL representation for module `\register_n'.
Generating RTLIL representation for module `\register_bank'.
Successfully finished Verilog frontend.

5. Executing Verilog-2005 frontend: /openlane/designs/my_processor/new_src/branchJumpCtrl.v
Parsing SystemVerilog input from `/openlane/designs/my_processor/new_src/branchJumpCtrl.v' to AST representation.
Generating RTLIL representation for module `\branch_jump_controller'.
Successfully finished Verilog frontend.

6. Executing Verilog-2005 frontend: /openlane/designs/my_processor/new_src/dataMem.v
Parsing SystemVerilog input from `/openlane/designs/my_processor/new_src/dataMem.v' to AST representation.
Generating RTLIL representation for module `\data_memory'.
Successfully finished Verilog frontend.

7. Executing Verilog-2005 frontend: /openlane/designs/my_processor/new_src/InstrMem.v
Parsing SystemVerilog input from `/openlane/designs/my_processor/new_src/InstrMem.v' to AST representation.
Generating RTLIL representation for module `\instr_mem'.
Successfully finished Verilog frontend.

8. Executing Verilog-2005 frontend: /openlane/designs/my_processor/new_src/mux.v
Parsing SystemVerilog input from `/openlane/designs/my_processor/new_src/mux.v' to AST representation.
Generating RTLIL representation for module `\mux_21'.
Generating RTLIL representation for module `\mux_41'.
Successfully finished Verilog frontend.

9. Executing Verilog-2005 frontend: /openlane/designs/my_processor/new_src/Stage12_IF2ID.v
Parsing SystemVerilog input from `/openlane/designs/my_processor/new_src/Stage12_IF2ID.v' to AST representation.
Generating RTLIL representation for module `\IF2ID_Pipline_Reg'.
Successfully finished Verilog frontend.

10. Executing Verilog-2005 frontend: /openlane/designs/my_processor/new_src/Stage23_ID2RR.v
Parsing SystemVerilog input from `/openlane/designs/my_processor/new_src/Stage23_ID2RR.v' to AST representation.
Generating RTLIL representation for module `\ID2RR_Pipline_Reg'.
Successfully finished Verilog frontend.

11. Executing Verilog-2005 frontend: /openlane/designs/my_processor/new_src/Stage34_RR2EX.v
Parsing SystemVerilog input from `/openlane/designs/my_processor/new_src/Stage34_RR2EX.v' to AST representation.
Generating RTLIL representation for module `\RR2EX_Pipline_Reg'.
Successfully finished Verilog frontend.

12. Executing Verilog-2005 frontend: /openlane/designs/my_processor/new_src/Stage45_EX2MM.v
Parsing SystemVerilog input from `/openlane/designs/my_processor/new_src/Stage45_EX2MM.v' to AST representation.
Generating RTLIL representation for module `\EX2MEM_Pipline_Reg'.
Successfully finished Verilog frontend.

13. Executing Verilog-2005 frontend: /openlane/designs/my_processor/new_src/Stage56_MM2WB.v
Parsing SystemVerilog input from `/openlane/designs/my_processor/new_src/Stage56_MM2WB.v' to AST representation.
Generating RTLIL representation for module `\MEM2WB_Pipline_Reg'.
Successfully finished Verilog frontend.

14. Executing Verilog-2005 frontend: /openlane/designs/my_processor/new_src/topModule.v
Parsing SystemVerilog input from `/openlane/designs/my_processor/new_src/topModule.v' to AST representation.
Generating RTLIL representation for module `\pipelined_processor'.
/openlane/designs/my_processor/new_src/topModule.v:483: Warning: Identifier `\regfile.registerFile' is implicitly declared.
Successfully finished Verilog frontend.

15. Generating Graphviz representation of design.
Writing dot description to `/openlane/designs/my_processor/runs/RUN_2026.05.08_07.30.52/tmp/synthesis/hierarchy.dot'.
Dumping module pipelined_processor to page 1.

16. Executing HIERARCHY pass (managing design hierarchy).

16.1. Analyzing design hierarchy..
Top module:  \pipelined_processor
Used module:     \MEM2WB_Pipline_Reg
Used module:     \mux_21
Used module:     \data_memory
Used module:     \EX2MEM_Pipline_Reg
Used module:     \mux_41
Used module:     \register_n
Used module:     \alu
Used module:     \alu_ctrl
Used module:     \RR2EX_Pipline_Reg
Used module:     \register_bank
Used module:     \control_decoder
Used module:     \ID2RR_Pipline_Reg
Used module:     \IF2ID_Pipline_Reg
Used module:     \branch_jump_controller
Used module:     \instr_mem
Parameter \IN_WIDTH = 16
Parameter \OUT_WIDTH = 16

16.2. Executing AST frontend in derive mode using pre-parsed AST for module `\mux_21'.
Parameter \IN_WIDTH = 16
Parameter \OUT_WIDTH = 16
Generating RTLIL representation for module `$paramod$301fb870b2cfc3f89548532f53ffd32e0441395a\mux_21'.
Parameter \IN_WIDTH = 16
Parameter \OUT_WIDTH = 16
Found cached RTLIL representation for module `$paramod$301fb870b2cfc3f89548532f53ffd32e0441395a\mux_21'.
Parameter \IN_WIDTH = 3
Parameter \OUT_WIDTH = 3

16.3. Executing AST frontend in derive mode using pre-parsed AST for module `\mux_41'.
Parameter \IN_WIDTH = 3
Parameter \OUT_WIDTH = 3
Generating RTLIL representation for module `$paramod$478555db74d47255e0a5d15b1b9dc8a214d2638a\mux_41'.
Parameter \N = 1

16.4. Executing AST frontend in derive mode using pre-parsed AST for module `\register_n'.
Parameter \N = 1
Generating RTLIL representation for module `$paramod\register_n\N=s32'00000000000000000000000000000001'.
Parameter \N = 1
Found cached RTLIL representation for module `$paramod\register_n\N=s32'00000000000000000000000000000001'.
Parameter \IN_WIDTH = 16
Parameter \OUT_WIDTH = 16

16.5. Executing AST frontend in derive mode using pre-parsed AST for module `\mux_41'.
Parameter \IN_WIDTH = 16
Parameter \OUT_WIDTH = 16
Generating RTLIL representation for module `$paramod$301fb870b2cfc3f89548532f53ffd32e0441395a\mux_41'.
Parameter \IN_WIDTH = 3
Parameter \OUT_WIDTH = 3

16.6. Executing AST frontend in derive mode using pre-parsed AST for module `\mux_21'.
Parameter \IN_WIDTH = 3
Parameter \OUT_WIDTH = 3
Generating RTLIL representation for module `$paramod$478555db74d47255e0a5d15b1b9dc8a214d2638a\mux_21'.
Parameter \IN_WIDTH = 3
Parameter \OUT_WIDTH = 3
Found cached RTLIL representation for module `$paramod$478555db74d47255e0a5d15b1b9dc8a214d2638a\mux_21'.
Parameter \IN_WIDTH = 16
Parameter \OUT_WIDTH = 16
Found cached RTLIL representation for module `$paramod$301fb870b2cfc3f89548532f53ffd32e0441395a\mux_41'.
Parameter \IN_WIDTH = 16
Parameter \OUT_WIDTH = 16
Found cached RTLIL representation for module `$paramod$301fb870b2cfc3f89548532f53ffd32e0441395a\mux_21'.

16.7. Analyzing design hierarchy..
Top module:  \pipelined_processor
Used module:     \MEM2WB_Pipline_Reg
Used module:     $paramod$301fb870b2cfc3f89548532f53ffd32e0441395a\mux_21
Used module:     \data_memory
Used module:     \EX2MEM_Pipline_Reg
Used module:     $paramod$478555db74d47255e0a5d15b1b9dc8a214d2638a\mux_41
Used module:     $paramod\register_n\N=s32'00000000000000000000000000000001
Used module:     \alu
Used module:     \alu_ctrl
Used module:     $paramod$301fb870b2cfc3f89548532f53ffd32e0441395a\mux_41
Used module:     \RR2EX_Pipline_Reg
Used module:     \register_bank
Used module:     $paramod$478555db74d47255e0a5d15b1b9dc8a214d2638a\mux_21
Used module:     \control_decoder
Used module:     \ID2RR_Pipline_Reg
Used module:     \IF2ID_Pipline_Reg
Used module:     \branch_jump_controller
Used module:     \instr_mem
Used module:     \register_n

16.8. Analyzing design hierarchy..
Top module:  \pipelined_processor
Used module:     \MEM2WB_Pipline_Reg
Used module:     $paramod$301fb870b2cfc3f89548532f53ffd32e0441395a\mux_21
Used module:     \data_memory
Used module:     \EX2MEM_Pipline_Reg
Used module:     $paramod$478555db74d47255e0a5d15b1b9dc8a214d2638a\mux_41
Used module:     $paramod\register_n\N=s32'00000000000000000000000000000001
Used module:     \alu
Used module:     \alu_ctrl
Used module:     $paramod$301fb870b2cfc3f89548532f53ffd32e0441395a\mux_41
Used module:     \RR2EX_Pipline_Reg
Used module:     \register_bank
Used module:     $paramod$478555db74d47255e0a5d15b1b9dc8a214d2638a\mux_21
Used module:     \control_decoder
Used module:     \ID2RR_Pipline_Reg
Used module:     \IF2ID_Pipline_Reg
Used module:     \branch_jump_controller
Used module:     \instr_mem
Used module:     \register_n
Removing unused module `\mux_41'.
Removing unused module `\mux_21'.
Removed 2 unused modules.

17. Executing TRIBUF pass.

18. Executing HIERARCHY pass (managing design hierarchy).

18.1. Analyzing design hierarchy..
Top module:  \pipelined_processor
Used module:     \MEM2WB_Pipline_Reg
Used module:     $paramod$301fb870b2cfc3f89548532f53ffd32e0441395a\mux_21
Used module:     \data_memory
Used module:     \EX2MEM_Pipline_Reg
Used module:     $paramod$478555db74d47255e0a5d15b1b9dc8a214d2638a\mux_41
Used module:     $paramod\register_n\N=s32'00000000000000000000000000000001
Used module:     \alu
Used module:     \alu_ctrl
Used module:     $paramod$301fb870b2cfc3f89548532f53ffd32e0441395a\mux_41
Used module:     \RR2EX_Pipline_Reg
Used module:     \register_bank
Used module:     $paramod$478555db74d47255e0a5d15b1b9dc8a214d2638a\mux_21
Used module:     \control_decoder
Used module:     \ID2RR_Pipline_Reg
Used module:     \IF2ID_Pipline_Reg
Used module:     \branch_jump_controller
Used module:     \instr_mem
Used module:     \register_n

18.2. Analyzing design hierarchy..
Top module:  \pipelined_processor
Used module:     \MEM2WB_Pipline_Reg
Used module:     $paramod$301fb870b2cfc3f89548532f53ffd32e0441395a\mux_21
Used module:     \data_memory
Used module:     \EX2MEM_Pipline_Reg
Used module:     $paramod$478555db74d47255e0a5d15b1b9dc8a214d2638a\mux_41
Used module:     $paramod\register_n\N=s32'00000000000000000000000000000001
Used module:     \alu
Used module:     \alu_ctrl
Used module:     $paramod$301fb870b2cfc3f89548532f53ffd32e0441395a\mux_41
Used module:     \RR2EX_Pipline_Reg
Used module:     \register_bank
Used module:     $paramod$478555db74d47255e0a5d15b1b9dc8a214d2638a\mux_21
Used module:     \control_decoder
Used module:     \ID2RR_Pipline_Reg
Used module:     \IF2ID_Pipline_Reg
Used module:     \branch_jump_controller
Used module:     \instr_mem
Used module:     \register_n
Removed 0 unused modules.

19. Executing PROC_CLEAN pass (remove empty switches from decision trees).
Cleaned up 0 empty switches.

20. Executing PROC_RMDEAD pass (remove dead branches from decision trees).
Marked 1 switch rules as full_case in process $proc$/openlane/designs/my_processor/new_src/registerBank.v:12$457 in module $paramod\register_n\N=s32'00000000000000000000000000000001.
Removed 1 dead cases from process $proc$/openlane/designs/my_processor/new_src/mux.v:27$456 in module $paramod$478555db74d47255e0a5d15b1b9dc8a214d2638a\mux_41.
Marked 1 switch rules as full_case in process $proc$/openlane/designs/my_processor/new_src/mux.v:27$456 in module $paramod$478555db74d47255e0a5d15b1b9dc8a214d2638a\mux_41.
Marked 2 switch rules as full_case in process $proc$/openlane/designs/my_processor/new_src/topModule.v:465$442 in module pipelined_processor.
Marked 3 switch rules as full_case in process $proc$/openlane/designs/my_processor/new_src/topModule.v:372$427 in module pipelined_processor.
Marked 2 switch rules as full_case in process $proc$/openlane/designs/my_processor/new_src/topModule.v:319$416 in module pipelined_processor.
Marked 1 switch rules as full_case in process $proc$/openlane/designs/my_processor/new_src/topModule.v:169$385 in module pipelined_processor.
Marked 1 switch rules as full_case in process $proc$/openlane/designs/my_processor/new_src/Stage56_MM2WB.v:23$375 in module MEM2WB_Pipline_Reg.
Marked 1 switch rules as full_case in process $proc$/openlane/designs/my_processor/new_src/Stage45_EX2MM.v:25$373 in module EX2MEM_Pipline_Reg.
Marked 1 switch rules as full_case in process $proc$/openlane/designs/my_processor/new_src/Stage34_RR2EX.v:22$371 in module RR2EX_Pipline_Reg.
Marked 1 switch rules as full_case in process $proc$/openlane/designs/my_processor/new_src/Stage23_ID2RR.v:16$369 in module ID2RR_Pipline_Reg.
Marked 1 switch rules as full_case in process $proc$/openlane/designs/my_processor/new_src/Stage12_IF2ID.v:13$367 in module IF2ID_Pipline_Reg.
Removed 1 dead cases from process $proc$/openlane/designs/my_processor/new_src/mux.v:27$459 in module $paramod$301fb870b2cfc3f89548532f53ffd32e0441395a\mux_41.
Marked 1 switch rules as full_case in process $proc$/openlane/designs/my_processor/new_src/mux.v:27$459 in module $paramod$301fb870b2cfc3f89548532f53ffd32e0441395a\mux_41.
Marked 1 switch rules as full_case in process $proc$/openlane/designs/my_processor/new_src/InstrMem.v:27$321 in module instr_mem.
Marked 1 switch rules as full_case in process $proc$/openlane/designs/my_processor/new_src/dataMem.v:22$163 in module data_memory.
Marked 2 switch rules as full_case in process $proc$/openlane/designs/my_processor/new_src/branchJumpCtrl.v:8$94 in module branch_jump_controller.
Marked 2 switch rules as full_case in process $proc$/openlane/designs/my_processor/new_src/registerBank.v:53$49 in module register_bank.
Marked 1 switch rules as full_case in process $proc$/openlane/designs/my_processor/new_src/registerBank.v:12$17 in module register_n.
Marked 1 switch rules as full_case in process $proc$/openlane/designs/my_processor/new_src/ctrlUnit.v:29$14 in module control_decoder.
Marked 6 switch rules as full_case in process $proc$/openlane/designs/my_processor/new_src/aluCtrl.v:28$11 in module alu_ctrl.
Marked 1 switch rules as full_case in process $proc$/openlane/designs/my_processor/new_src/ALU.v:15$1 in module alu.
Removed a total of 2 dead cases.

21. Executing PROC_PRUNE pass (remove redundant assignments in processes).
Removed 1 redundant assignment.
Promoted 167 assignments to connections.

22. Executing PROC_INIT pass (extract init attributes).
Found init rule in `$paramod\register_n\N=s32'00000000000000000000000000000001.$proc$/openlane/designs/my_processor/new_src/registerBank.v:0$458'.
  Set init value: \out = 1'0
Found init rule in `\MEM2WB_Pipline_Reg.$proc$/openlane/designs/my_processor/new_src/Stage56_MM2WB.v:0$376'.
  Set init value: \Instr_Out = 16'0000000000000000
  Set init value: \Rd_Addr_Out_PR = 3'000
  Set init value: \Rd_Data_Out_PR = 16'0000000000000000
  Set init value: \RegWrite_Out = 1'0
Found init rule in `\EX2MEM_Pipline_Reg.$proc$/openlane/designs/my_processor/new_src/Stage45_EX2MM.v:0$374'.
  Set init value: \Instr_Out = 16'0000000000000000
  Set init value: \RF_D2_Out = 16'0000000000000000
  Set init value: \Control_Out = 3'000
  Set init value: \Rd_Addr_Out_PR = 3'000
  Set init value: \Rd_Data_Out_PR = 16'0000000000000000
  Set init value: \ALU_Result_Out = 16'0000000000000000
Found init rule in `\RR2EX_Pipline_Reg.$proc$/openlane/designs/my_processor/new_src/Stage34_RR2EX.v:0$372'.
  Set init value: \pc_out = 16'0000000000000000
  Set init value: \pc_next_out = 16'0000000000000000
  Set init value: \instr_out = 16'0000000000000000
  Set init value: \cntrl_out = 10'0000000000
  Set init value: \RF_D1_Out = 16'0000000000000000
  Set init value: \RF_D2_Out = 16'0000000000000000
  Set init value: \RF_A1_Out = 3'000
  Set init value: \RF_A2_Out = 3'000
Found init rule in `\ID2RR_Pipline_Reg.$proc$/openlane/designs/my_processor/new_src/Stage23_ID2RR.v:0$370'.
  Set init value: \pc_out = 16'0000000000000000
  Set init value: \pc_next_out = 16'0000000000000000
  Set init value: \instr_out = 16'0000000000000000
  Set init value: \cntrl_out = 10'0000000000
Found init rule in `\IF2ID_Pipline_Reg.$proc$/openlane/designs/my_processor/new_src/Stage12_IF2ID.v:0$368'.
  Set init value: \PC_Out = 16'0000000000000000
  Set init value: \PC_Next_Out = 16'0000000000000000
  Set init value: \Instr_Out = 16'0000000000000000
Found init rule in `\register_bank.$proc$/openlane/designs/my_processor/new_src/registerBank.v:0$85'.
  Set init value: \i = 8
Found init rule in `\register_n.$proc$/openlane/designs/my_processor/new_src/registerBank.v:0$18'.
  Set init value: \out = 16'0000000000000000

23. Executing PROC_ARST pass (detect async resets in processes).

24. Executing PROC_ROM pass (convert switches to ROMs).
Converted 1 switch.
<suppressed ~37 debug messages>

25. Executing PROC_MUX pass (convert decision trees to multiplexers).
Creating decoders for process `$paramod\register_n\N=s32'00000000000000000000000000000001.$proc$/openlane/designs/my_processor/new_src/registerBank.v:0$458'.
Creating decoders for process `$paramod\register_n\N=s32'00000000000000000000000000000001.$proc$/openlane/designs/my_processor/new_src/registerBank.v:12$457'.
     1/1: $0\out[0:0]
Creating decoders for process `$paramod$478555db74d47255e0a5d15b1b9dc8a214d2638a\mux_41.$proc$/openlane/designs/my_processor/new_src/mux.v:27$456'.
     1/1: $1\O[2:0]
Creating decoders for process `$paramod$301fb870b2cfc3f89548532f53ffd32e0441395a\mux_21.$proc$/openlane/designs/my_processor/new_src/mux.v:12$454'.
Creating decoders for process `\pipelined_processor.$proc$/openlane/designs/my_processor/new_src/topModule.v:465$442'.
     1/1: $0\stall_pending[0:0]
Creating decoders for process `\pipelined_processor.$proc$/openlane/designs/my_processor/new_src/topModule.v:372$427'.
     1/9: $3\pc_next_from_ex[15:0]
     2/9: $3\pc_ctrl_ex[1:0]
     3/9: $3\flush_from_ex[0:0]
     4/9: $2\pc_next_from_ex[15:0]
     5/9: $2\pc_ctrl_ex[1:0]
     6/9: $2\flush_from_ex[0:0]
     7/9: $1\flush_from_ex[0:0]
     8/9: $1\pc_ctrl_ex[1:0]
     9/9: $1\pc_next_from_ex[15:0]
Creating decoders for process `\pipelined_processor.$proc$/openlane/designs/my_processor/new_src/topModule.v:319$416'.
     1/2: $2\zero_flag_mem[0:0]
     2/2: $1\zero_flag_mem[0:0]
Creating decoders for process `\pipelined_processor.$proc$/openlane/designs/my_processor/new_src/topModule.v:169$385'.
     1/3: $1\pc_next_from_id[15:0]
     2/3: $1\pc_ctrl_id[1:0]
     3/3: $1\flush_from_id[0:0]
Creating decoders for process `\MEM2WB_Pipline_Reg.$proc$/openlane/designs/my_processor/new_src/Stage56_MM2WB.v:0$376'.
Creating decoders for process `\MEM2WB_Pipline_Reg.$proc$/openlane/designs/my_processor/new_src/Stage56_MM2WB.v:23$375'.
     1/4: $0\RegWrite_Out[0:0]
     2/4: $0\Rd_Data_Out_PR[15:0]
     3/4: $0\Rd_Addr_Out_PR[2:0]
     4/4: $0\Instr_Out[15:0]
Creating decoders for process `\EX2MEM_Pipline_Reg.$proc$/openlane/designs/my_processor/new_src/Stage45_EX2MM.v:0$374'.
Creating decoders for process `\EX2MEM_Pipline_Reg.$proc$/openlane/designs/my_processor/new_src/Stage45_EX2MM.v:25$373'.
     1/6: $0\ALU_Result_Out[15:0]
     2/6: $0\Rd_Data_Out_PR[15:0]
     3/6: $0\Rd_Addr_Out_PR[2:0]
     4/6: $0\Control_Out[2:0]
     5/6: $0\RF_D2_Out[15:0]
     6/6: $0\Instr_Out[15:0]
Creating decoders for process `\RR2EX_Pipline_Reg.$proc$/openlane/designs/my_processor/new_src/Stage34_RR2EX.v:0$372'.
Creating decoders for process `\RR2EX_Pipline_Reg.$proc$/openlane/designs/my_processor/new_src/Stage34_RR2EX.v:22$371'.
     1/8: $0\RF_A2_Out[2:0]
     2/8: $0\RF_A1_Out[2:0]
     3/8: $0\RF_D2_Out[15:0]
     4/8: $0\RF_D1_Out[15:0]
     5/8: $0\cntrl_out[9:0]
     6/8: $0\instr_out[15:0]
     7/8: $0\pc_next_out[15:0]
     8/8: $0\pc_out[15:0]
Creating decoders for process `\ID2RR_Pipline_Reg.$proc$/openlane/designs/my_processor/new_src/Stage23_ID2RR.v:0$370'.
Creating decoders for process `\ID2RR_Pipline_Reg.$proc$/openlane/designs/my_processor/new_src/Stage23_ID2RR.v:16$369'.
     1/4: $0\cntrl_out[9:0]
     2/4: $0\instr_out[15:0]
     3/4: $0\pc_next_out[15:0]
     4/4: $0\pc_out[15:0]
Creating decoders for process `\IF2ID_Pipline_Reg.$proc$/openlane/designs/my_processor/new_src/Stage12_IF2ID.v:0$368'.
Creating decoders for process `\IF2ID_Pipline_Reg.$proc$/openlane/designs/my_processor/new_src/Stage12_IF2ID.v:13$367'.
     1/3: $0\Instr_Out[15:0]
     2/3: $0\PC_Next_Out[15:0]
     3/3: $0\PC_Out[15:0]
Creating decoders for process `$paramod$478555db74d47255e0a5d15b1b9dc8a214d2638a\mux_21.$proc$/openlane/designs/my_processor/new_src/mux.v:12$460'.
Creating decoders for process `$paramod$301fb870b2cfc3f89548532f53ffd32e0441395a\mux_41.$proc$/openlane/designs/my_processor/new_src/mux.v:27$459'.
     1/1: $1\O[15:0]
Creating decoders for process `\instr_mem.$proc$/openlane/designs/my_processor/new_src/InstrMem.v:0$347'.
Creating decoders for process `\instr_mem.$proc$/openlane/designs/my_processor/new_src/InstrMem.v:27$321'.
     1/3: $1$memwr$\rom$/openlane/designs/my_processor/new_src/InstrMem.v:29$320_EN[15:0]$327
     2/3: $1$memwr$\rom$/openlane/designs/my_processor/new_src/InstrMem.v:29$320_DATA[15:0]$326
     3/3: $1$memwr$\rom$/openlane/designs/my_processor/new_src/InstrMem.v:29$320_ADDR[3:0]$325
Creating decoders for process `\data_memory.$proc$/openlane/designs/my_processor/new_src/dataMem.v:0$238'.
Creating decoders for process `\data_memory.$proc$/openlane/designs/my_processor/new_src/dataMem.v:22$163'.
     1/3: $1$memwr$\ram$/openlane/designs/my_processor/new_src/dataMem.v:24$162_EN[15:0]$171
     2/3: $1$memwr$\ram$/openlane/designs/my_processor/new_src/dataMem.v:24$162_DATA[15:0]$170
     3/3: $1$memwr$\ram$/openlane/designs/my_processor/new_src/dataMem.v:24$162_ADDR[5:0]$169
Creating decoders for process `\branch_jump_controller.$proc$/openlane/designs/my_processor/new_src/branchJumpCtrl.v:8$94'.
     1/2: $2\pc_select[1:0]
     2/2: $1\pc_select[1:0]
Creating decoders for process `\register_bank.$proc$/openlane/designs/my_processor/new_src/registerBank.v:0$85'.
Creating decoders for process `\register_bank.$proc$/openlane/designs/my_processor/new_src/registerBank.v:53$49'.
     1/15: $2$memwr$\registerFile$/openlane/designs/my_processor/new_src/registerBank.v:59$35_EN[15:0]$76
     2/15: $2$memwr$\registerFile$/openlane/designs/my_processor/new_src/registerBank.v:59$35_DATA[15:0]$75
     3/15: $2$memwr$\registerFile$/openlane/designs/my_processor/new_src/registerBank.v:59$35_ADDR[2:0]$74
     4/15: $1\i[31:0]
     5/15: $1$memwr$\registerFile$/openlane/designs/my_processor/new_src/registerBank.v:56$34_EN[15:0]$68
     6/15: $1$memwr$\registerFile$/openlane/designs/my_processor/new_src/registerBank.v:56$33_EN[15:0]$67
     7/15: $1$memwr$\registerFile$/openlane/designs/my_processor/new_src/registerBank.v:56$32_EN[15:0]$66
     8/15: $1$memwr$\registerFile$/openlane/designs/my_processor/new_src/registerBank.v:56$31_EN[15:0]$65
     9/15: $1$memwr$\registerFile$/openlane/designs/my_processor/new_src/registerBank.v:56$30_EN[15:0]$64
    10/15: $1$memwr$\registerFile$/openlane/designs/my_processor/new_src/registerBank.v:56$29_EN[15:0]$63
    11/15: $1$memwr$\registerFile$/openlane/designs/my_processor/new_src/registerBank.v:56$28_EN[15:0]$62
    12/15: $1$memwr$\registerFile$/openlane/designs/my_processor/new_src/registerBank.v:56$27_EN[15:0]$61
    13/15: $1$memwr$\registerFile$/openlane/designs/my_processor/new_src/registerBank.v:59$35_EN[15:0]$71
    14/15: $1$memwr$\registerFile$/openlane/designs/my_processor/new_src/registerBank.v:59$35_DATA[15:0]$70
    15/15: $1$memwr$\registerFile$/openlane/designs/my_processor/new_src/registerBank.v:59$35_ADDR[2:0]$69
Creating decoders for process `\register_bank.$proc$/openlane/designs/my_processor/new_src/registerBank.v:42$36'.
Creating decoders for process `\register_n.$proc$/openlane/designs/my_processor/new_src/registerBank.v:0$18'.
Creating decoders for process `\register_n.$proc$/openlane/designs/my_processor/new_src/registerBank.v:12$17'.
     1/1: $0\out[15:0]
Creating decoders for process `\control_decoder.$proc$/openlane/designs/my_processor/new_src/ctrlUnit.v:29$14'.
     1/1: { $1\MEM_Wr_En[0:0] $1\Reg_D3_Sel[1:0] $1\EXE_ALU_Oper[1:0] $1\EXE_ALU_Src[1:0] $1\RR_Wr_En[0:0] $1\RR_A3_Address_sel[1:0] $1\RR_A2_Address_sel[0:0] $1\RR_A1_Address_sel[0:0] $1\pc_data_select[0:0] }
Creating decoders for process `\alu_ctrl.$proc$/openlane/designs/my_processor/new_src/aluCtrl.v:28$11'.
     1/20: $6\zero_write_en[0:0]
     2/20: $6\alu_operation_out[1:0]
     3/20: $5\zero_write_en[0:0]
     4/20: $5\carry_write_en[0:0]
     5/20: $5\alu_operation_out[1:0]
     6/20: $3\reg_write_enable_out[0:0]
     7/20: $4\zero_write_en[0:0]
     8/20: $4\carry_write_en[0:0]
     9/20: $4\alu_operation_out[1:0]
    10/20: $2\reg_write_enable_out[0:0]
    11/20: $3\zero_write_en[0:0]
    12/20: $3\carry_write_en[0:0]
    13/20: $3\alu_operation_out[1:0]
    14/20: $2\zero_write_en[0:0]
    15/20: $2\carry_write_en[0:0]
    16/20: $2\alu_operation_out[1:0]
    17/20: $1\alu_operation_out[1:0]
    18/20: $1\zero_write_en[0:0]
    19/20: $1\carry_write_en[0:0]
    20/20: $1\reg_write_enable_out[0:0]
Creating decoders for process `\alu.$proc$/openlane/designs/my_processor/new_src/ALU.v:15$1'.
     1/4: $1\zero[0:0]
     2/4: $1\carry[0:0]
     3/4: $1\result[15:0]
     4/4: $1\total_sum[16:0]

26. Executing PROC_DLATCH pass (convert process syncs to latches).
No latch inferred for signal `$paramod$478555db74d47255e0a5d15b1b9dc8a214d2638a\mux_41.\O' from process `$paramod$478555db74d47255e0a5d15b1b9dc8a214d2638a\mux_41.$proc$/openlane/designs/my_processor/new_src/mux.v:27$456'.
No latch inferred for signal `$paramod$301fb870b2cfc3f89548532f53ffd32e0441395a\mux_21.\O' from process `$paramod$301fb870b2cfc3f89548532f53ffd32e0441395a\mux_21.$proc$/openlane/designs/my_processor/new_src/mux.v:12$454'.
No latch inferred for signal `\pipelined_processor.\pc_next_from_ex' from process `\pipelined_processor.$proc$/openlane/designs/my_processor/new_src/topModule.v:372$427'.
No latch inferred for signal `\pipelined_processor.\pc_ctrl_ex' from process `\pipelined_processor.$proc$/openlane/designs/my_processor/new_src/topModule.v:372$427'.
No latch inferred for signal `\pipelined_processor.\flush_from_ex' from process `\pipelined_processor.$proc$/openlane/designs/my_processor/new_src/topModule.v:372$427'.
No latch inferred for signal `\pipelined_processor.\zero_flag_mem' from process `\pipelined_processor.$proc$/openlane/designs/my_processor/new_src/topModule.v:319$416'.
No latch inferred for signal `\pipelined_processor.\pc_next_from_id' from process `\pipelined_processor.$proc$/openlane/designs/my_processor/new_src/topModule.v:169$385'.
No latch inferred for signal `\pipelined_processor.\pc_ctrl_id' from process `\pipelined_processor.$proc$/openlane/designs/my_processor/new_src/topModule.v:169$385'.
No latch inferred for signal `\pipelined_processor.\flush_from_id' from process `\pipelined_processor.$proc$/openlane/designs/my_processor/new_src/topModule.v:169$385'.
No latch inferred for signal `$paramod$478555db74d47255e0a5d15b1b9dc8a214d2638a\mux_21.\O' from process `$paramod$478555db74d47255e0a5d15b1b9dc8a214d2638a\mux_21.$proc$/openlane/designs/my_processor/new_src/mux.v:12$460'.
No latch inferred for signal `$paramod$301fb870b2cfc3f89548532f53ffd32e0441395a\mux_41.\O' from process `$paramod$301fb870b2cfc3f89548532f53ffd32e0441395a\mux_41.$proc$/openlane/designs/my_processor/new_src/mux.v:27$459'.
No latch inferred for signal `\instr_mem.\i' from process `\instr_mem.$proc$/openlane/designs/my_processor/new_src/InstrMem.v:0$347'.
No latch inferred for signal `\instr_mem.$memwr$\rom$/openlane/designs/my_processor/new_src/InstrMem.v:24$304_EN' from process `\instr_mem.$proc$/openlane/designs/my_processor/new_src/InstrMem.v:0$347'.
No latch inferred for signal `\instr_mem.$memwr$\rom$/openlane/designs/my_processor/new_src/InstrMem.v:24$305_EN' from process `\instr_mem.$proc$/openlane/designs/my_processor/new_src/InstrMem.v:0$347'.
No latch inferred for signal `\instr_mem.$memwr$\rom$/openlane/designs/my_processor/new_src/InstrMem.v:24$306_EN' from process `\instr_mem.$proc$/openlane/designs/my_processor/new_src/InstrMem.v:0$347'.
No latch inferred for signal `\instr_mem.$memwr$\rom$/openlane/designs/my_processor/new_src/InstrMem.v:24$307_EN' from process `\instr_mem.$proc$/openlane/designs/my_processor/new_src/InstrMem.v:0$347'.
No latch inferred for signal `\instr_mem.$memwr$\rom$/openlane/designs/my_processor/new_src/InstrMem.v:24$308_EN' from process `\instr_mem.$proc$/openlane/designs/my_processor/new_src/InstrMem.v:0$347'.
No latch inferred for signal `\instr_mem.$memwr$\rom$/openlane/designs/my_processor/new_src/InstrMem.v:24$309_EN' from process `\instr_mem.$proc$/openlane/designs/my_processor/new_src/InstrMem.v:0$347'.
No latch inferred for signal `\instr_mem.$memwr$\rom$/openlane/designs/my_processor/new_src/InstrMem.v:24$310_EN' from process `\instr_mem.$proc$/openlane/designs/my_processor/new_src/InstrMem.v:0$347'.
No latch inferred for signal `\instr_mem.$memwr$\rom$/openlane/designs/my_processor/new_src/InstrMem.v:24$311_EN' from process `\instr_mem.$proc$/openlane/designs/my_processor/new_src/InstrMem.v:0$347'.
No latch inferred for signal `\instr_mem.$memwr$\rom$/openlane/designs/my_processor/new_src/InstrMem.v:24$312_EN' from process `\instr_mem.$proc$/openlane/designs/my_processor/new_src/InstrMem.v:0$347'.
No latch inferred for signal `\instr_mem.$memwr$\rom$/openlane/designs/my_processor/new_src/InstrMem.v:24$313_EN' from process `\instr_mem.$proc$/openlane/designs/my_processor/new_src/InstrMem.v:0$347'.
No latch inferred for signal `\instr_mem.$memwr$\rom$/openlane/designs/my_processor/new_src/InstrMem.v:24$314_EN' from process `\instr_mem.$proc$/openlane/designs/my_processor/new_src/InstrMem.v:0$347'.
No latch inferred for signal `\instr_mem.$memwr$\rom$/openlane/designs/my_processor/new_src/InstrMem.v:24$315_EN' from process `\instr_mem.$proc$/openlane/designs/my_processor/new_src/InstrMem.v:0$347'.
No latch inferred for signal `\instr_mem.$memwr$\rom$/openlane/designs/my_processor/new_src/InstrMem.v:24$316_EN' from process `\instr_mem.$proc$/openlane/designs/my_processor/new_src/InstrMem.v:0$347'.
No latch inferred for signal `\instr_mem.$memwr$\rom$/openlane/designs/my_processor/new_src/InstrMem.v:24$317_EN' from process `\instr_mem.$proc$/openlane/designs/my_processor/new_src/InstrMem.v:0$347'.
No latch inferred for signal `\instr_mem.$memwr$\rom$/openlane/designs/my_processor/new_src/InstrMem.v:24$318_EN' from process `\instr_mem.$proc$/openlane/designs/my_processor/new_src/InstrMem.v:0$347'.
No latch inferred for signal `\instr_mem.$memwr$\rom$/openlane/designs/my_processor/new_src/InstrMem.v:24$319_EN' from process `\instr_mem.$proc$/openlane/designs/my_processor/new_src/InstrMem.v:0$347'.
No latch inferred for signal `\data_memory.\i' from process `\data_memory.$proc$/openlane/designs/my_processor/new_src/dataMem.v:0$238'.
No latch inferred for signal `\data_memory.$memwr$\ram$/openlane/designs/my_processor/new_src/dataMem.v:19$98_EN' from process `\data_memory.$proc$/openlane/designs/my_processor/new_src/dataMem.v:0$238'.
No latch inferred for signal `\data_memory.$memwr$\ram$/openlane/designs/my_processor/new_src/dataMem.v:19$99_EN' from process `\data_memory.$proc$/openlane/designs/my_processor/new_src/dataMem.v:0$238'.
No latch inferred for signal `\data_memory.$memwr$\ram$/openlane/designs/my_processor/new_src/dataMem.v:19$100_EN' from process `\data_memory.$proc$/openlane/designs/my_processor/new_src/dataMem.v:0$238'.
No latch inferred for signal `\data_memory.$memwr$\ram$/openlane/designs/my_processor/new_src/dataMem.v:19$101_EN' from process `\data_memory.$proc$/openlane/designs/my_processor/new_src/dataMem.v:0$238'.
No latch inferred for signal `\data_memory.$memwr$\ram$/openlane/designs/my_processor/new_src/dataMem.v:19$102_EN' from process `\data_memory.$proc$/openlane/designs/my_processor/new_src/dataMem.v:0$238'.
No latch inferred for signal `\data_memory.$memwr$\ram$/openlane/designs/my_processor/new_src/dataMem.v:19$103_EN' from process `\data_memory.$proc$/openlane/designs/my_processor/new_src/dataMem.v:0$238'.
No latch inferred for signal `\data_memory.$memwr$\ram$/openlane/designs/my_processor/new_src/dataMem.v:19$104_EN' from process `\data_memory.$proc$/openlane/designs/my_processor/new_src/dataMem.v:0$238'.
No latch inferred for signal `\data_memory.$memwr$\ram$/openlane/designs/my_processor/new_src/dataMem.v:19$105_EN' from process `\data_memory.$proc$/openlane/designs/my_processor/new_src/dataMem.v:0$238'.
No latch inferred for signal `\data_memory.$memwr$\ram$/openlane/designs/my_processor/new_src/dataMem.v:19$106_EN' from process `\data_memory.$proc$/openlane/designs/my_processor/new_src/dataMem.v:0$238'.
No latch inferred for signal `\data_memory.$memwr$\ram$/openlane/designs/my_processor/new_src/dataMem.v:19$107_EN' from process `\data_memory.$proc$/openlane/designs/my_processor/new_src/dataMem.v:0$238'.
No latch inferred for signal `\data_memory.$memwr$\ram$/openlane/designs/my_processor/new_src/dataMem.v:19$108_EN' from process `\data_memory.$proc$/openlane/designs/my_processor/new_src/dataMem.v:0$238'.
No latch inferred for signal `\data_memory.$memwr$\ram$/openlane/designs/my_processor/new_src/dataMem.v:19$109_EN' from process `\data_memory.$proc$/openlane/designs/my_processor/new_src/dataMem.v:0$238'.
No latch inferred for signal `\data_memory.$memwr$\ram$/openlane/designs/my_processor/new_src/dataMem.v:19$110_EN' from process `\data_memory.$proc$/openlane/designs/my_processor/new_src/dataMem.v:0$238'.
No latch inferred for signal `\data_memory.$memwr$\ram$/openlane/designs/my_processor/new_src/dataMem.v:19$111_EN' from process `\data_memory.$proc$/openlane/designs/my_processor/new_src/dataMem.v:0$238'.
No latch inferred for signal `\data_memory.$memwr$\ram$/openlane/designs/my_processor/new_src/dataMem.v:19$112_EN' from process `\data_memory.$proc$/openlane/designs/my_processor/new_src/dataMem.v:0$238'.
No latch inferred for signal `\data_memory.$memwr$\ram$/openlane/designs/my_processor/new_src/dataMem.v:19$113_EN' from process `\data_memory.$proc$/openlane/designs/my_processor/new_src/dataMem.v:0$238'.
No latch inferred for signal `\data_memory.$memwr$\ram$/openlane/designs/my_processor/new_src/dataMem.v:19$114_EN' from process `\data_memory.$proc$/openlane/designs/my_processor/new_src/dataMem.v:0$238'.
No latch inferred for signal `\data_memory.$memwr$\ram$/openlane/designs/my_processor/new_src/dataMem.v:19$115_EN' from process `\data_memory.$proc$/openlane/designs/my_processor/new_src/dataMem.v:0$238'.
No latch inferred for signal `\data_memory.$memwr$\ram$/openlane/designs/my_processor/new_src/dataMem.v:19$116_EN' from process `\data_memory.$proc$/openlane/designs/my_processor/new_src/dataMem.v:0$238'.
No latch inferred for signal `\data_memory.$memwr$\ram$/openlane/designs/my_processor/new_src/dataMem.v:19$117_EN' from process `\data_memory.$proc$/openlane/designs/my_processor/new_src/dataMem.v:0$238'.
No latch inferred for signal `\data_memory.$memwr$\ram$/openlane/designs/my_processor/new_src/dataMem.v:19$118_EN' from process `\data_memory.$proc$/openlane/designs/my_processor/new_src/dataMem.v:0$238'.
No latch inferred for signal `\data_memory.$memwr$\ram$/openlane/designs/my_processor/new_src/dataMem.v:19$119_EN' from process `\data_memory.$proc$/openlane/designs/my_processor/new_src/dataMem.v:0$238'.
No latch inferred for signal `\data_memory.$memwr$\ram$/openlane/designs/my_processor/new_src/dataMem.v:19$120_EN' from process `\data_memory.$proc$/openlane/designs/my_processor/new_src/dataMem.v:0$238'.
No latch inferred for signal `\data_memory.$memwr$\ram$/openlane/designs/my_processor/new_src/dataMem.v:19$121_EN' from process `\data_memory.$proc$/openlane/designs/my_processor/new_src/dataMem.v:0$238'.
No latch inferred for signal `\data_memory.$memwr$\ram$/openlane/designs/my_processor/new_src/dataMem.v:19$122_EN' from process `\data_memory.$proc$/openlane/designs/my_processor/new_src/dataMem.v:0$238'.
No latch inferred for signal `\data_memory.$memwr$\ram$/openlane/designs/my_processor/new_src/dataMem.v:19$123_EN' from process `\data_memory.$proc$/openlane/designs/my_processor/new_src/dataMem.v:0$238'.
No latch inferred for signal `\data_memory.$memwr$\ram$/openlane/designs/my_processor/new_src/dataMem.v:19$124_EN' from process `\data_memory.$proc$/openlane/designs/my_processor/new_src/dataMem.v:0$238'.
No latch inferred for signal `\data_memory.$memwr$\ram$/openlane/designs/my_processor/new_src/dataMem.v:19$125_EN' from process `\data_memory.$proc$/openlane/designs/my_processor/new_src/dataMem.v:0$238'.
No latch inferred for signal `\data_memory.$memwr$\ram$/openlane/designs/my_processor/new_src/dataMem.v:19$126_EN' from process `\data_memory.$proc$/openlane/designs/my_processor/new_src/dataMem.v:0$238'.
No latch inferred for signal `\data_memory.$memwr$\ram$/openlane/designs/my_processor/new_src/dataMem.v:19$127_EN' from process `\data_memory.$proc$/openlane/designs/my_processor/new_src/dataMem.v:0$238'.
No latch inferred for signal `\data_memory.$memwr$\ram$/openlane/designs/my_processor/new_src/dataMem.v:19$128_EN' from process `\data_memory.$proc$/openlane/designs/my_processor/new_src/dataMem.v:0$238'.
No latch inferred for signal `\data_memory.$memwr$\ram$/openlane/designs/my_processor/new_src/dataMem.v:19$129_EN' from process `\data_memory.$proc$/openlane/designs/my_processor/new_src/dataMem.v:0$238'.
No latch inferred for signal `\data_memory.$memwr$\ram$/openlane/designs/my_processor/new_src/dataMem.v:19$130_EN' from process `\data_memory.$proc$/openlane/designs/my_processor/new_src/dataMem.v:0$238'.
No latch inferred for signal `\data_memory.$memwr$\ram$/openlane/designs/my_processor/new_src/dataMem.v:19$131_EN' from process `\data_memory.$proc$/openlane/designs/my_processor/new_src/dataMem.v:0$238'.
No latch inferred for signal `\data_memory.$memwr$\ram$/openlane/designs/my_processor/new_src/dataMem.v:19$132_EN' from process `\data_memory.$proc$/openlane/designs/my_processor/new_src/dataMem.v:0$238'.
No latch inferred for signal `\data_memory.$memwr$\ram$/openlane/designs/my_processor/new_src/dataMem.v:19$133_EN' from process `\data_memory.$proc$/openlane/designs/my_processor/new_src/dataMem.v:0$238'.
No latch inferred for signal `\data_memory.$memwr$\ram$/openlane/designs/my_processor/new_src/dataMem.v:19$134_EN' from process `\data_memory.$proc$/openlane/designs/my_processor/new_src/dataMem.v:0$238'.
No latch inferred for signal `\data_memory.$memwr$\ram$/openlane/designs/my_processor/new_src/dataMem.v:19$135_EN' from process `\data_memory.$proc$/openlane/designs/my_processor/new_src/dataMem.v:0$238'.
No latch inferred for signal `\data_memory.$memwr$\ram$/openlane/designs/my_processor/new_src/dataMem.v:19$136_EN' from process `\data_memory.$proc$/openlane/designs/my_processor/new_src/dataMem.v:0$238'.
No latch inferred for signal `\data_memory.$memwr$\ram$/openlane/designs/my_processor/new_src/dataMem.v:19$137_EN' from process `\data_memory.$proc$/openlane/designs/my_processor/new_src/dataMem.v:0$238'.
No latch inferred for signal `\data_memory.$memwr$\ram$/openlane/designs/my_processor/new_src/dataMem.v:19$138_EN' from process `\data_memory.$proc$/openlane/designs/my_processor/new_src/dataMem.v:0$238'.
No latch inferred for signal `\data_memory.$memwr$\ram$/openlane/designs/my_processor/new_src/dataMem.v:19$139_EN' from process `\data_memory.$proc$/openlane/designs/my_processor/new_src/dataMem.v:0$238'.
No latch inferred for signal `\data_memory.$memwr$\ram$/openlane/designs/my_processor/new_src/dataMem.v:19$140_EN' from process `\data_memory.$proc$/openlane/designs/my_processor/new_src/dataMem.v:0$238'.
No latch inferred for signal `\data_memory.$memwr$\ram$/openlane/designs/my_processor/new_src/dataMem.v:19$141_EN' from process `\data_memory.$proc$/openlane/designs/my_processor/new_src/dataMem.v:0$238'.
No latch inferred for signal `\data_memory.$memwr$\ram$/openlane/designs/my_processor/new_src/dataMem.v:19$142_EN' from process `\data_memory.$proc$/openlane/designs/my_processor/new_src/dataMem.v:0$238'.
No latch inferred for signal `\data_memory.$memwr$\ram$/openlane/designs/my_processor/new_src/dataMem.v:19$143_EN' from process `\data_memory.$proc$/openlane/designs/my_processor/new_src/dataMem.v:0$238'.
No latch inferred for signal `\data_memory.$memwr$\ram$/openlane/designs/my_processor/new_src/dataMem.v:19$144_EN' from process `\data_memory.$proc$/openlane/designs/my_processor/new_src/dataMem.v:0$238'.
No latch inferred for signal `\data_memory.$memwr$\ram$/openlane/designs/my_processor/new_src/dataMem.v:19$145_EN' from process `\data_memory.$proc$/openlane/designs/my_processor/new_src/dataMem.v:0$238'.
No latch inferred for signal `\data_memory.$memwr$\ram$/openlane/designs/my_processor/new_src/dataMem.v:19$146_EN' from process `\data_memory.$proc$/openlane/designs/my_processor/new_src/dataMem.v:0$238'.
No latch inferred for signal `\data_memory.$memwr$\ram$/openlane/designs/my_processor/new_src/dataMem.v:19$147_EN' from process `\data_memory.$proc$/openlane/designs/my_processor/new_src/dataMem.v:0$238'.
No latch inferred for signal `\data_memory.$memwr$\ram$/openlane/designs/my_processor/new_src/dataMem.v:19$148_EN' from process `\data_memory.$proc$/openlane/designs/my_processor/new_src/dataMem.v:0$238'.
No latch inferred for signal `\data_memory.$memwr$\ram$/openlane/designs/my_processor/new_src/dataMem.v:19$149_EN' from process `\data_memory.$proc$/openlane/designs/my_processor/new_src/dataMem.v:0$238'.
No latch inferred for signal `\data_memory.$memwr$\ram$/openlane/designs/my_processor/new_src/dataMem.v:19$150_EN' from process `\data_memory.$proc$/openlane/designs/my_processor/new_src/dataMem.v:0$238'.
No latch inferred for signal `\data_memory.$memwr$\ram$/openlane/designs/my_processor/new_src/dataMem.v:19$151_EN' from process `\data_memory.$proc$/openlane/designs/my_processor/new_src/dataMem.v:0$238'.
No latch inferred for signal `\data_memory.$memwr$\ram$/openlane/designs/my_processor/new_src/dataMem.v:19$152_EN' from process `\data_memory.$proc$/openlane/designs/my_processor/new_src/dataMem.v:0$238'.
No latch inferred for signal `\data_memory.$memwr$\ram$/openlane/designs/my_processor/new_src/dataMem.v:19$153_EN' from process `\data_memory.$proc$/openlane/designs/my_processor/new_src/dataMem.v:0$238'.
No latch inferred for signal `\data_memory.$memwr$\ram$/openlane/designs/my_processor/new_src/dataMem.v:19$154_EN' from process `\data_memory.$proc$/openlane/designs/my_processor/new_src/dataMem.v:0$238'.
No latch inferred for signal `\data_memory.$memwr$\ram$/openlane/designs/my_processor/new_src/dataMem.v:19$155_EN' from process `\data_memory.$proc$/openlane/designs/my_processor/new_src/dataMem.v:0$238'.
No latch inferred for signal `\data_memory.$memwr$\ram$/openlane/designs/my_processor/new_src/dataMem.v:19$156_EN' from process `\data_memory.$proc$/openlane/designs/my_processor/new_src/dataMem.v:0$238'.
No latch inferred for signal `\data_memory.$memwr$\ram$/openlane/designs/my_processor/new_src/dataMem.v:19$157_EN' from process `\data_memory.$proc$/openlane/designs/my_processor/new_src/dataMem.v:0$238'.
No latch inferred for signal `\data_memory.$memwr$\ram$/openlane/designs/my_processor/new_src/dataMem.v:19$158_EN' from process `\data_memory.$proc$/openlane/designs/my_processor/new_src/dataMem.v:0$238'.
No latch inferred for signal `\data_memory.$memwr$\ram$/openlane/designs/my_processor/new_src/dataMem.v:19$159_EN' from process `\data_memory.$proc$/openlane/designs/my_processor/new_src/dataMem.v:0$238'.
No latch inferred for signal `\data_memory.$memwr$\ram$/openlane/designs/my_processor/new_src/dataMem.v:19$160_EN' from process `\data_memory.$proc$/openlane/designs/my_processor/new_src/dataMem.v:0$238'.
No latch inferred for signal `\data_memory.$memwr$\ram$/openlane/designs/my_processor/new_src/dataMem.v:19$161_EN' from process `\data_memory.$proc$/openlane/designs/my_processor/new_src/dataMem.v:0$238'.
No latch inferred for signal `\branch_jump_controller.\pc_select' from process `\branch_jump_controller.$proc$/openlane/designs/my_processor/new_src/branchJumpCtrl.v:8$94'.
No latch inferred for signal `\register_bank.$memwr$\registerFile$/openlane/designs/my_processor/new_src/registerBank.v:38$19_EN' from process `\register_bank.$proc$/openlane/designs/my_processor/new_src/registerBank.v:0$85'.
No latch inferred for signal `\register_bank.$memwr$\registerFile$/openlane/designs/my_processor/new_src/registerBank.v:38$20_EN' from process `\register_bank.$proc$/openlane/designs/my_processor/new_src/registerBank.v:0$85'.
No latch inferred for signal `\register_bank.$memwr$\registerFile$/openlane/designs/my_processor/new_src/registerBank.v:38$21_EN' from process `\register_bank.$proc$/openlane/designs/my_processor/new_src/registerBank.v:0$85'.
No latch inferred for signal `\register_bank.$memwr$\registerFile$/openlane/designs/my_processor/new_src/registerBank.v:38$22_EN' from process `\register_bank.$proc$/openlane/designs/my_processor/new_src/registerBank.v:0$85'.
No latch inferred for signal `\register_bank.$memwr$\registerFile$/openlane/designs/my_processor/new_src/registerBank.v:38$23_EN' from process `\register_bank.$proc$/openlane/designs/my_processor/new_src/registerBank.v:0$85'.
No latch inferred for signal `\register_bank.$memwr$\registerFile$/openlane/designs/my_processor/new_src/registerBank.v:38$24_EN' from process `\register_bank.$proc$/openlane/designs/my_processor/new_src/registerBank.v:0$85'.
No latch inferred for signal `\register_bank.$memwr$\registerFile$/openlane/designs/my_processor/new_src/registerBank.v:38$25_EN' from process `\register_bank.$proc$/openlane/designs/my_processor/new_src/registerBank.v:0$85'.
No latch inferred for signal `\register_bank.$memwr$\registerFile$/openlane/designs/my_processor/new_src/registerBank.v:38$26_EN' from process `\register_bank.$proc$/openlane/designs/my_processor/new_src/registerBank.v:0$85'.
No latch inferred for signal `\register_bank.\readData1' from process `\register_bank.$proc$/openlane/designs/my_processor/new_src/registerBank.v:42$36'.
No latch inferred for signal `\register_bank.\readData2' from process `\register_bank.$proc$/openlane/designs/my_processor/new_src/registerBank.v:42$36'.
No latch inferred for signal `\control_decoder.\RR_A1_Address_sel' from process `\control_decoder.$proc$/openlane/designs/my_processor/new_src/ctrlUnit.v:29$14'.
No latch inferred for signal `\control_decoder.\RR_A2_Address_sel' from process `\control_decoder.$proc$/openlane/designs/my_processor/new_src/ctrlUnit.v:29$14'.
No latch inferred for signal `\control_decoder.\RR_A3_Address_sel' from process `\control_decoder.$proc$/openlane/designs/my_processor/new_src/ctrlUnit.v:29$14'.
No latch inferred for signal `\control_decoder.\RR_Wr_En' from process `\control_decoder.$proc$/openlane/designs/my_processor/new_src/ctrlUnit.v:29$14'.
No latch inferred for signal `\control_decoder.\EXE_ALU_Src' from process `\control_decoder.$proc$/openlane/designs/my_processor/new_src/ctrlUnit.v:29$14'.
No latch inferred for signal `\control_decoder.\EXE_ALU_Oper' from process `\control_decoder.$proc$/openlane/designs/my_processor/new_src/ctrlUnit.v:29$14'.
No latch inferred for signal `\control_decoder.\Reg_D3_Sel' from process `\control_decoder.$proc$/openlane/designs/my_processor/new_src/ctrlUnit.v:29$14'.
No latch inferred for signal `\control_decoder.\MEM_Wr_En' from process `\control_decoder.$proc$/openlane/designs/my_processor/new_src/ctrlUnit.v:29$14'.
No latch inferred for signal `\control_decoder.\pc_data_select' from process `\control_decoder.$proc$/openlane/designs/my_processor/new_src/ctrlUnit.v:29$14'.
No latch inferred for signal `\alu_ctrl.\carry_write_en' from process `\alu_ctrl.$proc$/openlane/designs/my_processor/new_src/aluCtrl.v:28$11'.
No latch inferred for signal `\alu_ctrl.\zero_write_en' from process `\alu_ctrl.$proc$/openlane/designs/my_processor/new_src/aluCtrl.v:28$11'.
No latch inferred for signal `\alu_ctrl.\reg_write_enable_out' from process `\alu_ctrl.$proc$/openlane/designs/my_processor/new_src/aluCtrl.v:28$11'.
No latch inferred for signal `\alu_ctrl.\alu_operation_out' from process `\alu_ctrl.$proc$/openlane/designs/my_processor/new_src/aluCtrl.v:28$11'.
No latch inferred for signal `\alu.\result' from process `\alu.$proc$/openlane/designs/my_processor/new_src/ALU.v:15$1'.
No latch inferred for signal `\alu.\zero' from process `\alu.$proc$/openlane/designs/my_processor/new_src/ALU.v:15$1'.
No latch inferred for signal `\alu.\carry' from process `\alu.$proc$/openlane/designs/my_processor/new_src/ALU.v:15$1'.
No latch inferred for signal `\alu.\total_sum' from process `\alu.$proc$/openlane/designs/my_processor/new_src/ALU.v:15$1'.

27. Executing PROC_DFF pass (convert process syncs to FFs).
Creating register for signal `$paramod\register_n\N=s32'00000000000000000000000000000001.\out' using process `$paramod\register_n\N=s32'00000000000000000000000000000001.$proc$/openlane/designs/my_processor/new_src/registerBank.v:12$457'.
  created $dff cell `$procdff$937' with positive edge clock.
Creating register for signal `\pipelined_processor.\stall_pending' using process `\pipelined_processor.$proc$/openlane/designs/my_processor/new_src/topModule.v:465$442'.
  created $dff cell `$procdff$938' with positive edge clock.
Creating register for signal `\MEM2WB_Pipline_Reg.\Instr_Out' using process `\MEM2WB_Pipline_Reg.$proc$/openlane/designs/my_processor/new_src/Stage56_MM2WB.v:23$375'.
  created $dff cell `$procdff$939' with positive edge clock.
Creating register for signal `\MEM2WB_Pipline_Reg.\Rd_Addr_Out_PR' using process `\MEM2WB_Pipline_Reg.$proc$/openlane/designs/my_processor/new_src/Stage56_MM2WB.v:23$375'.
  created $dff cell `$procdff$940' with positive edge clock.
Creating register for signal `\MEM2WB_Pipline_Reg.\Rd_Data_Out_PR' using process `\MEM2WB_Pipline_Reg.$proc$/openlane/designs/my_processor/new_src/Stage56_MM2WB.v:23$375'.
  created $dff cell `$procdff$941' with positive edge clock.
Creating register for signal `\MEM2WB_Pipline_Reg.\RegWrite_Out' using process `\MEM2WB_Pipline_Reg.$proc$/openlane/designs/my_processor/new_src/Stage56_MM2WB.v:23$375'.
  created $dff cell `$procdff$942' with positive edge clock.
Creating register for signal `\EX2MEM_Pipline_Reg.\Instr_Out' using process `\EX2MEM_Pipline_Reg.$proc$/openlane/designs/my_processor/new_src/Stage45_EX2MM.v:25$373'.
  created $dff cell `$procdff$943' with positive edge clock.
Creating register for signal `\EX2MEM_Pipline_Reg.\RF_D2_Out' using process `\EX2MEM_Pipline_Reg.$proc$/openlane/designs/my_processor/new_src/Stage45_EX2MM.v:25$373'.
  created $dff cell `$procdff$944' with positive edge clock.
Creating register for signal `\EX2MEM_Pipline_Reg.\Control_Out' using process `\EX2MEM_Pipline_Reg.$proc$/openlane/designs/my_processor/new_src/Stage45_EX2MM.v:25$373'.
  created $dff cell `$procdff$945' with positive edge clock.
Creating register for signal `\EX2MEM_Pipline_Reg.\Rd_Addr_Out_PR' using process `\EX2MEM_Pipline_Reg.$proc$/openlane/designs/my_processor/new_src/Stage45_EX2MM.v:25$373'.
  created $dff cell `$procdff$946' with positive edge clock.
Creating register for signal `\EX2MEM_Pipline_Reg.\Rd_Data_Out_PR' using process `\EX2MEM_Pipline_Reg.$proc$/openlane/designs/my_processor/new_src/Stage45_EX2MM.v:25$373'.
  created $dff cell `$procdff$947' with positive edge clock.
Creating register for signal `\EX2MEM_Pipline_Reg.\ALU_Result_Out' using process `\EX2MEM_Pipline_Reg.$proc$/openlane/designs/my_processor/new_src/Stage45_EX2MM.v:25$373'.
  created $dff cell `$procdff$948' with positive edge clock.
Creating register for signal `\RR2EX_Pipline_Reg.\pc_out' using process `\RR2EX_Pipline_Reg.$proc$/openlane/designs/my_processor/new_src/Stage34_RR2EX.v:22$371'.
  created $dff cell `$procdff$949' with positive edge clock.
Creating register for signal `\RR2EX_Pipline_Reg.\pc_next_out' using process `\RR2EX_Pipline_Reg.$proc$/openlane/designs/my_processor/new_src/Stage34_RR2EX.v:22$371'.
  created $dff cell `$procdff$950' with positive edge clock.
Creating register for signal `\RR2EX_Pipline_Reg.\instr_out' using process `\RR2EX_Pipline_Reg.$proc$/openlane/designs/my_processor/new_src/Stage34_RR2EX.v:22$371'.
  created $dff cell `$procdff$951' with positive edge clock.
Creating register for signal `\RR2EX_Pipline_Reg.\cntrl_out' using process `\RR2EX_Pipline_Reg.$proc$/openlane/designs/my_processor/new_src/Stage34_RR2EX.v:22$371'.
  created $dff cell `$procdff$952' with positive edge clock.
Creating register for signal `\RR2EX_Pipline_Reg.\RF_D1_Out' using process `\RR2EX_Pipline_Reg.$proc$/openlane/designs/my_processor/new_src/Stage34_RR2EX.v:22$371'.
  created $dff cell `$procdff$953' with positive edge clock.
Creating register for signal `\RR2EX_Pipline_Reg.\RF_D2_Out' using process `\RR2EX_Pipline_Reg.$proc$/openlane/designs/my_processor/new_src/Stage34_RR2EX.v:22$371'.
  created $dff cell `$procdff$954' with positive edge clock.
Creating register for signal `\RR2EX_Pipline_Reg.\RF_A1_Out' using process `\RR2EX_Pipline_Reg.$proc$/openlane/designs/my_processor/new_src/Stage34_RR2EX.v:22$371'.
  created $dff cell `$procdff$955' with positive edge clock.
Creating register for signal `\RR2EX_Pipline_Reg.\RF_A2_Out' using process `\RR2EX_Pipline_Reg.$proc$/openlane/designs/my_processor/new_src/Stage34_RR2EX.v:22$371'.
  created $dff cell `$procdff$956' with positive edge clock.
Creating register for signal `\ID2RR_Pipline_Reg.\pc_out' using process `\ID2RR_Pipline_Reg.$proc$/openlane/designs/my_processor/new_src/Stage23_ID2RR.v:16$369'.
  created $dff cell `$procdff$957' with positive edge clock.
Creating register for signal `\ID2RR_Pipline_Reg.\pc_next_out' using process `\ID2RR_Pipline_Reg.$proc$/openlane/designs/my_processor/new_src/Stage23_ID2RR.v:16$369'.
  created $dff cell `$procdff$958' with positive edge clock.
Creating register for signal `\ID2RR_Pipline_Reg.\instr_out' using process `\ID2RR_Pipline_Reg.$proc$/openlane/designs/my_processor/new_src/Stage23_ID2RR.v:16$369'.
  created $dff cell `$procdff$959' with positive edge clock.
Creating register for signal `\ID2RR_Pipline_Reg.\cntrl_out' using process `\ID2RR_Pipline_Reg.$proc$/openlane/designs/my_processor/new_src/Stage23_ID2RR.v:16$369'.
  created $dff cell `$procdff$960' with positive edge clock.
Creating register for signal `\IF2ID_Pipline_Reg.\PC_Out' using process `\IF2ID_Pipline_Reg.$proc$/openlane/designs/my_processor/new_src/Stage12_IF2ID.v:13$367'.
  created $dff cell `$procdff$961' with positive edge clock.
Creating register for signal `\IF2ID_Pipline_Reg.\PC_Next_Out' using process `\IF2ID_Pipline_Reg.$proc$/openlane/designs/my_processor/new_src/Stage12_IF2ID.v:13$367'.
  created $dff cell `$procdff$962' with positive edge clock.
Creating register for signal `\IF2ID_Pipline_Reg.\Instr_Out' using process `\IF2ID_Pipline_Reg.$proc$/openlane/designs/my_processor/new_src/Stage12_IF2ID.v:13$367'.
  created $dff cell `$procdff$963' with positive edge clock.
Creating register for signal `\instr_mem.$memwr$\rom$/openlane/designs/my_processor/new_src/InstrMem.v:29$320_ADDR' using process `\instr_mem.$proc$/openlane/designs/my_processor/new_src/InstrMem.v:27$321'.
  created $dff cell `$procdff$964' with positive edge clock.
Creating register for signal `\instr_mem.$memwr$\rom$/openlane/designs/my_processor/new_src/InstrMem.v:29$320_DATA' using process `\instr_mem.$proc$/openlane/designs/my_processor/new_src/InstrMem.v:27$321'.
  created $dff cell `$procdff$965' with positive edge clock.
Creating register for signal `\instr_mem.$memwr$\rom$/openlane/designs/my_processor/new_src/InstrMem.v:29$320_EN' using process `\instr_mem.$proc$/openlane/designs/my_processor/new_src/InstrMem.v:27$321'.
  created $dff cell `$procdff$966' with positive edge clock.
Creating register for signal `\data_memory.$memwr$\ram$/openlane/designs/my_processor/new_src/dataMem.v:24$162_ADDR' using process `\data_memory.$proc$/openlane/designs/my_processor/new_src/dataMem.v:22$163'.
  created $dff cell `$procdff$967' with positive edge clock.
Creating register for signal `\data_memory.$memwr$\ram$/openlane/designs/my_processor/new_src/dataMem.v:24$162_DATA' using process `\data_memory.$proc$/openlane/designs/my_processor/new_src/dataMem.v:22$163'.
  created $dff cell `$procdff$968' with positive edge clock.
Creating register for signal `\data_memory.$memwr$\ram$/openlane/designs/my_processor/new_src/dataMem.v:24$162_EN' using process `\data_memory.$proc$/openlane/designs/my_processor/new_src/dataMem.v:22$163'.
  created $dff cell `$procdff$969' with positive edge clock.
Creating register for signal `\register_bank.\i' using process `\register_bank.$proc$/openlane/designs/my_processor/new_src/registerBank.v:53$49'.
  created $dff cell `$procdff$970' with positive edge clock.
Creating register for signal `\register_bank.$memwr$\registerFile$/openlane/designs/my_processor/new_src/registerBank.v:56$27_EN' using process `\register_bank.$proc$/openlane/designs/my_processor/new_src/registerBank.v:53$49'.
  created $dff cell `$procdff$971' with positive edge clock.
Creating register for signal `\register_bank.$memwr$\registerFile$/openlane/designs/my_processor/new_src/registerBank.v:56$28_EN' using process `\register_bank.$proc$/openlane/designs/my_processor/new_src/registerBank.v:53$49'.
  created $dff cell `$procdff$972' with positive edge clock.
Creating register for signal `\register_bank.$memwr$\registerFile$/openlane/designs/my_processor/new_src/registerBank.v:56$29_EN' using process `\register_bank.$proc$/openlane/designs/my_processor/new_src/registerBank.v:53$49'.
  created $dff cell `$procdff$973' with positive edge clock.
Creating register for signal `\register_bank.$memwr$\registerFile$/openlane/designs/my_processor/new_src/registerBank.v:56$30_EN' using process `\register_bank.$proc$/openlane/designs/my_processor/new_src/registerBank.v:53$49'.
  created $dff cell `$procdff$974' with positive edge clock.
Creating register for signal `\register_bank.$memwr$\registerFile$/openlane/designs/my_processor/new_src/registerBank.v:56$31_EN' using process `\register_bank.$proc$/openlane/designs/my_processor/new_src/registerBank.v:53$49'.
  created $dff cell `$procdff$975' with positive edge clock.
Creating register for signal `\register_bank.$memwr$\registerFile$/openlane/designs/my_processor/new_src/registerBank.v:56$32_EN' using process `\register_bank.$proc$/openlane/designs/my_processor/new_src/registerBank.v:53$49'.
  created $dff cell `$procdff$976' with positive edge clock.
Creating register for signal `\register_bank.$memwr$\registerFile$/openlane/designs/my_processor/new_src/registerBank.v:56$33_EN' using process `\register_bank.$proc$/openlane/designs/my_processor/new_src/registerBank.v:53$49'.
  created $dff cell `$procdff$977' with positive edge clock.
Creating register for signal `\register_bank.$memwr$\registerFile$/openlane/designs/my_processor/new_src/registerBank.v:56$34_EN' using process `\register_bank.$proc$/openlane/designs/my_processor/new_src/registerBank.v:53$49'.
  created $dff cell `$procdff$978' with positive edge clock.
Creating register for signal `\register_bank.$memwr$\registerFile$/openlane/designs/my_processor/new_src/registerBank.v:59$35_ADDR' using process `\register_bank.$proc$/openlane/designs/my_processor/new_src/registerBank.v:53$49'.
  created $dff cell `$procdff$979' with positive edge clock.
Creating register for signal `\register_bank.$memwr$\registerFile$/openlane/designs/my_processor/new_src/registerBank.v:59$35_DATA' using process `\register_bank.$proc$/openlane/designs/my_processor/new_src/registerBank.v:53$49'.
  created $dff cell `$procdff$980' with positive edge clock.
Creating register for signal `\register_bank.$memwr$\registerFile$/openlane/designs/my_processor/new_src/registerBank.v:59$35_EN' using process `\register_bank.$proc$/openlane/designs/my_processor/new_src/registerBank.v:53$49'.
  created $dff cell `$procdff$981' with positive edge clock.
Creating register for signal `\register_n.\out' using process `\register_n.$proc$/openlane/designs/my_processor/new_src/registerBank.v:12$17'.
  created $dff cell `$procdff$982' with positive edge clock.

28. Executing PROC_MEMWR pass (convert process memory writes to cells).

29. Executing PROC_CLEAN pass (remove empty switches from decision trees).
Removing empty process `$paramod\register_n\N=s32'00000000000000000000000000000001.$proc$/openlane/designs/my_processor/new_src/registerBank.v:0$458'.
Found and cleaned up 2 empty switches in `$paramod\register_n\N=s32'00000000000000000000000000000001.$proc$/openlane/designs/my_processor/new_src/registerBank.v:12$457'.
Removing empty process `$paramod\register_n\N=s32'00000000000000000000000000000001.$proc$/openlane/designs/my_processor/new_src/registerBank.v:12$457'.
Found and cleaned up 1 empty switch in `$paramod$478555db74d47255e0a5d15b1b9dc8a214d2638a\mux_41.$proc$/openlane/designs/my_processor/new_src/mux.v:27$456'.
Removing empty process `$paramod$478555db74d47255e0a5d15b1b9dc8a214d2638a\mux_41.$proc$/openlane/designs/my_processor/new_src/mux.v:27$456'.
Removing empty process `$paramod$301fb870b2cfc3f89548532f53ffd32e0441395a\mux_21.$proc$/openlane/designs/my_processor/new_src/mux.v:12$454'.
Found and cleaned up 2 empty switches in `\pipelined_processor.$proc$/openlane/designs/my_processor/new_src/topModule.v:465$442'.
Removing empty process `pipelined_processor.$proc$/openlane/designs/my_processor/new_src/topModule.v:465$442'.
Found and cleaned up 3 empty switches in `\pipelined_processor.$proc$/openlane/designs/my_processor/new_src/topModule.v:372$427'.
Removing empty process `pipelined_processor.$proc$/openlane/designs/my_processor/new_src/topModule.v:372$427'.
Found and cleaned up 2 empty switches in `\pipelined_processor.$proc$/openlane/designs/my_processor/new_src/topModule.v:319$416'.
Removing empty process `pipelined_processor.$proc$/openlane/designs/my_processor/new_src/topModule.v:319$416'.
Found and cleaned up 1 empty switch in `\pipelined_processor.$proc$/openlane/designs/my_processor/new_src/topModule.v:169$385'.
Removing empty process `pipelined_processor.$proc$/openlane/designs/my_processor/new_src/topModule.v:169$385'.
Removing empty process `MEM2WB_Pipline_Reg.$proc$/openlane/designs/my_processor/new_src/Stage56_MM2WB.v:0$376'.
Found and cleaned up 2 empty switches in `\MEM2WB_Pipline_Reg.$proc$/openlane/designs/my_processor/new_src/Stage56_MM2WB.v:23$375'.
Removing empty process `MEM2WB_Pipline_Reg.$proc$/openlane/designs/my_processor/new_src/Stage56_MM2WB.v:23$375'.
Removing empty process `EX2MEM_Pipline_Reg.$proc$/openlane/designs/my_processor/new_src/Stage45_EX2MM.v:0$374'.
Found and cleaned up 2 empty switches in `\EX2MEM_Pipline_Reg.$proc$/openlane/designs/my_processor/new_src/Stage45_EX2MM.v:25$373'.
Removing empty process `EX2MEM_Pipline_Reg.$proc$/openlane/designs/my_processor/new_src/Stage45_EX2MM.v:25$373'.
Removing empty process `RR2EX_Pipline_Reg.$proc$/openlane/designs/my_processor/new_src/Stage34_RR2EX.v:0$372'.
Found and cleaned up 2 empty switches in `\RR2EX_Pipline_Reg.$proc$/openlane/designs/my_processor/new_src/Stage34_RR2EX.v:22$371'.
Removing empty process `RR2EX_Pipline_Reg.$proc$/openlane/designs/my_processor/new_src/Stage34_RR2EX.v:22$371'.
Removing empty process `ID2RR_Pipline_Reg.$proc$/openlane/designs/my_processor/new_src/Stage23_ID2RR.v:0$370'.
Found and cleaned up 2 empty switches in `\ID2RR_Pipline_Reg.$proc$/openlane/designs/my_processor/new_src/Stage23_ID2RR.v:16$369'.
Removing empty process `ID2RR_Pipline_Reg.$proc$/openlane/designs/my_processor/new_src/Stage23_ID2RR.v:16$369'.
Removing empty process `IF2ID_Pipline_Reg.$proc$/openlane/designs/my_processor/new_src/Stage12_IF2ID.v:0$368'.
Found and cleaned up 2 empty switches in `\IF2ID_Pipline_Reg.$proc$/openlane/designs/my_processor/new_src/Stage12_IF2ID.v:13$367'.
Removing empty process `IF2ID_Pipline_Reg.$proc$/openlane/designs/my_processor/new_src/Stage12_IF2ID.v:13$367'.
Removing empty process `$paramod$478555db74d47255e0a5d15b1b9dc8a214d2638a\mux_21.$proc$/openlane/designs/my_processor/new_src/mux.v:12$460'.
Found and cleaned up 1 empty switch in `$paramod$301fb870b2cfc3f89548532f53ffd32e0441395a\mux_41.$proc$/openlane/designs/my_processor/new_src/mux.v:27$459'.
Removing empty process `$paramod$301fb870b2cfc3f89548532f53ffd32e0441395a\mux_41.$proc$/openlane/designs/my_processor/new_src/mux.v:27$459'.
Removing empty process `instr_mem.$proc$/openlane/designs/my_processor/new_src/InstrMem.v:0$347'.
Found and cleaned up 1 empty switch in `\instr_mem.$proc$/openlane/designs/my_processor/new_src/InstrMem.v:27$321'.
Removing empty process `instr_mem.$proc$/openlane/designs/my_processor/new_src/InstrMem.v:27$321'.
Removing empty process `data_memory.$proc$/openlane/designs/my_processor/new_src/dataMem.v:0$238'.
Found and cleaned up 1 empty switch in `\data_memory.$proc$/openlane/designs/my_processor/new_src/dataMem.v:22$163'.
Removing empty process `data_memory.$proc$/openlane/designs/my_processor/new_src/dataMem.v:22$163'.
Found and cleaned up 2 empty switches in `\branch_jump_controller.$proc$/openlane/designs/my_processor/new_src/branchJumpCtrl.v:8$94'.
Removing empty process `branch_jump_controller.$proc$/openlane/designs/my_processor/new_src/branchJumpCtrl.v:8$94'.
Removing empty process `register_bank.$proc$/openlane/designs/my_processor/new_src/registerBank.v:0$85'.
Found and cleaned up 2 empty switches in `\register_bank.$proc$/openlane/designs/my_processor/new_src/registerBank.v:53$49'.
Removing empty process `register_bank.$proc$/openlane/designs/my_processor/new_src/registerBank.v:53$49'.
Removing empty process `register_bank.$proc$/openlane/designs/my_processor/new_src/registerBank.v:42$36'.
Removing empty process `register_n.$proc$/openlane/designs/my_processor/new_src/registerBank.v:0$18'.
Found and cleaned up 2 empty switches in `\register_n.$proc$/openlane/designs/my_processor/new_src/registerBank.v:12$17'.
Removing empty process `register_n.$proc$/openlane/designs/my_processor/new_src/registerBank.v:12$17'.
Found and cleaned up 1 empty switch in `\control_decoder.$proc$/openlane/designs/my_processor/new_src/ctrlUnit.v:29$14'.
Removing empty process `control_decoder.$proc$/openlane/designs/my_processor/new_src/ctrlUnit.v:29$14'.
Found and cleaned up 6 empty switches in `\alu_ctrl.$proc$/openlane/designs/my_processor/new_src/aluCtrl.v:28$11'.
Removing empty process `alu_ctrl.$proc$/openlane/designs/my_processor/new_src/aluCtrl.v:28$11'.
Found and cleaned up 1 empty switch in `\alu.$proc$/openlane/designs/my_processor/new_src/ALU.v:15$1'.
Removing empty process `alu.$proc$/openlane/designs/my_processor/new_src/ALU.v:15$1'.
Cleaned up 38 empty switches.

30. Executing CHECK pass (checking for obvious problems).
Checking module $paramod\register_n\N=s32'00000000000000000000000000000001...
Checking module $paramod$478555db74d47255e0a5d15b1b9dc8a214d2638a\mux_41...
Checking module $paramod$301fb870b2cfc3f89548532f53ffd32e0441395a\mux_21...
Checking module pipelined_processor...
Warning: multiple conflicting drivers for pipelined_processor.$logic_or$/openlane/designs/my_processor/new_src/topModule.v:350$423_Y:
    port Y[0] of cell $logic_or$/openlane/designs/my_processor/new_src/topModule.v:350$423 ($logic_or)
    port Y[0] of cell $logic_or$/openlane/designs/my_processor/new_src/topModule.v:336$420 ($logic_or)
Warning: Wire pipelined_processor.\regfile.registerFile is used but has no driver.
Checking module MEM2WB_Pipline_Reg...
Checking module EX2MEM_Pipline_Reg...
Checking module RR2EX_Pipline_Reg...
Checking module ID2RR_Pipline_Reg...
Checking module IF2ID_Pipline_Reg...
Checking module $paramod$478555db74d47255e0a5d15b1b9dc8a214d2638a\mux_21...
Checking module $paramod$301fb870b2cfc3f89548532f53ffd32e0441395a\mux_41...
Checking module instr_mem...
Checking module data_memory...
Checking module branch_jump_controller...
Checking module register_bank...
Checking module register_n...
Checking module control_decoder...
Checking module alu_ctrl...
Checking module alu...
Found and reported 2 problems.

31. Executing OPT_EXPR pass (perform const folding).
Optimizing module $paramod\register_n\N=s32'00000000000000000000000000000001.
Optimizing module $paramod$478555db74d47255e0a5d15b1b9dc8a214d2638a\mux_41.
<suppressed ~1 debug messages>
Optimizing module $paramod$301fb870b2cfc3f89548532f53ffd32e0441395a\mux_21.
Optimizing module pipelined_processor.
<suppressed ~6 debug messages>
Optimizing module MEM2WB_Pipline_Reg.
Optimizing module EX2MEM_Pipline_Reg.
Optimizing module RR2EX_Pipline_Reg.
Optimizing module ID2RR_Pipline_Reg.
Optimizing module IF2ID_Pipline_Reg.
Optimizing module $paramod$478555db74d47255e0a5d15b1b9dc8a214d2638a\mux_21.
Optimizing module $paramod$301fb870b2cfc3f89548532f53ffd32e0441395a\mux_41.
<suppressed ~1 debug messages>
Optimizing module instr_mem.
<suppressed ~1 debug messages>
Optimizing module data_memory.
Optimizing module branch_jump_controller.
Optimizing module register_bank.
<suppressed ~3 debug messages>
Optimizing module register_n.
Optimizing module control_decoder.
Optimizing module alu_ctrl.
<suppressed ~6 debug messages>
Optimizing module alu.
<suppressed ~7 debug messages>

32. Executing FLATTEN pass (flatten design).
Deleting now unused module $paramod\register_n\N=s32'00000000000000000000000000000001.
Deleting now unused module $paramod$478555db74d47255e0a5d15b1b9dc8a214d2638a\mux_41.
Deleting now unused module $paramod$301fb870b2cfc3f89548532f53ffd32e0441395a\mux_21.
Deleting now unused module MEM2WB_Pipline_Reg.
Deleting now unused module EX2MEM_Pipline_Reg.
Deleting now unused module RR2EX_Pipline_Reg.
Deleting now unused module ID2RR_Pipline_Reg.
Deleting now unused module IF2ID_Pipline_Reg.
Deleting now unused module $paramod$478555db74d47255e0a5d15b1b9dc8a214d2638a\mux_21.
Deleting now unused module $paramod$301fb870b2cfc3f89548532f53ffd32e0441395a\mux_41.
Deleting now unused module instr_mem.
Deleting now unused module data_memory.
Deleting now unused module branch_jump_controller.
Deleting now unused module register_bank.
Deleting now unused module register_n.
Deleting now unused module control_decoder.
Deleting now unused module alu_ctrl.
Deleting now unused module alu.
<suppressed ~24 debug messages>

33. Executing OPT_EXPR pass (perform const folding).
Optimizing module pipelined_processor.
<suppressed ~18 debug messages>

34. Executing OPT_CLEAN pass (remove unused cells and wires).
Finding unused cells or wires in module \pipelined_processor..
Removed 41 unused cells and 615 unused wires.
<suppressed ~68 debug messages>

35. Executing OPT pass (performing simple optimizations).

35.1. Executing OPT_EXPR pass (perform const folding).
Optimizing module pipelined_processor.

35.2. Executing OPT_MERGE pass (detect identical cells).
Finding identical cells in module `\pipelined_processor'.
<suppressed ~147 debug messages>
Removed a total of 49 cells.

35.3. Executing OPT_MUXTREE pass (detect dead branches in mux trees).
Running muxtree optimizer on module \pipelined_processor..
  Creating internal representation of mux trees.
  Evaluating internal representation of mux trees.
  Analyzing evaluation results.
    dead port 2/2 on $mux $flatten\actl.$procmux$808.
    dead port 2/2 on $mux $flatten\actl.$procmux$816.
    dead port 2/2 on $mux $flatten\actl.$procmux$793.
    dead port 2/2 on $mux $flatten\actl.$procmux$824.
    dead port 2/2 on $mux $flatten\actl.$procmux$832.
    dead port 2/2 on $mux $flatten\actl.$procmux$841.
    dead port 2/2 on $mux $flatten\actl.$procmux$850.
    dead port 2/2 on $mux $flatten\actl.$procmux$859.
    dead port 2/2 on $mux $flatten\actl.$procmux$869.
    dead port 2/2 on $mux $flatten\actl.$procmux$879.
    dead port 2/2 on $mux $flatten\actl.$procmux$889.
    dead port 2/2 on $mux $flatten\actl.$procmux$766.
    dead port 1/2 on $mux $flatten\bjc.$procmux$697.
    dead port 1/2 on $mux $flatten\regfile.$procmux$706.
    dead port 1/2 on $mux $flatten\regfile.$procmux$712.
    dead port 1/2 on $mux $flatten\regfile.$procmux$718.
    dead port 2/2 on $mux $flatten\actl.$procmux$800.
    dead port 2/2 on $mux $flatten\actl.$procmux$772.
    dead port 2/2 on $mux $flatten\actl.$procmux$779.
    dead port 2/2 on $mux $flatten\actl.$procmux$786.
    dead port 1/2 on $mux $procmux$486.
    dead port 1/2 on $mux $procmux$492.
    dead port 1/2 on $mux $procmux$498.
    dead port 2/2 on $mux $procmux$504.
    dead port 2/2 on $mux $procmux$510.
    dead port 2/2 on $mux $procmux$516.
    dead port 1/2 on $mux $procmux$531.
Removed 27 multiplexer ports.
<suppressed ~58 debug messages>

35.4. Executing OPT_REDUCE pass (consolidate $*mux and $reduce_* inputs).
  Optimizing cells in module \pipelined_processor.
    Consolidated identical input bits for $mux cell $flatten\dmem.$procmux$685:
      Old ports: A=16'0000000000000000, B=16'1111111111111111, Y=$flatten\dmem.$0$memwr$\ram$/openlane/designs/my_processor/new_src/dataMem.v:24$162_EN[15:0]$166
      New ports: A=1'0, B=1'1, Y=$flatten\dmem.$0$memwr$\ram$/openlane/designs/my_processor/new_src/dataMem.v:24$162_EN[15:0]$166 [0]
      New connections: $flatten\dmem.$0$memwr$\ram$/openlane/designs/my_processor/new_src/dataMem.v:24$162_EN[15:0]$166 [15:1] = { $flatten\dmem.$0$memwr$\ram$/openlane/designs/my_processor/new_src/dataMem.v:24$162_EN[15:0]$166 [0] $flatten\dmem.$0$memwr$\ram$/openlane/designs/my_processor/new_src/dataMem.v:24$162_EN[15:0]$166 [0] $flatten\dmem.$0$memwr$\ram$/openlane/designs/my_processor/new_src/dataMem.v:24$162_EN[15:0]$166 [0] $flatten\dmem.$0$memwr$\ram$/openlane/designs/my_processor/new_src/dataMem.v:24$162_EN[15:0]$166 [0] $flatten\dmem.$0$memwr$\ram$/openlane/designs/my_processor/new_src/dataMem.v:24$162_EN[15:0]$166 [0] $flatten\dmem.$0$memwr$\ram$/openlane/designs/my_processor/new_src/dataMem.v:24$162_EN[15:0]$166 [0] $flatten\dmem.$0$memwr$\ram$/openlane/designs/my_processor/new_src/dataMem.v:24$162_EN[15:0]$166 [0] $flatten\dmem.$0$memwr$\ram$/openlane/designs/my_processor/new_src/dataMem.v:24$162_EN[15:0]$166 [0] $flatten\dmem.$0$memwr$\ram$/openlane/designs/my_processor/new_src/dataMem.v:24$162_EN[15:0]$166 [0] $flatten\dmem.$0$memwr$\ram$/openlane/designs/my_processor/new_src/dataMem.v:24$162_EN[15:0]$166 [0] $flatten\dmem.$0$memwr$\ram$/openlane/designs/my_processor/new_src/dataMem.v:24$162_EN[15:0]$166 [0] $flatten\dmem.$0$memwr$\ram$/openlane/designs/my_processor/new_src/dataMem.v:24$162_EN[15:0]$166 [0] $flatten\dmem.$0$memwr$\ram$/openlane/designs/my_processor/new_src/dataMem.v:24$162_EN[15:0]$166 [0] $flatten\dmem.$0$memwr$\ram$/openlane/designs/my_processor/new_src/dataMem.v:24$162_EN[15:0]$166 [0] $flatten\dmem.$0$memwr$\ram$/openlane/designs/my_processor/new_src/dataMem.v:24$162_EN[15:0]$166 [0] }
    Consolidated identical input bits for $mux cell $flatten\imem.$procmux$676:
      Old ports: A=16'0000000000000000, B=16'1111111111111111, Y=$flatten\imem.$0$memwr$\rom$/openlane/designs/my_processor/new_src/InstrMem.v:29$320_EN[15:0]$324
      New ports: A=1'0, B=1'1, Y=$flatten\imem.$0$memwr$\rom$/openlane/designs/my_processor/new_src/InstrMem.v:29$320_EN[15:0]$324 [0]
      New connections: $flatten\imem.$0$memwr$\rom$/openlane/designs/my_processor/new_src/InstrMem.v:29$320_EN[15:0]$324 [15:1] = { $flatten\imem.$0$memwr$\rom$/openlane/designs/my_processor/new_src/InstrMem.v:29$320_EN[15:0]$324 [0] $flatten\imem.$0$memwr$\rom$/openlane/designs/my_processor/new_src/InstrMem.v:29$320_EN[15:0]$324 [0] $flatten\imem.$0$memwr$\rom$/openlane/designs/my_processor/new_src/InstrMem.v:29$320_EN[15:0]$324 [0] $flatten\imem.$0$memwr$\rom$/openlane/designs/my_processor/new_src/InstrMem.v:29$320_EN[15:0]$324 [0] $flatten\imem.$0$memwr$\rom$/openlane/designs/my_processor/new_src/InstrMem.v:29$320_EN[15:0]$324 [0] $flatten\imem.$0$memwr$\rom$/openlane/designs/my_processor/new_src/InstrMem.v:29$320_EN[15:0]$324 [0] $flatten\imem.$0$memwr$\rom$/openlane/designs/my_processor/new_src/InstrMem.v:29$320_EN[15:0]$324 [0] $flatten\imem.$0$memwr$\rom$/openlane/designs/my_processor/new_src/InstrMem.v:29$320_EN[15:0]$324 [0] $flatten\imem.$0$memwr$\rom$/openlane/designs/my_processor/new_src/InstrMem.v:29$320_EN[15:0]$324 [0] $flatten\imem.$0$memwr$\rom$/openlane/designs/my_processor/new_src/InstrMem.v:29$320_EN[15:0]$324 [0] $flatten\imem.$0$memwr$\rom$/openlane/designs/my_processor/new_src/InstrMem.v:29$320_EN[15:0]$324 [0] $flatten\imem.$0$memwr$\rom$/openlane/designs/my_processor/new_src/InstrMem.v:29$320_EN[15:0]$324 [0] $flatten\imem.$0$memwr$\rom$/openlane/designs/my_processor/new_src/InstrMem.v:29$320_EN[15:0]$324 [0] $flatten\imem.$0$memwr$\rom$/openlane/designs/my_processor/new_src/InstrMem.v:29$320_EN[15:0]$324 [0] $flatten\imem.$0$memwr$\rom$/openlane/designs/my_processor/new_src/InstrMem.v:29$320_EN[15:0]$324 [0] }
    New ctrl vector for $pmux cell $flatten\rd_addr_mux.$procmux$471: { $flatten\rd_addr_mux.$procmux$474_CMP $auto$opt_reduce.cc:134:opt_pmux$995 $flatten\rd_addr_mux.$procmux$472_CMP }
    Consolidated identical input bits for $mux cell $flatten\regfile.$procmux$703:
      Old ports: A=16'0000000000000000, B=16'1111111111111111, Y=$flatten\regfile.$procmux$703_Y
      New ports: A=1'0, B=1'1, Y=$flatten\regfile.$procmux$703_Y [0]
      New connections: $flatten\regfile.$procmux$703_Y [15:1] = { $flatten\regfile.$procmux$703_Y [0] $flatten\regfile.$procmux$703_Y [0] $flatten\regfile.$procmux$703_Y [0] $flatten\regfile.$procmux$703_Y [0] $flatten\regfile.$procmux$703_Y [0] $flatten\regfile.$procmux$703_Y [0] $flatten\regfile.$procmux$703_Y [0] $flatten\regfile.$procmux$703_Y [0] $flatten\regfile.$procmux$703_Y [0] $flatten\regfile.$procmux$703_Y [0] $flatten\regfile.$procmux$703_Y [0] $flatten\regfile.$procmux$703_Y [0] $flatten\regfile.$procmux$703_Y [0] $flatten\regfile.$procmux$703_Y [0] $flatten\regfile.$procmux$703_Y [0] }
    Consolidated identical input bits for $mux cell $flatten\regfile.$procmux$724:
      Old ports: A=16'0000000000000000, B=16'1111111111111111, Y=$flatten\regfile.$0$memwr$\registerFile$/openlane/designs/my_processor/new_src/registerBank.v:56$34_EN[15:0]$57
      New ports: A=1'0, B=1'1, Y=$flatten\regfile.$0$memwr$\registerFile$/openlane/designs/my_processor/new_src/registerBank.v:56$34_EN[15:0]$57 [0]
      New connections: $flatten\regfile.$0$memwr$\registerFile$/openlane/designs/my_processor/new_src/registerBank.v:56$34_EN[15:0]$57 [15:1] = { $flatten\regfile.$0$memwr$\registerFile$/openlane/designs/my_processor/new_src/registerBank.v:56$34_EN[15:0]$57 [0] $flatten\regfile.$0$memwr$\registerFile$/openlane/designs/my_processor/new_src/registerBank.v:56$34_EN[15:0]$57 [0] $flatten\regfile.$0$memwr$\registerFile$/openlane/designs/my_processor/new_src/registerBank.v:56$34_EN[15:0]$57 [0] $flatten\regfile.$0$memwr$\registerFile$/openlane/designs/my_processor/new_src/registerBank.v:56$34_EN[15:0]$57 [0] $flatten\regfile.$0$memwr$\registerFile$/openlane/designs/my_processor/new_src/registerBank.v:56$34_EN[15:0]$57 [0] $flatten\regfile.$0$memwr$\registerFile$/openlane/designs/my_processor/new_src/registerBank.v:56$34_EN[15:0]$57 [0] $flatten\regfile.$0$memwr$\registerFile$/openlane/designs/my_processor/new_src/registerBank.v:56$34_EN[15:0]$57 [0] $flatten\regfile.$0$memwr$\registerFile$/openlane/designs/my_processor/new_src/registerBank.v:56$34_EN[15:0]$57 [0] $flatten\regfile.$0$memwr$\registerFile$/openlane/designs/my_processor/new_src/registerBank.v:56$34_EN[15:0]$57 [0] $flatten\regfile.$0$memwr$\registerFile$/openlane/designs/my_processor/new_src/registerBank.v:56$34_EN[15:0]$57 [0] $flatten\regfile.$0$memwr$\registerFile$/openlane/designs/my_processor/new_src/registerBank.v:56$34_EN[15:0]$57 [0] $flatten\regfile.$0$memwr$\registerFile$/openlane/designs/my_processor/new_src/registerBank.v:56$34_EN[15:0]$57 [0] $flatten\regfile.$0$memwr$\registerFile$/openlane/designs/my_processor/new_src/registerBank.v:56$34_EN[15:0]$57 [0] $flatten\regfile.$0$memwr$\registerFile$/openlane/designs/my_processor/new_src/registerBank.v:56$34_EN[15:0]$57 [0] $flatten\regfile.$0$memwr$\registerFile$/openlane/designs/my_processor/new_src/registerBank.v:56$34_EN[15:0]$57 [0] }
    Consolidated identical input bits for $mux cell $flatten\regfile.$procmux$727:
      Old ports: A=16'0000000000000000, B=16'1111111111111111, Y=$flatten\regfile.$0$memwr$\registerFile$/openlane/designs/my_processor/new_src/registerBank.v:56$33_EN[15:0]$56
      New ports: A=1'0, B=1'1, Y=$flatten\regfile.$0$memwr$\registerFile$/openlane/designs/my_processor/new_src/registerBank.v:56$33_EN[15:0]$56 [0]
      New connections: $flatten\regfile.$0$memwr$\registerFile$/openlane/designs/my_processor/new_src/registerBank.v:56$33_EN[15:0]$56 [15:1] = { $flatten\regfile.$0$memwr$\registerFile$/openlane/designs/my_processor/new_src/registerBank.v:56$33_EN[15:0]$56 [0] $flatten\regfile.$0$memwr$\registerFile$/openlane/designs/my_processor/new_src/registerBank.v:56$33_EN[15:0]$56 [0] $flatten\regfile.$0$memwr$\registerFile$/openlane/designs/my_processor/new_src/registerBank.v:56$33_EN[15:0]$56 [0] $flatten\regfile.$0$memwr$\registerFile$/openlane/designs/my_processor/new_src/registerBank.v:56$33_EN[15:0]$56 [0] $flatten\regfile.$0$memwr$\registerFile$/openlane/designs/my_processor/new_src/registerBank.v:56$33_EN[15:0]$56 [0] $flatten\regfile.$0$memwr$\registerFile$/openlane/designs/my_processor/new_src/registerBank.v:56$33_EN[15:0]$56 [0] $flatten\regfile.$0$memwr$\registerFile$/openlane/designs/my_processor/new_src/registerBank.v:56$33_EN[15:0]$56 [0] $flatten\regfile.$0$memwr$\registerFile$/openlane/designs/my_processor/new_src/registerBank.v:56$33_EN[15:0]$56 [0] $flatten\regfile.$0$memwr$\registerFile$/openlane/designs/my_processor/new_src/registerBank.v:56$33_EN[15:0]$56 [0] $flatten\regfile.$0$memwr$\registerFile$/openlane/designs/my_processor/new_src/registerBank.v:56$33_EN[15:0]$56 [0] $flatten\regfile.$0$memwr$\registerFile$/openlane/designs/my_processor/new_src/registerBank.v:56$33_EN[15:0]$56 [0] $flatten\regfile.$0$memwr$\registerFile$/openlane/designs/my_processor/new_src/registerBank.v:56$33_EN[15:0]$56 [0] $flatten\regfile.$0$memwr$\registerFile$/openlane/designs/my_processor/new_src/registerBank.v:56$33_EN[15:0]$56 [0] $flatten\regfile.$0$memwr$\registerFile$/openlane/designs/my_processor/new_src/registerBank.v:56$33_EN[15:0]$56 [0] $flatten\regfile.$0$memwr$\registerFile$/openlane/designs/my_processor/new_src/registerBank.v:56$33_EN[15:0]$56 [0] }
    Consolidated identical input bits for $mux cell $flatten\regfile.$procmux$730:
      Old ports: A=16'0000000000000000, B=16'1111111111111111, Y=$flatten\regfile.$0$memwr$\registerFile$/openlane/designs/my_processor/new_src/registerBank.v:56$32_EN[15:0]$55
      New ports: A=1'0, B=1'1, Y=$flatten\regfile.$0$memwr$\registerFile$/openlane/designs/my_processor/new_src/registerBank.v:56$32_EN[15:0]$55 [0]
      New connections: $flatten\regfile.$0$memwr$\registerFile$/openlane/designs/my_processor/new_src/registerBank.v:56$32_EN[15:0]$55 [15:1] = { $flatten\regfile.$0$memwr$\registerFile$/openlane/designs/my_processor/new_src/registerBank.v:56$32_EN[15:0]$55 [0] $flatten\regfile.$0$memwr$\registerFile$/openlane/designs/my_processor/new_src/registerBank.v:56$32_EN[15:0]$55 [0] $flatten\regfile.$0$memwr$\registerFile$/openlane/designs/my_processor/new_src/registerBank.v:56$32_EN[15:0]$55 [0] $flatten\regfile.$0$memwr$\registerFile$/openlane/designs/my_processor/new_src/registerBank.v:56$32_EN[15:0]$55 [0] $flatten\regfile.$0$memwr$\registerFile$/openlane/designs/my_processor/new_src/registerBank.v:56$32_EN[15:0]$55 [0] $flatten\regfile.$0$memwr$\registerFile$/openlane/designs/my_processor/new_src/registerBank.v:56$32_EN[15:0]$55 [0] $flatten\regfile.$0$memwr$\registerFile$/openlane/designs/my_processor/new_src/registerBank.v:56$32_EN[15:0]$55 [0] $flatten\regfile.$0$memwr$\registerFile$/openlane/designs/my_processor/new_src/registerBank.v:56$32_EN[15:0]$55 [0] $flatten\regfile.$0$memwr$\registerFile$/openlane/designs/my_processor/new_src/registerBank.v:56$32_EN[15:0]$55 [0] $flatten\regfile.$0$memwr$\registerFile$/openlane/designs/my_processor/new_src/registerBank.v:56$32_EN[15:0]$55 [0] $flatten\regfile.$0$memwr$\registerFile$/openlane/designs/my_processor/new_src/registerBank.v:56$32_EN[15:0]$55 [0] $flatten\regfile.$0$memwr$\registerFile$/openlane/designs/my_processor/new_src/registerBank.v:56$32_EN[15:0]$55 [0] $flatten\regfile.$0$memwr$\registerFile$/openlane/designs/my_processor/new_src/registerBank.v:56$32_EN[15:0]$55 [0] $flatten\regfile.$0$memwr$\registerFile$/openlane/designs/my_processor/new_src/registerBank.v:56$32_EN[15:0]$55 [0] $flatten\regfile.$0$memwr$\registerFile$/openlane/designs/my_processor/new_src/registerBank.v:56$32_EN[15:0]$55 [0] }
    Consolidated identical input bits for $mux cell $flatten\regfile.$procmux$733:
      Old ports: A=16'0000000000000000, B=16'1111111111111111, Y=$flatten\regfile.$0$memwr$\registerFile$/openlane/designs/my_processor/new_src/registerBank.v:56$31_EN[15:0]$54
      New ports: A=1'0, B=1'1, Y=$flatten\regfile.$0$memwr$\registerFile$/openlane/designs/my_processor/new_src/registerBank.v:56$31_EN[15:0]$54 [0]
      New connections: $flatten\regfile.$0$memwr$\registerFile$/openlane/designs/my_processor/new_src/registerBank.v:56$31_EN[15:0]$54 [15:1] = { $flatten\regfile.$0$memwr$\registerFile$/openlane/designs/my_processor/new_src/registerBank.v:56$31_EN[15:0]$54 [0] $flatten\regfile.$0$memwr$\registerFile$/openlane/designs/my_processor/new_src/registerBank.v:56$31_EN[15:0]$54 [0] $flatten\regfile.$0$memwr$\registerFile$/openlane/designs/my_processor/new_src/registerBank.v:56$31_EN[15:0]$54 [0] $flatten\regfile.$0$memwr$\registerFile$/openlane/designs/my_processor/new_src/registerBank.v:56$31_EN[15:0]$54 [0] $flatten\regfile.$0$memwr$\registerFile$/openlane/designs/my_processor/new_src/registerBank.v:56$31_EN[15:0]$54 [0] $flatten\regfile.$0$memwr$\registerFile$/openlane/designs/my_processor/new_src/registerBank.v:56$31_EN[15:0]$54 [0] $flatten\regfile.$0$memwr$\registerFile$/openlane/designs/my_processor/new_src/registerBank.v:56$31_EN[15:0]$54 [0] $flatten\regfile.$0$memwr$\registerFile$/openlane/designs/my_processor/new_src/registerBank.v:56$31_EN[15:0]$54 [0] $flatten\regfile.$0$memwr$\registerFile$/openlane/designs/my_processor/new_src/registerBank.v:56$31_EN[15:0]$54 [0] $flatten\regfile.$0$memwr$\registerFile$/openlane/designs/my_processor/new_src/registerBank.v:56$31_EN[15:0]$54 [0] $flatten\regfile.$0$memwr$\registerFile$/openlane/designs/my_processor/new_src/registerBank.v:56$31_EN[15:0]$54 [0] $flatten\regfile.$0$memwr$\registerFile$/openlane/designs/my_processor/new_src/registerBank.v:56$31_EN[15:0]$54 [0] $flatten\regfile.$0$memwr$\registerFile$/openlane/designs/my_processor/new_src/registerBank.v:56$31_EN[15:0]$54 [0] $flatten\regfile.$0$memwr$\registerFile$/openlane/designs/my_processor/new_src/registerBank.v:56$31_EN[15:0]$54 [0] $flatten\regfile.$0$memwr$\registerFile$/openlane/designs/my_processor/new_src/registerBank.v:56$31_EN[15:0]$54 [0] }
    Consolidated identical input bits for $mux cell $flatten\regfile.$procmux$736:
      Old ports: A=16'0000000000000000, B=16'1111111111111111, Y=$flatten\regfile.$0$memwr$\registerFile$/openlane/designs/my_processor/new_src/registerBank.v:56$30_EN[15:0]$53
      New ports: A=1'0, B=1'1, Y=$flatten\regfile.$0$memwr$\registerFile$/openlane/designs/my_processor/new_src/registerBank.v:56$30_EN[15:0]$53 [0]
      New connections: $flatten\regfile.$0$memwr$\registerFile$/openlane/designs/my_processor/new_src/registerBank.v:56$30_EN[15:0]$53 [15:1] = { $flatten\regfile.$0$memwr$\registerFile$/openlane/designs/my_processor/new_src/registerBank.v:56$30_EN[15:0]$53 [0] $flatten\regfile.$0$memwr$\registerFile$/openlane/designs/my_processor/new_src/registerBank.v:56$30_EN[15:0]$53 [0] $flatten\regfile.$0$memwr$\registerFile$/openlane/designs/my_processor/new_src/registerBank.v:56$30_EN[15:0]$53 [0] $flatten\regfile.$0$memwr$\registerFile$/openlane/designs/my_processor/new_src/registerBank.v:56$30_EN[15:0]$53 [0] $flatten\regfile.$0$memwr$\registerFile$/openlane/designs/my_processor/new_src/registerBank.v:56$30_EN[15:0]$53 [0] $flatten\regfile.$0$memwr$\registerFile$/openlane/designs/my_processor/new_src/registerBank.v:56$30_EN[15:0]$53 [0] $flatten\regfile.$0$memwr$\registerFile$/openlane/designs/my_processor/new_src/registerBank.v:56$30_EN[15:0]$53 [0] $flatten\regfile.$0$memwr$\registerFile$/openlane/designs/my_processor/new_src/registerBank.v:56$30_EN[15:0]$53 [0] $flatten\regfile.$0$memwr$\registerFile$/openlane/designs/my_processor/new_src/registerBank.v:56$30_EN[15:0]$53 [0] $flatten\regfile.$0$memwr$\registerFile$/openlane/designs/my_processor/new_src/registerBank.v:56$30_EN[15:0]$53 [0] $flatten\regfile.$0$memwr$\registerFile$/openlane/designs/my_processor/new_src/registerBank.v:56$30_EN[15:0]$53 [0] $flatten\regfile.$0$memwr$\registerFile$/openlane/designs/my_processor/new_src/registerBank.v:56$30_EN[15:0]$53 [0] $flatten\regfile.$0$memwr$\registerFile$/openlane/designs/my_processor/new_src/registerBank.v:56$30_EN[15:0]$53 [0] $flatten\regfile.$0$memwr$\registerFile$/openlane/designs/my_processor/new_src/registerBank.v:56$30_EN[15:0]$53 [0] $flatten\regfile.$0$memwr$\registerFile$/openlane/designs/my_processor/new_src/registerBank.v:56$30_EN[15:0]$53 [0] }
    Consolidated identical input bits for $mux cell $flatten\regfile.$procmux$739:
      Old ports: A=16'0000000000000000, B=16'1111111111111111, Y=$flatten\regfile.$0$memwr$\registerFile$/openlane/designs/my_processor/new_src/registerBank.v:56$29_EN[15:0]$52
      New ports: A=1'0, B=1'1, Y=$flatten\regfile.$0$memwr$\registerFile$/openlane/designs/my_processor/new_src/registerBank.v:56$29_EN[15:0]$52 [0]
      New connections: $flatten\regfile.$0$memwr$\registerFile$/openlane/designs/my_processor/new_src/registerBank.v:56$29_EN[15:0]$52 [15:1] = { $flatten\regfile.$0$memwr$\registerFile$/openlane/designs/my_processor/new_src/registerBank.v:56$29_EN[15:0]$52 [0] $flatten\regfile.$0$memwr$\registerFile$/openlane/designs/my_processor/new_src/registerBank.v:56$29_EN[15:0]$52 [0] $flatten\regfile.$0$memwr$\registerFile$/openlane/designs/my_processor/new_src/registerBank.v:56$29_EN[15:0]$52 [0] $flatten\regfile.$0$memwr$\registerFile$/openlane/designs/my_processor/new_src/registerBank.v:56$29_EN[15:0]$52 [0] $flatten\regfile.$0$memwr$\registerFile$/openlane/designs/my_processor/new_src/registerBank.v:56$29_EN[15:0]$52 [0] $flatten\regfile.$0$memwr$\registerFile$/openlane/designs/my_processor/new_src/registerBank.v:56$29_EN[15:0]$52 [0] $flatten\regfile.$0$memwr$\registerFile$/openlane/designs/my_processor/new_src/registerBank.v:56$29_EN[15:0]$52 [0] $flatten\regfile.$0$memwr$\registerFile$/openlane/designs/my_processor/new_src/registerBank.v:56$29_EN[15:0]$52 [0] $flatten\regfile.$0$memwr$\registerFile$/openlane/designs/my_processor/new_src/registerBank.v:56$29_EN[15:0]$52 [0] $flatten\regfile.$0$memwr$\registerFile$/openlane/designs/my_processor/new_src/registerBank.v:56$29_EN[15:0]$52 [0] $flatten\regfile.$0$memwr$\registerFile$/openlane/designs/my_processor/new_src/registerBank.v:56$29_EN[15:0]$52 [0] $flatten\regfile.$0$memwr$\registerFile$/openlane/designs/my_processor/new_src/registerBank.v:56$29_EN[15:0]$52 [0] $flatten\regfile.$0$memwr$\registerFile$/openlane/designs/my_processor/new_src/registerBank.v:56$29_EN[15:0]$52 [0] $flatten\regfile.$0$memwr$\registerFile$/openlane/designs/my_processor/new_src/registerBank.v:56$29_EN[15:0]$52 [0] $flatten\regfile.$0$memwr$\registerFile$/openlane/designs/my_processor/new_src/registerBank.v:56$29_EN[15:0]$52 [0] }
    Consolidated identical input bits for $mux cell $flatten\regfile.$procmux$742:
      Old ports: A=16'0000000000000000, B=16'1111111111111111, Y=$flatten\regfile.$0$memwr$\registerFile$/openlane/designs/my_processor/new_src/registerBank.v:56$28_EN[15:0]$51
      New ports: A=1'0, B=1'1, Y=$flatten\regfile.$0$memwr$\registerFile$/openlane/designs/my_processor/new_src/registerBank.v:56$28_EN[15:0]$51 [0]
      New connections: $flatten\regfile.$0$memwr$\registerFile$/openlane/designs/my_processor/new_src/registerBank.v:56$28_EN[15:0]$51 [15:1] = { $flatten\regfile.$0$memwr$\registerFile$/openlane/designs/my_processor/new_src/registerBank.v:56$28_EN[15:0]$51 [0] $flatten\regfile.$0$memwr$\registerFile$/openlane/designs/my_processor/new_src/registerBank.v:56$28_EN[15:0]$51 [0] $flatten\regfile.$0$memwr$\registerFile$/openlane/designs/my_processor/new_src/registerBank.v:56$28_EN[15:0]$51 [0] $flatten\regfile.$0$memwr$\registerFile$/openlane/designs/my_processor/new_src/registerBank.v:56$28_EN[15:0]$51 [0] $flatten\regfile.$0$memwr$\registerFile$/openlane/designs/my_processor/new_src/registerBank.v:56$28_EN[15:0]$51 [0] $flatten\regfile.$0$memwr$\registerFile$/openlane/designs/my_processor/new_src/registerBank.v:56$28_EN[15:0]$51 [0] $flatten\regfile.$0$memwr$\registerFile$/openlane/designs/my_processor/new_src/registerBank.v:56$28_EN[15:0]$51 [0] $flatten\regfile.$0$memwr$\registerFile$/openlane/designs/my_processor/new_src/registerBank.v:56$28_EN[15:0]$51 [0] $flatten\regfile.$0$memwr$\registerFile$/openlane/designs/my_processor/new_src/registerBank.v:56$28_EN[15:0]$51 [0] $flatten\regfile.$0$memwr$\registerFile$/openlane/designs/my_processor/new_src/registerBank.v:56$28_EN[15:0]$51 [0] $flatten\regfile.$0$memwr$\registerFile$/openlane/designs/my_processor/new_src/registerBank.v:56$28_EN[15:0]$51 [0] $flatten\regfile.$0$memwr$\registerFile$/openlane/designs/my_processor/new_src/registerBank.v:56$28_EN[15:0]$51 [0] $flatten\regfile.$0$memwr$\registerFile$/openlane/designs/my_processor/new_src/registerBank.v:56$28_EN[15:0]$51 [0] $flatten\regfile.$0$memwr$\registerFile$/openlane/designs/my_processor/new_src/registerBank.v:56$28_EN[15:0]$51 [0] $flatten\regfile.$0$memwr$\registerFile$/openlane/designs/my_processor/new_src/registerBank.v:56$28_EN[15:0]$51 [0] }
    Consolidated identical input bits for $mux cell $flatten\regfile.$procmux$745:
      Old ports: A=16'0000000000000000, B=16'1111111111111111, Y=$flatten\regfile.$0$memwr$\registerFile$/openlane/designs/my_processor/new_src/registerBank.v:56$27_EN[15:0]$50
      New ports: A=1'0, B=1'1, Y=$flatten\regfile.$0$memwr$\registerFile$/openlane/designs/my_processor/new_src/registerBank.v:56$27_EN[15:0]$50 [0]
      New connections: $flatten\regfile.$0$memwr$\registerFile$/openlane/designs/my_processor/new_src/registerBank.v:56$27_EN[15:0]$50 [15:1] = { $flatten\regfile.$0$memwr$\registerFile$/openlane/designs/my_processor/new_src/registerBank.v:56$27_EN[15:0]$50 [0] $flatten\regfile.$0$memwr$\registerFile$/openlane/designs/my_processor/new_src/registerBank.v:56$27_EN[15:0]$50 [0] $flatten\regfile.$0$memwr$\registerFile$/openlane/designs/my_processor/new_src/registerBank.v:56$27_EN[15:0]$50 [0] $flatten\regfile.$0$memwr$\registerFile$/openlane/designs/my_processor/new_src/registerBank.v:56$27_EN[15:0]$50 [0] $flatten\regfile.$0$memwr$\registerFile$/openlane/designs/my_processor/new_src/registerBank.v:56$27_EN[15:0]$50 [0] $flatten\regfile.$0$memwr$\registerFile$/openlane/designs/my_processor/new_src/registerBank.v:56$27_EN[15:0]$50 [0] $flatten\regfile.$0$memwr$\registerFile$/openlane/designs/my_processor/new_src/registerBank.v:56$27_EN[15:0]$50 [0] $flatten\regfile.$0$memwr$\registerFile$/openlane/designs/my_processor/new_src/registerBank.v:56$27_EN[15:0]$50 [0] $flatten\regfile.$0$memwr$\registerFile$/openlane/designs/my_processor/new_src/registerBank.v:56$27_EN[15:0]$50 [0] $flatten\regfile.$0$memwr$\registerFile$/openlane/designs/my_processor/new_src/registerBank.v:56$27_EN[15:0]$50 [0] $flatten\regfile.$0$memwr$\registerFile$/openlane/designs/my_processor/new_src/registerBank.v:56$27_EN[15:0]$50 [0] $flatten\regfile.$0$memwr$\registerFile$/openlane/designs/my_processor/new_src/registerBank.v:56$27_EN[15:0]$50 [0] $flatten\regfile.$0$memwr$\registerFile$/openlane/designs/my_processor/new_src/registerBank.v:56$27_EN[15:0]$50 [0] $flatten\regfile.$0$memwr$\registerFile$/openlane/designs/my_processor/new_src/registerBank.v:56$27_EN[15:0]$50 [0] $flatten\regfile.$0$memwr$\registerFile$/openlane/designs/my_processor/new_src/registerBank.v:56$27_EN[15:0]$50 [0] }
  Optimizing cells in module \pipelined_processor.
    Consolidated identical input bits for $mux cell $flatten\regfile.$procmux$748:
      Old ports: A=$flatten\regfile.$2$memwr$\registerFile$/openlane/designs/my_processor/new_src/registerBank.v:59$35_EN[15:0]$76, B=16'0000000000000000, Y=$flatten\regfile.$0$memwr$\registerFile$/openlane/designs/my_processor/new_src/registerBank.v:59$35_EN[15:0]$60
      New ports: A=$flatten\regfile.$procmux$703_Y [0], B=1'0, Y=$flatten\regfile.$0$memwr$\registerFile$/openlane/designs/my_processor/new_src/registerBank.v:59$35_EN[15:0]$60 [0]
      New connections: $flatten\regfile.$0$memwr$\registerFile$/openlane/designs/my_processor/new_src/registerBank.v:59$35_EN[15:0]$60 [15:1] = { $flatten\regfile.$0$memwr$\registerFile$/openlane/designs/my_processor/new_src/registerBank.v:59$35_EN[15:0]$60 [0] $flatten\regfile.$0$memwr$\registerFile$/openlane/designs/my_processor/new_src/registerBank.v:59$35_EN[15:0]$60 [0] $flatten\regfile.$0$memwr$\registerFile$/openlane/designs/my_processor/new_src/registerBank.v:59$35_EN[15:0]$60 [0] $flatten\regfile.$0$memwr$\registerFile$/openlane/designs/my_processor/new_src/registerBank.v:59$35_EN[15:0]$60 [0] $flatten\regfile.$0$memwr$\registerFile$/openlane/designs/my_processor/new_src/registerBank.v:59$35_EN[15:0]$60 [0] $flatten\regfile.$0$memwr$\registerFile$/openlane/designs/my_processor/new_src/registerBank.v:59$35_EN[15:0]$60 [0] $flatten\regfile.$0$memwr$\registerFile$/openlane/designs/my_processor/new_src/registerBank.v:59$35_EN[15:0]$60 [0] $flatten\regfile.$0$memwr$\registerFile$/openlane/designs/my_processor/new_src/registerBank.v:59$35_EN[15:0]$60 [0] $flatten\regfile.$0$memwr$\registerFile$/openlane/designs/my_processor/new_src/registerBank.v:59$35_EN[15:0]$60 [0] $flatten\regfile.$0$memwr$\registerFile$/openlane/designs/my_processor/new_src/registerBank.v:59$35_EN[15:0]$60 [0] $flatten\regfile.$0$memwr$\registerFile$/openlane/designs/my_processor/new_src/registerBank.v:59$35_EN[15:0]$60 [0] $flatten\regfile.$0$memwr$\registerFile$/openlane/designs/my_processor/new_src/registerBank.v:59$35_EN[15:0]$60 [0] $flatten\regfile.$0$memwr$\registerFile$/openlane/designs/my_processor/new_src/registerBank.v:59$35_EN[15:0]$60 [0] $flatten\regfile.$0$memwr$\registerFile$/openlane/designs/my_processor/new_src/registerBank.v:59$35_EN[15:0]$60 [0] $flatten\regfile.$0$memwr$\registerFile$/openlane/designs/my_processor/new_src/registerBank.v:59$35_EN[15:0]$60 [0] }
  Optimizing cells in module \pipelined_processor.
Performed a total of 13 changes.

35.5. Executing OPT_MERGE pass (detect identical cells).
Finding identical cells in module `\pipelined_processor'.
<suppressed ~42 debug messages>
Removed a total of 14 cells.

35.6. Executing OPT_DFF pass (perform DFF optimizations).

35.7. Executing OPT_CLEAN pass (remove unused cells and wires).
Finding unused cells or wires in module \pipelined_processor..
Removed 0 unused cells and 86 unused wires.
<suppressed ~1 debug messages>

35.8. Executing OPT_EXPR pass (perform const folding).
Optimizing module pipelined_processor.

35.9. Rerunning OPT passes. (Maybe there is more to do..)

35.10. Executing OPT_MUXTREE pass (detect dead branches in mux trees).
Running muxtree optimizer on module \pipelined_processor..
  Creating internal representation of mux trees.
  Evaluating internal representation of mux trees.
  Analyzing evaluation results.
Removed 0 multiplexer ports.
<suppressed ~54 debug messages>

35.11. Executing OPT_REDUCE pass (consolidate $*mux and $reduce_* inputs).
  Optimizing cells in module \pipelined_processor.
    New ctrl vector for $pmux cell $flatten\actl.$procmux$892: { $auto$opt_reduce.cc:134:opt_pmux$997 $flatten\actl.$procmux$809_CMP $flatten\actl.$procmux$780_CMP $flatten\actl.$procmux$767_CMP }
    New ctrl vector for $pmux cell $flatten\actl.$procmux$899: { $flatten\actl.$procmux$809_CMP $flatten\actl.$procmux$780_CMP $auto$opt_reduce.cc:134:opt_pmux$999 }
    New ctrl vector for $pmux cell $flatten\actl.$procmux$907: { $auto$opt_reduce.cc:134:opt_pmux$1001 $flatten\actl.$procmux$809_CMP $flatten\actl.$procmux$780_CMP }
  Optimizing cells in module \pipelined_processor.
Performed a total of 3 changes.

35.12. Executing OPT_MERGE pass (detect identical cells).
Finding identical cells in module `\pipelined_processor'.
<suppressed ~3 debug messages>
Removed a total of 1 cells.

35.13. Executing OPT_DFF pass (perform DFF optimizations).

35.14. Executing OPT_CLEAN pass (remove unused cells and wires).
Finding unused cells or wires in module \pipelined_processor..
Removed 0 unused cells and 1 unused wires.
<suppressed ~1 debug messages>

35.15. Executing OPT_EXPR pass (perform const folding).
Optimizing module pipelined_processor.

35.16. Rerunning OPT passes. (Maybe there is more to do..)

35.17. Executing OPT_MUXTREE pass (detect dead branches in mux trees).
Running muxtree optimizer on module \pipelined_processor..
  Creating internal representation of mux trees.
  Evaluating internal representation of mux trees.
  Analyzing evaluation results.
Removed 0 multiplexer ports.
<suppressed ~54 debug messages>

35.18. Executing OPT_REDUCE pass (consolidate $*mux and $reduce_* inputs).
  Optimizing cells in module \pipelined_processor.
Performed a total of 0 changes.

35.19. Executing OPT_MERGE pass (detect identical cells).
Finding identical cells in module `\pipelined_processor'.
Removed a total of 0 cells.

35.20. Executing OPT_DFF pass (perform DFF optimizations).

35.21. Executing OPT_CLEAN pass (remove unused cells and wires).
Finding unused cells or wires in module \pipelined_processor..

35.22. Executing OPT_EXPR pass (perform const folding).
Optimizing module pipelined_processor.

35.23. Finished OPT passes. (There is nothing left to do.)

36. Executing FSM pass (extract and optimize FSM).

36.1. Executing FSM_DETECT pass (finding FSMs in design).

36.2. Executing FSM_EXTRACT pass (extracting FSM from design).

36.3. Executing FSM_OPT pass (simple optimizations of FSMs).

36.4. Executing OPT_CLEAN pass (remove unused cells and wires).
Finding unused cells or wires in module \pipelined_processor..

36.5. Executing FSM_OPT pass (simple optimizations of FSMs).

36.6. Executing FSM_RECODE pass (re-assigning FSM state encoding).

36.7. Executing FSM_INFO pass (dumping all available information on FSM cells).

36.8. Executing FSM_MAP pass (mapping FSMs to basic logic).

37. Executing OPT pass (performing simple optimizations).

37.1. Executing OPT_EXPR pass (perform const folding).
Optimizing module pipelined_processor.

37.2. Executing OPT_MERGE pass (detect identical cells).
Finding identical cells in module `\pipelined_processor'.
Removed a total of 0 cells.

37.3. Executing OPT_MUXTREE pass (detect dead branches in mux trees).
Running muxtree optimizer on module \pipelined_processor..
  Creating internal representation of mux trees.
  Evaluating internal representation of mux trees.
  Analyzing evaluation results.
Removed 0 multiplexer ports.
<suppressed ~54 debug messages>

37.4. Executing OPT_REDUCE pass (consolidate $*mux and $reduce_* inputs).
  Optimizing cells in module \pipelined_processor.
Performed a total of 0 changes.

37.5. Executing OPT_MERGE pass (detect identical cells).
Finding identical cells in module `\pipelined_processor'.
Removed a total of 0 cells.

37.6. Executing OPT_DFF pass (perform DFF optimizations).
Adding SRST signal on $procdff$938 ($dff) from module pipelined_processor (D = $procmux$477_Y, Q = \stall_pending, rval = 1'0).
Adding SRST signal on $flatten\zero_reg.$procdff$937 ($dff) from module pipelined_processor (D = $flatten\zero_reg.$procmux$466_Y, Q = \zero_reg.out, rval = 1'0).
Adding EN signal on $auto$ff.cc:266:slice$1003 ($sdff) from module pipelined_processor (D = \zero_reg.in, Q = \zero_reg.out).
Adding SRST signal on $flatten\rr_ex_reg.$procdff$956 ($dff) from module pipelined_processor (D = $flatten\rr_ex_reg.$procmux$595_Y, Q = \rr_ex_reg.RF_A2_Out, rval = 3'000).
Adding EN signal on $auto$ff.cc:266:slice$1009 ($sdff) from module pipelined_processor (D = \regfile.readAddress2, Q = \rr_ex_reg.RF_A2_Out).
Adding SRST signal on $flatten\rr_ex_reg.$procdff$955 ($dff) from module pipelined_processor (D = $flatten\rr_ex_reg.$procmux$600_Y, Q = \rr_ex_reg.RF_A1_Out, rval = 3'000).
Adding EN signal on $auto$ff.cc:266:slice$1011 ($sdff) from module pipelined_processor (D = \regfile.readAddress1, Q = \rr_ex_reg.RF_A1_Out).
Adding SRST signal on $flatten\rr_ex_reg.$procdff$954 ($dff) from module pipelined_processor (D = $flatten\rr_ex_reg.$procmux$605_Y, Q = \rr_ex_reg.RF_D2_Out, rval = 16'0000000000000000).
Adding EN signal on $auto$ff.cc:266:slice$1013 ($sdff) from module pipelined_processor (D = \rr_ex_reg.RF_D2_In, Q = \rr_ex_reg.RF_D2_Out).
Adding SRST signal on $flatten\rr_ex_reg.$procdff$953 ($dff) from module pipelined_processor (D = $flatten\rr_ex_reg.$procmux$610_Y, Q = \rr_ex_reg.RF_D1_Out, rval = 16'0000000000000000).
Adding EN signal on $auto$ff.cc:266:slice$1015 ($sdff) from module pipelined_processor (D = \rr_ex_reg.RF_D1_In, Q = \rr_ex_reg.RF_D1_Out).
Adding SRST signal on $flatten\rr_ex_reg.$procdff$952 ($dff) from module pipelined_processor (D = $flatten\rr_ex_reg.$procmux$615_Y, Q = \rr_ex_reg.cntrl_out, rval = 10'0000000000).
Adding EN signal on $auto$ff.cc:266:slice$1017 ($sdff) from module pipelined_processor (D = \rr_ex_reg.cntrl_in, Q = \rr_ex_reg.cntrl_out).
Adding SRST signal on $flatten\rr_ex_reg.$procdff$951 ($dff) from module pipelined_processor (D = $flatten\rr_ex_reg.$procmux$620_Y, Q = \rr_ex_reg.instr_out, rval = 16'0000000000000000).
Adding EN signal on $auto$ff.cc:266:slice$1019 ($sdff) from module pipelined_processor (D = \rr_ex_reg.instr_in, Q = \rr_ex_reg.instr_out).
Adding SRST signal on $flatten\rr_ex_reg.$procdff$950 ($dff) from module pipelined_processor (D = $flatten\rr_ex_reg.$procmux$625_Y, Q = \rr_ex_reg.pc_next_out, rval = 16'0000000000000000).
Adding EN signal on $auto$ff.cc:266:slice$1021 ($sdff) from module pipelined_processor (D = \id_rr_reg.pc_next_out, Q = \rr_ex_reg.pc_next_out).
Adding SRST signal on $flatten\program_counter.$procdff$982 ($dff) from module pipelined_processor (D = $flatten\program_counter.$procmux$756_Y, Q = \program_counter.out, rval = 16'0000000000000000).
Adding EN signal on $auto$ff.cc:266:slice$1023 ($sdff) from module pipelined_processor (D = \program_counter.in, Q = \program_counter.out).
Adding SRST signal on $flatten\mm_wb_reg.$procdff$942 ($dff) from module pipelined_processor (D = $flatten\mm_wb_reg.$procmux$545_Y, Q = \mm_wb_reg.RegWrite_Out, rval = 1'0).
Adding EN signal on $auto$ff.cc:266:slice$1025 ($sdff) from module pipelined_processor (D = \ex_mm_reg.Control_Out [2], Q = \mm_wb_reg.RegWrite_Out).
Adding SRST signal on $flatten\mm_wb_reg.$procdff$941 ($dff) from module pipelined_processor (D = $flatten\mm_wb_reg.$procmux$550_Y, Q = \mm_wb_reg.Rd_Data_Out_PR, rval = 16'0000000000000000).
Adding EN signal on $auto$ff.cc:266:slice$1027 ($sdff) from module pipelined_processor (D = \mm_wb_reg.Rd_Data_In_From_Mem, Q = \mm_wb_reg.Rd_Data_Out_PR).
Adding SRST signal on $flatten\mm_wb_reg.$procdff$940 ($dff) from module pipelined_processor (D = $flatten\mm_wb_reg.$procmux$555_Y, Q = \mm_wb_reg.Rd_Addr_Out_PR, rval = 3'000).
Adding EN signal on $auto$ff.cc:266:slice$1029 ($sdff) from module pipelined_processor (D = \ex_mm_reg.Rd_Addr_Out_PR, Q = \mm_wb_reg.Rd_Addr_Out_PR).
Adding SRST signal on $flatten\if_id_reg.$procdff$963 ($dff) from module pipelined_processor (D = $flatten\if_id_reg.$procmux$655_Y, Q = \if_id_reg.Instr_Out, rval = 16'0000000000000000).
Adding EN signal on $auto$ff.cc:266:slice$1031 ($sdff) from module pipelined_processor (D = \if_id_reg.Instr_In, Q = \if_id_reg.Instr_Out).
Adding SRST signal on $flatten\if_id_reg.$procdff$962 ($dff) from module pipelined_processor (D = $flatten\if_id_reg.$procmux$660_Y, Q = \if_id_reg.PC_Next_Out, rval = 16'0000000000000000).
Adding EN signal on $auto$ff.cc:266:slice$1033 ($sdff) from module pipelined_processor (D = \if_id_reg.PC_Next_In, Q = \if_id_reg.PC_Next_Out).
Adding SRST signal on $flatten\id_rr_reg.$procdff$959 ($dff) from module pipelined_processor (D = $flatten\id_rr_reg.$procmux$640_Y, Q = \id_rr_reg.instr_out, rval = 16'0000000000000000).
Adding EN signal on $auto$ff.cc:266:slice$1035 ($sdff) from module pipelined_processor (D = \if_id_reg.Instr_Out, Q = \id_rr_reg.instr_out).
Adding SRST signal on $flatten\id_rr_reg.$procdff$958 ($dff) from module pipelined_processor (D = $flatten\id_rr_reg.$procmux$645_Y, Q = \id_rr_reg.pc_next_out, rval = 16'0000000000000000).
Adding EN signal on $auto$ff.cc:266:slice$1037 ($sdff) from module pipelined_processor (D = \if_id_reg.PC_Next_Out, Q = \id_rr_reg.pc_next_out).
Adding SRST signal on $flatten\ex_mm_reg.$procdff$948 ($dff) from module pipelined_processor (D = $flatten\ex_mm_reg.$procmux$565_Y, Q = \ex_mm_reg.ALU_Result_Out, rval = 16'0000000000000000).
Adding EN signal on $auto$ff.cc:266:slice$1039 ($sdff) from module pipelined_processor (D = \ex_mm_reg.ALU_Result_In, Q = \ex_mm_reg.ALU_Result_Out).
Adding SRST signal on $flatten\ex_mm_reg.$procdff$947 ($dff) from module pipelined_processor (D = $flatten\ex_mm_reg.$procmux$570_Y, Q = \ex_mm_reg.Rd_Data_Out_PR, rval = 16'0000000000000000).
Adding EN signal on $auto$ff.cc:266:slice$1041 ($sdff) from module pipelined_processor (D = \ex_mm_reg.Rd_Data_In_From_Ex, Q = \ex_mm_reg.Rd_Data_Out_PR).
Adding SRST signal on $flatten\ex_mm_reg.$procdff$946 ($dff) from module pipelined_processor (D = $flatten\ex_mm_reg.$procmux$575_Y, Q = \ex_mm_reg.Rd_Addr_Out_PR, rval = 3'000).
Adding EN signal on $auto$ff.cc:266:slice$1043 ($sdff) from module pipelined_processor (D = \ex_mm_reg.Rd_Addr_In_From_Ex, Q = \ex_mm_reg.Rd_Addr_Out_PR).
Adding SRST signal on $flatten\ex_mm_reg.$procdff$945 ($dff) from module pipelined_processor (D = $flatten\ex_mm_reg.$procmux$580_Y, Q = \ex_mm_reg.Control_Out, rval = 3'000).
Adding EN signal on $auto$ff.cc:266:slice$1045 ($sdff) from module pipelined_processor (D = { \actl.reg_write_enable_out \rr_ex_reg.cntrl_out [1:0] }, Q = \ex_mm_reg.Control_Out).
Adding SRST signal on $flatten\ex_mm_reg.$procdff$944 ($dff) from module pipelined_processor (D = $flatten\ex_mm_reg.$procmux$585_Y, Q = \ex_mm_reg.RF_D2_Out, rval = 16'0000000000000000).
Adding EN signal on $auto$ff.cc:266:slice$1047 ($sdff) from module pipelined_processor (D = \alu_srcb_mux.A, Q = \ex_mm_reg.RF_D2_Out).
Adding SRST signal on $flatten\ex_mm_reg.$procdff$943 ($dff) from module pipelined_processor (D = $flatten\ex_mm_reg.$procmux$590_Y, Q = \ex_mm_reg.Instr_Out, rval = 16'0000000000000000).
Adding EN signal on $auto$ff.cc:266:slice$1049 ($sdff) from module pipelined_processor (D = \rr_ex_reg.instr_out, Q = \ex_mm_reg.Instr_Out).
Adding SRST signal on $flatten\carry_reg.$procdff$937 ($dff) from module pipelined_processor (D = $flatten\carry_reg.$procmux$466_Y, Q = \carry_reg.out, rval = 1'0).
Adding EN signal on $auto$ff.cc:266:slice$1051 ($sdff) from module pipelined_processor (D = \carry_reg.in, Q = \carry_reg.out).

37.7. Executing OPT_CLEAN pass (remove unused cells and wires).
Finding unused cells or wires in module \pipelined_processor..
Removed 47 unused cells and 47 unused wires.
<suppressed ~48 debug messages>

37.8. Executing OPT_EXPR pass (perform const folding).
Optimizing module pipelined_processor.
<suppressed ~1 debug messages>

37.9. Rerunning OPT passes. (Maybe there is more to do..)

37.10. Executing OPT_MUXTREE pass (detect dead branches in mux trees).
Running muxtree optimizer on module \pipelined_processor..
  Creating internal representation of mux trees.
  Evaluating internal representation of mux trees.
  Analyzing evaluation results.
Removed 0 multiplexer ports.
<suppressed ~41 debug messages>

37.11. Executing OPT_REDUCE pass (consolidate $*mux and $reduce_* inputs).
  Optimizing cells in module \pipelined_processor.
Performed a total of 0 changes.

37.12. Executing OPT_MERGE pass (detect identical cells).
Finding identical cells in module `\pipelined_processor'.
Removed a total of 0 cells.

37.13. Executing OPT_DFF pass (perform DFF optimizations).

37.14. Executing OPT_CLEAN pass (remove unused cells and wires).
Finding unused cells or wires in module \pipelined_processor..

37.15. Executing OPT_EXPR pass (perform const folding).
Optimizing module pipelined_processor.

37.16. Finished OPT passes. (There is nothing left to do.)

38. Executing WREDUCE pass (reducing word size of cells).
Removed top 28 address bits (of 32) from memory init port pipelined_processor.$flatten\ctrl_dec_rr.$auto$mem.cc:319:emit$465 ($flatten\ctrl_dec_rr.$auto$proc_rom.cc:150:do_switch$463).
Removed top 26 address bits (of 32) from memory init port pipelined_processor.$flatten\dmem.$meminit$\ram$/openlane/designs/my_processor/new_src/dataMem.v:19$174 (dmem.ram).
Removed top 26 address bits (of 32) from memory init port pipelined_processor.$flatten\dmem.$meminit$\ram$/openlane/designs/my_processor/new_src/dataMem.v:19$175 (dmem.ram).
Removed top 26 address bits (of 32) from memory init port pipelined_processor.$flatten\dmem.$meminit$\ram$/openlane/designs/my_processor/new_src/dataMem.v:19$176 (dmem.ram).
Removed top 26 address bits (of 32) from memory init port pipelined_processor.$flatten\dmem.$meminit$\ram$/openlane/designs/my_processor/new_src/dataMem.v:19$177 (dmem.ram).
Removed top 26 address bits (of 32) from memory init port pipelined_processor.$flatten\dmem.$meminit$\ram$/openlane/designs/my_processor/new_src/dataMem.v:19$178 (dmem.ram).
Removed top 26 address bits (of 32) from memory init port pipelined_processor.$flatten\dmem.$meminit$\ram$/openlane/designs/my_processor/new_src/dataMem.v:19$179 (dmem.ram).
Removed top 26 address bits (of 32) from memory init port pipelined_processor.$flatten\dmem.$meminit$\ram$/openlane/designs/my_processor/new_src/dataMem.v:19$180 (dmem.ram).
Removed top 26 address bits (of 32) from memory init port pipelined_processor.$flatten\dmem.$meminit$\ram$/openlane/designs/my_processor/new_src/dataMem.v:19$181 (dmem.ram).
Removed top 26 address bits (of 32) from memory init port pipelined_processor.$flatten\dmem.$meminit$\ram$/openlane/designs/my_processor/new_src/dataMem.v:19$182 (dmem.ram).
Removed top 26 address bits (of 32) from memory init port pipelined_processor.$flatten\dmem.$meminit$\ram$/openlane/designs/my_processor/new_src/dataMem.v:19$183 (dmem.ram).
Removed top 26 address bits (of 32) from memory init port pipelined_processor.$flatten\dmem.$meminit$\ram$/openlane/designs/my_processor/new_src/dataMem.v:19$184 (dmem.ram).
Removed top 26 address bits (of 32) from memory init port pipelined_processor.$flatten\dmem.$meminit$\ram$/openlane/designs/my_processor/new_src/dataMem.v:19$185 (dmem.ram).
Removed top 26 address bits (of 32) from memory init port pipelined_processor.$flatten\dmem.$meminit$\ram$/openlane/designs/my_processor/new_src/dataMem.v:19$186 (dmem.ram).
Removed top 26 address bits (of 32) from memory init port pipelined_processor.$flatten\dmem.$meminit$\ram$/openlane/designs/my_processor/new_src/dataMem.v:19$187 (dmem.ram).
Removed top 26 address bits (of 32) from memory init port pipelined_processor.$flatten\dmem.$meminit$\ram$/openlane/designs/my_processor/new_src/dataMem.v:19$188 (dmem.ram).
Removed top 26 address bits (of 32) from memory init port pipelined_processor.$flatten\dmem.$meminit$\ram$/openlane/designs/my_processor/new_src/dataMem.v:19$189 (dmem.ram).
Removed top 26 address bits (of 32) from memory init port pipelined_processor.$flatten\dmem.$meminit$\ram$/openlane/designs/my_processor/new_src/dataMem.v:19$190 (dmem.ram).
Removed top 26 address bits (of 32) from memory init port pipelined_processor.$flatten\dmem.$meminit$\ram$/openlane/designs/my_processor/new_src/dataMem.v:19$191 (dmem.ram).
Removed top 26 address bits (of 32) from memory init port pipelined_processor.$flatten\dmem.$meminit$\ram$/openlane/designs/my_processor/new_src/dataMem.v:19$192 (dmem.ram).
Removed top 26 address bits (of 32) from memory init port pipelined_processor.$flatten\dmem.$meminit$\ram$/openlane/designs/my_processor/new_src/dataMem.v:19$193 (dmem.ram).
Removed top 26 address bits (of 32) from memory init port pipelined_processor.$flatten\dmem.$meminit$\ram$/openlane/designs/my_processor/new_src/dataMem.v:19$194 (dmem.ram).
Removed top 26 address bits (of 32) from memory init port pipelined_processor.$flatten\dmem.$meminit$\ram$/openlane/designs/my_processor/new_src/dataMem.v:19$195 (dmem.ram).
Removed top 26 address bits (of 32) from memory init port pipelined_processor.$flatten\dmem.$meminit$\ram$/openlane/designs/my_processor/new_src/dataMem.v:19$196 (dmem.ram).
Removed top 26 address bits (of 32) from memory init port pipelined_processor.$flatten\dmem.$meminit$\ram$/openlane/designs/my_processor/new_src/dataMem.v:19$197 (dmem.ram).
Removed top 26 address bits (of 32) from memory init port pipelined_processor.$flatten\dmem.$meminit$\ram$/openlane/designs/my_processor/new_src/dataMem.v:19$198 (dmem.ram).
Removed top 26 address bits (of 32) from memory init port pipelined_processor.$flatten\dmem.$meminit$\ram$/openlane/designs/my_processor/new_src/dataMem.v:19$199 (dmem.ram).
Removed top 26 address bits (of 32) from memory init port pipelined_processor.$flatten\dmem.$meminit$\ram$/openlane/designs/my_processor/new_src/dataMem.v:19$200 (dmem.ram).
Removed top 26 address bits (of 32) from memory init port pipelined_processor.$flatten\dmem.$meminit$\ram$/openlane/designs/my_processor/new_src/dataMem.v:19$201 (dmem.ram).
Removed top 26 address bits (of 32) from memory init port pipelined_processor.$flatten\dmem.$meminit$\ram$/openlane/designs/my_processor/new_src/dataMem.v:19$202 (dmem.ram).
Removed top 26 address bits (of 32) from memory init port pipelined_processor.$flatten\dmem.$meminit$\ram$/openlane/designs/my_processor/new_src/dataMem.v:19$203 (dmem.ram).
Removed top 26 address bits (of 32) from memory init port pipelined_processor.$flatten\dmem.$meminit$\ram$/openlane/designs/my_processor/new_src/dataMem.v:19$204 (dmem.ram).
Removed top 26 address bits (of 32) from memory init port pipelined_processor.$flatten\dmem.$meminit$\ram$/openlane/designs/my_processor/new_src/dataMem.v:19$205 (dmem.ram).
Removed top 26 address bits (of 32) from memory init port pipelined_processor.$flatten\dmem.$meminit$\ram$/openlane/designs/my_processor/new_src/dataMem.v:19$206 (dmem.ram).
Removed top 26 address bits (of 32) from memory init port pipelined_processor.$flatten\dmem.$meminit$\ram$/openlane/designs/my_processor/new_src/dataMem.v:19$207 (dmem.ram).
Removed top 26 address bits (of 32) from memory init port pipelined_processor.$flatten\dmem.$meminit$\ram$/openlane/designs/my_processor/new_src/dataMem.v:19$208 (dmem.ram).
Removed top 26 address bits (of 32) from memory init port pipelined_processor.$flatten\dmem.$meminit$\ram$/openlane/designs/my_processor/new_src/dataMem.v:19$209 (dmem.ram).
Removed top 26 address bits (of 32) from memory init port pipelined_processor.$flatten\dmem.$meminit$\ram$/openlane/designs/my_processor/new_src/dataMem.v:19$210 (dmem.ram).
Removed top 26 address bits (of 32) from memory init port pipelined_processor.$flatten\dmem.$meminit$\ram$/openlane/designs/my_processor/new_src/dataMem.v:19$211 (dmem.ram).
Removed top 26 address bits (of 32) from memory init port pipelined_processor.$flatten\dmem.$meminit$\ram$/openlane/designs/my_processor/new_src/dataMem.v:19$212 (dmem.ram).
Removed top 26 address bits (of 32) from memory init port pipelined_processor.$flatten\dmem.$meminit$\ram$/openlane/designs/my_processor/new_src/dataMem.v:19$213 (dmem.ram).
Removed top 26 address bits (of 32) from memory init port pipelined_processor.$flatten\dmem.$meminit$\ram$/openlane/designs/my_processor/new_src/dataMem.v:19$214 (dmem.ram).
Removed top 26 address bits (of 32) from memory init port pipelined_processor.$flatten\dmem.$meminit$\ram$/openlane/designs/my_processor/new_src/dataMem.v:19$215 (dmem.ram).
Removed top 26 address bits (of 32) from memory init port pipelined_processor.$flatten\dmem.$meminit$\ram$/openlane/designs/my_processor/new_src/dataMem.v:19$216 (dmem.ram).
Removed top 26 address bits (of 32) from memory init port pipelined_processor.$flatten\dmem.$meminit$\ram$/openlane/designs/my_processor/new_src/dataMem.v:19$217 (dmem.ram).
Removed top 26 address bits (of 32) from memory init port pipelined_processor.$flatten\dmem.$meminit$\ram$/openlane/designs/my_processor/new_src/dataMem.v:19$218 (dmem.ram).
Removed top 26 address bits (of 32) from memory init port pipelined_processor.$flatten\dmem.$meminit$\ram$/openlane/designs/my_processor/new_src/dataMem.v:19$219 (dmem.ram).
Removed top 26 address bits (of 32) from memory init port pipelined_processor.$flatten\dmem.$meminit$\ram$/openlane/designs/my_processor/new_src/dataMem.v:19$220 (dmem.ram).
Removed top 26 address bits (of 32) from memory init port pipelined_processor.$flatten\dmem.$meminit$\ram$/openlane/designs/my_processor/new_src/dataMem.v:19$221 (dmem.ram).
Removed top 26 address bits (of 32) from memory init port pipelined_processor.$flatten\dmem.$meminit$\ram$/openlane/designs/my_processor/new_src/dataMem.v:19$222 (dmem.ram).
Removed top 26 address bits (of 32) from memory init port pipelined_processor.$flatten\dmem.$meminit$\ram$/openlane/designs/my_processor/new_src/dataMem.v:19$223 (dmem.ram).
Removed top 26 address bits (of 32) from memory init port pipelined_processor.$flatten\dmem.$meminit$\ram$/openlane/designs/my_processor/new_src/dataMem.v:19$224 (dmem.ram).
Removed top 26 address bits (of 32) from memory init port pipelined_processor.$flatten\dmem.$meminit$\ram$/openlane/designs/my_processor/new_src/dataMem.v:19$225 (dmem.ram).
Removed top 26 address bits (of 32) from memory init port pipelined_processor.$flatten\dmem.$meminit$\ram$/openlane/designs/my_processor/new_src/dataMem.v:19$226 (dmem.ram).
Removed top 26 address bits (of 32) from memory init port pipelined_processor.$flatten\dmem.$meminit$\ram$/openlane/designs/my_processor/new_src/dataMem.v:19$227 (dmem.ram).
Removed top 26 address bits (of 32) from memory init port pipelined_processor.$flatten\dmem.$meminit$\ram$/openlane/designs/my_processor/new_src/dataMem.v:19$228 (dmem.ram).
Removed top 26 address bits (of 32) from memory init port pipelined_processor.$flatten\dmem.$meminit$\ram$/openlane/designs/my_processor/new_src/dataMem.v:19$229 (dmem.ram).
Removed top 26 address bits (of 32) from memory init port pipelined_processor.$flatten\dmem.$meminit$\ram$/openlane/designs/my_processor/new_src/dataMem.v:19$230 (dmem.ram).
Removed top 26 address bits (of 32) from memory init port pipelined_processor.$flatten\dmem.$meminit$\ram$/openlane/designs/my_processor/new_src/dataMem.v:19$231 (dmem.ram).
Removed top 26 address bits (of 32) from memory init port pipelined_processor.$flatten\dmem.$meminit$\ram$/openlane/designs/my_processor/new_src/dataMem.v:19$232 (dmem.ram).
Removed top 26 address bits (of 32) from memory init port pipelined_processor.$flatten\dmem.$meminit$\ram$/openlane/designs/my_processor/new_src/dataMem.v:19$233 (dmem.ram).
Removed top 26 address bits (of 32) from memory init port pipelined_processor.$flatten\dmem.$meminit$\ram$/openlane/designs/my_processor/new_src/dataMem.v:19$234 (dmem.ram).
Removed top 26 address bits (of 32) from memory init port pipelined_processor.$flatten\dmem.$meminit$\ram$/openlane/designs/my_processor/new_src/dataMem.v:19$235 (dmem.ram).
Removed top 26 address bits (of 32) from memory init port pipelined_processor.$flatten\dmem.$meminit$\ram$/openlane/designs/my_processor/new_src/dataMem.v:19$236 (dmem.ram).
Removed top 26 address bits (of 32) from memory init port pipelined_processor.$flatten\dmem.$meminit$\ram$/openlane/designs/my_processor/new_src/dataMem.v:19$237 (dmem.ram).
Removed top 28 address bits (of 32) from memory init port pipelined_processor.$flatten\imem.$meminit$\rom$/openlane/designs/my_processor/new_src/InstrMem.v:24$331 (imem.rom).
Removed top 28 address bits (of 32) from memory init port pipelined_processor.$flatten\imem.$meminit$\rom$/openlane/designs/my_processor/new_src/InstrMem.v:24$332 (imem.rom).
Removed top 28 address bits (of 32) from memory init port pipelined_processor.$flatten\imem.$meminit$\rom$/openlane/designs/my_processor/new_src/InstrMem.v:24$333 (imem.rom).
Removed top 28 address bits (of 32) from memory init port pipelined_processor.$flatten\imem.$meminit$\rom$/openlane/designs/my_processor/new_src/InstrMem.v:24$334 (imem.rom).
Removed top 28 address bits (of 32) from memory init port pipelined_processor.$flatten\imem.$meminit$\rom$/openlane/designs/my_processor/new_src/InstrMem.v:24$335 (imem.rom).
Removed top 28 address bits (of 32) from memory init port pipelined_processor.$flatten\imem.$meminit$\rom$/openlane/designs/my_processor/new_src/InstrMem.v:24$336 (imem.rom).
Removed top 28 address bits (of 32) from memory init port pipelined_processor.$flatten\imem.$meminit$\rom$/openlane/designs/my_processor/new_src/InstrMem.v:24$337 (imem.rom).
Removed top 28 address bits (of 32) from memory init port pipelined_processor.$flatten\imem.$meminit$\rom$/openlane/designs/my_processor/new_src/InstrMem.v:24$338 (imem.rom).
Removed top 28 address bits (of 32) from memory init port pipelined_processor.$flatten\imem.$meminit$\rom$/openlane/designs/my_processor/new_src/InstrMem.v:24$339 (imem.rom).
Removed top 28 address bits (of 32) from memory init port pipelined_processor.$flatten\imem.$meminit$\rom$/openlane/designs/my_processor/new_src/InstrMem.v:24$340 (imem.rom).
Removed top 28 address bits (of 32) from memory init port pipelined_processor.$flatten\imem.$meminit$\rom$/openlane/designs/my_processor/new_src/InstrMem.v:24$341 (imem.rom).
Removed top 28 address bits (of 32) from memory init port pipelined_processor.$flatten\imem.$meminit$\rom$/openlane/designs/my_processor/new_src/InstrMem.v:24$342 (imem.rom).
Removed top 28 address bits (of 32) from memory init port pipelined_processor.$flatten\imem.$meminit$\rom$/openlane/designs/my_processor/new_src/InstrMem.v:24$343 (imem.rom).
Removed top 28 address bits (of 32) from memory init port pipelined_processor.$flatten\imem.$meminit$\rom$/openlane/designs/my_processor/new_src/InstrMem.v:24$344 (imem.rom).
Removed top 28 address bits (of 32) from memory init port pipelined_processor.$flatten\imem.$meminit$\rom$/openlane/designs/my_processor/new_src/InstrMem.v:24$345 (imem.rom).
Removed top 28 address bits (of 32) from memory init port pipelined_processor.$flatten\imem.$meminit$\rom$/openlane/designs/my_processor/new_src/InstrMem.v:24$346 (imem.rom).
Removed top 29 address bits (of 32) from memory init port pipelined_processor.$flatten\regfile.$auto$proc_memwr.cc:45:proc_memwr$985 (regfile.registerFile_1).
Removed top 29 address bits (of 32) from memory init port pipelined_processor.$flatten\regfile.$auto$proc_memwr.cc:45:proc_memwr$986 (regfile.registerFile_1).
Removed top 29 address bits (of 32) from memory init port pipelined_processor.$flatten\regfile.$auto$proc_memwr.cc:45:proc_memwr$987 (regfile.registerFile_1).
Removed top 29 address bits (of 32) from memory init port pipelined_processor.$flatten\regfile.$auto$proc_memwr.cc:45:proc_memwr$988 (regfile.registerFile_1).
Removed top 29 address bits (of 32) from memory init port pipelined_processor.$flatten\regfile.$auto$proc_memwr.cc:45:proc_memwr$989 (regfile.registerFile_1).
Removed top 29 address bits (of 32) from memory init port pipelined_processor.$flatten\regfile.$auto$proc_memwr.cc:45:proc_memwr$990 (regfile.registerFile_1).
Removed top 29 address bits (of 32) from memory init port pipelined_processor.$flatten\regfile.$auto$proc_memwr.cc:45:proc_memwr$991 (regfile.registerFile_1).
Removed top 29 address bits (of 32) from memory init port pipelined_processor.$flatten\regfile.$auto$proc_memwr.cc:45:proc_memwr$992 (regfile.registerFile_1).
Removed top 29 address bits (of 32) from memory init port pipelined_processor.$flatten\regfile.$meminit$\registerFile$/openlane/designs/my_processor/new_src/registerBank.v:38$77 (regfile.registerFile_1).
Removed top 29 address bits (of 32) from memory init port pipelined_processor.$flatten\regfile.$meminit$\registerFile$/openlane/designs/my_processor/new_src/registerBank.v:38$78 (regfile.registerFile_1).
Removed top 29 address bits (of 32) from memory init port pipelined_processor.$flatten\regfile.$meminit$\registerFile$/openlane/designs/my_processor/new_src/registerBank.v:38$79 (regfile.registerFile_1).
Removed top 29 address bits (of 32) from memory init port pipelined_processor.$flatten\regfile.$meminit$\registerFile$/openlane/designs/my_processor/new_src/registerBank.v:38$80 (regfile.registerFile_1).
Removed top 29 address bits (of 32) from memory init port pipelined_processor.$flatten\regfile.$meminit$\registerFile$/openlane/designs/my_processor/new_src/registerBank.v:38$81 (regfile.registerFile_1).
Removed top 29 address bits (of 32) from memory init port pipelined_processor.$flatten\regfile.$meminit$\registerFile$/openlane/designs/my_processor/new_src/registerBank.v:38$82 (regfile.registerFile_1).
Removed top 29 address bits (of 32) from memory init port pipelined_processor.$flatten\regfile.$meminit$\registerFile$/openlane/designs/my_processor/new_src/registerBank.v:38$83 (regfile.registerFile_1).
Removed top 29 address bits (of 32) from memory init port pipelined_processor.$flatten\regfile.$meminit$\registerFile$/openlane/designs/my_processor/new_src/registerBank.v:38$84 (regfile.registerFile_1).
Removed top 31 bits (of 32) from port B of cell pipelined_processor.$add$/openlane/designs/my_processor/new_src/topModule.v:104$380 ($add).
Removed top 16 bits (of 32) from port Y of cell pipelined_processor.$add$/openlane/designs/my_processor/new_src/topModule.v:104$380 ($add).
Removed top 2 bits (of 4) from port B of cell pipelined_processor.$eq$/openlane/designs/my_processor/new_src/topModule.v:357$424 ($eq).
Removed top 1 bits (of 4) from port B of cell pipelined_processor.$eq$/openlane/designs/my_processor/new_src/topModule.v:434$433 ($eq).
Removed top 1 bits (of 4) from port B of cell pipelined_processor.$eq$/openlane/designs/my_processor/new_src/topModule.v:461$437 ($eq).
Removed top 15 bits (of 16) from mux cell pipelined_processor.$ternary$/openlane/designs/my_processor/new_src/topModule.v:482$453 ($mux).
Removed top 1 bits (of 2) from mux cell pipelined_processor.$procmux$540 ($mux).
Removed top 1 bits (of 2) from port A of cell pipelined_processor.$flatten\bjc.$eq$/openlane/designs/my_processor/new_src/branchJumpCtrl.v:10$95 ($eq).
Removed top 1 bits (of 2) from port B of cell pipelined_processor.$flatten\bjc.$eq$/openlane/designs/my_processor/new_src/branchJumpCtrl.v:10$95 ($eq).
Removed top 1 bits (of 2) from port B of cell pipelined_processor.$flatten\pc_mux.$procmux$673_CMP0 ($eq).
Removed top 1 bits (of 2) from port B of cell pipelined_processor.$flatten\alu_srcb_mux.$procmux$673_CMP0 ($eq).
Removed top 3 bits (of 6) from port B of cell pipelined_processor.$flatten\actl.$procmux$842_CMP0 ($eq).
Removed top 3 bits (of 6) from port B of cell pipelined_processor.$flatten\actl.$procmux$809_CMP0 ($eq).
Removed top 3 bits (of 6) from port B of cell pipelined_processor.$flatten\actl.$procmux$780_CMP0 ($eq).
Removed top 2 bits (of 6) from port B of cell pipelined_processor.$flatten\actl.$procmux$767_CMP0 ($eq).
Removed top 1 bits (of 2) from port B of cell pipelined_processor.$flatten\alu_exec.$procmux$920_CMP0 ($eq).
Removed top 1 bits (of 17) from port A of cell pipelined_processor.$flatten\alu_exec.$add$/openlane/designs/my_processor/new_src/ALU.v:23$2 ($add).
Removed top 1 bits (of 17) from port B of cell pipelined_processor.$flatten\alu_exec.$add$/openlane/designs/my_processor/new_src/ALU.v:23$2 ($add).
Removed top 1 bits (of 2) from port B of cell pipelined_processor.$flatten\rd_addr_mux.$procmux$474_CMP0 ($eq).
Removed top 10 bits (of 16) from FF cell pipelined_processor.$auto$ff.cc:266:slice$1040 ($sdffe).
Removed top 15 bits (of 16) from wire pipelined_processor.$extend$/openlane/designs/my_processor/new_src/topModule.v:482$452_Y.
Removed top 10 bits (of 16) from wire pipelined_processor.alu_from_ex_mm.
Removed top 1 bits (of 2) from wire pipelined_processor.pc_ctrl_id.

39. Executing PEEPOPT pass (run peephole optimizers).

40. Executing OPT_CLEAN pass (remove unused cells and wires).
Finding unused cells or wires in module \pipelined_processor..
Removed 0 unused cells and 4 unused wires.
<suppressed ~1 debug messages>

41. Executing ALUMACC pass (create $alu and $macc cells).
Extracting $alu and $macc cells in module pipelined_processor:
  creating $macc model for $add$/openlane/designs/my_processor/new_src/topModule.v:104$380 ($add).
  creating $macc model for $add$/openlane/designs/my_processor/new_src/topModule.v:173$387 ($add).
  creating $macc model for $add$/openlane/designs/my_processor/new_src/topModule.v:369$426 ($add).
  creating $macc model for $add$/openlane/designs/my_processor/new_src/topModule.v:386$431 ($add).
  creating $macc model for $flatten\alu_exec.$add$/openlane/designs/my_processor/new_src/ALU.v:23$2 ($add).
  creating $alu model for $macc $flatten\alu_exec.$add$/openlane/designs/my_processor/new_src/ALU.v:23$2.
  creating $alu model for $macc $add$/openlane/designs/my_processor/new_src/topModule.v:386$431.
  creating $alu model for $macc $add$/openlane/designs/my_processor/new_src/topModule.v:369$426.
  creating $alu model for $macc $add$/openlane/designs/my_processor/new_src/topModule.v:173$387.
  creating $alu model for $macc $add$/openlane/designs/my_processor/new_src/topModule.v:104$380.
  creating $alu cell for $add$/openlane/designs/my_processor/new_src/topModule.v:104$380: $auto$alumacc.cc:485:replace_alu$1056
  creating $alu cell for $add$/openlane/designs/my_processor/new_src/topModule.v:173$387: $auto$alumacc.cc:485:replace_alu$1059
  creating $alu cell for $add$/openlane/designs/my_processor/new_src/topModule.v:369$426: $auto$alumacc.cc:485:replace_alu$1062
  creating $alu cell for $add$/openlane/designs/my_processor/new_src/topModule.v:386$431: $auto$alumacc.cc:485:replace_alu$1065
  creating $alu cell for $flatten\alu_exec.$add$/openlane/designs/my_processor/new_src/ALU.v:23$2: $auto$alumacc.cc:485:replace_alu$1068
  created 5 $alu and 0 $macc cells.

42. Executing SHARE pass (SAT-based resource sharing).
Found 3 cells in module pipelined_processor that may be considered for resource sharing.
  Analyzing resource sharing options for $flatten\regfile.$memrd$\registerFile$/openlane/designs/my_processor/new_src/registerBank.v:49$46 ($memrd):
    Found 1 activation_patterns using ctrl signal { $flatten\regfile.$eq$/openlane/designs/my_processor/new_src/registerBank.v:47$43_Y $flatten\regfile.$logic_and$/openlane/designs/my_processor/new_src/registerBank.v:48$45_Y }.
    Found 1 candidates: $flatten\regfile.$memrd$\registerFile$/openlane/designs/my_processor/new_src/registerBank.v:45$40
    Analyzing resource sharing with $flatten\regfile.$memrd$\registerFile$/openlane/designs/my_processor/new_src/registerBank.v:45$40 ($memrd):
      Found 1 activation_patterns using ctrl signal { $flatten\regfile.$eq$/openlane/designs/my_processor/new_src/registerBank.v:43$37_Y $flatten\regfile.$logic_and$/openlane/designs/my_processor/new_src/registerBank.v:44$39_Y }.
      Activation pattern for cell $flatten\regfile.$memrd$\registerFile$/openlane/designs/my_processor/new_src/registerBank.v:49$46: { $flatten\regfile.$eq$/openlane/designs/my_processor/new_src/registerBank.v:47$43_Y $flatten\regfile.$logic_and$/openlane/designs/my_processor/new_src/registerBank.v:48$45_Y } = 2'00
      Activation pattern for cell $flatten\regfile.$memrd$\registerFile$/openlane/designs/my_processor/new_src/registerBank.v:45$40: { $flatten\regfile.$eq$/openlane/designs/my_processor/new_src/registerBank.v:43$37_Y $flatten\regfile.$logic_and$/openlane/designs/my_processor/new_src/registerBank.v:44$39_Y } = 2'00
      Size of SAT problem: 0 cells, 120 variables, 293 clauses
      According to the SAT solver this pair of cells can not be shared.
      Model from SAT solver: { $flatten\regfile.$eq$/openlane/designs/my_processor/new_src/registerBank.v:43$37_Y $flatten\regfile.$logic_and$/openlane/designs/my_processor/new_src/registerBank.v:44$39_Y $flatten\regfile.$eq$/openlane/designs/my_processor/new_src/registerBank.v:47$43_Y $flatten\regfile.$logic_and$/openlane/designs/my_processor/new_src/registerBank.v:48$45_Y } = 4'0000
  Analyzing resource sharing options for $flatten\regfile.$memrd$\registerFile$/openlane/designs/my_processor/new_src/registerBank.v:45$40 ($memrd):
    Found 1 activation_patterns using ctrl signal { $flatten\regfile.$eq$/openlane/designs/my_processor/new_src/registerBank.v:43$37_Y $flatten\regfile.$logic_and$/openlane/designs/my_processor/new_src/registerBank.v:44$39_Y }.
    No candidates found.
  Analyzing resource sharing options for $flatten\imem.$memrd$\rom$/openlane/designs/my_processor/new_src/InstrMem.v:33$329 ($memrd):
    Found 1 activation_patterns using ctrl signal { \ir_nop_mux.sel $flatten\imem.$eq$/openlane/designs/my_processor/new_src/InstrMem.v:33$328_Y }.
    No candidates found.

43. Executing OPT pass (performing simple optimizations).

43.1. Executing OPT_EXPR pass (perform const folding).
Optimizing module pipelined_processor.
<suppressed ~1 debug messages>

43.2. Executing OPT_MERGE pass (detect identical cells).
Finding identical cells in module `\pipelined_processor'.
Removed a total of 0 cells.

43.3. Executing OPT_MUXTREE pass (detect dead branches in mux trees).
Running muxtree optimizer on module \pipelined_processor..
  Creating internal representation of mux trees.
  Evaluating internal representation of mux trees.
  Analyzing evaluation results.
Removed 0 multiplexer ports.
<suppressed ~41 debug messages>

43.4. Executing OPT_REDUCE pass (consolidate $*mux and $reduce_* inputs).
  Optimizing cells in module \pipelined_processor.
Performed a total of 0 changes.

43.5. Executing OPT_MERGE pass (detect identical cells).
Finding identical cells in module `\pipelined_processor'.
<suppressed ~3 debug messages>
Removed a total of 1 cells.

43.6. Executing OPT_DFF pass (perform DFF optimizations).

43.7. Executing OPT_CLEAN pass (remove unused cells and wires).
Finding unused cells or wires in module \pipelined_processor..
Removed 0 unused cells and 1 unused wires.
<suppressed ~1 debug messages>

43.8. Executing OPT_EXPR pass (perform const folding).
Optimizing module pipelined_processor.

43.9. Rerunning OPT passes. (Maybe there is more to do..)

43.10. Executing OPT_MUXTREE pass (detect dead branches in mux trees).
Running muxtree optimizer on module \pipelined_processor..
  Creating internal representation of mux trees.
  Evaluating internal representation of mux trees.
  Analyzing evaluation results.
Removed 0 multiplexer ports.
<suppressed ~40 debug messages>

43.11. Executing OPT_REDUCE pass (consolidate $*mux and $reduce_* inputs).
  Optimizing cells in module \pipelined_processor.
Performed a total of 0 changes.

43.12. Executing OPT_MERGE pass (detect identical cells).
Finding identical cells in module `\pipelined_processor'.
Removed a total of 0 cells.

43.13. Executing OPT_DFF pass (perform DFF optimizations).

43.14. Executing OPT_CLEAN pass (remove unused cells and wires).
Finding unused cells or wires in module \pipelined_processor..

43.15. Executing OPT_EXPR pass (perform const folding).
Optimizing module pipelined_processor.

43.16. Finished OPT passes. (There is nothing left to do.)

44. Executing MEMORY pass.

44.1. Executing OPT_MEM pass (optimize memories).
Performed a total of 0 transformations.

44.2. Executing OPT_MEM_PRIORITY pass (removing unnecessary memory write priority relations).
Performed a total of 28 transformations.

44.3. Executing OPT_MEM_FEEDBACK pass (finding memory read-to-write feedback paths).
  Analyzing pipelined_processor.dmem.ram write port 0.
  Analyzing pipelined_processor.imem.rom write port 0.
  Analyzing pipelined_processor.regfile.registerFile_1 write port 0.
  Analyzing pipelined_processor.regfile.registerFile_1 write port 1.
  Analyzing pipelined_processor.regfile.registerFile_1 write port 2.
  Analyzing pipelined_processor.regfile.registerFile_1 write port 3.
  Analyzing pipelined_processor.regfile.registerFile_1 write port 4.
  Analyzing pipelined_processor.regfile.registerFile_1 write port 5.
  Analyzing pipelined_processor.regfile.registerFile_1 write port 6.
  Analyzing pipelined_processor.regfile.registerFile_1 write port 7.
  Analyzing pipelined_processor.regfile.registerFile_1 write port 8.

44.4. Executing MEMORY_BMUX2ROM pass (converting muxes to ROMs).

44.5. Executing MEMORY_DFF pass (merging $dff cells to $memrd).
Checking read port `$flatten\ctrl_dec_rr.$auto$proc_rom.cc:150:do_switch$463'[0] in module `\pipelined_processor': no output FF found.
Checking read port `\dmem.ram'[0] in module `\pipelined_processor': no output FF found.
Checking read port `\dmem.ram'[1] in module `\pipelined_processor': no output FF found.
Checking read port `\imem.rom'[0] in module `\pipelined_processor': FF found, but with a mux select that doesn't seem to correspond to transparency logic.
Checking read port `\regfile.registerFile_1'[0] in module `\pipelined_processor': FF found, but with a mux select that doesn't seem to correspond to transparency logic.
Checking read port `\regfile.registerFile_1'[1] in module `\pipelined_processor': FF found, but with a mux select that doesn't seem to correspond to transparency logic.
Checking read port address `$flatten\ctrl_dec_rr.$auto$proc_rom.cc:150:do_switch$463'[0] in module `\pipelined_processor': address FF has fully-defined init value, not supported.
Checking read port address `\dmem.ram'[0] in module `\pipelined_processor': no address FF found.
Checking read port address `\dmem.ram'[1] in module `\pipelined_processor': address FF has fully-defined init value, not supported.
Checking read port address `\imem.rom'[0] in module `\pipelined_processor': address FF has fully-defined init value, not supported.
Checking read port address `\regfile.registerFile_1'[0] in module `\pipelined_processor': no address FF found.
Checking read port address `\regfile.registerFile_1'[1] in module `\pipelined_processor': no address FF found.

44.6. Executing OPT_CLEAN pass (remove unused cells and wires).
Finding unused cells or wires in module \pipelined_processor..

44.7. Executing MEMORY_SHARE pass (consolidating $memrd/$memwr cells).
Consolidating read ports of memory pipelined_processor.dmem.ram by address:
Consolidating read ports of memory pipelined_processor.regfile.registerFile_1 by address:
Consolidating write ports of memory pipelined_processor.regfile.registerFile_1 by address:
  Merging ports 0, 1 (address 3'000).
  Merging ports 0, 2 (address 3'000).
  Merging ports 0, 3 (address 3'000).
  Merging ports 0, 4 (address 3'000).
  Merging ports 6, 7 (address 3'110).
Consolidating write ports of memory pipelined_processor.regfile.registerFile_1 by address:
  Merging ports 1, 2 (address 3'101).
Consolidating write ports of memory pipelined_processor.regfile.registerFile_1 by address:
Consolidating write ports of memory pipelined_processor.regfile.registerFile_1 using sat-based resource sharing:

44.8. Executing OPT_MEM_WIDEN pass (optimize memories where all ports are wide).
Performed a total of 0 transformations.

44.9. Executing OPT_CLEAN pass (remove unused cells and wires).
Finding unused cells or wires in module \pipelined_processor..

44.10. Executing MEMORY_COLLECT pass (generating $mem cells).

45. Executing OPT_CLEAN pass (remove unused cells and wires).
Finding unused cells or wires in module \pipelined_processor..

46. Executing OPT pass (performing simple optimizations).

46.1. Executing OPT_EXPR pass (perform const folding).
Optimizing module pipelined_processor.
<suppressed ~50 debug messages>

46.2. Executing OPT_MERGE pass (detect identical cells).
Finding identical cells in module `\pipelined_processor'.
Removed a total of 0 cells.

46.3. Executing OPT_DFF pass (perform DFF optimizations).

46.4. Executing OPT_CLEAN pass (remove unused cells and wires).
Finding unused cells or wires in module \pipelined_processor..
Removed 3 unused cells and 26 unused wires.
<suppressed ~4 debug messages>

46.5. Finished fast OPT passes.

47. Executing MEMORY_MAP pass (converting memories to logic and flip-flops).
Mapping memory $flatten\ctrl_dec_rr.$auto$proc_rom.cc:150:do_switch$463 in module \pipelined_processor:
  created 16 $dff cells and 0 static cells of width 13.
  read interface: 0 $dff and 15 $mux cells.
  write interface: 0 write mux blocks.
Mapping memory \dmem.ram in module \pipelined_processor:
  created 64 $dff cells and 0 static cells of width 16.
  read interface: 0 $dff and 126 $mux cells.
  write interface: 64 write mux blocks.
Mapping memory \imem.rom in module \pipelined_processor:
  created 16 $dff cells and 0 static cells of width 16.
  read interface: 0 $dff and 15 $mux cells.
  write interface: 16 write mux blocks.
Mapping memory \regfile.registerFile_1 in module \pipelined_processor:
  created 8 $dff cells and 0 static cells of width 16.
  read interface: 0 $dff and 14 $mux cells.
  write interface: 24 write mux blocks.

48. Executing OPT pass (performing simple optimizations).

48.1. Executing OPT_EXPR pass (perform const folding).
Optimizing module pipelined_processor.
<suppressed ~57 debug messages>

48.2. Executing OPT_MERGE pass (detect identical cells).
Finding identical cells in module `\pipelined_processor'.
Removed a total of 0 cells.

48.3. Executing OPT_MUXTREE pass (detect dead branches in mux trees).
Running muxtree optimizer on module \pipelined_processor..
  Creating internal representation of mux trees.
  Evaluating internal representation of mux trees.
  Analyzing evaluation results.
Removed 0 multiplexer ports.
<suppressed ~116 debug messages>

48.4. Executing OPT_REDUCE pass (consolidate $*mux and $reduce_* inputs).
  Optimizing cells in module \pipelined_processor.
    Consolidated identical input bits for $mux cell $memory$flatten\ctrl_dec_rr.$auto$proc_rom.cc:150:do_switch$463$rdmux[0][3][5]$1119:
      Old ports: A=13'0000000000000, B=13'0000000000101, Y=$memory$flatten\ctrl_dec_rr.$auto$proc_rom.cc:150:do_switch$463$rdmux[0][2][2]$b$1100
      New ports: A=1'0, B=1'1, Y=$memory$flatten\ctrl_dec_rr.$auto$proc_rom.cc:150:do_switch$463$rdmux[0][2][2]$b$1100 [0]
      New connections: $memory$flatten\ctrl_dec_rr.$auto$proc_rom.cc:150:do_switch$463$rdmux[0][2][2]$b$1100 [12:1] = { 10'0000000000 $memory$flatten\ctrl_dec_rr.$auto$proc_rom.cc:150:do_switch$463$rdmux[0][2][2]$b$1100 [0] 1'0 }
    Consolidated identical input bits for $mux cell $memory$flatten\ctrl_dec_rr.$auto$proc_rom.cc:150:do_switch$463$rdmux[0][3][4]$1116:
      Old ports: A=13'0000000000100, B=13'0000000110111, Y=$memory$flatten\ctrl_dec_rr.$auto$proc_rom.cc:150:do_switch$463$rdmux[0][2][2]$a$1099
      New ports: A=1'0, B=1'1, Y=$memory$flatten\ctrl_dec_rr.$auto$proc_rom.cc:150:do_switch$463$rdmux[0][2][2]$a$1099 [0]
      New connections: $memory$flatten\ctrl_dec_rr.$auto$proc_rom.cc:150:do_switch$463$rdmux[0][2][2]$a$1099 [12:1] = { 7'0000000 $memory$flatten\ctrl_dec_rr.$auto$proc_rom.cc:150:do_switch$463$rdmux[0][2][2]$a$1099 [0] $memory$flatten\ctrl_dec_rr.$auto$proc_rom.cc:150:do_switch$463$rdmux[0][2][2]$a$1099 [0] 2'01 $memory$flatten\ctrl_dec_rr.$auto$proc_rom.cc:150:do_switch$463$rdmux[0][2][2]$a$1099 [0] }
    Consolidated identical input bits for $mux cell $memory$flatten\ctrl_dec_rr.$auto$proc_rom.cc:150:do_switch$463$rdmux[0][3][2]$1110:
      Old ports: A=13'0010001101100, B=13'1010001000100, Y=$memory$flatten\ctrl_dec_rr.$auto$proc_rom.cc:150:do_switch$463$rdmux[0][2][1]$a$1096
      New ports: A=2'01, B=2'10, Y={ $memory$flatten\ctrl_dec_rr.$auto$proc_rom.cc:150:do_switch$463$rdmux[0][2][1]$a$1096 [12] $memory$flatten\ctrl_dec_rr.$auto$proc_rom.cc:150:do_switch$463$rdmux[0][2][1]$a$1096 [3] }
      New connections: { $memory$flatten\ctrl_dec_rr.$auto$proc_rom.cc:150:do_switch$463$rdmux[0][2][1]$a$1096 [11:4] $memory$flatten\ctrl_dec_rr.$auto$proc_rom.cc:150:do_switch$463$rdmux[0][2][1]$a$1096 [2:0] } = { 6'010001 $memory$flatten\ctrl_dec_rr.$auto$proc_rom.cc:150:do_switch$463$rdmux[0][2][1]$a$1096 [3] 4'0100 }
    Consolidated identical input bits for $mux cell $memory$flatten\ctrl_dec_rr.$auto$proc_rom.cc:150:do_switch$463$rdmux[0][3][1]$1107:
      Old ports: A=13'0000100100010, B=13'0101010110110, Y=$memory$flatten\ctrl_dec_rr.$auto$proc_rom.cc:150:do_switch$463$rdmux[0][2][0]$b$1094
      New ports: A=2'10, B=2'01, Y={ $memory$flatten\ctrl_dec_rr.$auto$proc_rom.cc:150:do_switch$463$rdmux[0][2][0]$b$1094 [8] $memory$flatten\ctrl_dec_rr.$auto$proc_rom.cc:150:do_switch$463$rdmux[0][2][0]$b$1094 [2] }
      New connections: { $memory$flatten\ctrl_dec_rr.$auto$proc_rom.cc:150:do_switch$463$rdmux[0][2][0]$b$1094 [12:9] $memory$flatten\ctrl_dec_rr.$auto$proc_rom.cc:150:do_switch$463$rdmux[0][2][0]$b$1094 [7:3] $memory$flatten\ctrl_dec_rr.$auto$proc_rom.cc:150:do_switch$463$rdmux[0][2][0]$b$1094 [1:0] } = { 1'0 $memory$flatten\ctrl_dec_rr.$auto$proc_rom.cc:150:do_switch$463$rdmux[0][2][0]$b$1094 [2] 1'0 $memory$flatten\ctrl_dec_rr.$auto$proc_rom.cc:150:do_switch$463$rdmux[0][2][0]$b$1094 [2] $memory$flatten\ctrl_dec_rr.$auto$proc_rom.cc:150:do_switch$463$rdmux[0][2][0]$b$1094 [2] 2'01 $memory$flatten\ctrl_dec_rr.$auto$proc_rom.cc:150:do_switch$463$rdmux[0][2][0]$b$1094 [2] 3'010 }
    Consolidated identical input bits for $mux cell $memory$flatten\ctrl_dec_rr.$auto$proc_rom.cc:150:do_switch$463$rdmux[0][3][0]$1104:
      Old ports: A=13'0000001110110, B=13'0000000100010, Y=$memory$flatten\ctrl_dec_rr.$auto$proc_rom.cc:150:do_switch$463$rdmux[0][2][0]$a$1093
      New ports: A=1'1, B=1'0, Y=$memory$flatten\ctrl_dec_rr.$auto$proc_rom.cc:150:do_switch$463$rdmux[0][2][0]$a$1093 [2]
      New connections: { $memory$flatten\ctrl_dec_rr.$auto$proc_rom.cc:150:do_switch$463$rdmux[0][2][0]$a$1093 [12:3] $memory$flatten\ctrl_dec_rr.$auto$proc_rom.cc:150:do_switch$463$rdmux[0][2][0]$a$1093 [1:0] } = { 6'000000 $memory$flatten\ctrl_dec_rr.$auto$proc_rom.cc:150:do_switch$463$rdmux[0][2][0]$a$1093 [2] 1'1 $memory$flatten\ctrl_dec_rr.$auto$proc_rom.cc:150:do_switch$463$rdmux[0][2][0]$a$1093 [2] 3'010 }
    Consolidated identical input bits for $mux cell $flatten\actl.$procmux$791:
      Old ports: A=2'10, B=2'00, Y=$flatten\actl.$5\alu_operation_out[1:0]
      New ports: A=1'1, B=1'0, Y=$flatten\actl.$5\alu_operation_out[1:0] [1]
      New connections: $flatten\actl.$5\alu_operation_out[1:0] [0] = 1'0
    Consolidated identical input bits for $mux cell $flatten\actl.$procmux$822:
      Old ports: A=2'10, B=2'00, Y=$flatten\actl.$4\alu_operation_out[1:0]
      New ports: A=1'1, B=1'0, Y=$flatten\actl.$4\alu_operation_out[1:0] [1]
      New connections: $flatten\actl.$4\alu_operation_out[1:0] [0] = 1'0
    Consolidated identical input bits for $mux cell $flatten\actl.$procmux$857:
      Old ports: A=2'10, B=2'00, Y=$flatten\actl.$2\alu_operation_out[1:0]
      New ports: A=1'1, B=1'0, Y=$flatten\actl.$2\alu_operation_out[1:0] [1]
      New connections: $flatten\actl.$2\alu_operation_out[1:0] [0] = 1'0
    Consolidated identical input bits for $mux cell $flatten\bjc.$procmux$694:
      Old ports: A=2'00, B=2'10, Y=$flatten\bjc.$2\pc_select[1:0]
      New ports: A=1'0, B=1'1, Y=$flatten\bjc.$2\pc_select[1:0] [1]
      New connections: $flatten\bjc.$2\pc_select[1:0] [0] = 1'0
    Consolidated identical input bits for $mux cell $procmux$489:
      Old ports: A=2'00, B=2'10, Y=$3\pc_ctrl_ex[1:0]
      New ports: A=1'0, B=1'1, Y=$3\pc_ctrl_ex[1:0] [1]
      New connections: $3\pc_ctrl_ex[1:0] [0] = 1'0
    Consolidated identical input bits for $mux cell $procmux$508:
      Old ports: A=2'00, B=2'10, Y=$2\pc_ctrl_ex[1:0]
      New ports: A=1'0, B=1'1, Y=$2\pc_ctrl_ex[1:0] [1]
      New connections: $2\pc_ctrl_ex[1:0] [0] = 1'0
  Optimizing cells in module \pipelined_processor.
    Consolidated identical input bits for $mux cell $memory$flatten\ctrl_dec_rr.$auto$proc_rom.cc:150:do_switch$463$rdmux[0][2][2]$1098:
      Old ports: A=$memory$flatten\ctrl_dec_rr.$auto$proc_rom.cc:150:do_switch$463$rdmux[0][2][2]$a$1099, B=$memory$flatten\ctrl_dec_rr.$auto$proc_rom.cc:150:do_switch$463$rdmux[0][2][2]$b$1100, Y=$memory$flatten\ctrl_dec_rr.$auto$proc_rom.cc:150:do_switch$463$rdmux[0][1][1]$a$1090
      New ports: A={ 1'1 $memory$flatten\ctrl_dec_rr.$auto$proc_rom.cc:150:do_switch$463$rdmux[0][2][2]$a$1099 [0] $memory$flatten\ctrl_dec_rr.$auto$proc_rom.cc:150:do_switch$463$rdmux[0][2][2]$a$1099 [0] }, B={ $memory$flatten\ctrl_dec_rr.$auto$proc_rom.cc:150:do_switch$463$rdmux[0][2][2]$b$1100 [0] 1'0 $memory$flatten\ctrl_dec_rr.$auto$proc_rom.cc:150:do_switch$463$rdmux[0][2][2]$b$1100 [0] }, Y=$memory$flatten\ctrl_dec_rr.$auto$proc_rom.cc:150:do_switch$463$rdmux[0][1][1]$a$1090 [2:0]
      New connections: $memory$flatten\ctrl_dec_rr.$auto$proc_rom.cc:150:do_switch$463$rdmux[0][1][1]$a$1090 [12:3] = { 7'0000000 $memory$flatten\ctrl_dec_rr.$auto$proc_rom.cc:150:do_switch$463$rdmux[0][1][1]$a$1090 [1] $memory$flatten\ctrl_dec_rr.$auto$proc_rom.cc:150:do_switch$463$rdmux[0][1][1]$a$1090 [1] 1'0 }
    Consolidated identical input bits for $mux cell $memory$flatten\ctrl_dec_rr.$auto$proc_rom.cc:150:do_switch$463$rdmux[0][2][1]$1095:
      Old ports: A=$memory$flatten\ctrl_dec_rr.$auto$proc_rom.cc:150:do_switch$463$rdmux[0][2][1]$a$1096, B=13'0000000000000, Y=$memory$flatten\ctrl_dec_rr.$auto$proc_rom.cc:150:do_switch$463$rdmux[0][1][0]$b$1088
      New ports: A={ $memory$flatten\ctrl_dec_rr.$auto$proc_rom.cc:150:do_switch$463$rdmux[0][2][1]$a$1096 [12] $memory$flatten\ctrl_dec_rr.$auto$proc_rom.cc:150:do_switch$463$rdmux[0][2][1]$a$1096 [3] 1'1 }, B=3'000, Y={ $memory$flatten\ctrl_dec_rr.$auto$proc_rom.cc:150:do_switch$463$rdmux[0][1][0]$b$1088 [12] $memory$flatten\ctrl_dec_rr.$auto$proc_rom.cc:150:do_switch$463$rdmux[0][1][0]$b$1088 [3:2] }
      New connections: { $memory$flatten\ctrl_dec_rr.$auto$proc_rom.cc:150:do_switch$463$rdmux[0][1][0]$b$1088 [11:4] $memory$flatten\ctrl_dec_rr.$auto$proc_rom.cc:150:do_switch$463$rdmux[0][1][0]$b$1088 [1:0] } = { 1'0 $memory$flatten\ctrl_dec_rr.$auto$proc_rom.cc:150:do_switch$463$rdmux[0][1][0]$b$1088 [2] 3'000 $memory$flatten\ctrl_dec_rr.$auto$proc_rom.cc:150:do_switch$463$rdmux[0][1][0]$b$1088 [2] $memory$flatten\ctrl_dec_rr.$auto$proc_rom.cc:150:do_switch$463$rdmux[0][1][0]$b$1088 [3] 3'000 }
    Consolidated identical input bits for $mux cell $memory$flatten\ctrl_dec_rr.$auto$proc_rom.cc:150:do_switch$463$rdmux[0][2][0]$1092:
      Old ports: A=$memory$flatten\ctrl_dec_rr.$auto$proc_rom.cc:150:do_switch$463$rdmux[0][2][0]$a$1093, B=$memory$flatten\ctrl_dec_rr.$auto$proc_rom.cc:150:do_switch$463$rdmux[0][2][0]$b$1094, Y=$memory$flatten\ctrl_dec_rr.$auto$proc_rom.cc:150:do_switch$463$rdmux[0][1][0]$a$1087
      New ports: A={ 2'00 $memory$flatten\ctrl_dec_rr.$auto$proc_rom.cc:150:do_switch$463$rdmux[0][2][0]$a$1093 [2] $memory$flatten\ctrl_dec_rr.$auto$proc_rom.cc:150:do_switch$463$rdmux[0][2][0]$a$1093 [2] }, B={ $memory$flatten\ctrl_dec_rr.$auto$proc_rom.cc:150:do_switch$463$rdmux[0][2][0]$b$1094 [8] $memory$flatten\ctrl_dec_rr.$auto$proc_rom.cc:150:do_switch$463$rdmux[0][2][0]$b$1094 [2] 1'0 $memory$flatten\ctrl_dec_rr.$auto$proc_rom.cc:150:do_switch$463$rdmux[0][2][0]$b$1094 [2] }, Y={ $memory$flatten\ctrl_dec_rr.$auto$proc_rom.cc:150:do_switch$463$rdmux[0][1][0]$a$1087 [8:6] $memory$flatten\ctrl_dec_rr.$auto$proc_rom.cc:150:do_switch$463$rdmux[0][1][0]$a$1087 [2] }
      New connections: { $memory$flatten\ctrl_dec_rr.$auto$proc_rom.cc:150:do_switch$463$rdmux[0][1][0]$a$1087 [12:9] $memory$flatten\ctrl_dec_rr.$auto$proc_rom.cc:150:do_switch$463$rdmux[0][1][0]$a$1087 [5:3] $memory$flatten\ctrl_dec_rr.$auto$proc_rom.cc:150:do_switch$463$rdmux[0][1][0]$a$1087 [1:0] } = { 1'0 $memory$flatten\ctrl_dec_rr.$auto$proc_rom.cc:150:do_switch$463$rdmux[0][1][0]$a$1087 [7] 1'0 $memory$flatten\ctrl_dec_rr.$auto$proc_rom.cc:150:do_switch$463$rdmux[0][1][0]$a$1087 [7] 1'1 $memory$flatten\ctrl_dec_rr.$auto$proc_rom.cc:150:do_switch$463$rdmux[0][1][0]$a$1087 [2] 3'010 }
    Consolidated identical input bits for $mux cell $procmux$522:
      Old ports: A=$3\pc_ctrl_ex[1:0], B=$2\pc_ctrl_ex[1:0], Y=\bjc.pc_control_from_ex
      New ports: A=$3\pc_ctrl_ex[1:0] [1], B=$2\pc_ctrl_ex[1:0] [1], Y=\bjc.pc_control_from_ex [1]
      New connections: \bjc.pc_control_from_ex [0] = 1'0
  Optimizing cells in module \pipelined_processor.
    Consolidated identical input bits for $mux cell $memory$flatten\ctrl_dec_rr.$auto$proc_rom.cc:150:do_switch$463$rdmux[0][1][1]$1089:
      Old ports: A=$memory$flatten\ctrl_dec_rr.$auto$proc_rom.cc:150:do_switch$463$rdmux[0][1][1]$a$1090, B=13'0000000000000, Y=$memory$flatten\ctrl_dec_rr.$auto$proc_rom.cc:150:do_switch$463$rdmux[0][0][0]$b$1085
      New ports: A=$memory$flatten\ctrl_dec_rr.$auto$proc_rom.cc:150:do_switch$463$rdmux[0][1][1]$a$1090 [2:0], B=3'000, Y=$memory$flatten\ctrl_dec_rr.$auto$proc_rom.cc:150:do_switch$463$rdmux[0][0][0]$b$1085 [2:0]
      New connections: $memory$flatten\ctrl_dec_rr.$auto$proc_rom.cc:150:do_switch$463$rdmux[0][0][0]$b$1085 [12:3] = { 7'0000000 $memory$flatten\ctrl_dec_rr.$auto$proc_rom.cc:150:do_switch$463$rdmux[0][0][0]$b$1085 [1] $memory$flatten\ctrl_dec_rr.$auto$proc_rom.cc:150:do_switch$463$rdmux[0][0][0]$b$1085 [1] 1'0 }
    Consolidated identical input bits for $mux cell $memory$flatten\ctrl_dec_rr.$auto$proc_rom.cc:150:do_switch$463$rdmux[0][1][0]$1086:
      Old ports: A=$memory$flatten\ctrl_dec_rr.$auto$proc_rom.cc:150:do_switch$463$rdmux[0][1][0]$a$1087, B=$memory$flatten\ctrl_dec_rr.$auto$proc_rom.cc:150:do_switch$463$rdmux[0][1][0]$b$1088, Y=$memory$flatten\ctrl_dec_rr.$auto$proc_rom.cc:150:do_switch$463$rdmux[0][0][0]$a$1084
      New ports: A={ 2'00 $memory$flatten\ctrl_dec_rr.$auto$proc_rom.cc:150:do_switch$463$rdmux[0][1][0]$a$1087 [8:6] 1'1 $memory$flatten\ctrl_dec_rr.$auto$proc_rom.cc:150:do_switch$463$rdmux[0][1][0]$a$1087 [2] 1'0 $memory$flatten\ctrl_dec_rr.$auto$proc_rom.cc:150:do_switch$463$rdmux[0][1][0]$a$1087 [2] 1'1 }, B={ $memory$flatten\ctrl_dec_rr.$auto$proc_rom.cc:150:do_switch$463$rdmux[0][1][0]$b$1088 [12] $memory$flatten\ctrl_dec_rr.$auto$proc_rom.cc:150:do_switch$463$rdmux[0][1][0]$b$1088 [2] 2'00 $memory$flatten\ctrl_dec_rr.$auto$proc_rom.cc:150:do_switch$463$rdmux[0][1][0]$b$1088 [2] $memory$flatten\ctrl_dec_rr.$auto$proc_rom.cc:150:do_switch$463$rdmux[0][1][0]$b$1088 [3] 1'0 $memory$flatten\ctrl_dec_rr.$auto$proc_rom.cc:150:do_switch$463$rdmux[0][1][0]$b$1088 [3:2] 1'0 }, Y={ $memory$flatten\ctrl_dec_rr.$auto$proc_rom.cc:150:do_switch$463$rdmux[0][0][0]$a$1084 [12] $memory$flatten\ctrl_dec_rr.$auto$proc_rom.cc:150:do_switch$463$rdmux[0][0][0]$a$1084 [10] $memory$flatten\ctrl_dec_rr.$auto$proc_rom.cc:150:do_switch$463$rdmux[0][0][0]$a$1084 [8:1] }
      New connections: { $memory$flatten\ctrl_dec_rr.$auto$proc_rom.cc:150:do_switch$463$rdmux[0][0][0]$a$1084 [11] $memory$flatten\ctrl_dec_rr.$auto$proc_rom.cc:150:do_switch$463$rdmux[0][0][0]$a$1084 [9] $memory$flatten\ctrl_dec_rr.$auto$proc_rom.cc:150:do_switch$463$rdmux[0][0][0]$a$1084 [0] } = { $memory$flatten\ctrl_dec_rr.$auto$proc_rom.cc:150:do_switch$463$rdmux[0][0][0]$a$1084 [7] $memory$flatten\ctrl_dec_rr.$auto$proc_rom.cc:150:do_switch$463$rdmux[0][0][0]$a$1084 [7] 1'0 }
  Optimizing cells in module \pipelined_processor.
    Consolidated identical input bits for $mux cell $memory$flatten\ctrl_dec_rr.$auto$proc_rom.cc:150:do_switch$463$rdmux[0][0][0]$1083:
      Old ports: A=$memory$flatten\ctrl_dec_rr.$auto$proc_rom.cc:150:do_switch$463$rdmux[0][0][0]$a$1084, B=$memory$flatten\ctrl_dec_rr.$auto$proc_rom.cc:150:do_switch$463$rdmux[0][0][0]$b$1085, Y={ \ctrl_rr [0] \ctrl_rr [2:1] \ctrl_rr [4:3] \ctrl_rr [6:5] \ctrl_rr [7] \ctrl_rr [9:8] \mux_a2.sel \mux_a1.sel \ctrl_dec_rr.pc_data_select }
      New ports: A={ $memory$flatten\ctrl_dec_rr.$auto$proc_rom.cc:150:do_switch$463$rdmux[0][0][0]$a$1084 [12] $memory$flatten\ctrl_dec_rr.$auto$proc_rom.cc:150:do_switch$463$rdmux[0][0][0]$a$1084 [10] $memory$flatten\ctrl_dec_rr.$auto$proc_rom.cc:150:do_switch$463$rdmux[0][0][0]$a$1084 [8:1] 1'0 }, B={ 5'00000 $memory$flatten\ctrl_dec_rr.$auto$proc_rom.cc:150:do_switch$463$rdmux[0][0][0]$b$1085 [1] $memory$flatten\ctrl_dec_rr.$auto$proc_rom.cc:150:do_switch$463$rdmux[0][0][0]$b$1085 [1] 1'0 $memory$flatten\ctrl_dec_rr.$auto$proc_rom.cc:150:do_switch$463$rdmux[0][0][0]$b$1085 [2:0] }, Y={ \ctrl_rr [0] \ctrl_rr [1] \ctrl_rr [3] \ctrl_rr [6:5] \ctrl_rr [7] \ctrl_rr [9:8] \mux_a2.sel \mux_a1.sel \ctrl_dec_rr.pc_data_select }
      New connections: { \ctrl_rr [2] \ctrl_rr [4] } = { \ctrl_rr [6] \ctrl_rr [6] }
  Optimizing cells in module \pipelined_processor.
    Consolidated identical input bits for $mux cell $ternary$/openlane/designs/my_processor/new_src/topModule.v:248$392:
      Old ports: A=\ctrl_rr, B=10'0000000000, Y=\rr_ex_reg.cntrl_in
      New ports: A={ \ctrl_rr [9:7] \ctrl_rr [5] \ctrl_rr [3] \ctrl_rr [6] \ctrl_rr [1:0] }, B=8'00000000, Y={ \rr_ex_reg.cntrl_in [9:7] \rr_ex_reg.cntrl_in [5] \rr_ex_reg.cntrl_in [3:0] }
      New connections: { \rr_ex_reg.cntrl_in [6] \rr_ex_reg.cntrl_in [4] } = { \rr_ex_reg.cntrl_in [2] \rr_ex_reg.cntrl_in [2] }
  Optimizing cells in module \pipelined_processor.
Performed a total of 19 changes.

48.5. Executing OPT_MERGE pass (detect identical cells).
Finding identical cells in module `\pipelined_processor'.
<suppressed ~3 debug messages>
Removed a total of 1 cells.

48.6. Executing OPT_SHARE pass.
    Found cells that share an operand and can be merged by moving the $pmux $flatten\actl.$procmux$914 in front of them:
        $flatten\actl.$procmux$798
        $flatten\actl.$procmux$830

48.7. Executing OPT_DFF pass (perform DFF optimizations).

48.8. Executing OPT_CLEAN pass (remove unused cells and wires).
Finding unused cells or wires in module \pipelined_processor..
Removed 0 unused cells and 311 unused wires.
<suppressed ~1 debug messages>

48.9. Executing OPT_EXPR pass (perform const folding).
Optimizing module pipelined_processor.
<suppressed ~10 debug messages>

48.10. Rerunning OPT passes. (Maybe there is more to do..)

48.11. Executing OPT_MUXTREE pass (detect dead branches in mux trees).
Running muxtree optimizer on module \pipelined_processor..
  Creating internal representation of mux trees.
  Evaluating internal representation of mux trees.
  Analyzing evaluation results.
Removed 0 multiplexer ports.
<suppressed ~116 debug messages>

48.12. Executing OPT_REDUCE pass (consolidate $*mux and $reduce_* inputs).
  Optimizing cells in module \pipelined_processor.
    New ctrl vector for $pmux cell $flatten\actl.$procmux$914: $auto$opt_reduce.cc:134:opt_pmux$2495
    Consolidated identical input bits for $mux cell $memory$flatten\ctrl_dec_rr.$auto$proc_rom.cc:150:do_switch$463$rdmux[0][2][2]$1098:
      Old ports: A={ 1'1 $memory$flatten\ctrl_dec_rr.$auto$proc_rom.cc:150:do_switch$463$rdmux[0][2][2]$a$1099 [5] $memory$flatten\ctrl_dec_rr.$auto$proc_rom.cc:150:do_switch$463$rdmux[0][2][2]$a$1099 [5] }, B={ $memory$flatten\ctrl_dec_rr.$auto$proc_rom.cc:150:do_switch$463$rdmux[0][2][2]$a$1099 [5] 1'0 $memory$flatten\ctrl_dec_rr.$auto$proc_rom.cc:150:do_switch$463$rdmux[0][2][2]$a$1099 [5] }, Y={ $memory$flatten\ctrl_dec_rr.$auto$proc_rom.cc:150:do_switch$463$rdmux[0][1][1]$a$1090 [2] $memory$flatten\ctrl_dec_rr.$auto$proc_rom.cc:150:do_switch$463$rdmux[0][1][1]$a$1090 [5] $memory$flatten\ctrl_dec_rr.$auto$proc_rom.cc:150:do_switch$463$rdmux[0][1][1]$a$1090 [0] }
      New ports: A={ 1'1 \id_rr_reg.instr_out [12] }, B={ \id_rr_reg.instr_out [12] 1'0 }, Y={ $memory$flatten\ctrl_dec_rr.$auto$proc_rom.cc:150:do_switch$463$rdmux[0][1][1]$a$1090 [2] $memory$flatten\ctrl_dec_rr.$auto$proc_rom.cc:150:do_switch$463$rdmux[0][1][1]$a$1090 [5] }
      New connections: $memory$flatten\ctrl_dec_rr.$auto$proc_rom.cc:150:do_switch$463$rdmux[0][1][1]$a$1090 [0] = \id_rr_reg.instr_out [12]
  Optimizing cells in module \pipelined_processor.
Performed a total of 2 changes.

48.13. Executing OPT_MERGE pass (detect identical cells).
Finding identical cells in module `\pipelined_processor'.
<suppressed ~3 debug messages>
Removed a total of 1 cells.

48.14. Executing OPT_SHARE pass.

48.15. Executing OPT_DFF pass (perform DFF optimizations).
Adding EN signal on $memory\regfile.registerFile_1[7]$2309 ($dff) from module pipelined_processor (D = $memory\regfile.registerFile_1$wrmux[7][2][0]$y$2490, Q = \regfile.registerFile_1[7]).
Adding EN signal on $memory\regfile.registerFile_1[6]$2307 ($dff) from module pipelined_processor (D = $memory\regfile.registerFile_1$wrmux[6][2][0]$y$2476, Q = \regfile.registerFile_1[6]).
Adding EN signal on $memory\regfile.registerFile_1[5]$2305 ($dff) from module pipelined_processor (D = $memory\regfile.registerFile_1$wrmux[5][2][0]$y$2460, Q = \regfile.registerFile_1[5]).
Adding EN signal on $memory\regfile.registerFile_1[4]$2303 ($dff) from module pipelined_processor (D = $memory\regfile.registerFile_1$wrmux[4][2][0]$y$2446, Q = \regfile.registerFile_1[4]).
Adding EN signal on $memory\regfile.registerFile_1[3]$2301 ($dff) from module pipelined_processor (D = $memory\regfile.registerFile_1$wrmux[3][2][0]$y$2426, Q = \regfile.registerFile_1[3]).
Adding EN signal on $memory\regfile.registerFile_1[2]$2299 ($dff) from module pipelined_processor (D = $memory\regfile.registerFile_1$wrmux[2][2][0]$y$2412, Q = \regfile.registerFile_1[2]).
Adding EN signal on $memory\regfile.registerFile_1[1]$2297 ($dff) from module pipelined_processor (D = $memory\regfile.registerFile_1$wrmux[1][2][0]$y$2394, Q = \regfile.registerFile_1[1]).
Adding EN signal on $memory\regfile.registerFile_1[0]$2295 ($dff) from module pipelined_processor (D = $memory\regfile.registerFile_1$wrmux[0][2][0]$y$2378, Q = \regfile.registerFile_1[0]).
Adding EN signal on $memory\imem.rom[9]$2108 ($dff) from module pipelined_processor (D = \instr_wdata, Q = \imem.rom[9]).
Adding EN signal on $memory\imem.rom[8]$2106 ($dff) from module pipelined_processor (D = \instr_wdata, Q = \imem.rom[8]).
Adding EN signal on $memory\imem.rom[7]$2104 ($dff) from module pipelined_processor (D = \instr_wdata, Q = \imem.rom[7]).
Adding EN signal on $memory\imem.rom[6]$2102 ($dff) from module pipelined_processor (D = \instr_wdata, Q = \imem.rom[6]).
Adding EN signal on $memory\imem.rom[5]$2100 ($dff) from module pipelined_processor (D = \instr_wdata, Q = \imem.rom[5]).
Adding EN signal on $memory\imem.rom[4]$2098 ($dff) from module pipelined_processor (D = \instr_wdata, Q = \imem.rom[4]).
Adding EN signal on $memory\imem.rom[3]$2096 ($dff) from module pipelined_processor (D = \instr_wdata, Q = \imem.rom[3]).
Adding EN signal on $memory\imem.rom[2]$2094 ($dff) from module pipelined_processor (D = \instr_wdata, Q = \imem.rom[2]).
Adding EN signal on $memory\imem.rom[1]$2092 ($dff) from module pipelined_processor (D = \instr_wdata, Q = \imem.rom[1]).
Adding EN signal on $memory\imem.rom[15]$2120 ($dff) from module pipelined_processor (D = \instr_wdata, Q = \imem.rom[15]).
Adding EN signal on $memory\imem.rom[14]$2118 ($dff) from module pipelined_processor (D = \instr_wdata, Q = \imem.rom[14]).
Adding EN signal on $memory\imem.rom[13]$2116 ($dff) from module pipelined_processor (D = \instr_wdata, Q = \imem.rom[13]).
Adding EN signal on $memory\imem.rom[12]$2114 ($dff) from module pipelined_processor (D = \instr_wdata, Q = \imem.rom[12]).
Adding EN signal on $memory\imem.rom[11]$2112 ($dff) from module pipelined_processor (D = \instr_wdata, Q = \imem.rom[11]).
Adding EN signal on $memory\imem.rom[10]$2110 ($dff) from module pipelined_processor (D = \instr_wdata, Q = \imem.rom[10]).
Adding EN signal on $memory\imem.rom[0]$2090 ($dff) from module pipelined_processor (D = \instr_wdata, Q = \imem.rom[0]).
Adding EN signal on $memory\dmem.ram[9]$1146 ($dff) from module pipelined_processor (D = \ex_mm_reg.RF_D2_Out, Q = \dmem.ram[9]).
Adding EN signal on $memory\dmem.ram[8]$1144 ($dff) from module pipelined_processor (D = \ex_mm_reg.RF_D2_Out, Q = \dmem.ram[8]).
Adding EN signal on $memory\dmem.ram[7]$1142 ($dff) from module pipelined_processor (D = \ex_mm_reg.RF_D2_Out, Q = \dmem.ram[7]).
Adding EN signal on $memory\dmem.ram[6]$1140 ($dff) from module pipelined_processor (D = \ex_mm_reg.RF_D2_Out, Q = \dmem.ram[6]).
Adding EN signal on $memory\dmem.ram[63]$1254 ($dff) from module pipelined_processor (D = \ex_mm_reg.RF_D2_Out, Q = \dmem.ram[63]).
Adding EN signal on $memory\dmem.ram[62]$1252 ($dff) from module pipelined_processor (D = \ex_mm_reg.RF_D2_Out, Q = \dmem.ram[62]).
Adding EN signal on $memory\dmem.ram[61]$1250 ($dff) from module pipelined_processor (D = \ex_mm_reg.RF_D2_Out, Q = \dmem.ram[61]).
Adding EN signal on $memory\dmem.ram[60]$1248 ($dff) from module pipelined_processor (D = \ex_mm_reg.RF_D2_Out, Q = \dmem.ram[60]).
Adding EN signal on $memory\dmem.ram[5]$1138 ($dff) from module pipelined_processor (D = \ex_mm_reg.RF_D2_Out, Q = \dmem.ram[5]).
Adding EN signal on $memory\dmem.ram[59]$1246 ($dff) from module pipelined_processor (D = \ex_mm_reg.RF_D2_Out, Q = \dmem.ram[59]).
Adding EN signal on $memory\dmem.ram[58]$1244 ($dff) from module pipelined_processor (D = \ex_mm_reg.RF_D2_Out, Q = \dmem.ram[58]).
Adding EN signal on $memory\dmem.ram[57]$1242 ($dff) from module pipelined_processor (D = \ex_mm_reg.RF_D2_Out, Q = \dmem.ram[57]).
Adding EN signal on $memory\dmem.ram[56]$1240 ($dff) from module pipelined_processor (D = \ex_mm_reg.RF_D2_Out, Q = \dmem.ram[56]).
Adding EN signal on $memory\dmem.ram[55]$1238 ($dff) from module pipelined_processor (D = \ex_mm_reg.RF_D2_Out, Q = \dmem.ram[55]).
Adding EN signal on $memory\dmem.ram[54]$1236 ($dff) from module pipelined_processor (D = \ex_mm_reg.RF_D2_Out, Q = \dmem.ram[54]).
Adding EN signal on $memory\dmem.ram[53]$1234 ($dff) from module pipelined_processor (D = \ex_mm_reg.RF_D2_Out, Q = \dmem.ram[53]).
Adding EN signal on $memory\dmem.ram[52]$1232 ($dff) from module pipelined_processor (D = \ex_mm_reg.RF_D2_Out, Q = \dmem.ram[52]).
Adding EN signal on $memory\dmem.ram[51]$1230 ($dff) from module pipelined_processor (D = \ex_mm_reg.RF_D2_Out, Q = \dmem.ram[51]).
Adding EN signal on $memory\dmem.ram[50]$1228 ($dff) from module pipelined_processor (D = \ex_mm_reg.RF_D2_Out, Q = \dmem.ram[50]).
Adding EN signal on $memory\dmem.ram[4]$1136 ($dff) from module pipelined_processor (D = \ex_mm_reg.RF_D2_Out, Q = \dmem.ram[4]).
Adding EN signal on $memory\dmem.ram[49]$1226 ($dff) from module pipelined_processor (D = \ex_mm_reg.RF_D2_Out, Q = \dmem.ram[49]).
Adding EN signal on $memory\dmem.ram[48]$1224 ($dff) from module pipelined_processor (D = \ex_mm_reg.RF_D2_Out, Q = \dmem.ram[48]).
Adding EN signal on $memory\dmem.ram[47]$1222 ($dff) from module pipelined_processor (D = \ex_mm_reg.RF_D2_Out, Q = \dmem.ram[47]).
Adding EN signal on $memory\dmem.ram[46]$1220 ($dff) from module pipelined_processor (D = \ex_mm_reg.RF_D2_Out, Q = \dmem.ram[46]).
Adding EN signal on $memory\dmem.ram[45]$1218 ($dff) from module pipelined_processor (D = \ex_mm_reg.RF_D2_Out, Q = \dmem.ram[45]).
Adding EN signal on $memory\dmem.ram[44]$1216 ($dff) from module pipelined_processor (D = \ex_mm_reg.RF_D2_Out, Q = \dmem.ram[44]).
Adding EN signal on $memory\dmem.ram[43]$1214 ($dff) from module pipelined_processor (D = \ex_mm_reg.RF_D2_Out, Q = \dmem.ram[43]).
Adding EN signal on $memory\dmem.ram[42]$1212 ($dff) from module pipelined_processor (D = \ex_mm_reg.RF_D2_Out, Q = \dmem.ram[42]).
Adding EN signal on $memory\dmem.ram[41]$1210 ($dff) from module pipelined_processor (D = \ex_mm_reg.RF_D2_Out, Q = \dmem.ram[41]).
Adding EN signal on $memory\dmem.ram[40]$1208 ($dff) from module pipelined_processor (D = \ex_mm_reg.RF_D2_Out, Q = \dmem.ram[40]).
Adding EN signal on $memory\dmem.ram[3]$1134 ($dff) from module pipelined_processor (D = \ex_mm_reg.RF_D2_Out, Q = \dmem.ram[3]).
Adding EN signal on $memory\dmem.ram[39]$1206 ($dff) from module pipelined_processor (D = \ex_mm_reg.RF_D2_Out, Q = \dmem.ram[39]).
Adding EN signal on $memory\dmem.ram[38]$1204 ($dff) from module pipelined_processor (D = \ex_mm_reg.RF_D2_Out, Q = \dmem.ram[38]).
Adding EN signal on $memory\dmem.ram[37]$1202 ($dff) from module pipelined_processor (D = \ex_mm_reg.RF_D2_Out, Q = \dmem.ram[37]).
Adding EN signal on $memory\dmem.ram[36]$1200 ($dff) from module pipelined_processor (D = \ex_mm_reg.RF_D2_Out, Q = \dmem.ram[36]).
Adding EN signal on $memory\dmem.ram[35]$1198 ($dff) from module pipelined_processor (D = \ex_mm_reg.RF_D2_Out, Q = \dmem.ram[35]).
Adding EN signal on $memory\dmem.ram[34]$1196 ($dff) from module pipelined_processor (D = \ex_mm_reg.RF_D2_Out, Q = \dmem.ram[34]).
Adding EN signal on $memory\dmem.ram[33]$1194 ($dff) from module pipelined_processor (D = \ex_mm_reg.RF_D2_Out, Q = \dmem.ram[33]).
Adding EN signal on $memory\dmem.ram[32]$1192 ($dff) from module pipelined_processor (D = \ex_mm_reg.RF_D2_Out, Q = \dmem.ram[32]).
Adding EN signal on $memory\dmem.ram[31]$1190 ($dff) from module pipelined_processor (D = \ex_mm_reg.RF_D2_Out, Q = \dmem.ram[31]).
Adding EN signal on $memory\dmem.ram[30]$1188 ($dff) from module pipelined_processor (D = \ex_mm_reg.RF_D2_Out, Q = \dmem.ram[30]).
Adding EN signal on $memory\dmem.ram[2]$1132 ($dff) from module pipelined_processor (D = \ex_mm_reg.RF_D2_Out, Q = \dmem.ram[2]).
Adding EN signal on $memory\dmem.ram[29]$1186 ($dff) from module pipelined_processor (D = \ex_mm_reg.RF_D2_Out, Q = \dmem.ram[29]).
Adding EN signal on $memory\dmem.ram[28]$1184 ($dff) from module pipelined_processor (D = \ex_mm_reg.RF_D2_Out, Q = \dmem.ram[28]).
Adding EN signal on $memory\dmem.ram[27]$1182 ($dff) from module pipelined_processor (D = \ex_mm_reg.RF_D2_Out, Q = \dmem.ram[27]).
Adding EN signal on $memory\dmem.ram[26]$1180 ($dff) from module pipelined_processor (D = \ex_mm_reg.RF_D2_Out, Q = \dmem.ram[26]).
Adding EN signal on $memory\dmem.ram[25]$1178 ($dff) from module pipelined_processor (D = \ex_mm_reg.RF_D2_Out, Q = \dmem.ram[25]).
Adding EN signal on $memory\dmem.ram[24]$1176 ($dff) from module pipelined_processor (D = \ex_mm_reg.RF_D2_Out, Q = \dmem.ram[24]).
Adding EN signal on $memory\dmem.ram[23]$1174 ($dff) from module pipelined_processor (D = \ex_mm_reg.RF_D2_Out, Q = \dmem.ram[23]).
Adding EN signal on $memory\dmem.ram[22]$1172 ($dff) from module pipelined_processor (D = \ex_mm_reg.RF_D2_Out, Q = \dmem.ram[22]).
Adding EN signal on $memory\dmem.ram[21]$1170 ($dff) from module pipelined_processor (D = \ex_mm_reg.RF_D2_Out, Q = \dmem.ram[21]).
Adding EN signal on $memory\dmem.ram[20]$1168 ($dff) from module pipelined_processor (D = \ex_mm_reg.RF_D2_Out, Q = \dmem.ram[20]).
Adding EN signal on $memory\dmem.ram[1]$1130 ($dff) from module pipelined_processor (D = \ex_mm_reg.RF_D2_Out, Q = \dmem.ram[1]).
Adding EN signal on $memory\dmem.ram[19]$1166 ($dff) from module pipelined_processor (D = \ex_mm_reg.RF_D2_Out, Q = \dmem.ram[19]).
Adding EN signal on $memory\dmem.ram[18]$1164 ($dff) from module pipelined_processor (D = \ex_mm_reg.RF_D2_Out, Q = \dmem.ram[18]).
Adding EN signal on $memory\dmem.ram[17]$1162 ($dff) from module pipelined_processor (D = \ex_mm_reg.RF_D2_Out, Q = \dmem.ram[17]).
Adding EN signal on $memory\dmem.ram[16]$1160 ($dff) from module pipelined_processor (D = \ex_mm_reg.RF_D2_Out, Q = \dmem.ram[16]).
Adding EN signal on $memory\dmem.ram[15]$1158 ($dff) from module pipelined_processor (D = \ex_mm_reg.RF_D2_Out, Q = \dmem.ram[15]).
Adding EN signal on $memory\dmem.ram[14]$1156 ($dff) from module pipelined_processor (D = \ex_mm_reg.RF_D2_Out, Q = \dmem.ram[14]).
Adding EN signal on $memory\dmem.ram[13]$1154 ($dff) from module pipelined_processor (D = \ex_mm_reg.RF_D2_Out, Q = \dmem.ram[13]).
Adding EN signal on $memory\dmem.ram[12]$1152 ($dff) from module pipelined_processor (D = \ex_mm_reg.RF_D2_Out, Q = \dmem.ram[12]).
Adding EN signal on $memory\dmem.ram[11]$1150 ($dff) from module pipelined_processor (D = \ex_mm_reg.RF_D2_Out, Q = \dmem.ram[11]).
Adding EN signal on $memory\dmem.ram[10]$1148 ($dff) from module pipelined_processor (D = \ex_mm_reg.RF_D2_Out, Q = \dmem.ram[10]).
Adding EN signal on $memory\dmem.ram[0]$1128 ($dff) from module pipelined_processor (D = \ex_mm_reg.RF_D2_Out, Q = \dmem.ram[0]).

48.16. Executing OPT_CLEAN pass (remove unused cells and wires).
Finding unused cells or wires in module \pipelined_processor..
Removed 80 unused cells and 85 unused wires.
<suppressed ~81 debug messages>

48.17. Executing OPT_EXPR pass (perform const folding).
Optimizing module pipelined_processor.
<suppressed ~16 debug messages>

48.18. Rerunning OPT passes. (Maybe there is more to do..)

48.19. Executing OPT_MUXTREE pass (detect dead branches in mux trees).
Running muxtree optimizer on module \pipelined_processor..
  Creating internal representation of mux trees.
  Evaluating internal representation of mux trees.
  Analyzing evaluation results.
Removed 0 multiplexer ports.
<suppressed ~36 debug messages>

48.20. Executing OPT_REDUCE pass (consolidate $*mux and $reduce_* inputs).
  Optimizing cells in module \pipelined_processor.
Performed a total of 0 changes.

48.21. Executing OPT_MERGE pass (detect identical cells).
Finding identical cells in module `\pipelined_processor'.
Removed a total of 0 cells.

48.22. Executing OPT_SHARE pass.

48.23. Executing OPT_DFF pass (perform DFF optimizations).
Adding SRST signal on $auto$ff.cc:266:slice$2517 ($dffe) from module pipelined_processor (D = \mm_wb_reg.Rd_Data_Out_PR, Q = \regfile.registerFile_1[0], rval = 16'0000000000000000).
Adding SRST signal on $auto$ff.cc:266:slice$2514 ($dffe) from module pipelined_processor (D = \mm_wb_reg.Rd_Data_Out_PR, Q = \regfile.registerFile_1[1], rval = 16'0000000000000000).
Adding SRST signal on $auto$ff.cc:266:slice$2511 ($dffe) from module pipelined_processor (D = \mm_wb_reg.Rd_Data_Out_PR, Q = \regfile.registerFile_1[2], rval = 16'0000000000000000).
Adding SRST signal on $auto$ff.cc:266:slice$2508 ($dffe) from module pipelined_processor (D = \mm_wb_reg.Rd_Data_Out_PR, Q = \regfile.registerFile_1[3], rval = 16'0000000000000000).
Adding SRST signal on $auto$ff.cc:266:slice$2505 ($dffe) from module pipelined_processor (D = \mm_wb_reg.Rd_Data_Out_PR, Q = \regfile.registerFile_1[4], rval = 16'0000000000000000).
Adding SRST signal on $auto$ff.cc:266:slice$2502 ($dffe) from module pipelined_processor (D = \mm_wb_reg.Rd_Data_Out_PR, Q = \regfile.registerFile_1[5], rval = 16'0000000000000000).
Adding SRST signal on $auto$ff.cc:266:slice$2499 ($dffe) from module pipelined_processor (D = \mm_wb_reg.Rd_Data_Out_PR, Q = \regfile.registerFile_1[6], rval = 16'0000000000000000).
Adding SRST signal on $auto$ff.cc:266:slice$2496 ($dffe) from module pipelined_processor (D = \mm_wb_reg.Rd_Data_Out_PR, Q = \regfile.registerFile_1[7], rval = 16'0000000000000000).

48.24. Executing OPT_CLEAN pass (remove unused cells and wires).
Finding unused cells or wires in module \pipelined_processor..
Removed 8 unused cells and 16 unused wires.
<suppressed ~9 debug messages>

48.25. Executing OPT_EXPR pass (perform const folding).
Optimizing module pipelined_processor.

48.26. Rerunning OPT passes. (Maybe there is more to do..)

48.27. Executing OPT_MUXTREE pass (detect dead branches in mux trees).
Running muxtree optimizer on module \pipelined_processor..
  Creating internal representation of mux trees.
  Evaluating internal representation of mux trees.
  Analyzing evaluation results.
Removed 0 multiplexer ports.
<suppressed ~28 debug messages>

48.28. Executing OPT_REDUCE pass (consolidate $*mux and $reduce_* inputs).
  Optimizing cells in module \pipelined_processor.
Performed a total of 0 changes.

48.29. Executing OPT_MERGE pass (detect identical cells).
Finding identical cells in module `\pipelined_processor'.
Removed a total of 0 cells.

48.30. Executing OPT_SHARE pass.

48.31. Executing OPT_DFF pass (perform DFF optimizations).

48.32. Executing OPT_CLEAN pass (remove unused cells and wires).
Finding unused cells or wires in module \pipelined_processor..

48.33. Executing OPT_EXPR pass (perform const folding).
Optimizing module pipelined_processor.

48.34. Finished OPT passes. (There is nothing left to do.)

49. Executing TECHMAP pass (map to technology primitives).

49.1. Executing Verilog-2005 frontend: /build/bin/../share/yosys/techmap.v
Parsing Verilog input from `/build/bin/../share/yosys/techmap.v' to AST representation.
Generating RTLIL representation for module `\_90_simplemap_bool_ops'.
Generating RTLIL representation for module `\_90_simplemap_reduce_ops'.
Generating RTLIL representation for module `\_90_simplemap_logic_ops'.
Generating RTLIL representation for module `\_90_simplemap_compare_ops'.
Generating RTLIL representation for module `\_90_simplemap_various'.
Generating RTLIL representation for module `\_90_simplemap_registers'.
Generating RTLIL representation for module `\_90_shift_ops_shr_shl_sshl_sshr'.
Generating RTLIL representation for module `\_90_shift_shiftx'.
Generating RTLIL representation for module `\_90_fa'.
Generating RTLIL representation for module `\_90_lcu'.
Generating RTLIL representation for module `\_90_alu'.
Generating RTLIL representation for module `\_90_macc'.
Generating RTLIL representation for module `\_90_alumacc'.
Generating RTLIL representation for module `\$__div_mod_u'.
Generating RTLIL representation for module `\$__div_mod_trunc'.
Generating RTLIL representation for module `\_90_div'.
Generating RTLIL representation for module `\_90_mod'.
Generating RTLIL representation for module `\$__div_mod_floor'.
Generating RTLIL representation for module `\_90_divfloor'.
Generating RTLIL representation for module `\_90_modfloor'.
Generating RTLIL representation for module `\_90_pow'.
Generating RTLIL representation for module `\_90_pmux'.
Generating RTLIL representation for module `\_90_demux'.
Generating RTLIL representation for module `\_90_lut'.
Successfully finished Verilog frontend.

49.2. Continuing TECHMAP pass.
Using extmapper simplemap for cells of type $dffe.
Using extmapper simplemap for cells of type $mux.
Using extmapper simplemap for cells of type $and.
Using extmapper simplemap for cells of type $sdffce.
Using extmapper simplemap for cells of type $reduce_bool.
Using extmapper simplemap for cells of type $sdffe.
Using extmapper simplemap for cells of type $or.
Using template $paramod$6df0329addda9228fcc2546de2aaf14ad26c98e1\_90_alu for cells of type $alu.
Using extmapper simplemap for cells of type $not.
Using extmapper simplemap for cells of type $eq.
Using extmapper simplemap for cells of type $logic_or.
Using extmapper simplemap for cells of type $logic_and.
Using extmapper simplemap for cells of type $sdff.
Using extmapper simplemap for cells of type $reduce_or.
Using template $paramod$d5c1c4131927aec19f116e7a36372b1981bfcd7e\_90_pmux for cells of type $pmux.
Using template $paramod$081ba1a4a7201ecdb44563d3c3bd7013d1ebf4eb\_90_alu for cells of type $alu.
Using extmapper simplemap for cells of type $logic_not.
Using template $paramod$constmap:cd2280a2fa24bb1e5701dcf4efbb09c251caeb1c$paramod$8eb1214d7a4a9a404a1adc76c13f5bab141687de\_90_shift_shiftx for cells of type $shiftx.
Using template $paramod$2af30114e9bd4ccb04dad757b3f0a8f6bf0615b0\_90_alu for cells of type $alu.
Using extmapper simplemap for cells of type $reduce_and.
Using template $paramod$d629d85c8826a74239b9178d1930215a43b0ceb0\_90_pmux for cells of type $pmux.
Using template $paramod$068ad458e7761d78e5eed8238508872e7b0aef95\_90_pmux for cells of type $pmux.
Using template $paramod$32e7c4d6f92ff4337599ece53082d2e88a82a9f2\_90_pmux for cells of type $pmux.
Using extmapper simplemap for cells of type $pos.
Using template $paramod\_90_lcu\WIDTH=32'00000000000000000000000000010000 for cells of type $lcu.
Using extmapper simplemap for cells of type $xor.
Using template $paramod\_90_lcu\WIDTH=32'00000000000000000000000000010001 for cells of type $lcu.
No more expansions possible.
<suppressed ~1648 debug messages>

50. Executing OPT pass (performing simple optimizations).

50.1. Executing OPT_EXPR pass (perform const folding).
Optimizing module pipelined_processor.
<suppressed ~476 debug messages>

50.2. Executing OPT_MERGE pass (detect identical cells).
Finding identical cells in module `\pipelined_processor'.
<suppressed ~309 debug messages>
Removed a total of 103 cells.

50.3. Executing OPT_DFF pass (perform DFF optimizations).

50.4. Executing OPT_CLEAN pass (remove unused cells and wires).
Finding unused cells or wires in module \pipelined_processor..
Removed 112 unused cells and 596 unused wires.
<suppressed ~115 debug messages>

50.5. Finished fast OPT passes.

51. Executing ABC pass (technology mapping using ABC).

51.1. Extracting gate netlist of module `\pipelined_processor' to `<abc-temp-dir>/input.blif'..
Extracted 4032 gates and 5649 wires to a netlist network with 1614 inputs and 288 outputs.

51.1.1. Executing ABC.
Running ABC command: "<yosys-exe-dir>/yosys-abc" -s -f <abc-temp-dir>/abc.script 2>&1
ABC: ABC command line: "source <abc-temp-dir>/abc.script".
ABC: 
ABC: + read_blif <abc-temp-dir>/input.blif 
ABC: + read_library <abc-temp-dir>/stdcells.genlib 
ABC: Entered genlib library with 13 gates from file "<abc-temp-dir>/stdcells.genlib".
ABC: + strash 
ABC: + dretime 
ABC: + map 
ABC: + write_blif <abc-temp-dir>/output.blif 

51.1.2. Re-integrating ABC results.
ABC RESULTS:              XNOR cells:       57
ABC RESULTS:               XOR cells:      122
ABC RESULTS:               MUX cells:     2683
ABC RESULTS:               NOT cells:      181
ABC RESULTS:               AND cells:       58
ABC RESULTS:              NAND cells:      108
ABC RESULTS:             ORNOT cells:       54
ABC RESULTS:               NOR cells:       92
ABC RESULTS:                OR cells:      325
ABC RESULTS:            ANDNOT cells:      431
ABC RESULTS:              ZERO cells:        1
ABC RESULTS:        internal signals:     3747
ABC RESULTS:           input signals:     1614
ABC RESULTS:          output signals:      288
Removing temp directory.

52. Executing OPT pass (performing simple optimizations).

52.1. Executing OPT_EXPR pass (perform const folding).
Optimizing module pipelined_processor.
<suppressed ~1219 debug messages>

52.2. Executing OPT_MERGE pass (detect identical cells).
Finding identical cells in module `\pipelined_processor'.
<suppressed ~3 debug messages>
Removed a total of 1 cells.

52.3. Executing OPT_DFF pass (perform DFF optimizations).

52.4. Executing OPT_CLEAN pass (remove unused cells and wires).
Finding unused cells or wires in module \pipelined_processor..
Removed 14 unused cells and 2646 unused wires.
<suppressed ~53 debug messages>

52.5. Finished fast OPT passes.

53. Executing HIERARCHY pass (managing design hierarchy).

53.1. Analyzing design hierarchy..
Top module:  \pipelined_processor

53.2. Analyzing design hierarchy..
Top module:  \pipelined_processor
Removed 0 unused modules.

54. Printing statistics.

=== pipelined_processor ===

   Number of wires:               4234
   Number of wire bits:           7050
   Number of public wires:         328
   Number of public wire bits:    3144
   Number of memories:               0
   Number of memory bits:            0
   Number of processes:              0
   Number of cells:               5732
     $_ANDNOT_                     430
     $_AND_                         58
     $_DFFE_PP_                   1280
     $_MUX_                       2683
     $_NAND_                       108
     $_NOR_                         92
     $_NOT_                        167
     $_ORNOT_                       54
     $_OR_                         325
     $_SDFFCE_PN0P_                128
     $_SDFFE_PP0N_                 145
     $_SDFFE_PP0P_                  82
     $_SDFF_PP0_                     1
     $_XNOR_                        57
     $_XOR_                        122

55. Executing CHECK pass (checking for obvious problems).
Checking module pipelined_processor...
Found and reported 0 problems.

56. Generating Graphviz representation of design.
Writing dot description to `/openlane/designs/my_processor/runs/RUN_2026.05.08_07.30.52/tmp/synthesis/post_techmap.dot'.
Dumping module pipelined_processor to page 1.

57. Executing SHARE pass (SAT-based resource sharing).

58. Executing OPT pass (performing simple optimizations).

58.1. Executing OPT_EXPR pass (perform const folding).
Optimizing module pipelined_processor.

58.2. Executing OPT_MERGE pass (detect identical cells).
Finding identical cells in module `\pipelined_processor'.
Removed a total of 0 cells.

58.3. Executing OPT_MUXTREE pass (detect dead branches in mux trees).
Running muxtree optimizer on module \pipelined_processor..
  Creating internal representation of mux trees.
  No muxes found in this module.
Removed 0 multiplexer ports.

58.4. Executing OPT_REDUCE pass (consolidate $*mux and $reduce_* inputs).
  Optimizing cells in module \pipelined_processor.
Performed a total of 0 changes.

58.5. Executing OPT_MERGE pass (detect identical cells).
Finding identical cells in module `\pipelined_processor'.
Removed a total of 0 cells.

58.6. Executing OPT_DFF pass (perform DFF optimizations).

58.7. Executing OPT_CLEAN pass (remove unused cells and wires).
Finding unused cells or wires in module \pipelined_processor..

58.8. Executing OPT_EXPR pass (perform const folding).
Optimizing module pipelined_processor.

58.9. Finished OPT passes. (There is nothing left to do.)

59. Executing OPT_CLEAN pass (remove unused cells and wires).
Finding unused cells or wires in module \pipelined_processor..
Removed 0 unused cells and 182 unused wires.
<suppressed ~182 debug messages>

60. Printing statistics.

=== pipelined_processor ===

   Number of wires:               4052
   Number of wire bits:           5819
   Number of public wires:         146
   Number of public wire bits:    1913
   Number of memories:               0
   Number of memory bits:            0
   Number of processes:              0
   Number of cells:               5732
     $_ANDNOT_                     430
     $_AND_                         58
     $_DFFE_PP_                   1280
     $_MUX_                       2683
     $_NAND_                       108
     $_NOR_                         92
     $_NOT_                        167
     $_ORNOT_                       54
     $_OR_                         325
     $_SDFFCE_PN0P_                128
     $_SDFFE_PP0N_                 145
     $_SDFFE_PP0P_                  82
     $_SDFF_PP0_                     1
     $_XNOR_                        57
     $_XOR_                        122

mapping tbuf

61. Executing TECHMAP pass (map to technology primitives).

61.1. Executing Verilog-2005 frontend: /home/kushagra/.ciel/sky130A/libs.tech/openlane/sky130_fd_sc_hd/tribuff_map.v
Parsing Verilog input from `/home/kushagra/.ciel/sky130A/libs.tech/openlane/sky130_fd_sc_hd/tribuff_map.v' to AST representation.
Generating RTLIL representation for module `\$_TBUF_'.
Successfully finished Verilog frontend.

61.2. Continuing TECHMAP pass.
No more expansions possible.
<suppressed ~3 debug messages>

62. Executing SIMPLEMAP pass (map simple cells to gate primitives).

63. Executing TECHMAP pass (map to technology primitives).

63.1. Executing Verilog-2005 frontend: /home/kushagra/.ciel/sky130A/libs.tech/openlane/sky130_fd_sc_hd/latch_map.v
Parsing Verilog input from `/home/kushagra/.ciel/sky130A/libs.tech/openlane/sky130_fd_sc_hd/latch_map.v' to AST representation.
Generating RTLIL representation for module `\$_DLATCH_P_'.
Generating RTLIL representation for module `\$_DLATCH_N_'.
Successfully finished Verilog frontend.

63.2. Continuing TECHMAP pass.
No more expansions possible.
<suppressed ~4 debug messages>

64. Executing SIMPLEMAP pass (map simple cells to gate primitives).

65. Executing DFFLIBMAP pass (mapping DFF cells to sequential cells from liberty file).
  cell sky130_fd_sc_hd__dfxtp_2 (noninv, pins=3, area=21.27) is a direct match for cell type $_DFF_P_.
  cell sky130_fd_sc_hd__dfrtp_2 (noninv, pins=4, area=26.28) is a direct match for cell type $_DFF_PN0_.
  cell sky130_fd_sc_hd__dfstp_2 (noninv, pins=4, area=26.28) is a direct match for cell type $_DFF_PN1_.
  cell sky130_fd_sc_hd__dfbbn_2 (noninv, pins=6, area=35.03) is a direct match for cell type $_DFFSR_NNN_.
  final dff cell mappings:
    unmapped dff cell: $_DFF_N_
    \sky130_fd_sc_hd__dfxtp_2 _DFF_P_ (.CLK( C), .D( D), .Q( Q));
    unmapped dff cell: $_DFF_NN0_
    unmapped dff cell: $_DFF_NN1_
    unmapped dff cell: $_DFF_NP0_
    unmapped dff cell: $_DFF_NP1_
    \sky130_fd_sc_hd__dfrtp_2 _DFF_PN0_ (.CLK( C), .D( D), .Q( Q), .RESET_B( R));
    \sky130_fd_sc_hd__dfstp_2 _DFF_PN1_ (.CLK( C), .D( D), .Q( Q), .SET_B( R));
    unmapped dff cell: $_DFF_PP0_
    unmapped dff cell: $_DFF_PP1_
    \sky130_fd_sc_hd__dfbbn_2 _DFFSR_NNN_ (.CLK_N( C), .D( D), .Q( Q), .Q_N(~Q), .RESET_B( R), .SET_B( S));
    unmapped dff cell: $_DFFSR_NNP_
    unmapped dff cell: $_DFFSR_NPN_
    unmapped dff cell: $_DFFSR_NPP_
    unmapped dff cell: $_DFFSR_PNN_
    unmapped dff cell: $_DFFSR_PNP_
    unmapped dff cell: $_DFFSR_PPN_
    unmapped dff cell: $_DFFSR_PPP_

65.1. Executing DFFLEGALIZE pass (convert FFs to types supported by the target).
Mapping DFF cells in module `\pipelined_processor':
  mapped 1636 $_DFF_P_ cells to \sky130_fd_sc_hd__dfxtp_2 cells.

66. Printing statistics.

=== pipelined_processor ===

   Number of wires:               6043
   Number of wire bits:           7810
   Number of public wires:         146
   Number of public wire bits:    1913
   Number of memories:               0
   Number of memory bits:            0
   Number of processes:              0
   Number of cells:               7723
     $_ANDNOT_                     430
     $_AND_                         58
     $_MUX_                       4674
     $_NAND_                       108
     $_NOR_                         92
     $_NOT_                        167
     $_ORNOT_                       54
     $_OR_                         325
     $_XNOR_                        57
     $_XOR_                        122
     sky130_fd_sc_hd__dfxtp_2     1636

[INFO]: USING STRATEGY AREA 0

67. Executing ABC pass (technology mapping using ABC).

67.1. Extracting gate netlist of module `\pipelined_processor' to `/tmp/yosys-abc-GYxF2i/input.blif'..
Extracted 6087 gates and 7752 wires to a netlist network with 1664 inputs and 1652 outputs.

67.1.1. Executing ABC.
Running ABC command: "/build/bin/yosys-abc" -s -f /tmp/yosys-abc-GYxF2i/abc.script 2>&1
ABC: ABC command line: "source /tmp/yosys-abc-GYxF2i/abc.script".
ABC: 
ABC: + read_blif /tmp/yosys-abc-GYxF2i/input.blif 
ABC: + read_lib -w /openlane/designs/my_processor/runs/RUN_2026.05.08_07.30.52/tmp/synthesis/trimmed.lib 
ABC: Parsing finished successfully.  Parsing time =     0.03 sec
ABC: Scl_LibertyReadGenlib() skipped sequential cell "sky130_fd_sc_hd__dfbbn_2".
ABC: Scl_LibertyReadGenlib() skipped sequential cell "sky130_fd_sc_hd__dfrbp_2".
ABC: Scl_LibertyReadGenlib() skipped sequential cell "sky130_fd_sc_hd__dfrtp_2".
ABC: Scl_LibertyReadGenlib() skipped sequential cell "sky130_fd_sc_hd__dfrtp_4".
ABC: Scl_LibertyReadGenlib() skipped sequential cell "sky130_fd_sc_hd__dfsbp_2".
ABC: Scl_LibertyReadGenlib() skipped sequential cell "sky130_fd_sc_hd__dfstp_2".
ABC: Scl_LibertyReadGenlib() skipped sequential cell "sky130_fd_sc_hd__dfstp_4".
ABC: Scl_LibertyReadGenlib() skipped sequential cell "sky130_fd_sc_hd__dfxbp_2".
ABC: Scl_LibertyReadGenlib() skipped sequential cell "sky130_fd_sc_hd__dfxtp_2".
ABC: Scl_LibertyReadGenlib() skipped sequential cell "sky130_fd_sc_hd__dfxtp_4".
ABC: Scl_LibertyReadGenlib() skipped sequential cell "sky130_fd_sc_hd__dlxtn_1".
ABC: Scl_LibertyReadGenlib() skipped sequential cell "sky130_fd_sc_hd__dlxtn_2".
ABC: Scl_LibertyReadGenlib() skipped sequential cell "sky130_fd_sc_hd__dlxtn_4".
ABC: Scl_LibertyReadGenlib() skipped sequential cell "sky130_fd_sc_hd__dlxtp_1".
ABC: Scl_LibertyReadGenlib() skipped three-state cell "sky130_fd_sc_hd__ebufn_2".
ABC: Scl_LibertyReadGenlib() skipped three-state cell "sky130_fd_sc_hd__ebufn_4".
ABC: Scl_LibertyReadGenlib() skipped three-state cell "sky130_fd_sc_hd__ebufn_8".
ABC: Library "sky130A_merged" from "/openlane/designs/my_processor/runs/RUN_2026.05.08_07.30.52/tmp/synthesis/trimmed.lib" has 175 cells (17 skipped: 14 seq; 3 tri-state; 0 no func; 0 dont_use).  Time =     0.05 sec
ABC: Memory =    9.54 MB. Time =     0.05 sec
ABC: Warning: Detected 2 multi-output gates (for example, "sky130_fd_sc_hd__fa_1").
ABC: + read_constr -v /openlane/designs/my_processor/runs/RUN_2026.05.08_07.30.52/tmp/synthesis/synthesis.sdc 
ABC: Setting driving cell to be "sky130_fd_sc_hd__inv_2".
ABC: Setting output load to be 33.442001.
ABC: + read_constr /openlane/designs/my_processor/runs/RUN_2026.05.08_07.30.52/tmp/synthesis/synthesis.sdc 
ABC: + fx 
ABC: + mfs 
ABC: + strash 
ABC: + refactor 
ABC: + balance 
ABC: + rewrite 
ABC: + refactor 
ABC: + balance 
ABC: + rewrite 
ABC: + rewrite -z 
ABC: + balance 
ABC: + refactor -z 
ABC: + rewrite -z 
ABC: + balance 
ABC: + retime -D -D 10000 -M 5 
ABC: + scleanup 
ABC: Error: The network is combinational.
ABC: + fraig_store 
ABC: + balance 
ABC: + fraig_store 
ABC: + balance 
ABC: + rewrite 
ABC: + refactor 
ABC: + balance 
ABC: + rewrite 
ABC: + rewrite -z 
ABC: + balance 
ABC: + refactor -z 
ABC: + rewrite -z 
ABC: + balance 
ABC: + fraig_store 
ABC: + balance 
ABC: + rewrite 
ABC: + refactor 
ABC: + balance 
ABC: + rewrite 
ABC: + rewrite -z 
ABC: + balance 
ABC: + refactor -z 
ABC: + rewrite -z 
ABC: + balance 
ABC: + fraig_store 
ABC: + balance 
ABC: + rewrite 
ABC: + refactor 
ABC: + balance 
ABC: + rewrite 
ABC: + rewrite -z 
ABC: + balance 
ABC: + refactor -z 
ABC: + rewrite -z 
ABC: + balance 
ABC: + fraig_store 
ABC: + fraig_restore 
ABC: + amap -m -Q 0.1 -F 20 -A 20 -C 5000 
ABC: + retime -D -D 10000 
ABC: + &get -n 
ABC: + &st 
ABC: + &dch 
ABC: + &nf 
ABC: + &put 
ABC: + buffer -N 10 -S 750.0 
ABC: + upsize -D 10000 
ABC: Current delay (5385.08 ps) does not exceed the target delay (10000.00 ps). Upsizing is not performed.
ABC: + dnsize -D 10000 
ABC: + stime -p 
ABC: WireLoad = "none"  Gates =   6673 ( 31.9 %)   Cap = 11.8 ff ( 11.1 %)   Area =    58448.56 ( 61.5 %)   Delay =  7385.75 ps  (  1.0 %)               
ABC: Path  0 --      74 : 0    4 pi                        A =   0.00  Df =  34.2  -19.4 ps  S =  53.1 ps  Cin =  0.0 ff  Cout =  10.1 ff  Cmax =   0.0 ff  G =    0  
ABC: Path  1 --    4719 : 1   10 sky130_fd_sc_hd__buf_1    A =   3.75  Df = 459.9 -203.5 ps  S = 541.2 ps  Cin =  2.1 ff  Cout =  45.9 ff  Cmax = 130.0 ff  G = 2072  
ABC: Path  2 --    4789 : 1   10 sky130_fd_sc_hd__buf_1    A =   3.75  Df = 951.5 -366.7 ps  S = 548.4 ps  Cin =  2.1 ff  Cout =  46.9 ff  Cmax = 130.0 ff  G = 2115  
ABC: Path  3 --    4790 : 1   10 sky130_fd_sc_hd__buf_1    A =   3.75  Df =1499.9 -559.2 ps  S = 629.8 ps  Cin =  2.1 ff  Cout =  54.1 ff  Cmax = 130.0 ff  G = 2434  
ABC: Path  4 --    4791 : 1   10 sky130_fd_sc_hd__buf_1    A =   3.75  Df =1994.9 -712.2 ps  S = 544.6 ps  Cin =  2.1 ff  Cout =  46.6 ff  Cmax = 130.0 ff  G = 2108  
ABC: Path  5 --    4792 : 1   10 sky130_fd_sc_hd__buf_1    A =   3.75  Df =2512.4 -886.4 ps  S = 585.4 ps  Cin =  2.1 ff  Cout =  50.2 ff  Cmax = 130.0 ff  G = 2268  
ABC: Path  6 --    4827 : 6    1 sky130_fd_sc_hd__mux4_2   A =  22.52  Df =2888.7 -919.7 ps  S =  77.4 ps  Cin =  2.6 ff  Cout =   2.5 ff  Cmax = 301.2 ff  G =   88  
ABC: Path  7 --    4833 : 4    1 sky130_fd_sc_hd__o211a_2  A =  10.01  Df =3044.0 -834.9 ps  S =  41.9 ps  Cin =  2.4 ff  Cout =   2.3 ff  Cmax = 268.3 ff  G =   96  
ABC: Path  8 --    4840 : 5    1 sky130_fd_sc_hd__o32a_2   A =  11.26  Df =3178.5 -781.2 ps  S =  59.3 ps  Cin =  2.3 ff  Cout =   4.5 ff  Cmax = 300.3 ff  G =  190  
ABC: Path  9 --    4841 : 5    2 sky130_fd_sc_hd__o311ai_2 A =  16.27  Df =3259.1 -728.9 ps  S = 211.3 ps  Cin =  4.4 ff  Cout =   3.3 ff  Cmax =  82.4 ff  G =   71  
ABC: Path 10 --    4843 : 3    4 sky130_fd_sc_hd__mux2_2   A =  11.26  Df =3576.9 -800.4 ps  S = 102.9 ps  Cin =  2.3 ff  Cout =  16.2 ff  Cmax = 297.6 ff  G =  683  
ABC: Path 11 --    4942 : 3    4 sky130_fd_sc_hd__mux2_2   A =  11.26  Df =3877.4 -908.6 ps  S =  79.5 ps  Cin =  2.3 ff  Cout =  11.3 ff  Cmax = 297.6 ff  G =  472  
ABC: Path 12 --    5595 : 4    1 sky130_fd_sc_hd__a22o_2   A =  10.01  Df =4100.5  -61.1 ps  S =  38.1 ps  Cin =  2.3 ff  Cout =   2.4 ff  Cmax = 301.2 ff  G =   96  
ABC: Path 13 --    5596 : 5    1 sky130_fd_sc_hd__a221o_2  A =  11.26  Df =4380.6 -255.0 ps  S =  48.2 ps  Cin =  2.3 ff  Cout =   1.8 ff  Cmax = 299.4 ff  G =   73  
ABC: Path 14 --    5656 : 4    1 sky130_fd_sc_hd__or4_2    A =   8.76  Df =5027.1 -794.4 ps  S = 106.8 ps  Cin =  1.5 ff  Cout =   4.7 ff  Cmax = 310.4 ff  G =  295  
ABC: Path 15 --    5657 : 2    1 sky130_fd_sc_hd__nor2_2   A =   6.26  Df =5111.0 -853.9 ps  S =  57.6 ps  Cin =  4.4 ff  Cout =   1.6 ff  Cmax = 141.9 ff  G =   34  
ABC: Path 16 --    5658 : 3    1 sky130_fd_sc_hd__and3_2   A =   7.51  Df =5276.0 -761.1 ps  S =  40.0 ps  Cin =  1.5 ff  Cout =   2.2 ff  Cmax = 309.5 ff  G =  141  
ABC: Path 17 --    5659 : 1    8 sky130_fd_sc_hd__buf_1    A =   3.75  Df =5496.5 -826.7 ps  S = 249.9 ps  Cin =  2.1 ff  Cout =  20.6 ff  Cmax = 130.0 ff  G =  946  
ABC: Path 18 --    5663 : 2    1 sky130_fd_sc_hd__or2_2    A =   6.26  Df =5649.0 -691.5 ps  S =  51.5 ps  Cin =  1.5 ff  Cout =   2.2 ff  Cmax = 299.4 ff  G =  144  
ABC: Path 19 --    5664 : 1    9 sky130_fd_sc_hd__buf_1    A =   3.75  Df =5889.8 -761.8 ps  S = 284.1 ps  Cin =  2.1 ff  Cout =  23.6 ff  Cmax = 130.0 ff  G = 1066  
ABC: Path 20 --    5700 : 2    5 sky130_fd_sc_hd__or2_2    A =   6.26  Df =6096.9 -627.6 ps  S =  84.3 ps  Cin =  1.5 ff  Cout =  13.7 ff  Cmax = 299.4 ff  G =  901  
ABC: Path 21 --    7069 : 4    1 sky130_fd_sc_hd__or4_2    A =   8.76  Df =6211.9  -87.7 ps  S =  94.4 ps  Cin =  1.5 ff  Cout =   2.2 ff  Cmax = 310.4 ff  G =  140  
ABC: Path 22 --    7070 : 1    7 sky130_fd_sc_hd__buf_1    A =   3.75  Df =6521.8 -173.1 ps  S = 386.3 ps  Cin =  2.1 ff  Cout =  32.6 ff  Cmax = 130.0 ff  G = 1478  
ABC: Path 23 --    7085 : 1   10 sky130_fd_sc_hd__buf_1    A =   3.75  Df =6970.1 -328.4 ps  S = 501.3 ps  Cin =  2.1 ff  Cout =  42.7 ff  Cmax = 130.0 ff  G = 1941  
ABC: Path 24 --    7197 : 5    1 sky130_fd_sc_hd__o221a_2  A =  11.26  Df =7385.8 -338.8 ps  S = 197.1 ps  Cin =  2.3 ff  Cout =  33.4 ff  Cmax = 281.1 ff  G = 1424  
ABC: Start-point = pi73 (\ex_mm_reg.ALU_Result_Out [1]).  End-point = po605 ($auto$rtlil.cc:2607:MuxGate$15167).
ABC: + print_stats -m 
ABC: netlist                       : i/o = 1664/ 1652  lat =    0  nd =  6673  edge =  17164  area =58443.06  delay =26.00  lev = 26
ABC: + write_blif /tmp/yosys-abc-GYxF2i/output.blif 

67.1.2. Re-integrating ABC results.
ABC RESULTS:   sky130_fd_sc_hd__nor3b_2 cells:        1
ABC RESULTS:   sky130_fd_sc_hd__nand2b_2 cells:        2
ABC RESULTS:   sky130_fd_sc_hd__o311ai_2 cells:        1
ABC RESULTS:   sky130_fd_sc_hd__nor4_2 cells:        1
ABC RESULTS:   sky130_fd_sc_hd__o32a_2 cells:       35
ABC RESULTS:   sky130_fd_sc_hd__a2111o_2 cells:        1
ABC RESULTS:   sky130_fd_sc_hd__o211ai_2 cells:        2
ABC RESULTS:   sky130_fd_sc_hd__or4bb_2 cells:        1
ABC RESULTS:   sky130_fd_sc_hd__o21ba_2 cells:        3
ABC RESULTS:   sky130_fd_sc_hd__a32oi_2 cells:        2
ABC RESULTS:   sky130_fd_sc_hd__nor3_2 cells:        4
ABC RESULTS:   sky130_fd_sc_hd__o41a_2 cells:        3
ABC RESULTS:   sky130_fd_sc_hd__or2b_2 cells:       12
ABC RESULTS:   sky130_fd_sc_hd__mux4_2 cells:      434
ABC RESULTS:   sky130_fd_sc_hd__a32o_2 cells:       11
ABC RESULTS:   sky130_fd_sc_hd__a31oi_2 cells:        1
ABC RESULTS:   sky130_fd_sc_hd__nor2b_2 cells:        3
ABC RESULTS:   sky130_fd_sc_hd__a2bb2o_2 cells:       12
ABC RESULTS:   sky130_fd_sc_hd__a22oi_2 cells:       11
ABC RESULTS:   sky130_fd_sc_hd__a311o_2 cells:        3
ABC RESULTS:   sky130_fd_sc_hd__nand4b_2 cells:        2
ABC RESULTS:   sky130_fd_sc_hd__a2111oi_2 cells:        2
ABC RESULTS:   sky130_fd_sc_hd__o31ai_2 cells:        3
ABC RESULTS:   sky130_fd_sc_hd__a21bo_2 cells:       25
ABC RESULTS:   sky130_fd_sc_hd__and2b_2 cells:       12
ABC RESULTS:   sky130_fd_sc_hd__and4b_2 cells:        1
ABC RESULTS:   sky130_fd_sc_hd__xor2_2 cells:       32
ABC RESULTS:   sky130_fd_sc_hd__xnor2_2 cells:       42
ABC RESULTS:   sky130_fd_sc_hd__and3b_2 cells:       20
ABC RESULTS:   sky130_fd_sc_hd__and4bb_2 cells:        4
ABC RESULTS:   sky130_fd_sc_hd__and3_2 cells:       37
ABC RESULTS:   sky130_fd_sc_hd__and4_2 cells:        4
ABC RESULTS:   sky130_fd_sc_hd__nand3_2 cells:        8
ABC RESULTS:   sky130_fd_sc_hd__a211o_2 cells:       13
ABC RESULTS:   sky130_fd_sc_hd__or4_2 cells:       14
ABC RESULTS:   sky130_fd_sc_hd__or4b_2 cells:        5
ABC RESULTS:   sky130_fd_sc_hd__or3b_2 cells:       22
ABC RESULTS:   sky130_fd_sc_hd__o311a_2 cells:        1
ABC RESULTS:   sky130_fd_sc_hd__o22ai_2 cells:        2
ABC RESULTS:   sky130_fd_sc_hd__o31a_2 cells:        5
ABC RESULTS:   sky130_fd_sc_hd__o21ai_2 cells:       72
ABC RESULTS:   sky130_fd_sc_hd__o21a_2 cells:       45
ABC RESULTS:   sky130_fd_sc_hd__inv_2 cells:       74
ABC RESULTS:   sky130_fd_sc_hd__and2_2 cells:      196
ABC RESULTS:   sky130_fd_sc_hd__a221o_2 cells:       12
ABC RESULTS:   sky130_fd_sc_hd__a22o_2 cells:       50
ABC RESULTS:   sky130_fd_sc_hd__a31o_2 cells:       77
ABC RESULTS:   sky130_fd_sc_hd__o221a_2 cells:      166
ABC RESULTS:   sky130_fd_sc_hd__o2bb2a_2 cells:        8
ABC RESULTS:   sky130_fd_sc_hd__a21oi_2 cells:       51
ABC RESULTS:   sky130_fd_sc_hd__o22a_2 cells:      160
ABC RESULTS:   sky130_fd_sc_hd__a21o_2 cells:      214
ABC RESULTS:   sky130_fd_sc_hd__or3_2 cells:       30
ABC RESULTS:   sky130_fd_sc_hd__a211oi_2 cells:        8
ABC RESULTS:   sky130_fd_sc_hd__or2_2 cells:      222
ABC RESULTS:   sky130_fd_sc_hd__o211a_2 cells:      173
ABC RESULTS:   sky130_fd_sc_hd__nand2_2 cells:      128
ABC RESULTS:   sky130_fd_sc_hd__nor2_2 cells:      283
ABC RESULTS:   sky130_fd_sc_hd__mux2_2 cells:     1853
ABC RESULTS:   sky130_fd_sc_hd__buf_1 cells:     2054
ABC RESULTS:        internal signals:     4436
ABC RESULTS:           input signals:     1664
ABC RESULTS:          output signals:     1652
Removing temp directory.

68. Executing SETUNDEF pass (replace undef values with defined constants).

69. Executing HILOMAP pass (mapping to constant drivers).

70. Executing SPLITNETS pass (splitting up multi-bit signals).

71. Executing OPT_CLEAN pass (remove unused cells and wires).
Finding unused cells or wires in module \pipelined_processor..
Removed 10 unused cells and 7816 unused wires.
<suppressed ~224 debug messages>

72. Executing INSBUF pass (insert buffer cells for connected wires).

73. Executing CHECK pass (checking for obvious problems).
Checking module pipelined_processor...
Warning: Wire pipelined_processor.\zero_flag_port is used but has no driver.
Warning: Wire pipelined_processor.\pc_out_port [15] is used but has no driver.
Warning: Wire pipelined_processor.\pc_out_port [14] is used but has no driver.
Warning: Wire pipelined_processor.\pc_out_port [13] is used but has no driver.
Warning: Wire pipelined_processor.\pc_out_port [12] is used but has no driver.
Warning: Wire pipelined_processor.\pc_out_port [11] is used but has no driver.
Warning: Wire pipelined_processor.\pc_out_port [10] is used but has no driver.
Warning: Wire pipelined_processor.\pc_out_port [9] is used but has no driver.
Warning: Wire pipelined_processor.\pc_out_port [8] is used but has no driver.
Warning: Wire pipelined_processor.\pc_out_port [7] is used but has no driver.
Warning: Wire pipelined_processor.\pc_out_port [6] is used but has no driver.
Warning: Wire pipelined_processor.\pc_out_port [5] is used but has no driver.
Warning: Wire pipelined_processor.\pc_out_port [4] is used but has no driver.
Warning: Wire pipelined_processor.\pc_out_port [3] is used but has no driver.
Warning: Wire pipelined_processor.\pc_out_port [2] is used but has no driver.
Warning: Wire pipelined_processor.\pc_out_port [1] is used but has no driver.
Warning: Wire pipelined_processor.\pc_out_port [0] is used but has no driver.
Warning: Wire pipelined_processor.\debug_reg_data [15] is used but has no driver.
Warning: Wire pipelined_processor.\debug_reg_data [14] is used but has no driver.
Warning: Wire pipelined_processor.\debug_reg_data [13] is used but has no driver.
Warning: Wire pipelined_processor.\debug_reg_data [12] is used but has no driver.
Warning: Wire pipelined_processor.\debug_reg_data [11] is used but has no driver.
Warning: Wire pipelined_processor.\debug_reg_data [10] is used but has no driver.
Warning: Wire pipelined_processor.\debug_reg_data [9] is used but has no driver.
Warning: Wire pipelined_processor.\debug_reg_data [8] is used but has no driver.
Warning: Wire pipelined_processor.\debug_reg_data [7] is used but has no driver.
Warning: Wire pipelined_processor.\debug_reg_data [6] is used but has no driver.
Warning: Wire pipelined_processor.\debug_reg_data [5] is used but has no driver.
Warning: Wire pipelined_processor.\debug_reg_data [4] is used but has no driver.
Warning: Wire pipelined_processor.\debug_reg_data [3] is used but has no driver.
Warning: Wire pipelined_processor.\debug_reg_data [2] is used but has no driver.
Warning: Wire pipelined_processor.\debug_reg_data [1] is used but has no driver.
Warning: Wire pipelined_processor.\debug_reg_data [0] is used but has no driver.
Warning: Wire pipelined_processor.\debug_mem_data [15] is used but has no driver.
Warning: Wire pipelined_processor.\debug_mem_data [14] is used but has no driver.
Warning: Wire pipelined_processor.\debug_mem_data [13] is used but has no driver.
Warning: Wire pipelined_processor.\debug_mem_data [12] is used but has no driver.
Warning: Wire pipelined_processor.\debug_mem_data [11] is used but has no driver.
Warning: Wire pipelined_processor.\debug_mem_data [10] is used but has no driver.
Warning: Wire pipelined_processor.\debug_mem_data [9] is used but has no driver.
Warning: Wire pipelined_processor.\debug_mem_data [8] is used but has no driver.
Warning: Wire pipelined_processor.\debug_mem_data [7] is used but has no driver.
Warning: Wire pipelined_processor.\debug_mem_data [6] is used but has no driver.
Warning: Wire pipelined_processor.\debug_mem_data [5] is used but has no driver.
Warning: Wire pipelined_processor.\debug_mem_data [4] is used but has no driver.
Warning: Wire pipelined_processor.\debug_mem_data [3] is used but has no driver.
Warning: Wire pipelined_processor.\debug_mem_data [2] is used but has no driver.
Warning: Wire pipelined_processor.\debug_mem_data [1] is used but has no driver.
Warning: Wire pipelined_processor.\debug_mem_data [0] is used but has no driver.
Warning: Wire pipelined_processor.\carry_flag_port is used but has no driver.
Found and reported 50 problems.

74. Printing statistics.

=== pipelined_processor ===

   Number of wires:               8287
   Number of wire bits:           8357
   Number of public wires:        1630
   Number of public wire bits:    1700
   Number of memories:               0
   Number of memory bits:            0
   Number of processes:              0
   Number of cells:               8325
     sky130_fd_sc_hd__a2111o_2       1
     sky130_fd_sc_hd__a2111oi_2      2
     sky130_fd_sc_hd__a211o_2       13
     sky130_fd_sc_hd__a211oi_2       8
     sky130_fd_sc_hd__a21bo_2       25
     sky130_fd_sc_hd__a21o_2       214
     sky130_fd_sc_hd__a21oi_2       51
     sky130_fd_sc_hd__a221o_2       12
     sky130_fd_sc_hd__a22o_2        50
     sky130_fd_sc_hd__a22oi_2       11
     sky130_fd_sc_hd__a2bb2o_2      12
     sky130_fd_sc_hd__a311o_2        3
     sky130_fd_sc_hd__a31o_2        77
     sky130_fd_sc_hd__a31oi_2        1
     sky130_fd_sc_hd__a32o_2        11
     sky130_fd_sc_hd__a32oi_2        2
     sky130_fd_sc_hd__and2_2       196
     sky130_fd_sc_hd__and2b_2       12
     sky130_fd_sc_hd__and3_2        37
     sky130_fd_sc_hd__and3b_2       20
     sky130_fd_sc_hd__and4_2         4
     sky130_fd_sc_hd__and4b_2        1
     sky130_fd_sc_hd__and4bb_2       4
     sky130_fd_sc_hd__buf_1       2054
     sky130_fd_sc_hd__conb_1        16
     sky130_fd_sc_hd__dfxtp_2     1636
     sky130_fd_sc_hd__inv_2         74
     sky130_fd_sc_hd__mux2_2      1853
     sky130_fd_sc_hd__mux4_2       434
     sky130_fd_sc_hd__nand2_2      128
     sky130_fd_sc_hd__nand2b_2       2
     sky130_fd_sc_hd__nand3_2        8
     sky130_fd_sc_hd__nand4b_2       2
     sky130_fd_sc_hd__nor2_2       283
     sky130_fd_sc_hd__nor2b_2        3
     sky130_fd_sc_hd__nor3_2         4
     sky130_fd_sc_hd__nor3b_2        1
     sky130_fd_sc_hd__nor4_2         1
     sky130_fd_sc_hd__o211a_2      173
     sky130_fd_sc_hd__o211ai_2       2
     sky130_fd_sc_hd__o21a_2        45
     sky130_fd_sc_hd__o21ai_2       72
     sky130_fd_sc_hd__o21ba_2        3
     sky130_fd_sc_hd__o221a_2      166
     sky130_fd_sc_hd__o22a_2       160
     sky130_fd_sc_hd__o22ai_2        2
     sky130_fd_sc_hd__o2bb2a_2       8
     sky130_fd_sc_hd__o311a_2        1
     sky130_fd_sc_hd__o311ai_2       1
     sky130_fd_sc_hd__o31a_2         5
     sky130_fd_sc_hd__o31ai_2        3
     sky130_fd_sc_hd__o32a_2        35
     sky130_fd_sc_hd__o41a_2         3
     sky130_fd_sc_hd__or2_2        222
     sky130_fd_sc_hd__or2b_2        12
     sky130_fd_sc_hd__or3_2         30
     sky130_fd_sc_hd__or3b_2        22
     sky130_fd_sc_hd__or4_2         14
     sky130_fd_sc_hd__or4b_2         5
     sky130_fd_sc_hd__or4bb_2        1
     sky130_fd_sc_hd__xnor2_2       42
     sky130_fd_sc_hd__xor2_2        32

   Chip area for module '\pipelined_processor': 93306.988800

75. Executing Verilog backend.
Dumping module `\pipelined_processor'.

Warnings: 53 unique messages, 53 total
End of script. Logfile hash: 0f868c4d92, CPU: user 3.14s system 0.06s, MEM: 52.38 MB peak
Yosys 0.30+48 (git sha1 14d50a176d5, gcc 8.3.1 -fPIC -Os)
Time spent: 76% 2x abc (9 sec), 7% 2x write_verilog (0 sec), ...
