OpenROAD 41a51eaf4ca2171c92ff38afb91eb37bbd3f36da 
This program is licensed under the BSD-3 license. See the LICENSE file for details.
Components of this program may be licensed under more restrictive licenses which must be honored.
[INFO]: Reading ODB at '/openlane/designs/my_processor/runs/RUN_CLEAN/results/routing/pipelined_processor.odb'…
define_corners Typical
read_liberty -corner Typical /home/kushagra/.ciel/sky130A/libs.ref/sky130_fd_sc_hd/lib/sky130_fd_sc_hd__tt_025C_1v80.lib
Using 1e-12 for capacitance...
Using 1e+03 for resistance...
Using 1e-09 for time...
Using 1e+00 for voltage...
Using 1e-03 for current...
Using 1e-09 for power...
Using 1e-06 for distance...
Reading design constraints file at '/openlane/designs/my_processor/runs/RUN_CLEAN/tmp/17-pipelined_processor.sdc'…
Net: _02328_
  Pin: _14386_/A (sky130_fd_sc_hd__buf_2)
    Layer: met2
      Partial area ratio:    7.43
      Required ratio:    0.00 (Gate area) 
      Partial area ratio:   37.87
      Required ratio: 2778.20 (Side area) 
      Cumulative area ratio:   23.48
      Required ratio:    0.00 (Cumulative area) 
      Cumulative area ratio:  119.31
      Required ratio:    0.00 (Cumulative side area) 

    Layer: met1
      Partial area ratio:   16.04
      Required ratio:    0.00 (Gate area) 
      Partial area ratio:   81.45
      Required ratio:  400.00 (Side area) 
      Cumulative area ratio:   16.04
      Required ratio:    0.00 (Cumulative area) 
      Cumulative area ratio:   81.45
      Required ratio:    0.00 (Cumulative side area) 

    Layer: li1
      Partial area ratio:    0.00
      Required ratio:    0.00 (Gate area) 
      Partial area ratio:    0.00
      Required ratio:   75.00 (Side area) 
      Cumulative area ratio:    0.00
      Required ratio:    0.00 (Cumulative area) 
      Cumulative area ratio:    0.00
      Required ratio:    0.00 (Cumulative side area) 

    Via: M1M2_PR
      Partial area ratio:    0.28
      Required ratio:    6.00 (Gate area) 
      Cumulative area ratio:    0.46
      Required ratio:    0.00 (Cumulative area) 

    Via: L1M1_PR
      Partial area ratio:    0.18
      Required ratio:    3.00 (Gate area) 
      Cumulative area ratio:    0.18
      Required ratio:    0.00 (Cumulative area) 

  Pin: _14397_/A (sky130_fd_sc_hd__buf_2)
    Layer: met2
      Partial area ratio:    7.43
      Required ratio:    0.00 (Gate area) 
      Partial area ratio:   37.87
      Required ratio: 2778.20 (Side area) 
      Cumulative area ratio:  114.73
      Required ratio:    0.00 (Cumulative area) 
      Cumulative area ratio:  586.07
      Required ratio:    0.00 (Cumulative side area) 

    Layer: met1
      Partial area ratio:    2.15
      Required ratio:    0.00 (Gate area) 
      Partial area ratio:   11.36
      Required ratio:  400.00 (Side area) 
      Cumulative area ratio:    2.15
      Required ratio:    0.00 (Cumulative area) 
      Cumulative area ratio:   11.36
      Required ratio:    0.00 (Cumulative side area) 

    Layer: li1
      Partial area ratio:    0.00
      Required ratio:    0.00 (Gate area) 
      Partial area ratio:    0.00
      Required ratio:   75.00 (Side area) 
      Cumulative area ratio:    0.00
      Required ratio:    0.00 (Cumulative area) 
      Cumulative area ratio:    0.00
      Required ratio:    0.00 (Cumulative side area) 

    Via: M1M2_PR
      Partial area ratio:    0.14
      Required ratio:    6.00 (Gate area) 
      Cumulative area ratio:    0.32
      Required ratio:    0.00 (Cumulative area) 

    Via: L1M1_PR
      Partial area ratio:    0.18
      Required ratio:    3.00 (Gate area) 
      Cumulative area ratio:    0.18
      Required ratio:    0.00 (Cumulative area) 

  Pin: _14417_/A (sky130_fd_sc_hd__buf_2)
    Layer: met2
      Partial area ratio:    7.43
      Required ratio:    0.00 (Gate area) 
      Partial area ratio:   37.87
      Required ratio: 2778.20 (Side area) 
      Cumulative area ratio:  112.58
      Required ratio:    0.00 (Cumulative area) 
      Cumulative area ratio:  574.71
      Required ratio:    0.00 (Cumulative side area) 

    Layer: met1
      Partial area ratio:   89.11
      Required ratio:    0.00 (Gate area) 
      Partial area ratio:  455.40
      Required ratio:  400.00 (Side area) (VIOLATED)
      Cumulative area ratio:   89.11
      Required ratio:    0.00 (Cumulative area) 
      Cumulative area ratio:  455.40
      Required ratio:    0.00 (Cumulative side area) 

    Layer: li1
      Partial area ratio:    0.00
      Required ratio:    0.00 (Gate area) 
      Partial area ratio:    0.00
      Required ratio:   75.00 (Side area) 
      Cumulative area ratio:    0.00
      Required ratio:    0.00 (Cumulative area) 
      Cumulative area ratio:    0.00
      Required ratio:    0.00 (Cumulative side area) 

    Via: M1M2_PR
      Partial area ratio:    0.42
      Required ratio:    6.00 (Gate area) 
      Cumulative area ratio:    0.61
      Required ratio:    0.00 (Cumulative area) 

    Via: L1M1_PR
      Partial area ratio:    0.18
      Required ratio:    3.00 (Gate area) 
      Cumulative area ratio:    0.18
      Required ratio:    0.00 (Cumulative area) 

  Pin: _14407_/A (sky130_fd_sc_hd__buf_2)
    Layer: met2
      Partial area ratio:    7.43
      Required ratio:    0.00 (Gate area) 
      Partial area ratio:   37.87
      Required ratio: 2778.20 (Side area) 
      Cumulative area ratio:  113.92
      Required ratio:    0.00 (Cumulative area) 
      Cumulative area ratio:  582.02
      Required ratio:    0.00 (Cumulative side area) 

    Layer: met1
      Partial area ratio:    1.34
      Required ratio:    0.00 (Gate area) 
      Partial area ratio:    7.31
      Required ratio:  400.00 (Side area) 
      Cumulative area ratio:    1.34
      Required ratio:    0.00 (Cumulative area) 
      Cumulative area ratio:    7.31
      Required ratio:    0.00 (Cumulative side area) 

    Layer: li1
      Partial area ratio:    0.00
      Required ratio:    0.00 (Gate area) 
      Partial area ratio:    0.00
      Required ratio:   75.00 (Side area) 
      Cumulative area ratio:    0.00
      Required ratio:    0.00 (Cumulative area) 
      Cumulative area ratio:    0.00
      Required ratio:    0.00 (Cumulative side area) 

    Via: M1M2_PR
      Partial area ratio:    0.14
      Required ratio:    6.00 (Gate area) 
      Cumulative area ratio:    0.32
      Required ratio:    0.00 (Cumulative area) 

    Via: L1M1_PR
      Partial area ratio:    0.18
      Required ratio:    3.00 (Gate area) 
      Cumulative area ratio:    0.18
      Required ratio:    0.00 (Cumulative area) 

  Pin: _14387_/B (sky130_fd_sc_hd__nand2_2)
    Layer: met2
      Partial area ratio:    7.43
      Required ratio:    0.00 (Gate area) 
      Partial area ratio:   37.87
      Required ratio: 2778.20 (Side area) 
      Cumulative area ratio:    7.60
      Required ratio:    0.00 (Cumulative area) 
      Cumulative area ratio:   38.91
      Required ratio:    0.00 (Cumulative side area) 

    Layer: met1
      Partial area ratio:    0.17
      Required ratio:    0.00 (Gate area) 
      Partial area ratio:    1.05
      Required ratio:  400.00 (Side area) 
      Cumulative area ratio:    0.17
      Required ratio:    0.00 (Cumulative area) 
      Cumulative area ratio:    1.05
      Required ratio:    0.00 (Cumulative side area) 

    Layer: li1
      Partial area ratio:    0.00
      Required ratio:    0.00 (Gate area) 
      Partial area ratio:    0.00
      Required ratio:   75.00 (Side area) 
      Cumulative area ratio:    0.00
      Required ratio:    0.00 (Cumulative area) 
      Cumulative area ratio:    0.00
      Required ratio:    0.00 (Cumulative side area) 

    Via: M1M2_PR
      Partial area ratio:    0.05
      Required ratio:    6.00 (Gate area) 
      Cumulative area ratio:    0.10
      Required ratio:    0.00 (Cumulative area) 

    Via: L1M1_PR
      Partial area ratio:    0.06
      Required ratio:    3.00 (Gate area) 
      Cumulative area ratio:    0.06
      Required ratio:    0.00 (Cumulative area) 


Net: _04274_
  Pin: _09269_/A (sky130_fd_sc_hd__buf_2)
    Layer: met3
      Partial area ratio:   11.71
      Required ratio:    0.00 (Gate area) 
      Partial area ratio:   63.74
      Required ratio: 3236.16 (Side area) 
      Cumulative area ratio:  115.79
      Required ratio:    0.00 (Cumulative area) 
      Cumulative area ratio:  592.16
      Required ratio:    0.00 (Cumulative side area) 

    Layer: met2
      Partial area ratio:   90.00
      Required ratio:    0.00 (Gate area) 
      Partial area ratio:  454.99
      Required ratio:  400.00 (Side area) (VIOLATED)
      Cumulative area ratio:  104.07
      Required ratio:    0.00 (Cumulative area) 
      Cumulative area ratio:  528.42
      Required ratio:    0.00 (Cumulative side area) 

    Layer: met1
      Partial area ratio:   14.07
      Required ratio:    0.00 (Gate area) 
      Partial area ratio:   73.43
      Required ratio:  400.00 (Side area) 
      Cumulative area ratio:   14.07
      Required ratio:    0.00 (Cumulative area) 
      Cumulative area ratio:   73.43
      Required ratio:    0.00 (Cumulative side area) 

    Layer: li1
      Partial area ratio:    0.00
      Required ratio:    0.00 (Gate area) 
      Partial area ratio:    0.00
      Required ratio:   75.00 (Side area) 
      Cumulative area ratio:    0.00
      Required ratio:    0.00 (Cumulative area) 
      Cumulative area ratio:    0.00
      Required ratio:    0.00 (Cumulative side area) 

    Layer: met4
      Partial area ratio:   15.84
      Required ratio:    0.00 (Gate area) 
      Partial area ratio:   84.76
      Required ratio: 3236.16 (Side area) 
      Cumulative area ratio:  131.62
      Required ratio:    0.00 (Cumulative area) 
      Cumulative area ratio:  676.92
      Required ratio:    0.00 (Cumulative side area) 

    Via: M3M4_PR
      Partial area ratio:    0.03
      Required ratio:    6.00 (Gate area) 
      Cumulative area ratio:    0.78
      Required ratio:    0.00 (Cumulative area) 

    Via: M2M3_PR
      Partial area ratio:    0.15
      Required ratio:    6.00 (Gate area) 
      Cumulative area ratio:    0.76
      Required ratio:    0.00 (Cumulative area) 

    Via: M1M2_PR
      Partial area ratio:    0.42
      Required ratio:    6.00 (Gate area) 
      Cumulative area ratio:    0.61
      Required ratio:    0.00 (Cumulative area) 

    Via: L1M1_PR
      Partial area ratio:    0.18
      Required ratio:    3.00 (Gate area) 
      Cumulative area ratio:    0.18
      Required ratio:    0.00 (Cumulative area) 

  Pin: _09250_/A (sky130_fd_sc_hd__buf_2)
    Layer: met4
      Partial area ratio:   15.84
      Required ratio:    0.00 (Gate area) 
      Partial area ratio:   84.76
      Required ratio: 3236.16 (Side area) 
      Cumulative area ratio:   18.91
      Required ratio:    0.00 (Cumulative area) 
      Cumulative area ratio:  104.08
      Required ratio:    0.00 (Cumulative side area) 

    Layer: met3
      Partial area ratio:    1.00
      Required ratio:    0.00 (Gate area) 
      Partial area ratio:    8.35
      Required ratio:  400.00 (Side area) 
      Cumulative area ratio:    3.07
      Required ratio:    0.00 (Cumulative area) 
      Cumulative area ratio:   19.31
      Required ratio:    0.00 (Cumulative side area) 

    Layer: met2
      Partial area ratio:    2.07
      Required ratio:    0.00 (Gate area) 
      Partial area ratio:   10.96
      Required ratio:  400.00 (Side area) 
      Cumulative area ratio:    2.07
      Required ratio:    0.00 (Cumulative area) 
      Cumulative area ratio:   10.96
      Required ratio:    0.00 (Cumulative side area) 

    Layer: met1
      Partial area ratio:    0.00
      Required ratio:    0.00 (Gate area) 
      Partial area ratio:    0.00
      Required ratio:  400.00 (Side area) 
      Cumulative area ratio:    0.00
      Required ratio:    0.00 (Cumulative area) 
      Cumulative area ratio:    0.00
      Required ratio:    0.00 (Cumulative side area) 

    Layer: li1
      Partial area ratio:    0.00
      Required ratio:    0.00 (Gate area) 
      Partial area ratio:    0.00
      Required ratio:   75.00 (Side area) 
      Cumulative area ratio:    0.00
      Required ratio:    0.00 (Cumulative area) 
      Cumulative area ratio:    0.00
      Required ratio:    0.00 (Cumulative side area) 

    Via: M3M4_PR
      Partial area ratio:    0.25
      Required ratio:    6.00 (Gate area) 
      Cumulative area ratio:    0.83
      Required ratio:    0.00 (Cumulative area) 

    Via: M2M3_PR
      Partial area ratio:    0.25
      Required ratio:    6.00 (Gate area) 
      Cumulative area ratio:    0.57
      Required ratio:    0.00 (Cumulative area) 

    Via: M1M2_PR
      Partial area ratio:    0.14
      Required ratio:    6.00 (Gate area) 
      Cumulative area ratio:    0.32
      Required ratio:    0.00 (Cumulative area) 

    Via: L1M1_PR
      Partial area ratio:    0.18
      Required ratio:    3.00 (Gate area) 
      Cumulative area ratio:    0.18
      Required ratio:    0.00 (Cumulative area) 

  Pin: _08746_/A (sky130_fd_sc_hd__buf_2)
    Layer: met3
      Partial area ratio:   11.71
      Required ratio:    0.00 (Gate area) 
      Partial area ratio:   63.74
      Required ratio: 3236.16 (Side area) 
      Cumulative area ratio:  130.40
      Required ratio:    0.00 (Cumulative area) 
      Cumulative area ratio:  666.17
      Required ratio:    0.00 (Cumulative side area) 

    Layer: met2
      Partial area ratio:   90.00
      Required ratio:    0.00 (Gate area) 
      Partial area ratio:  454.99
      Required ratio:  400.00 (Side area) (VIOLATED)
      Cumulative area ratio:  118.69
      Required ratio:    0.00 (Cumulative area) 
      Cumulative area ratio:  602.43
      Required ratio:    0.00 (Cumulative side area) 

    Layer: met4
      Partial area ratio:   15.84
      Required ratio:    0.00 (Gate area) 
      Partial area ratio:   84.76
      Required ratio: 3236.16 (Side area) 
      Cumulative area ratio:  146.24
      Required ratio:    0.00 (Cumulative area) 
      Cumulative area ratio:  750.93
      Required ratio:    0.00 (Cumulative side area) 

    Layer: met1
      Partial area ratio:    0.00
      Required ratio:    0.00 (Gate area) 
      Partial area ratio:    0.00
      Required ratio:  400.00 (Side area) 
      Cumulative area ratio:    0.00
      Required ratio:    0.00 (Cumulative area) 
      Cumulative area ratio:    0.00
      Required ratio:    0.00 (Cumulative side area) 

    Layer: li1
      Partial area ratio:    0.00
      Required ratio:    0.00 (Gate area) 
      Partial area ratio:    0.00
      Required ratio:   75.00 (Side area) 
      Cumulative area ratio:    0.00
      Required ratio:    0.00 (Cumulative area) 
      Cumulative area ratio:    0.00
      Required ratio:    0.00 (Cumulative side area) 

    Via: M3M4_PR
      Partial area ratio:    0.03
      Required ratio:    6.00 (Gate area) 
      Cumulative area ratio:    1.14
      Required ratio:    0.00 (Cumulative area) 

    Via: M2M3_PR
      Partial area ratio:    0.15
      Required ratio:    6.00 (Gate area) 
      Cumulative area ratio:    1.11
      Required ratio:    0.00 (Cumulative area) 

    Via: M1M2_PR
      Partial area ratio:    0.14
      Required ratio:    6.00 (Gate area) 
      Cumulative area ratio:    0.32
      Required ratio:    0.00 (Cumulative area) 

    Via: L1M1_PR
      Partial area ratio:    0.18
      Required ratio:    3.00 (Gate area) 
      Cumulative area ratio:    0.18
      Required ratio:    0.00 (Cumulative area) 

  Pin: _08770_/A (sky130_fd_sc_hd__clkbuf_2)
    Layer: met3
      Partial area ratio:   11.71
      Required ratio:    0.00 (Gate area) 
      Partial area ratio:   63.74
      Required ratio: 3236.16 (Side area) 
      Cumulative area ratio:  130.40
      Required ratio:    0.00 (Cumulative area) 
      Cumulative area ratio:  666.17
      Required ratio:    0.00 (Cumulative side area) 

    Layer: met2
      Partial area ratio:   90.00
      Required ratio:    0.00 (Gate area) 
      Partial area ratio:  454.99
      Required ratio:  400.00 (Side area) (VIOLATED)
      Cumulative area ratio:  118.69
      Required ratio:    0.00 (Cumulative area) 
      Cumulative area ratio:  602.43
      Required ratio:    0.00 (Cumulative side area) 

    Layer: met4
      Partial area ratio:   15.84
      Required ratio:    0.00 (Gate area) 
      Partial area ratio:   84.76
      Required ratio: 3236.16 (Side area) 
      Cumulative area ratio:  146.24
      Required ratio:    0.00 (Cumulative area) 
      Cumulative area ratio:  750.93
      Required ratio:    0.00 (Cumulative side area) 

    Layer: met1
      Partial area ratio:   14.62
      Required ratio:    0.00 (Gate area) 
      Partial area ratio:   74.01
      Required ratio:  400.00 (Side area) 
      Cumulative area ratio:   14.62
      Required ratio:    0.00 (Cumulative area) 
      Cumulative area ratio:   74.01
      Required ratio:    0.00 (Cumulative side area) 

    Layer: li1
      Partial area ratio:    0.00
      Required ratio:    0.00 (Gate area) 
      Partial area ratio:    0.00
      Required ratio:   75.00 (Side area) 
      Cumulative area ratio:    0.00
      Required ratio:    0.00 (Cumulative area) 
      Cumulative area ratio:    0.00
      Required ratio:    0.00 (Cumulative side area) 

    Via: M3M4_PR
      Partial area ratio:    0.03
      Required ratio:    6.00 (Gate area) 
      Cumulative area ratio:    0.95
      Required ratio:    0.00 (Cumulative area) 

    Via: M2M3_PR
      Partial area ratio:    0.15
      Required ratio:    6.00 (Gate area) 
      Cumulative area ratio:    0.92
      Required ratio:    0.00 (Cumulative area) 

    Via: M1M2_PR
      Partial area ratio:    0.21
      Required ratio:    6.00 (Gate area) 
      Cumulative area ratio:    0.35
      Required ratio:    0.00 (Cumulative area) 

    Via: L1M1_PR
      Partial area ratio:    0.14
      Required ratio:    3.00 (Gate area) 
      Cumulative area ratio:    0.14
      Required ratio:    0.00 (Cumulative area) 

  Pin: _09468_/B1 (sky130_fd_sc_hd__a21o_1)
    Layer: met3
      Partial area ratio:   11.71
      Required ratio:    0.00 (Gate area) 
      Partial area ratio:   63.74
      Required ratio: 3236.16 (Side area) 
      Cumulative area ratio:   21.99
      Required ratio:    0.00 (Cumulative area) 
      Cumulative area ratio:  117.00
      Required ratio:    0.00 (Cumulative side area) 

    Layer: met4
      Partial area ratio:   15.84
      Required ratio:    0.00 (Gate area) 
      Partial area ratio:   84.76
      Required ratio: 3236.16 (Side area) 
      Cumulative area ratio:   37.83
      Required ratio:    0.00 (Cumulative area) 
      Cumulative area ratio:  201.76
      Required ratio:    0.00 (Cumulative side area) 

    Layer: met2
      Partial area ratio:    1.87
      Required ratio:    0.00 (Gate area) 
      Partial area ratio:    9.85
      Required ratio:  400.00 (Side area) 
      Cumulative area ratio:   10.28
      Required ratio:    0.00 (Cumulative area) 
      Cumulative area ratio:   53.26
      Required ratio:    0.00 (Cumulative side area) 

    Layer: met1
      Partial area ratio:    8.41
      Required ratio:    0.00 (Gate area) 
      Partial area ratio:   43.41
      Required ratio:  400.00 (Side area) 
      Cumulative area ratio:    8.41
      Required ratio:    0.00 (Cumulative area) 
      Cumulative area ratio:   43.41
      Required ratio:    0.00 (Cumulative side area) 

    Layer: li1
      Partial area ratio:    0.00
      Required ratio:    0.00 (Gate area) 
      Partial area ratio:    0.00
      Required ratio:   75.00 (Side area) 
      Cumulative area ratio:    0.00
      Required ratio:    0.00 (Cumulative area) 
      Cumulative area ratio:    0.00
      Required ratio:    0.00 (Cumulative side area) 

    Via: M3M4_PR
      Partial area ratio:    0.03
      Required ratio:    6.00 (Gate area) 
      Cumulative area ratio:    0.27
      Required ratio:    0.00 (Cumulative area) 

    Via: M2M3_PR
      Partial area ratio:    0.04
      Required ratio:    6.00 (Gate area) 
      Cumulative area ratio:    0.25
      Required ratio:    0.00 (Cumulative area) 

    Via: M1M2_PR
      Partial area ratio:    0.09
      Required ratio:    6.00 (Gate area) 
      Cumulative area ratio:    0.21
      Required ratio:    0.00 (Cumulative area) 

    Via: L1M1_PR
      Partial area ratio:    0.12
      Required ratio:    3.00 (Gate area) 
      Cumulative area ratio:    0.12
      Required ratio:    0.00 (Cumulative area) 

  Pin: _09627_/B1 (sky130_fd_sc_hd__a21o_1)
    Layer: met3
      Partial area ratio:   11.71
      Required ratio:    0.00 (Gate area) 
      Partial area ratio:   63.74
      Required ratio: 3236.16 (Side area) 
      Cumulative area ratio:   21.99
      Required ratio:    0.00 (Cumulative area) 
      Cumulative area ratio:  117.00
      Required ratio:    0.00 (Cumulative side area) 

    Layer: met4
      Partial area ratio:   15.84
      Required ratio:    0.00 (Gate area) 
      Partial area ratio:   84.76
      Required ratio: 3236.16 (Side area) 
      Cumulative area ratio:   37.83
      Required ratio:    0.00 (Cumulative area) 
      Cumulative area ratio:  201.76
      Required ratio:    0.00 (Cumulative side area) 

    Layer: met2
      Partial area ratio:    1.87
      Required ratio:    0.00 (Gate area) 
      Partial area ratio:    9.85
      Required ratio:  400.00 (Side area) 
      Cumulative area ratio:   10.28
      Required ratio:    0.00 (Cumulative area) 
      Cumulative area ratio:   53.26
      Required ratio:    0.00 (Cumulative side area) 

    Layer: met1
      Partial area ratio:    0.00
      Required ratio:    0.00 (Gate area) 
      Partial area ratio:    0.00
      Required ratio:  400.00 (Side area) 
      Cumulative area ratio:    0.00
      Required ratio:    0.00 (Cumulative area) 
      Cumulative area ratio:    0.00
      Required ratio:    0.00 (Cumulative side area) 

    Layer: li1
      Partial area ratio:    0.00
      Required ratio:    0.00 (Gate area) 
      Partial area ratio:    0.00
      Required ratio:   75.00 (Side area) 
      Cumulative area ratio:    0.00
      Required ratio:    0.00 (Cumulative area) 
      Cumulative area ratio:    0.00
      Required ratio:    0.00 (Cumulative side area) 

    Via: M3M4_PR
      Partial area ratio:    0.03
      Required ratio:    6.00 (Gate area) 
      Cumulative area ratio:    0.37
      Required ratio:    0.00 (Cumulative area) 

    Via: M2M3_PR
      Partial area ratio:    0.04
      Required ratio:    6.00 (Gate area) 
      Cumulative area ratio:    0.34
      Required ratio:    0.00 (Cumulative area) 

    Via: M1M2_PR
      Partial area ratio:    0.09
      Required ratio:    6.00 (Gate area) 
      Cumulative area ratio:    0.21
      Required ratio:    0.00 (Cumulative area) 

    Via: L1M1_PR
      Partial area ratio:    0.12
      Required ratio:    3.00 (Gate area) 
      Cumulative area ratio:    0.12
      Required ratio:    0.00 (Cumulative area) 

  Pin: _09574_/B1 (sky130_fd_sc_hd__a21o_1)
    Layer: met3
      Partial area ratio:   11.71
      Required ratio:    0.00 (Gate area) 
      Partial area ratio:   63.74
      Required ratio: 3236.16 (Side area) 
      Cumulative area ratio:   21.99
      Required ratio:    0.00 (Cumulative area) 
      Cumulative area ratio:  117.00
      Required ratio:    0.00 (Cumulative side area) 

    Layer: met4
      Partial area ratio:   15.84
      Required ratio:    0.00 (Gate area) 
      Partial area ratio:   84.76
      Required ratio: 3236.16 (Side area) 
      Cumulative area ratio:   37.83
      Required ratio:    0.00 (Cumulative area) 
      Cumulative area ratio:  201.76
      Required ratio:    0.00 (Cumulative side area) 

    Layer: met2
      Partial area ratio:    1.87
      Required ratio:    0.00 (Gate area) 
      Partial area ratio:    9.85
      Required ratio:  400.00 (Side area) 
      Cumulative area ratio:   10.28
      Required ratio:    0.00 (Cumulative area) 
      Cumulative area ratio:   53.26
      Required ratio:    0.00 (Cumulative side area) 

    Layer: met1
      Partial area ratio:    8.41
      Required ratio:    0.00 (Gate area) 
      Partial area ratio:   43.41
      Required ratio:  400.00 (Side area) 
      Cumulative area ratio:    8.41
      Required ratio:    0.00 (Cumulative area) 
      Cumulative area ratio:   43.41
      Required ratio:    0.00 (Cumulative side area) 

    Layer: li1
      Partial area ratio:    0.00
      Required ratio:    0.00 (Gate area) 
      Partial area ratio:    0.00
      Required ratio:   75.00 (Side area) 
      Cumulative area ratio:    0.00
      Required ratio:    0.00 (Cumulative area) 
      Cumulative area ratio:    0.00
      Required ratio:    0.00 (Cumulative side area) 

    Via: M3M4_PR
      Partial area ratio:    0.03
      Required ratio:    6.00 (Gate area) 
      Cumulative area ratio:    0.27
      Required ratio:    0.00 (Cumulative area) 

    Via: M2M3_PR
      Partial area ratio:    0.04
      Required ratio:    6.00 (Gate area) 
      Cumulative area ratio:    0.25
      Required ratio:    0.00 (Cumulative area) 

    Via: M1M2_PR
      Partial area ratio:    0.09
      Required ratio:    6.00 (Gate area) 
      Cumulative area ratio:    0.21
      Required ratio:    0.00 (Cumulative area) 

    Via: L1M1_PR
      Partial area ratio:    0.12
      Required ratio:    3.00 (Gate area) 
      Cumulative area ratio:    0.12
      Required ratio:    0.00 (Cumulative area) 

  Pin: _09521_/B1 (sky130_fd_sc_hd__a21o_1)
    Layer: met3
      Partial area ratio:   11.71
      Required ratio:    0.00 (Gate area) 
      Partial area ratio:   63.74
      Required ratio: 3236.16 (Side area) 
      Cumulative area ratio:   13.92
      Required ratio:    0.00 (Cumulative area) 
      Cumulative area ratio:   75.68
      Required ratio:    0.00 (Cumulative side area) 

    Layer: met4
      Partial area ratio:   15.84
      Required ratio:    0.00 (Gate area) 
      Partial area ratio:   84.76
      Required ratio: 3236.16 (Side area) 
      Cumulative area ratio:   29.76
      Required ratio:    0.00 (Cumulative area) 
      Cumulative area ratio:  160.44
      Required ratio:    0.00 (Cumulative side area) 

    Layer: met2
      Partial area ratio:    1.87
      Required ratio:    0.00 (Gate area) 
      Partial area ratio:    9.85
      Required ratio:  400.00 (Side area) 
      Cumulative area ratio:    2.21
      Required ratio:    0.00 (Cumulative area) 
      Cumulative area ratio:   11.94
      Required ratio:    0.00 (Cumulative side area) 

    Layer: met1
      Partial area ratio:    0.34
      Required ratio:    0.00 (Gate area) 
      Partial area ratio:    2.09
      Required ratio:  400.00 (Side area) 
      Cumulative area ratio:    0.34
      Required ratio:    0.00 (Cumulative area) 
      Cumulative area ratio:    2.09
      Required ratio:    0.00 (Cumulative side area) 

    Layer: li1
      Partial area ratio:    0.00
      Required ratio:    0.00 (Gate area) 
      Partial area ratio:    0.00
      Required ratio:   75.00 (Side area) 
      Cumulative area ratio:    0.00
      Required ratio:    0.00 (Cumulative area) 
      Cumulative area ratio:    0.00
      Required ratio:    0.00 (Cumulative side area) 

    Via: M3M4_PR
      Partial area ratio:    0.03
      Required ratio:    6.00 (Gate area) 
      Cumulative area ratio:    0.27
      Required ratio:    0.00 (Cumulative area) 

    Via: M2M3_PR
      Partial area ratio:    0.04
      Required ratio:    6.00 (Gate area) 
      Cumulative area ratio:    0.25
      Required ratio:    0.00 (Cumulative area) 

    Via: M1M2_PR
      Partial area ratio:    0.09
      Required ratio:    6.00 (Gate area) 
      Cumulative area ratio:    0.21
      Required ratio:    0.00 (Cumulative area) 

    Via: L1M1_PR
      Partial area ratio:    0.12
      Required ratio:    3.00 (Gate area) 
      Cumulative area ratio:    0.12
      Required ratio:    0.00 (Cumulative area) 


Net: _05205_
  Pin: _09693_/A (sky130_fd_sc_hd__buf_4)
    Layer: met3
      Partial area ratio:   10.16
      Required ratio:    0.00 (Gate area) 
      Partial area ratio:   55.09
      Required ratio: 3744.80 (Side area) 
      Cumulative area ratio:   30.08
      Required ratio:    0.00 (Cumulative area) 
      Cumulative area ratio:  157.35
      Required ratio:    0.00 (Cumulative side area) 

    Layer: met2
      Partial area ratio:    9.41
      Required ratio:    0.00 (Gate area) 
      Partial area ratio:   48.52
      Required ratio:  400.00 (Side area) 
      Cumulative area ratio:   19.92
      Required ratio:    0.00 (Cumulative area) 
      Cumulative area ratio:  102.25
      Required ratio:    0.00 (Cumulative side area) 

    Layer: met1
      Partial area ratio:   10.51
      Required ratio:    0.00 (Gate area) 
      Partial area ratio:   53.74
      Required ratio:  400.00 (Side area) 
      Cumulative area ratio:   10.51
      Required ratio:    0.00 (Cumulative area) 
      Cumulative area ratio:   53.74
      Required ratio:    0.00 (Cumulative side area) 

    Layer: li1
      Partial area ratio:    0.00
      Required ratio:    0.00 (Gate area) 
      Partial area ratio:    0.00
      Required ratio:   75.00 (Side area) 
      Cumulative area ratio:    0.00
      Required ratio:    0.00 (Cumulative area) 
      Cumulative area ratio:    0.00
      Required ratio:    0.00 (Cumulative side area) 

    Via: M2M3_PR
      Partial area ratio:    0.05
      Required ratio:    6.00 (Gate area) 
      Cumulative area ratio:    0.26
      Required ratio:    0.00 (Cumulative area) 

    Via: M1M2_PR
      Partial area ratio:    0.09
      Required ratio:    6.00 (Gate area) 
      Cumulative area ratio:    0.21
      Required ratio:    0.00 (Cumulative area) 

    Via: L1M1_PR
      Partial area ratio:    0.12
      Required ratio:    3.00 (Gate area) 
      Cumulative area ratio:    0.12
      Required ratio:    0.00 (Cumulative area) 

  Pin: _10708_/A (sky130_fd_sc_hd__or2_1)
    Layer: met3
      Partial area ratio:   10.16
      Required ratio:    0.00 (Gate area) 
      Partial area ratio:   55.09
      Required ratio: 3744.80 (Side area) 
      Cumulative area ratio:   23.46
      Required ratio:    0.00 (Cumulative area) 
      Cumulative area ratio:  124.61
      Required ratio:    0.00 (Cumulative side area) 

    Layer: met2
      Partial area ratio:    9.41
      Required ratio:    0.00 (Gate area) 
      Partial area ratio:   48.52
      Required ratio:  400.00 (Side area) 
      Cumulative area ratio:   13.30
      Required ratio:    0.00 (Cumulative area) 
      Cumulative area ratio:   69.52
      Required ratio:    0.00 (Cumulative side area) 

    Layer: met1
      Partial area ratio:    3.89
      Required ratio:    0.00 (Gate area) 
      Partial area ratio:   21.00
      Required ratio:  400.00 (Side area) 
      Cumulative area ratio:    3.89
      Required ratio:    0.00 (Cumulative area) 
      Cumulative area ratio:   21.00
      Required ratio:    0.00 (Cumulative side area) 

    Layer: li1
      Partial area ratio:    0.00
      Required ratio:    0.00 (Gate area) 
      Partial area ratio:    0.00
      Required ratio:   75.00 (Side area) 
      Cumulative area ratio:    0.00
      Required ratio:    0.00 (Cumulative area) 
      Cumulative area ratio:    0.00
      Required ratio:    0.00 (Cumulative side area) 

    Via: M2M3_PR
      Partial area ratio:    0.05
      Required ratio:    6.00 (Gate area) 
      Cumulative area ratio:    0.64
      Required ratio:    0.00 (Cumulative area) 

    Via: M1M2_PR
      Partial area ratio:    0.36
      Required ratio:    6.00 (Gate area) 
      Cumulative area ratio:    0.59
      Required ratio:    0.00 (Cumulative area) 

    Via: L1M1_PR
      Partial area ratio:    0.23
      Required ratio:    3.00 (Gate area) 
      Cumulative area ratio:    0.23
      Required ratio:    0.00 (Cumulative area) 

  Pin: _09801_/A (sky130_fd_sc_hd__clkbuf_4)
    Layer: met3
      Partial area ratio:   10.16
      Required ratio:    0.00 (Gate area) 
      Partial area ratio:   55.09
      Required ratio: 3744.80 (Side area) 
      Cumulative area ratio:   26.82
      Required ratio:    0.00 (Cumulative area) 
      Cumulative area ratio:  142.19
      Required ratio:    0.00 (Cumulative side area) 

    Layer: met2
      Partial area ratio:    9.41
      Required ratio:    0.00 (Gate area) 
      Partial area ratio:   48.52
      Required ratio:  400.00 (Side area) 
      Cumulative area ratio:   16.66
      Required ratio:    0.00 (Cumulative area) 
      Cumulative area ratio:   87.09
      Required ratio:    0.00 (Cumulative side area) 

    Layer: met1
      Partial area ratio:    3.36
      Required ratio:    0.00 (Gate area) 
      Partial area ratio:   17.58
      Required ratio:  400.00 (Side area) 
      Cumulative area ratio:    3.36
      Required ratio:    0.00 (Cumulative area) 
      Cumulative area ratio:   17.58
      Required ratio:    0.00 (Cumulative side area) 

    Layer: li1
      Partial area ratio:    0.00
      Required ratio:    0.00 (Gate area) 
      Partial area ratio:    0.00
      Required ratio:   75.00 (Side area) 
      Cumulative area ratio:    0.00
      Required ratio:    0.00 (Cumulative area) 
      Cumulative area ratio:    0.00
      Required ratio:    0.00 (Cumulative side area) 

    Via: M2M3_PR
      Partial area ratio:    0.05
      Required ratio:    6.00 (Gate area) 
      Cumulative area ratio:    0.61
      Required ratio:    0.00 (Cumulative area) 

    Via: M1M2_PR
      Partial area ratio:    0.06
      Required ratio:    6.00 (Gate area) 
      Cumulative area ratio:    0.20
      Required ratio:    0.00 (Cumulative area) 

    Via: L1M1_PR
      Partial area ratio:    0.14
      Required ratio:    3.00 (Gate area) 
      Cumulative area ratio:    0.14
      Required ratio:    0.00 (Cumulative area) 

  Pin: _10110_/A (sky130_fd_sc_hd__buf_2)
    Layer: met3
      Partial area ratio:   10.16
      Required ratio:    0.00 (Gate area) 
      Partial area ratio:   55.09
      Required ratio: 3744.80 (Side area) 
      Cumulative area ratio:   26.82
      Required ratio:    0.00 (Cumulative area) 
      Cumulative area ratio:  142.19
      Required ratio:    0.00 (Cumulative side area) 

    Layer: met2
      Partial area ratio:    9.41
      Required ratio:    0.00 (Gate area) 
      Partial area ratio:   48.52
      Required ratio:  400.00 (Side area) 
      Cumulative area ratio:   16.66
      Required ratio:    0.00 (Cumulative area) 
      Cumulative area ratio:   87.09
      Required ratio:    0.00 (Cumulative side area) 

    Layer: met1
      Partial area ratio:    3.36
      Required ratio:    0.00 (Gate area) 
      Partial area ratio:   17.58
      Required ratio:  400.00 (Side area) 
      Cumulative area ratio:    3.36
      Required ratio:    0.00 (Cumulative area) 
      Cumulative area ratio:   17.58
      Required ratio:    0.00 (Cumulative side area) 

    Layer: li1
      Partial area ratio:    0.00
      Required ratio:    0.00 (Gate area) 
      Partial area ratio:    0.00
      Required ratio:   75.00 (Side area) 
      Cumulative area ratio:    0.00
      Required ratio:    0.00 (Cumulative area) 
      Cumulative area ratio:    0.00
      Required ratio:    0.00 (Cumulative side area) 

    Via: M2M3_PR
      Partial area ratio:    0.05
      Required ratio:    6.00 (Gate area) 
      Cumulative area ratio:    0.65
      Required ratio:    0.00 (Cumulative area) 

    Via: M1M2_PR
      Partial area ratio:    0.06
      Required ratio:    6.00 (Gate area) 
      Cumulative area ratio:    0.24
      Required ratio:    0.00 (Cumulative area) 

    Via: L1M1_PR
      Partial area ratio:    0.18
      Required ratio:    3.00 (Gate area) 
      Cumulative area ratio:    0.18
      Required ratio:    0.00 (Cumulative area) 

  Pin: _10167_/A (sky130_fd_sc_hd__buf_2)
    Layer: met3
      Partial area ratio:   10.16
      Required ratio:    0.00 (Gate area) 
      Partial area ratio:   55.09
      Required ratio: 3744.80 (Side area) 
      Cumulative area ratio:  111.07
      Required ratio:    0.00 (Cumulative area) 
      Cumulative area ratio:  563.96
      Required ratio:    0.00 (Cumulative side area) 

    Layer: met2
      Partial area ratio:   87.26
      Required ratio:    0.00 (Gate area) 
      Partial area ratio:  438.16
      Required ratio:  400.00 (Side area) (VIOLATED)
      Cumulative area ratio:  100.91
      Required ratio:    0.00 (Cumulative area) 
      Cumulative area ratio:  508.86
      Required ratio:    0.00 (Cumulative side area) 

    Layer: met1
      Partial area ratio:   13.65
      Required ratio:    0.00 (Gate area) 
      Partial area ratio:   70.70
      Required ratio:  400.00 (Side area) 
      Cumulative area ratio:   13.65
      Required ratio:    0.00 (Cumulative area) 
      Cumulative area ratio:   70.70
      Required ratio:    0.00 (Cumulative side area) 

    Layer: li1
      Partial area ratio:    0.00
      Required ratio:    0.00 (Gate area) 
      Partial area ratio:    0.00
      Required ratio:   75.00 (Side area) 
      Cumulative area ratio:    0.00
      Required ratio:    0.00 (Cumulative area) 
      Cumulative area ratio:    0.00
      Required ratio:    0.00 (Cumulative side area) 

    Via: M2M3_PR
      Partial area ratio:    0.13
      Required ratio:    6.00 (Gate area) 
      Cumulative area ratio:    0.45
      Required ratio:    0.00 (Cumulative area) 

    Via: M1M2_PR
      Partial area ratio:    0.14
      Required ratio:    6.00 (Gate area) 
      Cumulative area ratio:    0.32
      Required ratio:    0.00 (Cumulative area) 

    Via: L1M1_PR
      Partial area ratio:    0.18
      Required ratio:    3.00 (Gate area) 
      Cumulative area ratio:    0.18
      Required ratio:    0.00 (Cumulative area) 

  Pin: _09707_/A (sky130_fd_sc_hd__buf_2)
    Layer: met3
      Partial area ratio:   10.16
      Required ratio:    0.00 (Gate area) 
      Partial area ratio:   55.09
      Required ratio: 3744.80 (Side area) 
      Cumulative area ratio:   97.95
      Required ratio:    0.00 (Cumulative area) 
      Cumulative area ratio:  496.51
      Required ratio:    0.00 (Cumulative side area) 

    Layer: met2
      Partial area ratio:   87.26
      Required ratio:    0.00 (Gate area) 
      Partial area ratio:  438.16
      Required ratio:  400.00 (Side area) (VIOLATED)
      Cumulative area ratio:   87.79
      Required ratio:    0.00 (Cumulative area) 
      Cumulative area ratio:  441.42
      Required ratio:    0.00 (Cumulative side area) 

    Layer: met1
      Partial area ratio:    0.53
      Required ratio:    0.00 (Gate area) 
      Partial area ratio:    3.26
      Required ratio:  400.00 (Side area) 
      Cumulative area ratio:    0.53
      Required ratio:    0.00 (Cumulative area) 
      Cumulative area ratio:    3.26
      Required ratio:    0.00 (Cumulative side area) 

    Layer: li1
      Partial area ratio:    0.00
      Required ratio:    0.00 (Gate area) 
      Partial area ratio:    0.00
      Required ratio:   75.00 (Side area) 
      Cumulative area ratio:    0.00
      Required ratio:    0.00 (Cumulative area) 
      Cumulative area ratio:    0.00
      Required ratio:    0.00 (Cumulative side area) 

    Via: M2M3_PR
      Partial area ratio:    0.13
      Required ratio:    6.00 (Gate area) 
      Cumulative area ratio:    0.45
      Required ratio:    0.00 (Cumulative area) 

    Via: M1M2_PR
      Partial area ratio:    0.14
      Required ratio:    6.00 (Gate area) 
      Cumulative area ratio:    0.32
      Required ratio:    0.00 (Cumulative area) 

    Via: L1M1_PR
      Partial area ratio:    0.18
      Required ratio:    3.00 (Gate area) 
      Cumulative area ratio:    0.18
      Required ratio:    0.00 (Cumulative area) 


Net: _05213_
  Pin: _10165_/A (sky130_fd_sc_hd__buf_2)
    Layer: met3
      Partial area ratio:   92.55
      Required ratio:    0.00 (Gate area) 
      Partial area ratio:  501.13
      Required ratio: 3236.16 (Side area) 
      Cumulative area ratio:  129.85
      Required ratio:    0.00 (Cumulative area) 
      Cumulative area ratio:  689.47
      Required ratio:    0.00 (Cumulative side area) 

    Layer: met2
      Partial area ratio:   37.30
      Required ratio:    0.00 (Gate area) 
      Partial area ratio:  188.34
      Required ratio:  400.00 (Side area) 
      Cumulative area ratio:   37.30
      Required ratio:    0.00 (Cumulative area) 
      Cumulative area ratio:  188.34
      Required ratio:    0.00 (Cumulative side area) 

    Layer: met1
      Partial area ratio:    0.00
      Required ratio:    0.00 (Gate area) 
      Partial area ratio:    0.00
      Required ratio:  400.00 (Side area) 
      Cumulative area ratio:    0.00
      Required ratio:    0.00 (Cumulative area) 
      Cumulative area ratio:    0.00
      Required ratio:    0.00 (Cumulative side area) 

    Layer: li1
      Partial area ratio:    0.00
      Required ratio:    0.00 (Gate area) 
      Partial area ratio:    0.00
      Required ratio:   75.00 (Side area) 
      Cumulative area ratio:    0.00
      Required ratio:    0.00 (Cumulative area) 
      Cumulative area ratio:    0.00
      Required ratio:    0.00 (Cumulative side area) 

    Layer: met4
      Partial area ratio:   58.11
      Required ratio:    0.00 (Gate area) 
      Partial area ratio:  312.20
      Required ratio: 3236.16 (Side area) 
      Cumulative area ratio:  187.96
      Required ratio:    0.00 (Cumulative area) 
      Cumulative area ratio: 1001.67
      Required ratio:    0.00 (Cumulative side area) 

    Via: M3M4_PR
      Partial area ratio:    0.38
      Required ratio:    6.00 (Gate area) 
      Cumulative area ratio:    1.20
      Required ratio:    0.00 (Cumulative area) 

    Via: M2M3_PR
      Partial area ratio:    0.50
      Required ratio:    6.00 (Gate area) 
      Cumulative area ratio:    0.83
      Required ratio:    0.00 (Cumulative area) 

    Via: M1M2_PR
      Partial area ratio:    0.14
      Required ratio:    6.00 (Gate area) 
      Cumulative area ratio:    0.32
      Required ratio:    0.00 (Cumulative area) 

    Via: L1M1_PR
      Partial area ratio:    0.18
      Required ratio:    3.00 (Gate area) 
      Cumulative area ratio:    0.18
      Required ratio:    0.00 (Cumulative area) 

  Pin: _10172_/A (sky130_fd_sc_hd__buf_2)
    Layer: met4
      Partial area ratio:   58.11
      Required ratio:    0.00 (Gate area) 
      Partial area ratio:  312.20
      Required ratio: 3236.16 (Side area) 
      Cumulative area ratio:   68.03
      Required ratio:    0.00 (Cumulative area) 
      Cumulative area ratio:  365.00
      Required ratio:    0.00 (Cumulative side area) 

    Layer: met3
      Partial area ratio:    0.50
      Required ratio:    0.00 (Gate area) 
      Partial area ratio:    4.18
      Required ratio:  400.00 (Side area) 
      Cumulative area ratio:    9.92
      Required ratio:    0.00 (Cumulative area) 
      Cumulative area ratio:   52.80
      Required ratio:    0.00 (Cumulative side area) 

    Layer: met2
      Partial area ratio:    9.42
      Required ratio:    0.00 (Gate area) 
      Partial area ratio:   48.63
      Required ratio:  400.00 (Side area) 
      Cumulative area ratio:    9.42
      Required ratio:    0.00 (Cumulative area) 
      Cumulative area ratio:   48.63
      Required ratio:    0.00 (Cumulative side area) 

    Layer: met1
      Partial area ratio:    0.00
      Required ratio:    0.00 (Gate area) 
      Partial area ratio:    0.00
      Required ratio:  400.00 (Side area) 
      Cumulative area ratio:    0.00
      Required ratio:    0.00 (Cumulative area) 
      Cumulative area ratio:    0.00
      Required ratio:    0.00 (Cumulative side area) 

    Layer: li1
      Partial area ratio:    0.00
      Required ratio:    0.00 (Gate area) 
      Partial area ratio:    0.00
      Required ratio:   75.00 (Side area) 
      Cumulative area ratio:    0.00
      Required ratio:    0.00 (Cumulative area) 
      Cumulative area ratio:    0.00
      Required ratio:    0.00 (Cumulative side area) 

    Via: M3M4_PR
      Partial area ratio:    0.13
      Required ratio:    6.00 (Gate area) 
      Cumulative area ratio:    0.57
      Required ratio:    0.00 (Cumulative area) 

    Via: M2M3_PR
      Partial area ratio:    0.13
      Required ratio:    6.00 (Gate area) 
      Cumulative area ratio:    0.45
      Required ratio:    0.00 (Cumulative area) 

    Via: M1M2_PR
      Partial area ratio:    0.14
      Required ratio:    6.00 (Gate area) 
      Cumulative area ratio:    0.32
      Required ratio:    0.00 (Cumulative area) 

    Via: L1M1_PR
      Partial area ratio:    0.18
      Required ratio:    3.00 (Gate area) 
      Cumulative area ratio:    0.18
      Required ratio:    0.00 (Cumulative area) 

  Pin: _09737_/A (sky130_fd_sc_hd__buf_2)
    Layer: met4
      Partial area ratio:   58.11
      Required ratio:    0.00 (Gate area) 
      Partial area ratio:  312.20
      Required ratio: 3236.16 (Side area) 
      Cumulative area ratio:   99.68
      Required ratio:    0.00 (Cumulative area) 
      Cumulative area ratio:  528.16
      Required ratio:    0.00 (Cumulative side area) 

    Layer: met3
      Partial area ratio:    0.50
      Required ratio:    0.00 (Gate area) 
      Partial area ratio:    4.18
      Required ratio:  400.00 (Side area) 
      Cumulative area ratio:   41.56
      Required ratio:    0.00 (Cumulative area) 
      Cumulative area ratio:  215.96
      Required ratio:    0.00 (Cumulative side area) 

    Layer: met2
      Partial area ratio:    9.42
      Required ratio:    0.00 (Gate area) 
      Partial area ratio:   48.63
      Required ratio:  400.00 (Side area) 
      Cumulative area ratio:   41.06
      Required ratio:    0.00 (Cumulative area) 
      Cumulative area ratio:  211.78
      Required ratio:    0.00 (Cumulative side area) 

    Layer: met1
      Partial area ratio:   31.65
      Required ratio:    0.00 (Gate area) 
      Partial area ratio:  163.16
      Required ratio:  400.00 (Side area) 
      Cumulative area ratio:   31.65
      Required ratio:    0.00 (Cumulative area) 
      Cumulative area ratio:  163.16
      Required ratio:    0.00 (Cumulative side area) 

    Layer: li1
      Partial area ratio:    0.00
      Required ratio:    0.00 (Gate area) 
      Partial area ratio:    0.00
      Required ratio:   75.00 (Side area) 
      Cumulative area ratio:    0.00
      Required ratio:    0.00 (Cumulative area) 
      Cumulative area ratio:    0.00
      Required ratio:    0.00 (Cumulative side area) 

    Via: M3M4_PR
      Partial area ratio:    0.13
      Required ratio:    6.00 (Gate area) 
      Cumulative area ratio:    0.57
      Required ratio:    0.00 (Cumulative area) 

    Via: M2M3_PR
      Partial area ratio:    0.13
      Required ratio:    6.00 (Gate area) 
      Cumulative area ratio:    0.45
      Required ratio:    0.00 (Cumulative area) 

    Via: M1M2_PR
      Partial area ratio:    0.14
      Required ratio:    6.00 (Gate area) 
      Cumulative area ratio:    0.32
      Required ratio:    0.00 (Cumulative area) 

    Via: L1M1_PR
      Partial area ratio:    0.18
      Required ratio:    3.00 (Gate area) 
      Cumulative area ratio:    0.18
      Required ratio:    0.00 (Cumulative area) 

  Pin: _10181_/A (sky130_fd_sc_hd__buf_2)
    Layer: met4
      Partial area ratio:   58.11
      Required ratio:    0.00 (Gate area) 
      Partial area ratio:  312.20
      Required ratio: 3236.16 (Side area) 
      Cumulative area ratio:   66.64
      Required ratio:    0.00 (Cumulative area) 
      Cumulative area ratio:  361.14
      Required ratio:    0.00 (Cumulative side area) 

    Layer: met3
      Partial area ratio:    6.21
      Required ratio:    0.00 (Gate area) 
      Partial area ratio:   36.13
      Required ratio:  400.00 (Side area) 
      Cumulative area ratio:    8.52
      Required ratio:    0.00 (Cumulative area) 
      Cumulative area ratio:   48.94
      Required ratio:    0.00 (Cumulative side area) 

    Layer: met2
      Partial area ratio:    0.57
      Required ratio:    0.00 (Gate area) 
      Partial area ratio:    3.48
      Required ratio:  400.00 (Side area) 
      Cumulative area ratio:    2.32
      Required ratio:    0.00 (Cumulative area) 
      Cumulative area ratio:   12.81
      Required ratio:    0.00 (Cumulative side area) 

    Layer: met1
      Partial area ratio:    1.74
      Required ratio:    0.00 (Gate area) 
      Partial area ratio:    9.33
      Required ratio:  400.00 (Side area) 
      Cumulative area ratio:    1.74
      Required ratio:    0.00 (Cumulative area) 
      Cumulative area ratio:    9.33
      Required ratio:    0.00 (Cumulative side area) 

    Layer: li1
      Partial area ratio:    0.00
      Required ratio:    0.00 (Gate area) 
      Partial area ratio:    0.00
      Required ratio:   75.00 (Side area) 
      Cumulative area ratio:    0.00
      Required ratio:    0.00 (Cumulative area) 
      Cumulative area ratio:    0.00
      Required ratio:    0.00 (Cumulative side area) 

    Via: M3M4_PR
      Partial area ratio:    0.25
      Required ratio:    6.00 (Gate area) 
      Cumulative area ratio:    0.83
      Required ratio:    0.00 (Cumulative area) 

    Via: M2M3_PR
      Partial area ratio:    0.25
      Required ratio:    6.00 (Gate area) 
      Cumulative area ratio:    0.57
      Required ratio:    0.00 (Cumulative area) 

    Via: M1M2_PR
      Partial area ratio:    0.14
      Required ratio:    6.00 (Gate area) 
      Cumulative area ratio:    0.32
      Required ratio:    0.00 (Cumulative area) 

    Via: L1M1_PR
      Partial area ratio:    0.18
      Required ratio:    3.00 (Gate area) 
      Cumulative area ratio:    0.18
      Required ratio:    0.00 (Cumulative area) 

  Pin: _10231_/A (sky130_fd_sc_hd__buf_2)
    Layer: met3
      Partial area ratio:   92.55
      Required ratio:    0.00 (Gate area) 
      Partial area ratio:  501.13
      Required ratio: 3236.16 (Side area) 
      Cumulative area ratio:  186.52
      Required ratio:    0.00 (Cumulative area) 
      Cumulative area ratio:  975.33
      Required ratio:    0.00 (Cumulative side area) 

    Layer: met4
      Partial area ratio:   58.11
      Required ratio:    0.00 (Gate area) 
      Partial area ratio:  312.20
      Required ratio: 3236.16 (Side area) 
      Cumulative area ratio:  244.64
      Required ratio:    0.00 (Cumulative area) 
      Cumulative area ratio: 1287.53
      Required ratio:    0.00 (Cumulative side area) 

    Layer: met2
      Partial area ratio:   91.42
      Required ratio:    0.00 (Gate area) 
      Partial area ratio:  460.81
      Required ratio:  400.00 (Side area) (VIOLATED)
      Cumulative area ratio:   93.98
      Required ratio:    0.00 (Cumulative area) 
      Cumulative area ratio:  474.19
      Required ratio:    0.00 (Cumulative side area) 

    Layer: met1
      Partial area ratio:    2.55
      Required ratio:    0.00 (Gate area) 
      Partial area ratio:   13.38
      Required ratio:  400.00 (Side area) 
      Cumulative area ratio:    2.55
      Required ratio:    0.00 (Cumulative area) 
      Cumulative area ratio:   13.38
      Required ratio:    0.00 (Cumulative side area) 

    Layer: li1
      Partial area ratio:    0.00
      Required ratio:    0.00 (Gate area) 
      Partial area ratio:    0.00
      Required ratio:   75.00 (Side area) 
      Cumulative area ratio:    0.00
      Required ratio:    0.00 (Cumulative area) 
      Cumulative area ratio:    0.00
      Required ratio:    0.00 (Cumulative side area) 

    Via: M3M4_PR
      Partial area ratio:    0.38
      Required ratio:    6.00 (Gate area) 
      Cumulative area ratio:    0.95
      Required ratio:    0.00 (Cumulative area) 

    Via: M2M3_PR
      Partial area ratio:    0.25
      Required ratio:    6.00 (Gate area) 
      Cumulative area ratio:    0.57
      Required ratio:    0.00 (Cumulative area) 

    Via: M1M2_PR
      Partial area ratio:    0.14
      Required ratio:    6.00 (Gate area) 
      Cumulative area ratio:    0.32
      Required ratio:    0.00 (Cumulative area) 

    Via: L1M1_PR
      Partial area ratio:    0.18
      Required ratio:    3.00 (Gate area) 
      Cumulative area ratio:    0.18
      Required ratio:    0.00 (Cumulative area) 

  Pin: _09810_/A (sky130_fd_sc_hd__buf_2)
    Layer: met3
      Partial area ratio:   38.32
      Required ratio:    0.00 (Gate area) 
      Partial area ratio:  207.40
      Required ratio:  400.00 (Side area) 
      Cumulative area ratio:   38.59
      Required ratio:    0.00 (Cumulative area) 
      Cumulative area ratio:  209.38
      Required ratio:    0.00 (Cumulative side area) 

    Layer: met2
      Partial area ratio:    0.27
      Required ratio:    0.00 (Gate area) 
      Partial area ratio:    1.98
      Required ratio:  400.00 (Side area) 
      Cumulative area ratio:    0.27
      Required ratio:    0.00 (Cumulative area) 
      Cumulative area ratio:    1.98
      Required ratio:    0.00 (Cumulative side area) 

    Layer: met1
      Partial area ratio:    0.00
      Required ratio:    0.00 (Gate area) 
      Partial area ratio:    0.00
      Required ratio:  400.00 (Side area) 
      Cumulative area ratio:    0.00
      Required ratio:    0.00 (Cumulative area) 
      Cumulative area ratio:    0.00
      Required ratio:    0.00 (Cumulative side area) 

    Layer: li1
      Partial area ratio:    0.00
      Required ratio:    0.00 (Gate area) 
      Partial area ratio:    0.00
      Required ratio:   75.00 (Side area) 
      Cumulative area ratio:    0.00
      Required ratio:    0.00 (Cumulative area) 
      Cumulative area ratio:    0.00
      Required ratio:    0.00 (Cumulative side area) 

    Via: M3M4_PR
      Partial area ratio:    0.25
      Required ratio:    6.00 (Gate area) 
      Cumulative area ratio:    0.83
      Required ratio:    0.00 (Cumulative area) 

    Via: M2M3_PR
      Partial area ratio:    0.25
      Required ratio:    6.00 (Gate area) 
      Cumulative area ratio:    0.57
      Required ratio:    0.00 (Cumulative area) 

    Via: M1M2_PR
      Partial area ratio:    0.14
      Required ratio:    6.00 (Gate area) 
      Cumulative area ratio:    0.32
      Required ratio:    0.00 (Cumulative area) 

    Via: L1M1_PR
      Partial area ratio:    0.18
      Required ratio:    3.00 (Gate area) 
      Cumulative area ratio:    0.18
      Required ratio:    0.00 (Cumulative area) 

  Pin: _09717_/A (sky130_fd_sc_hd__buf_2)
    Layer: met3
      Partial area ratio:    1.37
      Required ratio:    0.00 (Gate area) 
      Partial area ratio:    8.81
      Required ratio:  400.00 (Side area) 
      Cumulative area ratio:   40.32
      Required ratio:    0.00 (Cumulative area) 
      Cumulative area ratio:  207.25
      Required ratio:    0.00 (Cumulative side area) 

    Layer: met2
      Partial area ratio:   38.95
      Required ratio:    0.00 (Gate area) 
      Partial area ratio:  198.44
      Required ratio:  400.00 (Side area) 
      Cumulative area ratio:   38.95
      Required ratio:    0.00 (Cumulative area) 
      Cumulative area ratio:  198.44
      Required ratio:    0.00 (Cumulative side area) 

    Layer: met1
      Partial area ratio:    0.00
      Required ratio:    0.00 (Gate area) 
      Partial area ratio:    0.00
      Required ratio:  400.00 (Side area) 
      Cumulative area ratio:    0.00
      Required ratio:    0.00 (Cumulative area) 
      Cumulative area ratio:    0.00
      Required ratio:    0.00 (Cumulative side area) 

    Layer: li1
      Partial area ratio:    0.00
      Required ratio:    0.00 (Gate area) 
      Partial area ratio:    0.00
      Required ratio:   75.00 (Side area) 
      Cumulative area ratio:    0.00
      Required ratio:    0.00 (Cumulative area) 
      Cumulative area ratio:    0.00
      Required ratio:    0.00 (Cumulative side area) 

    Via: M3M4_PR
      Partial area ratio:    0.13
      Required ratio:    6.00 (Gate area) 
      Cumulative area ratio:    0.57
      Required ratio:    0.00 (Cumulative area) 

    Via: M2M3_PR
      Partial area ratio:    0.13
      Required ratio:    6.00 (Gate area) 
      Cumulative area ratio:    0.45
      Required ratio:    0.00 (Cumulative area) 

    Via: M1M2_PR
      Partial area ratio:    0.14
      Required ratio:    6.00 (Gate area) 
      Cumulative area ratio:    0.32
      Required ratio:    0.00 (Cumulative area) 

    Via: L1M1_PR
      Partial area ratio:    0.18
      Required ratio:    3.00 (Gate area) 
      Cumulative area ratio:    0.18
      Required ratio:    0.00 (Cumulative area) 

  Pin: _09701_/A (sky130_fd_sc_hd__buf_2)
    Layer: met3
      Partial area ratio:    1.37
      Required ratio:    0.00 (Gate area) 
      Partial area ratio:    8.81
      Required ratio:  400.00 (Side area) 
      Cumulative area ratio:   40.85
      Required ratio:    0.00 (Cumulative area) 
      Cumulative area ratio:  210.51
      Required ratio:    0.00 (Cumulative side area) 

    Layer: met2
      Partial area ratio:   38.95
      Required ratio:    0.00 (Gate area) 
      Partial area ratio:  198.44
      Required ratio:  400.00 (Side area) 
      Cumulative area ratio:   39.48
      Required ratio:    0.00 (Cumulative area) 
      Cumulative area ratio:  201.70
      Required ratio:    0.00 (Cumulative side area) 

    Layer: met1
      Partial area ratio:    0.53
      Required ratio:    0.00 (Gate area) 
      Partial area ratio:    3.26
      Required ratio:  400.00 (Side area) 
      Cumulative area ratio:    0.53
      Required ratio:    0.00 (Cumulative area) 
      Cumulative area ratio:    3.26
      Required ratio:    0.00 (Cumulative side area) 

    Layer: li1
      Partial area ratio:    0.00
      Required ratio:    0.00 (Gate area) 
      Partial area ratio:    0.00
      Required ratio:   75.00 (Side area) 
      Cumulative area ratio:    0.00
      Required ratio:    0.00 (Cumulative area) 
      Cumulative area ratio:    0.00
      Required ratio:    0.00 (Cumulative side area) 

    Via: M3M4_PR
      Partial area ratio:    0.13
      Required ratio:    6.00 (Gate area) 
      Cumulative area ratio:    0.57
      Required ratio:    0.00 (Cumulative area) 

    Via: M2M3_PR
      Partial area ratio:    0.13
      Required ratio:    6.00 (Gate area) 
      Cumulative area ratio:    0.45
      Required ratio:    0.00 (Cumulative area) 

    Via: M1M2_PR
      Partial area ratio:    0.14
      Required ratio:    6.00 (Gate area) 
      Cumulative area ratio:    0.32
      Required ratio:    0.00 (Cumulative area) 

    Via: L1M1_PR
      Partial area ratio:    0.18
      Required ratio:    3.00 (Gate area) 
      Cumulative area ratio:    0.18
      Required ratio:    0.00 (Cumulative area) 


Net: _05265_
  Pin: _10238_/A (sky130_fd_sc_hd__buf_2)
    Layer: met2
      Partial area ratio:   11.06
      Required ratio:    0.00 (Gate area) 
      Partial area ratio:   55.89
      Required ratio: 3209.78 (Side area) 
      Cumulative area ratio:  146.67
      Required ratio:    0.00 (Cumulative area) 
      Cumulative area ratio:  748.15
      Required ratio:    0.00 (Cumulative side area) 

    Layer: met1
      Partial area ratio:  135.62
      Required ratio:    0.00 (Gate area) 
      Partial area ratio:  692.25
      Required ratio:  400.00 (Side area) (VIOLATED)
      Cumulative area ratio:  135.62
      Required ratio:    0.00 (Cumulative area) 
      Cumulative area ratio:  692.25
      Required ratio:    0.00 (Cumulative side area) 

    Layer: li1
      Partial area ratio:    0.00
      Required ratio:    0.00 (Gate area) 
      Partial area ratio:    0.00
      Required ratio:   75.00 (Side area) 
      Cumulative area ratio:    0.00
      Required ratio:    0.00 (Cumulative area) 
      Cumulative area ratio:    0.00
      Required ratio:    0.00 (Cumulative side area) 

    Via: M1M2_PR
      Partial area ratio:    0.42
      Required ratio:    6.00 (Gate area) 
      Cumulative area ratio:    0.61
      Required ratio:    0.00 (Cumulative area) 

    Via: L1M1_PR
      Partial area ratio:    0.18
      Required ratio:    3.00 (Gate area) 
      Cumulative area ratio:    0.18
      Required ratio:    0.00 (Cumulative area) 

  Pin: _11709_/B (sky130_fd_sc_hd__or3_2)
    Layer: met2
      Partial area ratio:   11.06
      Required ratio:    0.00 (Gate area) 
      Partial area ratio:   55.89
      Required ratio: 3209.78 (Side area) 
      Cumulative area ratio:  153.01
      Required ratio:    0.00 (Cumulative area) 
      Cumulative area ratio:  782.15
      Required ratio:    0.00 (Cumulative side area) 

    Layer: met1
      Partial area ratio:    6.33
      Required ratio:    0.00 (Gate area) 
      Partial area ratio:   34.00
      Required ratio:  400.00 (Side area) 
      Cumulative area ratio:    6.33
      Required ratio:    0.00 (Cumulative area) 
      Cumulative area ratio:   34.00
      Required ratio:    0.00 (Cumulative side area) 

    Layer: li1
      Partial area ratio:    0.00
      Required ratio:    0.00 (Gate area) 
      Partial area ratio:    0.00
      Required ratio:   75.00 (Side area) 
      Cumulative area ratio:    0.00
      Required ratio:    0.00 (Cumulative area) 
      Cumulative area ratio:    0.00
      Required ratio:    0.00 (Cumulative side area) 

    Via: M1M2_PR
      Partial area ratio:    0.18
      Required ratio:    6.00 (Gate area) 
      Cumulative area ratio:    0.41
      Required ratio:    0.00 (Cumulative area) 

    Via: L1M1_PR
      Partial area ratio:    0.23
      Required ratio:    3.00 (Gate area) 
      Cumulative area ratio:    0.23
      Required ratio:    0.00 (Cumulative area) 

  Pin: _09753_/A (sky130_fd_sc_hd__clkbuf_4)
    Layer: met2
      Partial area ratio:   11.06
      Required ratio:    0.00 (Gate area) 
      Partial area ratio:   55.89
      Required ratio: 3209.78 (Side area) 
      Cumulative area ratio:  147.98
      Required ratio:    0.00 (Cumulative area) 
      Cumulative area ratio:  755.11
      Required ratio:    0.00 (Cumulative side area) 

    Layer: met1
      Partial area ratio:    1.30
      Required ratio:    0.00 (Gate area) 
      Partial area ratio:    6.97
      Required ratio:  400.00 (Side area) 
      Cumulative area ratio:    1.30
      Required ratio:    0.00 (Cumulative area) 
      Cumulative area ratio:    6.97
      Required ratio:    0.00 (Cumulative side area) 

    Layer: li1
      Partial area ratio:    0.00
      Required ratio:    0.00 (Gate area) 
      Partial area ratio:    0.00
      Required ratio:   75.00 (Side area) 
      Cumulative area ratio:    0.00
      Required ratio:    0.00 (Cumulative area) 
      Cumulative area ratio:    0.00
      Required ratio:    0.00 (Cumulative side area) 

    Via: M1M2_PR
      Partial area ratio:    0.11
      Required ratio:    6.00 (Gate area) 
      Cumulative area ratio:    0.24
      Required ratio:    0.00 (Cumulative area) 

    Via: L1M1_PR
      Partial area ratio:    0.14
      Required ratio:    3.00 (Gate area) 
      Cumulative area ratio:    0.14
      Required ratio:    0.00 (Cumulative area) 

  Pin: _09820_/A (sky130_fd_sc_hd__buf_2)
    Layer: met2
      Partial area ratio:   11.06
      Required ratio:    0.00 (Gate area) 
      Partial area ratio:   55.89
      Required ratio: 3209.78 (Side area) 
      Cumulative area ratio:  148.01
      Required ratio:    0.00 (Cumulative area) 
      Cumulative area ratio:  755.45
      Required ratio:    0.00 (Cumulative side area) 

    Layer: met1
      Partial area ratio:    1.34
      Required ratio:    0.00 (Gate area) 
      Partial area ratio:    7.31
      Required ratio:  400.00 (Side area) 
      Cumulative area ratio:    1.34
      Required ratio:    0.00 (Cumulative area) 
      Cumulative area ratio:    7.31
      Required ratio:    0.00 (Cumulative side area) 

    Layer: li1
      Partial area ratio:    0.00
      Required ratio:    0.00 (Gate area) 
      Partial area ratio:    0.00
      Required ratio:   75.00 (Side area) 
      Cumulative area ratio:    0.00
      Required ratio:    0.00 (Cumulative area) 
      Cumulative area ratio:    0.00
      Required ratio:    0.00 (Cumulative side area) 

    Via: M1M2_PR
      Partial area ratio:    0.14
      Required ratio:    6.00 (Gate area) 
      Cumulative area ratio:    0.32
      Required ratio:    0.00 (Cumulative area) 

    Via: L1M1_PR
      Partial area ratio:    0.18
      Required ratio:    3.00 (Gate area) 
      Cumulative area ratio:    0.18
      Required ratio:    0.00 (Cumulative area) 


Net: _06221_
  Pin: _11493_/A1 (sky130_fd_sc_hd__mux2_1)
    Layer: met2
      Partial area ratio:   16.61
      Required ratio:    0.00 (Gate area) 
      Partial area ratio:   84.28
      Required ratio: 2956.40 (Side area) 
      Cumulative area ratio:   21.61
      Required ratio:    0.00 (Cumulative area) 
      Cumulative area ratio:  111.61
      Required ratio:    0.00 (Cumulative side area) 

    Layer: met1
      Partial area ratio:    1.69
      Required ratio:    0.00 (Gate area) 
      Partial area ratio:    9.22
      Required ratio:  400.00 (Side area) 
      Cumulative area ratio:    1.69
      Required ratio:    0.00 (Cumulative area) 
      Cumulative area ratio:    9.22
      Required ratio:    0.00 (Cumulative side area) 

    Layer: li1
      Partial area ratio:    0.00
      Required ratio:    0.00 (Gate area) 
      Partial area ratio:    0.00
      Required ratio:   75.00 (Side area) 
      Cumulative area ratio:    0.00
      Required ratio:    0.00 (Cumulative area) 
      Cumulative area ratio:    0.00
      Required ratio:    0.00 (Cumulative side area) 

    Via: M1M2_PR
      Partial area ratio:    0.18
      Required ratio:    6.00 (Gate area) 
      Cumulative area ratio:    0.41
      Required ratio:    0.00 (Cumulative area) 

    Via: L1M1_PR
      Partial area ratio:    0.23
      Required ratio:    3.00 (Gate area) 
      Cumulative area ratio:    0.23
      Required ratio:    0.00 (Cumulative area) 

  Pin: _10998_/A1 (sky130_fd_sc_hd__mux2_1)
    Layer: met2
      Partial area ratio:   16.61
      Required ratio:    0.00 (Gate area) 
      Partial area ratio:   84.28
      Required ratio: 2956.40 (Side area) 
      Cumulative area ratio:   22.63
      Required ratio:    0.00 (Cumulative area) 
      Cumulative area ratio:  116.72
      Required ratio:    0.00 (Cumulative side area) 

    Layer: met1
      Partial area ratio:    2.71
      Required ratio:    0.00 (Gate area) 
      Partial area ratio:   14.33
      Required ratio:  400.00 (Side area) 
      Cumulative area ratio:    2.71
      Required ratio:    0.00 (Cumulative area) 
      Cumulative area ratio:   14.33
      Required ratio:    0.00 (Cumulative side area) 

    Layer: li1
      Partial area ratio:    0.00
      Required ratio:    0.00 (Gate area) 
      Partial area ratio:    0.00
      Required ratio:   75.00 (Side area) 
      Cumulative area ratio:    0.00
      Required ratio:    0.00 (Cumulative area) 
      Cumulative area ratio:    0.00
      Required ratio:    0.00 (Cumulative side area) 

    Via: M1M2_PR
      Partial area ratio:    0.18
      Required ratio:    6.00 (Gate area) 
      Cumulative area ratio:    0.41
      Required ratio:    0.00 (Cumulative area) 

    Via: L1M1_PR
      Partial area ratio:    0.23
      Required ratio:    3.00 (Gate area) 
      Cumulative area ratio:    0.23
      Required ratio:    0.00 (Cumulative area) 

  Pin: _11789_/A1 (sky130_fd_sc_hd__mux2_1)
    Layer: met2
      Partial area ratio:   16.61
      Required ratio:    0.00 (Gate area) 
      Partial area ratio:   84.28
      Required ratio: 2956.40 (Side area) 
      Cumulative area ratio:   19.92
      Required ratio:    0.00 (Cumulative area) 
      Cumulative area ratio:  102.39
      Required ratio:    0.00 (Cumulative side area) 

    Layer: met1
      Partial area ratio:    3.31
      Required ratio:    0.00 (Gate area) 
      Partial area ratio:   18.11
      Required ratio:  400.00 (Side area) 
      Cumulative area ratio:    3.31
      Required ratio:    0.00 (Cumulative area) 
      Cumulative area ratio:   18.11
      Required ratio:    0.00 (Cumulative side area) 

    Layer: li1
      Partial area ratio:    0.00
      Required ratio:    0.00 (Gate area) 
      Partial area ratio:    0.00
      Required ratio:   75.00 (Side area) 
      Cumulative area ratio:    0.00
      Required ratio:    0.00 (Cumulative area) 
      Cumulative area ratio:    0.00
      Required ratio:    0.00 (Cumulative side area) 

    Via: M1M2_PR
      Partial area ratio:    0.18
      Required ratio:    6.00 (Gate area) 
      Cumulative area ratio:    0.41
      Required ratio:    0.00 (Cumulative area) 

    Via: L1M1_PR
      Partial area ratio:    0.23
      Required ratio:    3.00 (Gate area) 
      Cumulative area ratio:    0.23
      Required ratio:    0.00 (Cumulative area) 

  Pin: _11456_/A1 (sky130_fd_sc_hd__mux2_1)
    Layer: met2
      Partial area ratio:   16.61
      Required ratio:    0.00 (Gate area) 
      Partial area ratio:   84.28
      Required ratio: 2956.40 (Side area) 
      Cumulative area ratio:   19.92
      Required ratio:    0.00 (Cumulative area) 
      Cumulative area ratio:  102.39
      Required ratio:    0.00 (Cumulative side area) 

    Layer: met1
      Partial area ratio:    3.31
      Required ratio:    0.00 (Gate area) 
      Partial area ratio:   18.11
      Required ratio:  400.00 (Side area) 
      Cumulative area ratio:    3.31
      Required ratio:    0.00 (Cumulative area) 
      Cumulative area ratio:   18.11
      Required ratio:    0.00 (Cumulative side area) 

    Layer: li1
      Partial area ratio:    0.00
      Required ratio:    0.00 (Gate area) 
      Partial area ratio:    0.00
      Required ratio:   75.00 (Side area) 
      Cumulative area ratio:    0.00
      Required ratio:    0.00 (Cumulative area) 
      Cumulative area ratio:    0.00
      Required ratio:    0.00 (Cumulative side area) 

    Via: M1M2_PR
      Partial area ratio:    0.18
      Required ratio:    6.00 (Gate area) 
      Cumulative area ratio:    0.41
      Required ratio:    0.00 (Cumulative area) 

    Via: L1M1_PR
      Partial area ratio:    0.23
      Required ratio:    3.00 (Gate area) 
      Cumulative area ratio:    0.23
      Required ratio:    0.00 (Cumulative area) 

  Pin: _11719_/A1 (sky130_fd_sc_hd__mux2_1)
    Layer: met4
      Partial area ratio:   28.22
      Required ratio:    0.00 (Gate area) 
      Partial area ratio:  150.98
      Required ratio: 2956.40 (Side area) 
      Cumulative area ratio:  228.59
      Required ratio:    0.00 (Cumulative area) 
      Cumulative area ratio: 1179.79
      Required ratio:    0.00 (Cumulative side area) 

    Layer: met3
      Partial area ratio:   29.74
      Required ratio:    0.00 (Gate area) 
      Partial area ratio:  162.41
      Required ratio:  400.00 (Side area) 
      Cumulative area ratio:  200.37
      Required ratio:    0.00 (Cumulative area) 
      Cumulative area ratio: 1028.80
      Required ratio:    0.00 (Cumulative side area) 

    Layer: met2
      Partial area ratio:    2.01
      Required ratio:    0.00 (Gate area) 
      Partial area ratio:   11.61
      Required ratio:  400.00 (Side area) 
      Cumulative area ratio:    2.01
      Required ratio:    0.00 (Cumulative area) 
      Cumulative area ratio:   11.61
      Required ratio:    0.00 (Cumulative side area) 

    Layer: met1
      Partial area ratio:    0.00
      Required ratio:    0.00 (Gate area) 
      Partial area ratio:    0.00
      Required ratio:  400.00 (Side area) 
      Cumulative area ratio:    0.00
      Required ratio:    0.00 (Cumulative area) 
      Cumulative area ratio:    0.00
      Required ratio:    0.00 (Cumulative side area) 

    Layer: li1
      Partial area ratio:    0.00
      Required ratio:    0.00 (Gate area) 
      Partial area ratio:    0.00
      Required ratio:   75.00 (Side area) 
      Cumulative area ratio:    0.00
      Required ratio:    0.00 (Cumulative area) 
      Cumulative area ratio:    0.00
      Required ratio:    0.00 (Cumulative side area) 

    Via: M3M4_PR
      Partial area ratio:    0.11
      Required ratio:    6.00 (Gate area) 
      Cumulative area ratio:    1.47
      Required ratio:    0.00 (Cumulative area) 

    Via: M2M3_PR
      Partial area ratio:    0.32
      Required ratio:    6.00 (Gate area) 
      Cumulative area ratio:    0.73
      Required ratio:    0.00 (Cumulative area) 

    Via: M1M2_PR
      Partial area ratio:    0.18
      Required ratio:    6.00 (Gate area) 
      Cumulative area ratio:    0.41
      Required ratio:    0.00 (Cumulative area) 

    Via: L1M1_PR
      Partial area ratio:    0.23
      Required ratio:    3.00 (Gate area) 
      Cumulative area ratio:    0.23
      Required ratio:    0.00 (Cumulative area) 

  Pin: _11617_/A1 (sky130_fd_sc_hd__mux2_1)
    Layer: met4
      Partial area ratio:   28.22
      Required ratio:    0.00 (Gate area) 
      Partial area ratio:  150.98
      Required ratio: 2956.40 (Side area) 
      Cumulative area ratio:  247.55
      Required ratio:    0.00 (Cumulative area) 
      Cumulative area ratio: 1275.34
      Required ratio:    0.00 (Cumulative side area) 

    Layer: met3
      Partial area ratio:   29.74
      Required ratio:    0.00 (Gate area) 
      Partial area ratio:  162.41
      Required ratio:  400.00 (Side area) 
      Cumulative area ratio:  219.33
      Required ratio:    0.00 (Cumulative area) 
      Cumulative area ratio: 1124.36
      Required ratio:    0.00 (Cumulative side area) 

    Layer: met2
      Partial area ratio:    0.34
      Required ratio:    0.00 (Gate area) 
      Partial area ratio:    2.50
      Required ratio:  400.00 (Side area) 
      Cumulative area ratio:   20.97
      Required ratio:    0.00 (Cumulative area) 
      Cumulative area ratio:  107.17
      Required ratio:    0.00 (Cumulative side area) 

    Layer: met1
      Partial area ratio:   20.62
      Required ratio:    0.00 (Gate area) 
      Partial area ratio:  104.67
      Required ratio:  400.00 (Side area) 
      Cumulative area ratio:   20.62
      Required ratio:    0.00 (Cumulative area) 
      Cumulative area ratio:  104.67
      Required ratio:    0.00 (Cumulative side area) 

    Layer: li1
      Partial area ratio:    0.00
      Required ratio:    0.00 (Gate area) 
      Partial area ratio:    0.00
      Required ratio:   75.00 (Side area) 
      Cumulative area ratio:    0.00
      Required ratio:    0.00 (Cumulative area) 
      Cumulative area ratio:    0.00
      Required ratio:    0.00 (Cumulative side area) 

    Via: M3M4_PR
      Partial area ratio:    0.11
      Required ratio:    6.00 (Gate area) 
      Cumulative area ratio:    1.47
      Required ratio:    0.00 (Cumulative area) 

    Via: M2M3_PR
      Partial area ratio:    0.32
      Required ratio:    6.00 (Gate area) 
      Cumulative area ratio:    0.73
      Required ratio:    0.00 (Cumulative area) 

    Via: M1M2_PR
      Partial area ratio:    0.18
      Required ratio:    6.00 (Gate area) 
      Cumulative area ratio:    0.41
      Required ratio:    0.00 (Cumulative area) 

    Via: L1M1_PR
      Partial area ratio:    0.23
      Required ratio:    3.00 (Gate area) 
      Cumulative area ratio:    0.23
      Required ratio:    0.00 (Cumulative area) 

  Pin: _10740_/A1 (sky130_fd_sc_hd__mux2_1)
    Layer: met4
      Partial area ratio:   28.22
      Required ratio:    0.00 (Gate area) 
      Partial area ratio:  150.98
      Required ratio: 2956.40 (Side area) 
      Cumulative area ratio:  227.25
      Required ratio:    0.00 (Cumulative area) 
      Cumulative area ratio: 1172.29
      Required ratio:    0.00 (Cumulative side area) 

    Layer: met3
      Partial area ratio:   29.74
      Required ratio:    0.00 (Gate area) 
      Partial area ratio:  162.41
      Required ratio:  400.00 (Side area) 
      Cumulative area ratio:  199.03
      Required ratio:    0.00 (Cumulative area) 
      Cumulative area ratio: 1021.30
      Required ratio:    0.00 (Cumulative side area) 

    Layer: met2
      Partial area ratio:  168.62
      Required ratio:    0.00 (Gate area) 
      Partial area ratio:  854.78
      Required ratio:  400.00 (Side area) (VIOLATED)
      Cumulative area ratio:  169.29
      Required ratio:    0.00 (Cumulative area) 
      Cumulative area ratio:  858.89
      Required ratio:    0.00 (Cumulative side area) 

    Layer: met1
      Partial area ratio:    0.67
      Required ratio:    0.00 (Gate area) 
      Partial area ratio:    4.11
      Required ratio:  400.00 (Side area) 
      Cumulative area ratio:    0.67
      Required ratio:    0.00 (Cumulative area) 
      Cumulative area ratio:    4.11
      Required ratio:    0.00 (Cumulative side area) 

    Layer: li1
      Partial area ratio:    0.00
      Required ratio:    0.00 (Gate area) 
      Partial area ratio:    0.00
      Required ratio:   75.00 (Side area) 
      Cumulative area ratio:    0.00
      Required ratio:    0.00 (Cumulative area) 
      Cumulative area ratio:    0.00
      Required ratio:    0.00 (Cumulative side area) 

    Via: M3M4_PR
      Partial area ratio:    0.11
      Required ratio:    6.00 (Gate area) 
      Cumulative area ratio:    1.15
      Required ratio:    0.00 (Cumulative area) 

    Via: M2M3_PR
      Partial area ratio:    0.63
      Required ratio:    6.00 (Gate area) 
      Cumulative area ratio:    1.04
      Required ratio:    0.00 (Cumulative area) 

    Via: M1M2_PR
      Partial area ratio:    0.18
      Required ratio:    6.00 (Gate area) 
      Cumulative area ratio:    0.41
      Required ratio:    0.00 (Cumulative area) 

    Via: L1M1_PR
      Partial area ratio:    0.23
      Required ratio:    3.00 (Gate area) 
      Cumulative area ratio:    0.23
      Required ratio:    0.00 (Cumulative area) 

  Pin: _11421_/A1 (sky130_fd_sc_hd__mux2_1)
    Layer: met3
      Partial area ratio:    3.32
      Required ratio:    0.00 (Gate area) 
      Partial area ratio:   18.46
      Required ratio: 2956.40 (Side area) 
      Cumulative area ratio:    3.32
      Required ratio:    0.00 (Cumulative area) 
      Cumulative area ratio:   18.46
      Required ratio:    0.00 (Cumulative side area) 

    Layer: met4
      Partial area ratio:   28.22
      Required ratio:    0.00 (Gate area) 
      Partial area ratio:  150.98
      Required ratio: 2956.40 (Side area) 
      Cumulative area ratio:   31.54
      Required ratio:    0.00 (Cumulative area) 
      Cumulative area ratio:  169.45
      Required ratio:    0.00 (Cumulative side area) 

    Layer: met1
      Partial area ratio:    0.00
      Required ratio:    0.00 (Gate area) 
      Partial area ratio:    0.00
      Required ratio:  400.00 (Side area) 
      Cumulative area ratio:    0.00
      Required ratio:    0.00 (Cumulative area) 
      Cumulative area ratio:    0.00
      Required ratio:    0.00 (Cumulative side area) 

    Layer: li1
      Partial area ratio:    0.00
      Required ratio:    0.00 (Gate area) 
      Partial area ratio:    0.00
      Required ratio:   75.00 (Side area) 
      Cumulative area ratio:    0.00
      Required ratio:    0.00 (Cumulative area) 
      Cumulative area ratio:    0.00
      Required ratio:    0.00 (Cumulative side area) 

    Via: M2M3_PR
      Partial area ratio:    0.06
      Required ratio:    6.00 (Gate area) 
      Cumulative area ratio:    0.47
      Required ratio:    0.00 (Cumulative area) 

    Via: M3M4_PR
      Partial area ratio:    0.06
      Required ratio:    6.00 (Gate area) 
      Cumulative area ratio:    0.53
      Required ratio:    0.00 (Cumulative area) 

    Via: M1M2_PR
      Partial area ratio:    0.18
      Required ratio:    6.00 (Gate area) 
      Cumulative area ratio:    0.41
      Required ratio:    0.00 (Cumulative area) 

    Via: L1M1_PR
      Partial area ratio:    0.23
      Required ratio:    3.00 (Gate area) 
      Cumulative area ratio:    0.23
      Required ratio:    0.00 (Cumulative area) 


Net: _06791_
  Pin: _14050_/A1 (sky130_fd_sc_hd__a21oi_1)
    Layer: met2
      Partial area ratio:   13.33
      Required ratio:    0.00 (Gate area) 
      Partial area ratio:   67.59
      Required ratio: 2956.40 (Side area) 
      Cumulative area ratio:   15.49
      Required ratio:    0.00 (Cumulative area) 
      Cumulative area ratio:   78.79
      Required ratio:    0.00 (Cumulative side area) 

    Layer: met1
      Partial area ratio:    2.16
      Required ratio:    0.00 (Gate area) 
      Partial area ratio:   11.20
      Required ratio:  400.00 (Side area) 
      Cumulative area ratio:    2.16
      Required ratio:    0.00 (Cumulative area) 
      Cumulative area ratio:   11.20
      Required ratio:    0.00 (Cumulative side area) 

    Layer: li1
      Partial area ratio:    0.00
      Required ratio:    0.00 (Gate area) 
      Partial area ratio:    0.00
      Required ratio:   75.00 (Side area) 
      Cumulative area ratio:    0.00
      Required ratio:    0.00 (Cumulative area) 
      Cumulative area ratio:    0.00
      Required ratio:    0.00 (Cumulative side area) 

    Via: M1M2_PR
      Partial area ratio:    0.09
      Required ratio:    6.00 (Gate area) 
      Cumulative area ratio:    0.21
      Required ratio:    0.00 (Cumulative area) 

    Via: L1M1_PR
      Partial area ratio:    0.12
      Required ratio:    3.00 (Gate area) 
      Cumulative area ratio:    0.12
      Required ratio:    0.00 (Cumulative area) 

  Pin: _15642_/A1 (sky130_fd_sc_hd__a221o_1)
    Layer: met4
      Partial area ratio:   16.28
      Required ratio:    0.00 (Gate area) 
      Partial area ratio:   87.61
      Required ratio: 2956.40 (Side area) 
      Cumulative area ratio:   92.91
      Required ratio:    0.00 (Cumulative area) 
      Cumulative area ratio:  506.79
      Required ratio:    0.00 (Cumulative side area) 

    Layer: met3
      Partial area ratio:   75.39
      Required ratio:    0.00 (Gate area) 
      Partial area ratio:  411.80
      Required ratio:  400.00 (Side area) (VIOLATED)
      Cumulative area ratio:   76.63
      Required ratio:    0.00 (Cumulative area) 
      Cumulative area ratio:  419.18
      Required ratio:    0.00 (Cumulative side area) 

    Layer: met2
      Partial area ratio:    0.37
      Required ratio:    0.00 (Gate area) 
      Partial area ratio:    2.23
      Required ratio:  400.00 (Side area) 
      Cumulative area ratio:    1.24
      Required ratio:    0.00 (Cumulative area) 
      Cumulative area ratio:    7.38
      Required ratio:    0.00 (Cumulative side area) 

    Layer: met1
      Partial area ratio:    0.87
      Required ratio:    0.00 (Gate area) 
      Partial area ratio:    5.15
      Required ratio:  400.00 (Side area) 
      Cumulative area ratio:    0.87
      Required ratio:    0.00 (Cumulative area) 
      Cumulative area ratio:    5.15
      Required ratio:    0.00 (Cumulative side area) 

    Layer: li1
      Partial area ratio:    0.00
      Required ratio:    0.00 (Gate area) 
      Partial area ratio:    0.00
      Required ratio:   75.00 (Side area) 
      Cumulative area ratio:    0.00
      Required ratio:    0.00 (Cumulative area) 
      Cumulative area ratio:    0.00
      Required ratio:    0.00 (Cumulative side area) 

    Via: M3M4_PR
      Partial area ratio:    0.32
      Required ratio:    6.00 (Gate area) 
      Cumulative area ratio:    0.69
      Required ratio:    0.00 (Cumulative area) 

    Via: M2M3_PR
      Partial area ratio:    0.16
      Required ratio:    6.00 (Gate area) 
      Cumulative area ratio:    0.37
      Required ratio:    0.00 (Cumulative area) 

    Via: M1M2_PR
      Partial area ratio:    0.09
      Required ratio:    6.00 (Gate area) 
      Cumulative area ratio:    0.21
      Required ratio:    0.00 (Cumulative area) 

    Via: L1M1_PR
      Partial area ratio:    0.12
      Required ratio:    3.00 (Gate area) 
      Cumulative area ratio:    0.12
      Required ratio:    0.00 (Cumulative area) 

  Pin: _14490_/A1 (sky130_fd_sc_hd__o221a_1)
    Layer: met4
      Partial area ratio:   16.28
      Required ratio:    0.00 (Gate area) 
      Partial area ratio:   87.61
      Required ratio: 2956.40 (Side area) 
      Cumulative area ratio:  100.70
      Required ratio:    0.00 (Cumulative area) 
      Cumulative area ratio:  554.23
      Required ratio:    0.00 (Cumulative side area) 

    Layer: met3
      Partial area ratio:    8.05
      Required ratio:    0.00 (Gate area) 
      Partial area ratio:   48.74
      Required ratio:  400.00 (Side area) 
      Cumulative area ratio:    9.03
      Required ratio:    0.00 (Cumulative area) 
      Cumulative area ratio:   54.82
      Required ratio:    0.00 (Cumulative side area) 

    Layer: met2
      Partial area ratio:    0.64
      Required ratio:    0.00 (Gate area) 
      Partial area ratio:    3.99
      Required ratio:  400.00 (Side area) 
      Cumulative area ratio:    0.98
      Required ratio:    0.00 (Cumulative area) 
      Cumulative area ratio:    6.08
      Required ratio:    0.00 (Cumulative side area) 

    Layer: met1
      Partial area ratio:    0.34
      Required ratio:    0.00 (Gate area) 
      Partial area ratio:    2.09
      Required ratio:  400.00 (Side area) 
      Cumulative area ratio:    0.34
      Required ratio:    0.00 (Cumulative area) 
      Cumulative area ratio:    2.09
      Required ratio:    0.00 (Cumulative side area) 

    Layer: li1
      Partial area ratio:    0.00
      Required ratio:    0.00 (Gate area) 
      Partial area ratio:    0.00
      Required ratio:   75.00 (Side area) 
      Cumulative area ratio:    0.00
      Required ratio:    0.00 (Cumulative area) 
      Cumulative area ratio:    0.00
      Required ratio:    0.00 (Cumulative side area) 

    Via: M3M4_PR
      Partial area ratio:    0.32
      Required ratio:    6.00 (Gate area) 
      Cumulative area ratio:    0.69
      Required ratio:    0.00 (Cumulative area) 

    Via: M2M3_PR
      Partial area ratio:    0.16
      Required ratio:    6.00 (Gate area) 
      Cumulative area ratio:    0.37
      Required ratio:    0.00 (Cumulative area) 

    Via: M1M2_PR
      Partial area ratio:    0.09
      Required ratio:    6.00 (Gate area) 
      Cumulative area ratio:    0.21
      Required ratio:    0.00 (Cumulative area) 

    Via: L1M1_PR
      Partial area ratio:    0.12
      Required ratio:    3.00 (Gate area) 
      Cumulative area ratio:    0.12
      Required ratio:    0.00 (Cumulative area) 

  Pin: _11682_/A1 (sky130_fd_sc_hd__a221o_1)
    Layer: met4
      Partial area ratio:   16.28
      Required ratio:    0.00 (Gate area) 
      Partial area ratio:   87.61
      Required ratio: 2956.40 (Side area) 
      Cumulative area ratio:  120.16
      Required ratio:    0.00 (Cumulative area) 
      Cumulative area ratio:  661.62
      Required ratio:    0.00 (Cumulative side area) 

    Layer: met3
      Partial area ratio:   16.32
      Required ratio:    0.00 (Gate area) 
      Partial area ratio:   90.94
      Required ratio:  400.00 (Side area) 
      Cumulative area ratio:   20.44
      Required ratio:    0.00 (Cumulative area) 
      Cumulative area ratio:  113.48
      Required ratio:    0.00 (Cumulative side area) 

    Layer: met2
      Partial area ratio:    1.14
      Required ratio:    0.00 (Gate area) 
      Partial area ratio:    6.08
      Required ratio:  400.00 (Side area) 
      Cumulative area ratio:    4.11
      Required ratio:    0.00 (Cumulative area) 
      Cumulative area ratio:   22.54
      Required ratio:    0.00 (Cumulative side area) 

    Layer: met1
      Partial area ratio:    2.98
      Required ratio:    0.00 (Gate area) 
      Partial area ratio:   16.46
      Required ratio:  400.00 (Side area) 
      Cumulative area ratio:    2.98
      Required ratio:    0.00 (Cumulative area) 
      Cumulative area ratio:   16.46
      Required ratio:    0.00 (Cumulative side area) 

    Layer: li1
      Partial area ratio:    0.00
      Required ratio:    0.00 (Gate area) 
      Partial area ratio:    0.00
      Required ratio:   75.00 (Side area) 
      Cumulative area ratio:    0.00
      Required ratio:    0.00 (Cumulative area) 
      Cumulative area ratio:    0.00
      Required ratio:    0.00 (Cumulative side area) 

    Via: M3M4_PR
      Partial area ratio:    0.05
      Required ratio:    6.00 (Gate area) 
      Cumulative area ratio:    0.42
      Required ratio:    0.00 (Cumulative area) 

    Via: M2M3_PR
      Partial area ratio:    0.16
      Required ratio:    6.00 (Gate area) 
      Cumulative area ratio:    0.37
      Required ratio:    0.00 (Cumulative area) 

    Via: M1M2_PR
      Partial area ratio:    0.09
      Required ratio:    6.00 (Gate area) 
      Cumulative area ratio:    0.21
      Required ratio:    0.00 (Cumulative area) 

    Via: L1M1_PR
      Partial area ratio:    0.12
      Required ratio:    3.00 (Gate area) 
      Cumulative area ratio:    0.12
      Required ratio:    0.00 (Cumulative area) 

  Pin: _13836_/A1 (sky130_fd_sc_hd__a221o_1)
    Layer: met4
      Partial area ratio:   16.28
      Required ratio:    0.00 (Gate area) 
      Partial area ratio:   87.61
      Required ratio: 2956.40 (Side area) 
      Cumulative area ratio:  117.33
      Required ratio:    0.00 (Cumulative area) 
      Cumulative area ratio:  646.30
      Required ratio:    0.00 (Cumulative side area) 

    Layer: met3
      Partial area ratio:   16.32
      Required ratio:    0.00 (Gate area) 
      Partial area ratio:   90.94
      Required ratio:  400.00 (Side area) 
      Cumulative area ratio:   17.61
      Required ratio:    0.00 (Cumulative area) 
      Cumulative area ratio:   98.15
      Required ratio:    0.00 (Cumulative side area) 

    Layer: met2
      Partial area ratio:    1.28
      Required ratio:    0.00 (Gate area) 
      Partial area ratio:    7.21
      Required ratio:  400.00 (Side area) 
      Cumulative area ratio:    1.28
      Required ratio:    0.00 (Cumulative area) 
      Cumulative area ratio:    7.21
      Required ratio:    0.00 (Cumulative side area) 

    Layer: met1
      Partial area ratio:    0.00
      Required ratio:    0.00 (Gate area) 
      Partial area ratio:    0.00
      Required ratio:  400.00 (Side area) 
      Cumulative area ratio:    0.00
      Required ratio:    0.00 (Cumulative area) 
      Cumulative area ratio:    0.00
      Required ratio:    0.00 (Cumulative side area) 

    Layer: li1
      Partial area ratio:    0.00
      Required ratio:    0.00 (Gate area) 
      Partial area ratio:    0.00
      Required ratio:   75.00 (Side area) 
      Cumulative area ratio:    0.00
      Required ratio:    0.00 (Cumulative area) 
      Cumulative area ratio:    0.00
      Required ratio:    0.00 (Cumulative side area) 

    Via: M3M4_PR
      Partial area ratio:    0.05
      Required ratio:    6.00 (Gate area) 
      Cumulative area ratio:    0.42
      Required ratio:    0.00 (Cumulative area) 

    Via: M2M3_PR
      Partial area ratio:    0.16
      Required ratio:    6.00 (Gate area) 
      Cumulative area ratio:    0.37
      Required ratio:    0.00 (Cumulative area) 

    Via: M1M2_PR
      Partial area ratio:    0.09
      Required ratio:    6.00 (Gate area) 
      Cumulative area ratio:    0.21
      Required ratio:    0.00 (Cumulative area) 

    Via: L1M1_PR
      Partial area ratio:    0.12
      Required ratio:    3.00 (Gate area) 
      Cumulative area ratio:    0.12
      Required ratio:    0.00 (Cumulative area) 

  Pin: _15585_/A1 (sky130_fd_sc_hd__o221a_1)
    Layer: met4
      Partial area ratio:   16.28
      Required ratio:    0.00 (Gate area) 
      Partial area ratio:   87.61
      Required ratio: 2956.40 (Side area) 
      Cumulative area ratio:  117.39
      Required ratio:    0.00 (Cumulative area) 
      Cumulative area ratio:  647.77
      Required ratio:    0.00 (Cumulative side area) 

    Layer: met3
      Partial area ratio:   16.32
      Required ratio:    0.00 (Gate area) 
      Partial area ratio:   90.94
      Required ratio:  400.00 (Side area) 
      Cumulative area ratio:   17.66
      Required ratio:    0.00 (Cumulative area) 
      Cumulative area ratio:   99.62
      Required ratio:    0.00 (Cumulative side area) 

    Layer: met2
      Partial area ratio:    0.18
      Required ratio:    0.00 (Gate area) 
      Partial area ratio:    1.27
      Required ratio:  400.00 (Side area) 
      Cumulative area ratio:    1.34
      Required ratio:    0.00 (Cumulative area) 
      Cumulative area ratio:    8.68
      Required ratio:    0.00 (Cumulative side area) 

    Layer: met1
      Partial area ratio:    1.17
      Required ratio:    0.00 (Gate area) 
      Partial area ratio:    7.41
      Required ratio:  400.00 (Side area) 
      Cumulative area ratio:    1.17
      Required ratio:    0.00 (Cumulative area) 
      Cumulative area ratio:    7.41
      Required ratio:    0.00 (Cumulative side area) 

    Layer: li1
      Partial area ratio:    0.00
      Required ratio:    0.00 (Gate area) 
      Partial area ratio:    0.00
      Required ratio:   75.00 (Side area) 
      Cumulative area ratio:    0.00
      Required ratio:    0.00 (Cumulative area) 
      Cumulative area ratio:    0.00
      Required ratio:    0.00 (Cumulative side area) 

    Via: M3M4_PR
      Partial area ratio:    0.05
      Required ratio:    6.00 (Gate area) 
      Cumulative area ratio:    0.42
      Required ratio:    0.00 (Cumulative area) 

    Via: M2M3_PR
      Partial area ratio:    0.16
      Required ratio:    6.00 (Gate area) 
      Cumulative area ratio:    0.37
      Required ratio:    0.00 (Cumulative area) 

    Via: M1M2_PR
      Partial area ratio:    0.09
      Required ratio:    6.00 (Gate area) 
      Cumulative area ratio:    0.21
      Required ratio:    0.00 (Cumulative area) 

    Via: L1M1_PR
      Partial area ratio:    0.12
      Required ratio:    3.00 (Gate area) 
      Cumulative area ratio:    0.12
      Required ratio:    0.00 (Cumulative area) 

  Pin: _14290_/A1 (sky130_fd_sc_hd__mux2_1)
    Layer: met3
      Partial area ratio:    1.37
      Required ratio:    0.00 (Gate area) 
      Partial area ratio:    8.06
      Required ratio: 2956.40 (Side area) 
      Cumulative area ratio:    1.37
      Required ratio:    0.00 (Cumulative area) 
      Cumulative area ratio:    8.06
      Required ratio:    0.00 (Cumulative side area) 

    Layer: met4
      Partial area ratio:   16.28
      Required ratio:    0.00 (Gate area) 
      Partial area ratio:   87.61
      Required ratio: 2956.40 (Side area) 
      Cumulative area ratio:   17.65
      Required ratio:    0.00 (Cumulative area) 
      Cumulative area ratio:   95.67
      Required ratio:    0.00 (Cumulative side area) 

    Layer: met1
      Partial area ratio:    0.00
      Required ratio:    0.00 (Gate area) 
      Partial area ratio:    0.00
      Required ratio:  400.00 (Side area) 
      Cumulative area ratio:    0.00
      Required ratio:    0.00 (Cumulative area) 
      Cumulative area ratio:    0.00
      Required ratio:    0.00 (Cumulative side area) 

    Layer: li1
      Partial area ratio:    0.00
      Required ratio:    0.00 (Gate area) 
      Partial area ratio:    0.00
      Required ratio:   75.00 (Side area) 
      Cumulative area ratio:    0.00
      Required ratio:    0.00 (Cumulative area) 
      Cumulative area ratio:    0.00
      Required ratio:    0.00 (Cumulative side area) 

    Via: M2M3_PR
      Partial area ratio:    0.06
      Required ratio:    6.00 (Gate area) 
      Cumulative area ratio:    0.47
      Required ratio:    0.00 (Cumulative area) 

    Via: M3M4_PR
      Partial area ratio:    0.06
      Required ratio:    6.00 (Gate area) 
      Cumulative area ratio:    0.54
      Required ratio:    0.00 (Cumulative area) 

    Via: M1M2_PR
      Partial area ratio:    0.18
      Required ratio:    6.00 (Gate area) 
      Cumulative area ratio:    0.41
      Required ratio:    0.00 (Cumulative area) 

    Via: L1M1_PR
      Partial area ratio:    0.23
      Required ratio:    3.00 (Gate area) 
      Cumulative area ratio:    0.23
      Required ratio:    0.00 (Cumulative area) 

  Pin: _13624_/A1 (sky130_fd_sc_hd__a22o_1)
    Layer: met3
      Partial area ratio:    1.37
      Required ratio:    0.00 (Gate area) 
      Partial area ratio:    8.06
      Required ratio: 2956.40 (Side area) 
      Cumulative area ratio:    1.97
      Required ratio:    0.00 (Cumulative area) 
      Cumulative area ratio:   11.46
      Required ratio:    0.00 (Cumulative side area) 

    Layer: met4
      Partial area ratio:   16.28
      Required ratio:    0.00 (Gate area) 
      Partial area ratio:   87.61
      Required ratio: 2956.40 (Side area) 
      Cumulative area ratio:   18.25
      Required ratio:    0.00 (Cumulative area) 
      Cumulative area ratio:   99.06
      Required ratio:    0.00 (Cumulative side area) 

    Layer: met1
      Partial area ratio:    0.60
      Required ratio:    0.00 (Gate area) 
      Partial area ratio:    3.39
      Required ratio:  400.00 (Side area) 
      Cumulative area ratio:    0.60
      Required ratio:    0.00 (Cumulative area) 
      Cumulative area ratio:    3.39
      Required ratio:    0.00 (Cumulative side area) 

    Layer: li1
      Partial area ratio:    0.00
      Required ratio:    0.00 (Gate area) 
      Partial area ratio:    0.00
      Required ratio:   75.00 (Side area) 
      Cumulative area ratio:    0.00
      Required ratio:    0.00 (Cumulative area) 
      Cumulative area ratio:    0.00
      Required ratio:    0.00 (Cumulative side area) 

    Via: M2M3_PR
      Partial area ratio:    0.06
      Required ratio:    6.00 (Gate area) 
      Cumulative area ratio:    0.27
      Required ratio:    0.00 (Cumulative area) 

    Via: M3M4_PR
      Partial area ratio:    0.06
      Required ratio:    6.00 (Gate area) 
      Cumulative area ratio:    0.34
      Required ratio:    0.00 (Cumulative area) 

    Via: M1M2_PR
      Partial area ratio:    0.09
      Required ratio:    6.00 (Gate area) 
      Cumulative area ratio:    0.21
      Required ratio:    0.00 (Cumulative area) 

    Via: L1M1_PR
      Partial area ratio:    0.12
      Required ratio:    3.00 (Gate area) 
      Cumulative area ratio:    0.12
      Required ratio:    0.00 (Cumulative area) 


Net: _07094_
  Pin: _13138_/A1 (sky130_fd_sc_hd__mux2_1)
    Layer: met4
      Partial area ratio:    8.79
      Required ratio:    0.00 (Gate area) 
      Partial area ratio:   47.37
      Required ratio: 2956.40 (Side area) 
      Cumulative area ratio:   17.16
      Required ratio:    0.00 (Cumulative area) 
      Cumulative area ratio:   96.15
      Required ratio:    0.00 (Cumulative side area) 

    Layer: met3
      Partial area ratio:    4.71
      Required ratio:    0.00 (Gate area) 
      Partial area ratio:   28.95
      Required ratio:  400.00 (Side area) 
      Cumulative area ratio:    8.37
      Required ratio:    0.00 (Cumulative area) 
      Cumulative area ratio:   48.79
      Required ratio:    0.00 (Cumulative side area) 

    Layer: met2
      Partial area ratio:    2.99
      Required ratio:    0.00 (Gate area) 
      Partial area ratio:   15.72
      Required ratio:  400.00 (Side area) 
      Cumulative area ratio:    3.66
      Required ratio:    0.00 (Cumulative area) 
      Cumulative area ratio:   19.83
      Required ratio:    0.00 (Cumulative side area) 

    Layer: met1
      Partial area ratio:    0.67
      Required ratio:    0.00 (Gate area) 
      Partial area ratio:    4.11
      Required ratio:  400.00 (Side area) 
      Cumulative area ratio:    0.67
      Required ratio:    0.00 (Cumulative area) 
      Cumulative area ratio:    4.11
      Required ratio:    0.00 (Cumulative side area) 

    Layer: li1
      Partial area ratio:    0.00
      Required ratio:    0.00 (Gate area) 
      Partial area ratio:    0.00
      Required ratio:   75.00 (Side area) 
      Cumulative area ratio:    0.00
      Required ratio:    0.00 (Cumulative area) 
      Cumulative area ratio:    0.00
      Required ratio:    0.00 (Cumulative side area) 

    Via: M3M4_PR
      Partial area ratio:    0.11
      Required ratio:    6.00 (Gate area) 
      Cumulative area ratio:    0.83
      Required ratio:    0.00 (Cumulative area) 

    Via: M2M3_PR
      Partial area ratio:    0.32
      Required ratio:    6.00 (Gate area) 
      Cumulative area ratio:    0.73
      Required ratio:    0.00 (Cumulative area) 

    Via: M1M2_PR
      Partial area ratio:    0.18
      Required ratio:    6.00 (Gate area) 
      Cumulative area ratio:    0.41
      Required ratio:    0.00 (Cumulative area) 

    Via: L1M1_PR
      Partial area ratio:    0.23
      Required ratio:    3.00 (Gate area) 
      Cumulative area ratio:    0.23
      Required ratio:    0.00 (Cumulative area) 

  Pin: _12248_/A1 (sky130_fd_sc_hd__mux2_1)
    Layer: met4
      Partial area ratio:    8.79
      Required ratio:    0.00 (Gate area) 
      Partial area ratio:   47.37
      Required ratio: 2956.40 (Side area) 
      Cumulative area ratio:  123.46
      Required ratio:    0.00 (Cumulative area) 
      Cumulative area ratio:  630.35
      Required ratio:    0.00 (Cumulative side area) 

    Layer: met3
      Partial area ratio:    4.71
      Required ratio:    0.00 (Gate area) 
      Partial area ratio:   28.95
      Required ratio:  400.00 (Side area) 
      Cumulative area ratio:  114.66
      Required ratio:    0.00 (Cumulative area) 
      Cumulative area ratio:  582.98
      Required ratio:    0.00 (Cumulative side area) 

    Layer: met2
      Partial area ratio:  106.73
      Required ratio:    0.00 (Gate area) 
      Partial area ratio:  537.14
      Required ratio:  400.00 (Side area) (VIOLATED)
      Cumulative area ratio:  109.95
      Required ratio:    0.00 (Cumulative area) 
      Cumulative area ratio:  554.03
      Required ratio:    0.00 (Cumulative side area) 

    Layer: met1
      Partial area ratio:    0.00
      Required ratio:    0.00 (Gate area) 
      Partial area ratio:    0.00
      Required ratio:  400.00 (Side area) 
      Cumulative area ratio:    0.00
      Required ratio:    0.00 (Cumulative area) 
      Cumulative area ratio:    0.00
      Required ratio:    0.00 (Cumulative side area) 

    Layer: li1
      Partial area ratio:    0.00
      Required ratio:    0.00 (Gate area) 
      Partial area ratio:    0.00
      Required ratio:   75.00 (Side area) 
      Cumulative area ratio:    0.00
      Required ratio:    0.00 (Cumulative area) 
      Cumulative area ratio:    0.00
      Required ratio:    0.00 (Cumulative side area) 

    Via: M3M4_PR
      Partial area ratio:    0.11
      Required ratio:    6.00 (Gate area) 
      Cumulative area ratio:    1.03
      Required ratio:    0.00 (Cumulative area) 

    Via: M2M3_PR
      Partial area ratio:    0.16
      Required ratio:    6.00 (Gate area) 
      Cumulative area ratio:    0.92
      Required ratio:    0.00 (Cumulative area) 

    Via: M1M2_PR
      Partial area ratio:    0.18
      Required ratio:    6.00 (Gate area) 
      Cumulative area ratio:    0.41
      Required ratio:    0.00 (Cumulative area) 

    Via: L1M1_PR
      Partial area ratio:    0.23
      Required ratio:    3.00 (Gate area) 
      Cumulative area ratio:    0.23
      Required ratio:    0.00 (Cumulative area) 

  Pin: _12415_/A1 (sky130_fd_sc_hd__mux2_1)
    Layer: met4
      Partial area ratio:    8.79
      Required ratio:    0.00 (Gate area) 
      Partial area ratio:   47.37
      Required ratio: 2956.40 (Side area) 
      Cumulative area ratio:  123.46
      Required ratio:    0.00 (Cumulative area) 
      Cumulative area ratio:  630.35
      Required ratio:    0.00 (Cumulative side area) 

    Layer: met3
      Partial area ratio:    4.71
      Required ratio:    0.00 (Gate area) 
      Partial area ratio:   28.95
      Required ratio:  400.00 (Side area) 
      Cumulative area ratio:  114.66
      Required ratio:    0.00 (Cumulative area) 
      Cumulative area ratio:  582.98
      Required ratio:    0.00 (Cumulative side area) 

    Layer: met2
      Partial area ratio:  106.73
      Required ratio:    0.00 (Gate area) 
      Partial area ratio:  537.14
      Required ratio:  400.00 (Side area) (VIOLATED)
      Cumulative area ratio:  109.95
      Required ratio:    0.00 (Cumulative area) 
      Cumulative area ratio:  554.03
      Required ratio:    0.00 (Cumulative side area) 

    Layer: met1
      Partial area ratio:    3.22
      Required ratio:    0.00 (Gate area) 
      Partial area ratio:   16.89
      Required ratio:  400.00 (Side area) 
      Cumulative area ratio:    3.22
      Required ratio:    0.00 (Cumulative area) 
      Cumulative area ratio:   16.89
      Required ratio:    0.00 (Cumulative side area) 

    Layer: li1
      Partial area ratio:    0.00
      Required ratio:    0.00 (Gate area) 
      Partial area ratio:    0.00
      Required ratio:   75.00 (Side area) 
      Cumulative area ratio:    0.00
      Required ratio:    0.00 (Cumulative area) 
      Cumulative area ratio:    0.00
      Required ratio:    0.00 (Cumulative side area) 

    Via: M3M4_PR
      Partial area ratio:    0.11
      Required ratio:    6.00 (Gate area) 
      Cumulative area ratio:    0.85
      Required ratio:    0.00 (Cumulative area) 

    Via: M2M3_PR
      Partial area ratio:    0.16
      Required ratio:    6.00 (Gate area) 
      Cumulative area ratio:    0.75
      Required ratio:    0.00 (Cumulative area) 

    Via: M1M2_PR
      Partial area ratio:    0.36
      Required ratio:    6.00 (Gate area) 
      Cumulative area ratio:    0.59
      Required ratio:    0.00 (Cumulative area) 

    Via: L1M1_PR
      Partial area ratio:    0.23
      Required ratio:    3.00 (Gate area) 
      Cumulative area ratio:    0.23
      Required ratio:    0.00 (Cumulative area) 

  Pin: _12178_/A1 (sky130_fd_sc_hd__mux2_1)
    Layer: met3
      Partial area ratio:   51.70
      Required ratio:    0.00 (Gate area) 
      Partial area ratio:  281.07
      Required ratio: 2956.40 (Side area) 
      Cumulative area ratio:   52.04
      Required ratio:    0.00 (Cumulative area) 
      Cumulative area ratio:  283.57
      Required ratio:    0.00 (Cumulative side area) 

    Layer: met4
      Partial area ratio:    8.79
      Required ratio:    0.00 (Gate area) 
      Partial area ratio:   47.37
      Required ratio: 2956.40 (Side area) 
      Cumulative area ratio:   60.84
      Required ratio:    0.00 (Cumulative area) 
      Cumulative area ratio:  330.93
      Required ratio:    0.00 (Cumulative side area) 

    Layer: met2
      Partial area ratio:    0.34
      Required ratio:    0.00 (Gate area) 
      Partial area ratio:    2.50
      Required ratio:  400.00 (Side area) 
      Cumulative area ratio:    0.34
      Required ratio:    0.00 (Cumulative area) 
      Cumulative area ratio:    2.50
      Required ratio:    0.00 (Cumulative side area) 

    Layer: met1
      Partial area ratio:    0.00
      Required ratio:    0.00 (Gate area) 
      Partial area ratio:    0.00
      Required ratio:  400.00 (Side area) 
      Cumulative area ratio:    0.00
      Required ratio:    0.00 (Cumulative area) 
      Cumulative area ratio:    0.00
      Required ratio:    0.00 (Cumulative side area) 

    Layer: li1
      Partial area ratio:    0.00
      Required ratio:    0.00 (Gate area) 
      Partial area ratio:    0.00
      Required ratio:   75.00 (Side area) 
      Cumulative area ratio:    0.00
      Required ratio:    0.00 (Cumulative area) 
      Cumulative area ratio:    0.00
      Required ratio:    0.00 (Cumulative side area) 

    Via: M3M4_PR
      Partial area ratio:    0.06
      Required ratio:    6.00 (Gate area) 
      Cumulative area ratio:    0.79
      Required ratio:    0.00 (Cumulative area) 

    Via: M2M3_PR
      Partial area ratio:    0.32
      Required ratio:    6.00 (Gate area) 
      Cumulative area ratio:    0.73
      Required ratio:    0.00 (Cumulative area) 

    Via: M1M2_PR
      Partial area ratio:    0.18
      Required ratio:    6.00 (Gate area) 
      Cumulative area ratio:    0.41
      Required ratio:    0.00 (Cumulative area) 

    Via: L1M1_PR
      Partial area ratio:    0.23
      Required ratio:    3.00 (Gate area) 
      Cumulative area ratio:    0.23
      Required ratio:    0.00 (Cumulative area) 

  Pin: _12213_/A1 (sky130_fd_sc_hd__mux2_1)
    Layer: met2
      Partial area ratio:   39.27
      Required ratio:    0.00 (Gate area) 
      Partial area ratio:  199.46
      Required ratio: 2956.40 (Side area) 
      Cumulative area ratio:   39.27
      Required ratio:    0.00 (Cumulative area) 
      Cumulative area ratio:  199.46
      Required ratio:    0.00 (Cumulative side area) 

    Layer: met3
      Partial area ratio:   51.70
      Required ratio:    0.00 (Gate area) 
      Partial area ratio:  281.07
      Required ratio: 2956.40 (Side area) 
      Cumulative area ratio:   90.97
      Required ratio:    0.00 (Cumulative area) 
      Cumulative area ratio:  480.53
      Required ratio:    0.00 (Cumulative side area) 

    Layer: met4
      Partial area ratio:    8.79
      Required ratio:    0.00 (Gate area) 
      Partial area ratio:   47.37
      Required ratio: 2956.40 (Side area) 
      Cumulative area ratio:   99.76
      Required ratio:    0.00 (Cumulative area) 
      Cumulative area ratio:  527.89
      Required ratio:    0.00 (Cumulative side area) 

    Layer: met1
      Partial area ratio:    0.00
      Required ratio:    0.00 (Gate area) 
      Partial area ratio:    0.00
      Required ratio:  400.00 (Side area) 
      Cumulative area ratio:    0.00
      Required ratio:    0.00 (Cumulative area) 
      Cumulative area ratio:    0.00
      Required ratio:    0.00 (Cumulative side area) 

    Layer: li1
      Partial area ratio:    0.00
      Required ratio:    0.00 (Gate area) 
      Partial area ratio:    0.00
      Required ratio:   75.00 (Side area) 
      Cumulative area ratio:    0.00
      Required ratio:    0.00 (Cumulative area) 
      Cumulative area ratio:    0.00
      Required ratio:    0.00 (Cumulative side area) 

    Via: M2M3_PR
      Partial area ratio:    0.11
      Required ratio:    6.00 (Gate area) 
      Cumulative area ratio:    0.51
      Required ratio:    0.00 (Cumulative area) 

    Via: M3M4_PR
      Partial area ratio:    0.06
      Required ratio:    6.00 (Gate area) 
      Cumulative area ratio:    0.58
      Required ratio:    0.00 (Cumulative area) 

    Via: M1M2_PR
      Partial area ratio:    0.18
      Required ratio:    6.00 (Gate area) 
      Cumulative area ratio:    0.41
      Required ratio:    0.00 (Cumulative area) 

    Via: L1M1_PR
      Partial area ratio:    0.23
      Required ratio:    3.00 (Gate area) 
      Cumulative area ratio:    0.23
      Required ratio:    0.00 (Cumulative area) 

  Pin: _13103_/A1 (sky130_fd_sc_hd__mux2_1)
    Layer: met2
      Partial area ratio:    1.10
      Required ratio:    0.00 (Gate area) 
      Partial area ratio:    6.28
      Required ratio:  400.00 (Side area) 
      Cumulative area ratio:    1.10
      Required ratio:    0.00 (Cumulative area) 
      Cumulative area ratio:    6.28
      Required ratio:    0.00 (Cumulative side area) 

    Layer: met1
      Partial area ratio:    0.00
      Required ratio:    0.00 (Gate area) 
      Partial area ratio:    0.00
      Required ratio:  400.00 (Side area) 
      Cumulative area ratio:    0.00
      Required ratio:    0.00 (Cumulative area) 
      Cumulative area ratio:    0.00
      Required ratio:    0.00 (Cumulative side area) 

    Layer: li1
      Partial area ratio:    0.00
      Required ratio:    0.00 (Gate area) 
      Partial area ratio:    0.00
      Required ratio:   75.00 (Side area) 
      Cumulative area ratio:    0.00
      Required ratio:    0.00 (Cumulative area) 
      Cumulative area ratio:    0.00
      Required ratio:    0.00 (Cumulative side area) 

    Via: M2M3_PR
      Partial area ratio:    0.32
      Required ratio:    6.00 (Gate area) 
      Cumulative area ratio:    0.73
      Required ratio:    0.00 (Cumulative area) 

    Via: M1M2_PR
      Partial area ratio:    0.18
      Required ratio:    6.00 (Gate area) 
      Cumulative area ratio:    0.41
      Required ratio:    0.00 (Cumulative area) 

    Via: L1M1_PR
      Partial area ratio:    0.23
      Required ratio:    3.00 (Gate area) 
      Cumulative area ratio:    0.23
      Required ratio:    0.00 (Cumulative area) 

  Pin: _13068_/A1 (sky130_fd_sc_hd__mux2_1)
    Layer: met1
      Partial area ratio:    0.00
      Required ratio:    0.00 (Gate area) 
      Partial area ratio:    0.00
      Required ratio:  400.00 (Side area) 
      Cumulative area ratio:    0.00
      Required ratio:    0.00 (Cumulative area) 
      Cumulative area ratio:    0.00
      Required ratio:    0.00 (Cumulative side area) 

    Layer: li1
      Partial area ratio:    0.00
      Required ratio:    0.00 (Gate area) 
      Partial area ratio:    0.00
      Required ratio:   75.00 (Side area) 
      Cumulative area ratio:    0.00
      Required ratio:    0.00 (Cumulative area) 
      Cumulative area ratio:    0.00
      Required ratio:    0.00 (Cumulative side area) 

    Via: M2M3_PR
      Partial area ratio:    0.11
      Required ratio:    6.00 (Gate area) 
      Cumulative area ratio:    1.05
      Required ratio:    0.00 (Cumulative area) 

    Via: M1M2_PR
      Partial area ratio:    0.18
      Required ratio:    6.00 (Gate area) 
      Cumulative area ratio:    0.41
      Required ratio:    0.00 (Cumulative area) 

    Via: L1M1_PR
      Partial area ratio:    0.23
      Required ratio:    3.00 (Gate area) 
      Cumulative area ratio:    0.23
      Required ratio:    0.00 (Cumulative area) 

  Pin: _13033_/A1 (sky130_fd_sc_hd__mux2_1)
    Layer: met1
      Partial area ratio:    8.16
      Required ratio:    0.00 (Gate area) 
      Partial area ratio:   43.89
      Required ratio:  400.00 (Side area) 
      Cumulative area ratio:    8.16
      Required ratio:    0.00 (Cumulative area) 
      Cumulative area ratio:   43.89
      Required ratio:    0.00 (Cumulative side area) 

    Layer: li1
      Partial area ratio:    0.00
      Required ratio:    0.00 (Gate area) 
      Partial area ratio:    0.00
      Required ratio:   75.00 (Side area) 
      Cumulative area ratio:    0.00
      Required ratio:    0.00 (Cumulative area) 
      Cumulative area ratio:    0.00
      Required ratio:    0.00 (Cumulative side area) 

    Via: M2M3_PR
      Partial area ratio:    0.11
      Required ratio:    6.00 (Gate area) 
      Cumulative area ratio:    0.87
      Required ratio:    0.00 (Cumulative area) 

    Via: M1M2_PR
      Partial area ratio:    0.54
      Required ratio:    6.00 (Gate area) 
      Cumulative area ratio:    0.77
      Required ratio:    0.00 (Cumulative area) 

    Via: L1M1_PR
      Partial area ratio:    0.23
      Required ratio:    3.00 (Gate area) 
      Cumulative area ratio:    0.23
      Required ratio:    0.00 (Cumulative area) 


Net: _07806_
  Pin: _13286_/A1 (sky130_fd_sc_hd__mux2_1)
    Layer: met3
      Partial area ratio:   16.66
      Required ratio:    0.00 (Gate area) 
      Partial area ratio:   90.47
      Required ratio: 2918.08 (Side area) 
      Cumulative area ratio:   47.06
      Required ratio:    0.00 (Cumulative area) 
      Cumulative area ratio:  246.00
      Required ratio:    0.00 (Cumulative side area) 

    Layer: met2
      Partial area ratio:   17.67
      Required ratio:    0.00 (Gate area) 
      Partial area ratio:   89.54
      Required ratio:  400.00 (Side area) 
      Cumulative area ratio:   30.41
      Required ratio:    0.00 (Cumulative area) 
      Cumulative area ratio:  155.54
      Required ratio:    0.00 (Cumulative side area) 

    Layer: met1
      Partial area ratio:    4.91
      Required ratio:    0.00 (Gate area) 
      Partial area ratio:   26.11
      Required ratio:  400.00 (Side area) 
      Cumulative area ratio:    4.91
      Required ratio:    0.00 (Cumulative area) 
      Cumulative area ratio:   26.11
      Required ratio:    0.00 (Cumulative side area) 

    Layer: li1
      Partial area ratio:    0.00
      Required ratio:    0.00 (Gate area) 
      Partial area ratio:    0.00
      Required ratio:   75.00 (Side area) 
      Cumulative area ratio:    0.00
      Required ratio:    0.00 (Cumulative area) 
      Cumulative area ratio:    0.00
      Required ratio:    0.00 (Cumulative side area) 

    Layer: met4
      Partial area ratio:   33.08
      Required ratio:    0.00 (Gate area) 
      Partial area ratio:  176.89
      Required ratio: 2918.08 (Side area) 
      Cumulative area ratio:   80.14
      Required ratio:    0.00 (Cumulative area) 
      Cumulative area ratio:  422.89
      Required ratio:    0.00 (Cumulative side area) 

    Via: M3M4_PR
      Partial area ratio:    0.05
      Required ratio:    6.00 (Gate area) 
      Cumulative area ratio:    1.09
      Required ratio:    0.00 (Cumulative area) 

    Via: M2M3_PR
      Partial area ratio:    0.11
      Required ratio:    6.00 (Gate area) 
      Cumulative area ratio:    1.05
      Required ratio:    0.00 (Cumulative area) 

    Via: M1M2_PR
      Partial area ratio:    0.36
      Required ratio:    6.00 (Gate area) 
      Cumulative area ratio:    0.59
      Required ratio:    0.00 (Cumulative area) 

    Via: L1M1_PR
      Partial area ratio:    0.23
      Required ratio:    3.00 (Gate area) 
      Cumulative area ratio:    0.23
      Required ratio:    0.00 (Cumulative area) 

  Pin: _14429_/A1 (sky130_fd_sc_hd__mux2_1)
    Layer: met4
      Partial area ratio:   33.08
      Required ratio:    0.00 (Gate area) 
      Partial area ratio:  176.89
      Required ratio: 2918.08 (Side area) 
      Cumulative area ratio:   39.22
      Required ratio:    0.00 (Cumulative area) 
      Cumulative area ratio:  212.60
      Required ratio:    0.00 (Cumulative side area) 

    Layer: met3
      Partial area ratio:    1.26
      Required ratio:    0.00 (Gate area) 
      Partial area ratio:   10.54
      Required ratio:  400.00 (Side area) 
      Cumulative area ratio:    6.14
      Required ratio:    0.00 (Cumulative area) 
      Cumulative area ratio:   35.71
      Required ratio:    0.00 (Cumulative side area) 

    Layer: met2
      Partial area ratio:    4.88
      Required ratio:    0.00 (Gate area) 
      Partial area ratio:   25.17
      Required ratio:  400.00 (Side area) 
      Cumulative area ratio:    4.88
      Required ratio:    0.00 (Cumulative area) 
      Cumulative area ratio:   25.17
      Required ratio:    0.00 (Cumulative side area) 

    Layer: met1
      Partial area ratio:    0.00
      Required ratio:    0.00 (Gate area) 
      Partial area ratio:    0.00
      Required ratio:  400.00 (Side area) 
      Cumulative area ratio:    0.00
      Required ratio:    0.00 (Cumulative area) 
      Cumulative area ratio:    0.00
      Required ratio:    0.00 (Cumulative side area) 

    Layer: li1
      Partial area ratio:    0.00
      Required ratio:    0.00 (Gate area) 
      Partial area ratio:    0.00
      Required ratio:   75.00 (Side area) 
      Cumulative area ratio:    0.00
      Required ratio:    0.00 (Cumulative area) 
      Cumulative area ratio:    0.00
      Required ratio:    0.00 (Cumulative side area) 

    Via: M3M4_PR
      Partial area ratio:    0.32
      Required ratio:    6.00 (Gate area) 
      Cumulative area ratio:    1.04
      Required ratio:    0.00 (Cumulative area) 

    Via: M2M3_PR
      Partial area ratio:    0.32
      Required ratio:    6.00 (Gate area) 
      Cumulative area ratio:    0.73
      Required ratio:    0.00 (Cumulative area) 

    Via: M1M2_PR
      Partial area ratio:    0.18
      Required ratio:    6.00 (Gate area) 
      Cumulative area ratio:    0.41
      Required ratio:    0.00 (Cumulative area) 

    Via: L1M1_PR
      Partial area ratio:    0.23
      Required ratio:    3.00 (Gate area) 
      Cumulative area ratio:    0.23
      Required ratio:    0.00 (Cumulative area) 

  Pin: _13251_/A1 (sky130_fd_sc_hd__mux2_1)
    Layer: met3
      Partial area ratio:   16.66
      Required ratio:    0.00 (Gate area) 
      Partial area ratio:   90.47
      Required ratio: 2918.08 (Side area) 
      Cumulative area ratio:   50.80
      Required ratio:    0.00 (Cumulative area) 
      Cumulative area ratio:  265.45
      Required ratio:    0.00 (Cumulative side area) 

    Layer: met2
      Partial area ratio:   17.67
      Required ratio:    0.00 (Gate area) 
      Partial area ratio:   89.54
      Required ratio:  400.00 (Side area) 
      Cumulative area ratio:   34.14
      Required ratio:    0.00 (Cumulative area) 
      Cumulative area ratio:  174.98
      Required ratio:    0.00 (Cumulative side area) 

    Layer: met4
      Partial area ratio:   33.08
      Required ratio:    0.00 (Gate area) 
      Partial area ratio:  176.89
      Required ratio: 2918.08 (Side area) 
      Cumulative area ratio:   83.87
      Required ratio:    0.00 (Cumulative area) 
      Cumulative area ratio:  442.34
      Required ratio:    0.00 (Cumulative side area) 

    Layer: met1
      Partial area ratio:    3.73
      Required ratio:    0.00 (Gate area) 
      Partial area ratio:   19.44
      Required ratio:  400.00 (Side area) 
      Cumulative area ratio:    3.73
      Required ratio:    0.00 (Cumulative area) 
      Cumulative area ratio:   19.44
      Required ratio:    0.00 (Cumulative side area) 

    Layer: li1
      Partial area ratio:    0.00
      Required ratio:    0.00 (Gate area) 
      Partial area ratio:    0.00
      Required ratio:   75.00 (Side area) 
      Cumulative area ratio:    0.00
      Required ratio:    0.00 (Cumulative area) 
      Cumulative area ratio:    0.00
      Required ratio:    0.00 (Cumulative side area) 

    Via: M3M4_PR
      Partial area ratio:    0.05
      Required ratio:    6.00 (Gate area) 
      Cumulative area ratio:    1.27
      Required ratio:    0.00 (Cumulative area) 

    Via: M2M3_PR
      Partial area ratio:    0.11
      Required ratio:    6.00 (Gate area) 
      Cumulative area ratio:    1.23
      Required ratio:    0.00 (Cumulative area) 

    Via: M1M2_PR
      Partial area ratio:    0.18
      Required ratio:    6.00 (Gate area) 
      Cumulative area ratio:    0.41
      Required ratio:    0.00 (Cumulative area) 

    Via: L1M1_PR
      Partial area ratio:    0.23
      Required ratio:    3.00 (Gate area) 
      Cumulative area ratio:    0.23
      Required ratio:    0.00 (Cumulative area) 

  Pin: _13177_/A1 (sky130_fd_sc_hd__mux2_1)
    Layer: met3
      Partial area ratio:   16.66
      Required ratio:    0.00 (Gate area) 
      Partial area ratio:   90.47
      Required ratio: 2918.08 (Side area) 
      Cumulative area ratio:   47.06
      Required ratio:    0.00 (Cumulative area) 
      Cumulative area ratio:  246.00
      Required ratio:    0.00 (Cumulative side area) 

    Layer: met2
      Partial area ratio:   17.67
      Required ratio:    0.00 (Gate area) 
      Partial area ratio:   89.54
      Required ratio:  400.00 (Side area) 
      Cumulative area ratio:   25.50
      Required ratio:    0.00 (Cumulative area) 
      Cumulative area ratio:  129.43
      Required ratio:    0.00 (Cumulative side area) 

    Layer: met4
      Partial area ratio:   33.08
      Required ratio:    0.00 (Gate area) 
      Partial area ratio:  176.89
      Required ratio: 2918.08 (Side area) 
      Cumulative area ratio:   80.14
      Required ratio:    0.00 (Cumulative area) 
      Cumulative area ratio:  422.89
      Required ratio:    0.00 (Cumulative side area) 

    Layer: met1
      Partial area ratio:    0.00
      Required ratio:    0.00 (Gate area) 
      Partial area ratio:    0.00
      Required ratio:  400.00 (Side area) 
      Cumulative area ratio:    0.00
      Required ratio:    0.00 (Cumulative area) 
      Cumulative area ratio:    0.00
      Required ratio:    0.00 (Cumulative side area) 

    Layer: li1
      Partial area ratio:    0.00
      Required ratio:    0.00 (Gate area) 
      Partial area ratio:    0.00
      Required ratio:   75.00 (Side area) 
      Cumulative area ratio:    0.00
      Required ratio:    0.00 (Cumulative area) 
      Cumulative area ratio:    0.00
      Required ratio:    0.00 (Cumulative side area) 

    Via: M3M4_PR
      Partial area ratio:    0.05
      Required ratio:    6.00 (Gate area) 
      Cumulative area ratio:    1.27
      Required ratio:    0.00 (Cumulative area) 

    Via: M2M3_PR
      Partial area ratio:    0.11
      Required ratio:    6.00 (Gate area) 
      Cumulative area ratio:    0.87
      Required ratio:    0.00 (Cumulative area) 

    Via: M1M2_PR
      Partial area ratio:    0.18
      Required ratio:    6.00 (Gate area) 
      Cumulative area ratio:    0.41
      Required ratio:    0.00 (Cumulative area) 

    Via: L1M1_PR
      Partial area ratio:    0.23
      Required ratio:    3.00 (Gate area) 
      Cumulative area ratio:    0.23
      Required ratio:    0.00 (Cumulative area) 

  Pin: _13356_/A1 (sky130_fd_sc_hd__mux2_1)
    Layer: met3
      Partial area ratio:   16.66
      Required ratio:    0.00 (Gate area) 
      Partial area ratio:   90.47
      Required ratio: 2918.08 (Side area) 
      Cumulative area ratio:   50.29
      Required ratio:    0.00 (Cumulative area) 
      Cumulative area ratio:  262.89
      Required ratio:    0.00 (Cumulative side area) 

    Layer: met2
      Partial area ratio:   17.67
      Required ratio:    0.00 (Gate area) 
      Partial area ratio:   89.54
      Required ratio:  400.00 (Side area) 
      Cumulative area ratio:   28.72
      Required ratio:    0.00 (Cumulative area) 
      Cumulative area ratio:  146.31
      Required ratio:    0.00 (Cumulative side area) 

    Layer: met4
      Partial area ratio:   33.08
      Required ratio:    0.00 (Gate area) 
      Partial area ratio:  176.89
      Required ratio: 2918.08 (Side area) 
      Cumulative area ratio:   83.36
      Required ratio:    0.00 (Cumulative area) 
      Cumulative area ratio:  439.78
      Required ratio:    0.00 (Cumulative side area) 

    Layer: met1
      Partial area ratio:    3.22
      Required ratio:    0.00 (Gate area) 
      Partial area ratio:   16.89
      Required ratio:  400.00 (Side area) 
      Cumulative area ratio:    3.22
      Required ratio:    0.00 (Cumulative area) 
      Cumulative area ratio:   16.89
      Required ratio:    0.00 (Cumulative side area) 

    Layer: li1
      Partial area ratio:    0.00
      Required ratio:    0.00 (Gate area) 
      Partial area ratio:    0.00
      Required ratio:   75.00 (Side area) 
      Cumulative area ratio:    0.00
      Required ratio:    0.00 (Cumulative area) 
      Cumulative area ratio:    0.00
      Required ratio:    0.00 (Cumulative side area) 

    Via: M3M4_PR
      Partial area ratio:    0.05
      Required ratio:    6.00 (Gate area) 
      Cumulative area ratio:    1.27
      Required ratio:    0.00 (Cumulative area) 

    Via: M2M3_PR
      Partial area ratio:    0.11
      Required ratio:    6.00 (Gate area) 
      Cumulative area ratio:    0.87
      Required ratio:    0.00 (Cumulative area) 

    Via: M1M2_PR
      Partial area ratio:    0.18
      Required ratio:    6.00 (Gate area) 
      Cumulative area ratio:    0.41
      Required ratio:    0.00 (Cumulative area) 

    Via: L1M1_PR
      Partial area ratio:    0.23
      Required ratio:    3.00 (Gate area) 
      Cumulative area ratio:    0.23
      Required ratio:    0.00 (Cumulative area) 

  Pin: _13216_/A1 (sky130_fd_sc_hd__mux2_1)
    Layer: met3
      Partial area ratio:   16.66
      Required ratio:    0.00 (Gate area) 
      Partial area ratio:   90.47
      Required ratio: 2918.08 (Side area) 
      Cumulative area ratio:   48.24
      Required ratio:    0.00 (Cumulative area) 
      Cumulative area ratio:  252.67
      Required ratio:    0.00 (Cumulative side area) 

    Layer: met2
      Partial area ratio:   17.67
      Required ratio:    0.00 (Gate area) 
      Partial area ratio:   89.54
      Required ratio:  400.00 (Side area) 
      Cumulative area ratio:   26.67
      Required ratio:    0.00 (Cumulative area) 
      Cumulative area ratio:  136.09
      Required ratio:    0.00 (Cumulative side area) 

    Layer: met4
      Partial area ratio:   33.08
      Required ratio:    0.00 (Gate area) 
      Partial area ratio:  176.89
      Required ratio: 2918.08 (Side area) 
      Cumulative area ratio:   81.32
      Required ratio:    0.00 (Cumulative area) 
      Cumulative area ratio:  429.56
      Required ratio:    0.00 (Cumulative side area) 

    Layer: met1
      Partial area ratio:    1.18
      Required ratio:    0.00 (Gate area) 
      Partial area ratio:    6.67
      Required ratio:  400.00 (Side area) 
      Cumulative area ratio:    1.18
      Required ratio:    0.00 (Cumulative area) 
      Cumulative area ratio:    6.67
      Required ratio:    0.00 (Cumulative side area) 

    Layer: li1
      Partial area ratio:    0.00
      Required ratio:    0.00 (Gate area) 
      Partial area ratio:    0.00
      Required ratio:   75.00 (Side area) 
      Cumulative area ratio:    0.00
      Required ratio:    0.00 (Cumulative area) 
      Cumulative area ratio:    0.00
      Required ratio:    0.00 (Cumulative side area) 

    Via: M3M4_PR
      Partial area ratio:    0.05
      Required ratio:    6.00 (Gate area) 
      Cumulative area ratio:    1.27
      Required ratio:    0.00 (Cumulative area) 

    Via: M2M3_PR
      Partial area ratio:    0.11
      Required ratio:    6.00 (Gate area) 
      Cumulative area ratio:    0.87
      Required ratio:    0.00 (Cumulative area) 

    Via: M1M2_PR
      Partial area ratio:    0.18
      Required ratio:    6.00 (Gate area) 
      Cumulative area ratio:    0.41
      Required ratio:    0.00 (Cumulative area) 

    Via: L1M1_PR
      Partial area ratio:    0.23
      Required ratio:    3.00 (Gate area) 
      Cumulative area ratio:    0.23
      Required ratio:    0.00 (Cumulative area) 

  Pin: _13391_/A1 (sky130_fd_sc_hd__mux2_1)
    Layer: met3
      Partial area ratio:   16.66
      Required ratio:    0.00 (Gate area) 
      Partial area ratio:   90.47
      Required ratio: 2918.08 (Side area) 
      Cumulative area ratio:   47.06
      Required ratio:    0.00 (Cumulative area) 
      Cumulative area ratio:  246.00
      Required ratio:    0.00 (Cumulative side area) 

    Layer: met2
      Partial area ratio:   17.67
      Required ratio:    0.00 (Gate area) 
      Partial area ratio:   89.54
      Required ratio:  400.00 (Side area) 
      Cumulative area ratio:   25.50
      Required ratio:    0.00 (Cumulative area) 
      Cumulative area ratio:  129.43
      Required ratio:    0.00 (Cumulative side area) 

    Layer: met1
      Partial area ratio:    7.82
      Required ratio:    0.00 (Gate area) 
      Partial area ratio:   39.89
      Required ratio:  400.00 (Side area) 
      Cumulative area ratio:    7.82
      Required ratio:    0.00 (Cumulative area) 
      Cumulative area ratio:   39.89
      Required ratio:    0.00 (Cumulative side area) 

    Layer: met4
      Partial area ratio:   33.08
      Required ratio:    0.00 (Gate area) 
      Partial area ratio:  176.89
      Required ratio: 2918.08 (Side area) 
      Cumulative area ratio:   80.14
      Required ratio:    0.00 (Cumulative area) 
      Cumulative area ratio:  422.89
      Required ratio:    0.00 (Cumulative side area) 

    Layer: li1
      Partial area ratio:    0.00
      Required ratio:    0.00 (Gate area) 
      Partial area ratio:    0.00
      Required ratio:   75.00 (Side area) 
      Cumulative area ratio:    0.00
      Required ratio:    0.00 (Cumulative area) 
      Cumulative area ratio:    0.00
      Required ratio:    0.00 (Cumulative side area) 

    Via: M3M4_PR
      Partial area ratio:    0.05
      Required ratio:    6.00 (Gate area) 
      Cumulative area ratio:    1.09
      Required ratio:    0.00 (Cumulative area) 

    Via: M2M3_PR
      Partial area ratio:    0.11
      Required ratio:    6.00 (Gate area) 
      Cumulative area ratio:    0.69
      Required ratio:    0.00 (Cumulative area) 

    Via: M1M2_PR
      Partial area ratio:    0.36
      Required ratio:    6.00 (Gate area) 
      Cumulative area ratio:    0.59
      Required ratio:    0.00 (Cumulative area) 

    Via: L1M1_PR
      Partial area ratio:    0.23
      Required ratio:    3.00 (Gate area) 
      Cumulative area ratio:    0.23
      Required ratio:    0.00 (Cumulative area) 

  Pin: _13321_/A1 (sky130_fd_sc_hd__mux2_1)
    Layer: met3
      Partial area ratio:   16.66
      Required ratio:    0.00 (Gate area) 
      Partial area ratio:   90.47
      Required ratio: 2918.08 (Side area) 
      Cumulative area ratio:  121.16
      Required ratio:    0.00 (Cumulative area) 
      Cumulative area ratio:  618.41
      Required ratio:    0.00 (Cumulative side area) 

    Layer: met4
      Partial area ratio:   33.08
      Required ratio:    0.00 (Gate area) 
      Partial area ratio:  176.89
      Required ratio: 2918.08 (Side area) 
      Cumulative area ratio:  154.23
      Required ratio:    0.00 (Cumulative area) 
      Cumulative area ratio:  795.30
      Required ratio:    0.00 (Cumulative side area) 

    Layer: met2
      Partial area ratio:  100.26
      Required ratio:    0.00 (Gate area) 
      Partial area ratio:  505.94
      Required ratio:  400.00 (Side area) (VIOLATED)
      Cumulative area ratio:  104.50
      Required ratio:    0.00 (Cumulative area) 
      Cumulative area ratio:  527.94
      Required ratio:    0.00 (Cumulative side area) 

    Layer: met1
      Partial area ratio:    4.24
      Required ratio:    0.00 (Gate area) 
      Partial area ratio:   22.00
      Required ratio:  400.00 (Side area) 
      Cumulative area ratio:    4.24
      Required ratio:    0.00 (Cumulative area) 
      Cumulative area ratio:   22.00
      Required ratio:    0.00 (Cumulative side area) 

    Layer: li1
      Partial area ratio:    0.00
      Required ratio:    0.00 (Gate area) 
      Partial area ratio:    0.00
      Required ratio:   75.00 (Side area) 
      Cumulative area ratio:    0.00
      Required ratio:    0.00 (Cumulative area) 
      Cumulative area ratio:    0.00
      Required ratio:    0.00 (Cumulative side area) 

    Via: M3M4_PR
      Partial area ratio:    0.05
      Required ratio:    6.00 (Gate area) 
      Cumulative area ratio:    0.77
      Required ratio:    0.00 (Cumulative area) 

    Via: M2M3_PR
      Partial area ratio:    0.32
      Required ratio:    6.00 (Gate area) 
      Cumulative area ratio:    0.73
      Required ratio:    0.00 (Cumulative area) 

    Via: M1M2_PR
      Partial area ratio:    0.18
      Required ratio:    6.00 (Gate area) 
      Cumulative area ratio:    0.41
      Required ratio:    0.00 (Cumulative area) 

    Via: L1M1_PR
      Partial area ratio:    0.23
      Required ratio:    3.00 (Gate area) 
      Cumulative area ratio:    0.23
      Required ratio:    0.00 (Cumulative area) 


Net: _07964_
  Pin: _13495_/A (sky130_fd_sc_hd__buf_2)
    Layer: met4
      Partial area ratio:    3.96
      Required ratio:    0.00 (Gate area) 
      Partial area ratio:   21.50
      Required ratio: 2918.08 (Side area) 
      Cumulative area ratio:   91.54
      Required ratio:    0.00 (Cumulative area) 
      Cumulative area ratio:  490.38
      Required ratio:    0.00 (Cumulative side area) 

    Layer: met3
      Partial area ratio:   75.58
      Required ratio:    0.00 (Gate area) 
      Partial area ratio:  404.58
      Required ratio:  400.00 (Side area) (VIOLATED)
      Cumulative area ratio:   87.57
      Required ratio:    0.00 (Cumulative area) 
      Cumulative area ratio:  468.88
      Required ratio:    0.00 (Cumulative side area) 

    Layer: met2
      Partial area ratio:    4.69
      Required ratio:    0.00 (Gate area) 
      Partial area ratio:   24.06
      Required ratio:  400.00 (Side area) 
      Cumulative area ratio:   12.00
      Required ratio:    0.00 (Cumulative area) 
      Cumulative area ratio:   64.30
      Required ratio:    0.00 (Cumulative side area) 

    Layer: met1
      Partial area ratio:    7.31
      Required ratio:    0.00 (Gate area) 
      Partial area ratio:   40.24
      Required ratio:  400.00 (Side area) 
      Cumulative area ratio:    7.31
      Required ratio:    0.00 (Cumulative area) 
      Cumulative area ratio:   40.24
      Required ratio:    0.00 (Cumulative side area) 

    Layer: li1
      Partial area ratio:    0.00
      Required ratio:    0.00 (Gate area) 
      Partial area ratio:    0.00
      Required ratio:   75.00 (Side area) 
      Cumulative area ratio:    0.00
      Required ratio:    0.00 (Cumulative area) 
      Cumulative area ratio:    0.00
      Required ratio:    0.00 (Cumulative side area) 

    Via: M3M4_PR
      Partial area ratio:    0.13
      Required ratio:    6.00 (Gate area) 
      Cumulative area ratio:    0.57
      Required ratio:    0.00 (Cumulative area) 

    Via: M2M3_PR
      Partial area ratio:    0.13
      Required ratio:    6.00 (Gate area) 
      Cumulative area ratio:    0.45
      Required ratio:    0.00 (Cumulative area) 

    Via: M1M2_PR
      Partial area ratio:    0.14
      Required ratio:    6.00 (Gate area) 
      Cumulative area ratio:    0.32
      Required ratio:    0.00 (Cumulative area) 

    Via: L1M1_PR
      Partial area ratio:    0.18
      Required ratio:    3.00 (Gate area) 
      Cumulative area ratio:    0.18
      Required ratio:    0.00 (Cumulative area) 

  Pin: _13481_/A (sky130_fd_sc_hd__buf_2)
    Layer: met4
      Partial area ratio:    3.96
      Required ratio:    0.00 (Gate area) 
      Partial area ratio:   21.50
      Required ratio: 2918.08 (Side area) 
      Cumulative area ratio:   85.88
      Required ratio:    0.00 (Cumulative area) 
      Cumulative area ratio:  459.65
      Required ratio:    0.00 (Cumulative side area) 

    Layer: met3
      Partial area ratio:   75.58
      Required ratio:    0.00 (Gate area) 
      Partial area ratio:  404.58
      Required ratio:  400.00 (Side area) (VIOLATED)
      Cumulative area ratio:   81.92
      Required ratio:    0.00 (Cumulative area) 
      Cumulative area ratio:  438.15
      Required ratio:    0.00 (Cumulative side area) 

    Layer: met2
      Partial area ratio:    4.69
      Required ratio:    0.00 (Gate area) 
      Partial area ratio:   24.06
      Required ratio:  400.00 (Side area) 
      Cumulative area ratio:    6.34
      Required ratio:    0.00 (Cumulative area) 
      Cumulative area ratio:   33.57
      Required ratio:    0.00 (Cumulative side area) 

    Layer: met1
      Partial area ratio:    1.66
      Required ratio:    0.00 (Gate area) 
      Partial area ratio:    9.51
      Required ratio:  400.00 (Side area) 
      Cumulative area ratio:    1.66
      Required ratio:    0.00 (Cumulative area) 
      Cumulative area ratio:    9.51
      Required ratio:    0.00 (Cumulative side area) 

    Layer: li1
      Partial area ratio:    0.00
      Required ratio:    0.00 (Gate area) 
      Partial area ratio:    0.00
      Required ratio:   75.00 (Side area) 
      Cumulative area ratio:    0.00
      Required ratio:    0.00 (Cumulative area) 
      Cumulative area ratio:    0.00
      Required ratio:    0.00 (Cumulative side area) 

    Via: M3M4_PR
      Partial area ratio:    0.13
      Required ratio:    6.00 (Gate area) 
      Cumulative area ratio:    0.57
      Required ratio:    0.00 (Cumulative area) 

    Via: M2M3_PR
      Partial area ratio:    0.13
      Required ratio:    6.00 (Gate area) 
      Cumulative area ratio:    0.45
      Required ratio:    0.00 (Cumulative area) 

    Via: M1M2_PR
      Partial area ratio:    0.14
      Required ratio:    6.00 (Gate area) 
      Cumulative area ratio:    0.32
      Required ratio:    0.00 (Cumulative area) 

    Via: L1M1_PR
      Partial area ratio:    0.18
      Required ratio:    3.00 (Gate area) 
      Cumulative area ratio:    0.18
      Required ratio:    0.00 (Cumulative area) 

  Pin: _13548_/A (sky130_fd_sc_hd__buf_2)
    Layer: met2
      Partial area ratio:   16.36
      Required ratio:    0.00 (Gate area) 
      Partial area ratio:   84.13
      Required ratio: 2918.08 (Side area) 
      Cumulative area ratio:   24.42
      Required ratio:    0.00 (Cumulative area) 
      Cumulative area ratio:  126.31
      Required ratio:    0.00 (Cumulative side area) 

    Layer: met3
      Partial area ratio:   10.17
      Required ratio:    0.00 (Gate area) 
      Partial area ratio:   55.14
      Required ratio: 2918.08 (Side area) 
      Cumulative area ratio:   34.59
      Required ratio:    0.00 (Cumulative area) 
      Cumulative area ratio:  181.45
      Required ratio:    0.00 (Cumulative side area) 

    Layer: met4
      Partial area ratio:    3.96
      Required ratio:    0.00 (Gate area) 
      Partial area ratio:   21.50
      Required ratio: 2918.08 (Side area) 
      Cumulative area ratio:   38.56
      Required ratio:    0.00 (Cumulative area) 
      Cumulative area ratio:  202.95
      Required ratio:    0.00 (Cumulative side area) 

    Layer: met1
      Partial area ratio:    3.49
      Required ratio:    0.00 (Gate area) 
      Partial area ratio:   18.67
      Required ratio:  400.00 (Side area) 
      Cumulative area ratio:    3.49
      Required ratio:    0.00 (Cumulative area) 
      Cumulative area ratio:   18.67
      Required ratio:    0.00 (Cumulative side area) 

    Layer: li1
      Partial area ratio:    0.00
      Required ratio:    0.00 (Gate area) 
      Partial area ratio:    0.00
      Required ratio:   75.00 (Side area) 
      Cumulative area ratio:    0.00
      Required ratio:    0.00 (Cumulative area) 
      Cumulative area ratio:    0.00
      Required ratio:    0.00 (Cumulative side area) 

    Via: M2M3_PR
      Partial area ratio:    0.10
      Required ratio:    6.00 (Gate area) 
      Cumulative area ratio:    0.85
      Required ratio:    0.00 (Cumulative area) 

    Via: M3M4_PR
      Partial area ratio:    0.04
      Required ratio:    6.00 (Gate area) 
      Cumulative area ratio:    0.89
      Required ratio:    0.00 (Cumulative area) 

    Via: M1M2_PR
      Partial area ratio:    0.28
      Required ratio:    6.00 (Gate area) 
      Cumulative area ratio:    0.46
      Required ratio:    0.00 (Cumulative area) 

    Via: L1M1_PR
      Partial area ratio:    0.18
      Required ratio:    3.00 (Gate area) 
      Cumulative area ratio:    0.18
      Required ratio:    0.00 (Cumulative area) 

  Pin: _13535_/A (sky130_fd_sc_hd__buf_2)
    Layer: met2
      Partial area ratio:   16.36
      Required ratio:    0.00 (Gate area) 
      Partial area ratio:   84.13
      Required ratio: 2918.08 (Side area) 
      Cumulative area ratio:   28.24
      Required ratio:    0.00 (Cumulative area) 
      Cumulative area ratio:  147.88
      Required ratio:    0.00 (Cumulative side area) 

    Layer: met3
      Partial area ratio:   10.17
      Required ratio:    0.00 (Gate area) 
      Partial area ratio:   55.14
      Required ratio: 2918.08 (Side area) 
      Cumulative area ratio:   38.41
      Required ratio:    0.00 (Cumulative area) 
      Cumulative area ratio:  203.02
      Required ratio:    0.00 (Cumulative side area) 

    Layer: met4
      Partial area ratio:    3.96
      Required ratio:    0.00 (Gate area) 
      Partial area ratio:   21.50
      Required ratio: 2918.08 (Side area) 
      Cumulative area ratio:   42.38
      Required ratio:    0.00 (Cumulative area) 
      Cumulative area ratio:  224.52
      Required ratio:    0.00 (Cumulative side area) 

    Layer: met1
      Partial area ratio:    3.82
      Required ratio:    0.00 (Gate area) 
      Partial area ratio:   21.57
      Required ratio:  400.00 (Side area) 
      Cumulative area ratio:    3.82
      Required ratio:    0.00 (Cumulative area) 
      Cumulative area ratio:   21.57
      Required ratio:    0.00 (Cumulative side area) 

    Layer: li1
      Partial area ratio:    0.00
      Required ratio:    0.00 (Gate area) 
      Partial area ratio:    0.00
      Required ratio:   75.00 (Side area) 
      Cumulative area ratio:    0.00
      Required ratio:    0.00 (Cumulative area) 
      Cumulative area ratio:    0.00
      Required ratio:    0.00 (Cumulative side area) 

    Via: M2M3_PR
      Partial area ratio:    0.10
      Required ratio:    6.00 (Gate area) 
      Cumulative area ratio:    0.99
      Required ratio:    0.00 (Cumulative area) 

    Via: M3M4_PR
      Partial area ratio:    0.04
      Required ratio:    6.00 (Gate area) 
      Cumulative area ratio:    1.03
      Required ratio:    0.00 (Cumulative area) 

    Via: M1M2_PR
      Partial area ratio:    0.14
      Required ratio:    6.00 (Gate area) 
      Cumulative area ratio:    0.32
      Required ratio:    0.00 (Cumulative area) 

    Via: L1M1_PR
      Partial area ratio:    0.18
      Required ratio:    3.00 (Gate area) 
      Cumulative area ratio:    0.18
      Required ratio:    0.00 (Cumulative area) 

  Pin: _13515_/A (sky130_fd_sc_hd__buf_2)
    Layer: met2
      Partial area ratio:   16.36
      Required ratio:    0.00 (Gate area) 
      Partial area ratio:   84.13
      Required ratio: 2918.08 (Side area) 
      Cumulative area ratio:   26.57
      Required ratio:    0.00 (Cumulative area) 
      Cumulative area ratio:  137.67
      Required ratio:    0.00 (Cumulative side area) 

    Layer: met3
      Partial area ratio:   10.17
      Required ratio:    0.00 (Gate area) 
      Partial area ratio:   55.14
      Required ratio: 2918.08 (Side area) 
      Cumulative area ratio:   36.74
      Required ratio:    0.00 (Cumulative area) 
      Cumulative area ratio:  192.81
      Required ratio:    0.00 (Cumulative side area) 

    Layer: met4
      Partial area ratio:    3.96
      Required ratio:    0.00 (Gate area) 
      Partial area ratio:   21.50
      Required ratio: 2918.08 (Side area) 
      Cumulative area ratio:   40.70
      Required ratio:    0.00 (Cumulative area) 
      Cumulative area ratio:  214.31
      Required ratio:    0.00 (Cumulative side area) 

    Layer: met1
      Partial area ratio:    2.15
      Required ratio:    0.00 (Gate area) 
      Partial area ratio:   11.36
      Required ratio:  400.00 (Side area) 
      Cumulative area ratio:    2.15
      Required ratio:    0.00 (Cumulative area) 
      Cumulative area ratio:   11.36
      Required ratio:    0.00 (Cumulative side area) 

    Layer: li1
      Partial area ratio:    0.00
      Required ratio:    0.00 (Gate area) 
      Partial area ratio:    0.00
      Required ratio:   75.00 (Side area) 
      Cumulative area ratio:    0.00
      Required ratio:    0.00 (Cumulative area) 
      Cumulative area ratio:    0.00
      Required ratio:    0.00 (Cumulative side area) 

    Via: M2M3_PR
      Partial area ratio:    0.10
      Required ratio:    6.00 (Gate area) 
      Cumulative area ratio:    0.99
      Required ratio:    0.00 (Cumulative area) 

    Via: M3M4_PR
      Partial area ratio:    0.04
      Required ratio:    6.00 (Gate area) 
      Cumulative area ratio:    1.03
      Required ratio:    0.00 (Cumulative area) 

    Via: M1M2_PR
      Partial area ratio:    0.14
      Required ratio:    6.00 (Gate area) 
      Cumulative area ratio:    0.32
      Required ratio:    0.00 (Cumulative area) 

    Via: L1M1_PR
      Partial area ratio:    0.18
      Required ratio:    3.00 (Gate area) 
      Cumulative area ratio:    0.18
      Required ratio:    0.00 (Cumulative area) 

  Pin: _13569_/A (sky130_fd_sc_hd__buf_2)
    Layer: met2
      Partial area ratio:   16.36
      Required ratio:    0.00 (Gate area) 
      Partial area ratio:   84.13
      Required ratio: 2918.08 (Side area) 
      Cumulative area ratio:   25.36
      Required ratio:    0.00 (Cumulative area) 
      Cumulative area ratio:  131.59
      Required ratio:    0.00 (Cumulative side area) 

    Layer: met3
      Partial area ratio:   10.17
      Required ratio:    0.00 (Gate area) 
      Partial area ratio:   55.14
      Required ratio: 2918.08 (Side area) 
      Cumulative area ratio:   35.52
      Required ratio:    0.00 (Cumulative area) 
      Cumulative area ratio:  186.74
      Required ratio:    0.00 (Cumulative side area) 

    Layer: met4
      Partial area ratio:    3.96
      Required ratio:    0.00 (Gate area) 
      Partial area ratio:   21.50
      Required ratio: 2918.08 (Side area) 
      Cumulative area ratio:   39.49
      Required ratio:    0.00 (Cumulative area) 
      Cumulative area ratio:  208.23
      Required ratio:    0.00 (Cumulative side area) 

    Layer: met1
      Partial area ratio:    0.93
      Required ratio:    0.00 (Gate area) 
      Partial area ratio:    5.28
      Required ratio:  400.00 (Side area) 
      Cumulative area ratio:    0.93
      Required ratio:    0.00 (Cumulative area) 
      Cumulative area ratio:    5.28
      Required ratio:    0.00 (Cumulative side area) 

    Layer: li1
      Partial area ratio:    0.00
      Required ratio:    0.00 (Gate area) 
      Partial area ratio:    0.00
      Required ratio:   75.00 (Side area) 
      Cumulative area ratio:    0.00
      Required ratio:    0.00 (Cumulative area) 
      Cumulative area ratio:    0.00
      Required ratio:    0.00 (Cumulative side area) 

    Via: M2M3_PR
      Partial area ratio:    0.10
      Required ratio:    6.00 (Gate area) 
      Cumulative area ratio:    0.99
      Required ratio:    0.00 (Cumulative area) 

    Via: M3M4_PR
      Partial area ratio:    0.04
      Required ratio:    6.00 (Gate area) 
      Cumulative area ratio:    1.03
      Required ratio:    0.00 (Cumulative area) 

    Via: M1M2_PR
      Partial area ratio:    0.14
      Required ratio:    6.00 (Gate area) 
      Cumulative area ratio:    0.32
      Required ratio:    0.00 (Cumulative area) 

    Via: L1M1_PR
      Partial area ratio:    0.18
      Required ratio:    3.00 (Gate area) 
      Cumulative area ratio:    0.18
      Required ratio:    0.00 (Cumulative area) 

  Pin: _13505_/A (sky130_fd_sc_hd__buf_4)
    Layer: met2
      Partial area ratio:    1.99
      Required ratio:    0.00 (Gate area) 
      Partial area ratio:   10.72
      Required ratio:  400.00 (Side area) 
      Cumulative area ratio:   29.93
      Required ratio:    0.00 (Cumulative area) 
      Cumulative area ratio:  151.62
      Required ratio:    0.00 (Cumulative side area) 

    Layer: met1
      Partial area ratio:   27.94
      Required ratio:    0.00 (Gate area) 
      Partial area ratio:  140.91
      Required ratio:  400.00 (Side area) 
      Cumulative area ratio:   27.94
      Required ratio:    0.00 (Cumulative area) 
      Cumulative area ratio:  140.91
      Required ratio:    0.00 (Cumulative side area) 

    Layer: li1
      Partial area ratio:    0.00
      Required ratio:    0.00 (Gate area) 
      Partial area ratio:    0.00
      Required ratio:   75.00 (Side area) 
      Cumulative area ratio:    0.00
      Required ratio:    0.00 (Cumulative area) 
      Cumulative area ratio:    0.00
      Required ratio:    0.00 (Cumulative side area) 

    Via: M2M3_PR
      Partial area ratio:    0.16
      Required ratio:    6.00 (Gate area) 
      Cumulative area ratio:    0.37
      Required ratio:    0.00 (Cumulative area) 

    Via: M1M2_PR
      Partial area ratio:    0.09
      Required ratio:    6.00 (Gate area) 
      Cumulative area ratio:    0.21
      Required ratio:    0.00 (Cumulative area) 

    Via: L1M1_PR
      Partial area ratio:    0.12
      Required ratio:    3.00 (Gate area) 
      Cumulative area ratio:    0.12
      Required ratio:    0.00 (Cumulative area) 

  Pin: _13559_/A (sky130_fd_sc_hd__buf_2)
    Layer: met2
      Partial area ratio:   16.36
      Required ratio:    0.00 (Gate area) 
      Partial area ratio:   84.13
      Required ratio: 2918.08 (Side area) 
      Cumulative area ratio:   20.94
      Required ratio:    0.00 (Cumulative area) 
      Cumulative area ratio:  107.64
      Required ratio:    0.00 (Cumulative side area) 

    Layer: met3
      Partial area ratio:   10.17
      Required ratio:    0.00 (Gate area) 
      Partial area ratio:   55.14
      Required ratio: 2918.08 (Side area) 
      Cumulative area ratio:   31.10
      Required ratio:    0.00 (Cumulative area) 
      Cumulative area ratio:  162.79
      Required ratio:    0.00 (Cumulative side area) 

    Layer: met4
      Partial area ratio:    3.96
      Required ratio:    0.00 (Gate area) 
      Partial area ratio:   21.50
      Required ratio: 2918.08 (Side area) 
      Cumulative area ratio:   35.07
      Required ratio:    0.00 (Cumulative area) 
      Cumulative area ratio:  184.28
      Required ratio:    0.00 (Cumulative side area) 

    Layer: met1
      Partial area ratio:    4.58
      Required ratio:    0.00 (Gate area) 
      Partial area ratio:   23.51
      Required ratio:  400.00 (Side area) 
      Cumulative area ratio:    4.58
      Required ratio:    0.00 (Cumulative area) 
      Cumulative area ratio:   23.51
      Required ratio:    0.00 (Cumulative side area) 

    Layer: li1
      Partial area ratio:    0.00
      Required ratio:    0.00 (Gate area) 
      Partial area ratio:    0.00
      Required ratio:   75.00 (Side area) 
      Cumulative area ratio:    0.00
      Required ratio:    0.00 (Cumulative area) 
      Cumulative area ratio:    0.00
      Required ratio:    0.00 (Cumulative side area) 

    Via: M2M3_PR
      Partial area ratio:    0.10
      Required ratio:    6.00 (Gate area) 
      Cumulative area ratio:    0.57
      Required ratio:    0.00 (Cumulative area) 

    Via: M3M4_PR
      Partial area ratio:    0.04
      Required ratio:    6.00 (Gate area) 
      Cumulative area ratio:    0.60
      Required ratio:    0.00 (Cumulative area) 

    Via: M1M2_PR
      Partial area ratio:    0.28
      Required ratio:    6.00 (Gate area) 
      Cumulative area ratio:    0.46
      Required ratio:    0.00 (Cumulative area) 

    Via: L1M1_PR
      Partial area ratio:    0.18
      Required ratio:    3.00 (Gate area) 
      Cumulative area ratio:    0.18
      Required ratio:    0.00 (Cumulative area) 


Net: net38
  Pin: output38/A (sky130_fd_sc_hd__clkbuf_4)
    Layer: met2
      Partial area ratio:    3.09
      Required ratio:    0.00 (Gate area) 
      Partial area ratio:   16.37
      Required ratio: 2778.20 (Side area) 
      Cumulative area ratio:  131.99
      Required ratio:    0.00 (Cumulative area) 
      Cumulative area ratio:  664.11
      Required ratio:    0.00 (Cumulative side area) 

    Layer: met1
      Partial area ratio:  128.91
      Required ratio:    0.00 (Gate area) 
      Partial area ratio:  647.75
      Required ratio:  400.00 (Side area) (VIOLATED)
      Cumulative area ratio:  128.91
      Required ratio:    0.00 (Cumulative area) 
      Cumulative area ratio:  647.75
      Required ratio:    0.00 (Cumulative side area) 

    Layer: li1
      Partial area ratio:    0.00
      Required ratio:    0.00 (Gate area) 
      Partial area ratio:    0.00
      Required ratio:   75.00 (Side area) 
      Cumulative area ratio:    0.00
      Required ratio:    0.00 (Cumulative area) 
      Cumulative area ratio:    0.00
      Required ratio:    0.00 (Cumulative side area) 

    Via: M1M2_PR
      Partial area ratio:    0.11
      Required ratio:    6.00 (Gate area) 
      Cumulative area ratio:    0.24
      Required ratio:    0.00 (Cumulative area) 

    Via: L1M1_PR
      Partial area ratio:    0.14
      Required ratio:    3.00 (Gate area) 
      Cumulative area ratio:    0.14
      Required ratio:    0.00 (Cumulative area) 


Net: net61
  Pin: output61/A (sky130_fd_sc_hd__clkbuf_4)
    Layer: met2
      Partial area ratio:    1.88
      Required ratio:    0.00 (Gate area) 
      Partial area ratio:    9.71
      Required ratio: 2771.60 (Side area) 
      Cumulative area ratio:   95.01
      Required ratio:    0.00 (Cumulative area) 
      Cumulative area ratio:  477.62
      Required ratio:    0.00 (Cumulative side area) 

    Layer: met1
      Partial area ratio:   93.12
      Required ratio:    0.00 (Gate area) 
      Partial area ratio:  467.92
      Required ratio:  400.00 (Side area) (VIOLATED)
      Cumulative area ratio:   93.12
      Required ratio:    0.00 (Cumulative area) 
      Cumulative area ratio:  467.92
      Required ratio:    0.00 (Cumulative side area) 

    Layer: li1
      Partial area ratio:    0.00
      Required ratio:    0.00 (Gate area) 
      Partial area ratio:    0.00
      Required ratio:   75.00 (Side area) 
      Cumulative area ratio:    0.00
      Required ratio:    0.00 (Cumulative area) 
      Cumulative area ratio:    0.00
      Required ratio:    0.00 (Cumulative side area) 

    Via: M1M2_PR
      Partial area ratio:    0.11
      Required ratio:    6.00 (Gate area) 
      Cumulative area ratio:    0.24
      Required ratio:    0.00 (Cumulative area) 

    Via: L1M1_PR
      Partial area ratio:    0.14
      Required ratio:    3.00 (Gate area) 
      Cumulative area ratio:    0.14
      Required ratio:    0.00 (Cumulative area) 


Net: net69
  Pin: _08519_/A (sky130_fd_sc_hd__buf_2)
    Layer: met2
      Partial area ratio:   44.22
      Required ratio:    0.00 (Gate area) 
      Partial area ratio:  222.43
      Required ratio: 2956.40 (Side area) 
      Cumulative area ratio:   47.51
      Required ratio:    0.00 (Cumulative area) 
      Cumulative area ratio:  240.75
      Required ratio:    0.00 (Cumulative side area) 

    Layer: met1
      Partial area ratio:    3.29
      Required ratio:    0.00 (Gate area) 
      Partial area ratio:   18.31
      Required ratio:  400.00 (Side area) 
      Cumulative area ratio:    3.29
      Required ratio:    0.00 (Cumulative area) 
      Cumulative area ratio:   18.31
      Required ratio:    0.00 (Cumulative side area) 

    Layer: li1
      Partial area ratio:    0.00
      Required ratio:    0.00 (Gate area) 
      Partial area ratio:    0.00
      Required ratio:   75.00 (Side area) 
      Cumulative area ratio:    0.00
      Required ratio:    0.00 (Cumulative area) 
      Cumulative area ratio:    0.00
      Required ratio:    0.00 (Cumulative side area) 

    Via: M1M2_PR
      Partial area ratio:    0.28
      Required ratio:    6.00 (Gate area) 
      Cumulative area ratio:    0.46
      Required ratio:    0.00 (Cumulative area) 

    Via: L1M1_PR
      Partial area ratio:    0.18
      Required ratio:    3.00 (Gate area) 
      Cumulative area ratio:    0.18
      Required ratio:    0.00 (Cumulative area) 

  Pin: _08524_/B (sky130_fd_sc_hd__nand2_1)
    Layer: met2
      Partial area ratio:   44.22
      Required ratio:    0.00 (Gate area) 
      Partial area ratio:  222.43
      Required ratio: 2956.40 (Side area) 
      Cumulative area ratio:   48.67
      Required ratio:    0.00 (Cumulative area) 
      Cumulative area ratio:  247.13
      Required ratio:    0.00 (Cumulative side area) 

    Layer: met1
      Partial area ratio:    1.16
      Required ratio:    0.00 (Gate area) 
      Partial area ratio:    6.38
      Required ratio:  400.00 (Side area) 
      Cumulative area ratio:    1.16
      Required ratio:    0.00 (Cumulative area) 
      Cumulative area ratio:    6.38
      Required ratio:    0.00 (Cumulative side area) 

    Layer: li1
      Partial area ratio:    0.00
      Required ratio:    0.00 (Gate area) 
      Partial area ratio:    0.00
      Required ratio:   75.00 (Side area) 
      Cumulative area ratio:    0.00
      Required ratio:    0.00 (Cumulative area) 
      Cumulative area ratio:    0.00
      Required ratio:    0.00 (Cumulative side area) 

    Via: M1M2_PR
      Partial area ratio:    0.05
      Required ratio:    6.00 (Gate area) 
      Cumulative area ratio:    0.16
      Required ratio:    0.00 (Cumulative area) 

    Via: L1M1_PR
      Partial area ratio:    0.12
      Required ratio:    3.00 (Gate area) 
      Cumulative area ratio:    0.12
      Required ratio:    0.00 (Cumulative area) 

  Pin: _08528_/C (sky130_fd_sc_hd__or4_4)
    Layer: met2
      Partial area ratio:   44.22
      Required ratio:    0.00 (Gate area) 
      Partial area ratio:  222.43
      Required ratio: 2956.40 (Side area) 
      Cumulative area ratio:   48.67
      Required ratio:    0.00 (Cumulative area) 
      Cumulative area ratio:  247.13
      Required ratio:    0.00 (Cumulative side area) 

    Layer: met1
      Partial area ratio:    1.16
      Required ratio:    0.00 (Gate area) 
      Partial area ratio:    6.38
      Required ratio:  400.00 (Side area) 
      Cumulative area ratio:    1.16
      Required ratio:    0.00 (Cumulative area) 
      Cumulative area ratio:    6.38
      Required ratio:    0.00 (Cumulative side area) 

    Layer: li1
      Partial area ratio:    0.00
      Required ratio:    0.00 (Gate area) 
      Partial area ratio:    0.00
      Required ratio:   75.00 (Side area) 
      Cumulative area ratio:    0.00
      Required ratio:    0.00 (Cumulative area) 
      Cumulative area ratio:    0.00
      Required ratio:    0.00 (Cumulative side area) 

    Via: M1M2_PR
      Partial area ratio:    0.05
      Required ratio:    6.00 (Gate area) 
      Cumulative area ratio:    0.16
      Required ratio:    0.00 (Cumulative area) 

    Via: L1M1_PR
      Partial area ratio:    0.12
      Required ratio:    3.00 (Gate area) 
      Cumulative area ratio:    0.12
      Required ratio:    0.00 (Cumulative area) 

  Pin: output69/A (sky130_fd_sc_hd__clkbuf_4)
    Layer: met2
      Partial area ratio:   44.22
      Required ratio:    0.00 (Gate area) 
      Partial area ratio:  222.43
      Required ratio: 2956.40 (Side area) 
      Cumulative area ratio:  166.53
      Required ratio:    0.00 (Cumulative area) 
      Cumulative area ratio:  837.23
      Required ratio:    0.00 (Cumulative side area) 

    Layer: met1
      Partial area ratio:  119.02
      Required ratio:    0.00 (Gate area) 
      Partial area ratio:  596.48
      Required ratio:  400.00 (Side area) (VIOLATED)
      Cumulative area ratio:  119.02
      Required ratio:    0.00 (Cumulative area) 
      Cumulative area ratio:  596.48
      Required ratio:    0.00 (Cumulative side area) 

    Layer: li1
      Partial area ratio:    0.00
      Required ratio:    0.00 (Gate area) 
      Partial area ratio:    0.00
      Required ratio:   75.00 (Side area) 
      Cumulative area ratio:    0.00
      Required ratio:    0.00 (Cumulative area) 
      Cumulative area ratio:    0.00
      Required ratio:    0.00 (Cumulative side area) 

    Via: M1M2_PR
      Partial area ratio:    0.11
      Required ratio:    6.00 (Gate area) 
      Cumulative area ratio:    0.24
      Required ratio:    0.00 (Cumulative area) 

    Via: L1M1_PR
      Partial area ratio:    0.14
      Required ratio:    3.00 (Gate area) 
      Cumulative area ratio:    0.14
      Required ratio:    0.00 (Cumulative area) 


Net: net71
  Pin: output71/A (sky130_fd_sc_hd__clkbuf_4)
    Layer: met3
      Partial area ratio:    5.38
      Required ratio:    0.00 (Gate area) 
      Partial area ratio:   33.20
      Required ratio: 2956.40 (Side area) 
      Cumulative area ratio:  156.27
      Required ratio:    0.00 (Cumulative area) 
      Cumulative area ratio:  794.10
      Required ratio:    0.00 (Cumulative side area) 

    Layer: met2
      Partial area ratio:  150.89
      Required ratio:    0.00 (Gate area) 
      Partial area ratio:  760.90
      Required ratio:  400.00 (Side area) (VIOLATED)
      Cumulative area ratio:  150.89
      Required ratio:    0.00 (Cumulative area) 
      Cumulative area ratio:  760.90
      Required ratio:    0.00 (Cumulative side area) 

    Layer: met1
      Partial area ratio:    0.00
      Required ratio:    0.00 (Gate area) 
      Partial area ratio:    0.00
      Required ratio:  400.00 (Side area) 
      Cumulative area ratio:    0.00
      Required ratio:    0.00 (Cumulative area) 
      Cumulative area ratio:    0.00
      Required ratio:    0.00 (Cumulative side area) 

    Layer: li1
      Partial area ratio:    0.00
      Required ratio:    0.00 (Gate area) 
      Partial area ratio:    0.00
      Required ratio:   75.00 (Side area) 
      Cumulative area ratio:    0.00
      Required ratio:    0.00 (Cumulative area) 
      Cumulative area ratio:    0.00
      Required ratio:    0.00 (Cumulative side area) 

    Layer: met4
      Partial area ratio:    7.34
      Required ratio:    0.00 (Gate area) 
      Partial area ratio:   39.54
      Required ratio: 2956.40 (Side area) 
      Cumulative area ratio:  163.61
      Required ratio:    0.00 (Cumulative area) 
      Cumulative area ratio:  833.64
      Required ratio:    0.00 (Cumulative side area) 

    Via: M3M4_PR
      Partial area ratio:    0.19
      Required ratio:    6.00 (Gate area) 
      Cumulative area ratio:    0.62
      Required ratio:    0.00 (Cumulative area) 

    Via: M2M3_PR
      Partial area ratio:    0.19
      Required ratio:    6.00 (Gate area) 
      Cumulative area ratio:    0.43
      Required ratio:    0.00 (Cumulative area) 

    Via: M1M2_PR
      Partial area ratio:    0.11
      Required ratio:    6.00 (Gate area) 
      Cumulative area ratio:    0.24
      Required ratio:    0.00 (Cumulative area) 

    Via: L1M1_PR
      Partial area ratio:    0.14
      Required ratio:    3.00 (Gate area) 
      Cumulative area ratio:    0.14
      Required ratio:    0.00 (Cumulative area) 

  Pin: _08520_/A (sky130_fd_sc_hd__nor2_1)
    Layer: met4
      Partial area ratio:    7.34
      Required ratio:    0.00 (Gate area) 
      Partial area ratio:   39.54
      Required ratio: 2956.40 (Side area) 
      Cumulative area ratio:   11.91
      Required ratio:    0.00 (Cumulative area) 
      Cumulative area ratio:   65.17
      Required ratio:    0.00 (Cumulative side area) 

    Layer: met3
      Partial area ratio:    4.21
      Required ratio:    0.00 (Gate area) 
      Partial area ratio:   23.39
      Required ratio:  400.00 (Side area) 
      Cumulative area ratio:    4.57
      Required ratio:    0.00 (Cumulative area) 
      Cumulative area ratio:   25.63
      Required ratio:    0.00 (Cumulative side area) 

    Layer: met2
      Partial area ratio:    0.37
      Required ratio:    0.00 (Gate area) 
      Partial area ratio:    2.23
      Required ratio:  400.00 (Side area) 
      Cumulative area ratio:    0.37
      Required ratio:    0.00 (Cumulative area) 
      Cumulative area ratio:    2.23
      Required ratio:    0.00 (Cumulative side area) 

    Layer: met1
      Partial area ratio:    0.00
      Required ratio:    0.00 (Gate area) 
      Partial area ratio:    0.00
      Required ratio:  400.00 (Side area) 
      Cumulative area ratio:    0.00
      Required ratio:    0.00 (Cumulative area) 
      Cumulative area ratio:    0.00
      Required ratio:    0.00 (Cumulative side area) 

    Layer: li1
      Partial area ratio:    0.00
      Required ratio:    0.00 (Gate area) 
      Partial area ratio:    0.00
      Required ratio:   75.00 (Side area) 
      Cumulative area ratio:    0.00
      Required ratio:    0.00 (Cumulative area) 
      Cumulative area ratio:    0.00
      Required ratio:    0.00 (Cumulative side area) 

    Via: M3M4_PR
      Partial area ratio:    0.04
      Required ratio:    6.00 (Gate area) 
      Cumulative area ratio:    0.41
      Required ratio:    0.00 (Cumulative area) 

    Via: M2M3_PR
      Partial area ratio:    0.16
      Required ratio:    6.00 (Gate area) 
      Cumulative area ratio:    0.37
      Required ratio:    0.00 (Cumulative area) 

    Via: M1M2_PR
      Partial area ratio:    0.09
      Required ratio:    6.00 (Gate area) 
      Cumulative area ratio:    0.21
      Required ratio:    0.00 (Cumulative area) 

    Via: L1M1_PR
      Partial area ratio:    0.12
      Required ratio:    3.00 (Gate area) 
      Cumulative area ratio:    0.12
      Required ratio:    0.00 (Cumulative area) 

  Pin: _08556_/D (sky130_fd_sc_hd__and4b_1)
    Layer: met4
      Partial area ratio:    7.34
      Required ratio:    0.00 (Gate area) 
      Partial area ratio:   39.54
      Required ratio: 2956.40 (Side area) 
      Cumulative area ratio:   17.03
      Required ratio:    0.00 (Cumulative area) 
      Cumulative area ratio:   92.44
      Required ratio:    0.00 (Cumulative side area) 

    Layer: met3
      Partial area ratio:    4.21
      Required ratio:    0.00 (Gate area) 
      Partial area ratio:   23.39
      Required ratio:  400.00 (Side area) 
      Cumulative area ratio:    9.69
      Required ratio:    0.00 (Cumulative area) 
      Cumulative area ratio:   52.90
      Required ratio:    0.00 (Cumulative side area) 

    Layer: met2
      Partial area ratio:    2.61
      Required ratio:    0.00 (Gate area) 
      Partial area ratio:   13.59
      Required ratio:  400.00 (Side area) 
      Cumulative area ratio:    5.48
      Required ratio:    0.00 (Cumulative area) 
      Cumulative area ratio:   29.50
      Required ratio:    0.00 (Cumulative side area) 

    Layer: met1
      Partial area ratio:    2.87
      Required ratio:    0.00 (Gate area) 
      Partial area ratio:   15.92
      Required ratio:  400.00 (Side area) 
      Cumulative area ratio:    2.87
      Required ratio:    0.00 (Cumulative area) 
      Cumulative area ratio:   15.92
      Required ratio:    0.00 (Cumulative side area) 

    Layer: li1
      Partial area ratio:    0.00
      Required ratio:    0.00 (Gate area) 
      Partial area ratio:    0.00
      Required ratio:   75.00 (Side area) 
      Cumulative area ratio:    0.00
      Required ratio:    0.00 (Cumulative area) 
      Cumulative area ratio:    0.00
      Required ratio:    0.00 (Cumulative side area) 

    Via: M3M4_PR
      Partial area ratio:    0.04
      Required ratio:    6.00 (Gate area) 
      Cumulative area ratio:    0.50
      Required ratio:    0.00 (Cumulative area) 

    Via: M2M3_PR
      Partial area ratio:    0.05
      Required ratio:    6.00 (Gate area) 
      Cumulative area ratio:    0.46
      Required ratio:    0.00 (Cumulative area) 

    Via: M1M2_PR
      Partial area ratio:    0.18
      Required ratio:    6.00 (Gate area) 
      Cumulative area ratio:    0.41
      Required ratio:    0.00 (Cumulative area) 

    Via: L1M1_PR
      Partial area ratio:    0.23
      Required ratio:    3.00 (Gate area) 
      Cumulative area ratio:    0.23
      Required ratio:    0.00 (Cumulative area) 

  Pin: hold476/A (sky130_fd_sc_hd__dlymetal6s2s_1)
    Layer: met4
      Partial area ratio:    7.34
      Required ratio:    0.00 (Gate area) 
      Partial area ratio:   39.54
      Required ratio: 2956.40 (Side area) 
      Cumulative area ratio:   57.80
      Required ratio:    0.00 (Cumulative area) 
      Cumulative area ratio:  300.96
      Required ratio:    0.00 (Cumulative side area) 

    Layer: met3
      Partial area ratio:    4.21
      Required ratio:    0.00 (Gate area) 
      Partial area ratio:   23.39
      Required ratio:  400.00 (Side area) 
      Cumulative area ratio:   50.46
      Required ratio:    0.00 (Cumulative area) 
      Cumulative area ratio:  261.42
      Required ratio:    0.00 (Cumulative side area) 

    Layer: met2
      Partial area ratio:    2.61
      Required ratio:    0.00 (Gate area) 
      Partial area ratio:   13.59
      Required ratio:  400.00 (Side area) 
      Cumulative area ratio:   46.26
      Required ratio:    0.00 (Cumulative area) 
      Cumulative area ratio:  238.03
      Required ratio:    0.00 (Cumulative side area) 

    Layer: met1
      Partial area ratio:   43.64
      Required ratio:    0.00 (Gate area) 
      Partial area ratio:  224.44
      Required ratio:  400.00 (Side area) 
      Cumulative area ratio:   43.64
      Required ratio:    0.00 (Cumulative area) 
      Cumulative area ratio:  224.44
      Required ratio:    0.00 (Cumulative side area) 

    Layer: li1
      Partial area ratio:    0.00
      Required ratio:    0.00 (Gate area) 
      Partial area ratio:    0.00
      Required ratio:   75.00 (Side area) 
      Cumulative area ratio:    0.00
      Required ratio:    0.00 (Cumulative area) 
      Cumulative area ratio:    0.00
      Required ratio:    0.00 (Cumulative side area) 

    Via: M3M4_PR
      Partial area ratio:    0.04
      Required ratio:    6.00 (Gate area) 
      Cumulative area ratio:    0.50
      Required ratio:    0.00 (Cumulative area) 

    Via: M2M3_PR
      Partial area ratio:    0.05
      Required ratio:    6.00 (Gate area) 
      Cumulative area ratio:    0.46
      Required ratio:    0.00 (Cumulative area) 

    Via: M1M2_PR
      Partial area ratio:    0.18
      Required ratio:    6.00 (Gate area) 
      Cumulative area ratio:    0.41
      Required ratio:    0.00 (Cumulative area) 

    Via: L1M1_PR
      Partial area ratio:    0.23
      Required ratio:    3.00 (Gate area) 
      Cumulative area ratio:    0.23
      Required ratio:    0.00 (Cumulative area) 

  Pin: _08523_/A (sky130_fd_sc_hd__inv_2)
    Layer: met4
      Partial area ratio:    7.34
      Required ratio:    0.00 (Gate area) 
      Partial area ratio:   39.54
      Required ratio: 2956.40 (Side area) 
      Cumulative area ratio:   14.33
      Required ratio:    0.00 (Cumulative area) 
      Cumulative area ratio:   77.57
      Required ratio:    0.00 (Cumulative side area) 

    Layer: met3
      Partial area ratio:    4.21
      Required ratio:    0.00 (Gate area) 
      Partial area ratio:   23.39
      Required ratio:  400.00 (Side area) 
      Cumulative area ratio:    6.99
      Required ratio:    0.00 (Cumulative area) 
      Cumulative area ratio:   38.03
      Required ratio:    0.00 (Cumulative side area) 

    Layer: met2
      Partial area ratio:    2.61
      Required ratio:    0.00 (Gate area) 
      Partial area ratio:   13.59
      Required ratio:  400.00 (Side area) 
      Cumulative area ratio:    2.78
      Required ratio:    0.00 (Cumulative area) 
      Cumulative area ratio:   14.63
      Required ratio:    0.00 (Cumulative side area) 

    Layer: met1
      Partial area ratio:    0.17
      Required ratio:    0.00 (Gate area) 
      Partial area ratio:    1.05
      Required ratio:  400.00 (Side area) 
      Cumulative area ratio:    0.17
      Required ratio:    0.00 (Cumulative area) 
      Cumulative area ratio:    1.05
      Required ratio:    0.00 (Cumulative side area) 

    Layer: li1
      Partial area ratio:    0.00
      Required ratio:    0.00 (Gate area) 
      Partial area ratio:    0.00
      Required ratio:   75.00 (Side area) 
      Cumulative area ratio:    0.00
      Required ratio:    0.00 (Cumulative area) 
      Cumulative area ratio:    0.00
      Required ratio:    0.00 (Cumulative side area) 

    Via: M3M4_PR
      Partial area ratio:    0.04
      Required ratio:    6.00 (Gate area) 
      Cumulative area ratio:    0.20
      Required ratio:    0.00 (Cumulative area) 

    Via: M2M3_PR
      Partial area ratio:    0.05
      Required ratio:    6.00 (Gate area) 
      Cumulative area ratio:    0.16
      Required ratio:    0.00 (Cumulative area) 

    Via: M1M2_PR
      Partial area ratio:    0.05
      Required ratio:    6.00 (Gate area) 
      Cumulative area ratio:    0.10
      Required ratio:    0.00 (Cumulative area) 

    Via: L1M1_PR
      Partial area ratio:    0.06
      Required ratio:    3.00 (Gate area) 
      Cumulative area ratio:    0.06
      Required ratio:    0.00 (Cumulative area) 


Net: net75
  Pin: _12855_/B2 (sky130_fd_sc_hd__a32o_1)
    Layer: met2
      Partial area ratio:   19.30
      Required ratio:    0.00 (Gate area) 
      Partial area ratio:   98.31
      Required ratio: 2956.40 (Side area) 
      Cumulative area ratio:   19.30
      Required ratio:    0.00 (Cumulative area) 
      Cumulative area ratio:   98.31
      Required ratio:    0.00 (Cumulative side area) 

    Layer: met1
      Partial area ratio:    0.00
      Required ratio:    0.00 (Gate area) 
      Partial area ratio:    0.00
      Required ratio:  400.00 (Side area) 
      Cumulative area ratio:    0.00
      Required ratio:    0.00 (Cumulative area) 
      Cumulative area ratio:    0.00
      Required ratio:    0.00 (Cumulative side area) 

    Layer: li1
      Partial area ratio:    0.00
      Required ratio:    0.00 (Gate area) 
      Partial area ratio:    0.00
      Required ratio:   75.00 (Side area) 
      Cumulative area ratio:    0.00
      Required ratio:    0.00 (Cumulative area) 
      Cumulative area ratio:    0.00
      Required ratio:    0.00 (Cumulative side area) 

    Via: M1M2_PR
      Partial area ratio:    0.09
      Required ratio:    6.00 (Gate area) 
      Cumulative area ratio:    0.21
      Required ratio:    0.00 (Cumulative area) 

    Via: L1M1_PR
      Partial area ratio:    0.12
      Required ratio:    3.00 (Gate area) 
      Cumulative area ratio:    0.12
      Required ratio:    0.00 (Cumulative area) 

  Pin: output75/A (sky130_fd_sc_hd__clkbuf_4)
    Layer: met3
      Partial area ratio:    2.51
      Required ratio:    0.00 (Gate area) 
      Partial area ratio:   13.82
      Required ratio: 2956.40 (Side area) 
      Cumulative area ratio:  235.36
      Required ratio:    0.00 (Cumulative area) 
      Cumulative area ratio: 1182.23
      Required ratio:    0.00 (Cumulative side area) 

    Layer: met2
      Partial area ratio:  232.85
      Required ratio:    0.00 (Gate area) 
      Partial area ratio: 1168.41
      Required ratio:  400.00 (Side area) (VIOLATED)
      Cumulative area ratio:  232.85
      Required ratio:    0.00 (Cumulative area) 
      Cumulative area ratio: 1168.41
      Required ratio:    0.00 (Cumulative side area) 

    Layer: met1
      Partial area ratio:    0.00
      Required ratio:    0.00 (Gate area) 
      Partial area ratio:    0.00
      Required ratio:  400.00 (Side area) 
      Cumulative area ratio:    0.00
      Required ratio:    0.00 (Cumulative area) 
      Cumulative area ratio:    0.00
      Required ratio:    0.00 (Cumulative side area) 

    Layer: li1
      Partial area ratio:    0.00
      Required ratio:    0.00 (Gate area) 
      Partial area ratio:    0.00
      Required ratio:   75.00 (Side area) 
      Cumulative area ratio:    0.00
      Required ratio:    0.00 (Cumulative area) 
      Cumulative area ratio:    0.00
      Required ratio:    0.00 (Cumulative side area) 

    Via: M2M3_PR
      Partial area ratio:    0.19
      Required ratio:    6.00 (Gate area) 
      Cumulative area ratio:    0.43
      Required ratio:    0.00 (Cumulative area) 

    Via: M1M2_PR
      Partial area ratio:    0.11
      Required ratio:    6.00 (Gate area) 
      Cumulative area ratio:    0.24
      Required ratio:    0.00 (Cumulative area) 

    Via: L1M1_PR
      Partial area ratio:    0.14
      Required ratio:    3.00 (Gate area) 
      Cumulative area ratio:    0.14
      Required ratio:    0.00 (Cumulative area) 

  Pin: _13958_/B (sky130_fd_sc_hd__nand2_1)
    Layer: met3
      Partial area ratio:    2.51
      Required ratio:    0.00 (Gate area) 
      Partial area ratio:   13.82
      Required ratio: 2956.40 (Side area) 
      Cumulative area ratio:    5.74
      Required ratio:    0.00 (Cumulative area) 
      Cumulative area ratio:   31.58
      Required ratio:    0.00 (Cumulative side area) 

    Layer: met1
      Partial area ratio:    3.24
      Required ratio:    0.00 (Gate area) 
      Partial area ratio:   17.76
      Required ratio:  400.00 (Side area) 
      Cumulative area ratio:    3.24
      Required ratio:    0.00 (Cumulative area) 
      Cumulative area ratio:   17.76
      Required ratio:    0.00 (Cumulative side area) 

    Layer: li1
      Partial area ratio:    0.00
      Required ratio:    0.00 (Gate area) 
      Partial area ratio:    0.00
      Required ratio:   75.00 (Side area) 
      Cumulative area ratio:    0.00
      Required ratio:    0.00 (Cumulative area) 
      Cumulative area ratio:    0.00
      Required ratio:    0.00 (Cumulative side area) 

    Via: M2M3_PR
      Partial area ratio:    0.05
      Required ratio:    6.00 (Gate area) 
      Cumulative area ratio:    0.34
      Required ratio:    0.00 (Cumulative area) 

    Via: M1M2_PR
      Partial area ratio:    0.18
      Required ratio:    6.00 (Gate area) 
      Cumulative area ratio:    0.30
      Required ratio:    0.00 (Cumulative area) 

    Via: L1M1_PR
      Partial area ratio:    0.12
      Required ratio:    3.00 (Gate area) 
      Cumulative area ratio:    0.12
      Required ratio:    0.00 (Cumulative area) 

  Pin: _13957_/B (sky130_fd_sc_hd__or2_1)
    Layer: met3
      Partial area ratio:    2.51
      Required ratio:    0.00 (Gate area) 
      Partial area ratio:   13.82
      Required ratio: 2956.40 (Side area) 
      Cumulative area ratio:   11.19
      Required ratio:    0.00 (Cumulative area) 
      Cumulative area ratio:   61.14
      Required ratio:    0.00 (Cumulative side area) 

    Layer: met1
      Partial area ratio:    5.44
      Required ratio:    0.00 (Gate area) 
      Partial area ratio:   29.56
      Required ratio:  400.00 (Side area) 
      Cumulative area ratio:    5.44
      Required ratio:    0.00 (Cumulative area) 
      Cumulative area ratio:   29.56
      Required ratio:    0.00 (Cumulative side area) 

    Layer: li1
      Partial area ratio:    0.00
      Required ratio:    0.00 (Gate area) 
      Partial area ratio:    0.00
      Required ratio:   75.00 (Side area) 
      Cumulative area ratio:    0.00
      Required ratio:    0.00 (Cumulative area) 
      Cumulative area ratio:    0.00
      Required ratio:    0.00 (Cumulative side area) 

    Via: M2M3_PR
      Partial area ratio:    0.05
      Required ratio:    6.00 (Gate area) 
      Cumulative area ratio:    0.81
      Required ratio:    0.00 (Cumulative area) 

    Via: M1M2_PR
      Partial area ratio:    0.36
      Required ratio:    6.00 (Gate area) 
      Cumulative area ratio:    0.59
      Required ratio:    0.00 (Cumulative area) 

    Via: L1M1_PR
      Partial area ratio:    0.23
      Required ratio:    3.00 (Gate area) 
      Cumulative area ratio:    0.23
      Required ratio:    0.00 (Cumulative area) 

  Pin: _13473_/B2 (sky130_fd_sc_hd__a22o_1)
    Layer: met3
      Partial area ratio:    2.51
      Required ratio:    0.00 (Gate area) 
      Partial area ratio:   13.82
      Required ratio: 2956.40 (Side area) 
      Cumulative area ratio:   11.19
      Required ratio:    0.00 (Cumulative area) 
      Cumulative area ratio:   61.14
      Required ratio:    0.00 (Cumulative side area) 

    Layer: met1
      Partial area ratio:    0.00
      Required ratio:    0.00 (Gate area) 
      Partial area ratio:    0.00
      Required ratio:  400.00 (Side area) 
      Cumulative area ratio:    0.00
      Required ratio:    0.00 (Cumulative area) 
      Cumulative area ratio:    0.00
      Required ratio:    0.00 (Cumulative side area) 

    Layer: li1
      Partial area ratio:    0.00
      Required ratio:    0.00 (Gate area) 
      Partial area ratio:    0.00
      Required ratio:   75.00 (Side area) 
      Cumulative area ratio:    0.00
      Required ratio:    0.00 (Cumulative area) 
      Cumulative area ratio:    0.00
      Required ratio:    0.00 (Cumulative side area) 

    Via: M2M3_PR
      Partial area ratio:    0.05
      Required ratio:    6.00 (Gate area) 
      Cumulative area ratio:    0.79
      Required ratio:    0.00 (Cumulative area) 

    Via: M1M2_PR
      Partial area ratio:    0.09
      Required ratio:    6.00 (Gate area) 
      Cumulative area ratio:    0.21
      Required ratio:    0.00 (Cumulative area) 

    Via: L1M1_PR
      Partial area ratio:    0.12
      Required ratio:    3.00 (Gate area) 
      Cumulative area ratio:    0.12
      Required ratio:    0.00 (Cumulative area) 


Net: net78
  Pin: output78/A (sky130_fd_sc_hd__clkbuf_4)
    Layer: met2
      Partial area ratio:   38.51
      Required ratio:    0.00 (Gate area) 
      Partial area ratio:  194.71
      Required ratio: 2956.40 (Side area) 
      Cumulative area ratio:  136.21
      Required ratio:    0.00 (Cumulative area) 
      Cumulative area ratio:  684.58
      Required ratio:    0.00 (Cumulative side area) 

    Layer: met1
      Partial area ratio:   97.70
      Required ratio:    0.00 (Gate area) 
      Partial area ratio:  489.87
      Required ratio:  400.00 (Side area) (VIOLATED)
      Cumulative area ratio:   97.70
      Required ratio:    0.00 (Cumulative area) 
      Cumulative area ratio:  489.87
      Required ratio:    0.00 (Cumulative side area) 

    Layer: li1
      Partial area ratio:    0.00
      Required ratio:    0.00 (Gate area) 
      Partial area ratio:    0.00
      Required ratio:   75.00 (Side area) 
      Cumulative area ratio:    0.00
      Required ratio:    0.00 (Cumulative area) 
      Cumulative area ratio:    0.00
      Required ratio:    0.00 (Cumulative side area) 

    Via: M1M2_PR
      Partial area ratio:    0.11
      Required ratio:    6.00 (Gate area) 
      Cumulative area ratio:    0.24
      Required ratio:    0.00 (Cumulative area) 

    Via: L1M1_PR
      Partial area ratio:    0.14
      Required ratio:    3.00 (Gate area) 
      Cumulative area ratio:    0.14
      Required ratio:    0.00 (Cumulative area) 

  Pin: _12873_/B2 (sky130_fd_sc_hd__a32o_1)
    Layer: met2
      Partial area ratio:   38.51
      Required ratio:    0.00 (Gate area) 
      Partial area ratio:  194.71
      Required ratio: 2956.40 (Side area) 
      Cumulative area ratio:   38.85
      Required ratio:    0.00 (Cumulative area) 
      Cumulative area ratio:  196.80
      Required ratio:    0.00 (Cumulative side area) 

    Layer: met1
      Partial area ratio:    0.34
      Required ratio:    0.00 (Gate area) 
      Partial area ratio:    2.09
      Required ratio:  400.00 (Side area) 
      Cumulative area ratio:    0.34
      Required ratio:    0.00 (Cumulative area) 
      Cumulative area ratio:    2.09
      Required ratio:    0.00 (Cumulative side area) 

    Layer: li1
      Partial area ratio:    0.00
      Required ratio:    0.00 (Gate area) 
      Partial area ratio:    0.00
      Required ratio:   75.00 (Side area) 
      Cumulative area ratio:    0.00
      Required ratio:    0.00 (Cumulative area) 
      Cumulative area ratio:    0.00
      Required ratio:    0.00 (Cumulative side area) 

    Via: M1M2_PR
      Partial area ratio:    0.09
      Required ratio:    6.00 (Gate area) 
      Cumulative area ratio:    0.21
      Required ratio:    0.00 (Cumulative area) 

    Via: L1M1_PR
      Partial area ratio:    0.12
      Required ratio:    3.00 (Gate area) 
      Cumulative area ratio:    0.12
      Required ratio:    0.00 (Cumulative area) 

  Pin: _14037_/B (sky130_fd_sc_hd__nand2_1)
    Layer: met1
      Partial area ratio:    0.00
      Required ratio:    0.00 (Gate area) 
      Partial area ratio:    0.00
      Required ratio:  400.00 (Side area) 
      Cumulative area ratio:    0.00
      Required ratio:    0.00 (Cumulative area) 
      Cumulative area ratio:    0.00
      Required ratio:    0.00 (Cumulative side area) 

    Layer: li1
      Partial area ratio:    0.00
      Required ratio:    0.00 (Gate area) 
      Partial area ratio:    0.00
      Required ratio:   75.00 (Side area) 
      Cumulative area ratio:    0.00
      Required ratio:    0.00 (Cumulative area) 
      Cumulative area ratio:    0.00
      Required ratio:    0.00 (Cumulative side area) 

    Layer: met3
      Partial area ratio:    1.93
      Required ratio:    0.00 (Gate area) 
      Partial area ratio:   10.76
      Required ratio: 2956.40 (Side area) 
      Cumulative area ratio:    6.18
      Required ratio:    0.00 (Cumulative area) 
      Cumulative area ratio:   32.76
      Required ratio:    0.00 (Cumulative side area) 

    Layer: met4
      Partial area ratio:   12.16
      Required ratio:    0.00 (Gate area) 
      Partial area ratio:   65.33
      Required ratio: 2956.40 (Side area) 
      Cumulative area ratio:   18.33
      Required ratio:    0.00 (Cumulative area) 
      Cumulative area ratio:   98.09
      Required ratio:    0.00 (Cumulative side area) 

    Via: M2M3_PR
      Partial area ratio:    0.04
      Required ratio:    6.00 (Gate area) 
      Cumulative area ratio:    0.60
      Required ratio:    0.00 (Cumulative area) 

    Via: M1M2_PR
      Partial area ratio:    0.09
      Required ratio:    6.00 (Gate area) 
      Cumulative area ratio:    0.21
      Required ratio:    0.00 (Cumulative area) 

    Via: L1M1_PR
      Partial area ratio:    0.12
      Required ratio:    3.00 (Gate area) 
      Cumulative area ratio:    0.12
      Required ratio:    0.00 (Cumulative area) 

    Via: M3M4_PR
      Partial area ratio:    0.04
      Required ratio:    6.00 (Gate area) 
      Cumulative area ratio:    0.64
      Required ratio:    0.00 (Cumulative area) 

  Pin: _13477_/B2 (sky130_fd_sc_hd__a22o_1)
    Layer: met1
      Partial area ratio:    2.95
      Required ratio:    0.00 (Gate area) 
      Partial area ratio:   15.56
      Required ratio:  400.00 (Side area) 
      Cumulative area ratio:    2.95
      Required ratio:    0.00 (Cumulative area) 
      Cumulative area ratio:   15.56
      Required ratio:    0.00 (Cumulative side area) 

    Layer: li1
      Partial area ratio:    0.00
      Required ratio:    0.00 (Gate area) 
      Partial area ratio:    0.00
      Required ratio:   75.00 (Side area) 
      Cumulative area ratio:    0.00
      Required ratio:    0.00 (Cumulative area) 
      Cumulative area ratio:    0.00
      Required ratio:    0.00 (Cumulative side area) 

    Layer: met3
      Partial area ratio:    1.93
      Required ratio:    0.00 (Gate area) 
      Partial area ratio:   10.76
      Required ratio: 2956.40 (Side area) 
      Cumulative area ratio:    9.13
      Required ratio:    0.00 (Cumulative area) 
      Cumulative area ratio:   48.31
      Required ratio:    0.00 (Cumulative side area) 

    Layer: met4
      Partial area ratio:   12.16
      Required ratio:    0.00 (Gate area) 
      Partial area ratio:   65.33
      Required ratio: 2956.40 (Side area) 
      Cumulative area ratio:   21.29
      Required ratio:    0.00 (Cumulative area) 
      Cumulative area ratio:  113.65
      Required ratio:    0.00 (Cumulative side area) 

    Via: M2M3_PR
      Partial area ratio:    0.04
      Required ratio:    6.00 (Gate area) 
      Cumulative area ratio:    0.60
      Required ratio:    0.00 (Cumulative area) 

    Via: M1M2_PR
      Partial area ratio:    0.09
      Required ratio:    6.00 (Gate area) 
      Cumulative area ratio:    0.21
      Required ratio:    0.00 (Cumulative area) 

    Via: L1M1_PR
      Partial area ratio:    0.12
      Required ratio:    3.00 (Gate area) 
      Cumulative area ratio:    0.12
      Required ratio:    0.00 (Cumulative area) 

    Via: M3M4_PR
      Partial area ratio:    0.04
      Required ratio:    6.00 (Gate area) 
      Cumulative area ratio:    0.64
      Required ratio:    0.00 (Cumulative area) 

  Pin: _08538_/A0 (sky130_fd_sc_hd__mux2_2)
    Layer: met4
      Partial area ratio:   12.16
      Required ratio:    0.00 (Gate area) 
      Partial area ratio:   65.33
      Required ratio: 2956.40 (Side area) 
      Cumulative area ratio:   21.26
      Required ratio:    0.00 (Cumulative area) 
      Cumulative area ratio:  119.07
      Required ratio:    0.00 (Cumulative side area) 

    Layer: met3
      Partial area ratio:    2.87
      Required ratio:    0.00 (Gate area) 
      Partial area ratio:   21.33
      Required ratio:  400.00 (Side area) 
      Cumulative area ratio:    9.10
      Required ratio:    0.00 (Cumulative area) 
      Cumulative area ratio:   53.74
      Required ratio:    0.00 (Cumulative side area) 

    Layer: met2
      Partial area ratio:    6.23
      Required ratio:    0.00 (Gate area) 
      Partial area ratio:   32.40
      Required ratio:  400.00 (Side area) 
      Cumulative area ratio:    6.23
      Required ratio:    0.00 (Cumulative area) 
      Cumulative area ratio:   32.40
      Required ratio:    0.00 (Cumulative side area) 

    Layer: met1
      Partial area ratio:    0.00
      Required ratio:    0.00 (Gate area) 
      Partial area ratio:    0.00
      Required ratio:  400.00 (Side area) 
      Cumulative area ratio:    0.00
      Required ratio:    0.00 (Cumulative area) 
      Cumulative area ratio:    0.00
      Required ratio:    0.00 (Cumulative side area) 

    Layer: li1
      Partial area ratio:    0.00
      Required ratio:    0.00 (Gate area) 
      Partial area ratio:    0.00
      Required ratio:   75.00 (Side area) 
      Cumulative area ratio:    0.00
      Required ratio:    0.00 (Cumulative area) 
      Cumulative area ratio:    0.00
      Required ratio:    0.00 (Cumulative side area) 

    Via: M3M4_PR
      Partial area ratio:    0.50
      Required ratio:    6.00 (Gate area) 
      Cumulative area ratio:    1.33
      Required ratio:    0.00 (Cumulative area) 

    Via: M2M3_PR
      Partial area ratio:    0.50
      Required ratio:    6.00 (Gate area) 
      Cumulative area ratio:    0.83
      Required ratio:    0.00 (Cumulative area) 

    Via: M1M2_PR
      Partial area ratio:    0.14
      Required ratio:    6.00 (Gate area) 
      Cumulative area ratio:    0.32
      Required ratio:    0.00 (Cumulative area) 

    Via: L1M1_PR
      Partial area ratio:    0.18
      Required ratio:    3.00 (Gate area) 
      Cumulative area ratio:    0.18
      Required ratio:    0.00 (Cumulative area) 

  Pin: _08558_/A1 (sky130_fd_sc_hd__mux2_2)
    Layer: met4
      Partial area ratio:   12.16
      Required ratio:    0.00 (Gate area) 
      Partial area ratio:   65.33
      Required ratio: 2956.40 (Side area) 
      Cumulative area ratio:   26.42
      Required ratio:    0.00 (Cumulative area) 
      Cumulative area ratio:  147.29
      Required ratio:    0.00 (Cumulative side area) 

    Layer: met3
      Partial area ratio:    0.45
      Required ratio:    0.00 (Gate area) 
      Partial area ratio:    3.16
      Required ratio:  400.00 (Side area) 
      Cumulative area ratio:    5.16
      Required ratio:    0.00 (Cumulative area) 
      Cumulative area ratio:   28.22
      Required ratio:    0.00 (Cumulative side area) 

    Layer: met2
      Partial area ratio:    1.62
      Required ratio:    0.00 (Gate area) 
      Partial area ratio:    8.42
      Required ratio:  400.00 (Side area) 
      Cumulative area ratio:    4.71
      Required ratio:    0.00 (Cumulative area) 
      Cumulative area ratio:   25.07
      Required ratio:    0.00 (Cumulative side area) 

    Layer: met1
      Partial area ratio:    3.08
      Required ratio:    0.00 (Gate area) 
      Partial area ratio:   16.64
      Required ratio:  400.00 (Side area) 
      Cumulative area ratio:    3.08
      Required ratio:    0.00 (Cumulative area) 
      Cumulative area ratio:   16.64
      Required ratio:    0.00 (Cumulative side area) 

    Layer: li1
      Partial area ratio:    0.00
      Required ratio:    0.00 (Gate area) 
      Partial area ratio:    0.00
      Required ratio:   75.00 (Side area) 
      Cumulative area ratio:    0.00
      Required ratio:    0.00 (Cumulative area) 
      Cumulative area ratio:    0.00
      Required ratio:    0.00 (Cumulative side area) 

    Via: M3M4_PR
      Partial area ratio:    0.06
      Required ratio:    6.00 (Gate area) 
      Cumulative area ratio:    0.59
      Required ratio:    0.00 (Cumulative area) 

    Via: M2M3_PR
      Partial area ratio:    0.06
      Required ratio:    6.00 (Gate area) 
      Cumulative area ratio:    0.53
      Required ratio:    0.00 (Cumulative area) 

    Via: M1M2_PR
      Partial area ratio:    0.28
      Required ratio:    6.00 (Gate area) 
      Cumulative area ratio:    0.46
      Required ratio:    0.00 (Cumulative area) 

    Via: L1M1_PR
      Partial area ratio:    0.18
      Required ratio:    3.00 (Gate area) 
      Cumulative area ratio:    0.18
      Required ratio:    0.00 (Cumulative area) 

  Pin: _13656_/A (sky130_fd_sc_hd__inv_2)
    Layer: met4
      Partial area ratio:   12.16
      Required ratio:    0.00 (Gate area) 
      Partial area ratio:   65.33
      Required ratio: 2956.40 (Side area) 
      Cumulative area ratio:   26.98
      Required ratio:    0.00 (Cumulative area) 
      Cumulative area ratio:  150.52
      Required ratio:    0.00 (Cumulative side area) 

    Layer: met3
      Partial area ratio:    0.45
      Required ratio:    0.00 (Gate area) 
      Partial area ratio:    3.16
      Required ratio:  400.00 (Side area) 
      Cumulative area ratio:    5.73
      Required ratio:    0.00 (Cumulative area) 
      Cumulative area ratio:   31.45
      Required ratio:    0.00 (Cumulative side area) 

    Layer: met2
      Partial area ratio:    1.62
      Required ratio:    0.00 (Gate area) 
      Partial area ratio:    8.42
      Required ratio:  400.00 (Side area) 
      Cumulative area ratio:    5.27
      Required ratio:    0.00 (Cumulative area) 
      Cumulative area ratio:   28.29
      Required ratio:    0.00 (Cumulative side area) 

    Layer: met1
      Partial area ratio:    0.57
      Required ratio:    0.00 (Gate area) 
      Partial area ratio:    3.22
      Required ratio:  400.00 (Side area) 
      Cumulative area ratio:    0.57
      Required ratio:    0.00 (Cumulative area) 
      Cumulative area ratio:    3.22
      Required ratio:    0.00 (Cumulative side area) 

    Layer: li1
      Partial area ratio:    0.00
      Required ratio:    0.00 (Gate area) 
      Partial area ratio:    0.00
      Required ratio:   75.00 (Side area) 
      Cumulative area ratio:    0.00
      Required ratio:    0.00 (Cumulative area) 
      Cumulative area ratio:    0.00
      Required ratio:    0.00 (Cumulative side area) 

    Via: M3M4_PR
      Partial area ratio:    0.06
      Required ratio:    6.00 (Gate area) 
      Cumulative area ratio:    0.51
      Required ratio:    0.00 (Cumulative area) 

    Via: M2M3_PR
      Partial area ratio:    0.06
      Required ratio:    6.00 (Gate area) 
      Cumulative area ratio:    0.45
      Required ratio:    0.00 (Cumulative area) 

    Via: M1M2_PR
      Partial area ratio:    0.05
      Required ratio:    6.00 (Gate area) 
      Cumulative area ratio:    0.10
      Required ratio:    0.00 (Cumulative area) 

    Via: L1M1_PR
      Partial area ratio:    0.06
      Required ratio:    3.00 (Gate area) 
      Cumulative area ratio:    0.06
      Required ratio:    0.00 (Cumulative area) 

  Pin: _14036_/B (sky130_fd_sc_hd__or2_1)
    Layer: met1
      Partial area ratio:    4.24
      Required ratio:    0.00 (Gate area) 
      Partial area ratio:   22.00
      Required ratio:  400.00 (Side area) 
      Cumulative area ratio:    4.24
      Required ratio:    0.00 (Cumulative area) 
      Cumulative area ratio:   22.00
      Required ratio:    0.00 (Cumulative side area) 

    Layer: met3
      Partial area ratio:    1.93
      Required ratio:    0.00 (Gate area) 
      Partial area ratio:   10.76
      Required ratio: 2956.40 (Side area) 
      Cumulative area ratio:    6.18
      Required ratio:    0.00 (Cumulative area) 
      Cumulative area ratio:   32.76
      Required ratio:    0.00 (Cumulative side area) 

    Layer: met4
      Partial area ratio:   12.16
      Required ratio:    0.00 (Gate area) 
      Partial area ratio:   65.33
      Required ratio: 2956.40 (Side area) 
      Cumulative area ratio:   18.33
      Required ratio:    0.00 (Cumulative area) 
      Cumulative area ratio:   98.09
      Required ratio:    0.00 (Cumulative side area) 

    Layer: li1
      Partial area ratio:    0.00
      Required ratio:    0.00 (Gate area) 
      Partial area ratio:    0.00
      Required ratio:   75.00 (Side area) 
      Cumulative area ratio:    0.00
      Required ratio:    0.00 (Cumulative area) 
      Cumulative area ratio:    0.00
      Required ratio:    0.00 (Cumulative side area) 

    Via: M2M3_PR
      Partial area ratio:    0.04
      Required ratio:    6.00 (Gate area) 
      Cumulative area ratio:    0.62
      Required ratio:    0.00 (Cumulative area) 

    Via: M1M2_PR
      Partial area ratio:    0.36
      Required ratio:    6.00 (Gate area) 
      Cumulative area ratio:    0.59
      Required ratio:    0.00 (Cumulative area) 

    Via: M3M4_PR
      Partial area ratio:    0.04
      Required ratio:    6.00 (Gate area) 
      Cumulative area ratio:    0.66
      Required ratio:    0.00 (Cumulative area) 

    Via: L1M1_PR
      Partial area ratio:    0.23
      Required ratio:    3.00 (Gate area) 
      Cumulative area ratio:    0.23
      Required ratio:    0.00 (Cumulative area) 


[INFO ANT-0002] Found 16 net violations.
[INFO ANT-0001] Found 21 pin violations.
