net,length_um
clknet_0_clk,1143.7
_02091_,704.76
_04080_,680.95
net29,656.62
net14,646.91
net12,604.89
net67,603.6
_03656_,589.31
_02036_,572.68
_02105_,566.46
_02056_,550.72
_02024_,549.25
net25,542.09
net79,535.67
_02031_,524.05
net32,517.36
_03683_,494.1
_02151_,489.07
net65,487.96
_03680_,486.47
_02049_,483.88
_03824_,483.32
net48,482.8
_04543_,481.17
_04149_,478.99
_02237_,474.93
net16,468.72
_02238_,463.17
net15,460.62
_02108_,458.59
_02099_,457.54
_03586_,455.755
_04136_,453.84
_04010_,449.35
_03445_,440.41
net10,439.09
net69,435.53
_03682_,434.81
_03668_,432.49
_04104_,429.39
_04310_,426.59
_03841_,420.4
_04004_,418.76
net21,414.36
_03441_,410.03
_03813_,402.53
_03233_,401.83
_04587_,399.15
clk,397.2
net24,396.21
net74,391.105
_03925_,387.19
net66,386.35
_03748_,384.88
_03832_,383.37
net71,382.39
_04077_,382.01
net9,381.3
_02061_,377.06
net70,375.42
_02235_,375.35
net46,373.46
_03899_,372.92
_04413_,372.655
_05058_,371.46
net80,371.08
_02071_,370.42
_02083_,369.88
clknet_4_1_0_clk,369.62
_03833_,367.93
_03896_,367.79
_03855_,367.59
_02103_,367.09
_02335_,366.56
net73,366.14
_05049_,365.23
_02127_,364.7
_03856_,364.03
_03443_,362.66
net81,362.63
_02079_,362.34
clknet_4_8_0_clk,361.69
_05813_,361.47
_04097_,361.44
_02218_,359.76
_03906_,359.6
_02345_,359.26
_03991_,359.26
_03648_,358.98
_05043_,356.65
net75,355.27
_02087_,355.02
net40,354.77
_02109_,354.74
_02220_,354.02
_03812_,353.35
_04285_,353.07
_02148_,349.83
_04106_,347.07
_05790_,346.95
_05070_,346.28
net19,344.98
_02464_,344.3
_03479_,339.78
_04394_,339.15
_03444_,338.76
_03936_,338.35
_02337_,337.97
_03911_,337.3
_05066_,336.92
_03808_,335.12
_04662_,334.27
_05420_,333.93
_02287_,333.46
_02334_,333.03
_02333_,332.23
_05831_,332.01
_03924_,330.71
_05454_,330.44
_04489_,329.26
_03677_,329.22
_04146_,329.18
_04098_,328.4
_03874_,327.82
net33,326.125
_02363_,325.515
_03891_,325.12
_02317_,324.34
_02535_,324.1
_06577_,324
_02469_,322.33
_02228_,322.3
_02471_,321.6
clknet_4_4_0_clk,321.55
net31,318.69
_04099_,318.62
_04133_,318.29
_02180_,318.28
_05088_,317.87
_03970_,317.15
net37,316.74
_02369_,316.65
_03933_,316.1
net76,315.18
_02207_,314.89
clknet_4_13_0_clk,314.43
_03762_,313.79
_04206_,313.35
_03850_,313.17
_03984_,313.05
_03918_,312.84
_03997_,312.76
_03929_,311.8
_05579_,311.54
_06106_,311.2
clknet_4_11_0_clk,311.11
_03449_,310.97
net34,310.5
_02848_,310.44
_06087_,309.18
_03754_,308.61
_02222_,308.1
_07022_,307.82
_04439_,307.3
_02729_,306.9
_04002_,306.86
_04214_,306.61
net13,304.18
clknet_4_2_0_clk,304.13
_06505_,304.06
net49,303.5
_02142_,303.35
net1,302.82
_02144_,302.76
_03818_,302.6
_06631_,302.18
_02468_,302.13
_02391_,301.78
_02347_,301.76
_03900_,301.57
_03892_,300.35
net44,300.26
_02493_,300.25
_04209_,299.47
clknet_4_9_0_clk,299.37
_03672_,298.57
_04588_,298.48
_03862_,298.11
_02398_,298.03
_02203_,296.45
_03894_,296.38
_02506_,295.475
_02377_,294.68
_05480_,294.24
_06600_,293.75
_03858_,293.5
_03701_,293.38
_04162_,293.26
_04013_,291.46
_03721_,291.27
_03955_,290.91
_02197_,289.42
_02201_,288.6
_02230_,288.48
_04157_,288.37
clknet_4_14_0_clk,287.915
_03708_,287.605
net23,287.2
_01856_,286.665
clknet_4_5_0_clk,285.23
net72,285
_02376_,284.41
_03650_,284.28
_02416_,283.71
_03913_,283.7
_05460_,283.49
net20,282.38
clknet_4_10_0_clk,282.35
net41,282.27
clknet_4_6_0_clk,282.06
_03726_,282.025
_07060_,280.42
_02258_,280.37
_05402_,280.32
_05470_,279.91
_02372_,279.72
_02200_,279.09
_02243_,278.78
_02498_,278.38
_02211_,277.98
_02518_,277.68
_02358_,277.56
_03712_,277.37
_02443_,277.13
_02140_,276.03
_04593_,275.93
_03731_,275.81
_03664_,275.69
clknet_4_3_0_clk,275.14
net86,275.04
_01977_,274.1
_02375_,273.4
_04020_,273.22
_02130_,273.19
_05429_,272.49
_05477_,272.33
_03809_,272.26
net18,271.42
clknet_4_7_0_clk,271.42
clknet_4_15_0_clk,270.17
_03734_,269.11
_02098_,268.91
_07041_,268.36
_02097_,268.34
_03961_,268.1
_03827_,268.01
_03935_,267.68
_02488_,267.17
_02497_,267.1
_02253_,266.485
_04187_,265.66
_02485_,265.65
_03733_,265.54
_03475_,265.49
net6,265.13
_02380_,265.085
_03823_,264.18
_06545_,263.46
_03329_,263.13
_03646_,262.56
_03702_,262.39
_03982_,261.77
_06634_,259.85
_03735_,259.2
_06016_,259.07
_02501_,258.72
net28,258.5
_03720_,257.69
_06640_,257.52
_02329_,257.36
_03839_,257.21
_03746_,256.54
net4,256.3
_05496_,256.12
_03767_,255.65
_04339_,255.58
_03915_,254.04
net36,254.04
_02761_,253.65
_05855_,253.3
net45,252.82
_06526_,252.62
clknet_4_12_0_clk,252.44
_03928_,252.43
_02045_,252.28
_01722_,251.97
_02719_,251.01
_02229_,250.29
_04181_,249.89
_05080_,249.855
net38,249.62
_05809_,249.26
_02368_,249.07
clknet_4_0_0_clk,248.89
_02242_,248.71
_02455_,248.57
_04009_,248.47
_03466_,248.2
_01875_,248.14
net11,246.815
_02355_,246.085
_03675_,245.91
_02481_,245.9
_03725_,245.47
_06848_,244.36
_02760_,244.06
_06636_,243.94
_03816_,243.49
_03741_,243.39
_06578_,243.02
_03468_,242.99
_05457_,242.97
_02475_,242.93
_06624_,242.775
_03655_,242.48
_05836_,242
_03983_,241.86
_04258_,241.73
_04182_,241.56
_05474_,241.32
_04113_,241.27
_03316_,240.64
_02182_,240.51
_07291_,240.38
_02442_,240.315
_03717_,240.23
_02323_,240.14
_01669_,239.73
_07245_,239.45
_02853_,238.535
_03470_,237.48
_03327_,237.4
_06017_,237.39
_03662_,237.21
_02852_,236.51
_04153_,236.08
_03723_,235.79
_02194_,235.66
net5,234.76
_06632_,234.73
_06150_,234.58
_01902_,234.57
_06149_,234.37
_07253_,234.36
_04492_,234.27
_02566_,233.89
_03914_,233.53
_03262_,233.09
_05580_,232.76
_01883_,232.57
_03758_,232.52
_02365_,232.18
_03722_,232.15
_02384_,231.98
_04183_,230.92
_02718_,230.78
_03759_,230.76
_05076_,229.8
_03988_,229.66
_07272_,229.5
_05093_,229.46
_03464_,228.74
_03436_,228.42
_05073_,227.93
_02753_,227.71
_03749_,227.59
_07114_,227.55
_02121_,227.09
_03985_,226.42
_02139_,226.3
_02213_,225.68
_03766_,225.6
_02827_,224.69
net35,224.58
_02016_,224.56
_05106_,224
_02183_,223.9
_02759_,223.01
_01894_,222.88
_01678_,222.36
_03750_,222.3
_03698_,221.94
_02458_,221.9
_03489_,221.37
_02214_,221.3
_03753_,220.8
net7,220.56
_05997_,220.2
_05856_,220.02
_06622_,219.85
_03694_,219.64
net26,219.33
_02855_,219.32
_02186_,219.24
_05658_,219.2
_02453_,219.13
_05094_,218.96
_03817_,218.91
_03904_,218.3
_07030_,218.24
_04508_,217.98
net27,217.94
_02226_,217.25
_03440_,217.16
_05486_,217.08
_03462_,216.94
net39,216.91
_04288_,216
_02210_,215.77
_06566_,215.56
_01769_,214.99
_01818_,214.95
_02118_,214.91
net43,214.76
_03599_,213.69
_01098_,213.635
_03454_,213.59
_06627_,213.44
_03770_,213.35
_03713_,213.05
_06629_,212.91
_05493_,212.595
_02172_,212.49
_06147_,212.47
_04019_,212.44
_03859_,212.13
_06583_,212.08
_02752_,211.52
_05090_,211.09
_06647_,210.9
_03473_,210.76
_03491_,210.63
_01837_,210.6
_06068_,210.37
net3,210.37
_05791_,210.34
net47,210.34
_05050_,210.3
_06164_,210.28
_05691_,210.01
_06595_,209.66
_06437_,208.69
_02865_,207.08
_03524_,206.38
net22,205.82
_01845_,205.57
_07181_,205.24
_05497_,205.23
_02721_,204.58
_03849_,204.54
_06651_,204.43
_01788_,204.26
_05455_,204.25
_03487_,203.86
_05079_,203.48
_03895_,203.37
_02247_,202.52
_03905_,201.86
_05837_,201.62
_04784_,201.575
_04024_,201.5
_07201_,201.16
_02842_,201.08
_06856_,201.06
_02859_,201.02
_06659_,200.93
_07225_,200.61
_07160_,199.87
_05098_,199.8
_05458_,199.725
_02251_,199.64
_04451_,199.19
_06642_,198.8
_02742_,198.77
_06067_,198.16
_02156_,197.785
_03745_,197.74
_02112_,197.26
_02594_,197.165
_05723_,196.86
_04787_,196.745
_03455_,196.28
_04697_,196.08
_06501_,196.06
_02124_,195.96
net77,195.39
_01670_,194.99
_03456_,194.58
_03644_,194.34
_03990_,194.255
_05699_,194.1
_05484_,193.94
_03643_,193.54
_03391_,193.515
_04125_,192.92
_02768_,192.82
_02248_,192.73
_02747_,192.66
_03460_,192.58
_03998_,192.27
_03477_,191.99
_06162_,191.86
_02132_,191.515
_02181_,190.94
_05074_,190.5
ex_mm_reg.ALU_Result_Out\[3\],190.39
net2,190.04
_05434_,189.63
_03709_,189.625
_04282_,189.28
_03714_,189.11
ex_mm_reg.RF_D2_Out\[2\],188.85
_06048_,188.81
_06133_,188.67
_05520_,188.32
_03606_,188.18
_02764_,188.1
_04607_,188.06
_05471_,187.94
_05974_,187.74
_02731_,187.66
_02236_,187.51
_07141_,187.47
_01698_,186.79
_06638_,186.62
_07081_,186.6
_05423_,186.56
_05464_,186.56
_02638_,186.45
_02143_,186.26
_05448_,185.94
_04287_,185.73
_06867_,185.72
_03934_,185.7
_01749_,185.1
_03471_,184.95
_01913_,184.9
_03319_,184.78
_02135_,184.43
_01921_,183.98
_06608_,183.98
_00001_,183.55
_02028_,183.47
_03699_,183.44
_04247_,182.65
_02034_,181.95
_05426_,181.84
_07283_,181.64
_07194_,180.82
_03695_,180.26
_06550_,179.53
_02165_,178.74
_01691_,178.61
_05091_,178.01
_06644_,177.98
_02756_,177.87
_02800_,177.315
_05082_,177.08
_03659_,176.92
_01742_,176.81
_05954_,175.99
_02749_,175.97
_03686_,175.92
_05489_,175.66
_05973_,175.44
_02166_,175.07
_03453_,174.715
_05481_,174.1
_05483_,173.78
_02882_,173.72
_05810_,173.7
_03738_,173.01
_05077_,172.9
_02174_,172.78
net68,172.36
_04087_,172.34
_06088_,172.3
_05490_,172.14
_05467_,172.05
_06158_,171.85
_01799_,171.83
_02890_,171.68
_03821_,171.67
_03922_,171.58
_02739_,171.47
_03836_,171.47
_00003_,171.36
_06504_,171.28
_03747_,171.17
_02623_,170.9
_06548_,170.62
net30,170.335
_06649_,170.26
_06652_,169.94
_03302_,169.48
_05936_,169.37
_01985_,168.8
_07264_,168.59
_06587_,168.3
_03737_,168.28
_02205_,168.07
_03676_,168.07
_02171_,168
_06891_,167.8
_06033_,167.64
_05067_,167.26
_04611_,167.18
if_id_reg.Instr_Out\[13\],166.96
_03322_,166.82
_03852_,166.57
_03732_,166.25
_05071_,166.24
_05814_,165.88
_02190_,165.84
ex_mm_reg.ALU_Result_Out\[0\],165.83
_02252_,165.76
_02114_,165.56
_03309_,165.45
_03634_,165.4
_06499_,165.17
_05099_,165.1
_05428_,164.96
clknet_leaf_55_clk,164.795
_07153_,164.62
net8,164.5
_07049_,164.49
_02659_,164.34
_06497_,163.86
_01097_,163.805
_05045_,163.78
_03768_,163.64
_07102_,163.36
clknet_leaf_119_clk,163.36
_03450_,163.16
_06049_,163.08
ex_mm_reg.RF_D2_Out\[9\],163.02
_05086_,162.96
_02598_,162.86
_06056_,162.73
_02023_,162.6
_06579_,162.43
_07284_,162.42
_04536_,162.395
_02246_,162.06
_03910_,162.05
_03705_,161.89
_06558_,161.55
_03889_,161.415
_02717_,161.38
_06126_,161.38
_07101_,161.29
clknet_leaf_95_clk,161.035
_03687_,160.76
_04496_,160.74
_07068_,160.66
_01710_,160.62
_02164_,160.615
_05975_,160.19
_03597_,159.87
_02701_,159.6
_06107_,159.38
_02019_,159.36
_03325_,159.205
_01807_,159.12
_02106_,159.12
_04248_,159.11
_03576_,158.95
_06125_,158.89
_07215_,158.86
_03679_,158.81
_02869_,158.69
_03660_,158.485
_02826_,158.39
_05626_,158.29
_05064_,158.28
_06188_,158.18
_02837_,158.04
_02113_,158.01
_02775_,157.635
_06172_,157.44
if_id_reg.Instr_Out\[12\],157.41
_01096_,157.22
_07005_,157.09
_05475_,157.05
_06553_,156.96
_03446_,156.72
_03704_,156.61
_02640_,156.6
_03912_,156.43
_05823_,156.1
_03442_,155.8
_05708_,155.78
_03451_,155.68
_06555_,155.68
_03457_,155.33
_04695_,155.23
_03610_,155.14
_04761_,155.135
_05391_,154.87
_06522_,154.84
_05860_,154.76
_05068_,154.75
_02877_,154.65
_07172_,154.37
_03448_,154.36
_06026_,154.18
_05083_,154.14
_06534_,154.11
_05715_,154.08
_05567_,153.96
_05478_,153.78
_04507_,153.34
_02782_,153.2
_00000_,153.18
_06469_,153.02
_01709_,152.84
_01876_,152.64
_06300_,152.38
_05629_,152.26
_07042_,152.24
clknet_leaf_8_clk,152.155
_05955_,151.92
_06527_,151.885
_03814_,151.87
_05494_,151.78
_05622_,151.56
_05604_,151.52
_04237_,151.44
_02232_,151.34
_03485_,151.31
clknet_leaf_148_clk,151.085
_05560_,150.84
_03693_,150.7
_02122_,150.68
_05627_,150.63
_05048_,150.38
_03281_,150.28
_05624_,150.18
_03869_,150.11
_05630_,149.64
_02624_,148.97
clknet_leaf_58_clk,148.74
_03890_,148.58
_03744_,148.52
_05617_,148.44
_04069_,148.4
ex_mm_reg.RF_D2_Out\[1\],148.38
_03481_,148.16
if_id_reg.Instr_Out\[14\],148.03
_05097_,147.99
_04029_,147.94
_05619_,147.88
_05406_,147.74
_04223_,147.72
_06037_,147.43
_02116_,147.37
_03271_,147.36
_05453_,147.22
_06849_,146.6
_03647_,146.59
_02881_,146.415
_06619_,146.4
_02872_,146.255
_02885_,146.18
_02161_,146.12
_06435_,145.91
_06475_,145.5
_05539_,145.48
_05603_,145.42
_02206_,145.16
_02160_,144.5
_02255_,144.36
_02612_,144.28
_01978_,143.78
_02157_,143.58
_01819_,143.5
_05962_,143.4
_05633_,143.38
_07104_,143.38
_02671_,143.34
_06154_,143.24
_02137_,143.15
clknet_leaf_22_clk,142.975
_03291_,142.52
_05996_,142.46
_06075_,142.395
_05714_,141.99
_06028_,141.8
_02633_,141.74
_03629_,141.71
_02707_,141.64
_03255_,141.56
_04240_,141.56
_03299_,141.42
_03501_,141.36
_05487_,141.22
_03318_,141.02
_07246_,140.9
_03372_,140.84
_05818_,140.34
_05685_,140.13
_02159_,140.02
_03810_,140.02
if_id_reg.Instr_Out\[2\],139.93
rr_ex_reg.instr_out\[7\],139.87
_03587_,139.86
_06875_,139.81
_06950_,139.59
_01780_,139.46
_04549_,139.21
_02839_,139
_06510_,138.98
_03628_,138.795
_04668_,138.76
_05472_,138.76
_02581_,138.46
_04700_,138.43
_03274_,138.31
_05798_,138.25
_05538_,138.24
_02627_,138.1
_02055_,137.98
_02215_,137.89
_03306_,137.37
_05053_,137.1
_05061_,137.06
_05060_,137
_07212_,136.93
_07265_,136.62
_01914_,136.32
_05500_,135.96
_03962_,135.935
_01741_,135.88
_03974_,135.83
_05468_,135.71
_03865_,135.64
_02578_,135.61
_03410_,135.48
_01650_,135.28
_04397_,134.74
_03846_,134.68
_04171_,134.45
clknet_leaf_3_clk,134.435
_05447_,134.1
_05508_,134
_05461_,133.98
_02713_,133.89
_05519_,133.67
_03851_,133.53
_03295_,133.51
clknet_leaf_16_clk,133.48
_05558_,133.26
_03826_,132.92
clknet_leaf_34_clk,132.88
clknet_leaf_10_clk,132.78
dmem.ram\[2\]\[14\],132.71
clknet_leaf_96_clk,132.24
_07213_,132.22
_02567_,132.18
_03155_,132.18
if_id_reg.Instr_Out\[1\],132.175
_01761_,132.09
_06039_,132.04
_02911_,131.92
_04550_,131.52
_04427_,131.32
_05501_,131.1
_04511_,131.06
_06173_,130.84
_05812_,130.83
_05935_,130.58
_06321_,130.52
_05403_,130.4
_04399_,130.34
_03794_,130.32
dmem.ram\[8\]\[6\],130.32
dmem.ram\[42\]\[7\],130.22
if_id_reg.Instr_Out\[4\],130.06
_05439_,129.99
_06145_,129.88
_05425_,129.76
_01649_,129.72
ex_mm_reg.RF_D2_Out\[11\],129.7
_03769_,129.67
_04371_,129.67
_07152_,129.66
_05675_,129.5
_07229_,129.24
_07133_,129.06
_03294_,128.96
_01724_,128.9
_05684_,128.84
dmem.ram\[2\]\[1\],128.815
clknet_leaf_9_clk,128.75
_02586_,128.66
_04457_,128.62
_05383_,128.54
_05435_,128.52
_06575_,128.48
_06601_,128.36
_01996_,128.34
_02104_,128
clknet_leaf_2_clk,127.96
rr_ex_reg.instr_out\[6\],127.715
_02193_,127.7
_04180_,127.68
_05764_,127.68
_05052_,127.41
_02602_,127.39
clknet_leaf_127_clk,127.23
dmem.ram\[2\]\[4\],127.105
_05702_,126.9
_02131_,126.66
_02015_,126.34
clknet_leaf_30_clk,126.3
_06194_,126.27
_05430_,126.23
dmem.ram\[44\]\[13\],126.16
_06301_,126.1
_07193_,125.88
_04068_,125.86
_05125_,125.855
_06320_,125.71
_05276_,125.66
_06868_,125.64
_01940_,125.58
ex_mm_reg.RF_D2_Out\[10\],125.52
_01933_,125.465
_03315_,125.3
_03103_,124.69
clknet_leaf_35_clk,124.1
clknet_leaf_137_clk,124.06
_04345_,123.86
dmem.ram\[44\]\[7\],123.81
_02354_,123.7
clknet_leaf_4_clk,123.44
clknet_leaf_21_clk,123.36
_04170_,123.29
_01690_,123.28
_03288_,123.28
_04698_,123.21
_07080_,123.21
_02616_,123.02
_02589_,122.93
_05085_,122.79
_06151_,122.62
_06193_,122.44
clknet_leaf_24_clk,122.4
_05587_,122.29
_07220_,122.24
clknet_leaf_87_clk,122.16
if_id_reg.Instr_Out\[3\],122.08
_04131_,122.06
_05943_,122.06
_06209_,122.04
_03314_,121.96
_01895_,121.935
_07242_,121.91
_04515_,121.83
if_id_reg.Instr_Out\[5\],121.82
_02571_,121.79
_02119_,121.76
_02025_,121.62
_03483_,121.56
clknet_leaf_88_clk,121.415
clknet_leaf_33_clk,121.375
_03780_,120.86
_06031_,120.78
_01127_,120.76
clknet_leaf_94_clk,120.76
_05306_,120.74
_03335_,120.5
_04639_,120.1
dmem.ram\[2\]\[3\],119.845
rr_ex_reg.instr_out\[2\],119.76
_05983_,119.38
_06839_,119.37
net17,119.24
dmem.ram\[42\]\[13\],119.12
clknet_leaf_107_clk,119.12
_02604_,118.66
_06225_,118.65
_07224_,118.56
clknet_leaf_117_clk,118.51
_04677_,118.5
_03980_,118.405
_06191_,118.4
dmem.ram\[42\]\[6\],118.28
_07089_,118.26
_02568_,118.09
_04955_,118
if_id_reg.Instr_Out\[15\],117.975
_07173_,117.96
_02021_,117.9
_06456_,117.86
_06573_,117.84
_05211_,117.8
_01932_,117.73
_03538_,117.64
_03649_,117.32
_06024_,117.16
_05056_,117.02
_05546_,116.9
_02177_,116.82
clknet_leaf_131_clk,116.82
dmem.ram\[44\]\[6\],116.805
_02058_,116.8
_03743_,116.66
_07061_,116.5
_04923_,116.495
dmem.ram\[2\]\[5\],116.47
clknet_leaf_18_clk,116.28
_01838_,116.16
_02212_,116.06
_03197_,116.02
_07217_,115.95
_07227_,115.92
_05998_,115.9
_03585_,115.82
_01139_,115.705
_01781_,115.48
_06362_,115.45
_05257_,115.28
_05287_,115.08
_03651_,115
_02199_,114.72
clknet_leaf_101_clk,114.72
_05682_,114.56
_03613_,114.4
clknet_leaf_17_clk,114.38
_05465_,114.36
_03588_,114.34
_03269_,114.29
_05690_,114.29
_02066_,114.27
_03530_,114.08
_06476_,114.04
_02614_,114.02
_03624_,113.78
_06427_,113.78
_06353_,113.64
_05230_,113.455
clknet_leaf_78_clk,113.455
_05872_,113.4
_05162_,113.34
clknet_leaf_92_clk,113.22
_07097_,113.21
_04738_,113.085
_02606_,112.91
clknet_leaf_42_clk,112.88
_03811_,112.65
_03276_,112.58
clknet_leaf_86_clk,112.495
_04304_,112.49
_06021_,112.46
_03969_,112.42
_06166_,112.17
_06029_,112.08
_02168_,112
clknet_leaf_132_clk,111.96
rr_ex_reg.pc_next_out\[6\],111.9
_02175_,111.88
_06338_,111.88
_03558_,111.84
_03923_,111.82
clknet_leaf_97_clk,111.82
clknet_leaf_25_clk,111.72
rr_ex_reg.instr_out\[5\],111.66
_06568_,111.54
_06620_,111.46
clknet_leaf_111_clk,111.3
_05384_,111.28
_00002_,111.25
net78,111.18
_03159_,111.16
clknet_leaf_6_clk,111.15
_02619_,111.02
clknet_leaf_36_clk,110.94
_05991_,110.93
_02695_,110.76
_03803_,110.76
_05865_,110.74
dmem.ram\[2\]\[2\],110.725
_01721_,110.68
_06155_,110.37
ex_mm_reg.RF_D2_Out\[12\],110.26
clknet_leaf_126_clk,110.22
_06207_,109.94
dmem.ram\[2\]\[0\],109.895
_05880_,109.5
_05688_,109.3
_07006_,109.26
clknet_leaf_69_clk,109.08
_01826_,108.98
_03801_,108.97
clknet_leaf_54_clk,108.86
_06144_,108.84
_04699_,108.82
_06336_,108.8
net319,108.79
_06157_,108.68
_02221_,108.62
clknet_leaf_57_clk,108.51
_07134_,108.47
_04071_,108.42
_03807_,108.19
_02050_,108.07
dmem.ram\[2\]\[13\],107.835
dmem.ram\[27\]\[11\],107.68
dmem.ram\[50\]\[9\],107.61
clknet_leaf_32_clk,107.56
_06163_,107.4
ex_mm_reg.RF_D2_Out\[14\],107.32
_07233_,107.28
clknet_leaf_141_clk,107.18
_01726_,107.16
_02484_,107.1
_02115_,107.04
_04691_,107
_07222_,106.86
_06019_,106.54
_06234_,106.52
_02572_,106.5
_03719_,106.38
_04333_,106.38
_05819_,106.26
_05063_,106.12
dmem.ram\[56\]\[9\],106.08
_05687_,105.96
ex_mm_reg.RF_D2_Out\[8\],105.8
_02574_,105.49
_02293_,105.22
_03875_,105.14
clknet_leaf_85_clk,105.08
_03363_,105.05
_02041_,105
_05268_,104.98
_05679_,104.82
dmem.ram\[42\]\[9\],104.66
_03439_,104.58
_02615_,104.47
_05181_,104.42
_01857_,104.38
_05787_,104.365
_05314_,104.34
_07231_,104.32
_05858_,104.26
_03893_,104.04
_06235_,104
_06361_,103.92
_05559_,103.64
_04296_,103.61
_06152_,103.52
_03771_,103.47
_01800_,103.46
rr_ex_reg.pc_next_out\[1\],103.34
_05527_,103.32
dmem.ram\[44\]\[15\],102.98
_03703_,102.9
_03173_,102.86
dmem.ram\[38\]\[9\],102.78
_02227_,102.67
_06905_,102.64
_05295_,102.58
_03458_,102.41
_03887_,102.36
_03387_,102.22
_03835_,102.14
_07237_,102.14
_03257_,102
_04919_,101.77
_03243_,101.72
_03830_,101.7
_02184_,101.54
rr_ex_reg.instr_out\[8\],101.52
clknet_leaf_39_clk,101.52
_01762_,101.5
clknet_leaf_108_clk,101.48
_02202_,101.33
_04338_,101.28
_02153_,101.15
_02223_,101.13
clknet_leaf_62_clk,101.1
clknet_leaf_72_clk,101.09
_05238_,101.08
_01657_,100.94
_05678_,100.8
_05681_,100.6
clknet_leaf_29_clk,100.54
_04112_,100.46
clknet_leaf_124_clk,100.05
_03604_,100.025
_05200_,100
_05844_,99.96
_03596_,99.8
dmem.ram\[14\]\[0\],99.795
_02185_,99.7
_06829_,99.64
rr_ex_reg.pc_next_out\[4\],99.56
_05127_,99.55
net42,99.5
_03321_,99.46
_03346_,99.44
_06206_,99.4
_03270_,99.33
dmem.ram\[42\]\[8\],99.06
_03211_,99.05
_01864_,98.91
clknet_leaf_120_clk,98.86
_06148_,98.64
_02147_,98.61
dmem.ram\[4\]\[6\],98.6
_03377_,98.44
_07189_,98.42
_05718_,98.405
_06908_,98.4
_06763_,98.27
_03516_,98.235
clknet_leaf_49_clk,98.22
_03280_,98.16
_06506_,98.12
rr_ex_reg.pc_next_out\[8\],97.815
_03324_,97.78
_07235_,97.7
_03632_,97.58
_05979_,97.42
dmem.ram\[60\]\[9\],97.36
_06208_,97.26
_02590_,97.16
_02064_,97.1
clknet_leaf_144_clk,96.9
_05055_,96.88
dmem.ram\[51\]\[9\],96.88
_02037_,96.86
_02565_,96.86
clknet_leaf_149_clk,96.84
_05219_,96.78
clknet_leaf_109_clk,96.765
_06886_,96.74
_01965_,96.72
dmem.ram\[62\]\[9\],96.355
clknet_leaf_73_clk,96.3
clknet_leaf_98_clk,96.22
rr_ex_reg.pc_next_out\[11\],96.145
_03223_,96.12
_03787_,96.12
_04725_,95.99
clknet_leaf_116_clk,95.985
dmem.ram\[42\]\[15\],95.98
id_rr_reg.instr_out\[8\],95.97
_01997_,95.92
_04176_,95.9
_03408_,95.85
_03311_,95.76
_07023_,95.72
_02622_,95.7
_02100_,95.66
_02285_,95.52
_06310_,95.48
_06678_,95.36
dmem.ram\[54\]\[9\],95.21
clknet_leaf_104_clk,95.095
actl.reg_write_enable_in,95.09
clknet_leaf_114_clk,95.06
dmem.ram\[46\]\[9\],95
_05119_,94.97
id_rr_reg.instr_out\[7\],94.795
_03254_,94.68
_05613_,94.62
_05727_,94.62
_05141_,94.6
_03312_,94.56
_06562_,94.54
clknet_leaf_84_clk,94.14
_03885_,94.03
id_rr_reg.instr_out\[6\],94.01
_05173_,93.88
_03730_,93.78
clknet_leaf_43_clk,93.78
_06514_,93.75
_04426_,93.72
_06035_,93.52
_03572_,93.4
_06675_,93.23
_03592_,93.06
dmem.ram\[56\]\[11\],92.78
clknet_leaf_50_clk,92.775
_05636_,92.7
_06315_,92.67
dmem.ram\[53\]\[9\],92.66
rr_ex_reg.pc_next_out\[0\],92.5
clknet_leaf_105_clk,92.495
dmem.ram\[10\]\[0\],92.48
id_rr_reg.instr_out\[9\],92.48
_05345_,92.475
_05352_,92.24
clknet_leaf_134_clk,92.24
_02893_,92.22
_04910_,92.22
net274,92.19
_02198_,91.94
_07240_,91.86
dmem.ram\[33\]\[9\],91.86
_06546_,91.84
_05863_,91.7
_05192_,91.56
_03882_,91.55
dmem.ram\[35\]\[9\],91.26
_03509_,91.075
_06564_,91.04
_04432_,90.9
_04608_,90.86
_06471_,90.86
clknet_leaf_146_clk,90.805
regfile.registerFile\[3\]\[3\],90.8
clknet_leaf_15_clk,90.8
_03296_,90.6
clknet_leaf_67_clk,90.6
_06241_,90.5
rr_ex_reg.instr_out\[0\],90.48
clknet_leaf_7_clk,90.4
clknet_leaf_31_clk,90.38
_03493_,90.35
net1181,90.18
regfile.registerFile\[2\]\[3\],90.1
_07085_,89.86
_04132_,89.78
_05333_,89.78
_02642_,89.77
_04769_,89.76
_06335_,89.72
_05868_,89.68
clknet_leaf_1_clk,89.64
_06694_,89.63
clknet_leaf_140_clk,89.435
_05363_,89.43
_06679_,89.43
clknet_leaf_81_clk,89.355
clknet_leaf_28_clk,89.28
_04555_,89.13
dmem.ram\[24\]\[12\],89.1
ex_mm_reg.Rd_Data_Out_PR\[10\],89.08
clknet_leaf_103_clk,89.08
_01967_,89.06
_03795_,89.02
_01734_,89
_06337_,88.96
_06171_,88.93
dmem.ram\[61\]\[9\],88.86
_03354_,88.84
_02241_,88.82
clknet_leaf_44_clk,88.63
_04124_,88.56
clknet_leaf_20_clk,88.56
rr_ex_reg.pc_next_out\[7\],88.48
_01739_,88.46
clknet_leaf_122_clk,88.46
_06428_,88.38
_02204_,88.14
_06331_,88.14
clknet_leaf_113_clk,88.12
_06226_,88.03
ex_mm_reg.RF_D2_Out\[3\],87.86
_02441_,87.83
_04918_,87.54
_04165_,87.52
_04033_,87.5
net55,87.32
_03661_,87.26
_02107_,86.92
mm_wb_reg.RegWrite_In,86.88
_03888_,86.84
_05139_,86.8
dmem.ram\[46\]\[6\],86.79
_03510_,86.78
_05231_,86.78
_01130_,86.705
dmem.ram\[18\]\[0\],86.62
dmem.ram\[44\]\[9\],86.58
clknet_leaf_125_clk,86.58
_04128_,86.42
dmem.ram\[44\]\[14\],86.36
_05909_,86.27
dmem.ram\[58\]\[6\],86.22
rr_ex_reg.instr_out\[1\],86.16
_07126_,86.14
_02027_,85.88
net276,85.75
_03227_,85.64
_05911_,85.53
_02188_,85.49
clknet_leaf_89_clk,85.435
_02110_,85.36
dmem.ram\[37\]\[9\],85.35
clknet_leaf_143_clk,85.32
_05876_,85.2
_05371_,85.18
_05424_,85.12
_02715_,85.1
_05364_,85.1
_06182_,84.95
if_id_reg.Instr_Out\[6\],84.86
_05452_,84.74
_03206_,84.62
id_rr_reg.instr_out\[11\],84.54
_03673_,84.46
_06318_,84.46
net260,84.46
ex_mm_reg.Rd_Data_Out_PR\[7\],84.38
dmem.ram\[12\]\[0\],84.32
_04030_,84.28
_04776_,84.28
dmem.ram\[0\]\[6\],84.24
clknet_leaf_118_clk,84.24
_04694_,84.14
dmem.ram\[42\]\[10\],84.14
_04326_,84.06
clknet_leaf_52_clk,83.92
_02311_,83.88
_03202_,83.88
_03531_,83.72
_04488_,83.7
clknet_leaf_11_clk,83.56
clknet_leaf_133_clk,83.5
_03261_,83.42
clknet_leaf_142_clk,83.42
_02123_,83.39
_06255_,83.39
clknet_leaf_77_clk,83.32
net307,83.18
clknet_leaf_128_clk,83.155
_04684_,83.15
_03225_,83.14
net1247,83.02
dmem.ram\[52\]\[9\],83
dmem.ram\[58\]\[8\],82.92
_04211_,82.88
_05154_,82.85
_06902_,82.77
clknet_leaf_65_clk,82.76
_06893_,82.42
dmem.ram\[46\]\[11\],82.38
clknet_leaf_138_clk,82.295
_04711_,82.18
_06202_,81.8
_03350_,81.78
_04198_,81.74
_03332_,81.64
_04854_,81.62
clknet_leaf_129_clk,81.61
_03235_,81.58
mm_wb_reg.RegWrite_Out,81.58
_03589_,81.56
_03878_,81.54
_03236_,81.48
_06005_,81.41
_03334_,81.33
_03663_,81.3
_05344_,81.24
_05250_,81.2
_03401_,81.17
_04701_,81.09
_05288_,81.06
_03645_,81
clknet_leaf_45_clk,80.98
_03438_,80.88
ex_mm_reg.RF_D2_Out\[7\],80.88
dmem.ram\[44\]\[11\],80.86
regfile.registerFile\[1\]\[3\],80.86
_03976_,80.82
_02613_,80.78
dmem.ram\[47\]\[10\],80.74
_05325_,80.54
_05269_,80.52
clknet_leaf_14_clk,80.52
clknet_leaf_59_clk,80.48
_03284_,80.44
_05645_,80.44
_03260_,80.22
_06446_,80.2
_04222_,80.08
_03160_,80.04
clknet_leaf_82_clk,79.96
clknet_leaf_100_clk,79.915
_01730_,79.91
_04123_,79.9
_04309_,79.9
_07116_,79.8
_06232_,79.74
_01728_,79.72
net625,79.72
_03303_,79.69
clknet_leaf_93_clk,79.66
_06290_,79.6
_02677_,79.52
if_id_reg.PC_Next_Out\[0\],79.42
clknet_leaf_115_clk,79.33
_03621_,79.28
dmem.ram\[56\]\[10\],79.22
if_id_reg.Instr_Out\[0\],79.22
clknet_leaf_130_clk,79.2
_01732_,79.1
clknet_leaf_41_clk,79.05
mm_wb_reg.Rd_Addr_Out_PR\[1\],78.74
dmem.ram\[16\]\[0\],78.68
clknet_leaf_139_clk,78.56
clknet_leaf_5_clk,78.52
_02219_,78.42
dmem.ram\[42\]\[14\],78.24
_04455_,78.16
net244,78.12
dmem.ram\[57\]\[12\],78.09
net828,78.08
_06160_,78.06
_03562_,77.98
dmem.ram\[58\]\[7\],77.74
_02767_,77.66
_04704_,77.56
_05902_,77.48
_05326_,77.38
dmem.ram\[50\]\[8\],77.18
clknet_leaf_51_clk,77.04
dmem.ram\[27\]\[9\],77.02
_04870_,76.98
dmem.ram\[42\]\[11\],76.98
dmem.ram\[63\]\[9\],76.93
_03337_,76.9
ex_mm_reg.RF_D2_Out\[0\],76.82
clknet_leaf_63_clk,76.82
ex_mm_reg.RF_D2_Out\[5\],76.7
ex_mm_reg.Rd_Data_Out_PR\[8\],76.69
_03204_,76.68
net88,76.29
rr_ex_reg.pc_next_out\[3\],76.22
_03857_,76.15
_03718_,76.08
_03287_,75.92
_04743_,75.86
_05867_,75.84
clknet_leaf_99_clk,75.84
_06897_,75.8
_06560_,75.78
_04706_,75.77
_05771_,75.76
_04685_,75.68
ex_mm_reg.RF_D2_Out\[15\],75.68
clknet_leaf_13_clk,75.68
_03208_,75.52
_05728_,75.43
_06439_,75.42
_06384_,75.37
_04321_,75.3
_02018_,75.29
_04295_,75.27
_05623_,75.24
id_rr_reg.instr_out\[10\],75.17
clknet_leaf_90_clk,75.065
_04707_,75
dmem.ram\[27\]\[14\],74.96
dmem.ram\[46\]\[8\],74.88
dmem.ram\[48\]\[9\],74.87
_04682_,74.8
clknet_leaf_91_clk,74.755
_03266_,74.74
_02053_,74.62
clknet_leaf_76_clk,74.62
clknet_leaf_38_clk,74.58
_04400_,74.575
dmem.ram\[54\]\[11\],74.55
_02067_,74.54
_03200_,74.52
_02309_,74.4
_03308_,74.4
_05632_,74.27
clknet_leaf_74_clk,74.2
_04524_,74.14
_03788_,74.12
_05701_,73.82
_03336_,73.8
dmem.ram\[2\]\[8\],73.715
dmem.ram\[47\]\[8\],73.655
clknet_leaf_40_clk,73.53
_04014_,73.5
_04614_,73.5
_02563_,73.38
_03273_,73.32
_06311_,73.28
clknet_leaf_64_clk,73.2
_03351_,72.98
_06383_,72.84
_04581_,72.8
dmem.ram\[8\]\[7\],72.8
_03285_,72.73
_05773_,72.725
_06683_,72.72
_03909_,72.7
_06254_,72.64
_03301_,72.6
_03282_,72.58
clknet_leaf_27_clk,72.5
_05005_,72.46
dmem.ram\[44\]\[8\],72.44
_03802_,72.34
_04961_,72.31
_04686_,72.3
dmem.ram\[56\]\[8\],72.28
_06044_,72.18
_04867_,72.12
clknet_leaf_53_clk,72.08
_07122_,72.04
_03166_,72
clknet_leaf_110_clk,71.94
_06354_,71.86
_03402_,71.83
_06328_,71.77
_06557_,71.74
_04449_,71.73
_02845_,71.68
_03277_,71.58
_02509_,71.55
_03349_,71.55
_05413_,71.5
_02096_,71.455
_06952_,71.44
_03263_,71.42
net87,71.41
clknet_leaf_71_clk,71.24
_07017_,71.14
_04726_,71.09
_03340_,71.08
_05040_,71.04
_05212_,70.94
ex_mm_reg.RF_D2_Out\[4\],70.72
_03015_,70.68
_06997_,70.62
dmem.ram\[50\]\[10\],70.59
_04233_,70.58
dmem.ram\[58\]\[11\],70.56
_06994_,70.54
_06444_,70.44
_03156_,70.33
clknet_leaf_61_clk,70.18
dmem.ram\[59\]\[9\],70.16
_04074_,70.12
_02868_,70
_06046_,70
_02927_,69.86
_04577_,69.82
_06682_,69.79
dmem.ram\[2\]\[9\],69.785
_06830_,69.765
dmem.ram\[6\]\[6\],69.7
_06417_,69.68
_03328_,69.57
dmem.mem_write_en,69.52
dmem.ram\[47\]\[14\],69.46
net97,69.36
net251,69.24
_03736_,69.18
_07118_,69.16
_07008_,68.94
clknet_leaf_121_clk,68.86
ex_mm_reg.Rd_Data_Out_PR\[4\],68.82
clknet_leaf_106_clk,68.76
dmem.ram\[52\]\[10\],68.68
_03422_,68.475
_05616_,68.415
_03343_,68.29
clknet_leaf_66_clk,68.17
_06479_,68.12
_06481_,68.08
_01132_,68.065
clknet_leaf_26_clk,68.04
id_rr_reg.instr_out\[4\],68
_05009_,67.98
clknet_leaf_135_clk,67.92
if_id_reg.PC_Next_Out\[1\],67.88
_05155_,67.87
_05618_,67.81
net348,67.76
_06278_,67.7
clknet_leaf_80_clk,67.68
_07079_,67.65
_04680_,67.595
_03198_,67.56
dmem.ram\[2\]\[12\],67.53
_06275_,67.5
_04105_,67.39
dmem.ram\[28\]\[1\],67.36
_03267_,67.32
_02004_,67.3
_03772_,67.16
_05046_,67.12
_04396_,67.01
_04556_,66.95
regfile.registerFile\[5\]\[0\],66.86
_03551_,66.82
_04032_,66.78
_03168_,66.68
dmem.ram\[27\]\[12\],66.56
dmem.ram\[52\]\[8\],66.54
clknet_leaf_70_clk,66.46
_05307_,66.29
_03278_,66.26
regfile.registerFile\[0\]\[2\],66.23
clknet_leaf_12_clk,66.225
_02805_,66.14
ex_mm_reg.Rd_Data_Out_PR\[9\],65.94
dmem.ram\[30\]\[15\],65.925
rr_ex_reg.pc_next_out\[10\],65.7
rr_ex_reg.pc_next_out\[9\],65.62
clknet_leaf_147_clk,65.55
dmem.ram\[23\]\[10\],65.5
dmem.ram\[47\]\[15\],65.5
id_rr_reg.instr_out\[5\],65.44
dmem.ram\[26\]\[12\],65.435
_06434_,65.385
_03697_,65.38
net595,65.22
dmem.ram\[24\]\[11\],65.2
_01124_,65.18
_03219_,65.18
_04232_,65.15
_03193_,65.1
_02823_,65.06
_06368_,65.04
_06375_,65.02
_06462_,65.02
dmem.ram\[2\]\[10\],64.85
_04583_,64.84
_07177_,64.78
_02787_,64.76
_03848_,64.76
_03995_,64.76
dmem.ram\[58\]\[15\],64.73
_06312_,64.6
_03424_,64.52
dmem.ram\[58\]\[9\],64.52
dmem.ram\[34\]\[14\],64.5
_04678_,64.42
_04895_,64.42
_05621_,64.39
_07113_,64.22
_03153_,64.2
_02150_,64.14
_03779_,64.1
_04785_,64.095
_03185_,64.02
_03162_,64
dmem.ram\[16\]\[1\],63.81
_06095_,63.8
_06985_,63.8
dmem.ram\[26\]\[11\],63.745
_04204_,63.74
_03181_,63.72
_03179_,63.68
_06405_,63.68
dmem.ram\[22\]\[15\],63.57
_04548_,63.4
dmem.ram\[10\]\[3\],63.31
dmem.ram\[8\]\[2\],63.18
dmem.ram\[50\]\[11\],63.135
dmem.ram\[44\]\[10\],63.12
_03031_,63.04
_06429_,62.965
_04313_,62.94
_02979_,62.84
dmem.ram\[62\]\[8\],62.77
id_rr_reg.instr_out\[3\],62.73
_03667_,62.68
dmem.ram\[47\]\[11\],62.46
_06327_,62.42
_07106_,62.42
_05785_,62.33
_06477_,62.32
_06995_,62.18
rr_ex_reg.pc_next_out\[2\],62.16
clknet_leaf_46_clk,62.1
net96,62.02
_03101_,61.96
dmem.ram\[49\]\[12\],61.88
_05922_,61.82
dmem.ram\[28\]\[13\],61.82
dmem.ram\[56\]\[12\],61.74
clknet_leaf_75_clk,61.64
_07171_,61.635
dmem.ram\[14\]\[1\],61.61
_03635_,61.6
_04174_,61.6
clknet_leaf_136_clk,61.6
dmem.ram\[12\]\[1\],61.54
dmem.ram\[55\]\[12\],61.52
_06411_,61.44
_07109_,61.22
_03183_,61.14
clknet_leaf_68_clk,61.14
_05499_,61.04
_04336_,60.985
_05193_,60.96
_04342_,60.95
_02439_,60.92
net261,60.77
_02163_,60.72
dmem.ram\[10\]\[1\],60.66
dmem.ram\[58\]\[10\],60.62
_02591_,60.52
_06932_,60.515
_06268_,60.5
_06483_,60.495
_06228_,60.48
_06041_,60.46
dmem.ram\[21\]\[10\],60.32
clknet_leaf_83_clk,60.22
_02788_,60.2
dmem.ram\[60\]\[8\],60.08
_03187_,59.94
_03210_,59.9
_02945_,59.87
_06222_,59.825
_03170_,59.82
dmem.ram\[30\]\[2\],59.795
dmem.ram\[56\]\[6\],59.77
_04811_,59.76
dmem.ram\[54\]\[10\],59.76
_05612_,59.62
_06940_,59.61
_03215_,59.42
_03229_,59.36
_06465_,59.3
_04142_,59.28
_07129_,59.27
ex_mm_reg.Rd_Data_Out_PR\[13\],59.22
_03690_,59.17
_05174_,59.14
ex_mm_reg.Rd_Data_Out_PR\[5\],59.12
dmem.ram\[16\]\[2\],59.1
dmem.ram\[25\]\[11\],59.08
clknet_leaf_79_clk,59.08
regfile.registerFile\[5\]\[3\],59.06
clknet_leaf_37_clk,59
_02461_,58.92
_03049_,58.86
dmem.ram\[28\]\[2\],58.74
_05916_,58.64
_06828_,58.53
_04027_,58.405
_04273_,58.36
_06960_,58.34
_03638_,58.33
dmem.ram\[63\]\[2\],58.32
_02208_,58.28
_02527_,58.28
rr_ex_reg.cntrl_out\[2\],58.22
dmem.ram\[28\]\[15\],58.16
dmem.ram\[28\]\[14\],58.15
_05874_,58.08
dmem.ram\[27\]\[15\],58.06
clknet_leaf_0_clk,58.04
dmem.ram\[33\]\[8\],58.02
dmem.ram\[54\]\[8\],58
ex_mm_reg.Rd_Data_Out_PR\[6\],57.9
_04802_,57.84
dmem.ram\[52\]\[11\],57.82
clknet_leaf_112_clk,57.82
clknet_leaf_19_clk,57.78
net458,57.7
dmem.ram\[38\]\[2\],57.69
_04392_,57.6
_06493_,57.52
dmem.ram\[35\]\[10\],57.52
dmem.ram\[38\]\[10\],57.47
ex_mm_reg.RF_D2_Out\[13\],57.42
clknet_leaf_145_clk,57.38
_03627_,57.32
_06570_,57.32
dmem.ram\[32\]\[14\],57.32
_04215_,57.3
clknet_leaf_48_clk,57.3
dmem.ram\[31\]\[14\],57.22
ex_mm_reg.Rd_Data_Out_PR\[12\],57.2
_02126_,57.11
_03618_,57.04
_06494_,57
dmem.ram\[36\]\[13\],56.89
_06284_,56.82
net223,56.68
_04329_,56.62
_02963_,56.52
_07120_,56.48
if_id_reg.PC_Next_Out\[8\],56.4
_06165_,56.31
rr_ex_reg.RF_D2_Out\[13\],56.3
_03293_,56.28
_04665_,56.26
dmem.ram\[38\]\[8\],56.26
_02154_,56.22
_06846_,56.2
_06495_,56.12
rr_ex_reg.pc_next_out\[12\],56.08
dmem.ram\[5\]\[3\],56.065
dmem.ram\[27\]\[10\],56.06
dmem.ram\[47\]\[12\],56.06
_06183_,56.02
_04696_,55.96
_02356_,55.94
_03305_,55.875
_01961_,55.84
dmem.ram\[2\]\[11\],55.815
_05754_,55.7
_06376_,55.66
_02846_,55.6
_03217_,55.6
_05772_,55.6
_04589_,55.56
_06296_,55.52
rr_ex_reg.pc_next_out\[15\],55.49
_03164_,55.42
_04602_,55.42
_04832_,55.34
_06216_,55.28
_03029_,55.26
dmem.ram\[34\]\[12\],55.26
_03189_,55.2
net248,55.14
_02716_,55.13
_03298_,55.1
dmem.ram\[24\]\[15\],55.08
dmem.ram\[37\]\[1\],55.02
_02660_,54.98
_02644_,54.92
_03842_,54.9
dmem.ram\[50\]\[6\],54.87
_03191_,54.86
_04192_,54.86
_06187_,54.71
rr_ex_reg.cntrl_out\[5\],54.64
dmem.ram\[47\]\[9\],54.62
_04063_,54.6
clknet_leaf_150_clk,54.6
dmem.ram\[7\]\[6\],54.56
dmem.ram\[23\]\[11\],54.5
regfile.registerFile\[1\]\[15\],54.5
_04788_,54.45
dmem.ram\[24\]\[13\],54.44
_02331_,54.39
dmem.ram\[26\]\[15\],54.345
dmem.ram\[37\]\[2\],54.34
_05742_,54.24
dmem.ram\[31\]\[15\],54.18
dmem.ram\[32\]\[9\],54.18
_02261_,54.08
_06114_,54.055
dmem.ram\[52\]\[2\],54.035
_02684_,53.92
_04736_,53.92
dmem.ram\[2\]\[15\],53.845
_06719_,53.82
_07124_,53.82
net57,53.78
_06676_,53.72
_04096_,53.68
_02275_,53.56
_03172_,53.56
_06391_,53.52
_07013_,53.465
_02770_,53.38
_02997_,53.35
dmem.ram\[22\]\[4\],53.33
_06393_,53.3
_03724_,53.26
net238,53.26
_04856_,53.2
dmem.ram\[30\]\[14\],53.185
_04724_,53.18
dmem.ram\[13\]\[13\],53.12
regfile.registerFile\[2\]\[15\],53.06
dmem.ram\[61\]\[2\],52.99
_06969_,52.82
dmem.ram\[58\]\[14\],52.78
_06184_,52.72
_06345_,52.72
_06807_,52.7
clknet_leaf_47_clk,52.62
dmem.ram\[38\]\[1\],52.57
_02383_,52.5
dmem.ram\[10\]\[7\],52.5
dmem.ram\[34\]\[15\],52.5
_05745_,52.44
_03364_,52.36
dmem.ram\[26\]\[14\],52.285
_05663_,52.24
dmem.ram\[25\]\[12\],52.22
_04750_,52.2
_04799_,52.16
regfile.registerFile\[1\]\[0\],52.04
_04667_,52.02
dmem.ram\[62\]\[2\],51.95
dmem.ram\[43\]\[13\],51.88
_06169_,51.855
_03234_,51.8
dmem.ram\[22\]\[13\],51.785
id_rr_reg.instr_out\[15\],51.74
_03221_,51.72
dmem.ram\[36\]\[10\],51.66
dmem.ram\[20\]\[3\],51.625
_04838_,51.48
dmem.ram\[42\]\[2\],51.3
_01951_,51.29
_04318_,51.2
_06339_,51.2
_02075_,51.12
dmem.ram\[8\]\[4\],51.12
clknet_leaf_23_clk,51.12
_06913_,51.04
_03631_,51.02
dmem.ram\[22\]\[14\],51.005
dmem.ram\[37\]\[0\],50.92
_04752_,50.84
dmem.ram\[60\]\[13\],50.8
_06945_,50.67
dmem.ram\[10\]\[6\],50.585
_06680_,50.4
_06385_,50.36
_03834_,50.28
dmem.ram\[51\]\[8\],50.26
_02628_,50.24
dmem.ram\[51\]\[10\],50.2
_06496_,50.18
dmem.ram\[22\]\[0\],50.13
_06269_,50.12
clknet_leaf_102_clk,50.12
dmem.ram\[10\]\[2\],50.075
dmem.ram\[8\]\[15\],50.04
_02257_,50.02
_04660_,50.02
_01099_,49.94
_06399_,49.9
_05628_,49.885
rr_ex_reg.pc_next_out\[5\],49.88
dmem.ram\[37\]\[12\],49.86
_04933_,49.825
_03213_,49.82
dmem.ram\[2\]\[7\],49.73
dmem.ram\[21\]\[11\],49.71
_06957_,49.66
dmem.ram\[22\]\[3\],49.39
_05648_,49.325
_04205_,49.24
_03658_,49.16
_04568_,49.16
_02894_,49.06
_03447_,49.04
dmem.ram\[25\]\[13\],49.04
_04598_,49
_03194_,48.96
dmem.ram\[32\]\[15\],48.88
dmem.ram\[35\]\[8\],48.86
_05607_,48.785
_02403_,48.78
_03948_,48.76
_06423_,48.72
dmem.ram\[35\]\[3\],48.72
dmem.ram\[62\]\[10\],48.685
dmem.ram\[36\]\[8\],48.67
_03868_,48.66
dmem.ram\[18\]\[2\],48.62
dmem.ram\[22\]\[1\],48.61
dmem.ram\[52\]\[6\],48.6
_01712_,48.56
_04395_,48.54
_04297_,48.53
_04783_,48.52
_05427_,48.48
_05917_,48.48
dmem.ram\[32\]\[7\],48.46
dmem.ram\[36\]\[15\],48.32
dmem.ram\[32\]\[10\],48.3
if_id_reg.PC_Next_Out\[14\],48.28
_06264_,48.26
dmem.ram\[22\]\[5\],48.22
_05925_,48.18
_06894_,48.17
dmem.ram\[42\]\[12\],48.12
_06936_,48.04
_04689_,48.02
_06459_,47.94
_01958_,47.92
_01737_,47.9
_06918_,47.88
_03609_,47.84
dmem.ram\[0\]\[8\],47.84
dmem.ram\[18\]\[6\],47.805
net1397,47.8
_06490_,47.76
regfile.registerFile\[6\]\[7\],47.745
_03978_,47.66
_05118_,47.66
_06237_,47.62
dmem.ram\[4\]\[10\],47.605
_01719_,47.56
if_id_reg.PC_Next_Out\[12\],47.55
_06258_,47.54
dmem.ram\[0\]\[9\],47.54
_04552_,47.52
_05755_,47.4
_06934_,47.35
_03081_,47.32
_06943_,47.3
ex_mm_reg.Rd_Data_Out_PR\[2\],47.28
dmem.ram\[61\]\[3\],47.275
dmem.ram\[17\]\[12\],47.22
_04760_,47.18
_06887_,47.14
_05656_,47.085
_04664_,47.08
_06167_,47.08
dmem.ram\[49\]\[10\],47.08
_03786_,47.06
dmem.ram\[20\]\[0\],47.06
_01133_,47.025
dmem.ram\[47\]\[13\],47.02
_05896_,47.01
dmem.ram\[26\]\[10\],46.945
_03256_,46.94
dmem.ram\[10\]\[8\],46.925
_04716_,46.88
_05661_,46.86
dmem.ram\[22\]\[10\],46.74
_06146_,46.73
_04795_,46.7
dmem.ram\[30\]\[1\],46.7
dmem.ram\[4\]\[11\],46.64
dmem.ram\[63\]\[3\],46.64
dmem.ram\[60\]\[10\],46.58
_02364_,46.54
dmem.ram\[38\]\[6\],46.525
_04044_,46.52
_04156_,46.5
ex_mm_reg.RF_D2_Out\[6\],46.48
_06696_,46.46
dmem.ram\[62\]\[3\],46.43
dmem.ram\[55\]\[13\],46.42
_03175_,46.36
dmem.ram\[26\]\[13\],46.29
_04758_,46.26
net102,46.26
if_id_reg.PC_Next_Out\[7\],46.16
_04553_,46.1
ex_mm_reg.Rd_Addr_Out_PR\[0\],46.04
_04034_,46.02
dmem.ram\[32\]\[8\],46.02
id_rr_reg.instr_out\[14\],45.98
rr_ex_reg.RF_D2_Out\[12\],45.96
_06244_,45.94
_06707_,45.86
dmem.ram\[60\]\[2\],45.85
_06271_,45.84
dmem.ram\[61\]\[15\],45.84
_05878_,45.78
dmem.ram\[21\]\[9\],45.745
_06212_,45.74
dmem.ram\[20\]\[12\],45.66
_06262_,45.58
imem.rom\[0\]\[8\],45.56
dmem.ram\[39\]\[2\],45.54
_06248_,45.4
clknet_leaf_123_clk,45.4
_03612_,45.39
dmem.ram\[63\]\[15\],45.38
_03637_,45.36
_04958_,45.36
_05730_,45.34
dmem.ram\[45\]\[13\],45.28
_06371_,45.26
dmem.ram\[25\]\[14\],45.26
dmem.ram\[37\]\[15\],45.22
_01135_,45.205
_05752_,45.16
dmem.ram\[28\]\[5\],45.105
_06431_,45
dmem.ram\[53\]\[8\],44.96
_02977_,44.86
dmem.ram\[35\]\[6\],44.76
dmem.ram\[7\]\[2\],44.76
_06498_,44.74
_05650_,44.72
dmem.ram\[24\]\[10\],44.72
dmem.ram\[50\]\[2\],44.72
_04940_,44.7
_05893_,44.7
_04566_,44.66
_04723_,44.63
regfile.registerFile\[3\]\[15\],44.58
_03789_,44.565
dmem.ram\[54\]\[4\],44.56
dmem.ram\[8\]\[8\],44.52
dmem.ram\[43\]\[2\],44.44
_06955_,44.36
dmem.ram\[36\]\[14\],44.3
dmem.ram\[49\]\[3\],44.28
_04037_,44.26
dmem.ram\[58\]\[12\],44.26
_06695_,44.24
_03684_,44.22
_05657_,44.22
_05758_,44.18
dmem.ram\[63\]\[8\],44.12
dmem.ram\[19\]\[5\],44.11
_04376_,44.1
_04912_,44
_04913_,43.95
_04196_,43.9
_05614_,43.875
_03177_,43.78
_05666_,43.685
_02413_,43.68
dmem.ram\[5\]\[6\],43.68
dmem.ram\[61\]\[8\],43.68
if_id_reg.PC_Next_Out\[9\],43.67
_05653_,43.655
_03494_,43.605
dmem.ram\[8\]\[3\],43.5
dmem.ram\[28\]\[3\],43.49
_06889_,43.46
_05602_,43.44
dmem.ram\[21\]\[13\],43.4
_05642_,43.38
_01674_,43.36
dmem.ram\[2\]\[6\],43.285
_05770_,43.275
_07131_,43.24
_06938_,43.22
_05732_,43.17
dmem.ram\[37\]\[3\],43.145
dmem.ram\[22\]\[12\],43.125
_07111_,43.12
_06282_,43.08
dmem.ram\[26\]\[3\],43.065
_05153_,43.055
_06999_,42.975
_03290_,42.94
dmem.ram\[54\]\[2\],42.9
dmem.ram\[32\]\[12\],42.88
if_id_reg.PC_Next_Out\[10\],42.88
dmem.ram\[18\]\[7\],42.625
rr_ex_reg.RF_D2_Out\[11\],42.6
regfile.registerFile\[7\]\[12\],42.56
_05735_,42.48
_03090_,42.46
_03873_,42.46
dmem.ram\[34\]\[5\],42.46
net215,42.44
_05739_,42.42
rr_ex_reg.RF_A2_Out\[0\],42.42
net53,42.42
dmem.ram\[25\]\[3\],42.4
dmem.ram\[37\]\[8\],42.36
_01131_,42.345
_01717_,42.32
dmem.ram\[4\]\[8\],42.285
_04767_,42.28
dmem.ram\[4\]\[3\],42.245
_04851_,42.24
_06697_,42.2
_02419_,42.16
_04916_,42.12
dmem.ram\[34\]\[6\],42.12
_05887_,42.11
_02925_,42.08
dmem.ram\[21\]\[12\],42.08
dmem.ram\[59\]\[12\],42.08
_03128_,42.04
_06929_,42.02
_04914_,42
dmem.ram\[28\]\[0\],41.96
dmem.ram\[36\]\[2\],41.945
dmem.ram\[33\]\[15\],41.92
_04883_,41.88
dmem.ram\[42\]\[5\],41.86
dmem.ram\[31\]\[11\],41.84
_04306_,41.82
_06377_,41.82
_06684_,41.79
dmem.ram\[17\]\[1\],41.72
dmem.ram\[20\]\[7\],41.66
dmem.ram\[21\]\[15\],41.66
regfile.registerFile\[6\]\[9\],41.66
_06915_,41.64
dmem.ram\[14\]\[2\],41.63
_04909_,41.6
_05096_,41.6
_02102_,41.57
dmem.ram\[14\]\[3\],41.525
_04930_,41.52
dmem.ram\[48\]\[2\],41.52
dmem.ram\[57\]\[13\],41.52
_03550_,41.46
dmem.ram\[36\]\[9\],41.46
_05020_,41.42
dmem.ram\[4\]\[7\],41.4
dmem.ram\[43\]\[12\],41.36
dmem.ram\[61\]\[14\],41.34
_05778_,41.32
dmem.ram\[45\]\[2\],41.32
dmem.ram\[35\]\[14\],41.27
_06256_,41.26
_02043_,41.24
_04957_,41.24
regfile.registerFile\[4\]\[7\],41.24
_03279_,41.17
_03069_,41.12
_06319_,41.12
_04705_,41.085
dmem.ram\[57\]\[2\],41
_05615_,40.985
dmem.ram\[18\]\[3\],40.97
dmem.ram\[31\]\[8\],40.96
regfile.registerFile\[1\]\[1\],40.96
_06351_,40.9
_06735_,40.85
dmem.ram\[27\]\[4\],40.82
_04945_,40.78
_05634_,40.78
dmem.ram\[49\]\[8\],40.78
_06356_,40.74
_05905_,40.72
regfile.registerFile\[5\]\[9\],40.72
_03820_,40.54
_05673_,40.54
dmem.ram\[43\]\[3\],40.54
dmem.ram\[47\]\[3\],40.5
_05640_,40.445
net1384,40.32
dmem.ram\[24\]\[14\],40.3
dmem.ram\[36\]\[7\],40.3
_02972_,40.24
dmem.ram\[32\]\[13\],40.24
dmem.ram\[35\]\[2\],40.24
dmem.ram\[22\]\[11\],40.165
dmem.ram\[27\]\[5\],40.16
mm_wb_reg.Rd_Addr_Out_PR\[0\],40.135
dmem.ram\[48\]\[12\],40.12
_04202_,39.94
_04798_,39.86
_02866_,39.82
_01714_,39.78
_04056_,39.7
dmem.ram\[34\]\[10\],39.7
dmem.ram\[57\]\[5\],39.66
_06227_,39.64
_04753_,39.62
net359,39.62
if_id_reg.PC_Next_Out\[13\],39.58
_02077_,39.54
dmem.ram\[31\]\[2\],39.54
dmem.ram\[33\]\[2\],39.48
_04547_,39.38
_02195_,39.36
_04073_,39.16
dmem.ram\[26\]\[2\],39.16
dmem.ram\[20\]\[13\],39.08
dmem.ram\[22\]\[2\],38.99
dmem.ram\[37\]\[13\],38.96
dmem.ram\[26\]\[0\],38.91
dmem.ram\[34\]\[13\],38.85
dmem.ram\[7\]\[0\],38.84
net63,38.84
dmem.ram\[9\]\[7\],38.82
net82,38.72
dmem.ram\[59\]\[3\],38.67
_02158_,38.64
_04469_,38.6
_06500_,38.6
dmem.ram\[27\]\[13\],38.57
_02803_,38.52
_03084_,38.52
_06210_,38.5
_06223_,38.5
_02352_,38.48
_06693_,38.46
dmem.ram\[55\]\[8\],38.46
_03670_,38.44
regfile.registerFile\[2\]\[1\],38.425
dmem.ram\[19\]\[4\],38.42
regfile.registerFile\[1\]\[13\],38.38
_03654_,38.37
dmem.ram\[31\]\[13\],38.26
_05726_,38.24
regfile.registerFile\[1\]\[5\],38.22
_05578_,38.18
_05749_,38.16
_04235_,38.14
_04967_,38.1
dmem.ram\[20\]\[6\],38.08
_04314_,38.04
_02910_,38
imem.rom\[12\]\[5\],37.96
dmem.ram\[4\]\[5\],37.925
dmem.ram\[47\]\[4\],37.92
dmem.ram\[58\]\[4\],37.92
dmem.ram\[39\]\[15\],37.9
_04985_,37.88
_06242_,37.88
_06744_,37.88
_04567_,37.82
_06967_,37.76
dmem.ram\[16\]\[3\],37.76
_03880_,37.72
dmem.ram\[55\]\[10\],37.72
regfile.registerFile\[3\]\[0\],37.72
_03376_,37.7
dmem.ram\[11\]\[8\],37.7
dmem.ram\[57\]\[8\],37.68
_05696_,37.665
dmem.ram\[39\]\[5\],37.65
dmem.ram\[26\]\[6\],37.525
dmem.ram\[0\]\[2\],37.52
_05782_,37.48
_04887_,37.46
_01128_,37.44
_04693_,37.42
_06233_,37.4
_04197_,37.38
_06364_,37.36
_04735_,37.225
dmem.ram\[21\]\[3\],37.21
_04803_,37.2
if_id_reg.PC_Next_Out\[6\],37.18
_05926_,37.16
_04035_,37.135
_04554_,37.12
dmem.ram\[1\]\[4\],37.12
dmem.ram\[8\]\[9\],37.06
_06756_,37.02
_04768_,36.96
_03601_,36.88
dmem.ram\[25\]\[10\],36.88
dmem.ram\[36\]\[6\],36.85
_04570_,36.84
dmem.ram\[45\]\[3\],36.825
_03196_,36.78
dmem.ram\[11\]\[4\],36.78
dmem.ram\[5\]\[12\],36.78
dmem.ram\[1\]\[13\],36.76
_02422_,36.66
regfile.registerFile\[2\]\[0\],36.635
_06457_,36.58
dmem.ram\[30\]\[11\],36.57
dmem.ram\[35\]\[5\],36.56
_06379_,36.54
regfile.registerFile\[4\]\[14\],36.53
_03014_,36.52
_04663_,36.5
_06387_,36.44
dmem.ram\[27\]\[1\],36.44
regfile.registerFile\[0\]\[8\],36.44
dmem.ram\[30\]\[12\],36.43
dmem.ram\[49\]\[2\],36.38
_03781_,36.36
_04456_,36.36
_02136_,36.32
_04676_,36.3
dmem.ram\[48\]\[3\],36.3
_04398_,36.28
dmem.ram\[61\]\[13\],36.26
dmem.ram\[48\]\[11\],36.22
_06409_,36.2
dmem.ram\[5\]\[2\],36.18
_04900_,36.1
_02063_,36.08
if_id_reg.Instr_Out\[7\],36.06
_03815_,36.04
_06250_,35.98
_04053_,35.88
_05598_,35.86
_06192_,35.84
regfile.registerFile\[3\]\[4\],35.84
_05609_,35.82
dmem.ram\[0\]\[10\],35.82
_06705_,35.8
dmem.ram\[30\]\[8\],35.765
_04702_,35.76
dmem.ram\[28\]\[11\],35.76
dmem.ram\[20\]\[10\],35.74
dmem.ram\[7\]\[5\],35.74
dmem.ram\[63\]\[14\],35.7
dmem.ram\[62\]\[6\],35.685
_06928_,35.68
_05885_,35.6
dmem.ram\[17\]\[15\],35.6
dmem.ram\[18\]\[13\],35.6
dmem.ram\[18\]\[5\],35.585
dmem.ram\[55\]\[2\],35.56
_03977_,35.52
dmem.ram\[20\]\[15\],35.52
regfile.registerFile\[1\]\[12\],35.5
dmem.ram\[32\]\[11\],35.48
net211,35.48
dmem.ram\[48\]\[8\],35.47
dmem.ram\[10\]\[11\],35.465
_06432_,35.44
regfile.registerFile\[1\]\[9\],35.42
dmem.ram\[51\]\[12\],35.36
_02346_,35.34
dmem.ram\[9\]\[10\],35.33
_03333_,35.32
dmem.ram\[52\]\[4\],35.305
_02494_,35.3
_06687_,35.3
dmem.ram\[32\]\[6\],35.3
regfile.registerFile\[7\]\[8\],35.28
rr_ex_reg.RF_A2_Out\[1\],35.275
_05631_,35.26
dmem.ram\[45\]\[8\],35.26
_07021_,35.22
dmem.ram\[19\]\[12\],35.19
_02040_,35.18
_03368_,35.14
_06722_,35.14
dmem.ram\[54\]\[14\],35.1
net207,35.1
_03591_,35.06
dmem.ram\[12\]\[3\],35.05
mm_wb_reg.Rd_Data_Out_PR\[2\],35.04
dmem.ram\[40\]\[5\],35.02
_03804_,35.015
dmem.ram\[54\]\[6\],35
_04298_,34.99
dmem.ram\[21\]\[8\],34.985
dmem.ram\[54\]\[5\],34.95
_06341_,34.94
dmem.ram\[36\]\[12\],34.94
dmem.ram\[60\]\[3\],34.925
_03075_,34.9
_04177_,34.88
dmem.ram\[13\]\[14\],34.84
_06397_,34.82
_06681_,34.82
dmem.ram\[29\]\[10\],34.82
dmem.ram\[13\]\[8\],34.805
_02291_,34.8
dmem.ram\[31\]\[6\],34.76
_05780_,34.72
_06992_,34.68
_05674_,34.64
net245,34.64
dmem.ram\[52\]\[13\],34.62
dmem.ram\[48\]\[13\],34.6
dmem.ram\[1\]\[2\],34.56
dmem.ram\[31\]\[7\],34.56
_04411_,34.52
dmem.ram\[30\]\[7\],34.49
regfile.registerFile\[5\]\[8\],34.48
dmem.ram\[27\]\[8\],34.42
dmem.ram\[5\]\[8\],34.42
rr_ex_reg.RF_D2_Out\[10\],34.4
rr_ex_reg.RF_A1_Out\[1\],34.385
dmem.ram\[40\]\[2\],34.38
dmem.ram\[41\]\[15\],34.34
regfile.registerFile\[7\]\[4\],34.34
_05641_,34.32
_06766_,34.3
_04644_,34.26
_05883_,34.26
net52,34.26
_01668_,34.24
_05913_,34.22
dmem.ram\[57\]\[14\],34.22
dmem.ram\[49\]\[13\],34.19
_02482_,34.18
_05004_,34.175
dmem.ram\[31\]\[10\],34.14
_05705_,34.105
dmem.ram\[37\]\[10\],34.1
_04086_,34.08
_03268_,34.02
dmem.ram\[9\]\[4\],34
regfile.registerFile\[0\]\[7\],34
dmem.ram\[7\]\[7\],33.98
dmem.ram\[51\]\[2\],33.88
_03232_,33.86
dmem.ram\[29\]\[15\],33.86
_04370_,33.85
dmem.ram\[13\]\[10\],33.84
dmem.ram\[49\]\[5\],33.82
dmem.ram\[48\]\[10\],33.8
dmem.ram\[11\]\[9\],33.78
_03157_,33.73
_04703_,33.7
_05870_,33.7
dmem.ram\[61\]\[0\],33.7
dmem.ram\[26\]\[8\],33.585
dmem.ram\[37\]\[7\],33.48
dmem.ram\[47\]\[6\],33.48
_04859_,33.46
_05649_,33.42
dmem.ram\[24\]\[0\],33.42
_02610_,33.38
dmem.ram\[19\]\[8\],33.36
dmem.ram\[29\]\[11\],33.28
dmem.ram\[12\]\[10\],33.27
dmem.ram\[24\]\[7\],33.26
_05660_,33.24
_02980_,33.22
_04210_,33.22
_05832_,33.22
_04965_,33.12
dmem.ram\[23\]\[13\],33.1
dmem.ram\[25\]\[15\],33.085
rr_ex_reg.RF_D1_Out\[12\],33.06
dmem.ram\[40\]\[9\],33.04
regfile.registerFile\[3\]\[9\],33.04
_02682_,33.02
regfile.registerFile\[4\]\[12\],33.02
_06718_,32.98
dmem.ram\[54\]\[1\],32.9
dmem.ram\[47\]\[7\],32.88
dmem.ram\[61\]\[1\],32.87
_01686_,32.84
regfile.registerFile\[1\]\[10\],32.74
regfile.registerFile\[4\]\[0\],32.74
regfile.registerFile\[5\]\[2\],32.72
regfile.registerFile\[5\]\[15\],32.7
_06937_,32.68
dmem.ram\[20\]\[11\],32.68
_06896_,32.66
dmem.ram\[56\]\[0\],32.66
regfile.registerFile\[6\]\[5\],32.655
_02387_,32.62
_05712_,32.62
_03819_,32.6
regfile.registerFile\[4\]\[9\],32.6
_04997_,32.58
_02428_,32.56
dmem.ram\[55\]\[3\],32.56
rr_ex_reg.RF_D1_Out\[9\],32.55
if_id_reg.PC_Next_Out\[11\],32.54
dmem.ram\[12\]\[5\],32.525
_05557_,32.5
_06488_,32.5
regfile.registerFile\[1\]\[7\],32.49
_06690_,32.48
dmem.ram\[22\]\[8\],32.47
_04793_,32.465
_02962_,32.46
dmem.ram\[62\]\[15\],32.405
dmem.ram\[13\]\[11\],32.36
_06739_,32.34
dmem.ram\[52\]\[14\],32.26
dmem.ram\[59\]\[11\],32.26
_02736_,32.22
dmem.ram\[24\]\[2\],32.22
net1021,32.22
dmem.ram\[29\]\[5\],32.21
rr_ex_reg.RF_D2_Out\[8\],32.18
_03012_,32.16
_05903_,32.16
dmem.ram\[30\]\[6\],32.085
regfile.registerFile\[0\]\[9\],32.06
dmem.ram\[45\]\[11\],32.02
ex_mm_reg.Rd_Addr_Out_PR\[2\],32.02
regfile.registerFile\[0\]\[13\],32
_04591_,31.96
_07018_,31.96
dmem.ram\[0\]\[3\],31.96
dmem.ram\[28\]\[10\],31.96
ex_mm_reg.Rd_Data_Out_PR\[1\],31.96
dmem.ram\[12\]\[2\],31.93
if_id_reg.PC_Next_Out\[15\],31.92
regfile.registerFile\[5\]\[12\],31.92
dmem.ram\[43\]\[5\],31.91
regfile.registerFile\[6\]\[6\],31.885
dmem.ram\[18\]\[10\],31.865
dmem.ram\[0\]\[4\],31.86
dmem.ram\[17\]\[13\],31.84
imem.rom\[8\]\[8\],31.84
_06962_,31.82
dmem.ram\[51\]\[3\],31.82
_06917_,31.8
_06754_,31.78
_06910_,31.76
_04810_,31.74
_03066_,31.7
_04127_,31.7
_04513_,31.7
dmem.ram\[10\]\[15\],31.665
_02095_,31.66
_03000_,31.66
_04340_,31.66
_03920_,31.62
ex_mm_reg.Rd_Data_Out_PR\[11\],31.6
_06736_,31.595
dmem.ram\[28\]\[8\],31.585
_05763_,31.56
dmem.ram\[35\]\[13\],31.55
_05047_,31.42
mm_wb_reg.Rd_Data_Out_PR\[3\],31.36
regfile.registerFile\[2\]\[5\],31.35
_06176_,31.3
dmem.ram\[27\]\[6\],31.29
dmem.ram\[41\]\[5\],31.26
_02381_,31.24
_05721_,31.24
_06412_,31.24
_02625_,31.2
_03231_,31.2
dmem.ram\[16\]\[15\],31.2
imem.rom\[0\]\[0\],31.2
dmem.ram\[38\]\[3\],31.185
dmem.ram\[16\]\[5\],31.18
regfile.registerFile\[0\]\[12\],31.18
_02675_,31.14
_06713_,31.12
dmem.ram\[24\]\[6\],31.12
_04506_,31.1
dmem.ram\[16\]\[14\],31.08
regfile.registerFile\[7\]\[14\],31.08
dmem.ram\[25\]\[9\],31.06
dmem.ram\[28\]\[7\],31.06
_06698_,31.04
dmem.ram\[36\]\[11\],31.04
dmem.ram\[50\]\[5\],31.04
_06492_,31.02
_05686_,31
dmem.ram\[19\]\[14\],31
debug_mem_data[6],30.99
_04970_,30.98
dmem.ram\[16\]\[13\],30.96
_04962_,30.94
dmem.ram\[47\]\[2\],30.93
_02047_,30.92
dmem.ram\[41\]\[9\],30.895
dmem.ram\[53\]\[14\],30.88
dmem.ram\[10\]\[4\],30.845
dmem.ram\[49\]\[4\],30.82
dmem.ram\[21\]\[7\],30.8
dmem.ram\[43\]\[0\],30.8
dmem.ram\[60\]\[6\],30.8
dmem.ram\[26\]\[1\],30.775
_03158_,30.74
_04213_,30.74
dmem.ram\[60\]\[4\],30.71
dmem.ram\[47\]\[5\],30.7
_05734_,30.68
dmem.ram\[26\]\[9\],30.665
_02483_,30.66
dmem.ram\[1\]\[3\],30.66
_06733_,30.56
dmem.ram\[27\]\[7\],30.53
_04846_,30.52
imem.rom\[11\]\[4\],30.52
regfile.registerFile\[0\]\[10\],30.52
dmem.ram\[27\]\[2\],30.5
_03633_,30.46
dmem.ram\[23\]\[3\],30.46
dmem.ram\[27\]\[3\],30.45
regfile.registerFile\[2\]\[4\],30.42
dmem.ram\[12\]\[8\],30.375
_02029_,30.32
_04751_,30.28
dmem.ram\[33\]\[12\],30.26
_05779_,30.22
_06703_,30.2
dmem.ram\[20\]\[1\],30.2
_06895_,30.18
_03088_,30.16
_04316_,30.14
dmem.ram\[5\]\[1\],30.11
_06923_,30.1
dmem.ram\[63\]\[4\],30.1
dmem.ram\[39\]\[8\],30.08
regfile.registerFile\[5\]\[11\],30.06
regfile.registerFile\[0\]\[11\],30.04
regfile.registerFile\[7\]\[1\],30.02
dmem.ram\[21\]\[14\],30
dmem.ram\[61\]\[7\],30
dmem.ram\[51\]\[4\],29.98
dmem.ram\[14\]\[7\],29.97
dmem.ram\[51\]\[5\],29.96
dmem.ram\[51\]\[6\],29.95
dmem.ram\[29\]\[14\],29.94
dmem.ram\[52\]\[5\],29.885
_06738_,29.88
_04889_,29.86
imem.rom\[12\]\[3\],29.82
net455,29.82
dmem.ram\[24\]\[9\],29.78
_03603_,29.76
dmem.ram\[24\]\[1\],29.74
dmem.ram\[25\]\[6\],29.7
dmem.ram\[40\]\[3\],29.7
dmem.ram\[14\]\[8\],29.68
dmem.ram\[14\]\[10\],29.67
dmem.ram\[19\]\[11\],29.67
_06347_,29.66
regfile.registerFile\[4\]\[4\],29.66
dmem.ram\[12\]\[6\],29.645
_03981_,29.62
_05249_,29.62
dmem.ram\[33\]\[14\],29.62
_01637_,29.585
dmem.ram\[60\]\[15\],29.58
dmem.ram\[1\]\[10\],29.56
_02538_,29.54
_03884_,29.54
_04450_,29.52
_06946_,29.46
dmem.ram\[51\]\[13\],29.46
dmem.ram\[13\]\[9\],29.445
regfile.registerFile\[5\]\[4\],29.44
_04234_,29.42
dmem.ram\[63\]\[11\],29.4
_00219_,29.375
dmem.ram\[20\]\[9\],29.34
ex_mm_reg.Rd_Addr_Out_PR\[1\],29.34
regfile.registerFile\[3\]\[7\],29.34
dmem.ram\[30\]\[13\],29.325
_06218_,29.32
dmem.ram\[16\]\[7\],29.32
_03729_,29.28
_04800_,29.28
dmem.ram\[3\]\[11\],29.28
dmem.ram\[4\]\[4\],29.25
imem.rom\[5\]\[5\],29.24
net101,29.18
dmem.ram\[38\]\[15\],29.165
dmem.ram\[16\]\[12\],29.16
dmem.ram\[24\]\[3\],29.16
_04625_,29.14
_02424_,29.12
_03828_,29.12
dmem.ram\[58\]\[13\],29.12
regfile.registerFile\[1\]\[2\],29.12
_06443_,29.1
_02825_,29.08
dmem.ram\[55\]\[4\],29.08
regfile.registerFile\[6\]\[14\],29.065
_06307_,29.06
dmem.ram\[36\]\[5\],29.05
_05608_,29.04
dmem.ram\[53\]\[13\],29.04
regfile.registerFile\[5\]\[7\],29.02
_06369_,28.98
dmem.ram\[57\]\[3\],28.94
dmem.ram\[61\]\[6\],28.9
dmem.ram\[52\]\[15\],28.88
dmem.ram\[28\]\[4\],28.865
_04898_,28.84
_06438_,28.82
rr_ex_reg.cntrl_out\[9\],28.81
_06791_,28.8
dmem.ram\[19\]\[15\],28.8
dmem.ram\[60\]\[5\],28.78
dmem.ram\[6\]\[11\],28.725
_03796_,28.72
dmem.ram\[14\]\[12\],28.665
dmem.ram\[48\]\[5\],28.66
dmem.ram\[53\]\[3\],28.625
dmem.ram\[20\]\[8\],28.605
dmem.ram\[62\]\[5\],28.585
_02359_,28.58
_04557_,28.54
_00470_,28.525
dmem.ram\[60\]\[12\],28.52
regfile.registerFile\[2\]\[6\],28.52
imem.rom\[0\]\[7\],28.44
dmem.ram\[5\]\[13\],28.4
ex_mm_reg.Instr_Out\[13\],28.4
_03639_,28.38
_06911_,28.38
dmem.ram\[25\]\[1\],28.36
dmem.ram\[5\]\[0\],28.34
dmem.ram\[10\]\[13\],28.335
_04559_,28.32
_02117_,28.3
dmem.ram\[17\]\[7\],28.3
dmem.ram\[32\]\[5\],28.3
regfile.registerFile\[7\]\[15\],28.28
_06748_,28.24
dmem.ram\[29\]\[7\],28.22
imem.rom\[12\]\[0\],28.22
_04476_,28.2
_06714_,28.19
dmem.ram\[33\]\[3\],28.15
instr_wdata[10],28.13
_06355_,28.12
dmem.ram\[39\]\[13\],28.12
dmem.ram\[15\]\[13\],28.1
dmem.ram\[50\]\[4\],28.1
dmem.ram\[60\]\[7\],28.06
dmem.ram\[37\]\[6\],28.045
dmem.ram\[57\]\[7\],28.02
_02265_,28
_05382_,28
_06916_,28
dmem.ram\[6\]\[8\],27.99
_04203_,27.98
dmem.ram\[17\]\[4\],27.98
dmem.ram\[54\]\[0\],27.98
_06794_,27.96
dmem.ram\[46\]\[13\],27.96
dmem.ram\[8\]\[10\],27.96
_04722_,27.94
_03778_,27.9
dmem.ram\[8\]\[5\],27.9
dmem.ram\[42\]\[3\],27.82
_03960_,27.8
dmem.ram\[41\]\[14\],27.78
dmem.ram\[16\]\[11\],27.74
dmem.ram\[53\]\[10\],27.72
net551,27.72
_04130_,27.68
dmem.ram\[55\]\[15\],27.68
dmem.ram\[59\]\[8\],27.68
regfile.registerFile\[3\]\[14\],27.64
dmem.ram\[23\]\[9\],27.62
dmem.ram\[37\]\[14\],27.62
dmem.ram\[16\]\[4\],27.6
dmem.ram\[1\]\[9\],27.6
_06826_,27.56
dmem.ram\[39\]\[4\],27.53
dmem.ram\[13\]\[15\],27.52
_02245_,27.48
_06360_,27.46
dmem.ram\[11\]\[11\],27.46
regfile.registerFile\[5\]\[10\],27.46
dmem.ram\[19\]\[10\],27.44
regfile.registerFile\[3\]\[11\],27.44
_06403_,27.42
dmem.ram\[3\]\[8\],27.42
_06802_,27.4
_02196_,27.36
dmem.ram\[53\]\[11\],27.36
dmem.ram\[62\]\[13\],27.36
_06670_,27.34
regfile.registerFile\[6\]\[2\],27.34
dmem.ram\[12\]\[13\],27.32
dmem.ram\[5\]\[5\],27.305
_03051_,27.3
dmem.ram\[4\]\[15\],27.3
dmem.ram\[50\]\[12\],27.28
dmem.ram\[1\]\[15\],27.2
_05722_,27.16
regfile.registerFile\[3\]\[2\],27.16
dmem.ram\[23\]\[15\],27.14
dmem.ram\[23\]\[14\],27.08
dmem.ram\[33\]\[6\],27.06
imem.rom\[13\]\[0\],27.06
net203,27.06
_03608_,27.05
dmem.ram\[50\]\[14\],27.04
imem.rom\[13\]\[5\],27.02
dmem.ram\[38\]\[4\],27.01
dmem.ram\[34\]\[11\],26.995
dmem.ram\[53\]\[6\],26.98
dmem.ram\[63\]\[13\],26.98
_04904_,26.96
_06727_,26.96
dmem.ram\[12\]\[15\],26.92
dmem.ram\[45\]\[7\],26.9
dmem.ram\[50\]\[3\],26.9
dmem.ram\[13\]\[12\],26.88
dmem.ram\[0\]\[0\],26.82
imem.rom\[13\]\[15\],26.82
dmem.ram\[25\]\[7\],26.8
regfile.registerFile\[5\]\[1\],26.78
_03064_,26.775
_05039_,26.76
_02008_,26.74
dmem.ram\[61\]\[5\],26.74
_04599_,26.72
dmem.ram\[56\]\[2\],26.72
_02374_,26.7
_04931_,26.7
dmem.ram\[40\]\[4\],26.68
dmem.ram\[57\]\[10\],26.68
regfile.registerFile\[6\]\[8\],26.67
dmem.ram\[1\]\[6\],26.66
regfile.registerFile\[0\]\[6\],26.66
imem.rom\[10\]\[9\],26.645
_02543_,26.64
regfile.registerFile\[4\]\[6\],26.64
dmem.ram\[12\]\[9\],26.63
_04482_,26.62
_04841_,26.62
dmem.ram\[5\]\[4\],26.605
_04573_,26.6
_02085_,26.54
dmem.ram\[29\]\[8\],26.525
dmem.ram\[60\]\[14\],26.52
imem.rom\[9\]\[5\],26.52
rr_ex_reg.RF_D1_Out\[10\],26.52
dmem.ram\[33\]\[13\],26.5
regfile.registerFile\[3\]\[1\],26.5
regfile.registerFile\[2\]\[14\],26.47
regfile.registerFile\[1\]\[8\],26.46
dmem.ram\[51\]\[14\],26.44
dmem.ram\[9\]\[8\],26.44
imem.rom\[12\]\[2\],26.44
_04954_,26.32
net312,26.32
_04358_,26.3
dmem.ram\[52\]\[0\],26.3
_06715_,26.26
net1334,26.26
dmem.ram\[36\]\[3\],26.245
_03259_,26.24
_04085_,26.24
dmem.ram\[34\]\[3\],26.24
rr_ex_reg.RF_D2_Out\[4\],26.2
regfile.registerFile\[0\]\[4\],26.18
_05044_,26.17
rr_ex_reg.RF_D1_Out\[0\],26.17
dmem.ram\[1\]\[8\],26.14
dmem.ram\[37\]\[11\],26.14
dmem.ram\[50\]\[0\],26.14
net103,26.14
dmem.ram\[22\]\[6\],26.13
regfile.registerFile\[6\]\[15\],26.08
dmem.ram\[14\]\[5\],26.065
dmem.ram\[39\]\[10\],26.06
_04971_,26.03
dmem.ram\[54\]\[7\],26.025
_03058_,25.98
dmem.ram\[40\]\[13\],25.98
rr_ex_reg.RF_D2_Out\[7\],25.94
_04301_,25.93
_04926_,25.9
_06724_,25.9
_05713_,25.86
_06710_,25.85
_00648_,25.84
net395,25.83
_02552_,25.78
dmem.ram\[24\]\[5\],25.78
dmem.ram\[61\]\[11\],25.78
_02738_,25.76
dmem.ram\[4\]\[13\],25.76
imem.rom\[6\]\[13\],25.75
net204,25.74
dmem.ram\[29\]\[9\],25.725
dmem.ram\[53\]\[4\],25.725
dmem.ram\[63\]\[0\],25.72
dmem.ram\[52\]\[1\],25.7
_06415_,25.68
dmem.ram\[41\]\[11\],25.68
_02901_,25.66
dmem.ram\[8\]\[13\],25.66
dmem.ram\[26\]\[5\],25.645
_03707_,25.62
_07020_,25.56
dmem.ram\[21\]\[2\],25.56
dmem.ram\[12\]\[7\],25.545
regfile.registerFile\[1\]\[11\],25.54
dmem.ram\[6\]\[4\],25.53
dmem.ram\[40\]\[8\],25.52
imem.rom\[12\]\[4\],25.5
imem.rom\[14\]\[9\],25.485
_02704_,25.48
dmem.ram\[44\]\[3\],25.475
_04868_,25.44
_06357_,25.44
dmem.ram\[18\]\[15\],25.43
_03996_,25.42
_02074_,25.4
dmem.ram\[50\]\[1\],25.36
rr_ex_reg.RF_D2_Out\[15\],25.34
_05108_,25.32
_02544_,25.3
dmem.ram\[63\]\[6\],25.3
regfile.registerFile\[1\]\[6\],25.3
_05906_,25.28
dmem.ram\[8\]\[12\],25.28
_05888_,25.26
dmem.ram\[34\]\[9\],25.26
dmem.ram\[10\]\[5\],25.245
dmem.ram\[51\]\[7\],25.24
dmem.ram\[15\]\[14\],25.22
regfile.registerFile\[3\]\[12\],25.18
dmem.ram\[51\]\[11\],25.16
if_id_reg.Instr_Out\[8\],25.16
regfile.registerFile\[0\]\[5\],25.16
_03877_,25.14
dmem.ram\[5\]\[7\],25.14
dmem.ram\[8\]\[11\],25.14
dmem.ram\[1\]\[5\],25.1
dmem.ram\[23\]\[8\],25.1
dmem.ram\[28\]\[12\],25.08
dmem.ram\[54\]\[3\],25.08
_03038_,25.06
_04952_,25.06
_05762_,25.06
dmem.ram\[33\]\[5\],25.06
dmem.ram\[60\]\[11\],25.06
_06769_,25.04
_02748_,25.02
_06322_,25.02
imem.rom\[4\]\[0\],25.02
regfile.registerFile\[7\]\[3\],25
dmem.ram\[1\]\[7\],24.96
dmem.ram\[52\]\[3\],24.95
dmem.ram\[32\]\[2\],24.9
dmem.ram\[41\]\[6\],24.9
_06489_,24.89
_06922_,24.88
dmem.ram\[46\]\[12\],24.88
dmem.ram\[46\]\[3\],24.88
imem.rom\[10\]\[2\],24.845
_04584_,24.84
imem.rom\[1\]\[4\],24.84
_01949_,24.82
_03881_,24.8
_04279_,24.8
net95,24.8
regfile.registerFile\[6\]\[4\],24.78
dmem.ram\[34\]\[7\],24.76
dmem.ram\[39\]\[11\],24.76
dmem.ram\[3\]\[10\],24.72
dmem.ram\[18\]\[4\],24.705
_04175_,24.7
_06790_,24.7
regfile.registerFile\[6\]\[3\],24.7
_04857_,24.66
_06812_,24.65
dmem.ram\[59\]\[10\],24.64
dmem.ram\[7\]\[8\],24.64
if_id_reg.PC_Next_Out\[5\],24.64
_03258_,24.62
_02101_,24.6
_03062_,24.6
dmem.ram\[5\]\[14\],24.6
_05707_,24.58
_06418_,24.58
net197,24.56
_06931_,24.54
dmem.ram\[17\]\[11\],24.52
regfile.registerFile\[6\]\[13\],24.515
dmem.ram\[36\]\[4\],24.51
_06792_,24.5
_06816_,24.48
dmem.ram\[14\]\[15\],24.47
_02777_,24.46
dmem.ram\[0\]\[5\],24.46
_02758_,24.44
_02928_,24.42
_03338_,24.42
dmem.ram\[42\]\[0\],24.42
_02081_,24.4
_04226_,24.38
_04254_,24.38
dmem.ram\[25\]\[2\],24.38
_02765_,24.36
dmem.ram\[53\]\[15\],24.34
regfile.registerFile\[4\]\[10\],24.34
dmem.ram\[25\]\[4\],24.3
rr_ex_reg.RF_D1_Out\[3\],24.3
dmem.ram\[39\]\[12\],24.26
dmem.ram\[26\]\[4\],24.25
dmem.ram\[51\]\[15\],24.24
dmem.ram\[6\]\[9\],24.205
_06813_,24.18
dmem.ram\[49\]\[7\],24.18
regfile.registerFile\[1\]\[14\],24.18
dmem.ram\[59\]\[6\],24.16
dmem.ram\[17\]\[2\],24.12
dmem.ram\[49\]\[6\],24.12
ex_mm_reg.Rd_Data_Out_PR\[14\],24.12
_05930_,24.1
dmem.ram\[20\]\[2\],24.08
dmem.ram\[30\]\[5\],24.07
dmem.ram\[62\]\[14\],24.065
_02593_,24.06
dmem.ram\[38\]\[0\],24.055
dmem.ram\[14\]\[13\],24.045
_03109_,24.04
dmem.ram\[33\]\[10\],24.04
dmem.ram\[32\]\[0\],24.02
_04317_,24
dmem.ram\[4\]\[0\],24
_05897_,23.98
dmem.ram\[0\]\[13\],23.98
dmem.ram\[23\]\[12\],23.98
dmem.ram\[48\]\[4\],23.98
dmem.ram\[59\]\[5\],23.98
_04778_,23.96
_02353_,23.94
dmem.ram\[41\]\[4\],23.94
regfile.registerFile\[4\]\[11\],23.94
imem.rom\[6\]\[12\],23.91
imem.rom\[3\]\[7\],23.9
dmem.ram\[3\]\[9\],23.88
dmem.ram\[63\]\[1\],23.88
_04337_,23.86
_07019_,23.84
dmem.ram\[48\]\[15\],23.82
rr_ex_reg.RF_D2_Out\[0\],23.81
imem.rom\[4\]\[1\],23.8
dmem.ram\[45\]\[6\],23.79
dmem.ram\[41\]\[3\],23.78
dmem.ram\[9\]\[5\],23.76
dmem.ram\[6\]\[2\],23.755
dmem.ram\[11\]\[10\],23.75
dmem.ram\[4\]\[2\],23.74
_01962_,23.66
dmem.ram\[25\]\[8\],23.62
_04649_,23.6
dmem.ram\[45\]\[10\],23.56
_02294_,23.54
_06673_,23.54
dmem.ram\[52\]\[12\],23.52
dmem.ram\[24\]\[8\],23.5
dmem.ram\[53\]\[7\],23.5
dmem.ram\[10\]\[9\],23.485
dmem.ram\[4\]\[9\],23.48
_01760_,23.42
_02745_,23.42
_03099_,23.38
_04141_,23.38
_04979_,23.38
imem.rom\[0\]\[4\],23.38
_00925_,23.3
_03844_,23.3
_06288_,23.3
net200,23.3
dmem.ram\[20\]\[4\],23.285
dmem.ram\[7\]\[15\],23.28
_06749_,23.275
dmem.ram\[6\]\[7\],23.265
_03837_,23.26
_05928_,23.26
dmem.ram\[38\]\[14\],23.225
_04510_,23.22
_06926_,23.22
dmem.ram\[45\]\[5\],23.21
regfile.registerFile\[6\]\[10\],23.2
net198,23.19
_01126_,23.18
_04749_,23.18
dmem.ram\[14\]\[6\],23.17
dmem.ram\[30\]\[4\],23.12
dmem.ram\[17\]\[3\],23.1
dmem.ram\[48\]\[6\],23.1
dmem.ram\[9\]\[3\],23.1
mem_out_mux.sel,23.1
_02941_,23.04
_06185_,23.04
_06972_,23.04
dmem.ram\[39\]\[6\],23.04
imem.rom\[3\]\[5\],23.04
dmem.ram\[12\]\[12\],23.02
_01906_,22.98
_04173_,22.98
dmem.ram\[20\]\[14\],22.98
_03529_,22.92
dmem.ram\[11\]\[7\],22.92
imem.rom\[12\]\[6\],22.92
_04551_,22.9
dmem.ram\[12\]\[11\],22.9
dmem.ram\[15\]\[11\],22.88
dmem.ram\[42\]\[4\],22.88
imem.rom\[0\]\[5\],22.88
_02437_,22.86
_02420_,22.82
dmem.ram\[58\]\[1\],22.82
_02300_,22.8
_04737_,22.8
dmem.ram\[23\]\[0\],22.78
_05706_,22.76
net1101,22.76
_03614_,22.755
dmem.ram\[37\]\[5\],22.745
_05667_,22.74
_04922_,22.705
dmem.ram\[34\]\[8\],22.7
_04826_,22.66
dmem.ram\[40\]\[0\],22.66
dmem.ram\[38\]\[7\],22.65
dmem.ram\[10\]\[10\],22.645
dmem.ram\[11\]\[6\],22.64
dmem.ram\[45\]\[14\],22.64
_03052_,22.62
dmem.ram\[35\]\[12\],22.6
dmem.ram\[13\]\[3\],22.585
dmem.ram\[6\]\[14\],22.585
_02292_,22.58
_05907_,22.58
net1241,22.58
_02937_,22.56
dmem.ram\[56\]\[5\],22.54
if_id_reg.PC_Next_Out\[4\],22.52
dmem.ram\[21\]\[5\],22.505
_04925_,22.5
dmem.ram\[17\]\[5\],22.5
dmem.ram\[41\]\[10\],22.5
rr_ex_reg.RF_D1_Out\[11\],22.48
_03979_,22.46
dmem.ram\[49\]\[11\],22.44
imem.rom\[0\]\[2\],22.4
imem.rom\[4\]\[5\],22.4
_04558_,22.385
_05689_,22.38
dmem.ram\[23\]\[1\],22.38
id_rr_reg.instr_out\[12\],22.38
_02806_,22.34
_03330_,22.34
net201,22.34
imem.rom\[11\]\[14\],22.32
dmem.ram\[13\]\[5\],22.305
_02170_,22.3
dmem.ram\[40\]\[10\],22.28
id_rr_reg.instr_out\[2\],22.28
dmem.ram\[36\]\[1\],22.26
_03595_,22.24
regfile.registerFile\[7\]\[11\],22.24
_06809_,22.23
regfile.registerFile\[0\]\[3\],22.22
_04357_,22.2
dmem.ram\[59\]\[7\],22.2
rr_ex_reg.RF_D2_Out\[9\],22.19
_02209_,22.18
dmem.ram\[31\]\[12\],22.18
dmem.ram\[57\]\[0\],22.18
rr_ex_reg.RF_D1_Out\[1\],22.18
dmem.ram\[44\]\[5\],22.165
_02389_,22.16
dmem.ram\[28\]\[6\],22.16
net1332,22.16
regfile.registerFile\[3\]\[10\],22.13
_03118_,22.12
regfile.registerFile\[0\]\[1\],22.12
imem.rom\[7\]\[4\],22.1
dmem.ram\[41\]\[8\],22.06
_02974_,22.04
dmem.ram\[43\]\[6\],22.04
_05024_,22.02
dmem.ram\[17\]\[6\],22.02
dmem.ram\[61\]\[12\],22.02
_02656_,22
dmem.ram\[39\]\[3\],21.98
dmem.ram\[14\]\[4\],21.965
imem.rom\[7\]\[14\],21.96
net278,21.96
dmem.ram\[19\]\[6\],21.94
imem.rom\[8\]\[11\],21.94
net422,21.94
dmem.ram\[25\]\[5\],21.92
dmem.ram\[57\]\[6\],21.92
imem.rom\[6\]\[0\],21.89
dmem.ram\[10\]\[14\],21.885
dmem.ram\[43\]\[10\],21.86
imem.rom\[9\]\[6\],21.86
_04830_,21.84
dmem.ram\[6\]\[10\],21.825
_06834_,21.82
_01966_,21.8
_04766_,21.8
regfile.registerFile\[4\]\[1\],21.8
dmem.ram\[15\]\[3\],21.795
_04057_,21.78
dmem.ram\[19\]\[9\],21.76
dmem.ram\[9\]\[6\],21.7
_02306_,21.66
_04670_,21.66
_05740_,21.62
dmem.ram\[47\]\[0\],21.61
_01963_,21.6
_02953_,21.58
_04352_,21.58
_06721_,21.58
dmem.ram\[4\]\[14\],21.56
dmem.ram\[50\]\[13\],21.56
net709,21.54
imem.rom\[3\]\[0\],21.52
imem.rom\[0\]\[15\],21.5
_02231_,21.48
dmem.ram\[56\]\[14\],21.46
imem.rom\[15\]\[9\],21.46
dmem.ram\[48\]\[7\],21.44
dmem.ram\[62\]\[11\],21.425
imem.rom\[13\]\[1\],21.42
dmem.ram\[6\]\[5\],21.39
imem.rom\[8\]\[10\],21.38
_03097_,21.36
dmem.ram\[14\]\[14\],21.345
_04792_,21.34
_04637_,21.32
if_id_reg.PC_Next_Out\[2\],21.3
imem.rom\[7\]\[1\],21.3
dmem.ram\[13\]\[2\],21.26
dmem.ram\[16\]\[6\],21.26
dmem.ram\[31\]\[4\],21.26
dmem.ram\[34\]\[2\],21.26
dmem.ram\[54\]\[12\],21.24
dmem.ram\[29\]\[13\],21.22
_04343_,21.2
dmem.ram\[15\]\[5\],21.2
_04893_,21.18
_03057_,21.16
_04951_,21.16
regfile.registerFile\[3\]\[8\],21.16
regfile.registerFile\[6\]\[0\],21.155
_04481_,21.12
dmem.ram\[18\]\[12\],21.105
_02307_,21.1
dmem.ram\[5\]\[15\],21.1
dmem.ram\[23\]\[2\],21.09
_03289_,21.08
_04300_,21.08
dmem.ram\[1\]\[11\],21.08
dmem.ram\[40\]\[6\],21.08
dmem.ram\[4\]\[1\],21.08
imem.rom\[7\]\[5\],21.08
_04452_,21.04
regfile.registerFile\[4\]\[8\],21.02
dmem.ram\[59\]\[15\],21
regfile.registerFile\[4\]\[2\],21
dmem.ram\[0\]\[14\],20.98
imem.rom\[8\]\[14\],20.97
regfile.registerFile\[7\]\[7\],20.96
dmem.ram\[5\]\[11\],20.94
_05672_,20.92
imem.rom\[13\]\[13\],20.92
net875,20.92
imem.rom\[10\]\[14\],20.89
dmem.ram\[20\]\[5\],20.885
_03972_,20.88
regfile.registerFile\[7\]\[9\],20.88
imem.rom\[10\]\[13\],20.83
_01513_,20.825
_02378_,20.82
_03641_,20.8
_04988_,20.8
_06276_,20.8
_05697_,20.78
dmem.ram\[18\]\[8\],20.745
_04594_,20.7
dmem.ram\[56\]\[4\],20.7
_03883_,20.64
_03886_,20.6
_01974_,20.58
_05601_,20.56
dmem.ram\[3\]\[6\],20.54
_01859_,20.52
_04876_,20.5
_06745_,20.5
dmem.ram\[43\]\[1\],20.5
dmem.ram\[43\]\[9\],20.5
_02316_,20.46
_02655_,20.46
_03226_,20.46
_06195_,20.46
dmem.ram\[53\]\[12\],20.46
_05036_,20.44
imem.rom\[15\]\[10\],20.44
net355,20.44
net1268,20.44
dmem.ram\[7\]\[14\],20.4
regfile.registerFile\[5\]\[13\],20.4
dmem.ram\[29\]\[4\],20.385
_04236_,20.36
dmem.ram\[61\]\[4\],20.36
dmem.ram\[18\]\[14\],20.345
imem.rom\[7\]\[0\],20.34
_03068_,20.32
_06990_,20.32
dmem.ram\[56\]\[7\],20.32
dmem.ram\[8\]\[1\],20.32
_04681_,20.3
_06086_,20.3
imem.rom\[13\]\[3\],20.3
_02282_,20.28
_02426_,20.28
dmem.ram\[59\]\[14\],20.28
_02814_,20.26
_04129_,20.26
dmem.ram\[15\]\[10\],20.26
clknet_leaf_56_clk,20.24
_02631_,20.2
dmem.ram\[7\]\[9\],20.2
_03593_,20.19
_03134_,20.16
dmem.ram\[8\]\[14\],20.16
rr_ex_reg.RF_A1_Out\[0\],20.16
_04520_,20.14
imem.rom\[11\]\[9\],20.14
imem.rom\[4\]\[2\],20.14
dmem.ram\[39\]\[1\],20.13
_03132_,20.12
_03791_,20.12
dmem.ram\[45\]\[15\],20.12
imem.rom\[1\]\[10\],20.12
_02069_,20.1
_03943_,20.1
_04387_,20.1
imem.rom\[8\]\[9\],20.1
dmem.ram\[29\]\[12\],20.09
_04412_,20.08
dmem.ram\[43\]\[7\],20.08
_01797_,20.06
_04896_,20.06
imem.rom\[12\]\[12\],20.06
_01763_,20.04
dmem.ram\[63\]\[12\],20.04
net1134,20.04
_07244_,20.02
regfile.registerFile\[6\]\[1\],20.015
imem.rom\[0\]\[1\],20.01
dmem.ram\[43\]\[14\],19.96
dmem.ram\[45\]\[1\],19.96
ex_mm_reg.Instr_Out\[12\],19.96
id_rr_reg.instr_out\[1\],19.96
ex_mm_reg.ALU_Result_Out\[2\],19.945
_05409_,19.94
_06781_,19.94
dmem.ram\[19\]\[7\],19.94
_05912_,19.92
_06847_,19.92
dmem.ram\[11\]\[13\],19.9
_03136_,19.89
_06304_,19.88
dmem.ram\[22\]\[7\],19.865
dmem.ram\[60\]\[0\],19.86
imem.rom\[8\]\[7\],19.86
dmem.ram\[30\]\[0\],19.845
imem.rom\[12\]\[13\],19.84
imem.rom\[13\]\[8\],19.84
_00882_,19.825
_02540_,19.82
_04835_,19.79
regfile.registerFile\[2\]\[10\],19.74
imem.rom\[0\]\[12\],19.72
imem.rom\[6\]\[7\],19.705
_06726_,19.7
regfile.registerFile\[0\]\[14\],19.7
_04576_,19.66
dmem.ram\[6\]\[12\],19.66
dmem.ram\[8\]\[0\],19.66
dmem.ram\[13\]\[0\],19.62
dmem.ram\[52\]\[7\],19.62
imem.rom\[7\]\[11\],19.62
_06948_,19.6
dmem.ram\[19\]\[2\],19.58
dmem.ram\[56\]\[13\],19.58
imem.rom\[8\]\[5\],19.58
regfile.registerFile\[5\]\[5\],19.58
_02583_,19.54
dmem.ram\[15\]\[15\],19.54
dmem.ram\[15\]\[2\],19.54
_04302_,19.52
rr_ex_reg.RF_A1_Out\[2\],19.52
_02887_,19.5
imem.rom\[7\]\[12\],19.5
net84,19.5
dmem.ram\[3\]\[13\],19.48
dmem.ram\[18\]\[9\],19.465
_06759_,19.46
dmem.ram\[12\]\[14\],19.46
_04818_,19.44
imem.rom\[13\]\[12\],19.44
net713,19.44
dmem.ram\[12\]\[4\],19.435
_05744_,19.42
_05784_,19.42
imem.rom\[7\]\[3\],19.42
regfile.registerFile\[6\]\[12\],19.415
net1135,19.4
_06467_,19.36
_06924_,19.36
dmem.ram\[35\]\[4\],19.36
regfile.registerFile\[7\]\[6\],19.36
regfile.registerFile\[2\]\[2\],19.355
_04036_,19.34
_04075_,19.34
_06750_,19.3
dmem.ram\[45\]\[9\],19.3
_05747_,19.28
rr_ex_reg.instr_out\[11\],19.28
dmem.ram\[38\]\[5\],19.27
dmem.ram\[41\]\[12\],19.27
_06485_,19.26
dmem.ram\[11\]\[14\],19.26
dmem.ram\[46\]\[5\],19.24
dmem.ram\[46\]\[7\],19.24
regfile.registerFile\[5\]\[14\],19.24
_03104_,19.22
_04829_,19.22
_05025_,19.22
dmem.ram\[43\]\[15\],19.22
dmem.ram\[44\]\[0\],19.22
dmem.ram\[15\]\[0\],19.2
_06689_,19.18
dmem.ram\[32\]\[3\],19.18
regfile.registerFile\[3\]\[5\],19.18
_04031_,19.16
_04894_,19.16
dmem.ram\[11\]\[12\],19.16
dmem.ram\[7\]\[1\],19.13
_06806_,19.12
_06899_,19.12
imem.rom\[2\]\[14\],19.09
rr_ex_reg.RF_D1_Out\[8\],19.09
_02267_,19.08
regfile.registerFile\[4\]\[13\],19.08
net678,19.08
_01964_,19.06
_02550_,19.06
_05655_,19.06
_06372_,19.06
dmem.ram\[41\]\[2\],19.06
_04839_,19.05
imem.rom\[12\]\[1\],19.04
_04806_,19.02
dmem.ram\[4\]\[12\],19
dmem.ram\[9\]\[9\],19
imem.rom\[8\]\[13\],19
_04463_,18.98
_05042_,18.98
dmem.ram\[34\]\[0\],18.98
dmem.ram\[63\]\[10\],18.98
_02003_,18.96
imem.rom\[11\]\[0\],18.96
regfile.registerFile\[2\]\[11\],18.95
_02448_,18.94
_03452_,18.94
_06348_,18.94
dmem.ram\[39\]\[14\],18.94
imem.rom\[12\]\[15\],18.94
dmem.ram\[56\]\[15\],18.92
_04199_,18.9
_04771_,18.9
_06729_,18.9
_03773_,18.88
_04606_,18.88
_06706_,18.88
imem.rom\[2\]\[6\],18.865
dmem.ram\[7\]\[13\],18.86
if_id_reg.PC_Next_Out\[3\],18.86
dmem.ram\[30\]\[3\],18.845
dmem.ram\[33\]\[7\],18.84
regfile.registerFile\[6\]\[11\],18.84
dmem.ram\[1\]\[0\],18.82
imem.rom\[0\]\[10\],18.82
imem.rom\[6\]\[2\],18.805
_02835_,18.8
_04509_,18.8
regfile.registerFile\[7\]\[13\],18.8
net1370,18.8
_04266_,18.78
dmem.ram\[31\]\[1\],18.78
dmem.ram\[44\]\[1\],18.78
dmem.ram\[57\]\[15\],18.78
imem.rom\[4\]\[7\],18.78
imem.rom\[8\]\[12\],18.78
_01432_,18.765
_05347_,18.76
_03590_,18.74
_05944_,18.74
dmem.ram\[7\]\[11\],18.74
_04218_,18.72
net252,18.72
dmem.ram\[1\]\[1\],18.7
regfile.registerFile\[7\]\[10\],18.7
dmem.ram\[53\]\[5\],18.685
_05396_,18.68
_05647_,18.68
dmem.ram\[3\]\[1\],18.68
_00311_,18.665
dmem.ram\[22\]\[9\],18.665
imem.rom\[11\]\[2\],18.66
_04528_,18.64
imem.rom\[1\]\[1\],18.64
imem.rom\[14\]\[13\],18.63
_04023_,18.62
_06778_,18.62
imem.rom\[4\]\[13\],18.62
_05235_,18.6
imem.rom\[0\]\[9\],18.6
dmem.ram\[15\]\[8\],18.58
dmem.ram\[17\]\[14\],18.58
_02435_,18.56
_02766_,18.56
dmem.ram\[43\]\[4\],18.56
ex_mm_reg.Rd_Data_Out_PR\[15\],18.56
_03121_,18.54
_04349_,18.52
dmem.ram\[50\]\[7\],18.52
dmem.ram\[9\]\[2\],18.52
_05606_,18.5
_03087_,18.48
dmem.ram\[7\]\[3\],18.48
net720,18.46
dmem.ram\[6\]\[13\],18.44
_06818_,18.4
rr_ex_reg.RF_D1_Out\[14\],18.4
regfile.registerFile\[2\]\[9\],18.395
_03264_,18.36
imem.rom\[3\]\[13\],18.36
_04048_,18.34
imem.rom\[11\]\[5\],18.34
imem.rom\[3\]\[6\],18.34
dmem.ram\[13\]\[4\],18.325
imem.rom\[10\]\[12\],18.325
_04934_,18.32
_05984_,18.32
dmem.ram\[0\]\[1\],18.32
imem.rom\[4\]\[4\],18.32
dmem.ram\[3\]\[14\],18.29
_00479_,18.285
dmem.ram\[19\]\[0\],18.28
regfile.registerFile\[7\]\[0\],18.28
_01590_,18.245
dmem.ram\[3\]\[3\],18.24
_04560_,18.22
_05892_,18.22
dmem.ram\[35\]\[1\],18.22
imem.rom\[10\]\[11\],18.205
_02732_,18.18
_07009_,18.16
dmem.ram\[63\]\[7\],18.16
imem.rom\[2\]\[4\],18.145
regfile.registerFile\[0\]\[15\],18.14
_05000_,18.12
dmem.ram\[33\]\[4\],18.12
imem.rom\[13\]\[2\],18.12
net226,18.12
_04255_,18.1
_04905_,18.1
net487,18.1
_06793_,18.08
dmem.ram\[23\]\[7\],18.08
imem.rom\[12\]\[14\],18.08
imem.rom\[10\]\[3\],18.065
_05766_,18.04
_04067_,18.02
_05169_,18.02
dmem.ram\[13\]\[6\],18.005
dmem.ram\[43\]\[11\],18
dmem.ram\[55\]\[1\],18
dmem.ram\[39\]\[7\],17.98
_01954_,17.96
_04812_,17.96
_04907_,17.96
_01899_,17.94
_04772_,17.94
_06404_,17.94
imem.rom\[0\]\[13\],17.94
dmem.ram\[23\]\[5\],17.92
rr_ex_reg.cntrl_out\[8\],17.92
dmem.ram\[3\]\[15\],17.9
regfile.registerFile\[2\]\[12\],17.9
net169,17.9
dmem.ram\[45\]\[12\],17.88
dmem.ram\[5\]\[9\],17.88
_00256_,17.865
dmem.ram\[32\]\[4\],17.86
imem.rom\[4\]\[9\],17.84
dmem.ram\[15\]\[9\],17.82
dmem.ram\[29\]\[2\],17.8
_01852_,17.78
_04274_,17.78
_05001_,17.78
ex_mm_reg.Rd_Data_Out_PR\[0\],17.78
dmem.ram\[26\]\[7\],17.745
_06731_,17.72
dmem.ram\[0\]\[15\],17.72
dmem.ram\[49\]\[0\],17.7
id_rr_reg.instr_out\[0\],17.7
imem.rom\[3\]\[2\],17.7
_03806_,17.68
dmem.ram\[31\]\[5\],17.66
dmem.ram\[6\]\[3\],17.645
_04514_,17.64
net958,17.64
_06700_,17.62
net205,17.62
imem.rom\[14\]\[10\],17.605
dmem.ram\[6\]\[15\],17.6
rr_ex_reg.RF_D2_Out\[2\],17.6
_04193_,17.58
_01566_,17.565
_06552_,17.56
_03706_,17.54
_05242_,17.54
_02408_,17.52
dmem.ram\[35\]\[15\],17.52
imem.rom\[12\]\[7\],17.52
_03154_,17.5
_01151_,17.485
_02870_,17.48
_03872_,17.48
_04710_,17.48
_04843_,17.48
dmem.ram\[11\]\[0\],17.48
_06424_,17.46
dmem.ram\[44\]\[12\],17.46
dmem.ram\[16\]\[8\],17.44
dmem.ram\[55\]\[7\],17.44
_04070_,17.42
dmem.ram\[21\]\[4\],17.405
imem.rom\[12\]\[8\],17.4
net901,17.4
dmem.ram\[59\]\[0\],17.38
dmem.ram\[9\]\[11\],17.38
imem.rom\[0\]\[14\],17.38
imem.rom\[8\]\[1\],17.38
_05665_,17.36
dmem.ram\[23\]\[4\],17.36
imem.rom\[9\]\[1\],17.36
dmem.ram\[17\]\[8\],17.34
dmem.ram\[3\]\[5\],17.32
imem.rom\[14\]\[0\],17.29
_02592_,17.28
_03691_,17.28
dmem.ram\[41\]\[0\],17.28
dmem.ram\[9\]\[12\],17.28
imem.rom\[6\]\[5\],17.245
_05297_,17.24
_06365_,17.24
dmem.ram\[46\]\[0\],17.24
zero_flag_port,17.23
instr_wdata[9],17.22
dmem.ram\[38\]\[13\],17.21
imem.rom\[10\]\[4\],17.21
_03782_,17.2
dmem.ram\[46\]\[2\],17.185
dmem.ram\[59\]\[2\],17.18
_02189_,17.16
_06420_,17.16
regfile.registerFile\[3\]\[13\],17.16
net597,17.16
_01289_,17.145
_06406_,17.14
dmem.ram\[16\]\[10\],17.12
_03112_,17.1
imem.rom\[7\]\[13\],17.1
imem.rom\[4\]\[3\],17.08
imem.rom\[0\]\[3\],17.06
dmem.ram\[55\]\[5\],17.04
_02755_,17.02
_06814_,17.02
imem.rom\[13\]\[6\],17.02
_03967_,17
_04126_,17
dmem.ram\[40\]\[14\],17
net820,17
rr_ex_reg.RF_D1_Out\[6\],16.99
_04172_,16.98
_06787_,16.98
dmem.ram\[38\]\[11\],16.97
_04045_,16.96
dmem.ram\[21\]\[6\],16.96
_04964_,16.94
dmem.ram\[56\]\[3\],16.94
dmem.ram\[37\]\[4\],16.92
imem.rom\[1\]\[11\],16.92
_01047_,16.905
_04286_,16.9
_04875_,16.9
dmem.ram\[36\]\[0\],16.9
net1388,16.9
regfile.registerFile\[2\]\[8\],16.89
_06742_,16.865
_06982_,16.86
regfile.registerFile\[7\]\[2\],16.86
net626,16.86
net1259,16.86
dmem.ram\[41\]\[13\],16.84
rr_ex_reg.instr_out\[10\],16.84
net1272,16.84
dmem.ram\[49\]\[15\],16.82
dmem.ram\[38\]\[12\],16.805
dmem.ram\[21\]\[1\],16.8
net250,16.8
_03367_,16.78
_05178_,16.78
_02879_,16.76
_06380_,16.76
dmem.ram\[3\]\[0\],16.76
_01619_,16.745
imem.rom\[8\]\[4\],16.74
_03127_,16.72
_05881_,16.7
dmem.ram\[62\]\[1\],16.7
imem.rom\[0\]\[11\],16.695
imem.rom\[14\]\[6\],16.685
_05776_,16.68
_06422_,16.68
_06591_,16.68
net501,16.68
_05711_,16.66
dmem.ram\[3\]\[12\],16.66
net1266,16.66
imem.rom\[10\]\[1\],16.645
imem.rom\[2\]\[7\],16.645
_07000_,16.64
_00765_,16.625
_06004_,16.62
_06964_,16.62
net1283,16.62
dmem.ram\[7\]\[10\],16.6
net1310,16.6
_03784_,16.58
net432,16.58
_04984_,16.56
_06671_,16.56
_06977_,16.56
dmem.ram\[24\]\[4\],16.56
imem.rom\[1\]\[13\],16.56
imem.rom\[7\]\[10\],16.56
_02303_,16.52
_04017_,16.52
_00018_,16.505
_02812_,16.5
_03617_,16.5
dmem.ram\[34\]\[4\],16.5
_02819_,16.48
net154,16.48
rr_ex_reg.instr_out\[3\],16.47
_02735_,16.44
imem.rom\[4\]\[6\],16.44
_06224_,16.42
_06758_,16.42
_06022_,16.38
dmem.ram\[9\]\[15\],16.37
dmem.ram\[44\]\[2\],16.34
_04453_,16.32
imem.rom\[8\]\[0\],16.32
_01462_,16.305
_05720_,16.3
_05811_,16.3
_06935_,16.3
dmem.ram\[31\]\[9\],16.3
net887,16.3
_02808_,16.28
_04363_,16.28
dmem.ram\[40\]\[7\],16.28
dmem.ram\[46\]\[10\],16.28
_03916_,16.26
_06277_,16.26
dmem.ram\[59\]\[4\],16.26
net972,16.26
ex_mm_reg.Rd_Data_Out_PR\[3\],16.24
regfile.registerFile\[5\]\[6\],16.24
_01338_,16.225
_05166_,16.22
dmem.ram\[40\]\[1\],16.22
regfile.registerFile\[4\]\[5\],16.22
dmem.ram\[21\]\[0\],16.21
_01416_,16.205
_04383_,16.2
_05838_,16.2
rr_ex_reg.cntrl_out\[0\],16.2
net256,16.18
net408,16.18
dmem.ram\[18\]\[1\],16.16
imem.rom\[3\]\[3\],16.12
mm_wb_reg.Rd_Addr_Out_PR\[2\],16.12
net441,16.12
_02617_,16.1
_02797_,16.1
_04973_,16.1
dmem.ram\[19\]\[13\],16.1
imem.rom\[15\]\[3\],16.1
imem.rom\[4\]\[14\],16.1
net493,16.1
_00213_,16.085
_04878_,16.08
_00750_,16.06
dmem.ram\[27\]\[0\],16.06
net435,16.06
net700,16.06
dmem.ram\[40\]\[12\],16.04
_02434_,16.02
_02446_,16.02
_04580_,16.02
_02054_,16.01
regfile.registerFile\[2\]\[13\],16.01
_04369_,16
_04865_,16
dmem.ram\[49\]\[1\],16
debug_reg_addr[2],15.99
_01272_,15.985
_02314_,15.98
_04364_,15.98
_05761_,15.98
ex_mm_reg.Instr_Out\[15\],15.98
_07197_,15.94
dmem.ram\[1\]\[12\],15.94
ex_mm_reg.Instr_Out\[14\],15.94
imem.rom\[9\]\[11\],15.92
regfile.registerFile\[4\]\[15\],15.92
_04816_,15.9
_04251_,15.88
dmem.ram\[5\]\[10\],15.88
_04341_,15.86
_05683_,15.86
net305,15.86
net1044,15.86
imem.rom\[8\]\[3\],15.85
_02650_,15.84
_03640_,15.84
_05289_,15.84
_05639_,15.84
imem.rom\[8\]\[6\],15.84
imem.rom\[10\]\[0\],15.805
_02689_,15.8
_02891_,15.8
_04820_,15.8
_07088_,15.8
dmem.ram\[14\]\[11\],15.785
_05848_,15.78
_05937_,15.78
dmem.ram\[45\]\[0\],15.78
dmem.ram\[58\]\[3\],15.78
rr_ex_reg.RF_D1_Out\[2\],15.78
imem.rom\[14\]\[15\],15.765
_03032_,15.76
_03076_,15.76
dmem.ram\[55\]\[14\],15.76
dmem.ram\[62\]\[7\],15.75
_04249_,15.74
dmem.ram\[53\]\[0\],15.715
_04715_,15.7
_05202_,15.7
net816,15.7
imem.rom\[6\]\[14\],15.685
_02896_,15.68
_04244_,15.68
imem.rom\[12\]\[10\],15.68
rr_ex_reg.pc_next_out\[13\],15.68
net506,15.68
_01787_,15.64
_04525_,15.64
_06732_,15.64
dmem.ram\[15\]\[7\],15.64
_05359_,15.62
dmem.ram\[0\]\[11\],15.62
_02751_,15.6
_05625_,15.6
dmem.ram\[51\]\[0\],15.6
_04152_,15.58
_04858_,15.58
_04929_,15.58
imem.rom\[6\]\[15\],15.545
net1154,15.54
_04953_,15.52
dmem.ram\[35\]\[7\],15.52
dmem.ram\[41\]\[1\],15.52
net1243,15.52
_05904_,15.5
_06773_,15.495
_02647_,15.48
_06821_,15.48
net1392,15.48
dmem.ram\[41\]\[7\],15.46
net344,15.46
net360,15.46
_05662_,15.44
dmem.ram\[11\]\[3\],15.44
imem.rom\[3\]\[12\],15.44
_01056_,15.425
imem.rom\[5\]\[4\],15.42
_03345_,15.38
net196,15.38
_05135_,15.36
_05768_,15.36
_02502_,15.34
_03357_,15.34
_04191_,15.34
_06777_,15.34
net492,15.34
imem.rom\[3\]\[14\],15.32
_02239_,15.3
_05774_,15.3
_06626_,15.3
dmem.ram\[15\]\[12\],15.3
_05786_,15.28
dmem.ram\[11\]\[5\],15.28
dmem.ram\[58\]\[2\],15.28
net425,15.28
_02532_,15.26
_02757_,15.26
_03805_,15.26
dmem.ram\[55\]\[6\],15.26
imem.rom\[9\]\[7\],15.26
net596,15.26
_06085_,15.24
_00266_,15.225
_02033_,15.22
rr_ex_reg.RF_A2_Out\[2\],15.22
_01959_,15.18
_06677_,15.18
_02001_,15.16
instr_wdata[1],15.16
net893,15.16
_02573_,15.14
dmem.ram\[35\]\[11\],15.14
dmem.ram\[47\]\[1\],15.14
imem.rom\[5\]\[0\],15.14
dmem.ram\[61\]\[10\],15.1
imem.rom\[9\]\[4\],15.1
net237,15.1
net1179,15.1
_05017_,15.095
_03114_,15.08
net454,15.08
imem.rom\[14\]\[4\],15.065
imem.rom\[3\]\[15\],15.06
net481,15.04
_02152_,15.02
_02763_,15.02
_05114_,15.02
dmem.ram\[1\]\[14\],15.02
net290,15.01
_02734_,15
_04763_,14.98
imem.rom\[3\]\[1\],14.98
net236,14.96
net530,14.94
_05693_,14.92
_05781_,14.92
_05815_,14.92
net1284,14.92
_06582_,14.9
imem.rom\[11\]\[7\],14.9
net836,14.9
_00697_,14.88
_04189_,14.88
dmem.ram\[29\]\[0\],14.88
net50,14.88
imem.rom\[14\]\[2\],14.865
_04821_,14.86
_06064_,14.86
dmem.ram\[53\]\[1\],14.84
dmem.ram\[10\]\[12\],14.825
dmem.ram\[31\]\[3\],14.82
_06686_,14.805
imem.rom\[6\]\[6\],14.805
_03968_,14.8
_04242_,14.8
_06920_,14.8
mm_wb_reg.Rd_Data_Out_PR\[4\],14.8
net762,14.8
_03251_,14.78
_02989_,14.76
imem.rom\[13\]\[4\],14.76
net339,14.76
_02789_,14.74
_04028_,14.74
net702,14.74
imem.rom\[6\]\[1\],14.73
_02399_,14.72
_06113_,14.72
imem.rom\[15\]\[11\],14.72
imem.rom\[4\]\[15\],14.72
net593,14.72
_02341_,14.7
_03129_,14.7
_05385_,14.7
net1114,14.7
_04072_,14.68
_00208_,14.665
imem.rom\[4\]\[8\],14.66
_00310_,14.645
dmem.ram\[3\]\[4\],14.64
dmem.ram\[49\]\[14\],14.64
dmem.ram\[57\]\[11\],14.64
dmem.ram\[63\]\[5\],14.64
imem.rom\[7\]\[2\],14.64
_04927_,14.63
dmem.ram\[29\]\[6\],14.62
_02141_,14.6
dmem.ram\[25\]\[0\],14.6
debug_reg_addr[0],14.59
_01246_,14.585
_01508_,14.585
_02328_,14.58
_04135_,14.56
_03359_,14.54
_06450_,14.54
_07185_,14.54
imem.rom\[9\]\[8\],14.54
dmem.ram\[46\]\[4\],14.52
_02691_,14.5
_02906_,14.5
imem.rom\[10\]\[10\],14.49
_03945_,14.48
_04901_,14.48
dmem.ram\[9\]\[0\],14.48
imem.rom\[10\]\[5\],14.48
dmem.ram\[30\]\[9\],14.465
_02577_,14.46
_02920_,14.46
_03623_,14.46
_04540_,14.46
_05459_,14.46
net653,14.46
_02192_,14.44
_01748_,14.42
_02651_,14.42
_03700_,14.42
net1042,14.42
_00364_,14.405
_02524_,14.4
_03065_,14.4
_03952_,14.4
_05339_,14.4
imem.rom\[14\]\[7\],14.385
_03383_,14.38
_06051_,14.38
_06762_,14.38
_02821_,14.36
_02840_,14.36
_06709_,14.36
net645,14.36
dmem.ram\[17\]\[9\],14.35
_03002_,14.34
_04538_,14.34
net164,14.34
net508,14.34
_00293_,14.325
_00259_,14.32
_00694_,14.32
_07127_,14.32
rr_ex_reg.RF_D2_Out\[1\],14.32
dmem.ram\[6\]\[1\],14.31
imem.rom\[10\]\[8\],14.305
_03783_,14.3
_04168_,14.3
_05908_,14.3
imem.rom\[11\]\[15\],14.3
imem.rom\[13\]\[7\],14.3
imem.rom\[1\]\[0\],14.3
_00498_,14.285
dmem.ram\[29\]\[1\],14.28
dmem.ram\[55\]\[0\],14.28
net520,14.28
_04872_,14.26
_05144_,14.26
_05214_,14.26
imem.rom\[5\]\[2\],14.26
_04160_,14.25
_04729_,14.25
_00363_,14.245
_03941_,14.24
_06201_,14.24
_06725_,14.24
net630,14.24
regfile.registerFile\[2\]\[7\],14.23
_02280_,14.22
_06711_,14.22
net105,14.22
_00103_,14.185
_03024_,14.18
_05750_,14.18
_06708_,14.18
_07064_,14.18
debug_mem_data[14],14.17
_00059_,14.165
_00405_,14.165
dmem.ram\[44\]\[4\],14.165
_06102_,14.16
_06352_,14.16
dmem.ram\[43\]\[8\],14.16
regfile.registerFile\[1\]\[4\],14.16
_04216_,14.14
dmem.ram\[15\]\[6\],14.14
net1255,14.14
_02600_,14.12
_02635_,14.12
_04620_,14.12
net123,14.12
net1400,14.12
dmem.ram\[29\]\[3\],14.105
_01704_,14.1
dmem.ram\[45\]\[4\],14.1
imem.rom\[12\]\[11\],14.1
net545,14.1
net953,14.1
_06101_,14.08
dmem.ram\[3\]\[7\],14.08
imem.rom\[13\]\[11\],14.08
net412,14.08
net840,14.08
dmem.ram\[33\]\[0\],14.06
_05795_,14.04
_01673_,14.02
_02348_,14.02
_06882_,14.02
_05285_,14
_05932_,14
_05961_,14
_06688_,14
dmem.ram\[13\]\[7\],14
imem.rom\[2\]\[10\],13.99
_00371_,13.985
dmem.ram\[3\]\[2\],13.98
_03044_,13.96
_05015_,13.96
_06589_,13.96
dmem.ram\[33\]\[1\],13.96
_02956_,13.945
_03919_,13.94
_06199_,13.94
rr_ex_reg.instr_out\[15\],13.94
net401,13.94
net1070,13.94
_03113_,13.92
net919,13.92
net1295,13.92
_04963_,13.9
imem.rom\[11\]\[10\],13.9
net232,13.9
_03190_,13.88
_03331_,13.88
_04178_,13.88
_05775_,13.88
_06925_,13.88
_04385_,13.86
net98,13.86
_01922_,13.84
_03111_,13.84
_05948_,13.84
imem.rom\[1\]\[12\],13.84
net574,13.84
_00033_,13.825
imem.rom\[2\]\[15\],13.825
_04406_,13.82
_04879_,13.82
_04039_,13.8
_04936_,13.8
net981,13.8
_05866_,13.78
_06755_,13.765
_00718_,13.76
_05664_,13.76
rr_ex_reg.RF_D2_Out\[3\],13.76
net670,13.76
net1144,13.76
_06810_,13.74
_06824_,13.73
_00054_,13.725
_02504_,13.72
_05159_,13.72
dmem.ram\[48\]\[1\],13.7
net495,13.7
_00807_,13.685
_04408_,13.68
dmem.ram\[35\]\[0\],13.68
rr_ex_reg.RF_D1_Out\[15\],13.68
net85,13.68
net679,13.68
_02555_,13.66
_03503_,13.66
_04615_,13.66
_04779_,13.66
_06599_,13.66
dmem.ram\[53\]\[2\],13.645
_04873_,13.64
dmem.ram\[15\]\[4\],13.64
net230,13.64
_02582_,13.62
_03742_,13.62
dmem.ram\[16\]\[9\],13.62
dmem.ram\[60\]\[1\],13.62
imem.rom\[15\]\[13\],13.62
net465,13.62
dmem.ram\[57\]\[9\],13.61
_00662_,13.6
_04720_,13.6
imem.rom\[7\]\[9\],13.6
_00727_,13.585
_01274_,13.585
_06783_,13.585
_01275_,13.58
_01773_,13.58
_04354_,13.58
_06876_,13.58
net272,13.58
_05783_,13.56
_06786_,13.56
_06832_,13.56
_07032_,13.56
_07045_,13.56
net866,13.56
net1018,13.56
imem.rom\[10\]\[15\],13.545
_06789_,13.54
net674,13.54
_01354_,13.525
_03975_,13.52
_05210_,13.52
_02792_,13.5
_03005_,13.5
_05019_,13.5
_06730_,13.5
net192,13.5
net370,13.5
net900,13.5
net1089,13.5
_03616_,13.49
_04346_,13.49
dmem.ram\[62\]\[12\],13.485
net1360,13.48
imem.rom\[14\]\[11\],13.465
_01889_,13.46
_04690_,13.46
_05945_,13.46
dmem.ram\[28\]\[9\],13.46
imem.rom\[3\]\[9\],13.46
net255,13.44
_00031_,13.425
_03174_,13.42
_04195_,13.42
_01975_,13.4
_04043_,13.4
_02904_,13.38
_04817_,13.38
_05910_,13.36
dmem.ram\[9\]\[14\],13.36
net419,13.36
net450,13.36
imem.rom\[2\]\[8\],13.345
_04344_,13.34
dmem.ram\[31\]\[0\],13.34
imem.rom\[5\]\[1\],13.34
imem.rom\[9\]\[14\],13.34
net563,13.34
_02302_,13.32
net621,13.32
net1175,13.32
net1330,13.32
_06866_,13.3
net1036,13.3
_00245_,13.285
_04741_,13.28
imem.rom\[4\]\[10\],13.28
_02908_,13.27
_06156_,13.26
imem.rom\[11\]\[12\],13.26
imem.rom\[11\]\[13\],13.26
imem.rom\[13\]\[14\],13.26
imem.rom\[3\]\[10\],13.26
net503,13.26
_00241_,13.245
dmem.ram\[9\]\[1\],13.24
_04164_,13.22
net890,13.22
net1302,13.22
_00669_,13.205
_01765_,13.2
_06954_,13.2
_02693_,13.18
_04937_,13.18
_06723_,13.18
_03413_,13.16
_05204_,13.16
net491,13.16
imem.rom\[2\]\[3\],13.145
_00822_,13.125
_02967_,13.12
_03297_,13.12
_05934_,13.12
dmem.ram\[59\]\[1\],13.12
imem.rom\[5\]\[11\],13.12
net451,13.12
net1051,13.12
_05862_,13.1
_06014_,13.1
_06342_,13.1
dmem.ram\[39\]\[0\],13.1
dmem.ram\[54\]\[15\],13.1
net1293,13.1
_00301_,13.085
_01575_,13.085
_02060_,13.08
_02850_,13.08
dmem.ram\[7\]\[4\],13.08
_01008_,13.065
_02409_,13.06
dmem.ram\[14\]\[9\],13.045
_03037_,13.04
_04632_,13.04
_05806_,13.04
dmem.ram\[15\]\[1\],13.04
net306,13.04
dmem.ram\[62\]\[4\],13.03
imem.rom\[14\]\[12\],13.025
_05386_,13.02
imem.rom\[8\]\[2\],13.02
regfile.registerFile\[3\]\[6\],13.02
_01631_,13.005
imem.rom\[6\]\[10\],13.005
_01803_,13
_02915_,13
_03840_,13
_04666_,13
_06302_,13
net1023,13
_04996_,12.98
net1341,12.98
net1380,12.98
_00497_,12.965
_02569_,12.96
_04315_,12.96
_05491_,12.96
_06286_,12.96
net473,12.96
net531,12.96
net1061,12.96
_05101_,12.94
net456,12.94
rr_ex_reg.RF_D1_Out\[5\],12.92
net1026,12.92
_04892_,12.9
_04947_,12.9
_05360_,12.9
_06825_,12.9
regfile.registerFile\[0\]\[0\],12.9
rr_ex_reg.instr_out\[9\],12.9
net301,12.9
_03385_,12.88
net1377,12.88
_05431_,12.86
_00343_,12.845
rr_ex_reg.RF_D1_Out\[13\],12.84
net955,12.84
_00713_,12.825
_04088_,12.82
mm_wb_reg.Rd_Data_Out_PR\[12\],12.82
net214,12.82
_02690_,12.8
dmem.ram\[17\]\[10\],12.8
net1137,12.8
dmem.ram\[30\]\[10\],12.79
_04312_,12.76
_04908_,12.76
_06898_,12.76
dmem.ram\[57\]\[4\],12.76
net396,12.76
net399,12.76
net424,12.76
_02059_,12.74
_04289_,12.74
_05571_,12.74
_05953_,12.74
net663,12.74
_02946_,12.72
_05390_,12.7
_06130_,12.7
rr_ex_reg.RF_D1_Out\[7\],12.7
_06798_,12.68
imem.rom\[7\]\[15\],12.68
_00622_,12.665
_01293_,12.665
_02410_,12.66
net91,12.66
net202,12.66
net292,12.66
net463,12.66
net943,12.66
_03508_,12.64
_04574_,12.64
_04844_,12.64
_06197_,12.64
dmem.ram\[56\]\[1\],12.64
_00446_,12.625
_02476_,12.62
_02479_,12.62
_04647_,12.62
_05522_,12.62
_07258_,12.62
pc_out_port[0],12.62
net477,12.62
net752,12.62
_01323_,12.605
_01453_,12.605
_04490_,12.6
_04807_,12.6
imem.rom\[4\]\[11\],12.6
net976,12.6
regfile.registerFile\[7\]\[5\],12.59
imem.rom\[2\]\[13\],12.585
_02559_,12.58
_03416_,12.58
dmem.ram\[58\]\[5\],12.58
_04991_,12.56
_05816_,12.56
dmem.ram\[58\]\[0\],12.56
_01447_,12.54
_01995_,12.54
_02487_,12.54
_02976_,12.54
_03195_,12.54
_04325_,12.54
_06330_,12.54
_06472_,12.54
_07027_,12.54
net770,12.54
_04147_,12.52
_05654_,12.52
_00603_,12.505
_01402_,12.505
_02539_,12.5
_02740_,12.5
rr_ex_reg.RF_D1_Out\[4\],12.5
net534,12.5
_01428_,12.48
_05263_,12.48
net199,12.48
net800,12.48
_01212_,12.465
_06480_,12.46
imem.rom\[1\]\[3\],12.46
net666,12.46
_03785_,12.455
imem.rom\[6\]\[4\],12.445
_03237_,12.44
_04762_,12.44
_04920_,12.44
_06779_,12.44
net459,12.44
net764,12.44
_03797_,12.42
dmem.ram\[59\]\[13\],12.42
imem.rom\[8\]\[15\],12.42
net1369,12.42
_02472_,12.4
debug_reg_data[15],12.4
_04016_,12.38
_04479_,12.38
_06780_,12.38
_00970_,12.365
_03142_,12.36
_02534_,12.34
_02892_,12.34
_04860_,12.34
dmem.ram\[62\]\[0\],12.325
_04219_,12.3
imem.rom\[15\]\[14\],12.3
rr_ex_reg.instr_out\[14\],12.3
net150,12.3
net1218,12.3
_00068_,12.285
_02703_,12.28
_04906_,12.28
net672,12.28
_03642_,12.265
imem.rom\[1\]\[8\],12.26
_01667_,12.24
_05882_,12.24
_07087_,12.24
net350,12.24
net1011,12.24
_01547_,12.225
_03937_,12.22
dmem.ram\[13\]\[1\],12.22
dmem.ram\[19\]\[1\],12.22
dmem.ram\[55\]\[11\],12.22
imem.rom\[3\]\[4\],12.22
_01162_,12.205
net240,12.205
_02321_,12.2
_02639_,12.2
_02648_,12.2
_06474_,12.2
_06740_,12.2
net367,12.2
net1171,12.2
net104,12.2
_01006_,12.185
_03141_,12.18
_04390_,12.18
_05182_,12.18
_05379_,12.18
_05898_,12.18
_06854_,12.18
dmem.ram\[19\]\[3\],12.18
mm_wb_reg.Rd_Data_Out_PR\[5\],12.18
_01553_,12.165
_01834_,12.16
_01971_,12.16
_02417_,12.16
_03469_,12.16
_05526_,12.16
net926,12.16
_00073_,12.125
imem.rom\[2\]\[12\],12.125
imem.rom\[2\]\[1\],12.125
_01862_,12.12
_05014_,12.12
_05349_,12.12
_05404_,12.12
_05533_,12.12
_05801_,12.12
_06179_,12.12
_06419_,12.12
_06517_,12.12
_06989_,12.12
mm_wb_reg.Rd_Data_Out_PR\[8\],12.12
_03026_,12.1
_06259_,12.1
imem.rom\[5\]\[6\],12.1
net271,12.1
_00496_,12.085
imem.rom\[2\]\[11\],12.085
_02888_,12.08
_03765_,12.08
net279,12.08
_00185_,12.065
_03557_,12.06
_06060_,12.06
_06486_,12.06
_06554_,12.06
net486,12.06
net584,12.06
_01987_,12.04
_02277_,12.04
_02665_,12.04
_04359_,12.04
_05562_,12.04
_06105_,12.04
imem.rom\[1\]\[15\],12.04
_00625_,12.02
_01661_,12.02
ex_mm_reg.ALU_Result_Out\[4\],12.02
net1331,12.02
_01811_,12
_04871_,12
dmem.ram\[0\]\[12\],12
dmem.ram\[0\]\[7\],12
dmem.ram\[46\]\[14\],12
imem.rom\[1\]\[14\],12
net568,12
net877,12
net1276,12
net343,11.98
net543,11.98
_06099_,11.96
net378,11.96
net1344,11.96
net1349,11.96
_00467_,11.945
debug_mem_data[2],11.94
_04472_,11.92
net766,11.92
_00335_,11.885
_01460_,11.885
_04134_,11.88
_07046_,11.88
_07278_,11.88
dmem.ram\[49\]\[9\],11.88
imem.rom\[11\]\[3\],11.88
imem.rom\[11\]\[6\],11.88
_04007_,11.86
net195,11.86
net592,11.86
_00131_,11.845
_01273_,11.84
_06965_,11.84
_01137_,11.835
_01861_,11.82
_02698_,11.82
_03954_,11.82
_04495_,11.82
_06442_,11.82
net868,11.82
_05394_,11.8
_05992_,11.8
dmem.ram\[57\]\[1\],11.8
_00284_,11.785
_02728_,11.78
_03106_,11.78
dmem.ram\[42\]\[1\],11.78
net229,11.78
net280,11.78
_03094_,11.76
regfile.registerFile\[4\]\[3\],11.76
_00722_,11.745
_01570_,11.745
_02361_,11.74
_02570_,11.74
_04308_,11.74
_05914_,11.74
_06132_,11.74
net1347,11.74
_05280_,11.72
rr_ex_reg.RF_D2_Out\[14\],11.72
_01947_,11.7
_02051_,11.7
_02400_,11.7
_02847_,11.7
_02913_,11.7
_02923_,11.7
_05695_,11.7
dmem.ram\[48\]\[14\],11.7
instr_wdata[13],11.7
net727,11.7
net798,11.7
_00489_,11.685
_00339_,11.68
_02128_,11.675
_01925_,11.66
_03220_,11.66
dmem.ram\[11\]\[15\],11.66
imem.rom\[5\]\[7\],11.66
net599,11.66
_03657_,11.64
_05994_,11.64
_06549_,11.64
net482,11.64
_01094_,11.625
_01250_,11.625
imem.rom\[6\]\[9\],11.625
_00362_,11.62
_04619_,11.62
_05189_,11.62
_05698_,11.62
_06746_,11.62
_06878_,11.62
imem.rom\[9\]\[12\],11.62
net208,11.62
net673,11.62
_03115_,11.6
_03584_,11.6
_06797_,11.6
_02491_,11.58
_03515_,11.58
_03526_,11.58
_03971_,11.58
_04623_,11.58
_06272_,11.58
_06525_,11.58
_06808_,11.58
net1040,11.58
_00239_,11.56
_00421_,11.56
_03089_,11.56
_04335_,11.56
_06606_,11.56
net1308,11.56
net193,11.54
_00102_,11.525
_00553_,11.525
_00896_,11.525
_00357_,11.52
net283,11.52
net445,11.52
net532,11.5
net1122,11.5
_00349_,11.48
_04092_,11.48
_06058_,11.48
net254,11.48
net538,11.48
net585,11.48
net1263,11.48
net1270,11.48
mm_wb_reg.Rd_Data_Out_PR\[11\],11.46
_02295_,11.44
_04379_,11.44
_04656_,11.44
_04774_,11.44
id_rr_reg.instr_out\[13\],11.44
imem.rom\[2\]\[0\],11.425
imem.rom\[7\]\[7\],11.42
net191,11.42
net442,11.42
net99,11.42
dmem.ram\[18\]\[11\],11.41
_03692_,11.38
_05777_,11.38
net228,11.38
debug_reg_data[5],11.37
_03021_,11.36
_03344_,11.36
net1261,11.36
net1368,11.36
_00936_,11.345
_02473_,11.34
_05223_,11.34
_07154_,11.34
ex_mm_reg.ALU_Result_Out\[1\],11.34
net194,11.34
_02262_,11.32
_03362_,11.32
_04444_,11.32
_04727_,11.32
_04959_,11.32
_05924_,11.32
_06094_,11.32
net1253,11.32
net1364,11.32
_01465_,11.285
_02134_,11.28
_03964_,11.28
_04978_,11.28
_06001_,11.28
_07026_,11.28
_07295_,11.28
_02224_,11.26
_02373_,11.26
_02401_,11.26
_02833_,11.26
_05089_,11.26
_07223_,11.26
pc_out_port[15],11.26
net1206,11.26
_06970_,11.255
_00198_,11.245
_00263_,11.245
_00268_,11.245
_01540_,11.245
_01756_,11.24
_04137_,11.24
_06840_,11.24
net62,11.24
net525,11.24
_00025_,11.22
_00799_,11.22
_04368_,11.22
net437,11.22
imem.rom\[6\]\[8\],11.205
_01767_,11.2
_02030_,11.2
_02548_,11.2
_04987_,11.2
_06131_,11.2
net552,11.2
net821,11.2
_02133_,11.18
_05765_,11.18
_05857_,11.18
_06454_,11.18
_06528_,11.18
_07208_,11.18
dmem.ram\[11\]\[1\],11.18
_04866_,11.17
_02178_,11.16
_02954_,11.16
_04440_,11.16
_04622_,11.16
_05002_,11.16
_05393_,11.16
_07234_,11.16
_04311_,11.14
_04356_,11.14
_04989_,11.14
_05387_,11.14
net1373,11.14
imem.rom\[2\]\[9\],11.125
_02542_,11.12
_02875_,11.12
_03472_,11.12
_04564_,11.12
_05525_,11.12
_06287_,11.12
_06768_,11.12
debug_reg_data[7],11.12
net145,11.12
net605,11.12
net697,11.12
net951,11.12
net1120,11.12
_00609_,11.1
_06447_,11.1
_07136_,11.1
net421,11.1
net690,11.1
_00225_,11.085
_00632_,11.085
_02667_,11.08
dmem.ram\[51\]\[1\],11.08
dmem.ram\[54\]\[13\],11.08
_00086_,11.065
_01398_,11.065
_01208_,11.06
_05188_,11.06
_01093_,11.055
_00399_,11.045
_01935_,11.04
_02528_,11.04
_02964_,11.04
dmem.ram\[50\]\[15\],11.04
imem.rom\[3\]\[11\],11.04
net1260,11.04
_01025_,11.025
_06174_,11.02
_06324_,11.02
net220,11
net652,10.98
debug_reg_data[13],10.97
_00334_,10.965
_01301_,10.965
_06279_,10.96
imem.rom\[15\]\[12\],10.96
imem.rom\[9\]\[15\],10.96
_01105_,10.945
_02556_,10.94
_05704_,10.92
_06991_,10.92
_01931_,10.9
_03860_,10.9
_04938_,10.9
_05273_,10.9
_05521_,10.9
_05760_,10.9
_05839_,10.9
_06285_,10.9
_07065_,10.9
net246,10.9
net258,10.9
net303,10.9
net683,10.9
net812,10.9
_00026_,10.885
_01107_,10.885
_02385_,10.88
_02858_,10.88
_03275_,10.88
_05824_,10.88
net548,10.88
_01805_,10.86
_04468_,10.86
_05176_,10.86
_05184_,10.86
_06343_,10.86
_06374_,10.86
imem.rom\[7\]\[6\],10.86
net1356,10.86
_00234_,10.845
_00521_,10.845
_01434_,10.845
_00555_,10.825
_01100_,10.825
_01653_,10.82
_01945_,10.82
_02393_,10.82
_04430_,10.82
_06050_,10.82
imem.rom\[9\]\[13\],10.82
_01715_,10.8
_06293_,10.8
_02584_,10.78
_03163_,10.78
_03199_,10.78
_04653_,10.78
_05244_,10.78
_05247_,10.78
_05330_,10.78
_05456_,10.78
_05561_,10.78
_06930_,10.78
_07083_,10.78
net857,10.78
net872,10.78
net1053,10.78
net1075,10.78
_01210_,10.765
_02971_,10.76
_04262_,10.76
_04417_,10.76
_04773_,10.76
_04794_,10.76
_05890_,10.76
_06767_,10.76
_00918_,10.755
_00304_,10.745
_03930_,10.74
_04850_,10.74
_06121_,10.74
net483,10.74
net533,10.74
net554,10.74
net579,10.74
net617,10.74
net1112,10.74
net1297,10.74
_04116_,10.72
_05586_,10.72
_06784_,10.72
net965,10.72
_00036_,10.705
_00681_,10.705
imem.rom\[14\]\[5\],10.705
_03110_,10.7
_03949_,10.7
_04366_,10.7
_04982_,10.7
_05252_,10.7
_05767_,10.7
_06835_,10.7
net374,10.7
dmem.ram\[55\]\[9\],10.695
_00704_,10.68
_02652_,10.68
_04083_,10.68
net466,10.68
net1346,10.68
_03300_,10.66
_03559_,10.66
_04791_,10.66
imem.rom\[15\]\[1\],10.66
net715,10.66
_02670_,10.64
_03412_,10.64
_04138_,10.64
_04467_,10.64
net590,10.64
net1265,10.64
net1357,10.64
_02796_,10.62
_06717_,10.62
_06921_,10.62
imem.rom\[5\]\[9\],10.62
imem.rom\[9\]\[10\],10.62
net265,10.62
_00161_,10.6
_01421_,10.6
_03594_,10.6
_05148_,10.6
_05736_,10.6
net1239,10.6
_00393_,10.585
_04084_,10.58
_05329_,10.58
_06765_,10.58
imem.rom\[1\]\[2\],10.58
net361,10.58
_00303_,10.565
_00793_,10.565
_01170_,10.565
net333,10.56
net911,10.56
net945,10.56
net994,10.56
net999,10.56
_03117_,10.54
_04264_,10.54
_04648_,10.54
_04789_,10.54
debug_reg_data[4],10.54
_00084_,10.525
_06701_,10.52
_06772_,10.52
_00072_,10.505
_01297_,10.505
imem.rom\[14\]\[3\],10.505
_03950_,10.5
_04190_,10.5
_04732_,10.5
_04939_,10.5
imem.rom\[11\]\[8\],10.5
imem.rom\[3\]\[8\],10.5
imem.rom\[9\]\[2\],10.5
rr_ex_reg.instr_out\[13\],10.5
_00079_,10.485
_00384_,10.485
_00597_,10.485
_01041_,10.465
_02933_,10.46
_06672_,10.46
_00433_,10.445
_05157_,10.44
_05929_,10.44
_06073_,10.44
net389,10.44
net974,10.44
net1194,10.44
_03386_,10.42
_04188_,10.42
net1062,10.42
_01699_,10.4
_03149_,10.4
_03512_,10.4
_04263_,10.4
_04355_,10.4
_04990_,10.4
_05102_,10.4
_05302_,10.4
_07238_,10.4
_00055_,10.385
_00121_,10.385
_00778_,10.385
_01079_,10.385
_01919_,10.38
_04239_,10.38
_04361_,10.38
_01261_,10.365
_02663_,10.36
_02983_,10.36
_03148_,10.36
_06344_,10.36
net1309,10.36
_02191_,10.34
_02724_,10.34
_03433_,10.34
_05529_,10.34
_06062_,10.34
_06219_,10.34
_06958_,10.34
_00356_,10.325
_00938_,10.325
_02557_,10.32
_04418_,10.32
_04825_,10.32
_04837_,10.32
_05321_,10.32
_05877_,10.32
_06844_,10.32
_07219_,10.32
net504,10.32
net638,10.32
net1165,10.32
_01198_,10.305
_05670_,10.3
debug_reg_data[9],10.29
_00509_,10.285
_02830_,10.28
_03192_,10.28
_03542_,10.28
_04578_,10.28
_04651_,10.28
_05703_,10.28
_05900_,10.28
_06716_,10.28
_07179_,10.28
rr_ex_reg.RF_D2_Out\[5\],10.28
net158,10.28
net569,10.28
net577,10.28
net1166,10.28
net1396,10.28
_00104_,10.265
_02935_,10.26
_03393_,10.26
_04061_,10.26
_05537_,10.26
_06122_,10.26
_06823_,10.26
_01746_,10.24
_01802_,10.24
_01808_,10.24
_02225_,10.24
_03201_,10.24
_03847_,10.24
net388,10.24
_01972_,10.22
net117,10.22
net505,10.22
net1252,10.22
net1328,10.22
_01529_,10.205
_01755_,10.2
_02678_,10.2
_03437_,10.2
_03845_,10.2
_03876_,10.2
_04754_,10.2
_05354_,10.2
imem.rom\[1\]\[7\],10.2
imem.rom\[4\]\[12\],10.2
mm_wb_reg.Rd_Data_Out_PR\[13\],10.2
net523,10.2
net619,10.2
net940,10.2
_04708_,10.19
_05716_,10.18
_07268_,10.18
net369,10.18
_00327_,10.165
_00800_,10.165
_01385_,10.165
_01970_,10.16
_02876_,10.16
_06712_,10.16
imem.rom\[5\]\[3\],10.16
_03776_,10.14
_05677_,10.14
net490,10.14
net1058,10.14
net1160,10.14
_04733_,10.13
_02669_,10.12
net773,10.12
net977,10.12
_00619_,10.1
_01326_,10.1
_03222_,10.1
_04293_,10.1
_06596_,10.1
net535,10.08
net1291,10.08
net1361,10.08
_00824_,10.065
_02688_,10.06
net734,10.06
net1371,10.06
_00624_,10.045
_04303_,10.04
_05006_,10.04
_00285_,10.025
net125,10.02
_01140_,10.005
_01217_,10.005
_03685_,10
_04230_,10
_06473_,10
net583,10
net1323,10
_00837_,9.985
_02712_,9.98
_03020_,9.98
_03505_,9.98
_04299_,9.98
_05611_,9.98
_05620_,9.98
_07078_,9.98
debug_reg_data[1],9.98
net234,9.98
net852,9.98
_07287_,9.96
imem.rom\[11\]\[1\],9.96
_01776_,9.94
_01795_,9.94
_01820_,9.94
_01912_,9.94
_02002_,9.94
_02125_,9.94
_02546_,9.94
_02601_,9.94
_03548_,9.94
_04163_,9.94
_04431_,9.94
_04522_,9.94
_05255_,9.94
_05517_,9.94
_05789_,9.94
_06083_,9.94
_06111_,9.94
_07190_,9.94
net743,9.94
net829,9.94
net1211,9.94
_00005_,9.925
_00703_,9.92
_01981_,9.92
_04739_,9.92
_01370_,9.905
_01676_,9.9
net436,9.9
net1316,9.9
_02418_,9.88
_02450_,9.88
_03533_,9.88
_06615_,9.88
_07269_,9.88
debug_mem_data[15],9.88
net440,9.88
net1298,9.88
_00071_,9.865
_00282_,9.865
_00191_,9.86
_01888_,9.86
_02489_,9.86
_02986_,9.86
_03579_,9.86
_04824_,9.86
_05010_,9.86
_05947_,9.86
_06837_,9.86
_07057_,9.86
_07275_,9.86
net159,9.86
net423,9.86
net476,9.86
net927,9.86
net1001,9.86
net1216,9.86
_02580_,9.84
_03942_,9.84
_04212_,9.84
_04928_,9.84
_05920_,9.84
_06775_,9.84
mm_wb_reg.Rd_Data_Out_PR\[9\],9.84
net906,9.84
dmem.ram\[34\]\[1\],9.835
_01772_,9.82
_01786_,9.82
_01832_,9.82
_02862_,9.82
_05294_,9.82
_05410_,9.82
_05554_,9.82
_05646_,9.82
_05827_,9.82
_05919_,9.82
_06092_,9.82
_06667_,9.82
net517,9.82
net1215,9.82
_00774_,9.805
_02322_,9.8
_04790_,9.8
_05035_,9.8
_05970_,9.8
_06580_,9.8
_06653_,9.8
_03028_,9.79
_01069_,9.785
_01426_,9.785
_02609_,9.78
_02680_,9.78
_04161_,9.78
_04462_,9.78
_05226_,9.78
_05236_,9.78
_05972_,9.78
_05985_,9.78
_06919_,9.78
_06998_,9.78
_07248_,9.78
dmem.ram\[33\]\[11\],9.78
net452,9.78
_01237_,9.765
_04731_,9.76
_05542_,9.76
_06295_,9.76
_06396_,9.76
net177,9.76
net850,9.76
net1113,9.76
net1294,9.76
_04712_,9.755
_00004_,9.745
_00110_,9.745
_00429_,9.745
_00430_,9.745
_00830_,9.745
_00922_,9.745
_04280_,9.74
_04672_,9.74
_04842_,9.74
imem.rom\[1\]\[9\],9.74
net578,9.74
net899,9.74
net986,9.74
net1014,9.74
_01086_,9.72
_05059_,9.72
_07076_,9.72
dmem.ram\[40\]\[11\],9.72
net216,9.72
net550,9.72
net793,9.72
net854,9.72
net1000,9.72
net1192,9.72
_00049_,9.705
_00060_,9.705
_00762_,9.7
_02588_,9.7
dmem.ram\[39\]\[9\],9.7
imem.rom\[13\]\[9\],9.7
imem.rom\[7\]\[8\],9.7
net152,9.7
net379,9.7
_00883_,9.685
_01163_,9.685
_02263_,9.68
_04836_,9.68
net827,9.68
net993,9.68
net1248,9.68
_01445_,9.665
_01907_,9.66
_05248_,9.66
_05437_,9.66
net460,9.66
net524,9.66
net1111,9.66
_00468_,9.655
_00167_,9.645
_00461_,9.645
_00093_,9.64
_01893_,9.64
_02042_,9.64
_02934_,9.64
debug_mem_data[10],9.64
debug_mem_data[1],9.64
debug_reg_data[8],9.64
pc_out_port[4],9.64
pc_out_port[5],9.64
net162,9.64
net429,9.64
_00520_,9.625
imem.rom\[2\]\[2\],9.625
_03931_,9.62
_04179_,9.62
imem.rom\[12\]\[9\],9.62
net1340,9.62
net1074,9.6
net1121,9.6
net1127,9.6
_00676_,9.585
_03378_,9.58
_03556_,9.58
_05746_,9.58
dmem.ram\[9\]\[13\],9.58
net318,9.58
_01471_,9.565
_06761_,9.56
net375,9.56
net390,9.56
_00670_,9.545
_04243_,9.54
_05738_,9.54
net1034,9.54
_01851_,9.53
_00017_,9.525
_00092_,9.525
_00848_,9.525
_02503_,9.52
_02706_,9.52
_03043_,9.52
_03521_,9.52
_03863_,9.52
_05319_,9.52
_05482_,9.52
_05995_,9.52
_07170_,9.52
_07207_,9.52
_07247_,9.52
instr_waddr[3],9.52
net157,9.52
net247,9.52
net281,9.52
net469,9.52
net795,9.52
net833,9.52
net985,9.52
net1006,9.52
net1052,9.52
net1125,9.52
net1132,9.52
net1210,9.52
net1387,9.52
_01521_,9.505
_00686_,9.5
_02922_,9.5
_02984_,9.5
_06788_,9.5
_06804_,9.5
_07077_,9.5
net1055,9.5
_01687_,9.48
_01957_,9.48
_03045_,9.48
_03498_,9.48
_04428_,9.48
_05207_,9.48
_05941_,9.48
_06139_,9.48
_06502_,9.48
_06621_,9.48
_06855_,9.48
_07192_,9.48
_00921_,9.465
_04891_,9.46
_00805_,9.445
_01104_,9.445
_01178_,9.445
_04613_,9.44
_05256_,9.44
_06217_,9.44
_07228_,9.44
_01695_,9.42
_01926_,9.42
_03239_,9.42
_05057_,9.42
_05389_,9.42
_05485_,9.42
_05545_,9.42
_05566_,9.42
_05581_,9.42
_05833_,9.42
_05981_,9.42
_07168_,9.42
_07263_,9.42
_05733_,9.41
_00011_,9.405
_00700_,9.405
_00732_,9.405
_00733_,9.405
_00857_,9.405
_01134_,9.405
imem.rom\[10\]\[7\],9.405
_01948_,9.4
_02281_,9.4
_02456_,9.4
_02630_,9.4
_04461_,9.4
_04683_,9.4
_05588_,9.4
_05793_,9.4
instr_waddr[1],9.4
instr_wdata[14],9.4
instr_wdata[3],9.4
instr_wdata[4],9.4
instr_wdata[5],9.4
net268,9.4
net576,9.4
net782,9.4
net804,9.4
net892,9.4
net1107,9.4
_00983_,9.38
_01122_,9.38
mm_wb_reg.Rd_Data_Out_PR\[7\],9.38
_03025_,9.375
_03067_,9.36
_04324_,9.36
_05177_,9.36
_07188_,9.36
dmem.ram\[48\]\[0\],9.36
net182,9.36
net499,9.36
net1296,9.36
net1318,9.36
_00471_,9.34
_03518_,9.34
_03792_,9.34
_05524_,9.34
_05938_,9.34
_00712_,9.325
_00874_,9.325
_01505_,9.325
_02725_,9.32
_04498_,9.32
_05270_,9.32
_07105_,9.32
_07289_,9.32
_00748_,9.305
_00526_,9.3
_01403_,9.3
_04118_,9.3
_06436_,9.3
_06491_,9.3
net337,9.3
net636,9.3
net761,9.3
net925,9.3
net1190,9.3
_00875_,9.285
_00932_,9.285
_01646_,9.28
_02338_,9.28
_03987_,9.28
_04582_,9.28
_05123_,9.28
_05503_,9.28
_07281_,9.28
rr_ex_reg.pc_next_out\[14\],9.28
net633,9.28
net913,9.28
net1236,9.28
imem.rom\[14\]\[1\],9.27
_00439_,9.26
_00591_,9.26
_01192_,9.26
_01240_,9.26
_04459_,9.26
_05375_,9.26
_06266_,9.26
_06329_,9.26
_07241_,9.26
net321,9.26
net612,9.26
net952,9.26
net1285,9.26
_00634_,9.255
_02216_,9.24
_02279_,9.24
_04592_,9.24
_00136_,9.225
_00247_,9.225
_00846_,9.225
_05011_,9.22
_00613_,9.205
net341,9.2
net627,9.2
net859,9.2
net1013,9.2
net1170,9.2
_00058_,9.185
_00880_,9.185
_05528_,9.18
_05989_,9.18
_06609_,9.18
net1098,9.18
_00861_,9.165
_04605_,9.16
_04942_,9.16
_05395_,9.16
_06702_,9.16
_01215_,9.145
_04813_,9.14
_05959_,9.14
net1303,9.14
_00157_,9.12
_03636_,9.12
_04849_,9.12
_06013_,9.12
_06332_,9.12
imem.rom\[0\]\[6\],9.12
_04610_,9.1
net680,9.1
_01350_,9.085
_01968_,9.08
_03027_,9.08
_03602_,9.08
net320,9.08
_00599_,9.065
_01892_,9.06
_02907_,9.06
_03415_,9.06
_06090_,9.06
_06884_,9.06
_07095_,9.06
imem.rom\[14\]\[14\],9.045
_01916_,9.04
_05652_,9.04
dmem.ram\[46\]\[15\],9.04
rr_ex_reg.instr_out\[12\],9.04
net414,9.04
net644,9.04
_00491_,9.035
_00226_,9.025
_00525_,9.025
_01588_,9.025
_01600_,9.025
_01681_,9.02
_02014_,9.02
_02260_,9.02
_03035_,9.02
_03218_,9.02
_04151_,9.02
_05208_,9.02
_05966_,9.02
_06900_,9.02
_07199_,9.02
net699,9.02
_00255_,9.005
_00278_,9.005
_00682_,9.005
_02072_,9
_05021_,9
_05550_,9
_06390_,9
imem.rom\[15\]\[6\],9
_00677_,8.985
_01007_,8.985
_01141_,8.985
_01253_,8.985
_01319_,8.985
_01609_,8.985
_02284_,8.98
_02343_,8.98
_02645_,8.98
_03019_,8.98
_03825_,8.98
_04011_,8.98
_04169_,8.98
_04998_,8.98
_06996_,8.98
_07007_,8.98
_07140_,8.98
net514,8.98
_01976_,8.96
_03004_,8.96
_03060_,8.96
_06559_,8.96
debug_reg_data[6],8.96
pc_out_port[3],8.96
pc_out_port[8],8.96
_00452_,8.945
_00456_,8.945
_00901_,8.945
_00984_,8.945
_01035_,8.945
_01092_,8.945
_01675_,8.94
_02010_,8.94
_02326_,8.94
_02843_,8.94
_04059_,8.94
_04447_,8.94
_04562_,8.94
_05033_,8.94
_06065_,8.94
_06838_,8.94
net146,8.94
net326,8.94
net398,8.94
net475,8.94
net587,8.94
net658,8.94
net751,8.94
net757,8.94
net807,8.94
pc_out_port[1],8.93
_01229_,8.925
_01223_,8.92
_02863_,8.92
_03133_,8.92
_04948_,8.92
_00112_,8.905
_00530_,8.905
_00584_,8.905
_00658_,8.905
_01015_,8.905
_01327_,8.905
_02269_,8.9
_02860_,8.9
_02873_,8.9
_03403_,8.9
_03674_,8.9
_03777_,8.9
_05254_,8.9
_05518_,8.9
_06110_,8.9
_06340_,8.9
_06603_,8.9
net116,8.9
net588,8.9
net611,8.9
net903,8.9
_03799_,8.88
_05535_,8.88
_07254_,8.88
_01085_,8.865
_01677_,8.86
_03098_,8.86
_03126_,8.86
_03384_,8.86
_04486_,8.86
_04626_,8.86
_05191_,8.86
_05213_,8.86
_05964_,8.86
_06205_,8.86
_06963_,8.86
_01689_,8.84
_01898_,8.84
_02093_,8.84
_02520_,8.84
_05921_,8.84
_06871_,8.84
_07071_,8.84
_07183_,8.84
debug_mem_addr[4],8.84
net810,8.84
net818,8.84
net871,8.84
net1043,8.84
_02090_,8.83
_00840_,8.825
imem.rom\[6\]\[3\],8.825
_02026_,8.82
_03169_,8.82
_04201_,8.82
_04596_,8.82
_04631_,8.82
_05087_,8.82
_07161_,8.82
net494,8.82
net620,8.82
net794,8.82
net904,8.82
_04082_,8.8
_05225_,8.8
_06196_,8.8
imem.rom\[15\]\[2\],8.8
net661,8.8
net723,8.8
net819,8.8
net971,8.8
_00417_,8.785
_01265_,8.785
_01701_,8.78
_03504_,8.78
net1230,8.78
_06063_,8.77
_00038_,8.765
_00333_,8.765
_01785_,8.76
_05822_,8.76
net387,8.76
net1151,8.76
_01591_,8.745
_01880_,8.74
_06532_,8.74
imem.rom\[5\]\[8\],8.74
_00075_,8.735
_00152_,8.725
_00472_,8.725
_00500_,8.725
_00568_,8.725
_00477_,8.72
_02507_,8.72
_05007_,8.72
debug_mem_addr[2],8.72
debug_mem_addr[3],8.72
debug_mem_addr[5],8.72
debug_mem_data[12],8.72
instr_wdata[11],8.72
instr_wdata[7],8.72
instr_wdata[8],8.72
pc_out_port[12],8.72
pc_out_port[6],8.72
pc_out_port[7],8.72
net351,8.72
net808,8.72
net1233,8.72
_01243_,8.705
_00076_,8.7
_01259_,8.7
_01782_,8.7
_03150_,8.7
_03286_,8.7
_04365_,8.7
_05986_,8.7
net995,8.7
_00391_,8.685
_02432_,8.68
_04526_,8.68
_04781_,8.66
_05635_,8.66
_06752_,8.66
dmem.ram\[17\]\[0\],8.66
imem.rom\[13\]\[10\],8.66
net1081,8.66
_05003_,8.64
_01532_,8.625
_01559_,8.625
_02537_,8.62
_03907_,8.62
net127,8.62
_02722_,8.6
_03033_,8.6
_03048_,8.6
_03581_,8.6
_04081_,8.6
_05350_,8.6
_05851_,8.6
_05978_,8.6
_07239_,8.6
net754,8.6
_01627_,8.585
_04877_,8.58
dmem.ram\[40\]\[15\],8.58
net1106,8.58
_00457_,8.565
_00945_,8.565
_01758_,8.56
_02636_,8.56
_02702_,8.56
_02992_,8.56
_03320_,8.56
_03356_,8.56
_03427_,8.56
_03575_,8.56
_03619_,8.56
_04380_,8.56
_04435_,8.56
_04505_,8.56
_05217_,8.56
_05241_,8.56
_05369_,8.56
_05845_,8.56
_06567_,8.56
dmem.ram\[32\]\[1\],8.56
mm_wb_reg.Rd_Data_Out_PR\[10\],8.56
net779,8.56
net934,8.56
_01120_,8.545
_01626_,8.545
_04066_,8.54
_00082_,8.525
_00541_,8.525
_00886_,8.525
_01004_,8.525
_01582_,8.525
_02308_,8.52
_04272_,8.52
_05027_,8.52
_05243_,8.52
_05258_,8.52
_05377_,8.52
_06018_,8.52
_06378_,8.52
dmem.ram\[7\]\[12\],8.52
imem.rom\[1\]\[5\],8.52
net89,8.52
net1173,8.52
_01112_,8.5
_01775_,8.5
_01801_,8.5
_03514_,8.5
_04437_,8.5
_05105_,8.5
_05156_,8.5
_06388_,8.5
_06441_,8.5
_06544_,8.5
_06590_,8.5
_07051_,8.5
_07214_,8.5
_01539_,8.495
_00341_,8.485
_00432_,8.485
_01172_,8.48
_02692_,8.48
_02916_,8.48
_02988_,8.48
_04389_,8.48
_04740_,8.48
_04747_,8.48
_05165_,8.48
_05205_,8.48
_05272_,8.48
_05368_,8.48
_05829_,8.48
_05889_,8.48
_05940_,8.48
_06584_,8.48
_06973_,8.48
_06986_,8.48
_07036_,8.48
net631,8.48
net777,8.48
net1231,8.48
net1282,8.48
net1286,8.48
net1325,8.48
_00404_,8.465
_00539_,8.465
_02783_,8.46
_04377_,8.46
_04884_,8.46
_05869_,8.46
_04833_,8.455
_01664_,8.44
_01752_,8.44
_01877_,8.44
_02708_,8.44
_02841_,8.44
_02857_,8.44
_04770_,8.44
_04861_,8.44
_05161_,8.44
_05946_,8.44
_05956_,8.44
_06127_,8.44
_06134_,8.44
_06563_,8.44
_07147_,8.44
net1188,8.44
_00227_,8.425
_02492_,8.42
_03023_,8.42
_03956_,8.42
_04563_,8.42
_06741_,8.42
_07130_,8.42
_03355_,8.41
_00361_,8.405
_00458_,8.405
_00798_,8.405
_01154_,8.405
_01770_,8.4
_01891_,8.4
_02370_,8.4
_02382_,8.4
_02898_,8.4
_03056_,8.4
_03547_,8.4
_03665_,8.4
_04064_,8.4
_05328_,8.4
_05337_,8.4
_00739_,8.385
_00560_,8.38
instr_waddr[2],8.38
net179,8.38
net942,8.38
net984,8.38
net1136,8.38
net1152,8.38
_00914_,8.365
imem.rom\[2\]\[5\],8.365
_02530_,8.36
_04612_,8.36
_05451_,8.36
_06536_,8.36
_06574_,8.36
net364,8.36
net589,8.36
net916,8.36
_00105_,8.34
_02605_,8.34
_03902_,8.34
_05963_,8.34
_06692_,8.34
_06951_,8.34
net313,8.34
net685,8.34
net894,8.34
net1084,8.34
_01021_,8.325
_01033_,8.325
_01572_,8.325
_02044_,8.32
_03600_,8.32
_04307_,8.32
_04886_,8.32
net549,8.32
net642,8.32
_00538_,8.305
_00631_,8.305
_00385_,8.3
_01727_,8.3
_04630_,8.3
_05861_,8.3
_03994_,8.29
_00476_,8.285
_01076_,8.285
_01629_,8.285
_04261_,8.28
imem.rom\[5\]\[10\],8.28
net171,8.28
net507,8.28
net657,8.28
net918,8.28
net1002,8.28
net1314,8.28
_01574_,8.275
_00218_,8.265
_00390_,8.265
_01051_,8.265
_01424_,8.265
_01580_,8.265
_04999_,8.26
net796,8.26
net1335,8.26
debug_mem_data[11],8.25
_02668_,8.24
_03404_,8.24
_03927_,8.24
_04470_,8.24
_06416_,8.24
net480,8.24
net1039,8.24
_00122_,8.225
_02807_,8.22
net1205,8.22
_00695_,8.205
_01633_,8.205
net336,8.2
net841,8.2
_01454_,8.185
_03861_,8.18
_00543_,8.175
_01641_,8.175
_00698_,8.165
_00873_,8.165
_01138_,8.165
_01142_,8.165
_01211_,8.165
_01397_,8.165
_00261_,8.16
_00633_,8.16
_01595_,8.16
_03353_,8.16
_06979_,8.16
_00411_,8.155
_01090_,8.155
_00410_,8.145
_01708_,8.14
_01873_,8.14
_02313_,8.14
_02696_,8.14
_02919_,8.14
_03241_,8.14
_03490_,8.14
_04436_,8.14
_04465_,8.14
_04679_,8.14
_05112_,8.14
_05323_,8.14
_05441_,8.14
_05748_,8.14
_05999_,8.14
_06533_,8.14
_07139_,8.14
net295,8.14
net948,8.14
_03139_,8.13
_02661_,8.12
_03573_,8.12
_05504_,8.12
_05835_,8.12
dmem.ram\[46\]\[1\],8.12
net257,8.12
net1140,8.12
_00903_,8.105
_01930_,8.1
_02086_,8.1
_02111_,8.1
_03171_,8.1
_05201_,8.1
_05224_,8.1
_05414_,8.1
_06267_,8.1
_06350_,8.1
_06625_,8.1
_06822_,8.1
_07292_,8.1
rr_ex_reg.instr_out\[4\],8.1
net331,8.1
net755,8.1
net834,8.1
net1195,8.1
imem.rom\[15\]\[15\],8.08
_00030_,8.065
_00126_,8.065
_00743_,8.065
_00794_,8.065
_00819_,8.065
_00826_,8.065
_01516_,8.065
_02173_,8.06
_02298_,8.06
_02357_,8.06
_02646_,8.06
_03249_,8.06
_04284_,8.06
_04992_,8.06
_05405_,8.06
_05505_,8.06
_06190_,8.06
_06392_,8.06
_06512_,8.06
_07259_,8.06
net384,8.06
debug_mem_data[3],8.05
_01260_,8.04
_03017_,8.04
_03390_,8.04
debug_reg_data[14],8.04
debug_reg_data[2],8.04
pc_out_port[14],8.04
net302,8.04
_00317_,8.035
_00081_,8.025
_00493_,8.025
_00709_,8.025
_00717_,8.025
_00835_,8.025
_00888_,8.025
imem.rom\[10\]\[6\],8.025
imem.rom\[14\]\[8\],8.025
_02440_,8.02
_04220_,8.02
_04477_,8.02
_04874_,8.02
_05281_,8.02
_05850_,8.02
_06988_,8.02
_07047_,8.02
_07230_,8.02
_07232_,8.02
_07279_,8.02
net698,8.02
net1024,8.02
net1048,8.02
net1317,8.02
_06170_,8
_06737_,8
_00083_,7.985
_00415_,7.985
_00528_,7.985
_01882_,7.98
_02585_,7.98
_02774_,7.98
_04571_,7.98
_04902_,7.98
_05240_,7.98
_05264_,7.98
_05335_,7.98
_05540_,7.98
_06168_,7.98
_06177_,7.98
_06274_,7.98
_06981_,7.98
_07159_,7.98
net896,7.98
net1187,7.98
_01030_,7.965
_02129_,7.96
_02525_,7.94
_02998_,7.94
_04139_,7.94
_04943_,7.94
_06537_,7.94
_07073_,7.94
net603,7.94
net1067,7.94
_03307_,7.92
_05143_,7.92
_05668_,7.92
instr_waddr[0],7.92
net262,7.92
net704,7.92
net705,7.92
net741,7.92
net832,7.92
net978,7.92
net1091,7.92
_00928_,7.9
_01909_,7.9
_02711_,7.9
_04713_,7.9
_06007_,7.9
net484,7.9
net565,7.9
net1128,7.9
_00602_,7.885
_00047_,7.88
_00398_,7.88
_00444_,7.88
_03583_,7.88
mm_wb_reg.Rd_Data_Out_PR\[14\],7.88
net284,7.88
net380,7.88
net622,7.88
net1162,7.88
net1235,7.88
_02817_,7.86
_04717_,7.86
_04808_,7.86
_06303_,7.86
net664,7.86
net797,7.86
_00064_,7.845
_00067_,7.845
_06421_,7.84
net225,7.84
net1185,7.84
net1288,7.84
_03434_,7.82
_04483_,7.82
_06129_,7.82
net536,7.82
net959,7.82
net1245,7.82
_00511_,7.815
_01143_,7.815
_00641_,7.805
_01256_,7.805
_01298_,7.805
_01317_,7.805
_01325_,7.805
_01335_,7.805
_00659_,7.8
_04491_,7.8
_06720_,7.8
net687,7.8
net738,7.8
_01016_,7.765
_04095_,7.74
_04443_,7.74
_06079_,7.74
imem.rom\[15\]\[8\],7.74
net1339,7.74
_00527_,7.725
_02781_,7.7
_06974_,7.7
_00340_,7.685
_01950_,7.68
_02179_,7.68
_02654_,7.68
_03152_,7.68
_03615_,7.68
_04058_,7.68
_04445_,7.68
_04944_,7.68
_05638_,7.68
_05709_,7.68
_05725_,7.68
_05729_,7.68
_05931_,7.68
_06395_,7.68
_06661_,7.68
net267,7.68
net289,7.68
net323,7.68
net340,7.68
net404,7.68
net740,7.68
net813,7.68
net1066,7.68
net1290,7.68
net1342,7.68
net1359,7.68
_00872_,7.665
_01038_,7.665
_03620_,7.66
_05305_,7.66
_06959_,7.66
_07082_,7.66
net537,7.66
_01606_,7.645
_01793_,7.64
_01918_,7.64
_02412_,7.64
_02467_,7.64
_02547_,7.64
_03091_,7.64
_03566_,7.64
_04636_,7.64
_04805_,7.64
_04880_,7.64
_04941_,7.64
_05378_,7.64
_05397_,7.64
_05942_,7.64
_06008_,7.64
_06055_,7.64
_06247_,7.64
_06280_,7.64
_06487_,7.64
_06597_,7.64
_07117_,7.64
net259,7.64
net572,7.64
net650,7.64
net1289,7.64
_02411_,7.62
_00023_,7.605
_00117_,7.605
_00151_,7.605
_00212_,7.605
_00283_,7.605
_00352_,7.605
_00606_,7.605
_00760_,7.605
_01049_,7.605
_01166_,7.605
_01449_,7.605
_03607_,7.6
_04409_,7.6
_04518_,7.6
_04572_,7.6
_05110_,7.6
_05167_,7.6
_05300_,7.6
_05597_,7.6
_07175_,7.6
_05136_,7.58
_05753_,7.58
_06654_,7.58
net1191,7.58
_00522_,7.565
_00635_,7.565
_01336_,7.565
_00485_,7.56
_01774_,7.56
_02914_,7.56
_03228_,7.56
_03946_,7.56
_04185_,7.56
_04269_,7.56
_04968_,7.56
_05183_,7.56
_05445_,7.56
_05531_,7.56
_05595_,7.56
_06118_,7.56
_06203_,7.56
_06349_,7.56
_06685_,7.56
_07010_,7.56
_07144_,7.56
_07182_,7.56
net184,7.56
net659,7.56
net736,7.56
net937,7.56
net962,7.56
_01144_,7.545
_01258_,7.545
_01300_,7.545
_02454_,7.54
_06071_,7.54
_00294_,7.525
_00418_,7.525
_01768_,7.52
_01792_,7.52
_01813_,7.52
_02319_,7.52
_02620_,7.52
_02798_,7.52
_02949_,7.52
_03006_,7.52
_03523_,7.52
_03578_,7.52
_03775_,7.52
_04012_,7.52
_04966_,7.52
_05130_,7.52
_05190_,7.52
_05216_,7.52
_05317_,7.52
_05419_,7.52
_05584_,7.52
_06061_,7.52
_06236_,7.52
_06294_,7.52
_06333_,7.52
_06864_,7.52
net130,7.52
net136,7.52
net186,7.52
net739,7.52
net759,7.52
net914,7.52
net1008,7.52
_01828_,7.5
_04425_,7.5
_05879_,7.5
_06047_,7.5
_00174_,7.485
_00775_,7.485
_01395_,7.48
_02076_,7.48
_03224_,7.48
_05075_,7.48
_05163_,7.48
_00664_,7.46
_00689_,7.46
_00876_,7.46
_02519_,7.46
_03951_,7.46
net406,7.46
net515,7.46
net594,7.46
net635,7.46
net695,7.46
net710,7.46
net758,7.46
net780,7.46
net1010,7.46
net1038,7.46
net1071,7.46
net1100,7.46
net1108,7.46
net1240,7.46
net1281,7.46
net1299,7.46
_02679_,7.44
_04422_,7.44
_06400_,7.44
_06841_,7.44
ex_mm_reg.ALU_Result_Out\[5\],7.44
imem.rom\[11\]\[11\],7.44
net189,7.44
net485,7.44
net1208,7.44
_00716_,7.42
_02073_,7.42
_05669_,7.42
_07282_,7.42
net509,7.42
net684,7.42
net716,7.42
net750,7.42
net970,7.42
net975,7.42
net1168,7.42
net1312,7.42
_01271_,7.415
_05013_,7.415
_04542_,7.4
_04616_,7.4
imem.rom\[5\]\[13\],7.4
_00201_,7.385
_00378_,7.385
_00455_,7.385
_00905_,7.385
_01023_,7.385
_01320_,7.385
_01389_,7.385
_05145_,7.38
_00969_,7.365
_03348_,7.36
_04350_,7.36
_05131_,7.36
_05440_,7.36
net124,7.36
net141,7.36
net649,7.36
net1029,7.36
net1279,7.36
_00028_,7.345
_00032_,7.345
_00350_,7.345
_00719_,7.345
_01296_,7.345
_01373_,7.345
_02068_,7.34
_04641_,7.34
net1045,7.34
_02981_,7.32
_03030_,7.32
_03864_,7.32
_04290_,7.32
_04675_,7.32
_04823_,7.32
_06539_,7.32
net763,7.32
net1232,7.32
_00957_,7.315
_00132_,7.305
_00156_,7.305
_00358_,7.305
_00868_,7.305
_01555_,7.3
_04158_,7.3
mm_wb_reg.Rd_Data_Out_PR\[1\],7.3
_00013_,7.295
_00665_,7.285
_01179_,7.285
_01185_,7.285
_01378_,7.285
_04025_,7.28
net922,7.28
_00170_,7.245
_00556_,7.245
_01125_,7.245
_02522_,7.24
_03083_,7.24
_07011_,7.24
net682,7.24
_01680_,7.22
_01718_,7.22
_02523_,7.22
_02526_,7.22
_02799_,7.22
_02829_,7.22
_02871_,7.22
_03369_,7.22
_05140_,7.22
_05367_,7.22
_05894_,7.22
_06245_,7.22
_06325_,7.22
_07236_,7.22
imem.rom\[9\]\[9\],7.22
net235,7.22
net293,7.22
net932,7.22
net944,7.22
net983,7.22
net1049,7.22
net1274,7.22
_01604_,7.205
_06072_,7.2
_06077_,7.2
_07072_,7.2
_03102_,7.19
_00050_,7.185
_00413_,7.185
_01827_,7.18
_02320_,7.18
_02851_,7.18
_04221_,7.18
_04862_,7.18
_05084_,7.18
_05172_,7.18
_05417_,7.18
_05828_,7.18
_05969_,7.18
_06547_,7.18
_06572_,7.18
_06605_,7.18
_06801_,7.18
imem.rom\[5\]\[15\],7.18
net163,7.18
net449,7.18
net553,7.18
net964,7.18
net1116,7.18
_00806_,7.165
_03326_,7.16
_00021_,7.145
_00062_,7.145
_00287_,7.145
_00346_,7.145
_00348_,7.145
_00420_,7.145
_00454_,7.145
_00524_,7.145
_00557_,7.145
_00710_,7.145
_00987_,7.145
_01068_,7.145
_01292_,7.145
_01910_,7.14
_02340_,7.14
_05132_,7.14
_05355_,7.14
_06511_,7.14
_01592_,7.12
_02831_,7.12
_02968_,7.12
_04983_,7.12
_06317_,7.12
_06535_,7.12
_06593_,7.12
_06953_,7.12
_07069_,7.12
_07198_,7.12
_00994_,7.105
_01396_,7.105
_01777_,7.1
_02278_,7.1
_02780_,7.1
_02801_,7.1
_02970_,7.1
_03212_,7.1
_04410_,7.1
_04433_,7.1
_04976_,7.1
_05265_,7.1
_05267_,7.1
_05473_,7.1
_05799_,7.1
_05803_,7.1
_06052_,7.1
_06214_,7.1
_06260_,7.1
_06914_,7.1
_07094_,7.1
_07169_,7.1
_07174_,7.1
mm_wb_reg.Rd_Data_Out_PR\[0\],7.1
net213,7.1
net357,7.1
net556,7.1
net614,7.1
net717,7.1
net733,7.1
net1251,7.1
_01209_,7.08
_01841_,7.06
_01952_,7.06
_02299_,7.06
_02324_,7.06
_02332_,7.06
_02985_,7.06
_03248_,7.06
_03544_,7.06
_04646_,7.06
_04848_,7.06
_04881_,7.06
_05380_,7.06
_05507_,7.06
_05548_,7.06
_05572_,7.06
_05804_,7.06
_05841_,7.06
_05987_,7.06
_06070_,7.06
_06639_,7.06
_06665_,7.06
_06859_,7.06
_06865_,7.06
dmem.ram\[23\]\[6\],7.06
net183,7.06
net185,7.06
net489,7.06
net873,7.06
net1242,7.06
_00200_,7.045
_00423_,7.045
_00812_,7.045
_00995_,7.045
_01476_,7.045
_01538_,7.045
_01589_,7.045
_03405_,7.04
_00065_,7.025
_01436_,7.025
_00767_,7.02
_00680_,7
_00836_,7
_01285_,7
_03622_,7
_04054_,7
_04184_,7
_04728_,7
_06249_,7
_06299_,7
_06398_,7
_06440_,7
_06795_,7
_06901_,7
net317,7
net546,7
net608,7
net669,7
net724,7
net771,7
net785,7
net826,7
net1224,7
net1321,7
_01314_,6.985
_00816_,6.98
_04993_,6.98
_05022_,6.98
_05312_,6.98
_07151_,6.98
net143,6.98
net409,6.98
net806,6.98
net1343,6.98
_00487_,6.975
_00407_,6.96
_00954_,6.96
_01111_,6.96
_02960_,6.96
_03549_,6.96
_06289_,6.96
net428,6.96
net610,6.96
net634,6.96
net671,6.96
net749,6.96
net1153,6.96
net1353,6.96
_02379_,6.94
_02480_,6.94
_03666_,6.94
_04252_,6.94
_04460_,6.94
dmem.ram\[11\]\[2\],6.94
imem.rom\[5\]\[12\],6.94
net335,6.94
_01196_,6.925
_01218_,6.925
_03507_,6.92
_04386_,6.92
_07274_,6.92
net516,6.92
_00029_,6.905
_01632_,6.905
_02816_,6.9
_03323_,6.9
net314,6.9
_00443_,6.885
_00562_,6.885
_01072_,6.885
_01114_,6.885
_01394_,6.885
_01750_,6.88
_03696_,6.88
_04517_,6.88
net848,6.88
net1399,6.88
_02405_,6.86
_02994_,6.86
_06308_,6.86
_06699_,6.86
net134,6.86
_00943_,6.84
_03050_,6.84
_03313_,6.84
_04041_,6.84
_04051_,6.84
dmem.ram\[6\]\[0\],6.835
net376,6.83
_00486_,6.825
_00581_,6.825
_01634_,6.825
_00344_,6.82
_05756_,6.82
net714,6.82
_00286_,6.805
_00696_,6.805
_02444_,6.8
_03272_,6.78
_03740_,6.78
_04719_,6.78
_04822_,6.78
_06161_,6.78
_06314_,6.78
net231,6.78
net991,6.78
net1110,6.78
_00238_,6.765
_01043_,6.76
_01662_,6.76
_01814_,6.76
_01846_,6.76
_01941_,6.76
_01990_,6.76
_02395_,6.76
_02459_,6.76
_02505_,6.76
_02508_,6.76
_02834_,6.76
_03214_,6.76
_04374_,6.76
_04403_,6.76
_04617_,6.76
_04734_,6.76
_04748_,6.76
_04975_,6.76
_05062_,6.76
_06175_,6.76
_06265_,6.76
_06292_,6.76
_06466_,6.76
_06630_,6.76
_06662_,6.76
_06796_,6.76
_06978_,6.76
_07296_,6.76
net167,6.76
net497,6.76
net512,6.76
net529,6.76
net969,6.76
net987,6.76
net996,6.76
net1327,6.76
_05293_,6.74
_07003_,6.74
_00518_,6.725
_00614_,6.725
_00725_,6.725
_01983_,6.72
_02392_,6.72
_02737_,6.72
_02811_,6.72
_02930_,6.72
_02932_,6.72
_02965_,6.72
_03230_,6.72
_03339_,6.72
_03478_,6.72
_03653_,6.72
_03751_,6.72
_04065_,6.72
_04103_,6.72
_04148_,6.72
_04154_,6.72
_04351_,6.72
_05291_,6.72
_05370_,6.72
_05510_,6.72
_06251_,6.72
_06617_,6.72
_06799_,6.72
_07163_,6.72
id_rr_reg.pc_next_out\[4\],6.72
imem.rom\[15\]\[0\],6.72
net920,6.72
net1395,6.72
_00965_,6.715
_00552_,6.705
_00757_,6.705
_00859_,6.705
_00899_,6.705
_01322_,6.705
_01520_,6.705
_01639_,6.705
_01643_,6.705
_03879_,6.7
_00332_,6.685
_00549_,6.685
_00889_,6.685
_00906_,6.685
_00991_,6.685
_00997_,6.685
_01181_,6.685
_01457_,6.685
_01517_,6.685
_00644_,6.66
_01685_,6.66
_04094_,6.66
_06426_,6.66
_00288_,6.645
_00326_,6.645
_01073_,6.645
_01473_,6.645
_01692_,6.64
_01694_,6.64
_02162_,6.64
_02305_,6.64
_02815_,6.64
_02828_,6.64
_02832_,6.64
_02856_,6.64
_04046_,6.64
_04200_,6.64
_04633_,6.64
_04852_,6.64
_05555_,6.64
_05794_,6.64
_05796_,6.64
_05847_,6.64
_05927_,6.64
_06103_,6.64
_06221_,6.64
_06734_,6.64
_07166_,6.64
_07200_,6.64
net160,6.64
net288,6.64
net787,6.64
net1180,6.64
net1385,6.64
_00582_,6.625
_00617_,6.625
_01190_,6.625
_01334_,6.625
_02790_,6.62
_02844_,6.62
_03553_,6.62
_04360_,6.62
_06507_,6.62
_07066_,6.62
imem.rom\[15\]\[7\],6.62
_01860_,6.6
_02512_,6.6
_02513_,6.6
_02662_,6.6
_02802_,6.6
_02903_,6.6
_02940_,6.6
_03120_,6.6
_03188_,6.6
_03246_,6.6
_03535_,6.6
_04407_,6.6
_04429_,6.6
_04657_,6.6
_05018_,6.6
_05054_,6.6
_05509_,6.6
_06556_,6.6
_06975_,6.6
_07288_,6.6
net94,6.6
net176,6.6
net735,6.6
net845,6.6
net921,6.6
_03145_,6.59
_01771_,6.58
_02169_,6.58
_02750_,6.58
_02794_,6.58
_00056_,6.565
_01451_,6.565
_00412_,6.555
_00436_,6.54
_01368_,6.54
_01374_,6.54
_02146_,6.54
_04145_,6.54
_04319_,6.54
net275,6.54
net426,6.54
net564,6.54
net643,6.54
net681,6.54
net711,6.54
net731,6.54
net772,6.54
net931,6.54
net938,6.54
net1073,6.54
net1161,6.54
net1367,6.54
net1390,6.54
_00702_,6.525
_04047_,6.52
_04090_,6.52
_05117_,6.52
_06367_,6.52
_07038_,6.52
net1178,6.52
_00366_,6.5
_03908_,6.5
_04055_,6.5
_04404_,6.5
_04949_,6.5
_06648_,6.5
_07098_,6.5
net586,6.5
net651,6.5
net789,6.5
net811,6.5
net864,6.5
net930,6.5
net1227,6.5
net1376,6.5
_00705_,6.485
_02217_,6.48
_05416_,6.48
_00354_,6.465
_00797_,6.465
_00845_,6.465
_00999_,6.465
_01461_,6.465
_01585_,6.465
net1212,6.46
_01468_,6.445
_01616_,6.445
_02990_,6.44
_04466_,6.44
_06906_,6.44
net402,6.44
net544,6.44
net591,6.44
net689,6.44
net692,6.44
net784,6.44
net831,6.44
net853,6.44
net1237,6.44
net1372,6.44
instr_we,6.43
_00010_,6.425
_00172_,6.425
_00242_,6.425
_00250_,6.425
_00480_,6.425
_01205_,6.425
_01291_,6.425
_07048_,6.42
net870,6.42
_02664_,6.41
_00811_,6.4
_02955_,6.4
_04512_,6.4
_04960_,6.4
_07091_,6.4
net1050,6.4
net1139,6.4
_02423_,6.38
_03761_,6.38
_04093_,6.38
_04531_,6.38
net557,6.38
net869,6.38
_00027_,6.365
_00034_,6.365
_00069_,6.365
_00163_,6.365
_00164_,6.365
_00223_,6.365
_00281_,6.365
_00382_,6.365
_00441_,6.365
_00544_,6.365
_00649_,6.365
_00667_,6.365
_00759_,6.365
_00852_,6.365
_00884_,6.365
_00904_,6.365
_00907_,6.365
_00910_,6.365
_00972_,6.365
_01193_,6.365
_01254_,6.365
_01255_,6.365
_01277_,6.365
_01299_,6.365
_01342_,6.365
_01349_,6.365
_01390_,6.365
_01437_,6.365
_01542_,6.365
_01569_,6.365
_02746_,6.36
_03360_,6.36
_04687_,6.36
_04845_,6.36
_01116_,6.355
_00653_,6.345
_01386_,6.345
_02062_,6.32
_02474_,6.32
_02554_,6.32
_02596_,6.32
_03144_,6.32
_04441_,6.32
_06892_,6.32
_00189_,6.3
_01679_,6.3
_01858_,6.3
_01988_,6.3
_02429_,6.3
_02521_,6.3
_02541_,6.3
_02657_,6.3
_02726_,6.3
_02902_,6.3
_02939_,6.3
_02957_,6.3
_03047_,6.3
_03061_,6.3
_03130_,6.3
_03146_,6.3
_03207_,6.3
_03265_,6.3
_03371_,6.3
_03406_,6.3
_03800_,6.3
_04015_,6.3
_04305_,6.3
_04709_,6.3
_05239_,6.3
_05351_,6.3
_05422_,6.3
_05541_,6.3
_05918_,6.3
_05923_,6.3
_06093_,6.3
_06098_,6.3
_06135_,6.3
_06297_,6.3
_06862_,6.3
_07014_,6.3
_07167_,6.3
_07195_,6.3
_07211_,6.3
if_id_reg.Instr_Out\[10\],6.3
net304,6.3
net712,6.3
_00701_,6.285
_01603_,6.285
_01731_,6.28
_02017_,6.28
_02996_,6.28
_03763_,6.28
_05372_,6.28
_00720_,6.265
_00737_,6.265
_01063_,6.265
_00194_,6.26
_01869_,6.26
_01887_,6.26
_01946_,6.26
_02020_,6.26
_02943_,6.26
_03008_,6.26
_03010_,6.26
_03242_,6.26
_03428_,6.26
_03541_,6.26
_04208_,6.26
_04238_,6.26
_04654_,6.26
_05237_,6.26
_05303_,6.26
_05399_,6.26
_05610_,6.26
_05743_,6.26
_05982_,6.26
_06273_,6.26
_06993_,6.26
_07015_,6.26
_07150_,6.26
_07290_,6.26
id_rr_reg.pc_next_out\[6\],6.26
imem.rom\[15\]\[5\],6.26
net1037,6.26
net1176,6.26
net1213,6.26
_01392_,6.245
instr_wdata[0],6.23
_00320_,6.225
_00347_,6.225
_00763_,6.225
_00916_,6.225
_00933_,6.225
_01042_,6.225
_01147_,6.225
debug_mem_data[13],6.21
debug_mem_data[8],6.21
debug_reg_data[12],6.21
pc_out_port[9],6.21
_00942_,6.2
_01647_,6.2
_01783_,6.2
_02599_,6.2
_03124_,6.2
_03178_,6.2
_03486_,6.2
_03517_,6.2
_05331_,6.2
_06213_,6.2
_06623_,6.2
_06664_,6.2
net121,6.2
net263,6.2
_00139_,6.185
_00330_,6.185
_00708_,6.185
_00892_,6.185
_01247_,6.185
_00182_,6.18
_01779_,6.18
_02318_,6.18
_02330_,6.18
_02342_,6.18
_02344_,6.18
_03147_,6.18
_03543_,6.18
_03626_,6.18
_03752_,6.18
_04026_,6.18
_04038_,6.18
_04207_,6.18
_04692_,6.18
_05218_,6.18
_05450_,6.18
_05479_,6.18
_06186_,6.18
_06461_,6.18
_06569_,6.18
net1032,6.18
_05246_,6.16
_01942_,6.14
_02431_,6.14
_02486_,6.14
_02536_,6.14
_02720_,6.14
_02909_,6.14
_02950_,6.14
_02991_,6.14
_03435_,6.14
_03467_,6.14
_03958_,6.14
_04434_,6.14
_04545_,6.14
_05100_,6.14
_05107_,6.14
_05498_,6.14
_05532_,6.14
_05576_,6.14
_06100_,6.14
_06153_,6.14
_06313_,6.14
_06598_,6.14
_06650_,6.14
_07043_,6.14
_07053_,6.14
mm_wb_reg.Rd_Data_Out_PR\[6\],6.14
net707,6.14
net1142,6.14
_01929_,6.12
_02824_,6.12
_00661_,6.105
debug_reg_addr[1],6.09
_01284_,6.08
_01544_,6.08
_03577_,6.08
_04042_,6.08
_05129_,6.08
_05133_,6.08
_05950_,6.08
_06115_,6.08
_06229_,6.08
_06394_,6.08
net253,6.08
net400,6.08
net541,6.08
net542,6.08
net949,6.08
net1031,6.08
net1093,6.08
net1115,6.08
net1138,6.08
net1145,6.08
net1147,6.08
net1186,6.08
net1244,6.08
net1264,6.08
net1267,6.08
net1378,6.08
net1379,6.08
_00316_,6.065
_02699_,6.06
_03143_,6.06
_03459_,6.06
_04062_,6.06
_04765_,6.06
_04827_,6.06
_04974_,6.06
_05315_,6.06
_05400_,6.06
_05737_,6.06
_06074_,6.06
_06123_,6.06
_07205_,6.06
net115,6.06
net879,6.06
_00776_,6.04
_00814_,6.04
_00940_,6.04
_01581_,6.04
_02304_,6.04
_03569_,6.04
_03871_,6.04
_04332_,6.04
_05137_,6.04
_06263_,6.04
net802,6.04
net1352,6.04
_00937_,6.025
imem.rom\[15\]\[4\],6.02
net1119,6.02
_01419_,6.015
_00052_,6.005
_00337_,6.005
_00338_,6.005
_00464_,6.005
_00895_,6.005
_01014_,6.005
_01123_,6.005
_01332_,6.005
_01576_,6.005
_01635_,6.005
_06030_,6
_00367_,5.985
_00585_,5.98
_03432_,5.98
_04040_,5.98
_04671_,5.98
_06842_,5.98
_06949_,5.98
net149,5.98
net161,5.98
net325,5.98
net415,5.98
net431,5.98
net500,5.98
net675,5.98
net767,5.98
net849,5.98
net1054,5.98
net1087,5.98
net1214,5.98
net1220,5.98
net1256,5.98
instr_wdata[2],5.97
_00501_,5.965
_00616_,5.965
_00640_,5.965
_01010_,5.965
net328,5.96
net558,5.96
net801,5.96
net1262,5.96
net1391,5.96
_05599_,5.955
_00953_,5.945
_02730_,5.94
_02778_,5.94
imem.rom\[5\]\[14\],5.94
net496,5.94
net803,5.94
net823,5.94
net946,5.94
_01485_,5.935
_00499_,5.895
_00783_,5.895
_01315_,5.895
_00313_,5.885
_00321_,5.865
_00416_,5.865
_00796_,5.865
_00847_,5.865
_01183_,5.865
_02603_,5.86
_05203_,5.86
_05700_,5.86
net928,5.86
net1069,5.86
net1315,5.86
net1358,5.86
_04863_,5.85
_00142_,5.845
_01943_,5.84
_02286_,5.84
_02905_,5.84
_03131_,5.84
_03292_,5.84
_03352_,5.84
_03381_,5.84
_04003_,5.84
_04102_,5.84
_04448_,5.84
_04847_,5.84
_05195_,5.84
_05846_,5.84
_05852_,5.84
_06009_,5.84
_06042_,5.84
_06097_,5.84
_06128_,5.84
_06448_,5.84
_06637_,5.84
_06674_,5.84
_06852_,5.84
_06987_,5.84
_07034_,5.84
id_rr_reg.pc_next_out\[1\],5.84
net118,5.84
net1076,5.84
net1126,5.84
net1365,5.84
_00687_,5.825
_01607_,5.825
_01644_,5.82
_01840_,5.82
_02626_,5.82
_02634_,5.82
_02637_,5.82
_02951_,5.82
_04442_,5.82
_05398_,5.82
_00379_,5.815
_04730_,5.81
_00267_,5.805
_00537_,5.805
_00985_,5.805
_01510_,5.805
_01614_,5.805
_02065_,5.8
_02254_,5.8
_02576_,5.8
_02629_,5.8
_02772_,5.8
_03036_,5.8
_03417_,5.8
_03716_,5.8
_04000_,5.8
_04278_,5.8
_04375_,5.8
_04454_,5.8
_05209_,5.8
_05286_,5.8
_06243_,5.8
_06508_,5.8
_06770_,5.8
_07096_,5.8
_07206_,5.8
id_rr_reg.pc_next_out\[14\],5.8
rr_ex_reg.RF_D2_Out\[6\],5.8
_00879_,5.795
imem.rom\[6\]\[11\],5.79
_06142_,5.78
_07165_,5.78
_00037_,5.765
_00351_,5.765
_00514_,5.765
_00576_,5.765
_00761_,5.765
_01230_,5.765
_01268_,5.765
_01433_,5.765
_01525_,5.765
_01541_,5.765
_00693_,5.76
_00944_,5.76
_03989_,5.75
_01706_,5.74
_01754_,5.74
_01789_,5.74
_01791_,5.74
_01796_,5.74
_01804_,5.74
_01809_,5.74
_01878_,5.74
_01881_,5.74
_01937_,5.74
_01938_,5.74
_02006_,5.74
_02564_,5.74
_03161_,5.74
_03425_,5.74
_04381_,5.74
_05016_,5.74
_05065_,5.74
_05150_,5.74
_05234_,5.74
_05251_,5.74
_05262_,5.74
_05332_,5.74
_05376_,5.74
_05436_,5.74
_05438_,5.74
_05551_,5.74
_05563_,5.74
_05583_,5.74
_05591_,5.74
_05820_,5.74
_05939_,5.74
_05960_,5.74
_06010_,5.74
_06012_,5.74
_06091_,5.74
_06096_,5.74
_06116_,5.74
_06119_,5.74
_06204_,5.74
_06592_,5.74
_06645_,5.74
_06863_,5.74
_07103_,5.74
_07107_,5.74
_07123_,5.74
_07142_,5.74
_07180_,5.74
_07251_,5.74
_07285_,5.74
net93,5.74
_01345_,5.725
_01430_,5.725
_01720_,5.72
_01868_,5.72
_01989_,5.72
_02289_,5.72
_03046_,5.72
_03137_,5.72
_03898_,5.72
_04348_,5.72
_04635_,5.72
_04744_,5.72
_04756_,5.72
_04797_,5.72
_04809_,5.72
_04924_,5.72
_05142_,5.72
_05180_,5.72
_05469_,5.72
_05552_,5.72
_06038_,5.72
_06610_,5.72
net774,5.72
net957,5.72
net1146,5.72
net1320,5.72
_01011_,5.705
_00252_,5.7
_01599_,5.7
_02553_,5.7
_02895_,5.7
_00842_,5.695
_01656_,5.68
_01659_,5.68
_01723_,5.68
_01757_,5.68
_01778_,5.68
_01806_,5.68
_01823_,5.68
_01855_,5.68
_01863_,5.68
_01886_,5.68
_02250_,5.68
_02499_,5.68
_02608_,5.68
_02666_,5.68
_02818_,5.68
_03007_,5.68
_03055_,5.68
_03203_,5.68
_03244_,5.68
_03419_,5.68
_03429_,5.68
_05146_,5.68
_05179_,5.68
_05301_,5.68
_05840_,5.68
_05849_,5.68
_05854_,5.68
_05957_,5.68
_05968_,5.68
_06045_,5.68
_06082_,5.68
_06084_,5.68
_06200_,5.68
_06389_,5.68
_06530_,5.68
_06604_,5.68
_06658_,5.68
_06836_,5.68
_06870_,5.68
net908,5.68
_04458_,5.675
_00523_,5.645
_00827_,5.645
_01452_,5.645
_00818_,5.62
_00963_,5.62
_01388_,5.62
_01429_,5.62
_01438_,5.62
_01455_,5.62
_01466_,5.62
_02390_,5.62
_03407_,5.62
_04544_,5.62
_04673_,5.62
net363,5.62
net391,5.62
net420,5.62
net581,5.62
net753,5.62
net817,5.62
net941,5.62
net1228,5.62
net1336,5.62
net1350,5.62
_04516_,5.615
_00123_,5.605
_00154_,5.605
_00202_,5.605
_00821_,5.605
_01001_,5.605
_01493_,5.605
_01953_,5.6
_03138_,5.6
_04642_,5.6
_06358_,5.6
_06407_,5.6
_06942_,5.6
_00707_,5.585
_00935_,5.585
_01611_,5.585
_00615_,5.58
_00691_,5.58
_01417_,5.58
_01707_,5.58
net266,5.58
net315,5.58
net513,5.58
net874,5.58
net936,5.58
net1033,5.58
net1355,5.58
_02993_,5.57
_03867_,5.56
_03973_,5.56
_04114_,5.56
imem.rom\[9\]\[3\],5.56
_00887_,5.555
_00053_,5.545
_00097_,5.545
_00114_,5.545
_00140_,5.545
_00678_,5.545
debug_mem_data[5],5.53
_03409_,5.52
_04245_,5.52
_04464_,5.52
net83,5.52
net122,5.52
net128,5.52
net129,5.52
net135,5.52
net137,5.52
net140,5.52
net142,5.52
net147,5.52
net148,5.52
net151,5.52
net166,5.52
net170,5.52
net173,5.52
net178,5.52
net180,5.52
net241,5.52
net291,5.52
net294,5.52
net300,5.52
net308,5.52
net327,5.52
net372,5.52
net381,5.52
net383,5.52
net403,5.52
net434,5.52
net468,5.52
net471,5.52
net502,5.52
net511,5.52
net519,5.52
net526,5.52
net528,5.52
net540,5.52
net559,5.52
net561,5.52
net566,5.52
net570,5.52
net573,5.52
net580,5.52
net582,5.52
net598,5.52
net600,5.52
net604,5.52
net606,5.52
net609,5.52
net618,5.52
net623,5.52
net629,5.52
net637,5.52
net640,5.52
net641,5.52
net647,5.52
net655,5.52
net656,5.52
net676,5.52
net694,5.52
net703,5.52
net730,5.52
net737,5.52
net746,5.52
net760,5.52
net769,5.52
net775,5.52
net788,5.52
net792,5.52
net805,5.52
net815,5.52
net822,5.52
net839,5.52
net843,5.52
net846,5.52
net856,5.52
net862,5.52
net865,5.52
net881,5.52
net885,5.52
net888,5.52
net898,5.52
net909,5.52
net929,5.52
net933,5.52
net935,5.52
net939,5.52
net963,5.52
net966,5.52
net980,5.52
net988,5.52
net990,5.52
net1007,5.52
net1009,5.52
net1015,5.52
net1030,5.52
net1035,5.52
net1046,5.52
net1047,5.52
net1057,5.52
net1059,5.52
net1060,5.52
net1064,5.52
net1065,5.52
net1099,5.52
net1103,5.52
net1123,5.52
net1129,5.52
net1131,5.52
net1143,5.52
net1155,5.52
net1163,5.52
net1164,5.52
net1167,5.52
net1177,5.52
net1182,5.52
net1183,5.52
net1193,5.52
net1196,5.52
net1197,5.52
net1198,5.52
net1199,5.52
net1202,5.52
net1223,5.52
net1226,5.52
net1229,5.52
net1238,5.52
net1307,5.52
net1313,5.52
net1329,5.52
net1362,5.52
net1374,5.52
net1393,5.52
_00155_,5.505
_00325_,5.505
_00784_,5.505
_00992_,5.505
_01044_,5.505
_01412_,5.505
_00574_,5.5
_00956_,5.5
_01238_,5.5
_04897_,5.5
_05221_,5.5
_00098_,5.48
_01356_,5.48
_04050_,5.48
_04565_,5.48
_04714_,5.48
_04831_,5.48
_06704_,5.48
net539,5.48
net1027,5.48
_01487_,5.475
_00176_,5.465
_00996_,5.465
_01288_,5.465
_02500_,5.46
_04166_,5.46
_04530_,5.46
_00134_,5.445
_00199_,5.445
_01087_,5.445
_01439_,5.445
_00386_,5.435
_00414_,5.435
_00580_,5.435
_00652_,5.435
_00260_,5.425
_00328_,5.425
_00850_,5.425
reset,5.41
_00183_,5.4
_02351_,5.4
_02864_,5.4
_03992_,5.4
_04052_,5.4
_04746_,5.4
_05891_,5.4
_06470_,5.4
mm_wb_reg.Rd_Data_Out_PR\[15\],5.4
net334,5.4
net347,5.4
net555,5.4
net693,5.4
net781,5.4
net947,5.4
net1041,5.4
net1092,5.4
_00766_,5.385
_01651_,5.38
_01683_,5.38
_01847_,5.38
_02349_,5.38
_02558_,5.38
_02754_,5.38
_02809_,5.38
_03070_,5.38
_03086_,5.38
_03388_,5.38
_03947_,5.38
_04060_,5.38
_04561_,5.38
_04688_,5.38
_04718_,5.38
_04796_,5.38
_05322_,5.38
_05596_,5.38
_05694_,5.38
_05717_,5.38
_05895_,5.38
_06386_,5.38
_06635_,5.38
_07093_,5.38
_07119_,5.38
imem.rom\[1\]\[6\],5.38
net132,5.38
net438,5.38
net446,5.38
net646,5.38
net1363,5.38
_01119_,5.365
_01666_,5.36
_02514_,5.36
_05023_,5.36
_06425_,5.36
_00858_,5.355
_00860_,5.355
_00342_,5.345
_00424_,5.345
_00434_,5.345
_00438_,5.345
_00469_,5.345
_01136_,5.345
_01499_,5.345
_01563_,5.345
_01596_,5.345
_01713_,5.34
_01829_,5.34
_01879_,5.34
_01903_,5.34
_01991_,5.34
_02035_,5.34
_02371_,5.34
_02427_,5.34
_02436_,5.34
_03001_,5.34
_03373_,5.34
_03497_,5.34
_03537_,5.34
_03580_,5.34
_03739_,5.34
_03798_,5.34
_03953_,5.34
_05324_,5.34
_05374_,5.34
_05511_,5.34
_05515_,5.34
_05659_,5.34
_05817_,5.34
_05886_,5.34
_05951_,5.34
_06089_,5.34
_06180_,5.34
_06309_,5.34
_06607_,5.34
_06660_,5.34
_06861_,5.34
_06941_,5.34
_07086_,5.34
_07266_,5.34
_07280_,5.34
net1273,5.34
_01058_,5.335
_00952_,5.32
_01175_,5.32
_00244_,5.315
_00394_,5.315
_01618_,5.315
_00099_,5.305
_00111_,5.305
_00406_,5.305
_00474_,5.305
_00475_,5.305
_00735_,5.305
_01024_,5.305
_01065_,5.305
_01377_,5.305
_01552_,5.305
_00186_,5.3
_00706_,5.3
_00165_,5.295
debug_mem_data[9],5.29
pc_out_port[13],5.29
_01682_,5.28
_02477_,5.28
_02733_,5.28
_02917_,5.28
_05030_,5.28
_05637_,5.28
_06316_,5.28
_06883_,5.28
_06939_,5.28
_00128_,5.265
_00214_,5.265
_00507_,5.265
_00548_,5.265
_00567_,5.265
_00789_,5.265
_01103_,5.265
_01146_,5.265
_01206_,5.265
_01534_,5.265
_01577_,5.265
_00870_,5.26
_01729_,5.26
_01790_,5.26
_01835_,5.26
_01897_,5.26
_01980_,5.26
_02078_,5.26
_02549_,5.26
_02700_,5.26
_02820_,5.26
_02982_,5.26
_03245_,5.26
_03247_,5.26
_03546_,5.26
_03711_,5.26
_04022_,5.26
_04471_,5.26
_04627_,5.26
_04634_,5.26
_04659_,5.26
_04757_,5.26
_04828_,5.26
_05362_,5.26
_05516_,5.26
_05884_,5.26
_06080_,5.26
_06401_,5.26
_06858_,5.26
_07149_,5.26
net126,5.26
net358,5.26
net547,5.26
net648,5.26
net1381,5.26
_00145_,5.245
_00149_,5.245
_00612_,5.245
_00699_,5.245
_00934_,5.245
_01118_,5.245
_00280_,5.24
_02360_,5.24
_03250_,5.24
_00683_,5.225
_01812_,5.22
_01900_,5.22
_02176_,5.22
_02785_,5.22
_02899_,5.22
_02969_,5.22
_03125_,5.22
_03710_,5.22
_03829_,5.22
_04485_,5.22
_04981_,5.22
_05124_,5.22
_05215_,5.22
_05875_,5.22
_05977_,5.22
_06000_,5.22
_06602_,5.22
_06879_,5.22
_07191_,5.22
debug_reg_data[0],5.19
debug_reg_data[11],5.19
_00277_,5.185
_00506_,5.185
_00930_,5.185
_01070_,5.185
_00273_,5.165
_00492_,5.16
_00547_,5.16
_00833_,5.16
_00856_,5.16
_01017_,5.16
_01057_,5.16
_01156_,5.16
_01283_,5.16
_01405_,5.16
_01415_,5.16
_01496_,5.16
_01601_,5.16
_03040_,5.16
_03520_,5.16
_03940_,5.16
_04416_,5.16
_06230_,5.16
net413,5.16
net433,5.16
net567,5.16
net616,5.16
net982,5.16
net1118,5.16
net1130,5.16
net1219,5.16
net1250,5.16
net1254,5.16
net1305,5.16
net1366,5.16
_01660_,5.14
_02386_,5.14
_02451_,5.14
_02944_,5.14
_03854_,5.14
_04155_,5.14
net510,5.14
net1246,5.14
net1338,5.14
_00322_,5.135
_03361_,5.12
_04480_,5.12
net242,5.12
net287,5.12
net316,5.12
net342,5.12
net665,5.12
net706,5.12
net844,5.12
net907,5.12
_01306_,5.105
_01469_,5.105
_01176_,5.095
_01531_,5.095
_00057_,5.085
_00133_,5.085
_00721_,5.085
_00867_,5.085
_00871_,5.085
_00966_,5.085
_01027_,5.085
_01165_,5.085
_01381_,5.085
_01497_,5.085
_03756_,5.06
_04597_,5.06
_04888_,5.06
net227,5.06
net282,5.06
net286,5.06
net297,5.06
net299,5.06
net309,5.06
net324,5.06
net354,5.06
net362,5.06
net368,5.06
net382,5.06
net392,5.06
net407,5.06
net418,5.06
net427,5.06
net448,5.06
net457,5.06
net462,5.06
net464,5.06
net474,5.06
net478,5.06
net498,5.06
net613,5.06
net615,5.06
net624,5.06
net632,5.06
net654,5.06
net662,5.06
net667,5.06
net677,5.06
net691,5.06
net719,5.06
net722,5.06
net744,5.06
net756,5.06
net765,5.06
net776,5.06
net783,5.06
net786,5.06
net790,5.06
net791,5.06
net824,5.06
net830,5.06
net835,5.06
net842,5.06
net851,5.06
net858,5.06
net860,5.06
net861,5.06
net867,5.06
net880,5.06
net882,5.06
net883,5.06
net884,5.06
net897,5.06
net905,5.06
net915,5.06
net923,5.06
net961,5.06
net997,5.06
net1003,5.06
net1005,5.06
net1017,5.06
net1022,5.06
net1025,5.06
net1028,5.06
net1068,5.06
net1072,5.06
net1082,5.06
net1086,5.06
net1088,5.06
net1104,5.06
net1105,5.06
net1124,5.06
net1133,5.06
net1148,5.06
net1149,5.06
net1156,5.06
net1157,5.06
net1158,5.06
net1159,5.06
net1169,5.06
net1172,5.06
net1203,5.06
net1207,5.06
net1217,5.06
net1221,5.06
net1222,5.06
net1225,5.06
net1269,5.06
net1271,5.06
net1275,5.06
net1277,5.06
net1278,5.06
net1287,5.06
net1292,5.06
net1306,5.06
net1319,5.06
net1322,5.06
net1326,5.06
net1333,5.06
net1348,5.06
_00309_,5.045
_00403_,5.045
_00502_,5.045
_00535_,5.045
_00623_,5.045
_00804_,5.045
_04424_,5.04
_04759_,5.04
_05600_,5.04
net686,5.04
net745,5.04
_00449_,5.02
_03074_,5.02
_04745_,5.02
net1096,5.02
_03042_,5
net968,5
_00427_,4.985
_01046_,4.985
_01365_,4.985
_00318_,4.975
_00512_,4.965
_00981_,4.965
_01318_,4.965
_01489_,4.965
pc_out_port[10],4.95
net249,4.945
_02240_,4.94
_02325_,4.94
_02886_,4.94
_03965_,4.94
_04393_,4.94
_05278_,4.94
_05933_,4.94
_06231_,4.94
_06455_,4.94
_06966_,4.94
_06984_,4.94
_00508_,4.925
_01648_,4.92
_01738_,4.92
_01848_,4.92
_01904_,4.92
_02658_,4.92
_02694_,4.92
_03423_,4.92
_03511_,4.92
_03570_,4.92
_04347_,4.92
_04541_,4.92
_04995_,4.92
_05026_,4.92
_05340_,4.92
_05381_,4.92
_05476_,4.92
_05543_,4.92
_05585_,4.92
_05643_,4.92
_05692_,4.92
_05915_,4.92
_05949_,4.92
_06069_,4.92
_06334_,4.92
_06529_,4.92
_07186_,4.92
_07277_,4.92
id_rr_reg.pc_next_out\[3\],4.92
net119,4.92
net190,4.92
net285,4.92
net311,4.92
net322,4.92
net439,4.92
net1389,4.92
_00586_,4.905
_00587_,4.905
_01108_,4.905
_01598_,4.905
_01605_,4.905
_01608_,4.905
_00253_,4.9
_00588_,4.9
_02597_,4.9
_06947_,4.9
_00020_,4.885
_00374_,4.885
_00741_,4.885
_00773_,4.885
_01109_,4.885
_01213_,4.885
_01269_,4.885
net100,4.885
_00188_,4.88
_01817_,4.88
_01830_,4.88
_01866_,4.88
_02187_,4.88
_02327_,4.88
_02490_,4.88
_02743_,4.88
_02975_,4.88
_03096_,4.88
_03565_,4.88
_04414_,4.88
_05111_,4.88
_05443_,4.88
_05536_,4.88
_05759_,4.88
_05825_,4.88
_05834_,4.88
_05899_,4.88
_05971_,4.88
_06137_,4.88
_06565_,4.88
_06571_,4.88
_07002_,4.88
_07025_,4.88
_07056_,4.88
_07137_,4.88
_07243_,4.88
_07262_,4.88
_00233_,4.845
_00270_,4.845
_00637_,4.845
_00746_,4.845
_01077_,4.845
_01161_,4.845
_01413_,4.845
_05012_,4.83
_02921_,4.825
_03552_,4.82
_04109_,4.82
_05266_,4.82
_05463_,4.82
_05570_,4.82
_06646_,4.82
_00723_,4.805
_01725_,4.8
_01867_,4.8
_01928_,4.8
_01969_,4.8
_01973_,4.8
_02012_,4.8
_02022_,4.8
_02032_,4.8
_02264_,4.8
_02301_,4.8
_02406_,4.8
_03107_,4.8
_03480_,4.8
_03582_,4.8
_03755_,4.8
_04276_,4.8
_04373_,4.8
_04521_,4.8
_04535_,4.8
_04669_,4.8
_04855_,4.8
_04864_,4.8
_04869_,4.8
_05356_,4.8
_05361_,4.8
_05401_,4.8
_05523_,4.8
_06040_,4.8
_06408_,4.8
_06449_,4.8
_06540_,4.8
_06613_,4.8
_06628_,4.8
_06655_,4.8
_06757_,4.8
_06805_,4.8
_06872_,4.8
_07054_,4.8
_07067_,4.8
_07115_,4.8
_07156_,4.8
net59,4.8
net411,4.8
net725,4.8
_06430_,4.795
_01524_,4.785
_01711_,4.76
_02271_,4.76
_02421_,4.76
_03476_,4.76
_04117_,4.76
_04645_,4.76
_04674_,4.76
_05072_,4.76
_05138_,4.76
_05871_,4.76
_06138_,4.76
_06657_,4.76
_06764_,4.76
_07031_,4.76
net571,4.76
_00305_,4.755
debug_mem_addr[1],4.73
_00015_,4.725
_00100_,4.725
_00101_,4.725
_00115_,4.725
_00324_,4.725
_01484_,4.72
_00249_,4.7
_00589_,4.7
_01173_,4.7
_01197_,4.7
_01290_,4.7
_01380_,4.7
_02155_,4.7
_02926_,4.7
_03966_,4.7
_03999_,4.7
_04265_,4.7
_04362_,4.7
_04519_,4.7
net310,4.7
net338,4.7
net385,4.7
net575,4.7
net628,4.7
net1249,4.7
_01477_,4.695
_04601_,4.69
_04546_,4.68
_04956_,4.68
_05232_,4.68
imem.rom\[9\]\[0\],4.68
_03317_,4.66
_03574_,4.66
_04257_,4.66
_04402_,4.66
_04438_,4.66
_04493_,4.66
_04655_,4.66
net172,4.66
net1200,4.66
_05041_,4.655
_00077_,4.635
_00323_,4.635
_00668_,4.635
_06198_,4.635
_00153_,4.625
_00179_,4.625
_00392_,4.625
_00546_,4.625
_01295_,4.625
_01458_,4.625
_01467_,4.625
carry_flag_port,4.61
debug_mem_addr[0],4.61
debug_mem_data[0],4.61
debug_mem_data[7],4.61
instr_wdata[15],4.61
instr_wdata[6],4.61
pc_out_port[11],4.61
_01013_,4.605
_03347_,4.6
_04527_,4.6
net209,4.6
net217,4.6
net218,4.6
net233,4.6
net1398,4.6
_00178_,4.585
_00292_,4.585
_00312_,4.585
_00401_,4.585
_00973_,4.585
_01340_,4.585
_01358_,4.585
_00041_,4.58
_02545_,4.58
_04229_,4.58
_04353_,4.58
_05147_,4.58
_06291_,4.58
_06903_,4.58
_04419_,4.56
net1386,4.56
_00091_,4.555
_00791_,4.545
_01561_,4.545
_04378_,4.54
_00143_,4.525
_00248_,4.525
_01227_,4.525
_01233_,4.525
_01245_,4.525
_01470_,4.525
_00610_,4.505
_04291_,4.5
_04814_,4.49
_00171_,4.485
_01507_,4.485
_00184_,4.48
_05194_,4.48
_05197_,4.48
_05199_,4.48
_06503_,4.48
id_rr_reg.pc_next_out\[0\],4.48
id_rr_reg.pc_next_out\[2\],4.48
net92,4.48
_01654_,4.46
_01766_,4.46
_01831_,4.46
_01843_,4.46
_01885_,4.46
_02283_,4.46
_02795_,4.46
_02854_,4.46
_02861_,4.46
_03182_,4.46
_03365_,4.46
_04420_,4.46
_04474_,4.46
_04661_,4.46
_04986_,4.46
_05028_,4.46
_05095_,4.46
_05261_,4.46
_05411_,4.46
_05462_,4.46
_05565_,4.46
_05605_,4.46
_05859_,4.46
_05952_,4.46
_06025_,4.46
_06027_,4.46
_06108_,4.46
_06370_,4.46
_06381_,4.46
_06382_,4.46
_06523_,4.46
_06543_,4.46
_06612_,4.46
_06747_,4.46
_06853_,4.46
_07016_,4.46
_07216_,4.46
_07255_,4.46
_07286_,4.46
id_rr_reg.pc_next_out\[12\],4.46
net371,4.46
net377,4.46
net973,4.46
_04801_,4.455
net721,4.44
_06983_,4.43
_00019_,4.425
_00175_,4.425
_00971_,4.425
_00977_,4.425
_01036_,4.425
_01152_,4.425
_01191_,4.425
_01361_,4.425
_01401_,4.425
_01486_,4.425
_01554_,4.425
_01602_,4.425
_01733_,4.42
_01745_,4.42
_01870_,4.42
_01901_,4.42
_02233_,4.42
_02388_,4.42
_02463_,4.42
_02836_,4.42
_03499_,4.42
_03939_,4.42
_05187_,4.42
_05299_,4.42
_06141_,4.42
_06885_,4.42
net863,4.42
_01624_,4.405
_00187_,4.385
_00517_,4.385
_00781_,4.385
_01039_,4.385
_01071_,4.385
_01251_,4.385
_01384_,4.385
_00431_,4.36
_01597_,4.36
_02167_,4.36
_02958_,4.36
_03283_,4.36
_04579_,4.36
_05126_,4.36
_06159_,4.36
_06452_,4.36
_06860_,4.36
_01821_,4.34
_01836_,4.34
_01905_,4.34
_01979_,4.34
_02011_,4.34
_02496_,4.34
_02551_,4.34
_02618_,4.34
_02672_,4.34
_02999_,4.34
_03380_,4.34
_03395_,4.34
_03932_,4.34
_04076_,4.34
_04167_,4.34
_04194_,4.34
_04275_,4.34
_04421_,4.34
_04994_,4.34
_05032_,4.34
_05158_,4.34
_05346_,4.34
_05388_,4.34
_05433_,4.34
_05502_,4.34
_05506_,4.34
_05644_,4.34
_06054_,4.34
_06586_,4.34
_06817_,4.34
_06971_,4.34
_06976_,4.34
_07004_,4.34
_07055_,4.34
_07110_,4.34
_07196_,4.34
_07203_,4.34
net54,4.34
net668,4.34
net876,4.34
net1079,4.34
net1109,4.34
_00051_,4.325
_00564_,4.325
_00657_,4.325
_00769_,4.325
_00771_,4.325
_00958_,4.325
_01220_,4.325
_01399_,4.325
_00566_,4.265
_01440_,4.265
_00275_,4.26
_00515_,4.26
_01034_,4.26
_01321_,4.26
_00044_,4.245
_01511_,4.245
_00262_,4.24
_00672_,4.24
_01078_,4.24
_01328_,4.24
_01346_,4.24
_02080_,4.24
_02462_,4.24
_02561_,4.24
_03059_,4.24
_03398_,4.24
_03728_,4.24
_04049_,4.24
_04246_,4.24
_04372_,4.24
_04384_,4.24
_04529_,4.24
_04755_,4.24
_06753_,4.24
net269,4.24
net688,4.24
net747,4.24
net799,4.24
net992,4.24
net1090,4.24
net1174,4.24
net1201,4.24
_02942_,4.22
_04595_,4.22
_04624_,4.22
_05334_,4.22
_06691_,4.22
_01911_,4.2
_02936_,4.2
_03392_,4.2
_04415_,4.2
_00146_,4.165
_00211_,4.165
_00319_,4.165
_00545_,4.165
_00919_,4.165
_00979_,4.165
_00990_,4.165
_01515_,4.165
_01519_,4.165
_01522_,4.165
_04946_,4.16
_02449_,4.14
_03611_,4.14
_04270_,4.14
_04903_,4.14
_04969_,4.14
_05151_,4.14
_06980_,4.14
_00166_,4.125
_00437_,4.125
_00540_,4.125
_00607_,4.125
_02884_,4.12
_03085_,4.12
_04323_,4.12
net109,4.12
net1234,4.12
_01490_,4.115
_04115_,4.1
_06463_,4.1
_06464_,4.1
net479,4.1
net562,4.1
_00022_,4.085
_00024_,4.085
_00265_,4.085
_01302_,4.085
_01353_,4.085
_01410_,4.085
_01494_,4.085
_02776_,4.07
_00254_,4.045
_00365_,4.045
_00611_,4.045
_01225_,4.045
_07132_,4.04
_06782_,4.03
_01523_,4.025
_00565_,4.02
_02339_,4.02
_02466_,4.02
_03018_,4.02
_03108_,4.02
_03400_,4.02
_04008_,4.02
_04021_,4.02
_04532_,4.02
_06482_,4.02
_06771_,4.02
_01671_,4
_01703_,4
_01822_,4
_01986_,4
_02009_,4
_02046_,4
_02070_,4
_02470_,4
_02641_,4
_02674_,4
_02681_,4
_02697_,4
_02709_,4
_02973_,4
_03003_,4
_03041_,4
_03080_,4
_03105_,4
_03209_,4
_03418_,4
_03790_,4
_03838_,4
_03901_,4
_04079_,4
_04621_,4
_04815_,4
_05342_,4
_05582_,4
_05901_,4
_05976_,4
_06043_,4
_06509_,4
_06538_,4
_06815_,4
_06831_,4
_06850_,4
_06890_,4
_07052_,4
net58,4
net110,4
net120,4
net139,4
net298,4
net330,4
net394,4
net809,4
net886,4
net1078,4
net1141,4
_00572_,3.995
_01500_,3.995
_01456_,3.98
_06239_,3.98
_06478_,3.98
_00331_,3.975
_00579_,3.975
_00012_,3.965
_00125_,3.965
_00299_,3.965
_00409_,3.965
_00442_,3.965
_00447_,3.965
_00628_,3.965
_00730_,3.965
_00950_,3.965
_01055_,3.965
_01129_,3.965
_01145_,3.965
_01241_,3.965
_01276_,3.965
_01311_,3.965
_01418_,3.965
_04294_,3.96
_00621_,3.945
_02396_,3.93
debug_mem_data[4],3.93
debug_reg_data[10],3.93
debug_reg_data[3],3.93
instr_wdata[12],3.93
pc_out_port[2],3.93
_00042_,3.925
_00066_,3.925
_00236_,3.925
_00402_,3.925
_00505_,3.925
_00570_,3.925
_00685_,3.925
_00714_,3.925
_00786_,3.925
_00809_,3.925
_00853_,3.925
_00881_,3.925
_00894_,3.925
_00923_,3.925
_01012_,3.925
_01270_,3.925
_01621_,3.925
_01638_,3.925
_00947_,3.9
_01376_,3.9
_01672_,3.9
_01915_,3.9
_03625_,3.9
_04401_,3.9
_04609_,3.9
_05092_,3.9
_05113_,3.9
_05336_,3.9
_05488_,3.9
_06641_,3.9
_06874_,3.9
_01684_,3.88
_01744_,3.88
_01753_,3.88
_01849_,3.88
_01853_,3.88
_01936_,3.88
_01982_,3.88
_02249_,3.88
_02649_,3.88
_02727_,3.88
_02769_,3.88
_02784_,3.88
_02849_,3.88
_02880_,3.88
_03054_,3.88
_03073_,3.88
_03092_,3.88
_03598_,3.88
_03963_,3.88
_04111_,3.88
_04320_,3.88
_04499_,3.88
_04501_,3.88
_04503_,3.88
_04640_,3.88
_05134_,3.88
_05170_,3.88
_05513_,3.88
_05751_,3.88
_05808_,3.88
_05830_,3.88
_06112_,3.88
_06124_,3.88
_06238_,3.88
_06240_,3.88
_06414_,3.88
_06460_,3.88
_06594_,3.88
_06760_,3.88
_07033_,3.88
net131,3.88
net373,3.88
net393,3.88
net696,3.88
net910,3.88
net1209,3.88
_00395_,3.865
_00503_,3.865
_00779_,3.865
_00787_,3.865
_01000_,3.865
_01562_,3.865
_01571_,3.865
_00074_,3.805
_00116_,3.805
_00369_,3.805
_00372_,3.805
_00484_,3.805
_00630_,3.805
_00862_,3.805
_00920_,3.805
_01150_,3.805
_00353_,3.8
_00383_,3.8
_00674_,3.8
_00795_,3.8
_00810_,3.8
_00911_,3.8
_01180_,3.8
_01337_,3.8
_01344_,3.8
_01355_,3.8
_01492_,3.8
_01586_,3.8
_00473_,3.785
_00231_,3.78
_00629_,3.78
_00684_,3.78
_00927_,3.78
_02052_,3.78
_02089_,3.78
_03560_,3.78
_04122_,3.78
_06211_,3.78
_06306_,3.78
net155,3.78
net187,3.78
net365,3.78
net405,3.78
net410,3.78
net416,3.78
net601,3.78
net701,3.78
net878,3.78
net950,3.78
net1080,3.78
net1257,3.78
_01955_,3.76
_02084_,3.76
_04638_,3.755
_01917_,3.74
_06002_,3.74
_06827_,3.74
_06833_,3.74
_00147_,3.705
_00387_,3.705
_00495_,3.705
_00639_,3.705
_00772_,3.705
_00959_,3.705
_01564_,3.705
_00478_,3.685
_00961_,3.685
_01029_,3.685
_02276_,3.68
_03374_,3.68
_03382_,3.68
_03389_,3.68
_03396_,3.68
_03420_,3.68
_03430_,3.68
_03513_,3.68
_03563_,3.68
_03571_,3.68
_04604_,3.68
_04780_,3.68
_04853_,3.68
_05121_,3.68
_06181_,3.68
net114,3.68
_02038_,3.66
_04253_,3.66
_04494_,3.66
net51,3.66
net239,3.66
net1401,3.66
_00045_,3.655
_06178_,3.64
_06445_,3.64
_06468_,3.64
_00192_,3.635
_01527_,3.635
_00490_,3.625
_00744_,3.625
_00747_,3.625
_00755_,3.625
_00803_,3.625
_00988_,3.625
_01084_,3.625
_01236_,3.625
_01263_,3.625
_01347_,3.625
_01351_,3.625
_01481_,3.625
_01482_,3.625
_01558_,3.625
_01612_,3.625
_00986_,3.605
_00043_,3.585
_00435_,3.585
_00843_,3.585
_01032_,3.585
_01052_,3.585
_01443_,3.585
_01518_,3.585
_04586_,3.585
_00863_,3.565
_00642_,3.56
_01448_,3.56
_03727_,3.56
_03917_,3.56
_03944_,3.56
_04107_,3.56
_04119_,3.56
_04121_,3.56
_04283_,3.56
_04367_,3.56
_04388_,3.56
_04473_,3.56
_04484_,3.56
_04502_,3.56
_04504_,3.56
_04650_,3.56
_04890_,3.56
_06359_,3.56
_06785_,3.56
_00190_,3.54
_00264_,3.54
_00782_,3.54
_01628_,3.54
_01652_,3.54
_01815_,3.54
_01998_,3.54
_02274_,3.54
_02296_,3.54
_02560_,3.54
_02889_,3.54
_02912_,3.54
_03072_,3.54
_03426_,3.54
_03474_,3.54
_03843_,3.54
_04423_,3.54
_04921_,3.54
_04977_,3.54
_05253_,3.54
_05304_,3.54
_05373_,3.54
_06120_,3.54
_06513_,3.54
_06643_,3.54
_06728_,3.54
_06800_,3.54
_06803_,3.54
_06873_,3.54
_06968_,3.54
_07012_,3.54
_07162_,3.54
id_rr_reg.pc_next_out\[9\],3.54
net273,3.54
net352,3.54
net366,3.54
net444,3.54
net718,3.54
net902,3.54
_01536_,3.52
_02579_,3.52
_00279_,3.505
_00336_,3.505
_00419_,3.505
_00575_,3.505
_00578_,3.505
_00592_,3.505
_00593_,3.505
_00777_,3.505
_00825_,3.505
_01203_,3.505
_01221_,3.505
_01369_,3.505
_01372_,3.505
_02138_,3.48
_00158_,3.465
_00462_,3.465
_00465_,3.465
_00510_,3.465
_00536_,3.465
_00559_,3.465
_00651_,3.465
_00675_,3.465
_00813_,3.465
_00902_,3.465
_01064_,3.465
_01088_,3.465
_01308_,3.465
_01387_,3.465
_01423_,3.465
_01583_,3.465
_00519_,3.46
_01309_,3.46
_01565_,3.46
_01252_,3.44
_01924_,3.44
_03519_,3.44
_04005_,3.44
_05116_,3.44
_05449_,3.44
_06433_,3.44
_07100_,3.44
_07218_,3.44
if_id_reg.Instr_Out\[11\],3.44
_01764_,3.42
_02120_,3.42
_02414_,3.42
_02478_,3.42
_02516_,3.42
_02714_,3.42
_02813_,3.42
_02961_,3.42
_03034_,3.42
_03095_,3.42
_03119_,3.42
_03240_,3.42
_03528_,3.42
_04018_,3.42
_04224_,3.42
_04497_,3.42
_04585_,3.42
_04590_,3.42
_04742_,3.42
_04834_,3.42
_04915_,3.42
_05029_,3.42
_05296_,3.42
_05492_,3.42
_05544_,3.42
_05547_,3.42
_05564_,3.42
_05769_,3.42
_05800_,3.42
_06057_,3.42
_06059_,3.42
_06776_,3.42
_06811_,3.42
_06912_,3.42
_07260_,3.42
_07270_,3.42
net90,3.42
net243,3.42
net349,3.42
_00240_,3.405
_00290_,3.405
_00425_,3.405
_00459_,3.405
_00563_,3.405
_00626_,3.405
_00756_,3.405
_00801_,3.405
_00855_,3.405
_00967_,3.405
_00974_,3.405
_01018_,3.405
_01177_,3.405
_01188_,3.405
_01307_,3.405
_01360_,3.405
_01407_,3.405
_01425_,3.405
_01478_,3.405
_01495_,3.405
_01506_,3.405
_01537_,3.405
_01625_,3.405
_01642_,3.405
_00162_,3.345
_00215_,3.345
_00359_,3.345
_00380_,3.345
_00389_,3.345
_00466_,3.345
_00688_,3.345
_00724_,3.345
_00729_,3.345
_00908_,3.345
_01282_,3.345
_01294_,3.345
_01514_,3.345
_01528_,3.345
_01548_,3.345
_00039_,3.34
_00196_,3.34
_00370_,3.34
_00426_,3.34
_00504_,3.34
_00569_,3.34
_00647_,3.34
_00742_,3.34
_00844_,3.34
_00849_,3.34
_00949_,3.34
_00964_,3.34
_01022_,3.34
_01066_,3.34
_01091_,3.34
_01153_,3.34
_01174_,3.34
_01194_,3.34
_01266_,3.34
_01324_,3.34
_01331_,3.34
_01404_,3.34
_01442_,3.34
_01509_,3.34
_00106_,3.32
_00118_,3.32
_00195_,3.32
_00271_,3.32
_00295_,3.32
_00315_,3.32
_00594_,3.32
_00595_,3.32
_00600_,3.32
_00877_,3.32
_00939_,3.32
_01101_,3.32
_01459_,3.32
_01533_,3.32
_02878_,3.32
_03993_,3.32
_04268_,3.32
_04721_,3.32
_05710_,3.32
net453,3.32
net560,3.32
net607,3.32
net660,3.32
net742,3.32
net855,3.32
net967,3.32
net1020,3.32
net1063,3.32
net1150,3.32
net1184,3.32
net1258,3.32
net1280,3.32
net1375,3.32
_03897_,3.3
_05574_,3.3
_05965_,3.3
_00035_,3.245
_00141_,3.245
_00289_,3.245
_00300_,3.245
_00865_,3.245
_00885_,3.245
_00893_,3.245
_01031_,3.245
_01503_,3.245
_01550_,3.245
_00006_,3.225
_00094_,3.225
_00222_,3.225
_04391_,3.22
_04405_,3.22
_04500_,3.22
_06363_,3.22
net1301,3.22
_02771_,3.2
_03669_,3.2
_03764_,3.2
_04281_,3.2
_04382_,3.2
_06961_,3.2
_04882_,3.18
_00307_,3.175
_00375_,3.175
_00377_,3.175
_00753_,3.175
_00900_,3.175
_01182_,3.175
_01357_,3.175
_01362_,3.175
_00048_,3.165
_01037_,3.125
_01248_,3.125
_01257_,3.125
_02310_,3.1
_02366_,3.1
_02900_,3.1
_02966_,3.1
_03011_,3.1
_03039_,3.1
_04225_,3.1
_05731_,3.1
_06888_,3.1
id_rr_reg.pc_next_out\[8\],3.1
_00181_,3.08
_00193_,3.08
_02005_,3.08
_02013_,3.08
_02268_,3.08
_02397_,3.08
_02433_,3.08
_02457_,3.08
_02465_,3.08
_02562_,3.08
_02741_,3.08
_02779_,3.08
_02810_,3.08
_02874_,3.08
_02897_,3.08
_03082_,3.08
_03165_,3.08
_03342_,3.08
_03394_,3.08
_03681_,3.08
_03760_,3.08
_03959_,3.08
_04089_,3.08
_04217_,3.08
_04241_,3.08
_04537_,3.08
_04618_,3.08
_04899_,3.08
_05168_,3.08
_05198_,3.08
_05549_,3.08
_05741_,3.08
_06023_,3.08
_06402_,3.08
_06531_,3.08
_06843_,3.08
_07001_,3.08
_07058_,3.08
_07075_,3.08
_07157_,3.08
id_rr_reg.pc_next_out\[5\],3.08
net210,3.08
net329,3.08
net386,3.08
net1094,3.08
net1204,3.08
_01110_,3.065
_04539_,3.06
_00802_,3.055
_00808_,3.055
_01081_,3.055
_00109_,3.045
_00396_,3.045
_00601_,3.045
_00832_,3.045
_00839_,3.045
_00891_,3.045
_00946_,3.045
_00269_,3.035
_00204_,3.005
_00397_,3.005
_00558_,3.005
_00577_,3.005
_00608_,3.005
_00618_,3.005
_01089_,3.005
_01117_,3.005
_01160_,3.005
_01286_,3.005
_01391_,3.005
_01422_,3.005
_01623_,3.005
_01157_,3
_01189_,3
_00246_,2.98
_00573_,2.98
_01908_,2.98
_02057_,2.98
_02259_,2.98
_02266_,2.98
_02533_,2.98
_02686_,2.98
_03009_,2.98
_03397_,2.98
_05115_,2.98
_05298_,2.98
_05805_,2.98
_05967_,2.98
_05988_,2.98
_06633_,2.98
_07092_,2.98
_07178_,2.98
_01824_,2.96
_02312_,2.96
_02495_,2.96
_02643_,2.96
_02683_,2.96
_02959_,2.96
_03013_,2.96
_03063_,2.96
_03079_,2.96
_03140_,2.96
_03399_,2.96
_03715_,2.96
_03757_,2.96
_04140_,2.96
_04603_,2.96
_04658_,2.96
_04932_,2.96
_04950_,2.96
_05353_,2.96
_05575_,2.96
_05980_,2.96
_06104_,2.96
_06261_,2.96
_06458_,2.96
_06484_,2.96
_06656_,2.96
_07221_,2.96
_07271_,2.96
net728,2.96
net748,2.96
_00014_,2.945
_00040_,2.945
_00085_,2.945
_00107_,2.945
_00119_,2.945
_00137_,2.945
_00168_,2.945
_00173_,2.945
_00209_,2.945
_00217_,2.945
_00235_,2.945
_00243_,2.945
_00257_,2.945
_00272_,2.945
_00296_,2.945
_00297_,2.945
_00308_,2.945
_00360_,2.945
_00368_,2.945
_00381_,2.945
_00400_,2.945
_00422_,2.945
_00440_,2.945
_00448_,2.945
_00450_,2.945
_00451_,2.945
_00529_,2.945
_00542_,2.945
_00550_,2.945
_00551_,2.945
_00561_,2.945
_00643_,2.945
_00660_,2.945
_00666_,2.945
_00726_,2.945
_00731_,2.945
_00758_,2.945
_00764_,2.945
_00780_,2.945
_00838_,2.945
_00851_,2.945
_00854_,2.945
_00951_,2.945
_00962_,2.945
_00968_,2.945
_00976_,2.945
_00980_,2.945
_00989_,2.945
_01002_,2.945
_01005_,2.945
_01009_,2.945
_01019_,2.945
_01053_,2.945
_01067_,2.945
_01082_,2.945
_01083_,2.945
_01155_,2.945
_01164_,2.945
_01167_,2.945
_01184_,2.945
_01199_,2.945
_01214_,2.945
_01242_,2.945
_01249_,2.945
_01279_,2.945
_01281_,2.945
_01316_,2.945
_01330_,2.945
_01341_,2.945
_01352_,2.945
_01366_,2.945
_01383_,2.945
_01414_,2.945
_01435_,2.945
_01464_,2.945
_01504_,2.945
_01526_,2.945
_01535_,2.945
_01545_,2.945
_01546_,2.945
_01551_,2.945
_01556_,2.945
_01578_,2.945
_01613_,2.945
_01640_,2.945
_01560_,2.94
_02773_,2.92
_00913_,2.915
_00345_,2.885
_00620_,2.885
_00975_,2.885
_01050_,2.885
_01222_,2.885
_01313_,2.885
_01393_,2.885
_01474_,2.885
_01498_,2.885
_01593_,2.885
_00008_,2.86
_00070_,2.86
_00210_,2.86
_00274_,2.86
_00605_,2.86
_00663_,2.86
_00715_,2.86
_00745_,2.86
_00785_,2.86
_00834_,2.86
_01113_,2.86
_01406_,2.86
_01427_,2.86
_01450_,2.86
_01475_,2.86
_01956_,2.86
_02039_,2.86
_03492_,2.86
_03870_,2.86
_04101_,2.86
_05365_,2.86
_05680_,2.86
_05719_,2.86
_06270_,2.86
_06283_,2.86
net153,2.86
net168,2.86
net443,2.86
net726,2.86
net778,2.86
net837,2.86
net889,2.86
net891,2.86
net954,2.86
net956,2.86
net960,2.86
net979,2.86
net998,2.86
net1016,2.86
net1085,2.86
net1324,2.86
net1345,2.86
net1351,2.86
net1394,2.86
_01736_,2.84
_03671_,2.84
_04259_,2.84
_04575_,2.84
_00063_,2.835
_00205_,2.835
_00690_,2.835
_04935_,2.835
_00088_,2.785
_00089_,2.785
_00144_,2.785
_00169_,2.785
_00298_,2.785
_00302_,2.785
_00314_,2.785
_00329_,2.785
_00373_,2.785
_00463_,2.785
_00516_,2.785
_00532_,2.785
_00788_,2.785
_00815_,2.785
_00831_,2.785
_00890_,2.785
_01020_,2.785
_01074_,2.785
_01201_,2.785
_01216_,2.785
_01262_,2.785
_01280_,2.785
_02082_,2.76
_02367_,2.76
_02402_,2.76
_02430_,2.76
_02621_,2.76
_03358_,2.76
_04260_,2.76
_04487_,2.76
_06257_,2.76
_06346_,2.76
_06410_,2.76
net277,2.76
net296,2.76
net332,2.76
net356,2.76
net602,2.76
net838,2.76
net1077,2.76
net1095,2.76
net1300,2.76
net1304,2.76
net1354,2.76
_02611_,2.74
_02948_,2.74
net181,2.74
net1004,2.74
net1019,2.74
_02350_,2.72
_00007_,2.715
_00127_,2.715
_00376_,2.715
_00960_,2.715
_01149_,2.715
_01168_,2.715
_01232_,2.715
_01244_,2.715
_01278_,2.715
_01310_,2.715
_01339_,2.715
_01491_,2.715
_01636_,2.715
_02088_,2.64
_02256_,2.64
_02438_,2.64
_02511_,2.64
_02947_,2.64
_06215_,2.64
_06751_,2.64
_06819_,2.64
net56,2.64
net219,2.64
_01062_,2.62
_01697_,2.62
_01743_,2.62
_01798_,2.62
_01816_,2.62
_01871_,2.62
_01994_,2.62
_02094_,2.62
_02297_,2.62
_02315_,2.62
_02425_,2.62
_02447_,2.62
_02460_,2.62
_02529_,2.62
_02531_,2.62
_02595_,2.62
_02685_,2.62
_02822_,2.62
_02867_,2.62
_02987_,2.62
_03053_,2.62
_03122_,2.62
_03123_,2.62
_03184_,2.62
_03366_,2.62
_03484_,2.62
_03540_,2.62
_03555_,2.62
_03564_,2.62
_03822_,2.62
_04186_,2.62
_04231_,2.62
_04256_,2.62
_04271_,2.62
_04292_,2.62
_04775_,2.62
_05031_,2.62
_05196_,2.62
_05271_,2.62
_05274_,2.62
_05421_,2.62
_05495_,2.62
_05514_,2.62
_05573_,2.62
_05577_,2.62
_05651_,2.62
_05792_,2.62
_06003_,2.62
_06189_,2.62
_06524_,2.62
_06561_,2.62
_06845_,2.62
_06907_,2.62
_06944_,2.62
_07037_,2.62
_07108_,2.62
_07252_,2.62
rr_ex_reg.cntrl_out\[1\],2.62
net144,2.62
net206,2.62
net488,2.62
net989,2.62
net1117,2.62
_00627_,2.6
_00096_,2.595
_00120_,2.595
_00124_,2.595
_00237_,2.595
_00533_,2.595
_00751_,2.595
_00817_,2.595
_01045_,2.595
_01267_,2.595
_01408_,2.595
_00135_,2.585
_00180_,2.585
_00590_,2.585
_00740_,2.585
_01228_,2.585
_01382_,2.585
_00016_,2.545
_00129_,2.545
_00216_,2.545
_00220_,2.545
_00230_,2.545
_00251_,2.545
_00483_,2.545
_00636_,2.545
_00650_,2.545
_00656_,2.545
_00671_,2.545
_00790_,2.545
_00841_,2.545
_00866_,2.545
_01026_,2.545
_01028_,2.545
_01060_,2.545
_01364_,2.545
_01420_,2.545
_01431_,2.545
_01463_,2.545
_01483_,2.545
_01224_,2.525
_00258_,2.52
_01234_,2.52
_01810_,2.52
_01825_,2.52
_01874_,2.52
_03078_,2.52
_03488_,2.52
_03793_,2.52
_04819_,2.52
_05103_,2.52
_05228_,2.52
_05590_,2.52
_06136_,2.52
_06140_,2.52
_06851_,2.52
_07155_,2.52
_07261_,2.52
_01693_,2.5
_01735_,2.5
_01927_,2.5
_01934_,2.5
_01984_,2.5
_01993_,2.5
_02234_,2.5
_02272_,2.5
_02273_,2.5
_02336_,2.5
_02362_,2.5
_02404_,2.5
_02452_,2.5
_02510_,2.5
_02687_,2.5
_02710_,2.5
_02723_,2.5
_02883_,2.5
_03216_,2.5
_03253_,2.5
_03379_,2.5
_03502_,2.5
_04100_,2.5
_04331_,2.5
_04533_,2.5
_04569_,2.5
_04972_,2.5
_05206_,2.5
_05227_,2.5
_05233_,2.5
_05260_,2.5
_05327_,2.5
_05341_,2.5
_05589_,2.5
_05757_,2.5
_05843_,2.5
_05864_,2.5
_05990_,2.5
_06034_,2.5
_06066_,2.5
_06078_,2.5
_06081_,2.5
_06220_,2.5
_06305_,2.5
_06451_,2.5
_06453_,2.5
_06576_,2.5
_06581_,2.5
_06611_,2.5
_06880_,2.5
_06881_,2.5
_07148_,2.5
_07164_,2.5
net61,2.5
net729,2.5
_00924_,2.425
_02676_,2.4
_03903_,2.4
_05724_,2.4
_06323_,2.4
_07273_,2.4
net165,2.4
net430,2.4
net895,2.4
net924,2.4
net1383,2.4
_05788_,2.38
_00738_,2.375
_01187_,2.375
_01204_,2.375
_01207_,2.375
_01409_,2.375
_01444_,2.375
_01501_,2.375
_01573_,2.375
net221,2.36
_00078_,2.325
_00177_,2.325
_00221_,2.325
_00232_,2.325
_00388_,2.325
_00482_,2.325
_00534_,2.325
_00638_,2.325
_00646_,2.325
_00655_,2.325
_00770_,2.325
_00878_,2.325
_00909_,2.325
_00955_,2.325
_00978_,2.325
_00998_,2.325
_01061_,2.325
_01231_,2.325
_01239_,2.325
_01303_,2.325
_01304_,2.325
_01329_,2.325
_01579_,2.325
_01584_,2.325
_01587_,2.325
_01610_,2.325
_02048_,2.3
_02744_,2.3
_02838_,2.3
_02929_,2.3
_02931_,2.3
_03605_,2.3
_03652_,2.3
_03678_,2.3
_03688_,2.3
_03853_,2.3
_03938_,2.3
_03957_,2.3
_03986_,2.3
_04078_,2.3
_04108_,2.3
_04120_,2.3
_04143_,2.3
_04250_,2.3
_04322_,2.3
_04446_,2.3
_04534_,2.3
_04628_,2.3
_04652_,2.3
net222,2.3
net353,2.3
net522,2.3
net732,2.3
net1012,2.3
net1083,2.3
_02632_,2.28
_04475_,2.28
_04804_,2.28
net270,2.28
_02952_,2.275
_01375_,2.26
_00080_,2.255
_00108_,2.255
_00160_,2.255
_00203_,2.255
_00206_,2.255
_00494_,2.255
_00645_,2.255
_00754_,2.255
_00820_,2.255
_01200_,2.255
_01202_,2.255
_01343_,2.255
_01359_,2.255
_01400_,2.255
_01446_,2.255
_01543_,2.255
_07050_,2.255
_01171_,2.205
_01549_,2.205
_00061_,2.2
_02407_,2.18
_02673_,2.18
_02791_,2.18
_02918_,2.18
_03022_,2.18
_06927_,2.18
net60,2.18
_01121_,2.16
_01705_,2.16
_01784_,2.16
_01850_,2.16
_01939_,2.16
_01944_,2.16
_01960_,2.16
_02445_,2.16
_02517_,2.16
_02607_,2.16
_02786_,2.16
_02978_,2.16
_03100_,2.16
_03186_,2.16
_03465_,2.16
_03495_,2.16
_03689_,2.16
_03926_,2.16
_04228_,2.16
_04786_,2.16
_04917_,2.16
_05037_,2.16
_05038_,2.16
_05149_,2.16
_05152_,2.16
_05283_,2.16
_05284_,2.16
_05553_,2.16
_05556_,2.16
_05853_,2.16
_05958_,2.16
_05993_,2.16
_06015_,2.16
_06053_,2.16
_06076_,2.16
_06109_,2.16
_06520_,2.16
_06820_,2.16
_06857_,2.16
_06904_,2.16
_07029_,2.16
_07059_,2.16
_07084_,2.16
_07090_,2.16
_07267_,2.16
if_id_reg.Instr_Out\[9\],2.16
net212,2.16
net224,2.16
net447,2.16
net639,2.16
net1056,2.16
net1311,2.16
_00912_,2.145
_00306_,2.125
_00445_,2.125
_00481_,2.125
_00749_,2.125
_00829_,2.125
_00917_,2.125
_00941_,2.125
_01080_,2.125
_01226_,2.125
_00095_,2.085
_00148_,2.085
_00159_,2.085
_00197_,2.085
_00571_,2.085
_00604_,2.085
_00728_,2.085
_01159_,2.085
_01186_,2.085
_01235_,2.085
_01305_,2.085
_01312_,2.085
_01348_,2.085
_01371_,2.085
_02575_,2.08
_00752_,2.06
_00897_,2.06
_01794_,2.06
_01854_,2.06
_01872_,2.06
_01896_,2.06
_02145_,2.06
_02415_,2.06
_02705_,2.06
_03116_,2.06
_03534_,2.06
_03554_,2.06
_05008_,2.06
_05185_,2.06
_05292_,2.06
_05444_,2.06
_05512_,2.06
_05530_,2.06
_06246_,2.06
_06252_,2.06
_06298_,2.06
_06366_,2.06
_06373_,2.06
_06413_,2.06
_06542_,2.06
_07184_,2.06
_07226_,2.06
_07256_,2.06
_07257_,2.06
_07276_,2.06
_01920_,2.04
_01999_,2.04
_02092_,2.04
_03205_,2.04
_03461_,2.04
_03568_,2.04
_03866_,2.04
_04267_,2.04
_04478_,2.04
_04629_,2.04
_05051_,2.04
_05318_,2.04
_05320_,2.04
_05357_,2.04
_05442_,2.04
_06551_,2.04
_07249_,2.04
_07294_,2.04
net64,2.04
net112,2.04
net175,2.04
net825,2.04
net1337,2.04
_05797_,1.99
_01615_,1.975
_01740_,1.94
_03370_,1.94
_03500_,1.94
_03527_,1.94
_04643_,1.94
_05446_,1.94
_05671_,1.94
net472,1.94
net912,1.94
net1382,1.94
_00090_,1.915
_00130_,1.915
_00355_,1.915
_00428_,1.915
_00654_,1.915
_00768_,1.915
_00869_,1.915
_01148_,1.915
_01367_,1.915
_01472_,1.915
_01479_,1.915
_01488_,1.915
_00087_,1.865
_00113_,1.865
_00150_,1.865
_00207_,1.865
_00224_,1.865
_00229_,1.865
_00276_,1.865
_00291_,1.865
_00408_,1.865
_00453_,1.865
_00460_,1.865
_00513_,1.865
_00531_,1.865
_00679_,1.865
_00692_,1.865
_00711_,1.865
_00734_,1.865
_00736_,1.865
_00792_,1.865
_00823_,1.865
_00828_,1.865
_00864_,1.865
_00915_,1.865
_00993_,1.865
_01003_,1.865
_01075_,1.865
_01219_,1.865
_01264_,1.865
_01287_,1.865
_01333_,1.865
_01363_,1.865
_01411_,1.865
_01441_,1.865
_01480_,1.865
_01512_,1.865
_01530_,1.865
_01557_,1.865
_01567_,1.865
_01620_,1.865
_01630_,1.865
_02762_,1.84
_02804_,1.84
_03831_,1.84
_04911_,1.84
_05676_,1.84
_06774_,1.84
_02938_,1.82
_04150_,1.82
_04523_,1.82
_00598_,1.76
_02290_,1.72
_02924_,1.72
_01833_,1.7
_02270_,1.7
_02394_,1.7
_03071_,1.7
_03532_,1.7
_03536_,1.7
_03545_,1.7
_03567_,1.7
_03921_,1.7
_04328_,1.7
_05186_,1.7
_05277_,1.7
_05366_,1.7
_06011_,1.7
_06036_,1.7
_06518_,1.7
_07044_,1.7
_07063_,1.7
_07099_,1.7
_07138_,1.7
_07250_,1.7
id_rr_reg.pc_next_out\[11\],1.7
id_rr_reg.pc_next_out\[13\],1.7
net847,1.7
net1097,1.7
_00596_,1.685
_00931_,1.685
_01115_,1.685
_01594_,1.685
_03539_,1.64
_01663_,1.6
_01839_,1.6
_01844_,1.6
_02149_,1.6
_02288_,1.6
_02587_,1.6
_03176_,1.6
_03463_,1.6
_05078_,1.6
_05104_,1.6
_05175_,1.6
_05229_,1.6
_05275_,1.6
_05279_,1.6
_05282_,1.6
_05309_,1.6
_05338_,1.6
_05392_,1.6
_05569_,1.6
_05826_,1.6
_06032_,1.6
_06143_,1.6
_06669_,1.6
_06877_,1.6
_07028_,1.6
_07074_,1.6
_07143_,1.6
_07210_,1.6
_00046_,1.575
_00673_,1.575
_00898_,1.575
_00982_,1.575
_01054_,1.575
_01158_,1.575
_01379_,1.575
_01617_,1.575
_01865_,1.54
_03304_,1.48
_03522_,1.48
_03774_,1.48
_04144_,1.48
_04327_,1.48
_04334_,1.48
_06618_,1.48
_06909_,1.48
_07024_,1.48
net188,1.48
net518,1.48
net521,1.48
net708,1.48
net917,1.48
net1189,1.48
_00009_,1.46
_00138_,1.46
_00929_,1.46
_00948_,1.46
_01622_,1.46
_00228_,1.405
_00488_,1.405
_00554_,1.405
_00583_,1.405
_00926_,1.405
_01040_,1.405
_01048_,1.405
_01059_,1.405
_01095_,1.405
_01102_,1.405
_01106_,1.405
_01169_,1.405
_01195_,1.405
_01502_,1.405
_01568_,1.405
_03151_,1.38
_03341_,1.38
_04091_,1.38
_04777_,1.38
_04885_,1.38
_05407_,1.38
_05408_,1.38
_05412_,1.38
_05415_,1.38
_05418_,1.38
_06253_,1.38
_06281_,1.38
_06326_,1.38
_06743_,1.38
stall_pending,1.38
net264,1.38
_01700_,1.355
_04840_,1.26
_06933_,1.26
_06956_,1.26
id_rr_reg.pc_next_out\[15\],1.26
_01645_,1.14
_01655_,1.14
_01658_,1.14
_01665_,1.14
_01688_,1.14
_01696_,1.14
_01702_,1.14
_01716_,1.14
_01747_,1.14
_01751_,1.14
_01759_,1.14
_01842_,1.14
_01884_,1.14
_01890_,1.14
_01923_,1.14
_01992_,1.14
_02000_,1.14
_02007_,1.14
_02515_,1.14
_02653_,1.14
_02793_,1.14
_03016_,1.14
_03077_,1.14
_03167_,1.14
_03180_,1.14
_03238_,1.14
_03252_,1.14
_03375_,1.14
_03411_,1.14
_03421_,1.14
_03431_,1.14
_03482_,1.14
_03506_,1.14
_03561_,1.14
_04980_,1.14
_05069_,1.14
_05109_,1.14
_05120_,1.14
_05122_,1.14
_05128_,1.14
_05160_,1.14
_05164_,1.14
_05171_,1.14
_05220_,1.14
_05222_,1.14
_05245_,1.14
_05259_,1.14
_05290_,1.14
_05308_,1.14
_05310_,1.14
_05311_,1.14
_05313_,1.14
_05316_,1.14
_05343_,1.14
_05348_,1.14
_05358_,1.14
_05432_,1.14
_05466_,1.14
_05534_,1.14
_05568_,1.14
_05592_,1.14
_05593_,1.14
_05594_,1.14
_05802_,1.14
_05807_,1.14
_05821_,1.14
_05842_,1.14
_05873_,1.14
_06006_,1.14
_06020_,1.14
_06117_,1.14
_06515_,1.14
_06516_,1.14
_06519_,1.14
_06521_,1.14
_06541_,1.14
_06585_,1.14
_06588_,1.14
_06614_,1.14
_06616_,1.14
_06663_,1.14
_06666_,1.14
_06668_,1.14
_06869_,1.14
_07035_,1.14
_07039_,1.14
_07040_,1.14
_07062_,1.14
_07070_,1.14
_07112_,1.14
_07121_,1.14
_07125_,1.14
_07128_,1.14
_07135_,1.14
_07145_,1.14
_07146_,1.14
_07158_,1.14
_07176_,1.14
_07187_,1.14
_07202_,1.14
_07204_,1.14
_07209_,1.14
_07293_,1.14
id_rr_reg.pc_next_out\[10\],1.14
_05081_,1.06
_03414_,1.02
_03496_,1.02
_03525_,1.02
_04001_,1.02
_04110_,1.02
_04159_,1.02
_04277_,1.02
net346,1.02
net768,1.02
net814,1.02
_02995_,0.92
_03310_,0.92
_04764_,0.92
_04782_,0.92
net133,0.92
net138,0.92
_03135_,0.8
_03630_,0.8
_04006_,0.8
id_rr_reg.pc_next_out\[7\],0.8
_02244_,0.46
_03093_,0.46
_04227_,0.46
_04330_,0.46
_04600_,0.46
_05034_,0.46
net111,0.46
net113,0.46
net156,0.46
net174,0.46
net345,0.46
net397,0.46
net417,0.46
net461,0.46
net467,0.46
net470,0.46
net527,0.46
net1102,0.46
