OpenROAD 41a51eaf4ca2171c92ff38afb91eb37bbd3f36da 
This program is licensed under the BSD-3 license. See the LICENSE file for details.
Components of this program may be licensed under more restrictive licenses which must be honored.
[INFO]: Reading ODB at '/openlane/designs/my_processor/runs/RUN_2026.05.08_09.09.10/results/routing/pipelined_processor.odb'…
define_corners Typical
read_liberty -corner Typical /home/kushagra/.ciel/sky130A/libs.ref/sky130_fd_sc_hd/lib/sky130_fd_sc_hd__tt_025C_1v80.lib
Using 1e-12 for capacitance...
Using 1e+03 for resistance...
Using 1e-09 for time...
Using 1e+00 for voltage...
Using 1e-03 for current...
Using 1e-09 for power...
Using 1e-06 for distance...
Reading design constraints file at '/openlane/designs/my_processor/runs/RUN_2026.05.08_09.09.10/tmp/17-pipelined_processor.sdc'…
Net: _02744_
  Pin: _08320_/A (sky130_fd_sc_hd__clkbuf_1)
    Layer: met2
      Partial area ratio:   18.61
      Required ratio:    0.00 (Gate area) 
      Partial area ratio:   94.05
      Required ratio: 2956.40 (Side area) 
      Cumulative area ratio:  195.76
      Required ratio:    0.00 (Cumulative area) 
      Cumulative area ratio:  985.27
      Required ratio:    0.00 (Cumulative side area) 

    Layer: met1
      Partial area ratio:  177.15
      Required ratio:    0.00 (Gate area) 
      Partial area ratio:  891.23
      Required ratio:  400.00 (Side area) (VIOLATED)
      Cumulative area ratio:  177.15
      Required ratio:    0.00 (Cumulative area) 
      Cumulative area ratio:  891.23
      Required ratio:    0.00 (Cumulative side area) 

    Layer: li1
      Partial area ratio:    0.00
      Required ratio:    0.00 (Gate area) 
      Partial area ratio:    0.00
      Required ratio:   75.00 (Side area) 
      Cumulative area ratio:    0.00
      Required ratio:    0.00 (Cumulative area) 
      Cumulative area ratio:    0.00
      Required ratio:    0.00 (Cumulative side area) 

    Via: M1M2_PR
      Partial area ratio:    0.11
      Required ratio:    6.00 (Gate area) 
      Cumulative area ratio:    0.26
      Required ratio:    0.00 (Cumulative area) 

    Via: L1M1_PR
      Partial area ratio:    0.15
      Required ratio:    3.00 (Gate area) 
      Cumulative area ratio:    0.15
      Required ratio:    0.00 (Cumulative area) 


Net: _02780_
  Pin: ANTENNA_41/DIODE (sky130_fd_sc_hd__diode_2)
    Layer: met4
      Partial area ratio:   35.06
      Required ratio:    0.00 (Gate area) 
      Partial area ratio:  187.57
      Required ratio: 3583.92 (Side area) 
      Cumulative area ratio:   90.52
      Required ratio:    0.00 (Cumulative area) 
      Cumulative area ratio:  482.53
      Required ratio:    0.00 (Cumulative side area) 

    Layer: met3
      Partial area ratio:   49.04
      Required ratio:    0.00 (Gate area) 
      Partial area ratio:  262.27
      Required ratio: 2773.88 (Side area) 
      Cumulative area ratio:   55.45
      Required ratio:    0.00 (Cumulative area) 
      Cumulative area ratio:  294.96
      Required ratio:    0.00 (Cumulative side area) 

    Layer: met2
      Partial area ratio:    5.36
      Required ratio:    0.00 (Gate area) 
      Partial area ratio:   26.94
      Required ratio: 2773.88 (Side area) 
      Cumulative area ratio:    6.42
      Required ratio:    0.00 (Cumulative area) 
      Cumulative area ratio:   32.69
      Required ratio:    0.00 (Cumulative side area) 

    Layer: met1
      Partial area ratio:    1.06
      Required ratio:    0.00 (Gate area) 
      Partial area ratio:    5.75
      Required ratio: 2773.88 (Side area) 
      Cumulative area ratio:    1.06
      Required ratio:    0.00 (Cumulative area) 
      Cumulative area ratio:    5.75
      Required ratio:    0.00 (Cumulative side area) 

    Layer: li1
      Partial area ratio:    0.00
      Required ratio:    0.00 (Gate area) 
      Partial area ratio:    0.00
      Required ratio:  270.62 (Side area) 
      Cumulative area ratio:    0.00
      Required ratio:    0.00 (Cumulative area) 
      Cumulative area ratio:    0.00
      Required ratio:    0.00 (Cumulative side area) 

    Via: M3M4_PR
      Partial area ratio:    0.06
      Required ratio:    6.00 (Gate area) 
      Cumulative area ratio:    0.22
      Required ratio:    0.00 (Cumulative area) 

    Via: M2M3_PR
      Partial area ratio:    0.06
      Required ratio:    6.00 (Gate area) 
      Cumulative area ratio:    0.16
      Required ratio:    0.00 (Cumulative area) 

    Via: M1M2_PR
      Partial area ratio:    0.03
      Required ratio:    6.00 (Gate area) 
      Cumulative area ratio:    0.10
      Required ratio:    0.00 (Cumulative area) 

    Via: L1M1_PR
      Partial area ratio:    0.07
      Required ratio:    3.00 (Gate area) 
      Cumulative area ratio:    0.07
      Required ratio:    0.00 (Cumulative area) 

  Pin: _08730_/A (sky130_fd_sc_hd__clkbuf_2)
    Layer: met4
      Partial area ratio:   35.06
      Required ratio:    0.00 (Gate area) 
      Partial area ratio:  187.57
      Required ratio: 3583.92 (Side area) 
      Cumulative area ratio:   90.52
      Required ratio:    0.00 (Cumulative area) 
      Cumulative area ratio:  482.53
      Required ratio:    0.00 (Cumulative side area) 

    Layer: met3
      Partial area ratio:   49.04
      Required ratio:    0.00 (Gate area) 
      Partial area ratio:  262.27
      Required ratio: 2773.88 (Side area) 
      Cumulative area ratio:   55.45
      Required ratio:    0.00 (Cumulative area) 
      Cumulative area ratio:  294.96
      Required ratio:    0.00 (Cumulative side area) 

    Layer: met2
      Partial area ratio:    5.36
      Required ratio:    0.00 (Gate area) 
      Partial area ratio:   26.94
      Required ratio: 2773.88 (Side area) 
      Cumulative area ratio:    6.42
      Required ratio:    0.00 (Cumulative area) 
      Cumulative area ratio:   32.69
      Required ratio:    0.00 (Cumulative side area) 

    Layer: met1
      Partial area ratio:    1.06
      Required ratio:    0.00 (Gate area) 
      Partial area ratio:    5.75
      Required ratio: 2773.88 (Side area) 
      Cumulative area ratio:    1.06
      Required ratio:    0.00 (Cumulative area) 
      Cumulative area ratio:    5.75
      Required ratio:    0.00 (Cumulative side area) 

    Layer: li1
      Partial area ratio:    0.00
      Required ratio:    0.00 (Gate area) 
      Partial area ratio:    0.00
      Required ratio:   75.00 (Side area) 
      Cumulative area ratio:    0.00
      Required ratio:    0.00 (Cumulative area) 
      Cumulative area ratio:    0.00
      Required ratio:    0.00 (Cumulative side area) 

    Via: M3M4_PR
      Partial area ratio:    0.06
      Required ratio:    6.00 (Gate area) 
      Cumulative area ratio:    0.29
      Required ratio:    0.00 (Cumulative area) 

    Via: M2M3_PR
      Partial area ratio:    0.06
      Required ratio:    6.00 (Gate area) 
      Cumulative area ratio:    0.23
      Required ratio:    0.00 (Cumulative area) 

    Via: M1M2_PR
      Partial area ratio:    0.03
      Required ratio:    6.00 (Gate area) 
      Cumulative area ratio:    0.17
      Required ratio:    0.00 (Cumulative area) 

    Via: L1M1_PR
      Partial area ratio:    0.14
      Required ratio:    3.00 (Gate area) 
      Cumulative area ratio:    0.14
      Required ratio:    0.00 (Cumulative area) 

  Pin: ANTENNA_42/DIODE (sky130_fd_sc_hd__diode_2)
    Layer: met3
      Partial area ratio:   25.60
      Required ratio:    0.00 (Gate area) 
      Partial area ratio:  137.27
      Required ratio: 2773.88 (Side area) 
      Cumulative area ratio:   26.70
      Required ratio:    0.00 (Cumulative area) 
      Cumulative area ratio:  143.21
      Required ratio:    0.00 (Cumulative side area) 

    Layer: met2
      Partial area ratio:    0.07
      Required ratio:    0.00 (Gate area) 
      Partial area ratio:    0.49
      Required ratio: 2773.88 (Side area) 
      Cumulative area ratio:    1.10
      Required ratio:    0.00 (Cumulative area) 
      Cumulative area ratio:    5.93
      Required ratio:    0.00 (Cumulative side area) 

    Layer: met1
      Partial area ratio:    1.03
      Required ratio:    0.00 (Gate area) 
      Partial area ratio:    5.45
      Required ratio: 2773.88 (Side area) 
      Cumulative area ratio:    1.03
      Required ratio:    0.00 (Cumulative area) 
      Cumulative area ratio:    5.45
      Required ratio:    0.00 (Cumulative side area) 

    Layer: li1
      Partial area ratio:    0.00
      Required ratio:    0.00 (Gate area) 
      Partial area ratio:    0.00
      Required ratio:  270.62 (Side area) 
      Cumulative area ratio:    0.00
      Required ratio:    0.00 (Cumulative area) 
      Cumulative area ratio:    0.00
      Required ratio:    0.00 (Cumulative side area) 

    Via: M3M4_PR
      Partial area ratio:    0.06
      Required ratio:    6.00 (Gate area) 
      Cumulative area ratio:    0.22
      Required ratio:    0.00 (Cumulative area) 

    Via: M2M3_PR
      Partial area ratio:    0.06
      Required ratio:    6.00 (Gate area) 
      Cumulative area ratio:    0.16
      Required ratio:    0.00 (Cumulative area) 

    Via: M1M2_PR
      Partial area ratio:    0.03
      Required ratio:    6.00 (Gate area) 
      Cumulative area ratio:    0.10
      Required ratio:    0.00 (Cumulative area) 

    Via: L1M1_PR
      Partial area ratio:    0.07
      Required ratio:    3.00 (Gate area) 
      Cumulative area ratio:    0.07
      Required ratio:    0.00 (Cumulative area) 

  Pin: _08362_/A (sky130_fd_sc_hd__clkbuf_2)
    Layer: met3
      Partial area ratio:   25.60
      Required ratio:    0.00 (Gate area) 
      Partial area ratio:  137.27
      Required ratio: 2773.88 (Side area) 
      Cumulative area ratio:   26.70
      Required ratio:    0.00 (Cumulative area) 
      Cumulative area ratio:  143.21
      Required ratio:    0.00 (Cumulative side area) 

    Layer: met2
      Partial area ratio:    0.07
      Required ratio:    0.00 (Gate area) 
      Partial area ratio:    0.49
      Required ratio: 2773.88 (Side area) 
      Cumulative area ratio:    1.10
      Required ratio:    0.00 (Cumulative area) 
      Cumulative area ratio:    5.93
      Required ratio:    0.00 (Cumulative side area) 

    Layer: met1
      Partial area ratio:    1.03
      Required ratio:    0.00 (Gate area) 
      Partial area ratio:    5.45
      Required ratio: 2773.88 (Side area) 
      Cumulative area ratio:    1.03
      Required ratio:    0.00 (Cumulative area) 
      Cumulative area ratio:    5.45
      Required ratio:    0.00 (Cumulative side area) 

    Layer: li1
      Partial area ratio:    0.00
      Required ratio:    0.00 (Gate area) 
      Partial area ratio:    0.00
      Required ratio:   75.00 (Side area) 
      Cumulative area ratio:    0.00
      Required ratio:    0.00 (Cumulative area) 
      Cumulative area ratio:    0.00
      Required ratio:    0.00 (Cumulative side area) 

    Via: M3M4_PR
      Partial area ratio:    0.06
      Required ratio:    6.00 (Gate area) 
      Cumulative area ratio:    0.29
      Required ratio:    0.00 (Cumulative area) 

    Via: M2M3_PR
      Partial area ratio:    0.06
      Required ratio:    6.00 (Gate area) 
      Cumulative area ratio:    0.23
      Required ratio:    0.00 (Cumulative area) 

    Via: M1M2_PR
      Partial area ratio:    0.03
      Required ratio:    6.00 (Gate area) 
      Cumulative area ratio:    0.17
      Required ratio:    0.00 (Cumulative area) 

    Via: L1M1_PR
      Partial area ratio:    0.14
      Required ratio:    3.00 (Gate area) 
      Cumulative area ratio:    0.14
      Required ratio:    0.00 (Cumulative area) 

  Pin: _09298_/A (sky130_fd_sc_hd__clkbuf_2)
    Layer: met2
      Partial area ratio:  101.41
      Required ratio:    0.00 (Gate area) 
      Partial area ratio:  510.28
      Required ratio:  400.00 (Side area) (VIOLATED)
      Cumulative area ratio:  114.73
      Required ratio:    0.00 (Cumulative area) 
      Cumulative area ratio:  579.62
      Required ratio:    0.00 (Cumulative side area) 

    Layer: met1
      Partial area ratio:   13.32
      Required ratio:    0.00 (Gate area) 
      Partial area ratio:   69.34
      Required ratio:  400.00 (Side area) 
      Cumulative area ratio:   13.32
      Required ratio:    0.00 (Cumulative area) 
      Cumulative area ratio:   69.34
      Required ratio:    0.00 (Cumulative side area) 

    Layer: li1
      Partial area ratio:    0.00
      Required ratio:    0.00 (Gate area) 
      Partial area ratio:    0.00
      Required ratio:   75.00 (Side area) 
      Cumulative area ratio:    0.00
      Required ratio:    0.00 (Cumulative area) 
      Cumulative area ratio:    0.00
      Required ratio:    0.00 (Cumulative side area) 

    Via: M2M3_PR
      Partial area ratio:    0.19
      Required ratio:    6.00 (Gate area) 
      Cumulative area ratio:    0.43
      Required ratio:    0.00 (Cumulative area) 

    Via: M1M2_PR
      Partial area ratio:    0.11
      Required ratio:    6.00 (Gate area) 
      Cumulative area ratio:    0.24
      Required ratio:    0.00 (Cumulative area) 

    Via: L1M1_PR
      Partial area ratio:    0.14
      Required ratio:    3.00 (Gate area) 
      Cumulative area ratio:    0.14
      Required ratio:    0.00 (Cumulative area) 

  Pin: _09014_/A (sky130_fd_sc_hd__clkbuf_2)
    Layer: met2
      Partial area ratio:   23.71
      Required ratio:    0.00 (Gate area) 
      Partial area ratio:  119.92
      Required ratio:  400.00 (Side area) 
      Cumulative area ratio:   24.71
      Required ratio:    0.00 (Cumulative area) 
      Cumulative area ratio:  125.38
      Required ratio:    0.00 (Cumulative side area) 

    Layer: met1
      Partial area ratio:    1.00
      Required ratio:    0.00 (Gate area) 
      Partial area ratio:    5.46
      Required ratio:  400.00 (Side area) 
      Cumulative area ratio:    1.00
      Required ratio:    0.00 (Cumulative area) 
      Cumulative area ratio:    5.46
      Required ratio:    0.00 (Cumulative side area) 

    Layer: li1
      Partial area ratio:    0.00
      Required ratio:    0.00 (Gate area) 
      Partial area ratio:    0.00
      Required ratio:   75.00 (Side area) 
      Cumulative area ratio:    0.00
      Required ratio:    0.00 (Cumulative area) 
      Cumulative area ratio:    0.00
      Required ratio:    0.00 (Cumulative side area) 

    Via: M2M3_PR
      Partial area ratio:    0.19
      Required ratio:    6.00 (Gate area) 
      Cumulative area ratio:    0.43
      Required ratio:    0.00 (Cumulative area) 

    Via: M1M2_PR
      Partial area ratio:    0.11
      Required ratio:    6.00 (Gate area) 
      Cumulative area ratio:    0.24
      Required ratio:    0.00 (Cumulative area) 

    Via: L1M1_PR
      Partial area ratio:    0.14
      Required ratio:    3.00 (Gate area) 
      Cumulative area ratio:    0.14
      Required ratio:    0.00 (Cumulative area) 


Net: _02805_
  Pin: _08740_/A (sky130_fd_sc_hd__dlymetal6s2s_1)
    Layer: met3
      Partial area ratio:   57.87
      Required ratio:    0.00 (Gate area) 
      Partial area ratio:  310.94
      Required ratio: 3130.28 (Side area) 
      Cumulative area ratio:  171.71
      Required ratio:    0.00 (Cumulative area) 
      Cumulative area ratio:  892.55
      Required ratio:    0.00 (Cumulative side area) 

    Layer: met2
      Partial area ratio:   92.83
      Required ratio:    0.00 (Gate area) 
      Partial area ratio:  475.06
      Required ratio:  400.00 (Side area) (VIOLATED)
      Cumulative area ratio:  113.83
      Required ratio:    0.00 (Cumulative area) 
      Cumulative area ratio:  581.61
      Required ratio:    0.00 (Cumulative side area) 

    Layer: met1
      Partial area ratio:   21.00
      Required ratio:    0.00 (Gate area) 
      Partial area ratio:  106.56
      Required ratio:  400.00 (Side area) 
      Cumulative area ratio:   21.00
      Required ratio:    0.00 (Cumulative area) 
      Cumulative area ratio:  106.56
      Required ratio:    0.00 (Cumulative side area) 

    Layer: li1
      Partial area ratio:    0.00
      Required ratio:    0.00 (Gate area) 
      Partial area ratio:    0.00
      Required ratio:   75.00 (Side area) 
      Cumulative area ratio:    0.00
      Required ratio:    0.00 (Cumulative area) 
      Cumulative area ratio:    0.00
      Required ratio:    0.00 (Cumulative side area) 

    Layer: met4
      Partial area ratio:   37.38
      Required ratio:    0.00 (Gate area) 
      Partial area ratio:  199.74
      Required ratio: 3130.28 (Side area) 
      Cumulative area ratio:  209.09
      Required ratio:    0.00 (Cumulative area) 
      Cumulative area ratio: 1092.29
      Required ratio:    0.00 (Cumulative side area) 

    Via: M3M4_PR
      Partial area ratio:    0.04
      Required ratio:    6.00 (Gate area) 
      Cumulative area ratio:    1.08
      Required ratio:    0.00 (Cumulative area) 

    Via: M2M3_PR
      Partial area ratio:    0.63
      Required ratio:    6.00 (Gate area) 
      Cumulative area ratio:    1.04
      Required ratio:    0.00 (Cumulative area) 

    Via: M1M2_PR
      Partial area ratio:    0.18
      Required ratio:    6.00 (Gate area) 
      Cumulative area ratio:    0.41
      Required ratio:    0.00 (Cumulative area) 

    Via: L1M1_PR
      Partial area ratio:    0.23
      Required ratio:    3.00 (Gate area) 
      Cumulative area ratio:    0.23
      Required ratio:    0.00 (Cumulative area) 

  Pin: ANTENNA_56/DIODE (sky130_fd_sc_hd__diode_2)
    Layer: met3
      Partial area ratio:   57.87
      Required ratio:    0.00 (Gate area) 
      Partial area ratio:  310.94
      Required ratio: 3130.28 (Side area) 
      Cumulative area ratio:  154.10
      Required ratio:    0.00 (Cumulative area) 
      Cumulative area ratio:  803.66
      Required ratio:    0.00 (Cumulative side area) 

    Layer: met2
      Partial area ratio:    2.67
      Required ratio:    0.00 (Gate area) 
      Partial area ratio:   13.79
      Required ratio: 2773.88 (Side area) 
      Cumulative area ratio:    3.39
      Required ratio:    0.00 (Cumulative area) 
      Cumulative area ratio:   17.66
      Required ratio:    0.00 (Cumulative side area) 

    Layer: met1
      Partial area ratio:    0.72
      Required ratio:    0.00 (Gate area) 
      Partial area ratio:    3.88
      Required ratio: 2773.88 (Side area) 
      Cumulative area ratio:    0.72
      Required ratio:    0.00 (Cumulative area) 
      Cumulative area ratio:    3.88
      Required ratio:    0.00 (Cumulative side area) 

    Layer: li1
      Partial area ratio:    0.00
      Required ratio:    0.00 (Gate area) 
      Partial area ratio:    0.00
      Required ratio:  270.62 (Side area) 
      Cumulative area ratio:    0.00
      Required ratio:    0.00 (Cumulative area) 
      Cumulative area ratio:    0.00
      Required ratio:    0.00 (Cumulative side area) 

    Layer: met4
      Partial area ratio:   37.38
      Required ratio:    0.00 (Gate area) 
      Partial area ratio:  199.74
      Required ratio: 3130.28 (Side area) 
      Cumulative area ratio:  191.48
      Required ratio:    0.00 (Cumulative area) 
      Cumulative area ratio: 1003.40
      Required ratio:    0.00 (Cumulative side area) 

    Via: M3M4_PR
      Partial area ratio:    0.04
      Required ratio:    6.00 (Gate area) 
      Cumulative area ratio:    0.82
      Required ratio:    0.00 (Cumulative area) 

    Via: M2M3_PR
      Partial area ratio:    0.04
      Required ratio:    6.00 (Gate area) 
      Cumulative area ratio:    0.14
      Required ratio:    0.00 (Cumulative area) 

    Via: M1M2_PR
      Partial area ratio:    0.03
      Required ratio:    6.00 (Gate area) 
      Cumulative area ratio:    0.10
      Required ratio:    0.00 (Cumulative area) 

    Via: L1M1_PR
      Partial area ratio:    0.07
      Required ratio:    3.00 (Gate area) 
      Cumulative area ratio:    0.07
      Required ratio:    0.00 (Cumulative area) 

  Pin: _09552_/B1 (sky130_fd_sc_hd__a21o_1)
    Layer: met3
      Partial area ratio:   57.87
      Required ratio:    0.00 (Gate area) 
      Partial area ratio:  310.94
      Required ratio: 3130.28 (Side area) 
      Cumulative area ratio:  154.10
      Required ratio:    0.00 (Cumulative area) 
      Cumulative area ratio:  803.66
      Required ratio:    0.00 (Cumulative side area) 

    Layer: met2
      Partial area ratio:    2.67
      Required ratio:    0.00 (Gate area) 
      Partial area ratio:   13.79
      Required ratio: 2773.88 (Side area) 
      Cumulative area ratio:    3.39
      Required ratio:    0.00 (Cumulative area) 
      Cumulative area ratio:   17.66
      Required ratio:    0.00 (Cumulative side area) 

    Layer: met1
      Partial area ratio:    0.72
      Required ratio:    0.00 (Gate area) 
      Partial area ratio:    3.88
      Required ratio: 2773.88 (Side area) 
      Cumulative area ratio:    0.72
      Required ratio:    0.00 (Cumulative area) 
      Cumulative area ratio:    3.88
      Required ratio:    0.00 (Cumulative side area) 

    Layer: li1
      Partial area ratio:    0.00
      Required ratio:    0.00 (Gate area) 
      Partial area ratio:    0.00
      Required ratio:   75.00 (Side area) 
      Cumulative area ratio:    0.00
      Required ratio:    0.00 (Cumulative area) 
      Cumulative area ratio:    0.00
      Required ratio:    0.00 (Cumulative side area) 

    Layer: met4
      Partial area ratio:   37.38
      Required ratio:    0.00 (Gate area) 
      Partial area ratio:  199.74
      Required ratio: 3130.28 (Side area) 
      Cumulative area ratio:  191.48
      Required ratio:    0.00 (Cumulative area) 
      Cumulative area ratio: 1003.40
      Required ratio:    0.00 (Cumulative side area) 

    Via: M3M4_PR
      Partial area ratio:    0.04
      Required ratio:    6.00 (Gate area) 
      Cumulative area ratio:    0.87
      Required ratio:    0.00 (Cumulative area) 

    Via: M2M3_PR
      Partial area ratio:    0.04
      Required ratio:    6.00 (Gate area) 
      Cumulative area ratio:    0.19
      Required ratio:    0.00 (Cumulative area) 

    Via: M1M2_PR
      Partial area ratio:    0.03
      Required ratio:    6.00 (Gate area) 
      Cumulative area ratio:    0.15
      Required ratio:    0.00 (Cumulative area) 

    Via: L1M1_PR
      Partial area ratio:    0.12
      Required ratio:    3.00 (Gate area) 
      Cumulative area ratio:    0.12
      Required ratio:    0.00 (Cumulative area) 

  Pin: _09499_/B1 (sky130_fd_sc_hd__a21o_1)
    Layer: met3
      Partial area ratio:   57.87
      Required ratio:    0.00 (Gate area) 
      Partial area ratio:  310.94
      Required ratio: 3130.28 (Side area) 
      Cumulative area ratio:  153.98
      Required ratio:    0.00 (Cumulative area) 
      Cumulative area ratio:  803.17
      Required ratio:    0.00 (Cumulative side area) 

    Layer: met2
      Partial area ratio:    2.67
      Required ratio:    0.00 (Gate area) 
      Partial area ratio:   13.79
      Required ratio: 2773.88 (Side area) 
      Cumulative area ratio:    3.27
      Required ratio:    0.00 (Cumulative area) 
      Cumulative area ratio:   17.18
      Required ratio:    0.00 (Cumulative side area) 

    Layer: met1
      Partial area ratio:    0.60
      Required ratio:    0.00 (Gate area) 
      Partial area ratio:    3.39
      Required ratio:  400.00 (Side area) 
      Cumulative area ratio:    0.60
      Required ratio:    0.00 (Cumulative area) 
      Cumulative area ratio:    3.39
      Required ratio:    0.00 (Cumulative side area) 

    Layer: li1
      Partial area ratio:    0.00
      Required ratio:    0.00 (Gate area) 
      Partial area ratio:    0.00
      Required ratio:   75.00 (Side area) 
      Cumulative area ratio:    0.00
      Required ratio:    0.00 (Cumulative area) 
      Cumulative area ratio:    0.00
      Required ratio:    0.00 (Cumulative side area) 

    Layer: met4
      Partial area ratio:   37.38
      Required ratio:    0.00 (Gate area) 
      Partial area ratio:  199.74
      Required ratio: 3130.28 (Side area) 
      Cumulative area ratio:  191.36
      Required ratio:    0.00 (Cumulative area) 
      Cumulative area ratio: 1002.91
      Required ratio:    0.00 (Cumulative side area) 

    Via: M3M4_PR
      Partial area ratio:    0.04
      Required ratio:    6.00 (Gate area) 
      Cumulative area ratio:    0.92
      Required ratio:    0.00 (Cumulative area) 

    Via: M2M3_PR
      Partial area ratio:    0.04
      Required ratio:    6.00 (Gate area) 
      Cumulative area ratio:    0.25
      Required ratio:    0.00 (Cumulative area) 

    Via: M1M2_PR
      Partial area ratio:    0.09
      Required ratio:    6.00 (Gate area) 
      Cumulative area ratio:    0.21
      Required ratio:    0.00 (Cumulative area) 

    Via: L1M1_PR
      Partial area ratio:    0.12
      Required ratio:    3.00 (Gate area) 
      Cumulative area ratio:    0.12
      Required ratio:    0.00 (Cumulative area) 

  Pin: _08387_/A (sky130_fd_sc_hd__buf_1)
    Layer: met4
      Partial area ratio:   37.38
      Required ratio:    0.00 (Gate area) 
      Partial area ratio:  199.74
      Required ratio: 3130.28 (Side area) 
      Cumulative area ratio:   42.28
      Required ratio:    0.00 (Cumulative area) 
      Cumulative area ratio:  227.48
      Required ratio:    0.00 (Cumulative side area) 

    Layer: met3
      Partial area ratio:    0.81
      Required ratio:    0.00 (Gate area) 
      Partial area ratio:    6.76
      Required ratio:  400.00 (Side area) 
      Cumulative area ratio:    4.91
      Required ratio:    0.00 (Cumulative area) 
      Cumulative area ratio:   27.74
      Required ratio:    0.00 (Cumulative side area) 

    Layer: met2
      Partial area ratio:    4.10
      Required ratio:    0.00 (Gate area) 
      Partial area ratio:   20.98
      Required ratio:  400.00 (Side area) 
      Cumulative area ratio:    4.10
      Required ratio:    0.00 (Cumulative area) 
      Cumulative area ratio:   20.98
      Required ratio:    0.00 (Cumulative side area) 

    Layer: met1
      Partial area ratio:    0.00
      Required ratio:    0.00 (Gate area) 
      Partial area ratio:    0.00
      Required ratio:  400.00 (Side area) 
      Cumulative area ratio:    0.00
      Required ratio:    0.00 (Cumulative area) 
      Cumulative area ratio:    0.00
      Required ratio:    0.00 (Cumulative side area) 

    Layer: li1
      Partial area ratio:    0.00
      Required ratio:    0.00 (Gate area) 
      Partial area ratio:    0.00
      Required ratio:   75.00 (Side area) 
      Cumulative area ratio:    0.00
      Required ratio:    0.00 (Cumulative area) 
      Cumulative area ratio:    0.00
      Required ratio:    0.00 (Cumulative side area) 

    Via: M3M4_PR
      Partial area ratio:    0.20
      Required ratio:    6.00 (Gate area) 
      Cumulative area ratio:    0.67
      Required ratio:    0.00 (Cumulative area) 

    Via: M2M3_PR
      Partial area ratio:    0.20
      Required ratio:    6.00 (Gate area) 
      Cumulative area ratio:    0.47
      Required ratio:    0.00 (Cumulative area) 

    Via: M1M2_PR
      Partial area ratio:    0.11
      Required ratio:    6.00 (Gate area) 
      Cumulative area ratio:    0.26
      Required ratio:    0.00 (Cumulative area) 

    Via: L1M1_PR
      Partial area ratio:    0.15
      Required ratio:    3.00 (Gate area) 
      Cumulative area ratio:    0.15
      Required ratio:    0.00 (Cumulative area) 


Net: _02817_
  Pin: _09040_/A (sky130_fd_sc_hd__dlymetal6s2s_1)
    Layer: met4
      Partial area ratio:   11.75
      Required ratio:    0.00 (Gate area) 
      Partial area ratio:   63.38
      Required ratio: 3478.04 (Side area) 
      Cumulative area ratio:  180.41
      Required ratio:    0.00 (Cumulative area) 
      Cumulative area ratio:  972.71
      Required ratio:    0.00 (Cumulative side area) 

    Layer: met3
      Partial area ratio:  152.19
      Required ratio:    0.00 (Gate area) 
      Partial area ratio:  823.11
      Required ratio:  400.00 (Side area) (VIOLATED)
      Cumulative area ratio:  168.66
      Required ratio:    0.00 (Cumulative area) 
      Cumulative area ratio:  909.33
      Required ratio:    0.00 (Cumulative side area) 

    Layer: met2
      Partial area ratio:   10.51
      Required ratio:    0.00 (Gate area) 
      Partial area ratio:   54.11
      Required ratio:  400.00 (Side area) 
      Cumulative area ratio:   16.47
      Required ratio:    0.00 (Cumulative area) 
      Cumulative area ratio:   86.22
      Required ratio:    0.00 (Cumulative side area) 

    Layer: met1
      Partial area ratio:    5.96
      Required ratio:    0.00 (Gate area) 
      Partial area ratio:   32.11
      Required ratio:  400.00 (Side area) 
      Cumulative area ratio:    5.96
      Required ratio:    0.00 (Cumulative area) 
      Cumulative area ratio:   32.11
      Required ratio:    0.00 (Cumulative side area) 

    Layer: li1
      Partial area ratio:    0.00
      Required ratio:    0.00 (Gate area) 
      Partial area ratio:    0.00
      Required ratio:   75.00 (Side area) 
      Cumulative area ratio:    0.00
      Required ratio:    0.00 (Cumulative area) 
      Cumulative area ratio:    0.00
      Required ratio:    0.00 (Cumulative side area) 

    Via: M3M4_PR
      Partial area ratio:    0.63
      Required ratio:    6.00 (Gate area) 
      Cumulative area ratio:    1.86
      Required ratio:    0.00 (Cumulative area) 

    Via: M2M3_PR
      Partial area ratio:    0.63
      Required ratio:    6.00 (Gate area) 
      Cumulative area ratio:    1.22
      Required ratio:    0.00 (Cumulative area) 

    Via: M1M2_PR
      Partial area ratio:    0.36
      Required ratio:    6.00 (Gate area) 
      Cumulative area ratio:    0.59
      Required ratio:    0.00 (Cumulative area) 

    Via: L1M1_PR
      Partial area ratio:    0.23
      Required ratio:    3.00 (Gate area) 
      Cumulative area ratio:    0.23
      Required ratio:    0.00 (Cumulative area) 

  Pin: ANTENNA_60/DIODE (sky130_fd_sc_hd__diode_2)
    Layer: met4
      Partial area ratio:   11.75
      Required ratio:    0.00 (Gate area) 
      Partial area ratio:   63.38
      Required ratio: 3478.04 (Side area) 
      Cumulative area ratio:  222.22
      Required ratio:    0.00 (Cumulative area) 
      Cumulative area ratio: 1197.37
      Required ratio:    0.00 (Cumulative side area) 

    Layer: met3
      Partial area ratio:   41.50
      Required ratio:    0.00 (Gate area) 
      Partial area ratio:  222.84
      Required ratio: 2773.88 (Side area) 
      Cumulative area ratio:   41.82
      Required ratio:    0.00 (Cumulative area) 
      Cumulative area ratio:  224.66
      Required ratio:    0.00 (Cumulative side area) 

    Layer: met2
      Partial area ratio:    0.32
      Required ratio:    0.00 (Gate area) 
      Partial area ratio:    1.82
      Required ratio: 2773.88 (Side area) 
      Cumulative area ratio:    0.32
      Required ratio:    0.00 (Cumulative area) 
      Cumulative area ratio:    1.82
      Required ratio:    0.00 (Cumulative side area) 

    Layer: met1
      Partial area ratio:    0.00
      Required ratio:    0.00 (Gate area) 
      Partial area ratio:    0.00
      Required ratio: 2773.88 (Side area) 
      Cumulative area ratio:    0.00
      Required ratio:    0.00 (Cumulative area) 
      Cumulative area ratio:    0.00
      Required ratio:    0.00 (Cumulative side area) 

    Layer: li1
      Partial area ratio:    0.00
      Required ratio:    0.00 (Gate area) 
      Partial area ratio:    0.00
      Required ratio:  270.62 (Side area) 
      Cumulative area ratio:    0.00
      Required ratio:    0.00 (Cumulative area) 
      Cumulative area ratio:    0.00
      Required ratio:    0.00 (Cumulative side area) 

    Via: M3M4_PR
      Partial area ratio:    0.06
      Required ratio:    6.00 (Gate area) 
      Cumulative area ratio:    0.27
      Required ratio:    0.00 (Cumulative area) 

    Via: M2M3_PR
      Partial area ratio:    0.09
      Required ratio:    6.00 (Gate area) 
      Cumulative area ratio:    0.21
      Required ratio:    0.00 (Cumulative area) 

    Via: M1M2_PR
      Partial area ratio:    0.05
      Required ratio:    6.00 (Gate area) 
      Cumulative area ratio:    0.12
      Required ratio:    0.00 (Cumulative area) 

    Via: L1M1_PR
      Partial area ratio:    0.07
      Required ratio:    3.00 (Gate area) 
      Cumulative area ratio:    0.07
      Required ratio:    0.00 (Cumulative area) 

  Pin: _08399_/A (sky130_fd_sc_hd__buf_1)
    Layer: met4
      Partial area ratio:   11.75
      Required ratio:    0.00 (Gate area) 
      Partial area ratio:   63.38
      Required ratio: 3478.04 (Side area) 
      Cumulative area ratio:  223.34
      Required ratio:    0.00 (Cumulative area) 
      Cumulative area ratio: 1203.21
      Required ratio:    0.00 (Cumulative side area) 

    Layer: met3
      Partial area ratio:   41.50
      Required ratio:    0.00 (Gate area) 
      Partial area ratio:  222.84
      Required ratio: 2773.88 (Side area) 
      Cumulative area ratio:   42.93
      Required ratio:    0.00 (Cumulative area) 
      Cumulative area ratio:  230.50
      Required ratio:    0.00 (Cumulative side area) 

    Layer: met2
      Partial area ratio:    1.43
      Required ratio:    0.00 (Gate area) 
      Partial area ratio:    7.66
      Required ratio:  400.00 (Side area) 
      Cumulative area ratio:    1.43
      Required ratio:    0.00 (Cumulative area) 
      Cumulative area ratio:    7.66
      Required ratio:    0.00 (Cumulative side area) 

    Layer: met1
      Partial area ratio:    0.00
      Required ratio:    0.00 (Gate area) 
      Partial area ratio:    0.00
      Required ratio:  400.00 (Side area) 
      Cumulative area ratio:    0.00
      Required ratio:    0.00 (Cumulative area) 
      Cumulative area ratio:    0.00
      Required ratio:    0.00 (Cumulative side area) 

    Layer: li1
      Partial area ratio:    0.00
      Required ratio:    0.00 (Gate area) 
      Partial area ratio:    0.00
      Required ratio:   75.00 (Side area) 
      Cumulative area ratio:    0.00
      Required ratio:    0.00 (Cumulative area) 
      Cumulative area ratio:    0.00
      Required ratio:    0.00 (Cumulative side area) 

    Via: M3M4_PR
      Partial area ratio:    0.06
      Required ratio:    6.00 (Gate area) 
      Cumulative area ratio:    0.53
      Required ratio:    0.00 (Cumulative area) 

    Via: M2M3_PR
      Partial area ratio:    0.20
      Required ratio:    6.00 (Gate area) 
      Cumulative area ratio:    0.47
      Required ratio:    0.00 (Cumulative area) 

    Via: M1M2_PR
      Partial area ratio:    0.11
      Required ratio:    6.00 (Gate area) 
      Cumulative area ratio:    0.26
      Required ratio:    0.00 (Cumulative area) 

    Via: L1M1_PR
      Partial area ratio:    0.15
      Required ratio:    3.00 (Gate area) 
      Cumulative area ratio:    0.15
      Required ratio:    0.00 (Cumulative area) 

  Pin: _09324_/A (sky130_fd_sc_hd__buf_1)
    Layer: met3
      Partial area ratio:   58.44
      Required ratio:    0.00 (Gate area) 
      Partial area ratio:  313.19
      Required ratio: 2947.76 (Side area) 
      Cumulative area ratio:   60.97
      Required ratio:    0.00 (Cumulative area) 
      Cumulative area ratio:  326.63
      Required ratio:    0.00 (Cumulative side area) 

    Layer: met2
      Partial area ratio:    1.42
      Required ratio:    0.00 (Gate area) 
      Partial area ratio:    7.41
      Required ratio: 2773.88 (Side area) 
      Cumulative area ratio:    2.53
      Required ratio:    0.00 (Cumulative area) 
      Cumulative area ratio:   13.44
      Required ratio:    0.00 (Cumulative side area) 

    Layer: met1
      Partial area ratio:    1.11
      Required ratio:    0.00 (Gate area) 
      Partial area ratio:    6.03
      Required ratio: 2773.88 (Side area) 
      Cumulative area ratio:    1.11
      Required ratio:    0.00 (Cumulative area) 
      Cumulative area ratio:    6.03
      Required ratio:    0.00 (Cumulative side area) 

    Layer: li1
      Partial area ratio:    0.00
      Required ratio:    0.00 (Gate area) 
      Partial area ratio:    0.00
      Required ratio:   75.00 (Side area) 
      Cumulative area ratio:    0.00
      Required ratio:    0.00 (Cumulative area) 
      Cumulative area ratio:    0.00
      Required ratio:    0.00 (Cumulative side area) 

    Via: M3M4_PR
      Partial area ratio:    0.03
      Required ratio:    6.00 (Gate area) 
      Cumulative area ratio:    0.38
      Required ratio:    0.00 (Cumulative area) 

    Via: M2M3_PR
      Partial area ratio:    0.13
      Required ratio:    6.00 (Gate area) 
      Cumulative area ratio:    0.35
      Required ratio:    0.00 (Cumulative area) 

    Via: M1M2_PR
      Partial area ratio:    0.07
      Required ratio:    6.00 (Gate area) 
      Cumulative area ratio:    0.22
      Required ratio:    0.00 (Cumulative area) 

    Via: L1M1_PR
      Partial area ratio:    0.15
      Required ratio:    3.00 (Gate area) 
      Cumulative area ratio:    0.15
      Required ratio:    0.00 (Cumulative area) 

  Pin: ANTENNA_59/DIODE (sky130_fd_sc_hd__diode_2)
    Layer: met3
      Partial area ratio:   58.44
      Required ratio:    0.00 (Gate area) 
      Partial area ratio:  313.19
      Required ratio: 2947.76 (Side area) 
      Cumulative area ratio:   60.97
      Required ratio:    0.00 (Cumulative area) 
      Cumulative area ratio:  326.63
      Required ratio:    0.00 (Cumulative side area) 

    Layer: met2
      Partial area ratio:    1.42
      Required ratio:    0.00 (Gate area) 
      Partial area ratio:    7.41
      Required ratio: 2773.88 (Side area) 
      Cumulative area ratio:    2.53
      Required ratio:    0.00 (Cumulative area) 
      Cumulative area ratio:   13.44
      Required ratio:    0.00 (Cumulative side area) 

    Layer: met1
      Partial area ratio:    1.11
      Required ratio:    0.00 (Gate area) 
      Partial area ratio:    6.03
      Required ratio: 2773.88 (Side area) 
      Cumulative area ratio:    1.11
      Required ratio:    0.00 (Cumulative area) 
      Cumulative area ratio:    6.03
      Required ratio:    0.00 (Cumulative side area) 

    Layer: li1
      Partial area ratio:    0.00
      Required ratio:    0.00 (Gate area) 
      Partial area ratio:    0.00
      Required ratio:  270.62 (Side area) 
      Cumulative area ratio:    0.00
      Required ratio:    0.00 (Cumulative area) 
      Cumulative area ratio:    0.00
      Required ratio:    0.00 (Cumulative side area) 

    Via: M3M4_PR
      Partial area ratio:    0.03
      Required ratio:    6.00 (Gate area) 
      Cumulative area ratio:    0.30
      Required ratio:    0.00 (Cumulative area) 

    Via: M2M3_PR
      Partial area ratio:    0.13
      Required ratio:    6.00 (Gate area) 
      Cumulative area ratio:    0.26
      Required ratio:    0.00 (Cumulative area) 

    Via: M1M2_PR
      Partial area ratio:    0.07
      Required ratio:    6.00 (Gate area) 
      Cumulative area ratio:    0.14
      Required ratio:    0.00 (Cumulative area) 

    Via: L1M1_PR
      Partial area ratio:    0.07
      Required ratio:    3.00 (Gate area) 
      Cumulative area ratio:    0.07
      Required ratio:    0.00 (Cumulative area) 

  Pin: _08756_/A (sky130_fd_sc_hd__buf_1)
    Layer: met3
      Partial area ratio:   58.44
      Required ratio:    0.00 (Gate area) 
      Partial area ratio:  313.19
      Required ratio: 2947.76 (Side area) 
      Cumulative area ratio:   64.57
      Required ratio:    0.00 (Cumulative area) 
      Cumulative area ratio:  345.39
      Required ratio:    0.00 (Cumulative side area) 

    Layer: met2
      Partial area ratio:    0.97
      Required ratio:    0.00 (Gate area) 
      Partial area ratio:    5.02
      Required ratio: 2773.88 (Side area) 
      Cumulative area ratio:    3.60
      Required ratio:    0.00 (Cumulative area) 
      Cumulative area ratio:   18.75
      Required ratio:    0.00 (Cumulative side area) 

    Layer: met1
      Partial area ratio:    2.62
      Required ratio:    0.00 (Gate area) 
      Partial area ratio:   13.73
      Required ratio: 2773.88 (Side area) 
      Cumulative area ratio:    2.62
      Required ratio:    0.00 (Cumulative area) 
      Cumulative area ratio:   13.73
      Required ratio:    0.00 (Cumulative side area) 

    Layer: li1
      Partial area ratio:    0.00
      Required ratio:    0.00 (Gate area) 
      Partial area ratio:    0.00
      Required ratio:   75.00 (Side area) 
      Cumulative area ratio:    0.00
      Required ratio:    0.00 (Cumulative area) 
      Cumulative area ratio:    0.00
      Required ratio:    0.00 (Cumulative side area) 

    Via: M3M4_PR
      Partial area ratio:    0.03
      Required ratio:    6.00 (Gate area) 
      Cumulative area ratio:    0.48
      Required ratio:    0.00 (Cumulative area) 

    Via: M2M3_PR
      Partial area ratio:    0.06
      Required ratio:    6.00 (Gate area) 
      Cumulative area ratio:    0.25
      Required ratio:    0.00 (Cumulative area) 

    Via: M1M2_PR
      Partial area ratio:    0.04
      Required ratio:    6.00 (Gate area) 
      Cumulative area ratio:    0.18
      Required ratio:    0.00 (Cumulative area) 

    Via: L1M1_PR
      Partial area ratio:    0.15
      Required ratio:    3.00 (Gate area) 
      Cumulative area ratio:    0.15
      Required ratio:    0.00 (Cumulative area) 

  Pin: ANTENNA_58/DIODE (sky130_fd_sc_hd__diode_2)
    Layer: met3
      Partial area ratio:   58.44
      Required ratio:    0.00 (Gate area) 
      Partial area ratio:  313.19
      Required ratio: 2947.76 (Side area) 
      Cumulative area ratio:   64.57
      Required ratio:    0.00 (Cumulative area) 
      Cumulative area ratio:  345.39
      Required ratio:    0.00 (Cumulative side area) 

    Layer: met2
      Partial area ratio:    0.97
      Required ratio:    0.00 (Gate area) 
      Partial area ratio:    5.02
      Required ratio: 2773.88 (Side area) 
      Cumulative area ratio:    3.60
      Required ratio:    0.00 (Cumulative area) 
      Cumulative area ratio:   18.75
      Required ratio:    0.00 (Cumulative side area) 

    Layer: met1
      Partial area ratio:    2.62
      Required ratio:    0.00 (Gate area) 
      Partial area ratio:   13.73
      Required ratio: 2773.88 (Side area) 
      Cumulative area ratio:    2.62
      Required ratio:    0.00 (Cumulative area) 
      Cumulative area ratio:   13.73
      Required ratio:    0.00 (Cumulative side area) 

    Layer: li1
      Partial area ratio:    0.00
      Required ratio:    0.00 (Gate area) 
      Partial area ratio:    0.00
      Required ratio:  270.62 (Side area) 
      Cumulative area ratio:    0.00
      Required ratio:    0.00 (Cumulative area) 
      Cumulative area ratio:    0.00
      Required ratio:    0.00 (Cumulative side area) 

    Via: M3M4_PR
      Partial area ratio:    0.03
      Required ratio:    6.00 (Gate area) 
      Cumulative area ratio:    0.40
      Required ratio:    0.00 (Cumulative area) 

    Via: M2M3_PR
      Partial area ratio:    0.06
      Required ratio:    6.00 (Gate area) 
      Cumulative area ratio:    0.17
      Required ratio:    0.00 (Cumulative area) 

    Via: M1M2_PR
      Partial area ratio:    0.04
      Required ratio:    6.00 (Gate area) 
      Cumulative area ratio:    0.10
      Required ratio:    0.00 (Cumulative area) 

    Via: L1M1_PR
      Partial area ratio:    0.07
      Required ratio:    3.00 (Gate area) 
      Cumulative area ratio:    0.07
      Required ratio:    0.00 (Cumulative area) 


Net: _02841_
  Pin: _08761_/A (sky130_fd_sc_hd__dlymetal6s2s_1)
    Layer: met4
      Partial area ratio:   50.45
      Required ratio:    0.00 (Gate area) 
      Partial area ratio:  271.72
      Required ratio: 3130.28 (Side area) 
      Cumulative area ratio:  110.88
      Required ratio:    0.00 (Cumulative area) 
      Cumulative area ratio:  592.62
      Required ratio:    0.00 (Cumulative side area) 

    Layer: met3
      Partial area ratio:   50.98
      Required ratio:    0.00 (Gate area) 
      Partial area ratio:  272.77
      Required ratio: 2773.88 (Side area) 
      Cumulative area ratio:   60.44
      Required ratio:    0.00 (Cumulative area) 
      Cumulative area ratio:  320.90
      Required ratio:    0.00 (Cumulative side area) 

    Layer: met2
      Partial area ratio:    8.87
      Required ratio:    0.00 (Gate area) 
      Partial area ratio:   44.86
      Required ratio: 2773.88 (Side area) 
      Cumulative area ratio:    9.45
      Required ratio:    0.00 (Cumulative area) 
      Cumulative area ratio:   48.13
      Required ratio:    0.00 (Cumulative side area) 

    Layer: met1
      Partial area ratio:    0.58
      Required ratio:    0.00 (Gate area) 
      Partial area ratio:    3.27
      Required ratio: 2773.88 (Side area) 
      Cumulative area ratio:    0.58
      Required ratio:    0.00 (Cumulative area) 
      Cumulative area ratio:    3.27
      Required ratio:    0.00 (Cumulative side area) 

    Layer: li1
      Partial area ratio:    0.00
      Required ratio:    0.00 (Gate area) 
      Partial area ratio:    0.00
      Required ratio:   75.00 (Side area) 
      Cumulative area ratio:    0.00
      Required ratio:    0.00 (Cumulative area) 
      Cumulative area ratio:    0.00
      Required ratio:    0.00 (Cumulative side area) 

    Via: M3M4_PR
      Partial area ratio:    0.07
      Required ratio:    6.00 (Gate area) 
      Cumulative area ratio:    0.41
      Required ratio:    0.00 (Cumulative area) 

    Via: M2M3_PR
      Partial area ratio:    0.07
      Required ratio:    6.00 (Gate area) 
      Cumulative area ratio:    0.34
      Required ratio:    0.00 (Cumulative area) 

    Via: M1M2_PR
      Partial area ratio:    0.04
      Required ratio:    6.00 (Gate area) 
      Cumulative area ratio:    0.27
      Required ratio:    0.00 (Cumulative area) 

    Via: L1M1_PR
      Partial area ratio:    0.23
      Required ratio:    3.00 (Gate area) 
      Cumulative area ratio:    0.23
      Required ratio:    0.00 (Cumulative area) 

  Pin: ANTENNA_65/DIODE (sky130_fd_sc_hd__diode_2)
    Layer: met4
      Partial area ratio:   50.45
      Required ratio:    0.00 (Gate area) 
      Partial area ratio:  271.72
      Required ratio: 3130.28 (Side area) 
      Cumulative area ratio:  110.88
      Required ratio:    0.00 (Cumulative area) 
      Cumulative area ratio:  592.62
      Required ratio:    0.00 (Cumulative side area) 

    Layer: met3
      Partial area ratio:   50.98
      Required ratio:    0.00 (Gate area) 
      Partial area ratio:  272.77
      Required ratio: 2773.88 (Side area) 
      Cumulative area ratio:   60.44
      Required ratio:    0.00 (Cumulative area) 
      Cumulative area ratio:  320.90
      Required ratio:    0.00 (Cumulative side area) 

    Layer: met2
      Partial area ratio:    8.87
      Required ratio:    0.00 (Gate area) 
      Partial area ratio:   44.86
      Required ratio: 2773.88 (Side area) 
      Cumulative area ratio:    9.45
      Required ratio:    0.00 (Cumulative area) 
      Cumulative area ratio:   48.13
      Required ratio:    0.00 (Cumulative side area) 

    Layer: met1
      Partial area ratio:    0.58
      Required ratio:    0.00 (Gate area) 
      Partial area ratio:    3.27
      Required ratio: 2773.88 (Side area) 
      Cumulative area ratio:    0.58
      Required ratio:    0.00 (Cumulative area) 
      Cumulative area ratio:    3.27
      Required ratio:    0.00 (Cumulative side area) 

    Layer: li1
      Partial area ratio:    0.00
      Required ratio:    0.00 (Gate area) 
      Partial area ratio:    0.00
      Required ratio:  270.62 (Side area) 
      Cumulative area ratio:    0.00
      Required ratio:    0.00 (Cumulative area) 
      Cumulative area ratio:    0.00
      Required ratio:    0.00 (Cumulative side area) 

    Via: M3M4_PR
      Partial area ratio:    0.07
      Required ratio:    6.00 (Gate area) 
      Cumulative area ratio:    0.25
      Required ratio:    0.00 (Cumulative area) 

    Via: M2M3_PR
      Partial area ratio:    0.07
      Required ratio:    6.00 (Gate area) 
      Cumulative area ratio:    0.18
      Required ratio:    0.00 (Cumulative area) 

    Via: M1M2_PR
      Partial area ratio:    0.04
      Required ratio:    6.00 (Gate area) 
      Cumulative area ratio:    0.11
      Required ratio:    0.00 (Cumulative area) 

    Via: L1M1_PR
      Partial area ratio:    0.07
      Required ratio:    3.00 (Gate area) 
      Cumulative area ratio:    0.07
      Required ratio:    0.00 (Cumulative area) 

  Pin: _09329_/A (sky130_fd_sc_hd__buf_1)
    Layer: met4
      Partial area ratio:   50.45
      Required ratio:    0.00 (Gate area) 
      Partial area ratio:  271.72
      Required ratio: 3130.28 (Side area) 
      Cumulative area ratio:  321.44
      Required ratio:    0.00 (Cumulative area) 
      Cumulative area ratio: 1727.76
      Required ratio:    0.00 (Cumulative side area) 

    Layer: met3
      Partial area ratio:    1.51
      Required ratio:    0.00 (Gate area) 
      Partial area ratio:   10.50
      Required ratio:  400.00 (Side area) 
      Cumulative area ratio:    1.73
      Required ratio:    0.00 (Cumulative area) 
      Cumulative area ratio:   12.11
      Required ratio:    0.00 (Cumulative side area) 

    Layer: met2
      Partial area ratio:    0.22
      Required ratio:    0.00 (Gate area) 
      Partial area ratio:    1.60
      Required ratio:  400.00 (Side area) 
      Cumulative area ratio:    0.22
      Required ratio:    0.00 (Cumulative area) 
      Cumulative area ratio:    1.60
      Required ratio:    0.00 (Cumulative side area) 

    Layer: met1
      Partial area ratio:    0.00
      Required ratio:    0.00 (Gate area) 
      Partial area ratio:    0.00
      Required ratio:  400.00 (Side area) 
      Cumulative area ratio:    0.00
      Required ratio:    0.00 (Cumulative area) 
      Cumulative area ratio:    0.00
      Required ratio:    0.00 (Cumulative side area) 

    Layer: li1
      Partial area ratio:    0.00
      Required ratio:    0.00 (Gate area) 
      Partial area ratio:    0.00
      Required ratio:   75.00 (Side area) 
      Cumulative area ratio:    0.00
      Required ratio:    0.00 (Cumulative area) 
      Cumulative area ratio:    0.00
      Required ratio:    0.00 (Cumulative side area) 

    Via: M3M4_PR
      Partial area ratio:    0.20
      Required ratio:    6.00 (Gate area) 
      Cumulative area ratio:    0.67
      Required ratio:    0.00 (Cumulative area) 

    Via: M2M3_PR
      Partial area ratio:    0.20
      Required ratio:    6.00 (Gate area) 
      Cumulative area ratio:    0.47
      Required ratio:    0.00 (Cumulative area) 

    Via: M1M2_PR
      Partial area ratio:    0.11
      Required ratio:    6.00 (Gate area) 
      Cumulative area ratio:    0.26
      Required ratio:    0.00 (Cumulative area) 

    Via: L1M1_PR
      Partial area ratio:    0.15
      Required ratio:    3.00 (Gate area) 
      Cumulative area ratio:    0.15
      Required ratio:    0.00 (Cumulative area) 

  Pin: _09045_/A (sky130_fd_sc_hd__buf_1)
    Layer: met4
      Partial area ratio:   50.45
      Required ratio:    0.00 (Gate area) 
      Partial area ratio:  271.72
      Required ratio: 3130.28 (Side area) 
      Cumulative area ratio:  327.47
      Required ratio:    0.00 (Cumulative area) 
      Cumulative area ratio: 1756.48
      Required ratio:    0.00 (Cumulative side area) 

    Layer: met3
      Partial area ratio:  248.76
      Required ratio:    0.00 (Gate area) 
      Partial area ratio: 1338.95
      Required ratio:  400.00 (Side area) (VIOLATED)
      Cumulative area ratio:  277.03
      Required ratio:    0.00 (Cumulative area) 
      Cumulative area ratio: 1484.76
      Required ratio:    0.00 (Cumulative side area) 

    Layer: met2
      Partial area ratio:   20.50
      Required ratio:    0.00 (Gate area) 
      Partial area ratio:  104.98
      Required ratio:  400.00 (Side area) 
      Cumulative area ratio:   28.26
      Required ratio:    0.00 (Cumulative area) 
      Cumulative area ratio:  145.81
      Required ratio:    0.00 (Cumulative side area) 

    Layer: met1
      Partial area ratio:    7.77
      Required ratio:    0.00 (Gate area) 
      Partial area ratio:   40.82
      Required ratio:  400.00 (Side area) 
      Cumulative area ratio:    7.77
      Required ratio:    0.00 (Cumulative area) 
      Cumulative area ratio:   40.82
      Required ratio:    0.00 (Cumulative side area) 

    Layer: li1
      Partial area ratio:    0.00
      Required ratio:    0.00 (Gate area) 
      Partial area ratio:    0.00
      Required ratio:   75.00 (Side area) 
      Cumulative area ratio:    0.00
      Required ratio:    0.00 (Cumulative area) 
      Cumulative area ratio:    0.00
      Required ratio:    0.00 (Cumulative side area) 

    Via: M3M4_PR
      Partial area ratio:    0.41
      Required ratio:    6.00 (Gate area) 
      Cumulative area ratio:    1.08
      Required ratio:    0.00 (Cumulative area) 

    Via: M2M3_PR
      Partial area ratio:    0.41
      Required ratio:    6.00 (Gate area) 
      Cumulative area ratio:    0.67
      Required ratio:    0.00 (Cumulative area) 

    Via: M1M2_PR
      Partial area ratio:    0.11
      Required ratio:    6.00 (Gate area) 
      Cumulative area ratio:    0.26
      Required ratio:    0.00 (Cumulative area) 

    Via: L1M1_PR
      Partial area ratio:    0.15
      Required ratio:    3.00 (Gate area) 
      Cumulative area ratio:    0.15
      Required ratio:    0.00 (Cumulative area) 

  Pin: _08423_/A (sky130_fd_sc_hd__dlymetal6s2s_1)
    Layer: met4
      Partial area ratio:   50.45
      Required ratio:    0.00 (Gate area) 
      Partial area ratio:  271.72
      Required ratio: 3130.28 (Side area) 
      Cumulative area ratio:   55.42
      Required ratio:    0.00 (Cumulative area) 
      Cumulative area ratio:  301.93
      Required ratio:    0.00 (Cumulative side area) 

    Layer: met3
      Partial area ratio:    2.36
      Required ratio:    0.00 (Gate area) 
      Partial area ratio:   16.38
      Required ratio:  400.00 (Side area) 
      Cumulative area ratio:    4.97
      Required ratio:    0.00 (Cumulative area) 
      Cumulative area ratio:   30.21
      Required ratio:    0.00 (Cumulative side area) 

    Layer: met2
      Partial area ratio:    2.61
      Required ratio:    0.00 (Gate area) 
      Partial area ratio:   13.83
      Required ratio:  400.00 (Side area) 
      Cumulative area ratio:    2.61
      Required ratio:    0.00 (Cumulative area) 
      Cumulative area ratio:   13.83
      Required ratio:    0.00 (Cumulative side area) 

    Layer: met1
      Partial area ratio:    0.00
      Required ratio:    0.00 (Gate area) 
      Partial area ratio:    0.00
      Required ratio:  400.00 (Side area) 
      Cumulative area ratio:    0.00
      Required ratio:    0.00 (Cumulative area) 
      Cumulative area ratio:    0.00
      Required ratio:    0.00 (Cumulative side area) 

    Layer: li1
      Partial area ratio:    0.00
      Required ratio:    0.00 (Gate area) 
      Partial area ratio:    0.00
      Required ratio:   75.00 (Side area) 
      Cumulative area ratio:    0.00
      Required ratio:    0.00 (Cumulative area) 
      Cumulative area ratio:    0.00
      Required ratio:    0.00 (Cumulative side area) 

    Via: M3M4_PR
      Partial area ratio:    0.32
      Required ratio:    6.00 (Gate area) 
      Cumulative area ratio:    1.04
      Required ratio:    0.00 (Cumulative area) 

    Via: M2M3_PR
      Partial area ratio:    0.32
      Required ratio:    6.00 (Gate area) 
      Cumulative area ratio:    0.73
      Required ratio:    0.00 (Cumulative area) 

    Via: M1M2_PR
      Partial area ratio:    0.18
      Required ratio:    6.00 (Gate area) 
      Cumulative area ratio:    0.41
      Required ratio:    0.00 (Cumulative area) 

    Via: L1M1_PR
      Partial area ratio:    0.23
      Required ratio:    3.00 (Gate area) 
      Cumulative area ratio:    0.23
      Required ratio:    0.00 (Cumulative area) 


Net: _02861_
  Pin: _09058_/A (sky130_fd_sc_hd__dlymetal6s2s_1)
    Layer: met4
      Partial area ratio:   63.52
      Required ratio:    0.00 (Gate area) 
      Partial area ratio:  340.44
      Required ratio: 2918.08 (Side area) 
      Cumulative area ratio:  234.15
      Required ratio:    0.00 (Cumulative area) 
      Cumulative area ratio: 1262.14
      Required ratio:    0.00 (Cumulative side area) 

    Layer: met3
      Partial area ratio:    1.26
      Required ratio:    0.00 (Gate area) 
      Partial area ratio:   10.54
      Required ratio:  400.00 (Side area) 
      Cumulative area ratio:    2.36
      Required ratio:    0.00 (Cumulative area) 
      Cumulative area ratio:   16.82
      Required ratio:    0.00 (Cumulative side area) 

    Layer: met2
      Partial area ratio:    1.10
      Required ratio:    0.00 (Gate area) 
      Partial area ratio:    6.28
      Required ratio:  400.00 (Side area) 
      Cumulative area ratio:    1.10
      Required ratio:    0.00 (Cumulative area) 
      Cumulative area ratio:    6.28
      Required ratio:    0.00 (Cumulative side area) 

    Layer: met1
      Partial area ratio:    0.00
      Required ratio:    0.00 (Gate area) 
      Partial area ratio:    0.00
      Required ratio:  400.00 (Side area) 
      Cumulative area ratio:    0.00
      Required ratio:    0.00 (Cumulative area) 
      Cumulative area ratio:    0.00
      Required ratio:    0.00 (Cumulative side area) 

    Layer: li1
      Partial area ratio:    0.00
      Required ratio:    0.00 (Gate area) 
      Partial area ratio:    0.00
      Required ratio:   75.00 (Side area) 
      Cumulative area ratio:    0.00
      Required ratio:    0.00 (Cumulative area) 
      Cumulative area ratio:    0.00
      Required ratio:    0.00 (Cumulative side area) 

    Via: M3M4_PR
      Partial area ratio:    0.32
      Required ratio:    6.00 (Gate area) 
      Cumulative area ratio:    1.04
      Required ratio:    0.00 (Cumulative area) 

    Via: M2M3_PR
      Partial area ratio:    0.32
      Required ratio:    6.00 (Gate area) 
      Cumulative area ratio:    0.73
      Required ratio:    0.00 (Cumulative area) 

    Via: M1M2_PR
      Partial area ratio:    0.18
      Required ratio:    6.00 (Gate area) 
      Cumulative area ratio:    0.41
      Required ratio:    0.00 (Cumulative area) 

    Via: L1M1_PR
      Partial area ratio:    0.23
      Required ratio:    3.00 (Gate area) 
      Cumulative area ratio:    0.23
      Required ratio:    0.00 (Cumulative area) 

  Pin: _09342_/A (sky130_fd_sc_hd__dlymetal6s2s_1)
    Layer: met4
      Partial area ratio:   63.52
      Required ratio:    0.00 (Gate area) 
      Partial area ratio:  340.44
      Required ratio: 2918.08 (Side area) 
      Cumulative area ratio:  232.80
      Required ratio:    0.00 (Cumulative area) 
      Cumulative area ratio: 1251.93
      Required ratio:    0.00 (Cumulative side area) 

    Layer: met3
      Partial area ratio:  168.27
      Required ratio:    0.00 (Gate area) 
      Partial area ratio:  904.88
      Required ratio:  400.00 (Side area) (VIOLATED)
      Cumulative area ratio:  169.28
      Required ratio:    0.00 (Cumulative area) 
      Cumulative area ratio:  911.49
      Required ratio:    0.00 (Cumulative side area) 

    Layer: met2
      Partial area ratio:    0.34
      Required ratio:    0.00 (Gate area) 
      Partial area ratio:    2.50
      Required ratio:  400.00 (Side area) 
      Cumulative area ratio:    1.01
      Required ratio:    0.00 (Cumulative area) 
      Cumulative area ratio:    6.61
      Required ratio:    0.00 (Cumulative side area) 

    Layer: met1
      Partial area ratio:    0.67
      Required ratio:    0.00 (Gate area) 
      Partial area ratio:    4.11
      Required ratio:  400.00 (Side area) 
      Cumulative area ratio:    0.67
      Required ratio:    0.00 (Cumulative area) 
      Cumulative area ratio:    4.11
      Required ratio:    0.00 (Cumulative side area) 

    Layer: li1
      Partial area ratio:    0.00
      Required ratio:    0.00 (Gate area) 
      Partial area ratio:    0.00
      Required ratio:   75.00 (Side area) 
      Cumulative area ratio:    0.00
      Required ratio:    0.00 (Cumulative area) 
      Cumulative area ratio:    0.00
      Required ratio:    0.00 (Cumulative side area) 

    Via: M3M4_PR
      Partial area ratio:    0.25
      Required ratio:    6.00 (Gate area) 
      Cumulative area ratio:    0.97
      Required ratio:    0.00 (Cumulative area) 

    Via: M2M3_PR
      Partial area ratio:    0.32
      Required ratio:    6.00 (Gate area) 
      Cumulative area ratio:    0.73
      Required ratio:    0.00 (Cumulative area) 

    Via: M1M2_PR
      Partial area ratio:    0.18
      Required ratio:    6.00 (Gate area) 
      Cumulative area ratio:    0.41
      Required ratio:    0.00 (Cumulative area) 

    Via: L1M1_PR
      Partial area ratio:    0.23
      Required ratio:    3.00 (Gate area) 
      Cumulative area ratio:    0.23
      Required ratio:    0.00 (Cumulative area) 

  Pin: _08774_/A (sky130_fd_sc_hd__buf_1)
    Layer: met4
      Partial area ratio:   63.52
      Required ratio:    0.00 (Gate area) 
      Partial area ratio:  340.44
      Required ratio: 2918.08 (Side area) 
      Cumulative area ratio:  236.27
      Required ratio:    0.00 (Cumulative area) 
      Cumulative area ratio: 1268.73
      Required ratio:    0.00 (Cumulative side area) 

    Layer: met3
      Partial area ratio:  168.27
      Required ratio:    0.00 (Gate area) 
      Partial area ratio:  904.88
      Required ratio:  400.00 (Side area) (VIOLATED)
      Cumulative area ratio:  172.75
      Required ratio:    0.00 (Cumulative area) 
      Cumulative area ratio:  928.29
      Required ratio:    0.00 (Cumulative side area) 

    Layer: met2
      Partial area ratio:    1.43
      Required ratio:    0.00 (Gate area) 
      Partial area ratio:    7.66
      Required ratio:  400.00 (Side area) 
      Cumulative area ratio:    4.48
      Required ratio:    0.00 (Cumulative area) 
      Cumulative area ratio:   23.40
      Required ratio:    0.00 (Cumulative side area) 

    Layer: met1
      Partial area ratio:    3.05
      Required ratio:    0.00 (Gate area) 
      Partial area ratio:   15.75
      Required ratio:  400.00 (Side area) 
      Cumulative area ratio:    3.05
      Required ratio:    0.00 (Cumulative area) 
      Cumulative area ratio:   15.75
      Required ratio:    0.00 (Cumulative side area) 

    Layer: li1
      Partial area ratio:    0.00
      Required ratio:    0.00 (Gate area) 
      Partial area ratio:    0.00
      Required ratio:   75.00 (Side area) 
      Cumulative area ratio:    0.00
      Required ratio:    0.00 (Cumulative area) 
      Cumulative area ratio:    0.00
      Required ratio:    0.00 (Cumulative side area) 

    Via: M3M4_PR
      Partial area ratio:    0.25
      Required ratio:    6.00 (Gate area) 
      Cumulative area ratio:    0.71
      Required ratio:    0.00 (Cumulative area) 

    Via: M2M3_PR
      Partial area ratio:    0.20
      Required ratio:    6.00 (Gate area) 
      Cumulative area ratio:    0.47
      Required ratio:    0.00 (Cumulative area) 

    Via: M1M2_PR
      Partial area ratio:    0.11
      Required ratio:    6.00 (Gate area) 
      Cumulative area ratio:    0.26
      Required ratio:    0.00 (Cumulative area) 

    Via: L1M1_PR
      Partial area ratio:    0.15
      Required ratio:    3.00 (Gate area) 
      Cumulative area ratio:    0.15
      Required ratio:    0.00 (Cumulative area) 

  Pin: _08443_/A (sky130_fd_sc_hd__dlymetal6s2s_1)
    Layer: met2
      Partial area ratio:  106.79
      Required ratio:    0.00 (Gate area) 
      Partial area ratio:  541.72
      Required ratio: 2918.08 (Side area) 
      Cumulative area ratio:  106.79
      Required ratio:    0.00 (Cumulative area) 
      Cumulative area ratio:  541.72
      Required ratio:    0.00 (Cumulative side area) 

    Layer: met3
      Partial area ratio:    1.26
      Required ratio:    0.00 (Gate area) 
      Partial area ratio:   10.54
      Required ratio: 2918.08 (Side area) 
      Cumulative area ratio:  108.05
      Required ratio:    0.00 (Cumulative area) 
      Cumulative area ratio:  552.26
      Required ratio:    0.00 (Cumulative side area) 

    Layer: met4
      Partial area ratio:   63.52
      Required ratio:    0.00 (Gate area) 
      Partial area ratio:  340.44
      Required ratio: 2918.08 (Side area) 
      Cumulative area ratio:  171.57
      Required ratio:    0.00 (Cumulative area) 
      Cumulative area ratio:  892.70
      Required ratio:    0.00 (Cumulative side area) 

    Layer: met1
      Partial area ratio:    0.00
      Required ratio:    0.00 (Gate area) 
      Partial area ratio:    0.00
      Required ratio:  400.00 (Side area) 
      Cumulative area ratio:    0.00
      Required ratio:    0.00 (Cumulative area) 
      Cumulative area ratio:    0.00
      Required ratio:    0.00 (Cumulative side area) 

    Layer: li1
      Partial area ratio:    0.00
      Required ratio:    0.00 (Gate area) 
      Partial area ratio:    0.00
      Required ratio:   75.00 (Side area) 
      Cumulative area ratio:    0.00
      Required ratio:    0.00 (Cumulative area) 
      Cumulative area ratio:    0.00
      Required ratio:    0.00 (Cumulative side area) 

    Via: M2M3_PR
      Partial area ratio:    0.32
      Required ratio:    6.00 (Gate area) 
      Cumulative area ratio:    0.73
      Required ratio:    0.00 (Cumulative area) 

    Via: M3M4_PR
      Partial area ratio:    0.32
      Required ratio:    6.00 (Gate area) 
      Cumulative area ratio:    1.04
      Required ratio:    0.00 (Cumulative area) 

    Via: M1M2_PR
      Partial area ratio:    0.18
      Required ratio:    6.00 (Gate area) 
      Cumulative area ratio:    0.41
      Required ratio:    0.00 (Cumulative area) 

    Via: L1M1_PR
      Partial area ratio:    0.23
      Required ratio:    3.00 (Gate area) 
      Cumulative area ratio:    0.23
      Required ratio:    0.00 (Cumulative area) 


Net: _02871_
  Pin: _08780_/A (sky130_fd_sc_hd__buf_1)
    Layer: met3
      Partial area ratio:  134.90
      Required ratio:    0.00 (Gate area) 
      Partial area ratio:  727.77
      Required ratio: 2956.40 (Side area) 
      Cumulative area ratio:  158.34
      Required ratio:    0.00 (Cumulative area) 
      Cumulative area ratio:  846.50
      Required ratio:    0.00 (Cumulative side area) 

    Layer: met2
      Partial area ratio:   22.36
      Required ratio:    0.00 (Gate area) 
      Partial area ratio:  112.82
      Required ratio:  400.00 (Side area) 
      Cumulative area ratio:   23.45
      Required ratio:    0.00 (Cumulative area) 
      Cumulative area ratio:  118.73
      Required ratio:    0.00 (Cumulative side area) 

    Layer: met1
      Partial area ratio:    1.08
      Required ratio:    0.00 (Gate area) 
      Partial area ratio:    5.91
      Required ratio:  400.00 (Side area) 
      Cumulative area ratio:    1.08
      Required ratio:    0.00 (Cumulative area) 
      Cumulative area ratio:    5.91
      Required ratio:    0.00 (Cumulative side area) 

    Layer: li1
      Partial area ratio:    0.00
      Required ratio:    0.00 (Gate area) 
      Partial area ratio:    0.00
      Required ratio:   75.00 (Side area) 
      Cumulative area ratio:    0.00
      Required ratio:    0.00 (Cumulative area) 
      Cumulative area ratio:    0.00
      Required ratio:    0.00 (Cumulative side area) 

    Layer: met4
      Partial area ratio:   42.20
      Required ratio:    0.00 (Gate area) 
      Partial area ratio:  225.84
      Required ratio: 2956.40 (Side area) 
      Cumulative area ratio:  200.55
      Required ratio:    0.00 (Cumulative area) 
      Cumulative area ratio: 1072.34
      Required ratio:    0.00 (Cumulative side area) 

    Via: M3M4_PR
      Partial area ratio:    0.08
      Required ratio:    6.00 (Gate area) 
      Cumulative area ratio:    0.75
      Required ratio:    0.00 (Cumulative area) 

    Via: M2M3_PR
      Partial area ratio:    0.41
      Required ratio:    6.00 (Gate area) 
      Cumulative area ratio:    0.67
      Required ratio:    0.00 (Cumulative area) 

    Via: M1M2_PR
      Partial area ratio:    0.11
      Required ratio:    6.00 (Gate area) 
      Cumulative area ratio:    0.26
      Required ratio:    0.00 (Cumulative area) 

    Via: L1M1_PR
      Partial area ratio:    0.15
      Required ratio:    3.00 (Gate area) 
      Cumulative area ratio:    0.15
      Required ratio:    0.00 (Cumulative area) 

  Pin: _08453_/A (sky130_fd_sc_hd__dlymetal6s2s_1)
    Layer: met4
      Partial area ratio:   42.20
      Required ratio:    0.00 (Gate area) 
      Partial area ratio:  225.84
      Required ratio: 2956.40 (Side area) 
      Cumulative area ratio:   44.57
      Required ratio:    0.00 (Cumulative area) 
      Cumulative area ratio:  242.65
      Required ratio:    0.00 (Cumulative side area) 

    Layer: met3
      Partial area ratio:    1.26
      Required ratio:    0.00 (Gate area) 
      Partial area ratio:   10.54
      Required ratio:  400.00 (Side area) 
      Cumulative area ratio:    2.36
      Required ratio:    0.00 (Cumulative area) 
      Cumulative area ratio:   16.82
      Required ratio:    0.00 (Cumulative side area) 

    Layer: met2
      Partial area ratio:    1.10
      Required ratio:    0.00 (Gate area) 
      Partial area ratio:    6.28
      Required ratio:  400.00 (Side area) 
      Cumulative area ratio:    1.10
      Required ratio:    0.00 (Cumulative area) 
      Cumulative area ratio:    6.28
      Required ratio:    0.00 (Cumulative side area) 

    Layer: met1
      Partial area ratio:    0.00
      Required ratio:    0.00 (Gate area) 
      Partial area ratio:    0.00
      Required ratio:  400.00 (Side area) 
      Cumulative area ratio:    0.00
      Required ratio:    0.00 (Cumulative area) 
      Cumulative area ratio:    0.00
      Required ratio:    0.00 (Cumulative side area) 

    Layer: li1
      Partial area ratio:    0.00
      Required ratio:    0.00 (Gate area) 
      Partial area ratio:    0.00
      Required ratio:   75.00 (Side area) 
      Cumulative area ratio:    0.00
      Required ratio:    0.00 (Cumulative area) 
      Cumulative area ratio:    0.00
      Required ratio:    0.00 (Cumulative side area) 

    Via: M3M4_PR
      Partial area ratio:    0.32
      Required ratio:    6.00 (Gate area) 
      Cumulative area ratio:    1.04
      Required ratio:    0.00 (Cumulative area) 

    Via: M2M3_PR
      Partial area ratio:    0.32
      Required ratio:    6.00 (Gate area) 
      Cumulative area ratio:    0.73
      Required ratio:    0.00 (Cumulative area) 

    Via: M1M2_PR
      Partial area ratio:    0.18
      Required ratio:    6.00 (Gate area) 
      Cumulative area ratio:    0.41
      Required ratio:    0.00 (Cumulative area) 

    Via: L1M1_PR
      Partial area ratio:    0.23
      Required ratio:    3.00 (Gate area) 
      Cumulative area ratio:    0.23
      Required ratio:    0.00 (Cumulative area) 

  Pin: _09308_/A (sky130_fd_sc_hd__dlymetal6s2s_1)
    Layer: met2
      Partial area ratio:  160.62
      Required ratio:    0.00 (Gate area) 
      Partial area ratio:  813.22
      Required ratio:  400.00 (Side area) (VIOLATED)
      Cumulative area ratio:  162.31
      Required ratio:    0.00 (Cumulative area) 
      Cumulative area ratio:  822.44
      Required ratio:    0.00 (Cumulative side area) 

    Layer: met1
      Partial area ratio:    1.69
      Required ratio:    0.00 (Gate area) 
      Partial area ratio:    9.22
      Required ratio:  400.00 (Side area) 
      Cumulative area ratio:    1.69
      Required ratio:    0.00 (Cumulative area) 
      Cumulative area ratio:    9.22
      Required ratio:    0.00 (Cumulative side area) 

    Layer: li1
      Partial area ratio:    0.00
      Required ratio:    0.00 (Gate area) 
      Partial area ratio:    0.00
      Required ratio:   75.00 (Side area) 
      Cumulative area ratio:    0.00
      Required ratio:    0.00 (Cumulative area) 
      Cumulative area ratio:    0.00
      Required ratio:    0.00 (Cumulative side area) 

    Via: M2M3_PR
      Partial area ratio:    0.63
      Required ratio:    6.00 (Gate area) 
      Cumulative area ratio:    1.04
      Required ratio:    0.00 (Cumulative area) 

    Via: M1M2_PR
      Partial area ratio:    0.18
      Required ratio:    6.00 (Gate area) 
      Cumulative area ratio:    0.41
      Required ratio:    0.00 (Cumulative area) 

    Via: L1M1_PR
      Partial area ratio:    0.23
      Required ratio:    3.00 (Gate area) 
      Cumulative area ratio:    0.23
      Required ratio:    0.00 (Cumulative area) 

  Pin: _09024_/A (sky130_fd_sc_hd__buf_1)
    Layer: met2
      Partial area ratio:    8.94
      Required ratio:    0.00 (Gate area) 
      Partial area ratio:   45.21
      Required ratio:  400.00 (Side area) 
      Cumulative area ratio:    8.94
      Required ratio:    0.00 (Cumulative area) 
      Cumulative area ratio:   45.21
      Required ratio:    0.00 (Cumulative side area) 

    Layer: met1
      Partial area ratio:    0.00
      Required ratio:    0.00 (Gate area) 
      Partial area ratio:    0.00
      Required ratio:  400.00 (Side area) 
      Cumulative area ratio:    0.00
      Required ratio:    0.00 (Cumulative area) 
      Cumulative area ratio:    0.00
      Required ratio:    0.00 (Cumulative side area) 

    Layer: li1
      Partial area ratio:    0.00
      Required ratio:    0.00 (Gate area) 
      Partial area ratio:    0.00
      Required ratio:   75.00 (Side area) 
      Cumulative area ratio:    0.00
      Required ratio:    0.00 (Cumulative area) 
      Cumulative area ratio:    0.00
      Required ratio:    0.00 (Cumulative side area) 

    Via: M2M3_PR
      Partial area ratio:    0.20
      Required ratio:    6.00 (Gate area) 
      Cumulative area ratio:    0.47
      Required ratio:    0.00 (Cumulative area) 

    Via: M1M2_PR
      Partial area ratio:    0.11
      Required ratio:    6.00 (Gate area) 
      Cumulative area ratio:    0.26
      Required ratio:    0.00 (Cumulative area) 

    Via: L1M1_PR
      Partial area ratio:    0.15
      Required ratio:    3.00 (Gate area) 
      Cumulative area ratio:    0.15
      Required ratio:    0.00 (Cumulative area) 


Net: _04279_
  Pin: _10021_/S (sky130_fd_sc_hd__mux2_1)
    Layer: met2
      Partial area ratio:    1.19
      Required ratio:    0.00 (Gate area) 
      Partial area ratio:    6.42
      Required ratio: 2753.36 (Side area) 
      Cumulative area ratio:    8.47
      Required ratio:    0.00 (Cumulative area) 
      Cumulative area ratio:   45.20
      Required ratio:    0.00 (Cumulative side area) 

    Layer: met1
      Partial area ratio:    7.29
      Required ratio:    0.00 (Gate area) 
      Partial area ratio:   38.78
      Required ratio:  400.00 (Side area) 
      Cumulative area ratio:    7.29
      Required ratio:    0.00 (Cumulative area) 
      Cumulative area ratio:   38.78
      Required ratio:    0.00 (Cumulative side area) 

    Layer: li1
      Partial area ratio:    0.00
      Required ratio:    0.00 (Gate area) 
      Partial area ratio:    0.00
      Required ratio:   75.00 (Side area) 
      Cumulative area ratio:    0.00
      Required ratio:    0.00 (Cumulative area) 
      Cumulative area ratio:    0.00
      Required ratio:    0.00 (Cumulative side area) 

    Via: M1M2_PR
      Partial area ratio:    0.09
      Required ratio:    6.00 (Gate area) 
      Cumulative area ratio:    0.20
      Required ratio:    0.00 (Cumulative area) 

    Via: L1M1_PR
      Partial area ratio:    0.11
      Required ratio:    3.00 (Gate area) 
      Cumulative area ratio:    0.11
      Required ratio:    0.00 (Cumulative area) 

  Pin: _09980_/A (sky130_fd_sc_hd__dlymetal6s2s_1)
    Layer: met1
      Partial area ratio:  108.78
      Required ratio:    0.00 (Gate area) 
      Partial area ratio:  554.00
      Required ratio:  400.00 (Side area) (VIOLATED)
      Cumulative area ratio:  108.78
      Required ratio:    0.00 (Cumulative area) 
      Cumulative area ratio:  554.00
      Required ratio:    0.00 (Cumulative side area) 

    Layer: li1
      Partial area ratio:    0.00
      Required ratio:    0.00 (Gate area) 
      Partial area ratio:    0.00
      Required ratio:   75.00 (Side area) 
      Cumulative area ratio:    0.00
      Required ratio:    0.00 (Cumulative area) 
      Cumulative area ratio:    0.00
      Required ratio:    0.00 (Cumulative side area) 

    Via: M1M2_PR
      Partial area ratio:    0.36
      Required ratio:    6.00 (Gate area) 
      Cumulative area ratio:    0.59
      Required ratio:    0.00 (Cumulative area) 

    Via: L1M1_PR
      Partial area ratio:    0.23
      Required ratio:    3.00 (Gate area) 
      Cumulative area ratio:    0.23
      Required ratio:    0.00 (Cumulative area) 

  Pin: _09973_/A (sky130_fd_sc_hd__buf_2)
    Layer: met1
      Partial area ratio:    5.83
      Required ratio:    0.00 (Gate area) 
      Partial area ratio:   30.99
      Required ratio:  400.00 (Side area) 
      Cumulative area ratio:    5.83
      Required ratio:    0.00 (Cumulative area) 
      Cumulative area ratio:   30.99
      Required ratio:    0.00 (Cumulative side area) 

    Layer: li1
      Partial area ratio:    0.00
      Required ratio:    0.00 (Gate area) 
      Partial area ratio:    0.00
      Required ratio:   75.00 (Side area) 
      Cumulative area ratio:    0.00
      Required ratio:    0.00 (Cumulative area) 
      Cumulative area ratio:    0.00
      Required ratio:    0.00 (Cumulative side area) 

    Via: M1M2_PR
      Partial area ratio:    0.14
      Required ratio:    6.00 (Gate area) 
      Cumulative area ratio:    0.32
      Required ratio:    0.00 (Cumulative area) 

    Via: L1M1_PR
      Partial area ratio:    0.18
      Required ratio:    3.00 (Gate area) 
      Cumulative area ratio:    0.18
      Required ratio:    0.00 (Cumulative area) 

  Pin: _10024_/S (sky130_fd_sc_hd__mux2_1)
    Layer: met1
      Partial area ratio:   10.47
      Required ratio:    0.00 (Gate area) 
      Partial area ratio:   54.28
      Required ratio:  400.00 (Side area) 
      Cumulative area ratio:   10.47
      Required ratio:    0.00 (Cumulative area) 
      Cumulative area ratio:   54.28
      Required ratio:    0.00 (Cumulative side area) 

    Layer: li1
      Partial area ratio:    0.00
      Required ratio:    0.00 (Gate area) 
      Partial area ratio:    0.00
      Required ratio:   75.00 (Side area) 
      Cumulative area ratio:    0.00
      Required ratio:    0.00 (Cumulative area) 
      Cumulative area ratio:    0.00
      Required ratio:    0.00 (Cumulative side area) 

    Via: M1M2_PR
      Partial area ratio:    0.18
      Required ratio:    6.00 (Gate area) 
      Cumulative area ratio:    0.29
      Required ratio:    0.00 (Cumulative area) 

    Via: L1M1_PR
      Partial area ratio:    0.11
      Required ratio:    3.00 (Gate area) 
      Cumulative area ratio:    0.11
      Required ratio:    0.00 (Cumulative area) 


Net: _04358_
  Pin: _12717_/A1 (sky130_fd_sc_hd__mux2_1)
    Layer: met2
      Partial area ratio:   50.43
      Required ratio:    0.00 (Gate area) 
      Partial area ratio:  256.06
      Required ratio: 2778.20 (Side area) 
      Cumulative area ratio:   51.61
      Required ratio:    0.00 (Cumulative area) 
      Cumulative area ratio:  262.72
      Required ratio:    0.00 (Cumulative side area) 

    Layer: met1
      Partial area ratio:    1.18
      Required ratio:    0.00 (Gate area) 
      Partial area ratio:    6.67
      Required ratio:  400.00 (Side area) 
      Cumulative area ratio:    1.18
      Required ratio:    0.00 (Cumulative area) 
      Cumulative area ratio:    6.67
      Required ratio:    0.00 (Cumulative side area) 

    Layer: li1
      Partial area ratio:    0.00
      Required ratio:    0.00 (Gate area) 
      Partial area ratio:    0.00
      Required ratio:   75.00 (Side area) 
      Cumulative area ratio:    0.00
      Required ratio:    0.00 (Cumulative area) 
      Cumulative area ratio:    0.00
      Required ratio:    0.00 (Cumulative side area) 

    Layer: met3
      Partial area ratio:   12.77
      Required ratio:    0.00 (Gate area) 
      Partial area ratio:   69.08
      Required ratio: 2778.20 (Side area) 
      Cumulative area ratio:   64.38
      Required ratio:    0.00 (Cumulative area) 
      Cumulative area ratio:  331.80
      Required ratio:    0.00 (Cumulative side area) 

    Via: M2M3_PR
      Partial area ratio:    0.11
      Required ratio:    6.00 (Gate area) 
      Cumulative area ratio:    0.51
      Required ratio:    0.00 (Cumulative area) 

    Via: M1M2_PR
      Partial area ratio:    0.18
      Required ratio:    6.00 (Gate area) 
      Cumulative area ratio:    0.41
      Required ratio:    0.00 (Cumulative area) 

    Via: L1M1_PR
      Partial area ratio:    0.23
      Required ratio:    3.00 (Gate area) 
      Cumulative area ratio:    0.23
      Required ratio:    0.00 (Cumulative area) 

  Pin: _10073_/A1 (sky130_fd_sc_hd__mux2_1)
    Layer: met3
      Partial area ratio:   12.77
      Required ratio:    0.00 (Gate area) 
      Partial area ratio:   69.08
      Required ratio: 2778.20 (Side area) 
      Cumulative area ratio:   30.34
      Required ratio:    0.00 (Cumulative area) 
      Cumulative area ratio:  158.47
      Required ratio:    0.00 (Cumulative side area) 

    Layer: met2
      Partial area ratio:    4.12
      Required ratio:    0.00 (Gate area) 
      Partial area ratio:   21.39
      Required ratio:  400.00 (Side area) 
      Cumulative area ratio:   17.57
      Required ratio:    0.00 (Cumulative area) 
      Cumulative area ratio:   89.39
      Required ratio:    0.00 (Cumulative side area) 

    Layer: met1
      Partial area ratio:   13.44
      Required ratio:    0.00 (Gate area) 
      Partial area ratio:   68.00
      Required ratio:  400.00 (Side area) 
      Cumulative area ratio:   13.44
      Required ratio:    0.00 (Cumulative area) 
      Cumulative area ratio:   68.00
      Required ratio:    0.00 (Cumulative side area) 

    Layer: li1
      Partial area ratio:    0.00
      Required ratio:    0.00 (Gate area) 
      Partial area ratio:    0.00
      Required ratio:   75.00 (Side area) 
      Cumulative area ratio:    0.00
      Required ratio:    0.00 (Cumulative area) 
      Cumulative area ratio:    0.00
      Required ratio:    0.00 (Cumulative side area) 

    Via: M2M3_PR
      Partial area ratio:    0.32
      Required ratio:    6.00 (Gate area) 
      Cumulative area ratio:    0.73
      Required ratio:    0.00 (Cumulative area) 

    Via: M1M2_PR
      Partial area ratio:    0.18
      Required ratio:    6.00 (Gate area) 
      Cumulative area ratio:    0.41
      Required ratio:    0.00 (Cumulative area) 

    Via: L1M1_PR
      Partial area ratio:    0.23
      Required ratio:    3.00 (Gate area) 
      Cumulative area ratio:    0.23
      Required ratio:    0.00 (Cumulative area) 

  Pin: _12058_/A1 (sky130_fd_sc_hd__mux2_1)
    Layer: met2
      Partial area ratio:   50.43
      Required ratio:    0.00 (Gate area) 
      Partial area ratio:  256.06
      Required ratio: 2778.20 (Side area) 
      Cumulative area ratio:  131.39
      Required ratio:    0.00 (Cumulative area) 
      Cumulative area ratio:  667.06
      Required ratio:    0.00 (Cumulative side area) 

    Layer: met3
      Partial area ratio:   12.77
      Required ratio:    0.00 (Gate area) 
      Partial area ratio:   69.08
      Required ratio: 2778.20 (Side area) 
      Cumulative area ratio:  144.16
      Required ratio:    0.00 (Cumulative area) 
      Cumulative area ratio:  736.13
      Required ratio:    0.00 (Cumulative side area) 

    Layer: met1
      Partial area ratio:   80.96
      Required ratio:    0.00 (Gate area) 
      Partial area ratio:  411.00
      Required ratio:  400.00 (Side area) (VIOLATED)
      Cumulative area ratio:   80.96
      Required ratio:    0.00 (Cumulative area) 
      Cumulative area ratio:  411.00
      Required ratio:    0.00 (Cumulative side area) 

    Layer: li1
      Partial area ratio:    0.00
      Required ratio:    0.00 (Gate area) 
      Partial area ratio:    0.00
      Required ratio:   75.00 (Side area) 
      Cumulative area ratio:    0.00
      Required ratio:    0.00 (Cumulative area) 
      Cumulative area ratio:    0.00
      Required ratio:    0.00 (Cumulative side area) 

    Via: M2M3_PR
      Partial area ratio:    0.11
      Required ratio:    6.00 (Gate area) 
      Cumulative area ratio:    0.51
      Required ratio:    0.00 (Cumulative area) 

    Via: M1M2_PR
      Partial area ratio:    0.18
      Required ratio:    6.00 (Gate area) 
      Cumulative area ratio:    0.41
      Required ratio:    0.00 (Cumulative area) 

    Via: L1M1_PR
      Partial area ratio:    0.23
      Required ratio:    3.00 (Gate area) 
      Cumulative area ratio:    0.23
      Required ratio:    0.00 (Cumulative area) 

  Pin: _12630_/A1 (sky130_fd_sc_hd__mux2_1)
    Layer: met2
      Partial area ratio:   50.43
      Required ratio:    0.00 (Gate area) 
      Partial area ratio:  256.06
      Required ratio: 2778.20 (Side area) 
      Cumulative area ratio:   50.43
      Required ratio:    0.00 (Cumulative area) 
      Cumulative area ratio:  256.06
      Required ratio:    0.00 (Cumulative side area) 

    Layer: met3
      Partial area ratio:   12.77
      Required ratio:    0.00 (Gate area) 
      Partial area ratio:   69.08
      Required ratio: 2778.20 (Side area) 
      Cumulative area ratio:   63.21
      Required ratio:    0.00 (Cumulative area) 
      Cumulative area ratio:  325.13
      Required ratio:    0.00 (Cumulative side area) 

    Layer: met1
      Partial area ratio:    0.00
      Required ratio:    0.00 (Gate area) 
      Partial area ratio:    0.00
      Required ratio:  400.00 (Side area) 
      Cumulative area ratio:    0.00
      Required ratio:    0.00 (Cumulative area) 
      Cumulative area ratio:    0.00
      Required ratio:    0.00 (Cumulative side area) 

    Layer: li1
      Partial area ratio:    0.00
      Required ratio:    0.00 (Gate area) 
      Partial area ratio:    0.00
      Required ratio:   75.00 (Side area) 
      Cumulative area ratio:    0.00
      Required ratio:    0.00 (Cumulative area) 
      Cumulative area ratio:    0.00
      Required ratio:    0.00 (Cumulative side area) 

    Via: M2M3_PR
      Partial area ratio:    0.11
      Required ratio:    6.00 (Gate area) 
      Cumulative area ratio:    0.51
      Required ratio:    0.00 (Cumulative area) 

    Via: M1M2_PR
      Partial area ratio:    0.18
      Required ratio:    6.00 (Gate area) 
      Cumulative area ratio:    0.41
      Required ratio:    0.00 (Cumulative area) 

    Via: L1M1_PR
      Partial area ratio:    0.23
      Required ratio:    3.00 (Gate area) 
      Cumulative area ratio:    0.23
      Required ratio:    0.00 (Cumulative area) 


Net: _04380_
  Pin: _10099_/A1 (sky130_fd_sc_hd__mux2_1)
    Layer: met4
      Partial area ratio:   29.73
      Required ratio:    0.00 (Gate area) 
      Partial area ratio:  159.49
      Required ratio: 2778.20 (Side area) 
      Cumulative area ratio:   52.02
      Required ratio:    0.00 (Cumulative area) 
      Cumulative area ratio:  276.09
      Required ratio:    0.00 (Cumulative side area) 

    Layer: met3
      Partial area ratio:    3.92
      Required ratio:    0.00 (Gate area) 
      Partial area ratio:   22.79
      Required ratio:  400.00 (Side area) 
      Cumulative area ratio:   22.29
      Required ratio:    0.00 (Cumulative area) 
      Cumulative area ratio:  116.60
      Required ratio:    0.00 (Cumulative side area) 

    Layer: met2
      Partial area ratio:   18.37
      Required ratio:    0.00 (Gate area) 
      Partial area ratio:   93.81
      Required ratio:  400.00 (Side area) 
      Cumulative area ratio:   18.37
      Required ratio:    0.00 (Cumulative area) 
      Cumulative area ratio:   93.81
      Required ratio:    0.00 (Cumulative side area) 

    Layer: met1
      Partial area ratio:    0.00
      Required ratio:    0.00 (Gate area) 
      Partial area ratio:    0.00
      Required ratio:  400.00 (Side area) 
      Cumulative area ratio:    0.00
      Required ratio:    0.00 (Cumulative area) 
      Cumulative area ratio:    0.00
      Required ratio:    0.00 (Cumulative side area) 

    Layer: li1
      Partial area ratio:    0.00
      Required ratio:    0.00 (Gate area) 
      Partial area ratio:    0.00
      Required ratio:   75.00 (Side area) 
      Cumulative area ratio:    0.00
      Required ratio:    0.00 (Cumulative area) 
      Cumulative area ratio:    0.00
      Required ratio:    0.00 (Cumulative side area) 

    Via: M3M4_PR
      Partial area ratio:    0.16
      Required ratio:    6.00 (Gate area) 
      Cumulative area ratio:    0.73
      Required ratio:    0.00 (Cumulative area) 

    Via: M2M3_PR
      Partial area ratio:    0.16
      Required ratio:    6.00 (Gate area) 
      Cumulative area ratio:    0.57
      Required ratio:    0.00 (Cumulative area) 

    Via: M1M2_PR
      Partial area ratio:    0.18
      Required ratio:    6.00 (Gate area) 
      Cumulative area ratio:    0.41
      Required ratio:    0.00 (Cumulative area) 

    Via: L1M1_PR
      Partial area ratio:    0.23
      Required ratio:    3.00 (Gate area) 
      Cumulative area ratio:    0.23
      Required ratio:    0.00 (Cumulative area) 

  Pin: _12728_/A1 (sky130_fd_sc_hd__mux2_1)
    Layer: met4
      Partial area ratio:   29.73
      Required ratio:    0.00 (Gate area) 
      Partial area ratio:  159.49
      Required ratio: 2778.20 (Side area) 
      Cumulative area ratio:   69.04
      Required ratio:    0.00 (Cumulative area) 
      Cumulative area ratio:  361.98
      Required ratio:    0.00 (Cumulative side area) 

    Layer: met3
      Partial area ratio:    3.92
      Required ratio:    0.00 (Gate area) 
      Partial area ratio:   22.79
      Required ratio:  400.00 (Side area) 
      Cumulative area ratio:   39.31
      Required ratio:    0.00 (Cumulative area) 
      Cumulative area ratio:  202.49
      Required ratio:    0.00 (Cumulative side area) 

    Layer: met2
      Partial area ratio:   18.37
      Required ratio:    0.00 (Gate area) 
      Partial area ratio:   93.81
      Required ratio:  400.00 (Side area) 
      Cumulative area ratio:   35.39
      Required ratio:    0.00 (Cumulative area) 
      Cumulative area ratio:  179.69
      Required ratio:    0.00 (Cumulative side area) 

    Layer: met1
      Partial area ratio:   17.02
      Required ratio:    0.00 (Gate area) 
      Partial area ratio:   85.89
      Required ratio:  400.00 (Side area) 
      Cumulative area ratio:   17.02
      Required ratio:    0.00 (Cumulative area) 
      Cumulative area ratio:   85.89
      Required ratio:    0.00 (Cumulative side area) 

    Layer: li1
      Partial area ratio:    0.00
      Required ratio:    0.00 (Gate area) 
      Partial area ratio:    0.00
      Required ratio:   75.00 (Side area) 
      Cumulative area ratio:    0.00
      Required ratio:    0.00 (Cumulative area) 
      Cumulative area ratio:    0.00
      Required ratio:    0.00 (Cumulative side area) 

    Via: M3M4_PR
      Partial area ratio:    0.16
      Required ratio:    6.00 (Gate area) 
      Cumulative area ratio:    0.73
      Required ratio:    0.00 (Cumulative area) 

    Via: M2M3_PR
      Partial area ratio:    0.16
      Required ratio:    6.00 (Gate area) 
      Cumulative area ratio:    0.57
      Required ratio:    0.00 (Cumulative area) 

    Via: M1M2_PR
      Partial area ratio:    0.18
      Required ratio:    6.00 (Gate area) 
      Cumulative area ratio:    0.41
      Required ratio:    0.00 (Cumulative area) 

    Via: L1M1_PR
      Partial area ratio:    0.23
      Required ratio:    3.00 (Gate area) 
      Cumulative area ratio:    0.23
      Required ratio:    0.00 (Cumulative area) 

  Pin: _12641_/A1 (sky130_fd_sc_hd__mux2_1)
    Layer: met2
      Partial area ratio:   54.46
      Required ratio:    0.00 (Gate area) 
      Partial area ratio:  274.64
      Required ratio: 2778.20 (Side area) 
      Cumulative area ratio:  162.24
      Required ratio:    0.00 (Cumulative area) 
      Cumulative area ratio:  819.75
      Required ratio:    0.00 (Cumulative side area) 

    Layer: met3
      Partial area ratio:   22.54
      Required ratio:    0.00 (Gate area) 
      Partial area ratio:  122.10
      Required ratio: 2778.20 (Side area) 
      Cumulative area ratio:  184.77
      Required ratio:    0.00 (Cumulative area) 
      Cumulative area ratio:  941.85
      Required ratio:    0.00 (Cumulative side area) 

    Layer: met4
      Partial area ratio:   29.73
      Required ratio:    0.00 (Gate area) 
      Partial area ratio:  159.49
      Required ratio: 2778.20 (Side area) 
      Cumulative area ratio:  214.50
      Required ratio:    0.00 (Cumulative area) 
      Cumulative area ratio: 1101.34
      Required ratio:    0.00 (Cumulative side area) 

    Layer: met1
      Partial area ratio:  107.78
      Required ratio:    0.00 (Gate area) 
      Partial area ratio:  545.11
      Required ratio:  400.00 (Side area) (VIOLATED)
      Cumulative area ratio:  107.78
      Required ratio:    0.00 (Cumulative area) 
      Cumulative area ratio:  545.11
      Required ratio:    0.00 (Cumulative side area) 

    Layer: li1
      Partial area ratio:    0.00
      Required ratio:    0.00 (Gate area) 
      Partial area ratio:    0.00
      Required ratio:   75.00 (Side area) 
      Cumulative area ratio:    0.00
      Required ratio:    0.00 (Cumulative area) 
      Cumulative area ratio:    0.00
      Required ratio:    0.00 (Cumulative side area) 

    Via: M2M3_PR
      Partial area ratio:    0.16
      Required ratio:    6.00 (Gate area) 
      Cumulative area ratio:    0.75
      Required ratio:    0.00 (Cumulative area) 

    Via: M3M4_PR
      Partial area ratio:    0.16
      Required ratio:    6.00 (Gate area) 
      Cumulative area ratio:    0.90
      Required ratio:    0.00 (Cumulative area) 

    Via: M1M2_PR
      Partial area ratio:    0.36
      Required ratio:    6.00 (Gate area) 
      Cumulative area ratio:    0.59
      Required ratio:    0.00 (Cumulative area) 

    Via: L1M1_PR
      Partial area ratio:    0.23
      Required ratio:    3.00 (Gate area) 
      Cumulative area ratio:    0.23
      Required ratio:    0.00 (Cumulative area) 

  Pin: _12069_/A1 (sky130_fd_sc_hd__mux2_1)
    Layer: met2
      Partial area ratio:   54.46
      Required ratio:    0.00 (Gate area) 
      Partial area ratio:  274.64
      Required ratio: 2778.20 (Side area) 
      Cumulative area ratio:  164.11
      Required ratio:    0.00 (Cumulative area) 
      Cumulative area ratio:  831.42
      Required ratio:    0.00 (Cumulative side area) 

    Layer: met3
      Partial area ratio:   22.54
      Required ratio:    0.00 (Gate area) 
      Partial area ratio:  122.10
      Required ratio: 2778.20 (Side area) 
      Cumulative area ratio:  186.64
      Required ratio:    0.00 (Cumulative area) 
      Cumulative area ratio:  953.51
      Required ratio:    0.00 (Cumulative side area) 

    Layer: met4
      Partial area ratio:   29.73
      Required ratio:    0.00 (Gate area) 
      Partial area ratio:  159.49
      Required ratio: 2778.20 (Side area) 
      Cumulative area ratio:  216.37
      Required ratio:    0.00 (Cumulative area) 
      Cumulative area ratio: 1113.00
      Required ratio:    0.00 (Cumulative side area) 

    Layer: met1
      Partial area ratio:    1.87
      Required ratio:    0.00 (Gate area) 
      Partial area ratio:   11.67
      Required ratio:  400.00 (Side area) 
      Cumulative area ratio:    1.87
      Required ratio:    0.00 (Cumulative area) 
      Cumulative area ratio:   11.67
      Required ratio:    0.00 (Cumulative side area) 

    Layer: li1
      Partial area ratio:    0.00
      Required ratio:    0.00 (Gate area) 
      Partial area ratio:    0.00
      Required ratio:   75.00 (Side area) 
      Cumulative area ratio:    0.00
      Required ratio:    0.00 (Cumulative area) 
      Cumulative area ratio:    0.00
      Required ratio:    0.00 (Cumulative side area) 

    Via: M2M3_PR
      Partial area ratio:    0.16
      Required ratio:    6.00 (Gate area) 
      Cumulative area ratio:    0.92
      Required ratio:    0.00 (Cumulative area) 

    Via: M3M4_PR
      Partial area ratio:    0.16
      Required ratio:    6.00 (Gate area) 
      Cumulative area ratio:    1.08
      Required ratio:    0.00 (Cumulative area) 

    Via: M1M2_PR
      Partial area ratio:    0.18
      Required ratio:    6.00 (Gate area) 
      Cumulative area ratio:    0.41
      Required ratio:    0.00 (Cumulative area) 

    Via: L1M1_PR
      Partial area ratio:    0.23
      Required ratio:    3.00 (Gate area) 
      Cumulative area ratio:    0.23
      Required ratio:    0.00 (Cumulative area) 


Net: _04982_
  Pin: _10833_/S (sky130_fd_sc_hd__mux2_2)
    Layer: met2
      Partial area ratio:   28.43
      Required ratio:    0.00 (Gate area) 
      Partial area ratio:  143.79
      Required ratio: 2918.08 (Side area) 
      Cumulative area ratio:   28.43
      Required ratio:    0.00 (Cumulative area) 
      Cumulative area ratio:  143.79
      Required ratio:    0.00 (Cumulative side area) 

    Layer: met1
      Partial area ratio:    0.00
      Required ratio:    0.00 (Gate area) 
      Partial area ratio:    0.00
      Required ratio:  400.00 (Side area) 
      Cumulative area ratio:    0.00
      Required ratio:    0.00 (Cumulative area) 
      Cumulative area ratio:    0.00
      Required ratio:    0.00 (Cumulative side area) 

    Layer: li1
      Partial area ratio:    0.00
      Required ratio:    0.00 (Gate area) 
      Partial area ratio:    0.00
      Required ratio:   75.00 (Side area) 
      Cumulative area ratio:    0.00
      Required ratio:    0.00 (Cumulative area) 
      Cumulative area ratio:    0.00
      Required ratio:    0.00 (Cumulative side area) 

    Via: M1M2_PR
      Partial area ratio:    0.07
      Required ratio:    6.00 (Gate area) 
      Cumulative area ratio:    0.16
      Required ratio:    0.00 (Cumulative area) 

    Via: L1M1_PR
      Partial area ratio:    0.09
      Required ratio:    3.00 (Gate area) 
      Cumulative area ratio:    0.09
      Required ratio:    0.00 (Cumulative area) 

  Pin: _10756_/A (sky130_fd_sc_hd__clkbuf_4)
    Layer: met2
      Partial area ratio:   28.43
      Required ratio:    0.00 (Gate area) 
      Partial area ratio:  143.79
      Required ratio: 2918.08 (Side area) 
      Cumulative area ratio:   33.18
      Required ratio:    0.00 (Cumulative area) 
      Cumulative area ratio:  169.36
      Required ratio:    0.00 (Cumulative side area) 

    Layer: met1
      Partial area ratio:    4.75
      Required ratio:    0.00 (Gate area) 
      Partial area ratio:   25.57
      Required ratio:  400.00 (Side area) 
      Cumulative area ratio:    4.75
      Required ratio:    0.00 (Cumulative area) 
      Cumulative area ratio:   25.57
      Required ratio:    0.00 (Cumulative side area) 

    Layer: li1
      Partial area ratio:    0.00
      Required ratio:    0.00 (Gate area) 
      Partial area ratio:    0.00
      Required ratio:   75.00 (Side area) 
      Cumulative area ratio:    0.00
      Required ratio:    0.00 (Cumulative area) 
      Cumulative area ratio:    0.00
      Required ratio:    0.00 (Cumulative side area) 

    Via: M1M2_PR
      Partial area ratio:    0.11
      Required ratio:    6.00 (Gate area) 
      Cumulative area ratio:    0.24
      Required ratio:    0.00 (Cumulative area) 

    Via: L1M1_PR
      Partial area ratio:    0.14
      Required ratio:    3.00 (Gate area) 
      Cumulative area ratio:    0.14
      Required ratio:    0.00 (Cumulative area) 

  Pin: _11385_/S (sky130_fd_sc_hd__mux2_1)
    Layer: met2
      Partial area ratio:   28.43
      Required ratio:    0.00 (Gate area) 
      Partial area ratio:  143.79
      Required ratio: 2918.08 (Side area) 
      Cumulative area ratio:   28.43
      Required ratio:    0.00 (Cumulative area) 
      Cumulative area ratio:  143.79
      Required ratio:    0.00 (Cumulative side area) 

    Layer: met1
      Partial area ratio:    0.00
      Required ratio:    0.00 (Gate area) 
      Partial area ratio:    0.00
      Required ratio:  400.00 (Side area) 
      Cumulative area ratio:    0.00
      Required ratio:    0.00 (Cumulative area) 
      Cumulative area ratio:    0.00
      Required ratio:    0.00 (Cumulative side area) 

    Layer: li1
      Partial area ratio:    0.00
      Required ratio:    0.00 (Gate area) 
      Partial area ratio:    0.00
      Required ratio:   75.00 (Side area) 
      Cumulative area ratio:    0.00
      Required ratio:    0.00 (Cumulative area) 
      Cumulative area ratio:    0.00
      Required ratio:    0.00 (Cumulative side area) 

    Via: M1M2_PR
      Partial area ratio:    0.09
      Required ratio:    6.00 (Gate area) 
      Cumulative area ratio:    0.20
      Required ratio:    0.00 (Cumulative area) 

    Via: L1M1_PR
      Partial area ratio:    0.11
      Required ratio:    3.00 (Gate area) 
      Cumulative area ratio:    0.11
      Required ratio:    0.00 (Cumulative area) 

  Pin: _11011_/B1_N (sky130_fd_sc_hd__o21ba_1)
    Layer: met2
      Partial area ratio:   28.43
      Required ratio:    0.00 (Gate area) 
      Partial area ratio:  143.79
      Required ratio: 2918.08 (Side area) 
      Cumulative area ratio:  203.70
      Required ratio:    0.00 (Cumulative area) 
      Cumulative area ratio: 1034.90
      Required ratio:    0.00 (Cumulative side area) 

    Layer: met1
      Partial area ratio:  175.27
      Required ratio:    0.00 (Gate area) 
      Partial area ratio:  891.11
      Required ratio:  400.00 (Side area) (VIOLATED)
      Cumulative area ratio:  175.27
      Required ratio:    0.00 (Cumulative area) 
      Cumulative area ratio:  891.11
      Required ratio:    0.00 (Cumulative side area) 

    Layer: li1
      Partial area ratio:    0.00
      Required ratio:    0.00 (Gate area) 
      Partial area ratio:    0.00
      Required ratio:   75.00 (Side area) 
      Cumulative area ratio:    0.00
      Required ratio:    0.00 (Cumulative area) 
      Cumulative area ratio:    0.00
      Required ratio:    0.00 (Cumulative side area) 

    Via: M1M2_PR
      Partial area ratio:    0.18
      Required ratio:    6.00 (Gate area) 
      Cumulative area ratio:    0.41
      Required ratio:    0.00 (Cumulative area) 

    Via: L1M1_PR
      Partial area ratio:    0.23
      Required ratio:    3.00 (Gate area) 
      Cumulative area ratio:    0.23
      Required ratio:    0.00 (Cumulative area) 


Net: _05269_
  Pin: _11281_/B1 (sky130_fd_sc_hd__o221a_1)
    Layer: met4
      Partial area ratio:   33.15
      Required ratio:    0.00 (Gate area) 
      Partial area ratio:  177.78
      Required ratio: 2918.08 (Side area) 
      Cumulative area ratio:   48.01
      Required ratio:    0.00 (Cumulative area) 
      Cumulative area ratio:  259.23
      Required ratio:    0.00 (Cumulative side area) 

    Layer: met3
      Partial area ratio:   14.49
      Required ratio:    0.00 (Gate area) 
      Partial area ratio:   79.21
      Required ratio:  400.00 (Side area) 
      Cumulative area ratio:   14.86
      Required ratio:    0.00 (Cumulative area) 
      Cumulative area ratio:   81.45
      Required ratio:    0.00 (Cumulative side area) 

    Layer: met2
      Partial area ratio:    0.37
      Required ratio:    0.00 (Gate area) 
      Partial area ratio:    2.23
      Required ratio:  400.00 (Side area) 
      Cumulative area ratio:    0.37
      Required ratio:    0.00 (Cumulative area) 
      Cumulative area ratio:    2.23
      Required ratio:    0.00 (Cumulative side area) 

    Layer: met1
      Partial area ratio:    0.00
      Required ratio:    0.00 (Gate area) 
      Partial area ratio:    0.00
      Required ratio:  400.00 (Side area) 
      Cumulative area ratio:    0.00
      Required ratio:    0.00 (Cumulative area) 
      Cumulative area ratio:    0.00
      Required ratio:    0.00 (Cumulative side area) 

    Layer: li1
      Partial area ratio:    0.00
      Required ratio:    0.00 (Gate area) 
      Partial area ratio:    0.00
      Required ratio:   75.00 (Side area) 
      Cumulative area ratio:    0.00
      Required ratio:    0.00 (Cumulative area) 
      Cumulative area ratio:    0.00
      Required ratio:    0.00 (Cumulative side area) 

    Via: M3M4_PR
      Partial area ratio:    0.05
      Required ratio:    6.00 (Gate area) 
      Cumulative area ratio:    0.42
      Required ratio:    0.00 (Cumulative area) 

    Via: M2M3_PR
      Partial area ratio:    0.16
      Required ratio:    6.00 (Gate area) 
      Cumulative area ratio:    0.37
      Required ratio:    0.00 (Cumulative area) 

    Via: M1M2_PR
      Partial area ratio:    0.09
      Required ratio:    6.00 (Gate area) 
      Cumulative area ratio:    0.21
      Required ratio:    0.00 (Cumulative area) 

    Via: L1M1_PR
      Partial area ratio:    0.12
      Required ratio:    3.00 (Gate area) 
      Cumulative area ratio:    0.12
      Required ratio:    0.00 (Cumulative area) 

  Pin: _11283_/B1 (sky130_fd_sc_hd__o221a_1)
    Layer: met4
      Partial area ratio:   33.15
      Required ratio:    0.00 (Gate area) 
      Partial area ratio:  177.78
      Required ratio: 2918.08 (Side area) 
      Cumulative area ratio:   49.77
      Required ratio:    0.00 (Cumulative area) 
      Cumulative area ratio:  268.84
      Required ratio:    0.00 (Cumulative side area) 

    Layer: met3
      Partial area ratio:   14.49
      Required ratio:    0.00 (Gate area) 
      Partial area ratio:   79.21
      Required ratio:  400.00 (Side area) 
      Cumulative area ratio:   16.62
      Required ratio:    0.00 (Cumulative area) 
      Cumulative area ratio:   91.06
      Required ratio:    0.00 (Cumulative side area) 

    Layer: met2
      Partial area ratio:    1.33
      Required ratio:    0.00 (Gate area) 
      Partial area ratio:    7.04
      Required ratio:  400.00 (Side area) 
      Cumulative area ratio:    2.13
      Required ratio:    0.00 (Cumulative area) 
      Cumulative area ratio:   11.85
      Required ratio:    0.00 (Cumulative side area) 

    Layer: met1
      Partial area ratio:    0.80
      Required ratio:    0.00 (Gate area) 
      Partial area ratio:    4.81
      Required ratio:  400.00 (Side area) 
      Cumulative area ratio:    0.80
      Required ratio:    0.00 (Cumulative area) 
      Cumulative area ratio:    4.81
      Required ratio:    0.00 (Cumulative side area) 

    Layer: li1
      Partial area ratio:    0.00
      Required ratio:    0.00 (Gate area) 
      Partial area ratio:    0.00
      Required ratio:   75.00 (Side area) 
      Cumulative area ratio:    0.00
      Required ratio:    0.00 (Cumulative area) 
      Cumulative area ratio:    0.00
      Required ratio:    0.00 (Cumulative side area) 

    Via: M3M4_PR
      Partial area ratio:    0.05
      Required ratio:    6.00 (Gate area) 
      Cumulative area ratio:    0.42
      Required ratio:    0.00 (Cumulative area) 

    Via: M2M3_PR
      Partial area ratio:    0.16
      Required ratio:    6.00 (Gate area) 
      Cumulative area ratio:    0.37
      Required ratio:    0.00 (Cumulative area) 

    Via: M1M2_PR
      Partial area ratio:    0.09
      Required ratio:    6.00 (Gate area) 
      Cumulative area ratio:    0.21
      Required ratio:    0.00 (Cumulative area) 

    Via: L1M1_PR
      Partial area ratio:    0.12
      Required ratio:    3.00 (Gate area) 
      Cumulative area ratio:    0.12
      Required ratio:    0.00 (Cumulative area) 

  Pin: _11295_/B1 (sky130_fd_sc_hd__o221a_1)
    Layer: met4
      Partial area ratio:   33.15
      Required ratio:    0.00 (Gate area) 
      Partial area ratio:  177.78
      Required ratio: 2918.08 (Side area) 
      Cumulative area ratio:   61.04
      Required ratio:    0.00 (Cumulative area) 
      Cumulative area ratio:  325.58
      Required ratio:    0.00 (Cumulative side area) 

    Layer: met3
      Partial area ratio:   14.49
      Required ratio:    0.00 (Gate area) 
      Partial area ratio:   79.21
      Required ratio:  400.00 (Side area) 
      Cumulative area ratio:   27.89
      Required ratio:    0.00 (Cumulative area) 
      Cumulative area ratio:  147.80
      Required ratio:    0.00 (Cumulative side area) 

    Layer: met2
      Partial area ratio:    1.41
      Required ratio:    0.00 (Gate area) 
      Partial area ratio:    7.83
      Required ratio:  400.00 (Side area) 
      Cumulative area ratio:   13.40
      Required ratio:    0.00 (Cumulative area) 
      Cumulative area ratio:   68.59
      Required ratio:    0.00 (Cumulative side area) 

    Layer: met1
      Partial area ratio:   11.99
      Required ratio:    0.00 (Gate area) 
      Partial area ratio:   60.75
      Required ratio:  400.00 (Side area) 
      Cumulative area ratio:   11.99
      Required ratio:    0.00 (Cumulative area) 
      Cumulative area ratio:   60.75
      Required ratio:    0.00 (Cumulative side area) 

    Layer: li1
      Partial area ratio:    0.00
      Required ratio:    0.00 (Gate area) 
      Partial area ratio:    0.00
      Required ratio:   75.00 (Side area) 
      Cumulative area ratio:    0.00
      Required ratio:    0.00 (Cumulative area) 
      Cumulative area ratio:    0.00
      Required ratio:    0.00 (Cumulative side area) 

    Via: M3M4_PR
      Partial area ratio:    0.05
      Required ratio:    6.00 (Gate area) 
      Cumulative area ratio:    0.42
      Required ratio:    0.00 (Cumulative area) 

    Via: M2M3_PR
      Partial area ratio:    0.16
      Required ratio:    6.00 (Gate area) 
      Cumulative area ratio:    0.37
      Required ratio:    0.00 (Cumulative area) 

    Via: M1M2_PR
      Partial area ratio:    0.09
      Required ratio:    6.00 (Gate area) 
      Cumulative area ratio:    0.21
      Required ratio:    0.00 (Cumulative area) 

    Via: L1M1_PR
      Partial area ratio:    0.12
      Required ratio:    3.00 (Gate area) 
      Cumulative area ratio:    0.12
      Required ratio:    0.00 (Cumulative area) 

  Pin: _11049_/A1 (sky130_fd_sc_hd__o211a_1)
    Layer: met3
      Partial area ratio:  190.53
      Required ratio:    0.00 (Gate area) 
      Partial area ratio: 1025.87
      Required ratio:  400.00 (Side area) (VIOLATED)
      Cumulative area ratio:  201.31
      Required ratio:    0.00 (Cumulative area) 
      Cumulative area ratio: 1080.55
      Required ratio:    0.00 (Cumulative side area) 

    Layer: met2
      Partial area ratio:   10.18
      Required ratio:    0.00 (Gate area) 
      Partial area ratio:   51.28
      Required ratio:  400.00 (Side area) 
      Cumulative area ratio:   10.78
      Required ratio:    0.00 (Cumulative area) 
      Cumulative area ratio:   54.67
      Required ratio:    0.00 (Cumulative side area) 

    Layer: met1
      Partial area ratio:    0.60
      Required ratio:    0.00 (Gate area) 
      Partial area ratio:    3.39
      Required ratio:  400.00 (Side area) 
      Cumulative area ratio:    0.60
      Required ratio:    0.00 (Cumulative area) 
      Cumulative area ratio:    3.39
      Required ratio:    0.00 (Cumulative side area) 

    Layer: li1
      Partial area ratio:    0.00
      Required ratio:    0.00 (Gate area) 
      Partial area ratio:    0.00
      Required ratio:   75.00 (Side area) 
      Cumulative area ratio:    0.00
      Required ratio:    0.00 (Cumulative area) 
      Cumulative area ratio:    0.00
      Required ratio:    0.00 (Cumulative side area) 

    Via: M3M4_PR
      Partial area ratio:    0.16
      Required ratio:    6.00 (Gate area) 
      Cumulative area ratio:    0.53
      Required ratio:    0.00 (Cumulative area) 

    Via: M2M3_PR
      Partial area ratio:    0.16
      Required ratio:    6.00 (Gate area) 
      Cumulative area ratio:    0.37
      Required ratio:    0.00 (Cumulative area) 

    Via: M1M2_PR
      Partial area ratio:    0.09
      Required ratio:    6.00 (Gate area) 
      Cumulative area ratio:    0.21
      Required ratio:    0.00 (Cumulative area) 

    Via: L1M1_PR
      Partial area ratio:    0.12
      Required ratio:    3.00 (Gate area) 
      Cumulative area ratio:    0.12
      Required ratio:    0.00 (Cumulative area) 


Net: _05722_
  Pin: _11518_/A (sky130_fd_sc_hd__and3_2)
    Layer: met2
      Partial area ratio:    3.56
      Required ratio:    0.00 (Gate area) 
      Partial area ratio:   18.56
      Required ratio: 2771.60 (Side area) 
      Cumulative area ratio:  116.13
      Required ratio:    0.00 (Cumulative area) 
      Cumulative area ratio:  590.00
      Required ratio:    0.00 (Cumulative side area) 

    Layer: met1
      Partial area ratio:  112.58
      Required ratio:    0.00 (Gate area) 
      Partial area ratio:  571.44
      Required ratio:  400.00 (Side area) (VIOLATED)
      Cumulative area ratio:  112.58
      Required ratio:    0.00 (Cumulative area) 
      Cumulative area ratio:  571.44
      Required ratio:    0.00 (Cumulative side area) 

    Layer: li1
      Partial area ratio:    0.00
      Required ratio:    0.00 (Gate area) 
      Partial area ratio:    0.00
      Required ratio:   75.00 (Side area) 
      Cumulative area ratio:    0.00
      Required ratio:    0.00 (Cumulative area) 
      Cumulative area ratio:    0.00
      Required ratio:    0.00 (Cumulative side area) 

    Via: M1M2_PR
      Partial area ratio:    0.18
      Required ratio:    6.00 (Gate area) 
      Cumulative area ratio:    0.41
      Required ratio:    0.00 (Cumulative area) 

    Via: L1M1_PR
      Partial area ratio:    0.23
      Required ratio:    3.00 (Gate area) 
      Cumulative area ratio:    0.23
      Required ratio:    0.00 (Cumulative area) 


Net: _06666_
  Pin: _12786_/A (sky130_fd_sc_hd__clkbuf_2)
    Layer: met4
      Partial area ratio:   42.42
      Required ratio:    0.00 (Gate area) 
      Partial area ratio:  227.48
      Required ratio: 3941.36 (Side area) 
      Cumulative area ratio:  200.41
      Required ratio:    0.00 (Cumulative area) 
      Cumulative area ratio: 1061.83
      Required ratio:    0.00 (Cumulative side area) 

    Layer: met3
      Partial area ratio:  118.87
      Required ratio:    0.00 (Gate area) 
      Partial area ratio:  637.33
      Required ratio:  400.00 (Side area) (VIOLATED)
      Cumulative area ratio:  157.99
      Required ratio:    0.00 (Cumulative area) 
      Cumulative area ratio:  834.35
      Required ratio:    0.00 (Cumulative side area) 

    Layer: met2
      Partial area ratio:   39.13
      Required ratio:    0.00 (Gate area) 
      Partial area ratio:  197.02
      Required ratio:  400.00 (Side area) 
      Cumulative area ratio:   39.13
      Required ratio:    0.00 (Cumulative area) 
      Cumulative area ratio:  197.02
      Required ratio:    0.00 (Cumulative side area) 

    Layer: met1
      Partial area ratio:    0.00
      Required ratio:    0.00 (Gate area) 
      Partial area ratio:    0.00
      Required ratio:  400.00 (Side area) 
      Cumulative area ratio:    0.00
      Required ratio:    0.00 (Cumulative area) 
      Cumulative area ratio:    0.00
      Required ratio:    0.00 (Cumulative side area) 

    Layer: li1
      Partial area ratio:    0.00
      Required ratio:    0.00 (Gate area) 
      Partial area ratio:    0.00
      Required ratio:   75.00 (Side area) 
      Cumulative area ratio:    0.00
      Required ratio:    0.00 (Cumulative area) 
      Cumulative area ratio:    0.00
      Required ratio:    0.00 (Cumulative side area) 

    Via: M3M4_PR
      Partial area ratio:    0.09
      Required ratio:    6.00 (Gate area) 
      Cumulative area ratio:    0.43
      Required ratio:    0.00 (Cumulative area) 

    Via: M2M3_PR
      Partial area ratio:    0.09
      Required ratio:    6.00 (Gate area) 
      Cumulative area ratio:    0.34
      Required ratio:    0.00 (Cumulative area) 

    Via: M1M2_PR
      Partial area ratio:    0.11
      Required ratio:    6.00 (Gate area) 
      Cumulative area ratio:    0.24
      Required ratio:    0.00 (Cumulative area) 

    Via: L1M1_PR
      Partial area ratio:    0.14
      Required ratio:    3.00 (Gate area) 
      Cumulative area ratio:    0.14
      Required ratio:    0.00 (Cumulative area) 

  Pin: _12773_/A (sky130_fd_sc_hd__clkbuf_2)
    Layer: met4
      Partial area ratio:   42.42
      Required ratio:    0.00 (Gate area) 
      Partial area ratio:  227.48
      Required ratio: 3941.36 (Side area) 
      Cumulative area ratio:  200.41
      Required ratio:    0.00 (Cumulative area) 
      Cumulative area ratio: 1061.83
      Required ratio:    0.00 (Cumulative side area) 

    Layer: met3
      Partial area ratio:  118.87
      Required ratio:    0.00 (Gate area) 
      Partial area ratio:  637.33
      Required ratio:  400.00 (Side area) (VIOLATED)
      Cumulative area ratio:  157.99
      Required ratio:    0.00 (Cumulative area) 
      Cumulative area ratio:  834.35
      Required ratio:    0.00 (Cumulative side area) 

    Layer: met2
      Partial area ratio:   39.13
      Required ratio:    0.00 (Gate area) 
      Partial area ratio:  197.02
      Required ratio:  400.00 (Side area) 
      Cumulative area ratio:   39.13
      Required ratio:    0.00 (Cumulative area) 
      Cumulative area ratio:  197.02
      Required ratio:    0.00 (Cumulative side area) 

    Layer: met1
      Partial area ratio:    0.00
      Required ratio:    0.00 (Gate area) 
      Partial area ratio:    0.00
      Required ratio:  400.00 (Side area) 
      Cumulative area ratio:    0.00
      Required ratio:    0.00 (Cumulative area) 
      Cumulative area ratio:    0.00
      Required ratio:    0.00 (Cumulative side area) 

    Layer: li1
      Partial area ratio:    0.00
      Required ratio:    0.00 (Gate area) 
      Partial area ratio:    0.00
      Required ratio:   75.00 (Side area) 
      Cumulative area ratio:    0.00
      Required ratio:    0.00 (Cumulative area) 
      Cumulative area ratio:    0.00
      Required ratio:    0.00 (Cumulative side area) 

    Via: M3M4_PR
      Partial area ratio:    0.09
      Required ratio:    6.00 (Gate area) 
      Cumulative area ratio:    0.43
      Required ratio:    0.00 (Cumulative area) 

    Via: M2M3_PR
      Partial area ratio:    0.09
      Required ratio:    6.00 (Gate area) 
      Cumulative area ratio:    0.34
      Required ratio:    0.00 (Cumulative area) 

    Via: M1M2_PR
      Partial area ratio:    0.11
      Required ratio:    6.00 (Gate area) 
      Cumulative area ratio:    0.24
      Required ratio:    0.00 (Cumulative area) 

    Via: L1M1_PR
      Partial area ratio:    0.14
      Required ratio:    3.00 (Gate area) 
      Cumulative area ratio:    0.14
      Required ratio:    0.00 (Cumulative area) 

  Pin: ANTENNA_202/DIODE (sky130_fd_sc_hd__diode_2)
    Layer: met3
      Partial area ratio:   30.06
      Required ratio:    0.00 (Gate area) 
      Partial area ratio:  161.20
      Required ratio: 2773.88 (Side area) 
      Cumulative area ratio:   31.88
      Required ratio:    0.00 (Cumulative area) 
      Cumulative area ratio:  170.62
      Required ratio:    0.00 (Cumulative side area) 

    Layer: met2
      Partial area ratio:    1.44
      Required ratio:    0.00 (Gate area) 
      Partial area ratio:    7.35
      Required ratio: 2773.88 (Side area) 
      Cumulative area ratio:    1.82
      Required ratio:    0.00 (Cumulative area) 
      Cumulative area ratio:    9.43
      Required ratio:    0.00 (Cumulative side area) 

    Layer: met1
      Partial area ratio:    0.38
      Required ratio:    0.00 (Gate area) 
      Partial area ratio:    2.07
      Required ratio: 2773.88 (Side area) 
      Cumulative area ratio:    0.38
      Required ratio:    0.00 (Cumulative area) 
      Cumulative area ratio:    2.07
      Required ratio:    0.00 (Cumulative side area) 

    Layer: li1
      Partial area ratio:    0.00
      Required ratio:    0.00 (Gate area) 
      Partial area ratio:    0.00
      Required ratio:  270.62 (Side area) 
      Cumulative area ratio:    0.00
      Required ratio:    0.00 (Cumulative area) 
      Cumulative area ratio:    0.00
      Required ratio:    0.00 (Cumulative side area) 

    Via: M3M4_PR
      Partial area ratio:    0.07
      Required ratio:    6.00 (Gate area) 
      Cumulative area ratio:    0.25
      Required ratio:    0.00 (Cumulative area) 

    Via: M2M3_PR
      Partial area ratio:    0.07
      Required ratio:    6.00 (Gate area) 
      Cumulative area ratio:    0.18
      Required ratio:    0.00 (Cumulative area) 

    Via: M1M2_PR
      Partial area ratio:    0.04
      Required ratio:    6.00 (Gate area) 
      Cumulative area ratio:    0.11
      Required ratio:    0.00 (Cumulative area) 

    Via: L1M1_PR
      Partial area ratio:    0.07
      Required ratio:    3.00 (Gate area) 
      Cumulative area ratio:    0.07
      Required ratio:    0.00 (Cumulative area) 

  Pin: _12760_/A (sky130_fd_sc_hd__dlymetal6s2s_1)
    Layer: met3
      Partial area ratio:   30.06
      Required ratio:    0.00 (Gate area) 
      Partial area ratio:  161.20
      Required ratio: 2773.88 (Side area) 
      Cumulative area ratio:   31.88
      Required ratio:    0.00 (Cumulative area) 
      Cumulative area ratio:  170.62
      Required ratio:    0.00 (Cumulative side area) 

    Layer: met2
      Partial area ratio:    1.44
      Required ratio:    0.00 (Gate area) 
      Partial area ratio:    7.35
      Required ratio: 2773.88 (Side area) 
      Cumulative area ratio:    1.82
      Required ratio:    0.00 (Cumulative area) 
      Cumulative area ratio:    9.43
      Required ratio:    0.00 (Cumulative side area) 

    Layer: met1
      Partial area ratio:    0.38
      Required ratio:    0.00 (Gate area) 
      Partial area ratio:    2.07
      Required ratio: 2773.88 (Side area) 
      Cumulative area ratio:    0.38
      Required ratio:    0.00 (Cumulative area) 
      Cumulative area ratio:    2.07
      Required ratio:    0.00 (Cumulative side area) 

    Layer: li1
      Partial area ratio:    0.00
      Required ratio:    0.00 (Gate area) 
      Partial area ratio:    0.00
      Required ratio:   75.00 (Side area) 
      Cumulative area ratio:    0.00
      Required ratio:    0.00 (Cumulative area) 
      Cumulative area ratio:    0.00
      Required ratio:    0.00 (Cumulative side area) 

    Via: M3M4_PR
      Partial area ratio:    0.07
      Required ratio:    6.00 (Gate area) 
      Cumulative area ratio:    0.41
      Required ratio:    0.00 (Cumulative area) 

    Via: M2M3_PR
      Partial area ratio:    0.07
      Required ratio:    6.00 (Gate area) 
      Cumulative area ratio:    0.34
      Required ratio:    0.00 (Cumulative area) 

    Via: M1M2_PR
      Partial area ratio:    0.04
      Required ratio:    6.00 (Gate area) 
      Cumulative area ratio:    0.27
      Required ratio:    0.00 (Cumulative area) 

    Via: L1M1_PR
      Partial area ratio:    0.23
      Required ratio:    3.00 (Gate area) 
      Cumulative area ratio:    0.23
      Required ratio:    0.00 (Cumulative area) 

  Pin: ANTENNA_109/DIODE (sky130_fd_sc_hd__diode_2)
    Layer: met3
      Partial area ratio:   15.54
      Required ratio:    0.00 (Gate area) 
      Partial area ratio:   83.75
      Required ratio: 2773.88 (Side area) 
      Cumulative area ratio:   36.13
      Required ratio:    0.00 (Cumulative area) 
      Cumulative area ratio:  187.93
      Required ratio:    0.00 (Cumulative side area) 

    Layer: met2
      Partial area ratio:   19.60
      Required ratio:    0.00 (Gate area) 
      Partial area ratio:   98.69
      Required ratio: 2773.88 (Side area) 
      Cumulative area ratio:   20.59
      Required ratio:    0.00 (Cumulative area) 
      Cumulative area ratio:  104.18
      Required ratio:    0.00 (Cumulative side area) 

    Layer: met1
      Partial area ratio:    0.99
      Required ratio:    0.00 (Gate area) 
      Partial area ratio:    5.49
      Required ratio: 2773.88 (Side area) 
      Cumulative area ratio:    0.99
      Required ratio:    0.00 (Cumulative area) 
      Cumulative area ratio:    5.49
      Required ratio:    0.00 (Cumulative side area) 

    Layer: li1
      Partial area ratio:    0.00
      Required ratio:    0.00 (Gate area) 
      Partial area ratio:    0.00
      Required ratio:  270.62 (Side area) 
      Cumulative area ratio:    0.00
      Required ratio:    0.00 (Cumulative area) 
      Cumulative area ratio:    0.00
      Required ratio:    0.00 (Cumulative side area) 

    Via: M3M4_PR
      Partial area ratio:    0.07
      Required ratio:    6.00 (Gate area) 
      Cumulative area ratio:    0.25
      Required ratio:    0.00 (Cumulative area) 

    Via: M2M3_PR
      Partial area ratio:    0.07
      Required ratio:    6.00 (Gate area) 
      Cumulative area ratio:    0.18
      Required ratio:    0.00 (Cumulative area) 

    Via: M1M2_PR
      Partial area ratio:    0.04
      Required ratio:    6.00 (Gate area) 
      Cumulative area ratio:    0.11
      Required ratio:    0.00 (Cumulative area) 

    Via: L1M1_PR
      Partial area ratio:    0.07
      Required ratio:    3.00 (Gate area) 
      Cumulative area ratio:    0.07
      Required ratio:    0.00 (Cumulative area) 

  Pin: _12748_/A (sky130_fd_sc_hd__dlymetal6s2s_1)
    Layer: met3
      Partial area ratio:   15.54
      Required ratio:    0.00 (Gate area) 
      Partial area ratio:   83.75
      Required ratio: 2773.88 (Side area) 
      Cumulative area ratio:   36.13
      Required ratio:    0.00 (Cumulative area) 
      Cumulative area ratio:  187.93
      Required ratio:    0.00 (Cumulative side area) 

    Layer: met2
      Partial area ratio:   19.60
      Required ratio:    0.00 (Gate area) 
      Partial area ratio:   98.69
      Required ratio: 2773.88 (Side area) 
      Cumulative area ratio:   20.59
      Required ratio:    0.00 (Cumulative area) 
      Cumulative area ratio:  104.18
      Required ratio:    0.00 (Cumulative side area) 

    Layer: met1
      Partial area ratio:    0.99
      Required ratio:    0.00 (Gate area) 
      Partial area ratio:    5.49
      Required ratio: 2773.88 (Side area) 
      Cumulative area ratio:    0.99
      Required ratio:    0.00 (Cumulative area) 
      Cumulative area ratio:    5.49
      Required ratio:    0.00 (Cumulative side area) 

    Layer: li1
      Partial area ratio:    0.00
      Required ratio:    0.00 (Gate area) 
      Partial area ratio:    0.00
      Required ratio:   75.00 (Side area) 
      Cumulative area ratio:    0.00
      Required ratio:    0.00 (Cumulative area) 
      Cumulative area ratio:    0.00
      Required ratio:    0.00 (Cumulative side area) 

    Via: M3M4_PR
      Partial area ratio:    0.07
      Required ratio:    6.00 (Gate area) 
      Cumulative area ratio:    0.41
      Required ratio:    0.00 (Cumulative area) 

    Via: M2M3_PR
      Partial area ratio:    0.07
      Required ratio:    6.00 (Gate area) 
      Cumulative area ratio:    0.34
      Required ratio:    0.00 (Cumulative area) 

    Via: M1M2_PR
      Partial area ratio:    0.04
      Required ratio:    6.00 (Gate area) 
      Cumulative area ratio:    0.27
      Required ratio:    0.00 (Cumulative area) 

    Via: L1M1_PR
      Partial area ratio:    0.23
      Required ratio:    3.00 (Gate area) 
      Cumulative area ratio:    0.23
      Required ratio:    0.00 (Cumulative area) 


Net: _06692_
  Pin: _12866_/A1 (sky130_fd_sc_hd__mux2_1)
    Layer: met2
      Partial area ratio:    3.46
      Required ratio:    0.00 (Gate area) 
      Partial area ratio:   18.08
      Required ratio: 2753.36 (Side area) 
      Cumulative area ratio:   17.59
      Required ratio:    0.00 (Cumulative area) 
      Cumulative area ratio:   91.08
      Required ratio:    0.00 (Cumulative side area) 

    Layer: met1
      Partial area ratio:   14.13
      Required ratio:    0.00 (Gate area) 
      Partial area ratio:   73.00
      Required ratio:  400.00 (Side area) 
      Cumulative area ratio:   14.13
      Required ratio:    0.00 (Cumulative area) 
      Cumulative area ratio:   73.00
      Required ratio:    0.00 (Cumulative side area) 

    Layer: li1
      Partial area ratio:    0.00
      Required ratio:    0.00 (Gate area) 
      Partial area ratio:    0.00
      Required ratio:   75.00 (Side area) 
      Cumulative area ratio:    0.00
      Required ratio:    0.00 (Cumulative area) 
      Cumulative area ratio:    0.00
      Required ratio:    0.00 (Cumulative side area) 

    Via: M1M2_PR
      Partial area ratio:    0.18
      Required ratio:    6.00 (Gate area) 
      Cumulative area ratio:    0.41
      Required ratio:    0.00 (Cumulative area) 

    Via: L1M1_PR
      Partial area ratio:    0.23
      Required ratio:    3.00 (Gate area) 
      Cumulative area ratio:    0.23
      Required ratio:    0.00 (Cumulative area) 

  Pin: _12787_/A1 (sky130_fd_sc_hd__mux2_1)
    Layer: met2
      Partial area ratio:    3.46
      Required ratio:    0.00 (Gate area) 
      Partial area ratio:   18.08
      Required ratio: 2753.36 (Side area) 
      Cumulative area ratio:   99.39
      Required ratio:    0.00 (Cumulative area) 
      Cumulative area ratio:  513.31
      Required ratio:    0.00 (Cumulative side area) 

    Layer: met1
      Partial area ratio:    0.00
      Required ratio:    0.00 (Gate area) 
      Partial area ratio:    0.00
      Required ratio:  400.00 (Side area) 
      Cumulative area ratio:    0.00
      Required ratio:    0.00 (Cumulative area) 
      Cumulative area ratio:    0.00
      Required ratio:    0.00 (Cumulative side area) 

    Layer: li1
      Partial area ratio:    0.00
      Required ratio:    0.00 (Gate area) 
      Partial area ratio:    0.00
      Required ratio:   75.00 (Side area) 
      Cumulative area ratio:    0.00
      Required ratio:    0.00 (Cumulative area) 
      Cumulative area ratio:    0.00
      Required ratio:    0.00 (Cumulative side area) 

    Via: M1M2_PR
      Partial area ratio:    0.18
      Required ratio:    6.00 (Gate area) 
      Cumulative area ratio:    0.41
      Required ratio:    0.00 (Cumulative area) 

    Via: L1M1_PR
      Partial area ratio:    0.23
      Required ratio:    3.00 (Gate area) 
      Cumulative area ratio:    0.23
      Required ratio:    0.00 (Cumulative area) 

  Pin: _13374_/A1 (sky130_fd_sc_hd__mux2_1)
    Layer: met2
      Partial area ratio:    3.46
      Required ratio:    0.00 (Gate area) 
      Partial area ratio:   18.08
      Required ratio: 2753.36 (Side area) 
      Cumulative area ratio:  103.66
      Required ratio:    0.00 (Cumulative area) 
      Cumulative area ratio:  536.19
      Required ratio:    0.00 (Cumulative side area) 

    Layer: met1
      Partial area ratio:    4.27
      Required ratio:    0.00 (Gate area) 
      Partial area ratio:   22.89
      Required ratio:  400.00 (Side area) 
      Cumulative area ratio:    4.27
      Required ratio:    0.00 (Cumulative area) 
      Cumulative area ratio:   22.89
      Required ratio:    0.00 (Cumulative side area) 

    Layer: li1
      Partial area ratio:    0.00
      Required ratio:    0.00 (Gate area) 
      Partial area ratio:    0.00
      Required ratio:   75.00 (Side area) 
      Cumulative area ratio:    0.00
      Required ratio:    0.00 (Cumulative area) 
      Cumulative area ratio:    0.00
      Required ratio:    0.00 (Cumulative side area) 

    Via: M1M2_PR
      Partial area ratio:    0.18
      Required ratio:    6.00 (Gate area) 
      Cumulative area ratio:    0.41
      Required ratio:    0.00 (Cumulative area) 

    Via: L1M1_PR
      Partial area ratio:    0.23
      Required ratio:    3.00 (Gate area) 
      Cumulative area ratio:    0.23
      Required ratio:    0.00 (Cumulative area) 

  Pin: _13295_/A1 (sky130_fd_sc_hd__mux2_1)
    Layer: met2
      Partial area ratio:    3.46
      Required ratio:    0.00 (Gate area) 
      Partial area ratio:   18.08
      Required ratio: 2753.36 (Side area) 
      Cumulative area ratio:   99.39
      Required ratio:    0.00 (Cumulative area) 
      Cumulative area ratio:  513.31
      Required ratio:    0.00 (Cumulative side area) 

    Layer: met1
      Partial area ratio:   95.93
      Required ratio:    0.00 (Gate area) 
      Partial area ratio:  495.22
      Required ratio:  400.00 (Side area) (VIOLATED)
      Cumulative area ratio:   95.93
      Required ratio:    0.00 (Cumulative area) 
      Cumulative area ratio:  495.22
      Required ratio:    0.00 (Cumulative side area) 

    Layer: li1
      Partial area ratio:    0.00
      Required ratio:    0.00 (Gate area) 
      Partial area ratio:    0.00
      Required ratio:   75.00 (Side area) 
      Cumulative area ratio:    0.00
      Required ratio:    0.00 (Cumulative area) 
      Cumulative area ratio:    0.00
      Required ratio:    0.00 (Cumulative side area) 

    Via: M1M2_PR
      Partial area ratio:    0.36
      Required ratio:    6.00 (Gate area) 
      Cumulative area ratio:    0.59
      Required ratio:    0.00 (Cumulative area) 

    Via: L1M1_PR
      Partial area ratio:    0.23
      Required ratio:    3.00 (Gate area) 
      Cumulative area ratio:    0.23
      Required ratio:    0.00 (Cumulative area) 


Net: _06702_
  Pin: _12827_/A (sky130_fd_sc_hd__buf_2)
    Layer: met4
      Partial area ratio:   62.40
      Required ratio:    0.00 (Gate area) 
      Partial area ratio:  334.36
      Required ratio: 3172.40 (Side area) 
      Cumulative area ratio:  160.75
      Required ratio:    0.00 (Cumulative area) 
      Cumulative area ratio:  852.76
      Required ratio:    0.00 (Cumulative side area) 

    Layer: met3
      Partial area ratio:   51.12
      Required ratio:    0.00 (Gate area) 
      Partial area ratio:  275.23
      Required ratio:  400.00 (Side area) 
      Cumulative area ratio:   98.34
      Required ratio:    0.00 (Cumulative area) 
      Cumulative area ratio:  518.40
      Required ratio:    0.00 (Cumulative side area) 

    Layer: met2
      Partial area ratio:    0.87
      Required ratio:    0.00 (Gate area) 
      Partial area ratio:    4.97
      Required ratio:  400.00 (Side area) 
      Cumulative area ratio:    0.87
      Required ratio:    0.00 (Cumulative area) 
      Cumulative area ratio:    4.97
      Required ratio:    0.00 (Cumulative side area) 

    Layer: met1
      Partial area ratio:    0.00
      Required ratio:    0.00 (Gate area) 
      Partial area ratio:    0.00
      Required ratio:  400.00 (Side area) 
      Cumulative area ratio:    0.00
      Required ratio:    0.00 (Cumulative area) 
      Cumulative area ratio:    0.00
      Required ratio:    0.00 (Cumulative side area) 

    Layer: li1
      Partial area ratio:    0.00
      Required ratio:    0.00 (Gate area) 
      Partial area ratio:    0.00
      Required ratio:   75.00 (Side area) 
      Cumulative area ratio:    0.00
      Required ratio:    0.00 (Cumulative area) 
      Cumulative area ratio:    0.00
      Required ratio:    0.00 (Cumulative side area) 

    Via: M3M4_PR
      Partial area ratio:    0.11
      Required ratio:    6.00 (Gate area) 
      Cumulative area ratio:    1.27
      Required ratio:    0.00 (Cumulative area) 

    Via: M2M3_PR
      Partial area ratio:    0.25
      Required ratio:    6.00 (Gate area) 
      Cumulative area ratio:    0.57
      Required ratio:    0.00 (Cumulative area) 

    Via: M1M2_PR
      Partial area ratio:    0.14
      Required ratio:    6.00 (Gate area) 
      Cumulative area ratio:    0.32
      Required ratio:    0.00 (Cumulative area) 

    Via: L1M1_PR
      Partial area ratio:    0.18
      Required ratio:    3.00 (Gate area) 
      Cumulative area ratio:    0.18
      Required ratio:    0.00 (Cumulative area) 

  Pin: _12809_/A (sky130_fd_sc_hd__clkbuf_2)
    Layer: met4
      Partial area ratio:   62.40
      Required ratio:    0.00 (Gate area) 
      Partial area ratio:  334.36
      Required ratio: 3172.40 (Side area) 
      Cumulative area ratio:  159.88
      Required ratio:    0.00 (Cumulative area) 
      Cumulative area ratio:  847.78
      Required ratio:    0.00 (Cumulative side area) 

    Layer: met3
      Partial area ratio:   51.12
      Required ratio:    0.00 (Gate area) 
      Partial area ratio:  275.23
      Required ratio:  400.00 (Side area) 
      Cumulative area ratio:   97.47
      Required ratio:    0.00 (Cumulative area) 
      Cumulative area ratio:  513.42
      Required ratio:    0.00 (Cumulative side area) 

    Layer: met2
      Partial area ratio:    8.23
      Required ratio:    0.00 (Gate area) 
      Partial area ratio:   42.07
      Required ratio:  400.00 (Side area) 
      Cumulative area ratio:   46.35
      Required ratio:    0.00 (Cumulative area) 
      Cumulative area ratio:  238.20
      Required ratio:    0.00 (Cumulative side area) 

    Layer: met1
      Partial area ratio:   38.12
      Required ratio:    0.00 (Gate area) 
      Partial area ratio:  196.13
      Required ratio:  400.00 (Side area) 
      Cumulative area ratio:   38.12
      Required ratio:    0.00 (Cumulative area) 
      Cumulative area ratio:  196.13
      Required ratio:    0.00 (Cumulative side area) 

    Layer: li1
      Partial area ratio:    0.00
      Required ratio:    0.00 (Gate area) 
      Partial area ratio:    0.00
      Required ratio:   75.00 (Side area) 
      Cumulative area ratio:    0.00
      Required ratio:    0.00 (Cumulative area) 
      Cumulative area ratio:    0.00
      Required ratio:    0.00 (Cumulative side area) 

    Via: M3M4_PR
      Partial area ratio:    0.11
      Required ratio:    6.00 (Gate area) 
      Cumulative area ratio:    0.83
      Required ratio:    0.00 (Cumulative area) 

    Via: M2M3_PR
      Partial area ratio:    0.38
      Required ratio:    6.00 (Gate area) 
      Cumulative area ratio:    0.72
      Required ratio:    0.00 (Cumulative area) 

    Via: M1M2_PR
      Partial area ratio:    0.21
      Required ratio:    6.00 (Gate area) 
      Cumulative area ratio:    0.35
      Required ratio:    0.00 (Cumulative area) 

    Via: L1M1_PR
      Partial area ratio:    0.14
      Required ratio:    3.00 (Gate area) 
      Cumulative area ratio:    0.14
      Required ratio:    0.00 (Cumulative area) 

  Pin: _12818_/A (sky130_fd_sc_hd__dlymetal6s2s_1)
    Layer: met4
      Partial area ratio:   62.40
      Required ratio:    0.00 (Gate area) 
      Partial area ratio:  334.36
      Required ratio: 3172.40 (Side area) 
      Cumulative area ratio:  235.34
      Required ratio:    0.00 (Cumulative area) 
      Cumulative area ratio: 1212.63
      Required ratio:    0.00 (Cumulative side area) 

    Layer: met3
      Partial area ratio:    1.18
      Required ratio:    0.00 (Gate area) 
      Partial area ratio:    8.19
      Required ratio:  400.00 (Side area) 
      Cumulative area ratio:  172.94
      Required ratio:    0.00 (Cumulative area) 
      Cumulative area ratio:  878.27
      Required ratio:    0.00 (Cumulative side area) 

    Layer: met2
      Partial area ratio:   42.65
      Required ratio:    0.00 (Gate area) 
      Partial area ratio:  217.53
      Required ratio:  400.00 (Side area) 
      Cumulative area ratio:  171.76
      Required ratio:    0.00 (Cumulative area) 
      Cumulative area ratio:  870.08
      Required ratio:    0.00 (Cumulative side area) 

    Layer: met1
      Partial area ratio:  129.11
      Required ratio:    0.00 (Gate area) 
      Partial area ratio:  652.56
      Required ratio:  400.00 (Side area) (VIOLATED)
      Cumulative area ratio:  129.11
      Required ratio:    0.00 (Cumulative area) 
      Cumulative area ratio:  652.56
      Required ratio:    0.00 (Cumulative side area) 

    Layer: li1
      Partial area ratio:    0.00
      Required ratio:    0.00 (Gate area) 
      Partial area ratio:    0.00
      Required ratio:   75.00 (Side area) 
      Cumulative area ratio:    0.00
      Required ratio:    0.00 (Cumulative area) 
      Cumulative area ratio:    0.00
      Required ratio:    0.00 (Cumulative side area) 

    Via: M3M4_PR
      Partial area ratio:    0.16
      Required ratio:    6.00 (Gate area) 
      Cumulative area ratio:    0.90
      Required ratio:    0.00 (Cumulative area) 

    Via: M2M3_PR
      Partial area ratio:    0.16
      Required ratio:    6.00 (Gate area) 
      Cumulative area ratio:    0.75
      Required ratio:    0.00 (Cumulative area) 

    Via: M1M2_PR
      Partial area ratio:    0.36
      Required ratio:    6.00 (Gate area) 
      Cumulative area ratio:    0.59
      Required ratio:    0.00 (Cumulative area) 

    Via: L1M1_PR
      Partial area ratio:    0.23
      Required ratio:    3.00 (Gate area) 
      Cumulative area ratio:    0.23
      Required ratio:    0.00 (Cumulative area) 

  Pin: _12800_/A (sky130_fd_sc_hd__dlymetal6s2s_1)
    Layer: met4
      Partial area ratio:   62.40
      Required ratio:    0.00 (Gate area) 
      Partial area ratio:  334.36
      Required ratio: 3172.40 (Side area) 
      Cumulative area ratio:  269.17
      Required ratio:    0.00 (Cumulative area) 
      Cumulative area ratio: 1384.86
      Required ratio:    0.00 (Cumulative side area) 

    Layer: met3
      Partial area ratio:    1.18
      Required ratio:    0.00 (Gate area) 
      Partial area ratio:    8.19
      Required ratio:  400.00 (Side area) 
      Cumulative area ratio:  206.76
      Required ratio:    0.00 (Cumulative area) 
      Cumulative area ratio: 1050.50
      Required ratio:    0.00 (Cumulative side area) 

    Layer: met2
      Partial area ratio:   42.65
      Required ratio:    0.00 (Gate area) 
      Partial area ratio:  217.53
      Required ratio:  400.00 (Side area) 
      Cumulative area ratio:  205.58
      Required ratio:    0.00 (Cumulative area) 
      Cumulative area ratio: 1042.31
      Required ratio:    0.00 (Cumulative side area) 

    Layer: met1
      Partial area ratio:   33.82
      Required ratio:    0.00 (Gate area) 
      Partial area ratio:  172.22
      Required ratio:  400.00 (Side area) 
      Cumulative area ratio:   33.82
      Required ratio:    0.00 (Cumulative area) 
      Cumulative area ratio:  172.22
      Required ratio:    0.00 (Cumulative side area) 

    Layer: li1
      Partial area ratio:    0.00
      Required ratio:    0.00 (Gate area) 
      Partial area ratio:    0.00
      Required ratio:   75.00 (Side area) 
      Cumulative area ratio:    0.00
      Required ratio:    0.00 (Cumulative area) 
      Cumulative area ratio:    0.00
      Required ratio:    0.00 (Cumulative side area) 

    Via: M3M4_PR
      Partial area ratio:    0.16
      Required ratio:    6.00 (Gate area) 
      Cumulative area ratio:    1.08
      Required ratio:    0.00 (Cumulative area) 

    Via: M2M3_PR
      Partial area ratio:    0.16
      Required ratio:    6.00 (Gate area) 
      Cumulative area ratio:    0.92
      Required ratio:    0.00 (Cumulative area) 

    Via: M1M2_PR
      Partial area ratio:    0.18
      Required ratio:    6.00 (Gate area) 
      Cumulative area ratio:    0.41
      Required ratio:    0.00 (Cumulative area) 

    Via: L1M1_PR
      Partial area ratio:    0.23
      Required ratio:    3.00 (Gate area) 
      Cumulative area ratio:    0.23
      Required ratio:    0.00 (Cumulative area) 


Net: _06747_
  Pin: _12886_/A (sky130_fd_sc_hd__clkbuf_2)
    Layer: met4
      Partial area ratio:  104.55
      Required ratio:    0.00 (Gate area) 
      Partial area ratio:  560.98
      Required ratio: 2956.40 (Side area) 
      Cumulative area ratio:  321.74
      Required ratio:    0.00 (Cumulative area) 
      Cumulative area ratio: 1732.79
      Required ratio:    0.00 (Cumulative side area) 

    Layer: met3
      Partial area ratio:  198.03
      Required ratio:    0.00 (Gate area) 
      Partial area ratio: 1074.18
      Required ratio:  400.00 (Side area) (VIOLATED)
      Cumulative area ratio:  217.19
      Required ratio:    0.00 (Cumulative area) 
      Cumulative area ratio: 1171.82
      Required ratio:    0.00 (Cumulative side area) 

    Layer: met2
      Partial area ratio:   14.28
      Required ratio:    0.00 (Gate area) 
      Partial area ratio:   71.87
      Required ratio:  400.00 (Side area) 
      Cumulative area ratio:   19.16
      Required ratio:    0.00 (Cumulative area) 
      Cumulative area ratio:   97.64
      Required ratio:    0.00 (Cumulative side area) 

    Layer: met1
      Partial area ratio:    4.88
      Required ratio:    0.00 (Gate area) 
      Partial area ratio:   25.77
      Required ratio:  400.00 (Side area) 
      Cumulative area ratio:    4.88
      Required ratio:    0.00 (Cumulative area) 
      Cumulative area ratio:   25.77
      Required ratio:    0.00 (Cumulative side area) 

    Layer: li1
      Partial area ratio:    0.00
      Required ratio:    0.00 (Gate area) 
      Partial area ratio:    0.00
      Required ratio:   75.00 (Side area) 
      Cumulative area ratio:    0.00
      Required ratio:    0.00 (Cumulative area) 
      Cumulative area ratio:    0.00
      Required ratio:    0.00 (Cumulative side area) 

    Layer: met5
      Partial area ratio:   60.49
      Required ratio:    0.00 (Gate area) 
      Partial area ratio:   92.97
      Required ratio: 3304.16 (Side area) 
      Cumulative area ratio:  382.23
      Required ratio:    0.00 (Cumulative area) 
      Cumulative area ratio: 1825.76
      Required ratio:    0.00 (Cumulative side area) 

    Via: M4M5_PR
      Partial area ratio:    1.50
      Required ratio:    6.00 (Gate area) 
      Cumulative area ratio:    2.31
      Required ratio:    0.00 (Cumulative area) 

    Via: M3M4_PR
      Partial area ratio:    0.38
      Required ratio:    6.00 (Gate area) 
      Cumulative area ratio:    0.80
      Required ratio:    0.00 (Cumulative area) 

    Via: M2M3_PR
      Partial area ratio:    0.19
      Required ratio:    6.00 (Gate area) 
      Cumulative area ratio:    0.43
      Required ratio:    0.00 (Cumulative area) 

    Via: M1M2_PR
      Partial area ratio:    0.11
      Required ratio:    6.00 (Gate area) 
      Cumulative area ratio:    0.24
      Required ratio:    0.00 (Cumulative area) 

    Via: L1M1_PR
      Partial area ratio:    0.14
      Required ratio:    3.00 (Gate area) 
      Cumulative area ratio:    0.14
      Required ratio:    0.00 (Cumulative area) 

  Pin: _12877_/A (sky130_fd_sc_hd__clkbuf_2)
    Layer: met4
      Partial area ratio:  104.55
      Required ratio:    0.00 (Gate area) 
      Partial area ratio:  560.98
      Required ratio: 2956.40 (Side area) 
      Cumulative area ratio:  359.25
      Required ratio:    0.00 (Cumulative area) 
      Cumulative area ratio: 1940.03
      Required ratio:    0.00 (Cumulative side area) 

    Layer: met3
      Partial area ratio:   56.46
      Required ratio:    0.00 (Gate area) 
      Partial area ratio:  303.40
      Required ratio:  400.00 (Side area) 
      Cumulative area ratio:   56.67
      Required ratio:    0.00 (Cumulative area) 
      Cumulative area ratio:  304.88
      Required ratio:    0.00 (Cumulative side area) 

    Layer: met2
      Partial area ratio:    0.20
      Required ratio:    0.00 (Gate area) 
      Partial area ratio:    1.48
      Required ratio:  400.00 (Side area) 
      Cumulative area ratio:    0.20
      Required ratio:    0.00 (Cumulative area) 
      Cumulative area ratio:    1.48
      Required ratio:    0.00 (Cumulative side area) 

    Layer: met1
      Partial area ratio:    0.00
      Required ratio:    0.00 (Gate area) 
      Partial area ratio:    0.00
      Required ratio:  400.00 (Side area) 
      Cumulative area ratio:    0.00
      Required ratio:    0.00 (Cumulative area) 
      Cumulative area ratio:    0.00
      Required ratio:    0.00 (Cumulative side area) 

    Layer: li1
      Partial area ratio:    0.00
      Required ratio:    0.00 (Gate area) 
      Partial area ratio:    0.00
      Required ratio:   75.00 (Side area) 
      Cumulative area ratio:    0.00
      Required ratio:    0.00 (Cumulative area) 
      Cumulative area ratio:    0.00
      Required ratio:    0.00 (Cumulative side area) 

    Layer: met5
      Partial area ratio:   60.49
      Required ratio:    0.00 (Gate area) 
      Partial area ratio:   92.97
      Required ratio: 3304.16 (Side area) 
      Cumulative area ratio:  419.74
      Required ratio:    0.00 (Cumulative area) 
      Cumulative area ratio: 2033.00
      Required ratio:    0.00 (Cumulative side area) 

    Via: M4M5_PR
      Partial area ratio:    1.50
      Required ratio:    6.00 (Gate area) 
      Cumulative area ratio:    2.49
      Required ratio:    0.00 (Cumulative area) 

    Via: M3M4_PR
      Partial area ratio:    0.19
      Required ratio:    6.00 (Gate area) 
      Cumulative area ratio:    0.62
      Required ratio:    0.00 (Cumulative area) 

    Via: M2M3_PR
      Partial area ratio:    0.19
      Required ratio:    6.00 (Gate area) 
      Cumulative area ratio:    0.43
      Required ratio:    0.00 (Cumulative area) 

    Via: M1M2_PR
      Partial area ratio:    0.11
      Required ratio:    6.00 (Gate area) 
      Cumulative area ratio:    0.24
      Required ratio:    0.00 (Cumulative area) 

    Via: L1M1_PR
      Partial area ratio:    0.14
      Required ratio:    3.00 (Gate area) 
      Cumulative area ratio:    0.14
      Required ratio:    0.00 (Cumulative area) 

  Pin: ANTENNA_113/DIODE (sky130_fd_sc_hd__diode_2)
    Layer: met5
      Partial area ratio:   60.49
      Required ratio:    0.00 (Gate area) 
      Partial area ratio:   92.97
      Required ratio: 3304.16 (Side area) 
      Cumulative area ratio:   89.00
      Required ratio:    0.00 (Cumulative area) 
      Cumulative area ratio:  244.67
      Required ratio:    0.00 (Cumulative side area) 

    Layer: met4
      Partial area ratio:   20.45
      Required ratio:    0.00 (Gate area) 
      Partial area ratio:  109.83
      Required ratio: 2947.76 (Side area) 
      Cumulative area ratio:   28.51
      Required ratio:    0.00 (Cumulative area) 
      Cumulative area ratio:  151.70
      Required ratio:    0.00 (Cumulative side area) 

    Layer: met3
      Partial area ratio:    0.25
      Required ratio:    0.00 (Gate area) 
      Partial area ratio:    2.05
      Required ratio: 2773.88 (Side area) 
      Cumulative area ratio:    8.06
      Required ratio:    0.00 (Cumulative area) 
      Cumulative area ratio:   41.88
      Required ratio:    0.00 (Cumulative side area) 

    Layer: met2
      Partial area ratio:    7.36
      Required ratio:    0.00 (Gate area) 
      Partial area ratio:   37.23
      Required ratio: 2773.88 (Side area) 
      Cumulative area ratio:    7.81
      Required ratio:    0.00 (Cumulative area) 
      Cumulative area ratio:   39.83
      Required ratio:    0.00 (Cumulative side area) 

    Layer: met1
      Partial area ratio:    0.46
      Required ratio:    0.00 (Gate area) 
      Partial area ratio:    2.59
      Required ratio: 2773.88 (Side area) 
      Cumulative area ratio:    0.46
      Required ratio:    0.00 (Cumulative area) 
      Cumulative area ratio:    2.59
      Required ratio:    0.00 (Cumulative side area) 

    Layer: li1
      Partial area ratio:    0.00
      Required ratio:    0.00 (Gate area) 
      Partial area ratio:    0.00
      Required ratio:  270.62 (Side area) 
      Cumulative area ratio:    0.00
      Required ratio:    0.00 (Cumulative area) 
      Cumulative area ratio:    0.00
      Required ratio:    0.00 (Cumulative side area) 

    Via: M4M5_PR
      Partial area ratio:    0.49
      Required ratio:    6.00 (Gate area) 
      Cumulative area ratio:    0.72
      Required ratio:    0.00 (Cumulative area) 

    Via: M3M4_PR
      Partial area ratio:    0.06
      Required ratio:    6.00 (Gate area) 
      Cumulative area ratio:    0.22
      Required ratio:    0.00 (Cumulative area) 

    Via: M2M3_PR
      Partial area ratio:    0.06
      Required ratio:    6.00 (Gate area) 
      Cumulative area ratio:    0.16
      Required ratio:    0.00 (Cumulative area) 

    Via: M1M2_PR
      Partial area ratio:    0.03
      Required ratio:    6.00 (Gate area) 
      Cumulative area ratio:    0.10
      Required ratio:    0.00 (Cumulative area) 

    Via: L1M1_PR
      Partial area ratio:    0.07
      Required ratio:    3.00 (Gate area) 
      Cumulative area ratio:    0.07
      Required ratio:    0.00 (Cumulative area) 

  Pin: _12904_/A (sky130_fd_sc_hd__clkbuf_2)
    Layer: met5
      Partial area ratio:   60.49
      Required ratio:    0.00 (Gate area) 
      Partial area ratio:   92.97
      Required ratio: 3304.16 (Side area) 
      Cumulative area ratio:   89.00
      Required ratio:    0.00 (Cumulative area) 
      Cumulative area ratio:  244.67
      Required ratio:    0.00 (Cumulative side area) 

    Layer: met4
      Partial area ratio:   20.45
      Required ratio:    0.00 (Gate area) 
      Partial area ratio:  109.83
      Required ratio: 2947.76 (Side area) 
      Cumulative area ratio:   28.51
      Required ratio:    0.00 (Cumulative area) 
      Cumulative area ratio:  151.70
      Required ratio:    0.00 (Cumulative side area) 

    Layer: met3
      Partial area ratio:    0.25
      Required ratio:    0.00 (Gate area) 
      Partial area ratio:    2.05
      Required ratio: 2773.88 (Side area) 
      Cumulative area ratio:    8.06
      Required ratio:    0.00 (Cumulative area) 
      Cumulative area ratio:   41.88
      Required ratio:    0.00 (Cumulative side area) 

    Layer: met2
      Partial area ratio:    7.36
      Required ratio:    0.00 (Gate area) 
      Partial area ratio:   37.23
      Required ratio: 2773.88 (Side area) 
      Cumulative area ratio:    7.81
      Required ratio:    0.00 (Cumulative area) 
      Cumulative area ratio:   39.83
      Required ratio:    0.00 (Cumulative side area) 

    Layer: met1
      Partial area ratio:    0.46
      Required ratio:    0.00 (Gate area) 
      Partial area ratio:    2.59
      Required ratio: 2773.88 (Side area) 
      Cumulative area ratio:    0.46
      Required ratio:    0.00 (Cumulative area) 
      Cumulative area ratio:    2.59
      Required ratio:    0.00 (Cumulative side area) 

    Layer: li1
      Partial area ratio:    0.00
      Required ratio:    0.00 (Gate area) 
      Partial area ratio:    0.00
      Required ratio:   75.00 (Side area) 
      Cumulative area ratio:    0.00
      Required ratio:    0.00 (Cumulative area) 
      Cumulative area ratio:    0.00
      Required ratio:    0.00 (Cumulative side area) 

    Via: M4M5_PR
      Partial area ratio:    0.49
      Required ratio:    6.00 (Gate area) 
      Cumulative area ratio:    0.79
      Required ratio:    0.00 (Cumulative area) 

    Via: M3M4_PR
      Partial area ratio:    0.06
      Required ratio:    6.00 (Gate area) 
      Cumulative area ratio:    0.29
      Required ratio:    0.00 (Cumulative area) 

    Via: M2M3_PR
      Partial area ratio:    0.06
      Required ratio:    6.00 (Gate area) 
      Cumulative area ratio:    0.23
      Required ratio:    0.00 (Cumulative area) 

    Via: M1M2_PR
      Partial area ratio:    0.03
      Required ratio:    6.00 (Gate area) 
      Cumulative area ratio:    0.17
      Required ratio:    0.00 (Cumulative area) 

    Via: L1M1_PR
      Partial area ratio:    0.14
      Required ratio:    3.00 (Gate area) 
      Cumulative area ratio:    0.14
      Required ratio:    0.00 (Cumulative area) 

  Pin: ANTENNA_112/DIODE (sky130_fd_sc_hd__diode_2)
    Layer: met5
      Partial area ratio:   60.49
      Required ratio:    0.00 (Gate area) 
      Partial area ratio:   92.97
      Required ratio: 3304.16 (Side area) 
      Cumulative area ratio:   83.16
      Required ratio:    0.00 (Cumulative area) 
      Cumulative area ratio:  215.64
      Required ratio:    0.00 (Cumulative side area) 

    Layer: met4
      Partial area ratio:   20.45
      Required ratio:    0.00 (Gate area) 
      Partial area ratio:  109.83
      Required ratio: 2947.76 (Side area) 
      Cumulative area ratio:   22.67
      Required ratio:    0.00 (Cumulative area) 
      Cumulative area ratio:  122.67
      Required ratio:    0.00 (Cumulative side area) 

    Layer: met3
      Partial area ratio:    1.31
      Required ratio:    0.00 (Gate area) 
      Partial area ratio:    7.73
      Required ratio: 2773.88 (Side area) 
      Cumulative area ratio:    2.21
      Required ratio:    0.00 (Cumulative area) 
      Cumulative area ratio:   12.84
      Required ratio:    0.00 (Cumulative side area) 

    Layer: met2
      Partial area ratio:    0.27
      Required ratio:    0.00 (Gate area) 
      Partial area ratio:    1.65
      Required ratio: 2773.88 (Side area) 
      Cumulative area ratio:    0.90
      Required ratio:    0.00 (Cumulative area) 
      Cumulative area ratio:    5.11
      Required ratio:    0.00 (Cumulative side area) 

    Layer: met1
      Partial area ratio:    0.63
      Required ratio:    0.00 (Gate area) 
      Partial area ratio:    3.46
      Required ratio: 2773.88 (Side area) 
      Cumulative area ratio:    0.63
      Required ratio:    0.00 (Cumulative area) 
      Cumulative area ratio:    3.46
      Required ratio:    0.00 (Cumulative side area) 

    Layer: li1
      Partial area ratio:    0.00
      Required ratio:    0.00 (Gate area) 
      Partial area ratio:    0.00
      Required ratio:  270.62 (Side area) 
      Cumulative area ratio:    0.00
      Required ratio:    0.00 (Cumulative area) 
      Cumulative area ratio:    0.00
      Required ratio:    0.00 (Cumulative side area) 

    Via: M4M5_PR
      Partial area ratio:    0.49
      Required ratio:    6.00 (Gate area) 
      Cumulative area ratio:    0.72
      Required ratio:    0.00 (Cumulative area) 

    Via: M3M4_PR
      Partial area ratio:    0.06
      Required ratio:    6.00 (Gate area) 
      Cumulative area ratio:    0.22
      Required ratio:    0.00 (Cumulative area) 

    Via: M2M3_PR
      Partial area ratio:    0.06
      Required ratio:    6.00 (Gate area) 
      Cumulative area ratio:    0.16
      Required ratio:    0.00 (Cumulative area) 

    Via: M1M2_PR
      Partial area ratio:    0.03
      Required ratio:    6.00 (Gate area) 
      Cumulative area ratio:    0.10
      Required ratio:    0.00 (Cumulative area) 

    Via: L1M1_PR
      Partial area ratio:    0.07
      Required ratio:    3.00 (Gate area) 
      Cumulative area ratio:    0.07
      Required ratio:    0.00 (Cumulative area) 

  Pin: _12895_/A (sky130_fd_sc_hd__clkbuf_2)
    Layer: met5
      Partial area ratio:   60.49
      Required ratio:    0.00 (Gate area) 
      Partial area ratio:   92.97
      Required ratio: 3304.16 (Side area) 
      Cumulative area ratio:   83.16
      Required ratio:    0.00 (Cumulative area) 
      Cumulative area ratio:  215.64
      Required ratio:    0.00 (Cumulative side area) 

    Layer: met4
      Partial area ratio:   20.45
      Required ratio:    0.00 (Gate area) 
      Partial area ratio:  109.83
      Required ratio: 2947.76 (Side area) 
      Cumulative area ratio:   22.67
      Required ratio:    0.00 (Cumulative area) 
      Cumulative area ratio:  122.67
      Required ratio:    0.00 (Cumulative side area) 

    Layer: met3
      Partial area ratio:    1.31
      Required ratio:    0.00 (Gate area) 
      Partial area ratio:    7.73
      Required ratio: 2773.88 (Side area) 
      Cumulative area ratio:    2.21
      Required ratio:    0.00 (Cumulative area) 
      Cumulative area ratio:   12.84
      Required ratio:    0.00 (Cumulative side area) 

    Layer: met2
      Partial area ratio:    0.27
      Required ratio:    0.00 (Gate area) 
      Partial area ratio:    1.65
      Required ratio: 2773.88 (Side area) 
      Cumulative area ratio:    0.90
      Required ratio:    0.00 (Cumulative area) 
      Cumulative area ratio:    5.11
      Required ratio:    0.00 (Cumulative side area) 

    Layer: met1
      Partial area ratio:    0.63
      Required ratio:    0.00 (Gate area) 
      Partial area ratio:    3.46
      Required ratio: 2773.88 (Side area) 
      Cumulative area ratio:    0.63
      Required ratio:    0.00 (Cumulative area) 
      Cumulative area ratio:    3.46
      Required ratio:    0.00 (Cumulative side area) 

    Layer: li1
      Partial area ratio:    0.00
      Required ratio:    0.00 (Gate area) 
      Partial area ratio:    0.00
      Required ratio:   75.00 (Side area) 
      Cumulative area ratio:    0.00
      Required ratio:    0.00 (Cumulative area) 
      Cumulative area ratio:    0.00
      Required ratio:    0.00 (Cumulative side area) 

    Via: M4M5_PR
      Partial area ratio:    0.49
      Required ratio:    6.00 (Gate area) 
      Cumulative area ratio:    0.79
      Required ratio:    0.00 (Cumulative area) 

    Via: M3M4_PR
      Partial area ratio:    0.06
      Required ratio:    6.00 (Gate area) 
      Cumulative area ratio:    0.29
      Required ratio:    0.00 (Cumulative area) 

    Via: M2M3_PR
      Partial area ratio:    0.06
      Required ratio:    6.00 (Gate area) 
      Cumulative area ratio:    0.23
      Required ratio:    0.00 (Cumulative area) 

    Via: M1M2_PR
      Partial area ratio:    0.03
      Required ratio:    6.00 (Gate area) 
      Cumulative area ratio:    0.17
      Required ratio:    0.00 (Cumulative area) 

    Via: L1M1_PR
      Partial area ratio:    0.14
      Required ratio:    3.00 (Gate area) 
      Cumulative area ratio:    0.14
      Required ratio:    0.00 (Cumulative area) 


Net: _07909_
  Pin: _14471_/A (sky130_fd_sc_hd__dlymetal6s2s_1)
    Layer: met3
      Partial area ratio:  155.67
      Required ratio:    0.00 (Gate area) 
      Partial area ratio:  838.91
      Required ratio: 3744.80 (Side area) 
      Cumulative area ratio:  159.04
      Required ratio:    0.00 (Cumulative area) 
      Cumulative area ratio:  856.52
      Required ratio:    0.00 (Cumulative side area) 

    Layer: met2
      Partial area ratio:    3.37
      Required ratio:    0.00 (Gate area) 
      Partial area ratio:   17.61
      Required ratio:  400.00 (Side area) 
      Cumulative area ratio:    3.37
      Required ratio:    0.00 (Cumulative area) 
      Cumulative area ratio:   17.61
      Required ratio:    0.00 (Cumulative side area) 

    Layer: met1
      Partial area ratio:    0.00
      Required ratio:    0.00 (Gate area) 
      Partial area ratio:    0.00
      Required ratio:  400.00 (Side area) 
      Cumulative area ratio:    0.00
      Required ratio:    0.00 (Cumulative area) 
      Cumulative area ratio:    0.00
      Required ratio:    0.00 (Cumulative side area) 

    Layer: li1
      Partial area ratio:    0.00
      Required ratio:    0.00 (Gate area) 
      Partial area ratio:    0.00
      Required ratio:   75.00 (Side area) 
      Cumulative area ratio:    0.00
      Required ratio:    0.00 (Cumulative area) 
      Cumulative area ratio:    0.00
      Required ratio:    0.00 (Cumulative side area) 

    Layer: met4
      Partial area ratio:   56.65
      Required ratio:    0.00 (Gate area) 
      Partial area ratio:  302.81
      Required ratio: 3744.80 (Side area) 
      Cumulative area ratio:  215.69
      Required ratio:    0.00 (Cumulative area) 
      Cumulative area ratio: 1159.33
      Required ratio:    0.00 (Cumulative side area) 

    Via: M3M4_PR
      Partial area ratio:    0.08
      Required ratio:    6.00 (Gate area) 
      Cumulative area ratio:    0.81
      Required ratio:    0.00 (Cumulative area) 

    Via: M2M3_PR
      Partial area ratio:    0.32
      Required ratio:    6.00 (Gate area) 
      Cumulative area ratio:    0.73
      Required ratio:    0.00 (Cumulative area) 

    Via: M1M2_PR
      Partial area ratio:    0.18
      Required ratio:    6.00 (Gate area) 
      Cumulative area ratio:    0.41
      Required ratio:    0.00 (Cumulative area) 

    Via: L1M1_PR
      Partial area ratio:    0.23
      Required ratio:    3.00 (Gate area) 
      Cumulative area ratio:    0.23
      Required ratio:    0.00 (Cumulative area) 

  Pin: _14480_/A (sky130_fd_sc_hd__clkbuf_2)
    Layer: met3
      Partial area ratio:  155.67
      Required ratio:    0.00 (Gate area) 
      Partial area ratio:  838.91
      Required ratio: 3744.80 (Side area) 
      Cumulative area ratio:  248.89
      Required ratio:    0.00 (Cumulative area) 
      Cumulative area ratio: 1309.62
      Required ratio:    0.00 (Cumulative side area) 

    Layer: met2
      Partial area ratio:   91.92
      Required ratio:    0.00 (Gate area) 
      Partial area ratio:  463.74
      Required ratio:  400.00 (Side area) (VIOLATED)
      Cumulative area ratio:   93.22
      Required ratio:    0.00 (Cumulative area) 
      Cumulative area ratio:  470.71
      Required ratio:    0.00 (Cumulative side area) 

    Layer: met1
      Partial area ratio:    1.30
      Required ratio:    0.00 (Gate area) 
      Partial area ratio:    6.97
      Required ratio:  400.00 (Side area) 
      Cumulative area ratio:    1.30
      Required ratio:    0.00 (Cumulative area) 
      Cumulative area ratio:    6.97
      Required ratio:    0.00 (Cumulative side area) 

    Layer: li1
      Partial area ratio:    0.00
      Required ratio:    0.00 (Gate area) 
      Partial area ratio:    0.00
      Required ratio:   75.00 (Side area) 
      Cumulative area ratio:    0.00
      Required ratio:    0.00 (Cumulative area) 
      Cumulative area ratio:    0.00
      Required ratio:    0.00 (Cumulative side area) 

    Layer: met4
      Partial area ratio:   56.65
      Required ratio:    0.00 (Gate area) 
      Partial area ratio:  302.81
      Required ratio: 3744.80 (Side area) 
      Cumulative area ratio:  305.54
      Required ratio:    0.00 (Cumulative area) 
      Cumulative area ratio: 1612.42
      Required ratio:    0.00 (Cumulative side area) 

    Via: M3M4_PR
      Partial area ratio:    0.08
      Required ratio:    6.00 (Gate area) 
      Cumulative area ratio:    0.51
      Required ratio:    0.00 (Cumulative area) 

    Via: M2M3_PR
      Partial area ratio:    0.19
      Required ratio:    6.00 (Gate area) 
      Cumulative area ratio:    0.43
      Required ratio:    0.00 (Cumulative area) 

    Via: M1M2_PR
      Partial area ratio:    0.11
      Required ratio:    6.00 (Gate area) 
      Cumulative area ratio:    0.24
      Required ratio:    0.00 (Cumulative area) 

    Via: L1M1_PR
      Partial area ratio:    0.14
      Required ratio:    3.00 (Gate area) 
      Cumulative area ratio:    0.14
      Required ratio:    0.00 (Cumulative area) 

  Pin: _14462_/A (sky130_fd_sc_hd__clkbuf_2)
    Layer: met4
      Partial area ratio:   56.65
      Required ratio:    0.00 (Gate area) 
      Partial area ratio:  302.81
      Required ratio: 3744.80 (Side area) 
      Cumulative area ratio:   60.51
      Required ratio:    0.00 (Cumulative area) 
      Cumulative area ratio:  325.05
      Required ratio:    0.00 (Cumulative side area) 

    Layer: met3
      Partial area ratio:    0.75
      Required ratio:    0.00 (Gate area) 
      Partial area ratio:    6.23
      Required ratio:  400.00 (Side area) 
      Cumulative area ratio:    3.86
      Required ratio:    0.00 (Cumulative area) 
      Cumulative area ratio:   22.24
      Required ratio:    0.00 (Cumulative side area) 

    Layer: met2
      Partial area ratio:    3.11
      Required ratio:    0.00 (Gate area) 
      Partial area ratio:   16.00
      Required ratio:  400.00 (Side area) 
      Cumulative area ratio:    3.11
      Required ratio:    0.00 (Cumulative area) 
      Cumulative area ratio:   16.00
      Required ratio:    0.00 (Cumulative side area) 

    Layer: met1
      Partial area ratio:    0.00
      Required ratio:    0.00 (Gate area) 
      Partial area ratio:    0.00
      Required ratio:  400.00 (Side area) 
      Cumulative area ratio:    0.00
      Required ratio:    0.00 (Cumulative area) 
      Cumulative area ratio:    0.00
      Required ratio:    0.00 (Cumulative side area) 

    Layer: li1
      Partial area ratio:    0.00
      Required ratio:    0.00 (Gate area) 
      Partial area ratio:    0.00
      Required ratio:   75.00 (Side area) 
      Cumulative area ratio:    0.00
      Required ratio:    0.00 (Cumulative area) 
      Cumulative area ratio:    0.00
      Required ratio:    0.00 (Cumulative side area) 

    Via: M3M4_PR
      Partial area ratio:    0.19
      Required ratio:    6.00 (Gate area) 
      Cumulative area ratio:    0.62
      Required ratio:    0.00 (Cumulative area) 

    Via: M2M3_PR
      Partial area ratio:    0.19
      Required ratio:    6.00 (Gate area) 
      Cumulative area ratio:    0.43
      Required ratio:    0.00 (Cumulative area) 

    Via: M1M2_PR
      Partial area ratio:    0.11
      Required ratio:    6.00 (Gate area) 
      Cumulative area ratio:    0.24
      Required ratio:    0.00 (Cumulative area) 

    Via: L1M1_PR
      Partial area ratio:    0.14
      Required ratio:    3.00 (Gate area) 
      Cumulative area ratio:    0.14
      Required ratio:    0.00 (Cumulative area) 

  Pin: _14452_/A (sky130_fd_sc_hd__buf_2)
    Layer: met1
      Partial area ratio:    0.00
      Required ratio:    0.00 (Gate area) 
      Partial area ratio:    0.00
      Required ratio:  400.00 (Side area) 
      Cumulative area ratio:    0.00
      Required ratio:    0.00 (Cumulative area) 
      Cumulative area ratio:    0.00
      Required ratio:    0.00 (Cumulative side area) 

    Layer: li1
      Partial area ratio:    0.00
      Required ratio:    0.00 (Gate area) 
      Partial area ratio:    0.00
      Required ratio:   75.00 (Side area) 
      Cumulative area ratio:    0.00
      Required ratio:    0.00 (Cumulative area) 
      Cumulative area ratio:    0.00
      Required ratio:    0.00 (Cumulative side area) 

    Via: M1M2_PR
      Partial area ratio:    0.14
      Required ratio:    6.00 (Gate area) 
      Cumulative area ratio:    0.32
      Required ratio:    0.00 (Cumulative area) 

    Via: L1M1_PR
      Partial area ratio:    0.18
      Required ratio:    3.00 (Gate area) 
      Cumulative area ratio:    0.18
      Required ratio:    0.00 (Cumulative area) 


Net: _08007_
  Pin: _14995_/A1 (sky130_fd_sc_hd__mux2_1)
    Layer: met2
      Partial area ratio:   12.89
      Required ratio:    0.00 (Gate area) 
      Partial area ratio:   67.17
      Required ratio: 2778.20 (Side area) 
      Cumulative area ratio:   21.27
      Required ratio:    0.00 (Cumulative area) 
      Cumulative area ratio:  111.39
      Required ratio:    0.00 (Cumulative side area) 

    Layer: met1
      Partial area ratio:    8.38
      Required ratio:    0.00 (Gate area) 
      Partial area ratio:   44.22
      Required ratio:  400.00 (Side area) 
      Cumulative area ratio:    8.38
      Required ratio:    0.00 (Cumulative area) 
      Cumulative area ratio:   44.22
      Required ratio:    0.00 (Cumulative side area) 

    Layer: li1
      Partial area ratio:    0.00
      Required ratio:    0.00 (Gate area) 
      Partial area ratio:    0.00
      Required ratio:   75.00 (Side area) 
      Cumulative area ratio:    0.00
      Required ratio:    0.00 (Cumulative area) 
      Cumulative area ratio:    0.00
      Required ratio:    0.00 (Cumulative side area) 

    Via: M1M2_PR
      Partial area ratio:    0.18
      Required ratio:    6.00 (Gate area) 
      Cumulative area ratio:    0.41
      Required ratio:    0.00 (Cumulative area) 

    Via: L1M1_PR
      Partial area ratio:    0.23
      Required ratio:    3.00 (Gate area) 
      Cumulative area ratio:    0.23
      Required ratio:    0.00 (Cumulative area) 

  Pin: _14681_/A1 (sky130_fd_sc_hd__mux2_1)
    Layer: met1
      Partial area ratio:   88.82
      Required ratio:    0.00 (Gate area) 
      Partial area ratio:  452.67
      Required ratio:  400.00 (Side area) (VIOLATED)
      Cumulative area ratio:   88.82
      Required ratio:    0.00 (Cumulative area) 
      Cumulative area ratio:  452.67
      Required ratio:    0.00 (Cumulative side area) 

    Layer: li1
      Partial area ratio:    0.00
      Required ratio:    0.00 (Gate area) 
      Partial area ratio:    0.00
      Required ratio:   75.00 (Side area) 
      Cumulative area ratio:    0.00
      Required ratio:    0.00 (Cumulative area) 
      Cumulative area ratio:    0.00
      Required ratio:    0.00 (Cumulative side area) 

    Layer: met3
      Partial area ratio:    2.82
      Required ratio:    0.00 (Gate area) 
      Partial area ratio:   16.95
      Required ratio: 2778.20 (Side area) 
      Cumulative area ratio:   91.64
      Required ratio:    0.00 (Cumulative area) 
      Cumulative area ratio:  469.62
      Required ratio:    0.00 (Cumulative side area) 

    Layer: met4
      Partial area ratio:   30.54
      Required ratio:    0.00 (Gate area) 
      Partial area ratio:  163.81
      Required ratio: 2778.20 (Side area) 
      Cumulative area ratio:  122.18
      Required ratio:    0.00 (Cumulative area) 
      Cumulative area ratio:  633.43
      Required ratio:    0.00 (Cumulative side area) 

    Via: M2M3_PR
      Partial area ratio:    0.16
      Required ratio:    6.00 (Gate area) 
      Cumulative area ratio:    0.57
      Required ratio:    0.00 (Cumulative area) 

    Via: M1M2_PR
      Partial area ratio:    0.18
      Required ratio:    6.00 (Gate area) 
      Cumulative area ratio:    0.41
      Required ratio:    0.00 (Cumulative area) 

    Via: L1M1_PR
      Partial area ratio:    0.23
      Required ratio:    3.00 (Gate area) 
      Cumulative area ratio:    0.23
      Required ratio:    0.00 (Cumulative area) 

    Via: M3M4_PR
      Partial area ratio:    0.16
      Required ratio:    6.00 (Gate area) 
      Cumulative area ratio:    0.73
      Required ratio:    0.00 (Cumulative area) 

  Pin: _14958_/A1 (sky130_fd_sc_hd__mux2_1)
    Layer: met4
      Partial area ratio:   30.54
      Required ratio:    0.00 (Gate area) 
      Partial area ratio:  163.81
      Required ratio: 2778.20 (Side area) 
      Cumulative area ratio:   49.87
      Required ratio:    0.00 (Cumulative area) 
      Cumulative area ratio:  272.02
      Required ratio:    0.00 (Cumulative side area) 

    Layer: met3
      Partial area ratio:    8.17
      Required ratio:    0.00 (Gate area) 
      Partial area ratio:   49.27
      Required ratio:  400.00 (Side area) 
      Cumulative area ratio:   19.33
      Required ratio:    0.00 (Cumulative area) 
      Cumulative area ratio:  108.21
      Required ratio:    0.00 (Cumulative side area) 

    Layer: met2
      Partial area ratio:    8.43
      Required ratio:    0.00 (Gate area) 
      Partial area ratio:   43.72
      Required ratio:  400.00 (Side area) 
      Cumulative area ratio:   11.17
      Required ratio:    0.00 (Cumulative area) 
      Cumulative area ratio:   58.94
      Required ratio:    0.00 (Cumulative side area) 

    Layer: met1
      Partial area ratio:    2.73
      Required ratio:    0.00 (Gate area) 
      Partial area ratio:   15.22
      Required ratio:  400.00 (Side area) 
      Cumulative area ratio:    2.73
      Required ratio:    0.00 (Cumulative area) 
      Cumulative area ratio:   15.22
      Required ratio:    0.00 (Cumulative side area) 

    Layer: li1
      Partial area ratio:    0.00
      Required ratio:    0.00 (Gate area) 
      Partial area ratio:    0.00
      Required ratio:   75.00 (Side area) 
      Cumulative area ratio:    0.00
      Required ratio:    0.00 (Cumulative area) 
      Cumulative area ratio:    0.00
      Required ratio:    0.00 (Cumulative side area) 

    Via: M3M4_PR
      Partial area ratio:    0.16
      Required ratio:    6.00 (Gate area) 
      Cumulative area ratio:    0.88
      Required ratio:    0.00 (Cumulative area) 

    Via: M2M3_PR
      Partial area ratio:    0.32
      Required ratio:    6.00 (Gate area) 
      Cumulative area ratio:    0.73
      Required ratio:    0.00 (Cumulative area) 

    Via: M1M2_PR
      Partial area ratio:    0.18
      Required ratio:    6.00 (Gate area) 
      Cumulative area ratio:    0.41
      Required ratio:    0.00 (Cumulative area) 

    Via: L1M1_PR
      Partial area ratio:    0.23
      Required ratio:    3.00 (Gate area) 
      Cumulative area ratio:    0.23
      Required ratio:    0.00 (Cumulative area) 

  Pin: _14601_/A1 (sky130_fd_sc_hd__mux2_1)
    Layer: met4
      Partial area ratio:   30.54
      Required ratio:    0.00 (Gate area) 
      Partial area ratio:  163.81
      Required ratio: 2778.20 (Side area) 
      Cumulative area ratio:   41.25
      Required ratio:    0.00 (Cumulative area) 
      Cumulative area ratio:  227.36
      Required ratio:    0.00 (Cumulative side area) 

    Layer: met3
      Partial area ratio:    8.17
      Required ratio:    0.00 (Gate area) 
      Partial area ratio:   49.27
      Required ratio:  400.00 (Side area) 
      Cumulative area ratio:   10.71
      Required ratio:    0.00 (Cumulative area) 
      Cumulative area ratio:   63.55
      Required ratio:    0.00 (Cumulative side area) 

    Layer: met2
      Partial area ratio:    0.34
      Required ratio:    0.00 (Gate area) 
      Partial area ratio:    2.50
      Required ratio:  400.00 (Side area) 
      Cumulative area ratio:    2.54
      Required ratio:    0.00 (Cumulative area) 
      Cumulative area ratio:   14.28
      Required ratio:    0.00 (Cumulative side area) 

    Layer: met1
      Partial area ratio:    2.20
      Required ratio:    0.00 (Gate area) 
      Partial area ratio:   11.78
      Required ratio:  400.00 (Side area) 
      Cumulative area ratio:    2.20
      Required ratio:    0.00 (Cumulative area) 
      Cumulative area ratio:   11.78
      Required ratio:    0.00 (Cumulative side area) 

    Layer: li1
      Partial area ratio:    0.00
      Required ratio:    0.00 (Gate area) 
      Partial area ratio:    0.00
      Required ratio:   75.00 (Side area) 
      Cumulative area ratio:    0.00
      Required ratio:    0.00 (Cumulative area) 
      Cumulative area ratio:    0.00
      Required ratio:    0.00 (Cumulative side area) 

    Via: M3M4_PR
      Partial area ratio:    0.16
      Required ratio:    6.00 (Gate area) 
      Cumulative area ratio:    0.88
      Required ratio:    0.00 (Cumulative area) 

    Via: M2M3_PR
      Partial area ratio:    0.32
      Required ratio:    6.00 (Gate area) 
      Cumulative area ratio:    0.73
      Required ratio:    0.00 (Cumulative area) 

    Via: M1M2_PR
      Partial area ratio:    0.18
      Required ratio:    6.00 (Gate area) 
      Cumulative area ratio:    0.41
      Required ratio:    0.00 (Cumulative area) 

    Via: L1M1_PR
      Partial area ratio:    0.23
      Required ratio:    3.00 (Gate area) 
      Cumulative area ratio:    0.23
      Required ratio:    0.00 (Cumulative area) 


Net: net18
  Pin: _12223_/A (sky130_fd_sc_hd__buf_1)
    Layer: met2
      Partial area ratio:   30.06
      Required ratio:    0.00 (Gate area) 
      Partial area ratio:  151.21
      Required ratio: 2778.20 (Side area) 
      Cumulative area ratio:  142.53
      Required ratio:    0.00 (Cumulative area) 
      Cumulative area ratio:  723.54
      Required ratio:    0.00 (Cumulative side area) 

    Layer: met1
      Partial area ratio:  112.47
      Required ratio:    0.00 (Gate area) 
      Partial area ratio:  572.33
      Required ratio:  400.00 (Side area) (VIOLATED)
      Cumulative area ratio:  112.47
      Required ratio:    0.00 (Cumulative area) 
      Cumulative area ratio:  572.33
      Required ratio:    0.00 (Cumulative side area) 

    Layer: li1
      Partial area ratio:    0.00
      Required ratio:    0.00 (Gate area) 
      Partial area ratio:    0.00
      Required ratio:   75.00 (Side area) 
      Cumulative area ratio:    0.00
      Required ratio:    0.00 (Cumulative area) 
      Cumulative area ratio:    0.00
      Required ratio:    0.00 (Cumulative side area) 

    Via: M1M2_PR
      Partial area ratio:    0.23
      Required ratio:    6.00 (Gate area) 
      Cumulative area ratio:    0.38
      Required ratio:    0.00 (Cumulative area) 

    Via: L1M1_PR
      Partial area ratio:    0.15
      Required ratio:    3.00 (Gate area) 
      Cumulative area ratio:    0.15
      Required ratio:    0.00 (Cumulative area) 

  Pin: _09680_/A (sky130_fd_sc_hd__dlymetal6s2s_1)
    Layer: met2
      Partial area ratio:   30.06
      Required ratio:    0.00 (Gate area) 
      Partial area ratio:  151.21
      Required ratio: 2778.20 (Side area) 
      Cumulative area ratio:  143.71
      Required ratio:    0.00 (Cumulative area) 
      Cumulative area ratio:  730.20
      Required ratio:    0.00 (Cumulative side area) 

    Layer: met1
      Partial area ratio:    1.18
      Required ratio:    0.00 (Gate area) 
      Partial area ratio:    6.67
      Required ratio:  400.00 (Side area) 
      Cumulative area ratio:    1.18
      Required ratio:    0.00 (Cumulative area) 
      Cumulative area ratio:    6.67
      Required ratio:    0.00 (Cumulative side area) 

    Layer: li1
      Partial area ratio:    0.00
      Required ratio:    0.00 (Gate area) 
      Partial area ratio:    0.00
      Required ratio:   75.00 (Side area) 
      Cumulative area ratio:    0.00
      Required ratio:    0.00 (Cumulative area) 
      Cumulative area ratio:    0.00
      Required ratio:    0.00 (Cumulative side area) 

    Via: M1M2_PR
      Partial area ratio:    0.18
      Required ratio:    6.00 (Gate area) 
      Cumulative area ratio:    0.41
      Required ratio:    0.00 (Cumulative area) 

    Via: L1M1_PR
      Partial area ratio:    0.23
      Required ratio:    3.00 (Gate area) 
      Cumulative area ratio:    0.23
      Required ratio:    0.00 (Cumulative area) 

  Pin: _12350_/A (sky130_fd_sc_hd__buf_1)
    Layer: met2
      Partial area ratio:   30.06
      Required ratio:    0.00 (Gate area) 
      Partial area ratio:  151.21
      Required ratio: 2778.20 (Side area) 
      Cumulative area ratio:  146.36
      Required ratio:    0.00 (Cumulative area) 
      Cumulative area ratio:  744.70
      Required ratio:    0.00 (Cumulative side area) 

    Layer: met1
      Partial area ratio:    3.83
      Required ratio:    0.00 (Gate area) 
      Partial area ratio:   21.16
      Required ratio:  400.00 (Side area) 
      Cumulative area ratio:    3.83
      Required ratio:    0.00 (Cumulative area) 
      Cumulative area ratio:   21.16
      Required ratio:    0.00 (Cumulative side area) 

    Layer: li1
      Partial area ratio:    0.00
      Required ratio:    0.00 (Gate area) 
      Partial area ratio:    0.00
      Required ratio:   75.00 (Side area) 
      Cumulative area ratio:    0.00
      Required ratio:    0.00 (Cumulative area) 
      Cumulative area ratio:    0.00
      Required ratio:    0.00 (Cumulative side area) 

    Via: M1M2_PR
      Partial area ratio:    0.11
      Required ratio:    6.00 (Gate area) 
      Cumulative area ratio:    0.26
      Required ratio:    0.00 (Cumulative area) 

    Via: L1M1_PR
      Partial area ratio:    0.15
      Required ratio:    3.00 (Gate area) 
      Cumulative area ratio:    0.15
      Required ratio:    0.00 (Cumulative area) 

  Pin: _09624_/A (sky130_fd_sc_hd__dlymetal6s2s_1)
    Layer: met2
      Partial area ratio:   30.06
      Required ratio:    0.00 (Gate area) 
      Partial area ratio:  151.21
      Required ratio: 2778.20 (Side area) 
      Cumulative area ratio:  142.53
      Required ratio:    0.00 (Cumulative area) 
      Cumulative area ratio:  723.54
      Required ratio:    0.00 (Cumulative side area) 

    Layer: met1
      Partial area ratio:    0.00
      Required ratio:    0.00 (Gate area) 
      Partial area ratio:    0.00
      Required ratio:  400.00 (Side area) 
      Cumulative area ratio:    0.00
      Required ratio:    0.00 (Cumulative area) 
      Cumulative area ratio:    0.00
      Required ratio:    0.00 (Cumulative side area) 

    Layer: li1
      Partial area ratio:    0.00
      Required ratio:    0.00 (Gate area) 
      Partial area ratio:    0.00
      Required ratio:   75.00 (Side area) 
      Cumulative area ratio:    0.00
      Required ratio:    0.00 (Cumulative area) 
      Cumulative area ratio:    0.00
      Required ratio:    0.00 (Cumulative side area) 

    Via: M1M2_PR
      Partial area ratio:    0.18
      Required ratio:    6.00 (Gate area) 
      Cumulative area ratio:    0.41
      Required ratio:    0.00 (Cumulative area) 

    Via: L1M1_PR
      Partial area ratio:    0.23
      Required ratio:    3.00 (Gate area) 
      Cumulative area ratio:    0.23
      Required ratio:    0.00 (Cumulative area) 


Net: net25
  Pin: _09654_/A (sky130_fd_sc_hd__buf_1)
    Layer: met2
      Partial area ratio:   26.17
      Required ratio:    0.00 (Gate area) 
      Partial area ratio:  131.45
      Required ratio: 2956.40 (Side area) 
      Cumulative area ratio:  119.46
      Required ratio:    0.00 (Cumulative area) 
      Cumulative area ratio:  599.40
      Required ratio:    0.00 (Cumulative side area) 

    Layer: met1
      Partial area ratio:    0.00
      Required ratio:    0.00 (Gate area) 
      Partial area ratio:    0.00
      Required ratio:  400.00 (Side area) 
      Cumulative area ratio:    0.00
      Required ratio:    0.00 (Cumulative area) 
      Cumulative area ratio:    0.00
      Required ratio:    0.00 (Cumulative side area) 

    Layer: li1
      Partial area ratio:    0.00
      Required ratio:    0.00 (Gate area) 
      Partial area ratio:    0.00
      Required ratio:   75.00 (Side area) 
      Cumulative area ratio:    0.00
      Required ratio:    0.00 (Cumulative area) 
      Cumulative area ratio:    0.00
      Required ratio:    0.00 (Cumulative side area) 

    Via: M1M2_PR
      Partial area ratio:    0.11
      Required ratio:    6.00 (Gate area) 
      Cumulative area ratio:    0.26
      Required ratio:    0.00 (Cumulative area) 

    Via: L1M1_PR
      Partial area ratio:    0.15
      Required ratio:    3.00 (Gate area) 
      Cumulative area ratio:    0.15
      Required ratio:    0.00 (Cumulative area) 

  Pin: _12324_/A (sky130_fd_sc_hd__buf_1)
    Layer: met2
      Partial area ratio:   26.17
      Required ratio:    0.00 (Gate area) 
      Partial area ratio:  131.45
      Required ratio: 2956.40 (Side area) 
      Cumulative area ratio:  120.21
      Required ratio:    0.00 (Cumulative area) 
      Cumulative area ratio:  603.67
      Required ratio:    0.00 (Cumulative side area) 

    Layer: met1
      Partial area ratio:    0.76
      Required ratio:    0.00 (Gate area) 
      Partial area ratio:    4.27
      Required ratio:  400.00 (Side area) 
      Cumulative area ratio:    0.76
      Required ratio:    0.00 (Cumulative area) 
      Cumulative area ratio:    4.27
      Required ratio:    0.00 (Cumulative side area) 

    Layer: li1
      Partial area ratio:    0.00
      Required ratio:    0.00 (Gate area) 
      Partial area ratio:    0.00
      Required ratio:   75.00 (Side area) 
      Cumulative area ratio:    0.00
      Required ratio:    0.00 (Cumulative area) 
      Cumulative area ratio:    0.00
      Required ratio:    0.00 (Cumulative side area) 

    Via: M1M2_PR
      Partial area ratio:    0.11
      Required ratio:    6.00 (Gate area) 
      Cumulative area ratio:    0.26
      Required ratio:    0.00 (Cumulative area) 

    Via: L1M1_PR
      Partial area ratio:    0.15
      Required ratio:    3.00 (Gate area) 
      Cumulative area ratio:    0.15
      Required ratio:    0.00 (Cumulative area) 

  Pin: _09598_/A (sky130_fd_sc_hd__buf_1)
    Layer: met2
      Partial area ratio:   26.17
      Required ratio:    0.00 (Gate area) 
      Partial area ratio:  131.45
      Required ratio: 2956.40 (Side area) 
      Cumulative area ratio:  121.21
      Required ratio:    0.00 (Cumulative area) 
      Cumulative area ratio:  609.16
      Required ratio:    0.00 (Cumulative side area) 

    Layer: met1
      Partial area ratio:    1.75
      Required ratio:    0.00 (Gate area) 
      Partial area ratio:    9.76
      Required ratio:  400.00 (Side area) 
      Cumulative area ratio:    1.75
      Required ratio:    0.00 (Cumulative area) 
      Cumulative area ratio:    9.76
      Required ratio:    0.00 (Cumulative side area) 

    Layer: li1
      Partial area ratio:    0.00
      Required ratio:    0.00 (Gate area) 
      Partial area ratio:    0.00
      Required ratio:   75.00 (Side area) 
      Cumulative area ratio:    0.00
      Required ratio:    0.00 (Cumulative area) 
      Cumulative area ratio:    0.00
      Required ratio:    0.00 (Cumulative side area) 

    Via: M1M2_PR
      Partial area ratio:    0.11
      Required ratio:    6.00 (Gate area) 
      Cumulative area ratio:    0.26
      Required ratio:    0.00 (Cumulative area) 

    Via: L1M1_PR
      Partial area ratio:    0.15
      Required ratio:    3.00 (Gate area) 
      Cumulative area ratio:    0.15
      Required ratio:    0.00 (Cumulative area) 

  Pin: _12197_/A (sky130_fd_sc_hd__buf_1)
    Layer: met2
      Partial area ratio:   26.17
      Required ratio:    0.00 (Gate area) 
      Partial area ratio:  131.45
      Required ratio: 2956.40 (Side area) 
      Cumulative area ratio:  119.46
      Required ratio:    0.00 (Cumulative area) 
      Cumulative area ratio:  599.40
      Required ratio:    0.00 (Cumulative side area) 

    Layer: met1
      Partial area ratio:   93.29
      Required ratio:    0.00 (Gate area) 
      Partial area ratio:  467.95
      Required ratio:  400.00 (Side area) (VIOLATED)
      Cumulative area ratio:   93.29
      Required ratio:    0.00 (Cumulative area) 
      Cumulative area ratio:  467.95
      Required ratio:    0.00 (Cumulative side area) 

    Layer: li1
      Partial area ratio:    0.00
      Required ratio:    0.00 (Gate area) 
      Partial area ratio:    0.00
      Required ratio:   75.00 (Side area) 
      Cumulative area ratio:    0.00
      Required ratio:    0.00 (Cumulative area) 
      Cumulative area ratio:    0.00
      Required ratio:    0.00 (Cumulative side area) 

    Via: M1M2_PR
      Partial area ratio:    0.23
      Required ratio:    6.00 (Gate area) 
      Cumulative area ratio:    0.38
      Required ratio:    0.00 (Cumulative area) 

    Via: L1M1_PR
      Partial area ratio:    0.15
      Required ratio:    3.00 (Gate area) 
      Cumulative area ratio:    0.15
      Required ratio:    0.00 (Cumulative area) 


Net: net39
  Pin: output39/A (sky130_fd_sc_hd__clkbuf_4)
    Layer: met4
      Partial area ratio:  139.52
      Required ratio:    0.00 (Gate area) 
      Partial area ratio:  750.87
      Required ratio: 2784.80 (Side area) 
      Cumulative area ratio:  312.28
      Required ratio:    0.00 (Cumulative area) 
      Cumulative area ratio: 1630.95
      Required ratio:    0.00 (Cumulative side area) 

    Layer: met3
      Partial area ratio:   22.77
      Required ratio:    0.00 (Gate area) 
      Partial area ratio:  123.72
      Required ratio:  400.00 (Side area) 
      Cumulative area ratio:  172.76
      Required ratio:    0.00 (Cumulative area) 
      Cumulative area ratio:  880.08
      Required ratio:    0.00 (Cumulative side area) 

    Layer: met2
      Partial area ratio:    5.12
      Required ratio:    0.00 (Gate area) 
      Partial area ratio:   26.06
      Required ratio:  400.00 (Side area) 
      Cumulative area ratio:  149.98
      Required ratio:    0.00 (Cumulative area) 
      Cumulative area ratio:  756.36
      Required ratio:    0.00 (Cumulative side area) 

    Layer: met1
      Partial area ratio:  144.86
      Required ratio:    0.00 (Gate area) 
      Partial area ratio:  730.30
      Required ratio:  400.00 (Side area) (VIOLATED)
      Cumulative area ratio:  144.86
      Required ratio:    0.00 (Cumulative area) 
      Cumulative area ratio:  730.30
      Required ratio:    0.00 (Cumulative side area) 

    Layer: li1
      Partial area ratio:    0.00
      Required ratio:    0.00 (Gate area) 
      Partial area ratio:    0.00
      Required ratio:   75.00 (Side area) 
      Cumulative area ratio:    0.00
      Required ratio:    0.00 (Cumulative area) 
      Cumulative area ratio:    0.00
      Required ratio:    0.00 (Cumulative side area) 

    Via: M3M4_PR
      Partial area ratio:    0.19
      Required ratio:    6.00 (Gate area) 
      Cumulative area ratio:    0.62
      Required ratio:    0.00 (Cumulative area) 

    Via: M2M3_PR
      Partial area ratio:    0.19
      Required ratio:    6.00 (Gate area) 
      Cumulative area ratio:    0.43
      Required ratio:    0.00 (Cumulative area) 

    Via: M1M2_PR
      Partial area ratio:    0.11
      Required ratio:    6.00 (Gate area) 
      Cumulative area ratio:    0.24
      Required ratio:    0.00 (Cumulative area) 

    Via: L1M1_PR
      Partial area ratio:    0.14
      Required ratio:    3.00 (Gate area) 
      Cumulative area ratio:    0.14
      Required ratio:    0.00 (Cumulative area) 


Net: net53
  Pin: output53/A (sky130_fd_sc_hd__clkbuf_4)
    Layer: met2
      Partial area ratio:    1.43
      Required ratio:    0.00 (Gate area) 
      Partial area ratio:    7.62
      Required ratio: 2778.20 (Side area) 
      Cumulative area ratio:  179.62
      Required ratio:    0.00 (Cumulative area) 
      Cumulative area ratio:  899.48
      Required ratio:    0.00 (Cumulative side area) 

    Layer: met1
      Partial area ratio:  178.19
      Required ratio:    0.00 (Gate area) 
      Partial area ratio:  891.86
      Required ratio:  400.00 (Side area) (VIOLATED)
      Cumulative area ratio:  178.19
      Required ratio:    0.00 (Cumulative area) 
      Cumulative area ratio:  891.86
      Required ratio:    0.00 (Cumulative side area) 

    Layer: li1
      Partial area ratio:    0.00
      Required ratio:    0.00 (Gate area) 
      Partial area ratio:    0.00
      Required ratio:   75.00 (Side area) 
      Cumulative area ratio:    0.00
      Required ratio:    0.00 (Cumulative area) 
      Cumulative area ratio:    0.00
      Required ratio:    0.00 (Cumulative side area) 

    Via: M1M2_PR
      Partial area ratio:    0.11
      Required ratio:    6.00 (Gate area) 
      Cumulative area ratio:    0.24
      Required ratio:    0.00 (Cumulative area) 

    Via: L1M1_PR
      Partial area ratio:    0.14
      Required ratio:    3.00 (Gate area) 
      Cumulative area ratio:    0.14
      Required ratio:    0.00 (Cumulative area) 


Net: net95
  Pin: _11799_/A1 (sky130_fd_sc_hd__o221a_1)
    Layer: met1
      Partial area ratio:    5.01
      Required ratio:    0.00 (Gate area) 
      Partial area ratio:   27.04
      Required ratio: 2956.40 (Side area) 
      Cumulative area ratio:    5.01
      Required ratio:    0.00 (Cumulative area) 
      Cumulative area ratio:   27.04
      Required ratio:    0.00 (Cumulative side area) 

    Layer: li1
      Partial area ratio:    0.00
      Required ratio:    0.00 (Gate area) 
      Partial area ratio:    0.00
      Required ratio:   75.00 (Side area) 
      Cumulative area ratio:    0.00
      Required ratio:    0.00 (Cumulative area) 
      Cumulative area ratio:    0.00
      Required ratio:    0.00 (Cumulative side area) 

    Layer: met2
      Partial area ratio:   62.52
      Required ratio:    0.00 (Gate area) 
      Partial area ratio:  314.14
      Required ratio: 2956.40 (Side area) 
      Cumulative area ratio:   67.53
      Required ratio:    0.00 (Cumulative area) 
      Cumulative area ratio:  341.18
      Required ratio:    0.00 (Cumulative side area) 

    Via: M1M2_PR
      Partial area ratio:    0.18
      Required ratio:    6.00 (Gate area) 
      Cumulative area ratio:    0.30
      Required ratio:    0.00 (Cumulative area) 

    Via: L1M1_PR
      Partial area ratio:    0.12
      Required ratio:    3.00 (Gate area) 
      Cumulative area ratio:    0.12
      Required ratio:    0.00 (Cumulative area) 

  Pin: _11795_/A (sky130_fd_sc_hd__and3_1)
    Layer: met2
      Partial area ratio:   62.52
      Required ratio:    0.00 (Gate area) 
      Partial area ratio:  314.14
      Required ratio: 2956.40 (Side area) 
      Cumulative area ratio:   65.46
      Required ratio:    0.00 (Cumulative area) 
      Cumulative area ratio:  330.41
      Required ratio:    0.00 (Cumulative side area) 

    Layer: met1
      Partial area ratio:    2.94
      Required ratio:    0.00 (Gate area) 
      Partial area ratio:   16.27
      Required ratio:  400.00 (Side area) 
      Cumulative area ratio:    2.94
      Required ratio:    0.00 (Cumulative area) 
      Cumulative area ratio:   16.27
      Required ratio:    0.00 (Cumulative side area) 

    Layer: li1
      Partial area ratio:    0.00
      Required ratio:    0.00 (Gate area) 
      Partial area ratio:    0.00
      Required ratio:   75.00 (Side area) 
      Cumulative area ratio:    0.00
      Required ratio:    0.00 (Cumulative area) 
      Cumulative area ratio:    0.00
      Required ratio:    0.00 (Cumulative side area) 

    Via: M1M2_PR
      Partial area ratio:    0.06
      Required ratio:    6.00 (Gate area) 
      Cumulative area ratio:    0.29
      Required ratio:    0.00 (Cumulative area) 

    Via: L1M1_PR
      Partial area ratio:    0.23
      Required ratio:    3.00 (Gate area) 
      Cumulative area ratio:    0.23
      Required ratio:    0.00 (Cumulative area) 

  Pin: _11796_/B1 (sky130_fd_sc_hd__a21oi_1)
    Layer: met2
      Partial area ratio:   62.52
      Required ratio:    0.00 (Gate area) 
      Partial area ratio:  314.14
      Required ratio: 2956.40 (Side area) 
      Cumulative area ratio:   65.46
      Required ratio:    0.00 (Cumulative area) 
      Cumulative area ratio:  330.41
      Required ratio:    0.00 (Cumulative side area) 

    Layer: met1
      Partial area ratio:    2.94
      Required ratio:    0.00 (Gate area) 
      Partial area ratio:   16.27
      Required ratio:  400.00 (Side area) 
      Cumulative area ratio:    2.94
      Required ratio:    0.00 (Cumulative area) 
      Cumulative area ratio:   16.27
      Required ratio:    0.00 (Cumulative side area) 

    Layer: li1
      Partial area ratio:    0.00
      Required ratio:    0.00 (Gate area) 
      Partial area ratio:    0.00
      Required ratio:   75.00 (Side area) 
      Cumulative area ratio:    0.00
      Required ratio:    0.00 (Cumulative area) 
      Cumulative area ratio:    0.00
      Required ratio:    0.00 (Cumulative side area) 

    Via: M1M2_PR
      Partial area ratio:    0.06
      Required ratio:    6.00 (Gate area) 
      Cumulative area ratio:    0.18
      Required ratio:    0.00 (Cumulative area) 

    Via: L1M1_PR
      Partial area ratio:    0.12
      Required ratio:    3.00 (Gate area) 
      Cumulative area ratio:    0.12
      Required ratio:    0.00 (Cumulative area) 

  Pin: output79/A (sky130_fd_sc_hd__clkbuf_4)
    Layer: met1
      Partial area ratio:   94.86
      Required ratio:    0.00 (Gate area) 
      Partial area ratio:  476.59
      Required ratio:  400.00 (Side area) (VIOLATED)
      Cumulative area ratio:   94.86
      Required ratio:    0.00 (Cumulative area) 
      Cumulative area ratio:  476.59
      Required ratio:    0.00 (Cumulative side area) 

    Layer: li1
      Partial area ratio:    0.00
      Required ratio:    0.00 (Gate area) 
      Partial area ratio:    0.00
      Required ratio:   75.00 (Side area) 
      Cumulative area ratio:    0.00
      Required ratio:    0.00 (Cumulative area) 
      Cumulative area ratio:    0.00
      Required ratio:    0.00 (Cumulative side area) 

    Via: M1M2_PR
      Partial area ratio:    0.11
      Required ratio:    6.00 (Gate area) 
      Cumulative area ratio:    0.24
      Required ratio:    0.00 (Cumulative area) 

    Via: L1M1_PR
      Partial area ratio:    0.14
      Required ratio:    3.00 (Gate area) 
      Cumulative area ratio:    0.14
      Required ratio:    0.00 (Cumulative area) 


Net: net100
  Pin: _10285_/A (sky130_fd_sc_hd__dlymetal6s2s_1)
    Layer: met2
      Partial area ratio:   14.11
      Required ratio:    0.00 (Gate area) 
      Partial area ratio:   72.86
      Required ratio: 2956.40 (Side area) 
      Cumulative area ratio:   14.11
      Required ratio:    0.00 (Cumulative area) 
      Cumulative area ratio:   72.86
      Required ratio:    0.00 (Cumulative side area) 

    Layer: met1
      Partial area ratio:    0.00
      Required ratio:    0.00 (Gate area) 
      Partial area ratio:    0.00
      Required ratio:  400.00 (Side area) 
      Cumulative area ratio:    0.00
      Required ratio:    0.00 (Cumulative area) 
      Cumulative area ratio:    0.00
      Required ratio:    0.00 (Cumulative side area) 

    Layer: li1
      Partial area ratio:    0.00
      Required ratio:    0.00 (Gate area) 
      Partial area ratio:    0.00
      Required ratio:   75.00 (Side area) 
      Cumulative area ratio:    0.00
      Required ratio:    0.00 (Cumulative area) 
      Cumulative area ratio:    0.00
      Required ratio:    0.00 (Cumulative side area) 

    Via: M1M2_PR
      Partial area ratio:    0.18
      Required ratio:    6.00 (Gate area) 
      Cumulative area ratio:    0.41
      Required ratio:    0.00 (Cumulative area) 

    Via: L1M1_PR
      Partial area ratio:    0.23
      Required ratio:    3.00 (Gate area) 
      Cumulative area ratio:    0.23
      Required ratio:    0.00 (Cumulative area) 

  Pin: output65/A (sky130_fd_sc_hd__clkbuf_4)
    Layer: met3
      Partial area ratio:    1.87
      Required ratio:    0.00 (Gate area) 
      Partial area ratio:   10.64
      Required ratio: 2956.40 (Side area) 
      Cumulative area ratio:  133.20
      Required ratio:    0.00 (Cumulative area) 
      Cumulative area ratio:  669.87
      Required ratio:    0.00 (Cumulative side area) 

    Layer: met2
      Partial area ratio:  120.96
      Required ratio:    0.00 (Gate area) 
      Partial area ratio:  606.91
      Required ratio:  400.00 (Side area) (VIOLATED)
      Cumulative area ratio:  131.33
      Required ratio:    0.00 (Cumulative area) 
      Cumulative area ratio:  659.23
      Required ratio:    0.00 (Cumulative side area) 

    Layer: met1
      Partial area ratio:   10.37
      Required ratio:    0.00 (Gate area) 
      Partial area ratio:   52.32
      Required ratio:  400.00 (Side area) 
      Cumulative area ratio:   10.37
      Required ratio:    0.00 (Cumulative area) 
      Cumulative area ratio:   52.32
      Required ratio:    0.00 (Cumulative side area) 

    Layer: li1
      Partial area ratio:    0.00
      Required ratio:    0.00 (Gate area) 
      Partial area ratio:    0.00
      Required ratio:   75.00 (Side area) 
      Cumulative area ratio:    0.00
      Required ratio:    0.00 (Cumulative area) 
      Cumulative area ratio:    0.00
      Required ratio:    0.00 (Cumulative side area) 

    Via: M2M3_PR
      Partial area ratio:    0.09
      Required ratio:    6.00 (Gate area) 
      Cumulative area ratio:    0.33
      Required ratio:    0.00 (Cumulative area) 

    Via: M1M2_PR
      Partial area ratio:    0.11
      Required ratio:    6.00 (Gate area) 
      Cumulative area ratio:    0.24
      Required ratio:    0.00 (Cumulative area) 

    Via: L1M1_PR
      Partial area ratio:    0.14
      Required ratio:    3.00 (Gate area) 
      Cumulative area ratio:    0.14
      Required ratio:    0.00 (Cumulative area) 

  Pin: _11537_/A (sky130_fd_sc_hd__nor2_1)
    Layer: met3
      Partial area ratio:    1.87
      Required ratio:    0.00 (Gate area) 
      Partial area ratio:   10.64
      Required ratio: 2956.40 (Side area) 
      Cumulative area ratio:  123.69
      Required ratio:    0.00 (Cumulative area) 
      Cumulative area ratio:  622.25
      Required ratio:    0.00 (Cumulative side area) 

    Layer: met2
      Partial area ratio:  120.96
      Required ratio:    0.00 (Gate area) 
      Partial area ratio:  606.91
      Required ratio:  400.00 (Side area) (VIOLATED)
      Cumulative area ratio:  121.82
      Required ratio:    0.00 (Cumulative area) 
      Cumulative area ratio:  611.60
      Required ratio:    0.00 (Cumulative side area) 

    Layer: met1
      Partial area ratio:    0.86
      Required ratio:    0.00 (Gate area) 
      Partial area ratio:    4.69
      Required ratio:  400.00 (Side area) 
      Cumulative area ratio:    0.86
      Required ratio:    0.00 (Cumulative area) 
      Cumulative area ratio:    4.69
      Required ratio:    0.00 (Cumulative side area) 

    Layer: li1
      Partial area ratio:    0.00
      Required ratio:    0.00 (Gate area) 
      Partial area ratio:    0.00
      Required ratio:   75.00 (Side area) 
      Cumulative area ratio:    0.00
      Required ratio:    0.00 (Cumulative area) 
      Cumulative area ratio:    0.00
      Required ratio:    0.00 (Cumulative side area) 

    Via: M2M3_PR
      Partial area ratio:    0.09
      Required ratio:    6.00 (Gate area) 
      Cumulative area ratio:    0.29
      Required ratio:    0.00 (Cumulative area) 

    Via: M1M2_PR
      Partial area ratio:    0.09
      Required ratio:    6.00 (Gate area) 
      Cumulative area ratio:    0.21
      Required ratio:    0.00 (Cumulative area) 

    Via: L1M1_PR
      Partial area ratio:    0.12
      Required ratio:    3.00 (Gate area) 
      Cumulative area ratio:    0.12
      Required ratio:    0.00 (Cumulative area) 

  Pin: _11596_/C (sky130_fd_sc_hd__and3_1)
    Layer: met3
      Partial area ratio:    1.87
      Required ratio:    0.00 (Gate area) 
      Partial area ratio:   10.64
      Required ratio: 2956.40 (Side area) 
      Cumulative area ratio:    2.63
      Required ratio:    0.00 (Cumulative area) 
      Cumulative area ratio:   15.20
      Required ratio:    0.00 (Cumulative side area) 

    Layer: met1
      Partial area ratio:    0.76
      Required ratio:    0.00 (Gate area) 
      Partial area ratio:    4.56
      Required ratio:  400.00 (Side area) 
      Cumulative area ratio:    0.76
      Required ratio:    0.00 (Cumulative area) 
      Cumulative area ratio:    4.56
      Required ratio:    0.00 (Cumulative side area) 

    Layer: li1
      Partial area ratio:    0.00
      Required ratio:    0.00 (Gate area) 
      Partial area ratio:    0.00
      Required ratio:   75.00 (Side area) 
      Cumulative area ratio:    0.00
      Required ratio:    0.00 (Cumulative area) 
      Cumulative area ratio:    0.00
      Required ratio:    0.00 (Cumulative side area) 

    Via: M2M3_PR
      Partial area ratio:    0.16
      Required ratio:    6.00 (Gate area) 
      Cumulative area ratio:    0.57
      Required ratio:    0.00 (Cumulative area) 

    Via: M1M2_PR
      Partial area ratio:    0.18
      Required ratio:    6.00 (Gate area) 
      Cumulative area ratio:    0.41
      Required ratio:    0.00 (Cumulative area) 

    Via: L1M1_PR
      Partial area ratio:    0.23
      Required ratio:    3.00 (Gate area) 
      Cumulative area ratio:    0.23
      Required ratio:    0.00 (Cumulative area) 


[INFO ANT-0002] Found 25 net violations.
[INFO ANT-0001] Found 28 pin violations.
