Instance name,  X location,  Y location,  Voltage 
PHY_463, 636.24, 639.2, 1.79682
input29, 636.24, 639.2, 1.79682
FILLER_0_230_1365, 636.24, 639.2, 1.79682
PHY_459, 636.24, 633.76, 1.79682
PHY_461, 636.24, 633.76, 1.79682
FILLER_0_228_1365, 636.24, 633.76, 1.79682
FILLER_0_229_1369, 636.24, 633.76, 1.79682
PHY_455, 636.24, 628.32, 1.79681
PHY_457, 636.24, 628.32, 1.79681
FILLER_0_226_1365, 636.24, 628.32, 1.79681
FILLER_0_227_1369, 636.24, 628.32, 1.79681
PHY_451, 636.24, 622.88, 1.7968
PHY_453, 636.24, 622.88, 1.7968
output33, 636.24, 622.88, 1.7968
ANTENNA_153, 636.24, 622.88, 1.7968
ANTENNA_154, 636.24, 622.88, 1.7968
FILLER_0_224_1365, 636.24, 622.88, 1.7968
PHY_447, 636.24, 617.44, 1.79679
PHY_449, 636.24, 617.44, 1.79679
FILLER_0_222_1365, 636.24, 617.44, 1.79679
FILLER_0_223_1369, 636.24, 617.44, 1.79679
PHY_443, 636.24, 612, 1.79679
PHY_445, 636.24, 612, 1.79679
FILLER_0_220_1365, 636.24, 612, 1.79679
FILLER_0_221_1369, 636.24, 612, 1.79679
PHY_439, 636.24, 606.56, 1.79678
PHY_441, 636.24, 606.56, 1.79678
FILLER_0_218_1365, 636.24, 606.56, 1.79678
FILLER_0_219_1369, 636.24, 606.56, 1.79678
PHY_435, 636.24, 601.12, 1.79677
PHY_437, 636.24, 601.12, 1.79677
FILLER_0_216_1365, 636.24, 601.12, 1.79677
FILLER_0_217_1369, 636.24, 601.12, 1.79677
PHY_431, 636.24, 595.68, 1.79676
PHY_433, 636.24, 595.68, 1.79676
FILLER_0_214_1365, 636.24, 595.68, 1.79676
FILLER_0_215_1369, 636.24, 595.68, 1.79676
PHY_427, 636.24, 590.24, 1.79674
PHY_429, 636.24, 590.24, 1.79674
output66, 636.24, 590.24, 1.79674
ANTENNA_162, 636.24, 590.24, 1.79674
FILLER_0_212_1361, 636.24, 590.24, 1.79674
FILLER_0_213_1369, 636.24, 590.24, 1.79674
PHY_423, 636.24, 584.8, 1.79673
PHY_425, 636.24, 584.8, 1.79673
FILLER_0_210_1365, 636.24, 584.8, 1.79673
FILLER_0_211_1369, 636.24, 584.8, 1.79673
PHY_419, 636.24, 579.36, 1.79672
PHY_421, 636.24, 579.36, 1.79672
FILLER_0_208_1365, 636.24, 579.36, 1.79672
FILLER_0_209_1369, 636.24, 579.36, 1.79672
PHY_415, 636.24, 573.92, 1.79671
PHY_417, 636.24, 573.92, 1.79671
FILLER_0_206_1365, 636.24, 573.92, 1.79671
FILLER_0_207_1369, 636.24, 573.92, 1.79671
PHY_411, 636.24, 568.48, 1.7967
PHY_413, 636.24, 568.48, 1.7967
FILLER_0_204_1365, 636.24, 568.48, 1.7967
FILLER_0_205_1369, 636.24, 568.48, 1.7967
PHY_407, 636.24, 563.04, 1.79669
PHY_409, 636.24, 563.04, 1.79669
FILLER_0_202_1365, 636.24, 563.04, 1.79669
FILLER_0_203_1369, 636.24, 563.04, 1.79669
PHY_403, 636.24, 557.6, 1.79667
PHY_405, 636.24, 557.6, 1.79667
output48, 636.24, 557.6, 1.79667
FILLER_0_200_1365, 636.24, 557.6, 1.79667
PHY_399, 636.24, 552.16, 1.79666
PHY_401, 636.24, 552.16, 1.79666
FILLER_0_198_1365, 636.24, 552.16, 1.79666
FILLER_0_199_1369, 636.24, 552.16, 1.79666
PHY_395, 636.24, 546.72, 1.79665
PHY_397, 636.24, 546.72, 1.79665
FILLER_0_196_1365, 636.24, 546.72, 1.79665
FILLER_0_197_1369, 636.24, 546.72, 1.79665
PHY_391, 636.24, 541.28, 1.79663
PHY_393, 636.24, 541.28, 1.79663
FILLER_0_194_1365, 636.24, 541.28, 1.79663
FILLER_0_195_1369, 636.24, 541.28, 1.79663
PHY_387, 636.24, 535.84, 1.79662
PHY_389, 636.24, 535.84, 1.79662
FILLER_0_192_1365, 636.24, 535.84, 1.79662
FILLER_0_193_1369, 636.24, 535.84, 1.79662
PHY_383, 636.24, 530.4, 1.7966
PHY_385, 636.24, 530.4, 1.7966
FILLER_0_190_1365, 636.24, 530.4, 1.7966
FILLER_0_191_1369, 636.24, 530.4, 1.7966
_08320_, 636.24, 524.96, 1.79659
PHY_379, 636.24, 524.96, 1.79659
PHY_381, 636.24, 524.96, 1.79659
output50, 636.24, 524.96, 1.79659
FILLER_0_188_1365, 636.24, 524.96, 1.79659
PHY_375, 636.24, 519.52, 1.79657
PHY_377, 636.24, 519.52, 1.79657
FILLER_0_186_1365, 636.24, 519.52, 1.79657
FILLER_0_187_1369, 636.24, 519.52, 1.79657
PHY_371, 636.24, 514.08, 1.79656
PHY_373, 636.24, 514.08, 1.79656
FILLER_0_184_1365, 636.24, 514.08, 1.79656
FILLER_0_185_1369, 636.24, 514.08, 1.79656
PHY_367, 636.24, 508.64, 1.79654
PHY_369, 636.24, 508.64, 1.79654
FILLER_0_182_1365, 636.24, 508.64, 1.79654
FILLER_0_183_1369, 636.24, 508.64, 1.79654
PHY_363, 636.24, 503.2, 1.79653
PHY_365, 636.24, 503.2, 1.79653
FILLER_0_180_1365, 636.24, 503.2, 1.79653
FILLER_0_181_1369, 636.24, 503.2, 1.79653
_08273_, 636.24, 497.76, 1.79651
PHY_359, 636.24, 497.76, 1.79651
PHY_361, 636.24, 497.76, 1.79651
FILLER_0_178_1369, 636.24, 497.76, 1.79651
FILLER_0_179_1369, 636.24, 497.76, 1.79651
PHY_355, 636.24, 492.32, 1.79649
PHY_357, 636.24, 492.32, 1.79649
output58, 636.24, 492.32, 1.79649
FILLER_0_176_1365, 636.24, 492.32, 1.79649
FILLER_0_177_1365, 636.24, 492.32, 1.79649
PHY_351, 636.24, 486.88, 1.79647
PHY_353, 636.24, 486.88, 1.79647
FILLER_0_174_1365, 636.24, 486.88, 1.79647
FILLER_0_175_1369, 636.24, 486.88, 1.79647
PHY_347, 636.24, 481.44, 1.79644
PHY_349, 636.24, 481.44, 1.79644
FILLER_0_172_1365, 636.24, 481.44, 1.79644
FILLER_0_173_1369, 636.24, 481.44, 1.79644
PHY_343, 636.24, 476, 1.79641
PHY_345, 636.24, 476, 1.79641
FILLER_0_170_1365, 636.24, 476, 1.79641
FILLER_0_171_1369, 636.24, 476, 1.79641
PHY_339, 636.24, 470.56, 1.79637
PHY_341, 636.24, 470.56, 1.79637
FILLER_0_168_1365, 636.24, 470.56, 1.79637
FILLER_0_169_1369, 636.24, 470.56, 1.79637
PHY_335, 636.24, 465.12, 1.79634
PHY_337, 636.24, 465.12, 1.79634
FILLER_0_166_1365, 636.24, 465.12, 1.79634
FILLER_0_167_1369, 636.24, 465.12, 1.79634
PHY_331, 636.24, 459.68, 1.7963
PHY_333, 636.24, 459.68, 1.7963
output46, 636.24, 459.68, 1.7963
ANTENNA_161, 636.24, 459.68, 1.7963
FILLER_0_164_1365, 636.24, 459.68, 1.7963
PHY_327, 636.24, 454.24, 1.79627
PHY_329, 636.24, 454.24, 1.79627
FILLER_0_162_1365, 636.24, 454.24, 1.79627
FILLER_0_163_1369, 636.24, 454.24, 1.79627
PHY_323, 636.24, 448.8, 1.79624
PHY_325, 636.24, 448.8, 1.79624
FILLER_0_160_1365, 636.24, 448.8, 1.79624
FILLER_0_161_1369, 636.24, 448.8, 1.79624
PHY_319, 636.24, 443.36, 1.7962
PHY_321, 636.24, 443.36, 1.7962
FILLER_0_158_1365, 636.24, 443.36, 1.7962
FILLER_0_159_1369, 636.24, 443.36, 1.7962
PHY_315, 636.24, 437.92, 1.79617
PHY_317, 636.24, 437.92, 1.79617
FILLER_0_156_1365, 636.24, 437.92, 1.79617
FILLER_0_157_1369, 636.24, 437.92, 1.79617
PHY_311, 636.24, 432.48, 1.79613
PHY_313, 636.24, 432.48, 1.79613
FILLER_0_154_1365, 636.24, 432.48, 1.79613
FILLER_0_155_1369, 636.24, 432.48, 1.79613
PHY_307, 636.24, 427.04, 1.7961
PHY_309, 636.24, 427.04, 1.7961
output43, 636.24, 427.04, 1.7961
ANTENNA_160, 636.24, 427.04, 1.7961
FILLER_0_152_1361, 636.24, 427.04, 1.7961
FILLER_0_153_1369, 636.24, 427.04, 1.7961
PHY_303, 636.24, 421.6, 1.79607
PHY_305, 636.24, 421.6, 1.79607
FILLER_0_150_1365, 636.24, 421.6, 1.79607
FILLER_0_151_1369, 636.24, 421.6, 1.79607
PHY_299, 636.24, 416.16, 1.79603
PHY_301, 636.24, 416.16, 1.79603
FILLER_0_148_1365, 636.24, 416.16, 1.79603
FILLER_0_149_1369, 636.24, 416.16, 1.79603
PHY_295, 636.24, 410.72, 1.79599
PHY_297, 636.24, 410.72, 1.79599
FILLER_0_146_1365, 636.24, 410.72, 1.79599
FILLER_0_147_1369, 636.24, 410.72, 1.79599
PHY_291, 636.24, 405.28, 1.79595
PHY_293, 636.24, 405.28, 1.79595
FILLER_0_144_1365, 636.24, 405.28, 1.79595
FILLER_0_145_1369, 636.24, 405.28, 1.79595
PHY_287, 636.24, 399.84, 1.79591
PHY_289, 636.24, 399.84, 1.79591
FILLER_0_142_1365, 636.24, 399.84, 1.79591
FILLER_0_143_1369, 636.24, 399.84, 1.79591
PHY_283, 636.24, 394.4, 1.79588
PHY_285, 636.24, 394.4, 1.79588
input8, 636.24, 394.4, 1.79588
FILLER_0_140_1365, 636.24, 394.4, 1.79588
PHY_279, 636.24, 388.96, 1.79584
PHY_281, 636.24, 388.96, 1.79584
FILLER_0_138_1365, 636.24, 388.96, 1.79584
FILLER_0_139_1369, 636.24, 388.96, 1.79584
PHY_275, 636.24, 383.52, 1.79582
PHY_277, 636.24, 383.52, 1.79582
FILLER_0_136_1365, 636.24, 383.52, 1.79582
FILLER_0_137_1369, 636.24, 383.52, 1.79582
PHY_271, 636.24, 378.08, 1.79577
PHY_273, 636.24, 378.08, 1.79577
FILLER_0_134_1365, 636.24, 378.08, 1.79577
FILLER_0_135_1369, 636.24, 378.08, 1.79577
PHY_267, 636.24, 372.64, 1.79573
PHY_269, 636.24, 372.64, 1.79573
FILLER_0_132_1365, 636.24, 372.64, 1.79573
FILLER_0_133_1369, 636.24, 372.64, 1.79573
PHY_263, 636.24, 367.2, 1.79571
PHY_265, 636.24, 367.2, 1.79571
FILLER_0_130_1365, 636.24, 367.2, 1.79571
FILLER_0_131_1369, 636.24, 367.2, 1.79571
PHY_259, 636.24, 361.76, 1.79571
PHY_261, 636.24, 361.76, 1.79571
output73, 636.24, 361.76, 1.79571
FILLER_0_128_1365, 636.24, 361.76, 1.79571
FILLER_0_129_1365, 636.24, 361.76, 1.79571
PHY_255, 636.24, 356.32, 1.7957
PHY_257, 636.24, 356.32, 1.7957
FILLER_0_126_1365, 636.24, 356.32, 1.7957
FILLER_0_127_1369, 636.24, 356.32, 1.7957
PHY_251, 636.24, 350.88, 1.79565
PHY_253, 636.24, 350.88, 1.79565
FILLER_0_124_1369, 636.24, 350.88, 1.79565
FILLER_0_125_1369, 636.24, 350.88, 1.79565
PHY_247, 636.24, 345.44, 1.79564
PHY_249, 636.24, 345.44, 1.79564
FILLER_0_123_1369, 636.24, 345.44, 1.79564
PHY_243, 636.24, 340, 1.79563
PHY_245, 636.24, 340, 1.79563
FILLER_0_121_1369, 636.24, 340, 1.79563
PHY_239, 636.24, 334.56, 1.79564
PHY_241, 636.24, 334.56, 1.79564
FILLER_0_118_1362, 636.24, 334.56, 1.79564
FILLER_0_119_1361, 636.24, 334.56, 1.79564
FILLER_0_119_1369, 636.24, 334.56, 1.79564
PHY_235, 636.24, 329.12, 1.79561
PHY_237, 636.24, 329.12, 1.79561
output69, 636.24, 329.12, 1.79561
FILLER_0_116_1368, 636.24, 329.12, 1.79561
FILLER_0_117_1365, 636.24, 329.12, 1.79561
PHY_231, 636.24, 323.68, 1.79559
PHY_233, 636.24, 323.68, 1.79559
FILLER_0_114_1361, 636.24, 323.68, 1.79559
FILLER_0_114_1369, 636.24, 323.68, 1.79559
FILLER_0_115_1365, 636.24, 323.68, 1.79559
PHY_227, 636.24, 318.24, 1.79562
PHY_229, 636.24, 318.24, 1.79562
FILLER_0_112_1365, 636.24, 318.24, 1.79562
FILLER_0_113_1362, 636.24, 318.24, 1.79562
_15903_, 636.24, 312.8, 1.79562
PHY_223, 636.24, 312.8, 1.79562
PHY_225, 636.24, 312.8, 1.79562
FILLER_0_110_1365, 636.24, 312.8, 1.79562
FILLER_0_111_1365, 636.24, 312.8, 1.79562
PHY_219, 636.24, 307.36, 1.79562
PHY_221, 636.24, 307.36, 1.79562
FILLER_0_108_1365, 636.24, 307.36, 1.79562
FILLER_0_109_1363, 636.24, 307.36, 1.79562
PHY_215, 636.24, 301.92, 1.79561
PHY_217, 636.24, 301.92, 1.79561
FILLER_0_106_1361, 636.24, 301.92, 1.79561
FILLER_0_106_1369, 636.24, 301.92, 1.79561
FILLER_0_107_1365, 636.24, 301.92, 1.79561
PHY_211, 636.24, 296.48, 1.79563
PHY_213, 636.24, 296.48, 1.79563
output81, 636.24, 296.48, 1.79563
FILLER_0_104_1364, 636.24, 296.48, 1.79563
PHY_207, 636.24, 291.04, 1.79558
PHY_209, 636.24, 291.04, 1.79558
hold1009, 636.24, 291.04, 1.79558
FILLER_0_103_1365, 636.24, 291.04, 1.79558
PHY_203, 636.24, 285.6, 1.7956
PHY_205, 636.24, 285.6, 1.7956
FILLER_0_100_1367, 636.24, 285.6, 1.7956
FILLER_0_101_1366, 636.24, 285.6, 1.7956
PHY_199, 636.24, 280.16, 1.79566
PHY_201, 636.24, 280.16, 1.79566
hold799, 636.24, 280.16, 1.79566
FILLER_0_98_1369, 636.24, 280.16, 1.79566
FILLER_0_99_1369, 636.24, 280.16, 1.79566
PHY_195, 636.24, 274.72, 1.79569
PHY_197, 636.24, 274.72, 1.79569
FILLER_0_96_1368, 636.24, 274.72, 1.79569
FILLER_0_97_1366, 636.24, 274.72, 1.79569
PHY_191, 636.24, 269.28, 1.79563
PHY_193, 636.24, 269.28, 1.79563
hold1085, 636.24, 269.28, 1.79563
FILLER_0_94_1361, 636.24, 269.28, 1.79563
FILLER_0_94_1369, 636.24, 269.28, 1.79563
FILLER_0_95_1369, 636.24, 269.28, 1.79563
PHY_187, 636.24, 263.84, 1.79573
PHY_189, 636.24, 263.84, 1.79573
input15, 636.24, 263.84, 1.79573
FILLER_0_92_1363, 636.24, 263.84, 1.79573
FILLER_0_93_1369, 636.24, 263.84, 1.79573
PHY_183, 636.24, 258.4, 1.79573
PHY_185, 636.24, 258.4, 1.79573
FILLER_0_90_1366, 636.24, 258.4, 1.79573
FILLER_0_91_1361, 636.24, 258.4, 1.79573
FILLER_0_91_1369, 636.24, 258.4, 1.79573
PHY_179, 636.24, 252.96, 1.79573
PHY_181, 636.24, 252.96, 1.79573
FILLER_0_88_1367, 636.24, 252.96, 1.79573
FILLER_0_89_1369, 636.24, 252.96, 1.79573
_15999_, 636.24, 247.52, 1.79579
PHY_175, 636.24, 247.52, 1.79579
PHY_177, 636.24, 247.52, 1.79579
FILLER_0_86_1361, 636.24, 247.52, 1.79579
FILLER_0_86_1369, 636.24, 247.52, 1.79579
FILLER_0_87_1369, 636.24, 247.52, 1.79579
PHY_171, 636.24, 242.08, 1.79582
PHY_173, 636.24, 242.08, 1.79582
hold845, 636.24, 242.08, 1.79582
_15997_, 636.24, 236.64, 1.79585
PHY_167, 636.24, 236.64, 1.79585
PHY_169, 636.24, 236.64, 1.79585
input7, 636.24, 236.64, 1.79585
hold875, 636.24, 236.64, 1.79585
FILLER_0_82_1361, 636.24, 236.64, 1.79585
FILLER_0_83_1363, 636.24, 236.64, 1.79585
_15996_, 636.24, 231.2, 1.79588
PHY_163, 636.24, 231.2, 1.79588
PHY_165, 636.24, 231.2, 1.79588
_16003_, 636.24, 225.76, 1.79593
PHY_159, 636.24, 225.76, 1.79593
PHY_161, 636.24, 225.76, 1.79593
FILLER_0_78_1365, 636.24, 225.76, 1.79593
FILLER_0_79_1369, 636.24, 225.76, 1.79593
PHY_155, 636.24, 220.32, 1.79592
PHY_157, 636.24, 220.32, 1.79592
FILLER_0_77_1365, 636.24, 220.32, 1.79592
_16000_, 636.24, 214.88, 1.79599
PHY_151, 636.24, 214.88, 1.79599
PHY_153, 636.24, 214.88, 1.79599
PHY_147, 636.24, 209.44, 1.796
PHY_149, 636.24, 209.44, 1.796
hold1184, 636.24, 209.44, 1.796
FILLER_0_72_1365, 636.24, 209.44, 1.796
PHY_143, 636.24, 204, 1.79597
PHY_145, 636.24, 204, 1.79597
FILLER_0_71_1364, 636.24, 204, 1.79597
PHY_139, 636.24, 198.56, 1.79608
PHY_141, 636.24, 198.56, 1.79608
output45, 636.24, 198.56, 1.79608
FILLER_0_68_1365, 636.24, 198.56, 1.79608
FILLER_0_69_1365, 636.24, 198.56, 1.79608
PHY_135, 636.24, 193.12, 1.79615
PHY_137, 636.24, 193.12, 1.79615
FILLER_0_67_1366, 636.24, 193.12, 1.79615
PHY_131, 636.24, 187.68, 1.79617
PHY_133, 636.24, 187.68, 1.79617
FILLER_0_65_1364, 636.24, 187.68, 1.79617
_15839_, 636.24, 182.24, 1.79618
PHY_127, 636.24, 182.24, 1.79618
PHY_129, 636.24, 182.24, 1.79618
PHY_123, 636.24, 176.8, 1.79624
PHY_125, 636.24, 176.8, 1.79624
FILLER_0_61_1369, 636.24, 176.8, 1.79624
PHY_119, 636.24, 171.36, 1.79622
PHY_121, 636.24, 171.36, 1.79622
hold809, 636.24, 171.36, 1.79622
hold815, 636.24, 171.36, 1.79622
_15835_, 636.24, 165.92, 1.7962
PHY_115, 636.24, 165.92, 1.7962
PHY_117, 636.24, 165.92, 1.7962
PHY_111, 636.24, 160.48, 1.79619
PHY_113, 636.24, 160.48, 1.79619
input9, 636.24, 160.48, 1.79619
_15836_, 636.24, 155.04, 1.79621
PHY_107, 636.24, 155.04, 1.79621
PHY_109, 636.24, 155.04, 1.79621
hold897, 636.24, 155.04, 1.79621
FILLER_0_52_1368, 636.24, 155.04, 1.79621
PHY_103, 636.24, 149.6, 1.79618
PHY_105, 636.24, 149.6, 1.79618
FILLER_0_51_1365, 636.24, 149.6, 1.79618
PHY_99, 636.24, 144.16, 1.79621
PHY_101, 636.24, 144.16, 1.79621
hold937, 636.24, 144.16, 1.79621
FILLER_0_49_1361, 636.24, 144.16, 1.79621
PHY_95, 636.24, 138.72, 1.79618
PHY_97, 636.24, 138.72, 1.79618
FILLER_0_46_1369, 636.24, 138.72, 1.79618
FILLER_0_47_1369, 636.24, 138.72, 1.79618
PHY_91, 636.24, 133.28, 1.79618
PHY_93, 636.24, 133.28, 1.79618
input14, 636.24, 133.28, 1.79618
FILLER_0_44_1365, 636.24, 133.28, 1.79618
PHY_87, 636.24, 127.84, 1.79621
PHY_89, 636.24, 127.84, 1.79621
FILLER_0_42_1365, 636.24, 127.84, 1.79621
FILLER_0_43_1369, 636.24, 127.84, 1.79621
PHY_83, 636.24, 122.4, 1.79618
PHY_85, 636.24, 122.4, 1.79618
FILLER_0_40_1365, 636.24, 122.4, 1.79618
FILLER_0_41_1369, 636.24, 122.4, 1.79618
PHY_79, 636.24, 116.96, 1.79619
PHY_81, 636.24, 116.96, 1.79619
FILLER_0_38_1365, 636.24, 116.96, 1.79619
FILLER_0_39_1369, 636.24, 116.96, 1.79619
PHY_75, 636.24, 111.52, 1.79623
PHY_77, 636.24, 111.52, 1.79623
FILLER_0_36_1365, 636.24, 111.52, 1.79623
FILLER_0_37_1369, 636.24, 111.52, 1.79623
PHY_71, 636.24, 106.08, 1.79622
PHY_73, 636.24, 106.08, 1.79622
output32, 636.24, 106.08, 1.79622
ANTENNA_152, 636.24, 106.08, 1.79622
FILLER_0_35_1369, 636.24, 106.08, 1.79622
PHY_67, 636.24, 100.64, 1.79624
PHY_69, 636.24, 100.64, 1.79624
FILLER_0_32_1365, 636.24, 100.64, 1.79624
FILLER_0_33_1369, 636.24, 100.64, 1.79624
PHY_63, 636.24, 95.2, 1.79625
PHY_65, 636.24, 95.2, 1.79625
FILLER_0_30_1365, 636.24, 95.2, 1.79625
FILLER_0_31_1369, 636.24, 95.2, 1.79625
PHY_59, 636.24, 89.76, 1.79622
PHY_61, 636.24, 89.76, 1.79622
FILLER_0_28_1365, 636.24, 89.76, 1.79622
FILLER_0_29_1369, 636.24, 89.76, 1.79622
PHY_55, 636.24, 84.32, 1.79625
PHY_57, 636.24, 84.32, 1.79625
FILLER_0_26_1365, 636.24, 84.32, 1.79625
FILLER_0_27_1369, 636.24, 84.32, 1.79625
PHY_51, 636.24, 78.88, 1.79626
PHY_53, 636.24, 78.88, 1.79626
FILLER_0_24_1365, 636.24, 78.88, 1.79626
FILLER_0_25_1369, 636.24, 78.88, 1.79626
PHY_47, 636.24, 73.44, 1.79627
PHY_49, 636.24, 73.44, 1.79627
FILLER_0_22_1365, 636.24, 73.44, 1.79627
FILLER_0_23_1369, 636.24, 73.44, 1.79627
PHY_43, 636.24, 68, 1.79628
PHY_45, 636.24, 68, 1.79628
output42, 636.24, 68, 1.79628
ANTENNA_221, 636.24, 68, 1.79628
FILLER_0_20_1365, 636.24, 68, 1.79628
PHY_39, 636.24, 62.56, 1.7963
PHY_41, 636.24, 62.56, 1.7963
FILLER_0_18_1365, 636.24, 62.56, 1.7963
FILLER_0_19_1369, 636.24, 62.56, 1.7963
PHY_35, 636.24, 57.12, 1.79632
PHY_37, 636.24, 57.12, 1.79632
FILLER_0_16_1365, 636.24, 57.12, 1.79632
FILLER_0_17_1369, 636.24, 57.12, 1.79632
PHY_31, 636.24, 51.68, 1.79633
PHY_33, 636.24, 51.68, 1.79633
FILLER_0_14_1365, 636.24, 51.68, 1.79633
FILLER_0_15_1369, 636.24, 51.68, 1.79633
PHY_27, 636.24, 46.24, 1.79635
PHY_29, 636.24, 46.24, 1.79635
FILLER_0_12_1365, 636.24, 46.24, 1.79635
FILLER_0_13_1369, 636.24, 46.24, 1.79635
PHY_23, 636.24, 40.8, 1.79636
PHY_25, 636.24, 40.8, 1.79636
FILLER_0_10_1365, 636.24, 40.8, 1.79636
FILLER_0_11_1369, 636.24, 40.8, 1.79636
PHY_19, 636.24, 35.36, 1.79637
PHY_21, 636.24, 35.36, 1.79637
output67, 636.24, 35.36, 1.79637
ANTENNA_163, 636.24, 35.36, 1.79637
ANTENNA_164, 636.24, 35.36, 1.79637
FILLER_0_8_1365, 636.24, 35.36, 1.79637
PHY_15, 636.24, 29.92, 1.79638
PHY_17, 636.24, 29.92, 1.79638
FILLER_0_6_1365, 636.24, 29.92, 1.79638
FILLER_0_7_1369, 636.24, 29.92, 1.79638
PHY_11, 636.24, 24.48, 1.79639
PHY_13, 636.24, 24.48, 1.79639
FILLER_0_4_1365, 636.24, 24.48, 1.79639
FILLER_0_5_1369, 636.24, 24.48, 1.79639
PHY_7, 636.24, 19.04, 1.79639
PHY_9, 636.24, 19.04, 1.79639
FILLER_0_2_1365, 636.24, 19.04, 1.79639
FILLER_0_3_1369, 636.24, 19.04, 1.79639
PHY_1, 636.24, 13.6, 1.79638
PHY_3, 636.24, 13.6, 1.79638
PHY_5, 636.24, 13.6, 1.79638
output38, 636.24, 13.6, 1.79638
ANTENNA_219, 636.24, 13.6, 1.79638
FILLER_0_1_1369, 636.24, 13.6, 1.79638
ANTENNA_220, 482.64, 639.2, 1.79694
FILLER_0_230_1029, 482.64, 639.2, 1.79694
FILLER_0_231_1033, 482.64, 639.2, 1.79694
FILLER_0_228_1029, 482.64, 633.76, 1.79694
FILLER_0_226_1029, 482.64, 628.32, 1.79693
FILLER_0_224_1029, 482.64, 622.88, 1.79692
FILLER_0_222_1029, 482.64, 617.44, 1.79691
FILLER_0_220_1029, 482.64, 612, 1.7969
FILLER_0_218_1029, 482.64, 606.56, 1.79689
FILLER_0_216_1029, 482.64, 601.12, 1.79688
FILLER_0_214_1029, 482.64, 595.68, 1.79685
FILLER_0_212_1029, 482.64, 590.24, 1.79684
FILLER_0_210_1029, 482.64, 584.8, 1.79682
FILLER_0_208_1029, 482.64, 579.36, 1.79683
FILLER_0_206_1029, 482.64, 573.92, 1.79682
FILLER_0_204_1029, 482.64, 568.48, 1.79679
FILLER_0_202_1029, 482.64, 563.04, 1.79679
FILLER_0_200_1029, 482.64, 557.6, 1.79677
FILLER_0_198_1029, 482.64, 552.16, 1.79677
FILLER_0_196_1029, 482.64, 546.72, 1.79674
FILLER_0_194_1029, 482.64, 541.28, 1.79674
FILLER_0_192_1029, 482.64, 535.84, 1.79674
FILLER_0_190_1029, 482.64, 530.4, 1.79671
FILLER_0_188_1029, 482.64, 524.96, 1.79671
FILLER_0_186_1029, 482.64, 519.52, 1.79669
FILLER_0_184_1029, 482.64, 514.08, 1.79667
FILLER_0_180_1029, 482.64, 503.2, 1.79667
FILLER_0_178_1028, 482.64, 497.76, 1.79662
FILLER_0_176_1033, 482.64, 492.32, 1.79664
FILLER_0_174_1028, 482.64, 486.88, 1.79662
FILLER_0_172_1033, 482.64, 481.44, 1.79656
FILLER_0_170_1029, 482.64, 476, 1.79652
FILLER_0_168_1029, 482.64, 470.56, 1.79642
FILLER_0_166_1029, 482.64, 465.12, 1.79644
FILLER_0_164_1029, 482.64, 459.68, 1.7964
FILLER_0_162_1029, 482.64, 454.24, 1.79633
FILLER_0_160_1029, 482.64, 448.8, 1.79629
FILLER_0_158_1029, 482.64, 443.36, 1.79626
FILLER_0_156_1029, 482.64, 437.92, 1.79622
FILLER_0_154_1029, 482.64, 432.48, 1.79616
FILLER_0_152_1029, 482.64, 427.04, 1.79613
FILLER_0_150_1029, 482.64, 421.6, 1.79609
FILLER_0_148_1028, 482.64, 416.16, 1.79604
_11981_, 482.64, 410.72, 1.79597
_12806_, 482.64, 410.72, 1.79597
FILLER_0_146_1030, 482.64, 410.72, 1.79597
FILLER_0_147_1037, 482.64, 410.72, 1.79597
_12805_, 482.64, 405.28, 1.79588
_17012_, 482.64, 405.28, 1.79588
FILLER_0_144_1037, 482.64, 405.28, 1.79588
_12800_, 482.64, 399.84, 1.79581
_12839_, 482.64, 399.84, 1.79581
_12843_, 482.64, 399.84, 1.79581
_17028_, 482.64, 399.84, 1.79581
hold1013, 482.64, 399.84, 1.79581
hold1147, 482.64, 399.84, 1.79581
FILLER_0_143_1050, 482.64, 399.84, 1.79581
_10026_, 482.64, 394.4, 1.79581
_12751_, 482.64, 394.4, 1.79581
_12844_, 482.64, 394.4, 1.79581
_12845_, 482.64, 394.4, 1.79581
FILLER_0_140_1037, 482.64, 394.4, 1.79581
FILLER_0_141_1028, 482.64, 394.4, 1.79581
FILLER_0_141_1034, 482.64, 394.4, 1.79581
_11989_, 482.64, 388.96, 1.79576
_12838_, 482.64, 388.96, 1.79576
_12846_, 482.64, 388.96, 1.79576
_13352_, 482.64, 388.96, 1.79576
_13517_, 482.64, 388.96, 1.79576
_17029_, 482.64, 388.96, 1.79576
FILLER_0_139_1032, 482.64, 388.96, 1.79576
_10057_, 482.64, 383.52, 1.79573
_11988_, 482.64, 383.52, 1.79573
_12712_, 482.64, 383.52, 1.79573
_12713_, 482.64, 383.52, 1.79573
_13342_, 482.64, 383.52, 1.79573
_17220_, 482.64, 383.52, 1.79573
FILLER_0_136_1024, 482.64, 383.52, 1.79573
FILLER_0_137_1038, 482.64, 383.52, 1.79573
_10062_, 482.64, 378.08, 1.79568
_13514_, 482.64, 378.08, 1.79568
_13520_, 482.64, 378.08, 1.79568
_13521_, 482.64, 378.08, 1.79568
_13736_, 482.64, 378.08, 1.79568
_13738_, 482.64, 378.08, 1.79568
_17300_, 482.64, 378.08, 1.79568
FILLER_0_135_1045, 482.64, 378.08, 1.79568
FILLER_0_136_1043, 482.64, 378.08, 1.79568
_11445_, 482.64, 372.64, 1.79562
_13737_, 482.64, 372.64, 1.79562
_17299_, 482.64, 372.64, 1.79562
FILLER_0_133_1043, 482.64, 372.64, 1.79562
_10055_, 482.64, 367.2, 1.79564
_10056_, 482.64, 367.2, 1.79564
_11980_, 482.64, 367.2, 1.79564
_13775_, 482.64, 367.2, 1.79564
_16193_, 482.64, 367.2, 1.79564
FILLER_0_130_1028, 482.64, 367.2, 1.79564
FILLER_0_130_1037, 482.64, 367.2, 1.79564
_12919_, 482.64, 361.76, 1.79566
_12920_, 482.64, 361.76, 1.79566
_12927_, 482.64, 361.76, 1.79566
_12928_, 482.64, 361.76, 1.79566
_17058_, 482.64, 361.76, 1.79566
FILLER_0_128_1025, 482.64, 361.76, 1.79566
FILLER_0_129_1036, 482.64, 361.76, 1.79566
FILLER_0_129_1044, 482.64, 361.76, 1.79566
_12918_, 482.64, 356.32, 1.79567
_12925_, 482.64, 356.32, 1.79567
_17061_, 482.64, 356.32, 1.79567
hold1116, 482.64, 356.32, 1.79567
FILLER_0_126_1028, 482.64, 356.32, 1.79567
FILLER_0_127_1031, 482.64, 356.32, 1.79567
_10027_, 482.64, 350.88, 1.7956
_10579_, 482.64, 350.88, 1.7956
_15242_, 482.64, 350.88, 1.7956
hold862, 482.64, 350.88, 1.7956
FILLER_0_124_1031, 482.64, 350.88, 1.7956
FILLER_0_125_1029, 482.64, 350.88, 1.7956
FILLER_0_126_1045, 482.64, 350.88, 1.7956
_10618_, 482.64, 345.44, 1.79567
_14500_, 482.64, 345.44, 1.79567
_16443_, 482.64, 345.44, 1.79567
_18120_, 482.64, 345.44, 1.79567
hold856, 482.64, 345.44, 1.79567
FILLER_0_122_1028, 482.64, 345.44, 1.79567
_13739_, 482.64, 340, 1.79565
_14499_, 482.64, 340, 1.79565
_16442_, 482.64, 340, 1.79565
FILLER_0_120_1025, 482.64, 340, 1.79565
FILLER_0_120_1033, 482.64, 340, 1.79565
FILLER_0_121_1034, 482.64, 340, 1.79565
FILLER_0_122_1047, 482.64, 340, 1.79565
_08652_, 482.64, 334.56, 1.79565
_08673_, 482.64, 334.56, 1.79565
_13780_, 482.64, 334.56, 1.79565
_14532_, 482.64, 334.56, 1.79565
_14600_, 482.64, 334.56, 1.79565
_16103_, 482.64, 334.56, 1.79565
_16158_, 482.64, 334.56, 1.79565
FILLER_0_118_1031, 482.64, 334.56, 1.79565
FILLER_0_119_1034, 482.64, 334.56, 1.79565
FILLER_0_119_1045, 482.64, 334.56, 1.79565
_08597_, 482.64, 329.12, 1.79559
_08598_, 482.64, 329.12, 1.79559
_08640_, 482.64, 329.12, 1.79559
_08643_, 482.64, 329.12, 1.79559
FILLER_0_116_1031, 482.64, 329.12, 1.79559
FILLER_0_117_1038, 482.64, 329.12, 1.79559
FILLER_0_118_1044, 482.64, 329.12, 1.79559
_08590_, 482.64, 323.68, 1.7956
_08642_, 482.64, 323.68, 1.7956
_08651_, 482.64, 323.68, 1.7956
_10635_, 482.64, 323.68, 1.7956
_13776_, 482.64, 323.68, 1.7956
FILLER_0_114_1024, 482.64, 323.68, 1.7956
FILLER_0_115_1044, 482.64, 323.68, 1.7956
_10636_, 482.64, 318.24, 1.79567
FILLER_0_112_1029, 482.64, 318.24, 1.79567
FILLER_0_113_1027, 482.64, 318.24, 1.79567
FILLER_0_113_1035, 482.64, 318.24, 1.79567
_08636_, 482.64, 312.8, 1.79567
_17505_, 482.64, 312.8, 1.79567
hold555, 482.64, 312.8, 1.79567
hold625, 482.64, 312.8, 1.79567
FILLER_0_110_1025, 482.64, 312.8, 1.79567
FILLER_0_110_1033, 482.64, 312.8, 1.79567
FILLER_0_111_1039, 482.64, 312.8, 1.79567
_08586_, 482.64, 307.36, 1.7957
_08639_, 482.64, 307.36, 1.7957
_14598_, 482.64, 307.36, 1.7957
_14599_, 482.64, 307.36, 1.7957
FILLER_0_108_1026, 482.64, 307.36, 1.7957
FILLER_0_109_1048, 482.64, 307.36, 1.7957
_08637_, 482.64, 301.92, 1.79567
hold503, 482.64, 301.92, 1.79567
FILLER_0_108_1049, 482.64, 301.92, 1.79567
_08584_, 482.64, 296.48, 1.79572
_08585_, 482.64, 296.48, 1.79572
_08638_, 482.64, 296.48, 1.79572
_13740_, 482.64, 296.48, 1.79572
FILLER_0_104_1027, 482.64, 296.48, 1.79572
FILLER_0_105_1042, 482.64, 296.48, 1.79572
_08704_, 482.64, 291.04, 1.79567
_14596_, 482.64, 291.04, 1.79567
_17504_, 482.64, 291.04, 1.79567
hold590, 482.64, 291.04, 1.79567
FILLER_0_103_1025, 482.64, 291.04, 1.79567
FILLER_0_104_1049, 482.64, 291.04, 1.79567
_08697_, 482.64, 285.6, 1.79569
_14597_, 482.64, 285.6, 1.79569
FILLER_0_100_1025, 482.64, 285.6, 1.79569
FILLER_0_100_1033, 482.64, 285.6, 1.79569
FILLER_0_101_1037, 482.64, 285.6, 1.79569
_08691_, 482.64, 280.16, 1.79579
_08692_, 482.64, 280.16, 1.79579
_08693_, 482.64, 280.16, 1.79579
hold766, 482.64, 280.16, 1.79579
FILLER_0_99_1046, 482.64, 280.16, 1.79579
FILLER_0_100_1049, 482.64, 280.16, 1.79579
_08477_, 482.64, 274.72, 1.79581
_13732_, 482.64, 274.72, 1.79581
_14591_, 482.64, 274.72, 1.79581
_14601_, 482.64, 274.72, 1.79581
_17506_, 482.64, 274.72, 1.79581
FILLER_0_97_1033, 482.64, 274.72, 1.79581
FILLER_0_98_1043, 482.64, 274.72, 1.79581
_08453_, 482.64, 269.28, 1.79582
_08455_, 482.64, 269.28, 1.79582
_08479_, 482.64, 269.28, 1.79582
_14602_, 482.64, 269.28, 1.79582
FILLER_0_94_1029, 482.64, 269.28, 1.79582
FILLER_0_94_1037, 482.64, 269.28, 1.79582
FILLER_0_95_1030, 482.64, 269.28, 1.79582
FILLER_0_95_1045, 482.64, 269.28, 1.79582
FILLER_0_96_1046, 482.64, 269.28, 1.79582
_08446_, 482.64, 263.84, 1.79593
_08448_, 482.64, 263.84, 1.79593
_13733_, 482.64, 263.84, 1.79593
_16437_, 482.64, 263.84, 1.79593
hold502, 482.64, 263.84, 1.79593
hold1168, 482.64, 263.84, 1.79593
ANTENNA_67, 482.64, 263.84, 1.79593
FILLER_0_93_1024, 482.64, 263.84, 1.79593
_08427_, 482.64, 258.4, 1.79594
_08443_, 482.64, 258.4, 1.79594
_13734_, 482.64, 258.4, 1.79594
_17298_, 482.64, 258.4, 1.79594
FILLER_0_90_1037, 482.64, 258.4, 1.79594
_08432_, 482.64, 252.96, 1.79599
_08437_, 482.64, 252.96, 1.79599
_08441_, 482.64, 252.96, 1.79599
_08445_, 482.64, 252.96, 1.79599
FILLER_0_89_1029, 482.64, 252.96, 1.79599
FILLER_0_89_1038, 482.64, 252.96, 1.79599
_08436_, 482.64, 247.52, 1.79605
_08440_, 482.64, 247.52, 1.79605
_11047_, 482.64, 247.52, 1.79605
_14594_, 482.64, 247.52, 1.79605
_14595_, 482.64, 247.52, 1.79605
hold460, 482.64, 247.52, 1.79605
FILLER_0_86_1032, 482.64, 247.52, 1.79605
FILLER_0_87_1039, 482.64, 247.52, 1.79605
FILLER_0_88_1046, 482.64, 247.52, 1.79605
_08429_, 482.64, 242.08, 1.79608
_08431_, 482.64, 242.08, 1.79608
_08434_, 482.64, 242.08, 1.79608
_08439_, 482.64, 242.08, 1.79608
_14593_, 482.64, 242.08, 1.79608
_17503_, 482.64, 242.08, 1.79608
FILLER_0_84_1025, 482.64, 242.08, 1.79608
FILLER_0_84_1032, 482.64, 242.08, 1.79608
_17046_, 482.64, 236.64, 1.79614
FILLER_0_82_1026, 482.64, 236.64, 1.79614
FILLER_0_82_1037, 482.64, 236.64, 1.79614
FILLER_0_83_1033, 482.64, 236.64, 1.79614
_12887_, 482.64, 231.2, 1.79617
_12888_, 482.64, 231.2, 1.79617
hold906, 482.64, 231.2, 1.79617
FILLER_0_80_1031, 482.64, 231.2, 1.79617
FILLER_0_80_1037, 482.64, 231.2, 1.79617
FILLER_0_82_1043, 482.64, 231.2, 1.79617
_12886_, 482.64, 225.76, 1.79625
_12894_, 482.64, 225.76, 1.79625
_17049_, 482.64, 225.76, 1.79625
FILLER_0_78_1026, 482.64, 225.76, 1.79625
FILLER_0_78_1037, 482.64, 225.76, 1.79625
FILLER_0_79_1042, 482.64, 225.76, 1.79625
FILLER_0_80_1048, 482.64, 225.76, 1.79625
_12893_, 482.64, 220.32, 1.79633
FILLER_0_76_1029, 482.64, 220.32, 1.79633
FILLER_0_76_1037, 482.64, 220.32, 1.79633
FILLER_0_78_1049, 482.64, 220.32, 1.79633
_12936_, 482.64, 214.88, 1.79638
_12937_, 482.64, 214.88, 1.79638
_17065_, 482.64, 214.88, 1.79638
_17705_, 482.64, 214.88, 1.79638
hold962, 482.64, 214.88, 1.79638
hold1089, 482.64, 214.88, 1.79638
FILLER_0_76_1045, 482.64, 214.88, 1.79638
_10813_, 482.64, 209.44, 1.79647
_12929_, 482.64, 209.44, 1.79647
FILLER_0_72_1030, 482.64, 209.44, 1.79647
FILLER_0_72_1037, 482.64, 209.44, 1.79647
FILLER_0_73_1036, 482.64, 209.44, 1.79647
_08804_, 482.64, 204, 1.79639
_08990_, 482.64, 204, 1.79639
_11377_, 482.64, 204, 1.79639
hold1145, 482.64, 204, 1.79639
ANTENNA_94, 482.64, 204, 1.79639
FILLER_0_70_1037, 482.64, 204, 1.79639
FILLER_0_71_1037, 482.64, 204, 1.79639
_08803_, 482.64, 198.56, 1.79659
FILLER_0_68_1031, 482.64, 198.56, 1.79659
FILLER_0_70_1051, 482.64, 198.56, 1.79659
_08937_, 482.64, 193.12, 1.79666
_11376_, 482.64, 193.12, 1.79666
hold1066, 482.64, 193.12, 1.79666
_13536_, 482.64, 187.68, 1.79674
_13537_, 482.64, 187.68, 1.79674
_17225_, 482.64, 187.68, 1.79674
hold534, 482.64, 187.68, 1.79674
FILLER_0_64_1030, 482.64, 187.68, 1.79674
FILLER_0_65_1028, 482.64, 187.68, 1.79674
hold412, 482.64, 182.24, 1.79679
FILLER_0_62_1029, 482.64, 182.24, 1.79679
FILLER_0_64_1046, 482.64, 182.24, 1.79679
_10573_, 482.64, 176.8, 1.7968
_11992_, 482.64, 176.8, 1.7968
_13526_, 482.64, 176.8, 1.7968
_13533_, 482.64, 176.8, 1.7968
_15340_, 482.64, 176.8, 1.7968
_17689_, 482.64, 176.8, 1.7968
ANTENNA_232, 482.64, 176.8, 1.7968
FILLER_0_61_1039, 482.64, 176.8, 1.7968
_10836_, 482.64, 171.36, 1.79675
_10838_, 482.64, 171.36, 1.79675
_14649_, 482.64, 171.36, 1.79675
hold670, 482.64, 171.36, 1.79675
FILLER_0_60_1041, 482.64, 171.36, 1.79675
FILLER_0_56_1029, 482.64, 165.92, 1.79674
FILLER_0_56_1037, 482.64, 165.92, 1.79674
_08765_, 482.64, 160.48, 1.79669
_08766_, 482.64, 160.48, 1.79669
_08768_, 482.64, 160.48, 1.79669
_08769_, 482.64, 160.48, 1.79669
_08771_, 482.64, 160.48, 1.79669
_08974_, 482.64, 160.48, 1.79669
_08976_, 482.64, 160.48, 1.79669
_08977_, 482.64, 160.48, 1.79669
FILLER_0_55_1038, 482.64, 160.48, 1.79669
_08921_, 482.64, 155.04, 1.79662
_08922_, 482.64, 155.04, 1.79662
_08923_, 482.64, 155.04, 1.79662
_10837_, 482.64, 155.04, 1.79662
FILLER_0_54_1043, 482.64, 155.04, 1.79662
_08774_, 482.64, 149.6, 1.79664
_08775_, 482.64, 149.6, 1.79664
_08777_, 482.64, 149.6, 1.79664
_08920_, 482.64, 149.6, 1.79664
_08980_, 482.64, 149.6, 1.79664
ANTENNA_184, 482.64, 149.6, 1.79664
FILLER_0_51_1033, 482.64, 149.6, 1.79664
FILLER_0_52_1046, 482.64, 149.6, 1.79664
_08924_, 482.64, 144.16, 1.79661
_08926_, 482.64, 144.16, 1.79661
_08927_, 482.64, 144.16, 1.79661
_08935_, 482.64, 144.16, 1.79661
_08978_, 482.64, 144.16, 1.79661
_08981_, 482.64, 144.16, 1.79661
FILLER_0_48_1031, 482.64, 144.16, 1.79661
_08764_, 482.64, 138.72, 1.79656
_08989_, 482.64, 138.72, 1.79656
_10893_, 482.64, 138.72, 1.79656
_10895_, 482.64, 138.72, 1.79656
_13742_, 482.64, 138.72, 1.79656
FILLER_0_46_1030, 482.64, 138.72, 1.79656
FILLER_0_47_1037, 482.64, 138.72, 1.79656
FILLER_0_47_1045, 482.64, 138.72, 1.79656
_08796_, 482.64, 133.28, 1.79652
_08798_, 482.64, 133.28, 1.79652
_08988_, 482.64, 133.28, 1.79652
FILLER_0_44_1033, 482.64, 133.28, 1.79652
FILLER_0_45_1043, 482.64, 133.28, 1.79652
_08878_, 482.64, 127.84, 1.7965
_08879_, 482.64, 127.84, 1.7965
_13749_, 482.64, 127.84, 1.7965
_17305_, 482.64, 127.84, 1.7965
hold932, 482.64, 127.84, 1.7965
FILLER_0_42_1037, 482.64, 127.84, 1.7965
FILLER_0_43_1036, 482.64, 127.84, 1.7965
_08789_, 482.64, 122.4, 1.79646
_08876_, 482.64, 122.4, 1.79646
_10898_, 482.64, 122.4, 1.79646
FILLER_0_40_1030, 482.64, 122.4, 1.79646
_08792_, 482.64, 116.96, 1.79645
_10899_, 482.64, 116.96, 1.79645
FILLER_0_38_1029, 482.64, 116.96, 1.79645
FILLER_0_39_1037, 482.64, 116.96, 1.79645
_08877_, 482.64, 111.52, 1.79647
_10883_, 482.64, 111.52, 1.79647
_10995_, 482.64, 111.52, 1.79647
hold532, 482.64, 111.52, 1.79647
hold674, 482.64, 111.52, 1.79647
_10983_, 482.64, 106.08, 1.79636
_10994_, 482.64, 106.08, 1.79636
_13278_, 482.64, 100.64, 1.79643
_13356_, 482.64, 95.2, 1.79643
_13357_, 482.64, 95.2, 1.79643
_17158_, 482.64, 95.2, 1.79643
hold522, 482.64, 95.2, 1.79643
hold765, 482.64, 95.2, 1.79643
FILLER_0_30_1029, 482.64, 95.2, 1.79643
FILLER_0_31_1038, 482.64, 95.2, 1.79643
_11392_, 482.64, 89.76, 1.79638
_14463_, 482.64, 89.76, 1.79638
hold758, 482.64, 89.76, 1.79638
_11391_, 482.64, 84.32, 1.79633
_13654_, 482.64, 84.32, 1.79633
FILLER_0_26_1037, 482.64, 84.32, 1.79633
FILLER_0_27_1031, 482.64, 84.32, 1.79633
_08904_, 482.64, 78.88, 1.79635
_11390_, 482.64, 78.88, 1.79635
FILLER_0_24_1037, 482.64, 78.88, 1.79635
FILLER_0_25_1026, 482.64, 78.88, 1.79635
_13618_, 482.64, 73.44, 1.79635
_13619_, 482.64, 73.44, 1.79635
_17256_, 482.64, 73.44, 1.79635
hold430, 482.64, 73.44, 1.79635
hold771, 482.64, 73.44, 1.79635
FILLER_0_23_1027, 482.64, 73.44, 1.79635
_14465_, 482.64, 68, 1.79637
_17460_, 482.64, 68, 1.79637
_12977_, 482.64, 62.56, 1.79634
_14466_, 482.64, 62.56, 1.79634
hold956, 482.64, 62.56, 1.79634
FILLER_0_18_1032, 482.64, 62.56, 1.79634
FILLER_0_19_1024, 482.64, 62.56, 1.79634
_12980_, 482.64, 57.12, 1.79638
_17080_, 482.64, 57.12, 1.79638
FILLER_0_16_1033, 482.64, 57.12, 1.79638
FILLER_0_17_1045, 482.64, 57.12, 1.79638
_13398_, 482.64, 51.68, 1.79642
_13399_, 482.64, 51.68, 1.79642
_17078_, 482.64, 51.68, 1.79642
hold1039, 482.64, 51.68, 1.79642
FILLER_0_14_1029, 482.64, 51.68, 1.79642
FILLER_0_15_1037, 482.64, 51.68, 1.79642
_13580_, 482.64, 46.24, 1.79641
_13581_, 482.64, 46.24, 1.79641
_17176_, 482.64, 46.24, 1.79641
FILLER_0_12_1029, 482.64, 46.24, 1.79641
FILLER_0_12_1037, 482.64, 46.24, 1.79641
FILLER_0_13_1026, 482.64, 46.24, 1.79641
FILLER_0_13_1045, 482.64, 46.24, 1.79641
FILLER_0_13_1051, 482.64, 46.24, 1.79641
_17240_, 482.64, 40.8, 1.79648
FILLER_0_10_1029, 482.64, 40.8, 1.79648
FILLER_0_8_1029, 482.64, 35.36, 1.79649
FILLER_0_6_1029, 482.64, 29.92, 1.79652
FILLER_0_4_1029, 482.64, 24.48, 1.79653
FILLER_0_2_1029, 482.64, 19.04, 1.79654
ANTENNA_35, 482.64, 13.6, 1.79653
FILLER_0_0_1033, 482.64, 13.6, 1.79653
FILLER_0_1_1045, 482.64, 13.6, 1.79653
output36, 329.04, 639.2, 1.7972
ANTENNA_157, 329.04, 639.2, 1.7972
ANTENNA_158, 329.04, 639.2, 1.7972
FILLER_0_230_693, 329.04, 639.2, 1.7972
FILLER_0_231_697, 329.04, 639.2, 1.7972
FILLER_0_231_701, 329.04, 639.2, 1.7972
FILLER_0_228_693, 329.04, 633.76, 1.7972
FILLER_0_226_693, 329.04, 628.32, 1.7972
FILLER_0_224_693, 329.04, 622.88, 1.7972
FILLER_0_222_693, 329.04, 617.44, 1.79719
FILLER_0_220_693, 329.04, 612, 1.79719
FILLER_0_218_693, 329.04, 606.56, 1.79718
_12683_, 329.04, 601.12, 1.79717
_12680_, 329.04, 595.68, 1.79712
_12682_, 329.04, 595.68, 1.79712
_16968_, 329.04, 595.68, 1.79712
hold419, 329.04, 595.68, 1.79712
hold518, 329.04, 595.68, 1.79712
FILLER_0_214_690, 329.04, 595.68, 1.79712
FILLER_0_215_703, 329.04, 595.68, 1.79712
_16600_, 329.04, 590.24, 1.79709
_09935_, 329.04, 584.8, 1.79712
_09948_, 329.04, 584.8, 1.79712
_10005_, 329.04, 584.8, 1.79712
_16615_, 329.04, 584.8, 1.79712
FILLER_0_211_695, 329.04, 584.8, 1.79712
FILLER_0_211_708, 329.04, 584.8, 1.79712
_08316_, 329.04, 579.36, 1.79711
_14268_, 329.04, 579.36, 1.79711
FILLER_0_208_695, 329.04, 579.36, 1.79711
_14110_, 329.04, 573.92, 1.79714
FILLER_0_206_697, 329.04, 573.92, 1.79714
FILLER_0_207_694, 329.04, 573.92, 1.79714
_08317_, 329.04, 568.48, 1.7971
_10156_, 329.04, 568.48, 1.7971
_10168_, 329.04, 568.48, 1.7971
_10169_, 329.04, 568.48, 1.7971
_16647_, 329.04, 568.48, 1.7971
FILLER_0_204_694, 329.04, 568.48, 1.7971
FILLER_0_204_701, 329.04, 568.48, 1.7971
_10159_, 329.04, 563.04, 1.79713
_10167_, 329.04, 563.04, 1.79713
_16743_, 329.04, 563.04, 1.79713
FILLER_0_202_697, 329.04, 563.04, 1.79713
FILLER_0_204_707, 329.04, 563.04, 1.79713
_10252_, 329.04, 557.6, 1.7971
_12117_, 329.04, 557.6, 1.7971
_12118_, 329.04, 557.6, 1.7971
FILLER_0_200_693, 329.04, 557.6, 1.7971
FILLER_0_200_701, 329.04, 557.6, 1.7971
FILLER_0_201_698, 329.04, 557.6, 1.7971
_08319_, 329.04, 552.16, 1.79715
_12116_, 329.04, 552.16, 1.79715
FILLER_0_198_693, 329.04, 552.16, 1.79715
FILLER_0_199_694, 329.04, 552.16, 1.79715
FILLER_0_200_709, 329.04, 552.16, 1.79715
_08313_, 329.04, 546.72, 1.79715
_14112_, 329.04, 546.72, 1.79715
FILLER_0_196_691, 329.04, 546.72, 1.79715
FILLER_0_197_706, 329.04, 546.72, 1.79715
_14103_, 329.04, 541.28, 1.79712
FILLER_0_194_690, 329.04, 541.28, 1.79712
FILLER_0_194_701, 329.04, 541.28, 1.79712
_12106_, 329.04, 535.84, 1.79714
_14119_, 329.04, 535.84, 1.79714
_14260_, 329.04, 535.84, 1.79714
_14270_, 329.04, 535.84, 1.79714
_14277_, 329.04, 535.84, 1.79714
_09805_, 329.04, 530.4, 1.79716
_09811_, 329.04, 530.4, 1.79716
_16567_, 329.04, 530.4, 1.79716
FILLER_0_190_693, 329.04, 530.4, 1.79716
FILLER_0_191_703, 329.04, 530.4, 1.79716
_09751_, 329.04, 524.96, 1.79717
_09756_, 329.04, 524.96, 1.79717
_09807_, 329.04, 524.96, 1.79717
_09810_, 329.04, 524.96, 1.79717
_10133_, 329.04, 524.96, 1.79717
FILLER_0_189_717, 329.04, 524.96, 1.79717
FILLER_0_190_704, 329.04, 524.96, 1.79717
FILLER_0_190_712, 329.04, 524.96, 1.79717
_10023_, 329.04, 519.52, 1.79712
_10024_, 329.04, 519.52, 1.79712
_10025_, 329.04, 519.52, 1.79712
_16621_, 329.04, 519.52, 1.79712
_09887_, 329.04, 514.08, 1.7972
hold70, 329.04, 514.08, 1.7972
FILLER_0_184_696, 329.04, 514.08, 1.7972
FILLER_0_184_701, 329.04, 514.08, 1.7972
FILLER_0_186_710, 329.04, 514.08, 1.7972
_16589_, 329.04, 508.64, 1.79712
clkbuf_leaf_87_clk, 329.04, 508.64, 1.79712
FILLER_0_182_692, 329.04, 508.64, 1.79712
FILLER_0_182_701, 329.04, 508.64, 1.79712
FILLER_0_183_697, 329.04, 508.64, 1.79712
_09833_, 329.04, 503.2, 1.79724
_09909_, 329.04, 503.2, 1.79724
_16573_, 329.04, 503.2, 1.79724
ANTENNA_80, 329.04, 503.2, 1.79724
ANTENNA_198, 329.04, 503.2, 1.79724
ANTENNA_230, 329.04, 503.2, 1.79724
FILLER_0_180_701, 329.04, 503.2, 1.79724
FILLER_0_181_706, 329.04, 503.2, 1.79724
FILLER_0_181_711, 329.04, 503.2, 1.79724
_09809_, 329.04, 497.76, 1.79716
_09834_, 329.04, 497.76, 1.79716
_12086_, 329.04, 497.76, 1.79716
_12137_, 329.04, 497.76, 1.79716
_12138_, 329.04, 497.76, 1.79716
_14139_, 329.04, 497.76, 1.79716
_16749_, 329.04, 497.76, 1.79716
FILLER_0_179_695, 329.04, 497.76, 1.79716
FILLER_0_179_703, 329.04, 497.76, 1.79716
FILLER_0_176_696, 329.04, 492.32, 1.79727
FILLER_0_176_701, 329.04, 492.32, 1.79727
_09808_, 329.04, 486.88, 1.79729
_09813_, 329.04, 486.88, 1.79729
_09817_, 329.04, 486.88, 1.79729
_14009_, 329.04, 486.88, 1.79729
_14113_, 329.04, 486.88, 1.79729
_14121_, 329.04, 486.88, 1.79729
_14271_, 329.04, 486.88, 1.79729
FILLER_0_174_696, 329.04, 486.88, 1.79729
FILLER_0_175_700, 329.04, 486.88, 1.79729
FILLER_0_175_708, 329.04, 486.88, 1.79729
_14123_, 329.04, 481.44, 1.79717
_14125_, 329.04, 481.44, 1.79717
_17395_, 329.04, 481.44, 1.79717
FILLER_0_172_697, 329.04, 481.44, 1.79717
FILLER_0_173_695, 329.04, 481.44, 1.79717
_14124_, 329.04, 476, 1.79707
_14272_, 329.04, 476, 1.79707
clkbuf_leaf_86_clk, 329.04, 476, 1.79707
FILLER_0_170_690, 329.04, 476, 1.79707
FILLER_0_172_706, 329.04, 476, 1.79707
_14273_, 329.04, 470.56, 1.79691
_14274_, 329.04, 470.56, 1.79691
_14290_, 329.04, 470.56, 1.79691
_14291_, 329.04, 470.56, 1.79691
_14292_, 329.04, 470.56, 1.79691
_17410_, 329.04, 470.56, 1.79691
FILLER_0_168_690, 329.04, 470.56, 1.79691
_17412_, 329.04, 465.12, 1.79695
FILLER_0_166_691, 329.04, 465.12, 1.79695
FILLER_0_166_701, 329.04, 465.12, 1.79695
FILLER_0_167_708, 329.04, 465.12, 1.79695
FILLER_0_167_716, 329.04, 465.12, 1.79695
_10798_, 329.04, 459.68, 1.79688
_10799_, 329.04, 459.68, 1.79688
_11150_, 329.04, 459.68, 1.79688
_11367_, 329.04, 459.68, 1.79688
_11523_, 329.04, 459.68, 1.79688
FILLER_0_165_702, 329.04, 459.68, 1.79688
_09822_, 329.04, 454.24, 1.79679
_11248_, 329.04, 454.24, 1.79679
_11308_, 329.04, 454.24, 1.79679
_18114_, 329.04, 454.24, 1.79679
FILLER_0_162_690, 329.04, 454.24, 1.79679
FILLER_0_162_701, 329.04, 454.24, 1.79679
FILLER_0_163_709, 329.04, 454.24, 1.79679
_11520_, 329.04, 448.8, 1.79669
_16425_, 329.04, 448.8, 1.79669
wire89, 329.04, 448.8, 1.79669
FILLER_0_160_690, 329.04, 448.8, 1.79669
FILLER_0_161_711, 329.04, 448.8, 1.79669
FILLER_0_162_708, 329.04, 448.8, 1.79669
_10793_, 329.04, 443.36, 1.79656
_18109_, 329.04, 443.36, 1.79656
wire90, 329.04, 443.36, 1.79656
FILLER_0_158_690, 329.04, 443.36, 1.79656
_11364_, 329.04, 437.92, 1.7966
FILLER_0_156_697, 329.04, 437.92, 1.7966
FILLER_0_156_701, 329.04, 437.92, 1.7966
FILLER_0_158_713, 329.04, 437.92, 1.7966
_10796_, 329.04, 432.48, 1.7965
_11249_, 329.04, 432.48, 1.7965
_11521_, 329.04, 432.48, 1.7965
_15116_, 329.04, 432.48, 1.7965
FILLER_0_154_692, 329.04, 432.48, 1.7965
FILLER_0_155_704, 329.04, 432.48, 1.7965
_11368_, 329.04, 427.04, 1.79651
_11524_, 329.04, 427.04, 1.79651
FILLER_0_152_695, 329.04, 427.04, 1.79651
FILLER_0_152_701, 329.04, 427.04, 1.79651
FILLER_0_153_698, 329.04, 427.04, 1.79651
_11149_, 329.04, 421.6, 1.79643
_11369_, 329.04, 421.6, 1.79643
_11522_, 329.04, 421.6, 1.79643
_11525_, 329.04, 421.6, 1.79643
_11528_, 329.04, 421.6, 1.79643
_14859_, 329.04, 421.6, 1.79643
FILLER_0_152_709, 329.04, 421.6, 1.79643
_10797_, 329.04, 416.16, 1.79642
_11365_, 329.04, 416.16, 1.79642
_11371_, 329.04, 416.16, 1.79642
FILLER_0_148_693, 329.04, 416.16, 1.79642
FILLER_0_148_701, 329.04, 416.16, 1.79642
FILLER_0_149_693, 329.04, 416.16, 1.79642
_11250_, 329.04, 410.72, 1.79636
_11366_, 329.04, 410.72, 1.79636
_14773_, 329.04, 410.72, 1.79636
_14810_, 329.04, 410.72, 1.79636
FILLER_0_146_693, 329.04, 410.72, 1.79636
FILLER_0_147_701, 329.04, 410.72, 1.79636
_10556_, 329.04, 405.28, 1.79631
_11194_, 329.04, 405.28, 1.79631
_14829_, 329.04, 405.28, 1.79631
FILLER_0_144_692, 329.04, 405.28, 1.79631
FILLER_0_145_695, 329.04, 405.28, 1.79631
FILLER_0_145_713, 329.04, 405.28, 1.79631
FILLER_0_146_716, 329.04, 405.28, 1.79631
_14770_, 329.04, 399.84, 1.79625
_14774_, 329.04, 399.84, 1.79625
_14791_, 329.04, 399.84, 1.79625
_14830_, 329.04, 399.84, 1.79625
_14833_, 329.04, 399.84, 1.79625
FILLER_0_142_695, 329.04, 399.84, 1.79625
FILLER_0_144_713, 329.04, 399.84, 1.79625
_14771_, 329.04, 394.4, 1.79625
_14831_, 329.04, 394.4, 1.79625
_14834_, 329.04, 394.4, 1.79625
_14839_, 329.04, 394.4, 1.79625
FILLER_0_140_693, 329.04, 394.4, 1.79625
FILLER_0_142_713, 329.04, 394.4, 1.79625
_14775_, 329.04, 388.96, 1.79622
_14855_, 329.04, 388.96, 1.79622
_15107_, 329.04, 388.96, 1.79622
FILLER_0_138_692, 329.04, 388.96, 1.79622
FILLER_0_139_697, 329.04, 388.96, 1.79622
FILLER_0_139_713, 329.04, 388.96, 1.79622
_11808_, 329.04, 383.52, 1.79615
_14838_, 329.04, 383.52, 1.79615
_14840_, 329.04, 383.52, 1.79615
_14841_, 329.04, 383.52, 1.79615
_14878_, 329.04, 383.52, 1.79615
_14879_, 329.04, 383.52, 1.79615
_15118_, 329.04, 383.52, 1.79615
FILLER_0_137_703, 329.04, 383.52, 1.79615
_14880_, 329.04, 378.08, 1.79616
_14912_, 329.04, 378.08, 1.79616
_15097_, 329.04, 378.08, 1.79616
FILLER_0_134_690, 329.04, 378.08, 1.79616
FILLER_0_134_696, 329.04, 378.08, 1.79616
FILLER_0_135_692, 329.04, 378.08, 1.79616
FILLER_0_136_706, 329.04, 378.08, 1.79616
_14835_, 329.04, 372.64, 1.79611
_14911_, 329.04, 372.64, 1.79611
_14928_, 329.04, 372.64, 1.79611
_14931_, 329.04, 372.64, 1.79611
_15119_, 329.04, 372.64, 1.79611
FILLER_0_132_694, 329.04, 372.64, 1.79611
_15108_, 329.04, 367.2, 1.79609
_15109_, 329.04, 367.2, 1.79609
FILLER_0_130_695, 329.04, 367.2, 1.79609
FILLER_0_131_698, 329.04, 367.2, 1.79609
_14920_, 329.04, 361.76, 1.79606
_14925_, 329.04, 361.76, 1.79606
_15111_, 329.04, 361.76, 1.79606
_15149_, 329.04, 361.76, 1.79606
FILLER_0_128_691, 329.04, 361.76, 1.79606
_14868_, 329.04, 356.32, 1.79608
_14915_, 329.04, 356.32, 1.79608
FILLER_0_127_713, 329.04, 356.32, 1.79608
FILLER_0_128_713, 329.04, 356.32, 1.79608
_10791_, 329.04, 350.88, 1.79604
_14782_, 329.04, 350.88, 1.79604
_14783_, 329.04, 350.88, 1.79604
_14867_, 329.04, 350.88, 1.79604
_14916_, 329.04, 350.88, 1.79604
_14923_, 329.04, 350.88, 1.79604
FILLER_0_124_696, 329.04, 350.88, 1.79604
FILLER_0_125_696, 329.04, 350.88, 1.79604
FILLER_0_125_706, 329.04, 350.88, 1.79604
_10792_, 329.04, 345.44, 1.79605
_15106_, 329.04, 345.44, 1.79605
_15112_, 329.04, 345.44, 1.79605
_17616_, 329.04, 345.44, 1.79605
FILLER_0_122_695, 329.04, 345.44, 1.79605
FILLER_0_122_701, 329.04, 345.44, 1.79605
FILLER_0_123_705, 329.04, 345.44, 1.79605
_12824_, 329.04, 340, 1.79604
_15115_, 329.04, 340, 1.79604
_17020_, 329.04, 340, 1.79604
hold901, 329.04, 340, 1.79604
_12823_, 329.04, 334.56, 1.79596
clkbuf_leaf_73_clk, 329.04, 334.56, 1.79596
hold1122, 329.04, 334.56, 1.79596
FILLER_0_118_696, 329.04, 334.56, 1.79596
FILLER_0_119_694, 329.04, 334.56, 1.79596
_12822_, 329.04, 329.12, 1.79599
_17019_, 329.04, 329.12, 1.79599
FILLER_0_116_692, 329.04, 329.12, 1.79599
FILLER_0_116_701, 329.04, 329.12, 1.79599
FILLER_0_117_700, 329.04, 329.12, 1.79599
FILLER_0_118_714, 329.04, 329.12, 1.79599
_12821_, 329.04, 323.68, 1.79599
_12825_, 329.04, 323.68, 1.79599
_16375_, 329.04, 323.68, 1.79599
hold611, 329.04, 323.68, 1.79599
ANTENNA_107, 329.04, 323.68, 1.79599
FILLER_0_114_701, 329.04, 323.68, 1.79599
_16370_, 329.04, 318.24, 1.79608
_16371_, 329.04, 318.24, 1.79608
_16374_, 329.04, 318.24, 1.79608
_18092_, 329.04, 318.24, 1.79608
hold1023, 329.04, 318.24, 1.79608
FILLER_0_112_695, 329.04, 318.24, 1.79608
FILLER_0_113_704, 329.04, 318.24, 1.79608
_15386_, 329.04, 312.8, 1.79605
_15387_, 329.04, 312.8, 1.79605
_17706_, 329.04, 312.8, 1.79605
_09221_, 329.04, 307.36, 1.79617
_09274_, 329.04, 307.36, 1.79617
_15385_, 329.04, 307.36, 1.79617
FILLER_0_108_694, 329.04, 307.36, 1.79617
FILLER_0_110_704, 329.04, 307.36, 1.79617
_15392_, 329.04, 301.92, 1.7962
_15393_, 329.04, 301.92, 1.7962
_16377_, 329.04, 301.92, 1.7962
_17709_, 329.04, 301.92, 1.7962
hold570, 329.04, 301.92, 1.7962
FILLER_0_106_691, 329.04, 301.92, 1.7962
FILLER_0_106_697, 329.04, 301.92, 1.7962
_10700_, 329.04, 296.48, 1.79624
_16376_, 329.04, 296.48, 1.79624
_18093_, 329.04, 296.48, 1.79624
FILLER_0_104_697, 329.04, 296.48, 1.79624
FILLER_0_105_705, 329.04, 296.48, 1.79624
_12900_, 329.04, 291.04, 1.79632
_12901_, 329.04, 291.04, 1.79632
_17052_, 329.04, 291.04, 1.79632
FILLER_0_102_690, 329.04, 291.04, 1.79632
FILLER_0_103_692, 329.04, 291.04, 1.79632
FILLER_0_104_713, 329.04, 291.04, 1.79632
_12903_, 329.04, 285.6, 1.79634
_15518_, 329.04, 285.6, 1.79634
_15519_, 329.04, 285.6, 1.79634
clkbuf_leaf_204_clk, 329.04, 285.6, 1.79634
FILLER_0_100_696, 329.04, 285.6, 1.79634
FILLER_0_101_697, 329.04, 285.6, 1.79634
FILLER_0_102_706, 329.04, 285.6, 1.79634
_11084_, 329.04, 280.16, 1.79644
_17053_, 329.04, 280.16, 1.79644
_17757_, 329.04, 280.16, 1.79644
hold1050, 329.04, 280.16, 1.79644
FILLER_0_98_697, 329.04, 280.16, 1.79644
FILLER_0_98_701, 329.04, 280.16, 1.79644
FILLER_0_99_715, 329.04, 280.16, 1.79644
FILLER_0_100_710, 329.04, 280.16, 1.79644
_09225_, 329.04, 274.72, 1.79656
_12646_, 329.04, 274.72, 1.79656
_15802_, 329.04, 274.72, 1.79656
hold840, 329.04, 274.72, 1.79656
FILLER_0_97_698, 329.04, 274.72, 1.79656
_16953_, 329.04, 269.28, 1.79661
_17741_, 329.04, 269.28, 1.79661
FILLER_0_95_707, 329.04, 269.28, 1.79661
FILLER_0_96_709, 329.04, 269.28, 1.79661
_15477_, 329.04, 263.84, 1.79672
_17805_, 329.04, 263.84, 1.79672
hold868, 329.04, 263.84, 1.79672
FILLER_0_92_695, 329.04, 263.84, 1.79672
FILLER_0_93_714, 329.04, 263.84, 1.79672
FILLER_0_94_713, 329.04, 263.84, 1.79672
_15644_, 329.04, 258.4, 1.7968
_15645_, 329.04, 258.4, 1.7968
hold576, 329.04, 258.4, 1.7968
hold745, 329.04, 258.4, 1.7968
FILLER_0_91_698, 329.04, 258.4, 1.7968
_15557_, 329.04, 252.96, 1.79684
_17773_, 329.04, 252.96, 1.79684
hold494, 329.04, 252.96, 1.79684
FILLER_0_89_691, 329.04, 252.96, 1.79684
FILLER_0_90_713, 329.04, 252.96, 1.79684
_15556_, 329.04, 247.52, 1.79701
FILLER_0_86_696, 329.04, 247.52, 1.79701
FILLER_0_88_715, 329.04, 247.52, 1.79701
_15643_, 329.04, 242.08, 1.7971
_17804_, 329.04, 242.08, 1.7971
FILLER_0_84_697, 329.04, 242.08, 1.7971
FILLER_0_84_701, 329.04, 242.08, 1.7971
FILLER_0_85_697, 329.04, 242.08, 1.7971
_10722_, 329.04, 236.64, 1.7972
_11317_, 329.04, 236.64, 1.7972
_15472_, 329.04, 236.64, 1.7972
_15642_, 329.04, 236.64, 1.7972
FILLER_0_82_701, 329.04, 236.64, 1.7972
FILLER_0_83_693, 329.04, 236.64, 1.7972
FILLER_0_84_715, 329.04, 236.64, 1.7972
_10459_, 329.04, 231.2, 1.79729
_10744_, 329.04, 231.2, 1.79729
_15719_, 329.04, 231.2, 1.79729
_17836_, 329.04, 231.2, 1.79729
FILLER_0_80_695, 329.04, 231.2, 1.79729
FILLER_0_80_701, 329.04, 231.2, 1.79729
_14708_, 329.04, 225.76, 1.79743
_15720_, 329.04, 225.76, 1.79743
_17547_, 329.04, 225.76, 1.79743
FILLER_0_78_691, 329.04, 225.76, 1.79743
_14701_, 329.04, 220.32, 1.79759
_14707_, 329.04, 220.32, 1.79759
hold860, 329.04, 220.32, 1.79759
FILLER_0_76_692, 329.04, 220.32, 1.79759
_10748_, 329.04, 214.88, 1.79771
_14697_, 329.04, 214.88, 1.79771
_14702_, 329.04, 214.88, 1.79771
_17545_, 329.04, 214.88, 1.79771
ANTENNA_217, 329.04, 214.88, 1.79771
FILLER_0_74_696, 329.04, 214.88, 1.79771
FILLER_0_75_698, 329.04, 214.88, 1.79771
_10488_, 329.04, 209.44, 1.7979
hold1090, 329.04, 209.44, 1.7979
FILLER_0_72_701, 329.04, 209.44, 1.7979
FILLER_0_73_691, 329.04, 209.44, 1.7979
FILLER_0_73_700, 329.04, 209.44, 1.7979
FILLER_0_74_713, 329.04, 209.44, 1.7979
_16135_, 329.04, 204, 1.79802
_16302_, 329.04, 204, 1.79802
_16303_, 329.04, 204, 1.79802
_17997_, 329.04, 204, 1.79802
_18061_, 329.04, 204, 1.79802
FILLER_0_70_696, 329.04, 204, 1.79802
_16127_, 329.04, 198.56, 1.79809
_16136_, 329.04, 198.56, 1.79809
_16297_, 329.04, 198.56, 1.79809
_18058_, 329.04, 198.56, 1.79809
clkbuf_5_18__f_clk, 329.04, 198.56, 1.79809
FILLER_0_69_697, 329.04, 198.56, 1.79809
_16296_, 329.04, 193.12, 1.79834
clkbuf_leaf_199_clk, 329.04, 193.12, 1.79834
FILLER_0_66_693, 329.04, 193.12, 1.79834
_16126_, 329.04, 187.68, 1.79855
_16133_, 329.04, 187.68, 1.79855
_16300_, 329.04, 187.68, 1.79855
_16301_, 329.04, 187.68, 1.79855
_17996_, 329.04, 187.68, 1.79855
_18060_, 329.04, 187.68, 1.79855
FILLER_0_65_690, 329.04, 187.68, 1.79855
FILLER_0_66_713, 329.04, 187.68, 1.79855
_10760_, 329.04, 182.24, 1.79871
hold876, 329.04, 182.24, 1.79871
FILLER_0_62_694, 329.04, 182.24, 1.79871
FILLER_0_62_701, 329.04, 182.24, 1.79871
_11472_, 329.04, 176.8, 1.7987
_15394_, 329.04, 176.8, 1.7987
_15438_, 329.04, 176.8, 1.7987
_15439_, 329.04, 176.8, 1.7987
_17729_, 329.04, 176.8, 1.7987
hold850, 329.04, 176.8, 1.7987
FILLER_0_60_697, 329.04, 176.8, 1.7987
FILLER_0_61_707, 329.04, 176.8, 1.7987
_10435_, 329.04, 171.36, 1.7985
_11474_, 329.04, 171.36, 1.7985
_11475_, 329.04, 171.36, 1.7985
hold979, 329.04, 171.36, 1.7985
FILLER_0_58_696, 329.04, 171.36, 1.7985
FILLER_0_59_701, 329.04, 171.36, 1.7985
FILLER_0_59_709, 329.04, 171.36, 1.7985
FILLER_0_60_710, 329.04, 171.36, 1.7985
_10483_, 329.04, 165.92, 1.79837
_10949_, 329.04, 165.92, 1.79837
_11471_, 329.04, 165.92, 1.79837
_15528_, 329.04, 165.92, 1.79837
FILLER_0_56_692, 329.04, 165.92, 1.79837
_10434_, 329.04, 160.48, 1.79821
_10499_, 329.04, 160.48, 1.79821
_12912_, 329.04, 160.48, 1.79821
_17057_, 329.04, 160.48, 1.79821
hold844, 329.04, 160.48, 1.79821
FILLER_0_55_692, 329.04, 160.48, 1.79821
FILLER_0_55_712, 329.04, 160.48, 1.79821
_12911_, 329.04, 155.04, 1.79808
hold756, 329.04, 155.04, 1.79808
FILLER_0_52_696, 329.04, 155.04, 1.79808
FILLER_0_53_699, 329.04, 155.04, 1.79808
_12956_, 329.04, 149.6, 1.79796
_12957_, 329.04, 149.6, 1.79796
_15401_, 329.04, 149.6, 1.79796
_15402_, 329.04, 149.6, 1.79796
_17073_, 329.04, 149.6, 1.79796
_17713_, 329.04, 149.6, 1.79796
FILLER_0_51_695, 329.04, 149.6, 1.79796
FILLER_0_52_713, 329.04, 149.6, 1.79796
_10447_, 329.04, 144.16, 1.79787
hold653, 329.04, 144.16, 1.79787
hold1092, 329.04, 144.16, 1.79787
FILLER_0_48_695, 329.04, 144.16, 1.79787
FILLER_0_49_712, 329.04, 144.16, 1.79787
_10032_, 329.04, 138.72, 1.79776
_10765_, 329.04, 138.72, 1.79776
_11221_, 329.04, 138.72, 1.79776
_17760_, 329.04, 138.72, 1.79776
FILLER_0_46_693, 329.04, 138.72, 1.79776
FILLER_0_47_711, 329.04, 138.72, 1.79776
_10121_, 329.04, 133.28, 1.79766
_13826_, 329.04, 133.28, 1.79766
_15526_, 329.04, 133.28, 1.79766
_15527_, 329.04, 133.28, 1.79766
FILLER_0_44_695, 329.04, 133.28, 1.79766
FILLER_0_45_702, 329.04, 133.28, 1.79766
FILLER_0_45_717, 329.04, 133.28, 1.79766
_15521_, 329.04, 127.84, 1.79757
_15522_, 329.04, 127.84, 1.79757
_17728_, 329.04, 127.84, 1.79757
_17758_, 329.04, 127.84, 1.79757
hold1047, 329.04, 127.84, 1.79757
FILLER_0_42_695, 329.04, 127.84, 1.79757
FILLER_0_43_706, 329.04, 127.84, 1.79757
FILLER_0_44_705, 329.04, 127.84, 1.79757
_15432_, 329.04, 122.4, 1.79746
_15434_, 329.04, 122.4, 1.79746
_15436_, 329.04, 122.4, 1.79746
clkbuf_leaf_187_clk, 329.04, 122.4, 1.79746
FILLER_0_40_691, 329.04, 122.4, 1.79746
FILLER_0_42_710, 329.04, 122.4, 1.79746
_09418_, 329.04, 116.96, 1.79739
_15433_, 329.04, 116.96, 1.79739
_17727_, 329.04, 116.96, 1.79739
ANTENNA_155, 329.04, 116.96, 1.79739
ANTENNA_156, 329.04, 116.96, 1.79739
FILLER_0_38_695, 329.04, 116.96, 1.79739
FILLER_0_38_701, 329.04, 116.96, 1.79739
_17054_, 329.04, 111.52, 1.79736
hold1087, 329.04, 111.52, 1.79736
hold1108, 329.04, 111.52, 1.79736
_12905_, 329.04, 106.08, 1.79727
_12906_, 329.04, 106.08, 1.79727
_17055_, 329.04, 106.08, 1.79727
hold951, 329.04, 106.08, 1.79727
FILLER_0_34_695, 329.04, 106.08, 1.79727
FILLER_0_35_692, 329.04, 106.08, 1.79727
FILLER_0_35_700, 329.04, 106.08, 1.79727
_10452_, 329.04, 100.64, 1.79721
_12952_, 329.04, 100.64, 1.79721
_12953_, 329.04, 100.64, 1.79721
_15268_, 329.04, 100.64, 1.79721
FILLER_0_32_696, 329.04, 100.64, 1.79721
FILLER_0_33_697, 329.04, 100.64, 1.79721
FILLER_0_33_708, 329.04, 100.64, 1.79721
FILLER_0_33_716, 329.04, 100.64, 1.79721
FILLER_0_34_713, 329.04, 100.64, 1.79721
_10467_, 329.04, 95.2, 1.79717
_11259_, 329.04, 95.2, 1.79717
_17071_, 329.04, 95.2, 1.79717
hold814, 329.04, 95.2, 1.79717
_11088_, 329.04, 89.76, 1.79709
_14584_, 329.04, 89.76, 1.79709
_15360_, 329.04, 89.76, 1.79709
_15397_, 329.04, 89.76, 1.79709
_15398_, 329.04, 89.76, 1.79709
_17711_, 329.04, 89.76, 1.79709
hold652, 329.04, 89.76, 1.79709
FILLER_0_28_694, 329.04, 89.76, 1.79709
FILLER_0_26_691, 329.04, 84.32, 1.79703
FILLER_0_26_701, 329.04, 84.32, 1.79703
FILLER_0_27_709, 329.04, 84.32, 1.79703
_15395_, 329.04, 78.88, 1.79688
_15396_, 329.04, 78.88, 1.79688
_15399_, 329.04, 78.88, 1.79688
_15400_, 329.04, 78.88, 1.79688
_17712_, 329.04, 78.88, 1.79688
FILLER_0_24_693, 329.04, 78.88, 1.79688
FILLER_0_26_715, 329.04, 78.88, 1.79688
_12830_, 329.04, 73.44, 1.7969
_12948_, 329.04, 73.44, 1.7969
hold801, 329.04, 73.44, 1.7969
hold1175, 329.04, 73.44, 1.7969
FILLER_0_22_691, 329.04, 73.44, 1.7969
_12831_, 329.04, 68, 1.79689
_12949_, 329.04, 68, 1.79689
_17023_, 329.04, 68, 1.79689
_17070_, 329.04, 68, 1.79689
FILLER_0_20_697, 329.04, 68, 1.79689
FILLER_0_20_701, 329.04, 68, 1.79689
FILLER_0_21_707, 329.04, 68, 1.79689
FILLER_0_21_717, 329.04, 68, 1.79689
_12828_, 329.04, 62.56, 1.79689
_12829_, 329.04, 62.56, 1.79689
hold973, 329.04, 62.56, 1.79689
FILLER_0_18_697, 329.04, 62.56, 1.79689
FILLER_0_18_701, 329.04, 62.56, 1.79689
FILLER_0_19_697, 329.04, 62.56, 1.79689
_17022_, 329.04, 57.12, 1.79686
FILLER_0_16_696, 329.04, 57.12, 1.79686
FILLER_0_16_701, 329.04, 57.12, 1.79686
_12868_, 329.04, 51.68, 1.79688
_16231_, 329.04, 51.68, 1.79688
_16232_, 329.04, 51.68, 1.79688
_18031_, 329.04, 51.68, 1.79688
FILLER_0_15_704, 329.04, 51.68, 1.79688
_16235_, 329.04, 46.24, 1.79684
_17039_, 329.04, 46.24, 1.79684
FILLER_0_12_696, 329.04, 46.24, 1.79684
FILLER_0_12_701, 329.04, 46.24, 1.79684
FILLER_0_13_706, 329.04, 46.24, 1.79684
_16234_, 329.04, 40.8, 1.7969
_18032_, 329.04, 40.8, 1.7969
FILLER_0_10_693, 329.04, 40.8, 1.7969
FILLER_0_11_709, 329.04, 40.8, 1.7969
FILLER_0_8_693, 329.04, 35.36, 1.7969
FILLER_0_6_693, 329.04, 29.92, 1.79692
FILLER_0_4_693, 329.04, 24.48, 1.79694
FILLER_0_2_693, 329.04, 19.04, 1.79695
FILLER_0_0_697, 329.04, 13.6, 1.79694
input18, 175.44, 639.2, 1.79756
FILLER_0_230_357, 175.44, 639.2, 1.79756
FILLER_0_231_361, 175.44, 639.2, 1.79756
FILLER_0_231_377, 175.44, 639.2, 1.79756
FILLER_0_228_357, 175.44, 633.76, 1.79758
FILLER_0_226_357, 175.44, 628.32, 1.79759
FILLER_0_224_357, 175.44, 622.88, 1.79761
FILLER_0_222_357, 175.44, 617.44, 1.79762
FILLER_0_220_357, 175.44, 612, 1.79764
FILLER_0_218_357, 175.44, 606.56, 1.79766
FILLER_0_216_357, 175.44, 601.12, 1.79768
FILLER_0_214_357, 175.44, 595.68, 1.7977
FILLER_0_212_357, 175.44, 590.24, 1.79772
FILLER_0_210_357, 175.44, 584.8, 1.79775
FILLER_0_208_357, 175.44, 579.36, 1.79777
FILLER_0_206_357, 175.44, 573.92, 1.79781
FILLER_0_204_357, 175.44, 568.48, 1.79783
FILLER_0_202_357, 175.44, 563.04, 1.79787
FILLER_0_200_357, 175.44, 557.6, 1.79791
FILLER_0_198_357, 175.44, 552.16, 1.79796
FILLER_0_196_357, 175.44, 546.72, 1.79801
FILLER_0_194_357, 175.44, 541.28, 1.79804
FILLER_0_192_357, 175.44, 535.84, 1.7981
FILLER_0_190_357, 175.44, 530.4, 1.79816
FILLER_0_188_357, 175.44, 524.96, 1.7982
FILLER_0_186_360, 175.44, 519.52, 1.79827
FILLER_0_182_357, 175.44, 508.64, 1.7984
FILLER_0_180_360, 175.44, 503.2, 1.7985
FILLER_0_174_361, 175.44, 486.88, 1.79887
FILLER_0_172_359, 175.44, 481.44, 1.79864
hold33, 175.44, 476, 1.79841
_13152_, 175.44, 470.56, 1.79816
_17099_, 175.44, 470.56, 1.79816
FILLER_0_168_365, 175.44, 470.56, 1.79816
_17103_, 175.44, 465.12, 1.79801
hold32, 175.44, 465.12, 1.79801
FILLER_0_166_357, 175.44, 465.12, 1.79801
FILLER_0_167_358, 175.44, 465.12, 1.79801
FILLER_0_168_376, 175.44, 465.12, 1.79801
_13188_, 175.44, 459.68, 1.7979
_13200_, 175.44, 459.68, 1.7979
FILLER_0_164_365, 175.44, 459.68, 1.7979
_13097_, 175.44, 454.24, 1.79775
_13211_, 175.44, 454.24, 1.79775
_17104_, 175.44, 454.24, 1.79775
FILLER_0_162_365, 175.44, 454.24, 1.79775
_13031_, 175.44, 448.8, 1.79753
_13116_, 175.44, 448.8, 1.79753
_13219_, 175.44, 448.8, 1.79753
_17094_, 175.44, 448.8, 1.79753
_17105_, 175.44, 448.8, 1.79753
FILLER_0_160_359, 175.44, 448.8, 1.79753
_10337_, 175.44, 443.36, 1.79743
_10338_, 175.44, 443.36, 1.79743
_13070_, 175.44, 443.36, 1.79743
_13161_, 175.44, 443.36, 1.79743
_17106_, 175.44, 443.36, 1.79743
FILLER_0_158_357, 175.44, 443.36, 1.79743
_11749_, 175.44, 437.92, 1.79733
_13189_, 175.44, 437.92, 1.79733
_13222_, 175.44, 437.92, 1.79733
clkbuf_leaf_16_clk, 175.44, 437.92, 1.79733
FILLER_0_156_361, 175.44, 437.92, 1.79733
FILLER_0_157_362, 175.44, 437.92, 1.79733
FILLER_0_158_371, 175.44, 437.92, 1.79733
_13034_, 175.44, 432.48, 1.79723
_13060_, 175.44, 432.48, 1.79723
_17091_, 175.44, 432.48, 1.79723
FILLER_0_155_371, 175.44, 432.48, 1.79723
_13057_, 175.44, 427.04, 1.79716
_13059_, 175.44, 427.04, 1.79716
FILLER_0_152_361, 175.44, 427.04, 1.79716
FILLER_0_152_365, 175.44, 427.04, 1.79716
FILLER_0_153_377, 175.44, 427.04, 1.79716
FILLER_0_154_375, 175.44, 427.04, 1.79716
FILLER_0_154_382, 175.44, 427.04, 1.79716
_11560_, 175.44, 421.6, 1.79705
_13220_, 175.44, 421.6, 1.79705
_16686_, 175.44, 421.6, 1.79705
FILLER_0_150_357, 175.44, 421.6, 1.79705
FILLER_0_150_365, 175.44, 421.6, 1.79705
_11660_, 175.44, 416.16, 1.79698
_11661_, 175.44, 416.16, 1.79698
_11662_, 175.44, 416.16, 1.79698
_11663_, 175.44, 416.16, 1.79698
_11699_, 175.44, 416.16, 1.79698
_12695_, 175.44, 416.16, 1.79698
_13221_, 175.44, 416.16, 1.79698
FILLER_0_148_365, 175.44, 416.16, 1.79698
FILLER_0_149_374, 175.44, 416.16, 1.79698
FILLER_0_149_383, 175.44, 416.16, 1.79698
_10285_, 175.44, 410.72, 1.79691
_11703_, 175.44, 410.72, 1.79691
_11704_, 175.44, 410.72, 1.79691
FILLER_0_146_369, 175.44, 410.72, 1.79691
_11568_, 175.44, 405.28, 1.79685
_11707_, 175.44, 405.28, 1.79685
_11708_, 175.44, 405.28, 1.79685
_13233_, 175.44, 405.28, 1.79685
FILLER_0_144_368, 175.44, 405.28, 1.79685
FILLER_0_145_357, 175.44, 405.28, 1.79685
FILLER_0_146_378, 175.44, 405.28, 1.79685
_11657_, 175.44, 399.84, 1.79673
_11683_, 175.44, 399.84, 1.79673
_11705_, 175.44, 399.84, 1.79673
_11706_, 175.44, 399.84, 1.79673
_16690_, 175.44, 399.84, 1.79673
FILLER_0_142_356, 175.44, 399.84, 1.79673
FILLER_0_143_363, 175.44, 399.84, 1.79673
FILLER_0_143_371, 175.44, 399.84, 1.79673
_11686_, 175.44, 394.4, 1.79673
_11687_, 175.44, 394.4, 1.79673
FILLER_0_140_358, 175.44, 394.4, 1.79673
FILLER_0_140_365, 175.44, 394.4, 1.79673
_11665_, 175.44, 388.96, 1.79669
_11732_, 175.44, 388.96, 1.79669
_11734_, 175.44, 388.96, 1.79669
_11658_, 175.44, 383.52, 1.79665
_11733_, 175.44, 383.52, 1.79665
_11766_, 175.44, 383.52, 1.79665
_13009_, 175.44, 383.52, 1.79665
FILLER_0_136_357, 175.44, 383.52, 1.79665
FILLER_0_136_365, 175.44, 383.52, 1.79665
FILLER_0_137_367, 175.44, 383.52, 1.79665
FILLER_0_137_378, 175.44, 383.52, 1.79665
_11685_, 175.44, 378.08, 1.79658
_11764_, 175.44, 378.08, 1.79658
_11796_, 175.44, 378.08, 1.79658
_11797_, 175.44, 378.08, 1.79658
FILLER_0_134_359, 175.44, 378.08, 1.79658
FILLER_0_134_365, 175.44, 378.08, 1.79658
FILLER_0_136_383, 175.44, 378.08, 1.79658
_11798_, 175.44, 372.64, 1.79656
_11799_, 175.44, 372.64, 1.79656
_11818_, 175.44, 372.64, 1.79656
_11819_, 175.44, 372.64, 1.79656
_13010_, 175.44, 372.64, 1.79656
_13255_, 175.44, 372.64, 1.79656
FILLER_0_133_369, 175.44, 372.64, 1.79656
_11774_, 175.44, 367.2, 1.79648
_11820_, 175.44, 367.2, 1.79648
_11852_, 175.44, 367.2, 1.79648
fanout95, 175.44, 367.2, 1.79648
FILLER_0_130_358, 175.44, 367.2, 1.79648
FILLER_0_131_359, 175.44, 367.2, 1.79648
FILLER_0_131_375, 175.44, 367.2, 1.79648
_11802_, 175.44, 361.76, 1.79649
_11803_, 175.44, 361.76, 1.79649
_11804_, 175.44, 361.76, 1.79649
_11841_, 175.44, 361.76, 1.79649
FILLER_0_129_358, 175.44, 361.76, 1.79649
FILLER_0_129_383, 175.44, 361.76, 1.79649
FILLER_0_130_372, 175.44, 361.76, 1.79649
_11842_, 175.44, 356.32, 1.79653
_11843_, 175.44, 356.32, 1.79653
_11851_, 175.44, 356.32, 1.79653
FILLER_0_128_378, 175.44, 356.32, 1.79653
_11876_, 175.44, 350.88, 1.7965
_13246_, 175.44, 350.88, 1.7965
_13247_, 175.44, 350.88, 1.7965
_13250_, 175.44, 350.88, 1.7965
_13252_, 175.44, 350.88, 1.7965
FILLER_0_124_358, 175.44, 350.88, 1.7965
FILLER_0_124_365, 175.44, 350.88, 1.7965
_11845_, 175.44, 345.44, 1.79649
_11849_, 175.44, 345.44, 1.79649
_13254_, 175.44, 345.44, 1.79649
_13257_, 175.44, 345.44, 1.79649
FILLER_0_123_356, 175.44, 345.44, 1.79649
FILLER_0_123_362, 175.44, 345.44, 1.79649
FILLER_0_123_381, 175.44, 345.44, 1.79649
FILLER_0_124_371, 175.44, 345.44, 1.79649
_11846_, 175.44, 340, 1.79649
_11848_, 175.44, 340, 1.79649
_11850_, 175.44, 340, 1.79649
_11870_, 175.44, 340, 1.79649
_11882_, 175.44, 340, 1.79649
FILLER_0_121_376, 175.44, 340, 1.79649
_11847_, 175.44, 334.56, 1.79651
_11881_, 175.44, 334.56, 1.79651
FILLER_0_119_361, 175.44, 334.56, 1.79651
_13256_, 175.44, 329.12, 1.79649
_13258_, 175.44, 329.12, 1.79649
_17118_, 175.44, 329.12, 1.79649
clkbuf_leaf_13_clk, 175.44, 329.12, 1.79649
hold301, 175.44, 329.12, 1.79649
FILLER_0_116_361, 175.44, 329.12, 1.79649
FILLER_0_116_365, 175.44, 329.12, 1.79649
_17119_, 175.44, 323.68, 1.79658
FILLER_0_114_357, 175.44, 323.68, 1.79658
FILLER_0_115_373, 175.44, 323.68, 1.79658
FILLER_0_112_357, 175.44, 318.24, 1.79665
FILLER_0_110_357, 175.44, 312.8, 1.7966
FILLER_0_108_357, 175.44, 307.36, 1.79675
FILLER_0_106_357, 175.44, 301.92, 1.79679
FILLER_0_104_357, 175.44, 296.48, 1.79687
FILLER_0_102_357, 175.44, 291.04, 1.79695
FILLER_0_100_357, 175.44, 285.6, 1.79697
FILLER_0_100_365, 175.44, 285.6, 1.79697
_13675_, 175.44, 280.16, 1.79706
_13676_, 175.44, 280.16, 1.79706
_17276_, 175.44, 280.16, 1.79706
FILLER_0_98_357, 175.44, 280.16, 1.79706
FILLER_0_99_373, 175.44, 280.16, 1.79706
_17275_, 175.44, 274.72, 1.79715
FILLER_0_96_357, 175.44, 274.72, 1.79715
FILLER_0_97_373, 175.44, 274.72, 1.79715
_13673_, 175.44, 269.28, 1.79725
FILLER_0_94_357, 175.44, 269.28, 1.79725
FILLER_0_96_377, 175.44, 269.28, 1.79725
_17083_, 175.44, 263.84, 1.79732
FILLER_0_92_357, 175.44, 263.84, 1.79732
FILLER_0_94_377, 175.44, 263.84, 1.79732
FILLER_0_90_357, 175.44, 258.4, 1.79741
FILLER_0_88_357, 175.44, 252.96, 1.79744
FILLER_0_86_357, 175.44, 247.52, 1.79761
FILLER_0_84_357, 175.44, 242.08, 1.7977
FILLER_0_84_365, 175.44, 242.08, 1.7977
_14477_, 175.44, 236.64, 1.7978
_17465_, 175.44, 236.64, 1.7978
FILLER_0_82_357, 175.44, 236.64, 1.7978
FILLER_0_83_373, 175.44, 236.64, 1.7978
FILLER_0_83_383, 175.44, 236.64, 1.7978
FILLER_0_84_373, 175.44, 236.64, 1.7978
FILLER_0_80_357, 175.44, 231.2, 1.79789
FILLER_0_78_357, 175.44, 225.76, 1.79803
FILLER_0_76_357, 175.44, 220.32, 1.79814
FILLER_0_74_357, 175.44, 214.88, 1.79827
_17341_, 175.44, 209.44, 1.79838
FILLER_0_72_357, 175.44, 209.44, 1.79838
FILLER_0_74_377, 175.44, 209.44, 1.79838
FILLER_0_70_357, 175.44, 204, 1.79853
_17340_, 175.44, 198.56, 1.79867
FILLER_0_68_357, 175.44, 198.56, 1.79867
FILLER_0_70_377, 175.44, 198.56, 1.79867
_17339_, 175.44, 193.12, 1.79879
FILLER_0_66_357, 175.44, 193.12, 1.79879
FILLER_0_67_373, 175.44, 193.12, 1.79879
FILLER_0_64_357, 175.44, 187.68, 1.79898
FILLER_0_66_377, 175.44, 187.68, 1.79898
_17338_, 175.44, 182.24, 1.7991
FILLER_0_62_357, 175.44, 182.24, 1.7991
FILLER_0_63_373, 175.44, 182.24, 1.7991
FILLER_0_64_377, 175.44, 182.24, 1.7991
FILLER_0_60_357, 175.44, 176.8, 1.79908
FILLER_0_58_357, 175.44, 171.36, 1.7989
FILLER_0_56_357, 175.44, 165.92, 1.7988
FILLER_0_54_357, 175.44, 160.48, 1.79871
FILLER_0_52_357, 175.44, 155.04, 1.79856
_13419_, 175.44, 149.6, 1.79851
_17185_, 175.44, 149.6, 1.79851
FILLER_0_50_357, 175.44, 149.6, 1.79851
FILLER_0_51_373, 175.44, 149.6, 1.79851
_17089_, 175.44, 144.16, 1.79839
FILLER_0_48_357, 175.44, 144.16, 1.79839
FILLER_0_49_373, 175.44, 144.16, 1.79839
_13008_, 175.44, 138.72, 1.79831
FILLER_0_46_357, 175.44, 138.72, 1.79831
FILLER_0_48_377, 175.44, 138.72, 1.79831
_17088_, 175.44, 133.28, 1.79825
FILLER_0_44_357, 175.44, 133.28, 1.79825
_13004_, 175.44, 127.84, 1.79817
_13005_, 175.44, 127.84, 1.79817
_17184_, 175.44, 127.84, 1.79817
FILLER_0_42_357, 175.44, 127.84, 1.79817
FILLER_0_42_365, 175.44, 127.84, 1.79817
FILLER_0_43_361, 175.44, 127.84, 1.79817
_13416_, 175.44, 122.4, 1.79809
_13417_, 175.44, 122.4, 1.79809
FILLER_0_40_357, 175.44, 122.4, 1.79809
FILLER_0_42_373, 175.44, 122.4, 1.79809
FILLER_0_42_379, 175.44, 122.4, 1.79809
_17182_, 175.44, 116.96, 1.79799
FILLER_0_38_357, 175.44, 116.96, 1.79799
FILLER_0_39_373, 175.44, 116.96, 1.79799
_13413_, 175.44, 111.52, 1.79796
FILLER_0_36_357, 175.44, 111.52, 1.79796
FILLER_0_38_377, 175.44, 111.52, 1.79796
_13000_, 175.44, 106.08, 1.79791
_17086_, 175.44, 106.08, 1.79791
FILLER_0_34_357, 175.44, 106.08, 1.79791
FILLER_0_35_373, 175.44, 106.08, 1.79791
FILLER_0_32_357, 175.44, 100.64, 1.79784
FILLER_0_33_373, 175.44, 100.64, 1.79784
FILLER_0_33_381, 175.44, 100.64, 1.79784
_13002_, 175.44, 95.2, 1.79779
_17087_, 175.44, 95.2, 1.79779
FILLER_0_30_357, 175.44, 95.2, 1.79779
FILLER_0_31_373, 175.44, 95.2, 1.79779
FILLER_0_28_357, 175.44, 89.76, 1.79769
FILLER_0_26_357, 175.44, 84.32, 1.7977
FILLER_0_24_357, 175.44, 78.88, 1.79763
FILLER_0_22_357, 175.44, 73.44, 1.79759
FILLER_0_20_357, 175.44, 68, 1.79757
FILLER_0_18_357, 175.44, 62.56, 1.79752
FILLER_0_16_357, 175.44, 57.12, 1.79751
FILLER_0_14_357, 175.44, 51.68, 1.79749
FILLER_0_12_357, 175.44, 46.24, 1.79747
FILLER_0_10_357, 175.44, 40.8, 1.79747
FILLER_0_8_357, 175.44, 35.36, 1.79745
FILLER_0_6_357, 175.44, 29.92, 1.79744
FILLER_0_4_357, 175.44, 24.48, 1.79743
FILLER_0_2_357, 175.44, 19.04, 1.79743
FILLER_0_0_361, 175.44, 13.6, 1.79742
input11, 21.84, 639.2, 1.79767
FILLER_0_231_41, 21.84, 639.2, 1.79767
FILLER_0_231_49, 21.84, 639.2, 1.79767
FILLER_0_211_45, 21.84, 584.8, 1.79778
FILLER_0_199_45, 21.84, 552.16, 1.79785
FILLER_0_187_45, 21.84, 519.52, 1.79791
_12575_, 21.84, 503.2, 1.79787
_12576_, 21.84, 503.2, 1.79787
_16922_, 21.84, 503.2, 1.79787
_16923_, 21.84, 503.2, 1.79787
FILLER_0_181_39, 21.84, 503.2, 1.79787
hold459, 21.84, 497.76, 1.79794
FILLER_0_179_30, 21.84, 497.76, 1.79794
_12463_, 21.84, 492.32, 1.79795
_16522_, 21.84, 492.32, 1.79795
_16874_, 21.84, 492.32, 1.79795
hold270, 21.84, 492.32, 1.79795
_12219_, 21.84, 486.88, 1.79797
_12462_, 21.84, 486.88, 1.79797
_16890_, 21.84, 486.88, 1.79797
hold239, 21.84, 486.88, 1.79797
_12499_, 21.84, 481.44, 1.79785
_13177_, 21.84, 481.44, 1.79785
FILLER_0_173_28, 21.84, 481.44, 1.79785
_12501_, 21.84, 476, 1.79771
_16891_, 21.84, 476, 1.79771
hold357, 21.84, 476, 1.79771
FILLER_0_172_41, 21.84, 476, 1.79771
_12464_, 21.84, 470.56, 1.79764
_12465_, 21.84, 470.56, 1.79764
_16523_, 21.84, 470.56, 1.79764
_16875_, 21.84, 470.56, 1.79764
hold227, 21.84, 470.56, 1.79764
FILLER_0_169_32, 21.84, 470.56, 1.79764
_13191_, 21.84, 465.12, 1.7975
hold99, 21.84, 465.12, 1.7975
hold203, 21.84, 465.12, 1.7975
FILLER_0_167_39, 21.84, 465.12, 1.7975
_12221_, 21.84, 459.68, 1.7975
_12222_, 21.84, 459.68, 1.7975
_13183_, 21.84, 459.68, 1.7975
FILLER_0_165_49, 21.84, 459.68, 1.7975
_12173_, 21.84, 454.24, 1.79743
_12174_, 21.84, 454.24, 1.79743
_16763_, 21.84, 454.24, 1.79743
hold201, 21.84, 454.24, 1.79743
FILLER_0_164_41, 21.84, 454.24, 1.79743
_12505_, 21.84, 448.8, 1.79729
_16939_, 21.84, 448.8, 1.79729
clkbuf_leaf_35_clk, 21.84, 448.8, 1.79729
FILLER_0_161_28, 21.84, 448.8, 1.79729
FILLER_0_162_45, 21.84, 448.8, 1.79729
_12469_, 21.84, 443.36, 1.79727
_16877_, 21.84, 443.36, 1.79727
hold351, 21.84, 443.36, 1.79727
FILLER_0_159_36, 21.84, 443.36, 1.79727
_12231_, 21.84, 437.92, 1.79718
_12468_, 21.84, 437.92, 1.79718
_16781_, 21.84, 437.92, 1.79718
FILLER_0_157_32, 21.84, 437.92, 1.79718
FILLER_0_158_41, 21.84, 437.92, 1.79718
_12616_, 21.84, 432.48, 1.79712
clkbuf_leaf_34_clk, 21.84, 432.48, 1.79712
FILLER_0_156_45, 21.84, 432.48, 1.79712
_12230_, 21.84, 427.04, 1.79705
_13215_, 21.84, 427.04, 1.79705
hold155, 21.84, 427.04, 1.79705
FILLER_0_152_29, 21.84, 427.04, 1.79705
FILLER_0_154_49, 21.84, 427.04, 1.79705
_12435_, 21.84, 421.6, 1.79704
hold205, 21.84, 421.6, 1.79704
FILLER_0_152_42, 21.84, 421.6, 1.79704
_13021_, 21.84, 416.16, 1.79695
_16510_, 21.84, 416.16, 1.79695
FILLER_0_150_38, 21.84, 416.16, 1.79695
_09583_, 21.84, 410.72, 1.79693
_09584_, 21.84, 410.72, 1.79693
_16814_, 21.84, 410.72, 1.79693
FILLER_0_148_44, 21.84, 410.72, 1.79693
_12306_, 21.84, 405.28, 1.79683
_12309_, 21.84, 405.28, 1.79683
_16526_, 21.84, 405.28, 1.79683
hold636, 21.84, 405.28, 1.79683
_16512_, 21.84, 399.84, 1.79678
_16864_, 21.84, 399.84, 1.79678
hold341, 21.84, 399.84, 1.79678
FILLER_0_142_29, 21.84, 399.84, 1.79678
_12438_, 21.84, 394.4, 1.79681
hold187, 21.84, 394.4, 1.79681
FILLER_0_141_35, 21.84, 394.4, 1.79681
_09589_, 21.84, 388.96, 1.79678
_12437_, 21.84, 388.96, 1.79678
hold339, 21.84, 388.96, 1.79678
FILLER_0_139_49, 21.84, 388.96, 1.79678
FILLER_0_140_44, 21.84, 388.96, 1.79678
_09586_, 21.84, 383.52, 1.79676
FILLER_0_136_29, 21.84, 383.52, 1.79676
FILLER_0_137_39, 21.84, 383.52, 1.79676
_09587_, 21.84, 378.08, 1.79669
_12511_, 21.84, 378.08, 1.79669
_16511_, 21.84, 378.08, 1.79669
hold577, 21.84, 378.08, 1.79669
_12275_, 21.84, 372.64, 1.79667
_16800_, 21.84, 372.64, 1.79667
clkbuf_leaf_29_clk, 21.84, 372.64, 1.79667
hold309, 21.84, 372.64, 1.79667
FILLER_0_133_27, 21.84, 372.64, 1.79667
FILLER_0_134_38, 21.84, 372.64, 1.79667
_10197_, 21.84, 367.2, 1.7967
_12276_, 21.84, 367.2, 1.7967
_16656_, 21.84, 367.2, 1.7967
FILLER_0_131_32, 21.84, 367.2, 1.7967
_12273_, 21.84, 361.76, 1.79663
_12274_, 21.84, 361.76, 1.79663
hold167, 21.84, 361.76, 1.79663
FILLER_0_129_27, 21.84, 361.76, 1.79663
_13049_, 21.84, 356.32, 1.7967
clkbuf_leaf_28_clk, 21.84, 356.32, 1.7967
_10195_, 21.84, 350.88, 1.79671
_10196_, 21.84, 350.88, 1.79671
_16655_, 21.84, 350.88, 1.79671
hold194, 21.84, 350.88, 1.79671
FILLER_0_124_29, 21.84, 350.88, 1.79671
FILLER_0_125_27, 21.84, 350.88, 1.79671
_16847_, 21.84, 345.44, 1.79673
FILLER_0_115_45, 21.84, 323.68, 1.79691
FILLER_0_91_45, 21.84, 258.4, 1.79759
FILLER_0_67_45, 21.84, 193.12, 1.79838
FILLER_0_55_45, 21.84, 160.48, 1.7984
FILLER_0_45_49, 21.84, 133.28, 1.79822
FILLER_0_31_45, 21.84, 95.2, 1.79798
FILLER_0_7_45, 21.84, 29.92, 1.79768
PHY_460, 5.52, 639.2, 1.79767
PHY_462, 5.52, 639.2, 1.79767
output53, 5.52, 639.2, 1.79767
FILLER_0_231_21, 13.68, 639.2, 1.79767
FILLER_0_231_81, 47.44, 639.2, 1.79764
output77, 60.24, 639.2, 1.79763
FILLER_0_231_109, 60.24, 639.2, 1.79763
FILLER_0_231_131, 60.24, 639.2, 1.79763
FILLER_0_230_133, 73.04, 639.2, 1.79762
output34, 85.84, 639.2, 1.7976
FILLER_0_231_165, 85.84, 639.2, 1.7976
FILLER_0_231_169, 85.84, 639.2, 1.7976
FILLER_0_230_189, 98.64, 639.2, 1.79759
FILLER_0_231_221, 111.44, 639.2, 1.79758
output68, 124.24, 639.2, 1.79758
ANTENNA_168, 124.24, 639.2, 1.79758
FILLER_0_230_245, 124.24, 639.2, 1.79758
FILLER_0_231_249, 124.24, 639.2, 1.79758
FILLER_0_231_275, 137.04, 639.2, 1.79757
output78, 149.84, 639.2, 1.79756
FILLER_0_230_301, 149.84, 639.2, 1.79756
FILLER_0_231_305, 149.84, 639.2, 1.79756
FILLER_0_231_329, 162.64, 639.2, 1.79756
FILLER_0_231_385, 188.24, 639.2, 1.79752
FILLER_0_230_413, 201.04, 639.2, 1.79749
FILLER_0_231_417, 201.04, 639.2, 1.79749
_08282_, 213.84, 639.2, 1.79746
output59, 213.84, 639.2, 1.79746
FILLER_0_231_445, 213.84, 639.2, 1.79746
FILLER_0_230_473, 226.64, 639.2, 1.79743
FILLER_0_231_467, 226.64, 639.2, 1.79743
input13, 239.44, 639.2, 1.79739
FILLER_0_231_501, 239.44, 639.2, 1.79739
FILLER_0_231_505, 239.44, 639.2, 1.79739
FILLER_0_230_525, 252.24, 639.2, 1.79736
input23, 265.04, 639.2, 1.79733
FILLER_0_231_557, 265.04, 639.2, 1.79733
FILLER_0_231_573, 265.04, 639.2, 1.79733
_08339_, 277.84, 639.2, 1.79731
FILLER_0_230_581, 277.84, 639.2, 1.79731
FILLER_0_231_583, 277.84, 639.2, 1.79731
FILLER_0_231_613, 290.64, 639.2, 1.79728
input19, 303.44, 639.2, 1.79725
FILLER_0_231_641, 303.44, 639.2, 1.79725
FILLER_0_231_665, 316.24, 639.2, 1.79722
FILLER_0_231_723, 341.84, 639.2, 1.79717
FILLER_0_230_749, 354.64, 639.2, 1.79715
FILLER_0_231_753, 354.64, 639.2, 1.79715
_08308_, 367.44, 639.2, 1.79712
output40, 367.44, 639.2, 1.79712
FILLER_0_231_781, 367.44, 639.2, 1.79712
FILLER_0_230_809, 380.24, 639.2, 1.7971
FILLER_0_231_803, 380.24, 639.2, 1.7971
output55, 393.04, 639.2, 1.79708
FILLER_0_230_837, 393.04, 639.2, 1.79708
FILLER_0_231_837, 393.04, 639.2, 1.79708
FILLER_0_231_841, 393.04, 639.2, 1.79708
FILLER_0_230_858, 405.84, 639.2, 1.79706
FILLER_0_231_893, 418.64, 639.2, 1.79703
FILLER_0_231_909, 418.64, 639.2, 1.79703
input24, 431.44, 639.2, 1.79701
FILLER_0_230_917, 431.44, 639.2, 1.79701
FILLER_0_231_919, 431.44, 639.2, 1.79701
FILLER_0_231_949, 444.24, 639.2, 1.79699
output63, 457.04, 639.2, 1.79697
FILLER_0_230_973, 457.04, 639.2, 1.79697
FILLER_0_231_977, 457.04, 639.2, 1.79697
FILLER_0_231_1001, 469.84, 639.2, 1.79696
output41, 495.44, 639.2, 1.79692
FILLER_0_231_1059, 495.44, 639.2, 1.79692
FILLER_0_230_1085, 508.24, 639.2, 1.79691
FILLER_0_231_1089, 508.24, 639.2, 1.79691
output76, 521.04, 639.2, 1.79689
FILLER_0_231_1117, 521.04, 639.2, 1.79689
FILLER_0_230_1141, 533.84, 639.2, 1.79688
FILLER_0_231_1139, 533.84, 639.2, 1.79688
output75, 546.64, 639.2, 1.79687
ANTENNA_223, 546.64, 639.2, 1.79687
FILLER_0_231_1173, 546.64, 639.2, 1.79687
FILLER_0_231_1177, 546.64, 639.2, 1.79687
ANTENNA_224, 559.44, 639.2, 1.79686
ANTENNA_225, 559.44, 639.2, 1.79686
FILLER_0_230_1197, 559.44, 639.2, 1.79686
FILLER_0_231_1200, 559.44, 639.2, 1.79686
FILLER_0_231_1229, 572.24, 639.2, 1.79685
FILLER_0_230_1253, 585.04, 639.2, 1.79685
FILLER_0_231_1257, 585.04, 639.2, 1.79685
FILLER_0_231_1285, 597.84, 639.2, 1.79684
input25, 610.64, 639.2, 1.79683
FILLER_0_230_1309, 610.64, 639.2, 1.79683
FILLER_0_231_1313, 610.64, 639.2, 1.79683
FILLER_0_231_1337, 623.44, 639.2, 1.79682
FILLER_0_231_1357, 623.44, 639.2, 1.79682
PHY_456, 5.52, 633.76, 1.79769
PHY_458, 5.52, 633.76, 1.79769
FILLER_0_229_51, 34.64, 633.76, 1.79768
FILLER_0_230_77, 34.64, 633.76, 1.79768
FILLER_0_229_105, 47.44, 633.76, 1.79767
FILLER_0_228_133, 73.04, 633.76, 1.79765
FILLER_0_229_161, 85.84, 633.76, 1.79764
FILLER_0_228_189, 98.64, 633.76, 1.79763
FILLER_0_229_217, 111.44, 633.76, 1.79762
FILLER_0_228_245, 124.24, 633.76, 1.79762
FILLER_0_229_273, 137.04, 633.76, 1.79761
FILLER_0_228_301, 149.84, 633.76, 1.7976
FILLER_0_229_329, 162.64, 633.76, 1.79759
FILLER_0_229_385, 188.24, 633.76, 1.79755
FILLER_0_228_413, 201.04, 633.76, 1.79752
FILLER_0_229_441, 213.84, 633.76, 1.79749
FILLER_0_228_469, 226.64, 633.76, 1.79745
FILLER_0_229_497, 239.44, 633.76, 1.79742
FILLER_0_228_525, 252.24, 633.76, 1.79739
FILLER_0_229_553, 265.04, 633.76, 1.79736
FILLER_0_228_581, 277.84, 633.76, 1.79733
FILLER_0_229_609, 290.64, 633.76, 1.7973
FILLER_0_228_637, 303.44, 633.76, 1.79727
FILLER_0_229_665, 316.24, 633.76, 1.79724
FILLER_0_229_721, 341.84, 633.76, 1.79718
FILLER_0_228_749, 354.64, 633.76, 1.79716
FILLER_0_229_777, 367.44, 633.76, 1.79714
FILLER_0_228_805, 380.24, 633.76, 1.79712
_08349_, 393.04, 633.76, 1.79709
FILLER_0_229_833, 393.04, 633.76, 1.79709
FILLER_0_228_861, 405.84, 633.76, 1.79707
FILLER_0_229_889, 418.64, 633.76, 1.79705
FILLER_0_228_917, 431.44, 633.76, 1.79703
FILLER_0_229_945, 444.24, 633.76, 1.79701
FILLER_0_228_973, 457.04, 633.76, 1.79698
FILLER_0_229_1001, 469.84, 633.76, 1.79696
FILLER_0_229_1057, 495.44, 633.76, 1.79693
FILLER_0_228_1085, 508.24, 633.76, 1.79692
FILLER_0_229_1113, 521.04, 633.76, 1.79691
FILLER_0_228_1141, 533.84, 633.76, 1.7969
FILLER_0_229_1169, 546.64, 633.76, 1.79689
FILLER_0_228_1197, 559.44, 633.76, 1.79688
FILLER_0_229_1225, 572.24, 633.76, 1.79687
FILLER_0_228_1253, 585.04, 633.76, 1.79686
FILLER_0_229_1281, 597.84, 633.76, 1.79685
FILLER_0_228_1309, 610.64, 633.76, 1.79684
FILLER_0_229_1337, 623.44, 633.76, 1.79683
PHY_452, 5.52, 628.32, 1.7977
PHY_454, 5.52, 628.32, 1.7977
FILLER_0_227_51, 34.64, 628.32, 1.79769
FILLER_0_228_77, 34.64, 628.32, 1.79769
FILLER_0_227_105, 47.44, 628.32, 1.79768
FILLER_0_226_133, 73.04, 628.32, 1.79766
FILLER_0_227_161, 85.84, 628.32, 1.79765
FILLER_0_226_189, 98.64, 628.32, 1.79765
FILLER_0_227_217, 111.44, 628.32, 1.79764
FILLER_0_226_245, 124.24, 628.32, 1.79763
FILLER_0_227_273, 137.04, 628.32, 1.79762
FILLER_0_226_301, 149.84, 628.32, 1.79761
FILLER_0_227_329, 162.64, 628.32, 1.7976
FILLER_0_227_385, 188.24, 628.32, 1.79756
FILLER_0_226_413, 201.04, 628.32, 1.79753
FILLER_0_227_441, 213.84, 628.32, 1.7975
FILLER_0_226_469, 226.64, 628.32, 1.79746
FILLER_0_227_497, 239.44, 628.32, 1.79743
FILLER_0_226_525, 252.24, 628.32, 1.7974
FILLER_0_227_553, 265.04, 628.32, 1.79736
FILLER_0_226_581, 277.84, 628.32, 1.79733
FILLER_0_227_609, 290.64, 628.32, 1.7973
FILLER_0_226_637, 303.44, 628.32, 1.79727
FILLER_0_227_665, 316.24, 628.32, 1.79723
FILLER_0_227_721, 341.84, 628.32, 1.79718
FILLER_0_226_749, 354.64, 628.32, 1.79716
FILLER_0_227_777, 367.44, 628.32, 1.79713
FILLER_0_226_805, 380.24, 628.32, 1.79711
FILLER_0_227_833, 393.04, 628.32, 1.79709
FILLER_0_226_861, 405.84, 628.32, 1.79707
FILLER_0_227_889, 418.64, 628.32, 1.79704
FILLER_0_226_917, 431.44, 628.32, 1.79702
FILLER_0_227_945, 444.24, 628.32, 1.797
FILLER_0_226_973, 457.04, 628.32, 1.79698
FILLER_0_227_1001, 469.84, 628.32, 1.79695
FILLER_0_227_1057, 495.44, 628.32, 1.79692
FILLER_0_226_1085, 508.24, 628.32, 1.79691
FILLER_0_227_1113, 521.04, 628.32, 1.7969
FILLER_0_226_1141, 533.84, 628.32, 1.79689
FILLER_0_227_1169, 546.64, 628.32, 1.79688
FILLER_0_226_1197, 559.44, 628.32, 1.79687
FILLER_0_227_1225, 572.24, 628.32, 1.79686
FILLER_0_226_1253, 585.04, 628.32, 1.79685
FILLER_0_227_1281, 597.84, 628.32, 1.79684
FILLER_0_226_1309, 610.64, 628.32, 1.79683
FILLER_0_227_1337, 623.44, 628.32, 1.79682
PHY_448, 5.52, 622.88, 1.79771
PHY_450, 5.52, 622.88, 1.79771
FILLER_0_225_51, 34.64, 622.88, 1.7977
FILLER_0_226_77, 34.64, 622.88, 1.7977
FILLER_0_225_105, 47.44, 622.88, 1.79769
FILLER_0_224_133, 73.04, 622.88, 1.79767
FILLER_0_225_161, 85.84, 622.88, 1.79767
FILLER_0_224_189, 98.64, 622.88, 1.79766
FILLER_0_225_217, 111.44, 622.88, 1.79765
FILLER_0_224_245, 124.24, 622.88, 1.79764
FILLER_0_225_273, 137.04, 622.88, 1.79763
FILLER_0_224_301, 149.84, 622.88, 1.79762
FILLER_0_225_329, 162.64, 622.88, 1.79762
FILLER_0_225_385, 188.24, 622.88, 1.79757
FILLER_0_224_413, 201.04, 622.88, 1.79754
FILLER_0_225_441, 213.84, 622.88, 1.79751
FILLER_0_224_469, 226.64, 622.88, 1.79747
FILLER_0_225_497, 239.44, 622.88, 1.79744
FILLER_0_224_525, 252.24, 622.88, 1.7974
FILLER_0_225_553, 265.04, 622.88, 1.79737
FILLER_0_224_581, 277.84, 622.88, 1.79733
FILLER_0_225_609, 290.64, 622.88, 1.7973
FILLER_0_224_637, 303.44, 622.88, 1.79726
FILLER_0_225_665, 316.24, 622.88, 1.79723
FILLER_0_225_721, 341.84, 622.88, 1.79717
FILLER_0_224_749, 354.64, 622.88, 1.79715
FILLER_0_225_777, 367.44, 622.88, 1.79713
FILLER_0_224_805, 380.24, 622.88, 1.7971
FILLER_0_225_833, 393.04, 622.88, 1.79708
FILLER_0_224_861, 405.84, 622.88, 1.79706
FILLER_0_225_889, 418.64, 622.88, 1.79704
FILLER_0_224_917, 431.44, 622.88, 1.79701
FILLER_0_225_945, 444.24, 622.88, 1.79699
FILLER_0_224_973, 457.04, 622.88, 1.79697
FILLER_0_225_1001, 469.84, 622.88, 1.79694
FILLER_0_225_1057, 495.44, 622.88, 1.79691
FILLER_0_224_1085, 508.24, 622.88, 1.7969
FILLER_0_225_1113, 521.04, 622.88, 1.79689
FILLER_0_224_1141, 533.84, 622.88, 1.79688
FILLER_0_225_1169, 546.64, 622.88, 1.79687
FILLER_0_224_1197, 559.44, 622.88, 1.79686
FILLER_0_225_1225, 572.24, 622.88, 1.79685
FILLER_0_224_1253, 585.04, 622.88, 1.79684
FILLER_0_225_1281, 597.84, 622.88, 1.79683
FILLER_0_224_1309, 610.64, 622.88, 1.79682
FILLER_0_225_1337, 623.44, 622.88, 1.79681
FILLER_0_225_1357, 623.44, 622.88, 1.79681
PHY_444, 5.52, 617.44, 1.79771
PHY_446, 5.52, 617.44, 1.79771
output52, 5.52, 617.44, 1.79771
FILLER_0_224_21, 13.68, 617.44, 1.79771
FILLER_0_223_51, 34.64, 617.44, 1.79771
FILLER_0_224_77, 34.64, 617.44, 1.79771
FILLER_0_223_105, 47.44, 617.44, 1.7977
FILLER_0_222_133, 73.04, 617.44, 1.79768
FILLER_0_223_161, 85.84, 617.44, 1.79768
FILLER_0_222_189, 98.64, 617.44, 1.79767
FILLER_0_223_217, 111.44, 617.44, 1.79766
FILLER_0_222_245, 124.24, 617.44, 1.79765
FILLER_0_223_273, 137.04, 617.44, 1.79765
FILLER_0_222_301, 149.84, 617.44, 1.79764
FILLER_0_223_329, 162.64, 617.44, 1.79763
FILLER_0_223_385, 188.24, 617.44, 1.79759
FILLER_0_222_413, 201.04, 617.44, 1.79755
FILLER_0_223_441, 213.84, 617.44, 1.79752
FILLER_0_222_469, 226.64, 617.44, 1.79748
FILLER_0_223_497, 239.44, 617.44, 1.79744
FILLER_0_222_525, 252.24, 617.44, 1.79741
FILLER_0_223_553, 265.04, 617.44, 1.79737
FILLER_0_222_581, 277.84, 617.44, 1.79733
_08334_, 290.64, 617.44, 1.7973
FILLER_0_222_613, 290.64, 617.44, 1.7973
FILLER_0_223_609, 290.64, 617.44, 1.7973
FILLER_0_222_641, 303.44, 617.44, 1.79726
FILLER_0_223_665, 316.24, 617.44, 1.79723
FILLER_0_223_721, 341.84, 617.44, 1.79717
FILLER_0_222_749, 354.64, 617.44, 1.79714
FILLER_0_223_777, 367.44, 617.44, 1.79712
FILLER_0_222_805, 380.24, 617.44, 1.7971
FILLER_0_223_833, 393.04, 617.44, 1.79707
FILLER_0_222_861, 405.84, 617.44, 1.79705
FILLER_0_223_889, 418.64, 617.44, 1.79703
FILLER_0_222_917, 431.44, 617.44, 1.79701
FILLER_0_223_945, 444.24, 617.44, 1.79698
FILLER_0_222_973, 457.04, 617.44, 1.79696
FILLER_0_223_1001, 469.84, 617.44, 1.79694
FILLER_0_223_1057, 495.44, 617.44, 1.7969
FILLER_0_222_1085, 508.24, 617.44, 1.79689
FILLER_0_223_1113, 521.04, 617.44, 1.79688
FILLER_0_222_1141, 533.84, 617.44, 1.79687
FILLER_0_223_1169, 546.64, 617.44, 1.79686
FILLER_0_222_1197, 559.44, 617.44, 1.79685
FILLER_0_223_1225, 572.24, 617.44, 1.79684
FILLER_0_222_1253, 585.04, 617.44, 1.79683
FILLER_0_223_1281, 597.84, 617.44, 1.79682
FILLER_0_222_1309, 610.64, 617.44, 1.79681
FILLER_0_223_1337, 623.44, 617.44, 1.7968
PHY_440, 5.52, 612, 1.79773
PHY_442, 5.52, 612, 1.79773
FILLER_0_221_51, 34.64, 612, 1.79772
FILLER_0_222_77, 34.64, 612, 1.79772
FILLER_0_221_105, 47.44, 612, 1.79771
FILLER_0_220_133, 73.04, 612, 1.7977
FILLER_0_221_161, 85.84, 612, 1.79769
FILLER_0_220_189, 98.64, 612, 1.79768
FILLER_0_221_217, 111.44, 612, 1.79768
FILLER_0_220_245, 124.24, 612, 1.79767
FILLER_0_221_273, 137.04, 612, 1.79766
FILLER_0_220_301, 149.84, 612, 1.79766
FILLER_0_221_329, 162.64, 612, 1.79765
FILLER_0_221_385, 188.24, 612, 1.7976
FILLER_0_220_413, 201.04, 612, 1.79757
FILLER_0_221_441, 213.84, 612, 1.79753
FILLER_0_220_469, 226.64, 612, 1.79749
FILLER_0_221_497, 239.44, 612, 1.79745
FILLER_0_220_525, 252.24, 612, 1.79741
FILLER_0_221_553, 265.04, 612, 1.79738
FILLER_0_220_581, 277.84, 612, 1.79734
FILLER_0_221_609, 290.64, 612, 1.7973
FILLER_0_222_633, 290.64, 612, 1.7973
FILLER_0_220_637, 303.44, 612, 1.79726
FILLER_0_221_665, 316.24, 612, 1.79722
FILLER_0_221_721, 341.84, 612, 1.79716
FILLER_0_220_749, 354.64, 612, 1.79714
FILLER_0_221_777, 367.44, 612, 1.79712
FILLER_0_220_805, 380.24, 612, 1.79709
FILLER_0_221_833, 393.04, 612, 1.79707
FILLER_0_220_861, 405.84, 612, 1.79704
FILLER_0_221_889, 418.64, 612, 1.79702
FILLER_0_220_917, 431.44, 612, 1.797
FILLER_0_221_945, 444.24, 612, 1.79697
FILLER_0_220_973, 457.04, 612, 1.79695
FILLER_0_221_1001, 469.84, 612, 1.79693
FILLER_0_221_1057, 495.44, 612, 1.79689
FILLER_0_220_1085, 508.24, 612, 1.79688
FILLER_0_221_1113, 521.04, 612, 1.79687
FILLER_0_220_1141, 533.84, 612, 1.79686
FILLER_0_221_1169, 546.64, 612, 1.79685
FILLER_0_220_1197, 559.44, 612, 1.79684
FILLER_0_221_1225, 572.24, 612, 1.79683
FILLER_0_220_1253, 585.04, 612, 1.79682
FILLER_0_221_1281, 597.84, 612, 1.79681
FILLER_0_220_1309, 610.64, 612, 1.79681
FILLER_0_221_1337, 623.44, 612, 1.7968
PHY_436, 5.52, 606.56, 1.79774
PHY_438, 5.52, 606.56, 1.79774
FILLER_0_219_51, 34.64, 606.56, 1.79773
FILLER_0_220_77, 34.64, 606.56, 1.79773
FILLER_0_219_105, 47.44, 606.56, 1.79772
FILLER_0_218_133, 73.04, 606.56, 1.79771
FILLER_0_219_161, 85.84, 606.56, 1.7977
FILLER_0_218_189, 98.64, 606.56, 1.7977
FILLER_0_219_217, 111.44, 606.56, 1.79769
FILLER_0_218_245, 124.24, 606.56, 1.79768
FILLER_0_219_273, 137.04, 606.56, 1.79768
FILLER_0_218_301, 149.84, 606.56, 1.79767
FILLER_0_219_329, 162.64, 606.56, 1.79767
FILLER_0_219_385, 188.24, 606.56, 1.79762
FILLER_0_218_413, 201.04, 606.56, 1.79758
FILLER_0_219_441, 213.84, 606.56, 1.79754
FILLER_0_218_469, 226.64, 606.56, 1.7975
FILLER_0_219_497, 239.44, 606.56, 1.79746
FILLER_0_218_525, 252.24, 606.56, 1.79742
FILLER_0_219_553, 265.04, 606.56, 1.79738
FILLER_0_218_581, 277.84, 606.56, 1.79734
FILLER_0_219_609, 290.64, 606.56, 1.7973
FILLER_0_218_637, 303.44, 606.56, 1.79726
FILLER_0_219_665, 316.24, 606.56, 1.79722
FILLER_0_219_721, 341.84, 606.56, 1.79716
FILLER_0_218_749, 354.64, 606.56, 1.79713
FILLER_0_219_777, 367.44, 606.56, 1.79711
FILLER_0_218_805, 380.24, 606.56, 1.79708
FILLER_0_219_833, 393.04, 606.56, 1.79706
FILLER_0_218_861, 405.84, 606.56, 1.79704
FILLER_0_219_889, 418.64, 606.56, 1.79701
FILLER_0_218_917, 431.44, 606.56, 1.79699
FILLER_0_219_945, 444.24, 606.56, 1.79696
FILLER_0_218_973, 457.04, 606.56, 1.79694
FILLER_0_219_1001, 469.84, 606.56, 1.79692
FILLER_0_219_1057, 495.44, 606.56, 1.79688
FILLER_0_218_1085, 508.24, 606.56, 1.79687
FILLER_0_219_1113, 521.04, 606.56, 1.79686
FILLER_0_218_1141, 533.84, 606.56, 1.79685
FILLER_0_219_1169, 546.64, 606.56, 1.79684
FILLER_0_218_1197, 559.44, 606.56, 1.79683
FILLER_0_219_1225, 572.24, 606.56, 1.79682
FILLER_0_218_1253, 585.04, 606.56, 1.79681
FILLER_0_219_1281, 597.84, 606.56, 1.79681
FILLER_0_218_1309, 610.64, 606.56, 1.7968
FILLER_0_219_1337, 623.44, 606.56, 1.79679
PHY_432, 5.52, 601.12, 1.79775
PHY_434, 5.52, 601.12, 1.79775
FILLER_0_217_51, 34.64, 601.12, 1.79774
FILLER_0_218_77, 34.64, 601.12, 1.79774
FILLER_0_217_105, 47.44, 601.12, 1.79773
FILLER_0_216_133, 73.04, 601.12, 1.79772
FILLER_0_217_161, 85.84, 601.12, 1.79772
FILLER_0_216_189, 98.64, 601.12, 1.79771
FILLER_0_217_217, 111.44, 601.12, 1.79771
FILLER_0_216_245, 124.24, 601.12, 1.7977
FILLER_0_217_273, 137.04, 601.12, 1.7977
FILLER_0_216_301, 149.84, 601.12, 1.79769
FILLER_0_217_329, 162.64, 601.12, 1.79768
FILLER_0_217_385, 188.24, 601.12, 1.79764
FILLER_0_216_413, 201.04, 601.12, 1.79759
FILLER_0_217_441, 213.84, 601.12, 1.79755
FILLER_0_216_469, 226.64, 601.12, 1.79751
FILLER_0_217_497, 239.44, 601.12, 1.79747
FILLER_0_216_525, 252.24, 601.12, 1.79742
FILLER_0_217_553, 265.04, 601.12, 1.79738
FILLER_0_216_581, 277.84, 601.12, 1.79734
FILLER_0_217_609, 290.64, 601.12, 1.7973
FILLER_0_216_637, 303.44, 601.12, 1.79725
FILLER_0_217_665, 316.24, 601.12, 1.79721
FILLER_0_217_721, 341.84, 601.12, 1.79714
_16966_, 354.64, 601.12, 1.79711
FILLER_0_216_753, 354.64, 601.12, 1.79711
hold492, 367.44, 601.12, 1.79709
FILLER_0_217_777, 367.44, 601.12, 1.79709
FILLER_0_216_806, 380.24, 601.12, 1.79706
_12673_, 393.04, 601.12, 1.79704
FILLER_0_216_837, 393.04, 601.12, 1.79704
FILLER_0_217_833, 393.04, 601.12, 1.79704
FILLER_0_217_889, 418.64, 601.12, 1.79699
FILLER_0_216_917, 431.44, 601.12, 1.79697
FILLER_0_217_945, 444.24, 601.12, 1.79695
FILLER_0_216_973, 457.04, 601.12, 1.79693
FILLER_0_217_1001, 469.84, 601.12, 1.7969
FILLER_0_217_1057, 495.44, 601.12, 1.79687
FILLER_0_216_1085, 508.24, 601.12, 1.79686
FILLER_0_217_1113, 521.04, 601.12, 1.79685
FILLER_0_216_1141, 533.84, 601.12, 1.79684
FILLER_0_217_1169, 546.64, 601.12, 1.79683
FILLER_0_216_1197, 559.44, 601.12, 1.79682
FILLER_0_217_1225, 572.24, 601.12, 1.79681
FILLER_0_216_1253, 585.04, 601.12, 1.7968
FILLER_0_217_1281, 597.84, 601.12, 1.79679
FILLER_0_216_1309, 610.64, 601.12, 1.79679
FILLER_0_217_1337, 623.44, 601.12, 1.79678
PHY_428, 5.52, 595.68, 1.79776
PHY_430, 5.52, 595.68, 1.79776
FILLER_0_215_51, 34.64, 595.68, 1.79775
FILLER_0_216_77, 34.64, 595.68, 1.79775
FILLER_0_215_105, 47.44, 595.68, 1.79775
FILLER_0_214_133, 73.04, 595.68, 1.79774
FILLER_0_215_161, 85.84, 595.68, 1.79773
FILLER_0_214_189, 98.64, 595.68, 1.79773
FILLER_0_215_217, 111.44, 595.68, 1.79772
FILLER_0_214_245, 124.24, 595.68, 1.79772
FILLER_0_215_273, 137.04, 595.68, 1.79771
FILLER_0_214_301, 149.84, 595.68, 1.79771
FILLER_0_215_329, 162.64, 595.68, 1.7977
FILLER_0_215_385, 188.24, 595.68, 1.79765
FILLER_0_214_413, 201.04, 595.68, 1.7976
FILLER_0_215_441, 213.84, 595.68, 1.79755
FILLER_0_214_469, 226.64, 595.68, 1.7975
FILLER_0_215_497, 239.44, 595.68, 1.79745
FILLER_0_214_525, 252.24, 595.68, 1.7974
FILLER_0_215_553, 265.04, 595.68, 1.79735
FILLER_0_214_581, 277.84, 595.68, 1.79731
FILLER_0_215_609, 290.64, 595.68, 1.79726
_10012_, 303.44, 595.68, 1.79721
FILLER_0_214_645, 303.44, 595.68, 1.79721
_10009_, 316.24, 595.68, 1.79716
_16616_, 316.24, 595.68, 1.79716
_16969_, 316.24, 595.68, 1.79716
FILLER_0_214_668, 316.24, 595.68, 1.79716
FILLER_0_216_681, 316.24, 595.68, 1.79716
_09946_, 341.84, 595.68, 1.79706
_09947_, 341.84, 595.68, 1.79706
_12679_, 341.84, 595.68, 1.79706
_12681_, 341.84, 595.68, 1.79706
_16599_, 341.84, 595.68, 1.79706
_16967_, 341.84, 595.68, 1.79706
FILLER_0_214_725, 341.84, 595.68, 1.79706
FILLER_0_216_732, 341.84, 595.68, 1.79706
FILLER_0_216_745, 341.84, 595.68, 1.79706
_12675_, 354.64, 595.68, 1.79701
_12676_, 354.64, 595.68, 1.79701
_16614_, 354.64, 595.68, 1.79701
hold563, 354.64, 595.68, 1.79701
_09941_, 367.44, 595.68, 1.79697
_16597_, 367.44, 595.68, 1.79697
FILLER_0_215_785, 367.44, 595.68, 1.79697
_09998_, 380.24, 595.68, 1.79694
_16613_, 380.24, 595.68, 1.79694
FILLER_0_214_809, 380.24, 595.68, 1.79694
FILLER_0_215_826, 380.24, 595.68, 1.79694
_12672_, 393.04, 595.68, 1.79691
_12674_, 393.04, 595.68, 1.79691
_16964_, 393.04, 595.68, 1.79691
_16965_, 393.04, 595.68, 1.79691
hold383, 393.04, 595.68, 1.79691
FILLER_0_215_834, 393.04, 595.68, 1.79691
FILLER_0_216_846, 393.04, 595.68, 1.79691
_12670_, 405.84, 595.68, 1.79689
_12671_, 405.84, 595.68, 1.79689
_16963_, 405.84, 595.68, 1.79689
FILLER_0_214_864, 405.84, 595.68, 1.79689
FILLER_0_215_866, 405.84, 595.68, 1.79689
_12666_, 418.64, 595.68, 1.79689
FILLER_0_214_885, 418.64, 595.68, 1.79689
FILLER_0_215_888, 418.64, 595.68, 1.79689
FILLER_0_214_916, 431.44, 595.68, 1.79688
FILLER_0_215_945, 444.24, 595.68, 1.79687
FILLER_0_214_973, 457.04, 595.68, 1.79687
FILLER_0_215_1001, 469.84, 595.68, 1.79686
FILLER_0_215_1057, 495.44, 595.68, 1.79685
FILLER_0_214_1085, 508.24, 595.68, 1.79684
FILLER_0_215_1113, 521.04, 595.68, 1.79683
FILLER_0_214_1141, 533.84, 595.68, 1.79682
FILLER_0_215_1169, 546.64, 595.68, 1.79681
FILLER_0_214_1197, 559.44, 595.68, 1.79681
FILLER_0_215_1225, 572.24, 595.68, 1.7968
FILLER_0_214_1253, 585.04, 595.68, 1.79679
FILLER_0_215_1281, 597.84, 595.68, 1.79678
FILLER_0_214_1309, 610.64, 595.68, 1.79677
FILLER_0_215_1337, 623.44, 595.68, 1.79676
PHY_424, 5.52, 590.24, 1.79777
PHY_426, 5.52, 590.24, 1.79777
FILLER_0_213_51, 34.64, 590.24, 1.79776
FILLER_0_214_77, 34.64, 590.24, 1.79776
FILLER_0_213_105, 47.44, 590.24, 1.79776
FILLER_0_212_133, 73.04, 590.24, 1.79775
FILLER_0_213_161, 85.84, 590.24, 1.79775
FILLER_0_212_189, 98.64, 590.24, 1.79774
FILLER_0_213_217, 111.44, 590.24, 1.79774
FILLER_0_212_245, 124.24, 590.24, 1.79773
FILLER_0_213_273, 137.04, 590.24, 1.79773
FILLER_0_212_301, 149.84, 590.24, 1.79773
FILLER_0_213_329, 162.64, 590.24, 1.79772
FILLER_0_213_385, 188.24, 590.24, 1.79766
FILLER_0_212_413, 201.04, 590.24, 1.79761
FILLER_0_213_441, 213.84, 590.24, 1.79755
FILLER_0_212_469, 226.64, 590.24, 1.7975
FILLER_0_213_497, 239.44, 590.24, 1.79744
FILLER_0_212_525, 252.24, 590.24, 1.79739
FILLER_0_213_553, 265.04, 590.24, 1.79733
FILLER_0_212_581, 277.84, 590.24, 1.79728
_10015_, 290.64, 590.24, 1.79722
_16618_, 290.64, 590.24, 1.79722
FILLER_0_213_609, 290.64, 590.24, 1.79722
FILLER_0_213_629, 290.64, 590.24, 1.79722
FILLER_0_214_625, 290.64, 590.24, 1.79722
_10011_, 303.44, 590.24, 1.79717
_10013_, 303.44, 590.24, 1.79717
_10014_, 303.44, 590.24, 1.79717
_16617_, 303.44, 590.24, 1.79717
FILLER_0_212_637, 303.44, 590.24, 1.79717
FILLER_0_213_651, 303.44, 590.24, 1.79717
_10006_, 316.24, 590.24, 1.79713
_10008_, 316.24, 590.24, 1.79713
_10010_, 316.24, 590.24, 1.79713
FILLER_0_213_673, 316.24, 590.24, 1.79713
_09945_, 341.84, 590.24, 1.79699
clkbuf_leaf_91_clk, 341.84, 590.24, 1.79699
FILLER_0_214_744, 341.84, 590.24, 1.79699
_09943_, 354.64, 590.24, 1.79694
_10001_, 354.64, 590.24, 1.79694
_12677_, 354.64, 590.24, 1.79694
_12678_, 354.64, 590.24, 1.79694
FILLER_0_214_764, 354.64, 590.24, 1.79694
_09939_, 367.44, 590.24, 1.79689
_09940_, 367.44, 590.24, 1.79689
_09999_, 367.44, 590.24, 1.79689
FILLER_0_213_778, 367.44, 590.24, 1.79689
FILLER_0_213_785, 367.44, 590.24, 1.79689
_09995_, 380.24, 590.24, 1.79683
_09996_, 380.24, 590.24, 1.79683
_09997_, 380.24, 590.24, 1.79683
clkbuf_leaf_92_clk, 380.24, 590.24, 1.79683
FILLER_0_212_809, 380.24, 590.24, 1.79683
FILLER_0_214_825, 380.24, 590.24, 1.79683
_16612_, 393.04, 590.24, 1.79683
hold462, 393.04, 590.24, 1.79683
FILLER_0_214_846, 393.04, 590.24, 1.79683
_12669_, 405.84, 590.24, 1.79683
hold393, 405.84, 590.24, 1.79683
FILLER_0_213_865, 405.84, 590.24, 1.79683
FILLER_0_213_886, 418.64, 590.24, 1.79683
FILLER_0_212_914, 431.44, 590.24, 1.79683
FILLER_0_213_945, 444.24, 590.24, 1.79683
FILLER_0_212_973, 457.04, 590.24, 1.79683
FILLER_0_213_1001, 469.84, 590.24, 1.79684
FILLER_0_213_1057, 495.44, 590.24, 1.79683
FILLER_0_212_1085, 508.24, 590.24, 1.79682
FILLER_0_213_1113, 521.04, 590.24, 1.79681
FILLER_0_212_1141, 533.84, 590.24, 1.79681
FILLER_0_213_1169, 546.64, 590.24, 1.7968
FILLER_0_212_1197, 559.44, 590.24, 1.79679
FILLER_0_213_1225, 572.24, 590.24, 1.79678
FILLER_0_212_1253, 585.04, 590.24, 1.79677
FILLER_0_213_1281, 597.84, 590.24, 1.79677
FILLER_0_212_1309, 610.64, 590.24, 1.79676
FILLER_0_213_1337, 623.44, 590.24, 1.79675
PHY_420, 5.52, 584.8, 1.79777
PHY_422, 5.52, 584.8, 1.79777
input31, 5.52, 584.8, 1.79777
FILLER_0_211_53, 34.64, 584.8, 1.79778
FILLER_0_212_77, 34.64, 584.8, 1.79778
FILLER_0_211_105, 47.44, 584.8, 1.79777
FILLER_0_210_133, 73.04, 584.8, 1.79777
FILLER_0_211_161, 85.84, 584.8, 1.79777
FILLER_0_210_189, 98.64, 584.8, 1.79776
FILLER_0_211_217, 111.44, 584.8, 1.79776
FILLER_0_210_245, 124.24, 584.8, 1.79776
FILLER_0_211_273, 137.04, 584.8, 1.79776
FILLER_0_210_301, 149.84, 584.8, 1.79775
FILLER_0_211_329, 162.64, 584.8, 1.79775
FILLER_0_211_385, 188.24, 584.8, 1.7977
FILLER_0_210_413, 201.04, 584.8, 1.79764
FILLER_0_211_441, 213.84, 584.8, 1.79759
FILLER_0_210_469, 226.64, 584.8, 1.79754
FILLER_0_211_497, 239.44, 584.8, 1.79749
FILLER_0_210_525, 252.24, 584.8, 1.79743
FILLER_0_211_553, 265.04, 584.8, 1.79738
FILLER_0_210_581, 277.84, 584.8, 1.79733
FILLER_0_210_589, 277.84, 584.8, 1.79733
FILLER_0_210_616, 290.64, 584.8, 1.79728
FILLER_0_211_609, 290.64, 584.8, 1.79728
_09956_, 303.44, 584.8, 1.79723
FILLER_0_210_645, 303.44, 584.8, 1.79723
_09949_, 316.24, 584.8, 1.79717
_09950_, 316.24, 584.8, 1.79717
_09951_, 316.24, 584.8, 1.79717
_09954_, 316.24, 584.8, 1.79717
_09993_, 316.24, 584.8, 1.79717
_10007_, 316.24, 584.8, 1.79717
FILLER_0_211_665, 316.24, 584.8, 1.79717
FILLER_0_211_685, 316.24, 584.8, 1.79717
FILLER_0_212_681, 316.24, 584.8, 1.79717
_10002_, 341.84, 584.8, 1.79705
_10003_, 341.84, 584.8, 1.79705
_10004_, 341.84, 584.8, 1.79705
_16598_, 341.84, 584.8, 1.79705
FILLER_0_211_729, 341.84, 584.8, 1.79705
FILLER_0_211_741, 341.84, 584.8, 1.79705
_09942_, 354.64, 584.8, 1.79699
_09944_, 354.64, 584.8, 1.79699
_10000_, 354.64, 584.8, 1.79699
FILLER_0_210_753, 354.64, 584.8, 1.79699
FILLER_0_211_764, 354.64, 584.8, 1.79699
_09918_, 367.44, 584.8, 1.79693
_09919_, 367.44, 584.8, 1.79693
_09937_, 367.44, 584.8, 1.79693
_09938_, 367.44, 584.8, 1.79693
_09988_, 367.44, 584.8, 1.79693
_12656_, 367.44, 584.8, 1.79693
_16596_, 367.44, 584.8, 1.79693
FILLER_0_211_785, 367.44, 584.8, 1.79693
_09934_, 380.24, 584.8, 1.79688
_09992_, 380.24, 584.8, 1.79688
_09994_, 380.24, 584.8, 1.79688
FILLER_0_210_805, 380.24, 584.8, 1.79688
_09990_, 393.04, 584.8, 1.79684
_09991_, 393.04, 584.8, 1.79684
_14238_, 393.04, 584.8, 1.79684
_16611_, 393.04, 584.8, 1.79684
FILLER_0_211_841, 393.04, 584.8, 1.79684
FILLER_0_211_850, 393.04, 584.8, 1.79684
_09933_, 405.84, 584.8, 1.79679
_09989_, 405.84, 584.8, 1.79679
_16595_, 405.84, 584.8, 1.79679
clkbuf_leaf_95_clk, 405.84, 584.8, 1.79679
FILLER_0_210_862, 405.84, 584.8, 1.79679
FILLER_0_210_869, 405.84, 584.8, 1.79679
FILLER_0_211_867, 405.84, 584.8, 1.79679
_12667_, 418.64, 584.8, 1.79679
_16962_, 418.64, 584.8, 1.79679
FILLER_0_211_890, 418.64, 584.8, 1.79679
FILLER_0_211_945, 444.24, 584.8, 1.7968
FILLER_0_210_973, 457.04, 584.8, 1.79681
FILLER_0_211_1001, 469.84, 584.8, 1.79682
FILLER_0_211_1057, 495.44, 584.8, 1.79681
FILLER_0_210_1085, 508.24, 584.8, 1.79681
FILLER_0_211_1113, 521.04, 584.8, 1.7968
FILLER_0_210_1141, 533.84, 584.8, 1.79679
FILLER_0_211_1169, 546.64, 584.8, 1.79678
FILLER_0_210_1197, 559.44, 584.8, 1.79678
FILLER_0_211_1225, 572.24, 584.8, 1.79677
FILLER_0_210_1253, 585.04, 584.8, 1.79676
FILLER_0_211_1281, 597.84, 584.8, 1.79676
FILLER_0_210_1309, 610.64, 584.8, 1.79675
FILLER_0_211_1337, 623.44, 584.8, 1.79674
FILLER_0_212_1353, 623.44, 584.8, 1.79674
PHY_416, 5.52, 579.36, 1.79779
PHY_418, 5.52, 579.36, 1.79779
FILLER_0_209_51, 34.64, 579.36, 1.79779
FILLER_0_210_77, 34.64, 579.36, 1.79779
FILLER_0_209_105, 47.44, 579.36, 1.79779
FILLER_0_208_133, 73.04, 579.36, 1.79778
FILLER_0_209_161, 85.84, 579.36, 1.79778
FILLER_0_208_189, 98.64, 579.36, 1.79778
FILLER_0_209_217, 111.44, 579.36, 1.79778
FILLER_0_208_245, 124.24, 579.36, 1.79777
FILLER_0_209_273, 137.04, 579.36, 1.79777
FILLER_0_208_301, 149.84, 579.36, 1.79777
FILLER_0_209_329, 162.64, 579.36, 1.79777
FILLER_0_209_385, 188.24, 579.36, 1.7977
FILLER_0_208_413, 201.04, 579.36, 1.79763
FILLER_0_209_441, 213.84, 579.36, 1.79756
FILLER_0_208_469, 226.64, 579.36, 1.7975
FILLER_0_209_497, 239.44, 579.36, 1.79743
FILLER_0_208_525, 252.24, 579.36, 1.79736
FILLER_0_209_553, 265.04, 579.36, 1.79729
_16603_, 277.84, 579.36, 1.79722
FILLER_0_208_581, 277.84, 579.36, 1.79722
FILLER_0_209_597, 277.84, 579.36, 1.79722
FILLER_0_210_597, 277.84, 579.36, 1.79722
_09957_, 290.64, 579.36, 1.79716
_09958_, 290.64, 579.36, 1.79716
_09959_, 290.64, 579.36, 1.79716
_09960_, 290.64, 579.36, 1.79716
_09961_, 290.64, 579.36, 1.79716
_16602_, 290.64, 579.36, 1.79716
_16601_, 303.44, 579.36, 1.79711
clkbuf_leaf_56_clk, 303.44, 579.36, 1.79711
FILLER_0_208_637, 303.44, 579.36, 1.79711
FILLER_0_208_645, 303.44, 579.36, 1.79711
FILLER_0_209_639, 303.44, 579.36, 1.79711
FILLER_0_209_661, 303.44, 579.36, 1.79711
_08321_, 316.24, 579.36, 1.79711
_09952_, 316.24, 579.36, 1.79711
_09953_, 316.24, 579.36, 1.79711
_14117_, 316.24, 579.36, 1.79711
FILLER_0_209_669, 316.24, 579.36, 1.79711
FILLER_0_209_685, 316.24, 579.36, 1.79711
_14100_, 341.84, 579.36, 1.79707
_14248_, 341.84, 579.36, 1.79707
_14257_, 341.84, 579.36, 1.79707
FILLER_0_208_722, 341.84, 579.36, 1.79707
FILLER_0_210_737, 341.84, 579.36, 1.79707
_14091_, 354.64, 579.36, 1.79704
_14247_, 354.64, 579.36, 1.79704
_14249_, 354.64, 579.36, 1.79704
FILLER_0_209_750, 354.64, 579.36, 1.79704
_08301_, 367.44, 579.36, 1.79701
_09936_, 367.44, 579.36, 1.79701
_09965_, 367.44, 579.36, 1.79701
FILLER_0_209_781, 367.44, 579.36, 1.79701
_08295_, 380.24, 579.36, 1.79698
_16644_, 380.24, 579.36, 1.79698
FILLER_0_208_807, 380.24, 579.36, 1.79698
FILLER_0_209_809, 380.24, 579.36, 1.79698
FILLER_0_210_825, 380.24, 579.36, 1.79698
_14080_, 393.04, 579.36, 1.79696
FILLER_0_209_853, 393.04, 579.36, 1.79696
_09931_, 405.84, 579.36, 1.79694
_09932_, 405.84, 579.36, 1.79694
_14063_, 405.84, 579.36, 1.79694
_14220_, 405.84, 579.36, 1.79694
FILLER_0_208_864, 405.84, 579.36, 1.79694
_12668_, 418.64, 579.36, 1.79692
_14051_, 418.64, 579.36, 1.79692
_14052_, 418.64, 579.36, 1.79692
hold375, 418.64, 579.36, 1.79692
FILLER_0_209_892, 418.64, 579.36, 1.79692
FILLER_0_208_921, 431.44, 579.36, 1.7969
FILLER_0_209_945, 444.24, 579.36, 1.79688
FILLER_0_208_973, 457.04, 579.36, 1.79686
FILLER_0_209_1001, 469.84, 579.36, 1.79685
FILLER_0_209_1057, 495.44, 579.36, 1.79682
FILLER_0_208_1085, 508.24, 579.36, 1.79681
FILLER_0_209_1113, 521.04, 579.36, 1.7968
FILLER_0_208_1141, 533.84, 579.36, 1.79679
FILLER_0_209_1169, 546.64, 579.36, 1.79678
FILLER_0_208_1197, 559.44, 579.36, 1.79678
FILLER_0_209_1225, 572.24, 579.36, 1.79677
FILLER_0_208_1253, 585.04, 579.36, 1.79676
FILLER_0_209_1281, 597.84, 579.36, 1.79675
FILLER_0_208_1309, 610.64, 579.36, 1.79674
FILLER_0_209_1337, 623.44, 579.36, 1.79673
PHY_412, 5.52, 573.92, 1.7978
PHY_414, 5.52, 573.92, 1.7978
FILLER_0_207_51, 34.64, 573.92, 1.7978
FILLER_0_208_77, 34.64, 573.92, 1.7978
FILLER_0_207_105, 47.44, 573.92, 1.7978
FILLER_0_206_133, 73.04, 573.92, 1.79781
FILLER_0_207_161, 85.84, 573.92, 1.79781
FILLER_0_206_189, 98.64, 573.92, 1.79781
FILLER_0_207_217, 111.44, 573.92, 1.79781
FILLER_0_206_245, 124.24, 573.92, 1.79781
FILLER_0_207_273, 137.04, 573.92, 1.79781
FILLER_0_206_301, 149.84, 573.92, 1.79781
FILLER_0_207_329, 162.64, 573.92, 1.79781
FILLER_0_207_385, 188.24, 573.92, 1.79775
FILLER_0_206_413, 201.04, 573.92, 1.79769
FILLER_0_207_441, 213.84, 573.92, 1.79764
FILLER_0_206_469, 226.64, 573.92, 1.79758
FILLER_0_207_497, 239.44, 573.92, 1.79752
FILLER_0_206_525, 252.24, 573.92, 1.79747
FILLER_0_207_553, 265.04, 573.92, 1.79741
FILLER_0_206_581, 277.84, 573.92, 1.79735
FILLER_0_206_589, 277.84, 573.92, 1.79735
_10019_, 290.64, 573.92, 1.7973
_10179_, 290.64, 573.92, 1.7973
FILLER_0_206_617, 290.64, 573.92, 1.7973
FILLER_0_207_609, 290.64, 573.92, 1.7973
FILLER_0_207_617, 290.64, 573.92, 1.7973
_09955_, 303.44, 573.92, 1.79724
_10176_, 303.44, 573.92, 1.79724
_10177_, 303.44, 573.92, 1.79724
_16649_, 303.44, 573.92, 1.79724
FILLER_0_207_640, 303.44, 573.92, 1.79724
FILLER_0_208_653, 303.44, 573.92, 1.79724
FILLER_0_208_661, 303.44, 573.92, 1.79724
_08322_, 316.24, 573.92, 1.79719
_14275_, 316.24, 573.92, 1.79719
_08310_, 341.84, 573.92, 1.7971
FILLER_0_207_720, 341.84, 573.92, 1.7971
FILLER_0_207_738, 341.84, 573.92, 1.7971
_14089_, 354.64, 573.92, 1.79706
_14090_, 354.64, 573.92, 1.79706
FILLER_0_206_753, 354.64, 573.92, 1.79706
FILLER_0_206_757, 354.64, 573.92, 1.79706
_08302_, 367.44, 573.92, 1.79703
_10162_, 367.44, 573.92, 1.79703
_16645_, 367.44, 573.92, 1.79703
FILLER_0_207_785, 367.44, 573.92, 1.79703
FILLER_0_208_788, 367.44, 573.92, 1.79703
_10158_, 380.24, 573.92, 1.797
_10160_, 380.24, 573.92, 1.797
FILLER_0_206_806, 380.24, 573.92, 1.797
FILLER_0_206_813, 380.24, 573.92, 1.797
FILLER_0_207_805, 380.24, 573.92, 1.797
_08284_, 393.04, 573.92, 1.79697
_14073_, 393.04, 573.92, 1.79697
_14231_, 393.04, 573.92, 1.79697
FILLER_0_206_829, 393.04, 573.92, 1.79697
FILLER_0_207_836, 393.04, 573.92, 1.79697
FILLER_0_208_850, 393.04, 573.92, 1.79697
_14210_, 405.84, 573.92, 1.79694
FILLER_0_207_874, 405.84, 573.92, 1.79694
_14053_, 418.64, 573.92, 1.79691
_14211_, 418.64, 573.92, 1.79691
_14212_, 418.64, 573.92, 1.79691
_09928_, 431.44, 573.92, 1.79689
_09929_, 431.44, 573.92, 1.79689
_09930_, 431.44, 573.92, 1.79689
_16594_, 431.44, 573.92, 1.79689
FILLER_0_207_946, 444.24, 573.92, 1.79687
FILLER_0_206_970, 457.04, 573.92, 1.79685
FILLER_0_207_1001, 469.84, 573.92, 1.79683
FILLER_0_207_1057, 495.44, 573.92, 1.79681
FILLER_0_206_1085, 508.24, 573.92, 1.7968
FILLER_0_207_1113, 521.04, 573.92, 1.79679
FILLER_0_206_1141, 533.84, 573.92, 1.79678
FILLER_0_207_1169, 546.64, 573.92, 1.79677
FILLER_0_206_1197, 559.44, 573.92, 1.79676
FILLER_0_207_1225, 572.24, 573.92, 1.79675
FILLER_0_206_1253, 585.04, 573.92, 1.79675
FILLER_0_207_1281, 597.84, 573.92, 1.79674
FILLER_0_206_1309, 610.64, 573.92, 1.79673
FILLER_0_207_1337, 623.44, 573.92, 1.79672
PHY_408, 5.52, 568.48, 1.79782
PHY_410, 5.52, 568.48, 1.79782
FILLER_0_205_51, 34.64, 568.48, 1.79782
FILLER_0_206_77, 34.64, 568.48, 1.79782
FILLER_0_205_105, 47.44, 568.48, 1.79782
FILLER_0_204_133, 73.04, 568.48, 1.79782
FILLER_0_205_161, 85.84, 568.48, 1.79782
FILLER_0_204_189, 98.64, 568.48, 1.79782
FILLER_0_205_217, 111.44, 568.48, 1.79782
FILLER_0_204_245, 124.24, 568.48, 1.79782
FILLER_0_205_273, 137.04, 568.48, 1.79782
FILLER_0_204_301, 149.84, 568.48, 1.79782
FILLER_0_205_329, 162.64, 568.48, 1.79782
FILLER_0_205_385, 188.24, 568.48, 1.79775
FILLER_0_204_413, 201.04, 568.48, 1.79767
FILLER_0_205_441, 213.84, 568.48, 1.79759
FILLER_0_204_469, 226.64, 568.48, 1.79751
FILLER_0_205_497, 239.44, 568.48, 1.79743
FILLER_0_204_525, 252.24, 568.48, 1.79735
FILLER_0_205_553, 265.04, 568.48, 1.79728
_16619_, 277.84, 568.48, 1.7972
clkbuf_leaf_55_clk, 277.84, 568.48, 1.7972
FILLER_0_204_581, 277.84, 568.48, 1.7972
FILLER_0_205_585, 277.84, 568.48, 1.7972
_10017_, 290.64, 568.48, 1.79716
_10018_, 290.64, 568.48, 1.79716
_10178_, 290.64, 568.48, 1.79716
_16650_, 290.64, 568.48, 1.79716
FILLER_0_205_626, 290.64, 568.48, 1.79716
_10173_, 303.44, 568.48, 1.79714
_10174_, 303.44, 568.48, 1.79714
_10175_, 303.44, 568.48, 1.79714
FILLER_0_204_640, 303.44, 568.48, 1.79714
FILLER_0_205_651, 303.44, 568.48, 1.79714
_10172_, 316.24, 568.48, 1.79711
_16648_, 316.24, 568.48, 1.79711
FILLER_0_204_675, 316.24, 568.48, 1.79711
FILLER_0_205_662, 316.24, 568.48, 1.79711
FILLER_0_205_673, 316.24, 568.48, 1.79711
_08312_, 341.84, 568.48, 1.79703
_10016_, 341.84, 568.48, 1.79703
_10166_, 341.84, 568.48, 1.79703
_16646_, 341.84, 568.48, 1.79703
FILLER_0_204_722, 341.84, 568.48, 1.79703
FILLER_0_206_745, 341.84, 568.48, 1.79703
_08300_, 354.64, 568.48, 1.79698
_10163_, 354.64, 568.48, 1.79698
_10164_, 354.64, 568.48, 1.79698
_10165_, 354.64, 568.48, 1.79698
FILLER_0_204_750, 354.64, 568.48, 1.79698
FILLER_0_204_757, 354.64, 568.48, 1.79698
_08285_, 367.44, 568.48, 1.79693
_08307_, 367.44, 568.48, 1.79693
_10137_, 367.44, 568.48, 1.79693
_10161_, 367.44, 568.48, 1.79693
FILLER_0_204_785, 367.44, 568.48, 1.79693
_08290_, 380.24, 568.48, 1.79688
_08291_, 380.24, 568.48, 1.79688
_10138_, 380.24, 568.48, 1.79688
_10155_, 380.24, 568.48, 1.79688
_10157_, 380.24, 568.48, 1.79688
FILLER_0_204_809, 380.24, 568.48, 1.79688
FILLER_0_205_807, 380.24, 568.48, 1.79688
FILLER_0_205_824, 380.24, 568.48, 1.79688
_08283_, 393.04, 568.48, 1.79684
_08296_, 393.04, 568.48, 1.79684
FILLER_0_204_837, 393.04, 568.48, 1.79684
FILLER_0_205_835, 393.04, 568.48, 1.79684
FILLER_0_205_853, 393.04, 568.48, 1.79684
_08257_, 405.84, 568.48, 1.79679
_16643_, 405.84, 568.48, 1.79679
FILLER_0_206_881, 405.84, 568.48, 1.79679
_08275_, 418.64, 568.48, 1.79675
_16642_, 418.64, 568.48, 1.79675
clkbuf_leaf_94_clk, 418.64, 568.48, 1.79675
FILLER_0_206_906, 418.64, 568.48, 1.79675
FILLER_0_205_941, 444.24, 568.48, 1.79677
FILLER_0_205_949, 444.24, 568.48, 1.79677
FILLER_0_204_973, 457.04, 568.48, 1.79677
FILLER_0_205_1001, 469.84, 568.48, 1.79678
FILLER_0_205_1057, 495.44, 568.48, 1.79678
FILLER_0_204_1085, 508.24, 568.48, 1.79677
FILLER_0_205_1113, 521.04, 568.48, 1.79676
FILLER_0_204_1141, 533.84, 568.48, 1.79676
FILLER_0_205_1169, 546.64, 568.48, 1.79675
FILLER_0_204_1197, 559.44, 568.48, 1.79674
FILLER_0_205_1225, 572.24, 568.48, 1.79673
FILLER_0_204_1253, 585.04, 568.48, 1.79673
FILLER_0_205_1281, 597.84, 568.48, 1.79672
FILLER_0_204_1309, 610.64, 568.48, 1.79671
FILLER_0_205_1337, 623.44, 568.48, 1.79671
PHY_404, 5.52, 563.04, 1.79783
PHY_406, 5.52, 563.04, 1.79783
FILLER_0_203_51, 34.64, 563.04, 1.79783
FILLER_0_204_77, 34.64, 563.04, 1.79783
FILLER_0_203_105, 47.44, 563.04, 1.79784
FILLER_0_202_133, 73.04, 563.04, 1.79784
FILLER_0_203_161, 85.84, 563.04, 1.79785
FILLER_0_202_189, 98.64, 563.04, 1.79785
FILLER_0_203_217, 111.44, 563.04, 1.79786
FILLER_0_202_245, 124.24, 563.04, 1.79786
FILLER_0_203_273, 137.04, 563.04, 1.79786
FILLER_0_202_301, 149.84, 563.04, 1.79787
FILLER_0_203_329, 162.64, 563.04, 1.79787
FILLER_0_203_385, 188.24, 563.04, 1.79781
FILLER_0_202_413, 201.04, 563.04, 1.79775
FILLER_0_203_441, 213.84, 563.04, 1.79768
FILLER_0_202_469, 226.64, 563.04, 1.79762
FILLER_0_203_497, 239.44, 563.04, 1.79755
FILLER_0_202_525, 252.24, 563.04, 1.79749
FILLER_0_203_553, 265.04, 563.04, 1.79742
FILLER_0_203_573, 265.04, 563.04, 1.79742
_10181_, 277.84, 563.04, 1.79736
_10182_, 277.84, 563.04, 1.79736
FILLER_0_202_581, 277.84, 563.04, 1.79736
FILLER_0_202_589, 277.84, 563.04, 1.79736
FILLER_0_203_581, 277.84, 563.04, 1.79736
FILLER_0_203_587, 277.84, 563.04, 1.79736
FILLER_0_204_601, 277.84, 563.04, 1.79736
_08327_, 290.64, 563.04, 1.79729
_08333_, 290.64, 563.04, 1.79729
FILLER_0_202_619, 290.64, 563.04, 1.79729
FILLER_0_203_612, 290.64, 563.04, 1.79729
FILLER_0_203_617, 290.64, 563.04, 1.79729
_10268_, 303.44, 563.04, 1.79723
_10271_, 303.44, 563.04, 1.79723
_16680_, 303.44, 563.04, 1.79723
_16681_, 303.44, 563.04, 1.79723
FILLER_0_202_638, 303.44, 563.04, 1.79723
FILLER_0_203_656, 303.44, 563.04, 1.79723
_10170_, 316.24, 563.04, 1.79718
_10171_, 316.24, 563.04, 1.79718
_10265_, 316.24, 563.04, 1.79718
_10267_, 316.24, 563.04, 1.79718
FILLER_0_203_664, 316.24, 563.04, 1.79718
FILLER_0_203_673, 316.24, 563.04, 1.79718
_08311_, 341.84, 563.04, 1.79708
_09966_, 341.84, 563.04, 1.79708
_10264_, 341.84, 563.04, 1.79708
_16679_, 341.84, 563.04, 1.79708
FILLER_0_203_723, 341.84, 563.04, 1.79708
_08326_, 354.64, 563.04, 1.79704
_10186_, 354.64, 563.04, 1.79704
_10260_, 354.64, 563.04, 1.79704
FILLER_0_202_757, 354.64, 563.04, 1.79704
FILLER_0_204_765, 354.64, 563.04, 1.79704
FILLER_0_204_772, 354.64, 563.04, 1.79704
_10256_, 367.44, 563.04, 1.797
_10257_, 367.44, 563.04, 1.797
_10259_, 367.44, 563.04, 1.797
_16677_, 367.44, 563.04, 1.797
FILLER_0_203_774, 367.44, 563.04, 1.797
FILLER_0_203_785, 367.44, 563.04, 1.797
FILLER_0_202_803, 380.24, 563.04, 1.79696
FILLER_0_202_813, 380.24, 563.04, 1.79696
_08274_, 393.04, 563.04, 1.79693
_08286_, 393.04, 563.04, 1.79693
_08309_, 393.04, 563.04, 1.79693
_16675_, 393.04, 563.04, 1.79693
FILLER_0_202_832, 393.04, 563.04, 1.79693
FILLER_0_204_850, 393.04, 563.04, 1.79693
_08276_, 405.84, 563.04, 1.7969
_10152_, 405.84, 563.04, 1.7969
_10154_, 405.84, 563.04, 1.7969
FILLER_0_202_857, 405.84, 563.04, 1.7969
FILLER_0_202_865, 405.84, 563.04, 1.7969
FILLER_0_203_865, 405.84, 563.04, 1.7969
FILLER_0_203_879, 405.84, 563.04, 1.7969
_09986_, 418.64, 563.04, 1.79688
_10151_, 418.64, 563.04, 1.79688
FILLER_0_203_889, 418.64, 563.04, 1.79688
FILLER_0_203_897, 418.64, 563.04, 1.79688
FILLER_0_203_904, 418.64, 563.04, 1.79688
_09985_, 431.44, 563.04, 1.79686
_09987_, 431.44, 563.04, 1.79686
_10149_, 431.44, 563.04, 1.79686
_16610_, 431.44, 563.04, 1.79686
FILLER_0_203_948, 444.24, 563.04, 1.79684
FILLER_0_203_1001, 469.84, 563.04, 1.79681
FILLER_0_203_1057, 495.44, 563.04, 1.79678
FILLER_0_202_1085, 508.24, 563.04, 1.79677
FILLER_0_203_1113, 521.04, 563.04, 1.79677
FILLER_0_202_1141, 533.84, 563.04, 1.79676
FILLER_0_203_1169, 546.64, 563.04, 1.79675
FILLER_0_202_1197, 559.44, 563.04, 1.79674
FILLER_0_203_1225, 572.24, 563.04, 1.79673
FILLER_0_202_1253, 585.04, 563.04, 1.79672
FILLER_0_203_1281, 597.84, 563.04, 1.79671
FILLER_0_202_1309, 610.64, 563.04, 1.7967
FILLER_0_203_1337, 623.44, 563.04, 1.7967
PHY_400, 5.52, 557.6, 1.79784
PHY_402, 5.52, 557.6, 1.79784
FILLER_0_201_51, 34.64, 557.6, 1.79785
FILLER_0_202_77, 34.64, 557.6, 1.79785
FILLER_0_201_105, 47.44, 557.6, 1.79785
FILLER_0_200_133, 73.04, 557.6, 1.79786
FILLER_0_201_161, 85.84, 557.6, 1.79787
FILLER_0_200_189, 98.64, 557.6, 1.79788
FILLER_0_201_217, 111.44, 557.6, 1.79788
FILLER_0_200_245, 124.24, 557.6, 1.79789
FILLER_0_201_273, 137.04, 557.6, 1.79789
FILLER_0_200_301, 149.84, 557.6, 1.7979
FILLER_0_201_329, 162.64, 557.6, 1.7979
FILLER_0_201_385, 188.24, 557.6, 1.79784
FILLER_0_200_413, 201.04, 557.6, 1.79776
FILLER_0_201_441, 213.84, 557.6, 1.79769
FILLER_0_200_469, 226.64, 557.6, 1.79761
FILLER_0_201_497, 239.44, 557.6, 1.79754
FILLER_0_200_525, 252.24, 557.6, 1.79747
_16651_, 265.04, 557.6, 1.79739
FILLER_0_201_553, 265.04, 557.6, 1.79739
FILLER_0_201_573, 265.04, 557.6, 1.79739
_10180_, 277.84, 557.6, 1.79733
_10274_, 277.84, 557.6, 1.79733
_12688_, 277.84, 557.6, 1.79733
_16682_, 277.84, 557.6, 1.79733
FILLER_0_200_584, 277.84, 557.6, 1.79733
FILLER_0_200_589, 277.84, 557.6, 1.79733
_08328_, 290.64, 557.6, 1.79727
_10272_, 290.64, 557.6, 1.79727
_10273_, 290.64, 557.6, 1.79727
_14293_, 290.64, 557.6, 1.79727
FILLER_0_202_627, 290.64, 557.6, 1.79727
_10269_, 303.44, 557.6, 1.79721
_10270_, 303.44, 557.6, 1.79721
FILLER_0_201_641, 303.44, 557.6, 1.79721
FILLER_0_202_660, 303.44, 557.6, 1.79721
_10266_, 316.24, 557.6, 1.79715
_12122_, 316.24, 557.6, 1.79715
_16744_, 316.24, 557.6, 1.79715
FILLER_0_200_665, 316.24, 557.6, 1.79715
FILLER_0_200_672, 316.24, 557.6, 1.79715
FILLER_0_201_662, 316.24, 557.6, 1.79715
FILLER_0_202_689, 316.24, 557.6, 1.79715
_10262_, 341.84, 557.6, 1.79699
_10263_, 341.84, 557.6, 1.79699
_16742_, 341.84, 557.6, 1.79699
clkbuf_leaf_90_clk, 341.84, 557.6, 1.79699
FILLER_0_201_718, 341.84, 557.6, 1.79699
FILLER_0_201_743, 341.84, 557.6, 1.79699
_10261_, 354.64, 557.6, 1.79693
_12113_, 354.64, 557.6, 1.79693
_12114_, 354.64, 557.6, 1.79693
_12115_, 354.64, 557.6, 1.79693
_16678_, 354.64, 557.6, 1.79693
FILLER_0_200_753, 354.64, 557.6, 1.79693
FILLER_0_201_762, 354.64, 557.6, 1.79693
_10247_, 367.44, 557.6, 1.79687
_10255_, 367.44, 557.6, 1.79687
_10258_, 367.44, 557.6, 1.79687
_12112_, 367.44, 557.6, 1.79687
FILLER_0_201_774, 367.44, 557.6, 1.79687
FILLER_0_202_792, 367.44, 557.6, 1.79687
_10251_, 380.24, 557.6, 1.79682
_10253_, 380.24, 557.6, 1.79682
_16676_, 380.24, 557.6, 1.79682
ANTENNA_26, 380.24, 557.6, 1.79682
ANTENNA_27, 380.24, 557.6, 1.79682
FILLER_0_201_810, 380.24, 557.6, 1.79682
FILLER_0_201_827, 380.24, 557.6, 1.79682
_08298_, 393.04, 557.6, 1.79677
_10250_, 393.04, 557.6, 1.79677
clkbuf_leaf_93_clk, 393.04, 557.6, 1.79677
_08281_, 405.84, 557.6, 1.79676
_10153_, 405.84, 557.6, 1.79676
_10248_, 405.84, 557.6, 1.79676
_10249_, 405.84, 557.6, 1.79676
ANTENNA_34, 405.84, 557.6, 1.79676
FILLER_0_200_860, 405.84, 557.6, 1.79676
FILLER_0_200_869, 405.84, 557.6, 1.79676
_10150_, 418.64, 557.6, 1.79676
_10245_, 418.64, 557.6, 1.79676
_16674_, 418.64, 557.6, 1.79676
FILLER_0_201_886, 418.64, 557.6, 1.79676
FILLER_0_201_945, 444.24, 557.6, 1.79676
FILLER_0_200_973, 457.04, 557.6, 1.79676
FILLER_0_201_1001, 469.84, 557.6, 1.79676
FILLER_0_201_1057, 495.44, 557.6, 1.79676
FILLER_0_200_1085, 508.24, 557.6, 1.79675
FILLER_0_201_1113, 521.04, 557.6, 1.79674
FILLER_0_200_1141, 533.84, 557.6, 1.79673
FILLER_0_201_1169, 546.64, 557.6, 1.79673
FILLER_0_200_1197, 559.44, 557.6, 1.79672
FILLER_0_201_1225, 572.24, 557.6, 1.79671
FILLER_0_200_1253, 585.04, 557.6, 1.7967
FILLER_0_201_1281, 597.84, 557.6, 1.79669
FILLER_0_200_1309, 610.64, 557.6, 1.79669
FILLER_0_201_1337, 623.44, 557.6, 1.79668
FILLER_0_201_1357, 623.44, 557.6, 1.79668
PHY_396, 5.52, 552.16, 1.79785
PHY_398, 5.52, 552.16, 1.79785
output51, 5.52, 552.16, 1.79785
FILLER_0_199_53, 34.64, 552.16, 1.79786
FILLER_0_200_77, 34.64, 552.16, 1.79786
FILLER_0_199_105, 47.44, 552.16, 1.79787
FILLER_0_198_133, 73.04, 552.16, 1.79789
FILLER_0_199_161, 85.84, 552.16, 1.7979
FILLER_0_198_189, 98.64, 552.16, 1.7979
FILLER_0_199_217, 111.44, 552.16, 1.79791
FILLER_0_198_245, 124.24, 552.16, 1.79792
FILLER_0_199_273, 137.04, 552.16, 1.79793
FILLER_0_198_301, 149.84, 552.16, 1.79794
FILLER_0_199_329, 162.64, 552.16, 1.79795
FILLER_0_199_385, 188.24, 552.16, 1.79788
FILLER_0_198_413, 201.04, 552.16, 1.79781
FILLER_0_199_441, 213.84, 552.16, 1.79773
FILLER_0_198_469, 226.64, 552.16, 1.79766
FILLER_0_199_497, 239.44, 552.16, 1.79759
FILLER_0_198_525, 252.24, 552.16, 1.79751
_16970_, 265.04, 552.16, 1.79744
_16971_, 265.04, 552.16, 1.79744
FILLER_0_198_557, 265.04, 552.16, 1.79744
FILLER_0_199_553, 265.04, 552.16, 1.79744
_08335_, 277.84, 552.16, 1.79738
_08336_, 277.84, 552.16, 1.79738
hold380, 277.84, 552.16, 1.79738
FILLER_0_198_584, 277.84, 552.16, 1.79738
FILLER_0_198_589, 277.84, 552.16, 1.79738
FILLER_0_200_601, 277.84, 552.16, 1.79738
_14128_, 290.64, 552.16, 1.79732
_14136_, 290.64, 552.16, 1.79732
FILLER_0_199_610, 290.64, 552.16, 1.79732
_08325_, 303.44, 552.16, 1.79726
FILLER_0_199_652, 303.44, 552.16, 1.79726
FILLER_0_200_657, 303.44, 552.16, 1.79726
_08324_, 316.24, 552.16, 1.7972
_12119_, 316.24, 552.16, 1.7972
_12121_, 316.24, 552.16, 1.7972
FILLER_0_199_663, 316.24, 552.16, 1.7972
_08314_, 341.84, 552.16, 1.79709
_14126_, 341.84, 552.16, 1.79709
_14127_, 341.84, 552.16, 1.79709
_14284_, 341.84, 552.16, 1.79709
FILLER_0_199_725, 341.84, 552.16, 1.79709
FILLER_0_200_738, 341.84, 552.16, 1.79709
FILLER_0_200_745, 341.84, 552.16, 1.79709
_08303_, 354.64, 552.16, 1.79704
_08332_, 354.64, 552.16, 1.79704
_14285_, 354.64, 552.16, 1.79704
FILLER_0_198_753, 354.64, 552.16, 1.79704
FILLER_0_198_757, 354.64, 552.16, 1.79704
FILLER_0_199_753, 354.64, 552.16, 1.79704
FILLER_0_199_760, 354.64, 552.16, 1.79704
FILLER_0_199_767, 354.64, 552.16, 1.79704
_08306_, 367.44, 552.16, 1.797
_12109_, 367.44, 552.16, 1.797
_12110_, 367.44, 552.16, 1.797
_12111_, 367.44, 552.16, 1.797
_16741_, 367.44, 552.16, 1.797
ANTENNA_28, 367.44, 552.16, 1.797
FILLER_0_199_781, 367.44, 552.16, 1.797
FILLER_0_199_785, 367.44, 552.16, 1.797
FILLER_0_200_796, 367.44, 552.16, 1.797
_08293_, 380.24, 552.16, 1.79697
_08297_, 380.24, 552.16, 1.79697
_10254_, 380.24, 552.16, 1.79697
ANTENNA_24, 380.24, 552.16, 1.79697
ANTENNA_25, 380.24, 552.16, 1.79697
FILLER_0_198_805, 380.24, 552.16, 1.79697
FILLER_0_199_812, 380.24, 552.16, 1.79697
_08277_, 393.04, 552.16, 1.79693
_08278_, 393.04, 552.16, 1.79693
FILLER_0_199_832, 393.04, 552.16, 1.79693
FILLER_0_199_853, 393.04, 552.16, 1.79693
_08259_, 405.84, 552.16, 1.7969
_08280_, 405.84, 552.16, 1.7969
_08288_, 405.84, 552.16, 1.7969
_14067_, 405.84, 552.16, 1.7969
FILLER_0_198_858, 405.84, 552.16, 1.7969
_10243_, 418.64, 552.16, 1.79687
_10244_, 418.64, 552.16, 1.79687
_14025_, 418.64, 552.16, 1.79687
FILLER_0_199_891, 418.64, 552.16, 1.79687
FILLER_0_199_897, 418.64, 552.16, 1.79687
FILLER_0_199_906, 418.64, 552.16, 1.79687
_09920_, 431.44, 552.16, 1.79685
_09921_, 431.44, 552.16, 1.79685
_09922_, 431.44, 552.16, 1.79685
_16591_, 431.44, 552.16, 1.79685
FILLER_0_198_912, 431.44, 552.16, 1.79685
FILLER_0_199_949, 444.24, 552.16, 1.79683
FILLER_0_199_1001, 469.84, 552.16, 1.79679
FILLER_0_199_1057, 495.44, 552.16, 1.79676
FILLER_0_198_1085, 508.24, 552.16, 1.79675
FILLER_0_199_1113, 521.04, 552.16, 1.79674
FILLER_0_198_1141, 533.84, 552.16, 1.79673
FILLER_0_199_1169, 546.64, 552.16, 1.79672
FILLER_0_198_1197, 559.44, 552.16, 1.79672
FILLER_0_199_1225, 572.24, 552.16, 1.79671
FILLER_0_198_1253, 585.04, 552.16, 1.7967
FILLER_0_199_1281, 597.84, 552.16, 1.79669
FILLER_0_198_1309, 610.64, 552.16, 1.79668
FILLER_0_199_1337, 623.44, 552.16, 1.79667
PHY_392, 5.52, 546.72, 1.79787
PHY_394, 5.52, 546.72, 1.79787
FILLER_0_197_51, 34.64, 546.72, 1.79788
FILLER_0_198_77, 34.64, 546.72, 1.79788
FILLER_0_197_105, 47.44, 546.72, 1.79789
FILLER_0_196_133, 73.04, 546.72, 1.79791
FILLER_0_197_161, 85.84, 546.72, 1.79793
FILLER_0_196_189, 98.64, 546.72, 1.79794
FILLER_0_197_217, 111.44, 546.72, 1.79795
FILLER_0_196_245, 124.24, 546.72, 1.79796
FILLER_0_197_273, 137.04, 546.72, 1.79797
FILLER_0_196_301, 149.84, 546.72, 1.79798
FILLER_0_197_329, 162.64, 546.72, 1.79799
FILLER_0_197_385, 188.24, 546.72, 1.79793
FILLER_0_196_413, 201.04, 546.72, 1.79786
FILLER_0_197_441, 213.84, 546.72, 1.79779
FILLER_0_196_469, 226.64, 546.72, 1.79772
FILLER_0_197_497, 239.44, 546.72, 1.79765
FILLER_0_196_525, 252.24, 546.72, 1.79758
_12685_, 265.04, 546.72, 1.7975
_12686_, 265.04, 546.72, 1.7975
hold457, 265.04, 546.72, 1.7975
FILLER_0_197_553, 265.04, 546.72, 1.7975
FILLER_0_197_573, 265.04, 546.72, 1.7975
FILLER_0_198_568, 265.04, 546.72, 1.7975
_08338_, 277.84, 546.72, 1.79743
_12127_, 277.84, 546.72, 1.79743
_12687_, 277.84, 546.72, 1.79743
FILLER_0_196_581, 277.84, 546.72, 1.79743
FILLER_0_198_602, 277.84, 546.72, 1.79743
_14286_, 290.64, 546.72, 1.79736
FILLER_0_197_611, 290.64, 546.72, 1.79736
_08323_, 303.44, 546.72, 1.79729
_14101_, 303.44, 546.72, 1.79729
_14130_, 303.44, 546.72, 1.79729
FILLER_0_196_637, 303.44, 546.72, 1.79729
FILLER_0_197_661, 303.44, 546.72, 1.79729
FILLER_0_198_657, 303.44, 546.72, 1.79729
_08318_, 316.24, 546.72, 1.79722
FILLER_0_197_669, 316.24, 546.72, 1.79722
_08242_, 341.84, 546.72, 1.79709
_12684_, 341.84, 546.72, 1.79709
FILLER_0_197_718, 341.84, 546.72, 1.79709
FILLER_0_197_741, 341.84, 546.72, 1.79709
FILLER_0_198_736, 341.84, 546.72, 1.79709
_08304_, 354.64, 546.72, 1.79704
_08305_, 354.64, 546.72, 1.79704
_14022_, 354.64, 546.72, 1.79704
_14024_, 354.64, 546.72, 1.79704
_14092_, 354.64, 546.72, 1.79704
FILLER_0_196_747, 354.64, 546.72, 1.79704
FILLER_0_196_757, 354.64, 546.72, 1.79704
_14081_, 367.44, 546.72, 1.79699
FILLER_0_197_785, 367.44, 546.72, 1.79699
_08292_, 380.24, 546.72, 1.79693
FILLER_0_196_808, 380.24, 546.72, 1.79693
FILLER_0_197_813, 380.24, 546.72, 1.79693
_14066_, 393.04, 546.72, 1.79688
_14075_, 393.04, 546.72, 1.79688
_16739_, 405.84, 546.72, 1.79683
_14023_, 418.64, 546.72, 1.79679
_14054_, 418.64, 546.72, 1.79679
_10139_, 431.44, 546.72, 1.79675
_10140_, 431.44, 546.72, 1.79675
clkbuf_leaf_96_clk, 431.44, 546.72, 1.79675
FILLER_0_198_930, 431.44, 546.72, 1.79675
_12657_, 444.24, 546.72, 1.79675
FILLER_0_197_942, 444.24, 546.72, 1.79675
FILLER_0_196_972, 457.04, 546.72, 1.79675
FILLER_0_197_1005, 469.84, 546.72, 1.79675
FILLER_0_197_1057, 495.44, 546.72, 1.79674
FILLER_0_196_1085, 508.24, 546.72, 1.79673
FILLER_0_197_1113, 521.04, 546.72, 1.79672
FILLER_0_196_1141, 533.84, 546.72, 1.79671
FILLER_0_197_1169, 546.64, 546.72, 1.7967
FILLER_0_196_1197, 559.44, 546.72, 1.7967
FILLER_0_197_1225, 572.24, 546.72, 1.79669
FILLER_0_196_1253, 585.04, 546.72, 1.79668
FILLER_0_197_1281, 597.84, 546.72, 1.79667
FILLER_0_196_1309, 610.64, 546.72, 1.79666
FILLER_0_197_1337, 623.44, 546.72, 1.79665
PHY_388, 5.52, 541.28, 1.79788
PHY_390, 5.52, 541.28, 1.79788
FILLER_0_195_51, 34.64, 541.28, 1.79789
FILLER_0_196_77, 34.64, 541.28, 1.79789
FILLER_0_195_105, 47.44, 541.28, 1.79791
FILLER_0_194_133, 73.04, 541.28, 1.79793
FILLER_0_195_161, 85.84, 541.28, 1.79795
FILLER_0_194_189, 98.64, 541.28, 1.79796
FILLER_0_195_217, 111.44, 541.28, 1.79797
FILLER_0_194_245, 124.24, 541.28, 1.79799
FILLER_0_195_273, 137.04, 541.28, 1.798
FILLER_0_194_301, 149.84, 541.28, 1.79802
FILLER_0_195_329, 162.64, 541.28, 1.79803
FILLER_0_195_385, 188.24, 541.28, 1.79795
FILLER_0_194_413, 201.04, 541.28, 1.79786
FILLER_0_195_441, 213.84, 541.28, 1.79776
FILLER_0_194_469, 226.64, 541.28, 1.79767
FILLER_0_195_497, 239.44, 541.28, 1.79758
FILLER_0_194_525, 252.24, 541.28, 1.79748
_12129_, 265.04, 541.28, 1.79739
FILLER_0_195_553, 265.04, 541.28, 1.79739
FILLER_0_195_573, 265.04, 541.28, 1.79739
_12126_, 277.84, 541.28, 1.79729
_12128_, 277.84, 541.28, 1.79729
_16745_, 277.84, 541.28, 1.79729
clkbuf_leaf_58_clk, 277.84, 541.28, 1.79729
FILLER_0_196_594, 277.84, 541.28, 1.79729
_08331_, 290.64, 541.28, 1.79725
_12123_, 290.64, 541.28, 1.79725
_12124_, 290.64, 541.28, 1.79725
_14129_, 290.64, 541.28, 1.79725
FILLER_0_194_611, 290.64, 541.28, 1.79725
FILLER_0_195_625, 290.64, 541.28, 1.79725
_14102_, 303.44, 541.28, 1.79721
_14118_, 303.44, 541.28, 1.79721
FILLER_0_194_638, 303.44, 541.28, 1.79721
FILLER_0_194_645, 303.44, 541.28, 1.79721
FILLER_0_195_653, 303.44, 541.28, 1.79721
FILLER_0_196_650, 303.44, 541.28, 1.79721
_14111_, 316.24, 541.28, 1.79716
_14120_, 316.24, 541.28, 1.79716
FILLER_0_195_667, 316.24, 541.28, 1.79716
_08329_, 341.84, 541.28, 1.79704
_08330_, 341.84, 541.28, 1.79704
_14104_, 341.84, 541.28, 1.79704
FILLER_0_195_719, 341.84, 541.28, 1.79704
FILLER_0_195_729, 341.84, 541.28, 1.79704
FILLER_0_195_741, 341.84, 541.28, 1.79704
_14064_, 354.64, 541.28, 1.79697
_14065_, 354.64, 541.28, 1.79697
_14180_, 354.64, 541.28, 1.79697
_14182_, 354.64, 541.28, 1.79697
clkbuf_leaf_89_clk, 354.64, 541.28, 1.79697
FILLER_0_194_747, 354.64, 541.28, 1.79697
FILLER_0_194_757, 354.64, 541.28, 1.79697
FILLER_0_195_749, 354.64, 541.28, 1.79697
_14082_, 367.44, 541.28, 1.79694
_14083_, 367.44, 541.28, 1.79694
_14093_, 367.44, 541.28, 1.79694
FILLER_0_194_785, 367.44, 541.28, 1.79694
FILLER_0_195_777, 367.44, 541.28, 1.79694
FILLER_0_195_785, 367.44, 541.28, 1.79694
_14074_, 380.24, 541.28, 1.7969
_14239_, 380.24, 541.28, 1.7969
FILLER_0_194_806, 380.24, 541.28, 1.7969
_08287_, 393.04, 541.28, 1.79687
_14232_, 393.04, 541.28, 1.79687
FILLER_0_195_830, 393.04, 541.28, 1.79687
_08279_, 405.84, 541.28, 1.79684
_12104_, 405.84, 541.28, 1.79684
_14224_, 405.84, 541.28, 1.79684
FILLER_0_195_865, 405.84, 541.28, 1.79684
FILLER_0_196_881, 405.84, 541.28, 1.79684
_14055_, 418.64, 541.28, 1.79682
_14183_, 418.64, 541.28, 1.79682
FILLER_0_195_889, 418.64, 541.28, 1.79682
_10141_, 431.44, 541.28, 1.79679
_12101_, 431.44, 541.28, 1.79679
_16639_, 431.44, 541.28, 1.79679
_16738_, 431.44, 541.28, 1.79679
FILLER_0_195_921, 431.44, 541.28, 1.79679
FILLER_0_195_941, 444.24, 541.28, 1.79678
FILLER_0_195_949, 444.24, 541.28, 1.79678
FILLER_0_194_977, 457.04, 541.28, 1.79677
FILLER_0_195_1001, 469.84, 541.28, 1.79675
FILLER_0_195_1057, 495.44, 541.28, 1.79673
FILLER_0_194_1085, 508.24, 541.28, 1.79672
FILLER_0_195_1113, 521.04, 541.28, 1.79671
FILLER_0_194_1141, 533.84, 541.28, 1.79671
FILLER_0_195_1169, 546.64, 541.28, 1.7967
FILLER_0_194_1197, 559.44, 541.28, 1.79669
FILLER_0_195_1225, 572.24, 541.28, 1.79668
FILLER_0_194_1253, 585.04, 541.28, 1.79667
FILLER_0_195_1281, 597.84, 541.28, 1.79666
FILLER_0_194_1309, 610.64, 541.28, 1.79665
FILLER_0_195_1337, 623.44, 541.28, 1.79664
PHY_384, 5.52, 535.84, 1.79789
PHY_386, 5.52, 535.84, 1.79789
FILLER_0_193_51, 34.64, 535.84, 1.79791
FILLER_0_194_77, 34.64, 535.84, 1.79791
FILLER_0_193_105, 47.44, 535.84, 1.79793
FILLER_0_192_133, 73.04, 535.84, 1.79796
FILLER_0_193_161, 85.84, 535.84, 1.79798
FILLER_0_192_189, 98.64, 535.84, 1.798
FILLER_0_193_217, 111.44, 535.84, 1.79801
FILLER_0_192_245, 124.24, 535.84, 1.79803
FILLER_0_193_273, 137.04, 535.84, 1.79805
FILLER_0_192_301, 149.84, 535.84, 1.79807
FILLER_0_193_329, 162.64, 535.84, 1.79809
FILLER_0_193_385, 188.24, 535.84, 1.79801
FILLER_0_192_413, 201.04, 535.84, 1.79792
FILLER_0_193_441, 213.84, 535.84, 1.79783
FILLER_0_192_469, 226.64, 535.84, 1.79774
FILLER_0_193_497, 239.44, 535.84, 1.79765
FILLER_0_192_525, 252.24, 535.84, 1.79756
_12690_, 265.04, 535.84, 1.79747
_16746_, 265.04, 535.84, 1.79747
_16972_, 265.04, 535.84, 1.79747
FILLER_0_193_553, 265.04, 535.84, 1.79747
FILLER_0_194_569, 265.04, 535.84, 1.79747
_10183_, 277.84, 535.84, 1.7974
_12125_, 277.84, 535.84, 1.7974
_12689_, 277.84, 535.84, 1.7974
hold437, 277.84, 535.84, 1.7974
FILLER_0_192_585, 277.84, 535.84, 1.7974
FILLER_0_194_598, 277.84, 535.84, 1.7974
_14144_, 290.64, 535.84, 1.79732
_14287_, 290.64, 535.84, 1.79732
FILLER_0_193_629, 290.64, 535.84, 1.79732
_14258_, 303.44, 535.84, 1.79725
_14276_, 303.44, 535.84, 1.79725
_14288_, 303.44, 535.84, 1.79725
FILLER_0_194_653, 303.44, 535.84, 1.79725
_12120_, 316.24, 535.84, 1.79717
_14259_, 316.24, 535.84, 1.79717
_14269_, 316.24, 535.84, 1.79717
_14278_, 316.24, 535.84, 1.79717
clkbuf_leaf_57_clk, 316.24, 535.84, 1.79717
FILLER_0_193_663, 316.24, 535.84, 1.79717
_14261_, 341.84, 535.84, 1.79709
FILLER_0_193_725, 341.84, 535.84, 1.79709
FILLER_0_193_741, 341.84, 535.84, 1.79709
FILLER_0_194_735, 341.84, 535.84, 1.79709
_12691_, 354.64, 535.84, 1.79704
_12692_, 354.64, 535.84, 1.79704
_14221_, 354.64, 535.84, 1.79704
_14222_, 354.64, 535.84, 1.79704
_14250_, 354.64, 535.84, 1.79704
_16973_, 354.64, 535.84, 1.79704
hold365, 354.64, 535.84, 1.79704
_12108_, 367.44, 535.84, 1.79699
_14240_, 367.44, 535.84, 1.79699
_14251_, 367.44, 535.84, 1.79699
_16740_, 367.44, 535.84, 1.79699
FILLER_0_192_773, 367.44, 535.84, 1.79699
FILLER_0_192_780, 367.44, 535.84, 1.79699
_12105_, 380.24, 535.84, 1.79696
_14241_, 380.24, 535.84, 1.79696
FILLER_0_193_808, 380.24, 535.84, 1.79696
FILLER_0_193_822, 380.24, 535.84, 1.79696
_08247_, 393.04, 535.84, 1.79693
_08251_, 393.04, 535.84, 1.79693
_14223_, 393.04, 535.84, 1.79693
_14233_, 393.04, 535.84, 1.79693
_08241_, 405.84, 535.84, 1.7969
_09787_, 405.84, 535.84, 1.7969
_12102_, 405.84, 535.84, 1.7969
_12103_, 405.84, 535.84, 1.7969
FILLER_0_193_876, 405.84, 535.84, 1.7969
FILLER_0_193_884, 405.84, 535.84, 1.7969
_12100_, 418.64, 535.84, 1.79687
_14181_, 418.64, 535.84, 1.79687
_14213_, 418.64, 535.84, 1.79687
_14214_, 418.64, 535.84, 1.79687
FILLER_0_192_893, 418.64, 535.84, 1.79687
FILLER_0_193_891, 418.64, 535.84, 1.79687
_12092_, 431.44, 535.84, 1.79684
_12093_, 431.44, 535.84, 1.79684
_12099_, 431.44, 535.84, 1.79684
FILLER_0_193_947, 444.24, 535.84, 1.79682
FILLER_0_192_976, 457.04, 535.84, 1.79679
FILLER_0_193_1001, 469.84, 535.84, 1.79677
FILLER_0_193_1057, 495.44, 535.84, 1.79673
FILLER_0_192_1085, 508.24, 535.84, 1.79672
FILLER_0_193_1113, 521.04, 535.84, 1.79671
FILLER_0_192_1141, 533.84, 535.84, 1.7967
FILLER_0_193_1169, 546.64, 535.84, 1.79669
FILLER_0_192_1197, 559.44, 535.84, 1.79668
FILLER_0_193_1225, 572.24, 535.84, 1.79667
FILLER_0_192_1253, 585.04, 535.84, 1.79666
FILLER_0_193_1281, 597.84, 535.84, 1.79665
FILLER_0_192_1309, 610.64, 535.84, 1.79664
FILLER_0_193_1337, 623.44, 535.84, 1.79663
PHY_380, 5.52, 530.4, 1.7979
PHY_382, 5.52, 530.4, 1.7979
FILLER_0_191_51, 34.64, 530.4, 1.79792
FILLER_0_192_77, 34.64, 530.4, 1.79792
FILLER_0_191_105, 47.44, 530.4, 1.79794
FILLER_0_190_133, 73.04, 530.4, 1.79798
FILLER_0_191_161, 85.84, 530.4, 1.798
hold232, 98.64, 530.4, 1.79803
FILLER_0_190_189, 98.64, 530.4, 1.79803
FILLER_0_191_217, 111.44, 530.4, 1.79805
FILLER_0_190_253, 124.24, 530.4, 1.79807
hold144, 137.04, 530.4, 1.79809
FILLER_0_191_273, 137.04, 530.4, 1.79809
FILLER_0_191_329, 162.64, 530.4, 1.79814
FILLER_0_191_385, 188.24, 530.4, 1.79807
FILLER_0_190_413, 201.04, 530.4, 1.79798
FILLER_0_191_441, 213.84, 530.4, 1.79789
FILLER_0_190_469, 226.64, 530.4, 1.7978
FILLER_0_191_497, 239.44, 530.4, 1.79771
FILLER_0_190_525, 252.24, 530.4, 1.79762
_16652_, 265.04, 530.4, 1.79752
FILLER_0_190_557, 265.04, 530.4, 1.79752
FILLER_0_191_553, 265.04, 530.4, 1.79752
FILLER_0_191_578, 265.04, 530.4, 1.79752
FILLER_0_192_569, 265.04, 530.4, 1.79752
FILLER_0_192_577, 265.04, 530.4, 1.79752
_08340_, 277.84, 530.4, 1.79744
_09964_, 277.84, 530.4, 1.79744
_16604_, 277.84, 530.4, 1.79744
FILLER_0_190_582, 277.84, 530.4, 1.79744
FILLER_0_190_592, 277.84, 530.4, 1.79744
FILLER_0_192_601, 277.84, 530.4, 1.79744
_09962_, 290.64, 530.4, 1.79736
_14302_, 290.64, 530.4, 1.79736
FILLER_0_191_608, 290.64, 530.4, 1.79736
_09821_, 303.44, 530.4, 1.79729
_16569_, 303.44, 530.4, 1.79729
FILLER_0_191_650, 303.44, 530.4, 1.79729
FILLER_0_192_657, 303.44, 530.4, 1.79729
_09815_, 316.24, 530.4, 1.79722
_16568_, 316.24, 530.4, 1.79722
FILLER_0_191_669, 316.24, 530.4, 1.79722
FILLER_0_192_684, 316.24, 530.4, 1.79722
_09806_, 341.84, 530.4, 1.79709
_14151_, 341.84, 530.4, 1.79709
_14309_, 341.84, 530.4, 1.79709
FILLER_0_191_723, 341.84, 530.4, 1.79709
FILLER_0_192_742, 341.84, 530.4, 1.79709
FILLER_0_190_751, 354.64, 530.4, 1.79702
FILLER_0_190_757, 354.64, 530.4, 1.79702
_09801_, 367.44, 530.4, 1.79696
_12090_, 367.44, 530.4, 1.79696
_12107_, 367.44, 530.4, 1.79696
FILLER_0_191_797, 367.44, 530.4, 1.79696
_09796_, 380.24, 530.4, 1.79689
_08243_, 393.04, 530.4, 1.79683
_08245_, 393.04, 530.4, 1.79683
_08246_, 393.04, 530.4, 1.79683
_08249_, 393.04, 530.4, 1.79683
_08250_, 393.04, 530.4, 1.79683
_08252_, 393.04, 530.4, 1.79683
_09792_, 393.04, 530.4, 1.79683
_16563_, 393.04, 530.4, 1.79683
FILLER_0_191_832, 393.04, 530.4, 1.79683
FILLER_0_191_851, 393.04, 530.4, 1.79683
FILLER_0_192_856, 393.04, 530.4, 1.79683
_09788_, 405.84, 530.4, 1.79677
_16562_, 405.84, 530.4, 1.79677
FILLER_0_190_869, 405.84, 530.4, 1.79677
FILLER_0_191_871, 405.84, 530.4, 1.79677
_12091_, 418.64, 530.4, 1.79673
clkbuf_leaf_97_clk, 418.64, 530.4, 1.79673
FILLER_0_192_906, 418.64, 530.4, 1.79673
_16735_, 431.44, 530.4, 1.79672
FILLER_0_190_914, 431.44, 530.4, 1.79672
FILLER_0_190_925, 431.44, 530.4, 1.79672
FILLER_0_191_921, 431.44, 530.4, 1.79672
FILLER_0_191_942, 444.24, 530.4, 1.79672
FILLER_0_190_971, 457.04, 530.4, 1.79671
FILLER_0_191_1001, 469.84, 530.4, 1.79671
FILLER_0_191_1057, 495.44, 530.4, 1.7967
FILLER_0_190_1085, 508.24, 530.4, 1.79669
FILLER_0_191_1113, 521.04, 530.4, 1.79668
FILLER_0_190_1141, 533.84, 530.4, 1.79667
FILLER_0_191_1169, 546.64, 530.4, 1.79667
FILLER_0_190_1197, 559.44, 530.4, 1.79666
FILLER_0_191_1225, 572.24, 530.4, 1.79665
FILLER_0_190_1253, 585.04, 530.4, 1.79664
FILLER_0_191_1281, 597.84, 530.4, 1.79663
FILLER_0_190_1309, 610.64, 530.4, 1.79662
FILLER_0_191_1337, 623.44, 530.4, 1.79661
PHY_376, 5.52, 524.96, 1.79789
PHY_378, 5.52, 524.96, 1.79789
FILLER_0_189_51, 34.64, 524.96, 1.79788
FILLER_0_190_77, 34.64, 524.96, 1.79788
FILLER_0_189_105, 47.44, 524.96, 1.79787
FILLER_0_188_133, 73.04, 524.96, 1.79785
_16804_, 85.84, 524.96, 1.79784
FILLER_0_189_161, 85.84, 524.96, 1.79784
FILLER_0_189_169, 85.84, 524.96, 1.79784
_10207_, 98.64, 524.96, 1.79784
_16660_, 98.64, 524.96, 1.79784
hold221, 98.64, 524.96, 1.79784
FILLER_0_188_197, 98.64, 524.96, 1.79784
FILLER_0_189_195, 98.64, 524.96, 1.79784
_16803_, 111.44, 524.96, 1.79785
clkbuf_leaf_52_clk, 111.44, 524.96, 1.79785
FILLER_0_188_225, 111.44, 524.96, 1.79785
FILLER_0_189_237, 111.44, 524.96, 1.79785
FILLER_0_190_244, 111.44, 524.96, 1.79785
_10204_, 124.24, 524.96, 1.79791
_12282_, 124.24, 524.96, 1.79791
_12283_, 124.24, 524.96, 1.79791
_16659_, 124.24, 524.96, 1.79791
hold186, 124.24, 524.96, 1.79791
FILLER_0_188_279, 137.04, 524.96, 1.79798
FILLER_0_189_276, 137.04, 524.96, 1.79798
FILLER_0_190_299, 137.04, 524.96, 1.79798
FILLER_0_188_302, 149.84, 524.96, 1.79805
FILLER_0_189_329, 162.64, 524.96, 1.79812
FILLER_0_189_385, 188.24, 524.96, 1.7981
FILLER_0_188_413, 201.04, 524.96, 1.79801
FILLER_0_189_441, 213.84, 524.96, 1.79792
FILLER_0_188_469, 226.64, 524.96, 1.79782
FILLER_0_189_497, 239.44, 524.96, 1.79773
FILLER_0_188_525, 252.24, 524.96, 1.79764
_10184_, 265.04, 524.96, 1.79754
_10185_, 265.04, 524.96, 1.79754
_16747_, 265.04, 524.96, 1.79754
FILLER_0_189_553, 265.04, 524.96, 1.79754
_08341_, 277.84, 524.96, 1.79746
_08343_, 277.84, 524.96, 1.79746
_10022_, 277.84, 524.96, 1.79746
FILLER_0_188_583, 277.84, 524.96, 1.79746
_09963_, 290.64, 524.96, 1.79737
_10021_, 290.64, 524.96, 1.79737
_16570_, 290.64, 524.96, 1.79737
FILLER_0_189_608, 290.64, 524.96, 1.79737
_09814_, 303.44, 524.96, 1.79729
_09816_, 303.44, 524.96, 1.79729
_09820_, 303.44, 524.96, 1.79729
_16586_, 303.44, 524.96, 1.79729
FILLER_0_188_639, 303.44, 524.96, 1.79729
FILLER_0_189_638, 303.44, 524.96, 1.79729
FILLER_0_189_651, 303.44, 524.96, 1.79729
FILLER_0_190_653, 303.44, 524.96, 1.79729
_09812_, 316.24, 524.96, 1.79723
_16585_, 316.24, 524.96, 1.79723
FILLER_0_189_664, 316.24, 524.96, 1.79723
FILLER_0_189_685, 316.24, 524.96, 1.79723
FILLER_0_190_676, 316.24, 524.96, 1.79723
FILLER_0_188_725, 341.84, 524.96, 1.7971
FILLER_0_189_725, 341.84, 524.96, 1.7971
FILLER_0_189_741, 341.84, 524.96, 1.7971
_08346_, 354.64, 524.96, 1.79704
_08348_, 354.64, 524.96, 1.79704
_09800_, 354.64, 524.96, 1.79704
_16566_, 354.64, 524.96, 1.79704
FILLER_0_188_753, 354.64, 524.96, 1.79704
FILLER_0_189_762, 354.64, 524.96, 1.79704
FILLER_0_189_770, 354.64, 524.96, 1.79704
_09781_, 367.44, 524.96, 1.79698
_09786_, 367.44, 524.96, 1.79698
_09791_, 367.44, 524.96, 1.79698
_09797_, 367.44, 524.96, 1.79698
_09802_, 367.44, 524.96, 1.79698
_16565_, 367.44, 524.96, 1.79698
FILLER_0_188_781, 367.44, 524.96, 1.79698
FILLER_0_189_781, 367.44, 524.96, 1.79698
FILLER_0_189_785, 367.44, 524.96, 1.79698
_09793_, 380.24, 524.96, 1.79693
_16564_, 380.24, 524.96, 1.79693
FILLER_0_189_809, 380.24, 524.96, 1.79693
_16606_, 393.04, 524.96, 1.79689
FILLER_0_189_835, 393.04, 524.96, 1.79689
FILLER_0_190_854, 393.04, 524.96, 1.79689
_09783_, 405.84, 524.96, 1.79685
FILLER_0_188_859, 405.84, 524.96, 1.79685
FILLER_0_188_869, 405.84, 524.96, 1.79685
FILLER_0_189_877, 405.84, 524.96, 1.79685
_09753_, 418.64, 524.96, 1.79682
_09782_, 418.64, 524.96, 1.79682
_10235_, 418.64, 524.96, 1.79682
_10236_, 418.64, 524.96, 1.79682
_16671_, 418.64, 524.96, 1.79682
FILLER_0_188_890, 418.64, 524.96, 1.79682
FILLER_0_188_898, 418.64, 524.96, 1.79682
FILLER_0_189_885, 418.64, 524.96, 1.79682
_09977_, 431.44, 524.96, 1.79679
_09978_, 431.44, 524.96, 1.79679
_10134_, 431.44, 524.96, 1.79679
_16607_, 431.44, 524.96, 1.79679
FILLER_0_189_917, 431.44, 524.96, 1.79679
FILLER_0_188_975, 457.04, 524.96, 1.79675
FILLER_0_189_1001, 469.84, 524.96, 1.79673
FILLER_0_189_1057, 495.44, 524.96, 1.7967
FILLER_0_188_1085, 508.24, 524.96, 1.79669
FILLER_0_189_1113, 521.04, 524.96, 1.79668
FILLER_0_188_1141, 533.84, 524.96, 1.79667
FILLER_0_189_1169, 546.64, 524.96, 1.79666
FILLER_0_188_1197, 559.44, 524.96, 1.79665
FILLER_0_189_1225, 572.24, 524.96, 1.79664
FILLER_0_188_1253, 585.04, 524.96, 1.79663
FILLER_0_189_1281, 597.84, 524.96, 1.79662
FILLER_0_188_1309, 610.64, 524.96, 1.79661
FILLER_0_189_1337, 623.44, 524.96, 1.7966
FILLER_0_189_1357, 623.44, 524.96, 1.7966
_08315_, 5.52, 519.52, 1.79791
PHY_372, 5.52, 519.52, 1.79791
PHY_374, 5.52, 519.52, 1.79791
output64, 5.52, 519.52, 1.79791
FILLER_0_188_3, 5.52, 519.52, 1.79791
FILLER_0_188_21, 13.68, 519.52, 1.79791
FILLER_0_187_53, 34.64, 519.52, 1.79792
FILLER_0_188_77, 34.64, 519.52, 1.79792
_09725_, 47.44, 519.52, 1.79794
FILLER_0_186_85, 47.44, 519.52, 1.79794
FILLER_0_187_105, 47.44, 519.52, 1.79794
_12284_, 85.84, 519.52, 1.79798
_12285_, 85.84, 519.52, 1.79798
_16820_, 85.84, 519.52, 1.79798
FILLER_0_186_165, 85.84, 519.52, 1.79798
FILLER_0_187_161, 85.84, 519.52, 1.79798
FILLER_0_188_177, 85.84, 519.52, 1.79798
_10206_, 98.64, 519.52, 1.79801
_13110_, 98.64, 519.52, 1.79801
_12326_, 111.44, 519.52, 1.79803
_16819_, 111.44, 519.52, 1.79803
FILLER_0_186_218, 111.44, 519.52, 1.79803
FILLER_0_187_217, 111.44, 519.52, 1.79803
_10205_, 124.24, 519.52, 1.79807
_12281_, 124.24, 519.52, 1.79807
_13101_, 124.24, 519.52, 1.79807
_16802_, 124.24, 519.52, 1.79807
FILLER_0_186_249, 124.24, 519.52, 1.79807
FILLER_0_187_252, 124.24, 519.52, 1.79807
_09598_, 137.04, 519.52, 1.79812
FILLER_0_186_277, 137.04, 519.52, 1.79812
FILLER_0_186_285, 137.04, 519.52, 1.79812
_12410_, 149.84, 519.52, 1.79817
FILLER_0_186_303, 149.84, 519.52, 1.79817
FILLER_0_187_329, 162.64, 519.52, 1.79822
FILLER_0_187_385, 188.24, 519.52, 1.79815
FILLER_0_186_413, 201.04, 519.52, 1.79804
FILLER_0_187_441, 213.84, 519.52, 1.79792
FILLER_0_186_469, 226.64, 519.52, 1.7978
FILLER_0_187_497, 239.44, 519.52, 1.79768
FILLER_0_186_525, 252.24, 519.52, 1.79756
_12130_, 265.04, 519.52, 1.79745
_12131_, 265.04, 519.52, 1.79745
_12132_, 265.04, 519.52, 1.79745
FILLER_0_187_553, 265.04, 519.52, 1.79745
FILLER_0_187_561, 265.04, 519.52, 1.79745
FILLER_0_187_567, 265.04, 519.52, 1.79745
_16620_, 277.84, 519.52, 1.79733
clkbuf_leaf_59_clk, 277.84, 519.52, 1.79733
FILLER_0_186_581, 277.84, 519.52, 1.79733
_09825_, 290.64, 519.52, 1.79726
_10020_, 290.64, 519.52, 1.79726
_16571_, 290.64, 519.52, 1.79726
FILLER_0_187_622, 290.64, 519.52, 1.79726
_09824_, 303.44, 519.52, 1.7972
_09900_, 303.44, 519.52, 1.7972
_09903_, 303.44, 519.52, 1.7972
hold58, 303.44, 519.52, 1.7972
FILLER_0_186_634, 303.44, 519.52, 1.7972
FILLER_0_187_646, 303.44, 519.52, 1.7972
FILLER_0_188_661, 303.44, 519.52, 1.7972
_09765_, 316.24, 519.52, 1.79714
_09894_, 316.24, 519.52, 1.79714
_09896_, 316.24, 519.52, 1.79714
_09914_, 316.24, 519.52, 1.79714
_09972_, 316.24, 519.52, 1.79714
clkbuf_leaf_60_clk, 316.24, 519.52, 1.79714
hold63, 316.24, 519.52, 1.79714
FILLER_0_187_669, 316.24, 519.52, 1.79714
FILLER_0_187_687, 316.24, 519.52, 1.79714
_08345_, 341.84, 519.52, 1.79702
_09968_, 341.84, 519.52, 1.79702
_09969_, 341.84, 519.52, 1.79702
_10189_, 341.84, 519.52, 1.79702
_16605_, 341.84, 519.52, 1.79702
FILLER_0_186_718, 341.84, 519.52, 1.79702
FILLER_0_188_733, 341.84, 519.52, 1.79702
FILLER_0_188_745, 341.84, 519.52, 1.79702
_10187_, 354.64, 519.52, 1.79693
_10188_, 354.64, 519.52, 1.79693
_16653_, 354.64, 519.52, 1.79693
_09752_, 367.44, 519.52, 1.79685
clkbuf_leaf_88_clk, 367.44, 519.52, 1.79685
FILLER_0_187_781, 367.44, 519.52, 1.79685
FILLER_0_187_785, 367.44, 519.52, 1.79685
FILLER_0_188_789, 367.44, 519.52, 1.79685
_10131_, 380.24, 519.52, 1.79682
_10135_, 380.24, 519.52, 1.79682
_10136_, 380.24, 519.52, 1.79682
_16638_, 380.24, 519.52, 1.79682
FILLER_0_187_807, 380.24, 519.52, 1.79682
FILLER_0_188_825, 380.24, 519.52, 1.79682
_08244_, 393.04, 519.52, 1.79679
_09970_, 393.04, 519.52, 1.79679
_09974_, 393.04, 519.52, 1.79679
_09975_, 393.04, 519.52, 1.79679
FILLER_0_187_830, 393.04, 519.52, 1.79679
FILLER_0_187_851, 393.04, 519.52, 1.79679
_09757_, 405.84, 519.52, 1.79676
_09758_, 405.84, 519.52, 1.79676
_09761_, 405.84, 519.52, 1.79676
_09762_, 405.84, 519.52, 1.79676
_16558_, 405.84, 519.52, 1.79676
FILLER_0_186_862, 405.84, 519.52, 1.79676
FILLER_0_188_877, 405.84, 519.52, 1.79676
_10234_, 418.64, 519.52, 1.79674
_16559_, 418.64, 519.52, 1.79674
FILLER_0_187_890, 418.64, 519.52, 1.79674
_09915_, 431.44, 519.52, 1.79672
_09973_, 431.44, 519.52, 1.79672
_09976_, 431.44, 519.52, 1.79672
FILLER_0_186_925, 431.44, 519.52, 1.79672
FILLER_0_187_933, 431.44, 519.52, 1.79672
_09923_, 444.24, 519.52, 1.79671
_09980_, 444.24, 519.52, 1.79671
_16592_, 444.24, 519.52, 1.79671
FILLER_0_186_942, 444.24, 519.52, 1.79671
FILLER_0_186_972, 457.04, 519.52, 1.7967
FILLER_0_187_1004, 469.84, 519.52, 1.79669
FILLER_0_187_1057, 495.44, 519.52, 1.79668
FILLER_0_186_1085, 508.24, 519.52, 1.79667
FILLER_0_187_1113, 521.04, 519.52, 1.79666
FILLER_0_186_1141, 533.84, 519.52, 1.79665
FILLER_0_187_1169, 546.64, 519.52, 1.79664
FILLER_0_186_1197, 559.44, 519.52, 1.79663
FILLER_0_187_1225, 572.24, 519.52, 1.79662
FILLER_0_186_1253, 585.04, 519.52, 1.79661
FILLER_0_187_1281, 597.84, 519.52, 1.7966
FILLER_0_186_1309, 610.64, 519.52, 1.79659
FILLER_0_187_1337, 623.44, 519.52, 1.79658
PHY_368, 5.52, 514.08, 1.79789
PHY_370, 5.52, 514.08, 1.79789
_09624_, 34.64, 514.08, 1.79787
_12539_, 34.64, 514.08, 1.79787
FILLER_0_184_53, 34.64, 514.08, 1.79787
FILLER_0_185_51, 34.64, 514.08, 1.79787
FILLER_0_186_77, 34.64, 514.08, 1.79787
_09724_, 47.44, 514.08, 1.79785
_16555_, 47.44, 514.08, 1.79785
hold204, 47.44, 514.08, 1.79785
FILLER_0_184_85, 47.44, 514.08, 1.79785
_12391_, 60.24, 514.08, 1.79784
_16843_, 60.24, 514.08, 1.79784
clkbuf_leaf_51_clk, 60.24, 514.08, 1.79784
FILLER_0_185_125, 60.24, 514.08, 1.79784
_16556_, 73.04, 514.08, 1.79787
FILLER_0_185_160, 73.04, 514.08, 1.79787
_12328_, 85.84, 514.08, 1.79791
_12329_, 85.84, 514.08, 1.79791
FILLER_0_185_169, 85.84, 514.08, 1.79791
FILLER_0_185_179, 85.84, 514.08, 1.79791
_16852_, 98.64, 514.08, 1.79795
hold163, 98.64, 514.08, 1.79795
FILLER_0_184_197, 98.64, 514.08, 1.79795
FILLER_0_185_197, 98.64, 514.08, 1.79795
_12325_, 111.44, 514.08, 1.798
hold94, 111.44, 514.08, 1.798
hold343, 111.44, 514.08, 1.798
FILLER_0_185_217, 111.44, 514.08, 1.798
FILLER_0_185_236, 111.44, 514.08, 1.798
FILLER_0_185_244, 111.44, 514.08, 1.798
_10203_, 124.24, 514.08, 1.79806
_12280_, 124.24, 514.08, 1.79806
hold299, 124.24, 514.08, 1.79806
hold640, 124.24, 514.08, 1.79806
FILLER_0_184_249, 124.24, 514.08, 1.79806
FILLER_0_184_253, 124.24, 514.08, 1.79806
FILLER_0_185_256, 124.24, 514.08, 1.79806
_09594_, 137.04, 514.08, 1.79812
_09705_, 137.04, 514.08, 1.79812
_12324_, 137.04, 514.08, 1.79812
_16546_, 137.04, 514.08, 1.79812
hold175, 137.04, 514.08, 1.79812
FILLER_0_185_276, 137.04, 514.08, 1.79812
_12409_, 149.84, 514.08, 1.79819
_16851_, 149.84, 514.08, 1.79819
hold354, 149.84, 514.08, 1.79819
FILLER_0_185_329, 162.64, 514.08, 1.79827
FILLER_0_185_385, 188.24, 514.08, 1.79825
FILLER_0_184_413, 201.04, 514.08, 1.79815
FILLER_0_185_441, 213.84, 514.08, 1.79805
FILLER_0_184_469, 226.64, 514.08, 1.79795
FILLER_0_185_497, 239.44, 514.08, 1.79785
FILLER_0_184_525, 252.24, 514.08, 1.79775
_16683_, 265.04, 514.08, 1.79765
FILLER_0_184_557, 265.04, 514.08, 1.79765
FILLER_0_185_553, 265.04, 514.08, 1.79765
FILLER_0_185_577, 265.04, 514.08, 1.79765
_08337_, 277.84, 514.08, 1.79756
_10276_, 277.84, 514.08, 1.79756
_14137_, 277.84, 514.08, 1.79756
FILLER_0_184_585, 277.84, 514.08, 1.79756
_14138_, 290.64, 514.08, 1.79746
_14295_, 290.64, 514.08, 1.79746
FILLER_0_185_617, 290.64, 514.08, 1.79746
FILLER_0_186_622, 290.64, 514.08, 1.79746
_09899_, 303.44, 514.08, 1.79737
hold68, 303.44, 514.08, 1.79737
FILLER_0_184_645, 303.44, 514.08, 1.79737
FILLER_0_185_636, 303.44, 514.08, 1.79737
FILLER_0_185_644, 303.44, 514.08, 1.79737
_09892_, 316.24, 514.08, 1.79728
_09895_, 316.24, 514.08, 1.79728
_16584_, 316.24, 514.08, 1.79728
FILLER_0_185_662, 316.24, 514.08, 1.79728
FILLER_0_185_680, 316.24, 514.08, 1.79728
_08347_, 341.84, 514.08, 1.79713
_09967_, 341.84, 514.08, 1.79713
_14311_, 341.84, 514.08, 1.79713
FILLER_0_185_719, 341.84, 514.08, 1.79713
FILLER_0_185_729, 341.84, 514.08, 1.79713
_16582_, 354.64, 514.08, 1.79705
FILLER_0_184_749, 354.64, 514.08, 1.79705
FILLER_0_184_757, 354.64, 514.08, 1.79705
FILLER_0_185_770, 354.64, 514.08, 1.79705
FILLER_0_186_766, 354.64, 514.08, 1.79705
_09878_, 367.44, 514.08, 1.79699
_09882_, 367.44, 514.08, 1.79699
_09885_, 367.44, 514.08, 1.79699
_16581_, 367.44, 514.08, 1.79699
hold83, 367.44, 514.08, 1.79699
hold121, 367.44, 514.08, 1.79699
FILLER_0_185_792, 367.44, 514.08, 1.79699
FILLER_0_186_788, 367.44, 514.08, 1.79699
_08248_, 380.24, 514.08, 1.79693
hold82, 380.24, 514.08, 1.79693
hold90, 380.24, 514.08, 1.79693
FILLER_0_184_806, 380.24, 514.08, 1.79693
FILLER_0_185_823, 380.24, 514.08, 1.79693
_16590_, 393.04, 514.08, 1.79688
FILLER_0_185_833, 393.04, 514.08, 1.79688
_09865_, 405.84, 514.08, 1.79683
FILLER_0_186_876, 405.84, 514.08, 1.79683
_08261_, 418.64, 514.08, 1.79678
_14184_, 418.64, 514.08, 1.79678
ANTENNA_15, 418.64, 514.08, 1.79678
FILLER_0_184_892, 418.64, 514.08, 1.79678
FILLER_0_185_889, 418.64, 514.08, 1.79678
_08254_, 431.44, 514.08, 1.79673
_08260_, 431.44, 514.08, 1.79673
_08262_, 431.44, 514.08, 1.79673
ANTENNA_12, 431.44, 514.08, 1.79673
ANTENNA_14, 431.44, 514.08, 1.79673
FILLER_0_184_917, 431.44, 514.08, 1.79673
FILLER_0_184_925, 431.44, 514.08, 1.79673
_09924_, 444.24, 514.08, 1.79669
_09925_, 444.24, 514.08, 1.79669
clkbuf_leaf_98_clk, 444.24, 514.08, 1.79669
hold78, 444.24, 514.08, 1.79669
ANTENNA_13, 444.24, 514.08, 1.79669
FILLER_0_184_940, 444.24, 514.08, 1.79669
FILLER_0_185_948, 444.24, 514.08, 1.79669
FILLER_0_185_960, 444.24, 514.08, 1.79669
_12661_, 457.04, 514.08, 1.79668
FILLER_0_184_973, 457.04, 514.08, 1.79668
FILLER_0_185_998, 469.84, 514.08, 1.79668
FILLER_0_185_1057, 495.44, 514.08, 1.79666
FILLER_0_184_1085, 508.24, 514.08, 1.79665
FILLER_0_185_1113, 521.04, 514.08, 1.79664
FILLER_0_184_1141, 533.84, 514.08, 1.79664
FILLER_0_185_1169, 546.64, 514.08, 1.79663
FILLER_0_184_1197, 559.44, 514.08, 1.79662
FILLER_0_185_1225, 572.24, 514.08, 1.79661
FILLER_0_184_1253, 585.04, 514.08, 1.7966
FILLER_0_185_1281, 597.84, 514.08, 1.79659
FILLER_0_184_1309, 610.64, 514.08, 1.79658
FILLER_0_185_1337, 623.44, 514.08, 1.79657
PHY_364, 5.52, 508.64, 1.79789
PHY_366, 5.52, 508.64, 1.79789
_09680_, 34.64, 508.64, 1.79785
_12350_, 34.64, 508.64, 1.79785
_12538_, 34.64, 508.64, 1.79785
_16907_, 34.64, 508.64, 1.79785
hold345, 34.64, 508.64, 1.79785
FILLER_0_183_51, 34.64, 508.64, 1.79785
FILLER_0_183_68, 34.64, 508.64, 1.79785
_13190_, 47.44, 508.64, 1.79782
hold296, 47.44, 508.64, 1.79782
FILLER_0_182_80, 47.44, 508.64, 1.79782
FILLER_0_184_100, 47.44, 508.64, 1.79782
_12223_, 60.24, 508.64, 1.7978
_12390_, 60.24, 508.64, 1.7978
_16908_, 60.24, 508.64, 1.7978
hold110, 60.24, 508.64, 1.7978
hold180, 60.24, 508.64, 1.7978
FILLER_0_184_129, 60.24, 508.64, 1.7978
_09627_, 73.04, 508.64, 1.79779
_09726_, 73.04, 508.64, 1.79779
_09727_, 73.04, 508.64, 1.79779
_13201_, 73.04, 508.64, 1.79779
_16844_, 73.04, 508.64, 1.79779
hold117, 73.04, 508.64, 1.79779
FILLER_0_182_136, 73.04, 508.64, 1.79779
_12393_, 85.84, 508.64, 1.7978
_16516_, 85.84, 508.64, 1.7978
clkbuf_leaf_46_clk, 85.84, 508.64, 1.7978
hold278, 85.84, 508.64, 1.7978
FILLER_0_183_164, 85.84, 508.64, 1.7978
FILLER_0_184_188, 85.84, 508.64, 1.7978
_09709_, 98.64, 508.64, 1.79785
_12411_, 98.64, 508.64, 1.79785
_12412_, 98.64, 508.64, 1.79785
_16548_, 98.64, 508.64, 1.79785
hold378, 98.64, 508.64, 1.79785
FILLER_0_183_216, 98.64, 508.64, 1.79785
_12323_, 111.44, 508.64, 1.79791
_16514_, 111.44, 508.64, 1.79791
_16818_, 111.44, 508.64, 1.79791
_09596_, 124.24, 508.64, 1.798
_10202_, 124.24, 508.64, 1.798
_16658_, 124.24, 508.64, 1.798
FILLER_0_182_247, 124.24, 508.64, 1.798
FILLER_0_182_253, 124.24, 508.64, 1.798
_09654_, 137.04, 508.64, 1.79809
_09704_, 137.04, 508.64, 1.79809
hold425, 137.04, 508.64, 1.79809
FILLER_0_182_280, 137.04, 508.64, 1.79809
FILLER_0_183_274, 137.04, 508.64, 1.79809
_12197_, 149.84, 508.64, 1.79819
_12408_, 149.84, 508.64, 1.79819
_16850_, 149.84, 508.64, 1.79819
FILLER_0_182_304, 149.84, 508.64, 1.79819
FILLER_0_183_305, 149.84, 508.64, 1.79819
FILLER_0_183_314, 149.84, 508.64, 1.79819
FILLER_0_183_326, 149.84, 508.64, 1.79819
FILLER_0_184_355, 162.64, 508.64, 1.79829
FILLER_0_183_385, 188.24, 508.64, 1.79826
FILLER_0_182_413, 201.04, 508.64, 1.79812
FILLER_0_183_441, 213.84, 508.64, 1.79798
FILLER_0_182_469, 226.64, 508.64, 1.79784
FILLER_0_183_497, 239.44, 508.64, 1.79771
FILLER_0_182_525, 252.24, 508.64, 1.79757
_10277_, 265.04, 508.64, 1.79743
_10278_, 265.04, 508.64, 1.79743
FILLER_0_183_553, 265.04, 508.64, 1.79743
FILLER_0_183_573, 265.04, 508.64, 1.79743
_14294_, 277.84, 508.64, 1.79729
clkbuf_5_15__f_clk, 277.84, 508.64, 1.79729
FILLER_0_182_579, 277.84, 508.64, 1.79729
_14304_, 290.64, 508.64, 1.79724
_16587_, 290.64, 508.64, 1.79724
FILLER_0_183_613, 290.64, 508.64, 1.79724
FILLER_0_183_617, 290.64, 508.64, 1.79724
FILLER_0_184_623, 290.64, 508.64, 1.79724
_09889_, 303.44, 508.64, 1.7972
_09902_, 303.44, 508.64, 1.7972
hold47, 303.44, 508.64, 1.7972
FILLER_0_182_634, 303.44, 508.64, 1.7972
FILLER_0_182_645, 303.44, 508.64, 1.7972
FILLER_0_183_642, 303.44, 508.64, 1.7972
FILLER_0_183_656, 303.44, 508.64, 1.7972
FILLER_0_184_659, 303.44, 508.64, 1.7972
_09841_, 316.24, 508.64, 1.79716
_09888_, 316.24, 508.64, 1.79716
_09891_, 316.24, 508.64, 1.79716
_09893_, 316.24, 508.64, 1.79716
_09897_, 316.24, 508.64, 1.79716
FILLER_0_184_676, 316.24, 508.64, 1.79716
_14310_, 341.84, 508.64, 1.79702
hold43, 341.84, 508.64, 1.79702
FILLER_0_182_720, 341.84, 508.64, 1.79702
FILLER_0_183_722, 341.84, 508.64, 1.79702
_09879_, 354.64, 508.64, 1.79693
_13964_, 354.64, 508.64, 1.79693
_13977_, 354.64, 508.64, 1.79693
_13986_, 354.64, 508.64, 1.79693
_16583_, 354.64, 508.64, 1.79693
FILLER_0_183_772, 354.64, 508.64, 1.79693
_09870_, 367.44, 508.64, 1.79684
_09871_, 367.44, 508.64, 1.79684
_09873_, 367.44, 508.64, 1.79684
_09875_, 367.44, 508.64, 1.79684
_09877_, 367.44, 508.64, 1.79684
_09881_, 367.44, 508.64, 1.79684
_09884_, 367.44, 508.64, 1.79684
_16580_, 367.44, 508.64, 1.79684
FILLER_0_183_792, 367.44, 508.64, 1.79684
_16670_, 380.24, 508.64, 1.79677
_09916_, 393.04, 508.64, 1.7967
_09917_, 393.04, 508.64, 1.7967
_10231_, 393.04, 508.64, 1.7967
_10232_, 393.04, 508.64, 1.7967
_16579_, 393.04, 508.64, 1.7967
FILLER_0_183_854, 393.04, 508.64, 1.7967
_16578_, 405.84, 508.64, 1.79664
clkbuf_leaf_83_clk, 405.84, 508.64, 1.79664
hold86, 405.84, 508.64, 1.79664
hold87, 405.84, 508.64, 1.79664
FILLER_0_182_865, 405.84, 508.64, 1.79664
FILLER_0_182_869, 405.84, 508.64, 1.79664
FILLER_0_183_877, 405.84, 508.64, 1.79664
_14026_, 418.64, 508.64, 1.79664
hold54, 418.64, 508.64, 1.79664
FILLER_0_183_890, 418.64, 508.64, 1.79664
FILLER_0_183_897, 418.64, 508.64, 1.79664
_08258_, 431.44, 508.64, 1.79663
_09904_, 431.44, 508.64, 1.79663
FILLER_0_182_919, 431.44, 508.64, 1.79663
FILLER_0_182_925, 431.44, 508.64, 1.79663
_09926_, 444.24, 508.64, 1.79663
_09927_, 444.24, 508.64, 1.79663
_16593_, 444.24, 508.64, 1.79663
FILLER_0_182_949, 444.24, 508.64, 1.79663
FILLER_0_183_942, 444.24, 508.64, 1.79663
FILLER_0_184_965, 444.24, 508.64, 1.79663
_12660_, 457.04, 508.64, 1.79663
_16959_, 457.04, 508.64, 1.79663
hold356, 457.04, 508.64, 1.79663
FILLER_0_183_999, 469.84, 508.64, 1.79664
FILLER_0_183_1057, 495.44, 508.64, 1.79664
FILLER_0_182_1085, 508.24, 508.64, 1.79663
FILLER_0_183_1113, 521.04, 508.64, 1.79662
FILLER_0_182_1141, 533.84, 508.64, 1.79661
FILLER_0_183_1169, 546.64, 508.64, 1.7966
FILLER_0_182_1197, 559.44, 508.64, 1.7966
FILLER_0_183_1225, 572.24, 508.64, 1.79659
FILLER_0_182_1253, 585.04, 508.64, 1.79658
FILLER_0_183_1281, 597.84, 508.64, 1.79657
FILLER_0_182_1309, 610.64, 508.64, 1.79656
FILLER_0_183_1337, 623.44, 508.64, 1.79655
PHY_360, 5.52, 503.2, 1.79787
PHY_362, 5.52, 503.2, 1.79787
FILLER_0_180_15, 13.68, 503.2, 1.79787
_16906_, 34.64, 503.2, 1.79782
clkbuf_leaf_50_clk, 34.64, 503.2, 1.79782
FILLER_0_180_57, 34.64, 503.2, 1.79782
FILLER_0_181_57, 34.64, 503.2, 1.79782
_09722_, 47.44, 503.2, 1.79782
_09723_, 47.44, 503.2, 1.79782
_16554_, 47.44, 503.2, 1.79782
hold170, 47.44, 503.2, 1.79782
FILLER_0_180_79, 47.44, 503.2, 1.79782
FILLER_0_181_80, 47.44, 503.2, 1.79782
_12540_, 60.24, 503.2, 1.79784
_12541_, 60.24, 503.2, 1.79784
FILLER_0_181_107, 60.24, 503.2, 1.79784
_12353_, 73.04, 503.2, 1.79785
_12578_, 73.04, 503.2, 1.79785
FILLER_0_180_141, 73.04, 503.2, 1.79785
FILLER_0_181_152, 73.04, 503.2, 1.79785
_09602_, 85.84, 503.2, 1.79787
_09603_, 85.84, 503.2, 1.79787
_09683_, 85.84, 503.2, 1.79787
_12226_, 85.84, 503.2, 1.79787
_12392_, 85.84, 503.2, 1.79787
FILLER_0_181_165, 85.84, 503.2, 1.79787
_09601_, 98.64, 503.2, 1.79789
_09708_, 98.64, 503.2, 1.79789
clkbuf_leaf_45_clk, 98.64, 503.2, 1.79789
hold245, 98.64, 503.2, 1.79789
FILLER_0_180_197, 98.64, 503.2, 1.79789
FILLER_0_181_190, 98.64, 503.2, 1.79789
FILLER_0_182_213, 98.64, 503.2, 1.79789
_09597_, 111.44, 503.2, 1.79795
_12322_, 111.44, 503.2, 1.79795
_12375_, 111.44, 503.2, 1.79795
hold334, 111.44, 503.2, 1.79795
FILLER_0_180_222, 111.44, 503.2, 1.79795
_13090_, 124.24, 503.2, 1.79802
hold329, 124.24, 503.2, 1.79802
FILLER_0_180_253, 124.24, 503.2, 1.79802
FILLER_0_181_246, 124.24, 503.2, 1.79802
FILLER_0_181_271, 124.24, 503.2, 1.79802
_09650_, 137.04, 503.2, 1.7981
_12320_, 137.04, 503.2, 1.7981
_16547_, 137.04, 503.2, 1.7981
clkbuf_leaf_53_clk, 137.04, 503.2, 1.7981
hold280, 137.04, 503.2, 1.7981
FILLER_0_181_281, 137.04, 503.2, 1.7981
_09707_, 149.84, 503.2, 1.79823
_12193_, 149.84, 503.2, 1.79823
_12407_, 149.84, 503.2, 1.79823
hold322, 149.84, 503.2, 1.79823
FILLER_0_181_325, 149.84, 503.2, 1.79823
FILLER_0_181_333, 162.64, 503.2, 1.79837
FILLER_0_181_385, 188.24, 503.2, 1.79839
FILLER_0_180_413, 201.04, 503.2, 1.79828
FILLER_0_181_441, 213.84, 503.2, 1.79817
FILLER_0_180_469, 226.64, 503.2, 1.79806
FILLER_0_181_497, 239.44, 503.2, 1.79794
FILLER_0_180_525, 252.24, 503.2, 1.79783
_12133_, 265.04, 503.2, 1.79772
_12135_, 265.04, 503.2, 1.79772
_16748_, 265.04, 503.2, 1.79772
FILLER_0_180_557, 265.04, 503.2, 1.79772
FILLER_0_181_553, 265.04, 503.2, 1.79772
FILLER_0_181_577, 265.04, 503.2, 1.79772
FILLER_0_182_569, 265.04, 503.2, 1.79772
_08342_, 277.84, 503.2, 1.79762
_14303_, 277.84, 503.2, 1.79762
FILLER_0_180_580, 277.84, 503.2, 1.79762
FILLER_0_180_589, 277.84, 503.2, 1.79762
_14146_, 290.64, 503.2, 1.79751
_16588_, 290.64, 503.2, 1.79751
FILLER_0_181_617, 290.64, 503.2, 1.79751
_09844_, 303.44, 503.2, 1.79742
_09847_, 303.44, 503.2, 1.79742
_09906_, 303.44, 503.2, 1.79742
_09907_, 303.44, 503.2, 1.79742
ANTENNA_81, 303.44, 503.2, 1.79742
FILLER_0_180_641, 303.44, 503.2, 1.79742
FILLER_0_180_645, 303.44, 503.2, 1.79742
_09739_, 316.24, 503.2, 1.79733
_09750_, 316.24, 503.2, 1.79733
_09832_, 316.24, 503.2, 1.79733
_09912_, 316.24, 503.2, 1.79733
_09913_, 316.24, 503.2, 1.79733
_10229_, 316.24, 503.2, 1.79733
_10230_, 316.24, 503.2, 1.79733
FILLER_0_181_664, 316.24, 503.2, 1.79733
FILLER_0_181_680, 316.24, 503.2, 1.79733
FILLER_0_182_683, 316.24, 503.2, 1.79733
_09910_, 341.84, 503.2, 1.79717
_14152_, 341.84, 503.2, 1.79717
FILLER_0_180_724, 341.84, 503.2, 1.79717
_13955_, 354.64, 503.2, 1.79711
_13956_, 354.64, 503.2, 1.79711
_13978_, 354.64, 503.2, 1.79711
_13987_, 354.64, 503.2, 1.79711
FILLER_0_181_762, 354.64, 503.2, 1.79711
FILLER_0_182_771, 354.64, 503.2, 1.79711
_09874_, 367.44, 503.2, 1.79706
_10246_, 367.44, 503.2, 1.79706
_14203_, 367.44, 503.2, 1.79706
FILLER_0_182_789, 367.44, 503.2, 1.79706
_10228_, 380.24, 503.2, 1.797
_10233_, 380.24, 503.2, 1.797
_14044_, 380.24, 503.2, 1.797
FILLER_0_180_805, 380.24, 503.2, 1.797
FILLER_0_181_809, 380.24, 503.2, 1.797
FILLER_0_181_822, 380.24, 503.2, 1.797
_09842_, 393.04, 503.2, 1.79695
_09845_, 393.04, 503.2, 1.79695
_09848_, 393.04, 503.2, 1.79695
_09849_, 393.04, 503.2, 1.79695
_09868_, 393.04, 503.2, 1.79695
FILLER_0_180_837, 393.04, 503.2, 1.79695
FILLER_0_181_830, 393.04, 503.2, 1.79695
FILLER_0_181_854, 393.04, 503.2, 1.79695
FILLER_0_182_847, 393.04, 503.2, 1.79695
_09852_, 405.84, 503.2, 1.79691
_09853_, 405.84, 503.2, 1.79691
_09864_, 405.84, 503.2, 1.79691
_09867_, 405.84, 503.2, 1.79691
_16575_, 405.84, 503.2, 1.79691
FILLER_0_180_859, 405.84, 503.2, 1.79691
FILLER_0_180_869, 405.84, 503.2, 1.79691
_14185_, 418.64, 503.2, 1.79687
_14201_, 418.64, 503.2, 1.79687
_14204_, 418.64, 503.2, 1.79687
FILLER_0_181_886, 418.64, 503.2, 1.79687
FILLER_0_181_897, 418.64, 503.2, 1.79687
FILLER_0_181_910, 418.64, 503.2, 1.79687
_14021_, 431.44, 503.2, 1.79683
_14027_, 431.44, 503.2, 1.79683
_14179_, 431.44, 503.2, 1.79683
FILLER_0_180_917, 431.44, 503.2, 1.79683
FILLER_0_181_927, 431.44, 503.2, 1.79683
hold56, 444.24, 503.2, 1.79679
FILLER_0_182_959, 444.24, 503.2, 1.79679
FILLER_0_180_973, 457.04, 503.2, 1.79675
FILLER_0_181_1001, 469.84, 503.2, 1.79671
FILLER_0_181_1057, 495.44, 503.2, 1.79666
FILLER_0_180_1085, 508.24, 503.2, 1.79665
FILLER_0_181_1113, 521.04, 503.2, 1.79664
FILLER_0_180_1141, 533.84, 503.2, 1.79662
FILLER_0_181_1169, 546.64, 503.2, 1.79661
FILLER_0_180_1197, 559.44, 503.2, 1.7966
FILLER_0_181_1225, 572.24, 503.2, 1.79659
FILLER_0_180_1253, 585.04, 503.2, 1.79658
FILLER_0_181_1281, 597.84, 503.2, 1.79656
FILLER_0_180_1309, 610.64, 503.2, 1.79655
FILLER_0_181_1337, 623.44, 503.2, 1.79654
PHY_356, 5.52, 497.76, 1.79794
PHY_358, 5.52, 497.76, 1.79794
_12573_, 13.68, 497.76, 1.79794
_12574_, 13.68, 497.76, 1.79794
FILLER_0_179_15, 13.68, 497.76, 1.79794
FILLER_0_180_25, 13.68, 497.76, 1.79794
_09622_, 34.64, 497.76, 1.79794
_12536_, 34.64, 497.76, 1.79794
_12537_, 34.64, 497.76, 1.79794
FILLER_0_179_57, 34.64, 497.76, 1.79794
_10220_, 47.44, 497.76, 1.79795
_13174_, 47.44, 497.76, 1.79795
hold300, 47.44, 497.76, 1.79795
FILLER_0_178_85, 47.44, 497.76, 1.79795
_12388_, 60.24, 497.76, 1.79796
_12389_, 60.24, 497.76, 1.79796
_16842_, 60.24, 497.76, 1.79796
hold168, 60.24, 497.76, 1.79796
FILLER_0_178_107, 60.24, 497.76, 1.79796
FILLER_0_179_132, 60.24, 497.76, 1.79796
FILLER_0_180_127, 60.24, 497.76, 1.79796
_12577_, 73.04, 497.76, 1.79798
_16524_, 73.04, 497.76, 1.79798
_16924_, 73.04, 497.76, 1.79798
hold238, 73.04, 497.76, 1.79798
hold417, 73.04, 497.76, 1.79798
_09629_, 85.84, 497.76, 1.79802
_12523_, 85.84, 497.76, 1.79802
_16900_, 85.84, 497.76, 1.79802
FILLER_0_179_169, 85.84, 497.76, 1.79802
FILLER_0_180_183, 85.84, 497.76, 1.79802
_12522_, 98.64, 497.76, 1.79807
_13108_, 98.64, 497.76, 1.79807
hold271, 98.64, 497.76, 1.79807
FILLER_0_178_193, 98.64, 497.76, 1.79807
FILLER_0_178_197, 98.64, 497.76, 1.79807
_09599_, 111.44, 497.76, 1.79813
_09600_, 111.44, 497.76, 1.79813
_12374_, 111.44, 497.76, 1.79813
_16515_, 111.44, 497.76, 1.79813
_16836_, 111.44, 497.76, 1.79813
hold258, 111.44, 497.76, 1.79813
FILLER_0_179_234, 111.44, 497.76, 1.79813
_12520_, 124.24, 497.76, 1.7982
_12521_, 124.24, 497.76, 1.7982
_16899_, 124.24, 497.76, 1.7982
FILLER_0_178_247, 124.24, 497.76, 1.7982
FILLER_0_179_254, 124.24, 497.76, 1.7982
_09706_, 137.04, 497.76, 1.79829
_12558_, 137.04, 497.76, 1.79829
_13099_, 137.04, 497.76, 1.79829
_16915_, 137.04, 497.76, 1.79829
hold304, 137.04, 497.76, 1.79829
FILLER_0_178_277, 137.04, 497.76, 1.79829
FILLER_0_179_274, 137.04, 497.76, 1.79829
_12373_, 149.84, 497.76, 1.79839
FILLER_0_178_301, 149.84, 497.76, 1.79839
FILLER_0_178_309, 149.84, 497.76, 1.79839
hold124, 162.64, 497.76, 1.79849
FILLER_0_179_328, 162.64, 497.76, 1.79849
FILLER_0_179_385, 188.24, 497.76, 1.79842
FILLER_0_178_413, 201.04, 497.76, 1.79824
FILLER_0_179_441, 213.84, 497.76, 1.79807
FILLER_0_178_469, 226.64, 497.76, 1.79789
FILLER_0_179_497, 239.44, 497.76, 1.79772
clkbuf_5_14__f_clk, 252.24, 497.76, 1.79754
FILLER_0_178_525, 252.24, 497.76, 1.79754
_12134_, 265.04, 497.76, 1.79744
_16684_, 265.04, 497.76, 1.79744
clkbuf_leaf_63_clk, 265.04, 497.76, 1.79744
FILLER_0_178_553, 265.04, 497.76, 1.79744
FILLER_0_178_561, 265.04, 497.76, 1.79744
FILLER_0_179_553, 265.04, 497.76, 1.79744
FILLER_0_180_566, 265.04, 497.76, 1.79744
_10279_, 277.84, 497.76, 1.79737
_10280_, 277.84, 497.76, 1.79737
_14145_, 277.84, 497.76, 1.79737
_16572_, 277.84, 497.76, 1.79737
FILLER_0_178_580, 277.84, 497.76, 1.79737
FILLER_0_180_597, 277.84, 497.76, 1.79737
_09766_, 290.64, 497.76, 1.79732
_09828_, 290.64, 497.76, 1.79732
_09829_, 290.64, 497.76, 1.79732
FILLER_0_178_610, 290.64, 497.76, 1.79732
FILLER_0_179_609, 290.64, 497.76, 1.79732
FILLER_0_180_621, 290.64, 497.76, 1.79732
FILLER_0_180_633, 290.64, 497.76, 1.79732
_09818_, 303.44, 497.76, 1.79726
_13954_, 303.44, 497.76, 1.79726
_13963_, 303.44, 497.76, 1.79726
_13976_, 303.44, 497.76, 1.79726
FILLER_0_180_657, 303.44, 497.76, 1.79726
_09890_, 316.24, 497.76, 1.79721
_09971_, 316.24, 497.76, 1.79721
_10132_, 316.24, 497.76, 1.79721
_12085_, 316.24, 497.76, 1.79721
FILLER_0_178_665, 316.24, 497.76, 1.79721
FILLER_0_179_680, 316.24, 497.76, 1.79721
FILLER_0_179_688, 316.24, 497.76, 1.79721
FILLER_0_180_678, 316.24, 497.76, 1.79721
_09908_, 341.84, 497.76, 1.79704
_10283_, 341.84, 497.76, 1.79704
_12136_, 341.84, 497.76, 1.79704
_14153_, 341.84, 497.76, 1.79704
FILLER_0_178_722, 341.84, 497.76, 1.79704
FILLER_0_179_729, 341.84, 497.76, 1.79704
FILLER_0_180_732, 341.84, 497.76, 1.79704
_09880_, 354.64, 497.76, 1.79691
_10282_, 354.64, 497.76, 1.79691
_10284_, 354.64, 497.76, 1.79691
_13965_, 354.64, 497.76, 1.79691
_14202_, 354.64, 497.76, 1.79691
_16685_, 354.64, 497.76, 1.79691
FILLER_0_178_752, 354.64, 497.76, 1.79691
FILLER_0_180_769, 354.64, 497.76, 1.79691
_09768_, 367.44, 497.76, 1.7968
_09769_, 367.44, 497.76, 1.7968
_09799_, 367.44, 497.76, 1.7968
_09839_, 367.44, 497.76, 1.7968
_09862_, 367.44, 497.76, 1.7968
_10275_, 367.44, 497.76, 1.7968
_14043_, 367.44, 497.76, 1.7968
_16734_, 367.44, 497.76, 1.7968
FILLER_0_178_778, 367.44, 497.76, 1.7968
FILLER_0_179_792, 367.44, 497.76, 1.7968
_08253_, 380.24, 497.76, 1.7967
_12084_, 380.24, 497.76, 1.7967
_12088_, 380.24, 497.76, 1.7967
_12089_, 380.24, 497.76, 1.7967
FILLER_0_178_809, 380.24, 497.76, 1.7967
_08255_, 393.04, 497.76, 1.7966
_09840_, 393.04, 497.76, 1.7966
_09911_, 393.04, 497.76, 1.7966
_12087_, 393.04, 497.76, 1.7966
FILLER_0_179_841, 393.04, 497.76, 1.7966
FILLER_0_179_852, 393.04, 497.76, 1.7966
FILLER_0_180_849, 393.04, 497.76, 1.7966
_09858_, 405.84, 497.76, 1.79651
_09859_, 405.84, 497.76, 1.79651
_09860_, 405.84, 497.76, 1.79651
_09861_, 405.84, 497.76, 1.79651
clkbuf_5_26__f_clk, 405.84, 497.76, 1.79651
hold49, 405.84, 497.76, 1.79651
hold77, 405.84, 497.76, 1.79651
FILLER_0_178_857, 405.84, 497.76, 1.79651
FILLER_0_179_867, 405.84, 497.76, 1.79651
FILLER_0_180_882, 405.84, 497.76, 1.79651
_14042_, 418.64, 497.76, 1.79652
_14045_, 418.64, 497.76, 1.79652
FILLER_0_179_889, 418.64, 497.76, 1.79652
_08270_, 431.44, 497.76, 1.79654
FILLER_0_178_913, 431.44, 497.76, 1.79654
FILLER_0_178_921, 431.44, 497.76, 1.79654
FILLER_0_178_925, 431.44, 497.76, 1.79654
FILLER_0_179_930, 431.44, 497.76, 1.79654
_08265_, 444.24, 497.76, 1.79655
_08269_, 444.24, 497.76, 1.79655
_14041_, 444.24, 497.76, 1.79655
_14200_, 444.24, 497.76, 1.79655
FILLER_0_178_949, 444.24, 497.76, 1.79655
_12664_, 457.04, 497.76, 1.79657
_16961_, 457.04, 497.76, 1.79657
hold190, 457.04, 497.76, 1.79657
FILLER_0_179_1002, 469.84, 497.76, 1.79659
FILLER_0_179_1057, 495.44, 497.76, 1.79661
FILLER_0_178_1085, 508.24, 497.76, 1.7966
FILLER_0_179_1113, 521.04, 497.76, 1.79659
FILLER_0_178_1141, 533.84, 497.76, 1.79658
FILLER_0_179_1169, 546.64, 497.76, 1.79657
FILLER_0_178_1197, 559.44, 497.76, 1.79656
FILLER_0_179_1225, 572.24, 497.76, 1.79655
FILLER_0_178_1253, 585.04, 497.76, 1.79654
FILLER_0_179_1281, 597.84, 497.76, 1.79653
FILLER_0_178_1309, 610.64, 497.76, 1.79652
FILLER_0_179_1337, 623.44, 497.76, 1.79652
PHY_352, 5.52, 492.32, 1.79795
PHY_354, 5.52, 492.32, 1.79795
FILLER_0_176_15, 13.68, 492.32, 1.79795
_09620_, 34.64, 492.32, 1.79797
_09623_, 34.64, 492.32, 1.79797
_16810_, 34.64, 492.32, 1.79797
hold350, 34.64, 492.32, 1.79797
FILLER_0_176_59, 34.64, 492.32, 1.79797
FILLER_0_177_57, 34.64, 492.32, 1.79797
FILLER_0_178_76, 34.64, 492.32, 1.79797
_16666_, 47.44, 492.32, 1.798
hold215, 47.44, 492.32, 1.798
hold291, 47.44, 492.32, 1.798
FILLER_0_177_81, 47.44, 492.32, 1.798
FILLER_0_177_101, 47.44, 492.32, 1.798
_12426_, 60.24, 492.32, 1.79805
_16858_, 60.24, 492.32, 1.79805
hold230, 60.24, 492.32, 1.79805
FILLER_0_177_109, 60.24, 492.32, 1.79805
FILLER_0_177_113, 60.24, 492.32, 1.79805
_09628_, 73.04, 492.32, 1.7981
_12302_, 73.04, 492.32, 1.7981
_12303_, 73.04, 492.32, 1.7981
hold229, 73.04, 492.32, 1.7981
FILLER_0_176_134, 73.04, 492.32, 1.7981
FILLER_0_177_140, 73.04, 492.32, 1.7981
FILLER_0_178_150, 73.04, 492.32, 1.7981
_12327_, 85.84, 492.32, 1.79816
_16868_, 85.84, 492.32, 1.79816
FILLER_0_176_169, 85.84, 492.32, 1.79816
FILLER_0_178_179, 85.84, 492.32, 1.79816
FILLER_0_178_185, 85.84, 492.32, 1.79816
_12200_, 98.64, 492.32, 1.79822
_12559_, 98.64, 492.32, 1.79822
_12560_, 98.64, 492.32, 1.79822
_16916_, 98.64, 492.32, 1.79822
hold183, 98.64, 492.32, 1.79822
FILLER_0_177_193, 98.64, 492.32, 1.79822
FILLER_0_178_213, 98.64, 492.32, 1.79822
_16867_, 111.44, 492.32, 1.7983
FILLER_0_177_220, 111.44, 492.32, 1.7983
_12447_, 124.24, 492.32, 1.79838
_12519_, 124.24, 492.32, 1.79838
hold297, 124.24, 492.32, 1.79838
FILLER_0_176_253, 124.24, 492.32, 1.79838
FILLER_0_177_261, 124.24, 492.32, 1.79838
_12557_, 137.04, 492.32, 1.79847
hold286, 137.04, 492.32, 1.79847
hold317, 137.04, 492.32, 1.79847
FILLER_0_177_281, 137.04, 492.32, 1.79847
_12372_, 149.84, 492.32, 1.79856
_16835_, 149.84, 492.32, 1.79856
FILLER_0_176_309, 149.84, 492.32, 1.79856
FILLER_0_177_325, 149.84, 492.32, 1.79856
FILLER_0_177_333, 162.64, 492.32, 1.79866
FILLER_0_177_385, 188.24, 492.32, 1.79864
FILLER_0_176_413, 201.04, 492.32, 1.79851
FILLER_0_177_441, 213.84, 492.32, 1.79838
FILLER_0_176_469, 226.64, 492.32, 1.79825
FILLER_0_177_497, 239.44, 492.32, 1.79812
_10313_, 252.24, 492.32, 1.79799
FILLER_0_176_525, 252.24, 492.32, 1.79799
FILLER_0_177_541, 252.24, 492.32, 1.79799
_10281_, 265.04, 492.32, 1.79786
_10325_, 265.04, 492.32, 1.79786
_14308_, 265.04, 492.32, 1.79786
FILLER_0_177_553, 265.04, 492.32, 1.79786
FILLER_0_177_572, 265.04, 492.32, 1.79786
_14306_, 277.84, 492.32, 1.79773
_14315_, 277.84, 492.32, 1.79773
_17415_, 277.84, 492.32, 1.79773
FILLER_0_176_589, 277.84, 492.32, 1.79773
FILLER_0_177_591, 277.84, 492.32, 1.79773
FILLER_0_177_598, 277.84, 492.32, 1.79773
_09819_, 290.64, 492.32, 1.79761
_09901_, 290.64, 492.32, 1.79761
_09905_, 290.64, 492.32, 1.79761
_14296_, 290.64, 492.32, 1.79761
_14305_, 290.64, 492.32, 1.79761
FILLER_0_176_608, 290.64, 492.32, 1.79761
FILLER_0_177_612, 290.64, 492.32, 1.79761
_09734_, 303.44, 492.32, 1.79749
_09823_, 303.44, 492.32, 1.79749
_09898_, 303.44, 492.32, 1.79749
_14289_, 303.44, 492.32, 1.79749
FILLER_0_176_637, 303.44, 492.32, 1.79749
FILLER_0_178_657, 303.44, 492.32, 1.79749
_09738_, 316.24, 492.32, 1.79738
_09749_, 316.24, 492.32, 1.79738
_09837_, 316.24, 492.32, 1.79738
_09838_, 316.24, 492.32, 1.79738
_14131_, 316.24, 492.32, 1.79738
FILLER_0_177_685, 316.24, 492.32, 1.79738
_09754_, 341.84, 492.32, 1.79719
_09755_, 341.84, 492.32, 1.79719
_09831_, 341.84, 492.32, 1.79719
_14312_, 341.84, 492.32, 1.79719
FILLER_0_176_725, 341.84, 492.32, 1.79719
FILLER_0_177_721, 341.84, 492.32, 1.79719
FILLER_0_177_733, 341.84, 492.32, 1.79719
FILLER_0_178_745, 341.84, 492.32, 1.79719
_09780_, 354.64, 492.32, 1.79711
_14105_, 354.64, 492.32, 1.79711
_14159_, 354.64, 492.32, 1.79711
_14262_, 354.64, 492.32, 1.79711
FILLER_0_177_763, 354.64, 492.32, 1.79711
FILLER_0_177_771, 354.64, 492.32, 1.79711
FILLER_0_178_762, 354.64, 492.32, 1.79711
FILLER_0_178_769, 354.64, 492.32, 1.79711
_09857_, 367.44, 492.32, 1.79704
_09869_, 367.44, 492.32, 1.79704
_13957_, 367.44, 492.32, 1.79704
_13966_, 367.44, 492.32, 1.79704
_13999_, 367.44, 492.32, 1.79704
_14094_, 367.44, 492.32, 1.79704
FILLER_0_176_774, 367.44, 492.32, 1.79704
_13988_, 380.24, 492.32, 1.79697
_14162_, 380.24, 492.32, 1.79697
FILLER_0_176_807, 380.24, 492.32, 1.79697
FILLER_0_178_822, 380.24, 492.32, 1.79697
_09850_, 393.04, 492.32, 1.79691
_16574_, 393.04, 492.32, 1.79691
_16576_, 393.04, 492.32, 1.79691
hold62, 393.04, 492.32, 1.79691
FILLER_0_177_833, 393.04, 492.32, 1.79691
_16577_, 405.84, 492.32, 1.79686
FILLER_0_176_863, 405.84, 492.32, 1.79686
FILLER_0_177_867, 405.84, 492.32, 1.79686
_08271_, 418.64, 492.32, 1.79682
_14035_, 418.64, 492.32, 1.79682
FILLER_0_177_886, 418.64, 492.32, 1.79682
FILLER_0_177_897, 418.64, 492.32, 1.79682
_08266_, 431.44, 492.32, 1.79678
_08267_, 431.44, 492.32, 1.79678
_08272_, 431.44, 492.32, 1.79678
FILLER_0_176_919, 431.44, 492.32, 1.79678
_14193_, 444.24, 492.32, 1.79674
ANTENNA_21, 444.24, 492.32, 1.79674
FILLER_0_177_948, 444.24, 492.32, 1.79674
_12663_, 457.04, 492.32, 1.7967
_12665_, 457.04, 492.32, 1.7967
_16960_, 457.04, 492.32, 1.7967
FILLER_0_176_973, 457.04, 492.32, 1.7967
FILLER_0_177_1001, 469.84, 492.32, 1.79667
FILLER_0_177_1057, 495.44, 492.32, 1.79663
FILLER_0_176_1085, 508.24, 492.32, 1.79662
FILLER_0_177_1113, 521.04, 492.32, 1.7966
FILLER_0_176_1141, 533.84, 492.32, 1.79659
FILLER_0_177_1169, 546.64, 492.32, 1.79658
FILLER_0_176_1197, 559.44, 492.32, 1.79657
FILLER_0_177_1225, 572.24, 492.32, 1.79655
FILLER_0_176_1253, 585.04, 492.32, 1.79654
FILLER_0_177_1281, 597.84, 492.32, 1.79653
FILLER_0_176_1309, 610.64, 492.32, 1.79652
FILLER_0_177_1337, 623.44, 492.32, 1.7965
FILLER_0_177_1357, 623.44, 492.32, 1.7965
PHY_348, 5.52, 486.88, 1.79797
PHY_350, 5.52, 486.88, 1.79797
input26, 5.52, 486.88, 1.79797
_09676_, 13.68, 486.88, 1.79797
_12500_, 13.68, 486.88, 1.79797
FILLER_0_174_15, 13.68, 486.88, 1.79797
FILLER_0_175_19, 13.68, 486.88, 1.79797
FILLER_0_176_21, 13.68, 486.88, 1.79797
_12298_, 34.64, 486.88, 1.79801
_12299_, 34.64, 486.88, 1.79801
_12346_, 34.64, 486.88, 1.79801
FILLER_0_175_50, 34.64, 486.88, 1.79801
FILLER_0_175_69, 34.64, 486.88, 1.79801
FILLER_0_176_67, 34.64, 486.88, 1.79801
_10221_, 47.44, 486.88, 1.79804
_13182_, 47.44, 486.88, 1.79804
_16667_, 47.44, 486.88, 1.79804
hold328, 47.44, 486.88, 1.79804
_12425_, 60.24, 486.88, 1.79808
_13172_, 60.24, 486.88, 1.79808
_13173_, 60.24, 486.88, 1.79808
_16812_, 60.24, 486.88, 1.79808
FILLER_0_175_113, 60.24, 486.88, 1.79808
FILLER_0_175_125, 60.24, 486.88, 1.79808
_10224_, 73.04, 486.88, 1.79814
_10225_, 73.04, 486.88, 1.79814
_16668_, 73.04, 486.88, 1.79814
FILLER_0_175_148, 73.04, 486.88, 1.79814
_12448_, 85.84, 486.88, 1.79821
_12449_, 85.84, 486.88, 1.79821
hold220, 85.84, 486.88, 1.79821
hold254, 85.84, 486.88, 1.79821
FILLER_0_175_163, 85.84, 486.88, 1.79821
_09657_, 98.64, 486.88, 1.79828
FILLER_0_175_189, 98.64, 486.88, 1.79828
FILLER_0_175_213, 98.64, 486.88, 1.79828
_12446_, 111.44, 486.88, 1.79835
_12483_, 111.44, 486.88, 1.79835
_12484_, 111.44, 486.88, 1.79835
_16883_, 111.44, 486.88, 1.79835
hold266, 111.44, 486.88, 1.79835
FILLER_0_174_221, 111.44, 486.88, 1.79835
FILLER_0_176_234, 111.44, 486.88, 1.79835
_09656_, 124.24, 486.88, 1.79844
_12518_, 124.24, 486.88, 1.79844
_16898_, 124.24, 486.88, 1.79844
FILLER_0_174_245, 124.24, 486.88, 1.79844
FILLER_0_174_253, 124.24, 486.88, 1.79844
FILLER_0_175_261, 124.24, 486.88, 1.79844
_12556_, 137.04, 486.88, 1.79853
_13088_, 137.04, 486.88, 1.79853
_16914_, 137.04, 486.88, 1.79853
hold174, 137.04, 486.88, 1.79853
FILLER_0_175_276, 137.04, 486.88, 1.79853
FILLER_0_175_284, 137.04, 486.88, 1.79853
FILLER_0_175_292, 137.04, 486.88, 1.79853
FILLER_0_176_299, 137.04, 486.88, 1.79853
_12371_, 149.84, 486.88, 1.79864
_16834_, 149.84, 486.88, 1.79864
hold137, 149.84, 486.88, 1.79864
FILLER_0_174_309, 149.84, 486.88, 1.79864
FILLER_0_176_354, 162.64, 486.88, 1.79875
FILLER_0_175_385, 188.24, 486.88, 1.79873
FILLER_0_174_413, 201.04, 486.88, 1.79858
_17194_, 213.84, 486.88, 1.79844
FILLER_0_174_445, 213.84, 486.88, 1.79844
FILLER_0_175_441, 213.84, 486.88, 1.79844
_10324_, 239.44, 486.88, 1.79816
FILLER_0_175_497, 239.44, 486.88, 1.79816
_14158_, 252.24, 486.88, 1.79803
FILLER_0_174_529, 252.24, 486.88, 1.79803
_10329_, 265.04, 486.88, 1.79789
_10330_, 265.04, 486.88, 1.79789
_14307_, 265.04, 486.88, 1.79789
_17414_, 265.04, 486.88, 1.79789
FILLER_0_175_553, 265.04, 486.88, 1.79789
FILLER_0_176_569, 265.04, 486.88, 1.79789
_14313_, 277.84, 486.88, 1.79777
_14314_, 277.84, 486.88, 1.79777
FILLER_0_174_585, 277.84, 486.88, 1.79777
FILLER_0_175_598, 277.84, 486.88, 1.79777
_09827_, 290.64, 486.88, 1.79764
_14006_, 290.64, 486.88, 1.79764
FILLER_0_175_612, 290.64, 486.88, 1.79764
FILLER_0_175_629, 290.64, 486.88, 1.79764
_14004_, 303.44, 486.88, 1.79752
_14005_, 303.44, 486.88, 1.79752
_14008_, 303.44, 486.88, 1.79752
FILLER_0_174_641, 303.44, 486.88, 1.79752
FILLER_0_174_645, 303.44, 486.88, 1.79752
FILLER_0_175_642, 303.44, 486.88, 1.79752
FILLER_0_176_657, 303.44, 486.88, 1.79752
_09742_, 316.24, 486.88, 1.7974
_13985_, 316.24, 486.88, 1.7974
_14122_, 316.24, 486.88, 1.7974
_14147_, 316.24, 486.88, 1.7974
_14279_, 316.24, 486.88, 1.7974
_14280_, 316.24, 486.88, 1.7974
FILLER_0_174_662, 316.24, 486.88, 1.7974
FILLER_0_174_670, 316.24, 486.88, 1.7974
FILLER_0_175_666, 316.24, 486.88, 1.7974
FILLER_0_176_679, 316.24, 486.88, 1.7974
_09743_, 341.84, 486.88, 1.79721
_09804_, 341.84, 486.88, 1.79721
_14116_, 341.84, 486.88, 1.79721
_17394_, 341.84, 486.88, 1.79721
FILLER_0_175_718, 341.84, 486.88, 1.79721
FILLER_0_175_741, 341.84, 486.88, 1.79721
_09798_, 354.64, 486.88, 1.79714
_09803_, 354.64, 486.88, 1.79714
_09883_, 354.64, 486.88, 1.79714
_13979_, 354.64, 486.88, 1.79714
_14252_, 354.64, 486.88, 1.79714
FILLER_0_174_746, 354.64, 486.88, 1.79714
FILLER_0_175_760, 354.64, 486.88, 1.79714
FILLER_0_176_766, 354.64, 486.88, 1.79714
_09854_, 367.44, 486.88, 1.79708
_09876_, 367.44, 486.88, 1.79708
_14084_, 367.44, 486.88, 1.79708
_14242_, 367.44, 486.88, 1.79708
FILLER_0_174_780, 367.44, 486.88, 1.79708
FILLER_0_175_779, 367.44, 486.88, 1.79708
FILLER_0_175_785, 367.44, 486.88, 1.79708
FILLER_0_175_796, 367.44, 486.88, 1.79708
FILLER_0_176_797, 367.44, 486.88, 1.79708
_14002_, 380.24, 486.88, 1.79703
_14243_, 380.24, 486.88, 1.79703
FILLER_0_174_804, 380.24, 486.88, 1.79703
FILLER_0_175_811, 380.24, 486.88, 1.79703
_09771_, 405.84, 486.88, 1.79692
FILLER_0_176_881, 405.84, 486.88, 1.79692
_14194_, 418.64, 486.88, 1.79686
hold67, 418.64, 486.88, 1.79686
FILLER_0_175_889, 418.64, 486.88, 1.79686
_14036_, 431.44, 486.88, 1.79681
FILLER_0_174_918, 431.44, 486.88, 1.79681
FILLER_0_175_918, 431.44, 486.88, 1.79681
_08264_, 444.24, 486.88, 1.79675
_14034_, 444.24, 486.88, 1.79675
FILLER_0_174_947, 444.24, 486.88, 1.79675
_12662_, 457.04, 486.88, 1.7967
hold251, 457.04, 486.88, 1.7967
clkbuf_leaf_99_clk, 469.84, 486.88, 1.79664
FILLER_0_175_999, 469.84, 486.88, 1.79664
FILLER_0_175_1057, 495.44, 486.88, 1.79661
FILLER_0_174_1085, 508.24, 486.88, 1.7966
FILLER_0_175_1113, 521.04, 486.88, 1.79659
FILLER_0_174_1141, 533.84, 486.88, 1.79657
FILLER_0_175_1169, 546.64, 486.88, 1.79656
FILLER_0_174_1197, 559.44, 486.88, 1.79655
FILLER_0_175_1225, 572.24, 486.88, 1.79653
FILLER_0_174_1253, 585.04, 486.88, 1.79652
FILLER_0_175_1281, 597.84, 486.88, 1.79651
FILLER_0_174_1309, 610.64, 486.88, 1.7965
FILLER_0_175_1337, 623.44, 486.88, 1.79648
_16538_, 5.52, 481.44, 1.79784
PHY_344, 5.52, 481.44, 1.79784
PHY_346, 5.52, 481.44, 1.79784
_09678_, 13.68, 481.44, 1.79785
hold233, 13.68, 481.44, 1.79785
_12348_, 34.64, 481.44, 1.79785
_12349_, 34.64, 481.44, 1.79785
_16826_, 34.64, 481.44, 1.79785
hold253, 34.64, 481.44, 1.79785
FILLER_0_173_57, 34.64, 481.44, 1.79785
_10222_, 47.44, 481.44, 1.79786
_10223_, 47.44, 481.44, 1.79786
hold136, 47.44, 481.44, 1.79786
FILLER_0_173_79, 47.44, 481.44, 1.79786
_12355_, 60.24, 481.44, 1.79787
_12428_, 60.24, 481.44, 1.79787
_16859_, 60.24, 481.44, 1.79787
hold199, 60.24, 481.44, 1.79787
FILLER_0_173_116, 60.24, 481.44, 1.79787
FILLER_0_174_131, 60.24, 481.44, 1.79787
_13206_, 73.04, 481.44, 1.79789
clkbuf_leaf_47_clk, 73.04, 481.44, 1.79789
FILLER_0_173_134, 73.04, 481.44, 1.79789
FILLER_0_173_142, 73.04, 481.44, 1.79789
_12429_, 85.84, 481.44, 1.79796
_12430_, 85.84, 481.44, 1.79796
_12485_, 85.84, 481.44, 1.79796
_13109_, 85.84, 481.44, 1.79796
_16884_, 85.84, 481.44, 1.79796
hold231, 85.84, 481.44, 1.79796
FILLER_0_173_169, 85.84, 481.44, 1.79796
FILLER_0_174_177, 85.84, 481.44, 1.79796
_09658_, 98.64, 481.44, 1.79804
_09659_, 98.64, 481.44, 1.79804
hold149, 98.64, 481.44, 1.79804
FILLER_0_172_189, 98.64, 481.44, 1.79804
FILLER_0_173_216, 98.64, 481.44, 1.79804
_12445_, 111.44, 481.44, 1.79813
_13100_, 111.44, 481.44, 1.79813
FILLER_0_172_226, 111.44, 481.44, 1.79813
FILLER_0_173_237, 111.44, 481.44, 1.79813
_09655_, 124.24, 481.44, 1.79822
_16531_, 124.24, 481.44, 1.79822
hold216, 124.24, 481.44, 1.79822
FILLER_0_172_249, 124.24, 481.44, 1.79822
_12555_, 137.04, 481.44, 1.79832
_13103_, 137.04, 481.44, 1.79832
hold298, 137.04, 481.44, 1.79832
FILLER_0_172_279, 137.04, 481.44, 1.79832
FILLER_0_173_272, 137.04, 481.44, 1.79832
FILLER_0_173_292, 137.04, 481.44, 1.79832
_12370_, 149.84, 481.44, 1.79842
hold133, 149.84, 481.44, 1.79842
FILLER_0_172_309, 149.84, 481.44, 1.79842
FILLER_0_173_318, 149.84, 481.44, 1.79842
_13104_, 162.64, 481.44, 1.79853
FILLER_0_173_332, 162.64, 481.44, 1.79853
FILLER_0_173_385, 188.24, 481.44, 1.79849
_17192_, 201.04, 481.44, 1.79834
FILLER_0_172_413, 201.04, 481.44, 1.79834
FILLER_0_173_429, 201.04, 481.44, 1.79834
FILLER_0_173_461, 213.84, 481.44, 1.7982
FILLER_0_174_466, 213.84, 481.44, 1.7982
_14350_, 226.64, 481.44, 1.79806
_17197_, 226.64, 481.44, 1.79806
_17420_, 226.64, 481.44, 1.79806
hold23, 226.64, 481.44, 1.79806
FILLER_0_173_484, 226.64, 481.44, 1.79806
FILLER_0_174_489, 226.64, 481.44, 1.79806
_10299_, 239.44, 481.44, 1.79793
_10320_, 239.44, 481.44, 1.79793
FILLER_0_172_498, 239.44, 481.44, 1.79793
FILLER_0_172_506, 239.44, 481.44, 1.79793
FILLER_0_173_505, 239.44, 481.44, 1.79793
_10300_, 252.24, 481.44, 1.79781
_13998_, 252.24, 481.44, 1.79781
FILLER_0_174_549, 252.24, 481.44, 1.79781
_10321_, 265.04, 481.44, 1.79768
_10322_, 265.04, 481.44, 1.79768
_10323_, 265.04, 481.44, 1.79768
FILLER_0_173_551, 265.04, 481.44, 1.79768
FILLER_0_173_561, 265.04, 481.44, 1.79768
FILLER_0_173_574, 265.04, 481.44, 1.79768
FILLER_0_174_577, 265.04, 481.44, 1.79768
_13967_, 277.84, 481.44, 1.79756
_13968_, 277.84, 481.44, 1.79756
_17379_, 277.84, 481.44, 1.79756
hold480, 277.84, 481.44, 1.79756
FILLER_0_172_584, 277.84, 481.44, 1.79756
FILLER_0_173_605, 277.84, 481.44, 1.79756
_14007_, 290.64, 481.44, 1.79745
_16435_, 290.64, 481.44, 1.79745
_18117_, 290.64, 481.44, 1.79745
FILLER_0_173_633, 290.64, 481.44, 1.79745
FILLER_0_174_625, 290.64, 481.44, 1.79745
_09733_, 303.44, 481.44, 1.79735
_09737_, 303.44, 481.44, 1.79735
_09741_, 303.44, 481.44, 1.79735
_09744_, 303.44, 481.44, 1.79735
_14165_, 303.44, 481.44, 1.79735
_14166_, 303.44, 481.44, 1.79735
_14167_, 303.44, 481.44, 1.79735
FILLER_0_172_639, 303.44, 481.44, 1.79735
FILLER_0_173_660, 303.44, 481.44, 1.79735
FILLER_0_174_653, 303.44, 481.44, 1.79735
_09826_, 316.24, 481.44, 1.79726
_14164_, 316.24, 481.44, 1.79726
_14168_, 316.24, 481.44, 1.79726
_14169_, 316.24, 481.44, 1.79726
FILLER_0_172_670, 316.24, 481.44, 1.79726
FILLER_0_173_673, 316.24, 481.44, 1.79726
FILLER_0_174_678, 316.24, 481.44, 1.79726
_14114_, 341.84, 481.44, 1.79707
_14132_, 341.84, 481.44, 1.79707
_14133_, 341.84, 481.44, 1.79707
FILLER_0_173_729, 341.84, 481.44, 1.79707
_14098_, 354.64, 481.44, 1.79696
_14106_, 354.64, 481.44, 1.79696
_14134_, 354.64, 481.44, 1.79696
FILLER_0_172_750, 354.64, 481.44, 1.79696
FILLER_0_173_757, 354.64, 481.44, 1.79696
FILLER_0_174_769, 354.64, 481.44, 1.79696
_09795_, 367.44, 481.44, 1.79686
_09855_, 367.44, 481.44, 1.79686
_14085_, 367.44, 481.44, 1.79686
_14099_, 367.44, 481.44, 1.79686
FILLER_0_173_779, 367.44, 481.44, 1.79686
FILLER_0_174_788, 367.44, 481.44, 1.79686
_14013_, 380.24, 481.44, 1.79676
_14032_, 380.24, 481.44, 1.79676
_14160_, 380.24, 481.44, 1.79676
clkbuf_leaf_84_clk, 380.24, 481.44, 1.79676
FILLER_0_172_808, 380.24, 481.44, 1.79676
FILLER_0_172_813, 380.24, 481.44, 1.79676
FILLER_0_173_804, 380.24, 481.44, 1.79676
FILLER_0_173_828, 380.24, 481.44, 1.79676
_09731_, 393.04, 481.44, 1.79671
_09770_, 393.04, 481.44, 1.79671
_09846_, 393.04, 481.44, 1.79671
_14003_, 393.04, 481.44, 1.79671
_14011_, 393.04, 481.44, 1.79671
_16560_, 393.04, 481.44, 1.79671
FILLER_0_174_848, 393.04, 481.44, 1.79671
_09772_, 405.84, 481.44, 1.79666
_09776_, 405.84, 481.44, 1.79666
_09777_, 405.84, 481.44, 1.79666
_12094_, 405.84, 481.44, 1.79666
_16561_, 405.84, 481.44, 1.79666
hold85, 405.84, 481.44, 1.79666
FILLER_0_172_863, 405.84, 481.44, 1.79666
FILLER_0_172_869, 405.84, 481.44, 1.79666
FILLER_0_173_861, 405.84, 481.44, 1.79666
FILLER_0_174_873, 405.84, 481.44, 1.79666
_14195_, 418.64, 481.44, 1.79663
_16736_, 418.64, 481.44, 1.79663
FILLER_0_173_885, 418.64, 481.44, 1.79663
FILLER_0_173_893, 418.64, 481.44, 1.79663
FILLER_0_173_909, 418.64, 481.44, 1.79663
FILLER_0_174_900, 418.64, 481.44, 1.79663
_10237_, 431.44, 481.44, 1.7966
_10238_, 431.44, 481.44, 1.7966
_10242_, 431.44, 481.44, 1.7966
_16673_, 431.44, 481.44, 1.7966
hold60, 431.44, 481.44, 1.7966
hold72, 431.44, 481.44, 1.7966
FILLER_0_172_921, 431.44, 481.44, 1.7966
_09983_, 444.24, 481.44, 1.79658
_09984_, 444.24, 481.44, 1.79658
_16609_, 444.24, 481.44, 1.79658
hold57, 444.24, 481.44, 1.79658
FILLER_0_174_955, 444.24, 481.44, 1.79658
_12658_, 457.04, 481.44, 1.79657
_12659_, 457.04, 481.44, 1.79657
_16958_, 457.04, 481.44, 1.79657
hold1143, 457.04, 481.44, 1.79657
FILLER_0_172_976, 457.04, 481.44, 1.79657
FILLER_0_173_969, 457.04, 481.44, 1.79657
FILLER_0_174_993, 457.04, 481.44, 1.79657
FILLER_0_173_1001, 469.84, 481.44, 1.79657
FILLER_0_173_1057, 495.44, 481.44, 1.79655
FILLER_0_172_1085, 508.24, 481.44, 1.79654
FILLER_0_173_1113, 521.04, 481.44, 1.79653
FILLER_0_172_1141, 533.84, 481.44, 1.79652
FILLER_0_173_1169, 546.64, 481.44, 1.79651
FILLER_0_172_1197, 559.44, 481.44, 1.7965
FILLER_0_173_1225, 572.24, 481.44, 1.79649
FILLER_0_172_1253, 585.04, 481.44, 1.79648
FILLER_0_173_1281, 597.84, 481.44, 1.79647
FILLER_0_172_1309, 610.64, 481.44, 1.79646
FILLER_0_173_1337, 623.44, 481.44, 1.79645
_09679_, 5.52, 476, 1.79768
PHY_340, 5.52, 476, 1.79768
PHY_342, 5.52, 476, 1.79768
FILLER_0_172_3, 5.52, 476, 1.79768
_12502_, 13.68, 476, 1.79768
clkbuf_leaf_49_clk, 13.68, 476, 1.79768
FILLER_0_171_15, 13.68, 476, 1.79768
FILLER_0_172_22, 13.68, 476, 1.79768
_09625_, 34.64, 476, 1.79768
_09626_, 34.64, 476, 1.79768
FILLER_0_170_62, 34.64, 476, 1.79768
FILLER_0_172_74, 34.64, 476, 1.79768
_12301_, 47.44, 476, 1.79765
_13195_, 47.44, 476, 1.79765
clkbuf_leaf_48_clk, 47.44, 476, 1.79765
hold277, 47.44, 476, 1.79765
FILLER_0_172_97, 47.44, 476, 1.79765
FILLER_0_172_105, 47.44, 476, 1.79765
_12354_, 60.24, 476, 1.79766
_12427_, 60.24, 476, 1.79766
_16828_, 60.24, 476, 1.79766
FILLER_0_171_123, 60.24, 476, 1.79766
_16860_, 73.04, 476, 1.79769
hold250, 73.04, 476, 1.79769
FILLER_0_170_137, 73.04, 476, 1.79769
FILLER_0_171_149, 73.04, 476, 1.79769
_12486_, 85.84, 476, 1.79772
hold134, 85.84, 476, 1.79772
_12596_, 98.64, 476, 1.79776
_13112_, 98.64, 476, 1.79776
_16532_, 98.64, 476, 1.79776
FILLER_0_170_189, 98.64, 476, 1.79776
FILLER_0_171_192, 98.64, 476, 1.79776
_12444_, 111.44, 476, 1.79781
_12481_, 111.44, 476, 1.79781
_16866_, 111.44, 476, 1.79781
FILLER_0_171_234, 111.44, 476, 1.79781
_16755_, 124.24, 476, 1.79787
clkbuf_leaf_43_clk, 124.24, 476, 1.79787
hold171, 124.24, 476, 1.79787
FILLER_0_172_261, 124.24, 476, 1.79787
_12594_, 137.04, 476, 1.79799
_12595_, 137.04, 476, 1.79799
_13093_, 137.04, 476, 1.79799
_16931_, 137.04, 476, 1.79799
hold135, 137.04, 476, 1.79799
FILLER_0_170_273, 137.04, 476, 1.79799
FILLER_0_171_274, 137.04, 476, 1.79799
FILLER_0_172_287, 137.04, 476, 1.79799
FILLER_0_172_298, 137.04, 476, 1.79799
_12198_, 149.84, 476, 1.79811
_12199_, 149.84, 476, 1.79811
_16771_, 149.84, 476, 1.79811
hold130, 149.84, 476, 1.79811
FILLER_0_170_309, 149.84, 476, 1.79811
_16787_, 162.64, 476, 1.79826
FILLER_0_171_385, 188.24, 476, 1.79827
_17193_, 201.04, 476, 1.79812
FILLER_0_170_417, 201.04, 476, 1.79812
FILLER_0_171_417, 201.04, 476, 1.79812
_13449_, 213.84, 476, 1.79799
_17195_, 213.84, 476, 1.79799
hold101, 213.84, 476, 1.79799
FILLER_0_171_443, 213.84, 476, 1.79799
FILLER_0_172_457, 213.84, 476, 1.79799
_14349_, 226.64, 476, 1.79787
_14357_, 226.64, 476, 1.79787
FILLER_0_170_472, 226.64, 476, 1.79787
FILLER_0_170_477, 226.64, 476, 1.79787
FILLER_0_171_486, 226.64, 476, 1.79787
FILLER_0_172_489, 226.64, 476, 1.79787
_10312_, 239.44, 476, 1.79774
_17432_, 239.44, 476, 1.79774
FILLER_0_170_504, 239.44, 476, 1.79774
FILLER_0_171_495, 239.44, 476, 1.79774
FILLER_0_171_517, 239.44, 476, 1.79774
_10304_, 252.24, 476, 1.79763
_10306_, 252.24, 476, 1.79763
_10307_, 252.24, 476, 1.79763
_10326_, 252.24, 476, 1.79763
_10327_, 252.24, 476, 1.79763
hold76, 252.24, 476, 1.79763
FILLER_0_171_525, 252.24, 476, 1.79763
_10328_, 265.04, 476, 1.79752
_13972_, 265.04, 476, 1.79752
_13995_, 265.04, 476, 1.79752
FILLER_0_171_568, 265.04, 476, 1.79752
FILLER_0_172_569, 265.04, 476, 1.79752
_13973_, 277.84, 476, 1.79741
_17380_, 277.84, 476, 1.79741
FILLER_0_170_585, 277.84, 476, 1.79741
FILLER_0_171_587, 277.84, 476, 1.79741
_09732_, 290.64, 476, 1.79732
_10518_, 290.64, 476, 1.79732
hold353, 290.64, 476, 1.79732
FILLER_0_171_613, 290.64, 476, 1.79732
FILLER_0_172_621, 290.64, 476, 1.79732
_09736_, 303.44, 476, 1.79723
_09747_, 303.44, 476, 1.79723
_09843_, 303.44, 476, 1.79723
_10516_, 303.44, 476, 1.79723
_10519_, 303.44, 476, 1.79723
FILLER_0_171_637, 303.44, 476, 1.79723
FILLER_0_171_644, 303.44, 476, 1.79723
FILLER_0_171_651, 303.44, 476, 1.79723
FILLER_0_172_657, 303.44, 476, 1.79723
_09748_, 316.24, 476, 1.79714
_14266_, 316.24, 476, 1.79714
_14281_, 316.24, 476, 1.79714
_14282_, 316.24, 476, 1.79714
_14283_, 316.24, 476, 1.79714
_17411_, 316.24, 476, 1.79714
FILLER_0_170_667, 316.24, 476, 1.79714
FILLER_0_171_663, 316.24, 476, 1.79714
FILLER_0_171_673, 316.24, 476, 1.79714
FILLER_0_172_678, 316.24, 476, 1.79714
_14115_, 341.84, 476, 1.79697
_14141_, 341.84, 476, 1.79697
_14142_, 341.84, 476, 1.79697
FILLER_0_171_722, 341.84, 476, 1.79697
FILLER_0_171_729, 341.84, 476, 1.79697
FILLER_0_171_736, 341.84, 476, 1.79697
FILLER_0_172_737, 341.84, 476, 1.79697
_14107_, 354.64, 476, 1.79688
_14108_, 354.64, 476, 1.79688
_14173_, 354.64, 476, 1.79688
_17393_, 354.64, 476, 1.79688
_17396_, 354.64, 476, 1.79688
FILLER_0_170_748, 354.64, 476, 1.79688
FILLER_0_171_762, 354.64, 476, 1.79688
FILLER_0_172_761, 354.64, 476, 1.79688
_09856_, 367.44, 476, 1.7968
_09886_, 367.44, 476, 1.7968
_14109_, 367.44, 476, 1.7968
_14190_, 367.44, 476, 1.7968
FILLER_0_171_774, 367.44, 476, 1.7968
FILLER_0_171_785, 367.44, 476, 1.7968
FILLER_0_171_799, 367.44, 476, 1.7968
_14000_, 380.24, 476, 1.79672
_14072_, 380.24, 476, 1.79672
_14161_, 380.24, 476, 1.79672
_14163_, 380.24, 476, 1.79672
FILLER_0_170_813, 380.24, 476, 1.79672
FILLER_0_171_806, 380.24, 476, 1.79672
FILLER_0_171_814, 380.24, 476, 1.79672
_14001_, 393.04, 476, 1.79665
_14010_, 393.04, 476, 1.79665
_14171_, 393.04, 476, 1.79665
_14205_, 393.04, 476, 1.79665
FILLER_0_170_841, 393.04, 476, 1.79665
FILLER_0_171_835, 393.04, 476, 1.79665
FILLER_0_171_851, 393.04, 476, 1.79665
_09866_, 405.84, 476, 1.79658
_14225_, 405.84, 476, 1.79658
_16737_, 405.84, 476, 1.79658
clkbuf_leaf_82_clk, 405.84, 476, 1.79658
FILLER_0_170_862, 405.84, 476, 1.79658
FILLER_0_171_867, 405.84, 476, 1.79658
_12096_, 418.64, 476, 1.79656
_12097_, 418.64, 476, 1.79656
_12098_, 418.64, 476, 1.79656
hold61, 418.64, 476, 1.79656
_09979_, 431.44, 476, 1.79654
_10239_, 431.44, 476, 1.79654
_10240_, 431.44, 476, 1.79654
_10241_, 431.44, 476, 1.79654
_12095_, 431.44, 476, 1.79654
_16672_, 431.44, 476, 1.79654
hold81, 431.44, 476, 1.79654
FILLER_0_170_914, 431.44, 476, 1.79654
FILLER_0_171_915, 431.44, 476, 1.79654
FILLER_0_171_929, 431.44, 476, 1.79654
_16608_, 444.24, 476, 1.79653
FILLER_0_170_941, 444.24, 476, 1.79653
FILLER_0_171_941, 444.24, 476, 1.79653
FILLER_0_171_949, 444.24, 476, 1.79653
FILLER_0_171_1001, 469.84, 476, 1.79652
FILLER_0_171_1057, 495.44, 476, 1.79651
FILLER_0_170_1085, 508.24, 476, 1.7965
FILLER_0_171_1113, 521.04, 476, 1.79649
FILLER_0_170_1141, 533.84, 476, 1.79648
FILLER_0_171_1169, 546.64, 476, 1.79647
FILLER_0_170_1197, 559.44, 476, 1.79646
FILLER_0_171_1225, 572.24, 476, 1.79645
FILLER_0_170_1253, 585.04, 476, 1.79644
FILLER_0_171_1281, 597.84, 476, 1.79643
FILLER_0_170_1309, 610.64, 476, 1.79642
FILLER_0_171_1337, 623.44, 476, 1.79642
_09682_, 5.52, 470.56, 1.79763
_16539_, 5.52, 470.56, 1.79763
PHY_336, 5.52, 470.56, 1.79763
PHY_338, 5.52, 470.56, 1.79763
FILLER_0_169_3, 5.52, 470.56, 1.79763
_09681_, 13.68, 470.56, 1.79764
hold249, 13.68, 470.56, 1.79764
FILLER_0_169_10, 13.68, 470.56, 1.79764
FILLER_0_169_18, 13.68, 470.56, 1.79764
_12351_, 34.64, 470.56, 1.79761
_12352_, 34.64, 470.56, 1.79761
_16827_, 34.64, 470.56, 1.79761
FILLER_0_169_52, 34.64, 470.56, 1.79761
FILLER_0_169_69, 34.64, 470.56, 1.79761
_12300_, 47.44, 470.56, 1.79759
_16811_, 47.44, 470.56, 1.79759
hold311, 47.44, 470.56, 1.79759
FILLER_0_168_85, 47.44, 470.56, 1.79759
FILLER_0_169_81, 47.44, 470.56, 1.79759
_12504_, 60.24, 470.56, 1.79758
FILLER_0_169_109, 60.24, 470.56, 1.79758
FILLER_0_169_128, 60.24, 470.56, 1.79758
FILLER_0_170_129, 60.24, 470.56, 1.79758
_09684_, 73.04, 470.56, 1.79757
_12466_, 73.04, 470.56, 1.79757
_12467_, 73.04, 470.56, 1.79757
_16876_, 73.04, 470.56, 1.79757
hold209, 73.04, 470.56, 1.79757
hold281, 73.04, 470.56, 1.79757
_09685_, 85.84, 470.56, 1.79757
_16540_, 85.84, 470.56, 1.79757
_16932_, 85.84, 470.56, 1.79757
hold96, 85.84, 470.56, 1.79757
_13111_, 98.64, 470.56, 1.79759
_16882_, 98.64, 470.56, 1.79759
clkbuf_leaf_44_clk, 98.64, 470.56, 1.79759
hold282, 98.64, 470.56, 1.79759
_12482_, 111.44, 470.56, 1.79767
_13089_, 111.44, 470.56, 1.79767
hold138, 111.44, 470.56, 1.79767
hold293, 111.44, 470.56, 1.79767
FILLER_0_168_230, 111.44, 470.56, 1.79767
FILLER_0_169_217, 111.44, 470.56, 1.79767
FILLER_0_169_237, 111.44, 470.56, 1.79767
_09652_, 124.24, 470.56, 1.79775
_12155_, 124.24, 470.56, 1.79775
_12156_, 124.24, 470.56, 1.79775
_13102_, 137.04, 470.56, 1.79784
hold128, 137.04, 470.56, 1.79784
FILLER_0_168_280, 137.04, 470.56, 1.79784
FILLER_0_169_273, 137.04, 470.56, 1.79784
_12195_, 149.84, 470.56, 1.79793
_12245_, 149.84, 470.56, 1.79793
hold127, 149.84, 470.56, 1.79793
FILLER_0_169_317, 149.84, 470.56, 1.79793
_12246_, 162.64, 470.56, 1.79802
_13160_, 162.64, 470.56, 1.79802
_17100_, 162.64, 470.56, 1.79802
clkbuf_leaf_54_clk, 162.64, 470.56, 1.79802
FILLER_0_169_337, 162.64, 470.56, 1.79802
_13452_, 188.24, 470.56, 1.79797
FILLER_0_169_388, 188.24, 470.56, 1.79797
FILLER_0_170_409, 188.24, 470.56, 1.79797
_13443_, 201.04, 470.56, 1.79778
_13444_, 201.04, 470.56, 1.79778
_13446_, 201.04, 470.56, 1.79778
_13447_, 201.04, 470.56, 1.79778
_13448_, 201.04, 470.56, 1.79778
_13454_, 201.04, 470.56, 1.79778
FILLER_0_168_412, 201.04, 470.56, 1.79778
FILLER_0_169_437, 201.04, 470.56, 1.79778
FILLER_0_170_433, 201.04, 470.56, 1.79778
_13434_, 213.84, 470.56, 1.79759
_13439_, 213.84, 470.56, 1.79759
_13445_, 213.84, 470.56, 1.79759
_13453_, 213.84, 470.56, 1.79759
_13455_, 213.84, 470.56, 1.79759
clkbuf_leaf_64_clk, 213.84, 470.56, 1.79759
FILLER_0_169_445, 213.84, 470.56, 1.79759
FILLER_0_169_452, 213.84, 470.56, 1.79759
FILLER_0_169_460, 213.84, 470.56, 1.79759
_14356_, 226.64, 470.56, 1.79746
_17196_, 226.64, 470.56, 1.79746
_17422_, 226.64, 470.56, 1.79746
hold316, 226.64, 470.56, 1.79746
FILLER_0_170_485, 226.64, 470.56, 1.79746
_14371_, 239.44, 470.56, 1.79734
_14386_, 239.44, 470.56, 1.79734
hold75, 239.44, 470.56, 1.79734
FILLER_0_169_498, 239.44, 470.56, 1.79734
FILLER_0_169_505, 239.44, 470.56, 1.79734
_10305_, 252.24, 470.56, 1.79723
_17433_, 252.24, 470.56, 1.79723
hold51, 252.24, 470.56, 1.79723
FILLER_0_169_540, 252.24, 470.56, 1.79723
FILLER_0_169_548, 252.24, 470.56, 1.79723
_10310_, 265.04, 470.56, 1.79712
_10311_, 265.04, 470.56, 1.79712
clkbuf_leaf_62_clk, 265.04, 470.56, 1.79712
FILLER_0_168_561, 265.04, 470.56, 1.79712
FILLER_0_169_561, 265.04, 470.56, 1.79712
FILLER_0_170_577, 265.04, 470.56, 1.79712
_13974_, 277.84, 470.56, 1.79706
_13980_, 277.84, 470.56, 1.79706
_13981_, 277.84, 470.56, 1.79706
_14300_, 277.84, 470.56, 1.79706
_17378_, 277.84, 470.56, 1.79706
hold108, 277.84, 470.56, 1.79706
_10517_, 290.64, 470.56, 1.79701
hold599, 290.64, 470.56, 1.79701
FILLER_0_168_612, 290.64, 470.56, 1.79701
FILLER_0_170_626, 290.64, 470.56, 1.79701
_09735_, 303.44, 470.56, 1.79696
_09740_, 303.44, 470.56, 1.79696
_10520_, 303.44, 470.56, 1.79696
_10537_, 303.44, 470.56, 1.79696
_10540_, 303.44, 470.56, 1.79696
FILLER_0_169_649, 303.44, 470.56, 1.79696
_14297_, 316.24, 470.56, 1.79692
_14299_, 316.24, 470.56, 1.79692
clkbuf_leaf_61_clk, 316.24, 470.56, 1.79692
FILLER_0_169_662, 316.24, 470.56, 1.79692
FILLER_0_169_683, 316.24, 470.56, 1.79692
_14140_, 341.84, 470.56, 1.79677
_17397_, 341.84, 470.56, 1.79677
FILLER_0_169_736, 341.84, 470.56, 1.79677
FILLER_0_169_744, 341.84, 470.56, 1.79677
_13958_, 354.64, 470.56, 1.79663
_14256_, 354.64, 470.56, 1.79663
_14263_, 354.64, 470.56, 1.79663
_14265_, 354.64, 470.56, 1.79663
_17409_, 354.64, 470.56, 1.79663
FILLER_0_168_749, 354.64, 470.56, 1.79663
FILLER_0_169_752, 354.64, 470.56, 1.79663
FILLER_0_170_764, 354.64, 470.56, 1.79663
_14245_, 367.44, 470.56, 1.7965
_17407_, 367.44, 470.56, 1.7965
clkbuf_leaf_85_clk, 367.44, 470.56, 1.7965
FILLER_0_169_785, 367.44, 470.56, 1.7965
_09790_, 380.24, 470.56, 1.79642
_09872_, 380.24, 470.56, 1.79642
_14170_, 380.24, 470.56, 1.79642
_14234_, 380.24, 470.56, 1.79642
_14246_, 380.24, 470.56, 1.79642
FILLER_0_168_804, 380.24, 470.56, 1.79642
FILLER_0_168_813, 380.24, 470.56, 1.79642
FILLER_0_169_812, 380.24, 470.56, 1.79642
FILLER_0_169_821, 380.24, 470.56, 1.79642
_14016_, 393.04, 470.56, 1.79635
_14017_, 393.04, 470.56, 1.79635
_14018_, 393.04, 470.56, 1.79635
_17384_, 393.04, 470.56, 1.79635
FILLER_0_169_837, 393.04, 470.56, 1.79635
_10146_, 405.84, 470.56, 1.79629
_14178_, 405.84, 470.56, 1.79629
FILLER_0_168_862, 405.84, 470.56, 1.79629
FILLER_0_169_876, 405.84, 470.56, 1.79629
FILLER_0_170_878, 405.84, 470.56, 1.79629
_09774_, 418.64, 470.56, 1.79623
_09775_, 418.64, 470.56, 1.79623
_09851_, 418.64, 470.56, 1.79623
_09863_, 418.64, 470.56, 1.79623
_14186_, 418.64, 470.56, 1.79623
_14206_, 418.64, 470.56, 1.79623
_14215_, 418.64, 470.56, 1.79623
FILLER_0_169_890, 418.64, 470.56, 1.79623
FILLER_0_170_900, 418.64, 470.56, 1.79623
clkbuf_leaf_81_clk, 431.44, 470.56, 1.79618
clkbuf_5_27__f_clk, 431.44, 470.56, 1.79618
FILLER_0_168_920, 431.44, 470.56, 1.79618
FILLER_0_169_928, 431.44, 470.56, 1.79618
_09982_, 444.24, 470.56, 1.79624
_10147_, 444.24, 470.56, 1.79624
_10148_, 444.24, 470.56, 1.79624
hold53, 444.24, 470.56, 1.79624
FILLER_0_169_1057, 495.44, 470.56, 1.79642
FILLER_0_168_1085, 508.24, 470.56, 1.79641
FILLER_0_169_1113, 521.04, 470.56, 1.79641
FILLER_0_168_1141, 533.84, 470.56, 1.79641
FILLER_0_169_1169, 546.64, 470.56, 1.7964
FILLER_0_168_1197, 559.44, 470.56, 1.7964
FILLER_0_169_1225, 572.24, 470.56, 1.79639
FILLER_0_168_1253, 585.04, 470.56, 1.79639
FILLER_0_169_1281, 597.84, 470.56, 1.79638
FILLER_0_168_1309, 610.64, 470.56, 1.79638
FILLER_0_169_1337, 623.44, 470.56, 1.79637
PHY_332, 5.52, 465.12, 1.7975
PHY_334, 5.52, 465.12, 1.7975
_12262_, 34.64, 465.12, 1.79736
_13192_, 34.64, 465.12, 1.79736
_16794_, 34.64, 465.12, 1.79736
hold193, 34.64, 465.12, 1.79736
FILLER_0_167_50, 34.64, 465.12, 1.79736
FILLER_0_167_57, 34.64, 465.12, 1.79736
FILLER_0_167_72, 34.64, 465.12, 1.79736
FILLER_0_168_66, 34.64, 465.12, 1.79736
_12225_, 47.44, 465.12, 1.79723
_13178_, 47.44, 465.12, 1.79723
_13193_, 47.44, 465.12, 1.79723
_16779_, 47.44, 465.12, 1.79723
clkbuf_5_10__f_clk, 47.44, 465.12, 1.79723
hold166, 47.44, 465.12, 1.79723
FILLER_0_166_78, 47.44, 465.12, 1.79723
FILLER_0_167_84, 47.44, 465.12, 1.79723
FILLER_0_167_95, 47.44, 465.12, 1.79723
_12503_, 60.24, 465.12, 1.79721
_13181_, 60.24, 465.12, 1.79721
_13186_, 60.24, 465.12, 1.79721
_13194_, 60.24, 465.12, 1.79721
_16892_, 60.24, 465.12, 1.79721
FILLER_0_166_108, 60.24, 465.12, 1.79721
FILLER_0_167_119, 60.24, 465.12, 1.79721
_13202_, 73.04, 465.12, 1.7972
FILLER_0_166_137, 73.04, 465.12, 1.7972
FILLER_0_167_136, 73.04, 465.12, 1.7972
FILLER_0_167_144, 73.04, 465.12, 1.7972
FILLER_0_168_157, 73.04, 465.12, 1.7972
_12597_, 85.84, 465.12, 1.7972
_13203_, 85.84, 465.12, 1.7972
_13205_, 85.84, 465.12, 1.7972
clkbuf_5_11__f_clk, 85.84, 465.12, 1.7972
FILLER_0_166_165, 85.84, 465.12, 1.7972
FILLER_0_167_181, 85.84, 465.12, 1.7972
FILLER_0_168_181, 85.84, 465.12, 1.7972
FILLER_0_168_188, 85.84, 465.12, 1.7972
_12157_, 98.64, 465.12, 1.79728
_12247_, 98.64, 465.12, 1.79728
FILLER_0_167_206, 98.64, 465.12, 1.79728
_09653_, 111.44, 465.12, 1.79737
_12248_, 111.44, 465.12, 1.79737
_16530_, 111.44, 465.12, 1.79737
_16788_, 111.44, 465.12, 1.79737
_12153_, 124.24, 465.12, 1.79748
_12154_, 124.24, 465.12, 1.79748
hold141, 124.24, 465.12, 1.79748
FILLER_0_166_246, 124.24, 465.12, 1.79748
FILLER_0_166_253, 124.24, 465.12, 1.79748
FILLER_0_167_257, 124.24, 465.12, 1.79748
_12592_, 137.04, 465.12, 1.79759
_12593_, 137.04, 465.12, 1.79759
_13091_, 137.04, 465.12, 1.79759
_16930_, 137.04, 465.12, 1.79759
hold160, 137.04, 465.12, 1.79759
FILLER_0_167_273, 137.04, 465.12, 1.79759
FILLER_0_167_299, 137.04, 465.12, 1.79759
_12196_, 149.84, 465.12, 1.79771
_12243_, 149.84, 465.12, 1.79771
_12244_, 149.84, 465.12, 1.79771
_16770_, 149.84, 465.12, 1.79771
_16786_, 149.84, 465.12, 1.79771
hold107, 149.84, 465.12, 1.79771
_17096_, 162.64, 465.12, 1.79785
_17097_, 162.64, 465.12, 1.79785
FILLER_0_166_337, 162.64, 465.12, 1.79785
FILLER_0_167_330, 162.64, 465.12, 1.79785
FILLER_0_167_337, 162.64, 465.12, 1.79785
_17102_, 188.24, 465.12, 1.79788
hold352, 188.24, 465.12, 1.79788
_13440_, 201.04, 465.12, 1.79776
_13441_, 201.04, 465.12, 1.79776
_13442_, 201.04, 465.12, 1.79776
hold22, 201.04, 465.12, 1.79776
FILLER_0_167_438, 201.04, 465.12, 1.79776
FILLER_0_168_426, 201.04, 465.12, 1.79776
_13450_, 213.84, 465.12, 1.79765
_13461_, 213.84, 465.12, 1.79765
_17191_, 213.84, 465.12, 1.79765
hold764, 213.84, 465.12, 1.79765
FILLER_0_166_442, 213.84, 465.12, 1.79765
_17198_, 226.64, 465.12, 1.79754
_17199_, 226.64, 465.12, 1.79754
FILLER_0_166_469, 226.64, 465.12, 1.79754
FILLER_0_167_490, 226.64, 465.12, 1.79754
FILLER_0_168_493, 226.64, 465.12, 1.79754
_14015_, 239.44, 465.12, 1.79745
_14348_, 239.44, 465.12, 1.79745
_14354_, 239.44, 465.12, 1.79745
_14355_, 239.44, 465.12, 1.79745
_14387_, 239.44, 465.12, 1.79745
FILLER_0_166_497, 239.44, 465.12, 1.79745
FILLER_0_168_512, 239.44, 465.12, 1.79745
FILLER_0_168_521, 239.44, 465.12, 1.79745
_10292_, 252.24, 465.12, 1.79736
_14388_, 252.24, 465.12, 1.79736
_14389_, 252.24, 465.12, 1.79736
hold50, 252.24, 465.12, 1.79736
FILLER_0_166_523, 252.24, 465.12, 1.79736
FILLER_0_167_535, 252.24, 465.12, 1.79736
FILLER_0_167_548, 252.24, 465.12, 1.79736
_10291_, 265.04, 465.12, 1.79727
_10302_, 265.04, 465.12, 1.79727
_10303_, 265.04, 465.12, 1.79727
_13975_, 265.04, 465.12, 1.79727
_13996_, 265.04, 465.12, 1.79727
_17381_, 265.04, 465.12, 1.79727
FILLER_0_167_554, 265.04, 465.12, 1.79727
_13949_, 277.84, 465.12, 1.79719
_13950_, 277.84, 465.12, 1.79719
_13959_, 277.84, 465.12, 1.79719
_13994_, 277.84, 465.12, 1.79719
_14301_, 277.84, 465.12, 1.79719
_17383_, 277.84, 465.12, 1.79719
hold397, 277.84, 465.12, 1.79719
FILLER_0_166_584, 277.84, 465.12, 1.79719
_09836_, 290.64, 465.12, 1.79712
_10538_, 290.64, 465.12, 1.79712
_10539_, 290.64, 465.12, 1.79712
FILLER_0_167_607, 290.64, 465.12, 1.79712
FILLER_0_168_627, 290.64, 465.12, 1.79712
_09745_, 303.44, 465.12, 1.79706
_09835_, 303.44, 465.12, 1.79706
_10536_, 303.44, 465.12, 1.79706
_10541_, 303.44, 465.12, 1.79706
FILLER_0_166_641, 303.44, 465.12, 1.79706
FILLER_0_166_645, 303.44, 465.12, 1.79706
FILLER_0_167_640, 303.44, 465.12, 1.79706
FILLER_0_167_648, 303.44, 465.12, 1.79706
FILLER_0_167_654, 303.44, 465.12, 1.79706
_14267_, 316.24, 465.12, 1.797
_14298_, 316.24, 465.12, 1.797
_17413_, 316.24, 465.12, 1.797
FILLER_0_167_662, 316.24, 465.12, 1.797
FILLER_0_167_689, 316.24, 465.12, 1.797
_09830_, 341.84, 465.12, 1.79689
_13946_, 341.84, 465.12, 1.79689
_14154_, 341.84, 465.12, 1.79689
FILLER_0_167_723, 341.84, 465.12, 1.79689
_14149_, 354.64, 465.12, 1.79683
_14150_, 354.64, 465.12, 1.79683
_14230_, 354.64, 465.12, 1.79683
_14264_, 354.64, 465.12, 1.79683
FILLER_0_167_765, 354.64, 465.12, 1.79683
_14229_, 367.44, 465.12, 1.79678
_14244_, 367.44, 465.12, 1.79678
_14253_, 367.44, 465.12, 1.79678
_14254_, 367.44, 465.12, 1.79678
_14255_, 367.44, 465.12, 1.79678
FILLER_0_166_783, 367.44, 465.12, 1.79678
FILLER_0_167_781, 367.44, 465.12, 1.79678
_14174_, 380.24, 465.12, 1.79673
_14175_, 380.24, 465.12, 1.79673
FILLER_0_166_805, 380.24, 465.12, 1.79673
FILLER_0_166_813, 380.24, 465.12, 1.79673
FILLER_0_167_813, 380.24, 465.12, 1.79673
FILLER_0_167_828, 380.24, 465.12, 1.79673
_14012_, 393.04, 465.12, 1.79667
_14014_, 393.04, 465.12, 1.79667
_14172_, 393.04, 465.12, 1.79667
_14219_, 393.04, 465.12, 1.79667
FILLER_0_167_841, 393.04, 465.12, 1.79667
FILLER_0_168_851, 393.04, 465.12, 1.79667
_14187_, 405.84, 465.12, 1.79663
_14188_, 405.84, 465.12, 1.79663
_14189_, 405.84, 465.12, 1.79663
_17401_, 405.84, 465.12, 1.79663
FILLER_0_168_881, 405.84, 465.12, 1.79663
_14028_, 418.64, 465.12, 1.79659
FILLER_0_166_897, 418.64, 465.12, 1.79659
FILLER_0_167_885, 418.64, 465.12, 1.79659
FILLER_0_167_893, 418.64, 465.12, 1.79659
FILLER_0_167_909, 418.64, 465.12, 1.79659
FILLER_0_168_906, 418.64, 465.12, 1.79659
_10142_, 431.44, 465.12, 1.79655
_10144_, 431.44, 465.12, 1.79655
_10145_, 431.44, 465.12, 1.79655
_14037_, 431.44, 465.12, 1.79655
FILLER_0_167_921, 431.44, 465.12, 1.79655
_09981_, 444.24, 465.12, 1.79651
_16640_, 444.24, 465.12, 1.79651
_16641_, 444.24, 465.12, 1.79651
hold125, 444.24, 465.12, 1.79651
hold131, 444.24, 465.12, 1.79651
FILLER_0_167_1005, 469.84, 465.12, 1.79647
FILLER_0_167_1057, 495.44, 465.12, 1.79643
FILLER_0_166_1085, 508.24, 465.12, 1.79643
FILLER_0_167_1113, 521.04, 465.12, 1.79642
FILLER_0_166_1141, 533.84, 465.12, 1.79641
FILLER_0_167_1169, 546.64, 465.12, 1.7964
FILLER_0_166_1197, 559.44, 465.12, 1.79639
FILLER_0_167_1225, 572.24, 465.12, 1.79638
FILLER_0_166_1253, 585.04, 465.12, 1.79637
FILLER_0_167_1281, 597.84, 465.12, 1.79637
FILLER_0_166_1309, 610.64, 465.12, 1.79636
FILLER_0_167_1337, 623.44, 465.12, 1.79635
_12172_, 5.52, 459.68, 1.79748
_16762_, 5.52, 459.68, 1.79748
PHY_328, 5.52, 459.68, 1.79748
PHY_330, 5.52, 459.68, 1.79748
FILLER_0_165_3, 5.52, 459.68, 1.79748
_12171_, 13.68, 459.68, 1.79749
_12611_, 13.68, 459.68, 1.79749
_16778_, 13.68, 459.68, 1.79749
FILLER_0_164_13, 13.68, 459.68, 1.79749
_12261_, 34.64, 459.68, 1.79748
hold235, 34.64, 459.68, 1.79748
FILLER_0_164_53, 34.64, 459.68, 1.79748
FILLER_0_165_57, 34.64, 459.68, 1.79748
_12224_, 47.44, 459.68, 1.79747
_12264_, 47.44, 459.68, 1.79747
_13180_, 47.44, 459.68, 1.79747
_13185_, 47.44, 459.68, 1.79747
hold119, 47.44, 459.68, 1.79747
FILLER_0_165_93, 47.44, 459.68, 1.79747
FILLER_0_165_104, 47.44, 459.68, 1.79747
FILLER_0_166_101, 47.44, 459.68, 1.79747
_13179_, 60.24, 459.68, 1.79746
_13187_, 60.24, 459.68, 1.79746
_13198_, 60.24, 459.68, 1.79746
_13199_, 60.24, 459.68, 1.79746
FILLER_0_165_128, 60.24, 459.68, 1.79746
FILLER_0_166_120, 60.24, 459.68, 1.79746
FILLER_0_166_129, 60.24, 459.68, 1.79746
_13053_, 73.04, 459.68, 1.79746
_13170_, 73.04, 459.68, 1.79746
_13175_, 73.04, 459.68, 1.79746
_13208_, 73.04, 459.68, 1.79746
_13209_, 73.04, 459.68, 1.79746
_12158_, 85.84, 459.68, 1.79747
_13204_, 85.84, 459.68, 1.79747
_16756_, 85.84, 459.68, 1.79747
hold126, 85.84, 459.68, 1.79747
FILLER_0_165_174, 85.84, 459.68, 1.79747
FILLER_0_166_177, 85.84, 459.68, 1.79747
FILLER_0_166_188, 85.84, 459.68, 1.79747
_12201_, 98.64, 459.68, 1.79748
_12202_, 98.64, 459.68, 1.79748
_16772_, 98.64, 459.68, 1.79748
hold105, 98.64, 459.68, 1.79748
hold118, 98.64, 459.68, 1.79748
FILLER_0_165_197, 98.64, 459.68, 1.79748
FILLER_0_166_214, 98.64, 459.68, 1.79748
_12451_, 111.44, 459.68, 1.79751
_16869_, 111.44, 459.68, 1.79751
FILLER_0_164_227, 111.44, 459.68, 1.79751
_09662_, 124.24, 459.68, 1.79755
_16533_, 124.24, 459.68, 1.79755
_16754_, 124.24, 459.68, 1.79755
hold320, 124.24, 459.68, 1.79755
clkbuf_leaf_42_clk, 137.04, 459.68, 1.7976
hold241, 137.04, 459.68, 1.7976
FILLER_0_165_277, 137.04, 459.68, 1.7976
_13113_, 149.84, 459.68, 1.7977
_13210_, 149.84, 459.68, 1.7977
hold197, 149.84, 459.68, 1.7977
_13114_, 162.64, 459.68, 1.7978
_13115_, 162.64, 459.68, 1.7978
_13451_, 188.24, 459.68, 1.79779
hold59, 188.24, 459.68, 1.79779
hold129, 188.24, 459.68, 1.79779
_13427_, 201.04, 459.68, 1.79768
_13437_, 201.04, 459.68, 1.79768
_13438_, 201.04, 459.68, 1.79768
_13458_, 201.04, 459.68, 1.79768
_13460_, 201.04, 459.68, 1.79768
FILLER_0_164_421, 201.04, 459.68, 1.79768
FILLER_0_165_430, 201.04, 459.68, 1.79768
FILLER_0_165_437, 201.04, 459.68, 1.79768
_13457_, 213.84, 459.68, 1.79758
_13459_, 213.84, 459.68, 1.79758
_17190_, 213.84, 459.68, 1.79758
FILLER_0_165_445, 213.84, 459.68, 1.79758
FILLER_0_165_449, 213.84, 459.68, 1.79758
_10295_, 226.64, 459.68, 1.79749
_10296_, 226.64, 459.68, 1.79749
_10314_, 226.64, 459.68, 1.79749
hold971, 226.64, 459.68, 1.79749
FILLER_0_164_467, 226.64, 459.68, 1.79749
FILLER_0_164_477, 226.64, 459.68, 1.79749
FILLER_0_165_484, 226.64, 459.68, 1.79749
FILLER_0_165_494, 226.64, 459.68, 1.79749
_10298_, 239.44, 459.68, 1.79739
_14346_, 239.44, 459.68, 1.79739
FILLER_0_164_504, 239.44, 459.68, 1.79739
FILLER_0_165_517, 239.44, 459.68, 1.79739
_14390_, 252.24, 459.68, 1.7973
_14391_, 252.24, 459.68, 1.7973
_17434_, 252.24, 459.68, 1.7973
FILLER_0_164_529, 252.24, 459.68, 1.7973
FILLER_0_166_545, 252.24, 459.68, 1.7973
_13997_, 265.04, 459.68, 1.79722
FILLER_0_165_554, 265.04, 459.68, 1.79722
_10548_, 277.84, 459.68, 1.79714
_17626_, 277.84, 459.68, 1.79714
FILLER_0_165_582, 277.84, 459.68, 1.79714
_10525_, 290.64, 459.68, 1.79706
_10529_, 290.64, 459.68, 1.79706
_10530_, 290.64, 459.68, 1.79706
_16434_, 290.64, 459.68, 1.79706
FILLER_0_164_614, 290.64, 459.68, 1.79706
FILLER_0_165_611, 290.64, 459.68, 1.79706
FILLER_0_166_633, 290.64, 459.68, 1.79706
_10531_, 303.44, 459.68, 1.79699
_15212_, 303.44, 459.68, 1.79699
_18115_, 303.44, 459.68, 1.79699
FILLER_0_164_640, 303.44, 459.68, 1.79699
FILLER_0_165_646, 303.44, 459.68, 1.79699
_16427_, 316.24, 459.68, 1.79693
_18113_, 316.24, 459.68, 1.79693
FILLER_0_165_685, 316.24, 459.68, 1.79693
_14148_, 341.84, 459.68, 1.79681
_14155_, 341.84, 459.68, 1.79681
_14156_, 341.84, 459.68, 1.79681
FILLER_0_165_721, 341.84, 459.68, 1.79681
FILLER_0_165_729, 341.84, 459.68, 1.79681
FILLER_0_165_740, 341.84, 459.68, 1.79681
_17398_, 354.64, 459.68, 1.79674
_17408_, 354.64, 459.68, 1.79674
FILLER_0_164_746, 354.64, 459.68, 1.79674
FILLER_0_165_763, 354.64, 459.68, 1.79674
FILLER_0_166_769, 354.64, 459.68, 1.79674
_14235_, 367.44, 459.68, 1.79669
_14236_, 367.44, 459.68, 1.79669
_14237_, 367.44, 459.68, 1.79669
_17406_, 367.44, 459.68, 1.79669
FILLER_0_165_785, 367.44, 459.68, 1.79669
_14143_, 380.24, 459.68, 1.79664
_14176_, 380.24, 459.68, 1.79664
_14177_, 380.24, 459.68, 1.79664
_17400_, 380.24, 459.68, 1.79664
FILLER_0_164_801, 380.24, 459.68, 1.79664
FILLER_0_164_809, 380.24, 459.68, 1.79664
FILLER_0_164_813, 380.24, 459.68, 1.79664
FILLER_0_165_810, 380.24, 459.68, 1.79664
_09730_, 393.04, 459.68, 1.79661
_14046_, 393.04, 459.68, 1.79661
_14076_, 393.04, 459.68, 1.79661
_14135_, 393.04, 459.68, 1.79661
_14192_, 393.04, 459.68, 1.79661
_14226_, 393.04, 459.68, 1.79661
FILLER_0_165_830, 393.04, 459.68, 1.79661
FILLER_0_165_845, 393.04, 459.68, 1.79661
FILLER_0_166_845, 393.04, 459.68, 1.79661
_14216_, 405.84, 459.68, 1.79657
_14227_, 405.84, 459.68, 1.79657
_14228_, 405.84, 459.68, 1.79657
FILLER_0_164_863, 405.84, 459.68, 1.79657
FILLER_0_164_869, 405.84, 459.68, 1.79657
FILLER_0_165_878, 405.84, 459.68, 1.79657
_14196_, 418.64, 459.68, 1.79654
_14197_, 418.64, 459.68, 1.79654
_14198_, 418.64, 459.68, 1.79654
FILLER_0_164_894, 418.64, 459.68, 1.79654
FILLER_0_165_891, 418.64, 459.68, 1.79654
FILLER_0_165_897, 418.64, 459.68, 1.79654
_14199_, 431.44, 459.68, 1.79651
_14209_, 431.44, 459.68, 1.79651
_17402_, 431.44, 459.68, 1.79651
FILLER_0_164_913, 431.44, 459.68, 1.79651
FILLER_0_166_937, 431.44, 459.68, 1.79651
FILLER_0_164_977, 457.04, 459.68, 1.79645
FILLER_0_165_1001, 469.84, 459.68, 1.79643
FILLER_0_165_1057, 495.44, 459.68, 1.79639
FILLER_0_164_1085, 508.24, 459.68, 1.79639
FILLER_0_165_1113, 521.04, 459.68, 1.79638
FILLER_0_164_1141, 533.84, 459.68, 1.79637
FILLER_0_165_1169, 546.64, 459.68, 1.79636
FILLER_0_164_1197, 559.44, 459.68, 1.79635
FILLER_0_165_1225, 572.24, 459.68, 1.79634
FILLER_0_164_1253, 585.04, 459.68, 1.79634
FILLER_0_165_1281, 597.84, 459.68, 1.79633
FILLER_0_164_1309, 610.64, 459.68, 1.79632
FILLER_0_165_1337, 623.44, 459.68, 1.79631
FILLER_0_165_1357, 623.44, 459.68, 1.79631
_16938_, 5.52, 454.24, 1.79742
PHY_324, 5.52, 454.24, 1.79742
PHY_326, 5.52, 454.24, 1.79742
input17, 5.52, 454.24, 1.79742
FILLER_0_164_6, 5.52, 454.24, 1.79742
_12610_, 13.68, 454.24, 1.79742
hold370, 13.68, 454.24, 1.79742
FILLER_0_163_21, 13.68, 454.24, 1.79742
_12612_, 34.64, 454.24, 1.79742
_13196_, 34.64, 454.24, 1.79742
FILLER_0_163_52, 34.64, 454.24, 1.79742
_12263_, 47.44, 454.24, 1.79742
_13197_, 47.44, 454.24, 1.79742
_16795_, 47.44, 454.24, 1.79742
FILLER_0_162_85, 47.44, 454.24, 1.79742
FILLER_0_163_104, 47.44, 454.24, 1.79742
FILLER_0_164_105, 47.44, 454.24, 1.79742
_12176_, 60.24, 454.24, 1.79742
_13207_, 60.24, 454.24, 1.79742
_16764_, 60.24, 454.24, 1.79742
FILLER_0_163_116, 60.24, 454.24, 1.79742
FILLER_0_163_124, 60.24, 454.24, 1.79742
_12227_, 73.04, 454.24, 1.79744
_12265_, 73.04, 454.24, 1.79744
FILLER_0_162_133, 73.04, 454.24, 1.79744
FILLER_0_162_141, 73.04, 454.24, 1.79744
FILLER_0_164_160, 73.04, 454.24, 1.79744
_12228_, 85.84, 454.24, 1.79746
_12443_, 85.84, 454.24, 1.79746
_16780_, 85.84, 454.24, 1.79746
FILLER_0_164_186, 85.84, 454.24, 1.79746
_09651_, 98.64, 454.24, 1.79749
_12517_, 98.64, 454.24, 1.79749
_13071_, 98.64, 454.24, 1.79749
_13072_, 98.64, 454.24, 1.79749
_12450_, 111.44, 454.24, 1.79752
_12487_, 111.44, 454.24, 1.79752
FILLER_0_164_242, 111.44, 454.24, 1.79752
_09661_, 124.24, 454.24, 1.79755
_12524_, 124.24, 454.24, 1.79755
hold212, 124.24, 454.24, 1.79755
FILLER_0_163_249, 124.24, 454.24, 1.79755
_12525_, 137.04, 454.24, 1.79759
_12561_, 137.04, 454.24, 1.79759
_12562_, 137.04, 454.24, 1.79759
_16917_, 137.04, 454.24, 1.79759
FILLER_0_163_281, 137.04, 454.24, 1.79759
FILLER_0_164_286, 137.04, 454.24, 1.79759
_12377_, 149.84, 454.24, 1.79764
_13094_, 149.84, 454.24, 1.79764
_13096_, 149.84, 454.24, 1.79764
_13105_, 149.84, 454.24, 1.79764
FILLER_0_164_321, 149.84, 454.24, 1.79764
_13106_, 162.64, 454.24, 1.79769
_17095_, 162.64, 454.24, 1.79769
FILLER_0_163_330, 162.64, 454.24, 1.79769
FILLER_0_163_337, 162.64, 454.24, 1.79769
FILLER_0_164_355, 162.64, 454.24, 1.79769
_10339_, 188.24, 454.24, 1.7976
_11549_, 188.24, 454.24, 1.7976
clkbuf_leaf_65_clk, 188.24, 454.24, 1.7976
hold100, 188.24, 454.24, 1.7976
hold592, 188.24, 454.24, 1.7976
FILLER_0_163_411, 188.24, 454.24, 1.7976
_13429_, 201.04, 454.24, 1.7975
_13435_, 201.04, 454.24, 1.7975
_13436_, 201.04, 454.24, 1.7975
_13464_, 201.04, 454.24, 1.7975
_13465_, 201.04, 454.24, 1.7975
_13468_, 201.04, 454.24, 1.7975
_13466_, 213.84, 454.24, 1.7974
_17200_, 213.84, 454.24, 1.7974
FILLER_0_163_449, 213.84, 454.24, 1.7974
_10315_, 226.64, 454.24, 1.79731
_10316_, 226.64, 454.24, 1.79731
_10317_, 226.64, 454.24, 1.79731
_10319_, 226.64, 454.24, 1.79731
_13456_, 226.64, 454.24, 1.79731
_17201_, 226.64, 454.24, 1.79731
FILLER_0_162_467, 226.64, 454.24, 1.79731
FILLER_0_163_479, 226.64, 454.24, 1.79731
FILLER_0_164_485, 226.64, 454.24, 1.79731
_10293_, 239.44, 454.24, 1.79723
_10294_, 239.44, 454.24, 1.79723
_10297_, 239.44, 454.24, 1.79723
_13462_, 239.44, 454.24, 1.79723
_14347_, 239.44, 454.24, 1.79723
_14353_, 239.44, 454.24, 1.79723
FILLER_0_162_499, 239.44, 454.24, 1.79723
FILLER_0_162_505, 239.44, 454.24, 1.79723
FILLER_0_163_513, 239.44, 454.24, 1.79723
_14319_, 252.24, 454.24, 1.79715
_14329_, 252.24, 454.24, 1.79715
_14337_, 252.24, 454.24, 1.79715
_14351_, 252.24, 454.24, 1.79715
_17421_, 252.24, 454.24, 1.79715
FILLER_0_162_527, 252.24, 454.24, 1.79715
FILLER_0_163_524, 252.24, 454.24, 1.79715
FILLER_0_163_536, 252.24, 454.24, 1.79715
FILLER_0_164_541, 252.24, 454.24, 1.79715
_14323_, 265.04, 454.24, 1.79709
_14352_, 265.04, 454.24, 1.79709
_17416_, 265.04, 454.24, 1.79709
FILLER_0_162_564, 265.04, 454.24, 1.79709
FILLER_0_163_557, 265.04, 454.24, 1.79709
FILLER_0_163_561, 265.04, 454.24, 1.79709
_15169_, 277.84, 454.24, 1.79703
FILLER_0_162_581, 277.84, 454.24, 1.79703
FILLER_0_162_589, 277.84, 454.24, 1.79703
FILLER_0_163_583, 277.84, 454.24, 1.79703
FILLER_0_164_601, 277.84, 454.24, 1.79703
_10526_, 290.64, 454.24, 1.79697
_10528_, 290.64, 454.24, 1.79697
_15168_, 290.64, 454.24, 1.79697
FILLER_0_163_609, 290.64, 454.24, 1.79697
FILLER_0_164_624, 290.64, 454.24, 1.79697
_10650_, 303.44, 454.24, 1.79691
_16430_, 303.44, 454.24, 1.79691
_16431_, 303.44, 454.24, 1.79691
FILLER_0_163_647, 303.44, 454.24, 1.79691
FILLER_0_164_652, 303.44, 454.24, 1.79691
FILLER_0_164_660, 303.44, 454.24, 1.79691
_16429_, 316.24, 454.24, 1.79685
hold591, 316.24, 454.24, 1.79685
FILLER_0_163_669, 316.24, 454.24, 1.79685
FILLER_0_164_687, 316.24, 454.24, 1.79685
_11246_, 341.84, 454.24, 1.79671
_17399_, 341.84, 454.24, 1.79671
FILLER_0_162_725, 341.84, 454.24, 1.79671
FILLER_0_163_724, 341.84, 454.24, 1.79671
FILLER_0_163_729, 341.84, 454.24, 1.79671
_10544_, 354.64, 454.24, 1.79664
_18107_, 354.64, 454.24, 1.79664
_14088_, 367.44, 454.24, 1.79658
_14191_, 367.44, 454.24, 1.79658
_17392_, 367.44, 454.24, 1.79658
FILLER_0_163_776, 367.44, 454.24, 1.79658
FILLER_0_163_785, 367.44, 454.24, 1.79658
FILLER_0_163_793, 367.44, 454.24, 1.79658
FILLER_0_164_792, 367.44, 454.24, 1.79658
_09789_, 380.24, 454.24, 1.79652
_10543_, 380.24, 454.24, 1.79652
_14033_, 380.24, 454.24, 1.79652
_14087_, 380.24, 454.24, 1.79652
FILLER_0_162_808, 380.24, 454.24, 1.79652
FILLER_0_163_811, 380.24, 454.24, 1.79652
FILLER_0_164_823, 380.24, 454.24, 1.79652
_14062_, 393.04, 454.24, 1.79647
_14069_, 393.04, 454.24, 1.79647
_14071_, 393.04, 454.24, 1.79647
FILLER_0_163_832, 393.04, 454.24, 1.79647
FILLER_0_164_853, 393.04, 454.24, 1.79647
_14068_, 405.84, 454.24, 1.79641
_14217_, 405.84, 454.24, 1.79641
_14218_, 405.84, 454.24, 1.79641
_17404_, 405.84, 454.24, 1.79641
_17405_, 405.84, 454.24, 1.79641
FILLER_0_162_859, 405.84, 454.24, 1.79641
_14056_, 418.64, 454.24, 1.79638
_14207_, 418.64, 454.24, 1.79638
_14208_, 418.64, 454.24, 1.79638
FILLER_0_162_893, 418.64, 454.24, 1.79638
FILLER_0_163_889, 418.64, 454.24, 1.79638
FILLER_0_163_909, 418.64, 454.24, 1.79638
_17403_, 431.44, 454.24, 1.79634
FILLER_0_162_919, 431.44, 454.24, 1.79634
FILLER_0_163_917, 431.44, 454.24, 1.79634
clkbuf_leaf_80_clk, 444.24, 454.24, 1.79631
FILLER_0_163_948, 444.24, 454.24, 1.79631
FILLER_0_162_972, 457.04, 454.24, 1.79631
FILLER_0_163_1001, 469.84, 454.24, 1.79632
FILLER_0_163_1057, 495.44, 454.24, 1.79633
FILLER_0_162_1085, 508.24, 454.24, 1.79632
FILLER_0_163_1113, 521.04, 454.24, 1.79632
FILLER_0_162_1141, 533.84, 454.24, 1.79631
FILLER_0_163_1169, 546.64, 454.24, 1.79631
FILLER_0_162_1197, 559.44, 454.24, 1.7963
FILLER_0_163_1225, 572.24, 454.24, 1.7963
FILLER_0_162_1253, 585.04, 454.24, 1.79629
FILLER_0_163_1281, 597.84, 454.24, 1.79629
FILLER_0_162_1309, 610.64, 454.24, 1.79628
FILLER_0_163_1337, 623.44, 454.24, 1.79628
PHY_320, 5.52, 448.8, 1.79729
PHY_322, 5.52, 448.8, 1.79729
_12506_, 13.68, 448.8, 1.79729
FILLER_0_161_15, 13.68, 448.8, 1.79729
FILLER_0_162_24, 13.68, 448.8, 1.79729
_09631_, 34.64, 448.8, 1.79723
_12613_, 34.64, 448.8, 1.79723
_16525_, 34.64, 448.8, 1.79723
hold156, 34.64, 448.8, 1.79723
FILLER_0_160_50, 34.64, 448.8, 1.79723
FILLER_0_161_60, 34.64, 448.8, 1.79723
FILLER_0_162_77, 34.64, 448.8, 1.79723
_16669_, 47.44, 448.8, 1.79718
FILLER_0_160_85, 47.44, 448.8, 1.79718
FILLER_0_162_97, 47.44, 448.8, 1.79718
FILLER_0_162_105, 47.44, 448.8, 1.79718
_12175_, 60.24, 448.8, 1.79713
_13019_, 60.24, 448.8, 1.79713
_13171_, 60.24, 448.8, 1.79713
_13176_, 60.24, 448.8, 1.79713
_16940_, 60.24, 448.8, 1.79713
hold104, 60.24, 448.8, 1.79713
hold273, 60.24, 448.8, 1.79713
FILLER_0_161_113, 60.24, 448.8, 1.79713
FILLER_0_161_123, 60.24, 448.8, 1.79713
_12266_, 73.04, 448.8, 1.79711
_12498_, 73.04, 448.8, 1.79711
_16796_, 73.04, 448.8, 1.79711
hold159, 73.04, 448.8, 1.79711
hold169, 73.04, 448.8, 1.79711
FILLER_0_161_134, 73.04, 448.8, 1.79711
FILLER_0_161_160, 73.04, 448.8, 1.79711
FILLER_0_162_152, 73.04, 448.8, 1.79711
_09581_, 85.84, 448.8, 1.79709
_09621_, 85.84, 448.8, 1.79709
_09677_, 85.84, 448.8, 1.79709
_09691_, 85.84, 448.8, 1.79709
_12480_, 85.84, 448.8, 1.79709
FILLER_0_161_181, 85.84, 448.8, 1.79709
FILLER_0_162_180, 85.84, 448.8, 1.79709
FILLER_0_162_188, 85.84, 448.8, 1.79709
_09580_, 98.64, 448.8, 1.79708
_09595_, 98.64, 448.8, 1.79708
_09637_, 98.64, 448.8, 1.79708
_12488_, 98.64, 448.8, 1.79708
_12554_, 98.64, 448.8, 1.79708
_16885_, 98.64, 448.8, 1.79708
FILLER_0_160_202, 98.64, 448.8, 1.79708
FILLER_0_161_191, 98.64, 448.8, 1.79708
FILLER_0_162_207, 98.64, 448.8, 1.79708
_13121_, 111.44, 448.8, 1.79708
_13122_, 111.44, 448.8, 1.79708
_16517_, 111.44, 448.8, 1.79708
clkbuf_leaf_40_clk, 111.44, 448.8, 1.79708
hold276, 111.44, 448.8, 1.79708
FILLER_0_161_217, 111.44, 448.8, 1.79708
FILLER_0_161_225, 111.44, 448.8, 1.79708
FILLER_0_162_243, 111.44, 448.8, 1.79708
_16901_, 124.24, 448.8, 1.79713
hold123, 124.24, 448.8, 1.79713
FILLER_0_162_265, 124.24, 448.8, 1.79713
_13119_, 137.04, 448.8, 1.79719
_16549_, 137.04, 448.8, 1.79719
FILLER_0_161_277, 137.04, 448.8, 1.79719
FILLER_0_161_281, 137.04, 448.8, 1.79719
FILLER_0_162_298, 137.04, 448.8, 1.79719
_12376_, 149.84, 448.8, 1.79726
_16837_, 149.84, 448.8, 1.79726
hold106, 149.84, 448.8, 1.79726
FILLER_0_160_302, 149.84, 448.8, 1.79726
_13033_, 162.64, 448.8, 1.79735
_13095_, 162.64, 448.8, 1.79735
_13133_, 162.64, 448.8, 1.79735
_13143_, 162.64, 448.8, 1.79735
_13144_, 162.64, 448.8, 1.79735
clkbuf_2_1_0_clk, 162.64, 448.8, 1.79735
hold989, 162.64, 448.8, 1.79735
FILLER_0_160_329, 162.64, 448.8, 1.79735
FILLER_0_161_333, 162.64, 448.8, 1.79735
_13169_, 188.24, 448.8, 1.79743
_17101_, 188.24, 448.8, 1.79743
FILLER_0_160_387, 188.24, 448.8, 1.79743
FILLER_0_161_385, 188.24, 448.8, 1.79743
FILLER_0_161_393, 188.24, 448.8, 1.79743
_11625_, 201.04, 448.8, 1.79733
_11709_, 201.04, 448.8, 1.79733
_13428_, 201.04, 448.8, 1.79733
_13433_, 201.04, 448.8, 1.79733
FILLER_0_161_413, 201.04, 448.8, 1.79733
FILLER_0_161_433, 201.04, 448.8, 1.79733
_13421_, 213.84, 448.8, 1.79725
_13463_, 213.84, 448.8, 1.79725
_13469_, 213.84, 448.8, 1.79725
_17189_, 213.84, 448.8, 1.79725
FILLER_0_161_449, 213.84, 448.8, 1.79725
FILLER_0_162_453, 213.84, 448.8, 1.79725
_10318_, 226.64, 448.8, 1.79717
hold71, 226.64, 448.8, 1.79717
FILLER_0_160_477, 226.64, 448.8, 1.79717
_13467_, 239.44, 448.8, 1.7971
_14321_, 239.44, 448.8, 1.7971
FILLER_0_161_496, 239.44, 448.8, 1.7971
FILLER_0_161_517, 239.44, 448.8, 1.7971
FILLER_0_162_516, 239.44, 448.8, 1.7971
_14336_, 252.24, 448.8, 1.79702
_17431_, 252.24, 448.8, 1.79702
FILLER_0_160_527, 252.24, 448.8, 1.79702
FILLER_0_160_533, 252.24, 448.8, 1.79702
_10301_, 265.04, 448.8, 1.79696
_11781_, 265.04, 448.8, 1.79696
_11836_, 265.04, 448.8, 1.79696
_14322_, 265.04, 448.8, 1.79696
_14382_, 265.04, 448.8, 1.79696
FILLER_0_160_558, 265.04, 448.8, 1.79696
_15167_, 277.84, 448.8, 1.79689
_17625_, 277.84, 448.8, 1.79689
hold312, 277.84, 448.8, 1.79689
FILLER_0_161_580, 277.84, 448.8, 1.79689
FILLER_0_161_588, 277.84, 448.8, 1.79689
_10527_, 290.64, 448.8, 1.79683
_10546_, 290.64, 448.8, 1.79683
_15165_, 290.64, 448.8, 1.79683
FILLER_0_160_619, 290.64, 448.8, 1.79683
FILLER_0_161_611, 290.64, 448.8, 1.79683
_10547_, 303.44, 448.8, 1.79678
_10549_, 303.44, 448.8, 1.79678
_10550_, 303.44, 448.8, 1.79678
_16433_, 303.44, 448.8, 1.79678
FILLER_0_160_637, 303.44, 448.8, 1.79678
FILLER_0_160_645, 303.44, 448.8, 1.79678
FILLER_0_161_656, 303.44, 448.8, 1.79678
_16424_, 316.24, 448.8, 1.79672
_18112_, 316.24, 448.8, 1.79672
_18116_, 316.24, 448.8, 1.79672
FILLER_0_161_667, 316.24, 448.8, 1.79672
_11305_, 341.84, 448.8, 1.79657
_14157_, 341.84, 448.8, 1.79657
_16410_, 341.84, 448.8, 1.79657
clkbuf_leaf_76_clk, 341.84, 448.8, 1.79657
FILLER_0_160_725, 341.84, 448.8, 1.79657
FILLER_0_161_721, 341.84, 448.8, 1.79657
_10524_, 354.64, 448.8, 1.79649
FILLER_0_160_751, 354.64, 448.8, 1.79649
FILLER_0_161_749, 354.64, 448.8, 1.79649
FILLER_0_161_766, 354.64, 448.8, 1.79649
_14086_, 367.44, 448.8, 1.79642
_14095_, 367.44, 448.8, 1.79642
_14096_, 367.44, 448.8, 1.79642
_14097_, 367.44, 448.8, 1.79642
_17391_, 367.44, 448.8, 1.79642
FILLER_0_161_785, 367.44, 448.8, 1.79642
_11409_, 380.24, 448.8, 1.79635
_14077_, 380.24, 448.8, 1.79635
_14078_, 380.24, 448.8, 1.79635
_14079_, 380.24, 448.8, 1.79635
clkbuf_leaf_77_clk, 380.24, 448.8, 1.79635
FILLER_0_161_808, 380.24, 448.8, 1.79635
FILLER_0_161_825, 380.24, 448.8, 1.79635
FILLER_0_162_817, 380.24, 448.8, 1.79635
_10522_, 393.04, 448.8, 1.79632
_14061_, 393.04, 448.8, 1.79632
_14070_, 393.04, 448.8, 1.79632
_17389_, 393.04, 448.8, 1.79632
FILLER_0_160_833, 393.04, 448.8, 1.79632
FILLER_0_161_837, 393.04, 448.8, 1.79632
_09784_, 405.84, 448.8, 1.79631
_09785_, 405.84, 448.8, 1.79631
_10542_, 405.84, 448.8, 1.79631
_10654_, 405.84, 448.8, 1.79631
_11465_, 405.84, 448.8, 1.79631
FILLER_0_160_863, 405.84, 448.8, 1.79631
FILLER_0_161_859, 405.84, 448.8, 1.79631
FILLER_0_161_868, 405.84, 448.8, 1.79631
FILLER_0_161_876, 405.84, 448.8, 1.79631
_09764_, 418.64, 448.8, 1.79629
_14020_, 418.64, 448.8, 1.79629
_14047_, 418.64, 448.8, 1.79629
FILLER_0_160_896, 418.64, 448.8, 1.79629
FILLER_0_161_906, 418.64, 448.8, 1.79629
_09760_, 431.44, 448.8, 1.79629
_14030_, 431.44, 448.8, 1.79629
_14031_, 431.44, 448.8, 1.79629
_17385_, 431.44, 448.8, 1.79629
FILLER_0_160_916, 431.44, 448.8, 1.79629
FILLER_0_162_937, 431.44, 448.8, 1.79629
FILLER_0_161_947, 444.24, 448.8, 1.79629
FILLER_0_160_977, 457.04, 448.8, 1.79629
FILLER_0_161_1001, 469.84, 448.8, 1.79629
FILLER_0_161_1057, 495.44, 448.8, 1.79629
FILLER_0_160_1085, 508.24, 448.8, 1.79628
FILLER_0_161_1113, 521.04, 448.8, 1.79628
FILLER_0_160_1141, 533.84, 448.8, 1.79627
FILLER_0_161_1169, 546.64, 448.8, 1.79627
FILLER_0_160_1197, 559.44, 448.8, 1.79627
FILLER_0_161_1225, 572.24, 448.8, 1.79626
FILLER_0_160_1253, 585.04, 448.8, 1.79626
FILLER_0_161_1281, 597.84, 448.8, 1.79625
FILLER_0_160_1309, 610.64, 448.8, 1.79625
FILLER_0_161_1337, 623.44, 448.8, 1.79624
_09688_, 5.52, 443.36, 1.79726
_16541_, 5.52, 443.36, 1.79726
PHY_316, 5.52, 443.36, 1.79726
PHY_318, 5.52, 443.36, 1.79726
FILLER_0_159_3, 5.52, 443.36, 1.79726
_09687_, 13.68, 443.36, 1.79726
_16893_, 13.68, 443.36, 1.79726
hold313, 13.68, 443.36, 1.79726
_09632_, 34.64, 443.36, 1.79725
_13213_, 34.64, 443.36, 1.79725
hold306, 34.64, 443.36, 1.79725
FILLER_0_159_68, 34.64, 443.36, 1.79725
FILLER_0_160_76, 34.64, 443.36, 1.79725
_10226_, 47.44, 443.36, 1.79724
FILLER_0_158_85, 47.44, 443.36, 1.79724
FILLER_0_159_102, 47.44, 443.36, 1.79724
_12614_, 60.24, 443.36, 1.79723
_12615_, 60.24, 443.36, 1.79723
_13020_, 60.24, 443.36, 1.79723
_13216_, 60.24, 443.36, 1.79723
FILLER_0_159_113, 60.24, 443.36, 1.79723
_12347_, 73.04, 443.36, 1.79722
_12461_, 73.04, 443.36, 1.79722
_13015_, 73.04, 443.36, 1.79722
_13017_, 73.04, 443.36, 1.79722
_13038_, 73.04, 443.36, 1.79722
hold255, 73.04, 443.36, 1.79722
FILLER_0_160_153, 73.04, 443.36, 1.79722
_09579_, 85.84, 443.36, 1.79723
_09692_, 85.84, 443.36, 1.79723
_10219_, 85.84, 443.36, 1.79723
_12141_, 85.84, 443.36, 1.79723
_12433_, 85.84, 443.36, 1.79723
_12470_, 85.84, 443.36, 1.79723
FILLER_0_158_170, 85.84, 443.36, 1.79723
FILLER_0_159_165, 85.84, 443.36, 1.79723
_09703_, 98.64, 443.36, 1.79723
_10190_, 98.64, 443.36, 1.79723
_10191_, 98.64, 443.36, 1.79723
_10201_, 98.64, 443.36, 1.79723
_13037_, 98.64, 443.36, 1.79723
FILLER_0_159_202, 98.64, 443.36, 1.79723
_09605_, 111.44, 443.36, 1.79725
_09606_, 111.44, 443.36, 1.79725
_10286_, 111.44, 443.36, 1.79725
_12332_, 111.44, 443.36, 1.79725
_13014_, 111.44, 443.36, 1.79725
_13016_, 111.44, 443.36, 1.79725
_13118_, 111.44, 443.36, 1.79725
_13120_, 111.44, 443.36, 1.79725
FILLER_0_158_223, 111.44, 443.36, 1.79725
FILLER_0_158_230, 111.44, 443.36, 1.79725
FILLER_0_159_239, 111.44, 443.36, 1.79725
_09710_, 124.24, 443.36, 1.79727
_10208_, 124.24, 443.36, 1.79727
_10209_, 124.24, 443.36, 1.79727
_13117_, 124.24, 443.36, 1.79727
_16661_, 124.24, 443.36, 1.79727
hold164, 124.24, 443.36, 1.79727
FILLER_0_158_253, 124.24, 443.36, 1.79727
FILLER_0_159_247, 124.24, 443.36, 1.79727
FILLER_0_160_261, 124.24, 443.36, 1.79727
_09711_, 137.04, 443.36, 1.7973
hold214, 137.04, 443.36, 1.7973
_13131_, 149.84, 443.36, 1.79734
_13132_, 149.84, 443.36, 1.79734
hold348, 149.84, 443.36, 1.79734
FILLER_0_159_325, 149.84, 443.36, 1.79734
FILLER_0_160_318, 149.84, 443.36, 1.79734
_13030_, 162.64, 443.36, 1.79738
_13087_, 162.64, 443.36, 1.79738
_13098_, 162.64, 443.36, 1.79738
_17093_, 162.64, 443.36, 1.79738
FILLER_0_159_333, 162.64, 443.36, 1.79738
FILLER_0_159_337, 162.64, 443.36, 1.79738
FILLER_0_160_348, 162.64, 443.36, 1.79738
_13225_, 188.24, 443.36, 1.79723
_17107_, 188.24, 443.36, 1.79723
hold237, 188.24, 443.36, 1.79723
hold634, 188.24, 443.36, 1.79723
FILLER_0_158_384, 188.24, 443.36, 1.79723
FILLER_0_159_393, 188.24, 443.36, 1.79723
FILLER_0_160_406, 188.24, 443.36, 1.79723
_11584_, 201.04, 443.36, 1.79705
_13426_, 201.04, 443.36, 1.79705
_13432_, 201.04, 443.36, 1.79705
_13472_, 201.04, 443.36, 1.79705
_13474_, 201.04, 443.36, 1.79705
FILLER_0_158_415, 201.04, 443.36, 1.79705
FILLER_0_158_421, 201.04, 443.36, 1.79705
FILLER_0_159_416, 201.04, 443.36, 1.79705
FILLER_0_159_433, 201.04, 443.36, 1.79705
FILLER_0_160_434, 201.04, 443.36, 1.79705
_13420_, 213.84, 443.36, 1.79687
_13473_, 213.84, 443.36, 1.79687
_13475_, 213.84, 443.36, 1.79687
_17188_, 213.84, 443.36, 1.79687
clkbuf_leaf_66_clk, 213.84, 443.36, 1.79687
FILLER_0_159_445, 213.84, 443.36, 1.79687
FILLER_0_159_449, 213.84, 443.36, 1.79687
FILLER_0_160_455, 213.84, 443.36, 1.79687
_11556_, 226.64, 443.36, 1.79674
_17202_, 226.64, 443.36, 1.79674
hold48, 226.64, 443.36, 1.79674
hold73, 226.64, 443.36, 1.79674
hold74, 226.64, 443.36, 1.79674
FILLER_0_160_485, 226.64, 443.36, 1.79674
_14333_, 239.44, 443.36, 1.79662
_14378_, 239.44, 443.36, 1.79662
_17429_, 239.44, 443.36, 1.79662
hold894, 239.44, 443.36, 1.79662
hold895, 239.44, 443.36, 1.79662
FILLER_0_158_504, 239.44, 443.36, 1.79662
_14375_, 252.24, 443.36, 1.79651
_14376_, 252.24, 443.36, 1.79651
_14381_, 252.24, 443.36, 1.79651
_14383_, 252.24, 443.36, 1.79651
FILLER_0_158_526, 252.24, 443.36, 1.79651
FILLER_0_158_533, 252.24, 443.36, 1.79651
FILLER_0_159_537, 252.24, 443.36, 1.79651
FILLER_0_159_547, 252.24, 443.36, 1.79651
_14403_, 265.04, 443.36, 1.7964
_14405_, 265.04, 443.36, 1.7964
_17439_, 265.04, 443.36, 1.7964
clkbuf_5_12__f_clk, 265.04, 443.36, 1.7964
FILLER_0_160_566, 265.04, 443.36, 1.7964
_13951_, 277.84, 443.36, 1.79636
_13960_, 277.84, 443.36, 1.79636
_13961_, 277.84, 443.36, 1.79636
_14404_, 277.84, 443.36, 1.79636
_17624_, 277.84, 443.36, 1.79636
hold265, 277.84, 443.36, 1.79636
FILLER_0_159_594, 277.84, 443.36, 1.79636
_10545_, 290.64, 443.36, 1.79633
_13990_, 290.64, 443.36, 1.79633
_15162_, 290.64, 443.36, 1.79633
clkbuf_leaf_69_clk, 290.64, 443.36, 1.79633
FILLER_0_159_629, 290.64, 443.36, 1.79633
_09746_, 303.44, 443.36, 1.79635
_14318_, 303.44, 443.36, 1.79635
_16432_, 303.44, 443.36, 1.79635
_18098_, 303.44, 443.36, 1.79635
clkbuf_5_13__f_clk, 303.44, 443.36, 1.79635
FILLER_0_159_658, 303.44, 443.36, 1.79635
_13953_, 316.24, 443.36, 1.79645
_16407_, 316.24, 443.36, 1.79645
_16417_, 316.24, 443.36, 1.79645
_16422_, 316.24, 443.36, 1.79645
_16423_, 316.24, 443.36, 1.79645
hold41, 316.24, 443.36, 1.79645
FILLER_0_159_664, 316.24, 443.36, 1.79645
FILLER_0_159_683, 316.24, 443.36, 1.79645
_11147_, 341.84, 443.36, 1.79651
_14060_, 341.84, 443.36, 1.79651
_16412_, 341.84, 443.36, 1.79651
_16414_, 341.84, 443.36, 1.79651
FILLER_0_159_725, 341.84, 443.36, 1.79651
FILLER_0_159_735, 341.84, 443.36, 1.79651
FILLER_0_160_738, 341.84, 443.36, 1.79651
_10523_, 354.64, 443.36, 1.79647
_10959_, 354.64, 443.36, 1.79647
FILLER_0_158_757, 354.64, 443.36, 1.79647
FILLER_0_159_749, 354.64, 443.36, 1.79647
_09794_, 367.44, 443.36, 1.79642
_18106_, 367.44, 443.36, 1.79642
FILLER_0_159_780, 367.44, 443.36, 1.79642
FILLER_0_159_785, 367.44, 443.36, 1.79642
FILLER_0_160_793, 367.44, 443.36, 1.79642
_11407_, 380.24, 443.36, 1.79639
_17390_, 380.24, 443.36, 1.79639
FILLER_0_158_809, 380.24, 443.36, 1.79639
FILLER_0_159_808, 380.24, 443.36, 1.79639
_10651_, 393.04, 443.36, 1.79636
_11001_, 393.04, 443.36, 1.79636
_11003_, 393.04, 443.36, 1.79636
_16403_, 393.04, 443.36, 1.79636
FILLER_0_159_834, 393.04, 443.36, 1.79636
_10521_, 405.84, 443.36, 1.79634
_11190_, 405.84, 443.36, 1.79634
_11468_, 405.84, 443.36, 1.79634
FILLER_0_158_860, 405.84, 443.36, 1.79634
FILLER_0_159_861, 405.84, 443.36, 1.79634
FILLER_0_160_878, 405.84, 443.36, 1.79634
_09759_, 418.64, 443.36, 1.79631
_09763_, 418.64, 443.36, 1.79631
_09779_, 418.64, 443.36, 1.79631
_10143_, 418.64, 443.36, 1.79631
_14029_, 418.64, 443.36, 1.79631
FILLER_0_158_886, 418.64, 443.36, 1.79631
FILLER_0_158_894, 418.64, 443.36, 1.79631
FILLER_0_159_885, 418.64, 443.36, 1.79631
FILLER_0_160_905, 418.64, 443.36, 1.79631
_14039_, 431.44, 443.36, 1.7963
_14040_, 431.44, 443.36, 1.7963
_17386_, 431.44, 443.36, 1.7963
FILLER_0_159_948, 444.24, 443.36, 1.79629
FILLER_0_158_977, 457.04, 443.36, 1.79628
FILLER_0_159_1001, 469.84, 443.36, 1.79627
FILLER_0_159_1057, 495.44, 443.36, 1.79625
FILLER_0_158_1085, 508.24, 443.36, 1.79625
FILLER_0_159_1113, 521.04, 443.36, 1.79624
FILLER_0_158_1141, 533.84, 443.36, 1.79624
FILLER_0_159_1169, 546.64, 443.36, 1.79624
FILLER_0_158_1197, 559.44, 443.36, 1.79623
FILLER_0_159_1225, 572.24, 443.36, 1.79623
FILLER_0_158_1253, 585.04, 443.36, 1.79622
FILLER_0_159_1281, 597.84, 443.36, 1.79622
FILLER_0_158_1309, 610.64, 443.36, 1.79621
FILLER_0_159_1337, 623.44, 443.36, 1.79621
PHY_312, 5.52, 437.92, 1.79718
PHY_314, 5.52, 437.92, 1.79718
_12579_, 13.68, 437.92, 1.79718
hold746, 13.68, 437.92, 1.79718
_12357_, 34.64, 437.92, 1.79711
_12358_, 34.64, 437.92, 1.79711
_16829_, 34.64, 437.92, 1.79711
hold290, 34.64, 437.92, 1.79711
FILLER_0_157_50, 34.64, 437.92, 1.79711
FILLER_0_158_77, 34.64, 437.92, 1.79711
_10227_, 47.44, 437.92, 1.79705
_13214_, 47.44, 437.92, 1.79705
clkbuf_leaf_36_clk, 47.44, 437.92, 1.79705
hold161, 47.44, 437.92, 1.79705
FILLER_0_156_85, 47.44, 437.92, 1.79705
FILLER_0_157_79, 47.44, 437.92, 1.79705
FILLER_0_157_103, 47.44, 437.92, 1.79705
_12431_, 60.24, 437.92, 1.79703
_16861_, 60.24, 437.92, 1.79703
FILLER_0_157_113, 60.24, 437.92, 1.79703
_12297_, 73.04, 437.92, 1.79702
_12572_, 73.04, 437.92, 1.79702
_13024_, 73.04, 437.92, 1.79702
_13036_, 73.04, 437.92, 1.79702
_13184_, 73.04, 437.92, 1.79702
FILLER_0_156_137, 73.04, 437.92, 1.79702
FILLER_0_157_142, 73.04, 437.92, 1.79702
FILLER_0_157_157, 73.04, 437.92, 1.79702
_09634_, 85.84, 437.92, 1.79702
_09635_, 85.84, 437.92, 1.79702
_09636_, 85.84, 437.92, 1.79702
_12387_, 85.84, 437.92, 1.79702
_12424_, 85.84, 437.92, 1.79702
FILLER_0_156_169, 85.84, 437.92, 1.79702
FILLER_0_157_181, 85.84, 437.92, 1.79702
_12269_, 98.64, 437.92, 1.79702
_12279_, 98.64, 437.92, 1.79702
_12307_, 98.64, 437.92, 1.79702
_12321_, 98.64, 437.92, 1.79702
_12396_, 98.64, 437.92, 1.79702
_12406_, 98.64, 437.92, 1.79702
_12591_, 98.64, 437.92, 1.79702
FILLER_0_157_194, 98.64, 437.92, 1.79702
FILLER_0_157_213, 98.64, 437.92, 1.79702
_12330_, 111.44, 437.92, 1.79702
_12331_, 111.44, 437.92, 1.79702
_12369_, 111.44, 437.92, 1.79702
_13035_, 111.44, 437.92, 1.79702
_16821_, 111.44, 437.92, 1.79702
hold292, 111.44, 437.92, 1.79702
FILLER_0_156_222, 111.44, 437.92, 1.79702
FILLER_0_157_221, 111.44, 437.92, 1.79702
FILLER_0_158_240, 111.44, 437.92, 1.79702
_13125_, 124.24, 437.92, 1.79704
clkbuf_leaf_41_clk, 124.24, 437.92, 1.79704
FILLER_0_156_249, 124.24, 437.92, 1.79704
FILLER_0_157_249, 124.24, 437.92, 1.79704
_12598_, 137.04, 437.92, 1.79709
_12599_, 137.04, 437.92, 1.79709
_13130_, 137.04, 437.92, 1.79709
_16933_, 137.04, 437.92, 1.79709
hold189, 137.04, 437.92, 1.79709
_12413_, 149.84, 437.92, 1.79716
_12414_, 149.84, 437.92, 1.79716
_13151_, 149.84, 437.92, 1.79716
_16853_, 149.84, 437.92, 1.79716
hold139, 149.84, 437.92, 1.79716
FILLER_0_157_322, 149.84, 437.92, 1.79716
_13141_, 162.64, 437.92, 1.79724
_13142_, 162.64, 437.92, 1.79724
_13159_, 162.64, 437.92, 1.79724
_13168_, 162.64, 437.92, 1.79724
_13218_, 162.64, 437.92, 1.79724
_13223_, 188.24, 437.92, 1.79724
FILLER_0_158_405, 188.24, 437.92, 1.79724
_11586_, 201.04, 437.92, 1.79715
_13430_, 201.04, 437.92, 1.79715
_13431_, 201.04, 437.92, 1.79715
FILLER_0_156_421, 201.04, 437.92, 1.79715
_11624_, 213.84, 437.92, 1.79706
_13260_, 213.84, 437.92, 1.79706
_17203_, 213.84, 437.92, 1.79706
FILLER_0_158_455, 213.84, 437.92, 1.79706
_11552_, 226.64, 437.92, 1.79698
_14320_, 226.64, 437.92, 1.79698
_17430_, 226.64, 437.92, 1.79698
hold4, 226.64, 437.92, 1.79698
FILLER_0_156_480, 226.64, 437.92, 1.79698
FILLER_0_158_493, 226.64, 437.92, 1.79698
_14377_, 239.44, 437.92, 1.79692
_14379_, 239.44, 437.92, 1.79692
_14380_, 239.44, 437.92, 1.79692
_17428_, 239.44, 437.92, 1.79692
FILLER_0_156_495, 239.44, 437.92, 1.79692
FILLER_0_157_513, 239.44, 437.92, 1.79692
_14334_, 252.24, 437.92, 1.79685
_14374_, 252.24, 437.92, 1.79685
_14384_, 252.24, 437.92, 1.79685
FILLER_0_156_528, 252.24, 437.92, 1.79685
FILLER_0_157_545, 252.24, 437.92, 1.79685
_13962_, 265.04, 437.92, 1.79679
_14335_, 265.04, 437.92, 1.79679
_14406_, 265.04, 437.92, 1.79679
_17440_, 265.04, 437.92, 1.79679
FILLER_0_157_557, 265.04, 437.92, 1.79679
_13982_, 277.84, 437.92, 1.79674
_14385_, 277.84, 437.92, 1.79674
_15163_, 277.84, 437.92, 1.79674
FILLER_0_156_581, 277.84, 437.92, 1.79674
FILLER_0_157_590, 277.84, 437.92, 1.79674
_13993_, 290.64, 437.92, 1.7967
_17382_, 290.64, 437.92, 1.7967
FILLER_0_157_613, 290.64, 437.92, 1.7967
_16388_, 303.44, 437.92, 1.79666
_16389_, 303.44, 437.92, 1.79666
hold10, 303.44, 437.92, 1.79666
FILLER_0_157_637, 303.44, 437.92, 1.79666
_16387_, 316.24, 437.92, 1.79662
_16415_, 316.24, 437.92, 1.79662
_16416_, 316.24, 437.92, 1.79662
_16426_, 316.24, 437.92, 1.79662
_16428_, 316.24, 437.92, 1.79662
_18110_, 316.24, 437.92, 1.79662
_18111_, 316.24, 437.92, 1.79662
FILLER_0_156_667, 316.24, 437.92, 1.79662
FILLER_0_157_667, 316.24, 437.92, 1.79662
FILLER_0_157_681, 316.24, 437.92, 1.79662
_11306_, 341.84, 437.92, 1.79654
_11309_, 341.84, 437.92, 1.79654
_13952_, 341.84, 437.92, 1.79654
_16404_, 341.84, 437.92, 1.79654
_18108_, 341.84, 437.92, 1.79654
FILLER_0_158_737, 341.84, 437.92, 1.79654
_10958_, 354.64, 437.92, 1.7965
_10961_, 354.64, 437.92, 1.7965
_14362_, 354.64, 437.92, 1.7965
FILLER_0_156_750, 354.64, 437.92, 1.7965
FILLER_0_157_749, 354.64, 437.92, 1.7965
FILLER_0_157_757, 354.64, 437.92, 1.7965
FILLER_0_157_769, 354.64, 437.92, 1.7965
_10805_, 367.44, 437.92, 1.79645
_10851_, 367.44, 437.92, 1.79645
_16406_, 367.44, 437.92, 1.79645
_16408_, 367.44, 437.92, 1.79645
_16409_, 367.44, 437.92, 1.79645
FILLER_0_157_781, 367.44, 437.92, 1.79645
FILLER_0_157_785, 367.44, 437.92, 1.79645
_11075_, 380.24, 437.92, 1.79641
_18105_, 380.24, 437.92, 1.79641
FILLER_0_156_813, 380.24, 437.92, 1.79641
FILLER_0_157_819, 380.24, 437.92, 1.79641
FILLER_0_158_823, 380.24, 437.92, 1.79641
_16401_, 393.04, 437.92, 1.79638
_18104_, 393.04, 437.92, 1.79638
FILLER_0_156_835, 393.04, 437.92, 1.79638
FILLER_0_157_832, 393.04, 437.92, 1.79638
FILLER_0_157_841, 393.04, 437.92, 1.79638
_10648_, 405.84, 437.92, 1.79635
_10649_, 405.84, 437.92, 1.79635
_10804_, 405.84, 437.92, 1.79635
_10854_, 405.84, 437.92, 1.79635
FILLER_0_156_862, 405.84, 437.92, 1.79635
FILLER_0_156_869, 405.84, 437.92, 1.79635
FILLER_0_157_862, 405.84, 437.92, 1.79635
FILLER_0_157_870, 405.84, 437.92, 1.79635
FILLER_0_158_875, 405.84, 437.92, 1.79635
_09778_, 418.64, 437.92, 1.79633
_14019_, 418.64, 437.92, 1.79633
_14038_, 418.64, 437.92, 1.79633
FILLER_0_157_886, 418.64, 437.92, 1.79633
FILLER_0_158_904, 418.64, 437.92, 1.79633
_14058_, 431.44, 437.92, 1.79631
FILLER_0_156_919, 431.44, 437.92, 1.79631
FILLER_0_157_945, 444.24, 437.92, 1.79629
FILLER_0_156_973, 457.04, 437.92, 1.79627
FILLER_0_157_1001, 469.84, 437.92, 1.79624
FILLER_0_157_1057, 495.44, 437.92, 1.79622
FILLER_0_156_1085, 508.24, 437.92, 1.79621
FILLER_0_157_1113, 521.04, 437.92, 1.79621
FILLER_0_156_1141, 533.84, 437.92, 1.79621
FILLER_0_157_1169, 546.64, 437.92, 1.7962
FILLER_0_156_1197, 559.44, 437.92, 1.7962
FILLER_0_157_1225, 572.24, 437.92, 1.79619
FILLER_0_156_1253, 585.04, 437.92, 1.79619
FILLER_0_157_1281, 597.84, 437.92, 1.79618
FILLER_0_156_1309, 610.64, 437.92, 1.79618
FILLER_0_157_1337, 623.44, 437.92, 1.79617
_12580_, 5.52, 432.48, 1.79711
_16925_, 5.52, 432.48, 1.79711
PHY_308, 5.52, 432.48, 1.79711
PHY_310, 5.52, 432.48, 1.79711
FILLER_0_155_3, 5.52, 432.48, 1.79711
_09686_, 13.68, 432.48, 1.79711
hold152, 13.68, 432.48, 1.79711
FILLER_0_154_11, 13.68, 432.48, 1.79711
FILLER_0_155_23, 13.68, 432.48, 1.79711
FILLER_0_156_20, 13.68, 432.48, 1.79711
_12229_, 34.64, 432.48, 1.79709
_12267_, 34.64, 432.48, 1.79709
_12305_, 34.64, 432.48, 1.79709
_16813_, 34.64, 432.48, 1.79709
hold198, 34.64, 432.48, 1.79709
FILLER_0_155_52, 34.64, 432.48, 1.79709
FILLER_0_155_68, 34.64, 432.48, 1.79709
_12304_, 47.44, 432.48, 1.79708
FILLER_0_154_85, 47.44, 432.48, 1.79708
_12395_, 60.24, 432.48, 1.79706
_12432_, 60.24, 432.48, 1.79706
_16845_, 60.24, 432.48, 1.79706
hold234, 60.24, 432.48, 1.79706
FILLER_0_154_109, 60.24, 432.48, 1.79706
FILLER_0_155_113, 60.24, 432.48, 1.79706
FILLER_0_155_128, 60.24, 432.48, 1.79706
_09721_, 73.04, 432.48, 1.79706
_12170_, 73.04, 432.48, 1.79706
_12220_, 73.04, 432.48, 1.79706
_12260_, 73.04, 432.48, 1.79706
_12535_, 73.04, 432.48, 1.79706
_12609_, 73.04, 432.48, 1.79706
FILLER_0_154_141, 73.04, 432.48, 1.79706
FILLER_0_155_140, 73.04, 432.48, 1.79706
FILLER_0_155_148, 73.04, 432.48, 1.79706
FILLER_0_156_151, 73.04, 432.48, 1.79706
_12140_, 85.84, 432.48, 1.79705
_12359_, 85.84, 432.48, 1.79705
_12581_, 85.84, 432.48, 1.79705
FILLER_0_154_172, 85.84, 432.48, 1.79705
FILLER_0_155_161, 85.84, 432.48, 1.79705
FILLER_0_155_169, 85.84, 432.48, 1.79705
FILLER_0_156_187, 85.84, 432.48, 1.79705
_09693_, 98.64, 432.48, 1.79705
_12139_, 98.64, 432.48, 1.79705
_12142_, 98.64, 432.48, 1.79705
_12152_, 98.64, 432.48, 1.79705
_12194_, 98.64, 432.48, 1.79705
_12232_, 98.64, 432.48, 1.79705
FILLER_0_154_197, 98.64, 432.48, 1.79705
FILLER_0_155_200, 98.64, 432.48, 1.79705
FILLER_0_156_209, 98.64, 432.48, 1.79705
_09690_, 111.44, 432.48, 1.79706
_12242_, 111.44, 432.48, 1.79706
_13040_, 111.44, 432.48, 1.79706
_13041_, 111.44, 432.48, 1.79706
_13077_, 111.44, 432.48, 1.79706
FILLER_0_155_220, 111.44, 432.48, 1.79706
FILLER_0_155_225, 111.44, 432.48, 1.79706
_09604_, 124.24, 432.48, 1.79706
_12286_, 124.24, 432.48, 1.79706
_12287_, 124.24, 432.48, 1.79706
hold247, 124.24, 432.48, 1.79706
FILLER_0_154_248, 124.24, 432.48, 1.79706
FILLER_0_154_253, 124.24, 432.48, 1.79706
_13092_, 137.04, 432.48, 1.79707
_13128_, 137.04, 432.48, 1.79707
FILLER_0_154_277, 137.04, 432.48, 1.79707
FILLER_0_155_293, 137.04, 432.48, 1.79707
FILLER_0_156_288, 137.04, 432.48, 1.79707
_12203_, 149.84, 432.48, 1.79709
_12204_, 149.84, 432.48, 1.79709
_12250_, 149.84, 432.48, 1.79709
_16789_, 149.84, 432.48, 1.79709
clkbuf_leaf_17_clk, 149.84, 432.48, 1.79709
hold115, 149.84, 432.48, 1.79709
FILLER_0_154_304, 149.84, 432.48, 1.79709
FILLER_0_155_309, 149.84, 432.48, 1.79709
FILLER_0_155_324, 149.84, 432.48, 1.79709
FILLER_0_156_318, 149.84, 432.48, 1.79709
_13013_, 162.64, 432.48, 1.79715
_13028_, 162.64, 432.48, 1.79715
_13032_, 162.64, 432.48, 1.79715
_13058_, 162.64, 432.48, 1.79715
_13107_, 162.64, 432.48, 1.79715
_13217_, 162.64, 432.48, 1.79715
_17090_, 162.64, 432.48, 1.79715
FILLER_0_154_329, 162.64, 432.48, 1.79715
FILLER_0_155_346, 162.64, 432.48, 1.79715
_10336_, 188.24, 432.48, 1.79712
_10344_, 188.24, 432.48, 1.79712
_11583_, 188.24, 432.48, 1.79712
_11585_, 188.24, 432.48, 1.79712
_11588_, 188.24, 432.48, 1.79712
hold88, 188.24, 432.48, 1.79712
hold89, 188.24, 432.48, 1.79712
FILLER_0_154_388, 188.24, 432.48, 1.79712
FILLER_0_156_398, 188.24, 432.48, 1.79712
_10335_, 201.04, 432.48, 1.79701
_11589_, 201.04, 432.48, 1.79701
_11600_, 201.04, 432.48, 1.79701
_13422_, 201.04, 432.48, 1.79701
_13424_, 201.04, 432.48, 1.79701
FILLER_0_154_415, 201.04, 432.48, 1.79701
FILLER_0_155_425, 201.04, 432.48, 1.79701
_11536_, 213.84, 432.48, 1.7969
_11553_, 213.84, 432.48, 1.7969
_13029_, 213.84, 432.48, 1.7969
_14358_, 213.84, 432.48, 1.7969
_17187_, 213.84, 432.48, 1.7969
FILLER_0_155_441, 213.84, 432.48, 1.7969
FILLER_0_155_449, 213.84, 432.48, 1.7969
FILLER_0_155_462, 213.84, 432.48, 1.7969
FILLER_0_156_455, 213.84, 432.48, 1.7969
_11557_, 226.64, 432.48, 1.7968
_14345_, 226.64, 432.48, 1.7968
hold66, 226.64, 432.48, 1.7968
FILLER_0_154_477, 226.64, 432.48, 1.7968
FILLER_0_156_489, 226.64, 432.48, 1.7968
_14359_, 239.44, 432.48, 1.79671
_14372_, 239.44, 432.48, 1.79671
_14373_, 239.44, 432.48, 1.79671
FILLER_0_155_495, 239.44, 432.48, 1.79671
FILLER_0_155_505, 239.44, 432.48, 1.79671
_10290_, 252.24, 432.48, 1.79662
_14401_, 252.24, 432.48, 1.79662
clkbuf_leaf_68_clk, 252.24, 432.48, 1.79662
FILLER_0_154_523, 252.24, 432.48, 1.79662
FILLER_0_155_531, 252.24, 432.48, 1.79662
FILLER_0_155_539, 252.24, 432.48, 1.79662
FILLER_0_156_545, 252.24, 432.48, 1.79662
_14328_, 265.04, 432.48, 1.79657
_14361_, 265.04, 432.48, 1.79657
_14402_, 265.04, 432.48, 1.79657
_17438_, 265.04, 432.48, 1.79657
FILLER_0_155_554, 265.04, 432.48, 1.79657
_14396_, 277.84, 432.48, 1.79653
_14432_, 277.84, 432.48, 1.79653
_17417_, 277.84, 432.48, 1.79653
FILLER_0_154_585, 277.84, 432.48, 1.79653
FILLER_0_154_589, 277.84, 432.48, 1.79653
FILLER_0_156_601, 277.84, 432.48, 1.79653
_10289_, 290.64, 432.48, 1.7965
_15230_, 290.64, 432.48, 1.7965
_15231_, 290.64, 432.48, 1.7965
_17435_, 290.64, 432.48, 1.7965
FILLER_0_155_609, 290.64, 432.48, 1.7965
FILLER_0_155_617, 290.64, 432.48, 1.7965
_15224_, 303.44, 432.48, 1.79648
_16420_, 303.44, 432.48, 1.79648
_17649_, 303.44, 432.48, 1.79648
FILLER_0_154_635, 303.44, 432.48, 1.79648
FILLER_0_155_654, 303.44, 432.48, 1.79648
FILLER_0_156_653, 303.44, 432.48, 1.79648
_16421_, 316.24, 432.48, 1.79646
clkbuf_leaf_70_clk, 316.24, 432.48, 1.79646
FILLER_0_155_665, 316.24, 432.48, 1.79646
FILLER_0_156_689, 316.24, 432.48, 1.79646
_10554_, 341.84, 432.48, 1.79643
_11247_, 341.84, 432.48, 1.79643
_11307_, 341.84, 432.48, 1.79643
_16411_, 341.84, 432.48, 1.79643
_16413_, 341.84, 432.48, 1.79643
FILLER_0_155_721, 341.84, 432.48, 1.79643
FILLER_0_156_734, 341.84, 432.48, 1.79643
_10553_, 354.64, 432.48, 1.79636
_10960_, 354.64, 432.48, 1.79636
_10962_, 354.64, 432.48, 1.79636
FILLER_0_154_746, 354.64, 432.48, 1.79636
FILLER_0_154_757, 354.64, 432.48, 1.79636
FILLER_0_155_746, 354.64, 432.48, 1.79636
FILLER_0_156_770, 354.64, 432.48, 1.79636
_10795_, 367.44, 432.48, 1.7963
_10852_, 367.44, 432.48, 1.7963
_11076_, 367.44, 432.48, 1.7963
_11408_, 367.44, 432.48, 1.7963
_14316_, 367.44, 432.48, 1.7963
_16405_, 367.44, 432.48, 1.7963
_10552_, 380.24, 432.48, 1.79624
_10906_, 380.24, 432.48, 1.79624
_11004_, 380.24, 432.48, 1.79624
_11083_, 380.24, 432.48, 1.79624
FILLER_0_154_804, 380.24, 432.48, 1.79624
FILLER_0_155_809, 380.24, 432.48, 1.79624
FILLER_0_155_827, 380.24, 432.48, 1.79624
_11079_, 393.04, 432.48, 1.79619
_11080_, 393.04, 432.48, 1.79619
_16400_, 393.04, 432.48, 1.79619
_16402_, 393.04, 432.48, 1.79619
FILLER_0_154_835, 393.04, 432.48, 1.79619
FILLER_0_155_836, 393.04, 432.48, 1.79619
_18103_, 405.84, 432.48, 1.79614
clkbuf_leaf_79_clk, 405.84, 432.48, 1.79614
FILLER_0_154_859, 405.84, 432.48, 1.79614
FILLER_0_154_869, 405.84, 432.48, 1.79614
FILLER_0_155_858, 405.84, 432.48, 1.79614
FILLER_0_155_866, 405.84, 432.48, 1.79614
FILLER_0_156_877, 405.84, 432.48, 1.79614
_09773_, 418.64, 432.48, 1.79614
_10909_, 418.64, 432.48, 1.79614
_14048_, 418.64, 432.48, 1.79614
_14049_, 418.64, 432.48, 1.79614
_14050_, 418.64, 432.48, 1.79614
_14057_, 418.64, 432.48, 1.79614
_14059_, 418.64, 432.48, 1.79614
FILLER_0_155_902, 418.64, 432.48, 1.79614
_17388_, 431.44, 432.48, 1.79613
FILLER_0_154_913, 431.44, 432.48, 1.79613
FILLER_0_154_921, 431.44, 432.48, 1.79613
FILLER_0_155_941, 444.24, 432.48, 1.79614
FILLER_0_155_949, 444.24, 432.48, 1.79614
FILLER_0_154_973, 457.04, 432.48, 1.79615
FILLER_0_155_1001, 469.84, 432.48, 1.79615
FILLER_0_155_1057, 495.44, 432.48, 1.79616
FILLER_0_154_1085, 508.24, 432.48, 1.79615
FILLER_0_155_1113, 521.04, 432.48, 1.79615
FILLER_0_154_1141, 533.84, 432.48, 1.79615
FILLER_0_155_1169, 546.64, 432.48, 1.79615
FILLER_0_154_1197, 559.44, 432.48, 1.79615
FILLER_0_155_1225, 572.24, 432.48, 1.79614
FILLER_0_154_1253, 585.04, 432.48, 1.79614
FILLER_0_155_1281, 597.84, 432.48, 1.79614
FILLER_0_154_1309, 610.64, 432.48, 1.79614
FILLER_0_155_1337, 623.44, 432.48, 1.79614
_12178_, 5.52, 427.04, 1.79705
PHY_304, 5.52, 427.04, 1.79705
PHY_306, 5.52, 427.04, 1.79705
FILLER_0_153_3, 5.52, 427.04, 1.79705
FILLER_0_154_3, 5.52, 427.04, 1.79705
_12177_, 13.68, 427.04, 1.79705
_12617_, 13.68, 427.04, 1.79705
_16941_, 13.68, 427.04, 1.79705
_09630_, 34.64, 427.04, 1.79697
_12268_, 34.64, 427.04, 1.79697
_12356_, 34.64, 427.04, 1.79697
_12542_, 34.64, 427.04, 1.79697
_16797_, 34.64, 427.04, 1.79697
hold236, 34.64, 427.04, 1.79697
FILLER_0_152_55, 34.64, 427.04, 1.79697
FILLER_0_154_75, 34.64, 427.04, 1.79697
_09728_, 47.44, 427.04, 1.7969
_16557_, 47.44, 427.04, 1.7969
hold240, 47.44, 427.04, 1.7969
hold342, 47.44, 427.04, 1.7969
FILLER_0_153_82, 47.44, 427.04, 1.7969
FILLER_0_153_105, 47.44, 427.04, 1.7969
_12394_, 60.24, 427.04, 1.79685
FILLER_0_153_113, 60.24, 427.04, 1.79685
FILLER_0_153_126, 60.24, 427.04, 1.79685
_09593_, 73.04, 427.04, 1.79679
_12442_, 73.04, 427.04, 1.79679
_16513_, 73.04, 427.04, 1.79679
_16865_, 73.04, 427.04, 1.79679
clkbuf_leaf_37_clk, 73.04, 427.04, 1.79679
hold361, 73.04, 427.04, 1.79679
FILLER_0_152_134, 73.04, 427.04, 1.79679
_12180_, 85.84, 427.04, 1.7968
_13046_, 85.84, 427.04, 1.7968
_13076_, 85.84, 427.04, 1.7968
hold267, 85.84, 427.04, 1.7968
FILLER_0_152_161, 85.84, 427.04, 1.7968
FILLER_0_153_177, 85.84, 427.04, 1.7968
FILLER_0_154_182, 85.84, 427.04, 1.7968
_09608_, 98.64, 427.04, 1.79682
_09689_, 98.64, 427.04, 1.79682
_12507_, 98.64, 427.04, 1.79682
_12544_, 98.64, 427.04, 1.79682
_13048_, 98.64, 427.04, 1.79682
FILLER_0_153_189, 98.64, 427.04, 1.79682
FILLER_0_154_215, 98.64, 427.04, 1.79682
_13042_, 111.44, 427.04, 1.79685
_13074_, 111.44, 427.04, 1.79685
_13075_, 111.44, 427.04, 1.79685
_13078_, 111.44, 427.04, 1.79685
_13080_, 111.44, 427.04, 1.79685
_13123_, 111.44, 427.04, 1.79685
_13124_, 111.44, 427.04, 1.79685
_13126_, 111.44, 427.04, 1.79685
_16805_, 111.44, 427.04, 1.79685
FILLER_0_152_229, 111.44, 427.04, 1.79685
FILLER_0_153_225, 111.44, 427.04, 1.79685
FILLER_0_153_240, 111.44, 427.04, 1.79685
FILLER_0_154_242, 111.44, 427.04, 1.79685
_12159_, 124.24, 427.04, 1.7969
_12160_, 124.24, 427.04, 1.7969
_16757_, 124.24, 427.04, 1.7969
FILLER_0_152_247, 124.24, 427.04, 1.7969
FILLER_0_153_259, 124.24, 427.04, 1.7969
_09660_, 137.04, 427.04, 1.79695
_16773_, 137.04, 427.04, 1.79695
hold92, 137.04, 427.04, 1.79695
hold318, 137.04, 427.04, 1.79695
FILLER_0_152_277, 137.04, 427.04, 1.79695
FILLER_0_153_274, 137.04, 427.04, 1.79695
_12249_, 149.84, 427.04, 1.79702
FILLER_0_152_301, 149.84, 427.04, 1.79702
FILLER_0_153_310, 149.84, 427.04, 1.79702
FILLER_0_153_322, 149.84, 427.04, 1.79702
_13061_, 162.64, 427.04, 1.79709
_13068_, 162.64, 427.04, 1.79709
_13069_, 162.64, 427.04, 1.79709
_13085_, 162.64, 427.04, 1.79709
_13086_, 162.64, 427.04, 1.79709
FILLER_0_152_337, 162.64, 427.04, 1.79709
FILLER_0_153_341, 162.64, 427.04, 1.79709
FILLER_0_153_354, 162.64, 427.04, 1.79709
FILLER_0_154_355, 162.64, 427.04, 1.79709
_10340_, 188.24, 427.04, 1.79708
_10343_, 188.24, 427.04, 1.79708
_11587_, 188.24, 427.04, 1.79708
_13226_, 188.24, 427.04, 1.79708
_17108_, 188.24, 427.04, 1.79708
FILLER_0_152_390, 188.24, 427.04, 1.79708
FILLER_0_154_402, 188.24, 427.04, 1.79708
_11601_, 201.04, 427.04, 1.797
_11602_, 201.04, 427.04, 1.797
_11604_, 201.04, 427.04, 1.797
_13423_, 201.04, 427.04, 1.797
_13425_, 201.04, 427.04, 1.797
FILLER_0_152_413, 201.04, 427.04, 1.797
FILLER_0_153_432, 201.04, 427.04, 1.797
FILLER_0_154_433, 201.04, 427.04, 1.797
_17186_, 213.84, 427.04, 1.79693
hold17, 213.84, 427.04, 1.79693
FILLER_0_152_450, 213.84, 427.04, 1.79693
FILLER_0_153_449, 213.84, 427.04, 1.79693
FILLER_0_153_457, 213.84, 427.04, 1.79693
_17427_, 226.64, 427.04, 1.79686
FILLER_0_152_477, 226.64, 427.04, 1.79686
FILLER_0_154_483, 226.64, 427.04, 1.79686
_11668_, 239.44, 427.04, 1.79681
_14369_, 239.44, 427.04, 1.79681
_14370_, 239.44, 427.04, 1.79681
hold38, 239.44, 427.04, 1.79681
hold64, 239.44, 427.04, 1.79681
hold224, 239.44, 427.04, 1.79681
FILLER_0_153_519, 239.44, 427.04, 1.79681
_14360_, 252.24, 427.04, 1.79675
_14363_, 252.24, 427.04, 1.79675
_14364_, 252.24, 427.04, 1.79675
_14365_, 252.24, 427.04, 1.79675
_14366_, 252.24, 427.04, 1.79675
_14367_, 252.24, 427.04, 1.79675
FILLER_0_153_550, 252.24, 427.04, 1.79675
FILLER_0_154_545, 252.24, 427.04, 1.79675
_10331_, 265.04, 427.04, 1.79669
_14317_, 265.04, 427.04, 1.79669
_17423_, 265.04, 427.04, 1.79669
FILLER_0_152_561, 265.04, 427.04, 1.79669
FILLER_0_154_568, 265.04, 427.04, 1.79669
FILLER_0_154_577, 265.04, 427.04, 1.79669
_10333_, 277.84, 427.04, 1.79665
_14326_, 277.84, 427.04, 1.79665
_14400_, 277.84, 427.04, 1.79665
hold97, 277.84, 427.04, 1.79665
FILLER_0_153_589, 277.84, 427.04, 1.79665
_10332_, 290.64, 427.04, 1.7966
_15229_, 290.64, 427.04, 1.7966
_17437_, 290.64, 427.04, 1.7966
FILLER_0_153_608, 290.64, 427.04, 1.7966
FILLER_0_153_617, 290.64, 427.04, 1.7966
FILLER_0_153_626, 290.64, 427.04, 1.7966
_15220_, 303.44, 427.04, 1.79657
_15221_, 303.44, 427.04, 1.79657
_15226_, 303.44, 427.04, 1.79657
_15228_, 303.44, 427.04, 1.79657
hold5, 303.44, 427.04, 1.79657
hold6, 303.44, 427.04, 1.79657
FILLER_0_153_644, 303.44, 427.04, 1.79657
_11151_, 316.24, 427.04, 1.79653
_16418_, 316.24, 427.04, 1.79653
_16419_, 316.24, 427.04, 1.79653
FILLER_0_153_678, 316.24, 427.04, 1.79653
FILLER_0_153_686, 316.24, 427.04, 1.79653
_11148_, 341.84, 427.04, 1.79645
_11310_, 341.84, 427.04, 1.79645
_14327_, 341.84, 427.04, 1.79645
FILLER_0_153_719, 341.84, 427.04, 1.79645
FILLER_0_153_741, 341.84, 427.04, 1.79645
_10801_, 354.64, 427.04, 1.7964
_11077_, 354.64, 427.04, 1.7964
_16399_, 354.64, 427.04, 1.7964
FILLER_0_152_753, 354.64, 427.04, 1.7964
FILLER_0_153_749, 354.64, 427.04, 1.7964
FILLER_0_153_757, 354.64, 427.04, 1.7964
FILLER_0_154_765, 354.64, 427.04, 1.7964
_10794_, 367.44, 427.04, 1.79634
_10849_, 367.44, 427.04, 1.79634
_11081_, 367.44, 427.04, 1.79634
_13991_, 367.44, 427.04, 1.79634
_14394_, 367.44, 427.04, 1.79634
FILLER_0_153_776, 367.44, 427.04, 1.79634
_10551_, 380.24, 427.04, 1.7963
_10655_, 380.24, 427.04, 1.7963
_10800_, 380.24, 427.04, 1.7963
_11469_, 380.24, 427.04, 1.7963
FILLER_0_152_813, 380.24, 427.04, 1.7963
FILLER_0_153_812, 380.24, 427.04, 1.7963
FILLER_0_154_825, 380.24, 427.04, 1.7963
_11192_, 393.04, 427.04, 1.79626
_16391_, 393.04, 427.04, 1.79626
_16397_, 393.04, 427.04, 1.79626
_16398_, 393.04, 427.04, 1.79626
_18099_, 393.04, 427.04, 1.79626
FILLER_0_152_830, 393.04, 427.04, 1.79626
FILLER_0_153_833, 393.04, 427.04, 1.79626
_11152_, 405.84, 427.04, 1.79623
_16390_, 405.84, 427.04, 1.79623
_18102_, 405.84, 427.04, 1.79623
FILLER_0_152_861, 405.84, 427.04, 1.79623
_17387_, 418.64, 427.04, 1.79621
FILLER_0_153_889, 418.64, 427.04, 1.79621
FILLER_0_152_917, 431.44, 427.04, 1.79619
FILLER_0_153_949, 444.24, 427.04, 1.79618
FILLER_0_152_973, 457.04, 427.04, 1.79616
FILLER_0_153_1001, 469.84, 427.04, 1.79615
FILLER_0_153_1057, 495.44, 427.04, 1.79613
FILLER_0_152_1085, 508.24, 427.04, 1.79612
FILLER_0_153_1113, 521.04, 427.04, 1.79612
FILLER_0_152_1141, 533.84, 427.04, 1.79612
FILLER_0_153_1169, 546.64, 427.04, 1.79612
FILLER_0_152_1197, 559.44, 427.04, 1.79611
FILLER_0_153_1225, 572.24, 427.04, 1.79611
FILLER_0_152_1253, 585.04, 427.04, 1.79611
FILLER_0_153_1281, 597.84, 427.04, 1.79611
FILLER_0_152_1309, 610.64, 427.04, 1.7961
FILLER_0_153_1337, 623.44, 427.04, 1.7961
_16765_, 5.52, 421.6, 1.79702
PHY_300, 5.52, 421.6, 1.79702
PHY_302, 5.52, 421.6, 1.79702
output35, 5.52, 421.6, 1.79702
hold369, 13.68, 421.6, 1.79703
FILLER_0_152_19, 13.68, 421.6, 1.79703
_12543_, 34.64, 421.6, 1.79701
_16909_, 34.64, 421.6, 1.79701
FILLER_0_151_69, 34.64, 421.6, 1.79701
_09729_, 47.44, 421.6, 1.79699
_13212_, 47.44, 421.6, 1.79699
FILLER_0_150_80, 47.44, 421.6, 1.79699
FILLER_0_151_101, 47.44, 421.6, 1.79699
FILLER_0_152_96, 47.44, 421.6, 1.79699
FILLER_0_151_109, 60.24, 421.6, 1.79697
_09592_, 73.04, 421.6, 1.79695
_12434_, 73.04, 421.6, 1.79695
_12441_, 73.04, 421.6, 1.79695
hold386, 73.04, 421.6, 1.79695
FILLER_0_151_137, 73.04, 421.6, 1.79695
_09582_, 85.84, 421.6, 1.79694
_13050_, 85.84, 421.6, 1.79694
_13051_, 85.84, 421.6, 1.79694
FILLER_0_151_165, 85.84, 421.6, 1.79694
_13043_, 98.64, 421.6, 1.79693
_13047_, 98.64, 421.6, 1.79693
_13054_, 98.64, 421.6, 1.79693
_13084_, 98.64, 421.6, 1.79693
FILLER_0_150_197, 98.64, 421.6, 1.79693
FILLER_0_151_208, 98.64, 421.6, 1.79693
FILLER_0_152_203, 98.64, 421.6, 1.79693
_13045_, 111.44, 421.6, 1.79693
_13081_, 111.44, 421.6, 1.79693
_13127_, 111.44, 421.6, 1.79693
FILLER_0_150_229, 111.44, 421.6, 1.79693
_12292_, 124.24, 421.6, 1.79693
_16807_, 124.24, 421.6, 1.79693
hold226, 124.24, 421.6, 1.79693
FILLER_0_151_258, 124.24, 421.6, 1.79693
_10213_, 137.04, 421.6, 1.79695
_10214_, 137.04, 421.6, 1.79695
_12205_, 137.04, 421.6, 1.79695
_16663_, 137.04, 421.6, 1.79695
FILLER_0_150_285, 137.04, 421.6, 1.79695
FILLER_0_151_273, 137.04, 421.6, 1.79695
FILLER_0_151_297, 137.04, 421.6, 1.79695
FILLER_0_152_289, 137.04, 421.6, 1.79695
_13129_, 149.84, 421.6, 1.79697
_16974_, 149.84, 421.6, 1.79697
FILLER_0_151_307, 149.84, 421.6, 1.79697
FILLER_0_152_321, 149.84, 421.6, 1.79697
_13027_, 162.64, 421.6, 1.79701
_17092_, 162.64, 421.6, 1.79701
FILLER_0_150_333, 162.64, 421.6, 1.79701
FILLER_0_150_339, 162.64, 421.6, 1.79701
FILLER_0_151_331, 162.64, 421.6, 1.79701
_11555_, 188.24, 421.6, 1.79693
_13229_, 188.24, 421.6, 1.79693
hold275, 188.24, 421.6, 1.79693
FILLER_0_151_389, 188.24, 421.6, 1.79693
FILLER_0_151_410, 188.24, 421.6, 1.79693
_11554_, 201.04, 421.6, 1.79681
_11562_, 201.04, 421.6, 1.79681
_11603_, 201.04, 421.6, 1.79681
_11649_, 201.04, 421.6, 1.79681
FILLER_0_150_413, 201.04, 421.6, 1.79681
FILLER_0_151_431, 201.04, 421.6, 1.79681
_13470_, 213.84, 421.6, 1.79669
_13471_, 213.84, 421.6, 1.79669
_13478_, 213.84, 421.6, 1.79669
_13479_, 213.84, 421.6, 1.79669
_17204_, 213.84, 421.6, 1.79669
hold16, 213.84, 421.6, 1.79669
FILLER_0_151_449, 213.84, 421.6, 1.79669
_14407_, 226.64, 421.6, 1.79659
_14408_, 226.64, 421.6, 1.79659
_14409_, 226.64, 421.6, 1.79659
_14410_, 226.64, 421.6, 1.79659
_17441_, 226.64, 421.6, 1.79659
clkbuf_leaf_67_clk, 226.64, 421.6, 1.79659
FILLER_0_150_472, 226.64, 421.6, 1.79659
FILLER_0_151_494, 226.64, 421.6, 1.79659
_14368_, 239.44, 421.6, 1.79654
_17426_, 239.44, 421.6, 1.79654
hold179, 239.44, 421.6, 1.79654
FILLER_0_152_511, 239.44, 421.6, 1.79654
FILLER_0_152_522, 239.44, 421.6, 1.79654
_17424_, 252.24, 421.6, 1.7965
_17425_, 252.24, 421.6, 1.7965
FILLER_0_151_539, 252.24, 421.6, 1.7965
_17535_, 265.04, 421.6, 1.79647
FILLER_0_151_573, 265.04, 421.6, 1.79647
_10334_, 277.84, 421.6, 1.79644
_13948_, 277.84, 421.6, 1.79644
_14338_, 277.84, 421.6, 1.79644
_14398_, 277.84, 421.6, 1.79644
FILLER_0_150_581, 277.84, 421.6, 1.79644
FILLER_0_150_589, 277.84, 421.6, 1.79644
FILLER_0_151_589, 277.84, 421.6, 1.79644
_10345_, 290.64, 421.6, 1.79643
_14325_, 290.64, 421.6, 1.79643
_15176_, 290.64, 421.6, 1.79643
_15225_, 290.64, 421.6, 1.79643
_15227_, 290.64, 421.6, 1.79643
FILLER_0_151_610, 290.64, 421.6, 1.79643
FILLER_0_151_617, 290.64, 421.6, 1.79643
_14941_, 303.44, 421.6, 1.79641
_17647_, 303.44, 421.6, 1.79641
_17648_, 303.44, 421.6, 1.79641
FILLER_0_150_638, 303.44, 421.6, 1.79641
FILLER_0_151_661, 303.44, 421.6, 1.79641
_10802_, 316.24, 421.6, 1.79642
_15039_, 316.24, 421.6, 1.79642
_15209_, 316.24, 421.6, 1.79642
_17418_, 316.24, 421.6, 1.79642
FILLER_0_152_682, 316.24, 421.6, 1.79642
_10535_, 341.84, 421.6, 1.79639
_11531_, 341.84, 421.6, 1.79639
FILLER_0_150_723, 341.84, 421.6, 1.79639
FILLER_0_152_735, 341.84, 421.6, 1.79639
_11545_, 354.64, 421.6, 1.79635
_15046_, 354.64, 421.6, 1.79635
ANTENNA_104, 354.64, 421.6, 1.79635
FILLER_0_150_757, 354.64, 421.6, 1.79635
FILLER_0_151_753, 354.64, 421.6, 1.79635
_11410_, 367.44, 421.6, 1.79631
_14395_, 367.44, 421.6, 1.79631
_14397_, 367.44, 421.6, 1.79631
_14894_, 367.44, 421.6, 1.79631
FILLER_0_151_777, 367.44, 421.6, 1.79631
FILLER_0_151_789, 367.44, 421.6, 1.79631
FILLER_0_152_795, 367.44, 421.6, 1.79631
_10532_, 380.24, 421.6, 1.79628
_11466_, 380.24, 421.6, 1.79628
_11467_, 380.24, 421.6, 1.79628
_11470_, 380.24, 421.6, 1.79628
_11572_, 380.24, 421.6, 1.79628
ANTENNA_172, 393.04, 421.6, 1.79625
FILLER_0_151_830, 393.04, 421.6, 1.79625
_15166_, 405.84, 421.6, 1.79622
_16393_, 405.84, 421.6, 1.79622
_16394_, 405.84, 421.6, 1.79622
_18100_, 418.64, 421.6, 1.79619
FILLER_0_151_889, 418.64, 421.6, 1.79619
FILLER_0_150_916, 431.44, 421.6, 1.79617
FILLER_0_151_945, 444.24, 421.6, 1.79615
FILLER_0_150_973, 457.04, 421.6, 1.79613
FILLER_0_151_1001, 469.84, 421.6, 1.79611
FILLER_0_151_1057, 495.44, 421.6, 1.79609
FILLER_0_150_1085, 508.24, 421.6, 1.79608
FILLER_0_151_1113, 521.04, 421.6, 1.79608
FILLER_0_150_1141, 533.84, 421.6, 1.79608
FILLER_0_151_1169, 546.64, 421.6, 1.79608
FILLER_0_150_1197, 559.44, 421.6, 1.79608
FILLER_0_151_1225, 572.24, 421.6, 1.79608
FILLER_0_150_1253, 585.04, 421.6, 1.79607
FILLER_0_151_1281, 597.84, 421.6, 1.79607
FILLER_0_150_1309, 610.64, 421.6, 1.79607
FILLER_0_151_1337, 623.44, 421.6, 1.79607
FILLER_0_152_1353, 623.44, 421.6, 1.79607
PHY_296, 5.52, 416.16, 1.79694
PHY_298, 5.52, 416.16, 1.79694
FILLER_0_149_3, 5.52, 416.16, 1.79694
_12436_, 13.68, 416.16, 1.79694
_12472_, 13.68, 416.16, 1.79694
_16862_, 13.68, 416.16, 1.79694
_12272_, 34.64, 416.16, 1.79687
_16798_, 34.64, 416.16, 1.79687
hold222, 34.64, 416.16, 1.79687
hold310, 34.64, 416.16, 1.79687
FILLER_0_149_52, 34.64, 416.16, 1.79687
FILLER_0_149_57, 34.64, 416.16, 1.79687
_13022_, 47.44, 416.16, 1.7968
_13026_, 47.44, 416.16, 1.7968
_16654_, 47.44, 416.16, 1.7968
FILLER_0_149_85, 47.44, 416.16, 1.7968
FILLER_0_150_97, 47.44, 416.16, 1.7968
_12478_, 60.24, 416.16, 1.79675
_12479_, 60.24, 416.16, 1.79675
_16881_, 60.24, 416.16, 1.79675
hold143, 60.24, 416.16, 1.79675
FILLER_0_148_109, 60.24, 416.16, 1.79675
FILLER_0_149_113, 60.24, 416.16, 1.79675
_12270_, 73.04, 416.16, 1.79672
_12471_, 73.04, 416.16, 1.79672
_16801_, 73.04, 416.16, 1.79672
hold331, 73.04, 416.16, 1.79672
hold499, 73.04, 416.16, 1.79672
FILLER_0_149_140, 73.04, 416.16, 1.79672
FILLER_0_150_149, 73.04, 416.16, 1.79672
_10192_, 85.84, 416.16, 1.79669
_12452_, 85.84, 416.16, 1.79669
_13079_, 85.84, 416.16, 1.79669
_16657_, 85.84, 416.16, 1.79669
FILLER_0_149_173, 85.84, 416.16, 1.79669
FILLER_0_150_187, 85.84, 416.16, 1.79669
_10210_, 98.64, 416.16, 1.79668
_13025_, 98.64, 416.16, 1.79668
_16975_, 98.64, 416.16, 1.79668
FILLER_0_148_193, 98.64, 416.16, 1.79668
FILLER_0_148_197, 98.64, 416.16, 1.79668
_16519_, 111.44, 416.16, 1.79667
_16871_, 111.44, 416.16, 1.79667
clkbuf_leaf_39_clk, 111.44, 416.16, 1.79667
FILLER_0_149_225, 111.44, 416.16, 1.79667
_12291_, 124.24, 416.16, 1.79672
hold151, 124.24, 416.16, 1.79672
FILLER_0_150_269, 124.24, 416.16, 1.79672
_13147_, 137.04, 416.16, 1.79677
_16855_, 137.04, 416.16, 1.79677
_12419_, 149.84, 416.16, 1.79683
_13083_, 149.84, 416.16, 1.79683
_16977_, 149.84, 416.16, 1.79683
hold154, 149.84, 416.16, 1.79683
FILLER_0_148_309, 149.84, 416.16, 1.79683
_13227_, 162.64, 416.16, 1.7969
_17110_, 162.64, 416.16, 1.7969
hold485, 162.64, 416.16, 1.7969
FILLER_0_149_329, 162.64, 416.16, 1.7969
FILLER_0_150_349, 162.64, 416.16, 1.7969
_13228_, 188.24, 416.16, 1.79691
_13230_, 188.24, 416.16, 1.79691
_13231_, 188.24, 416.16, 1.79691
fanout100, 188.24, 416.16, 1.79691
_11650_, 201.04, 416.16, 1.79684
_11651_, 201.04, 416.16, 1.79684
_11653_, 201.04, 416.16, 1.79684
FILLER_0_148_415, 201.04, 416.16, 1.79684
FILLER_0_149_414, 201.04, 416.16, 1.79684
FILLER_0_149_436, 201.04, 416.16, 1.79684
_13477_, 213.84, 416.16, 1.79677
_13480_, 213.84, 416.16, 1.79677
_13481_, 213.84, 416.16, 1.79677
_13483_, 213.84, 416.16, 1.79677
_17205_, 213.84, 416.16, 1.79677
hold20, 213.84, 416.16, 1.79677
hold21, 213.84, 416.16, 1.79677
FILLER_0_148_449, 213.84, 416.16, 1.79677
_14413_, 226.64, 416.16, 1.79672
_14414_, 226.64, 416.16, 1.79672
_17442_, 226.64, 416.16, 1.79672
FILLER_0_148_471, 226.64, 416.16, 1.79672
FILLER_0_148_477, 226.64, 416.16, 1.79672
_11631_, 239.44, 416.16, 1.79667
_11677_, 239.44, 416.16, 1.79667
_14324_, 239.44, 416.16, 1.79667
FILLER_0_148_496, 239.44, 416.16, 1.79667
FILLER_0_148_504, 239.44, 416.16, 1.79667
FILLER_0_149_505, 239.44, 416.16, 1.79667
FILLER_0_150_517, 239.44, 416.16, 1.79667
_11619_, 252.24, 416.16, 1.79662
_11620_, 252.24, 416.16, 1.79662
FILLER_0_148_523, 252.24, 416.16, 1.79662
FILLER_0_148_533, 252.24, 416.16, 1.79662
FILLER_0_149_527, 252.24, 416.16, 1.79662
FILLER_0_149_535, 252.24, 416.16, 1.79662
_11577_, 265.04, 416.16, 1.79658
_11578_, 265.04, 416.16, 1.79658
_11579_, 265.04, 416.16, 1.79658
_11618_, 265.04, 416.16, 1.79658
FILLER_0_149_574, 265.04, 416.16, 1.79658
_11607_, 277.84, 416.16, 1.79653
_13983_, 277.84, 416.16, 1.79653
_14339_, 277.84, 416.16, 1.79653
_15064_, 277.84, 416.16, 1.79653
_15068_, 277.84, 416.16, 1.79653
_15077_, 277.84, 416.16, 1.79653
_17436_, 277.84, 416.16, 1.79653
FILLER_0_149_585, 277.84, 416.16, 1.79653
FILLER_0_149_593, 277.84, 416.16, 1.79653
_10287_, 290.64, 416.16, 1.7965
_10657_, 290.64, 416.16, 1.7965
_14761_, 290.64, 416.16, 1.7965
FILLER_0_149_617, 290.64, 416.16, 1.7965
_11541_, 303.44, 416.16, 1.79647
_11544_, 303.44, 416.16, 1.79647
_15222_, 303.44, 416.16, 1.79647
hold9, 303.44, 416.16, 1.79647
FILLER_0_148_634, 303.44, 416.16, 1.79647
FILLER_0_149_649, 303.44, 416.16, 1.79647
FILLER_0_150_657, 303.44, 416.16, 1.79647
_11370_, 316.24, 416.16, 1.79644
FILLER_0_148_672, 316.24, 416.16, 1.79644
FILLER_0_149_664, 316.24, 416.16, 1.79644
FILLER_0_149_673, 316.24, 416.16, 1.79644
FILLER_0_150_683, 316.24, 416.16, 1.79644
_11526_, 341.84, 416.16, 1.79637
_11527_, 341.84, 416.16, 1.79637
_11530_, 341.84, 416.16, 1.79637
_11532_, 341.84, 416.16, 1.79637
FILLER_0_148_720, 341.84, 416.16, 1.79637
FILLER_0_149_718, 341.84, 416.16, 1.79637
FILLER_0_149_737, 341.84, 416.16, 1.79637
_11005_, 354.64, 416.16, 1.79632
_11006_, 354.64, 416.16, 1.79632
_11007_, 354.64, 416.16, 1.79632
_11529_, 354.64, 416.16, 1.79632
_14807_, 354.64, 416.16, 1.79632
FILLER_0_148_753, 354.64, 416.16, 1.79632
_14816_, 367.44, 416.16, 1.79628
_14893_, 367.44, 416.16, 1.79628
FILLER_0_149_781, 367.44, 416.16, 1.79628
_10534_, 380.24, 416.16, 1.79624
_11002_, 380.24, 416.16, 1.79624
_16392_, 380.24, 416.16, 1.79624
FILLER_0_148_813, 380.24, 416.16, 1.79624
FILLER_0_150_820, 380.24, 416.16, 1.79624
_10533_, 393.04, 416.16, 1.79621
_10656_, 393.04, 416.16, 1.79621
_16395_, 393.04, 416.16, 1.79621
_16396_, 393.04, 416.16, 1.79621
FILLER_0_148_837, 393.04, 416.16, 1.79621
FILLER_0_149_851, 393.04, 416.16, 1.79621
_10910_, 405.84, 416.16, 1.79617
_18101_, 405.84, 416.16, 1.79617
FILLER_0_148_863, 405.84, 416.16, 1.79617
FILLER_0_148_917, 431.44, 416.16, 1.79613
FILLER_0_149_945, 444.24, 416.16, 1.79611
FILLER_0_148_973, 457.04, 416.16, 1.79609
FILLER_0_148_981, 457.04, 416.16, 1.79609
FILLER_0_149_1001, 469.84, 416.16, 1.79607
FILLER_0_149_1057, 495.44, 416.16, 1.79604
FILLER_0_148_1085, 508.24, 416.16, 1.79604
FILLER_0_149_1113, 521.04, 416.16, 1.79604
FILLER_0_148_1141, 533.84, 416.16, 1.79604
FILLER_0_149_1169, 546.64, 416.16, 1.79604
FILLER_0_148_1197, 559.44, 416.16, 1.79604
FILLER_0_149_1225, 572.24, 416.16, 1.79604
FILLER_0_148_1253, 585.04, 416.16, 1.79603
FILLER_0_149_1281, 597.84, 416.16, 1.79603
FILLER_0_148_1309, 610.64, 416.16, 1.79603
FILLER_0_149_1337, 623.44, 416.16, 1.79603
_12473_, 5.52, 410.72, 1.79692
_16878_, 5.52, 410.72, 1.79692
PHY_292, 5.52, 410.72, 1.79692
PHY_294, 5.52, 410.72, 1.79692
FILLER_0_147_3, 5.52, 410.72, 1.79692
_12310_, 13.68, 410.72, 1.79692
FILLER_0_146_15, 13.68, 410.72, 1.79692
FILLER_0_147_22, 13.68, 410.72, 1.79692
FILLER_0_148_19, 13.68, 410.72, 1.79692
_10193_, 34.64, 410.72, 1.79688
_12271_, 34.64, 410.72, 1.79688
FILLER_0_146_63, 34.64, 410.72, 1.79688
FILLER_0_147_52, 34.64, 410.72, 1.79688
_10194_, 47.44, 410.72, 1.79684
_16846_, 47.44, 410.72, 1.79684
hold200, 47.44, 410.72, 1.79684
_12398_, 60.24, 410.72, 1.79681
_16817_, 60.24, 410.72, 1.79681
FILLER_0_146_116, 60.24, 410.72, 1.79681
FILLER_0_147_113, 60.24, 410.72, 1.79681
FILLER_0_148_132, 60.24, 410.72, 1.79681
_10199_, 73.04, 410.72, 1.79678
_12277_, 73.04, 410.72, 1.79678
_12278_, 73.04, 410.72, 1.79678
_12308_, 73.04, 410.72, 1.79678
_12317_, 73.04, 410.72, 1.79678
_12318_, 73.04, 410.72, 1.79678
FILLER_0_146_137, 73.04, 410.72, 1.79678
FILLER_0_146_141, 73.04, 410.72, 1.79678
_09694_, 85.84, 410.72, 1.79677
_10200_, 85.84, 410.72, 1.79677
_12489_, 85.84, 410.72, 1.79677
hold243, 85.84, 410.72, 1.79677
hold333, 85.84, 410.72, 1.79677
FILLER_0_146_172, 85.84, 410.72, 1.79677
FILLER_0_147_186, 85.84, 410.72, 1.79677
FILLER_0_148_185, 85.84, 410.72, 1.79677
_12288_, 98.64, 410.72, 1.79675
_12334_, 98.64, 410.72, 1.79675
_12397_, 98.64, 410.72, 1.79675
_12415_, 98.64, 410.72, 1.79675
_16849_, 98.64, 410.72, 1.79675
hold305, 98.64, 410.72, 1.79675
FILLER_0_146_197, 98.64, 410.72, 1.79675
FILLER_0_147_208, 98.64, 410.72, 1.79675
FILLER_0_147_216, 98.64, 410.72, 1.79675
_09612_, 111.44, 410.72, 1.79675
_09613_, 111.44, 410.72, 1.79675
_12455_, 111.44, 410.72, 1.79675
_12456_, 111.44, 410.72, 1.79675
hold176, 111.44, 410.72, 1.79675
FILLER_0_146_228, 111.44, 410.72, 1.79675
FILLER_0_147_228, 111.44, 410.72, 1.79675
_12339_, 124.24, 410.72, 1.79675
_16823_, 124.24, 410.72, 1.79675
hold269, 124.24, 410.72, 1.79675
FILLER_0_146_249, 124.24, 410.72, 1.79675
FILLER_0_146_253, 124.24, 410.72, 1.79675
FILLER_0_147_248, 124.24, 410.72, 1.79675
_09611_, 137.04, 410.72, 1.79676
_09716_, 137.04, 410.72, 1.79676
_16551_, 137.04, 410.72, 1.79676
FILLER_0_147_296, 137.04, 410.72, 1.79676
_12210_, 149.84, 410.72, 1.79678
_12418_, 149.84, 410.72, 1.79678
_13150_, 149.84, 410.72, 1.79678
clkbuf_leaf_18_clk, 149.84, 410.72, 1.79678
FILLER_0_146_303, 149.84, 410.72, 1.79678
FILLER_0_146_309, 149.84, 410.72, 1.79678
_11700_, 162.64, 410.72, 1.79685
_13232_, 162.64, 410.72, 1.79685
_13234_, 162.64, 410.72, 1.79685
_13237_, 162.64, 410.72, 1.79685
FILLER_0_148_351, 162.64, 410.72, 1.79685
_11591_, 188.24, 410.72, 1.79684
_13224_, 188.24, 410.72, 1.79684
_17109_, 188.24, 410.72, 1.79684
hold147, 188.24, 410.72, 1.79684
hold1190, 188.24, 410.72, 1.79684
FILLER_0_147_388, 188.24, 410.72, 1.79684
FILLER_0_147_393, 188.24, 410.72, 1.79684
_11550_, 201.04, 410.72, 1.79677
_11652_, 201.04, 410.72, 1.79677
_11659_, 201.04, 410.72, 1.79677
FILLER_0_146_421, 201.04, 410.72, 1.79677
FILLER_0_148_437, 201.04, 410.72, 1.79677
_13484_, 213.84, 410.72, 1.79671
_13485_, 213.84, 410.72, 1.79671
_17206_, 213.84, 410.72, 1.79671
hold24, 213.84, 410.72, 1.79671
hold25, 213.84, 410.72, 1.79671
_14415_, 226.64, 410.72, 1.79665
_14416_, 226.64, 410.72, 1.79665
_17443_, 226.64, 410.72, 1.79665
hold283, 226.64, 410.72, 1.79665
FILLER_0_146_470, 226.64, 410.72, 1.79665
FILLER_0_148_485, 226.64, 410.72, 1.79665
_11632_, 239.44, 410.72, 1.7966
_11633_, 239.44, 410.72, 1.7966
_11634_, 239.44, 410.72, 1.7966
_11635_, 239.44, 410.72, 1.7966
FILLER_0_147_499, 239.44, 410.72, 1.7966
FILLER_0_147_505, 239.44, 410.72, 1.7966
_11609_, 252.24, 410.72, 1.79656
_11621_, 252.24, 410.72, 1.79656
_11622_, 252.24, 410.72, 1.79656
_11630_, 252.24, 410.72, 1.79656
FILLER_0_147_524, 252.24, 410.72, 1.79656
FILLER_0_147_532, 252.24, 410.72, 1.79656
FILLER_0_148_550, 252.24, 410.72, 1.79656
_11540_, 265.04, 410.72, 1.79652
_11543_, 265.04, 410.72, 1.79652
_11571_, 265.04, 410.72, 1.79652
_15072_, 265.04, 410.72, 1.79652
FILLER_0_147_573, 265.04, 410.72, 1.79652
FILLER_0_148_578, 265.04, 410.72, 1.79652
_11608_, 277.84, 410.72, 1.79647
_15065_, 277.84, 410.72, 1.79647
_15164_, 277.84, 410.72, 1.79647
FILLER_0_146_589, 277.84, 410.72, 1.79647
FILLER_0_147_588, 277.84, 410.72, 1.79647
FILLER_0_148_595, 277.84, 410.72, 1.79647
_10346_, 290.64, 410.72, 1.79644
_10557_, 290.64, 410.72, 1.79644
_14760_, 290.64, 410.72, 1.79644
_14762_, 290.64, 410.72, 1.79644
_14903_, 290.64, 410.72, 1.79644
FILLER_0_146_616, 290.64, 410.72, 1.79644
FILLER_0_147_613, 290.64, 410.72, 1.79644
FILLER_0_147_617, 290.64, 410.72, 1.79644
_14765_, 303.44, 410.72, 1.7964
_15223_, 303.44, 410.72, 1.7964
_17646_, 303.44, 410.72, 1.7964
hold1191, 303.44, 410.72, 1.7964
FILLER_0_147_660, 303.44, 410.72, 1.7964
FILLER_0_148_649, 303.44, 410.72, 1.7964
_10912_, 316.24, 410.72, 1.79638
_11533_, 316.24, 410.72, 1.79638
_13947_, 316.24, 410.72, 1.79638
_13969_, 316.24, 410.72, 1.79638
_13970_, 316.24, 410.72, 1.79638
_11311_, 341.84, 410.72, 1.79631
_11412_, 341.84, 410.72, 1.79631
FILLER_0_147_722, 341.84, 410.72, 1.79631
FILLER_0_148_733, 341.84, 410.72, 1.79631
FILLER_0_148_745, 341.84, 410.72, 1.79631
_11078_, 354.64, 410.72, 1.79625
_14806_, 354.64, 410.72, 1.79625
_14808_, 354.64, 410.72, 1.79625
_14897_, 354.64, 410.72, 1.79625
FILLER_0_147_753, 354.64, 410.72, 1.79625
FILLER_0_147_761, 354.64, 410.72, 1.79625
FILLER_0_148_760, 354.64, 410.72, 1.79625
FILLER_0_148_767, 354.64, 410.72, 1.79625
_11193_, 367.44, 410.72, 1.7962
_14803_, 367.44, 410.72, 1.7962
_14812_, 367.44, 410.72, 1.7962
_14814_, 367.44, 410.72, 1.7962
_14892_, 367.44, 410.72, 1.7962
_14895_, 367.44, 410.72, 1.7962
FILLER_0_146_775, 367.44, 410.72, 1.7962
FILLER_0_146_782, 367.44, 410.72, 1.7962
FILLER_0_147_777, 367.44, 410.72, 1.7962
FILLER_0_147_796, 367.44, 410.72, 1.7962
_10652_, 380.24, 410.72, 1.79616
_10653_, 380.24, 410.72, 1.79616
_14809_, 380.24, 410.72, 1.79616
_14811_, 380.24, 410.72, 1.79616
_14813_, 380.24, 410.72, 1.79616
FILLER_0_146_802, 380.24, 410.72, 1.79616
FILLER_0_146_813, 380.24, 410.72, 1.79616
FILLER_0_148_821, 380.24, 410.72, 1.79616
_13971_, 393.04, 410.72, 1.79612
_15034_, 393.04, 410.72, 1.79612
_15048_, 393.04, 410.72, 1.79612
hold46, 393.04, 410.72, 1.79612
FILLER_0_146_837, 393.04, 410.72, 1.79612
FILLER_0_147_834, 393.04, 410.72, 1.79612
FILLER_0_147_841, 393.04, 410.72, 1.79612
_11153_, 405.84, 410.72, 1.79608
_15055_, 405.84, 410.72, 1.79608
_15161_, 405.84, 410.72, 1.79608
_15182_, 405.84, 410.72, 1.79608
_15184_, 405.84, 410.72, 1.79608
FILLER_0_146_864, 405.84, 410.72, 1.79608
FILLER_0_147_887, 418.64, 410.72, 1.79605
_17631_, 431.44, 410.72, 1.79602
_16703_, 444.24, 410.72, 1.79599
FILLER_0_146_953, 444.24, 410.72, 1.79599
FILLER_0_147_945, 444.24, 410.72, 1.79599
_11982_, 457.04, 410.72, 1.79598
_11983_, 457.04, 410.72, 1.79598
_16705_, 457.04, 410.72, 1.79598
hold1178, 457.04, 410.72, 1.79598
FILLER_0_146_974, 457.04, 410.72, 1.79598
FILLER_0_147_982, 457.04, 410.72, 1.79598
_11978_, 469.84, 410.72, 1.79597
_11979_, 469.84, 410.72, 1.79597
_16702_, 469.84, 410.72, 1.79597
_12801_, 495.44, 410.72, 1.79595
_12802_, 495.44, 410.72, 1.79595
_17010_, 495.44, 410.72, 1.79595
FILLER_0_146_1054, 495.44, 410.72, 1.79595
FILLER_0_147_1056, 495.44, 410.72, 1.79595
_12804_, 508.24, 410.72, 1.79594
hold964, 508.24, 410.72, 1.79594
_17059_, 521.04, 410.72, 1.79594
FILLER_0_147_1116, 521.04, 410.72, 1.79594
_12924_, 533.84, 410.72, 1.79594
FILLER_0_146_1197, 559.44, 410.72, 1.79595
FILLER_0_147_1225, 572.24, 410.72, 1.79596
FILLER_0_146_1253, 585.04, 410.72, 1.79597
FILLER_0_147_1281, 597.84, 410.72, 1.79597
FILLER_0_146_1309, 610.64, 410.72, 1.79598
FILLER_0_147_1337, 623.44, 410.72, 1.79598
_16894_, 5.52, 405.28, 1.79679
PHY_288, 5.52, 405.28, 1.79679
PHY_290, 5.52, 405.28, 1.79679
clkbuf_leaf_33_clk, 13.68, 405.28, 1.7968
hold513, 13.68, 405.28, 1.7968
FILLER_0_144_11, 13.68, 405.28, 1.7968
_09578_, 34.64, 405.28, 1.79677
_09639_, 34.64, 405.28, 1.79677
_09640_, 34.64, 405.28, 1.79677
_09696_, 34.64, 405.28, 1.79677
_16542_, 34.64, 405.28, 1.79677
hold327, 34.64, 405.28, 1.79677
FILLER_0_144_50, 34.64, 405.28, 1.79677
FILLER_0_146_76, 34.64, 405.28, 1.79677
_12399_, 47.44, 405.28, 1.79672
_13018_, 47.44, 405.28, 1.79672
hold195, 47.44, 405.28, 1.79672
FILLER_0_146_97, 47.44, 405.28, 1.79672
_12179_, 60.24, 405.28, 1.79668
_12319_, 60.24, 405.28, 1.79668
FILLER_0_144_113, 60.24, 405.28, 1.79668
FILLER_0_145_108, 60.24, 405.28, 1.79668
FILLER_0_145_125, 60.24, 405.28, 1.79668
_09591_, 73.04, 405.28, 1.79664
_09701_, 73.04, 405.28, 1.79664
_12508_, 73.04, 405.28, 1.79664
_12515_, 73.04, 405.28, 1.79664
_12516_, 73.04, 405.28, 1.79664
_16545_, 73.04, 405.28, 1.79664
_16897_, 73.04, 405.28, 1.79664
hold399, 73.04, 405.28, 1.79664
FILLER_0_146_149, 73.04, 405.28, 1.79664
_13073_, 85.84, 405.28, 1.79661
FILLER_0_144_172, 85.84, 405.28, 1.79661
_09712_, 98.64, 405.28, 1.7966
_12404_, 98.64, 405.28, 1.7966
_12405_, 98.64, 405.28, 1.7966
clkbuf_leaf_38_clk, 98.64, 405.28, 1.7966
_12492_, 111.44, 405.28, 1.79662
_12493_, 111.44, 405.28, 1.79662
_13146_, 111.44, 405.28, 1.79662
_16887_, 111.44, 405.28, 1.79662
hold150, 111.44, 405.28, 1.79662
FILLER_0_145_221, 111.44, 405.28, 1.79662
FILLER_0_146_241, 111.44, 405.28, 1.79662
_12337_, 124.24, 405.28, 1.79666
_12338_, 124.24, 405.28, 1.79666
_12530_, 124.24, 405.28, 1.79666
hold295, 124.24, 405.28, 1.79666
FILLER_0_144_246, 124.24, 405.28, 1.79666
FILLER_0_144_258, 124.24, 405.28, 1.79666
FILLER_0_145_258, 124.24, 405.28, 1.79666
FILLER_0_146_269, 124.24, 405.28, 1.79666
_09715_, 137.04, 405.28, 1.7967
_13149_, 137.04, 405.28, 1.7967
hold225, 137.04, 405.28, 1.7967
FILLER_0_144_281, 137.04, 405.28, 1.7967
FILLER_0_145_290, 137.04, 405.28, 1.7967
_12382_, 149.84, 405.28, 1.79674
_17111_, 149.84, 405.28, 1.79674
hold112, 149.84, 405.28, 1.79674
FILLER_0_145_326, 149.84, 405.28, 1.79674
_11701_, 162.64, 405.28, 1.7968
_11702_, 162.64, 405.28, 1.7968
_11735_, 162.64, 405.28, 1.7968
_11737_, 162.64, 405.28, 1.7968
_13236_, 162.64, 405.28, 1.7968
hold461, 162.64, 405.28, 1.7968
FILLER_0_144_335, 162.64, 405.28, 1.7968
FILLER_0_145_337, 162.64, 405.28, 1.7968
FILLER_0_145_348, 162.64, 405.28, 1.7968
_11569_, 188.24, 405.28, 1.79679
_11664_, 188.24, 405.28, 1.79679
FILLER_0_145_384, 188.24, 405.28, 1.79679
FILLER_0_146_401, 188.24, 405.28, 1.79679
_11535_, 201.04, 405.28, 1.79673
_11566_, 201.04, 405.28, 1.79673
_11567_, 201.04, 405.28, 1.79673
_11582_, 201.04, 405.28, 1.79673
_11590_, 201.04, 405.28, 1.79673
FILLER_0_144_413, 201.04, 405.28, 1.79673
FILLER_0_144_421, 201.04, 405.28, 1.79673
FILLER_0_145_424, 201.04, 405.28, 1.79673
FILLER_0_145_437, 201.04, 405.28, 1.79673
_11537_, 213.84, 405.28, 1.79667
_11551_, 213.84, 405.28, 1.79667
FILLER_0_144_452, 213.84, 405.28, 1.79667
FILLER_0_145_445, 213.84, 405.28, 1.79667
_14417_, 226.64, 405.28, 1.79662
_17444_, 226.64, 405.28, 1.79662
FILLER_0_144_471, 226.64, 405.28, 1.79662
FILLER_0_145_488, 226.64, 405.28, 1.79662
_11638_, 239.44, 405.28, 1.79657
_11678_, 239.44, 405.28, 1.79657
_11679_, 239.44, 405.28, 1.79657
_11681_, 239.44, 405.28, 1.79657
FILLER_0_145_496, 239.44, 405.28, 1.79657
_10308_, 252.24, 405.28, 1.79652
_10309_, 252.24, 405.28, 1.79652
_11411_, 252.24, 405.28, 1.79652
_11611_, 252.24, 405.28, 1.79652
_11669_, 252.24, 405.28, 1.79652
_11720_, 252.24, 405.28, 1.79652
FILLER_0_144_528, 252.24, 405.28, 1.79652
FILLER_0_145_525, 252.24, 405.28, 1.79652
FILLER_0_145_544, 252.24, 405.28, 1.79652
_11548_, 265.04, 405.28, 1.79648
_11570_, 265.04, 405.28, 1.79648
_11580_, 265.04, 405.28, 1.79648
_11623_, 265.04, 405.28, 1.79648
FILLER_0_144_559, 265.04, 405.28, 1.79648
FILLER_0_145_568, 265.04, 405.28, 1.79648
_11573_, 277.84, 405.28, 1.79644
_11574_, 277.84, 405.28, 1.79644
_11575_, 277.84, 405.28, 1.79644
_11610_, 277.84, 405.28, 1.79644
_15063_, 277.84, 405.28, 1.79644
FILLER_0_145_597, 277.84, 405.28, 1.79644
_10288_, 290.64, 405.28, 1.7964
_11546_, 290.64, 405.28, 1.7964
_11547_, 290.64, 405.28, 1.7964
_11615_, 290.64, 405.28, 1.7964
_11616_, 290.64, 405.28, 1.7964
wire85, 290.64, 405.28, 1.7964
FILLER_0_145_608, 290.64, 405.28, 1.7964
FILLER_0_145_617, 290.64, 405.28, 1.7964
FILLER_0_145_631, 290.64, 405.28, 1.7964
_11898_, 303.44, 405.28, 1.79636
_14343_, 303.44, 405.28, 1.79636
_14344_, 303.44, 405.28, 1.79636
_14904_, 303.44, 405.28, 1.79636
_15117_, 303.44, 405.28, 1.79636
_15175_, 303.44, 405.28, 1.79636
_17419_, 303.44, 405.28, 1.79636
FILLER_0_145_641, 303.44, 405.28, 1.79636
FILLER_0_146_653, 303.44, 405.28, 1.79636
_14393_, 316.24, 405.28, 1.79633
_14772_, 316.24, 405.28, 1.79633
_14786_, 316.24, 405.28, 1.79633
_14802_, 316.24, 405.28, 1.79633
FILLER_0_144_667, 316.24, 405.28, 1.79633
FILLER_0_144_675, 316.24, 405.28, 1.79633
FILLER_0_145_673, 316.24, 405.28, 1.79633
FILLER_0_145_681, 316.24, 405.28, 1.79633
FILLER_0_145_687, 316.24, 405.28, 1.79633
_10911_, 341.84, 405.28, 1.79622
_11082_, 341.84, 405.28, 1.79622
_11312_, 341.84, 405.28, 1.79622
_14804_, 341.84, 405.28, 1.79622
_14805_, 341.84, 405.28, 1.79622
FILLER_0_144_727, 341.84, 405.28, 1.79622
FILLER_0_146_740, 341.84, 405.28, 1.79622
_10908_, 354.64, 405.28, 1.79614
_14758_, 354.64, 405.28, 1.79614
_14896_, 354.64, 405.28, 1.79614
_14898_, 354.64, 405.28, 1.79614
_14900_, 354.64, 405.28, 1.79614
FILLER_0_144_757, 354.64, 405.28, 1.79614
FILLER_0_145_749, 354.64, 405.28, 1.79614
FILLER_0_145_759, 354.64, 405.28, 1.79614
FILLER_0_146_767, 354.64, 405.28, 1.79614
_14815_, 367.44, 405.28, 1.79606
_15044_, 367.44, 405.28, 1.79606
FILLER_0_144_778, 367.44, 405.28, 1.79606
_11413_, 380.24, 405.28, 1.79598
_14787_, 380.24, 405.28, 1.79598
_15066_, 380.24, 405.28, 1.79598
_15069_, 380.24, 405.28, 1.79598
FILLER_0_145_803, 380.24, 405.28, 1.79598
FILLER_0_145_827, 380.24, 405.28, 1.79598
FILLER_0_146_825, 380.24, 405.28, 1.79598
_11189_, 393.04, 405.28, 1.79591
_14801_, 393.04, 405.28, 1.79591
_15042_, 393.04, 405.28, 1.79591
_17609_, 393.04, 405.28, 1.79591
FILLER_0_144_830, 393.04, 405.28, 1.79591
FILLER_0_146_849, 393.04, 405.28, 1.79591
_15179_, 405.84, 405.28, 1.79584
_15180_, 405.84, 405.28, 1.79584
_15181_, 405.84, 405.28, 1.79584
_15183_, 405.84, 405.28, 1.79584
_17632_, 405.84, 405.28, 1.79584
clkbuf_leaf_78_clk, 405.84, 405.28, 1.79584
FILLER_0_145_857, 405.84, 405.28, 1.79584
_13354_, 418.64, 405.28, 1.79583
FILLER_0_144_896, 418.64, 405.28, 1.79583
FILLER_0_145_886, 418.64, 405.28, 1.79583
_17155_, 431.44, 405.28, 1.79582
hold1138, 431.44, 405.28, 1.79582
_11986_, 444.24, 405.28, 1.79581
_11987_, 444.24, 405.28, 1.79581
_16704_, 444.24, 405.28, 1.79581
FILLER_0_145_943, 444.24, 405.28, 1.79581
FILLER_0_146_965, 444.24, 405.28, 1.79581
_11985_, 457.04, 405.28, 1.79582
_11990_, 457.04, 405.28, 1.79582
_11991_, 457.04, 405.28, 1.79582
_12753_, 457.04, 405.28, 1.79582
hold1103, 457.04, 405.28, 1.79582
FILLER_0_144_981, 457.04, 405.28, 1.79582
FILLER_0_145_979, 457.04, 405.28, 1.79582
FILLER_0_146_993, 457.04, 405.28, 1.79582
_12840_, 469.84, 405.28, 1.79582
clkbuf_leaf_115_clk, 469.84, 405.28, 1.79582
FILLER_0_144_1006, 469.84, 405.28, 1.79582
FILLER_0_145_997, 469.84, 405.28, 1.79582
FILLER_0_145_1005, 469.84, 405.28, 1.79582
FILLER_0_145_1009, 469.84, 405.28, 1.79582
FILLER_0_145_1019, 469.84, 405.28, 1.79582
FILLER_0_146_1020, 469.84, 405.28, 1.79582
_12842_, 495.44, 405.28, 1.79586
_17011_, 495.44, 405.28, 1.79586
hold969, 495.44, 405.28, 1.79586
FILLER_0_144_1052, 495.44, 405.28, 1.79586
FILLER_0_144_1059, 495.44, 405.28, 1.79586
FILLER_0_145_1077, 495.44, 405.28, 1.79586
FILLER_0_146_1071, 495.44, 405.28, 1.79586
_12803_, 508.24, 405.28, 1.79585
_12879_, 508.24, 405.28, 1.79585
hold983, 508.24, 405.28, 1.79585
_12921_, 521.04, 405.28, 1.79584
_12922_, 521.04, 405.28, 1.79584
_12923_, 521.04, 405.28, 1.79584
_17060_, 521.04, 405.28, 1.79584
hold1114, 521.04, 405.28, 1.79584
FILLER_0_145_1107, 521.04, 405.28, 1.79584
_12882_, 533.84, 405.28, 1.79585
FILLER_0_145_1165, 546.64, 405.28, 1.79587
FILLER_0_145_1173, 546.64, 405.28, 1.79587
FILLER_0_144_1201, 559.44, 405.28, 1.79588
FILLER_0_145_1225, 572.24, 405.28, 1.79589
FILLER_0_144_1253, 585.04, 405.28, 1.7959
FILLER_0_145_1281, 597.84, 405.28, 1.79592
FILLER_0_144_1309, 610.64, 405.28, 1.79593
FILLER_0_145_1337, 623.44, 405.28, 1.79594
_12510_, 5.52, 399.84, 1.79678
PHY_284, 5.52, 399.84, 1.79678
PHY_286, 5.52, 399.84, 1.79678
FILLER_0_144_3, 5.52, 399.84, 1.79678
_12440_, 13.68, 399.84, 1.79678
_12509_, 13.68, 399.84, 1.79678
FILLER_0_143_15, 13.68, 399.84, 1.79678
_09633_, 34.64, 399.84, 1.79665
_09695_, 34.64, 399.84, 1.79665
_13063_, 34.64, 399.84, 1.79665
clkbuf_leaf_32_clk, 34.64, 399.84, 1.79665
FILLER_0_143_51, 34.64, 399.84, 1.79665
FILLER_0_143_69, 34.64, 399.84, 1.79665
FILLER_0_144_70, 34.64, 399.84, 1.79665
_12547_, 47.44, 399.84, 1.79657
_16910_, 47.44, 399.84, 1.79657
FILLER_0_142_88, 47.44, 399.84, 1.79657
FILLER_0_144_105, 47.44, 399.84, 1.79657
_12362_, 60.24, 399.84, 1.7965
_16830_, 60.24, 399.84, 1.7965
clkbuf_leaf_31_clk, 60.24, 399.84, 1.7965
hold257, 60.24, 399.84, 1.7965
FILLER_0_142_110, 60.24, 399.84, 1.7965
_09702_, 73.04, 399.84, 1.79647
_12190_, 73.04, 399.84, 1.79647
FILLER_0_142_137, 73.04, 399.84, 1.79647
FILLER_0_142_141, 73.04, 399.84, 1.79647
FILLER_0_143_149, 73.04, 399.84, 1.79647
_09638_, 85.84, 399.84, 1.79645
_12360_, 85.84, 399.84, 1.79645
_12368_, 85.84, 399.84, 1.79645
_16833_, 85.84, 399.84, 1.79645
FILLER_0_143_165, 85.84, 399.84, 1.79645
FILLER_0_143_169, 85.84, 399.84, 1.79645
_09664_, 98.64, 399.84, 1.79644
_10218_, 98.64, 399.84, 1.79644
_12378_, 98.64, 399.84, 1.79644
_12526_, 98.64, 399.84, 1.79644
_12563_, 98.64, 399.84, 1.79644
_16665_, 98.64, 399.84, 1.79644
hold181, 98.64, 399.84, 1.79644
FILLER_0_143_200, 98.64, 399.84, 1.79644
clkbuf_leaf_20_clk, 111.44, 399.84, 1.79643
FILLER_0_143_217, 111.44, 399.84, 1.79643
_09667_, 124.24, 399.84, 1.79647
_09668_, 124.24, 399.84, 1.79647
_12529_, 124.24, 399.84, 1.79647
_16903_, 124.24, 399.84, 1.79647
_12566_, 137.04, 399.84, 1.79652
_12567_, 137.04, 399.84, 1.79652
_13145_, 137.04, 399.84, 1.79652
_16919_, 137.04, 399.84, 1.79652
hold228, 137.04, 399.84, 1.79652
FILLER_0_142_278, 137.04, 399.84, 1.79652
FILLER_0_143_274, 137.04, 399.84, 1.79652
FILLER_0_144_299, 137.04, 399.84, 1.79652
_12381_, 149.84, 399.84, 1.79659
_16839_, 149.84, 399.84, 1.79659
FILLER_0_142_305, 149.84, 399.84, 1.79659
FILLER_0_144_321, 149.84, 399.84, 1.79659
_11736_, 162.64, 399.84, 1.79666
_11738_, 162.64, 399.84, 1.79666
_11739_, 162.64, 399.84, 1.79666
_11746_, 162.64, 399.84, 1.79666
FILLER_0_142_330, 162.64, 399.84, 1.79666
FILLER_0_143_328, 162.64, 399.84, 1.79666
FILLER_0_144_354, 162.64, 399.84, 1.79666
_10341_, 188.24, 399.84, 1.79663
_11594_, 188.24, 399.84, 1.79663
_11595_, 188.24, 399.84, 1.79663
_11597_, 188.24, 399.84, 1.79663
_11598_, 188.24, 399.84, 1.79663
_11648_, 188.24, 399.84, 1.79663
FILLER_0_142_384, 188.24, 399.84, 1.79663
FILLER_0_143_393, 188.24, 399.84, 1.79663
_11605_, 201.04, 399.84, 1.79653
_11626_, 201.04, 399.84, 1.79653
_11654_, 201.04, 399.84, 1.79653
_12693_, 201.04, 399.84, 1.79653
clkbuf_leaf_15_clk, 201.04, 399.84, 1.79653
FILLER_0_142_416, 201.04, 399.84, 1.79653
FILLER_0_142_421, 201.04, 399.84, 1.79653
FILLER_0_143_418, 201.04, 399.84, 1.79653
FILLER_0_144_429, 201.04, 399.84, 1.79653
_13476_, 213.84, 399.84, 1.79648
_13486_, 213.84, 399.84, 1.79648
_17207_, 213.84, 399.84, 1.79648
hold1, 213.84, 399.84, 1.79648
hold14, 213.84, 399.84, 1.79648
FILLER_0_142_442, 213.84, 399.84, 1.79648
_14418_, 226.64, 399.84, 1.79644
hold65, 226.64, 399.84, 1.79644
FILLER_0_142_469, 226.64, 399.84, 1.79644
FILLER_0_142_477, 226.64, 399.84, 1.79644
FILLER_0_143_470, 226.64, 399.84, 1.79644
FILLER_0_143_484, 226.64, 399.84, 1.79644
FILLER_0_143_492, 226.64, 399.84, 1.79644
_11671_, 239.44, 399.84, 1.79639
_11680_, 239.44, 399.84, 1.79639
_11693_, 239.44, 399.84, 1.79639
FILLER_0_143_517, 239.44, 399.84, 1.79639
FILLER_0_144_516, 239.44, 399.84, 1.79639
_11752_, 252.24, 399.84, 1.79635
_11753_, 252.24, 399.84, 1.79635
_11776_, 252.24, 399.84, 1.79635
_14842_, 252.24, 399.84, 1.79635
FILLER_0_142_523, 252.24, 399.84, 1.79635
FILLER_0_143_530, 252.24, 399.84, 1.79635
_11534_, 265.04, 399.84, 1.79631
_11581_, 265.04, 399.84, 1.79631
_11641_, 265.04, 399.84, 1.79631
FILLER_0_142_557, 265.04, 399.84, 1.79631
FILLER_0_143_553, 265.04, 399.84, 1.79631
FILLER_0_143_573, 265.04, 399.84, 1.79631
_11612_, 277.84, 399.84, 1.79627
_11614_, 277.84, 399.84, 1.79627
_11617_, 277.84, 399.84, 1.79627
_11637_, 277.84, 399.84, 1.79627
FILLER_0_142_581, 277.84, 399.84, 1.79627
FILLER_0_142_589, 277.84, 399.84, 1.79627
FILLER_0_144_601, 277.84, 399.84, 1.79627
_11542_, 290.64, 399.84, 1.79623
_11636_, 290.64, 399.84, 1.79623
_13989_, 290.64, 399.84, 1.79623
_13992_, 290.64, 399.84, 1.79623
_15062_, 290.64, 399.84, 1.79623
clkbuf_leaf_71_clk, 290.64, 399.84, 1.79623
ANTENNA_146, 290.64, 399.84, 1.79623
FILLER_0_142_609, 290.64, 399.84, 1.79623
_14342_, 303.44, 399.84, 1.79623
FILLER_0_142_641, 303.44, 399.84, 1.79623
FILLER_0_143_651, 303.44, 399.84, 1.79623
FILLER_0_143_659, 303.44, 399.84, 1.79623
_14330_, 316.24, 399.84, 1.79624
_14331_, 316.24, 399.84, 1.79624
_14340_, 316.24, 399.84, 1.79624
_14341_, 316.24, 399.84, 1.79624
_14392_, 316.24, 399.84, 1.79624
_14399_, 316.24, 399.84, 1.79624
_14769_, 316.24, 399.84, 1.79624
_14843_, 316.24, 399.84, 1.79624
_14848_, 316.24, 399.84, 1.79624
FILLER_0_142_667, 316.24, 399.84, 1.79624
FILLER_0_143_669, 316.24, 399.84, 1.79624
FILLER_0_143_673, 316.24, 399.84, 1.79624
FILLER_0_143_680, 316.24, 399.84, 1.79624
FILLER_0_143_686, 316.24, 399.84, 1.79624
_10850_, 341.84, 399.84, 1.79617
_10853_, 341.84, 399.84, 1.79617
_14792_, 341.84, 399.84, 1.79617
_14817_, 341.84, 399.84, 1.79617
FILLER_0_142_726, 341.84, 399.84, 1.79617
FILLER_0_143_725, 341.84, 399.84, 1.79617
FILLER_0_144_737, 341.84, 399.84, 1.79617
_14788_, 354.64, 399.84, 1.79609
_14899_, 354.64, 399.84, 1.79609
_14901_, 354.64, 399.84, 1.79609
_15027_, 354.64, 399.84, 1.79609
_15029_, 354.64, 399.84, 1.79609
FILLER_0_142_752, 354.64, 399.84, 1.79609
FILLER_0_142_757, 354.64, 399.84, 1.79609
FILLER_0_143_756, 354.64, 399.84, 1.79609
FILLER_0_143_766, 354.64, 399.84, 1.79609
_10907_, 367.44, 399.84, 1.79601
_14818_, 367.44, 399.84, 1.79601
_14820_, 367.44, 399.84, 1.79601
_15047_, 367.44, 399.84, 1.79601
FILLER_0_142_776, 367.44, 399.84, 1.79601
FILLER_0_142_784, 367.44, 399.84, 1.79601
FILLER_0_143_774, 367.44, 399.84, 1.79601
FILLER_0_143_785, 367.44, 399.84, 1.79601
FILLER_0_143_798, 367.44, 399.84, 1.79601
FILLER_0_144_788, 367.44, 399.84, 1.79601
_15061_, 380.24, 399.84, 1.79594
_15067_, 380.24, 399.84, 1.79594
_17608_, 380.24, 399.84, 1.79594
hold188, 380.24, 399.84, 1.79594
_15037_, 393.04, 399.84, 1.79588
_13608_, 405.84, 399.84, 1.79582
_17251_, 405.84, 399.84, 1.79582
_17630_, 405.84, 399.84, 1.79582
FILLER_0_142_861, 405.84, 399.84, 1.79582
FILLER_0_143_865, 405.84, 399.84, 1.79582
FILLER_0_143_873, 405.84, 399.84, 1.79582
_13611_, 418.64, 399.84, 1.79577
_13612_, 418.64, 399.84, 1.79577
_17157_, 418.64, 399.84, 1.79577
_17253_, 418.64, 399.84, 1.79577
FILLER_0_142_885, 418.64, 399.84, 1.79577
FILLER_0_143_892, 418.64, 399.84, 1.79577
_13348_, 431.44, 399.84, 1.79574
_13349_, 431.44, 399.84, 1.79574
_13353_, 431.44, 399.84, 1.79574
FILLER_0_142_913, 431.44, 399.84, 1.79574
FILLER_0_142_921, 431.44, 399.84, 1.79574
FILLER_0_143_923, 431.44, 399.84, 1.79574
_11977_, 444.24, 399.84, 1.79571
clkbuf_leaf_116_clk, 444.24, 399.84, 1.79571
ANTENNA_231, 444.24, 399.84, 1.79571
FILLER_0_143_942, 444.24, 399.84, 1.79571
FILLER_0_143_965, 444.24, 399.84, 1.79571
_12752_, 457.04, 399.84, 1.79573
_16995_, 457.04, 399.84, 1.79573
hold1100, 457.04, 399.84, 1.79573
FILLER_0_142_973, 457.04, 399.84, 1.79573
FILLER_0_142_981, 457.04, 399.84, 1.79573
FILLER_0_143_993, 457.04, 399.84, 1.79573
_12749_, 469.84, 399.84, 1.79577
_16994_, 469.84, 399.84, 1.79577
_17026_, 469.84, 399.84, 1.79577
hold957, 469.84, 399.84, 1.79577
hold1132, 469.84, 399.84, 1.79577
_11969_, 495.44, 399.84, 1.79577
_12808_, 495.44, 399.84, 1.79577
_12841_, 495.44, 399.84, 1.79577
_17013_, 495.44, 399.84, 1.79577
_17027_, 495.44, 399.84, 1.79577
FILLER_0_143_1065, 495.44, 399.84, 1.79577
FILLER_0_143_1076, 495.44, 399.84, 1.79577
_12807_, 508.24, 399.84, 1.79575
_12878_, 508.24, 399.84, 1.79575
_17042_, 508.24, 399.84, 1.79575
FILLER_0_142_1083, 508.24, 399.84, 1.79575
FILLER_0_143_1100, 508.24, 399.84, 1.79575
FILLER_0_144_1093, 508.24, 399.84, 1.79575
_12880_, 521.04, 399.84, 1.79573
hold737, 521.04, 399.84, 1.79573
FILLER_0_142_1113, 521.04, 399.84, 1.79573
FILLER_0_143_1112, 521.04, 399.84, 1.79573
_12883_, 533.84, 399.84, 1.79571
_17044_, 533.84, 399.84, 1.79571
hold896, 533.84, 399.84, 1.79571
FILLER_0_142_1138, 533.84, 399.84, 1.79571
FILLER_0_143_1141, 533.84, 399.84, 1.79571
clkbuf_leaf_100_clk, 546.64, 399.84, 1.79571
FILLER_0_143_1169, 546.64, 399.84, 1.79571
FILLER_0_142_1193, 559.44, 399.84, 1.79573
FILLER_0_142_1201, 559.44, 399.84, 1.79573
FILLER_0_143_1221, 572.24, 399.84, 1.79576
FILLER_0_143_1229, 572.24, 399.84, 1.79576
FILLER_0_142_1253, 585.04, 399.84, 1.79579
FILLER_0_143_1281, 597.84, 399.84, 1.79582
FILLER_0_142_1309, 610.64, 399.84, 1.79585
FILLER_0_143_1337, 623.44, 399.84, 1.79588
_12477_, 5.52, 394.4, 1.7968
_16880_, 5.52, 394.4, 1.7968
PHY_280, 5.52, 394.4, 1.7968
PHY_282, 5.52, 394.4, 1.7968
FILLER_0_141_3, 5.52, 394.4, 1.7968
_12439_, 13.68, 394.4, 1.7968
_12476_, 13.68, 394.4, 1.7968
hold346, 13.68, 394.4, 1.7968
ANTENNA_159, 13.68, 394.4, 1.7968
FILLER_0_141_22, 13.68, 394.4, 1.7968
_09590_, 34.64, 394.4, 1.79675
_09646_, 34.64, 394.4, 1.79675
_16528_, 34.64, 394.4, 1.79675
FILLER_0_141_57, 34.64, 394.4, 1.79675
FILLER_0_142_75, 34.64, 394.4, 1.79675
_12546_, 47.44, 394.4, 1.7967
hold218, 47.44, 394.4, 1.7967
hold242, 47.44, 394.4, 1.7967
FILLER_0_140_85, 47.44, 394.4, 1.7967
FILLER_0_141_103, 47.44, 394.4, 1.7967
_12361_, 60.24, 394.4, 1.79666
_13066_, 60.24, 394.4, 1.79666
_16913_, 60.24, 394.4, 1.79666
FILLER_0_141_113, 60.24, 394.4, 1.79666
FILLER_0_141_125, 60.24, 394.4, 1.79666
_09648_, 73.04, 394.4, 1.79663
_09649_, 73.04, 394.4, 1.79663
_12545_, 73.04, 394.4, 1.79663
_12552_, 73.04, 394.4, 1.79663
_12553_, 73.04, 394.4, 1.79663
hold359, 73.04, 394.4, 1.79663
hold406, 73.04, 394.4, 1.79663
_12367_, 85.84, 394.4, 1.7966
FILLER_0_140_174, 85.84, 394.4, 1.7966
FILLER_0_142_187, 85.84, 394.4, 1.7966
_10217_, 98.64, 394.4, 1.79658
_12295_, 98.64, 394.4, 1.79658
hold162, 98.64, 394.4, 1.79658
FILLER_0_141_193, 98.64, 394.4, 1.79658
FILLER_0_141_212, 98.64, 394.4, 1.79658
_12289_, 111.44, 394.4, 1.79656
_12290_, 111.44, 394.4, 1.79656
_16535_, 111.44, 394.4, 1.79656
_16806_, 111.44, 394.4, 1.79656
hold332, 111.44, 394.4, 1.79656
FILLER_0_140_222, 111.44, 394.4, 1.79656
_09669_, 124.24, 394.4, 1.79656
_10212_, 124.24, 394.4, 1.79656
hold217, 124.24, 394.4, 1.79656
hold294, 124.24, 394.4, 1.79656
FILLER_0_140_253, 124.24, 394.4, 1.79656
FILLER_0_142_270, 124.24, 394.4, 1.79656
_10215_, 137.04, 394.4, 1.79656
clkbuf_leaf_19_clk, 137.04, 394.4, 1.79656
hold196, 137.04, 394.4, 1.79656
FILLER_0_140_278, 137.04, 394.4, 1.79656
FILLER_0_141_275, 137.04, 394.4, 1.79656
FILLER_0_141_289, 137.04, 394.4, 1.79656
FILLER_0_142_297, 137.04, 394.4, 1.79656
_13056_, 149.84, 394.4, 1.79661
_13138_, 149.84, 394.4, 1.79661
_16687_, 149.84, 394.4, 1.79661
FILLER_0_141_314, 149.84, 394.4, 1.79661
FILLER_0_140_341, 162.64, 394.4, 1.79667
_11561_, 188.24, 394.4, 1.79667
_11596_, 188.24, 394.4, 1.79667
_11646_, 188.24, 394.4, 1.79667
_11647_, 188.24, 394.4, 1.79667
_12696_, 188.24, 394.4, 1.79667
FILLER_0_140_391, 188.24, 394.4, 1.79667
_11606_, 201.04, 394.4, 1.7966
_11666_, 201.04, 394.4, 1.7966
_12698_, 201.04, 394.4, 1.7966
_11655_, 213.84, 394.4, 1.79655
_11656_, 213.84, 394.4, 1.79655
_11711_, 213.84, 394.4, 1.79655
_11712_, 213.84, 394.4, 1.79655
_16689_, 213.84, 394.4, 1.79655
fanout98, 213.84, 394.4, 1.79655
FILLER_0_141_449, 213.84, 394.4, 1.79655
_11688_, 226.64, 394.4, 1.79651
_11696_, 226.64, 394.4, 1.79651
_11697_, 226.64, 394.4, 1.79651
_11717_, 226.64, 394.4, 1.79651
FILLER_0_140_469, 226.64, 394.4, 1.79651
FILLER_0_141_472, 226.64, 394.4, 1.79651
FILLER_0_141_480, 226.64, 394.4, 1.79651
FILLER_0_141_493, 226.64, 394.4, 1.79651
_11672_, 239.44, 394.4, 1.79646
_11675_, 239.44, 394.4, 1.79646
_11682_, 239.44, 394.4, 1.79646
_11691_, 239.44, 394.4, 1.79646
_11692_, 239.44, 394.4, 1.79646
_11698_, 239.44, 394.4, 1.79646
FILLER_0_142_510, 239.44, 394.4, 1.79646
_11645_, 252.24, 394.4, 1.79642
_11779_, 252.24, 394.4, 1.79642
_11780_, 252.24, 394.4, 1.79642
FILLER_0_140_523, 252.24, 394.4, 1.79642
FILLER_0_140_533, 252.24, 394.4, 1.79642
FILLER_0_141_539, 252.24, 394.4, 1.79642
_11538_, 265.04, 394.4, 1.79639
_11639_, 265.04, 394.4, 1.79639
_11640_, 265.04, 394.4, 1.79639
_11643_, 265.04, 394.4, 1.79639
_11673_, 265.04, 394.4, 1.79639
_14669_, 265.04, 394.4, 1.79639
FILLER_0_140_555, 265.04, 394.4, 1.79639
_11613_, 277.84, 394.4, 1.79635
_11728_, 277.84, 394.4, 1.79635
_11784_, 277.84, 394.4, 1.79635
FILLER_0_140_580, 277.84, 394.4, 1.79635
FILLER_0_141_586, 277.84, 394.4, 1.79635
FILLER_0_141_600, 277.84, 394.4, 1.79635
FILLER_0_142_601, 277.84, 394.4, 1.79635
_13984_, 290.64, 394.4, 1.79631
_15058_, 290.64, 394.4, 1.79631
_15141_, 290.64, 394.4, 1.79631
_17620_, 290.64, 394.4, 1.79631
hold420, 290.64, 394.4, 1.79631
_14332_, 303.44, 394.4, 1.79629
_14777_, 303.44, 394.4, 1.79629
_14780_, 303.44, 394.4, 1.79629
_14785_, 303.44, 394.4, 1.79629
_14860_, 303.44, 394.4, 1.79629
_14905_, 303.44, 394.4, 1.79629
FILLER_0_140_639, 303.44, 394.4, 1.79629
FILLER_0_142_648, 303.44, 394.4, 1.79629
_14789_, 316.24, 394.4, 1.79627
_14844_, 316.24, 394.4, 1.79627
_14849_, 316.24, 394.4, 1.79627
_14850_, 316.24, 394.4, 1.79627
FILLER_0_141_663, 316.24, 394.4, 1.79627
FILLER_0_141_673, 316.24, 394.4, 1.79627
FILLER_0_142_681, 316.24, 394.4, 1.79627
_10555_, 341.84, 394.4, 1.79619
_14793_, 341.84, 394.4, 1.79619
_14937_, 341.84, 394.4, 1.79619
FILLER_0_141_725, 341.84, 394.4, 1.79619
_14794_, 354.64, 394.4, 1.79613
_14902_, 354.64, 394.4, 1.79613
_15028_, 354.64, 394.4, 1.79613
_15032_, 354.64, 394.4, 1.79613
_15033_, 354.64, 394.4, 1.79613
FILLER_0_140_753, 354.64, 394.4, 1.79613
FILLER_0_140_757, 354.64, 394.4, 1.79613
FILLER_0_142_764, 354.64, 394.4, 1.79613
_14906_, 367.44, 394.4, 1.79607
_15026_, 367.44, 394.4, 1.79607
_15041_, 367.44, 394.4, 1.79607
_15045_, 367.44, 394.4, 1.79607
_15049_, 367.44, 394.4, 1.79607
FILLER_0_141_779, 367.44, 394.4, 1.79607
FILLER_0_141_785, 367.44, 394.4, 1.79607
FILLER_0_142_799, 367.44, 394.4, 1.79607
_15040_, 380.24, 394.4, 1.79602
_15074_, 380.24, 394.4, 1.79602
FILLER_0_140_807, 380.24, 394.4, 1.79602
FILLER_0_141_803, 380.24, 394.4, 1.79602
_15043_, 393.04, 394.4, 1.79597
_17604_, 393.04, 394.4, 1.79597
_13607_, 405.84, 394.4, 1.79593
FILLER_0_140_858, 405.84, 394.4, 1.79593
_17285_, 418.64, 394.4, 1.79589
FILLER_0_141_893, 418.64, 394.4, 1.79589
FILLER_0_141_897, 418.64, 394.4, 1.79589
_17156_, 431.44, 394.4, 1.79586
hold1106, 431.44, 394.4, 1.79586
FILLER_0_140_925, 431.44, 394.4, 1.79586
FILLER_0_141_922, 431.44, 394.4, 1.79586
FILLER_0_142_937, 431.44, 394.4, 1.79586
_12755_, 444.24, 394.4, 1.79584
_12756_, 444.24, 394.4, 1.79584
_13350_, 444.24, 394.4, 1.79584
_16996_, 444.24, 394.4, 1.79584
ANTENNA_109, 444.24, 394.4, 1.79584
FILLER_0_140_945, 444.24, 394.4, 1.79584
_12748_, 457.04, 394.4, 1.79582
_12757_, 457.04, 394.4, 1.79582
_12758_, 457.04, 394.4, 1.79582
_16997_, 457.04, 394.4, 1.79582
hold929, 457.04, 394.4, 1.79582
FILLER_0_140_969, 457.04, 394.4, 1.79582
FILLER_0_140_977, 457.04, 394.4, 1.79582
_11968_, 469.84, 394.4, 1.79581
_12750_, 469.84, 394.4, 1.79581
hold986, 469.84, 394.4, 1.79581
FILLER_0_140_997, 469.84, 394.4, 1.79581
FILLER_0_141_1003, 469.84, 394.4, 1.79581
FILLER_0_141_1021, 469.84, 394.4, 1.79581
FILLER_0_142_1014, 469.84, 394.4, 1.79581
FILLER_0_142_1023, 469.84, 394.4, 1.79581
_13516_, 495.44, 394.4, 1.79575
_13524_, 495.44, 394.4, 1.79575
FILLER_0_141_1061, 495.44, 394.4, 1.79575
FILLER_0_141_1065, 495.44, 394.4, 1.79575
FILLER_0_141_1075, 495.44, 394.4, 1.79575
clkbuf_leaf_114_clk, 508.24, 394.4, 1.7957
hold408, 508.24, 394.4, 1.7957
_12881_, 521.04, 394.4, 1.79569
_12884_, 521.04, 394.4, 1.79569
_17043_, 521.04, 394.4, 1.79569
_17730_, 521.04, 394.4, 1.79569
FILLER_0_141_1115, 521.04, 394.4, 1.79569
FILLER_0_141_1121, 521.04, 394.4, 1.79569
FILLER_0_141_1128, 521.04, 394.4, 1.79569
_12885_, 533.84, 394.4, 1.79569
_17045_, 533.84, 394.4, 1.79569
hold1120, 533.84, 394.4, 1.79569
FILLER_0_140_1135, 533.84, 394.4, 1.79569
FILLER_0_140_1145, 533.84, 394.4, 1.79569
FILLER_0_141_1159, 533.84, 394.4, 1.79569
_15449_, 546.64, 394.4, 1.79571
_17732_, 546.64, 394.4, 1.79571
hold720, 546.64, 394.4, 1.79571
FILLER_0_141_1167, 546.64, 394.4, 1.79571
FILLER_0_141_1173, 546.64, 394.4, 1.79571
FILLER_0_141_1177, 546.64, 394.4, 1.79571
_15621_, 559.44, 394.4, 1.79573
FILLER_0_140_1249, 585.04, 394.4, 1.79578
FILLER_0_140_1257, 585.04, 394.4, 1.79578
FILLER_0_141_1281, 597.84, 394.4, 1.7958
FILLER_0_140_1309, 610.64, 394.4, 1.79583
FILLER_0_141_1337, 623.44, 394.4, 1.79585
FILLER_0_141_1357, 623.44, 394.4, 1.79585
_12475_, 5.52, 388.96, 1.79677
PHY_276, 5.52, 388.96, 1.79677
PHY_278, 5.52, 388.96, 1.79677
output37, 5.52, 388.96, 1.79677
FILLER_0_139_3, 5.52, 388.96, 1.79677
_12474_, 13.68, 388.96, 1.79678
_16863_, 13.68, 388.96, 1.79678
FILLER_0_139_11, 13.68, 388.96, 1.79678
FILLER_0_140_25, 13.68, 388.96, 1.79678
_09645_, 34.64, 388.96, 1.79673
_13044_, 34.64, 388.96, 1.79673
FILLER_0_138_62, 34.64, 388.96, 1.79673
FILLER_0_140_68, 34.64, 388.96, 1.79673
_12551_, 47.44, 388.96, 1.79668
_16912_, 47.44, 388.96, 1.79668
hold184, 47.44, 388.96, 1.79668
hold213, 47.44, 388.96, 1.79668
FILLER_0_139_78, 47.44, 388.96, 1.79668
FILLER_0_140_102, 47.44, 388.96, 1.79668
_13055_, 60.24, 388.96, 1.79664
FILLER_0_139_106, 60.24, 388.96, 1.79664
FILLER_0_140_128, 60.24, 388.96, 1.79664
_09647_, 73.04, 388.96, 1.79661
_16529_, 73.04, 388.96, 1.79661
FILLER_0_138_134, 73.04, 388.96, 1.79661
FILLER_0_138_141, 73.04, 388.96, 1.79661
FILLER_0_140_154, 73.04, 388.96, 1.79661
_12296_, 85.84, 388.96, 1.79659
_16809_, 85.84, 388.96, 1.79659
FILLER_0_139_161, 85.84, 388.96, 1.79659
FILLER_0_139_186, 85.84, 388.96, 1.79659
_13164_, 98.64, 388.96, 1.79657
hold173, 98.64, 388.96, 1.79657
hold279, 98.64, 388.96, 1.79657
FILLER_0_138_190, 98.64, 388.96, 1.79657
FILLER_0_139_215, 98.64, 388.96, 1.79657
FILLER_0_140_214, 98.64, 388.96, 1.79657
_10211_, 111.44, 388.96, 1.79656
_16662_, 111.44, 388.96, 1.79656
hold223, 111.44, 388.96, 1.79656
_12293_, 124.24, 388.96, 1.79656
_12294_, 124.24, 388.96, 1.79656
_16808_, 124.24, 388.96, 1.79656
FILLER_0_139_260, 124.24, 388.96, 1.79656
_10216_, 137.04, 388.96, 1.79658
_16664_, 137.04, 388.96, 1.79658
hold172, 137.04, 388.96, 1.79658
hold284, 137.04, 388.96, 1.79658
_13067_, 149.84, 388.96, 1.7966
_16693_, 149.84, 388.96, 1.7966
_16976_, 149.84, 388.96, 1.7966
FILLER_0_138_309, 149.84, 388.96, 1.7966
_11744_, 162.64, 388.96, 1.79665
_11745_, 162.64, 388.96, 1.79665
_11748_, 162.64, 388.96, 1.79665
_11750_, 162.64, 388.96, 1.79665
_11771_, 162.64, 388.96, 1.79665
FILLER_0_138_341, 162.64, 388.96, 1.79665
FILLER_0_139_337, 162.64, 388.96, 1.79665
_11559_, 188.24, 388.96, 1.79663
_11592_, 188.24, 388.96, 1.79663
_11599_, 188.24, 388.96, 1.79663
FILLER_0_138_386, 188.24, 388.96, 1.79663
FILLER_0_139_408, 188.24, 388.96, 1.79663
FILLER_0_140_400, 188.24, 388.96, 1.79663
FILLER_0_140_408, 188.24, 388.96, 1.79663
_11558_, 201.04, 388.96, 1.79657
_11564_, 201.04, 388.96, 1.79657
_11593_, 201.04, 388.96, 1.79657
_11853_, 201.04, 388.96, 1.79657
fanout99, 201.04, 388.96, 1.79657
FILLER_0_139_423, 201.04, 388.96, 1.79657
_13482_, 213.84, 388.96, 1.79652
_16691_, 213.84, 388.96, 1.79652
fanout96, 213.84, 388.96, 1.79652
fanout97, 213.84, 388.96, 1.79652
FILLER_0_139_449, 213.84, 388.96, 1.79652
_11694_, 226.64, 388.96, 1.79648
_11695_, 226.64, 388.96, 1.79648
FILLER_0_138_469, 226.64, 388.96, 1.79648
FILLER_0_139_474, 226.64, 388.96, 1.79648
FILLER_0_139_494, 226.64, 388.96, 1.79648
_11670_, 239.44, 388.96, 1.79644
_11674_, 239.44, 388.96, 1.79644
FILLER_0_138_501, 239.44, 388.96, 1.79644
FILLER_0_140_509, 239.44, 388.96, 1.79644
_11667_, 252.24, 388.96, 1.79641
_11721_, 252.24, 388.96, 1.79641
_11754_, 252.24, 388.96, 1.79641
_11778_, 252.24, 388.96, 1.79641
max_cap86, 252.24, 388.96, 1.79641
FILLER_0_138_523, 252.24, 388.96, 1.79641
FILLER_0_139_529, 252.24, 388.96, 1.79641
FILLER_0_139_539, 252.24, 388.96, 1.79641
_11642_, 265.04, 388.96, 1.79637
_11775_, 265.04, 388.96, 1.79637
_11787_, 265.04, 388.96, 1.79637
FILLER_0_139_554, 265.04, 388.96, 1.79637
_11782_, 277.84, 388.96, 1.79634
_11783_, 277.84, 388.96, 1.79634
_11785_, 277.84, 388.96, 1.79634
_11838_, 277.84, 388.96, 1.79634
_14430_, 277.84, 388.96, 1.79634
hold3, 277.84, 388.96, 1.79634
FILLER_0_139_585, 277.84, 388.96, 1.79634
FILLER_0_139_597, 277.84, 388.96, 1.79634
_15140_, 290.64, 388.96, 1.79631
_15159_, 290.64, 388.96, 1.79631
FILLER_0_138_611, 290.64, 388.96, 1.79631
FILLER_0_140_626, 290.64, 388.96, 1.79631
_14861_, 303.44, 388.96, 1.79627
_15177_, 303.44, 388.96, 1.79627
_15178_, 303.44, 388.96, 1.79627
FILLER_0_139_659, 303.44, 388.96, 1.79627
_14776_, 316.24, 388.96, 1.79624
_14778_, 316.24, 388.96, 1.79624
_14781_, 316.24, 388.96, 1.79624
FILLER_0_139_669, 316.24, 388.96, 1.79624
_10963_, 341.84, 388.96, 1.79615
_14832_, 341.84, 388.96, 1.79615
_15214_, 341.84, 388.96, 1.79615
FILLER_0_138_720, 341.84, 388.96, 1.79615
FILLER_0_138_731, 341.84, 388.96, 1.79615
FILLER_0_139_741, 341.84, 388.96, 1.79615
FILLER_0_140_741, 341.84, 388.96, 1.79615
_14797_, 354.64, 388.96, 1.79609
_14824_, 354.64, 388.96, 1.79609
_14934_, 354.64, 388.96, 1.79609
_15025_, 354.64, 388.96, 1.79609
FILLER_0_138_750, 354.64, 388.96, 1.79609
FILLER_0_140_769, 354.64, 388.96, 1.79609
_14799_, 367.44, 388.96, 1.79603
_14825_, 367.44, 388.96, 1.79603
_14907_, 367.44, 388.96, 1.79603
_14935_, 367.44, 388.96, 1.79603
_15050_, 367.44, 388.96, 1.79603
_15071_, 380.24, 388.96, 1.79597
_15076_, 380.24, 388.96, 1.79597
_17610_, 380.24, 388.96, 1.79597
hold35, 380.24, 388.96, 1.79597
FILLER_0_138_806, 380.24, 388.96, 1.79597
FILLER_0_139_819, 380.24, 388.96, 1.79597
_11188_, 393.04, 388.96, 1.79592
_15185_, 393.04, 388.96, 1.79592
_15186_, 393.04, 388.96, 1.79592
hold44, 393.04, 388.96, 1.79592
FILLER_0_138_835, 393.04, 388.96, 1.79592
FILLER_0_139_837, 393.04, 388.96, 1.79592
_13605_, 405.84, 388.96, 1.79587
_13606_, 405.84, 388.96, 1.79587
_17250_, 405.84, 388.96, 1.79587
_17283_, 405.84, 388.96, 1.79587
FILLER_0_139_877, 405.84, 388.96, 1.79587
_13696_, 418.64, 388.96, 1.79584
_13700_, 418.64, 388.96, 1.79584
FILLER_0_139_906, 418.64, 388.96, 1.79584
_13347_, 431.44, 388.96, 1.79581
_13351_, 431.44, 388.96, 1.79581
_13701_, 431.44, 388.96, 1.79581
hold966, 431.44, 388.96, 1.79581
FILLER_0_138_925, 431.44, 388.96, 1.79581
FILLER_0_139_917, 431.44, 388.96, 1.79581
_13273_, 444.24, 388.96, 1.79578
_17124_, 444.24, 388.96, 1.79578
hold811, 444.24, 388.96, 1.79578
_13270_, 457.04, 388.96, 1.79576
_13271_, 457.04, 388.96, 1.79576
_13275_, 457.04, 388.96, 1.79576
_17123_, 457.04, 388.96, 1.79576
_17125_, 457.04, 388.96, 1.79576
FILLER_0_138_972, 457.04, 388.96, 1.79576
FILLER_0_139_985, 457.04, 388.96, 1.79576
_13269_, 469.84, 388.96, 1.79576
_13274_, 469.84, 388.96, 1.79576
_17122_, 469.84, 388.96, 1.79576
hold690, 469.84, 388.96, 1.79576
FILLER_0_138_1005, 469.84, 388.96, 1.79576
_13515_, 495.44, 388.96, 1.7957
_13523_, 495.44, 388.96, 1.7957
_17218_, 495.44, 388.96, 1.7957
_17221_, 495.44, 388.96, 1.7957
hold476, 495.44, 388.96, 1.7957
FILLER_0_138_1056, 495.44, 388.96, 1.7957
_12877_, 508.24, 388.96, 1.79566
_13518_, 508.24, 388.96, 1.79566
_13519_, 508.24, 388.96, 1.79566
_17219_, 508.24, 388.96, 1.79566
FILLER_0_138_1083, 508.24, 388.96, 1.79566
FILLER_0_139_1081, 508.24, 388.96, 1.79566
FILLER_0_139_1105, 508.24, 388.96, 1.79566
_15442_, 521.04, 388.96, 1.79563
_15443_, 521.04, 388.96, 1.79563
hold635, 521.04, 388.96, 1.79563
FILLER_0_139_1130, 521.04, 388.96, 1.79563
_17731_, 533.84, 388.96, 1.7956
clkbuf_leaf_113_clk, 533.84, 388.96, 1.7956
hold387, 533.84, 388.96, 1.7956
FILLER_0_138_1142, 533.84, 388.96, 1.7956
_15446_, 546.64, 388.96, 1.79561
_15448_, 546.64, 388.96, 1.79561
_17794_, 546.64, 388.96, 1.79561
hold547, 546.64, 388.96, 1.79561
FILLER_0_138_1166, 546.64, 388.96, 1.79561
FILLER_0_139_1186, 546.64, 388.96, 1.79561
_15275_, 559.44, 388.96, 1.79563
_15620_, 559.44, 388.96, 1.79563
_15625_, 559.44, 388.96, 1.79563
_17796_, 559.44, 388.96, 1.79563
hold664, 559.44, 388.96, 1.79563
FILLER_0_138_1193, 559.44, 388.96, 1.79563
FILLER_0_138_1201, 559.44, 388.96, 1.79563
hold665, 572.24, 388.96, 1.79567
FILLER_0_139_1225, 572.24, 388.96, 1.79567
FILLER_0_138_1251, 585.04, 388.96, 1.7957
FILLER_0_139_1281, 597.84, 388.96, 1.79574
FILLER_0_138_1309, 610.64, 388.96, 1.79577
FILLER_0_139_1337, 623.44, 388.96, 1.7958
_16879_, 5.52, 383.52, 1.79675
PHY_272, 5.52, 383.52, 1.79675
PHY_274, 5.52, 383.52, 1.79675
hold367, 13.68, 383.52, 1.79676
FILLER_0_136_15, 13.68, 383.52, 1.79676
_09699_, 34.64, 383.52, 1.7967
_09700_, 34.64, 383.52, 1.7967
_16544_, 34.64, 383.52, 1.7967
hold246, 34.64, 383.52, 1.7967
FILLER_0_137_65, 34.64, 383.52, 1.7967
_12550_, 47.44, 383.52, 1.79666
_13062_, 47.44, 383.52, 1.79666
hold325, 47.44, 383.52, 1.79666
FILLER_0_136_80, 47.44, 383.52, 1.79666
FILLER_0_136_85, 47.44, 383.52, 1.79666
FILLER_0_137_82, 47.44, 383.52, 1.79666
FILLER_0_138_102, 47.44, 383.52, 1.79666
_12366_, 60.24, 383.52, 1.79661
_16832_, 60.24, 383.52, 1.79661
FILLER_0_138_128, 60.24, 383.52, 1.79661
_12241_, 73.04, 383.52, 1.79658
_13082_, 73.04, 383.52, 1.79658
_16785_, 73.04, 383.52, 1.79658
hold324, 73.04, 383.52, 1.79658
FILLER_0_137_143, 73.04, 383.52, 1.79658
FILLER_0_138_153, 73.04, 383.52, 1.79658
_16825_, 85.84, 383.52, 1.79656
hold103, 85.84, 383.52, 1.79656
FILLER_0_136_169, 85.84, 383.52, 1.79656
FILLER_0_137_169, 85.84, 383.52, 1.79656
_12336_, 98.64, 383.52, 1.79655
_12344_, 98.64, 383.52, 1.79655
_13166_, 98.64, 383.52, 1.79655
_16822_, 98.64, 383.52, 1.79655
FILLER_0_136_192, 98.64, 383.52, 1.79655
FILLER_0_138_205, 98.64, 383.52, 1.79655
_12335_, 111.44, 383.52, 1.79655
_13136_, 111.44, 383.52, 1.79655
_13139_, 111.44, 383.52, 1.79655
FILLER_0_136_218, 111.44, 383.52, 1.79655
FILLER_0_136_226, 111.44, 383.52, 1.79655
FILLER_0_137_234, 111.44, 383.52, 1.79655
_12341_, 124.24, 383.52, 1.79657
FILLER_0_136_253, 124.24, 383.52, 1.79657
FILLER_0_138_265, 124.24, 383.52, 1.79657
_12342_, 137.04, 383.52, 1.79658
_13155_, 137.04, 383.52, 1.79658
FILLER_0_137_277, 137.04, 383.52, 1.79658
_13140_, 149.84, 383.52, 1.7966
_13158_, 149.84, 383.52, 1.7966
_13167_, 149.84, 383.52, 1.7966
FILLER_0_136_304, 149.84, 383.52, 1.7966
FILLER_0_136_309, 149.84, 383.52, 1.7966
FILLER_0_137_307, 149.84, 383.52, 1.7966
_11743_, 162.64, 383.52, 1.79662
_11747_, 162.64, 383.52, 1.79662
_13235_, 162.64, 383.52, 1.79662
_13239_, 162.64, 383.52, 1.79662
_13240_, 162.64, 383.52, 1.79662
hold1080, 162.64, 383.52, 1.79662
FILLER_0_137_354, 162.64, 383.52, 1.79662
_11627_, 188.24, 383.52, 1.79657
_11740_, 188.24, 383.52, 1.79657
_11765_, 188.24, 383.52, 1.79657
_11903_, 188.24, 383.52, 1.79657
_12697_, 188.24, 383.52, 1.79657
_13012_, 188.24, 383.52, 1.79657
FILLER_0_137_400, 188.24, 383.52, 1.79657
_11563_, 201.04, 383.52, 1.7965
_11565_, 201.04, 383.52, 1.7965
_11742_, 201.04, 383.52, 1.7965
_16688_, 201.04, 383.52, 1.7965
FILLER_0_138_435, 201.04, 383.52, 1.7965
_16692_, 213.84, 383.52, 1.79645
FILLER_0_136_444, 213.84, 383.52, 1.79645
FILLER_0_137_466, 213.84, 383.52, 1.79645
_11689_, 226.64, 383.52, 1.7964
_11690_, 226.64, 383.52, 1.7964
_11715_, 226.64, 383.52, 1.7964
_11716_, 226.64, 383.52, 1.7964
_11718_, 226.64, 383.52, 1.7964
_11719_, 226.64, 383.52, 1.7964
_11731_, 226.64, 383.52, 1.7964
FILLER_0_137_491, 226.64, 383.52, 1.7964
_11722_, 239.44, 383.52, 1.79636
_11723_, 239.44, 383.52, 1.79636
_11724_, 239.44, 383.52, 1.79636
_11725_, 239.44, 383.52, 1.79636
_11726_, 239.44, 383.52, 1.79636
_11727_, 239.44, 383.52, 1.79636
_11729_, 239.44, 383.52, 1.79636
_11777_, 239.44, 383.52, 1.79636
FILLER_0_137_501, 239.44, 383.52, 1.79636
FILLER_0_137_511, 239.44, 383.52, 1.79636
FILLER_0_137_518, 239.44, 383.52, 1.79636
FILLER_0_138_509, 239.44, 383.52, 1.79636
_11644_, 252.24, 383.52, 1.79631
_11730_, 252.24, 383.52, 1.79631
_11786_, 252.24, 383.52, 1.79631
_11788_, 252.24, 383.52, 1.79631
wire87, 252.24, 383.52, 1.79631
FILLER_0_137_524, 252.24, 383.52, 1.79631
FILLER_0_137_530, 252.24, 383.52, 1.79631
FILLER_0_137_542, 252.24, 383.52, 1.79631
_11809_, 265.04, 383.52, 1.79627
_11837_, 265.04, 383.52, 1.79627
_11899_, 265.04, 383.52, 1.79627
FILLER_0_137_561, 265.04, 383.52, 1.79627
FILLER_0_138_570, 265.04, 383.52, 1.79627
_11810_, 277.84, 383.52, 1.79623
_11811_, 277.84, 383.52, 1.79623
_11896_, 277.84, 383.52, 1.79623
_15160_, 277.84, 383.52, 1.79623
_17623_, 277.84, 383.52, 1.79623
FILLER_0_137_579, 277.84, 383.52, 1.79623
FILLER_0_138_597, 277.84, 383.52, 1.79623
_15172_, 290.64, 383.52, 1.7962
_17629_, 290.64, 383.52, 1.7962
_14763_, 303.44, 383.52, 1.79618
_14764_, 303.44, 383.52, 1.79618
_14862_, 303.44, 383.52, 1.79618
_14930_, 303.44, 383.52, 1.79618
hold424, 303.44, 383.52, 1.79618
FILLER_0_136_641, 303.44, 383.52, 1.79618
FILLER_0_137_661, 303.44, 383.52, 1.79618
FILLER_0_138_653, 303.44, 383.52, 1.79618
_11146_, 316.24, 383.52, 1.79616
_11834_, 316.24, 383.52, 1.79616
_14851_, 316.24, 383.52, 1.79616
_14852_, 316.24, 383.52, 1.79616
_14853_, 316.24, 383.52, 1.79616
_15031_, 316.24, 383.52, 1.79616
_15075_, 316.24, 383.52, 1.79616
FILLER_0_138_676, 316.24, 383.52, 1.79616
_14823_, 341.84, 383.52, 1.79604
_14827_, 341.84, 383.52, 1.79604
_14837_, 341.84, 383.52, 1.79604
_14936_, 341.84, 383.52, 1.79604
FILLER_0_136_720, 341.84, 383.52, 1.79604
FILLER_0_137_720, 341.84, 383.52, 1.79604
_14798_, 354.64, 383.52, 1.79594
_14826_, 354.64, 383.52, 1.79594
FILLER_0_137_760, 354.64, 383.52, 1.79594
_14800_, 367.44, 383.52, 1.79584
_14819_, 367.44, 383.52, 1.79584
_14891_, 367.44, 383.52, 1.79584
_15078_, 367.44, 383.52, 1.79584
FILLER_0_136_779, 367.44, 383.52, 1.79584
FILLER_0_137_785, 367.44, 383.52, 1.79584
FILLER_0_138_794, 367.44, 383.52, 1.79584
_17611_, 380.24, 383.52, 1.79574
clkbuf_leaf_75_clk, 380.24, 383.52, 1.79574
FILLER_0_136_813, 380.24, 383.52, 1.79574
FILLER_0_138_821, 380.24, 383.52, 1.79574
_10646_, 393.04, 383.52, 1.79569
_11191_, 393.04, 383.52, 1.79569
_15035_, 393.04, 383.52, 1.79569
_17633_, 393.04, 383.52, 1.79569
FILLER_0_137_844, 393.04, 383.52, 1.79569
_13697_, 405.84, 383.52, 1.79564
_15188_, 405.84, 383.52, 1.79564
FILLER_0_136_869, 405.84, 383.52, 1.79564
FILLER_0_138_879, 405.84, 383.52, 1.79564
_13695_, 418.64, 383.52, 1.7956
_13699_, 418.64, 383.52, 1.7956
_17282_, 418.64, 383.52, 1.7956
_17284_, 418.64, 383.52, 1.7956
clkbuf_leaf_117_clk, 418.64, 383.52, 1.7956
FILLER_0_137_888, 418.64, 383.52, 1.7956
FILLER_0_137_897, 418.64, 383.52, 1.7956
FILLER_0_138_899, 418.64, 383.52, 1.7956
_13346_, 431.44, 383.52, 1.79562
_13693_, 431.44, 383.52, 1.79562
_13694_, 431.44, 383.52, 1.79562
_17154_, 431.44, 383.52, 1.79562
FILLER_0_136_920, 431.44, 383.52, 1.79562
_13267_, 444.24, 383.52, 1.79564
_13272_, 444.24, 383.52, 1.79564
_13345_, 444.24, 383.52, 1.79564
hold981, 444.24, 383.52, 1.79564
ANTENNA_118, 444.24, 383.52, 1.79564
FILLER_0_137_944, 444.24, 383.52, 1.79564
FILLER_0_137_953, 444.24, 383.52, 1.79564
_12706_, 457.04, 383.52, 1.79567
_12707_, 457.04, 383.52, 1.79567
hold1172, 457.04, 383.52, 1.79567
FILLER_0_138_990, 457.04, 383.52, 1.79567
_12754_, 469.84, 383.52, 1.7957
_13268_, 469.84, 383.52, 1.7957
FILLER_0_136_1007, 469.84, 383.52, 1.7957
FILLER_0_137_1001, 469.84, 383.52, 1.7957
FILLER_0_137_1009, 469.84, 383.52, 1.7957
FILLER_0_137_1020, 469.84, 383.52, 1.7957
_17698_, 495.44, 383.52, 1.79569
hold743, 495.44, 383.52, 1.79569
FILLER_0_137_1065, 495.44, 383.52, 1.79569
_15370_, 508.24, 383.52, 1.79566
_17699_, 508.24, 383.52, 1.79566
hold442, 508.24, 383.52, 1.79566
FILLER_0_136_1087, 508.24, 383.52, 1.79566
FILLER_0_137_1087, 508.24, 383.52, 1.79566
_12623_, 521.04, 383.52, 1.79565
_12624_, 521.04, 383.52, 1.79565
_15371_, 521.04, 383.52, 1.79565
_16943_, 521.04, 383.52, 1.79565
_17715_, 521.04, 383.52, 1.79565
FILLER_0_137_1112, 521.04, 383.52, 1.79565
FILLER_0_137_1121, 521.04, 383.52, 1.79565
_12626_, 533.84, 383.52, 1.79565
_16944_, 533.84, 383.52, 1.79565
hold401, 533.84, 383.52, 1.79565
FILLER_0_136_1142, 533.84, 383.52, 1.79565
_15285_, 546.64, 383.52, 1.79565
_15445_, 546.64, 383.52, 1.79565
_17797_, 546.64, 383.52, 1.79565
FILLER_0_136_1168, 546.64, 383.52, 1.79565
FILLER_0_137_1177, 546.64, 383.52, 1.79565
_15624_, 559.44, 383.52, 1.79567
hold606, 559.44, 383.52, 1.79567
FILLER_0_137_1217, 559.44, 383.52, 1.79567
FILLER_0_138_1205, 559.44, 383.52, 1.79567
_15535_, 572.24, 383.52, 1.79569
_17763_, 572.24, 383.52, 1.79569
FILLER_0_137_1226, 572.24, 383.52, 1.79569
FILLER_0_136_1251, 585.04, 383.52, 1.79571
FILLER_0_137_1281, 597.84, 383.52, 1.79574
FILLER_0_136_1309, 610.64, 383.52, 1.79576
FILLER_0_137_1337, 623.44, 383.52, 1.79579
_16896_, 5.52, 378.08, 1.79667
PHY_268, 5.52, 378.08, 1.79667
PHY_270, 5.52, 378.08, 1.79667
_12512_, 13.68, 378.08, 1.79668
_12513_, 13.68, 378.08, 1.79668
_16895_, 13.68, 378.08, 1.79668
hold596, 13.68, 378.08, 1.79668
_09643_, 34.64, 378.08, 1.79659
_09698_, 34.64, 378.08, 1.79659
_16527_, 34.64, 378.08, 1.79659
_16543_, 34.64, 378.08, 1.79659
hold308, 34.64, 378.08, 1.79659
FILLER_0_135_50, 34.64, 378.08, 1.79659
FILLER_0_136_66, 34.64, 378.08, 1.79659
_09697_, 47.44, 378.08, 1.7965
_12548_, 47.44, 378.08, 1.7965
_13039_, 47.44, 378.08, 1.7965
FILLER_0_135_104, 47.44, 378.08, 1.7965
FILLER_0_136_99, 47.44, 378.08, 1.7965
_12364_, 60.24, 378.08, 1.79642
_12365_, 60.24, 378.08, 1.79642
_16831_, 60.24, 378.08, 1.79642
hold211, 60.24, 378.08, 1.79642
FILLER_0_136_125, 60.24, 378.08, 1.79642
_12191_, 73.04, 378.08, 1.79636
_12192_, 73.04, 378.08, 1.79636
_12240_, 73.04, 378.08, 1.79636
_16769_, 73.04, 378.08, 1.79636
hold142, 73.04, 378.08, 1.79636
FILLER_0_134_133, 73.04, 378.08, 1.79636
FILLER_0_135_145, 73.04, 378.08, 1.79636
_12345_, 85.84, 378.08, 1.7963
_12459_, 85.84, 378.08, 1.7963
FILLER_0_135_165, 85.84, 378.08, 1.7963
_09618_, 98.64, 378.08, 1.79624
_09619_, 98.64, 378.08, 1.79624
clkbuf_5_9__f_clk, 98.64, 378.08, 1.79624
FILLER_0_134_193, 98.64, 378.08, 1.79624
FILLER_0_135_193, 98.64, 378.08, 1.79624
FILLER_0_135_201, 98.64, 378.08, 1.79624
_09609_, 111.44, 378.08, 1.79628
_13135_, 111.44, 378.08, 1.79628
_12457_, 124.24, 378.08, 1.79633
_12458_, 124.24, 378.08, 1.79633
_16824_, 124.24, 378.08, 1.79633
hold191, 124.24, 378.08, 1.79633
hold274, 124.24, 378.08, 1.79633
FILLER_0_134_247, 124.24, 378.08, 1.79633
FILLER_0_136_261, 124.24, 378.08, 1.79633
_13157_, 137.04, 378.08, 1.79638
FILLER_0_135_274, 137.04, 378.08, 1.79638
_17112_, 149.84, 378.08, 1.79644
_11763_, 162.64, 378.08, 1.79651
_11795_, 162.64, 378.08, 1.79651
_13241_, 162.64, 378.08, 1.79651
_13242_, 162.64, 378.08, 1.79651
_13244_, 162.64, 378.08, 1.79651
hold870, 162.64, 378.08, 1.79651
FILLER_0_135_328, 162.64, 378.08, 1.79651
FILLER_0_135_345, 162.64, 378.08, 1.79651
_11684_, 188.24, 378.08, 1.79652
_16698_, 188.24, 378.08, 1.79652
FILLER_0_134_390, 188.24, 378.08, 1.79652
FILLER_0_135_388, 188.24, 378.08, 1.79652
FILLER_0_135_410, 188.24, 378.08, 1.79652
_11628_, 201.04, 378.08, 1.79646
_11713_, 201.04, 378.08, 1.79646
_11741_, 201.04, 378.08, 1.79646
_11767_, 201.04, 378.08, 1.79646
_11966_, 201.04, 378.08, 1.79646
FILLER_0_134_421, 201.04, 378.08, 1.79646
FILLER_0_135_428, 201.04, 378.08, 1.79646
FILLER_0_136_433, 201.04, 378.08, 1.79646
_11918_, 213.84, 378.08, 1.79641
_16697_, 213.84, 378.08, 1.79641
fanout93, 213.84, 378.08, 1.79641
FILLER_0_135_439, 213.84, 378.08, 1.79641
_11714_, 226.64, 378.08, 1.79638
_11760_, 226.64, 378.08, 1.79638
_14419_, 226.64, 378.08, 1.79638
FILLER_0_134_469, 226.64, 378.08, 1.79638
FILLER_0_136_490, 226.64, 378.08, 1.79638
_11761_, 239.44, 378.08, 1.79635
_11762_, 239.44, 378.08, 1.79635
FILLER_0_135_497, 239.44, 378.08, 1.79635
FILLER_0_136_522, 239.44, 378.08, 1.79635
_11751_, 252.24, 378.08, 1.79632
_11755_, 252.24, 378.08, 1.79632
_11756_, 252.24, 378.08, 1.79632
FILLER_0_134_533, 252.24, 378.08, 1.79632
FILLER_0_135_526, 252.24, 378.08, 1.79632
FILLER_0_135_539, 252.24, 378.08, 1.79632
FILLER_0_135_550, 252.24, 378.08, 1.79632
_11900_, 265.04, 378.08, 1.79629
_11909_, 265.04, 378.08, 1.79629
_11835_, 277.84, 378.08, 1.79626
_11895_, 277.84, 378.08, 1.79626
FILLER_0_135_597, 277.84, 378.08, 1.79626
FILLER_0_136_601, 277.84, 378.08, 1.79626
_10803_, 290.64, 378.08, 1.79623
_11519_, 290.64, 378.08, 1.79623
_15120_, 290.64, 378.08, 1.79623
FILLER_0_135_610, 290.64, 378.08, 1.79623
FILLER_0_136_633, 290.64, 378.08, 1.79623
_14926_, 303.44, 378.08, 1.7962
_14927_, 303.44, 378.08, 1.7962
FILLER_0_134_636, 303.44, 378.08, 1.7962
FILLER_0_134_645, 303.44, 378.08, 1.7962
FILLER_0_135_646, 303.44, 378.08, 1.7962
_14846_, 316.24, 378.08, 1.79618
_14854_, 316.24, 378.08, 1.79618
_14856_, 316.24, 378.08, 1.79618
_15124_, 316.24, 378.08, 1.79618
FILLER_0_135_669, 316.24, 378.08, 1.79618
FILLER_0_136_678, 316.24, 378.08, 1.79618
_14828_, 341.84, 378.08, 1.7961
_14836_, 341.84, 378.08, 1.7961
_14881_, 341.84, 378.08, 1.7961
_15098_, 341.84, 378.08, 1.7961
FILLER_0_135_724, 341.84, 378.08, 1.7961
FILLER_0_135_738, 341.84, 378.08, 1.7961
FILLER_0_136_736, 341.84, 378.08, 1.7961
_14795_, 354.64, 378.08, 1.79603
_14796_, 354.64, 378.08, 1.79603
_14822_, 354.64, 378.08, 1.79603
_14885_, 354.64, 378.08, 1.79603
FILLER_0_134_751, 354.64, 378.08, 1.79603
FILLER_0_135_762, 354.64, 378.08, 1.79603
_14821_, 367.44, 378.08, 1.79597
_14884_, 367.44, 378.08, 1.79597
_14890_, 367.44, 378.08, 1.79597
_14908_, 367.44, 378.08, 1.79597
FILLER_0_134_781, 367.44, 378.08, 1.79597
FILLER_0_135_777, 367.44, 378.08, 1.79597
FILLER_0_135_785, 367.44, 378.08, 1.79597
_10647_, 380.24, 378.08, 1.79591
_11187_, 380.24, 378.08, 1.79591
_15060_, 380.24, 378.08, 1.79591
_15079_, 380.24, 378.08, 1.79591
hold1192, 380.24, 378.08, 1.79591
FILLER_0_134_813, 380.24, 378.08, 1.79591
_15036_, 393.04, 378.08, 1.79586
_15051_, 393.04, 378.08, 1.79586
_15052_, 393.04, 378.08, 1.79586
_15057_, 393.04, 378.08, 1.79586
FILLER_0_135_833, 393.04, 378.08, 1.79586
FILLER_0_135_841, 393.04, 378.08, 1.79586
_13610_, 405.84, 378.08, 1.79581
_15056_, 405.84, 378.08, 1.79581
_17252_, 405.84, 378.08, 1.79581
hold943, 405.84, 378.08, 1.79581
FILLER_0_134_861, 405.84, 378.08, 1.79581
FILLER_0_135_863, 405.84, 378.08, 1.79581
FILLER_0_135_883, 405.84, 378.08, 1.79581
FILLER_0_136_877, 405.84, 378.08, 1.79581
_13388_, 418.64, 378.08, 1.79576
_13604_, 418.64, 378.08, 1.79576
_13698_, 418.64, 378.08, 1.79576
hold783, 418.64, 378.08, 1.79576
FILLER_0_134_895, 418.64, 378.08, 1.79576
_13386_, 431.44, 378.08, 1.79572
_17139_, 431.44, 378.08, 1.79572
_17170_, 431.44, 378.08, 1.79572
hold704, 431.44, 378.08, 1.79572
ANTENNA_123, 431.44, 378.08, 1.79572
FILLER_0_135_914, 431.44, 378.08, 1.79572
FILLER_0_135_928, 431.44, 378.08, 1.79572
_16979_, 444.24, 378.08, 1.79569
hold749, 444.24, 378.08, 1.79569
hold864, 444.24, 378.08, 1.79569
FILLER_0_136_959, 444.24, 378.08, 1.79569
_12715_, 457.04, 378.08, 1.79567
_16978_, 457.04, 378.08, 1.79567
_16981_, 457.04, 378.08, 1.79567
hold732, 457.04, 378.08, 1.79567
FILLER_0_134_972, 457.04, 378.08, 1.79567
FILLER_0_135_986, 457.04, 378.08, 1.79567
_10060_, 469.84, 378.08, 1.79567
_11984_, 469.84, 378.08, 1.79567
_12699_, 469.84, 378.08, 1.79567
_12700_, 469.84, 378.08, 1.79567
_13779_, 469.84, 378.08, 1.79567
hold928, 469.84, 378.08, 1.79567
_13522_, 495.44, 378.08, 1.79559
_13735_, 495.44, 378.08, 1.79559
_15368_, 495.44, 378.08, 1.79559
_15369_, 495.44, 378.08, 1.79559
clkbuf_leaf_111_clk, 495.44, 378.08, 1.79559
hold1156, 495.44, 378.08, 1.79559
FILLER_0_135_1055, 495.44, 378.08, 1.79559
FILLER_0_135_1065, 495.44, 378.08, 1.79559
FILLER_0_136_1066, 495.44, 378.08, 1.79559
hold477, 508.24, 378.08, 1.79554
FILLER_0_134_1082, 508.24, 378.08, 1.79554
FILLER_0_135_1106, 508.24, 378.08, 1.79554
FILLER_0_136_1101, 508.24, 378.08, 1.79554
_15407_, 521.04, 378.08, 1.7955
_15408_, 521.04, 378.08, 1.7955
_15441_, 521.04, 378.08, 1.7955
hold443, 521.04, 378.08, 1.7955
FILLER_0_134_1114, 521.04, 378.08, 1.7955
FILLER_0_135_1115, 521.04, 378.08, 1.7955
_10065_, 533.84, 378.08, 1.79546
_12625_, 533.84, 378.08, 1.79546
clkbuf_5_30__f_clk, 533.84, 378.08, 1.79546
FILLER_0_134_1145, 533.84, 378.08, 1.79546
FILLER_0_136_1161, 533.84, 378.08, 1.79546
_15619_, 546.64, 378.08, 1.79549
_15626_, 546.64, 378.08, 1.79549
_15627_, 546.64, 378.08, 1.79549
hold496, 546.64, 378.08, 1.79549
FILLER_0_135_1177, 546.64, 378.08, 1.79549
_15622_, 559.44, 378.08, 1.79552
_15623_, 559.44, 378.08, 1.79552
_17795_, 559.44, 378.08, 1.79552
hold659, 559.44, 378.08, 1.79552
FILLER_0_134_1195, 559.44, 378.08, 1.79552
_15534_, 572.24, 378.08, 1.79556
_15537_, 572.24, 378.08, 1.79556
hold465, 572.24, 378.08, 1.79556
hold726, 572.24, 378.08, 1.79556
FILLER_0_134_1222, 572.24, 378.08, 1.79556
FILLER_0_135_1277, 597.84, 378.08, 1.79565
FILLER_0_135_1285, 597.84, 378.08, 1.79565
FILLER_0_134_1309, 610.64, 378.08, 1.79569
FILLER_0_135_1337, 623.44, 378.08, 1.79573
_12514_, 5.52, 372.64, 1.79667
PHY_264, 5.52, 372.64, 1.79667
PHY_266, 5.52, 372.64, 1.79667
FILLER_0_134_3, 5.52, 372.64, 1.79667
FILLER_0_134_21, 13.68, 372.64, 1.79667
_09642_, 34.64, 372.64, 1.79658
_10198_, 34.64, 372.64, 1.79658
_13064_, 34.64, 372.64, 1.79658
FILLER_0_134_76, 34.64, 372.64, 1.79658
_12144_, 47.44, 372.64, 1.79649
_12145_, 47.44, 372.64, 1.79649
_12549_, 47.44, 372.64, 1.79649
_16911_, 47.44, 372.64, 1.79649
FILLER_0_134_94, 47.44, 372.64, 1.79649
_12363_, 60.24, 372.64, 1.79641
clkbuf_leaf_30_clk, 60.24, 372.64, 1.79641
hold208, 60.24, 372.64, 1.79641
FILLER_0_133_113, 60.24, 372.64, 1.79641
_12151_, 73.04, 372.64, 1.79638
_16753_, 73.04, 372.64, 1.79638
_16873_, 73.04, 372.64, 1.79638
_12460_, 85.84, 372.64, 1.79636
_13163_, 85.84, 372.64, 1.79636
hold185, 85.84, 372.64, 1.79636
FILLER_0_133_165, 85.84, 372.64, 1.79636
_12453_, 98.64, 372.64, 1.79635
_16521_, 98.64, 372.64, 1.79635
_16870_, 98.64, 372.64, 1.79635
hold314, 98.64, 372.64, 1.79635
FILLER_0_132_189, 98.64, 372.64, 1.79635
FILLER_0_132_197, 98.64, 372.64, 1.79635
_09610_, 111.44, 372.64, 1.79636
_16518_, 111.44, 372.64, 1.79636
hold192, 111.44, 372.64, 1.79636
_13154_, 124.24, 372.64, 1.79638
_16872_, 124.24, 372.64, 1.79638
FILLER_0_132_253, 124.24, 372.64, 1.79638
FILLER_0_133_251, 124.24, 372.64, 1.79638
FILLER_0_133_270, 124.24, 372.64, 1.79638
_09615_, 137.04, 372.64, 1.79641
_09616_, 137.04, 372.64, 1.79641
_16520_, 137.04, 372.64, 1.79641
hold323, 137.04, 372.64, 1.79641
_12420_, 149.84, 372.64, 1.79645
_12421_, 149.84, 372.64, 1.79645
_16856_, 149.84, 372.64, 1.79645
hold288, 149.84, 372.64, 1.79645
FILLER_0_133_325, 149.84, 372.64, 1.79645
_11817_, 162.64, 372.64, 1.7965
_16694_, 162.64, 372.64, 1.7965
FILLER_0_133_333, 162.64, 372.64, 1.7965
FILLER_0_133_349, 162.64, 372.64, 1.7965
_11821_, 188.24, 372.64, 1.79649
_11902_, 188.24, 372.64, 1.79649
_11904_, 188.24, 372.64, 1.79649
fanout92, 188.24, 372.64, 1.79649
_11710_, 201.04, 372.64, 1.79643
_11878_, 201.04, 372.64, 1.79643
_11967_, 201.04, 372.64, 1.79643
_16701_, 201.04, 372.64, 1.79643
FILLER_0_133_428, 201.04, 372.64, 1.79643
_13489_, 213.84, 372.64, 1.79639
_14421_, 226.64, 372.64, 1.79634
_14422_, 226.64, 372.64, 1.79634
_17445_, 226.64, 372.64, 1.79634
FILLER_0_132_473, 226.64, 372.64, 1.79634
_11676_, 239.44, 372.64, 1.7963
_11757_, 239.44, 372.64, 1.7963
_11758_, 239.44, 372.64, 1.7963
_11759_, 239.44, 372.64, 1.7963
_11792_, 239.44, 372.64, 1.7963
_11815_, 239.44, 372.64, 1.7963
FILLER_0_132_495, 239.44, 372.64, 1.7963
FILLER_0_133_511, 239.44, 372.64, 1.7963
_11794_, 252.24, 372.64, 1.79627
_11901_, 252.24, 372.64, 1.79627
FILLER_0_132_533, 252.24, 372.64, 1.79627
FILLER_0_134_547, 252.24, 372.64, 1.79627
_11813_, 265.04, 372.64, 1.79623
_11814_, 265.04, 372.64, 1.79623
_11897_, 265.04, 372.64, 1.79623
_11908_, 265.04, 372.64, 1.79623
FILLER_0_133_555, 265.04, 372.64, 1.79623
_11861_, 277.84, 372.64, 1.7962
_15126_, 277.84, 372.64, 1.7962
FILLER_0_132_584, 277.84, 372.64, 1.7962
FILLER_0_133_593, 277.84, 372.64, 1.7962
_14411_, 290.64, 372.64, 1.79617
_15059_, 290.64, 372.64, 1.79617
_15093_, 290.64, 372.64, 1.79617
_15099_, 290.64, 372.64, 1.79617
_15101_, 290.64, 372.64, 1.79617
FILLER_0_132_613, 290.64, 372.64, 1.79617
FILLER_0_133_617, 290.64, 372.64, 1.79617
_14863_, 303.44, 372.64, 1.79615
_14865_, 303.44, 372.64, 1.79615
_14939_, 303.44, 372.64, 1.79615
_15136_, 303.44, 372.64, 1.79615
FILLER_0_133_648, 303.44, 372.64, 1.79615
_14845_, 316.24, 372.64, 1.79613
_14847_, 316.24, 372.64, 1.79613
_15125_, 316.24, 372.64, 1.79613
FILLER_0_133_668, 316.24, 372.64, 1.79613
FILLER_0_133_689, 316.24, 372.64, 1.79613
_14882_, 341.84, 372.64, 1.79602
_14883_, 341.84, 372.64, 1.79602
FILLER_0_133_724, 341.84, 372.64, 1.79602
FILLER_0_133_740, 341.84, 372.64, 1.79602
_14886_, 354.64, 372.64, 1.79593
_14887_, 354.64, 372.64, 1.79593
FILLER_0_132_750, 354.64, 372.64, 1.79593
FILLER_0_132_757, 354.64, 372.64, 1.79593
FILLER_0_133_762, 354.64, 372.64, 1.79593
FILLER_0_133_770, 354.64, 372.64, 1.79593
_14909_, 367.44, 372.64, 1.79585
_14910_, 367.44, 372.64, 1.79585
_15053_, 367.44, 372.64, 1.79585
_15054_, 367.44, 372.64, 1.79585
_15084_, 367.44, 372.64, 1.79585
FILLER_0_133_778, 367.44, 372.64, 1.79585
FILLER_0_133_798, 367.44, 372.64, 1.79585
FILLER_0_134_796, 367.44, 372.64, 1.79585
_11008_, 380.24, 372.64, 1.79577
_11074_, 380.24, 372.64, 1.79577
_15038_, 380.24, 372.64, 1.79577
_15070_, 380.24, 372.64, 1.79577
_15083_, 380.24, 372.64, 1.79577
_17612_, 380.24, 372.64, 1.79577
FILLER_0_134_825, 380.24, 372.64, 1.79577
_10905_, 393.04, 372.64, 1.7957
_12044_, 393.04, 372.64, 1.7957
FILLER_0_132_838, 393.04, 372.64, 1.7957
_12964_, 405.84, 372.64, 1.79564
_12965_, 405.84, 372.64, 1.79564
_13609_, 405.84, 372.64, 1.79564
_17075_, 405.84, 372.64, 1.79564
_17171_, 405.84, 372.64, 1.79564
hold1127, 405.84, 372.64, 1.79564
ANTENNA_127, 405.84, 372.64, 1.79564
FILLER_0_132_859, 405.84, 372.64, 1.79564
FILLER_0_133_859, 405.84, 372.64, 1.79564
_12961_, 418.64, 372.64, 1.79559
_12962_, 418.64, 372.64, 1.79559
_13387_, 418.64, 372.64, 1.79559
_17074_, 418.64, 372.64, 1.79559
hold1073, 418.64, 372.64, 1.79559
FILLER_0_132_885, 418.64, 372.64, 1.79559
_13385_, 431.44, 372.64, 1.79555
FILLER_0_132_921, 431.44, 372.64, 1.79555
FILLER_0_133_916, 431.44, 372.64, 1.79555
_12708_, 444.24, 372.64, 1.79552
_12709_, 444.24, 372.64, 1.79552
_12711_, 444.24, 372.64, 1.79552
_13309_, 444.24, 372.64, 1.79552
_13310_, 444.24, 372.64, 1.79552
_12710_, 457.04, 372.64, 1.79548
_12714_, 457.04, 372.64, 1.79548
_13314_, 457.04, 372.64, 1.79548
clkbuf_2_3_0_clk, 457.04, 372.64, 1.79548
FILLER_0_133_980, 457.04, 372.64, 1.79548
FILLER_0_134_989, 457.04, 372.64, 1.79548
_10061_, 469.84, 372.64, 1.79554
_13308_, 469.84, 372.64, 1.79554
_16196_, 469.84, 372.64, 1.79554
_17138_, 469.84, 372.64, 1.79554
hold847, 469.84, 372.64, 1.79554
FILLER_0_132_999, 469.84, 372.64, 1.79554
FILLER_0_134_1022, 469.84, 372.64, 1.79554
_11061_, 495.44, 372.64, 1.79554
FILLER_0_132_1061, 495.44, 372.64, 1.79554
FILLER_0_133_1065, 495.44, 372.64, 1.79554
_08599_, 508.24, 372.64, 1.79548
_11446_, 508.24, 372.64, 1.79548
FILLER_0_133_1087, 508.24, 372.64, 1.79548
_08603_, 521.04, 372.64, 1.79541
_11450_, 521.04, 372.64, 1.79541
_15410_, 521.04, 372.64, 1.79541
_17716_, 521.04, 372.64, 1.79541
FILLER_0_133_1110, 521.04, 372.64, 1.79541
FILLER_0_133_1121, 521.04, 372.64, 1.79541
FILLER_0_134_1123, 521.04, 372.64, 1.79541
_15450_, 533.84, 372.64, 1.79536
_15451_, 533.84, 372.64, 1.79536
_17733_, 533.84, 372.64, 1.79536
clkbuf_leaf_112_clk, 533.84, 372.64, 1.79536
_15444_, 546.64, 372.64, 1.79536
_15447_, 546.64, 372.64, 1.79536
_15538_, 546.64, 372.64, 1.79536
_15539_, 546.64, 372.64, 1.79536
clkbuf_leaf_107_clk, 546.64, 372.64, 1.79536
FILLER_0_133_1169, 546.64, 372.64, 1.79536
FILLER_0_134_1178, 546.64, 372.64, 1.79536
_15533_, 559.44, 372.64, 1.79539
_17762_, 559.44, 372.64, 1.79539
hold464, 559.44, 372.64, 1.79539
FILLER_0_132_1196, 559.44, 372.64, 1.79539
FILLER_0_134_1205, 559.44, 372.64, 1.79539
FILLER_0_134_1216, 559.44, 372.64, 1.79539
_15536_, 572.24, 372.64, 1.79543
_15699_, 572.24, 372.64, 1.79543
_17764_, 572.24, 372.64, 1.79543
_17827_, 572.24, 372.64, 1.79543
FILLER_0_133_1233, 572.24, 372.64, 1.79543
FILLER_0_134_1239, 572.24, 372.64, 1.79543
_15701_, 585.04, 372.64, 1.79548
_17828_, 585.04, 372.64, 1.79548
hold992, 585.04, 372.64, 1.79548
FILLER_0_132_1257, 585.04, 372.64, 1.79548
hold1086, 597.84, 372.64, 1.79554
FILLER_0_133_1283, 597.84, 372.64, 1.79554
FILLER_0_132_1305, 610.64, 372.64, 1.79561
FILLER_0_132_1313, 610.64, 372.64, 1.79561
FILLER_0_133_1337, 623.44, 372.64, 1.79567
_12316_, 5.52, 367.2, 1.79669
_16816_, 5.52, 367.2, 1.79669
PHY_260, 5.52, 367.2, 1.79669
PHY_262, 5.52, 367.2, 1.79669
FILLER_0_131_3, 5.52, 367.2, 1.79669
_12314_, 13.68, 367.2, 1.7967
_12315_, 13.68, 367.2, 1.7967
hold360, 13.68, 367.2, 1.7967
FILLER_0_131_11, 13.68, 367.2, 1.7967
_09588_, 34.64, 367.2, 1.79663
_16750_, 34.64, 367.2, 1.79663
hold158, 34.64, 367.2, 1.79663
FILLER_0_131_65, 34.64, 367.2, 1.79663
_13023_, 47.44, 367.2, 1.79657
hold98, 47.44, 367.2, 1.79657
hold178, 60.24, 367.2, 1.79652
FILLER_0_131_113, 60.24, 367.2, 1.79652
FILLER_0_131_121, 60.24, 367.2, 1.79652
FILLER_0_131_132, 60.24, 367.2, 1.79652
_12150_, 73.04, 367.2, 1.79646
hold337, 73.04, 367.2, 1.79646
hold517, 73.04, 367.2, 1.79646
FILLER_0_130_137, 73.04, 367.2, 1.79646
FILLER_0_130_141, 73.04, 367.2, 1.79646
FILLER_0_131_160, 73.04, 367.2, 1.79646
_09720_, 85.84, 367.2, 1.79641
_12496_, 85.84, 367.2, 1.79641
hold347, 85.84, 367.2, 1.79641
_09719_, 98.64, 367.2, 1.79637
_12454_, 98.64, 367.2, 1.79637
_12491_, 98.64, 367.2, 1.79637
_16886_, 98.64, 367.2, 1.79637
FILLER_0_131_189, 98.64, 367.2, 1.79637
FILLER_0_131_197, 98.64, 367.2, 1.79637
FILLER_0_131_216, 98.64, 367.2, 1.79637
FILLER_0_132_208, 98.64, 367.2, 1.79637
_09607_, 111.44, 367.2, 1.79633
_09713_, 111.44, 367.2, 1.79633
_12333_, 111.44, 367.2, 1.79633
hold364, 111.44, 367.2, 1.79633
FILLER_0_130_225, 111.44, 367.2, 1.79633
FILLER_0_131_233, 111.44, 367.2, 1.79633
_12495_, 124.24, 367.2, 1.7963
_16888_, 124.24, 367.2, 1.7963
clkbuf_leaf_21_clk, 124.24, 367.2, 1.7963
hold263, 124.24, 367.2, 1.7963
FILLER_0_130_248, 124.24, 367.2, 1.7963
FILLER_0_130_256, 124.24, 367.2, 1.7963
_09614_, 137.04, 367.2, 1.79632
_09718_, 137.04, 367.2, 1.79632
_16552_, 137.04, 367.2, 1.79632
hold206, 137.04, 367.2, 1.79632
hold336, 137.04, 367.2, 1.79632
FILLER_0_132_293, 137.04, 367.2, 1.79632
_12383_, 149.84, 367.2, 1.79636
_16695_, 149.84, 367.2, 1.79636
_17113_, 149.84, 367.2, 1.79636
hold157, 149.84, 367.2, 1.79636
FILLER_0_130_309, 149.84, 367.2, 1.79636
FILLER_0_131_301, 149.84, 367.2, 1.79636
FILLER_0_132_318, 149.84, 367.2, 1.79636
_11816_, 162.64, 367.2, 1.79642
fanout94, 162.64, 367.2, 1.79642
FILLER_0_131_332, 162.64, 367.2, 1.79642
FILLER_0_131_349, 162.64, 367.2, 1.79642
_11873_, 188.24, 367.2, 1.79636
_11887_, 188.24, 367.2, 1.79636
_16696_, 188.24, 367.2, 1.79636
FILLER_0_130_384, 188.24, 367.2, 1.79636
FILLER_0_130_392, 188.24, 367.2, 1.79636
FILLER_0_131_393, 188.24, 367.2, 1.79636
_11877_, 201.04, 367.2, 1.79626
_11950_, 201.04, 367.2, 1.79626
_16700_, 201.04, 367.2, 1.79626
fanout91, 201.04, 367.2, 1.79626
clkbuf_leaf_14_clk, 201.04, 367.2, 1.79626
FILLER_0_130_417, 201.04, 367.2, 1.79626
FILLER_0_131_432, 201.04, 367.2, 1.79626
_13490_, 213.84, 367.2, 1.79622
_13491_, 213.84, 367.2, 1.79622
_13492_, 213.84, 367.2, 1.79622
_17208_, 213.84, 367.2, 1.79622
hold26, 213.84, 367.2, 1.79622
FILLER_0_131_444, 213.84, 367.2, 1.79622
FILLER_0_131_459, 213.84, 367.2, 1.79622
_14412_, 226.64, 367.2, 1.79619
_14420_, 226.64, 367.2, 1.79619
_17446_, 226.64, 367.2, 1.79619
FILLER_0_130_470, 226.64, 367.2, 1.79619
FILLER_0_132_485, 226.64, 367.2, 1.79619
_11793_, 239.44, 367.2, 1.79617
_11807_, 239.44, 367.2, 1.79617
FILLER_0_131_496, 239.44, 367.2, 1.79617
FILLER_0_131_517, 239.44, 367.2, 1.79617
FILLER_0_132_522, 239.44, 367.2, 1.79617
_11576_, 252.24, 367.2, 1.79615
_11629_, 252.24, 367.2, 1.79615
_11865_, 252.24, 367.2, 1.79615
_15081_, 252.24, 367.2, 1.79615
_15082_, 252.24, 367.2, 1.79615
_15085_, 252.24, 367.2, 1.79615
FILLER_0_130_533, 252.24, 367.2, 1.79615
FILLER_0_131_529, 252.24, 367.2, 1.79615
FILLER_0_131_549, 252.24, 367.2, 1.79615
_11812_, 265.04, 367.2, 1.79613
_11906_, 265.04, 367.2, 1.79613
_11911_, 265.04, 367.2, 1.79613
_11917_, 265.04, 367.2, 1.79613
FILLER_0_130_552, 265.04, 367.2, 1.79613
FILLER_0_131_557, 265.04, 367.2, 1.79613
FILLER_0_131_578, 265.04, 367.2, 1.79613
_11860_, 277.84, 367.2, 1.79612
_11862_, 277.84, 367.2, 1.79612
_11863_, 277.84, 367.2, 1.79612
_11864_, 277.84, 367.2, 1.79612
FILLER_0_131_603, 277.84, 367.2, 1.79612
_15094_, 290.64, 367.2, 1.79611
_15110_, 290.64, 367.2, 1.79611
_15138_, 290.64, 367.2, 1.79611
_15139_, 290.64, 367.2, 1.79611
_14766_, 303.44, 367.2, 1.7961
_15095_, 303.44, 367.2, 1.7961
_15096_, 303.44, 367.2, 1.7961
_15100_, 303.44, 367.2, 1.7961
_15137_, 303.44, 367.2, 1.7961
FILLER_0_130_637, 303.44, 367.2, 1.7961
FILLER_0_131_660, 303.44, 367.2, 1.7961
_14857_, 316.24, 367.2, 1.79609
_14913_, 316.24, 367.2, 1.79609
_15130_, 316.24, 367.2, 1.79609
_15131_, 316.24, 367.2, 1.79609
_15132_, 316.24, 367.2, 1.79609
FILLER_0_132_683, 316.24, 367.2, 1.79609
_14767_, 341.84, 367.2, 1.79601
_14888_, 341.84, 367.2, 1.79601
FILLER_0_131_722, 341.84, 367.2, 1.79601
FILLER_0_131_738, 341.84, 367.2, 1.79601
_14889_, 354.64, 367.2, 1.79594
_15088_, 354.64, 367.2, 1.79594
_15089_, 354.64, 367.2, 1.79594
_15090_, 354.64, 367.2, 1.79594
FILLER_0_130_749, 354.64, 367.2, 1.79594
FILLER_0_132_770, 354.64, 367.2, 1.79594
_14940_, 367.44, 367.2, 1.79586
_15024_, 367.44, 367.2, 1.79586
_15073_, 367.44, 367.2, 1.79586
_15086_, 367.44, 367.2, 1.79586
FILLER_0_131_776, 367.44, 367.2, 1.79586
FILLER_0_131_785, 367.44, 367.2, 1.79586
FILLER_0_132_795, 367.44, 367.2, 1.79586
hold27, 380.24, 367.2, 1.7958
hold28, 380.24, 367.2, 1.7958
FILLER_0_130_813, 380.24, 367.2, 1.7958
FILLER_0_131_812, 380.24, 367.2, 1.7958
_10559_, 393.04, 367.2, 1.79573
_17606_, 393.04, 367.2, 1.79573
_17607_, 393.04, 367.2, 1.79573
_13646_, 405.84, 367.2, 1.79568
FILLER_0_130_857, 405.84, 367.2, 1.79568
FILLER_0_130_865, 405.84, 367.2, 1.79568
_17077_, 418.64, 367.2, 1.79563
hold629, 418.64, 367.2, 1.79563
hold644, 418.64, 367.2, 1.79563
FILLER_0_131_887, 418.64, 367.2, 1.79563
_12914_, 431.44, 367.2, 1.79559
_12963_, 431.44, 367.2, 1.79559
_13391_, 431.44, 367.2, 1.79559
_17173_, 431.44, 367.2, 1.79559
FILLER_0_131_931, 431.44, 367.2, 1.79559
FILLER_0_131_939, 431.44, 367.2, 1.79559
_13311_, 444.24, 367.2, 1.79556
_13312_, 444.24, 367.2, 1.79556
_16980_, 444.24, 367.2, 1.79556
_17140_, 444.24, 367.2, 1.79556
hold718, 444.24, 367.2, 1.79556
FILLER_0_130_952, 444.24, 367.2, 1.79556
_12705_, 457.04, 367.2, 1.79555
_13313_, 457.04, 367.2, 1.79555
_17141_, 457.04, 367.2, 1.79555
clkbuf_leaf_118_clk, 457.04, 367.2, 1.79555
FILLER_0_131_969, 457.04, 367.2, 1.79555
_08463_, 469.84, 367.2, 1.79559
_12913_, 469.84, 367.2, 1.79559
_13307_, 469.84, 367.2, 1.79559
hold508, 469.84, 367.2, 1.79559
FILLER_0_131_1002, 469.84, 367.2, 1.79559
FILLER_0_131_1022, 469.84, 367.2, 1.79559
_08492_, 495.44, 367.2, 1.79559
_17700_, 495.44, 367.2, 1.79559
hold607, 495.44, 367.2, 1.79559
FILLER_0_131_1055, 495.44, 367.2, 1.79559
FILLER_0_131_1065, 495.44, 367.2, 1.79559
FILLER_0_131_1073, 495.44, 367.2, 1.79559
_15233_, 508.24, 367.2, 1.79555
_15406_, 508.24, 367.2, 1.79555
FILLER_0_130_1079, 508.24, 367.2, 1.79555
FILLER_0_131_1084, 508.24, 367.2, 1.79555
_15409_, 521.04, 367.2, 1.79552
hold543, 521.04, 367.2, 1.79552
hold548, 521.04, 367.2, 1.79552
_08657_, 533.84, 367.2, 1.79549
_10586_, 533.84, 367.2, 1.79549
FILLER_0_130_1141, 533.84, 367.2, 1.79549
_12628_, 546.64, 367.2, 1.79546
_15531_, 546.64, 367.2, 1.79546
_16945_, 546.64, 367.2, 1.79546
_17765_, 546.64, 367.2, 1.79546
hold468, 546.64, 367.2, 1.79546
FILLER_0_131_1168, 546.64, 367.2, 1.79546
_15532_, 559.44, 367.2, 1.79544
FILLER_0_130_1197, 559.44, 367.2, 1.79544
FILLER_0_132_1214, 559.44, 367.2, 1.79544
_15494_, 572.24, 367.2, 1.79543
_15498_, 572.24, 367.2, 1.79543
_15698_, 572.24, 367.2, 1.79543
clkbuf_leaf_106_clk, 572.24, 367.2, 1.79543
FILLER_0_131_1224, 572.24, 367.2, 1.79543
FILLER_0_131_1233, 572.24, 367.2, 1.79543
FILLER_0_131_1241, 572.24, 367.2, 1.79543
FILLER_0_132_1236, 572.24, 367.2, 1.79543
_15700_, 585.04, 367.2, 1.79545
clkbuf_leaf_101_clk, 585.04, 367.2, 1.79545
FILLER_0_130_1252, 585.04, 367.2, 1.79545
hold705, 597.84, 367.2, 1.79552
FILLER_0_131_1282, 597.84, 367.2, 1.79552
FILLER_0_130_1309, 610.64, 367.2, 1.79558
FILLER_0_131_1337, 623.44, 367.2, 1.79564
PHY_256, 5.52, 361.76, 1.79663
PHY_258, 5.52, 361.76, 1.79663
hold289, 13.68, 361.76, 1.79663
FILLER_0_129_15, 13.68, 361.76, 1.79663
_16848_, 34.64, 361.76, 1.79645
hold207, 34.64, 361.76, 1.79645
FILLER_0_128_62, 34.64, 361.76, 1.79645
FILLER_0_129_57, 34.64, 361.76, 1.79645
FILLER_0_129_76, 34.64, 361.76, 1.79645
FILLER_0_130_65, 34.64, 361.76, 1.79645
_12187_, 47.44, 361.76, 1.79628
_12583_, 47.44, 361.76, 1.79628
_12584_, 47.44, 361.76, 1.79628
_16766_, 47.44, 361.76, 1.79628
_16926_, 47.44, 361.76, 1.79628
clkbuf_5_8__f_clk, 47.44, 361.76, 1.79628
FILLER_0_130_97, 47.44, 361.76, 1.79628
_12182_, 60.24, 361.76, 1.79621
_12234_, 60.24, 361.76, 1.79621
_12235_, 60.24, 361.76, 1.79621
_16782_, 60.24, 361.76, 1.79621
hold148, 60.24, 361.76, 1.79621
_12589_, 73.04, 361.76, 1.79615
_12590_, 73.04, 361.76, 1.79615
_16889_, 73.04, 361.76, 1.79615
_16929_, 73.04, 361.76, 1.79615
clkbuf_leaf_26_clk, 73.04, 361.76, 1.79615
FILLER_0_128_135, 73.04, 361.76, 1.79615
_12343_, 85.84, 361.76, 1.79616
_12497_, 85.84, 361.76, 1.79616
_12533_, 85.84, 361.76, 1.79616
_16553_, 85.84, 361.76, 1.79616
FILLER_0_129_172, 85.84, 361.76, 1.79616
_09617_, 98.64, 361.76, 1.79617
_12490_, 98.64, 361.76, 1.79617
hold326, 98.64, 361.76, 1.79617
FILLER_0_128_192, 98.64, 361.76, 1.79617
FILLER_0_130_206, 98.64, 361.76, 1.79617
_12527_, 111.44, 361.76, 1.79619
_13134_, 111.44, 361.76, 1.79619
_16550_, 111.44, 361.76, 1.79619
hold321, 111.44, 361.76, 1.79619
FILLER_0_128_229, 111.44, 361.76, 1.79619
FILLER_0_129_221, 111.44, 361.76, 1.79619
_12340_, 124.24, 361.76, 1.79622
_12494_, 124.24, 361.76, 1.79622
FILLER_0_128_253, 124.24, 361.76, 1.79622
FILLER_0_129_263, 124.24, 361.76, 1.79622
FILLER_0_130_268, 124.24, 361.76, 1.79622
_09717_, 137.04, 361.76, 1.79626
_13153_, 137.04, 361.76, 1.79626
hold330, 137.04, 361.76, 1.79626
FILLER_0_129_274, 137.04, 361.76, 1.79626
_12384_, 149.84, 361.76, 1.79629
_16840_, 149.84, 361.76, 1.79629
_17098_, 149.84, 361.76, 1.79629
clkbuf_leaf_22_clk, 149.84, 361.76, 1.79629
FILLER_0_128_302, 149.84, 361.76, 1.79629
FILLER_0_129_316, 149.84, 361.76, 1.79629
_11768_, 162.64, 361.76, 1.79639
_11772_, 162.64, 361.76, 1.79639
_11773_, 162.64, 361.76, 1.79639
FILLER_0_129_337, 162.64, 361.76, 1.79639
_11874_, 188.24, 361.76, 1.79644
_11875_, 188.24, 361.76, 1.79644
_11886_, 188.24, 361.76, 1.79644
_11888_, 188.24, 361.76, 1.79644
_13011_, 188.24, 361.76, 1.79644
FILLER_0_129_393, 188.24, 361.76, 1.79644
FILLER_0_129_401, 188.24, 361.76, 1.79644
_11926_, 201.04, 361.76, 1.7964
FILLER_0_128_416, 201.04, 361.76, 1.7964
_17209_, 213.84, 361.76, 1.79635
hold18, 213.84, 361.76, 1.79635
hold19, 213.84, 361.76, 1.79635
FILLER_0_129_445, 213.84, 361.76, 1.79635
FILLER_0_129_449, 213.84, 361.76, 1.79635
_11805_, 226.64, 361.76, 1.79631
_14424_, 226.64, 361.76, 1.79631
_14425_, 226.64, 361.76, 1.79631
hold93, 226.64, 361.76, 1.79631
FILLER_0_128_473, 226.64, 361.76, 1.79631
FILLER_0_129_474, 226.64, 361.76, 1.79631
FILLER_0_129_485, 226.64, 361.76, 1.79631
_11825_, 239.44, 361.76, 1.79628
_11840_, 239.44, 361.76, 1.79628
FILLER_0_129_501, 239.44, 361.76, 1.79628
FILLER_0_129_505, 239.44, 361.76, 1.79628
_11539_, 252.24, 361.76, 1.79624
_15080_, 252.24, 361.76, 1.79624
max_cap88, 252.24, 361.76, 1.79624
FILLER_0_128_528, 252.24, 361.76, 1.79624
FILLER_0_129_540, 252.24, 361.76, 1.79624
_11839_, 265.04, 361.76, 1.79621
_11910_, 265.04, 361.76, 1.79621
_11930_, 265.04, 361.76, 1.79621
_11933_, 265.04, 361.76, 1.79621
FILLER_0_128_552, 265.04, 361.76, 1.79621
FILLER_0_128_560, 265.04, 361.76, 1.79621
FILLER_0_129_552, 265.04, 361.76, 1.79621
FILLER_0_129_573, 265.04, 361.76, 1.79621
FILLER_0_130_572, 265.04, 361.76, 1.79621
_11858_, 277.84, 361.76, 1.79617
_11859_, 277.84, 361.76, 1.79617
_15102_, 277.84, 361.76, 1.79617
FILLER_0_128_579, 277.84, 361.76, 1.79617
FILLER_0_128_589, 277.84, 361.76, 1.79617
_15087_, 290.64, 361.76, 1.79614
_15104_, 290.64, 361.76, 1.79614
_15157_, 290.64, 361.76, 1.79614
_15158_, 290.64, 361.76, 1.79614
FILLER_0_128_611, 290.64, 361.76, 1.79614
FILLER_0_129_613, 290.64, 361.76, 1.79614
FILLER_0_129_623, 290.64, 361.76, 1.79614
_14876_, 303.44, 361.76, 1.79611
_14877_, 303.44, 361.76, 1.79611
_15142_, 303.44, 361.76, 1.79611
_15144_, 303.44, 361.76, 1.79611
_15150_, 303.44, 361.76, 1.79611
FILLER_0_130_650, 303.44, 361.76, 1.79611
_14933_, 316.24, 361.76, 1.79608
_15143_, 316.24, 361.76, 1.79608
FILLER_0_129_673, 316.24, 361.76, 1.79608
_14938_, 341.84, 361.76, 1.79594
_15155_, 341.84, 361.76, 1.79594
_15156_, 341.84, 361.76, 1.79594
FILLER_0_129_718, 341.84, 361.76, 1.79594
FILLER_0_129_729, 341.84, 361.76, 1.79594
_14759_, 354.64, 361.76, 1.79583
_14929_, 354.64, 361.76, 1.79583
_14949_, 354.64, 361.76, 1.79583
FILLER_0_128_750, 354.64, 361.76, 1.79583
FILLER_0_129_750, 354.64, 361.76, 1.79583
FILLER_0_129_765, 354.64, 361.76, 1.79583
_14948_, 367.44, 361.76, 1.79572
_17613_, 367.44, 361.76, 1.79572
clkbuf_leaf_74_clk, 367.44, 361.76, 1.79572
FILLER_0_128_777, 367.44, 361.76, 1.79572
FILLER_0_129_779, 367.44, 361.76, 1.79572
FILLER_0_130_790, 367.44, 361.76, 1.79572
_10513_, 380.24, 361.76, 1.79566
_10558_, 380.24, 361.76, 1.79566
_11000_, 380.24, 361.76, 1.79566
_11464_, 380.24, 361.76, 1.79566
_17603_, 380.24, 361.76, 1.79566
FILLER_0_129_804, 380.24, 361.76, 1.79566
_13569_, 393.04, 361.76, 1.79562
FILLER_0_128_841, 393.04, 361.76, 1.79562
_13390_, 405.84, 361.76, 1.79557
_13568_, 405.84, 361.76, 1.79557
_17172_, 405.84, 361.76, 1.79557
clkbuf_leaf_122_clk, 405.84, 361.76, 1.79557
hold948, 405.84, 361.76, 1.79557
FILLER_0_130_882, 405.84, 361.76, 1.79557
_12969_, 418.64, 361.76, 1.79558
_12970_, 418.64, 361.76, 1.79558
_13389_, 418.64, 361.76, 1.79558
FILLER_0_129_897, 418.64, 361.76, 1.79558
_13392_, 431.44, 361.76, 1.79559
hold775, 431.44, 361.76, 1.79559
FILLER_0_129_913, 431.44, 361.76, 1.79559
FILLER_0_129_923, 431.44, 361.76, 1.79559
_12966_, 444.24, 361.76, 1.79561
_13306_, 444.24, 361.76, 1.79561
FILLER_0_129_943, 444.24, 361.76, 1.79561
FILLER_0_129_965, 444.24, 361.76, 1.79561
FILLER_0_130_962, 444.24, 361.76, 1.79561
_08591_, 457.04, 361.76, 1.79562
_11436_, 457.04, 361.76, 1.79562
FILLER_0_130_993, 457.04, 361.76, 1.79562
_11034_, 469.84, 361.76, 1.79564
FILLER_0_129_1009, 469.84, 361.76, 1.79564
_15372_, 495.44, 361.76, 1.79564
_15373_, 495.44, 361.76, 1.79564
FILLER_0_129_1056, 495.44, 361.76, 1.79564
FILLER_0_129_1077, 495.44, 361.76, 1.79564
_15232_, 508.24, 361.76, 1.79562
_15405_, 508.24, 361.76, 1.79562
_17714_, 508.24, 361.76, 1.79562
FILLER_0_129_1088, 508.24, 361.76, 1.79562
_08508_, 521.04, 361.76, 1.7956
_11069_, 521.04, 361.76, 1.7956
ANTENNA_75, 521.04, 361.76, 1.7956
FILLER_0_128_1119, 521.04, 361.76, 1.7956
FILLER_0_129_1114, 521.04, 361.76, 1.7956
_08513_, 533.84, 361.76, 1.7956
_12627_, 533.84, 361.76, 1.7956
hold340, 533.84, 361.76, 1.7956
FILLER_0_129_1154, 533.84, 361.76, 1.7956
_11155_, 546.64, 361.76, 1.79559
FILLER_0_128_1170, 546.64, 361.76, 1.79559
FILLER_0_129_1168, 546.64, 361.76, 1.79559
FILLER_0_129_1189, 546.64, 361.76, 1.79559
_11067_, 559.44, 361.76, 1.79558
_17748_, 559.44, 361.76, 1.79558
FILLER_0_128_1196, 559.44, 361.76, 1.79558
FILLER_0_129_1214, 559.44, 361.76, 1.79558
FILLER_0_130_1205, 559.44, 361.76, 1.79558
FILLER_0_130_1213, 559.44, 361.76, 1.79558
_15497_, 572.24, 361.76, 1.79559
_17746_, 572.24, 361.76, 1.79559
hold451, 572.24, 361.76, 1.79559
_15569_, 585.04, 361.76, 1.7956
_15570_, 585.04, 361.76, 1.7956
_17778_, 585.04, 361.76, 1.7956
FILLER_0_128_1254, 585.04, 361.76, 1.7956
FILLER_0_129_1258, 585.04, 361.76, 1.7956
_15490_, 597.84, 361.76, 1.79562
_17810_, 597.84, 361.76, 1.79562
FILLER_0_129_1274, 597.84, 361.76, 1.79562
hold997, 610.64, 361.76, 1.79565
FILLER_0_128_1303, 610.64, 361.76, 1.79565
FILLER_0_129_1337, 623.44, 361.76, 1.79568
FILLER_0_129_1357, 623.44, 361.76, 1.79568
_16815_, 5.52, 356.32, 1.79668
PHY_252, 5.52, 356.32, 1.79668
PHY_254, 5.52, 356.32, 1.79668
input22, 5.52, 356.32, 1.79668
FILLER_0_128_3, 5.52, 356.32, 1.79668
_12312_, 13.68, 356.32, 1.79668
_12313_, 13.68, 356.32, 1.79668
_16799_, 13.68, 356.32, 1.79668
FILLER_0_127_16, 13.68, 356.32, 1.79668
FILLER_0_128_23, 13.68, 356.32, 1.79668
_09585_, 34.64, 356.32, 1.79665
_09644_, 34.64, 356.32, 1.79665
_12401_, 34.64, 356.32, 1.79665
_12402_, 34.64, 356.32, 1.79665
_12403_, 34.64, 356.32, 1.79665
FILLER_0_126_60, 34.64, 356.32, 1.79665
_12148_, 47.44, 356.32, 1.79661
hold272, 47.44, 356.32, 1.79661
FILLER_0_127_105, 47.44, 356.32, 1.79661
FILLER_0_128_105, 47.44, 356.32, 1.79661
_12183_, 60.24, 356.32, 1.79657
_12189_, 60.24, 356.32, 1.79657
hold116, 60.24, 356.32, 1.79657
FILLER_0_127_113, 60.24, 356.32, 1.79657
_12238_, 73.04, 356.32, 1.79653
FILLER_0_127_158, 73.04, 356.32, 1.79653
_12534_, 85.84, 356.32, 1.7965
_13162_, 85.84, 356.32, 1.7965
hold259, 85.84, 356.32, 1.7965
FILLER_0_127_169, 85.84, 356.32, 1.7965
_12386_, 98.64, 356.32, 1.79647
_12528_, 98.64, 356.32, 1.79647
_16841_, 98.64, 356.32, 1.79647
_16902_, 98.64, 356.32, 1.79647
FILLER_0_126_202, 98.64, 356.32, 1.79647
_09714_, 111.44, 356.32, 1.79645
_16854_, 111.44, 356.32, 1.79645
hold302, 111.44, 356.32, 1.79645
hold368, 111.44, 356.32, 1.79645
FILLER_0_127_217, 111.44, 356.32, 1.79645
FILLER_0_127_233, 111.44, 356.32, 1.79645
_12531_, 124.24, 356.32, 1.79645
_12532_, 124.24, 356.32, 1.79645
_16838_, 124.24, 356.32, 1.79645
_16904_, 124.24, 356.32, 1.79645
FILLER_0_127_259, 124.24, 356.32, 1.79645
_12569_, 137.04, 356.32, 1.79647
hold285, 137.04, 356.32, 1.79647
FILLER_0_127_274, 137.04, 356.32, 1.79647
_12213_, 149.84, 356.32, 1.79649
FILLER_0_126_304, 149.84, 356.32, 1.79649
FILLER_0_126_309, 149.84, 356.32, 1.79649
FILLER_0_127_305, 149.84, 356.32, 1.79649
FILLER_0_127_326, 149.84, 356.32, 1.79649
_11769_, 162.64, 356.32, 1.79651
_11770_, 162.64, 356.32, 1.79651
FILLER_0_126_335, 162.64, 356.32, 1.79651
FILLER_0_126_341, 162.64, 356.32, 1.79651
FILLER_0_127_337, 162.64, 356.32, 1.79651
_10342_, 188.24, 356.32, 1.79647
_11925_, 188.24, 356.32, 1.79647
FILLER_0_126_389, 188.24, 356.32, 1.79647
FILLER_0_127_384, 188.24, 356.32, 1.79647
FILLER_0_127_393, 188.24, 356.32, 1.79647
FILLER_0_127_403, 188.24, 356.32, 1.79647
_11905_, 201.04, 356.32, 1.7964
_11948_, 201.04, 356.32, 1.7964
_11949_, 201.04, 356.32, 1.7964
_16699_, 201.04, 356.32, 1.7964
FILLER_0_126_417, 201.04, 356.32, 1.7964
_13487_, 213.84, 356.32, 1.79636
_13488_, 213.84, 356.32, 1.79636
_13497_, 213.84, 356.32, 1.79636
hold11, 213.84, 356.32, 1.79636
hold12, 213.84, 356.32, 1.79636
FILLER_0_126_442, 213.84, 356.32, 1.79636
FILLER_0_127_442, 213.84, 356.32, 1.79636
FILLER_0_128_465, 213.84, 356.32, 1.79636
_14428_, 226.64, 356.32, 1.79631
_17448_, 226.64, 356.32, 1.79631
FILLER_0_127_493, 226.64, 356.32, 1.79631
_11790_, 239.44, 356.32, 1.79628
_11791_, 239.44, 356.32, 1.79628
_11806_, 239.44, 356.32, 1.79628
_11823_, 239.44, 356.32, 1.79628
_11826_, 239.44, 356.32, 1.79628
FILLER_0_126_499, 239.44, 356.32, 1.79628
FILLER_0_127_518, 239.44, 356.32, 1.79628
_11832_, 252.24, 356.32, 1.79624
_11833_, 252.24, 356.32, 1.79624
_11855_, 252.24, 356.32, 1.79624
_11957_, 252.24, 356.32, 1.79624
_11958_, 252.24, 356.32, 1.79624
_11959_, 252.24, 356.32, 1.79624
FILLER_0_126_533, 252.24, 356.32, 1.79624
_11931_, 265.04, 356.32, 1.79621
_11932_, 265.04, 356.32, 1.79621
_11940_, 265.04, 356.32, 1.79621
FILLER_0_126_554, 265.04, 356.32, 1.79621
_11951_, 277.84, 356.32, 1.79618
_11953_, 277.84, 356.32, 1.79618
_15103_, 277.84, 356.32, 1.79618
hold2, 277.84, 356.32, 1.79618
FILLER_0_126_583, 277.84, 356.32, 1.79618
FILLER_0_126_589, 277.84, 356.32, 1.79618
FILLER_0_127_594, 277.84, 356.32, 1.79618
FILLER_0_128_603, 277.84, 356.32, 1.79618
_11952_, 290.64, 356.32, 1.79615
_15122_, 290.64, 356.32, 1.79615
_15128_, 290.64, 356.32, 1.79615
FILLER_0_126_618, 290.64, 356.32, 1.79615
FILLER_0_127_611, 290.64, 356.32, 1.79615
FILLER_0_127_617, 290.64, 356.32, 1.79615
_14875_, 303.44, 356.32, 1.79613
_14918_, 303.44, 356.32, 1.79613
_15174_, 303.44, 356.32, 1.79613
FILLER_0_126_636, 303.44, 356.32, 1.79613
FILLER_0_127_640, 303.44, 356.32, 1.79613
FILLER_0_127_659, 303.44, 356.32, 1.79613
_14864_, 316.24, 356.32, 1.7961
_14866_, 316.24, 356.32, 1.7961
_14917_, 316.24, 356.32, 1.7961
_14932_, 316.24, 356.32, 1.7961
_15148_, 316.24, 356.32, 1.7961
max_cap83, 316.24, 356.32, 1.7961
FILLER_0_127_667, 316.24, 356.32, 1.7961
_14779_, 341.84, 356.32, 1.79599
_14871_, 341.84, 356.32, 1.79599
_14922_, 341.84, 356.32, 1.79599
_14924_, 341.84, 356.32, 1.79599
_15154_, 341.84, 356.32, 1.79599
FILLER_0_126_724, 341.84, 356.32, 1.79599
FILLER_0_127_729, 341.84, 356.32, 1.79599
_14768_, 354.64, 356.32, 1.79591
_14873_, 354.64, 356.32, 1.79591
FILLER_0_128_769, 354.64, 356.32, 1.79591
_14947_, 367.44, 356.32, 1.79583
_17569_, 367.44, 356.32, 1.79583
FILLER_0_126_784, 367.44, 356.32, 1.79583
FILLER_0_127_773, 367.44, 356.32, 1.79583
FILLER_0_127_781, 367.44, 356.32, 1.79583
_10847_, 380.24, 356.32, 1.79578
_17628_, 380.24, 356.32, 1.79578
FILLER_0_126_813, 380.24, 356.32, 1.79578
_13571_, 393.04, 356.32, 1.79573
_17235_, 393.04, 356.32, 1.79573
_17236_, 393.04, 356.32, 1.79573
hold889, 393.04, 356.32, 1.79573
FILLER_0_126_841, 393.04, 356.32, 1.79573
FILLER_0_127_834, 393.04, 356.32, 1.79573
FILLER_0_128_849, 393.04, 356.32, 1.79573
_12967_, 405.84, 356.32, 1.79571
_12968_, 405.84, 356.32, 1.79571
_13649_, 405.84, 356.32, 1.79571
_17076_, 405.84, 356.32, 1.79571
hold740, 405.84, 356.32, 1.79571
FILLER_0_127_865, 405.84, 356.32, 1.79571
FILLER_0_128_878, 405.84, 356.32, 1.79571
_08367_, 418.64, 356.32, 1.79569
_08620_, 418.64, 356.32, 1.79569
_13384_, 418.64, 356.32, 1.79569
hold580, 418.64, 356.32, 1.79569
FILLER_0_126_885, 418.64, 356.32, 1.79569
FILLER_0_127_890, 418.64, 356.32, 1.79569
_11022_, 431.44, 356.32, 1.79567
FILLER_0_126_914, 431.44, 356.32, 1.79567
FILLER_0_126_925, 431.44, 356.32, 1.79567
_08460_, 444.24, 356.32, 1.79566
_08462_, 444.24, 356.32, 1.79566
_08644_, 444.24, 356.32, 1.79566
_14458_, 444.24, 356.32, 1.79566
_17457_, 444.24, 356.32, 1.79566
hold757, 444.24, 356.32, 1.79566
ANTENNA_71, 444.24, 356.32, 1.79566
FILLER_0_127_953, 444.24, 356.32, 1.79566
_08698_, 457.04, 356.32, 1.79566
_11438_, 457.04, 356.32, 1.79566
FILLER_0_126_971, 457.04, 356.32, 1.79566
FILLER_0_127_971, 457.04, 356.32, 1.79566
_11182_, 469.84, 356.32, 1.79566
FILLER_0_127_1021, 469.84, 356.32, 1.79566
_15375_, 495.44, 356.32, 1.79564
_17717_, 508.24, 356.32, 1.79562
hold602, 508.24, 356.32, 1.79562
FILLER_0_127_1081, 508.24, 356.32, 1.79562
FILLER_0_128_1105, 508.24, 356.32, 1.79562
_08511_, 521.04, 356.32, 1.7956
_08512_, 521.04, 356.32, 1.7956
_10585_, 521.04, 356.32, 1.7956
_12622_, 521.04, 356.32, 1.7956
_16942_, 521.04, 356.32, 1.7956
hold362, 521.04, 356.32, 1.7956
hold980, 521.04, 356.32, 1.7956
_08493_, 533.84, 356.32, 1.7956
_08505_, 533.84, 356.32, 1.7956
_08604_, 533.84, 356.32, 1.7956
_08654_, 533.84, 356.32, 1.7956
_08658_, 533.84, 356.32, 1.7956
_08710_, 533.84, 356.32, 1.7956
_08711_, 533.84, 356.32, 1.7956
FILLER_0_126_1145, 533.84, 356.32, 1.7956
FILLER_0_127_1148, 533.84, 356.32, 1.7956
_08712_, 546.64, 356.32, 1.7956
_11154_, 546.64, 356.32, 1.7956
FILLER_0_127_1177, 546.64, 356.32, 1.7956
_08520_, 559.44, 356.32, 1.79561
_08659_, 559.44, 356.32, 1.79561
FILLER_0_126_1196, 559.44, 356.32, 1.79561
FILLER_0_127_1208, 559.44, 356.32, 1.79561
_15493_, 572.24, 356.32, 1.79562
_15501_, 572.24, 356.32, 1.79562
FILLER_0_127_1233, 572.24, 356.32, 1.79562
FILLER_0_128_1238, 572.24, 356.32, 1.79562
_15578_, 585.04, 356.32, 1.79563
hold714, 585.04, 356.32, 1.79563
hold879, 585.04, 356.32, 1.79563
FILLER_0_126_1255, 585.04, 356.32, 1.79563
FILLER_0_127_1246, 585.04, 356.32, 1.79563
FILLER_0_128_1269, 585.04, 356.32, 1.79563
_15499_, 597.84, 356.32, 1.79564
_15576_, 597.84, 356.32, 1.79564
_15658_, 597.84, 356.32, 1.79564
_15659_, 597.84, 356.32, 1.79564
hold857, 597.84, 356.32, 1.79564
hold952, 597.84, 356.32, 1.79564
FILLER_0_127_1279, 597.84, 356.32, 1.79564
FILLER_0_128_1295, 597.84, 356.32, 1.79564
_15575_, 610.64, 356.32, 1.79566
_17780_, 610.64, 356.32, 1.79566
FILLER_0_126_1313, 610.64, 356.32, 1.79566
PHY_248, 5.52, 350.88, 1.79671
PHY_250, 5.52, 350.88, 1.79671
FILLER_0_126_3, 5.52, 350.88, 1.79671
_12311_, 13.68, 350.88, 1.79671
FILLER_0_126_25, 13.68, 350.88, 1.79671
_12400_, 34.64, 350.88, 1.79661
_16752_, 34.64, 350.88, 1.79661
hold219, 34.64, 350.88, 1.79661
_12588_, 47.44, 350.88, 1.79653
_13065_, 47.44, 350.88, 1.79653
_16928_, 47.44, 350.88, 1.79653
hold244, 47.44, 350.88, 1.79653
hold262, 47.44, 350.88, 1.79653
FILLER_0_124_85, 47.44, 350.88, 1.79653
_12188_, 60.24, 350.88, 1.79646
_16768_, 60.24, 350.88, 1.79646
FILLER_0_125_113, 60.24, 350.88, 1.79646
FILLER_0_125_132, 60.24, 350.88, 1.79646
_12237_, 73.04, 350.88, 1.7964
_12239_, 73.04, 350.88, 1.7964
_16784_, 73.04, 350.88, 1.7964
_16905_, 73.04, 350.88, 1.7964
hold202, 73.04, 350.88, 1.7964
FILLER_0_124_136, 73.04, 350.88, 1.7964
FILLER_0_124_141, 73.04, 350.88, 1.7964
hold319, 85.84, 350.88, 1.79635
FILLER_0_124_171, 85.84, 350.88, 1.79635
FILLER_0_125_169, 85.84, 350.88, 1.79635
FILLER_0_126_188, 85.84, 350.88, 1.79635
_12385_, 98.64, 350.88, 1.79631
_12423_, 98.64, 350.88, 1.79631
clkbuf_leaf_25_clk, 98.64, 350.88, 1.79631
hold261, 98.64, 350.88, 1.79631
FILLER_0_125_213, 98.64, 350.88, 1.79631
_12207_, 111.44, 350.88, 1.79632
_12379_, 111.44, 350.88, 1.79632
_12416_, 111.44, 350.88, 1.79632
_12417_, 111.44, 350.88, 1.79632
FILLER_0_124_227, 111.44, 350.88, 1.79632
FILLER_0_125_221, 111.44, 350.88, 1.79632
FILLER_0_125_225, 111.44, 350.88, 1.79632
FILLER_0_125_240, 111.44, 350.88, 1.79632
_12380_, 124.24, 350.88, 1.79634
_16536_, 124.24, 350.88, 1.79634
hold338, 124.24, 350.88, 1.79634
_09670_, 137.04, 350.88, 1.79636
_09672_, 137.04, 350.88, 1.79636
_12568_, 137.04, 350.88, 1.79636
_16920_, 137.04, 350.88, 1.79636
hold315, 137.04, 350.88, 1.79636
_12214_, 149.84, 350.88, 1.79639
_12215_, 149.84, 350.88, 1.79639
_16776_, 149.84, 350.88, 1.79639
_17114_, 149.84, 350.88, 1.79639
hold120, 149.84, 350.88, 1.79639
_11800_, 162.64, 350.88, 1.79645
_11801_, 162.64, 350.88, 1.79645
_13245_, 162.64, 350.88, 1.79645
hold1011, 162.64, 350.88, 1.79645
FILLER_0_125_345, 162.64, 350.88, 1.79645
_11885_, 188.24, 350.88, 1.79645
_11924_, 188.24, 350.88, 1.79645
_11929_, 201.04, 350.88, 1.79639
_11947_, 201.04, 350.88, 1.79639
_11965_, 201.04, 350.88, 1.79639
_13261_, 201.04, 350.88, 1.79639
_13496_, 201.04, 350.88, 1.79639
FILLER_0_124_416, 201.04, 350.88, 1.79639
FILLER_0_124_421, 201.04, 350.88, 1.79639
FILLER_0_125_426, 201.04, 350.88, 1.79639
FILLER_0_126_432, 201.04, 350.88, 1.79639
_13494_, 213.84, 350.88, 1.79634
_13495_, 213.84, 350.88, 1.79634
_17211_, 213.84, 350.88, 1.79634
hold15, 213.84, 350.88, 1.79634
FILLER_0_124_444, 213.84, 350.88, 1.79634
FILLER_0_124_452, 213.84, 350.88, 1.79634
FILLER_0_125_459, 213.84, 350.88, 1.79634
_14426_, 226.64, 350.88, 1.7963
_14427_, 226.64, 350.88, 1.7963
_14429_, 226.64, 350.88, 1.7963
FILLER_0_124_477, 226.64, 350.88, 1.7963
FILLER_0_125_471, 226.64, 350.88, 1.7963
_11789_, 239.44, 350.88, 1.79626
_11827_, 239.44, 350.88, 1.79626
_11856_, 239.44, 350.88, 1.79626
_11857_, 239.44, 350.88, 1.79626
FILLER_0_124_496, 239.44, 350.88, 1.79626
FILLER_0_125_498, 239.44, 350.88, 1.79626
FILLER_0_125_517, 239.44, 350.88, 1.79626
FILLER_0_126_513, 239.44, 350.88, 1.79626
_11831_, 252.24, 350.88, 1.79623
_11954_, 252.24, 350.88, 1.79623
_11956_, 252.24, 350.88, 1.79623
FILLER_0_124_533, 252.24, 350.88, 1.79623
_11907_, 265.04, 350.88, 1.79619
_11939_, 265.04, 350.88, 1.79619
FILLER_0_125_561, 265.04, 350.88, 1.79619
_15121_, 277.84, 350.88, 1.79615
_15127_, 277.84, 350.88, 1.79615
_15173_, 277.84, 350.88, 1.79615
FILLER_0_124_581, 277.84, 350.88, 1.79615
FILLER_0_126_603, 277.84, 350.88, 1.79615
_15105_, 290.64, 350.88, 1.79612
_17615_, 290.64, 350.88, 1.79612
hold84, 290.64, 350.88, 1.79612
FILLER_0_125_608, 290.64, 350.88, 1.79612
FILLER_0_125_617, 290.64, 350.88, 1.79612
_14858_, 303.44, 350.88, 1.79609
_14919_, 303.44, 350.88, 1.79609
_14784_, 316.24, 350.88, 1.79607
_14790_, 316.24, 350.88, 1.79607
_14869_, 316.24, 350.88, 1.79607
_14914_, 316.24, 350.88, 1.79607
wire82, 316.24, 350.88, 1.79607
wire84, 316.24, 350.88, 1.79607
FILLER_0_125_689, 316.24, 350.88, 1.79607
_14870_, 341.84, 350.88, 1.79593
_14921_, 341.84, 350.88, 1.79593
_15215_, 341.84, 350.88, 1.79593
FILLER_0_125_724, 341.84, 350.88, 1.79593
FILLER_0_126_745, 341.84, 350.88, 1.79593
_10514_, 354.64, 350.88, 1.79582
_14874_, 354.64, 350.88, 1.79582
_17568_, 354.64, 350.88, 1.79582
ANTENNA_1, 354.64, 350.88, 1.79582
FILLER_0_124_752, 354.64, 350.88, 1.79582
FILLER_0_124_757, 354.64, 350.88, 1.79582
FILLER_0_126_769, 354.64, 350.88, 1.79582
_10848_, 367.44, 350.88, 1.79572
_15114_, 367.44, 350.88, 1.79572
_17605_, 367.44, 350.88, 1.79572
ANTENNA_199, 367.44, 350.88, 1.79572
FILLER_0_124_778, 367.44, 350.88, 1.79572
FILLER_0_125_776, 367.44, 350.88, 1.79572
FILLER_0_126_792, 367.44, 350.88, 1.79572
_13650_, 380.24, 350.88, 1.79563
_13651_, 380.24, 350.88, 1.79563
_17268_, 380.24, 350.88, 1.79563
FILLER_0_124_806, 380.24, 350.88, 1.79563
FILLER_0_124_813, 380.24, 350.88, 1.79563
FILLER_0_125_812, 380.24, 350.88, 1.79563
_13570_, 393.04, 350.88, 1.79555
_17237_, 393.04, 350.88, 1.79555
hold1102, 393.04, 350.88, 1.79555
FILLER_0_125_832, 393.04, 350.88, 1.79555
FILLER_0_125_853, 393.04, 350.88, 1.79555
FILLER_0_126_856, 393.04, 350.88, 1.79555
clkbuf_5_25__f_clk, 405.84, 350.88, 1.79548
FILLER_0_124_864, 405.84, 350.88, 1.79548
FILLER_0_125_861, 405.84, 350.88, 1.79548
FILLER_0_125_884, 405.84, 350.88, 1.79548
_08674_, 418.64, 350.88, 1.79549
_12926_, 418.64, 350.88, 1.79549
_12960_, 418.64, 350.88, 1.79549
FILLER_0_125_897, 418.64, 350.88, 1.79549
_11171_, 431.44, 350.88, 1.7955
_11172_, 431.44, 350.88, 1.7955
_14457_, 431.44, 350.88, 1.7955
FILLER_0_124_915, 431.44, 350.88, 1.7955
_10640_, 444.24, 350.88, 1.79552
_10643_, 444.24, 350.88, 1.79552
ANTENNA_96, 444.24, 350.88, 1.79552
FILLER_0_124_946, 444.24, 350.88, 1.79552
FILLER_0_125_945, 444.24, 350.88, 1.79552
_17458_, 457.04, 350.88, 1.79554
FILLER_0_124_974, 457.04, 350.88, 1.79554
FILLER_0_125_978, 457.04, 350.88, 1.79554
_11181_, 469.84, 350.88, 1.79556
_11183_, 469.84, 350.88, 1.79556
hold398, 469.84, 350.88, 1.79556
FILLER_0_125_1009, 469.84, 350.88, 1.79556
FILLER_0_125_1021, 469.84, 350.88, 1.79556
_08653_, 495.44, 350.88, 1.79551
_17701_, 495.44, 350.88, 1.79551
clkbuf_leaf_110_clk, 495.44, 350.88, 1.79551
FILLER_0_125_1060, 495.44, 350.88, 1.79551
_15367_, 508.24, 350.88, 1.79547
_15374_, 508.24, 350.88, 1.79547
_15404_, 508.24, 350.88, 1.79547
_15411_, 508.24, 350.88, 1.79547
_15412_, 508.24, 350.88, 1.79547
FILLER_0_124_1083, 508.24, 350.88, 1.79547
FILLER_0_126_1096, 508.24, 350.88, 1.79547
FILLER_0_126_1103, 508.24, 350.88, 1.79547
_12621_, 521.04, 350.88, 1.79544
FILLER_0_124_1118, 521.04, 350.88, 1.79544
FILLER_0_125_1117, 521.04, 350.88, 1.79544
FILLER_0_125_1130, 521.04, 350.88, 1.79544
FILLER_0_126_1132, 521.04, 350.88, 1.79544
_08524_, 533.84, 350.88, 1.79541
_08600_, 533.84, 350.88, 1.79541
_08661_, 533.84, 350.88, 1.79541
FILLER_0_124_1138, 533.84, 350.88, 1.79541
FILLER_0_125_1142, 533.84, 350.88, 1.79541
_08523_, 546.64, 350.88, 1.79538
_08606_, 546.64, 350.88, 1.79538
_08660_, 546.64, 350.88, 1.79538
FILLER_0_125_1163, 546.64, 350.88, 1.79538
_08517_, 559.44, 350.88, 1.79535
_10588_, 559.44, 350.88, 1.79535
FILLER_0_124_1198, 559.44, 350.88, 1.79535
FILLER_0_125_1213, 559.44, 350.88, 1.79535
_15496_, 572.24, 350.88, 1.79533
_17747_, 572.24, 350.88, 1.79533
_17749_, 572.24, 350.88, 1.79533
clkbuf_5_31__f_clk, 572.24, 350.88, 1.79533
FILLER_0_125_1224, 572.24, 350.88, 1.79533
_15500_, 585.04, 350.88, 1.79538
_15577_, 585.04, 350.88, 1.79538
_17781_, 585.04, 350.88, 1.79538
hold916, 585.04, 350.88, 1.79538
FILLER_0_125_1273, 585.04, 350.88, 1.79538
_15664_, 597.84, 350.88, 1.79544
_15665_, 597.84, 350.88, 1.79544
_17813_, 597.84, 350.88, 1.79544
FILLER_0_124_1277, 597.84, 350.88, 1.79544
FILLER_0_126_1294, 597.84, 350.88, 1.79544
_15572_, 610.64, 350.88, 1.79551
_15573_, 610.64, 350.88, 1.79551
hold1153, 610.64, 350.88, 1.79551
FILLER_0_125_1305, 610.64, 350.88, 1.79551
FILLER_0_125_1334, 623.44, 350.88, 1.79558
PHY_244, 5.52, 345.44, 1.79673
PHY_246, 5.52, 345.44, 1.79673
_09641_, 34.64, 345.44, 1.79664
_12149_, 34.64, 345.44, 1.79664
FILLER_0_122_53, 34.64, 345.44, 1.79664
FILLER_0_123_51, 34.64, 345.44, 1.79664
FILLER_0_124_65, 34.64, 345.44, 1.79664
FILLER_0_124_75, 34.64, 345.44, 1.79664
_12587_, 47.44, 345.44, 1.79656
hold165, 47.44, 345.44, 1.79656
hold210, 47.44, 345.44, 1.79656
FILLER_0_123_93, 47.44, 345.44, 1.79656
_16783_, 60.24, 345.44, 1.79647
hold111, 60.24, 345.44, 1.79647
FILLER_0_123_109, 60.24, 345.44, 1.79647
FILLER_0_123_113, 60.24, 345.44, 1.79647
_09675_, 73.04, 345.44, 1.7964
_12143_, 73.04, 345.44, 1.7964
_12181_, 73.04, 345.44, 1.7964
_12233_, 73.04, 345.44, 1.7964
_16537_, 73.04, 345.44, 1.7964
clkbuf_leaf_27_clk, 73.04, 345.44, 1.7964
FILLER_0_123_150, 73.04, 345.44, 1.7964
_09674_, 85.84, 345.44, 1.79637
_12570_, 85.84, 345.44, 1.79637
_12571_, 85.84, 345.44, 1.79637
_16921_, 85.84, 345.44, 1.79637
hold113, 85.84, 345.44, 1.79637
FILLER_0_122_161, 85.84, 345.44, 1.79637
FILLER_0_123_163, 85.84, 345.44, 1.79637
FILLER_0_123_178, 85.84, 345.44, 1.79637
_12422_, 98.64, 345.44, 1.79636
_16857_, 98.64, 345.44, 1.79636
hold444, 98.64, 345.44, 1.79636
FILLER_0_123_193, 98.64, 345.44, 1.79636
FILLER_0_123_215, 98.64, 345.44, 1.79636
_09665_, 111.44, 345.44, 1.79636
_09666_, 111.44, 345.44, 1.79636
_16534_, 111.44, 345.44, 1.79636
_16918_, 111.44, 345.44, 1.79636
hold388, 111.44, 345.44, 1.79636
FILLER_0_123_234, 111.44, 345.44, 1.79636
_09671_, 124.24, 345.44, 1.79638
hold372, 124.24, 345.44, 1.79638
FILLER_0_122_253, 124.24, 345.44, 1.79638
_13156_, 137.04, 345.44, 1.7964
hold264, 137.04, 345.44, 1.7964
FILLER_0_123_276, 137.04, 345.44, 1.7964
FILLER_0_123_281, 137.04, 345.44, 1.7964
_12256_, 149.84, 345.44, 1.79642
_17115_, 149.84, 345.44, 1.79642
FILLER_0_122_304, 149.84, 345.44, 1.79642
_11844_, 162.64, 345.44, 1.79645
_13238_, 162.64, 345.44, 1.79645
_13243_, 162.64, 345.44, 1.79645
_13248_, 162.64, 345.44, 1.79645
FILLER_0_123_337, 162.64, 345.44, 1.79645
FILLER_0_123_348, 162.64, 345.44, 1.79645
_11871_, 188.24, 345.44, 1.7964
_11872_, 188.24, 345.44, 1.7964
_11927_, 188.24, 345.44, 1.7964
_11928_, 188.24, 345.44, 1.7964
_11964_, 188.24, 345.44, 1.7964
_13259_, 188.24, 345.44, 1.7964
FILLER_0_122_390, 188.24, 345.44, 1.7964
FILLER_0_123_405, 188.24, 345.44, 1.7964
FILLER_0_124_401, 188.24, 345.44, 1.7964
_13262_, 201.04, 345.44, 1.79632
_13264_, 201.04, 345.44, 1.79632
FILLER_0_122_417, 201.04, 345.44, 1.79632
FILLER_0_122_421, 201.04, 345.44, 1.79632
FILLER_0_123_418, 201.04, 345.44, 1.79632
_13493_, 213.84, 345.44, 1.79624
_17210_, 213.84, 345.44, 1.79624
hold102, 213.84, 345.44, 1.79624
FILLER_0_123_444, 213.84, 345.44, 1.79624
FILLER_0_123_449, 213.84, 345.44, 1.79624
clkbuf_leaf_10_clk, 226.64, 345.44, 1.79616
hold80, 226.64, 345.44, 1.79616
FILLER_0_122_477, 226.64, 345.44, 1.79616
FILLER_0_123_468, 226.64, 345.44, 1.79616
FILLER_0_123_476, 226.64, 345.44, 1.79616
FILLER_0_124_488, 226.64, 345.44, 1.79616
_11824_, 239.44, 345.44, 1.79613
_11854_, 239.44, 345.44, 1.79613
_11892_, 239.44, 345.44, 1.79613
_11893_, 239.44, 345.44, 1.79613
hold79, 239.44, 345.44, 1.79613
FILLER_0_123_499, 239.44, 345.44, 1.79613
_11828_, 252.24, 345.44, 1.79611
_11935_, 252.24, 345.44, 1.79611
_11955_, 252.24, 345.44, 1.79611
_15113_, 252.24, 345.44, 1.79611
_15134_, 252.24, 345.44, 1.79611
FILLER_0_122_529, 252.24, 345.44, 1.79611
FILLER_0_122_533, 252.24, 345.44, 1.79611
FILLER_0_123_529, 252.24, 345.44, 1.79611
_11934_, 265.04, 345.44, 1.79608
_11936_, 265.04, 345.44, 1.79608
_11938_, 265.04, 345.44, 1.79608
_14447_, 277.84, 345.44, 1.79606
_15092_, 277.84, 345.44, 1.79606
_15170_, 277.84, 345.44, 1.79606
_17454_, 277.84, 345.44, 1.79606
FILLER_0_123_600, 277.84, 345.44, 1.79606
_15123_, 290.64, 345.44, 1.79604
_17617_, 290.64, 345.44, 1.79604
hold55, 290.64, 345.44, 1.79604
_15145_, 303.44, 345.44, 1.79604
_15146_, 303.44, 345.44, 1.79604
_15147_, 303.44, 345.44, 1.79604
_15151_, 303.44, 345.44, 1.79604
_15152_, 303.44, 345.44, 1.79604
_15153_, 303.44, 345.44, 1.79604
hold34, 303.44, 345.44, 1.79604
FILLER_0_123_656, 303.44, 345.44, 1.79604
FILLER_0_124_657, 303.44, 345.44, 1.79604
_10658_, 316.24, 345.44, 1.79604
_11245_, 316.24, 345.44, 1.79604
_15133_, 316.24, 345.44, 1.79604
_15135_, 316.24, 345.44, 1.79604
hold45, 316.24, 345.44, 1.79604
FILLER_0_122_669, 316.24, 345.44, 1.79604
FILLER_0_122_675, 316.24, 345.44, 1.79604
FILLER_0_123_683, 316.24, 345.44, 1.79604
FILLER_0_124_680, 316.24, 345.44, 1.79604
_10515_, 341.84, 345.44, 1.79599
_10957_, 341.84, 345.44, 1.79599
hold31, 341.84, 345.44, 1.79599
FILLER_0_122_718, 341.84, 345.44, 1.79599
FILLER_0_122_729, 341.84, 345.44, 1.79599
FILLER_0_123_740, 341.84, 345.44, 1.79599
FILLER_0_124_737, 341.84, 345.44, 1.79599
FILLER_0_124_745, 341.84, 345.44, 1.79599
_11145_, 354.64, 345.44, 1.79593
_14872_, 354.64, 345.44, 1.79593
_15091_, 354.64, 345.44, 1.79593
_17614_, 354.64, 345.44, 1.79593
hold8, 354.64, 345.44, 1.79593
FILLER_0_122_757, 354.64, 345.44, 1.79593
FILLER_0_123_756, 354.64, 345.44, 1.79593
FILLER_0_124_764, 354.64, 345.44, 1.79593
_09767_, 367.44, 345.44, 1.79589
_11406_, 367.44, 345.44, 1.79589
_14942_, 367.44, 345.44, 1.79589
_14945_, 367.44, 345.44, 1.79589
FILLER_0_122_776, 367.44, 345.44, 1.79589
FILLER_0_123_797, 367.44, 345.44, 1.79589
FILLER_0_124_788, 367.44, 345.44, 1.79589
_13653_, 380.24, 345.44, 1.79585
_14943_, 380.24, 345.44, 1.79585
_14944_, 380.24, 345.44, 1.79585
_17269_, 380.24, 345.44, 1.79585
FILLER_0_123_807, 380.24, 345.44, 1.79585
FILLER_0_124_824, 380.24, 345.44, 1.79585
_13573_, 393.04, 345.44, 1.79582
_13574_, 393.04, 345.44, 1.79582
hold806, 393.04, 345.44, 1.79582
FILLER_0_123_833, 393.04, 345.44, 1.79582
_08622_, 405.84, 345.44, 1.79579
_08676_, 405.84, 345.44, 1.79579
_10619_, 405.84, 345.44, 1.79579
_10620_, 418.64, 345.44, 1.79576
FILLER_0_123_885, 418.64, 345.44, 1.79576
FILLER_0_123_893, 418.64, 345.44, 1.79576
_08368_, 431.44, 345.44, 1.79574
_11173_, 431.44, 345.44, 1.79574
FILLER_0_122_917, 431.44, 345.44, 1.79574
FILLER_0_122_925, 431.44, 345.44, 1.79574
FILLER_0_123_933, 431.44, 345.44, 1.79574
_10641_, 444.24, 345.44, 1.79571
_14994_, 444.24, 345.44, 1.79571
hold761, 444.24, 345.44, 1.79571
FILLER_0_122_946, 444.24, 345.44, 1.79571
FILLER_0_123_946, 444.24, 345.44, 1.79571
FILLER_0_123_953, 444.24, 345.44, 1.79571
_08700_, 457.04, 345.44, 1.7957
_14460_, 457.04, 345.44, 1.7957
_14461_, 457.04, 345.44, 1.7957
FILLER_0_122_976, 457.04, 345.44, 1.7957
FILLER_0_123_981, 457.04, 345.44, 1.7957
FILLER_0_124_994, 457.04, 345.44, 1.7957
_17474_, 469.84, 345.44, 1.79568
FILLER_0_122_1005, 469.84, 345.44, 1.79568
FILLER_0_123_1000, 469.84, 345.44, 1.79568
FILLER_0_123_1009, 469.84, 345.44, 1.79568
_16440_, 495.44, 345.44, 1.79563
_16441_, 495.44, 345.44, 1.79563
_18119_, 495.44, 345.44, 1.79563
hold598, 495.44, 345.44, 1.79563
FILLER_0_124_1073, 495.44, 345.44, 1.79563
_08706_, 508.24, 345.44, 1.79559
_10617_, 508.24, 345.44, 1.79559
_15243_, 508.24, 345.44, 1.79559
FILLER_0_122_1088, 508.24, 345.44, 1.79559
FILLER_0_124_1096, 508.24, 345.44, 1.79559
_11158_, 521.04, 345.44, 1.79556
_12620_, 521.04, 345.44, 1.79556
FILLER_0_123_1117, 521.04, 345.44, 1.79556
FILLER_0_123_1133, 521.04, 345.44, 1.79556
_08486_, 533.84, 345.44, 1.79554
_08607_, 533.84, 345.44, 1.79554
_08707_, 533.84, 345.44, 1.79554
FILLER_0_122_1141, 533.84, 345.44, 1.79554
FILLER_0_123_1155, 533.84, 345.44, 1.79554
FILLER_0_124_1157, 533.84, 345.44, 1.79554
_08519_, 546.64, 345.44, 1.79551
_08713_, 546.64, 345.44, 1.79551
_11156_, 546.64, 345.44, 1.79551
_18085_, 546.64, 345.44, 1.79551
FILLER_0_122_1170, 546.64, 345.44, 1.79551
FILLER_0_123_1169, 546.64, 345.44, 1.79551
FILLER_0_123_1177, 546.64, 345.44, 1.79551
FILLER_0_124_1182, 546.64, 345.44, 1.79551
_08605_, 559.44, 345.44, 1.7955
_11451_, 559.44, 345.44, 1.7955
hold449, 559.44, 345.44, 1.7955
ANTENNA_195, 559.44, 345.44, 1.7955
FILLER_0_122_1199, 559.44, 345.44, 1.7955
FILLER_0_123_1196, 559.44, 345.44, 1.7955
_15495_, 572.24, 345.44, 1.79549
_15781_, 572.24, 345.44, 1.79549
_17842_, 572.24, 345.44, 1.79549
hold455, 572.24, 345.44, 1.79549
FILLER_0_123_1233, 572.24, 345.44, 1.79549
_15736_, 585.04, 345.44, 1.7955
_15741_, 585.04, 345.44, 1.7955
_17845_, 585.04, 345.44, 1.7955
hold556, 585.04, 345.44, 1.7955
FILLER_0_122_1253, 585.04, 345.44, 1.7955
FILLER_0_124_1264, 585.04, 345.44, 1.7955
hold821, 597.84, 345.44, 1.79551
FILLER_0_122_1284, 597.84, 345.44, 1.79551
FILLER_0_123_1280, 597.84, 345.44, 1.79551
FILLER_0_123_1289, 597.84, 345.44, 1.79551
FILLER_0_124_1300, 597.84, 345.44, 1.79551
_15568_, 610.64, 345.44, 1.79552
_17779_, 610.64, 345.44, 1.79552
clkbuf_leaf_102_clk, 610.64, 345.44, 1.79552
FILLER_0_122_1310, 610.64, 345.44, 1.79552
FILLER_0_123_1303, 610.64, 345.44, 1.79552
PHY_240, 5.52, 340, 1.79677
PHY_242, 5.52, 340, 1.79677
_12146_, 34.64, 340, 1.79668
_12184_, 34.64, 340, 1.79668
_16751_, 34.64, 340, 1.79668
FILLER_0_121_51, 34.64, 340, 1.79668
_12585_, 47.44, 340, 1.79661
_12586_, 47.44, 340, 1.79661
_13052_, 47.44, 340, 1.79661
_16927_, 47.44, 340, 1.79661
FILLER_0_120_85, 47.44, 340, 1.79661
FILLER_0_121_104, 47.44, 340, 1.79661
_12185_, 60.24, 340, 1.79655
_12236_, 60.24, 340, 1.79655
_16767_, 60.24, 340, 1.79655
hold95, 60.24, 340, 1.79655
FILLER_0_122_132, 60.24, 340, 1.79655
_12582_, 73.04, 340, 1.7965
_16761_, 73.04, 340, 1.7965
FILLER_0_120_134, 73.04, 340, 1.7965
FILLER_0_121_142, 73.04, 340, 1.7965
_12161_, 85.84, 340, 1.79645
_12168_, 85.84, 340, 1.79645
_12169_, 85.84, 340, 1.79645
_13165_, 85.84, 340, 1.79645
_12251_, 98.64, 340, 1.79642
_12259_, 98.64, 340, 1.79642
_16793_, 98.64, 340, 1.79642
FILLER_0_120_189, 98.64, 340, 1.79642
FILLER_0_122_209, 98.64, 340, 1.79642
FILLER_0_122_216, 98.64, 340, 1.79642
_12162_, 111.44, 340, 1.79639
_12564_, 111.44, 340, 1.79639
_12565_, 111.44, 340, 1.79639
FILLER_0_122_235, 111.44, 340, 1.79639
_12167_, 124.24, 340, 1.79636
_16760_, 124.24, 340, 1.79636
hold177, 124.24, 340, 1.79636
FILLER_0_120_247, 124.24, 340, 1.79636
FILLER_0_120_253, 124.24, 340, 1.79636
FILLER_0_121_249, 124.24, 340, 1.79636
FILLER_0_122_266, 124.24, 340, 1.79636
_12605_, 137.04, 340, 1.79635
_12606_, 137.04, 340, 1.79635
_16936_, 137.04, 340, 1.79635
clkbuf_leaf_23_clk, 137.04, 340, 1.79635
FILLER_0_120_274, 137.04, 340, 1.79635
_12257_, 149.84, 340, 1.79639
_16792_, 149.84, 340, 1.79639
hold303, 149.84, 340, 1.79639
_11866_, 162.64, 340, 1.79644
_13253_, 162.64, 340, 1.79644
FILLER_0_121_337, 162.64, 340, 1.79644
FILLER_0_121_353, 162.64, 340, 1.79644
_11883_, 188.24, 340, 1.79642
_11884_, 188.24, 340, 1.79642
_11960_, 188.24, 340, 1.79642
_13249_, 188.24, 340, 1.79642
FILLER_0_120_394, 188.24, 340, 1.79642
FILLER_0_121_393, 188.24, 340, 1.79642
FILLER_0_122_409, 188.24, 340, 1.79642
_11962_, 201.04, 340, 1.79635
_11963_, 201.04, 340, 1.79635
_13265_, 201.04, 340, 1.79635
_17121_, 201.04, 340, 1.79635
_12694_, 213.84, 340, 1.79628
_13498_, 213.84, 340, 1.79628
_13504_, 213.84, 340, 1.79628
_13509_, 213.84, 340, 1.79628
_13511_, 213.84, 340, 1.79628
_13512_, 213.84, 340, 1.79628
FILLER_0_121_443, 213.84, 340, 1.79628
FILLER_0_121_454, 213.84, 340, 1.79628
_13510_, 226.64, 340, 1.79623
_14423_, 226.64, 340, 1.79623
_17217_, 226.64, 340, 1.79623
_17447_, 226.64, 340, 1.79623
FILLER_0_120_477, 226.64, 340, 1.79623
FILLER_0_121_473, 226.64, 340, 1.79623
_17449_, 239.44, 340, 1.79619
FILLER_0_121_496, 239.44, 340, 1.79619
FILLER_0_121_517, 239.44, 340, 1.79619
FILLER_0_122_521, 239.44, 340, 1.79619
_11830_, 252.24, 340, 1.79615
_11891_, 252.24, 340, 1.79615
_11894_, 252.24, 340, 1.79615
_11915_, 252.24, 340, 1.79615
FILLER_0_122_541, 252.24, 340, 1.79615
FILLER_0_122_547, 252.24, 340, 1.79615
_11916_, 265.04, 340, 1.79612
_14448_, 265.04, 340, 1.79612
_14449_, 265.04, 340, 1.79612
FILLER_0_121_554, 265.04, 340, 1.79612
_14443_, 277.84, 340, 1.79609
_14444_, 277.84, 340, 1.79609
_15171_, 277.84, 340, 1.79609
hold146, 277.84, 340, 1.79609
hold355, 277.84, 340, 1.79609
FILLER_0_120_584, 277.84, 340, 1.79609
FILLER_0_121_585, 277.84, 340, 1.79609
FILLER_0_121_597, 277.84, 340, 1.79609
FILLER_0_122_594, 277.84, 340, 1.79609
_15129_, 290.64, 340, 1.79607
_17618_, 290.64, 340, 1.79607
hold7, 290.64, 340, 1.79607
hold145, 290.64, 340, 1.79607
FILLER_0_122_632, 290.64, 340, 1.79607
_15210_, 303.44, 340, 1.79605
_17622_, 303.44, 340, 1.79605
hold52, 303.44, 340, 1.79605
FILLER_0_120_638, 303.44, 340, 1.79605
FILLER_0_121_655, 303.44, 340, 1.79605
_17619_, 316.24, 340, 1.79604
_12820_, 341.84, 340, 1.79597
_17018_, 341.84, 340, 1.79597
_17643_, 341.84, 340, 1.79597
FILLER_0_121_718, 341.84, 340, 1.79597
_10040_, 354.64, 340, 1.7959
_11972_, 354.64, 340, 1.7959
_12944_, 354.64, 340, 1.7959
_15030_, 354.64, 340, 1.7959
FILLER_0_120_757, 354.64, 340, 1.7959
FILLER_0_121_753, 354.64, 340, 1.7959
_12940_, 367.44, 340, 1.79585
_17602_, 367.44, 340, 1.79585
ANTENNA_200, 367.44, 340, 1.79585
FILLER_0_120_777, 367.44, 340, 1.79585
FILLER_0_121_776, 367.44, 340, 1.79585
FILLER_0_122_790, 367.44, 340, 1.79585
_13652_, 380.24, 340, 1.7958
hold1007, 380.24, 340, 1.7958
FILLER_0_120_809, 380.24, 340, 1.7958
_13572_, 393.04, 340, 1.79575
_13879_, 393.04, 340, 1.79575
_17348_, 393.04, 340, 1.79575
FILLER_0_121_833, 393.04, 340, 1.79575
FILLER_0_122_844, 393.04, 340, 1.79575
_08623_, 405.84, 340, 1.79572
_08624_, 405.84, 340, 1.79572
_08625_, 405.84, 340, 1.79572
_08677_, 405.84, 340, 1.79572
_08679_, 405.84, 340, 1.79572
FILLER_0_120_857, 405.84, 340, 1.79572
FILLER_0_121_857, 405.84, 340, 1.79572
FILLER_0_121_868, 405.84, 340, 1.79572
FILLER_0_122_881, 405.84, 340, 1.79572
_08621_, 418.64, 340, 1.79568
_10625_, 418.64, 340, 1.79568
FILLER_0_121_893, 418.64, 340, 1.79568
FILLER_0_122_908, 418.64, 340, 1.79568
_08675_, 431.44, 340, 1.79565
_08689_, 431.44, 340, 1.79565
_14996_, 431.44, 340, 1.79565
_17588_, 431.44, 340, 1.79565
_17589_, 431.44, 340, 1.79565
hold691, 431.44, 340, 1.79565
FILLER_0_120_919, 431.44, 340, 1.79565
_08646_, 444.24, 340, 1.79564
_14993_, 444.24, 340, 1.79564
_17489_, 444.24, 340, 1.79564
FILLER_0_120_951, 444.24, 340, 1.79564
FILLER_0_121_953, 444.24, 340, 1.79564
FILLER_0_122_957, 444.24, 340, 1.79564
_17473_, 457.04, 340, 1.79563
hold441, 457.04, 340, 1.79563
FILLER_0_120_971, 457.04, 340, 1.79563
_14459_, 469.84, 340, 1.79563
_14540_, 469.84, 340, 1.79563
_14541_, 469.84, 340, 1.79563
_17490_, 469.84, 340, 1.79563
hold558, 469.84, 340, 1.79563
_16200_, 495.44, 340, 1.79559
_18021_, 495.44, 340, 1.79559
FILLER_0_121_1055, 495.44, 340, 1.79559
_11157_, 508.24, 340, 1.79554
_16199_, 508.24, 340, 1.79554
hold586, 508.24, 340, 1.79554
FILLER_0_120_1086, 508.24, 340, 1.79554
FILLER_0_121_1098, 508.24, 340, 1.79554
FILLER_0_122_1093, 508.24, 340, 1.79554
_08708_, 521.04, 340, 1.7955
_11159_, 521.04, 340, 1.7955
hold466, 521.04, 340, 1.7955
FILLER_0_121_1116, 521.04, 340, 1.7955
_08484_, 533.84, 340, 1.79546
_08602_, 533.84, 340, 1.79546
_08709_, 533.84, 340, 1.79546
_08714_, 533.84, 340, 1.79546
ANTENNA_76, 533.84, 340, 1.79546
ANTENNA_190, 533.84, 340, 1.79546
FILLER_0_121_1144, 533.84, 340, 1.79546
FILLER_0_121_1157, 533.84, 340, 1.79546
_08515_, 546.64, 340, 1.79543
_08522_, 546.64, 340, 1.79543
_10066_, 546.64, 340, 1.79543
_16358_, 546.64, 340, 1.79543
_16359_, 546.64, 340, 1.79543
_15702_, 559.44, 340, 1.7954
_16031_, 559.44, 340, 1.7954
_17861_, 559.44, 340, 1.7954
hold904, 559.44, 340, 1.7954
FILLER_0_120_1200, 559.44, 340, 1.7954
FILLER_0_121_1192, 559.44, 340, 1.7954
_15735_, 572.24, 340, 1.79538
_15738_, 572.24, 340, 1.79538
_17844_, 572.24, 340, 1.79538
clkbuf_leaf_105_clk, 572.24, 340, 1.79538
FILLER_0_120_1227, 572.24, 340, 1.79538
FILLER_0_121_1222, 572.24, 340, 1.79538
FILLER_0_121_1233, 572.24, 340, 1.79538
FILLER_0_121_1241, 572.24, 340, 1.79538
FILLER_0_122_1238, 572.24, 340, 1.79538
_15704_, 585.04, 340, 1.79541
_15742_, 585.04, 340, 1.79541
_17829_, 585.04, 340, 1.79541
hold739, 585.04, 340, 1.79541
FILLER_0_120_1252, 585.04, 340, 1.79541
FILLER_0_121_1260, 585.04, 340, 1.79541
FILLER_0_122_1266, 585.04, 340, 1.79541
_15662_, 597.84, 340, 1.79546
_15663_, 597.84, 340, 1.79546
_17812_, 597.84, 340, 1.79546
hold405, 597.84, 340, 1.79546
_15825_, 610.64, 340, 1.79551
_15826_, 610.64, 340, 1.79551
_17875_, 610.64, 340, 1.79551
hold867, 610.64, 340, 1.79551
hold882, 610.64, 340, 1.79551
FILLER_0_120_1311, 610.64, 340, 1.79551
FILLER_0_121_1312, 610.64, 340, 1.79551
FILLER_0_120_1343, 623.44, 340, 1.79557
FILLER_0_121_1334, 623.44, 340, 1.79557
PHY_236, 5.52, 334.56, 1.79683
PHY_238, 5.52, 334.56, 1.79683
_12147_, 34.64, 334.56, 1.79679
FILLER_0_119_51, 34.64, 334.56, 1.79679
FILLER_0_120_65, 34.64, 334.56, 1.79679
FILLER_0_120_77, 34.64, 334.56, 1.79679
_12186_, 47.44, 334.56, 1.79675
FILLER_0_119_105, 47.44, 334.56, 1.79675
FILLER_0_120_94, 47.44, 334.56, 1.79675
FILLER_0_118_133, 73.04, 334.56, 1.79668
FILLER_0_120_153, 73.04, 334.56, 1.79668
_12600_, 85.84, 334.56, 1.79664
FILLER_0_118_165, 85.84, 334.56, 1.79664
FILLER_0_118_173, 85.84, 334.56, 1.79664
FILLER_0_119_161, 85.84, 334.56, 1.79664
FILLER_0_120_177, 85.84, 334.56, 1.79664
_09673_, 98.64, 334.56, 1.7966
_12258_, 98.64, 334.56, 1.7966
hold109, 98.64, 334.56, 1.7966
FILLER_0_118_197, 98.64, 334.56, 1.7966
FILLER_0_119_193, 98.64, 334.56, 1.7966
FILLER_0_119_211, 98.64, 334.56, 1.7966
_09663_, 111.44, 334.56, 1.79657
_12163_, 111.44, 334.56, 1.79657
_13137_, 111.44, 334.56, 1.79657
hold132, 111.44, 334.56, 1.79657
FILLER_0_119_225, 111.44, 334.56, 1.79657
_12166_, 124.24, 334.56, 1.79654
_12252_, 124.24, 334.56, 1.79654
_12253_, 124.24, 334.56, 1.79654
_16790_, 124.24, 334.56, 1.79654
FILLER_0_118_249, 124.24, 334.56, 1.79654
FILLER_0_119_269, 124.24, 334.56, 1.79654
_13148_, 137.04, 334.56, 1.79653
hold140, 137.04, 334.56, 1.79653
hold260, 137.04, 334.56, 1.79653
FILLER_0_119_277, 137.04, 334.56, 1.79653
FILLER_0_119_281, 137.04, 334.56, 1.79653
FILLER_0_120_299, 137.04, 334.56, 1.79653
_12254_, 149.84, 334.56, 1.79651
_12255_, 149.84, 334.56, 1.79651
_16791_, 149.84, 334.56, 1.79651
hold122, 149.84, 334.56, 1.79651
_13251_, 162.64, 334.56, 1.79651
FILLER_0_119_330, 162.64, 334.56, 1.79651
FILLER_0_120_352, 162.64, 334.56, 1.79651
_11868_, 188.24, 334.56, 1.7964
_11879_, 188.24, 334.56, 1.7964
_11880_, 188.24, 334.56, 1.7964
_11922_, 188.24, 334.56, 1.7964
clkbuf_leaf_12_clk, 188.24, 334.56, 1.7964
FILLER_0_119_393, 188.24, 334.56, 1.7964
FILLER_0_119_400, 188.24, 334.56, 1.7964
FILLER_0_120_406, 188.24, 334.56, 1.7964
_11961_, 201.04, 334.56, 1.79633
_13263_, 201.04, 334.56, 1.79633
FILLER_0_118_412, 201.04, 334.56, 1.79633
FILLER_0_119_426, 201.04, 334.56, 1.79633
FILLER_0_120_434, 201.04, 334.56, 1.79633
_13499_, 213.84, 334.56, 1.79625
_13500_, 213.84, 334.56, 1.79625
_13501_, 213.84, 334.56, 1.79625
_17212_, 213.84, 334.56, 1.79625
_14435_, 226.64, 334.56, 1.79618
_17216_, 226.64, 334.56, 1.79618
hold13, 226.64, 334.56, 1.79618
hold69, 226.64, 334.56, 1.79618
FILLER_0_118_469, 226.64, 334.56, 1.79618
_11822_, 239.44, 334.56, 1.79612
_14433_, 239.44, 334.56, 1.79612
_14438_, 239.44, 334.56, 1.79612
FILLER_0_118_497, 239.44, 334.56, 1.79612
FILLER_0_119_517, 239.44, 334.56, 1.79612
FILLER_0_120_520, 239.44, 334.56, 1.79612
_11829_, 252.24, 334.56, 1.79606
_11889_, 252.24, 334.56, 1.79606
_11890_, 252.24, 334.56, 1.79606
_11912_, 252.24, 334.56, 1.79606
_11913_, 252.24, 334.56, 1.79606
_11937_, 252.24, 334.56, 1.79606
hold91, 252.24, 334.56, 1.79606
FILLER_0_118_525, 252.24, 334.56, 1.79606
FILLER_0_119_533, 252.24, 334.56, 1.79606
FILLER_0_119_543, 252.24, 334.56, 1.79606
_11914_, 265.04, 334.56, 1.79601
_14436_, 265.04, 334.56, 1.79601
_14445_, 265.04, 334.56, 1.79601
_14446_, 265.04, 334.56, 1.79601
_17453_, 265.04, 334.56, 1.79601
FILLER_0_119_556, 265.04, 334.56, 1.79601
FILLER_0_119_572, 265.04, 334.56, 1.79601
FILLER_0_120_565, 265.04, 334.56, 1.79601
_14431_, 277.84, 334.56, 1.79597
_17627_, 277.84, 334.56, 1.79597
FILLER_0_118_585, 277.84, 334.56, 1.79597
_11363_, 290.64, 334.56, 1.79593
_14946_, 290.64, 334.56, 1.79593
_15198_, 290.64, 334.56, 1.79593
FILLER_0_118_609, 290.64, 334.56, 1.79593
FILLER_0_118_617, 290.64, 334.56, 1.79593
_11304_, 303.44, 334.56, 1.7959
_15213_, 303.44, 334.56, 1.7959
_17621_, 303.44, 334.56, 1.7959
clkbuf_leaf_72_clk, 303.44, 334.56, 1.7959
FILLER_0_118_635, 303.44, 334.56, 1.7959
_15216_, 316.24, 334.56, 1.79593
_15219_, 316.24, 334.56, 1.79593
_17644_, 316.24, 334.56, 1.79593
FILLER_0_118_666, 316.24, 334.56, 1.79593
FILLER_0_119_673, 316.24, 334.56, 1.79593
FILLER_0_120_689, 316.24, 334.56, 1.79593
_12818_, 341.84, 334.56, 1.79584
_12819_, 341.84, 334.56, 1.79584
_17068_, 341.84, 334.56, 1.79584
hold643, 341.84, 334.56, 1.79584
FILLER_0_118_722, 341.84, 334.56, 1.79584
FILLER_0_120_738, 341.84, 334.56, 1.79584
_12938_, 354.64, 334.56, 1.79574
_12939_, 354.64, 334.56, 1.79574
clkbuf_leaf_125_clk, 354.64, 334.56, 1.79574
FILLER_0_118_751, 354.64, 334.56, 1.79574
_17267_, 367.44, 334.56, 1.79568
hold651, 367.44, 334.56, 1.79568
FILLER_0_119_780, 367.44, 334.56, 1.79568
_13647_, 380.24, 334.56, 1.79562
_13842_, 380.24, 334.56, 1.79562
_17332_, 380.24, 334.56, 1.79562
clkbuf_leaf_123_clk, 380.24, 334.56, 1.79562
FILLER_0_118_803, 380.24, 334.56, 1.79562
FILLER_0_119_811, 380.24, 334.56, 1.79562
FILLER_0_120_825, 380.24, 334.56, 1.79562
_13878_, 393.04, 334.56, 1.79562
_13881_, 393.04, 334.56, 1.79562
FILLER_0_118_833, 393.04, 334.56, 1.79562
FILLER_0_119_834, 393.04, 334.56, 1.79562
_08569_, 405.84, 334.56, 1.79562
_08678_, 405.84, 334.56, 1.79562
_08567_, 418.64, 334.56, 1.79562
_08635_, 418.64, 334.56, 1.79562
_11422_, 418.64, 334.56, 1.79562
FILLER_0_120_899, 418.64, 334.56, 1.79562
_08568_, 431.44, 334.56, 1.79562
_14995_, 431.44, 334.56, 1.79562
FILLER_0_118_918, 431.44, 334.56, 1.79562
FILLER_0_118_925, 431.44, 334.56, 1.79562
FILLER_0_119_933, 431.44, 334.56, 1.79562
FILLER_0_120_928, 431.44, 334.56, 1.79562
_14456_, 444.24, 334.56, 1.79563
_14538_, 444.24, 334.56, 1.79563
_14539_, 444.24, 334.56, 1.79563
FILLER_0_119_943, 444.24, 334.56, 1.79563
FILLER_0_119_965, 444.24, 334.56, 1.79563
_08645_, 457.04, 334.56, 1.79563
_08650_, 457.04, 334.56, 1.79563
_14497_, 457.04, 334.56, 1.79563
_14498_, 457.04, 334.56, 1.79563
FILLER_0_118_976, 457.04, 334.56, 1.79563
FILLER_0_120_995, 457.04, 334.56, 1.79563
_08619_, 469.84, 334.56, 1.79564
_08699_, 469.84, 334.56, 1.79564
hold639, 469.84, 334.56, 1.79564
FILLER_0_119_1003, 469.84, 334.56, 1.79564
FILLER_0_119_1009, 469.84, 334.56, 1.79564
FILLER_0_120_1013, 469.84, 334.56, 1.79564
_15324_, 495.44, 334.56, 1.7956
_15325_, 495.44, 334.56, 1.7956
_17683_, 495.44, 334.56, 1.7956
_17684_, 495.44, 334.56, 1.7956
FILLER_0_119_1055, 495.44, 334.56, 1.7956
FILLER_0_119_1074, 495.44, 334.56, 1.7956
_15322_, 508.24, 334.56, 1.79557
_16195_, 508.24, 334.56, 1.79557
_18019_, 508.24, 334.56, 1.79557
hold662, 508.24, 334.56, 1.79557
FILLER_0_118_1085, 508.24, 334.56, 1.79557
FILLER_0_119_1093, 508.24, 334.56, 1.79557
FILLER_0_120_1106, 508.24, 334.56, 1.79557
_08601_, 521.04, 334.56, 1.79555
_11447_, 521.04, 334.56, 1.79555
FILLER_0_119_1115, 521.04, 334.56, 1.79555
_08618_, 533.84, 334.56, 1.79553
_08656_, 533.84, 334.56, 1.79553
_08672_, 533.84, 334.56, 1.79553
FILLER_0_118_1142, 533.84, 334.56, 1.79553
FILLER_0_119_1144, 533.84, 334.56, 1.79553
_14678_, 546.64, 334.56, 1.79551
_18083_, 546.64, 334.56, 1.79551
FILLER_0_119_1177, 546.64, 334.56, 1.79551
FILLER_0_119_1189, 546.64, 334.56, 1.79551
_10691_, 559.44, 334.56, 1.79551
_15320_, 559.44, 334.56, 1.79551
_15775_, 559.44, 334.56, 1.79551
_15780_, 559.44, 334.56, 1.79551
hold729, 559.44, 334.56, 1.79551
FILLER_0_120_1214, 559.44, 334.56, 1.79551
_15323_, 572.24, 334.56, 1.79551
_15492_, 572.24, 334.56, 1.79551
_15571_, 572.24, 334.56, 1.79551
_17843_, 572.24, 334.56, 1.79551
FILLER_0_118_1229, 572.24, 334.56, 1.79551
FILLER_0_119_1222, 572.24, 334.56, 1.79551
_15574_, 585.04, 334.56, 1.79553
_15703_, 585.04, 334.56, 1.79553
_15734_, 585.04, 334.56, 1.79553
_15739_, 585.04, 334.56, 1.79553
_15740_, 585.04, 334.56, 1.79553
ANTENNA_5, 585.04, 334.56, 1.79553
FILLER_0_118_1252, 585.04, 334.56, 1.79553
_15660_, 597.84, 334.56, 1.79554
_15661_, 597.84, 334.56, 1.79554
_17811_, 597.84, 334.56, 1.79554
FILLER_0_119_1278, 597.84, 334.56, 1.79554
FILLER_0_119_1289, 597.84, 334.56, 1.79554
FILLER_0_120_1290, 597.84, 334.56, 1.79554
_15828_, 610.64, 334.56, 1.79556
_15829_, 610.64, 334.56, 1.79556
_17876_, 610.64, 334.56, 1.79556
hold934, 610.64, 334.56, 1.79556
FILLER_0_118_1311, 610.64, 334.56, 1.79556
_15830_, 623.44, 334.56, 1.7956
_15831_, 623.44, 334.56, 1.7956
_17877_, 623.44, 334.56, 1.7956
hold1038, 623.44, 334.56, 1.7956
PHY_232, 5.52, 329.12, 1.79684
PHY_234, 5.52, 329.12, 1.79684
FILLER_0_117_51, 34.64, 329.12, 1.79677
FILLER_0_118_77, 34.64, 329.12, 1.79677
FILLER_0_117_105, 47.44, 329.12, 1.7967
FILLER_0_116_133, 73.04, 329.12, 1.79656
_12218_, 85.84, 329.12, 1.79649
_12607_, 85.84, 329.12, 1.79649
_12608_, 85.84, 329.12, 1.79649
_16937_, 85.84, 329.12, 1.79649
hold256, 85.84, 329.12, 1.79649
FILLER_0_116_165, 85.84, 329.12, 1.79649
FILLER_0_117_161, 85.84, 329.12, 1.79649
_12216_, 98.64, 329.12, 1.79643
_12217_, 98.64, 329.12, 1.79643
_16758_, 98.64, 329.12, 1.79643
_16777_, 98.64, 329.12, 1.79643
hold153, 98.64, 329.12, 1.79643
_12601_, 111.44, 329.12, 1.7964
_12602_, 111.44, 329.12, 1.7964
clkbuf_leaf_24_clk, 111.44, 329.12, 1.7964
FILLER_0_116_221, 111.44, 329.12, 1.7964
FILLER_0_117_217, 111.44, 329.12, 1.7964
FILLER_0_118_238, 111.44, 329.12, 1.7964
_12164_, 124.24, 329.12, 1.7964
_16759_, 124.24, 329.12, 1.7964
hold114, 124.24, 329.12, 1.7964
FILLER_0_118_262, 124.24, 329.12, 1.7964
_12603_, 137.04, 329.12, 1.79641
_12604_, 137.04, 329.12, 1.79641
_16935_, 137.04, 329.12, 1.79641
hold268, 137.04, 329.12, 1.79641
FILLER_0_117_275, 137.04, 329.12, 1.79641
FILLER_0_118_295, 137.04, 329.12, 1.79641
_12211_, 149.84, 329.12, 1.79643
_11867_, 162.64, 329.12, 1.79645
_17116_, 162.64, 329.12, 1.79645
_17117_, 162.64, 329.12, 1.79645
FILLER_0_117_337, 162.64, 329.12, 1.79645
FILLER_0_118_342, 162.64, 329.12, 1.79645
FILLER_0_118_350, 162.64, 329.12, 1.79645
_11869_, 188.24, 329.12, 1.79639
_11920_, 188.24, 329.12, 1.79639
_11921_, 188.24, 329.12, 1.79639
_11923_, 188.24, 329.12, 1.79639
hold42, 188.24, 329.12, 1.79639
hold248, 188.24, 329.12, 1.79639
FILLER_0_117_387, 188.24, 329.12, 1.79639
FILLER_0_118_403, 188.24, 329.12, 1.79639
_11941_, 201.04, 329.12, 1.7963
_11943_, 201.04, 329.12, 1.7963
_11945_, 201.04, 329.12, 1.7963
_11946_, 201.04, 329.12, 1.7963
_13507_, 201.04, 329.12, 1.7963
FILLER_0_116_417, 201.04, 329.12, 1.7963
FILLER_0_117_430, 201.04, 329.12, 1.7963
_13502_, 213.84, 329.12, 1.79621
_13503_, 213.84, 329.12, 1.79621
_13505_, 213.84, 329.12, 1.79621
_13506_, 213.84, 329.12, 1.79621
FILLER_0_117_459, 213.84, 329.12, 1.79621
_14434_, 226.64, 329.12, 1.79612
_14441_, 226.64, 329.12, 1.79612
_17214_, 226.64, 329.12, 1.79612
hold29, 226.64, 329.12, 1.79612
hold30, 226.64, 329.12, 1.79612
FILLER_0_116_469, 226.64, 329.12, 1.79612
FILLER_0_117_488, 226.64, 329.12, 1.79612
FILLER_0_118_489, 226.64, 329.12, 1.79612
_14440_, 239.44, 329.12, 1.79604
_17450_, 239.44, 329.12, 1.79604
_17451_, 239.44, 329.12, 1.79604
hold40, 239.44, 329.12, 1.79604
FILLER_0_116_499, 239.44, 329.12, 1.79604
FILLER_0_117_498, 239.44, 329.12, 1.79604
_17452_, 252.24, 329.12, 1.79598
FILLER_0_116_533, 252.24, 329.12, 1.79598
FILLER_0_117_538, 252.24, 329.12, 1.79598
_17638_, 265.04, 329.12, 1.79592
clkbuf_leaf_8_clk, 265.04, 329.12, 1.79592
hold287, 265.04, 329.12, 1.79592
FILLER_0_118_577, 265.04, 329.12, 1.79592
_15206_, 277.84, 329.12, 1.79592
FILLER_0_116_580, 277.84, 329.12, 1.79592
FILLER_0_116_589, 277.84, 329.12, 1.79592
FILLER_0_117_589, 277.84, 329.12, 1.79592
FILLER_0_118_601, 277.84, 329.12, 1.79592
_15199_, 290.64, 329.12, 1.79593
_15202_, 290.64, 329.12, 1.79593
_17641_, 290.64, 329.12, 1.79593
_15211_, 303.44, 329.12, 1.79594
_15218_, 303.44, 329.12, 1.79594
_17642_, 303.44, 329.12, 1.79594
FILLER_0_116_636, 303.44, 329.12, 1.79594
_15217_, 316.24, 329.12, 1.79595
_17021_, 316.24, 329.12, 1.79595
_17645_, 316.24, 329.12, 1.79595
FILLER_0_117_665, 316.24, 329.12, 1.79595
FILLER_0_117_673, 316.24, 329.12, 1.79595
FILLER_0_117_681, 316.24, 329.12, 1.79595
_12943_, 341.84, 329.12, 1.79586
_12946_, 341.84, 329.12, 1.79586
_17069_, 341.84, 329.12, 1.79586
hold1025, 341.84, 329.12, 1.79586
hold1081, 341.84, 329.12, 1.79586
hold1084, 341.84, 329.12, 1.79586
FILLER_0_117_722, 341.84, 329.12, 1.79586
_15804_, 354.64, 329.12, 1.79575
_17066_, 354.64, 329.12, 1.79575
_17868_, 354.64, 329.12, 1.79575
hold411, 354.64, 329.12, 1.79575
FILLER_0_117_753, 354.64, 329.12, 1.79575
FILLER_0_117_766, 354.64, 329.12, 1.79575
FILLER_0_118_762, 354.64, 329.12, 1.79575
_12942_, 367.44, 329.12, 1.79566
_13648_, 367.44, 329.12, 1.79566
_17067_, 367.44, 329.12, 1.79566
FILLER_0_117_777, 367.44, 329.12, 1.79566
FILLER_0_117_797, 367.44, 329.12, 1.79566
FILLER_0_118_796, 367.44, 329.12, 1.79566
_13841_, 380.24, 329.12, 1.79558
_13843_, 380.24, 329.12, 1.79558
_13844_, 380.24, 329.12, 1.79558
_17333_, 380.24, 329.12, 1.79558
hold482, 380.24, 329.12, 1.79558
FILLER_0_116_806, 380.24, 329.12, 1.79558
FILLER_0_117_810, 380.24, 329.12, 1.79558
FILLER_0_117_818, 380.24, 329.12, 1.79558
_13880_, 393.04, 329.12, 1.79552
_17349_, 393.04, 329.12, 1.79552
FILLER_0_117_832, 393.04, 329.12, 1.79552
_08571_, 405.84, 329.12, 1.79546
_08572_, 405.84, 329.12, 1.79546
_11421_, 405.84, 329.12, 1.79546
_11425_, 405.84, 329.12, 1.79546
FILLER_0_116_859, 405.84, 329.12, 1.79546
FILLER_0_116_869, 405.84, 329.12, 1.79546
FILLER_0_117_857, 405.84, 329.12, 1.79546
FILLER_0_117_877, 405.84, 329.12, 1.79546
FILLER_0_118_878, 405.84, 329.12, 1.79546
_08582_, 418.64, 329.12, 1.7954
clkbuf_leaf_121_clk, 418.64, 329.12, 1.7954
ANTENNA_40, 418.64, 329.12, 1.7954
ANTENNA_42, 418.64, 329.12, 1.7954
FILLER_0_117_891, 418.64, 329.12, 1.7954
FILLER_0_117_897, 418.64, 329.12, 1.7954
_16482_, 431.44, 329.12, 1.79538
_17456_, 431.44, 329.12, 1.79538
_18137_, 431.44, 329.12, 1.79538
clkbuf_leaf_120_clk, 431.44, 329.12, 1.79538
FILLER_0_116_913, 431.44, 329.12, 1.79538
FILLER_0_117_923, 431.44, 329.12, 1.79538
FILLER_0_118_933, 431.44, 329.12, 1.79538
_08648_, 444.24, 329.12, 1.79542
_11434_, 444.24, 329.12, 1.79542
_14455_, 444.24, 329.12, 1.79542
hold588, 444.24, 329.12, 1.79542
FILLER_0_117_947, 444.24, 329.12, 1.79542
FILLER_0_117_962, 444.24, 329.12, 1.79542
_08596_, 457.04, 329.12, 1.79546
_08649_, 457.04, 329.12, 1.79546
_08701_, 457.04, 329.12, 1.79546
FILLER_0_116_972, 457.04, 329.12, 1.79546
FILLER_0_116_981, 457.04, 329.12, 1.79546
FILLER_0_117_978, 457.04, 329.12, 1.79546
_08702_, 469.84, 329.12, 1.7955
_08703_, 469.84, 329.12, 1.7955
_14537_, 469.84, 329.12, 1.7955
clkbuf_leaf_119_clk, 469.84, 329.12, 1.7955
FILLER_0_116_1002, 469.84, 329.12, 1.7955
FILLER_0_117_1003, 469.84, 329.12, 1.7955
FILLER_0_118_1011, 469.84, 329.12, 1.7955
_08587_, 495.44, 329.12, 1.79553
_11430_, 495.44, 329.12, 1.79553
hold481, 495.44, 329.12, 1.79553
FILLER_0_117_1061, 495.44, 329.12, 1.79553
FILLER_0_118_1078, 495.44, 329.12, 1.79553
_11033_, 508.24, 329.12, 1.79548
_15321_, 508.24, 329.12, 1.79548
_16194_, 508.24, 329.12, 1.79548
FILLER_0_116_1081, 508.24, 329.12, 1.79548
FILLER_0_116_1089, 508.24, 329.12, 1.79548
_18020_, 521.04, 329.12, 1.79542
FILLER_0_117_1115, 521.04, 329.12, 1.79542
FILLER_0_118_1134, 521.04, 329.12, 1.79542
_08617_, 533.84, 329.12, 1.79538
_08671_, 533.84, 329.12, 1.79538
FILLER_0_117_1145, 533.84, 329.12, 1.79538
FILLER_0_118_1159, 533.84, 329.12, 1.79538
_15776_, 546.64, 329.12, 1.79533
_16355_, 546.64, 329.12, 1.79533
_16357_, 546.64, 329.12, 1.79533
_17859_, 546.64, 329.12, 1.79533
clkbuf_leaf_108_clk, 546.64, 329.12, 1.79533
hold647, 546.64, 329.12, 1.79533
FILLER_0_117_1163, 546.64, 329.12, 1.79533
FILLER_0_118_1182, 546.64, 329.12, 1.79533
_15777_, 559.44, 329.12, 1.79534
_15779_, 559.44, 329.12, 1.79534
_17539_, 559.44, 329.12, 1.79534
FILLER_0_116_1195, 559.44, 329.12, 1.79534
FILLER_0_117_1202, 559.44, 329.12, 1.79534
FILLER_0_117_1210, 559.44, 329.12, 1.79534
FILLER_0_118_1217, 559.44, 329.12, 1.79534
_14682_, 572.24, 329.12, 1.79535
_15737_, 572.24, 329.12, 1.79535
_15904_, 572.24, 329.12, 1.79535
hold626, 572.24, 329.12, 1.79535
hold637, 572.24, 329.12, 1.79535
FILLER_0_117_1229, 572.24, 329.12, 1.79535
_08719_, 585.04, 329.12, 1.79537
clkbuf_leaf_104_clk, 585.04, 329.12, 1.79537
FILLER_0_116_1256, 585.04, 329.12, 1.79537
FILLER_0_117_1257, 585.04, 329.12, 1.79537
_11167_, 597.84, 329.12, 1.79543
_15657_, 597.84, 329.12, 1.79543
FILLER_0_117_1281, 597.84, 329.12, 1.79543
_15827_, 610.64, 329.12, 1.79549
FILLER_0_116_1311, 610.64, 329.12, 1.79549
_15869_, 623.44, 329.12, 1.79555
hold376, 623.44, 329.12, 1.79555
FILLER_0_117_1334, 623.44, 329.12, 1.79555
FILLER_0_117_1357, 623.44, 329.12, 1.79555
PHY_228, 5.52, 323.68, 1.79691
PHY_230, 5.52, 323.68, 1.79691
input1, 5.52, 323.68, 1.79691
FILLER_0_115_53, 34.64, 323.68, 1.79688
FILLER_0_116_77, 34.64, 323.68, 1.79688
FILLER_0_115_105, 47.44, 323.68, 1.79684
FILLER_0_114_133, 73.04, 323.68, 1.79677
FILLER_0_115_161, 85.84, 323.68, 1.79674
FILLER_0_116_188, 85.84, 323.68, 1.79674
FILLER_0_114_189, 98.64, 323.68, 1.7967
FILLER_0_116_209, 98.64, 323.68, 1.7967
_12206_, 111.44, 323.68, 1.79667
_12208_, 111.44, 323.68, 1.79667
_16774_, 111.44, 323.68, 1.79667
hold307, 111.44, 323.68, 1.79667
FILLER_0_114_230, 111.44, 323.68, 1.79667
FILLER_0_115_217, 111.44, 323.68, 1.79667
FILLER_0_116_237, 111.44, 323.68, 1.79667
_12165_, 124.24, 323.68, 1.79664
FILLER_0_116_266, 124.24, 323.68, 1.79664
_12212_, 137.04, 323.68, 1.79662
_16775_, 137.04, 323.68, 1.79662
FILLER_0_115_275, 137.04, 323.68, 1.79662
FILLER_0_115_293, 137.04, 323.68, 1.79662
hold182, 149.84, 323.68, 1.79661
FILLER_0_114_301, 149.84, 323.68, 1.79661
FILLER_0_115_325, 149.84, 323.68, 1.79661
FILLER_0_116_326, 149.84, 323.68, 1.79661
FILLER_0_115_333, 162.64, 323.68, 1.79659
_11919_, 188.24, 323.68, 1.79646
_11944_, 188.24, 323.68, 1.79646
FILLER_0_116_409, 188.24, 323.68, 1.79646
_11942_, 201.04, 323.68, 1.79635
_17120_, 201.04, 323.68, 1.79635
FILLER_0_114_413, 201.04, 323.68, 1.79635
FILLER_0_116_426, 201.04, 323.68, 1.79635
FILLER_0_116_437, 201.04, 323.68, 1.79635
_13508_, 213.84, 323.68, 1.79624
_17213_, 213.84, 323.68, 1.79624
FILLER_0_114_445, 213.84, 323.68, 1.79624
FILLER_0_115_445, 213.84, 323.68, 1.79624
FILLER_0_115_461, 213.84, 323.68, 1.79624
FILLER_0_116_458, 213.84, 323.68, 1.79624
_14439_, 226.64, 323.68, 1.79614
_17215_, 226.64, 323.68, 1.79614
clkbuf_leaf_11_clk, 226.64, 323.68, 1.79614
hold36, 226.64, 323.68, 1.79614
hold37, 226.64, 323.68, 1.79614
_12015_, 239.44, 323.68, 1.7961
_12023_, 239.44, 323.68, 1.7961
_14437_, 239.44, 323.68, 1.7961
FILLER_0_115_505, 239.44, 323.68, 1.7961
FILLER_0_115_513, 239.44, 323.68, 1.7961
_12010_, 252.24, 323.68, 1.79605
_14442_, 252.24, 323.68, 1.79605
FILLER_0_114_526, 252.24, 323.68, 1.79605
FILLER_0_114_533, 252.24, 323.68, 1.79605
FILLER_0_116_548, 252.24, 323.68, 1.79605
_12019_, 265.04, 323.68, 1.79601
_17640_, 265.04, 323.68, 1.79601
FILLER_0_114_561, 265.04, 323.68, 1.79601
FILLER_0_115_556, 265.04, 323.68, 1.79601
FILLER_0_115_561, 265.04, 323.68, 1.79601
FILLER_0_115_569, 265.04, 323.68, 1.79601
_15200_, 277.84, 323.68, 1.79598
_15205_, 277.84, 323.68, 1.79598
_15207_, 277.84, 323.68, 1.79598
_15208_, 277.84, 323.68, 1.79598
FILLER_0_114_585, 277.84, 323.68, 1.79598
FILLER_0_115_600, 277.84, 323.68, 1.79598
_15203_, 290.64, 323.68, 1.79594
_15204_, 290.64, 323.68, 1.79594
_17639_, 290.64, 323.68, 1.79594
FILLER_0_114_613, 290.64, 323.68, 1.79594
FILLER_0_115_610, 290.64, 323.68, 1.79594
clkbuf_5_7__f_clk, 303.44, 323.68, 1.79592
FILLER_0_114_640, 303.44, 323.68, 1.79592
_12826_, 316.24, 323.68, 1.79595
_16223_, 316.24, 323.68, 1.79595
_18028_, 316.24, 323.68, 1.79595
FILLER_0_114_667, 316.24, 323.68, 1.79595
FILLER_0_115_689, 316.24, 323.68, 1.79595
FILLER_0_116_678, 316.24, 323.68, 1.79595
FILLER_0_116_686, 316.24, 323.68, 1.79595
_12945_, 341.84, 323.68, 1.79584
hold403, 341.84, 323.68, 1.79584
FILLER_0_114_730, 341.84, 323.68, 1.79584
FILLER_0_115_725, 341.84, 323.68, 1.79584
_12941_, 354.64, 323.68, 1.7957
_15803_, 354.64, 323.68, 1.7957
FILLER_0_115_763, 354.64, 323.68, 1.7957
_15797_, 367.44, 323.68, 1.79555
_17866_, 367.44, 323.68, 1.79555
hold1022, 367.44, 323.68, 1.79555
FILLER_0_114_781, 367.44, 323.68, 1.79555
FILLER_0_115_778, 367.44, 323.68, 1.79555
clkbuf_leaf_124_clk, 380.24, 323.68, 1.79542
clkbuf_5_24__f_clk, 380.24, 323.68, 1.79542
FILLER_0_114_805, 380.24, 323.68, 1.79542
_13567_, 393.04, 323.68, 1.79542
_17234_, 393.04, 323.68, 1.79542
FILLER_0_114_833, 393.04, 323.68, 1.79542
FILLER_0_115_834, 393.04, 323.68, 1.79542
FILLER_0_116_851, 393.04, 323.68, 1.79542
_08378_, 405.84, 323.68, 1.79544
_08389_, 405.84, 323.68, 1.79544
_08570_, 405.84, 323.68, 1.79544
hold744, 405.84, 323.68, 1.79544
FILLER_0_114_869, 405.84, 323.68, 1.79544
_08359_, 418.64, 323.68, 1.79545
_08362_, 418.64, 323.68, 1.79545
_08366_, 418.64, 323.68, 1.79545
_13918_, 418.64, 323.68, 1.79545
_17365_, 418.64, 323.68, 1.79545
ANTENNA_39, 418.64, 323.68, 1.79545
ANTENNA_43, 418.64, 323.68, 1.79545
_08354_, 431.44, 323.68, 1.79548
_16479_, 431.44, 323.68, 1.79548
_16481_, 431.44, 323.68, 1.79548
hold742, 431.44, 323.68, 1.79548
FILLER_0_114_917, 431.44, 323.68, 1.79548
_08593_, 444.24, 323.68, 1.7955
_08594_, 444.24, 323.68, 1.7955
_14991_, 444.24, 323.68, 1.7955
FILLER_0_115_943, 444.24, 323.68, 1.7955
FILLER_0_116_959, 444.24, 323.68, 1.7955
_08504_, 457.04, 323.68, 1.79553
_08595_, 457.04, 323.68, 1.79553
hold414, 457.04, 323.68, 1.79553
FILLER_0_114_975, 457.04, 323.68, 1.79553
FILLER_0_114_981, 457.04, 323.68, 1.79553
_08480_, 469.84, 323.68, 1.79556
_14496_, 469.84, 323.68, 1.79556
_14536_, 469.84, 323.68, 1.79556
_16106_, 469.84, 323.68, 1.79556
_17472_, 469.84, 323.68, 1.79556
FILLER_0_115_1004, 469.84, 323.68, 1.79556
FILLER_0_115_1009, 469.84, 323.68, 1.79556
FILLER_0_115_1019, 469.84, 323.68, 1.79556
_08588_, 495.44, 323.68, 1.79553
_08589_, 495.44, 323.68, 1.79553
_08641_, 495.44, 323.68, 1.79553
FILLER_0_114_1058, 495.44, 323.68, 1.79553
FILLER_0_115_1059, 495.44, 323.68, 1.79553
FILLER_0_115_1065, 495.44, 323.68, 1.79553
_11431_, 508.24, 323.68, 1.79546
_15282_, 508.24, 323.68, 1.79546
_17667_, 508.24, 323.68, 1.79546
clkbuf_leaf_109_clk, 508.24, 323.68, 1.79546
FILLER_0_114_1088, 508.24, 323.68, 1.79546
FILLER_0_115_1079, 508.24, 323.68, 1.79546
_08655_, 521.04, 323.68, 1.79544
_10571_, 521.04, 323.68, 1.79544
_16197_, 521.04, 323.68, 1.79544
_16198_, 521.04, 323.68, 1.79544
hold427, 521.04, 323.68, 1.79544
FILLER_0_114_1110, 521.04, 323.68, 1.79544
FILLER_0_114_1118, 521.04, 323.68, 1.79544
FILLER_0_115_1129, 521.04, 323.68, 1.79544
_08564_, 533.84, 323.68, 1.79542
_08565_, 533.84, 323.68, 1.79542
FILLER_0_114_1137, 533.84, 323.68, 1.79542
FILLER_0_114_1145, 533.84, 323.68, 1.79542
FILLER_0_116_1149, 533.84, 323.68, 1.79542
_16354_, 546.64, 323.68, 1.79541
_16356_, 546.64, 323.68, 1.79541
_18084_, 546.64, 323.68, 1.79541
hold478, 546.64, 323.68, 1.79541
FILLER_0_115_1164, 546.64, 323.68, 1.79541
FILLER_0_116_1186, 546.64, 323.68, 1.79541
_14681_, 559.44, 323.68, 1.7954
_15774_, 559.44, 323.68, 1.7954
_15778_, 559.44, 323.68, 1.7954
_17860_, 559.44, 323.68, 1.7954
hold733, 559.44, 323.68, 1.7954
FILLER_0_114_1195, 559.44, 323.68, 1.7954
_08612_, 572.24, 323.68, 1.79541
_11460_, 572.24, 323.68, 1.79541
_17537_, 572.24, 323.68, 1.79541
FILLER_0_115_1233, 572.24, 323.68, 1.79541
FILLER_0_115_1241, 572.24, 323.68, 1.79541
_11165_, 585.04, 323.68, 1.79543
FILLER_0_114_1252, 585.04, 323.68, 1.79543
FILLER_0_116_1261, 585.04, 323.68, 1.79543
_08721_, 597.84, 323.68, 1.79545
_11166_, 597.84, 323.68, 1.79545
FILLER_0_115_1277, 597.84, 323.68, 1.79545
FILLER_0_115_1285, 597.84, 323.68, 1.79545
_15868_, 610.64, 323.68, 1.79547
_15956_, 610.64, 323.68, 1.79547
_17893_, 610.64, 323.68, 1.79547
_17925_, 610.64, 323.68, 1.79547
FILLER_0_115_1321, 610.64, 323.68, 1.79547
FILLER_0_116_1317, 610.64, 323.68, 1.79547
_15908_, 623.44, 323.68, 1.79551
clkbuf_leaf_103_clk, 623.44, 323.68, 1.79551
FILLER_0_114_1334, 623.44, 323.68, 1.79551
FILLER_0_114_1342, 623.44, 323.68, 1.79551
PHY_224, 5.52, 318.24, 1.79697
PHY_226, 5.52, 318.24, 1.79697
FILLER_0_113_51, 34.64, 318.24, 1.79694
FILLER_0_114_77, 34.64, 318.24, 1.79694
FILLER_0_113_105, 47.44, 318.24, 1.79691
FILLER_0_112_133, 73.04, 318.24, 1.79684
FILLER_0_113_161, 85.84, 318.24, 1.79681
_16934_, 98.64, 318.24, 1.79678
FILLER_0_112_189, 98.64, 318.24, 1.79678
FILLER_0_114_209, 98.64, 318.24, 1.79678
_12209_, 111.44, 318.24, 1.79676
FILLER_0_113_217, 111.44, 318.24, 1.79676
FILLER_0_114_242, 111.44, 318.24, 1.79676
FILLER_0_112_245, 124.24, 318.24, 1.79674
FILLER_0_113_273, 137.04, 318.24, 1.79672
FILLER_0_112_301, 149.84, 318.24, 1.7967
FILLER_0_113_329, 162.64, 318.24, 1.79667
FILLER_0_113_385, 188.24, 318.24, 1.79656
FILLER_0_112_413, 201.04, 318.24, 1.79647
FILLER_0_113_441, 213.84, 318.24, 1.79638
_13624_, 226.64, 318.24, 1.79629
_17258_, 226.64, 318.24, 1.79629
hold39, 226.64, 318.24, 1.79629
FILLER_0_112_477, 226.64, 318.24, 1.79629
FILLER_0_113_473, 226.64, 318.24, 1.79629
FILLER_0_113_491, 226.64, 318.24, 1.79629
_13622_, 239.44, 318.24, 1.7962
_13623_, 239.44, 318.24, 1.7962
_13628_, 239.44, 318.24, 1.7962
_17260_, 239.44, 318.24, 1.7962
hold873, 239.44, 318.24, 1.7962
_13625_, 252.24, 318.24, 1.79613
_13626_, 252.24, 318.24, 1.79613
_13629_, 252.24, 318.24, 1.79613
_13630_, 252.24, 318.24, 1.79613
_17259_, 252.24, 318.24, 1.79613
_17261_, 252.24, 318.24, 1.79613
FILLER_0_113_539, 252.24, 318.24, 1.79613
_13540_, 265.04, 318.24, 1.79607
_17036_, 265.04, 318.24, 1.79607
_17226_, 265.04, 318.24, 1.79607
FILLER_0_112_562, 265.04, 318.24, 1.79607
FILLER_0_113_551, 265.04, 318.24, 1.79607
_13546_, 277.84, 318.24, 1.79603
_13547_, 277.84, 318.24, 1.79603
_17228_, 277.84, 318.24, 1.79603
_13544_, 290.64, 318.24, 1.79599
_15201_, 290.64, 318.24, 1.79599
_17229_, 290.64, 318.24, 1.79599
clkbuf_leaf_7_clk, 290.64, 318.24, 1.79599
ANTENNA_147, 290.64, 318.24, 1.79599
FILLER_0_113_606, 290.64, 318.24, 1.79599
_16216_, 303.44, 318.24, 1.79601
_18026_, 303.44, 318.24, 1.79601
FILLER_0_113_661, 303.44, 318.24, 1.79601
FILLER_0_114_657, 303.44, 318.24, 1.79601
_16222_, 316.24, 318.24, 1.79604
_17708_, 316.24, 318.24, 1.79604
_18090_, 316.24, 318.24, 1.79604
hold1118, 316.24, 318.24, 1.79604
FILLER_0_113_669, 316.24, 318.24, 1.79604
FILLER_0_113_685, 316.24, 318.24, 1.79604
_09223_, 341.84, 318.24, 1.79601
_11320_, 341.84, 318.24, 1.79601
FILLER_0_113_720, 341.84, 318.24, 1.79601
_09094_, 354.64, 318.24, 1.79594
ANTENNA_102, 354.64, 318.24, 1.79594
FILLER_0_112_757, 354.64, 318.24, 1.79594
FILLER_0_113_754, 354.64, 318.24, 1.79594
_10375_, 367.44, 318.24, 1.79588
_15798_, 367.44, 318.24, 1.79588
_10645_, 380.24, 318.24, 1.79582
_11321_, 380.24, 318.24, 1.79582
_13840_, 380.24, 318.24, 1.79582
_17331_, 380.24, 318.24, 1.79582
FILLER_0_113_809, 380.24, 318.24, 1.79582
_13566_, 393.04, 318.24, 1.79578
FILLER_0_113_831, 393.04, 318.24, 1.79578
FILLER_0_113_853, 393.04, 318.24, 1.79578
FILLER_0_114_852, 393.04, 318.24, 1.79578
_08373_, 405.84, 318.24, 1.79574
_08377_, 405.84, 318.24, 1.79574
_08384_, 405.84, 318.24, 1.79574
_08387_, 405.84, 318.24, 1.79574
_08388_, 405.84, 318.24, 1.79574
_11423_, 405.84, 318.24, 1.79574
ANTENNA_175, 405.84, 318.24, 1.79574
FILLER_0_112_865, 405.84, 318.24, 1.79574
FILLER_0_113_879, 405.84, 318.24, 1.79574
FILLER_0_114_883, 405.84, 318.24, 1.79574
_08425_, 418.64, 318.24, 1.7957
_13917_, 418.64, 318.24, 1.7957
_17364_, 418.64, 318.24, 1.7957
hold719, 418.64, 318.24, 1.7957
FILLER_0_113_905, 418.64, 318.24, 1.7957
_16480_, 431.44, 318.24, 1.79567
_17587_, 431.44, 318.24, 1.79567
_18136_, 431.44, 318.24, 1.79567
hold594, 431.44, 318.24, 1.79567
FILLER_0_112_915, 431.44, 318.24, 1.79567
FILLER_0_112_925, 431.44, 318.24, 1.79567
FILLER_0_113_937, 431.44, 318.24, 1.79567
_10861_, 444.24, 318.24, 1.79566
_11023_, 444.24, 318.24, 1.79566
_14992_, 444.24, 318.24, 1.79566
_17488_, 444.24, 318.24, 1.79566
hold1014, 444.24, 318.24, 1.79566
FILLER_0_113_943, 444.24, 318.24, 1.79566
FILLER_0_113_958, 444.24, 318.24, 1.79566
_08592_, 457.04, 318.24, 1.79566
_11439_, 457.04, 318.24, 1.79566
_14534_, 457.04, 318.24, 1.79566
_14535_, 457.04, 318.24, 1.79566
FILLER_0_112_972, 457.04, 318.24, 1.79566
_10637_, 469.84, 318.24, 1.79566
_10860_, 469.84, 318.24, 1.79566
_14495_, 469.84, 318.24, 1.79566
hold491, 469.84, 318.24, 1.79566
FILLER_0_113_1000, 469.84, 318.24, 1.79566
_10566_, 495.44, 318.24, 1.79563
_14533_, 495.44, 318.24, 1.79563
_17572_, 495.44, 318.24, 1.79563
FILLER_0_113_1059, 495.44, 318.24, 1.79563
FILLER_0_114_1071, 495.44, 318.24, 1.79563
_14956_, 508.24, 318.24, 1.7956
_15281_, 508.24, 318.24, 1.7956
_15284_, 508.24, 318.24, 1.7956
hold568, 508.24, 318.24, 1.7956
hold780, 508.24, 318.24, 1.7956
FILLER_0_113_1103, 508.24, 318.24, 1.7956
_10627_, 521.04, 318.24, 1.79557
_11063_, 521.04, 318.24, 1.79557
_11448_, 521.04, 318.24, 1.79557
_11449_, 521.04, 318.24, 1.79557
FILLER_0_112_1115, 521.04, 318.24, 1.79557
FILLER_0_113_1117, 521.04, 318.24, 1.79557
_08496_, 533.84, 318.24, 1.79555
_08503_, 533.84, 318.24, 1.79555
_08566_, 533.84, 318.24, 1.79555
_10589_, 533.84, 318.24, 1.79555
_10610_, 533.84, 318.24, 1.79555
FILLER_0_112_1139, 533.84, 318.24, 1.79555
FILLER_0_112_1145, 533.84, 318.24, 1.79555
FILLER_0_113_1149, 533.84, 318.24, 1.79555
FILLER_0_114_1149, 533.84, 318.24, 1.79555
_10565_, 546.64, 318.24, 1.79555
_14675_, 546.64, 318.24, 1.79555
hold565, 546.64, 318.24, 1.79555
FILLER_0_113_1167, 546.64, 318.24, 1.79555
_14676_, 559.44, 318.24, 1.79554
_15772_, 559.44, 318.24, 1.79554
_15773_, 559.44, 318.24, 1.79554
hold853, 559.44, 318.24, 1.79554
FILLER_0_113_1210, 559.44, 318.24, 1.79554
FILLER_0_114_1205, 559.44, 318.24, 1.79554
_14677_, 572.24, 318.24, 1.79554
_14679_, 572.24, 318.24, 1.79554
_14680_, 572.24, 318.24, 1.79554
_15901_, 572.24, 318.24, 1.79554
_17538_, 572.24, 318.24, 1.79554
hold432, 572.24, 318.24, 1.79554
FILLER_0_112_1221, 572.24, 318.24, 1.79554
_08666_, 585.04, 318.24, 1.79555
FILLER_0_112_1252, 585.04, 318.24, 1.79555
FILLER_0_114_1273, 585.04, 318.24, 1.79555
_10595_, 597.84, 318.24, 1.79556
_15865_, 610.64, 318.24, 1.79557
_15951_, 610.64, 318.24, 1.79557
_15952_, 610.64, 318.24, 1.79557
_15955_, 610.64, 318.24, 1.79557
hold470, 610.64, 318.24, 1.79557
FILLER_0_113_1325, 610.64, 318.24, 1.79557
_15907_, 623.44, 318.24, 1.79559
_17891_, 623.44, 318.24, 1.79559
_17909_, 623.44, 318.24, 1.79559
hold450, 623.44, 318.24, 1.79559
hold995, 623.44, 318.24, 1.79559
FILLER_0_113_1339, 623.44, 318.24, 1.79559
PHY_220, 5.52, 312.8, 1.79701
PHY_222, 5.52, 312.8, 1.79701
FILLER_0_111_51, 34.64, 312.8, 1.79697
FILLER_0_112_77, 34.64, 312.8, 1.79697
FILLER_0_111_105, 47.44, 312.8, 1.79693
FILLER_0_110_133, 73.04, 312.8, 1.79685
FILLER_0_111_161, 85.84, 312.8, 1.79681
FILLER_0_110_189, 98.64, 312.8, 1.79677
FILLER_0_111_217, 111.44, 312.8, 1.79673
FILLER_0_110_245, 124.24, 312.8, 1.79669
FILLER_0_111_273, 137.04, 312.8, 1.79665
FILLER_0_110_301, 149.84, 312.8, 1.7966
clkbuf_5_2__f_clk, 162.64, 312.8, 1.79656
FILLER_0_111_329, 162.64, 312.8, 1.79656
FILLER_0_111_349, 162.64, 312.8, 1.79656
clkbuf_5_3__f_clk, 188.24, 312.8, 1.79643
FILLER_0_111_387, 188.24, 312.8, 1.79643
FILLER_0_110_413, 201.04, 312.8, 1.79634
FILLER_0_111_437, 201.04, 312.8, 1.79634
_13365_, 213.84, 312.8, 1.79626
_13366_, 213.84, 312.8, 1.79626
_17162_, 213.84, 312.8, 1.79626
_17164_, 213.84, 312.8, 1.79626
FILLER_0_111_445, 213.84, 312.8, 1.79626
FILLER_0_112_457, 213.84, 312.8, 1.79626
_13364_, 226.64, 312.8, 1.79618
hold1182, 226.64, 312.8, 1.79618
hold1186, 226.64, 312.8, 1.79618
FILLER_0_110_473, 226.64, 312.8, 1.79618
FILLER_0_111_483, 226.64, 312.8, 1.79618
_13627_, 239.44, 312.8, 1.79612
_13711_, 239.44, 312.8, 1.79612
FILLER_0_111_497, 239.44, 312.8, 1.79612
FILLER_0_112_520, 239.44, 312.8, 1.79612
_13717_, 252.24, 312.8, 1.79605
hold947, 252.24, 312.8, 1.79605
hold1093, 252.24, 312.8, 1.79605
FILLER_0_111_529, 252.24, 312.8, 1.79605
_12858_, 265.04, 312.8, 1.79598
_12861_, 265.04, 312.8, 1.79598
_12862_, 265.04, 312.8, 1.79598
_13541_, 265.04, 312.8, 1.79598
FILLER_0_110_559, 265.04, 312.8, 1.79598
FILLER_0_111_564, 265.04, 312.8, 1.79598
FILLER_0_111_575, 265.04, 312.8, 1.79598
FILLER_0_112_570, 265.04, 312.8, 1.79598
_12864_, 277.84, 312.8, 1.79591
_13550_, 277.84, 312.8, 1.79591
_17037_, 277.84, 312.8, 1.79591
clkbuf_5_6__f_clk, 277.84, 312.8, 1.79591
FILLER_0_110_589, 277.84, 312.8, 1.79591
FILLER_0_112_600, 277.84, 312.8, 1.79591
_13543_, 290.64, 312.8, 1.79591
_13549_, 290.64, 312.8, 1.79591
_17227_, 290.64, 312.8, 1.79591
FILLER_0_111_626, 290.64, 312.8, 1.79591
_13539_, 303.44, 312.8, 1.79592
_16217_, 303.44, 312.8, 1.79592
FILLER_0_110_645, 303.44, 312.8, 1.79592
FILLER_0_111_639, 303.44, 312.8, 1.79592
_15390_, 316.24, 312.8, 1.79593
_15391_, 316.24, 312.8, 1.79593
clkbuf_0_clk, 316.24, 312.8, 1.79593
hold820, 316.24, 312.8, 1.79593
hold1187, 316.24, 312.8, 1.79593
ANTENNA_151, 316.24, 312.8, 1.79593
FILLER_0_110_671, 316.24, 312.8, 1.79593
FILLER_0_111_673, 316.24, 312.8, 1.79593
_11319_, 341.84, 312.8, 1.796
FILLER_0_111_720, 341.84, 312.8, 1.796
FILLER_0_111_741, 341.84, 312.8, 1.796
_09089_, 354.64, 312.8, 1.79594
_10379_, 354.64, 312.8, 1.79594
FILLER_0_110_748, 354.64, 312.8, 1.79594
FILLER_0_110_757, 354.64, 312.8, 1.79594
_09093_, 367.44, 312.8, 1.79589
_10380_, 367.44, 312.8, 1.79589
FILLER_0_111_781, 367.44, 312.8, 1.79589
_10633_, 380.24, 312.8, 1.79585
_10644_, 380.24, 312.8, 1.79585
_13644_, 380.24, 312.8, 1.79585
_13839_, 380.24, 312.8, 1.79585
_15796_, 380.24, 312.8, 1.79585
_16369_, 380.24, 312.8, 1.79585
ANTENNA_95, 380.24, 312.8, 1.79585
FILLER_0_110_801, 380.24, 312.8, 1.79585
FILLER_0_110_813, 380.24, 312.8, 1.79585
FILLER_0_111_824, 380.24, 312.8, 1.79585
_11026_, 393.04, 312.8, 1.79581
_13645_, 393.04, 312.8, 1.79581
_17266_, 393.04, 312.8, 1.79581
hold715, 393.04, 312.8, 1.79581
FILLER_0_110_832, 393.04, 312.8, 1.79581
FILLER_0_112_852, 393.04, 312.8, 1.79581
_08381_, 405.84, 312.8, 1.79577
_08383_, 405.84, 312.8, 1.79577
_11028_, 405.84, 312.8, 1.79577
_13916_, 405.84, 312.8, 1.79577
ANTENNA_54, 405.84, 312.8, 1.79577
FILLER_0_110_864, 405.84, 312.8, 1.79577
FILLER_0_110_869, 405.84, 312.8, 1.79577
FILLER_0_111_857, 405.84, 312.8, 1.79577
FILLER_0_112_878, 405.84, 312.8, 1.79577
_13915_, 418.64, 312.8, 1.79574
hold487, 418.64, 312.8, 1.79574
_14990_, 431.44, 312.8, 1.79571
_17586_, 431.44, 312.8, 1.79571
FILLER_0_110_925, 431.44, 312.8, 1.79571
FILLER_0_111_917, 431.44, 312.8, 1.79571
_10608_, 444.24, 312.8, 1.79569
_14728_, 444.24, 312.8, 1.79569
_14988_, 444.24, 312.8, 1.79569
_17554_, 444.24, 312.8, 1.79569
hold1123, 444.24, 312.8, 1.79569
ANTENNA_86, 444.24, 312.8, 1.79569
FILLER_0_112_965, 444.24, 312.8, 1.79569
_14639_, 457.04, 312.8, 1.79568
FILLER_0_110_974, 457.04, 312.8, 1.79568
FILLER_0_110_981, 457.04, 312.8, 1.79568
FILLER_0_112_993, 457.04, 312.8, 1.79568
_11029_, 469.84, 312.8, 1.79567
_14638_, 469.84, 312.8, 1.79567
_15241_, 469.84, 312.8, 1.79567
_17652_, 469.84, 312.8, 1.79567
FILLER_0_111_998, 469.84, 312.8, 1.79567
FILLER_0_111_1005, 469.84, 312.8, 1.79567
FILLER_0_111_1009, 469.84, 312.8, 1.79567
_08488_, 495.44, 312.8, 1.79563
_14957_, 495.44, 312.8, 1.79563
FILLER_0_111_1065, 495.44, 312.8, 1.79563
FILLER_0_111_1071, 495.44, 312.8, 1.79563
_11970_, 508.24, 312.8, 1.79558
_15283_, 508.24, 312.8, 1.79558
_17668_, 508.24, 312.8, 1.79558
hold630, 508.24, 312.8, 1.79558
FILLER_0_110_1083, 508.24, 312.8, 1.79558
FILLER_0_111_1079, 508.24, 312.8, 1.79558
FILLER_0_111_1100, 508.24, 312.8, 1.79558
_08501_, 521.04, 312.8, 1.79555
_08502_, 521.04, 312.8, 1.79555
_10580_, 521.04, 312.8, 1.79555
_10582_, 521.04, 312.8, 1.79555
FILLER_0_110_1116, 521.04, 312.8, 1.79555
_10592_, 533.84, 312.8, 1.79552
_10614_, 533.84, 312.8, 1.79552
_11064_, 533.84, 312.8, 1.79552
FILLER_0_110_1141, 533.84, 312.8, 1.79552
FILLER_0_111_1145, 533.84, 312.8, 1.79552
FILLER_0_112_1149, 533.84, 312.8, 1.79552
_11461_, 546.64, 312.8, 1.79551
_16352_, 546.64, 312.8, 1.79551
_16353_, 546.64, 312.8, 1.79551
_18082_, 546.64, 312.8, 1.79551
FILLER_0_110_1164, 546.64, 312.8, 1.79551
FILLER_0_110_1172, 546.64, 312.8, 1.79551
FILLER_0_112_1190, 546.64, 312.8, 1.79551
_15771_, 559.44, 312.8, 1.7955
_16022_, 559.44, 312.8, 1.7955
_17858_, 559.44, 312.8, 1.7955
FILLER_0_110_1201, 559.44, 312.8, 1.7955
FILLER_0_111_1197, 559.44, 312.8, 1.7955
_11030_, 572.24, 312.8, 1.79551
hold366, 572.24, 312.8, 1.79551
hold392, 572.24, 312.8, 1.79551
FILLER_0_112_1239, 572.24, 312.8, 1.79551
_10609_, 585.04, 312.8, 1.79552
_08614_, 597.84, 312.8, 1.79554
_11458_, 597.84, 312.8, 1.79554
FILLER_0_110_1283, 597.84, 312.8, 1.79554
FILLER_0_111_1283, 597.84, 312.8, 1.79554
FILLER_0_112_1294, 597.84, 312.8, 1.79554
_15864_, 610.64, 312.8, 1.79556
_17923_, 610.64, 312.8, 1.79556
hold395, 610.64, 312.8, 1.79556
FILLER_0_110_1308, 610.64, 312.8, 1.79556
FILLER_0_111_1310, 610.64, 312.8, 1.79556
_15902_, 623.44, 312.8, 1.79558
_17907_, 623.44, 312.8, 1.79558
hold603, 623.44, 312.8, 1.79558
FILLER_0_111_1334, 623.44, 312.8, 1.79558
PHY_216, 5.52, 307.36, 1.79707
PHY_218, 5.52, 307.36, 1.79707
FILLER_0_109_51, 34.64, 307.36, 1.79704
FILLER_0_110_77, 34.64, 307.36, 1.79704
FILLER_0_109_105, 47.44, 307.36, 1.79702
FILLER_0_108_133, 73.04, 307.36, 1.79696
FILLER_0_109_161, 85.84, 307.36, 1.79694
FILLER_0_108_189, 98.64, 307.36, 1.79691
FILLER_0_109_217, 111.44, 307.36, 1.79688
FILLER_0_108_245, 124.24, 307.36, 1.79686
FILLER_0_109_273, 137.04, 307.36, 1.79683
FILLER_0_108_301, 149.84, 307.36, 1.79681
FILLER_0_109_329, 162.64, 307.36, 1.79678
FILLER_0_109_385, 188.24, 307.36, 1.79666
FILLER_0_108_413, 201.04, 307.36, 1.79656
FILLER_0_110_433, 201.04, 307.36, 1.79656
_13369_, 213.84, 307.36, 1.79647
_13370_, 213.84, 307.36, 1.79647
_13372_, 213.84, 307.36, 1.79647
hold1162, 213.84, 307.36, 1.79647
FILLER_0_109_441, 213.84, 307.36, 1.79647
FILLER_0_109_461, 213.84, 307.36, 1.79647
_17290_, 226.64, 307.36, 1.79637
hold1075, 226.64, 307.36, 1.79637
ANTENNA_124, 226.64, 307.36, 1.79637
ANTENNA_134, 226.64, 307.36, 1.79637
FILLER_0_110_485, 226.64, 307.36, 1.79637
_12016_, 239.44, 307.36, 1.79628
_12017_, 239.44, 307.36, 1.79628
_13712_, 239.44, 307.36, 1.79628
_13716_, 239.44, 307.36, 1.79628
_16711_, 239.44, 307.36, 1.79628
FILLER_0_108_500, 239.44, 307.36, 1.79628
FILLER_0_110_513, 239.44, 307.36, 1.79628
_13714_, 252.24, 307.36, 1.79621
_13715_, 252.24, 307.36, 1.79621
_17291_, 252.24, 307.36, 1.79621
_17292_, 252.24, 307.36, 1.79621
hold925, 252.24, 307.36, 1.79621
FILLER_0_108_528, 252.24, 307.36, 1.79621
_12857_, 265.04, 307.36, 1.79615
_17034_, 265.04, 307.36, 1.79615
clkbuf_leaf_5_clk, 265.04, 307.36, 1.79615
FILLER_0_108_553, 265.04, 307.36, 1.79615
FILLER_0_109_553, 265.04, 307.36, 1.79615
FILLER_0_109_561, 265.04, 307.36, 1.79615
_12863_, 277.84, 307.36, 1.79614
FILLER_0_108_583, 277.84, 307.36, 1.79614
FILLER_0_109_592, 277.84, 307.36, 1.79614
_12860_, 290.64, 307.36, 1.79613
_17035_, 290.64, 307.36, 1.79613
_17309_, 290.64, 307.36, 1.79613
FILLER_0_109_606, 290.64, 307.36, 1.79613
FILLER_0_109_617, 290.64, 307.36, 1.79613
_16219_, 303.44, 307.36, 1.79613
_16220_, 303.44, 307.36, 1.79613
_18027_, 303.44, 307.36, 1.79613
FILLER_0_108_635, 303.44, 307.36, 1.79613
FILLER_0_108_645, 303.44, 307.36, 1.79613
FILLER_0_109_643, 303.44, 307.36, 1.79613
_17707_, 316.24, 307.36, 1.79615
hold1020, 316.24, 307.36, 1.79615
FILLER_0_109_664, 316.24, 307.36, 1.79615
FILLER_0_110_684, 316.24, 307.36, 1.79615
_09087_, 341.84, 307.36, 1.79611
_09222_, 341.84, 307.36, 1.79611
FILLER_0_109_729, 341.84, 307.36, 1.79611
FILLER_0_109_740, 341.84, 307.36, 1.79611
_09088_, 354.64, 307.36, 1.79604
_09167_, 354.64, 307.36, 1.79604
_10039_, 354.64, 307.36, 1.79604
FILLER_0_108_752, 354.64, 307.36, 1.79604
FILLER_0_108_757, 354.64, 307.36, 1.79604
_16373_, 367.44, 307.36, 1.79598
_18091_, 367.44, 307.36, 1.79598
FILLER_0_109_780, 367.44, 307.36, 1.79598
FILLER_0_109_785, 367.44, 307.36, 1.79598
FILLER_0_109_793, 367.44, 307.36, 1.79598
FILLER_0_110_793, 367.44, 307.36, 1.79598
_10631_, 380.24, 307.36, 1.79593
_10917_, 380.24, 307.36, 1.79593
hold344, 380.24, 307.36, 1.79593
FILLER_0_108_804, 380.24, 307.36, 1.79593
_11031_, 393.04, 307.36, 1.79588
_13643_, 393.04, 307.36, 1.79588
_13876_, 393.04, 307.36, 1.79588
FILLER_0_109_835, 393.04, 307.36, 1.79588
FILLER_0_109_853, 393.04, 307.36, 1.79588
_13781_, 405.84, 307.36, 1.79584
_13782_, 405.84, 307.36, 1.79584
_17316_, 405.84, 307.36, 1.79584
hold447, 405.84, 307.36, 1.79584
FILLER_0_108_859, 405.84, 307.36, 1.79584
FILLER_0_108_869, 405.84, 307.36, 1.79584
FILLER_0_110_877, 405.84, 307.36, 1.79584
_08628_, 418.64, 307.36, 1.7958
_08630_, 418.64, 307.36, 1.7958
_08684_, 418.64, 307.36, 1.7958
_10629_, 418.64, 307.36, 1.7958
_10630_, 418.64, 307.36, 1.7958
FILLER_0_109_897, 418.64, 307.36, 1.7958
FILLER_0_110_900, 418.64, 307.36, 1.7958
_14989_, 431.44, 307.36, 1.79577
FILLER_0_108_917, 431.44, 307.36, 1.79577
FILLER_0_108_925, 431.44, 307.36, 1.79577
FILLER_0_110_939, 431.44, 307.36, 1.79577
_11032_, 444.24, 307.36, 1.79574
_14727_, 444.24, 307.36, 1.79574
hold782, 444.24, 307.36, 1.79574
FILLER_0_109_949, 444.24, 307.36, 1.79574
_10628_, 457.04, 307.36, 1.79571
_14730_, 457.04, 307.36, 1.79571
_17521_, 457.04, 307.36, 1.79571
_17555_, 457.04, 307.36, 1.79571
FILLER_0_108_970, 457.04, 307.36, 1.79571
FILLER_0_108_976, 457.04, 307.36, 1.79571
FILLER_0_109_986, 457.04, 307.36, 1.79571
_10626_, 469.84, 307.36, 1.7957
_15240_, 469.84, 307.36, 1.7957
hold834, 469.84, 307.36, 1.7957
hold914, 469.84, 307.36, 1.7957
FILLER_0_108_1002, 469.84, 307.36, 1.7957
FILLER_0_109_1005, 469.84, 307.36, 1.7957
FILLER_0_109_1017, 469.84, 307.36, 1.7957
_08491_, 495.44, 307.36, 1.79565
_08583_, 495.44, 307.36, 1.79565
_11432_, 495.44, 307.36, 1.79565
FILLER_0_109_1056, 495.44, 307.36, 1.79565
_11428_, 508.24, 307.36, 1.79561
_14954_, 508.24, 307.36, 1.79561
hold730, 508.24, 307.36, 1.79561
FILLER_0_110_1105, 508.24, 307.36, 1.79561
_11020_, 521.04, 307.36, 1.79557
_11459_, 521.04, 307.36, 1.79557
_11462_, 521.04, 307.36, 1.79557
_11463_, 521.04, 307.36, 1.79557
FILLER_0_109_1114, 521.04, 307.36, 1.79557
FILLER_0_110_1130, 521.04, 307.36, 1.79557
_10583_, 533.84, 307.36, 1.79555
_10593_, 533.84, 307.36, 1.79555
_10613_, 533.84, 307.36, 1.79555
_11453_, 533.84, 307.36, 1.79555
FILLER_0_108_1137, 533.84, 307.36, 1.79555
FILLER_0_108_1145, 533.84, 307.36, 1.79555
FILLER_0_109_1139, 533.84, 307.36, 1.79555
FILLER_0_109_1149, 533.84, 307.36, 1.79555
FILLER_0_109_1162, 533.84, 307.36, 1.79555
_10598_, 546.64, 307.36, 1.79554
_10604_, 546.64, 307.36, 1.79554
_10607_, 546.64, 307.36, 1.79554
_16246_, 546.64, 307.36, 1.79554
_16351_, 546.64, 307.36, 1.79554
FILLER_0_108_1174, 546.64, 307.36, 1.79554
FILLER_0_109_1172, 546.64, 307.36, 1.79554
FILLER_0_109_1177, 546.64, 307.36, 1.79554
_10584_, 559.44, 307.36, 1.79553
_14673_, 559.44, 307.36, 1.79553
_14674_, 559.44, 307.36, 1.79553
_15693_, 559.44, 307.36, 1.79553
_17536_, 559.44, 307.36, 1.79553
FILLER_0_109_1206, 559.44, 307.36, 1.79553
_10594_, 572.24, 307.36, 1.79553
_10755_, 572.24, 307.36, 1.79553
_11058_, 572.24, 307.36, 1.79553
_14672_, 572.24, 307.36, 1.79553
ANTENNA_218, 572.24, 307.36, 1.79553
FILLER_0_108_1225, 572.24, 307.36, 1.79553
FILLER_0_109_1243, 572.24, 307.36, 1.79553
FILLER_0_110_1234, 572.24, 307.36, 1.79553
_08549_, 585.04, 307.36, 1.79553
_15696_, 585.04, 307.36, 1.79553
_15697_, 585.04, 307.36, 1.79553
_17826_, 585.04, 307.36, 1.79553
FILLER_0_109_1267, 585.04, 307.36, 1.79553
FILLER_0_110_1261, 585.04, 307.36, 1.79553
_10606_, 597.84, 307.36, 1.79555
hold335, 597.84, 307.36, 1.79555
_15953_, 610.64, 307.36, 1.79557
FILLER_0_109_1325, 610.64, 307.36, 1.79557
_15867_, 623.44, 307.36, 1.79559
_15906_, 623.44, 307.36, 1.79559
_17892_, 623.44, 307.36, 1.79559
hold501, 623.44, 307.36, 1.79559
FILLER_0_109_1345, 623.44, 307.36, 1.79559
PHY_212, 5.52, 301.92, 1.79712
PHY_214, 5.52, 301.92, 1.79712
FILLER_0_107_51, 34.64, 301.92, 1.79709
FILLER_0_108_77, 34.64, 301.92, 1.79709
FILLER_0_107_105, 47.44, 301.92, 1.79707
FILLER_0_106_133, 73.04, 301.92, 1.79701
FILLER_0_107_161, 85.84, 301.92, 1.79698
FILLER_0_106_189, 98.64, 301.92, 1.79696
FILLER_0_107_217, 111.44, 301.92, 1.79693
FILLER_0_106_245, 124.24, 301.92, 1.7969
FILLER_0_107_273, 137.04, 301.92, 1.79687
FILLER_0_106_301, 149.84, 301.92, 1.79684
FILLER_0_107_329, 162.64, 301.92, 1.79682
FILLER_0_107_385, 188.24, 301.92, 1.79667
_17181_, 201.04, 301.92, 1.79654
_13367_, 213.84, 301.92, 1.79643
_13368_, 213.84, 301.92, 1.79643
_13371_, 213.84, 301.92, 1.79643
_17163_, 213.84, 301.92, 1.79643
_17165_, 213.84, 301.92, 1.79643
FILLER_0_106_439, 213.84, 301.92, 1.79643
FILLER_0_107_441, 213.84, 301.92, 1.79643
FILLER_0_108_457, 213.84, 301.92, 1.79643
_12013_, 226.64, 301.92, 1.79633
_13713_, 226.64, 301.92, 1.79633
clkbuf_leaf_2_clk, 226.64, 301.92, 1.79633
FILLER_0_106_469, 226.64, 301.92, 1.79633
FILLER_0_107_475, 226.64, 301.92, 1.79633
FILLER_0_107_483, 226.64, 301.92, 1.79633
_12011_, 239.44, 301.92, 1.79627
_12012_, 239.44, 301.92, 1.79627
ANTENNA_105, 239.44, 301.92, 1.79627
FILLER_0_107_501, 239.44, 301.92, 1.79627
FILLER_0_107_515, 239.44, 301.92, 1.79627
_13718_, 252.24, 301.92, 1.79622
_13719_, 252.24, 301.92, 1.79622
_17293_, 252.24, 301.92, 1.79622
_17306_, 252.24, 301.92, 1.79622
FILLER_0_106_525, 252.24, 301.92, 1.79622
_12772_, 265.04, 301.92, 1.79619
_13538_, 265.04, 301.92, 1.79619
_13752_, 265.04, 301.92, 1.79619
_13753_, 265.04, 301.92, 1.79619
FILLER_0_106_556, 265.04, 301.92, 1.79619
_13757_, 277.84, 301.92, 1.79616
_16124_, 277.84, 301.92, 1.79616
_16214_, 277.84, 301.92, 1.79616
_17308_, 277.84, 301.92, 1.79616
FILLER_0_107_604, 277.84, 301.92, 1.79616
FILLER_0_108_601, 277.84, 301.92, 1.79616
_12859_, 290.64, 301.92, 1.79614
_13548_, 290.64, 301.92, 1.79614
_13758_, 290.64, 301.92, 1.79614
_13759_, 290.64, 301.92, 1.79614
clkbuf_leaf_6_clk, 290.64, 301.92, 1.79614
FILLER_0_107_626, 290.64, 301.92, 1.79614
FILLER_0_108_623, 290.64, 301.92, 1.79614
_12856_, 303.44, 301.92, 1.79616
_16226_, 303.44, 301.92, 1.79616
hold1124, 303.44, 301.92, 1.79616
_15388_, 316.24, 301.92, 1.79618
_15389_, 316.24, 301.92, 1.79618
FILLER_0_107_662, 316.24, 301.92, 1.79618
FILLER_0_107_688, 316.24, 301.92, 1.79618
_09275_, 341.84, 301.92, 1.79611
_09276_, 341.84, 301.92, 1.79611
hold612, 341.84, 301.92, 1.79611
FILLER_0_107_718, 341.84, 301.92, 1.79611
FILLER_0_108_740, 341.84, 301.92, 1.79611
_09086_, 354.64, 301.92, 1.79603
_09090_, 354.64, 301.92, 1.79603
_09168_, 354.64, 301.92, 1.79603
_09277_, 354.64, 301.92, 1.79603
_10916_, 354.64, 301.92, 1.79603
FILLER_0_106_757, 354.64, 301.92, 1.79603
FILLER_0_107_761, 354.64, 301.92, 1.79603
FILLER_0_107_770, 354.64, 301.92, 1.79603
_09092_, 367.44, 301.92, 1.79596
_09169_, 367.44, 301.92, 1.79596
_16372_, 367.44, 301.92, 1.79596
FILLER_0_106_783, 367.44, 301.92, 1.79596
FILLER_0_108_791, 367.44, 301.92, 1.79596
_15800_, 380.24, 301.92, 1.79589
_17867_, 380.24, 301.92, 1.79589
hold484, 380.24, 301.92, 1.79589
FILLER_0_107_806, 380.24, 301.92, 1.79589
_13877_, 393.04, 301.92, 1.79583
_17347_, 393.04, 301.92, 1.79583
hold1004, 393.04, 301.92, 1.79583
FILLER_0_106_842, 393.04, 301.92, 1.79583
FILLER_0_107_831, 393.04, 301.92, 1.79583
_13783_, 405.84, 301.92, 1.79578
_17317_, 405.84, 301.92, 1.79578
hold767, 405.84, 301.92, 1.79578
FILLER_0_106_859, 405.84, 301.92, 1.79578
FILLER_0_107_882, 405.84, 301.92, 1.79578
FILLER_0_108_883, 405.84, 301.92, 1.79578
_08626_, 418.64, 301.92, 1.79573
_08682_, 418.64, 301.92, 1.79573
FILLER_0_107_909, 418.64, 301.92, 1.79573
FILLER_0_108_904, 418.64, 301.92, 1.79573
_08680_, 431.44, 301.92, 1.79569
_11174_, 431.44, 301.92, 1.79569
_11175_, 431.44, 301.92, 1.79569
FILLER_0_106_916, 431.44, 301.92, 1.79569
_10372_, 444.24, 301.92, 1.79565
_10918_, 444.24, 301.92, 1.79565
_11176_, 444.24, 301.92, 1.79565
FILLER_0_106_949, 444.24, 301.92, 1.79565
FILLER_0_108_962, 444.24, 301.92, 1.79565
_14729_, 457.04, 301.92, 1.79562
_16319_, 457.04, 301.92, 1.79562
_16624_, 457.04, 301.92, 1.79562
clkbuf_leaf_130_clk, 457.04, 301.92, 1.79562
_10063_, 469.84, 301.92, 1.79564
_11036_, 469.84, 301.92, 1.79564
_11066_, 469.84, 301.92, 1.79564
_14637_, 469.84, 301.92, 1.79564
hold1033, 469.84, 301.92, 1.79564
FILLER_0_106_1005, 469.84, 301.92, 1.79564
_10034_, 495.44, 301.92, 1.7956
_10362_, 495.44, 301.92, 1.7956
_11429_, 495.44, 301.92, 1.7956
_11433_, 495.44, 301.92, 1.7956
_15238_, 495.44, 301.92, 1.7956
FILLER_0_107_1053, 495.44, 301.92, 1.7956
FILLER_0_107_1061, 495.44, 301.92, 1.7956
FILLER_0_108_1066, 495.44, 301.92, 1.7956
_10597_, 508.24, 301.92, 1.79554
_14955_, 508.24, 301.92, 1.79554
_17571_, 508.24, 301.92, 1.79554
FILLER_0_107_1081, 508.24, 301.92, 1.79554
FILLER_0_107_1106, 508.24, 301.92, 1.79554
FILLER_0_108_1096, 508.24, 301.92, 1.79554
_08499_, 521.04, 301.92, 1.7955
_10575_, 521.04, 301.92, 1.7955
_11065_, 521.04, 301.92, 1.7955
_11443_, 521.04, 301.92, 1.7955
_11444_, 521.04, 301.92, 1.7955
FILLER_0_106_1112, 521.04, 301.92, 1.7955
FILLER_0_107_1121, 521.04, 301.92, 1.7955
_10605_, 533.84, 301.92, 1.79546
_11452_, 533.84, 301.92, 1.79546
_11456_, 533.84, 301.92, 1.79546
_11457_, 533.84, 301.92, 1.79546
FILLER_0_106_1138, 533.84, 301.92, 1.79546
FILLER_0_107_1140, 533.84, 301.92, 1.79546
FILLER_0_108_1155, 533.84, 301.92, 1.79546
_10599_, 546.64, 301.92, 1.79543
_16245_, 546.64, 301.92, 1.79543
_16720_, 546.64, 301.92, 1.79543
_18036_, 546.64, 301.92, 1.79543
FILLER_0_107_1170, 546.64, 301.92, 1.79543
FILLER_0_107_1177, 546.64, 301.92, 1.79543
_10363_, 559.44, 301.92, 1.79541
_10603_, 559.44, 301.92, 1.79541
hold549, 559.44, 301.92, 1.79541
FILLER_0_106_1199, 559.44, 301.92, 1.79541
FILLER_0_107_1195, 559.44, 301.92, 1.79541
FILLER_0_108_1216, 559.44, 301.92, 1.79541
_10364_, 572.24, 301.92, 1.7954
_15695_, 572.24, 301.92, 1.7954
_16157_, 572.24, 301.92, 1.7954
_18004_, 572.24, 301.92, 1.7954
clkbuf_leaf_145_clk, 572.24, 301.92, 1.7954
ANTENNA_79, 572.24, 301.92, 1.7954
FILLER_0_107_1224, 572.24, 301.92, 1.7954
FILLER_0_107_1233, 572.24, 301.92, 1.7954
_08548_, 585.04, 301.92, 1.79543
_08550_, 585.04, 301.92, 1.79543
_08613_, 585.04, 301.92, 1.79543
_08663_, 585.04, 301.92, 1.79543
_08667_, 585.04, 301.92, 1.79543
FILLER_0_107_1261, 585.04, 301.92, 1.79543
_08615_, 597.84, 301.92, 1.79547
_08668_, 597.84, 301.92, 1.79547
_08669_, 597.84, 301.92, 1.79547
FILLER_0_107_1284, 597.84, 301.92, 1.79547
_15866_, 610.64, 301.92, 1.79551
_15954_, 610.64, 301.92, 1.79551
_17924_, 610.64, 301.92, 1.79551
hold435, 610.64, 301.92, 1.79551
FILLER_0_106_1309, 610.64, 301.92, 1.79551
FILLER_0_107_1322, 610.64, 301.92, 1.79551
_15905_, 623.44, 301.92, 1.79555
_17908_, 623.44, 301.92, 1.79555
hold941, 623.44, 301.92, 1.79555
FILLER_0_107_1335, 623.44, 301.92, 1.79555
FILLER_0_107_1354, 623.44, 301.92, 1.79555
PHY_208, 5.52, 296.48, 1.79718
PHY_210, 5.52, 296.48, 1.79718
ANTENNA_222, 13.68, 296.48, 1.79718
FILLER_0_105_51, 34.64, 296.48, 1.79715
FILLER_0_106_77, 34.64, 296.48, 1.79715
FILLER_0_105_105, 47.44, 296.48, 1.79713
FILLER_0_104_133, 73.04, 296.48, 1.79707
FILLER_0_105_161, 85.84, 296.48, 1.79705
FILLER_0_104_189, 98.64, 296.48, 1.79702
FILLER_0_105_217, 111.44, 296.48, 1.797
FILLER_0_104_245, 124.24, 296.48, 1.79697
FILLER_0_105_273, 137.04, 296.48, 1.79695
FILLER_0_104_301, 149.84, 296.48, 1.79692
FILLER_0_105_329, 162.64, 296.48, 1.7969
_12996_, 188.24, 296.48, 1.79677
_17085_, 188.24, 296.48, 1.79677
FILLER_0_105_385, 188.24, 296.48, 1.79677
FILLER_0_105_405, 188.24, 296.48, 1.79677
FILLER_0_106_401, 188.24, 296.48, 1.79677
_12994_, 201.04, 296.48, 1.79668
_13410_, 201.04, 296.48, 1.79668
hold1181, 201.04, 296.48, 1.79668
FILLER_0_104_414, 201.04, 296.48, 1.79668
FILLER_0_105_429, 201.04, 296.48, 1.79668
_13592_, 213.84, 296.48, 1.7966
_16712_, 213.84, 296.48, 1.7966
_17245_, 213.84, 296.48, 1.7966
_12020_, 226.64, 296.48, 1.79652
_12021_, 226.64, 296.48, 1.79652
_16710_, 226.64, 296.48, 1.79652
FILLER_0_104_470, 226.64, 296.48, 1.79652
FILLER_0_105_478, 226.64, 296.48, 1.79652
_12024_, 239.44, 296.48, 1.79646
_12025_, 239.44, 296.48, 1.79646
_16713_, 239.44, 296.48, 1.79646
FILLER_0_104_502, 239.44, 296.48, 1.79646
FILLER_0_105_498, 239.44, 296.48, 1.79646
FILLER_0_105_505, 239.44, 296.48, 1.79646
_10753_, 252.24, 296.48, 1.7964
FILLER_0_106_542, 252.24, 296.48, 1.7964
FILLER_0_106_550, 252.24, 296.48, 1.7964
_10090_, 265.04, 296.48, 1.79635
_10091_, 265.04, 296.48, 1.79635
_10092_, 265.04, 296.48, 1.79635
_12009_, 265.04, 296.48, 1.79635
_13802_, 265.04, 296.48, 1.79635
_14559_, 265.04, 296.48, 1.79635
_17597_, 265.04, 296.48, 1.79635
FILLER_0_105_557, 265.04, 296.48, 1.79635
_12779_, 277.84, 296.48, 1.79631
_13545_, 277.84, 296.48, 1.79631
_13756_, 277.84, 296.48, 1.79631
FILLER_0_104_580, 277.84, 296.48, 1.79631
FILLER_0_104_589, 277.84, 296.48, 1.79631
FILLER_0_105_600, 277.84, 296.48, 1.79631
FILLER_0_106_605, 277.84, 296.48, 1.79631
_10107_, 290.64, 296.48, 1.79628
_12782_, 290.64, 296.48, 1.79628
_13542_, 290.64, 296.48, 1.79628
_13755_, 290.64, 296.48, 1.79628
_16224_, 290.64, 296.48, 1.79628
_17307_, 290.64, 296.48, 1.79628
FILLER_0_105_620, 290.64, 296.48, 1.79628
_13751_, 303.44, 296.48, 1.79625
_16225_, 303.44, 296.48, 1.79625
_18029_, 303.44, 296.48, 1.79625
hold1057, 303.44, 296.48, 1.79625
FILLER_0_104_639, 303.44, 296.48, 1.79625
FILLER_0_105_642, 303.44, 296.48, 1.79625
_15341_, 316.24, 296.48, 1.79624
_15429_, 316.24, 296.48, 1.79624
_15430_, 316.24, 296.48, 1.79624
_16215_, 316.24, 296.48, 1.79624
_17725_, 316.24, 296.48, 1.79624
FILLER_0_104_667, 316.24, 296.48, 1.79624
FILLER_0_105_663, 316.24, 296.48, 1.79624
_10701_, 341.84, 296.48, 1.7961
_10713_, 341.84, 296.48, 1.7961
_15422_, 341.84, 296.48, 1.7961
clkbuf_leaf_126_clk, 341.84, 296.48, 1.7961
FILLER_0_105_724, 341.84, 296.48, 1.7961
_09095_, 354.64, 296.48, 1.796
_09224_, 354.64, 296.48, 1.796
_12899_, 354.64, 296.48, 1.796
_17051_, 354.64, 296.48, 1.796
FILLER_0_106_765, 354.64, 296.48, 1.796
_09091_, 367.44, 296.48, 1.79591
_09170_, 367.44, 296.48, 1.79591
_15424_, 367.44, 296.48, 1.79591
_15795_, 367.44, 296.48, 1.79591
_17722_, 367.44, 296.48, 1.79591
clkbuf_leaf_127_clk, 367.44, 296.48, 1.79591
FILLER_0_105_785, 367.44, 296.48, 1.79591
FILLER_0_106_795, 367.44, 296.48, 1.79591
_15426_, 380.24, 296.48, 1.79587
_15801_, 380.24, 296.48, 1.79587
hold1063, 380.24, 296.48, 1.79587
_13563_, 393.04, 296.48, 1.79584
_13565_, 393.04, 296.48, 1.79584
_13784_, 393.04, 296.48, 1.79584
hold1188, 393.04, 296.48, 1.79584
ANTENNA_128, 393.04, 296.48, 1.79584
FILLER_0_105_831, 393.04, 296.48, 1.79584
FILLER_0_105_841, 393.04, 296.48, 1.79584
FILLER_0_105_855, 393.04, 296.48, 1.79584
FILLER_0_106_851, 393.04, 296.48, 1.79584
_11424_, 405.84, 296.48, 1.7958
_11427_, 405.84, 296.48, 1.7958
ANTENNA_103, 405.84, 296.48, 1.7958
FILLER_0_104_865, 405.84, 296.48, 1.7958
FILLER_0_104_869, 405.84, 296.48, 1.7958
_08627_, 418.64, 296.48, 1.79577
_08629_, 418.64, 296.48, 1.79577
_08631_, 418.64, 296.48, 1.79577
_08634_, 418.64, 296.48, 1.79577
_08681_, 418.64, 296.48, 1.79577
_08683_, 418.64, 296.48, 1.79577
_08685_, 418.64, 296.48, 1.79577
_08688_, 418.64, 296.48, 1.79577
FILLER_0_105_897, 418.64, 296.48, 1.79577
FILLER_0_104_921, 431.44, 296.48, 1.79574
FILLER_0_104_925, 431.44, 296.48, 1.79574
_10562_, 444.24, 296.48, 1.79572
_11073_, 444.24, 296.48, 1.79572
_11435_, 444.24, 296.48, 1.79572
_18068_, 444.24, 296.48, 1.79572
FILLER_0_105_942, 444.24, 296.48, 1.79572
_10064_, 457.04, 296.48, 1.79571
_16320_, 457.04, 296.48, 1.79571
hold967, 457.04, 296.48, 1.79571
FILLER_0_104_972, 457.04, 296.48, 1.79571
FILLER_0_104_981, 457.04, 296.48, 1.79571
FILLER_0_106_990, 457.04, 296.48, 1.79571
_14636_, 469.84, 296.48, 1.79571
_17520_, 469.84, 296.48, 1.79571
FILLER_0_105_998, 469.84, 296.48, 1.79571
FILLER_0_105_1009, 469.84, 296.48, 1.79571
FILLER_0_105_1022, 469.84, 296.48, 1.79571
_13741_, 495.44, 296.48, 1.79567
_15239_, 495.44, 296.48, 1.79567
_17301_, 495.44, 296.48, 1.79567
_17651_, 495.44, 296.48, 1.79567
hold829, 495.44, 296.48, 1.79567
FILLER_0_105_1060, 495.44, 296.48, 1.79567
FILLER_0_105_1077, 495.44, 296.48, 1.79567
_16190_, 508.24, 296.48, 1.79565
_16192_, 508.24, 296.48, 1.79565
hold712, 508.24, 296.48, 1.79565
FILLER_0_104_1089, 508.24, 296.48, 1.79565
FILLER_0_106_1105, 508.24, 296.48, 1.79565
_10612_, 521.04, 296.48, 1.79562
_11071_, 521.04, 296.48, 1.79562
_16149_, 521.04, 296.48, 1.79562
_16191_, 521.04, 296.48, 1.79562
hold685, 521.04, 296.48, 1.79562
FILLER_0_104_1119, 521.04, 296.48, 1.79562
FILLER_0_105_1116, 521.04, 296.48, 1.79562
FILLER_0_105_1133, 521.04, 296.48, 1.79562
FILLER_0_106_1128, 521.04, 296.48, 1.79562
_11060_, 533.84, 296.48, 1.7956
_11068_, 533.84, 296.48, 1.7956
_12053_, 533.84, 296.48, 1.7956
_12054_, 533.84, 296.48, 1.7956
FILLER_0_104_1139, 533.84, 296.48, 1.7956
FILLER_0_105_1153, 533.84, 296.48, 1.7956
FILLER_0_106_1149, 533.84, 296.48, 1.7956
FILLER_0_106_1157, 533.84, 296.48, 1.7956
_16153_, 546.64, 296.48, 1.79558
_18002_, 546.64, 296.48, 1.79558
hold448, 546.64, 296.48, 1.79558
FILLER_0_105_1168, 546.64, 296.48, 1.79558
_08662_, 559.44, 296.48, 1.79557
hold514, 559.44, 296.48, 1.79557
FILLER_0_106_1217, 559.44, 296.48, 1.79557
_11059_, 572.24, 296.48, 1.79557
_16156_, 572.24, 296.48, 1.79557
_18005_, 572.24, 296.48, 1.79557
hold527, 572.24, 296.48, 1.79557
FILLER_0_105_1226, 572.24, 296.48, 1.79557
_08609_, 585.04, 296.48, 1.79557
_08616_, 585.04, 296.48, 1.79557
_08670_, 585.04, 296.48, 1.79557
_11057_, 597.84, 296.48, 1.79558
FILLER_0_105_1301, 597.84, 296.48, 1.79558
_15949_, 610.64, 296.48, 1.79559
_17922_, 610.64, 296.48, 1.79559
hold363, 610.64, 296.48, 1.79559
hold422, 610.64, 296.48, 1.79559
_15824_, 623.44, 296.48, 1.79561
_15900_, 623.44, 296.48, 1.79561
hold655, 623.44, 296.48, 1.79561
FILLER_0_105_1334, 623.44, 296.48, 1.79561
FILLER_0_105_1356, 623.44, 296.48, 1.79561
PHY_204, 5.52, 291.04, 1.79723
PHY_206, 5.52, 291.04, 1.79723
output72, 5.52, 291.04, 1.79723
FILLER_0_104_25, 13.68, 291.04, 1.79723
FILLER_0_103_51, 34.64, 291.04, 1.79721
FILLER_0_104_77, 34.64, 291.04, 1.79721
FILLER_0_103_105, 47.44, 291.04, 1.79718
FILLER_0_102_133, 73.04, 291.04, 1.79714
FILLER_0_103_161, 85.84, 291.04, 1.79711
FILLER_0_102_189, 98.64, 291.04, 1.79709
FILLER_0_103_217, 111.44, 291.04, 1.79707
FILLER_0_102_245, 124.24, 291.04, 1.79704
FILLER_0_103_273, 137.04, 291.04, 1.79702
FILLER_0_102_301, 149.84, 291.04, 1.797
FILLER_0_103_329, 162.64, 291.04, 1.79697
_13677_, 188.24, 291.04, 1.79687
_13678_, 188.24, 291.04, 1.79687
_13679_, 188.24, 291.04, 1.79687
_17277_, 188.24, 291.04, 1.79687
FILLER_0_103_409, 188.24, 291.04, 1.79687
FILLER_0_104_401, 188.24, 291.04, 1.79687
_12995_, 201.04, 291.04, 1.7968
_13408_, 201.04, 291.04, 1.7968
_13409_, 201.04, 291.04, 1.7968
_13584_, 201.04, 291.04, 1.7968
_13591_, 201.04, 291.04, 1.7968
_13668_, 201.04, 291.04, 1.7968
ANTENNA_129, 201.04, 291.04, 1.7968
FILLER_0_102_417, 201.04, 291.04, 1.7968
FILLER_0_102_421, 201.04, 291.04, 1.7968
FILLER_0_103_428, 201.04, 291.04, 1.7968
hold1105, 213.84, 291.04, 1.79674
ANTENNA_131, 213.84, 291.04, 1.79674
FILLER_0_102_449, 213.84, 291.04, 1.79674
FILLER_0_104_460, 213.84, 291.04, 1.79674
_09015_, 226.64, 291.04, 1.79667
_09242_, 226.64, 291.04, 1.79667
FILLER_0_102_477, 226.64, 291.04, 1.79667
FILLER_0_103_473, 226.64, 291.04, 1.79667
_09019_, 239.44, 291.04, 1.79661
_09244_, 239.44, 291.04, 1.79661
_10750_, 239.44, 291.04, 1.79661
_11342_, 239.44, 291.04, 1.79661
ANTENNA_51, 239.44, 291.04, 1.79661
FILLER_0_103_505, 239.44, 291.04, 1.79661
_10751_, 252.24, 291.04, 1.79654
_10754_, 252.24, 291.04, 1.79654
_10758_, 252.24, 291.04, 1.79654
FILLER_0_103_528, 252.24, 291.04, 1.79654
_15013_, 265.04, 291.04, 1.79649
_15014_, 265.04, 291.04, 1.79649
hold741, 265.04, 291.04, 1.79649
FILLER_0_102_554, 265.04, 291.04, 1.79649
FILLER_0_103_551, 265.04, 291.04, 1.79649
FILLER_0_103_561, 265.04, 291.04, 1.79649
FILLER_0_103_574, 265.04, 291.04, 1.79649
_10101_, 277.84, 291.04, 1.79643
_10102_, 277.84, 291.04, 1.79643
_10103_, 277.84, 291.04, 1.79643
_12018_, 277.84, 291.04, 1.79643
_12022_, 277.84, 291.04, 1.79643
_13811_, 277.84, 291.04, 1.79643
_16131_, 277.84, 291.04, 1.79643
_16221_, 277.84, 291.04, 1.79643
hold794, 277.84, 291.04, 1.79643
FILLER_0_104_599, 277.84, 291.04, 1.79643
_10097_, 290.64, 291.04, 1.79639
_10106_, 290.64, 291.04, 1.79639
_10108_, 290.64, 291.04, 1.79639
_12776_, 290.64, 291.04, 1.79639
_13754_, 290.64, 291.04, 1.79639
_13815_, 290.64, 291.04, 1.79639
_14572_, 290.64, 291.04, 1.79639
_16134_, 290.64, 291.04, 1.79639
_16218_, 290.64, 291.04, 1.79639
FILLER_0_102_611, 290.64, 291.04, 1.79639
FILLER_0_103_630, 290.64, 291.04, 1.79639
_10096_, 303.44, 291.04, 1.79636
_10745_, 303.44, 291.04, 1.79636
_17690_, 303.44, 291.04, 1.79636
hold1154, 303.44, 291.04, 1.79636
ANTENNA_135, 303.44, 291.04, 1.79636
FILLER_0_103_638, 303.44, 291.04, 1.79636
FILLER_0_104_653, 303.44, 291.04, 1.79636
FILLER_0_104_661, 303.44, 291.04, 1.79636
_15428_, 316.24, 291.04, 1.79634
_17724_, 316.24, 291.04, 1.79634
FILLER_0_104_689, 316.24, 291.04, 1.79634
_10712_, 341.84, 291.04, 1.79621
_10714_, 341.84, 291.04, 1.79621
_15807_, 341.84, 291.04, 1.79621
FILLER_0_103_723, 341.84, 291.04, 1.79621
FILLER_0_104_734, 341.84, 291.04, 1.79621
_12896_, 354.64, 291.04, 1.79611
_12898_, 354.64, 291.04, 1.79611
hold589, 354.64, 291.04, 1.79611
FILLER_0_103_751, 354.64, 291.04, 1.79611
FILLER_0_103_767, 354.64, 291.04, 1.79611
_15423_, 367.44, 291.04, 1.79601
_15425_, 367.44, 291.04, 1.79601
hold699, 367.44, 291.04, 1.79601
FILLER_0_103_793, 367.44, 291.04, 1.79601
FILLER_0_104_792, 367.44, 291.04, 1.79601
_13838_, 380.24, 291.04, 1.7959
_17330_, 380.24, 291.04, 1.7959
_17723_, 380.24, 291.04, 1.7959
FILLER_0_102_807, 380.24, 291.04, 1.7959
FILLER_0_104_821, 380.24, 291.04, 1.7959
FILLER_0_104_827, 380.24, 291.04, 1.7959
_13836_, 393.04, 291.04, 1.79582
_13875_, 393.04, 291.04, 1.79582
_17346_, 393.04, 291.04, 1.79582
clkbuf_leaf_128_clk, 393.04, 291.04, 1.79582
ANTENNA_207, 393.04, 291.04, 1.79582
_11426_, 405.84, 291.04, 1.79579
_13777_, 405.84, 291.04, 1.79579
hold1131, 405.84, 291.04, 1.79579
FILLER_0_102_865, 405.84, 291.04, 1.79579
FILLER_0_104_882, 405.84, 291.04, 1.79579
_08575_, 418.64, 291.04, 1.79575
_08633_, 418.64, 291.04, 1.79575
FILLER_0_103_885, 418.64, 291.04, 1.79575
FILLER_0_103_893, 418.64, 291.04, 1.79575
_08632_, 431.44, 291.04, 1.79572
_08686_, 431.44, 291.04, 1.79572
_08687_, 431.44, 291.04, 1.79572
_11009_, 431.44, 291.04, 1.79572
_11442_, 431.44, 291.04, 1.79572
FILLER_0_102_918, 431.44, 291.04, 1.79572
FILLER_0_103_915, 431.44, 291.04, 1.79572
FILLER_0_103_937, 431.44, 291.04, 1.79572
_10561_, 444.24, 291.04, 1.7957
_10611_, 444.24, 291.04, 1.7957
_11437_, 444.24, 291.04, 1.7957
_11440_, 444.24, 291.04, 1.7957
_11441_, 444.24, 291.04, 1.7957
ANTENNA_90, 444.24, 291.04, 1.7957
FILLER_0_102_953, 444.24, 291.04, 1.7957
_08543_, 457.04, 291.04, 1.79568
_10043_, 457.04, 291.04, 1.79568
_10560_, 457.04, 291.04, 1.79568
_10590_, 457.04, 291.04, 1.79568
_11035_, 457.04, 291.04, 1.79568
_16322_, 457.04, 291.04, 1.79568
_18069_, 457.04, 291.04, 1.79568
FILLER_0_102_977, 457.04, 291.04, 1.79568
FILLER_0_103_972, 457.04, 291.04, 1.79568
_10067_, 469.84, 291.04, 1.79567
_10068_, 469.84, 291.04, 1.79567
_16625_, 469.84, 291.04, 1.79567
hold1069, 469.84, 291.04, 1.79567
hold1174, 469.84, 291.04, 1.79567
FILLER_0_104_1011, 469.84, 291.04, 1.79567
_10621_, 495.44, 291.04, 1.79556
_15244_, 495.44, 291.04, 1.79556
_16444_, 495.44, 291.04, 1.79556
FILLER_0_103_1061, 495.44, 291.04, 1.79556
FILLER_0_103_1065, 495.44, 291.04, 1.79556
FILLER_0_103_1073, 495.44, 291.04, 1.79556
_15245_, 508.24, 291.04, 1.79545
_18018_, 508.24, 291.04, 1.79545
clkbuf_leaf_141_clk, 508.24, 291.04, 1.79545
hold735, 508.24, 291.04, 1.79545
FILLER_0_102_1083, 508.24, 291.04, 1.79545
_10587_, 521.04, 291.04, 1.7954
_10688_, 521.04, 291.04, 1.7954
_11070_, 521.04, 291.04, 1.7954
_11072_, 521.04, 291.04, 1.7954
FILLER_0_102_1109, 521.04, 291.04, 1.7954
FILLER_0_102_1117, 521.04, 291.04, 1.7954
FILLER_0_103_1117, 521.04, 291.04, 1.7954
FILLER_0_103_1121, 521.04, 291.04, 1.7954
_08724_, 533.84, 291.04, 1.79535
_08725_, 533.84, 291.04, 1.79535
_08726_, 533.84, 291.04, 1.79535
_11021_, 533.84, 291.04, 1.79535
FILLER_0_102_1136, 533.84, 291.04, 1.79535
FILLER_0_103_1147, 533.84, 291.04, 1.79535
FILLER_0_103_1160, 533.84, 291.04, 1.79535
_11051_, 546.64, 291.04, 1.79532
_16152_, 546.64, 291.04, 1.79532
clkbuf_leaf_142_clk, 546.64, 291.04, 1.79532
hold645, 546.64, 291.04, 1.79532
FILLER_0_104_1177, 546.64, 291.04, 1.79532
_16247_, 559.44, 291.04, 1.79533
_16248_, 559.44, 291.04, 1.79533
_18037_, 559.44, 291.04, 1.79533
hold540, 559.44, 291.04, 1.79533
FILLER_0_103_1213, 559.44, 291.04, 1.79533
FILLER_0_104_1213, 559.44, 291.04, 1.79533
_11162_, 572.24, 291.04, 1.79535
_16159_, 572.24, 291.04, 1.79535
_16160_, 572.24, 291.04, 1.79535
hold507, 572.24, 291.04, 1.79535
FILLER_0_102_1229, 572.24, 291.04, 1.79535
FILLER_0_103_1245, 572.24, 291.04, 1.79535
_08528_, 585.04, 291.04, 1.79538
_08534_, 585.04, 291.04, 1.79538
_08544_, 585.04, 291.04, 1.79538
_08561_, 585.04, 291.04, 1.79538
_08716_, 585.04, 291.04, 1.79538
_08720_, 585.04, 291.04, 1.79538
_08723_, 585.04, 291.04, 1.79538
_08556_, 597.84, 291.04, 1.79541
_08557_, 597.84, 291.04, 1.79541
_08559_, 597.84, 291.04, 1.79541
_08560_, 597.84, 291.04, 1.79541
_08722_, 597.84, 291.04, 1.79541
FILLER_0_103_1284, 597.84, 291.04, 1.79541
_15820_, 610.64, 291.04, 1.79544
_15862_, 610.64, 291.04, 1.79544
_15950_, 610.64, 291.04, 1.79544
_17874_, 610.64, 291.04, 1.79544
FILLER_0_104_1320, 610.64, 291.04, 1.79544
_15823_, 623.44, 291.04, 1.79548
_17906_, 623.44, 291.04, 1.79548
clkbuf_leaf_146_clk, 623.44, 291.04, 1.79548
FILLER_0_103_1340, 623.44, 291.04, 1.79548
FILLER_0_104_1344, 623.44, 291.04, 1.79548
PHY_200, 5.52, 285.6, 1.79729
PHY_202, 5.52, 285.6, 1.79729
FILLER_0_101_51, 34.64, 285.6, 1.79726
FILLER_0_102_77, 34.64, 285.6, 1.79726
FILLER_0_101_105, 47.44, 285.6, 1.79723
FILLER_0_100_133, 73.04, 285.6, 1.79718
FILLER_0_101_161, 85.84, 285.6, 1.79715
FILLER_0_100_189, 98.64, 285.6, 1.79713
FILLER_0_101_217, 111.44, 285.6, 1.7971
FILLER_0_100_245, 124.24, 285.6, 1.79708
FILLER_0_101_273, 137.04, 285.6, 1.79705
FILLER_0_100_301, 149.84, 285.6, 1.79702
FILLER_0_101_329, 162.64, 285.6, 1.797
_12985_, 188.24, 285.6, 1.79683
_17084_, 188.24, 285.6, 1.79683
clkbuf_leaf_1_clk, 188.24, 285.6, 1.79683
ANTENNA_116, 188.24, 285.6, 1.79683
FILLER_0_100_391, 188.24, 285.6, 1.79683
FILLER_0_101_385, 188.24, 285.6, 1.79683
FILLER_0_101_393, 188.24, 285.6, 1.79683
FILLER_0_101_401, 188.24, 285.6, 1.79683
FILLER_0_102_409, 188.24, 285.6, 1.79683
_12991_, 201.04, 285.6, 1.79674
_13402_, 201.04, 285.6, 1.79674
_17180_, 201.04, 285.6, 1.79674
ANTENNA_125, 201.04, 285.6, 1.79674
FILLER_0_100_413, 201.04, 285.6, 1.79674
FILLER_0_100_424, 201.04, 285.6, 1.79674
_13292_, 213.84, 285.6, 1.79666
_13589_, 213.84, 285.6, 1.79666
_13590_, 213.84, 285.6, 1.79666
_17133_, 213.84, 285.6, 1.79666
_17244_, 213.84, 285.6, 1.79666
FILLER_0_101_440, 213.84, 285.6, 1.79666
FILLER_0_102_457, 213.84, 285.6, 1.79666
_09014_, 226.64, 285.6, 1.7966
_09188_, 226.64, 285.6, 1.7966
_13285_, 226.64, 285.6, 1.7966
FILLER_0_100_467, 226.64, 285.6, 1.7966
FILLER_0_101_475, 226.64, 285.6, 1.7966
FILLER_0_102_485, 226.64, 285.6, 1.7966
FILLER_0_102_492, 226.64, 285.6, 1.7966
_09190_, 239.44, 285.6, 1.79654
_09193_, 239.44, 285.6, 1.79654
FILLER_0_100_501, 239.44, 285.6, 1.79654
_09191_, 252.24, 285.6, 1.79648
_09245_, 252.24, 285.6, 1.79648
_09247_, 252.24, 285.6, 1.79648
_11341_, 252.24, 285.6, 1.79648
FILLER_0_101_538, 252.24, 285.6, 1.79648
_15006_, 265.04, 285.6, 1.79642
_15012_, 265.04, 285.6, 1.79642
_17596_, 265.04, 285.6, 1.79642
ANTENNA_169, 265.04, 285.6, 1.79642
FILLER_0_101_555, 265.04, 285.6, 1.79642
FILLER_0_101_561, 265.04, 285.6, 1.79642
FILLER_0_101_577, 265.04, 285.6, 1.79642
_14568_, 277.84, 285.6, 1.79637
_15011_, 277.84, 285.6, 1.79637
_17676_, 277.84, 285.6, 1.79637
FILLER_0_100_581, 277.84, 285.6, 1.79637
FILLER_0_100_589, 277.84, 285.6, 1.79637
FILLER_0_101_589, 277.84, 285.6, 1.79637
FILLER_0_102_601, 277.84, 285.6, 1.79637
_12014_, 290.64, 285.6, 1.79633
_15351_, 290.64, 285.6, 1.79633
_16128_, 290.64, 285.6, 1.79633
_17693_, 290.64, 285.6, 1.79633
FILLER_0_100_613, 290.64, 285.6, 1.79633
FILLER_0_101_609, 290.64, 285.6, 1.79633
FILLER_0_101_617, 290.64, 285.6, 1.79633
_13807_, 303.44, 285.6, 1.7963
_14564_, 303.44, 285.6, 1.7963
_15344_, 303.44, 285.6, 1.7963
_15352_, 303.44, 285.6, 1.7963
clkbuf_leaf_205_clk, 303.44, 285.6, 1.7963
_14706_, 316.24, 285.6, 1.79632
_15343_, 316.24, 285.6, 1.79632
_15348_, 316.24, 285.6, 1.79632
_15427_, 316.24, 285.6, 1.79632
_15517_, 316.24, 285.6, 1.79632
FILLER_0_100_665, 316.24, 285.6, 1.79632
_15806_, 341.84, 285.6, 1.79625
_17869_, 341.84, 285.6, 1.79625
hold1015, 341.84, 285.6, 1.79625
FILLER_0_101_729, 341.84, 285.6, 1.79625
_12897_, 354.64, 285.6, 1.79617
_17050_, 354.64, 285.6, 1.79617
hold776, 354.64, 285.6, 1.79617
FILLER_0_100_747, 354.64, 285.6, 1.79617
FILLER_0_101_746, 354.64, 285.6, 1.79617
FILLER_0_101_770, 354.64, 285.6, 1.79617
_15512_, 367.44, 285.6, 1.79609
_15513_, 367.44, 285.6, 1.79609
_15515_, 367.44, 285.6, 1.79609
_17754_, 367.44, 285.6, 1.79609
_17755_, 367.44, 285.6, 1.79609
hold682, 367.44, 285.6, 1.79609
hold1119, 367.44, 285.6, 1.79609
FILLER_0_101_780, 367.44, 285.6, 1.79609
FILLER_0_102_787, 367.44, 285.6, 1.79609
_13837_, 380.24, 285.6, 1.79603
_15799_, 380.24, 285.6, 1.79603
hold710, 380.24, 285.6, 1.79603
FILLER_0_100_805, 380.24, 285.6, 1.79603
FILLER_0_100_813, 380.24, 285.6, 1.79603
FILLER_0_102_825, 380.24, 285.6, 1.79603
_13874_, 393.04, 285.6, 1.79597
_15511_, 393.04, 285.6, 1.79597
_17315_, 393.04, 285.6, 1.79597
FILLER_0_100_834, 393.04, 285.6, 1.79597
FILLER_0_100_842, 393.04, 285.6, 1.79597
_11417_, 405.84, 285.6, 1.79593
_13778_, 405.84, 285.6, 1.79593
hold537, 405.84, 285.6, 1.79593
FILLER_0_100_869, 405.84, 285.6, 1.79593
FILLER_0_101_879, 405.84, 285.6, 1.79593
FILLER_0_102_878, 405.84, 285.6, 1.79593
_08576_, 418.64, 285.6, 1.79588
_08578_, 418.64, 285.6, 1.79588
_08580_, 418.64, 285.6, 1.79588
_08581_, 418.64, 285.6, 1.79588
FILLER_0_101_893, 418.64, 285.6, 1.79588
FILLER_0_101_897, 418.64, 285.6, 1.79588
_11416_, 431.44, 285.6, 1.79584
FILLER_0_102_937, 431.44, 285.6, 1.79584
_10044_, 444.24, 285.6, 1.79579
_10384_, 444.24, 285.6, 1.79579
_11415_, 444.24, 285.6, 1.79579
FILLER_0_101_941, 444.24, 285.6, 1.79579
FILLER_0_101_949, 444.24, 285.6, 1.79579
_16321_, 457.04, 285.6, 1.79575
_18067_, 457.04, 285.6, 1.79575
hold751, 457.04, 285.6, 1.79575
hold769, 457.04, 285.6, 1.79575
FILLER_0_101_977, 457.04, 285.6, 1.79575
FILLER_0_101_992, 457.04, 285.6, 1.79575
_08705_, 469.84, 285.6, 1.79572
_16623_, 469.84, 285.6, 1.79572
hold910, 469.84, 285.6, 1.79572
_08694_, 495.44, 285.6, 1.79554
_08696_, 495.44, 285.6, 1.79554
_16445_, 495.44, 285.6, 1.79554
_18121_, 495.44, 285.6, 1.79554
hold551, 495.44, 285.6, 1.79554
FILLER_0_101_1061, 495.44, 285.6, 1.79554
FILLER_0_101_1076, 495.44, 285.6, 1.79554
_15326_, 508.24, 285.6, 1.79539
_17653_, 508.24, 285.6, 1.79539
clkbuf_5_28__f_clk, 508.24, 285.6, 1.79539
hold575, 508.24, 285.6, 1.79539
_08351_, 521.04, 285.6, 1.79533
_10574_, 521.04, 285.6, 1.79533
_10591_, 521.04, 285.6, 1.79533
_10885_, 521.04, 285.6, 1.79533
_10890_, 521.04, 285.6, 1.79533
_10900_, 521.04, 285.6, 1.79533
_11055_, 521.04, 285.6, 1.79533
FILLER_0_100_1109, 521.04, 285.6, 1.79533
FILLER_0_102_1125, 521.04, 285.6, 1.79533
_12055_, 533.84, 285.6, 1.79529
_12056_, 533.84, 285.6, 1.79529
_16721_, 533.84, 285.6, 1.79529
FILLER_0_101_1147, 533.84, 285.6, 1.79529
FILLER_0_101_1155, 533.84, 285.6, 1.79529
_08533_, 546.64, 285.6, 1.79525
hold495, 546.64, 285.6, 1.79525
FILLER_0_101_1167, 546.64, 285.6, 1.79525
_08715_, 559.44, 285.6, 1.79521
clkbuf_5_29__f_clk, 559.44, 285.6, 1.79521
FILLER_0_100_1199, 559.44, 285.6, 1.79521
FILLER_0_101_1199, 559.44, 285.6, 1.79521
FILLER_0_102_1205, 559.44, 285.6, 1.79521
FILLER_0_101_1223, 572.24, 285.6, 1.79527
_08526_, 585.04, 285.6, 1.79532
_08552_, 585.04, 285.6, 1.79532
_10602_, 585.04, 285.6, 1.79532
FILLER_0_100_1254, 585.04, 285.6, 1.79532
FILLER_0_102_1264, 585.04, 285.6, 1.79532
_10578_, 597.84, 285.6, 1.79538
_11056_, 597.84, 285.6, 1.79538
_17890_, 597.84, 285.6, 1.79538
FILLER_0_101_1281, 597.84, 285.6, 1.79538
FILLER_0_102_1292, 597.84, 285.6, 1.79538
_15863_, 610.64, 285.6, 1.79544
_16030_, 610.64, 285.6, 1.79544
_16071_, 610.64, 285.6, 1.79544
_17973_, 610.64, 285.6, 1.79544
FILLER_0_100_1309, 610.64, 285.6, 1.79544
FILLER_0_101_1321, 610.64, 285.6, 1.79544
FILLER_0_102_1320, 610.64, 285.6, 1.79544
_15898_, 623.44, 285.6, 1.79552
_15899_, 623.44, 285.6, 1.79552
_15994_, 623.44, 285.6, 1.79552
_17941_, 623.44, 285.6, 1.79552
hold1097, 623.44, 285.6, 1.79552
FILLER_0_101_1341, 623.44, 285.6, 1.79552
FILLER_0_102_1349, 623.44, 285.6, 1.79552
PHY_196, 5.52, 280.16, 1.79735
PHY_198, 5.52, 280.16, 1.79735
FILLER_0_99_51, 34.64, 280.16, 1.79732
FILLER_0_100_77, 34.64, 280.16, 1.79732
FILLER_0_99_105, 47.44, 280.16, 1.7973
FILLER_0_98_133, 73.04, 280.16, 1.79725
FILLER_0_99_161, 85.84, 280.16, 1.79723
FILLER_0_98_189, 98.64, 280.16, 1.7972
FILLER_0_99_217, 111.44, 280.16, 1.79718
FILLER_0_98_245, 124.24, 280.16, 1.79716
FILLER_0_99_273, 137.04, 280.16, 1.79713
FILLER_0_98_301, 149.84, 280.16, 1.79711
FILLER_0_99_329, 162.64, 280.16, 1.79708
_12992_, 188.24, 280.16, 1.79695
_12993_, 188.24, 280.16, 1.79695
_13674_, 188.24, 280.16, 1.79695
FILLER_0_99_393, 188.24, 280.16, 1.79695
_13407_, 201.04, 280.16, 1.79684
_13588_, 201.04, 280.16, 1.79684
hold985, 201.04, 280.16, 1.79684
FILLER_0_98_413, 201.04, 280.16, 1.79684
FILLER_0_98_421, 201.04, 280.16, 1.79684
FILLER_0_99_430, 201.04, 280.16, 1.79684
FILLER_0_100_436, 201.04, 280.16, 1.79684
_13293_, 213.84, 280.16, 1.79673
clkbuf_leaf_3_clk, 213.84, 280.16, 1.79673
FILLER_0_99_461, 213.84, 280.16, 1.79673
_13286_, 226.64, 280.16, 1.79666
_13287_, 226.64, 280.16, 1.79666
_17130_, 226.64, 280.16, 1.79666
hold1177, 226.64, 280.16, 1.79666
ANTENNA_176, 226.64, 280.16, 1.79666
FILLER_0_98_469, 226.64, 280.16, 1.79666
_09018_, 239.44, 280.16, 1.79659
_09026_, 239.44, 280.16, 1.79659
_09192_, 239.44, 280.16, 1.79659
_09246_, 239.44, 280.16, 1.79659
FILLER_0_98_506, 239.44, 280.16, 1.79659
FILLER_0_99_501, 239.44, 280.16, 1.79659
_09022_, 252.24, 280.16, 1.79652
_11340_, 252.24, 280.16, 1.79652
_11343_, 252.24, 280.16, 1.79652
FILLER_0_98_525, 252.24, 280.16, 1.79652
FILLER_0_99_529, 252.24, 280.16, 1.79652
FILLER_0_99_546, 252.24, 280.16, 1.79652
FILLER_0_100_542, 252.24, 280.16, 1.79652
_11344_, 265.04, 280.16, 1.79646
_15008_, 265.04, 280.16, 1.79646
clkbuf_leaf_4_clk, 265.04, 280.16, 1.79646
hold824, 265.04, 280.16, 1.79646
FILLER_0_98_563, 265.04, 280.16, 1.79646
FILLER_0_99_561, 265.04, 280.16, 1.79646
_15302_, 277.84, 280.16, 1.79644
_15303_, 277.84, 280.16, 1.79644
_17674_, 277.84, 280.16, 1.79644
hold1037, 277.84, 280.16, 1.79644
FILLER_0_98_583, 277.84, 280.16, 1.79644
_10098_, 290.64, 280.16, 1.79643
_15305_, 290.64, 280.16, 1.79643
_15353_, 290.64, 280.16, 1.79643
_17677_, 290.64, 280.16, 1.79643
hold970, 290.64, 280.16, 1.79643
FILLER_0_99_612, 290.64, 280.16, 1.79643
FILLER_0_99_617, 290.64, 280.16, 1.79643
FILLER_0_99_632, 290.64, 280.16, 1.79643
_14703_, 303.44, 280.16, 1.79643
_15345_, 303.44, 280.16, 1.79643
_15346_, 303.44, 280.16, 1.79643
_15347_, 303.44, 280.16, 1.79643
_15349_, 303.44, 280.16, 1.79643
FILLER_0_99_654, 303.44, 280.16, 1.79643
_15516_, 316.24, 280.16, 1.79643
_17756_, 316.24, 280.16, 1.79643
FILLER_0_99_669, 316.24, 280.16, 1.79643
FILLER_0_100_687, 316.24, 280.16, 1.79643
_09279_, 341.84, 280.16, 1.79635
_12902_, 341.84, 280.16, 1.79635
_15805_, 341.84, 280.16, 1.79635
_09229_, 354.64, 280.16, 1.79626
_12895_, 354.64, 280.16, 1.79626
ANTENNA_112, 354.64, 280.16, 1.79626
FILLER_0_98_757, 354.64, 280.16, 1.79626
FILLER_0_100_768, 354.64, 280.16, 1.79626
_15514_, 367.44, 280.16, 1.79617
FILLER_0_98_784, 367.44, 280.16, 1.79617
FILLER_0_99_780, 367.44, 280.16, 1.79617
FILLER_0_100_791, 367.44, 280.16, 1.79617
_09096_, 380.24, 280.16, 1.79609
_09172_, 380.24, 280.16, 1.79609
_12641_, 380.24, 280.16, 1.79609
_16951_, 380.24, 280.16, 1.79609
FILLER_0_98_808, 380.24, 280.16, 1.79609
FILLER_0_99_809, 380.24, 280.16, 1.79609
FILLER_0_99_817, 380.24, 280.16, 1.79609
_08289_, 393.04, 280.16, 1.79601
_12045_, 393.04, 280.16, 1.79601
_12640_, 393.04, 280.16, 1.79601
_12642_, 393.04, 280.16, 1.79601
_12745_, 393.04, 280.16, 1.79601
_17363_, 393.04, 280.16, 1.79601
FILLER_0_98_836, 393.04, 280.16, 1.79601
FILLER_0_99_832, 393.04, 280.16, 1.79601
FILLER_0_99_841, 393.04, 280.16, 1.79601
_13914_, 405.84, 280.16, 1.79594
clkbuf_leaf_129_clk, 405.84, 280.16, 1.79594
hold613, 405.84, 280.16, 1.79594
FILLER_0_98_865, 405.84, 280.16, 1.79594
FILLER_0_98_869, 405.84, 280.16, 1.79594
_08574_, 418.64, 280.16, 1.7959
_08577_, 418.64, 280.16, 1.7959
_11418_, 418.64, 280.16, 1.7959
FILLER_0_99_909, 418.64, 280.16, 1.7959
FILLER_0_100_899, 418.64, 280.16, 1.7959
_08573_, 431.44, 280.16, 1.79587
_08579_, 431.44, 280.16, 1.79587
_11414_, 431.44, 280.16, 1.79587
_11420_, 431.44, 280.16, 1.79587
hold604, 431.44, 280.16, 1.79587
FILLER_0_98_920, 431.44, 280.16, 1.79587
FILLER_0_99_931, 431.44, 280.16, 1.79587
_14725_, 444.24, 280.16, 1.79584
_17553_, 444.24, 280.16, 1.79584
FILLER_0_98_952, 444.24, 280.16, 1.79584
FILLER_0_99_947, 444.24, 280.16, 1.79584
_10059_, 457.04, 280.16, 1.79582
_16317_, 457.04, 280.16, 1.79582
_16318_, 457.04, 280.16, 1.79582
FILLER_0_98_973, 457.04, 280.16, 1.79582
FILLER_0_98_981, 457.04, 280.16, 1.79582
FILLER_0_99_970, 457.04, 280.16, 1.79582
FILLER_0_99_991, 457.04, 280.16, 1.79582
_10058_, 469.84, 280.16, 1.7958
_14641_, 469.84, 280.16, 1.7958
_17522_, 469.84, 280.16, 1.7958
_08690_, 495.44, 280.16, 1.79573
_11178_, 495.44, 280.16, 1.79573
hold453, 495.44, 280.16, 1.79573
FILLER_0_98_1060, 495.44, 280.16, 1.79573
_15327_, 508.24, 280.16, 1.79568
_17685_, 508.24, 280.16, 1.79568
_10689_, 521.04, 280.16, 1.79563
_10873_, 521.04, 280.16, 1.79563
_12049_, 521.04, 280.16, 1.79563
_12050_, 521.04, 280.16, 1.79563
_16718_, 521.04, 280.16, 1.79563
_17669_, 521.04, 280.16, 1.79563
FILLER_0_99_1116, 521.04, 280.16, 1.79563
FILLER_0_99_1121, 521.04, 280.16, 1.79563
FILLER_0_99_1131, 521.04, 280.16, 1.79563
_18034_, 533.84, 280.16, 1.7956
hold531, 533.84, 280.16, 1.7956
FILLER_0_98_1141, 533.84, 280.16, 1.7956
FILLER_0_99_1143, 533.84, 280.16, 1.7956
FILLER_0_99_1151, 533.84, 280.16, 1.7956
FILLER_0_100_1157, 533.84, 280.16, 1.7956
_18050_, 546.64, 280.16, 1.79558
FILLER_0_98_1169, 546.64, 280.16, 1.79558
FILLER_0_99_1170, 546.64, 280.16, 1.79558
_11163_, 559.44, 280.16, 1.79557
_16285_, 559.44, 280.16, 1.79557
_18053_, 559.44, 280.16, 1.79557
hold385, 559.44, 280.16, 1.79557
FILLER_0_100_1205, 559.44, 280.16, 1.79557
_10564_, 572.24, 280.16, 1.79557
_11164_, 572.24, 280.16, 1.79557
_17957_, 572.24, 280.16, 1.79557
FILLER_0_98_1230, 572.24, 280.16, 1.79557
_08717_, 585.04, 280.16, 1.79558
_08718_, 585.04, 280.16, 1.79558
_16033_, 585.04, 280.16, 1.79558
hold377, 585.04, 280.16, 1.79558
FILLER_0_100_1261, 585.04, 280.16, 1.79558
_08664_, 597.84, 280.16, 1.79559
_08665_, 597.84, 280.16, 1.79559
_10596_, 597.84, 280.16, 1.79559
FILLER_0_99_1278, 597.84, 280.16, 1.79559
FILLER_0_99_1289, 597.84, 280.16, 1.79559
_16029_, 610.64, 280.16, 1.79561
_16070_, 610.64, 280.16, 1.79561
_17956_, 610.64, 280.16, 1.79561
hold389, 610.64, 280.16, 1.79561
FILLER_0_98_1302, 610.64, 280.16, 1.79561
FILLER_0_100_1325, 610.64, 280.16, 1.79561
_15992_, 623.44, 280.16, 1.79563
_15993_, 623.44, 280.16, 1.79563
FILLER_0_98_1338, 623.44, 280.16, 1.79563
FILLER_0_99_1338, 623.44, 280.16, 1.79563
PHY_192, 5.52, 274.72, 1.79741
PHY_194, 5.52, 274.72, 1.79741
FILLER_0_97_51, 34.64, 274.72, 1.79738
FILLER_0_98_77, 34.64, 274.72, 1.79738
FILLER_0_97_105, 47.44, 274.72, 1.79736
FILLER_0_96_133, 73.04, 274.72, 1.79732
FILLER_0_97_161, 85.84, 274.72, 1.7973
FILLER_0_96_189, 98.64, 274.72, 1.79728
FILLER_0_97_217, 111.44, 274.72, 1.79726
FILLER_0_96_245, 124.24, 274.72, 1.79724
FILLER_0_97_273, 137.04, 274.72, 1.79722
FILLER_0_96_301, 149.84, 274.72, 1.79719
FILLER_0_97_329, 162.64, 274.72, 1.79717
_13670_, 188.24, 274.72, 1.79706
_13672_, 188.24, 274.72, 1.79706
_17274_, 188.24, 274.72, 1.79706
FILLER_0_96_394, 188.24, 274.72, 1.79706
_12984_, 201.04, 274.72, 1.79698
_12988_, 201.04, 274.72, 1.79698
_13671_, 201.04, 274.72, 1.79698
_17242_, 201.04, 274.72, 1.79698
_17243_, 201.04, 274.72, 1.79698
FILLER_0_96_425, 201.04, 274.72, 1.79698
FILLER_0_97_414, 201.04, 274.72, 1.79698
FILLER_0_98_428, 201.04, 274.72, 1.79698
_13585_, 213.84, 274.72, 1.79691
_13586_, 213.84, 274.72, 1.79691
_17002_, 213.84, 274.72, 1.79691
FILLER_0_96_452, 213.84, 274.72, 1.79691
FILLER_0_97_452, 213.84, 274.72, 1.79691
_09020_, 226.64, 274.72, 1.79686
_12774_, 226.64, 274.72, 1.79686
hold1160, 226.64, 274.72, 1.79686
FILLER_0_98_486, 226.64, 274.72, 1.79686
_09021_, 239.44, 274.72, 1.7968
_09023_, 239.44, 274.72, 1.7968
_09025_, 239.44, 274.72, 1.7968
_09140_, 239.44, 274.72, 1.7968
ANTENNA_55, 239.44, 274.72, 1.7968
FILLER_0_96_501, 239.44, 274.72, 1.7968
FILLER_0_97_500, 239.44, 274.72, 1.7968
FILLER_0_97_505, 239.44, 274.72, 1.7968
FILLER_0_97_518, 239.44, 274.72, 1.7968
_09137_, 252.24, 274.72, 1.79675
_09138_, 252.24, 274.72, 1.79675
_17595_, 252.24, 274.72, 1.79675
FILLER_0_96_527, 252.24, 274.72, 1.79675
FILLER_0_97_541, 252.24, 274.72, 1.79675
FILLER_0_98_545, 252.24, 274.72, 1.79675
_15007_, 265.04, 274.72, 1.7967
_15009_, 265.04, 274.72, 1.7967
_15010_, 265.04, 274.72, 1.7967
_17594_, 265.04, 274.72, 1.7967
_15298_, 277.84, 274.72, 1.79666
_15299_, 277.84, 274.72, 1.79666
FILLER_0_96_580, 277.84, 274.72, 1.79666
FILLER_0_98_605, 277.84, 274.72, 1.79666
_15304_, 290.64, 274.72, 1.79663
_16463_, 290.64, 274.72, 1.79663
_17691_, 290.64, 274.72, 1.79663
FILLER_0_96_613, 290.64, 274.72, 1.79663
_15350_, 303.44, 274.72, 1.7966
_17692_, 303.44, 274.72, 1.7966
FILLER_0_96_634, 303.44, 274.72, 1.7966
FILLER_0_96_645, 303.44, 274.72, 1.7966
FILLER_0_97_650, 303.44, 274.72, 1.7966
FILLER_0_98_648, 303.44, 274.72, 1.7966
_15342_, 316.24, 274.72, 1.79658
hold725, 316.24, 274.72, 1.79658
FILLER_0_98_681, 316.24, 274.72, 1.79658
_09226_, 341.84, 274.72, 1.79646
_09228_, 341.84, 274.72, 1.79646
_09278_, 341.84, 274.72, 1.79646
_09282_, 341.84, 274.72, 1.79646
FILLER_0_97_723, 341.84, 274.72, 1.79646
_09098_, 354.64, 274.72, 1.79637
_09107_, 354.64, 274.72, 1.79637
_09281_, 354.64, 274.72, 1.79637
_12638_, 354.64, 274.72, 1.79637
ANTENNA_192, 354.64, 274.72, 1.79637
FILLER_0_96_751, 354.64, 274.72, 1.79637
FILLER_0_96_757, 354.64, 274.72, 1.79637
FILLER_0_97_751, 354.64, 274.72, 1.79637
_09085_, 367.44, 274.72, 1.79628
_09100_, 367.44, 274.72, 1.79628
_09101_, 367.44, 274.72, 1.79628
_09105_, 367.44, 274.72, 1.79628
_09106_, 367.44, 274.72, 1.79628
_09174_, 367.44, 274.72, 1.79628
_09175_, 367.44, 274.72, 1.79628
FILLER_0_97_781, 367.44, 274.72, 1.79628
FILLER_0_97_785, 367.44, 274.72, 1.79628
FILLER_0_98_799, 367.44, 274.72, 1.79628
_09171_, 380.24, 274.72, 1.79619
_16950_, 380.24, 274.72, 1.79619
hold638, 380.24, 274.72, 1.79619
FILLER_0_96_805, 380.24, 274.72, 1.79619
FILLER_0_96_813, 380.24, 274.72, 1.79619
_12702_, 393.04, 274.72, 1.79611
_13873_, 393.04, 274.72, 1.79611
FILLER_0_96_842, 393.04, 274.72, 1.79611
FILLER_0_98_855, 393.04, 274.72, 1.79611
_11419_, 405.84, 274.72, 1.79603
_13912_, 405.84, 274.72, 1.79603
_13913_, 405.84, 274.72, 1.79603
_15617_, 405.84, 274.72, 1.79603
_17362_, 405.84, 274.72, 1.79603
hold536, 405.84, 274.72, 1.79603
FILLER_0_97_865, 405.84, 274.72, 1.79603
FILLER_0_98_882, 405.84, 274.72, 1.79603
_08405_, 418.64, 274.72, 1.79596
_08410_, 418.64, 274.72, 1.79596
_08424_, 418.64, 274.72, 1.79596
FILLER_0_97_887, 418.64, 274.72, 1.79596
FILLER_0_97_897, 418.64, 274.72, 1.79596
_08413_, 431.44, 274.72, 1.7959
_08416_, 431.44, 274.72, 1.7959
_08420_, 431.44, 274.72, 1.7959
_16477_, 431.44, 274.72, 1.7959
_16478_, 431.44, 274.72, 1.7959
_18135_, 431.44, 274.72, 1.7959
FILLER_0_96_917, 431.44, 274.72, 1.7959
FILLER_0_97_930, 431.44, 274.72, 1.7959
_11050_, 444.24, 274.72, 1.79584
_12797_, 444.24, 274.72, 1.79584
_14726_, 444.24, 274.72, 1.79584
FILLER_0_96_946, 444.24, 274.72, 1.79584
FILLER_0_97_946, 444.24, 274.72, 1.79584
FILLER_0_97_953, 444.24, 274.72, 1.79584
_10348_, 457.04, 274.72, 1.79579
_11041_, 457.04, 274.72, 1.79579
_16316_, 457.04, 274.72, 1.79579
_18066_, 457.04, 274.72, 1.79579
clkbuf_leaf_131_clk, 457.04, 274.72, 1.79579
FILLER_0_96_977, 457.04, 274.72, 1.79579
FILLER_0_97_974, 457.04, 274.72, 1.79579
_11186_, 469.84, 274.72, 1.79579
_14640_, 469.84, 274.72, 1.79579
FILLER_0_96_997, 469.84, 274.72, 1.79579
FILLER_0_97_999, 469.84, 274.72, 1.79579
FILLER_0_98_1010, 469.84, 274.72, 1.79579
FILLER_0_98_1022, 469.84, 274.72, 1.79579
_08454_, 495.44, 274.72, 1.79578
_08695_, 495.44, 274.72, 1.79578
_11179_, 495.44, 274.72, 1.79578
_14959_, 508.24, 274.72, 1.79576
_17573_, 508.24, 274.72, 1.79576
hold560, 508.24, 274.72, 1.79576
FILLER_0_96_1085, 508.24, 274.72, 1.79576
FILLER_0_98_1105, 508.24, 274.72, 1.79576
_10690_, 521.04, 274.72, 1.79574
_12052_, 521.04, 274.72, 1.79574
_15286_, 521.04, 274.72, 1.79574
_15287_, 521.04, 274.72, 1.79574
hold717, 521.04, 274.72, 1.79574
FILLER_0_96_1114, 521.04, 274.72, 1.79574
FILLER_0_97_1117, 521.04, 274.72, 1.79574
FILLER_0_97_1121, 521.04, 274.72, 1.79574
FILLER_0_97_1129, 521.04, 274.72, 1.79574
_12051_, 533.84, 274.72, 1.79572
_16241_, 533.84, 274.72, 1.79572
_16242_, 533.84, 274.72, 1.79572
hold396, 533.84, 274.72, 1.79572
FILLER_0_98_1149, 533.84, 274.72, 1.79572
_16278_, 546.64, 274.72, 1.79571
_16279_, 546.64, 274.72, 1.79571
hold391, 546.64, 274.72, 1.79571
hold407, 546.64, 274.72, 1.79571
FILLER_0_96_1174, 546.64, 274.72, 1.79571
_11168_, 559.44, 274.72, 1.7957
_16284_, 559.44, 274.72, 1.7957
FILLER_0_96_1198, 559.44, 274.72, 1.7957
FILLER_0_97_1213, 559.44, 274.72, 1.7957
FILLER_0_98_1214, 559.44, 274.72, 1.7957
_16032_, 572.24, 274.72, 1.79568
_16155_, 572.24, 274.72, 1.79568
hold698, 572.24, 274.72, 1.79568
FILLER_0_97_1221, 572.24, 274.72, 1.79568
FILLER_0_97_1229, 572.24, 274.72, 1.79568
_08611_, 585.04, 274.72, 1.79567
FILLER_0_96_1253, 585.04, 274.72, 1.79567
FILLER_0_97_1257, 585.04, 274.72, 1.79567
FILLER_0_98_1273, 585.04, 274.72, 1.79567
_16028_, 597.84, 274.72, 1.79566
_16108_, 597.84, 274.72, 1.79566
_17988_, 597.84, 274.72, 1.79566
hold371, 597.84, 274.72, 1.79566
FILLER_0_97_1282, 597.84, 274.72, 1.79566
FILLER_0_97_1289, 597.84, 274.72, 1.79566
_16068_, 610.64, 274.72, 1.79566
_16069_, 610.64, 274.72, 1.79566
_17972_, 610.64, 274.72, 1.79566
hold500, 610.64, 274.72, 1.79566
_15990_, 623.44, 274.72, 1.79567
_15991_, 623.44, 274.72, 1.79567
_17940_, 623.44, 274.72, 1.79567
hold660, 623.44, 274.72, 1.79567
FILLER_0_96_1338, 623.44, 274.72, 1.79567
PHY_188, 5.52, 269.28, 1.79747
PHY_190, 5.52, 269.28, 1.79747
FILLER_0_95_51, 34.64, 269.28, 1.79745
FILLER_0_96_77, 34.64, 269.28, 1.79745
FILLER_0_95_105, 47.44, 269.28, 1.79743
FILLER_0_94_133, 73.04, 269.28, 1.79739
FILLER_0_95_161, 85.84, 269.28, 1.79737
FILLER_0_94_189, 98.64, 269.28, 1.79736
FILLER_0_95_217, 111.44, 269.28, 1.79734
FILLER_0_94_245, 124.24, 269.28, 1.79732
FILLER_0_95_273, 137.04, 269.28, 1.7973
FILLER_0_94_301, 149.84, 269.28, 1.79728
FILLER_0_95_329, 162.64, 269.28, 1.79726
_13667_, 188.24, 269.28, 1.79716
_13669_, 188.24, 269.28, 1.79716
FILLER_0_95_385, 188.24, 269.28, 1.79716
FILLER_0_95_405, 188.24, 269.28, 1.79716
_13406_, 201.04, 269.28, 1.79708
_13587_, 201.04, 269.28, 1.79708
hold1163, 201.04, 269.28, 1.79708
FILLER_0_95_413, 201.04, 269.28, 1.79708
_12775_, 213.84, 269.28, 1.797
_17178_, 213.84, 269.28, 1.797
FILLER_0_95_461, 213.84, 269.28, 1.797
_09016_, 226.64, 269.28, 1.79693
_09135_, 226.64, 269.28, 1.79693
_12773_, 226.64, 269.28, 1.79693
FILLER_0_94_471, 226.64, 269.28, 1.79693
FILLER_0_95_469, 226.64, 269.28, 1.79693
FILLER_0_95_476, 226.64, 269.28, 1.79693
_09024_, 239.44, 269.28, 1.79686
_09139_, 239.44, 269.28, 1.79686
_09203_, 239.44, 269.28, 1.79686
FILLER_0_94_499, 239.44, 269.28, 1.79686
FILLER_0_96_514, 239.44, 269.28, 1.79686
_09150_, 252.24, 269.28, 1.79679
_09294_, 252.24, 269.28, 1.79679
FILLER_0_94_533, 252.24, 269.28, 1.79679
FILLER_0_95_529, 252.24, 269.28, 1.79679
FILLER_0_96_545, 252.24, 269.28, 1.79679
_10934_, 265.04, 269.28, 1.79673
_16457_, 265.04, 269.28, 1.79673
_18126_, 265.04, 269.28, 1.79673
FILLER_0_95_554, 265.04, 269.28, 1.79673
FILLER_0_95_561, 265.04, 269.28, 1.79673
FILLER_0_95_569, 265.04, 269.28, 1.79673
FILLER_0_96_568, 265.04, 269.28, 1.79673
_16456_, 277.84, 269.28, 1.79668
_16461_, 277.84, 269.28, 1.79668
hold1155, 277.84, 269.28, 1.79668
FILLER_0_94_589, 277.84, 269.28, 1.79668
_18129_, 290.64, 269.28, 1.79663
hold902, 290.64, 269.28, 1.79663
FILLER_0_95_613, 290.64, 269.28, 1.79663
_15300_, 303.44, 269.28, 1.79659
_15301_, 303.44, 269.28, 1.79659
_17675_, 303.44, 269.28, 1.79659
clkbuf_leaf_206_clk, 303.44, 269.28, 1.79659
hold600, 303.44, 269.28, 1.79659
FILLER_0_94_641, 303.44, 269.28, 1.79659
_12643_, 316.24, 269.28, 1.7966
_12644_, 316.24, 269.28, 1.7966
_12645_, 316.24, 269.28, 1.7966
_14696_, 316.24, 269.28, 1.7966
_15297_, 316.24, 269.28, 1.7966
_16952_, 316.24, 269.28, 1.7966
FILLER_0_94_662, 316.24, 269.28, 1.7966
_09240_, 341.84, 269.28, 1.79652
_09293_, 341.84, 269.28, 1.79652
hold713, 341.84, 269.28, 1.79652
_09097_, 354.64, 269.28, 1.79644
_09099_, 354.64, 269.28, 1.79644
_15468_, 354.64, 269.28, 1.79644
FILLER_0_94_749, 354.64, 269.28, 1.79644
FILLER_0_95_755, 354.64, 269.28, 1.79644
FILLER_0_95_766, 354.64, 269.28, 1.79644
FILLER_0_96_764, 354.64, 269.28, 1.79644
_10361_, 367.44, 269.28, 1.79635
hold373, 367.44, 269.28, 1.79635
FILLER_0_94_775, 367.44, 269.28, 1.79635
FILLER_0_95_781, 367.44, 269.28, 1.79635
_09187_, 380.24, 269.28, 1.79627
_10367_, 380.24, 269.28, 1.79627
_12639_, 380.24, 269.28, 1.79627
ANTENNA_85, 380.24, 269.28, 1.79627
FILLER_0_95_809, 380.24, 269.28, 1.79627
FILLER_0_95_824, 380.24, 269.28, 1.79627
_09131_, 393.04, 269.28, 1.7962
_11012_, 393.04, 269.28, 1.7962
_11013_, 393.04, 269.28, 1.7962
_12746_, 393.04, 269.28, 1.7962
_12836_, 393.04, 269.28, 1.7962
_12837_, 393.04, 269.28, 1.7962
FILLER_0_95_841, 393.04, 269.28, 1.7962
_08402_, 405.84, 269.28, 1.79614
_13910_, 405.84, 269.28, 1.79614
_13911_, 405.84, 269.28, 1.79614
FILLER_0_94_862, 405.84, 269.28, 1.79614
FILLER_0_94_869, 405.84, 269.28, 1.79614
FILLER_0_95_858, 405.84, 269.28, 1.79614
_08396_, 418.64, 269.28, 1.79608
_08397_, 418.64, 269.28, 1.79608
_08411_, 418.64, 269.28, 1.79608
_11011_, 418.64, 269.28, 1.79608
FILLER_0_94_888, 418.64, 269.28, 1.79608
FILLER_0_95_892, 418.64, 269.28, 1.79608
FILLER_0_95_897, 418.64, 269.28, 1.79608
FILLER_0_96_910, 418.64, 269.28, 1.79608
_08415_, 431.44, 269.28, 1.79602
_16475_, 431.44, 269.28, 1.79602
FILLER_0_95_934, 431.44, 269.28, 1.79602
_10045_, 444.24, 269.28, 1.79597
_10476_, 444.24, 269.28, 1.79597
_11019_, 444.24, 269.28, 1.79597
_11177_, 444.24, 269.28, 1.79597
_12798_, 444.24, 269.28, 1.79597
FILLER_0_94_942, 444.24, 269.28, 1.79597
FILLER_0_95_947, 444.24, 269.28, 1.79597
FILLER_0_96_957, 444.24, 269.28, 1.79597
_16315_, 457.04, 269.28, 1.79592
hold1165, 457.04, 269.28, 1.79592
FILLER_0_95_975, 457.04, 269.28, 1.79592
FILLER_0_95_983, 457.04, 269.28, 1.79592
FILLER_0_95_995, 457.04, 269.28, 1.79592
_08476_, 469.84, 269.28, 1.79587
_11160_, 469.84, 269.28, 1.79587
_11184_, 469.84, 269.28, 1.79587
_11185_, 469.84, 269.28, 1.79587
_13729_, 469.84, 269.28, 1.79587
FILLER_0_94_1001, 469.84, 269.28, 1.79587
_11180_, 495.44, 269.28, 1.79568
_15317_, 495.44, 269.28, 1.79568
clkbuf_leaf_140_clk, 495.44, 269.28, 1.79568
FILLER_0_95_1061, 495.44, 269.28, 1.79568
FILLER_0_95_1065, 495.44, 269.28, 1.79568
FILLER_0_96_1070, 495.44, 269.28, 1.79568
_14958_, 508.24, 269.28, 1.79558
_15318_, 508.24, 269.28, 1.79558
_10359_, 521.04, 269.28, 1.79548
_11062_, 521.04, 269.28, 1.79548
_15278_, 521.04, 269.28, 1.79548
_15279_, 521.04, 269.28, 1.79548
_16719_, 521.04, 269.28, 1.79548
_17666_, 521.04, 269.28, 1.79548
hold903, 521.04, 269.28, 1.79548
FILLER_0_96_1124, 521.04, 269.28, 1.79548
_10806_, 533.84, 269.28, 1.7954
_16243_, 533.84, 269.28, 1.7954
_16244_, 533.84, 269.28, 1.7954
_18035_, 533.84, 269.28, 1.7954
FILLER_0_94_1144, 533.84, 269.28, 1.7954
FILLER_0_95_1143, 533.84, 269.28, 1.7954
FILLER_0_96_1149, 533.84, 269.28, 1.7954
_08608_, 546.64, 269.28, 1.79533
_11455_, 546.64, 269.28, 1.79533
clkbuf_leaf_143_clk, 546.64, 269.28, 1.79533
FILLER_0_94_1163, 546.64, 269.28, 1.79533
FILLER_0_95_1167, 546.64, 269.28, 1.79533
_11169_, 559.44, 269.28, 1.79531
_16283_, 559.44, 269.28, 1.79531
_18003_, 559.44, 269.28, 1.79531
_18052_, 559.44, 269.28, 1.79531
hold649, 559.44, 269.28, 1.79531
FILLER_0_94_1193, 559.44, 269.28, 1.79531
FILLER_0_94_1200, 559.44, 269.28, 1.79531
_16110_, 572.24, 269.28, 1.7953
_16154_, 572.24, 269.28, 1.7953
_17989_, 572.24, 269.28, 1.7953
clkbuf_leaf_144_clk, 572.24, 269.28, 1.7953
FILLER_0_94_1222, 572.24, 269.28, 1.7953
FILLER_0_95_1233, 572.24, 269.28, 1.7953
_08610_, 585.04, 269.28, 1.79535
_11454_, 585.04, 269.28, 1.79535
hold557, 585.04, 269.28, 1.79535
FILLER_0_95_1255, 585.04, 269.28, 1.79535
_16107_, 597.84, 269.28, 1.7954
_17955_, 597.84, 269.28, 1.7954
FILLER_0_95_1280, 597.84, 269.28, 1.7954
FILLER_0_95_1298, 597.84, 269.28, 1.7954
_16027_, 610.64, 269.28, 1.79545
_16067_, 610.64, 269.28, 1.79545
_17971_, 610.64, 269.28, 1.79545
hold252, 610.64, 269.28, 1.79545
FILLER_0_95_1313, 610.64, 269.28, 1.79545
FILLER_0_96_1317, 610.64, 269.28, 1.79545
_17939_, 623.44, 269.28, 1.79552
clkbuf_leaf_147_clk, 623.44, 269.28, 1.79552
hold803, 623.44, 269.28, 1.79552
PHY_184, 5.52, 263.84, 1.79753
PHY_186, 5.52, 263.84, 1.79753
FILLER_0_93_51, 34.64, 263.84, 1.79751
FILLER_0_94_77, 34.64, 263.84, 1.79751
FILLER_0_93_105, 47.44, 263.84, 1.79749
FILLER_0_92_133, 73.04, 263.84, 1.79746
FILLER_0_93_161, 85.84, 263.84, 1.79744
FILLER_0_92_189, 98.64, 263.84, 1.79742
FILLER_0_93_217, 111.44, 263.84, 1.79741
FILLER_0_92_245, 124.24, 263.84, 1.79739
FILLER_0_93_273, 137.04, 263.84, 1.79737
FILLER_0_92_301, 149.84, 263.84, 1.79735
FILLER_0_93_329, 162.64, 263.84, 1.79734
_12986_, 188.24, 263.84, 1.79723
_12989_, 188.24, 263.84, 1.79723
_12990_, 188.24, 263.84, 1.79723
_17082_, 188.24, 263.84, 1.79723
FILLER_0_93_385, 188.24, 263.84, 1.79723
FILLER_0_93_393, 188.24, 263.84, 1.79723
_13403_, 201.04, 263.84, 1.79716
_13404_, 201.04, 263.84, 1.79716
_13405_, 201.04, 263.84, 1.79716
_17179_, 201.04, 263.84, 1.79716
FILLER_0_92_417, 201.04, 263.84, 1.79716
_12783_, 213.84, 263.84, 1.79709
_12784_, 213.84, 263.84, 1.79709
_17005_, 213.84, 263.84, 1.79709
hold835, 213.84, 263.84, 1.79709
_10437_, 226.64, 263.84, 1.79702
_10438_, 226.64, 263.84, 1.79702
hold1137, 226.64, 263.84, 1.79702
FILLER_0_92_469, 226.64, 263.84, 1.79702
_09013_, 239.44, 263.84, 1.79697
_09017_, 239.44, 263.84, 1.79697
_09047_, 239.44, 263.84, 1.79697
_09136_, 239.44, 263.84, 1.79697
_09189_, 239.44, 263.84, 1.79697
_09243_, 239.44, 263.84, 1.79697
_09257_, 239.44, 263.84, 1.79697
FILLER_0_92_498, 239.44, 263.84, 1.79697
FILLER_0_93_512, 239.44, 263.84, 1.79697
_09012_, 252.24, 263.84, 1.79691
_09220_, 252.24, 263.84, 1.79691
_09241_, 252.24, 263.84, 1.79691
_10932_, 252.24, 263.84, 1.79691
FILLER_0_94_549, 252.24, 263.84, 1.79691
_10933_, 265.04, 263.84, 1.79687
_10935_, 265.04, 263.84, 1.79687
_10936_, 265.04, 263.84, 1.79687
FILLER_0_93_561, 265.04, 263.84, 1.79687
_09211_, 277.84, 263.84, 1.79683
_16460_, 277.84, 263.84, 1.79683
_18128_, 277.84, 263.84, 1.79683
_09082_, 290.64, 263.84, 1.7968
_09263_, 290.64, 263.84, 1.7968
_16462_, 290.64, 263.84, 1.7968
hold899, 290.64, 263.84, 1.7968
FILLER_0_92_607, 290.64, 263.84, 1.7968
FILLER_0_93_607, 290.64, 263.84, 1.7968
FILLER_0_93_617, 290.64, 263.84, 1.7968
FILLER_0_93_631, 290.64, 263.84, 1.7968
_09061_, 303.44, 263.84, 1.79677
_09157_, 303.44, 263.84, 1.79677
_14700_, 303.44, 263.84, 1.79677
_16458_, 303.44, 263.84, 1.79677
ANTENNA_68, 303.44, 263.84, 1.79677
FILLER_0_92_634, 303.44, 263.84, 1.79677
FILLER_0_92_645, 303.44, 263.84, 1.79677
FILLER_0_94_654, 303.44, 263.84, 1.79677
_10747_, 316.24, 263.84, 1.79674
_16455_, 316.24, 263.84, 1.79674
FILLER_0_93_662, 316.24, 263.84, 1.79674
FILLER_0_93_673, 316.24, 263.84, 1.79674
FILLER_0_93_688, 316.24, 263.84, 1.79674
_09239_, 341.84, 263.84, 1.79663
_09292_, 341.84, 263.84, 1.79663
_15476_, 341.84, 263.84, 1.79663
FILLER_0_93_729, 341.84, 263.84, 1.79663
FILLER_0_93_737, 341.84, 263.84, 1.79663
FILLER_0_94_732, 341.84, 263.84, 1.79663
_09132_, 354.64, 263.84, 1.79653
_09133_, 354.64, 263.84, 1.79653
_10715_, 354.64, 263.84, 1.79653
_15466_, 354.64, 263.84, 1.79653
_15467_, 354.64, 263.84, 1.79653
_17738_, 354.64, 263.84, 1.79653
FILLER_0_92_752, 354.64, 263.84, 1.79653
FILLER_0_93_752, 354.64, 263.84, 1.79653
_10360_, 367.44, 263.84, 1.79645
FILLER_0_93_776, 367.44, 263.84, 1.79645
_09011_, 380.24, 263.84, 1.79637
_09084_, 380.24, 263.84, 1.79637
_09185_, 380.24, 263.84, 1.79637
_09186_, 380.24, 263.84, 1.79637
FILLER_0_92_813, 380.24, 263.84, 1.79637
FILLER_0_93_806, 380.24, 263.84, 1.79637
FILLER_0_93_823, 380.24, 263.84, 1.79637
FILLER_0_94_824, 380.24, 263.84, 1.79637
_12043_, 393.04, 263.84, 1.79629
_12046_, 393.04, 263.84, 1.79629
_13344_, 393.04, 263.84, 1.79629
_13513_, 393.04, 263.84, 1.79629
_15770_, 393.04, 263.84, 1.79629
_11017_, 405.84, 263.84, 1.79622
_13773_, 405.84, 263.84, 1.79622
_16276_, 405.84, 263.84, 1.79622
_16350_, 405.84, 263.84, 1.79622
_17314_, 405.84, 263.84, 1.79622
hold511, 405.84, 263.84, 1.79622
FILLER_0_94_877, 405.84, 263.84, 1.79622
_08399_, 418.64, 263.84, 1.79615
_08423_, 418.64, 263.84, 1.79615
_18134_, 418.64, 263.84, 1.79615
ANTENNA_60, 418.64, 263.84, 1.79615
FILLER_0_92_885, 418.64, 263.84, 1.79615
FILLER_0_93_893, 418.64, 263.84, 1.79615
FILLER_0_93_897, 418.64, 263.84, 1.79615
FILLER_0_93_910, 418.64, 263.84, 1.79615
FILLER_0_94_902, 418.64, 263.84, 1.79615
_15984_, 431.44, 263.84, 1.7961
_16474_, 431.44, 263.84, 1.7961
_16476_, 431.44, 263.84, 1.7961
hold642, 431.44, 263.84, 1.7961
FILLER_0_92_921, 431.44, 263.84, 1.7961
FILLER_0_92_925, 431.44, 263.84, 1.7961
FILLER_0_94_934, 431.44, 263.84, 1.7961
_12958_, 444.24, 263.84, 1.79604
_14631_, 444.24, 263.84, 1.79604
_15655_, 444.24, 263.84, 1.79604
_17552_, 444.24, 263.84, 1.79604
_14494_, 457.04, 263.84, 1.796
_14723_, 457.04, 263.84, 1.796
_16314_, 457.04, 263.84, 1.796
ANTENNA_10, 457.04, 263.84, 1.796
FILLER_0_93_979, 457.04, 263.84, 1.796
_10054_, 469.84, 263.84, 1.79596
_11161_, 469.84, 263.84, 1.79596
_14450_, 469.84, 263.84, 1.79596
_16622_, 469.84, 263.84, 1.79596
FILLER_0_92_999, 469.84, 263.84, 1.79596
FILLER_0_93_997, 469.84, 263.84, 1.79596
FILLER_0_93_1005, 469.84, 263.84, 1.79596
_08450_, 495.44, 263.84, 1.79589
_08451_, 495.44, 263.84, 1.79589
_10402_, 495.44, 263.84, 1.79589
_16438_, 495.44, 263.84, 1.79589
FILLER_0_93_1061, 495.44, 263.84, 1.79589
_10035_, 508.24, 263.84, 1.79585
_11046_, 508.24, 263.84, 1.79585
_15319_, 508.24, 263.84, 1.79585
_17682_, 508.24, 263.84, 1.79585
hold545, 508.24, 263.84, 1.79585
FILLER_0_93_1101, 508.24, 263.84, 1.79585
_15280_, 521.04, 263.84, 1.79582
_15464_, 521.04, 263.84, 1.79582
_17737_, 521.04, 263.84, 1.79582
FILLER_0_93_1110, 521.04, 263.84, 1.79582
FILLER_0_93_1121, 521.04, 263.84, 1.79582
FILLER_0_94_1125, 521.04, 263.84, 1.79582
_08482_, 533.84, 263.84, 1.7958
_08563_, 533.84, 263.84, 1.7958
_12048_, 533.84, 263.84, 1.7958
hold908, 533.84, 263.84, 1.7958
FILLER_0_92_1139, 533.84, 263.84, 1.7958
_16280_, 546.64, 263.84, 1.79578
_16281_, 546.64, 263.84, 1.79578
hold374, 546.64, 263.84, 1.79578
FILLER_0_93_1169, 546.64, 263.84, 1.79578
_16240_, 559.44, 263.84, 1.79577
_16282_, 559.44, 263.84, 1.79577
hold1082, 559.44, 263.84, 1.79577
FILLER_0_93_1206, 559.44, 263.84, 1.79577
FILLER_0_94_1214, 559.44, 263.84, 1.79577
_08530_, 572.24, 263.84, 1.79575
_11052_, 572.24, 263.84, 1.79575
_11054_, 572.24, 263.84, 1.79575
_16104_, 572.24, 263.84, 1.79575
_16109_, 572.24, 263.84, 1.79575
_16151_, 572.24, 263.84, 1.79575
FILLER_0_93_1223, 572.24, 263.84, 1.79575
FILLER_0_93_1238, 572.24, 263.84, 1.79575
FILLER_0_94_1234, 572.24, 263.84, 1.79575
_08542_, 585.04, 263.84, 1.79574
hold483, 585.04, 263.84, 1.79574
FILLER_0_93_1261, 585.04, 263.84, 1.79574
FILLER_0_93_1268, 585.04, 263.84, 1.79574
_08541_, 597.84, 263.84, 1.79573
hold349, 597.84, 263.84, 1.79573
FILLER_0_93_1285, 597.84, 263.84, 1.79573
FILLER_0_94_1297, 597.84, 263.84, 1.79573
_16025_, 610.64, 263.84, 1.79573
_16026_, 610.64, 263.84, 1.79573
_16066_, 610.64, 263.84, 1.79573
_17954_, 610.64, 263.84, 1.79573
FILLER_0_94_1317, 610.64, 263.84, 1.79573
_15989_, 623.44, 263.84, 1.79573
hold523, 623.44, 263.84, 1.79573
PHY_180, 5.52, 258.4, 1.79759
PHY_182, 5.52, 258.4, 1.79759
output60, 5.52, 258.4, 1.79759
FILLER_0_91_53, 34.64, 258.4, 1.79758
FILLER_0_92_77, 34.64, 258.4, 1.79758
FILLER_0_91_105, 47.44, 258.4, 1.79756
FILLER_0_90_133, 73.04, 258.4, 1.79753
FILLER_0_91_161, 85.84, 258.4, 1.79752
FILLER_0_90_189, 98.64, 258.4, 1.7975
FILLER_0_91_217, 111.44, 258.4, 1.79749
FILLER_0_90_245, 124.24, 258.4, 1.79747
FILLER_0_91_273, 137.04, 258.4, 1.79746
FILLER_0_90_301, 149.84, 258.4, 1.79744
FILLER_0_91_329, 162.64, 258.4, 1.79743
_12987_, 188.24, 258.4, 1.79733
_13325_, 188.24, 258.4, 1.79733
_13328_, 188.24, 258.4, 1.79733
_17147_, 188.24, 258.4, 1.79733
FILLER_0_90_389, 188.24, 258.4, 1.79733
FILLER_0_91_385, 188.24, 258.4, 1.79733
FILLER_0_91_393, 188.24, 258.4, 1.79733
FILLER_0_91_399, 188.24, 258.4, 1.79733
FILLER_0_92_401, 188.24, 258.4, 1.79733
FILLER_0_92_409, 188.24, 258.4, 1.79733
_13324_, 201.04, 258.4, 1.79725
_13326_, 201.04, 258.4, 1.79725
ANTENNA_120, 201.04, 258.4, 1.79725
FILLER_0_90_421, 201.04, 258.4, 1.79725
_13289_, 213.84, 258.4, 1.79718
FILLER_0_90_446, 213.84, 258.4, 1.79718
FILLER_0_91_443, 213.84, 258.4, 1.79718
FILLER_0_91_449, 213.84, 258.4, 1.79718
_10442_, 226.64, 258.4, 1.7971
_10443_, 226.64, 258.4, 1.7971
FILLER_0_90_471, 226.64, 258.4, 1.7971
FILLER_0_91_474, 226.64, 258.4, 1.7971
_09159_, 239.44, 258.4, 1.79703
_10445_, 239.44, 258.4, 1.79703
FILLER_0_90_501, 239.44, 258.4, 1.79703
FILLER_0_91_501, 239.44, 258.4, 1.79703
_09083_, 252.24, 258.4, 1.79696
_09134_, 252.24, 258.4, 1.79696
_09273_, 252.24, 258.4, 1.79696
ANTENNA_37, 252.24, 258.4, 1.79696
FILLER_0_90_526, 252.24, 258.4, 1.79696
FILLER_0_90_533, 252.24, 258.4, 1.79696
FILLER_0_91_526, 252.24, 258.4, 1.79696
FILLER_0_92_549, 252.24, 258.4, 1.79696
_09060_, 265.04, 258.4, 1.7969
_09066_, 265.04, 258.4, 1.7969
_09219_, 265.04, 258.4, 1.7969
_09272_, 265.04, 258.4, 1.7969
_10484_, 265.04, 258.4, 1.7969
FILLER_0_91_555, 265.04, 258.4, 1.7969
FILLER_0_91_561, 265.04, 258.4, 1.7969
FILLER_0_92_567, 265.04, 258.4, 1.7969
_09063_, 277.84, 258.4, 1.79684
_09065_, 277.84, 258.4, 1.79684
_09208_, 277.84, 258.4, 1.79684
_09209_, 277.84, 258.4, 1.79684
_09210_, 277.84, 258.4, 1.79684
FILLER_0_90_585, 277.84, 258.4, 1.79684
FILLER_0_90_589, 277.84, 258.4, 1.79684
FILLER_0_91_605, 277.84, 258.4, 1.79684
FILLER_0_92_595, 277.84, 258.4, 1.79684
_09166_, 290.64, 258.4, 1.79678
_09262_, 290.64, 258.4, 1.79678
_09264_, 290.64, 258.4, 1.79678
_09265_, 290.64, 258.4, 1.79678
clkbuf_leaf_207_clk, 290.64, 258.4, 1.79678
FILLER_0_91_617, 290.64, 258.4, 1.79678
_09058_, 303.44, 258.4, 1.79678
_09059_, 303.44, 258.4, 1.79678
_09062_, 303.44, 258.4, 1.79678
_09155_, 303.44, 258.4, 1.79678
_09156_, 303.44, 258.4, 1.79678
_18127_, 303.44, 258.4, 1.79678
FILLER_0_91_641, 303.44, 258.4, 1.79678
FILLER_0_91_659, 303.44, 258.4, 1.79678
FILLER_0_92_655, 303.44, 258.4, 1.79678
_08449_, 316.24, 258.4, 1.79678
_15473_, 316.24, 258.4, 1.79678
_15474_, 316.24, 258.4, 1.79678
_16459_, 316.24, 258.4, 1.79678
_17740_, 316.24, 258.4, 1.79678
FILLER_0_90_663, 316.24, 258.4, 1.79678
FILLER_0_90_675, 316.24, 258.4, 1.79678
FILLER_0_91_668, 316.24, 258.4, 1.79678
FILLER_0_91_673, 316.24, 258.4, 1.79678
FILLER_0_91_681, 316.24, 258.4, 1.79678
_09280_, 341.84, 258.4, 1.7967
_10677_, 341.84, 258.4, 1.7967
FILLER_0_90_728, 341.84, 258.4, 1.7967
FILLER_0_92_737, 341.84, 258.4, 1.7967
_17802_, 354.64, 258.4, 1.79661
FILLER_0_90_747, 354.64, 258.4, 1.79661
FILLER_0_91_762, 354.64, 258.4, 1.79661
FILLER_0_91_770, 354.64, 258.4, 1.79661
_09102_, 367.44, 258.4, 1.79652
_09104_, 367.44, 258.4, 1.79652
_15471_, 367.44, 258.4, 1.79652
_17739_, 367.44, 258.4, 1.79652
hold410, 367.44, 258.4, 1.79652
FILLER_0_91_781, 367.44, 258.4, 1.79652
FILLER_0_91_789, 367.44, 258.4, 1.79652
_14490_, 380.24, 258.4, 1.79645
_14491_, 380.24, 258.4, 1.79645
hold471, 380.24, 258.4, 1.79645
ANTENNA_194, 380.24, 258.4, 1.79645
ANTENNA_228, 380.24, 258.4, 1.79645
ANTENNA_233, 380.24, 258.4, 1.79645
FILLER_0_90_813, 380.24, 258.4, 1.79645
_12047_, 393.04, 258.4, 1.79637
_13266_, 393.04, 258.4, 1.79637
_13770_, 393.04, 258.4, 1.79637
_13774_, 393.04, 258.4, 1.79637
_16023_, 393.04, 258.4, 1.79637
_16099_, 393.04, 258.4, 1.79637
FILLER_0_91_835, 393.04, 258.4, 1.79637
_11973_, 405.84, 258.4, 1.7963
_15276_, 405.84, 258.4, 1.7963
_15694_, 405.84, 258.4, 1.7963
FILLER_0_90_869, 405.84, 258.4, 1.7963
FILLER_0_91_871, 405.84, 258.4, 1.7963
_08392_, 418.64, 258.4, 1.79623
_08404_, 418.64, 258.4, 1.79623
_11018_, 418.64, 258.4, 1.79623
_12915_, 418.64, 258.4, 1.79623
_15985_, 418.64, 258.4, 1.79623
FILLER_0_91_897, 418.64, 258.4, 1.79623
FILLER_0_92_907, 418.64, 258.4, 1.79623
_12916_, 431.44, 258.4, 1.79616
_13834_, 431.44, 258.4, 1.79616
_16062_, 431.44, 258.4, 1.79616
_16313_, 431.44, 258.4, 1.79616
_16436_, 431.44, 258.4, 1.79616
FILLER_0_91_916, 431.44, 258.4, 1.79616
FILLER_0_91_934, 431.44, 258.4, 1.79616
_11971_, 444.24, 258.4, 1.7961
_13564_, 444.24, 258.4, 1.7961
_15733_, 444.24, 258.4, 1.7961
FILLER_0_91_947, 444.24, 258.4, 1.7961
_08475_, 457.04, 258.4, 1.79604
_10581_, 457.04, 258.4, 1.79604
_14493_, 457.04, 258.4, 1.79604
_14528_, 457.04, 258.4, 1.79604
_14529_, 457.04, 258.4, 1.79604
_14724_, 457.04, 258.4, 1.79604
_17471_, 457.04, 258.4, 1.79604
ANTENNA_72, 457.04, 258.4, 1.79604
FILLER_0_91_969, 457.04, 258.4, 1.79604
_10053_, 469.84, 258.4, 1.79598
_11016_, 469.84, 258.4, 1.79598
_14492_, 469.84, 258.4, 1.79598
hold837, 469.84, 258.4, 1.79598
hold893, 469.84, 258.4, 1.79598
ANTENNA_210, 469.84, 258.4, 1.79598
FILLER_0_90_1005, 469.84, 258.4, 1.79598
FILLER_0_91_1005, 469.84, 258.4, 1.79598
_11044_, 495.44, 258.4, 1.79584
_16439_, 495.44, 258.4, 1.79584
_18118_, 495.44, 258.4, 1.79584
hold728, 495.44, 258.4, 1.79584
FILLER_0_90_1062, 495.44, 258.4, 1.79584
FILLER_0_92_1074, 495.44, 258.4, 1.79584
hold786, 508.24, 258.4, 1.79575
FILLER_0_91_1081, 508.24, 258.4, 1.79575
_15453_, 521.04, 258.4, 1.79566
_15463_, 521.04, 258.4, 1.79566
clkbuf_leaf_139_clk, 521.04, 258.4, 1.79566
_15548_, 533.84, 258.4, 1.79563
_15635_, 533.84, 258.4, 1.79563
_17769_, 533.84, 258.4, 1.79563
_18051_, 533.84, 258.4, 1.79563
hold945, 533.84, 258.4, 1.79563
FILLER_0_90_1136, 533.84, 258.4, 1.79563
FILLER_0_91_1137, 533.84, 258.4, 1.79563
FILLER_0_92_1152, 533.84, 258.4, 1.79563
_15457_, 546.64, 258.4, 1.79561
_15458_, 546.64, 258.4, 1.79561
_15540_, 546.64, 258.4, 1.79561
_17735_, 546.64, 258.4, 1.79561
FILLER_0_90_1173, 546.64, 258.4, 1.79561
FILLER_0_91_1168, 546.64, 258.4, 1.79561
FILLER_0_91_1177, 546.64, 258.4, 1.79561
FILLER_0_92_1177, 546.64, 258.4, 1.79561
_15460_, 559.44, 258.4, 1.7956
_15461_, 559.44, 258.4, 1.7956
_16277_, 559.44, 258.4, 1.7956
_17736_, 559.44, 258.4, 1.7956
FILLER_0_91_1193, 559.44, 258.4, 1.7956
_10365_, 572.24, 258.4, 1.7956
_15546_, 572.24, 258.4, 1.7956
_16024_, 572.24, 258.4, 1.7956
_16105_, 572.24, 258.4, 1.7956
_17987_, 572.24, 258.4, 1.7956
hold747, 572.24, 258.4, 1.7956
FILLER_0_90_1223, 572.24, 258.4, 1.7956
FILLER_0_91_1228, 572.24, 258.4, 1.7956
FILLER_0_91_1239, 572.24, 258.4, 1.7956
FILLER_0_92_1233, 572.24, 258.4, 1.7956
_08546_, 585.04, 258.4, 1.79561
_10570_, 585.04, 258.4, 1.79561
_16100_, 585.04, 258.4, 1.79561
_16101_, 585.04, 258.4, 1.79561
_16102_, 585.04, 258.4, 1.79561
_17986_, 585.04, 258.4, 1.79561
FILLER_0_92_1261, 585.04, 258.4, 1.79561
_11053_, 597.84, 258.4, 1.79563
FILLER_0_91_1279, 597.84, 258.4, 1.79563
_15822_, 610.64, 258.4, 1.79565
_15861_, 610.64, 258.4, 1.79565
_15948_, 610.64, 258.4, 1.79565
_16064_, 610.64, 258.4, 1.79565
_16065_, 610.64, 258.4, 1.79565
_17970_, 610.64, 258.4, 1.79565
FILLER_0_91_1310, 610.64, 258.4, 1.79565
FILLER_0_92_1317, 610.64, 258.4, 1.79565
_15987_, 623.44, 258.4, 1.79569
_15988_, 623.44, 258.4, 1.79569
_16063_, 623.44, 258.4, 1.79569
_17938_, 623.44, 258.4, 1.79569
hold663, 623.44, 258.4, 1.79569
FILLER_0_90_1336, 623.44, 258.4, 1.79569
PHY_176, 5.52, 252.96, 1.79765
PHY_178, 5.52, 252.96, 1.79765
FILLER_0_89_51, 34.64, 252.96, 1.79763
FILLER_0_90_77, 34.64, 252.96, 1.79763
FILLER_0_89_105, 47.44, 252.96, 1.79762
FILLER_0_88_133, 73.04, 252.96, 1.79758
FILLER_0_89_161, 85.84, 252.96, 1.79756
FILLER_0_88_189, 98.64, 252.96, 1.79754
FILLER_0_89_217, 111.44, 252.96, 1.79753
FILLER_0_88_245, 124.24, 252.96, 1.79751
FILLER_0_89_273, 137.04, 252.96, 1.79749
FILLER_0_88_301, 149.84, 252.96, 1.79747
FILLER_0_89_329, 162.64, 252.96, 1.79746
_13327_, 188.24, 252.96, 1.79726
FILLER_0_89_385, 188.24, 252.96, 1.79726
FILLER_0_89_405, 188.24, 252.96, 1.79726
_13331_, 201.04, 252.96, 1.79709
_17003_, 201.04, 252.96, 1.79709
_17146_, 201.04, 252.96, 1.79709
clkbuf_leaf_0_clk, 201.04, 252.96, 1.79709
FILLER_0_89_413, 201.04, 252.96, 1.79709
_12777_, 213.84, 252.96, 1.79698
_12778_, 213.84, 252.96, 1.79698
_13288_, 213.84, 252.96, 1.79698
_17131_, 213.84, 252.96, 1.79698
hold944, 213.84, 252.96, 1.79698
FILLER_0_88_443, 213.84, 252.96, 1.79698
FILLER_0_89_458, 213.84, 252.96, 1.79698
_09070_, 226.64, 252.96, 1.79688
clkbuf_2_0_0_clk, 226.64, 252.96, 1.79688
hold658, 226.64, 252.96, 1.79688
FILLER_0_89_482, 226.64, 252.96, 1.79688
_09080_, 239.44, 252.96, 1.79686
_09164_, 239.44, 252.96, 1.79686
_09266_, 239.44, 252.96, 1.79686
FILLER_0_88_498, 239.44, 252.96, 1.79686
FILLER_0_89_501, 239.44, 252.96, 1.79686
FILLER_0_89_513, 239.44, 252.96, 1.79686
_09067_, 252.24, 252.96, 1.79685
_09079_, 252.24, 252.96, 1.79685
_09081_, 252.24, 252.96, 1.79685
_09271_, 252.24, 252.96, 1.79685
_10771_, 252.24, 252.96, 1.79685
FILLER_0_88_528, 252.24, 252.96, 1.79685
FILLER_0_89_540, 252.24, 252.96, 1.79685
FILLER_0_90_541, 252.24, 252.96, 1.79685
FILLER_0_88_557, 265.04, 252.96, 1.79685
FILLER_0_89_553, 265.04, 252.96, 1.79685
FILLER_0_90_577, 265.04, 252.96, 1.79685
hold526, 277.84, 252.96, 1.79684
FILLER_0_88_582, 277.84, 252.96, 1.79684
FILLER_0_88_589, 277.84, 252.96, 1.79684
FILLER_0_89_585, 277.84, 252.96, 1.79684
FILLER_0_90_601, 277.84, 252.96, 1.79684
_09048_, 290.64, 252.96, 1.79683
_09165_, 290.64, 252.96, 1.79683
_10788_, 290.64, 252.96, 1.79683
_10789_, 290.64, 252.96, 1.79683
ANTENNA_66, 290.64, 252.96, 1.79683
FILLER_0_88_619, 290.64, 252.96, 1.79683
FILLER_0_89_609, 290.64, 252.96, 1.79683
FILLER_0_89_617, 290.64, 252.96, 1.79683
_08360_, 303.44, 252.96, 1.79683
_08361_, 303.44, 252.96, 1.79683
_09158_, 303.44, 252.96, 1.79683
_10946_, 303.44, 252.96, 1.79683
FILLER_0_88_636, 303.44, 252.96, 1.79683
FILLER_0_89_653, 303.44, 252.96, 1.79683
_08382_, 316.24, 252.96, 1.79683
_15555_, 316.24, 252.96, 1.79683
_17772_, 316.24, 252.96, 1.79683
FILLER_0_88_667, 316.24, 252.96, 1.79683
FILLER_0_90_684, 316.24, 252.96, 1.79683
_10678_, 341.84, 252.96, 1.79669
_10686_, 341.84, 252.96, 1.79669
_10687_, 341.84, 252.96, 1.79669
clkbuf_leaf_203_clk, 341.84, 252.96, 1.79669
FILLER_0_89_722, 341.84, 252.96, 1.79669
FILLER_0_89_729, 341.84, 252.96, 1.79669
_10716_, 354.64, 252.96, 1.79658
_10790_, 354.64, 252.96, 1.79658
_15638_, 354.64, 252.96, 1.79658
_15639_, 354.64, 252.96, 1.79658
FILLER_0_89_760, 354.64, 252.96, 1.79658
_09103_, 367.44, 252.96, 1.79649
_15470_, 367.44, 252.96, 1.79649
_15637_, 367.44, 252.96, 1.79649
hold510, 367.44, 252.96, 1.79649
ANTENNA_246, 367.44, 252.96, 1.79649
FILLER_0_88_783, 367.44, 252.96, 1.79649
FILLER_0_89_776, 367.44, 252.96, 1.79649
_10041_, 380.24, 252.96, 1.79639
_10042_, 380.24, 252.96, 1.79639
_13603_, 380.24, 252.96, 1.79639
_15549_, 380.24, 252.96, 1.79639
_15553_, 380.24, 252.96, 1.79639
clkbuf_leaf_202_clk, 380.24, 252.96, 1.79639
ANTENNA_78, 380.24, 252.96, 1.79639
ANTENNA_242, 380.24, 252.96, 1.79639
ANTENNA_243, 380.24, 252.96, 1.79639
ANTENNA_244, 380.24, 252.96, 1.79639
ANTENNA_245, 380.24, 252.96, 1.79639
FILLER_0_89_821, 380.24, 252.96, 1.79639
_10051_, 393.04, 252.96, 1.79633
_12619_, 393.04, 252.96, 1.79633
_13731_, 393.04, 252.96, 1.79633
_15277_, 393.04, 252.96, 1.79633
_15440_, 393.04, 252.96, 1.79633
_12874_, 405.84, 252.96, 1.79628
_12875_, 405.84, 252.96, 1.79628
_13640_, 405.84, 252.96, 1.79628
_15618_, 405.84, 252.96, 1.79628
_15860_, 405.84, 252.96, 1.79628
_15947_, 405.84, 252.96, 1.79628
FILLER_0_89_880, 405.84, 252.96, 1.79628
FILLER_0_90_877, 405.84, 252.96, 1.79628
_11974_, 418.64, 252.96, 1.79622
_12876_, 418.64, 252.96, 1.79622
_13303_, 418.64, 252.96, 1.79622
_15567_, 418.64, 252.96, 1.79622
_16150_, 418.64, 252.96, 1.79622
_16239_, 418.64, 252.96, 1.79622
FILLER_0_90_900, 418.64, 252.96, 1.79622
_13641_, 431.44, 252.96, 1.79617
_14721_, 431.44, 252.96, 1.79617
_16189_, 431.44, 252.96, 1.79617
FILLER_0_88_914, 431.44, 252.96, 1.79617
_12917_, 444.24, 252.96, 1.79612
_12959_, 444.24, 252.96, 1.79612
_15656_, 444.24, 252.96, 1.79612
_15821_, 444.24, 252.96, 1.79612
_08457_, 457.04, 252.96, 1.79607
_08466_, 457.04, 252.96, 1.79607
_08470_, 457.04, 252.96, 1.79607
_08472_, 457.04, 252.96, 1.79607
_08473_, 457.04, 252.96, 1.79607
_12799_, 457.04, 252.96, 1.79607
_14452_, 457.04, 252.96, 1.79607
_14722_, 457.04, 252.96, 1.79607
FILLER_0_89_993, 457.04, 252.96, 1.79607
_10052_, 469.84, 252.96, 1.79602
_14530_, 469.84, 252.96, 1.79602
_17487_, 469.84, 252.96, 1.79602
ANTENNA_82, 469.84, 252.96, 1.79602
ANTENNA_183, 469.84, 252.96, 1.79602
FILLER_0_89_1009, 469.84, 252.96, 1.79602
FILLER_0_89_1021, 469.84, 252.96, 1.79602
FILLER_0_90_1017, 469.84, 252.96, 1.79602
_10036_, 495.44, 252.96, 1.7959
_17570_, 495.44, 252.96, 1.7959
_17650_, 495.44, 252.96, 1.7959
FILLER_0_88_1058, 495.44, 252.96, 1.7959
FILLER_0_89_1057, 495.44, 252.96, 1.7959
FILLER_0_89_1077, 495.44, 252.96, 1.7959
_10870_, 508.24, 252.96, 1.79583
_14952_, 508.24, 252.96, 1.79583
_15236_, 508.24, 252.96, 1.79583
_15237_, 508.24, 252.96, 1.79583
_17734_, 508.24, 252.96, 1.79583
hold684, 508.24, 252.96, 1.79583
FILLER_0_88_1088, 508.24, 252.96, 1.79583
FILLER_0_90_1093, 508.24, 252.96, 1.79583
_15455_, 521.04, 252.96, 1.79578
_15636_, 521.04, 252.96, 1.79578
_17801_, 521.04, 252.96, 1.79578
hold831, 521.04, 252.96, 1.79578
FILLER_0_88_1117, 521.04, 252.96, 1.79578
_15542_, 533.84, 252.96, 1.79573
_15547_, 533.84, 252.96, 1.79573
hold900, 533.84, 252.96, 1.79573
FILLER_0_88_1142, 533.84, 252.96, 1.79573
FILLER_0_89_1161, 533.84, 252.96, 1.79573
FILLER_0_90_1159, 533.84, 252.96, 1.79573
_15628_, 546.64, 252.96, 1.79568
_15632_, 546.64, 252.96, 1.79568
_15633_, 546.64, 252.96, 1.79568
_17799_, 546.64, 252.96, 1.79568
hold493, 546.64, 252.96, 1.79568
FILLER_0_89_1181, 546.64, 252.96, 1.79568
FILLER_0_90_1181, 546.64, 252.96, 1.79568
_15634_, 559.44, 252.96, 1.79565
_17768_, 559.44, 252.96, 1.79565
_17800_, 559.44, 252.96, 1.79565
hold428, 559.44, 252.96, 1.79565
hold887, 559.44, 252.96, 1.79565
FILLER_0_89_1212, 559.44, 252.96, 1.79565
FILLER_0_90_1213, 559.44, 252.96, 1.79565
_15543_, 572.24, 252.96, 1.79562
_15545_, 572.24, 252.96, 1.79562
hold546, 572.24, 252.96, 1.79562
FILLER_0_88_1231, 572.24, 252.96, 1.79562
_08536_, 585.04, 252.96, 1.7956
_12061_, 585.04, 252.96, 1.7956
_15544_, 585.04, 252.96, 1.7956
clkbuf_leaf_149_clk, 585.04, 252.96, 1.7956
FILLER_0_88_1257, 585.04, 252.96, 1.7956
FILLER_0_89_1253, 585.04, 252.96, 1.7956
_08554_, 597.84, 252.96, 1.79562
_10577_, 597.84, 252.96, 1.79562
_10976_, 597.84, 252.96, 1.79562
FILLER_0_88_1283, 597.84, 252.96, 1.79562
FILLER_0_90_1298, 597.84, 252.96, 1.79562
FILLER_0_88_1307, 610.64, 252.96, 1.79565
FILLER_0_90_1329, 610.64, 252.96, 1.79565
_15986_, 623.44, 252.96, 1.79567
clkbuf_leaf_148_clk, 623.44, 252.96, 1.79567
ANTENNA_8, 623.44, 252.96, 1.79567
FILLER_0_89_1335, 623.44, 252.96, 1.79567
PHY_172, 5.52, 247.52, 1.79772
PHY_174, 5.52, 247.52, 1.79772
FILLER_0_87_51, 34.64, 247.52, 1.79771
FILLER_0_88_77, 34.64, 247.52, 1.79771
FILLER_0_87_105, 47.44, 247.52, 1.7977
FILLER_0_86_133, 73.04, 247.52, 1.79768
FILLER_0_87_161, 85.84, 247.52, 1.79767
FILLER_0_86_189, 98.64, 247.52, 1.79766
FILLER_0_87_217, 111.44, 247.52, 1.79765
FILLER_0_86_245, 124.24, 247.52, 1.79765
FILLER_0_87_273, 137.04, 247.52, 1.79764
FILLER_0_86_301, 149.84, 247.52, 1.79763
FILLER_0_87_329, 162.64, 247.52, 1.79762
_13329_, 188.24, 247.52, 1.79753
_13330_, 188.24, 247.52, 1.79753
_17148_, 188.24, 247.52, 1.79753
FILLER_0_86_389, 188.24, 247.52, 1.79753
FILLER_0_87_385, 188.24, 247.52, 1.79753
FILLER_0_87_409, 188.24, 247.52, 1.79753
FILLER_0_88_411, 188.24, 247.52, 1.79753
_13332_, 201.04, 247.52, 1.79746
_17149_, 201.04, 247.52, 1.79746
FILLER_0_87_431, 201.04, 247.52, 1.79746
FILLER_0_88_430, 201.04, 247.52, 1.79746
_12780_, 213.84, 247.52, 1.7974
_12781_, 213.84, 247.52, 1.7974
_13290_, 213.84, 247.52, 1.7974
_13291_, 213.84, 247.52, 1.7974
FILLER_0_86_450, 213.84, 247.52, 1.7974
FILLER_0_87_442, 213.84, 247.52, 1.7974
FILLER_0_88_463, 213.84, 247.52, 1.7974
_09212_, 226.64, 247.52, 1.79734
FILLER_0_86_469, 226.64, 247.52, 1.79734
FILLER_0_87_469, 226.64, 247.52, 1.79734
_09068_, 239.44, 247.52, 1.79728
_09069_, 239.44, 247.52, 1.79728
_09218_, 239.44, 247.52, 1.79728
ANTENNA_70, 239.44, 247.52, 1.79728
FILLER_0_86_501, 239.44, 247.52, 1.79728
FILLER_0_87_495, 239.44, 247.52, 1.79728
FILLER_0_87_505, 239.44, 247.52, 1.79728
_10784_, 252.24, 247.52, 1.79723
_10787_, 252.24, 247.52, 1.79723
_11350_, 252.24, 247.52, 1.79723
FILLER_0_87_532, 252.24, 247.52, 1.79723
_14971_, 265.04, 247.52, 1.79718
_14974_, 265.04, 247.52, 1.79718
_14975_, 265.04, 247.52, 1.79718
_17580_, 265.04, 247.52, 1.79718
FILLER_0_87_561, 265.04, 247.52, 1.79718
_11353_, 277.84, 247.52, 1.79713
_11354_, 277.84, 247.52, 1.79713
_11355_, 277.84, 247.52, 1.79713
ANTENNA_100, 277.84, 247.52, 1.79713
FILLER_0_86_589, 277.84, 247.52, 1.79713
FILLER_0_87_583, 277.84, 247.52, 1.79713
FILLER_0_88_604, 277.84, 247.52, 1.79713
_10772_, 290.64, 247.52, 1.79709
_10775_, 290.64, 247.52, 1.79709
_10778_, 290.64, 247.52, 1.79709
_11361_, 290.64, 247.52, 1.79709
FILLER_0_86_606, 290.64, 247.52, 1.79709
FILLER_0_87_609, 290.64, 247.52, 1.79709
FILLER_0_87_622, 290.64, 247.52, 1.79709
_10463_, 303.44, 247.52, 1.79705
_11362_, 303.44, 247.52, 1.79705
_14977_, 303.44, 247.52, 1.79705
_17581_, 303.44, 247.52, 1.79705
hold795, 303.44, 247.52, 1.79705
FILLER_0_86_641, 303.44, 247.52, 1.79705
FILLER_0_86_645, 303.44, 247.52, 1.79705
FILLER_0_88_657, 303.44, 247.52, 1.79705
_08435_, 316.24, 247.52, 1.79703
_11014_, 316.24, 247.52, 1.79703
_11315_, 316.24, 247.52, 1.79703
_14969_, 316.24, 247.52, 1.79703
_15554_, 316.24, 247.52, 1.79703
FILLER_0_87_669, 316.24, 247.52, 1.79703
FILLER_0_87_673, 316.24, 247.52, 1.79703
FILLER_0_87_681, 316.24, 247.52, 1.79703
FILLER_0_88_682, 316.24, 247.52, 1.79703
_09227_, 341.84, 247.52, 1.7969
_10693_, 341.84, 247.52, 1.7969
FILLER_0_88_738, 341.84, 247.52, 1.7969
_15601_, 354.64, 247.52, 1.7968
_17770_, 354.64, 247.52, 1.7968
hold1003, 354.64, 247.52, 1.7968
FILLER_0_86_757, 354.64, 247.52, 1.7968
FILLER_0_88_769, 354.64, 247.52, 1.7968
_09173_, 367.44, 247.52, 1.7967
_15552_, 367.44, 247.52, 1.7967
hold358, 367.44, 247.52, 1.7967
FILLER_0_87_778, 367.44, 247.52, 1.7967
_10913_, 380.24, 247.52, 1.7966
_10914_, 380.24, 247.52, 1.7966
FILLER_0_86_809, 380.24, 247.52, 1.7966
_12703_, 393.04, 247.52, 1.79651
_12747_, 393.04, 247.52, 1.79651
_14592_, 393.04, 247.52, 1.79651
_16473_, 393.04, 247.52, 1.79651
ANTENNA_240, 393.04, 247.52, 1.79651
ANTENNA_241, 393.04, 247.52, 1.79651
FILLER_0_87_837, 393.04, 247.52, 1.79651
_12618_, 405.84, 247.52, 1.79642
_13772_, 405.84, 247.52, 1.79642
_14670_, 405.84, 247.52, 1.79642
_15403_, 405.84, 247.52, 1.79642
_15491_, 405.84, 247.52, 1.79642
_15530_, 405.84, 247.52, 1.79642
_15595_, 405.84, 247.52, 1.79642
FILLER_0_86_865, 405.84, 247.52, 1.79642
FILLER_0_87_877, 405.84, 247.52, 1.79642
_08401_, 418.64, 247.52, 1.79633
_08407_, 418.64, 247.52, 1.79633
_15593_, 418.64, 247.52, 1.79633
_17787_, 418.64, 247.52, 1.79633
hold1078, 418.64, 247.52, 1.79633
FILLER_0_86_898, 418.64, 247.52, 1.79633
FILLER_0_87_897, 418.64, 247.52, 1.79633
_08374_, 431.44, 247.52, 1.79626
_10374_, 431.44, 247.52, 1.79626
_10812_, 431.44, 247.52, 1.79626
_13304_, 431.44, 247.52, 1.79626
_13835_, 431.44, 247.52, 1.79626
_15897_, 431.44, 247.52, 1.79626
FILLER_0_86_913, 431.44, 247.52, 1.79626
FILLER_0_86_925, 431.44, 247.52, 1.79626
FILLER_0_87_922, 431.44, 247.52, 1.79626
_11975_, 444.24, 247.52, 1.79619
_13383_, 444.24, 247.52, 1.79619
_15366_, 444.24, 247.52, 1.79619
_11039_, 457.04, 247.52, 1.79613
_11976_, 457.04, 247.52, 1.79613
FILLER_0_86_970, 457.04, 247.52, 1.79613
FILLER_0_86_981, 457.04, 247.52, 1.79613
FILLER_0_88_990, 457.04, 247.52, 1.79613
_14531_, 469.84, 247.52, 1.79607
_14633_, 469.84, 247.52, 1.79607
_15235_, 469.84, 247.52, 1.79607
clkbuf_leaf_132_clk, 469.84, 247.52, 1.79607
FILLER_0_86_1005, 469.84, 247.52, 1.79607
FILLER_0_87_998, 469.84, 247.52, 1.79607
FILLER_0_87_1004, 469.84, 247.52, 1.79607
FILLER_0_87_1009, 469.84, 247.52, 1.79607
FILLER_0_87_1022, 469.84, 247.52, 1.79607
_10866_, 495.44, 247.52, 1.79599
_14953_, 495.44, 247.52, 1.79599
hold620, 495.44, 247.52, 1.79599
_10859_, 508.24, 247.52, 1.79595
_10862_, 508.24, 247.52, 1.79595
_14951_, 508.24, 247.52, 1.79595
FILLER_0_86_1089, 508.24, 247.52, 1.79595
_15454_, 521.04, 247.52, 1.7959
_15630_, 521.04, 247.52, 1.7959
_17798_, 521.04, 247.52, 1.7959
hold569, 521.04, 247.52, 1.7959
_15541_, 533.84, 247.52, 1.79586
_17766_, 533.84, 247.52, 1.79586
hold627, 533.84, 247.52, 1.79586
hold707, 533.84, 247.52, 1.79586
FILLER_0_86_1139, 533.84, 247.52, 1.79586
_15631_, 546.64, 247.52, 1.79584
FILLER_0_86_1173, 546.64, 247.52, 1.79584
FILLER_0_87_1168, 546.64, 247.52, 1.79584
_12633_, 559.44, 247.52, 1.79581
hold505, 559.44, 247.52, 1.79581
FILLER_0_87_1201, 559.44, 247.52, 1.79581
FILLER_0_88_1217, 559.44, 247.52, 1.79581
_12057_, 572.24, 247.52, 1.79578
_17767_, 572.24, 247.52, 1.79578
FILLER_0_87_1228, 572.24, 247.52, 1.79578
_08538_, 585.04, 247.52, 1.79576
_08540_, 585.04, 247.52, 1.79576
_12060_, 585.04, 247.52, 1.79576
_16723_, 585.04, 247.52, 1.79576
hold866, 585.04, 247.52, 1.79576
FILLER_0_87_1257, 585.04, 247.52, 1.79576
_10973_, 597.84, 247.52, 1.79575
_10977_, 597.84, 247.52, 1.79575
hold445, 597.84, 247.52, 1.79575
_16117_, 610.64, 247.52, 1.79575
_16290_, 610.64, 247.52, 1.79575
_17991_, 610.64, 247.52, 1.79575
_18007_, 610.64, 247.52, 1.79575
_18055_, 610.64, 247.52, 1.79575
FILLER_0_86_1305, 610.64, 247.52, 1.79575
FILLER_0_86_1313, 610.64, 247.52, 1.79575
FILLER_0_87_1302, 610.64, 247.52, 1.79575
FILLER_0_87_1325, 610.64, 247.52, 1.79575
_17975_, 623.44, 247.52, 1.79576
hold960, 623.44, 247.52, 1.79576
PHY_168, 5.52, 242.08, 1.79779
PHY_170, 5.52, 242.08, 1.79779
FILLER_0_85_51, 34.64, 242.08, 1.79778
FILLER_0_86_77, 34.64, 242.08, 1.79778
FILLER_0_85_105, 47.44, 242.08, 1.79777
FILLER_0_84_133, 73.04, 242.08, 1.79776
FILLER_0_85_161, 85.84, 242.08, 1.79775
FILLER_0_84_189, 98.64, 242.08, 1.79774
FILLER_0_85_217, 111.44, 242.08, 1.79774
FILLER_0_84_245, 124.24, 242.08, 1.79773
FILLER_0_85_273, 137.04, 242.08, 1.79772
FILLER_0_84_301, 149.84, 242.08, 1.79771
FILLER_0_85_329, 162.64, 242.08, 1.79771
_14479_, 188.24, 242.08, 1.79761
_17466_, 188.24, 242.08, 1.79761
FILLER_0_84_392, 188.24, 242.08, 1.79761
FILLER_0_85_385, 188.24, 242.08, 1.79761
FILLER_0_85_393, 188.24, 242.08, 1.79761
FILLER_0_86_411, 188.24, 242.08, 1.79761
_14518_, 201.04, 242.08, 1.79753
_17004_, 201.04, 242.08, 1.79753
_17482_, 201.04, 242.08, 1.79753
hold1176, 201.04, 242.08, 1.79753
FILLER_0_84_413, 201.04, 242.08, 1.79753
FILLER_0_85_427, 201.04, 242.08, 1.79753
_17132_, 213.84, 242.08, 1.79746
hold933, 213.84, 242.08, 1.79746
FILLER_0_84_452, 213.84, 242.08, 1.79746
FILLER_0_85_440, 213.84, 242.08, 1.79746
_11356_, 226.64, 242.08, 1.79741
_11357_, 226.64, 242.08, 1.79741
_11360_, 226.64, 242.08, 1.79741
FILLER_0_84_471, 226.64, 242.08, 1.79741
_10783_, 239.44, 242.08, 1.79735
_10785_, 239.44, 242.08, 1.79735
FILLER_0_85_505, 239.44, 242.08, 1.79735
FILLER_0_85_519, 239.44, 242.08, 1.79735
_08468_, 252.24, 242.08, 1.7973
_10786_, 252.24, 242.08, 1.7973
_17578_, 252.24, 242.08, 1.7973
FILLER_0_84_529, 252.24, 242.08, 1.7973
FILLER_0_84_533, 252.24, 242.08, 1.7973
FILLER_0_85_527, 252.24, 242.08, 1.7973
FILLER_0_85_547, 252.24, 242.08, 1.7973
FILLER_0_86_542, 252.24, 242.08, 1.7973
_10423_, 265.04, 242.08, 1.79726
_14970_, 265.04, 242.08, 1.79726
hold648, 265.04, 242.08, 1.79726
FILLER_0_85_573, 265.04, 242.08, 1.79726
FILLER_0_86_566, 265.04, 242.08, 1.79726
_09204_, 277.84, 242.08, 1.79723
_09206_, 277.84, 242.08, 1.79723
_09207_, 277.84, 242.08, 1.79723
_11352_, 277.84, 242.08, 1.79723
FILLER_0_84_581, 277.84, 242.08, 1.79723
_09258_, 290.64, 242.08, 1.79719
_10776_, 290.64, 242.08, 1.79719
FILLER_0_84_611, 290.64, 242.08, 1.79719
FILLER_0_85_611, 290.64, 242.08, 1.79719
FILLER_0_85_617, 290.64, 242.08, 1.79719
FILLER_0_85_627, 290.64, 242.08, 1.79719
_09049_, 303.44, 242.08, 1.79716
_09052_, 303.44, 242.08, 1.79716
_09055_, 303.44, 242.08, 1.79716
_09153_, 303.44, 242.08, 1.79716
_09154_, 303.44, 242.08, 1.79716
_14976_, 303.44, 242.08, 1.79716
FILLER_0_85_652, 303.44, 242.08, 1.79716
_11313_, 316.24, 242.08, 1.79713
_11314_, 316.24, 242.08, 1.79713
_11316_, 316.24, 242.08, 1.79713
_14972_, 316.24, 242.08, 1.79713
hold852, 316.24, 242.08, 1.79713
FILLER_0_85_681, 316.24, 242.08, 1.79713
FILLER_0_86_677, 316.24, 242.08, 1.79713
_15604_, 341.84, 242.08, 1.79696
_17788_, 341.84, 242.08, 1.79696
_17789_, 341.84, 242.08, 1.79696
hold772, 341.84, 242.08, 1.79696
FILLER_0_84_728, 341.84, 242.08, 1.79696
FILLER_0_85_745, 341.84, 242.08, 1.79696
FILLER_0_86_737, 341.84, 242.08, 1.79696
_10666_, 354.64, 242.08, 1.79684
_15550_, 354.64, 242.08, 1.79684
_15551_, 354.64, 242.08, 1.79684
_15600_, 354.64, 242.08, 1.79684
_15683_, 354.64, 242.08, 1.79684
FILLER_0_84_753, 354.64, 242.08, 1.79684
FILLER_0_84_757, 354.64, 242.08, 1.79684
FILLER_0_85_758, 354.64, 242.08, 1.79684
_17771_, 367.44, 242.08, 1.79672
hold828, 367.44, 242.08, 1.79672
FILLER_0_86_789, 367.44, 242.08, 1.79672
_15641_, 380.24, 242.08, 1.79661
ANTENNA_235, 380.24, 242.08, 1.79661
ANTENNA_237, 380.24, 242.08, 1.79661
ANTENNA_238, 380.24, 242.08, 1.79661
FILLER_0_84_809, 380.24, 242.08, 1.79661
FILLER_0_84_813, 380.24, 242.08, 1.79661
FILLER_0_85_809, 380.24, 242.08, 1.79661
_12704_, 393.04, 242.08, 1.7965
_13692_, 393.04, 242.08, 1.7965
_14950_, 393.04, 242.08, 1.7965
_14987_, 393.04, 242.08, 1.7965
ANTENNA_239, 393.04, 242.08, 1.7965
_13771_, 405.84, 242.08, 1.79639
_17786_, 405.84, 242.08, 1.79639
FILLER_0_86_884, 405.84, 242.08, 1.79639
_08409_, 418.64, 242.08, 1.79628
_15592_, 418.64, 242.08, 1.79628
_15597_, 418.64, 242.08, 1.79628
_15598_, 418.64, 242.08, 1.79628
clkbuf_leaf_133_clk, 418.64, 242.08, 1.79628
hold1006, 418.64, 242.08, 1.79628
FILLER_0_85_887, 418.64, 242.08, 1.79628
_08408_, 431.44, 242.08, 1.79623
_10568_, 431.44, 242.08, 1.79623
_13872_, 431.44, 242.08, 1.79623
_15316_, 431.44, 242.08, 1.79623
_15596_, 431.44, 242.08, 1.79623
_13305_, 444.24, 242.08, 1.79618
_13642_, 444.24, 242.08, 1.79618
_14632_, 444.24, 242.08, 1.79618
_15234_, 444.24, 242.08, 1.79618
_11038_, 457.04, 242.08, 1.79613
_11040_, 457.04, 242.08, 1.79613
_14453_, 457.04, 242.08, 1.79613
_17455_, 457.04, 242.08, 1.79613
hold706, 457.04, 242.08, 1.79613
FILLER_0_84_981, 457.04, 242.08, 1.79613
FILLER_0_85_979, 457.04, 242.08, 1.79613
_10471_, 469.84, 242.08, 1.7961
_10622_, 469.84, 242.08, 1.7961
_11043_, 469.84, 242.08, 1.7961
_11170_, 469.84, 242.08, 1.7961
_14634_, 469.84, 242.08, 1.7961
_14635_, 469.84, 242.08, 1.7961
_17519_, 469.84, 242.08, 1.7961
_10563_, 495.44, 242.08, 1.79601
_10857_, 495.44, 242.08, 1.79601
_17750_, 495.44, 242.08, 1.79601
FILLER_0_85_1054, 495.44, 242.08, 1.79601
_10858_, 508.24, 242.08, 1.79595
_12631_, 508.24, 242.08, 1.79595
_16946_, 508.24, 242.08, 1.79595
hold884, 508.24, 242.08, 1.79595
FILLER_0_85_1106, 508.24, 242.08, 1.79595
_10856_, 521.04, 242.08, 1.7959
_10974_, 521.04, 242.08, 1.7959
_12629_, 521.04, 242.08, 1.7959
_12630_, 521.04, 242.08, 1.7959
_15629_, 521.04, 242.08, 1.7959
FILLER_0_85_1133, 521.04, 242.08, 1.7959
_08820_, 533.84, 242.08, 1.79586
hold409, 533.84, 242.08, 1.79586
hold415, 533.84, 242.08, 1.79586
FILLER_0_84_1143, 533.84, 242.08, 1.79586
_08889_, 546.64, 242.08, 1.79583
_10966_, 546.64, 242.08, 1.79583
_15506_, 546.64, 242.08, 1.79583
_17751_, 546.64, 242.08, 1.79583
FILLER_0_85_1173, 546.64, 242.08, 1.79583
_12632_, 559.44, 242.08, 1.7958
_16947_, 559.44, 242.08, 1.7958
FILLER_0_84_1200, 559.44, 242.08, 1.7958
FILLER_0_85_1198, 559.44, 242.08, 1.7958
_12062_, 572.24, 242.08, 1.79578
_12063_, 572.24, 242.08, 1.79578
_16724_, 572.24, 242.08, 1.79578
_16725_, 572.24, 242.08, 1.79578
hold762, 572.24, 242.08, 1.79578
FILLER_0_85_1229, 572.24, 242.08, 1.79578
_12059_, 585.04, 242.08, 1.79578
_12064_, 585.04, 242.08, 1.79578
_16112_, 585.04, 242.08, 1.79578
_16722_, 585.04, 242.08, 1.79578
FILLER_0_84_1257, 585.04, 242.08, 1.79578
FILLER_0_85_1258, 585.04, 242.08, 1.79578
FILLER_0_86_1261, 585.04, 242.08, 1.79578
_08892_, 597.84, 242.08, 1.79578
_10975_, 597.84, 242.08, 1.79578
hold516, 597.84, 242.08, 1.79578
_16116_, 610.64, 242.08, 1.79579
_16289_, 610.64, 242.08, 1.79579
hold390, 610.64, 242.08, 1.79579
hold679, 610.64, 242.08, 1.79579
FILLER_0_84_1308, 610.64, 242.08, 1.79579
_16072_, 623.44, 242.08, 1.7958
_16076_, 623.44, 242.08, 1.7958
_16165_, 623.44, 242.08, 1.7958
_17943_, 623.44, 242.08, 1.7958
hold752, 623.44, 242.08, 1.7958
FILLER_0_84_1333, 623.44, 242.08, 1.7958
FILLER_0_85_1333, 623.44, 242.08, 1.7958
FILLER_0_85_1341, 623.44, 242.08, 1.7958
PHY_164, 5.52, 236.64, 1.79785
PHY_166, 5.52, 236.64, 1.79785
FILLER_0_83_51, 34.64, 236.64, 1.79785
FILLER_0_84_77, 34.64, 236.64, 1.79785
FILLER_0_83_105, 47.44, 236.64, 1.79784
FILLER_0_82_133, 73.04, 236.64, 1.79783
FILLER_0_83_161, 85.84, 236.64, 1.79783
FILLER_0_82_189, 98.64, 236.64, 1.79782
FILLER_0_83_217, 111.44, 236.64, 1.79782
FILLER_0_82_245, 124.24, 236.64, 1.79781
FILLER_0_83_273, 137.04, 236.64, 1.79781
FILLER_0_82_301, 149.84, 236.64, 1.79781
FILLER_0_83_329, 162.64, 236.64, 1.7978
_14476_, 188.24, 236.64, 1.7977
_14478_, 188.24, 236.64, 1.7977
FILLER_0_83_411, 188.24, 236.64, 1.7977
_14517_, 201.04, 236.64, 1.79761
_17481_, 201.04, 236.64, 1.79761
FILLER_0_82_413, 201.04, 236.64, 1.79761
FILLER_0_83_419, 201.04, 236.64, 1.79761
FILLER_0_84_437, 201.04, 236.64, 1.79761
_16988_, 213.84, 236.64, 1.79753
hold579, 213.84, 236.64, 1.79753
FILLER_0_82_445, 213.84, 236.64, 1.79753
FILLER_0_83_465, 213.84, 236.64, 1.79753
FILLER_0_84_460, 213.84, 236.64, 1.79753
_09214_, 226.64, 236.64, 1.79745
_09217_, 226.64, 236.64, 1.79745
_11359_, 226.64, 236.64, 1.79745
FILLER_0_82_473, 226.64, 236.64, 1.79745
FILLER_0_83_487, 226.64, 236.64, 1.79745
FILLER_0_84_486, 226.64, 236.64, 1.79745
_09213_, 239.44, 236.64, 1.79738
_09216_, 239.44, 236.64, 1.79738
_09267_, 239.44, 236.64, 1.79738
_09270_, 239.44, 236.64, 1.79738
FILLER_0_83_522, 239.44, 236.64, 1.79738
FILLER_0_84_512, 239.44, 236.64, 1.79738
FILLER_0_84_521, 239.44, 236.64, 1.79738
_09071_, 252.24, 236.64, 1.79731
_09268_, 252.24, 236.64, 1.79731
_10782_, 252.24, 236.64, 1.79731
_12732_, 252.24, 236.64, 1.79731
_16989_, 252.24, 236.64, 1.79731
hold683, 252.24, 236.64, 1.79731
FILLER_0_82_527, 252.24, 236.64, 1.79731
FILLER_0_82_533, 252.24, 236.64, 1.79731
_09051_, 265.04, 236.64, 1.79725
_09056_, 265.04, 236.64, 1.79725
_09057_, 265.04, 236.64, 1.79725
_10493_, 265.04, 236.64, 1.79725
_10494_, 265.04, 236.64, 1.79725
clkbuf_leaf_208_clk, 265.04, 236.64, 1.79725
FILLER_0_83_570, 265.04, 236.64, 1.79725
_09205_, 277.84, 236.64, 1.79723
_09261_, 277.84, 236.64, 1.79723
_13812_, 277.84, 236.64, 1.79723
FILLER_0_82_582, 277.84, 236.64, 1.79723
FILLER_0_83_579, 277.84, 236.64, 1.79723
FILLER_0_83_587, 277.84, 236.64, 1.79723
FILLER_0_83_594, 277.84, 236.64, 1.79723
FILLER_0_84_595, 277.84, 236.64, 1.79723
_09259_, 290.64, 236.64, 1.79721
_09260_, 290.64, 236.64, 1.79721
_10777_, 290.64, 236.64, 1.79721
_13816_, 290.64, 236.64, 1.79721
FILLER_0_82_613, 290.64, 236.64, 1.79721
FILLER_0_83_617, 290.64, 236.64, 1.79721
_09050_, 303.44, 236.64, 1.7972
_09151_, 303.44, 236.64, 1.7972
_17579_, 303.44, 236.64, 1.7972
FILLER_0_82_639, 303.44, 236.64, 1.7972
FILLER_0_82_645, 303.44, 236.64, 1.7972
FILLER_0_83_641, 303.44, 236.64, 1.7972
FILLER_0_83_655, 303.44, 236.64, 1.7972
FILLER_0_84_648, 303.44, 236.64, 1.7972
_10050_, 316.24, 236.64, 1.7972
_13730_, 316.24, 236.64, 1.7972
_14973_, 316.24, 236.64, 1.7972
_15187_, 316.24, 236.64, 1.7972
FILLER_0_82_666, 316.24, 236.64, 1.7972
FILLER_0_83_665, 316.24, 236.64, 1.7972
FILLER_0_83_673, 316.24, 236.64, 1.7972
FILLER_0_84_676, 316.24, 236.64, 1.7972
_15475_, 341.84, 236.64, 1.79707
_15602_, 341.84, 236.64, 1.79707
_15603_, 341.84, 236.64, 1.79707
hold800, 341.84, 236.64, 1.79707
FILLER_0_82_729, 341.84, 236.64, 1.79707
FILLER_0_83_722, 341.84, 236.64, 1.79707
FILLER_0_83_729, 341.84, 236.64, 1.79707
_15599_, 354.64, 236.64, 1.79693
_15682_, 354.64, 236.64, 1.79693
_15759_, 354.64, 236.64, 1.79693
_17821_, 354.64, 236.64, 1.79693
FILLER_0_83_750, 354.64, 236.64, 1.79693
_15640_, 367.44, 236.64, 1.79681
_17803_, 367.44, 236.64, 1.79681
hold489, 367.44, 236.64, 1.79681
FILLER_0_83_779, 367.44, 236.64, 1.79681
FILLER_0_83_785, 367.44, 236.64, 1.79681
_12701_, 380.24, 236.64, 1.79669
_13343_, 380.24, 236.64, 1.79669
_15680_, 380.24, 236.64, 1.79669
_15681_, 380.24, 236.64, 1.79669
_17820_, 380.24, 236.64, 1.79669
hold1040, 380.24, 236.64, 1.79669
FILLER_0_83_804, 380.24, 236.64, 1.79669
_10780_, 393.04, 236.64, 1.79659
_13909_, 393.04, 236.64, 1.79659
_14671_, 393.04, 236.64, 1.79659
_17835_, 393.04, 236.64, 1.79659
FILLER_0_83_834, 393.04, 236.64, 1.79659
FILLER_0_83_841, 393.04, 236.64, 1.79659
_10665_, 405.84, 236.64, 1.79649
_15594_, 405.84, 236.64, 1.79649
_15714_, 405.84, 236.64, 1.79649
hold498, 405.84, 236.64, 1.79649
hold999, 405.84, 236.64, 1.79649
FILLER_0_83_884, 405.84, 236.64, 1.79649
_08419_, 418.64, 236.64, 1.7964
_15676_, 418.64, 236.64, 1.7964
_15677_, 418.64, 236.64, 1.7964
_17818_, 418.64, 236.64, 1.7964
ANTENNA_181, 418.64, 236.64, 1.7964
FILLER_0_82_887, 418.64, 236.64, 1.7964
_08376_, 431.44, 236.64, 1.79632
_08393_, 431.44, 236.64, 1.79632
_08400_, 431.44, 236.64, 1.79632
_08414_, 431.44, 236.64, 1.79632
_08459_, 431.44, 236.64, 1.79632
_08487_, 431.44, 236.64, 1.79632
_08529_, 431.44, 236.64, 1.79632
_08537_, 431.44, 236.64, 1.79632
_15679_, 431.44, 236.64, 1.79632
FILLER_0_82_921, 431.44, 236.64, 1.79632
FILLER_0_82_925, 431.44, 236.64, 1.79632
FILLER_0_83_929, 431.44, 236.64, 1.79632
_08444_, 444.24, 236.64, 1.79626
_08465_, 444.24, 236.64, 1.79626
_08469_, 444.24, 236.64, 1.79626
_10373_, 444.24, 236.64, 1.79626
_10915_, 444.24, 236.64, 1.79626
_14451_, 444.24, 236.64, 1.79626
hold861, 444.24, 236.64, 1.79626
ANTENNA_185, 444.24, 236.64, 1.79626
FILLER_0_82_950, 444.24, 236.64, 1.79626
_08467_, 457.04, 236.64, 1.79621
_10623_, 457.04, 236.64, 1.79621
_10734_, 457.04, 236.64, 1.79621
_11048_, 457.04, 236.64, 1.79621
_14454_, 457.04, 236.64, 1.79621
_15190_, 457.04, 236.64, 1.79621
FILLER_0_83_977, 457.04, 236.64, 1.79621
FILLER_0_83_983, 457.04, 236.64, 1.79621
FILLER_0_83_990, 457.04, 236.64, 1.79621
_15191_, 469.84, 236.64, 1.79617
_15193_, 469.84, 236.64, 1.79617
_17634_, 469.84, 236.64, 1.79617
_10403_, 495.44, 236.64, 1.79606
_10569_, 495.44, 236.64, 1.79606
_15504_, 495.44, 236.64, 1.79606
_17635_, 495.44, 236.64, 1.79606
FILLER_0_84_1069, 495.44, 236.64, 1.79606
_10964_, 508.24, 236.64, 1.796
_15502_, 508.24, 236.64, 1.796
_15503_, 508.24, 236.64, 1.796
FILLER_0_82_1087, 508.24, 236.64, 1.796
FILLER_0_84_1102, 508.24, 236.64, 1.796
_08814_, 521.04, 236.64, 1.79594
_12637_, 521.04, 236.64, 1.79594
_16949_, 521.04, 236.64, 1.79594
FILLER_0_82_1119, 521.04, 236.64, 1.79594
FILLER_0_83_1109, 521.04, 236.64, 1.79594
FILLER_0_83_1117, 521.04, 236.64, 1.79594
FILLER_0_84_1121, 521.04, 236.64, 1.79594
FILLER_0_84_1127, 521.04, 236.64, 1.79594
_08819_, 533.84, 236.64, 1.79589
_15417_, 533.84, 236.64, 1.79589
_17719_, 533.84, 236.64, 1.79589
ANTENNA_236, 533.84, 236.64, 1.79589
FILLER_0_82_1136, 533.84, 236.64, 1.79589
FILLER_0_83_1138, 533.84, 236.64, 1.79589
_10965_, 546.64, 236.64, 1.79585
_15505_, 546.64, 236.64, 1.79585
hold463, 546.64, 236.64, 1.79585
ANTENNA_234, 546.64, 236.64, 1.79585
_12634_, 559.44, 236.64, 1.79582
_16286_, 559.44, 236.64, 1.79582
hold582, 559.44, 236.64, 1.79582
FILLER_0_82_1199, 559.44, 236.64, 1.79582
FILLER_0_83_1200, 559.44, 236.64, 1.79582
_08826_, 572.24, 236.64, 1.79578
_16294_, 572.24, 236.64, 1.79578
_18057_, 572.24, 236.64, 1.79578
clkbuf_leaf_150_clk, 572.24, 236.64, 1.79578
hold400, 572.24, 236.64, 1.79578
FILLER_0_82_1221, 572.24, 236.64, 1.79578
FILLER_0_83_1226, 572.24, 236.64, 1.79578
FILLER_0_83_1233, 572.24, 236.64, 1.79578
_08831_, 585.04, 236.64, 1.79579
_08832_, 585.04, 236.64, 1.79579
_12058_, 585.04, 236.64, 1.79579
_12065_, 585.04, 236.64, 1.79579
_16122_, 585.04, 236.64, 1.79579
_16123_, 585.04, 236.64, 1.79579
hold458, 585.04, 236.64, 1.79579
_08894_, 597.84, 236.64, 1.7958
FILLER_0_83_1282, 597.84, 236.64, 1.7958
FILLER_0_83_1289, 597.84, 236.64, 1.7958
_16161_, 610.64, 236.64, 1.79582
FILLER_0_83_1320, 610.64, 236.64, 1.79582
FILLER_0_83_1328, 610.64, 236.64, 1.79582
FILLER_0_84_1317, 610.64, 236.64, 1.79582
_15995_, 623.44, 236.64, 1.79583
_15998_, 623.44, 236.64, 1.79583
_16074_, 623.44, 236.64, 1.79583
_16075_, 623.44, 236.64, 1.79583
_16164_, 623.44, 236.64, 1.79583
ANTENNA_9, 623.44, 236.64, 1.79583
FILLER_0_82_1338, 623.44, 236.64, 1.79583
FILLER_0_83_1340, 623.44, 236.64, 1.79583
PHY_160, 5.52, 231.2, 1.79792
PHY_162, 5.52, 231.2, 1.79792
FILLER_0_81_51, 34.64, 231.2, 1.79791
FILLER_0_82_77, 34.64, 231.2, 1.79791
FILLER_0_81_105, 47.44, 231.2, 1.79791
FILLER_0_80_133, 73.04, 231.2, 1.79791
FILLER_0_81_161, 85.84, 231.2, 1.79791
FILLER_0_80_189, 98.64, 231.2, 1.7979
FILLER_0_81_217, 111.44, 231.2, 1.7979
FILLER_0_80_245, 124.24, 231.2, 1.7979
FILLER_0_81_273, 137.04, 231.2, 1.7979
FILLER_0_80_301, 149.84, 231.2, 1.7979
FILLER_0_81_329, 162.64, 231.2, 1.79789
_14471_, 188.24, 231.2, 1.79778
_14472_, 188.24, 231.2, 1.79778
_14473_, 188.24, 231.2, 1.79778
_17463_, 188.24, 231.2, 1.79778
hold1152, 188.24, 231.2, 1.79778
FILLER_0_80_389, 188.24, 231.2, 1.79778
FILLER_0_81_385, 188.24, 231.2, 1.79778
FILLER_0_82_401, 188.24, 231.2, 1.79778
_14511_, 201.04, 231.2, 1.79767
_14512_, 201.04, 231.2, 1.79767
_14515_, 201.04, 231.2, 1.79767
_14516_, 201.04, 231.2, 1.79767
clkbuf_leaf_234_clk, 201.04, 231.2, 1.79767
_11358_, 213.84, 231.2, 1.79761
_12727_, 213.84, 231.2, 1.79761
_12730_, 213.84, 231.2, 1.79761
_12731_, 213.84, 231.2, 1.79761
_16986_, 213.84, 231.2, 1.79761
FILLER_0_81_440, 213.84, 231.2, 1.79761
FILLER_0_81_449, 213.84, 231.2, 1.79761
_10501_, 226.64, 231.2, 1.79756
hold721, 226.64, 231.2, 1.79756
FILLER_0_80_477, 226.64, 231.2, 1.79756
FILLER_0_81_471, 226.64, 231.2, 1.79756
FILLER_0_81_487, 226.64, 231.2, 1.79756
_09073_, 239.44, 231.2, 1.79752
_09077_, 239.44, 231.2, 1.79752
_09078_, 239.44, 231.2, 1.79752
_09269_, 239.44, 231.2, 1.79752
FILLER_0_81_495, 239.44, 231.2, 1.79752
FILLER_0_82_513, 239.44, 231.2, 1.79752
_12733_, 252.24, 231.2, 1.79747
ANTENNA_108, 252.24, 231.2, 1.79747
FILLER_0_80_527, 252.24, 231.2, 1.79747
FILLER_0_80_533, 252.24, 231.2, 1.79747
FILLER_0_81_541, 252.24, 231.2, 1.79747
_09054_, 265.04, 231.2, 1.79743
_10475_, 265.04, 231.2, 1.79743
_13803_, 265.04, 231.2, 1.79743
_14613_, 265.04, 231.2, 1.79743
_14614_, 265.04, 231.2, 1.79743
FILLER_0_80_557, 265.04, 231.2, 1.79743
FILLER_0_81_561, 265.04, 231.2, 1.79743
_10487_, 277.84, 231.2, 1.79739
_10497_, 277.84, 231.2, 1.79739
_14617_, 277.84, 231.2, 1.79739
FILLER_0_81_585, 277.84, 231.2, 1.79739
_10511_, 290.64, 231.2, 1.79735
_14620_, 290.64, 231.2, 1.79735
_17514_, 290.64, 231.2, 1.79735
FILLER_0_80_613, 290.64, 231.2, 1.79735
FILLER_0_81_608, 290.64, 231.2, 1.79735
_09053_, 303.44, 231.2, 1.79732
_09152_, 303.44, 231.2, 1.79732
_13808_, 303.44, 231.2, 1.79732
_14616_, 303.44, 231.2, 1.79732
_17512_, 303.44, 231.2, 1.79732
hold722, 303.44, 231.2, 1.79732
FILLER_0_80_645, 303.44, 231.2, 1.79732
FILLER_0_81_634, 303.44, 231.2, 1.79732
FILLER_0_82_652, 303.44, 231.2, 1.79732
_10422_, 316.24, 231.2, 1.7973
_10496_, 316.24, 231.2, 1.7973
_10723_, 316.24, 231.2, 1.7973
_10746_, 316.24, 231.2, 1.7973
_10947_, 316.24, 231.2, 1.7973
_11010_, 316.24, 231.2, 1.7973
FILLER_0_80_671, 316.24, 231.2, 1.7973
_15721_, 341.84, 231.2, 1.79711
_15722_, 341.84, 231.2, 1.79711
_17837_, 341.84, 231.2, 1.79711
_17853_, 341.84, 231.2, 1.79711
hold909, 341.84, 231.2, 1.79711
FILLER_0_80_720, 341.84, 231.2, 1.79711
_10743_, 354.64, 231.2, 1.79694
_15760_, 354.64, 231.2, 1.79694
_15848_, 354.64, 231.2, 1.79694
_15849_, 354.64, 231.2, 1.79694
clkbuf_leaf_201_clk, 354.64, 231.2, 1.79694
hold854, 354.64, 231.2, 1.79694
FILLER_0_80_746, 354.64, 231.2, 1.79694
FILLER_0_80_753, 354.64, 231.2, 1.79694
FILLER_0_80_757, 354.64, 231.2, 1.79694
FILLER_0_81_749, 354.64, 231.2, 1.79694
_15465_, 367.44, 231.2, 1.79683
_15469_, 367.44, 231.2, 1.79683
_15758_, 367.44, 231.2, 1.79683
_17852_, 367.44, 231.2, 1.79683
hold781, 367.44, 231.2, 1.79683
FILLER_0_80_781, 367.44, 231.2, 1.79683
FILLER_0_81_779, 367.44, 231.2, 1.79683
FILLER_0_82_790, 367.44, 231.2, 1.79683
FILLER_0_82_799, 367.44, 231.2, 1.79683
_15718_, 380.24, 231.2, 1.79672
_15846_, 380.24, 231.2, 1.79672
hold1068, 380.24, 231.2, 1.79672
FILLER_0_81_820, 380.24, 231.2, 1.79672
FILLER_0_81_828, 380.24, 231.2, 1.79672
FILLER_0_82_822, 380.24, 231.2, 1.79672
_10381_, 393.04, 231.2, 1.79662
_10382_, 393.04, 231.2, 1.79662
_15715_, 393.04, 231.2, 1.79662
_15716_, 393.04, 231.2, 1.79662
_15717_, 393.04, 231.2, 1.79662
_17834_, 393.04, 231.2, 1.79662
hold1021, 393.04, 231.2, 1.79662
_15842_, 405.84, 231.2, 1.79653
_15843_, 405.84, 231.2, 1.79653
_17882_, 405.84, 231.2, 1.79653
FILLER_0_80_865, 405.84, 231.2, 1.79653
FILLER_0_80_869, 405.84, 231.2, 1.79653
FILLER_0_81_866, 405.84, 231.2, 1.79653
_08458_, 418.64, 231.2, 1.79644
_17850_, 418.64, 231.2, 1.79644
FILLER_0_81_909, 418.64, 231.2, 1.79644
FILLER_0_82_909, 418.64, 231.2, 1.79644
_08395_, 431.44, 231.2, 1.79637
_08497_, 431.44, 231.2, 1.79637
_08516_, 431.44, 231.2, 1.79637
_08553_, 431.44, 231.2, 1.79637
_15675_, 431.44, 231.2, 1.79637
_15678_, 431.44, 231.2, 1.79637
_17819_, 431.44, 231.2, 1.79637
FILLER_0_81_924, 431.44, 231.2, 1.79637
FILLER_0_81_932, 431.44, 231.2, 1.79637
_08375_, 444.24, 231.2, 1.7963
_08430_, 444.24, 231.2, 1.7963
_08433_, 444.24, 231.2, 1.7963
_08447_, 444.24, 231.2, 1.7963
_11049_, 444.24, 231.2, 1.7963
_10347_, 457.04, 231.2, 1.79625
_10495_, 457.04, 231.2, 1.79625
_11045_, 457.04, 231.2, 1.79625
_15195_, 457.04, 231.2, 1.79625
_15197_, 457.04, 231.2, 1.79625
FILLER_0_80_971, 457.04, 231.2, 1.79625
FILLER_0_81_977, 457.04, 231.2, 1.79625
FILLER_0_82_993, 457.04, 231.2, 1.79625
_12890_, 469.84, 231.2, 1.79621
_17047_, 469.84, 231.2, 1.79621
FILLER_0_81_1001, 469.84, 231.2, 1.79621
_17637_, 495.44, 231.2, 1.79607
clkbuf_leaf_137_clk, 495.44, 231.2, 1.79607
FILLER_0_81_1061, 495.44, 231.2, 1.79607
_08815_, 508.24, 231.2, 1.796
_15414_, 508.24, 231.2, 1.796
hold633, 508.24, 231.2, 1.796
ANTENNA_227, 508.24, 231.2, 1.796
FILLER_0_81_1085, 508.24, 231.2, 1.796
FILLER_0_82_1102, 508.24, 231.2, 1.796
_08813_, 521.04, 231.2, 1.79595
_12636_, 521.04, 231.2, 1.79595
FILLER_0_80_1113, 521.04, 231.2, 1.79595
FILLER_0_81_1133, 521.04, 231.2, 1.79595
_08887_, 533.84, 231.2, 1.79589
_15416_, 533.84, 231.2, 1.79589
clkbuf_leaf_138_clk, 533.84, 231.2, 1.79589
ANTENNA_196, 533.84, 231.2, 1.79589
ANTENNA_229, 533.84, 231.2, 1.79589
FILLER_0_80_1143, 533.84, 231.2, 1.79589
_08818_, 546.64, 231.2, 1.79587
_10967_, 546.64, 231.2, 1.79587
FILLER_0_80_1173, 546.64, 231.2, 1.79587
FILLER_0_81_1177, 546.64, 231.2, 1.79587
FILLER_0_82_1183, 546.64, 231.2, 1.79587
_12635_, 559.44, 231.2, 1.79585
_16948_, 559.44, 231.2, 1.79585
FILLER_0_80_1201, 559.44, 231.2, 1.79585
FILLER_0_81_1201, 559.44, 231.2, 1.79585
_16293_, 572.24, 231.2, 1.79585
FILLER_0_81_1222, 572.24, 231.2, 1.79585
FILLER_0_82_1244, 572.24, 231.2, 1.79585
_08828_, 585.04, 231.2, 1.79584
_17993_, 585.04, 231.2, 1.79584
_10872_, 597.84, 231.2, 1.79584
_10874_, 597.84, 231.2, 1.79584
FILLER_0_80_1285, 597.84, 231.2, 1.79584
FILLER_0_82_1289, 597.84, 231.2, 1.79584
_16163_, 610.64, 231.2, 1.79585
_18006_, 610.64, 231.2, 1.79585
FILLER_0_80_1310, 610.64, 231.2, 1.79585
FILLER_0_81_1310, 610.64, 231.2, 1.79585
FILLER_0_82_1317, 610.64, 231.2, 1.79585
_16073_, 623.44, 231.2, 1.79586
_17974_, 623.44, 231.2, 1.79586
hold619, 623.44, 231.2, 1.79586
hold863, 623.44, 231.2, 1.79586
FILLER_0_80_1334, 623.44, 231.2, 1.79586
FILLER_0_82_1353, 623.44, 231.2, 1.79586
PHY_156, 5.52, 225.76, 1.79798
PHY_158, 5.52, 225.76, 1.79798
input30, 5.52, 225.76, 1.79798
FILLER_0_80_19, 13.68, 225.76, 1.79798
FILLER_0_79_51, 34.64, 225.76, 1.79799
FILLER_0_80_77, 34.64, 225.76, 1.79799
FILLER_0_79_105, 47.44, 225.76, 1.79799
FILLER_0_78_133, 73.04, 225.76, 1.798
FILLER_0_79_161, 85.84, 225.76, 1.798
FILLER_0_78_189, 98.64, 225.76, 1.798
FILLER_0_79_217, 111.44, 225.76, 1.79801
FILLER_0_78_245, 124.24, 225.76, 1.79801
FILLER_0_79_273, 137.04, 225.76, 1.79802
FILLER_0_78_301, 149.84, 225.76, 1.79802
FILLER_0_79_329, 162.64, 225.76, 1.79802
_14475_, 188.24, 225.76, 1.79794
_17479_, 188.24, 225.76, 1.79794
FILLER_0_78_389, 188.24, 225.76, 1.79794
FILLER_0_79_385, 188.24, 225.76, 1.79794
FILLER_0_79_405, 188.24, 225.76, 1.79794
FILLER_0_80_406, 188.24, 225.76, 1.79794
_14513_, 201.04, 225.76, 1.79786
_17497_, 201.04, 225.76, 1.79786
hold1010, 201.04, 225.76, 1.79786
FILLER_0_79_427, 201.04, 225.76, 1.79786
_12726_, 213.84, 225.76, 1.79778
_14510_, 213.84, 225.76, 1.79778
_14570_, 213.84, 225.76, 1.79778
ANTENNA_208, 213.84, 225.76, 1.79778
FILLER_0_78_440, 213.84, 225.76, 1.79778
_09076_, 226.64, 225.76, 1.79771
_10502_, 226.64, 225.76, 1.79771
_10504_, 226.64, 225.76, 1.79771
FILLER_0_78_477, 226.64, 225.76, 1.79771
FILLER_0_79_476, 226.64, 225.76, 1.79771
FILLER_0_79_488, 226.64, 225.76, 1.79771
FILLER_0_80_492, 226.64, 225.76, 1.79771
_09160_, 239.44, 225.76, 1.79764
_09162_, 239.44, 225.76, 1.79764
_09163_, 239.44, 225.76, 1.79764
_10506_, 239.44, 225.76, 1.79764
FILLER_0_78_502, 239.44, 225.76, 1.79764
FILLER_0_79_505, 239.44, 225.76, 1.79764
_09072_, 252.24, 225.76, 1.79758
_09075_, 252.24, 225.76, 1.79758
_09161_, 252.24, 225.76, 1.79758
_12725_, 252.24, 225.76, 1.79758
_12729_, 252.24, 225.76, 1.79758
_17511_, 252.24, 225.76, 1.79758
ANTENNA_187, 252.24, 225.76, 1.79758
FILLER_0_78_533, 252.24, 225.76, 1.79758
FILLER_0_79_533, 252.24, 225.76, 1.79758
_17513_, 265.04, 225.76, 1.79752
hold628, 265.04, 225.76, 1.79752
FILLER_0_79_570, 265.04, 225.76, 1.79752
FILLER_0_80_569, 265.04, 225.76, 1.79752
_14618_, 277.84, 225.76, 1.79747
hold793, 277.84, 225.76, 1.79747
hold885, 277.84, 225.76, 1.79747
FILLER_0_78_589, 277.84, 225.76, 1.79747
_11107_, 290.64, 225.76, 1.79742
_14619_, 290.64, 225.76, 1.79742
hold703, 290.64, 225.76, 1.79742
FILLER_0_79_606, 290.64, 225.76, 1.79742
FILLER_0_79_617, 290.64, 225.76, 1.79742
_14612_, 303.44, 225.76, 1.79739
_14615_, 303.44, 225.76, 1.79739
clkbuf_leaf_209_clk, 303.44, 225.76, 1.79739
FILLER_0_78_638, 303.44, 225.76, 1.79739
FILLER_0_80_657, 303.44, 225.76, 1.79739
_10512_, 316.24, 225.76, 1.7974
_10945_, 316.24, 225.76, 1.7974
_10948_, 316.24, 225.76, 1.7974
_14699_, 316.24, 225.76, 1.7974
_17544_, 316.24, 225.76, 1.7974
FILLER_0_78_674, 316.24, 225.76, 1.7974
_10741_, 341.84, 225.76, 1.79729
_17933_, 341.84, 225.76, 1.79729
FILLER_0_79_718, 341.84, 225.76, 1.79729
FILLER_0_79_741, 341.84, 225.76, 1.79729
FILLER_0_80_738, 341.84, 225.76, 1.79729
_10736_, 354.64, 225.76, 1.79715
_10742_, 354.64, 225.76, 1.79715
_17885_, 354.64, 225.76, 1.79715
FILLER_0_78_757, 354.64, 225.76, 1.79715
_15757_, 367.44, 225.76, 1.79703
FILLER_0_79_775, 367.44, 225.76, 1.79703
FILLER_0_79_785, 367.44, 225.76, 1.79703
FILLER_0_79_798, 367.44, 225.76, 1.79703
_15847_, 380.24, 225.76, 1.79691
_17884_, 380.24, 225.76, 1.79691
hold1005, 380.24, 225.76, 1.79691
FILLER_0_78_813, 380.24, 225.76, 1.79691
FILLER_0_79_822, 380.24, 225.76, 1.79691
_10406_, 393.04, 225.76, 1.79679
_10414_, 393.04, 225.76, 1.79679
_15968_, 393.04, 225.76, 1.79679
_17930_, 393.04, 225.76, 1.79679
FILLER_0_79_837, 393.04, 225.76, 1.79679
_09122_, 405.84, 225.76, 1.79669
_15753_, 405.84, 225.76, 1.79669
FILLER_0_78_863, 405.84, 225.76, 1.79669
FILLER_0_79_881, 405.84, 225.76, 1.79669
_08394_, 418.64, 225.76, 1.79659
_08506_, 418.64, 225.76, 1.79659
_08545_, 418.64, 225.76, 1.79659
_15754_, 418.64, 225.76, 1.79659
hold617, 418.64, 225.76, 1.79659
FILLER_0_79_892, 418.64, 225.76, 1.79659
FILLER_0_79_905, 418.64, 225.76, 1.79659
_08498_, 431.44, 225.76, 1.79649
_15752_, 431.44, 225.76, 1.79649
_15755_, 431.44, 225.76, 1.79649
_15841_, 431.44, 225.76, 1.79649
_15844_, 431.44, 225.76, 1.79649
_15845_, 431.44, 225.76, 1.79649
hold708, 431.44, 225.76, 1.79649
FILLER_0_78_919, 431.44, 225.76, 1.79649
_10639_, 444.24, 225.76, 1.79641
_10920_, 444.24, 225.76, 1.79641
_17851_, 444.24, 225.76, 1.79641
hold768, 444.24, 225.76, 1.79641
FILLER_0_79_953, 444.24, 225.76, 1.79641
_10349_, 457.04, 225.76, 1.79633
_10350_, 457.04, 225.76, 1.79633
_10369_, 457.04, 225.76, 1.79633
_10370_, 457.04, 225.76, 1.79633
_10659_, 457.04, 225.76, 1.79633
_10694_, 457.04, 225.76, 1.79633
_11374_, 457.04, 225.76, 1.79633
_15196_, 457.04, 225.76, 1.79633
FILLER_0_79_979, 457.04, 225.76, 1.79633
FILLER_0_79_991, 457.04, 225.76, 1.79633
_12889_, 469.84, 225.76, 1.79627
_12892_, 469.84, 225.76, 1.79627
_15189_, 469.84, 225.76, 1.79627
_15192_, 469.84, 225.76, 1.79627
_15194_, 469.84, 225.76, 1.79627
clkbuf_leaf_134_clk, 469.84, 225.76, 1.79627
FILLER_0_79_1014, 469.84, 225.76, 1.79627
_10869_, 495.44, 225.76, 1.79618
_17718_, 495.44, 225.76, 1.79618
hold1034, 495.44, 225.76, 1.79618
_10904_, 508.24, 225.76, 1.79613
_10971_, 508.24, 225.76, 1.79613
_10972_, 508.24, 225.76, 1.79613
_15413_, 508.24, 225.76, 1.79613
_15415_, 508.24, 225.76, 1.79613
_15421_, 508.24, 225.76, 1.79613
FILLER_0_79_1090, 508.24, 225.76, 1.79613
FILLER_0_79_1098, 508.24, 225.76, 1.79613
FILLER_0_79_1104, 508.24, 225.76, 1.79613
FILLER_0_80_1102, 508.24, 225.76, 1.79613
_08994_, 521.04, 225.76, 1.79609
_10807_, 521.04, 225.76, 1.79609
_10808_, 521.04, 225.76, 1.79609
hold474, 521.04, 225.76, 1.79609
FILLER_0_78_1113, 521.04, 225.76, 1.79609
FILLER_0_79_1121, 521.04, 225.76, 1.79609
_08996_, 533.84, 225.76, 1.79606
FILLER_0_78_1137, 533.84, 225.76, 1.79606
FILLER_0_78_1145, 533.84, 225.76, 1.79606
_08941_, 546.64, 225.76, 1.79603
_08943_, 546.64, 225.76, 1.79603
_11372_, 546.64, 225.76, 1.79603
FILLER_0_79_1168, 546.64, 225.76, 1.79603
FILLER_0_79_1177, 546.64, 225.76, 1.79603
_08532_, 559.44, 225.76, 1.796
_08827_, 559.44, 225.76, 1.796
_11373_, 559.44, 225.76, 1.796
FILLER_0_78_1197, 559.44, 225.76, 1.796
FILLER_0_79_1206, 559.44, 225.76, 1.796
FILLER_0_79_1213, 559.44, 225.76, 1.796
_08946_, 572.24, 225.76, 1.79598
_10818_, 572.24, 225.76, 1.79598
FILLER_0_79_1226, 572.24, 225.76, 1.79598
FILLER_0_78_1256, 585.04, 225.76, 1.79597
_10871_, 597.84, 225.76, 1.79596
FILLER_0_79_1279, 597.84, 225.76, 1.79596
_08833_, 610.64, 225.76, 1.79594
_16162_, 610.64, 225.76, 1.79594
FILLER_0_78_1308, 610.64, 225.76, 1.79594
FILLER_0_80_1317, 610.64, 225.76, 1.79594
_16080_, 623.44, 225.76, 1.79593
_17942_, 623.44, 225.76, 1.79593
FILLER_0_78_1340, 623.44, 225.76, 1.79593
FILLER_0_79_1335, 623.44, 225.76, 1.79593
FILLER_0_80_1349, 623.44, 225.76, 1.79593
PHY_152, 5.52, 220.32, 1.79805
PHY_154, 5.52, 220.32, 1.79805
FILLER_0_77_51, 34.64, 220.32, 1.79806
FILLER_0_78_77, 34.64, 220.32, 1.79806
FILLER_0_77_105, 47.44, 220.32, 1.79806
FILLER_0_76_133, 73.04, 220.32, 1.79808
FILLER_0_77_161, 85.84, 220.32, 1.79809
FILLER_0_76_189, 98.64, 220.32, 1.79809
FILLER_0_77_217, 111.44, 220.32, 1.7981
FILLER_0_76_245, 124.24, 220.32, 1.79811
FILLER_0_77_273, 137.04, 220.32, 1.79811
FILLER_0_76_301, 149.84, 220.32, 1.79812
FILLER_0_77_329, 162.64, 220.32, 1.79813
_14474_, 188.24, 220.32, 1.79803
_17464_, 188.24, 220.32, 1.79803
FILLER_0_77_385, 188.24, 220.32, 1.79803
FILLER_0_77_409, 188.24, 220.32, 1.79803
_14514_, 201.04, 220.32, 1.79794
_14571_, 201.04, 220.32, 1.79794
_17480_, 201.04, 220.32, 1.79794
FILLER_0_76_413, 201.04, 220.32, 1.79794
FILLER_0_78_431, 201.04, 220.32, 1.79794
hold1104, 213.84, 220.32, 1.79785
hold1110, 213.84, 220.32, 1.79785
FILLER_0_77_441, 213.84, 220.32, 1.79785
_10505_, 226.64, 220.32, 1.79777
hold825, 226.64, 220.32, 1.79777
FILLER_0_76_477, 226.64, 220.32, 1.79777
FILLER_0_77_493, 226.64, 220.32, 1.79777
_10950_, 239.44, 220.32, 1.79769
clkbuf_leaf_212_clk, 239.44, 220.32, 1.79769
ANTENNA_213, 239.44, 220.32, 1.79769
FILLER_0_76_500, 239.44, 220.32, 1.79769
FILLER_0_77_501, 239.44, 220.32, 1.79769
_10482_, 252.24, 220.32, 1.79764
_10503_, 252.24, 220.32, 1.79764
_10953_, 252.24, 220.32, 1.79764
_12728_, 252.24, 220.32, 1.79764
_16987_, 252.24, 220.32, 1.79764
hold504, 252.24, 220.32, 1.79764
FILLER_0_76_529, 252.24, 220.32, 1.79764
FILLER_0_77_525, 252.24, 220.32, 1.79764
_10954_, 265.04, 220.32, 1.79761
_15256_, 265.04, 220.32, 1.79761
_17658_, 265.04, 220.32, 1.79761
FILLER_0_76_560, 265.04, 220.32, 1.79761
FILLER_0_77_557, 265.04, 220.32, 1.79761
FILLER_0_78_568, 265.04, 220.32, 1.79761
FILLER_0_78_576, 265.04, 220.32, 1.79761
_11351_, 277.84, 220.32, 1.79759
_15260_, 277.84, 220.32, 1.79759
_15261_, 277.84, 220.32, 1.79759
_17660_, 277.84, 220.32, 1.79759
hold858, 277.84, 220.32, 1.79759
FILLER_0_76_583, 277.84, 220.32, 1.79759
_15262_, 290.64, 220.32, 1.79758
_15263_, 290.64, 220.32, 1.79758
_17661_, 290.64, 220.32, 1.79758
_15255_, 303.44, 220.32, 1.79757
_15258_, 303.44, 220.32, 1.79757
_15259_, 303.44, 220.32, 1.79757
_17659_, 303.44, 220.32, 1.79757
FILLER_0_77_650, 303.44, 220.32, 1.79757
FILLER_0_77_658, 303.44, 220.32, 1.79757
_10481_, 316.24, 220.32, 1.79758
_10699_, 316.24, 220.32, 1.79758
_10773_, 316.24, 220.32, 1.79758
_10931_, 316.24, 220.32, 1.79758
_10944_, 316.24, 220.32, 1.79758
_14698_, 316.24, 220.32, 1.79758
FILLER_0_77_668, 316.24, 220.32, 1.79758
_10740_, 341.84, 220.32, 1.79744
_15973_, 341.84, 220.32, 1.79744
_15974_, 341.84, 220.32, 1.79744
hold609, 341.84, 220.32, 1.79744
FILLER_0_76_726, 341.84, 220.32, 1.79744
FILLER_0_77_719, 341.84, 220.32, 1.79744
FILLER_0_78_743, 341.84, 220.32, 1.79744
_09287_, 354.64, 220.32, 1.79729
_10033_, 354.64, 220.32, 1.79729
_10732_, 354.64, 220.32, 1.79729
_10735_, 354.64, 220.32, 1.79729
FILLER_0_76_751, 354.64, 220.32, 1.79729
FILLER_0_77_759, 354.64, 220.32, 1.79729
_09234_, 367.44, 220.32, 1.79715
_09288_, 367.44, 220.32, 1.79715
FILLER_0_76_778, 367.44, 220.32, 1.79715
FILLER_0_77_785, 367.44, 220.32, 1.79715
_09235_, 380.24, 220.32, 1.79702
_11322_, 380.24, 220.32, 1.79702
_11323_, 380.24, 220.32, 1.79702
FILLER_0_76_808, 380.24, 220.32, 1.79702
FILLER_0_76_813, 380.24, 220.32, 1.79702
FILLER_0_77_813, 380.24, 220.32, 1.79702
FILLER_0_78_827, 380.24, 220.32, 1.79702
_10401_, 393.04, 220.32, 1.79688
_15967_, 393.04, 220.32, 1.79688
hold381, 393.04, 220.32, 1.79688
FILLER_0_77_852, 393.04, 220.32, 1.79688
_10405_, 405.84, 220.32, 1.79675
clkbuf_leaf_196_clk, 405.84, 220.32, 1.79675
FILLER_0_76_864, 405.84, 220.32, 1.79675
_09119_, 418.64, 220.32, 1.79667
_09121_, 418.64, 220.32, 1.79667
_10395_, 418.64, 220.32, 1.79667
FILLER_0_77_887, 418.64, 220.32, 1.79667
FILLER_0_78_902, 418.64, 220.32, 1.79667
_09120_, 431.44, 220.32, 1.79658
_15756_, 431.44, 220.32, 1.79658
_17883_, 431.44, 220.32, 1.79658
FILLER_0_78_928, 431.44, 220.32, 1.79658
_10407_, 444.24, 220.32, 1.79651
_10408_, 444.24, 220.32, 1.79651
_10919_, 444.24, 220.32, 1.79651
FILLER_0_76_949, 444.24, 220.32, 1.79651
FILLER_0_77_953, 444.24, 220.32, 1.79651
FILLER_0_78_966, 444.24, 220.32, 1.79651
_10354_, 457.04, 220.32, 1.79643
_10368_, 457.04, 220.32, 1.79643
_10371_, 457.04, 220.32, 1.79643
_10383_, 457.04, 220.32, 1.79643
_10400_, 457.04, 220.32, 1.79643
FILLER_0_78_984, 457.04, 220.32, 1.79643
FILLER_0_78_993, 457.04, 220.32, 1.79643
_10390_, 469.84, 220.32, 1.79637
_10472_, 469.84, 220.32, 1.79637
_10809_, 469.84, 220.32, 1.79637
_10810_, 469.84, 220.32, 1.79637
_12002_, 469.84, 220.32, 1.79637
_17048_, 469.84, 220.32, 1.79637
FILLER_0_76_1006, 469.84, 220.32, 1.79637
_10999_, 495.44, 220.32, 1.79626
_15383_, 495.44, 220.32, 1.79626
FILLER_0_77_1060, 495.44, 220.32, 1.79626
FILLER_0_77_1077, 495.44, 220.32, 1.79626
_10868_, 508.24, 220.32, 1.7962
_15376_, 508.24, 220.32, 1.7962
_15420_, 508.24, 220.32, 1.7962
_17721_, 508.24, 220.32, 1.7962
FILLER_0_76_1085, 508.24, 220.32, 1.7962
FILLER_0_77_1098, 508.24, 220.32, 1.7962
FILLER_0_78_1093, 508.24, 220.32, 1.7962
FILLER_0_76_1116, 521.04, 220.32, 1.79615
FILLER_0_77_1112, 521.04, 220.32, 1.79615
_08995_, 533.84, 220.32, 1.7961
_15418_, 533.84, 220.32, 1.7961
_15419_, 533.84, 220.32, 1.7961
_17720_, 533.84, 220.32, 1.7961
FILLER_0_76_1141, 533.84, 220.32, 1.7961
FILLER_0_78_1149, 533.84, 220.32, 1.7961
_15508_, 546.64, 220.32, 1.79606
_10819_, 559.44, 220.32, 1.79602
_16292_, 559.44, 220.32, 1.79602
hold539, 559.44, 220.32, 1.79602
FILLER_0_78_1205, 559.44, 220.32, 1.79602
_08999_, 572.24, 220.32, 1.79599
hold431, 572.24, 220.32, 1.79599
FILLER_0_77_1229, 572.24, 220.32, 1.79599
_09001_, 585.04, 220.32, 1.79595
_10817_, 585.04, 220.32, 1.79595
FILLER_0_76_1253, 585.04, 220.32, 1.79595
_10880_, 597.84, 220.32, 1.79592
_10982_, 597.84, 220.32, 1.79592
_16288_, 597.84, 220.32, 1.79592
_18054_, 597.84, 220.32, 1.79592
hold544, 597.84, 220.32, 1.79592
FILLER_0_76_1281, 597.84, 220.32, 1.79592
FILLER_0_78_1294, 597.84, 220.32, 1.79592
_16169_, 610.64, 220.32, 1.7959
_18009_, 610.64, 220.32, 1.7959
FILLER_0_76_1306, 610.64, 220.32, 1.7959
FILLER_0_78_1317, 610.64, 220.32, 1.7959
_16079_, 623.44, 220.32, 1.79588
_17977_, 623.44, 220.32, 1.79588
clkbuf_leaf_151_clk, 623.44, 220.32, 1.79588
hold883, 623.44, 220.32, 1.79588
hold946, 623.44, 220.32, 1.79588
FILLER_0_76_1330, 623.44, 220.32, 1.79588
FILLER_0_77_1340, 623.44, 220.32, 1.79588
PHY_148, 5.52, 214.88, 1.79812
PHY_150, 5.52, 214.88, 1.79812
FILLER_0_75_51, 34.64, 214.88, 1.79813
FILLER_0_76_77, 34.64, 214.88, 1.79813
FILLER_0_75_105, 47.44, 214.88, 1.79814
FILLER_0_74_133, 73.04, 214.88, 1.79817
FILLER_0_75_161, 85.84, 214.88, 1.79818
FILLER_0_74_189, 98.64, 214.88, 1.79819
FILLER_0_75_217, 111.44, 214.88, 1.79821
FILLER_0_74_245, 124.24, 214.88, 1.79822
FILLER_0_75_273, 137.04, 214.88, 1.79823
FILLER_0_74_301, 149.84, 214.88, 1.79825
FILLER_0_75_329, 162.64, 214.88, 1.79826
_13899_, 188.24, 214.88, 1.79819
FILLER_0_75_385, 188.24, 214.88, 1.79819
FILLER_0_75_393, 188.24, 214.88, 1.79819
FILLER_0_75_401, 188.24, 214.88, 1.79819
_17372_, 201.04, 214.88, 1.7981
_17495_, 201.04, 214.88, 1.7981
FILLER_0_74_416, 201.04, 214.88, 1.7981
FILLER_0_75_431, 201.04, 214.88, 1.7981
_14562_, 213.84, 214.88, 1.79803
_14563_, 213.84, 214.88, 1.79803
_14567_, 213.84, 214.88, 1.79803
_14746_, 213.84, 214.88, 1.79803
_17496_, 213.84, 214.88, 1.79803
FILLER_0_74_445, 213.84, 214.88, 1.79803
FILLER_0_75_443, 213.84, 214.88, 1.79803
FILLER_0_75_458, 213.84, 214.88, 1.79803
_14566_, 226.64, 214.88, 1.79797
_14574_, 226.64, 214.88, 1.79797
_14575_, 226.64, 214.88, 1.79797
_14748_, 226.64, 214.88, 1.79797
_17498_, 226.64, 214.88, 1.79797
_17563_, 226.64, 214.88, 1.79797
_10951_, 239.44, 214.88, 1.79793
_10952_, 239.44, 214.88, 1.79793
_11348_, 239.44, 214.88, 1.79793
_14561_, 239.44, 214.88, 1.79793
hold1029, 239.44, 214.88, 1.79793
FILLER_0_75_498, 239.44, 214.88, 1.79793
_10749_, 252.24, 214.88, 1.79789
_10762_, 252.24, 214.88, 1.79789
_10763_, 252.24, 214.88, 1.79789
ANTENNA_93, 252.24, 214.88, 1.79789
FILLER_0_75_532, 252.24, 214.88, 1.79789
_10486_, 265.04, 214.88, 1.79785
_15257_, 265.04, 214.88, 1.79785
FILLER_0_75_552, 265.04, 214.88, 1.79785
FILLER_0_75_573, 265.04, 214.88, 1.79785
FILLER_0_76_568, 265.04, 214.88, 1.79785
_14657_, 277.84, 214.88, 1.79782
hold798, 277.84, 214.88, 1.79782
hold975, 277.84, 214.88, 1.79782
FILLER_0_74_584, 277.84, 214.88, 1.79782
_10774_, 290.64, 214.88, 1.79778
_14573_, 290.64, 214.88, 1.79778
_14658_, 290.64, 214.88, 1.79778
hold919, 290.64, 214.88, 1.79778
FILLER_0_74_613, 290.64, 214.88, 1.79778
FILLER_0_75_610, 290.64, 214.88, 1.79778
FILLER_0_75_617, 290.64, 214.88, 1.79778
FILLER_0_76_622, 290.64, 214.88, 1.79778
_10428_, 303.44, 214.88, 1.79775
_10450_, 303.44, 214.88, 1.79775
_14565_, 303.44, 214.88, 1.79775
_14654_, 303.44, 214.88, 1.79775
hold797, 303.44, 214.88, 1.79775
_10427_, 316.24, 214.88, 1.79772
_10439_, 316.24, 214.88, 1.79772
_10440_, 316.24, 214.88, 1.79772
_10675_, 316.24, 214.88, 1.79772
_10676_, 316.24, 214.88, 1.79772
_10766_, 316.24, 214.88, 1.79772
_14704_, 316.24, 214.88, 1.79772
_14705_, 316.24, 214.88, 1.79772
_17546_, 316.24, 214.88, 1.79772
_10739_, 341.84, 214.88, 1.79753
_17901_, 341.84, 214.88, 1.79753
clkbuf_leaf_200_clk, 341.84, 214.88, 1.79753
FILLER_0_74_721, 341.84, 214.88, 1.79753
FILLER_0_75_720, 341.84, 214.88, 1.79753
FILLER_0_76_743, 341.84, 214.88, 1.79753
_09289_, 354.64, 214.88, 1.7974
_10731_, 354.64, 214.88, 1.7974
FILLER_0_74_749, 354.64, 214.88, 1.7974
FILLER_0_75_758, 354.64, 214.88, 1.7974
_09238_, 367.44, 214.88, 1.79727
_09290_, 367.44, 214.88, 1.79727
_09291_, 367.44, 214.88, 1.79727
FILLER_0_74_786, 367.44, 214.88, 1.79727
FILLER_0_75_793, 367.44, 214.88, 1.79727
FILLER_0_76_797, 367.44, 214.88, 1.79727
_09237_, 380.24, 214.88, 1.79715
_11332_, 380.24, 214.88, 1.79715
_11338_, 380.24, 214.88, 1.79715
_11339_, 380.24, 214.88, 1.79715
FILLER_0_75_812, 380.24, 214.88, 1.79715
FILLER_0_75_820, 380.24, 214.88, 1.79715
_09127_, 393.04, 214.88, 1.79703
_10038_, 393.04, 214.88, 1.79703
_15881_, 393.04, 214.88, 1.79703
_17898_, 393.04, 214.88, 1.79703
FILLER_0_75_837, 393.04, 214.88, 1.79703
FILLER_0_75_844, 393.04, 214.88, 1.79703
FILLER_0_75_852, 393.04, 214.88, 1.79703
_09123_, 405.84, 214.88, 1.79692
_09130_, 405.84, 214.88, 1.79692
FILLER_0_74_862, 405.84, 214.88, 1.79692
_09124_, 418.64, 214.88, 1.79682
_09180_, 418.64, 214.88, 1.79682
_09181_, 418.64, 214.88, 1.79682
FILLER_0_75_891, 418.64, 214.88, 1.79682
_09125_, 431.44, 214.88, 1.79672
_09126_, 431.44, 214.88, 1.79672
_10922_, 431.44, 214.88, 1.79672
FILLER_0_75_933, 431.44, 214.88, 1.79672
_10385_, 444.24, 214.88, 1.79662
_10386_, 444.24, 214.88, 1.79662
_10387_, 444.24, 214.88, 1.79662
_10717_, 444.24, 214.88, 1.79662
_10733_, 444.24, 214.88, 1.79662
_10921_, 444.24, 214.88, 1.79662
_10924_, 444.24, 214.88, 1.79662
FILLER_0_76_959, 444.24, 214.88, 1.79662
FILLER_0_76_967, 444.24, 214.88, 1.79662
_10046_, 457.04, 214.88, 1.79653
_10399_, 457.04, 214.88, 1.79653
_10415_, 457.04, 214.88, 1.79653
_10477_, 457.04, 214.88, 1.79653
_10507_, 457.04, 214.88, 1.79653
_10815_, 457.04, 214.88, 1.79653
_10816_, 457.04, 214.88, 1.79653
_11015_, 457.04, 214.88, 1.79653
FILLER_0_74_981, 457.04, 214.88, 1.79653
FILLER_0_75_969, 457.04, 214.88, 1.79653
_10814_, 469.84, 214.88, 1.79645
_12891_, 469.84, 214.88, 1.79645
_17062_, 469.84, 214.88, 1.79645
FILLER_0_74_1008, 469.84, 214.88, 1.79645
FILLER_0_75_1009, 469.84, 214.88, 1.79645
FILLER_0_76_1012, 469.84, 214.88, 1.79645
_10811_, 495.44, 214.88, 1.79631
_15384_, 495.44, 214.88, 1.79631
hold700, 495.44, 214.88, 1.79631
FILLER_0_74_1058, 495.44, 214.88, 1.79631
FILLER_0_75_1059, 495.44, 214.88, 1.79631
_10864_, 508.24, 214.88, 1.79625
_15378_, 508.24, 214.88, 1.79625
_17702_, 508.24, 214.88, 1.79625
hold567, 508.24, 214.88, 1.79625
FILLER_0_74_1086, 508.24, 214.88, 1.79625
FILLER_0_76_1093, 508.24, 214.88, 1.79625
_15509_, 521.04, 214.88, 1.7962
_15510_, 521.04, 214.88, 1.7962
_17753_, 521.04, 214.88, 1.7962
hold519, 521.04, 214.88, 1.7962
FILLER_0_75_1131, 521.04, 214.88, 1.7962
_08812_, 533.84, 214.88, 1.79615
_08816_, 533.84, 214.88, 1.79615
_08817_, 533.84, 214.88, 1.79615
_08997_, 533.84, 214.88, 1.79615
hold436, 533.84, 214.88, 1.79615
ANTENNA_77, 533.84, 214.88, 1.79615
FILLER_0_74_1138, 533.84, 214.88, 1.79615
FILLER_0_75_1148, 533.84, 214.88, 1.79615
FILLER_0_76_1149, 533.84, 214.88, 1.79615
_08822_, 546.64, 214.88, 1.79611
_08888_, 546.64, 214.88, 1.79611
_08890_, 546.64, 214.88, 1.79611
_08944_, 546.64, 214.88, 1.79611
_15507_, 546.64, 214.88, 1.79611
_17752_, 546.64, 214.88, 1.79611
FILLER_0_75_1173, 546.64, 214.88, 1.79611
FILLER_0_76_1177, 546.64, 214.88, 1.79611
_16291_, 559.44, 214.88, 1.79608
_18056_, 559.44, 214.88, 1.79608
FILLER_0_74_1195, 559.44, 214.88, 1.79608
FILLER_0_75_1200, 559.44, 214.88, 1.79608
_11380_, 572.24, 214.88, 1.79606
_11381_, 572.24, 214.88, 1.79606
ANTENNA_87, 572.24, 214.88, 1.79606
FILLER_0_75_1228, 572.24, 214.88, 1.79606
_08948_, 585.04, 214.88, 1.79604
_16119_, 585.04, 214.88, 1.79604
_16120_, 585.04, 214.88, 1.79604
FILLER_0_74_1254, 585.04, 214.88, 1.79604
FILLER_0_76_1273, 585.04, 214.88, 1.79604
_10879_, 597.84, 214.88, 1.79602
_10981_, 597.84, 214.88, 1.79602
_16113_, 597.84, 214.88, 1.79602
_16287_, 597.84, 214.88, 1.79602
FILLER_0_75_1284, 597.84, 214.88, 1.79602
FILLER_0_75_1294, 597.84, 214.88, 1.79602
FILLER_0_76_1290, 597.84, 214.88, 1.79602
_16167_, 610.64, 214.88, 1.79601
_16168_, 610.64, 214.88, 1.79601
hold479, 610.64, 214.88, 1.79601
FILLER_0_74_1312, 610.64, 214.88, 1.79601
FILLER_0_75_1315, 610.64, 214.88, 1.79601
FILLER_0_76_1317, 610.64, 214.88, 1.79601
_16002_, 623.44, 214.88, 1.79599
_17945_, 623.44, 214.88, 1.79599
_17976_, 623.44, 214.88, 1.79599
FILLER_0_75_1334, 623.44, 214.88, 1.79599
FILLER_0_75_1345, 623.44, 214.88, 1.79599
FILLER_0_76_1351, 623.44, 214.88, 1.79599
PHY_144, 5.52, 209.44, 1.79818
PHY_146, 5.52, 209.44, 1.79818
FILLER_0_73_51, 34.64, 209.44, 1.7982
FILLER_0_74_77, 34.64, 209.44, 1.7982
FILLER_0_73_105, 47.44, 209.44, 1.79822
FILLER_0_72_133, 73.04, 209.44, 1.79825
FILLER_0_73_161, 85.84, 209.44, 1.79826
FILLER_0_72_189, 98.64, 209.44, 1.79828
FILLER_0_73_217, 111.44, 209.44, 1.7983
FILLER_0_72_245, 124.24, 209.44, 1.79831
FILLER_0_73_273, 137.04, 209.44, 1.79833
FILLER_0_72_301, 149.84, 209.44, 1.79834
FILLER_0_73_329, 162.64, 209.44, 1.79836
_13861_, 188.24, 209.44, 1.79827
_13862_, 188.24, 209.44, 1.79827
_13898_, 188.24, 209.44, 1.79827
_17357_, 188.24, 209.44, 1.79827
clkbuf_leaf_233_clk, 188.24, 209.44, 1.79827
FILLER_0_72_389, 188.24, 209.44, 1.79827
FILLER_0_73_389, 188.24, 209.44, 1.79827
FILLER_0_73_402, 188.24, 209.44, 1.79827
_13897_, 201.04, 209.44, 1.79821
_13933_, 201.04, 209.44, 1.79821
_13934_, 201.04, 209.44, 1.79821
hold1079, 201.04, 209.44, 1.79821
FILLER_0_73_414, 201.04, 209.44, 1.79821
FILLER_0_73_426, 201.04, 209.44, 1.79821
_17562_, 213.84, 209.44, 1.79815
hold1062, 213.84, 209.44, 1.79815
FILLER_0_72_445, 213.84, 209.44, 1.79815
FILLER_0_73_439, 213.84, 209.44, 1.79815
FILLER_0_74_466, 213.84, 209.44, 1.79815
_14747_, 226.64, 209.44, 1.7981
hold942, 226.64, 209.44, 1.7981
FILLER_0_73_473, 226.64, 209.44, 1.7981
FILLER_0_73_489, 226.64, 209.44, 1.7981
_11346_, 239.44, 209.44, 1.79806
_11347_, 239.44, 209.44, 1.79806
_11349_, 239.44, 209.44, 1.79806
_14740_, 239.44, 209.44, 1.79806
FILLER_0_72_499, 239.44, 209.44, 1.79806
FILLER_0_73_500, 239.44, 209.44, 1.79806
FILLER_0_74_521, 239.44, 209.44, 1.79806
_10768_, 252.24, 209.44, 1.79801
_10770_, 252.24, 209.44, 1.79801
FILLER_0_73_536, 252.24, 209.44, 1.79801
FILLER_0_74_542, 252.24, 209.44, 1.79801
_14652_, 265.04, 209.44, 1.79797
_14653_, 265.04, 209.44, 1.79797
_17527_, 265.04, 209.44, 1.79797
FILLER_0_73_551, 265.04, 209.44, 1.79797
FILLER_0_73_561, 265.04, 209.44, 1.79797
FILLER_0_73_569, 265.04, 209.44, 1.79797
_14560_, 277.84, 209.44, 1.79794
_14569_, 277.84, 209.44, 1.79794
_14656_, 277.84, 209.44, 1.79794
_17529_, 277.84, 209.44, 1.79794
FILLER_0_73_587, 277.84, 209.44, 1.79794
_14659_, 290.64, 209.44, 1.79791
_17530_, 290.64, 209.44, 1.79791
hold955, 290.64, 209.44, 1.79791
FILLER_0_73_607, 290.64, 209.44, 1.79791
FILLER_0_73_633, 290.64, 209.44, 1.79791
_14651_, 303.44, 209.44, 1.7979
_14655_, 303.44, 209.44, 1.7979
_17528_, 303.44, 209.44, 1.7979
hold1031, 303.44, 209.44, 1.7979
FILLER_0_72_637, 303.44, 209.44, 1.7979
FILLER_0_73_657, 303.44, 209.44, 1.7979
_10480_, 316.24, 209.44, 1.79789
_10510_, 316.24, 209.44, 1.79789
_10781_, 316.24, 209.44, 1.79789
_10955_, 316.24, 209.44, 1.79789
_10956_, 316.24, 209.44, 1.79789
FILLER_0_72_664, 316.24, 209.44, 1.79789
FILLER_0_73_680, 316.24, 209.44, 1.79789
FILLER_0_74_689, 316.24, 209.44, 1.79789
_15886_, 341.84, 209.44, 1.79776
_15887_, 341.84, 209.44, 1.79776
_15932_, 341.84, 209.44, 1.79776
hold581, 341.84, 209.44, 1.79776
hold993, 341.84, 209.44, 1.79776
FILLER_0_73_732, 341.84, 209.44, 1.79776
_15929_, 354.64, 209.44, 1.79762
_15933_, 354.64, 209.44, 1.79762
_15934_, 354.64, 209.44, 1.79762
hold812, 354.64, 209.44, 1.79762
FILLER_0_72_753, 354.64, 209.44, 1.79762
FILLER_0_73_750, 354.64, 209.44, 1.79762
FILLER_0_73_770, 354.64, 209.44, 1.79762
_09236_, 367.44, 209.44, 1.79749
_11330_, 367.44, 209.44, 1.79749
_15971_, 367.44, 209.44, 1.79749
hold521, 367.44, 209.44, 1.79749
FILLER_0_72_783, 367.44, 209.44, 1.79749
_11327_, 380.24, 209.44, 1.79736
_11331_, 380.24, 209.44, 1.79736
FILLER_0_72_813, 380.24, 209.44, 1.79736
_10413_, 393.04, 209.44, 1.79723
_15880_, 393.04, 209.44, 1.79723
hold394, 393.04, 209.44, 1.79723
FILLER_0_72_830, 393.04, 209.44, 1.79723
FILLER_0_73_833, 393.04, 209.44, 1.79723
_09108_, 405.84, 209.44, 1.79711
_09113_, 405.84, 209.44, 1.79711
_09129_, 405.84, 209.44, 1.79711
_09177_, 405.84, 209.44, 1.79711
FILLER_0_72_858, 405.84, 209.44, 1.79711
FILLER_0_73_876, 405.84, 209.44, 1.79711
_09128_, 418.64, 209.44, 1.79698
_09182_, 418.64, 209.44, 1.79698
_09183_, 418.64, 209.44, 1.79698
_09184_, 418.64, 209.44, 1.79698
_15925_, 418.64, 209.44, 1.79698
hold667, 418.64, 209.44, 1.79698
FILLER_0_73_893, 418.64, 209.44, 1.79698
FILLER_0_73_901, 418.64, 209.44, 1.79698
_10923_, 444.24, 209.44, 1.79674
_10929_, 444.24, 209.44, 1.79674
FILLER_0_72_949, 444.24, 209.44, 1.79674
FILLER_0_73_943, 444.24, 209.44, 1.79674
FILLER_0_73_967, 444.24, 209.44, 1.79674
FILLER_0_74_967, 444.24, 209.44, 1.79674
_10416_, 457.04, 209.44, 1.79663
_10846_, 457.04, 209.44, 1.79663
_11379_, 457.04, 209.44, 1.79663
_11405_, 457.04, 209.44, 1.79663
FILLER_0_72_969, 457.04, 209.44, 1.79663
_12811_, 469.84, 209.44, 1.79655
_12930_, 469.84, 209.44, 1.79655
_12931_, 469.84, 209.44, 1.79655
hold841, 469.84, 209.44, 1.79655
FILLER_0_73_1003, 469.84, 209.44, 1.79655
_16213_, 495.44, 209.44, 1.79639
FILLER_0_72_1064, 495.44, 209.44, 1.79639
FILLER_0_73_1065, 495.44, 209.44, 1.79639
_10867_, 508.24, 209.44, 1.79631
_15377_, 508.24, 209.44, 1.79631
hold790, 508.24, 209.44, 1.79631
FILLER_0_74_1102, 508.24, 209.44, 1.79631
_08992_, 521.04, 209.44, 1.79623
FILLER_0_72_1114, 521.04, 209.44, 1.79623
FILLER_0_73_1109, 521.04, 209.44, 1.79623
FILLER_0_73_1117, 521.04, 209.44, 1.79623
_08821_, 533.84, 209.44, 1.79616
_08991_, 533.84, 209.44, 1.79616
_08993_, 533.84, 209.44, 1.79616
FILLER_0_73_1142, 533.84, 209.44, 1.79616
_08942_, 546.64, 209.44, 1.79609
_18086_, 546.64, 209.44, 1.79609
hold578, 546.64, 209.44, 1.79609
FILLER_0_73_1165, 546.64, 209.44, 1.79609
FILLER_0_73_1173, 546.64, 209.44, 1.79609
FILLER_0_73_1185, 546.64, 209.44, 1.79609
FILLER_0_74_1177, 546.64, 209.44, 1.79609
_10409_, 559.44, 209.44, 1.79602
_10823_, 559.44, 209.44, 1.79602
_10824_, 559.44, 209.44, 1.79602
_11387_, 559.44, 209.44, 1.79602
hold1139, 559.44, 209.44, 1.79602
FILLER_0_73_1199, 559.44, 209.44, 1.79602
FILLER_0_73_1209, 559.44, 209.44, 1.79602
FILLER_0_74_1205, 559.44, 209.44, 1.79602
FILLER_0_74_1216, 559.44, 209.44, 1.79602
_11382_, 572.24, 209.44, 1.79596
_11386_, 572.24, 209.44, 1.79596
clkbuf_leaf_156_clk, 572.24, 209.44, 1.79596
hold654, 572.24, 209.44, 1.79596
FILLER_0_74_1244, 572.24, 209.44, 1.79596
_17992_, 585.04, 209.44, 1.79595
_18038_, 585.04, 209.44, 1.79595
hold446, 585.04, 209.44, 1.79595
FILLER_0_72_1255, 585.04, 209.44, 1.79595
FILLER_0_73_1269, 585.04, 209.44, 1.79595
FILLER_0_74_1261, 585.04, 209.44, 1.79595
_16114_, 597.84, 209.44, 1.79595
_16251_, 597.84, 209.44, 1.79595
_17990_, 597.84, 209.44, 1.79595
hold839, 597.84, 209.44, 1.79595
FILLER_0_74_1289, 597.84, 209.44, 1.79595
_16166_, 610.64, 209.44, 1.79596
_18008_, 610.64, 209.44, 1.79596
hold1148, 610.64, 209.44, 1.79596
FILLER_0_72_1307, 610.64, 209.44, 1.79596
FILLER_0_73_1313, 610.64, 209.44, 1.79596
_16001_, 623.44, 209.44, 1.79597
_16077_, 623.44, 209.44, 1.79597
_16078_, 623.44, 209.44, 1.79597
_17944_, 623.44, 209.44, 1.79597
hold1030, 623.44, 209.44, 1.79597
FILLER_0_73_1340, 623.44, 209.44, 1.79597
FILLER_0_74_1350, 623.44, 209.44, 1.79597
PHY_140, 5.52, 204, 1.79825
PHY_142, 5.52, 204, 1.79825
FILLER_0_71_51, 34.64, 204, 1.79827
FILLER_0_72_77, 34.64, 204, 1.79827
FILLER_0_71_105, 47.44, 204, 1.7983
FILLER_0_70_133, 73.04, 204, 1.79834
FILLER_0_71_161, 85.84, 204, 1.79837
FILLER_0_70_189, 98.64, 204, 1.79839
FILLER_0_71_217, 111.44, 204, 1.79841
FILLER_0_70_245, 124.24, 204, 1.79843
FILLER_0_71_273, 137.04, 204, 1.79846
FILLER_0_70_301, 149.84, 204, 1.79848
FILLER_0_71_329, 162.64, 204, 1.7985
_17356_, 188.24, 204, 1.79843
FILLER_0_71_385, 188.24, 204, 1.79843
FILLER_0_71_393, 188.24, 204, 1.79843
_17373_, 201.04, 204, 1.79835
FILLER_0_70_416, 201.04, 204, 1.79835
FILLER_0_70_421, 201.04, 204, 1.79835
FILLER_0_71_417, 201.04, 204, 1.79835
_14745_, 213.84, 204, 1.79827
_16632_, 213.84, 204, 1.79827
hold1101, 213.84, 204, 1.79827
FILLER_0_71_442, 213.84, 204, 1.79827
_09198_, 226.64, 204, 1.79821
_09199_, 226.64, 204, 1.79821
_16497_, 226.64, 204, 1.79821
FILLER_0_71_481, 226.64, 204, 1.79821
_09201_, 239.44, 204, 1.79814
_09202_, 239.44, 204, 1.79814
_09252_, 239.44, 204, 1.79814
_09253_, 239.44, 204, 1.79814
_11345_, 239.44, 204, 1.79814
FILLER_0_70_504, 239.44, 204, 1.79814
FILLER_0_71_514, 239.44, 204, 1.79814
FILLER_0_72_515, 239.44, 204, 1.79814
_09248_, 252.24, 204, 1.79807
_09249_, 252.24, 204, 1.79807
_09256_, 252.24, 204, 1.79807
_16633_, 252.24, 204, 1.79807
FILLER_0_71_525, 252.24, 204, 1.79807
FILLER_0_71_542, 252.24, 204, 1.79807
FILLER_0_72_545, 252.24, 204, 1.79807
_09027_, 265.04, 204, 1.79802
_09028_, 265.04, 204, 1.79802
_10109_, 265.04, 204, 1.79802
_10110_, 265.04, 204, 1.79802
hold675, 265.04, 204, 1.79802
ANTENNA_57, 265.04, 204, 1.79802
ANTENNA_73, 265.04, 204, 1.79802
FILLER_0_70_562, 265.04, 204, 1.79802
FILLER_0_71_564, 265.04, 204, 1.79802
_16338_, 277.84, 204, 1.79797
_18076_, 277.84, 204, 1.79797
clkbuf_leaf_211_clk, 277.84, 204, 1.79797
FILLER_0_70_584, 277.84, 204, 1.79797
FILLER_0_71_602, 277.84, 204, 1.79797
_16339_, 290.64, 204, 1.79797
_16340_, 290.64, 204, 1.79797
_18077_, 290.64, 204, 1.79797
FILLER_0_71_626, 290.64, 204, 1.79797
_10729_, 303.44, 204, 1.79799
_16264_, 303.44, 204, 1.79799
_16265_, 303.44, 204, 1.79799
FILLER_0_70_645, 303.44, 204, 1.79799
FILLER_0_71_634, 303.44, 204, 1.79799
FILLER_0_71_646, 303.44, 204, 1.79799
FILLER_0_72_649, 303.44, 204, 1.79799
FILLER_0_72_657, 303.44, 204, 1.79799
_10730_, 316.24, 204, 1.798
FILLER_0_71_669, 316.24, 204, 1.798
FILLER_0_71_685, 316.24, 204, 1.798
_16050_, 341.84, 204, 1.79784
FILLER_0_70_728, 341.84, 204, 1.79784
FILLER_0_71_724, 341.84, 204, 1.79784
FILLER_0_71_729, 341.84, 204, 1.79784
FILLER_0_72_745, 341.84, 204, 1.79784
_15972_, 354.64, 204, 1.79767
_17917_, 354.64, 204, 1.79767
_17932_, 354.64, 204, 1.79767
FILLER_0_70_751, 354.64, 204, 1.79767
FILLER_0_71_763, 354.64, 204, 1.79767
_09231_, 367.44, 204, 1.79751
_09284_, 367.44, 204, 1.79751
_11329_, 367.44, 204, 1.79751
FILLER_0_70_781, 367.44, 204, 1.79751
FILLER_0_71_779, 367.44, 204, 1.79751
_11328_, 380.24, 204, 1.79735
_15885_, 380.24, 204, 1.79735
_15930_, 380.24, 204, 1.79735
_15931_, 380.24, 204, 1.79735
_17916_, 380.24, 204, 1.79735
hold779, 380.24, 204, 1.79735
_16045_, 393.04, 204, 1.7972
_17962_, 393.04, 204, 1.7972
FILLER_0_70_841, 393.04, 204, 1.7972
FILLER_0_71_831, 393.04, 204, 1.7972
_09109_, 405.84, 204, 1.79706
_15922_, 405.84, 204, 1.79706
_15924_, 405.84, 204, 1.79706
_17914_, 405.84, 204, 1.79706
hold416, 405.84, 204, 1.79706
FILLER_0_70_865, 405.84, 204, 1.79706
FILLER_0_72_875, 405.84, 204, 1.79706
_15926_, 418.64, 204, 1.79694
_15966_, 418.64, 204, 1.79694
_15969_, 418.64, 204, 1.79694
_15970_, 418.64, 204, 1.79694
_17931_, 418.64, 204, 1.79694
FILLER_0_71_901, 418.64, 204, 1.79694
FILLER_0_71_910, 418.64, 204, 1.79694
_15883_, 431.44, 204, 1.79681
_15927_, 431.44, 204, 1.79681
hold404, 431.44, 204, 1.79681
hold429, 431.44, 204, 1.79681
FILLER_0_70_918, 431.44, 204, 1.79681
FILLER_0_71_921, 431.44, 204, 1.79681
_10353_, 444.24, 204, 1.7967
_10928_, 444.24, 204, 1.7967
_15923_, 444.24, 204, 1.7967
_17915_, 444.24, 204, 1.7967
hold657, 444.24, 204, 1.7967
FILLER_0_71_944, 444.24, 204, 1.7967
FILLER_0_71_961, 444.24, 204, 1.7967
FILLER_0_72_961, 444.24, 204, 1.7967
_10047_, 457.04, 204, 1.79659
_11378_, 457.04, 204, 1.79659
_12814_, 457.04, 204, 1.79659
_17017_, 457.04, 204, 1.79659
FILLER_0_70_970, 457.04, 204, 1.79659
FILLER_0_71_969, 457.04, 204, 1.79659
FILLER_0_71_978, 457.04, 204, 1.79659
FILLER_0_72_993, 457.04, 204, 1.79659
_12810_, 469.84, 204, 1.79649
_17014_, 469.84, 204, 1.79649
FILLER_0_71_1003, 469.84, 204, 1.79649
FILLER_0_71_1018, 469.84, 204, 1.79649
_16212_, 495.44, 204, 1.79613
_18025_, 495.44, 204, 1.79613
clkbuf_leaf_136_clk, 495.44, 204, 1.79613
FILLER_0_71_1053, 495.44, 204, 1.79613
FILLER_0_71_1061, 495.44, 204, 1.79613
FILLER_0_71_1065, 495.44, 204, 1.79613
_08805_, 508.24, 204, 1.79592
_10865_, 508.24, 204, 1.79592
_16204_, 508.24, 204, 1.79592
FILLER_0_70_1087, 508.24, 204, 1.79592
_08810_, 521.04, 204, 1.79571
_16203_, 521.04, 204, 1.79571
clkbuf_5_22__f_clk, 521.04, 204, 1.79571
FILLER_0_71_1117, 521.04, 204, 1.79571
_08806_, 533.84, 204, 1.79561
_08811_, 533.84, 204, 1.79561
_08823_, 533.84, 204, 1.79561
_08998_, 533.84, 204, 1.79561
ANTENNA_189, 533.84, 204, 1.79561
FILLER_0_70_1141, 533.84, 204, 1.79561
FILLER_0_71_1146, 533.84, 204, 1.79561
_16361_, 546.64, 204, 1.79552
_16362_, 546.64, 204, 1.79552
_16367_, 546.64, 204, 1.79552
_16368_, 546.64, 204, 1.79552
_18089_, 546.64, 204, 1.79552
clkbuf_leaf_157_clk, 546.64, 204, 1.79552
FILLER_0_70_1173, 546.64, 204, 1.79552
FILLER_0_71_1164, 546.64, 204, 1.79552
FILLER_0_71_1186, 546.64, 204, 1.79552
_16249_, 559.44, 204, 1.79547
_16255_, 559.44, 204, 1.79547
_18040_, 559.44, 204, 1.79547
clkbuf_5_23__f_clk, 559.44, 204, 1.79547
FILLER_0_70_1196, 559.44, 204, 1.79547
FILLER_0_71_1198, 559.44, 204, 1.79547
FILLER_0_71_1205, 559.44, 204, 1.79547
_16256_, 572.24, 204, 1.79553
_18041_, 572.24, 204, 1.79553
hold669, 572.24, 204, 1.79553
FILLER_0_70_1222, 572.24, 204, 1.79553
FILLER_0_71_1233, 572.24, 204, 1.79553
_16042_, 585.04, 204, 1.7956
_16250_, 585.04, 204, 1.7956
_16257_, 585.04, 204, 1.7956
_17961_, 585.04, 204, 1.7956
hold686, 585.04, 204, 1.7956
FILLER_0_70_1257, 585.04, 204, 1.7956
FILLER_0_71_1252, 585.04, 204, 1.7956
FILLER_0_72_1261, 585.04, 204, 1.7956
_16036_, 597.84, 204, 1.79567
_17958_, 597.84, 204, 1.79567
_18039_, 597.84, 204, 1.79567
hold759, 597.84, 204, 1.79567
FILLER_0_71_1279, 597.84, 204, 1.79567
FILLER_0_71_1289, 597.84, 204, 1.79567
_16038_, 610.64, 204, 1.79576
_17782_, 610.64, 204, 1.79576
hold1173, 610.64, 204, 1.79576
_15581_, 623.44, 204, 1.79586
_17785_, 623.44, 204, 1.79586
FILLER_0_70_1342, 623.44, 204, 1.79586
FILLER_0_71_1345, 623.44, 204, 1.79586
PHY_136, 5.52, 198.56, 1.79832
PHY_138, 5.52, 198.56, 1.79832
FILLER_0_69_51, 34.64, 198.56, 1.79835
FILLER_0_70_77, 34.64, 198.56, 1.79835
FILLER_0_69_105, 47.44, 198.56, 1.79838
FILLER_0_68_133, 73.04, 198.56, 1.79844
FILLER_0_69_161, 85.84, 198.56, 1.79846
FILLER_0_68_189, 98.64, 198.56, 1.79849
FILLER_0_69_217, 111.44, 198.56, 1.79852
FILLER_0_68_245, 124.24, 198.56, 1.79855
FILLER_0_69_273, 137.04, 198.56, 1.79858
FILLER_0_68_301, 149.84, 198.56, 1.79861
FILLER_0_69_329, 162.64, 198.56, 1.79864
_13818_, 188.24, 198.56, 1.7986
_13858_, 188.24, 198.56, 1.7986
_13859_, 188.24, 198.56, 1.7986
_13860_, 188.24, 198.56, 1.7986
_13896_, 188.24, 198.56, 1.7986
FILLER_0_68_389, 188.24, 198.56, 1.7986
FILLER_0_68_396, 188.24, 198.56, 1.7986
FILLER_0_69_388, 188.24, 198.56, 1.7986
FILLER_0_69_405, 188.24, 198.56, 1.7986
_13817_, 201.04, 198.56, 1.79853
_13935_, 201.04, 198.56, 1.79853
_13936_, 201.04, 198.56, 1.79853
_17324_, 201.04, 198.56, 1.79853
FILLER_0_68_421, 201.04, 198.56, 1.79853
FILLER_0_69_412, 201.04, 198.56, 1.79853
_10104_, 213.84, 198.56, 1.79846
_10105_, 213.84, 198.56, 1.79846
_14741_, 213.84, 198.56, 1.79846
_18144_, 213.84, 198.56, 1.79846
hold1158, 213.84, 198.56, 1.79846
FILLER_0_69_443, 213.84, 198.56, 1.79846
FILLER_0_69_454, 213.84, 198.56, 1.79846
FILLER_0_69_466, 213.84, 198.56, 1.79846
_09194_, 226.64, 198.56, 1.7984
_09195_, 226.64, 198.56, 1.7984
_16498_, 226.64, 198.56, 1.7984
hold913, 226.64, 198.56, 1.7984
FILLER_0_68_468, 226.64, 198.56, 1.7984
FILLER_0_69_472, 226.64, 198.56, 1.7984
FILLER_0_69_494, 226.64, 198.56, 1.7984
_09196_, 239.44, 198.56, 1.79835
_09197_, 239.44, 198.56, 1.79835
_09200_, 239.44, 198.56, 1.79835
FILLER_0_68_501, 239.44, 198.56, 1.79835
FILLER_0_69_505, 239.44, 198.56, 1.79835
_09251_, 252.24, 198.56, 1.7983
_09254_, 252.24, 198.56, 1.7983
_09255_, 252.24, 198.56, 1.7983
_10767_, 252.24, 198.56, 1.7983
FILLER_0_68_533, 252.24, 198.56, 1.7983
FILLER_0_69_533, 252.24, 198.56, 1.7983
FILLER_0_69_542, 252.24, 198.56, 1.7983
_09040_, 265.04, 198.56, 1.79825
_16499_, 265.04, 198.56, 1.79825
_16500_, 265.04, 198.56, 1.79825
_18145_, 265.04, 198.56, 1.79825
FILLER_0_69_553, 265.04, 198.56, 1.79825
_16337_, 277.84, 198.56, 1.7982
hold817, 277.84, 198.56, 1.7982
FILLER_0_68_580, 277.84, 198.56, 1.7982
FILLER_0_68_589, 277.84, 198.56, 1.7982
FILLER_0_70_605, 277.84, 198.56, 1.7982
_16266_, 290.64, 198.56, 1.79816
_16332_, 290.64, 198.56, 1.79816
_18045_, 290.64, 198.56, 1.79816
FILLER_0_69_617, 290.64, 198.56, 1.79816
FILLER_0_70_624, 290.64, 198.56, 1.79816
_10489_, 303.44, 198.56, 1.79813
_16263_, 303.44, 198.56, 1.79813
_18044_, 303.44, 198.56, 1.79813
FILLER_0_68_637, 303.44, 198.56, 1.79813
FILLER_0_68_645, 303.44, 198.56, 1.79813
FILLER_0_69_648, 303.44, 198.56, 1.79813
_12074_, 316.24, 198.56, 1.79811
_16729_, 316.24, 198.56, 1.79811
hold1018, 316.24, 198.56, 1.79811
FILLER_0_68_671, 316.24, 198.56, 1.79811
FILLER_0_69_665, 316.24, 198.56, 1.79811
_16051_, 341.84, 198.56, 1.79786
_17965_, 341.84, 198.56, 1.79786
_17994_, 341.84, 198.56, 1.79786
hold724, 341.84, 198.56, 1.79786
FILLER_0_69_720, 341.84, 198.56, 1.79786
FILLER_0_70_737, 341.84, 198.56, 1.79786
_09283_, 354.64, 198.56, 1.79765
_09285_, 354.64, 198.56, 1.79765
_10725_, 354.64, 198.56, 1.79765
FILLER_0_68_749, 354.64, 198.56, 1.79765
FILLER_0_69_746, 354.64, 198.56, 1.79765
_09286_, 367.44, 198.56, 1.79744
_09376_, 367.44, 198.56, 1.79744
_15884_, 367.44, 198.56, 1.79744
_17900_, 367.44, 198.56, 1.79744
hold452, 367.44, 198.56, 1.79744
FILLER_0_69_788, 367.44, 198.56, 1.79744
_09233_, 380.24, 198.56, 1.79724
_12068_, 380.24, 198.56, 1.79724
_16726_, 380.24, 198.56, 1.79724
clkbuf_5_19__f_clk, 380.24, 198.56, 1.79724
FILLER_0_68_802, 380.24, 198.56, 1.79724
_16044_, 393.04, 198.56, 1.79715
hold571, 393.04, 198.56, 1.79715
FILLER_0_69_853, 393.04, 198.56, 1.79715
FILLER_0_70_853, 393.04, 198.56, 1.79715
_10411_, 405.84, 198.56, 1.79705
_10412_, 405.84, 198.56, 1.79705
FILLER_0_68_869, 405.84, 198.56, 1.79705
FILLER_0_69_878, 405.84, 198.56, 1.79705
_09114_, 418.64, 198.56, 1.79696
_09118_, 418.64, 198.56, 1.79696
_09179_, 418.64, 198.56, 1.79696
_15879_, 418.64, 198.56, 1.79696
_15882_, 418.64, 198.56, 1.79696
FILLER_0_68_895, 418.64, 198.56, 1.79696
FILLER_0_69_889, 418.64, 198.56, 1.79696
FILLER_0_70_909, 418.64, 198.56, 1.79696
_15928_, 431.44, 198.56, 1.79687
_16047_, 431.44, 198.56, 1.79687
_17899_, 431.44, 198.56, 1.79687
FILLER_0_68_917, 431.44, 198.56, 1.79687
FILLER_0_70_933, 431.44, 198.56, 1.79687
_08372_, 444.24, 198.56, 1.79678
_08428_, 444.24, 198.56, 1.79678
_08464_, 444.24, 198.56, 1.79678
_17016_, 444.24, 198.56, 1.79678
FILLER_0_68_950, 444.24, 198.56, 1.79678
FILLER_0_69_949, 444.24, 198.56, 1.79678
FILLER_0_69_953, 444.24, 198.56, 1.79678
FILLER_0_70_957, 444.24, 198.56, 1.79678
_08442_, 457.04, 198.56, 1.79671
_12809_, 457.04, 198.56, 1.79671
_12815_, 457.04, 198.56, 1.79671
_12816_, 457.04, 198.56, 1.79671
_12817_, 457.04, 198.56, 1.79671
hold851, 457.04, 198.56, 1.79671
FILLER_0_68_977, 457.04, 198.56, 1.79671
FILLER_0_69_987, 457.04, 198.56, 1.79671
_11375_, 469.84, 198.56, 1.79665
_12934_, 469.84, 198.56, 1.79665
hold1070, 469.84, 198.56, 1.79665
FILLER_0_69_1001, 469.84, 198.56, 1.79665
FILLER_0_69_1009, 469.84, 198.56, 1.79665
FILLER_0_70_1014, 469.84, 198.56, 1.79665
_15381_, 495.44, 198.56, 1.79651
_15382_, 495.44, 198.56, 1.79651
_17704_, 495.44, 198.56, 1.79651
hold668, 495.44, 198.56, 1.79651
FILLER_0_69_1058, 495.44, 198.56, 1.79651
_16210_, 508.24, 198.56, 1.79644
_18022_, 508.24, 198.56, 1.79644
_08808_, 521.04, 198.56, 1.79638
_08809_, 521.04, 198.56, 1.79638
hold552, 521.04, 198.56, 1.79638
FILLER_0_68_1114, 521.04, 198.56, 1.79638
FILLER_0_69_1109, 521.04, 198.56, 1.79638
FILLER_0_69_1117, 521.04, 198.56, 1.79638
FILLER_0_69_1121, 521.04, 198.56, 1.79638
FILLER_0_69_1131, 521.04, 198.56, 1.79638
_08801_, 533.84, 198.56, 1.79632
_08802_, 533.84, 198.56, 1.79632
_08807_, 533.84, 198.56, 1.79632
_08884_, 533.84, 198.56, 1.79632
_08886_, 533.84, 198.56, 1.79632
_08891_, 533.84, 198.56, 1.79632
_08938_, 533.84, 198.56, 1.79632
_08940_, 533.84, 198.56, 1.79632
ANTENNA_188, 533.84, 198.56, 1.79632
ANTENNA_191, 533.84, 198.56, 1.79632
FILLER_0_68_1144, 533.84, 198.56, 1.79632
_16366_, 546.64, 198.56, 1.79627
_18088_, 546.64, 198.56, 1.79627
FILLER_0_68_1170, 546.64, 198.56, 1.79627
FILLER_0_69_1169, 546.64, 198.56, 1.79627
FILLER_0_69_1182, 546.64, 198.56, 1.79627
FILLER_0_69_1190, 546.64, 198.56, 1.79627
_15785_, 559.44, 198.56, 1.79622
_16254_, 559.44, 198.56, 1.79622
_17862_, 559.44, 198.56, 1.79622
hold922, 559.44, 198.56, 1.79622
hold1169, 559.44, 198.56, 1.79622
FILLER_0_70_1205, 559.44, 198.56, 1.79622
_16034_, 572.24, 198.56, 1.79618
_16040_, 572.24, 198.56, 1.79618
FILLER_0_68_1230, 572.24, 198.56, 1.79618
FILLER_0_69_1229, 572.24, 198.56, 1.79618
FILLER_0_69_1233, 572.24, 198.56, 1.79618
FILLER_0_69_1239, 572.24, 198.56, 1.79618
FILLER_0_70_1245, 572.24, 198.56, 1.79618
_16041_, 585.04, 198.56, 1.79615
_16252_, 585.04, 198.56, 1.79615
hold616, 585.04, 198.56, 1.79615
FILLER_0_68_1257, 585.04, 198.56, 1.79615
FILLER_0_69_1246, 585.04, 198.56, 1.79615
FILLER_0_70_1261, 585.04, 198.56, 1.79615
_08947_, 597.84, 198.56, 1.79612
_16035_, 597.84, 198.56, 1.79612
_16037_, 597.84, 198.56, 1.79612
_16253_, 597.84, 198.56, 1.79612
hold1028, 597.84, 198.56, 1.79612
FILLER_0_69_1278, 597.84, 198.56, 1.79612
_15580_, 610.64, 198.56, 1.79609
_17959_, 610.64, 198.56, 1.79609
FILLER_0_68_1313, 610.64, 198.56, 1.79609
FILLER_0_69_1325, 610.64, 198.56, 1.79609
_15582_, 623.44, 198.56, 1.79606
_15590_, 623.44, 198.56, 1.79606
_15591_, 623.44, 198.56, 1.79606
clkbuf_leaf_152_clk, 623.44, 198.56, 1.79606
FILLER_0_69_1334, 623.44, 198.56, 1.79606
PHY_132, 5.52, 193.12, 1.79837
PHY_134, 5.52, 193.12, 1.79837
output80, 5.52, 193.12, 1.79837
FILLER_0_67_53, 34.64, 193.12, 1.79841
FILLER_0_68_77, 34.64, 193.12, 1.79841
FILLER_0_67_105, 47.44, 193.12, 1.79845
FILLER_0_66_133, 73.04, 193.12, 1.79852
FILLER_0_67_161, 85.84, 193.12, 1.79855
FILLER_0_66_189, 98.64, 193.12, 1.79859
FILLER_0_67_217, 111.44, 193.12, 1.79862
FILLER_0_66_245, 124.24, 193.12, 1.79866
FILLER_0_67_273, 137.04, 193.12, 1.79869
FILLER_0_66_301, 149.84, 193.12, 1.79872
FILLER_0_67_329, 162.64, 193.12, 1.79876
_13854_, 188.24, 193.12, 1.79869
_13857_, 188.24, 193.12, 1.79869
_17325_, 188.24, 193.12, 1.79869
ANTENNA_140, 188.24, 193.12, 1.79869
FILLER_0_66_385, 188.24, 193.12, 1.79869
FILLER_0_67_393, 188.24, 193.12, 1.79869
_13813_, 201.04, 193.12, 1.7986
_13814_, 201.04, 193.12, 1.7986
ANTENNA_143, 201.04, 193.12, 1.7986
FILLER_0_66_417, 201.04, 193.12, 1.7986
FILLER_0_67_423, 201.04, 193.12, 1.7986
_14742_, 213.84, 193.12, 1.7985
_17560_, 213.84, 193.12, 1.7985
clkbuf_leaf_213_clk, 213.84, 193.12, 1.7985
hold1128, 213.84, 193.12, 1.7985
FILLER_0_66_439, 213.84, 193.12, 1.7985
FILLER_0_67_440, 213.84, 193.12, 1.7985
FILLER_0_67_465, 213.84, 193.12, 1.7985
_14743_, 226.64, 193.12, 1.79847
_14744_, 226.64, 193.12, 1.79847
FILLER_0_66_477, 226.64, 193.12, 1.79847
FILLER_0_68_489, 226.64, 193.12, 1.79847
_09035_, 239.44, 193.12, 1.79843
_09034_, 252.24, 193.12, 1.7984
_09043_, 252.24, 193.12, 1.7984
_09045_, 252.24, 193.12, 1.7984
_09142_, 252.24, 193.12, 1.7984
_09149_, 252.24, 193.12, 1.7984
_09250_, 252.24, 193.12, 1.7984
ANTENNA_61, 252.24, 193.12, 1.7984
ANTENNA_182, 252.24, 193.12, 1.7984
FILLER_0_66_524, 252.24, 193.12, 1.7984
FILLER_0_67_529, 252.24, 193.12, 1.7984
FILLER_0_67_547, 252.24, 193.12, 1.7984
_09031_, 265.04, 193.12, 1.79837
_09147_, 265.04, 193.12, 1.79837
_09148_, 265.04, 193.12, 1.79837
_10099_, 265.04, 193.12, 1.79837
ANTENNA_46, 265.04, 193.12, 1.79837
FILLER_0_67_568, 265.04, 193.12, 1.79837
_10093_, 277.84, 193.12, 1.79835
_10100_, 277.84, 193.12, 1.79835
_16333_, 277.84, 193.12, 1.79835
_16334_, 277.84, 193.12, 1.79835
_18074_, 277.84, 193.12, 1.79835
hold773, 277.84, 193.12, 1.79835
hold1129, 277.84, 193.12, 1.79835
_09041_, 290.64, 193.12, 1.79833
_16335_, 290.64, 193.12, 1.79833
_16336_, 290.64, 193.12, 1.79833
_18042_, 290.64, 193.12, 1.79833
_18075_, 290.64, 193.12, 1.79833
FILLER_0_67_626, 290.64, 193.12, 1.79833
_10674_, 303.44, 193.12, 1.79833
_16259_, 303.44, 193.12, 1.79833
_16260_, 303.44, 193.12, 1.79833
_16261_, 303.44, 193.12, 1.79833
_16262_, 303.44, 193.12, 1.79833
FILLER_0_66_645, 303.44, 193.12, 1.79833
FILLER_0_68_653, 303.44, 193.12, 1.79833
_10638_, 316.24, 193.12, 1.79834
_12072_, 316.24, 193.12, 1.79834
_12073_, 316.24, 193.12, 1.79834
_16258_, 316.24, 193.12, 1.79834
hold974, 316.24, 193.12, 1.79834
FILLER_0_67_667, 316.24, 193.12, 1.79834
FILLER_0_67_673, 316.24, 193.12, 1.79834
FILLER_0_67_683, 316.24, 193.12, 1.79834
FILLER_0_68_688, 316.24, 193.12, 1.79834
_09371_, 341.84, 193.12, 1.79814
_10670_, 341.84, 193.12, 1.79814
_10724_, 341.84, 193.12, 1.79814
_16132_, 341.84, 193.12, 1.79814
FILLER_0_67_729, 341.84, 193.12, 1.79814
hold842, 354.64, 193.12, 1.79795
_16048_, 367.44, 193.12, 1.79775
_16049_, 367.44, 193.12, 1.79775
_17964_, 367.44, 193.12, 1.79775
hold566, 367.44, 193.12, 1.79775
FILLER_0_66_777, 367.44, 193.12, 1.79775
_10366_, 380.24, 193.12, 1.79756
clkbuf_leaf_197_clk, 380.24, 193.12, 1.79756
FILLER_0_66_807, 380.24, 193.12, 1.79756
FILLER_0_66_813, 380.24, 193.12, 1.79756
FILLER_0_67_814, 380.24, 193.12, 1.79756
_09110_, 393.04, 193.12, 1.79742
_09111_, 393.04, 193.12, 1.79742
_09112_, 393.04, 193.12, 1.79742
_12066_, 393.04, 193.12, 1.79742
_12069_, 393.04, 193.12, 1.79742
_09117_, 405.84, 193.12, 1.79729
_10410_, 405.84, 193.12, 1.79729
_09115_, 418.64, 193.12, 1.79715
_09116_, 418.64, 193.12, 1.79715
_09178_, 418.64, 193.12, 1.79715
_16043_, 418.64, 193.12, 1.79715
_16046_, 418.64, 193.12, 1.79715
FILLER_0_66_890, 418.64, 193.12, 1.79715
FILLER_0_67_885, 418.64, 193.12, 1.79715
FILLER_0_68_905, 418.64, 193.12, 1.79715
_17963_, 431.44, 193.12, 1.79702
hold676, 431.44, 193.12, 1.79702
FILLER_0_66_918, 431.44, 193.12, 1.79702
_08371_, 444.24, 193.12, 1.7969
_10927_, 444.24, 193.12, 1.7969
_11318_, 444.24, 193.12, 1.7969
ANTENNA_44, 444.24, 193.12, 1.7969
FILLER_0_67_949, 444.24, 193.12, 1.7969
FILLER_0_68_958, 444.24, 193.12, 1.7969
_17015_, 457.04, 193.12, 1.79679
clkbuf_leaf_135_clk, 457.04, 193.12, 1.79679
hold1096, 457.04, 193.12, 1.79679
FILLER_0_67_981, 457.04, 193.12, 1.79679
_12935_, 469.84, 193.12, 1.79672
_17064_, 469.84, 193.12, 1.79672
hold1107, 469.84, 193.12, 1.79672
FILLER_0_67_1003, 469.84, 193.12, 1.79672
FILLER_0_67_1020, 469.84, 193.12, 1.79672
_16209_, 495.44, 193.12, 1.79659
_18024_, 495.44, 193.12, 1.79659
FILLER_0_66_1061, 495.44, 193.12, 1.79659
FILLER_0_67_1057, 495.44, 193.12, 1.79659
FILLER_0_67_1065, 495.44, 193.12, 1.79659
_08883_, 508.24, 193.12, 1.79653
_12851_, 508.24, 193.12, 1.79653
_15379_, 508.24, 193.12, 1.79653
hold469, 508.24, 193.12, 1.79653
hold1042, 508.24, 193.12, 1.79653
FILLER_0_66_1084, 508.24, 193.12, 1.79653
_08939_, 521.04, 193.12, 1.79647
_10970_, 521.04, 193.12, 1.79647
FILLER_0_67_1112, 521.04, 193.12, 1.79647
_08945_, 533.84, 193.12, 1.79641
_08955_, 546.64, 193.12, 1.79636
_16365_, 546.64, 193.12, 1.79636
FILLER_0_67_1166, 546.64, 193.12, 1.79636
FILLER_0_67_1177, 546.64, 193.12, 1.79636
_15784_, 559.44, 193.12, 1.7963
_15793_, 559.44, 193.12, 1.7963
_17865_, 559.44, 193.12, 1.7963
FILLER_0_66_1197, 559.44, 193.12, 1.7963
_15794_, 572.24, 193.12, 1.79626
_16039_, 572.24, 193.12, 1.79626
_17960_, 572.24, 193.12, 1.79626
FILLER_0_67_1227, 572.24, 193.12, 1.79626
FILLER_0_67_1233, 572.24, 193.12, 1.79626
_08825_, 585.04, 193.12, 1.79623
_08830_, 585.04, 193.12, 1.79623
_09000_, 585.04, 193.12, 1.79623
_10601_, 585.04, 193.12, 1.79623
FILLER_0_66_1253, 585.04, 193.12, 1.79623
FILLER_0_67_1246, 585.04, 193.12, 1.79623
FILLER_0_67_1256, 585.04, 193.12, 1.79623
FILLER_0_67_1262, 585.04, 193.12, 1.79623
FILLER_0_68_1261, 585.04, 193.12, 1.79623
_08829_, 597.84, 193.12, 1.7962
_08893_, 597.84, 193.12, 1.7962
_08949_, 597.84, 193.12, 1.7962
_09002_, 597.84, 193.12, 1.7962
FILLER_0_67_1274, 597.84, 193.12, 1.7962
FILLER_0_67_1283, 597.84, 193.12, 1.7962
FILLER_0_67_1296, 597.84, 193.12, 1.7962
_08834_, 610.64, 193.12, 1.79618
_08895_, 610.64, 193.12, 1.79618
_17784_, 610.64, 193.12, 1.79618
FILLER_0_66_1307, 610.64, 193.12, 1.79618
FILLER_0_67_1312, 610.64, 193.12, 1.79618
_15584_, 623.44, 193.12, 1.79616
_15585_, 623.44, 193.12, 1.79616
_17783_, 623.44, 193.12, 1.79616
FILLER_0_66_1331, 623.44, 193.12, 1.79616
FILLER_0_67_1332, 623.44, 193.12, 1.79616
PHY_128, 5.52, 187.68, 1.79845
PHY_130, 5.52, 187.68, 1.79845
FILLER_0_65_51, 34.64, 187.68, 1.79849
FILLER_0_66_77, 34.64, 187.68, 1.79849
FILLER_0_65_105, 47.44, 187.68, 1.79853
FILLER_0_64_133, 73.04, 187.68, 1.79862
FILLER_0_65_161, 85.84, 187.68, 1.79867
FILLER_0_64_189, 98.64, 187.68, 1.79871
FILLER_0_65_217, 111.44, 187.68, 1.79875
FILLER_0_64_245, 124.24, 187.68, 1.7988
FILLER_0_65_273, 137.04, 187.68, 1.79884
FILLER_0_64_301, 149.84, 187.68, 1.79889
FILLER_0_65_329, 162.64, 187.68, 1.79893
_13855_, 188.24, 187.68, 1.79891
_13856_, 188.24, 187.68, 1.79891
_13892_, 188.24, 187.68, 1.79891
_13893_, 188.24, 187.68, 1.79891
FILLER_0_65_385, 188.24, 187.68, 1.79891
FILLER_0_66_409, 188.24, 187.68, 1.79891
_13804_, 201.04, 187.68, 1.79884
_13810_, 201.04, 187.68, 1.79884
_13891_, 201.04, 187.68, 1.79884
_17323_, 201.04, 187.68, 1.79884
ANTENNA_137, 201.04, 187.68, 1.79884
FILLER_0_64_417, 201.04, 187.68, 1.79884
FILLER_0_65_415, 201.04, 187.68, 1.79884
FILLER_0_65_427, 201.04, 187.68, 1.79884
FILLER_0_66_431, 201.04, 187.68, 1.79884
_13931_, 213.84, 187.68, 1.79878
_17561_, 213.84, 187.68, 1.79878
FILLER_0_65_449, 213.84, 187.68, 1.79878
FILLER_0_65_457, 213.84, 187.68, 1.79878
_09029_, 226.64, 187.68, 1.79873
_09030_, 226.64, 187.68, 1.79873
_09046_, 226.64, 187.68, 1.79873
hold991, 226.64, 187.68, 1.79873
FILLER_0_64_471, 226.64, 187.68, 1.79873
FILLER_0_65_494, 226.64, 187.68, 1.79873
_09033_, 239.44, 187.68, 1.79868
_09039_, 239.44, 187.68, 1.79868
_09042_, 239.44, 187.68, 1.79868
_09044_, 239.44, 187.68, 1.79868
_09141_, 252.24, 187.68, 1.79863
_09143_, 252.24, 187.68, 1.79863
_09144_, 252.24, 187.68, 1.79863
_09146_, 252.24, 187.68, 1.79863
FILLER_0_66_548, 252.24, 187.68, 1.79863
_10940_, 265.04, 187.68, 1.79859
_16631_, 265.04, 187.68, 1.79859
ANTENNA_226, 265.04, 187.68, 1.79859
FILLER_0_65_556, 265.04, 187.68, 1.79859
FILLER_0_65_573, 265.04, 187.68, 1.79859
_09032_, 277.84, 187.68, 1.79855
FILLER_0_64_583, 277.84, 187.68, 1.79855
FILLER_0_64_589, 277.84, 187.68, 1.79855
_10757_, 290.64, 187.68, 1.79851
_10764_, 290.64, 187.68, 1.79851
FILLER_0_64_617, 290.64, 187.68, 1.79851
FILLER_0_65_608, 290.64, 187.68, 1.79851
FILLER_0_66_627, 290.64, 187.68, 1.79851
_11237_, 303.44, 187.68, 1.79848
_18043_, 303.44, 187.68, 1.79848
clkbuf_leaf_210_clk, 303.44, 187.68, 1.79848
FILLER_0_64_636, 303.44, 187.68, 1.79848
_10048_, 316.24, 187.68, 1.79851
_10509_, 316.24, 187.68, 1.79851
_10634_, 316.24, 187.68, 1.79851
_10943_, 316.24, 187.68, 1.79851
_12071_, 316.24, 187.68, 1.79851
_16728_, 316.24, 187.68, 1.79851
FILLER_0_65_673, 316.24, 187.68, 1.79851
_12827_, 341.84, 187.68, 1.79835
_17949_, 341.84, 187.68, 1.79835
hold1076, 341.84, 187.68, 1.79835
FILLER_0_65_734, 341.84, 187.68, 1.79835
_09230_, 354.64, 187.68, 1.79817
_16011_, 354.64, 187.68, 1.79817
FILLER_0_64_746, 354.64, 187.68, 1.79817
FILLER_0_64_757, 354.64, 187.68, 1.79817
_09232_, 367.44, 187.68, 1.79798
_11334_, 367.44, 187.68, 1.79798
FILLER_0_66_797, 367.44, 187.68, 1.79798
_11336_, 380.24, 187.68, 1.7978
_11337_, 380.24, 187.68, 1.7978
_12067_, 380.24, 187.68, 1.7978
_12070_, 380.24, 187.68, 1.7978
_16727_, 380.24, 187.68, 1.7978
FILLER_0_64_802, 380.24, 187.68, 1.7978
_09176_, 393.04, 187.68, 1.79763
_16295_, 393.04, 187.68, 1.79763
hold1065, 393.04, 187.68, 1.79763
FILLER_0_64_834, 393.04, 187.68, 1.79763
_16006_, 405.84, 187.68, 1.79746
_16125_, 405.84, 187.68, 1.79746
_16130_, 405.84, 187.68, 1.79746
hold813, 405.84, 187.68, 1.79746
FILLER_0_64_865, 405.84, 187.68, 1.79746
FILLER_0_65_873, 405.84, 187.68, 1.79746
_16008_, 418.64, 187.68, 1.7973
clkbuf_leaf_194_clk, 418.64, 187.68, 1.7973
FILLER_0_65_886, 418.64, 187.68, 1.7973
FILLER_0_65_897, 418.64, 187.68, 1.7973
_10925_, 431.44, 187.68, 1.79717
_16007_, 431.44, 187.68, 1.79717
FILLER_0_64_920, 431.44, 187.68, 1.79717
_10397_, 444.24, 187.68, 1.79705
_10841_, 444.24, 187.68, 1.79705
_17033_, 444.24, 187.68, 1.79705
FILLER_0_65_945, 444.24, 187.68, 1.79705
FILLER_0_65_953, 444.24, 187.68, 1.79705
_10393_, 457.04, 187.68, 1.79693
_10394_, 457.04, 187.68, 1.79693
_10478_, 457.04, 187.68, 1.79693
_12812_, 457.04, 187.68, 1.79693
_12813_, 457.04, 187.68, 1.79693
_12847_, 457.04, 187.68, 1.79693
_12854_, 457.04, 187.68, 1.79693
FILLER_0_64_969, 457.04, 187.68, 1.79693
_12853_, 469.84, 187.68, 1.79683
_12932_, 469.84, 187.68, 1.79683
_17063_, 469.84, 187.68, 1.79683
hold696, 469.84, 187.68, 1.79683
FILLER_0_65_999, 469.84, 187.68, 1.79683
FILLER_0_65_1009, 469.84, 187.68, 1.79683
_10357_, 495.44, 187.68, 1.79663
_10358_, 495.44, 187.68, 1.79663
_12848_, 495.44, 187.68, 1.79663
_12849_, 495.44, 187.68, 1.79663
_17030_, 495.44, 187.68, 1.79663
_17031_, 495.44, 187.68, 1.79663
hold693, 495.44, 187.68, 1.79663
_10968_, 508.24, 187.68, 1.79655
_15380_, 508.24, 187.68, 1.79655
_17703_, 508.24, 187.68, 1.79655
hold695, 508.24, 187.68, 1.79655
FILLER_0_66_1097, 508.24, 187.68, 1.79655
_08885_, 521.04, 187.68, 1.79648
_10969_, 521.04, 187.68, 1.79648
_16206_, 521.04, 187.68, 1.79648
FILLER_0_64_1107, 521.04, 187.68, 1.79648
_08847_, 533.84, 187.68, 1.79641
_08848_, 533.84, 187.68, 1.79641
_08901_, 533.84, 187.68, 1.79641
FILLER_0_65_1143, 533.84, 187.68, 1.79641
_09008_, 546.64, 187.68, 1.79635
_16360_, 546.64, 187.68, 1.79635
_16363_, 546.64, 187.68, 1.79635
_16364_, 546.64, 187.68, 1.79635
_18087_, 546.64, 187.68, 1.79635
hold475, 546.64, 187.68, 1.79635
FILLER_0_65_1172, 546.64, 187.68, 1.79635
FILLER_0_66_1177, 546.64, 187.68, 1.79635
_15783_, 559.44, 187.68, 1.79629
_15787_, 559.44, 187.68, 1.79629
_15790_, 559.44, 187.68, 1.79629
hold723, 559.44, 187.68, 1.79629
FILLER_0_64_1191, 559.44, 187.68, 1.79629
FILLER_0_65_1210, 559.44, 187.68, 1.79629
_10822_, 572.24, 187.68, 1.79624
FILLER_0_65_1225, 572.24, 187.68, 1.79624
FILLER_0_65_1242, 572.24, 187.68, 1.79624
_08824_, 585.04, 187.68, 1.79619
_08835_, 585.04, 187.68, 1.79619
_08954_, 585.04, 187.68, 1.79619
clkbuf_leaf_154_clk, 585.04, 187.68, 1.79619
ANTENNA_197, 585.04, 187.68, 1.79619
FILLER_0_66_1261, 585.04, 187.68, 1.79619
_08846_, 597.84, 187.68, 1.79618
_08900_, 597.84, 187.68, 1.79618
_08951_, 597.84, 187.68, 1.79618
_08953_, 597.84, 187.68, 1.79618
_09004_, 597.84, 187.68, 1.79618
FILLER_0_65_1283, 597.84, 187.68, 1.79618
FILLER_0_65_1301, 597.84, 187.68, 1.79618
_08839_, 610.64, 187.68, 1.79617
_08897_, 610.64, 187.68, 1.79617
_15587_, 610.64, 187.68, 1.79617
_15588_, 610.64, 187.68, 1.79617
FILLER_0_64_1312, 610.64, 187.68, 1.79617
_15673_, 623.44, 187.68, 1.79616
_15674_, 623.44, 187.68, 1.79616
_17817_, 623.44, 187.68, 1.79616
_17849_, 623.44, 187.68, 1.79616
FILLER_0_64_1330, 623.44, 187.68, 1.79616
FILLER_0_65_1334, 623.44, 187.68, 1.79616
FILLER_0_65_1345, 623.44, 187.68, 1.79616
PHY_124, 5.52, 182.24, 1.79851
PHY_126, 5.52, 182.24, 1.79851
FILLER_0_63_51, 34.64, 182.24, 1.79856
FILLER_0_64_77, 34.64, 182.24, 1.79856
FILLER_0_63_105, 47.44, 182.24, 1.79861
FILLER_0_62_133, 73.04, 182.24, 1.7987
FILLER_0_63_161, 85.84, 182.24, 1.79875
FILLER_0_62_189, 98.64, 182.24, 1.7988
FILLER_0_63_217, 111.44, 182.24, 1.79885
FILLER_0_62_245, 124.24, 182.24, 1.7989
FILLER_0_63_273, 137.04, 182.24, 1.79895
FILLER_0_62_301, 149.84, 182.24, 1.799
FILLER_0_63_329, 162.64, 182.24, 1.79905
_17354_, 188.24, 182.24, 1.79901
_13806_, 201.04, 182.24, 1.79892
_13809_, 201.04, 182.24, 1.79892
FILLER_0_62_415, 201.04, 182.24, 1.79892
FILLER_0_63_417, 201.04, 182.24, 1.79892
FILLER_0_63_435, 201.04, 182.24, 1.79892
FILLER_0_64_437, 201.04, 182.24, 1.79892
_10094_, 213.84, 182.24, 1.79883
_10095_, 213.84, 182.24, 1.79883
_13932_, 213.84, 182.24, 1.79883
_16630_, 213.84, 182.24, 1.79883
FILLER_0_63_445, 213.84, 182.24, 1.79883
FILLER_0_63_449, 213.84, 182.24, 1.79883
FILLER_0_64_454, 213.84, 182.24, 1.79883
_09038_, 226.64, 182.24, 1.79875
_16493_, 226.64, 182.24, 1.79875
_16494_, 226.64, 182.24, 1.79875
_18142_, 226.64, 182.24, 1.79875
hold736, 226.64, 182.24, 1.79875
FILLER_0_63_487, 226.64, 182.24, 1.79875
FILLER_0_64_485, 226.64, 182.24, 1.79875
_10429_, 239.44, 182.24, 1.79868
_10456_, 239.44, 182.24, 1.79868
_10457_, 239.44, 182.24, 1.79868
_10470_, 239.44, 182.24, 1.79868
FILLER_0_62_505, 239.44, 182.24, 1.79868
FILLER_0_63_499, 239.44, 182.24, 1.79868
FILLER_0_63_505, 239.44, 182.24, 1.79868
FILLER_0_64_522, 239.44, 182.24, 1.79868
_09036_, 252.24, 182.24, 1.79861
_09037_, 252.24, 182.24, 1.79861
_09145_, 252.24, 182.24, 1.79861
_10938_, 252.24, 182.24, 1.79861
ANTENNA_179, 252.24, 182.24, 1.79861
FILLER_0_62_529, 252.24, 182.24, 1.79861
FILLER_0_63_523, 252.24, 182.24, 1.79861
_10490_, 265.04, 182.24, 1.79854
clkbuf_5_5__f_clk, 265.04, 182.24, 1.79854
ANTENNA_92, 265.04, 182.24, 1.79854
FILLER_0_62_551, 265.04, 182.24, 1.79854
_16492_, 277.84, 182.24, 1.79855
_16495_, 277.84, 182.24, 1.79855
_16496_, 277.84, 182.24, 1.79855
_18143_, 277.84, 182.24, 1.79855
hold996, 277.84, 182.24, 1.79855
FILLER_0_62_579, 277.84, 182.24, 1.79855
_10473_, 290.64, 182.24, 1.79857
_10669_, 290.64, 182.24, 1.79857
_10769_, 290.64, 182.24, 1.79857
_11232_, 290.64, 182.24, 1.79857
_11233_, 290.64, 182.24, 1.79857
_11243_, 290.64, 182.24, 1.79857
_11244_, 290.64, 182.24, 1.79857
_17533_, 290.64, 182.24, 1.79857
ANTENNA_91, 290.64, 182.24, 1.79857
FILLER_0_62_613, 290.64, 182.24, 1.79857
FILLER_0_63_613, 290.64, 182.24, 1.79857
FILLER_0_63_629, 290.64, 182.24, 1.79857
_10673_, 303.44, 182.24, 1.7986
_11234_, 303.44, 182.24, 1.7986
_17664_, 303.44, 182.24, 1.7986
FILLER_0_62_634, 303.44, 182.24, 1.7986
FILLER_0_63_660, 303.44, 182.24, 1.7986
FILLER_0_64_654, 303.44, 182.24, 1.7986
_10049_, 316.24, 182.24, 1.79865
_10615_, 316.24, 182.24, 1.79865
_10632_, 316.24, 182.24, 1.79865
_12865_, 316.24, 182.24, 1.79865
ANTENNA_111, 316.24, 182.24, 1.79865
FILLER_0_64_689, 316.24, 182.24, 1.79865
_15431_, 341.84, 182.24, 1.79846
_16012_, 341.84, 182.24, 1.79846
_16228_, 341.84, 182.24, 1.79846
_17981_, 341.84, 182.24, 1.79846
FILLER_0_62_728, 341.84, 182.24, 1.79846
FILLER_0_63_719, 341.84, 182.24, 1.79846
FILLER_0_64_737, 341.84, 182.24, 1.79846
_11335_, 354.64, 182.24, 1.79821
_16178_, 354.64, 182.24, 1.79821
_18013_, 354.64, 182.24, 1.79821
clkbuf_leaf_198_clk, 354.64, 182.24, 1.79821
hold877, 354.64, 182.24, 1.79821
hold886, 354.64, 182.24, 1.79821
FILLER_0_62_746, 354.64, 182.24, 1.79821
FILLER_0_64_772, 354.64, 182.24, 1.79821
_11333_, 367.44, 182.24, 1.79802
_16175_, 367.44, 182.24, 1.79802
_16176_, 367.44, 182.24, 1.79802
FILLER_0_62_785, 367.44, 182.24, 1.79802
hold671, 380.24, 182.24, 1.79783
FILLER_0_62_808, 380.24, 182.24, 1.79783
_16010_, 393.04, 182.24, 1.79764
_16129_, 393.04, 182.24, 1.79764
_16298_, 393.04, 182.24, 1.79764
_16299_, 393.04, 182.24, 1.79764
hold1061, 393.04, 182.24, 1.79764
FILLER_0_62_835, 393.04, 182.24, 1.79764
FILLER_0_63_837, 393.04, 182.24, 1.79764
FILLER_0_64_846, 393.04, 182.24, 1.79764
_17995_, 405.84, 182.24, 1.79745
clkbuf_leaf_195_clk, 405.84, 182.24, 1.79745
hold1017, 405.84, 182.24, 1.79745
FILLER_0_63_859, 405.84, 182.24, 1.79745
FILLER_0_64_877, 405.84, 182.24, 1.79745
_16005_, 418.64, 182.24, 1.79732
_17946_, 418.64, 182.24, 1.79732
_17947_, 418.64, 182.24, 1.79732
hold907, 418.64, 182.24, 1.79732
FILLER_0_62_889, 418.64, 182.24, 1.79732
FILLER_0_63_905, 418.64, 182.24, 1.79732
_10926_, 431.44, 182.24, 1.79719
_16081_, 431.44, 182.24, 1.79719
_16085_, 431.44, 182.24, 1.79719
_16170_, 431.44, 182.24, 1.79719
hold678, 431.44, 182.24, 1.79719
hold1149, 431.44, 182.24, 1.79719
FILLER_0_63_924, 431.44, 182.24, 1.79719
FILLER_0_64_934, 431.44, 182.24, 1.79719
_08471_, 444.24, 182.24, 1.79708
_10351_, 444.24, 182.24, 1.79708
_10352_, 444.24, 182.24, 1.79708
_10396_, 444.24, 182.24, 1.79708
_10642_, 444.24, 182.24, 1.79708
_12855_, 444.24, 182.24, 1.79708
FILLER_0_64_959, 444.24, 182.24, 1.79708
_10087_, 457.04, 182.24, 1.79697
_10508_, 457.04, 182.24, 1.79697
_10835_, 457.04, 182.24, 1.79697
_12769_, 457.04, 182.24, 1.79697
_13535_, 457.04, 182.24, 1.79697
_17032_, 457.04, 182.24, 1.79697
ANTENNA_110, 457.04, 182.24, 1.79697
FILLER_0_62_972, 457.04, 182.24, 1.79697
FILLER_0_63_969, 457.04, 182.24, 1.79697
FILLER_0_63_979, 457.04, 182.24, 1.79697
_10389_, 469.84, 182.24, 1.79688
_12852_, 469.84, 182.24, 1.79688
_12933_, 469.84, 182.24, 1.79688
FILLER_0_62_1009, 469.84, 182.24, 1.79688
FILLER_0_63_1005, 469.84, 182.24, 1.79688
_12850_, 495.44, 182.24, 1.79664
hold646, 495.44, 182.24, 1.79664
FILLER_0_63_1061, 495.44, 182.24, 1.79664
FILLER_0_63_1077, 495.44, 182.24, 1.79664
FILLER_0_64_1068, 495.44, 182.24, 1.79664
_10616_, 508.24, 182.24, 1.7965
_10863_, 508.24, 182.24, 1.7965
_16202_, 508.24, 182.24, 1.7965
clkbuf_leaf_159_clk, 508.24, 182.24, 1.7965
FILLER_0_63_1085, 508.24, 182.24, 1.7965
_10600_, 521.04, 182.24, 1.7964
_13531_, 521.04, 182.24, 1.7964
_16207_, 521.04, 182.24, 1.7964
_18023_, 521.04, 182.24, 1.7964
hold515, 521.04, 182.24, 1.7964
_08727_, 533.84, 182.24, 1.79631
_08800_, 533.84, 182.24, 1.79631
_08849_, 533.84, 182.24, 1.79631
_08850_, 533.84, 182.24, 1.79631
_08956_, 533.84, 182.24, 1.79631
_09009_, 533.84, 182.24, 1.79631
FILLER_0_62_1140, 533.84, 182.24, 1.79631
FILLER_0_63_1139, 533.84, 182.24, 1.79631
_08957_, 546.64, 182.24, 1.79623
FILLER_0_62_1171, 546.64, 182.24, 1.79623
FILLER_0_63_1189, 546.64, 182.24, 1.79623
_10875_, 559.44, 182.24, 1.79616
_13798_, 559.44, 182.24, 1.79616
_15788_, 559.44, 182.24, 1.79616
_17863_, 559.44, 182.24, 1.79616
_17864_, 559.44, 182.24, 1.79616
clkbuf_leaf_155_clk, 559.44, 182.24, 1.79616
FILLER_0_62_1196, 559.44, 182.24, 1.79616
FILLER_0_63_1210, 559.44, 182.24, 1.79616
FILLER_0_64_1208, 559.44, 182.24, 1.79616
_10820_, 572.24, 182.24, 1.79614
_10821_, 572.24, 182.24, 1.79614
_15712_, 572.24, 182.24, 1.79614
ANTENNA_101, 572.24, 182.24, 1.79614
FILLER_0_62_1229, 572.24, 182.24, 1.79614
_09006_, 585.04, 182.24, 1.79613
_09007_, 585.04, 182.24, 1.79613
FILLER_0_62_1253, 585.04, 182.24, 1.79613
FILLER_0_63_1269, 585.04, 182.24, 1.79613
FILLER_0_64_1269, 585.04, 182.24, 1.79613
_08840_, 597.84, 182.24, 1.79613
_08844_, 597.84, 182.24, 1.79613
_08899_, 597.84, 182.24, 1.79613
_10878_, 597.84, 182.24, 1.79613
ANTENNA_201, 597.84, 182.24, 1.79613
FILLER_0_63_1282, 597.84, 182.24, 1.79613
FILLER_0_64_1290, 597.84, 182.24, 1.79613
_08845_, 610.64, 182.24, 1.79612
_15920_, 610.64, 182.24, 1.79612
_17913_, 610.64, 182.24, 1.79612
hold984, 610.64, 182.24, 1.79612
FILLER_0_62_1309, 610.64, 182.24, 1.79612
FILLER_0_63_1306, 610.64, 182.24, 1.79612
FILLER_0_64_1317, 610.64, 182.24, 1.79612
_15589_, 623.44, 182.24, 1.79613
_15750_, 623.44, 182.24, 1.79613
_15751_, 623.44, 182.24, 1.79613
_15840_, 623.44, 182.24, 1.79613
_15919_, 623.44, 182.24, 1.79613
_17881_, 623.44, 182.24, 1.79613
clkbuf_leaf_153_clk, 623.44, 182.24, 1.79613
hold976, 623.44, 182.24, 1.79613
FILLER_0_62_1332, 623.44, 182.24, 1.79613
PHY_120, 5.52, 176.8, 1.7985
PHY_122, 5.52, 176.8, 1.7985
FILLER_0_61_51, 34.64, 176.8, 1.79855
FILLER_0_62_77, 34.64, 176.8, 1.79855
FILLER_0_61_105, 47.44, 176.8, 1.7986
FILLER_0_60_133, 73.04, 176.8, 1.79869
FILLER_0_61_161, 85.84, 176.8, 1.79874
FILLER_0_60_189, 98.64, 176.8, 1.79879
FILLER_0_61_217, 111.44, 176.8, 1.79884
FILLER_0_60_245, 124.24, 176.8, 1.79888
FILLER_0_61_273, 137.04, 176.8, 1.79893
FILLER_0_60_301, 149.84, 176.8, 1.79898
FILLER_0_61_329, 162.64, 176.8, 1.79903
_13894_, 188.24, 176.8, 1.799
_17355_, 188.24, 176.8, 1.799
FILLER_0_61_385, 188.24, 176.8, 1.799
FILLER_0_61_393, 188.24, 176.8, 1.799
FILLER_0_62_401, 188.24, 176.8, 1.799
_13805_, 201.04, 176.8, 1.79893
_17322_, 201.04, 176.8, 1.79893
_17371_, 201.04, 176.8, 1.79893
FILLER_0_60_421, 201.04, 176.8, 1.79893
_13928_, 213.84, 176.8, 1.79888
_13929_, 213.84, 176.8, 1.79888
_17370_, 213.84, 176.8, 1.79888
hold961, 213.84, 176.8, 1.79888
FILLER_0_61_458, 213.84, 176.8, 1.79888
_10469_, 226.64, 176.8, 1.79884
FILLER_0_60_469, 226.64, 176.8, 1.79884
FILLER_0_61_482, 226.64, 176.8, 1.79884
FILLER_0_62_493, 226.64, 176.8, 1.79884
_10461_, 239.44, 176.8, 1.7988
_10474_, 239.44, 176.8, 1.7988
FILLER_0_60_495, 239.44, 176.8, 1.7988
FILLER_0_60_508, 239.44, 176.8, 1.7988
FILLER_0_61_497, 239.44, 176.8, 1.7988
FILLER_0_62_521, 239.44, 176.8, 1.7988
_09074_, 252.24, 176.8, 1.79876
_09215_, 252.24, 176.8, 1.79876
_10441_, 252.24, 176.8, 1.79876
_10460_, 252.24, 176.8, 1.79876
_10759_, 252.24, 176.8, 1.79876
_11042_, 252.24, 176.8, 1.79876
FILLER_0_61_535, 252.24, 176.8, 1.79876
FILLER_0_61_550, 252.24, 176.8, 1.79876
_08494_, 265.04, 176.8, 1.79874
_10444_, 265.04, 176.8, 1.79874
_10485_, 265.04, 176.8, 1.79874
_10498_, 265.04, 176.8, 1.79874
_10937_, 265.04, 176.8, 1.79874
_10941_, 265.04, 176.8, 1.79874
_10942_, 265.04, 176.8, 1.79874
FILLER_0_60_563, 265.04, 176.8, 1.79874
FILLER_0_61_561, 265.04, 176.8, 1.79874
_09064_, 277.84, 176.8, 1.79872
_11507_, 277.84, 176.8, 1.79872
FILLER_0_60_583, 277.84, 176.8, 1.79872
FILLER_0_61_580, 277.84, 176.8, 1.79872
FILLER_0_61_605, 277.84, 176.8, 1.79872
FILLER_0_62_601, 277.84, 176.8, 1.79872
_11517_, 290.64, 176.8, 1.79871
_14666_, 290.64, 176.8, 1.79871
FILLER_0_61_613, 290.64, 176.8, 1.79871
FILLER_0_61_617, 290.64, 176.8, 1.79871
_10462_, 303.44, 176.8, 1.7987
_10468_, 303.44, 176.8, 1.7987
_10939_, 303.44, 176.8, 1.7987
_15271_, 303.44, 176.8, 1.7987
_15272_, 303.44, 176.8, 1.7987
FILLER_0_60_639, 303.44, 176.8, 1.7987
FILLER_0_61_638, 303.44, 176.8, 1.7987
FILLER_0_61_648, 303.44, 176.8, 1.7987
_10417_, 316.24, 176.8, 1.79869
_10418_, 316.24, 176.8, 1.79869
_10454_, 316.24, 176.8, 1.79869
_10479_, 316.24, 176.8, 1.79869
_10752_, 316.24, 176.8, 1.79869
_10930_, 316.24, 176.8, 1.79869
ANTENNA_204, 316.24, 176.8, 1.79869
FILLER_0_60_666, 316.24, 176.8, 1.79869
FILLER_0_61_665, 316.24, 176.8, 1.79869
FILLER_0_61_684, 316.24, 176.8, 1.79869
_16088_, 341.84, 176.8, 1.79849
_16089_, 341.84, 176.8, 1.79849
_17745_, 341.84, 176.8, 1.79849
FILLER_0_60_726, 341.84, 176.8, 1.79849
FILLER_0_61_721, 341.84, 176.8, 1.79849
_15479_, 354.64, 176.8, 1.79828
_16177_, 354.64, 176.8, 1.79828
_18012_, 354.64, 176.8, 1.79828
hold506, 354.64, 176.8, 1.79828
FILLER_0_61_753, 354.64, 176.8, 1.79828
FILLER_0_61_765, 354.64, 176.8, 1.79828
_09377_, 367.44, 176.8, 1.79809
_16086_, 367.44, 176.8, 1.79809
_16087_, 367.44, 176.8, 1.79809
_17980_, 367.44, 176.8, 1.79809
hold673, 367.44, 176.8, 1.79809
FILLER_0_60_779, 367.44, 176.8, 1.79809
FILLER_0_61_793, 367.44, 176.8, 1.79809
_16009_, 380.24, 176.8, 1.7979
_17948_, 380.24, 176.8, 1.7979
hold623, 380.24, 176.8, 1.7979
FILLER_0_60_803, 380.24, 176.8, 1.7979
FILLER_0_60_813, 380.24, 176.8, 1.7979
FILLER_0_61_806, 380.24, 176.8, 1.7979
_09395_, 393.04, 176.8, 1.79772
_18059_, 393.04, 176.8, 1.79772
FILLER_0_61_831, 393.04, 176.8, 1.79772
_16083_, 405.84, 176.8, 1.79755
_16171_, 405.84, 176.8, 1.79755
_16172_, 405.84, 176.8, 1.79755
_17978_, 405.84, 176.8, 1.79755
_18010_, 405.84, 176.8, 1.79755
FILLER_0_60_859, 405.84, 176.8, 1.79755
FILLER_0_60_865, 405.84, 176.8, 1.79755
_16004_, 418.64, 176.8, 1.7974
_16173_, 418.64, 176.8, 1.7974
_18011_, 418.64, 176.8, 1.7974
hold553, 418.64, 176.8, 1.7974
_08489_, 431.44, 176.8, 1.79725
_16084_, 431.44, 176.8, 1.79725
_16174_, 431.44, 176.8, 1.79725
_17979_, 431.44, 176.8, 1.79725
hold788, 431.44, 176.8, 1.79725
FILLER_0_60_915, 431.44, 176.8, 1.79725
_08379_, 444.24, 176.8, 1.79712
_08380_, 444.24, 176.8, 1.79712
_08461_, 444.24, 176.8, 1.79712
_08507_, 444.24, 176.8, 1.79712
_08531_, 444.24, 176.8, 1.79712
_10404_, 444.24, 176.8, 1.79712
_10567_, 444.24, 176.8, 1.79712
FILLER_0_61_941, 444.24, 176.8, 1.79712
FILLER_0_62_955, 444.24, 176.8, 1.79712
_08452_, 457.04, 176.8, 1.797
_08647_, 457.04, 176.8, 1.797
_10086_, 457.04, 176.8, 1.797
_10845_, 457.04, 176.8, 1.797
_11404_, 457.04, 176.8, 1.797
_12005_, 457.04, 176.8, 1.797
_16211_, 457.04, 176.8, 1.797
FILLER_0_61_976, 457.04, 176.8, 1.797
_13534_, 469.84, 176.8, 1.79689
_17224_, 469.84, 176.8, 1.79689
_17636_, 469.84, 176.8, 1.79689
FILLER_0_61_1004, 469.84, 176.8, 1.79689
FILLER_0_61_1009, 469.84, 176.8, 1.79689
FILLER_0_61_1022, 469.84, 176.8, 1.79689
_10070_, 495.44, 176.8, 1.79669
_13528_, 495.44, 176.8, 1.79669
_15329_, 495.44, 176.8, 1.79669
_15339_, 495.44, 176.8, 1.79669
_17222_, 495.44, 176.8, 1.79669
FILLER_0_60_1065, 495.44, 176.8, 1.79669
FILLER_0_62_1069, 495.44, 176.8, 1.79669
_13525_, 508.24, 176.8, 1.79659
_13527_, 508.24, 176.8, 1.79659
_13530_, 508.24, 176.8, 1.79659
_17223_, 508.24, 176.8, 1.79659
FILLER_0_61_1089, 508.24, 176.8, 1.79659
FILLER_0_61_1100, 508.24, 176.8, 1.79659
_10076_, 521.04, 176.8, 1.7965
_10077_, 521.04, 176.8, 1.7965
_16201_, 521.04, 176.8, 1.7965
hold881, 521.04, 176.8, 1.7965
FILLER_0_60_1110, 521.04, 176.8, 1.7965
FILLER_0_61_1133, 521.04, 176.8, 1.7965
FILLER_0_62_1131, 521.04, 176.8, 1.7965
_08902_, 533.84, 176.8, 1.79642
_09010_, 533.84, 176.8, 1.79642
_15330_, 533.84, 176.8, 1.79642
clkbuf_leaf_158_clk, 533.84, 176.8, 1.79642
FILLER_0_60_1145, 533.84, 176.8, 1.79642
FILLER_0_62_1149, 533.84, 176.8, 1.79642
_10069_, 546.64, 176.8, 1.79638
_10085_, 546.64, 176.8, 1.79638
_14542_, 546.64, 176.8, 1.79638
_15328_, 546.64, 176.8, 1.79638
_15338_, 546.64, 176.8, 1.79638
hold915, 546.64, 176.8, 1.79638
hold1027, 546.64, 176.8, 1.79638
FILLER_0_61_1173, 546.64, 176.8, 1.79638
FILLER_0_62_1181, 546.64, 176.8, 1.79638
_14556_, 559.44, 176.8, 1.79634
_15462_, 559.44, 176.8, 1.79634
_15706_, 559.44, 176.8, 1.79634
_15707_, 559.44, 176.8, 1.79634
_15713_, 559.44, 176.8, 1.79634
_15791_, 559.44, 176.8, 1.79634
_16121_, 559.44, 176.8, 1.79634
_17833_, 559.44, 176.8, 1.79634
FILLER_0_60_1197, 559.44, 176.8, 1.79634
FILLER_0_61_1191, 559.44, 176.8, 1.79634
FILLER_0_62_1209, 559.44, 176.8, 1.79634
hold379, 572.24, 176.8, 1.79632
hold822, 572.24, 176.8, 1.79632
FILLER_0_61_1241, 572.24, 176.8, 1.79632
_09003_, 585.04, 176.8, 1.7963
_09005_, 585.04, 176.8, 1.7963
FILLER_0_60_1253, 585.04, 176.8, 1.7963
_08838_, 597.84, 176.8, 1.79628
_10877_, 597.84, 176.8, 1.79628
FILLER_0_61_1289, 597.84, 176.8, 1.79628
_15744_, 610.64, 176.8, 1.79626
_15745_, 610.64, 176.8, 1.79626
_15921_, 610.64, 176.8, 1.79626
FILLER_0_60_1310, 610.64, 176.8, 1.79626
FILLER_0_61_1317, 610.64, 176.8, 1.79626
_15909_, 623.44, 176.8, 1.79625
_15911_, 623.44, 176.8, 1.79625
hold512, 623.44, 176.8, 1.79625
FILLER_0_60_1333, 623.44, 176.8, 1.79625
PHY_116, 5.52, 171.36, 1.79847
PHY_118, 5.52, 171.36, 1.79847
FILLER_0_59_51, 34.64, 171.36, 1.7985
FILLER_0_60_77, 34.64, 171.36, 1.7985
FILLER_0_59_105, 47.44, 171.36, 1.79854
FILLER_0_58_133, 73.04, 171.36, 1.79861
FILLER_0_59_161, 85.84, 171.36, 1.79865
FILLER_0_58_189, 98.64, 171.36, 1.79868
FILLER_0_59_217, 111.44, 171.36, 1.79872
FILLER_0_58_245, 124.24, 171.36, 1.79875
FILLER_0_59_273, 137.04, 171.36, 1.79879
FILLER_0_58_301, 149.84, 171.36, 1.79883
FILLER_0_59_329, 162.64, 171.36, 1.79886
_13895_, 188.24, 171.36, 1.79875
FILLER_0_58_389, 188.24, 171.36, 1.79875
FILLER_0_58_397, 188.24, 171.36, 1.79875
FILLER_0_59_385, 188.24, 171.36, 1.79875
FILLER_0_60_401, 188.24, 171.36, 1.79875
_17281_, 201.04, 171.36, 1.79861
clkbuf_5_0__f_clk, 201.04, 171.36, 1.79861
FILLER_0_59_417, 201.04, 171.36, 1.79861
FILLER_0_59_437, 201.04, 171.36, 1.79861
FILLER_0_60_434, 201.04, 171.36, 1.79861
_11496_, 213.84, 171.36, 1.79854
_13930_, 213.84, 171.36, 1.79854
_10436_, 226.64, 171.36, 1.79847
_10465_, 226.64, 171.36, 1.79847
_11497_, 226.64, 171.36, 1.79847
_11498_, 226.64, 171.36, 1.79847
_11499_, 226.64, 171.36, 1.79847
_11500_, 226.64, 171.36, 1.79847
FILLER_0_59_488, 226.64, 171.36, 1.79847
_10431_, 239.44, 171.36, 1.79841
_10432_, 239.44, 171.36, 1.79841
_10449_, 239.44, 171.36, 1.79841
_10491_, 239.44, 171.36, 1.79841
_11515_, 239.44, 171.36, 1.79841
_11516_, 239.44, 171.36, 1.79841
ANTENNA_89, 239.44, 171.36, 1.79841
FILLER_0_59_495, 239.44, 171.36, 1.79841
FILLER_0_59_505, 239.44, 171.36, 1.79841
_08417_, 252.24, 171.36, 1.79837
_08418_, 252.24, 171.36, 1.79837
_08931_, 252.24, 171.36, 1.79837
_10761_, 252.24, 171.36, 1.79837
_12744_, 252.24, 171.36, 1.79837
FILLER_0_59_524, 252.24, 171.36, 1.79837
FILLER_0_59_538, 252.24, 171.36, 1.79837
FILLER_0_59_545, 252.24, 171.36, 1.79837
FILLER_0_60_537, 252.24, 171.36, 1.79837
_08369_, 265.04, 171.36, 1.79833
_10464_, 265.04, 171.36, 1.79833
_10492_, 265.04, 171.36, 1.79833
_11505_, 265.04, 171.36, 1.79833
_11506_, 265.04, 171.36, 1.79833
FILLER_0_58_554, 265.04, 171.36, 1.79833
FILLER_0_58_560, 265.04, 171.36, 1.79833
FILLER_0_59_553, 265.04, 171.36, 1.79833
FILLER_0_59_561, 265.04, 171.36, 1.79833
_11291_, 277.84, 171.36, 1.7983
_11508_, 277.84, 171.36, 1.7983
_11511_, 277.84, 171.36, 1.7983
clkbuf_5_4__f_clk, 277.84, 171.36, 1.7983
hold917, 277.84, 171.36, 1.7983
FILLER_0_59_583, 277.84, 171.36, 1.7983
_09348_, 290.64, 171.36, 1.79833
_11302_, 290.64, 171.36, 1.79833
_11303_, 290.64, 171.36, 1.79833
_11510_, 290.64, 171.36, 1.79833
_11518_, 290.64, 171.36, 1.79833
FILLER_0_59_617, 290.64, 171.36, 1.79833
_14660_, 303.44, 171.36, 1.79838
_15264_, 303.44, 171.36, 1.79838
_15274_, 303.44, 171.36, 1.79838
_17665_, 303.44, 171.36, 1.79838
FILLER_0_58_635, 303.44, 171.36, 1.79838
FILLER_0_59_660, 303.44, 171.36, 1.79838
_13552_, 316.24, 171.36, 1.79844
_15355_, 316.24, 171.36, 1.79844
_15364_, 316.24, 171.36, 1.79844
_15365_, 316.24, 171.36, 1.79844
_17697_, 316.24, 171.36, 1.79844
FILLER_0_60_685, 316.24, 171.36, 1.79844
_11473_, 341.84, 171.36, 1.79831
_15488_, 341.84, 171.36, 1.79831
_15489_, 341.84, 171.36, 1.79831
FILLER_0_59_725, 341.84, 171.36, 1.79831
FILLER_0_59_729, 341.84, 171.36, 1.79831
_09381_, 354.64, 171.36, 1.79812
_10668_, 354.64, 171.36, 1.79812
_15653_, 354.64, 171.36, 1.79812
_15654_, 354.64, 171.36, 1.79812
hold716, 354.64, 171.36, 1.79812
FILLER_0_58_749, 354.64, 171.36, 1.79812
FILLER_0_59_761, 354.64, 171.36, 1.79812
FILLER_0_60_771, 354.64, 171.36, 1.79812
_09375_, 367.44, 171.36, 1.79793
_09386_, 367.44, 171.36, 1.79793
_15566_, 367.44, 171.36, 1.79793
_17777_, 367.44, 171.36, 1.79793
FILLER_0_59_773, 367.44, 171.36, 1.79793
FILLER_0_59_785, 367.44, 171.36, 1.79793
FILLER_0_59_792, 367.44, 171.36, 1.79793
_11481_, 380.24, 171.36, 1.79775
_11482_, 380.24, 171.36, 1.79775
_11495_, 380.24, 171.36, 1.79775
_15558_, 380.24, 171.36, 1.79775
_15565_, 380.24, 171.36, 1.79775
hold1054, 380.24, 171.36, 1.79775
_08495_, 393.04, 171.36, 1.79758
_08535_, 393.04, 171.36, 1.79758
_09394_, 393.04, 171.36, 1.79758
_11206_, 393.04, 171.36, 1.79758
_11494_, 393.04, 171.36, 1.79758
FILLER_0_58_842, 393.04, 171.36, 1.79758
FILLER_0_59_833, 393.04, 171.36, 1.79758
_10660_, 405.84, 171.36, 1.79742
_11488_, 405.84, 171.36, 1.79742
_16082_, 405.84, 171.36, 1.79742
FILLER_0_58_865, 405.84, 171.36, 1.79742
FILLER_0_58_869, 405.84, 171.36, 1.79742
FILLER_0_59_865, 405.84, 171.36, 1.79742
_09403_, 418.64, 171.36, 1.79726
_15616_, 418.64, 171.36, 1.79726
_17793_, 418.64, 171.36, 1.79726
FILLER_0_59_889, 418.64, 171.36, 1.79726
FILLER_0_60_901, 418.64, 171.36, 1.79726
FILLER_0_60_909, 418.64, 171.36, 1.79726
_08365_, 431.44, 171.36, 1.79711
_08490_, 431.44, 171.36, 1.79711
_08500_, 431.44, 171.36, 1.79711
_08539_, 431.44, 171.36, 1.79711
_08555_, 431.44, 171.36, 1.79711
_10695_, 431.44, 171.36, 1.79711
_15606_, 431.44, 171.36, 1.79711
FILLER_0_59_913, 431.44, 171.36, 1.79711
_08364_, 444.24, 171.36, 1.79698
_08385_, 444.24, 171.36, 1.79698
_08386_, 444.24, 171.36, 1.79698
_08518_, 444.24, 171.36, 1.79698
_08547_, 444.24, 171.36, 1.79698
_10718_, 444.24, 171.36, 1.79698
_10844_, 457.04, 171.36, 1.79686
_11396_, 457.04, 171.36, 1.79686
_11403_, 457.04, 171.36, 1.79686
clkbuf_leaf_193_clk, 457.04, 171.36, 1.79686
hold988, 457.04, 171.36, 1.79686
FILLER_0_59_971, 457.04, 171.36, 1.79686
_10081_, 469.84, 171.36, 1.7968
_10082_, 469.84, 171.36, 1.7968
_12001_, 469.84, 171.36, 1.7968
_12766_, 469.84, 171.36, 1.7968
_14642_, 469.84, 171.36, 1.7968
_16208_, 469.84, 171.36, 1.7968
_17526_, 469.84, 171.36, 1.7968
FILLER_0_59_1013, 469.84, 171.36, 1.7968
FILLER_0_60_1018, 469.84, 171.36, 1.7968
_12759_, 495.44, 171.36, 1.79665
_12763_, 495.44, 171.36, 1.79665
_15337_, 495.44, 171.36, 1.79665
_17688_, 495.44, 171.36, 1.79665
hold1044, 495.44, 171.36, 1.79665
FILLER_0_59_1056, 495.44, 171.36, 1.79665
_10071_, 508.24, 171.36, 1.79657
_11997_, 508.24, 171.36, 1.79657
_13529_, 508.24, 171.36, 1.79657
_15250_, 508.24, 171.36, 1.79657
hold792, 508.24, 171.36, 1.79657
FILLER_0_58_1084, 508.24, 171.36, 1.79657
FILLER_0_59_1088, 508.24, 171.36, 1.79657
FILLER_0_59_1096, 508.24, 171.36, 1.79657
_14644_, 521.04, 171.36, 1.79649
_15331_, 521.04, 171.36, 1.79649
_16205_, 521.04, 171.36, 1.79649
_17523_, 521.04, 171.36, 1.79649
_17686_, 521.04, 171.36, 1.79649
hold921, 521.04, 171.36, 1.79649
FILLER_0_58_1112, 521.04, 171.36, 1.79649
FILLER_0_59_1115, 521.04, 171.36, 1.79649
FILLER_0_59_1130, 521.04, 171.36, 1.79649
FILLER_0_60_1127, 521.04, 171.36, 1.79649
_15333_, 533.84, 171.36, 1.79642
_15334_, 533.84, 171.36, 1.79642
_17687_, 533.84, 171.36, 1.79642
FILLER_0_60_1149, 533.84, 171.36, 1.79642
_10075_, 546.64, 171.36, 1.79637
_13785_, 546.64, 171.36, 1.79637
_13790_, 546.64, 171.36, 1.79637
_14551_, 546.64, 171.36, 1.79637
_14555_, 546.64, 171.36, 1.79637
_15332_, 546.64, 171.36, 1.79637
_15452_, 546.64, 171.36, 1.79637
_16111_, 546.64, 171.36, 1.79637
_16115_, 546.64, 171.36, 1.79637
FILLER_0_59_1170, 546.64, 171.36, 1.79637
_15456_, 559.44, 171.36, 1.79633
_15786_, 559.44, 171.36, 1.79633
_17830_, 559.44, 171.36, 1.79633
FILLER_0_58_1201, 559.44, 171.36, 1.79633
FILLER_0_59_1216, 559.44, 171.36, 1.79633
_15705_, 572.24, 171.36, 1.7963
_15792_, 572.24, 171.36, 1.7963
_15965_, 572.24, 171.36, 1.7963
_17929_, 572.24, 171.36, 1.7963
FILLER_0_59_1226, 572.24, 171.36, 1.7963
_15877_, 585.04, 171.36, 1.79627
hold472, 585.04, 171.36, 1.79627
hold541, 585.04, 171.36, 1.79627
FILLER_0_58_1248, 585.04, 171.36, 1.79627
FILLER_0_59_1260, 585.04, 171.36, 1.79627
FILLER_0_60_1273, 585.04, 171.36, 1.79627
_08843_, 597.84, 171.36, 1.79625
_10876_, 610.64, 171.36, 1.79623
_17846_, 610.64, 171.36, 1.79623
FILLER_0_58_1307, 610.64, 171.36, 1.79623
_15667_, 623.44, 171.36, 1.79621
_15668_, 623.44, 171.36, 1.79621
_15912_, 623.44, 171.36, 1.79621
_17814_, 623.44, 171.36, 1.79621
_17910_, 623.44, 171.36, 1.79621
hold614, 623.44, 171.36, 1.79621
FILLER_0_58_1331, 623.44, 171.36, 1.79621
FILLER_0_60_1350, 623.44, 171.36, 1.79621
PHY_112, 5.52, 165.92, 1.79843
PHY_114, 5.52, 165.92, 1.79843
FILLER_0_57_51, 34.64, 165.92, 1.79846
FILLER_0_58_77, 34.64, 165.92, 1.79846
FILLER_0_57_105, 47.44, 165.92, 1.79849
FILLER_0_56_133, 73.04, 165.92, 1.79855
FILLER_0_57_161, 85.84, 165.92, 1.79858
FILLER_0_56_189, 98.64, 165.92, 1.79862
FILLER_0_57_217, 111.44, 165.92, 1.79865
FILLER_0_56_245, 124.24, 165.92, 1.79868
FILLER_0_57_273, 137.04, 165.92, 1.79871
FILLER_0_56_301, 149.84, 165.92, 1.79874
FILLER_0_57_329, 162.64, 165.92, 1.79877
clkbuf_leaf_214_clk, 188.24, 165.92, 1.79867
FILLER_0_57_385, 188.24, 165.92, 1.79867
_13691_, 201.04, 165.92, 1.79859
_17470_, 201.04, 165.92, 1.79859
FILLER_0_56_413, 201.04, 165.92, 1.79859
FILLER_0_57_417, 201.04, 165.92, 1.79859
FILLER_0_57_426, 201.04, 165.92, 1.79859
_12796_, 213.84, 165.92, 1.79851
_17009_, 213.84, 165.92, 1.79851
FILLER_0_56_448, 213.84, 165.92, 1.79851
FILLER_0_58_465, 213.84, 165.92, 1.79851
_11514_, 226.64, 165.92, 1.79844
hold1166, 226.64, 165.92, 1.79844
hold1167, 226.64, 165.92, 1.79844
FILLER_0_56_477, 226.64, 165.92, 1.79844
FILLER_0_58_486, 226.64, 165.92, 1.79844
_11512_, 239.44, 165.92, 1.79837
_11513_, 239.44, 165.92, 1.79837
_16993_, 239.44, 165.92, 1.79837
_17502_, 239.44, 165.92, 1.79837
FILLER_0_57_499, 239.44, 165.92, 1.79837
_12743_, 252.24, 165.92, 1.79832
_14527_, 252.24, 165.92, 1.79832
_17486_, 252.24, 165.92, 1.79832
hold595, 252.24, 165.92, 1.79832
hold784, 252.24, 165.92, 1.79832
FILLER_0_57_535, 252.24, 165.92, 1.79832
FILLER_0_57_545, 252.24, 165.92, 1.79832
_08370_, 265.04, 165.92, 1.79828
_08398_, 265.04, 165.92, 1.79828
_08412_, 265.04, 165.92, 1.79828
_12734_, 265.04, 165.92, 1.79828
_14668_, 265.04, 165.92, 1.79828
_17534_, 265.04, 165.92, 1.79828
clkbuf_leaf_218_clk, 265.04, 165.92, 1.79828
hold1016, 265.04, 165.92, 1.79828
FILLER_0_57_574, 265.04, 165.92, 1.79828
_11509_, 277.84, 165.92, 1.79829
_14667_, 277.84, 165.92, 1.79829
FILLER_0_56_582, 277.84, 165.92, 1.79829
FILLER_0_56_589, 277.84, 165.92, 1.79829
FILLER_0_57_590, 277.84, 165.92, 1.79829
_14665_, 290.64, 165.92, 1.79831
hold624, 290.64, 165.92, 1.79831
FILLER_0_57_617, 290.64, 165.92, 1.79831
_15273_, 303.44, 165.92, 1.79833
FILLER_0_56_637, 303.44, 165.92, 1.79833
FILLER_0_56_645, 303.44, 165.92, 1.79833
FILLER_0_57_641, 303.44, 165.92, 1.79833
_11130_, 316.24, 165.92, 1.79835
_11142_, 316.24, 165.92, 1.79835
_17761_, 316.24, 165.92, 1.79835
FILLER_0_57_668, 316.24, 165.92, 1.79835
_09561_, 341.84, 165.92, 1.79819
FILLER_0_56_729, 341.84, 165.92, 1.79819
FILLER_0_57_720, 341.84, 165.92, 1.79819
_09387_, 354.64, 165.92, 1.798
_09563_, 354.64, 165.92, 1.798
_11144_, 354.64, 165.92, 1.798
_17809_, 354.64, 165.92, 1.798
FILLER_0_56_757, 354.64, 165.92, 1.798
FILLER_0_57_750, 354.64, 165.92, 1.798
FILLER_0_57_769, 354.64, 165.92, 1.798
_09380_, 367.44, 165.92, 1.79784
_09562_, 367.44, 165.92, 1.79784
_10708_, 367.44, 165.92, 1.79784
_15646_, 367.44, 165.92, 1.79784
FILLER_0_56_773, 367.44, 165.92, 1.79784
FILLER_0_56_782, 367.44, 165.92, 1.79784
FILLER_0_58_789, 367.44, 165.92, 1.79784
FILLER_0_58_799, 367.44, 165.92, 1.79784
_10711_, 380.24, 165.92, 1.79768
_11118_, 380.24, 165.92, 1.79768
_11277_, 380.24, 165.92, 1.79768
_15520_, 380.24, 165.92, 1.79768
FILLER_0_57_817, 380.24, 165.92, 1.79768
FILLER_0_57_825, 380.24, 165.92, 1.79768
FILLER_0_58_818, 380.24, 165.92, 1.79768
_11207_, 393.04, 165.92, 1.79753
_11219_, 393.04, 165.92, 1.79753
_11220_, 393.04, 165.92, 1.79753
_11276_, 393.04, 165.92, 1.79753
FILLER_0_56_838, 393.04, 165.92, 1.79753
FILLER_0_57_833, 393.04, 165.92, 1.79753
FILLER_0_57_853, 393.04, 165.92, 1.79753
_09398_, 405.84, 165.92, 1.79739
_09399_, 405.84, 165.92, 1.79739
_10661_, 405.84, 165.92, 1.79739
_11213_, 405.84, 165.92, 1.79739
_11487_, 405.84, 165.92, 1.79739
_15731_, 405.84, 165.92, 1.79739
FILLER_0_57_861, 405.84, 165.92, 1.79739
FILLER_0_58_884, 405.84, 165.92, 1.79739
_09400_, 418.64, 165.92, 1.79725
_10500_, 418.64, 165.92, 1.79725
_11270_, 418.64, 165.92, 1.79725
_15615_, 418.64, 165.92, 1.79725
_15723_, 418.64, 165.92, 1.79725
FILLER_0_56_886, 418.64, 165.92, 1.79725
FILLER_0_58_910, 418.64, 165.92, 1.79725
_08355_, 431.44, 165.92, 1.79712
_08356_, 431.44, 165.92, 1.79712
_08363_, 431.44, 165.92, 1.79712
_08390_, 431.44, 165.92, 1.79712
_08403_, 431.44, 165.92, 1.79712
_08438_, 431.44, 165.92, 1.79712
_08456_, 431.44, 165.92, 1.79712
_08509_, 431.44, 165.92, 1.79712
_08510_, 431.44, 165.92, 1.79712
_08514_, 431.44, 165.92, 1.79712
FILLER_0_57_927, 431.44, 165.92, 1.79712
FILLER_0_58_929, 431.44, 165.92, 1.79712
_08391_, 444.24, 165.92, 1.79701
_08406_, 444.24, 165.92, 1.79701
_10376_, 444.24, 165.92, 1.79701
_10378_, 444.24, 165.92, 1.79701
_15253_, 444.24, 165.92, 1.79701
_15254_, 444.24, 165.92, 1.79701
_17657_, 444.24, 165.92, 1.79701
FILLER_0_56_946, 444.24, 165.92, 1.79701
FILLER_0_57_948, 444.24, 165.92, 1.79701
_10834_, 457.04, 165.92, 1.79692
_15246_, 457.04, 165.92, 1.79692
FILLER_0_57_988, 457.04, 165.92, 1.79692
FILLER_0_58_995, 457.04, 165.92, 1.79692
_13532_, 469.84, 165.92, 1.79682
_14650_, 469.84, 165.92, 1.79682
_16454_, 469.84, 165.92, 1.79682
_18125_, 469.84, 165.92, 1.79682
hold755, 469.84, 165.92, 1.79682
FILLER_0_56_999, 469.84, 165.92, 1.79682
FILLER_0_57_1012, 469.84, 165.92, 1.79682
FILLER_0_58_1018, 469.84, 165.92, 1.79682
_15336_, 495.44, 165.92, 1.79664
_17655_, 495.44, 165.92, 1.79664
FILLER_0_57_1061, 495.44, 165.92, 1.79664
FILLER_0_57_1074, 495.44, 165.92, 1.79664
FILLER_0_58_1075, 495.44, 165.92, 1.79664
_14645_, 508.24, 165.92, 1.79656
_14646_, 508.24, 165.92, 1.79656
_15249_, 508.24, 165.92, 1.79656
_17524_, 508.24, 165.92, 1.79656
FILLER_0_57_1094, 508.24, 165.92, 1.79656
_14643_, 521.04, 165.92, 1.79648
hold456, 521.04, 165.92, 1.79648
FILLER_0_57_1116, 521.04, 165.92, 1.79648
_10080_, 533.84, 165.92, 1.7964
_13794_, 533.84, 165.92, 1.7964
hold865, 533.84, 165.92, 1.7964
FILLER_0_56_1145, 533.84, 165.92, 1.7964
FILLER_0_57_1142, 533.84, 165.92, 1.7964
FILLER_0_58_1159, 533.84, 165.92, 1.7964
_14547_, 546.64, 165.92, 1.79632
_14552_, 546.64, 165.92, 1.79632
_15335_, 546.64, 165.92, 1.79632
_16118_, 546.64, 165.92, 1.79632
_17577_, 546.64, 165.92, 1.79632
FILLER_0_56_1171, 546.64, 165.92, 1.79632
FILLER_0_57_1187, 546.64, 165.92, 1.79632
_14543_, 559.44, 165.92, 1.79626
_15782_, 559.44, 165.92, 1.79626
_17831_, 559.44, 165.92, 1.79626
FILLER_0_56_1193, 559.44, 165.92, 1.79626
FILLER_0_56_1201, 559.44, 165.92, 1.79626
FILLER_0_57_1206, 559.44, 165.92, 1.79626
FILLER_0_58_1209, 559.44, 165.92, 1.79626
_15708_, 572.24, 165.92, 1.79621
_15710_, 572.24, 165.92, 1.79621
_15964_, 572.24, 165.92, 1.79621
hold789, 572.24, 165.92, 1.79621
FILLER_0_57_1241, 572.24, 165.92, 1.79621
FILLER_0_58_1234, 572.24, 165.92, 1.79621
_08837_, 585.04, 165.92, 1.79615
_15878_, 585.04, 165.92, 1.79615
_15959_, 585.04, 165.92, 1.79615
_17897_, 585.04, 165.92, 1.79615
_17926_, 585.04, 165.92, 1.79615
clkbuf_leaf_163_clk, 585.04, 165.92, 1.79615
FILLER_0_56_1254, 585.04, 165.92, 1.79615
_08841_, 597.84, 165.92, 1.79615
_08842_, 597.84, 165.92, 1.79615
_17894_, 597.84, 165.92, 1.79615
hold382, 597.84, 165.92, 1.79615
hold421, 597.84, 165.92, 1.79615
FILLER_0_58_1289, 597.84, 165.92, 1.79615
_15579_, 610.64, 165.92, 1.79616
_15586_, 610.64, 165.92, 1.79616
_15870_, 610.64, 165.92, 1.79616
_15916_, 610.64, 165.92, 1.79616
FILLER_0_56_1309, 610.64, 165.92, 1.79616
FILLER_0_57_1313, 610.64, 165.92, 1.79616
FILLER_0_58_1317, 610.64, 165.92, 1.79616
FILLER_0_58_1325, 610.64, 165.92, 1.79616
_15583_, 623.44, 165.92, 1.79618
_15834_, 623.44, 165.92, 1.79618
_15913_, 623.44, 165.92, 1.79618
_17878_, 623.44, 165.92, 1.79618
hold785, 623.44, 165.92, 1.79618
FILLER_0_57_1335, 623.44, 165.92, 1.79618
FILLER_0_57_1348, 623.44, 165.92, 1.79618
PHY_108, 5.52, 160.48, 1.79839
PHY_110, 5.52, 160.48, 1.79839
input2, 5.52, 160.48, 1.79839
FILLER_0_55_53, 34.64, 160.48, 1.79842
FILLER_0_56_77, 34.64, 160.48, 1.79842
FILLER_0_55_105, 47.44, 160.48, 1.79845
FILLER_0_54_133, 73.04, 160.48, 1.7985
FILLER_0_55_161, 85.84, 160.48, 1.79853
FILLER_0_54_189, 98.64, 160.48, 1.79855
FILLER_0_55_217, 111.44, 160.48, 1.79858
FILLER_0_54_245, 124.24, 160.48, 1.7986
FILLER_0_55_273, 137.04, 160.48, 1.79863
FILLER_0_54_301, 149.84, 160.48, 1.79866
FILLER_0_55_329, 162.64, 160.48, 1.79868
FILLER_0_54_389, 188.24, 160.48, 1.79861
FILLER_0_54_397, 188.24, 160.48, 1.79861
FILLER_0_55_385, 188.24, 160.48, 1.79861
_13690_, 201.04, 160.48, 1.79851
_13871_, 201.04, 160.48, 1.79851
_14489_, 201.04, 160.48, 1.79851
FILLER_0_54_421, 201.04, 160.48, 1.79851
_17601_, 213.84, 160.48, 1.79842
clkbuf_leaf_215_clk, 213.84, 160.48, 1.79842
FILLER_0_54_443, 213.84, 160.48, 1.79842
FILLER_0_55_441, 213.84, 160.48, 1.79842
_12042_, 226.64, 160.48, 1.79838
_15022_, 226.64, 160.48, 1.79838
_15023_, 226.64, 160.48, 1.79838
_16717_, 226.64, 160.48, 1.79838
FILLER_0_54_470, 226.64, 160.48, 1.79838
_12028_, 239.44, 160.48, 1.79834
_14589_, 239.44, 160.48, 1.79834
hold848, 239.44, 160.48, 1.79834
ANTENNA_106, 239.44, 160.48, 1.79834
_09356_, 252.24, 160.48, 1.79831
_09550_, 252.24, 160.48, 1.79831
_14526_, 252.24, 160.48, 1.79831
ANTENNA_214, 252.24, 160.48, 1.79831
FILLER_0_54_527, 252.24, 160.48, 1.79831
FILLER_0_54_533, 252.24, 160.48, 1.79831
FILLER_0_55_533, 252.24, 160.48, 1.79831
FILLER_0_55_540, 252.24, 160.48, 1.79831
_10451_, 265.04, 160.48, 1.79827
_11501_, 265.04, 160.48, 1.79827
_11502_, 265.04, 160.48, 1.79827
_14578_, 265.04, 160.48, 1.79827
FILLER_0_55_556, 265.04, 160.48, 1.79827
FILLER_0_55_576, 265.04, 160.48, 1.79827
_14629_, 277.84, 160.48, 1.79824
_14630_, 277.84, 160.48, 1.79824
_17518_, 277.84, 160.48, 1.79824
_17585_, 277.84, 160.48, 1.79824
hold754, 277.84, 160.48, 1.79824
FILLER_0_54_581, 277.84, 160.48, 1.79824
_09542_, 290.64, 160.48, 1.79823
_09543_, 290.64, 160.48, 1.79823
_14985_, 290.64, 160.48, 1.79823
_14986_, 290.64, 160.48, 1.79823
FILLER_0_54_613, 290.64, 160.48, 1.79823
FILLER_0_55_611, 290.64, 160.48, 1.79823
FILLER_0_55_626, 290.64, 160.48, 1.79823
_09333_, 303.44, 160.48, 1.79822
_09334_, 303.44, 160.48, 1.79822
_09336_, 303.44, 160.48, 1.79822
_09337_, 303.44, 160.48, 1.79822
_09339_, 303.44, 160.48, 1.79822
_14621_, 303.44, 160.48, 1.79822
FILLER_0_54_641, 303.44, 160.48, 1.79822
FILLER_0_54_645, 303.44, 160.48, 1.79822
FILLER_0_56_657, 303.44, 160.48, 1.79822
_10421_, 316.24, 160.48, 1.79821
_11143_, 316.24, 160.48, 1.79821
_13830_, 316.24, 160.48, 1.79821
_14978_, 316.24, 160.48, 1.79821
_15306_, 316.24, 160.48, 1.79821
_15529_, 316.24, 160.48, 1.79821
hold1091, 316.24, 160.48, 1.79821
FILLER_0_55_663, 316.24, 160.48, 1.79821
FILLER_0_56_679, 316.24, 160.48, 1.79821
_12655_, 341.84, 160.48, 1.79798
_16957_, 341.84, 160.48, 1.79798
clkbuf_leaf_188_clk, 341.84, 160.48, 1.79798
hold584, 341.84, 160.48, 1.79798
FILLER_0_55_719, 341.84, 160.48, 1.79798
FILLER_0_56_740, 341.84, 160.48, 1.79798
_09372_, 354.64, 160.48, 1.79781
_09382_, 354.64, 160.48, 1.79781
_11103_, 354.64, 160.48, 1.79781
_11104_, 354.64, 160.48, 1.79781
_12647_, 354.64, 160.48, 1.79781
_12904_, 354.64, 160.48, 1.79781
_12947_, 354.64, 160.48, 1.79781
_15487_, 354.64, 160.48, 1.79781
ANTENNA_113, 354.64, 160.48, 1.79781
ANTENNA_193, 354.64, 160.48, 1.79781
_09369_, 367.44, 160.48, 1.79764
_09370_, 367.44, 160.48, 1.79764
_09385_, 367.44, 160.48, 1.79764
_09389_, 367.44, 160.48, 1.79764
_09564_, 367.44, 160.48, 1.79764
_09565_, 367.44, 160.48, 1.79764
_10709_, 367.44, 160.48, 1.79764
_10779_, 367.44, 160.48, 1.79764
_11037_, 367.44, 160.48, 1.79764
FILLER_0_55_776, 367.44, 160.48, 1.79764
_10029_, 380.24, 160.48, 1.7975
_10671_, 380.24, 160.48, 1.7975
_10672_, 380.24, 160.48, 1.7975
_11263_, 380.24, 160.48, 1.7975
_11264_, 380.24, 160.48, 1.7975
_12075_, 380.24, 160.48, 1.7975
FILLER_0_54_803, 380.24, 160.48, 1.7975
FILLER_0_55_814, 380.24, 160.48, 1.7975
FILLER_0_56_817, 380.24, 160.48, 1.7975
_10028_, 393.04, 160.48, 1.79736
_10037_, 393.04, 160.48, 1.79736
_10355_, 393.04, 160.48, 1.79736
_10419_, 393.04, 160.48, 1.79736
_10433_, 393.04, 160.48, 1.79736
_11117_, 393.04, 160.48, 1.79736
_16052_, 393.04, 160.48, 1.79736
FILLER_0_55_836, 393.04, 160.48, 1.79736
FILLER_0_55_841, 393.04, 160.48, 1.79736
FILLER_0_56_846, 393.04, 160.48, 1.79736
_15732_, 405.84, 160.48, 1.79723
_17841_, 405.84, 160.48, 1.79723
hold433, 405.84, 160.48, 1.79723
FILLER_0_55_859, 405.84, 160.48, 1.79723
_08422_, 418.64, 160.48, 1.79712
_08483_, 418.64, 160.48, 1.79712
_08521_, 418.64, 160.48, 1.79712
_09404_, 418.64, 160.48, 1.79712
_09405_, 418.64, 160.48, 1.79712
_15888_, 418.64, 160.48, 1.79712
FILLER_0_55_903, 418.64, 160.48, 1.79712
FILLER_0_56_903, 418.64, 160.48, 1.79712
FILLER_0_56_910, 418.64, 160.48, 1.79712
_08357_, 431.44, 160.48, 1.79701
_08358_, 431.44, 160.48, 1.79701
_08485_, 431.44, 160.48, 1.79701
_08551_, 431.44, 160.48, 1.79701
_09410_, 431.44, 160.48, 1.79701
_15975_, 431.44, 160.48, 1.79701
FILLER_0_54_916, 431.44, 160.48, 1.79701
FILLER_0_54_925, 431.44, 160.48, 1.79701
FILLER_0_55_919, 431.44, 160.48, 1.79701
_08527_, 444.24, 160.48, 1.79691
_10388_, 444.24, 160.48, 1.79691
_10391_, 444.24, 160.48, 1.79691
_10829_, 444.24, 160.48, 1.79691
_10840_, 444.24, 160.48, 1.79691
_12716_, 444.24, 160.48, 1.79691
_15252_, 444.24, 160.48, 1.79691
_14647_, 457.04, 160.48, 1.79683
_14648_, 457.04, 160.48, 1.79683
_17525_, 457.04, 160.48, 1.79683
hold869, 457.04, 160.48, 1.79683
FILLER_0_55_980, 457.04, 160.48, 1.79683
FILLER_0_55_990, 457.04, 160.48, 1.79683
_11399_, 469.84, 160.48, 1.79676
_16453_, 469.84, 160.48, 1.79676
hold1074, 469.84, 160.48, 1.79676
FILLER_0_54_1008, 469.84, 160.48, 1.79676
FILLER_0_55_1002, 469.84, 160.48, 1.79676
FILLER_0_55_1019, 469.84, 160.48, 1.79676
_08975_, 495.44, 160.48, 1.79658
_08869_, 508.24, 160.48, 1.79648
_08870_, 508.24, 160.48, 1.79648
_10991_, 508.24, 160.48, 1.79648
hold530, 508.24, 160.48, 1.79648
FILLER_0_55_1089, 508.24, 160.48, 1.79648
_10993_, 521.04, 160.48, 1.79638
_16450_, 521.04, 160.48, 1.79638
_18123_, 521.04, 160.48, 1.79638
_17510_, 533.84, 160.48, 1.79629
clkbuf_leaf_160_clk, 533.84, 160.48, 1.79629
FILLER_0_54_1143, 533.84, 160.48, 1.79629
FILLER_0_55_1150, 533.84, 160.48, 1.79629
FILLER_0_56_1149, 533.84, 160.48, 1.79629
_14548_, 546.64, 160.48, 1.79625
_14610_, 546.64, 160.48, 1.79625
_15288_, 546.64, 160.48, 1.79625
_17673_, 546.64, 160.48, 1.79625
hold1164, 546.64, 160.48, 1.79625
FILLER_0_54_1168, 546.64, 160.48, 1.79625
FILLER_0_55_1173, 546.64, 160.48, 1.79625
_14960_, 559.44, 160.48, 1.79622
_14968_, 559.44, 160.48, 1.79622
_15459_, 559.44, 160.48, 1.79622
_15709_, 559.44, 160.48, 1.79622
FILLER_0_54_1198, 559.44, 160.48, 1.79622
FILLER_0_56_1205, 559.44, 160.48, 1.79622
_15711_, 572.24, 160.48, 1.79619
_17832_, 572.24, 160.48, 1.79619
hold418, 572.24, 160.48, 1.79619
FILLER_0_55_1223, 572.24, 160.48, 1.79619
FILLER_0_56_1239, 572.24, 160.48, 1.79619
_08836_, 585.04, 160.48, 1.79617
_15957_, 585.04, 160.48, 1.79617
_15958_, 585.04, 160.48, 1.79617
FILLER_0_54_1251, 585.04, 160.48, 1.79617
_08898_, 597.84, 160.48, 1.79615
_15871_, 597.84, 160.48, 1.79615
_15872_, 597.84, 160.48, 1.79615
FILLER_0_55_1283, 597.84, 160.48, 1.79615
FILLER_0_55_1301, 597.84, 160.48, 1.79615
FILLER_0_56_1289, 597.84, 160.48, 1.79615
_15917_, 610.64, 160.48, 1.79613
_15918_, 610.64, 160.48, 1.79613
_17912_, 610.64, 160.48, 1.79613
clkbuf_leaf_164_clk, 610.64, 160.48, 1.79613
FILLER_0_56_1317, 610.64, 160.48, 1.79613
_15833_, 623.44, 160.48, 1.79616
_15910_, 623.44, 160.48, 1.79616
_15914_, 623.44, 160.48, 1.79616
_15915_, 623.44, 160.48, 1.79616
hold796, 623.44, 160.48, 1.79616
FILLER_0_55_1334, 623.44, 160.48, 1.79616
FILLER_0_55_1341, 623.44, 160.48, 1.79616
FILLER_0_55_1355, 623.44, 160.48, 1.79616
FILLER_0_56_1349, 623.44, 160.48, 1.79616
PHY_104, 5.52, 155.04, 1.79836
PHY_106, 5.52, 155.04, 1.79836
FILLER_0_53_51, 34.64, 155.04, 1.79838
FILLER_0_54_77, 34.64, 155.04, 1.79838
FILLER_0_53_105, 47.44, 155.04, 1.79839
FILLER_0_52_133, 73.04, 155.04, 1.79843
FILLER_0_53_161, 85.84, 155.04, 1.79845
FILLER_0_52_189, 98.64, 155.04, 1.79846
FILLER_0_53_217, 111.44, 155.04, 1.79848
FILLER_0_52_245, 124.24, 155.04, 1.7985
FILLER_0_53_273, 137.04, 155.04, 1.79851
FILLER_0_52_301, 149.84, 155.04, 1.79853
FILLER_0_53_329, 162.64, 155.04, 1.79855
_13341_, 188.24, 155.04, 1.79842
_17153_, 188.24, 155.04, 1.79842
clkbuf_5_1__f_clk, 188.24, 155.04, 1.79842
FILLER_0_52_394, 188.24, 155.04, 1.79842
FILLER_0_53_385, 188.24, 155.04, 1.79842
_13006_, 201.04, 155.04, 1.79834
_13689_, 201.04, 155.04, 1.79834
_13870_, 201.04, 155.04, 1.79834
_14488_, 201.04, 155.04, 1.79834
_17345_, 201.04, 155.04, 1.79834
FILLER_0_52_416, 201.04, 155.04, 1.79834
_12795_, 213.84, 155.04, 1.79828
_13382_, 213.84, 155.04, 1.79828
_17169_, 213.84, 155.04, 1.79828
FILLER_0_52_445, 213.84, 155.04, 1.79828
FILLER_0_53_441, 213.84, 155.04, 1.79828
_12041_, 226.64, 155.04, 1.79822
_12786_, 226.64, 155.04, 1.79822
_17137_, 226.64, 155.04, 1.79822
hold559, 226.64, 155.04, 1.79822
FILLER_0_53_486, 226.64, 155.04, 1.79822
FILLER_0_54_489, 226.64, 155.04, 1.79822
_09549_, 239.44, 155.04, 1.79817
_09553_, 239.44, 155.04, 1.79817
_12040_, 239.44, 155.04, 1.79817
_14590_, 239.44, 155.04, 1.79817
FILLER_0_53_500, 239.44, 155.04, 1.79817
FILLER_0_53_515, 239.44, 155.04, 1.79817
_09358_, 252.24, 155.04, 1.79813
_09359_, 252.24, 155.04, 1.79813
_09551_, 252.24, 155.04, 1.79813
_09552_, 252.24, 155.04, 1.79813
_14519_, 252.24, 155.04, 1.79813
_14586_, 252.24, 155.04, 1.79813
ANTENNA_209, 252.24, 155.04, 1.79813
FILLER_0_53_543, 252.24, 155.04, 1.79813
FILLER_0_53_549, 252.24, 155.04, 1.79813
FILLER_0_54_549, 252.24, 155.04, 1.79813
_14757_, 265.04, 155.04, 1.79809
_17567_, 265.04, 155.04, 1.79809
hold838, 265.04, 155.04, 1.79809
FILLER_0_53_557, 265.04, 155.04, 1.79809
FILLER_0_53_561, 265.04, 155.04, 1.79809
_16349_, 277.84, 155.04, 1.79806
FILLER_0_52_592, 277.84, 155.04, 1.79806
_09541_, 290.64, 155.04, 1.79802
_09544_, 290.64, 155.04, 1.79802
_16471_, 290.64, 155.04, 1.79802
_16472_, 290.64, 155.04, 1.79802
clkbuf_leaf_219_clk, 290.64, 155.04, 1.79802
FILLER_0_53_609, 290.64, 155.04, 1.79802
FILLER_0_53_617, 290.64, 155.04, 1.79802
_09345_, 303.44, 155.04, 1.79803
_09546_, 303.44, 155.04, 1.79803
_09547_, 303.44, 155.04, 1.79803
_15314_, 303.44, 155.04, 1.79803
_15315_, 303.44, 155.04, 1.79803
_17681_, 303.44, 155.04, 1.79803
ANTENNA_69, 303.44, 155.04, 1.79803
FILLER_0_53_644, 303.44, 155.04, 1.79803
_12039_, 316.24, 155.04, 1.79805
_12872_, 316.24, 155.04, 1.79805
_12873_, 316.24, 155.04, 1.79805
_16464_, 316.24, 155.04, 1.79805
_17041_, 316.24, 155.04, 1.79805
FILLER_0_52_672, 316.24, 155.04, 1.79805
FILLER_0_53_664, 316.24, 155.04, 1.79805
FILLER_0_53_673, 316.24, 155.04, 1.79805
FILLER_0_54_678, 316.24, 155.04, 1.79805
_09557_, 341.84, 155.04, 1.79789
_12654_, 341.84, 155.04, 1.79789
FILLER_0_52_725, 341.84, 155.04, 1.79789
_10458_, 354.64, 155.04, 1.79771
_14718_, 354.64, 155.04, 1.79771
FILLER_0_52_751, 354.64, 155.04, 1.79771
FILLER_0_52_757, 354.64, 155.04, 1.79771
FILLER_0_54_765, 354.64, 155.04, 1.79771
_09558_, 367.44, 155.04, 1.79753
_09560_, 367.44, 155.04, 1.79753
FILLER_0_53_778, 367.44, 155.04, 1.79753
FILLER_0_53_800, 367.44, 155.04, 1.79753
_10420_, 380.24, 155.04, 1.79735
_11325_, 380.24, 155.04, 1.79735
_11480_, 380.24, 155.04, 1.79735
_16267_, 380.24, 155.04, 1.79735
_16275_, 380.24, 155.04, 1.79735
_11493_, 393.04, 155.04, 1.79717
_14720_, 393.04, 155.04, 1.79717
_17551_, 393.04, 155.04, 1.79717
hold818, 393.04, 155.04, 1.79717
FILLER_0_52_840, 393.04, 155.04, 1.79717
FILLER_0_53_832, 393.04, 155.04, 1.79717
FILLER_0_54_843, 393.04, 155.04, 1.79717
_11486_, 405.84, 155.04, 1.79701
hold615, 405.84, 155.04, 1.79701
FILLER_0_52_863, 405.84, 155.04, 1.79701
FILLER_0_53_866, 405.84, 155.04, 1.79701
FILLER_0_53_882, 405.84, 155.04, 1.79701
_08421_, 418.64, 155.04, 1.79685
_08474_, 418.64, 155.04, 1.79685
_08525_, 418.64, 155.04, 1.79685
_09409_, 418.64, 155.04, 1.79685
_15692_, 418.64, 155.04, 1.79685
FILLER_0_53_897, 418.64, 155.04, 1.79685
FILLER_0_53_906, 418.64, 155.04, 1.79685
_08788_, 431.44, 155.04, 1.7967
_10356_, 431.44, 155.04, 1.7967
_15684_, 431.44, 155.04, 1.7967
_15850_, 431.44, 155.04, 1.7967
clkbuf_leaf_192_clk, 431.44, 155.04, 1.7967
hold859, 431.44, 155.04, 1.7967
ANTENNA_4, 431.44, 155.04, 1.7967
FILLER_0_52_921, 431.44, 155.04, 1.7967
_10377_, 444.24, 155.04, 1.79658
_10424_, 444.24, 155.04, 1.79658
_10425_, 444.24, 155.04, 1.79658
_17656_, 444.24, 155.04, 1.79658
clkbuf_2_2_0_clk, 444.24, 155.04, 1.79658
ANTENNA_6, 444.24, 155.04, 1.79658
FILLER_0_52_952, 444.24, 155.04, 1.79658
FILLER_0_53_942, 444.24, 155.04, 1.79658
FILLER_0_53_957, 444.24, 155.04, 1.79658
FILLER_0_54_958, 444.24, 155.04, 1.79658
_08791_, 457.04, 155.04, 1.79659
_10572_, 457.04, 155.04, 1.79659
_11397_, 457.04, 155.04, 1.79659
_12004_, 457.04, 155.04, 1.79659
_15251_, 457.04, 155.04, 1.79659
ANTENNA_186, 457.04, 155.04, 1.79659
FILLER_0_52_981, 457.04, 155.04, 1.79659
FILLER_0_53_984, 457.04, 155.04, 1.79659
FILLER_0_54_993, 457.04, 155.04, 1.79659
_11389_, 469.84, 155.04, 1.79661
_11398_, 469.84, 155.04, 1.79661
_16446_, 469.84, 155.04, 1.79661
FILLER_0_53_1021, 469.84, 155.04, 1.79661
FILLER_0_54_1019, 469.84, 155.04, 1.79661
_08778_, 495.44, 155.04, 1.79657
_08979_, 495.44, 155.04, 1.79657
_10997_, 495.44, 155.04, 1.79657
_10998_, 495.44, 155.04, 1.79657
FILLER_0_53_1055, 495.44, 155.04, 1.79657
FILLER_0_53_1065, 495.44, 155.04, 1.79657
FILLER_0_53_1076, 495.44, 155.04, 1.79657
_08772_, 508.24, 155.04, 1.79652
_08867_, 508.24, 155.04, 1.79652
_08868_, 508.24, 155.04, 1.79652
_10576_, 521.04, 155.04, 1.79647
_14609_, 521.04, 155.04, 1.79647
_16449_, 521.04, 155.04, 1.79647
FILLER_0_53_1110, 521.04, 155.04, 1.79647
FILLER_0_53_1121, 521.04, 155.04, 1.79647
FILLER_0_54_1123, 521.04, 155.04, 1.79647
FILLER_0_54_1131, 521.04, 155.04, 1.79647
_14603_, 533.84, 155.04, 1.79643
_14607_, 533.84, 155.04, 1.79643
_14611_, 533.84, 155.04, 1.79643
hold1142, 533.84, 155.04, 1.79643
FILLER_0_53_1137, 533.84, 155.04, 1.79643
FILLER_0_54_1154, 533.84, 155.04, 1.79643
_15295_, 546.64, 155.04, 1.79638
_15296_, 546.64, 155.04, 1.79638
hold738, 546.64, 155.04, 1.79638
FILLER_0_53_1168, 546.64, 155.04, 1.79638
FILLER_0_54_1190, 546.64, 155.04, 1.79638
_13799_, 559.44, 155.04, 1.79634
_14687_, 559.44, 155.04, 1.79634
_14693_, 559.44, 155.04, 1.79634
_14964_, 559.44, 155.04, 1.79634
_14967_, 559.44, 155.04, 1.79634
_17575_, 559.44, 155.04, 1.79634
FILLER_0_52_1194, 559.44, 155.04, 1.79634
FILLER_0_53_1209, 559.44, 155.04, 1.79634
_10830_, 572.24, 155.04, 1.79631
_10887_, 572.24, 155.04, 1.79631
_11385_, 572.24, 155.04, 1.79631
FILLER_0_52_1232, 572.24, 155.04, 1.79631
FILLER_0_53_1219, 572.24, 155.04, 1.79631
FILLER_0_53_1226, 572.24, 155.04, 1.79631
_08952_, 585.04, 155.04, 1.79628
_10978_, 597.84, 155.04, 1.79626
_10980_, 597.84, 155.04, 1.79626
FILLER_0_53_1279, 597.84, 155.04, 1.79626
FILLER_0_53_1289, 597.84, 155.04, 1.79626
_15666_, 610.64, 155.04, 1.79624
_15832_, 610.64, 155.04, 1.79624
_15837_, 610.64, 155.04, 1.79624
hold787, 610.64, 155.04, 1.79624
ANTENNA_3, 610.64, 155.04, 1.79624
FILLER_0_53_1314, 610.64, 155.04, 1.79624
FILLER_0_54_1329, 610.64, 155.04, 1.79624
_15838_, 623.44, 155.04, 1.79622
_17879_, 623.44, 155.04, 1.79622
_17911_, 623.44, 155.04, 1.79622
FILLER_0_52_1337, 623.44, 155.04, 1.79622
FILLER_0_53_1339, 623.44, 155.04, 1.79622
FILLER_0_54_1350, 623.44, 155.04, 1.79622
PHY_100, 5.52, 149.6, 1.79833
PHY_102, 5.52, 149.6, 1.79833
FILLER_0_51_51, 34.64, 149.6, 1.79834
FILLER_0_52_77, 34.64, 149.6, 1.79834
FILLER_0_51_105, 47.44, 149.6, 1.79836
FILLER_0_50_133, 73.04, 149.6, 1.79839
FILLER_0_51_161, 85.84, 149.6, 1.7984
FILLER_0_50_189, 98.64, 149.6, 1.79842
FILLER_0_51_217, 111.44, 149.6, 1.79843
FILLER_0_50_245, 124.24, 149.6, 1.79845
FILLER_0_51_273, 137.04, 149.6, 1.79846
FILLER_0_50_301, 149.84, 149.6, 1.79848
FILLER_0_51_329, 162.64, 149.6, 1.79849
_13340_, 188.24, 149.6, 1.79843
_13418_, 188.24, 149.6, 1.79843
FILLER_0_51_385, 188.24, 149.6, 1.79843
_13907_, 201.04, 149.6, 1.79835
_13908_, 201.04, 149.6, 1.79835
_17361_, 201.04, 149.6, 1.79835
FILLER_0_50_414, 201.04, 149.6, 1.79835
FILLER_0_51_437, 201.04, 149.6, 1.79835
_13381_, 213.84, 149.6, 1.79827
_17265_, 213.84, 149.6, 1.79827
_17297_, 213.84, 149.6, 1.79827
hold987, 213.84, 149.6, 1.79827
FILLER_0_51_445, 213.84, 149.6, 1.79827
FILLER_0_51_449, 213.84, 149.6, 1.79827
FILLER_0_51_457, 213.84, 149.6, 1.79827
_13294_, 226.64, 149.6, 1.79822
_13301_, 226.64, 149.6, 1.79822
_13302_, 226.64, 149.6, 1.79822
hold1185, 226.64, 149.6, 1.79822
FILLER_0_50_467, 226.64, 149.6, 1.79822
FILLER_0_50_477, 226.64, 149.6, 1.79822
_09352_, 239.44, 149.6, 1.79816
_09353_, 239.44, 149.6, 1.79816
_09554_, 239.44, 149.6, 1.79816
ANTENNA_56, 239.44, 149.6, 1.79816
FILLER_0_51_496, 239.44, 149.6, 1.79816
FILLER_0_51_505, 239.44, 149.6, 1.79816
_09351_, 252.24, 149.6, 1.79811
_14585_, 252.24, 149.6, 1.79811
_17501_, 252.24, 149.6, 1.79811
FILLER_0_51_539, 252.24, 149.6, 1.79811
_14749_, 265.04, 149.6, 1.79806
_14756_, 265.04, 149.6, 1.79806
FILLER_0_50_557, 265.04, 149.6, 1.79806
FILLER_0_51_557, 265.04, 149.6, 1.79806
FILLER_0_51_573, 265.04, 149.6, 1.79806
FILLER_0_52_578, 265.04, 149.6, 1.79806
_16348_, 277.84, 149.6, 1.79802
_18081_, 277.84, 149.6, 1.79802
_18133_, 277.84, 149.6, 1.79802
FILLER_0_50_582, 277.84, 149.6, 1.79802
_09545_, 290.64, 149.6, 1.79799
_09555_, 290.64, 149.6, 1.79799
hold1048, 290.64, 149.6, 1.79799
FILLER_0_51_607, 290.64, 149.6, 1.79799
_09342_, 303.44, 149.6, 1.79797
_09346_, 303.44, 149.6, 1.79797
_09548_, 303.44, 149.6, 1.79797
_14588_, 303.44, 149.6, 1.79797
FILLER_0_50_637, 303.44, 149.6, 1.79797
FILLER_0_50_645, 303.44, 149.6, 1.79797
FILLER_0_51_661, 303.44, 149.6, 1.79797
FILLER_0_52_658, 303.44, 149.6, 1.79797
_10126_, 316.24, 149.6, 1.79794
_10127_, 316.24, 149.6, 1.79794
_10128_, 316.24, 149.6, 1.79794
_12794_, 316.24, 149.6, 1.79794
_16236_, 316.24, 149.6, 1.79794
clkbuf_leaf_220_clk, 316.24, 149.6, 1.79794
FILLER_0_50_673, 316.24, 149.6, 1.79794
FILLER_0_51_677, 316.24, 149.6, 1.79794
FILLER_0_51_687, 316.24, 149.6, 1.79794
_11476_, 341.84, 149.6, 1.79781
_16238_, 341.84, 149.6, 1.79781
hold855, 341.84, 149.6, 1.79781
hold1026, 341.84, 149.6, 1.79781
FILLER_0_50_725, 341.84, 149.6, 1.79781
_09559_, 354.64, 149.6, 1.79766
_11478_, 354.64, 149.6, 1.79766
_11479_, 354.64, 149.6, 1.79766
_16237_, 354.64, 149.6, 1.79766
_18033_, 354.64, 149.6, 1.79766
hold774, 354.64, 149.6, 1.79766
_10662_, 367.44, 149.6, 1.79752
_11477_, 367.44, 149.6, 1.79752
FILLER_0_51_779, 367.44, 149.6, 1.79752
FILLER_0_51_785, 367.44, 149.6, 1.79752
FILLER_0_52_793, 367.44, 149.6, 1.79752
_10710_, 380.24, 149.6, 1.79739
_12083_, 380.24, 149.6, 1.79739
_16274_, 380.24, 149.6, 1.79739
_18049_, 380.24, 149.6, 1.79739
FILLER_0_50_802, 380.24, 149.6, 1.79739
FILLER_0_51_806, 380.24, 149.6, 1.79739
FILLER_0_51_820, 380.24, 149.6, 1.79739
_10667_, 393.04, 149.6, 1.79727
_11489_, 393.04, 149.6, 1.79727
_11490_, 393.04, 149.6, 1.79727
_11491_, 393.04, 149.6, 1.79727
_14719_, 393.04, 149.6, 1.79727
ANTENNA_88, 393.04, 149.6, 1.79727
ANTENNA_149, 393.04, 149.6, 1.79727
FILLER_0_50_829, 393.04, 149.6, 1.79727
FILLER_0_51_841, 393.04, 149.6, 1.79727
_09393_, 405.84, 149.6, 1.79715
_09567_, 405.84, 149.6, 1.79715
_09570_, 405.84, 149.6, 1.79715
_11485_, 405.84, 149.6, 1.79715
_14710_, 405.84, 149.6, 1.79715
FILLER_0_50_858, 405.84, 149.6, 1.79715
_08352_, 418.64, 149.6, 1.79704
_08353_, 418.64, 149.6, 1.79704
_08426_, 418.64, 149.6, 1.79704
_08558_, 418.64, 149.6, 1.79704
_09571_, 418.64, 149.6, 1.79704
_17825_, 418.64, 149.6, 1.79704
FILLER_0_51_888, 418.64, 149.6, 1.79704
_15691_, 431.44, 149.6, 1.79694
_15768_, 431.44, 149.6, 1.79694
_17857_, 431.44, 149.6, 1.79694
hold891, 431.44, 149.6, 1.79694
FILLER_0_50_915, 431.44, 149.6, 1.79694
_08790_, 444.24, 149.6, 1.79685
_10825_, 444.24, 149.6, 1.79685
_11994_, 444.24, 149.6, 1.79685
_15769_, 444.24, 149.6, 1.79685
_16708_, 444.24, 149.6, 1.79685
FILLER_0_50_950, 444.24, 149.6, 1.79685
FILLER_0_51_949, 444.24, 149.6, 1.79685
_08784_, 457.04, 149.6, 1.79677
_10392_, 457.04, 149.6, 1.79677
_10398_, 457.04, 149.6, 1.79677
_11402_, 457.04, 149.6, 1.79677
_12003_, 457.04, 149.6, 1.79677
hold605, 457.04, 149.6, 1.79677
_18124_, 469.84, 149.6, 1.7967
FILLER_0_51_999, 469.84, 149.6, 1.7967
FILLER_0_51_1021, 469.84, 149.6, 1.7967
_08773_, 495.44, 149.6, 1.79657
_08780_, 495.44, 149.6, 1.79657
_08873_, 495.44, 149.6, 1.79657
_08925_, 495.44, 149.6, 1.79657
FILLER_0_51_1065, 495.44, 149.6, 1.79657
_08767_, 508.24, 149.6, 1.7965
_08770_, 508.24, 149.6, 1.7965
_08781_, 508.24, 149.6, 1.7965
_10992_, 508.24, 149.6, 1.7965
FILLER_0_50_1085, 508.24, 149.6, 1.7965
FILLER_0_51_1082, 508.24, 149.6, 1.7965
FILLER_0_51_1100, 508.24, 149.6, 1.7965
FILLER_0_52_1102, 508.24, 149.6, 1.7965
_08779_, 521.04, 149.6, 1.79643
_08872_, 521.04, 149.6, 1.79643
_10855_, 521.04, 149.6, 1.79643
_10881_, 521.04, 149.6, 1.79643
_17509_, 521.04, 149.6, 1.79643
FILLER_0_51_1117, 521.04, 149.6, 1.79643
FILLER_0_51_1121, 521.04, 149.6, 1.79643
FILLER_0_51_1129, 521.04, 149.6, 1.79643
_14606_, 533.84, 149.6, 1.79637
_14608_, 533.84, 149.6, 1.79637
_17508_, 533.84, 149.6, 1.79637
FILLER_0_50_1141, 533.84, 149.6, 1.79637
FILLER_0_51_1145, 533.84, 149.6, 1.79637
FILLER_0_51_1162, 533.84, 149.6, 1.79637
_13791_, 546.64, 149.6, 1.79633
_15291_, 546.64, 149.6, 1.79633
_15292_, 546.64, 149.6, 1.79633
_17671_, 546.64, 149.6, 1.79633
hold911, 546.64, 149.6, 1.79633
FILLER_0_51_1173, 546.64, 149.6, 1.79633
FILLER_0_52_1186, 546.64, 149.6, 1.79633
_14963_, 559.44, 149.6, 1.79629
_10756_, 572.24, 149.6, 1.79625
_11384_, 572.24, 149.6, 1.79625
_15789_, 572.24, 149.6, 1.79625
FILLER_0_51_1222, 572.24, 149.6, 1.79625
_08950_, 585.04, 149.6, 1.79622
_11383_, 585.04, 149.6, 1.79622
hold434, 585.04, 149.6, 1.79622
FILLER_0_50_1257, 585.04, 149.6, 1.79622
FILLER_0_51_1257, 585.04, 149.6, 1.79622
_08896_, 597.84, 149.6, 1.79619
_10979_, 597.84, 149.6, 1.79619
FILLER_0_51_1283, 597.84, 149.6, 1.79619
_15743_, 610.64, 149.6, 1.79617
_17880_, 610.64, 149.6, 1.79617
FILLER_0_50_1310, 610.64, 149.6, 1.79617
_15669_, 623.44, 149.6, 1.79615
_15746_, 623.44, 149.6, 1.79615
_15747_, 623.44, 149.6, 1.79615
clkbuf_leaf_165_clk, 623.44, 149.6, 1.79615
hold770, 623.44, 149.6, 1.79615
FILLER_0_50_1335, 623.44, 149.6, 1.79615
FILLER_0_51_1337, 623.44, 149.6, 1.79615
FILLER_0_52_1345, 623.44, 149.6, 1.79615
PHY_96, 5.52, 144.16, 1.79829
PHY_98, 5.52, 144.16, 1.79829
FILLER_0_49_51, 34.64, 144.16, 1.7983
FILLER_0_50_77, 34.64, 144.16, 1.7983
FILLER_0_49_105, 47.44, 144.16, 1.79831
FILLER_0_48_133, 73.04, 144.16, 1.79832
FILLER_0_49_161, 85.84, 144.16, 1.79833
FILLER_0_48_189, 98.64, 144.16, 1.79834
FILLER_0_49_217, 111.44, 144.16, 1.79835
FILLER_0_48_245, 124.24, 144.16, 1.79835
FILLER_0_49_273, 137.04, 144.16, 1.79836
FILLER_0_48_301, 149.84, 144.16, 1.79837
FILLER_0_49_329, 162.64, 144.16, 1.79838
_13007_, 188.24, 144.16, 1.79826
_13411_, 188.24, 144.16, 1.79826
_17152_, 188.24, 144.16, 1.79826
ANTENNA_126, 188.24, 144.16, 1.79826
FILLER_0_48_393, 188.24, 144.16, 1.79826
FILLER_0_49_393, 188.24, 144.16, 1.79826
FILLER_0_50_401, 188.24, 144.16, 1.79826
_13003_, 201.04, 144.16, 1.79815
_17469_, 201.04, 144.16, 1.79815
FILLER_0_48_416, 201.04, 144.16, 1.79815
FILLER_0_50_437, 201.04, 144.16, 1.79815
_13638_, 213.84, 144.16, 1.79804
_13639_, 213.84, 144.16, 1.79804
_13727_, 213.84, 144.16, 1.79804
_13728_, 213.84, 144.16, 1.79804
hold1113, 213.84, 144.16, 1.79804
FILLER_0_49_439, 213.84, 144.16, 1.79804
_15020_, 226.64, 144.16, 1.79794
_17600_, 226.64, 144.16, 1.79794
clkbuf_leaf_216_clk, 226.64, 144.16, 1.79794
hold872, 226.64, 144.16, 1.79794
FILLER_0_48_473, 226.64, 144.16, 1.79794
_09355_, 239.44, 144.16, 1.79789
_09363_, 239.44, 144.16, 1.79789
_09496_, 239.44, 144.16, 1.79789
_12038_, 239.44, 144.16, 1.79789
hold832, 239.44, 144.16, 1.79789
FILLER_0_49_518, 239.44, 144.16, 1.79789
FILLER_0_50_510, 239.44, 144.16, 1.79789
_11238_, 252.24, 144.16, 1.79784
_11239_, 252.24, 144.16, 1.79784
_11242_, 252.24, 144.16, 1.79784
_17377_, 252.24, 144.16, 1.79784
FILLER_0_48_527, 252.24, 144.16, 1.79784
_11503_, 265.04, 144.16, 1.79781
_11504_, 265.04, 144.16, 1.79781
_13833_, 265.04, 144.16, 1.79781
clkbuf_leaf_217_clk, 265.04, 144.16, 1.79781
hold804, 265.04, 144.16, 1.79781
FILLER_0_48_552, 265.04, 144.16, 1.79781
_10129_, 277.84, 144.16, 1.79782
_10130_, 277.84, 144.16, 1.79782
hold918, 277.84, 144.16, 1.79782
FILLER_0_48_581, 277.84, 144.16, 1.79782
FILLER_0_49_605, 277.84, 144.16, 1.79782
_09332_, 290.64, 144.16, 1.79783
_13768_, 290.64, 144.16, 1.79783
FILLER_0_49_613, 290.64, 144.16, 1.79783
FILLER_0_49_617, 290.64, 144.16, 1.79783
_09343_, 303.44, 144.16, 1.79784
_09488_, 303.44, 144.16, 1.79784
_11236_, 303.44, 144.16, 1.79784
_14984_, 303.44, 144.16, 1.79784
hold554, 303.44, 144.16, 1.79784
_13560_, 316.24, 144.16, 1.79785
_13561_, 316.24, 144.16, 1.79785
_13562_, 316.24, 144.16, 1.79785
_13831_, 316.24, 144.16, 1.79785
_15363_, 316.24, 144.16, 1.79785
FILLER_0_48_670, 316.24, 144.16, 1.79785
FILLER_0_49_673, 316.24, 144.16, 1.79785
FILLER_0_50_689, 316.24, 144.16, 1.79785
_10426_, 341.84, 144.16, 1.79772
_10446_, 341.84, 144.16, 1.79772
_12834_, 341.84, 144.16, 1.79772
_17025_, 341.84, 144.16, 1.79772
FILLER_0_49_735, 341.84, 144.16, 1.79772
FILLER_0_50_736, 341.84, 144.16, 1.79772
_10430_, 354.64, 144.16, 1.79759
_15817_, 354.64, 144.16, 1.79759
FILLER_0_48_757, 354.64, 144.16, 1.79759
FILLER_0_49_758, 354.64, 144.16, 1.79759
FILLER_0_49_770, 354.64, 144.16, 1.79759
_11199_, 367.44, 144.16, 1.79746
_15819_, 367.44, 144.16, 1.79746
_17873_, 367.44, 144.16, 1.79746
hold760, 367.44, 144.16, 1.79746
FILLER_0_48_777, 367.44, 144.16, 1.79746
FILLER_0_49_785, 367.44, 144.16, 1.79746
_12082_, 380.24, 144.16, 1.79734
_15809_, 380.24, 144.16, 1.79734
_16733_, 380.24, 144.16, 1.79734
hold529, 380.24, 144.16, 1.79734
FILLER_0_48_801, 380.24, 144.16, 1.79734
FILLER_0_48_809, 380.24, 144.16, 1.79734
_09566_, 393.04, 144.16, 1.79723
_16060_, 393.04, 144.16, 1.79723
FILLER_0_48_831, 393.04, 144.16, 1.79723
FILLER_0_49_836, 393.04, 144.16, 1.79723
FILLER_0_50_850, 393.04, 144.16, 1.79723
_09392_, 405.84, 144.16, 1.79713
_09574_, 405.84, 144.16, 1.79713
_11483_, 405.84, 144.16, 1.79713
_11484_, 405.84, 144.16, 1.79713
ANTENNA_216, 405.84, 144.16, 1.79713
FILLER_0_48_869, 405.84, 144.16, 1.79713
_09408_, 418.64, 144.16, 1.79703
_09412_, 418.64, 144.16, 1.79703
_09572_, 418.64, 144.16, 1.79703
_15614_, 418.64, 144.16, 1.79703
FILLER_0_48_887, 418.64, 144.16, 1.79703
FILLER_0_49_897, 418.64, 144.16, 1.79703
FILLER_0_49_911, 418.64, 144.16, 1.79703
_09573_, 431.44, 144.16, 1.79693
_15761_, 431.44, 144.16, 1.79693
_15858_, 431.44, 144.16, 1.79693
_15859_, 431.44, 144.16, 1.79693
hold1043, 431.44, 144.16, 1.79693
FILLER_0_48_916, 431.44, 144.16, 1.79693
FILLER_0_48_925, 431.44, 144.16, 1.79693
FILLER_0_49_919, 431.44, 144.16, 1.79693
FILLER_0_49_931, 431.44, 144.16, 1.79693
_08783_, 444.24, 144.16, 1.79683
_08785_, 444.24, 144.16, 1.79683
_14544_, 444.24, 144.16, 1.79683
_14553_, 444.24, 144.16, 1.79683
_17493_, 444.24, 144.16, 1.79683
ANTENNA_212, 444.24, 144.16, 1.79683
FILLER_0_49_944, 444.24, 144.16, 1.79683
FILLER_0_49_964, 444.24, 144.16, 1.79683
_08795_, 457.04, 144.16, 1.79675
_11400_, 457.04, 144.16, 1.79675
FILLER_0_48_972, 457.04, 144.16, 1.79675
FILLER_0_50_993, 457.04, 144.16, 1.79675
_08934_, 469.84, 144.16, 1.79666
_16451_, 469.84, 144.16, 1.79666
_16452_, 469.84, 144.16, 1.79666
clkbuf_leaf_173_clk, 469.84, 144.16, 1.79666
hold562, 469.84, 144.16, 1.79666
FILLER_0_49_1021, 469.84, 144.16, 1.79666
FILLER_0_50_1022, 469.84, 144.16, 1.79666
_08874_, 495.44, 144.16, 1.79656
_10902_, 495.44, 144.16, 1.79656
FILLER_0_48_1053, 495.44, 144.16, 1.79656
FILLER_0_49_1055, 495.44, 144.16, 1.79656
FILLER_0_50_1068, 495.44, 144.16, 1.79656
_08776_, 508.24, 144.16, 1.79651
_08871_, 508.24, 144.16, 1.79651
FILLER_0_48_1083, 508.24, 144.16, 1.79651
FILLER_0_50_1102, 508.24, 144.16, 1.79651
_10894_, 521.04, 144.16, 1.79646
_16447_, 521.04, 144.16, 1.79646
FILLER_0_49_1110, 521.04, 144.16, 1.79646
_13795_, 533.84, 144.16, 1.79641
_14605_, 533.84, 144.16, 1.79641
_16448_, 533.84, 144.16, 1.79641
hold694, 533.84, 144.16, 1.79641
_15289_, 546.64, 144.16, 1.79636
_15293_, 546.64, 144.16, 1.79636
_15294_, 546.64, 144.16, 1.79636
_17672_, 546.64, 144.16, 1.79636
FILLER_0_48_1167, 546.64, 144.16, 1.79636
FILLER_0_49_1169, 546.64, 144.16, 1.79636
FILLER_0_49_1177, 546.64, 144.16, 1.79636
FILLER_0_49_1185, 546.64, 144.16, 1.79636
_14690_, 559.44, 144.16, 1.79632
_14962_, 559.44, 144.16, 1.79632
_14965_, 559.44, 144.16, 1.79632
_14966_, 559.44, 144.16, 1.79632
_15290_, 559.44, 144.16, 1.79632
_17576_, 559.44, 144.16, 1.79632
FILLER_0_48_1194, 559.44, 144.16, 1.79632
FILLER_0_49_1197, 559.44, 144.16, 1.79632
_15962_, 572.24, 144.16, 1.79629
_15963_, 572.24, 144.16, 1.79629
_17928_, 572.24, 144.16, 1.79629
FILLER_0_48_1229, 572.24, 144.16, 1.79629
FILLER_0_49_1233, 572.24, 144.16, 1.79629
_15875_, 585.04, 144.16, 1.79627
_15876_, 585.04, 144.16, 1.79627
hold402, 585.04, 144.16, 1.79627
FILLER_0_48_1257, 585.04, 144.16, 1.79627
FILLER_0_49_1248, 585.04, 144.16, 1.79627
FILLER_0_50_1261, 585.04, 144.16, 1.79627
FILLER_0_50_1267, 585.04, 144.16, 1.79627
_15873_, 597.84, 144.16, 1.79625
_15960_, 597.84, 144.16, 1.79625
_15961_, 597.84, 144.16, 1.79625
hold490, 597.84, 144.16, 1.79625
FILLER_0_49_1283, 597.84, 144.16, 1.79625
FILLER_0_49_1289, 597.84, 144.16, 1.79625
_15671_, 610.64, 144.16, 1.79623
_15672_, 610.64, 144.16, 1.79623
_15748_, 610.64, 144.16, 1.79623
_15874_, 610.64, 144.16, 1.79623
hold440, 610.64, 144.16, 1.79623
FILLER_0_48_1311, 610.64, 144.16, 1.79623
FILLER_0_49_1315, 610.64, 144.16, 1.79623
FILLER_0_49_1322, 610.64, 144.16, 1.79623
_15670_, 623.44, 144.16, 1.79621
_17815_, 623.44, 144.16, 1.79621
_17847_, 623.44, 144.16, 1.79621
hold1000, 623.44, 144.16, 1.79621
FILLER_0_49_1330, 623.44, 144.16, 1.79621
FILLER_0_49_1341, 623.44, 144.16, 1.79621
FILLER_0_50_1350, 623.44, 144.16, 1.79621
PHY_92, 5.52, 138.72, 1.79825
PHY_94, 5.52, 138.72, 1.79825
FILLER_0_47_51, 34.64, 138.72, 1.79826
FILLER_0_48_77, 34.64, 138.72, 1.79826
FILLER_0_47_105, 47.44, 138.72, 1.79826
FILLER_0_46_133, 73.04, 138.72, 1.79827
FILLER_0_47_161, 85.84, 138.72, 1.79828
FILLER_0_46_189, 98.64, 138.72, 1.79828
FILLER_0_47_217, 111.44, 138.72, 1.79829
FILLER_0_46_245, 124.24, 138.72, 1.79829
FILLER_0_47_273, 137.04, 138.72, 1.7983
FILLER_0_46_301, 149.84, 138.72, 1.7983
FILLER_0_47_329, 162.64, 138.72, 1.79831
_13338_, 188.24, 138.72, 1.7982
_13339_, 188.24, 138.72, 1.7982
clkbuf_leaf_232_clk, 188.24, 138.72, 1.7982
hold1179, 188.24, 138.72, 1.7982
FILLER_0_47_385, 188.24, 138.72, 1.7982
_13686_, 201.04, 138.72, 1.79813
_14486_, 201.04, 138.72, 1.79813
_14487_, 201.04, 138.72, 1.79813
FILLER_0_46_414, 201.04, 138.72, 1.79813
FILLER_0_47_438, 201.04, 138.72, 1.79813
_12793_, 213.84, 138.72, 1.79806
_17008_, 213.84, 138.72, 1.79806
hold923, 213.84, 138.72, 1.79806
FILLER_0_46_449, 213.84, 138.72, 1.79806
_15021_, 226.64, 138.72, 1.798
_16716_, 226.64, 138.72, 1.798
FILLER_0_47_473, 226.64, 138.72, 1.798
FILLER_0_47_494, 226.64, 138.72, 1.798
_11226_, 239.44, 138.72, 1.79795
_12037_, 239.44, 138.72, 1.79795
_09498_, 252.24, 138.72, 1.7979
_09499_, 252.24, 138.72, 1.7979
_09501_, 252.24, 138.72, 1.7979
_13945_, 252.24, 138.72, 1.7979
FILLER_0_47_526, 252.24, 138.72, 1.7979
FILLER_0_47_547, 252.24, 138.72, 1.7979
FILLER_0_48_541, 252.24, 138.72, 1.7979
_13944_, 265.04, 138.72, 1.79785
_17329_, 265.04, 138.72, 1.79785
FILLER_0_47_561, 265.04, 138.72, 1.79785
_10448_, 277.84, 138.72, 1.79781
_16637_, 277.84, 138.72, 1.79781
_17313_, 277.84, 138.72, 1.79781
hold936, 277.84, 138.72, 1.79781
FILLER_0_47_582, 277.84, 138.72, 1.79781
FILLER_0_48_598, 277.84, 138.72, 1.79781
_09489_, 290.64, 138.72, 1.79779
_09490_, 290.64, 138.72, 1.79779
_13769_, 290.64, 138.72, 1.79779
hold1130, 290.64, 138.72, 1.79779
FILLER_0_47_610, 290.64, 138.72, 1.79779
FILLER_0_47_617, 290.64, 138.72, 1.79779
_13760_, 303.44, 138.72, 1.79777
_14983_, 303.44, 138.72, 1.79777
_17584_, 303.44, 138.72, 1.79777
ANTENNA_136, 303.44, 138.72, 1.79777
FILLER_0_46_637, 303.44, 138.72, 1.79777
FILLER_0_47_649, 303.44, 138.72, 1.79777
_17233_, 316.24, 138.72, 1.79776
FILLER_0_47_667, 316.24, 138.72, 1.79776
FILLER_0_47_685, 316.24, 138.72, 1.79776
_11195_, 341.84, 138.72, 1.79762
_12835_, 341.84, 138.72, 1.79762
_12910_, 341.84, 138.72, 1.79762
_17744_, 341.84, 138.72, 1.79762
hold1058, 341.84, 138.72, 1.79762
FILLER_0_46_726, 341.84, 138.72, 1.79762
FILLER_0_47_723, 341.84, 138.72, 1.79762
FILLER_0_47_729, 341.84, 138.72, 1.79762
FILLER_0_48_734, 341.84, 138.72, 1.79762
_11196_, 354.64, 138.72, 1.79749
_11197_, 354.64, 138.72, 1.79749
_11198_, 354.64, 138.72, 1.79749
_15485_, 354.64, 138.72, 1.79749
_15486_, 354.64, 138.72, 1.79749
hold666, 354.64, 138.72, 1.79749
FILLER_0_46_746, 354.64, 138.72, 1.79749
FILLER_0_47_749, 354.64, 138.72, 1.79749
_10696_, 367.44, 138.72, 1.79736
_11326_, 367.44, 138.72, 1.79736
_15818_, 367.44, 138.72, 1.79736
FILLER_0_47_775, 367.44, 138.72, 1.79736
_09575_, 380.24, 138.72, 1.79724
FILLER_0_46_804, 380.24, 138.72, 1.79724
_11492_, 393.04, 138.72, 1.79712
hold542, 393.04, 138.72, 1.79712
FILLER_0_47_831, 393.04, 138.72, 1.79712
_09569_, 405.84, 138.72, 1.797
_15983_, 405.84, 138.72, 1.797
_17937_, 405.84, 138.72, 1.797
hold750, 405.84, 138.72, 1.797
FILLER_0_46_869, 405.84, 138.72, 1.797
FILLER_0_47_858, 405.84, 138.72, 1.797
FILLER_0_47_866, 405.84, 138.72, 1.797
clkbuf_leaf_191_clk, 418.64, 138.72, 1.79689
hold871, 418.64, 138.72, 1.79689
FILLER_0_46_885, 418.64, 138.72, 1.79689
FILLER_0_47_893, 418.64, 138.72, 1.79689
_08787_, 431.44, 138.72, 1.79681
_15613_, 431.44, 138.72, 1.79681
_17889_, 431.44, 138.72, 1.79681
FILLER_0_46_917, 431.44, 138.72, 1.79681
FILLER_0_46_925, 431.44, 138.72, 1.79681
_08929_, 444.24, 138.72, 1.79674
_08933_, 444.24, 138.72, 1.79674
_12721_, 444.24, 138.72, 1.79674
_14554_, 444.24, 138.72, 1.79674
hold538, 444.24, 138.72, 1.79674
FILLER_0_47_949, 444.24, 138.72, 1.79674
FILLER_0_47_953, 444.24, 138.72, 1.79674
FILLER_0_48_958, 444.24, 138.72, 1.79674
_11401_, 457.04, 138.72, 1.79668
FILLER_0_46_975, 457.04, 138.72, 1.79668
FILLER_0_47_976, 457.04, 138.72, 1.79668
FILLER_0_48_991, 457.04, 138.72, 1.79668
_17304_, 469.84, 138.72, 1.79661
FILLER_0_47_1003, 469.84, 138.72, 1.79661
FILLER_0_47_1021, 469.84, 138.72, 1.79661
FILLER_0_48_1019, 469.84, 138.72, 1.79661
_08782_, 495.44, 138.72, 1.79647
_08936_, 495.44, 138.72, 1.79647
_10903_, 495.44, 138.72, 1.79647
FILLER_0_46_1065, 495.44, 138.72, 1.79647
FILLER_0_47_1061, 495.44, 138.72, 1.79647
FILLER_0_48_1069, 495.44, 138.72, 1.79647
_08797_, 508.24, 138.72, 1.79639
_15247_, 508.24, 138.72, 1.79639
hold819, 508.24, 138.72, 1.79639
FILLER_0_46_1086, 508.24, 138.72, 1.79639
FILLER_0_48_1105, 508.24, 138.72, 1.79639
_10897_, 521.04, 138.72, 1.79631
_15248_, 521.04, 138.72, 1.79631
_18122_, 521.04, 138.72, 1.79631
FILLER_0_47_1111, 521.04, 138.72, 1.79631
FILLER_0_48_1129, 521.04, 138.72, 1.79631
_14604_, 533.84, 138.72, 1.79624
_17507_, 533.84, 138.72, 1.79624
FILLER_0_46_1139, 533.84, 138.72, 1.79624
_17670_, 546.64, 138.72, 1.79618
hold968, 546.64, 138.72, 1.79618
hold1098, 546.64, 138.72, 1.79618
FILLER_0_47_1171, 546.64, 138.72, 1.79618
_13786_, 559.44, 138.72, 1.79612
_14683_, 559.44, 138.72, 1.79612
_16491_, 559.44, 138.72, 1.79612
_17574_, 559.44, 138.72, 1.79612
FILLER_0_47_1214, 559.44, 138.72, 1.79612
_14684_, 572.24, 138.72, 1.79608
clkbuf_leaf_162_clk, 572.24, 138.72, 1.79608
hold898, 572.24, 138.72, 1.79608
ANTENNA_215, 572.24, 138.72, 1.79608
FILLER_0_47_1221, 572.24, 138.72, 1.79608
_14695_, 585.04, 138.72, 1.79608
_17896_, 585.04, 138.72, 1.79608
_17927_, 585.04, 138.72, 1.79608
hold1036, 585.04, 138.72, 1.79608
FILLER_0_46_1255, 585.04, 138.72, 1.79608
FILLER_0_47_1260, 585.04, 138.72, 1.79608
FILLER_0_47_1268, 585.04, 138.72, 1.79608
_14685_, 597.84, 138.72, 1.79609
_17895_, 597.84, 138.72, 1.79609
FILLER_0_48_1290, 597.84, 138.72, 1.79609
_15749_, 610.64, 138.72, 1.79612
_17816_, 610.64, 138.72, 1.79612
hold1051, 610.64, 138.72, 1.79612
FILLER_0_46_1306, 610.64, 138.72, 1.79612
FILLER_0_47_1316, 610.64, 138.72, 1.79612
FILLER_0_48_1317, 610.64, 138.72, 1.79612
FILLER_0_47_1340, 623.44, 138.72, 1.79615
_08256_, 5.52, 133.28, 1.79822
PHY_88, 5.52, 133.28, 1.79822
PHY_90, 5.52, 133.28, 1.79822
FILLER_0_45_3, 5.52, 133.28, 1.79822
ANTENNA_11, 13.68, 133.28, 1.79822
FILLER_0_46_77, 34.64, 133.28, 1.79822
FILLER_0_45_105, 47.44, 133.28, 1.79822
FILLER_0_44_133, 73.04, 133.28, 1.79823
FILLER_0_45_161, 85.84, 133.28, 1.79823
FILLER_0_44_189, 98.64, 133.28, 1.79823
FILLER_0_45_217, 111.44, 133.28, 1.79823
FILLER_0_44_245, 124.24, 133.28, 1.79824
FILLER_0_45_273, 137.04, 133.28, 1.79824
FILLER_0_44_301, 149.84, 133.28, 1.79824
FILLER_0_45_329, 162.64, 133.28, 1.79824
_13602_, 188.24, 133.28, 1.79816
_17249_, 188.24, 133.28, 1.79816
FILLER_0_44_392, 188.24, 133.28, 1.79816
FILLER_0_45_393, 188.24, 133.28, 1.79816
_13688_, 201.04, 133.28, 1.79809
_17280_, 201.04, 133.28, 1.79809
_17296_, 201.04, 133.28, 1.79809
FILLER_0_45_424, 201.04, 133.28, 1.79809
_09525_, 213.84, 133.28, 1.79803
_12792_, 213.84, 133.28, 1.79803
_13725_, 213.84, 133.28, 1.79803
_13726_, 213.84, 133.28, 1.79803
hold878, 213.84, 133.28, 1.79803
FILLER_0_44_448, 213.84, 133.28, 1.79803
FILLER_0_45_449, 213.84, 133.28, 1.79803
_11225_, 226.64, 133.28, 1.79797
FILLER_0_44_472, 226.64, 133.28, 1.79797
FILLER_0_44_477, 226.64, 133.28, 1.79797
FILLER_0_45_483, 226.64, 133.28, 1.79797
FILLER_0_46_489, 226.64, 133.28, 1.79797
_11241_, 239.44, 133.28, 1.79792
_12036_, 239.44, 133.28, 1.79792
FILLER_0_44_498, 239.44, 133.28, 1.79792
FILLER_0_45_498, 239.44, 133.28, 1.79792
FILLER_0_45_505, 239.44, 133.28, 1.79792
FILLER_0_45_520, 239.44, 133.28, 1.79792
FILLER_0_46_517, 239.44, 133.28, 1.79792
_09497_, 252.24, 133.28, 1.79787
_09500_, 252.24, 133.28, 1.79787
_13943_, 252.24, 133.28, 1.79787
hold680, 252.24, 133.28, 1.79787
FILLER_0_45_542, 252.24, 133.28, 1.79787
_13832_, 265.04, 133.28, 1.79782
_13937_, 265.04, 133.28, 1.79782
_17376_, 265.04, 133.28, 1.79782
FILLER_0_45_553, 265.04, 133.28, 1.79782
FILLER_0_45_577, 265.04, 133.28, 1.79782
FILLER_0_46_568, 265.04, 133.28, 1.79782
_10114_, 277.84, 133.28, 1.79777
_11229_, 277.84, 133.28, 1.79777
_11230_, 277.84, 133.28, 1.79777
_11231_, 277.84, 133.28, 1.79777
hold528, 277.84, 133.28, 1.79777
_09491_, 290.64, 133.28, 1.79774
_09494_, 290.64, 133.28, 1.79774
_09495_, 290.64, 133.28, 1.79774
_09502_, 290.64, 133.28, 1.79774
_16341_, 290.64, 133.28, 1.79774
_17517_, 290.64, 133.28, 1.79774
FILLER_0_45_608, 290.64, 133.28, 1.79774
FILLER_0_45_617, 290.64, 133.28, 1.79774
_09492_, 303.44, 133.28, 1.79771
_09493_, 303.44, 133.28, 1.79771
_11235_, 303.44, 133.28, 1.79771
FILLER_0_44_645, 303.44, 133.28, 1.79771
_17696_, 316.24, 133.28, 1.79768
hold618, 316.24, 133.28, 1.79768
FILLER_0_45_664, 316.24, 133.28, 1.79768
_15437_, 341.84, 133.28, 1.7975
_17056_, 341.84, 133.28, 1.7975
FILLER_0_44_722, 341.84, 133.28, 1.7975
FILLER_0_45_725, 341.84, 133.28, 1.7975
FILLER_0_45_745, 341.84, 133.28, 1.7975
_09508_, 354.64, 133.28, 1.79734
_15484_, 354.64, 133.28, 1.79734
FILLER_0_44_749, 354.64, 133.28, 1.79734
_09511_, 367.44, 133.28, 1.79719
_15652_, 367.44, 133.28, 1.79719
_17808_, 367.44, 133.28, 1.79719
hold807, 367.44, 133.28, 1.79719
FILLER_0_46_790, 367.44, 133.28, 1.79719
_15563_, 380.24, 133.28, 1.79704
_15564_, 380.24, 133.28, 1.79704
_17776_, 380.24, 133.28, 1.79704
clkbuf_leaf_189_clk, 380.24, 133.28, 1.79704
hold1008, 380.24, 133.28, 1.79704
FILLER_0_44_803, 380.24, 133.28, 1.79704
FILLER_0_45_828, 380.24, 133.28, 1.79704
FILLER_0_46_823, 380.24, 133.28, 1.79704
_09415_, 393.04, 133.28, 1.79695
_09568_, 393.04, 133.28, 1.79695
_16061_, 393.04, 133.28, 1.79695
_17969_, 393.04, 133.28, 1.79695
_15895_, 405.84, 133.28, 1.79687
_15982_, 405.84, 133.28, 1.79687
hold1150, 405.84, 133.28, 1.79687
FILLER_0_44_858, 405.84, 133.28, 1.79687
FILLER_0_45_869, 405.84, 133.28, 1.79687
_15896_, 418.64, 133.28, 1.7968
_17905_, 418.64, 133.28, 1.7968
FILLER_0_45_890, 418.64, 133.28, 1.7968
FILLER_0_46_910, 418.64, 133.28, 1.7968
_12722_, 431.44, 133.28, 1.79672
_15612_, 431.44, 133.28, 1.79672
_16984_, 431.44, 133.28, 1.79672
_17792_, 431.44, 133.28, 1.79672
FILLER_0_45_929, 431.44, 133.28, 1.79672
_08930_, 444.24, 133.28, 1.79667
_08932_, 444.24, 133.28, 1.79667
hold423, 444.24, 133.28, 1.79667
FILLER_0_44_949, 444.24, 133.28, 1.79667
FILLER_0_45_941, 444.24, 133.28, 1.79667
FILLER_0_45_949, 444.24, 133.28, 1.79667
FILLER_0_45_953, 444.24, 133.28, 1.79667
_08928_, 457.04, 133.28, 1.79662
_08986_, 457.04, 133.28, 1.79662
_08987_, 457.04, 133.28, 1.79662
FILLER_0_44_968, 457.04, 133.28, 1.79662
_11993_, 469.84, 133.28, 1.79657
_13747_, 469.84, 133.28, 1.79657
_13748_, 469.84, 133.28, 1.79657
hold454, 469.84, 133.28, 1.79657
FILLER_0_44_1001, 469.84, 133.28, 1.79657
FILLER_0_45_1002, 469.84, 133.28, 1.79657
FILLER_0_45_1013, 469.84, 133.28, 1.79657
_08799_, 495.44, 133.28, 1.79642
_08881_, 495.44, 133.28, 1.79642
FILLER_0_44_1063, 495.44, 133.28, 1.79642
FILLER_0_45_1057, 495.44, 133.28, 1.79642
FILLER_0_45_1065, 495.44, 133.28, 1.79642
_10896_, 508.24, 133.28, 1.79632
_17654_, 508.24, 133.28, 1.79632
ANTENNA_211, 508.24, 133.28, 1.79632
FILLER_0_44_1087, 508.24, 133.28, 1.79632
_14501_, 521.04, 133.28, 1.79623
_14507_, 521.04, 133.28, 1.79623
_17477_, 521.04, 133.28, 1.79623
FILLER_0_45_1114, 521.04, 133.28, 1.79623
FILLER_0_45_1121, 521.04, 133.28, 1.79623
_10072_, 533.84, 133.28, 1.79615
_14731_, 533.84, 133.28, 1.79615
_16323_, 533.84, 133.28, 1.79615
_16329_, 533.84, 133.28, 1.79615
_18072_, 533.84, 133.28, 1.79615
hold930, 533.84, 133.28, 1.79615
ANTENNA_150, 533.84, 133.28, 1.79615
FILLER_0_45_1145, 533.84, 133.28, 1.79615
FILLER_0_46_1149, 533.84, 133.28, 1.79615
_16483_, 546.64, 133.28, 1.79608
_16487_, 546.64, 133.28, 1.79608
_18139_, 546.64, 133.28, 1.79608
clkbuf_leaf_161_clk, 546.64, 133.28, 1.79608
FILLER_0_44_1166, 546.64, 133.28, 1.79608
FILLER_0_46_1179, 546.64, 133.28, 1.79608
_14961_, 559.44, 133.28, 1.79607
_16489_, 559.44, 133.28, 1.79607
_18141_, 559.44, 133.28, 1.79607
hold843, 559.44, 133.28, 1.79607
FILLER_0_45_1209, 559.44, 133.28, 1.79607
FILLER_0_45_1217, 559.44, 133.28, 1.79607
FILLER_0_46_1214, 559.44, 133.28, 1.79607
_14694_, 572.24, 133.28, 1.79607
_16484_, 572.24, 133.28, 1.79607
_16490_, 572.24, 133.28, 1.79607
_17543_, 572.24, 133.28, 1.79607
FILLER_0_45_1229, 572.24, 133.28, 1.79607
FILLER_0_45_1233, 572.24, 133.28, 1.79607
FILLER_0_46_1234, 572.24, 133.28, 1.79607
_14691_, 585.04, 133.28, 1.79608
_17542_, 585.04, 133.28, 1.79608
hold632, 585.04, 133.28, 1.79608
FILLER_0_44_1249, 585.04, 133.28, 1.79608
FILLER_0_44_1257, 585.04, 133.28, 1.79608
FILLER_0_46_1261, 585.04, 133.28, 1.79608
FILLER_0_46_1272, 585.04, 133.28, 1.79608
_14686_, 597.84, 133.28, 1.79609
_14688_, 597.84, 133.28, 1.79609
_17540_, 597.84, 133.28, 1.79609
hold1067, 597.84, 133.28, 1.79609
FILLER_0_44_1276, 597.84, 133.28, 1.79609
FILLER_0_45_1292, 597.84, 133.28, 1.79609
_17848_, 610.64, 133.28, 1.79612
FILLER_0_45_1339, 623.44, 133.28, 1.79615
FILLER_0_45_1357, 623.44, 133.28, 1.79615
PHY_84, 5.52, 127.84, 1.79818
PHY_86, 5.52, 127.84, 1.79818
output49, 5.52, 127.84, 1.79818
FILLER_0_44_21, 13.68, 127.84, 1.79818
FILLER_0_43_51, 34.64, 127.84, 1.79818
FILLER_0_44_77, 34.64, 127.84, 1.79818
FILLER_0_43_105, 47.44, 127.84, 1.79818
FILLER_0_42_133, 73.04, 127.84, 1.79818
FILLER_0_43_161, 85.84, 127.84, 1.79818
FILLER_0_42_189, 98.64, 127.84, 1.79818
FILLER_0_43_217, 111.44, 127.84, 1.79818
FILLER_0_42_245, 124.24, 127.84, 1.79818
FILLER_0_43_273, 137.04, 127.84, 1.79818
FILLER_0_42_301, 149.84, 127.84, 1.79817
FILLER_0_43_329, 162.64, 127.84, 1.79817
_13600_, 188.24, 127.84, 1.7981
_13601_, 188.24, 127.84, 1.7981
FILLER_0_42_391, 188.24, 127.84, 1.7981
FILLER_0_43_387, 188.24, 127.84, 1.7981
FILLER_0_44_410, 188.24, 127.84, 1.7981
_13687_, 201.04, 127.84, 1.79802
hold1052, 201.04, 127.84, 1.79802
FILLER_0_43_417, 201.04, 127.84, 1.79802
_09472_, 213.84, 127.84, 1.79795
_17168_, 213.84, 127.84, 1.79795
FILLER_0_43_445, 213.84, 127.84, 1.79795
FILLER_0_43_461, 213.84, 127.84, 1.79795
_09528_, 226.64, 127.84, 1.79788
_11222_, 226.64, 127.84, 1.79788
_11223_, 226.64, 127.84, 1.79788
_11224_, 226.64, 127.84, 1.79788
hold661, 226.64, 127.84, 1.79788
_09308_, 239.44, 127.84, 1.79782
_11240_, 239.44, 127.84, 1.79782
_17485_, 239.44, 127.84, 1.79782
_14524_, 252.24, 127.84, 1.79777
_14525_, 252.24, 127.84, 1.79777
FILLER_0_42_526, 252.24, 127.84, 1.79777
FILLER_0_43_542, 252.24, 127.84, 1.79777
FILLER_0_44_543, 252.24, 127.84, 1.79777
_13828_, 265.04, 127.84, 1.79772
_13829_, 265.04, 127.84, 1.79772
_13942_, 265.04, 127.84, 1.79772
_17328_, 265.04, 127.84, 1.79772
hold846, 265.04, 127.84, 1.79772
FILLER_0_43_569, 265.04, 127.84, 1.79772
_11227_, 277.84, 127.84, 1.79768
FILLER_0_42_583, 277.84, 127.84, 1.79768
_09556_, 290.64, 127.84, 1.79764
_10455_, 290.64, 127.84, 1.79764
_14627_, 290.64, 127.84, 1.79764
_14628_, 290.64, 127.84, 1.79764
hold524, 290.64, 127.84, 1.79764
FILLER_0_42_606, 290.64, 127.84, 1.79764
FILLER_0_43_607, 290.64, 127.84, 1.79764
_13767_, 303.44, 127.84, 1.7976
_15312_, 303.44, 127.84, 1.7976
_15313_, 303.44, 127.84, 1.7976
_17312_, 303.44, 127.84, 1.7976
_17680_, 303.44, 127.84, 1.7976
hold561, 303.44, 127.84, 1.7976
FILLER_0_42_636, 303.44, 127.84, 1.7976
FILLER_0_43_638, 303.44, 127.84, 1.7976
FILLER_0_43_652, 303.44, 127.84, 1.7976
_12035_, 316.24, 127.84, 1.79758
_13827_, 316.24, 127.84, 1.79758
_14715_, 316.24, 127.84, 1.79758
_15311_, 316.24, 127.84, 1.79758
_15361_, 316.24, 127.84, 1.79758
_15362_, 316.24, 127.84, 1.79758
FILLER_0_42_670, 316.24, 127.84, 1.79758
_11094_, 341.84, 127.84, 1.79744
_12909_, 341.84, 127.84, 1.79744
hold753, 341.84, 127.84, 1.79744
FILLER_0_43_729, 341.84, 127.84, 1.79744
FILLER_0_43_737, 341.84, 127.84, 1.79744
_09510_, 354.64, 127.84, 1.79731
FILLER_0_42_757, 354.64, 127.84, 1.79731
FILLER_0_44_760, 354.64, 127.84, 1.79731
_09509_, 367.44, 127.84, 1.79717
_15651_, 367.44, 127.84, 1.79717
hold550, 367.44, 127.84, 1.79717
FILLER_0_42_784, 367.44, 127.84, 1.79717
FILLER_0_43_773, 367.44, 127.84, 1.79717
FILLER_0_43_781, 367.44, 127.84, 1.79717
_10692_, 380.24, 127.84, 1.79705
_10705_, 380.24, 127.84, 1.79705
_11257_, 380.24, 127.84, 1.79705
_11324_, 380.24, 127.84, 1.79705
FILLER_0_44_822, 380.24, 127.84, 1.79705
_10704_, 393.04, 127.84, 1.79692
_14717_, 393.04, 127.84, 1.79692
_15524_, 393.04, 127.84, 1.79692
_15525_, 393.04, 127.84, 1.79692
_17550_, 393.04, 127.84, 1.79692
FILLER_0_43_832, 393.04, 127.84, 1.79692
FILLER_0_43_847, 393.04, 127.84, 1.79692
_14716_, 405.84, 127.84, 1.79681
_15730_, 405.84, 127.84, 1.79681
_17840_, 405.84, 127.84, 1.79681
FILLER_0_42_869, 405.84, 127.84, 1.79681
_15610_, 418.64, 127.84, 1.79671
_17791_, 418.64, 127.84, 1.79671
clkbuf_leaf_190_clk, 418.64, 127.84, 1.79671
hold1041, 418.64, 127.84, 1.79671
FILLER_0_43_890, 418.64, 127.84, 1.79671
_15607_, 431.44, 127.84, 1.79666
_15608_, 431.44, 127.84, 1.79666
_16985_, 431.44, 127.84, 1.79666
FILLER_0_42_918, 431.44, 127.84, 1.79666
FILLER_0_43_929, 431.44, 127.84, 1.79666
_08984_, 444.24, 127.84, 1.79661
_08985_, 444.24, 127.84, 1.79661
_12723_, 444.24, 127.84, 1.79661
hold426, 444.24, 127.84, 1.79661
ANTENNA_84, 444.24, 127.84, 1.79661
_08983_, 457.04, 127.84, 1.79657
_16706_, 457.04, 127.84, 1.79657
FILLER_0_43_987, 457.04, 127.84, 1.79657
_08880_, 469.84, 127.84, 1.79654
_11995_, 469.84, 127.84, 1.79654
_11996_, 469.84, 127.84, 1.79654
hold583, 469.84, 127.84, 1.79654
FILLER_0_43_1018, 469.84, 127.84, 1.79654
_08882_, 495.44, 127.84, 1.79644
_08903_, 495.44, 127.84, 1.79644
_13750_, 495.44, 127.84, 1.79644
FILLER_0_42_1060, 495.44, 127.84, 1.79644
FILLER_0_43_1056, 495.44, 127.84, 1.79644
_13743_, 508.24, 127.84, 1.79639
_13744_, 508.24, 127.84, 1.79639
_13745_, 508.24, 127.84, 1.79639
_13746_, 508.24, 127.84, 1.79639
_17302_, 508.24, 127.84, 1.79639
hold597, 508.24, 127.84, 1.79639
FILLER_0_42_1080, 508.24, 127.84, 1.79639
FILLER_0_43_1098, 508.24, 127.84, 1.79639
_08478_, 521.04, 127.84, 1.79635
_08562_, 521.04, 127.84, 1.79635
_14506_, 521.04, 127.84, 1.79635
hold833, 521.04, 127.84, 1.79635
FILLER_0_43_1117, 521.04, 127.84, 1.79635
_10083_, 533.84, 127.84, 1.79631
_14508_, 533.84, 127.84, 1.79631
_16328_, 533.84, 127.84, 1.79631
hold965, 533.84, 127.84, 1.79631
FILLER_0_43_1144, 533.84, 127.84, 1.79631
FILLER_0_44_1149, 533.84, 127.84, 1.79631
_16486_, 546.64, 127.84, 1.79628
FILLER_0_43_1167, 546.64, 127.84, 1.79628
FILLER_0_43_1177, 546.64, 127.84, 1.79628
FILLER_0_43_1189, 546.64, 127.84, 1.79628
_14733_, 559.44, 127.84, 1.79625
_16488_, 559.44, 127.84, 1.79625
_17556_, 559.44, 127.84, 1.79625
_18140_, 559.44, 127.84, 1.79625
FILLER_0_42_1201, 559.44, 127.84, 1.79625
_16485_, 572.24, 127.84, 1.79623
_18138_, 572.24, 127.84, 1.79623
hold953, 572.24, 127.84, 1.79623
hold1141, 572.24, 127.84, 1.79623
FILLER_0_42_1220, 572.24, 127.84, 1.79623
FILLER_0_43_1233, 572.24, 127.84, 1.79623
_14692_, 585.04, 127.84, 1.79622
_16324_, 585.04, 127.84, 1.79622
hold621, 585.04, 127.84, 1.79622
hold888, 585.04, 127.84, 1.79622
FILLER_0_43_1252, 585.04, 127.84, 1.79622
_14689_, 597.84, 127.84, 1.79621
_17541_, 597.84, 127.84, 1.79621
hold593, 597.84, 127.84, 1.79621
FILLER_0_43_1277, 597.84, 127.84, 1.79621
FILLER_0_44_1290, 597.84, 127.84, 1.79621
FILLER_0_42_1306, 610.64, 127.84, 1.79621
FILLER_0_43_1341, 623.44, 127.84, 1.79621
PHY_80, 5.52, 122.4, 1.79815
PHY_82, 5.52, 122.4, 1.79815
FILLER_0_41_51, 34.64, 122.4, 1.79814
FILLER_0_42_77, 34.64, 122.4, 1.79814
FILLER_0_41_105, 47.44, 122.4, 1.79814
FILLER_0_40_133, 73.04, 122.4, 1.79813
FILLER_0_41_161, 85.84, 122.4, 1.79812
FILLER_0_40_189, 98.64, 122.4, 1.79812
FILLER_0_41_217, 111.44, 122.4, 1.79812
FILLER_0_40_245, 124.24, 122.4, 1.79811
FILLER_0_41_273, 137.04, 122.4, 1.79811
FILLER_0_40_301, 149.84, 122.4, 1.7981
FILLER_0_41_329, 162.64, 122.4, 1.7981
_13599_, 188.24, 122.4, 1.798
_17248_, 188.24, 122.4, 1.798
_17344_, 188.24, 122.4, 1.798
hold1183, 188.24, 122.4, 1.798
FILLER_0_41_385, 188.24, 122.4, 1.798
FILLER_0_41_393, 188.24, 122.4, 1.798
_13868_, 201.04, 122.4, 1.79793
_13869_, 201.04, 122.4, 1.79793
_13906_, 201.04, 122.4, 1.79793
_17360_, 201.04, 122.4, 1.79793
FILLER_0_40_415, 201.04, 122.4, 1.79793
FILLER_0_42_433, 201.04, 122.4, 1.79793
_09530_, 213.84, 122.4, 1.79786
_13379_, 213.84, 122.4, 1.79786
_13380_, 213.84, 122.4, 1.79786
FILLER_0_41_443, 213.84, 122.4, 1.79786
FILLER_0_41_452, 213.84, 122.4, 1.79786
_09474_, 226.64, 122.4, 1.7978
_09475_, 226.64, 122.4, 1.7978
_09477_, 226.64, 122.4, 1.7978
_09527_, 226.64, 122.4, 1.7978
_09529_, 226.64, 122.4, 1.7978
hold924, 226.64, 122.4, 1.7978
FILLER_0_41_477, 226.64, 122.4, 1.7978
FILLER_0_42_486, 226.64, 122.4, 1.7978
_09476_, 239.44, 122.4, 1.79773
_13299_, 239.44, 122.4, 1.79773
_13300_, 239.44, 122.4, 1.79773
_17136_, 239.44, 122.4, 1.79773
hold727, 239.44, 122.4, 1.79773
FILLER_0_40_495, 239.44, 122.4, 1.79773
FILLER_0_41_505, 239.44, 122.4, 1.79773
_09482_, 252.24, 122.4, 1.79768
_09526_, 252.24, 122.4, 1.79768
_09535_, 252.24, 122.4, 1.79768
FILLER_0_40_529, 252.24, 122.4, 1.79768
FILLER_0_41_538, 252.24, 122.4, 1.79768
FILLER_0_41_546, 252.24, 122.4, 1.79768
FILLER_0_42_545, 252.24, 122.4, 1.79768
_09480_, 265.04, 122.4, 1.79763
_09533_, 265.04, 122.4, 1.79763
_09534_, 265.04, 122.4, 1.79763
_09539_, 265.04, 122.4, 1.79763
_09537_, 277.84, 122.4, 1.79758
_09538_, 277.84, 122.4, 1.79758
_11228_, 277.84, 122.4, 1.79758
_09366_, 290.64, 122.4, 1.79753
_09503_, 290.64, 122.4, 1.79753
_11294_, 290.64, 122.4, 1.79753
FILLER_0_41_613, 290.64, 122.4, 1.79753
_09441_, 303.44, 122.4, 1.79749
_13766_, 303.44, 122.4, 1.79749
FILLER_0_40_641, 303.44, 122.4, 1.79749
FILLER_0_40_645, 303.44, 122.4, 1.79749
FILLER_0_41_634, 303.44, 122.4, 1.79749
FILLER_0_42_661, 303.44, 122.4, 1.79749
_17679_, 316.24, 122.4, 1.79745
clkbuf_leaf_221_clk, 316.24, 122.4, 1.79745
hold1135, 316.24, 122.4, 1.79745
FILLER_0_42_684, 316.24, 122.4, 1.79745
_11085_, 341.84, 122.4, 1.79735
_11086_, 341.84, 122.4, 1.79735
_15435_, 341.84, 122.4, 1.79735
hold1144, 341.84, 122.4, 1.79735
_09388_, 354.64, 122.4, 1.79724
_11253_, 354.64, 122.4, 1.79724
_11256_, 354.64, 122.4, 1.79724
hold622, 354.64, 122.4, 1.79724
FILLER_0_41_748, 354.64, 122.4, 1.79724
_09390_, 367.44, 122.4, 1.79714
_09458_, 367.44, 122.4, 1.79714
_15649_, 367.44, 122.4, 1.79714
_17807_, 367.44, 122.4, 1.79714
FILLER_0_42_792, 367.44, 122.4, 1.79714
_09576_, 380.24, 122.4, 1.79705
_15650_, 380.24, 122.4, 1.79705
FILLER_0_40_803, 380.24, 122.4, 1.79705
FILLER_0_41_819, 380.24, 122.4, 1.79705
FILLER_0_42_822, 380.24, 122.4, 1.79705
_17759_, 393.04, 122.4, 1.79696
FILLER_0_40_841, 393.04, 122.4, 1.79696
FILLER_0_41_837, 393.04, 122.4, 1.79696
_15729_, 405.84, 122.4, 1.79688
hold734, 405.84, 122.4, 1.79688
_11269_, 418.64, 122.4, 1.79679
_15609_, 418.64, 122.4, 1.79679
FILLER_0_40_885, 418.64, 122.4, 1.79679
FILLER_0_41_893, 418.64, 122.4, 1.79679
FILLER_0_41_908, 418.64, 122.4, 1.79679
_12724_, 431.44, 122.4, 1.79671
_17790_, 431.44, 122.4, 1.79671
FILLER_0_40_916, 431.44, 122.4, 1.79671
FILLER_0_42_934, 431.44, 122.4, 1.79671
_10842_, 444.24, 122.4, 1.79664
_14557_, 444.24, 122.4, 1.79664
_14558_, 444.24, 122.4, 1.79664
_17494_, 444.24, 122.4, 1.79664
hold610, 444.24, 122.4, 1.79664
FILLER_0_41_943, 444.24, 122.4, 1.79664
FILLER_0_41_949, 444.24, 122.4, 1.79664
FILLER_0_42_954, 444.24, 122.4, 1.79664
_10843_, 457.04, 122.4, 1.79658
FILLER_0_40_969, 457.04, 122.4, 1.79658
FILLER_0_40_977, 457.04, 122.4, 1.79658
FILLER_0_40_981, 457.04, 122.4, 1.79658
_08786_, 469.84, 122.4, 1.79652
_08793_, 469.84, 122.4, 1.79652
_08794_, 469.84, 122.4, 1.79652
_11998_, 469.84, 122.4, 1.79652
_10901_, 495.44, 122.4, 1.79634
_14545_, 495.44, 122.4, 1.79634
_14549_, 495.44, 122.4, 1.79634
FILLER_0_41_1057, 495.44, 122.4, 1.79634
FILLER_0_41_1065, 495.44, 122.4, 1.79634
FILLER_0_42_1068, 495.44, 122.4, 1.79634
_14546_, 508.24, 122.4, 1.79622
_17303_, 508.24, 122.4, 1.79622
clkbuf_leaf_172_clk, 508.24, 122.4, 1.79622
hold687, 508.24, 122.4, 1.79622
FILLER_0_40_1084, 508.24, 122.4, 1.79622
FILLER_0_41_1090, 508.24, 122.4, 1.79622
_14509_, 521.04, 122.4, 1.79617
_17475_, 521.04, 122.4, 1.79617
_17478_, 521.04, 122.4, 1.79617
FILLER_0_41_1115, 521.04, 122.4, 1.79617
FILLER_0_41_1121, 521.04, 122.4, 1.79617
_08350_, 533.84, 122.4, 1.79612
_08481_, 533.84, 122.4, 1.79612
_10084_, 533.84, 122.4, 1.79612
_16628_, 533.84, 122.4, 1.79612
_17557_, 533.84, 122.4, 1.79612
FILLER_0_41_1152, 533.84, 122.4, 1.79612
_14734_, 546.64, 122.4, 1.7961
_16326_, 546.64, 122.4, 1.7961
hold697, 546.64, 122.4, 1.7961
_14732_, 559.44, 122.4, 1.79608
_14739_, 559.44, 122.4, 1.79608
_16327_, 559.44, 122.4, 1.79608
hold656, 559.44, 122.4, 1.79608
FILLER_0_42_1205, 559.44, 122.4, 1.79608
_10833_, 572.24, 122.4, 1.79606
FILLER_0_42_1243, 572.24, 122.4, 1.79606
_16325_, 585.04, 122.4, 1.79605
_16330_, 585.04, 122.4, 1.79605
_16331_, 585.04, 122.4, 1.79605
_18070_, 585.04, 122.4, 1.79605
_18073_, 585.04, 122.4, 1.79605
FILLER_0_40_1257, 585.04, 122.4, 1.79605
clkbuf_leaf_166_clk, 597.84, 122.4, 1.79605
FILLER_0_41_1278, 597.84, 122.4, 1.79605
FILLER_0_41_1333, 623.44, 122.4, 1.79614
FILLER_0_41_1341, 623.44, 122.4, 1.79614
PHY_76, 5.52, 116.96, 1.79811
PHY_78, 5.52, 116.96, 1.79811
FILLER_0_39_51, 34.64, 116.96, 1.7981
FILLER_0_40_77, 34.64, 116.96, 1.7981
FILLER_0_39_105, 47.44, 116.96, 1.79809
FILLER_0_38_133, 73.04, 116.96, 1.79807
FILLER_0_39_161, 85.84, 116.96, 1.79806
FILLER_0_38_189, 98.64, 116.96, 1.79805
FILLER_0_39_217, 111.44, 116.96, 1.79804
FILLER_0_38_245, 124.24, 116.96, 1.79803
FILLER_0_39_273, 137.04, 116.96, 1.79802
FILLER_0_38_301, 149.84, 116.96, 1.79801
FILLER_0_39_329, 162.64, 116.96, 1.798
_13412_, 188.24, 116.96, 1.79787
_13595_, 188.24, 116.96, 1.79787
clkbuf_leaf_231_clk, 188.24, 116.96, 1.79787
FILLER_0_38_394, 188.24, 116.96, 1.79787
FILLER_0_39_393, 188.24, 116.96, 1.79787
FILLER_0_40_407, 188.24, 116.96, 1.79787
_13681_, 201.04, 116.96, 1.7978
_13863_, 201.04, 116.96, 1.7978
_13905_, 201.04, 116.96, 1.7978
ANTENNA_130, 201.04, 116.96, 1.7978
ANTENNA_141, 201.04, 116.96, 1.7978
FILLER_0_38_415, 201.04, 116.96, 1.7978
FILLER_0_38_421, 201.04, 116.96, 1.7978
_13636_, 213.84, 116.96, 1.79772
_13637_, 213.84, 116.96, 1.79772
_17264_, 213.84, 116.96, 1.79772
FILLER_0_39_439, 213.84, 116.96, 1.79772
FILLER_0_40_463, 213.84, 116.96, 1.79772
_09302_, 226.64, 116.96, 1.79766
ANTENNA_177, 226.64, 116.96, 1.79766
FILLER_0_38_472, 226.64, 116.96, 1.79766
FILLER_0_38_477, 226.64, 116.96, 1.79766
FILLER_0_39_486, 226.64, 116.96, 1.79766
_09303_, 239.44, 116.96, 1.7976
ANTENNA_50, 239.44, 116.96, 1.7976
ANTENNA_53, 239.44, 116.96, 1.7976
FILLER_0_38_504, 239.44, 116.96, 1.7976
FILLER_0_39_496, 239.44, 116.96, 1.7976
FILLER_0_40_521, 239.44, 116.96, 1.7976
_09296_, 252.24, 116.96, 1.79753
_09297_, 252.24, 116.96, 1.79753
_09473_, 252.24, 116.96, 1.79753
_09483_, 252.24, 116.96, 1.79753
_09487_, 252.24, 116.96, 1.79753
_09536_, 252.24, 116.96, 1.79753
_09540_, 252.24, 116.96, 1.79753
FILLER_0_38_525, 252.24, 116.96, 1.79753
FILLER_0_38_533, 252.24, 116.96, 1.79753
FILLER_0_39_527, 252.24, 116.96, 1.79753
FILLER_0_40_543, 252.24, 116.96, 1.79753
_09479_, 265.04, 116.96, 1.79748
_09481_, 265.04, 116.96, 1.79748
_09485_, 265.04, 116.96, 1.79748
_09486_, 265.04, 116.96, 1.79748
_09532_, 265.04, 116.96, 1.79748
FILLER_0_38_555, 265.04, 116.96, 1.79748
FILLER_0_39_553, 265.04, 116.96, 1.79748
FILLER_0_39_570, 265.04, 116.96, 1.79748
_09324_, 277.84, 116.96, 1.79742
_09325_, 277.84, 116.96, 1.79742
_09327_, 277.84, 116.96, 1.79742
_09484_, 277.84, 116.96, 1.79742
clkbuf_leaf_222_clk, 277.84, 116.96, 1.79742
ANTENNA_64, 277.84, 116.96, 1.79742
FILLER_0_38_585, 277.84, 116.96, 1.79742
FILLER_0_40_595, 277.84, 116.96, 1.79742
_09471_, 290.64, 116.96, 1.7974
FILLER_0_39_613, 290.64, 116.96, 1.7974
FILLER_0_39_629, 290.64, 116.96, 1.7974
_09347_, 303.44, 116.96, 1.79739
_09349_, 303.44, 116.96, 1.79739
_09440_, 303.44, 116.96, 1.79739
FILLER_0_38_634, 303.44, 116.96, 1.79739
FILLER_0_39_637, 303.44, 116.96, 1.79739
FILLER_0_39_646, 303.44, 116.96, 1.79739
FILLER_0_40_657, 303.44, 116.96, 1.79739
_10453_, 316.24, 116.96, 1.79738
_15310_, 316.24, 116.96, 1.79738
_17678_, 316.24, 116.96, 1.79738
_17726_, 316.24, 116.96, 1.79738
FILLER_0_39_662, 316.24, 116.96, 1.79738
FILLER_0_39_682, 316.24, 116.96, 1.79738
_15482_, 341.84, 116.96, 1.79727
_15483_, 341.84, 116.96, 1.79727
_17743_, 341.84, 116.96, 1.79727
FILLER_0_38_725, 341.84, 116.96, 1.79727
FILLER_0_39_725, 341.84, 116.96, 1.79727
FILLER_0_39_729, 341.84, 116.96, 1.79727
_09455_, 354.64, 116.96, 1.79716
_09457_, 354.64, 116.96, 1.79716
_09512_, 367.44, 116.96, 1.79705
FILLER_0_39_774, 367.44, 116.96, 1.79705
_09295_, 380.24, 116.96, 1.79694
_09368_, 380.24, 116.96, 1.79694
_09524_, 380.24, 116.96, 1.79694
_09577_, 380.24, 116.96, 1.79694
hold672, 380.24, 116.96, 1.79694
FILLER_0_39_821, 380.24, 116.96, 1.79694
_10664_, 393.04, 116.96, 1.79684
_11024_, 393.04, 116.96, 1.79684
_11133_, 393.04, 116.96, 1.79684
_14712_, 393.04, 116.96, 1.79684
_17548_, 393.04, 116.96, 1.79684
FILLER_0_38_830, 393.04, 116.96, 1.79684
FILLER_0_39_832, 393.04, 116.96, 1.79684
FILLER_0_39_841, 393.04, 116.96, 1.79684
_10698_, 405.84, 116.96, 1.79676
_14713_, 405.84, 116.96, 1.79676
_14714_, 405.84, 116.96, 1.79676
_17549_, 405.84, 116.96, 1.79676
FILLER_0_38_864, 405.84, 116.96, 1.79676
_09464_, 418.64, 116.96, 1.7967
_11266_, 418.64, 116.96, 1.7967
_11268_, 418.64, 116.96, 1.7967
FILLER_0_38_890, 418.64, 116.96, 1.7967
FILLER_0_39_889, 418.64, 116.96, 1.7967
_15764_, 431.44, 116.96, 1.79664
_15765_, 431.44, 116.96, 1.79664
_17855_, 431.44, 116.96, 1.79664
hold711, 431.44, 116.96, 1.79664
FILLER_0_38_918, 431.44, 116.96, 1.79664
FILLER_0_40_937, 431.44, 116.96, 1.79664
_08757_, 444.24, 116.96, 1.79658
_08982_, 444.24, 116.96, 1.79658
_12007_, 444.24, 116.96, 1.79658
_12008_, 444.24, 116.96, 1.79658
FILLER_0_39_948, 444.24, 116.96, 1.79658
FILLER_0_39_953, 444.24, 116.96, 1.79658
_10839_, 457.04, 116.96, 1.79654
_12000_, 457.04, 116.96, 1.79654
_12006_, 457.04, 116.96, 1.79654
FILLER_0_38_981, 457.04, 116.96, 1.79654
FILLER_0_40_995, 457.04, 116.96, 1.79654
_08875_, 469.84, 116.96, 1.79649
_11999_, 469.84, 116.96, 1.79649
hold827, 469.84, 116.96, 1.79649
FILLER_0_38_1004, 469.84, 116.96, 1.79649
FILLER_0_39_1002, 469.84, 116.96, 1.79649
_17491_, 495.44, 116.96, 1.79635
FILLER_0_39_1077, 495.44, 116.96, 1.79635
_12718_, 508.24, 116.96, 1.79626
_16982_, 508.24, 116.96, 1.79626
hold830, 508.24, 116.96, 1.79626
FILLER_0_38_1081, 508.24, 116.96, 1.79626
FILLER_0_38_1089, 508.24, 116.96, 1.79626
FILLER_0_39_1085, 508.24, 116.96, 1.79626
_14502_, 521.04, 116.96, 1.79618
_14503_, 521.04, 116.96, 1.79618
hold1046, 521.04, 116.96, 1.79618
FILLER_0_38_1115, 521.04, 116.96, 1.79618
FILLER_0_39_1116, 521.04, 116.96, 1.79618
FILLER_0_39_1133, 521.04, 116.96, 1.79618
_08756_, 533.84, 116.96, 1.7961
_14736_, 533.84, 116.96, 1.7961
_14737_, 533.84, 116.96, 1.7961
_17558_, 533.84, 116.96, 1.7961
hold535, 533.84, 116.96, 1.7961
FILLER_0_38_1143, 533.84, 116.96, 1.7961
_14735_, 546.64, 116.96, 1.79602
_18071_, 546.64, 116.96, 1.79602
FILLER_0_39_1167, 546.64, 116.96, 1.79602
FILLER_0_40_1180, 546.64, 116.96, 1.79602
_17559_, 559.44, 116.96, 1.79596
clkbuf_5_21__f_clk, 559.44, 116.96, 1.79596
_10831_, 572.24, 116.96, 1.79599
_10832_, 572.24, 116.96, 1.79599
hold608, 572.24, 116.96, 1.79599
_10088_, 585.04, 116.96, 1.79602
_16629_, 585.04, 116.96, 1.79602
hold587, 585.04, 116.96, 1.79602
ANTENNA_83, 585.04, 116.96, 1.79602
FILLER_0_38_1253, 585.04, 116.96, 1.79602
FILLER_0_39_1255, 585.04, 116.96, 1.79602
FILLER_0_40_1261, 585.04, 116.96, 1.79602
FILLER_0_38_1308, 610.64, 116.96, 1.7961
FILLER_0_39_1337, 623.44, 116.96, 1.79615
PHY_72, 5.52, 111.52, 1.79808
PHY_74, 5.52, 111.52, 1.79808
FILLER_0_37_51, 34.64, 111.52, 1.79807
FILLER_0_38_77, 34.64, 111.52, 1.79807
FILLER_0_37_105, 47.44, 111.52, 1.79806
FILLER_0_36_133, 73.04, 111.52, 1.79804
FILLER_0_37_161, 85.84, 111.52, 1.79803
FILLER_0_36_189, 98.64, 111.52, 1.79802
FILLER_0_37_217, 111.44, 111.52, 1.79801
FILLER_0_36_245, 124.24, 111.52, 1.798
FILLER_0_37_273, 137.04, 111.52, 1.79799
FILLER_0_36_301, 149.84, 111.52, 1.79798
FILLER_0_37_329, 162.64, 111.52, 1.79797
_12999_, 188.24, 111.52, 1.79788
_13594_, 188.24, 111.52, 1.79788
_17246_, 188.24, 111.52, 1.79788
FILLER_0_37_385, 188.24, 111.52, 1.79788
FILLER_0_37_393, 188.24, 111.52, 1.79788
FILLER_0_37_401, 188.24, 111.52, 1.79788
_13593_, 201.04, 111.52, 1.79781
_13685_, 201.04, 111.52, 1.79781
_17279_, 201.04, 111.52, 1.79781
ANTENNA_132, 201.04, 111.52, 1.79781
FILLER_0_36_421, 201.04, 111.52, 1.79781
FILLER_0_37_413, 201.04, 111.52, 1.79781
_09424_, 213.84, 111.52, 1.79774
_17278_, 213.84, 111.52, 1.79774
hold1099, 213.84, 111.52, 1.79774
FILLER_0_37_461, 213.84, 111.52, 1.79774
_09304_, 226.64, 111.52, 1.79768
_09309_, 226.64, 111.52, 1.79768
_09310_, 226.64, 111.52, 1.79768
_09421_, 226.64, 111.52, 1.79768
_09422_, 226.64, 111.52, 1.79768
_09423_, 226.64, 111.52, 1.79768
FILLER_0_36_473, 226.64, 111.52, 1.79768
FILLER_0_37_480, 226.64, 111.52, 1.79768
_09305_, 239.44, 111.52, 1.79763
_09306_, 239.44, 111.52, 1.79763
_11119_, 239.44, 111.52, 1.79763
_11124_, 239.44, 111.52, 1.79763
FILLER_0_36_501, 239.44, 111.52, 1.79763
FILLER_0_37_499, 239.44, 111.52, 1.79763
FILLER_0_37_512, 239.44, 111.52, 1.79763
FILLER_0_38_514, 239.44, 111.52, 1.79763
_09331_, 252.24, 111.52, 1.79758
_09420_, 252.24, 111.52, 1.79758
ANTENNA_38, 252.24, 111.52, 1.79758
FILLER_0_36_533, 252.24, 111.52, 1.79758
_09311_, 265.04, 111.52, 1.79753
_09312_, 265.04, 111.52, 1.79753
_09318_, 265.04, 111.52, 1.79753
_09531_, 265.04, 111.52, 1.79753
ANTENNA_74, 265.04, 111.52, 1.79753
FILLER_0_36_552, 265.04, 111.52, 1.79753
FILLER_0_36_564, 265.04, 111.52, 1.79753
FILLER_0_37_556, 265.04, 111.52, 1.79753
FILLER_0_37_564, 265.04, 111.52, 1.79753
FILLER_0_38_577, 265.04, 111.52, 1.79753
_14755_, 277.84, 111.52, 1.79749
_17566_, 277.84, 111.52, 1.79749
hold939, 277.84, 111.52, 1.79749
ANTENNA_59, 277.84, 111.52, 1.79749
FILLER_0_36_583, 277.84, 111.52, 1.79749
FILLER_0_37_581, 277.84, 111.52, 1.79749
FILLER_0_37_589, 277.84, 111.52, 1.79749
FILLER_0_37_603, 277.84, 111.52, 1.79749
_09367_, 290.64, 111.52, 1.79745
_09442_, 290.64, 111.52, 1.79745
_09449_, 290.64, 111.52, 1.79745
_09450_, 290.64, 111.52, 1.79745
FILLER_0_37_628, 290.64, 111.52, 1.79745
FILLER_0_38_620, 290.64, 111.52, 1.79745
_09344_, 303.44, 111.52, 1.79742
_09350_, 303.44, 111.52, 1.79742
_09439_, 303.44, 111.52, 1.79742
_15307_, 303.44, 111.52, 1.79742
FILLER_0_37_643, 303.44, 111.52, 1.79742
FILLER_0_37_657, 303.44, 111.52, 1.79742
_11134_, 316.24, 111.52, 1.79739
_15308_, 316.24, 111.52, 1.79739
hold573, 316.24, 111.52, 1.79739
hold1140, 316.24, 111.52, 1.79739
FILLER_0_37_665, 316.24, 111.52, 1.79739
_09383_, 341.84, 111.52, 1.79726
_12907_, 341.84, 111.52, 1.79726
_12908_, 341.84, 111.52, 1.79726
hold810, 341.84, 111.52, 1.79726
FILLER_0_37_721, 341.84, 111.52, 1.79726
_11252_, 354.64, 111.52, 1.79715
_11255_, 354.64, 111.52, 1.79715
FILLER_0_36_753, 354.64, 111.52, 1.79715
FILLER_0_37_746, 354.64, 111.52, 1.79715
FILLER_0_37_770, 354.64, 111.52, 1.79715
_09384_, 367.44, 111.52, 1.79705
_09391_, 367.44, 111.52, 1.79705
_09456_, 367.44, 111.52, 1.79705
_09459_, 367.44, 111.52, 1.79705
_15561_, 367.44, 111.52, 1.79705
_15562_, 367.44, 111.52, 1.79705
_17775_, 367.44, 111.52, 1.79705
FILLER_0_37_793, 367.44, 111.52, 1.79705
_09417_, 380.24, 111.52, 1.79696
_09469_, 380.24, 111.52, 1.79696
_09470_, 380.24, 111.52, 1.79696
_09523_, 380.24, 111.52, 1.79696
_10030_, 380.24, 111.52, 1.79696
_11089_, 380.24, 111.52, 1.79696
FILLER_0_37_815, 380.24, 111.52, 1.79696
_09416_, 393.04, 111.52, 1.79688
_09522_, 393.04, 111.52, 1.79688
_10031_, 393.04, 111.52, 1.79688
_11027_, 393.04, 111.52, 1.79688
_14711_, 393.04, 111.52, 1.79688
FILLER_0_36_839, 393.04, 111.52, 1.79688
_09465_, 405.84, 111.52, 1.79681
_09521_, 405.84, 111.52, 1.79681
hold525, 405.84, 111.52, 1.79681
FILLER_0_36_858, 405.84, 111.52, 1.79681
FILLER_0_37_877, 405.84, 111.52, 1.79681
FILLER_0_38_879, 405.84, 111.52, 1.79681
_09518_, 418.64, 111.52, 1.79674
_11265_, 418.64, 111.52, 1.79674
FILLER_0_36_889, 418.64, 111.52, 1.79674
FILLER_0_37_887, 418.64, 111.52, 1.79674
_15688_, 431.44, 111.52, 1.79668
_16709_, 431.44, 111.52, 1.79668
hold836, 431.44, 111.52, 1.79668
FILLER_0_36_916, 431.44, 111.52, 1.79668
FILLER_0_36_925, 431.44, 111.52, 1.79668
FILLER_0_37_931, 431.44, 111.52, 1.79668
hold564, 444.24, 111.52, 1.79662
FILLER_0_36_952, 444.24, 111.52, 1.79662
FILLER_0_37_965, 444.24, 111.52, 1.79662
_12768_, 457.04, 111.52, 1.79656
_16707_, 457.04, 111.52, 1.79656
hold438, 457.04, 111.52, 1.79656
FILLER_0_36_974, 457.04, 111.52, 1.79656
_16999_, 469.84, 111.52, 1.79651
FILLER_0_37_1004, 469.84, 111.52, 1.79651
FILLER_0_37_1021, 469.84, 111.52, 1.79651
_10892_, 495.44, 111.52, 1.79643
_10990_, 495.44, 111.52, 1.79643
_10996_, 495.44, 111.52, 1.79643
_12717_, 508.24, 111.52, 1.7964
_12719_, 508.24, 111.52, 1.7964
_12720_, 508.24, 111.52, 1.7964
hold805, 508.24, 111.52, 1.7964
FILLER_0_36_1085, 508.24, 111.52, 1.7964
FILLER_0_37_1082, 508.24, 111.52, 1.7964
_08744_, 521.04, 111.52, 1.79637
_08759_, 521.04, 111.52, 1.79637
_14504_, 521.04, 111.52, 1.79637
_14505_, 521.04, 111.52, 1.79637
_17476_, 521.04, 111.52, 1.79637
ANTENNA_63, 521.04, 111.52, 1.79637
FILLER_0_37_1109, 521.04, 111.52, 1.79637
FILLER_0_37_1115, 521.04, 111.52, 1.79637
FILLER_0_37_1130, 521.04, 111.52, 1.79637
FILLER_0_38_1123, 521.04, 111.52, 1.79637
_08910_, 533.84, 111.52, 1.79634
_08916_, 533.84, 111.52, 1.79634
_10989_, 533.84, 111.52, 1.79634
ANTENNA_58, 533.84, 111.52, 1.79634
FILLER_0_36_1144, 533.84, 111.52, 1.79634
FILLER_0_38_1153, 533.84, 111.52, 1.79634
_10987_, 546.64, 111.52, 1.79632
_10988_, 546.64, 111.52, 1.79632
FILLER_0_37_1171, 546.64, 111.52, 1.79632
_08863_, 559.44, 111.52, 1.79631
_08964_, 559.44, 111.52, 1.79631
_08971_, 559.44, 111.52, 1.79631
_14738_, 559.44, 111.52, 1.79631
FILLER_0_36_1193, 559.44, 111.52, 1.79631
FILLER_0_36_1201, 559.44, 111.52, 1.79631
FILLER_0_38_1215, 559.44, 111.52, 1.79631
_08758_, 572.24, 111.52, 1.79629
_08970_, 572.24, 111.52, 1.79629
FILLER_0_36_1223, 572.24, 111.52, 1.79629
FILLER_0_37_1222, 572.24, 111.52, 1.79629
FILLER_0_37_1242, 572.24, 111.52, 1.79629
_10078_, 585.04, 111.52, 1.79628
_10089_, 585.04, 111.52, 1.79628
_10891_, 585.04, 111.52, 1.79628
FILLER_0_36_1250, 585.04, 111.52, 1.79628
FILLER_0_37_1256, 585.04, 111.52, 1.79628
FILLER_0_38_1261, 585.04, 111.52, 1.79628
_10079_, 597.84, 111.52, 1.79627
hold816, 597.84, 111.52, 1.79627
FILLER_0_37_1285, 597.84, 111.52, 1.79627
FILLER_0_36_1313, 610.64, 111.52, 1.79626
FILLER_0_37_1337, 623.44, 111.52, 1.79625
PHY_68, 5.52, 106.08, 1.79804
PHY_70, 5.52, 106.08, 1.79804
FILLER_0_35_51, 34.64, 106.08, 1.79803
FILLER_0_36_77, 34.64, 106.08, 1.79803
FILLER_0_35_105, 47.44, 106.08, 1.79802
FILLER_0_34_133, 73.04, 106.08, 1.798
FILLER_0_35_161, 85.84, 106.08, 1.79799
FILLER_0_34_189, 98.64, 106.08, 1.79798
FILLER_0_35_217, 111.44, 106.08, 1.79796
FILLER_0_34_245, 124.24, 106.08, 1.79795
FILLER_0_35_273, 137.04, 106.08, 1.79794
FILLER_0_34_301, 149.84, 106.08, 1.79793
FILLER_0_35_329, 162.64, 106.08, 1.79792
_13597_, 188.24, 106.08, 1.79784
_17247_, 188.24, 106.08, 1.79784
FILLER_0_34_389, 188.24, 106.08, 1.79784
FILLER_0_35_385, 188.24, 106.08, 1.79784
FILLER_0_35_393, 188.24, 106.08, 1.79784
FILLER_0_36_404, 188.24, 106.08, 1.79784
_13682_, 201.04, 106.08, 1.79777
_13684_, 201.04, 106.08, 1.79777
_13867_, 201.04, 106.08, 1.79777
FILLER_0_34_417, 201.04, 106.08, 1.79777
_13683_, 213.84, 106.08, 1.79771
hold978, 213.84, 106.08, 1.79771
FILLER_0_35_440, 213.84, 106.08, 1.79771
FILLER_0_36_460, 213.84, 106.08, 1.79771
_09299_, 226.64, 106.08, 1.79765
_09307_, 226.64, 106.08, 1.79765
_13373_, 226.64, 106.08, 1.79765
ANTENNA_174, 226.64, 106.08, 1.79765
FILLER_0_34_477, 226.64, 106.08, 1.79765
FILLER_0_35_481, 226.64, 106.08, 1.79765
FILLER_0_36_486, 226.64, 106.08, 1.79765
_09448_, 239.44, 106.08, 1.79759
_11120_, 239.44, 106.08, 1.79759
_11122_, 239.44, 106.08, 1.79759
FILLER_0_35_500, 239.44, 106.08, 1.79759
FILLER_0_35_505, 239.44, 106.08, 1.79759
FILLER_0_36_518, 239.44, 106.08, 1.79759
_09301_, 252.24, 106.08, 1.79753
_09321_, 252.24, 106.08, 1.79753
_09329_, 252.24, 106.08, 1.79753
_09364_, 252.24, 106.08, 1.79753
_09434_, 252.24, 106.08, 1.79753
ANTENNA_180, 252.24, 106.08, 1.79753
FILLER_0_34_525, 252.24, 106.08, 1.79753
FILLER_0_34_533, 252.24, 106.08, 1.79753
FILLER_0_35_536, 252.24, 106.08, 1.79753
FILLER_0_36_544, 252.24, 106.08, 1.79753
_09315_, 265.04, 106.08, 1.79748
_09319_, 265.04, 106.08, 1.79748
_09433_, 265.04, 106.08, 1.79748
_09478_, 265.04, 106.08, 1.79748
FILLER_0_35_553, 265.04, 106.08, 1.79748
FILLER_0_35_561, 265.04, 106.08, 1.79748
_09316_, 277.84, 106.08, 1.79743
_09328_, 277.84, 106.08, 1.79743
_14754_, 277.84, 106.08, 1.79743
FILLER_0_35_581, 277.84, 106.08, 1.79743
_09365_, 290.64, 106.08, 1.79738
_11129_, 290.64, 106.08, 1.79738
FILLER_0_35_609, 290.64, 106.08, 1.79738
FILLER_0_36_633, 290.64, 106.08, 1.79738
_09340_, 303.44, 106.08, 1.79734
_09341_, 303.44, 106.08, 1.79734
_15358_, 303.44, 106.08, 1.79734
_17695_, 303.44, 106.08, 1.79734
_15356_, 316.24, 106.08, 1.7973
_17694_, 316.24, 106.08, 1.7973
FILLER_0_34_672, 316.24, 106.08, 1.7973
FILLER_0_35_669, 316.24, 106.08, 1.7973
FILLER_0_35_673, 316.24, 106.08, 1.7973
FILLER_0_36_676, 316.24, 106.08, 1.7973
_10702_, 341.84, 106.08, 1.79714
_15480_, 341.84, 106.08, 1.79714
_15481_, 341.84, 106.08, 1.79714
_17742_, 341.84, 106.08, 1.79714
FILLER_0_34_722, 341.84, 106.08, 1.79714
FILLER_0_35_720, 341.84, 106.08, 1.79714
FILLER_0_35_729, 341.84, 106.08, 1.79714
FILLER_0_36_745, 341.84, 106.08, 1.79714
_15648_, 354.64, 106.08, 1.79703
_17806_, 354.64, 106.08, 1.79703
hold533, 354.64, 106.08, 1.79703
hold940, 354.64, 106.08, 1.79703
FILLER_0_34_747, 354.64, 106.08, 1.79703
FILLER_0_35_768, 354.64, 106.08, 1.79703
FILLER_0_36_769, 354.64, 106.08, 1.79703
_09374_, 367.44, 106.08, 1.79692
_09452_, 367.44, 106.08, 1.79692
_09505_, 367.44, 106.08, 1.79692
_15559_, 367.44, 106.08, 1.79692
FILLER_0_34_773, 367.44, 106.08, 1.79692
FILLER_0_35_778, 367.44, 106.08, 1.79692
FILLER_0_35_797, 367.44, 106.08, 1.79692
FILLER_0_34_813, 380.24, 106.08, 1.79681
FILLER_0_36_825, 380.24, 106.08, 1.79681
_09397_, 393.04, 106.08, 1.7967
_09414_, 393.04, 106.08, 1.7967
_09461_, 393.04, 106.08, 1.7967
_09468_, 393.04, 106.08, 1.7967
_11275_, 393.04, 106.08, 1.7967
_15523_, 393.04, 106.08, 1.7967
FILLER_0_36_847, 393.04, 106.08, 1.7967
_09402_, 405.84, 106.08, 1.7966
_09407_, 405.84, 106.08, 1.7966
_09514_, 405.84, 106.08, 1.7966
_09516_, 405.84, 106.08, 1.7966
_09517_, 405.84, 106.08, 1.7966
FILLER_0_34_865, 405.84, 106.08, 1.7966
FILLER_0_35_868, 405.84, 106.08, 1.7966
FILLER_0_36_877, 405.84, 106.08, 1.7966
_09413_, 418.64, 106.08, 1.7965
_09467_, 418.64, 106.08, 1.7965
_09520_, 418.64, 106.08, 1.7965
FILLER_0_35_897, 418.64, 106.08, 1.7965
_08753_, 431.44, 106.08, 1.7964
_15687_, 431.44, 106.08, 1.7964
_17823_, 431.44, 106.08, 1.7964
clkbuf_leaf_175_clk, 431.44, 106.08, 1.7964
ANTENNA_178, 431.44, 106.08, 1.7964
FILLER_0_34_913, 431.44, 106.08, 1.7964
_08728_, 444.24, 106.08, 1.79635
_10624_, 444.24, 106.08, 1.79635
_12760_, 444.24, 106.08, 1.79635
_17001_, 444.24, 106.08, 1.79635
ANTENNA_36, 444.24, 106.08, 1.79635
ANTENNA_202, 444.24, 106.08, 1.79635
FILLER_0_35_941, 444.24, 106.08, 1.79635
_12770_, 457.04, 106.08, 1.79632
_17000_, 457.04, 106.08, 1.79632
clkbuf_leaf_174_clk, 457.04, 106.08, 1.79632
_08973_, 469.84, 106.08, 1.79633
_12761_, 469.84, 106.08, 1.79633
_12764_, 469.84, 106.08, 1.79633
_12765_, 469.84, 106.08, 1.79633
_16998_, 469.84, 106.08, 1.79633
hold777, 469.84, 106.08, 1.79633
FILLER_0_34_1003, 469.84, 106.08, 1.79633
FILLER_0_35_1009, 469.84, 106.08, 1.79633
_17492_, 495.44, 106.08, 1.79626
FILLER_0_34_1061, 495.44, 106.08, 1.79626
FILLER_0_35_1061, 495.44, 106.08, 1.79626
_11388_, 508.24, 106.08, 1.79617
_16983_, 508.24, 106.08, 1.79617
FILLER_0_34_1084, 508.24, 106.08, 1.79617
FILLER_0_35_1093, 508.24, 106.08, 1.79617
_08743_, 521.04, 106.08, 1.79609
_08752_, 521.04, 106.08, 1.79609
_08761_, 521.04, 106.08, 1.79609
_08917_, 521.04, 106.08, 1.79609
clkbuf_5_20__f_clk, 521.04, 106.08, 1.79609
hold1094, 521.04, 106.08, 1.79609
FILLER_0_35_1121, 521.04, 106.08, 1.79609
_08911_, 533.84, 106.08, 1.79609
_11393_, 533.84, 106.08, 1.79609
FILLER_0_34_1138, 533.84, 106.08, 1.79609
FILLER_0_35_1140, 533.84, 106.08, 1.79609
FILLER_0_36_1161, 533.84, 106.08, 1.79609
_08857_, 546.64, 106.08, 1.7961
_08858_, 546.64, 106.08, 1.7961
_08864_, 546.64, 106.08, 1.7961
_08865_, 546.64, 106.08, 1.7961
FILLER_0_35_1164, 546.64, 106.08, 1.7961
_08745_, 559.44, 106.08, 1.79611
_08746_, 559.44, 106.08, 1.79611
_08760_, 559.44, 106.08, 1.79611
_08965_, 559.44, 106.08, 1.79611
FILLER_0_35_1198, 559.44, 106.08, 1.79611
FILLER_0_36_1211, 559.44, 106.08, 1.79611
_10888_, 572.24, 106.08, 1.79612
FILLER_0_35_1229, 572.24, 106.08, 1.79612
_10073_, 585.04, 106.08, 1.79613
_10889_, 585.04, 106.08, 1.79613
_16627_, 585.04, 106.08, 1.79613
FILLER_0_34_1250, 585.04, 106.08, 1.79613
FILLER_0_36_1270, 585.04, 106.08, 1.79613
_10074_, 597.84, 106.08, 1.79615
hold572, 597.84, 106.08, 1.79615
FILLER_0_35_1337, 623.44, 106.08, 1.79619
PHY_64, 5.52, 100.64, 1.79801
PHY_66, 5.52, 100.64, 1.79801
FILLER_0_33_51, 34.64, 100.64, 1.798
FILLER_0_34_77, 34.64, 100.64, 1.798
FILLER_0_33_105, 47.44, 100.64, 1.79798
FILLER_0_32_133, 73.04, 100.64, 1.79796
FILLER_0_33_161, 85.84, 100.64, 1.79794
FILLER_0_32_189, 98.64, 100.64, 1.79793
FILLER_0_33_217, 111.44, 100.64, 1.79791
FILLER_0_32_245, 124.24, 100.64, 1.7979
FILLER_0_33_273, 137.04, 100.64, 1.79789
FILLER_0_32_301, 149.84, 100.64, 1.79787
FILLER_0_33_329, 162.64, 100.64, 1.79786
_12998_, 188.24, 100.64, 1.79776
_13001_, 188.24, 100.64, 1.79776
_13415_, 188.24, 100.64, 1.79776
_13598_, 188.24, 100.64, 1.79776
_17183_, 188.24, 100.64, 1.79776
hold958, 188.24, 100.64, 1.79776
hold1125, 188.24, 100.64, 1.79776
ANTENNA_117, 188.24, 100.64, 1.79776
FILLER_0_33_402, 188.24, 100.64, 1.79776
FILLER_0_34_409, 188.24, 100.64, 1.79776
_13866_, 201.04, 100.64, 1.79769
_17343_, 201.04, 100.64, 1.79769
FILLER_0_32_413, 201.04, 100.64, 1.79769
FILLER_0_32_421, 201.04, 100.64, 1.79769
FILLER_0_33_434, 201.04, 100.64, 1.79769
_09419_, 213.84, 100.64, 1.79762
_13864_, 213.84, 100.64, 1.79762
_13865_, 213.84, 100.64, 1.79762
_17342_, 213.84, 100.64, 1.79762
FILLER_0_33_458, 213.84, 100.64, 1.79762
FILLER_0_34_461, 213.84, 100.64, 1.79762
_09298_, 226.64, 100.64, 1.79756
_09300_, 226.64, 100.64, 1.79756
_11281_, 226.64, 100.64, 1.79756
_11284_, 226.64, 100.64, 1.79756
FILLER_0_33_483, 226.64, 100.64, 1.79756
_09446_, 239.44, 100.64, 1.79751
_11123_, 239.44, 100.64, 1.79751
FILLER_0_32_499, 239.44, 100.64, 1.79751
FILLER_0_33_495, 239.44, 100.64, 1.79751
FILLER_0_33_514, 239.44, 100.64, 1.79751
_09320_, 252.24, 100.64, 1.79746
_09323_, 252.24, 100.64, 1.79746
_09361_, 252.24, 100.64, 1.79746
_09362_, 252.24, 100.64, 1.79746
FILLER_0_32_523, 252.24, 100.64, 1.79746
FILLER_0_34_546, 252.24, 100.64, 1.79746
_09317_, 265.04, 100.64, 1.79742
_09330_, 265.04, 100.64, 1.79742
_09428_, 265.04, 100.64, 1.79742
_09430_, 265.04, 100.64, 1.79742
FILLER_0_33_570, 265.04, 100.64, 1.79742
FILLER_0_34_576, 265.04, 100.64, 1.79742
_09326_, 277.84, 100.64, 1.79737
_09432_, 277.84, 100.64, 1.79737
FILLER_0_32_581, 277.84, 100.64, 1.79737
FILLER_0_32_589, 277.84, 100.64, 1.79737
FILLER_0_33_583, 277.84, 100.64, 1.79737
FILLER_0_33_592, 277.84, 100.64, 1.79737
FILLER_0_33_605, 277.84, 100.64, 1.79737
FILLER_0_34_605, 277.84, 100.64, 1.79737
_09436_, 290.64, 100.64, 1.79733
_09437_, 290.64, 100.64, 1.79733
_09438_, 290.64, 100.64, 1.79733
_11125_, 290.64, 100.64, 1.79733
_11126_, 290.64, 100.64, 1.79733
ANTENNA_97, 290.64, 100.64, 1.79733
ANTENNA_98, 290.64, 100.64, 1.79733
_09338_, 303.44, 100.64, 1.79729
_15359_, 303.44, 100.64, 1.79729
FILLER_0_32_645, 303.44, 100.64, 1.79729
FILLER_0_33_638, 303.44, 100.64, 1.79729
FILLER_0_33_655, 303.44, 100.64, 1.79729
FILLER_0_34_651, 303.44, 100.64, 1.79729
_10707_, 316.24, 100.64, 1.79725
_11131_, 316.24, 100.64, 1.79725
_11132_, 316.24, 100.64, 1.79725
_11136_, 316.24, 100.64, 1.79725
_15357_, 316.24, 100.64, 1.79725
FILLER_0_33_669, 316.24, 100.64, 1.79725
FILLER_0_34_683, 316.24, 100.64, 1.79725
_10703_, 341.84, 100.64, 1.79709
_11093_, 341.84, 100.64, 1.79709
_11262_, 341.84, 100.64, 1.79709
FILLER_0_33_723, 341.84, 100.64, 1.79709
_15647_, 354.64, 100.64, 1.79697
FILLER_0_32_746, 354.64, 100.64, 1.79697
FILLER_0_32_757, 354.64, 100.64, 1.79697
FILLER_0_33_749, 354.64, 100.64, 1.79697
_09379_, 367.44, 100.64, 1.79685
_09454_, 367.44, 100.64, 1.79685
_10697_, 367.44, 100.64, 1.79685
_17774_, 367.44, 100.64, 1.79685
clkbuf_leaf_186_clk, 367.44, 100.64, 1.79685
FILLER_0_32_778, 367.44, 100.64, 1.79685
_11200_, 380.24, 100.64, 1.79679
_11272_, 380.24, 100.64, 1.79679
_11274_, 380.24, 100.64, 1.79679
_15560_, 380.24, 100.64, 1.79679
_09462_, 393.04, 100.64, 1.79673
_09463_, 393.04, 100.64, 1.79673
_11101_, 393.04, 100.64, 1.79673
_09406_, 405.84, 100.64, 1.79667
_11115_, 405.84, 100.64, 1.79667
_11116_, 405.84, 100.64, 1.79667
_09466_, 418.64, 100.64, 1.79662
_11267_, 418.64, 100.64, 1.79662
FILLER_0_32_888, 418.64, 100.64, 1.79662
FILLER_0_33_892, 418.64, 100.64, 1.79662
FILLER_0_34_905, 418.64, 100.64, 1.79662
_15689_, 431.44, 100.64, 1.79657
_15690_, 431.44, 100.64, 1.79657
_17824_, 431.44, 100.64, 1.79657
ANTENNA_122, 431.44, 100.64, 1.79657
FILLER_0_32_915, 431.44, 100.64, 1.79657
FILLER_0_32_925, 431.44, 100.64, 1.79657
FILLER_0_33_918, 431.44, 100.64, 1.79657
_08731_, 444.24, 100.64, 1.79652
_08748_, 444.24, 100.64, 1.79652
_12771_, 444.24, 100.64, 1.79652
_13276_, 444.24, 100.64, 1.79652
_13355_, 444.24, 100.64, 1.79652
hold1072, 444.24, 100.64, 1.79652
ANTENNA_62, 444.24, 100.64, 1.79652
ANTENNA_119, 444.24, 100.64, 1.79652
ANTENNA_173, 444.24, 100.64, 1.79652
FILLER_0_33_961, 444.24, 100.64, 1.79652
_08729_, 457.04, 100.64, 1.79648
_08730_, 457.04, 100.64, 1.79648
_12767_, 457.04, 100.64, 1.79648
_17128_, 457.04, 100.64, 1.79648
hold689, 457.04, 100.64, 1.79648
ANTENNA_41, 457.04, 100.64, 1.79648
FILLER_0_33_978, 457.04, 100.64, 1.79648
_12762_, 469.84, 100.64, 1.79645
_17127_, 469.84, 100.64, 1.79645
hold650, 469.84, 100.64, 1.79645
FILLER_0_32_997, 469.84, 100.64, 1.79645
FILLER_0_33_997, 469.84, 100.64, 1.79645
FILLER_0_33_1005, 469.84, 100.64, 1.79645
FILLER_0_33_1009, 469.84, 100.64, 1.79645
FILLER_0_34_1016, 469.84, 100.64, 1.79645
_08866_, 495.44, 100.64, 1.7964
_08905_, 495.44, 100.64, 1.7964
_08919_, 495.44, 100.64, 1.7964
_14550_, 495.44, 100.64, 1.7964
FILLER_0_32_1064, 495.44, 100.64, 1.7964
FILLER_0_33_1072, 495.44, 100.64, 1.7964
_08763_, 508.24, 100.64, 1.79637
_08852_, 508.24, 100.64, 1.79637
_10886_, 508.24, 100.64, 1.79637
ANTENNA_65, 508.24, 100.64, 1.79637
FILLER_0_32_1084, 508.24, 100.64, 1.79637
FILLER_0_33_1091, 508.24, 100.64, 1.79637
FILLER_0_34_1093, 508.24, 100.64, 1.79637
FILLER_0_34_1101, 508.24, 100.64, 1.79637
_08747_, 521.04, 100.64, 1.79635
_13919_, 521.04, 100.64, 1.79635
ANTENNA_45, 521.04, 100.64, 1.79635
ANTENNA_47, 521.04, 100.64, 1.79635
FILLER_0_32_1114, 521.04, 100.64, 1.79635
_08912_, 533.84, 100.64, 1.79632
_08915_, 533.84, 100.64, 1.79632
_08918_, 533.84, 100.64, 1.79632
_11395_, 533.84, 100.64, 1.79632
FILLER_0_32_1144, 533.84, 100.64, 1.79632
FILLER_0_33_1161, 533.84, 100.64, 1.79632
FILLER_0_34_1149, 533.84, 100.64, 1.79632
FILLER_0_34_1162, 533.84, 100.64, 1.79632
_08859_, 546.64, 100.64, 1.7963
_08860_, 546.64, 100.64, 1.7963
_08861_, 546.64, 100.64, 1.7963
_08862_, 546.64, 100.64, 1.7963
FILLER_0_33_1186, 546.64, 100.64, 1.7963
_08755_, 559.44, 100.64, 1.79628
_08762_, 559.44, 100.64, 1.79628
_08969_, 559.44, 100.64, 1.79628
_08972_, 559.44, 100.64, 1.79628
FILLER_0_32_1192, 559.44, 100.64, 1.79628
FILLER_0_32_1200, 559.44, 100.64, 1.79628
_08749_, 572.24, 100.64, 1.79627
_08754_, 572.24, 100.64, 1.79627
_08968_, 572.24, 100.64, 1.79627
_16626_, 585.04, 100.64, 1.79626
FILLER_0_33_1278, 597.84, 100.64, 1.79626
FILLER_0_32_1309, 610.64, 100.64, 1.79625
FILLER_0_33_1337, 623.44, 100.64, 1.79625
FILLER_0_34_1353, 623.44, 100.64, 1.79625
PHY_60, 5.52, 95.2, 1.79797
PHY_62, 5.52, 95.2, 1.79797
output44, 5.52, 95.2, 1.79797
FILLER_0_31_53, 34.64, 95.2, 1.79796
FILLER_0_32_77, 34.64, 95.2, 1.79796
FILLER_0_31_105, 47.44, 95.2, 1.79794
FILLER_0_30_133, 73.04, 95.2, 1.79791
FILLER_0_31_161, 85.84, 95.2, 1.7979
FILLER_0_30_189, 98.64, 95.2, 1.79788
FILLER_0_31_217, 111.44, 95.2, 1.79787
FILLER_0_30_245, 124.24, 95.2, 1.79785
FILLER_0_31_273, 137.04, 95.2, 1.79784
FILLER_0_30_301, 149.84, 95.2, 1.79782
FILLER_0_31_329, 162.64, 95.2, 1.79781
_13414_, 188.24, 95.2, 1.79772
FILLER_0_31_384, 188.24, 95.2, 1.79772
FILLER_0_31_393, 188.24, 95.2, 1.79772
FILLER_0_31_410, 188.24, 95.2, 1.79772
_13904_, 201.04, 95.2, 1.79765
_17359_, 201.04, 95.2, 1.79765
FILLER_0_30_413, 201.04, 95.2, 1.79765
FILLER_0_31_418, 201.04, 95.2, 1.79765
FILLER_0_31_437, 201.04, 95.2, 1.79765
FILLER_0_32_433, 201.04, 95.2, 1.79765
_11280_, 213.84, 95.2, 1.79758
_13902_, 213.84, 95.2, 1.79758
_17358_, 213.84, 95.2, 1.79758
FILLER_0_31_445, 213.84, 95.2, 1.79758
FILLER_0_32_459, 213.84, 95.2, 1.79758
_11282_, 226.64, 95.2, 1.79753
_11283_, 226.64, 95.2, 1.79753
FILLER_0_30_477, 226.64, 95.2, 1.79753
_09354_, 239.44, 95.2, 1.79747
_09447_, 239.44, 95.2, 1.79747
_12027_, 239.44, 95.2, 1.79747
hold731, 239.44, 95.2, 1.79747
FILLER_0_30_501, 239.44, 95.2, 1.79747
FILLER_0_32_513, 239.44, 95.2, 1.79747
_09322_, 252.24, 95.2, 1.79742
_09360_, 252.24, 95.2, 1.79742
_09445_, 252.24, 95.2, 1.79742
FILLER_0_30_528, 252.24, 95.2, 1.79742
FILLER_0_31_546, 252.24, 95.2, 1.79742
_09314_, 265.04, 95.2, 1.79738
_09426_, 265.04, 95.2, 1.79738
_09427_, 265.04, 95.2, 1.79738
ANTENNA_138, 265.04, 95.2, 1.79738
FILLER_0_31_573, 265.04, 95.2, 1.79738
FILLER_0_32_569, 265.04, 95.2, 1.79738
_09431_, 277.84, 95.2, 1.79733
_11286_, 277.84, 95.2, 1.79733
_13821_, 277.84, 95.2, 1.79733
FILLER_0_30_589, 277.84, 95.2, 1.79733
FILLER_0_31_596, 277.84, 95.2, 1.79733
FILLER_0_31_604, 277.84, 95.2, 1.79733
FILLER_0_32_604, 277.84, 95.2, 1.79733
_09435_, 290.64, 95.2, 1.79728
_11285_, 290.64, 95.2, 1.79728
_11287_, 290.64, 95.2, 1.79728
_11295_, 290.64, 95.2, 1.79728
FILLER_0_30_617, 290.64, 95.2, 1.79728
FILLER_0_31_617, 290.64, 95.2, 1.79728
FILLER_0_32_628, 290.64, 95.2, 1.79728
_09335_, 303.44, 95.2, 1.79724
_11279_, 303.44, 95.2, 1.79724
FILLER_0_30_645, 303.44, 95.2, 1.79724
_11121_, 316.24, 95.2, 1.7972
_11135_, 316.24, 95.2, 1.7972
_11251_, 316.24, 95.2, 1.7972
FILLER_0_31_669, 316.24, 95.2, 1.7972
FILLER_0_31_673, 316.24, 95.2, 1.7972
_10683_, 341.84, 95.2, 1.79708
_11092_, 341.84, 95.2, 1.79708
_11261_, 341.84, 95.2, 1.79708
FILLER_0_31_729, 341.84, 95.2, 1.79708
FILLER_0_32_733, 341.84, 95.2, 1.79708
_09453_, 354.64, 95.2, 1.79699
_10466_, 354.64, 95.2, 1.79699
_10682_, 354.64, 95.2, 1.79699
_10719_, 354.64, 95.2, 1.79699
_10720_, 354.64, 95.2, 1.79699
_11091_, 354.64, 95.2, 1.79699
_11254_, 354.64, 95.2, 1.79699
FILLER_0_30_750, 354.64, 95.2, 1.79699
FILLER_0_32_770, 354.64, 95.2, 1.79699
_09507_, 367.44, 95.2, 1.79692
_10684_, 367.44, 95.2, 1.79692
_10706_, 367.44, 95.2, 1.79692
_10737_, 367.44, 95.2, 1.79692
_11273_, 367.44, 95.2, 1.79692
ANTENNA_99, 367.44, 95.2, 1.79692
FILLER_0_30_777, 367.44, 95.2, 1.79692
FILLER_0_31_785, 367.44, 95.2, 1.79692
_09460_, 380.24, 95.2, 1.79685
_10679_, 380.24, 95.2, 1.79685
_10681_, 380.24, 95.2, 1.79685
_11111_, 380.24, 95.2, 1.79685
_11271_, 380.24, 95.2, 1.79685
FILLER_0_30_805, 380.24, 95.2, 1.79685
FILLER_0_31_819, 380.24, 95.2, 1.79685
_10685_, 393.04, 95.2, 1.79678
FILLER_0_31_835, 393.04, 95.2, 1.79678
FILLER_0_31_841, 393.04, 95.2, 1.79678
FILLER_0_31_853, 393.04, 95.2, 1.79678
_11113_, 405.84, 95.2, 1.79672
_11114_, 405.84, 95.2, 1.79672
_11208_, 405.84, 95.2, 1.79672
FILLER_0_30_860, 405.84, 95.2, 1.79672
FILLER_0_31_861, 405.84, 95.2, 1.79672
FILLER_0_32_878, 405.84, 95.2, 1.79672
_09411_, 418.64, 95.2, 1.79666
FILLER_0_31_885, 418.64, 95.2, 1.79666
FILLER_0_31_893, 418.64, 95.2, 1.79666
FILLER_0_31_909, 418.64, 95.2, 1.79666
_15762_, 431.44, 95.2, 1.7966
_15763_, 431.44, 95.2, 1.7966
_15766_, 431.44, 95.2, 1.7966
_17854_, 431.44, 95.2, 1.7966
hold982, 431.44, 95.2, 1.7966
FILLER_0_30_921, 431.44, 95.2, 1.7966
FILLER_0_30_925, 431.44, 95.2, 1.7966
FILLER_0_31_939, 431.44, 95.2, 1.7966
_08735_, 444.24, 95.2, 1.79655
_13283_, 444.24, 95.2, 1.79655
_13284_, 444.24, 95.2, 1.79655
ANTENNA_48, 444.24, 95.2, 1.79655
ANTENNA_49, 444.24, 95.2, 1.79655
FILLER_0_30_951, 444.24, 95.2, 1.79655
FILLER_0_31_953, 444.24, 95.2, 1.79655
FILLER_0_31_961, 444.24, 95.2, 1.79655
FILLER_0_32_956, 444.24, 95.2, 1.79655
_08734_, 457.04, 95.2, 1.79651
_08740_, 457.04, 95.2, 1.79651
_13281_, 457.04, 95.2, 1.79651
_13282_, 457.04, 95.2, 1.79651
hold931, 457.04, 95.2, 1.79651
_08959_, 469.84, 95.2, 1.79646
_13277_, 469.84, 95.2, 1.79646
_13279_, 469.84, 95.2, 1.79646
_13280_, 469.84, 95.2, 1.79646
_17126_, 469.84, 95.2, 1.79646
FILLER_0_31_1018, 469.84, 95.2, 1.79646
FILLER_0_32_1016, 469.84, 95.2, 1.79646
_08732_, 495.44, 95.2, 1.79639
_08733_, 495.44, 95.2, 1.79639
FILLER_0_31_1059, 495.44, 95.2, 1.79639
FILLER_0_32_1076, 495.44, 95.2, 1.79639
_08741_, 508.24, 95.2, 1.79636
_08742_, 508.24, 95.2, 1.79636
_10882_, 508.24, 95.2, 1.79636
_10884_, 508.24, 95.2, 1.79636
_08750_, 521.04, 95.2, 1.79634
_08913_, 521.04, 95.2, 1.79634
_13787_, 521.04, 95.2, 1.79634
ANTENNA_139, 521.04, 95.2, 1.79634
FILLER_0_32_1131, 521.04, 95.2, 1.79634
_08914_, 533.84, 95.2, 1.79631
_11394_, 533.84, 95.2, 1.79631
hold486, 533.84, 95.2, 1.79631
_17319_, 546.64, 95.2, 1.79629
hold692, 546.64, 95.2, 1.79629
FILLER_0_31_1168, 546.64, 95.2, 1.79629
FILLER_0_31_1177, 546.64, 95.2, 1.79629
_08751_, 559.44, 95.2, 1.79628
_08966_, 559.44, 95.2, 1.79628
_08967_, 559.44, 95.2, 1.79628
_13922_, 559.44, 95.2, 1.79628
hold791, 559.44, 95.2, 1.79628
_13800_, 572.24, 95.2, 1.79627
_13801_, 572.24, 95.2, 1.79627
_13926_, 572.24, 95.2, 1.79627
_13927_, 572.24, 95.2, 1.79627
_17369_, 572.24, 95.2, 1.79627
FILLER_0_30_1220, 572.24, 95.2, 1.79627
FILLER_0_30_1228, 572.24, 95.2, 1.79627
FILLER_0_31_1222, 572.24, 95.2, 1.79627
hold641, 585.04, 95.2, 1.79626
FILLER_0_31_1246, 585.04, 95.2, 1.79626
FILLER_0_31_1281, 597.84, 95.2, 1.79626
FILLER_0_30_1309, 610.64, 95.2, 1.79626
FILLER_0_31_1337, 623.44, 95.2, 1.79625
PHY_56, 5.52, 89.76, 1.79794
PHY_58, 5.52, 89.76, 1.79794
FILLER_0_29_51, 34.64, 89.76, 1.79792
FILLER_0_30_77, 34.64, 89.76, 1.79792
FILLER_0_29_105, 47.44, 89.76, 1.7979
FILLER_0_28_133, 73.04, 89.76, 1.79786
FILLER_0_29_161, 85.84, 89.76, 1.79784
FILLER_0_28_189, 98.64, 89.76, 1.79782
FILLER_0_29_217, 111.44, 89.76, 1.7978
FILLER_0_28_245, 124.24, 89.76, 1.79778
FILLER_0_29_273, 137.04, 89.76, 1.79776
FILLER_0_28_301, 149.84, 89.76, 1.79774
FILLER_0_29_329, 162.64, 89.76, 1.79772
_13334_, 188.24, 89.76, 1.79755
_17150_, 188.24, 89.76, 1.79755
clkbuf_leaf_229_clk, 188.24, 89.76, 1.79755
FILLER_0_29_385, 188.24, 89.76, 1.79755
FILLER_0_29_393, 188.24, 89.76, 1.79755
_13900_, 201.04, 89.76, 1.79746
_13903_, 201.04, 89.76, 1.79746
ANTENNA_144, 201.04, 89.76, 1.79746
FILLER_0_28_412, 201.04, 89.76, 1.79746
FILLER_0_29_434, 201.04, 89.76, 1.79746
_13680_, 213.84, 89.76, 1.79736
_13901_, 213.84, 89.76, 1.79736
_14480_, 213.84, 89.76, 1.79736
_14485_, 213.84, 89.76, 1.79736
clkbuf_leaf_230_clk, 213.84, 89.76, 1.79736
FILLER_0_28_442, 213.84, 89.76, 1.79736
FILLER_0_29_452, 213.84, 89.76, 1.79736
_15016_, 226.64, 89.76, 1.79731
_15017_, 226.64, 89.76, 1.79731
_15018_, 226.64, 89.76, 1.79731
_17598_, 226.64, 89.76, 1.79731
FILLER_0_28_470, 226.64, 89.76, 1.79731
_09443_, 239.44, 89.76, 1.79727
_15015_, 239.44, 89.76, 1.79727
ANTENNA_171, 239.44, 89.76, 1.79727
FILLER_0_29_501, 239.44, 89.76, 1.79727
_09429_, 252.24, 89.76, 1.79723
_11298_, 252.24, 89.76, 1.79723
_11301_, 252.24, 89.76, 1.79723
FILLER_0_28_533, 252.24, 89.76, 1.79723
FILLER_0_29_526, 252.24, 89.76, 1.79723
FILLER_0_30_545, 252.24, 89.76, 1.79723
_09313_, 265.04, 89.76, 1.79719
_09425_, 265.04, 89.76, 1.79719
_11140_, 265.04, 89.76, 1.79719
FILLER_0_29_554, 265.04, 89.76, 1.79719
FILLER_0_29_561, 265.04, 89.76, 1.79719
_11288_, 277.84, 89.76, 1.79716
_11289_, 277.84, 89.76, 1.79716
_11290_, 277.84, 89.76, 1.79716
FILLER_0_28_580, 277.84, 89.76, 1.79716
FILLER_0_29_580, 277.84, 89.76, 1.79716
FILLER_0_29_602, 277.84, 89.76, 1.79716
FILLER_0_30_602, 277.84, 89.76, 1.79716
_11090_, 290.64, 89.76, 1.79713
_11128_, 290.64, 89.76, 1.79713
_11292_, 290.64, 89.76, 1.79713
_11293_, 290.64, 89.76, 1.79713
_11296_, 290.64, 89.76, 1.79713
_15269_, 303.44, 89.76, 1.7971
_17663_, 303.44, 89.76, 1.7971
hold763, 303.44, 89.76, 1.7971
FILLER_0_28_645, 303.44, 89.76, 1.7971
FILLER_0_29_636, 303.44, 89.76, 1.7971
_10728_, 316.24, 89.76, 1.79709
_14979_, 316.24, 89.76, 1.79709
_17582_, 316.24, 89.76, 1.79709
hold892, 316.24, 89.76, 1.79709
FILLER_0_30_680, 316.24, 89.76, 1.79709
_09451_, 341.84, 89.76, 1.797
_11087_, 341.84, 89.76, 1.797
_11095_, 341.84, 89.76, 1.797
_11096_, 341.84, 89.76, 1.797
_11258_, 341.84, 89.76, 1.797
FILLER_0_29_729, 341.84, 89.76, 1.797
FILLER_0_29_743, 341.84, 89.76, 1.797
_10721_, 354.64, 89.76, 1.79692
_11260_, 354.64, 89.76, 1.79692
FILLER_0_28_753, 354.64, 89.76, 1.79692
FILLER_0_28_757, 354.64, 89.76, 1.79692
FILLER_0_30_769, 354.64, 89.76, 1.79692
_10680_, 367.44, 89.76, 1.79684
_10738_, 367.44, 89.76, 1.79684
_11025_, 367.44, 89.76, 1.79684
_11108_, 367.44, 89.76, 1.79684
FILLER_0_28_781, 367.44, 89.76, 1.79684
FILLER_0_29_785, 367.44, 89.76, 1.79684
FILLER_0_29_793, 367.44, 89.76, 1.79684
_11105_, 380.24, 89.76, 1.79677
_11106_, 380.24, 89.76, 1.79677
_11110_, 380.24, 89.76, 1.79677
FILLER_0_28_809, 380.24, 89.76, 1.79677
FILLER_0_29_802, 380.24, 89.76, 1.79677
FILLER_0_29_814, 380.24, 89.76, 1.79677
_09401_, 393.04, 89.76, 1.7967
_11218_, 393.04, 89.76, 1.7967
FILLER_0_28_837, 393.04, 89.76, 1.7967
FILLER_0_29_835, 393.04, 89.76, 1.7967
FILLER_0_30_846, 393.04, 89.76, 1.7967
_11112_, 405.84, 89.76, 1.79664
_11212_, 405.84, 89.76, 1.79664
FILLER_0_28_869, 405.84, 89.76, 1.79664
FILLER_0_29_874, 405.84, 89.76, 1.79664
FILLER_0_30_883, 405.84, 89.76, 1.79664
_09519_, 418.64, 89.76, 1.79658
FILLER_0_29_888, 418.64, 89.76, 1.79658
FILLER_0_30_911, 418.64, 89.76, 1.79658
_15611_, 431.44, 89.76, 1.79652
_15767_, 431.44, 89.76, 1.79652
_17856_, 431.44, 89.76, 1.79652
FILLER_0_28_912, 431.44, 89.76, 1.79652
FILLER_0_28_918, 431.44, 89.76, 1.79652
FILLER_0_28_925, 431.44, 89.76, 1.79652
_08738_, 444.24, 89.76, 1.79648
_14462_, 444.24, 89.76, 1.79648
_15857_, 444.24, 89.76, 1.79648
_17129_, 444.24, 89.76, 1.79648
hold1170, 444.24, 89.76, 1.79648
ANTENNA_52, 444.24, 89.76, 1.79648
FILLER_0_28_943, 444.24, 89.76, 1.79648
FILLER_0_29_942, 444.24, 89.76, 1.79648
_08737_, 457.04, 89.76, 1.79644
_10826_, 457.04, 89.76, 1.79644
_10828_, 457.04, 89.76, 1.79644
hold439, 457.04, 89.76, 1.79644
FILLER_0_28_976, 457.04, 89.76, 1.79644
FILLER_0_29_978, 457.04, 89.76, 1.79644
_08960_, 469.84, 89.76, 1.7964
_08963_, 469.84, 89.76, 1.7964
_17459_, 469.84, 89.76, 1.7964
FILLER_0_29_1015, 469.84, 89.76, 1.7964
_08908_, 495.44, 89.76, 1.7963
_08909_, 495.44, 89.76, 1.7963
FILLER_0_29_1053, 495.44, 89.76, 1.7963
FILLER_0_29_1077, 495.44, 89.76, 1.7963
FILLER_0_30_1073, 495.44, 89.76, 1.7963
_08736_, 508.24, 89.76, 1.79622
_08739_, 508.24, 89.76, 1.79622
_08855_, 508.24, 89.76, 1.79622
_08856_, 508.24, 89.76, 1.79622
FILLER_0_28_1089, 508.24, 89.76, 1.79622
_13655_, 521.04, 89.76, 1.79615
_13797_, 521.04, 89.76, 1.79615
_17320_, 521.04, 89.76, 1.79615
FILLER_0_28_1111, 521.04, 89.76, 1.79615
FILLER_0_29_1110, 521.04, 89.76, 1.79615
_13796_, 533.84, 89.76, 1.79609
_13924_, 533.84, 89.76, 1.79609
_13925_, 533.84, 89.76, 1.79609
clkbuf_leaf_171_clk, 533.84, 89.76, 1.79609
hold488, 533.84, 89.76, 1.79609
FILLER_0_28_1138, 533.84, 89.76, 1.79609
FILLER_0_29_1155, 533.84, 89.76, 1.79609
_13792_, 546.64, 89.76, 1.79606
_13793_, 546.64, 89.76, 1.79606
_17367_, 546.64, 89.76, 1.79606
FILLER_0_29_1169, 546.64, 89.76, 1.79606
FILLER_0_29_1177, 546.64, 89.76, 1.79606
FILLER_0_29_1185, 546.64, 89.76, 1.79606
_13788_, 559.44, 89.76, 1.79605
_13923_, 559.44, 89.76, 1.79605
FILLER_0_28_1201, 559.44, 89.76, 1.79605
FILLER_0_29_1204, 559.44, 89.76, 1.79605
_13920_, 572.24, 89.76, 1.79603
_17321_, 572.24, 89.76, 1.79603
clkbuf_leaf_167_clk, 572.24, 89.76, 1.79603
hold880, 572.24, 89.76, 1.79603
FILLER_0_29_1242, 572.24, 89.76, 1.79603
FILLER_0_30_1240, 572.24, 89.76, 1.79603
hold959, 585.04, 89.76, 1.79607
hold990, 585.04, 89.76, 1.79607
FILLER_0_28_1309, 610.64, 89.76, 1.79615
FILLER_0_29_1337, 623.44, 89.76, 1.79619
PHY_52, 5.52, 84.32, 1.79792
PHY_54, 5.52, 84.32, 1.79792
FILLER_0_27_51, 34.64, 84.32, 1.7979
FILLER_0_28_77, 34.64, 84.32, 1.7979
FILLER_0_27_105, 47.44, 84.32, 1.79788
FILLER_0_26_133, 73.04, 84.32, 1.79784
FILLER_0_27_161, 85.84, 84.32, 1.79782
FILLER_0_26_189, 98.64, 84.32, 1.79781
FILLER_0_27_217, 111.44, 84.32, 1.79779
FILLER_0_26_245, 124.24, 84.32, 1.79777
FILLER_0_27_273, 137.04, 84.32, 1.79775
FILLER_0_26_301, 149.84, 84.32, 1.79773
FILLER_0_27_329, 162.64, 84.32, 1.79771
_12997_, 188.24, 84.32, 1.79762
_13335_, 188.24, 84.32, 1.79762
_13336_, 188.24, 84.32, 1.79762
FILLER_0_27_385, 188.24, 84.32, 1.79762
FILLER_0_27_393, 188.24, 84.32, 1.79762
FILLER_0_27_399, 188.24, 84.32, 1.79762
_12951_, 201.04, 84.32, 1.79754
_13333_, 201.04, 84.32, 1.79754
_13596_, 201.04, 84.32, 1.79754
_14481_, 201.04, 84.32, 1.79754
ANTENNA_121, 201.04, 84.32, 1.79754
FILLER_0_26_413, 201.04, 84.32, 1.79754
FILLER_0_26_421, 201.04, 84.32, 1.79754
FILLER_0_27_426, 201.04, 84.32, 1.79754
_17468_, 213.84, 84.32, 1.79746
hold1171, 213.84, 84.32, 1.79746
FILLER_0_26_446, 213.84, 84.32, 1.79746
FILLER_0_27_445, 213.84, 84.32, 1.79746
FILLER_0_28_455, 213.84, 84.32, 1.79746
_12034_, 226.64, 84.32, 1.7974
_15019_, 226.64, 84.32, 1.7974
_17599_, 226.64, 84.32, 1.7974
hold920, 226.64, 84.32, 1.7974
ANTENNA_170, 226.64, 84.32, 1.7974
FILLER_0_26_477, 226.64, 84.32, 1.7974
FILLER_0_27_483, 226.64, 84.32, 1.7974
FILLER_0_28_486, 226.64, 84.32, 1.7974
_11297_, 239.44, 84.32, 1.79734
_12033_, 239.44, 84.32, 1.79734
FILLER_0_27_497, 239.44, 84.32, 1.79734
FILLER_0_27_505, 239.44, 84.32, 1.79734
FILLER_0_27_513, 239.44, 84.32, 1.79734
FILLER_0_28_518, 239.44, 84.32, 1.79734
_09357_, 252.24, 84.32, 1.79728
_09444_, 252.24, 84.32, 1.79728
_11137_, 252.24, 84.32, 1.79728
_11138_, 252.24, 84.32, 1.79728
_11278_, 252.24, 84.32, 1.79728
_11299_, 252.24, 84.32, 1.79728
_11300_, 252.24, 84.32, 1.79728
FILLER_0_26_533, 252.24, 84.32, 1.79728
FILLER_0_27_530, 252.24, 84.32, 1.79728
_11139_, 265.04, 84.32, 1.79723
_11141_, 265.04, 84.32, 1.79723
FILLER_0_26_557, 265.04, 84.32, 1.79723
FILLER_0_28_567, 265.04, 84.32, 1.79723
_11127_, 277.84, 84.32, 1.79719
_14751_, 277.84, 84.32, 1.79719
hold631, 277.84, 84.32, 1.79719
FILLER_0_27_585, 277.84, 84.32, 1.79719
FILLER_0_28_601, 277.84, 84.32, 1.79719
_14981_, 290.64, 84.32, 1.79714
_14982_, 290.64, 84.32, 1.79714
FILLER_0_27_617, 290.64, 84.32, 1.79714
_10111_, 303.44, 84.32, 1.7971
_12026_, 303.44, 84.32, 1.7971
_13819_, 303.44, 84.32, 1.7971
_15266_, 303.44, 84.32, 1.7971
_15270_, 303.44, 84.32, 1.7971
hold702, 303.44, 84.32, 1.7971
FILLER_0_26_639, 303.44, 84.32, 1.7971
FILLER_0_27_642, 303.44, 84.32, 1.7971
FILLER_0_27_660, 303.44, 84.32, 1.7971
_14709_, 316.24, 84.32, 1.79706
_14980_, 316.24, 84.32, 1.79706
hold926, 316.24, 84.32, 1.79706
FILLER_0_27_669, 316.24, 84.32, 1.79706
_09373_, 341.84, 84.32, 1.79689
_11100_, 341.84, 84.32, 1.79689
_11102_, 341.84, 84.32, 1.79689
clkbuf_leaf_185_clk, 341.84, 84.32, 1.79689
FILLER_0_28_740, 341.84, 84.32, 1.79689
_09378_, 354.64, 84.32, 1.79679
_11098_, 354.64, 84.32, 1.79679
_11099_, 354.64, 84.32, 1.79679
_11201_, 354.64, 84.32, 1.79679
FILLER_0_26_753, 354.64, 84.32, 1.79679
FILLER_0_26_757, 354.64, 84.32, 1.79679
_09506_, 367.44, 84.32, 1.7967
_10726_, 367.44, 84.32, 1.7967
_10727_, 367.44, 84.32, 1.7967
_11109_, 367.44, 84.32, 1.7967
FILLER_0_27_781, 367.44, 84.32, 1.7967
_10663_, 380.24, 84.32, 1.79662
_11205_, 380.24, 84.32, 1.79662
FILLER_0_26_804, 380.24, 84.32, 1.79662
FILLER_0_26_813, 380.24, 84.32, 1.79662
FILLER_0_27_807, 380.24, 84.32, 1.79662
_09515_, 393.04, 84.32, 1.79654
_11216_, 393.04, 84.32, 1.79654
_11217_, 393.04, 84.32, 1.79654
FILLER_0_27_833, 393.04, 84.32, 1.79654
FILLER_0_27_841, 393.04, 84.32, 1.79654
_11209_, 405.84, 84.32, 1.79647
_11210_, 405.84, 84.32, 1.79647
_11211_, 405.84, 84.32, 1.79647
_15724_, 405.84, 84.32, 1.79647
FILLER_0_26_859, 405.84, 84.32, 1.79647
FILLER_0_27_867, 405.84, 84.32, 1.79647
_15686_, 418.64, 84.32, 1.7964
_15727_, 418.64, 84.32, 1.7964
_17839_, 418.64, 84.32, 1.7964
FILLER_0_27_887, 418.64, 84.32, 1.7964
_15685_, 431.44, 84.32, 1.79634
_15856_, 431.44, 84.32, 1.79634
_17822_, 431.44, 84.32, 1.79634
hold1157, 431.44, 84.32, 1.79634
FILLER_0_26_925, 431.44, 84.32, 1.79634
_13362_, 444.24, 84.32, 1.79628
_17161_, 444.24, 84.32, 1.79628
clkbuf_leaf_176_clk, 444.24, 84.32, 1.79628
FILLER_0_27_948, 444.24, 84.32, 1.79628
FILLER_0_28_954, 444.24, 84.32, 1.79628
_10827_, 457.04, 84.32, 1.79628
_08961_, 469.84, 84.32, 1.79628
_08962_, 469.84, 84.32, 1.79628
_14464_, 469.84, 84.32, 1.79628
clkbuf_leaf_177_clk, 469.84, 84.32, 1.79628
hold601, 469.84, 84.32, 1.79628
FILLER_0_26_997, 469.84, 84.32, 1.79628
FILLER_0_27_1003, 469.84, 84.32, 1.79628
FILLER_0_27_1015, 469.84, 84.32, 1.79628
FILLER_0_28_1020, 469.84, 84.32, 1.79628
_08906_, 495.44, 84.32, 1.79627
_08907_, 495.44, 84.32, 1.79627
FILLER_0_27_1055, 495.44, 84.32, 1.79627
_10986_, 508.24, 84.32, 1.79621
clkbuf_leaf_170_clk, 508.24, 84.32, 1.79621
ANTENNA_133, 508.24, 84.32, 1.79621
FILLER_0_27_1083, 508.24, 84.32, 1.79621
FILLER_0_28_1093, 508.24, 84.32, 1.79621
_13656_, 521.04, 84.32, 1.79619
_13657_, 521.04, 84.32, 1.79619
_14997_, 521.04, 84.32, 1.79619
_17270_, 521.04, 84.32, 1.79619
hold467, 521.04, 84.32, 1.79619
ANTENNA_2, 521.04, 84.32, 1.79619
FILLER_0_27_1111, 521.04, 84.32, 1.79619
FILLER_0_27_1121, 521.04, 84.32, 1.79619
_13845_, 533.84, 84.32, 1.79618
_15001_, 533.84, 84.32, 1.79618
_17368_, 533.84, 84.32, 1.79618
ANTENNA_142, 533.84, 84.32, 1.79618
FILLER_0_26_1145, 533.84, 84.32, 1.79618
FILLER_0_27_1161, 533.84, 84.32, 1.79618
_14998_, 546.64, 84.32, 1.79618
_14999_, 546.64, 84.32, 1.79618
_15004_, 546.64, 84.32, 1.79618
hold905, 546.64, 84.32, 1.79618
_13789_, 559.44, 84.32, 1.79618
_13847_, 559.44, 84.32, 1.79618
_15005_, 559.44, 84.32, 1.79618
_17318_, 559.44, 84.32, 1.79618
FILLER_0_27_1197, 559.44, 84.32, 1.79618
FILLER_0_27_1210, 559.44, 84.32, 1.79618
FILLER_0_28_1205, 559.44, 84.32, 1.79618
_13921_, 572.24, 84.32, 1.79618
_17366_, 572.24, 84.32, 1.79618
hold954, 572.24, 84.32, 1.79618
FILLER_0_26_1230, 572.24, 84.32, 1.79618
FILLER_0_27_1233, 572.24, 84.32, 1.79618
FILLER_0_26_1257, 585.04, 84.32, 1.7962
FILLER_0_27_1279, 597.84, 84.32, 1.79621
FILLER_0_26_1309, 610.64, 84.32, 1.79622
FILLER_0_27_1337, 623.44, 84.32, 1.79624
PHY_48, 5.52, 78.88, 1.79789
PHY_50, 5.52, 78.88, 1.79789
FILLER_0_25_51, 34.64, 78.88, 1.79787
FILLER_0_26_77, 34.64, 78.88, 1.79787
FILLER_0_25_105, 47.44, 78.88, 1.79784
FILLER_0_24_133, 73.04, 78.88, 1.7978
FILLER_0_25_161, 85.84, 78.88, 1.79778
FILLER_0_24_189, 98.64, 78.88, 1.79776
FILLER_0_25_217, 111.44, 78.88, 1.79774
FILLER_0_24_245, 124.24, 78.88, 1.79772
FILLER_0_25_273, 137.04, 78.88, 1.79769
FILLER_0_24_301, 149.84, 78.88, 1.79767
FILLER_0_25_329, 162.64, 78.88, 1.79765
_13337_, 188.24, 78.88, 1.79752
_17151_, 188.24, 78.88, 1.79752
FILLER_0_25_385, 188.24, 78.88, 1.79752
FILLER_0_25_405, 188.24, 78.88, 1.79752
FILLER_0_26_401, 188.24, 78.88, 1.79752
_14482_, 201.04, 78.88, 1.79742
_17467_, 201.04, 78.88, 1.79742
FILLER_0_24_413, 201.04, 78.88, 1.79742
FILLER_0_25_426, 201.04, 78.88, 1.79742
_13635_, 213.84, 78.88, 1.79733
_14483_, 213.84, 78.88, 1.79733
_14484_, 213.84, 78.88, 1.79733
FILLER_0_25_449, 213.84, 78.88, 1.79733
FILLER_0_25_457, 213.84, 78.88, 1.79733
FILLER_0_26_463, 213.84, 78.88, 1.79733
_13631_, 226.64, 78.88, 1.79723
_13720_, 226.64, 78.88, 1.79723
_16715_, 226.64, 78.88, 1.79723
hold1053, 226.64, 78.88, 1.79723
ANTENNA_206, 226.64, 78.88, 1.79723
FILLER_0_25_479, 226.64, 78.88, 1.79723
FILLER_0_26_485, 226.64, 78.88, 1.79723
_12029_, 239.44, 78.88, 1.79715
hold802, 239.44, 78.88, 1.79715
FILLER_0_24_497, 239.44, 78.88, 1.79715
FILLER_0_25_498, 239.44, 78.88, 1.79715
hold688, 252.24, 78.88, 1.79707
FILLER_0_24_533, 252.24, 78.88, 1.79707
FILLER_0_25_549, 252.24, 78.88, 1.79707
_14579_, 265.04, 78.88, 1.79699
_14752_, 265.04, 78.88, 1.79699
_14753_, 265.04, 78.88, 1.79699
_17565_, 265.04, 78.88, 1.79699
hold748, 265.04, 78.88, 1.79699
FILLER_0_25_557, 265.04, 78.88, 1.79699
FILLER_0_25_561, 265.04, 78.88, 1.79699
FILLER_0_26_565, 265.04, 78.88, 1.79699
_14663_, 277.84, 78.88, 1.79691
_14750_, 277.84, 78.88, 1.79691
_17564_, 277.84, 78.88, 1.79691
clkbuf_leaf_223_clk, 277.84, 78.88, 1.79691
FILLER_0_24_582, 277.84, 78.88, 1.79691
FILLER_0_25_581, 277.84, 78.88, 1.79691
_17583_, 290.64, 78.88, 1.79689
hold1012, 290.64, 78.88, 1.79689
FILLER_0_24_618, 290.64, 78.88, 1.79689
_14661_, 303.44, 78.88, 1.79687
_15265_, 303.44, 78.88, 1.79687
_17662_, 303.44, 78.88, 1.79687
FILLER_0_24_637, 303.44, 78.88, 1.79687
FILLER_0_25_637, 303.44, 78.88, 1.79687
_13556_, 316.24, 78.88, 1.79687
_14577_, 316.24, 78.88, 1.79687
_15354_, 316.24, 78.88, 1.79687
_17231_, 316.24, 78.88, 1.79687
_17710_, 316.24, 78.88, 1.79687
FILLER_0_25_673, 316.24, 78.88, 1.79687
FILLER_0_25_681, 316.24, 78.88, 1.79687
FILLER_0_26_684, 316.24, 78.88, 1.79687
_09504_, 341.84, 78.88, 1.79666
_11097_, 341.84, 78.88, 1.79666
clkbuf_5_16__f_clk, 341.84, 78.88, 1.79666
hold778, 341.84, 78.88, 1.79666
FILLER_0_24_718, 341.84, 78.88, 1.79666
FILLER_0_25_729, 341.84, 78.88, 1.79666
FILLER_0_26_742, 341.84, 78.88, 1.79666
_15478_, 354.64, 78.88, 1.79654
_15813_, 354.64, 78.88, 1.79654
FILLER_0_24_747, 354.64, 78.88, 1.79654
FILLER_0_24_757, 354.64, 78.88, 1.79654
FILLER_0_25_763, 354.64, 78.88, 1.79654
FILLER_0_26_767, 354.64, 78.88, 1.79654
_11203_, 367.44, 78.88, 1.79642
_11204_, 367.44, 78.88, 1.79642
_15812_, 367.44, 78.88, 1.79642
FILLER_0_25_781, 367.44, 78.88, 1.79642
FILLER_0_25_785, 367.44, 78.88, 1.79642
FILLER_0_25_800, 367.44, 78.88, 1.79642
_09396_, 380.24, 78.88, 1.79631
_11202_, 380.24, 78.88, 1.79631
FILLER_0_24_813, 380.24, 78.88, 1.79631
_09513_, 393.04, 78.88, 1.7962
_11214_, 393.04, 78.88, 1.7962
clkbuf_5_17__f_clk, 393.04, 78.88, 1.7962
FILLER_0_25_836, 393.04, 78.88, 1.7962
FILLER_0_26_844, 393.04, 78.88, 1.7962
_15725_, 405.84, 78.88, 1.79621
_17838_, 405.84, 78.88, 1.79621
hold709, 405.84, 78.88, 1.79621
FILLER_0_24_865, 405.84, 78.88, 1.79621
FILLER_0_25_862, 405.84, 78.88, 1.79621
_15728_, 418.64, 78.88, 1.79622
_15980_, 418.64, 78.88, 1.79622
hold1049, 418.64, 78.88, 1.79622
_15605_, 431.44, 78.88, 1.79623
_17888_, 431.44, 78.88, 1.79623
hold1136, 431.44, 78.88, 1.79623
FILLER_0_24_925, 431.44, 78.88, 1.79623
FILLER_0_25_932, 431.44, 78.88, 1.79623
_13363_, 444.24, 78.88, 1.79625
_13702_, 444.24, 78.88, 1.79625
_17289_, 444.24, 78.88, 1.79625
ANTENNA_205, 444.24, 78.88, 1.79625
FILLER_0_25_945, 444.24, 78.88, 1.79625
_08958_, 457.04, 78.88, 1.79628
_13360_, 457.04, 78.88, 1.79628
_13361_, 457.04, 78.88, 1.79628
_13613_, 457.04, 78.88, 1.79628
_13709_, 457.04, 78.88, 1.79628
_17159_, 469.84, 78.88, 1.79631
hold520, 469.84, 78.88, 1.79631
FILLER_0_25_1004, 469.84, 78.88, 1.79631
FILLER_0_26_1023, 469.84, 78.88, 1.79631
_08851_, 495.44, 78.88, 1.79631
FILLER_0_24_1064, 495.44, 78.88, 1.79631
FILLER_0_26_1076, 495.44, 78.88, 1.79631
_08853_, 508.24, 78.88, 1.79628
_10985_, 508.24, 78.88, 1.79628
FILLER_0_26_1102, 508.24, 78.88, 1.79628
_08854_, 521.04, 78.88, 1.79625
_13882_, 521.04, 78.88, 1.79625
hold384, 521.04, 78.88, 1.79625
ANTENNA_145, 521.04, 78.88, 1.79625
FILLER_0_25_1116, 521.04, 78.88, 1.79625
FILLER_0_25_1133, 521.04, 78.88, 1.79625
FILLER_0_26_1133, 521.04, 78.88, 1.79625
_15000_, 533.84, 78.88, 1.79622
_17590_, 533.84, 78.88, 1.79622
_17591_, 533.84, 78.88, 1.79622
hold509, 533.84, 78.88, 1.79622
FILLER_0_24_1144, 533.84, 78.88, 1.79622
_15002_, 546.64, 78.88, 1.79621
_17593_, 546.64, 78.88, 1.79621
hold1019, 546.64, 78.88, 1.79621
FILLER_0_24_1165, 546.64, 78.88, 1.79621
_13846_, 559.44, 78.88, 1.7962
_17334_, 559.44, 78.88, 1.7962
FILLER_0_24_1195, 559.44, 78.88, 1.7962
FILLER_0_25_1201, 559.44, 78.88, 1.7962
FILLER_0_25_1215, 559.44, 78.88, 1.7962
_13883_, 572.24, 78.88, 1.79621
_13884_, 572.24, 78.88, 1.79621
_17350_, 572.24, 78.88, 1.79621
hold949, 572.24, 78.88, 1.79621
FILLER_0_24_1252, 585.04, 78.88, 1.79622
FILLER_0_25_1285, 597.84, 78.88, 1.79623
FILLER_0_24_1309, 610.64, 78.88, 1.79624
FILLER_0_25_1337, 623.44, 78.88, 1.79625
PHY_44, 5.52, 73.44, 1.79786
PHY_46, 5.52, 73.44, 1.79786
FILLER_0_23_51, 34.64, 73.44, 1.79784
FILLER_0_24_77, 34.64, 73.44, 1.79784
FILLER_0_23_105, 47.44, 73.44, 1.79781
FILLER_0_22_133, 73.04, 73.44, 1.79777
FILLER_0_23_161, 85.84, 73.44, 1.79775
FILLER_0_22_189, 98.64, 73.44, 1.79772
FILLER_0_23_217, 111.44, 73.44, 1.7977
FILLER_0_22_245, 124.24, 73.44, 1.79768
FILLER_0_23_273, 137.04, 73.44, 1.79766
FILLER_0_22_301, 149.84, 73.44, 1.79764
FILLER_0_23_329, 162.64, 73.44, 1.79761
FILLER_0_23_385, 188.24, 73.44, 1.79748
FILLER_0_22_413, 201.04, 73.44, 1.79737
_13634_, 213.84, 73.44, 1.79726
_13723_, 213.84, 73.44, 1.79726
_13724_, 213.84, 73.44, 1.79726
_17263_, 213.84, 73.44, 1.79726
_17295_, 213.84, 73.44, 1.79726
FILLER_0_23_441, 213.84, 73.44, 1.79726
FILLER_0_23_459, 213.84, 73.44, 1.79726
FILLER_0_24_457, 213.84, 73.44, 1.79726
_13633_, 226.64, 73.44, 1.79717
_17262_, 226.64, 73.44, 1.79717
FILLER_0_22_477, 226.64, 73.44, 1.79717
_12030_, 239.44, 73.44, 1.79709
_14581_, 239.44, 73.44, 1.79709
_14582_, 239.44, 73.44, 1.79709
_16714_, 239.44, 73.44, 1.79709
_17500_, 239.44, 73.44, 1.79709
hold1109, 239.44, 73.44, 1.79709
FILLER_0_23_496, 239.44, 73.44, 1.79709
FILLER_0_24_512, 239.44, 73.44, 1.79709
_14580_, 252.24, 73.44, 1.79702
_17499_, 252.24, 73.44, 1.79702
FILLER_0_22_527, 252.24, 73.44, 1.79702
FILLER_0_23_533, 252.24, 73.44, 1.79702
_13938_, 265.04, 73.44, 1.79696
_17374_, 265.04, 73.44, 1.79696
FILLER_0_23_557, 265.04, 73.44, 1.79696
FILLER_0_23_577, 265.04, 73.44, 1.79696
_12950_, 277.84, 73.44, 1.7969
_14664_, 277.84, 73.44, 1.7969
_16504_, 277.84, 73.44, 1.7969
_16505_, 277.84, 73.44, 1.7969
_17532_, 277.84, 73.44, 1.7969
_18147_, 277.84, 73.44, 1.7969
FILLER_0_22_585, 277.84, 73.44, 1.7969
FILLER_0_23_597, 277.84, 73.44, 1.7969
_12737_, 290.64, 73.44, 1.79687
_14624_, 290.64, 73.44, 1.79687
_14626_, 290.64, 73.44, 1.79687
_14662_, 290.64, 73.44, 1.79687
_16501_, 290.64, 73.44, 1.79687
_17516_, 290.64, 73.44, 1.79687
hold977, 290.64, 73.44, 1.79687
FILLER_0_22_617, 290.64, 73.44, 1.79687
FILLER_0_23_608, 290.64, 73.44, 1.79687
FILLER_0_24_624, 290.64, 73.44, 1.79687
_17531_, 303.44, 73.44, 1.79684
clkbuf_leaf_224_clk, 303.44, 73.44, 1.79684
hold1083, 303.44, 73.44, 1.79684
FILLER_0_22_645, 303.44, 73.44, 1.79684
_12032_, 316.24, 73.44, 1.79687
_13555_, 316.24, 73.44, 1.79687
hold1071, 316.24, 73.44, 1.79687
FILLER_0_22_662, 316.24, 73.44, 1.79687
FILLER_0_22_671, 316.24, 73.44, 1.79687
_12031_, 341.84, 73.44, 1.79678
_15267_, 341.84, 73.44, 1.79678
hold935, 341.84, 73.44, 1.79678
FILLER_0_22_727, 341.84, 73.44, 1.79678
FILLER_0_23_725, 341.84, 73.44, 1.79678
_15309_, 354.64, 73.44, 1.79667
_17871_, 354.64, 73.44, 1.79667
hold1121, 354.64, 73.44, 1.79667
FILLER_0_23_761, 354.64, 73.44, 1.79667
FILLER_0_23_770, 354.64, 73.44, 1.79667
_15814_, 367.44, 73.44, 1.79656
_15816_, 367.44, 73.44, 1.79656
_17872_, 367.44, 73.44, 1.79656
hold681, 367.44, 73.44, 1.79656
hold701, 367.44, 73.44, 1.79656
FILLER_0_22_782, 367.44, 73.44, 1.79656
FILLER_0_23_778, 367.44, 73.44, 1.79656
_16054_, 380.24, 73.44, 1.79647
_16056_, 380.24, 73.44, 1.79647
_16057_, 380.24, 73.44, 1.79647
_17966_, 380.24, 73.44, 1.79647
_17967_, 380.24, 73.44, 1.79647
hold1035, 380.24, 73.44, 1.79647
FILLER_0_22_804, 380.24, 73.44, 1.79647
FILLER_0_24_827, 380.24, 73.44, 1.79647
_11215_, 393.04, 73.44, 1.7964
_16058_, 393.04, 73.44, 1.7964
hold585, 393.04, 73.44, 1.7964
hold912, 393.04, 73.44, 1.7964
FILLER_0_23_841, 393.04, 73.44, 1.7964
_15976_, 405.84, 73.44, 1.79633
_15977_, 405.84, 73.44, 1.79633
_17934_, 405.84, 73.44, 1.79633
clkbuf_leaf_180_clk, 405.84, 73.44, 1.79633
hold1032, 405.84, 73.44, 1.79633
FILLER_0_22_860, 405.84, 73.44, 1.79633
FILLER_0_24_873, 405.84, 73.44, 1.79633
_15979_, 418.64, 73.44, 1.79631
_15981_, 418.64, 73.44, 1.79631
_17935_, 418.64, 73.44, 1.79631
_17936_, 418.64, 73.44, 1.79631
hold927, 418.64, 73.44, 1.79631
hold1159, 418.64, 73.44, 1.79631
FILLER_0_24_908, 418.64, 73.44, 1.79631
_15851_, 431.44, 73.44, 1.79631
_15852_, 431.44, 73.44, 1.79631
_17886_, 431.44, 73.44, 1.79631
FILLER_0_22_917, 431.44, 73.44, 1.79631
FILLER_0_23_924, 431.44, 73.44, 1.79631
FILLER_0_24_937, 431.44, 73.44, 1.79631
_13710_, 444.24, 73.44, 1.79632
FILLER_0_23_947, 444.24, 73.44, 1.79632
FILLER_0_23_953, 444.24, 73.44, 1.79632
FILLER_0_23_960, 444.24, 73.44, 1.79632
_13620_, 457.04, 73.44, 1.79632
_13621_, 457.04, 73.44, 1.79632
_17160_, 457.04, 73.44, 1.79632
hold413, 457.04, 73.44, 1.79632
FILLER_0_23_968, 457.04, 73.44, 1.79632
FILLER_0_24_985, 457.04, 73.44, 1.79632
_13358_, 469.84, 73.44, 1.79634
_13359_, 469.84, 73.44, 1.79634
_14467_, 469.84, 73.44, 1.79634
FILLER_0_22_1007, 469.84, 73.44, 1.79634
FILLER_0_23_1003, 469.84, 73.44, 1.79634
FILLER_0_23_1009, 469.84, 73.44, 1.79634
_10984_, 495.44, 73.44, 1.79631
_13705_, 495.44, 73.44, 1.79631
_13706_, 495.44, 73.44, 1.79631
_17287_, 495.44, 73.44, 1.79631
hold497, 495.44, 73.44, 1.79631
FILLER_0_23_1055, 495.44, 73.44, 1.79631
_13616_, 508.24, 73.44, 1.79627
_13617_, 508.24, 73.44, 1.79627
_17255_, 508.24, 73.44, 1.79627
FILLER_0_22_1082, 508.24, 73.44, 1.79627
FILLER_0_24_1093, 508.24, 73.44, 1.79627
_13660_, 521.04, 73.44, 1.79624
_17271_, 521.04, 73.44, 1.79624
hold677, 521.04, 73.44, 1.79624
FILLER_0_22_1115, 521.04, 73.44, 1.79624
FILLER_0_23_1107, 521.04, 73.44, 1.79624
_13849_, 533.84, 73.44, 1.79622
_13851_, 533.84, 73.44, 1.79622
_17335_, 533.84, 73.44, 1.79622
hold1024, 533.84, 73.44, 1.79622
FILLER_0_22_1143, 533.84, 73.44, 1.79622
FILLER_0_23_1137, 533.84, 73.44, 1.79622
FILLER_0_23_1144, 533.84, 73.44, 1.79622
_15003_, 546.64, 73.44, 1.79621
_17592_, 546.64, 73.44, 1.79621
_13853_, 559.44, 73.44, 1.79621
_17337_, 559.44, 73.44, 1.79621
hold1056, 559.44, 73.44, 1.79621
FILLER_0_22_1194, 559.44, 73.44, 1.79621
FILLER_0_23_1193, 559.44, 73.44, 1.79621
FILLER_0_24_1217, 559.44, 73.44, 1.79621
_17353_, 572.24, 73.44, 1.79621
FILLER_0_23_1223, 572.24, 73.44, 1.79621
FILLER_0_22_1255, 585.04, 73.44, 1.79623
FILLER_0_23_1281, 597.84, 73.44, 1.79624
FILLER_0_22_1309, 610.64, 73.44, 1.79625
FILLER_0_23_1337, 623.44, 73.44, 1.79626
PHY_40, 5.52, 68, 1.79783
PHY_42, 5.52, 68, 1.79783
FILLER_0_21_51, 34.64, 68, 1.79781
FILLER_0_22_77, 34.64, 68, 1.79781
FILLER_0_21_105, 47.44, 68, 1.79779
FILLER_0_20_133, 73.04, 68, 1.79775
FILLER_0_21_161, 85.84, 68, 1.79772
FILLER_0_20_189, 98.64, 68, 1.7977
FILLER_0_21_217, 111.44, 68, 1.79768
FILLER_0_20_245, 124.24, 68, 1.79766
FILLER_0_21_273, 137.04, 68, 1.79764
FILLER_0_20_301, 149.84, 68, 1.79762
FILLER_0_21_329, 162.64, 68, 1.79759
FILLER_0_21_385, 188.24, 68, 1.79749
FILLER_0_20_413, 201.04, 68, 1.7974
FILLER_0_22_433, 201.04, 68, 1.7974
_13377_, 213.84, 68, 1.79731
hold890, 213.84, 68, 1.79731
FILLER_0_20_445, 213.84, 68, 1.79731
FILLER_0_21_441, 213.84, 68, 1.79731
_13632_, 226.64, 68, 1.79723
hold998, 226.64, 68, 1.79723
FILLER_0_20_471, 226.64, 68, 1.79723
FILLER_0_20_477, 226.64, 68, 1.79723
FILLER_0_22_494, 226.64, 68, 1.79723
_12790_, 239.44, 68, 1.79714
FILLER_0_21_517, 239.44, 68, 1.79714
_14521_, 252.24, 68, 1.79706
_14522_, 252.24, 68, 1.79706
_17483_, 252.24, 68, 1.79706
hold823, 252.24, 68, 1.79706
hold874, 252.24, 68, 1.79706
FILLER_0_22_545, 252.24, 68, 1.79706
_13824_, 265.04, 68, 1.79699
_13939_, 265.04, 68, 1.79699
clkbuf_leaf_227_clk, 265.04, 68, 1.79699
hold1134, 265.04, 68, 1.79699
FILLER_0_20_552, 265.04, 68, 1.79699
FILLER_0_21_555, 265.04, 68, 1.79699
FILLER_0_21_561, 265.04, 68, 1.79699
_13822_, 277.84, 68, 1.79696
_13823_, 277.84, 68, 1.79696
hold826, 277.84, 68, 1.79696
FILLER_0_20_592, 277.84, 68, 1.79696
_13376_, 290.64, 68, 1.79693
_13763_, 290.64, 68, 1.79693
_14625_, 290.64, 68, 1.79693
hold1133, 290.64, 68, 1.79693
FILLER_0_21_609, 290.64, 68, 1.79693
_13820_, 303.44, 68, 1.79691
_14622_, 303.44, 68, 1.79691
_14623_, 303.44, 68, 1.79691
_17515_, 303.44, 68, 1.79691
FILLER_0_20_640, 303.44, 68, 1.79691
FILLER_0_21_645, 303.44, 68, 1.79691
_13553_, 316.24, 68, 1.7969
_13554_, 316.24, 68, 1.7969
_17230_, 316.24, 68, 1.7969
FILLER_0_20_669, 316.24, 68, 1.7969
_12832_, 341.84, 68, 1.79678
_12954_, 341.84, 68, 1.79678
_12955_, 341.84, 68, 1.79678
_17072_, 341.84, 68, 1.79678
clkbuf_leaf_184_clk, 341.84, 68, 1.79678
FILLER_0_21_725, 341.84, 68, 1.79678
_10117_, 354.64, 68, 1.79672
_15808_, 354.64, 68, 1.79672
_15810_, 354.64, 68, 1.79672
_15811_, 354.64, 68, 1.79672
hold950, 354.64, 68, 1.79672
FILLER_0_20_750, 354.64, 68, 1.79672
FILLER_0_20_757, 354.64, 68, 1.79672
FILLER_0_21_755, 354.64, 68, 1.79672
FILLER_0_22_771, 354.64, 68, 1.79672
_12079_, 367.44, 68, 1.79667
_15726_, 367.44, 68, 1.79667
_15815_, 367.44, 68, 1.79667
hold473, 367.44, 68, 1.79667
FILLER_0_20_776, 367.44, 68, 1.79667
FILLER_0_21_781, 367.44, 68, 1.79667
_16053_, 380.24, 68, 1.79662
FILLER_0_20_808, 380.24, 68, 1.79662
FILLER_0_20_813, 380.24, 68, 1.79662
_16059_, 393.04, 68, 1.79657
_16093_, 393.04, 68, 1.79657
_17968_, 393.04, 68, 1.79657
FILLER_0_21_833, 393.04, 68, 1.79657
FILLER_0_21_880, 405.84, 68, 1.79653
_15893_, 418.64, 68, 1.79649
_15894_, 418.64, 68, 1.79649
_15978_, 418.64, 68, 1.79649
hold1095, 418.64, 68, 1.79649
FILLER_0_20_894, 418.64, 68, 1.79649
FILLER_0_21_905, 418.64, 68, 1.79649
FILLER_0_22_902, 418.64, 68, 1.79649
_15854_, 431.44, 68, 1.79646
_15855_, 431.44, 68, 1.79646
_15892_, 431.44, 68, 1.79646
_16090_, 431.44, 68, 1.79646
hold1059, 431.44, 68, 1.79646
_17462_, 444.24, 68, 1.79642
FILLER_0_20_948, 444.24, 68, 1.79642
FILLER_0_21_941, 444.24, 68, 1.79642
FILLER_0_21_949, 444.24, 68, 1.79642
_17257_, 457.04, 68, 1.79639
_17461_, 457.04, 68, 1.79639
hold574, 457.04, 68, 1.79639
FILLER_0_20_970, 457.04, 68, 1.79639
FILLER_0_20_981, 457.04, 68, 1.79639
FILLER_0_21_969, 457.04, 68, 1.79639
FILLER_0_21_989, 457.04, 68, 1.79639
_13661_, 469.84, 68, 1.79638
_13707_, 469.84, 68, 1.79638
_13708_, 469.84, 68, 1.79638
_14468_, 469.84, 68, 1.79638
_17288_, 469.84, 68, 1.79638
_13658_, 495.44, 68, 1.79632
_13703_, 495.44, 68, 1.79632
_13704_, 495.44, 68, 1.79632
FILLER_0_20_1053, 495.44, 68, 1.79632
FILLER_0_20_1060, 495.44, 68, 1.79632
FILLER_0_21_1065, 495.44, 68, 1.79632
_13614_, 508.24, 68, 1.79627
hold1002, 508.24, 68, 1.79627
hold1088, 508.24, 68, 1.79627
FILLER_0_21_1095, 508.24, 68, 1.79627
_13659_, 521.04, 68, 1.79623
_13665_, 521.04, 68, 1.79623
_13666_, 521.04, 68, 1.79623
FILLER_0_20_1118, 521.04, 68, 1.79623
FILLER_0_21_1115, 521.04, 68, 1.79623
FILLER_0_21_1133, 521.04, 68, 1.79623
_13848_, 533.84, 68, 1.79618
_13850_, 533.84, 68, 1.79618
_17336_, 533.84, 68, 1.79618
clkbuf_leaf_168_clk, 533.84, 68, 1.79618
FILLER_0_20_1141, 533.84, 68, 1.79618
FILLER_0_21_1155, 533.84, 68, 1.79618
FILLER_0_22_1158, 533.84, 68, 1.79618
_17351_, 546.64, 68, 1.79619
FILLER_0_21_1171, 546.64, 68, 1.79619
_13852_, 559.44, 68, 1.7962
_13889_, 559.44, 68, 1.7962
_13890_, 559.44, 68, 1.7962
FILLER_0_20_1200, 559.44, 68, 1.7962
FILLER_0_21_1213, 559.44, 68, 1.7962
hold1111, 572.24, 68, 1.79621
FILLER_0_21_1227, 572.24, 68, 1.79621
FILLER_0_20_1253, 585.04, 68, 1.79623
FILLER_0_21_1281, 597.84, 68, 1.79624
FILLER_0_20_1309, 610.64, 68, 1.79625
FILLER_0_21_1337, 623.44, 68, 1.79627
FILLER_0_21_1357, 623.44, 68, 1.79627
PHY_36, 5.52, 62.56, 1.7978
PHY_38, 5.52, 62.56, 1.7978
input20, 5.52, 62.56, 1.7978
FILLER_0_20_21, 13.68, 62.56, 1.7978
FILLER_0_19_51, 34.64, 62.56, 1.79778
FILLER_0_20_77, 34.64, 62.56, 1.79778
FILLER_0_19_105, 47.44, 62.56, 1.79776
FILLER_0_18_133, 73.04, 62.56, 1.79771
FILLER_0_19_161, 85.84, 62.56, 1.79768
FILLER_0_18_189, 98.64, 62.56, 1.79766
FILLER_0_19_217, 111.44, 62.56, 1.79764
FILLER_0_18_245, 124.24, 62.56, 1.79761
FILLER_0_19_273, 137.04, 62.56, 1.79759
FILLER_0_18_301, 149.84, 62.56, 1.79756
FILLER_0_19_329, 162.64, 62.56, 1.79754
FILLER_0_19_385, 188.24, 62.56, 1.7974
FILLER_0_18_413, 201.04, 62.56, 1.79728
_13378_, 213.84, 62.56, 1.79717
_17167_, 213.84, 62.56, 1.79717
FILLER_0_19_441, 213.84, 62.56, 1.79717
FILLER_0_19_449, 213.84, 62.56, 1.79717
_13722_, 226.64, 62.56, 1.79706
_17294_, 226.64, 62.56, 1.79706
clkbuf_leaf_228_clk, 226.64, 62.56, 1.79706
FILLER_0_18_469, 226.64, 62.56, 1.79706
FILLER_0_18_477, 226.64, 62.56, 1.79706
_12789_, 239.44, 62.56, 1.797
_17007_, 239.44, 62.56, 1.797
_17484_, 239.44, 62.56, 1.797
hold1060, 239.44, 62.56, 1.797
hold1146, 239.44, 62.56, 1.797
FILLER_0_20_509, 239.44, 62.56, 1.797
_12739_, 252.24, 62.56, 1.79696
_14520_, 252.24, 62.56, 1.79696
_14523_, 252.24, 62.56, 1.79696
hold1126, 252.24, 62.56, 1.79696
FILLER_0_19_532, 252.24, 62.56, 1.79696
_17327_, 265.04, 62.56, 1.79693
FILLER_0_18_555, 265.04, 62.56, 1.79693
FILLER_0_19_555, 265.04, 62.56, 1.79693
FILLER_0_19_577, 265.04, 62.56, 1.79693
FILLER_0_20_575, 265.04, 62.56, 1.79693
_10120_, 277.84, 62.56, 1.7969
_16635_, 277.84, 62.56, 1.7969
_17326_, 277.84, 62.56, 1.7969
FILLER_0_18_580, 277.84, 62.56, 1.7969
FILLER_0_20_604, 277.84, 62.56, 1.7969
_12738_, 290.64, 62.56, 1.79688
_13765_, 290.64, 62.56, 1.79688
_17311_, 290.64, 62.56, 1.79688
FILLER_0_18_616, 290.64, 62.56, 1.79688
FILLER_0_19_617, 290.64, 62.56, 1.79688
FILLER_0_20_621, 290.64, 62.56, 1.79688
_13761_, 303.44, 62.56, 1.79688
_13762_, 303.44, 62.56, 1.79688
_17310_, 303.44, 62.56, 1.79688
FILLER_0_19_657, 303.44, 62.56, 1.79688
_13559_, 316.24, 62.56, 1.79688
_17232_, 316.24, 62.56, 1.79688
hold963, 316.24, 62.56, 1.79688
_12833_, 341.84, 62.56, 1.79679
_16182_, 341.84, 62.56, 1.79679
_17024_, 341.84, 62.56, 1.79679
FILLER_0_18_721, 341.84, 62.56, 1.79679
_10118_, 354.64, 62.56, 1.7967
_12650_, 354.64, 62.56, 1.7967
_16055_, 354.64, 62.56, 1.7967
_17870_, 354.64, 62.56, 1.7967
_12078_, 367.44, 62.56, 1.79662
_16731_, 367.44, 62.56, 1.79662
hold1180, 367.44, 62.56, 1.79662
FILLER_0_19_779, 367.44, 62.56, 1.79662
_16094_, 380.24, 62.56, 1.79655
_16270_, 380.24, 62.56, 1.79655
_16271_, 380.24, 62.56, 1.79655
_17983_, 380.24, 62.56, 1.79655
_18047_, 380.24, 62.56, 1.79655
hold1151, 380.24, 62.56, 1.79655
FILLER_0_18_809, 380.24, 62.56, 1.79655
_15853_, 393.04, 62.56, 1.79649
_16017_, 393.04, 62.56, 1.79649
_17951_, 393.04, 62.56, 1.79649
hold1112, 393.04, 62.56, 1.79649
FILLER_0_18_842, 393.04, 62.56, 1.79649
FILLER_0_19_835, 393.04, 62.56, 1.79649
_15889_, 405.84, 62.56, 1.79645
_15890_, 405.84, 62.56, 1.79645
_17902_, 405.84, 62.56, 1.79645
hold1001, 405.84, 62.56, 1.79645
hold1189, 405.84, 62.56, 1.79645
FILLER_0_19_865, 405.84, 62.56, 1.79645
FILLER_0_20_880, 405.84, 62.56, 1.79645
_15891_, 418.64, 62.56, 1.79641
_17904_, 418.64, 62.56, 1.79641
FILLER_0_19_891, 418.64, 62.56, 1.79641
FILLER_0_20_902, 418.64, 62.56, 1.79641
_17887_, 431.44, 62.56, 1.79638
_17903_, 431.44, 62.56, 1.79638
ANTENNA_7, 431.44, 62.56, 1.79638
FILLER_0_18_925, 431.44, 62.56, 1.79638
FILLER_0_19_929, 431.44, 62.56, 1.79638
FILLER_0_20_929, 431.44, 62.56, 1.79638
_12972_, 444.24, 62.56, 1.79637
_14469_, 444.24, 62.56, 1.79637
_14470_, 444.24, 62.56, 1.79637
_15936_, 444.24, 62.56, 1.79637
ANTENNA_114, 444.24, 62.56, 1.79637
ANTENNA_115, 444.24, 62.56, 1.79637
FILLER_0_19_944, 444.24, 62.56, 1.79637
_12981_, 457.04, 62.56, 1.79636
_12982_, 457.04, 62.56, 1.79636
_13664_, 457.04, 62.56, 1.79636
hold849, 457.04, 62.56, 1.79636
FILLER_0_18_981, 457.04, 62.56, 1.79636
FILLER_0_20_990, 457.04, 62.56, 1.79636
_12971_, 469.84, 62.56, 1.79635
_12978_, 469.84, 62.56, 1.79635
_17142_, 469.84, 62.56, 1.79635
FILLER_0_19_1001, 469.84, 62.56, 1.79635
FILLER_0_20_1023, 469.84, 62.56, 1.79635
_12976_, 495.44, 62.56, 1.79625
_17079_, 495.44, 62.56, 1.79625
_17286_, 495.44, 62.56, 1.79625
clkbuf_leaf_169_clk, 495.44, 62.56, 1.79625
hold808, 495.44, 62.56, 1.79625
FILLER_0_18_1057, 495.44, 62.56, 1.79625
_12975_, 508.24, 62.56, 1.79622
_13615_, 508.24, 62.56, 1.79622
_17254_, 508.24, 62.56, 1.79622
_17273_, 508.24, 62.56, 1.79622
FILLER_0_18_1085, 508.24, 62.56, 1.79622
FILLER_0_19_1085, 508.24, 62.56, 1.79622
FILLER_0_19_1098, 508.24, 62.56, 1.79622
_13662_, 521.04, 62.56, 1.79622
_17272_, 521.04, 62.56, 1.79622
hold1115, 521.04, 62.56, 1.79622
FILLER_0_18_1117, 521.04, 62.56, 1.79622
_13886_, 533.84, 62.56, 1.79622
_13887_, 533.84, 62.56, 1.79622
_13888_, 533.84, 62.56, 1.79622
_17352_, 533.84, 62.56, 1.79622
hold1077, 533.84, 62.56, 1.79622
FILLER_0_18_1139, 533.84, 62.56, 1.79622
FILLER_0_19_1139, 533.84, 62.56, 1.79622
FILLER_0_20_1158, 533.84, 62.56, 1.79622
_13885_, 546.64, 62.56, 1.79623
hold1064, 546.64, 62.56, 1.79623
FILLER_0_18_1197, 559.44, 62.56, 1.79624
FILLER_0_19_1225, 572.24, 62.56, 1.79625
FILLER_0_18_1253, 585.04, 62.56, 1.79626
FILLER_0_19_1281, 597.84, 62.56, 1.79627
FILLER_0_18_1309, 610.64, 62.56, 1.79628
FILLER_0_19_1337, 623.44, 62.56, 1.79629
PHY_32, 5.52, 57.12, 1.79778
PHY_34, 5.52, 57.12, 1.79778
FILLER_0_17_51, 34.64, 57.12, 1.79776
FILLER_0_18_77, 34.64, 57.12, 1.79776
FILLER_0_17_105, 47.44, 57.12, 1.79774
FILLER_0_16_133, 73.04, 57.12, 1.79769
FILLER_0_17_161, 85.84, 57.12, 1.79767
FILLER_0_16_189, 98.64, 57.12, 1.79765
FILLER_0_17_217, 111.44, 57.12, 1.79762
FILLER_0_16_245, 124.24, 57.12, 1.7976
FILLER_0_17_273, 137.04, 57.12, 1.79758
FILLER_0_16_301, 149.84, 57.12, 1.79756
FILLER_0_17_329, 162.64, 57.12, 1.79753
FILLER_0_17_385, 188.24, 57.12, 1.79743
FILLER_0_16_413, 201.04, 57.12, 1.79734
_17166_, 213.84, 57.12, 1.79726
FILLER_0_17_441, 213.84, 57.12, 1.79726
_13374_, 226.64, 57.12, 1.79718
_13721_, 226.64, 57.12, 1.79718
_17006_, 226.64, 57.12, 1.79718
FILLER_0_16_468, 226.64, 57.12, 1.79718
FILLER_0_18_493, 226.64, 57.12, 1.79718
_16991_, 239.44, 57.12, 1.79711
_17135_, 239.44, 57.12, 1.79711
hold1045, 239.44, 57.12, 1.79711
FILLER_0_17_499, 239.44, 57.12, 1.79711
FILLER_0_17_505, 239.44, 57.12, 1.79711
FILLER_0_17_519, 239.44, 57.12, 1.79711
FILLER_0_18_510, 239.44, 57.12, 1.79711
_12740_, 252.24, 57.12, 1.79705
_13940_, 252.24, 57.12, 1.79705
_13941_, 252.24, 57.12, 1.79705
_17375_, 252.24, 57.12, 1.79705
FILLER_0_16_523, 252.24, 57.12, 1.79705
FILLER_0_17_538, 252.24, 57.12, 1.79705
_12736_, 265.04, 57.12, 1.79701
_13825_, 265.04, 57.12, 1.79701
_16990_, 265.04, 57.12, 1.79701
FILLER_0_16_553, 265.04, 57.12, 1.79701
FILLER_0_17_557, 265.04, 57.12, 1.79701
_10116_, 277.84, 57.12, 1.79697
_10119_, 277.84, 57.12, 1.79697
FILLER_0_16_589, 277.84, 57.12, 1.79697
FILLER_0_17_589, 277.84, 57.12, 1.79697
_13764_, 290.64, 57.12, 1.79693
_16345_, 290.64, 57.12, 1.79693
_18079_, 290.64, 57.12, 1.79693
FILLER_0_17_613, 290.64, 57.12, 1.79693
_14587_, 303.44, 57.12, 1.7969
_16468_, 303.44, 57.12, 1.7969
FILLER_0_16_645, 303.44, 57.12, 1.7969
FILLER_0_17_649, 303.44, 57.12, 1.7969
FILLER_0_18_654, 303.44, 57.12, 1.7969
_12791_, 316.24, 57.12, 1.79688
_12871_, 316.24, 57.12, 1.79688
_13557_, 316.24, 57.12, 1.79688
_13558_, 316.24, 57.12, 1.79688
_14576_, 316.24, 57.12, 1.79688
_14583_, 316.24, 57.12, 1.79688
_17040_, 316.24, 57.12, 1.79688
FILLER_0_18_680, 316.24, 57.12, 1.79688
FILLER_0_18_689, 316.24, 57.12, 1.79688
_16954_, 341.84, 57.12, 1.79674
_16955_, 341.84, 57.12, 1.79674
FILLER_0_16_722, 341.84, 57.12, 1.79674
FILLER_0_17_741, 341.84, 57.12, 1.79674
_12081_, 354.64, 57.12, 1.79663
_12651_, 354.64, 57.12, 1.79663
_16732_, 354.64, 57.12, 1.79663
FILLER_0_17_762, 354.64, 57.12, 1.79663
_12077_, 367.44, 57.12, 1.79652
FILLER_0_16_779, 367.44, 57.12, 1.79652
FILLER_0_17_781, 367.44, 57.12, 1.79652
FILLER_0_17_785, 367.44, 57.12, 1.79652
_18015_, 380.24, 57.12, 1.79642
clkbuf_leaf_181_clk, 380.24, 57.12, 1.79642
hold1161, 380.24, 57.12, 1.79642
FILLER_0_17_818, 380.24, 57.12, 1.79642
FILLER_0_17_826, 380.24, 57.12, 1.79642
_16016_, 393.04, 57.12, 1.79637
_16092_, 393.04, 57.12, 1.79637
_17982_, 393.04, 57.12, 1.79637
_17985_, 393.04, 57.12, 1.79637
FILLER_0_17_832, 393.04, 57.12, 1.79637
_15944_, 405.84, 57.12, 1.79634
_16098_, 405.84, 57.12, 1.79634
ANTENNA_148, 405.84, 57.12, 1.79634
FILLER_0_16_862, 405.84, 57.12, 1.79634
FILLER_0_17_871, 405.84, 57.12, 1.79634
_16013_, 418.64, 57.12, 1.7963
_16179_, 418.64, 57.12, 1.7963
_16186_, 418.64, 57.12, 1.7963
_18016_, 418.64, 57.12, 1.7963
FILLER_0_17_901, 418.64, 57.12, 1.7963
FILLER_0_17_908, 418.64, 57.12, 1.7963
_15939_, 431.44, 57.12, 1.79628
_15940_, 431.44, 57.12, 1.79628
_15941_, 431.44, 57.12, 1.79628
_16095_, 431.44, 57.12, 1.79628
_17919_, 431.44, 57.12, 1.79628
_17984_, 431.44, 57.12, 1.79628
FILLER_0_17_927, 431.44, 57.12, 1.79628
_13315_, 444.24, 57.12, 1.79627
_13393_, 444.24, 57.12, 1.79627
_13575_, 444.24, 57.12, 1.79627
_17081_, 444.24, 57.12, 1.79627
ANTENNA_203, 444.24, 57.12, 1.79627
FILLER_0_18_955, 444.24, 57.12, 1.79627
_12983_, 457.04, 57.12, 1.79627
_13583_, 457.04, 57.12, 1.79627
_17241_, 457.04, 57.12, 1.79627
clkbuf_leaf_178_clk, 457.04, 57.12, 1.79627
FILLER_0_16_977, 457.04, 57.12, 1.79627
FILLER_0_16_981, 457.04, 57.12, 1.79627
FILLER_0_17_972, 457.04, 57.12, 1.79627
_12979_, 469.84, 57.12, 1.79632
_13316_, 469.84, 57.12, 1.79632
_13317_, 469.84, 57.12, 1.79632
hold938, 469.84, 57.12, 1.79632
FILLER_0_17_1014, 469.84, 57.12, 1.79632
_12973_, 495.44, 57.12, 1.79637
_13394_, 495.44, 57.12, 1.79637
FILLER_0_16_1065, 495.44, 57.12, 1.79637
FILLER_0_17_1061, 495.44, 57.12, 1.79637
FILLER_0_17_1065, 495.44, 57.12, 1.79637
_13663_, 521.04, 57.12, 1.79636
FILLER_0_17_1115, 521.04, 57.12, 1.79636
FILLER_0_16_1139, 533.84, 57.12, 1.79636
FILLER_0_17_1169, 546.64, 57.12, 1.79635
FILLER_0_16_1197, 559.44, 57.12, 1.79635
FILLER_0_17_1225, 572.24, 57.12, 1.79634
FILLER_0_16_1253, 585.04, 57.12, 1.79634
FILLER_0_17_1281, 597.84, 57.12, 1.79634
FILLER_0_16_1309, 610.64, 57.12, 1.79633
FILLER_0_17_1337, 623.44, 57.12, 1.79633
PHY_28, 5.52, 51.68, 1.79776
PHY_30, 5.52, 51.68, 1.79776
FILLER_0_15_51, 34.64, 51.68, 1.79774
FILLER_0_16_77, 34.64, 51.68, 1.79774
FILLER_0_15_105, 47.44, 51.68, 1.79772
FILLER_0_14_133, 73.04, 51.68, 1.79767
FILLER_0_15_161, 85.84, 51.68, 1.79765
FILLER_0_14_189, 98.64, 51.68, 1.79763
FILLER_0_15_217, 111.44, 51.68, 1.79761
FILLER_0_14_245, 124.24, 51.68, 1.79758
FILLER_0_15_273, 137.04, 51.68, 1.79756
FILLER_0_14_301, 149.84, 51.68, 1.79754
FILLER_0_15_329, 162.64, 51.68, 1.79752
FILLER_0_15_385, 188.24, 51.68, 1.79742
FILLER_0_14_413, 201.04, 51.68, 1.79735
_13375_, 213.84, 51.68, 1.79727
FILLER_0_15_441, 213.84, 51.68, 1.79727
FILLER_0_16_457, 213.84, 51.68, 1.79727
_12787_, 226.64, 51.68, 1.7972
_12788_, 226.64, 51.68, 1.7972
FILLER_0_14_469, 226.64, 51.68, 1.7972
FILLER_0_15_473, 226.64, 51.68, 1.7972
FILLER_0_15_494, 226.64, 51.68, 1.7972
_13295_, 239.44, 51.68, 1.79713
_13296_, 239.44, 51.68, 1.79713
_13297_, 239.44, 51.68, 1.79713
_13298_, 239.44, 51.68, 1.79713
_17134_, 239.44, 51.68, 1.79713
_12741_, 252.24, 51.68, 1.79706
_12742_, 252.24, 51.68, 1.79706
FILLER_0_14_525, 252.24, 51.68, 1.79706
FILLER_0_14_533, 252.24, 51.68, 1.79706
FILLER_0_15_534, 252.24, 51.68, 1.79706
FILLER_0_16_545, 252.24, 51.68, 1.79706
_12735_, 265.04, 51.68, 1.797
_16636_, 265.04, 51.68, 1.797
FILLER_0_15_553, 265.04, 51.68, 1.797
FILLER_0_15_572, 265.04, 51.68, 1.797
_10115_, 277.84, 51.68, 1.79694
_10124_, 277.84, 51.68, 1.79694
_10125_, 277.84, 51.68, 1.79694
_16634_, 277.84, 51.68, 1.79694
FILLER_0_14_585, 277.84, 51.68, 1.79694
FILLER_0_15_594, 277.84, 51.68, 1.79694
_16344_, 290.64, 51.68, 1.79689
_18131_, 290.64, 51.68, 1.79689
FILLER_0_15_607, 290.64, 51.68, 1.79689
FILLER_0_15_626, 290.64, 51.68, 1.79689
_10112_, 303.44, 51.68, 1.79685
_10113_, 303.44, 51.68, 1.79685
_13551_, 303.44, 51.68, 1.79685
_16227_, 303.44, 51.68, 1.79685
_16467_, 303.44, 51.68, 1.79685
clkbuf_leaf_225_clk, 303.44, 51.68, 1.79685
FILLER_0_16_657, 303.44, 51.68, 1.79685
_10122_, 316.24, 51.68, 1.79686
_10123_, 316.24, 51.68, 1.79686
_12866_, 316.24, 51.68, 1.79686
_12870_, 316.24, 51.68, 1.79686
_17038_, 316.24, 51.68, 1.79686
FILLER_0_15_662, 316.24, 51.68, 1.79686
FILLER_0_15_677, 316.24, 51.68, 1.79686
FILLER_0_16_679, 316.24, 51.68, 1.79686
_12648_, 341.84, 51.68, 1.79681
_12649_, 341.84, 51.68, 1.79681
FILLER_0_15_724, 341.84, 51.68, 1.79681
FILLER_0_15_743, 341.84, 51.68, 1.79681
_12080_, 354.64, 51.68, 1.79674
_12652_, 354.64, 51.68, 1.79674
_12653_, 354.64, 51.68, 1.79674
_16956_, 354.64, 51.68, 1.79674
FILLER_0_14_749, 354.64, 51.68, 1.79674
_12076_, 367.44, 51.68, 1.79669
_16730_, 367.44, 51.68, 1.79669
_18046_, 367.44, 51.68, 1.79669
FILLER_0_15_774, 367.44, 51.68, 1.79669
FILLER_0_15_785, 367.44, 51.68, 1.79669
FILLER_0_15_798, 367.44, 51.68, 1.79669
_16183_, 380.24, 51.68, 1.79664
_16184_, 380.24, 51.68, 1.79664
FILLER_0_14_813, 380.24, 51.68, 1.79664
FILLER_0_15_806, 380.24, 51.68, 1.79664
FILLER_0_15_821, 380.24, 51.68, 1.79664
_16015_, 393.04, 51.68, 1.7966
_16091_, 393.04, 51.68, 1.7966
FILLER_0_14_831, 393.04, 51.68, 1.7966
FILLER_0_14_839, 393.04, 51.68, 1.7966
_15935_, 405.84, 51.68, 1.79656
_15938_, 405.84, 51.68, 1.79656
_16097_, 405.84, 51.68, 1.79656
_16187_, 405.84, 51.68, 1.79656
_16188_, 405.84, 51.68, 1.79656
_17918_, 405.84, 51.68, 1.79656
FILLER_0_14_863, 405.84, 51.68, 1.79656
FILLER_0_15_865, 405.84, 51.68, 1.79656
FILLER_0_15_873, 405.84, 51.68, 1.79656
_16185_, 418.64, 51.68, 1.79653
FILLER_0_16_911, 418.64, 51.68, 1.79653
_16096_, 431.44, 51.68, 1.7965
FILLER_0_14_916, 431.44, 51.68, 1.7965
_17145_, 444.24, 51.68, 1.79647
FILLER_0_14_949, 444.24, 51.68, 1.79647
FILLER_0_15_946, 444.24, 51.68, 1.79647
FILLER_0_15_953, 444.24, 51.68, 1.79647
_13322_, 457.04, 51.68, 1.79644
_13400_, 457.04, 51.68, 1.79644
_13401_, 457.04, 51.68, 1.79644
_13582_, 457.04, 51.68, 1.79644
_17177_, 457.04, 51.68, 1.79644
hold1055, 457.04, 51.68, 1.79644
_13318_, 469.84, 51.68, 1.79643
_13321_, 469.84, 51.68, 1.79643
_17144_, 469.84, 51.68, 1.79643
FILLER_0_15_1002, 469.84, 51.68, 1.79643
FILLER_0_15_1009, 469.84, 51.68, 1.79643
FILLER_0_16_1021, 469.84, 51.68, 1.79643
_12974_, 495.44, 51.68, 1.7964
_13395_, 495.44, 51.68, 1.7964
_13397_, 495.44, 51.68, 1.7964
_17174_, 495.44, 51.68, 1.7964
FILLER_0_14_1057, 495.44, 51.68, 1.7964
FILLER_0_15_1056, 495.44, 51.68, 1.7964
_13576_, 508.24, 51.68, 1.79639
_13577_, 508.24, 51.68, 1.79639
_13579_, 508.24, 51.68, 1.79639
_17238_, 508.24, 51.68, 1.79639
FILLER_0_15_1089, 508.24, 51.68, 1.79639
FILLER_0_16_1093, 508.24, 51.68, 1.79639
FILLER_0_15_1114, 521.04, 51.68, 1.79638
FILLER_0_15_1169, 546.64, 51.68, 1.79637
FILLER_0_14_1197, 559.44, 51.68, 1.79637
FILLER_0_15_1225, 572.24, 51.68, 1.79636
FILLER_0_14_1253, 585.04, 51.68, 1.79636
FILLER_0_15_1281, 597.84, 51.68, 1.79635
FILLER_0_14_1309, 610.64, 51.68, 1.79635
FILLER_0_15_1337, 623.44, 51.68, 1.79634
PHY_24, 5.52, 46.24, 1.79774
PHY_26, 5.52, 46.24, 1.79774
FILLER_0_13_51, 34.64, 46.24, 1.79772
FILLER_0_14_77, 34.64, 46.24, 1.79772
FILLER_0_13_105, 47.44, 46.24, 1.79769
FILLER_0_12_133, 73.04, 46.24, 1.79765
FILLER_0_13_161, 85.84, 46.24, 1.79763
FILLER_0_12_189, 98.64, 46.24, 1.7976
FILLER_0_13_217, 111.44, 46.24, 1.79758
FILLER_0_12_245, 124.24, 46.24, 1.79756
FILLER_0_13_273, 137.04, 46.24, 1.79754
FILLER_0_12_301, 149.84, 46.24, 1.79751
FILLER_0_13_329, 162.64, 46.24, 1.79749
FILLER_0_13_385, 188.24, 46.24, 1.79739
FILLER_0_12_413, 201.04, 46.24, 1.79731
FILLER_0_13_441, 213.84, 46.24, 1.79723
FILLER_0_12_469, 226.64, 46.24, 1.79716
FILLER_0_13_497, 239.44, 46.24, 1.79708
_16992_, 252.24, 46.24, 1.797
FILLER_0_12_525, 252.24, 46.24, 1.797
clkbuf_leaf_226_clk, 265.04, 46.24, 1.79693
FILLER_0_12_557, 265.04, 46.24, 1.79693
FILLER_0_13_553, 265.04, 46.24, 1.79693
FILLER_0_14_577, 265.04, 46.24, 1.79693
_16346_, 277.84, 46.24, 1.7969
_18080_, 277.84, 46.24, 1.7969
FILLER_0_12_584, 277.84, 46.24, 1.7969
FILLER_0_13_585, 277.84, 46.24, 1.7969
FILLER_0_13_593, 277.84, 46.24, 1.7969
FILLER_0_13_605, 277.84, 46.24, 1.7969
_16342_, 290.64, 46.24, 1.79688
_16469_, 290.64, 46.24, 1.79688
_18078_, 290.64, 46.24, 1.79688
FILLER_0_13_613, 290.64, 46.24, 1.79688
FILLER_0_13_626, 290.64, 46.24, 1.79688
FILLER_0_14_625, 290.64, 46.24, 1.79688
_12785_, 303.44, 46.24, 1.79686
_16233_, 303.44, 46.24, 1.79686
_16465_, 303.44, 46.24, 1.79686
FILLER_0_12_645, 303.44, 46.24, 1.79686
FILLER_0_13_641, 303.44, 46.24, 1.79686
_12867_, 316.24, 46.24, 1.79685
_12869_, 316.24, 46.24, 1.79685
_16146_, 316.24, 46.24, 1.79685
FILLER_0_12_664, 316.24, 46.24, 1.79685
FILLER_0_13_663, 316.24, 46.24, 1.79685
_16229_, 341.84, 46.24, 1.7967
_18030_, 341.84, 46.24, 1.7967
FILLER_0_13_729, 341.84, 46.24, 1.7967
FILLER_0_13_743, 341.84, 46.24, 1.7967
clkbuf_leaf_183_clk, 354.64, 46.24, 1.79658
FILLER_0_13_766, 354.64, 46.24, 1.79658
_16268_, 367.44, 46.24, 1.7965
_16269_, 367.44, 46.24, 1.7965
_16273_, 367.44, 46.24, 1.7965
_18048_, 367.44, 46.24, 1.7965
FILLER_0_12_781, 367.44, 46.24, 1.7965
FILLER_0_13_777, 367.44, 46.24, 1.7965
FILLER_0_13_785, 367.44, 46.24, 1.7965
_16180_, 380.24, 46.24, 1.79643
_18014_, 380.24, 46.24, 1.79643
FILLER_0_12_804, 380.24, 46.24, 1.79643
FILLER_0_12_813, 380.24, 46.24, 1.79643
FILLER_0_13_812, 380.24, 46.24, 1.79643
_16014_, 393.04, 46.24, 1.79637
_17950_, 393.04, 46.24, 1.79637
FILLER_0_13_831, 393.04, 46.24, 1.79637
FILLER_0_14_854, 393.04, 46.24, 1.79637
_15937_, 405.84, 46.24, 1.79632
_18017_, 405.84, 46.24, 1.79632
clkbuf_leaf_179_clk, 405.84, 46.24, 1.79632
FILLER_0_12_858, 405.84, 46.24, 1.79632
FILLER_0_12_869, 405.84, 46.24, 1.79632
FILLER_0_13_874, 405.84, 46.24, 1.79632
FILLER_0_14_878, 405.84, 46.24, 1.79632
_16018_, 418.64, 46.24, 1.79632
_16019_, 418.64, 46.24, 1.79632
_17952_, 418.64, 46.24, 1.79632
FILLER_0_12_887, 418.64, 46.24, 1.79632
FILLER_0_13_887, 418.64, 46.24, 1.79632
FILLER_0_13_908, 418.64, 46.24, 1.79632
_15942_, 431.44, 46.24, 1.79633
_15943_, 431.44, 46.24, 1.79633
_17920_, 431.44, 46.24, 1.79633
_13323_, 444.24, 46.24, 1.79635
FILLER_0_13_944, 444.24, 46.24, 1.79635
FILLER_0_14_957, 444.24, 46.24, 1.79635
FILLER_0_12_970, 457.04, 46.24, 1.79637
FILLER_0_13_989, 457.04, 46.24, 1.79637
_13319_, 469.84, 46.24, 1.79639
_13320_, 469.84, 46.24, 1.79639
_17143_, 469.84, 46.24, 1.79639
FILLER_0_13_1009, 469.84, 46.24, 1.79639
FILLER_0_13_1018, 469.84, 46.24, 1.79639
_13396_, 495.44, 46.24, 1.79639
_17175_, 495.44, 46.24, 1.79639
hold972, 495.44, 46.24, 1.79639
hold1117, 495.44, 46.24, 1.79639
_13578_, 508.24, 46.24, 1.79638
_17239_, 508.24, 46.24, 1.79638
hold994, 508.24, 46.24, 1.79638
FILLER_0_12_1086, 508.24, 46.24, 1.79638
FILLER_0_13_1081, 508.24, 46.24, 1.79638
FILLER_0_13_1115, 521.04, 46.24, 1.79638
FILLER_0_12_1141, 533.84, 46.24, 1.79637
FILLER_0_13_1169, 546.64, 46.24, 1.79637
FILLER_0_12_1197, 559.44, 46.24, 1.79637
FILLER_0_13_1225, 572.24, 46.24, 1.79636
FILLER_0_12_1253, 585.04, 46.24, 1.79636
FILLER_0_13_1281, 597.84, 46.24, 1.79636
FILLER_0_12_1309, 610.64, 46.24, 1.79635
FILLER_0_13_1337, 623.44, 46.24, 1.79635
PHY_20, 5.52, 40.8, 1.79772
PHY_22, 5.52, 40.8, 1.79772
FILLER_0_11_51, 34.64, 40.8, 1.7977
FILLER_0_12_77, 34.64, 40.8, 1.7977
FILLER_0_11_105, 47.44, 40.8, 1.79768
FILLER_0_10_133, 73.04, 40.8, 1.79764
FILLER_0_11_161, 85.84, 40.8, 1.79761
FILLER_0_10_189, 98.64, 40.8, 1.79759
FILLER_0_11_217, 111.44, 40.8, 1.79757
FILLER_0_10_245, 124.24, 40.8, 1.79755
FILLER_0_11_273, 137.04, 40.8, 1.79753
FILLER_0_10_301, 149.84, 40.8, 1.79751
FILLER_0_11_329, 162.64, 40.8, 1.79749
FILLER_0_11_385, 188.24, 40.8, 1.79741
FILLER_0_10_413, 201.04, 40.8, 1.79736
FILLER_0_11_441, 213.84, 40.8, 1.7973
FILLER_0_10_469, 226.64, 40.8, 1.79725
FILLER_0_11_497, 239.44, 40.8, 1.7972
FILLER_0_10_525, 252.24, 40.8, 1.79714
_18149_, 265.04, 40.8, 1.79709
FILLER_0_11_553, 265.04, 40.8, 1.79709
FILLER_0_11_561, 265.04, 40.8, 1.79709
_16347_, 277.84, 40.8, 1.79704
_16506_, 277.84, 40.8, 1.79704
_16508_, 277.84, 40.8, 1.79704
FILLER_0_10_585, 277.84, 40.8, 1.79704
FILLER_0_12_605, 277.84, 40.8, 1.79704
_16343_, 290.64, 40.8, 1.797
_16470_, 290.64, 40.8, 1.797
_18132_, 290.64, 40.8, 1.797
FILLER_0_11_609, 290.64, 40.8, 1.797
FILLER_0_12_624, 290.64, 40.8, 1.797
_16466_, 303.44, 40.8, 1.79696
_18130_, 303.44, 40.8, 1.79696
FILLER_0_10_634, 303.44, 40.8, 1.79696
FILLER_0_11_646, 303.44, 40.8, 1.79696
FILLER_0_11_667, 316.24, 40.8, 1.79693
_16230_, 341.84, 40.8, 1.79684
_18095_, 341.84, 40.8, 1.79684
FILLER_0_11_724, 341.84, 40.8, 1.79684
FILLER_0_11_734, 341.84, 40.8, 1.79684
_16381_, 354.64, 40.8, 1.79678
_16382_, 354.64, 40.8, 1.79678
_16385_, 354.64, 40.8, 1.79678
FILLER_0_10_752, 354.64, 40.8, 1.79678
FILLER_0_10_757, 354.64, 40.8, 1.79678
_16272_, 367.44, 40.8, 1.79673
_16308_, 367.44, 40.8, 1.79673
_16378_, 367.44, 40.8, 1.79673
_18063_, 367.44, 40.8, 1.79673
FILLER_0_10_780, 367.44, 40.8, 1.79673
FILLER_0_11_778, 367.44, 40.8, 1.79673
FILLER_0_12_792, 367.44, 40.8, 1.79673
_16141_, 380.24, 40.8, 1.79668
_16181_, 380.24, 40.8, 1.79668
_16312_, 380.24, 40.8, 1.79668
_17999_, 380.24, 40.8, 1.79668
_16304_, 393.04, 40.8, 1.79664
_18065_, 393.04, 40.8, 1.79664
FILLER_0_11_830, 393.04, 40.8, 1.79664
_15945_, 405.84, 40.8, 1.79661
_15946_, 405.84, 40.8, 1.79661
_16020_, 405.84, 40.8, 1.79661
_16021_, 405.84, 40.8, 1.79661
_16138_, 405.84, 40.8, 1.79661
_17921_, 405.84, 40.8, 1.79661
FILLER_0_10_862, 405.84, 40.8, 1.79661
FILLER_0_11_861, 405.84, 40.8, 1.79661
FILLER_0_10_917, 431.44, 40.8, 1.79657
FILLER_0_11_945, 444.24, 40.8, 1.79655
FILLER_0_10_973, 457.04, 40.8, 1.79652
FILLER_0_11_1001, 469.84, 40.8, 1.7965
FILLER_0_11_1057, 495.44, 40.8, 1.79647
FILLER_0_10_1085, 508.24, 40.8, 1.79646
FILLER_0_11_1113, 521.04, 40.8, 1.79645
FILLER_0_10_1141, 533.84, 40.8, 1.79644
FILLER_0_11_1169, 546.64, 40.8, 1.79643
FILLER_0_10_1197, 559.44, 40.8, 1.79642
FILLER_0_11_1225, 572.24, 40.8, 1.79641
FILLER_0_10_1253, 585.04, 40.8, 1.7964
FILLER_0_11_1281, 597.84, 40.8, 1.79639
FILLER_0_10_1309, 610.64, 40.8, 1.79638
FILLER_0_11_1337, 623.44, 40.8, 1.79637
PHY_16, 5.52, 35.36, 1.7977
PHY_18, 5.52, 35.36, 1.7977
FILLER_0_9_51, 34.64, 35.36, 1.79768
FILLER_0_10_77, 34.64, 35.36, 1.79768
FILLER_0_9_105, 47.44, 35.36, 1.79766
FILLER_0_8_133, 73.04, 35.36, 1.79762
FILLER_0_9_161, 85.84, 35.36, 1.7976
FILLER_0_8_189, 98.64, 35.36, 1.79757
FILLER_0_9_217, 111.44, 35.36, 1.79755
FILLER_0_8_245, 124.24, 35.36, 1.79753
FILLER_0_9_273, 137.04, 35.36, 1.79751
FILLER_0_8_301, 149.84, 35.36, 1.79749
FILLER_0_9_329, 162.64, 35.36, 1.79747
FILLER_0_9_385, 188.24, 35.36, 1.7974
FILLER_0_8_413, 201.04, 35.36, 1.79735
FILLER_0_9_441, 213.84, 35.36, 1.79729
FILLER_0_8_469, 226.64, 35.36, 1.79724
FILLER_0_9_497, 239.44, 35.36, 1.79719
FILLER_0_8_525, 252.24, 35.36, 1.79714
_16509_, 265.04, 35.36, 1.79709
_18148_, 265.04, 35.36, 1.79709
FILLER_0_9_553, 265.04, 35.36, 1.79709
FILLER_0_9_561, 265.04, 35.36, 1.79709
FILLER_0_9_569, 265.04, 35.36, 1.79709
FILLER_0_10_569, 265.04, 35.36, 1.79709
FILLER_0_10_577, 265.04, 35.36, 1.79709
_16503_, 277.84, 35.36, 1.79704
_18146_, 277.84, 35.36, 1.79704
FILLER_0_8_580, 277.84, 35.36, 1.79704
FILLER_0_8_589, 277.84, 35.36, 1.79704
FILLER_0_9_588, 277.84, 35.36, 1.79704
FILLER_0_9_610, 290.64, 35.36, 1.79701
_16137_, 303.44, 35.36, 1.79697
FILLER_0_8_641, 303.44, 35.36, 1.79697
FILLER_0_9_653, 303.44, 35.36, 1.79697
_16143_, 316.24, 35.36, 1.79694
FILLER_0_9_665, 316.24, 35.36, 1.79694
FILLER_0_9_673, 316.24, 35.36, 1.79694
FILLER_0_9_720, 341.84, 35.36, 1.79683
_16379_, 354.64, 35.36, 1.79675
_16386_, 354.64, 35.36, 1.79675
_18097_, 354.64, 35.36, 1.79675
_16307_, 367.44, 35.36, 1.79668
FILLER_0_9_785, 367.44, 35.36, 1.79668
FILLER_0_9_797, 367.44, 35.36, 1.79668
FILLER_0_10_799, 367.44, 35.36, 1.79668
_16142_, 380.24, 35.36, 1.79661
clkbuf_leaf_182_clk, 380.24, 35.36, 1.79661
FILLER_0_8_802, 380.24, 35.36, 1.79661
_16147_, 393.04, 35.36, 1.79658
_16148_, 393.04, 35.36, 1.79658
_16311_, 393.04, 35.36, 1.79658
_18001_, 393.04, 35.36, 1.79658
FILLER_0_9_832, 393.04, 35.36, 1.79658
FILLER_0_9_841, 393.04, 35.36, 1.79658
FILLER_0_9_856, 393.04, 35.36, 1.79658
_17953_, 405.84, 35.36, 1.79656
FILLER_0_8_862, 405.84, 35.36, 1.79656
FILLER_0_9_891, 418.64, 35.36, 1.79655
FILLER_0_8_917, 431.44, 35.36, 1.79654
FILLER_0_9_945, 444.24, 35.36, 1.79653
FILLER_0_8_973, 457.04, 35.36, 1.79652
FILLER_0_9_1001, 469.84, 35.36, 1.79651
FILLER_0_9_1057, 495.44, 35.36, 1.79648
FILLER_0_8_1085, 508.24, 35.36, 1.79647
FILLER_0_9_1113, 521.04, 35.36, 1.79646
FILLER_0_8_1141, 533.84, 35.36, 1.79645
FILLER_0_9_1169, 546.64, 35.36, 1.79644
FILLER_0_8_1197, 559.44, 35.36, 1.79643
FILLER_0_9_1225, 572.24, 35.36, 1.79642
FILLER_0_8_1253, 585.04, 35.36, 1.79641
FILLER_0_9_1281, 597.84, 35.36, 1.7964
FILLER_0_8_1309, 610.64, 35.36, 1.79639
ANTENNA_165, 623.44, 35.36, 1.79638
ANTENNA_166, 623.44, 35.36, 1.79638
ANTENNA_167, 623.44, 35.36, 1.79638
FILLER_0_9_1337, 623.44, 35.36, 1.79638
FILLER_0_9_1345, 623.44, 35.36, 1.79638
PHY_12, 5.52, 29.92, 1.79768
PHY_14, 5.52, 29.92, 1.79768
output47, 5.52, 29.92, 1.79768
FILLER_0_7_53, 34.64, 29.92, 1.79766
FILLER_0_8_77, 34.64, 29.92, 1.79766
FILLER_0_7_105, 47.44, 29.92, 1.79764
FILLER_0_6_133, 73.04, 29.92, 1.7976
FILLER_0_7_161, 85.84, 29.92, 1.79758
FILLER_0_6_189, 98.64, 29.92, 1.79756
FILLER_0_7_217, 111.44, 29.92, 1.79754
FILLER_0_6_245, 124.24, 29.92, 1.79752
FILLER_0_7_273, 137.04, 29.92, 1.7975
FILLER_0_6_301, 149.84, 29.92, 1.79748
FILLER_0_7_329, 162.64, 29.92, 1.79746
FILLER_0_7_385, 188.24, 29.92, 1.79739
FILLER_0_6_413, 201.04, 29.92, 1.79735
FILLER_0_7_441, 213.84, 29.92, 1.79731
FILLER_0_6_469, 226.64, 29.92, 1.79727
FILLER_0_7_497, 239.44, 29.92, 1.79722
FILLER_0_6_525, 252.24, 29.92, 1.79718
_16507_, 265.04, 29.92, 1.79714
FILLER_0_7_553, 265.04, 29.92, 1.79714
FILLER_0_8_569, 265.04, 29.92, 1.79714
_16502_, 277.84, 29.92, 1.79709
FILLER_0_6_581, 277.84, 29.92, 1.79709
FILLER_0_7_609, 290.64, 29.92, 1.79705
FILLER_0_6_637, 303.44, 29.92, 1.79701
FILLER_0_7_665, 316.24, 29.92, 1.79697
_18094_, 341.84, 29.92, 1.79686
FILLER_0_7_721, 341.84, 29.92, 1.79686
FILLER_0_7_741, 341.84, 29.92, 1.79686
FILLER_0_8_737, 341.84, 29.92, 1.79686
_16380_, 354.64, 29.92, 1.7968
_16384_, 354.64, 29.92, 1.7968
_18096_, 354.64, 29.92, 1.7968
FILLER_0_6_749, 354.64, 29.92, 1.7968
_16305_, 367.44, 29.92, 1.79676
_16306_, 367.44, 29.92, 1.79676
_18062_, 367.44, 29.92, 1.79676
FILLER_0_6_781, 367.44, 29.92, 1.79676
FILLER_0_7_799, 367.44, 29.92, 1.79676
_16139_, 380.24, 29.92, 1.79672
_16140_, 380.24, 29.92, 1.79672
_16309_, 380.24, 29.92, 1.79672
_16310_, 380.24, 29.92, 1.79672
_17998_, 380.24, 29.92, 1.79672
FILLER_0_6_802, 380.24, 29.92, 1.79672
FILLER_0_6_809, 380.24, 29.92, 1.79672
FILLER_0_7_813, 380.24, 29.92, 1.79672
FILLER_0_7_821, 380.24, 29.92, 1.79672
FILLER_0_8_825, 380.24, 29.92, 1.79672
_16144_, 393.04, 29.92, 1.79668
_18064_, 393.04, 29.92, 1.79668
FILLER_0_7_836, 393.04, 29.92, 1.79668
FILLER_0_6_861, 405.84, 29.92, 1.79666
FILLER_0_7_888, 418.64, 29.92, 1.79664
FILLER_0_6_917, 431.44, 29.92, 1.79661
FILLER_0_7_945, 444.24, 29.92, 1.79659
FILLER_0_6_973, 457.04, 29.92, 1.79657
FILLER_0_7_1001, 469.84, 29.92, 1.79654
FILLER_0_7_1057, 495.44, 29.92, 1.79651
FILLER_0_6_1085, 508.24, 29.92, 1.7965
FILLER_0_7_1113, 521.04, 29.92, 1.79649
FILLER_0_6_1141, 533.84, 29.92, 1.79648
FILLER_0_7_1169, 546.64, 29.92, 1.79646
FILLER_0_6_1197, 559.44, 29.92, 1.79645
FILLER_0_7_1225, 572.24, 29.92, 1.79644
FILLER_0_6_1253, 585.04, 29.92, 1.79643
FILLER_0_7_1281, 597.84, 29.92, 1.79642
FILLER_0_6_1309, 610.64, 29.92, 1.79641
FILLER_0_7_1337, 623.44, 29.92, 1.7964
PHY_8, 5.52, 24.48, 1.79767
PHY_10, 5.52, 24.48, 1.79767
FILLER_0_5_51, 34.64, 24.48, 1.79765
FILLER_0_6_77, 34.64, 24.48, 1.79765
FILLER_0_5_105, 47.44, 24.48, 1.79763
FILLER_0_4_133, 73.04, 24.48, 1.79759
FILLER_0_5_161, 85.84, 24.48, 1.79757
FILLER_0_4_189, 98.64, 24.48, 1.79755
FILLER_0_5_217, 111.44, 24.48, 1.79753
FILLER_0_4_245, 124.24, 24.48, 1.79751
FILLER_0_5_273, 137.04, 24.48, 1.79749
FILLER_0_4_301, 149.84, 24.48, 1.79747
FILLER_0_5_329, 162.64, 24.48, 1.79745
FILLER_0_5_385, 188.24, 24.48, 1.79739
FILLER_0_4_413, 201.04, 24.48, 1.79735
FILLER_0_5_441, 213.84, 24.48, 1.79731
FILLER_0_4_469, 226.64, 24.48, 1.79727
FILLER_0_5_497, 239.44, 24.48, 1.79723
FILLER_0_4_525, 252.24, 24.48, 1.79719
FILLER_0_5_553, 265.04, 24.48, 1.79715
FILLER_0_4_581, 277.84, 24.48, 1.79711
FILLER_0_5_609, 290.64, 24.48, 1.79707
FILLER_0_4_637, 303.44, 24.48, 1.79703
FILLER_0_5_665, 316.24, 24.48, 1.79698
FILLER_0_5_721, 341.84, 24.48, 1.79691
_16383_, 354.64, 24.48, 1.79687
FILLER_0_4_749, 354.64, 24.48, 1.79687
FILLER_0_6_769, 354.64, 24.48, 1.79687
FILLER_0_5_777, 367.44, 24.48, 1.79683
FILLER_0_4_805, 380.24, 24.48, 1.79679
_16145_, 393.04, 24.48, 1.79675
_18000_, 393.04, 24.48, 1.79675
FILLER_0_5_833, 393.04, 24.48, 1.79675
FILLER_0_4_861, 405.84, 24.48, 1.79672
FILLER_0_4_917, 431.44, 24.48, 1.79666
FILLER_0_5_945, 444.24, 24.48, 1.79663
FILLER_0_4_973, 457.04, 24.48, 1.7966
FILLER_0_5_1001, 469.84, 24.48, 1.79657
FILLER_0_5_1057, 495.44, 24.48, 1.79652
FILLER_0_4_1085, 508.24, 24.48, 1.79651
FILLER_0_5_1113, 521.04, 24.48, 1.7965
FILLER_0_4_1141, 533.84, 24.48, 1.79649
FILLER_0_5_1169, 546.64, 24.48, 1.79647
FILLER_0_4_1197, 559.44, 24.48, 1.79646
FILLER_0_5_1225, 572.24, 24.48, 1.79645
FILLER_0_4_1253, 585.04, 24.48, 1.79644
FILLER_0_5_1281, 597.84, 24.48, 1.79643
FILLER_0_4_1309, 610.64, 24.48, 1.79641
FILLER_0_5_1337, 623.44, 24.48, 1.7964
PHY_4, 5.52, 19.04, 1.79767
PHY_6, 5.52, 19.04, 1.79767
FILLER_0_3_51, 34.64, 19.04, 1.79765
FILLER_0_4_77, 34.64, 19.04, 1.79765
FILLER_0_3_105, 47.44, 19.04, 1.79763
FILLER_0_2_133, 73.04, 19.04, 1.79759
FILLER_0_3_161, 85.84, 19.04, 1.79757
FILLER_0_2_189, 98.64, 19.04, 1.79755
FILLER_0_3_217, 111.44, 19.04, 1.79753
FILLER_0_2_245, 124.24, 19.04, 1.79751
FILLER_0_3_273, 137.04, 19.04, 1.79749
FILLER_0_2_301, 149.84, 19.04, 1.79747
FILLER_0_3_329, 162.64, 19.04, 1.79745
FILLER_0_3_385, 188.24, 19.04, 1.79739
FILLER_0_2_413, 201.04, 19.04, 1.79735
FILLER_0_3_441, 213.84, 19.04, 1.79731
FILLER_0_2_469, 226.64, 19.04, 1.79727
FILLER_0_3_497, 239.44, 19.04, 1.79723
FILLER_0_2_525, 252.24, 19.04, 1.79719
FILLER_0_3_553, 265.04, 19.04, 1.79715
FILLER_0_2_581, 277.84, 19.04, 1.79711
FILLER_0_3_609, 290.64, 19.04, 1.79707
FILLER_0_2_637, 303.44, 19.04, 1.79703
FILLER_0_3_665, 316.24, 19.04, 1.79699
FILLER_0_3_721, 341.84, 19.04, 1.79691
FILLER_0_2_749, 354.64, 19.04, 1.79688
FILLER_0_3_777, 367.44, 19.04, 1.79685
FILLER_0_2_805, 380.24, 19.04, 1.79681
FILLER_0_3_833, 393.04, 19.04, 1.79678
FILLER_0_2_861, 405.84, 19.04, 1.79674
FILLER_0_3_889, 418.64, 19.04, 1.79671
FILLER_0_2_917, 431.44, 19.04, 1.79667
FILLER_0_3_945, 444.24, 19.04, 1.79664
FILLER_0_2_973, 457.04, 19.04, 1.79661
FILLER_0_3_1001, 469.84, 19.04, 1.79657
FILLER_0_3_1057, 495.44, 19.04, 1.79653
FILLER_0_2_1085, 508.24, 19.04, 1.79651
FILLER_0_3_1113, 521.04, 19.04, 1.7965
FILLER_0_2_1141, 533.84, 19.04, 1.79649
FILLER_0_3_1169, 546.64, 19.04, 1.79648
FILLER_0_2_1197, 559.44, 19.04, 1.79646
FILLER_0_3_1225, 572.24, 19.04, 1.79645
FILLER_0_2_1253, 585.04, 19.04, 1.79644
FILLER_0_3_1281, 597.84, 19.04, 1.79643
FILLER_0_2_1309, 610.64, 19.04, 1.79642
FILLER_0_3_1337, 623.44, 19.04, 1.7964
PHY_0, 5.52, 13.6, 1.79766
PHY_2, 5.52, 13.6, 1.79766
input21, 5.52, 13.6, 1.79766
FILLER_0_0_21, 13.68, 13.6, 1.79766
input28, 34.64, 13.6, 1.79764
FILLER_0_0_53, 34.64, 13.6, 1.79764
FILLER_0_0_75, 34.64, 13.6, 1.79764
FILLER_0_1_51, 34.64, 13.6, 1.79764
FILLER_0_2_77, 34.64, 13.6, 1.79764
FILLER_0_1_105, 47.44, 13.6, 1.79762
_08344_, 60.24, 13.6, 1.79759
output54, 60.24, 13.6, 1.79759
FILLER_0_0_109, 60.24, 13.6, 1.79759
FILLER_0_0_113, 60.24, 13.6, 1.79759
input27, 85.84, 13.6, 1.79755
FILLER_0_0_165, 85.84, 13.6, 1.79755
FILLER_0_0_181, 85.84, 13.6, 1.79755
FILLER_0_1_164, 85.84, 13.6, 1.79755
FILLER_0_0_191, 98.64, 13.6, 1.79753
FILLER_0_0_221, 111.44, 13.6, 1.79751
FILLER_0_1_217, 111.44, 13.6, 1.79751
output70, 124.24, 13.6, 1.79749
FILLER_0_0_249, 124.24, 13.6, 1.79749
FILLER_0_0_271, 124.24, 13.6, 1.79749
FILLER_0_1_273, 137.04, 13.6, 1.79747
output61, 149.84, 13.6, 1.79745
FILLER_0_0_305, 149.84, 13.6, 1.79745
FILLER_0_0_309, 149.84, 13.6, 1.79745
FILLER_0_1_329, 162.64, 13.6, 1.79744
input3, 188.24, 13.6, 1.79737
FILLER_0_0_389, 188.24, 13.6, 1.79737
FILLER_0_0_411, 188.24, 13.6, 1.79737
FILLER_0_1_385, 188.24, 13.6, 1.79737
output71, 213.84, 13.6, 1.79729
FILLER_0_0_445, 213.84, 13.6, 1.79729
FILLER_0_0_449, 213.84, 13.6, 1.79729
FILLER_0_1_441, 213.84, 13.6, 1.79729
output56, 239.44, 13.6, 1.79721
ANTENNA_16, 239.44, 13.6, 1.79721
ANTENNA_18, 239.44, 13.6, 1.79721
ANTENNA_20, 239.44, 13.6, 1.79721
FILLER_0_0_501, 239.44, 13.6, 1.79721
FILLER_0_1_497, 239.44, 13.6, 1.79721
FILLER_0_1_505, 239.44, 13.6, 1.79721
_08263_, 252.24, 13.6, 1.79717
ANTENNA_17, 252.24, 13.6, 1.79717
ANTENNA_19, 252.24, 13.6, 1.79717
FILLER_0_0_525, 252.24, 13.6, 1.79717
FILLER_0_0_557, 265.04, 13.6, 1.79713
output65, 277.84, 13.6, 1.79709
FILLER_0_0_585, 277.84, 13.6, 1.79709
FILLER_0_0_609, 290.64, 13.6, 1.79705
FILLER_0_1_609, 290.64, 13.6, 1.79705
input4, 303.44, 13.6, 1.79701
FILLER_0_0_641, 303.44, 13.6, 1.79701
FILLER_0_0_645, 303.44, 13.6, 1.79701
FILLER_0_1_665, 316.24, 13.6, 1.79698
output74, 341.84, 13.6, 1.7969
FILLER_0_0_725, 341.84, 13.6, 1.7969
FILLER_0_1_721, 341.84, 13.6, 1.7969
FILLER_0_0_747, 354.64, 13.6, 1.79686
input10, 367.44, 13.6, 1.79682
FILLER_0_0_781, 367.44, 13.6, 1.79682
FILLER_0_0_785, 367.44, 13.6, 1.79682
FILLER_0_1_777, 367.44, 13.6, 1.79682
_08294_, 380.24, 13.6, 1.79679
ANTENNA_29, 380.24, 13.6, 1.79679
ANTENNA_31, 380.24, 13.6, 1.79679
ANTENNA_33, 380.24, 13.6, 1.79679
FILLER_0_0_805, 380.24, 13.6, 1.79679
FILLER_0_1_809, 380.24, 13.6, 1.79679
output57, 393.04, 13.6, 1.79675
ANTENNA_22, 393.04, 13.6, 1.79675
ANTENNA_30, 393.04, 13.6, 1.79675
ANTENNA_32, 393.04, 13.6, 1.79675
FILLER_0_0_837, 393.04, 13.6, 1.79675
_08268_, 405.84, 13.6, 1.79672
ANTENNA_23, 405.84, 13.6, 1.79672
FILLER_0_0_861, 405.84, 13.6, 1.79672
FILLER_0_0_893, 418.64, 13.6, 1.79668
FILLER_0_1_889, 418.64, 13.6, 1.79668
output79, 431.44, 13.6, 1.79665
FILLER_0_0_921, 431.44, 13.6, 1.79665
FILLER_0_0_945, 444.24, 13.6, 1.79662
FILLER_0_1_945, 444.24, 13.6, 1.79662
input16, 457.04, 13.6, 1.79659
FILLER_0_0_977, 457.04, 13.6, 1.79659
FILLER_0_0_981, 457.04, 13.6, 1.79659
FILLER_0_0_1001, 469.84, 13.6, 1.79656
FILLER_0_1_1001, 469.84, 13.6, 1.79656
_08299_, 495.44, 13.6, 1.79651
output62, 495.44, 13.6, 1.79651
FILLER_0_0_1061, 495.44, 13.6, 1.79651
FILLER_0_1_1055, 495.44, 13.6, 1.79651
FILLER_0_0_1083, 508.24, 13.6, 1.7965
input5, 521.04, 13.6, 1.79648
FILLER_0_0_1117, 521.04, 13.6, 1.79648
FILLER_0_1_1113, 521.04, 13.6, 1.79648
FILLER_0_0_1145, 533.84, 13.6, 1.79647
FILLER_0_0_1173, 546.64, 13.6, 1.79645
FILLER_0_0_1189, 546.64, 13.6, 1.79645
FILLER_0_1_1169, 546.64, 13.6, 1.79645
input6, 559.44, 13.6, 1.79644
FILLER_0_0_1229, 572.24, 13.6, 1.79643
FILLER_0_1_1225, 572.24, 13.6, 1.79643
input12, 585.04, 13.6, 1.79641
FILLER_0_0_1257, 585.04, 13.6, 1.79641
FILLER_0_0_1284, 597.84, 13.6, 1.7964
FILLER_0_1_1281, 597.84, 13.6, 1.7964
output39, 610.64, 13.6, 1.79639
FILLER_0_0_1313, 610.64, 13.6, 1.79639
FILLER_0_0_1317, 610.64, 13.6, 1.79639
FILLER_0_0_1357, 623.44, 13.6, 1.79639
FILLER_0_1_1337, 623.44, 13.6, 1.79639

