net,length_um
clknet_0_clk,1235.44
_03817_,909.94
net81,896.93
_03809_,886.83
net83,842.63
_03785_,819.36
_03793_,817.06
_02636_,808.58
net92,780.66
net93,747.36
_03825_,747.21
net90,730.62
_04710_,689.56
_04668_,679.13
_04659_,675.82
_04521_,674.38
_03546_,671.76
net80,671.02
_03669_,646.62
net11,623.96
net86,622.39
_05111_,620.03
_03777_,613.89
_02586_,613.1
_02539_,611.26
_04761_,607.6
net77,606.26
_04975_,604.05
net94,601.31
_03668_,600.73
net7,595.33
_04679_,589.88
_04518_,587.96
_04137_,586.39
_04645_,585.4
net30,582.17
_04640_,573.27
net95,572.11
clknet_4_0_0_clk,569.73
net75,568.56
net35,566.24
_04691_,561.97
_03801_,560.76
_04663_,560.48
_04713_,559.8
_04780_,559.18
_04735_,555.45
_04756_,555.02
net68,551.77
_03686_,547.83
_04498_,546.78
_02557_,545.55
_04520_,545.09
_04506_,542.66
_04639_,536.42
_04672_,535.86
_04803_,534.095
_04638_,532.1
_04532_,530.24
_03575_,527.54
net31,524.63
_04526_,524.2
_04908_,521.77
_04918_,521.66
net9,521.3
net25,519.92
_02565_,519.555
_04831_,519.28
net5,517.22
_04509_,516.42
_03727_,515.08
_04528_,514.38
net29,512.44
_03689_,511.215
_05040_,509.455
net10,506.18
_04899_,505.61
_02568_,505.47
_02639_,505.39
_02611_,498.23
_04753_,494.95
_04034_,494.54
_03768_,492.34
_04709_,490.77
net65,488.66
_04746_,484.96
_04519_,483.12
_04662_,481.07
net38,480.95
_03786_,479.86
_02657_,477.03
_04695_,476.94
_03752_,476.38
_04694_,474.865
_02542_,474.58
_03660_,473.335
_03919_,473.31
_04692_,470.97
_03632_,468.67
_04534_,468.46
_05037_,466.74
clk,464.04
clknet_4_7_0_clk,463.25
_04644_,461.74
_04523_,461.115
_04547_,460.92
_04771_,459.6
_04637_,458.6
_04086_,458.05
_03671_,455.34
_03751_,455.11
_03719_,454.47
_03581_,454.36
_04088_,453.45
net12,453.32
_06728_,453.04
_04924_,452.18
_03742_,451.38
_04690_,451.155
net15,449.14
_03037_,445.065
_04734_,444.75
_04648_,443.26
clknet_4_13_0_clk,442.13
_02372_,442.07
net67,441.8
net14,440.96
_03743_,439.22
_04744_,439.1
_03543_,438.47
_04549_,436.8
net88,436.35
clknet_4_2_0_clk,436.12
_03587_,434.27
net69,433.21
_04758_,432.65
_03711_,431.88
_02610_,431.59
_02374_,430.67
_04938_,429.61
_04538_,427.43
_04505_,427.26
_05244_,426.59
_04957_,425.96
_03670_,424.34
_03569_,421.88
_03921_,421.2
_04671_,420.88
clknet_4_5_0_clk,420.88
_03870_,420.42
_04868_,420.12
_03558_,419.65
_03718_,418.71
clknet_4_11_0_clk,418.57
_03590_,418.28
_03672_,417.85
_02563_,417.76
net24,417.5
_03922_,416.04
_03667_,415.775
_04806_,415.59
net84,413.9
_04762_,412.74
_05021_,412.15
clknet_4_10_0_clk,411.82
_04094_,409.92
net2,408.58
_02554_,408.3
net19,406.66
clknet_4_12_0_clk,405.19
_04737_,404.6
_04502_,404.07
_04651_,403.6
_03702_,402.78
_07391_,402.64
net26,399.92
_02545_,398.65
_04986_,398.22
_02378_,398.13
clknet_4_8_0_clk,398.04
_04289_,397.88
_04760_,396.4
_03802_,396.39
_04096_,396.15
_04092_,394.6
_03830_,392.67
_04545_,392.06
_04805_,390.77
_03871_,390.22
_06069_,390.15
_04090_,389.87
_04136_,389.05
_03549_,388.98
clknet_4_6_0_clk,388.86
_03844_,387.84
_02380_,387.8
_04540_,387.18
_04770_,385.58
_02762_,385.365
_04493_,384.465
_04530_,384.295
_03687_,383.69
net42,383.08
_04702_,380.56
clknet_4_1_0_clk,380.35
_03561_,377.1
_01822_,376.66
_04743_,376.64
_03845_,376.49
_03710_,376.41
_02672_,375.65
_04920_,375.32
_04911_,375
_03651_,374.44
clknet_4_15_0_clk,373.13
_03826_,372.94
net98,372.74
_04051_,371.65
_02785_,371.18
_03840_,369.3
_07385_,368.58
_02606_,368.45
_02871_,366.73
net101,365.92
_02370_,365.03
_04747_,365.03
_01924_,363.33
_04295_,363.28
_03983_,362.9
_04572_,362.88
_02638_,362.19
_04697_,362.03
_05020_,361.86
_04078_,361.33
_03681_,360.77
net73,359.98
_03973_,359.94
net39,359.9
_06140_,359.87
net44,359.64
_02662_,359.38
_03837_,358.315
_04654_,358.27
_07399_,358.23
_02560_,357.975
_04973_,356.44
_04135_,353.16
_03829_,352.39
_03654_,351.54
_02538_,350.8
_03832_,350.71
_03920_,349.72
_04658_,349.33
clknet_4_14_0_clk,349.23
_04917_,349.07
_02645_,348.95
_04740_,348.08
_04808_,347.76
_02760_,347.71
_04854_,346.92
_03726_,345.39
_04567_,344.95
_03735_,344.14
_03818_,343.35
_02364_,343.23
_02782_,343.23
_04134_,342.7
_02790_,341.44
_04524_,341.16
_03770_,340.54
_04084_,338.09
_05934_,337.19
clknet_4_3_0_clk,336.44
_04293_,336.36
_03734_,335.33
net70,335.02
_03663_,334.41
_04892_,334.085
_04285_,332.17
_03810_,332.14
_03540_,332.01
net43,330.24
_03843_,329
_04748_,328.89
_03652_,328.08
net41,326.21
_04653_,326.02
_01922_,325.73
clknet_4_4_0_clk,325.45
_04764_,325.36
_02387_,325.01
_02629_,323.9
_03794_,322.06
_02614_,321.75
_04649_,321.58
_06549_,320.63
_04511_,318.53
_04306_,318.11
clknet_4_9_0_clk,318.1
_03685_,315.58
_07397_,315.58
_03836_,315.04
_05983_,314.37
_04543_,314.33
_04449_,312.32
net46,312.1
_03831_,309.77
net32,309.34
_04291_,308.29
_05604_,308
_04657_,307.89
_04503_,307.45
_04381_,307.39
_03555_,307.06
_02376_,306.35
_03691_,306.31
_04636_,306.24
_01859_,305.82
_04553_,303.55
_04109_,303.42
_04643_,303.26
_02552_,302.95
_03688_,302.89
_03653_,302.65
_03839_,301.3
_01897_,300.9
_04459_,300.76
_02395_,299.85
_04847_,299.1
_04343_,298.94
_01925_,298.83
_04444_,298.095
_04537_,297.98
_07401_,297.34
_04411_,297.3
_04287_,297
_04578_,296.475
_05166_,296.46
_04548_,296.23
_03661_,295.8
_07395_,295.61
_03842_,295.54
_04850_,295.12
net71,294.78
_06553_,294.21
_04814_,293.74
_04436_,293.35
net72,293.08
_01830_,292.99
_06020_,292.405
_04432_,292.03
_07073_,290.58
_04069_,289.81
_04152_,289.22
_04400_,289.08
_04533_,289.07
_04907_,288.6
net91,287.15
_04783_,287.095
_06551_,285.62
net97,285.18
_04531_,284.105
_06299_,283.91
_03923_,283.87
_07386_,282.57
_02852_,282.465
_04424_,282.185
_04138_,281.9
_06532_,279.33
_04566_,278.97
_03996_,278.4
_06058_,277.88
_04052_,277.69
_04190_,277.15
_02434_,276.96
_03633_,276.96
_06655_,276.94
_05476_,276.6
_02578_,276.32
_06171_,276.22
_02618_,276.16
_04447_,276.15
_05691_,276.12
_02632_,276.1
_03847_,275.63
_03161_,275.37
_04539_,274.64
_03606_,273.61
_01878_,273.6
_05225_,272.9
_02453_,272.6
_03860_,272.6
net18,272.28
_02317_,271.77
net76,271.07
_06146_,270.59
net33,270.06
rr_ex_pipe_reg.instr_out\[5\],269.86
_04171_,269.73
_03873_,269.57
_07389_,269.51
_05410_,269.44
_06290_,268.95
net96,268.83
_06541_,268.405
_04228_,268.36
_03081_,267.32
_04678_,266.815
_04103_,266.36
net21,265.78
_04107_,264.92
rr_ex_pipe_reg.instr_out\[7\],264.2
_03924_,264.05
_04298_,263.98
net17,263.52
_04582_,262.91
_04882_,262.77
net40,262.76
_04781_,262.57
net6,261.96
_07054_,261.32
_04430_,260.9
_02397_,260.31
_03874_,260.31
_04139_,259.87
_02389_,259.63
_04501_,259.22
_04017_,257.49
_07393_,257.02
_04008_,256.77
_04141_,256.5
_04098_,255.69
_03613_,254.5
_05729_,254.03
_07406_,253.65
_02778_,253.4
net16,252.74
_04125_,252.7
_03148_,252.38
_03063_,251.82
_06520_,251.54
_06220_,251.34
_03662_,251
_07403_,250.48
_04279_,249.83
_03926_,249.12
_04650_,248.05
_05363_,247.67
_02529_,247.06
_02770_,246.88
_05937_,246.88
_03066_,246.63
_06251_,246.32
_04568_,245.66
net3,245.66
net85,245.28
_04967_,244.16
_04784_,244.09
_05941_,244.07
_01826_,243.44
_04853_,242.3
_05094_,242.1
_07408_,241.54
_01820_,241.39
_04504_,241.36
_06543_,240.93
_03838_,240.36
_02391_,240.16
net78,240.12
net89,239.84
_03111_,239.33
_03693_,239.24
_02393_,238.89
_06545_,238.5
_02355_,238.475
_03552_,237.98
_07229_,237.78
_03578_,237.62
_06138_,235.99
_04731_,233.66
_04362_,233.28
_04757_,233.23
_03137_,231.64
_04510_,231.5
rr_ex_pipe_reg.instr_out\[6\],230.58
_04105_,229.5
_05722_,228.92
ex_mem_pipe_reg.Rd_Data_Out_PR\[13\],228.72
_04833_,228.25
register_file.registerFile\[7\]\[4\],227.82
_03875_,227.62
net1,225.68
_06147_,225.35
_05707_,224.33
_05784_,224.11
_03136_,223.73
_04297_,223.12
_02292_,222.96
_02625_,222.955
_03113_,222.61
_04525_,222.52
_05938_,222.24
_03116_,222.14
_04247_,222.13
_04162_,221.72
_07212_,221.4
_04726_,221.14
ex_mem_pipe_reg.Rd_Data_Out_PR\[14\],220.93
rr_ex_pipe_reg.instr_out\[8\],220.78
_03849_,218.505
_05723_,217.94
_06178_,217.77
_01828_,217.65
_07404_,217.32
_03907_,216.6
_05940_,216.47
_06257_,216.37
net87,215.37
_04499_,215.18
_04080_,214.93
_04099_,214.88
_04308_,214.88
_01869_,214.07
_07225_,213.775
_06526_,213.6
_07271_,213.49
_04113_,213.48
_01824_,213.28
_02510_,213.145
net20,213.06
net13,212.76
_06530_,212.32
_04111_,211.66
_05951_,211.46
_05408_,210.92
_06547_,210.66
_06150_,210.57
_05681_,210.355
_04527_,209.99
_07328_,209.99
_07347_,209.14
_04453_,209.06
_05352_,207.92
_06261_,207.9
_07366_,207.9
register_file.registerFile\[7\]\[5\],207.87
_04101_,207.86
_04006_,207.58
_07214_,206.94
_07309_,206.73
_06252_,206.54
_02520_,206.49
_02773_,206.28
_04334_,206.175
_04880_,205.78
_05718_,205.36
net47,205.14
_06836_,205.11
_06152_,205.04
_05353_,204.95
_02472_,204.37
_04277_,204.21
_07231_,203.56
_04584_,202.6
_05230_,202.55
rr_ex_pipe_reg.instr_out\[2\],202.5
_04927_,202.22
_02742_,202.145
_03703_,202.06
_04390_,201.48
_05547_,201.44
_06719_,201.33
_04258_,201.14
net74,201.06
_03593_,200.155
net82,199.23
_04268_,199.14
_06567_,198.66
_05728_,198.58
_04371_,198.46
_04508_,197.62
_05939_,197.49
_02953_,197.2
_06183_,197.1
_05287_,197.04
_03120_,196.68
_05035_,196.55
_03962_,196.46
_05038_,195.98
net66,195.24
la_sa_lm_sm_block.reg_index_la_sa\[0\],195.22
_04667_,195.18
_05948_,195.13
_05927_,194.865
_06573_,194.7
_04452_,194.61
_01840_,193.74
_05671_,193.58
_02491_,193.26
_03596_,192.27
register_file.registerFile\[7\]\[0\],192.23
_06003_,192.08
_03846_,192.04
_03682_,191.86
_04029_,191.72
_04720_,191.44
_03115_,191.15
_04302_,191.14
_06133_,190.68
_04956_,190.62
_02733_,190.23
_03778_,190.23
_03659_,189.94
_06134_,189.73
_07151_,189.5
_03666_,189.4
ex_mem_pipe_reg.Rd_Data_Out_PR\[15\],188.96
_06049_,188.31
_05974_,187.46
dmem.ram\[17\]\[6\],187.405
_02573_,187.23
_04060_,187.16
_05852_,187.06
_05359_,186.05
_04312_,186.02
_04324_,185.04
net8,184.18
_02570_,184.17
_04259_,183.86
_02574_,183.66
_07227_,183.64
_04143_,182.88
_05725_,182.46
_03070_,182.44
_03658_,182.39
_05175_,182.38
_05235_,182.18
_02385_,182.14
_07092_,182.14
_03898_,182.01
_07376_,182
_03110_,181.47
_06164_,180.36
_03657_,180.34
_04633_,180.3
_02712_,180.29
_05949_,180.01
_05714_,179.51
_05293_,179.5
_07300_,179.18
_05672_,179.17
_06135_,179.04
_04219_,178.66
_05815_,178.36
_02827_,178.18
_06142_,177.95
_05027_,177.62
_05715_,177
_03769_,176.54
_03851_,176.52
_05700_,176.24
_03128_,175.69
_02658_,175.46
net48,175.3
_03879_,175.18
_05538_,175.12
_06235_,174.72
_03152_,174.32
_02308_,173.68
net61,173.68
_05995_,173.6
_04031_,173.37
_02383_,173.3
_06673_,173.28
_06141_,173.14
_04410_,173.035
_04958_,172.94
_06143_,172.86
_01888_,172.7
_05942_,172.635
_04353_,172.14
_03141_,172.02
_03094_,171.92
_06011_,171.62
_05486_,171.55
_03156_,171.28
_03099_,171.245
_07206_,171.005
_03945_,170.8
_01963_,170.73
_03097_,170.26
_07170_,170.06
_04890_,169.38
_05721_,169.38
ex_mem_pipe_reg.Control_Out\[1\],169.31
_06160_,169.22
_02425_,169.18
_04456_,169.08
_04283_,168.73
_02966_,168.62
_04209_,168.6
_02580_,168.49
_06524_,168.48
_03695_,168.28
_05716_,168.24
_03132_,168.23
_06528_,167.94
_06039_,167.8
_06539_,167.64
_03591_,167.56
_05104_,166.965
_07161_,166.95
_05947_,166.27
_02327_,166.24
_01926_,166.13
_02663_,165.89
_06118_,165.805
register_file.registerFile\[7\]\[7\],165.8
_07357_,165.655
_03073_,165.58
_03928_,165.52
_04048_,165.11
_04391_,165.1
_02366_,164.85
register_file.registerFile\[7\]\[6\],164.7
register_file.registerFile\[7\]\[2\],164.37
_06624_,164.23
_02329_,163.82
_04238_,163.66
_03690_,163.59
_03835_,163.57
_06710_,163.34
_05026_,163.22
_03936_,162.82
register_file.registerFile\[7\]\[1\],162.78
_07142_,162.55
_02283_,162.44
_05613_,162.32
_02368_,162.24
_01923_,162.2
_02415_,162.065
_06165_,162.02
register_file.registerFile\[7\]\[3\],161.86
_02650_,161.29
_06562_,161.08
_02547_,161.05
_07338_,160.88
_05922_,160.7
_05751_,160.19
_02640_,159.76
_05702_,159.29
_06107_,159.27
_03594_,159.16
clknet_leaf_124_clk,158.42
_03566_,158.13
_04055_,158.04
_02673_,157.95
_07221_,157.95
_02444_,157.44
_03069_,157.02
register_file.registerFile\[7\]\[8\],156.74
_02463_,156.58
_02482_,156.18
_06894_,156.17
_04598_,155.9
_02382_,155.83
_06948_,155.81
_04494_,155.51
_06586_,155.4
_04046_,155.31
_03888_,155.235
_03157_,154.54
_04462_,154.44
_06887_,154.14
_04815_,154.01
_02188_,154
_03065_,153.74
_01850_,153.55
_06154_,153.38
_06574_,153.3
_04142_,153.12
_06114_,153.12
_07234_,153.12
_06337_,152.825
_04315_,152.72
_05953_,152.6
_07272_,152.56
_05699_,152.52
dmem.ram\[17\]\[7\],152.455
clknet_leaf_81_clk,152.18
_05339_,152.13
_03064_,152.04
_06693_,151.75
_06320_,151.71
_06971_,151.24
_06211_,151.11
_04310_,151.04
_03597_,151.025
_07204_,150.6
_02400_,150.355
_05706_,150.34
_02302_,150.32
_03964_,150.32
_07180_,150.06
_01997_,149.96
_03072_,149.78
_04161_,149.78
_04036_,149.44
_02548_,149.42
_04039_,148.98
_03565_,148.91
_03539_,148.87
_01954_,148.78
_05944_,148.7
_03093_,148.62
_06136_,148.58
_06318_,148.56
_07281_,148.54
_02402_,148.49
_02304_,148.24
_06271_,148.08
_05748_,147.86
_01978_,147.68
_03124_,147.36
_03942_,147.08
_02333_,146.88
_05817_,146.76
_04963_,146.755
_02960_,146.59
_02335_,146.49
_04218_,146.31
_06167_,146.3
_03604_,146.12
_06818_,146.06
_07208_,145.96
_02579_,145.82
_03938_,145.74
_03655_,145.72
_06536_,145.54
_03850_,145.52
_06314_,145.39
_02612_,145.3
_07348_,145.3
_06764_,145.08
_06275_,144.98
_07210_,144.94
_07253_,144.91
_02963_,144.83
clknet_leaf_199_clk,144
_06269_,143.96
_07083_,143.68
_06336_,143.48
_02124_,143.28
_04056_,143.28
_04082_,143.12
_01952_,143.07
_03096_,142.9
_06209_,142.9
_06590_,142.83
_05943_,142.59
_04038_,142.48
_03649_,142.38
_06331_,142.24
_01887_,142.18
_02406_,142.18
_05605_,142.14
register_file.registerFile\[7\]\[15\],141.86
_05719_,141.78
_06148_,141.78
_06010_,141.34
_02148_,141.25
_03562_,141.22
_05973_,141.14
_06145_,141.12
clknet_leaf_151_clk,141.1
_06616_,140.85
_05759_,140.765
_01948_,140.64
_06889_,140.59
net55,140.46
_03930_,140.41
_06364_,140.385
_03123_,140.27
_05298_,139.66
_03940_,139.38
_03821_,139.22
_03568_,139.2
_07367_,139.18
_01849_,139.08
_03605_,139.06
_02795_,139.02
_05762_,138.92
_03805_,138.46
_07310_,138.38
_04041_,138.2
_03595_,138.115
_04300_,138
_03563_,137.83
ex_mem_pipe_reg.Rd_Addr_Out_PR\[1\],137.62
_06691_,137.56
_04820_,137.5
_05816_,137.44
_03622_,137.42
_03609_,137.3
dmem.ram\[17\]\[3\],137.285
_03534_,137.23
_07189_,137.2
_07200_,137.12
_05032_,136.79
_04116_,136.77
dmem.ram\[27\]\[13\],136.56
_07223_,136.55
_06346_,136.37
_07243_,136.22
_07291_,136.12
_06848_,135.92
clknet_leaf_147_clk,135.78
_05754_,135.74
ex_mem_pipe_reg.Rd_Data_Out_PR\[0\],135.72
_03135_,135.7
_02680_,135.64
_04489_,135.22
_02365_,135.2
net34,135.05
_05726_,134.88
_03536_,134.85
_03089_,134.78
_06683_,134.72
mem_wb_pipeline_reg.Rd_Addr_Out_PR\[0\],134.705
_05952_,134.695
_02668_,134.3
_06174_,134.22
_02592_,134.18
_02123_,134.16
_05171_,134.115
_03062_,134.04
_04050_,133.98
_03537_,133.85
_01868_,133.835
_02617_,133.82
_01980_,133.28
clknet_leaf_140_clk,133.25
_02569_,133.12
_02747_,133.1
_02020_,133.08
_04054_,133.05
_01967_,133
_05418_,132.84
_02424_,132.32
_06849_,132.01
_03615_,131.97
_06048_,131.84
_02826_,131.6
_06310_,131.53
_07001_,131.42
_04372_,131.285
_06674_,131.2
_07216_,131.14
_02307_,131.1
net79,130.82
_05950_,130.745
_06321_,130.62
_04033_,130.38
register_file.registerFile\[7\]\[13\],130.35
_02039_,130.18
_04827_,130.11
_06949_,130.11
_01912_,129.93
_02667_,129.93
_06332_,129.88
_01946_,129.82
clknet_leaf_33_clk,129.78
_04828_,129.77
register_file.registerFile\[7\]\[12\],129.76
_02646_,129.41
_03533_,129.41
_04035_,129.32
register_file.registerFile\[7\]\[14\],129.15
register_file.registerFile\[7\]\[9\],128.91
_06538_,128.78
_06339_,128.68
ex_mem_pipe_reg.Rd_Data_Out_PR\[7\],128.53
_03617_,128.51
_04997_,128.32
_06176_,128.32
_01927_,128.26
_07262_,128.26
_03092_,128.135
_02345_,128.11
_04047_,128.08
_02079_,128.04
_03813_,127.82
_05936_,127.68
_03694_,127.66
_03789_,127.64
_07113_,127.55
_00408_,127.485
_06745_,127.44
_06871_,127.36
_03755_,127.345
_03756_,127.32
_02901_,127.29
_06308_,127.12
_03759_,127.08
_03077_,126.99
_05004_,126.84
_02969_,126.72
_05481_,126.65
_07006_,126.6
_07319_,126.36
_05959_,125.9
_06330_,125.58
_06896_,125.36
register_file.registerFile\[7\]\[11\],125.29
_03797_,125.22
_06998_,124.94
_07132_,124.94
_06277_,124.89
_04304_,124.66
_06809_,124.64
_04685_,124.56
_05711_,124.5
_03127_,124.46
_06312_,124.45
_05814_,124.42
_02633_,124.4
_04032_,123.58
_06534_,123.52
_03151_,123.46
_05960_,123.44
_04037_,123.37
_04886_,123.345
_03963_,123.23
_06030_,123.12
_03146_,123.08
clknet_leaf_49_clk,123
_04879_,122.99
_07198_,122.96
_06860_,122.92
_03627_,122.855
_02576_,122.72
_06228_,122.72
_02810_,122.6
_03155_,122.41
_03773_,122.38
_06335_,122.12
clknet_leaf_152_clk,121.94
_01930_,121.8
register_file.registerFile\[2\]\[3\],121.755
_01942_,121.72
_04517_,121.5
_05677_,121.3
dmem.ram\[27\]\[12\],121.15
_05993_,121.02
_06342_,120.76
_04496_,120.755
_06279_,120.49
clknet_leaf_162_clk,120.44
_03480_,120.36
_04495_,120.34
_05958_,119.98
_02890_,119.96
_03147_,119.83
_02059_,119.66
_03584_,119.34
register_file.registerFile\[7\]\[10\],119.24
_02587_,118.83
ex_mem_pipe_reg.Rd_Data_Out_PR\[2\],118.79
_04059_,118.67
_02972_,118.62
_02225_,118.61
_02644_,118.56
_05933_,118.38
_03495_,117.9
_04181_,117.78
_03762_,117.58
_02501_,117.4
_02627_,117.38
_03126_,117.17
net62,117.14
_06736_,116.99
_02595_,116.91
register_file.registerFile\[0\]\[5\],116.9
_06323_,116.855
clknet_leaf_193_clk,116.64
clknet_leaf_19_clk,116.58
clknet_leaf_23_clk,116.48
clknet_leaf_133_clk,116.305
_03656_,116.3
_03757_,116.2
dmem.ram\[48\]\[8\],116.14
_03763_,115.98
clknet_leaf_0_clk,115.91
_04280_,115.82
_02695_,115.7
_06218_,115.66
clknet_leaf_56_clk,115.495
_06286_,115.48
_06909_,115.42
_06782_,115.38
clknet_leaf_44_clk,115.28
_02564_,115.145
_06706_,115.14
_03934_,115.12
_05387_,115.03
_04556_,114.91
_04200_,114.86
_04040_,114.8
clknet_leaf_174_clk,114.78
clknet_leaf_16_clk,114.765
_02443_,114.52
_05630_,114.52
dmem.ram\[26\]\[12\],114.34
_06522_,114.27
_07045_,114.2
_02242_,114.17
_01966_,114.15
_06671_,114
_06754_,113.955
_02631_,113.94
_03781_,113.84
dmem.ram\[48\]\[12\],113.7
clknet_leaf_22_clk,113.58
_02546_,113.195
_06265_,113.19
_04858_,113.13
_04042_,113.06
clknet_leaf_5_clk,112.94
dmem.ram\[26\]\[13\],112.9
_05956_,112.855
_03131_,112.84
clknet_leaf_2_clk,112.78
_06755_,112.68
_05463_,112.66
_02998_,112.6
_05996_,112.54
_03365_,112.52
_03598_,112.52
_03987_,112.48
_02559_,112.36
clknet_leaf_148_clk,112.35
_03532_,112.26
_03083_,112.1
_07202_,112.03
_06704_,111.86
_03252_,111.84
_05264_,111.8
_06284_,111.78
_06920_,111.74
clknet_leaf_105_clk,111.715
_05099_,111.45
_05946_,111.43
_03603_,111.2
_06995_,111.1
register_file.registerFile\[0\]\[1\],111.08
_03724_,110.98
_05966_,110.91
_03103_,110.77
_02103_,110.73
_04796_,110.41
_01941_,110.34
_05477_,110.32
_03106_,110.16
_06229_,110.12
_06469_,110.1
_02500_,110.01
_03340_,109.96
_07123_,109.94
clknet_leaf_53_clk,109.86
_06004_,109.85
register_file.registerFile\[5\]\[15\],109.67
net28,109.54
_06996_,109.43
_04027_,109.26
_03700_,109.2
_02555_,109.18
_02267_,109.14
_03160_,109.115
_04906_,109
clknet_leaf_79_clk,108.86
_05970_,108.8
_04993_,108.64
_03102_,108.62
_06992_,108.54
clknet_leaf_10_clk,108.495
_02401_,108.48
_02711_,108.42
dmem.ram\[27\]\[15\],108.34
_02597_,108.32
rr_ex_pipe_reg.instr_out\[4\],108.26
clknet_leaf_123_clk,108.2
register_file.registerFile\[0\]\[0\],108.16
clknet_leaf_80_clk,107.98
_02622_,107.82
net45,107.66
rr_ex_pipe_reg.instr_out\[1\],107.59
_06898_,107.5
_04409_,107.48
_03745_,107.4
dmem.ram\[48\]\[6\],107.4
clknet_leaf_100_clk,107.4
mem_wb_pipeline_reg.Rd_Data_Out_PR\[0\],107.36
_05414_,107.04
register_file.registerFile\[5\]\[10\],106.98
mem_wb_pipeline_reg.Rd_Data_Out_PR\[2\],106.82
_04043_,106.735
_05542_,106.69
_03163_,106.44
_04819_,106.4
_04115_,106.34
_03105_,106.32
net37,106.16
_05167_,106.08
mem_wb_pipeline_reg.Control_Out,106.08
_03087_,106.02
_04865_,105.9
_01959_,105.81
_07064_,105.76
_04281_,105.75
_05475_,105.66
_06000_,105.44
clknet_leaf_54_clk,105.4
clknet_leaf_139_clk,105.32
_01939_,105.26
mem_wb_pipeline_reg.Rd_Addr_Out_PR\[2\],105.24
_01943_,105.22
_06322_,105
clknet_leaf_59_clk,104.86
_03740_,104.72
_05997_,104.66
_03060_,104.64
_03324_,104.64
_01955_,104.56
_06993_,104.48
clknet_leaf_165_clk,104.48
_02951_,104.36
clknet_leaf_187_clk,104.345
_06263_,104.14
_02282_,103.84
net36,103.8
_06791_,103.74
_06328_,103.6
_02399_,103.48
register_file.registerFile\[5\]\[11\],103.46
_02781_,103.44
_01950_,103.02
_06219_,102.98
_05945_,102.92
_06240_,102.92
clknet_leaf_63_clk,102.8
_01984_,102.78
_03716_,102.76
_07329_,102.7
_06341_,102.53
clknet_leaf_26_clk,102.48
mem_wb_pipeline_reg.Rd_Data_Out_PR\[7\],102.42
clknet_leaf_34_clk,102.36
_06607_,102.28
_07217_,102.22
clknet_leaf_164_clk,102.2
_04237_,102.04
_02346_,101.9
_05818_,101.66
_03732_,101.6
_06112_,101.48
_02678_,101.32
clknet_leaf_20_clk,101.27
_02845_,101.18
_03917_,101.175
_01964_,101.12
clknet_leaf_108_clk,100.98
clknet_leaf_106_clk,100.88
_01949_,100.7
clknet_leaf_158_clk,100.7
clknet_leaf_95_clk,100.64
_05965_,100.52
clknet_leaf_99_clk,100.52
_03143_,100.395
_05904_,100.285
_01956_,100.16
_05603_,100.16
_06283_,100.1
_05609_,99.93
_06280_,99.8
register_file.registerFile\[6\]\[1\],99.79
_06421_,99.72
_06326_,99.69
_04026_,99.68
_03572_,99.48
_03767_,99.47
_05968_,99.3
_02932_,99.22
register_file.registerFile\[5\]\[13\],99.2
register_file.registerFile\[0\]\[2\],99.17
_05095_,99.13
_02864_,99
_03620_,98.98
_03443_,98.88
_05961_,98.78
clknet_leaf_84_clk,98.77
_03372_,98.66
clknet_leaf_163_clk,98.6
_06325_,98.48
_03618_,98.36
clknet_leaf_197_clk,98.36
_03220_,98.29
mem_wb_pipeline_reg.Rd_Data_Out_PR\[10\],98.24
_04618_,98.22
clknet_leaf_76_clk,98.18
register_file.registerFile\[4\]\[1\],98.11
dmem.ram\[27\]\[14\],98.1
_03760_,98.06
_06703_,98.02
clknet_leaf_17_clk,97.98
_02594_,97.965
register_file.registerFile\[5\]\[12\],97.96
_04617_,97.94
_05318_,97.83
_03616_,97.66
net100,97.615
_06661_,97.46
_05380_,97.38
_06007_,97.31
_03140_,97.28
_03916_,97.26
_06163_,97.26
mem_wb_pipeline_reg.Rd_Data_Out_PR\[9\],97.14
_04857_,96.96
_06338_,96.93
_02553_,96.92
register_file.registerFile\[4\]\[2\],96.91
_06827_,96.88
_06906_,96.83
clknet_leaf_113_clk,96.82
_05692_,96.76
_04622_,96.69
register_file.registerFile\[3\]\[3\],96.58
_04081_,96.56
_02615_,96.5
_04044_,96.5
register_file.registerFile\[4\]\[3\],96.49
_01999_,96.45
_05227_,96.235
_05688_,96.22
_06705_,96.16
_02609_,96.14
register_file.registerFile\[4\]\[6\],95.81
_06327_,95.78
_05489_,95.6
_00876_,95.48
_07102_,95.43
_06125_,95.32
_04333_,95.24
_05289_,95.2
_04454_,95.08
clknet_leaf_12_clk,95.08
_04045_,95.015
_06005_,94.9
_05428_,94.7
dmem.ram\[17\]\[5\],94.605
_05434_,94.58
_03754_,94.55
clknet_leaf_50_clk,94.34
clknet_leaf_83_clk,94.34
_02654_,94.3
_02989_,94.14
_06584_,94.06
_02045_,93.8
_02600_,93.76
register_file.registerFile\[6\]\[2\],93.735
_03749_,93.68
clknet_leaf_8_clk,93.68
_03761_,93.5
_05311_,93.48
_04900_,93.46
dmem.ram\[22\]\[0\],93.44
_04626_,93.18
_05972_,93.08
_06557_,93.02
_06960_,92.96
clknet_leaf_184_clk,92.68
_04861_,92.62
_06329_,92.5
_05918_,92.42
clknet_leaf_191_clk,92.355
_06649_,92.33
_06800_,92.32
_06641_,92.26
clknet_leaf_85_clk,92.06
clknet_leaf_70_clk,91.735
clknet_leaf_74_clk,91.7
_03648_,91.68
_02303_,91.48
_03747_,91.48
_02601_,91.42
_03024_,91.42
_05422_,91.4
clknet_leaf_66_clk,91.38
_02591_,91.25
ex_mem_pipe_reg.Rd_Data_Out_PR\[11\],91.215
clknet_leaf_32_clk,91.2
_05305_,91.06
_06685_,91
dmem.ram\[48\]\[14\],91
clknet_leaf_27_clk,90.98
clknet_leaf_173_clk,90.72
clknet_leaf_200_clk,90.68
clknet_leaf_62_clk,90.62
_04588_,90.585
register_file.registerFile\[0\]\[4\],90.56
clknet_leaf_136_clk,90.54
_05208_,90.52
rr_ex_pipe_reg.pc_next_out\[1\],90.52
clknet_leaf_150_clk,90.44
clknet_leaf_185_clk,90.34
net4,90.3
_04180_,90.24
_06945_,90.14
_03602_,90.12
_02146_,90.04
_03302_,89.98
_04586_,89.925
_03708_,89.92
clknet_leaf_109_clk,89.92
clknet_leaf_96_clk,89.88
clknet_leaf_119_clk,89.88
_03166_,89.86
clknet_leaf_111_clk,89.86
dmem.ram\[17\]\[4\],89.785
_06285_,89.74
_04629_,89.62
clknet_leaf_126_clk,89.6
_04587_,89.53
_03459_,89.48
_04704_,89.44
_04778_,89.42
_05964_,89.42
_05888_,89.38
clknet_leaf_71_clk,89.35
clknet_leaf_90_clk,89.3
_06467_,89.16
clknet_leaf_24_clk,88.8
clknet_leaf_42_clk,88.7
_02301_,88.64
dmem.ram\[26\]\[14\],88.6
_05373_,88.54
_05785_,88.44
_07104_,88.42
dmem.ram\[17\]\[14\],88.205
_05182_,88.16
_06137_,87.975
register_file.registerFile\[6\]\[4\],87.935
clknet_leaf_144_clk,87.92
clknet_leaf_194_clk,87.78
_04491_,87.74
clknet_leaf_43_clk,87.6
_05294_,87.48
_06311_,87.48
clknet_leaf_117_clk,87.38
_03528_,87.24
register_file.registerFile\[4\]\[4\],87.24
clknet_leaf_179_clk,87.22
register_file.registerFile\[5\]\[7\],87.18
clknet_leaf_141_clk,87.18
_03610_,87.12
_05971_,86.915
_04976_,86.8
clknet_leaf_98_clk,86.78
_05206_,86.68
clknet_leaf_202_clk,86.64
_06258_,86.635
_06309_,86.58
clknet_leaf_180_clk,86.56
register_file.registerFile\[4\]\[0\],86.535
ex_mem_pipe_reg.Rd_Data_Out_PR\[1\],86.5
_05407_,86.42
_05697_,86.42
clknet_leaf_135_clk,86.4
mem_wb_pipeline_reg.Rd_Data_Out_PR\[4\],86.21
_02462_,86.18
_02326_,86.13
_07219_,86.1
register_file.registerFile\[0\]\[3\],86.1
register_file.registerFile\[0\]\[6\],86.07
clknet_leaf_103_clk,86.04
_01913_,85.6
_05624_,85.5
register_file.registerFile\[1\]\[13\],85.5
clknet_leaf_143_clk,85.48
_04623_,85.395
dmem.ram\[45\]\[2\],85.36
_03614_,85.34
_05145_,85.34
dmem.ram\[48\]\[9\],85.31
_03953_,85.28
_05501_,85.22
clknet_leaf_93_clk,85.22
_03408_,85.18
clknet_leaf_102_clk,85.14
clknet_leaf_177_clk,85.02
_06170_,84.95
clknet_leaf_137_clk,84.94
clknet_leaf_181_clk,84.9
_03041_,84.7
dmem.ram\[48\]\[11\],84.68
_02481_,84.56
_06564_,84.505
_02540_,84.43
register_file.registerFile\[2\]\[1\],84.42
rr_ex_pipe_reg.pc_next_out\[2\],84.32
_06276_,84.21
register_file.registerFile\[2\]\[0\],84.095
rr_ex_pipe_reg.RF_A1_Out\[2\],84.05
_06262_,84.01
clknet_leaf_104_clk,83.92
_05152_,83.805
_04824_,83.8
_05713_,83.8
_02281_,83.74
_04492_,83.74
_03599_,83.725
clknet_leaf_7_clk,83.66
clknet_leaf_157_clk,83.44
_05441_,83.42
_04935_,83.3
_05732_,83.18
clknet_leaf_48_clk,83.14
net367,83.08
_06316_,83.04
clknet_leaf_77_clk,83.02
_03738_,83
register_file.registerFile\[3\]\[1\],83
clknet_leaf_160_clk,82.98
dmem.ram\[51\]\[14\],82.78
_06207_,82.59
_04711_,82.54
_06006_,82.52
register_file.registerFile\[6\]\[0\],82.49
_02604_,82.32
_06246_,82.2
dmem.ram\[35\]\[14\],82.2
_06858_,82.18
_06175_,82.12
_03251_,82.1
ex_mem_pipe_reg.Instr_Out\[15\],82.08
clknet_leaf_131_clk,82.07
_02751_,82.04
_06690_,82.02
_06319_,82.01
clknet_leaf_178_clk,81.8
id_rr_pipe_reg.instr_out\[1\],81.78
clknet_leaf_41_clk,81.65
_05516_,81.6
mem_wb_pipeline_reg.Rd_Data_Out_PR\[1\],81.57
ex_mem_pipe_reg.Instr_Out\[14\],81.42
mem_wb_pipeline_reg.Rd_Data_Out_PR\[12\],81.33
_07387_,81.31
_05202_,81.22
clknet_leaf_1_clk,81.14
mem_wb_pipeline_reg.Rd_Data_Out_PR\[3\],81.06
_04619_,81.05
clknet_leaf_176_clk,81
_03349_,80.94
register_file.registerFile\[5\]\[8\],80.92
_06214_,80.88
net103,80.77
_05908_,80.74
_04593_,80.505
_05242_,80.5
_06270_,80.49
clknet_leaf_161_clk,80.48
dmem.ram\[22\]\[3\],80.45
_05279_,80.42
_05912_,80.16
_02549_,80.14
rr_ex_pipe_reg.pc_next_out\[0\],79.86
_05212_,79.68
_03391_,79.6
_02160_,79.52
_03625_,79.52
mem_wb_pipeline_reg.Rd_Data_Out_PR\[6\],79.24
_02328_,79.2
clknet_leaf_89_clk,79.08
_04755_,79.06
clknet_leaf_156_clk,79.02
_02973_,78.96
clknet_leaf_115_clk,78.86
_01970_,78.8
_04916_,78.8
clknet_leaf_101_clk,78.76
clknet_leaf_114_clk,78.6
_03424_,78.56
_03877_,78.49
clknet_leaf_130_clk,78.47
_06278_,78.44
_05907_,78.435
_02077_,78.38
_02201_,77.98
dmem.ram\[42\]\[1\],77.98
_03125_,77.92
_05884_,77.92
register_file.registerFile\[3\]\[15\],77.72
dmem.ram\[48\]\[5\],77.7
_02788_,77.6
_06645_,77.6
_03722_,77.46
_06340_,77.36
register_file.registerFile\[4\]\[5\],77.22
clknet_leaf_18_clk,77.22
clknet_leaf_154_clk,77.06
_02199_,77
_03730_,76.92
clknet_leaf_40_clk,76.9
_05396_,76.81
dmem.ram\[17\]\[1\],76.785
_03947_,76.68
clknet_leaf_67_clk,76.62
_04007_,76.56
_05046_,76.5
mem_wb_pipeline_reg.Rd_Data_Out_PR\[5\],76.5
clknet_leaf_107_clk,76.48
id_rr_pipe_reg.instr_out\[13\],76.44
_06324_,76.32
register_file.registerFile\[5\]\[14\],76.32
net50,76.1
dmem.ram\[43\]\[13\],76.08
register_file.registerFile\[1\]\[9\],76.06
clknet_leaf_25_clk,76
_06241_,75.8
_06664_,75.76
_06268_,75.74
_03714_,75.66
_06773_,75.66
clknet_leaf_36_clk,75.64
_06565_,75.48
_02656_,75.42
_06957_,75.38
clknet_leaf_61_clk,75.38
_06223_,75.36
_02603_,75.34
_02342_,75.33
_03631_,75.33
_03698_,75.32
clknet_leaf_31_clk,75.16
_06692_,75.11
_02990_,75.08
_01981_,74.98
register_file.registerFile\[1\]\[11\],74.895
_01938_,74.78
clknet_leaf_88_clk,74.76
net102,74.74
_03872_,74.66
clknet_leaf_142_clk,74.6
_03608_,74.48
_05231_,74.48
_04461_,74.46
clknet_leaf_120_clk,74.4
register_file.registerFile\[2\]\[5\],74.355
clknet_leaf_21_clk,74.34
_02666_,74.33
clknet_leaf_203_clk,74.32
clknet_leaf_73_clk,74.24
_04488_,74.2
_02561_,74.08
_05999_,74.02
dmem.ram\[54\]\[1\],73.89
dmem.ram\[13\]\[4\],73.865
_02200_,73.8
_04589_,73.74
_01971_,73.7
_05712_,73.68
register_file.registerFile\[5\]\[1\],73.68
ex_mem_pipe_reg.Rd_Addr_Out_PR\[0\],73.645
register_file.registerFile\[5\]\[6\],73.64
clknet_leaf_35_clk,73.615
clknet_leaf_11_clk,73.42
_03612_,73.39
clknet_leaf_125_clk,73.3
dmem.ram\[47\]\[2\],73.21
register_file.registerFile\[5\]\[9\],73.18
net339,73.1
_02655_,73.09
clknet_leaf_118_clk,73.08
_02584_,73.04
_05651_,73.04
clknet_leaf_39_clk,73
_03257_,72.84
_03287_,72.78
_05100_,72.74
_04591_,72.71
_04257_,72.66
register_file.registerFile\[5\]\[2\],72.57
_05537_,72.545
_01945_,72.54
ex_mem_pipe_reg.Rd_Data_Out_PR\[6\],72.38
clknet_leaf_29_clk,72.32
clknet_leaf_149_clk,72.315
register_file.registerFile\[1\]\[2\],72.28
dmem.ram\[29\]\[2\],72.185
_05257_,72.14
id_rr_pipe_reg.pc_out\[6\],72.08
clknet_leaf_183_clk,72.06
_05059_,72.04
dmem.ram\[40\]\[14\],72.04
dmem.ram\[41\]\[14\],72.02
id_rr_pipe_reg.instr_out\[0\],71.94
dmem.ram\[54\]\[3\],71.88
_05299_,71.86
clknet_leaf_47_clk,71.52
_05462_,71.48
mem_wb_pipeline_reg.Rd_Data_Out_PR\[11\],71.48
_04414_,71.465
_02558_,71.435
_06090_,71.42
_04590_,71.34
_01831_,71.3
clknet_leaf_201_clk,71.26
register_file.registerFile\[3\]\[2\],71.24
register_file.registerFile\[6\]\[3\],71.23
_05270_,71.22
_04594_,71.2
_04418_,71.13
register_file.registerFile\[3\]\[0\],70.98
clknet_leaf_170_clk,70.94
_04630_,70.905
dmem.ram\[55\]\[1\],70.74
_04769_,70.5
_04641_,70.48
_05185_,70.32
_02544_,70.18
_06810_,70.18
_07036_,70.18
clknet_leaf_145_clk,70.18
_06593_,70.08
clknet_leaf_55_clk,70.02
clknet_leaf_64_clk,70.02
_02187_,70
register_file.registerFile\[1\]\[0\],69.92
clknet_leaf_78_clk,69.88
_05181_,69.82
_05332_,69.82
net601,69.74
rf_d3_data_select.sel,69.695
_04977_,69.68
dmem.ram\[26\]\[15\],69.54
_03932_,69.52
_06682_,69.51
_02675_,69.46
clknet_leaf_198_clk,69.46
clknet_leaf_110_clk,69.32
ex_mem_pipe_reg.Rd_Data_Out_PR\[8\],69.2
ex_mem_pipe_reg.Rd_Data_Out_PR\[3\],69.16
_04968_,69.06
mem_wb_pipeline_reg.Rd_Data_Out_PR\[13\],69.05
_07031_,69.04
_04669_,69
_05962_,68.97
dmem.ram\[57\]\[4\],68.92
_06123_,68.88
register_file.registerFile\[2\]\[2\],68.87
_05455_,68.86
_01992_,68.82
_05488_,68.82
_02590_,68.8
_04635_,68.76
clknet_leaf_127_clk,68.76
_03476_,68.6
_02661_,68.58
_06412_,68.58
clknet_leaf_128_clk,68.56
_05297_,68.54
_05524_,68.54
_05658_,68.54
register_file.registerFile\[2\]\[9\],68.485
_01976_,68.46
_02886_,68.46
_05758_,68.44
clknet_leaf_94_clk,68.4
rr_ex_pipe_reg.RF_A2_Out\[2\],68.355
dmem.ram\[10\]\[11\],68.34
dmem.ram\[53\]\[13\],68.26
clknet_leaf_167_clk,68.24
_03706_,68.16
_05319_,68.16
_05865_,68.12
_03949_,68.075
register_file.registerFile\[2\]\[14\],68.03
clknet_leaf_4_clk,68.02
_02589_,67.92
_05645_,67.92
register_file.registerFile\[2\]\[7\],67.79
_06264_,67.76
_06864_,67.62
_02730_,67.6
id_rr_pipe_reg.instr_out\[12\],67.54
_05187_,67.4
register_file.registerFile\[6\]\[9\],67.355
clknet_leaf_3_clk,67.24
_04627_,67.18
dmem.ram\[51\]\[9\],67.06
_06892_,66.98
clknet_leaf_72_clk,66.945
_05625_,66.94
clknet_leaf_82_clk,66.92
_01914_,66.88
_04723_,66.88
_06215_,66.86
_04988_,66.81
_05880_,66.74
_01958_,66.61
_05767_,66.58
_06196_,66.58
_03897_,66.52
_02343_,66.42
_06357_,66.34
_02332_,66.31
_05886_,66.31
ex_mem_pipe_reg.Rd_Addr_Out_PR\[2\],66.24
_02671_,66.08
_03465_,66.04
_04544_,66.02
_05371_,65.94
_04569_,65.9
_06857_,65.86
dmem.ram\[28\]\[2\],65.76
_03344_,65.605
net54,65.54
_05234_,65.53
dmem.ram\[46\]\[12\],65.49
_06632_,65.46
_02405_,65.26
register_file.registerFile\[5\]\[0\],65.24
_06662_,65.22
_02863_,65.16
_03951_,65.08
_06092_,65.08
_04490_,65.06
_06637_,64.92
register_file.registerFile\[1\]\[7\],64.91
clknet_leaf_192_clk,64.9
_06901_,64.88
_06096_,64.875
_04624_,64.86
_03955_,64.84
_03959_,64.76
register_file.registerFile\[5\]\[3\],64.7
_05011_,64.66
_06572_,64.38
_03713_,64.3
_06368_,64.22
register_file.registerFile\[1\]\[10\],64.22
dmem.ram\[55\]\[3\],64.18
_03091_,64.12
_03418_,64.02
dmem.ram\[52\]\[13\],64
clknet_leaf_188_clk,63.98
clknet_leaf_45_clk,63.96
_01998_,63.86
_02713_,63.82
_05746_,63.82
_03918_,63.72
la_sa_lm_sm_block.reg_index_la_sa\[1\],63.58
clknet_leaf_134_clk,63.58
_05351_,63.42
dmem.ram\[46\]\[6\],63.38
_05250_,63.34
register_file.registerFile\[5\]\[4\],63.3
clknet_leaf_175_clk,63.28
_03047_,63.26
_02874_,63.24
dmem.ram\[35\]\[10\],63.18
dmem.ram\[17\]\[10\],63.17
_03270_,63.14
id_rr_pipe_reg.instr_out\[14\],63.1
_06623_,63.06
clknet_leaf_172_clk,63.04
_05184_,62.98
_03592_,62.92
_06885_,62.84
_05491_,62.6
_06085_,62.56
_03878_,62.52
_03640_,62.5
_03261_,62.46
_05869_,62.46
_06875_,62.415
dmem.ram\[51\]\[5\],62.36
dmem.ram\[27\]\[11\],62.22
register_file.registerFile\[3\]\[13\],62.2
_06070_,62.07
_02280_,62.06
_02341_,62.06
_04943_,62.04
net976,62.04
_06696_,62.02
dmem.ram\[45\]\[13\],62.02
_05047_,62
dmem.ram\[45\]\[6\],61.88
clknet_leaf_112_clk,61.88
register_file.registerFile\[3\]\[14\],61.82
dmem.ram\[50\]\[14\],61.8
id_rr_pipe_reg.pc_out\[5\],61.8
clknet_leaf_132_clk,61.79
_03356_,61.74
_04759_,61.74
_05397_,61.72
register_file.registerFile\[3\]\[11\],61.63
clknet_leaf_196_clk,61.62
_01979_,61.6
_02121_,61.6
_06460_,61.44
register_file.registerFile\[3\]\[9\],61.44
_06103_,61.42
_06274_,61.38
_02334_,61.37
_05590_,61.3
clknet_leaf_86_clk,61.22
_02761_,61.08
clknet_leaf_182_clk,61.08
register_file.registerFile\[1\]\[15\],60.99
dmem.ram\[12\]\[7\],60.86
clknet_leaf_37_clk,60.86
register_file.registerFile\[1\]\[12\],60.72
_05877_,60.705
_04693_,60.66
clknet_leaf_171_clk,60.64
_03957_,60.63
_06074_,60.63
dmem.ram\[37\]\[14\],60.625
_01951_,60.62
dmem.ram\[8\]\[1\],60.62
_05698_,60.595
_06869_,60.58
_05367_,60.56
_02897_,60.52
dmem.ram\[46\]\[2\],60.42
_05326_,60.36
_05080_,60.26
net555,60.26
_02715_,60.18
_05442_,60.16
dmem.ram\[48\]\[4\],60.12
_06628_,59.98
dmem.ram\[56\]\[0\],59.92
_04542_,59.9
_06374_,59.87
_05562_,59.86
_04620_,59.82
_05073_,59.78
_04834_,59.76
_04625_,59.75
_04944_,59.7
_02161_,59.64
_03121_,59.62
clknet_leaf_155_clk,59.62
dmem.ram\[53\]\[6\],59.6
dmem.ram\[57\]\[2\],59.52
_06101_,59.44
dmem.ram\[58\]\[4\],59.4
_03635_,59.27
dmem.ram\[37\]\[2\],59.265
_06371_,59.06
_04435_,58.98
dmem.ram\[18\]\[7\],58.98
_05850_,58.92
dmem.ram\[48\]\[15\],58.92
dmem.ram\[48\]\[2\],58.88
_05854_,58.86
register_file.registerFile\[1\]\[1\],58.78
clknet_leaf_146_clk,58.76
dmem.ram\[53\]\[2\],58.72
_05637_,58.68
ex_mem_pipe_reg.Rd_Data_Out_PR\[4\],58.62
_05025_,58.58
id_rr_pipe_reg.pc_out\[3\],58.58
_04464_,58.56
_02057_,58.4
dmem.ram\[48\]\[13\],58.4
_01957_,58.36
dmem.ram\[54\]\[2\],58.26
_02726_,58.2
register_file.registerFile\[6\]\[13\],58.125
clknet_leaf_116_clk,58.08
dmem.ram\[12\]\[4\],58.055
id_rr_pipe_reg.instr_out\[10\],58.04
ex_mem_pipe_reg.RF_D2_Out\[15\],58
dmem.ram\[40\]\[15\],57.99
_05846_,57.94
_05932_,57.85
register_file.registerFile\[6\]\[14\],57.83
instr_mem1.rom\[4\]\[13\],57.78
_05291_,57.76
_03010_,57.72
_02223_,57.7
_04199_,57.68
_06576_,57.68
_04466_,57.59
_04546_,57.56
dmem.ram\[51\]\[13\],57.56
_05222_,57.5
_06602_,57.42
clknet_leaf_51_clk,57.42
_04680_,57.34
dmem.ram\[12\]\[6\],57.32
_06913_,57.3
net489,57.3
dmem.ram\[4\]\[11\],57.24
_05274_,57.22
register_file.registerFile\[3\]\[5\],57.2
_05381_,57.18
_05583_,57.18
instr_mem1.rom\[4\]\[12\],57.12
_05340_,57.1
dmem.ram\[40\]\[13\],57
dmem.ram\[46\]\[13\],56.98
id_rr_pipe_reg.pc_out\[2\],56.98
_05635_,56.94
_06905_,56.92
if_id_pipe_reg.PC_Out\[8\],56.92
_05954_,56.82
_02949_,56.68
_03169_,56.6
register_file.registerFile\[2\]\[13\],56.505
_05390_,56.5
dmem.ram\[52\]\[6\],56.48
id_rr_pipe_reg.pc_out\[7\],56.4
_06382_,56.34
dmem.ram\[39\]\[11\],56.285
_02038_,56.22
_05243_,56.18
_04772_,56.06
ex_mem_pipe_reg.Control_Out\[2\],56.02
_02895_,55.94
register_file.registerFile\[4\]\[13\],55.94
dmem.ram\[28\]\[7\],55.9
_06880_,55.8
ex_mem_pipe_reg.Rd_Data_Out_PR\[5\],55.66
dmem.ram\[49\]\[8\],55.64
clknet_leaf_57_clk,55.62
dmem.ram\[28\]\[13\],55.58
register_file.registerFile\[2\]\[11\],55.52
clknet_leaf_38_clk,55.48
_02839_,55.42
_03522_,55.42
dmem.ram\[45\]\[12\],55.38
_03198_,55.35
dmem.ram\[47\]\[12\],55.3
clknet_leaf_91_clk,55.24
_05217_,55.12
register_file.registerFile\[4\]\[7\],55.08
_02637_,55.06
_02759_,55
dmem.ram\[56\]\[6\],54.915
_05180_,54.9
if_id_pipe_reg.PC_Out\[1\],54.88
clknet_leaf_186_clk,54.85
_04468_,54.8
_07021_,54.78
clknet_leaf_195_clk,54.76
register_file.registerFile\[2\]\[12\],54.75
_02988_,54.74
_00690_,54.725
_06619_,54.7
dmem.ram\[39\]\[14\],54.665
dmem.ram\[10\]\[3\],54.64
_03303_,54.62
_04914_,54.62
dmem.ram\[47\]\[10\],54.6
_06614_,54.58
rr_ex_pipe_reg.RF_D1_Out\[14\],54.56
_03209_,54.4
rr_ex_pipe_reg.RF_D1_Out\[10\],54.4
register_file.registerFile\[2\]\[15\],54.36
ex_mem_pipe_reg.Rd_Data_Out_PR\[9\],54.32
dmem.ram\[47\]\[13\],54.265
ex_mem_pipe_reg.Instr_Out\[12\],54.09
register_file.registerFile\[2\]\[10\],54.085
register_file.registerFile\[0\]\[13\],54.08
register_file.registerFile\[3\]\[10\],54.02
dmem.ram\[25\]\[5\],53.975
_03145_,53.97
dmem.ram\[53\]\[12\],53.94
_03469_,53.9
_06933_,53.9
_04581_,53.84
_04058_,53.825
dmem.ram\[45\]\[0\],53.78
_02776_,53.76
register_file.registerFile\[0\]\[11\],53.74
net23,53.66
dmem.ram\[38\]\[11\],53.6
dmem.ram\[47\]\[0\],53.505
dmem.ram\[50\]\[15\],53.5
_03417_,53.46
dmem.ram\[49\]\[6\],53.44
_05860_,53.38
dmem.ram\[27\]\[5\],53.36
dmem.ram\[38\]\[0\],53.36
_06570_,53.34
_06979_,53.32
dmem.ram\[24\]\[5\],53.32
net510,53.305
dmem.ram\[47\]\[8\],53.29
rr_ex_pipe_reg.pc_next_out\[9\],53.28
_03517_,53.26
register_file.registerFile\[1\]\[8\],53.26
_05804_,53.16
dmem.ram\[4\]\[9\],53.14
dmem.ram\[50\]\[9\],53.1
_03309_,53.08
net483,53.08
_03142_,53.02
mem_wb_pipeline_reg.Rd_Data_Out_PR\[8\],53.02
_02019_,52.98
clknet_leaf_129_clk,52.98
dmem.ram\[17\]\[15\],52.965
_03944_,52.96
_05929_,52.9
mem_wb_pipeline_reg.Rd_Data_Out_PR\[14\],52.89
_05091_,52.88
instr_mem1.rom\[0\]\[13\],52.86
_07290_,52.84
dmem.ram\[52\]\[12\],52.82
_05093_,52.78
_02339_,52.68
_02841_,52.66
_02114_,52.64
dmem.ram\[12\]\[5\],52.64
_04463_,52.6
_05659_,52.6
dmem.ram\[45\]\[1\],52.58
_05325_,52.5
dmem.ram\[48\]\[3\],52.5
_06081_,52.48
instr_mem1.rom\[12\]\[12\],52.42
_06369_,52.4
_05743_,52.365
dmem.ram\[26\]\[4\],52.16
_05131_,52.12
_06921_,52.08
_05556_,52.06
dmem.ram\[20\]\[13\],52.06
dmem.ram\[42\]\[10\],51.97
_05591_,51.96
dmem.ram\[49\]\[11\],51.96
_05188_,51.94
dmem.ram\[49\]\[12\],51.92
clknet_leaf_13_clk,51.9
clknet_leaf_166_clk,51.88
ex_mem_pipe_reg.RF_D2_Out\[12\],51.86
_07016_,51.74
_03162_,51.68
rr_ex_pipe_reg.pc_next_out\[8\],51.66
_05165_,51.58
dmem.ram\[12\]\[11\],51.56
dmem.ram\[38\]\[14\],51.46
dmem.ram\[27\]\[4\],51.44
dmem.ram\[48\]\[1\],51.32
dmem.ram\[9\]\[1\],51.165
_02543_,51.15
dmem.ram\[26\]\[11\],51.02
clknet_leaf_65_clk,50.94
dmem.ram\[46\]\[0\],50.92
la_sa_lm_sm_block.reg_data_form_id_128\[13\],50.92
register_file.registerFile\[0\]\[10\],50.895
mem_wb_pipeline_reg.Rd_Data_Out_PR\[15\],50.86
instr_mem1.rom\[2\]\[1\],50.845
_03448_,50.82
clknet_leaf_190_clk,50.82
_05811_,50.76
dmem.ram\[41\]\[7\],50.76
clknet_leaf_153_clk,50.76
dmem.ram\[47\]\[6\],50.745
_06984_,50.66
dmem.ram\[49\]\[9\],50.66
_06912_,50.65
_02102_,50.58
dmem.ram\[43\]\[1\],50.58
clknet_leaf_14_clk,50.58
_04616_,50.56
_06468_,50.45
_03067_,50.4
_03250_,50.4
register_file.registerFile\[6\]\[10\],50.385
dmem.ram\[54\]\[0\],50.38
clknet_leaf_92_clk,50.38
clknet_leaf_46_clk,50.36
_03453_,50.32
_05783_,50.32
dmem.ram\[38\]\[1\],50.2
_04601_,50.19
dmem.ram\[22\]\[4\],50.12
dmem.ram\[54\]\[6\],50.09
_06577_,50.075
dmem.ram\[17\]\[0\],50.045
_06190_,49.92
_03637_,49.77
_06737_,49.76
_05525_,49.74
_06381_,49.72
_06383_,49.72
register_file.registerFile\[6\]\[5\],49.705
_03313_,49.7
register_file.registerFile\[1\]\[14\],49.58
_05739_,49.56
_06067_,49.56
_06900_,49.52
dmem.ram\[45\]\[11\],49.5
_03665_,49.48
_05251_,49.42
_05602_,49.34
dmem.ram\[47\]\[11\],49.33
_05269_,49.3
_03184_,49.18
_04600_,49.145
_02599_,49.14
_03045_,49.02
_00987_,49.005
_03183_,49
_04804_,49
_05028_,48.95
dmem.ram\[57\]\[3\],48.92
dmem.ram\[48\]\[10\],48.9
dmem.ram\[40\]\[12\],48.88
clknet_leaf_30_clk,48.86
_05502_,48.84
ex_mem_pipe_reg.RF_D2_Out\[8\],48.82
instr_mem1.rom\[4\]\[15\],48.82
_03354_,48.78
_04559_,48.62
dmem.ram\[55\]\[7\],48.62
_07041_,48.6
dmem.ram\[50\]\[13\],48.54
ex_mem_pipe_reg.Rd_Data_Out_PR\[10\],48.54
clknet_leaf_87_clk,48.54
_05763_,48.525
_04563_,48.52
_05771_,48.485
_02613_,48.48
_03235_,48.48
dmem.ram\[56\]\[4\],48.48
_05724_,48.465
_02064_,48.46
_04838_,48.46
_05331_,48.44
_02044_,48.36
_03042_,48.36
_03158_,48.36
_04928_,48.36
instr_mem1.rom\[4\]\[14\],48.36
_03056_,48.32
_05872_,48.28
_07011_,48.28
rr_ex_pipe_reg.cntrl_out\[5\],48.28
dmem.ram\[37\]\[3\],48.2
_06365_,48.195
dmem.ram\[56\]\[2\],48.12
dmem.ram\[0\]\[0\],48.11
clknet_leaf_9_clk,48.08
clknet_leaf_6_clk,48.06
dmem.ram\[5\]\[9\],48.045
clknet_leaf_122_clk,48
dmem.ram\[41\]\[15\],47.98
dmem.ram\[35\]\[15\],47.9
_05736_,47.825
_02992_,47.78
dmem.ram\[51\]\[2\],47.75
dmem.ram\[46\]\[11\],47.7
net315,47.7
_05731_,47.68
dmem.ram\[50\]\[12\],47.68
dmem.ram\[37\]\[1\],47.585
rr_ex_pipe_reg.pc_next_out\[4\],47.54
register_file.registerFile\[0\]\[7\],47.48
_03320_,47.46
_02055_,47.415
_03521_,47.4
_04676_,47.4
_05894_,47.38
_05752_,47.365
_05998_,47.26
dmem.ram\[50\]\[0\],47.21
_06563_,47.2
register_file.registerFile\[4\]\[11\],47.19
clknet_leaf_68_clk,47.14
dmem.ram\[45\]\[10\],47.12
dmem.ram\[61\]\[9\],47.085
dmem.ram\[54\]\[5\],47.06
_04992_,47
_03090_,46.98
_02705_,46.94
_02792_,46.92
dmem.ram\[39\]\[9\],46.885
_02178_,46.86
_02954_,46.86
_03638_,46.86
_05249_,46.82
_05778_,46.765
_05577_,46.74
register_file.registerFile\[3\]\[8\],46.74
_02832_,46.68
_06597_,46.64
_06610_,46.62
_07026_,46.44
dmem.ram\[52\]\[2\],46.42
net453,46.4
ex_mem_pipe_reg.RF_D2_Out\[14\],46.38
dmem.ram\[51\]\[0\],46.305
_05550_,46.3
_05875_,46.28
rr_ex_pipe_reg.pc_next_out\[7\],46.14
dmem.ram\[41\]\[12\],46.12
register_file.registerFile\[2\]\[8\],46.085
dmem.ram\[39\]\[2\],46.075
dmem.ram\[12\]\[14\],46.055
dmem.ram\[46\]\[10\],46.02
dmem.ram\[43\]\[10\],45.98
_04471_,45.925
dmem.ram\[50\]\[11\],45.92
register_file.registerFile\[5\]\[5\],45.9
id_rr_pipe_reg.instr_out\[9\],45.8
dmem.ram\[10\]\[10\],45.76
ex_mem_pipe_reg.Rd_Data_Out_PR\[12\],45.76
clknet_leaf_168_clk,45.76
_05902_,45.72
_06462_,45.72
dmem.ram\[29\]\[13\],45.685
_03043_,45.68
dmem.ram\[51\]\[15\],45.66
dmem.ram\[45\]\[9\],45.64
dmem.ram\[57\]\[5\],45.54
dmem.ram\[51\]\[3\],45.525
dmem.ram\[10\]\[2\],45.5
_06884_,45.42
dmem.ram\[61\]\[6\],45.41
net582,45.38
_06923_,45.36
_05704_,45.345
dmem.ram\[53\]\[14\],45.34
dmem.ram\[57\]\[6\],45.34
_05500_,45.3
_00993_,45.285
_05967_,45.28
register_file.registerFile\[1\]\[3\],45.22
_06366_,45.16
_02947_,45.14
clknet_leaf_97_clk,45.08
la_sa_lm_sm_block.reg_data_form_id_128\[12\],45.06
_02669_,45.02
_06443_,45.02
_02641_,44.94
dmem.ram\[29\]\[4\],44.79
_06201_,44.78
dmem.ram\[48\]\[7\],44.72
_05519_,44.64
_05394_,44.62
net454,44.57
dmem.ram\[58\]\[0\],44.54
dmem.ram\[45\]\[3\],44.5
_02088_,44.48
_03129_,44.48
dmem.ram\[50\]\[2\],44.42
_05515_,44.38
_03322_,44.34
rr_ex_pipe_reg.RF_A2_Out\[1\],44.3
_05810_,44.2
dmem.ram\[50\]\[5\],44.2
dmem.ram\[60\]\[2\],44.16
register_file.registerFile\[1\]\[6\],44.14
_05448_,44.1
dmem.ram\[48\]\[0\],44.1
if_id_pipe_reg.PC_Out\[15\],44.1
_03645_,44.08
_04507_,43.96
dmem.ram\[6\]\[9\],43.9
_05928_,43.89
_05052_,43.86
rr_ex_pipe_reg.pc_out\[5\],43.86
clknet_leaf_169_clk,43.82
_06581_,43.8
dmem.ram\[37\]\[0\],43.685
dmem.ram\[50\]\[8\],43.64
dmem.ram\[18\]\[5\],43.6
dmem.ram\[20\]\[5\],43.6
dmem.ram\[41\]\[13\],43.57
_05788_,43.565
dmem.ram\[46\]\[5\],43.55
_05891_,43.54
net418,43.54
_06433_,43.5
register_file.registerFile\[1\]\[4\],43.5
_06938_,43.46
_03376_,43.44
_07005_,43.42
_02915_,43.4
_05900_,43.3
register_file.registerFile\[1\]\[5\],43.28
dmem.ram\[10\]\[1\],43.27
dmem.ram\[51\]\[6\],43.24
dmem.ram\[51\]\[1\],43.145
_02934_,43.1
_05851_,43.1
dmem.ram\[35\]\[4\],43.08
_05429_,43.04
_05240_,43
dmem.ram\[17\]\[11\],42.97
register_file.registerFile\[4\]\[10\],42.96
_06380_,42.94
net448,42.94
dmem.ram\[60\]\[9\],42.93
dmem.ram\[45\]\[15\],42.9
dmem.ram\[20\]\[4\],42.88
dmem.ram\[38\]\[10\],42.88
_03541_,42.84
dmem.ram\[47\]\[1\],42.785
register_file.registerFile\[6\]\[11\],42.775
_05284_,42.74
dmem.ram\[12\]\[2\],42.68
dmem.ram\[51\]\[8\],42.68
net867,42.68
rr_ex_pipe_reg.pc_out\[9\],42.635
dmem.ram\[51\]\[7\],42.6
dmem.ram\[55\]\[2\],42.6
dmem.ram\[13\]\[14\],42.585
_03679_,42.56
_07024_,42.52
_05136_,42.48
dmem.ram\[61\]\[2\],42.45
clknet_leaf_189_clk,42.42
_04682_,42.38
_02884_,42.3
_04429_,42.3
_05306_,42.22
dmem.ram\[28\]\[14\],42.14
_05896_,42.12
_06079_,42.08
_02634_,42.04
_03314_,42.04
_05809_,41.965
_06640_,41.96
dmem.ram\[10\]\[14\],41.92
_02940_,41.9
_07014_,41.84
_03058_,41.8
_06915_,41.68
register_file.registerFile\[2\]\[6\],41.66
_03268_,41.64
_06568_,41.62
instr_mem1.rom\[7\]\[13\],41.58
_06928_,41.56
instr_mem1.rom\[12\]\[13\],41.54
_03029_,41.52
dmem.ram\[58\]\[13\],41.5
dmem.ram\[61\]\[13\],41.365
dmem.ram\[56\]\[3\],41.34
_03133_,41.3
dmem.ram\[35\]\[11\],41.3
dmem.ram\[59\]\[3\],41.205
_03458_,41.2
_05077_,41.2
dmem.ram\[53\]\[8\],41.16
dmem.ram\[28\]\[4\],41.12
_06819_,41.06
dmem.ram\[50\]\[6\],41.04
dmem.ram\[20\]\[2\],41
_02013_,40.98
_05286_,40.95
_04841_,40.92
_06423_,40.92
_06746_,40.9
_04515_,40.82
dmem.ram\[46\]\[8\],40.78
ex_mem_pipe_reg.RF_D2_Out\[10\],40.78
_03339_,40.74
_03729_,40.74
dmem.ram\[54\]\[4\],40.74
_02195_,40.68
_06407_,40.68
_05125_,40.66
dmem.ram\[23\]\[2\],40.64
_04609_,40.59
dmem.ram\[55\]\[6\],40.58
dmem.ram\[28\]\[15\],40.54
if_id_pipe_reg.PC_Out\[4\],40.43
instr_mem1.rom\[7\]\[15\],40.32
_06974_,40.22
_02786_,40.2
rr_ex_pipe_reg.pc_next_out\[10\],40.195
_04732_,40.18
_04754_,40.16
_05780_,40.16
dmem.ram\[10\]\[13\],40.16
dmem.ram\[10\]\[4\],40.06
dmem.ram\[38\]\[15\],40.02
_05873_,39.96
_06951_,39.96
_06438_,39.94
_06599_,39.9
dmem.ram\[26\]\[5\],39.9
dmem.ram\[55\]\[15\],39.845
_02994_,39.84
_00990_,39.825
dmem.ram\[38\]\[3\],39.8
_05642_,39.6
dmem.ram\[17\]\[2\],39.585
_01975_,39.56
_04874_,39.56
dmem.ram\[35\]\[3\],39.44
dmem.ram\[35\]\[6\],39.44
_03580_,39.42
_02259_,39.38
_07042_,39.38
instr_mem1.rom\[0\]\[14\],39.38
dmem.ram\[50\]\[7\],39.32
_03149_,39.3
_02837_,39.24
dmem.ram\[22\]\[2\],39.23
dmem.ram\[58\]\[15\],39.2
dmem.ram\[60\]\[5\],39.2
_04646_,39.13
dmem.ram\[28\]\[3\],39.12
dmem.ram\[42\]\[13\],39.12
_06474_,39.1
_07019_,39.08
instr_mem1.rom\[8\]\[12\],39.07
_05795_,38.985
_05650_,38.96
_06191_,38.87
dmem.ram\[49\]\[13\],38.82
dmem.ram\[23\]\[4\],38.81
_06657_,38.74
dmem.ram\[10\]\[7\],38.74
dmem.ram\[21\]\[9\],38.71
_05255_,38.7
_06456_,38.68
_05765_,38.66
_05618_,38.64
ex_mem_pipe_reg.RF_D2_Out\[11\],38.62
_06963_,38.5
instr_mem1.rom\[0\]\[12\],38.49
_02820_,38.48
dmem.ram\[61\]\[5\],38.445
_06688_,38.44
dmem.ram\[55\]\[5\],38.42
_06589_,38.4
_04789_,38.36
_05741_,38.36
_05829_,38.32
dmem.ram\[2\]\[0\],38.32
_06418_,38.29
_04565_,38.26
_05582_,38.26
_05012_,38.22
dmem.ram\[61\]\[4\],38.205
_04647_,38.14
dmem.ram\[49\]\[3\],38.1
instr_mem1.rom\[5\]\[14\],38.1
register_file.registerFile\[0\]\[8\],38.1
la_sa_lm_sm_block.reg_data_form_id_128\[9\],38.08
_06866_,38.06
dmem.ram\[12\]\[0\],37.99
_05118_,37.98
_06396_,37.98
dmem.ram\[5\]\[11\],37.945
dmem.ram\[22\]\[5\],37.94
dmem.ram\[37\]\[15\],37.93
_02891_,37.9
_02628_,37.88
dmem.ram\[52\]\[15\],37.88
_03511_,37.86
dmem.ram\[34\]\[2\],37.86
rr_ex_pipe_reg.instr_out\[0\],37.86
_02825_,37.84
_03601_,37.82
_06943_,37.82
_04869_,37.74
dmem.ram\[0\]\[8\],37.72
dmem.ram\[52\]\[9\],37.7
_04929_,37.68
_05123_,37.68
register_file.registerFile\[0\]\[9\],37.68
dmem.ram\[5\]\[7\],37.665
instr_mem1.rom\[12\]\[14\],37.64
rr_ex_pipe_reg.RF_D2_Out\[7\],37.64
_04848_,37.6
dmem.ram\[53\]\[0\],37.6
clknet_leaf_15_clk,37.56
rr_ex_pipe_reg.RF_D1_Out\[15\],37.51
dmem.ram\[12\]\[15\],37.44
instr_mem1.rom\[2\]\[12\],37.425
_02664_,37.4
_03005_,37.4
instr_mem1.rom\[7\]\[14\],37.4
dmem.ram\[17\]\[8\],37.35
dmem.ram\[60\]\[6\],37.35
_06879_,37.3
dmem.ram\[54\]\[7\],37.28
rr_ex_pipe_reg.RF_D1_Out\[13\],37.25
_04314_,37.24
_06289_,37.22
dmem.ram\[57\]\[0\],37.22
net526,37.21
_02241_,37.2
_06177_,37.2
dmem.ram\[25\]\[6\],37.19
dmem.ram\[45\]\[14\],37.16
_04733_,37.1
dmem.ram\[10\]\[6\],37.1
dmem.ram\[23\]\[13\],37.08
dmem.ram\[51\]\[11\],37.04
_04877_,37.02
_06578_,36.965
register_file.registerFile\[6\]\[12\],36.955
dmem.ram\[41\]\[8\],36.94
_06926_,36.9
_06999_,36.9
dmem.ram\[14\]\[5\],36.9
dmem.ram\[24\]\[6\],36.84
rr_ex_pipe_reg.RF_D2_Out\[9\],36.84
_02092_,36.82
_05460_,36.78
dmem.ram\[6\]\[14\],36.74
_02185_,36.72
_02652_,36.68
_05529_,36.66
_04420_,36.58
_05060_,36.52
instr_mem1.rom\[14\]\[10\],36.465
_03574_,36.38
rr_ex_pipe_reg.pc_data_select_out,36.38
dmem.ram\[29\]\[7\],36.37
dmem.ram\[60\]\[11\],36.34
dmem.ram\[50\]\[1\],36.3
dmem.ram\[58\]\[6\],36.26
_05858_,36.24
_03607_,36.22
dmem.ram\[6\]\[8\],36.22
_03630_,36.2
dmem.ram\[47\]\[5\],36.185
_04832_,36.18
_06518_,36.18
_06656_,36.16
_05845_,36.145
_04919_,36.06
_05138_,36.02
dmem.ram\[45\]\[8\],36.02
_06917_,35.97
dmem.ram\[5\]\[5\],35.83
if_id_pipe_reg.PC_Out\[6\],35.82
register_file.registerFile\[4\]\[9\],35.82
dmem.ram\[56\]\[5\],35.8
_04981_,35.74
dmem.ram\[24\]\[14\],35.74
dmem.ram\[54\]\[15\],35.74
rr_ex_pipe_reg.cntrl_out\[8\],35.72
_05402_,35.68
dmem.ram\[26\]\[10\],35.68
_03003_,35.64
dmem.ram\[47\]\[14\],35.64
_06363_,35.6
dmem.ram\[44\]\[10\],35.58
instr_mem1.rom\[13\]\[12\],35.56
_04419_,35.545
_03049_,35.54
_03413_,35.52
_05239_,35.48
_06941_,35.48
dmem.ram\[22\]\[11\],35.46
if_id_pipe_reg.PC_Out\[5\],35.46
dmem.ram\[22\]\[12\],35.42
dmem.ram\[12\]\[10\],35.4
dmem.ram\[29\]\[11\],35.345
_02635_,35.3
_05075_,35.3
_06202_,35.28
_03834_,35.26
_02649_,35.2
dmem.ram\[54\]\[10\],35.2
dmem.ram\[19\]\[10\],35.18
register_file.registerFile\[3\]\[7\],35.16
_02772_,35.1
_05955_,35.1
_04978_,35.06
net443,35.04
_02779_,35
dmem.ram\[4\]\[7\],34.98
_03510_,34.92
_05931_,34.92
dmem.ram\[52\]\[14\],34.86
instr_mem1.rom\[8\]\[14\],34.82
_03505_,34.8
dmem.ram\[52\]\[11\],34.8
instr_mem1.rom\[5\]\[1\],34.78
dmem.ram\[55\]\[0\],34.76
dmem.ram\[57\]\[15\],34.74
if_id_pipe_reg.PC_Out\[12\],34.74
_04522_,34.72
_05569_,34.72
dmem.ram\[61\]\[15\],34.705
register_file.registerFile\[4\]\[14\],34.7
dmem.ram\[20\]\[6\],34.68
dmem.ram\[46\]\[1\],34.66
dmem.ram\[49\]\[15\],34.66
_03407_,34.6
_05570_,34.56
dmem.ram\[16\]\[8\],34.56
dmem.ram\[52\]\[4\],34.54
net439,34.54
_06987_,34.52
instr_mem1.rom\[2\]\[14\],34.465
dmem.ram\[45\]\[4\],34.42
dmem.ram\[57\]\[13\],34.42
dmem.ram\[7\]\[9\],34.4
instr_mem1.rom\[7\]\[12\],34.4
dmem.ram\[60\]\[7\],34.38
instr_mem1.rom\[5\]\[13\],34.36
dmem.ram\[37\]\[8\],34.315
register_file.registerFile\[6\]\[8\],34.315
_02048_,34.3
_05224_,34.3
ex_mem_pipe_reg.RF_D2_Out\[9\],34.28
_05132_,34.26
_06595_,34.26
dmem.ram\[38\]\[5\],34.26
instr_mem1.rom\[5\]\[12\],34.22
dmem.ram\[29\]\[1\],34.165
rr_ex_pipe_reg.RF_D2_Out\[8\],34.15
net431,34.06
dmem.ram\[50\]\[3\],33.96
clknet_leaf_58_clk,33.96
_03478_,33.92
dmem.ram\[0\]\[10\],33.92
dmem.ram\[58\]\[2\],33.92
_04474_,33.9
_02970_,33.88
_02982_,33.88
_05638_,33.88
la_sa_lm_sm_block.reg_index_lm_sm\[2\],33.835
dmem.ram\[50\]\[10\],33.8
_05124_,33.78
_06994_,33.78
_02882_,33.76
dmem.ram\[41\]\[10\],33.76
ex_mem_pipe_reg.ALU_Result_Out\[0\],33.76
_05539_,33.7
dmem.ram\[20\]\[7\],33.7
_02926_,33.66
dmem.ram\[34\]\[1\],33.66
ex_mem_pipe_reg.RF_D2_Out\[13\],33.64
instr_mem1.rom\[3\]\[1\],33.64
_02252_,33.62
_06256_,33.62
_06408_,33.6
_02144_,33.58
_06358_,33.56
la_sa_lm_sm_block.reg_data_form_id_128\[10\],33.56
rr_ex_pipe_reg.RF_A1_Out\[1\],33.54
if_id_pipe_reg.PC_Out\[9\],33.49
_03470_,33.42
dmem.ram\[27\]\[10\],33.4
dmem.ram\[36\]\[14\],33.38
dmem.ram\[5\]\[4\],33.285
_06812_,33.28
_02135_,33.25
_02987_,33.22
dmem.ram\[51\]\[4\],33.2
_05789_,33.18
dmem.ram\[42\]\[9\],33.18
dmem.ram\[7\]\[2\],33.18
instr_mem1.rom\[7\]\[11\],33.18
_05656_,33.16
_05847_,33.14
dmem.ram\[30\]\[8\],33.13
dmem.ram\[21\]\[8\],33.09
dmem.ram\[0\]\[12\],33.08
rr_ex_pipe_reg.RF_D1_Out\[12\],33.08
clknet_leaf_75_clk,33.08
_03554_,33.06
_04959_,33.06
dmem.ram\[10\]\[0\],33.04
_05147_,33.02
_02862_,33
_02921_,33
dmem.ram\[29\]\[3\],32.965
dmem.ram\[47\]\[15\],32.945
dmem.ram\[43\]\[5\],32.94
_02719_,32.9
if_id_pipe_reg.PC_Out\[11\],32.9
_05673_,32.86
dmem.ram\[56\]\[10\],32.86
_06663_,32.84
dmem.ram\[27\]\[0\],32.805
dmem.ram\[28\]\[11\],32.78
_03545_,32.76
dmem.ram\[52\]\[0\],32.76
dmem.ram\[11\]\[13\],32.745
_06430_,32.74
register_file.registerFile\[3\]\[6\],32.74
_07003_,32.7
dmem.ram\[27\]\[6\],32.68
dmem.ram\[37\]\[12\],32.665
dmem.ram\[22\]\[6\],32.66
dmem.ram\[61\]\[14\],32.625
clknet_leaf_121_clk,32.58
_03204_,32.56
dmem.ram\[18\]\[11\],32.52
dmem.ram\[7\]\[14\],32.52
dmem.ram\[6\]\[10\],32.5
dmem.ram\[4\]\[10\],32.48
dmem.ram\[52\]\[7\],32.48
dmem.ram\[17\]\[9\],32.465
_06924_,32.46
_02076_,32.42
_02585_,32.42
_05163_,32.4
_05756_,32.4
dmem.ram\[6\]\[12\],32.4
dmem.ram\[25\]\[13\],32.385
dmem.ram\[8\]\[9\],32.38
_04470_,32.375
dmem.ram\[14\]\[6\],32.36
dmem.ram\[51\]\[12\],32.36
_05720_,32.34
net408,32.33
instr_mem1.rom\[2\]\[2\],32.325
instr_mem1.rom\[4\]\[11\],32.32
_02836_,32.28
_05589_,32.2
dmem.ram\[46\]\[15\],32.2
rr_ex_pipe_reg.pc_next_out\[6\],32.14
instr_mem1.rom\[15\]\[1\],32.12
dmem.ram\[23\]\[6\],32.065
_06166_,32.045
register_file.registerFile\[6\]\[15\],32.035
register_file.registerFile\[4\]\[12\],32.03
dmem.ram\[37\]\[11\],32.025
dmem.ram\[38\]\[8\],32.02
dmem.ram\[44\]\[9\],32
_04867_,31.96
_05254_,31.96
_05837_,31.96
dmem.ram\[2\]\[5\],31.96
dmem.ram\[45\]\[5\],31.96
dmem.ram\[63\]\[0\],31.96
clknet_leaf_69_clk,31.96
_03219_,31.94
dmem.ram\[28\]\[9\],31.92
clknet_leaf_52_clk,31.88
dmem.ram\[37\]\[5\],31.865
_03363_,31.86
_06315_,31.86
rr_ex_pipe_reg.pc_out\[8\],31.86
_02642_,31.8
id_rr_pipe_reg.instr_out\[6\],31.8
id_rr_pipe_reg.instr_out\[7\],31.8
dmem.ram\[28\]\[6\],31.76
dmem.ram\[54\]\[12\],31.68
dmem.ram\[37\]\[13\],31.665
_02861_,31.66
_03705_,31.66
dmem.ram\[20\]\[12\],31.66
dmem.ram\[42\]\[14\],31.64
_02902_,31.62
_03134_,31.62
_06989_,31.6
dmem.ram\[15\]\[13\],31.58
dmem.ram\[9\]\[4\],31.57
_05585_,31.54
_05863_,31.54
_06689_,31.54
_06877_,31.52
dmem.ram\[30\]\[12\],31.52
_03577_,31.5
dmem.ram\[20\]\[15\],31.5
dmem.ram\[9\]\[3\],31.465
_06259_,31.46
net516,31.42
dmem.ram\[58\]\[5\],31.4
dmem.ram\[22\]\[7\],31.375
_02931_,31.34
_05737_,31.34
dmem.ram\[10\]\[15\],31.32
_05482_,31.3
_05859_,31.3
dmem.ram\[25\]\[7\],31.295
_05241_,31.24
_03360_,31.2
_05276_,31.2
_05803_,31.2
_03308_,31.18
_03516_,31.12
_05321_,31.12
dmem.ram\[44\]\[0\],31.12
dmem.ram\[19\]\[7\],31.06
_05051_,31.05
dmem.ram\[19\]\[15\],31.04
id_rr_pipe_reg.instr_out\[11\],31.04
_05831_,31.02
_03034_,31
_06895_,30.96
dmem.ram\[62\]\[6\],30.94
_03551_,30.92
register_file.registerFile\[0\]\[15\],30.9
clknet_leaf_159_clk,30.88
dmem.ram\[6\]\[15\],30.82
dmem.ram\[6\]\[3\],30.82
_05561_,30.78
_05485_,30.66
_03496_,30.62
dmem.ram\[63\]\[8\],30.605
_03600_,30.6
dmem.ram\[30\]\[9\],30.58
dmem.ram\[49\]\[14\],30.56
_04575_,30.54
dmem.ram\[60\]\[8\],30.54
_02787_,30.52
net27,30.52
dmem.ram\[24\]\[0\],30.5
dmem.ram\[38\]\[2\],30.5
dmem.ram\[31\]\[0\],30.47
dmem.ram\[24\]\[10\],30.42
instr_mem1.rom\[8\]\[3\],30.42
net503,30.42
_04423_,30.38
dmem.ram\[8\]\[6\],30.37
dmem.ram\[12\]\[3\],30.36
dmem.ram\[26\]\[7\],30.34
_04479_,30.33
_06888_,30.32
_05423_,30.3
_05355_,30.285
_02704_,30.28
_04955_,30.26
dmem.ram\[43\]\[9\],30.24
_03181_,30.2
_05825_,30.2
dmem.ram\[62\]\[3\],30.2
net104,30.18
_05557_,30.16
_02643_,30.14
_02067_,30.12
rr_ex_pipe_reg.pc_next_out\[11\],30.12
dmem.ram\[13\]\[2\],30.1
instr_mem1.rom\[3\]\[15\],30.08
_02834_,30.06
dmem.ram\[53\]\[4\],30.06
instr_mem1.rom\[0\]\[0\],30.06
dmem.ram\[12\]\[1\],30.04
dmem.ram\[35\]\[7\],30.04
_05574_,30.02
instr_mem1.rom\[4\]\[7\],30.02
_03428_,29.96
_03464_,29.96
_05793_,29.96
_04666_,29.94
dmem.ram\[6\]\[11\],29.94
net508,29.94
_02735_,29.92
_05760_,29.9
_02108_,29.88
dmem.ram\[36\]\[5\],29.88
_02916_,29.86
_04689_,29.86
_05786_,29.86
instr_mem1.rom\[5\]\[7\],29.82
_03382_,29.78
_03266_,29.74
_06491_,29.72
dmem.ram\[28\]\[5\],29.66
_06157_,29.62
instr_mem1.rom\[4\]\[8\],29.6
dmem.ram\[1\]\[7\],29.55
dmem.ram\[38\]\[12\],29.54
dmem.ram\[61\]\[12\],29.54
dmem.ram\[52\]\[8\],29.52
_02209_,29.48
_05493_,29.48
_03406_,29.44
_06378_,29.41
_02234_,29.4
_04893_,29.4
_05473_,29.38
_05665_,29.36
_06851_,29.36
dmem.ram\[34\]\[0\],29.36
_06929_,29.34
rr_ex_pipe_reg.RF_D2_Out\[3\],29.34
_02157_,29.32
instr_mem1.rom\[13\]\[14\],29.32
_05841_,29.28
_05178_,29.21
dmem.ram\[46\]\[7\],29.2
_02130_,29.16
_02091_,29.12
_05312_,29.12
_06120_,29.08
ex_mem_pipe_reg.ALU_Result_Out\[2\],29.08
_06313_,29.04
dmem.ram\[39\]\[12\],29.04
dmem.ram\[31\]\[12\],29.025
dmem.ram\[60\]\[4\],29
_02700_,28.98
dmem.ram\[24\]\[4\],28.98
dmem.ram\[53\]\[9\],28.98
_04469_,28.96
_05436_,28.96
_05597_,28.94
_06918_,28.94
dmem.ram\[47\]\[9\],28.915
dmem.ram\[61\]\[8\],28.905
_05066_,28.9
_05057_,28.86
_03256_,28.82
rr_ex_pipe_reg.RF_D1_Out\[8\],28.82
dmem.ram\[20\]\[14\],28.78
dmem.ram\[42\]\[5\],28.76
_06856_,28.74
dmem.ram\[62\]\[2\],28.74
dmem.ram\[8\]\[10\],28.72
register_file.registerFile\[6\]\[6\],28.72
net434,28.72
dmem.ram\[14\]\[4\],28.66
dmem.ram\[63\]\[9\],28.645
if_id_pipe_reg.PC_Out\[14\],28.62
dmem.ram\[55\]\[10\],28.605
_06882_,28.6
dmem.ram\[46\]\[14\],28.6
id_rr_pipe_reg.pc_next_out\[11\],28.6
_04688_,28.58
dmem.ram\[24\]\[1\],28.58
register_file.registerFile\[3\]\[4\],28.58
dmem.ram\[25\]\[4\],28.565
dmem.ram\[18\]\[3\],28.54
if_id_pipe_reg.PC_Out\[13\],28.53
dmem.ram\[40\]\[8\],28.5
_05855_,28.46
_05802_,28.38
_03639_,28.36
_05368_,28.36
_05821_,28.36
_05576_,28.28
_07039_,28.28
_02219_,28.26
_05669_,28.2
_05717_,28.2
_04049_,28.18
_02228_,28.175
_05536_,28.14
_03203_,28.12
_07017_,28.1
dmem.ram\[23\]\[15\],28.09
dmem.ram\[14\]\[1\],28.08
_02693_,28.06
_03046_,28.06
dmem.ram\[38\]\[13\],28.06
instr_mem1.rom\[14\]\[14\],28.045
dmem.ram\[2\]\[4\],28.04
_03325_,28.02
_04983_,28.02
_05554_,28.02
dmem.ram\[51\]\[10\],28.02
_06899_,28
dmem.ram\[18\]\[14\],28
instr_mem1.rom\[3\]\[3\],27.98
dmem.ram\[37\]\[6\],27.945
_03588_,27.92
dmem.ram\[61\]\[7\],27.89
dmem.ram\[16\]\[15\],27.88
instr_mem1.rom\[9\]\[12\],27.78
dmem.ram\[63\]\[11\],27.75
dmem.ram\[35\]\[1\],27.74
dmem.ram\[27\]\[7\],27.72
_06592_,27.68
instr_mem1.rom\[2\]\[13\],27.645
dmem.ram\[47\]\[4\],27.625
_03226_,27.62
_06495_,27.62
dmem.ram\[19\]\[14\],27.62
dmem.ram\[8\]\[13\],27.62
instr_mem1.rom\[8\]\[13\],27.62
_03982_,27.6
_05189_,27.6
dmem.ram\[36\]\[1\],27.6
dmem.ram\[8\]\[4\],27.6
dmem.ram\[29\]\[15\],27.585
dmem.ram\[5\]\[2\],27.585
dmem.ram\[6\]\[4\],27.5
dmem.ram\[43\]\[15\],27.48
dmem.ram\[44\]\[3\],27.48
rr_ex_pipe_reg.RF_D2_Out\[4\],27.48
_02938_,27.46
dmem.ram\[11\]\[9\],27.45
_02647_,27.44
_05238_,27.44
_06511_,27.44
instr_mem1.rom\[3\]\[0\],27.44
dmem.ram\[25\]\[0\],27.42
dmem.ram\[39\]\[0\],27.42
dmem.ram\[22\]\[1\],27.4
_02937_,27.36
dmem.ram\[32\]\[2\],27.36
dmem.ram\[3\]\[2\],27.36
dmem.ram\[62\]\[4\],27.34
_06168_,27.32
dmem.ram\[18\]\[13\],27.32
register_file.registerFile\[6\]\[7\],27.315
dmem.ram\[25\]\[3\],27.285
dmem.ram\[18\]\[6\],27.26
dmem.ram\[40\]\[10\],27.26
_05174_,27.24
_03375_,27.22
_06815_,27.22
_02796_,27.2
dmem.ram\[5\]\[15\],27.19
_02868_,27.18
instr_mem1.rom\[10\]\[3\],27.105
_02749_,27.1
_06903_,27.1
_02305_,27.08
_02080_,27.06
net480,27.04
_05278_,27.02
_02550_,27
dmem.ram\[14\]\[8\],27
register_file.registerFile\[3\]\[12\],27
dmem.ram\[11\]\[6\],26.99
dmem.ram\[13\]\[3\],26.99
_06783_,26.98
dmem.ram\[29\]\[10\],26.97
_06392_,26.945
_06982_,26.92
dmem.ram\[0\]\[1\],26.92
ex_mem_pipe_reg.RF_D2_Out\[0\],26.92
_04604_,26.9
dmem.ram\[25\]\[10\],26.885
dmem.ram\[10\]\[5\],26.88
register_file.registerFile\[0\]\[14\],26.88
register_file.registerFile\[4\]\[15\],26.88
net401,26.88
dmem.ram\[2\]\[8\],26.82
rr_ex_pipe_reg.cntrl_out\[9\],26.82
dmem.ram\[7\]\[15\],26.76
dmem.ram\[9\]\[8\],26.73
dmem.ram\[7\]\[1\],26.665
_02191_,26.6
net442,26.6
dmem.ram\[59\]\[0\],26.59
dmem.ram\[12\]\[9\],26.58
dmem.ram\[38\]\[7\],26.58
instr_mem1.rom\[0\]\[11\],26.58
dmem.ram\[16\]\[9\],26.56
dmem.ram\[32\]\[14\],26.56
dmem.ram\[3\]\[0\],26.56
dmem.ram\[43\]\[14\],26.56
dmem.ram\[55\]\[12\],26.56
instr_mem1.rom\[12\]\[11\],26.56
dmem.ram\[40\]\[2\],26.555
_03054_,26.54
_03214_,26.54
dmem.ram\[37\]\[10\],26.485
dmem.ram\[59\]\[2\],26.445
dmem.ram\[0\]\[9\],26.44
dmem.ram\[53\]\[7\],26.44
dmem.ram\[7\]\[13\],26.44
dmem.ram\[39\]\[10\],26.425
_02894_,26.42
dmem.ram\[8\]\[0\],26.42
_03357_,26.4
_05843_,26.36
dmem.ram\[45\]\[7\],26.36
_03412_,26.32
rr_ex_pipe_reg.RF_D1_Out\[9\],26.28
dmem.ram\[28\]\[1\],26.26
_06608_,26.24
_03048_,26.22
_04904_,26.22
_03526_,26.21
_07022_,26.18
_03643_,26.14
_06476_,26.14
dmem.ram\[11\]\[0\],26.14
dmem.ram\[28\]\[12\],26.14
if_id_pipe_reg.PC_Out\[2\],26.14
_05774_,26.06
net500,26.06
_02724_,26.02
_04925_,26.02
_06874_,26.02
la_sa_lm_sm_block.reg_index_lm_sm\[1\],26
_02054_,25.98
instr_mem1.rom\[4\]\[3\],25.92
dmem.ram\[7\]\[8\],25.9
dmem.ram\[3\]\[1\],25.885
net413,25.88
id_rr_pipe_reg.pc_next_out\[15\],25.86
_05019_,25.82
dmem.ram\[59\]\[8\],25.8
ex_mem_pipe_reg.RF_D2_Out\[1\],25.78
_06907_,25.76
_05800_,25.74
register_file.registerFile\[0\]\[12\],25.74
rr_ex_pipe_reg.RF_D2_Out\[2\],25.72
_06478_,25.7
dmem.ram\[18\]\[8\],25.68
dmem.ram\[56\]\[15\],25.68
instr_mem1.rom\[4\]\[2\],25.68
net388,25.68
dmem.ram\[35\]\[2\],25.66
_02739_,25.64
_03697_,25.64
_04825_,25.64
_06847_,25.64
dmem.ram\[60\]\[10\],25.64
rr_ex_pipe_reg.pc_out\[11\],25.64
_03318_,25.62
_05776_,25.62
_02129_,25.58
_06461_,25.58
_02898_,25.56
_03044_,25.56
dmem.ram\[0\]\[14\],25.56
_02032_,25.52
_03556_,25.52
_06665_,25.52
dmem.ram\[38\]\[9\],25.52
dmem.ram\[20\]\[8\],25.5
_02725_,25.48
_04442_,25.48
dmem.ram\[55\]\[4\],25.465
dmem.ram\[25\]\[1\],25.43
_03188_,25.395
dmem.ram\[23\]\[10\],25.39
dmem.ram\[3\]\[6\],25.385
_03292_,25.38
_05807_,25.36
net372,25.36
_04465_,25.34
instr_mem1.rom\[0\]\[15\],25.34
dmem.ram\[46\]\[9\],25.32
dmem.ram\[55\]\[11\],25.305
rr_ex_pipe_reg.pc_out\[7\],25.3
net402,25.26
dmem.ram\[9\]\[13\],25.245
_03790_,25.24
net590,25.24
_02714_,25.22
_03001_,25.22
_03389_,25.22
dmem.ram\[2\]\[1\],25.22
dmem.ram\[4\]\[5\],25.22
ex_mem_pipe_reg.RF_D1_Out\[0\],25.22
dmem.ram\[20\]\[0\],25.21
dmem.ram\[4\]\[15\],25.2
_03392_,25.18
dmem.ram\[2\]\[9\],25.18
_04717_,25.16
dmem.ram\[29\]\[9\],25.15
dmem.ram\[3\]\[8\],25.15
_02991_,25.14
dmem.ram\[3\]\[3\],25.14
dmem.ram\[1\]\[10\],25.125
_02551_,25.12
dmem.ram\[14\]\[13\],25.12
ex_mem_pipe_reg.RF_D2_Out\[4\],25.12
dmem.ram\[18\]\[4\],25.11
dmem.ram\[23\]\[5\],25.09
instr_mem1.rom\[6\]\[2\],25.085
_03337_,25.06
dmem.ram\[52\]\[10\],25.06
_03193_,25.04
_05207_,25.04
dmem.ram\[8\]\[5\],25.04
dmem.ram\[62\]\[5\],25
_05734_,24.98
dmem.ram\[16\]\[4\],24.98
instr_mem1.rom\[14\]\[0\],24.965
rr_ex_pipe_reg.instr_out\[14\],24.96
_04982_,24.92
dmem.ram\[47\]\[3\],24.88
dmem.ram\[11\]\[12\],24.865
_03022_,24.84
_06872_,24.84
dmem.ram\[24\]\[15\],24.82
_04487_,24.78
_06281_,24.76
dmem.ram\[34\]\[5\],24.76
dmem.ram\[1\]\[9\],24.745
dmem.ram\[25\]\[9\],24.745
_06603_,24.74
dmem.ram\[42\]\[15\],24.72
dmem.ram\[4\]\[14\],24.72
_05769_,24.7
dmem.ram\[29\]\[14\],24.685
_05749_,24.66
instr_mem1.rom\[11\]\[10\],24.64
rr_ex_pipe_reg.cntrl_out\[3\],24.64
_04480_,24.62
dmem.ram\[29\]\[5\],24.605
_02774_,24.58
_04813_,24.58
dmem.ram\[58\]\[3\],24.56
_06752_,24.54
_07034_,24.54
_04422_,24.52
_06393_,24.51
dmem.ram\[14\]\[11\],24.5
_04995_,24.48
_02588_,24.46
_07037_,24.46
dmem.ram\[2\]\[11\],24.46
dmem.ram\[46\]\[4\],24.46
instr_mem1.rom\[1\]\[13\],24.42
_02721_,24.4
dmem.ram\[52\]\[1\],24.4
ex_mem_pipe_reg.ALU_Result_Out\[1\],24.4
_05064_,24.38
ex_mem_pipe_reg.RF_D2_Out\[7\],24.36
_06416_,24.32
dmem.ram\[39\]\[4\],24.305
dmem.ram\[8\]\[15\],24.3
instr_mem1.rom\[5\]\[3\],24.29
_02829_,24.28
dmem.ram\[9\]\[14\],24.265
_05797_,24.26
_05346_,24.22
if_id_pipe_reg.PC_Out\[7\],24.22
dmem.ram\[3\]\[5\],24.205
_06452_,24.2
ex_mem_pipe_reg.ALU_Result_Out\[4\],24.18
_02694_,24.16
dmem.ram\[0\]\[5\],24.16
la_sa_lm_sm_block.reg_data_form_id_128\[81\],24.16
dmem.ram\[62\]\[0\],24.14
instr_mem1.rom\[6\]\[11\],24.125
_02768_,24.12
if_id_pipe_reg.PC_Out\[10\],24.12
dmem.ram\[31\]\[11\],24.105
dmem.ram\[6\]\[13\],24.1
dmem.ram\[54\]\[14\],24.08
dmem.ram\[23\]\[3\],24.06
_04585_,24.04
dmem.ram\[20\]\[3\],24.04
dmem.ram\[15\]\[12\],23.99
dmem.ram\[37\]\[4\],23.965
_02623_,23.96
_05518_,23.96
_02879_,23.92
dmem.ram\[2\]\[2\],23.92
_06333_,23.9
rr_ex_pipe_reg.RF_D1_Out\[11\],23.88
net416,23.88
dmem.ram\[13\]\[7\],23.845
_06863_,23.82
instr_mem1.rom\[13\]\[13\],23.82
dmem.ram\[8\]\[8\],23.8
_03167_,23.78
_05753_,23.78
_05772_,23.78
_06517_,23.78
instr_mem1.rom\[14\]\[13\],23.745
dmem.ram\[26\]\[8\],23.74
dmem.ram\[49\]\[5\],23.74
_02883_,23.72
_05781_,23.72
dmem.ram\[34\]\[4\],23.72
_05738_,23.68
dmem.ram\[28\]\[0\],23.68
dmem.ram\[41\]\[9\],23.68
dmem.ram\[8\]\[3\],23.68
dmem.ram\[9\]\[5\],23.67
_06839_,23.66
instr_mem1.rom\[4\]\[1\],23.66
_06600_,23.62
dmem.ram\[53\]\[15\],23.62
dmem.ram\[60\]\[12\],23.62
_02519_,23.58
_03547_,23.58
net417,23.58
instr_mem1.rom\[10\]\[14\],23.53
register_file.registerFile\[2\]\[4\],23.525
_06009_,23.52
instr_mem1.rom\[1\]\[12\],23.52
_04614_,23.515
_03423_,23.5
_06001_,23.5
dmem.ram\[53\]\[3\],23.5
net549,23.49
_02621_,23.48
_06958_,23.48
_03040_,23.46
_05575_,23.46
dmem.ram\[36\]\[8\],23.46
dmem.ram\[59\]\[5\],23.46
dmem.ram\[32\]\[12\],23.44
dmem.ram\[11\]\[11\],23.425
dmem.ram\[0\]\[11\],23.4
ex_mem_pipe_reg.RF_D2_Out\[3\],23.4
_03233_,23.38
_05612_,23.38
dmem.ram\[39\]\[6\],23.365
dmem.ram\[54\]\[8\],23.36
dmem.ram\[44\]\[6\],23.34
dmem.ram\[7\]\[5\],23.34
_05190_,23.3
_02942_,23.28
_06931_,23.28
dmem.ram\[22\]\[15\],23.22
_05764_,23.2
dmem.ram\[44\]\[11\],23.2
dmem.ram\[0\]\[4\],23.16
net358,23.16
_05506_,23.15
_02115_,23.14
dmem.ram\[8\]\[12\],23.14
_02903_,23.12
dmem.ram\[14\]\[9\],23.1
_03007_,23.08
_06008_,23.08
_06427_,23.06
_02767_,23.04
instr_mem1.rom\[4\]\[6\],23.04
_03086_,23
_04564_,23
_06334_,23
dmem.ram\[63\]\[6\],22.985
dmem.ram\[28\]\[8\],22.97
dmem.ram\[63\]\[7\],22.965
net511,22.96
_02848_,22.94
_02246_,22.92
dmem.ram\[27\]\[8\],22.92
dmem.ram\[2\]\[12\],22.92
dmem.ram\[0\]\[15\],22.9
dmem.ram\[35\]\[0\],22.88
dmem.ram\[52\]\[3\],22.86
_06072_,22.84
dmem.ram\[30\]\[2\],22.84
dmem.ram\[8\]\[11\],22.84
_01968_,22.82
_04901_,22.82
dmem.ram\[7\]\[7\],22.82
dmem.ram\[19\]\[1\],22.81
instr_mem1.rom\[4\]\[5\],22.8
_03415_,22.78
dmem.ram\[41\]\[6\],22.78
_03530_,22.74
_06483_,22.74
net377,22.74
_02999_,22.72
_06694_,22.72
dmem.ram\[23\]\[12\],22.7
instr_mem1.rom\[8\]\[2\],22.7
dmem.ram\[7\]\[3\],22.695
dmem.ram\[25\]\[2\],22.685
_05644_,22.68
dmem.ram\[2\]\[10\],22.68
rr_ex_pipe_reg.pc_out\[0\],22.68
_02843_,22.66
_02096_,22.64
dmem.ram\[19\]\[2\],22.625
dmem.ram\[21\]\[5\],22.625
dmem.ram\[29\]\[6\],22.625
_03869_,22.62
_06968_,22.62
dmem.ram\[14\]\[12\],22.62
_06266_,22.6
net427,22.6
_02046_,22.55
dmem.ram\[22\]\[9\],22.54
dmem.ram\[37\]\[9\],22.525
dmem.ram\[25\]\[15\],22.505
_03841_,22.5
_05338_,22.5
_06813_,22.5
rr_ex_pipe_reg.RF_D2_Out\[5\],22.5
dmem.ram\[58\]\[10\],22.44
dmem.ram\[27\]\[2\],22.39
dmem.ram\[37\]\[7\],22.385
_05568_,22.38
_06962_,22.36
dmem.ram\[11\]\[10\],22.3
_03051_,22.28
_03401_,22.28
dmem.ram\[36\]\[3\],22.26
dmem.ram\[2\]\[7\],22.25
_03311_,22.24
_06426_,22.24
dmem.ram\[15\]\[15\],22.24
_05563_,22.2
dmem.ram\[60\]\[3\],22.2
_04701_,22.18
_03774_,22.16
_06515_,22.16
dmem.ram\[62\]\[15\],22.14
net650,22.12
_02977_,22.1
dmem.ram\[32\]\[9\],22.09
_06575_,22.08
_05708_,22.06
dmem.ram\[0\]\[7\],22.06
dmem.ram\[49\]\[10\],22.05
dmem.ram\[4\]\[2\],22.02
id_rr_pipe_reg.instr_out\[8\],22.015
_02306_,21.96
dmem.ram\[13\]\[0\],21.96
instr_mem1.rom\[8\]\[11\],21.96
_05177_,21.95
_06505_,21.94
dmem.ram\[31\]\[6\],21.85
dmem.ram\[39\]\[3\],21.85
_06401_,21.84
_02801_,21.82
_05701_,21.82
_06816_,21.82
dmem.ram\[62\]\[7\],21.82
dmem.ram\[63\]\[10\],21.805
_05674_,21.78
dmem.ram\[34\]\[8\],21.78
_03223_,21.74
dmem.ram\[42\]\[3\],21.74
_02162_,21.72
dmem.ram\[16\]\[3\],21.72
dmem.ram\[6\]\[0\],21.72
rr_ex_pipe_reg.pc_next_out\[12\],21.715
_05779_,21.7
_02887_,21.68
dmem.ram\[33\]\[13\],21.66
_01697_,21.645
dmem.ram\[6\]\[1\],21.64
dmem.ram\[7\]\[0\],21.62
rr_ex_pipe_reg.RF_A1_Out\[0\],21.62
_03138_,21.6
instr_mem1.rom\[5\]\[6\],21.6
_02993_,21.58
dmem.ram\[24\]\[3\],21.58
ex_mem_pipe_reg.RF_D2_Out\[6\],21.58
dmem.ram\[2\]\[13\],21.54
instr_mem1.rom\[6\]\[8\],21.525
dmem.ram\[60\]\[14\],21.52
instr_mem1.rom\[8\]\[1\],21.52
dmem.ram\[61\]\[1\],21.49
net233,21.48
dmem.ram\[49\]\[4\],21.46
dmem.ram\[9\]\[12\],21.425
dmem.ram\[30\]\[7\],21.42
dmem.ram\[36\]\[0\],21.42
_05199_,21.4
_07270_,21.4
_02155_,21.38
_04053_,21.38
_04613_,21.38
_05006_,21.38
_02255_,21.36
_06388_,21.36
dmem.ram\[61\]\[11\],21.35
dmem.ram\[30\]\[10\],21.32
dmem.ram\[32\]\[10\],21.32
dmem.ram\[62\]\[13\],21.32
dmem.ram\[32\]\[8\],21.3
dmem.ram\[42\]\[8\],21.29
_06370_,21.28
instr_mem1.rom\[2\]\[9\],21.265
dmem.ram\[4\]\[8\],21.26
net424,21.26
_03245_,21.24
_03370_,21.24
_06343_,21.24
_06002_,21.22
_06288_,21.22
dmem.ram\[33\]\[9\],21.22
dmem.ram\[42\]\[12\],21.22
dmem.ram\[7\]\[10\],21.22
dmem.ram\[62\]\[1\],21.21
_04745_,21.2
_04951_,21.2
_05196_,21.2
dmem.ram\[57\]\[10\],21.2
la_sa_lm_sm_block.reg_data_form_id_128\[71\],21.2
dmem.ram\[24\]\[2\],21.18
dmem.ram\[4\]\[6\],21.18
dmem.ram\[33\]\[12\],21.16
dmem.ram\[1\]\[2\],21.125
_03210_,21.12
_05548_,21.12
dmem.ram\[53\]\[1\],21.12
if_id_pipe_reg.PC_Out\[3\],21.12
dmem.ram\[23\]\[0\],21.1
_04441_,21.09
dmem.ram\[15\]\[10\],21.08
dmem.ram\[31\]\[3\],21.08
_05494_,21.06
dmem.ram\[26\]\[3\],21.06
_03101_,21.04
dmem.ram\[24\]\[12\],21.04
dmem.ram\[16\]\[11\],21.02
dmem.ram\[40\]\[4\],21.02
dmem.ram\[13\]\[6\],21.01
_00531_,21.005
_03350_,20.98
instr_mem1.rom\[9\]\[13\],20.98
net270,20.98
dmem.ram\[19\]\[0\],20.965
dmem.ram\[21\]\[1\],20.965
_02907_,20.96
_04554_,20.94
_05727_,20.92
_06587_,20.92
dmem.ram\[15\]\[3\],20.92
dmem.ram\[16\]\[7\],20.92
dmem.ram\[2\]\[14\],20.9
dmem.ram\[39\]\[13\],20.865
_03559_,20.86
_01054_,20.845
instr_mem1.rom\[3\]\[6\],20.84
rr_ex_pipe_reg.RF_D2_Out\[1\],20.84
_05214_,20.82
_06384_,20.82
dmem.ram\[15\]\[14\],20.82
dmem.ram\[17\]\[12\],20.81
_02630_,20.8
_05511_,20.8
_05652_,20.8
dmem.ram\[33\]\[15\],20.8
net1071,20.8
instr_mem1.rom\[10\]\[8\],20.79
_04716_,20.78
_05705_,20.78
_01695_,20.765
_05693_,20.76
instr_mem1.rom\[7\]\[10\],20.76
_02791_,20.74
dmem.ram\[14\]\[3\],20.7
dmem.ram\[16\]\[12\],20.7
_05744_,20.68
_06121_,20.62
dmem.ram\[22\]\[8\],20.62
dmem.ram\[35\]\[5\],20.6
dmem.ram\[1\]\[5\],20.585
dmem.ram\[25\]\[14\],20.585
_06966_,20.56
dmem.ram\[8\]\[7\],20.56
net1667,20.56
_03567_,20.54
_05316_,20.54
_05687_,20.54
_06512_,20.54
_02168_,20.52
_02176_,20.52
_02728_,20.52
_06947_,20.52
dmem.ram\[19\]\[6\],20.52
dmem.ram\[43\]\[7\],20.5
instr_mem1.rom\[6\]\[3\],20.485
_02109_,20.46
dmem.ram\[57\]\[11\],20.46
net561,20.46
_06447_,20.42
dmem.ram\[60\]\[1\],20.4
instr_mem1.rom\[8\]\[10\],20.4
net393,20.38
dmem.ram\[17\]\[13\],20.365
dmem.ram\[1\]\[14\],20.365
dmem.ram\[23\]\[11\],20.365
dmem.ram\[9\]\[11\],20.365
_03275_,20.36
dmem.ram\[36\]\[12\],20.36
_04823_,20.32
dmem.ram\[4\]\[12\],20.32
dmem.ram\[56\]\[9\],20.3
rr_ex_pipe_reg.RF_D2_Out\[13\],20.3
instr_mem1.rom\[10\]\[13\],20.285
_02023_,20.28
_02404_,20.26
_06282_,20.26
dmem.ram\[22\]\[10\],20.26
dmem.ram\[47\]\[7\],20.26
instr_mem1.rom\[11\]\[11\],20.26
dmem.ram\[11\]\[8\],20.245
dmem.ram\[46\]\[3\],20.24
dmem.ram\[18\]\[1\],20.23
register_file.registerFile\[4\]\[8\],20.21
_05631_,20.2
la_sa_lm_sm_block.reg_data_form_id_128\[2\],20.2
dmem.ram\[9\]\[10\],20.165
dmem.ram\[59\]\[13\],20.16
dmem.ram\[14\]\[15\],20.14
_06445_,20.12
dmem.ram\[26\]\[6\],20.08
net499,20.08
_05957_,20.02
instr_mem1.rom\[4\]\[9\],20.02
rr_ex_pipe_reg.cntrl_out\[1\],20.015
dmem.ram\[36\]\[9\],20.01
dmem.ram\[62\]\[8\],20
net396,20
instr_mem1.rom\[2\]\[3\],19.985
_06425_,19.965
dmem.ram\[23\]\[14\],19.965
dmem.ram\[25\]\[12\],19.945
dmem.ram\[18\]\[10\],19.94
_02918_,19.92
dmem.ram\[16\]\[13\],19.9
_06787_,19.88
rr_ex_pipe_reg.pc_out\[4\],19.88
dmem.ram\[52\]\[5\],19.82
dmem.ram\[31\]\[8\],19.81
_00758_,19.805
_01270_,19.805
dmem.ram\[10\]\[8\],19.8
dmem.ram\[57\]\[9\],19.8
_03535_,19.78
_04615_,19.78
_05092_,19.74
_06243_,19.74
dmem.ram\[8\]\[2\],19.74
dmem.ram\[11\]\[3\],19.72
net283,19.72
dmem.ram\[5\]\[10\],19.705
instr_mem1.rom\[0\]\[10\],19.7
_05808_,19.68
instr_mem1.rom\[12\]\[6\],19.68
dmem.ram\[5\]\[0\],19.665
_05876_,19.66
instr_mem1.rom\[12\]\[9\],19.66
_05512_,19.64
instr_mem1.rom\[6\]\[10\],19.625
_03623_,19.62
_01492_,19.6
_06630_,19.6
ex_mem_pipe_reg.RF_D1_Out\[5\],19.6
dmem.ram\[32\]\[6\],19.58
dmem.ram\[3\]\[15\],19.565
_02910_,19.54
net294,19.54
net1668,19.54
dmem.ram\[1\]\[11\],19.535
_02775_,19.52
_06489_,19.52
dmem.ram\[33\]\[5\],19.52
dmem.ram\[44\]\[5\],19.52
dmem.ram\[15\]\[8\],19.5
instr_mem1.rom\[0\]\[9\],19.5
instr_mem1.rom\[12\]\[15\],19.5
_02582_,19.48
dmem.ram\[19\]\[5\],19.48
dmem.ram\[13\]\[10\],19.46
_05742_,19.44
dmem.ram\[44\]\[13\],19.44
instr_mem1.rom\[15\]\[12\],19.44
la_sa_lm_sm_block.reg_index_lm_sm\[0\],19.41
dmem.ram\[18\]\[9\],19.4
dmem.ram\[43\]\[4\],19.4
instr_mem1.rom\[8\]\[0\],19.38
net405,19.38
_03316_,19.36
dmem.ram\[34\]\[7\],19.36
dmem.ram\[59\]\[6\],19.36
instr_mem1.rom\[0\]\[4\],19.36
instr_mem1.rom\[1\]\[9\],19.36
rr_ex_pipe_reg.instr_out\[9\],19.34
_02828_,19.32
_05195_,19.32
dmem.ram\[22\]\[13\],19.32
dmem.ram\[36\]\[2\],19.32
net274,19.32
dmem.ram\[55\]\[9\],19.31
_06345_,19.3
dmem.ram\[44\]\[2\],19.3
net407,19.3
_03285_,19.28
_06612_,19.28
dmem.ram\[15\]\[11\],19.28
rr_ex_pipe_reg.pc_next_out\[5\],19.28
instr_mem1.rom\[9\]\[14\],19.26
instr_mem1.rom\[9\]\[2\],19.26
instr_mem1.rom\[0\]\[2\],19.24
instr_mem1.rom\[15\]\[2\],19.24
dmem.ram\[31\]\[10\],19.23
instr_mem1.rom\[9\]\[10\],19.22
_04560_,19.2
_04797_,19.2
_06936_,19.2
dmem.ram\[20\]\[1\],19.2
instr_mem1.rom\[9\]\[9\],19.2
_06977_,19.18
dmem.ram\[36\]\[7\],19.18
dmem.ram\[42\]\[2\],19.16
dmem.ram\[43\]\[8\],19.16
net937,19.14
alu_control.reg_write_enable_in,19.12
net605,19.1
dmem.ram\[1\]\[6\],19.085
dmem.ram\[57\]\[7\],19.08
dmem.ram\[7\]\[12\],19.08
rr_ex_pipe_reg.instr_out\[12\],19.08
net689,19.08
_06287_,19.04
dmem.ram\[40\]\[5\],19.04
instr_mem1.rom\[15\]\[11\],19.02
dmem.ram\[49\]\[1\],19
_06272_,18.995
la_sa_lm_sm_block.reg_data_form_id_128\[25\],18.985
dmem.ram\[5\]\[6\],18.97
dmem.ram\[58\]\[1\],18.96
instr_mem1.rom\[3\]\[13\],18.96
instr_mem1.rom\[4\]\[10\],18.96
_03683_,18.92
_03262_,18.9
instr_mem1.rom\[9\]\[4\],18.9
net370,18.9
dmem.ram\[59\]\[9\],18.88
dmem.ram\[1\]\[12\],18.865
dmem.ram\[12\]\[13\],18.86
_03772_,18.84
_03853_,18.84
_05796_,18.84
_05735_,18.82
_06508_,18.82
dmem.ram\[44\]\[4\],18.82
dmem.ram\[6\]\[7\],18.82
_02581_,18.8
instr_mem1.rom\[1\]\[10\],18.8
instr_mem1.rom\[8\]\[6\],18.78
net474,18.78
_02125_,18.76
net459,18.74
dmem.ram\[30\]\[13\],18.72
instr_mem1.rom\[6\]\[14\],18.705
dmem.ram\[0\]\[13\],18.7
dmem.ram\[21\]\[3\],18.665
dmem.ram\[39\]\[15\],18.665
dmem.ram\[62\]\[11\],18.66
dmem.ram\[44\]\[15\],18.64
_00617_,18.625
_05221_,18.62
_06811_,18.62
net404,18.62
_06386_,18.61
_05259_,18.6
_07009_,18.6
_00771_,18.525
_04894_,18.52
_05265_,18.52
dmem.ram\[63\]\[3\],18.52
net22,18.52
_06499_,18.5
_06560_,18.5
dmem.ram\[56\]\[12\],18.5
_01550_,18.48
dmem.ram\[16\]\[10\],18.48
dmem.ram\[31\]\[1\],18.48
net409,18.48
_02277_,18.46
dmem.ram\[27\]\[3\],18.445
instr_mem1.rom\[13\]\[15\],18.44
instr_mem1.rom\[14\]\[4\],18.425
dmem.ram\[0\]\[2\],18.4
dmem.ram\[32\]\[7\],18.4
_00754_,18.385
_06834_,18.38
dmem.ram\[23\]\[1\],18.38
net369,18.36
dmem.ram\[32\]\[11\],18.34
_01642_,18.325
dmem.ram\[9\]\[6\],18.325
_03207_,18.32
dmem.ram\[32\]\[13\],18.32
rr_ex_pipe_reg.cntrl_out\[0\],18.32
_03985_,18.28
_06862_,18.28
dmem.ram\[26\]\[0\],18.28
_02935_,18.26
_06646_,18.26
dmem.ram\[2\]\[3\],18.26
net414,18.26
dmem.ram\[11\]\[2\],18.24
dmem.ram\[44\]\[8\],18.24
net178,18.24
net1293,18.24
_05503_,18.22
dmem.ram\[35\]\[13\],18.22
dmem.ram\[31\]\[7\],18.205
_02710_,18.2
dmem.ram\[30\]\[11\],18.2
_06654_,18.18
dmem.ram\[16\]\[14\],18.16
dmem.ram\[63\]\[14\],18.155
_06506_,18.14
dmem.ram\[26\]\[2\],18.14
_03326_,18.12
dmem.ram\[4\]\[4\],18.12
dmem.ram\[16\]\[0\],18.11
_04856_,18.1
_06446_,18.1
dmem.ram\[43\]\[3\],18.1
dmem.ram\[53\]\[11\],18.1
dmem.ram\[5\]\[8\],18.09
_04290_,18.08
_07252_,18.08
dmem.ram\[35\]\[8\],18.08
instr_mem1.rom\[4\]\[0\],18.08
dmem.ram\[3\]\[14\],18.065
_03500_,18.06
dmem.ram\[23\]\[7\],18.045
net421,18.04
_02119_,18.02
instr_mem1.rom\[12\]\[1\],18.02
rr_ex_pipe_reg.RF_D2_Out\[6\],18.02
net317,18.02
_07029_,18
_05220_,17.99
dmem.ram\[9\]\[2\],17.985
_06485_,17.98
instr_mem1.rom\[9\]\[3\],17.98
dmem.ram\[1\]\[1\],17.97
rr_ex_pipe_reg.pc_out\[10\],17.96
_02249_,17.94
_05827_,17.94
_02128_,17.92
dmem.ram\[23\]\[9\],17.905
_03243_,17.9
dmem.ram\[31\]\[2\],17.9
dmem.ram\[4\]\[0\],17.88
dmem.ram\[54\]\[9\],17.88
_00743_,17.865
_02104_,17.86
_02403_,17.86
dmem.ram\[60\]\[15\],17.86
net366,17.86
dmem.ram\[38\]\[4\],17.84
_06249_,17.78
dmem.ram\[40\]\[11\],17.78
instr_mem1.rom\[2\]\[8\],17.77
_01969_,17.76
_02831_,17.76
instr_mem1.rom\[0\]\[7\],17.76
dmem.ram\[60\]\[13\],17.74
dmem.ram\[62\]\[9\],17.73
_00747_,17.725
_02819_,17.72
dmem.ram\[38\]\[6\],17.72
instr_mem1.rom\[12\]\[7\],17.72
instr_mem1.rom\[8\]\[8\],17.72
_04416_,17.7
_06404_,17.7
dmem.ram\[36\]\[10\],17.7
_02936_,17.68
_05730_,17.68
net386,17.68
dmem.ram\[32\]\[1\],17.66
dmem.ram\[36\]\[6\],17.66
_04664_,17.65
rr_ex_pipe_reg.instr_out\[13\],17.65
instr_mem1.rom\[10\]\[5\],17.645
_02946_,17.64
_02097_,17.62
_04486_,17.62
_03411_,17.6
_05874_,17.6
if_id_pipe_reg.PC_Next_Out\[2\],17.6
_05498_,17.59
_06784_,17.58
dmem.ram\[5\]\[14\],17.565
_06667_,17.56
instr_mem1.rom\[0\]\[6\],17.56
instr_mem1.rom\[12\]\[10\],17.56
instr_mem1.rom\[14\]\[5\],17.545
_03327_,17.54
_05117_,17.52
_05236_,17.52
_06679_,17.52
dmem.ram\[32\]\[0\],17.52
la_sa_lm_sm_block.reg_data_form_id_128\[29\],17.505
net463,17.5
_00702_,17.48
_02060_,17.48
instr_mem1.rom\[15\]\[3\],17.48
dmem.ram\[1\]\[0\],17.465
_05848_,17.46
_06861_,17.42
_00757_,17.405
net493,17.4
dmem.ram\[20\]\[10\],17.38
_01982_,17.36
dmem.ram\[14\]\[14\],17.36
dmem.ram\[33\]\[2\],17.36
_02213_,17.35
_02145_,17.34
net1665,17.34
_06317_,17.32
_06494_,17.32
_01994_,17.3
net528,17.3
net542,17.3
net1264,17.3
dmem.ram\[9\]\[7\],17.295
_02330_,17.28
_03422_,17.28
dmem.ram\[57\]\[12\],17.28
dmem.ram\[63\]\[1\],17.28
net554,17.28
dmem.ram\[11\]\[15\],17.225
_05755_,17.22
dmem.ram\[39\]\[5\],17.21
_06850_,17.2
net485,17.2
instr_mem1.rom\[10\]\[15\],17.185
instr_mem1.rom\[10\]\[2\],17.185
_02745_,17.18
_04226_,17.18
_05435_,17.18
_06695_,17.12
dmem.ram\[15\]\[6\],17.12
net473,17.12
dmem.ram\[18\]\[0\],17.115
dmem.ram\[21\]\[6\],17.115
dmem.ram\[43\]\[0\],17.1
dmem.ram\[21\]\[4\],17.085
instr_mem1.rom\[1\]\[4\],17.08
_06555_,17.06
dmem.ram\[40\]\[0\],17.06
dmem.ram\[54\]\[13\],17.06
instr_mem1.rom\[8\]\[15\],17.06
dmem.ram\[31\]\[14\],17.045
_04989_,17.02
_05969_,17.02
net64,17.02
_06472_,16.98
dmem.ram\[15\]\[9\],16.98
net572,16.98
_06479_,16.96
dmem.ram\[15\]\[4\],16.96
dmem.ram\[42\]\[11\],16.96
_05090_,16.94
dmem.ram\[0\]\[3\],16.94
_00778_,16.925
_01692_,16.925
_02265_,16.9
dmem.ram\[27\]\[9\],16.9
dmem.ram\[61\]\[10\],16.885
_01544_,16.88
_04996_,16.88
_06273_,16.86
dmem.ram\[30\]\[15\],16.86
dmem.ram\[30\]\[4\],16.86
rr_ex_pipe_reg.pc_out\[3\],16.86
net529,16.86
dmem.ram\[29\]\[8\],16.855
_00380_,16.825
dmem.ram\[59\]\[1\],16.825
_02085_,16.82
_03366_,16.8
_06475_,16.78
instr_mem1.rom\[12\]\[5\],16.78
_05229_,16.76
_05426_,16.76
_06429_,16.76
net212,16.76
net460,16.76
net1669,16.76
_02062_,16.74
instr_mem1.rom\[8\]\[4\],16.74
net436,16.74
dmem.ram\[55\]\[8\],16.725
_03486_,16.72
_04889_,16.72
_06100_,16.72
dmem.ram\[31\]\[13\],16.72
dmem.ram\[1\]\[13\],16.705
instr_mem1.rom\[1\]\[6\],16.7
_01547_,16.68
_05663_,16.68
_06248_,16.66
dmem.ram\[20\]\[11\],16.66
dmem.ram\[28\]\[10\],16.66
dmem.ram\[8\]\[14\],16.66
net1344,16.66
_02197_,16.65
_02840_,16.64
_02880_,16.64
dmem.ram\[12\]\[8\],16.64
instr_mem1.rom\[11\]\[0\],16.64
_02245_,16.62
dmem.ram\[56\]\[13\],16.62
net394,16.62
_03474_,16.6
_05216_,16.6
_05433_,16.6
_05670_,16.6
_06029_,16.6
instr_mem1.rom\[0\]\[8\],16.6
net643,16.6
_00958_,16.585
net1046,16.58
_02893_,16.56
_03154_,16.56
_06934_,16.56
net246,16.56
net256,16.56
_04849_,16.55
dmem.ram\[29\]\[12\],16.545
dmem.ram\[19\]\[4\],16.54
_06260_,16.52
_07010_,16.52
dmem.ram\[2\]\[15\],16.52
net1156,16.52
net962,16.5
_04817_,16.48
dmem.ram\[3\]\[12\],16.445
_05903_,16.44
_06708_,16.44
_00506_,16.425
_05541_,16.41
instr_mem1.rom\[6\]\[13\],16.405
dmem.ram\[29\]\[0\],16.385
dmem.ram\[39\]\[8\],16.385
rr_ex_pipe_reg.RF_D1_Out\[2\],16.38
net908,16.38
instr_mem1.rom\[14\]\[15\],16.37
dmem.ram\[13\]\[9\],16.365
_02716_,16.34
dmem.ram\[30\]\[1\],16.34
net262,16.34
_03059_,16.32
_06802_,16.32
_02151_,16.3
_04972_,16.3
_05081_,16.3
_05839_,16.3
_05994_,16.3
clknet_leaf_28_clk,16.28
_06451_,16.26
dmem.ram\[57\]\[14\],16.26
rr_ex_pipe_reg.RF_D2_Out\[0\],16.26
net336,16.26
dmem.ram\[36\]\[4\],16.24
_04807_,16.22
_05470_,16.22
dmem.ram\[22\]\[14\],16.22
dmem.ram\[41\]\[1\],16.22
_06344_,16.2
ex_mem_pipe_reg.RF_D2_Out\[2\],16.2
_07251_,16.18
dmem.ram\[34\]\[14\],16.18
_06865_,16.16
dmem.ram\[34\]\[6\],16.16
net374,16.16
instr_mem1.rom\[10\]\[12\],16.145
_02665_,16.14
_05112_,16.14
_06353_,16.14
dmem.ram\[24\]\[13\],16.14
dmem.ram\[60\]\[0\],16.14
instr_mem1.rom\[10\]\[7\],16.13
dmem.ram\[63\]\[13\],16.11
dmem.ram\[58\]\[7\],16.1
dmem.ram\[5\]\[3\],16.085
_02651_,16.08
_03002_,16.06
_05910_,16.06
dmem.ram\[53\]\[10\],16.06
instr_mem1.rom\[13\]\[3\],16.04
dmem.ram\[13\]\[11\],16.025
dmem.ram\[32\]\[4\],16.02
dmem.ram\[33\]\[3\],16.02
net556,16.02
_02763_,16
net419,16
_03788_,15.98
_03901_,15.98
dmem.ram\[4\]\[1\],15.98
_04775_,15.96
net390,15.94
net505,15.94
dmem.ram\[39\]\[1\],15.925
dmem.ram\[4\]\[3\],15.92
_00837_,15.905
_00843_,15.905
dmem.ram\[33\]\[1\],15.9
dmem.ram\[7\]\[4\],15.9
_02211_,15.895
_06463_,15.885
dmem.ram\[9\]\[0\],15.865
dmem.ram\[24\]\[8\],15.86
_00693_,15.845
_05619_,15.84
_05622_,15.84
net181,15.84
net932,15.84
instr_mem1.rom\[12\]\[8\],15.82
net441,15.82
net663,15.82
dmem.ram\[35\]\[9\],15.8
if_id_pipe_reg.PC_Out\[0\],15.8
net989,15.8
_02394_,15.78
instr_mem1.rom\[9\]\[1\],15.78
net333,15.78
_05119_,15.76
_05159_,15.76
_06531_,15.76
dmem.ram\[58\]\[9\],15.76
debug_reg_data[9],15.74
_01236_,15.725
dmem.ram\[13\]\[8\],15.725
_06985_,15.72
dmem.ram\[32\]\[15\],15.72
_06122_,15.68
_06867_,15.68
dmem.ram\[56\]\[7\],15.68
instr_mem1.rom\[1\]\[5\],15.68
_02914_,15.665
_02237_,15.655
dmem.ram\[16\]\[1\],15.64
dmem.ram\[1\]\[8\],15.63
_00768_,15.625
dmem.ram\[30\]\[14\],15.62
dmem.ram\[3\]\[7\],15.62
_06558_,15.6
dmem.ram\[18\]\[12\],15.6
net429,15.6
net612,15.6
rr_ex_pipe_reg.RF_D1_Out\[0\],15.58
_05421_,15.56
dmem.ram\[26\]\[9\],15.56
dmem.ram\[34\]\[15\],15.56
dmem.ram\[4\]\[13\],15.56
instr_mem1.rom\[12\]\[0\],15.56
_05487_,15.54
_02231_,15.52
_02750_,15.52
_05580_,15.52
dmem.ram\[15\]\[7\],15.52
net420,15.52
dmem.ram\[31\]\[15\],15.505
_01631_,15.485
_04999_,15.48
_05740_,15.48
_06441_,15.48
instr_mem1.rom\[8\]\[7\],15.48
_02411_,15.46
dmem.ram\[49\]\[2\],15.46
dmem.ram\[58\]\[14\],15.46
instr_mem1.rom\[4\]\[4\],15.46
net604,15.46
_02189_,15.42
net319,15.42
_00325_,15.405
dmem.ram\[24\]\[11\],15.4
ir_port[1],15.4
_01705_,15.385
_04937_,15.38
_05327_,15.38
_06707_,15.38
_06086_,15.36
_02101_,15.34
_02206_,15.34
dmem.ram\[7\]\[11\],15.34
id_rr_pipe_reg.pc_next_out\[12\],15.34
net261,15.34
net522,15.34
dmem.ram\[3\]\[9\],15.33
_04013_,15.32
dmem.ram\[54\]\[11\],15.32
dmem.ram\[41\]\[2\],15.315
_06197_,15.3
_06739_,15.3
_06950_,15.3
dmem.ram\[55\]\[13\],15.3
dmem.ram\[6\]\[5\],15.3
_01706_,15.285
_06765_,15.28
instr_mem1.rom\[15\]\[15\],15.28
net1052,15.28
_05833_,15.26
_05889_,15.26
net1285,15.26
net1673,15.26
dmem.ram\[21\]\[0\],15.25
instr_mem1.rom\[9\]\[5\],15.25
_00729_,15.245
_01007_,15.245
_03446_,15.24
_02980_,15.22
instr_mem1.rom\[3\]\[14\],15.22
rr_ex_pipe_reg.pc_out\[12\],15.22
net128,15.22
net1509,15.22
dmem.ram\[36\]\[11\],15.2
_01509_,15.185
_01641_,15.185
dmem.ram\[13\]\[1\],15.185
dmem.ram\[25\]\[11\],15.185
instr_mem1.rom\[10\]\[11\],15.185
dmem.ram\[30\]\[6\],15.18
instr_mem1.rom\[1\]\[3\],15.18
net200,15.18
_07344_,15.16
_00063_,15.14
_02575_,15.14
_02939_,15.14
dmem.ram\[57\]\[8\],15.14
_04457_,15.06
dmem.ram\[0\]\[6\],15.06
instr_mem1.rom\[13\]\[7\],15.06
_03585_,15.04
_07199_,15.04
dmem.ram\[21\]\[12\],15.04
net575,15.04
_04512_,15.02
_05790_,15.02
_06367_,15.02
_04954_,15
_06470_,15
dmem.ram\[44\]\[14\],15
net626,15
net99,14.98
net593,14.98
dmem.ram\[13\]\[12\],14.97
_02844_,14.96
dmem.ram\[40\]\[7\],14.94
_02833_,14.92
_06780_,14.92
_03355_,14.9
instr_mem1.rom\[12\]\[4\],14.9
net497,14.9
net633,14.9
net656,14.9
net1034,14.9
_02006_,14.88
_05571_,14.88
_00800_,14.865
_06487_,14.85
_02141_,14.82
_02392_,14.82
net153,14.82
net746,14.82
net798,14.82
instr_mem1.rom\[6\]\[12\],14.805
_03075_,14.8
net307,14.8
net596,14.8
net1536,14.8
rr_ex_pipe_reg.pc_next_out\[13\],14.79
_06267_,14.78
_06294_,14.78
_06717_,14.78
dmem.ram\[41\]\[4\],14.78
dmem.ram\[31\]\[4\],14.765
_05823_,14.76
dmem.ram\[56\]\[1\],14.76
la_sa_lm_sm_block.reg_data_form_id_128\[0\],14.76
rr_ex_pipe_reg.RF_D2_Out\[11\],14.76
net562,14.76
net334,14.74
_03641_,14.72
dmem.ram\[59\]\[12\],14.72
instr_mem1.rom\[3\]\[8\],14.72
dmem.ram\[27\]\[1\],14.705
net318,14.7
_02021_,14.695
dmem.ram\[11\]\[14\],14.685
dmem.ram\[21\]\[10\],14.685
_03055_,14.68
_06410_,14.68
instr_mem1.rom\[0\]\[3\],14.68
_00821_,14.665
_05555_,14.66
net438,14.66
_00448_,14.645
dmem.ram\[21\]\[11\],14.645
_03483_,14.64
dmem.ram\[2\]\[6\],14.64
net1149,14.64
dmem.ram\[26\]\[1\],14.6
dmem.ram\[42\]\[0\],14.6
dmem.ram\[42\]\[4\],14.6
dmem.ram\[49\]\[7\],14.6
instr_mem1.rom\[13\]\[8\],14.6
rr_ex_pipe_reg.RF_D2_Out\[10\],14.585
_06668_,14.58
_06890_,14.58
instr_mem1.rom\[14\]\[8\],14.565
_03696_,14.56
dmem.ram\[1\]\[3\],14.56
dmem.ram\[59\]\[4\],14.56
instr_mem1.rom\[0\]\[5\],14.56
_02865_,14.54
_03291_,14.54
instr_mem1.rom\[8\]\[5\],14.54
net584,14.54
net1319,14.54
net365,14.52
net616,14.505
_04844_,14.5
_05036_,14.5
net195,14.5
dmem.ram\[1\]\[15\],14.49
_01884_,14.48
_01960_,14.48
_07032_,14.48
dmem.ram\[18\]\[15\],14.48
instr_mem1.rom\[15\]\[7\],14.48
_03782_,14.46
_05085_,14.46
_06730_,14.46
net196,14.46
_03764_,14.44
_04580_,14.44
dmem.ram\[40\]\[3\],14.44
instr_mem1.rom\[7\]\[3\],14.44
rr_ex_pipe_reg.pc_out\[2\],14.44
net1174,14.44
instr_mem1.rom\[10\]\[4\],14.425
_02815_,14.42
_03721_,14.42
_04592_,14.42
instr_mem1.rom\[7\]\[8\],14.42
_01057_,14.405
_02983_,14.4
_03435_,14.4
net314,14.4
net564,14.4
_00505_,14.385
_02226_,14.385
_02312_,14.38
_02924_,14.38
_06956_,14.38
dmem.ram\[15\]\[2\],14.38
dmem.ram\[34\]\[9\],14.38
_03297_,14.36
_05901_,14.36
ex_mem_pipe_reg.RF_D2_Out\[5\],14.36
net466,14.36
_01536_,14.345
rr_ex_pipe_reg.pc_next_out\[15\],14.34
dmem.ram\[55\]\[14\],14.325
instr_mem1.rom\[3\]\[12\],14.32
instr_mem1.rom\[7\]\[2\],14.32
_03015_,14.315
_05801_,14.3
dmem.ram\[24\]\[9\],14.3
id_rr_pipe_reg.pc_next_out\[14\],14.3
instr_mem1.rom\[12\]\[3\],14.3
net873,14.3
dmem.ram\[63\]\[12\],14.29
_01530_,14.285
_05895_,14.28
_01286_,14.265
instr_mem1.rom\[2\]\[5\],14.265
_06250_,14.26
_02718_,14.24
_06194_,14.235
_04706_,14.22
_06832_,14.22
rr_ex_pipe_reg.pc_next_out\[14\],14.2
_01021_,14.185
dmem.ram\[21\]\[14\],14.185
dmem.ram\[34\]\[3\],14.18
instr_mem1.rom\[15\]\[13\],14.18
instr_mem1.rom\[9\]\[6\],14.18
dmem.ram\[39\]\[7\],14.165
if_id_pipe_reg.PC_Next_Out\[8\],14.16
instr_mem1.rom\[5\]\[5\],14.16
net498,14.16
dmem.ram\[13\]\[15\],14.145
dmem.ram\[34\]\[12\],14.14
net1276,14.14
net541,14.125
net479,14.12
net1534,14.12
_01080_,14.105
net375,14.1
_00737_,14.085
_04660_,14.08
_05676_,14.08
_05853_,14.08
dmem.ram\[42\]\[6\],14.08
instr_mem1.rom\[5\]\[2\],14.08
net585,14.08
net868,14.08
net948,14.08
net1189,14.08
net1361,14.08
_03159_,14.06
_03514_,14.06
dmem.ram\[21\]\[13\],14.06
net705,14.06
net733,14.06
_00488_,14.045
dmem.ram\[9\]\[9\],14.045
_02098_,14.04
_06355_,14.04
net410,14.04
_06203_,14.02
_07056_,14.02
dmem.ram\[14\]\[0\],14.02
instr_mem1.rom\[14\]\[3\],14.01
_00809_,14.005
_00685_,14
_01876_,14
_02071_,14
_04328_,14
_05861_,14
_06247_,14
dmem.ram\[36\]\[15\],14
net172,14
net284,14
_00666_,13.985
_00744_,13.985
_04448_,13.98
instr_mem1.rom\[11\]\[15\],13.98
dmem.ram\[63\]\[15\],13.965
instr_mem1.rom\[14\]\[9\],13.965
la_sa_lm_sm_block.reg_data_form_id_128\[26\],13.965
_03436_,13.96
_06635_,13.96
dmem.ram\[34\]\[10\],13.96
net1571,13.96
net1682,13.96
net288,13.94
dmem.ram\[13\]\[13\],13.925
dmem.ram\[61\]\[0\],13.905
_04167_,13.9
net432,13.9
dmem.ram\[9\]\[15\],13.885
_05832_,13.88
_06193_,13.88
instr_mem1.rom\[8\]\[9\],13.88
net60,13.88
net266,13.88
net308,13.88
net452,13.88
_01590_,13.865
instr_mem1.rom\[14\]\[1\],13.865
_02131_,13.86
_02261_,13.86
net916,13.86
dmem.ram\[3\]\[11\],13.845
instr_mem1.rom\[15\]\[8\],13.84
net207,13.84
net313,13.84
_05856_,13.82
dmem.ram\[58\]\[12\],13.82
dmem.ram\[5\]\[12\],13.805
dmem.ram\[61\]\[3\],13.805
dmem.ram\[56\]\[14\],13.8
rr_ex_pipe_reg.pc_out\[13\],13.8
rr_ex_pipe_reg.pc_out\[14\],13.8
net789,13.8
_03642_,13.78
_06173_,13.78
_06910_,13.78
net1217,13.78
net1407,13.78
_02809_,13.76
_05285_,13.76
_06997_,13.76
dmem.ram\[40\]\[6\],13.76
_02272_,13.74
instr_mem1.rom\[11\]\[6\],13.74
net1507,13.74
dmem.ram\[62\]\[12\],13.72
_01158_,13.705
_03518_,13.7
_03927_,13.7
dmem.ram\[3\]\[10\],13.685
_06199_,13.68
dmem.ram\[11\]\[1\],13.68
instr_mem1.rom\[7\]\[0\],13.68
net236,13.68
net472,13.68
net1005,13.68
_01620_,13.665
_02681_,13.66
net349,13.66
dmem.ram\[5\]\[1\],13.645
_06172_,13.64
_02229_,13.62
_03014_,13.62
_04112_,13.62
_05083_,13.62
_07012_,13.62
instr_mem1.rom\[5\]\[4\],13.62
instr_mem1.rom\[10\]\[0\],13.61
_02232_,13.6
_03395_,13.6
_04837_,13.6
_00844_,13.585
_04413_,13.56
net713,13.56
net1402,13.56
_06439_,13.555
_01582_,13.545
_02082_,13.54
_02110_,13.54
_03153_,13.54
_04922_,13.54
_06687_,13.54
net346,13.54
net1432,13.54
_02336_,13.52
_03479_,13.52
instr_mem1.rom\[0\]\[1\],13.52
_00556_,13.505
_00725_,13.505
dmem.ram\[5\]\[13\],13.505
_05935_,13.5
dmem.ram\[14\]\[2\],13.5
instr_mem1.rom\[2\]\[10\],13.485
_06442_,13.48
ex_mem_pipe_reg.Instr_Out\[13\],13.48
_03504_,13.46
net399,13.46
net502,13.46
dmem.ram\[31\]\[9\],13.45
instr_wdata[10],13.45
_02523_,13.44
_06972_,13.44
net160,13.44
_05406_,13.42
_06095_,13.42
_06482_,13.42
_07027_,13.42
if_id_pipe_reg.PC_Next_Out\[13\],13.42
instr_mem1.rom\[1\]\[14\],13.42
net464,13.42
net504,13.42
net580,13.42
net666,13.42
net682,13.42
dmem.ram\[13\]\[5\],13.41
_01853_,13.4
_02220_,13.4
_05054_,13.4
_06411_,13.4
_06774_,13.4
_05819_,13.38
_07153_,13.38
dmem.ram\[19\]\[13\],13.38
instr_mem1.rom\[7\]\[5\],13.38
clknet_leaf_60_clk,13.38
net292,13.38
net1398,13.36
instr_mem1.rom\[10\]\[10\],13.345
_02908_,13.34
_03583_,13.34
instr_mem1.rom\[13\]\[2\],13.34
_00130_,13.325
_03434_,13.3
_03573_,13.3
_04402_,13.3
ex_mem_pipe_reg.RF_D1_Out\[1\],13.3
instr_mem1.rom\[3\]\[10\],13.3
net279,13.3
net1390,13.3
_00811_,13.285
_02192_,13.28
_06206_,13.28
_06964_,13.28
dmem.ram\[31\]\[5\],13.265
_02149_,13.26
dmem.ram\[33\]\[14\],13.26
net539,13.26
net1248,13.26
instr_mem1.rom\[7\]\[4\],13.24
_02126_,13.22
_02182_,13.22
_05245_,13.22
_05606_,13.22
net1633,13.22
dmem.ram\[3\]\[4\],13.205
_03396_,13.2
_05791_,13.2
dmem.ram\[59\]\[14\],13.2
net422,13.2
net1569,13.2
_05176_,13.19
_04417_,13.18
instr_mem1.rom\[3\]\[7\],13.18
_03815_,13.16
_04859_,13.16
_05540_,13.16
_06422_,13.16
instr_mem1.rom\[13\]\[4\],13.16
net1625,13.16
_03239_,13.14
dmem.ram\[10\]\[12\],13.14
dmem.ram\[30\]\[5\],13.1
dmem.ram\[40\]\[1\],13.1
dmem.ram\[59\]\[10\],13.1
instr_mem1.rom\[15\]\[0\],13.1
_02674_,13.08
dmem.ram\[50\]\[4\],13.08
id_rr_pipe_reg.pc_next_out\[6\],13.08
net227,13.08
net758,13.08
net1297,13.08
_04015_,13.06
net1551,13.06
_00764_,13.045
dmem.ram\[63\]\[4\],13.045
_02608_,13.04
_05425_,13.04
_05799_,13.04
_05866_,13.04
_05870_,13.04
net208,13.04
dmem.ram\[21\]\[7\],13.025
_01874_,13.02
_06789_,13.02
_01541_,13.005
instr_mem1.rom\[6\]\[4\],13.005
_04392_,13
rr_ex_pipe_reg.RF_D2_Out\[12\],13
net764,13
_00216_,12.995
_02050_,12.98
_03364_,12.98
dmem.ram\[34\]\[13\],12.98
dmem.ram\[11\]\[4\],12.965
dmem.ram\[11\]\[5\],12.965
instr_mem1.rom\[2\]\[11\],12.965
_02816_,12.96
_02877_,12.96
_03804_,12.96
_04205_,12.96
dmem.ram\[63\]\[2\],12.96
_00608_,12.94
_02870_,12.94
dmem.ram\[33\]\[4\],12.94
net1502,12.94
net1683,12.94
_02824_,12.92
_04872_,12.92
instr_mem1.rom\[9\]\[7\],12.92
_06402_,12.91
_00949_,12.905
_07015_,12.9
dmem.ram\[15\]\[0\],12.9
dmem.ram\[33\]\[0\],12.9
instr_mem1.rom\[11\]\[2\],12.9
dmem.ram\[33\]\[7\],12.895
_03319_,12.88
_04482_,12.88
instr_mem1.rom\[7\]\[9\],12.88
net179,12.84
net1442,12.84
_01535_,12.825
_05878_,12.82
id_rr_pipe_reg.pc_next_out\[13\],12.82
net523,12.82
net1291,12.82
_01947_,12.8
_06435_,12.8
_06859_,12.8
dmem.ram\[19\]\[12\],12.8
dmem.ram\[35\]\[12\],12.8
_06217_,12.785
instr_mem1.rom\[3\]\[9\],12.78
net1148,12.78
_01032_,12.765
if_id_pipe_reg.PC_Next_Out\[0\],12.76
instr_mem1.rom\[1\]\[7\],12.76
net1497,12.76
net1561,12.76
_01724_,12.755
dmem.ram\[25\]\[8\],12.745
_03676_,12.74
la_sa_lm_sm_block.reg_data_form_id_128\[4\],12.74
net360,12.74
net450,12.74
net536,12.74
_00906_,12.735
_04440_,12.72
_04725_,12.72
_07186_,12.72
ex_mem_pipe_reg.ALU_Result_Out\[5\],12.72
rr_ex_pipe_reg.pc_out\[1\],12.715
_02086_,12.7
_02771_,12.7
_04561_,12.7
_06582_,12.7
dmem.ram\[6\]\[2\],12.7
instr_mem1.rom\[13\]\[11\],12.7
net1404,12.7
instr_mem1.rom\[2\]\[0\],12.69
_00138_,12.665
_06878_,12.66
_07007_,12.66
_07044_,12.66
dmem.ram\[6\]\[6\],12.66
_04876_,12.62
_04910_,12.62
_05126_,12.62
_05379_,12.62
debug_mem_data[4],12.62
pc_out_port[4],12.62
_00421_,12.605
_00674_,12.605
_02430_,12.6
_03519_,12.6
net184,12.6
_01588_,12.585
_01617_,12.585
_02137_,12.58
_02165_,12.58
_04948_,12.58
dmem.ram\[33\]\[8\],12.58
net240,12.58
net1133,12.58
net1430,12.58
_03720_,12.56
_05412_,12.56
_06237_,12.56
net259,12.56
_05733_,12.54
net362,12.54
_04846_,12.52
dmem.ram\[56\]\[8\],12.52
_03812_,12.5
_04599_,12.5
_05835_,12.5
_06975_,12.5
dmem.ram\[24\]\[7\],12.5
dmem.ram\[43\]\[12\],12.5
instr_mem1.rom\[11\]\[4\],12.5
net625,12.5
net890,12.5
_01067_,12.485
_03018_,12.48
_05552_,12.48
_07249_,12.48
dmem.ram\[15\]\[5\],12.48
net1618,12.48
_05551_,12.47
_06075_,12.46
dmem.ram\[10\]\[9\],12.46
net1358,12.46
_00826_,12.445
net1563,12.44
instr_mem1.rom\[11\]\[3\],12.43
dmem.ram\[19\]\[3\],12.425
_05826_,12.42
dmem.ram\[43\]\[11\],12.42
instr_mem1.rom\[9\]\[15\],12.42
_01147_,12.4
net495,12.4
_07233_,12.38
net975,12.38
net1079,12.38
instr_mem1.rom\[6\]\[5\],12.36
net741,12.36
_05466_,12.34
_06354_,12.34
_06504_,12.34
_06967_,12.34
_07259_,12.34
dmem.ram\[32\]\[3\],12.34
rr_ex_pipe_reg.pc_out\[15\],12.34
net645,12.32
net883,12.32
_00767_,12.305
_01594_,12.305
_01728_,12.305
_04883_,12.3
_05840_,12.3
dmem.ram\[19\]\[11\],12.3
ex_mem_pipe_reg.RF_D1_Out\[4\],12.3
net269,12.3
net329,12.3
net688,12.3
_00439_,12.28
_02030_,12.28
_02873_,12.28
_03481_,12.28
_06200_,12.28
net189,12.28
net224,12.28
net282,12.28
_00838_,12.265
instr_mem1.rom\[14\]\[6\],12.265
_04225_,12.26
_05578_,12.26
dmem.ram\[57\]\[1\],12.26
instr_mem1.rom\[3\]\[11\],12.26
rr_ex_pipe_reg.instr_out\[15\],12.26
net379,12.26
_01885_,12.24
_03109_,12.24
_04699_,12.24
_06455_,12.24
_06498_,12.24
_06781_,12.24
net170,12.24
net486,12.24
net832,12.24
net1113,12.24
_01711_,12.225
net142,12.22
_04970_,12.2
_05143_,12.2
dmem.ram\[19\]\[9\],12.2
_00614_,12.18
_05087_,12.18
_00742_,12.165
_00854_,12.165
_01882_,12.16
_02276_,12.16
_03028_,12.16
_03185_,12.16
_03746_,12.16
_03933_,12.16
_04288_,12.16
_04708_,12.16
_04810_,12.16
_06507_,12.16
ex_mem_pipe_reg.Instr_Out\[5\],12.16
net343,12.16
net1426,12.16
_02221_,12.14
_02437_,12.14
_03564_,12.14
_05375_,12.14
_07273_,12.14
net265,12.14
net816,12.14
_00783_,12.125
instr_mem1.rom\[6\]\[1\],12.125
net322,12.12
net637,12.12
dmem.ram\[23\]\[8\],12.11
instr_mem1.rom\[2\]\[6\],12.105
_02218_,12.1
_02702_,12.1
dmem.ram\[41\]\[3\],12.1
net631,12.1
net638,12.1
_02000_,12.08
_03399_,12.08
_03780_,12.08
_01388_,12.06
_04930_,12.06
dmem.ram\[11\]\[7\],12.06
net545,12.06
net745,12.06
net1416,12.06
_00000_,12.045
_05420_,12.04
_06230_,12.04
dmem.ram\[58\]\[11\],12.04
ex_mem_pipe_reg.ALU_Result_Out\[3\],12.04
net355,12.04
net579,12.04
dmem.ram\[3\]\[13\],12.03
_01519_,12.02
_01614_,12.02
_02022_,12.02
_02396_,12.02
dmem.ram\[41\]\[11\],12.02
la_sa_lm_sm_block.reg_data_form_id_128\[50\],12.02
net1213,12.02
net1494,12.02
_02172_,12
_03213_,12
_05030_,12
net242,12
_02511_,11.98
_05197_,11.98
_05292_,11.98
_01569_,11.975
dmem.ram\[21\]\[2\],11.97
_01071_,11.96
_01953_,11.96
_02855_,11.96
_03419_,11.96
_05535_,11.96
_05892_,11.96
_06387_,11.96
dmem.ram\[18\]\[2\],11.96
net1233,11.96
net1354,11.96
_00552_,11.945
_01412_,11.945
net602,11.945
_03731_,11.94
_06015_,11.94
ir_port[9],11.94
pc_out_port[5],11.94
_05204_,11.93
net458,11.93
_05513_,11.92
net433,11.92
net578,11.92
net1315,11.92
_02212_,11.88
_06961_,11.88
dmem.ram\[30\]\[3\],11.88
net869,11.88
_01287_,11.865
_01499_,11.865
_02268_,11.84
dmem.ram\[59\]\[11\],11.84
net1012,11.84
_01358_,11.825
dmem.ram\[1\]\[4\],11.825
_04341_,11.82
_07407_,11.82
net530,11.82
net557,11.82
instr_mem1.rom\[14\]\[7\],11.805
_05567_,11.8
_07069_,11.8
net267,11.8
_00471_,11.785
_00413_,11.78
_05150_,11.78
_06063_,11.78
_06585_,11.78
ex_mem_pipe_reg.RF_D1_Out\[3\],11.78
net185,11.78
net381,11.78
_02068_,11.76
net756,11.76
net1423,11.76
_02686_,11.72
_03420_,11.72
net513,11.72
net576,11.72
net581,11.72
net729,11.72
_00044_,11.705
_00484_,11.705
instr_mem1.rom\[6\]\[9\],11.705
_04317_,11.7
_05141_,11.7
_07000_,11.7
_07274_,11.7
net391,11.7
net573,11.7
_05930_,11.68
dmem.ram\[42\]\[7\],11.68
net803,11.68
net994,11.68
_01307_,11.665
_01637_,11.665
_05096_,11.66
_05690_,11.66
_06626_,11.66
_07201_,11.66
net660,11.66
net710,11.66
net732,11.66
net1408,11.66
_03011_,11.655
debug_reg_data[5],11.65
_01727_,11.645
_02532_,11.64
_02556_,11.64
_03527_,11.64
_05703_,11.64
_06621_,11.64
dmem.ram\[16\]\[6\],11.64
_01082_,11.625
_01632_,11.625
_00649_,11.62
_03369_,11.62
_05042_,11.62
_05261_,11.62
_05655_,11.62
_06580_,11.62
_07025_,11.62
net278,11.62
net826,11.62
_03699_,11.6
_04265_,11.6
_06700_,11.6
net972,11.6
_00027_,11.585
dmem.ram\[49\]\[0\],11.585
instr_mem1.rom\[14\]\[11\],11.585
_02331_,11.58
dmem.ram\[14\]\[10\],11.58
net415,11.58
net1453,11.58
_01078_,11.56
net738,11.56
net840,11.56
net1626,11.56
_00806_,11.545
_00917_,11.545
instr_mem1.rom\[14\]\[12\],11.545
_02181_,11.54
_05151_,11.54
dmem.ram\[16\]\[2\],11.54
dmem.ram\[40\]\[9\],11.54
net864,11.54
net1199,11.54
net1289,11.54
_00507_,11.525
_01654_,11.525
_05867_,11.52
_06397_,11.52
net1219,11.52
net1312,11.52
_01622_,11.505
_00075_,11.5
_07360_,11.5
_01019_,11.48
_07118_,11.48
net760,11.48
_03122_,11.46
_06991_,11.46
net496,11.46
net1581,11.46
_00434_,11.445
_00474_,11.445
_00751_,11.445
instr_mem1.rom\[11\]\[7\],11.44
net679,11.44
_01940_,11.42
dmem.ram\[33\]\[10\],11.42
instr_mem1.rom\[1\]\[1\],11.42
net112,11.42
net1615,11.42
instr_mem1.rom\[2\]\[7\],11.41
_02047_,11.4
_02789_,11.38
_03783_,11.38
_06394_,11.38
net970,11.38
_02777_,11.36
_04885_,11.36
_06022_,11.36
_06037_,11.36
_06969_,11.36
instr_waddr[1],11.36
instr_waddr[2],11.36
ir_port[4],11.36
net109,11.36
net383,11.36
net446,11.36
net968,11.36
net1029,11.36
instr_mem1.rom\[10\]\[1\],11.35
rr_ex_pipe_reg.RF_D1_Out\[1\],11.35
instr_mem1.rom\[6\]\[15\],11.345
_03986_,11.34
_04014_,11.34
_05010_,11.34
_05333_,11.34
dmem.ram\[63\]\[5\],11.325
_03296_,11.32
_03332_,11.32
instr_mem1.rom\[12\]\[2\],11.32
instr_mem1.rom\[1\]\[0\],11.32
instr_mem1.rom\[7\]\[6\],11.32
_01615_,11.285
_02388_,11.28
_03076_,11.28
_06348_,11.28
_07255_,11.28
net222,11.28
net354,11.28
_02717_,11.26
debug_mem_data[11],11.26
debug_mem_data[14],11.26
dmem.ram\[62\]\[10\],11.26
net330,11.26
_01613_,11.245
_01693_,11.245
la_sa_lm_sm_block.reg_data_form_id_128\[27\],11.245
_02356_,11.24
_03240_,11.24
_03352_,11.24
_03553_,11.24
_05347_,11.24
_07257_,11.24
instr_mem1.rom\[3\]\[2\],11.24
instr_mem1.rom\[11\]\[1\],11.22
instr_mem1.rom\[11\]\[8\],11.22
net517,11.22
_00741_,11.205
_03807_,11.2
_04500_,11.2
_04597_,11.2
_04766_,11.2
_04934_,11.2
_05610_,11.2
_06303_,11.2
_07226_,11.2
net1508,11.2
_02236_,11.18
_03636_,11.16
_04684_,11.16
_04800_,11.16
_05084_,11.16
_05399_,11.16
_06713_,11.16
_06793_,11.16
_07263_,11.16
_00019_,11.145
net836,11.14
net940,11.14
_04736_,11.12
_05747_,11.12
_06025_,11.12
_06873_,11.12
net469,11.12
net569,11.12
net1378,11.12
net1414,11.12
net1680,11.12
_00903_,11.1
_02235_,11.1
net628,11.1
net676,11.1
net1030,11.1
net1324,11.1
net1491,11.1
net1652,11.1
_00780_,11.085
_00805_,11.085
dmem.ram\[21\]\[15\],11.08
instr_mem1.rom\[13\]\[0\],11.08
net1464,11.08
_00308_,11.065
_01618_,11.065
_02247_,11.06
_02347_,11.06
net641,11.06
net936,11.06
_01024_,11.04
_02210_,11.04
dmem.ram\[16\]\[5\],11.04
dmem.ram\[53\]\[5\],11.04
instr_mem1.rom\[7\]\[1\],11.04
net1610,11.04
_00846_,11.025
_00954_,11.025
_01457_,11.025
_00651_,11.02
_02207_,11.02
_04028_,11.02
net1218,11.02
net1346,11.02
_06400_,11.005
ex_mem_pipe_reg.Instr_Out\[0\],11
instr_mem1.rom\[7\]\[7\],11
net1060,11
net1425,11
_06453_,10.99
_07141_,10.98
instr_mem1.rom\[11\]\[5\],10.98
net1045,10.98
_03393_,10.96
_04165_,10.96
_06156_,10.96
_01508_,10.945
_02995_,10.92
_03828_,10.92
_06115_,10.92
_06669_,10.92
_04742_,10.9
la_sa_lm_sm_block.reg_data_form_id_128\[72\],10.9
rr_ex_pipe_reg.pc_next_out\[3\],10.9
net594,10.9
net1446,10.9
net1624,10.9
_01715_,10.885
instr_mem1.rom\[10\]\[6\],10.885
_04836_,10.88
net176,10.88
_01253_,10.865
_02794_,10.86
_03032_,10.86
_05768_,10.86
_07055_,10.86
instr_mem1.rom\[13\]\[1\],10.86
net272,10.86
_00418_,10.845
_00627_,10.845
_00635_,10.84
net255,10.84
_00763_,10.825
_00960_,10.825
_02697_,10.82
_03221_,10.82
_05496_,10.82
_05579_,10.82
_06415_,10.82
net1462,10.82
_03680_,10.8
net547,10.8
net595,10.8
_00568_,10.785
_01506_,10.785
_02451_,10.78
_02913_,10.78
_02927_,10.78
_03264_,10.78
_03463_,10.78
_04303_,10.78
_04698_,10.78
_05045_,10.78
_05203_,10.78
_05385_,10.78
_05615_,10.78
_06117_,10.78
debug_reg_data[6],10.78
net186,10.78
net456,10.78
net461,10.78
net697,10.78
net1020,10.78
net1119,10.78
net1193,10.78
net1383,10.78
net1593,10.78
_05882_,10.775
dmem.ram\[33\]\[6\],10.76
_01910_,10.74
_02322_,10.74
_03006_,10.74
_03307_,10.74
_03380_,10.74
_03538_,10.74
_04358_,10.74
_06911_,10.74
ex_mem_pipe_reg.Instr_Out\[2\],10.74
la_sa_lm_sm_block.reg_data_form_id_128\[11\],10.74
net114,10.74
net896,10.74
net920,10.74
net987,10.74
_03237_,10.72
_06083_,10.72
_06298_,10.72
dmem.ram\[36\]\[13\],10.72
_02266_,10.7
_04385_,10.7
_05469_,10.7
_06181_,10.7
_07158_,10.7
dmem.ram\[32\]\[5\],10.68
net260,10.68
net521,10.68
net1139,10.68
net1313,10.68
_00547_,10.665
_00951_,10.665
_01932_,10.66
_02846_,10.66
_02919_,10.66
_05233_,10.66
_05834_,10.66
_06245_,10.66
_07247_,10.66
_07269_,10.66
la_sa_lm_sm_block.reg_data_form_id_128\[32\],10.66
net132,10.66
net325,10.66
net769,10.66
net1523,10.66
_06302_,10.64
net998,10.64
net1368,10.64
net1372,10.64
_03494_,10.62
_03684_,10.62
dmem.ram\[44\]\[7\],10.62
instr_mem1.rom\[15\]\[14\],10.62
net1410,10.62
_01890_,10.6
_02957_,10.6
_03259_,10.6
_04127_,10.6
_05024_,10.6
net1175,10.6
net1496,10.6
net1058,10.58
_00546_,10.565
_00579_,10.565
_00815_,10.565
_01691_,10.565
_01702_,10.565
_05183_,10.56
_07363_,10.56
net1351,10.56
_01213_,10.54
_04774_,10.54
debug_reg_data[15],10.54
debug_reg_data[7],10.54
instr_mem1.rom\[15\]\[9\],10.54
net783,10.54
_02042_,10.52
_04443_,10.52
net1552,10.52
_00117_,10.505
_00209_,10.5
_00376_,10.5
_04276_,10.5
_06428_,10.5
instr_mem1.rom\[1\]\[15\],10.5
net359,10.5
_00164_,10.465
_02061_,10.46
_03677_,10.46
net544,10.46
net553,10.46
net1056,10.46
_02513_,10.44
_05361_,10.44
_06192_,10.44
_07241_,10.44
if_id_pipe_reg.PC_Next_Out\[5\],10.44
net133,10.44
net323,10.44
net559,10.44
net1083,10.44
net1300,10.44
net1567,10.44
_00134_,10.435
_02337_,10.42
_03295_,10.42
_04126_,10.42
_06722_,10.42
net244,10.42
net296,10.42
net532,10.42
net1254,10.42
_02812_,10.4
_02904_,10.4
_02920_,10.4
_03227_,10.4
_03723_,10.4
_03799_,10.4
_06071_,10.4
_06099_,10.4
_06970_,10.4
dmem.ram\[44\]\[1\],10.4
_00307_,10.385
_01109_,10.385
_01131_,10.385
_05617_,10.38
net903,10.38
_01505_,10.365
_02254_,10.36
_03195_,10.36
_04485_,10.36
ex_mem_pipe_reg.Instr_Out\[1\],10.345
_02431_,10.34
_04439_,10.34
_05275_,10.34
_05461_,10.34
_07298_,10.34
la_sa_lm_sm_block.reg_data_form_id_128\[74\],10.34
net591,10.34
_00479_,10.325
_00549_,10.325
_01634_,10.325
instr_mem1.rom\[2\]\[15\],10.325
_02885_,10.32
_02945_,10.32
_04269_,10.32
_04562_,10.32
_05572_,10.32
_06210_,10.32
_06726_,10.32
dmem.ram\[19\]\[8\],10.32
net435,10.32
net468,10.32
net607,10.32
net651,10.32
net678,10.32
net844,10.32
net1109,10.32
net1151,10.32
net1431,10.32
_00064_,10.305
_00088_,10.305
_01473_,10.3
_04104_,10.3
instr_mem1.rom\[11\]\[9\],10.3
net1277,10.3
net1573,10.3
_01625_,10.285
_01838_,10.28
_02452_,10.28
_02800_,10.28
_03016_,10.28
_03444_,10.28
_04120_,10.28
_05452_,10.28
_06054_,10.28
_06222_,10.28
_06291_,10.28
_07192_,10.28
_07205_,10.28
net911,10.28
net988,10.28
net1643,10.28
_07405_,10.26
_00261_,10.245
net368,10.245
_03925_,10.24
_04570_,10.24
_04788_,10.24
_06775_,10.24
_07258_,10.24
net106,10.24
net119,10.24
net711,10.24
_00912_,10.22
_07130_,10.22
net771,10.22
net1198,10.22
net664,10.21
_00459_,10.205
net175,10.2
net501,10.2
net566,10.2
net759,10.2
net792,10.2
net1016,10.2
_04067_,10.18
net618,10.18
net718,10.18
net817,10.18
net1222,10.18
net1388,10.18
net1399,10.18
_01243_,10.165
_04812_,10.16
dmem.ram\[58\]\[8\],10.16
dmem.ram\[62\]\[14\],10.16
instr_mem1.rom\[15\]\[4\],10.16
instr_mem1.rom\[5\]\[10\],10.16
net1409,10.16
net1519,10.16
net1303,10.14
_01206_,10.125
_02152_,10.12
net1242,10.12
net1638,10.12
_00283_,10.105
_00753_,10.105
_00847_,10.105
_05156_,10.1
net1166,10.1
net1515,10.1
_02099_,10.08
_04985_,10.08
net341,10.08
net910,10.08
net1649,10.08
_00669_,10.065
_01087_,10.065
_02734_,10.06
_04852_,10.06
net1419,10.06
_01288_,10.045
_02196_,10.04
_03168_,10.04
_07157_,10.04
dmem.ram\[41\]\[0\],10.04
dmem.ram\[43\]\[6\],10.04
dmem.ram\[44\]\[12\],10.04
instr_mem1.rom\[15\]\[6\],10.03
_00604_,10.005
_00723_,10.005
_01025_,10.005
_01289_,10
rr_ex_pipe_reg.instr_out\[11\],10
net347,10
_01626_,9.985
_02371_,9.98
_03952_,9.98
_04313_,9.98
_04329_,9.98
_04722_,9.98
_04816_,9.98
_04830_,9.98
_05281_,9.98
_05981_,9.98
_06542_,9.98
ir_port[8],9.98
pc_out_port[10],9.98
pc_out_port[1],9.98
pc_out_port[9],9.98
net226,9.98
net470,9.98
net487,9.98
net509,9.98
net546,9.98
net550,9.98
net1306,9.98
net1336,9.98
net1679,9.98
_02488_,9.96
_04822_,9.96
net1395,9.96
_02180_,9.94
_02737_,9.94
_02821_,9.94
_03739_,9.94
_05416_,9.94
_06131_,9.94
_07236_,9.94
_07380_,9.94
dmem.ram\[59\]\[7\],9.94
_03891_,9.93
_00375_,9.92
_03212_,9.92
_03361_,9.92
_00498_,9.905
_00610_,9.905
_00634_,9.905
_01099_,9.905
_02854_,9.905
_03503_,9.9
_04224_,9.9
_05003_,9.9
net742,9.9
net1434,9.9
_00650_,9.88
_03180_,9.88
_03728_,9.88
_03855_,9.88
_03893_,9.88
_04352_,9.88
_07159_,9.88
_07336_,9.88
rr_ex_pipe_reg.pc_out\[6\],9.88
net444,9.88
net614,9.88
net640,9.88
net1244,9.88
_00118_,9.865
_00726_,9.865
_00931_,9.865
_03482_,9.86
_04146_,9.86
_05205_,9.86
_06130_,9.86
_06681_,9.86
_07195_,9.86
net130,9.86
net953,9.86
net960,9.86
net1015,9.86
net1064,9.86
net1595,9.86
net1622,9.86
net765,9.84
net1664,9.84
_00343_,9.825
_00454_,9.825
_00740_,9.825
_00898_,9.825
_01682_,9.825
_01880_,9.82
_02320_,9.82
_03798_,9.82
_04223_,9.82
_05103_,9.82
_05323_,9.82
_05581_,9.82
_06295_,9.82
_07082_,9.82
net1215,9.82
net1391,9.82
_04382_,9.8
_04752_,9.8
_06870_,9.8
_00681_,9.78
_02166_,9.78
_03431_,9.78
_03701_,9.78
_04163_,9.78
_05532_,9.78
_05682_,9.78
_06041_,9.78
_06073_,9.78
_01033_,9.765
_01017_,9.76
_01570_,9.76
_06617_,9.76
net740,9.76
net966,9.76
net999,9.76
net1112,9.76
net1417,9.76
net1458,9.76
_00727_,9.745
_01636_,9.745
instr_mem1.rom\[10\]\[9\],9.745
_05598_,9.74
_06129_,9.74
_06385_,9.74
_07254_,9.74
_07331_,9.74
instr_mem1.rom\[5\]\[0\],9.74
net861,9.74
net1601,9.74
_01274_,9.725
_05497_,9.72
_06618_,9.72
net1340,9.72
_00828_,9.705
_01101_,9.705
_05310_,9.7
instr_mem1.rom\[3\]\[5\],9.7
net1518,9.7
_01879_,9.68
_02359_,9.68
_06988_,9.68
dmem.ram\[43\]\[2\],9.68
net1072,9.68
net1140,9.68
net1295,9.68
net1493,9.68
_03263_,9.66
dmem.ram\[14\]\[7\],9.66
net739,9.66
net877,9.66
net1050,9.66
net1100,9.66
net1342,9.66
net1377,9.66
net1427,9.66
net1514,9.66
net1562,9.66
net1611,9.66
_00536_,9.645
_00962_,9.645
_01601_,9.645
_02285_,9.64
_02648_,9.64
_04062_,9.64
_04871_,9.64
debug_mem_data[10],9.64
debug_reg_data[8],9.64
instr_wdata[2],9.64
ir_port[6],9.64
pc_out_port[0],9.64
pc_out_port[6],9.64
pc_out_port[8],9.64
net767,9.64
net1048,9.64
net1489,9.64
net1597,9.64
_04455_,9.62
_04631_,9.62
_05885_,9.62
_06395_,9.62
dmem.ram\[56\]\[11\],9.62
_00452_,9.605
_00745_,9.605
_01934_,9.6
_02224_,9.6
net1107,9.6
net1655,9.6
_00480_,9.585
_00933_,9.585
_01493_,9.585
_01714_,9.585
_06406_,9.585
_02007_,9.58
_02227_,9.58
_06519_,9.58
rr_ex_pipe_reg.RF_D1_Out\[4\],9.58
net1196,9.58
_01179_,9.56
net277,9.54
net397,9.54
net700,9.54
net1229,9.54
_00295_,9.525
_00404_,9.52
_02566_,9.52
_02974_,9.52
_03255_,9.52
_04249_,9.52
_04628_,9.52
_04739_,9.52
_05114_,9.52
_06450_,9.52
_06798_,9.52
debug_mem_addr[0],9.52
debug_mem_addr[3],9.52
ex_mem_pipe_reg.RF_D1_Out\[2\],9.52
id_rr_pipe_reg.pc_out\[12\],9.52
instr_mem1.rom\[9\]\[0\],9.52
net144,9.52
net228,9.52
net332,9.52
net471,9.52
net1469,9.52
net1542,9.52
net1556,9.52
_00719_,9.505
_03508_,9.5
_03941_,9.5
_07183_,9.5
instr_mem1.rom\[13\]\[6\],9.5
net169,9.5
_01011_,9.485
_00671_,9.48
_02173_,9.48
_03174_,9.48
_03182_,9.48
_03452_,9.48
_03791_,9.48
_03861_,9.48
_04401_,9.48
_05534_,9.48
_06035_,9.48
_06644_,9.48
_07377_,9.48
net348,9.48
net699,9.48
_00859_,9.465
_00961_,9.465
_04971_,9.455
_00569_,9.445
_00728_,9.445
_01586_,9.445
_03112_,9.44
_03321_,9.44
_05750_,9.44
_06106_,9.44
net113,9.44
net570,9.44
_04768_,9.43
instr_mem1.rom\[6\]\[6\],9.43
_02783_,9.42
_03885_,9.42
_04164_,9.42
_06144_,9.42
_07075_,9.42
_07307_,9.42
net1329,9.42
_00450_,9.405
_01701_,9.405
_02487_,9.4
_03061_,9.4
_03531_,9.4
_04274_,9.4
_04987_,9.4
_05382_,9.4
_06212_,9.4
_06833_,9.4
_07353_,9.4
debug_mem_addr[5],9.4
dmem.ram\[41\]\[5\],9.4
instr_wdata[13],9.4
instr_we,9.4
net752,9.4
net818,9.4
net1154,9.4
net1216,9.4
net1322,9.4
net1645,9.4
_01453_,9.385
_01733_,9.385
_02691_,9.38
_04718_,9.38
_06244_,9.38
la_sa_lm_sm_block.reg_data_form_id_128\[105\],9.38
net252,9.38
_01123_,9.365
_01903_,9.36
_02026_,9.36
_03305_,9.36
_03647_,9.36
_03958_,9.36
_03970_,9.36
_04286_,9.36
_04305_,9.36
_05002_,9.36
_05916_,9.36
_06066_,9.36
_06556_,9.36
_06648_,9.36
_07117_,9.36
_07203_,9.36
net680,9.36
net1136,9.36
net1268,9.36
_00406_,9.34
_02354_,9.34
_06060_,9.34
_07246_,9.34
_05444_,9.32
_05564_,9.32
_06919_,9.32
instr_mem1.rom\[15\]\[10\],9.32
_00829_,9.3
_01072_,9.3
_01743_,9.3
_01815_,9.3
_05246_,9.3
net141,9.3
net621,9.3
net693,9.3
net808,9.3
net1000,9.3
net1101,9.3
net1150,9.3
net1161,9.3
net1299,9.3
net1350,9.3
net1588,9.3
_00111_,9.285
_04278_,9.28
_05324_,9.28
_07162_,9.28
_07279_,9.28
_07299_,9.28
la_sa_lm_sm_block.reg_data_form_id_128\[14\],9.28
net1114,9.28
net1360,9.28
net1603,9.28
_00711_,9.26
_02111_,9.26
_03224_,9.26
net747,9.26
net763,9.26
net1159,9.26
net1325,9.26
net316,9.245
net398,9.245
_03273_,9.24
dmem.ram\[20\]\[9\],9.24
instr_mem1.rom\[5\]\[15\],9.24
_00389_,9.225
_01589_,9.225
_03906_,9.22
_00539_,9.205
_01190_,9.205
_03175_,9.2
_04950_,9.2
_06762_,9.2
_07020_,9.2
net782,9.2
net1043,9.2
net1247,9.2
_00975_,9.185
_03027_,9.18
_04984_,9.18
_07284_,9.18
net230,9.18
net1129,9.18
net1225,9.18
net1479,9.18
net1480,9.18
instr_mem1.rom\[6\]\[0\],9.165
_00848_,9.16
_03254_,9.16
_04674_,9.16
_05357_,9.16
net1684,9.16
_02238_,9.14
net722,9.14
net1062,9.14
_03057_,9.12
_05107_,9.12
net996,9.12
net1437,9.12
net378,9.105
instr_waddr[0],9.09
_03823_,9.08
net477,9.08
_01481_,9.065
_02818_,9.06
_03253_,9.06
_04363_,9.06
_06615_,9.06
id_rr_pipe_reg.pc_next_out\[9\],9.06
net136,9.06
net571,9.06
net1548,9.06
net1685,9.06
_05404_,9.05
_01989_,9.04
_06189_,9.04
_07172_,9.04
_07239_,9.04
_01725_,9.025
_02602_,9.02
_02688_,9.02
_03222_,9.02
_03286_,9.02
_03289_,9.02
_03471_,9.02
_04102_,9.02
_04386_,9.02
_05008_,9.02
_05632_,9.02
_06111_,9.02
_06187_,9.02
_06846_,9.02
_07053_,9.02
_07084_,9.02
_07332_,9.02
instr_mem1.rom\[1\]\[8\],9.02
net1279,9.02
_00661_,9.005
_00974_,9.005
_00407_,8.985
_00886_,8.985
_01076_,8.985
_01092_,8.985
_01317_,8.985
_03475_,8.98
_03709_,8.98
_05015_,8.98
_05864_,8.98
la_sa_lm_sm_block.reg_data_form_id_128\[75\],8.98
net297,8.98
net774,8.98
_02449_,8.96
_02607_,8.96
_04765_,8.96
_05611_,8.96
_07137_,8.96
_07188_,8.96
debug_mem_data[0],8.96
debug_reg_data[3],8.96
ir_port[15],8.96
ir_port[2],8.96
pc_out_port[2],8.96
net234,8.96
net268,8.96
net1068,8.96
_00696_,8.945
_00762_,8.945
_00824_,8.945
_01687_,8.945
instr_mem1.rom\[14\]\[2\],8.945
_02474_,8.94
_02528_,8.94
_02808_,8.94
_03544_,8.94
_04217_,8.94
la_sa_lm_sm_block.reg_data_form_id_128\[106\],8.94
rr_ex_pipe_reg.RF_D1_Out\[7\],8.94
net63,8.94
net300,8.94
net610,8.94
net859,8.94
net1104,8.94
net1202,8.94
net1396,8.94
net1528,8.94
net1537,8.94
net1620,8.94
net1628,8.94
debug_reg_data[2],8.93
pc_out_port[3],8.93
_02230_,8.92
_04763_,8.92
_01819_,8.9
_02233_,8.9
_02755_,8.9
_03279_,8.9
_04337_,8.9
_04687_,8.9
_06040_,8.9
_06300_,8.9
_06633_,8.9
la_sa_lm_sm_block.reg_data_form_id_128\[40\],8.9
rr_ex_pipe_reg.RF_D2_Out\[15\],8.9
net192,8.9
net698,8.9
net847,8.9
net1209,8.9
_06420_,8.89
_02118_,8.88
_02142_,8.88
_04021_,8.88
_01164_,8.865
_02503_,8.86
_02797_,8.86
_03078_,8.86
_04057_,8.86
_04642_,8.86
_05370_,8.86
_05439_,8.86
_05443_,8.86
_06162_,8.86
_00632_,8.84
_00995_,8.84
_01016_,8.84
_01539_,8.84
_07093_,8.84
_07301_,8.84
_07354_,8.84
instr_waddr[3],8.84
instr_wdata[14],8.84
instr_wdata[4],8.84
net563,8.84
net863,8.84
net939,8.84
net995,8.84
net1093,8.84
net1124,8.84
net1545,8.84
net1549,8.84
_02525_,8.82
_03388_,8.82
_05887_,8.82
_07116_,8.82
_07187_,8.82
net779,8.82
net892,8.82
net982,8.82
net1448,8.82
net1687,8.82
_01163_,8.8
_01537_,8.8
_04998_,8.8
ex_mem_pipe_reg.Instr_Out\[7\],8.8
net947,8.8
net1086,8.8
_06242_,8.79
instr_mem1.rom\[6\]\[7\],8.785
_04438_,8.78
_07122_,8.78
dmem.ram\[12\]\[12\],8.78
net683,8.78
_00004_,8.765
_00116_,8.765
_01444_,8.765
_00140_,8.76
net790,8.76
net900,8.76
net1441,8.76
_00926_,8.745
_01795_,8.745
_06077_,8.74
_07100_,8.74
_07211_,8.74
net624,8.74
net691,8.74
net986,8.74
net1201,8.74
net1449,8.74
_00550_,8.725
net588,8.725
_05101_,8.72
debug_mem_data[1],8.72
debug_mem_data[8],8.72
debug_reg_data[14],8.72
instr_wdata[1],8.72
instr_wdata[3],8.72
ir_port[13],8.72
pc_out_port[7],8.72
net853,8.72
net1619,8.72
_00673_,8.7
_02216_,8.7
_02814_,8.7
_05296_,8.7
dmem.ram\[30\]\[0\],8.7
net312,8.7
net901,8.7
net1251,8.7
_03199_,8.68
_03377_,8.68
_05526_,8.68
dmem.ram\[33\]\[11\],8.68
net1473,8.68
net1598,8.68
_00329_,8.665
_02164_,8.66
_03980_,8.66
_05194_,8.66
_05649_,8.66
_06373_,8.66
_04912_,8.65
_01653_,8.645
_06161_,8.64
_00397_,8.625
_00578_,8.625
_03288_,8.62
net231,8.62
net426,8.62
net465,8.62
net567,8.62
_00335_,8.605
_01563_,8.605
net484,8.605
_00618_,8.6
_02961_,8.6
_04214_,8.6
_04675_,8.6
_05445_,8.6
_05628_,8.6
_06709_,8.6
_06837_,8.6
_07136_,8.6
net387,8.6
net467,8.6
net490,8.6
net518,8.6
net644,8.6
_02153_,8.58
_07063_,8.58
_07167_,8.58
net519,8.58
_00699_,8.565
_00700_,8.565
_01064_,8.565
_01972_,8.56
_02420_,8.56
_02758_,8.56
_02853_,8.56
_03437_,8.56
_04301_,8.56
_04714_,8.56
_05088_,8.56
_05322_,8.56
_05662_,8.56
_06089_,8.56
_06660_,8.56
_07079_,8.56
instr_mem1.rom\[11\]\[14\],8.56
_02171_,8.54
_00310_,8.525
_00620_,8.525
_01050_,8.525
_01507_,8.525
_01699_,8.525
_01835_,8.52
_01895_,8.52
_05308_,8.52
_06930_,8.52
_07070_,8.52
_02037_,8.5
_02438_,8.5
_04751_,8.5
_05543_,8.5
_05553_,8.5
_05898_,8.5
_07131_,8.5
_07144_,8.5
net491,8.5
_00544_,8.485
_00761_,8.485
_00770_,8.485
_00825_,8.485
_00890_,8.485
_01245_,8.485
_01593_,8.485
_01645_,8.485
_01704_,8.485
_00447_,8.48
_02460_,8.48
_02950_,8.48
_03328_,8.48
_03674_,8.48
_03852_,8.48
_03915_,8.48
_04536_,8.48
_05193_,8.48
_05290_,8.48
_05374_,8.48
_05976_,8.48
_06747_,8.48
net257,8.48
net364,8.48
net635,8.48
net850,8.48
net862,8.48
net904,8.48
net969,8.48
net1044,8.48
net1180,8.48
net1284,8.48
net1310,8.48
net1456,8.48
net1524,8.48
net1576,8.48
net1613,8.48
net1629,8.48
_00900_,8.465
_01406_,8.465
_03215_,8.46
_01599_,8.445
_02596_,8.44
_03315_,8.44
_03371_,8.44
_03673_,8.44
_04024_,8.44
_05913_,8.44
_06084_,8.44
_06529_,8.44
_06675_,8.44
net173,8.44
net345,8.44
net794,8.44
net1010,8.44
_02967_,8.4
_03108_,8.4
_03557_,8.4
_03808_,8.4
_04023_,8.4
_04119_,8.4
_04338_,8.4
_07099_,8.4
_07190_,8.4
net1138,8.4
_00517_,8.38
_03454_,8.38
_05362_,8.38
_06676_,8.38
net237,8.38
net606,8.38
net692,8.38
net735,8.38
net880,8.38
net957,8.38
net1127,8.38
net1187,8.38
net1203,8.38
net1400,8.38
_02066_,8.36
_02170_,8.36
_02572_,8.36
_03943_,8.36
_06377_,8.36
_06502_,8.36
_07378_,8.36
net263,8.36
net647,8.36
net654,8.36
net899,8.36
net918,8.36
net1580,8.36
_00973_,8.34
_01051_,8.34
_02136_,8.34
_02256_,8.34
_02407_,8.34
net761,8.34
net979,8.34
net1525,8.34
_01659_,8.325
_00835_,8.32
_05110_,8.32
_06761_,8.32
instr_mem1.rom\[9\]\[8\],8.32
_00141_,8.305
_00738_,8.305
_00791_,8.305
_01355_,8.305
_00493_,8.3
_03449_,8.3
_04705_,8.3
_05029_,8.3
_06698_,8.3
net1275,8.3
_00037_,8.285
_00401_,8.285
_01991_,8.28
_07103_,8.28
net1076,8.28
net1152,8.28
net1165,8.28
_02273_,8.27
_00190_,8.265
_00191_,8.265
_00373_,8.265
_01181_,8.26
_05179_,8.26
_06854_,8.26
_06876_,8.26
_06980_,8.26
net1608,8.26
pc_out_port[11],8.25
zero_flag_port,8.25
_02033_,8.24
_04349_,8.24
_05456_,8.24
_05472_,8.24
_06829_,8.24
dmem.ram\[59\]\[15\],8.24
la_sa_lm_sm_block.reg_data_form_id_128\[16\],8.24
net537,8.24
_00321_,8.225
_01001_,8.225
_01012_,8.225
_03000_,8.22
_04862_,8.22
_05657_,8.22
net1227,8.22
_01010_,8.205
_02338_,8.2
_02707_,8.2
_04393_,8.2
dmem.ram\[34\]\[11\],8.2
_00631_,8.195
_00369_,8.165
_00749_,8.165
_01408_,8.165
_02215_,8.16
_02925_,8.16
_03284_,8.16
_03485_,8.16
_04140_,8.16
_04921_,8.16
_06891_,8.16
la_sa_lm_sm_block.reg_data_form_id_128\[108\],8.16
net199,8.16
net299,8.16
_00963_,8.155
_01285_,8.155
_00543_,8.145
_02866_,8.14
_03466_,8.14
_03811_,8.14
_04603_,8.14
_05844_,8.14
_06757_,8.14
id_rr_pipe_reg.pc_next_out\[3\],8.14
net225,8.14
net247,8.14
net248,8.14
net1120,8.14
net1309,8.14
_02300_,8.12
_05044_,8.12
_06186_,8.12
net548,8.12
net917,8.12
_00425_,8.105
_01207_,8.105
_01906_,8.1
_02979_,8.1
_03020_,8.1
_03379_,8.1
_05031_,8.1
_06234_,8.1
_06454_,8.1
_07120_,8.1
_07335_,8.1
_07394_,8.1
id_rr_pipe_reg.pc_next_out\[7\],8.1
instr_mem1.rom\[13\]\[5\],8.1
la_sa_lm_sm_block.reg_data_form_id_128\[107\],8.1
la_sa_lm_sm_block.reg_data_form_id_128\[111\],8.1
_06116_,8.09
_02959_,8.07
_00508_,8.065
_00639_,8.065
_00804_,8.065
_00819_,8.065
_00920_,8.065
_00952_,8.065
_00969_,8.065
_01533_,8.065
_01579_,8.065
_01624_,8.065
la_sa_lm_sm_block.reg_data_form_id_128\[20\],8.065
_01829_,8.06
_03353_,8.06
_04357_,8.06
_05098_,8.06
_06959_,8.06
net131,8.06
net1510,8.06
instr_wdata[9],8.05
_00922_,8.04
_05648_,8.04
_06198_,8.04
_06432_,8.04
carry_flag_port,8.04
debug_reg_data[0],8.04
ir_port[11],8.04
ir_port[7],8.04
pc_out_port[15],8.04
_00782_,8.025
_01096_,8.025
_01198_,8.025
instr_mem1.rom\[2\]\[4\],8.025
_00636_,8.02
_00638_,8.02
_01907_,8.02
_02727_,8.02
_03975_,8.02
_04574_,8.02
_04953_,8.02
_05007_,8.02
_05666_,8.02
_05830_,8.02
_07068_,8.02
id_rr_pipe_reg.instr_out\[15\],8.02
net49,8.02
net115,8.02
net182,8.02
net363,8.02
net669,8.02
net799,8.02
net919,8.02
net1110,8.02
net1192,8.02
net1197,8.02
net1381,8.02
net1538,8.02
_00232_,8.005
_05596_,8
_05828_,8
_06119_,8
_06253_,8
_06965_,8
_00419_,7.985
_01531_,7.985
_02139_,7.98
_02498_,7.98
_02518_,7.98
_02684_,7.98
_03026_,7.98
_03368_,7.98
_03908_,7.98
_05155_,7.98
_05588_,7.98
_05990_,7.98
_06031_,7.98
_06068_,7.98
_06375_,7.98
_07327_,7.98
la_sa_lm_sm_block.reg_data_form_id_128\[110\],7.98
net205,7.98
net512,7.98
net592,7.98
net879,7.98
net914,7.98
net1055,7.98
net1081,7.98
net1117,7.98
net1169,7.98
_01205_,7.975
_00262_,7.96
_03455_,7.96
rr_ex_pipe_reg.RF_A2_Out\[0\],7.96
_05890_,7.95
_00766_,7.945
_01425_,7.945
_01463_,7.945
_00080_,7.94
_01175_,7.94
_02477_,7.94
_04207_,7.94
_04364_,7.94
_05424_,7.94
_05464_,7.94
_06185_,7.94
_06458_,7.94
_07168_,7.94
_00691_,7.92
_01093_,7.92
_04729_,7.92
_05116_,7.92
_05531_,7.92
net146,7.92
net716,7.92
net785,7.92
net965,7.92
net1014,7.92
net1019,7.92
net1074,7.92
net1435,7.92
net1634,7.92
_03776_,7.91
_01810_,7.905
_03358_,7.9
_06204_,7.9
instr_mem1.rom\[13\]\[9\],7.9
instr_mem1.rom\[15\]\[5\],7.9
instr_mem1.rom\[5\]\[8\],7.9
net1004,7.9
_00214_,7.88
_00564_,7.88
_00652_,7.88
_01013_,7.88
_01044_,7.88
_01962_,7.88
_03117_,7.88
_05521_,7.88
net724,7.88
net1602,7.88
_00455_,7.86
_05745_,7.86
_06830_,7.86
net1145,7.86
_00537_,7.825
_07179_,7.82
net1123,7.82
net1128,7.82
net1617,7.82
_00384_,7.805
_00516_,7.805
_00605_,7.805
_00774_,7.805
_01382_,7.805
_01639_,7.805
_01276_,7.8
_02817_,7.8
_03848_,7.8
net629,7.8
net659,7.8
net685,7.8
net1560,7.8
_01330_,7.795
_01134_,7.78
_02731_,7.78
_03887_,7.78
ex_mem_pipe_reg.Instr_Out\[3\],7.78
net1091,7.78
_01609_,7.765
_06205_,7.765
_02732_,7.76
_05055_,7.76
la_sa_lm_sm_block.reg_data_form_id_128\[84\],7.76
net1190,7.76
_00888_,7.745
_01685_,7.745
_00016_,7.725
_01292_,7.725
_01688_,7.725
_05522_,7.725
_02167_,7.72
_02996_,7.72
_03892_,7.72
la_sa_lm_sm_block.reg_data_form_id_128\[33\],7.72
_00850_,7.705
_00616_,7.7
_02981_,7.7
_06824_,7.7
net152,7.7
net202,7.7
net216,7.7
net221,7.7
net326,7.7
net440,7.7
net543,7.7
net600,7.7
net1674,7.7
_01915_,7.68
_02517_,7.68
_02720_,7.68
_02985_,7.68
_03017_,7.68
_03071_,7.68
_03492_,7.68
_03822_,7.68
_04117_,7.68
_06132_,7.68
_07264_,7.68
id_rr_pipe_reg.pc_out\[10\],7.68
net203,7.68
net306,7.68
net534,7.68
net1186,7.68
net1288,7.68
net1572,7.68
net1631,7.68
net1657,7.68
_02204_,7.66
_04299_,7.66
instr_mem1.rom\[3\]\[4\],7.66
la_sa_lm_sm_block.reg_data_form_id_128\[89\],7.66
net305,7.66
_00225_,7.645
_00424_,7.645
_01060_,7.645
_01268_,7.645
_01363_,7.645
_02813_,7.64
_03241_,7.64
_03477_,7.64
_03758_,7.64
_03886_,7.64
_03988_,7.64
_05358_,7.64
_05458_,7.64
_05798_,7.64
_06304_,7.64
_06650_,7.64
_06769_,7.64
_07304_,7.64
instr_mem1.rom\[5\]\[11\],7.64
net150,7.64
net206,7.64
net956,7.64
_00257_,7.625
_00405_,7.625
_00022_,7.605
_00236_,7.605
_00271_,7.605
_00331_,7.605
_00870_,7.605
_01177_,7.605
_01241_,7.605
_01522_,7.605
_01605_,7.605
net894,7.605
_02349_,7.6
_02409_,7.6
_02435_,7.6
_03766_,7.6
_04071_,7.6
_04196_,7.6
_05072_,7.6
_07065_,7.6
_07112_,7.6
net309,7.6
_00887_,7.58
_01226_,7.58
_02075_,7.58
_02222_,7.58
net276,7.58
net395,7.58
_00364_,7.565
_00756_,7.565
_00820_,7.565
_00937_,7.565
_01058_,7.565
_01409_,7.565
_01529_,7.565
_01623_,7.565
_02454_,7.56
_03008_,7.56
_03882_,7.56
_04311_,7.56
_04330_,7.56
_05140_,7.56
_05253_,7.56
_05315_,7.56
_06437_,7.56
_06844_,7.56
_07160_,7.56
_07364_,7.56
net156,7.56
net163,7.56
net190,7.56
net254,7.56
net787,7.56
net1024,7.56
net1122,7.56
net1257,7.56
net1387,7.56
net1459,7.56
net1654,7.56
_01199_,7.545
_01111_,7.54
_03178_,7.54
_05857_,7.54
_07313_,7.54
net352,7.54
_00132_,7.525
_01852_,7.52
_02465_,7.52
_02687_,7.52
_03626_,7.52
_03715_,7.52
_04128_,7.52
_04194_,7.52
_04348_,7.52
_05009_,7.52
_05398_,7.52
_05510_,7.52
_06061_,7.52
_06225_,7.52
_07091_,7.52
net971,7.52
net1036,7.52
net1041,7.52
net1054,7.52
_02507_,7.5
_04153_,7.5
_06537_,7.5
_06151_,7.49
net478,7.49
_00078_,7.485
_00246_,7.485
_00513_,7.485
_00589_,7.485
_00644_,7.485
_01448_,7.485
_01460_,7.485
_03912_,7.48
_04192_,7.48
_04323_,7.48
_04377_,7.48
_05507_,7.48
_06093_,7.48
_01720_,7.465
_00115_,7.46
_01607_,7.46
_02024_,7.46
_02905_,7.46
net245,7.46
net249,7.46
net293,7.46
net775,7.46
net781,7.46
net858,7.46
net943,7.46
net1078,7.46
net1106,7.46
net1179,7.46
net1224,7.46
net1412,7.46
net1443,7.46
net1586,7.46
net1609,7.46
net1627,7.46
_00244_,7.455
_00125_,7.445
_01084_,7.445
_01562_,7.445
_01911_,7.44
_02041_,7.44
_03306_,7.44
_03990_,7.44
_04183_,7.44
_05268_,7.44
_06751_,7.44
_06777_,7.44
la_sa_lm_sm_block.reg_data_form_id_128\[42\],7.44
net135,7.44
net845,7.44
net1194,7.44
net1280,7.44
_00833_,7.42
_02264_,7.42
_02847_,7.42
_04344_,7.42
_05438_,7.42
_06473_,7.42
net708,7.42
net754,7.42
net807,7.42
net902,7.42
net1143,7.42
net1235,7.42
net1474,7.42
net1543,7.42
_01658_,7.415
_03529_,7.4
_05078_,7.4
_07080_,7.4
_00051_,7.385
_00179_,7.385
_00934_,7.385
_00953_,7.385
_01445_,7.385
_01527_,7.385
_01633_,7.385
_06853_,7.38
net696,7.38
debug_mem_addr[4],7.37
_00313_,7.365
_01120_,7.365
_06760_,7.36
net703,7.36
net842,7.36
net1023,7.36
net1130,7.36
net1333,7.36
_00344_,7.345
_02004_,7.34
_03179_,7.34
_05495_,7.34
la_sa_lm_sm_block.reg_data_form_id_128\[95\],7.34
net839,7.34
net872,7.34
net1008,7.34
net1077,7.34
_05215_,7.325
_02027_,7.32
_02922_,7.32
_05409_,7.32
_07049_,7.32
_00502_,7.305
_00936_,7.305
_00500_,7.3
_01772_,7.295
_00611_,7.285
_00942_,7.285
_01194_,7.285
_02016_,7.28
_06350_,7.28
_01136_,7.265
instr_wdata[6],7.25
_01442_,7.245
_04851_,7.24
_05120_,7.24
_06778_,7.24
_06808_,7.24
net127,7.24
net198,7.24
net385,7.24
net447,7.24
net457,7.24
net527,7.24
net603,7.24
net1686,7.24
_00585_,7.225
_01384_,7.225
_01592_,7.22
_02295_,7.22
_02679_,7.22
_02899_,7.22
_03967_,7.22
_04095_,7.22
_04129_,7.22
_04875_,7.22
_04902_,7.22
_04923_,7.22
_04940_,7.22
_04980_,7.22
_05232_,7.22
_06914_,7.22
_07047_,7.22
_07101_,7.22
_07237_,7.22
id_rr_pipe_reg.pc_out\[11\],7.22
net201,7.22
net286,7.22
net311,7.22
net1007,7.22
net1033,7.22
net1157,7.22
net1207,7.22
net1678,7.22
_00428_,7.2
_01988_,7.2
_03512_,7.2
_04175_,7.2
_04415_,7.2
_04431_,7.2
_00464_,7.185
_00655_,7.185
_00668_,7.185
_00940_,7.185
_00893_,7.18
_02244_,7.18
_02689_,7.18
_02858_,7.18
_02906_,7.18
_03416_,7.18
_03468_,7.18
_04114_,7.18
_04795_,7.18
_05071_,7.18
_05646_,7.18
_06431_,7.18
_06939_,7.18
_06986_,7.18
_07146_,7.18
_07362_,7.18
la_sa_lm_sm_block.reg_data_form_id_128\[97\],7.18
_00084_,7.165
_00528_,7.165
_01090_,7.165
_01105_,7.165
_00180_,7.145
_00226_,7.145
_00779_,7.145
_00841_,7.145
_00988_,7.145
_01059_,7.145
_01169_,7.145
_01700_,7.145
_02352_,7.14
_02502_,7.14
_05451_,7.13
_02012_,7.12
_03030_,7.12
_03084_,7.12
_06399_,7.12
_06514_,7.12
net188,7.12
net281,7.12
net356,7.12
net451,7.12
_00258_,7.105
_00416_,7.105
_00929_,7.105
_01712_,7.105
_03520_,7.105
_01908_,7.1
_02089_,7.1
_02262_,7.1
_02418_,7.1
_02470_,7.1
_02562_,7.1
_02722_,7.1
_03488_,7.1
_03753_,7.1
_04124_,7.1
_04378_,7.1
_05142_,7.1
_05341_,7.1
_05384_,7.1
_05587_,7.1
_07023_,7.1
_07071_,7.1
_07134_,7.1
_07163_,7.1
_07277_,7.1
_07278_,7.1
la_sa_lm_sm_block.reg_data_form_id_128\[98\],7.1
net235,7.1
net328,7.1
net852,7.1
net980,7.1
net1102,7.1
net1234,7.1
net1246,7.1
net1296,7.1
net1393,7.1
_02011_,7.08
_01863_,7.06
_01918_,7.06
_02284_,7.06
_02478_,7.06
_02765_,7.06
_03281_,7.06
_03333_,7.06
_03461_,7.06
_03586_,7.06
_03974_,7.06
_04012_,7.06
_04118_,7.06
_04189_,7.06
_04252_,7.06
_04655_,7.06
_04782_,7.06
_06376_,7.06
_07330_,7.06
la_sa_lm_sm_block.reg_data_form_id_128\[86\],7.06
net52,7.06
net337,7.06
net942,7.06
net1347,7.06
net1415,7.06
net1554,7.06
net1565,7.06
net1596,7.06
net1661,7.06
_00678_,7.055
_00184_,7.045
_04855_,7.04
_06795_,7.04
_07209_,7.04
_00094_,7.025
_00139_,7.025
_00306_,7.025
_01461_,7.025
instr_wdata[0],7.01
processor_running,7.01
_00594_,7.005
_00400_,7
_00633_,7
_00672_,7
_00720_,7
_00924_,7
_03404_,7
_04428_,7
_04703_,7
net652,7
net796,7
net843,7
net1094,7
net1135,7
net1182,7
net1236,7
net1240,7
net1278,7
net1327,7
net1339,7
net1341,7
net1424,7
net1513,7
net1546,7
net1604,7
_04254_,6.98
_04320_,6.98
_04665_,6.98
_04870_,6.98
_06718_,6.98
_07086_,6.98
instr_mem1.rom\[13\]\[10\],6.98
net726,6.98
net1099,6.98
_00137_,6.96
_01465_,6.96
_01627_,6.96
_01661_,6.96
_02290_,6.96
_03172_,6.96
_05067_,6.96
net810,6.96
net922,6.96
net978,6.96
net1038,6.96
net1188,6.96
net1421,6.96
_02083_,6.94
net770,6.94
net1357,6.94
_00845_,6.925
_04412_,6.92
_06922_,6.92
_00489_,6.905
_02243_,6.9
net967,6.9
net1147,6.9
net1211,6.9
net1345,6.9
net1411,6.9
net1530,6.9
net1532,6.9
_00533_,6.885
_00041_,6.88
_02784_,6.88
_05806_,6.88
la_sa_lm_sm_block.reg_data_form_id_128\[93\],6.88
net667,6.88
net1134,6.88
_00687_,6.865
_06080_,6.86
_06715_,6.86
_05899_,6.85
_00170_,6.845
_01377_,6.845
_01595_,6.845
_02811_,6.84
la_sa_lm_sm_block.reg_data_form_id_128\[83\],6.84
net209,6.84
_00312_,6.825
_01812_,6.825
_01813_,6.825
_03904_,6.82
_06976_,6.82
net888,6.82
_03447_,6.815
_00750_,6.805
_01290_,6.785
_00409_,6.78
_04845_,6.78
_05329_,6.78
_05775_,6.78
_06124_,6.78
_06413_,6.78
net162,6.78
net167,6.78
net251,6.78
net258,6.78
net271,6.78
net289,6.78
net290,6.78
net301,6.78
net303,6.78
net357,6.78
net411,6.78
net568,6.78
net615,6.78
net1658,6.78
_00017_,6.765
_00178_,6.765
_01823_,6.76
_02134_,6.76
_02147_,6.76
_02358_,6.76
_03338_,6.76
_03414_,6.76
_03896_,6.76
_04064_,6.76
_04529_,6.76
_05168_,6.76
_05313_,6.76
_05478_,6.76
_05483_,6.76
_05560_,6.76
_06032_,6.76
_06076_,6.76
_07028_,6.76
ex_mem_pipe_reg.Instr_Out\[6\],6.76
net183,6.76
net191,6.76
net197,6.76
net376,6.76
net462,6.76
net1040,6.76
_00415_,6.745
_00619_,6.745
_00641_,6.745
_02183_,6.74
_02956_,6.74
_03977_,6.74
_04909_,6.74
_07230_,6.74
net514,6.74
_00256_,6.725
_00429_,6.725
_00812_,6.725
_01378_,6.725
_01778_,6.725
_01843_,6.72
_02467_,6.72
_02876_,6.72
_03068_,6.72
_03211_,6.72
_03276_,6.72
_03467_,6.72
_03497_,6.72
_03792_,6.72
_03814_,6.72
_04160_,6.72
_04177_,6.72
_04248_,6.72
_04336_,6.72
_05378_,6.72
_05383_,6.72
_05505_,6.72
_05660_,6.72
_06296_,6.72
_06440_,6.72
_06666_,6.72
_07228_,6.72
id_rr_pipe_reg.pc_next_out\[0\],6.72
net1670,6.72
_00070_,6.705
_00989_,6.705
_01216_,6.705
_01228_,6.705
_01249_,6.705
_01591_,6.705
_01710_,6.705
_02107_,6.7
_06449_,6.7
_00042_,6.685
_00142_,6.685
_00309_,6.685
_00491_,6.685
_00759_,6.685
_00784_,6.685
_00908_,6.685
_01053_,6.685
_01125_,6.685
_01435_,6.685
_01474_,6.685
_01696_,6.685
_01698_,6.685
_06050_,6.68
_07324_,6.68
_00186_,6.66
_00997_,6.66
_02112_,6.66
_02239_,6.66
_02752_,6.66
_03293_,6.66
_03650_,6.66
_03806_,6.66
_05070_,6.66
_05252_,6.66
_05300_,6.66
_05640_,6.66
_06216_,6.66
net371,6.66
_04159_,6.65
_00534_,6.645
_01258_,6.64
_02340_,6.64
_02660_,6.64
_03036_,6.64
_03248_,6.64
_03381_,6.64
_03827_,6.64
_03981_,6.64
_04100_,6.64
_04169_,6.64
_04174_,6.64
_04235_,6.64
_04327_,6.64
_04829_,6.64
_05053_,6.64
_06043_,6.64
_06169_,6.64
_06611_,6.64
_06653_,6.64
_06680_,6.64
_06742_,6.64
_06772_,6.64
_06868_,6.64
_06990_,6.64
_07072_,6.64
_07133_,6.64
_07232_,6.64
_07287_,6.64
_07323_,6.64
la_sa_lm_sm_block.reg_data_form_id_128\[45\],6.64
net677,6.64
net777,6.64
net802,6.64
net833,6.64
net928,6.64
net1087,6.64
net1287,6.64
net1501,6.64
net1529,6.64
_01069_,6.625
_00005_,6.62
_00981_,6.62
_06893_,6.62
net1153,6.62
_00402_,6.6
_01833_,6.6
_01944_,6.6
_02009_,6.6
_02040_,6.6
_02422_,6.6
_02859_,6.6
_03267_,6.6
_03582_,6.6
_04070_,6.6
_04325_,6.6
_04326_,6.6
_04379_,6.6
_04408_,6.6
_04451_,6.6
_04611_,6.6
_05247_,6.6
_05607_,6.6
_06701_,6.6
_06841_,6.6
_07191_,6.6
_07322_,6.6
_07339_,6.6
la_sa_lm_sm_block.reg_data_form_id_128\[101\],6.6
la_sa_lm_sm_block.reg_data_form_id_128\[56\],6.6
net253,6.6
net997,6.6
_02896_,6.58
_07340_,6.58
_00853_,6.565
_00910_,6.565
_00978_,6.565
_01251_,6.565
_01532_,6.565
_00104_,6.545
_01077_,6.545
_00941_,6.54
_00980_,6.54
_01503_,6.54
_01515_,6.54
_01986_,6.54
_03234_,6.54
_04719_,6.54
_05679_,6.54
net560,6.54
net717,6.54
net730,6.54
net895,6.54
net926,6.54
net1084,6.54
net1212,6.54
net1301,6.54
net1369,6.54
net1373,6.54
net1468,6.54
net1488,6.54
_00093_,6.525
_00396_,6.525
_01784_,6.525
_02286_,6.52
_03177_,6.52
_03405_,6.52
_04969_,6.52
_05161_,6.52
_06034_,6.52
_06723_,6.52
_07077_,6.52
net1195,6.52
net1450,6.52
_00659_,6.5
_01993_,6.5
_03820_,6.5
_04558_,6.5
la_sa_lm_sm_block.reg_data_form_id_128\[103\],6.5
net672,6.5
net964,6.5
_01114_,6.495
_00781_,6.485
_01083_,6.485
_01107_,6.485
_04707_,6.48
instr_mem1.rom\[1\]\[2\],6.48
net220,6.48
net1006,6.48
_00553_,6.465
_00765_,6.465
_01056_,6.465
_01375_,6.465
_00440_,6.44
_06179_,6.44
net885,6.44
net1047,6.44
net1066,6.44
net1088,6.44
net1121,6.44
net1142,6.44
net1266,6.44
net1304,6.44
net1305,6.44
net1447,6.44
net1544,6.44
net1558,6.44
net1641,6.44
_00417_,6.425
_00451_,6.425
_00813_,6.425
_00692_,6.42
_00984_,6.42
_04602_,6.42
_05492_,6.42
_05653_,6.42
_07140_,6.42
_00238_,6.4
_01068_,6.4
_01638_,6.4
_02014_,6.4
_02028_,6.4
_05349_,6.4
_06372_,6.4
_06486_,6.4
_06513_,6.4
_06823_,6.4
_00559_,6.395
_00628_,6.385
_01104_,6.385
_00082_,6.365
_00212_,6.365
_00247_,6.365
_00342_,6.365
_00582_,6.365
_00959_,6.365
_00991_,6.365
_01018_,6.365
_01112_,6.365
_01240_,6.365
_01293_,6.365
_01329_,6.365
_01336_,6.365
_01340_,6.365
_01369_,6.365
_01372_,6.365
_01417_,6.365
_01747_,6.365
_01775_,6.365
_01776_,6.365
_02015_,6.36
_03052_,6.36
_05272_,6.36
_00555_,6.345
_01514_,6.325
_00677_,6.32
_02958_,6.32
_04551_,6.32
_04621_,6.32
_04932_,6.32
_05001_,6.32
_05049_,6.32
_05288_,6.32
_05504_,6.32
_05600_,6.32
_05792_,6.32
_05921_,6.32
_06238_,6.32
_06403_,6.32
_06750_,6.32
net525,6.32
dmem.ram\[15\]\[1\],6.315
_00584_,6.305
_01554_,6.3
_02291_,6.3
_02353_,6.3
_02439_,6.3
_02527_,6.3
_02799_,6.3
_02849_,6.3
_03019_,6.3
_03031_,6.3
_03187_,6.3
_04185_,6.3
_04241_,6.3
_04384_,6.3
_04577_,6.3
_04843_,6.3
_04945_,6.3
_05376_,6.3
_05401_,6.3
_05794_,6.3
_05813_,6.3
_05989_,6.3
_06820_,6.3
_06973_,6.3
_07089_,6.3
_07311_,6.3
id_rr_pipe_reg.pc_out\[0\],6.3
id_rr_pipe_reg.pc_out\[1\],6.3
if_id_pipe_reg.PC_Next_Out\[9\],6.3
net117,6.3
net232,6.3
net350,6.3
net589,6.3
net985,6.3
net1069,6.3
net118,6.295
_03646_,6.28
_03905_,6.28
_06405_,6.28
_07276_,6.28
_00167_,6.265
_00302_,6.265
_00679_,6.265
_00703_,6.265
_00895_,6.265
_00919_,6.265
_01041_,6.265
_01074_,6.265
_01415_,6.265
_01477_,6.265
_01486_,6.265
_01834_,6.26
_01847_,6.26
_01965_,6.26
_02177_,6.26
_02205_,6.26
_02289_,6.26
_02373_,6.26
_02417_,6.26
_02433_,6.26
_02699_,6.26
_02823_,6.26
_03216_,6.26
_03260_,6.26
_03298_,6.26
_03335_,6.26
_03884_,6.26
_03968_,6.26
_04170_,6.26
_04182_,6.26
_04767_,6.26
_05113_,6.26
_05127_,6.26
_05377_,6.26
_05430_,6.26
_05454_,6.26
_05975_,6.26
_05977_,6.26
_06301_,6.26
_07242_,6.26
ex_mem_pipe_reg.Control_Out\[0\],6.26
net59,6.26
net338,6.26
net1163,6.26
_03247_,6.24
instr_mem1.rom\[1\]\[11\],6.24
_00062_,6.225
_00210_,6.225
_00660_,6.225
_01454_,6.225
_01528_,6.225
_01656_,6.225
_01746_,6.225
net340,6.225
net583,6.225
debug_mem_data[15],6.21
debug_mem_data[5],6.21
debug_mem_data[6],6.21
debug_reg_data[1],6.21
debug_reg_data[4],6.21
ir_port[3],6.21
_05643_,6.205
_01022_,6.2
_02275_,6.2
_02428_,6.2
_02492_,6.2
_03232_,6.2
_04004_,6.2
_04888_,6.2
_05228_,6.2
_05920_,6.2
_06767_,6.2
_07261_,6.2
_07312_,6.2
net482,6.2
net520,6.2
net701,6.2
net1389,6.2
net1583,6.2
_03800_,6.19
_00535_,6.185
_00955_,6.185
_01132_,6.185
_01883_,6.18
_02105_,6.18
_03035_,6.18
_03425_,6.18
_03707_,6.18
_03961_,6.18
_03969_,6.18
_04087_,6.18
_04201_,6.18
_04227_,6.18
_04255_,6.18
_04573_,6.18
_05056_,6.18
_05128_,6.18
_05162_,6.18
_05484_,6.18
_05520_,6.18
_06139_,6.18
_06226_,6.18
_06417_,6.18
_06540_,6.18
_06743_,6.18
_06916_,6.18
_07002_,6.18
_07178_,6.18
_07250_,6.18
la_sa_lm_sm_block.reg_data_form_id_128\[92\],6.18
rr_ex_pipe_reg.RF_D1_Out\[5\],6.18
net161,6.18
net250,6.18
net874,6.18
net1568,6.18
net1632,6.18
net1659,6.18
_01000_,6.16
_02052_,6.16
_04794_,6.16
_05108_,6.16
_05280_,6.16
_00718_,6.145
_06082_,6.145
_01867_,6.14
_01891_,6.14
_02872_,6.14
_03192_,6.14
_03205_,6.14
_03304_,6.14
_03347_,6.14
_03383_,6.14
_03384_,6.14
_03445_,6.14
_03515_,6.14
_03571_,6.14
_03748_,6.14
_03859_,6.14
_03956_,6.14
_03997_,6.14
_04001_,6.14
_04003_,6.14
_04018_,6.14
_04187_,6.14
_04263_,6.14
_04342_,6.14
_04552_,6.14
_04712_,6.14
_04791_,6.14
_04801_,6.14
_05043_,6.14
_05157_,6.14
_05773_,6.14
_05919_,6.14
_05923_,6.14
_06045_,6.14
_06566_,6.14
_06643_,6.14
_06883_,6.14
_07106_,6.14
net552,6.14
net952,6.14
net955,6.14
net990,6.14
net1003,6.14
net1487,6.14
net166,6.12
instr_wdata[5],6.11
_01405_,6.105
_01436_,6.105
_01023_,6.1
_01040_,6.1
debug_reg_addr[1],6.09
reset,6.09
_00021_,6.08
_00305_,6.08
_01004_,6.08
_01242_,6.08
_04220_,6.08
_04656_,6.08
_04864_,6.08
_05139_,6.08
_05675_,6.08
_05836_,6.08
_06741_,6.08
_07295_,6.08
net905,6.08
net1013,6.08
net1073,6.08
net1098,6.08
net1126,6.08
net1132,6.08
net1343,6.08
net1356,6.08
net1470,6.08
net1557,6.08
net1599,6.08
_00382_,6.065
_01259_,6.065
_01309_,6.06
_01990_,6.06
_02116_,6.06
_02179_,6.06
_02484_,6.06
_02806_,6.06
_05992_,6.06
_06231_,6.06
_06785_,6.06
ex_mem_pipe_reg.Instr_Out\[4\],6.06
instr_mem1.rom\[9\]\[11\],6.06
net611,6.06
_00704_,6.045
_00453_,6.04
_00496_,6.04
_01402_,6.04
_04652_,6.04
_05337_,6.04
_05366_,6.04
_06352_,6.04
la_sa_lm_sm_block.reg_index_la_sa\[2\],6.04
net617,6.04
net670,6.04
net674,6.04
net675,6.04
net813,6.04
net878,6.04
net925,6.04
net1181,6.04
net1271,6.04
net1308,6.04
net1314,6.04
net1607,6.04
net1663,6.04
_05058_,6.03
_00675_,6.025
_00708_,6.025
_00901_,6.025
_01088_,6.025
_01106_,6.025
_05523_,6.02
net506,6.02
_00456_,6.015
_00972_,6.015
_00012_,6.005
_00563_,6.005
_00612_,6.005
_00760_,6.005
_00773_,6.005
_00788_,6.005
_00885_,6.005
_01081_,6.005
_01119_,6.005
_01606_,6.005
net558,6.005
_00169_,5.985
_00182_,5.985
_00816_,5.985
_01663_,5.985
_00914_,5.98
_01937_,5.98
net609,5.98
net620,5.98
net636,5.98
net712,5.98
net743,5.98
net797,5.98
net897,5.98
net1009,5.98
net1021,5.98
net1090,5.98
net1200,5.98
net1274,5.98
net1386,5.98
net1418,5.98
net1422,5.98
net1463,5.98
net1472,5.98
net1485,5.98
net1486,5.98
net1503,5.98
net1521,5.98
net1600,5.98
net1640,5.98
net1651,5.98
debug_mem_addr[1],5.97
_00836_,5.965
_01767_,5.965
_00715_,5.96
_01660_,5.96
_04683_,5.96
_06398_,5.96
la_sa_lm_sm_block.reg_data_form_id_128\[38\],5.96
_02008_,5.94
_02692_,5.94
_05963_,5.94
net1070,5.94
_05271_,5.935
_07171_,5.935
_00442_,5.925
_00909_,5.925
_03523_,5.92
_03560_,5.91
_00289_,5.905
_00694_,5.905
_00918_,5.905
dmem.ram\[7\]\[6\],5.9
_01118_,5.895
_00733_,5.885
_01694_,5.885
_01961_,5.87
_00814_,5.865
_00071_,5.86
_01921_,5.86
_02203_,5.86
_02746_,5.86
_03038_,5.86
_03499_,5.86
_05122_,5.86
_05411_,5.86
_05881_,5.86
_06208_,5.86
_06735_,5.86
net165,5.86
net455,5.86
net481,5.86
net587,5.86
net786,5.86
net974,5.86
net1031,5.86
net1082,5.86
net1097,5.86
net1204,5.86
net1366,5.86
net1504,5.86
net1547,5.86
net1656,5.86
_00714_,5.845
_00839_,5.845
_01920_,5.84
_02248_,5.84
_02413_,5.84
_02653_,5.84
_02659_,5.84
_02830_,5.84
_03009_,5.84
_03170_,5.84
_03230_,5.84
_03398_,5.84
_03960_,5.84
_03976_,5.84
_03992_,5.84
_04215_,5.84
_04354_,5.84
_04497_,5.84
_04608_,5.84
_05079_,5.84
_05097_,5.84
_05621_,5.84
_05777_,5.84
_05782_,5.84
_05787_,5.84
_05985_,5.84
_05987_,5.84
_06028_,5.84
_06195_,5.84
_06255_,5.84
_06788_,5.84
_06886_,5.84
_06935_,5.84
_06981_,5.84
_07035_,5.84
_07076_,5.84
_07090_,5.84
_07355_,5.84
_07382_,5.84
net138,5.84
net214,5.84
net298,5.84
net684,5.84
_02375_,5.82
_04388_,5.82
_06492_,5.82
_06497_,5.82
_06835_,5.82
net331,5.82
_00065_,5.805
_00349_,5.805
_00626_,5.805
_00913_,5.805
_00916_,5.805
_00979_,5.805
_01031_,5.805
_01215_,5.805
_01467_,5.805
_01684_,5.805
_02120_,5.8
_02965_,5.8
_02997_,5.8
_03012_,5.8
_03367_,5.8
_03880_,5.8
_03881_,5.8
_04108_,5.8
_04322_,5.8
_04396_,5.8
_04516_,5.8
_04773_,5.8
_04887_,5.8
_05160_,5.8
_05924_,5.8
_05925_,5.8
_06019_,5.8
_06638_,5.8
_06652_,5.8
_06944_,5.8
_07004_,5.8
_07181_,5.8
_07248_,5.8
_07341_,5.8
if_id_pipe_reg.PC_Next_Out\[7\],5.8
mem_wb_pipeline_reg.Rd_Addr_Out_PR\[1\],5.8
_00365_,5.785
net406,5.785
_07325_,5.77
_00023_,5.765
_00284_,5.765
_00510_,5.765
_00562_,5.765
_01222_,5.765
_01523_,5.765
_01643_,5.765
net382,5.765
net1578,5.765
_00899_,5.76
_01313_,5.745
_01872_,5.74
_01875_,5.74
_01896_,5.74
_01904_,5.74
_02315_,5.74
_02351_,5.74
_02851_,5.74
_03704_,5.74
_03867_,5.74
_04121_,5.74
_04123_,5.74
_04316_,5.74
_04397_,5.74
_04991_,5.74
_05211_,5.74
_05879_,5.74
_06424_,5.74
_06459_,5.74
_06740_,5.74
_07316_,5.74
_07370_,5.74
_07374_,5.74
_07390_,5.74
_07392_,5.74
net120,5.74
net639,5.74
_00099_,5.725
_00254_,5.725
_00680_,5.725
_00697_,5.725
_00932_,5.725
_01086_,5.725
_01091_,5.725
_01846_,5.72
_01861_,5.72
_01871_,5.72
_02018_,5.72
_02384_,5.72
_02416_,5.72
_02616_,5.72
_02753_,5.72
_02955_,5.72
_03570_,5.72
_03675_,5.72
_03868_,5.72
_03890_,5.72
_04250_,5.72
_04332_,5.72
_04550_,5.72
_05048_,5.72
_05148_,5.72
_05365_,5.72
_05914_,5.72
_06128_,5.72
_06481_,5.72
_06625_,5.72
_06753_,5.72
_06797_,5.72
_06805_,5.72
_06840_,5.72
_07059_,5.72
_07139_,5.72
_07184_,5.72
_07194_,5.72
_07268_,5.72
net598,5.72
net671,5.72
net709,5.72
net804,5.72
net838,5.72
net1164,5.72
net1183,5.72
net1270,5.72
net1564,5.72
_00905_,5.705
_01026_,5.705
_07174_,5.7
_00280_,5.695
_01855_,5.68
_01877_,5.68
_02140_,5.68
_02169_,5.68
_02316_,5.68
_02427_,5.68
_02494_,5.68
_02535_,5.68
_02683_,5.68
_02802_,5.68
_02804_,5.68
_03489_,5.68
_03824_,5.68
_04025_,5.68
_04271_,5.68
_04404_,5.68
_04866_,5.68
_05000_,5.68
_05191_,5.68
_05354_,5.68
_05459_,5.68
_05595_,5.68
_06110_,5.68
_06790_,5.68
_06946_,5.68
_07043_,5.68
_07121_,5.68
_07156_,5.68
_07185_,5.68
la_sa_lm_sm_block.reg_data_form_id_128\[36\],5.68
la_sa_lm_sm_block.reg_data_form_id_128\[51\],5.68
_00092_,5.675
_00656_,5.645
_01324_,5.645
_01598_,5.645
_00403_,5.64
_00874_,5.64
_01003_,5.64
_01014_,5.64
_01062_,5.64
instr_wdata[8],5.63
_00945_,5.625
_00427_,5.62
_00461_,5.62
_00477_,5.62
_00676_,5.62
_00705_,5.62
_01466_,5.62
_01666_,5.62
_05689_,5.62
_05838_,5.62
net731,5.62
net753,5.62
net773,5.62
net941,5.62
net946,5.62
net958,5.62
net959,5.62
net1075,5.62
net1092,5.62
net1208,5.62
net1292,5.62
net1317,5.62
net1323,5.62
net1331,5.62
net1364,5.62
net1370,5.62
net1483,5.62
net1517,5.62
net1533,5.62
net1635,5.62
_00377_,5.615
_00707_,5.615
_00135_,5.605
_01821_,5.6
_02270_,5.6
_06349_,5.6
_06391_,5.6
_07052_,5.6
_07087_,5.6
_07193_,5.6
_00150_,5.58
_01752_,5.58
_03432_,5.58
_04483_,5.58
_06091_,5.58
_06457_,5.58
net876,5.58
net1026,5.58
net1337,5.58
net1355,5.58
net1541,5.58
net1639,5.58
net1646,5.58
_04839_,5.56
_01393_,5.555
_00530_,5.545
_00831_,5.545
_00994_,5.545
_01075_,5.545
_01173_,5.545
net412,5.545
debug_mem_data[12],5.53
debug_mem_data[3],5.53
debug_mem_data[9],5.53
debug_reg_data[11],5.53
instr_wdata[7],5.53
ir_port[14],5.53
_01079_,5.525
_01566_,5.525
_01098_,5.52
_03201_,5.52
_05415_,5.52
_06658_,5.52
_06799_,5.52
net597,5.52
net613,5.52
net622,5.52
net623,5.52
net627,5.52
net632,5.52
net634,5.52
net642,5.52
net646,5.52
net649,5.52
net653,5.52
net655,5.52
net657,5.52
net658,5.52
net668,5.52
net681,5.52
net686,5.52
net687,5.52
net694,5.52
net695,5.52
net702,5.52
net704,5.52
net707,5.52
net714,5.52
net715,5.52
net720,5.52
net725,5.52
net727,5.52
net728,5.52
net736,5.52
net744,5.52
net751,5.52
net755,5.52
net766,5.52
net776,5.52
net778,5.52
net780,5.52
net788,5.52
net791,5.52
net793,5.52
net800,5.52
net805,5.52
net806,5.52
net809,5.52
net811,5.52
net812,5.52
net814,5.52
net815,5.52
net819,5.52
net820,5.52
net821,5.52
net822,5.52
net823,5.52
net827,5.52
net828,5.52
net835,5.52
net841,5.52
net846,5.52
net848,5.52
net849,5.52
net851,5.52
net855,5.52
net857,5.52
net860,5.52
net870,5.52
net881,5.52
net889,5.52
net891,5.52
net898,5.52
net906,5.52
net907,5.52
net909,5.52
net912,5.52
net913,5.52
net915,5.52
net923,5.52
net927,5.52
net933,5.52
net934,5.52
net935,5.52
net938,5.52
net949,5.52
net950,5.52
net961,5.52
net963,5.52
net977,5.52
net983,5.52
net984,5.52
net991,5.52
net993,5.52
net1002,5.52
net1011,5.52
net1017,5.52
net1018,5.52
net1027,5.52
net1028,5.52
net1049,5.52
net1051,5.52
net1053,5.52
net1059,5.52
net1061,5.52
net1063,5.52
net1080,5.52
net1103,5.52
net1108,5.52
net1111,5.52
net1115,5.52
net1131,5.52
net1137,5.52
net1144,5.52
net1146,5.52
net1155,5.52
net1162,5.52
net1167,5.52
net1168,5.52
net1170,5.52
net1172,5.52
net1177,5.52
net1184,5.52
net1185,5.52
net1205,5.52
net1210,5.52
net1214,5.52
net1221,5.52
net1223,5.52
net1226,5.52
net1228,5.52
net1230,5.52
net1232,5.52
net1237,5.52
net1239,5.52
net1255,5.52
net1256,5.52
net1258,5.52
net1259,5.52
net1260,5.52
net1261,5.52
net1272,5.52
net1273,5.52
net1281,5.52
net1283,5.52
net1290,5.52
net1298,5.52
net1302,5.52
net1311,5.52
net1316,5.52
net1321,5.52
net1330,5.52
net1334,5.52
net1338,5.52
net1349,5.52
net1352,5.52
net1359,5.52
net1362,5.52
net1367,5.52
net1374,5.52
net1375,5.52
net1376,5.52
net1379,5.52
net1382,5.52
net1385,5.52
net1394,5.52
net1397,5.52
net1436,5.52
net1439,5.52
net1445,5.52
net1451,5.52
net1452,5.52
net1461,5.52
net1466,5.52
net1467,5.52
net1471,5.52
net1478,5.52
net1482,5.52
net1492,5.52
net1498,5.52
net1499,5.52
net1516,5.52
net1526,5.52
net1527,5.52
net1550,5.52
net1553,5.52
net1555,5.52
net1559,5.52
net1575,5.52
net1582,5.52
net1584,5.52
net1589,5.52
net1594,5.52
net1605,5.52
net1606,5.52
net1614,5.52
net1621,5.52
net1630,5.52
net1637,5.52
net1642,5.52
net1644,5.52
net1662,5.52
_00303_,5.505
_00609_,5.505
_00777_,5.505
_00957_,5.505
_01495_,5.505
_01652_,5.505
_01750_,5.505
_05277_,5.505
_00481_,5.5
_02696_,5.5
_06622_,5.5
_00275_,5.48
_02193_,5.48
_04974_,5.48
_05661_,5.48
_06232_,5.48
_01777_,5.465
net51,5.46
net53,5.46
_00730_,5.445
_00996_,5.445
_01035_,5.445
_01440_,5.445
_05074_,5.44
_00462_,5.435
_00532_,5.435
_00891_,5.435
_01219_,5.435
_01280_,5.435
_01462_,5.435
_01540_,5.435
_01709_,5.435
_03889_,5.42
instr_wdata[12],5.41
_05237_,5.405
_01996_,5.4
_03039_,5.4
_03336_,5.4
_04030_,5.4
_04458_,5.4
_04607_,5.4
_04750_,5.4
_04939_,5.4
_05014_,5.4
_05017_,5.4
_05320_,5.4
_05905_,5.4
_06098_,5.4
_06182_,5.4
net121,5.4
net129,5.4
net134,5.4
net273,5.4
net673,5.4
net1265,5.4
net1675,5.4
_00645_,5.38
_01832_,5.38
_01848_,5.38
_01893_,5.38
_02325_,5.38
_02515_,5.38
_02567_,5.38
_02909_,5.38
_03173_,5.38
_03258_,5.38
_03300_,5.38
_03438_,5.38
_03450_,5.38
_03737_,5.38
_03833_,5.38
_03900_,5.38
_04061_,5.38
_04360_,5.38
_04374_,5.38
_04541_,5.38
_04835_,5.38
_04842_,5.38
_04884_,5.38
_04915_,5.38
_04947_,5.38
_05041_,5.38
_05388_,5.38
_05911_,5.38
_05982_,5.38
_05991_,5.38
_06064_,5.38
_06109_,5.38
_06598_,5.38
_06814_,5.38
_06978_,5.38
_07066_,5.38
_07067_,5.38
_07164_,5.38
_07373_,5.38
id_rr_pipe_reg.instr_out\[2\],5.38
id_rr_pipe_reg.pc_out\[13\],5.38
id_rr_pipe_reg.pc_out\[15\],5.38
net157,5.38
net164,5.38
net310,5.38
net1039,5.38
net1660,5.38
_00622_,5.365
_00653_,5.365
_00710_,5.365
_00717_,5.365
_01802_,5.36
_03966_,5.36
_06292_,5.36
_06550_,5.36
_07326_,5.36
_00124_,5.345
_00153_,5.345
_00430_,5.345
_00648_,5.345
_00732_,5.345
_00807_,5.345
_00967_,5.345
_01030_,5.345
_01047_,5.345
_01629_,5.345
_00411_,5.34
_02287_,5.34
_02361_,5.34
_02690_,5.34
_03164_,5.34
_03269_,5.34
_03378_,5.34
_03498_,5.34
_03771_,5.34
_03803_,5.34
_03937_,5.34
_04148_,5.34
_04221_,5.34
_04245_,5.34
_04318_,5.34
_04375_,5.34
_04426_,5.34
_04535_,5.34
_04979_,5.34
_05766_,5.34
_06017_,5.34
_07062_,5.34
_07078_,5.34
_07166_,5.34
_07288_,5.34
_07396_,5.34
net1269,5.34
net1318,5.34
net1405,5.34
_01387_,5.325
_00818_,5.32
_01664_,5.315
_00001_,5.305
_00029_,5.305
_00059_,5.305
_00061_,5.305
_00259_,5.305
_00372_,5.305
_00863_,5.305
_00928_,5.305
_00947_,5.305
_00950_,5.305
_00992_,5.305
_01066_,5.305
_01188_,5.305
_01385_,5.305
_01811_,5.305
_01816_,5.305
_00615_,5.3
_00716_,5.3
_03457_,5.29
debug_reg_data[10],5.29
_01898_,5.28
_02456_,5.28
_02850_,5.28
_04157_,5.28
_04173_,5.28
_04446_,5.28
_05219_,5.28
_06552_,5.28
_00432_,5.265
_00663_,5.265
_00734_,5.265
_01143_,5.265
_01256_,5.265
_01584_,5.265
_01677_,5.265
_01919_,5.26
_02208_,5.26
_02263_,5.26
_02318_,5.26
_02369_,5.26
_02512_,5.26
_02964_,5.26
_03080_,5.26
_03246_,5.26
_03299_,5.26
_03487_,5.26
_03972_,5.26
_04019_,5.26
_04203_,5.26
_04270_,5.26
_04383_,5.26
_04472_,5.26
_04557_,5.26
_05710_,5.26
_06018_,5.26
_06113_,5.26
_06561_,5.26
_06647_,5.26
_06724_,5.26
_07356_,5.26
rr_ex_pipe_reg.instr_out\[10\],5.26
net105,5.26
net180,5.26
net238,5.26
net243,5.26
net856,5.26
net865,5.26
net954,5.26
net1428,5.26
net1520,5.26
_00664_,5.245
_01006_,5.245
_01257_,5.245
_01977_,5.245
_04421_,5.24
_01901_,5.22
_02174_,5.22
_02251_,5.22
_02310_,5.22
_02367_,5.22
_02446_,5.22
_02706_,5.22
_02738_,5.22
_02842_,5.22
_02978_,5.22
_03130_,5.22
_03351_,5.22
_03509_,5.22
_03775_,5.22
_04230_,5.22
_04478_,5.22
_04798_,5.22
_05063_,5.22
_05641_,5.22
_06055_,5.22
_06159_,5.22
_06501_,5.22
_06510_,5.22
_06744_,5.22
_07128_,5.22
_07215_,5.22
_07297_,5.22
la_sa_lm_sm_block.reg_data_form_id_128\[109\],5.22
la_sa_lm_sm_block.reg_data_form_id_128\[67\],5.22
net1250,5.22
_01244_,5.215
debug_mem_addr[2],5.19
debug_mem_data[13],5.19
debug_mem_data[2],5.19
debug_mem_data[7],5.19
_00163_,5.185
_00810_,5.185
_01616_,5.185
_01008_,5.18
_01070_,5.18
_01464_,5.18
_00120_,5.16
_00339_,5.16
_00721_,5.16
_01027_,5.16
_01172_,5.16
_01469_,5.16
_05471_,5.16
_05812_,5.16
_06954_,5.16
_07085_,5.16
net784,5.16
net930,5.16
net1171,5.16
net1335,5.16
net1353,5.16
_03741_,5.15
_01650_,5.145
_02516_,5.14
_02583_,5.14
_02892_,5.14
_03278_,5.14
_04721_,5.14
_06925_,5.14
_07245_,5.14
la_sa_lm_sm_block.reg_data_form_id_128\[85\],5.14
net111,5.14
net1475,5.14
_02421_,5.12
_04427_,5.12
_06937_,5.12
net945,5.12
net1116,5.12
net1392,5.12
_00315_,5.095
_01788_,5.095
_00266_,5.085
_00551_,5.085
_00574_,5.085
_01583_,5.085
net389,5.085
_05317_,5.06
_05389_,5.06
_05393_,5.06
_05449_,5.06
net824,5.06
net831,5.06
net834,5.06
net887,5.06
net924,5.06
net944,5.06
net1042,5.06
net1065,5.06
net1067,5.06
net1095,5.06
net1096,5.06
net1141,5.06
net1158,5.06
net1176,5.06
net1206,5.06
net1245,5.06
net1252,5.06
net1263,5.06
net1282,5.06
net1348,5.06
net1365,5.06
net1413,5.06
net1420,5.06
net1481,5.06
net1531,5.06
net1566,5.06
net1587,5.06
rr_ex_pipe_reg.RF_D1_Out\[3\],5.05
_00383_,5.045
_01157_,5.045
_01170_,5.045
_01327_,5.045
_00067_,5.04
_00299_,5.04
_01265_,5.04
_05636_,5.04
_02001_,5.02
_02184_,5.02
_05267_,5.02
_05573_,5.02
_06180_,5.02
_06379_,5.02
_07358_,5.02
_01374_,5.015
_00353_,5.005
_00785_,5.005
_02271_,5
la_sa_lm_sm_block.reg_data_form_id_128\[90\],5
la_sa_lm_sm_block.reg_data_form_id_128\[94\],5
_00208_,4.985
_00334_,4.985
_00465_,4.985
_01732_,4.985
_00156_,4.975
_00458_,4.975
_00712_,4.975
_01817_,4.975
net535,4.975
_01097_,4.965
_01662_,4.965
_02159_,4.94
_03225_,4.94
_03343_,4.94
_05069_,4.94
_05405_,4.94
_05654_,4.94
_06569_,4.94
la_sa_lm_sm_block.reg_data_form_id_128\[28\],4.94
net1623,4.94
net1677,4.94
_00398_,4.925
_01736_,4.925
_01555_,4.92
_01845_,4.92
_01985_,4.92
_02002_,4.92
_02081_,4.92
_02175_,4.92
_02571_,4.92
_02743_,4.92
_03310_,4.92
_03317_,4.92
_03348_,4.92
_03400_,4.92
_03439_,4.92
_03965_,4.92
_03989_,4.92
_03991_,4.92
_04232_,4.92
_04261_,4.92
_04345_,4.92
_04351_,4.92
_04368_,4.92
_04394_,4.92
_04821_,4.92
_04942_,4.92
_05364_,4.92
_05559_,4.92
_05680_,4.92
_05906_,4.92
_06088_,4.92
_06102_,4.92
_06184_,4.92
_06627_,4.92
_06776_,4.92
_06817_,4.92
_07169_,4.92
_07306_,4.92
_07318_,4.92
id_rr_pipe_reg.pc_next_out\[4\],4.92
id_rr_pipe_reg.pc_out\[8\],4.92
if_id_pipe_reg.PC_Next_Out\[10\],4.92
if_id_pipe_reg.PC_Next_Out\[14\],4.92
net159,4.92
net384,4.92
net533,4.92
net1460,4.92
_06390_,4.91
_00426_,4.905
_00625_,4.905
_00688_,4.905
_00830_,4.905
_00873_,4.905
_00881_,4.905
_01703_,4.905
la_sa_lm_sm_block.reg_data_form_id_128\[30\],4.905
_02073_,4.9
_04933_,4.9
la_sa_lm_sm_block.reg_data_form_id_128\[78\],4.9
net619,4.9
_02158_,4.89
_00492_,4.885
_00868_,4.885
_00999_,4.885
_01261_,4.885
_01314_,4.885
_01348_,4.885
_01543_,4.885
_00849_,4.88
_01836_,4.88
_01856_,4.88
_01858_,4.88
_01894_,4.88
_02321_,4.88
_02386_,4.88
_02475_,4.88
_02495_,4.88
_02504_,4.88
_02508_,4.88
_02741_,4.88
_02943_,4.88
_03082_,4.88
_03331_,4.88
_03394_,4.88
_03442_,4.88
_03624_,4.88
_03634_,4.88
_04244_,4.88
_04738_,4.88
_05262_,4.88
_05695_,4.88
_06047_,4.88
_06053_,4.88
_06059_,4.88
_06842_,4.88
_07283_,4.88
_07321_,4.88
id_rr_pipe_reg.instr_out\[3\],4.88
net223,4.88
net428,4.88
net734,4.88
_00221_,4.855
ir_port[10],4.85
ir_port[5],4.85
pc_out_port[13],4.85
_00055_,4.845
_00058_,4.845
_00133_,4.845
_00177_,4.845
_00487_,4.845
_00872_,4.845
_01491_,4.845
_01669_,4.845
_01526_,4.825
la_sa_lm_sm_block.reg_data_form_id_128\[17\],4.825
_00217_,4.82
_00441_,4.82
_01928_,4.82
_04243_,4.82
_05158_,4.82
_05479_,4.82
_06807_,4.82
_07061_,4.82
_07285_,4.82
_00155_,4.805
_00478_,4.805
_01333_,4.805
_01411_,4.805
_02350_,4.8
_02448_,4.8
_02489_,4.8
_02708_,4.8
_02754_,4.8
_02984_,4.8
_03013_,4.8
_03329_,4.8
_03542_,4.8
_03857_,4.8
_03903_,4.8
_04009_,4.8
_04010_,4.8
_04211_,4.8
_04571_,4.8
_04873_,4.8
_04903_,4.8
_05016_,4.8
_05022_,4.8
_05210_,4.8
_05283_,4.8
_05391_,4.8
_05392_,4.8
_05593_,4.8
_05639_,4.8
_06044_,4.8
_06155_,4.8
_06500_,4.8
_06516_,4.8
_06634_,4.8
_06712_,4.8
_06806_,4.8
_06831_,4.8
if_id_pipe_reg.PC_Next_Out\[12\],4.8
net57,4.8
net145,4.8
net217,4.8
net218,4.8
net762,4.8
net825,4.8
net1591,4.8
net1672,4.8
_00330_,4.785
_01038_,4.785
_01271_,4.785
_01468_,4.785
_02414_,4.76
_02447_,4.76
_02455_,4.76
_02458_,4.76
_02468_,4.76
_02476_,4.76
_02900_,4.76
_03191_,4.76
_03493_,4.76
_04000_,4.76
_04011_,4.76
_04072_,4.76
_04085_,4.76
_04110_,4.76
_04370_,4.76
_05668_,4.76
_06702_,4.76
_06843_,4.76
_07081_,4.76
_07108_,4.76
_07129_,4.76
_07282_,4.76
_07334_,4.76
la_sa_lm_sm_block.reg_data_form_id_128\[73\],4.76
la_sa_lm_sm_block.reg_data_form_id_128\[7\],4.76
net177,4.76
net531,4.76
_01133_,4.755
_01472_,4.755
instr_wdata[15],4.73
_00602_,4.725
_01089_,4.725
_01320_,4.725
_01430_,4.725
_01581_,4.725
_01779_,4.725
_00112_,4.72
_00982_,4.72
_01005_,4.72
_01322_,4.72
_01364_,4.72
_01755_,4.72
_00175_,4.7
_00211_,4.7
_00361_,4.7
_00374_,4.7
_00468_,4.7
_00495_,4.7
_00560_,4.7
_00561_,4.7
_00629_,4.7
_00792_,4.7
_00944_,4.7
_01212_,4.7
_01335_,4.7
_01443_,4.7
_01628_,4.7
_02035_,4.7
_02072_,4.7
_02521_,4.7
_04093_,4.7
_04661_,4.7
_05395_,4.7
_05626_,4.7
_06414_,4.7
_06465_,4.7
net599,4.7
net992,4.7
net1220,4.7
net1243,4.7
net1253,4.7
net1477,4.7
net1681,4.7
_02381_,4.68
_04941_,4.68
_05109_,4.68
_05149_,4.68
_05260_,4.68
_06351_,4.68
la_sa_lm_sm_block.reg_data_form_id_128\[35\],4.68
net565,4.68
net1380,4.68
_01785_,4.675
_05805_,4.66
_07040_,4.66
net737,4.66
net1105,4.66
_01217_,4.645
_00613_,4.635
_00797_,4.635
_01556_,4.635
_00102_,4.625
_00304_,4.625
_00392_,4.625
_01055_,4.625
_01176_,4.625
_01302_,4.625
_01379_,4.625
debug_reg_addr[2],4.61
ir_port[12],4.61
_01427_,4.605
_02944_,4.6
_05304_,4.6
_05709_,4.6
_06521_,4.6
_06732_,4.6
net706,4.6
net893,4.6
net1433,4.6
net1577,4.6
net1666,4.6
_00159_,4.585
_00449_,4.585
_00596_,4.585
_01185_,4.585
_01231_,4.585
_01404_,4.585
_01504_,4.585
_01511_,4.585
_01600_,4.585
_01640_,4.585
_02933_,4.58
_03150_,4.58
_05685_,4.58
_06932_,4.58
la_sa_lm_sm_block.reg_data_form_id_128\[15\],4.58
net1085,4.58
_04790_,4.56
_07097_,4.56
_01223_,4.555
_01015_,4.545
_03644_,4.54
_01538_,4.535
_00433_,4.525
_01162_,4.525
_01414_,4.525
_05330_,4.52
_00423_,4.505
_01203_,4.505
_01196_,4.48
_02803_,4.48
_02941_,4.48
_04610_,4.48
_04612_,4.48
_04965_,4.48
_06496_,4.48
_06579_,4.48
_06677_,4.48
_07038_,4.48
_06466_,4.47
_00438_,4.46
_01839_,4.46
_01917_,4.46
_02156_,4.46
_02496_,4.46
_02971_,4.46
_03053_,4.46
_03334_,4.46
_03373_,4.46
_03507_,4.46
_03795_,4.46
_03946_,4.46
_04156_,4.46
_04213_,4.46
_04405_,4.46
_04696_,4.46
_05050_,4.46
_05121_,4.46
_05213_,4.46
_05453_,4.46
_05467_,4.46
_05633_,4.46
_05634_,4.46
_05757_,4.46
_05986_,4.46
_06012_,4.46
_06233_,4.46
_06559_,4.46
_06670_,4.46
_06838_,4.46
_07008_,4.46
_07109_,4.46
_07111_,4.46
_07175_,4.46
_07351_,4.46
_07352_,4.46
id_rr_pipe_reg.pc_out\[14\],4.46
if_id_pipe_reg.PC_Next_Out\[11\],4.46
net107,4.46
net275,4.46
net287,4.46
net1089,4.46
net1401,4.46
net1511,4.46
net1650,4.46
_02269_,4.44
_03074_,4.44
_07213_,4.44
_00166_,4.425
_00624_,4.425
_00630_,4.425
_00695_,4.425
_00795_,4.425
_00877_,4.425
_00907_,4.425
_00911_,4.425
_01470_,4.425
_01482_,4.425
_01603_,4.425
_01729_,4.425
_01806_,4.425
net437,4.425
_02294_,4.42
_02577_,4.42
_03238_,4.42
_03426_,4.42
_03750_,4.42
_03863_,4.42
_04158_,4.42
_04193_,4.42
_04212_,4.42
_04262_,4.42
_04347_,4.42
_04365_,4.42
_05336_,4.42
_05343_,4.42
_05566_,4.42
_05917_,4.42
_06224_,4.42
_07115_,4.42
_07127_,4.42
rr_ex_pipe_reg.cntrl_out\[6\],4.42
net239,4.42
_03678_,4.39
debug_reg_data[13],4.39
instr_wdata[11],4.39
ir_port[0],4.39
_00272_,4.385
_00297_,4.385
_00538_,4.385
_00731_,4.385
_00902_,4.385
_00925_,4.385
_01142_,4.385
_01239_,4.385
_01306_,4.385
_01334_,4.385
_01476_,4.385
_01525_,4.385
_01667_,4.385
_04133_,4.38
_00457_,4.365
la_sa_lm_sm_block.reg_data_form_id_128\[31\],4.365
_00281_,4.36
_00443_,4.36
_00706_,4.36
_01085_,4.36
_04952_,4.36
_05105_,4.36
_05678_,4.36
_06236_,4.36
_06591_,4.36
_06720_,4.36
la_sa_lm_sm_block.reg_data_form_id_128\[96\],4.36
_01860_,4.34
_01866_,4.34
_01900_,4.34
_02293_,4.34
_02362_,4.34
_02363_,4.34
_02464_,4.34
_02541_,4.34
_02701_,4.34
_02962_,4.34
_03098_,4.34
_03473_,4.34
_03725_,4.34
_03854_,4.34
_03866_,4.34
_03931_,4.34
_04063_,4.34
_04089_,4.34
_04131_,4.34
_04208_,4.34
_04319_,4.34
_04632_,4.34
_04741_,4.34
_04793_,4.34
_05076_,4.34
_05106_,4.34
_05133_,4.34
_05303_,4.34
_05344_,4.34
_05647_,4.34
_06227_,4.34
_06822_,4.34
_07058_,4.34
_07155_,4.34
_07280_,4.34
_07305_,4.34
_07333_,4.34
_07402_,4.34
la_sa_lm_sm_block.reg_data_form_id_128\[37\],4.34
net155,4.34
net213,4.34
net342,4.34
net748,4.34
net929,4.34
net1160,4.34
net1440,4.34
net1490,4.34
net1535,4.34
net1612,4.34
_00983_,4.335
_01800_,4.335
_00311_,4.325
_00986_,4.325
_01046_,4.325
_01073_,4.325
_01383_,4.325
_01516_,4.325
_01804_,4.325
_00060_,4.295
_00285_,4.295
_00948_,4.285
_00077_,4.265
_01524_,4.265
_01670_,4.265
_01768_,4.265
_00151_,4.26
_01193_,4.26
_01224_,4.26
_01325_,4.26
_01362_,4.26
_01577_,4.26
_01731_,4.26
_04437_,4.26
_05915_,4.25
_00218_,4.245
_00263_,4.24
_00301_,4.24
_00358_,4.24
_00709_,4.24
_00867_,4.24
_01034_,4.24
_01144_,4.24
_01255_,4.24
_01376_,4.24
_01512_,4.24
_02793_,4.24
_04936_,4.24
_06477_,4.24
net430,4.24
net801,4.24
net882,4.24
net1032,4.24
net1231,4.24
net1332,4.24
net1363,4.24
_02093_,4.22
_02217_,4.22
_02968_,4.22
_04724_,4.22
rr_ex_pipe_reg.instr_out\[3\],4.22
net1286,4.22
net1406,4.2
_00884_,4.185
_00128_,4.165
_00207_,4.165
_00277_,4.165
_00460_,4.165
_00752_,4.165
_00775_,4.165
_00927_,4.165
_01437_,4.165
_01719_,4.165
_00469_,4.145
_01621_,4.145
_02043_,4.14
_02095_,4.14
_03525_,4.14
_04779_,4.14
_04802_,4.14
_04826_,4.14
_05065_,4.14
_05086_,4.14
net1512,4.14
_00168_,4.125
_00603_,4.125
_01754_,4.125
_02857_,4.12
_03410_,4.12
_05546_,4.12
_06942_,4.12
net56,4.12
net973,4.12
net1191,4.12
net1326,4.12
net1457,4.12
_03088_,4.1
_03390_,4.1
_04450_,4.1
_04898_,4.1
_05474_,4.1
_00143_,4.095
_01337_,4.095
_01748_,4.095
_00192_,4.085
_00251_,4.085
_00267_,4.085
_01191_,4.085
_01266_,4.085
_01269_,4.085
_01310_,4.085
_01450_,4.085
_01567_,4.085
la_sa_lm_sm_block.reg_data_form_id_128\[39\],4.08
_01002_,4.065
_01520_,4.065
_06361_,4.06
_00787_,4.045
_01413_,4.045
_00444_,4.02
_00654_,4.02
_01315_,4.02
_02143_,4.02
_02253_,4.02
_03100_,4.02
_03421_,4.02
_03433_,4.02
_03451_,4.02
_03733_,4.02
_04728_,4.02
_04946_,4.02
_05023_,4.02
_05348_,4.02
_05437_,4.02
_05586_,4.02
_05627_,4.02
_05909_,4.02
_06105_,4.02
_06153_,4.02
_06213_,4.02
_06759_,4.02
_06763_,4.02
_06779_,4.02
_05130_,4.01
la_sa_lm_sm_block.reg_data_form_id_128\[23\],4.005
la_sa_lm_sm_block.reg_data_form_id_128\[24\],4.005
_00412_,4
_00875_,4
_01983_,4
_02051_,4
_02190_,4
_02250_,4
_02426_,4
_02682_,4
_03033_,4
_03171_,4
_03208_,4
_03362_,4
_03913_,4
_03994_,4
_04074_,4
_04355_,4
_04367_,4
_04380_,4
_04481_,4
_04634_,4
_04799_,4
_05135_,4
_05172_,4
_05248_,4
_05307_,4
_05533_,4
_05608_,4
_05849_,4
_06158_,4
_06444_,4
_06523_,4
_06651_,4
_06721_,4
_06756_,4
_07088_,4
_07138_,4
_07150_,4
_07224_,4
_07244_,4
_07289_,4
la_sa_lm_sm_block.reg_data_form_id_128\[59\],4
net140,4
net320,4
net321,4
net492,4
net1125,4
net1590,4
_03386_,3.98
_03506_,3.98
_04473_,3.98
_04727_,3.98
_01235_,3.975
_00076_,3.965
_00152_,3.965
_00260_,3.965
_00466_,3.965
_00971_,3.965
_01149_,3.965
_01186_,3.965
_01195_,3.965
_01298_,3.965
_01342_,3.965
_01352_,3.965
_01805_,3.965
_02240_,3.96
_00050_,3.955
_05295_,3.93
debug_reg_addr[0],3.93
debug_reg_data[12],3.93
pc_out_port[12],3.93
pc_out_port[14],3.93
_00049_,3.925
_00161_,3.925
_00231_,3.925
_00276_,3.925
_00379_,3.925
_00592_,3.925
_00832_,3.925
_01052_,3.925
_01160_,3.925
_01557_,3.925
_01585_,3.925
_01764_,3.925
net403,3.925
_00020_,3.9
_00068_,3.9
_01487_,3.9
_01827_,3.9
_01844_,3.9
_02025_,3.9
_02412_,3.9
_02486_,3.9
_02490_,3.9
_03104_,3.9
_03619_,3.9
_03914_,3.9
_04434_,3.9
_06013_,3.9
_06023_,3.9
_06052_,3.9
_06544_,3.9
_07222_,3.9
_07302_,3.9
_04749_,3.895
_01873_,3.88
_01881_,3.88
_01889_,3.88
_01902_,3.88
_01995_,3.88
_02094_,3.88
_02298_,3.88
_02357_,3.88
_02473_,3.88
_02479_,3.88
_02593_,3.88
_02670_,3.88
_02676_,3.88
_02838_,3.88
_03107_,3.88
_03274_,3.88
_03491_,3.88
_03548_,3.88
_03692_,3.88
_03856_,3.88
_03902_,3.88
_03911_,3.88
_03998_,3.88
_04253_,3.88
_04905_,3.88
_05062_,3.88
_05314_,3.88
_05868_,3.88
_06347_,3.88
_06493_,3.88
_06503_,3.88
_06527_,3.88
_06786_,3.88
_06801_,3.88
_06821_,3.88
_06908_,3.88
_07114_,3.88
_07135_,3.88
_07296_,3.88
la_sa_lm_sm_block.reg_data_form_id_128\[34\],3.88
la_sa_lm_sm_block.reg_data_form_id_128\[57\],3.88
net149,3.88
net219,3.88
net392,3.88
net871,3.88
net1484,3.88
net1574,3.88
_00360_,3.865
_00467_,3.865
_01020_,3.865
_01332_,3.865
_01391_,3.865
_01722_,3.865
_01742_,3.865
_02912_,3.86
_06855_,3.82
_00160_,3.805
_01102_,3.805
_01721_,3.805
_00090_,3.8
_00113_,3.8
_00213_,3.8
_00243_,3.8
_00588_,3.8
_00599_,3.8
_00968_,3.8
_00998_,3.8
_01009_,3.8
_01039_,3.8
_01129_,3.8
_01159_,3.8
_01187_,3.8
_01189_,3.8
_01202_,3.8
_01303_,3.8
_01343_,3.8
_01423_,3.8
_01441_,3.8
_01578_,3.8
_01791_,3.8
_00126_,3.78
_00623_,3.78
_00840_,3.78
_00894_,3.78
_00896_,3.78
_01042_,3.78
_01049_,3.78
_01140_,3.78
_01184_,3.78
_01254_,3.78
_01488_,3.78
_01792_,3.78
_02031_,3.78
_04514_,3.78
_04860_,3.78
_06845_,3.78
net538,3.78
net830,3.78
net837,3.78
net1057,3.78
net1178,3.78
net1307,3.78
net1522,3.78
net1539,3.78
_05282_,3.77
_02106_,3.76
_02445_,3.76
_03025_,3.76
_03165_,3.76
instr_mem1.rom\[11\]\[12\],3.76
_01500_,3.755
_05266_,3.75
net630,3.74
_00189_,3.705
_00793_,3.705
_01433_,3.705
_01534_,3.705
_00485_,3.685
_00554_,3.685
_01273_,3.685
_00445_,3.68
_00683_,3.68
_02132_,3.68
_04776_,3.68
_04785_,3.68
_05345_,3.68
_05664_,3.68
_05683_,3.68
net931,3.68
net1371,3.68
_05102_,3.66
net1238,3.66
net1505,3.66
_01739_,3.655
_03440_,3.64
_04445_,3.64
_00223_,3.635
_00526_,3.635
_00034_,3.625
_00040_,3.625
_00054_,3.625
_00081_,3.625
_00087_,3.625
_00248_,3.625
_00337_,3.625
_00755_,3.625
_00790_,3.625
_01037_,3.625
_01122_,3.625
_01135_,3.625
_01153_,3.625
_01211_,3.625
_01218_,3.625
_01220_,3.625
_01237_,3.625
_01260_,3.625
_01361_,3.625
_01416_,3.625
_01571_,3.625
_01723_,3.625
_01576_,3.62
_03323_,3.61
_00597_,3.605
_01717_,3.605
_01753_,3.605
_00172_,3.585
_00273_,3.585
_00352_,3.585
_00511_,3.585
_00548_,3.585
_01730_,3.585
_06094_,3.575
_03079_,3.56
_03330_,3.56
_04513_,3.56
_04670_,3.56
_04863_,3.56
_05198_,3.56
_05369_,3.56
_06188_,3.56
_06409_,3.56
_06436_,3.56
_06484_,3.56
_06571_,3.56
_06678_,3.56
_06686_,3.56
_06828_,3.56
_07018_,3.56
net151,3.56
_00640_,3.54
_01916_,3.54
_02010_,3.54
_02049_,3.54
_02100_,3.54
_02288_,3.54
_02483_,3.54
_02860_,3.54
_02889_,3.54
_02986_,3.54
_03023_,3.54
_03409_,3.54
_03430_,3.54
_03524_,3.54
_03858_,3.54
_04016_,3.54
_04091_,3.54
_04195_,3.54
_04282_,3.54
_04296_,3.54
_04477_,3.54
_04811_,3.54
_05129_,3.54
_05192_,3.54
_05592_,3.54
_05686_,3.54
_06127_,3.54
_06305_,3.54
_06356_,3.54
_06490_,3.54
_06766_,3.54
_07119_,3.54
_07125_,3.54
_07177_,3.54
_07218_,3.54
_07235_,3.54
_07275_,3.54
_07369_,3.54
_07398_,3.54
id_rr_pipe_reg.pc_next_out\[10\],3.54
la_sa_lm_sm_block.reg_data_form_id_128\[102\],3.54
la_sa_lm_sm_block.reg_data_form_id_128\[69\],3.54
net291,3.54
net373,3.54
net425,3.54
net1671,3.54
_00915_,3.52
_02377_,3.52
_04681_,3.52
_05342_,3.52
_05599_,3.52
_00233_,3.515
_00024_,3.505
_00541_,3.505
_00583_,3.505
_00866_,3.505
_00956_,3.505
_01045_,3.505
_01061_,3.505
_01141_,3.505
_01167_,3.505
_01283_,3.505
_01357_,3.505
_01619_,3.505
_00483_,3.485
_07303_,3.48
_00003_,3.465
_00089_,3.465
_00103_,3.465
_00127_,3.465
_00239_,3.465
_00320_,3.465
_00801_,3.465
_00880_,3.465
_00976_,3.465
_01063_,3.465
_01232_,3.465
_01407_,3.465
_01483_,3.465
_01683_,3.465
_01762_,3.465
_00291_,3.46
_01155_,3.46
_02070_,3.445
_01496_,3.44
_02278_,3.44
_03345_,3.44
_03779_,3.44
_03862_,3.44
_03939_,3.44
_04132_,3.44
_04346_,3.44
_04376_,3.44
_04387_,3.44
_04962_,3.44
_06078_,3.44
_07337_,3.44
_07375_,3.44
_00490_,3.425
_02058_,3.42
_02117_,3.42
_02313_,3.42
_02514_,3.42
_02685_,3.42
_02766_,3.42
_02822_,3.42
_02878_,3.42
_02952_,3.42
_03427_,3.42
_03736_,3.42
_04149_,3.42
_04204_,3.42
_04926_,3.42
_05039_,3.42
_05258_,3.42
_05309_,3.42
_05400_,3.42
_05417_,3.42
_05480_,3.42
_05842_,3.42
_05978_,3.42
_05979_,3.42
_06104_,3.42
_06126_,3.42
_06642_,3.42
_07013_,3.42
_07051_,3.42
_07143_,3.42
_07240_,3.42
_07349_,3.42
_07368_,3.42
_07372_,3.42
_07384_,3.42
la_sa_lm_sm_block.reg_data_form_id_128\[61\],3.42
la_sa_lm_sm_block.reg_data_form_id_128\[68\],3.42
la_sa_lm_sm_block.reg_data_form_id_128\[88\],3.42
rr_ex_pipe_reg.RF_D2_Out\[14\],3.42
net174,3.42
net335,3.42
net361,3.42
net577,3.42
_00018_,3.405
_00045_,3.405
_00074_,3.405
_00091_,3.405
_00148_,3.405
_00181_,3.405
_00193_,3.405
_00203_,3.405
_00219_,3.405
_00357_,3.405
_00386_,3.405
_00494_,3.405
_00515_,3.405
_00964_,3.405
_00985_,3.405
_01065_,3.405
_01116_,3.405
_01183_,3.405
_01230_,3.405
_01234_,3.405
_01248_,3.405
_01305_,3.405
_01316_,3.405
_01370_,3.405
_01447_,3.405
_01459_,3.405
_01679_,3.405
_01680_,3.405
_01708_,3.405
_01771_,3.405
_00701_,3.395
_01560_,3.38
_00943_,3.355
_00046_,3.345
_00601_,3.345
_00878_,3.345
_00946_,3.345
_01115_,3.345
_01138_,3.345
_01277_,3.345
_01321_,3.345
_01675_,3.345
_00006_,3.34
_00011_,3.34
_00043_,3.34
_00072_,3.34
_00073_,3.34
_00100_,3.34
_00121_,3.34
_00195_,3.34
_00198_,3.34
_00269_,3.34
_00270_,3.34
_00296_,3.34
_00323_,3.34
_00351_,3.34
_00391_,3.34
_00566_,3.34
_01036_,3.34
_01048_,3.34
_01146_,3.34
_01182_,3.34
_01209_,3.34
_01225_,3.34
_01250_,3.34
_01326_,3.34
_01338_,3.34
_01351_,3.34
_01354_,3.34
_01368_,3.34
_01392_,3.34
_01399_,3.34
_01400_,3.34
_01401_,3.34
_01572_,3.34
_01573_,3.34
_01668_,3.34
_01671_,3.34
_01769_,3.34
_00435_,3.32
_00558_,3.32
_00570_,3.32
_00794_,3.32
_00869_,3.32
_00904_,3.32
_01304_,3.32
_01480_,3.32
_01738_,3.32
_01864_,3.32
_05372_,3.32
_06955_,3.32
net661,3.32
net665,3.32
net721,3.32
net749,3.32
net772,3.32
net854,3.32
net886,3.32
net951,3.32
net981,3.32
net1035,3.32
net1118,3.32
net1173,3.32
net1241,3.32
net1249,3.32
net1320,3.32
net1403,3.32
net1444,3.32
net1454,3.32
net1495,3.32
net1506,3.32
net1540,3.32
net1570,3.32
net1585,3.32
net1647,3.32
net1648,3.32
net1653,3.32
_02069_,3.3
_06897_,3.3
_07317_,3.3
instr_mem1.rom\[11\]\[13\],3.3
instr_mem1.rom\[5\]\[9\],3.3
net1267,3.3
net449,3.275
_00083_,3.245
_00097_,3.245
_00101_,3.245
_00157_,3.245
_00200_,3.245
_00332_,3.245
_00431_,3.245
_00503_,3.245
_00518_,3.245
_00527_,3.245
_00939_,3.245
_01152_,3.245
_01673_,3.245
_01786_,3.245
net380,3.245
_01551_,3.24
_00220_,3.225
_01396_,3.225
_00436_,3.22
_00647_,3.22
_01935_,3.22
_01936_,3.22
_03265_,3.22
_04005_,3.22
_04460_,3.22
_04730_,3.22
_05883_,3.22
_06362_,3.22
_06639_,3.22
_06697_,3.22
_07030_,3.22
_05427_,3.2
_06904_,3.2
la_sa_lm_sm_block.reg_data_form_id_128\[3\],3.2
la_sa_lm_sm_block.reg_data_form_id_128\[80\],3.2
net586,3.2
_04673_,3.19
_05446_,3.18
_00108_,3.175
_00348_,3.175
_00387_,3.175
_00475_,3.175
_00799_,3.175
_01154_,3.175
_01204_,3.175
_01308_,3.175
_01366_,3.175
_01446_,3.175
_00486_,3.165
_01485_,3.165
_00013_,3.145
_00197_,3.145
_00504_,3.145
_01799_,3.145
_00234_,3.125
_00642_,3.125
_01128_,3.125
_01386_,3.125
_01909_,3.1
_02344_,3.1
_04700_,3.1
_04960_,3.1
_06097_,3.1
_06149_,3.1
_06221_,3.1
_06480_,3.1
_06601_,3.1
_06606_,3.1
_06758_,3.1
_06940_,3.1
_07033_,3.1
_00682_,3.08
_01905_,3.08
_02296_,3.08
_02408_,3.08
_02461_,3.08
_02485_,3.08
_02619_,3.08
_02780_,3.08
_03004_,3.08
_03050_,3.08
_03085_,3.08
_03119_,3.08
_03242_,3.08
_03249_,3.08
_03301_,3.08
_03441_,3.08
_03629_,3.08
_03929_,3.08
_03950_,3.08
_04065_,3.08
_04210_,3.08
_04222_,3.08
_04231_,3.08
_04242_,3.08
_04307_,3.08
_04399_,3.08
_04840_,3.08
_04897_,3.08
_05061_,3.08
_05068_,3.08
_05137_,3.08
_05200_,3.08
_05218_,3.08
_05223_,3.08
_05465_,3.08
_05517_,3.08
_06027_,3.08
_06087_,3.08
_06239_,3.08
_06672_,3.08
_06734_,3.08
_06770_,3.08
_07197_,3.08
la_sa_lm_sm_block.reg_data_form_id_128\[54\],3.08
la_sa_lm_sm_block.reg_data_form_id_128\[60\],3.08
rr_ex_pipe_reg.RF_D1_Out\[6\],3.08
net139,3.08
net204,3.08
_05263_,3.06
_00095_,3.055
_01238_,3.055
_00129_,3.045
_00446_,3.045
_00512_,3.045
_00557_,3.045
_00662_,3.045
_00897_,3.045
_01229_,3.045
_01456_,3.045
_01502_,3.045
_00015_,3.005
_00028_,3.005
_00162_,3.005
_00202_,3.005
_00287_,3.005
_00356_,3.005
_00798_,3.005
_00808_,3.005
_00858_,3.005
_01094_,3.005
_01110_,3.005
_01156_,3.005
_01275_,3.005
_01300_,3.005
_01344_,3.005
_01449_,3.005
_01546_,3.005
_01565_,3.005
_00039_,3
_01676_,3
_01797_,3
_00014_,2.98
_00222_,2.98
_00278_,2.98
_00796_,2.98
_01103_,2.98
_01108_,2.98
_01608_,2.98
_01793_,2.98
_01929_,2.98
_01987_,2.98
_02113_,2.98
_02186_,2.98
_02202_,2.98
_02309_,2.98
_02319_,2.98
_02457_,2.98
_02469_,2.98
_02740_,2.98
_02757_,2.98
_03139_,2.98
_04369_,2.98
_05082_,2.98
_05154_,2.98
_05173_,2.98
_05457_,2.98
_05508_,2.98
_07149_,2.98
_01548_,2.96
_02299_,2.96
_02311_,2.96
_02360_,2.96
_02379_,2.96
_02506_,2.96
_02928_,2.96
_03095_,2.96
_03231_,2.96
_03271_,2.96
_03272_,2.96
_03342_,2.96
_03387_,2.96
_03403_,2.96
_03513_,2.96
_03784_,2.96
_04077_,2.96
_04150_,2.96
_04292_,2.96
_04373_,2.96
_04403_,2.96
_04425_,2.96
_04467_,2.96
_04895_,2.96
_04990_,2.96
_05018_,2.96
_05684_,2.96
_05862_,2.96
_05897_,2.96
_06057_,2.96
_06419_,2.96
_06434_,2.96
_06554_,2.96
_06605_,2.96
_06738_,2.96
_06771_,2.96
_06804_,2.96
_06881_,2.96
_07105_,2.96
_07110_,2.96
_07173_,2.96
_07220_,2.96
_07256_,2.96
_07294_,2.96
_07345_,2.96
_07346_,2.96
_07388_,2.96
la_sa_lm_sm_block.reg_data_form_id_128\[100\],2.96
la_sa_lm_sm_block.reg_data_form_id_128\[44\],2.96
la_sa_lm_sm_block.reg_data_form_id_128\[52\],2.96
la_sa_lm_sm_block.reg_data_form_id_128\[58\],2.96
la_sa_lm_sm_block.reg_data_form_id_128\[76\],2.96
la_sa_lm_sm_block.reg_data_form_id_128\[79\],2.96
net124,2.96
net648,2.96
net921,2.96
net1455,2.96
net1616,2.96
_00002_,2.945
_00031_,2.945
_00038_,2.945
_00047_,2.945
_00052_,2.945
_00079_,2.945
_00105_,2.945
_00119_,2.945
_00144_,2.945
_00145_,2.945
_00146_,2.945
_00174_,2.945
_00183_,2.945
_00185_,2.945
_00206_,2.945
_00240_,2.945
_00242_,2.945
_00252_,2.945
_00279_,2.945
_00282_,2.945
_00293_,2.945
_00319_,2.945
_00324_,2.945
_00333_,2.945
_00340_,2.945
_00341_,2.945
_00345_,2.945
_00368_,2.945
_00463_,2.945
_00519_,2.945
_00598_,2.945
_00789_,2.945
_00852_,2.945
_00855_,2.945
_01029_,2.945
_01117_,2.945
_01165_,2.945
_01192_,2.945
_01214_,2.945
_01221_,2.945
_01247_,2.945
_01263_,2.945
_01264_,2.945
_01284_,2.945
_01294_,2.945
_01297_,2.945
_01311_,2.945
_01331_,2.945
_01341_,2.945
_01349_,2.945
_01353_,2.945
_01356_,2.945
_01359_,2.945
_01367_,2.945
_01371_,2.945
_01389_,2.945
_01390_,2.945
_01394_,2.945
_01395_,2.945
_01421_,2.945
_01424_,2.945
_01429_,2.945
_01432_,2.945
_01434_,2.945
_01451_,2.945
_01513_,2.945
_01542_,2.945
_01564_,2.945
_01574_,2.945
_01597_,2.945
_01674_,2.945
_01681_,2.945
_01726_,2.945
_01734_,2.945
_01756_,2.945
_01763_,2.945
_01773_,2.945
_01783_,2.945
_01796_,2.945
_01798_,2.945
_01801_,2.945
_01803_,2.945
_06699_,2.94
_00173_,2.885
_00228_,2.885
_00572_,2.885
_00587_,2.885
_01171_,2.885
_01365_,2.885
_01602_,2.885
_01759_,2.885
_00746_,2.88
_00786_,2.86
_00966_,2.86
_01318_,2.86
_01347_,2.86
_01818_,2.86
_04331_,2.86
_04677_,2.86
_06613_,2.86
net829,2.86
net866,2.86
net1429,2.86
net1438,2.86
net1465,2.86
net1476,2.86
net1592,2.86
_00241_,2.835
_00521_,2.835
_01139_,2.835
_01380_,2.835
_05527_,2.8
_00030_,2.785
_00204_,2.785
_00326_,2.785
_00509_,2.785
_00593_,2.785
_00724_,2.785
_00735_,2.785
_00769_,2.785
_00822_,2.785
_00864_,2.785
_00865_,2.785
_01610_,2.785
_01713_,2.785
_01113_,2.765
_01281_,2.765
_02122_,2.76
_02150_,2.76
_04777_,2.76
_04961_,2.76
_05820_,2.76
_05926_,2.76
_06729_,2.76
_06748_,2.76
_06794_,2.76
_06796_,2.76
net768,2.76
net1579,2.76
_05209_,2.75
_02626_,2.74
_02769_,2.74
_03984_,2.74
_04994_,2.74
_05226_,2.74
_06360_,2.74
_05146_,2.72
_05403_,2.72
_00057_,2.715
_00107_,2.715
_00235_,2.715
_00245_,2.715
_00318_,2.715
_00328_,2.715
_00722_,2.715
_00772_,2.715
_00776_,2.715
_00827_,2.715
_00861_,2.715
_01130_,2.715
_01295_,2.715
_01419_,2.715
_01484_,2.715
_01630_,2.715
_01751_,2.715
_01789_,2.715
_01479_,2.705
_02065_,2.64
_02598_,2.64
_02917_,2.64
_03196_,2.64
_03236_,2.64
_03312_,2.64
_04809_,2.64
_05153_,2.64
_05335_,2.64
_05360_,2.64
_05620_,2.64
_06588_,2.64
la_sa_lm_sm_block.reg_data_form_id_128\[87\],2.64
_00684_,2.62
_01837_,2.62
_01886_,2.62
_02005_,2.62
_02410_,2.62
_02429_,2.62
_02497_,2.62
_02537_,2.62
_02620_,2.62
_02723_,2.62
_02729_,2.62
_02798_,2.62
_02869_,2.62
_02923_,2.62
_02948_,2.62
_03176_,2.62
_03197_,2.62
_03229_,2.62
_03501_,2.62
_03744_,2.62
_03864_,2.62
_03894_,2.62
_03979_,2.62
_04186_,2.62
_04234_,2.62
_04340_,2.62
_04576_,2.62
_04818_,2.62
_04891_,2.62
_04913_,2.62
_04966_,2.62
_05169_,2.62
_05419_,2.62
_05565_,2.62
_05594_,2.62
_05667_,2.62
_06108_,2.62
_06684_,2.62
_06716_,2.62
_06983_,2.62
_07050_,2.62
_07074_,2.62
_07095_,2.62
_07154_,2.62
_07196_,2.62
id_rr_pipe_reg.pc_next_out\[1\],2.62
id_rr_pipe_reg.pc_next_out\[2\],2.62
if_id_pipe_reg.PC_Next_Out\[6\],2.62
la_sa_lm_sm_block.reg_data_form_id_128\[49\],2.62
la_sa_lm_sm_block.reg_data_form_id_128\[55\],2.62
la_sa_lm_sm_block.reg_data_form_id_128\[70\],2.62
net123,2.62
net327,2.62
net353,2.62
_01549_,2.605
_00085_,2.595
_00154_,2.595
_00194_,2.595
_00381_,2.595
_00576_,2.595
_00879_,2.595
_00921_,2.595
_00930_,2.595
_01174_,2.595
_01426_,2.595
_01458_,2.595
_01741_,2.595
_01761_,2.595
_01766_,2.595
_00230_,2.585
_00390_,2.585
_00581_,2.585
_00689_,2.585
_00713_,2.585
_01028_,2.585
_01517_,2.585
_01545_,2.585
_01757_,2.585
_01790_,2.585
_01807_,2.585
_04792_,2.58
_04106_,2.56
_00009_,2.545
_00165_,2.545
_00171_,2.545
_00229_,2.545
_00298_,2.545
_00300_,2.545
_00316_,2.545
_00354_,2.545
_00378_,2.545
_00385_,2.545
_00393_,2.545
_00395_,2.545
_00399_,2.545
_00410_,2.545
_00522_,2.545
_00529_,2.545
_00606_,2.545
_00665_,2.545
_00670_,2.545
_00817_,2.545
_00860_,2.545
_00871_,2.545
_00889_,2.545
_00923_,2.545
_00965_,2.545
_00970_,2.545
_01145_,2.545
_01150_,2.545
_01233_,2.545
_01438_,2.545
_01686_,2.545
_01707_,2.545
_01740_,2.545
_01744_,2.545
_01781_,2.545
_00036_,2.52
_01180_,2.52
_01568_,2.52
_01672_,2.52
_01842_,2.52
_01854_,2.52
_02078_,2.52
_02279_,2.52
_02390_,2.52
_02442_,2.52
_02509_,2.52
_02764_,2.52
_04154_,2.52
_04166_,2.52
_04273_,2.52
_06725_,2.52
_07096_,2.52
_07098_,2.52
_07286_,2.52
la_sa_lm_sm_block.reg_data_form_id_128\[43\],2.52
la_sa_lm_sm_block.reg_data_form_id_128\[47\],2.52
la_sa_lm_sm_block.reg_data_form_id_128\[77\],2.52
_01870_,2.5
_01931_,2.5
_02017_,2.5
_02154_,2.5
_02258_,2.5
_02530_,2.5
_02875_,2.5
_03202_,2.5
_03228_,2.5
_03244_,2.5
_03460_,2.5
_03502_,2.5
_03589_,2.5
_03712_,2.5
_03816_,2.5
_04068_,2.5
_04145_,2.5
_04184_,2.5
_04246_,2.5
_04251_,2.5
_04264_,2.5
_04266_,2.5
_04294_,2.5
_04321_,2.5
_04339_,2.5
_04359_,2.5
_04366_,2.5
_04595_,2.5
_04596_,2.5
_04606_,2.5
_04786_,2.5
_04881_,2.5
_04949_,2.5
_05034_,2.5
_05350_,2.5
_05431_,2.5
_05432_,2.5
_05450_,2.5
_05509_,2.5
_05558_,2.5
_05616_,2.5
_05629_,2.5
_05980_,2.5
_06038_,2.5
_06056_,2.5
_06389_,2.5
_06620_,2.5
_06902_,2.5
_07046_,2.5
_07126_,2.5
_07147_,2.5
la_sa_lm_sm_block.reg_data_form_id_128\[104\],2.5
la_sa_lm_sm_block.reg_data_form_id_128\[46\],2.5
la_sa_lm_sm_block.reg_data_form_id_128\[66\],2.5
la_sa_lm_sm_block.reg_data_form_id_128\[82\],2.5
net58,2.5
net187,2.5
net723,2.5
net1025,2.5
_00802_,2.485
_01518_,2.485
_01587_,2.485
_01690_,2.435
_00056_,2.425
_01410_,2.425
_01575_,2.425
_00497_,2.42
_00736_,2.42
_00803_,2.42
_01501_,2.42
_01510_,2.42
_02034_,2.4
_03218_,2.4
_05499_,2.4
_06631_,2.4
_06636_,2.4
net875,2.4
net884,2.4
net1294,2.4
net1636,2.4
_03374_,2.38
_06711_,2.38
_00069_,2.375
_00086_,2.375
_00096_,2.375
_00205_,2.375
_00224_,2.375
_00237_,2.375
_00314_,2.375
_00580_,2.375
_01398_,2.375
_01780_,2.375
_01809_,2.375
_06659_,2.375
_00053_,2.325
_00253_,2.325
_00264_,2.325
_00520_,2.325
_00523_,2.325
_00524_,2.325
_00542_,2.325
_00545_,2.325
_00575_,2.325
_00748_,2.325
_01124_,2.325
_01126_,2.325
_01137_,2.325
_01252_,2.325
_01272_,2.325
_01282_,2.325
_01301_,2.325
_01373_,2.325
_01471_,2.325
_01612_,2.325
_01646_,2.325
_01737_,2.325
_01765_,2.325
_01770_,2.325
_01774_,2.325
_01808_,2.325
_01558_,2.3
_01973_,2.3
_02127_,2.3
_02257_,2.3
_03282_,2.3
_03462_,2.3
_03550_,2.3
_05413_,2.3
_05514_,2.3
_06488_,2.3
_06825_,2.3
net158,2.3
net241,2.3
net719,2.3
net1001,2.3
_01933_,2.28
_04079_,2.28
_04256_,2.28
_04433_,2.28
_04583_,2.28
_04686_,2.28
_05468_,2.28
la_sa_lm_sm_block.reg_data_form_id_128\[8\],2.28
net750,2.28
_00033_,2.26
_00355_,2.26
_00098_,2.255
_00110_,2.255
_00265_,2.255
_00338_,2.255
_00346_,2.255
_00366_,2.255
_00367_,2.255
_00823_,2.255
_01201_,2.255
_01227_,2.255
_01291_,2.255
_01339_,2.255
_01439_,2.255
_01497_,2.255
_01604_,2.255
_01814_,2.255
_05545_,2.25
_00476_,2.205
_06594_,2.185
_02260_,2.18
_02703_,2.18
_02867_,2.18
_02929_,2.18
_03118_,2.18
_03277_,2.18
_03456_,2.18
_04475_,2.18
_04605_,2.18
_05623_,2.18
_06596_,2.18
la_sa_lm_sm_block.reg_data_form_id_128\[1\],2.18
la_sa_lm_sm_block.reg_data_form_id_128\[41\],2.18
la_sa_lm_sm_block.reg_data_form_id_128\[5\],2.18
la_sa_lm_sm_block.reg_data_form_id_128\[6\],2.18
net108,2.18
net110,2.18
net116,2.18
net122,2.18
net125,2.18
net126,2.18
net304,2.18
_01561_,2.16
_01892_,2.16
_02423_,2.16
_02522_,2.16
_02736_,2.16
_02744_,2.16
_02748_,2.16
_02805_,2.16
_02807_,2.16
_02856_,2.16
_03114_,2.16
_03217_,2.16
_03294_,2.16
_03346_,2.16
_03359_,2.16
_03385_,2.16
_03490_,2.16
_03621_,2.16
_03628_,2.16
_03765_,2.16
_03948_,2.16
_04073_,2.16
_04144_,2.16
_04147_,2.16
_04168_,2.16
_04216_,2.16
_04787_,2.16
_05013_,2.16
_05089_,2.16
_05144_,2.16
_05164_,2.16
_05256_,2.16
_05328_,2.16
_05334_,2.16
_05447_,2.16
_05528_,2.16
_05601_,2.16
_05761_,2.16
_06297_,2.16
_06359_,2.16
_06629_,2.16
_06768_,2.16
_06803_,2.16
_06927_,2.16
_07176_,2.16
_07182_,2.16
_07292_,2.16
_07314_,2.16
_07361_,2.16
_07400_,2.16
id_rr_pipe_reg.instr_out\[4\],2.16
id_rr_pipe_reg.pc_out\[4\],2.16
if_id_pipe_reg.PC_Next_Out\[1\],2.16
if_id_pipe_reg.PC_Next_Out\[4\],2.16
la_sa_lm_sm_block.reg_data_form_id_128\[64\],2.16
la_sa_lm_sm_block.reg_data_form_id_128\[65\],2.16
stall_pending,2.16
net264,2.16
net280,2.16
net351,2.16
net476,2.16
net507,2.16
net1676,2.16
net423,2.145
net445,2.145
_01580_,2.135
_00136_,2.125
_00176_,2.125
_00388_,2.125
_00472_,2.125
_00739_,2.125
_00892_,2.125
_01210_,2.125
_01323_,2.125
_01475_,2.125
_00857_,2.115
_00007_,2.085
_00010_,2.085
_00035_,2.085
_00114_,2.085
_00122_,2.085
_00149_,2.085
_00188_,2.085
_00199_,2.085
_00268_,2.085
_00317_,2.085
_00327_,2.085
_00336_,2.085
_00350_,2.085
_00422_,2.085
_00571_,2.085
_00658_,2.085
_01043_,2.085
_01200_,2.085
_01208_,2.085
_01246_,2.085
_01279_,2.085
_01299_,2.085
_01397_,2.085
_01428_,2.085
_01455_,2.085
_01635_,2.085
_01718_,2.085
_05440_,2.07
_02441_,2.06
_02466_,2.06
_02480_,2.06
_03819_,2.06
_03876_,2.06
_03910_,2.06
_04198_,2.06
_04202_,2.06
_04395_,2.06
_05273_,2.06
_06033_,2.06
_06307_,2.06
_06448_,2.06
_06604_,2.06
_07165_,2.06
_07308_,2.06
_07320_,2.06
_07350_,2.06
_07359_,2.06
la_sa_lm_sm_block.reg_data_form_id_128\[22\],2.045
_02074_,2.04
_02133_,2.04
_02163_,2.04
_02314_,2.04
_03397_,2.04
_03717_,2.04
_03971_,2.04
_03999_,2.04
_04275_,2.04
_04406_,2.04
_04555_,2.04
_04931_,2.04
_05033_,2.04
_06254_,2.04
_06731_,2.04
_07145_,2.04
_07238_,2.04
la_sa_lm_sm_block.reg_data_form_id_128\[99\],2.04
net574,2.04
net1037,2.04
_00292_,2.035
_00591_,2.035
_00131_,2.025
_00470_,2.025
_00501_,2.025
_00938_,2.025
_01478_,2.025
_01490_,2.025
_01494_,2.025
_01521_,2.025
_01611_,2.025
_01647_,2.025
_01648_,2.025
_01649_,2.025
_01651_,2.025
_01655_,2.025
_01657_,2.025
_04350_,1.94
_05694_,1.94
_05822_,1.94
net795,1.94
net1022,1.94
net1328,1.94
net1384,1.94
net1500,1.94
_00109_,1.915
_00322_,1.915
_00362_,1.915
_00370_,1.915
_00420_,1.915
_01403_,1.915
_01452_,1.915
_01678_,1.915
_01760_,1.915
_00008_,1.865
_00025_,1.865
_00066_,1.865
_00106_,1.865
_00158_,1.865
_00201_,1.865
_00215_,1.865
_00227_,1.865
_00249_,1.865
_00274_,1.865
_00286_,1.865
_00290_,1.865
_00294_,1.865
_00347_,1.865
_00394_,1.865
_00482_,1.865
_00514_,1.865
_00525_,1.865
_00565_,1.865
_00567_,1.865
_00586_,1.865
_00590_,1.865
_00600_,1.865
_00607_,1.865
_00637_,1.865
_00834_,1.865
_00842_,1.865
_01095_,1.865
_01121_,1.865
_01148_,1.865
_01161_,1.865
_01178_,1.865
_01197_,1.865
_01267_,1.865
_01278_,1.865
_01296_,1.865
_01312_,1.865
_01319_,1.865
_01346_,1.865
_01350_,1.865
_01360_,1.865
_01489_,1.865
_01498_,1.865
_01665_,1.865
_01689_,1.865
_01735_,1.865
_01749_,1.865
_01758_,1.865
net608,1.865
_00414_,1.84
_01552_,1.84
_01553_,1.84
_01559_,1.84
_02036_,1.84
_02624_,1.84
_04579_,1.84
_05824_,1.84
_06733_,1.84
_06792_,1.84
_06826_,1.84
_06852_,1.84
net400,1.84
net488,1.84
net540,1.84
_02194_,1.82
_02881_,1.82
_03576_,1.82
_03664_,1.82
_05530_,1.82
la_sa_lm_sm_block.reg_data_form_id_128\[91\],1.82
_02709_,1.72
_02930_,1.72
_03021_,1.72
_04964_,1.72
_05170_,1.72
la_sa_lm_sm_block.reg_data_form_id_128\[19\],1.705
_00437_,1.7
_00621_,1.7
_00643_,1.7
_00646_,1.7
_00686_,1.7
_00698_,1.7
_01857_,1.7
_01974_,1.7
_02084_,1.7
_02087_,1.7
_02090_,1.7
_02835_,1.7
_02911_,1.7
_02976_,1.7
_03144_,1.7
_03280_,1.7
_03283_,1.7
_03579_,1.7
_04122_,1.7
_04356_,1.7
_05115_,1.7
_05186_,1.7
_05201_,1.7
_05301_,1.7
_06016_,1.7
_06533_,1.7
_07148_,1.7
_07371_,1.7
id_rr_pipe_reg.pc_next_out\[8\],1.7
la_sa_lm_sm_block.reg_data_form_id_128\[63\],1.7
_00667_,1.685
_00882_,1.685
_00883_,1.685
la_sa_lm_sm_block.reg_data_form_id_128\[18\],1.605
la_sa_lm_sm_block.reg_data_form_id_128\[21\],1.605
_02198_,1.6
_02274_,1.6
_02297_,1.6
_02432_,1.6
_02493_,1.6
_02524_,1.6
_02605_,1.6
_03190_,1.6
_03200_,1.6
_03796_,1.6
_03865_,1.6
_03909_,1.6
_04075_,1.6
_04083_,1.6
_04097_,1.6
_04151_,1.6
_04176_,1.6
_04179_,1.6
_04206_,1.6
_04240_,1.6
_04267_,1.6
_05984_,1.6
_05988_,1.6
_06051_,1.6
_06062_,1.6
_06065_,1.6
_06306_,1.6
_06548_,1.6
_07048_,1.6
_07060_,1.6
_07260_,1.6
_07315_,1.6
_07342_,1.6
_07365_,1.6
_07381_,1.6
_03194_,1.59
_00123_,1.575
_00250_,1.575
_00371_,1.575
_00499_,1.575
_01151_,1.575
_01345_,1.575
_01420_,1.575
_01422_,1.575
_01716_,1.575
_01745_,1.575
_02526_,1.48
_02677_,1.48
_03895_,1.48
_04233_,1.48
_06471_,1.48
_06609_,1.48
net690,1.48
net757,1.48
_00032_,1.46
_00196_,1.46
_00288_,1.46
_00359_,1.46
_00363_,1.46
_00595_,1.46
_01431_,1.46
_01596_,1.46
_00026_,1.405
_00048_,1.405
_00147_,1.405
_00187_,1.405
_00255_,1.405
_00473_,1.405
_00540_,1.405
_00573_,1.405
_00577_,1.405
_00657_,1.405
_00851_,1.405
_00856_,1.405
_00862_,1.405
_00935_,1.405
_00977_,1.405
_01100_,1.405
_01127_,1.405
_01166_,1.405
_01168_,1.405
_01262_,1.405
_01328_,1.405
_01381_,1.405
_01418_,1.405
_01644_,1.405
_01782_,1.405
_01787_,1.405
_01794_,1.405
_02138_,1.38
_03429_,1.38
_05356_,1.38
_06509_,1.38
_06583_,1.38
_06749_,1.38
net662,1.38
_04715_,1.36
_05696_,1.36
_02056_,1.265
_03206_,1.26
_04476_,1.26
_04484_,1.26
_04896_,1.26
_05134_,1.26
_05302_,1.26
id_rr_pipe_reg.instr_out\[5\],1.26
_02533_,1.22
_01825_,1.14
_01841_,1.14
_01851_,1.14
_01862_,1.14
_01865_,1.14
_01899_,1.14
_02214_,1.14
_02323_,1.14
_02324_,1.14
_02398_,1.14
_02419_,1.14
_02440_,1.14
_02450_,1.14
_02459_,1.14
_02471_,1.14
_02499_,1.14
_02505_,1.14
_02531_,1.14
_02534_,1.14
_02536_,1.14
_02698_,1.14
_02756_,1.14
_02975_,1.14
_03186_,1.14
_03189_,1.14
_03290_,1.14
_03341_,1.14
_03402_,1.14
_03484_,1.14
_03787_,1.14
_03883_,1.14
_03899_,1.14
_03935_,1.14
_03954_,1.14
_03978_,1.14
_03993_,1.14
_03995_,1.14
_04002_,1.14
_04020_,1.14
_04022_,1.14
_04066_,1.14
_04076_,1.14
_04130_,1.14
_04155_,1.14
_04172_,1.14
_04178_,1.14
_04188_,1.14
_04191_,1.14
_04197_,1.14
_04229_,1.14
_04236_,1.14
_04239_,1.14
_04260_,1.14
_04272_,1.14
_04284_,1.14
_04309_,1.14
_04335_,1.14
_04361_,1.14
_04389_,1.14
_04398_,1.14
_04407_,1.14
_06014_,1.14
_06021_,1.14
_06024_,1.14
_06026_,1.14
_06036_,1.14
_06042_,1.14
_06046_,1.14
_06293_,1.14
_06525_,1.14
_06535_,1.14
_06546_,1.14
_06714_,1.14
_06727_,1.14
_06953_,1.14
_07057_,1.14
_07094_,1.14
_07107_,1.14
_07124_,1.14
_07152_,1.14
_07207_,1.14
_07265_,1.14
_07266_,1.14
_07267_,1.14
_07293_,1.14
_07343_,1.14
_07379_,1.14
_07383_,1.14
la_sa_lm_sm_block.reg_data_form_id_128\[48\],1.14
la_sa_lm_sm_block.reg_data_form_id_128\[53\],1.14
la_sa_lm_sm_block.reg_data_form_id_128\[62\],1.14
_02348_,1.08
_02436_,1.06
_05005_,1.02
_05549_,1.02
_05584_,1.02
net1262,1.02
_02003_,0.92
_02029_,0.92
_02053_,0.92
_02063_,0.92
_02888_,0.92
_05490_,0.92
_05614_,0.92
_05871_,0.92
_05893_,0.92
net147,0.92
net194,0.92
_05544_,0.815
_06464_,0.8
id_rr_pipe_reg.pc_next_out\[5\],0.8
id_rr_pipe_reg.pc_out\[9\],0.8
if_id_pipe_reg.PC_Next_Out\[15\],0.8
if_id_pipe_reg.PC_Next_Out\[3\],0.8
_03472_,0.46
_03611_,0.46
_04878_,0.46
_05386_,0.46
_05770_,0.46
_06952_,0.46
net137,0.46
net143,0.46
net148,0.46
net154,0.46
net168,0.46
net171,0.46
net193,0.46
net210,0.46
net211,0.46
net215,0.46
net229,0.46
net285,0.46
net295,0.46
net302,0.46
net324,0.46
net344,0.46
net475,0.46
net494,0.46
net515,0.46
net524,0.46
net551,0.46
