
 /----------------------------------------------------------------------------\
 |                                                                            |
 |  yosys -- Yosys Open SYnthesis Suite                                       |
 |                                                                            |
 |  Copyright (C) 2012 - 2020  Claire Xenia Wolf <claire@yosyshq.com>         |
 |                                                                            |
 |  Permission to use, copy, modify, and/or distribute this software for any  |
 |  purpose with or without fee is hereby granted, provided that the above    |
 |  copyright notice and this permission notice appear in all copies.         |
 |                                                                            |
 |  THE SOFTWARE IS PROVIDED "AS IS" AND THE AUTHOR DISCLAIMS ALL WARRANTIES  |
 |  WITH REGARD TO THIS SOFTWARE INCLUDING ALL IMPLIED WARRANTIES OF          |
 |  MERCHANTABILITY AND FITNESS. IN NO EVENT SHALL THE AUTHOR BE LIABLE FOR   |
 |  ANY SPECIAL, DIRECT, INDIRECT, OR CONSEQUENTIAL DAMAGES OR ANY DAMAGES    |
 |  WHATSOEVER RESULTING FROM LOSS OF USE, DATA OR PROFITS, WHETHER IN AN     |
 |  ACTION OF CONTRACT, NEGLIGENCE OR OTHER TORTIOUS ACTION, ARISING OUT OF   |
 |  OR IN CONNECTION WITH THE USE OR PERFORMANCE OF THIS SOFTWARE.            |
 |                                                                            |
 \----------------------------------------------------------------------------/

 Yosys 0.30+48 (git sha1 14d50a176d5, gcc 8.3.1 -fPIC -Os)

[TCL: yosys -import] Command name collision: found pre-existing command `cd' -> skip.
[TCL: yosys -import] Command name collision: found pre-existing command `eval' -> skip.
[TCL: yosys -import] Command name collision: found pre-existing command `exec' -> skip.
[TCL: yosys -import] Command name collision: found pre-existing command `read' -> skip.
[TCL: yosys -import] Command name collision: found pre-existing command `trace' -> skip.

1. Executing Verilog-2005 frontend: /openlane/designs/my_processor/src/mux.v
Parsing SystemVerilog input from `/openlane/designs/my_processor/src/mux.v' to AST representation.
Generating RTLIL representation for module `\mux_21'.
Generating RTLIL representation for module `\mux_41'.
Successfully finished Verilog frontend.

2. Executing Verilog-2005 frontend: /openlane/designs/my_processor/src/ctrlUnit.v
Parsing SystemVerilog input from `/openlane/designs/my_processor/src/ctrlUnit.v' to AST representation.
Generating RTLIL representation for module `\control_decoder'.
Successfully finished Verilog frontend.

3. Executing Verilog-2005 frontend: /openlane/designs/my_processor/src/Stage34_RR2EX.v
Parsing SystemVerilog input from `/openlane/designs/my_processor/src/Stage34_RR2EX.v' to AST representation.
Generating RTLIL representation for module `\RR2EX_Pipline_Reg'.
Successfully finished Verilog frontend.

4. Executing Verilog-2005 frontend: /openlane/designs/my_processor/src/Stage23_ID2RR.v
Parsing SystemVerilog input from `/openlane/designs/my_processor/src/Stage23_ID2RR.v' to AST representation.
Generating RTLIL representation for module `\ID2RR_Pipline_Reg'.
Successfully finished Verilog frontend.

5. Executing Verilog-2005 frontend: /openlane/designs/my_processor/src/InstrMem.v
Parsing SystemVerilog input from `/openlane/designs/my_processor/src/InstrMem.v' to AST representation.
Generating RTLIL representation for module `\instr_mem'.
Successfully finished Verilog frontend.

6. Executing Verilog-2005 frontend: /openlane/designs/my_processor/src/dataMem.v
Parsing SystemVerilog input from `/openlane/designs/my_processor/src/dataMem.v' to AST representation.
Generating RTLIL representation for module `\data_memory'.
Successfully finished Verilog frontend.

7. Executing Verilog-2005 frontend: /openlane/designs/my_processor/src/branchHist.v
Parsing SystemVerilog input from `/openlane/designs/my_processor/src/branchHist.v' to AST representation.
Generating RTLIL representation for module `\branch_history_table'.
Successfully finished Verilog frontend.

8. Executing Verilog-2005 frontend: /openlane/designs/my_processor/src/loadStoreMultiple.v
Parsing SystemVerilog input from `/openlane/designs/my_processor/src/loadStoreMultiple.v' to AST representation.
Generating RTLIL representation for module `\load_store_multi_block'.
Successfully finished Verilog frontend.

9. Executing Verilog-2005 frontend: /openlane/designs/my_processor/src/topModule.v
Parsing SystemVerilog input from `/openlane/designs/my_processor/src/topModule.v' to AST representation.
Generating RTLIL representation for module `\pipelined_processor'.
Successfully finished Verilog frontend.

10. Executing Verilog-2005 frontend: /openlane/designs/my_processor/src/registerBank.v
Parsing SystemVerilog input from `/openlane/designs/my_processor/src/registerBank.v' to AST representation.
Generating RTLIL representation for module `\register_n'.
Generating RTLIL representation for module `\register_bank'.
Successfully finished Verilog frontend.

11. Executing Verilog-2005 frontend: /openlane/designs/my_processor/src/aluCtrl.v
Parsing SystemVerilog input from `/openlane/designs/my_processor/src/aluCtrl.v' to AST representation.
Generating RTLIL representation for module `\alu_ctrl'.
Successfully finished Verilog frontend.

12. Executing Verilog-2005 frontend: /openlane/designs/my_processor/src/Stage12_IF2ID.v
Parsing SystemVerilog input from `/openlane/designs/my_processor/src/Stage12_IF2ID.v' to AST representation.
Generating RTLIL representation for module `\IF2ID_Pipline_Reg'.
Successfully finished Verilog frontend.

13. Executing Verilog-2005 frontend: /openlane/designs/my_processor/src/Stage56_MM2WB.v
Parsing SystemVerilog input from `/openlane/designs/my_processor/src/Stage56_MM2WB.v' to AST representation.
Generating RTLIL representation for module `\MEM2WB_Pipline_Reg'.
Successfully finished Verilog frontend.

14. Executing Verilog-2005 frontend: /openlane/designs/my_processor/src/frwdingCntrl.v
Parsing SystemVerilog input from `/openlane/designs/my_processor/src/frwdingCntrl.v' to AST representation.
Generating RTLIL representation for module `\forwarding_control_unit'.
Successfully finished Verilog frontend.

15. Executing Verilog-2005 frontend: /openlane/designs/my_processor/src/Stage45_EX2MM.v
Parsing SystemVerilog input from `/openlane/designs/my_processor/src/Stage45_EX2MM.v' to AST representation.
Generating RTLIL representation for module `\EX2MEM_Pipline_Reg'.
Successfully finished Verilog frontend.

16. Executing Verilog-2005 frontend: /openlane/designs/my_processor/src/branchJumpCtrl.v
Parsing SystemVerilog input from `/openlane/designs/my_processor/src/branchJumpCtrl.v' to AST representation.
Generating RTLIL representation for module `\branch_jump_controller'.
Successfully finished Verilog frontend.

17. Executing Verilog-2005 frontend: /openlane/designs/my_processor/src/ALU.v
Parsing SystemVerilog input from `/openlane/designs/my_processor/src/ALU.v' to AST representation.
Generating RTLIL representation for module `\alu'.
Successfully finished Verilog frontend.

18. Generating Graphviz representation of design.
Writing dot description to `/openlane/designs/my_processor/runs/RUN_CLEAN/tmp/synthesis/hierarchy.dot'.
Dumping module pipelined_processor to page 1.

19. Executing HIERARCHY pass (managing design hierarchy).

19.1. Analyzing design hierarchy..
Top module:  \pipelined_processor
Used module:     \MEM2WB_Pipline_Reg
Used module:     \mux_21
Used module:     \data_memory
Used module:     \load_store_multi_block
Used module:     \EX2MEM_Pipline_Reg
Used module:     \mux_41
Used module:     \alu
Used module:     \forwarding_control_unit
Used module:     \register_n
Used module:     \alu_ctrl
Used module:     \RR2EX_Pipline_Reg
Used module:     \ID2RR_Pipline_Reg
Used module:     \register_bank
Used module:     \control_decoder
Used module:     \IF2ID_Pipline_Reg
Used module:     \branch_history_table
Used module:     \branch_jump_controller
Used module:     \instr_mem
Parameter \IN_WIDTH = 16
Parameter \OUT_WIDTH = 16

19.2. Executing AST frontend in derive mode using pre-parsed AST for module `\mux_21'.
Parameter \IN_WIDTH = 16
Parameter \OUT_WIDTH = 16
Generating RTLIL representation for module `$paramod$301fb870b2cfc3f89548532f53ffd32e0441395a\mux_21'.
Parameter \IN_WIDTH = 3
Parameter \OUT_WIDTH = 3

19.3. Executing AST frontend in derive mode using pre-parsed AST for module `\mux_21'.
Parameter \IN_WIDTH = 3
Parameter \OUT_WIDTH = 3
Generating RTLIL representation for module `$paramod$478555db74d47255e0a5d15b1b9dc8a214d2638a\mux_21'.
Parameter \IN_WIDTH = 16
Parameter \OUT_WIDTH = 16
Found cached RTLIL representation for module `$paramod$301fb870b2cfc3f89548532f53ffd32e0441395a\mux_21'.
Parameter \IN_WIDTH = 3
Parameter \OUT_WIDTH = 3
Found cached RTLIL representation for module `$paramod$478555db74d47255e0a5d15b1b9dc8a214d2638a\mux_21'.
Parameter \IN_WIDTH = 16
Parameter \OUT_WIDTH = 16
Found cached RTLIL representation for module `$paramod$301fb870b2cfc3f89548532f53ffd32e0441395a\mux_21'.
Parameter \IN_WIDTH = 16
Parameter \OUT_WIDTH = 16
Found cached RTLIL representation for module `$paramod$301fb870b2cfc3f89548532f53ffd32e0441395a\mux_21'.
Parameter \IN_WIDTH = 16
Parameter \OUT_WIDTH = 16
Found cached RTLIL representation for module `$paramod$301fb870b2cfc3f89548532f53ffd32e0441395a\mux_21'.
Parameter \IN_WIDTH = 3
Parameter \OUT_WIDTH = 3

19.4. Executing AST frontend in derive mode using pre-parsed AST for module `\mux_41'.
Parameter \IN_WIDTH = 3
Parameter \OUT_WIDTH = 3
Generating RTLIL representation for module `$paramod$478555db74d47255e0a5d15b1b9dc8a214d2638a\mux_41'.
Parameter \IN_WIDTH = 16
Parameter \OUT_WIDTH = 16

19.5. Executing AST frontend in derive mode using pre-parsed AST for module `\mux_41'.
Parameter \IN_WIDTH = 16
Parameter \OUT_WIDTH = 16
Generating RTLIL representation for module `$paramod$301fb870b2cfc3f89548532f53ffd32e0441395a\mux_41'.
Parameter \IN_WIDTH = 16
Parameter \OUT_WIDTH = 16
Found cached RTLIL representation for module `$paramod$301fb870b2cfc3f89548532f53ffd32e0441395a\mux_41'.
Parameter \IN_WIDTH = 16
Parameter \OUT_WIDTH = 16
Found cached RTLIL representation for module `$paramod$301fb870b2cfc3f89548532f53ffd32e0441395a\mux_41'.
Parameter \N = 1

19.6. Executing AST frontend in derive mode using pre-parsed AST for module `\register_n'.
Parameter \N = 1
Generating RTLIL representation for module `$paramod\register_n\N=s32'00000000000000000000000000000001'.
Parameter \N = 1
Found cached RTLIL representation for module `$paramod\register_n\N=s32'00000000000000000000000000000001'.
Parameter \IN_WIDTH = 1
Parameter \OUT_WIDTH = 1

19.7. Executing AST frontend in derive mode using pre-parsed AST for module `\mux_21'.
Parameter \IN_WIDTH = 1
Parameter \OUT_WIDTH = 1
Generating RTLIL representation for module `$paramod$a7e851d390747afa34632ac2555d14b132b466de\mux_21'.
Parameter \IN_WIDTH = 1
Parameter \OUT_WIDTH = 1
Found cached RTLIL representation for module `$paramod$a7e851d390747afa34632ac2555d14b132b466de\mux_21'.
Parameter \IN_WIDTH = 3
Parameter \OUT_WIDTH = 3
Found cached RTLIL representation for module `$paramod$478555db74d47255e0a5d15b1b9dc8a214d2638a\mux_21'.
Parameter \IN_WIDTH = 3
Parameter \OUT_WIDTH = 3
Found cached RTLIL representation for module `$paramod$478555db74d47255e0a5d15b1b9dc8a214d2638a\mux_21'.
Parameter \IN_WIDTH = 16
Parameter \OUT_WIDTH = 16
Found cached RTLIL representation for module `$paramod$301fb870b2cfc3f89548532f53ffd32e0441395a\mux_21'.
Parameter \IN_WIDTH = 16
Parameter \OUT_WIDTH = 16
Found cached RTLIL representation for module `$paramod$301fb870b2cfc3f89548532f53ffd32e0441395a\mux_41'.
Parameter \IN_WIDTH = 16
Parameter \OUT_WIDTH = 16
Found cached RTLIL representation for module `$paramod$301fb870b2cfc3f89548532f53ffd32e0441395a\mux_21'.

19.8. Analyzing design hierarchy..
Top module:  \pipelined_processor
Used module:     \MEM2WB_Pipline_Reg
Used module:     $paramod$301fb870b2cfc3f89548532f53ffd32e0441395a\mux_21
Used module:     \data_memory
Used module:     $paramod$478555db74d47255e0a5d15b1b9dc8a214d2638a\mux_21
Used module:     \load_store_multi_block
Used module:     \EX2MEM_Pipline_Reg
Used module:     $paramod$478555db74d47255e0a5d15b1b9dc8a214d2638a\mux_41
Used module:     \alu
Used module:     $paramod$301fb870b2cfc3f89548532f53ffd32e0441395a\mux_41
Used module:     \forwarding_control_unit
Used module:     $paramod\register_n\N=s32'00000000000000000000000000000001
Used module:     \alu_ctrl
Used module:     \RR2EX_Pipline_Reg
Used module:     \ID2RR_Pipline_Reg
Used module:     $paramod$a7e851d390747afa34632ac2555d14b132b466de\mux_21
Used module:     \register_bank
Used module:     \control_decoder
Used module:     \IF2ID_Pipline_Reg
Used module:     \branch_history_table
Used module:     \branch_jump_controller
Used module:     \instr_mem
Used module:     \register_n

19.9. Analyzing design hierarchy..
Top module:  \pipelined_processor
Used module:     \MEM2WB_Pipline_Reg
Used module:     $paramod$301fb870b2cfc3f89548532f53ffd32e0441395a\mux_21
Used module:     \data_memory
Used module:     $paramod$478555db74d47255e0a5d15b1b9dc8a214d2638a\mux_21
Used module:     \load_store_multi_block
Used module:     \EX2MEM_Pipline_Reg
Used module:     $paramod$478555db74d47255e0a5d15b1b9dc8a214d2638a\mux_41
Used module:     \alu
Used module:     $paramod$301fb870b2cfc3f89548532f53ffd32e0441395a\mux_41
Used module:     \forwarding_control_unit
Used module:     $paramod\register_n\N=s32'00000000000000000000000000000001
Used module:     \alu_ctrl
Used module:     \RR2EX_Pipline_Reg
Used module:     \ID2RR_Pipline_Reg
Used module:     $paramod$a7e851d390747afa34632ac2555d14b132b466de\mux_21
Used module:     \register_bank
Used module:     \control_decoder
Used module:     \IF2ID_Pipline_Reg
Used module:     \branch_history_table
Used module:     \branch_jump_controller
Used module:     \instr_mem
Used module:     \register_n
Removing unused module `\mux_41'.
Removing unused module `\mux_21'.
Removed 2 unused modules.

20. Executing TRIBUF pass.

21. Executing HIERARCHY pass (managing design hierarchy).

21.1. Analyzing design hierarchy..
Top module:  \pipelined_processor
Used module:     \MEM2WB_Pipline_Reg
Used module:     $paramod$301fb870b2cfc3f89548532f53ffd32e0441395a\mux_21
Used module:     \data_memory
Used module:     $paramod$478555db74d47255e0a5d15b1b9dc8a214d2638a\mux_21
Used module:     \load_store_multi_block
Used module:     \EX2MEM_Pipline_Reg
Used module:     $paramod$478555db74d47255e0a5d15b1b9dc8a214d2638a\mux_41
Used module:     \alu
Used module:     $paramod$301fb870b2cfc3f89548532f53ffd32e0441395a\mux_41
Used module:     \forwarding_control_unit
Used module:     $paramod\register_n\N=s32'00000000000000000000000000000001
Used module:     \alu_ctrl
Used module:     \RR2EX_Pipline_Reg
Used module:     \ID2RR_Pipline_Reg
Used module:     $paramod$a7e851d390747afa34632ac2555d14b132b466de\mux_21
Used module:     \register_bank
Used module:     \control_decoder
Used module:     \IF2ID_Pipline_Reg
Used module:     \branch_history_table
Used module:     \branch_jump_controller
Used module:     \instr_mem
Used module:     \register_n

21.2. Analyzing design hierarchy..
Top module:  \pipelined_processor
Used module:     \MEM2WB_Pipline_Reg
Used module:     $paramod$301fb870b2cfc3f89548532f53ffd32e0441395a\mux_21
Used module:     \data_memory
Used module:     $paramod$478555db74d47255e0a5d15b1b9dc8a214d2638a\mux_21
Used module:     \load_store_multi_block
Used module:     \EX2MEM_Pipline_Reg
Used module:     $paramod$478555db74d47255e0a5d15b1b9dc8a214d2638a\mux_41
Used module:     \alu
Used module:     $paramod$301fb870b2cfc3f89548532f53ffd32e0441395a\mux_41
Used module:     \forwarding_control_unit
Used module:     $paramod\register_n\N=s32'00000000000000000000000000000001
Used module:     \alu_ctrl
Used module:     \RR2EX_Pipline_Reg
Used module:     \ID2RR_Pipline_Reg
Used module:     $paramod$a7e851d390747afa34632ac2555d14b132b466de\mux_21
Used module:     \register_bank
Used module:     \control_decoder
Used module:     \IF2ID_Pipline_Reg
Used module:     \branch_history_table
Used module:     \branch_jump_controller
Used module:     \instr_mem
Used module:     \register_n
Removed 0 unused modules.

22. Executing PROC_CLEAN pass (remove empty switches from decision trees).
Cleaned up 0 empty switches.

23. Executing PROC_RMDEAD pass (remove dead branches from decision trees).
Removed 1 dead cases from process $proc$/openlane/designs/my_processor/src/mux.v:35$959 in module $paramod$301fb870b2cfc3f89548532f53ffd32e0441395a\mux_41.
Marked 1 switch rules as full_case in process $proc$/openlane/designs/my_processor/src/mux.v:35$959 in module $paramod$301fb870b2cfc3f89548532f53ffd32e0441395a\mux_41.
Removed 1 dead cases from process $proc$/openlane/designs/my_processor/src/mux.v:35$958 in module $paramod$478555db74d47255e0a5d15b1b9dc8a214d2638a\mux_41.
Marked 1 switch rules as full_case in process $proc$/openlane/designs/my_processor/src/mux.v:35$958 in module $paramod$478555db74d47255e0a5d15b1b9dc8a214d2638a\mux_41.
Removed 1 dead cases from process $proc$/openlane/designs/my_processor/src/mux.v:14$957 in module $paramod$478555db74d47255e0a5d15b1b9dc8a214d2638a\mux_21.
Marked 1 switch rules as full_case in process $proc$/openlane/designs/my_processor/src/mux.v:14$957 in module $paramod$478555db74d47255e0a5d15b1b9dc8a214d2638a\mux_21.
Removed 1 dead cases from process $proc$/openlane/designs/my_processor/src/mux.v:14$956 in module $paramod$301fb870b2cfc3f89548532f53ffd32e0441395a\mux_21.
Marked 1 switch rules as full_case in process $proc$/openlane/designs/my_processor/src/mux.v:14$956 in module $paramod$301fb870b2cfc3f89548532f53ffd32e0441395a\mux_21.
Marked 1 switch rules as full_case in process $proc$/openlane/designs/my_processor/src/ALU.v:14$943 in module alu.
Marked 2 switch rules as full_case in process $proc$/openlane/designs/my_processor/src/branchJumpCtrl.v:8$940 in module branch_jump_controller.
Marked 1 switch rules as full_case in process $proc$/openlane/designs/my_processor/src/Stage45_EX2MM.v:13$939 in module EX2MEM_Pipline_Reg.
Marked 6 switch rules as full_case in process $proc$/openlane/designs/my_processor/src/frwdingCntrl.v:19$920 in module forwarding_control_unit.
Marked 1 switch rules as full_case in process $proc$/openlane/designs/my_processor/src/Stage56_MM2WB.v:13$919 in module MEM2WB_Pipline_Reg.
Marked 1 switch rules as full_case in process $proc$/openlane/designs/my_processor/src/Stage12_IF2ID.v:8$918 in module IF2ID_Pipline_Reg.
Marked 10 switch rules as full_case in process $proc$/openlane/designs/my_processor/src/aluCtrl.v:28$916 in module alu_ctrl.
Marked 3 switch rules as full_case in process $proc$/openlane/designs/my_processor/src/registerBank.v:48$881 in module register_bank.
Marked 1 switch rules as full_case in process $proc$/openlane/designs/my_processor/src/registerBank.v:37$872 in module register_bank.
Marked 1 switch rules as full_case in process $proc$/openlane/designs/my_processor/src/registerBank.v:8$858 in module register_n.
Marked 1 switch rules as full_case in process $proc$/openlane/designs/my_processor/src/topModule.v:602$839 in module pipelined_processor.
Marked 2 switch rules as full_case in process $proc$/openlane/designs/my_processor/src/topModule.v:590$824 in module pipelined_processor.
Marked 1 switch rules as full_case in process $proc$/openlane/designs/my_processor/src/topModule.v:554$804 in module pipelined_processor.
Marked 5 switch rules as full_case in process $proc$/openlane/designs/my_processor/src/topModule.v:408$755 in module pipelined_processor.
Marked 2 switch rules as full_case in process $proc$/openlane/designs/my_processor/src/topModule.v:381$749 in module pipelined_processor.
Marked 1 switch rules as full_case in process $proc$/openlane/designs/my_processor/src/topModule.v:309$742 in module pipelined_processor.
Marked 2 switch rules as full_case in process $proc$/openlane/designs/my_processor/src/loadStoreMultiple.v:54$720 in module load_store_multi_block.
Marked 1 switch rules as full_case in process $proc$/openlane/designs/my_processor/src/loadStoreMultiple.v:47$712 in module load_store_multi_block.
Marked 3 switch rules as full_case in process $proc$/openlane/designs/my_processor/src/loadStoreMultiple.v:21$697 in module load_store_multi_block.
Marked 22 switch rules as full_case in process $proc$/openlane/designs/my_processor/src/branchHist.v:39$325 in module branch_history_table.
Marked 8 switch rules as full_case in process $proc$/openlane/designs/my_processor/src/branchHist.v:23$168 in module branch_history_table.
Marked 1 switch rules as full_case in process $proc$/openlane/designs/my_processor/src/dataMem.v:19$70 in module data_memory.
Marked 2 switch rules as full_case in process $proc$/openlane/designs/my_processor/src/InstrMem.v:22$24 in module instr_mem.
Marked 1 switch rules as full_case in process $proc$/openlane/designs/my_processor/src/Stage23_ID2RR.v:12$6 in module ID2RR_Pipline_Reg.
Marked 1 switch rules as full_case in process $proc$/openlane/designs/my_processor/src/Stage34_RR2EX.v:17$5 in module RR2EX_Pipline_Reg.
Marked 2 switch rules as full_case in process $proc$/openlane/designs/my_processor/src/ctrlUnit.v:11$3 in module control_decoder.
Removed 1 dead cases from process $proc$/openlane/designs/my_processor/src/mux.v:14$961 in module $paramod$a7e851d390747afa34632ac2555d14b132b466de\mux_21.
Marked 1 switch rules as full_case in process $proc$/openlane/designs/my_processor/src/mux.v:14$961 in module $paramod$a7e851d390747afa34632ac2555d14b132b466de\mux_21.
Marked 1 switch rules as full_case in process $proc$/openlane/designs/my_processor/src/registerBank.v:8$960 in module $paramod\register_n\N=s32'00000000000000000000000000000001.
Removed a total of 5 dead cases.

24. Executing PROC_PRUNE pass (remove redundant assignments in processes).
Removed 3 redundant assignments.
Promoted 201 assignments to connections.

25. Executing PROC_INIT pass (extract init attributes).
Found init rule in `\pipelined_processor.$proc$/openlane/designs/my_processor/src/topModule.v:204$856'.
  Set init value: \nop_control_from_hazard = 1'0
Found init rule in `\pipelined_processor.$proc$/openlane/designs/my_processor/src/topModule.v:203$855'.
  Set init value: \hazard_signal = 5'11111
Found init rule in `\pipelined_processor.$proc$/openlane/designs/my_processor/src/topModule.v:202$854'.
  Set init value: \counter = 2'00
Found init rule in `\pipelined_processor.$proc$/openlane/designs/my_processor/src/topModule.v:181$853'.
  Set init value: \zero_flag_from_mem = 1'0
Found init rule in `\pipelined_processor.$proc$/openlane/designs/my_processor/src/topModule.v:180$852'.
  Set init value: \zero_wr_en_from_mem = 1'0
Found init rule in `\pipelined_processor.$proc$/openlane/designs/my_processor/src/topModule.v:161$851'.
  Set init value: \pc_control_from_ex = 2'00
Found init rule in `\pipelined_processor.$proc$/openlane/designs/my_processor/src/topModule.v:160$850'.
  Set init value: \reg_and_mem_wr_disable_for_id_from_ex = 1'0
Found init rule in `\pipelined_processor.$proc$/openlane/designs/my_processor/src/topModule.v:159$849'.
  Set init value: \nop_select_for_if_from_ex = 1'0
Found init rule in `\pipelined_processor.$proc$/openlane/designs/my_processor/src/topModule.v:87$848'.
  Set init value: \pc_control_from_id = 2'00
Found init rule in `\pipelined_processor.$proc$/openlane/designs/my_processor/src/topModule.v:85$847'.
  Set init value: \nop_select_for_if_from_id = 1'0

26. Executing PROC_ARST pass (detect async resets in processes).

27. Executing PROC_ROM pass (convert switches to ROMs).
Converted 0 switches.
<suppressed ~99 debug messages>

28. Executing PROC_MUX pass (convert decision trees to multiplexers).
Creating decoders for process `$paramod$301fb870b2cfc3f89548532f53ffd32e0441395a\mux_41.$proc$/openlane/designs/my_processor/src/mux.v:35$959'.
     1/1: $1\O[15:0]
Creating decoders for process `$paramod$478555db74d47255e0a5d15b1b9dc8a214d2638a\mux_41.$proc$/openlane/designs/my_processor/src/mux.v:35$958'.
     1/1: $1\O[2:0]
Creating decoders for process `$paramod$478555db74d47255e0a5d15b1b9dc8a214d2638a\mux_21.$proc$/openlane/designs/my_processor/src/mux.v:14$957'.
     1/1: $1\O[2:0]
Creating decoders for process `$paramod$301fb870b2cfc3f89548532f53ffd32e0441395a\mux_21.$proc$/openlane/designs/my_processor/src/mux.v:14$956'.
     1/1: $1\O[15:0]
Creating decoders for process `\alu.$proc$/openlane/designs/my_processor/src/ALU.v:14$943'.
     1/4: $1\carry[0:0]
     2/4: $1\zero[0:0]
     3/4: $1\result[15:0]
     4/4: $1\total_sum[16:0]
Creating decoders for process `\branch_jump_controller.$proc$/openlane/designs/my_processor/src/branchJumpCtrl.v:8$940'.
     1/2: $2\pc_select[1:0]
     2/2: $1\pc_select[1:0]
Creating decoders for process `\EX2MEM_Pipline_Reg.$proc$/openlane/designs/my_processor/src/Stage45_EX2MM.v:13$939'.
     1/7: $0\ALU_Result_Out[15:0]
     2/7: $0\Rd_Data_Out_PR[15:0]
     3/7: $0\Rd_Addr_Out_PR[2:0]
     4/7: $0\Control_Out[2:0]
     5/7: $0\Instr_Out[15:0]
     6/7: $0\RF_D2_Out[15:0]
     7/7: $0\RF_D1_Out[15:0]
Creating decoders for process `\forwarding_control_unit.$proc$/openlane/designs/my_processor/src/frwdingCntrl.v:19$920'.
     1/6: $3\rs2_frwd_control[1:0]
     2/6: $2\rs2_frwd_control[1:0]
     3/6: $1\rs2_frwd_control[1:0]
     4/6: $3\rs1_frwd_control[1:0]
     5/6: $2\rs1_frwd_control[1:0]
     6/6: $1\rs1_frwd_control[1:0]
Creating decoders for process `\MEM2WB_Pipline_Reg.$proc$/openlane/designs/my_processor/src/Stage56_MM2WB.v:13$919'.
     1/4: $0\Rd_Data_Out_PR[15:0]
     2/4: $0\Rd_Addr_Out_PR[2:0]
     3/4: $0\Control_Out[0:0]
     4/4: $0\Instr_Out[15:0]
Creating decoders for process `\IF2ID_Pipline_Reg.$proc$/openlane/designs/my_processor/src/Stage12_IF2ID.v:8$918'.
     1/4: $0\Spec_taken_out[0:0]
     2/4: $0\Instr_Out[15:0]
     3/4: $0\PC_Next_Out[15:0]
     4/4: $0\PC_Out[15:0]
Creating decoders for process `\alu_ctrl.$proc$/openlane/designs/my_processor/src/aluCtrl.v:28$916'.
     1/40: $10\reg_write_enable_out[0:0]
     2/40: $10\alu_operation_out[1:0]
     3/40: $10\zero_write_en[0:0]
     4/40: $10\carry_write_en[0:0]
     5/40: $9\reg_write_enable_out[0:0]
     6/40: $9\alu_operation_out[1:0]
     7/40: $9\zero_write_en[0:0]
     8/40: $9\carry_write_en[0:0]
     9/40: $8\reg_write_enable_out[0:0]
    10/40: $8\alu_operation_out[1:0]
    11/40: $8\zero_write_en[0:0]
    12/40: $8\carry_write_en[0:0]
    13/40: $7\reg_write_enable_out[0:0]
    14/40: $7\alu_operation_out[1:0]
    15/40: $7\zero_write_en[0:0]
    16/40: $7\carry_write_en[0:0]
    17/40: $6\reg_write_enable_out[0:0]
    18/40: $6\carry_write_en[0:0]
    19/40: $6\zero_write_en[0:0]
    20/40: $6\alu_operation_out[1:0]
    21/40: $5\reg_write_enable_out[0:0]
    22/40: $5\alu_operation_out[1:0]
    23/40: $5\zero_write_en[0:0]
    24/40: $5\carry_write_en[0:0]
    25/40: $4\reg_write_enable_out[0:0]
    26/40: $4\alu_operation_out[1:0]
    27/40: $4\zero_write_en[0:0]
    28/40: $4\carry_write_en[0:0]
    29/40: $3\reg_write_enable_out[0:0]
    30/40: $3\alu_operation_out[1:0]
    31/40: $3\zero_write_en[0:0]
    32/40: $3\carry_write_en[0:0]
    33/40: $2\reg_write_enable_out[0:0]
    34/40: $2\zero_write_en[0:0]
    35/40: $2\carry_write_en[0:0]
    36/40: $2\alu_operation_out[1:0]
    37/40: $1\reg_write_enable_out[0:0]
    38/40: $1\alu_operation_out[1:0]
    39/40: $1\zero_write_en[0:0]
    40/40: $1\carry_write_en[0:0]
Creating decoders for process `\register_bank.$proc$/openlane/designs/my_processor/src/registerBank.v:48$881'.
     1/19: $2$memwr$\registerFile$/openlane/designs/my_processor/src/registerBank.v:57$868_EN[15:0]$914
     2/19: $2$memwr$\registerFile$/openlane/designs/my_processor/src/registerBank.v:57$868_DATA[15:0]$913
     3/19: $2$memwr$\registerFile$/openlane/designs/my_processor/src/registerBank.v:55$867_EN[15:0]$912
     4/19: $2$memwr$\registerFile$/openlane/designs/my_processor/src/registerBank.v:55$867_DATA[15:0]$911
     5/19: $2$memwr$\registerFile$/openlane/designs/my_processor/src/registerBank.v:55$867_ADDR[2:0]$910
     6/19: $1\i[31:0]
     7/19: $1$memwr$\registerFile$/openlane/designs/my_processor/src/registerBank.v:51$866_EN[15:0]$902
     8/19: $1$memwr$\registerFile$/openlane/designs/my_processor/src/registerBank.v:51$865_EN[15:0]$901
     9/19: $1$memwr$\registerFile$/openlane/designs/my_processor/src/registerBank.v:51$864_EN[15:0]$900
    10/19: $1$memwr$\registerFile$/openlane/designs/my_processor/src/registerBank.v:51$863_EN[15:0]$899
    11/19: $1$memwr$\registerFile$/openlane/designs/my_processor/src/registerBank.v:51$862_EN[15:0]$898
    12/19: $1$memwr$\registerFile$/openlane/designs/my_processor/src/registerBank.v:51$861_EN[15:0]$897
    13/19: $1$memwr$\registerFile$/openlane/designs/my_processor/src/registerBank.v:51$860_EN[15:0]$896
    14/19: $1$memwr$\registerFile$/openlane/designs/my_processor/src/registerBank.v:51$859_EN[15:0]$895
    15/19: $1$memwr$\registerFile$/openlane/designs/my_processor/src/registerBank.v:57$868_EN[15:0]$907
    16/19: $1$memwr$\registerFile$/openlane/designs/my_processor/src/registerBank.v:57$868_DATA[15:0]$906
    17/19: $1$memwr$\registerFile$/openlane/designs/my_processor/src/registerBank.v:55$867_EN[15:0]$905
    18/19: $1$memwr$\registerFile$/openlane/designs/my_processor/src/registerBank.v:55$867_DATA[15:0]$904
    19/19: $1$memwr$\registerFile$/openlane/designs/my_processor/src/registerBank.v:55$867_ADDR[2:0]$903
Creating decoders for process `\register_bank.$proc$/openlane/designs/my_processor/src/registerBank.v:37$872'.
     1/1: $0\readData_R7_to_R0[127:0]
Creating decoders for process `\register_bank.$proc$/openlane/designs/my_processor/src/registerBank.v:30$869'.
Creating decoders for process `\register_n.$proc$/openlane/designs/my_processor/src/registerBank.v:8$858'.
     1/1: $0\out[15:0]
Creating decoders for process `\pipelined_processor.$proc$/openlane/designs/my_processor/src/topModule.v:204$856'.
Creating decoders for process `\pipelined_processor.$proc$/openlane/designs/my_processor/src/topModule.v:203$855'.
Creating decoders for process `\pipelined_processor.$proc$/openlane/designs/my_processor/src/topModule.v:202$854'.
Creating decoders for process `\pipelined_processor.$proc$/openlane/designs/my_processor/src/topModule.v:181$853'.
Creating decoders for process `\pipelined_processor.$proc$/openlane/designs/my_processor/src/topModule.v:180$852'.
Creating decoders for process `\pipelined_processor.$proc$/openlane/designs/my_processor/src/topModule.v:161$851'.
Creating decoders for process `\pipelined_processor.$proc$/openlane/designs/my_processor/src/topModule.v:160$850'.
Creating decoders for process `\pipelined_processor.$proc$/openlane/designs/my_processor/src/topModule.v:159$849'.
Creating decoders for process `\pipelined_processor.$proc$/openlane/designs/my_processor/src/topModule.v:87$848'.
Creating decoders for process `\pipelined_processor.$proc$/openlane/designs/my_processor/src/topModule.v:85$847'.
Creating decoders for process `\pipelined_processor.$proc$/openlane/designs/my_processor/src/topModule.v:602$839'.
     1/1: $0\nop_control_from_hazard[0:0]
Creating decoders for process `\pipelined_processor.$proc$/openlane/designs/my_processor/src/topModule.v:590$824'.
     1/2: $2\hazard_signal[4:0]
     2/2: $1\hazard_signal[4:0]
Creating decoders for process `\pipelined_processor.$proc$/openlane/designs/my_processor/src/topModule.v:579$808'.
     1/1: $0\counter[1:0]
Creating decoders for process `\pipelined_processor.$proc$/openlane/designs/my_processor/src/topModule.v:554$804'.
     1/2: $1\zero_flag_from_mem[0:0]
     2/2: $1\zero_wr_en_from_mem[0:0]
Creating decoders for process `\pipelined_processor.$proc$/openlane/designs/my_processor/src/topModule.v:515$775'.
Creating decoders for process `\pipelined_processor.$proc$/openlane/designs/my_processor/src/topModule.v:408$755'.
     1/20: $5\pc_next_from_ex[15:0]
     2/20: $5\pc_control_from_ex[1:0]
     3/20: $5\reg_and_mem_wr_disable_for_id_from_ex[0:0]
     4/20: $5\nop_select_for_if_from_ex[0:0]
     5/20: $4\pc_next_from_ex[15:0]
     6/20: $4\pc_control_from_ex[1:0]
     7/20: $4\reg_and_mem_wr_disable_for_id_from_ex[0:0]
     8/20: $4\nop_select_for_if_from_ex[0:0]
     9/20: $3\pc_next_from_ex[15:0]
    10/20: $3\pc_control_from_ex[1:0]
    11/20: $3\reg_and_mem_wr_disable_for_id_from_ex[0:0]
    12/20: $3\nop_select_for_if_from_ex[0:0]
    13/20: $2\pc_next_from_ex[15:0]
    14/20: $2\pc_control_from_ex[1:0]
    15/20: $2\reg_and_mem_wr_disable_for_id_from_ex[0:0]
    16/20: $2\nop_select_for_if_from_ex[0:0]
    17/20: $1\pc_next_from_ex[15:0]
    18/20: $1\pc_control_from_ex[1:0]
    19/20: $1\reg_and_mem_wr_disable_for_id_from_ex[0:0]
    20/20: $1\nop_select_for_if_from_ex[0:0]
Creating decoders for process `\pipelined_processor.$proc$/openlane/designs/my_processor/src/topModule.v:381$749'.
     1/1: $0\zero_flag[0:0]
Creating decoders for process `\pipelined_processor.$proc$/openlane/designs/my_processor/src/topModule.v:309$742'.
     1/3: $1\pc_next_from_id[15:0]
     2/3: $1\pc_control_from_id[1:0]
     3/3: $1\nop_select_for_if_from_id[0:0]
Creating decoders for process `\load_store_multi_block.$proc$/openlane/designs/my_processor/src/loadStoreMultiple.v:54$720'.
     1/2: $0\reg_index_lm_sm[2:0]
     2/2: $0\reg_index_la_sa[2:0]
Creating decoders for process `\load_store_multi_block.$proc$/openlane/designs/my_processor/src/loadStoreMultiple.v:47$712'.
     1/1: $1\nop_mux_select[0:0]
Creating decoders for process `\load_store_multi_block.$proc$/openlane/designs/my_processor/src/loadStoreMultiple.v:21$697'.
     1/3: $2\mem_data_for_sa_sm[15:0]
     2/3: $1\mem_data_for_sa_sm[15:0]
     3/3: $1\freeze[0:0]
Creating decoders for process `\branch_history_table.$proc$/openlane/designs/my_processor/src/branchHist.v:39$325'.
     1/238: $4$memwr$\branchHistoryTable$/openlane/designs/my_processor/src/branchHist.v:64$167_EN[32:0]$694
     2/238: $4$memwr$\branchHistoryTable$/openlane/designs/my_processor/src/branchHist.v:64$167_DATA[32:0]$693
     3/238: $4$memwr$\branchHistoryTable$/openlane/designs/my_processor/src/branchHist.v:64$167_ADDR[2:0]$692
     4/238: $4$memwr$\branchHistoryTable$/openlane/designs/my_processor/src/branchHist.v:58$166_EN[32:0]$689
     5/238: $4$memwr$\branchHistoryTable$/openlane/designs/my_processor/src/branchHist.v:58$166_DATA[32:0]$688
     6/238: $4$mem2bits$\branchHistoryTable$/openlane/designs/my_processor/src/branchHist.v:58$165[32:0]$687
     7/238: $4$memwr$\branchHistoryTable$/openlane/designs/my_processor/src/branchHist.v:58$163_EN[32:0]$683
     8/238: $4$memwr$\branchHistoryTable$/openlane/designs/my_processor/src/branchHist.v:58$163_DATA[32:0]$682
     9/238: $4$mem2bits$\branchHistoryTable$/openlane/designs/my_processor/src/branchHist.v:58$162[32:0]$681
    10/238: $4$memwr$\branchHistoryTable$/openlane/designs/my_processor/src/branchHist.v:58$160_EN[32:0]$677
    11/238: $4$memwr$\branchHistoryTable$/openlane/designs/my_processor/src/branchHist.v:58$160_DATA[32:0]$676
    12/238: $4$mem2bits$\branchHistoryTable$/openlane/designs/my_processor/src/branchHist.v:58$159[32:0]$675
    13/238: $4$memwr$\branchHistoryTable$/openlane/designs/my_processor/src/branchHist.v:58$157_EN[32:0]$671
    14/238: $4$memwr$\branchHistoryTable$/openlane/designs/my_processor/src/branchHist.v:58$157_DATA[32:0]$670
    15/238: $4$mem2bits$\branchHistoryTable$/openlane/designs/my_processor/src/branchHist.v:58$156[32:0]$669
    16/238: $4$memwr$\branchHistoryTable$/openlane/designs/my_processor/src/branchHist.v:58$154_EN[32:0]$665
    17/238: $4$memwr$\branchHistoryTable$/openlane/designs/my_processor/src/branchHist.v:58$154_DATA[32:0]$664
    18/238: $4$mem2bits$\branchHistoryTable$/openlane/designs/my_processor/src/branchHist.v:58$153[32:0]$663
    19/238: $4$memwr$\branchHistoryTable$/openlane/designs/my_processor/src/branchHist.v:58$151_EN[32:0]$659
    20/238: $4$memwr$\branchHistoryTable$/openlane/designs/my_processor/src/branchHist.v:58$151_DATA[32:0]$658
    21/238: $4$mem2bits$\branchHistoryTable$/openlane/designs/my_processor/src/branchHist.v:58$150[32:0]$657
    22/238: $4$memwr$\branchHistoryTable$/openlane/designs/my_processor/src/branchHist.v:58$148_EN[32:0]$653
    23/238: $4$memwr$\branchHistoryTable$/openlane/designs/my_processor/src/branchHist.v:58$148_DATA[32:0]$652
    24/238: $4$mem2bits$\branchHistoryTable$/openlane/designs/my_processor/src/branchHist.v:58$147[32:0]$651
    25/238: $4$memwr$\branchHistoryTable$/openlane/designs/my_processor/src/branchHist.v:58$145_EN[32:0]$647
    26/238: $4$memwr$\branchHistoryTable$/openlane/designs/my_processor/src/branchHist.v:58$145_DATA[32:0]$646
    27/238: $4$mem2bits$\branchHistoryTable$/openlane/designs/my_processor/src/branchHist.v:58$144[32:0]$645
    28/238: $3\i[31:0]
    29/238: $3$memwr$\branchHistoryTable$/openlane/designs/my_processor/src/branchHist.v:58$166_EN[32:0]$639
    30/238: $3$memwr$\branchHistoryTable$/openlane/designs/my_processor/src/branchHist.v:58$166_DATA[32:0]$638
    31/238: $3$mem2bits$\branchHistoryTable$/openlane/designs/my_processor/src/branchHist.v:58$165[32:0]$637
    32/238: $3$mem2bits$\branchHistoryTable$/openlane/designs/my_processor/src/branchHist.v:57$164[32:0]$636
    33/238: $3$memwr$\branchHistoryTable$/openlane/designs/my_processor/src/branchHist.v:58$163_EN[32:0]$635
    34/238: $3$memwr$\branchHistoryTable$/openlane/designs/my_processor/src/branchHist.v:58$163_DATA[32:0]$634
    35/238: $3$mem2bits$\branchHistoryTable$/openlane/designs/my_processor/src/branchHist.v:58$162[32:0]$633
    36/238: $3$mem2bits$\branchHistoryTable$/openlane/designs/my_processor/src/branchHist.v:57$161[32:0]$632
    37/238: $3$memwr$\branchHistoryTable$/openlane/designs/my_processor/src/branchHist.v:58$160_EN[32:0]$631
    38/238: $3$memwr$\branchHistoryTable$/openlane/designs/my_processor/src/branchHist.v:58$160_DATA[32:0]$630
    39/238: $3$mem2bits$\branchHistoryTable$/openlane/designs/my_processor/src/branchHist.v:58$159[32:0]$629
    40/238: $3$mem2bits$\branchHistoryTable$/openlane/designs/my_processor/src/branchHist.v:57$158[32:0]$628
    41/238: $3$memwr$\branchHistoryTable$/openlane/designs/my_processor/src/branchHist.v:58$157_EN[32:0]$627
    42/238: $3$memwr$\branchHistoryTable$/openlane/designs/my_processor/src/branchHist.v:58$157_DATA[32:0]$626
    43/238: $3$mem2bits$\branchHistoryTable$/openlane/designs/my_processor/src/branchHist.v:58$156[32:0]$625
    44/238: $3$mem2bits$\branchHistoryTable$/openlane/designs/my_processor/src/branchHist.v:57$155[32:0]$624
    45/238: $3$memwr$\branchHistoryTable$/openlane/designs/my_processor/src/branchHist.v:58$154_EN[32:0]$623
    46/238: $3$memwr$\branchHistoryTable$/openlane/designs/my_processor/src/branchHist.v:58$154_DATA[32:0]$622
    47/238: $3$mem2bits$\branchHistoryTable$/openlane/designs/my_processor/src/branchHist.v:58$153[32:0]$621
    48/238: $3$mem2bits$\branchHistoryTable$/openlane/designs/my_processor/src/branchHist.v:57$152[32:0]$620
    49/238: $3$memwr$\branchHistoryTable$/openlane/designs/my_processor/src/branchHist.v:58$151_EN[32:0]$619
    50/238: $3$memwr$\branchHistoryTable$/openlane/designs/my_processor/src/branchHist.v:58$151_DATA[32:0]$618
    51/238: $3$mem2bits$\branchHistoryTable$/openlane/designs/my_processor/src/branchHist.v:58$150[32:0]$617
    52/238: $3$mem2bits$\branchHistoryTable$/openlane/designs/my_processor/src/branchHist.v:57$149[32:0]$616
    53/238: $3$memwr$\branchHistoryTable$/openlane/designs/my_processor/src/branchHist.v:58$148_EN[32:0]$615
    54/238: $3$memwr$\branchHistoryTable$/openlane/designs/my_processor/src/branchHist.v:58$148_DATA[32:0]$614
    55/238: $3$mem2bits$\branchHistoryTable$/openlane/designs/my_processor/src/branchHist.v:58$147[32:0]$613
    56/238: $3$mem2bits$\branchHistoryTable$/openlane/designs/my_processor/src/branchHist.v:57$146[32:0]$612
    57/238: $3$memwr$\branchHistoryTable$/openlane/designs/my_processor/src/branchHist.v:58$145_EN[32:0]$611
    58/238: $3$memwr$\branchHistoryTable$/openlane/designs/my_processor/src/branchHist.v:58$145_DATA[32:0]$610
    59/238: $3$mem2bits$\branchHistoryTable$/openlane/designs/my_processor/src/branchHist.v:58$144[32:0]$609
    60/238: $3$mem2bits$\branchHistoryTable$/openlane/designs/my_processor/src/branchHist.v:57$143[32:0]$608
    61/238: $3$memwr$\branchHistoryTable$/openlane/designs/my_processor/src/branchHist.v:64$167_EN[32:0]$642
    62/238: $3$memwr$\branchHistoryTable$/openlane/designs/my_processor/src/branchHist.v:64$167_DATA[32:0]$641
    63/238: $3$memwr$\branchHistoryTable$/openlane/designs/my_processor/src/branchHist.v:64$167_ADDR[2:0]$640
    64/238: $3$memwr$\branchHistoryTable$/openlane/designs/my_processor/src/branchHist.v:49$141_EN[32:0]$601
    65/238: $3$memwr$\branchHistoryTable$/openlane/designs/my_processor/src/branchHist.v:49$141_DATA[32:0]$600
    66/238: $3$mem2bits$\branchHistoryTable$/openlane/designs/my_processor/src/branchHist.v:49$140[32:0]$599
    67/238: $3$memwr$\branchHistoryTable$/openlane/designs/my_processor/src/branchHist.v:49$138_EN[32:0]$595
    68/238: $3$memwr$\branchHistoryTable$/openlane/designs/my_processor/src/branchHist.v:49$138_DATA[32:0]$594
    69/238: $3$mem2bits$\branchHistoryTable$/openlane/designs/my_processor/src/branchHist.v:49$137[32:0]$593
    70/238: $3$memwr$\branchHistoryTable$/openlane/designs/my_processor/src/branchHist.v:49$135_EN[32:0]$589
    71/238: $3$memwr$\branchHistoryTable$/openlane/designs/my_processor/src/branchHist.v:49$135_DATA[32:0]$588
    72/238: $3$mem2bits$\branchHistoryTable$/openlane/designs/my_processor/src/branchHist.v:49$134[32:0]$587
    73/238: $3$memwr$\branchHistoryTable$/openlane/designs/my_processor/src/branchHist.v:49$132_EN[32:0]$583
    74/238: $3$memwr$\branchHistoryTable$/openlane/designs/my_processor/src/branchHist.v:49$132_DATA[32:0]$582
    75/238: $3$mem2bits$\branchHistoryTable$/openlane/designs/my_processor/src/branchHist.v:49$131[32:0]$581
    76/238: $3$memwr$\branchHistoryTable$/openlane/designs/my_processor/src/branchHist.v:49$129_EN[32:0]$577
    77/238: $3$memwr$\branchHistoryTable$/openlane/designs/my_processor/src/branchHist.v:49$129_DATA[32:0]$576
    78/238: $3$mem2bits$\branchHistoryTable$/openlane/designs/my_processor/src/branchHist.v:49$128[32:0]$575
    79/238: $3$memwr$\branchHistoryTable$/openlane/designs/my_processor/src/branchHist.v:49$126_EN[32:0]$571
    80/238: $3$memwr$\branchHistoryTable$/openlane/designs/my_processor/src/branchHist.v:49$126_DATA[32:0]$570
    81/238: $3$mem2bits$\branchHistoryTable$/openlane/designs/my_processor/src/branchHist.v:49$125[32:0]$569
    82/238: $3$memwr$\branchHistoryTable$/openlane/designs/my_processor/src/branchHist.v:49$123_EN[32:0]$565
    83/238: $3$memwr$\branchHistoryTable$/openlane/designs/my_processor/src/branchHist.v:49$123_DATA[32:0]$564
    84/238: $3$mem2bits$\branchHistoryTable$/openlane/designs/my_processor/src/branchHist.v:49$122[32:0]$563
    85/238: $3$memwr$\branchHistoryTable$/openlane/designs/my_processor/src/branchHist.v:49$120_EN[32:0]$559
    86/238: $3$memwr$\branchHistoryTable$/openlane/designs/my_processor/src/branchHist.v:49$120_DATA[32:0]$558
    87/238: $3$mem2bits$\branchHistoryTable$/openlane/designs/my_processor/src/branchHist.v:49$119[32:0]$557
    88/238: $2$memwr$\branchHistoryTable$/openlane/designs/my_processor/src/branchHist.v:53$142_EN[32:0]$519
    89/238: $2$memwr$\branchHistoryTable$/openlane/designs/my_processor/src/branchHist.v:53$142_DATA[32:0]$518
    90/238: $2$memwr$\branchHistoryTable$/openlane/designs/my_processor/src/branchHist.v:53$142_ADDR[2:0]$517
    91/238: $2\i[31:0]
    92/238: $2$memwr$\branchHistoryTable$/openlane/designs/my_processor/src/branchHist.v:49$141_EN[32:0]$516
    93/238: $2$memwr$\branchHistoryTable$/openlane/designs/my_processor/src/branchHist.v:49$141_DATA[32:0]$515
    94/238: $2$mem2bits$\branchHistoryTable$/openlane/designs/my_processor/src/branchHist.v:49$140[32:0]$514
    95/238: $2$mem2bits$\branchHistoryTable$/openlane/designs/my_processor/src/branchHist.v:48$139[32:0]$513
    96/238: $2$memwr$\branchHistoryTable$/openlane/designs/my_processor/src/branchHist.v:49$138_EN[32:0]$512
    97/238: $2$memwr$\branchHistoryTable$/openlane/designs/my_processor/src/branchHist.v:49$138_DATA[32:0]$511
    98/238: $2$mem2bits$\branchHistoryTable$/openlane/designs/my_processor/src/branchHist.v:49$137[32:0]$510
    99/238: $2$mem2bits$\branchHistoryTable$/openlane/designs/my_processor/src/branchHist.v:48$136[32:0]$509
   100/238: $2$memwr$\branchHistoryTable$/openlane/designs/my_processor/src/branchHist.v:49$135_EN[32:0]$508
   101/238: $2$memwr$\branchHistoryTable$/openlane/designs/my_processor/src/branchHist.v:49$135_DATA[32:0]$507
   102/238: $2$mem2bits$\branchHistoryTable$/openlane/designs/my_processor/src/branchHist.v:49$134[32:0]$506
   103/238: $2$mem2bits$\branchHistoryTable$/openlane/designs/my_processor/src/branchHist.v:48$133[32:0]$505
   104/238: $2$memwr$\branchHistoryTable$/openlane/designs/my_processor/src/branchHist.v:49$132_EN[32:0]$504
   105/238: $2$memwr$\branchHistoryTable$/openlane/designs/my_processor/src/branchHist.v:49$132_DATA[32:0]$503
   106/238: $2$mem2bits$\branchHistoryTable$/openlane/designs/my_processor/src/branchHist.v:49$131[32:0]$502
   107/238: $2$mem2bits$\branchHistoryTable$/openlane/designs/my_processor/src/branchHist.v:48$130[32:0]$501
   108/238: $2$memwr$\branchHistoryTable$/openlane/designs/my_processor/src/branchHist.v:49$129_EN[32:0]$500
   109/238: $2$memwr$\branchHistoryTable$/openlane/designs/my_processor/src/branchHist.v:49$129_DATA[32:0]$499
   110/238: $2$mem2bits$\branchHistoryTable$/openlane/designs/my_processor/src/branchHist.v:49$128[32:0]$498
   111/238: $2$mem2bits$\branchHistoryTable$/openlane/designs/my_processor/src/branchHist.v:48$127[32:0]$497
   112/238: $2$memwr$\branchHistoryTable$/openlane/designs/my_processor/src/branchHist.v:49$126_EN[32:0]$496
   113/238: $2$memwr$\branchHistoryTable$/openlane/designs/my_processor/src/branchHist.v:49$126_DATA[32:0]$495
   114/238: $2$mem2bits$\branchHistoryTable$/openlane/designs/my_processor/src/branchHist.v:49$125[32:0]$494
   115/238: $2$mem2bits$\branchHistoryTable$/openlane/designs/my_processor/src/branchHist.v:48$124[32:0]$493
   116/238: $2$memwr$\branchHistoryTable$/openlane/designs/my_processor/src/branchHist.v:49$123_EN[32:0]$492
   117/238: $2$memwr$\branchHistoryTable$/openlane/designs/my_processor/src/branchHist.v:49$123_DATA[32:0]$491
   118/238: $2$mem2bits$\branchHistoryTable$/openlane/designs/my_processor/src/branchHist.v:49$122[32:0]$490
   119/238: $2$mem2bits$\branchHistoryTable$/openlane/designs/my_processor/src/branchHist.v:48$121[32:0]$489
   120/238: $2$memwr$\branchHistoryTable$/openlane/designs/my_processor/src/branchHist.v:49$120_EN[32:0]$488
   121/238: $2$memwr$\branchHistoryTable$/openlane/designs/my_processor/src/branchHist.v:49$120_DATA[32:0]$487
   122/238: $2$mem2bits$\branchHistoryTable$/openlane/designs/my_processor/src/branchHist.v:49$119[32:0]$486
   123/238: $2$mem2bits$\branchHistoryTable$/openlane/designs/my_processor/src/branchHist.v:48$118[32:0]$485
   124/238: $2$memwr$\branchHistoryTable$/openlane/designs/my_processor/src/branchHist.v:64$167_EN[32:0]$554
   125/238: $2$memwr$\branchHistoryTable$/openlane/designs/my_processor/src/branchHist.v:64$167_DATA[32:0]$553
   126/238: $2$memwr$\branchHistoryTable$/openlane/designs/my_processor/src/branchHist.v:64$167_ADDR[2:0]$552
   127/238: $2$memwr$\branchHistoryTable$/openlane/designs/my_processor/src/branchHist.v:58$166_EN[32:0]$551
   128/238: $2$memwr$\branchHistoryTable$/openlane/designs/my_processor/src/branchHist.v:58$166_DATA[32:0]$550
   129/238: $2$mem2bits$\branchHistoryTable$/openlane/designs/my_processor/src/branchHist.v:58$165[32:0]$549
   130/238: $2$mem2bits$\branchHistoryTable$/openlane/designs/my_processor/src/branchHist.v:57$164[32:0]$548
   131/238: $2$memwr$\branchHistoryTable$/openlane/designs/my_processor/src/branchHist.v:58$163_EN[32:0]$547
   132/238: $2$memwr$\branchHistoryTable$/openlane/designs/my_processor/src/branchHist.v:58$163_DATA[32:0]$546
   133/238: $2$mem2bits$\branchHistoryTable$/openlane/designs/my_processor/src/branchHist.v:58$162[32:0]$545
   134/238: $2$mem2bits$\branchHistoryTable$/openlane/designs/my_processor/src/branchHist.v:57$161[32:0]$544
   135/238: $2$memwr$\branchHistoryTable$/openlane/designs/my_processor/src/branchHist.v:58$160_EN[32:0]$543
   136/238: $2$memwr$\branchHistoryTable$/openlane/designs/my_processor/src/branchHist.v:58$160_DATA[32:0]$542
   137/238: $2$mem2bits$\branchHistoryTable$/openlane/designs/my_processor/src/branchHist.v:58$159[32:0]$541
   138/238: $2$mem2bits$\branchHistoryTable$/openlane/designs/my_processor/src/branchHist.v:57$158[32:0]$540
   139/238: $2$memwr$\branchHistoryTable$/openlane/designs/my_processor/src/branchHist.v:58$157_EN[32:0]$539
   140/238: $2$memwr$\branchHistoryTable$/openlane/designs/my_processor/src/branchHist.v:58$157_DATA[32:0]$538
   141/238: $2$mem2bits$\branchHistoryTable$/openlane/designs/my_processor/src/branchHist.v:58$156[32:0]$537
   142/238: $2$mem2bits$\branchHistoryTable$/openlane/designs/my_processor/src/branchHist.v:57$155[32:0]$536
   143/238: $2$memwr$\branchHistoryTable$/openlane/designs/my_processor/src/branchHist.v:58$154_EN[32:0]$535
   144/238: $2$memwr$\branchHistoryTable$/openlane/designs/my_processor/src/branchHist.v:58$154_DATA[32:0]$534
   145/238: $2$mem2bits$\branchHistoryTable$/openlane/designs/my_processor/src/branchHist.v:58$153[32:0]$533
   146/238: $2$mem2bits$\branchHistoryTable$/openlane/designs/my_processor/src/branchHist.v:57$152[32:0]$532
   147/238: $2$memwr$\branchHistoryTable$/openlane/designs/my_processor/src/branchHist.v:58$151_EN[32:0]$531
   148/238: $2$memwr$\branchHistoryTable$/openlane/designs/my_processor/src/branchHist.v:58$151_DATA[32:0]$530
   149/238: $2$mem2bits$\branchHistoryTable$/openlane/designs/my_processor/src/branchHist.v:58$150[32:0]$529
   150/238: $2$mem2bits$\branchHistoryTable$/openlane/designs/my_processor/src/branchHist.v:57$149[32:0]$528
   151/238: $2$memwr$\branchHistoryTable$/openlane/designs/my_processor/src/branchHist.v:58$148_EN[32:0]$527
   152/238: $2$memwr$\branchHistoryTable$/openlane/designs/my_processor/src/branchHist.v:58$148_DATA[32:0]$526
   153/238: $2$mem2bits$\branchHistoryTable$/openlane/designs/my_processor/src/branchHist.v:58$147[32:0]$525
   154/238: $2$mem2bits$\branchHistoryTable$/openlane/designs/my_processor/src/branchHist.v:57$146[32:0]$524
   155/238: $2$memwr$\branchHistoryTable$/openlane/designs/my_processor/src/branchHist.v:58$145_EN[32:0]$523
   156/238: $2$memwr$\branchHistoryTable$/openlane/designs/my_processor/src/branchHist.v:58$145_DATA[32:0]$522
   157/238: $2$mem2bits$\branchHistoryTable$/openlane/designs/my_processor/src/branchHist.v:58$144[32:0]$521
   158/238: $2$mem2bits$\branchHistoryTable$/openlane/designs/my_processor/src/branchHist.v:57$143[32:0]$520
   159/238: $1\i[31:0]
   160/238: $1$memwr$\branchHistoryTable$/openlane/designs/my_processor/src/branchHist.v:42$117_EN[32:0]$411
   161/238: $1$memwr$\branchHistoryTable$/openlane/designs/my_processor/src/branchHist.v:42$116_EN[32:0]$410
   162/238: $1$memwr$\branchHistoryTable$/openlane/designs/my_processor/src/branchHist.v:42$115_EN[32:0]$409
   163/238: $1$memwr$\branchHistoryTable$/openlane/designs/my_processor/src/branchHist.v:42$114_EN[32:0]$408
   164/238: $1$memwr$\branchHistoryTable$/openlane/designs/my_processor/src/branchHist.v:42$113_EN[32:0]$407
   165/238: $1$memwr$\branchHistoryTable$/openlane/designs/my_processor/src/branchHist.v:42$112_EN[32:0]$406
   166/238: $1$memwr$\branchHistoryTable$/openlane/designs/my_processor/src/branchHist.v:42$111_EN[32:0]$405
   167/238: $1$memwr$\branchHistoryTable$/openlane/designs/my_processor/src/branchHist.v:42$110_EN[32:0]$404
   168/238: $1$memwr$\branchHistoryTable$/openlane/designs/my_processor/src/branchHist.v:64$167_EN[32:0]$481
   169/238: $1$memwr$\branchHistoryTable$/openlane/designs/my_processor/src/branchHist.v:64$167_DATA[32:0]$480
   170/238: $1$memwr$\branchHistoryTable$/openlane/designs/my_processor/src/branchHist.v:64$167_ADDR[2:0]$479
   171/238: $1$memwr$\branchHistoryTable$/openlane/designs/my_processor/src/branchHist.v:58$166_EN[32:0]$478
   172/238: $1$memwr$\branchHistoryTable$/openlane/designs/my_processor/src/branchHist.v:58$166_DATA[32:0]$477
   173/238: $1$mem2bits$\branchHistoryTable$/openlane/designs/my_processor/src/branchHist.v:58$165[32:0]$476
   174/238: $1$mem2bits$\branchHistoryTable$/openlane/designs/my_processor/src/branchHist.v:57$164[32:0]$475
   175/238: $1$memwr$\branchHistoryTable$/openlane/designs/my_processor/src/branchHist.v:58$163_EN[32:0]$474
   176/238: $1$memwr$\branchHistoryTable$/openlane/designs/my_processor/src/branchHist.v:58$163_DATA[32:0]$473
   177/238: $1$mem2bits$\branchHistoryTable$/openlane/designs/my_processor/src/branchHist.v:58$162[32:0]$472
   178/238: $1$mem2bits$\branchHistoryTable$/openlane/designs/my_processor/src/branchHist.v:57$161[32:0]$471
   179/238: $1$memwr$\branchHistoryTable$/openlane/designs/my_processor/src/branchHist.v:58$160_EN[32:0]$470
   180/238: $1$memwr$\branchHistoryTable$/openlane/designs/my_processor/src/branchHist.v:58$160_DATA[32:0]$469
   181/238: $1$mem2bits$\branchHistoryTable$/openlane/designs/my_processor/src/branchHist.v:58$159[32:0]$468
   182/238: $1$mem2bits$\branchHistoryTable$/openlane/designs/my_processor/src/branchHist.v:57$158[32:0]$467
   183/238: $1$memwr$\branchHistoryTable$/openlane/designs/my_processor/src/branchHist.v:58$157_EN[32:0]$466
   184/238: $1$memwr$\branchHistoryTable$/openlane/designs/my_processor/src/branchHist.v:58$157_DATA[32:0]$465
   185/238: $1$mem2bits$\branchHistoryTable$/openlane/designs/my_processor/src/branchHist.v:58$156[32:0]$464
   186/238: $1$mem2bits$\branchHistoryTable$/openlane/designs/my_processor/src/branchHist.v:57$155[32:0]$463
   187/238: $1$memwr$\branchHistoryTable$/openlane/designs/my_processor/src/branchHist.v:58$154_EN[32:0]$462
   188/238: $1$memwr$\branchHistoryTable$/openlane/designs/my_processor/src/branchHist.v:58$154_DATA[32:0]$461
   189/238: $1$mem2bits$\branchHistoryTable$/openlane/designs/my_processor/src/branchHist.v:58$153[32:0]$460
   190/238: $1$mem2bits$\branchHistoryTable$/openlane/designs/my_processor/src/branchHist.v:57$152[32:0]$459
   191/238: $1$memwr$\branchHistoryTable$/openlane/designs/my_processor/src/branchHist.v:58$151_EN[32:0]$458
   192/238: $1$memwr$\branchHistoryTable$/openlane/designs/my_processor/src/branchHist.v:58$151_DATA[32:0]$457
   193/238: $1$mem2bits$\branchHistoryTable$/openlane/designs/my_processor/src/branchHist.v:58$150[32:0]$456
   194/238: $1$mem2bits$\branchHistoryTable$/openlane/designs/my_processor/src/branchHist.v:57$149[32:0]$455
   195/238: $1$memwr$\branchHistoryTable$/openlane/designs/my_processor/src/branchHist.v:58$148_EN[32:0]$454
   196/238: $1$memwr$\branchHistoryTable$/openlane/designs/my_processor/src/branchHist.v:58$148_DATA[32:0]$453
   197/238: $1$mem2bits$\branchHistoryTable$/openlane/designs/my_processor/src/branchHist.v:58$147[32:0]$452
   198/238: $1$mem2bits$\branchHistoryTable$/openlane/designs/my_processor/src/branchHist.v:57$146[32:0]$451
   199/238: $1$memwr$\branchHistoryTable$/openlane/designs/my_processor/src/branchHist.v:58$145_EN[32:0]$450
   200/238: $1$memwr$\branchHistoryTable$/openlane/designs/my_processor/src/branchHist.v:58$145_DATA[32:0]$449
   201/238: $1$mem2bits$\branchHistoryTable$/openlane/designs/my_processor/src/branchHist.v:58$144[32:0]$448
   202/238: $1$mem2bits$\branchHistoryTable$/openlane/designs/my_processor/src/branchHist.v:57$143[32:0]$447
   203/238: $1$memwr$\branchHistoryTable$/openlane/designs/my_processor/src/branchHist.v:53$142_EN[32:0]$446
   204/238: $1$memwr$\branchHistoryTable$/openlane/designs/my_processor/src/branchHist.v:53$142_DATA[32:0]$445
   205/238: $1$memwr$\branchHistoryTable$/openlane/designs/my_processor/src/branchHist.v:53$142_ADDR[2:0]$444
   206/238: $1$memwr$\branchHistoryTable$/openlane/designs/my_processor/src/branchHist.v:49$141_EN[32:0]$443
   207/238: $1$memwr$\branchHistoryTable$/openlane/designs/my_processor/src/branchHist.v:49$141_DATA[32:0]$442
   208/238: $1$mem2bits$\branchHistoryTable$/openlane/designs/my_processor/src/branchHist.v:49$140[32:0]$441
   209/238: $1$mem2bits$\branchHistoryTable$/openlane/designs/my_processor/src/branchHist.v:48$139[32:0]$440
   210/238: $1$memwr$\branchHistoryTable$/openlane/designs/my_processor/src/branchHist.v:49$138_EN[32:0]$439
   211/238: $1$memwr$\branchHistoryTable$/openlane/designs/my_processor/src/branchHist.v:49$138_DATA[32:0]$438
   212/238: $1$mem2bits$\branchHistoryTable$/openlane/designs/my_processor/src/branchHist.v:49$137[32:0]$437
   213/238: $1$mem2bits$\branchHistoryTable$/openlane/designs/my_processor/src/branchHist.v:48$136[32:0]$436
   214/238: $1$memwr$\branchHistoryTable$/openlane/designs/my_processor/src/branchHist.v:49$135_EN[32:0]$435
   215/238: $1$memwr$\branchHistoryTable$/openlane/designs/my_processor/src/branchHist.v:49$135_DATA[32:0]$434
   216/238: $1$mem2bits$\branchHistoryTable$/openlane/designs/my_processor/src/branchHist.v:49$134[32:0]$433
   217/238: $1$mem2bits$\branchHistoryTable$/openlane/designs/my_processor/src/branchHist.v:48$133[32:0]$432
   218/238: $1$memwr$\branchHistoryTable$/openlane/designs/my_processor/src/branchHist.v:49$132_EN[32:0]$431
   219/238: $1$memwr$\branchHistoryTable$/openlane/designs/my_processor/src/branchHist.v:49$132_DATA[32:0]$430
   220/238: $1$mem2bits$\branchHistoryTable$/openlane/designs/my_processor/src/branchHist.v:49$131[32:0]$429
   221/238: $1$mem2bits$\branchHistoryTable$/openlane/designs/my_processor/src/branchHist.v:48$130[32:0]$428
   222/238: $1$memwr$\branchHistoryTable$/openlane/designs/my_processor/src/branchHist.v:49$129_EN[32:0]$427
   223/238: $1$memwr$\branchHistoryTable$/openlane/designs/my_processor/src/branchHist.v:49$129_DATA[32:0]$426
   224/238: $1$mem2bits$\branchHistoryTable$/openlane/designs/my_processor/src/branchHist.v:49$128[32:0]$425
   225/238: $1$mem2bits$\branchHistoryTable$/openlane/designs/my_processor/src/branchHist.v:48$127[32:0]$424
   226/238: $1$memwr$\branchHistoryTable$/openlane/designs/my_processor/src/branchHist.v:49$126_EN[32:0]$423
   227/238: $1$memwr$\branchHistoryTable$/openlane/designs/my_processor/src/branchHist.v:49$126_DATA[32:0]$422
   228/238: $1$mem2bits$\branchHistoryTable$/openlane/designs/my_processor/src/branchHist.v:49$125[32:0]$421
   229/238: $1$mem2bits$\branchHistoryTable$/openlane/designs/my_processor/src/branchHist.v:48$124[32:0]$420
   230/238: $1$memwr$\branchHistoryTable$/openlane/designs/my_processor/src/branchHist.v:49$123_EN[32:0]$419
   231/238: $1$memwr$\branchHistoryTable$/openlane/designs/my_processor/src/branchHist.v:49$123_DATA[32:0]$418
   232/238: $1$mem2bits$\branchHistoryTable$/openlane/designs/my_processor/src/branchHist.v:49$122[32:0]$417
   233/238: $1$mem2bits$\branchHistoryTable$/openlane/designs/my_processor/src/branchHist.v:48$121[32:0]$416
   234/238: $1$memwr$\branchHistoryTable$/openlane/designs/my_processor/src/branchHist.v:49$120_EN[32:0]$415
   235/238: $1$memwr$\branchHistoryTable$/openlane/designs/my_processor/src/branchHist.v:49$120_DATA[32:0]$414
   236/238: $1$mem2bits$\branchHistoryTable$/openlane/designs/my_processor/src/branchHist.v:49$119[32:0]$413
   237/238: $1$mem2bits$\branchHistoryTable$/openlane/designs/my_processor/src/branchHist.v:48$118[32:0]$412
   238/238: $0\pointer[2:0]
Creating decoders for process `\branch_history_table.$proc$/openlane/designs/my_processor/src/branchHist.v:23$168'.
     1/124: $8\history_bit[0:0]
     2/124: $8$mem2bits$\branchHistoryTable$/openlane/designs/my_processor/src/branchHist.v:34$109[32:0]$322
     3/124: $8\branchTargetAddr[15:0]
     4/124: $8$mem2bits$\branchHistoryTable$/openlane/designs/my_processor/src/branchHist.v:34$108[32:0]$321
     5/124: $8\match[0:0]
     6/124: $7\history_bit[0:0]
     7/124: $7$mem2bits$\branchHistoryTable$/openlane/designs/my_processor/src/branchHist.v:33$106[32:0]$313
     8/124: $7\branchTargetAddr[15:0]
     9/124: $7$mem2bits$\branchHistoryTable$/openlane/designs/my_processor/src/branchHist.v:33$105[32:0]$312
    10/124: $7\match[0:0]
    11/124: $7$mem2bits$\branchHistoryTable$/openlane/designs/my_processor/src/branchHist.v:34$109[32:0]$316
    12/124: $7$mem2bits$\branchHistoryTable$/openlane/designs/my_processor/src/branchHist.v:34$108[32:0]$315
    13/124: $7$mem2bits$\branchHistoryTable$/openlane/designs/my_processor/src/branchHist.v:34$107[32:0]$314
    14/124: $6\history_bit[0:0]
    15/124: $6$mem2bits$\branchHistoryTable$/openlane/designs/my_processor/src/branchHist.v:32$103[32:0]$301
    16/124: $6\branchTargetAddr[15:0]
    17/124: $6$mem2bits$\branchHistoryTable$/openlane/designs/my_processor/src/branchHist.v:32$102[32:0]$300
    18/124: $6\match[0:0]
    19/124: $6$mem2bits$\branchHistoryTable$/openlane/designs/my_processor/src/branchHist.v:34$109[32:0]$307
    20/124: $6$mem2bits$\branchHistoryTable$/openlane/designs/my_processor/src/branchHist.v:34$108[32:0]$306
    21/124: $6$mem2bits$\branchHistoryTable$/openlane/designs/my_processor/src/branchHist.v:34$107[32:0]$305
    22/124: $6$mem2bits$\branchHistoryTable$/openlane/designs/my_processor/src/branchHist.v:33$106[32:0]$304
    23/124: $6$mem2bits$\branchHistoryTable$/openlane/designs/my_processor/src/branchHist.v:33$105[32:0]$303
    24/124: $6$mem2bits$\branchHistoryTable$/openlane/designs/my_processor/src/branchHist.v:33$104[32:0]$302
    25/124: $5\history_bit[0:0]
    26/124: $5$mem2bits$\branchHistoryTable$/openlane/designs/my_processor/src/branchHist.v:31$100[32:0]$286
    27/124: $5\branchTargetAddr[15:0]
    28/124: $5$mem2bits$\branchHistoryTable$/openlane/designs/my_processor/src/branchHist.v:31$99[32:0]$285
    29/124: $5\match[0:0]
    30/124: $5$mem2bits$\branchHistoryTable$/openlane/designs/my_processor/src/branchHist.v:34$109[32:0]$295
    31/124: $5$mem2bits$\branchHistoryTable$/openlane/designs/my_processor/src/branchHist.v:34$108[32:0]$294
    32/124: $5$mem2bits$\branchHistoryTable$/openlane/designs/my_processor/src/branchHist.v:34$107[32:0]$293
    33/124: $5$mem2bits$\branchHistoryTable$/openlane/designs/my_processor/src/branchHist.v:33$106[32:0]$292
    34/124: $5$mem2bits$\branchHistoryTable$/openlane/designs/my_processor/src/branchHist.v:33$105[32:0]$291
    35/124: $5$mem2bits$\branchHistoryTable$/openlane/designs/my_processor/src/branchHist.v:33$104[32:0]$290
    36/124: $5$mem2bits$\branchHistoryTable$/openlane/designs/my_processor/src/branchHist.v:32$103[32:0]$289
    37/124: $5$mem2bits$\branchHistoryTable$/openlane/designs/my_processor/src/branchHist.v:32$102[32:0]$288
    38/124: $5$mem2bits$\branchHistoryTable$/openlane/designs/my_processor/src/branchHist.v:32$101[32:0]$287
    39/124: $4\history_bit[0:0]
    40/124: $4$mem2bits$\branchHistoryTable$/openlane/designs/my_processor/src/branchHist.v:30$97[32:0]$268
    41/124: $4\branchTargetAddr[15:0]
    42/124: $4$mem2bits$\branchHistoryTable$/openlane/designs/my_processor/src/branchHist.v:30$96[32:0]$267
    43/124: $4\match[0:0]
    44/124: $4$mem2bits$\branchHistoryTable$/openlane/designs/my_processor/src/branchHist.v:34$109[32:0]$280
    45/124: $4$mem2bits$\branchHistoryTable$/openlane/designs/my_processor/src/branchHist.v:34$108[32:0]$279
    46/124: $4$mem2bits$\branchHistoryTable$/openlane/designs/my_processor/src/branchHist.v:34$107[32:0]$278
    47/124: $4$mem2bits$\branchHistoryTable$/openlane/designs/my_processor/src/branchHist.v:33$106[32:0]$277
    48/124: $4$mem2bits$\branchHistoryTable$/openlane/designs/my_processor/src/branchHist.v:33$105[32:0]$276
    49/124: $4$mem2bits$\branchHistoryTable$/openlane/designs/my_processor/src/branchHist.v:33$104[32:0]$275
    50/124: $4$mem2bits$\branchHistoryTable$/openlane/designs/my_processor/src/branchHist.v:32$103[32:0]$274
    51/124: $4$mem2bits$\branchHistoryTable$/openlane/designs/my_processor/src/branchHist.v:32$102[32:0]$273
    52/124: $4$mem2bits$\branchHistoryTable$/openlane/designs/my_processor/src/branchHist.v:32$101[32:0]$272
    53/124: $4$mem2bits$\branchHistoryTable$/openlane/designs/my_processor/src/branchHist.v:31$100[32:0]$271
    54/124: $4$mem2bits$\branchHistoryTable$/openlane/designs/my_processor/src/branchHist.v:31$99[32:0]$270
    55/124: $4$mem2bits$\branchHistoryTable$/openlane/designs/my_processor/src/branchHist.v:31$98[32:0]$269
    56/124: $3\history_bit[0:0]
    57/124: $3$mem2bits$\branchHistoryTable$/openlane/designs/my_processor/src/branchHist.v:29$94[32:0]$247
    58/124: $3\branchTargetAddr[15:0]
    59/124: $3$mem2bits$\branchHistoryTable$/openlane/designs/my_processor/src/branchHist.v:29$93[32:0]$246
    60/124: $3\match[0:0]
    61/124: $3$mem2bits$\branchHistoryTable$/openlane/designs/my_processor/src/branchHist.v:34$109[32:0]$262
    62/124: $3$mem2bits$\branchHistoryTable$/openlane/designs/my_processor/src/branchHist.v:34$108[32:0]$261
    63/124: $3$mem2bits$\branchHistoryTable$/openlane/designs/my_processor/src/branchHist.v:34$107[32:0]$260
    64/124: $3$mem2bits$\branchHistoryTable$/openlane/designs/my_processor/src/branchHist.v:33$106[32:0]$259
    65/124: $3$mem2bits$\branchHistoryTable$/openlane/designs/my_processor/src/branchHist.v:33$105[32:0]$258
    66/124: $3$mem2bits$\branchHistoryTable$/openlane/designs/my_processor/src/branchHist.v:33$104[32:0]$257
    67/124: $3$mem2bits$\branchHistoryTable$/openlane/designs/my_processor/src/branchHist.v:32$103[32:0]$256
    68/124: $3$mem2bits$\branchHistoryTable$/openlane/designs/my_processor/src/branchHist.v:32$102[32:0]$255
    69/124: $3$mem2bits$\branchHistoryTable$/openlane/designs/my_processor/src/branchHist.v:32$101[32:0]$254
    70/124: $3$mem2bits$\branchHistoryTable$/openlane/designs/my_processor/src/branchHist.v:31$100[32:0]$253
    71/124: $3$mem2bits$\branchHistoryTable$/openlane/designs/my_processor/src/branchHist.v:31$99[32:0]$252
    72/124: $3$mem2bits$\branchHistoryTable$/openlane/designs/my_processor/src/branchHist.v:31$98[32:0]$251
    73/124: $3$mem2bits$\branchHistoryTable$/openlane/designs/my_processor/src/branchHist.v:30$97[32:0]$250
    74/124: $3$mem2bits$\branchHistoryTable$/openlane/designs/my_processor/src/branchHist.v:30$96[32:0]$249
    75/124: $3$mem2bits$\branchHistoryTable$/openlane/designs/my_processor/src/branchHist.v:30$95[32:0]$248
    76/124: $2\history_bit[0:0]
    77/124: $2$mem2bits$\branchHistoryTable$/openlane/designs/my_processor/src/branchHist.v:28$91[32:0]$223
    78/124: $2\branchTargetAddr[15:0]
    79/124: $2$mem2bits$\branchHistoryTable$/openlane/designs/my_processor/src/branchHist.v:28$90[32:0]$222
    80/124: $2\match[0:0]
    81/124: $2$mem2bits$\branchHistoryTable$/openlane/designs/my_processor/src/branchHist.v:34$109[32:0]$241
    82/124: $2$mem2bits$\branchHistoryTable$/openlane/designs/my_processor/src/branchHist.v:34$108[32:0]$240
    83/124: $2$mem2bits$\branchHistoryTable$/openlane/designs/my_processor/src/branchHist.v:34$107[32:0]$239
    84/124: $2$mem2bits$\branchHistoryTable$/openlane/designs/my_processor/src/branchHist.v:33$106[32:0]$238
    85/124: $2$mem2bits$\branchHistoryTable$/openlane/designs/my_processor/src/branchHist.v:33$105[32:0]$237
    86/124: $2$mem2bits$\branchHistoryTable$/openlane/designs/my_processor/src/branchHist.v:33$104[32:0]$236
    87/124: $2$mem2bits$\branchHistoryTable$/openlane/designs/my_processor/src/branchHist.v:32$103[32:0]$235
    88/124: $2$mem2bits$\branchHistoryTable$/openlane/designs/my_processor/src/branchHist.v:32$102[32:0]$234
    89/124: $2$mem2bits$\branchHistoryTable$/openlane/designs/my_processor/src/branchHist.v:32$101[32:0]$233
    90/124: $2$mem2bits$\branchHistoryTable$/openlane/designs/my_processor/src/branchHist.v:31$100[32:0]$232
    91/124: $2$mem2bits$\branchHistoryTable$/openlane/designs/my_processor/src/branchHist.v:31$99[32:0]$231
    92/124: $2$mem2bits$\branchHistoryTable$/openlane/designs/my_processor/src/branchHist.v:31$98[32:0]$230
    93/124: $2$mem2bits$\branchHistoryTable$/openlane/designs/my_processor/src/branchHist.v:30$97[32:0]$229
    94/124: $2$mem2bits$\branchHistoryTable$/openlane/designs/my_processor/src/branchHist.v:30$96[32:0]$228
    95/124: $2$mem2bits$\branchHistoryTable$/openlane/designs/my_processor/src/branchHist.v:30$95[32:0]$227
    96/124: $2$mem2bits$\branchHistoryTable$/openlane/designs/my_processor/src/branchHist.v:29$94[32:0]$226
    97/124: $2$mem2bits$\branchHistoryTable$/openlane/designs/my_processor/src/branchHist.v:29$93[32:0]$225
    98/124: $2$mem2bits$\branchHistoryTable$/openlane/designs/my_processor/src/branchHist.v:29$92[32:0]$224
    99/124: $1\history_bit[0:0]
   100/124: $1$mem2bits$\branchHistoryTable$/openlane/designs/my_processor/src/branchHist.v:27$88[32:0]$196
   101/124: $1\branchTargetAddr[15:0]
   102/124: $1$mem2bits$\branchHistoryTable$/openlane/designs/my_processor/src/branchHist.v:27$87[32:0]$195
   103/124: $1\match[0:0]
   104/124: $1$mem2bits$\branchHistoryTable$/openlane/designs/my_processor/src/branchHist.v:34$109[32:0]$217
   105/124: $1$mem2bits$\branchHistoryTable$/openlane/designs/my_processor/src/branchHist.v:34$108[32:0]$216
   106/124: $1$mem2bits$\branchHistoryTable$/openlane/designs/my_processor/src/branchHist.v:34$107[32:0]$215
   107/124: $1$mem2bits$\branchHistoryTable$/openlane/designs/my_processor/src/branchHist.v:33$106[32:0]$214
   108/124: $1$mem2bits$\branchHistoryTable$/openlane/designs/my_processor/src/branchHist.v:33$105[32:0]$213
   109/124: $1$mem2bits$\branchHistoryTable$/openlane/designs/my_processor/src/branchHist.v:33$104[32:0]$212
   110/124: $1$mem2bits$\branchHistoryTable$/openlane/designs/my_processor/src/branchHist.v:32$103[32:0]$211
   111/124: $1$mem2bits$\branchHistoryTable$/openlane/designs/my_processor/src/branchHist.v:32$102[32:0]$210
   112/124: $1$mem2bits$\branchHistoryTable$/openlane/designs/my_processor/src/branchHist.v:32$101[32:0]$209
   113/124: $1$mem2bits$\branchHistoryTable$/openlane/designs/my_processor/src/branchHist.v:31$100[32:0]$208
   114/124: $1$mem2bits$\branchHistoryTable$/openlane/designs/my_processor/src/branchHist.v:31$99[32:0]$207
   115/124: $1$mem2bits$\branchHistoryTable$/openlane/designs/my_processor/src/branchHist.v:31$98[32:0]$206
   116/124: $1$mem2bits$\branchHistoryTable$/openlane/designs/my_processor/src/branchHist.v:30$97[32:0]$205
   117/124: $1$mem2bits$\branchHistoryTable$/openlane/designs/my_processor/src/branchHist.v:30$96[32:0]$204
   118/124: $1$mem2bits$\branchHistoryTable$/openlane/designs/my_processor/src/branchHist.v:30$95[32:0]$203
   119/124: $1$mem2bits$\branchHistoryTable$/openlane/designs/my_processor/src/branchHist.v:29$94[32:0]$202
   120/124: $1$mem2bits$\branchHistoryTable$/openlane/designs/my_processor/src/branchHist.v:29$93[32:0]$201
   121/124: $1$mem2bits$\branchHistoryTable$/openlane/designs/my_processor/src/branchHist.v:29$92[32:0]$200
   122/124: $1$mem2bits$\branchHistoryTable$/openlane/designs/my_processor/src/branchHist.v:28$91[32:0]$199
   123/124: $1$mem2bits$\branchHistoryTable$/openlane/designs/my_processor/src/branchHist.v:28$90[32:0]$198
   124/124: $1$mem2bits$\branchHistoryTable$/openlane/designs/my_processor/src/branchHist.v:28$89[32:0]$197
Creating decoders for process `\data_memory.$proc$/openlane/designs/my_processor/src/dataMem.v:34$81'.
Creating decoders for process `\data_memory.$proc$/openlane/designs/my_processor/src/dataMem.v:27$79'.
Creating decoders for process `\data_memory.$proc$/openlane/designs/my_processor/src/dataMem.v:19$70'.
     1/3: $1$memwr$\ram$/openlane/designs/my_processor/src/dataMem.v:21$69_EN[15:0]$78
     2/3: $1$memwr$\ram$/openlane/designs/my_processor/src/dataMem.v:21$69_DATA[15:0]$77
     3/3: $1$memwr$\ram$/openlane/designs/my_processor/src/dataMem.v:21$69_ADDR[5:0]$76
Creating decoders for process `\instr_mem.$proc$/openlane/designs/my_processor/src/InstrMem.v:22$24'.
     1/22: $2$memwr$\rom$/openlane/designs/my_processor/src/InstrMem.v:44$23_EN[15:0]$65
     2/22: $2$memwr$\rom$/openlane/designs/my_processor/src/InstrMem.v:44$23_DATA[15:0]$64
     3/22: $2$memwr$\rom$/openlane/designs/my_processor/src/InstrMem.v:44$23_ADDR[3:0]$63
     4/22: $1$memwr$\rom$/openlane/designs/my_processor/src/InstrMem.v:40$22_EN[15:0]$59
     5/22: $1$memwr$\rom$/openlane/designs/my_processor/src/InstrMem.v:39$21_EN[15:0]$58
     6/22: $1$memwr$\rom$/openlane/designs/my_processor/src/InstrMem.v:38$20_EN[15:0]$57
     7/22: $1$memwr$\rom$/openlane/designs/my_processor/src/InstrMem.v:37$19_EN[15:0]$56
     8/22: $1$memwr$\rom$/openlane/designs/my_processor/src/InstrMem.v:36$18_EN[15:0]$55
     9/22: $1$memwr$\rom$/openlane/designs/my_processor/src/InstrMem.v:35$17_EN[15:0]$54
    10/22: $1$memwr$\rom$/openlane/designs/my_processor/src/InstrMem.v:34$16_EN[15:0]$53
    11/22: $1$memwr$\rom$/openlane/designs/my_processor/src/InstrMem.v:33$15_EN[15:0]$52
    12/22: $1$memwr$\rom$/openlane/designs/my_processor/src/InstrMem.v:32$14_EN[15:0]$51
    13/22: $1$memwr$\rom$/openlane/designs/my_processor/src/InstrMem.v:31$13_EN[15:0]$50
    14/22: $1$memwr$\rom$/openlane/designs/my_processor/src/InstrMem.v:30$12_EN[15:0]$49
    15/22: $1$memwr$\rom$/openlane/designs/my_processor/src/InstrMem.v:29$11_EN[15:0]$48
    16/22: $1$memwr$\rom$/openlane/designs/my_processor/src/InstrMem.v:28$10_EN[15:0]$47
    17/22: $1$memwr$\rom$/openlane/designs/my_processor/src/InstrMem.v:27$9_EN[15:0]$46
    18/22: $1$memwr$\rom$/openlane/designs/my_processor/src/InstrMem.v:26$8_EN[15:0]$45
    19/22: $1$memwr$\rom$/openlane/designs/my_processor/src/InstrMem.v:25$7_EN[15:0]$44
    20/22: $1$memwr$\rom$/openlane/designs/my_processor/src/InstrMem.v:44$23_EN[15:0]$62
    21/22: $1$memwr$\rom$/openlane/designs/my_processor/src/InstrMem.v:44$23_DATA[15:0]$61
    22/22: $1$memwr$\rom$/openlane/designs/my_processor/src/InstrMem.v:44$23_ADDR[3:0]$60
Creating decoders for process `\ID2RR_Pipline_Reg.$proc$/openlane/designs/my_processor/src/Stage23_ID2RR.v:12$6'.
     1/6: $0\spec_taken_out[0:0]
     2/6: $0\cntrl_out[9:0]
     3/6: $0\pc_next_out[15:0]
     4/6: $0\instr_out[15:0]
     5/6: $0\pc_out[15:0]
     6/6: $0\pc_data_select_out[0:0]
Creating decoders for process `\RR2EX_Pipline_Reg.$proc$/openlane/designs/my_processor/src/Stage34_RR2EX.v:17$5'.
     1/13: $0\spec_taken_out[0:0]
     2/13: $0\RF_A3_From_WB_Out[2:0]
     3/13: $0\RF_A2_Out[2:0]
     4/13: $0\RF_A1_Out[2:0]
     5/13: $0\cntrl_out[9:0]
     6/13: $0\pc_next_out[15:0]
     7/13: $0\RF_D3_From_WB_Out[15:0]
     8/13: $0\instr_out[15:0]
     9/13: $0\RF_D2_Out[15:0]
    10/13: $0\RF_D1_Out[15:0]
    11/13: $0\pc_out[15:0]
    12/13: $0\pc_data_select_out[0:0]
    13/13: $0\RR_Write_En_Out[0:0]
Creating decoders for process `\control_decoder.$proc$/openlane/designs/my_processor/src/ctrlUnit.v:11$3'.
     1/10: $2\EXE_ALU_Src[1:0]
     2/10: $1\MEM_Wr_En[0:0]
     3/10: $1\Reg_D3_Sel[1:0]
     4/10: $1\EXE_ALU_Oper[1:0]
     5/10: $1\EXE_ALU_Src[1:0]
     6/10: $1\pc_data_select[0:0]
     7/10: $1\RR_Wr_En[0:0]
     8/10: $1\RR_A3_Address_sel[1:0]
     9/10: $1\RR_A2_Address_sel[0:0]
    10/10: $1\RR_A1_Address_sel[0:0]
Creating decoders for process `$paramod$a7e851d390747afa34632ac2555d14b132b466de\mux_21.$proc$/openlane/designs/my_processor/src/mux.v:14$961'.
     1/1: $1\O[0:0]
Creating decoders for process `$paramod\register_n\N=s32'00000000000000000000000000000001.$proc$/openlane/designs/my_processor/src/registerBank.v:8$960'.
     1/1: $0\out[0:0]

29. Executing PROC_DLATCH pass (convert process syncs to latches).
No latch inferred for signal `$paramod$301fb870b2cfc3f89548532f53ffd32e0441395a\mux_41.\O' from process `$paramod$301fb870b2cfc3f89548532f53ffd32e0441395a\mux_41.$proc$/openlane/designs/my_processor/src/mux.v:35$959'.
No latch inferred for signal `$paramod$478555db74d47255e0a5d15b1b9dc8a214d2638a\mux_41.\O' from process `$paramod$478555db74d47255e0a5d15b1b9dc8a214d2638a\mux_41.$proc$/openlane/designs/my_processor/src/mux.v:35$958'.
No latch inferred for signal `$paramod$478555db74d47255e0a5d15b1b9dc8a214d2638a\mux_21.\O' from process `$paramod$478555db74d47255e0a5d15b1b9dc8a214d2638a\mux_21.$proc$/openlane/designs/my_processor/src/mux.v:14$957'.
No latch inferred for signal `$paramod$301fb870b2cfc3f89548532f53ffd32e0441395a\mux_21.\O' from process `$paramod$301fb870b2cfc3f89548532f53ffd32e0441395a\mux_21.$proc$/openlane/designs/my_processor/src/mux.v:14$956'.
No latch inferred for signal `\alu.\result' from process `\alu.$proc$/openlane/designs/my_processor/src/ALU.v:14$943'.
No latch inferred for signal `\alu.\zero' from process `\alu.$proc$/openlane/designs/my_processor/src/ALU.v:14$943'.
No latch inferred for signal `\alu.\carry' from process `\alu.$proc$/openlane/designs/my_processor/src/ALU.v:14$943'.
No latch inferred for signal `\alu.\total_sum' from process `\alu.$proc$/openlane/designs/my_processor/src/ALU.v:14$943'.
No latch inferred for signal `\branch_jump_controller.\pc_select' from process `\branch_jump_controller.$proc$/openlane/designs/my_processor/src/branchJumpCtrl.v:8$940'.
No latch inferred for signal `\forwarding_control_unit.\rs1_frwd_control' from process `\forwarding_control_unit.$proc$/openlane/designs/my_processor/src/frwdingCntrl.v:19$920'.
No latch inferred for signal `\forwarding_control_unit.\rs2_frwd_control' from process `\forwarding_control_unit.$proc$/openlane/designs/my_processor/src/frwdingCntrl.v:19$920'.
No latch inferred for signal `\alu_ctrl.\carry_write_en' from process `\alu_ctrl.$proc$/openlane/designs/my_processor/src/aluCtrl.v:28$916'.
No latch inferred for signal `\alu_ctrl.\zero_write_en' from process `\alu_ctrl.$proc$/openlane/designs/my_processor/src/aluCtrl.v:28$916'.
No latch inferred for signal `\alu_ctrl.\alu_operation_out' from process `\alu_ctrl.$proc$/openlane/designs/my_processor/src/aluCtrl.v:28$916'.
No latch inferred for signal `\alu_ctrl.\reg_write_enable_out' from process `\alu_ctrl.$proc$/openlane/designs/my_processor/src/aluCtrl.v:28$916'.
No latch inferred for signal `\register_bank.\readData1' from process `\register_bank.$proc$/openlane/designs/my_processor/src/registerBank.v:30$869'.
No latch inferred for signal `\register_bank.\readData2' from process `\register_bank.$proc$/openlane/designs/my_processor/src/registerBank.v:30$869'.
No latch inferred for signal `\pipelined_processor.\hazard_signal' from process `\pipelined_processor.$proc$/openlane/designs/my_processor/src/topModule.v:590$824'.
Removing init bit 1'1 for non-memory siginal `\pipelined_processor.\hazard_signal [0]` in process `\pipelined_processor.$proc$/openlane/designs/my_processor/src/topModule.v:590$824`.
Removing init bit 1'1 for non-memory siginal `\pipelined_processor.\hazard_signal [1]` in process `\pipelined_processor.$proc$/openlane/designs/my_processor/src/topModule.v:590$824`.
Removing init bit 1'1 for non-memory siginal `\pipelined_processor.\hazard_signal [2]` in process `\pipelined_processor.$proc$/openlane/designs/my_processor/src/topModule.v:590$824`.
Removing init bit 1'1 for non-memory siginal `\pipelined_processor.\hazard_signal [3]` in process `\pipelined_processor.$proc$/openlane/designs/my_processor/src/topModule.v:590$824`.
Removing init bit 1'1 for non-memory siginal `\pipelined_processor.\hazard_signal [4]` in process `\pipelined_processor.$proc$/openlane/designs/my_processor/src/topModule.v:590$824`.
No latch inferred for signal `\pipelined_processor.\zero_wr_en_from_mem' from process `\pipelined_processor.$proc$/openlane/designs/my_processor/src/topModule.v:554$804'.
Removing init bit 1'0 for non-memory siginal `\pipelined_processor.\zero_wr_en_from_mem` in process `\pipelined_processor.$proc$/openlane/designs/my_processor/src/topModule.v:554$804`.
No latch inferred for signal `\pipelined_processor.\zero_flag_from_mem' from process `\pipelined_processor.$proc$/openlane/designs/my_processor/src/topModule.v:554$804'.
Removing init bit 1'0 for non-memory siginal `\pipelined_processor.\zero_flag_from_mem` in process `\pipelined_processor.$proc$/openlane/designs/my_processor/src/topModule.v:554$804`.
No latch inferred for signal `\pipelined_processor.\mux_select_addr_in_mem' from process `\pipelined_processor.$proc$/openlane/designs/my_processor/src/topModule.v:515$775'.
No latch inferred for signal `\pipelined_processor.\mux_select_index_in_mem' from process `\pipelined_processor.$proc$/openlane/designs/my_processor/src/topModule.v:515$775'.
No latch inferred for signal `\pipelined_processor.\mux_sel_data_for_in_mem' from process `\pipelined_processor.$proc$/openlane/designs/my_processor/src/topModule.v:515$775'.
No latch inferred for signal `\pipelined_processor.\mux_sel_dm_wr_en' from process `\pipelined_processor.$proc$/openlane/designs/my_processor/src/topModule.v:515$775'.
No latch inferred for signal `\pipelined_processor.\mux_sel_reg_wr_en' from process `\pipelined_processor.$proc$/openlane/designs/my_processor/src/topModule.v:515$775'.
No latch inferred for signal `\pipelined_processor.\mux_sel_rd_addr_in_mem' from process `\pipelined_processor.$proc$/openlane/designs/my_processor/src/topModule.v:515$775'.
No latch inferred for signal `\pipelined_processor.\nop_select_for_if_from_ex' from process `\pipelined_processor.$proc$/openlane/designs/my_processor/src/topModule.v:408$755'.
Removing init bit 1'0 for non-memory siginal `\pipelined_processor.\nop_select_for_if_from_ex` in process `\pipelined_processor.$proc$/openlane/designs/my_processor/src/topModule.v:408$755`.
No latch inferred for signal `\pipelined_processor.\reg_and_mem_wr_disable_for_id_from_ex' from process `\pipelined_processor.$proc$/openlane/designs/my_processor/src/topModule.v:408$755'.
Removing init bit 1'0 for non-memory siginal `\pipelined_processor.\reg_and_mem_wr_disable_for_id_from_ex` in process `\pipelined_processor.$proc$/openlane/designs/my_processor/src/topModule.v:408$755`.
No latch inferred for signal `\pipelined_processor.\pc_control_from_ex' from process `\pipelined_processor.$proc$/openlane/designs/my_processor/src/topModule.v:408$755'.
Removing init bit 1'0 for non-memory siginal `\pipelined_processor.\pc_control_from_ex [0]` in process `\pipelined_processor.$proc$/openlane/designs/my_processor/src/topModule.v:408$755`.
Removing init bit 1'0 for non-memory siginal `\pipelined_processor.\pc_control_from_ex [1]` in process `\pipelined_processor.$proc$/openlane/designs/my_processor/src/topModule.v:408$755`.
No latch inferred for signal `\pipelined_processor.\pc_next_from_ex' from process `\pipelined_processor.$proc$/openlane/designs/my_processor/src/topModule.v:408$755'.
No latch inferred for signal `\pipelined_processor.\zero_flag' from process `\pipelined_processor.$proc$/openlane/designs/my_processor/src/topModule.v:381$749'.
No latch inferred for signal `\pipelined_processor.\nop_select_for_if_from_id' from process `\pipelined_processor.$proc$/openlane/designs/my_processor/src/topModule.v:309$742'.
Removing init bit 1'0 for non-memory siginal `\pipelined_processor.\nop_select_for_if_from_id` in process `\pipelined_processor.$proc$/openlane/designs/my_processor/src/topModule.v:309$742`.
No latch inferred for signal `\pipelined_processor.\pc_control_from_id' from process `\pipelined_processor.$proc$/openlane/designs/my_processor/src/topModule.v:309$742'.
Removing init bit 1'0 for non-memory siginal `\pipelined_processor.\pc_control_from_id [0]` in process `\pipelined_processor.$proc$/openlane/designs/my_processor/src/topModule.v:309$742`.
Removing init bit 1'0 for non-memory siginal `\pipelined_processor.\pc_control_from_id [1]` in process `\pipelined_processor.$proc$/openlane/designs/my_processor/src/topModule.v:309$742`.
No latch inferred for signal `\pipelined_processor.\pc_next_from_id' from process `\pipelined_processor.$proc$/openlane/designs/my_processor/src/topModule.v:309$742'.
No latch inferred for signal `\load_store_multi_block.\nop_mux_select' from process `\load_store_multi_block.$proc$/openlane/designs/my_processor/src/loadStoreMultiple.v:47$712'.
No latch inferred for signal `\load_store_multi_block.\freeze' from process `\load_store_multi_block.$proc$/openlane/designs/my_processor/src/loadStoreMultiple.v:21$697'.
No latch inferred for signal `\load_store_multi_block.\reg_or_mem_enable' from process `\load_store_multi_block.$proc$/openlane/designs/my_processor/src/loadStoreMultiple.v:21$697'.
No latch inferred for signal `\load_store_multi_block.\mem_data_for_sa_sm' from process `\load_store_multi_block.$proc$/openlane/designs/my_processor/src/loadStoreMultiple.v:21$697'.
No latch inferred for signal `\branch_history_table.\branchTargetAddr' from process `\branch_history_table.$proc$/openlane/designs/my_processor/src/branchHist.v:23$168'.
No latch inferred for signal `\branch_history_table.\match' from process `\branch_history_table.$proc$/openlane/designs/my_processor/src/branchHist.v:23$168'.
No latch inferred for signal `\branch_history_table.\history_bit' from process `\branch_history_table.$proc$/openlane/designs/my_processor/src/branchHist.v:23$168'.
No latch inferred for signal `\branch_history_table.$mem2bits$\branchHistoryTable$/openlane/designs/my_processor/src/branchHist.v:27$86' from process `\branch_history_table.$proc$/openlane/designs/my_processor/src/branchHist.v:23$168'.
No latch inferred for signal `\branch_history_table.$mem2bits$\branchHistoryTable$/openlane/designs/my_processor/src/branchHist.v:27$87' from process `\branch_history_table.$proc$/openlane/designs/my_processor/src/branchHist.v:23$168'.
No latch inferred for signal `\branch_history_table.$mem2bits$\branchHistoryTable$/openlane/designs/my_processor/src/branchHist.v:27$88' from process `\branch_history_table.$proc$/openlane/designs/my_processor/src/branchHist.v:23$168'.
No latch inferred for signal `\branch_history_table.$mem2bits$\branchHistoryTable$/openlane/designs/my_processor/src/branchHist.v:28$89' from process `\branch_history_table.$proc$/openlane/designs/my_processor/src/branchHist.v:23$168'.
No latch inferred for signal `\branch_history_table.$mem2bits$\branchHistoryTable$/openlane/designs/my_processor/src/branchHist.v:28$90' from process `\branch_history_table.$proc$/openlane/designs/my_processor/src/branchHist.v:23$168'.
No latch inferred for signal `\branch_history_table.$mem2bits$\branchHistoryTable$/openlane/designs/my_processor/src/branchHist.v:28$91' from process `\branch_history_table.$proc$/openlane/designs/my_processor/src/branchHist.v:23$168'.
No latch inferred for signal `\branch_history_table.$mem2bits$\branchHistoryTable$/openlane/designs/my_processor/src/branchHist.v:29$92' from process `\branch_history_table.$proc$/openlane/designs/my_processor/src/branchHist.v:23$168'.
No latch inferred for signal `\branch_history_table.$mem2bits$\branchHistoryTable$/openlane/designs/my_processor/src/branchHist.v:29$93' from process `\branch_history_table.$proc$/openlane/designs/my_processor/src/branchHist.v:23$168'.
No latch inferred for signal `\branch_history_table.$mem2bits$\branchHistoryTable$/openlane/designs/my_processor/src/branchHist.v:29$94' from process `\branch_history_table.$proc$/openlane/designs/my_processor/src/branchHist.v:23$168'.
No latch inferred for signal `\branch_history_table.$mem2bits$\branchHistoryTable$/openlane/designs/my_processor/src/branchHist.v:30$95' from process `\branch_history_table.$proc$/openlane/designs/my_processor/src/branchHist.v:23$168'.
No latch inferred for signal `\branch_history_table.$mem2bits$\branchHistoryTable$/openlane/designs/my_processor/src/branchHist.v:30$96' from process `\branch_history_table.$proc$/openlane/designs/my_processor/src/branchHist.v:23$168'.
No latch inferred for signal `\branch_history_table.$mem2bits$\branchHistoryTable$/openlane/designs/my_processor/src/branchHist.v:30$97' from process `\branch_history_table.$proc$/openlane/designs/my_processor/src/branchHist.v:23$168'.
No latch inferred for signal `\branch_history_table.$mem2bits$\branchHistoryTable$/openlane/designs/my_processor/src/branchHist.v:31$98' from process `\branch_history_table.$proc$/openlane/designs/my_processor/src/branchHist.v:23$168'.
No latch inferred for signal `\branch_history_table.$mem2bits$\branchHistoryTable$/openlane/designs/my_processor/src/branchHist.v:31$99' from process `\branch_history_table.$proc$/openlane/designs/my_processor/src/branchHist.v:23$168'.
No latch inferred for signal `\branch_history_table.$mem2bits$\branchHistoryTable$/openlane/designs/my_processor/src/branchHist.v:31$100' from process `\branch_history_table.$proc$/openlane/designs/my_processor/src/branchHist.v:23$168'.
No latch inferred for signal `\branch_history_table.$mem2bits$\branchHistoryTable$/openlane/designs/my_processor/src/branchHist.v:32$101' from process `\branch_history_table.$proc$/openlane/designs/my_processor/src/branchHist.v:23$168'.
No latch inferred for signal `\branch_history_table.$mem2bits$\branchHistoryTable$/openlane/designs/my_processor/src/branchHist.v:32$102' from process `\branch_history_table.$proc$/openlane/designs/my_processor/src/branchHist.v:23$168'.
No latch inferred for signal `\branch_history_table.$mem2bits$\branchHistoryTable$/openlane/designs/my_processor/src/branchHist.v:32$103' from process `\branch_history_table.$proc$/openlane/designs/my_processor/src/branchHist.v:23$168'.
No latch inferred for signal `\branch_history_table.$mem2bits$\branchHistoryTable$/openlane/designs/my_processor/src/branchHist.v:33$104' from process `\branch_history_table.$proc$/openlane/designs/my_processor/src/branchHist.v:23$168'.
No latch inferred for signal `\branch_history_table.$mem2bits$\branchHistoryTable$/openlane/designs/my_processor/src/branchHist.v:33$105' from process `\branch_history_table.$proc$/openlane/designs/my_processor/src/branchHist.v:23$168'.
No latch inferred for signal `\branch_history_table.$mem2bits$\branchHistoryTable$/openlane/designs/my_processor/src/branchHist.v:33$106' from process `\branch_history_table.$proc$/openlane/designs/my_processor/src/branchHist.v:23$168'.
No latch inferred for signal `\branch_history_table.$mem2bits$\branchHistoryTable$/openlane/designs/my_processor/src/branchHist.v:34$107' from process `\branch_history_table.$proc$/openlane/designs/my_processor/src/branchHist.v:23$168'.
No latch inferred for signal `\branch_history_table.$mem2bits$\branchHistoryTable$/openlane/designs/my_processor/src/branchHist.v:34$108' from process `\branch_history_table.$proc$/openlane/designs/my_processor/src/branchHist.v:23$168'.
No latch inferred for signal `\branch_history_table.$mem2bits$\branchHistoryTable$/openlane/designs/my_processor/src/branchHist.v:34$109' from process `\branch_history_table.$proc$/openlane/designs/my_processor/src/branchHist.v:23$168'.
No latch inferred for signal `\control_decoder.\RR_A1_Address_sel' from process `\control_decoder.$proc$/openlane/designs/my_processor/src/ctrlUnit.v:11$3'.
No latch inferred for signal `\control_decoder.\RR_A2_Address_sel' from process `\control_decoder.$proc$/openlane/designs/my_processor/src/ctrlUnit.v:11$3'.
No latch inferred for signal `\control_decoder.\RR_Wr_En' from process `\control_decoder.$proc$/openlane/designs/my_processor/src/ctrlUnit.v:11$3'.
No latch inferred for signal `\control_decoder.\MEM_Wr_En' from process `\control_decoder.$proc$/openlane/designs/my_processor/src/ctrlUnit.v:11$3'.
No latch inferred for signal `\control_decoder.\pc_data_select' from process `\control_decoder.$proc$/openlane/designs/my_processor/src/ctrlUnit.v:11$3'.
No latch inferred for signal `\control_decoder.\RR_A3_Address_sel' from process `\control_decoder.$proc$/openlane/designs/my_processor/src/ctrlUnit.v:11$3'.
No latch inferred for signal `\control_decoder.\EXE_ALU_Oper' from process `\control_decoder.$proc$/openlane/designs/my_processor/src/ctrlUnit.v:11$3'.
No latch inferred for signal `\control_decoder.\Reg_D3_Sel' from process `\control_decoder.$proc$/openlane/designs/my_processor/src/ctrlUnit.v:11$3'.
No latch inferred for signal `\control_decoder.\EXE_ALU_Src' from process `\control_decoder.$proc$/openlane/designs/my_processor/src/ctrlUnit.v:11$3'.
No latch inferred for signal `$paramod$a7e851d390747afa34632ac2555d14b132b466de\mux_21.\O' from process `$paramod$a7e851d390747afa34632ac2555d14b132b466de\mux_21.$proc$/openlane/designs/my_processor/src/mux.v:14$961'.

30. Executing PROC_DFF pass (convert process syncs to FFs).
Creating register for signal `\EX2MEM_Pipline_Reg.\RF_D1_Out' using process `\EX2MEM_Pipline_Reg.$proc$/openlane/designs/my_processor/src/Stage45_EX2MM.v:13$939'.
  created $dff cell `$procdff$4874' with positive edge clock.
Creating register for signal `\EX2MEM_Pipline_Reg.\RF_D2_Out' using process `\EX2MEM_Pipline_Reg.$proc$/openlane/designs/my_processor/src/Stage45_EX2MM.v:13$939'.
  created $dff cell `$procdff$4875' with positive edge clock.
Creating register for signal `\EX2MEM_Pipline_Reg.\Instr_Out' using process `\EX2MEM_Pipline_Reg.$proc$/openlane/designs/my_processor/src/Stage45_EX2MM.v:13$939'.
  created $dff cell `$procdff$4876' with positive edge clock.
Creating register for signal `\EX2MEM_Pipline_Reg.\Control_Out' using process `\EX2MEM_Pipline_Reg.$proc$/openlane/designs/my_processor/src/Stage45_EX2MM.v:13$939'.
  created $dff cell `$procdff$4877' with positive edge clock.
Creating register for signal `\EX2MEM_Pipline_Reg.\Rd_Addr_Out_PR' using process `\EX2MEM_Pipline_Reg.$proc$/openlane/designs/my_processor/src/Stage45_EX2MM.v:13$939'.
  created $dff cell `$procdff$4878' with positive edge clock.
Creating register for signal `\EX2MEM_Pipline_Reg.\Rd_Data_Out_PR' using process `\EX2MEM_Pipline_Reg.$proc$/openlane/designs/my_processor/src/Stage45_EX2MM.v:13$939'.
  created $dff cell `$procdff$4879' with positive edge clock.
Creating register for signal `\EX2MEM_Pipline_Reg.\ALU_Result_Out' using process `\EX2MEM_Pipline_Reg.$proc$/openlane/designs/my_processor/src/Stage45_EX2MM.v:13$939'.
  created $dff cell `$procdff$4880' with positive edge clock.
Creating register for signal `\MEM2WB_Pipline_Reg.\Instr_Out' using process `\MEM2WB_Pipline_Reg.$proc$/openlane/designs/my_processor/src/Stage56_MM2WB.v:13$919'.
  created $dff cell `$procdff$4881' with positive edge clock.
Creating register for signal `\MEM2WB_Pipline_Reg.\Control_Out' using process `\MEM2WB_Pipline_Reg.$proc$/openlane/designs/my_processor/src/Stage56_MM2WB.v:13$919'.
  created $dff cell `$procdff$4882' with positive edge clock.
Creating register for signal `\MEM2WB_Pipline_Reg.\Rd_Addr_Out_PR' using process `\MEM2WB_Pipline_Reg.$proc$/openlane/designs/my_processor/src/Stage56_MM2WB.v:13$919'.
  created $dff cell `$procdff$4883' with positive edge clock.
Creating register for signal `\MEM2WB_Pipline_Reg.\Rd_Data_Out_PR' using process `\MEM2WB_Pipline_Reg.$proc$/openlane/designs/my_processor/src/Stage56_MM2WB.v:13$919'.
  created $dff cell `$procdff$4884' with positive edge clock.
Creating register for signal `\IF2ID_Pipline_Reg.\PC_Out' using process `\IF2ID_Pipline_Reg.$proc$/openlane/designs/my_processor/src/Stage12_IF2ID.v:8$918'.
  created $dff cell `$procdff$4885' with positive edge clock.
Creating register for signal `\IF2ID_Pipline_Reg.\PC_Next_Out' using process `\IF2ID_Pipline_Reg.$proc$/openlane/designs/my_processor/src/Stage12_IF2ID.v:8$918'.
  created $dff cell `$procdff$4886' with positive edge clock.
Creating register for signal `\IF2ID_Pipline_Reg.\Instr_Out' using process `\IF2ID_Pipline_Reg.$proc$/openlane/designs/my_processor/src/Stage12_IF2ID.v:8$918'.
  created $dff cell `$procdff$4887' with positive edge clock.
Creating register for signal `\IF2ID_Pipline_Reg.\Spec_taken_out' using process `\IF2ID_Pipline_Reg.$proc$/openlane/designs/my_processor/src/Stage12_IF2ID.v:8$918'.
  created $dff cell `$procdff$4888' with positive edge clock.
Creating register for signal `\register_bank.\i' using process `\register_bank.$proc$/openlane/designs/my_processor/src/registerBank.v:48$881'.
  created $dff cell `$procdff$4889' with positive edge clock.
Creating register for signal `\register_bank.$memwr$\registerFile$/openlane/designs/my_processor/src/registerBank.v:51$859_EN' using process `\register_bank.$proc$/openlane/designs/my_processor/src/registerBank.v:48$881'.
  created $dff cell `$procdff$4890' with positive edge clock.
Creating register for signal `\register_bank.$memwr$\registerFile$/openlane/designs/my_processor/src/registerBank.v:51$860_EN' using process `\register_bank.$proc$/openlane/designs/my_processor/src/registerBank.v:48$881'.
  created $dff cell `$procdff$4891' with positive edge clock.
Creating register for signal `\register_bank.$memwr$\registerFile$/openlane/designs/my_processor/src/registerBank.v:51$861_EN' using process `\register_bank.$proc$/openlane/designs/my_processor/src/registerBank.v:48$881'.
  created $dff cell `$procdff$4892' with positive edge clock.
Creating register for signal `\register_bank.$memwr$\registerFile$/openlane/designs/my_processor/src/registerBank.v:51$862_EN' using process `\register_bank.$proc$/openlane/designs/my_processor/src/registerBank.v:48$881'.
  created $dff cell `$procdff$4893' with positive edge clock.
Creating register for signal `\register_bank.$memwr$\registerFile$/openlane/designs/my_processor/src/registerBank.v:51$863_EN' using process `\register_bank.$proc$/openlane/designs/my_processor/src/registerBank.v:48$881'.
  created $dff cell `$procdff$4894' with positive edge clock.
Creating register for signal `\register_bank.$memwr$\registerFile$/openlane/designs/my_processor/src/registerBank.v:51$864_EN' using process `\register_bank.$proc$/openlane/designs/my_processor/src/registerBank.v:48$881'.
  created $dff cell `$procdff$4895' with positive edge clock.
Creating register for signal `\register_bank.$memwr$\registerFile$/openlane/designs/my_processor/src/registerBank.v:51$865_EN' using process `\register_bank.$proc$/openlane/designs/my_processor/src/registerBank.v:48$881'.
  created $dff cell `$procdff$4896' with positive edge clock.
Creating register for signal `\register_bank.$memwr$\registerFile$/openlane/designs/my_processor/src/registerBank.v:51$866_EN' using process `\register_bank.$proc$/openlane/designs/my_processor/src/registerBank.v:48$881'.
  created $dff cell `$procdff$4897' with positive edge clock.
Creating register for signal `\register_bank.$memwr$\registerFile$/openlane/designs/my_processor/src/registerBank.v:55$867_ADDR' using process `\register_bank.$proc$/openlane/designs/my_processor/src/registerBank.v:48$881'.
  created $dff cell `$procdff$4898' with positive edge clock.
Creating register for signal `\register_bank.$memwr$\registerFile$/openlane/designs/my_processor/src/registerBank.v:55$867_DATA' using process `\register_bank.$proc$/openlane/designs/my_processor/src/registerBank.v:48$881'.
  created $dff cell `$procdff$4899' with positive edge clock.
Creating register for signal `\register_bank.$memwr$\registerFile$/openlane/designs/my_processor/src/registerBank.v:55$867_EN' using process `\register_bank.$proc$/openlane/designs/my_processor/src/registerBank.v:48$881'.
  created $dff cell `$procdff$4900' with positive edge clock.
Creating register for signal `\register_bank.$memwr$\registerFile$/openlane/designs/my_processor/src/registerBank.v:57$868_DATA' using process `\register_bank.$proc$/openlane/designs/my_processor/src/registerBank.v:48$881'.
  created $dff cell `$procdff$4901' with positive edge clock.
Creating register for signal `\register_bank.$memwr$\registerFile$/openlane/designs/my_processor/src/registerBank.v:57$868_EN' using process `\register_bank.$proc$/openlane/designs/my_processor/src/registerBank.v:48$881'.
  created $dff cell `$procdff$4902' with positive edge clock.
Creating register for signal `\register_bank.\readData_R7_to_R0' using process `\register_bank.$proc$/openlane/designs/my_processor/src/registerBank.v:37$872'.
  created $dff cell `$procdff$4903' with positive edge clock.
Creating register for signal `\register_n.\out' using process `\register_n.$proc$/openlane/designs/my_processor/src/registerBank.v:8$858'.
  created $dff cell `$procdff$4904' with positive edge clock.
Creating register for signal `\pipelined_processor.\nop_control_from_hazard' using process `\pipelined_processor.$proc$/openlane/designs/my_processor/src/topModule.v:602$839'.
  created $dff cell `$procdff$4905' with positive edge clock.
Creating register for signal `\pipelined_processor.\counter' using process `\pipelined_processor.$proc$/openlane/designs/my_processor/src/topModule.v:579$808'.
  created $dff cell `$procdff$4906' with positive edge clock.
Creating register for signal `\load_store_multi_block.\reg_index_la_sa' using process `\load_store_multi_block.$proc$/openlane/designs/my_processor/src/loadStoreMultiple.v:54$720'.
  created $dff cell `$procdff$4907' with positive edge clock.
Creating register for signal `\load_store_multi_block.\reg_index_lm_sm' using process `\load_store_multi_block.$proc$/openlane/designs/my_processor/src/loadStoreMultiple.v:54$720'.
  created $dff cell `$procdff$4908' with positive edge clock.
Creating register for signal `\branch_history_table.\pointer' using process `\branch_history_table.$proc$/openlane/designs/my_processor/src/branchHist.v:39$325'.
  created $dff cell `$procdff$4909' with positive edge clock.
Creating register for signal `\branch_history_table.\i' using process `\branch_history_table.$proc$/openlane/designs/my_processor/src/branchHist.v:39$325'.
  created $dff cell `$procdff$4910' with positive edge clock.
Creating register for signal `\branch_history_table.$memwr$\branchHistoryTable$/openlane/designs/my_processor/src/branchHist.v:42$110_EN' using process `\branch_history_table.$proc$/openlane/designs/my_processor/src/branchHist.v:39$325'.
  created $dff cell `$procdff$4911' with positive edge clock.
Creating register for signal `\branch_history_table.$memwr$\branchHistoryTable$/openlane/designs/my_processor/src/branchHist.v:42$111_EN' using process `\branch_history_table.$proc$/openlane/designs/my_processor/src/branchHist.v:39$325'.
  created $dff cell `$procdff$4912' with positive edge clock.
Creating register for signal `\branch_history_table.$memwr$\branchHistoryTable$/openlane/designs/my_processor/src/branchHist.v:42$112_EN' using process `\branch_history_table.$proc$/openlane/designs/my_processor/src/branchHist.v:39$325'.
  created $dff cell `$procdff$4913' with positive edge clock.
Creating register for signal `\branch_history_table.$memwr$\branchHistoryTable$/openlane/designs/my_processor/src/branchHist.v:42$113_EN' using process `\branch_history_table.$proc$/openlane/designs/my_processor/src/branchHist.v:39$325'.
  created $dff cell `$procdff$4914' with positive edge clock.
Creating register for signal `\branch_history_table.$memwr$\branchHistoryTable$/openlane/designs/my_processor/src/branchHist.v:42$114_EN' using process `\branch_history_table.$proc$/openlane/designs/my_processor/src/branchHist.v:39$325'.
  created $dff cell `$procdff$4915' with positive edge clock.
Creating register for signal `\branch_history_table.$memwr$\branchHistoryTable$/openlane/designs/my_processor/src/branchHist.v:42$115_EN' using process `\branch_history_table.$proc$/openlane/designs/my_processor/src/branchHist.v:39$325'.
  created $dff cell `$procdff$4916' with positive edge clock.
Creating register for signal `\branch_history_table.$memwr$\branchHistoryTable$/openlane/designs/my_processor/src/branchHist.v:42$116_EN' using process `\branch_history_table.$proc$/openlane/designs/my_processor/src/branchHist.v:39$325'.
  created $dff cell `$procdff$4917' with positive edge clock.
Creating register for signal `\branch_history_table.$memwr$\branchHistoryTable$/openlane/designs/my_processor/src/branchHist.v:42$117_EN' using process `\branch_history_table.$proc$/openlane/designs/my_processor/src/branchHist.v:39$325'.
  created $dff cell `$procdff$4918' with positive edge clock.
Creating register for signal `\branch_history_table.$mem2bits$\branchHistoryTable$/openlane/designs/my_processor/src/branchHist.v:48$118' using process `\branch_history_table.$proc$/openlane/designs/my_processor/src/branchHist.v:39$325'.
  created $dff cell `$procdff$4919' with positive edge clock.
Creating register for signal `\branch_history_table.$mem2bits$\branchHistoryTable$/openlane/designs/my_processor/src/branchHist.v:49$119' using process `\branch_history_table.$proc$/openlane/designs/my_processor/src/branchHist.v:39$325'.
  created $dff cell `$procdff$4920' with positive edge clock.
Creating register for signal `\branch_history_table.$memwr$\branchHistoryTable$/openlane/designs/my_processor/src/branchHist.v:49$120_DATA' using process `\branch_history_table.$proc$/openlane/designs/my_processor/src/branchHist.v:39$325'.
  created $dff cell `$procdff$4921' with positive edge clock.
Creating register for signal `\branch_history_table.$memwr$\branchHistoryTable$/openlane/designs/my_processor/src/branchHist.v:49$120_EN' using process `\branch_history_table.$proc$/openlane/designs/my_processor/src/branchHist.v:39$325'.
  created $dff cell `$procdff$4922' with positive edge clock.
Creating register for signal `\branch_history_table.$mem2bits$\branchHistoryTable$/openlane/designs/my_processor/src/branchHist.v:48$121' using process `\branch_history_table.$proc$/openlane/designs/my_processor/src/branchHist.v:39$325'.
  created $dff cell `$procdff$4923' with positive edge clock.
Creating register for signal `\branch_history_table.$mem2bits$\branchHistoryTable$/openlane/designs/my_processor/src/branchHist.v:49$122' using process `\branch_history_table.$proc$/openlane/designs/my_processor/src/branchHist.v:39$325'.
  created $dff cell `$procdff$4924' with positive edge clock.
Creating register for signal `\branch_history_table.$memwr$\branchHistoryTable$/openlane/designs/my_processor/src/branchHist.v:49$123_DATA' using process `\branch_history_table.$proc$/openlane/designs/my_processor/src/branchHist.v:39$325'.
  created $dff cell `$procdff$4925' with positive edge clock.
Creating register for signal `\branch_history_table.$memwr$\branchHistoryTable$/openlane/designs/my_processor/src/branchHist.v:49$123_EN' using process `\branch_history_table.$proc$/openlane/designs/my_processor/src/branchHist.v:39$325'.
  created $dff cell `$procdff$4926' with positive edge clock.
Creating register for signal `\branch_history_table.$mem2bits$\branchHistoryTable$/openlane/designs/my_processor/src/branchHist.v:48$124' using process `\branch_history_table.$proc$/openlane/designs/my_processor/src/branchHist.v:39$325'.
  created $dff cell `$procdff$4927' with positive edge clock.
Creating register for signal `\branch_history_table.$mem2bits$\branchHistoryTable$/openlane/designs/my_processor/src/branchHist.v:49$125' using process `\branch_history_table.$proc$/openlane/designs/my_processor/src/branchHist.v:39$325'.
  created $dff cell `$procdff$4928' with positive edge clock.
Creating register for signal `\branch_history_table.$memwr$\branchHistoryTable$/openlane/designs/my_processor/src/branchHist.v:49$126_DATA' using process `\branch_history_table.$proc$/openlane/designs/my_processor/src/branchHist.v:39$325'.
  created $dff cell `$procdff$4929' with positive edge clock.
Creating register for signal `\branch_history_table.$memwr$\branchHistoryTable$/openlane/designs/my_processor/src/branchHist.v:49$126_EN' using process `\branch_history_table.$proc$/openlane/designs/my_processor/src/branchHist.v:39$325'.
  created $dff cell `$procdff$4930' with positive edge clock.
Creating register for signal `\branch_history_table.$mem2bits$\branchHistoryTable$/openlane/designs/my_processor/src/branchHist.v:48$127' using process `\branch_history_table.$proc$/openlane/designs/my_processor/src/branchHist.v:39$325'.
  created $dff cell `$procdff$4931' with positive edge clock.
Creating register for signal `\branch_history_table.$mem2bits$\branchHistoryTable$/openlane/designs/my_processor/src/branchHist.v:49$128' using process `\branch_history_table.$proc$/openlane/designs/my_processor/src/branchHist.v:39$325'.
  created $dff cell `$procdff$4932' with positive edge clock.
Creating register for signal `\branch_history_table.$memwr$\branchHistoryTable$/openlane/designs/my_processor/src/branchHist.v:49$129_DATA' using process `\branch_history_table.$proc$/openlane/designs/my_processor/src/branchHist.v:39$325'.
  created $dff cell `$procdff$4933' with positive edge clock.
Creating register for signal `\branch_history_table.$memwr$\branchHistoryTable$/openlane/designs/my_processor/src/branchHist.v:49$129_EN' using process `\branch_history_table.$proc$/openlane/designs/my_processor/src/branchHist.v:39$325'.
  created $dff cell `$procdff$4934' with positive edge clock.
Creating register for signal `\branch_history_table.$mem2bits$\branchHistoryTable$/openlane/designs/my_processor/src/branchHist.v:48$130' using process `\branch_history_table.$proc$/openlane/designs/my_processor/src/branchHist.v:39$325'.
  created $dff cell `$procdff$4935' with positive edge clock.
Creating register for signal `\branch_history_table.$mem2bits$\branchHistoryTable$/openlane/designs/my_processor/src/branchHist.v:49$131' using process `\branch_history_table.$proc$/openlane/designs/my_processor/src/branchHist.v:39$325'.
  created $dff cell `$procdff$4936' with positive edge clock.
Creating register for signal `\branch_history_table.$memwr$\branchHistoryTable$/openlane/designs/my_processor/src/branchHist.v:49$132_DATA' using process `\branch_history_table.$proc$/openlane/designs/my_processor/src/branchHist.v:39$325'.
  created $dff cell `$procdff$4937' with positive edge clock.
Creating register for signal `\branch_history_table.$memwr$\branchHistoryTable$/openlane/designs/my_processor/src/branchHist.v:49$132_EN' using process `\branch_history_table.$proc$/openlane/designs/my_processor/src/branchHist.v:39$325'.
  created $dff cell `$procdff$4938' with positive edge clock.
Creating register for signal `\branch_history_table.$mem2bits$\branchHistoryTable$/openlane/designs/my_processor/src/branchHist.v:48$133' using process `\branch_history_table.$proc$/openlane/designs/my_processor/src/branchHist.v:39$325'.
  created $dff cell `$procdff$4939' with positive edge clock.
Creating register for signal `\branch_history_table.$mem2bits$\branchHistoryTable$/openlane/designs/my_processor/src/branchHist.v:49$134' using process `\branch_history_table.$proc$/openlane/designs/my_processor/src/branchHist.v:39$325'.
  created $dff cell `$procdff$4940' with positive edge clock.
Creating register for signal `\branch_history_table.$memwr$\branchHistoryTable$/openlane/designs/my_processor/src/branchHist.v:49$135_DATA' using process `\branch_history_table.$proc$/openlane/designs/my_processor/src/branchHist.v:39$325'.
  created $dff cell `$procdff$4941' with positive edge clock.
Creating register for signal `\branch_history_table.$memwr$\branchHistoryTable$/openlane/designs/my_processor/src/branchHist.v:49$135_EN' using process `\branch_history_table.$proc$/openlane/designs/my_processor/src/branchHist.v:39$325'.
  created $dff cell `$procdff$4942' with positive edge clock.
Creating register for signal `\branch_history_table.$mem2bits$\branchHistoryTable$/openlane/designs/my_processor/src/branchHist.v:48$136' using process `\branch_history_table.$proc$/openlane/designs/my_processor/src/branchHist.v:39$325'.
  created $dff cell `$procdff$4943' with positive edge clock.
Creating register for signal `\branch_history_table.$mem2bits$\branchHistoryTable$/openlane/designs/my_processor/src/branchHist.v:49$137' using process `\branch_history_table.$proc$/openlane/designs/my_processor/src/branchHist.v:39$325'.
  created $dff cell `$procdff$4944' with positive edge clock.
Creating register for signal `\branch_history_table.$memwr$\branchHistoryTable$/openlane/designs/my_processor/src/branchHist.v:49$138_DATA' using process `\branch_history_table.$proc$/openlane/designs/my_processor/src/branchHist.v:39$325'.
  created $dff cell `$procdff$4945' with positive edge clock.
Creating register for signal `\branch_history_table.$memwr$\branchHistoryTable$/openlane/designs/my_processor/src/branchHist.v:49$138_EN' using process `\branch_history_table.$proc$/openlane/designs/my_processor/src/branchHist.v:39$325'.
  created $dff cell `$procdff$4946' with positive edge clock.
Creating register for signal `\branch_history_table.$mem2bits$\branchHistoryTable$/openlane/designs/my_processor/src/branchHist.v:48$139' using process `\branch_history_table.$proc$/openlane/designs/my_processor/src/branchHist.v:39$325'.
  created $dff cell `$procdff$4947' with positive edge clock.
Creating register for signal `\branch_history_table.$mem2bits$\branchHistoryTable$/openlane/designs/my_processor/src/branchHist.v:49$140' using process `\branch_history_table.$proc$/openlane/designs/my_processor/src/branchHist.v:39$325'.
  created $dff cell `$procdff$4948' with positive edge clock.
Creating register for signal `\branch_history_table.$memwr$\branchHistoryTable$/openlane/designs/my_processor/src/branchHist.v:49$141_DATA' using process `\branch_history_table.$proc$/openlane/designs/my_processor/src/branchHist.v:39$325'.
  created $dff cell `$procdff$4949' with positive edge clock.
Creating register for signal `\branch_history_table.$memwr$\branchHistoryTable$/openlane/designs/my_processor/src/branchHist.v:49$141_EN' using process `\branch_history_table.$proc$/openlane/designs/my_processor/src/branchHist.v:39$325'.
  created $dff cell `$procdff$4950' with positive edge clock.
Creating register for signal `\branch_history_table.$memwr$\branchHistoryTable$/openlane/designs/my_processor/src/branchHist.v:53$142_ADDR' using process `\branch_history_table.$proc$/openlane/designs/my_processor/src/branchHist.v:39$325'.
  created $dff cell `$procdff$4951' with positive edge clock.
Creating register for signal `\branch_history_table.$memwr$\branchHistoryTable$/openlane/designs/my_processor/src/branchHist.v:53$142_DATA' using process `\branch_history_table.$proc$/openlane/designs/my_processor/src/branchHist.v:39$325'.
  created $dff cell `$procdff$4952' with positive edge clock.
Creating register for signal `\branch_history_table.$memwr$\branchHistoryTable$/openlane/designs/my_processor/src/branchHist.v:53$142_EN' using process `\branch_history_table.$proc$/openlane/designs/my_processor/src/branchHist.v:39$325'.
  created $dff cell `$procdff$4953' with positive edge clock.
Creating register for signal `\branch_history_table.$mem2bits$\branchHistoryTable$/openlane/designs/my_processor/src/branchHist.v:57$143' using process `\branch_history_table.$proc$/openlane/designs/my_processor/src/branchHist.v:39$325'.
  created $dff cell `$procdff$4954' with positive edge clock.
Creating register for signal `\branch_history_table.$mem2bits$\branchHistoryTable$/openlane/designs/my_processor/src/branchHist.v:58$144' using process `\branch_history_table.$proc$/openlane/designs/my_processor/src/branchHist.v:39$325'.
  created $dff cell `$procdff$4955' with positive edge clock.
Creating register for signal `\branch_history_table.$memwr$\branchHistoryTable$/openlane/designs/my_processor/src/branchHist.v:58$145_DATA' using process `\branch_history_table.$proc$/openlane/designs/my_processor/src/branchHist.v:39$325'.
  created $dff cell `$procdff$4956' with positive edge clock.
Creating register for signal `\branch_history_table.$memwr$\branchHistoryTable$/openlane/designs/my_processor/src/branchHist.v:58$145_EN' using process `\branch_history_table.$proc$/openlane/designs/my_processor/src/branchHist.v:39$325'.
  created $dff cell `$procdff$4957' with positive edge clock.
Creating register for signal `\branch_history_table.$mem2bits$\branchHistoryTable$/openlane/designs/my_processor/src/branchHist.v:57$146' using process `\branch_history_table.$proc$/openlane/designs/my_processor/src/branchHist.v:39$325'.
  created $dff cell `$procdff$4958' with positive edge clock.
Creating register for signal `\branch_history_table.$mem2bits$\branchHistoryTable$/openlane/designs/my_processor/src/branchHist.v:58$147' using process `\branch_history_table.$proc$/openlane/designs/my_processor/src/branchHist.v:39$325'.
  created $dff cell `$procdff$4959' with positive edge clock.
Creating register for signal `\branch_history_table.$memwr$\branchHistoryTable$/openlane/designs/my_processor/src/branchHist.v:58$148_DATA' using process `\branch_history_table.$proc$/openlane/designs/my_processor/src/branchHist.v:39$325'.
  created $dff cell `$procdff$4960' with positive edge clock.
Creating register for signal `\branch_history_table.$memwr$\branchHistoryTable$/openlane/designs/my_processor/src/branchHist.v:58$148_EN' using process `\branch_history_table.$proc$/openlane/designs/my_processor/src/branchHist.v:39$325'.
  created $dff cell `$procdff$4961' with positive edge clock.
Creating register for signal `\branch_history_table.$mem2bits$\branchHistoryTable$/openlane/designs/my_processor/src/branchHist.v:57$149' using process `\branch_history_table.$proc$/openlane/designs/my_processor/src/branchHist.v:39$325'.
  created $dff cell `$procdff$4962' with positive edge clock.
Creating register for signal `\branch_history_table.$mem2bits$\branchHistoryTable$/openlane/designs/my_processor/src/branchHist.v:58$150' using process `\branch_history_table.$proc$/openlane/designs/my_processor/src/branchHist.v:39$325'.
  created $dff cell `$procdff$4963' with positive edge clock.
Creating register for signal `\branch_history_table.$memwr$\branchHistoryTable$/openlane/designs/my_processor/src/branchHist.v:58$151_DATA' using process `\branch_history_table.$proc$/openlane/designs/my_processor/src/branchHist.v:39$325'.
  created $dff cell `$procdff$4964' with positive edge clock.
Creating register for signal `\branch_history_table.$memwr$\branchHistoryTable$/openlane/designs/my_processor/src/branchHist.v:58$151_EN' using process `\branch_history_table.$proc$/openlane/designs/my_processor/src/branchHist.v:39$325'.
  created $dff cell `$procdff$4965' with positive edge clock.
Creating register for signal `\branch_history_table.$mem2bits$\branchHistoryTable$/openlane/designs/my_processor/src/branchHist.v:57$152' using process `\branch_history_table.$proc$/openlane/designs/my_processor/src/branchHist.v:39$325'.
  created $dff cell `$procdff$4966' with positive edge clock.
Creating register for signal `\branch_history_table.$mem2bits$\branchHistoryTable$/openlane/designs/my_processor/src/branchHist.v:58$153' using process `\branch_history_table.$proc$/openlane/designs/my_processor/src/branchHist.v:39$325'.
  created $dff cell `$procdff$4967' with positive edge clock.
Creating register for signal `\branch_history_table.$memwr$\branchHistoryTable$/openlane/designs/my_processor/src/branchHist.v:58$154_DATA' using process `\branch_history_table.$proc$/openlane/designs/my_processor/src/branchHist.v:39$325'.
  created $dff cell `$procdff$4968' with positive edge clock.
Creating register for signal `\branch_history_table.$memwr$\branchHistoryTable$/openlane/designs/my_processor/src/branchHist.v:58$154_EN' using process `\branch_history_table.$proc$/openlane/designs/my_processor/src/branchHist.v:39$325'.
  created $dff cell `$procdff$4969' with positive edge clock.
Creating register for signal `\branch_history_table.$mem2bits$\branchHistoryTable$/openlane/designs/my_processor/src/branchHist.v:57$155' using process `\branch_history_table.$proc$/openlane/designs/my_processor/src/branchHist.v:39$325'.
  created $dff cell `$procdff$4970' with positive edge clock.
Creating register for signal `\branch_history_table.$mem2bits$\branchHistoryTable$/openlane/designs/my_processor/src/branchHist.v:58$156' using process `\branch_history_table.$proc$/openlane/designs/my_processor/src/branchHist.v:39$325'.
  created $dff cell `$procdff$4971' with positive edge clock.
Creating register for signal `\branch_history_table.$memwr$\branchHistoryTable$/openlane/designs/my_processor/src/branchHist.v:58$157_DATA' using process `\branch_history_table.$proc$/openlane/designs/my_processor/src/branchHist.v:39$325'.
  created $dff cell `$procdff$4972' with positive edge clock.
Creating register for signal `\branch_history_table.$memwr$\branchHistoryTable$/openlane/designs/my_processor/src/branchHist.v:58$157_EN' using process `\branch_history_table.$proc$/openlane/designs/my_processor/src/branchHist.v:39$325'.
  created $dff cell `$procdff$4973' with positive edge clock.
Creating register for signal `\branch_history_table.$mem2bits$\branchHistoryTable$/openlane/designs/my_processor/src/branchHist.v:57$158' using process `\branch_history_table.$proc$/openlane/designs/my_processor/src/branchHist.v:39$325'.
  created $dff cell `$procdff$4974' with positive edge clock.
Creating register for signal `\branch_history_table.$mem2bits$\branchHistoryTable$/openlane/designs/my_processor/src/branchHist.v:58$159' using process `\branch_history_table.$proc$/openlane/designs/my_processor/src/branchHist.v:39$325'.
  created $dff cell `$procdff$4975' with positive edge clock.
Creating register for signal `\branch_history_table.$memwr$\branchHistoryTable$/openlane/designs/my_processor/src/branchHist.v:58$160_DATA' using process `\branch_history_table.$proc$/openlane/designs/my_processor/src/branchHist.v:39$325'.
  created $dff cell `$procdff$4976' with positive edge clock.
Creating register for signal `\branch_history_table.$memwr$\branchHistoryTable$/openlane/designs/my_processor/src/branchHist.v:58$160_EN' using process `\branch_history_table.$proc$/openlane/designs/my_processor/src/branchHist.v:39$325'.
  created $dff cell `$procdff$4977' with positive edge clock.
Creating register for signal `\branch_history_table.$mem2bits$\branchHistoryTable$/openlane/designs/my_processor/src/branchHist.v:57$161' using process `\branch_history_table.$proc$/openlane/designs/my_processor/src/branchHist.v:39$325'.
  created $dff cell `$procdff$4978' with positive edge clock.
Creating register for signal `\branch_history_table.$mem2bits$\branchHistoryTable$/openlane/designs/my_processor/src/branchHist.v:58$162' using process `\branch_history_table.$proc$/openlane/designs/my_processor/src/branchHist.v:39$325'.
  created $dff cell `$procdff$4979' with positive edge clock.
Creating register for signal `\branch_history_table.$memwr$\branchHistoryTable$/openlane/designs/my_processor/src/branchHist.v:58$163_DATA' using process `\branch_history_table.$proc$/openlane/designs/my_processor/src/branchHist.v:39$325'.
  created $dff cell `$procdff$4980' with positive edge clock.
Creating register for signal `\branch_history_table.$memwr$\branchHistoryTable$/openlane/designs/my_processor/src/branchHist.v:58$163_EN' using process `\branch_history_table.$proc$/openlane/designs/my_processor/src/branchHist.v:39$325'.
  created $dff cell `$procdff$4981' with positive edge clock.
Creating register for signal `\branch_history_table.$mem2bits$\branchHistoryTable$/openlane/designs/my_processor/src/branchHist.v:57$164' using process `\branch_history_table.$proc$/openlane/designs/my_processor/src/branchHist.v:39$325'.
  created $dff cell `$procdff$4982' with positive edge clock.
Creating register for signal `\branch_history_table.$mem2bits$\branchHistoryTable$/openlane/designs/my_processor/src/branchHist.v:58$165' using process `\branch_history_table.$proc$/openlane/designs/my_processor/src/branchHist.v:39$325'.
  created $dff cell `$procdff$4983' with positive edge clock.
Creating register for signal `\branch_history_table.$memwr$\branchHistoryTable$/openlane/designs/my_processor/src/branchHist.v:58$166_DATA' using process `\branch_history_table.$proc$/openlane/designs/my_processor/src/branchHist.v:39$325'.
  created $dff cell `$procdff$4984' with positive edge clock.
Creating register for signal `\branch_history_table.$memwr$\branchHistoryTable$/openlane/designs/my_processor/src/branchHist.v:58$166_EN' using process `\branch_history_table.$proc$/openlane/designs/my_processor/src/branchHist.v:39$325'.
  created $dff cell `$procdff$4985' with positive edge clock.
Creating register for signal `\branch_history_table.$memwr$\branchHistoryTable$/openlane/designs/my_processor/src/branchHist.v:64$167_ADDR' using process `\branch_history_table.$proc$/openlane/designs/my_processor/src/branchHist.v:39$325'.
  created $dff cell `$procdff$4986' with positive edge clock.
Creating register for signal `\branch_history_table.$memwr$\branchHistoryTable$/openlane/designs/my_processor/src/branchHist.v:64$167_DATA' using process `\branch_history_table.$proc$/openlane/designs/my_processor/src/branchHist.v:39$325'.
  created $dff cell `$procdff$4987' with positive edge clock.
Creating register for signal `\branch_history_table.$memwr$\branchHistoryTable$/openlane/designs/my_processor/src/branchHist.v:64$167_EN' using process `\branch_history_table.$proc$/openlane/designs/my_processor/src/branchHist.v:39$325'.
  created $dff cell `$procdff$4988' with positive edge clock.
Creating register for signal `\data_memory.\debug_read_reg' using process `\data_memory.$proc$/openlane/designs/my_processor/src/dataMem.v:34$81'.
  created $dff cell `$procdff$4989' with positive edge clock.
Creating register for signal `\data_memory.\read_data_reg' using process `\data_memory.$proc$/openlane/designs/my_processor/src/dataMem.v:27$79'.
  created $dff cell `$procdff$4990' with positive edge clock.
Creating register for signal `\data_memory.$memwr$\ram$/openlane/designs/my_processor/src/dataMem.v:21$69_ADDR' using process `\data_memory.$proc$/openlane/designs/my_processor/src/dataMem.v:19$70'.
  created $dff cell `$procdff$4991' with positive edge clock.
Creating register for signal `\data_memory.$memwr$\ram$/openlane/designs/my_processor/src/dataMem.v:21$69_DATA' using process `\data_memory.$proc$/openlane/designs/my_processor/src/dataMem.v:19$70'.
  created $dff cell `$procdff$4992' with positive edge clock.
Creating register for signal `\data_memory.$memwr$\ram$/openlane/designs/my_processor/src/dataMem.v:21$69_EN' using process `\data_memory.$proc$/openlane/designs/my_processor/src/dataMem.v:19$70'.
  created $dff cell `$procdff$4993' with positive edge clock.
Creating register for signal `\instr_mem.$memwr$\rom$/openlane/designs/my_processor/src/InstrMem.v:25$7_EN' using process `\instr_mem.$proc$/openlane/designs/my_processor/src/InstrMem.v:22$24'.
  created $dff cell `$procdff$4994' with positive edge clock.
Creating register for signal `\instr_mem.$memwr$\rom$/openlane/designs/my_processor/src/InstrMem.v:26$8_EN' using process `\instr_mem.$proc$/openlane/designs/my_processor/src/InstrMem.v:22$24'.
  created $dff cell `$procdff$4995' with positive edge clock.
Creating register for signal `\instr_mem.$memwr$\rom$/openlane/designs/my_processor/src/InstrMem.v:27$9_EN' using process `\instr_mem.$proc$/openlane/designs/my_processor/src/InstrMem.v:22$24'.
  created $dff cell `$procdff$4996' with positive edge clock.
Creating register for signal `\instr_mem.$memwr$\rom$/openlane/designs/my_processor/src/InstrMem.v:28$10_EN' using process `\instr_mem.$proc$/openlane/designs/my_processor/src/InstrMem.v:22$24'.
  created $dff cell `$procdff$4997' with positive edge clock.
Creating register for signal `\instr_mem.$memwr$\rom$/openlane/designs/my_processor/src/InstrMem.v:29$11_EN' using process `\instr_mem.$proc$/openlane/designs/my_processor/src/InstrMem.v:22$24'.
  created $dff cell `$procdff$4998' with positive edge clock.
Creating register for signal `\instr_mem.$memwr$\rom$/openlane/designs/my_processor/src/InstrMem.v:30$12_EN' using process `\instr_mem.$proc$/openlane/designs/my_processor/src/InstrMem.v:22$24'.
  created $dff cell `$procdff$4999' with positive edge clock.
Creating register for signal `\instr_mem.$memwr$\rom$/openlane/designs/my_processor/src/InstrMem.v:31$13_EN' using process `\instr_mem.$proc$/openlane/designs/my_processor/src/InstrMem.v:22$24'.
  created $dff cell `$procdff$5000' with positive edge clock.
Creating register for signal `\instr_mem.$memwr$\rom$/openlane/designs/my_processor/src/InstrMem.v:32$14_EN' using process `\instr_mem.$proc$/openlane/designs/my_processor/src/InstrMem.v:22$24'.
  created $dff cell `$procdff$5001' with positive edge clock.
Creating register for signal `\instr_mem.$memwr$\rom$/openlane/designs/my_processor/src/InstrMem.v:33$15_EN' using process `\instr_mem.$proc$/openlane/designs/my_processor/src/InstrMem.v:22$24'.
  created $dff cell `$procdff$5002' with positive edge clock.
Creating register for signal `\instr_mem.$memwr$\rom$/openlane/designs/my_processor/src/InstrMem.v:34$16_EN' using process `\instr_mem.$proc$/openlane/designs/my_processor/src/InstrMem.v:22$24'.
  created $dff cell `$procdff$5003' with positive edge clock.
Creating register for signal `\instr_mem.$memwr$\rom$/openlane/designs/my_processor/src/InstrMem.v:35$17_EN' using process `\instr_mem.$proc$/openlane/designs/my_processor/src/InstrMem.v:22$24'.
  created $dff cell `$procdff$5004' with positive edge clock.
Creating register for signal `\instr_mem.$memwr$\rom$/openlane/designs/my_processor/src/InstrMem.v:36$18_EN' using process `\instr_mem.$proc$/openlane/designs/my_processor/src/InstrMem.v:22$24'.
  created $dff cell `$procdff$5005' with positive edge clock.
Creating register for signal `\instr_mem.$memwr$\rom$/openlane/designs/my_processor/src/InstrMem.v:37$19_EN' using process `\instr_mem.$proc$/openlane/designs/my_processor/src/InstrMem.v:22$24'.
  created $dff cell `$procdff$5006' with positive edge clock.
Creating register for signal `\instr_mem.$memwr$\rom$/openlane/designs/my_processor/src/InstrMem.v:38$20_EN' using process `\instr_mem.$proc$/openlane/designs/my_processor/src/InstrMem.v:22$24'.
  created $dff cell `$procdff$5007' with positive edge clock.
Creating register for signal `\instr_mem.$memwr$\rom$/openlane/designs/my_processor/src/InstrMem.v:39$21_EN' using process `\instr_mem.$proc$/openlane/designs/my_processor/src/InstrMem.v:22$24'.
  created $dff cell `$procdff$5008' with positive edge clock.
Creating register for signal `\instr_mem.$memwr$\rom$/openlane/designs/my_processor/src/InstrMem.v:40$22_EN' using process `\instr_mem.$proc$/openlane/designs/my_processor/src/InstrMem.v:22$24'.
  created $dff cell `$procdff$5009' with positive edge clock.
Creating register for signal `\instr_mem.$memwr$\rom$/openlane/designs/my_processor/src/InstrMem.v:44$23_ADDR' using process `\instr_mem.$proc$/openlane/designs/my_processor/src/InstrMem.v:22$24'.
  created $dff cell `$procdff$5010' with positive edge clock.
Creating register for signal `\instr_mem.$memwr$\rom$/openlane/designs/my_processor/src/InstrMem.v:44$23_DATA' using process `\instr_mem.$proc$/openlane/designs/my_processor/src/InstrMem.v:22$24'.
  created $dff cell `$procdff$5011' with positive edge clock.
Creating register for signal `\instr_mem.$memwr$\rom$/openlane/designs/my_processor/src/InstrMem.v:44$23_EN' using process `\instr_mem.$proc$/openlane/designs/my_processor/src/InstrMem.v:22$24'.
  created $dff cell `$procdff$5012' with positive edge clock.
Creating register for signal `\ID2RR_Pipline_Reg.\pc_data_select_out' using process `\ID2RR_Pipline_Reg.$proc$/openlane/designs/my_processor/src/Stage23_ID2RR.v:12$6'.
  created $dff cell `$procdff$5013' with positive edge clock.
Creating register for signal `\ID2RR_Pipline_Reg.\pc_out' using process `\ID2RR_Pipline_Reg.$proc$/openlane/designs/my_processor/src/Stage23_ID2RR.v:12$6'.
  created $dff cell `$procdff$5014' with positive edge clock.
Creating register for signal `\ID2RR_Pipline_Reg.\instr_out' using process `\ID2RR_Pipline_Reg.$proc$/openlane/designs/my_processor/src/Stage23_ID2RR.v:12$6'.
  created $dff cell `$procdff$5015' with positive edge clock.
Creating register for signal `\ID2RR_Pipline_Reg.\pc_next_out' using process `\ID2RR_Pipline_Reg.$proc$/openlane/designs/my_processor/src/Stage23_ID2RR.v:12$6'.
  created $dff cell `$procdff$5016' with positive edge clock.
Creating register for signal `\ID2RR_Pipline_Reg.\cntrl_out' using process `\ID2RR_Pipline_Reg.$proc$/openlane/designs/my_processor/src/Stage23_ID2RR.v:12$6'.
  created $dff cell `$procdff$5017' with positive edge clock.
Creating register for signal `\ID2RR_Pipline_Reg.\spec_taken_out' using process `\ID2RR_Pipline_Reg.$proc$/openlane/designs/my_processor/src/Stage23_ID2RR.v:12$6'.
  created $dff cell `$procdff$5018' with positive edge clock.
Creating register for signal `\RR2EX_Pipline_Reg.\RR_Write_En_Out' using process `\RR2EX_Pipline_Reg.$proc$/openlane/designs/my_processor/src/Stage34_RR2EX.v:17$5'.
  created $dff cell `$procdff$5019' with positive edge clock.
Creating register for signal `\RR2EX_Pipline_Reg.\pc_data_select_out' using process `\RR2EX_Pipline_Reg.$proc$/openlane/designs/my_processor/src/Stage34_RR2EX.v:17$5'.
  created $dff cell `$procdff$5020' with positive edge clock.
Creating register for signal `\RR2EX_Pipline_Reg.\pc_out' using process `\RR2EX_Pipline_Reg.$proc$/openlane/designs/my_processor/src/Stage34_RR2EX.v:17$5'.
  created $dff cell `$procdff$5021' with positive edge clock.
Creating register for signal `\RR2EX_Pipline_Reg.\RF_D1_Out' using process `\RR2EX_Pipline_Reg.$proc$/openlane/designs/my_processor/src/Stage34_RR2EX.v:17$5'.
  created $dff cell `$procdff$5022' with positive edge clock.
Creating register for signal `\RR2EX_Pipline_Reg.\RF_D2_Out' using process `\RR2EX_Pipline_Reg.$proc$/openlane/designs/my_processor/src/Stage34_RR2EX.v:17$5'.
  created $dff cell `$procdff$5023' with positive edge clock.
Creating register for signal `\RR2EX_Pipline_Reg.\instr_out' using process `\RR2EX_Pipline_Reg.$proc$/openlane/designs/my_processor/src/Stage34_RR2EX.v:17$5'.
  created $dff cell `$procdff$5024' with positive edge clock.
Creating register for signal `\RR2EX_Pipline_Reg.\RF_D3_From_WB_Out' using process `\RR2EX_Pipline_Reg.$proc$/openlane/designs/my_processor/src/Stage34_RR2EX.v:17$5'.
  created $dff cell `$procdff$5025' with positive edge clock.
Creating register for signal `\RR2EX_Pipline_Reg.\pc_next_out' using process `\RR2EX_Pipline_Reg.$proc$/openlane/designs/my_processor/src/Stage34_RR2EX.v:17$5'.
  created $dff cell `$procdff$5026' with positive edge clock.
Creating register for signal `\RR2EX_Pipline_Reg.\cntrl_out' using process `\RR2EX_Pipline_Reg.$proc$/openlane/designs/my_processor/src/Stage34_RR2EX.v:17$5'.
  created $dff cell `$procdff$5027' with positive edge clock.
Creating register for signal `\RR2EX_Pipline_Reg.\RF_A1_Out' using process `\RR2EX_Pipline_Reg.$proc$/openlane/designs/my_processor/src/Stage34_RR2EX.v:17$5'.
  created $dff cell `$procdff$5028' with positive edge clock.
Creating register for signal `\RR2EX_Pipline_Reg.\RF_A2_Out' using process `\RR2EX_Pipline_Reg.$proc$/openlane/designs/my_processor/src/Stage34_RR2EX.v:17$5'.
  created $dff cell `$procdff$5029' with positive edge clock.
Creating register for signal `\RR2EX_Pipline_Reg.\RF_A3_From_WB_Out' using process `\RR2EX_Pipline_Reg.$proc$/openlane/designs/my_processor/src/Stage34_RR2EX.v:17$5'.
  created $dff cell `$procdff$5030' with positive edge clock.
Creating register for signal `\RR2EX_Pipline_Reg.\spec_taken_out' using process `\RR2EX_Pipline_Reg.$proc$/openlane/designs/my_processor/src/Stage34_RR2EX.v:17$5'.
  created $dff cell `$procdff$5031' with positive edge clock.
Creating register for signal `$paramod\register_n\N=s32'00000000000000000000000000000001.\out' using process `$paramod\register_n\N=s32'00000000000000000000000000000001.$proc$/openlane/designs/my_processor/src/registerBank.v:8$960'.
  created $dff cell `$procdff$5032' with positive edge clock.

31. Executing PROC_MEMWR pass (convert process memory writes to cells).

32. Executing PROC_CLEAN pass (remove empty switches from decision trees).
Found and cleaned up 1 empty switch in `$paramod$301fb870b2cfc3f89548532f53ffd32e0441395a\mux_41.$proc$/openlane/designs/my_processor/src/mux.v:35$959'.
Removing empty process `$paramod$301fb870b2cfc3f89548532f53ffd32e0441395a\mux_41.$proc$/openlane/designs/my_processor/src/mux.v:35$959'.
Found and cleaned up 1 empty switch in `$paramod$478555db74d47255e0a5d15b1b9dc8a214d2638a\mux_41.$proc$/openlane/designs/my_processor/src/mux.v:35$958'.
Removing empty process `$paramod$478555db74d47255e0a5d15b1b9dc8a214d2638a\mux_41.$proc$/openlane/designs/my_processor/src/mux.v:35$958'.
Found and cleaned up 1 empty switch in `$paramod$478555db74d47255e0a5d15b1b9dc8a214d2638a\mux_21.$proc$/openlane/designs/my_processor/src/mux.v:14$957'.
Removing empty process `$paramod$478555db74d47255e0a5d15b1b9dc8a214d2638a\mux_21.$proc$/openlane/designs/my_processor/src/mux.v:14$957'.
Found and cleaned up 1 empty switch in `$paramod$301fb870b2cfc3f89548532f53ffd32e0441395a\mux_21.$proc$/openlane/designs/my_processor/src/mux.v:14$956'.
Removing empty process `$paramod$301fb870b2cfc3f89548532f53ffd32e0441395a\mux_21.$proc$/openlane/designs/my_processor/src/mux.v:14$956'.
Found and cleaned up 1 empty switch in `\alu.$proc$/openlane/designs/my_processor/src/ALU.v:14$943'.
Removing empty process `alu.$proc$/openlane/designs/my_processor/src/ALU.v:14$943'.
Found and cleaned up 2 empty switches in `\branch_jump_controller.$proc$/openlane/designs/my_processor/src/branchJumpCtrl.v:8$940'.
Removing empty process `branch_jump_controller.$proc$/openlane/designs/my_processor/src/branchJumpCtrl.v:8$940'.
Found and cleaned up 2 empty switches in `\EX2MEM_Pipline_Reg.$proc$/openlane/designs/my_processor/src/Stage45_EX2MM.v:13$939'.
Removing empty process `EX2MEM_Pipline_Reg.$proc$/openlane/designs/my_processor/src/Stage45_EX2MM.v:13$939'.
Found and cleaned up 6 empty switches in `\forwarding_control_unit.$proc$/openlane/designs/my_processor/src/frwdingCntrl.v:19$920'.
Removing empty process `forwarding_control_unit.$proc$/openlane/designs/my_processor/src/frwdingCntrl.v:19$920'.
Found and cleaned up 2 empty switches in `\MEM2WB_Pipline_Reg.$proc$/openlane/designs/my_processor/src/Stage56_MM2WB.v:13$919'.
Removing empty process `MEM2WB_Pipline_Reg.$proc$/openlane/designs/my_processor/src/Stage56_MM2WB.v:13$919'.
Found and cleaned up 2 empty switches in `\IF2ID_Pipline_Reg.$proc$/openlane/designs/my_processor/src/Stage12_IF2ID.v:8$918'.
Removing empty process `IF2ID_Pipline_Reg.$proc$/openlane/designs/my_processor/src/Stage12_IF2ID.v:8$918'.
Found and cleaned up 10 empty switches in `\alu_ctrl.$proc$/openlane/designs/my_processor/src/aluCtrl.v:28$916'.
Removing empty process `alu_ctrl.$proc$/openlane/designs/my_processor/src/aluCtrl.v:28$916'.
Found and cleaned up 3 empty switches in `\register_bank.$proc$/openlane/designs/my_processor/src/registerBank.v:48$881'.
Removing empty process `register_bank.$proc$/openlane/designs/my_processor/src/registerBank.v:48$881'.
Found and cleaned up 1 empty switch in `\register_bank.$proc$/openlane/designs/my_processor/src/registerBank.v:37$872'.
Removing empty process `register_bank.$proc$/openlane/designs/my_processor/src/registerBank.v:37$872'.
Removing empty process `register_bank.$proc$/openlane/designs/my_processor/src/registerBank.v:30$869'.
Found and cleaned up 2 empty switches in `\register_n.$proc$/openlane/designs/my_processor/src/registerBank.v:8$858'.
Removing empty process `register_n.$proc$/openlane/designs/my_processor/src/registerBank.v:8$858'.
Removing empty process `pipelined_processor.$proc$/openlane/designs/my_processor/src/topModule.v:204$856'.
Removing empty process `pipelined_processor.$proc$/openlane/designs/my_processor/src/topModule.v:203$855'.
Removing empty process `pipelined_processor.$proc$/openlane/designs/my_processor/src/topModule.v:202$854'.
Removing empty process `pipelined_processor.$proc$/openlane/designs/my_processor/src/topModule.v:181$853'.
Removing empty process `pipelined_processor.$proc$/openlane/designs/my_processor/src/topModule.v:180$852'.
Removing empty process `pipelined_processor.$proc$/openlane/designs/my_processor/src/topModule.v:161$851'.
Removing empty process `pipelined_processor.$proc$/openlane/designs/my_processor/src/topModule.v:160$850'.
Removing empty process `pipelined_processor.$proc$/openlane/designs/my_processor/src/topModule.v:159$849'.
Removing empty process `pipelined_processor.$proc$/openlane/designs/my_processor/src/topModule.v:87$848'.
Removing empty process `pipelined_processor.$proc$/openlane/designs/my_processor/src/topModule.v:85$847'.
Found and cleaned up 1 empty switch in `\pipelined_processor.$proc$/openlane/designs/my_processor/src/topModule.v:602$839'.
Removing empty process `pipelined_processor.$proc$/openlane/designs/my_processor/src/topModule.v:602$839'.
Found and cleaned up 2 empty switches in `\pipelined_processor.$proc$/openlane/designs/my_processor/src/topModule.v:590$824'.
Removing empty process `pipelined_processor.$proc$/openlane/designs/my_processor/src/topModule.v:590$824'.
Found and cleaned up 2 empty switches in `\pipelined_processor.$proc$/openlane/designs/my_processor/src/topModule.v:579$808'.
Removing empty process `pipelined_processor.$proc$/openlane/designs/my_processor/src/topModule.v:579$808'.
Found and cleaned up 1 empty switch in `\pipelined_processor.$proc$/openlane/designs/my_processor/src/topModule.v:554$804'.
Removing empty process `pipelined_processor.$proc$/openlane/designs/my_processor/src/topModule.v:554$804'.
Removing empty process `pipelined_processor.$proc$/openlane/designs/my_processor/src/topModule.v:515$775'.
Found and cleaned up 5 empty switches in `\pipelined_processor.$proc$/openlane/designs/my_processor/src/topModule.v:408$755'.
Removing empty process `pipelined_processor.$proc$/openlane/designs/my_processor/src/topModule.v:408$755'.
Found and cleaned up 2 empty switches in `\pipelined_processor.$proc$/openlane/designs/my_processor/src/topModule.v:381$749'.
Removing empty process `pipelined_processor.$proc$/openlane/designs/my_processor/src/topModule.v:381$749'.
Found and cleaned up 1 empty switch in `\pipelined_processor.$proc$/openlane/designs/my_processor/src/topModule.v:309$742'.
Removing empty process `pipelined_processor.$proc$/openlane/designs/my_processor/src/topModule.v:309$742'.
Found and cleaned up 4 empty switches in `\load_store_multi_block.$proc$/openlane/designs/my_processor/src/loadStoreMultiple.v:54$720'.
Removing empty process `load_store_multi_block.$proc$/openlane/designs/my_processor/src/loadStoreMultiple.v:54$720'.
Found and cleaned up 1 empty switch in `\load_store_multi_block.$proc$/openlane/designs/my_processor/src/loadStoreMultiple.v:47$712'.
Removing empty process `load_store_multi_block.$proc$/openlane/designs/my_processor/src/loadStoreMultiple.v:47$712'.
Found and cleaned up 3 empty switches in `\load_store_multi_block.$proc$/openlane/designs/my_processor/src/loadStoreMultiple.v:21$697'.
Removing empty process `load_store_multi_block.$proc$/openlane/designs/my_processor/src/loadStoreMultiple.v:21$697'.
Found and cleaned up 22 empty switches in `\branch_history_table.$proc$/openlane/designs/my_processor/src/branchHist.v:39$325'.
Removing empty process `branch_history_table.$proc$/openlane/designs/my_processor/src/branchHist.v:39$325'.
Found and cleaned up 8 empty switches in `\branch_history_table.$proc$/openlane/designs/my_processor/src/branchHist.v:23$168'.
Removing empty process `branch_history_table.$proc$/openlane/designs/my_processor/src/branchHist.v:23$168'.
Removing empty process `data_memory.$proc$/openlane/designs/my_processor/src/dataMem.v:34$81'.
Removing empty process `data_memory.$proc$/openlane/designs/my_processor/src/dataMem.v:27$79'.
Found and cleaned up 1 empty switch in `\data_memory.$proc$/openlane/designs/my_processor/src/dataMem.v:19$70'.
Removing empty process `data_memory.$proc$/openlane/designs/my_processor/src/dataMem.v:19$70'.
Found and cleaned up 2 empty switches in `\instr_mem.$proc$/openlane/designs/my_processor/src/InstrMem.v:22$24'.
Removing empty process `instr_mem.$proc$/openlane/designs/my_processor/src/InstrMem.v:22$24'.
Found and cleaned up 2 empty switches in `\ID2RR_Pipline_Reg.$proc$/openlane/designs/my_processor/src/Stage23_ID2RR.v:12$6'.
Removing empty process `ID2RR_Pipline_Reg.$proc$/openlane/designs/my_processor/src/Stage23_ID2RR.v:12$6'.
Found and cleaned up 2 empty switches in `\RR2EX_Pipline_Reg.$proc$/openlane/designs/my_processor/src/Stage34_RR2EX.v:17$5'.
Removing empty process `RR2EX_Pipline_Reg.$proc$/openlane/designs/my_processor/src/Stage34_RR2EX.v:17$5'.
Found and cleaned up 2 empty switches in `\control_decoder.$proc$/openlane/designs/my_processor/src/ctrlUnit.v:11$3'.
Removing empty process `control_decoder.$proc$/openlane/designs/my_processor/src/ctrlUnit.v:11$3'.
Found and cleaned up 1 empty switch in `$paramod$a7e851d390747afa34632ac2555d14b132b466de\mux_21.$proc$/openlane/designs/my_processor/src/mux.v:14$961'.
Removing empty process `$paramod$a7e851d390747afa34632ac2555d14b132b466de\mux_21.$proc$/openlane/designs/my_processor/src/mux.v:14$961'.
Found and cleaned up 2 empty switches in `$paramod\register_n\N=s32'00000000000000000000000000000001.$proc$/openlane/designs/my_processor/src/registerBank.v:8$960'.
Removing empty process `$paramod\register_n\N=s32'00000000000000000000000000000001.$proc$/openlane/designs/my_processor/src/registerBank.v:8$960'.
Cleaned up 99 empty switches.

33. Executing CHECK pass (checking for obvious problems).
Checking module $paramod$301fb870b2cfc3f89548532f53ffd32e0441395a\mux_41...
Checking module $paramod$478555db74d47255e0a5d15b1b9dc8a214d2638a\mux_41...
Checking module $paramod$478555db74d47255e0a5d15b1b9dc8a214d2638a\mux_21...
Checking module $paramod$301fb870b2cfc3f89548532f53ffd32e0441395a\mux_21...
Checking module alu...
Checking module branch_jump_controller...
Checking module EX2MEM_Pipline_Reg...
Checking module forwarding_control_unit...
Checking module MEM2WB_Pipline_Reg...
Checking module IF2ID_Pipline_Reg...
Checking module alu_ctrl...
Checking module register_bank...
Checking module register_n...
Checking module pipelined_processor...
Checking module load_store_multi_block...
Checking module branch_history_table...
Checking module data_memory...
Checking module instr_mem...
Checking module ID2RR_Pipline_Reg...
Checking module RR2EX_Pipline_Reg...
Checking module control_decoder...
Checking module $paramod$a7e851d390747afa34632ac2555d14b132b466de\mux_21...
Checking module $paramod\register_n\N=s32'00000000000000000000000000000001...
Found and reported 0 problems.

34. Executing OPT_EXPR pass (perform const folding).
Optimizing module $paramod$301fb870b2cfc3f89548532f53ffd32e0441395a\mux_41.
<suppressed ~1 debug messages>
Optimizing module $paramod$478555db74d47255e0a5d15b1b9dc8a214d2638a\mux_41.
<suppressed ~1 debug messages>
Optimizing module $paramod$478555db74d47255e0a5d15b1b9dc8a214d2638a\mux_21.
<suppressed ~2 debug messages>
Optimizing module $paramod$301fb870b2cfc3f89548532f53ffd32e0441395a\mux_21.
<suppressed ~2 debug messages>
Optimizing module alu.
<suppressed ~6 debug messages>
Optimizing module branch_jump_controller.
Optimizing module EX2MEM_Pipline_Reg.
Optimizing module forwarding_control_unit.
<suppressed ~6 debug messages>
Optimizing module MEM2WB_Pipline_Reg.
Optimizing module IF2ID_Pipline_Reg.
Optimizing module alu_ctrl.
<suppressed ~8 debug messages>
Optimizing module register_bank.
Optimizing module register_n.
Optimizing module pipelined_processor.
<suppressed ~7 debug messages>
Optimizing module load_store_multi_block.
<suppressed ~2 debug messages>
Optimizing module branch_history_table.
<suppressed ~2 debug messages>
Optimizing module data_memory.
Optimizing module instr_mem.
<suppressed ~1 debug messages>
Optimizing module ID2RR_Pipline_Reg.
Optimizing module RR2EX_Pipline_Reg.
Optimizing module control_decoder.
<suppressed ~4 debug messages>
Optimizing module $paramod$a7e851d390747afa34632ac2555d14b132b466de\mux_21.
<suppressed ~2 debug messages>
Optimizing module $paramod\register_n\N=s32'00000000000000000000000000000001.

35. Executing FLATTEN pass (flatten design).
Deleting now unused module $paramod$301fb870b2cfc3f89548532f53ffd32e0441395a\mux_41.
Deleting now unused module $paramod$478555db74d47255e0a5d15b1b9dc8a214d2638a\mux_41.
Deleting now unused module $paramod$478555db74d47255e0a5d15b1b9dc8a214d2638a\mux_21.
Deleting now unused module $paramod$301fb870b2cfc3f89548532f53ffd32e0441395a\mux_21.
Deleting now unused module alu.
Deleting now unused module branch_jump_controller.
Deleting now unused module EX2MEM_Pipline_Reg.
Deleting now unused module forwarding_control_unit.
Deleting now unused module MEM2WB_Pipline_Reg.
Deleting now unused module IF2ID_Pipline_Reg.
Deleting now unused module alu_ctrl.
Deleting now unused module register_bank.
Deleting now unused module register_n.
Deleting now unused module load_store_multi_block.
Deleting now unused module branch_history_table.
Deleting now unused module data_memory.
Deleting now unused module instr_mem.
Deleting now unused module ID2RR_Pipline_Reg.
Deleting now unused module RR2EX_Pipline_Reg.
Deleting now unused module control_decoder.
Deleting now unused module $paramod$a7e851d390747afa34632ac2555d14b132b466de\mux_21.
Deleting now unused module $paramod\register_n\N=s32'00000000000000000000000000000001.
<suppressed ~36 debug messages>

36. Executing OPT_EXPR pass (perform const folding).
Optimizing module pipelined_processor.

37. Executing OPT_CLEAN pass (remove unused cells and wires).
Finding unused cells or wires in module \pipelined_processor..
Removed 651 unused cells and 2759 unused wires.
<suppressed ~660 debug messages>

38. Executing OPT pass (performing simple optimizations).

38.1. Executing OPT_EXPR pass (perform const folding).
Optimizing module pipelined_processor.

38.2. Executing OPT_MERGE pass (detect identical cells).
Finding identical cells in module `\pipelined_processor'.
<suppressed ~732 debug messages>
Removed a total of 244 cells.

38.3. Executing OPT_MUXTREE pass (detect dead branches in mux trees).
Running muxtree optimizer on module \pipelined_processor..
  Creating internal representation of mux trees.
  Evaluating internal representation of mux trees.
      Replacing known input bits on port A of cell $flatten\alu_control.$procmux$1402: \rr_ex_pipe_reg.cntrl_out [7] -> 1'0
  Analyzing evaluation results.
    dead port 2/2 on $mux $flatten\alu_control.$procmux$1189.
    dead port 2/2 on $mux $flatten\alu_control.$procmux$1191.
    dead port 2/2 on $mux $flatten\alu_control.$procmux$1159.
    dead port 2/2 on $mux $flatten\alu_control.$procmux$1165.
    dead port 2/2 on $mux $flatten\alu_control.$procmux$1171.
    dead port 2/2 on $mux $flatten\alu_control.$procmux$1199.
    dead port 2/2 on $mux $flatten\alu_control.$procmux$1201.
    dead port 2/2 on $mux $flatten\alu_control.$procmux$1208.
    dead port 2/2 on $mux $flatten\alu_control.$procmux$1210.
    dead port 2/2 on $mux $flatten\alu_control.$procmux$1217.
    dead port 2/2 on $mux $flatten\alu_control.$procmux$1224.
    dead port 2/2 on $mux $flatten\alu_control.$procmux$1231.
    dead port 2/2 on $mux $flatten\alu_control.$procmux$1238.
    dead port 2/2 on $mux $flatten\alu_control.$procmux$1246.
    dead port 2/2 on $mux $flatten\alu_control.$procmux$1253.
    dead port 2/2 on $mux $flatten\alu_control.$procmux$1261.
    dead port 2/2 on $mux $flatten\alu_control.$procmux$1269.
    dead port 2/2 on $mux $flatten\alu_control.$procmux$1279.
    dead port 2/2 on $mux $flatten\alu_control.$procmux$1281.
    dead port 2/2 on $mux $flatten\alu_control.$procmux$1291.
    dead port 2/2 on $mux $flatten\alu_control.$procmux$1293.
    dead port 2/2 on $mux $flatten\alu_control.$procmux$1303.
    dead port 2/2 on $mux $flatten\alu_control.$procmux$1305.
    dead port 2/2 on $mux $flatten\alu_control.$procmux$1315.
    dead port 2/2 on $mux $flatten\alu_control.$procmux$1317.
    dead port 2/2 on $mux $flatten\alu_control.$procmux$1326.
    dead port 1/2 on $mux $flatten\bht_lut.$procmux$1763.
    dead port 1/2 on $mux $flatten\bht_lut.$procmux$1766.
    dead port 1/2 on $mux $flatten\bht_lut.$procmux$1769.
    dead port 1/2 on $mux $flatten\bht_lut.$procmux$1775.
    dead port 1/2 on $mux $flatten\bht_lut.$procmux$1778.
    dead port 1/2 on $mux $flatten\bht_lut.$procmux$1781.
    dead port 1/2 on $mux $flatten\bht_lut.$procmux$1787.
    dead port 1/2 on $mux $flatten\bht_lut.$procmux$1790.
    dead port 1/2 on $mux $flatten\bht_lut.$procmux$1793.
    dead port 2/2 on $mux $flatten\bht_lut.$procmux$1799.
    dead port 1/2 on $mux $flatten\bht_lut.$procmux$1802.
    dead port 1/2 on $mux $flatten\bht_lut.$procmux$1805.
    dead port 2/2 on $mux $flatten\bht_lut.$procmux$1811.
    dead port 1/2 on $mux $flatten\bht_lut.$procmux$1814.
    dead port 1/2 on $mux $flatten\bht_lut.$procmux$1817.
    dead port 2/2 on $mux $flatten\bht_lut.$procmux$1835.
    dead port 1/2 on $mux $flatten\bht_lut.$procmux$1838.
    dead port 1/2 on $mux $flatten\bht_lut.$procmux$1841.
    dead port 2/2 on $mux $flatten\bht_lut.$procmux$1847.
    dead port 1/2 on $mux $flatten\bht_lut.$procmux$1850.
    dead port 1/2 on $mux $flatten\bht_lut.$procmux$1853.
    dead port 2/2 on $mux $flatten\bht_lut.$procmux$1871.
    dead port 1/2 on $mux $flatten\bht_lut.$procmux$1874.
    dead port 1/2 on $mux $flatten\bht_lut.$procmux$1877.
    dead port 2/2 on $mux $flatten\bht_lut.$procmux$1883.
    dead port 1/2 on $mux $flatten\bht_lut.$procmux$1886.
    dead port 1/2 on $mux $flatten\bht_lut.$procmux$1889.
    dead port 2/2 on $mux $flatten\bht_lut.$procmux$1907.
    dead port 1/2 on $mux $flatten\bht_lut.$procmux$1910.
    dead port 1/2 on $mux $flatten\bht_lut.$procmux$1913.
    dead port 2/2 on $mux $flatten\bht_lut.$procmux$1919.
    dead port 1/2 on $mux $flatten\bht_lut.$procmux$1922.
    dead port 1/2 on $mux $flatten\bht_lut.$procmux$1925.
    dead port 2/2 on $mux $flatten\bht_lut.$procmux$1943.
    dead port 1/2 on $mux $flatten\bht_lut.$procmux$1946.
    dead port 1/2 on $mux $flatten\bht_lut.$procmux$1949.
    dead port 2/2 on $mux $flatten\bht_lut.$procmux$1955.
    dead port 1/2 on $mux $flatten\bht_lut.$procmux$1958.
    dead port 1/2 on $mux $flatten\bht_lut.$procmux$1961.
    dead port 2/2 on $mux $flatten\bht_lut.$procmux$1979.
    dead port 1/2 on $mux $flatten\bht_lut.$procmux$1982.
    dead port 1/2 on $mux $flatten\bht_lut.$procmux$1985.
    dead port 2/2 on $mux $flatten\bht_lut.$procmux$1991.
    dead port 1/2 on $mux $flatten\bht_lut.$procmux$1994.
    dead port 1/2 on $mux $flatten\bht_lut.$procmux$1997.
    dead port 2/2 on $mux $flatten\bht_lut.$procmux$2015.
    dead port 1/2 on $mux $flatten\bht_lut.$procmux$2018.
    dead port 1/2 on $mux $flatten\bht_lut.$procmux$2021.
    dead port 2/2 on $mux $flatten\bht_lut.$procmux$2027.
    dead port 1/2 on $mux $flatten\bht_lut.$procmux$2030.
    dead port 1/2 on $mux $flatten\bht_lut.$procmux$2033.
    dead port 2/2 on $mux $flatten\bht_lut.$procmux$2051.
    dead port 1/2 on $mux $flatten\bht_lut.$procmux$2054.
    dead port 1/2 on $mux $flatten\bht_lut.$procmux$2057.
    dead port 2/2 on $mux $flatten\bht_lut.$procmux$2063.
    dead port 1/2 on $mux $flatten\bht_lut.$procmux$2066.
    dead port 1/2 on $mux $flatten\bht_lut.$procmux$2069.
    dead port 1/2 on $mux $flatten\bht_lut.$procmux$2096.
    dead port 1/2 on $mux $flatten\bht_lut.$procmux$2099.
    dead port 1/2 on $mux $flatten\bht_lut.$procmux$2105.
    dead port 1/2 on $mux $flatten\bht_lut.$procmux$2108.
    dead port 1/2 on $mux $flatten\bht_lut.$procmux$2132.
    dead port 1/2 on $mux $flatten\bht_lut.$procmux$2135.
    dead port 1/2 on $mux $flatten\bht_lut.$procmux$2141.
    dead port 1/2 on $mux $flatten\bht_lut.$procmux$2144.
    dead port 1/2 on $mux $flatten\bht_lut.$procmux$2168.
    dead port 1/2 on $mux $flatten\bht_lut.$procmux$2171.
    dead port 1/2 on $mux $flatten\bht_lut.$procmux$2177.
    dead port 1/2 on $mux $flatten\bht_lut.$procmux$2180.
    dead port 1/2 on $mux $flatten\bht_lut.$procmux$2204.
    dead port 1/2 on $mux $flatten\bht_lut.$procmux$2207.
    dead port 1/2 on $mux $flatten\bht_lut.$procmux$2213.
    dead port 1/2 on $mux $flatten\bht_lut.$procmux$2216.
    dead port 1/2 on $mux $flatten\bht_lut.$procmux$2240.
    dead port 1/2 on $mux $flatten\bht_lut.$procmux$2243.
    dead port 1/2 on $mux $flatten\bht_lut.$procmux$2249.
    dead port 1/2 on $mux $flatten\bht_lut.$procmux$2252.
    dead port 1/2 on $mux $flatten\bht_lut.$procmux$2276.
    dead port 1/2 on $mux $flatten\bht_lut.$procmux$2279.
    dead port 1/2 on $mux $flatten\bht_lut.$procmux$2285.
    dead port 1/2 on $mux $flatten\bht_lut.$procmux$2288.
    dead port 1/2 on $mux $flatten\bht_lut.$procmux$2312.
    dead port 1/2 on $mux $flatten\bht_lut.$procmux$2315.
    dead port 1/2 on $mux $flatten\bht_lut.$procmux$2321.
    dead port 1/2 on $mux $flatten\bht_lut.$procmux$2324.
    dead port 1/2 on $mux $flatten\bht_lut.$procmux$2348.
    dead port 1/2 on $mux $flatten\bht_lut.$procmux$2351.
    dead port 1/2 on $mux $flatten\bht_lut.$procmux$2357.
    dead port 1/2 on $mux $flatten\bht_lut.$procmux$2360.
    dead port 1/2 on $mux $flatten\bht_lut.$procmux$2384.
    dead port 1/2 on $mux $flatten\bht_lut.$procmux$2387.
    dead port 1/2 on $mux $flatten\bht_lut.$procmux$2393.
    dead port 1/2 on $mux $flatten\bht_lut.$procmux$2396.
    dead port 1/2 on $mux $flatten\bht_lut.$procmux$2402.
    dead port 1/2 on $mux $flatten\bht_lut.$procmux$2405.
    dead port 2/2 on $mux $flatten\bht_lut.$procmux$2411.
    dead port 1/2 on $mux $flatten\bht_lut.$procmux$2414.
    dead port 2/2 on $mux $flatten\bht_lut.$procmux$2420.
    dead port 1/2 on $mux $flatten\bht_lut.$procmux$2423.
    dead port 2/2 on $mux $flatten\bht_lut.$procmux$2438.
    dead port 1/2 on $mux $flatten\bht_lut.$procmux$2441.
    dead port 2/2 on $mux $flatten\bht_lut.$procmux$2447.
    dead port 1/2 on $mux $flatten\bht_lut.$procmux$2450.
    dead port 2/2 on $mux $flatten\bht_lut.$procmux$2465.
    dead port 1/2 on $mux $flatten\bht_lut.$procmux$2468.
    dead port 2/2 on $mux $flatten\bht_lut.$procmux$2474.
    dead port 1/2 on $mux $flatten\bht_lut.$procmux$2477.
    dead port 2/2 on $mux $flatten\bht_lut.$procmux$2492.
    dead port 1/2 on $mux $flatten\bht_lut.$procmux$2495.
    dead port 2/2 on $mux $flatten\bht_lut.$procmux$2501.
    dead port 1/2 on $mux $flatten\bht_lut.$procmux$2504.
    dead port 2/2 on $mux $flatten\bht_lut.$procmux$2519.
    dead port 1/2 on $mux $flatten\bht_lut.$procmux$2522.
    dead port 2/2 on $mux $flatten\bht_lut.$procmux$2528.
    dead port 1/2 on $mux $flatten\bht_lut.$procmux$2531.
    dead port 2/2 on $mux $flatten\bht_lut.$procmux$2546.
    dead port 1/2 on $mux $flatten\bht_lut.$procmux$2549.
    dead port 2/2 on $mux $flatten\bht_lut.$procmux$2555.
    dead port 1/2 on $mux $flatten\bht_lut.$procmux$2558.
    dead port 2/2 on $mux $flatten\bht_lut.$procmux$2573.
    dead port 1/2 on $mux $flatten\bht_lut.$procmux$2576.
    dead port 2/2 on $mux $flatten\bht_lut.$procmux$2582.
    dead port 1/2 on $mux $flatten\bht_lut.$procmux$2585.
    dead port 2/2 on $mux $flatten\bht_lut.$procmux$2600.
    dead port 1/2 on $mux $flatten\bht_lut.$procmux$2603.
    dead port 2/2 on $mux $flatten\bht_lut.$procmux$2609.
    dead port 1/2 on $mux $flatten\bht_lut.$procmux$2612.
    dead port 1/2 on $mux $flatten\bht_lut.$procmux$2627.
    dead port 1/2 on $mux $flatten\bht_lut.$procmux$2633.
    dead port 1/2 on $mux $flatten\bht_lut.$procmux$2639.
    dead port 1/2 on $mux $flatten\bht_lut.$procmux$2651.
    dead port 1/2 on $mux $flatten\bht_lut.$procmux$2657.
    dead port 1/2 on $mux $flatten\bht_lut.$procmux$2675.
    dead port 1/2 on $mux $flatten\bht_lut.$procmux$2681.
    dead port 1/2 on $mux $flatten\bht_lut.$procmux$2699.
    dead port 1/2 on $mux $flatten\bht_lut.$procmux$2705.
    dead port 1/2 on $mux $flatten\bht_lut.$procmux$2723.
    dead port 1/2 on $mux $flatten\bht_lut.$procmux$2729.
    dead port 1/2 on $mux $flatten\bht_lut.$procmux$2747.
    dead port 1/2 on $mux $flatten\bht_lut.$procmux$2753.
    dead port 1/2 on $mux $flatten\bht_lut.$procmux$2771.
    dead port 1/2 on $mux $flatten\bht_lut.$procmux$2777.
    dead port 1/2 on $mux $flatten\bht_lut.$procmux$2795.
    dead port 1/2 on $mux $flatten\bht_lut.$procmux$2801.
    dead port 1/2 on $mux $flatten\bht_lut.$procmux$2819.
    dead port 1/2 on $mux $flatten\bht_lut.$procmux$2825.
    dead port 1/2 on $mux $flatten\bht_lut.$procmux$2843.
    dead port 1/2 on $mux $flatten\bht_lut.$procmux$2849.
    dead port 1/2 on $mux $flatten\bht_lut.$procmux$2855.
    dead port 1/2 on $mux $flatten\bht_lut.$procmux$2861.
    dead port 1/2 on $mux $flatten\bht_lut.$procmux$2867.
    dead port 1/2 on $mux $flatten\bht_lut.$procmux$2885.
    dead port 1/2 on $mux $flatten\bht_lut.$procmux$2891.
    dead port 1/2 on $mux $flatten\bht_lut.$procmux$2909.
    dead port 1/2 on $mux $flatten\bht_lut.$procmux$2915.
    dead port 1/2 on $mux $flatten\bht_lut.$procmux$2933.
    dead port 1/2 on $mux $flatten\bht_lut.$procmux$2939.
    dead port 1/2 on $mux $flatten\bht_lut.$procmux$2957.
    dead port 1/2 on $mux $flatten\bht_lut.$procmux$2963.
    dead port 1/2 on $mux $flatten\bht_lut.$procmux$2981.
    dead port 1/2 on $mux $flatten\bht_lut.$procmux$2987.
    dead port 1/2 on $mux $flatten\bht_lut.$procmux$3005.
    dead port 1/2 on $mux $flatten\bht_lut.$procmux$3011.
    dead port 1/2 on $mux $flatten\bht_lut.$procmux$3029.
    dead port 1/2 on $mux $flatten\bht_lut.$procmux$3035.
    dead port 1/2 on $mux $flatten\bht_lut.$procmux$3308.
    dead port 1/2 on $mux $flatten\bht_lut.$procmux$3311.
    dead port 1/2 on $mux $flatten\bht_lut.$procmux$3314.
    dead port 1/2 on $mux $flatten\bht_lut.$procmux$3317.
    dead port 1/2 on $mux $flatten\bht_lut.$procmux$3320.
    dead port 1/2 on $mux $flatten\bht_lut.$procmux$3323.
    dead port 1/2 on $mux $flatten\bht_lut.$procmux$3326.
    dead port 1/2 on $mux $flatten\bht_lut.$procmux$3356.
    dead port 1/2 on $mux $flatten\bht_lut.$procmux$3359.
    dead port 1/2 on $mux $flatten\bht_lut.$procmux$3362.
    dead port 1/2 on $mux $flatten\bht_lut.$procmux$3365.
    dead port 1/2 on $mux $flatten\bht_lut.$procmux$3368.
    dead port 1/2 on $mux $flatten\bht_lut.$procmux$3371.
    dead port 1/2 on $mux $flatten\bht_lut.$procmux$3374.
    dead port 1/2 on $mux $flatten\bht_lut.$procmux$3404.
    dead port 1/2 on $mux $flatten\bht_lut.$procmux$3407.
    dead port 1/2 on $mux $flatten\bht_lut.$procmux$3410.
    dead port 1/2 on $mux $flatten\bht_lut.$procmux$3413.
    dead port 1/2 on $mux $flatten\bht_lut.$procmux$3416.
    dead port 1/2 on $mux $flatten\bht_lut.$procmux$3419.
    dead port 1/2 on $mux $flatten\bht_lut.$procmux$3422.
    dead port 1/2 on $mux $flatten\bht_lut.$procmux$3428.
    dead port 1/2 on $mux $flatten\bht_lut.$procmux$3431.
    dead port 1/2 on $mux $flatten\bht_lut.$procmux$3434.
    dead port 1/2 on $mux $flatten\bht_lut.$procmux$3437.
    dead port 1/2 on $mux $flatten\bht_lut.$procmux$3440.
    dead port 1/2 on $mux $flatten\bht_lut.$procmux$3443.
    dead port 1/2 on $mux $flatten\bht_lut.$procmux$3470.
    dead port 1/2 on $mux $flatten\bht_lut.$procmux$3473.
    dead port 1/2 on $mux $flatten\bht_lut.$procmux$3476.
    dead port 1/2 on $mux $flatten\bht_lut.$procmux$3479.
    dead port 1/2 on $mux $flatten\bht_lut.$procmux$3482.
    dead port 1/2 on $mux $flatten\bht_lut.$procmux$3485.
    dead port 1/2 on $mux $flatten\bht_lut.$procmux$3512.
    dead port 1/2 on $mux $flatten\bht_lut.$procmux$3515.
    dead port 1/2 on $mux $flatten\bht_lut.$procmux$3518.
    dead port 1/2 on $mux $flatten\bht_lut.$procmux$3521.
    dead port 1/2 on $mux $flatten\bht_lut.$procmux$3524.
    dead port 1/2 on $mux $flatten\bht_lut.$procmux$3527.
    dead port 1/2 on $mux $flatten\bht_lut.$procmux$3596.
    dead port 1/2 on $mux $flatten\bht_lut.$procmux$3599.
    dead port 1/2 on $mux $flatten\bht_lut.$procmux$3602.
    dead port 1/2 on $mux $flatten\bht_lut.$procmux$3605.
    dead port 1/2 on $mux $flatten\bht_lut.$procmux$3608.
    dead port 1/2 on $mux $flatten\bht_lut.$procmux$3632.
    dead port 1/2 on $mux $flatten\bht_lut.$procmux$3635.
    dead port 1/2 on $mux $flatten\bht_lut.$procmux$3638.
    dead port 1/2 on $mux $flatten\bht_lut.$procmux$3641.
    dead port 1/2 on $mux $flatten\bht_lut.$procmux$3644.
    dead port 1/2 on $mux $flatten\bht_lut.$procmux$3668.
    dead port 1/2 on $mux $flatten\bht_lut.$procmux$3671.
    dead port 1/2 on $mux $flatten\bht_lut.$procmux$3674.
    dead port 1/2 on $mux $flatten\bht_lut.$procmux$3677.
    dead port 1/2 on $mux $flatten\bht_lut.$procmux$3680.
    dead port 1/2 on $mux $flatten\bht_lut.$procmux$3794.
    dead port 1/2 on $mux $flatten\bht_lut.$procmux$3797.
    dead port 1/2 on $mux $flatten\bht_lut.$procmux$3800.
    dead port 1/2 on $mux $flatten\bht_lut.$procmux$3803.
    dead port 1/2 on $mux $flatten\bht_lut.$procmux$3824.
    dead port 1/2 on $mux $flatten\bht_lut.$procmux$3827.
    dead port 1/2 on $mux $flatten\bht_lut.$procmux$3830.
    dead port 1/2 on $mux $flatten\bht_lut.$procmux$3833.
    dead port 1/2 on $mux $flatten\bht_lut.$procmux$3854.
    dead port 1/2 on $mux $flatten\bht_lut.$procmux$3857.
    dead port 1/2 on $mux $flatten\bht_lut.$procmux$3860.
    dead port 1/2 on $mux $flatten\bht_lut.$procmux$3863.
    dead port 1/2 on $mux $flatten\bht_lut.$procmux$4004.
    dead port 1/2 on $mux $flatten\bht_lut.$procmux$4007.
    dead port 1/2 on $mux $flatten\bht_lut.$procmux$4010.
    dead port 1/2 on $mux $flatten\bht_lut.$procmux$4028.
    dead port 1/2 on $mux $flatten\bht_lut.$procmux$4031.
    dead port 1/2 on $mux $flatten\bht_lut.$procmux$4034.
    dead port 1/2 on $mux $flatten\bht_lut.$procmux$4052.
    dead port 1/2 on $mux $flatten\bht_lut.$procmux$4055.
    dead port 1/2 on $mux $flatten\bht_lut.$procmux$4058.
    dead port 1/2 on $mux $flatten\bht_lut.$procmux$4208.
    dead port 1/2 on $mux $flatten\bht_lut.$procmux$4211.
    dead port 1/2 on $mux $flatten\bht_lut.$procmux$4226.
    dead port 1/2 on $mux $flatten\bht_lut.$procmux$4229.
    dead port 1/2 on $mux $flatten\bht_lut.$procmux$4244.
    dead port 1/2 on $mux $flatten\bht_lut.$procmux$4247.
    dead port 1/2 on $mux $flatten\bht_lut.$procmux$4388.
    dead port 1/2 on $mux $flatten\bht_lut.$procmux$4400.
    dead port 1/2 on $mux $flatten\bht_lut.$procmux$4412.
    dead port 1/2 on $mux $flatten\branch_jump_decider.$procmux$998.
    dead port 1/2 on $mux $flatten\forwardlogic.$procmux$1042.
    dead port 1/2 on $mux $flatten\forwardlogic.$procmux$1045.
    dead port 1/2 on $mux $flatten\forwardlogic.$procmux$1051.
    dead port 1/2 on $mux $flatten\forwardlogic.$procmux$1060.
    dead port 1/2 on $mux $flatten\forwardlogic.$procmux$1063.
    dead port 1/2 on $mux $flatten\forwardlogic.$procmux$1069.
    dead port 2/2 on $mux $flatten\id_controller.$procmux$4792.
    dead port 2/2 on $mux $flatten\alu_control.$procmux$1335.
    dead port 2/2 on $mux $flatten\alu_control.$procmux$1344.
    dead port 2/2 on $mux $flatten\alu_control.$procmux$1353.
    dead port 2/2 on $mux $flatten\alu_control.$procmux$1363.
    dead port 2/2 on $mux $flatten\alu_control.$procmux$1373.
    dead port 2/2 on $mux $flatten\alu_control.$procmux$1179.
    dead port 2/2 on $mux $flatten\alu_control.$procmux$1383.
    dead port 2/2 on $mux $flatten\alu_control.$procmux$1393.
    dead port 2/2 on $mux $flatten\alu_control.$procmux$1404.
    dead port 2/2 on $mux $flatten\alu_control.$procmux$1415.
    dead port 2/2 on $mux $flatten\alu_control.$procmux$1426.
    dead port 2/2 on $mux $flatten\alu_control.$procmux$1437.
    dead port 1/2 on $mux $flatten\instr_mem1.$procmux$4613.
    dead port 1/2 on $mux $flatten\instr_mem1.$procmux$4619.
    dead port 1/2 on $mux $flatten\instr_mem1.$procmux$4625.
    dead port 2/2 on $mux $flatten\alu_control.$procmux$1119.
    dead port 2/2 on $mux $flatten\alu_control.$procmux$1121.
    dead port 2/2 on $mux $flatten\alu_control.$procmux$1128.
    dead port 2/2 on $mux $flatten\alu_control.$procmux$1130.
    dead port 2/2 on $mux $flatten\alu_control.$procmux$1137.
    dead port 2/2 on $mux $flatten\la_sa_lm_sm_block.$procmux$1751.
    dead port 2/2 on $mux $flatten\alu_control.$procmux$1139.
    dead port 1/2 on $mux $flatten\register_file.$procmux$1475.
    dead port 1/2 on $mux $flatten\register_file.$procmux$1481.
    dead port 1/2 on $mux $flatten\register_file.$procmux$1487.
    dead port 1/2 on $mux $flatten\register_file.$procmux$1493.
    dead port 1/2 on $mux $flatten\register_file.$procmux$1499.
    dead port 2/2 on $mux $flatten\alu_control.$procmux$1181.
    dead port 2/2 on $mux $flatten\alu_control.$procmux$1145.
    dead port 2/2 on $mux $flatten\alu_control.$procmux$1147.
    dead port 2/2 on $mux $flatten\alu_control.$procmux$1153.
    dead port 1/2 on $mux $procmux$1558.
    dead port 1/2 on $mux $procmux$1577.
    dead port 1/2 on $mux $procmux$1580.
    dead port 1/2 on $mux $procmux$1586.
    dead port 1/2 on $mux $procmux$1589.
    dead port 1/2 on $mux $procmux$1595.
    dead port 1/2 on $mux $procmux$1598.
    dead port 1/2 on $mux $procmux$1604.
    dead port 1/2 on $mux $procmux$1607.
    dead port 1/2 on $mux $procmux$1613.
    dead port 1/2 on $mux $procmux$1619.
    dead port 1/2 on $mux $procmux$1625.
    dead port 1/2 on $mux $procmux$1631.
    dead port 1/2 on $mux $procmux$1638.
    dead port 2/2 on $mux $procmux$1640.
    dead port 1/2 on $mux $procmux$1647.
    dead port 2/2 on $mux $procmux$1649.
    dead port 1/2 on $mux $procmux$1656.
    dead port 2/2 on $mux $procmux$1658.
    dead port 1/2 on $mux $procmux$1665.
    dead port 2/2 on $mux $procmux$1667.
    dead port 2/2 on $mux $procmux$1673.
    dead port 2/2 on $mux $procmux$1679.
    dead port 2/2 on $mux $procmux$1685.
    dead port 2/2 on $mux $procmux$1691.
Removed 339 multiplexer ports.
<suppressed ~162 debug messages>

38.4. Executing OPT_REDUCE pass (consolidate $*mux and $reduce_* inputs).
  Optimizing cells in module \pipelined_processor.
    Consolidated identical input bits for $mux cell $flatten\bht_lut.$procmux$1941:
      Old ports: A=33'000000000000000000000000000000000, B=33'111111111111111111111111111111111, Y=$flatten\bht_lut.$procmux$1941_Y
      New ports: A=1'0, B=1'1, Y=$flatten\bht_lut.$procmux$1941_Y [0]
      New connections: $flatten\bht_lut.$procmux$1941_Y [32:1] = { $flatten\bht_lut.$procmux$1941_Y [0] $flatten\bht_lut.$procmux$1941_Y [0] $flatten\bht_lut.$procmux$1941_Y [0] $flatten\bht_lut.$procmux$1941_Y [0] $flatten\bht_lut.$procmux$1941_Y [0] $flatten\bht_lut.$procmux$1941_Y [0] $flatten\bht_lut.$procmux$1941_Y [0] $flatten\bht_lut.$procmux$1941_Y [0] $flatten\bht_lut.$procmux$1941_Y [0] $flatten\bht_lut.$procmux$1941_Y [0] $flatten\bht_lut.$procmux$1941_Y [0] $flatten\bht_lut.$procmux$1941_Y [0] $flatten\bht_lut.$procmux$1941_Y [0] $flatten\bht_lut.$procmux$1941_Y [0] $flatten\bht_lut.$procmux$1941_Y [0] $flatten\bht_lut.$procmux$1941_Y [0] $flatten\bht_lut.$procmux$1941_Y [0] $flatten\bht_lut.$procmux$1941_Y [0] $flatten\bht_lut.$procmux$1941_Y [0] $flatten\bht_lut.$procmux$1941_Y [0] $flatten\bht_lut.$procmux$1941_Y [0] $flatten\bht_lut.$procmux$1941_Y [0] $flatten\bht_lut.$procmux$1941_Y [0] $flatten\bht_lut.$procmux$1941_Y [0] $flatten\bht_lut.$procmux$1941_Y [0] $flatten\bht_lut.$procmux$1941_Y [0] $flatten\bht_lut.$procmux$1941_Y [0] $flatten\bht_lut.$procmux$1941_Y [0] $flatten\bht_lut.$procmux$1941_Y [0] $flatten\bht_lut.$procmux$1941_Y [0] $flatten\bht_lut.$procmux$1941_Y [0] $flatten\bht_lut.$procmux$1941_Y [0] }
    Consolidated identical input bits for $mux cell $flatten\bht_lut.$procmux$1977:
      Old ports: A=33'000000000000000000000000000000000, B=33'111111111111111111111111111111111, Y=$flatten\bht_lut.$procmux$1977_Y
      New ports: A=1'0, B=1'1, Y=$flatten\bht_lut.$procmux$1977_Y [0]
      New connections: $flatten\bht_lut.$procmux$1977_Y [32:1] = { $flatten\bht_lut.$procmux$1977_Y [0] $flatten\bht_lut.$procmux$1977_Y [0] $flatten\bht_lut.$procmux$1977_Y [0] $flatten\bht_lut.$procmux$1977_Y [0] $flatten\bht_lut.$procmux$1977_Y [0] $flatten\bht_lut.$procmux$1977_Y [0] $flatten\bht_lut.$procmux$1977_Y [0] $flatten\bht_lut.$procmux$1977_Y [0] $flatten\bht_lut.$procmux$1977_Y [0] $flatten\bht_lut.$procmux$1977_Y [0] $flatten\bht_lut.$procmux$1977_Y [0] $flatten\bht_lut.$procmux$1977_Y [0] $flatten\bht_lut.$procmux$1977_Y [0] $flatten\bht_lut.$procmux$1977_Y [0] $flatten\bht_lut.$procmux$1977_Y [0] $flatten\bht_lut.$procmux$1977_Y [0] $flatten\bht_lut.$procmux$1977_Y [0] $flatten\bht_lut.$procmux$1977_Y [0] $flatten\bht_lut.$procmux$1977_Y [0] $flatten\bht_lut.$procmux$1977_Y [0] $flatten\bht_lut.$procmux$1977_Y [0] $flatten\bht_lut.$procmux$1977_Y [0] $flatten\bht_lut.$procmux$1977_Y [0] $flatten\bht_lut.$procmux$1977_Y [0] $flatten\bht_lut.$procmux$1977_Y [0] $flatten\bht_lut.$procmux$1977_Y [0] $flatten\bht_lut.$procmux$1977_Y [0] $flatten\bht_lut.$procmux$1977_Y [0] $flatten\bht_lut.$procmux$1977_Y [0] $flatten\bht_lut.$procmux$1977_Y [0] $flatten\bht_lut.$procmux$1977_Y [0] $flatten\bht_lut.$procmux$1977_Y [0] }
    Consolidated identical input bits for $mux cell $flatten\bht_lut.$procmux$2013:
      Old ports: A=33'000000000000000000000000000000000, B=33'111111111111111111111111111111111, Y=$flatten\bht_lut.$procmux$2013_Y
      New ports: A=1'0, B=1'1, Y=$flatten\bht_lut.$procmux$2013_Y [0]
      New connections: $flatten\bht_lut.$procmux$2013_Y [32:1] = { $flatten\bht_lut.$procmux$2013_Y [0] $flatten\bht_lut.$procmux$2013_Y [0] $flatten\bht_lut.$procmux$2013_Y [0] $flatten\bht_lut.$procmux$2013_Y [0] $flatten\bht_lut.$procmux$2013_Y [0] $flatten\bht_lut.$procmux$2013_Y [0] $flatten\bht_lut.$procmux$2013_Y [0] $flatten\bht_lut.$procmux$2013_Y [0] $flatten\bht_lut.$procmux$2013_Y [0] $flatten\bht_lut.$procmux$2013_Y [0] $flatten\bht_lut.$procmux$2013_Y [0] $flatten\bht_lut.$procmux$2013_Y [0] $flatten\bht_lut.$procmux$2013_Y [0] $flatten\bht_lut.$procmux$2013_Y [0] $flatten\bht_lut.$procmux$2013_Y [0] $flatten\bht_lut.$procmux$2013_Y [0] $flatten\bht_lut.$procmux$2013_Y [0] $flatten\bht_lut.$procmux$2013_Y [0] $flatten\bht_lut.$procmux$2013_Y [0] $flatten\bht_lut.$procmux$2013_Y [0] $flatten\bht_lut.$procmux$2013_Y [0] $flatten\bht_lut.$procmux$2013_Y [0] $flatten\bht_lut.$procmux$2013_Y [0] $flatten\bht_lut.$procmux$2013_Y [0] $flatten\bht_lut.$procmux$2013_Y [0] $flatten\bht_lut.$procmux$2013_Y [0] $flatten\bht_lut.$procmux$2013_Y [0] $flatten\bht_lut.$procmux$2013_Y [0] $flatten\bht_lut.$procmux$2013_Y [0] $flatten\bht_lut.$procmux$2013_Y [0] $flatten\bht_lut.$procmux$2013_Y [0] $flatten\bht_lut.$procmux$2013_Y [0] }
    Consolidated identical input bits for $mux cell $flatten\bht_lut.$procmux$3053:
      Old ports: A=33'000000000000000000000000000000000, B=33'111111111111111111111111111111111, Y=$flatten\bht_lut.$0$memwr$\branchHistoryTable$/openlane/designs/my_processor/src/branchHist.v:42$117_EN[32:0]$333
      New ports: A=1'0, B=1'1, Y=$flatten\bht_lut.$0$memwr$\branchHistoryTable$/openlane/designs/my_processor/src/branchHist.v:42$117_EN[32:0]$333 [0]
      New connections: $flatten\bht_lut.$0$memwr$\branchHistoryTable$/openlane/designs/my_processor/src/branchHist.v:42$117_EN[32:0]$333 [32:1] = { $flatten\bht_lut.$0$memwr$\branchHistoryTable$/openlane/designs/my_processor/src/branchHist.v:42$117_EN[32:0]$333 [0] $flatten\bht_lut.$0$memwr$\branchHistoryTable$/openlane/designs/my_processor/src/branchHist.v:42$117_EN[32:0]$333 [0] $flatten\bht_lut.$0$memwr$\branchHistoryTable$/openlane/designs/my_processor/src/branchHist.v:42$117_EN[32:0]$333 [0] $flatten\bht_lut.$0$memwr$\branchHistoryTable$/openlane/designs/my_processor/src/branchHist.v:42$117_EN[32:0]$333 [0] $flatten\bht_lut.$0$memwr$\branchHistoryTable$/openlane/designs/my_processor/src/branchHist.v:42$117_EN[32:0]$333 [0] $flatten\bht_lut.$0$memwr$\branchHistoryTable$/openlane/designs/my_processor/src/branchHist.v:42$117_EN[32:0]$333 [0] $flatten\bht_lut.$0$memwr$\branchHistoryTable$/openlane/designs/my_processor/src/branchHist.v:42$117_EN[32:0]$333 [0] $flatten\bht_lut.$0$memwr$\branchHistoryTable$/openlane/designs/my_processor/src/branchHist.v:42$117_EN[32:0]$333 [0] $flatten\bht_lut.$0$memwr$\branchHistoryTable$/openlane/designs/my_processor/src/branchHist.v:42$117_EN[32:0]$333 [0] $flatten\bht_lut.$0$memwr$\branchHistoryTable$/openlane/designs/my_processor/src/branchHist.v:42$117_EN[32:0]$333 [0] $flatten\bht_lut.$0$memwr$\branchHistoryTable$/openlane/designs/my_processor/src/branchHist.v:42$117_EN[32:0]$333 [0] $flatten\bht_lut.$0$memwr$\branchHistoryTable$/openlane/designs/my_processor/src/branchHist.v:42$117_EN[32:0]$333 [0] $flatten\bht_lut.$0$memwr$\branchHistoryTable$/openlane/designs/my_processor/src/branchHist.v:42$117_EN[32:0]$333 [0] $flatten\bht_lut.$0$memwr$\branchHistoryTable$/openlane/designs/my_processor/src/branchHist.v:42$117_EN[32:0]$333 [0] $flatten\bht_lut.$0$memwr$\branchHistoryTable$/openlane/designs/my_processor/src/branchHist.v:42$117_EN[32:0]$333 [0] $flatten\bht_lut.$0$memwr$\branchHistoryTable$/openlane/designs/my_processor/src/branchHist.v:42$117_EN[32:0]$333 [0] $flatten\bht_lut.$0$memwr$\branchHistoryTable$/openlane/designs/my_processor/src/branchHist.v:42$117_EN[32:0]$333 [0] $flatten\bht_lut.$0$memwr$\branchHistoryTable$/openlane/designs/my_processor/src/branchHist.v:42$117_EN[32:0]$333 [0] $flatten\bht_lut.$0$memwr$\branchHistoryTable$/openlane/designs/my_processor/src/branchHist.v:42$117_EN[32:0]$333 [0] $flatten\bht_lut.$0$memwr$\branchHistoryTable$/openlane/designs/my_processor/src/branchHist.v:42$117_EN[32:0]$333 [0] $flatten\bht_lut.$0$memwr$\branchHistoryTable$/openlane/designs/my_processor/src/branchHist.v:42$117_EN[32:0]$333 [0] $flatten\bht_lut.$0$memwr$\branchHistoryTable$/openlane/designs/my_processor/src/branchHist.v:42$117_EN[32:0]$333 [0] $flatten\bht_lut.$0$memwr$\branchHistoryTable$/openlane/designs/my_processor/src/branchHist.v:42$117_EN[32:0]$333 [0] $flatten\bht_lut.$0$memwr$\branchHistoryTable$/openlane/designs/my_processor/src/branchHist.v:42$117_EN[32:0]$333 [0] $flatten\bht_lut.$0$memwr$\branchHistoryTable$/openlane/designs/my_processor/src/branchHist.v:42$117_EN[32:0]$333 [0] $flatten\bht_lut.$0$memwr$\branchHistoryTable$/openlane/designs/my_processor/src/branchHist.v:42$117_EN[32:0]$333 [0] $flatten\bht_lut.$0$memwr$\branchHistoryTable$/openlane/designs/my_processor/src/branchHist.v:42$117_EN[32:0]$333 [0] $flatten\bht_lut.$0$memwr$\branchHistoryTable$/openlane/designs/my_processor/src/branchHist.v:42$117_EN[32:0]$333 [0] $flatten\bht_lut.$0$memwr$\branchHistoryTable$/openlane/designs/my_processor/src/branchHist.v:42$117_EN[32:0]$333 [0] $flatten\bht_lut.$0$memwr$\branchHistoryTable$/openlane/designs/my_processor/src/branchHist.v:42$117_EN[32:0]$333 [0] $flatten\bht_lut.$0$memwr$\branchHistoryTable$/openlane/designs/my_processor/src/branchHist.v:42$117_EN[32:0]$333 [0] $flatten\bht_lut.$0$memwr$\branchHistoryTable$/openlane/designs/my_processor/src/branchHist.v:42$117_EN[32:0]$333 [0] }
    Consolidated identical input bits for $mux cell $flatten\bht_lut.$procmux$3056:
      Old ports: A=33'000000000000000000000000000000000, B=33'111111111111111111111111111111111, Y=$flatten\bht_lut.$0$memwr$\branchHistoryTable$/openlane/designs/my_processor/src/branchHist.v:42$116_EN[32:0]$332
      New ports: A=1'0, B=1'1, Y=$flatten\bht_lut.$0$memwr$\branchHistoryTable$/openlane/designs/my_processor/src/branchHist.v:42$116_EN[32:0]$332 [0]
      New connections: $flatten\bht_lut.$0$memwr$\branchHistoryTable$/openlane/designs/my_processor/src/branchHist.v:42$116_EN[32:0]$332 [32:1] = { $flatten\bht_lut.$0$memwr$\branchHistoryTable$/openlane/designs/my_processor/src/branchHist.v:42$116_EN[32:0]$332 [0] $flatten\bht_lut.$0$memwr$\branchHistoryTable$/openlane/designs/my_processor/src/branchHist.v:42$116_EN[32:0]$332 [0] $flatten\bht_lut.$0$memwr$\branchHistoryTable$/openlane/designs/my_processor/src/branchHist.v:42$116_EN[32:0]$332 [0] $flatten\bht_lut.$0$memwr$\branchHistoryTable$/openlane/designs/my_processor/src/branchHist.v:42$116_EN[32:0]$332 [0] $flatten\bht_lut.$0$memwr$\branchHistoryTable$/openlane/designs/my_processor/src/branchHist.v:42$116_EN[32:0]$332 [0] $flatten\bht_lut.$0$memwr$\branchHistoryTable$/openlane/designs/my_processor/src/branchHist.v:42$116_EN[32:0]$332 [0] $flatten\bht_lut.$0$memwr$\branchHistoryTable$/openlane/designs/my_processor/src/branchHist.v:42$116_EN[32:0]$332 [0] $flatten\bht_lut.$0$memwr$\branchHistoryTable$/openlane/designs/my_processor/src/branchHist.v:42$116_EN[32:0]$332 [0] $flatten\bht_lut.$0$memwr$\branchHistoryTable$/openlane/designs/my_processor/src/branchHist.v:42$116_EN[32:0]$332 [0] $flatten\bht_lut.$0$memwr$\branchHistoryTable$/openlane/designs/my_processor/src/branchHist.v:42$116_EN[32:0]$332 [0] $flatten\bht_lut.$0$memwr$\branchHistoryTable$/openlane/designs/my_processor/src/branchHist.v:42$116_EN[32:0]$332 [0] $flatten\bht_lut.$0$memwr$\branchHistoryTable$/openlane/designs/my_processor/src/branchHist.v:42$116_EN[32:0]$332 [0] $flatten\bht_lut.$0$memwr$\branchHistoryTable$/openlane/designs/my_processor/src/branchHist.v:42$116_EN[32:0]$332 [0] $flatten\bht_lut.$0$memwr$\branchHistoryTable$/openlane/designs/my_processor/src/branchHist.v:42$116_EN[32:0]$332 [0] $flatten\bht_lut.$0$memwr$\branchHistoryTable$/openlane/designs/my_processor/src/branchHist.v:42$116_EN[32:0]$332 [0] $flatten\bht_lut.$0$memwr$\branchHistoryTable$/openlane/designs/my_processor/src/branchHist.v:42$116_EN[32:0]$332 [0] $flatten\bht_lut.$0$memwr$\branchHistoryTable$/openlane/designs/my_processor/src/branchHist.v:42$116_EN[32:0]$332 [0] $flatten\bht_lut.$0$memwr$\branchHistoryTable$/openlane/designs/my_processor/src/branchHist.v:42$116_EN[32:0]$332 [0] $flatten\bht_lut.$0$memwr$\branchHistoryTable$/openlane/designs/my_processor/src/branchHist.v:42$116_EN[32:0]$332 [0] $flatten\bht_lut.$0$memwr$\branchHistoryTable$/openlane/designs/my_processor/src/branchHist.v:42$116_EN[32:0]$332 [0] $flatten\bht_lut.$0$memwr$\branchHistoryTable$/openlane/designs/my_processor/src/branchHist.v:42$116_EN[32:0]$332 [0] $flatten\bht_lut.$0$memwr$\branchHistoryTable$/openlane/designs/my_processor/src/branchHist.v:42$116_EN[32:0]$332 [0] $flatten\bht_lut.$0$memwr$\branchHistoryTable$/openlane/designs/my_processor/src/branchHist.v:42$116_EN[32:0]$332 [0] $flatten\bht_lut.$0$memwr$\branchHistoryTable$/openlane/designs/my_processor/src/branchHist.v:42$116_EN[32:0]$332 [0] $flatten\bht_lut.$0$memwr$\branchHistoryTable$/openlane/designs/my_processor/src/branchHist.v:42$116_EN[32:0]$332 [0] $flatten\bht_lut.$0$memwr$\branchHistoryTable$/openlane/designs/my_processor/src/branchHist.v:42$116_EN[32:0]$332 [0] $flatten\bht_lut.$0$memwr$\branchHistoryTable$/openlane/designs/my_processor/src/branchHist.v:42$116_EN[32:0]$332 [0] $flatten\bht_lut.$0$memwr$\branchHistoryTable$/openlane/designs/my_processor/src/branchHist.v:42$116_EN[32:0]$332 [0] $flatten\bht_lut.$0$memwr$\branchHistoryTable$/openlane/designs/my_processor/src/branchHist.v:42$116_EN[32:0]$332 [0] $flatten\bht_lut.$0$memwr$\branchHistoryTable$/openlane/designs/my_processor/src/branchHist.v:42$116_EN[32:0]$332 [0] $flatten\bht_lut.$0$memwr$\branchHistoryTable$/openlane/designs/my_processor/src/branchHist.v:42$116_EN[32:0]$332 [0] $flatten\bht_lut.$0$memwr$\branchHistoryTable$/openlane/designs/my_processor/src/branchHist.v:42$116_EN[32:0]$332 [0] }
    Consolidated identical input bits for $mux cell $flatten\bht_lut.$procmux$3059:
      Old ports: A=33'000000000000000000000000000000000, B=33'111111111111111111111111111111111, Y=$flatten\bht_lut.$0$memwr$\branchHistoryTable$/openlane/designs/my_processor/src/branchHist.v:42$115_EN[32:0]$331
      New ports: A=1'0, B=1'1, Y=$flatten\bht_lut.$0$memwr$\branchHistoryTable$/openlane/designs/my_processor/src/branchHist.v:42$115_EN[32:0]$331 [0]
      New connections: $flatten\bht_lut.$0$memwr$\branchHistoryTable$/openlane/designs/my_processor/src/branchHist.v:42$115_EN[32:0]$331 [32:1] = { $flatten\bht_lut.$0$memwr$\branchHistoryTable$/openlane/designs/my_processor/src/branchHist.v:42$115_EN[32:0]$331 [0] $flatten\bht_lut.$0$memwr$\branchHistoryTable$/openlane/designs/my_processor/src/branchHist.v:42$115_EN[32:0]$331 [0] $flatten\bht_lut.$0$memwr$\branchHistoryTable$/openlane/designs/my_processor/src/branchHist.v:42$115_EN[32:0]$331 [0] $flatten\bht_lut.$0$memwr$\branchHistoryTable$/openlane/designs/my_processor/src/branchHist.v:42$115_EN[32:0]$331 [0] $flatten\bht_lut.$0$memwr$\branchHistoryTable$/openlane/designs/my_processor/src/branchHist.v:42$115_EN[32:0]$331 [0] $flatten\bht_lut.$0$memwr$\branchHistoryTable$/openlane/designs/my_processor/src/branchHist.v:42$115_EN[32:0]$331 [0] $flatten\bht_lut.$0$memwr$\branchHistoryTable$/openlane/designs/my_processor/src/branchHist.v:42$115_EN[32:0]$331 [0] $flatten\bht_lut.$0$memwr$\branchHistoryTable$/openlane/designs/my_processor/src/branchHist.v:42$115_EN[32:0]$331 [0] $flatten\bht_lut.$0$memwr$\branchHistoryTable$/openlane/designs/my_processor/src/branchHist.v:42$115_EN[32:0]$331 [0] $flatten\bht_lut.$0$memwr$\branchHistoryTable$/openlane/designs/my_processor/src/branchHist.v:42$115_EN[32:0]$331 [0] $flatten\bht_lut.$0$memwr$\branchHistoryTable$/openlane/designs/my_processor/src/branchHist.v:42$115_EN[32:0]$331 [0] $flatten\bht_lut.$0$memwr$\branchHistoryTable$/openlane/designs/my_processor/src/branchHist.v:42$115_EN[32:0]$331 [0] $flatten\bht_lut.$0$memwr$\branchHistoryTable$/openlane/designs/my_processor/src/branchHist.v:42$115_EN[32:0]$331 [0] $flatten\bht_lut.$0$memwr$\branchHistoryTable$/openlane/designs/my_processor/src/branchHist.v:42$115_EN[32:0]$331 [0] $flatten\bht_lut.$0$memwr$\branchHistoryTable$/openlane/designs/my_processor/src/branchHist.v:42$115_EN[32:0]$331 [0] $flatten\bht_lut.$0$memwr$\branchHistoryTable$/openlane/designs/my_processor/src/branchHist.v:42$115_EN[32:0]$331 [0] $flatten\bht_lut.$0$memwr$\branchHistoryTable$/openlane/designs/my_processor/src/branchHist.v:42$115_EN[32:0]$331 [0] $flatten\bht_lut.$0$memwr$\branchHistoryTable$/openlane/designs/my_processor/src/branchHist.v:42$115_EN[32:0]$331 [0] $flatten\bht_lut.$0$memwr$\branchHistoryTable$/openlane/designs/my_processor/src/branchHist.v:42$115_EN[32:0]$331 [0] $flatten\bht_lut.$0$memwr$\branchHistoryTable$/openlane/designs/my_processor/src/branchHist.v:42$115_EN[32:0]$331 [0] $flatten\bht_lut.$0$memwr$\branchHistoryTable$/openlane/designs/my_processor/src/branchHist.v:42$115_EN[32:0]$331 [0] $flatten\bht_lut.$0$memwr$\branchHistoryTable$/openlane/designs/my_processor/src/branchHist.v:42$115_EN[32:0]$331 [0] $flatten\bht_lut.$0$memwr$\branchHistoryTable$/openlane/designs/my_processor/src/branchHist.v:42$115_EN[32:0]$331 [0] $flatten\bht_lut.$0$memwr$\branchHistoryTable$/openlane/designs/my_processor/src/branchHist.v:42$115_EN[32:0]$331 [0] $flatten\bht_lut.$0$memwr$\branchHistoryTable$/openlane/designs/my_processor/src/branchHist.v:42$115_EN[32:0]$331 [0] $flatten\bht_lut.$0$memwr$\branchHistoryTable$/openlane/designs/my_processor/src/branchHist.v:42$115_EN[32:0]$331 [0] $flatten\bht_lut.$0$memwr$\branchHistoryTable$/openlane/designs/my_processor/src/branchHist.v:42$115_EN[32:0]$331 [0] $flatten\bht_lut.$0$memwr$\branchHistoryTable$/openlane/designs/my_processor/src/branchHist.v:42$115_EN[32:0]$331 [0] $flatten\bht_lut.$0$memwr$\branchHistoryTable$/openlane/designs/my_processor/src/branchHist.v:42$115_EN[32:0]$331 [0] $flatten\bht_lut.$0$memwr$\branchHistoryTable$/openlane/designs/my_processor/src/branchHist.v:42$115_EN[32:0]$331 [0] $flatten\bht_lut.$0$memwr$\branchHistoryTable$/openlane/designs/my_processor/src/branchHist.v:42$115_EN[32:0]$331 [0] $flatten\bht_lut.$0$memwr$\branchHistoryTable$/openlane/designs/my_processor/src/branchHist.v:42$115_EN[32:0]$331 [0] }
    Consolidated identical input bits for $mux cell $flatten\bht_lut.$procmux$3062:
      Old ports: A=33'000000000000000000000000000000000, B=33'111111111111111111111111111111111, Y=$flatten\bht_lut.$0$memwr$\branchHistoryTable$/openlane/designs/my_processor/src/branchHist.v:42$114_EN[32:0]$330
      New ports: A=1'0, B=1'1, Y=$flatten\bht_lut.$0$memwr$\branchHistoryTable$/openlane/designs/my_processor/src/branchHist.v:42$114_EN[32:0]$330 [0]
      New connections: $flatten\bht_lut.$0$memwr$\branchHistoryTable$/openlane/designs/my_processor/src/branchHist.v:42$114_EN[32:0]$330 [32:1] = { $flatten\bht_lut.$0$memwr$\branchHistoryTable$/openlane/designs/my_processor/src/branchHist.v:42$114_EN[32:0]$330 [0] $flatten\bht_lut.$0$memwr$\branchHistoryTable$/openlane/designs/my_processor/src/branchHist.v:42$114_EN[32:0]$330 [0] $flatten\bht_lut.$0$memwr$\branchHistoryTable$/openlane/designs/my_processor/src/branchHist.v:42$114_EN[32:0]$330 [0] $flatten\bht_lut.$0$memwr$\branchHistoryTable$/openlane/designs/my_processor/src/branchHist.v:42$114_EN[32:0]$330 [0] $flatten\bht_lut.$0$memwr$\branchHistoryTable$/openlane/designs/my_processor/src/branchHist.v:42$114_EN[32:0]$330 [0] $flatten\bht_lut.$0$memwr$\branchHistoryTable$/openlane/designs/my_processor/src/branchHist.v:42$114_EN[32:0]$330 [0] $flatten\bht_lut.$0$memwr$\branchHistoryTable$/openlane/designs/my_processor/src/branchHist.v:42$114_EN[32:0]$330 [0] $flatten\bht_lut.$0$memwr$\branchHistoryTable$/openlane/designs/my_processor/src/branchHist.v:42$114_EN[32:0]$330 [0] $flatten\bht_lut.$0$memwr$\branchHistoryTable$/openlane/designs/my_processor/src/branchHist.v:42$114_EN[32:0]$330 [0] $flatten\bht_lut.$0$memwr$\branchHistoryTable$/openlane/designs/my_processor/src/branchHist.v:42$114_EN[32:0]$330 [0] $flatten\bht_lut.$0$memwr$\branchHistoryTable$/openlane/designs/my_processor/src/branchHist.v:42$114_EN[32:0]$330 [0] $flatten\bht_lut.$0$memwr$\branchHistoryTable$/openlane/designs/my_processor/src/branchHist.v:42$114_EN[32:0]$330 [0] $flatten\bht_lut.$0$memwr$\branchHistoryTable$/openlane/designs/my_processor/src/branchHist.v:42$114_EN[32:0]$330 [0] $flatten\bht_lut.$0$memwr$\branchHistoryTable$/openlane/designs/my_processor/src/branchHist.v:42$114_EN[32:0]$330 [0] $flatten\bht_lut.$0$memwr$\branchHistoryTable$/openlane/designs/my_processor/src/branchHist.v:42$114_EN[32:0]$330 [0] $flatten\bht_lut.$0$memwr$\branchHistoryTable$/openlane/designs/my_processor/src/branchHist.v:42$114_EN[32:0]$330 [0] $flatten\bht_lut.$0$memwr$\branchHistoryTable$/openlane/designs/my_processor/src/branchHist.v:42$114_EN[32:0]$330 [0] $flatten\bht_lut.$0$memwr$\branchHistoryTable$/openlane/designs/my_processor/src/branchHist.v:42$114_EN[32:0]$330 [0] $flatten\bht_lut.$0$memwr$\branchHistoryTable$/openlane/designs/my_processor/src/branchHist.v:42$114_EN[32:0]$330 [0] $flatten\bht_lut.$0$memwr$\branchHistoryTable$/openlane/designs/my_processor/src/branchHist.v:42$114_EN[32:0]$330 [0] $flatten\bht_lut.$0$memwr$\branchHistoryTable$/openlane/designs/my_processor/src/branchHist.v:42$114_EN[32:0]$330 [0] $flatten\bht_lut.$0$memwr$\branchHistoryTable$/openlane/designs/my_processor/src/branchHist.v:42$114_EN[32:0]$330 [0] $flatten\bht_lut.$0$memwr$\branchHistoryTable$/openlane/designs/my_processor/src/branchHist.v:42$114_EN[32:0]$330 [0] $flatten\bht_lut.$0$memwr$\branchHistoryTable$/openlane/designs/my_processor/src/branchHist.v:42$114_EN[32:0]$330 [0] $flatten\bht_lut.$0$memwr$\branchHistoryTable$/openlane/designs/my_processor/src/branchHist.v:42$114_EN[32:0]$330 [0] $flatten\bht_lut.$0$memwr$\branchHistoryTable$/openlane/designs/my_processor/src/branchHist.v:42$114_EN[32:0]$330 [0] $flatten\bht_lut.$0$memwr$\branchHistoryTable$/openlane/designs/my_processor/src/branchHist.v:42$114_EN[32:0]$330 [0] $flatten\bht_lut.$0$memwr$\branchHistoryTable$/openlane/designs/my_processor/src/branchHist.v:42$114_EN[32:0]$330 [0] $flatten\bht_lut.$0$memwr$\branchHistoryTable$/openlane/designs/my_processor/src/branchHist.v:42$114_EN[32:0]$330 [0] $flatten\bht_lut.$0$memwr$\branchHistoryTable$/openlane/designs/my_processor/src/branchHist.v:42$114_EN[32:0]$330 [0] $flatten\bht_lut.$0$memwr$\branchHistoryTable$/openlane/designs/my_processor/src/branchHist.v:42$114_EN[32:0]$330 [0] $flatten\bht_lut.$0$memwr$\branchHistoryTable$/openlane/designs/my_processor/src/branchHist.v:42$114_EN[32:0]$330 [0] }
    Consolidated identical input bits for $mux cell $flatten\bht_lut.$procmux$3065:
      Old ports: A=33'000000000000000000000000000000000, B=33'111111111111111111111111111111111, Y=$flatten\bht_lut.$0$memwr$\branchHistoryTable$/openlane/designs/my_processor/src/branchHist.v:42$113_EN[32:0]$329
      New ports: A=1'0, B=1'1, Y=$flatten\bht_lut.$0$memwr$\branchHistoryTable$/openlane/designs/my_processor/src/branchHist.v:42$113_EN[32:0]$329 [0]
      New connections: $flatten\bht_lut.$0$memwr$\branchHistoryTable$/openlane/designs/my_processor/src/branchHist.v:42$113_EN[32:0]$329 [32:1] = { $flatten\bht_lut.$0$memwr$\branchHistoryTable$/openlane/designs/my_processor/src/branchHist.v:42$113_EN[32:0]$329 [0] $flatten\bht_lut.$0$memwr$\branchHistoryTable$/openlane/designs/my_processor/src/branchHist.v:42$113_EN[32:0]$329 [0] $flatten\bht_lut.$0$memwr$\branchHistoryTable$/openlane/designs/my_processor/src/branchHist.v:42$113_EN[32:0]$329 [0] $flatten\bht_lut.$0$memwr$\branchHistoryTable$/openlane/designs/my_processor/src/branchHist.v:42$113_EN[32:0]$329 [0] $flatten\bht_lut.$0$memwr$\branchHistoryTable$/openlane/designs/my_processor/src/branchHist.v:42$113_EN[32:0]$329 [0] $flatten\bht_lut.$0$memwr$\branchHistoryTable$/openlane/designs/my_processor/src/branchHist.v:42$113_EN[32:0]$329 [0] $flatten\bht_lut.$0$memwr$\branchHistoryTable$/openlane/designs/my_processor/src/branchHist.v:42$113_EN[32:0]$329 [0] $flatten\bht_lut.$0$memwr$\branchHistoryTable$/openlane/designs/my_processor/src/branchHist.v:42$113_EN[32:0]$329 [0] $flatten\bht_lut.$0$memwr$\branchHistoryTable$/openlane/designs/my_processor/src/branchHist.v:42$113_EN[32:0]$329 [0] $flatten\bht_lut.$0$memwr$\branchHistoryTable$/openlane/designs/my_processor/src/branchHist.v:42$113_EN[32:0]$329 [0] $flatten\bht_lut.$0$memwr$\branchHistoryTable$/openlane/designs/my_processor/src/branchHist.v:42$113_EN[32:0]$329 [0] $flatten\bht_lut.$0$memwr$\branchHistoryTable$/openlane/designs/my_processor/src/branchHist.v:42$113_EN[32:0]$329 [0] $flatten\bht_lut.$0$memwr$\branchHistoryTable$/openlane/designs/my_processor/src/branchHist.v:42$113_EN[32:0]$329 [0] $flatten\bht_lut.$0$memwr$\branchHistoryTable$/openlane/designs/my_processor/src/branchHist.v:42$113_EN[32:0]$329 [0] $flatten\bht_lut.$0$memwr$\branchHistoryTable$/openlane/designs/my_processor/src/branchHist.v:42$113_EN[32:0]$329 [0] $flatten\bht_lut.$0$memwr$\branchHistoryTable$/openlane/designs/my_processor/src/branchHist.v:42$113_EN[32:0]$329 [0] $flatten\bht_lut.$0$memwr$\branchHistoryTable$/openlane/designs/my_processor/src/branchHist.v:42$113_EN[32:0]$329 [0] $flatten\bht_lut.$0$memwr$\branchHistoryTable$/openlane/designs/my_processor/src/branchHist.v:42$113_EN[32:0]$329 [0] $flatten\bht_lut.$0$memwr$\branchHistoryTable$/openlane/designs/my_processor/src/branchHist.v:42$113_EN[32:0]$329 [0] $flatten\bht_lut.$0$memwr$\branchHistoryTable$/openlane/designs/my_processor/src/branchHist.v:42$113_EN[32:0]$329 [0] $flatten\bht_lut.$0$memwr$\branchHistoryTable$/openlane/designs/my_processor/src/branchHist.v:42$113_EN[32:0]$329 [0] $flatten\bht_lut.$0$memwr$\branchHistoryTable$/openlane/designs/my_processor/src/branchHist.v:42$113_EN[32:0]$329 [0] $flatten\bht_lut.$0$memwr$\branchHistoryTable$/openlane/designs/my_processor/src/branchHist.v:42$113_EN[32:0]$329 [0] $flatten\bht_lut.$0$memwr$\branchHistoryTable$/openlane/designs/my_processor/src/branchHist.v:42$113_EN[32:0]$329 [0] $flatten\bht_lut.$0$memwr$\branchHistoryTable$/openlane/designs/my_processor/src/branchHist.v:42$113_EN[32:0]$329 [0] $flatten\bht_lut.$0$memwr$\branchHistoryTable$/openlane/designs/my_processor/src/branchHist.v:42$113_EN[32:0]$329 [0] $flatten\bht_lut.$0$memwr$\branchHistoryTable$/openlane/designs/my_processor/src/branchHist.v:42$113_EN[32:0]$329 [0] $flatten\bht_lut.$0$memwr$\branchHistoryTable$/openlane/designs/my_processor/src/branchHist.v:42$113_EN[32:0]$329 [0] $flatten\bht_lut.$0$memwr$\branchHistoryTable$/openlane/designs/my_processor/src/branchHist.v:42$113_EN[32:0]$329 [0] $flatten\bht_lut.$0$memwr$\branchHistoryTable$/openlane/designs/my_processor/src/branchHist.v:42$113_EN[32:0]$329 [0] $flatten\bht_lut.$0$memwr$\branchHistoryTable$/openlane/designs/my_processor/src/branchHist.v:42$113_EN[32:0]$329 [0] $flatten\bht_lut.$0$memwr$\branchHistoryTable$/openlane/designs/my_processor/src/branchHist.v:42$113_EN[32:0]$329 [0] }
    Consolidated identical input bits for $mux cell $flatten\bht_lut.$procmux$3068:
      Old ports: A=33'000000000000000000000000000000000, B=33'111111111111111111111111111111111, Y=$flatten\bht_lut.$0$memwr$\branchHistoryTable$/openlane/designs/my_processor/src/branchHist.v:42$112_EN[32:0]$328
      New ports: A=1'0, B=1'1, Y=$flatten\bht_lut.$0$memwr$\branchHistoryTable$/openlane/designs/my_processor/src/branchHist.v:42$112_EN[32:0]$328 [0]
      New connections: $flatten\bht_lut.$0$memwr$\branchHistoryTable$/openlane/designs/my_processor/src/branchHist.v:42$112_EN[32:0]$328 [32:1] = { $flatten\bht_lut.$0$memwr$\branchHistoryTable$/openlane/designs/my_processor/src/branchHist.v:42$112_EN[32:0]$328 [0] $flatten\bht_lut.$0$memwr$\branchHistoryTable$/openlane/designs/my_processor/src/branchHist.v:42$112_EN[32:0]$328 [0] $flatten\bht_lut.$0$memwr$\branchHistoryTable$/openlane/designs/my_processor/src/branchHist.v:42$112_EN[32:0]$328 [0] $flatten\bht_lut.$0$memwr$\branchHistoryTable$/openlane/designs/my_processor/src/branchHist.v:42$112_EN[32:0]$328 [0] $flatten\bht_lut.$0$memwr$\branchHistoryTable$/openlane/designs/my_processor/src/branchHist.v:42$112_EN[32:0]$328 [0] $flatten\bht_lut.$0$memwr$\branchHistoryTable$/openlane/designs/my_processor/src/branchHist.v:42$112_EN[32:0]$328 [0] $flatten\bht_lut.$0$memwr$\branchHistoryTable$/openlane/designs/my_processor/src/branchHist.v:42$112_EN[32:0]$328 [0] $flatten\bht_lut.$0$memwr$\branchHistoryTable$/openlane/designs/my_processor/src/branchHist.v:42$112_EN[32:0]$328 [0] $flatten\bht_lut.$0$memwr$\branchHistoryTable$/openlane/designs/my_processor/src/branchHist.v:42$112_EN[32:0]$328 [0] $flatten\bht_lut.$0$memwr$\branchHistoryTable$/openlane/designs/my_processor/src/branchHist.v:42$112_EN[32:0]$328 [0] $flatten\bht_lut.$0$memwr$\branchHistoryTable$/openlane/designs/my_processor/src/branchHist.v:42$112_EN[32:0]$328 [0] $flatten\bht_lut.$0$memwr$\branchHistoryTable$/openlane/designs/my_processor/src/branchHist.v:42$112_EN[32:0]$328 [0] $flatten\bht_lut.$0$memwr$\branchHistoryTable$/openlane/designs/my_processor/src/branchHist.v:42$112_EN[32:0]$328 [0] $flatten\bht_lut.$0$memwr$\branchHistoryTable$/openlane/designs/my_processor/src/branchHist.v:42$112_EN[32:0]$328 [0] $flatten\bht_lut.$0$memwr$\branchHistoryTable$/openlane/designs/my_processor/src/branchHist.v:42$112_EN[32:0]$328 [0] $flatten\bht_lut.$0$memwr$\branchHistoryTable$/openlane/designs/my_processor/src/branchHist.v:42$112_EN[32:0]$328 [0] $flatten\bht_lut.$0$memwr$\branchHistoryTable$/openlane/designs/my_processor/src/branchHist.v:42$112_EN[32:0]$328 [0] $flatten\bht_lut.$0$memwr$\branchHistoryTable$/openlane/designs/my_processor/src/branchHist.v:42$112_EN[32:0]$328 [0] $flatten\bht_lut.$0$memwr$\branchHistoryTable$/openlane/designs/my_processor/src/branchHist.v:42$112_EN[32:0]$328 [0] $flatten\bht_lut.$0$memwr$\branchHistoryTable$/openlane/designs/my_processor/src/branchHist.v:42$112_EN[32:0]$328 [0] $flatten\bht_lut.$0$memwr$\branchHistoryTable$/openlane/designs/my_processor/src/branchHist.v:42$112_EN[32:0]$328 [0] $flatten\bht_lut.$0$memwr$\branchHistoryTable$/openlane/designs/my_processor/src/branchHist.v:42$112_EN[32:0]$328 [0] $flatten\bht_lut.$0$memwr$\branchHistoryTable$/openlane/designs/my_processor/src/branchHist.v:42$112_EN[32:0]$328 [0] $flatten\bht_lut.$0$memwr$\branchHistoryTable$/openlane/designs/my_processor/src/branchHist.v:42$112_EN[32:0]$328 [0] $flatten\bht_lut.$0$memwr$\branchHistoryTable$/openlane/designs/my_processor/src/branchHist.v:42$112_EN[32:0]$328 [0] $flatten\bht_lut.$0$memwr$\branchHistoryTable$/openlane/designs/my_processor/src/branchHist.v:42$112_EN[32:0]$328 [0] $flatten\bht_lut.$0$memwr$\branchHistoryTable$/openlane/designs/my_processor/src/branchHist.v:42$112_EN[32:0]$328 [0] $flatten\bht_lut.$0$memwr$\branchHistoryTable$/openlane/designs/my_processor/src/branchHist.v:42$112_EN[32:0]$328 [0] $flatten\bht_lut.$0$memwr$\branchHistoryTable$/openlane/designs/my_processor/src/branchHist.v:42$112_EN[32:0]$328 [0] $flatten\bht_lut.$0$memwr$\branchHistoryTable$/openlane/designs/my_processor/src/branchHist.v:42$112_EN[32:0]$328 [0] $flatten\bht_lut.$0$memwr$\branchHistoryTable$/openlane/designs/my_processor/src/branchHist.v:42$112_EN[32:0]$328 [0] $flatten\bht_lut.$0$memwr$\branchHistoryTable$/openlane/designs/my_processor/src/branchHist.v:42$112_EN[32:0]$328 [0] }
    Consolidated identical input bits for $mux cell $flatten\bht_lut.$procmux$3071:
      Old ports: A=33'000000000000000000000000000000000, B=33'111111111111111111111111111111111, Y=$flatten\bht_lut.$0$memwr$\branchHistoryTable$/openlane/designs/my_processor/src/branchHist.v:42$111_EN[32:0]$327
      New ports: A=1'0, B=1'1, Y=$flatten\bht_lut.$0$memwr$\branchHistoryTable$/openlane/designs/my_processor/src/branchHist.v:42$111_EN[32:0]$327 [0]
      New connections: $flatten\bht_lut.$0$memwr$\branchHistoryTable$/openlane/designs/my_processor/src/branchHist.v:42$111_EN[32:0]$327 [32:1] = { $flatten\bht_lut.$0$memwr$\branchHistoryTable$/openlane/designs/my_processor/src/branchHist.v:42$111_EN[32:0]$327 [0] $flatten\bht_lut.$0$memwr$\branchHistoryTable$/openlane/designs/my_processor/src/branchHist.v:42$111_EN[32:0]$327 [0] $flatten\bht_lut.$0$memwr$\branchHistoryTable$/openlane/designs/my_processor/src/branchHist.v:42$111_EN[32:0]$327 [0] $flatten\bht_lut.$0$memwr$\branchHistoryTable$/openlane/designs/my_processor/src/branchHist.v:42$111_EN[32:0]$327 [0] $flatten\bht_lut.$0$memwr$\branchHistoryTable$/openlane/designs/my_processor/src/branchHist.v:42$111_EN[32:0]$327 [0] $flatten\bht_lut.$0$memwr$\branchHistoryTable$/openlane/designs/my_processor/src/branchHist.v:42$111_EN[32:0]$327 [0] $flatten\bht_lut.$0$memwr$\branchHistoryTable$/openlane/designs/my_processor/src/branchHist.v:42$111_EN[32:0]$327 [0] $flatten\bht_lut.$0$memwr$\branchHistoryTable$/openlane/designs/my_processor/src/branchHist.v:42$111_EN[32:0]$327 [0] $flatten\bht_lut.$0$memwr$\branchHistoryTable$/openlane/designs/my_processor/src/branchHist.v:42$111_EN[32:0]$327 [0] $flatten\bht_lut.$0$memwr$\branchHistoryTable$/openlane/designs/my_processor/src/branchHist.v:42$111_EN[32:0]$327 [0] $flatten\bht_lut.$0$memwr$\branchHistoryTable$/openlane/designs/my_processor/src/branchHist.v:42$111_EN[32:0]$327 [0] $flatten\bht_lut.$0$memwr$\branchHistoryTable$/openlane/designs/my_processor/src/branchHist.v:42$111_EN[32:0]$327 [0] $flatten\bht_lut.$0$memwr$\branchHistoryTable$/openlane/designs/my_processor/src/branchHist.v:42$111_EN[32:0]$327 [0] $flatten\bht_lut.$0$memwr$\branchHistoryTable$/openlane/designs/my_processor/src/branchHist.v:42$111_EN[32:0]$327 [0] $flatten\bht_lut.$0$memwr$\branchHistoryTable$/openlane/designs/my_processor/src/branchHist.v:42$111_EN[32:0]$327 [0] $flatten\bht_lut.$0$memwr$\branchHistoryTable$/openlane/designs/my_processor/src/branchHist.v:42$111_EN[32:0]$327 [0] $flatten\bht_lut.$0$memwr$\branchHistoryTable$/openlane/designs/my_processor/src/branchHist.v:42$111_EN[32:0]$327 [0] $flatten\bht_lut.$0$memwr$\branchHistoryTable$/openlane/designs/my_processor/src/branchHist.v:42$111_EN[32:0]$327 [0] $flatten\bht_lut.$0$memwr$\branchHistoryTable$/openlane/designs/my_processor/src/branchHist.v:42$111_EN[32:0]$327 [0] $flatten\bht_lut.$0$memwr$\branchHistoryTable$/openlane/designs/my_processor/src/branchHist.v:42$111_EN[32:0]$327 [0] $flatten\bht_lut.$0$memwr$\branchHistoryTable$/openlane/designs/my_processor/src/branchHist.v:42$111_EN[32:0]$327 [0] $flatten\bht_lut.$0$memwr$\branchHistoryTable$/openlane/designs/my_processor/src/branchHist.v:42$111_EN[32:0]$327 [0] $flatten\bht_lut.$0$memwr$\branchHistoryTable$/openlane/designs/my_processor/src/branchHist.v:42$111_EN[32:0]$327 [0] $flatten\bht_lut.$0$memwr$\branchHistoryTable$/openlane/designs/my_processor/src/branchHist.v:42$111_EN[32:0]$327 [0] $flatten\bht_lut.$0$memwr$\branchHistoryTable$/openlane/designs/my_processor/src/branchHist.v:42$111_EN[32:0]$327 [0] $flatten\bht_lut.$0$memwr$\branchHistoryTable$/openlane/designs/my_processor/src/branchHist.v:42$111_EN[32:0]$327 [0] $flatten\bht_lut.$0$memwr$\branchHistoryTable$/openlane/designs/my_processor/src/branchHist.v:42$111_EN[32:0]$327 [0] $flatten\bht_lut.$0$memwr$\branchHistoryTable$/openlane/designs/my_processor/src/branchHist.v:42$111_EN[32:0]$327 [0] $flatten\bht_lut.$0$memwr$\branchHistoryTable$/openlane/designs/my_processor/src/branchHist.v:42$111_EN[32:0]$327 [0] $flatten\bht_lut.$0$memwr$\branchHistoryTable$/openlane/designs/my_processor/src/branchHist.v:42$111_EN[32:0]$327 [0] $flatten\bht_lut.$0$memwr$\branchHistoryTable$/openlane/designs/my_processor/src/branchHist.v:42$111_EN[32:0]$327 [0] $flatten\bht_lut.$0$memwr$\branchHistoryTable$/openlane/designs/my_processor/src/branchHist.v:42$111_EN[32:0]$327 [0] }
    Consolidated identical input bits for $mux cell $flatten\bht_lut.$procmux$3074:
      Old ports: A=33'000000000000000000000000000000000, B=33'111111111111111111111111111111111, Y=$flatten\bht_lut.$0$memwr$\branchHistoryTable$/openlane/designs/my_processor/src/branchHist.v:42$110_EN[32:0]$326
      New ports: A=1'0, B=1'1, Y=$flatten\bht_lut.$0$memwr$\branchHistoryTable$/openlane/designs/my_processor/src/branchHist.v:42$110_EN[32:0]$326 [0]
      New connections: $flatten\bht_lut.$0$memwr$\branchHistoryTable$/openlane/designs/my_processor/src/branchHist.v:42$110_EN[32:0]$326 [32:1] = { $flatten\bht_lut.$0$memwr$\branchHistoryTable$/openlane/designs/my_processor/src/branchHist.v:42$110_EN[32:0]$326 [0] $flatten\bht_lut.$0$memwr$\branchHistoryTable$/openlane/designs/my_processor/src/branchHist.v:42$110_EN[32:0]$326 [0] $flatten\bht_lut.$0$memwr$\branchHistoryTable$/openlane/designs/my_processor/src/branchHist.v:42$110_EN[32:0]$326 [0] $flatten\bht_lut.$0$memwr$\branchHistoryTable$/openlane/designs/my_processor/src/branchHist.v:42$110_EN[32:0]$326 [0] $flatten\bht_lut.$0$memwr$\branchHistoryTable$/openlane/designs/my_processor/src/branchHist.v:42$110_EN[32:0]$326 [0] $flatten\bht_lut.$0$memwr$\branchHistoryTable$/openlane/designs/my_processor/src/branchHist.v:42$110_EN[32:0]$326 [0] $flatten\bht_lut.$0$memwr$\branchHistoryTable$/openlane/designs/my_processor/src/branchHist.v:42$110_EN[32:0]$326 [0] $flatten\bht_lut.$0$memwr$\branchHistoryTable$/openlane/designs/my_processor/src/branchHist.v:42$110_EN[32:0]$326 [0] $flatten\bht_lut.$0$memwr$\branchHistoryTable$/openlane/designs/my_processor/src/branchHist.v:42$110_EN[32:0]$326 [0] $flatten\bht_lut.$0$memwr$\branchHistoryTable$/openlane/designs/my_processor/src/branchHist.v:42$110_EN[32:0]$326 [0] $flatten\bht_lut.$0$memwr$\branchHistoryTable$/openlane/designs/my_processor/src/branchHist.v:42$110_EN[32:0]$326 [0] $flatten\bht_lut.$0$memwr$\branchHistoryTable$/openlane/designs/my_processor/src/branchHist.v:42$110_EN[32:0]$326 [0] $flatten\bht_lut.$0$memwr$\branchHistoryTable$/openlane/designs/my_processor/src/branchHist.v:42$110_EN[32:0]$326 [0] $flatten\bht_lut.$0$memwr$\branchHistoryTable$/openlane/designs/my_processor/src/branchHist.v:42$110_EN[32:0]$326 [0] $flatten\bht_lut.$0$memwr$\branchHistoryTable$/openlane/designs/my_processor/src/branchHist.v:42$110_EN[32:0]$326 [0] $flatten\bht_lut.$0$memwr$\branchHistoryTable$/openlane/designs/my_processor/src/branchHist.v:42$110_EN[32:0]$326 [0] $flatten\bht_lut.$0$memwr$\branchHistoryTable$/openlane/designs/my_processor/src/branchHist.v:42$110_EN[32:0]$326 [0] $flatten\bht_lut.$0$memwr$\branchHistoryTable$/openlane/designs/my_processor/src/branchHist.v:42$110_EN[32:0]$326 [0] $flatten\bht_lut.$0$memwr$\branchHistoryTable$/openlane/designs/my_processor/src/branchHist.v:42$110_EN[32:0]$326 [0] $flatten\bht_lut.$0$memwr$\branchHistoryTable$/openlane/designs/my_processor/src/branchHist.v:42$110_EN[32:0]$326 [0] $flatten\bht_lut.$0$memwr$\branchHistoryTable$/openlane/designs/my_processor/src/branchHist.v:42$110_EN[32:0]$326 [0] $flatten\bht_lut.$0$memwr$\branchHistoryTable$/openlane/designs/my_processor/src/branchHist.v:42$110_EN[32:0]$326 [0] $flatten\bht_lut.$0$memwr$\branchHistoryTable$/openlane/designs/my_processor/src/branchHist.v:42$110_EN[32:0]$326 [0] $flatten\bht_lut.$0$memwr$\branchHistoryTable$/openlane/designs/my_processor/src/branchHist.v:42$110_EN[32:0]$326 [0] $flatten\bht_lut.$0$memwr$\branchHistoryTable$/openlane/designs/my_processor/src/branchHist.v:42$110_EN[32:0]$326 [0] $flatten\bht_lut.$0$memwr$\branchHistoryTable$/openlane/designs/my_processor/src/branchHist.v:42$110_EN[32:0]$326 [0] $flatten\bht_lut.$0$memwr$\branchHistoryTable$/openlane/designs/my_processor/src/branchHist.v:42$110_EN[32:0]$326 [0] $flatten\bht_lut.$0$memwr$\branchHistoryTable$/openlane/designs/my_processor/src/branchHist.v:42$110_EN[32:0]$326 [0] $flatten\bht_lut.$0$memwr$\branchHistoryTable$/openlane/designs/my_processor/src/branchHist.v:42$110_EN[32:0]$326 [0] $flatten\bht_lut.$0$memwr$\branchHistoryTable$/openlane/designs/my_processor/src/branchHist.v:42$110_EN[32:0]$326 [0] $flatten\bht_lut.$0$memwr$\branchHistoryTable$/openlane/designs/my_processor/src/branchHist.v:42$110_EN[32:0]$326 [0] $flatten\bht_lut.$0$memwr$\branchHistoryTable$/openlane/designs/my_processor/src/branchHist.v:42$110_EN[32:0]$326 [0] }
    Consolidated identical input bits for $mux cell $flatten\bht_lut.$procmux$2049:
      Old ports: A=33'000000000000000000000000000000000, B=33'111111111111111111111111111111111, Y=$flatten\bht_lut.$procmux$2049_Y
      New ports: A=1'0, B=1'1, Y=$flatten\bht_lut.$procmux$2049_Y [0]
      New connections: $flatten\bht_lut.$procmux$2049_Y [32:1] = { $flatten\bht_lut.$procmux$2049_Y [0] $flatten\bht_lut.$procmux$2049_Y [0] $flatten\bht_lut.$procmux$2049_Y [0] $flatten\bht_lut.$procmux$2049_Y [0] $flatten\bht_lut.$procmux$2049_Y [0] $flatten\bht_lut.$procmux$2049_Y [0] $flatten\bht_lut.$procmux$2049_Y [0] $flatten\bht_lut.$procmux$2049_Y [0] $flatten\bht_lut.$procmux$2049_Y [0] $flatten\bht_lut.$procmux$2049_Y [0] $flatten\bht_lut.$procmux$2049_Y [0] $flatten\bht_lut.$procmux$2049_Y [0] $flatten\bht_lut.$procmux$2049_Y [0] $flatten\bht_lut.$procmux$2049_Y [0] $flatten\bht_lut.$procmux$2049_Y [0] $flatten\bht_lut.$procmux$2049_Y [0] $flatten\bht_lut.$procmux$2049_Y [0] $flatten\bht_lut.$procmux$2049_Y [0] $flatten\bht_lut.$procmux$2049_Y [0] $flatten\bht_lut.$procmux$2049_Y [0] $flatten\bht_lut.$procmux$2049_Y [0] $flatten\bht_lut.$procmux$2049_Y [0] $flatten\bht_lut.$procmux$2049_Y [0] $flatten\bht_lut.$procmux$2049_Y [0] $flatten\bht_lut.$procmux$2049_Y [0] $flatten\bht_lut.$procmux$2049_Y [0] $flatten\bht_lut.$procmux$2049_Y [0] $flatten\bht_lut.$procmux$2049_Y [0] $flatten\bht_lut.$procmux$2049_Y [0] $flatten\bht_lut.$procmux$2049_Y [0] $flatten\bht_lut.$procmux$2049_Y [0] $flatten\bht_lut.$procmux$2049_Y [0] }
    Consolidated identical input bits for $mux cell $flatten\bht_lut.$procmux$2409:
      Old ports: A=33'000000000000000000000000000000000, B=33'111111111111111111111111111111111, Y=$flatten\bht_lut.$procmux$2409_Y
      New ports: A=1'0, B=1'1, Y=$flatten\bht_lut.$procmux$2409_Y [0]
      New connections: $flatten\bht_lut.$procmux$2409_Y [32:1] = { $flatten\bht_lut.$procmux$2409_Y [0] $flatten\bht_lut.$procmux$2409_Y [0] $flatten\bht_lut.$procmux$2409_Y [0] $flatten\bht_lut.$procmux$2409_Y [0] $flatten\bht_lut.$procmux$2409_Y [0] $flatten\bht_lut.$procmux$2409_Y [0] $flatten\bht_lut.$procmux$2409_Y [0] $flatten\bht_lut.$procmux$2409_Y [0] $flatten\bht_lut.$procmux$2409_Y [0] $flatten\bht_lut.$procmux$2409_Y [0] $flatten\bht_lut.$procmux$2409_Y [0] $flatten\bht_lut.$procmux$2409_Y [0] $flatten\bht_lut.$procmux$2409_Y [0] $flatten\bht_lut.$procmux$2409_Y [0] $flatten\bht_lut.$procmux$2409_Y [0] $flatten\bht_lut.$procmux$2409_Y [0] $flatten\bht_lut.$procmux$2409_Y [0] $flatten\bht_lut.$procmux$2409_Y [0] $flatten\bht_lut.$procmux$2409_Y [0] $flatten\bht_lut.$procmux$2409_Y [0] $flatten\bht_lut.$procmux$2409_Y [0] $flatten\bht_lut.$procmux$2409_Y [0] $flatten\bht_lut.$procmux$2409_Y [0] $flatten\bht_lut.$procmux$2409_Y [0] $flatten\bht_lut.$procmux$2409_Y [0] $flatten\bht_lut.$procmux$2409_Y [0] $flatten\bht_lut.$procmux$2409_Y [0] $flatten\bht_lut.$procmux$2409_Y [0] $flatten\bht_lut.$procmux$2409_Y [0] $flatten\bht_lut.$procmux$2409_Y [0] $flatten\bht_lut.$procmux$2409_Y [0] $flatten\bht_lut.$procmux$2409_Y [0] }
    Consolidated identical input bits for $mux cell $flatten\bht_lut.$procmux$2436:
      Old ports: A=33'000000000000000000000000000000000, B=33'111111111111111111111111111111111, Y=$flatten\bht_lut.$procmux$2436_Y
      New ports: A=1'0, B=1'1, Y=$flatten\bht_lut.$procmux$2436_Y [0]
      New connections: $flatten\bht_lut.$procmux$2436_Y [32:1] = { $flatten\bht_lut.$procmux$2436_Y [0] $flatten\bht_lut.$procmux$2436_Y [0] $flatten\bht_lut.$procmux$2436_Y [0] $flatten\bht_lut.$procmux$2436_Y [0] $flatten\bht_lut.$procmux$2436_Y [0] $flatten\bht_lut.$procmux$2436_Y [0] $flatten\bht_lut.$procmux$2436_Y [0] $flatten\bht_lut.$procmux$2436_Y [0] $flatten\bht_lut.$procmux$2436_Y [0] $flatten\bht_lut.$procmux$2436_Y [0] $flatten\bht_lut.$procmux$2436_Y [0] $flatten\bht_lut.$procmux$2436_Y [0] $flatten\bht_lut.$procmux$2436_Y [0] $flatten\bht_lut.$procmux$2436_Y [0] $flatten\bht_lut.$procmux$2436_Y [0] $flatten\bht_lut.$procmux$2436_Y [0] $flatten\bht_lut.$procmux$2436_Y [0] $flatten\bht_lut.$procmux$2436_Y [0] $flatten\bht_lut.$procmux$2436_Y [0] $flatten\bht_lut.$procmux$2436_Y [0] $flatten\bht_lut.$procmux$2436_Y [0] $flatten\bht_lut.$procmux$2436_Y [0] $flatten\bht_lut.$procmux$2436_Y [0] $flatten\bht_lut.$procmux$2436_Y [0] $flatten\bht_lut.$procmux$2436_Y [0] $flatten\bht_lut.$procmux$2436_Y [0] $flatten\bht_lut.$procmux$2436_Y [0] $flatten\bht_lut.$procmux$2436_Y [0] $flatten\bht_lut.$procmux$2436_Y [0] $flatten\bht_lut.$procmux$2436_Y [0] $flatten\bht_lut.$procmux$2436_Y [0] $flatten\bht_lut.$procmux$2436_Y [0] }
    Consolidated identical input bits for $mux cell $flatten\bht_lut.$procmux$1760:
      Old ports: A=33'000000000000000000000000000000000, B=33'111111111111111111111111111111111, Y=$flatten\bht_lut.$procmux$1760_Y
      New ports: A=1'0, B=1'1, Y=$flatten\bht_lut.$procmux$1760_Y [0]
      New connections: $flatten\bht_lut.$procmux$1760_Y [32:1] = { $flatten\bht_lut.$procmux$1760_Y [0] $flatten\bht_lut.$procmux$1760_Y [0] $flatten\bht_lut.$procmux$1760_Y [0] $flatten\bht_lut.$procmux$1760_Y [0] $flatten\bht_lut.$procmux$1760_Y [0] $flatten\bht_lut.$procmux$1760_Y [0] $flatten\bht_lut.$procmux$1760_Y [0] $flatten\bht_lut.$procmux$1760_Y [0] $flatten\bht_lut.$procmux$1760_Y [0] $flatten\bht_lut.$procmux$1760_Y [0] $flatten\bht_lut.$procmux$1760_Y [0] $flatten\bht_lut.$procmux$1760_Y [0] $flatten\bht_lut.$procmux$1760_Y [0] $flatten\bht_lut.$procmux$1760_Y [0] $flatten\bht_lut.$procmux$1760_Y [0] $flatten\bht_lut.$procmux$1760_Y [0] $flatten\bht_lut.$procmux$1760_Y [0] $flatten\bht_lut.$procmux$1760_Y [0] $flatten\bht_lut.$procmux$1760_Y [0] $flatten\bht_lut.$procmux$1760_Y [0] $flatten\bht_lut.$procmux$1760_Y [0] $flatten\bht_lut.$procmux$1760_Y [0] $flatten\bht_lut.$procmux$1760_Y [0] $flatten\bht_lut.$procmux$1760_Y [0] $flatten\bht_lut.$procmux$1760_Y [0] $flatten\bht_lut.$procmux$1760_Y [0] $flatten\bht_lut.$procmux$1760_Y [0] $flatten\bht_lut.$procmux$1760_Y [0] $flatten\bht_lut.$procmux$1760_Y [0] $flatten\bht_lut.$procmux$1760_Y [0] $flatten\bht_lut.$procmux$1760_Y [0] $flatten\bht_lut.$procmux$1760_Y [0] }
    Consolidated identical input bits for $mux cell $flatten\bht_lut.$procmux$2463:
      Old ports: A=33'000000000000000000000000000000000, B=33'111111111111111111111111111111111, Y=$flatten\bht_lut.$procmux$2463_Y
      New ports: A=1'0, B=1'1, Y=$flatten\bht_lut.$procmux$2463_Y [0]
      New connections: $flatten\bht_lut.$procmux$2463_Y [32:1] = { $flatten\bht_lut.$procmux$2463_Y [0] $flatten\bht_lut.$procmux$2463_Y [0] $flatten\bht_lut.$procmux$2463_Y [0] $flatten\bht_lut.$procmux$2463_Y [0] $flatten\bht_lut.$procmux$2463_Y [0] $flatten\bht_lut.$procmux$2463_Y [0] $flatten\bht_lut.$procmux$2463_Y [0] $flatten\bht_lut.$procmux$2463_Y [0] $flatten\bht_lut.$procmux$2463_Y [0] $flatten\bht_lut.$procmux$2463_Y [0] $flatten\bht_lut.$procmux$2463_Y [0] $flatten\bht_lut.$procmux$2463_Y [0] $flatten\bht_lut.$procmux$2463_Y [0] $flatten\bht_lut.$procmux$2463_Y [0] $flatten\bht_lut.$procmux$2463_Y [0] $flatten\bht_lut.$procmux$2463_Y [0] $flatten\bht_lut.$procmux$2463_Y [0] $flatten\bht_lut.$procmux$2463_Y [0] $flatten\bht_lut.$procmux$2463_Y [0] $flatten\bht_lut.$procmux$2463_Y [0] $flatten\bht_lut.$procmux$2463_Y [0] $flatten\bht_lut.$procmux$2463_Y [0] $flatten\bht_lut.$procmux$2463_Y [0] $flatten\bht_lut.$procmux$2463_Y [0] $flatten\bht_lut.$procmux$2463_Y [0] $flatten\bht_lut.$procmux$2463_Y [0] $flatten\bht_lut.$procmux$2463_Y [0] $flatten\bht_lut.$procmux$2463_Y [0] $flatten\bht_lut.$procmux$2463_Y [0] $flatten\bht_lut.$procmux$2463_Y [0] $flatten\bht_lut.$procmux$2463_Y [0] $flatten\bht_lut.$procmux$2463_Y [0] }
    Consolidated identical input bits for $mux cell $flatten\dmem.$procmux$4601:
      Old ports: A=16'0000000000000000, B=16'1111111111111111, Y=$flatten\dmem.$0$memwr$\ram$/openlane/designs/my_processor/src/dataMem.v:21$69_EN[15:0]$73
      New ports: A=1'0, B=1'1, Y=$flatten\dmem.$0$memwr$\ram$/openlane/designs/my_processor/src/dataMem.v:21$69_EN[15:0]$73 [0]
      New connections: $flatten\dmem.$0$memwr$\ram$/openlane/designs/my_processor/src/dataMem.v:21$69_EN[15:0]$73 [15:1] = { $flatten\dmem.$0$memwr$\ram$/openlane/designs/my_processor/src/dataMem.v:21$69_EN[15:0]$73 [0] $flatten\dmem.$0$memwr$\ram$/openlane/designs/my_processor/src/dataMem.v:21$69_EN[15:0]$73 [0] $flatten\dmem.$0$memwr$\ram$/openlane/designs/my_processor/src/dataMem.v:21$69_EN[15:0]$73 [0] $flatten\dmem.$0$memwr$\ram$/openlane/designs/my_processor/src/dataMem.v:21$69_EN[15:0]$73 [0] $flatten\dmem.$0$memwr$\ram$/openlane/designs/my_processor/src/dataMem.v:21$69_EN[15:0]$73 [0] $flatten\dmem.$0$memwr$\ram$/openlane/designs/my_processor/src/dataMem.v:21$69_EN[15:0]$73 [0] $flatten\dmem.$0$memwr$\ram$/openlane/designs/my_processor/src/dataMem.v:21$69_EN[15:0]$73 [0] $flatten\dmem.$0$memwr$\ram$/openlane/designs/my_processor/src/dataMem.v:21$69_EN[15:0]$73 [0] $flatten\dmem.$0$memwr$\ram$/openlane/designs/my_processor/src/dataMem.v:21$69_EN[15:0]$73 [0] $flatten\dmem.$0$memwr$\ram$/openlane/designs/my_processor/src/dataMem.v:21$69_EN[15:0]$73 [0] $flatten\dmem.$0$memwr$\ram$/openlane/designs/my_processor/src/dataMem.v:21$69_EN[15:0]$73 [0] $flatten\dmem.$0$memwr$\ram$/openlane/designs/my_processor/src/dataMem.v:21$69_EN[15:0]$73 [0] $flatten\dmem.$0$memwr$\ram$/openlane/designs/my_processor/src/dataMem.v:21$69_EN[15:0]$73 [0] $flatten\dmem.$0$memwr$\ram$/openlane/designs/my_processor/src/dataMem.v:21$69_EN[15:0]$73 [0] $flatten\dmem.$0$memwr$\ram$/openlane/designs/my_processor/src/dataMem.v:21$69_EN[15:0]$73 [0] }
    Consolidated identical input bits for $mux cell $flatten\bht_lut.$procmux$2490:
      Old ports: A=33'000000000000000000000000000000000, B=33'111111111111111111111111111111111, Y=$flatten\bht_lut.$procmux$2490_Y
      New ports: A=1'0, B=1'1, Y=$flatten\bht_lut.$procmux$2490_Y [0]
      New connections: $flatten\bht_lut.$procmux$2490_Y [32:1] = { $flatten\bht_lut.$procmux$2490_Y [0] $flatten\bht_lut.$procmux$2490_Y [0] $flatten\bht_lut.$procmux$2490_Y [0] $flatten\bht_lut.$procmux$2490_Y [0] $flatten\bht_lut.$procmux$2490_Y [0] $flatten\bht_lut.$procmux$2490_Y [0] $flatten\bht_lut.$procmux$2490_Y [0] $flatten\bht_lut.$procmux$2490_Y [0] $flatten\bht_lut.$procmux$2490_Y [0] $flatten\bht_lut.$procmux$2490_Y [0] $flatten\bht_lut.$procmux$2490_Y [0] $flatten\bht_lut.$procmux$2490_Y [0] $flatten\bht_lut.$procmux$2490_Y [0] $flatten\bht_lut.$procmux$2490_Y [0] $flatten\bht_lut.$procmux$2490_Y [0] $flatten\bht_lut.$procmux$2490_Y [0] $flatten\bht_lut.$procmux$2490_Y [0] $flatten\bht_lut.$procmux$2490_Y [0] $flatten\bht_lut.$procmux$2490_Y [0] $flatten\bht_lut.$procmux$2490_Y [0] $flatten\bht_lut.$procmux$2490_Y [0] $flatten\bht_lut.$procmux$2490_Y [0] $flatten\bht_lut.$procmux$2490_Y [0] $flatten\bht_lut.$procmux$2490_Y [0] $flatten\bht_lut.$procmux$2490_Y [0] $flatten\bht_lut.$procmux$2490_Y [0] $flatten\bht_lut.$procmux$2490_Y [0] $flatten\bht_lut.$procmux$2490_Y [0] $flatten\bht_lut.$procmux$2490_Y [0] $flatten\bht_lut.$procmux$2490_Y [0] $flatten\bht_lut.$procmux$2490_Y [0] $flatten\bht_lut.$procmux$2490_Y [0] }
    Consolidated identical input bits for $mux cell $flatten\bht_lut.$procmux$2517:
      Old ports: A=33'000000000000000000000000000000000, B=33'111111111111111111111111111111111, Y=$flatten\bht_lut.$procmux$2517_Y
      New ports: A=1'0, B=1'1, Y=$flatten\bht_lut.$procmux$2517_Y [0]
      New connections: $flatten\bht_lut.$procmux$2517_Y [32:1] = { $flatten\bht_lut.$procmux$2517_Y [0] $flatten\bht_lut.$procmux$2517_Y [0] $flatten\bht_lut.$procmux$2517_Y [0] $flatten\bht_lut.$procmux$2517_Y [0] $flatten\bht_lut.$procmux$2517_Y [0] $flatten\bht_lut.$procmux$2517_Y [0] $flatten\bht_lut.$procmux$2517_Y [0] $flatten\bht_lut.$procmux$2517_Y [0] $flatten\bht_lut.$procmux$2517_Y [0] $flatten\bht_lut.$procmux$2517_Y [0] $flatten\bht_lut.$procmux$2517_Y [0] $flatten\bht_lut.$procmux$2517_Y [0] $flatten\bht_lut.$procmux$2517_Y [0] $flatten\bht_lut.$procmux$2517_Y [0] $flatten\bht_lut.$procmux$2517_Y [0] $flatten\bht_lut.$procmux$2517_Y [0] $flatten\bht_lut.$procmux$2517_Y [0] $flatten\bht_lut.$procmux$2517_Y [0] $flatten\bht_lut.$procmux$2517_Y [0] $flatten\bht_lut.$procmux$2517_Y [0] $flatten\bht_lut.$procmux$2517_Y [0] $flatten\bht_lut.$procmux$2517_Y [0] $flatten\bht_lut.$procmux$2517_Y [0] $flatten\bht_lut.$procmux$2517_Y [0] $flatten\bht_lut.$procmux$2517_Y [0] $flatten\bht_lut.$procmux$2517_Y [0] $flatten\bht_lut.$procmux$2517_Y [0] $flatten\bht_lut.$procmux$2517_Y [0] $flatten\bht_lut.$procmux$2517_Y [0] $flatten\bht_lut.$procmux$2517_Y [0] $flatten\bht_lut.$procmux$2517_Y [0] $flatten\bht_lut.$procmux$2517_Y [0] }
    New ctrl vector for $pmux cell $flatten\id_controller.$procmux$4795: $auto$opt_reduce.cc:134:opt_pmux$5088
    New ctrl vector for $pmux cell $flatten\id_controller.$procmux$4799: { $flatten\id_controller.$procmux$4804_CMP $auto$opt_reduce.cc:134:opt_pmux$5090 }
    Consolidated identical input bits for $mux cell $flatten\bht_lut.$procmux$1797:
      Old ports: A=33'000000000000000000000000000000000, B=33'111111111111111111111111111111111, Y=$flatten\bht_lut.$procmux$1797_Y
      New ports: A=1'0, B=1'1, Y=$flatten\bht_lut.$procmux$1797_Y [0]
      New connections: $flatten\bht_lut.$procmux$1797_Y [32:1] = { $flatten\bht_lut.$procmux$1797_Y [0] $flatten\bht_lut.$procmux$1797_Y [0] $flatten\bht_lut.$procmux$1797_Y [0] $flatten\bht_lut.$procmux$1797_Y [0] $flatten\bht_lut.$procmux$1797_Y [0] $flatten\bht_lut.$procmux$1797_Y [0] $flatten\bht_lut.$procmux$1797_Y [0] $flatten\bht_lut.$procmux$1797_Y [0] $flatten\bht_lut.$procmux$1797_Y [0] $flatten\bht_lut.$procmux$1797_Y [0] $flatten\bht_lut.$procmux$1797_Y [0] $flatten\bht_lut.$procmux$1797_Y [0] $flatten\bht_lut.$procmux$1797_Y [0] $flatten\bht_lut.$procmux$1797_Y [0] $flatten\bht_lut.$procmux$1797_Y [0] $flatten\bht_lut.$procmux$1797_Y [0] $flatten\bht_lut.$procmux$1797_Y [0] $flatten\bht_lut.$procmux$1797_Y [0] $flatten\bht_lut.$procmux$1797_Y [0] $flatten\bht_lut.$procmux$1797_Y [0] $flatten\bht_lut.$procmux$1797_Y [0] $flatten\bht_lut.$procmux$1797_Y [0] $flatten\bht_lut.$procmux$1797_Y [0] $flatten\bht_lut.$procmux$1797_Y [0] $flatten\bht_lut.$procmux$1797_Y [0] $flatten\bht_lut.$procmux$1797_Y [0] $flatten\bht_lut.$procmux$1797_Y [0] $flatten\bht_lut.$procmux$1797_Y [0] $flatten\bht_lut.$procmux$1797_Y [0] $flatten\bht_lut.$procmux$1797_Y [0] $flatten\bht_lut.$procmux$1797_Y [0] $flatten\bht_lut.$procmux$1797_Y [0] }
    New ctrl vector for $pmux cell $flatten\id_controller.$procmux$4816: { $flatten\id_controller.$procmux$4793_CMP $flatten\id_controller.$procmux$4804_CMP $auto$opt_reduce.cc:134:opt_pmux$5092 }
    New ctrl vector for $pmux cell $flatten\id_controller.$procmux$4827: $auto$opt_reduce.cc:134:opt_pmux$5094
    New ctrl vector for $pmux cell $flatten\id_controller.$procmux$4832: $auto$opt_reduce.cc:134:opt_pmux$5096
    Consolidated identical input bits for $mux cell $flatten\bht_lut.$procmux$2544:
      Old ports: A=33'000000000000000000000000000000000, B=33'111111111111111111111111111111111, Y=$flatten\bht_lut.$procmux$2544_Y
      New ports: A=1'0, B=1'1, Y=$flatten\bht_lut.$procmux$2544_Y [0]
      New connections: $flatten\bht_lut.$procmux$2544_Y [32:1] = { $flatten\bht_lut.$procmux$2544_Y [0] $flatten\bht_lut.$procmux$2544_Y [0] $flatten\bht_lut.$procmux$2544_Y [0] $flatten\bht_lut.$procmux$2544_Y [0] $flatten\bht_lut.$procmux$2544_Y [0] $flatten\bht_lut.$procmux$2544_Y [0] $flatten\bht_lut.$procmux$2544_Y [0] $flatten\bht_lut.$procmux$2544_Y [0] $flatten\bht_lut.$procmux$2544_Y [0] $flatten\bht_lut.$procmux$2544_Y [0] $flatten\bht_lut.$procmux$2544_Y [0] $flatten\bht_lut.$procmux$2544_Y [0] $flatten\bht_lut.$procmux$2544_Y [0] $flatten\bht_lut.$procmux$2544_Y [0] $flatten\bht_lut.$procmux$2544_Y [0] $flatten\bht_lut.$procmux$2544_Y [0] $flatten\bht_lut.$procmux$2544_Y [0] $flatten\bht_lut.$procmux$2544_Y [0] $flatten\bht_lut.$procmux$2544_Y [0] $flatten\bht_lut.$procmux$2544_Y [0] $flatten\bht_lut.$procmux$2544_Y [0] $flatten\bht_lut.$procmux$2544_Y [0] $flatten\bht_lut.$procmux$2544_Y [0] $flatten\bht_lut.$procmux$2544_Y [0] $flatten\bht_lut.$procmux$2544_Y [0] $flatten\bht_lut.$procmux$2544_Y [0] $flatten\bht_lut.$procmux$2544_Y [0] $flatten\bht_lut.$procmux$2544_Y [0] $flatten\bht_lut.$procmux$2544_Y [0] $flatten\bht_lut.$procmux$2544_Y [0] $flatten\bht_lut.$procmux$2544_Y [0] $flatten\bht_lut.$procmux$2544_Y [0] }
    New ctrl vector for $pmux cell $flatten\id_controller.$procmux$4842: { $flatten\id_controller.$procmux$4822_CMP $auto$opt_reduce.cc:134:opt_pmux$5098 }
    New ctrl vector for $pmux cell $flatten\id_controller.$procmux$4849: $auto$opt_reduce.cc:134:opt_pmux$5100
    New ctrl vector for $pmux cell $flatten\id_controller.$procmux$4860: $auto$opt_reduce.cc:134:opt_pmux$5102
    Consolidated identical input bits for $mux cell $flatten\bht_lut.$procmux$2571:
      Old ports: A=33'000000000000000000000000000000000, B=33'111111111111111111111111111111111, Y=$flatten\bht_lut.$procmux$2571_Y
      New ports: A=1'0, B=1'1, Y=$flatten\bht_lut.$procmux$2571_Y [0]
      New connections: $flatten\bht_lut.$procmux$2571_Y [32:1] = { $flatten\bht_lut.$procmux$2571_Y [0] $flatten\bht_lut.$procmux$2571_Y [0] $flatten\bht_lut.$procmux$2571_Y [0] $flatten\bht_lut.$procmux$2571_Y [0] $flatten\bht_lut.$procmux$2571_Y [0] $flatten\bht_lut.$procmux$2571_Y [0] $flatten\bht_lut.$procmux$2571_Y [0] $flatten\bht_lut.$procmux$2571_Y [0] $flatten\bht_lut.$procmux$2571_Y [0] $flatten\bht_lut.$procmux$2571_Y [0] $flatten\bht_lut.$procmux$2571_Y [0] $flatten\bht_lut.$procmux$2571_Y [0] $flatten\bht_lut.$procmux$2571_Y [0] $flatten\bht_lut.$procmux$2571_Y [0] $flatten\bht_lut.$procmux$2571_Y [0] $flatten\bht_lut.$procmux$2571_Y [0] $flatten\bht_lut.$procmux$2571_Y [0] $flatten\bht_lut.$procmux$2571_Y [0] $flatten\bht_lut.$procmux$2571_Y [0] $flatten\bht_lut.$procmux$2571_Y [0] $flatten\bht_lut.$procmux$2571_Y [0] $flatten\bht_lut.$procmux$2571_Y [0] $flatten\bht_lut.$procmux$2571_Y [0] $flatten\bht_lut.$procmux$2571_Y [0] $flatten\bht_lut.$procmux$2571_Y [0] $flatten\bht_lut.$procmux$2571_Y [0] $flatten\bht_lut.$procmux$2571_Y [0] $flatten\bht_lut.$procmux$2571_Y [0] $flatten\bht_lut.$procmux$2571_Y [0] $flatten\bht_lut.$procmux$2571_Y [0] $flatten\bht_lut.$procmux$2571_Y [0] $flatten\bht_lut.$procmux$2571_Y [0] }
    Consolidated identical input bits for $mux cell $flatten\instr_mem1.$procmux$4610:
      Old ports: A=16'0000000000000000, B=16'1111111111111111, Y=$flatten\instr_mem1.$procmux$4610_Y
      New ports: A=1'0, B=1'1, Y=$flatten\instr_mem1.$procmux$4610_Y [0]
      New connections: $flatten\instr_mem1.$procmux$4610_Y [15:1] = { $flatten\instr_mem1.$procmux$4610_Y [0] $flatten\instr_mem1.$procmux$4610_Y [0] $flatten\instr_mem1.$procmux$4610_Y [0] $flatten\instr_mem1.$procmux$4610_Y [0] $flatten\instr_mem1.$procmux$4610_Y [0] $flatten\instr_mem1.$procmux$4610_Y [0] $flatten\instr_mem1.$procmux$4610_Y [0] $flatten\instr_mem1.$procmux$4610_Y [0] $flatten\instr_mem1.$procmux$4610_Y [0] $flatten\instr_mem1.$procmux$4610_Y [0] $flatten\instr_mem1.$procmux$4610_Y [0] $flatten\instr_mem1.$procmux$4610_Y [0] $flatten\instr_mem1.$procmux$4610_Y [0] $flatten\instr_mem1.$procmux$4610_Y [0] $flatten\instr_mem1.$procmux$4610_Y [0] }
    Consolidated identical input bits for $mux cell $flatten\bht_lut.$procmux$1833:
      Old ports: A=33'000000000000000000000000000000000, B=33'111111111111111111111111111111111, Y=$flatten\bht_lut.$procmux$1833_Y
      New ports: A=1'0, B=1'1, Y=$flatten\bht_lut.$procmux$1833_Y [0]
      New connections: $flatten\bht_lut.$procmux$1833_Y [32:1] = { $flatten\bht_lut.$procmux$1833_Y [0] $flatten\bht_lut.$procmux$1833_Y [0] $flatten\bht_lut.$procmux$1833_Y [0] $flatten\bht_lut.$procmux$1833_Y [0] $flatten\bht_lut.$procmux$1833_Y [0] $flatten\bht_lut.$procmux$1833_Y [0] $flatten\bht_lut.$procmux$1833_Y [0] $flatten\bht_lut.$procmux$1833_Y [0] $flatten\bht_lut.$procmux$1833_Y [0] $flatten\bht_lut.$procmux$1833_Y [0] $flatten\bht_lut.$procmux$1833_Y [0] $flatten\bht_lut.$procmux$1833_Y [0] $flatten\bht_lut.$procmux$1833_Y [0] $flatten\bht_lut.$procmux$1833_Y [0] $flatten\bht_lut.$procmux$1833_Y [0] $flatten\bht_lut.$procmux$1833_Y [0] $flatten\bht_lut.$procmux$1833_Y [0] $flatten\bht_lut.$procmux$1833_Y [0] $flatten\bht_lut.$procmux$1833_Y [0] $flatten\bht_lut.$procmux$1833_Y [0] $flatten\bht_lut.$procmux$1833_Y [0] $flatten\bht_lut.$procmux$1833_Y [0] $flatten\bht_lut.$procmux$1833_Y [0] $flatten\bht_lut.$procmux$1833_Y [0] $flatten\bht_lut.$procmux$1833_Y [0] $flatten\bht_lut.$procmux$1833_Y [0] $flatten\bht_lut.$procmux$1833_Y [0] $flatten\bht_lut.$procmux$1833_Y [0] $flatten\bht_lut.$procmux$1833_Y [0] $flatten\bht_lut.$procmux$1833_Y [0] $flatten\bht_lut.$procmux$1833_Y [0] $flatten\bht_lut.$procmux$1833_Y [0] }
    Consolidated identical input bits for $mux cell $flatten\instr_mem1.$procmux$4628:
      Old ports: A=16'0000000000000000, B=16'1111111111111111, Y=$flatten\instr_mem1.$0$memwr$\rom$/openlane/designs/my_processor/src/InstrMem.v:40$22_EN[15:0]$40
      New ports: A=1'0, B=1'1, Y=$flatten\instr_mem1.$0$memwr$\rom$/openlane/designs/my_processor/src/InstrMem.v:40$22_EN[15:0]$40 [0]
      New connections: $flatten\instr_mem1.$0$memwr$\rom$/openlane/designs/my_processor/src/InstrMem.v:40$22_EN[15:0]$40 [15:1] = { $flatten\instr_mem1.$0$memwr$\rom$/openlane/designs/my_processor/src/InstrMem.v:40$22_EN[15:0]$40 [0] $flatten\instr_mem1.$0$memwr$\rom$/openlane/designs/my_processor/src/InstrMem.v:40$22_EN[15:0]$40 [0] $flatten\instr_mem1.$0$memwr$\rom$/openlane/designs/my_processor/src/InstrMem.v:40$22_EN[15:0]$40 [0] $flatten\instr_mem1.$0$memwr$\rom$/openlane/designs/my_processor/src/InstrMem.v:40$22_EN[15:0]$40 [0] $flatten\instr_mem1.$0$memwr$\rom$/openlane/designs/my_processor/src/InstrMem.v:40$22_EN[15:0]$40 [0] $flatten\instr_mem1.$0$memwr$\rom$/openlane/designs/my_processor/src/InstrMem.v:40$22_EN[15:0]$40 [0] $flatten\instr_mem1.$0$memwr$\rom$/openlane/designs/my_processor/src/InstrMem.v:40$22_EN[15:0]$40 [0] $flatten\instr_mem1.$0$memwr$\rom$/openlane/designs/my_processor/src/InstrMem.v:40$22_EN[15:0]$40 [0] $flatten\instr_mem1.$0$memwr$\rom$/openlane/designs/my_processor/src/InstrMem.v:40$22_EN[15:0]$40 [0] $flatten\instr_mem1.$0$memwr$\rom$/openlane/designs/my_processor/src/InstrMem.v:40$22_EN[15:0]$40 [0] $flatten\instr_mem1.$0$memwr$\rom$/openlane/designs/my_processor/src/InstrMem.v:40$22_EN[15:0]$40 [0] $flatten\instr_mem1.$0$memwr$\rom$/openlane/designs/my_processor/src/InstrMem.v:40$22_EN[15:0]$40 [0] $flatten\instr_mem1.$0$memwr$\rom$/openlane/designs/my_processor/src/InstrMem.v:40$22_EN[15:0]$40 [0] $flatten\instr_mem1.$0$memwr$\rom$/openlane/designs/my_processor/src/InstrMem.v:40$22_EN[15:0]$40 [0] $flatten\instr_mem1.$0$memwr$\rom$/openlane/designs/my_processor/src/InstrMem.v:40$22_EN[15:0]$40 [0] }
    Consolidated identical input bits for $mux cell $flatten\instr_mem1.$procmux$4631:
      Old ports: A=16'0000000000000000, B=16'1111111111111111, Y=$flatten\instr_mem1.$0$memwr$\rom$/openlane/designs/my_processor/src/InstrMem.v:39$21_EN[15:0]$39
      New ports: A=1'0, B=1'1, Y=$flatten\instr_mem1.$0$memwr$\rom$/openlane/designs/my_processor/src/InstrMem.v:39$21_EN[15:0]$39 [0]
      New connections: $flatten\instr_mem1.$0$memwr$\rom$/openlane/designs/my_processor/src/InstrMem.v:39$21_EN[15:0]$39 [15:1] = { $flatten\instr_mem1.$0$memwr$\rom$/openlane/designs/my_processor/src/InstrMem.v:39$21_EN[15:0]$39 [0] $flatten\instr_mem1.$0$memwr$\rom$/openlane/designs/my_processor/src/InstrMem.v:39$21_EN[15:0]$39 [0] $flatten\instr_mem1.$0$memwr$\rom$/openlane/designs/my_processor/src/InstrMem.v:39$21_EN[15:0]$39 [0] $flatten\instr_mem1.$0$memwr$\rom$/openlane/designs/my_processor/src/InstrMem.v:39$21_EN[15:0]$39 [0] $flatten\instr_mem1.$0$memwr$\rom$/openlane/designs/my_processor/src/InstrMem.v:39$21_EN[15:0]$39 [0] $flatten\instr_mem1.$0$memwr$\rom$/openlane/designs/my_processor/src/InstrMem.v:39$21_EN[15:0]$39 [0] $flatten\instr_mem1.$0$memwr$\rom$/openlane/designs/my_processor/src/InstrMem.v:39$21_EN[15:0]$39 [0] $flatten\instr_mem1.$0$memwr$\rom$/openlane/designs/my_processor/src/InstrMem.v:39$21_EN[15:0]$39 [0] $flatten\instr_mem1.$0$memwr$\rom$/openlane/designs/my_processor/src/InstrMem.v:39$21_EN[15:0]$39 [0] $flatten\instr_mem1.$0$memwr$\rom$/openlane/designs/my_processor/src/InstrMem.v:39$21_EN[15:0]$39 [0] $flatten\instr_mem1.$0$memwr$\rom$/openlane/designs/my_processor/src/InstrMem.v:39$21_EN[15:0]$39 [0] $flatten\instr_mem1.$0$memwr$\rom$/openlane/designs/my_processor/src/InstrMem.v:39$21_EN[15:0]$39 [0] $flatten\instr_mem1.$0$memwr$\rom$/openlane/designs/my_processor/src/InstrMem.v:39$21_EN[15:0]$39 [0] $flatten\instr_mem1.$0$memwr$\rom$/openlane/designs/my_processor/src/InstrMem.v:39$21_EN[15:0]$39 [0] $flatten\instr_mem1.$0$memwr$\rom$/openlane/designs/my_processor/src/InstrMem.v:39$21_EN[15:0]$39 [0] }
    Consolidated identical input bits for $mux cell $flatten\instr_mem1.$procmux$4634:
      Old ports: A=16'0000000000000000, B=16'1111111111111111, Y=$flatten\instr_mem1.$0$memwr$\rom$/openlane/designs/my_processor/src/InstrMem.v:38$20_EN[15:0]$38
      New ports: A=1'0, B=1'1, Y=$flatten\instr_mem1.$0$memwr$\rom$/openlane/designs/my_processor/src/InstrMem.v:38$20_EN[15:0]$38 [0]
      New connections: $flatten\instr_mem1.$0$memwr$\rom$/openlane/designs/my_processor/src/InstrMem.v:38$20_EN[15:0]$38 [15:1] = { $flatten\instr_mem1.$0$memwr$\rom$/openlane/designs/my_processor/src/InstrMem.v:38$20_EN[15:0]$38 [0] $flatten\instr_mem1.$0$memwr$\rom$/openlane/designs/my_processor/src/InstrMem.v:38$20_EN[15:0]$38 [0] $flatten\instr_mem1.$0$memwr$\rom$/openlane/designs/my_processor/src/InstrMem.v:38$20_EN[15:0]$38 [0] $flatten\instr_mem1.$0$memwr$\rom$/openlane/designs/my_processor/src/InstrMem.v:38$20_EN[15:0]$38 [0] $flatten\instr_mem1.$0$memwr$\rom$/openlane/designs/my_processor/src/InstrMem.v:38$20_EN[15:0]$38 [0] $flatten\instr_mem1.$0$memwr$\rom$/openlane/designs/my_processor/src/InstrMem.v:38$20_EN[15:0]$38 [0] $flatten\instr_mem1.$0$memwr$\rom$/openlane/designs/my_processor/src/InstrMem.v:38$20_EN[15:0]$38 [0] $flatten\instr_mem1.$0$memwr$\rom$/openlane/designs/my_processor/src/InstrMem.v:38$20_EN[15:0]$38 [0] $flatten\instr_mem1.$0$memwr$\rom$/openlane/designs/my_processor/src/InstrMem.v:38$20_EN[15:0]$38 [0] $flatten\instr_mem1.$0$memwr$\rom$/openlane/designs/my_processor/src/InstrMem.v:38$20_EN[15:0]$38 [0] $flatten\instr_mem1.$0$memwr$\rom$/openlane/designs/my_processor/src/InstrMem.v:38$20_EN[15:0]$38 [0] $flatten\instr_mem1.$0$memwr$\rom$/openlane/designs/my_processor/src/InstrMem.v:38$20_EN[15:0]$38 [0] $flatten\instr_mem1.$0$memwr$\rom$/openlane/designs/my_processor/src/InstrMem.v:38$20_EN[15:0]$38 [0] $flatten\instr_mem1.$0$memwr$\rom$/openlane/designs/my_processor/src/InstrMem.v:38$20_EN[15:0]$38 [0] $flatten\instr_mem1.$0$memwr$\rom$/openlane/designs/my_processor/src/InstrMem.v:38$20_EN[15:0]$38 [0] }
    Consolidated identical input bits for $mux cell $flatten\instr_mem1.$procmux$4637:
      Old ports: A=16'0000000000000000, B=16'1111111111111111, Y=$flatten\instr_mem1.$0$memwr$\rom$/openlane/designs/my_processor/src/InstrMem.v:37$19_EN[15:0]$37
      New ports: A=1'0, B=1'1, Y=$flatten\instr_mem1.$0$memwr$\rom$/openlane/designs/my_processor/src/InstrMem.v:37$19_EN[15:0]$37 [0]
      New connections: $flatten\instr_mem1.$0$memwr$\rom$/openlane/designs/my_processor/src/InstrMem.v:37$19_EN[15:0]$37 [15:1] = { $flatten\instr_mem1.$0$memwr$\rom$/openlane/designs/my_processor/src/InstrMem.v:37$19_EN[15:0]$37 [0] $flatten\instr_mem1.$0$memwr$\rom$/openlane/designs/my_processor/src/InstrMem.v:37$19_EN[15:0]$37 [0] $flatten\instr_mem1.$0$memwr$\rom$/openlane/designs/my_processor/src/InstrMem.v:37$19_EN[15:0]$37 [0] $flatten\instr_mem1.$0$memwr$\rom$/openlane/designs/my_processor/src/InstrMem.v:37$19_EN[15:0]$37 [0] $flatten\instr_mem1.$0$memwr$\rom$/openlane/designs/my_processor/src/InstrMem.v:37$19_EN[15:0]$37 [0] $flatten\instr_mem1.$0$memwr$\rom$/openlane/designs/my_processor/src/InstrMem.v:37$19_EN[15:0]$37 [0] $flatten\instr_mem1.$0$memwr$\rom$/openlane/designs/my_processor/src/InstrMem.v:37$19_EN[15:0]$37 [0] $flatten\instr_mem1.$0$memwr$\rom$/openlane/designs/my_processor/src/InstrMem.v:37$19_EN[15:0]$37 [0] $flatten\instr_mem1.$0$memwr$\rom$/openlane/designs/my_processor/src/InstrMem.v:37$19_EN[15:0]$37 [0] $flatten\instr_mem1.$0$memwr$\rom$/openlane/designs/my_processor/src/InstrMem.v:37$19_EN[15:0]$37 [0] $flatten\instr_mem1.$0$memwr$\rom$/openlane/designs/my_processor/src/InstrMem.v:37$19_EN[15:0]$37 [0] $flatten\instr_mem1.$0$memwr$\rom$/openlane/designs/my_processor/src/InstrMem.v:37$19_EN[15:0]$37 [0] $flatten\instr_mem1.$0$memwr$\rom$/openlane/designs/my_processor/src/InstrMem.v:37$19_EN[15:0]$37 [0] $flatten\instr_mem1.$0$memwr$\rom$/openlane/designs/my_processor/src/InstrMem.v:37$19_EN[15:0]$37 [0] $flatten\instr_mem1.$0$memwr$\rom$/openlane/designs/my_processor/src/InstrMem.v:37$19_EN[15:0]$37 [0] }
    Consolidated identical input bits for $mux cell $flatten\instr_mem1.$procmux$4640:
      Old ports: A=16'0000000000000000, B=16'1111111111111111, Y=$flatten\instr_mem1.$0$memwr$\rom$/openlane/designs/my_processor/src/InstrMem.v:36$18_EN[15:0]$36
      New ports: A=1'0, B=1'1, Y=$flatten\instr_mem1.$0$memwr$\rom$/openlane/designs/my_processor/src/InstrMem.v:36$18_EN[15:0]$36 [0]
      New connections: $flatten\instr_mem1.$0$memwr$\rom$/openlane/designs/my_processor/src/InstrMem.v:36$18_EN[15:0]$36 [15:1] = { $flatten\instr_mem1.$0$memwr$\rom$/openlane/designs/my_processor/src/InstrMem.v:36$18_EN[15:0]$36 [0] $flatten\instr_mem1.$0$memwr$\rom$/openlane/designs/my_processor/src/InstrMem.v:36$18_EN[15:0]$36 [0] $flatten\instr_mem1.$0$memwr$\rom$/openlane/designs/my_processor/src/InstrMem.v:36$18_EN[15:0]$36 [0] $flatten\instr_mem1.$0$memwr$\rom$/openlane/designs/my_processor/src/InstrMem.v:36$18_EN[15:0]$36 [0] $flatten\instr_mem1.$0$memwr$\rom$/openlane/designs/my_processor/src/InstrMem.v:36$18_EN[15:0]$36 [0] $flatten\instr_mem1.$0$memwr$\rom$/openlane/designs/my_processor/src/InstrMem.v:36$18_EN[15:0]$36 [0] $flatten\instr_mem1.$0$memwr$\rom$/openlane/designs/my_processor/src/InstrMem.v:36$18_EN[15:0]$36 [0] $flatten\instr_mem1.$0$memwr$\rom$/openlane/designs/my_processor/src/InstrMem.v:36$18_EN[15:0]$36 [0] $flatten\instr_mem1.$0$memwr$\rom$/openlane/designs/my_processor/src/InstrMem.v:36$18_EN[15:0]$36 [0] $flatten\instr_mem1.$0$memwr$\rom$/openlane/designs/my_processor/src/InstrMem.v:36$18_EN[15:0]$36 [0] $flatten\instr_mem1.$0$memwr$\rom$/openlane/designs/my_processor/src/InstrMem.v:36$18_EN[15:0]$36 [0] $flatten\instr_mem1.$0$memwr$\rom$/openlane/designs/my_processor/src/InstrMem.v:36$18_EN[15:0]$36 [0] $flatten\instr_mem1.$0$memwr$\rom$/openlane/designs/my_processor/src/InstrMem.v:36$18_EN[15:0]$36 [0] $flatten\instr_mem1.$0$memwr$\rom$/openlane/designs/my_processor/src/InstrMem.v:36$18_EN[15:0]$36 [0] $flatten\instr_mem1.$0$memwr$\rom$/openlane/designs/my_processor/src/InstrMem.v:36$18_EN[15:0]$36 [0] }
    Consolidated identical input bits for $mux cell $flatten\instr_mem1.$procmux$4643:
      Old ports: A=16'0000000000000000, B=16'1111111111111111, Y=$flatten\instr_mem1.$0$memwr$\rom$/openlane/designs/my_processor/src/InstrMem.v:35$17_EN[15:0]$35
      New ports: A=1'0, B=1'1, Y=$flatten\instr_mem1.$0$memwr$\rom$/openlane/designs/my_processor/src/InstrMem.v:35$17_EN[15:0]$35 [0]
      New connections: $flatten\instr_mem1.$0$memwr$\rom$/openlane/designs/my_processor/src/InstrMem.v:35$17_EN[15:0]$35 [15:1] = { $flatten\instr_mem1.$0$memwr$\rom$/openlane/designs/my_processor/src/InstrMem.v:35$17_EN[15:0]$35 [0] $flatten\instr_mem1.$0$memwr$\rom$/openlane/designs/my_processor/src/InstrMem.v:35$17_EN[15:0]$35 [0] $flatten\instr_mem1.$0$memwr$\rom$/openlane/designs/my_processor/src/InstrMem.v:35$17_EN[15:0]$35 [0] $flatten\instr_mem1.$0$memwr$\rom$/openlane/designs/my_processor/src/InstrMem.v:35$17_EN[15:0]$35 [0] $flatten\instr_mem1.$0$memwr$\rom$/openlane/designs/my_processor/src/InstrMem.v:35$17_EN[15:0]$35 [0] $flatten\instr_mem1.$0$memwr$\rom$/openlane/designs/my_processor/src/InstrMem.v:35$17_EN[15:0]$35 [0] $flatten\instr_mem1.$0$memwr$\rom$/openlane/designs/my_processor/src/InstrMem.v:35$17_EN[15:0]$35 [0] $flatten\instr_mem1.$0$memwr$\rom$/openlane/designs/my_processor/src/InstrMem.v:35$17_EN[15:0]$35 [0] $flatten\instr_mem1.$0$memwr$\rom$/openlane/designs/my_processor/src/InstrMem.v:35$17_EN[15:0]$35 [0] $flatten\instr_mem1.$0$memwr$\rom$/openlane/designs/my_processor/src/InstrMem.v:35$17_EN[15:0]$35 [0] $flatten\instr_mem1.$0$memwr$\rom$/openlane/designs/my_processor/src/InstrMem.v:35$17_EN[15:0]$35 [0] $flatten\instr_mem1.$0$memwr$\rom$/openlane/designs/my_processor/src/InstrMem.v:35$17_EN[15:0]$35 [0] $flatten\instr_mem1.$0$memwr$\rom$/openlane/designs/my_processor/src/InstrMem.v:35$17_EN[15:0]$35 [0] $flatten\instr_mem1.$0$memwr$\rom$/openlane/designs/my_processor/src/InstrMem.v:35$17_EN[15:0]$35 [0] $flatten\instr_mem1.$0$memwr$\rom$/openlane/designs/my_processor/src/InstrMem.v:35$17_EN[15:0]$35 [0] }
    Consolidated identical input bits for $mux cell $flatten\instr_mem1.$procmux$4646:
      Old ports: A=16'0000000000000000, B=16'1111111111111111, Y=$flatten\instr_mem1.$0$memwr$\rom$/openlane/designs/my_processor/src/InstrMem.v:34$16_EN[15:0]$34
      New ports: A=1'0, B=1'1, Y=$flatten\instr_mem1.$0$memwr$\rom$/openlane/designs/my_processor/src/InstrMem.v:34$16_EN[15:0]$34 [0]
      New connections: $flatten\instr_mem1.$0$memwr$\rom$/openlane/designs/my_processor/src/InstrMem.v:34$16_EN[15:0]$34 [15:1] = { $flatten\instr_mem1.$0$memwr$\rom$/openlane/designs/my_processor/src/InstrMem.v:34$16_EN[15:0]$34 [0] $flatten\instr_mem1.$0$memwr$\rom$/openlane/designs/my_processor/src/InstrMem.v:34$16_EN[15:0]$34 [0] $flatten\instr_mem1.$0$memwr$\rom$/openlane/designs/my_processor/src/InstrMem.v:34$16_EN[15:0]$34 [0] $flatten\instr_mem1.$0$memwr$\rom$/openlane/designs/my_processor/src/InstrMem.v:34$16_EN[15:0]$34 [0] $flatten\instr_mem1.$0$memwr$\rom$/openlane/designs/my_processor/src/InstrMem.v:34$16_EN[15:0]$34 [0] $flatten\instr_mem1.$0$memwr$\rom$/openlane/designs/my_processor/src/InstrMem.v:34$16_EN[15:0]$34 [0] $flatten\instr_mem1.$0$memwr$\rom$/openlane/designs/my_processor/src/InstrMem.v:34$16_EN[15:0]$34 [0] $flatten\instr_mem1.$0$memwr$\rom$/openlane/designs/my_processor/src/InstrMem.v:34$16_EN[15:0]$34 [0] $flatten\instr_mem1.$0$memwr$\rom$/openlane/designs/my_processor/src/InstrMem.v:34$16_EN[15:0]$34 [0] $flatten\instr_mem1.$0$memwr$\rom$/openlane/designs/my_processor/src/InstrMem.v:34$16_EN[15:0]$34 [0] $flatten\instr_mem1.$0$memwr$\rom$/openlane/designs/my_processor/src/InstrMem.v:34$16_EN[15:0]$34 [0] $flatten\instr_mem1.$0$memwr$\rom$/openlane/designs/my_processor/src/InstrMem.v:34$16_EN[15:0]$34 [0] $flatten\instr_mem1.$0$memwr$\rom$/openlane/designs/my_processor/src/InstrMem.v:34$16_EN[15:0]$34 [0] $flatten\instr_mem1.$0$memwr$\rom$/openlane/designs/my_processor/src/InstrMem.v:34$16_EN[15:0]$34 [0] $flatten\instr_mem1.$0$memwr$\rom$/openlane/designs/my_processor/src/InstrMem.v:34$16_EN[15:0]$34 [0] }
    Consolidated identical input bits for $mux cell $flatten\instr_mem1.$procmux$4649:
      Old ports: A=16'0000000000000000, B=16'1111111111111111, Y=$flatten\instr_mem1.$0$memwr$\rom$/openlane/designs/my_processor/src/InstrMem.v:33$15_EN[15:0]$33
      New ports: A=1'0, B=1'1, Y=$flatten\instr_mem1.$0$memwr$\rom$/openlane/designs/my_processor/src/InstrMem.v:33$15_EN[15:0]$33 [0]
      New connections: $flatten\instr_mem1.$0$memwr$\rom$/openlane/designs/my_processor/src/InstrMem.v:33$15_EN[15:0]$33 [15:1] = { $flatten\instr_mem1.$0$memwr$\rom$/openlane/designs/my_processor/src/InstrMem.v:33$15_EN[15:0]$33 [0] $flatten\instr_mem1.$0$memwr$\rom$/openlane/designs/my_processor/src/InstrMem.v:33$15_EN[15:0]$33 [0] $flatten\instr_mem1.$0$memwr$\rom$/openlane/designs/my_processor/src/InstrMem.v:33$15_EN[15:0]$33 [0] $flatten\instr_mem1.$0$memwr$\rom$/openlane/designs/my_processor/src/InstrMem.v:33$15_EN[15:0]$33 [0] $flatten\instr_mem1.$0$memwr$\rom$/openlane/designs/my_processor/src/InstrMem.v:33$15_EN[15:0]$33 [0] $flatten\instr_mem1.$0$memwr$\rom$/openlane/designs/my_processor/src/InstrMem.v:33$15_EN[15:0]$33 [0] $flatten\instr_mem1.$0$memwr$\rom$/openlane/designs/my_processor/src/InstrMem.v:33$15_EN[15:0]$33 [0] $flatten\instr_mem1.$0$memwr$\rom$/openlane/designs/my_processor/src/InstrMem.v:33$15_EN[15:0]$33 [0] $flatten\instr_mem1.$0$memwr$\rom$/openlane/designs/my_processor/src/InstrMem.v:33$15_EN[15:0]$33 [0] $flatten\instr_mem1.$0$memwr$\rom$/openlane/designs/my_processor/src/InstrMem.v:33$15_EN[15:0]$33 [0] $flatten\instr_mem1.$0$memwr$\rom$/openlane/designs/my_processor/src/InstrMem.v:33$15_EN[15:0]$33 [0] $flatten\instr_mem1.$0$memwr$\rom$/openlane/designs/my_processor/src/InstrMem.v:33$15_EN[15:0]$33 [0] $flatten\instr_mem1.$0$memwr$\rom$/openlane/designs/my_processor/src/InstrMem.v:33$15_EN[15:0]$33 [0] $flatten\instr_mem1.$0$memwr$\rom$/openlane/designs/my_processor/src/InstrMem.v:33$15_EN[15:0]$33 [0] $flatten\instr_mem1.$0$memwr$\rom$/openlane/designs/my_processor/src/InstrMem.v:33$15_EN[15:0]$33 [0] }
    Consolidated identical input bits for $mux cell $flatten\instr_mem1.$procmux$4652:
      Old ports: A=16'0000000000000000, B=16'1111111111111111, Y=$flatten\instr_mem1.$0$memwr$\rom$/openlane/designs/my_processor/src/InstrMem.v:32$14_EN[15:0]$32
      New ports: A=1'0, B=1'1, Y=$flatten\instr_mem1.$0$memwr$\rom$/openlane/designs/my_processor/src/InstrMem.v:32$14_EN[15:0]$32 [0]
      New connections: $flatten\instr_mem1.$0$memwr$\rom$/openlane/designs/my_processor/src/InstrMem.v:32$14_EN[15:0]$32 [15:1] = { $flatten\instr_mem1.$0$memwr$\rom$/openlane/designs/my_processor/src/InstrMem.v:32$14_EN[15:0]$32 [0] $flatten\instr_mem1.$0$memwr$\rom$/openlane/designs/my_processor/src/InstrMem.v:32$14_EN[15:0]$32 [0] $flatten\instr_mem1.$0$memwr$\rom$/openlane/designs/my_processor/src/InstrMem.v:32$14_EN[15:0]$32 [0] $flatten\instr_mem1.$0$memwr$\rom$/openlane/designs/my_processor/src/InstrMem.v:32$14_EN[15:0]$32 [0] $flatten\instr_mem1.$0$memwr$\rom$/openlane/designs/my_processor/src/InstrMem.v:32$14_EN[15:0]$32 [0] $flatten\instr_mem1.$0$memwr$\rom$/openlane/designs/my_processor/src/InstrMem.v:32$14_EN[15:0]$32 [0] $flatten\instr_mem1.$0$memwr$\rom$/openlane/designs/my_processor/src/InstrMem.v:32$14_EN[15:0]$32 [0] $flatten\instr_mem1.$0$memwr$\rom$/openlane/designs/my_processor/src/InstrMem.v:32$14_EN[15:0]$32 [0] $flatten\instr_mem1.$0$memwr$\rom$/openlane/designs/my_processor/src/InstrMem.v:32$14_EN[15:0]$32 [0] $flatten\instr_mem1.$0$memwr$\rom$/openlane/designs/my_processor/src/InstrMem.v:32$14_EN[15:0]$32 [0] $flatten\instr_mem1.$0$memwr$\rom$/openlane/designs/my_processor/src/InstrMem.v:32$14_EN[15:0]$32 [0] $flatten\instr_mem1.$0$memwr$\rom$/openlane/designs/my_processor/src/InstrMem.v:32$14_EN[15:0]$32 [0] $flatten\instr_mem1.$0$memwr$\rom$/openlane/designs/my_processor/src/InstrMem.v:32$14_EN[15:0]$32 [0] $flatten\instr_mem1.$0$memwr$\rom$/openlane/designs/my_processor/src/InstrMem.v:32$14_EN[15:0]$32 [0] $flatten\instr_mem1.$0$memwr$\rom$/openlane/designs/my_processor/src/InstrMem.v:32$14_EN[15:0]$32 [0] }
    Consolidated identical input bits for $mux cell $flatten\instr_mem1.$procmux$4655:
      Old ports: A=16'0000000000000000, B=16'1111111111111111, Y=$flatten\instr_mem1.$0$memwr$\rom$/openlane/designs/my_processor/src/InstrMem.v:31$13_EN[15:0]$31
      New ports: A=1'0, B=1'1, Y=$flatten\instr_mem1.$0$memwr$\rom$/openlane/designs/my_processor/src/InstrMem.v:31$13_EN[15:0]$31 [0]
      New connections: $flatten\instr_mem1.$0$memwr$\rom$/openlane/designs/my_processor/src/InstrMem.v:31$13_EN[15:0]$31 [15:1] = { $flatten\instr_mem1.$0$memwr$\rom$/openlane/designs/my_processor/src/InstrMem.v:31$13_EN[15:0]$31 [0] $flatten\instr_mem1.$0$memwr$\rom$/openlane/designs/my_processor/src/InstrMem.v:31$13_EN[15:0]$31 [0] $flatten\instr_mem1.$0$memwr$\rom$/openlane/designs/my_processor/src/InstrMem.v:31$13_EN[15:0]$31 [0] $flatten\instr_mem1.$0$memwr$\rom$/openlane/designs/my_processor/src/InstrMem.v:31$13_EN[15:0]$31 [0] $flatten\instr_mem1.$0$memwr$\rom$/openlane/designs/my_processor/src/InstrMem.v:31$13_EN[15:0]$31 [0] $flatten\instr_mem1.$0$memwr$\rom$/openlane/designs/my_processor/src/InstrMem.v:31$13_EN[15:0]$31 [0] $flatten\instr_mem1.$0$memwr$\rom$/openlane/designs/my_processor/src/InstrMem.v:31$13_EN[15:0]$31 [0] $flatten\instr_mem1.$0$memwr$\rom$/openlane/designs/my_processor/src/InstrMem.v:31$13_EN[15:0]$31 [0] $flatten\instr_mem1.$0$memwr$\rom$/openlane/designs/my_processor/src/InstrMem.v:31$13_EN[15:0]$31 [0] $flatten\instr_mem1.$0$memwr$\rom$/openlane/designs/my_processor/src/InstrMem.v:31$13_EN[15:0]$31 [0] $flatten\instr_mem1.$0$memwr$\rom$/openlane/designs/my_processor/src/InstrMem.v:31$13_EN[15:0]$31 [0] $flatten\instr_mem1.$0$memwr$\rom$/openlane/designs/my_processor/src/InstrMem.v:31$13_EN[15:0]$31 [0] $flatten\instr_mem1.$0$memwr$\rom$/openlane/designs/my_processor/src/InstrMem.v:31$13_EN[15:0]$31 [0] $flatten\instr_mem1.$0$memwr$\rom$/openlane/designs/my_processor/src/InstrMem.v:31$13_EN[15:0]$31 [0] $flatten\instr_mem1.$0$memwr$\rom$/openlane/designs/my_processor/src/InstrMem.v:31$13_EN[15:0]$31 [0] }
    Consolidated identical input bits for $mux cell $flatten\instr_mem1.$procmux$4658:
      Old ports: A=16'0000000000000000, B=16'1111111111111111, Y=$flatten\instr_mem1.$0$memwr$\rom$/openlane/designs/my_processor/src/InstrMem.v:30$12_EN[15:0]$30
      New ports: A=1'0, B=1'1, Y=$flatten\instr_mem1.$0$memwr$\rom$/openlane/designs/my_processor/src/InstrMem.v:30$12_EN[15:0]$30 [0]
      New connections: $flatten\instr_mem1.$0$memwr$\rom$/openlane/designs/my_processor/src/InstrMem.v:30$12_EN[15:0]$30 [15:1] = { $flatten\instr_mem1.$0$memwr$\rom$/openlane/designs/my_processor/src/InstrMem.v:30$12_EN[15:0]$30 [0] $flatten\instr_mem1.$0$memwr$\rom$/openlane/designs/my_processor/src/InstrMem.v:30$12_EN[15:0]$30 [0] $flatten\instr_mem1.$0$memwr$\rom$/openlane/designs/my_processor/src/InstrMem.v:30$12_EN[15:0]$30 [0] $flatten\instr_mem1.$0$memwr$\rom$/openlane/designs/my_processor/src/InstrMem.v:30$12_EN[15:0]$30 [0] $flatten\instr_mem1.$0$memwr$\rom$/openlane/designs/my_processor/src/InstrMem.v:30$12_EN[15:0]$30 [0] $flatten\instr_mem1.$0$memwr$\rom$/openlane/designs/my_processor/src/InstrMem.v:30$12_EN[15:0]$30 [0] $flatten\instr_mem1.$0$memwr$\rom$/openlane/designs/my_processor/src/InstrMem.v:30$12_EN[15:0]$30 [0] $flatten\instr_mem1.$0$memwr$\rom$/openlane/designs/my_processor/src/InstrMem.v:30$12_EN[15:0]$30 [0] $flatten\instr_mem1.$0$memwr$\rom$/openlane/designs/my_processor/src/InstrMem.v:30$12_EN[15:0]$30 [0] $flatten\instr_mem1.$0$memwr$\rom$/openlane/designs/my_processor/src/InstrMem.v:30$12_EN[15:0]$30 [0] $flatten\instr_mem1.$0$memwr$\rom$/openlane/designs/my_processor/src/InstrMem.v:30$12_EN[15:0]$30 [0] $flatten\instr_mem1.$0$memwr$\rom$/openlane/designs/my_processor/src/InstrMem.v:30$12_EN[15:0]$30 [0] $flatten\instr_mem1.$0$memwr$\rom$/openlane/designs/my_processor/src/InstrMem.v:30$12_EN[15:0]$30 [0] $flatten\instr_mem1.$0$memwr$\rom$/openlane/designs/my_processor/src/InstrMem.v:30$12_EN[15:0]$30 [0] $flatten\instr_mem1.$0$memwr$\rom$/openlane/designs/my_processor/src/InstrMem.v:30$12_EN[15:0]$30 [0] }
    Consolidated identical input bits for $mux cell $flatten\instr_mem1.$procmux$4661:
      Old ports: A=16'0000000000000000, B=16'1111111111111111, Y=$flatten\instr_mem1.$0$memwr$\rom$/openlane/designs/my_processor/src/InstrMem.v:29$11_EN[15:0]$29
      New ports: A=1'0, B=1'1, Y=$flatten\instr_mem1.$0$memwr$\rom$/openlane/designs/my_processor/src/InstrMem.v:29$11_EN[15:0]$29 [0]
      New connections: $flatten\instr_mem1.$0$memwr$\rom$/openlane/designs/my_processor/src/InstrMem.v:29$11_EN[15:0]$29 [15:1] = { $flatten\instr_mem1.$0$memwr$\rom$/openlane/designs/my_processor/src/InstrMem.v:29$11_EN[15:0]$29 [0] $flatten\instr_mem1.$0$memwr$\rom$/openlane/designs/my_processor/src/InstrMem.v:29$11_EN[15:0]$29 [0] $flatten\instr_mem1.$0$memwr$\rom$/openlane/designs/my_processor/src/InstrMem.v:29$11_EN[15:0]$29 [0] $flatten\instr_mem1.$0$memwr$\rom$/openlane/designs/my_processor/src/InstrMem.v:29$11_EN[15:0]$29 [0] $flatten\instr_mem1.$0$memwr$\rom$/openlane/designs/my_processor/src/InstrMem.v:29$11_EN[15:0]$29 [0] $flatten\instr_mem1.$0$memwr$\rom$/openlane/designs/my_processor/src/InstrMem.v:29$11_EN[15:0]$29 [0] $flatten\instr_mem1.$0$memwr$\rom$/openlane/designs/my_processor/src/InstrMem.v:29$11_EN[15:0]$29 [0] $flatten\instr_mem1.$0$memwr$\rom$/openlane/designs/my_processor/src/InstrMem.v:29$11_EN[15:0]$29 [0] $flatten\instr_mem1.$0$memwr$\rom$/openlane/designs/my_processor/src/InstrMem.v:29$11_EN[15:0]$29 [0] $flatten\instr_mem1.$0$memwr$\rom$/openlane/designs/my_processor/src/InstrMem.v:29$11_EN[15:0]$29 [0] $flatten\instr_mem1.$0$memwr$\rom$/openlane/designs/my_processor/src/InstrMem.v:29$11_EN[15:0]$29 [0] $flatten\instr_mem1.$0$memwr$\rom$/openlane/designs/my_processor/src/InstrMem.v:29$11_EN[15:0]$29 [0] $flatten\instr_mem1.$0$memwr$\rom$/openlane/designs/my_processor/src/InstrMem.v:29$11_EN[15:0]$29 [0] $flatten\instr_mem1.$0$memwr$\rom$/openlane/designs/my_processor/src/InstrMem.v:29$11_EN[15:0]$29 [0] $flatten\instr_mem1.$0$memwr$\rom$/openlane/designs/my_processor/src/InstrMem.v:29$11_EN[15:0]$29 [0] }
    Consolidated identical input bits for $mux cell $flatten\instr_mem1.$procmux$4664:
      Old ports: A=16'0000000000000000, B=16'1111111111111111, Y=$flatten\instr_mem1.$0$memwr$\rom$/openlane/designs/my_processor/src/InstrMem.v:28$10_EN[15:0]$28
      New ports: A=1'0, B=1'1, Y=$flatten\instr_mem1.$0$memwr$\rom$/openlane/designs/my_processor/src/InstrMem.v:28$10_EN[15:0]$28 [0]
      New connections: $flatten\instr_mem1.$0$memwr$\rom$/openlane/designs/my_processor/src/InstrMem.v:28$10_EN[15:0]$28 [15:1] = { $flatten\instr_mem1.$0$memwr$\rom$/openlane/designs/my_processor/src/InstrMem.v:28$10_EN[15:0]$28 [0] $flatten\instr_mem1.$0$memwr$\rom$/openlane/designs/my_processor/src/InstrMem.v:28$10_EN[15:0]$28 [0] $flatten\instr_mem1.$0$memwr$\rom$/openlane/designs/my_processor/src/InstrMem.v:28$10_EN[15:0]$28 [0] $flatten\instr_mem1.$0$memwr$\rom$/openlane/designs/my_processor/src/InstrMem.v:28$10_EN[15:0]$28 [0] $flatten\instr_mem1.$0$memwr$\rom$/openlane/designs/my_processor/src/InstrMem.v:28$10_EN[15:0]$28 [0] $flatten\instr_mem1.$0$memwr$\rom$/openlane/designs/my_processor/src/InstrMem.v:28$10_EN[15:0]$28 [0] $flatten\instr_mem1.$0$memwr$\rom$/openlane/designs/my_processor/src/InstrMem.v:28$10_EN[15:0]$28 [0] $flatten\instr_mem1.$0$memwr$\rom$/openlane/designs/my_processor/src/InstrMem.v:28$10_EN[15:0]$28 [0] $flatten\instr_mem1.$0$memwr$\rom$/openlane/designs/my_processor/src/InstrMem.v:28$10_EN[15:0]$28 [0] $flatten\instr_mem1.$0$memwr$\rom$/openlane/designs/my_processor/src/InstrMem.v:28$10_EN[15:0]$28 [0] $flatten\instr_mem1.$0$memwr$\rom$/openlane/designs/my_processor/src/InstrMem.v:28$10_EN[15:0]$28 [0] $flatten\instr_mem1.$0$memwr$\rom$/openlane/designs/my_processor/src/InstrMem.v:28$10_EN[15:0]$28 [0] $flatten\instr_mem1.$0$memwr$\rom$/openlane/designs/my_processor/src/InstrMem.v:28$10_EN[15:0]$28 [0] $flatten\instr_mem1.$0$memwr$\rom$/openlane/designs/my_processor/src/InstrMem.v:28$10_EN[15:0]$28 [0] $flatten\instr_mem1.$0$memwr$\rom$/openlane/designs/my_processor/src/InstrMem.v:28$10_EN[15:0]$28 [0] }
    Consolidated identical input bits for $mux cell $flatten\instr_mem1.$procmux$4667:
      Old ports: A=16'0000000000000000, B=16'1111111111111111, Y=$flatten\instr_mem1.$0$memwr$\rom$/openlane/designs/my_processor/src/InstrMem.v:27$9_EN[15:0]$27
      New ports: A=1'0, B=1'1, Y=$flatten\instr_mem1.$0$memwr$\rom$/openlane/designs/my_processor/src/InstrMem.v:27$9_EN[15:0]$27 [0]
      New connections: $flatten\instr_mem1.$0$memwr$\rom$/openlane/designs/my_processor/src/InstrMem.v:27$9_EN[15:0]$27 [15:1] = { $flatten\instr_mem1.$0$memwr$\rom$/openlane/designs/my_processor/src/InstrMem.v:27$9_EN[15:0]$27 [0] $flatten\instr_mem1.$0$memwr$\rom$/openlane/designs/my_processor/src/InstrMem.v:27$9_EN[15:0]$27 [0] $flatten\instr_mem1.$0$memwr$\rom$/openlane/designs/my_processor/src/InstrMem.v:27$9_EN[15:0]$27 [0] $flatten\instr_mem1.$0$memwr$\rom$/openlane/designs/my_processor/src/InstrMem.v:27$9_EN[15:0]$27 [0] $flatten\instr_mem1.$0$memwr$\rom$/openlane/designs/my_processor/src/InstrMem.v:27$9_EN[15:0]$27 [0] $flatten\instr_mem1.$0$memwr$\rom$/openlane/designs/my_processor/src/InstrMem.v:27$9_EN[15:0]$27 [0] $flatten\instr_mem1.$0$memwr$\rom$/openlane/designs/my_processor/src/InstrMem.v:27$9_EN[15:0]$27 [0] $flatten\instr_mem1.$0$memwr$\rom$/openlane/designs/my_processor/src/InstrMem.v:27$9_EN[15:0]$27 [0] $flatten\instr_mem1.$0$memwr$\rom$/openlane/designs/my_processor/src/InstrMem.v:27$9_EN[15:0]$27 [0] $flatten\instr_mem1.$0$memwr$\rom$/openlane/designs/my_processor/src/InstrMem.v:27$9_EN[15:0]$27 [0] $flatten\instr_mem1.$0$memwr$\rom$/openlane/designs/my_processor/src/InstrMem.v:27$9_EN[15:0]$27 [0] $flatten\instr_mem1.$0$memwr$\rom$/openlane/designs/my_processor/src/InstrMem.v:27$9_EN[15:0]$27 [0] $flatten\instr_mem1.$0$memwr$\rom$/openlane/designs/my_processor/src/InstrMem.v:27$9_EN[15:0]$27 [0] $flatten\instr_mem1.$0$memwr$\rom$/openlane/designs/my_processor/src/InstrMem.v:27$9_EN[15:0]$27 [0] $flatten\instr_mem1.$0$memwr$\rom$/openlane/designs/my_processor/src/InstrMem.v:27$9_EN[15:0]$27 [0] }
    Consolidated identical input bits for $mux cell $flatten\instr_mem1.$procmux$4670:
      Old ports: A=16'0000000000000000, B=16'1111111111111111, Y=$flatten\instr_mem1.$0$memwr$\rom$/openlane/designs/my_processor/src/InstrMem.v:26$8_EN[15:0]$26
      New ports: A=1'0, B=1'1, Y=$flatten\instr_mem1.$0$memwr$\rom$/openlane/designs/my_processor/src/InstrMem.v:26$8_EN[15:0]$26 [0]
      New connections: $flatten\instr_mem1.$0$memwr$\rom$/openlane/designs/my_processor/src/InstrMem.v:26$8_EN[15:0]$26 [15:1] = { $flatten\instr_mem1.$0$memwr$\rom$/openlane/designs/my_processor/src/InstrMem.v:26$8_EN[15:0]$26 [0] $flatten\instr_mem1.$0$memwr$\rom$/openlane/designs/my_processor/src/InstrMem.v:26$8_EN[15:0]$26 [0] $flatten\instr_mem1.$0$memwr$\rom$/openlane/designs/my_processor/src/InstrMem.v:26$8_EN[15:0]$26 [0] $flatten\instr_mem1.$0$memwr$\rom$/openlane/designs/my_processor/src/InstrMem.v:26$8_EN[15:0]$26 [0] $flatten\instr_mem1.$0$memwr$\rom$/openlane/designs/my_processor/src/InstrMem.v:26$8_EN[15:0]$26 [0] $flatten\instr_mem1.$0$memwr$\rom$/openlane/designs/my_processor/src/InstrMem.v:26$8_EN[15:0]$26 [0] $flatten\instr_mem1.$0$memwr$\rom$/openlane/designs/my_processor/src/InstrMem.v:26$8_EN[15:0]$26 [0] $flatten\instr_mem1.$0$memwr$\rom$/openlane/designs/my_processor/src/InstrMem.v:26$8_EN[15:0]$26 [0] $flatten\instr_mem1.$0$memwr$\rom$/openlane/designs/my_processor/src/InstrMem.v:26$8_EN[15:0]$26 [0] $flatten\instr_mem1.$0$memwr$\rom$/openlane/designs/my_processor/src/InstrMem.v:26$8_EN[15:0]$26 [0] $flatten\instr_mem1.$0$memwr$\rom$/openlane/designs/my_processor/src/InstrMem.v:26$8_EN[15:0]$26 [0] $flatten\instr_mem1.$0$memwr$\rom$/openlane/designs/my_processor/src/InstrMem.v:26$8_EN[15:0]$26 [0] $flatten\instr_mem1.$0$memwr$\rom$/openlane/designs/my_processor/src/InstrMem.v:26$8_EN[15:0]$26 [0] $flatten\instr_mem1.$0$memwr$\rom$/openlane/designs/my_processor/src/InstrMem.v:26$8_EN[15:0]$26 [0] $flatten\instr_mem1.$0$memwr$\rom$/openlane/designs/my_processor/src/InstrMem.v:26$8_EN[15:0]$26 [0] }
    Consolidated identical input bits for $mux cell $flatten\instr_mem1.$procmux$4673:
      Old ports: A=16'0000000000000000, B=16'1111111111111111, Y=$flatten\instr_mem1.$0$memwr$\rom$/openlane/designs/my_processor/src/InstrMem.v:25$7_EN[15:0]$25
      New ports: A=1'0, B=1'1, Y=$flatten\instr_mem1.$0$memwr$\rom$/openlane/designs/my_processor/src/InstrMem.v:25$7_EN[15:0]$25 [0]
      New connections: $flatten\instr_mem1.$0$memwr$\rom$/openlane/designs/my_processor/src/InstrMem.v:25$7_EN[15:0]$25 [15:1] = { $flatten\instr_mem1.$0$memwr$\rom$/openlane/designs/my_processor/src/InstrMem.v:25$7_EN[15:0]$25 [0] $flatten\instr_mem1.$0$memwr$\rom$/openlane/designs/my_processor/src/InstrMem.v:25$7_EN[15:0]$25 [0] $flatten\instr_mem1.$0$memwr$\rom$/openlane/designs/my_processor/src/InstrMem.v:25$7_EN[15:0]$25 [0] $flatten\instr_mem1.$0$memwr$\rom$/openlane/designs/my_processor/src/InstrMem.v:25$7_EN[15:0]$25 [0] $flatten\instr_mem1.$0$memwr$\rom$/openlane/designs/my_processor/src/InstrMem.v:25$7_EN[15:0]$25 [0] $flatten\instr_mem1.$0$memwr$\rom$/openlane/designs/my_processor/src/InstrMem.v:25$7_EN[15:0]$25 [0] $flatten\instr_mem1.$0$memwr$\rom$/openlane/designs/my_processor/src/InstrMem.v:25$7_EN[15:0]$25 [0] $flatten\instr_mem1.$0$memwr$\rom$/openlane/designs/my_processor/src/InstrMem.v:25$7_EN[15:0]$25 [0] $flatten\instr_mem1.$0$memwr$\rom$/openlane/designs/my_processor/src/InstrMem.v:25$7_EN[15:0]$25 [0] $flatten\instr_mem1.$0$memwr$\rom$/openlane/designs/my_processor/src/InstrMem.v:25$7_EN[15:0]$25 [0] $flatten\instr_mem1.$0$memwr$\rom$/openlane/designs/my_processor/src/InstrMem.v:25$7_EN[15:0]$25 [0] $flatten\instr_mem1.$0$memwr$\rom$/openlane/designs/my_processor/src/InstrMem.v:25$7_EN[15:0]$25 [0] $flatten\instr_mem1.$0$memwr$\rom$/openlane/designs/my_processor/src/InstrMem.v:25$7_EN[15:0]$25 [0] $flatten\instr_mem1.$0$memwr$\rom$/openlane/designs/my_processor/src/InstrMem.v:25$7_EN[15:0]$25 [0] $flatten\instr_mem1.$0$memwr$\rom$/openlane/designs/my_processor/src/InstrMem.v:25$7_EN[15:0]$25 [0] }
    Consolidated identical input bits for $mux cell $flatten\bht_lut.$procmux$2598:
      Old ports: A=33'000000000000000000000000000000000, B=33'111111111111111111111111111111111, Y=$flatten\bht_lut.$procmux$2598_Y
      New ports: A=1'0, B=1'1, Y=$flatten\bht_lut.$procmux$2598_Y [0]
      New connections: $flatten\bht_lut.$procmux$2598_Y [32:1] = { $flatten\bht_lut.$procmux$2598_Y [0] $flatten\bht_lut.$procmux$2598_Y [0] $flatten\bht_lut.$procmux$2598_Y [0] $flatten\bht_lut.$procmux$2598_Y [0] $flatten\bht_lut.$procmux$2598_Y [0] $flatten\bht_lut.$procmux$2598_Y [0] $flatten\bht_lut.$procmux$2598_Y [0] $flatten\bht_lut.$procmux$2598_Y [0] $flatten\bht_lut.$procmux$2598_Y [0] $flatten\bht_lut.$procmux$2598_Y [0] $flatten\bht_lut.$procmux$2598_Y [0] $flatten\bht_lut.$procmux$2598_Y [0] $flatten\bht_lut.$procmux$2598_Y [0] $flatten\bht_lut.$procmux$2598_Y [0] $flatten\bht_lut.$procmux$2598_Y [0] $flatten\bht_lut.$procmux$2598_Y [0] $flatten\bht_lut.$procmux$2598_Y [0] $flatten\bht_lut.$procmux$2598_Y [0] $flatten\bht_lut.$procmux$2598_Y [0] $flatten\bht_lut.$procmux$2598_Y [0] $flatten\bht_lut.$procmux$2598_Y [0] $flatten\bht_lut.$procmux$2598_Y [0] $flatten\bht_lut.$procmux$2598_Y [0] $flatten\bht_lut.$procmux$2598_Y [0] $flatten\bht_lut.$procmux$2598_Y [0] $flatten\bht_lut.$procmux$2598_Y [0] $flatten\bht_lut.$procmux$2598_Y [0] $flatten\bht_lut.$procmux$2598_Y [0] $flatten\bht_lut.$procmux$2598_Y [0] $flatten\bht_lut.$procmux$2598_Y [0] $flatten\bht_lut.$procmux$2598_Y [0] $flatten\bht_lut.$procmux$2598_Y [0] }
    Consolidated identical input bits for $mux cell $flatten\register_file.$procmux$1472:
      Old ports: A=16'0000000000000000, B=16'1111111111111111, Y=$flatten\register_file.$procmux$1472_Y
      New ports: A=1'0, B=1'1, Y=$flatten\register_file.$procmux$1472_Y [0]
      New connections: $flatten\register_file.$procmux$1472_Y [15:1] = { $flatten\register_file.$procmux$1472_Y [0] $flatten\register_file.$procmux$1472_Y [0] $flatten\register_file.$procmux$1472_Y [0] $flatten\register_file.$procmux$1472_Y [0] $flatten\register_file.$procmux$1472_Y [0] $flatten\register_file.$procmux$1472_Y [0] $flatten\register_file.$procmux$1472_Y [0] $flatten\register_file.$procmux$1472_Y [0] $flatten\register_file.$procmux$1472_Y [0] $flatten\register_file.$procmux$1472_Y [0] $flatten\register_file.$procmux$1472_Y [0] $flatten\register_file.$procmux$1472_Y [0] $flatten\register_file.$procmux$1472_Y [0] $flatten\register_file.$procmux$1472_Y [0] $flatten\register_file.$procmux$1472_Y [0] }
    Consolidated identical input bits for $mux cell $flatten\bht_lut.$procmux$2624:
      Old ports: A=33'000000000000000000000000000000000, B=33'111111111111111111111111111111111, Y=$flatten\bht_lut.$procmux$2624_Y
      New ports: A=1'0, B=1'1, Y=$flatten\bht_lut.$procmux$2624_Y [0]
      New connections: $flatten\bht_lut.$procmux$2624_Y [32:1] = { $flatten\bht_lut.$procmux$2624_Y [0] $flatten\bht_lut.$procmux$2624_Y [0] $flatten\bht_lut.$procmux$2624_Y [0] $flatten\bht_lut.$procmux$2624_Y [0] $flatten\bht_lut.$procmux$2624_Y [0] $flatten\bht_lut.$procmux$2624_Y [0] $flatten\bht_lut.$procmux$2624_Y [0] $flatten\bht_lut.$procmux$2624_Y [0] $flatten\bht_lut.$procmux$2624_Y [0] $flatten\bht_lut.$procmux$2624_Y [0] $flatten\bht_lut.$procmux$2624_Y [0] $flatten\bht_lut.$procmux$2624_Y [0] $flatten\bht_lut.$procmux$2624_Y [0] $flatten\bht_lut.$procmux$2624_Y [0] $flatten\bht_lut.$procmux$2624_Y [0] $flatten\bht_lut.$procmux$2624_Y [0] $flatten\bht_lut.$procmux$2624_Y [0] $flatten\bht_lut.$procmux$2624_Y [0] $flatten\bht_lut.$procmux$2624_Y [0] $flatten\bht_lut.$procmux$2624_Y [0] $flatten\bht_lut.$procmux$2624_Y [0] $flatten\bht_lut.$procmux$2624_Y [0] $flatten\bht_lut.$procmux$2624_Y [0] $flatten\bht_lut.$procmux$2624_Y [0] $flatten\bht_lut.$procmux$2624_Y [0] $flatten\bht_lut.$procmux$2624_Y [0] $flatten\bht_lut.$procmux$2624_Y [0] $flatten\bht_lut.$procmux$2624_Y [0] $flatten\bht_lut.$procmux$2624_Y [0] $flatten\bht_lut.$procmux$2624_Y [0] $flatten\bht_lut.$procmux$2624_Y [0] $flatten\bht_lut.$procmux$2624_Y [0] }
    Consolidated identical input bits for $mux cell $flatten\register_file.$procmux$1484:
      Old ports: A=16'0000000000000000, B=16'1111111111111111, Y=$flatten\register_file.$procmux$1484_Y
      New ports: A=1'0, B=1'1, Y=$flatten\register_file.$procmux$1484_Y [0]
      New connections: $flatten\register_file.$procmux$1484_Y [15:1] = { $flatten\register_file.$procmux$1484_Y [0] $flatten\register_file.$procmux$1484_Y [0] $flatten\register_file.$procmux$1484_Y [0] $flatten\register_file.$procmux$1484_Y [0] $flatten\register_file.$procmux$1484_Y [0] $flatten\register_file.$procmux$1484_Y [0] $flatten\register_file.$procmux$1484_Y [0] $flatten\register_file.$procmux$1484_Y [0] $flatten\register_file.$procmux$1484_Y [0] $flatten\register_file.$procmux$1484_Y [0] $flatten\register_file.$procmux$1484_Y [0] $flatten\register_file.$procmux$1484_Y [0] $flatten\register_file.$procmux$1484_Y [0] $flatten\register_file.$procmux$1484_Y [0] $flatten\register_file.$procmux$1484_Y [0] }
    Consolidated identical input bits for $mux cell $flatten\bht_lut.$procmux$1869:
      Old ports: A=33'000000000000000000000000000000000, B=33'111111111111111111111111111111111, Y=$flatten\bht_lut.$procmux$1869_Y
      New ports: A=1'0, B=1'1, Y=$flatten\bht_lut.$procmux$1869_Y [0]
      New connections: $flatten\bht_lut.$procmux$1869_Y [32:1] = { $flatten\bht_lut.$procmux$1869_Y [0] $flatten\bht_lut.$procmux$1869_Y [0] $flatten\bht_lut.$procmux$1869_Y [0] $flatten\bht_lut.$procmux$1869_Y [0] $flatten\bht_lut.$procmux$1869_Y [0] $flatten\bht_lut.$procmux$1869_Y [0] $flatten\bht_lut.$procmux$1869_Y [0] $flatten\bht_lut.$procmux$1869_Y [0] $flatten\bht_lut.$procmux$1869_Y [0] $flatten\bht_lut.$procmux$1869_Y [0] $flatten\bht_lut.$procmux$1869_Y [0] $flatten\bht_lut.$procmux$1869_Y [0] $flatten\bht_lut.$procmux$1869_Y [0] $flatten\bht_lut.$procmux$1869_Y [0] $flatten\bht_lut.$procmux$1869_Y [0] $flatten\bht_lut.$procmux$1869_Y [0] $flatten\bht_lut.$procmux$1869_Y [0] $flatten\bht_lut.$procmux$1869_Y [0] $flatten\bht_lut.$procmux$1869_Y [0] $flatten\bht_lut.$procmux$1869_Y [0] $flatten\bht_lut.$procmux$1869_Y [0] $flatten\bht_lut.$procmux$1869_Y [0] $flatten\bht_lut.$procmux$1869_Y [0] $flatten\bht_lut.$procmux$1869_Y [0] $flatten\bht_lut.$procmux$1869_Y [0] $flatten\bht_lut.$procmux$1869_Y [0] $flatten\bht_lut.$procmux$1869_Y [0] $flatten\bht_lut.$procmux$1869_Y [0] $flatten\bht_lut.$procmux$1869_Y [0] $flatten\bht_lut.$procmux$1869_Y [0] $flatten\bht_lut.$procmux$1869_Y [0] $flatten\bht_lut.$procmux$1869_Y [0] }
    Consolidated identical input bits for $mux cell $flatten\register_file.$procmux$1505:
      Old ports: A=16'0000000000000000, B=16'1111111111111111, Y=$flatten\register_file.$0$memwr$\registerFile$/openlane/designs/my_processor/src/registerBank.v:51$866_EN[15:0]$889
      New ports: A=1'0, B=1'1, Y=$flatten\register_file.$0$memwr$\registerFile$/openlane/designs/my_processor/src/registerBank.v:51$866_EN[15:0]$889 [0]
      New connections: $flatten\register_file.$0$memwr$\registerFile$/openlane/designs/my_processor/src/registerBank.v:51$866_EN[15:0]$889 [15:1] = { $flatten\register_file.$0$memwr$\registerFile$/openlane/designs/my_processor/src/registerBank.v:51$866_EN[15:0]$889 [0] $flatten\register_file.$0$memwr$\registerFile$/openlane/designs/my_processor/src/registerBank.v:51$866_EN[15:0]$889 [0] $flatten\register_file.$0$memwr$\registerFile$/openlane/designs/my_processor/src/registerBank.v:51$866_EN[15:0]$889 [0] $flatten\register_file.$0$memwr$\registerFile$/openlane/designs/my_processor/src/registerBank.v:51$866_EN[15:0]$889 [0] $flatten\register_file.$0$memwr$\registerFile$/openlane/designs/my_processor/src/registerBank.v:51$866_EN[15:0]$889 [0] $flatten\register_file.$0$memwr$\registerFile$/openlane/designs/my_processor/src/registerBank.v:51$866_EN[15:0]$889 [0] $flatten\register_file.$0$memwr$\registerFile$/openlane/designs/my_processor/src/registerBank.v:51$866_EN[15:0]$889 [0] $flatten\register_file.$0$memwr$\registerFile$/openlane/designs/my_processor/src/registerBank.v:51$866_EN[15:0]$889 [0] $flatten\register_file.$0$memwr$\registerFile$/openlane/designs/my_processor/src/registerBank.v:51$866_EN[15:0]$889 [0] $flatten\register_file.$0$memwr$\registerFile$/openlane/designs/my_processor/src/registerBank.v:51$866_EN[15:0]$889 [0] $flatten\register_file.$0$memwr$\registerFile$/openlane/designs/my_processor/src/registerBank.v:51$866_EN[15:0]$889 [0] $flatten\register_file.$0$memwr$\registerFile$/openlane/designs/my_processor/src/registerBank.v:51$866_EN[15:0]$889 [0] $flatten\register_file.$0$memwr$\registerFile$/openlane/designs/my_processor/src/registerBank.v:51$866_EN[15:0]$889 [0] $flatten\register_file.$0$memwr$\registerFile$/openlane/designs/my_processor/src/registerBank.v:51$866_EN[15:0]$889 [0] $flatten\register_file.$0$memwr$\registerFile$/openlane/designs/my_processor/src/registerBank.v:51$866_EN[15:0]$889 [0] }
    Consolidated identical input bits for $mux cell $flatten\register_file.$procmux$1508:
      Old ports: A=16'0000000000000000, B=16'1111111111111111, Y=$flatten\register_file.$0$memwr$\registerFile$/openlane/designs/my_processor/src/registerBank.v:51$865_EN[15:0]$888
      New ports: A=1'0, B=1'1, Y=$flatten\register_file.$0$memwr$\registerFile$/openlane/designs/my_processor/src/registerBank.v:51$865_EN[15:0]$888 [0]
      New connections: $flatten\register_file.$0$memwr$\registerFile$/openlane/designs/my_processor/src/registerBank.v:51$865_EN[15:0]$888 [15:1] = { $flatten\register_file.$0$memwr$\registerFile$/openlane/designs/my_processor/src/registerBank.v:51$865_EN[15:0]$888 [0] $flatten\register_file.$0$memwr$\registerFile$/openlane/designs/my_processor/src/registerBank.v:51$865_EN[15:0]$888 [0] $flatten\register_file.$0$memwr$\registerFile$/openlane/designs/my_processor/src/registerBank.v:51$865_EN[15:0]$888 [0] $flatten\register_file.$0$memwr$\registerFile$/openlane/designs/my_processor/src/registerBank.v:51$865_EN[15:0]$888 [0] $flatten\register_file.$0$memwr$\registerFile$/openlane/designs/my_processor/src/registerBank.v:51$865_EN[15:0]$888 [0] $flatten\register_file.$0$memwr$\registerFile$/openlane/designs/my_processor/src/registerBank.v:51$865_EN[15:0]$888 [0] $flatten\register_file.$0$memwr$\registerFile$/openlane/designs/my_processor/src/registerBank.v:51$865_EN[15:0]$888 [0] $flatten\register_file.$0$memwr$\registerFile$/openlane/designs/my_processor/src/registerBank.v:51$865_EN[15:0]$888 [0] $flatten\register_file.$0$memwr$\registerFile$/openlane/designs/my_processor/src/registerBank.v:51$865_EN[15:0]$888 [0] $flatten\register_file.$0$memwr$\registerFile$/openlane/designs/my_processor/src/registerBank.v:51$865_EN[15:0]$888 [0] $flatten\register_file.$0$memwr$\registerFile$/openlane/designs/my_processor/src/registerBank.v:51$865_EN[15:0]$888 [0] $flatten\register_file.$0$memwr$\registerFile$/openlane/designs/my_processor/src/registerBank.v:51$865_EN[15:0]$888 [0] $flatten\register_file.$0$memwr$\registerFile$/openlane/designs/my_processor/src/registerBank.v:51$865_EN[15:0]$888 [0] $flatten\register_file.$0$memwr$\registerFile$/openlane/designs/my_processor/src/registerBank.v:51$865_EN[15:0]$888 [0] $flatten\register_file.$0$memwr$\registerFile$/openlane/designs/my_processor/src/registerBank.v:51$865_EN[15:0]$888 [0] }
    Consolidated identical input bits for $mux cell $flatten\register_file.$procmux$1511:
      Old ports: A=16'0000000000000000, B=16'1111111111111111, Y=$flatten\register_file.$0$memwr$\registerFile$/openlane/designs/my_processor/src/registerBank.v:51$864_EN[15:0]$887
      New ports: A=1'0, B=1'1, Y=$flatten\register_file.$0$memwr$\registerFile$/openlane/designs/my_processor/src/registerBank.v:51$864_EN[15:0]$887 [0]
      New connections: $flatten\register_file.$0$memwr$\registerFile$/openlane/designs/my_processor/src/registerBank.v:51$864_EN[15:0]$887 [15:1] = { $flatten\register_file.$0$memwr$\registerFile$/openlane/designs/my_processor/src/registerBank.v:51$864_EN[15:0]$887 [0] $flatten\register_file.$0$memwr$\registerFile$/openlane/designs/my_processor/src/registerBank.v:51$864_EN[15:0]$887 [0] $flatten\register_file.$0$memwr$\registerFile$/openlane/designs/my_processor/src/registerBank.v:51$864_EN[15:0]$887 [0] $flatten\register_file.$0$memwr$\registerFile$/openlane/designs/my_processor/src/registerBank.v:51$864_EN[15:0]$887 [0] $flatten\register_file.$0$memwr$\registerFile$/openlane/designs/my_processor/src/registerBank.v:51$864_EN[15:0]$887 [0] $flatten\register_file.$0$memwr$\registerFile$/openlane/designs/my_processor/src/registerBank.v:51$864_EN[15:0]$887 [0] $flatten\register_file.$0$memwr$\registerFile$/openlane/designs/my_processor/src/registerBank.v:51$864_EN[15:0]$887 [0] $flatten\register_file.$0$memwr$\registerFile$/openlane/designs/my_processor/src/registerBank.v:51$864_EN[15:0]$887 [0] $flatten\register_file.$0$memwr$\registerFile$/openlane/designs/my_processor/src/registerBank.v:51$864_EN[15:0]$887 [0] $flatten\register_file.$0$memwr$\registerFile$/openlane/designs/my_processor/src/registerBank.v:51$864_EN[15:0]$887 [0] $flatten\register_file.$0$memwr$\registerFile$/openlane/designs/my_processor/src/registerBank.v:51$864_EN[15:0]$887 [0] $flatten\register_file.$0$memwr$\registerFile$/openlane/designs/my_processor/src/registerBank.v:51$864_EN[15:0]$887 [0] $flatten\register_file.$0$memwr$\registerFile$/openlane/designs/my_processor/src/registerBank.v:51$864_EN[15:0]$887 [0] $flatten\register_file.$0$memwr$\registerFile$/openlane/designs/my_processor/src/registerBank.v:51$864_EN[15:0]$887 [0] $flatten\register_file.$0$memwr$\registerFile$/openlane/designs/my_processor/src/registerBank.v:51$864_EN[15:0]$887 [0] }
    Consolidated identical input bits for $mux cell $flatten\register_file.$procmux$1514:
      Old ports: A=16'0000000000000000, B=16'1111111111111111, Y=$flatten\register_file.$0$memwr$\registerFile$/openlane/designs/my_processor/src/registerBank.v:51$863_EN[15:0]$886
      New ports: A=1'0, B=1'1, Y=$flatten\register_file.$0$memwr$\registerFile$/openlane/designs/my_processor/src/registerBank.v:51$863_EN[15:0]$886 [0]
      New connections: $flatten\register_file.$0$memwr$\registerFile$/openlane/designs/my_processor/src/registerBank.v:51$863_EN[15:0]$886 [15:1] = { $flatten\register_file.$0$memwr$\registerFile$/openlane/designs/my_processor/src/registerBank.v:51$863_EN[15:0]$886 [0] $flatten\register_file.$0$memwr$\registerFile$/openlane/designs/my_processor/src/registerBank.v:51$863_EN[15:0]$886 [0] $flatten\register_file.$0$memwr$\registerFile$/openlane/designs/my_processor/src/registerBank.v:51$863_EN[15:0]$886 [0] $flatten\register_file.$0$memwr$\registerFile$/openlane/designs/my_processor/src/registerBank.v:51$863_EN[15:0]$886 [0] $flatten\register_file.$0$memwr$\registerFile$/openlane/designs/my_processor/src/registerBank.v:51$863_EN[15:0]$886 [0] $flatten\register_file.$0$memwr$\registerFile$/openlane/designs/my_processor/src/registerBank.v:51$863_EN[15:0]$886 [0] $flatten\register_file.$0$memwr$\registerFile$/openlane/designs/my_processor/src/registerBank.v:51$863_EN[15:0]$886 [0] $flatten\register_file.$0$memwr$\registerFile$/openlane/designs/my_processor/src/registerBank.v:51$863_EN[15:0]$886 [0] $flatten\register_file.$0$memwr$\registerFile$/openlane/designs/my_processor/src/registerBank.v:51$863_EN[15:0]$886 [0] $flatten\register_file.$0$memwr$\registerFile$/openlane/designs/my_processor/src/registerBank.v:51$863_EN[15:0]$886 [0] $flatten\register_file.$0$memwr$\registerFile$/openlane/designs/my_processor/src/registerBank.v:51$863_EN[15:0]$886 [0] $flatten\register_file.$0$memwr$\registerFile$/openlane/designs/my_processor/src/registerBank.v:51$863_EN[15:0]$886 [0] $flatten\register_file.$0$memwr$\registerFile$/openlane/designs/my_processor/src/registerBank.v:51$863_EN[15:0]$886 [0] $flatten\register_file.$0$memwr$\registerFile$/openlane/designs/my_processor/src/registerBank.v:51$863_EN[15:0]$886 [0] $flatten\register_file.$0$memwr$\registerFile$/openlane/designs/my_processor/src/registerBank.v:51$863_EN[15:0]$886 [0] }
    Consolidated identical input bits for $mux cell $flatten\register_file.$procmux$1517:
      Old ports: A=16'0000000000000000, B=16'1111111111111111, Y=$flatten\register_file.$0$memwr$\registerFile$/openlane/designs/my_processor/src/registerBank.v:51$862_EN[15:0]$885
      New ports: A=1'0, B=1'1, Y=$flatten\register_file.$0$memwr$\registerFile$/openlane/designs/my_processor/src/registerBank.v:51$862_EN[15:0]$885 [0]
      New connections: $flatten\register_file.$0$memwr$\registerFile$/openlane/designs/my_processor/src/registerBank.v:51$862_EN[15:0]$885 [15:1] = { $flatten\register_file.$0$memwr$\registerFile$/openlane/designs/my_processor/src/registerBank.v:51$862_EN[15:0]$885 [0] $flatten\register_file.$0$memwr$\registerFile$/openlane/designs/my_processor/src/registerBank.v:51$862_EN[15:0]$885 [0] $flatten\register_file.$0$memwr$\registerFile$/openlane/designs/my_processor/src/registerBank.v:51$862_EN[15:0]$885 [0] $flatten\register_file.$0$memwr$\registerFile$/openlane/designs/my_processor/src/registerBank.v:51$862_EN[15:0]$885 [0] $flatten\register_file.$0$memwr$\registerFile$/openlane/designs/my_processor/src/registerBank.v:51$862_EN[15:0]$885 [0] $flatten\register_file.$0$memwr$\registerFile$/openlane/designs/my_processor/src/registerBank.v:51$862_EN[15:0]$885 [0] $flatten\register_file.$0$memwr$\registerFile$/openlane/designs/my_processor/src/registerBank.v:51$862_EN[15:0]$885 [0] $flatten\register_file.$0$memwr$\registerFile$/openlane/designs/my_processor/src/registerBank.v:51$862_EN[15:0]$885 [0] $flatten\register_file.$0$memwr$\registerFile$/openlane/designs/my_processor/src/registerBank.v:51$862_EN[15:0]$885 [0] $flatten\register_file.$0$memwr$\registerFile$/openlane/designs/my_processor/src/registerBank.v:51$862_EN[15:0]$885 [0] $flatten\register_file.$0$memwr$\registerFile$/openlane/designs/my_processor/src/registerBank.v:51$862_EN[15:0]$885 [0] $flatten\register_file.$0$memwr$\registerFile$/openlane/designs/my_processor/src/registerBank.v:51$862_EN[15:0]$885 [0] $flatten\register_file.$0$memwr$\registerFile$/openlane/designs/my_processor/src/registerBank.v:51$862_EN[15:0]$885 [0] $flatten\register_file.$0$memwr$\registerFile$/openlane/designs/my_processor/src/registerBank.v:51$862_EN[15:0]$885 [0] $flatten\register_file.$0$memwr$\registerFile$/openlane/designs/my_processor/src/registerBank.v:51$862_EN[15:0]$885 [0] }
    Consolidated identical input bits for $mux cell $flatten\register_file.$procmux$1520:
      Old ports: A=16'0000000000000000, B=16'1111111111111111, Y=$flatten\register_file.$0$memwr$\registerFile$/openlane/designs/my_processor/src/registerBank.v:51$861_EN[15:0]$884
      New ports: A=1'0, B=1'1, Y=$flatten\register_file.$0$memwr$\registerFile$/openlane/designs/my_processor/src/registerBank.v:51$861_EN[15:0]$884 [0]
      New connections: $flatten\register_file.$0$memwr$\registerFile$/openlane/designs/my_processor/src/registerBank.v:51$861_EN[15:0]$884 [15:1] = { $flatten\register_file.$0$memwr$\registerFile$/openlane/designs/my_processor/src/registerBank.v:51$861_EN[15:0]$884 [0] $flatten\register_file.$0$memwr$\registerFile$/openlane/designs/my_processor/src/registerBank.v:51$861_EN[15:0]$884 [0] $flatten\register_file.$0$memwr$\registerFile$/openlane/designs/my_processor/src/registerBank.v:51$861_EN[15:0]$884 [0] $flatten\register_file.$0$memwr$\registerFile$/openlane/designs/my_processor/src/registerBank.v:51$861_EN[15:0]$884 [0] $flatten\register_file.$0$memwr$\registerFile$/openlane/designs/my_processor/src/registerBank.v:51$861_EN[15:0]$884 [0] $flatten\register_file.$0$memwr$\registerFile$/openlane/designs/my_processor/src/registerBank.v:51$861_EN[15:0]$884 [0] $flatten\register_file.$0$memwr$\registerFile$/openlane/designs/my_processor/src/registerBank.v:51$861_EN[15:0]$884 [0] $flatten\register_file.$0$memwr$\registerFile$/openlane/designs/my_processor/src/registerBank.v:51$861_EN[15:0]$884 [0] $flatten\register_file.$0$memwr$\registerFile$/openlane/designs/my_processor/src/registerBank.v:51$861_EN[15:0]$884 [0] $flatten\register_file.$0$memwr$\registerFile$/openlane/designs/my_processor/src/registerBank.v:51$861_EN[15:0]$884 [0] $flatten\register_file.$0$memwr$\registerFile$/openlane/designs/my_processor/src/registerBank.v:51$861_EN[15:0]$884 [0] $flatten\register_file.$0$memwr$\registerFile$/openlane/designs/my_processor/src/registerBank.v:51$861_EN[15:0]$884 [0] $flatten\register_file.$0$memwr$\registerFile$/openlane/designs/my_processor/src/registerBank.v:51$861_EN[15:0]$884 [0] $flatten\register_file.$0$memwr$\registerFile$/openlane/designs/my_processor/src/registerBank.v:51$861_EN[15:0]$884 [0] $flatten\register_file.$0$memwr$\registerFile$/openlane/designs/my_processor/src/registerBank.v:51$861_EN[15:0]$884 [0] }
    Consolidated identical input bits for $mux cell $flatten\register_file.$procmux$1523:
      Old ports: A=16'0000000000000000, B=16'1111111111111111, Y=$flatten\register_file.$0$memwr$\registerFile$/openlane/designs/my_processor/src/registerBank.v:51$860_EN[15:0]$883
      New ports: A=1'0, B=1'1, Y=$flatten\register_file.$0$memwr$\registerFile$/openlane/designs/my_processor/src/registerBank.v:51$860_EN[15:0]$883 [0]
      New connections: $flatten\register_file.$0$memwr$\registerFile$/openlane/designs/my_processor/src/registerBank.v:51$860_EN[15:0]$883 [15:1] = { $flatten\register_file.$0$memwr$\registerFile$/openlane/designs/my_processor/src/registerBank.v:51$860_EN[15:0]$883 [0] $flatten\register_file.$0$memwr$\registerFile$/openlane/designs/my_processor/src/registerBank.v:51$860_EN[15:0]$883 [0] $flatten\register_file.$0$memwr$\registerFile$/openlane/designs/my_processor/src/registerBank.v:51$860_EN[15:0]$883 [0] $flatten\register_file.$0$memwr$\registerFile$/openlane/designs/my_processor/src/registerBank.v:51$860_EN[15:0]$883 [0] $flatten\register_file.$0$memwr$\registerFile$/openlane/designs/my_processor/src/registerBank.v:51$860_EN[15:0]$883 [0] $flatten\register_file.$0$memwr$\registerFile$/openlane/designs/my_processor/src/registerBank.v:51$860_EN[15:0]$883 [0] $flatten\register_file.$0$memwr$\registerFile$/openlane/designs/my_processor/src/registerBank.v:51$860_EN[15:0]$883 [0] $flatten\register_file.$0$memwr$\registerFile$/openlane/designs/my_processor/src/registerBank.v:51$860_EN[15:0]$883 [0] $flatten\register_file.$0$memwr$\registerFile$/openlane/designs/my_processor/src/registerBank.v:51$860_EN[15:0]$883 [0] $flatten\register_file.$0$memwr$\registerFile$/openlane/designs/my_processor/src/registerBank.v:51$860_EN[15:0]$883 [0] $flatten\register_file.$0$memwr$\registerFile$/openlane/designs/my_processor/src/registerBank.v:51$860_EN[15:0]$883 [0] $flatten\register_file.$0$memwr$\registerFile$/openlane/designs/my_processor/src/registerBank.v:51$860_EN[15:0]$883 [0] $flatten\register_file.$0$memwr$\registerFile$/openlane/designs/my_processor/src/registerBank.v:51$860_EN[15:0]$883 [0] $flatten\register_file.$0$memwr$\registerFile$/openlane/designs/my_processor/src/registerBank.v:51$860_EN[15:0]$883 [0] $flatten\register_file.$0$memwr$\registerFile$/openlane/designs/my_processor/src/registerBank.v:51$860_EN[15:0]$883 [0] }
    Consolidated identical input bits for $mux cell $flatten\register_file.$procmux$1526:
      Old ports: A=16'0000000000000000, B=16'1111111111111111, Y=$flatten\register_file.$0$memwr$\registerFile$/openlane/designs/my_processor/src/registerBank.v:51$859_EN[15:0]$882
      New ports: A=1'0, B=1'1, Y=$flatten\register_file.$0$memwr$\registerFile$/openlane/designs/my_processor/src/registerBank.v:51$859_EN[15:0]$882 [0]
      New connections: $flatten\register_file.$0$memwr$\registerFile$/openlane/designs/my_processor/src/registerBank.v:51$859_EN[15:0]$882 [15:1] = { $flatten\register_file.$0$memwr$\registerFile$/openlane/designs/my_processor/src/registerBank.v:51$859_EN[15:0]$882 [0] $flatten\register_file.$0$memwr$\registerFile$/openlane/designs/my_processor/src/registerBank.v:51$859_EN[15:0]$882 [0] $flatten\register_file.$0$memwr$\registerFile$/openlane/designs/my_processor/src/registerBank.v:51$859_EN[15:0]$882 [0] $flatten\register_file.$0$memwr$\registerFile$/openlane/designs/my_processor/src/registerBank.v:51$859_EN[15:0]$882 [0] $flatten\register_file.$0$memwr$\registerFile$/openlane/designs/my_processor/src/registerBank.v:51$859_EN[15:0]$882 [0] $flatten\register_file.$0$memwr$\registerFile$/openlane/designs/my_processor/src/registerBank.v:51$859_EN[15:0]$882 [0] $flatten\register_file.$0$memwr$\registerFile$/openlane/designs/my_processor/src/registerBank.v:51$859_EN[15:0]$882 [0] $flatten\register_file.$0$memwr$\registerFile$/openlane/designs/my_processor/src/registerBank.v:51$859_EN[15:0]$882 [0] $flatten\register_file.$0$memwr$\registerFile$/openlane/designs/my_processor/src/registerBank.v:51$859_EN[15:0]$882 [0] $flatten\register_file.$0$memwr$\registerFile$/openlane/designs/my_processor/src/registerBank.v:51$859_EN[15:0]$882 [0] $flatten\register_file.$0$memwr$\registerFile$/openlane/designs/my_processor/src/registerBank.v:51$859_EN[15:0]$882 [0] $flatten\register_file.$0$memwr$\registerFile$/openlane/designs/my_processor/src/registerBank.v:51$859_EN[15:0]$882 [0] $flatten\register_file.$0$memwr$\registerFile$/openlane/designs/my_processor/src/registerBank.v:51$859_EN[15:0]$882 [0] $flatten\register_file.$0$memwr$\registerFile$/openlane/designs/my_processor/src/registerBank.v:51$859_EN[15:0]$882 [0] $flatten\register_file.$0$memwr$\registerFile$/openlane/designs/my_processor/src/registerBank.v:51$859_EN[15:0]$882 [0] }
    Consolidated identical input bits for $mux cell $flatten\bht_lut.$procmux$1905:
      Old ports: A=33'000000000000000000000000000000000, B=33'111111111111111111111111111111111, Y=$flatten\bht_lut.$procmux$1905_Y
      New ports: A=1'0, B=1'1, Y=$flatten\bht_lut.$procmux$1905_Y [0]
      New connections: $flatten\bht_lut.$procmux$1905_Y [32:1] = { $flatten\bht_lut.$procmux$1905_Y [0] $flatten\bht_lut.$procmux$1905_Y [0] $flatten\bht_lut.$procmux$1905_Y [0] $flatten\bht_lut.$procmux$1905_Y [0] $flatten\bht_lut.$procmux$1905_Y [0] $flatten\bht_lut.$procmux$1905_Y [0] $flatten\bht_lut.$procmux$1905_Y [0] $flatten\bht_lut.$procmux$1905_Y [0] $flatten\bht_lut.$procmux$1905_Y [0] $flatten\bht_lut.$procmux$1905_Y [0] $flatten\bht_lut.$procmux$1905_Y [0] $flatten\bht_lut.$procmux$1905_Y [0] $flatten\bht_lut.$procmux$1905_Y [0] $flatten\bht_lut.$procmux$1905_Y [0] $flatten\bht_lut.$procmux$1905_Y [0] $flatten\bht_lut.$procmux$1905_Y [0] $flatten\bht_lut.$procmux$1905_Y [0] $flatten\bht_lut.$procmux$1905_Y [0] $flatten\bht_lut.$procmux$1905_Y [0] $flatten\bht_lut.$procmux$1905_Y [0] $flatten\bht_lut.$procmux$1905_Y [0] $flatten\bht_lut.$procmux$1905_Y [0] $flatten\bht_lut.$procmux$1905_Y [0] $flatten\bht_lut.$procmux$1905_Y [0] $flatten\bht_lut.$procmux$1905_Y [0] $flatten\bht_lut.$procmux$1905_Y [0] $flatten\bht_lut.$procmux$1905_Y [0] $flatten\bht_lut.$procmux$1905_Y [0] $flatten\bht_lut.$procmux$1905_Y [0] $flatten\bht_lut.$procmux$1905_Y [0] $flatten\bht_lut.$procmux$1905_Y [0] $flatten\bht_lut.$procmux$1905_Y [0] }
    New ctrl vector for $pmux cell $flatten\alu_control.$procmux$1464: { $flatten\alu_control.$procmux$1470_CTRL $flatten\alu_control.$procmux$1364_CMP $flatten\alu_control.$procmux$1282_CMP }
    New input vector for $reduce_or cell $auto$opt_reduce.cc:128:opt_pmux$5087: { $flatten\id_controller.$procmux$4796_CMP $flatten\id_controller.$procmux$4797_CMP }
    New input vector for $reduce_or cell $auto$opt_reduce.cc:128:opt_pmux$5089: { $flatten\id_controller.$procmux$4796_CMP $flatten\id_controller.$procmux$4797_CMP $flatten\id_controller.$procmux$4801_CMP $flatten\id_controller.$procmux$4803_CMP }
    New input vector for $reduce_or cell $auto$opt_reduce.cc:128:opt_pmux$5091: { $flatten\id_controller.$procmux$4796_CMP $flatten\id_controller.$procmux$4797_CMP $flatten\id_controller.$procmux$4801_CMP $flatten\id_controller.$procmux$4803_CMP $flatten\id_controller.$procmux$4822_CMP }
    New input vector for $reduce_or cell $auto$opt_reduce.cc:128:opt_pmux$5095: { $flatten\id_controller.$procmux$4793_CMP $flatten\id_controller.$procmux$4801_CMP $flatten\id_controller.$procmux$4803_CMP $flatten\id_controller.$procmux$4804_CMP $flatten\id_controller.$procmux$4814_CMP $flatten\id_controller.$procmux$4822_CMP $flatten\id_controller.$procmux$4828_CMP $eq$/openlane/designs/my_processor/src/topModule.v:310$743_Y }
    New input vector for $reduce_or cell $auto$opt_reduce.cc:128:opt_pmux$5097: { $flatten\id_controller.$procmux$4793_CMP $flatten\id_controller.$procmux$4796_CMP $flatten\id_controller.$procmux$4797_CMP $flatten\id_controller.$procmux$4814_CMP }
    New input vector for $reduce_or cell $auto$opt_reduce.cc:128:opt_pmux$5099: { $flatten\id_controller.$procmux$4796_CMP $flatten\id_controller.$procmux$4797_CMP $flatten\id_controller.$procmux$4801_CMP $flatten\id_controller.$procmux$4803_CMP $flatten\id_controller.$procmux$4804_CMP $flatten\id_controller.$procmux$4822_CMP $eq$/openlane/designs/my_processor/src/topModule.v:310$743_Y }
  Optimizing cells in module \pipelined_processor.
    Consolidated identical input bits for $mux cell $flatten\bht_lut.$procmux$3182:
      Old ports: A=$flatten\bht_lut.$2$memwr$\branchHistoryTable$/openlane/designs/my_processor/src/branchHist.v:53$142_EN[32:0]$519, B=33'000000000000000000000000000000000, Y=$flatten\bht_lut.$0$memwr$\branchHistoryTable$/openlane/designs/my_processor/src/branchHist.v:53$142_EN[32:0]$368
      New ports: A=$flatten\bht_lut.$procmux$2624_Y [0], B=1'0, Y=$flatten\bht_lut.$0$memwr$\branchHistoryTable$/openlane/designs/my_processor/src/branchHist.v:53$142_EN[32:0]$368 [0]
      New connections: $flatten\bht_lut.$0$memwr$\branchHistoryTable$/openlane/designs/my_processor/src/branchHist.v:53$142_EN[32:0]$368 [32:1] = { $flatten\bht_lut.$0$memwr$\branchHistoryTable$/openlane/designs/my_processor/src/branchHist.v:53$142_EN[32:0]$368 [0] $flatten\bht_lut.$0$memwr$\branchHistoryTable$/openlane/designs/my_processor/src/branchHist.v:53$142_EN[32:0]$368 [0] $flatten\bht_lut.$0$memwr$\branchHistoryTable$/openlane/designs/my_processor/src/branchHist.v:53$142_EN[32:0]$368 [0] $flatten\bht_lut.$0$memwr$\branchHistoryTable$/openlane/designs/my_processor/src/branchHist.v:53$142_EN[32:0]$368 [0] $flatten\bht_lut.$0$memwr$\branchHistoryTable$/openlane/designs/my_processor/src/branchHist.v:53$142_EN[32:0]$368 [0] $flatten\bht_lut.$0$memwr$\branchHistoryTable$/openlane/designs/my_processor/src/branchHist.v:53$142_EN[32:0]$368 [0] $flatten\bht_lut.$0$memwr$\branchHistoryTable$/openlane/designs/my_processor/src/branchHist.v:53$142_EN[32:0]$368 [0] $flatten\bht_lut.$0$memwr$\branchHistoryTable$/openlane/designs/my_processor/src/branchHist.v:53$142_EN[32:0]$368 [0] $flatten\bht_lut.$0$memwr$\branchHistoryTable$/openlane/designs/my_processor/src/branchHist.v:53$142_EN[32:0]$368 [0] $flatten\bht_lut.$0$memwr$\branchHistoryTable$/openlane/designs/my_processor/src/branchHist.v:53$142_EN[32:0]$368 [0] $flatten\bht_lut.$0$memwr$\branchHistoryTable$/openlane/designs/my_processor/src/branchHist.v:53$142_EN[32:0]$368 [0] $flatten\bht_lut.$0$memwr$\branchHistoryTable$/openlane/designs/my_processor/src/branchHist.v:53$142_EN[32:0]$368 [0] $flatten\bht_lut.$0$memwr$\branchHistoryTable$/openlane/designs/my_processor/src/branchHist.v:53$142_EN[32:0]$368 [0] $flatten\bht_lut.$0$memwr$\branchHistoryTable$/openlane/designs/my_processor/src/branchHist.v:53$142_EN[32:0]$368 [0] $flatten\bht_lut.$0$memwr$\branchHistoryTable$/openlane/designs/my_processor/src/branchHist.v:53$142_EN[32:0]$368 [0] $flatten\bht_lut.$0$memwr$\branchHistoryTable$/openlane/designs/my_processor/src/branchHist.v:53$142_EN[32:0]$368 [0] $flatten\bht_lut.$0$memwr$\branchHistoryTable$/openlane/designs/my_processor/src/branchHist.v:53$142_EN[32:0]$368 [0] $flatten\bht_lut.$0$memwr$\branchHistoryTable$/openlane/designs/my_processor/src/branchHist.v:53$142_EN[32:0]$368 [0] $flatten\bht_lut.$0$memwr$\branchHistoryTable$/openlane/designs/my_processor/src/branchHist.v:53$142_EN[32:0]$368 [0] $flatten\bht_lut.$0$memwr$\branchHistoryTable$/openlane/designs/my_processor/src/branchHist.v:53$142_EN[32:0]$368 [0] $flatten\bht_lut.$0$memwr$\branchHistoryTable$/openlane/designs/my_processor/src/branchHist.v:53$142_EN[32:0]$368 [0] $flatten\bht_lut.$0$memwr$\branchHistoryTable$/openlane/designs/my_processor/src/branchHist.v:53$142_EN[32:0]$368 [0] $flatten\bht_lut.$0$memwr$\branchHistoryTable$/openlane/designs/my_processor/src/branchHist.v:53$142_EN[32:0]$368 [0] $flatten\bht_lut.$0$memwr$\branchHistoryTable$/openlane/designs/my_processor/src/branchHist.v:53$142_EN[32:0]$368 [0] $flatten\bht_lut.$0$memwr$\branchHistoryTable$/openlane/designs/my_processor/src/branchHist.v:53$142_EN[32:0]$368 [0] $flatten\bht_lut.$0$memwr$\branchHistoryTable$/openlane/designs/my_processor/src/branchHist.v:53$142_EN[32:0]$368 [0] $flatten\bht_lut.$0$memwr$\branchHistoryTable$/openlane/designs/my_processor/src/branchHist.v:53$142_EN[32:0]$368 [0] $flatten\bht_lut.$0$memwr$\branchHistoryTable$/openlane/designs/my_processor/src/branchHist.v:53$142_EN[32:0]$368 [0] $flatten\bht_lut.$0$memwr$\branchHistoryTable$/openlane/designs/my_processor/src/branchHist.v:53$142_EN[32:0]$368 [0] $flatten\bht_lut.$0$memwr$\branchHistoryTable$/openlane/designs/my_processor/src/branchHist.v:53$142_EN[32:0]$368 [0] $flatten\bht_lut.$0$memwr$\branchHistoryTable$/openlane/designs/my_processor/src/branchHist.v:53$142_EN[32:0]$368 [0] $flatten\bht_lut.$0$memwr$\branchHistoryTable$/openlane/designs/my_processor/src/branchHist.v:53$142_EN[32:0]$368 [0] }
    Consolidated identical input bits for $mux cell $flatten\bht_lut.$procmux$2093:
      Old ports: A=33'000000000000000000000000000000000, B=$flatten\bht_lut.$4$memwr$\branchHistoryTable$/openlane/designs/my_processor/src/branchHist.v:58$166_EN[32:0]$689, Y=$flatten\bht_lut.$procmux$2093_Y
      New ports: A=1'0, B=$flatten\bht_lut.$procmux$1797_Y [0], Y=$flatten\bht_lut.$procmux$2093_Y [0]
      New connections: $flatten\bht_lut.$procmux$2093_Y [32:1] = { $flatten\bht_lut.$procmux$2093_Y [0] $flatten\bht_lut.$procmux$2093_Y [0] $flatten\bht_lut.$procmux$2093_Y [0] $flatten\bht_lut.$procmux$2093_Y [0] $flatten\bht_lut.$procmux$2093_Y [0] $flatten\bht_lut.$procmux$2093_Y [0] $flatten\bht_lut.$procmux$2093_Y [0] $flatten\bht_lut.$procmux$2093_Y [0] $flatten\bht_lut.$procmux$2093_Y [0] $flatten\bht_lut.$procmux$2093_Y [0] $flatten\bht_lut.$procmux$2093_Y [0] $flatten\bht_lut.$procmux$2093_Y [0] $flatten\bht_lut.$procmux$2093_Y [0] $flatten\bht_lut.$procmux$2093_Y [0] $flatten\bht_lut.$procmux$2093_Y [0] $flatten\bht_lut.$procmux$2093_Y [0] $flatten\bht_lut.$procmux$2093_Y [0] $flatten\bht_lut.$procmux$2093_Y [0] $flatten\bht_lut.$procmux$2093_Y [0] $flatten\bht_lut.$procmux$2093_Y [0] $flatten\bht_lut.$procmux$2093_Y [0] $flatten\bht_lut.$procmux$2093_Y [0] $flatten\bht_lut.$procmux$2093_Y [0] $flatten\bht_lut.$procmux$2093_Y [0] $flatten\bht_lut.$procmux$2093_Y [0] $flatten\bht_lut.$procmux$2093_Y [0] $flatten\bht_lut.$procmux$2093_Y [0] $flatten\bht_lut.$procmux$2093_Y [0] $flatten\bht_lut.$procmux$2093_Y [0] $flatten\bht_lut.$procmux$2093_Y [0] $flatten\bht_lut.$procmux$2093_Y [0] $flatten\bht_lut.$procmux$2093_Y [0] }
    Consolidated identical input bits for $mux cell $flatten\bht_lut.$procmux$2129:
      Old ports: A=33'000000000000000000000000000000000, B=$flatten\bht_lut.$4$memwr$\branchHistoryTable$/openlane/designs/my_processor/src/branchHist.v:58$163_EN[32:0]$683, Y=$flatten\bht_lut.$procmux$2129_Y
      New ports: A=1'0, B=$flatten\bht_lut.$procmux$1833_Y [0], Y=$flatten\bht_lut.$procmux$2129_Y [0]
      New connections: $flatten\bht_lut.$procmux$2129_Y [32:1] = { $flatten\bht_lut.$procmux$2129_Y [0] $flatten\bht_lut.$procmux$2129_Y [0] $flatten\bht_lut.$procmux$2129_Y [0] $flatten\bht_lut.$procmux$2129_Y [0] $flatten\bht_lut.$procmux$2129_Y [0] $flatten\bht_lut.$procmux$2129_Y [0] $flatten\bht_lut.$procmux$2129_Y [0] $flatten\bht_lut.$procmux$2129_Y [0] $flatten\bht_lut.$procmux$2129_Y [0] $flatten\bht_lut.$procmux$2129_Y [0] $flatten\bht_lut.$procmux$2129_Y [0] $flatten\bht_lut.$procmux$2129_Y [0] $flatten\bht_lut.$procmux$2129_Y [0] $flatten\bht_lut.$procmux$2129_Y [0] $flatten\bht_lut.$procmux$2129_Y [0] $flatten\bht_lut.$procmux$2129_Y [0] $flatten\bht_lut.$procmux$2129_Y [0] $flatten\bht_lut.$procmux$2129_Y [0] $flatten\bht_lut.$procmux$2129_Y [0] $flatten\bht_lut.$procmux$2129_Y [0] $flatten\bht_lut.$procmux$2129_Y [0] $flatten\bht_lut.$procmux$2129_Y [0] $flatten\bht_lut.$procmux$2129_Y [0] $flatten\bht_lut.$procmux$2129_Y [0] $flatten\bht_lut.$procmux$2129_Y [0] $flatten\bht_lut.$procmux$2129_Y [0] $flatten\bht_lut.$procmux$2129_Y [0] $flatten\bht_lut.$procmux$2129_Y [0] $flatten\bht_lut.$procmux$2129_Y [0] $flatten\bht_lut.$procmux$2129_Y [0] $flatten\bht_lut.$procmux$2129_Y [0] $flatten\bht_lut.$procmux$2129_Y [0] }
    Consolidated identical input bits for $mux cell $flatten\bht_lut.$procmux$2816:
      Old ports: A=33'000000000000000000000000000000000, B=$flatten\bht_lut.$3$memwr$\branchHistoryTable$/openlane/designs/my_processor/src/branchHist.v:49$120_EN[32:0]$559, Y=$flatten\bht_lut.$procmux$2816_Y
      New ports: A=1'0, B=$flatten\bht_lut.$procmux$2598_Y [0], Y=$flatten\bht_lut.$procmux$2816_Y [0]
      New connections: $flatten\bht_lut.$procmux$2816_Y [32:1] = { $flatten\bht_lut.$procmux$2816_Y [0] $flatten\bht_lut.$procmux$2816_Y [0] $flatten\bht_lut.$procmux$2816_Y [0] $flatten\bht_lut.$procmux$2816_Y [0] $flatten\bht_lut.$procmux$2816_Y [0] $flatten\bht_lut.$procmux$2816_Y [0] $flatten\bht_lut.$procmux$2816_Y [0] $flatten\bht_lut.$procmux$2816_Y [0] $flatten\bht_lut.$procmux$2816_Y [0] $flatten\bht_lut.$procmux$2816_Y [0] $flatten\bht_lut.$procmux$2816_Y [0] $flatten\bht_lut.$procmux$2816_Y [0] $flatten\bht_lut.$procmux$2816_Y [0] $flatten\bht_lut.$procmux$2816_Y [0] $flatten\bht_lut.$procmux$2816_Y [0] $flatten\bht_lut.$procmux$2816_Y [0] $flatten\bht_lut.$procmux$2816_Y [0] $flatten\bht_lut.$procmux$2816_Y [0] $flatten\bht_lut.$procmux$2816_Y [0] $flatten\bht_lut.$procmux$2816_Y [0] $flatten\bht_lut.$procmux$2816_Y [0] $flatten\bht_lut.$procmux$2816_Y [0] $flatten\bht_lut.$procmux$2816_Y [0] $flatten\bht_lut.$procmux$2816_Y [0] $flatten\bht_lut.$procmux$2816_Y [0] $flatten\bht_lut.$procmux$2816_Y [0] $flatten\bht_lut.$procmux$2816_Y [0] $flatten\bht_lut.$procmux$2816_Y [0] $flatten\bht_lut.$procmux$2816_Y [0] $flatten\bht_lut.$procmux$2816_Y [0] $flatten\bht_lut.$procmux$2816_Y [0] $flatten\bht_lut.$procmux$2816_Y [0] }
    Consolidated identical input bits for $mux cell $flatten\bht_lut.$procmux$2165:
      Old ports: A=33'000000000000000000000000000000000, B=$flatten\bht_lut.$4$memwr$\branchHistoryTable$/openlane/designs/my_processor/src/branchHist.v:58$160_EN[32:0]$677, Y=$flatten\bht_lut.$procmux$2165_Y
      New ports: A=1'0, B=$flatten\bht_lut.$procmux$1869_Y [0], Y=$flatten\bht_lut.$procmux$2165_Y [0]
      New connections: $flatten\bht_lut.$procmux$2165_Y [32:1] = { $flatten\bht_lut.$procmux$2165_Y [0] $flatten\bht_lut.$procmux$2165_Y [0] $flatten\bht_lut.$procmux$2165_Y [0] $flatten\bht_lut.$procmux$2165_Y [0] $flatten\bht_lut.$procmux$2165_Y [0] $flatten\bht_lut.$procmux$2165_Y [0] $flatten\bht_lut.$procmux$2165_Y [0] $flatten\bht_lut.$procmux$2165_Y [0] $flatten\bht_lut.$procmux$2165_Y [0] $flatten\bht_lut.$procmux$2165_Y [0] $flatten\bht_lut.$procmux$2165_Y [0] $flatten\bht_lut.$procmux$2165_Y [0] $flatten\bht_lut.$procmux$2165_Y [0] $flatten\bht_lut.$procmux$2165_Y [0] $flatten\bht_lut.$procmux$2165_Y [0] $flatten\bht_lut.$procmux$2165_Y [0] $flatten\bht_lut.$procmux$2165_Y [0] $flatten\bht_lut.$procmux$2165_Y [0] $flatten\bht_lut.$procmux$2165_Y [0] $flatten\bht_lut.$procmux$2165_Y [0] $flatten\bht_lut.$procmux$2165_Y [0] $flatten\bht_lut.$procmux$2165_Y [0] $flatten\bht_lut.$procmux$2165_Y [0] $flatten\bht_lut.$procmux$2165_Y [0] $flatten\bht_lut.$procmux$2165_Y [0] $flatten\bht_lut.$procmux$2165_Y [0] $flatten\bht_lut.$procmux$2165_Y [0] $flatten\bht_lut.$procmux$2165_Y [0] $flatten\bht_lut.$procmux$2165_Y [0] $flatten\bht_lut.$procmux$2165_Y [0] $flatten\bht_lut.$procmux$2165_Y [0] $flatten\bht_lut.$procmux$2165_Y [0] }
    Consolidated identical input bits for $mux cell $flatten\bht_lut.$procmux$2201:
      Old ports: A=33'000000000000000000000000000000000, B=$flatten\bht_lut.$4$memwr$\branchHistoryTable$/openlane/designs/my_processor/src/branchHist.v:58$157_EN[32:0]$671, Y=$flatten\bht_lut.$procmux$2201_Y
      New ports: A=1'0, B=$flatten\bht_lut.$procmux$1905_Y [0], Y=$flatten\bht_lut.$procmux$2201_Y [0]
      New connections: $flatten\bht_lut.$procmux$2201_Y [32:1] = { $flatten\bht_lut.$procmux$2201_Y [0] $flatten\bht_lut.$procmux$2201_Y [0] $flatten\bht_lut.$procmux$2201_Y [0] $flatten\bht_lut.$procmux$2201_Y [0] $flatten\bht_lut.$procmux$2201_Y [0] $flatten\bht_lut.$procmux$2201_Y [0] $flatten\bht_lut.$procmux$2201_Y [0] $flatten\bht_lut.$procmux$2201_Y [0] $flatten\bht_lut.$procmux$2201_Y [0] $flatten\bht_lut.$procmux$2201_Y [0] $flatten\bht_lut.$procmux$2201_Y [0] $flatten\bht_lut.$procmux$2201_Y [0] $flatten\bht_lut.$procmux$2201_Y [0] $flatten\bht_lut.$procmux$2201_Y [0] $flatten\bht_lut.$procmux$2201_Y [0] $flatten\bht_lut.$procmux$2201_Y [0] $flatten\bht_lut.$procmux$2201_Y [0] $flatten\bht_lut.$procmux$2201_Y [0] $flatten\bht_lut.$procmux$2201_Y [0] $flatten\bht_lut.$procmux$2201_Y [0] $flatten\bht_lut.$procmux$2201_Y [0] $flatten\bht_lut.$procmux$2201_Y [0] $flatten\bht_lut.$procmux$2201_Y [0] $flatten\bht_lut.$procmux$2201_Y [0] $flatten\bht_lut.$procmux$2201_Y [0] $flatten\bht_lut.$procmux$2201_Y [0] $flatten\bht_lut.$procmux$2201_Y [0] $flatten\bht_lut.$procmux$2201_Y [0] $flatten\bht_lut.$procmux$2201_Y [0] $flatten\bht_lut.$procmux$2201_Y [0] $flatten\bht_lut.$procmux$2201_Y [0] $flatten\bht_lut.$procmux$2201_Y [0] }
    Consolidated identical input bits for $mux cell $flatten\bht_lut.$procmux$2237:
      Old ports: A=33'000000000000000000000000000000000, B=$flatten\bht_lut.$4$memwr$\branchHistoryTable$/openlane/designs/my_processor/src/branchHist.v:58$154_EN[32:0]$665, Y=$flatten\bht_lut.$procmux$2237_Y
      New ports: A=1'0, B=$flatten\bht_lut.$procmux$1941_Y [0], Y=$flatten\bht_lut.$procmux$2237_Y [0]
      New connections: $flatten\bht_lut.$procmux$2237_Y [32:1] = { $flatten\bht_lut.$procmux$2237_Y [0] $flatten\bht_lut.$procmux$2237_Y [0] $flatten\bht_lut.$procmux$2237_Y [0] $flatten\bht_lut.$procmux$2237_Y [0] $flatten\bht_lut.$procmux$2237_Y [0] $flatten\bht_lut.$procmux$2237_Y [0] $flatten\bht_lut.$procmux$2237_Y [0] $flatten\bht_lut.$procmux$2237_Y [0] $flatten\bht_lut.$procmux$2237_Y [0] $flatten\bht_lut.$procmux$2237_Y [0] $flatten\bht_lut.$procmux$2237_Y [0] $flatten\bht_lut.$procmux$2237_Y [0] $flatten\bht_lut.$procmux$2237_Y [0] $flatten\bht_lut.$procmux$2237_Y [0] $flatten\bht_lut.$procmux$2237_Y [0] $flatten\bht_lut.$procmux$2237_Y [0] $flatten\bht_lut.$procmux$2237_Y [0] $flatten\bht_lut.$procmux$2237_Y [0] $flatten\bht_lut.$procmux$2237_Y [0] $flatten\bht_lut.$procmux$2237_Y [0] $flatten\bht_lut.$procmux$2237_Y [0] $flatten\bht_lut.$procmux$2237_Y [0] $flatten\bht_lut.$procmux$2237_Y [0] $flatten\bht_lut.$procmux$2237_Y [0] $flatten\bht_lut.$procmux$2237_Y [0] $flatten\bht_lut.$procmux$2237_Y [0] $flatten\bht_lut.$procmux$2237_Y [0] $flatten\bht_lut.$procmux$2237_Y [0] $flatten\bht_lut.$procmux$2237_Y [0] $flatten\bht_lut.$procmux$2237_Y [0] $flatten\bht_lut.$procmux$2237_Y [0] $flatten\bht_lut.$procmux$2237_Y [0] }
    Consolidated identical input bits for $mux cell $flatten\bht_lut.$procmux$2273:
      Old ports: A=33'000000000000000000000000000000000, B=$flatten\bht_lut.$4$memwr$\branchHistoryTable$/openlane/designs/my_processor/src/branchHist.v:58$151_EN[32:0]$659, Y=$flatten\bht_lut.$procmux$2273_Y
      New ports: A=1'0, B=$flatten\bht_lut.$procmux$1977_Y [0], Y=$flatten\bht_lut.$procmux$2273_Y [0]
      New connections: $flatten\bht_lut.$procmux$2273_Y [32:1] = { $flatten\bht_lut.$procmux$2273_Y [0] $flatten\bht_lut.$procmux$2273_Y [0] $flatten\bht_lut.$procmux$2273_Y [0] $flatten\bht_lut.$procmux$2273_Y [0] $flatten\bht_lut.$procmux$2273_Y [0] $flatten\bht_lut.$procmux$2273_Y [0] $flatten\bht_lut.$procmux$2273_Y [0] $flatten\bht_lut.$procmux$2273_Y [0] $flatten\bht_lut.$procmux$2273_Y [0] $flatten\bht_lut.$procmux$2273_Y [0] $flatten\bht_lut.$procmux$2273_Y [0] $flatten\bht_lut.$procmux$2273_Y [0] $flatten\bht_lut.$procmux$2273_Y [0] $flatten\bht_lut.$procmux$2273_Y [0] $flatten\bht_lut.$procmux$2273_Y [0] $flatten\bht_lut.$procmux$2273_Y [0] $flatten\bht_lut.$procmux$2273_Y [0] $flatten\bht_lut.$procmux$2273_Y [0] $flatten\bht_lut.$procmux$2273_Y [0] $flatten\bht_lut.$procmux$2273_Y [0] $flatten\bht_lut.$procmux$2273_Y [0] $flatten\bht_lut.$procmux$2273_Y [0] $flatten\bht_lut.$procmux$2273_Y [0] $flatten\bht_lut.$procmux$2273_Y [0] $flatten\bht_lut.$procmux$2273_Y [0] $flatten\bht_lut.$procmux$2273_Y [0] $flatten\bht_lut.$procmux$2273_Y [0] $flatten\bht_lut.$procmux$2273_Y [0] $flatten\bht_lut.$procmux$2273_Y [0] $flatten\bht_lut.$procmux$2273_Y [0] $flatten\bht_lut.$procmux$2273_Y [0] $flatten\bht_lut.$procmux$2273_Y [0] }
    Consolidated identical input bits for $mux cell $flatten\bht_lut.$procmux$2309:
      Old ports: A=33'000000000000000000000000000000000, B=$flatten\bht_lut.$4$memwr$\branchHistoryTable$/openlane/designs/my_processor/src/branchHist.v:58$148_EN[32:0]$653, Y=$flatten\bht_lut.$procmux$2309_Y
      New ports: A=1'0, B=$flatten\bht_lut.$procmux$2013_Y [0], Y=$flatten\bht_lut.$procmux$2309_Y [0]
      New connections: $flatten\bht_lut.$procmux$2309_Y [32:1] = { $flatten\bht_lut.$procmux$2309_Y [0] $flatten\bht_lut.$procmux$2309_Y [0] $flatten\bht_lut.$procmux$2309_Y [0] $flatten\bht_lut.$procmux$2309_Y [0] $flatten\bht_lut.$procmux$2309_Y [0] $flatten\bht_lut.$procmux$2309_Y [0] $flatten\bht_lut.$procmux$2309_Y [0] $flatten\bht_lut.$procmux$2309_Y [0] $flatten\bht_lut.$procmux$2309_Y [0] $flatten\bht_lut.$procmux$2309_Y [0] $flatten\bht_lut.$procmux$2309_Y [0] $flatten\bht_lut.$procmux$2309_Y [0] $flatten\bht_lut.$procmux$2309_Y [0] $flatten\bht_lut.$procmux$2309_Y [0] $flatten\bht_lut.$procmux$2309_Y [0] $flatten\bht_lut.$procmux$2309_Y [0] $flatten\bht_lut.$procmux$2309_Y [0] $flatten\bht_lut.$procmux$2309_Y [0] $flatten\bht_lut.$procmux$2309_Y [0] $flatten\bht_lut.$procmux$2309_Y [0] $flatten\bht_lut.$procmux$2309_Y [0] $flatten\bht_lut.$procmux$2309_Y [0] $flatten\bht_lut.$procmux$2309_Y [0] $flatten\bht_lut.$procmux$2309_Y [0] $flatten\bht_lut.$procmux$2309_Y [0] $flatten\bht_lut.$procmux$2309_Y [0] $flatten\bht_lut.$procmux$2309_Y [0] $flatten\bht_lut.$procmux$2309_Y [0] $flatten\bht_lut.$procmux$2309_Y [0] $flatten\bht_lut.$procmux$2309_Y [0] $flatten\bht_lut.$procmux$2309_Y [0] $flatten\bht_lut.$procmux$2309_Y [0] }
    Consolidated identical input bits for $mux cell $flatten\bht_lut.$procmux$2345:
      Old ports: A=33'000000000000000000000000000000000, B=$flatten\bht_lut.$4$memwr$\branchHistoryTable$/openlane/designs/my_processor/src/branchHist.v:58$145_EN[32:0]$647, Y=$flatten\bht_lut.$procmux$2345_Y
      New ports: A=1'0, B=$flatten\bht_lut.$procmux$2049_Y [0], Y=$flatten\bht_lut.$procmux$2345_Y [0]
      New connections: $flatten\bht_lut.$procmux$2345_Y [32:1] = { $flatten\bht_lut.$procmux$2345_Y [0] $flatten\bht_lut.$procmux$2345_Y [0] $flatten\bht_lut.$procmux$2345_Y [0] $flatten\bht_lut.$procmux$2345_Y [0] $flatten\bht_lut.$procmux$2345_Y [0] $flatten\bht_lut.$procmux$2345_Y [0] $flatten\bht_lut.$procmux$2345_Y [0] $flatten\bht_lut.$procmux$2345_Y [0] $flatten\bht_lut.$procmux$2345_Y [0] $flatten\bht_lut.$procmux$2345_Y [0] $flatten\bht_lut.$procmux$2345_Y [0] $flatten\bht_lut.$procmux$2345_Y [0] $flatten\bht_lut.$procmux$2345_Y [0] $flatten\bht_lut.$procmux$2345_Y [0] $flatten\bht_lut.$procmux$2345_Y [0] $flatten\bht_lut.$procmux$2345_Y [0] $flatten\bht_lut.$procmux$2345_Y [0] $flatten\bht_lut.$procmux$2345_Y [0] $flatten\bht_lut.$procmux$2345_Y [0] $flatten\bht_lut.$procmux$2345_Y [0] $flatten\bht_lut.$procmux$2345_Y [0] $flatten\bht_lut.$procmux$2345_Y [0] $flatten\bht_lut.$procmux$2345_Y [0] $flatten\bht_lut.$procmux$2345_Y [0] $flatten\bht_lut.$procmux$2345_Y [0] $flatten\bht_lut.$procmux$2345_Y [0] $flatten\bht_lut.$procmux$2345_Y [0] $flatten\bht_lut.$procmux$2345_Y [0] $flatten\bht_lut.$procmux$2345_Y [0] $flatten\bht_lut.$procmux$2345_Y [0] $flatten\bht_lut.$procmux$2345_Y [0] $flatten\bht_lut.$procmux$2345_Y [0] }
    Consolidated identical input bits for $mux cell $flatten\bht_lut.$procmux$2381:
      Old ports: A=$flatten\bht_lut.$4$memwr$\branchHistoryTable$/openlane/designs/my_processor/src/branchHist.v:64$167_EN[32:0]$694, B=33'000000000000000000000000000000000, Y=$flatten\bht_lut.$procmux$2381_Y
      New ports: A=$flatten\bht_lut.$procmux$1760_Y [0], B=1'0, Y=$flatten\bht_lut.$procmux$2381_Y [0]
      New connections: $flatten\bht_lut.$procmux$2381_Y [32:1] = { $flatten\bht_lut.$procmux$2381_Y [0] $flatten\bht_lut.$procmux$2381_Y [0] $flatten\bht_lut.$procmux$2381_Y [0] $flatten\bht_lut.$procmux$2381_Y [0] $flatten\bht_lut.$procmux$2381_Y [0] $flatten\bht_lut.$procmux$2381_Y [0] $flatten\bht_lut.$procmux$2381_Y [0] $flatten\bht_lut.$procmux$2381_Y [0] $flatten\bht_lut.$procmux$2381_Y [0] $flatten\bht_lut.$procmux$2381_Y [0] $flatten\bht_lut.$procmux$2381_Y [0] $flatten\bht_lut.$procmux$2381_Y [0] $flatten\bht_lut.$procmux$2381_Y [0] $flatten\bht_lut.$procmux$2381_Y [0] $flatten\bht_lut.$procmux$2381_Y [0] $flatten\bht_lut.$procmux$2381_Y [0] $flatten\bht_lut.$procmux$2381_Y [0] $flatten\bht_lut.$procmux$2381_Y [0] $flatten\bht_lut.$procmux$2381_Y [0] $flatten\bht_lut.$procmux$2381_Y [0] $flatten\bht_lut.$procmux$2381_Y [0] $flatten\bht_lut.$procmux$2381_Y [0] $flatten\bht_lut.$procmux$2381_Y [0] $flatten\bht_lut.$procmux$2381_Y [0] $flatten\bht_lut.$procmux$2381_Y [0] $flatten\bht_lut.$procmux$2381_Y [0] $flatten\bht_lut.$procmux$2381_Y [0] $flatten\bht_lut.$procmux$2381_Y [0] $flatten\bht_lut.$procmux$2381_Y [0] $flatten\bht_lut.$procmux$2381_Y [0] $flatten\bht_lut.$procmux$2381_Y [0] $flatten\bht_lut.$procmux$2381_Y [0] }
    Consolidated identical input bits for $mux cell $flatten\instr_mem1.$procmux$4676:
      Old ports: A=$flatten\instr_mem1.$2$memwr$\rom$/openlane/designs/my_processor/src/InstrMem.v:44$23_EN[15:0]$65, B=16'0000000000000000, Y=$flatten\instr_mem1.$0$memwr$\rom$/openlane/designs/my_processor/src/InstrMem.v:44$23_EN[15:0]$43
      New ports: A=$flatten\instr_mem1.$procmux$4610_Y [0], B=1'0, Y=$flatten\instr_mem1.$0$memwr$\rom$/openlane/designs/my_processor/src/InstrMem.v:44$23_EN[15:0]$43 [0]
      New connections: $flatten\instr_mem1.$0$memwr$\rom$/openlane/designs/my_processor/src/InstrMem.v:44$23_EN[15:0]$43 [15:1] = { $flatten\instr_mem1.$0$memwr$\rom$/openlane/designs/my_processor/src/InstrMem.v:44$23_EN[15:0]$43 [0] $flatten\instr_mem1.$0$memwr$\rom$/openlane/designs/my_processor/src/InstrMem.v:44$23_EN[15:0]$43 [0] $flatten\instr_mem1.$0$memwr$\rom$/openlane/designs/my_processor/src/InstrMem.v:44$23_EN[15:0]$43 [0] $flatten\instr_mem1.$0$memwr$\rom$/openlane/designs/my_processor/src/InstrMem.v:44$23_EN[15:0]$43 [0] $flatten\instr_mem1.$0$memwr$\rom$/openlane/designs/my_processor/src/InstrMem.v:44$23_EN[15:0]$43 [0] $flatten\instr_mem1.$0$memwr$\rom$/openlane/designs/my_processor/src/InstrMem.v:44$23_EN[15:0]$43 [0] $flatten\instr_mem1.$0$memwr$\rom$/openlane/designs/my_processor/src/InstrMem.v:44$23_EN[15:0]$43 [0] $flatten\instr_mem1.$0$memwr$\rom$/openlane/designs/my_processor/src/InstrMem.v:44$23_EN[15:0]$43 [0] $flatten\instr_mem1.$0$memwr$\rom$/openlane/designs/my_processor/src/InstrMem.v:44$23_EN[15:0]$43 [0] $flatten\instr_mem1.$0$memwr$\rom$/openlane/designs/my_processor/src/InstrMem.v:44$23_EN[15:0]$43 [0] $flatten\instr_mem1.$0$memwr$\rom$/openlane/designs/my_processor/src/InstrMem.v:44$23_EN[15:0]$43 [0] $flatten\instr_mem1.$0$memwr$\rom$/openlane/designs/my_processor/src/InstrMem.v:44$23_EN[15:0]$43 [0] $flatten\instr_mem1.$0$memwr$\rom$/openlane/designs/my_processor/src/InstrMem.v:44$23_EN[15:0]$43 [0] $flatten\instr_mem1.$0$memwr$\rom$/openlane/designs/my_processor/src/InstrMem.v:44$23_EN[15:0]$43 [0] $flatten\instr_mem1.$0$memwr$\rom$/openlane/designs/my_processor/src/InstrMem.v:44$23_EN[15:0]$43 [0] }
    Consolidated identical input bits for $mux cell $flatten\register_file.$procmux$1529:
      Old ports: A=$flatten\register_file.$2$memwr$\registerFile$/openlane/designs/my_processor/src/registerBank.v:57$868_EN[15:0]$914, B=16'0000000000000000, Y=$flatten\register_file.$0$memwr$\registerFile$/openlane/designs/my_processor/src/registerBank.v:57$868_EN[15:0]$894
      New ports: A=$flatten\register_file.$procmux$1472_Y [0], B=1'0, Y=$flatten\register_file.$0$memwr$\registerFile$/openlane/designs/my_processor/src/registerBank.v:57$868_EN[15:0]$894 [0]
      New connections: $flatten\register_file.$0$memwr$\registerFile$/openlane/designs/my_processor/src/registerBank.v:57$868_EN[15:0]$894 [15:1] = { $flatten\register_file.$0$memwr$\registerFile$/openlane/designs/my_processor/src/registerBank.v:57$868_EN[15:0]$894 [0] $flatten\register_file.$0$memwr$\registerFile$/openlane/designs/my_processor/src/registerBank.v:57$868_EN[15:0]$894 [0] $flatten\register_file.$0$memwr$\registerFile$/openlane/designs/my_processor/src/registerBank.v:57$868_EN[15:0]$894 [0] $flatten\register_file.$0$memwr$\registerFile$/openlane/designs/my_processor/src/registerBank.v:57$868_EN[15:0]$894 [0] $flatten\register_file.$0$memwr$\registerFile$/openlane/designs/my_processor/src/registerBank.v:57$868_EN[15:0]$894 [0] $flatten\register_file.$0$memwr$\registerFile$/openlane/designs/my_processor/src/registerBank.v:57$868_EN[15:0]$894 [0] $flatten\register_file.$0$memwr$\registerFile$/openlane/designs/my_processor/src/registerBank.v:57$868_EN[15:0]$894 [0] $flatten\register_file.$0$memwr$\registerFile$/openlane/designs/my_processor/src/registerBank.v:57$868_EN[15:0]$894 [0] $flatten\register_file.$0$memwr$\registerFile$/openlane/designs/my_processor/src/registerBank.v:57$868_EN[15:0]$894 [0] $flatten\register_file.$0$memwr$\registerFile$/openlane/designs/my_processor/src/registerBank.v:57$868_EN[15:0]$894 [0] $flatten\register_file.$0$memwr$\registerFile$/openlane/designs/my_processor/src/registerBank.v:57$868_EN[15:0]$894 [0] $flatten\register_file.$0$memwr$\registerFile$/openlane/designs/my_processor/src/registerBank.v:57$868_EN[15:0]$894 [0] $flatten\register_file.$0$memwr$\registerFile$/openlane/designs/my_processor/src/registerBank.v:57$868_EN[15:0]$894 [0] $flatten\register_file.$0$memwr$\registerFile$/openlane/designs/my_processor/src/registerBank.v:57$868_EN[15:0]$894 [0] $flatten\register_file.$0$memwr$\registerFile$/openlane/designs/my_processor/src/registerBank.v:57$868_EN[15:0]$894 [0] }
    Consolidated identical input bits for $mux cell $flatten\register_file.$procmux$1535:
      Old ports: A=$flatten\register_file.$2$memwr$\registerFile$/openlane/designs/my_processor/src/registerBank.v:55$867_EN[15:0]$912, B=16'0000000000000000, Y=$flatten\register_file.$0$memwr$\registerFile$/openlane/designs/my_processor/src/registerBank.v:55$867_EN[15:0]$892
      New ports: A=$flatten\register_file.$procmux$1484_Y [0], B=1'0, Y=$flatten\register_file.$0$memwr$\registerFile$/openlane/designs/my_processor/src/registerBank.v:55$867_EN[15:0]$892 [0]
      New connections: $flatten\register_file.$0$memwr$\registerFile$/openlane/designs/my_processor/src/registerBank.v:55$867_EN[15:0]$892 [15:1] = { $flatten\register_file.$0$memwr$\registerFile$/openlane/designs/my_processor/src/registerBank.v:55$867_EN[15:0]$892 [0] $flatten\register_file.$0$memwr$\registerFile$/openlane/designs/my_processor/src/registerBank.v:55$867_EN[15:0]$892 [0] $flatten\register_file.$0$memwr$\registerFile$/openlane/designs/my_processor/src/registerBank.v:55$867_EN[15:0]$892 [0] $flatten\register_file.$0$memwr$\registerFile$/openlane/designs/my_processor/src/registerBank.v:55$867_EN[15:0]$892 [0] $flatten\register_file.$0$memwr$\registerFile$/openlane/designs/my_processor/src/registerBank.v:55$867_EN[15:0]$892 [0] $flatten\register_file.$0$memwr$\registerFile$/openlane/designs/my_processor/src/registerBank.v:55$867_EN[15:0]$892 [0] $flatten\register_file.$0$memwr$\registerFile$/openlane/designs/my_processor/src/registerBank.v:55$867_EN[15:0]$892 [0] $flatten\register_file.$0$memwr$\registerFile$/openlane/designs/my_processor/src/registerBank.v:55$867_EN[15:0]$892 [0] $flatten\register_file.$0$memwr$\registerFile$/openlane/designs/my_processor/src/registerBank.v:55$867_EN[15:0]$892 [0] $flatten\register_file.$0$memwr$\registerFile$/openlane/designs/my_processor/src/registerBank.v:55$867_EN[15:0]$892 [0] $flatten\register_file.$0$memwr$\registerFile$/openlane/designs/my_processor/src/registerBank.v:55$867_EN[15:0]$892 [0] $flatten\register_file.$0$memwr$\registerFile$/openlane/designs/my_processor/src/registerBank.v:55$867_EN[15:0]$892 [0] $flatten\register_file.$0$memwr$\registerFile$/openlane/designs/my_processor/src/registerBank.v:55$867_EN[15:0]$892 [0] $flatten\register_file.$0$memwr$\registerFile$/openlane/designs/my_processor/src/registerBank.v:55$867_EN[15:0]$892 [0] $flatten\register_file.$0$memwr$\registerFile$/openlane/designs/my_processor/src/registerBank.v:55$867_EN[15:0]$892 [0] }
    Consolidated identical input bits for $mux cell $flatten\bht_lut.$procmux$2648:
      Old ports: A=33'000000000000000000000000000000000, B=$flatten\bht_lut.$3$memwr$\branchHistoryTable$/openlane/designs/my_processor/src/branchHist.v:49$141_EN[32:0]$601, Y=$flatten\bht_lut.$procmux$2648_Y
      New ports: A=1'0, B=$flatten\bht_lut.$procmux$2409_Y [0], Y=$flatten\bht_lut.$procmux$2648_Y [0]
      New connections: $flatten\bht_lut.$procmux$2648_Y [32:1] = { $flatten\bht_lut.$procmux$2648_Y [0] $flatten\bht_lut.$procmux$2648_Y [0] $flatten\bht_lut.$procmux$2648_Y [0] $flatten\bht_lut.$procmux$2648_Y [0] $flatten\bht_lut.$procmux$2648_Y [0] $flatten\bht_lut.$procmux$2648_Y [0] $flatten\bht_lut.$procmux$2648_Y [0] $flatten\bht_lut.$procmux$2648_Y [0] $flatten\bht_lut.$procmux$2648_Y [0] $flatten\bht_lut.$procmux$2648_Y [0] $flatten\bht_lut.$procmux$2648_Y [0] $flatten\bht_lut.$procmux$2648_Y [0] $flatten\bht_lut.$procmux$2648_Y [0] $flatten\bht_lut.$procmux$2648_Y [0] $flatten\bht_lut.$procmux$2648_Y [0] $flatten\bht_lut.$procmux$2648_Y [0] $flatten\bht_lut.$procmux$2648_Y [0] $flatten\bht_lut.$procmux$2648_Y [0] $flatten\bht_lut.$procmux$2648_Y [0] $flatten\bht_lut.$procmux$2648_Y [0] $flatten\bht_lut.$procmux$2648_Y [0] $flatten\bht_lut.$procmux$2648_Y [0] $flatten\bht_lut.$procmux$2648_Y [0] $flatten\bht_lut.$procmux$2648_Y [0] $flatten\bht_lut.$procmux$2648_Y [0] $flatten\bht_lut.$procmux$2648_Y [0] $flatten\bht_lut.$procmux$2648_Y [0] $flatten\bht_lut.$procmux$2648_Y [0] $flatten\bht_lut.$procmux$2648_Y [0] $flatten\bht_lut.$procmux$2648_Y [0] $flatten\bht_lut.$procmux$2648_Y [0] $flatten\bht_lut.$procmux$2648_Y [0] }
    Consolidated identical input bits for $mux cell $flatten\bht_lut.$procmux$2672:
      Old ports: A=33'000000000000000000000000000000000, B=$flatten\bht_lut.$3$memwr$\branchHistoryTable$/openlane/designs/my_processor/src/branchHist.v:49$138_EN[32:0]$595, Y=$flatten\bht_lut.$procmux$2672_Y
      New ports: A=1'0, B=$flatten\bht_lut.$procmux$2436_Y [0], Y=$flatten\bht_lut.$procmux$2672_Y [0]
      New connections: $flatten\bht_lut.$procmux$2672_Y [32:1] = { $flatten\bht_lut.$procmux$2672_Y [0] $flatten\bht_lut.$procmux$2672_Y [0] $flatten\bht_lut.$procmux$2672_Y [0] $flatten\bht_lut.$procmux$2672_Y [0] $flatten\bht_lut.$procmux$2672_Y [0] $flatten\bht_lut.$procmux$2672_Y [0] $flatten\bht_lut.$procmux$2672_Y [0] $flatten\bht_lut.$procmux$2672_Y [0] $flatten\bht_lut.$procmux$2672_Y [0] $flatten\bht_lut.$procmux$2672_Y [0] $flatten\bht_lut.$procmux$2672_Y [0] $flatten\bht_lut.$procmux$2672_Y [0] $flatten\bht_lut.$procmux$2672_Y [0] $flatten\bht_lut.$procmux$2672_Y [0] $flatten\bht_lut.$procmux$2672_Y [0] $flatten\bht_lut.$procmux$2672_Y [0] $flatten\bht_lut.$procmux$2672_Y [0] $flatten\bht_lut.$procmux$2672_Y [0] $flatten\bht_lut.$procmux$2672_Y [0] $flatten\bht_lut.$procmux$2672_Y [0] $flatten\bht_lut.$procmux$2672_Y [0] $flatten\bht_lut.$procmux$2672_Y [0] $flatten\bht_lut.$procmux$2672_Y [0] $flatten\bht_lut.$procmux$2672_Y [0] $flatten\bht_lut.$procmux$2672_Y [0] $flatten\bht_lut.$procmux$2672_Y [0] $flatten\bht_lut.$procmux$2672_Y [0] $flatten\bht_lut.$procmux$2672_Y [0] $flatten\bht_lut.$procmux$2672_Y [0] $flatten\bht_lut.$procmux$2672_Y [0] $flatten\bht_lut.$procmux$2672_Y [0] $flatten\bht_lut.$procmux$2672_Y [0] }
    Consolidated identical input bits for $mux cell $flatten\bht_lut.$procmux$2696:
      Old ports: A=33'000000000000000000000000000000000, B=$flatten\bht_lut.$3$memwr$\branchHistoryTable$/openlane/designs/my_processor/src/branchHist.v:49$135_EN[32:0]$589, Y=$flatten\bht_lut.$procmux$2696_Y
      New ports: A=1'0, B=$flatten\bht_lut.$procmux$2463_Y [0], Y=$flatten\bht_lut.$procmux$2696_Y [0]
      New connections: $flatten\bht_lut.$procmux$2696_Y [32:1] = { $flatten\bht_lut.$procmux$2696_Y [0] $flatten\bht_lut.$procmux$2696_Y [0] $flatten\bht_lut.$procmux$2696_Y [0] $flatten\bht_lut.$procmux$2696_Y [0] $flatten\bht_lut.$procmux$2696_Y [0] $flatten\bht_lut.$procmux$2696_Y [0] $flatten\bht_lut.$procmux$2696_Y [0] $flatten\bht_lut.$procmux$2696_Y [0] $flatten\bht_lut.$procmux$2696_Y [0] $flatten\bht_lut.$procmux$2696_Y [0] $flatten\bht_lut.$procmux$2696_Y [0] $flatten\bht_lut.$procmux$2696_Y [0] $flatten\bht_lut.$procmux$2696_Y [0] $flatten\bht_lut.$procmux$2696_Y [0] $flatten\bht_lut.$procmux$2696_Y [0] $flatten\bht_lut.$procmux$2696_Y [0] $flatten\bht_lut.$procmux$2696_Y [0] $flatten\bht_lut.$procmux$2696_Y [0] $flatten\bht_lut.$procmux$2696_Y [0] $flatten\bht_lut.$procmux$2696_Y [0] $flatten\bht_lut.$procmux$2696_Y [0] $flatten\bht_lut.$procmux$2696_Y [0] $flatten\bht_lut.$procmux$2696_Y [0] $flatten\bht_lut.$procmux$2696_Y [0] $flatten\bht_lut.$procmux$2696_Y [0] $flatten\bht_lut.$procmux$2696_Y [0] $flatten\bht_lut.$procmux$2696_Y [0] $flatten\bht_lut.$procmux$2696_Y [0] $flatten\bht_lut.$procmux$2696_Y [0] $flatten\bht_lut.$procmux$2696_Y [0] $flatten\bht_lut.$procmux$2696_Y [0] $flatten\bht_lut.$procmux$2696_Y [0] }
    Consolidated identical input bits for $mux cell $flatten\bht_lut.$procmux$2720:
      Old ports: A=33'000000000000000000000000000000000, B=$flatten\bht_lut.$3$memwr$\branchHistoryTable$/openlane/designs/my_processor/src/branchHist.v:49$132_EN[32:0]$583, Y=$flatten\bht_lut.$procmux$2720_Y
      New ports: A=1'0, B=$flatten\bht_lut.$procmux$2490_Y [0], Y=$flatten\bht_lut.$procmux$2720_Y [0]
      New connections: $flatten\bht_lut.$procmux$2720_Y [32:1] = { $flatten\bht_lut.$procmux$2720_Y [0] $flatten\bht_lut.$procmux$2720_Y [0] $flatten\bht_lut.$procmux$2720_Y [0] $flatten\bht_lut.$procmux$2720_Y [0] $flatten\bht_lut.$procmux$2720_Y [0] $flatten\bht_lut.$procmux$2720_Y [0] $flatten\bht_lut.$procmux$2720_Y [0] $flatten\bht_lut.$procmux$2720_Y [0] $flatten\bht_lut.$procmux$2720_Y [0] $flatten\bht_lut.$procmux$2720_Y [0] $flatten\bht_lut.$procmux$2720_Y [0] $flatten\bht_lut.$procmux$2720_Y [0] $flatten\bht_lut.$procmux$2720_Y [0] $flatten\bht_lut.$procmux$2720_Y [0] $flatten\bht_lut.$procmux$2720_Y [0] $flatten\bht_lut.$procmux$2720_Y [0] $flatten\bht_lut.$procmux$2720_Y [0] $flatten\bht_lut.$procmux$2720_Y [0] $flatten\bht_lut.$procmux$2720_Y [0] $flatten\bht_lut.$procmux$2720_Y [0] $flatten\bht_lut.$procmux$2720_Y [0] $flatten\bht_lut.$procmux$2720_Y [0] $flatten\bht_lut.$procmux$2720_Y [0] $flatten\bht_lut.$procmux$2720_Y [0] $flatten\bht_lut.$procmux$2720_Y [0] $flatten\bht_lut.$procmux$2720_Y [0] $flatten\bht_lut.$procmux$2720_Y [0] $flatten\bht_lut.$procmux$2720_Y [0] $flatten\bht_lut.$procmux$2720_Y [0] $flatten\bht_lut.$procmux$2720_Y [0] $flatten\bht_lut.$procmux$2720_Y [0] $flatten\bht_lut.$procmux$2720_Y [0] }
    Consolidated identical input bits for $mux cell $flatten\bht_lut.$procmux$2744:
      Old ports: A=33'000000000000000000000000000000000, B=$flatten\bht_lut.$3$memwr$\branchHistoryTable$/openlane/designs/my_processor/src/branchHist.v:49$129_EN[32:0]$577, Y=$flatten\bht_lut.$procmux$2744_Y
      New ports: A=1'0, B=$flatten\bht_lut.$procmux$2517_Y [0], Y=$flatten\bht_lut.$procmux$2744_Y [0]
      New connections: $flatten\bht_lut.$procmux$2744_Y [32:1] = { $flatten\bht_lut.$procmux$2744_Y [0] $flatten\bht_lut.$procmux$2744_Y [0] $flatten\bht_lut.$procmux$2744_Y [0] $flatten\bht_lut.$procmux$2744_Y [0] $flatten\bht_lut.$procmux$2744_Y [0] $flatten\bht_lut.$procmux$2744_Y [0] $flatten\bht_lut.$procmux$2744_Y [0] $flatten\bht_lut.$procmux$2744_Y [0] $flatten\bht_lut.$procmux$2744_Y [0] $flatten\bht_lut.$procmux$2744_Y [0] $flatten\bht_lut.$procmux$2744_Y [0] $flatten\bht_lut.$procmux$2744_Y [0] $flatten\bht_lut.$procmux$2744_Y [0] $flatten\bht_lut.$procmux$2744_Y [0] $flatten\bht_lut.$procmux$2744_Y [0] $flatten\bht_lut.$procmux$2744_Y [0] $flatten\bht_lut.$procmux$2744_Y [0] $flatten\bht_lut.$procmux$2744_Y [0] $flatten\bht_lut.$procmux$2744_Y [0] $flatten\bht_lut.$procmux$2744_Y [0] $flatten\bht_lut.$procmux$2744_Y [0] $flatten\bht_lut.$procmux$2744_Y [0] $flatten\bht_lut.$procmux$2744_Y [0] $flatten\bht_lut.$procmux$2744_Y [0] $flatten\bht_lut.$procmux$2744_Y [0] $flatten\bht_lut.$procmux$2744_Y [0] $flatten\bht_lut.$procmux$2744_Y [0] $flatten\bht_lut.$procmux$2744_Y [0] $flatten\bht_lut.$procmux$2744_Y [0] $flatten\bht_lut.$procmux$2744_Y [0] $flatten\bht_lut.$procmux$2744_Y [0] $flatten\bht_lut.$procmux$2744_Y [0] }
    Consolidated identical input bits for $mux cell $flatten\bht_lut.$procmux$2768:
      Old ports: A=33'000000000000000000000000000000000, B=$flatten\bht_lut.$3$memwr$\branchHistoryTable$/openlane/designs/my_processor/src/branchHist.v:49$126_EN[32:0]$571, Y=$flatten\bht_lut.$procmux$2768_Y
      New ports: A=1'0, B=$flatten\bht_lut.$procmux$2544_Y [0], Y=$flatten\bht_lut.$procmux$2768_Y [0]
      New connections: $flatten\bht_lut.$procmux$2768_Y [32:1] = { $flatten\bht_lut.$procmux$2768_Y [0] $flatten\bht_lut.$procmux$2768_Y [0] $flatten\bht_lut.$procmux$2768_Y [0] $flatten\bht_lut.$procmux$2768_Y [0] $flatten\bht_lut.$procmux$2768_Y [0] $flatten\bht_lut.$procmux$2768_Y [0] $flatten\bht_lut.$procmux$2768_Y [0] $flatten\bht_lut.$procmux$2768_Y [0] $flatten\bht_lut.$procmux$2768_Y [0] $flatten\bht_lut.$procmux$2768_Y [0] $flatten\bht_lut.$procmux$2768_Y [0] $flatten\bht_lut.$procmux$2768_Y [0] $flatten\bht_lut.$procmux$2768_Y [0] $flatten\bht_lut.$procmux$2768_Y [0] $flatten\bht_lut.$procmux$2768_Y [0] $flatten\bht_lut.$procmux$2768_Y [0] $flatten\bht_lut.$procmux$2768_Y [0] $flatten\bht_lut.$procmux$2768_Y [0] $flatten\bht_lut.$procmux$2768_Y [0] $flatten\bht_lut.$procmux$2768_Y [0] $flatten\bht_lut.$procmux$2768_Y [0] $flatten\bht_lut.$procmux$2768_Y [0] $flatten\bht_lut.$procmux$2768_Y [0] $flatten\bht_lut.$procmux$2768_Y [0] $flatten\bht_lut.$procmux$2768_Y [0] $flatten\bht_lut.$procmux$2768_Y [0] $flatten\bht_lut.$procmux$2768_Y [0] $flatten\bht_lut.$procmux$2768_Y [0] $flatten\bht_lut.$procmux$2768_Y [0] $flatten\bht_lut.$procmux$2768_Y [0] $flatten\bht_lut.$procmux$2768_Y [0] $flatten\bht_lut.$procmux$2768_Y [0] }
    Consolidated identical input bits for $mux cell $flatten\bht_lut.$procmux$2792:
      Old ports: A=33'000000000000000000000000000000000, B=$flatten\bht_lut.$3$memwr$\branchHistoryTable$/openlane/designs/my_processor/src/branchHist.v:49$123_EN[32:0]$565, Y=$flatten\bht_lut.$procmux$2792_Y
      New ports: A=1'0, B=$flatten\bht_lut.$procmux$2571_Y [0], Y=$flatten\bht_lut.$procmux$2792_Y [0]
      New connections: $flatten\bht_lut.$procmux$2792_Y [32:1] = { $flatten\bht_lut.$procmux$2792_Y [0] $flatten\bht_lut.$procmux$2792_Y [0] $flatten\bht_lut.$procmux$2792_Y [0] $flatten\bht_lut.$procmux$2792_Y [0] $flatten\bht_lut.$procmux$2792_Y [0] $flatten\bht_lut.$procmux$2792_Y [0] $flatten\bht_lut.$procmux$2792_Y [0] $flatten\bht_lut.$procmux$2792_Y [0] $flatten\bht_lut.$procmux$2792_Y [0] $flatten\bht_lut.$procmux$2792_Y [0] $flatten\bht_lut.$procmux$2792_Y [0] $flatten\bht_lut.$procmux$2792_Y [0] $flatten\bht_lut.$procmux$2792_Y [0] $flatten\bht_lut.$procmux$2792_Y [0] $flatten\bht_lut.$procmux$2792_Y [0] $flatten\bht_lut.$procmux$2792_Y [0] $flatten\bht_lut.$procmux$2792_Y [0] $flatten\bht_lut.$procmux$2792_Y [0] $flatten\bht_lut.$procmux$2792_Y [0] $flatten\bht_lut.$procmux$2792_Y [0] $flatten\bht_lut.$procmux$2792_Y [0] $flatten\bht_lut.$procmux$2792_Y [0] $flatten\bht_lut.$procmux$2792_Y [0] $flatten\bht_lut.$procmux$2792_Y [0] $flatten\bht_lut.$procmux$2792_Y [0] $flatten\bht_lut.$procmux$2792_Y [0] $flatten\bht_lut.$procmux$2792_Y [0] $flatten\bht_lut.$procmux$2792_Y [0] $flatten\bht_lut.$procmux$2792_Y [0] $flatten\bht_lut.$procmux$2792_Y [0] $flatten\bht_lut.$procmux$2792_Y [0] $flatten\bht_lut.$procmux$2792_Y [0] }
  Optimizing cells in module \pipelined_processor.
    Consolidated identical input bits for $mux cell $flatten\bht_lut.$procmux$2840:
      Old ports: A=$flatten\bht_lut.$3$memwr$\branchHistoryTable$/openlane/designs/my_processor/src/branchHist.v:64$167_EN[32:0]$642, B=33'000000000000000000000000000000000, Y=$flatten\bht_lut.$procmux$2840_Y
      New ports: A=$flatten\bht_lut.$procmux$2381_Y [0], B=1'0, Y=$flatten\bht_lut.$procmux$2840_Y [0]
      New connections: $flatten\bht_lut.$procmux$2840_Y [32:1] = { $flatten\bht_lut.$procmux$2840_Y [0] $flatten\bht_lut.$procmux$2840_Y [0] $flatten\bht_lut.$procmux$2840_Y [0] $flatten\bht_lut.$procmux$2840_Y [0] $flatten\bht_lut.$procmux$2840_Y [0] $flatten\bht_lut.$procmux$2840_Y [0] $flatten\bht_lut.$procmux$2840_Y [0] $flatten\bht_lut.$procmux$2840_Y [0] $flatten\bht_lut.$procmux$2840_Y [0] $flatten\bht_lut.$procmux$2840_Y [0] $flatten\bht_lut.$procmux$2840_Y [0] $flatten\bht_lut.$procmux$2840_Y [0] $flatten\bht_lut.$procmux$2840_Y [0] $flatten\bht_lut.$procmux$2840_Y [0] $flatten\bht_lut.$procmux$2840_Y [0] $flatten\bht_lut.$procmux$2840_Y [0] $flatten\bht_lut.$procmux$2840_Y [0] $flatten\bht_lut.$procmux$2840_Y [0] $flatten\bht_lut.$procmux$2840_Y [0] $flatten\bht_lut.$procmux$2840_Y [0] $flatten\bht_lut.$procmux$2840_Y [0] $flatten\bht_lut.$procmux$2840_Y [0] $flatten\bht_lut.$procmux$2840_Y [0] $flatten\bht_lut.$procmux$2840_Y [0] $flatten\bht_lut.$procmux$2840_Y [0] $flatten\bht_lut.$procmux$2840_Y [0] $flatten\bht_lut.$procmux$2840_Y [0] $flatten\bht_lut.$procmux$2840_Y [0] $flatten\bht_lut.$procmux$2840_Y [0] $flatten\bht_lut.$procmux$2840_Y [0] $flatten\bht_lut.$procmux$2840_Y [0] $flatten\bht_lut.$procmux$2840_Y [0] }
    Consolidated identical input bits for $mux cell $flatten\bht_lut.$procmux$2858:
      Old ports: A=$flatten\bht_lut.$3$memwr$\branchHistoryTable$/openlane/designs/my_processor/src/branchHist.v:58$166_EN[32:0]$639, B=33'000000000000000000000000000000000, Y=$flatten\bht_lut.$procmux$2858_Y
      New ports: A=$flatten\bht_lut.$procmux$2093_Y [0], B=1'0, Y=$flatten\bht_lut.$procmux$2858_Y [0]
      New connections: $flatten\bht_lut.$procmux$2858_Y [32:1] = { $flatten\bht_lut.$procmux$2858_Y [0] $flatten\bht_lut.$procmux$2858_Y [0] $flatten\bht_lut.$procmux$2858_Y [0] $flatten\bht_lut.$procmux$2858_Y [0] $flatten\bht_lut.$procmux$2858_Y [0] $flatten\bht_lut.$procmux$2858_Y [0] $flatten\bht_lut.$procmux$2858_Y [0] $flatten\bht_lut.$procmux$2858_Y [0] $flatten\bht_lut.$procmux$2858_Y [0] $flatten\bht_lut.$procmux$2858_Y [0] $flatten\bht_lut.$procmux$2858_Y [0] $flatten\bht_lut.$procmux$2858_Y [0] $flatten\bht_lut.$procmux$2858_Y [0] $flatten\bht_lut.$procmux$2858_Y [0] $flatten\bht_lut.$procmux$2858_Y [0] $flatten\bht_lut.$procmux$2858_Y [0] $flatten\bht_lut.$procmux$2858_Y [0] $flatten\bht_lut.$procmux$2858_Y [0] $flatten\bht_lut.$procmux$2858_Y [0] $flatten\bht_lut.$procmux$2858_Y [0] $flatten\bht_lut.$procmux$2858_Y [0] $flatten\bht_lut.$procmux$2858_Y [0] $flatten\bht_lut.$procmux$2858_Y [0] $flatten\bht_lut.$procmux$2858_Y [0] $flatten\bht_lut.$procmux$2858_Y [0] $flatten\bht_lut.$procmux$2858_Y [0] $flatten\bht_lut.$procmux$2858_Y [0] $flatten\bht_lut.$procmux$2858_Y [0] $flatten\bht_lut.$procmux$2858_Y [0] $flatten\bht_lut.$procmux$2858_Y [0] $flatten\bht_lut.$procmux$2858_Y [0] $flatten\bht_lut.$procmux$2858_Y [0] }
    Consolidated identical input bits for $mux cell $flatten\bht_lut.$procmux$2882:
      Old ports: A=$flatten\bht_lut.$3$memwr$\branchHistoryTable$/openlane/designs/my_processor/src/branchHist.v:58$163_EN[32:0]$635, B=33'000000000000000000000000000000000, Y=$flatten\bht_lut.$procmux$2882_Y
      New ports: A=$flatten\bht_lut.$procmux$2129_Y [0], B=1'0, Y=$flatten\bht_lut.$procmux$2882_Y [0]
      New connections: $flatten\bht_lut.$procmux$2882_Y [32:1] = { $flatten\bht_lut.$procmux$2882_Y [0] $flatten\bht_lut.$procmux$2882_Y [0] $flatten\bht_lut.$procmux$2882_Y [0] $flatten\bht_lut.$procmux$2882_Y [0] $flatten\bht_lut.$procmux$2882_Y [0] $flatten\bht_lut.$procmux$2882_Y [0] $flatten\bht_lut.$procmux$2882_Y [0] $flatten\bht_lut.$procmux$2882_Y [0] $flatten\bht_lut.$procmux$2882_Y [0] $flatten\bht_lut.$procmux$2882_Y [0] $flatten\bht_lut.$procmux$2882_Y [0] $flatten\bht_lut.$procmux$2882_Y [0] $flatten\bht_lut.$procmux$2882_Y [0] $flatten\bht_lut.$procmux$2882_Y [0] $flatten\bht_lut.$procmux$2882_Y [0] $flatten\bht_lut.$procmux$2882_Y [0] $flatten\bht_lut.$procmux$2882_Y [0] $flatten\bht_lut.$procmux$2882_Y [0] $flatten\bht_lut.$procmux$2882_Y [0] $flatten\bht_lut.$procmux$2882_Y [0] $flatten\bht_lut.$procmux$2882_Y [0] $flatten\bht_lut.$procmux$2882_Y [0] $flatten\bht_lut.$procmux$2882_Y [0] $flatten\bht_lut.$procmux$2882_Y [0] $flatten\bht_lut.$procmux$2882_Y [0] $flatten\bht_lut.$procmux$2882_Y [0] $flatten\bht_lut.$procmux$2882_Y [0] $flatten\bht_lut.$procmux$2882_Y [0] $flatten\bht_lut.$procmux$2882_Y [0] $flatten\bht_lut.$procmux$2882_Y [0] $flatten\bht_lut.$procmux$2882_Y [0] $flatten\bht_lut.$procmux$2882_Y [0] }
    Consolidated identical input bits for $mux cell $flatten\bht_lut.$procmux$2906:
      Old ports: A=$flatten\bht_lut.$3$memwr$\branchHistoryTable$/openlane/designs/my_processor/src/branchHist.v:58$160_EN[32:0]$631, B=33'000000000000000000000000000000000, Y=$flatten\bht_lut.$procmux$2906_Y
      New ports: A=$flatten\bht_lut.$procmux$2165_Y [0], B=1'0, Y=$flatten\bht_lut.$procmux$2906_Y [0]
      New connections: $flatten\bht_lut.$procmux$2906_Y [32:1] = { $flatten\bht_lut.$procmux$2906_Y [0] $flatten\bht_lut.$procmux$2906_Y [0] $flatten\bht_lut.$procmux$2906_Y [0] $flatten\bht_lut.$procmux$2906_Y [0] $flatten\bht_lut.$procmux$2906_Y [0] $flatten\bht_lut.$procmux$2906_Y [0] $flatten\bht_lut.$procmux$2906_Y [0] $flatten\bht_lut.$procmux$2906_Y [0] $flatten\bht_lut.$procmux$2906_Y [0] $flatten\bht_lut.$procmux$2906_Y [0] $flatten\bht_lut.$procmux$2906_Y [0] $flatten\bht_lut.$procmux$2906_Y [0] $flatten\bht_lut.$procmux$2906_Y [0] $flatten\bht_lut.$procmux$2906_Y [0] $flatten\bht_lut.$procmux$2906_Y [0] $flatten\bht_lut.$procmux$2906_Y [0] $flatten\bht_lut.$procmux$2906_Y [0] $flatten\bht_lut.$procmux$2906_Y [0] $flatten\bht_lut.$procmux$2906_Y [0] $flatten\bht_lut.$procmux$2906_Y [0] $flatten\bht_lut.$procmux$2906_Y [0] $flatten\bht_lut.$procmux$2906_Y [0] $flatten\bht_lut.$procmux$2906_Y [0] $flatten\bht_lut.$procmux$2906_Y [0] $flatten\bht_lut.$procmux$2906_Y [0] $flatten\bht_lut.$procmux$2906_Y [0] $flatten\bht_lut.$procmux$2906_Y [0] $flatten\bht_lut.$procmux$2906_Y [0] $flatten\bht_lut.$procmux$2906_Y [0] $flatten\bht_lut.$procmux$2906_Y [0] $flatten\bht_lut.$procmux$2906_Y [0] $flatten\bht_lut.$procmux$2906_Y [0] }
    Consolidated identical input bits for $mux cell $flatten\bht_lut.$procmux$2930:
      Old ports: A=$flatten\bht_lut.$3$memwr$\branchHistoryTable$/openlane/designs/my_processor/src/branchHist.v:58$157_EN[32:0]$627, B=33'000000000000000000000000000000000, Y=$flatten\bht_lut.$procmux$2930_Y
      New ports: A=$flatten\bht_lut.$procmux$2201_Y [0], B=1'0, Y=$flatten\bht_lut.$procmux$2930_Y [0]
      New connections: $flatten\bht_lut.$procmux$2930_Y [32:1] = { $flatten\bht_lut.$procmux$2930_Y [0] $flatten\bht_lut.$procmux$2930_Y [0] $flatten\bht_lut.$procmux$2930_Y [0] $flatten\bht_lut.$procmux$2930_Y [0] $flatten\bht_lut.$procmux$2930_Y [0] $flatten\bht_lut.$procmux$2930_Y [0] $flatten\bht_lut.$procmux$2930_Y [0] $flatten\bht_lut.$procmux$2930_Y [0] $flatten\bht_lut.$procmux$2930_Y [0] $flatten\bht_lut.$procmux$2930_Y [0] $flatten\bht_lut.$procmux$2930_Y [0] $flatten\bht_lut.$procmux$2930_Y [0] $flatten\bht_lut.$procmux$2930_Y [0] $flatten\bht_lut.$procmux$2930_Y [0] $flatten\bht_lut.$procmux$2930_Y [0] $flatten\bht_lut.$procmux$2930_Y [0] $flatten\bht_lut.$procmux$2930_Y [0] $flatten\bht_lut.$procmux$2930_Y [0] $flatten\bht_lut.$procmux$2930_Y [0] $flatten\bht_lut.$procmux$2930_Y [0] $flatten\bht_lut.$procmux$2930_Y [0] $flatten\bht_lut.$procmux$2930_Y [0] $flatten\bht_lut.$procmux$2930_Y [0] $flatten\bht_lut.$procmux$2930_Y [0] $flatten\bht_lut.$procmux$2930_Y [0] $flatten\bht_lut.$procmux$2930_Y [0] $flatten\bht_lut.$procmux$2930_Y [0] $flatten\bht_lut.$procmux$2930_Y [0] $flatten\bht_lut.$procmux$2930_Y [0] $flatten\bht_lut.$procmux$2930_Y [0] $flatten\bht_lut.$procmux$2930_Y [0] $flatten\bht_lut.$procmux$2930_Y [0] }
    Consolidated identical input bits for $mux cell $flatten\bht_lut.$procmux$2954:
      Old ports: A=$flatten\bht_lut.$3$memwr$\branchHistoryTable$/openlane/designs/my_processor/src/branchHist.v:58$154_EN[32:0]$623, B=33'000000000000000000000000000000000, Y=$flatten\bht_lut.$procmux$2954_Y
      New ports: A=$flatten\bht_lut.$procmux$2237_Y [0], B=1'0, Y=$flatten\bht_lut.$procmux$2954_Y [0]
      New connections: $flatten\bht_lut.$procmux$2954_Y [32:1] = { $flatten\bht_lut.$procmux$2954_Y [0] $flatten\bht_lut.$procmux$2954_Y [0] $flatten\bht_lut.$procmux$2954_Y [0] $flatten\bht_lut.$procmux$2954_Y [0] $flatten\bht_lut.$procmux$2954_Y [0] $flatten\bht_lut.$procmux$2954_Y [0] $flatten\bht_lut.$procmux$2954_Y [0] $flatten\bht_lut.$procmux$2954_Y [0] $flatten\bht_lut.$procmux$2954_Y [0] $flatten\bht_lut.$procmux$2954_Y [0] $flatten\bht_lut.$procmux$2954_Y [0] $flatten\bht_lut.$procmux$2954_Y [0] $flatten\bht_lut.$procmux$2954_Y [0] $flatten\bht_lut.$procmux$2954_Y [0] $flatten\bht_lut.$procmux$2954_Y [0] $flatten\bht_lut.$procmux$2954_Y [0] $flatten\bht_lut.$procmux$2954_Y [0] $flatten\bht_lut.$procmux$2954_Y [0] $flatten\bht_lut.$procmux$2954_Y [0] $flatten\bht_lut.$procmux$2954_Y [0] $flatten\bht_lut.$procmux$2954_Y [0] $flatten\bht_lut.$procmux$2954_Y [0] $flatten\bht_lut.$procmux$2954_Y [0] $flatten\bht_lut.$procmux$2954_Y [0] $flatten\bht_lut.$procmux$2954_Y [0] $flatten\bht_lut.$procmux$2954_Y [0] $flatten\bht_lut.$procmux$2954_Y [0] $flatten\bht_lut.$procmux$2954_Y [0] $flatten\bht_lut.$procmux$2954_Y [0] $flatten\bht_lut.$procmux$2954_Y [0] $flatten\bht_lut.$procmux$2954_Y [0] $flatten\bht_lut.$procmux$2954_Y [0] }
    Consolidated identical input bits for $mux cell $flatten\bht_lut.$procmux$2978:
      Old ports: A=$flatten\bht_lut.$3$memwr$\branchHistoryTable$/openlane/designs/my_processor/src/branchHist.v:58$151_EN[32:0]$619, B=33'000000000000000000000000000000000, Y=$flatten\bht_lut.$procmux$2978_Y
      New ports: A=$flatten\bht_lut.$procmux$2273_Y [0], B=1'0, Y=$flatten\bht_lut.$procmux$2978_Y [0]
      New connections: $flatten\bht_lut.$procmux$2978_Y [32:1] = { $flatten\bht_lut.$procmux$2978_Y [0] $flatten\bht_lut.$procmux$2978_Y [0] $flatten\bht_lut.$procmux$2978_Y [0] $flatten\bht_lut.$procmux$2978_Y [0] $flatten\bht_lut.$procmux$2978_Y [0] $flatten\bht_lut.$procmux$2978_Y [0] $flatten\bht_lut.$procmux$2978_Y [0] $flatten\bht_lut.$procmux$2978_Y [0] $flatten\bht_lut.$procmux$2978_Y [0] $flatten\bht_lut.$procmux$2978_Y [0] $flatten\bht_lut.$procmux$2978_Y [0] $flatten\bht_lut.$procmux$2978_Y [0] $flatten\bht_lut.$procmux$2978_Y [0] $flatten\bht_lut.$procmux$2978_Y [0] $flatten\bht_lut.$procmux$2978_Y [0] $flatten\bht_lut.$procmux$2978_Y [0] $flatten\bht_lut.$procmux$2978_Y [0] $flatten\bht_lut.$procmux$2978_Y [0] $flatten\bht_lut.$procmux$2978_Y [0] $flatten\bht_lut.$procmux$2978_Y [0] $flatten\bht_lut.$procmux$2978_Y [0] $flatten\bht_lut.$procmux$2978_Y [0] $flatten\bht_lut.$procmux$2978_Y [0] $flatten\bht_lut.$procmux$2978_Y [0] $flatten\bht_lut.$procmux$2978_Y [0] $flatten\bht_lut.$procmux$2978_Y [0] $flatten\bht_lut.$procmux$2978_Y [0] $flatten\bht_lut.$procmux$2978_Y [0] $flatten\bht_lut.$procmux$2978_Y [0] $flatten\bht_lut.$procmux$2978_Y [0] $flatten\bht_lut.$procmux$2978_Y [0] $flatten\bht_lut.$procmux$2978_Y [0] }
    Consolidated identical input bits for $mux cell $flatten\bht_lut.$procmux$3002:
      Old ports: A=$flatten\bht_lut.$3$memwr$\branchHistoryTable$/openlane/designs/my_processor/src/branchHist.v:58$148_EN[32:0]$615, B=33'000000000000000000000000000000000, Y=$flatten\bht_lut.$procmux$3002_Y
      New ports: A=$flatten\bht_lut.$procmux$2309_Y [0], B=1'0, Y=$flatten\bht_lut.$procmux$3002_Y [0]
      New connections: $flatten\bht_lut.$procmux$3002_Y [32:1] = { $flatten\bht_lut.$procmux$3002_Y [0] $flatten\bht_lut.$procmux$3002_Y [0] $flatten\bht_lut.$procmux$3002_Y [0] $flatten\bht_lut.$procmux$3002_Y [0] $flatten\bht_lut.$procmux$3002_Y [0] $flatten\bht_lut.$procmux$3002_Y [0] $flatten\bht_lut.$procmux$3002_Y [0] $flatten\bht_lut.$procmux$3002_Y [0] $flatten\bht_lut.$procmux$3002_Y [0] $flatten\bht_lut.$procmux$3002_Y [0] $flatten\bht_lut.$procmux$3002_Y [0] $flatten\bht_lut.$procmux$3002_Y [0] $flatten\bht_lut.$procmux$3002_Y [0] $flatten\bht_lut.$procmux$3002_Y [0] $flatten\bht_lut.$procmux$3002_Y [0] $flatten\bht_lut.$procmux$3002_Y [0] $flatten\bht_lut.$procmux$3002_Y [0] $flatten\bht_lut.$procmux$3002_Y [0] $flatten\bht_lut.$procmux$3002_Y [0] $flatten\bht_lut.$procmux$3002_Y [0] $flatten\bht_lut.$procmux$3002_Y [0] $flatten\bht_lut.$procmux$3002_Y [0] $flatten\bht_lut.$procmux$3002_Y [0] $flatten\bht_lut.$procmux$3002_Y [0] $flatten\bht_lut.$procmux$3002_Y [0] $flatten\bht_lut.$procmux$3002_Y [0] $flatten\bht_lut.$procmux$3002_Y [0] $flatten\bht_lut.$procmux$3002_Y [0] $flatten\bht_lut.$procmux$3002_Y [0] $flatten\bht_lut.$procmux$3002_Y [0] $flatten\bht_lut.$procmux$3002_Y [0] $flatten\bht_lut.$procmux$3002_Y [0] }
    Consolidated identical input bits for $mux cell $flatten\bht_lut.$procmux$3026:
      Old ports: A=$flatten\bht_lut.$3$memwr$\branchHistoryTable$/openlane/designs/my_processor/src/branchHist.v:58$145_EN[32:0]$611, B=33'000000000000000000000000000000000, Y=$flatten\bht_lut.$procmux$3026_Y
      New ports: A=$flatten\bht_lut.$procmux$2345_Y [0], B=1'0, Y=$flatten\bht_lut.$procmux$3026_Y [0]
      New connections: $flatten\bht_lut.$procmux$3026_Y [32:1] = { $flatten\bht_lut.$procmux$3026_Y [0] $flatten\bht_lut.$procmux$3026_Y [0] $flatten\bht_lut.$procmux$3026_Y [0] $flatten\bht_lut.$procmux$3026_Y [0] $flatten\bht_lut.$procmux$3026_Y [0] $flatten\bht_lut.$procmux$3026_Y [0] $flatten\bht_lut.$procmux$3026_Y [0] $flatten\bht_lut.$procmux$3026_Y [0] $flatten\bht_lut.$procmux$3026_Y [0] $flatten\bht_lut.$procmux$3026_Y [0] $flatten\bht_lut.$procmux$3026_Y [0] $flatten\bht_lut.$procmux$3026_Y [0] $flatten\bht_lut.$procmux$3026_Y [0] $flatten\bht_lut.$procmux$3026_Y [0] $flatten\bht_lut.$procmux$3026_Y [0] $flatten\bht_lut.$procmux$3026_Y [0] $flatten\bht_lut.$procmux$3026_Y [0] $flatten\bht_lut.$procmux$3026_Y [0] $flatten\bht_lut.$procmux$3026_Y [0] $flatten\bht_lut.$procmux$3026_Y [0] $flatten\bht_lut.$procmux$3026_Y [0] $flatten\bht_lut.$procmux$3026_Y [0] $flatten\bht_lut.$procmux$3026_Y [0] $flatten\bht_lut.$procmux$3026_Y [0] $flatten\bht_lut.$procmux$3026_Y [0] $flatten\bht_lut.$procmux$3026_Y [0] $flatten\bht_lut.$procmux$3026_Y [0] $flatten\bht_lut.$procmux$3026_Y [0] $flatten\bht_lut.$procmux$3026_Y [0] $flatten\bht_lut.$procmux$3026_Y [0] $flatten\bht_lut.$procmux$3026_Y [0] $flatten\bht_lut.$procmux$3026_Y [0] }
    Consolidated identical input bits for $mux cell $flatten\bht_lut.$procmux$3191:
      Old ports: A=$flatten\bht_lut.$2$memwr$\branchHistoryTable$/openlane/designs/my_processor/src/branchHist.v:49$141_EN[32:0]$516, B=33'000000000000000000000000000000000, Y=$flatten\bht_lut.$0$memwr$\branchHistoryTable$/openlane/designs/my_processor/src/branchHist.v:49$141_EN[32:0]$365
      New ports: A=$flatten\bht_lut.$procmux$2648_Y [0], B=1'0, Y=$flatten\bht_lut.$0$memwr$\branchHistoryTable$/openlane/designs/my_processor/src/branchHist.v:49$141_EN[32:0]$365 [0]
      New connections: $flatten\bht_lut.$0$memwr$\branchHistoryTable$/openlane/designs/my_processor/src/branchHist.v:49$141_EN[32:0]$365 [32:1] = { $flatten\bht_lut.$0$memwr$\branchHistoryTable$/openlane/designs/my_processor/src/branchHist.v:49$141_EN[32:0]$365 [0] $flatten\bht_lut.$0$memwr$\branchHistoryTable$/openlane/designs/my_processor/src/branchHist.v:49$141_EN[32:0]$365 [0] $flatten\bht_lut.$0$memwr$\branchHistoryTable$/openlane/designs/my_processor/src/branchHist.v:49$141_EN[32:0]$365 [0] $flatten\bht_lut.$0$memwr$\branchHistoryTable$/openlane/designs/my_processor/src/branchHist.v:49$141_EN[32:0]$365 [0] $flatten\bht_lut.$0$memwr$\branchHistoryTable$/openlane/designs/my_processor/src/branchHist.v:49$141_EN[32:0]$365 [0] $flatten\bht_lut.$0$memwr$\branchHistoryTable$/openlane/designs/my_processor/src/branchHist.v:49$141_EN[32:0]$365 [0] $flatten\bht_lut.$0$memwr$\branchHistoryTable$/openlane/designs/my_processor/src/branchHist.v:49$141_EN[32:0]$365 [0] $flatten\bht_lut.$0$memwr$\branchHistoryTable$/openlane/designs/my_processor/src/branchHist.v:49$141_EN[32:0]$365 [0] $flatten\bht_lut.$0$memwr$\branchHistoryTable$/openlane/designs/my_processor/src/branchHist.v:49$141_EN[32:0]$365 [0] $flatten\bht_lut.$0$memwr$\branchHistoryTable$/openlane/designs/my_processor/src/branchHist.v:49$141_EN[32:0]$365 [0] $flatten\bht_lut.$0$memwr$\branchHistoryTable$/openlane/designs/my_processor/src/branchHist.v:49$141_EN[32:0]$365 [0] $flatten\bht_lut.$0$memwr$\branchHistoryTable$/openlane/designs/my_processor/src/branchHist.v:49$141_EN[32:0]$365 [0] $flatten\bht_lut.$0$memwr$\branchHistoryTable$/openlane/designs/my_processor/src/branchHist.v:49$141_EN[32:0]$365 [0] $flatten\bht_lut.$0$memwr$\branchHistoryTable$/openlane/designs/my_processor/src/branchHist.v:49$141_EN[32:0]$365 [0] $flatten\bht_lut.$0$memwr$\branchHistoryTable$/openlane/designs/my_processor/src/branchHist.v:49$141_EN[32:0]$365 [0] $flatten\bht_lut.$0$memwr$\branchHistoryTable$/openlane/designs/my_processor/src/branchHist.v:49$141_EN[32:0]$365 [0] $flatten\bht_lut.$0$memwr$\branchHistoryTable$/openlane/designs/my_processor/src/branchHist.v:49$141_EN[32:0]$365 [0] $flatten\bht_lut.$0$memwr$\branchHistoryTable$/openlane/designs/my_processor/src/branchHist.v:49$141_EN[32:0]$365 [0] $flatten\bht_lut.$0$memwr$\branchHistoryTable$/openlane/designs/my_processor/src/branchHist.v:49$141_EN[32:0]$365 [0] $flatten\bht_lut.$0$memwr$\branchHistoryTable$/openlane/designs/my_processor/src/branchHist.v:49$141_EN[32:0]$365 [0] $flatten\bht_lut.$0$memwr$\branchHistoryTable$/openlane/designs/my_processor/src/branchHist.v:49$141_EN[32:0]$365 [0] $flatten\bht_lut.$0$memwr$\branchHistoryTable$/openlane/designs/my_processor/src/branchHist.v:49$141_EN[32:0]$365 [0] $flatten\bht_lut.$0$memwr$\branchHistoryTable$/openlane/designs/my_processor/src/branchHist.v:49$141_EN[32:0]$365 [0] $flatten\bht_lut.$0$memwr$\branchHistoryTable$/openlane/designs/my_processor/src/branchHist.v:49$141_EN[32:0]$365 [0] $flatten\bht_lut.$0$memwr$\branchHistoryTable$/openlane/designs/my_processor/src/branchHist.v:49$141_EN[32:0]$365 [0] $flatten\bht_lut.$0$memwr$\branchHistoryTable$/openlane/designs/my_processor/src/branchHist.v:49$141_EN[32:0]$365 [0] $flatten\bht_lut.$0$memwr$\branchHistoryTable$/openlane/designs/my_processor/src/branchHist.v:49$141_EN[32:0]$365 [0] $flatten\bht_lut.$0$memwr$\branchHistoryTable$/openlane/designs/my_processor/src/branchHist.v:49$141_EN[32:0]$365 [0] $flatten\bht_lut.$0$memwr$\branchHistoryTable$/openlane/designs/my_processor/src/branchHist.v:49$141_EN[32:0]$365 [0] $flatten\bht_lut.$0$memwr$\branchHistoryTable$/openlane/designs/my_processor/src/branchHist.v:49$141_EN[32:0]$365 [0] $flatten\bht_lut.$0$memwr$\branchHistoryTable$/openlane/designs/my_processor/src/branchHist.v:49$141_EN[32:0]$365 [0] $flatten\bht_lut.$0$memwr$\branchHistoryTable$/openlane/designs/my_processor/src/branchHist.v:49$141_EN[32:0]$365 [0] }
    Consolidated identical input bits for $mux cell $flatten\bht_lut.$procmux$3203:
      Old ports: A=$flatten\bht_lut.$2$memwr$\branchHistoryTable$/openlane/designs/my_processor/src/branchHist.v:49$138_EN[32:0]$512, B=33'000000000000000000000000000000000, Y=$flatten\bht_lut.$0$memwr$\branchHistoryTable$/openlane/designs/my_processor/src/branchHist.v:49$138_EN[32:0]$361
      New ports: A=$flatten\bht_lut.$procmux$2672_Y [0], B=1'0, Y=$flatten\bht_lut.$0$memwr$\branchHistoryTable$/openlane/designs/my_processor/src/branchHist.v:49$138_EN[32:0]$361 [0]
      New connections: $flatten\bht_lut.$0$memwr$\branchHistoryTable$/openlane/designs/my_processor/src/branchHist.v:49$138_EN[32:0]$361 [32:1] = { $flatten\bht_lut.$0$memwr$\branchHistoryTable$/openlane/designs/my_processor/src/branchHist.v:49$138_EN[32:0]$361 [0] $flatten\bht_lut.$0$memwr$\branchHistoryTable$/openlane/designs/my_processor/src/branchHist.v:49$138_EN[32:0]$361 [0] $flatten\bht_lut.$0$memwr$\branchHistoryTable$/openlane/designs/my_processor/src/branchHist.v:49$138_EN[32:0]$361 [0] $flatten\bht_lut.$0$memwr$\branchHistoryTable$/openlane/designs/my_processor/src/branchHist.v:49$138_EN[32:0]$361 [0] $flatten\bht_lut.$0$memwr$\branchHistoryTable$/openlane/designs/my_processor/src/branchHist.v:49$138_EN[32:0]$361 [0] $flatten\bht_lut.$0$memwr$\branchHistoryTable$/openlane/designs/my_processor/src/branchHist.v:49$138_EN[32:0]$361 [0] $flatten\bht_lut.$0$memwr$\branchHistoryTable$/openlane/designs/my_processor/src/branchHist.v:49$138_EN[32:0]$361 [0] $flatten\bht_lut.$0$memwr$\branchHistoryTable$/openlane/designs/my_processor/src/branchHist.v:49$138_EN[32:0]$361 [0] $flatten\bht_lut.$0$memwr$\branchHistoryTable$/openlane/designs/my_processor/src/branchHist.v:49$138_EN[32:0]$361 [0] $flatten\bht_lut.$0$memwr$\branchHistoryTable$/openlane/designs/my_processor/src/branchHist.v:49$138_EN[32:0]$361 [0] $flatten\bht_lut.$0$memwr$\branchHistoryTable$/openlane/designs/my_processor/src/branchHist.v:49$138_EN[32:0]$361 [0] $flatten\bht_lut.$0$memwr$\branchHistoryTable$/openlane/designs/my_processor/src/branchHist.v:49$138_EN[32:0]$361 [0] $flatten\bht_lut.$0$memwr$\branchHistoryTable$/openlane/designs/my_processor/src/branchHist.v:49$138_EN[32:0]$361 [0] $flatten\bht_lut.$0$memwr$\branchHistoryTable$/openlane/designs/my_processor/src/branchHist.v:49$138_EN[32:0]$361 [0] $flatten\bht_lut.$0$memwr$\branchHistoryTable$/openlane/designs/my_processor/src/branchHist.v:49$138_EN[32:0]$361 [0] $flatten\bht_lut.$0$memwr$\branchHistoryTable$/openlane/designs/my_processor/src/branchHist.v:49$138_EN[32:0]$361 [0] $flatten\bht_lut.$0$memwr$\branchHistoryTable$/openlane/designs/my_processor/src/branchHist.v:49$138_EN[32:0]$361 [0] $flatten\bht_lut.$0$memwr$\branchHistoryTable$/openlane/designs/my_processor/src/branchHist.v:49$138_EN[32:0]$361 [0] $flatten\bht_lut.$0$memwr$\branchHistoryTable$/openlane/designs/my_processor/src/branchHist.v:49$138_EN[32:0]$361 [0] $flatten\bht_lut.$0$memwr$\branchHistoryTable$/openlane/designs/my_processor/src/branchHist.v:49$138_EN[32:0]$361 [0] $flatten\bht_lut.$0$memwr$\branchHistoryTable$/openlane/designs/my_processor/src/branchHist.v:49$138_EN[32:0]$361 [0] $flatten\bht_lut.$0$memwr$\branchHistoryTable$/openlane/designs/my_processor/src/branchHist.v:49$138_EN[32:0]$361 [0] $flatten\bht_lut.$0$memwr$\branchHistoryTable$/openlane/designs/my_processor/src/branchHist.v:49$138_EN[32:0]$361 [0] $flatten\bht_lut.$0$memwr$\branchHistoryTable$/openlane/designs/my_processor/src/branchHist.v:49$138_EN[32:0]$361 [0] $flatten\bht_lut.$0$memwr$\branchHistoryTable$/openlane/designs/my_processor/src/branchHist.v:49$138_EN[32:0]$361 [0] $flatten\bht_lut.$0$memwr$\branchHistoryTable$/openlane/designs/my_processor/src/branchHist.v:49$138_EN[32:0]$361 [0] $flatten\bht_lut.$0$memwr$\branchHistoryTable$/openlane/designs/my_processor/src/branchHist.v:49$138_EN[32:0]$361 [0] $flatten\bht_lut.$0$memwr$\branchHistoryTable$/openlane/designs/my_processor/src/branchHist.v:49$138_EN[32:0]$361 [0] $flatten\bht_lut.$0$memwr$\branchHistoryTable$/openlane/designs/my_processor/src/branchHist.v:49$138_EN[32:0]$361 [0] $flatten\bht_lut.$0$memwr$\branchHistoryTable$/openlane/designs/my_processor/src/branchHist.v:49$138_EN[32:0]$361 [0] $flatten\bht_lut.$0$memwr$\branchHistoryTable$/openlane/designs/my_processor/src/branchHist.v:49$138_EN[32:0]$361 [0] $flatten\bht_lut.$0$memwr$\branchHistoryTable$/openlane/designs/my_processor/src/branchHist.v:49$138_EN[32:0]$361 [0] }
    Consolidated identical input bits for $mux cell $flatten\bht_lut.$procmux$3215:
      Old ports: A=$flatten\bht_lut.$2$memwr$\branchHistoryTable$/openlane/designs/my_processor/src/branchHist.v:49$135_EN[32:0]$508, B=33'000000000000000000000000000000000, Y=$flatten\bht_lut.$0$memwr$\branchHistoryTable$/openlane/designs/my_processor/src/branchHist.v:49$135_EN[32:0]$357
      New ports: A=$flatten\bht_lut.$procmux$2696_Y [0], B=1'0, Y=$flatten\bht_lut.$0$memwr$\branchHistoryTable$/openlane/designs/my_processor/src/branchHist.v:49$135_EN[32:0]$357 [0]
      New connections: $flatten\bht_lut.$0$memwr$\branchHistoryTable$/openlane/designs/my_processor/src/branchHist.v:49$135_EN[32:0]$357 [32:1] = { $flatten\bht_lut.$0$memwr$\branchHistoryTable$/openlane/designs/my_processor/src/branchHist.v:49$135_EN[32:0]$357 [0] $flatten\bht_lut.$0$memwr$\branchHistoryTable$/openlane/designs/my_processor/src/branchHist.v:49$135_EN[32:0]$357 [0] $flatten\bht_lut.$0$memwr$\branchHistoryTable$/openlane/designs/my_processor/src/branchHist.v:49$135_EN[32:0]$357 [0] $flatten\bht_lut.$0$memwr$\branchHistoryTable$/openlane/designs/my_processor/src/branchHist.v:49$135_EN[32:0]$357 [0] $flatten\bht_lut.$0$memwr$\branchHistoryTable$/openlane/designs/my_processor/src/branchHist.v:49$135_EN[32:0]$357 [0] $flatten\bht_lut.$0$memwr$\branchHistoryTable$/openlane/designs/my_processor/src/branchHist.v:49$135_EN[32:0]$357 [0] $flatten\bht_lut.$0$memwr$\branchHistoryTable$/openlane/designs/my_processor/src/branchHist.v:49$135_EN[32:0]$357 [0] $flatten\bht_lut.$0$memwr$\branchHistoryTable$/openlane/designs/my_processor/src/branchHist.v:49$135_EN[32:0]$357 [0] $flatten\bht_lut.$0$memwr$\branchHistoryTable$/openlane/designs/my_processor/src/branchHist.v:49$135_EN[32:0]$357 [0] $flatten\bht_lut.$0$memwr$\branchHistoryTable$/openlane/designs/my_processor/src/branchHist.v:49$135_EN[32:0]$357 [0] $flatten\bht_lut.$0$memwr$\branchHistoryTable$/openlane/designs/my_processor/src/branchHist.v:49$135_EN[32:0]$357 [0] $flatten\bht_lut.$0$memwr$\branchHistoryTable$/openlane/designs/my_processor/src/branchHist.v:49$135_EN[32:0]$357 [0] $flatten\bht_lut.$0$memwr$\branchHistoryTable$/openlane/designs/my_processor/src/branchHist.v:49$135_EN[32:0]$357 [0] $flatten\bht_lut.$0$memwr$\branchHistoryTable$/openlane/designs/my_processor/src/branchHist.v:49$135_EN[32:0]$357 [0] $flatten\bht_lut.$0$memwr$\branchHistoryTable$/openlane/designs/my_processor/src/branchHist.v:49$135_EN[32:0]$357 [0] $flatten\bht_lut.$0$memwr$\branchHistoryTable$/openlane/designs/my_processor/src/branchHist.v:49$135_EN[32:0]$357 [0] $flatten\bht_lut.$0$memwr$\branchHistoryTable$/openlane/designs/my_processor/src/branchHist.v:49$135_EN[32:0]$357 [0] $flatten\bht_lut.$0$memwr$\branchHistoryTable$/openlane/designs/my_processor/src/branchHist.v:49$135_EN[32:0]$357 [0] $flatten\bht_lut.$0$memwr$\branchHistoryTable$/openlane/designs/my_processor/src/branchHist.v:49$135_EN[32:0]$357 [0] $flatten\bht_lut.$0$memwr$\branchHistoryTable$/openlane/designs/my_processor/src/branchHist.v:49$135_EN[32:0]$357 [0] $flatten\bht_lut.$0$memwr$\branchHistoryTable$/openlane/designs/my_processor/src/branchHist.v:49$135_EN[32:0]$357 [0] $flatten\bht_lut.$0$memwr$\branchHistoryTable$/openlane/designs/my_processor/src/branchHist.v:49$135_EN[32:0]$357 [0] $flatten\bht_lut.$0$memwr$\branchHistoryTable$/openlane/designs/my_processor/src/branchHist.v:49$135_EN[32:0]$357 [0] $flatten\bht_lut.$0$memwr$\branchHistoryTable$/openlane/designs/my_processor/src/branchHist.v:49$135_EN[32:0]$357 [0] $flatten\bht_lut.$0$memwr$\branchHistoryTable$/openlane/designs/my_processor/src/branchHist.v:49$135_EN[32:0]$357 [0] $flatten\bht_lut.$0$memwr$\branchHistoryTable$/openlane/designs/my_processor/src/branchHist.v:49$135_EN[32:0]$357 [0] $flatten\bht_lut.$0$memwr$\branchHistoryTable$/openlane/designs/my_processor/src/branchHist.v:49$135_EN[32:0]$357 [0] $flatten\bht_lut.$0$memwr$\branchHistoryTable$/openlane/designs/my_processor/src/branchHist.v:49$135_EN[32:0]$357 [0] $flatten\bht_lut.$0$memwr$\branchHistoryTable$/openlane/designs/my_processor/src/branchHist.v:49$135_EN[32:0]$357 [0] $flatten\bht_lut.$0$memwr$\branchHistoryTable$/openlane/designs/my_processor/src/branchHist.v:49$135_EN[32:0]$357 [0] $flatten\bht_lut.$0$memwr$\branchHistoryTable$/openlane/designs/my_processor/src/branchHist.v:49$135_EN[32:0]$357 [0] $flatten\bht_lut.$0$memwr$\branchHistoryTable$/openlane/designs/my_processor/src/branchHist.v:49$135_EN[32:0]$357 [0] }
    Consolidated identical input bits for $mux cell $flatten\bht_lut.$procmux$3227:
      Old ports: A=$flatten\bht_lut.$2$memwr$\branchHistoryTable$/openlane/designs/my_processor/src/branchHist.v:49$132_EN[32:0]$504, B=33'000000000000000000000000000000000, Y=$flatten\bht_lut.$0$memwr$\branchHistoryTable$/openlane/designs/my_processor/src/branchHist.v:49$132_EN[32:0]$353
      New ports: A=$flatten\bht_lut.$procmux$2720_Y [0], B=1'0, Y=$flatten\bht_lut.$0$memwr$\branchHistoryTable$/openlane/designs/my_processor/src/branchHist.v:49$132_EN[32:0]$353 [0]
      New connections: $flatten\bht_lut.$0$memwr$\branchHistoryTable$/openlane/designs/my_processor/src/branchHist.v:49$132_EN[32:0]$353 [32:1] = { $flatten\bht_lut.$0$memwr$\branchHistoryTable$/openlane/designs/my_processor/src/branchHist.v:49$132_EN[32:0]$353 [0] $flatten\bht_lut.$0$memwr$\branchHistoryTable$/openlane/designs/my_processor/src/branchHist.v:49$132_EN[32:0]$353 [0] $flatten\bht_lut.$0$memwr$\branchHistoryTable$/openlane/designs/my_processor/src/branchHist.v:49$132_EN[32:0]$353 [0] $flatten\bht_lut.$0$memwr$\branchHistoryTable$/openlane/designs/my_processor/src/branchHist.v:49$132_EN[32:0]$353 [0] $flatten\bht_lut.$0$memwr$\branchHistoryTable$/openlane/designs/my_processor/src/branchHist.v:49$132_EN[32:0]$353 [0] $flatten\bht_lut.$0$memwr$\branchHistoryTable$/openlane/designs/my_processor/src/branchHist.v:49$132_EN[32:0]$353 [0] $flatten\bht_lut.$0$memwr$\branchHistoryTable$/openlane/designs/my_processor/src/branchHist.v:49$132_EN[32:0]$353 [0] $flatten\bht_lut.$0$memwr$\branchHistoryTable$/openlane/designs/my_processor/src/branchHist.v:49$132_EN[32:0]$353 [0] $flatten\bht_lut.$0$memwr$\branchHistoryTable$/openlane/designs/my_processor/src/branchHist.v:49$132_EN[32:0]$353 [0] $flatten\bht_lut.$0$memwr$\branchHistoryTable$/openlane/designs/my_processor/src/branchHist.v:49$132_EN[32:0]$353 [0] $flatten\bht_lut.$0$memwr$\branchHistoryTable$/openlane/designs/my_processor/src/branchHist.v:49$132_EN[32:0]$353 [0] $flatten\bht_lut.$0$memwr$\branchHistoryTable$/openlane/designs/my_processor/src/branchHist.v:49$132_EN[32:0]$353 [0] $flatten\bht_lut.$0$memwr$\branchHistoryTable$/openlane/designs/my_processor/src/branchHist.v:49$132_EN[32:0]$353 [0] $flatten\bht_lut.$0$memwr$\branchHistoryTable$/openlane/designs/my_processor/src/branchHist.v:49$132_EN[32:0]$353 [0] $flatten\bht_lut.$0$memwr$\branchHistoryTable$/openlane/designs/my_processor/src/branchHist.v:49$132_EN[32:0]$353 [0] $flatten\bht_lut.$0$memwr$\branchHistoryTable$/openlane/designs/my_processor/src/branchHist.v:49$132_EN[32:0]$353 [0] $flatten\bht_lut.$0$memwr$\branchHistoryTable$/openlane/designs/my_processor/src/branchHist.v:49$132_EN[32:0]$353 [0] $flatten\bht_lut.$0$memwr$\branchHistoryTable$/openlane/designs/my_processor/src/branchHist.v:49$132_EN[32:0]$353 [0] $flatten\bht_lut.$0$memwr$\branchHistoryTable$/openlane/designs/my_processor/src/branchHist.v:49$132_EN[32:0]$353 [0] $flatten\bht_lut.$0$memwr$\branchHistoryTable$/openlane/designs/my_processor/src/branchHist.v:49$132_EN[32:0]$353 [0] $flatten\bht_lut.$0$memwr$\branchHistoryTable$/openlane/designs/my_processor/src/branchHist.v:49$132_EN[32:0]$353 [0] $flatten\bht_lut.$0$memwr$\branchHistoryTable$/openlane/designs/my_processor/src/branchHist.v:49$132_EN[32:0]$353 [0] $flatten\bht_lut.$0$memwr$\branchHistoryTable$/openlane/designs/my_processor/src/branchHist.v:49$132_EN[32:0]$353 [0] $flatten\bht_lut.$0$memwr$\branchHistoryTable$/openlane/designs/my_processor/src/branchHist.v:49$132_EN[32:0]$353 [0] $flatten\bht_lut.$0$memwr$\branchHistoryTable$/openlane/designs/my_processor/src/branchHist.v:49$132_EN[32:0]$353 [0] $flatten\bht_lut.$0$memwr$\branchHistoryTable$/openlane/designs/my_processor/src/branchHist.v:49$132_EN[32:0]$353 [0] $flatten\bht_lut.$0$memwr$\branchHistoryTable$/openlane/designs/my_processor/src/branchHist.v:49$132_EN[32:0]$353 [0] $flatten\bht_lut.$0$memwr$\branchHistoryTable$/openlane/designs/my_processor/src/branchHist.v:49$132_EN[32:0]$353 [0] $flatten\bht_lut.$0$memwr$\branchHistoryTable$/openlane/designs/my_processor/src/branchHist.v:49$132_EN[32:0]$353 [0] $flatten\bht_lut.$0$memwr$\branchHistoryTable$/openlane/designs/my_processor/src/branchHist.v:49$132_EN[32:0]$353 [0] $flatten\bht_lut.$0$memwr$\branchHistoryTable$/openlane/designs/my_processor/src/branchHist.v:49$132_EN[32:0]$353 [0] $flatten\bht_lut.$0$memwr$\branchHistoryTable$/openlane/designs/my_processor/src/branchHist.v:49$132_EN[32:0]$353 [0] }
    Consolidated identical input bits for $mux cell $flatten\bht_lut.$procmux$3239:
      Old ports: A=$flatten\bht_lut.$2$memwr$\branchHistoryTable$/openlane/designs/my_processor/src/branchHist.v:49$129_EN[32:0]$500, B=33'000000000000000000000000000000000, Y=$flatten\bht_lut.$0$memwr$\branchHistoryTable$/openlane/designs/my_processor/src/branchHist.v:49$129_EN[32:0]$349
      New ports: A=$flatten\bht_lut.$procmux$2744_Y [0], B=1'0, Y=$flatten\bht_lut.$0$memwr$\branchHistoryTable$/openlane/designs/my_processor/src/branchHist.v:49$129_EN[32:0]$349 [0]
      New connections: $flatten\bht_lut.$0$memwr$\branchHistoryTable$/openlane/designs/my_processor/src/branchHist.v:49$129_EN[32:0]$349 [32:1] = { $flatten\bht_lut.$0$memwr$\branchHistoryTable$/openlane/designs/my_processor/src/branchHist.v:49$129_EN[32:0]$349 [0] $flatten\bht_lut.$0$memwr$\branchHistoryTable$/openlane/designs/my_processor/src/branchHist.v:49$129_EN[32:0]$349 [0] $flatten\bht_lut.$0$memwr$\branchHistoryTable$/openlane/designs/my_processor/src/branchHist.v:49$129_EN[32:0]$349 [0] $flatten\bht_lut.$0$memwr$\branchHistoryTable$/openlane/designs/my_processor/src/branchHist.v:49$129_EN[32:0]$349 [0] $flatten\bht_lut.$0$memwr$\branchHistoryTable$/openlane/designs/my_processor/src/branchHist.v:49$129_EN[32:0]$349 [0] $flatten\bht_lut.$0$memwr$\branchHistoryTable$/openlane/designs/my_processor/src/branchHist.v:49$129_EN[32:0]$349 [0] $flatten\bht_lut.$0$memwr$\branchHistoryTable$/openlane/designs/my_processor/src/branchHist.v:49$129_EN[32:0]$349 [0] $flatten\bht_lut.$0$memwr$\branchHistoryTable$/openlane/designs/my_processor/src/branchHist.v:49$129_EN[32:0]$349 [0] $flatten\bht_lut.$0$memwr$\branchHistoryTable$/openlane/designs/my_processor/src/branchHist.v:49$129_EN[32:0]$349 [0] $flatten\bht_lut.$0$memwr$\branchHistoryTable$/openlane/designs/my_processor/src/branchHist.v:49$129_EN[32:0]$349 [0] $flatten\bht_lut.$0$memwr$\branchHistoryTable$/openlane/designs/my_processor/src/branchHist.v:49$129_EN[32:0]$349 [0] $flatten\bht_lut.$0$memwr$\branchHistoryTable$/openlane/designs/my_processor/src/branchHist.v:49$129_EN[32:0]$349 [0] $flatten\bht_lut.$0$memwr$\branchHistoryTable$/openlane/designs/my_processor/src/branchHist.v:49$129_EN[32:0]$349 [0] $flatten\bht_lut.$0$memwr$\branchHistoryTable$/openlane/designs/my_processor/src/branchHist.v:49$129_EN[32:0]$349 [0] $flatten\bht_lut.$0$memwr$\branchHistoryTable$/openlane/designs/my_processor/src/branchHist.v:49$129_EN[32:0]$349 [0] $flatten\bht_lut.$0$memwr$\branchHistoryTable$/openlane/designs/my_processor/src/branchHist.v:49$129_EN[32:0]$349 [0] $flatten\bht_lut.$0$memwr$\branchHistoryTable$/openlane/designs/my_processor/src/branchHist.v:49$129_EN[32:0]$349 [0] $flatten\bht_lut.$0$memwr$\branchHistoryTable$/openlane/designs/my_processor/src/branchHist.v:49$129_EN[32:0]$349 [0] $flatten\bht_lut.$0$memwr$\branchHistoryTable$/openlane/designs/my_processor/src/branchHist.v:49$129_EN[32:0]$349 [0] $flatten\bht_lut.$0$memwr$\branchHistoryTable$/openlane/designs/my_processor/src/branchHist.v:49$129_EN[32:0]$349 [0] $flatten\bht_lut.$0$memwr$\branchHistoryTable$/openlane/designs/my_processor/src/branchHist.v:49$129_EN[32:0]$349 [0] $flatten\bht_lut.$0$memwr$\branchHistoryTable$/openlane/designs/my_processor/src/branchHist.v:49$129_EN[32:0]$349 [0] $flatten\bht_lut.$0$memwr$\branchHistoryTable$/openlane/designs/my_processor/src/branchHist.v:49$129_EN[32:0]$349 [0] $flatten\bht_lut.$0$memwr$\branchHistoryTable$/openlane/designs/my_processor/src/branchHist.v:49$129_EN[32:0]$349 [0] $flatten\bht_lut.$0$memwr$\branchHistoryTable$/openlane/designs/my_processor/src/branchHist.v:49$129_EN[32:0]$349 [0] $flatten\bht_lut.$0$memwr$\branchHistoryTable$/openlane/designs/my_processor/src/branchHist.v:49$129_EN[32:0]$349 [0] $flatten\bht_lut.$0$memwr$\branchHistoryTable$/openlane/designs/my_processor/src/branchHist.v:49$129_EN[32:0]$349 [0] $flatten\bht_lut.$0$memwr$\branchHistoryTable$/openlane/designs/my_processor/src/branchHist.v:49$129_EN[32:0]$349 [0] $flatten\bht_lut.$0$memwr$\branchHistoryTable$/openlane/designs/my_processor/src/branchHist.v:49$129_EN[32:0]$349 [0] $flatten\bht_lut.$0$memwr$\branchHistoryTable$/openlane/designs/my_processor/src/branchHist.v:49$129_EN[32:0]$349 [0] $flatten\bht_lut.$0$memwr$\branchHistoryTable$/openlane/designs/my_processor/src/branchHist.v:49$129_EN[32:0]$349 [0] $flatten\bht_lut.$0$memwr$\branchHistoryTable$/openlane/designs/my_processor/src/branchHist.v:49$129_EN[32:0]$349 [0] }
    Consolidated identical input bits for $mux cell $flatten\bht_lut.$procmux$3251:
      Old ports: A=$flatten\bht_lut.$2$memwr$\branchHistoryTable$/openlane/designs/my_processor/src/branchHist.v:49$126_EN[32:0]$496, B=33'000000000000000000000000000000000, Y=$flatten\bht_lut.$0$memwr$\branchHistoryTable$/openlane/designs/my_processor/src/branchHist.v:49$126_EN[32:0]$345
      New ports: A=$flatten\bht_lut.$procmux$2768_Y [0], B=1'0, Y=$flatten\bht_lut.$0$memwr$\branchHistoryTable$/openlane/designs/my_processor/src/branchHist.v:49$126_EN[32:0]$345 [0]
      New connections: $flatten\bht_lut.$0$memwr$\branchHistoryTable$/openlane/designs/my_processor/src/branchHist.v:49$126_EN[32:0]$345 [32:1] = { $flatten\bht_lut.$0$memwr$\branchHistoryTable$/openlane/designs/my_processor/src/branchHist.v:49$126_EN[32:0]$345 [0] $flatten\bht_lut.$0$memwr$\branchHistoryTable$/openlane/designs/my_processor/src/branchHist.v:49$126_EN[32:0]$345 [0] $flatten\bht_lut.$0$memwr$\branchHistoryTable$/openlane/designs/my_processor/src/branchHist.v:49$126_EN[32:0]$345 [0] $flatten\bht_lut.$0$memwr$\branchHistoryTable$/openlane/designs/my_processor/src/branchHist.v:49$126_EN[32:0]$345 [0] $flatten\bht_lut.$0$memwr$\branchHistoryTable$/openlane/designs/my_processor/src/branchHist.v:49$126_EN[32:0]$345 [0] $flatten\bht_lut.$0$memwr$\branchHistoryTable$/openlane/designs/my_processor/src/branchHist.v:49$126_EN[32:0]$345 [0] $flatten\bht_lut.$0$memwr$\branchHistoryTable$/openlane/designs/my_processor/src/branchHist.v:49$126_EN[32:0]$345 [0] $flatten\bht_lut.$0$memwr$\branchHistoryTable$/openlane/designs/my_processor/src/branchHist.v:49$126_EN[32:0]$345 [0] $flatten\bht_lut.$0$memwr$\branchHistoryTable$/openlane/designs/my_processor/src/branchHist.v:49$126_EN[32:0]$345 [0] $flatten\bht_lut.$0$memwr$\branchHistoryTable$/openlane/designs/my_processor/src/branchHist.v:49$126_EN[32:0]$345 [0] $flatten\bht_lut.$0$memwr$\branchHistoryTable$/openlane/designs/my_processor/src/branchHist.v:49$126_EN[32:0]$345 [0] $flatten\bht_lut.$0$memwr$\branchHistoryTable$/openlane/designs/my_processor/src/branchHist.v:49$126_EN[32:0]$345 [0] $flatten\bht_lut.$0$memwr$\branchHistoryTable$/openlane/designs/my_processor/src/branchHist.v:49$126_EN[32:0]$345 [0] $flatten\bht_lut.$0$memwr$\branchHistoryTable$/openlane/designs/my_processor/src/branchHist.v:49$126_EN[32:0]$345 [0] $flatten\bht_lut.$0$memwr$\branchHistoryTable$/openlane/designs/my_processor/src/branchHist.v:49$126_EN[32:0]$345 [0] $flatten\bht_lut.$0$memwr$\branchHistoryTable$/openlane/designs/my_processor/src/branchHist.v:49$126_EN[32:0]$345 [0] $flatten\bht_lut.$0$memwr$\branchHistoryTable$/openlane/designs/my_processor/src/branchHist.v:49$126_EN[32:0]$345 [0] $flatten\bht_lut.$0$memwr$\branchHistoryTable$/openlane/designs/my_processor/src/branchHist.v:49$126_EN[32:0]$345 [0] $flatten\bht_lut.$0$memwr$\branchHistoryTable$/openlane/designs/my_processor/src/branchHist.v:49$126_EN[32:0]$345 [0] $flatten\bht_lut.$0$memwr$\branchHistoryTable$/openlane/designs/my_processor/src/branchHist.v:49$126_EN[32:0]$345 [0] $flatten\bht_lut.$0$memwr$\branchHistoryTable$/openlane/designs/my_processor/src/branchHist.v:49$126_EN[32:0]$345 [0] $flatten\bht_lut.$0$memwr$\branchHistoryTable$/openlane/designs/my_processor/src/branchHist.v:49$126_EN[32:0]$345 [0] $flatten\bht_lut.$0$memwr$\branchHistoryTable$/openlane/designs/my_processor/src/branchHist.v:49$126_EN[32:0]$345 [0] $flatten\bht_lut.$0$memwr$\branchHistoryTable$/openlane/designs/my_processor/src/branchHist.v:49$126_EN[32:0]$345 [0] $flatten\bht_lut.$0$memwr$\branchHistoryTable$/openlane/designs/my_processor/src/branchHist.v:49$126_EN[32:0]$345 [0] $flatten\bht_lut.$0$memwr$\branchHistoryTable$/openlane/designs/my_processor/src/branchHist.v:49$126_EN[32:0]$345 [0] $flatten\bht_lut.$0$memwr$\branchHistoryTable$/openlane/designs/my_processor/src/branchHist.v:49$126_EN[32:0]$345 [0] $flatten\bht_lut.$0$memwr$\branchHistoryTable$/openlane/designs/my_processor/src/branchHist.v:49$126_EN[32:0]$345 [0] $flatten\bht_lut.$0$memwr$\branchHistoryTable$/openlane/designs/my_processor/src/branchHist.v:49$126_EN[32:0]$345 [0] $flatten\bht_lut.$0$memwr$\branchHistoryTable$/openlane/designs/my_processor/src/branchHist.v:49$126_EN[32:0]$345 [0] $flatten\bht_lut.$0$memwr$\branchHistoryTable$/openlane/designs/my_processor/src/branchHist.v:49$126_EN[32:0]$345 [0] $flatten\bht_lut.$0$memwr$\branchHistoryTable$/openlane/designs/my_processor/src/branchHist.v:49$126_EN[32:0]$345 [0] }
    Consolidated identical input bits for $mux cell $flatten\bht_lut.$procmux$3263:
      Old ports: A=$flatten\bht_lut.$2$memwr$\branchHistoryTable$/openlane/designs/my_processor/src/branchHist.v:49$123_EN[32:0]$492, B=33'000000000000000000000000000000000, Y=$flatten\bht_lut.$0$memwr$\branchHistoryTable$/openlane/designs/my_processor/src/branchHist.v:49$123_EN[32:0]$341
      New ports: A=$flatten\bht_lut.$procmux$2792_Y [0], B=1'0, Y=$flatten\bht_lut.$0$memwr$\branchHistoryTable$/openlane/designs/my_processor/src/branchHist.v:49$123_EN[32:0]$341 [0]
      New connections: $flatten\bht_lut.$0$memwr$\branchHistoryTable$/openlane/designs/my_processor/src/branchHist.v:49$123_EN[32:0]$341 [32:1] = { $flatten\bht_lut.$0$memwr$\branchHistoryTable$/openlane/designs/my_processor/src/branchHist.v:49$123_EN[32:0]$341 [0] $flatten\bht_lut.$0$memwr$\branchHistoryTable$/openlane/designs/my_processor/src/branchHist.v:49$123_EN[32:0]$341 [0] $flatten\bht_lut.$0$memwr$\branchHistoryTable$/openlane/designs/my_processor/src/branchHist.v:49$123_EN[32:0]$341 [0] $flatten\bht_lut.$0$memwr$\branchHistoryTable$/openlane/designs/my_processor/src/branchHist.v:49$123_EN[32:0]$341 [0] $flatten\bht_lut.$0$memwr$\branchHistoryTable$/openlane/designs/my_processor/src/branchHist.v:49$123_EN[32:0]$341 [0] $flatten\bht_lut.$0$memwr$\branchHistoryTable$/openlane/designs/my_processor/src/branchHist.v:49$123_EN[32:0]$341 [0] $flatten\bht_lut.$0$memwr$\branchHistoryTable$/openlane/designs/my_processor/src/branchHist.v:49$123_EN[32:0]$341 [0] $flatten\bht_lut.$0$memwr$\branchHistoryTable$/openlane/designs/my_processor/src/branchHist.v:49$123_EN[32:0]$341 [0] $flatten\bht_lut.$0$memwr$\branchHistoryTable$/openlane/designs/my_processor/src/branchHist.v:49$123_EN[32:0]$341 [0] $flatten\bht_lut.$0$memwr$\branchHistoryTable$/openlane/designs/my_processor/src/branchHist.v:49$123_EN[32:0]$341 [0] $flatten\bht_lut.$0$memwr$\branchHistoryTable$/openlane/designs/my_processor/src/branchHist.v:49$123_EN[32:0]$341 [0] $flatten\bht_lut.$0$memwr$\branchHistoryTable$/openlane/designs/my_processor/src/branchHist.v:49$123_EN[32:0]$341 [0] $flatten\bht_lut.$0$memwr$\branchHistoryTable$/openlane/designs/my_processor/src/branchHist.v:49$123_EN[32:0]$341 [0] $flatten\bht_lut.$0$memwr$\branchHistoryTable$/openlane/designs/my_processor/src/branchHist.v:49$123_EN[32:0]$341 [0] $flatten\bht_lut.$0$memwr$\branchHistoryTable$/openlane/designs/my_processor/src/branchHist.v:49$123_EN[32:0]$341 [0] $flatten\bht_lut.$0$memwr$\branchHistoryTable$/openlane/designs/my_processor/src/branchHist.v:49$123_EN[32:0]$341 [0] $flatten\bht_lut.$0$memwr$\branchHistoryTable$/openlane/designs/my_processor/src/branchHist.v:49$123_EN[32:0]$341 [0] $flatten\bht_lut.$0$memwr$\branchHistoryTable$/openlane/designs/my_processor/src/branchHist.v:49$123_EN[32:0]$341 [0] $flatten\bht_lut.$0$memwr$\branchHistoryTable$/openlane/designs/my_processor/src/branchHist.v:49$123_EN[32:0]$341 [0] $flatten\bht_lut.$0$memwr$\branchHistoryTable$/openlane/designs/my_processor/src/branchHist.v:49$123_EN[32:0]$341 [0] $flatten\bht_lut.$0$memwr$\branchHistoryTable$/openlane/designs/my_processor/src/branchHist.v:49$123_EN[32:0]$341 [0] $flatten\bht_lut.$0$memwr$\branchHistoryTable$/openlane/designs/my_processor/src/branchHist.v:49$123_EN[32:0]$341 [0] $flatten\bht_lut.$0$memwr$\branchHistoryTable$/openlane/designs/my_processor/src/branchHist.v:49$123_EN[32:0]$341 [0] $flatten\bht_lut.$0$memwr$\branchHistoryTable$/openlane/designs/my_processor/src/branchHist.v:49$123_EN[32:0]$341 [0] $flatten\bht_lut.$0$memwr$\branchHistoryTable$/openlane/designs/my_processor/src/branchHist.v:49$123_EN[32:0]$341 [0] $flatten\bht_lut.$0$memwr$\branchHistoryTable$/openlane/designs/my_processor/src/branchHist.v:49$123_EN[32:0]$341 [0] $flatten\bht_lut.$0$memwr$\branchHistoryTable$/openlane/designs/my_processor/src/branchHist.v:49$123_EN[32:0]$341 [0] $flatten\bht_lut.$0$memwr$\branchHistoryTable$/openlane/designs/my_processor/src/branchHist.v:49$123_EN[32:0]$341 [0] $flatten\bht_lut.$0$memwr$\branchHistoryTable$/openlane/designs/my_processor/src/branchHist.v:49$123_EN[32:0]$341 [0] $flatten\bht_lut.$0$memwr$\branchHistoryTable$/openlane/designs/my_processor/src/branchHist.v:49$123_EN[32:0]$341 [0] $flatten\bht_lut.$0$memwr$\branchHistoryTable$/openlane/designs/my_processor/src/branchHist.v:49$123_EN[32:0]$341 [0] $flatten\bht_lut.$0$memwr$\branchHistoryTable$/openlane/designs/my_processor/src/branchHist.v:49$123_EN[32:0]$341 [0] }
    Consolidated identical input bits for $mux cell $flatten\bht_lut.$procmux$3275:
      Old ports: A=$flatten\bht_lut.$2$memwr$\branchHistoryTable$/openlane/designs/my_processor/src/branchHist.v:49$120_EN[32:0]$488, B=33'000000000000000000000000000000000, Y=$flatten\bht_lut.$0$memwr$\branchHistoryTable$/openlane/designs/my_processor/src/branchHist.v:49$120_EN[32:0]$337
      New ports: A=$flatten\bht_lut.$procmux$2816_Y [0], B=1'0, Y=$flatten\bht_lut.$0$memwr$\branchHistoryTable$/openlane/designs/my_processor/src/branchHist.v:49$120_EN[32:0]$337 [0]
      New connections: $flatten\bht_lut.$0$memwr$\branchHistoryTable$/openlane/designs/my_processor/src/branchHist.v:49$120_EN[32:0]$337 [32:1] = { $flatten\bht_lut.$0$memwr$\branchHistoryTable$/openlane/designs/my_processor/src/branchHist.v:49$120_EN[32:0]$337 [0] $flatten\bht_lut.$0$memwr$\branchHistoryTable$/openlane/designs/my_processor/src/branchHist.v:49$120_EN[32:0]$337 [0] $flatten\bht_lut.$0$memwr$\branchHistoryTable$/openlane/designs/my_processor/src/branchHist.v:49$120_EN[32:0]$337 [0] $flatten\bht_lut.$0$memwr$\branchHistoryTable$/openlane/designs/my_processor/src/branchHist.v:49$120_EN[32:0]$337 [0] $flatten\bht_lut.$0$memwr$\branchHistoryTable$/openlane/designs/my_processor/src/branchHist.v:49$120_EN[32:0]$337 [0] $flatten\bht_lut.$0$memwr$\branchHistoryTable$/openlane/designs/my_processor/src/branchHist.v:49$120_EN[32:0]$337 [0] $flatten\bht_lut.$0$memwr$\branchHistoryTable$/openlane/designs/my_processor/src/branchHist.v:49$120_EN[32:0]$337 [0] $flatten\bht_lut.$0$memwr$\branchHistoryTable$/openlane/designs/my_processor/src/branchHist.v:49$120_EN[32:0]$337 [0] $flatten\bht_lut.$0$memwr$\branchHistoryTable$/openlane/designs/my_processor/src/branchHist.v:49$120_EN[32:0]$337 [0] $flatten\bht_lut.$0$memwr$\branchHistoryTable$/openlane/designs/my_processor/src/branchHist.v:49$120_EN[32:0]$337 [0] $flatten\bht_lut.$0$memwr$\branchHistoryTable$/openlane/designs/my_processor/src/branchHist.v:49$120_EN[32:0]$337 [0] $flatten\bht_lut.$0$memwr$\branchHistoryTable$/openlane/designs/my_processor/src/branchHist.v:49$120_EN[32:0]$337 [0] $flatten\bht_lut.$0$memwr$\branchHistoryTable$/openlane/designs/my_processor/src/branchHist.v:49$120_EN[32:0]$337 [0] $flatten\bht_lut.$0$memwr$\branchHistoryTable$/openlane/designs/my_processor/src/branchHist.v:49$120_EN[32:0]$337 [0] $flatten\bht_lut.$0$memwr$\branchHistoryTable$/openlane/designs/my_processor/src/branchHist.v:49$120_EN[32:0]$337 [0] $flatten\bht_lut.$0$memwr$\branchHistoryTable$/openlane/designs/my_processor/src/branchHist.v:49$120_EN[32:0]$337 [0] $flatten\bht_lut.$0$memwr$\branchHistoryTable$/openlane/designs/my_processor/src/branchHist.v:49$120_EN[32:0]$337 [0] $flatten\bht_lut.$0$memwr$\branchHistoryTable$/openlane/designs/my_processor/src/branchHist.v:49$120_EN[32:0]$337 [0] $flatten\bht_lut.$0$memwr$\branchHistoryTable$/openlane/designs/my_processor/src/branchHist.v:49$120_EN[32:0]$337 [0] $flatten\bht_lut.$0$memwr$\branchHistoryTable$/openlane/designs/my_processor/src/branchHist.v:49$120_EN[32:0]$337 [0] $flatten\bht_lut.$0$memwr$\branchHistoryTable$/openlane/designs/my_processor/src/branchHist.v:49$120_EN[32:0]$337 [0] $flatten\bht_lut.$0$memwr$\branchHistoryTable$/openlane/designs/my_processor/src/branchHist.v:49$120_EN[32:0]$337 [0] $flatten\bht_lut.$0$memwr$\branchHistoryTable$/openlane/designs/my_processor/src/branchHist.v:49$120_EN[32:0]$337 [0] $flatten\bht_lut.$0$memwr$\branchHistoryTable$/openlane/designs/my_processor/src/branchHist.v:49$120_EN[32:0]$337 [0] $flatten\bht_lut.$0$memwr$\branchHistoryTable$/openlane/designs/my_processor/src/branchHist.v:49$120_EN[32:0]$337 [0] $flatten\bht_lut.$0$memwr$\branchHistoryTable$/openlane/designs/my_processor/src/branchHist.v:49$120_EN[32:0]$337 [0] $flatten\bht_lut.$0$memwr$\branchHistoryTable$/openlane/designs/my_processor/src/branchHist.v:49$120_EN[32:0]$337 [0] $flatten\bht_lut.$0$memwr$\branchHistoryTable$/openlane/designs/my_processor/src/branchHist.v:49$120_EN[32:0]$337 [0] $flatten\bht_lut.$0$memwr$\branchHistoryTable$/openlane/designs/my_processor/src/branchHist.v:49$120_EN[32:0]$337 [0] $flatten\bht_lut.$0$memwr$\branchHistoryTable$/openlane/designs/my_processor/src/branchHist.v:49$120_EN[32:0]$337 [0] $flatten\bht_lut.$0$memwr$\branchHistoryTable$/openlane/designs/my_processor/src/branchHist.v:49$120_EN[32:0]$337 [0] $flatten\bht_lut.$0$memwr$\branchHistoryTable$/openlane/designs/my_processor/src/branchHist.v:49$120_EN[32:0]$337 [0] }
  Optimizing cells in module \pipelined_processor.
    Consolidated identical input bits for $mux cell $flatten\bht_lut.$procmux$3077:
      Old ports: A=$flatten\bht_lut.$2$memwr$\branchHistoryTable$/openlane/designs/my_processor/src/branchHist.v:64$167_EN[32:0]$554, B=33'000000000000000000000000000000000, Y=$flatten\bht_lut.$0$memwr$\branchHistoryTable$/openlane/designs/my_processor/src/branchHist.v:64$167_EN[32:0]$403
      New ports: A=$flatten\bht_lut.$procmux$2840_Y [0], B=1'0, Y=$flatten\bht_lut.$0$memwr$\branchHistoryTable$/openlane/designs/my_processor/src/branchHist.v:64$167_EN[32:0]$403 [0]
      New connections: $flatten\bht_lut.$0$memwr$\branchHistoryTable$/openlane/designs/my_processor/src/branchHist.v:64$167_EN[32:0]$403 [32:1] = { $flatten\bht_lut.$0$memwr$\branchHistoryTable$/openlane/designs/my_processor/src/branchHist.v:64$167_EN[32:0]$403 [0] $flatten\bht_lut.$0$memwr$\branchHistoryTable$/openlane/designs/my_processor/src/branchHist.v:64$167_EN[32:0]$403 [0] $flatten\bht_lut.$0$memwr$\branchHistoryTable$/openlane/designs/my_processor/src/branchHist.v:64$167_EN[32:0]$403 [0] $flatten\bht_lut.$0$memwr$\branchHistoryTable$/openlane/designs/my_processor/src/branchHist.v:64$167_EN[32:0]$403 [0] $flatten\bht_lut.$0$memwr$\branchHistoryTable$/openlane/designs/my_processor/src/branchHist.v:64$167_EN[32:0]$403 [0] $flatten\bht_lut.$0$memwr$\branchHistoryTable$/openlane/designs/my_processor/src/branchHist.v:64$167_EN[32:0]$403 [0] $flatten\bht_lut.$0$memwr$\branchHistoryTable$/openlane/designs/my_processor/src/branchHist.v:64$167_EN[32:0]$403 [0] $flatten\bht_lut.$0$memwr$\branchHistoryTable$/openlane/designs/my_processor/src/branchHist.v:64$167_EN[32:0]$403 [0] $flatten\bht_lut.$0$memwr$\branchHistoryTable$/openlane/designs/my_processor/src/branchHist.v:64$167_EN[32:0]$403 [0] $flatten\bht_lut.$0$memwr$\branchHistoryTable$/openlane/designs/my_processor/src/branchHist.v:64$167_EN[32:0]$403 [0] $flatten\bht_lut.$0$memwr$\branchHistoryTable$/openlane/designs/my_processor/src/branchHist.v:64$167_EN[32:0]$403 [0] $flatten\bht_lut.$0$memwr$\branchHistoryTable$/openlane/designs/my_processor/src/branchHist.v:64$167_EN[32:0]$403 [0] $flatten\bht_lut.$0$memwr$\branchHistoryTable$/openlane/designs/my_processor/src/branchHist.v:64$167_EN[32:0]$403 [0] $flatten\bht_lut.$0$memwr$\branchHistoryTable$/openlane/designs/my_processor/src/branchHist.v:64$167_EN[32:0]$403 [0] $flatten\bht_lut.$0$memwr$\branchHistoryTable$/openlane/designs/my_processor/src/branchHist.v:64$167_EN[32:0]$403 [0] $flatten\bht_lut.$0$memwr$\branchHistoryTable$/openlane/designs/my_processor/src/branchHist.v:64$167_EN[32:0]$403 [0] $flatten\bht_lut.$0$memwr$\branchHistoryTable$/openlane/designs/my_processor/src/branchHist.v:64$167_EN[32:0]$403 [0] $flatten\bht_lut.$0$memwr$\branchHistoryTable$/openlane/designs/my_processor/src/branchHist.v:64$167_EN[32:0]$403 [0] $flatten\bht_lut.$0$memwr$\branchHistoryTable$/openlane/designs/my_processor/src/branchHist.v:64$167_EN[32:0]$403 [0] $flatten\bht_lut.$0$memwr$\branchHistoryTable$/openlane/designs/my_processor/src/branchHist.v:64$167_EN[32:0]$403 [0] $flatten\bht_lut.$0$memwr$\branchHistoryTable$/openlane/designs/my_processor/src/branchHist.v:64$167_EN[32:0]$403 [0] $flatten\bht_lut.$0$memwr$\branchHistoryTable$/openlane/designs/my_processor/src/branchHist.v:64$167_EN[32:0]$403 [0] $flatten\bht_lut.$0$memwr$\branchHistoryTable$/openlane/designs/my_processor/src/branchHist.v:64$167_EN[32:0]$403 [0] $flatten\bht_lut.$0$memwr$\branchHistoryTable$/openlane/designs/my_processor/src/branchHist.v:64$167_EN[32:0]$403 [0] $flatten\bht_lut.$0$memwr$\branchHistoryTable$/openlane/designs/my_processor/src/branchHist.v:64$167_EN[32:0]$403 [0] $flatten\bht_lut.$0$memwr$\branchHistoryTable$/openlane/designs/my_processor/src/branchHist.v:64$167_EN[32:0]$403 [0] $flatten\bht_lut.$0$memwr$\branchHistoryTable$/openlane/designs/my_processor/src/branchHist.v:64$167_EN[32:0]$403 [0] $flatten\bht_lut.$0$memwr$\branchHistoryTable$/openlane/designs/my_processor/src/branchHist.v:64$167_EN[32:0]$403 [0] $flatten\bht_lut.$0$memwr$\branchHistoryTable$/openlane/designs/my_processor/src/branchHist.v:64$167_EN[32:0]$403 [0] $flatten\bht_lut.$0$memwr$\branchHistoryTable$/openlane/designs/my_processor/src/branchHist.v:64$167_EN[32:0]$403 [0] $flatten\bht_lut.$0$memwr$\branchHistoryTable$/openlane/designs/my_processor/src/branchHist.v:64$167_EN[32:0]$403 [0] $flatten\bht_lut.$0$memwr$\branchHistoryTable$/openlane/designs/my_processor/src/branchHist.v:64$167_EN[32:0]$403 [0] }
    Consolidated identical input bits for $mux cell $flatten\bht_lut.$procmux$3086:
      Old ports: A=$flatten\bht_lut.$2$memwr$\branchHistoryTable$/openlane/designs/my_processor/src/branchHist.v:58$166_EN[32:0]$551, B=33'000000000000000000000000000000000, Y=$flatten\bht_lut.$0$memwr$\branchHistoryTable$/openlane/designs/my_processor/src/branchHist.v:58$166_EN[32:0]$400
      New ports: A=$flatten\bht_lut.$procmux$2858_Y [0], B=1'0, Y=$flatten\bht_lut.$0$memwr$\branchHistoryTable$/openlane/designs/my_processor/src/branchHist.v:58$166_EN[32:0]$400 [0]
      New connections: $flatten\bht_lut.$0$memwr$\branchHistoryTable$/openlane/designs/my_processor/src/branchHist.v:58$166_EN[32:0]$400 [32:1] = { $flatten\bht_lut.$0$memwr$\branchHistoryTable$/openlane/designs/my_processor/src/branchHist.v:58$166_EN[32:0]$400 [0] $flatten\bht_lut.$0$memwr$\branchHistoryTable$/openlane/designs/my_processor/src/branchHist.v:58$166_EN[32:0]$400 [0] $flatten\bht_lut.$0$memwr$\branchHistoryTable$/openlane/designs/my_processor/src/branchHist.v:58$166_EN[32:0]$400 [0] $flatten\bht_lut.$0$memwr$\branchHistoryTable$/openlane/designs/my_processor/src/branchHist.v:58$166_EN[32:0]$400 [0] $flatten\bht_lut.$0$memwr$\branchHistoryTable$/openlane/designs/my_processor/src/branchHist.v:58$166_EN[32:0]$400 [0] $flatten\bht_lut.$0$memwr$\branchHistoryTable$/openlane/designs/my_processor/src/branchHist.v:58$166_EN[32:0]$400 [0] $flatten\bht_lut.$0$memwr$\branchHistoryTable$/openlane/designs/my_processor/src/branchHist.v:58$166_EN[32:0]$400 [0] $flatten\bht_lut.$0$memwr$\branchHistoryTable$/openlane/designs/my_processor/src/branchHist.v:58$166_EN[32:0]$400 [0] $flatten\bht_lut.$0$memwr$\branchHistoryTable$/openlane/designs/my_processor/src/branchHist.v:58$166_EN[32:0]$400 [0] $flatten\bht_lut.$0$memwr$\branchHistoryTable$/openlane/designs/my_processor/src/branchHist.v:58$166_EN[32:0]$400 [0] $flatten\bht_lut.$0$memwr$\branchHistoryTable$/openlane/designs/my_processor/src/branchHist.v:58$166_EN[32:0]$400 [0] $flatten\bht_lut.$0$memwr$\branchHistoryTable$/openlane/designs/my_processor/src/branchHist.v:58$166_EN[32:0]$400 [0] $flatten\bht_lut.$0$memwr$\branchHistoryTable$/openlane/designs/my_processor/src/branchHist.v:58$166_EN[32:0]$400 [0] $flatten\bht_lut.$0$memwr$\branchHistoryTable$/openlane/designs/my_processor/src/branchHist.v:58$166_EN[32:0]$400 [0] $flatten\bht_lut.$0$memwr$\branchHistoryTable$/openlane/designs/my_processor/src/branchHist.v:58$166_EN[32:0]$400 [0] $flatten\bht_lut.$0$memwr$\branchHistoryTable$/openlane/designs/my_processor/src/branchHist.v:58$166_EN[32:0]$400 [0] $flatten\bht_lut.$0$memwr$\branchHistoryTable$/openlane/designs/my_processor/src/branchHist.v:58$166_EN[32:0]$400 [0] $flatten\bht_lut.$0$memwr$\branchHistoryTable$/openlane/designs/my_processor/src/branchHist.v:58$166_EN[32:0]$400 [0] $flatten\bht_lut.$0$memwr$\branchHistoryTable$/openlane/designs/my_processor/src/branchHist.v:58$166_EN[32:0]$400 [0] $flatten\bht_lut.$0$memwr$\branchHistoryTable$/openlane/designs/my_processor/src/branchHist.v:58$166_EN[32:0]$400 [0] $flatten\bht_lut.$0$memwr$\branchHistoryTable$/openlane/designs/my_processor/src/branchHist.v:58$166_EN[32:0]$400 [0] $flatten\bht_lut.$0$memwr$\branchHistoryTable$/openlane/designs/my_processor/src/branchHist.v:58$166_EN[32:0]$400 [0] $flatten\bht_lut.$0$memwr$\branchHistoryTable$/openlane/designs/my_processor/src/branchHist.v:58$166_EN[32:0]$400 [0] $flatten\bht_lut.$0$memwr$\branchHistoryTable$/openlane/designs/my_processor/src/branchHist.v:58$166_EN[32:0]$400 [0] $flatten\bht_lut.$0$memwr$\branchHistoryTable$/openlane/designs/my_processor/src/branchHist.v:58$166_EN[32:0]$400 [0] $flatten\bht_lut.$0$memwr$\branchHistoryTable$/openlane/designs/my_processor/src/branchHist.v:58$166_EN[32:0]$400 [0] $flatten\bht_lut.$0$memwr$\branchHistoryTable$/openlane/designs/my_processor/src/branchHist.v:58$166_EN[32:0]$400 [0] $flatten\bht_lut.$0$memwr$\branchHistoryTable$/openlane/designs/my_processor/src/branchHist.v:58$166_EN[32:0]$400 [0] $flatten\bht_lut.$0$memwr$\branchHistoryTable$/openlane/designs/my_processor/src/branchHist.v:58$166_EN[32:0]$400 [0] $flatten\bht_lut.$0$memwr$\branchHistoryTable$/openlane/designs/my_processor/src/branchHist.v:58$166_EN[32:0]$400 [0] $flatten\bht_lut.$0$memwr$\branchHistoryTable$/openlane/designs/my_processor/src/branchHist.v:58$166_EN[32:0]$400 [0] $flatten\bht_lut.$0$memwr$\branchHistoryTable$/openlane/designs/my_processor/src/branchHist.v:58$166_EN[32:0]$400 [0] }
    Consolidated identical input bits for $mux cell $flatten\bht_lut.$procmux$3098:
      Old ports: A=$flatten\bht_lut.$2$memwr$\branchHistoryTable$/openlane/designs/my_processor/src/branchHist.v:58$163_EN[32:0]$547, B=33'000000000000000000000000000000000, Y=$flatten\bht_lut.$0$memwr$\branchHistoryTable$/openlane/designs/my_processor/src/branchHist.v:58$163_EN[32:0]$396
      New ports: A=$flatten\bht_lut.$procmux$2882_Y [0], B=1'0, Y=$flatten\bht_lut.$0$memwr$\branchHistoryTable$/openlane/designs/my_processor/src/branchHist.v:58$163_EN[32:0]$396 [0]
      New connections: $flatten\bht_lut.$0$memwr$\branchHistoryTable$/openlane/designs/my_processor/src/branchHist.v:58$163_EN[32:0]$396 [32:1] = { $flatten\bht_lut.$0$memwr$\branchHistoryTable$/openlane/designs/my_processor/src/branchHist.v:58$163_EN[32:0]$396 [0] $flatten\bht_lut.$0$memwr$\branchHistoryTable$/openlane/designs/my_processor/src/branchHist.v:58$163_EN[32:0]$396 [0] $flatten\bht_lut.$0$memwr$\branchHistoryTable$/openlane/designs/my_processor/src/branchHist.v:58$163_EN[32:0]$396 [0] $flatten\bht_lut.$0$memwr$\branchHistoryTable$/openlane/designs/my_processor/src/branchHist.v:58$163_EN[32:0]$396 [0] $flatten\bht_lut.$0$memwr$\branchHistoryTable$/openlane/designs/my_processor/src/branchHist.v:58$163_EN[32:0]$396 [0] $flatten\bht_lut.$0$memwr$\branchHistoryTable$/openlane/designs/my_processor/src/branchHist.v:58$163_EN[32:0]$396 [0] $flatten\bht_lut.$0$memwr$\branchHistoryTable$/openlane/designs/my_processor/src/branchHist.v:58$163_EN[32:0]$396 [0] $flatten\bht_lut.$0$memwr$\branchHistoryTable$/openlane/designs/my_processor/src/branchHist.v:58$163_EN[32:0]$396 [0] $flatten\bht_lut.$0$memwr$\branchHistoryTable$/openlane/designs/my_processor/src/branchHist.v:58$163_EN[32:0]$396 [0] $flatten\bht_lut.$0$memwr$\branchHistoryTable$/openlane/designs/my_processor/src/branchHist.v:58$163_EN[32:0]$396 [0] $flatten\bht_lut.$0$memwr$\branchHistoryTable$/openlane/designs/my_processor/src/branchHist.v:58$163_EN[32:0]$396 [0] $flatten\bht_lut.$0$memwr$\branchHistoryTable$/openlane/designs/my_processor/src/branchHist.v:58$163_EN[32:0]$396 [0] $flatten\bht_lut.$0$memwr$\branchHistoryTable$/openlane/designs/my_processor/src/branchHist.v:58$163_EN[32:0]$396 [0] $flatten\bht_lut.$0$memwr$\branchHistoryTable$/openlane/designs/my_processor/src/branchHist.v:58$163_EN[32:0]$396 [0] $flatten\bht_lut.$0$memwr$\branchHistoryTable$/openlane/designs/my_processor/src/branchHist.v:58$163_EN[32:0]$396 [0] $flatten\bht_lut.$0$memwr$\branchHistoryTable$/openlane/designs/my_processor/src/branchHist.v:58$163_EN[32:0]$396 [0] $flatten\bht_lut.$0$memwr$\branchHistoryTable$/openlane/designs/my_processor/src/branchHist.v:58$163_EN[32:0]$396 [0] $flatten\bht_lut.$0$memwr$\branchHistoryTable$/openlane/designs/my_processor/src/branchHist.v:58$163_EN[32:0]$396 [0] $flatten\bht_lut.$0$memwr$\branchHistoryTable$/openlane/designs/my_processor/src/branchHist.v:58$163_EN[32:0]$396 [0] $flatten\bht_lut.$0$memwr$\branchHistoryTable$/openlane/designs/my_processor/src/branchHist.v:58$163_EN[32:0]$396 [0] $flatten\bht_lut.$0$memwr$\branchHistoryTable$/openlane/designs/my_processor/src/branchHist.v:58$163_EN[32:0]$396 [0] $flatten\bht_lut.$0$memwr$\branchHistoryTable$/openlane/designs/my_processor/src/branchHist.v:58$163_EN[32:0]$396 [0] $flatten\bht_lut.$0$memwr$\branchHistoryTable$/openlane/designs/my_processor/src/branchHist.v:58$163_EN[32:0]$396 [0] $flatten\bht_lut.$0$memwr$\branchHistoryTable$/openlane/designs/my_processor/src/branchHist.v:58$163_EN[32:0]$396 [0] $flatten\bht_lut.$0$memwr$\branchHistoryTable$/openlane/designs/my_processor/src/branchHist.v:58$163_EN[32:0]$396 [0] $flatten\bht_lut.$0$memwr$\branchHistoryTable$/openlane/designs/my_processor/src/branchHist.v:58$163_EN[32:0]$396 [0] $flatten\bht_lut.$0$memwr$\branchHistoryTable$/openlane/designs/my_processor/src/branchHist.v:58$163_EN[32:0]$396 [0] $flatten\bht_lut.$0$memwr$\branchHistoryTable$/openlane/designs/my_processor/src/branchHist.v:58$163_EN[32:0]$396 [0] $flatten\bht_lut.$0$memwr$\branchHistoryTable$/openlane/designs/my_processor/src/branchHist.v:58$163_EN[32:0]$396 [0] $flatten\bht_lut.$0$memwr$\branchHistoryTable$/openlane/designs/my_processor/src/branchHist.v:58$163_EN[32:0]$396 [0] $flatten\bht_lut.$0$memwr$\branchHistoryTable$/openlane/designs/my_processor/src/branchHist.v:58$163_EN[32:0]$396 [0] $flatten\bht_lut.$0$memwr$\branchHistoryTable$/openlane/designs/my_processor/src/branchHist.v:58$163_EN[32:0]$396 [0] }
    Consolidated identical input bits for $mux cell $flatten\bht_lut.$procmux$3110:
      Old ports: A=$flatten\bht_lut.$2$memwr$\branchHistoryTable$/openlane/designs/my_processor/src/branchHist.v:58$160_EN[32:0]$543, B=33'000000000000000000000000000000000, Y=$flatten\bht_lut.$0$memwr$\branchHistoryTable$/openlane/designs/my_processor/src/branchHist.v:58$160_EN[32:0]$392
      New ports: A=$flatten\bht_lut.$procmux$2906_Y [0], B=1'0, Y=$flatten\bht_lut.$0$memwr$\branchHistoryTable$/openlane/designs/my_processor/src/branchHist.v:58$160_EN[32:0]$392 [0]
      New connections: $flatten\bht_lut.$0$memwr$\branchHistoryTable$/openlane/designs/my_processor/src/branchHist.v:58$160_EN[32:0]$392 [32:1] = { $flatten\bht_lut.$0$memwr$\branchHistoryTable$/openlane/designs/my_processor/src/branchHist.v:58$160_EN[32:0]$392 [0] $flatten\bht_lut.$0$memwr$\branchHistoryTable$/openlane/designs/my_processor/src/branchHist.v:58$160_EN[32:0]$392 [0] $flatten\bht_lut.$0$memwr$\branchHistoryTable$/openlane/designs/my_processor/src/branchHist.v:58$160_EN[32:0]$392 [0] $flatten\bht_lut.$0$memwr$\branchHistoryTable$/openlane/designs/my_processor/src/branchHist.v:58$160_EN[32:0]$392 [0] $flatten\bht_lut.$0$memwr$\branchHistoryTable$/openlane/designs/my_processor/src/branchHist.v:58$160_EN[32:0]$392 [0] $flatten\bht_lut.$0$memwr$\branchHistoryTable$/openlane/designs/my_processor/src/branchHist.v:58$160_EN[32:0]$392 [0] $flatten\bht_lut.$0$memwr$\branchHistoryTable$/openlane/designs/my_processor/src/branchHist.v:58$160_EN[32:0]$392 [0] $flatten\bht_lut.$0$memwr$\branchHistoryTable$/openlane/designs/my_processor/src/branchHist.v:58$160_EN[32:0]$392 [0] $flatten\bht_lut.$0$memwr$\branchHistoryTable$/openlane/designs/my_processor/src/branchHist.v:58$160_EN[32:0]$392 [0] $flatten\bht_lut.$0$memwr$\branchHistoryTable$/openlane/designs/my_processor/src/branchHist.v:58$160_EN[32:0]$392 [0] $flatten\bht_lut.$0$memwr$\branchHistoryTable$/openlane/designs/my_processor/src/branchHist.v:58$160_EN[32:0]$392 [0] $flatten\bht_lut.$0$memwr$\branchHistoryTable$/openlane/designs/my_processor/src/branchHist.v:58$160_EN[32:0]$392 [0] $flatten\bht_lut.$0$memwr$\branchHistoryTable$/openlane/designs/my_processor/src/branchHist.v:58$160_EN[32:0]$392 [0] $flatten\bht_lut.$0$memwr$\branchHistoryTable$/openlane/designs/my_processor/src/branchHist.v:58$160_EN[32:0]$392 [0] $flatten\bht_lut.$0$memwr$\branchHistoryTable$/openlane/designs/my_processor/src/branchHist.v:58$160_EN[32:0]$392 [0] $flatten\bht_lut.$0$memwr$\branchHistoryTable$/openlane/designs/my_processor/src/branchHist.v:58$160_EN[32:0]$392 [0] $flatten\bht_lut.$0$memwr$\branchHistoryTable$/openlane/designs/my_processor/src/branchHist.v:58$160_EN[32:0]$392 [0] $flatten\bht_lut.$0$memwr$\branchHistoryTable$/openlane/designs/my_processor/src/branchHist.v:58$160_EN[32:0]$392 [0] $flatten\bht_lut.$0$memwr$\branchHistoryTable$/openlane/designs/my_processor/src/branchHist.v:58$160_EN[32:0]$392 [0] $flatten\bht_lut.$0$memwr$\branchHistoryTable$/openlane/designs/my_processor/src/branchHist.v:58$160_EN[32:0]$392 [0] $flatten\bht_lut.$0$memwr$\branchHistoryTable$/openlane/designs/my_processor/src/branchHist.v:58$160_EN[32:0]$392 [0] $flatten\bht_lut.$0$memwr$\branchHistoryTable$/openlane/designs/my_processor/src/branchHist.v:58$160_EN[32:0]$392 [0] $flatten\bht_lut.$0$memwr$\branchHistoryTable$/openlane/designs/my_processor/src/branchHist.v:58$160_EN[32:0]$392 [0] $flatten\bht_lut.$0$memwr$\branchHistoryTable$/openlane/designs/my_processor/src/branchHist.v:58$160_EN[32:0]$392 [0] $flatten\bht_lut.$0$memwr$\branchHistoryTable$/openlane/designs/my_processor/src/branchHist.v:58$160_EN[32:0]$392 [0] $flatten\bht_lut.$0$memwr$\branchHistoryTable$/openlane/designs/my_processor/src/branchHist.v:58$160_EN[32:0]$392 [0] $flatten\bht_lut.$0$memwr$\branchHistoryTable$/openlane/designs/my_processor/src/branchHist.v:58$160_EN[32:0]$392 [0] $flatten\bht_lut.$0$memwr$\branchHistoryTable$/openlane/designs/my_processor/src/branchHist.v:58$160_EN[32:0]$392 [0] $flatten\bht_lut.$0$memwr$\branchHistoryTable$/openlane/designs/my_processor/src/branchHist.v:58$160_EN[32:0]$392 [0] $flatten\bht_lut.$0$memwr$\branchHistoryTable$/openlane/designs/my_processor/src/branchHist.v:58$160_EN[32:0]$392 [0] $flatten\bht_lut.$0$memwr$\branchHistoryTable$/openlane/designs/my_processor/src/branchHist.v:58$160_EN[32:0]$392 [0] $flatten\bht_lut.$0$memwr$\branchHistoryTable$/openlane/designs/my_processor/src/branchHist.v:58$160_EN[32:0]$392 [0] }
    Consolidated identical input bits for $mux cell $flatten\bht_lut.$procmux$3122:
      Old ports: A=$flatten\bht_lut.$2$memwr$\branchHistoryTable$/openlane/designs/my_processor/src/branchHist.v:58$157_EN[32:0]$539, B=33'000000000000000000000000000000000, Y=$flatten\bht_lut.$0$memwr$\branchHistoryTable$/openlane/designs/my_processor/src/branchHist.v:58$157_EN[32:0]$388
      New ports: A=$flatten\bht_lut.$procmux$2930_Y [0], B=1'0, Y=$flatten\bht_lut.$0$memwr$\branchHistoryTable$/openlane/designs/my_processor/src/branchHist.v:58$157_EN[32:0]$388 [0]
      New connections: $flatten\bht_lut.$0$memwr$\branchHistoryTable$/openlane/designs/my_processor/src/branchHist.v:58$157_EN[32:0]$388 [32:1] = { $flatten\bht_lut.$0$memwr$\branchHistoryTable$/openlane/designs/my_processor/src/branchHist.v:58$157_EN[32:0]$388 [0] $flatten\bht_lut.$0$memwr$\branchHistoryTable$/openlane/designs/my_processor/src/branchHist.v:58$157_EN[32:0]$388 [0] $flatten\bht_lut.$0$memwr$\branchHistoryTable$/openlane/designs/my_processor/src/branchHist.v:58$157_EN[32:0]$388 [0] $flatten\bht_lut.$0$memwr$\branchHistoryTable$/openlane/designs/my_processor/src/branchHist.v:58$157_EN[32:0]$388 [0] $flatten\bht_lut.$0$memwr$\branchHistoryTable$/openlane/designs/my_processor/src/branchHist.v:58$157_EN[32:0]$388 [0] $flatten\bht_lut.$0$memwr$\branchHistoryTable$/openlane/designs/my_processor/src/branchHist.v:58$157_EN[32:0]$388 [0] $flatten\bht_lut.$0$memwr$\branchHistoryTable$/openlane/designs/my_processor/src/branchHist.v:58$157_EN[32:0]$388 [0] $flatten\bht_lut.$0$memwr$\branchHistoryTable$/openlane/designs/my_processor/src/branchHist.v:58$157_EN[32:0]$388 [0] $flatten\bht_lut.$0$memwr$\branchHistoryTable$/openlane/designs/my_processor/src/branchHist.v:58$157_EN[32:0]$388 [0] $flatten\bht_lut.$0$memwr$\branchHistoryTable$/openlane/designs/my_processor/src/branchHist.v:58$157_EN[32:0]$388 [0] $flatten\bht_lut.$0$memwr$\branchHistoryTable$/openlane/designs/my_processor/src/branchHist.v:58$157_EN[32:0]$388 [0] $flatten\bht_lut.$0$memwr$\branchHistoryTable$/openlane/designs/my_processor/src/branchHist.v:58$157_EN[32:0]$388 [0] $flatten\bht_lut.$0$memwr$\branchHistoryTable$/openlane/designs/my_processor/src/branchHist.v:58$157_EN[32:0]$388 [0] $flatten\bht_lut.$0$memwr$\branchHistoryTable$/openlane/designs/my_processor/src/branchHist.v:58$157_EN[32:0]$388 [0] $flatten\bht_lut.$0$memwr$\branchHistoryTable$/openlane/designs/my_processor/src/branchHist.v:58$157_EN[32:0]$388 [0] $flatten\bht_lut.$0$memwr$\branchHistoryTable$/openlane/designs/my_processor/src/branchHist.v:58$157_EN[32:0]$388 [0] $flatten\bht_lut.$0$memwr$\branchHistoryTable$/openlane/designs/my_processor/src/branchHist.v:58$157_EN[32:0]$388 [0] $flatten\bht_lut.$0$memwr$\branchHistoryTable$/openlane/designs/my_processor/src/branchHist.v:58$157_EN[32:0]$388 [0] $flatten\bht_lut.$0$memwr$\branchHistoryTable$/openlane/designs/my_processor/src/branchHist.v:58$157_EN[32:0]$388 [0] $flatten\bht_lut.$0$memwr$\branchHistoryTable$/openlane/designs/my_processor/src/branchHist.v:58$157_EN[32:0]$388 [0] $flatten\bht_lut.$0$memwr$\branchHistoryTable$/openlane/designs/my_processor/src/branchHist.v:58$157_EN[32:0]$388 [0] $flatten\bht_lut.$0$memwr$\branchHistoryTable$/openlane/designs/my_processor/src/branchHist.v:58$157_EN[32:0]$388 [0] $flatten\bht_lut.$0$memwr$\branchHistoryTable$/openlane/designs/my_processor/src/branchHist.v:58$157_EN[32:0]$388 [0] $flatten\bht_lut.$0$memwr$\branchHistoryTable$/openlane/designs/my_processor/src/branchHist.v:58$157_EN[32:0]$388 [0] $flatten\bht_lut.$0$memwr$\branchHistoryTable$/openlane/designs/my_processor/src/branchHist.v:58$157_EN[32:0]$388 [0] $flatten\bht_lut.$0$memwr$\branchHistoryTable$/openlane/designs/my_processor/src/branchHist.v:58$157_EN[32:0]$388 [0] $flatten\bht_lut.$0$memwr$\branchHistoryTable$/openlane/designs/my_processor/src/branchHist.v:58$157_EN[32:0]$388 [0] $flatten\bht_lut.$0$memwr$\branchHistoryTable$/openlane/designs/my_processor/src/branchHist.v:58$157_EN[32:0]$388 [0] $flatten\bht_lut.$0$memwr$\branchHistoryTable$/openlane/designs/my_processor/src/branchHist.v:58$157_EN[32:0]$388 [0] $flatten\bht_lut.$0$memwr$\branchHistoryTable$/openlane/designs/my_processor/src/branchHist.v:58$157_EN[32:0]$388 [0] $flatten\bht_lut.$0$memwr$\branchHistoryTable$/openlane/designs/my_processor/src/branchHist.v:58$157_EN[32:0]$388 [0] $flatten\bht_lut.$0$memwr$\branchHistoryTable$/openlane/designs/my_processor/src/branchHist.v:58$157_EN[32:0]$388 [0] }
    Consolidated identical input bits for $mux cell $flatten\bht_lut.$procmux$3134:
      Old ports: A=$flatten\bht_lut.$2$memwr$\branchHistoryTable$/openlane/designs/my_processor/src/branchHist.v:58$154_EN[32:0]$535, B=33'000000000000000000000000000000000, Y=$flatten\bht_lut.$0$memwr$\branchHistoryTable$/openlane/designs/my_processor/src/branchHist.v:58$154_EN[32:0]$384
      New ports: A=$flatten\bht_lut.$procmux$2954_Y [0], B=1'0, Y=$flatten\bht_lut.$0$memwr$\branchHistoryTable$/openlane/designs/my_processor/src/branchHist.v:58$154_EN[32:0]$384 [0]
      New connections: $flatten\bht_lut.$0$memwr$\branchHistoryTable$/openlane/designs/my_processor/src/branchHist.v:58$154_EN[32:0]$384 [32:1] = { $flatten\bht_lut.$0$memwr$\branchHistoryTable$/openlane/designs/my_processor/src/branchHist.v:58$154_EN[32:0]$384 [0] $flatten\bht_lut.$0$memwr$\branchHistoryTable$/openlane/designs/my_processor/src/branchHist.v:58$154_EN[32:0]$384 [0] $flatten\bht_lut.$0$memwr$\branchHistoryTable$/openlane/designs/my_processor/src/branchHist.v:58$154_EN[32:0]$384 [0] $flatten\bht_lut.$0$memwr$\branchHistoryTable$/openlane/designs/my_processor/src/branchHist.v:58$154_EN[32:0]$384 [0] $flatten\bht_lut.$0$memwr$\branchHistoryTable$/openlane/designs/my_processor/src/branchHist.v:58$154_EN[32:0]$384 [0] $flatten\bht_lut.$0$memwr$\branchHistoryTable$/openlane/designs/my_processor/src/branchHist.v:58$154_EN[32:0]$384 [0] $flatten\bht_lut.$0$memwr$\branchHistoryTable$/openlane/designs/my_processor/src/branchHist.v:58$154_EN[32:0]$384 [0] $flatten\bht_lut.$0$memwr$\branchHistoryTable$/openlane/designs/my_processor/src/branchHist.v:58$154_EN[32:0]$384 [0] $flatten\bht_lut.$0$memwr$\branchHistoryTable$/openlane/designs/my_processor/src/branchHist.v:58$154_EN[32:0]$384 [0] $flatten\bht_lut.$0$memwr$\branchHistoryTable$/openlane/designs/my_processor/src/branchHist.v:58$154_EN[32:0]$384 [0] $flatten\bht_lut.$0$memwr$\branchHistoryTable$/openlane/designs/my_processor/src/branchHist.v:58$154_EN[32:0]$384 [0] $flatten\bht_lut.$0$memwr$\branchHistoryTable$/openlane/designs/my_processor/src/branchHist.v:58$154_EN[32:0]$384 [0] $flatten\bht_lut.$0$memwr$\branchHistoryTable$/openlane/designs/my_processor/src/branchHist.v:58$154_EN[32:0]$384 [0] $flatten\bht_lut.$0$memwr$\branchHistoryTable$/openlane/designs/my_processor/src/branchHist.v:58$154_EN[32:0]$384 [0] $flatten\bht_lut.$0$memwr$\branchHistoryTable$/openlane/designs/my_processor/src/branchHist.v:58$154_EN[32:0]$384 [0] $flatten\bht_lut.$0$memwr$\branchHistoryTable$/openlane/designs/my_processor/src/branchHist.v:58$154_EN[32:0]$384 [0] $flatten\bht_lut.$0$memwr$\branchHistoryTable$/openlane/designs/my_processor/src/branchHist.v:58$154_EN[32:0]$384 [0] $flatten\bht_lut.$0$memwr$\branchHistoryTable$/openlane/designs/my_processor/src/branchHist.v:58$154_EN[32:0]$384 [0] $flatten\bht_lut.$0$memwr$\branchHistoryTable$/openlane/designs/my_processor/src/branchHist.v:58$154_EN[32:0]$384 [0] $flatten\bht_lut.$0$memwr$\branchHistoryTable$/openlane/designs/my_processor/src/branchHist.v:58$154_EN[32:0]$384 [0] $flatten\bht_lut.$0$memwr$\branchHistoryTable$/openlane/designs/my_processor/src/branchHist.v:58$154_EN[32:0]$384 [0] $flatten\bht_lut.$0$memwr$\branchHistoryTable$/openlane/designs/my_processor/src/branchHist.v:58$154_EN[32:0]$384 [0] $flatten\bht_lut.$0$memwr$\branchHistoryTable$/openlane/designs/my_processor/src/branchHist.v:58$154_EN[32:0]$384 [0] $flatten\bht_lut.$0$memwr$\branchHistoryTable$/openlane/designs/my_processor/src/branchHist.v:58$154_EN[32:0]$384 [0] $flatten\bht_lut.$0$memwr$\branchHistoryTable$/openlane/designs/my_processor/src/branchHist.v:58$154_EN[32:0]$384 [0] $flatten\bht_lut.$0$memwr$\branchHistoryTable$/openlane/designs/my_processor/src/branchHist.v:58$154_EN[32:0]$384 [0] $flatten\bht_lut.$0$memwr$\branchHistoryTable$/openlane/designs/my_processor/src/branchHist.v:58$154_EN[32:0]$384 [0] $flatten\bht_lut.$0$memwr$\branchHistoryTable$/openlane/designs/my_processor/src/branchHist.v:58$154_EN[32:0]$384 [0] $flatten\bht_lut.$0$memwr$\branchHistoryTable$/openlane/designs/my_processor/src/branchHist.v:58$154_EN[32:0]$384 [0] $flatten\bht_lut.$0$memwr$\branchHistoryTable$/openlane/designs/my_processor/src/branchHist.v:58$154_EN[32:0]$384 [0] $flatten\bht_lut.$0$memwr$\branchHistoryTable$/openlane/designs/my_processor/src/branchHist.v:58$154_EN[32:0]$384 [0] $flatten\bht_lut.$0$memwr$\branchHistoryTable$/openlane/designs/my_processor/src/branchHist.v:58$154_EN[32:0]$384 [0] }
    Consolidated identical input bits for $mux cell $flatten\bht_lut.$procmux$3146:
      Old ports: A=$flatten\bht_lut.$2$memwr$\branchHistoryTable$/openlane/designs/my_processor/src/branchHist.v:58$151_EN[32:0]$531, B=33'000000000000000000000000000000000, Y=$flatten\bht_lut.$0$memwr$\branchHistoryTable$/openlane/designs/my_processor/src/branchHist.v:58$151_EN[32:0]$380
      New ports: A=$flatten\bht_lut.$procmux$2978_Y [0], B=1'0, Y=$flatten\bht_lut.$0$memwr$\branchHistoryTable$/openlane/designs/my_processor/src/branchHist.v:58$151_EN[32:0]$380 [0]
      New connections: $flatten\bht_lut.$0$memwr$\branchHistoryTable$/openlane/designs/my_processor/src/branchHist.v:58$151_EN[32:0]$380 [32:1] = { $flatten\bht_lut.$0$memwr$\branchHistoryTable$/openlane/designs/my_processor/src/branchHist.v:58$151_EN[32:0]$380 [0] $flatten\bht_lut.$0$memwr$\branchHistoryTable$/openlane/designs/my_processor/src/branchHist.v:58$151_EN[32:0]$380 [0] $flatten\bht_lut.$0$memwr$\branchHistoryTable$/openlane/designs/my_processor/src/branchHist.v:58$151_EN[32:0]$380 [0] $flatten\bht_lut.$0$memwr$\branchHistoryTable$/openlane/designs/my_processor/src/branchHist.v:58$151_EN[32:0]$380 [0] $flatten\bht_lut.$0$memwr$\branchHistoryTable$/openlane/designs/my_processor/src/branchHist.v:58$151_EN[32:0]$380 [0] $flatten\bht_lut.$0$memwr$\branchHistoryTable$/openlane/designs/my_processor/src/branchHist.v:58$151_EN[32:0]$380 [0] $flatten\bht_lut.$0$memwr$\branchHistoryTable$/openlane/designs/my_processor/src/branchHist.v:58$151_EN[32:0]$380 [0] $flatten\bht_lut.$0$memwr$\branchHistoryTable$/openlane/designs/my_processor/src/branchHist.v:58$151_EN[32:0]$380 [0] $flatten\bht_lut.$0$memwr$\branchHistoryTable$/openlane/designs/my_processor/src/branchHist.v:58$151_EN[32:0]$380 [0] $flatten\bht_lut.$0$memwr$\branchHistoryTable$/openlane/designs/my_processor/src/branchHist.v:58$151_EN[32:0]$380 [0] $flatten\bht_lut.$0$memwr$\branchHistoryTable$/openlane/designs/my_processor/src/branchHist.v:58$151_EN[32:0]$380 [0] $flatten\bht_lut.$0$memwr$\branchHistoryTable$/openlane/designs/my_processor/src/branchHist.v:58$151_EN[32:0]$380 [0] $flatten\bht_lut.$0$memwr$\branchHistoryTable$/openlane/designs/my_processor/src/branchHist.v:58$151_EN[32:0]$380 [0] $flatten\bht_lut.$0$memwr$\branchHistoryTable$/openlane/designs/my_processor/src/branchHist.v:58$151_EN[32:0]$380 [0] $flatten\bht_lut.$0$memwr$\branchHistoryTable$/openlane/designs/my_processor/src/branchHist.v:58$151_EN[32:0]$380 [0] $flatten\bht_lut.$0$memwr$\branchHistoryTable$/openlane/designs/my_processor/src/branchHist.v:58$151_EN[32:0]$380 [0] $flatten\bht_lut.$0$memwr$\branchHistoryTable$/openlane/designs/my_processor/src/branchHist.v:58$151_EN[32:0]$380 [0] $flatten\bht_lut.$0$memwr$\branchHistoryTable$/openlane/designs/my_processor/src/branchHist.v:58$151_EN[32:0]$380 [0] $flatten\bht_lut.$0$memwr$\branchHistoryTable$/openlane/designs/my_processor/src/branchHist.v:58$151_EN[32:0]$380 [0] $flatten\bht_lut.$0$memwr$\branchHistoryTable$/openlane/designs/my_processor/src/branchHist.v:58$151_EN[32:0]$380 [0] $flatten\bht_lut.$0$memwr$\branchHistoryTable$/openlane/designs/my_processor/src/branchHist.v:58$151_EN[32:0]$380 [0] $flatten\bht_lut.$0$memwr$\branchHistoryTable$/openlane/designs/my_processor/src/branchHist.v:58$151_EN[32:0]$380 [0] $flatten\bht_lut.$0$memwr$\branchHistoryTable$/openlane/designs/my_processor/src/branchHist.v:58$151_EN[32:0]$380 [0] $flatten\bht_lut.$0$memwr$\branchHistoryTable$/openlane/designs/my_processor/src/branchHist.v:58$151_EN[32:0]$380 [0] $flatten\bht_lut.$0$memwr$\branchHistoryTable$/openlane/designs/my_processor/src/branchHist.v:58$151_EN[32:0]$380 [0] $flatten\bht_lut.$0$memwr$\branchHistoryTable$/openlane/designs/my_processor/src/branchHist.v:58$151_EN[32:0]$380 [0] $flatten\bht_lut.$0$memwr$\branchHistoryTable$/openlane/designs/my_processor/src/branchHist.v:58$151_EN[32:0]$380 [0] $flatten\bht_lut.$0$memwr$\branchHistoryTable$/openlane/designs/my_processor/src/branchHist.v:58$151_EN[32:0]$380 [0] $flatten\bht_lut.$0$memwr$\branchHistoryTable$/openlane/designs/my_processor/src/branchHist.v:58$151_EN[32:0]$380 [0] $flatten\bht_lut.$0$memwr$\branchHistoryTable$/openlane/designs/my_processor/src/branchHist.v:58$151_EN[32:0]$380 [0] $flatten\bht_lut.$0$memwr$\branchHistoryTable$/openlane/designs/my_processor/src/branchHist.v:58$151_EN[32:0]$380 [0] $flatten\bht_lut.$0$memwr$\branchHistoryTable$/openlane/designs/my_processor/src/branchHist.v:58$151_EN[32:0]$380 [0] }
    Consolidated identical input bits for $mux cell $flatten\bht_lut.$procmux$3158:
      Old ports: A=$flatten\bht_lut.$2$memwr$\branchHistoryTable$/openlane/designs/my_processor/src/branchHist.v:58$148_EN[32:0]$527, B=33'000000000000000000000000000000000, Y=$flatten\bht_lut.$0$memwr$\branchHistoryTable$/openlane/designs/my_processor/src/branchHist.v:58$148_EN[32:0]$376
      New ports: A=$flatten\bht_lut.$procmux$3002_Y [0], B=1'0, Y=$flatten\bht_lut.$0$memwr$\branchHistoryTable$/openlane/designs/my_processor/src/branchHist.v:58$148_EN[32:0]$376 [0]
      New connections: $flatten\bht_lut.$0$memwr$\branchHistoryTable$/openlane/designs/my_processor/src/branchHist.v:58$148_EN[32:0]$376 [32:1] = { $flatten\bht_lut.$0$memwr$\branchHistoryTable$/openlane/designs/my_processor/src/branchHist.v:58$148_EN[32:0]$376 [0] $flatten\bht_lut.$0$memwr$\branchHistoryTable$/openlane/designs/my_processor/src/branchHist.v:58$148_EN[32:0]$376 [0] $flatten\bht_lut.$0$memwr$\branchHistoryTable$/openlane/designs/my_processor/src/branchHist.v:58$148_EN[32:0]$376 [0] $flatten\bht_lut.$0$memwr$\branchHistoryTable$/openlane/designs/my_processor/src/branchHist.v:58$148_EN[32:0]$376 [0] $flatten\bht_lut.$0$memwr$\branchHistoryTable$/openlane/designs/my_processor/src/branchHist.v:58$148_EN[32:0]$376 [0] $flatten\bht_lut.$0$memwr$\branchHistoryTable$/openlane/designs/my_processor/src/branchHist.v:58$148_EN[32:0]$376 [0] $flatten\bht_lut.$0$memwr$\branchHistoryTable$/openlane/designs/my_processor/src/branchHist.v:58$148_EN[32:0]$376 [0] $flatten\bht_lut.$0$memwr$\branchHistoryTable$/openlane/designs/my_processor/src/branchHist.v:58$148_EN[32:0]$376 [0] $flatten\bht_lut.$0$memwr$\branchHistoryTable$/openlane/designs/my_processor/src/branchHist.v:58$148_EN[32:0]$376 [0] $flatten\bht_lut.$0$memwr$\branchHistoryTable$/openlane/designs/my_processor/src/branchHist.v:58$148_EN[32:0]$376 [0] $flatten\bht_lut.$0$memwr$\branchHistoryTable$/openlane/designs/my_processor/src/branchHist.v:58$148_EN[32:0]$376 [0] $flatten\bht_lut.$0$memwr$\branchHistoryTable$/openlane/designs/my_processor/src/branchHist.v:58$148_EN[32:0]$376 [0] $flatten\bht_lut.$0$memwr$\branchHistoryTable$/openlane/designs/my_processor/src/branchHist.v:58$148_EN[32:0]$376 [0] $flatten\bht_lut.$0$memwr$\branchHistoryTable$/openlane/designs/my_processor/src/branchHist.v:58$148_EN[32:0]$376 [0] $flatten\bht_lut.$0$memwr$\branchHistoryTable$/openlane/designs/my_processor/src/branchHist.v:58$148_EN[32:0]$376 [0] $flatten\bht_lut.$0$memwr$\branchHistoryTable$/openlane/designs/my_processor/src/branchHist.v:58$148_EN[32:0]$376 [0] $flatten\bht_lut.$0$memwr$\branchHistoryTable$/openlane/designs/my_processor/src/branchHist.v:58$148_EN[32:0]$376 [0] $flatten\bht_lut.$0$memwr$\branchHistoryTable$/openlane/designs/my_processor/src/branchHist.v:58$148_EN[32:0]$376 [0] $flatten\bht_lut.$0$memwr$\branchHistoryTable$/openlane/designs/my_processor/src/branchHist.v:58$148_EN[32:0]$376 [0] $flatten\bht_lut.$0$memwr$\branchHistoryTable$/openlane/designs/my_processor/src/branchHist.v:58$148_EN[32:0]$376 [0] $flatten\bht_lut.$0$memwr$\branchHistoryTable$/openlane/designs/my_processor/src/branchHist.v:58$148_EN[32:0]$376 [0] $flatten\bht_lut.$0$memwr$\branchHistoryTable$/openlane/designs/my_processor/src/branchHist.v:58$148_EN[32:0]$376 [0] $flatten\bht_lut.$0$memwr$\branchHistoryTable$/openlane/designs/my_processor/src/branchHist.v:58$148_EN[32:0]$376 [0] $flatten\bht_lut.$0$memwr$\branchHistoryTable$/openlane/designs/my_processor/src/branchHist.v:58$148_EN[32:0]$376 [0] $flatten\bht_lut.$0$memwr$\branchHistoryTable$/openlane/designs/my_processor/src/branchHist.v:58$148_EN[32:0]$376 [0] $flatten\bht_lut.$0$memwr$\branchHistoryTable$/openlane/designs/my_processor/src/branchHist.v:58$148_EN[32:0]$376 [0] $flatten\bht_lut.$0$memwr$\branchHistoryTable$/openlane/designs/my_processor/src/branchHist.v:58$148_EN[32:0]$376 [0] $flatten\bht_lut.$0$memwr$\branchHistoryTable$/openlane/designs/my_processor/src/branchHist.v:58$148_EN[32:0]$376 [0] $flatten\bht_lut.$0$memwr$\branchHistoryTable$/openlane/designs/my_processor/src/branchHist.v:58$148_EN[32:0]$376 [0] $flatten\bht_lut.$0$memwr$\branchHistoryTable$/openlane/designs/my_processor/src/branchHist.v:58$148_EN[32:0]$376 [0] $flatten\bht_lut.$0$memwr$\branchHistoryTable$/openlane/designs/my_processor/src/branchHist.v:58$148_EN[32:0]$376 [0] $flatten\bht_lut.$0$memwr$\branchHistoryTable$/openlane/designs/my_processor/src/branchHist.v:58$148_EN[32:0]$376 [0] }
    Consolidated identical input bits for $mux cell $flatten\bht_lut.$procmux$3170:
      Old ports: A=$flatten\bht_lut.$2$memwr$\branchHistoryTable$/openlane/designs/my_processor/src/branchHist.v:58$145_EN[32:0]$523, B=33'000000000000000000000000000000000, Y=$flatten\bht_lut.$0$memwr$\branchHistoryTable$/openlane/designs/my_processor/src/branchHist.v:58$145_EN[32:0]$372
      New ports: A=$flatten\bht_lut.$procmux$3026_Y [0], B=1'0, Y=$flatten\bht_lut.$0$memwr$\branchHistoryTable$/openlane/designs/my_processor/src/branchHist.v:58$145_EN[32:0]$372 [0]
      New connections: $flatten\bht_lut.$0$memwr$\branchHistoryTable$/openlane/designs/my_processor/src/branchHist.v:58$145_EN[32:0]$372 [32:1] = { $flatten\bht_lut.$0$memwr$\branchHistoryTable$/openlane/designs/my_processor/src/branchHist.v:58$145_EN[32:0]$372 [0] $flatten\bht_lut.$0$memwr$\branchHistoryTable$/openlane/designs/my_processor/src/branchHist.v:58$145_EN[32:0]$372 [0] $flatten\bht_lut.$0$memwr$\branchHistoryTable$/openlane/designs/my_processor/src/branchHist.v:58$145_EN[32:0]$372 [0] $flatten\bht_lut.$0$memwr$\branchHistoryTable$/openlane/designs/my_processor/src/branchHist.v:58$145_EN[32:0]$372 [0] $flatten\bht_lut.$0$memwr$\branchHistoryTable$/openlane/designs/my_processor/src/branchHist.v:58$145_EN[32:0]$372 [0] $flatten\bht_lut.$0$memwr$\branchHistoryTable$/openlane/designs/my_processor/src/branchHist.v:58$145_EN[32:0]$372 [0] $flatten\bht_lut.$0$memwr$\branchHistoryTable$/openlane/designs/my_processor/src/branchHist.v:58$145_EN[32:0]$372 [0] $flatten\bht_lut.$0$memwr$\branchHistoryTable$/openlane/designs/my_processor/src/branchHist.v:58$145_EN[32:0]$372 [0] $flatten\bht_lut.$0$memwr$\branchHistoryTable$/openlane/designs/my_processor/src/branchHist.v:58$145_EN[32:0]$372 [0] $flatten\bht_lut.$0$memwr$\branchHistoryTable$/openlane/designs/my_processor/src/branchHist.v:58$145_EN[32:0]$372 [0] $flatten\bht_lut.$0$memwr$\branchHistoryTable$/openlane/designs/my_processor/src/branchHist.v:58$145_EN[32:0]$372 [0] $flatten\bht_lut.$0$memwr$\branchHistoryTable$/openlane/designs/my_processor/src/branchHist.v:58$145_EN[32:0]$372 [0] $flatten\bht_lut.$0$memwr$\branchHistoryTable$/openlane/designs/my_processor/src/branchHist.v:58$145_EN[32:0]$372 [0] $flatten\bht_lut.$0$memwr$\branchHistoryTable$/openlane/designs/my_processor/src/branchHist.v:58$145_EN[32:0]$372 [0] $flatten\bht_lut.$0$memwr$\branchHistoryTable$/openlane/designs/my_processor/src/branchHist.v:58$145_EN[32:0]$372 [0] $flatten\bht_lut.$0$memwr$\branchHistoryTable$/openlane/designs/my_processor/src/branchHist.v:58$145_EN[32:0]$372 [0] $flatten\bht_lut.$0$memwr$\branchHistoryTable$/openlane/designs/my_processor/src/branchHist.v:58$145_EN[32:0]$372 [0] $flatten\bht_lut.$0$memwr$\branchHistoryTable$/openlane/designs/my_processor/src/branchHist.v:58$145_EN[32:0]$372 [0] $flatten\bht_lut.$0$memwr$\branchHistoryTable$/openlane/designs/my_processor/src/branchHist.v:58$145_EN[32:0]$372 [0] $flatten\bht_lut.$0$memwr$\branchHistoryTable$/openlane/designs/my_processor/src/branchHist.v:58$145_EN[32:0]$372 [0] $flatten\bht_lut.$0$memwr$\branchHistoryTable$/openlane/designs/my_processor/src/branchHist.v:58$145_EN[32:0]$372 [0] $flatten\bht_lut.$0$memwr$\branchHistoryTable$/openlane/designs/my_processor/src/branchHist.v:58$145_EN[32:0]$372 [0] $flatten\bht_lut.$0$memwr$\branchHistoryTable$/openlane/designs/my_processor/src/branchHist.v:58$145_EN[32:0]$372 [0] $flatten\bht_lut.$0$memwr$\branchHistoryTable$/openlane/designs/my_processor/src/branchHist.v:58$145_EN[32:0]$372 [0] $flatten\bht_lut.$0$memwr$\branchHistoryTable$/openlane/designs/my_processor/src/branchHist.v:58$145_EN[32:0]$372 [0] $flatten\bht_lut.$0$memwr$\branchHistoryTable$/openlane/designs/my_processor/src/branchHist.v:58$145_EN[32:0]$372 [0] $flatten\bht_lut.$0$memwr$\branchHistoryTable$/openlane/designs/my_processor/src/branchHist.v:58$145_EN[32:0]$372 [0] $flatten\bht_lut.$0$memwr$\branchHistoryTable$/openlane/designs/my_processor/src/branchHist.v:58$145_EN[32:0]$372 [0] $flatten\bht_lut.$0$memwr$\branchHistoryTable$/openlane/designs/my_processor/src/branchHist.v:58$145_EN[32:0]$372 [0] $flatten\bht_lut.$0$memwr$\branchHistoryTable$/openlane/designs/my_processor/src/branchHist.v:58$145_EN[32:0]$372 [0] $flatten\bht_lut.$0$memwr$\branchHistoryTable$/openlane/designs/my_processor/src/branchHist.v:58$145_EN[32:0]$372 [0] $flatten\bht_lut.$0$memwr$\branchHistoryTable$/openlane/designs/my_processor/src/branchHist.v:58$145_EN[32:0]$372 [0] }
  Optimizing cells in module \pipelined_processor.
Performed a total of 118 changes.

38.5. Executing OPT_MERGE pass (detect identical cells).
Finding identical cells in module `\pipelined_processor'.
<suppressed ~186 debug messages>
Removed a total of 62 cells.

38.6. Executing OPT_DFF pass (perform DFF optimizations).

38.7. Executing OPT_CLEAN pass (remove unused cells and wires).
Finding unused cells or wires in module \pipelined_processor..
Removed 2 unused cells and 625 unused wires.
<suppressed ~3 debug messages>

38.8. Executing OPT_EXPR pass (perform const folding).
Optimizing module pipelined_processor.

38.9. Rerunning OPT passes. (Maybe there is more to do..)

38.10. Executing OPT_MUXTREE pass (detect dead branches in mux trees).
Running muxtree optimizer on module \pipelined_processor..
  Creating internal representation of mux trees.
  Evaluating internal representation of mux trees.
      Replacing known input bits on port B of cell $procmux$1706: \zero_flag_from_mem -> 1'1
  Analyzing evaluation results.
Removed 0 multiplexer ports.
<suppressed ~143 debug messages>

38.11. Executing OPT_REDUCE pass (consolidate $*mux and $reduce_* inputs).
  Optimizing cells in module \pipelined_processor.
    New ctrl vector for $pmux cell $flatten\alu_control.$procmux$1440: { $flatten\alu_control.$procmux$1364_CMP $auto$opt_reduce.cc:134:opt_pmux$5106 $flatten\alu_control.$procmux$1182_CMP $auto$opt_reduce.cc:134:opt_pmux$5104 }
    New ctrl vector for $pmux cell $flatten\alu_control.$procmux$1456: { $flatten\alu_control.$procmux$1364_CMP $auto$opt_reduce.cc:134:opt_pmux$5110 $flatten\alu_control.$procmux$1182_CMP $auto$opt_reduce.cc:134:opt_pmux$5108 }
    New input vector for $reduce_or cell $auto$opt_reduce.cc:128:opt_pmux$5105: { $flatten\alu_control.$procmux$1247_CMP $flatten\alu_control.$procmux$1405_CMP }
    New input vector for $reduce_or cell $auto$opt_reduce.cc:128:opt_pmux$5109: { $flatten\alu_control.$procmux$1247_CMP $flatten\alu_control.$procmux$1405_CMP }
  Optimizing cells in module \pipelined_processor.
Performed a total of 4 changes.

38.12. Executing OPT_MERGE pass (detect identical cells).
Finding identical cells in module `\pipelined_processor'.
<suppressed ~6 debug messages>
Removed a total of 2 cells.

38.13. Executing OPT_DFF pass (perform DFF optimizations).

38.14. Executing OPT_CLEAN pass (remove unused cells and wires).
Finding unused cells or wires in module \pipelined_processor..
Removed 0 unused cells and 2 unused wires.
<suppressed ~1 debug messages>

38.15. Executing OPT_EXPR pass (perform const folding).
Optimizing module pipelined_processor.

38.16. Rerunning OPT passes. (Maybe there is more to do..)

38.17. Executing OPT_MUXTREE pass (detect dead branches in mux trees).
Running muxtree optimizer on module \pipelined_processor..
  Creating internal representation of mux trees.
  Evaluating internal representation of mux trees.
  Analyzing evaluation results.
Removed 0 multiplexer ports.
<suppressed ~143 debug messages>

38.18. Executing OPT_REDUCE pass (consolidate $*mux and $reduce_* inputs).
  Optimizing cells in module \pipelined_processor.
Performed a total of 0 changes.

38.19. Executing OPT_MERGE pass (detect identical cells).
Finding identical cells in module `\pipelined_processor'.
Removed a total of 0 cells.

38.20. Executing OPT_DFF pass (perform DFF optimizations).

38.21. Executing OPT_CLEAN pass (remove unused cells and wires).
Finding unused cells or wires in module \pipelined_processor..

38.22. Executing OPT_EXPR pass (perform const folding).
Optimizing module pipelined_processor.

38.23. Finished OPT passes. (There is nothing left to do.)

39. Executing FSM pass (extract and optimize FSM).

39.1. Executing FSM_DETECT pass (finding FSMs in design).
Not marking pipelined_processor.id_rr_pipe_reg.cntrl_out as FSM state register:
    Users of register don't seem to benefit from recoding.

39.2. Executing FSM_EXTRACT pass (extracting FSM from design).

39.3. Executing FSM_OPT pass (simple optimizations of FSMs).

39.4. Executing OPT_CLEAN pass (remove unused cells and wires).
Finding unused cells or wires in module \pipelined_processor..

39.5. Executing FSM_OPT pass (simple optimizations of FSMs).

39.6. Executing FSM_RECODE pass (re-assigning FSM state encoding).

39.7. Executing FSM_INFO pass (dumping all available information on FSM cells).

39.8. Executing FSM_MAP pass (mapping FSMs to basic logic).

40. Executing OPT pass (performing simple optimizations).

40.1. Executing OPT_EXPR pass (perform const folding).
Optimizing module pipelined_processor.

40.2. Executing OPT_MERGE pass (detect identical cells).
Finding identical cells in module `\pipelined_processor'.
Removed a total of 0 cells.

40.3. Executing OPT_MUXTREE pass (detect dead branches in mux trees).
Running muxtree optimizer on module \pipelined_processor..
  Creating internal representation of mux trees.
  Evaluating internal representation of mux trees.
  Analyzing evaluation results.
Removed 0 multiplexer ports.
<suppressed ~143 debug messages>

40.4. Executing OPT_REDUCE pass (consolidate $*mux and $reduce_* inputs).
  Optimizing cells in module \pipelined_processor.
Performed a total of 0 changes.

40.5. Executing OPT_MERGE pass (detect identical cells).
Finding identical cells in module `\pipelined_processor'.
Removed a total of 0 cells.

40.6. Executing OPT_DFF pass (perform DFF optimizations).
Adding SRST signal on $procdff$4906 ($dff) from module pipelined_processor (D = $add$/openlane/designs/my_processor/src/topModule.v:585$822_Y [1:0], Q = \counter, rval = 2'00).
Adding SRST signal on $flatten\zero_register.$procdff$5032 ($dff) from module pipelined_processor (D = $flatten\zero_register.$procmux$4869_Y, Q = \zero_register.out, rval = 1'0).
Adding EN signal on $auto$ff.cc:266:slice$5116 ($sdff) from module pipelined_processor (D = \zero_register.in, Q = \zero_register.out).
Adding SRST signal on $flatten\rr_ex_pipe_reg.$procdff$5031 ($dff) from module pipelined_processor (D = $flatten\rr_ex_pipe_reg.$procmux$4714_Y, Q = \rr_ex_pipe_reg.spec_taken_out, rval = 1'0).
Adding EN signal on $auto$ff.cc:266:slice$5122 ($sdff) from module pipelined_processor (D = \id_rr_pipe_reg.spec_taken_out, Q = \rr_ex_pipe_reg.spec_taken_out).
Adding SRST signal on $flatten\rr_ex_pipe_reg.$procdff$5030 ($dff) from module pipelined_processor (D = $flatten\rr_ex_pipe_reg.$procmux$4719_Y, Q = \rr_ex_pipe_reg.RF_A3_From_WB_Out, rval = 3'000).
Adding EN signal on $auto$ff.cc:266:slice$5124 ($sdff) from module pipelined_processor (D = \mem_wb_pipeline_reg.Rd_Addr_Out_PR, Q = \rr_ex_pipe_reg.RF_A3_From_WB_Out).
Adding SRST signal on $flatten\rr_ex_pipe_reg.$procdff$5029 ($dff) from module pipelined_processor (D = $flatten\rr_ex_pipe_reg.$procmux$4724_Y, Q = \rr_ex_pipe_reg.RF_A2_Out, rval = 3'000).
Adding EN signal on $auto$ff.cc:266:slice$5126 ($sdff) from module pipelined_processor (D = \register_file.readAddress2, Q = \rr_ex_pipe_reg.RF_A2_Out).
Adding SRST signal on $flatten\rr_ex_pipe_reg.$procdff$5028 ($dff) from module pipelined_processor (D = $flatten\rr_ex_pipe_reg.$procmux$4729_Y, Q = \rr_ex_pipe_reg.RF_A1_Out, rval = 3'000).
Adding EN signal on $auto$ff.cc:266:slice$5128 ($sdff) from module pipelined_processor (D = \register_file.readAddress1, Q = \rr_ex_pipe_reg.RF_A1_Out).
Adding SRST signal on $flatten\rr_ex_pipe_reg.$procdff$5027 ($dff) from module pipelined_processor (D = $flatten\rr_ex_pipe_reg.$procmux$4734_Y, Q = \rr_ex_pipe_reg.cntrl_out, rval = 10'0000000000).
Adding EN signal on $auto$ff.cc:266:slice$5130 ($sdff) from module pipelined_processor (D = \id_rr_pipe_reg.cntrl_out, Q = \rr_ex_pipe_reg.cntrl_out).
Adding SRST signal on $flatten\rr_ex_pipe_reg.$procdff$5026 ($dff) from module pipelined_processor (D = $flatten\rr_ex_pipe_reg.$procmux$4739_Y, Q = \rr_ex_pipe_reg.pc_next_out, rval = 16'0000000000000000).
Adding EN signal on $auto$ff.cc:266:slice$5132 ($sdff) from module pipelined_processor (D = \id_rr_pipe_reg.pc_next_out, Q = \rr_ex_pipe_reg.pc_next_out).
Adding SRST signal on $flatten\rr_ex_pipe_reg.$procdff$5025 ($dff) from module pipelined_processor (D = $flatten\rr_ex_pipe_reg.$procmux$4744_Y, Q = \rr_ex_pipe_reg.RF_D3_From_WB_Out, rval = 16'0000000000000000).
Adding EN signal on $auto$ff.cc:266:slice$5134 ($sdff) from module pipelined_processor (D = \mem_wb_pipeline_reg.Rd_Data_Out_PR, Q = \rr_ex_pipe_reg.RF_D3_From_WB_Out).
Adding SRST signal on $flatten\rr_ex_pipe_reg.$procdff$5024 ($dff) from module pipelined_processor (D = $flatten\rr_ex_pipe_reg.$procmux$4749_Y, Q = \rr_ex_pipe_reg.instr_out, rval = 16'0000000000000000).
Adding EN signal on $auto$ff.cc:266:slice$5136 ($sdff) from module pipelined_processor (D = \id_rr_pipe_reg.instr_out, Q = \rr_ex_pipe_reg.instr_out).
Adding SRST signal on $flatten\rr_ex_pipe_reg.$procdff$5023 ($dff) from module pipelined_processor (D = $flatten\rr_ex_pipe_reg.$procmux$4754_Y, Q = \rr_ex_pipe_reg.RF_D2_Out, rval = 16'0000000000000000).
Adding EN signal on $auto$ff.cc:266:slice$5138 ($sdff) from module pipelined_processor (D = \rr_ex_pipe_reg.RF_D2_In, Q = \rr_ex_pipe_reg.RF_D2_Out).
Adding SRST signal on $flatten\rr_ex_pipe_reg.$procdff$5022 ($dff) from module pipelined_processor (D = $flatten\rr_ex_pipe_reg.$procmux$4759_Y, Q = \rr_ex_pipe_reg.RF_D1_Out, rval = 16'0000000000000000).
Adding EN signal on $auto$ff.cc:266:slice$5140 ($sdff) from module pipelined_processor (D = \rr_ex_pipe_reg.RF_D1_In, Q = \rr_ex_pipe_reg.RF_D1_Out).
Adding SRST signal on $flatten\rr_ex_pipe_reg.$procdff$5021 ($dff) from module pipelined_processor (D = $flatten\rr_ex_pipe_reg.$procmux$4764_Y, Q = \rr_ex_pipe_reg.pc_out, rval = 16'0000000000000000).
Adding EN signal on $auto$ff.cc:266:slice$5142 ($sdff) from module pipelined_processor (D = \id_rr_pipe_reg.pc_out, Q = \rr_ex_pipe_reg.pc_out).
Adding SRST signal on $flatten\rr_ex_pipe_reg.$procdff$5020 ($dff) from module pipelined_processor (D = $flatten\rr_ex_pipe_reg.$procmux$4769_Y, Q = \rr_ex_pipe_reg.pc_data_select_out, rval = 1'0).
Adding EN signal on $auto$ff.cc:266:slice$5144 ($sdff) from module pipelined_processor (D = \id_rr_pipe_reg.pc_data_select_out, Q = \rr_ex_pipe_reg.pc_data_select_out).
Adding SRST signal on $flatten\rr_ex_pipe_reg.$procdff$5019 ($dff) from module pipelined_processor (D = $flatten\rr_ex_pipe_reg.$procmux$4774_Y, Q = \rr_ex_pipe_reg.RR_Write_En_Out, rval = 1'0).
Adding EN signal on $auto$ff.cc:266:slice$5146 ($sdff) from module pipelined_processor (D = \mem_wb_pipeline_reg.Control_Out, Q = \rr_ex_pipe_reg.RR_Write_En_Out).
Adding SRST signal on $flatten\register_file.$procdff$4903 ($dff) from module pipelined_processor (D = { $flatten\register_file.$memrd$\registerFile$/openlane/designs/my_processor/src/registerBank.v:41$880_DATA $flatten\register_file.$memrd$\registerFile$/openlane/designs/my_processor/src/registerBank.v:41$879_DATA $flatten\register_file.$memrd$\registerFile$/openlane/designs/my_processor/src/registerBank.v:42$878_DATA $flatten\register_file.$memrd$\registerFile$/openlane/designs/my_processor/src/registerBank.v:42$877_DATA $flatten\register_file.$memrd$\registerFile$/openlane/designs/my_processor/src/registerBank.v:43$876_DATA $flatten\register_file.$memrd$\registerFile$/openlane/designs/my_processor/src/registerBank.v:43$875_DATA $flatten\register_file.$memrd$\registerFile$/openlane/designs/my_processor/src/registerBank.v:44$874_DATA $flatten\register_file.$memrd$\registerFile$/openlane/designs/my_processor/src/registerBank.v:44$873_DATA }, Q = \register_file.readData_R7_to_R0, rval = 128'00000000000000000000000000000000000000000000000000000000000000000000000000000000000000000000000000000000000000000000000000000000).
Adding SRST signal on $flatten\program_counter.$procdff$4904 ($dff) from module pipelined_processor (D = $flatten\program_counter.$procmux$1546_Y, Q = \program_counter.out, rval = 16'0000000000000000).
Adding EN signal on $auto$ff.cc:266:slice$5149 ($sdff) from module pipelined_processor (D = \program_counter.in, Q = \program_counter.out).
Adding SRST signal on $flatten\mem_wb_pipeline_reg.$procdff$4884 ($dff) from module pipelined_processor (D = $flatten\mem_wb_pipeline_reg.$procmux$1074_Y, Q = \mem_wb_pipeline_reg.Rd_Data_Out_PR, rval = 16'0000000000000000).
Adding EN signal on $auto$ff.cc:266:slice$5151 ($sdff) from module pipelined_processor (D = \mem_wb_pipeline_reg.Rd_Data_In_From_Mem, Q = \mem_wb_pipeline_reg.Rd_Data_Out_PR).
Adding SRST signal on $flatten\mem_wb_pipeline_reg.$procdff$4883 ($dff) from module pipelined_processor (D = $flatten\mem_wb_pipeline_reg.$procmux$1079_Y, Q = \mem_wb_pipeline_reg.Rd_Addr_Out_PR, rval = 3'000).
Adding EN signal on $auto$ff.cc:266:slice$5153 ($sdff) from module pipelined_processor (D = \mem_wb_pipeline_reg.Rd_Addr_In_From_Mem, Q = \mem_wb_pipeline_reg.Rd_Addr_Out_PR).
Adding SRST signal on $flatten\mem_wb_pipeline_reg.$procdff$4882 ($dff) from module pipelined_processor (D = $flatten\mem_wb_pipeline_reg.$procmux$1084_Y, Q = \mem_wb_pipeline_reg.Control_Out, rval = 1'0).
Adding EN signal on $auto$ff.cc:266:slice$5155 ($sdff) from module pipelined_processor (D = \mem_wb_pipeline_reg.Control_In, Q = \mem_wb_pipeline_reg.Control_Out).
Adding SRST signal on $flatten\la_sa_lm_sm_block.$procdff$4908 ($dff) from module pipelined_processor (D = $flatten\la_sa_lm_sm_block.$procmux$1725_Y, Q = \la_sa_lm_sm_block.reg_index_lm_sm, rval = 3'000).
Adding EN signal on $auto$ff.cc:266:slice$5157 ($sdff) from module pipelined_processor (D = $flatten\la_sa_lm_sm_block.$add$/openlane/designs/my_processor/src/loadStoreMultiple.v:64$732_Y, Q = \la_sa_lm_sm_block.reg_index_lm_sm).
Adding SRST signal on $flatten\la_sa_lm_sm_block.$procdff$4907 ($dff) from module pipelined_processor (D = $flatten\la_sa_lm_sm_block.$procmux$1733_Y, Q = \la_sa_lm_sm_block.reg_index_la_sa, rval = 3'000).
Adding EN signal on $auto$ff.cc:266:slice$5163 ($sdff) from module pipelined_processor (D = $flatten\la_sa_lm_sm_block.$procmux$1733_Y, Q = \la_sa_lm_sm_block.reg_index_la_sa).
Adding SRST signal on $flatten\if_id_pipe_reg.$procdff$4888 ($dff) from module pipelined_processor (D = $flatten\if_id_pipe_reg.$procmux$1094_Y, Q = \if_id_pipe_reg.Spec_taken_out, rval = 1'0).
Adding EN signal on $auto$ff.cc:266:slice$5167 ($sdff) from module pipelined_processor (D = \if_id_pipe_reg.Spec_taken_in, Q = \if_id_pipe_reg.Spec_taken_out).
Adding SRST signal on $flatten\if_id_pipe_reg.$procdff$4887 ($dff) from module pipelined_processor (D = $flatten\if_id_pipe_reg.$procmux$1099_Y, Q = \if_id_pipe_reg.Instr_Out, rval = 16'0000000000000000).
Adding EN signal on $auto$ff.cc:266:slice$5169 ($sdff) from module pipelined_processor (D = \if_id_pipe_reg.Instr_In, Q = \if_id_pipe_reg.Instr_Out).
Adding SRST signal on $flatten\if_id_pipe_reg.$procdff$4886 ($dff) from module pipelined_processor (D = $flatten\if_id_pipe_reg.$procmux$1104_Y, Q = \if_id_pipe_reg.PC_Next_Out, rval = 16'0000000000000000).
Adding EN signal on $auto$ff.cc:266:slice$5171 ($sdff) from module pipelined_processor (D = \if_id_pipe_reg.PC_Next_In, Q = \if_id_pipe_reg.PC_Next_Out).
Adding SRST signal on $flatten\if_id_pipe_reg.$procdff$4885 ($dff) from module pipelined_processor (D = $flatten\if_id_pipe_reg.$procmux$1109_Y, Q = \if_id_pipe_reg.PC_Out, rval = 16'0000000000000000).
Adding EN signal on $auto$ff.cc:266:slice$5173 ($sdff) from module pipelined_processor (D = \program_counter.out, Q = \if_id_pipe_reg.PC_Out).
Adding SRST signal on $flatten\id_rr_pipe_reg.$procdff$5018 ($dff) from module pipelined_processor (D = $flatten\id_rr_pipe_reg.$procmux$4684_Y, Q = \id_rr_pipe_reg.spec_taken_out, rval = 1'0).
Adding EN signal on $auto$ff.cc:266:slice$5175 ($sdff) from module pipelined_processor (D = \if_id_pipe_reg.Spec_taken_out, Q = \id_rr_pipe_reg.spec_taken_out).
Adding SRST signal on $flatten\id_rr_pipe_reg.$procdff$5017 ($dff) from module pipelined_processor (D = $flatten\id_rr_pipe_reg.$procmux$4689_Y, Q = \id_rr_pipe_reg.cntrl_out, rval = 10'0000000000).
Adding EN signal on $auto$ff.cc:266:slice$5177 ($sdff) from module pipelined_processor (D = { \id_controller.RR_A3_Address_sel \nop_rr_wr_en_mux.O \id_controller.EXE_ALU_Src \id_controller.EXE_ALU_Oper \id_controller.Reg_D3_Sel \nop_mem_wr_en_mux.O }, Q = \id_rr_pipe_reg.cntrl_out).
Adding SRST signal on $flatten\id_rr_pipe_reg.$procdff$5016 ($dff) from module pipelined_processor (D = $flatten\id_rr_pipe_reg.$procmux$4694_Y, Q = \id_rr_pipe_reg.pc_next_out, rval = 16'0000000000000000).
Adding EN signal on $auto$ff.cc:266:slice$5179 ($sdff) from module pipelined_processor (D = \if_id_pipe_reg.PC_Next_Out, Q = \id_rr_pipe_reg.pc_next_out).
Adding SRST signal on $flatten\id_rr_pipe_reg.$procdff$5015 ($dff) from module pipelined_processor (D = $flatten\id_rr_pipe_reg.$procmux$4699_Y, Q = \id_rr_pipe_reg.instr_out, rval = 16'0000000000000000).
Adding EN signal on $auto$ff.cc:266:slice$5181 ($sdff) from module pipelined_processor (D = \if_id_pipe_reg.Instr_Out, Q = \id_rr_pipe_reg.instr_out).
Adding SRST signal on $flatten\id_rr_pipe_reg.$procdff$5014 ($dff) from module pipelined_processor (D = $flatten\id_rr_pipe_reg.$procmux$4704_Y, Q = \id_rr_pipe_reg.pc_out, rval = 16'0000000000000000).
Adding EN signal on $auto$ff.cc:266:slice$5183 ($sdff) from module pipelined_processor (D = \if_id_pipe_reg.PC_Out, Q = \id_rr_pipe_reg.pc_out).
Adding SRST signal on $flatten\id_rr_pipe_reg.$procdff$5013 ($dff) from module pipelined_processor (D = $flatten\id_rr_pipe_reg.$procmux$4709_Y, Q = \id_rr_pipe_reg.pc_data_select_out, rval = 1'0).
Adding EN signal on $auto$ff.cc:266:slice$5185 ($sdff) from module pipelined_processor (D = \id_rr_pipe_reg.pc_data_select, Q = \id_rr_pipe_reg.pc_data_select_out).
Adding SRST signal on $flatten\ex_mem_pipe_reg.$procdff$4880 ($dff) from module pipelined_processor (D = $flatten\ex_mem_pipe_reg.$procmux$1003_Y, Q = \ex_mem_pipe_reg.ALU_Result_Out, rval = 16'0000000000000000).
Adding EN signal on $auto$ff.cc:266:slice$5187 ($sdff) from module pipelined_processor (D = \ex_mem_pipe_reg.ALU_Result_In, Q = \ex_mem_pipe_reg.ALU_Result_Out).
Adding SRST signal on $flatten\ex_mem_pipe_reg.$procdff$4879 ($dff) from module pipelined_processor (D = $flatten\ex_mem_pipe_reg.$procmux$1008_Y, Q = \ex_mem_pipe_reg.Rd_Data_Out_PR, rval = 16'0000000000000000).
Adding EN signal on $auto$ff.cc:266:slice$5189 ($sdff) from module pipelined_processor (D = \ex_mem_pipe_reg.Rd_Data_In_From_Ex, Q = \ex_mem_pipe_reg.Rd_Data_Out_PR).
Adding SRST signal on $flatten\ex_mem_pipe_reg.$procdff$4878 ($dff) from module pipelined_processor (D = $flatten\ex_mem_pipe_reg.$procmux$1013_Y, Q = \ex_mem_pipe_reg.Rd_Addr_Out_PR, rval = 3'000).
Adding EN signal on $auto$ff.cc:266:slice$5191 ($sdff) from module pipelined_processor (D = \ex_mem_pipe_reg.Rd_Addr_In_From_Ex, Q = \ex_mem_pipe_reg.Rd_Addr_Out_PR).
Adding SRST signal on $flatten\ex_mem_pipe_reg.$procdff$4877 ($dff) from module pipelined_processor (D = $flatten\ex_mem_pipe_reg.$procmux$1018_Y, Q = \ex_mem_pipe_reg.Control_Out, rval = 3'000).
Adding EN signal on $auto$ff.cc:266:slice$5193 ($sdff) from module pipelined_processor (D = { \reg_wr_en_from_ex_nop_out \rr_ex_pipe_reg.cntrl_out [1] \mem_wr_en_from_ex_nop_out }, Q = \ex_mem_pipe_reg.Control_Out).
Adding SRST signal on $flatten\ex_mem_pipe_reg.$procdff$4876 ($dff) from module pipelined_processor (D = $flatten\ex_mem_pipe_reg.$procmux$1023_Y, Q = \ex_mem_pipe_reg.Instr_Out, rval = 16'0000000000000000).
Adding EN signal on $auto$ff.cc:266:slice$5195 ($sdff) from module pipelined_processor (D = \ex_mem_pipe_reg.Instr_In, Q = \ex_mem_pipe_reg.Instr_Out).
Adding SRST signal on $flatten\ex_mem_pipe_reg.$procdff$4875 ($dff) from module pipelined_processor (D = $flatten\ex_mem_pipe_reg.$procmux$1028_Y, Q = \ex_mem_pipe_reg.RF_D2_Out, rval = 16'0000000000000000).
Adding EN signal on $auto$ff.cc:266:slice$5197 ($sdff) from module pipelined_processor (D = \alu_srcb_mux.A, Q = \ex_mem_pipe_reg.RF_D2_Out).
Adding SRST signal on $flatten\ex_mem_pipe_reg.$procdff$4874 ($dff) from module pipelined_processor (D = $flatten\ex_mem_pipe_reg.$procmux$1033_Y, Q = \ex_mem_pipe_reg.RF_D1_Out, rval = 16'0000000000000000).
Adding EN signal on $auto$ff.cc:266:slice$5199 ($sdff) from module pipelined_processor (D = \alu_execute.a, Q = \ex_mem_pipe_reg.RF_D1_Out).
Adding SRST signal on $flatten\carry_register.$procdff$5032 ($dff) from module pipelined_processor (D = $flatten\carry_register.$procmux$4869_Y, Q = \carry_register.out, rval = 1'0).
Adding EN signal on $auto$ff.cc:266:slice$5201 ($sdff) from module pipelined_processor (D = \carry_register.in, Q = \carry_register.out).
Adding SRST signal on $flatten\bht_lut.$procdff$4909 ($dff) from module pipelined_processor (D = $flatten\bht_lut.$procmux$3299_Y, Q = \bht_lut.pointer, rval = 3'000).
Adding EN signal on $auto$ff.cc:266:slice$5203 ($sdff) from module pipelined_processor (D = $flatten\bht_lut.$procmux$3299_Y, Q = \bht_lut.pointer).

40.7. Executing OPT_CLEAN pass (remove unused cells and wires).
Finding unused cells or wires in module \pipelined_processor..
Removed 81 unused cells and 81 unused wires.
<suppressed ~82 debug messages>

40.8. Executing OPT_EXPR pass (perform const folding).
Optimizing module pipelined_processor.
<suppressed ~3 debug messages>

40.9. Rerunning OPT passes. (Maybe there is more to do..)

40.10. Executing OPT_MUXTREE pass (detect dead branches in mux trees).
Running muxtree optimizer on module \pipelined_processor..
  Creating internal representation of mux trees.
  Evaluating internal representation of mux trees.
  Analyzing evaluation results.
Removed 0 multiplexer ports.
<suppressed ~120 debug messages>

40.11. Executing OPT_REDUCE pass (consolidate $*mux and $reduce_* inputs).
  Optimizing cells in module \pipelined_processor.
Performed a total of 0 changes.

40.12. Executing OPT_MERGE pass (detect identical cells).
Finding identical cells in module `\pipelined_processor'.
Removed a total of 0 cells.

40.13. Executing OPT_DFF pass (perform DFF optimizations).

40.14. Executing OPT_CLEAN pass (remove unused cells and wires).
Finding unused cells or wires in module \pipelined_processor..

40.15. Executing OPT_EXPR pass (perform const folding).
Optimizing module pipelined_processor.

40.16. Finished OPT passes. (There is nothing left to do.)

41. Executing WREDUCE pass (reducing word size of cells).
Removed top 29 address bits (of 32) from memory init port pipelined_processor.$flatten\bht_lut.$auto$proc_memwr.cc:45:proc_memwr$5043 (bht_lut.branchHistoryTable).
Removed top 29 address bits (of 32) from memory init port pipelined_processor.$flatten\bht_lut.$auto$proc_memwr.cc:45:proc_memwr$5044 (bht_lut.branchHistoryTable).
Removed top 29 address bits (of 32) from memory init port pipelined_processor.$flatten\bht_lut.$auto$proc_memwr.cc:45:proc_memwr$5045 (bht_lut.branchHistoryTable).
Removed top 29 address bits (of 32) from memory init port pipelined_processor.$flatten\bht_lut.$auto$proc_memwr.cc:45:proc_memwr$5046 (bht_lut.branchHistoryTable).
Removed top 29 address bits (of 32) from memory init port pipelined_processor.$flatten\bht_lut.$auto$proc_memwr.cc:45:proc_memwr$5047 (bht_lut.branchHistoryTable).
Removed top 29 address bits (of 32) from memory init port pipelined_processor.$flatten\bht_lut.$auto$proc_memwr.cc:45:proc_memwr$5048 (bht_lut.branchHistoryTable).
Removed top 29 address bits (of 32) from memory init port pipelined_processor.$flatten\bht_lut.$auto$proc_memwr.cc:45:proc_memwr$5049 (bht_lut.branchHistoryTable).
Removed top 29 address bits (of 32) from memory init port pipelined_processor.$flatten\bht_lut.$auto$proc_memwr.cc:45:proc_memwr$5050 (bht_lut.branchHistoryTable).
Removed top 29 address bits (of 32) from memory init port pipelined_processor.$flatten\bht_lut.$auto$proc_memwr.cc:45:proc_memwr$5051 (bht_lut.branchHistoryTable).
Removed top 29 address bits (of 32) from memory init port pipelined_processor.$flatten\bht_lut.$auto$proc_memwr.cc:45:proc_memwr$5052 (bht_lut.branchHistoryTable).
Removed top 29 address bits (of 32) from memory init port pipelined_processor.$flatten\bht_lut.$auto$proc_memwr.cc:45:proc_memwr$5053 (bht_lut.branchHistoryTable).
Removed top 29 address bits (of 32) from memory init port pipelined_processor.$flatten\bht_lut.$auto$proc_memwr.cc:45:proc_memwr$5054 (bht_lut.branchHistoryTable).
Removed top 29 address bits (of 32) from memory init port pipelined_processor.$flatten\bht_lut.$auto$proc_memwr.cc:45:proc_memwr$5055 (bht_lut.branchHistoryTable).
Removed top 29 address bits (of 32) from memory init port pipelined_processor.$flatten\bht_lut.$auto$proc_memwr.cc:45:proc_memwr$5056 (bht_lut.branchHistoryTable).
Removed top 29 address bits (of 32) from memory init port pipelined_processor.$flatten\bht_lut.$auto$proc_memwr.cc:45:proc_memwr$5057 (bht_lut.branchHistoryTable).
Removed top 29 address bits (of 32) from memory init port pipelined_processor.$flatten\bht_lut.$auto$proc_memwr.cc:45:proc_memwr$5058 (bht_lut.branchHistoryTable).
Removed top 29 address bits (of 32) from memory init port pipelined_processor.$flatten\bht_lut.$auto$proc_memwr.cc:45:proc_memwr$5060 (bht_lut.branchHistoryTable).
Removed top 29 address bits (of 32) from memory init port pipelined_processor.$flatten\bht_lut.$auto$proc_memwr.cc:45:proc_memwr$5061 (bht_lut.branchHistoryTable).
Removed top 29 address bits (of 32) from memory init port pipelined_processor.$flatten\bht_lut.$auto$proc_memwr.cc:45:proc_memwr$5062 (bht_lut.branchHistoryTable).
Removed top 29 address bits (of 32) from memory init port pipelined_processor.$flatten\bht_lut.$auto$proc_memwr.cc:45:proc_memwr$5063 (bht_lut.branchHistoryTable).
Removed top 29 address bits (of 32) from memory init port pipelined_processor.$flatten\bht_lut.$auto$proc_memwr.cc:45:proc_memwr$5064 (bht_lut.branchHistoryTable).
Removed top 29 address bits (of 32) from memory init port pipelined_processor.$flatten\bht_lut.$auto$proc_memwr.cc:45:proc_memwr$5065 (bht_lut.branchHistoryTable).
Removed top 29 address bits (of 32) from memory init port pipelined_processor.$flatten\bht_lut.$auto$proc_memwr.cc:45:proc_memwr$5066 (bht_lut.branchHistoryTable).
Removed top 29 address bits (of 32) from memory init port pipelined_processor.$flatten\bht_lut.$auto$proc_memwr.cc:45:proc_memwr$5067 (bht_lut.branchHistoryTable).
Removed top 29 address bits (of 32) from memory read port pipelined_processor.$flatten\bht_lut.$memrd$\branchHistoryTable$/openlane/designs/my_processor/src/branchHist.v:27$193 (bht_lut.branchHistoryTable).
Removed top 29 address bits (of 32) from memory read port pipelined_processor.$flatten\bht_lut.$memrd$\branchHistoryTable$/openlane/designs/my_processor/src/branchHist.v:28$220 (bht_lut.branchHistoryTable).
Removed top 29 address bits (of 32) from memory read port pipelined_processor.$flatten\bht_lut.$memrd$\branchHistoryTable$/openlane/designs/my_processor/src/branchHist.v:29$244 (bht_lut.branchHistoryTable).
Removed top 29 address bits (of 32) from memory read port pipelined_processor.$flatten\bht_lut.$memrd$\branchHistoryTable$/openlane/designs/my_processor/src/branchHist.v:30$265 (bht_lut.branchHistoryTable).
Removed top 29 address bits (of 32) from memory read port pipelined_processor.$flatten\bht_lut.$memrd$\branchHistoryTable$/openlane/designs/my_processor/src/branchHist.v:31$283 (bht_lut.branchHistoryTable).
Removed top 29 address bits (of 32) from memory read port pipelined_processor.$flatten\bht_lut.$memrd$\branchHistoryTable$/openlane/designs/my_processor/src/branchHist.v:32$298 (bht_lut.branchHistoryTable).
Removed top 29 address bits (of 32) from memory read port pipelined_processor.$flatten\bht_lut.$memrd$\branchHistoryTable$/openlane/designs/my_processor/src/branchHist.v:33$310 (bht_lut.branchHistoryTable).
Removed top 29 address bits (of 32) from memory read port pipelined_processor.$flatten\bht_lut.$memrd$\branchHistoryTable$/openlane/designs/my_processor/src/branchHist.v:34$319 (bht_lut.branchHistoryTable).
Removed top 28 address bits (of 32) from memory init port pipelined_processor.$flatten\instr_mem1.$auto$proc_memwr.cc:45:proc_memwr$5070 (instr_mem1.rom).
Removed top 28 address bits (of 32) from memory init port pipelined_processor.$flatten\instr_mem1.$auto$proc_memwr.cc:45:proc_memwr$5071 (instr_mem1.rom).
Removed top 28 address bits (of 32) from memory init port pipelined_processor.$flatten\instr_mem1.$auto$proc_memwr.cc:45:proc_memwr$5072 (instr_mem1.rom).
Removed top 28 address bits (of 32) from memory init port pipelined_processor.$flatten\instr_mem1.$auto$proc_memwr.cc:45:proc_memwr$5073 (instr_mem1.rom).
Removed top 28 address bits (of 32) from memory init port pipelined_processor.$flatten\instr_mem1.$auto$proc_memwr.cc:45:proc_memwr$5074 (instr_mem1.rom).
Removed top 28 address bits (of 32) from memory init port pipelined_processor.$flatten\instr_mem1.$auto$proc_memwr.cc:45:proc_memwr$5075 (instr_mem1.rom).
Removed top 28 address bits (of 32) from memory init port pipelined_processor.$flatten\instr_mem1.$auto$proc_memwr.cc:45:proc_memwr$5076 (instr_mem1.rom).
Removed top 28 address bits (of 32) from memory init port pipelined_processor.$flatten\instr_mem1.$auto$proc_memwr.cc:45:proc_memwr$5077 (instr_mem1.rom).
Removed top 28 address bits (of 32) from memory init port pipelined_processor.$flatten\instr_mem1.$auto$proc_memwr.cc:45:proc_memwr$5078 (instr_mem1.rom).
Removed top 28 address bits (of 32) from memory init port pipelined_processor.$flatten\instr_mem1.$auto$proc_memwr.cc:45:proc_memwr$5079 (instr_mem1.rom).
Removed top 28 address bits (of 32) from memory init port pipelined_processor.$flatten\instr_mem1.$auto$proc_memwr.cc:45:proc_memwr$5080 (instr_mem1.rom).
Removed top 28 address bits (of 32) from memory init port pipelined_processor.$flatten\instr_mem1.$auto$proc_memwr.cc:45:proc_memwr$5081 (instr_mem1.rom).
Removed top 28 address bits (of 32) from memory init port pipelined_processor.$flatten\instr_mem1.$auto$proc_memwr.cc:45:proc_memwr$5082 (instr_mem1.rom).
Removed top 28 address bits (of 32) from memory init port pipelined_processor.$flatten\instr_mem1.$auto$proc_memwr.cc:45:proc_memwr$5083 (instr_mem1.rom).
Removed top 28 address bits (of 32) from memory init port pipelined_processor.$flatten\instr_mem1.$auto$proc_memwr.cc:45:proc_memwr$5084 (instr_mem1.rom).
Removed top 28 address bits (of 32) from memory init port pipelined_processor.$flatten\instr_mem1.$auto$proc_memwr.cc:45:proc_memwr$5085 (instr_mem1.rom).
Removed top 29 address bits (of 32) from memory init port pipelined_processor.$flatten\register_file.$auto$proc_memwr.cc:45:proc_memwr$5033 (register_file.registerFile).
Removed top 29 address bits (of 32) from memory init port pipelined_processor.$flatten\register_file.$auto$proc_memwr.cc:45:proc_memwr$5034 (register_file.registerFile).
Removed top 29 address bits (of 32) from memory init port pipelined_processor.$flatten\register_file.$auto$proc_memwr.cc:45:proc_memwr$5035 (register_file.registerFile).
Removed top 29 address bits (of 32) from memory init port pipelined_processor.$flatten\register_file.$auto$proc_memwr.cc:45:proc_memwr$5036 (register_file.registerFile).
Removed top 29 address bits (of 32) from memory init port pipelined_processor.$flatten\register_file.$auto$proc_memwr.cc:45:proc_memwr$5037 (register_file.registerFile).
Removed top 29 address bits (of 32) from memory init port pipelined_processor.$flatten\register_file.$auto$proc_memwr.cc:45:proc_memwr$5038 (register_file.registerFile).
Removed top 29 address bits (of 32) from memory init port pipelined_processor.$flatten\register_file.$auto$proc_memwr.cc:45:proc_memwr$5039 (register_file.registerFile).
Removed top 29 address bits (of 32) from memory init port pipelined_processor.$flatten\register_file.$auto$proc_memwr.cc:45:proc_memwr$5040 (register_file.registerFile).
Removed top 29 address bits (of 32) from memory init port pipelined_processor.$flatten\register_file.$auto$proc_memwr.cc:45:proc_memwr$5042 (register_file.registerFile).
Removed top 29 address bits (of 32) from memory read port pipelined_processor.$flatten\register_file.$memrd$\registerFile$/openlane/designs/my_processor/src/registerBank.v:41$879 (register_file.registerFile).
Removed top 29 address bits (of 32) from memory read port pipelined_processor.$flatten\register_file.$memrd$\registerFile$/openlane/designs/my_processor/src/registerBank.v:41$880 (register_file.registerFile).
Removed top 29 address bits (of 32) from memory read port pipelined_processor.$flatten\register_file.$memrd$\registerFile$/openlane/designs/my_processor/src/registerBank.v:42$877 (register_file.registerFile).
Removed top 29 address bits (of 32) from memory read port pipelined_processor.$flatten\register_file.$memrd$\registerFile$/openlane/designs/my_processor/src/registerBank.v:42$878 (register_file.registerFile).
Removed top 29 address bits (of 32) from memory read port pipelined_processor.$flatten\register_file.$memrd$\registerFile$/openlane/designs/my_processor/src/registerBank.v:43$875 (register_file.registerFile).
Removed top 29 address bits (of 32) from memory read port pipelined_processor.$flatten\register_file.$memrd$\registerFile$/openlane/designs/my_processor/src/registerBank.v:43$876 (register_file.registerFile).
Removed top 29 address bits (of 32) from memory read port pipelined_processor.$flatten\register_file.$memrd$\registerFile$/openlane/designs/my_processor/src/registerBank.v:44$873 (register_file.registerFile).
Removed top 29 address bits (of 32) from memory read port pipelined_processor.$flatten\register_file.$memrd$\registerFile$/openlane/designs/my_processor/src/registerBank.v:44$874 (register_file.registerFile).
Removed top 31 bits (of 32) from port B of cell pipelined_processor.$add$/openlane/designs/my_processor/src/topModule.v:236$738 ($add).
Removed top 16 bits (of 32) from port Y of cell pipelined_processor.$add$/openlane/designs/my_processor/src/topModule.v:236$738 ($add).
Removed top 15 bits (of 16) from port B of cell pipelined_processor.$add$/openlane/designs/my_processor/src/topModule.v:414$760 ($add).
Removed top 31 bits (of 32) from mux cell pipelined_processor.$ternary$/openlane/designs/my_processor/src/topModule.v:516$779 ($mux).
Removed top 31 bits (of 32) from mux cell pipelined_processor.$ternary$/openlane/designs/my_processor/src/topModule.v:517$787 ($mux).
Removed top 31 bits (of 32) from mux cell pipelined_processor.$ternary$/openlane/designs/my_processor/src/topModule.v:519$791 ($mux).
Removed top 31 bits (of 32) from mux cell pipelined_processor.$ternary$/openlane/designs/my_processor/src/topModule.v:520$794 ($mux).
Removed top 31 bits (of 32) from mux cell pipelined_processor.$ternary$/openlane/designs/my_processor/src/topModule.v:521$796 ($mux).
Removed top 31 bits (of 32) from mux cell pipelined_processor.$ternary$/openlane/designs/my_processor/src/topModule.v:522$798 ($mux).
Removed top 10 bits (of 16) from port Y of cell pipelined_processor.$add$/openlane/designs/my_processor/src/topModule.v:535$803 ($add).
Removed top 10 bits (of 16) from port A of cell pipelined_processor.$add$/openlane/designs/my_processor/src/topModule.v:535$803 ($add).
Removed top 1 bits (of 4) from port B of cell pipelined_processor.$eq$/openlane/designs/my_processor/src/topModule.v:555$805 ($eq).
Removed top 1 bits (of 4) from port B of cell pipelined_processor.$eq$/openlane/designs/my_processor/src/topModule.v:581$809 ($eq).
Removed top 31 bits (of 32) from port B of cell pipelined_processor.$add$/openlane/designs/my_processor/src/topModule.v:585$822 ($add).
Removed top 30 bits (of 32) from port Y of cell pipelined_processor.$add$/openlane/designs/my_processor/src/topModule.v:585$822 ($add).
Removed top 1 bits (of 2) from port B of cell pipelined_processor.$eq$/openlane/designs/my_processor/src/topModule.v:586$823 ($eq).
Removed top 3 bits (of 5) from port B of cell pipelined_processor.$eq$/openlane/designs/my_processor/src/topModule.v:605$845 ($eq).
Removed top 1 bits (of 2) from mux cell pipelined_processor.$procmux$1715 ($mux).
Removed top 16 bits (of 128) from FF cell pipelined_processor.$auto$ff.cc:266:slice$5148 ($sdff).
Removed top 1 bits (of 2) from port A of cell pipelined_processor.$flatten\branch_jump_decider.$eq$/openlane/designs/my_processor/src/branchJumpCtrl.v:10$941 ($eq).
Removed top 1 bits (of 2) from port B of cell pipelined_processor.$flatten\branch_jump_decider.$eq$/openlane/designs/my_processor/src/branchJumpCtrl.v:10$941 ($eq).
Removed top 1 bits (of 2) from port B of cell pipelined_processor.$flatten\pc_elect_mux.$procmux$965_CMP0 ($eq).
Removed top 2 bits (of 3) from port B of cell pipelined_processor.$flatten\bht_lut.$add$/openlane/designs/my_processor/src/branchHist.v:52$604 ($add).
Removed top 2 bits (of 4) from port B of cell pipelined_processor.$flatten\id_controller.$procmux$4814_CMP0 ($eq).
Removed top 2 bits (of 4) from port B of cell pipelined_processor.$flatten\id_controller.$procmux$4804_CMP0 ($eq).
Removed top 1 bits (of 4) from port B of cell pipelined_processor.$flatten\id_controller.$procmux$4803_CMP0 ($eq).
Removed top 1 bits (of 4) from port B of cell pipelined_processor.$flatten\id_controller.$procmux$4797_CMP0 ($eq).
Removed top 3 bits (of 4) from port B of cell pipelined_processor.$flatten\id_controller.$procmux$4793_CMP0 ($eq).
Removed top 1 bits (of 2) from port B of cell pipelined_processor.$auto$opt_dff.cc:195:make_patterns_logic$5208 ($ne).
Removed top 3 bits (of 6) from port B of cell pipelined_processor.$flatten\alu_control.$procmux$1405_CMP1 ($eq).
Removed top 3 bits (of 6) from port B of cell pipelined_processor.$flatten\alu_control.$procmux$1405_CMP0 ($eq).
Removed top 3 bits (of 6) from port B of cell pipelined_processor.$flatten\alu_control.$procmux$1364_CMP0 ($eq).
Removed top 3 bits (of 6) from port B of cell pipelined_processor.$flatten\alu_control.$procmux$1282_CMP0 ($eq).
Removed top 2 bits (of 6) from port B of cell pipelined_processor.$flatten\alu_control.$procmux$1247_CMP0 ($eq).
Removed top 2 bits (of 6) from port B of cell pipelined_processor.$flatten\alu_control.$procmux$1182_CMP0 ($eq).
Removed top 2 bits (of 6) from port B of cell pipelined_processor.$flatten\alu_control.$procmux$1122_CMP0 ($eq).
Removed top 1 bits (of 2) from port B of cell pipelined_processor.$flatten\rs1_fwd_mux.$procmux$965_CMP0 ($eq).
Removed top 1 bits (of 2) from port B of cell pipelined_processor.$flatten\rs2_fwd_mux.$procmux$965_CMP0 ($eq).
Removed top 1 bits (of 2) from port B of cell pipelined_processor.$flatten\alu_srcb_mux.$procmux$965_CMP0 ($eq).
Removed top 1 bits (of 2) from port B of cell pipelined_processor.$flatten\alu_execute.$procmux$984_CMP0 ($eq).
Removed top 1 bits (of 17) from port A of cell pipelined_processor.$flatten\alu_execute.$add$/openlane/designs/my_processor/src/ALU.v:23$944 ($add).
Removed top 1 bits (of 17) from port B of cell pipelined_processor.$flatten\alu_execute.$add$/openlane/designs/my_processor/src/ALU.v:23$944 ($add).
Removed top 1 bits (of 17) from port Y of cell pipelined_processor.$flatten\alu_execute.$add$/openlane/designs/my_processor/src/ALU.v:23$944 ($add).
Removed top 1 bits (of 2) from port B of cell pipelined_processor.$flatten\rf_d3_addr_select.$procmux$970_CMP0 ($eq).
Removed top 2 bits (of 3) from port B of cell pipelined_processor.$flatten\la_sa_lm_sm_block.$procmux$1749_CMP0 ($eq).
Removed top 1 bits (of 3) from port B of cell pipelined_processor.$flatten\la_sa_lm_sm_block.$procmux$1748_CMP0 ($eq).
Removed top 1 bits (of 3) from port B of cell pipelined_processor.$flatten\la_sa_lm_sm_block.$procmux$1747_CMP0 ($eq).
Removed top 2 bits (of 3) from port B of cell pipelined_processor.$flatten\la_sa_lm_sm_block.$add$/openlane/designs/my_processor/src/loadStoreMultiple.v:64$732 ($add).
Removed top 2 bits (of 3) from port B of cell pipelined_processor.$flatten\la_sa_lm_sm_block.$add$/openlane/designs/my_processor/src/loadStoreMultiple.v:60$725 ($add).
Removed top 29 bits (of 32) from port A of cell pipelined_processor.$flatten\la_sa_lm_sm_block.$sub$/openlane/designs/my_processor/src/loadStoreMultiple.v:31$707 ($sub).
Removed top 28 bits (of 32) from port Y of cell pipelined_processor.$flatten\la_sa_lm_sm_block.$sub$/openlane/designs/my_processor/src/loadStoreMultiple.v:31$707 ($sub).
Removed top 10 bits (of 16) from mux cell pipelined_processor.$flatten\mux_choosing_address.$procmux$975 ($pmux).
Removed top 10 bits (of 16) from FF cell pipelined_processor.$auto$ff.cc:266:slice$5188 ($sdffe).
Removed top 10 bits (of 16) from FF cell pipelined_processor.$auto$ff.cc:266:slice$5200 ($sdffe).
Removed top 30 bits (of 32) from wire pipelined_processor.$add$/openlane/designs/my_processor/src/topModule.v:585$822_Y.
Removed top 1 bits (of 17) from wire pipelined_processor.$flatten\alu_execute.$add$/openlane/designs/my_processor/src/ALU.v:23$944_Y.
Removed top 16 bits (of 128) from wire pipelined_processor.RF_D_R7_to_R0.
Removed top 10 bits (of 16) from wire pipelined_processor.address_base.
Removed top 10 bits (of 16) from wire pipelined_processor.mem_addr.
Removed top 1 bits (of 2) from wire pipelined_processor.pc_control_from_id.
Removed top 10 bits (of 16) from wire pipelined_processor.start_address_lm_sm_la_sa.

42. Executing PEEPOPT pass (run peephole optimizers).

43. Executing OPT_CLEAN pass (remove unused cells and wires).
Finding unused cells or wires in module \pipelined_processor..
Removed 1 unused cells and 15 unused wires.
<suppressed ~2 debug messages>

44. Executing ALUMACC pass (create $alu and $macc cells).
Extracting $alu and $macc cells in module pipelined_processor:
  creating $macc model for $add$/openlane/designs/my_processor/src/topModule.v:236$738 ($add).
  creating $macc model for $add$/openlane/designs/my_processor/src/topModule.v:313$746 ($add).
  creating $macc model for $add$/openlane/designs/my_processor/src/topModule.v:404$751 ($add).
  creating $macc model for $add$/openlane/designs/my_processor/src/topModule.v:414$760 ($add).
  creating $macc model for $add$/openlane/designs/my_processor/src/topModule.v:439$766 ($add).
  creating $macc model for $add$/openlane/designs/my_processor/src/topModule.v:535$803 ($add).
  creating $macc model for $add$/openlane/designs/my_processor/src/topModule.v:585$822 ($add).
  creating $macc model for $flatten\alu_execute.$add$/openlane/designs/my_processor/src/ALU.v:23$944 ($add).
  creating $macc model for $flatten\bht_lut.$add$/openlane/designs/my_processor/src/branchHist.v:52$604 ($add).
  creating $macc model for $flatten\la_sa_lm_sm_block.$add$/openlane/designs/my_processor/src/loadStoreMultiple.v:60$725 ($add).
  creating $macc model for $flatten\la_sa_lm_sm_block.$add$/openlane/designs/my_processor/src/loadStoreMultiple.v:64$732 ($add).
  creating $macc model for $flatten\la_sa_lm_sm_block.$sub$/openlane/designs/my_processor/src/loadStoreMultiple.v:31$707 ($sub).
  creating $alu model for $macc $flatten\la_sa_lm_sm_block.$sub$/openlane/designs/my_processor/src/loadStoreMultiple.v:31$707.
  creating $alu model for $macc $flatten\la_sa_lm_sm_block.$add$/openlane/designs/my_processor/src/loadStoreMultiple.v:64$732.
  creating $alu model for $macc $flatten\la_sa_lm_sm_block.$add$/openlane/designs/my_processor/src/loadStoreMultiple.v:60$725.
  creating $alu model for $macc $flatten\bht_lut.$add$/openlane/designs/my_processor/src/branchHist.v:52$604.
  creating $alu model for $macc $flatten\alu_execute.$add$/openlane/designs/my_processor/src/ALU.v:23$944.
  creating $alu model for $macc $add$/openlane/designs/my_processor/src/topModule.v:585$822.
  creating $alu model for $macc $add$/openlane/designs/my_processor/src/topModule.v:535$803.
  creating $alu model for $macc $add$/openlane/designs/my_processor/src/topModule.v:439$766.
  creating $alu model for $macc $add$/openlane/designs/my_processor/src/topModule.v:414$760.
  creating $alu model for $macc $add$/openlane/designs/my_processor/src/topModule.v:404$751.
  creating $alu model for $macc $add$/openlane/designs/my_processor/src/topModule.v:313$746.
  creating $alu model for $macc $add$/openlane/designs/my_processor/src/topModule.v:236$738.
  creating $alu model for $flatten\la_sa_lm_sm_block.$ge$/openlane/designs/my_processor/src/loadStoreMultiple.v:55$721 ($ge): new $alu
  creating $alu model for $flatten\la_sa_lm_sm_block.$le$/openlane/designs/my_processor/src/loadStoreMultiple.v:26$698 ($le): new $alu
  creating $alu model for $flatten\register_file.$lt$/openlane/designs/my_processor/src/registerBank.v:54$908 ($lt): new $alu
  creating $alu model for $flatten\la_sa_lm_sm_block.$procmux$1744_CMP0 ($eq): merged with $flatten\la_sa_lm_sm_block.$ge$/openlane/designs/my_processor/src/loadStoreMultiple.v:55$721.
  creating $alu model for $flatten\la_sa_lm_sm_block.$procmux$1745_CMP0 ($eq): merged with $flatten\la_sa_lm_sm_block.$le$/openlane/designs/my_processor/src/loadStoreMultiple.v:26$698.
  creating $alu cell for $flatten\register_file.$lt$/openlane/designs/my_processor/src/registerBank.v:54$908: $auto$alumacc.cc:485:replace_alu$5221
  creating $alu cell for $flatten\la_sa_lm_sm_block.$le$/openlane/designs/my_processor/src/loadStoreMultiple.v:26$698, $flatten\la_sa_lm_sm_block.$procmux$1745_CMP0: $auto$alumacc.cc:485:replace_alu$5226
  creating $alu cell for $flatten\la_sa_lm_sm_block.$ge$/openlane/designs/my_processor/src/loadStoreMultiple.v:55$721, $flatten\la_sa_lm_sm_block.$procmux$1744_CMP0: $auto$alumacc.cc:485:replace_alu$5235
  creating $alu cell for $add$/openlane/designs/my_processor/src/topModule.v:236$738: $auto$alumacc.cc:485:replace_alu$5248
  creating $alu cell for $add$/openlane/designs/my_processor/src/topModule.v:313$746: $auto$alumacc.cc:485:replace_alu$5251
  creating $alu cell for $add$/openlane/designs/my_processor/src/topModule.v:404$751: $auto$alumacc.cc:485:replace_alu$5254
  creating $alu cell for $add$/openlane/designs/my_processor/src/topModule.v:414$760: $auto$alumacc.cc:485:replace_alu$5257
  creating $alu cell for $add$/openlane/designs/my_processor/src/topModule.v:439$766: $auto$alumacc.cc:485:replace_alu$5260
  creating $alu cell for $add$/openlane/designs/my_processor/src/topModule.v:535$803: $auto$alumacc.cc:485:replace_alu$5263
  creating $alu cell for $add$/openlane/designs/my_processor/src/topModule.v:585$822: $auto$alumacc.cc:485:replace_alu$5266
  creating $alu cell for $flatten\alu_execute.$add$/openlane/designs/my_processor/src/ALU.v:23$944: $auto$alumacc.cc:485:replace_alu$5269
  creating $alu cell for $flatten\bht_lut.$add$/openlane/designs/my_processor/src/branchHist.v:52$604: $auto$alumacc.cc:485:replace_alu$5272
  creating $alu cell for $flatten\la_sa_lm_sm_block.$add$/openlane/designs/my_processor/src/loadStoreMultiple.v:60$725: $auto$alumacc.cc:485:replace_alu$5275
  creating $alu cell for $flatten\la_sa_lm_sm_block.$add$/openlane/designs/my_processor/src/loadStoreMultiple.v:64$732: $auto$alumacc.cc:485:replace_alu$5278
  creating $alu cell for $flatten\la_sa_lm_sm_block.$sub$/openlane/designs/my_processor/src/loadStoreMultiple.v:31$707: $auto$alumacc.cc:485:replace_alu$5281
  created 15 $alu and 0 $macc cells.

45. Executing SHARE pass (SAT-based resource sharing).

46. Executing OPT pass (performing simple optimizations).

46.1. Executing OPT_EXPR pass (perform const folding).
Optimizing module pipelined_processor.
<suppressed ~2 debug messages>

46.2. Executing OPT_MERGE pass (detect identical cells).
Finding identical cells in module `\pipelined_processor'.
Removed a total of 0 cells.

46.3. Executing OPT_MUXTREE pass (detect dead branches in mux trees).
Running muxtree optimizer on module \pipelined_processor..
  Creating internal representation of mux trees.
  Evaluating internal representation of mux trees.
  Analyzing evaluation results.
Removed 0 multiplexer ports.
<suppressed ~120 debug messages>

46.4. Executing OPT_REDUCE pass (consolidate $*mux and $reduce_* inputs).
  Optimizing cells in module \pipelined_processor.
Performed a total of 0 changes.

46.5. Executing OPT_MERGE pass (detect identical cells).
Finding identical cells in module `\pipelined_processor'.
<suppressed ~6 debug messages>
Removed a total of 2 cells.

46.6. Executing OPT_DFF pass (perform DFF optimizations).

46.7. Executing OPT_CLEAN pass (remove unused cells and wires).
Finding unused cells or wires in module \pipelined_processor..
Removed 0 unused cells and 7 unused wires.
<suppressed ~1 debug messages>

46.8. Executing OPT_EXPR pass (perform const folding).
Optimizing module pipelined_processor.

46.9. Rerunning OPT passes. (Maybe there is more to do..)

46.10. Executing OPT_MUXTREE pass (detect dead branches in mux trees).
Running muxtree optimizer on module \pipelined_processor..
  Creating internal representation of mux trees.
  Evaluating internal representation of mux trees.
  Analyzing evaluation results.
Removed 0 multiplexer ports.
<suppressed ~118 debug messages>

46.11. Executing OPT_REDUCE pass (consolidate $*mux and $reduce_* inputs).
  Optimizing cells in module \pipelined_processor.
Performed a total of 0 changes.

46.12. Executing OPT_MERGE pass (detect identical cells).
Finding identical cells in module `\pipelined_processor'.
Removed a total of 0 cells.

46.13. Executing OPT_DFF pass (perform DFF optimizations).

46.14. Executing OPT_CLEAN pass (remove unused cells and wires).
Finding unused cells or wires in module \pipelined_processor..

46.15. Executing OPT_EXPR pass (perform const folding).
Optimizing module pipelined_processor.

46.16. Finished OPT passes. (There is nothing left to do.)

47. Executing MEMORY pass.

47.1. Executing OPT_MEM pass (optimize memories).
Performed a total of 0 transformations.

47.2. Executing OPT_MEM_PRIORITY pass (removing unnecessary memory write priority relations).
Performed a total of 233 transformations.

47.3. Executing OPT_MEM_FEEDBACK pass (finding memory read-to-write feedback paths).
  Analyzing pipelined_processor.bht_lut.branchHistoryTable write port 0.
  Analyzing pipelined_processor.bht_lut.branchHistoryTable write port 1.
  Analyzing pipelined_processor.bht_lut.branchHistoryTable write port 2.
  Analyzing pipelined_processor.bht_lut.branchHistoryTable write port 3.
  Analyzing pipelined_processor.bht_lut.branchHistoryTable write port 4.
  Analyzing pipelined_processor.bht_lut.branchHistoryTable write port 5.
  Analyzing pipelined_processor.bht_lut.branchHistoryTable write port 6.
  Analyzing pipelined_processor.bht_lut.branchHistoryTable write port 7.
  Analyzing pipelined_processor.bht_lut.branchHistoryTable write port 8.
  Analyzing pipelined_processor.bht_lut.branchHistoryTable write port 9.
  Analyzing pipelined_processor.bht_lut.branchHistoryTable write port 10.
  Analyzing pipelined_processor.bht_lut.branchHistoryTable write port 11.
  Analyzing pipelined_processor.bht_lut.branchHistoryTable write port 12.
  Analyzing pipelined_processor.bht_lut.branchHistoryTable write port 13.
  Analyzing pipelined_processor.bht_lut.branchHistoryTable write port 14.
  Analyzing pipelined_processor.bht_lut.branchHistoryTable write port 15.
  Analyzing pipelined_processor.bht_lut.branchHistoryTable write port 16.
  Analyzing pipelined_processor.bht_lut.branchHistoryTable write port 17.
  Analyzing pipelined_processor.bht_lut.branchHistoryTable write port 18.
  Analyzing pipelined_processor.bht_lut.branchHistoryTable write port 19.
  Analyzing pipelined_processor.bht_lut.branchHistoryTable write port 20.
  Analyzing pipelined_processor.bht_lut.branchHistoryTable write port 21.
  Analyzing pipelined_processor.bht_lut.branchHistoryTable write port 22.
  Analyzing pipelined_processor.bht_lut.branchHistoryTable write port 23.
  Analyzing pipelined_processor.bht_lut.branchHistoryTable write port 24.
  Analyzing pipelined_processor.bht_lut.branchHistoryTable write port 25.
  Analyzing pipelined_processor.dmem.ram write port 0.
  Analyzing pipelined_processor.instr_mem1.rom write port 0.
  Analyzing pipelined_processor.instr_mem1.rom write port 1.
  Analyzing pipelined_processor.instr_mem1.rom write port 2.
  Analyzing pipelined_processor.instr_mem1.rom write port 3.
  Analyzing pipelined_processor.instr_mem1.rom write port 4.
  Analyzing pipelined_processor.instr_mem1.rom write port 5.
  Analyzing pipelined_processor.instr_mem1.rom write port 6.
  Analyzing pipelined_processor.instr_mem1.rom write port 7.
  Analyzing pipelined_processor.instr_mem1.rom write port 8.
  Analyzing pipelined_processor.instr_mem1.rom write port 9.
  Analyzing pipelined_processor.instr_mem1.rom write port 10.
  Analyzing pipelined_processor.instr_mem1.rom write port 11.
  Analyzing pipelined_processor.instr_mem1.rom write port 12.
  Analyzing pipelined_processor.instr_mem1.rom write port 13.
  Analyzing pipelined_processor.instr_mem1.rom write port 14.
  Analyzing pipelined_processor.instr_mem1.rom write port 15.
  Analyzing pipelined_processor.instr_mem1.rom write port 16.
  Analyzing pipelined_processor.register_file.registerFile write port 0.
  Analyzing pipelined_processor.register_file.registerFile write port 1.
  Analyzing pipelined_processor.register_file.registerFile write port 2.
  Analyzing pipelined_processor.register_file.registerFile write port 3.
  Analyzing pipelined_processor.register_file.registerFile write port 4.
  Analyzing pipelined_processor.register_file.registerFile write port 5.
  Analyzing pipelined_processor.register_file.registerFile write port 6.
  Analyzing pipelined_processor.register_file.registerFile write port 7.
  Analyzing pipelined_processor.register_file.registerFile write port 8.
  Analyzing pipelined_processor.register_file.registerFile write port 9.

47.4. Executing MEMORY_BMUX2ROM pass (converting muxes to ROMs).

47.5. Executing MEMORY_DFF pass (merging $dff cells to $memrd).
Checking read port `\bht_lut.branchHistoryTable'[0] in module `\pipelined_processor': no output FF found.
Checking read port `\bht_lut.branchHistoryTable'[1] in module `\pipelined_processor': no output FF found.
Checking read port `\bht_lut.branchHistoryTable'[2] in module `\pipelined_processor': no output FF found.
Checking read port `\bht_lut.branchHistoryTable'[3] in module `\pipelined_processor': no output FF found.
Checking read port `\bht_lut.branchHistoryTable'[4] in module `\pipelined_processor': no output FF found.
Checking read port `\bht_lut.branchHistoryTable'[5] in module `\pipelined_processor': no output FF found.
Checking read port `\bht_lut.branchHistoryTable'[6] in module `\pipelined_processor': no output FF found.
Checking read port `\bht_lut.branchHistoryTable'[7] in module `\pipelined_processor': no output FF found.
Checking read port `\dmem.ram'[0] in module `\pipelined_processor': merging output FF to cell.
    Write port 0: non-transparent.
Checking read port `\dmem.ram'[1] in module `\pipelined_processor': merging output FF to cell.
    Write port 0: non-transparent.
Checking read port `\instr_mem1.rom'[0] in module `\pipelined_processor': no output FF found.
Checking read port `\register_file.registerFile'[0] in module `\pipelined_processor': no output FF found.
Checking read port `\register_file.registerFile'[1] in module `\pipelined_processor': merging output FF to cell.
    Write port 0: don't care on collision.
    Write port 1: don't care on collision.
    Write port 2: don't care on collision.
    Write port 3: don't care on collision.
    Write port 4: don't care on collision.
    Write port 5: don't care on collision.
    Write port 6: don't care on collision.
    Write port 7: don't care on collision.
    Write port 8: non-transparent.
    Write port 9: don't care on collision.
Checking read port `\register_file.registerFile'[2] in module `\pipelined_processor': merging output FF to cell.
    Write port 0: don't care on collision.
    Write port 1: don't care on collision.
    Write port 2: don't care on collision.
    Write port 3: don't care on collision.
    Write port 4: don't care on collision.
    Write port 5: don't care on collision.
    Write port 6: don't care on collision.
    Write port 7: don't care on collision.
    Write port 8: non-transparent.
    Write port 9: don't care on collision.
Checking read port `\register_file.registerFile'[3] in module `\pipelined_processor': merging output FF to cell.
    Write port 0: don't care on collision.
    Write port 1: don't care on collision.
    Write port 2: don't care on collision.
    Write port 3: don't care on collision.
    Write port 4: don't care on collision.
    Write port 5: don't care on collision.
    Write port 6: don't care on collision.
    Write port 7: don't care on collision.
    Write port 8: non-transparent.
    Write port 9: don't care on collision.
Checking read port `\register_file.registerFile'[4] in module `\pipelined_processor': merging output FF to cell.
    Write port 0: don't care on collision.
    Write port 1: don't care on collision.
    Write port 2: don't care on collision.
    Write port 3: don't care on collision.
    Write port 4: don't care on collision.
    Write port 5: don't care on collision.
    Write port 6: don't care on collision.
    Write port 7: don't care on collision.
    Write port 8: non-transparent.
    Write port 9: don't care on collision.
Checking read port `\register_file.registerFile'[5] in module `\pipelined_processor': merging output FF to cell.
    Write port 0: don't care on collision.
    Write port 1: don't care on collision.
    Write port 2: don't care on collision.
    Write port 3: don't care on collision.
    Write port 4: don't care on collision.
    Write port 5: don't care on collision.
    Write port 6: don't care on collision.
    Write port 7: don't care on collision.
    Write port 8: non-transparent.
    Write port 9: don't care on collision.
Checking read port `\register_file.registerFile'[6] in module `\pipelined_processor': merging output FF to cell.
    Write port 0: don't care on collision.
    Write port 1: don't care on collision.
    Write port 2: don't care on collision.
    Write port 3: don't care on collision.
    Write port 4: don't care on collision.
    Write port 5: don't care on collision.
    Write port 6: don't care on collision.
    Write port 7: don't care on collision.
    Write port 8: non-transparent.
    Write port 9: don't care on collision.
Checking read port `\register_file.registerFile'[7] in module `\pipelined_processor': merging output FF to cell.
    Write port 0: don't care on collision.
    Write port 1: don't care on collision.
    Write port 2: don't care on collision.
    Write port 3: don't care on collision.
    Write port 4: don't care on collision.
    Write port 5: don't care on collision.
    Write port 6: don't care on collision.
    Write port 7: don't care on collision.
    Write port 8: non-transparent.
    Write port 9: don't care on collision.
Checking read port `\register_file.registerFile'[8] in module `\pipelined_processor': merging output FF to cell.
    Write port 0: don't care on collision.
    Write port 1: don't care on collision.
    Write port 2: don't care on collision.
    Write port 3: don't care on collision.
    Write port 4: don't care on collision.
    Write port 5: don't care on collision.
    Write port 6: don't care on collision.
    Write port 7: don't care on collision.
    Write port 8: non-transparent.
    Write port 9: non-transparent.
Checking read port `\register_file.registerFile'[9] in module `\pipelined_processor': merging output FF to cell.
    Write port 0: don't care on collision.
    Write port 1: don't care on collision.
    Write port 2: don't care on collision.
    Write port 3: don't care on collision.
    Write port 4: don't care on collision.
    Write port 5: don't care on collision.
    Write port 6: don't care on collision.
    Write port 7: don't care on collision.
    Write port 8: non-transparent.
    Write port 9: non-transparent.
Checking read port address `\bht_lut.branchHistoryTable'[0] in module `\pipelined_processor': no address FF found.
Checking read port address `\bht_lut.branchHistoryTable'[1] in module `\pipelined_processor': no address FF found.
Checking read port address `\bht_lut.branchHistoryTable'[2] in module `\pipelined_processor': no address FF found.
Checking read port address `\bht_lut.branchHistoryTable'[3] in module `\pipelined_processor': no address FF found.
Checking read port address `\bht_lut.branchHistoryTable'[4] in module `\pipelined_processor': no address FF found.
Checking read port address `\bht_lut.branchHistoryTable'[5] in module `\pipelined_processor': no address FF found.
Checking read port address `\bht_lut.branchHistoryTable'[6] in module `\pipelined_processor': no address FF found.
Checking read port address `\bht_lut.branchHistoryTable'[7] in module `\pipelined_processor': no address FF found.
Checking read port address `\instr_mem1.rom'[0] in module `\pipelined_processor': merged address FF to cell.
Checking read port address `\register_file.registerFile'[0] in module `\pipelined_processor': no address FF found.

47.6. Executing OPT_CLEAN pass (remove unused cells and wires).
Finding unused cells or wires in module \pipelined_processor..
Removed 5 unused cells and 185 unused wires.
<suppressed ~6 debug messages>

47.7. Executing MEMORY_SHARE pass (consolidating $memrd/$memwr cells).
Consolidating read ports of memory pipelined_processor.bht_lut.branchHistoryTable by address:
  Merging ports 0, 1 (address 3'111).
  Merging ports 0, 2 (address 3'110).
  Merging ports 0, 3 (address 3'100).
  Merging ports 0, 4 (address 3'100).
  Merging ports 6, 7 (address 3'001).
Consolidating read ports of memory pipelined_processor.bht_lut.branchHistoryTable by address:
  Merging ports 1, 2 (address 3'010).
Consolidating read ports of memory pipelined_processor.bht_lut.branchHistoryTable by address:
Consolidating write ports of memory pipelined_processor.bht_lut.branchHistoryTable by address:
  Merging ports 0, 1 (address 3'000).
  Merging ports 0, 2 (address 3'000).
  Merging ports 0, 3 (address 3'000).
  Merging ports 0, 4 (address 3'000).
  Merging ports 5, 12 (address 3'101).
  Merging ports 5, 13 (address 3'100).
  Merging ports 5, 14 (address 3'100).
  Merging ports 5, 15 (address 3'100).
  Merging ports 5, 17 (address 3'100).
  Merging ports 6, 7 (address 3'110).
  Merging ports 6, 21 (address 3'110).
  Merging ports 6, 22 (address 3'100).
  Merging ports 6, 23 (address 3'100).
  Merging ports 6, 24 (address 3'100).
  Merging ports 8, 9 (address 3'000).
  Merging ports 8, 10 (address 3'000).
  Merging ports 8, 11 (address 3'000).
  Merging ports 8, 18 (address 3'000).
  Merging ports 8, 19 (address 3'000).
  Merging ports 8, 20 (address 3'000).
  Merging ports 16, 25 (address \bht_lut.pointer).
Consolidating write ports of memory pipelined_processor.bht_lut.branchHistoryTable by address:
  Merging ports 2, 3 (address 3'100).
Consolidating write ports of memory pipelined_processor.bht_lut.branchHistoryTable by address:
Consolidating read ports of memory pipelined_processor.dmem.ram by address:
Consolidating write ports of memory pipelined_processor.instr_mem1.rom by address:
  Merging ports 0, 1 (address 4'0000).
  Merging ports 0, 2 (address 4'0000).
  Merging ports 0, 3 (address 4'0000).
  Merging ports 0, 4 (address 4'0000).
  Merging ports 0, 5 (address 4'0000).
  Merging ports 0, 6 (address 4'0000).
  Merging ports 0, 7 (address 4'0000).
  Merging ports 0, 8 (address 4'0000).
  Merging ports 10, 11 (address 4'1010).
  Merging ports 12, 13 (address 4'1100).
  Merging ports 12, 14 (address 4'1100).
  Merging ports 12, 15 (address 4'1100).
Consolidating write ports of memory pipelined_processor.instr_mem1.rom by address:
  Merging ports 1, 2 (address 4'1001).
  Merging ports 1, 3 (address 4'1000).
Consolidating write ports of memory pipelined_processor.instr_mem1.rom by address:
Consolidating read ports of memory pipelined_processor.register_file.registerFile by address:
  Merging ports 1, 2 (address 3'001).
  Merging ports 1, 3 (address 3'000).
  Merging ports 1, 4 (address 3'000).
  Merging ports 1, 5 (address 3'000).
Consolidating read ports of memory pipelined_processor.register_file.registerFile by address:
Consolidating write ports of memory pipelined_processor.register_file.registerFile by address:
  Merging ports 0, 1 (address 3'000).
  Merging ports 0, 2 (address 3'000).
  Merging ports 0, 3 (address 3'000).
  Merging ports 0, 4 (address 3'000).
  Merging ports 6, 7 (address 3'110).
  Merging ports 6, 9 (address 3'110).
Consolidating write ports of memory pipelined_processor.register_file.registerFile by address:
  Merging ports 1, 2 (address 3'101).
Consolidating write ports of memory pipelined_processor.register_file.registerFile by address:
Consolidating write ports of memory pipelined_processor.bht_lut.branchHistoryTable using sat-based resource sharing:
  Checking group clocked with posedge \clk, width 264: ports 0, 1, 2.
  Common input cone for all EN signals: 97 cells.
  Size of unconstrained SAT problem: 1810 variables, 4553 clauses
  According to SAT solver sharing of port 0 with port 1 is not possible.
  According to SAT solver sharing of port 0 with port 2 is not possible.
  According to SAT solver sharing of port 1 with port 2 is not possible.
Consolidating write ports of memory pipelined_processor.instr_mem1.rom using sat-based resource sharing:
Consolidating write ports of memory pipelined_processor.register_file.registerFile using sat-based resource sharing:

47.8. Executing OPT_MEM_WIDEN pass (optimize memories where all ports are wide).
Performed a total of 0 transformations.

47.9. Executing OPT_CLEAN pass (remove unused cells and wires).
Finding unused cells or wires in module \pipelined_processor..
Removed 6 unused cells and 18 unused wires.
<suppressed ~7 debug messages>

47.10. Executing MEMORY_COLLECT pass (generating $mem cells).

48. Executing OPT_CLEAN pass (remove unused cells and wires).
Finding unused cells or wires in module \pipelined_processor..

49. Executing OPT pass (performing simple optimizations).

49.1. Executing OPT_EXPR pass (perform const folding).
Optimizing module pipelined_processor.
<suppressed ~235 debug messages>

49.2. Executing OPT_MERGE pass (detect identical cells).
Finding identical cells in module `\pipelined_processor'.
<suppressed ~3 debug messages>
Removed a total of 1 cells.

49.3. Executing OPT_DFF pass (perform DFF optimizations).

49.4. Executing OPT_CLEAN pass (remove unused cells and wires).
Finding unused cells or wires in module \pipelined_processor..
Removed 17 unused cells and 142 unused wires.
<suppressed ~20 debug messages>

49.5. Finished fast OPT passes.

50. Executing MEMORY_MAP pass (converting memories to logic and flip-flops).
Mapping memory \bht_lut.branchHistoryTable in module \pipelined_processor:
  created 8 $dff cells and 0 static cells of width 33.
  read interface: 0 $dff and 1 $mux cells.
  write interface: 32 write mux blocks.
Mapping memory \dmem.ram in module \pipelined_processor:
  created 64 $dff cells and 0 static cells of width 16.
Extracted data FF from read port 0 of pipelined_processor.dmem.ram: $\dmem.ram$rdreg[0]
Extracted data FF from read port 1 of pipelined_processor.dmem.ram: $\dmem.ram$rdreg[1]
  read interface: 2 $dff and 126 $mux cells.
  write interface: 64 write mux blocks.
Mapping memory \instr_mem1.rom in module \pipelined_processor:
  created 16 $dff cells and 0 static cells of width 16.
Extracted addr FF from read port 0 of pipelined_processor.instr_mem1.rom: $\instr_mem1.rom$rdreg[0]
  read interface: 1 $dff and 15 $mux cells.
  write interface: 48 write mux blocks.
Mapping memory \register_file.registerFile in module \pipelined_processor:
  created 8 $dff cells and 0 static cells of width 16.
Extracted data FF from read port 1 of pipelined_processor.register_file.registerFile: $\register_file.registerFile$rdreg[1]
Extracted data FF from read port 2 of pipelined_processor.register_file.registerFile: $\register_file.registerFile$rdreg[2]
Extracted data FF from read port 3 of pipelined_processor.register_file.registerFile: $\register_file.registerFile$rdreg[3]
Extracted data FF from read port 4 of pipelined_processor.register_file.registerFile: $\register_file.registerFile$rdreg[4]
Extracted data FF from read port 5 of pipelined_processor.register_file.registerFile: $\register_file.registerFile$rdreg[5]
  read interface: 5 $dff and 35 $mux cells.
  write interface: 24 write mux blocks.

51. Executing OPT pass (performing simple optimizations).

51.1. Executing OPT_EXPR pass (perform const folding).
Optimizing module pipelined_processor.
<suppressed ~252 debug messages>

51.2. Executing OPT_MERGE pass (detect identical cells).
Finding identical cells in module `\pipelined_processor'.
Removed a total of 0 cells.

51.3. Executing OPT_MUXTREE pass (detect dead branches in mux trees).
Running muxtree optimizer on module \pipelined_processor..
  Creating internal representation of mux trees.
  Evaluating internal representation of mux trees.
  Analyzing evaluation results.
Removed 0 multiplexer ports.
<suppressed ~164 debug messages>

51.4. Executing OPT_REDUCE pass (consolidate $*mux and $reduce_* inputs).
  Optimizing cells in module \pipelined_processor.
    Consolidated identical input bits for $mux cell $memory\bht_lut.branchHistoryTable$wrmux[7][1][0]$5720:
      Old ports: A=$memory\bht_lut.branchHistoryTable$wrmux[7][0][0]$y$5717, B={ $auto$memory_share.cc:166:consolidate_rd_by_addr$5495 [65:34] 1'1 }, Y=$memory\bht_lut.branchHistoryTable$wrmux[7][1][0]$y$5721
      New ports: A=\bht_lut.branchHistoryTable[7] [0], B=1'1, Y=$memory\bht_lut.branchHistoryTable$wrmux[7][1][0]$y$5721 [0]
      New connections: $memory\bht_lut.branchHistoryTable$wrmux[7][1][0]$y$5721 [32:1] = \bht_lut.branchHistoryTable[7] [32:1]
    Consolidated identical input bits for $mux cell $memory\bht_lut.branchHistoryTable$wrmux[6][1][0]$5700:
      Old ports: A=$memory\bht_lut.branchHistoryTable$wrmux[6][0][0]$y$5697, B={ $auto$memory_share.cc:166:consolidate_rd_by_addr$5495 [32:1] 1'1 }, Y=$memory\bht_lut.branchHistoryTable$wrmux[6][1][0]$y$5701
      New ports: A=\bht_lut.branchHistoryTable[6] [0], B=1'1, Y=$memory\bht_lut.branchHistoryTable$wrmux[6][1][0]$y$5701 [0]
      New connections: $memory\bht_lut.branchHistoryTable$wrmux[6][1][0]$y$5701 [32:1] = \bht_lut.branchHistoryTable[6] [32:1]
    Consolidated identical input bits for $mux cell $auto$memory_share.cc:273:consolidate_wr_by_addr$5501:
      Old ports: A=33'111111111111111111111111111111111, B={ $auto$memory_share.cc:166:consolidate_rd_by_addr$5496 [65:34] 1'1 }, Y=$auto$rtlil.cc:2496:Mux$5502
      New ports: A=32'11111111111111111111111111111111, B=\bht_lut.branchHistoryTable[5] [32:1], Y=$auto$rtlil.cc:2496:Mux$5502 [32:1]
      New connections: $auto$rtlil.cc:2496:Mux$5502 [0] = 1'1
    Consolidated identical input bits for $mux cell $auto$memory_share.cc:273:consolidate_wr_by_addr$5513:
      Old ports: A={ $auto$memory_share.cc:166:consolidate_rd_by_addr$5499 [65:34] 1'1 }, B={ $auto$memory_share.cc:166:consolidate_rd_by_addr$5499 [65:34] 1'0 }, Y=$auto$rtlil.cc:2496:Mux$5514
      New ports: A=1'1, B=1'0, Y=$auto$rtlil.cc:2496:Mux$5514 [0]
      New connections: $auto$rtlil.cc:2496:Mux$5514 [32:1] = \bht_lut.branchHistoryTable[1] [32:1]
    Consolidated identical input bits for $mux cell $auto$memory_share.cc:273:consolidate_wr_by_addr$5517:
      Old ports: A={ $auto$memory_share.cc:166:consolidate_rd_by_addr$5500 [98:67] 1'1 }, B={ $auto$memory_share.cc:166:consolidate_rd_by_addr$5500 [98:67] 1'0 }, Y=$auto$rtlil.cc:2496:Mux$5518
      New ports: A=1'1, B=1'0, Y=$auto$rtlil.cc:2496:Mux$5518 [0]
      New connections: $auto$rtlil.cc:2496:Mux$5518 [32:1] = \bht_lut.branchHistoryTable[2] [32:1]
    Consolidated identical input bits for $mux cell $auto$memory_share.cc:273:consolidate_wr_by_addr$5521:
      Old ports: A={ $auto$memory_share.cc:166:consolidate_rd_by_addr$5498 [131:100] 1'1 }, B={ $auto$memory_share.cc:166:consolidate_rd_by_addr$5498 [131:100] 1'0 }, Y=$auto$rtlil.cc:2496:Mux$5522
      New ports: A=1'1, B=1'0, Y=$auto$rtlil.cc:2496:Mux$5522 [0]
      New connections: $auto$rtlil.cc:2496:Mux$5522 [32:1] = \bht_lut.branchHistoryTable[3] [32:1]
    Consolidated identical input bits for $mux cell $auto$memory_share.cc:273:consolidate_wr_by_addr$5525:
      Old ports: A={ \rr_ex_pipe_reg.pc_out \bht_lut.bta_from_ex 1'1 }, B={ \if_id_pipe_reg.PC_Out \bht_lut.bta_from_id 1'1 }, Y=$auto$rtlil.cc:2496:Mux$5526
      New ports: A={ \rr_ex_pipe_reg.pc_out \bht_lut.bta_from_ex }, B={ \if_id_pipe_reg.PC_Out \bht_lut.bta_from_id }, Y=$auto$rtlil.cc:2496:Mux$5526 [32:1]
      New connections: $auto$rtlil.cc:2496:Mux$5526 [0] = 1'1
    Consolidated identical input bits for $mux cell $flatten\alu_control.$procmux$1289:
      Old ports: A=2'10, B=2'00, Y=$flatten\alu_control.$5\alu_operation_out[1:0]
      New ports: A=1'1, B=1'0, Y=$flatten\alu_control.$5\alu_operation_out[1:0] [1]
      New connections: $flatten\alu_control.$5\alu_operation_out[1:0] [0] = 1'0
    Consolidated identical input bits for $mux cell $flatten\alu_control.$procmux$1371:
      Old ports: A=2'10, B=2'00, Y=$flatten\alu_control.$3\alu_operation_out[1:0]
      New ports: A=1'1, B=1'0, Y=$flatten\alu_control.$3\alu_operation_out[1:0] [1]
      New connections: $flatten\alu_control.$3\alu_operation_out[1:0] [0] = 1'0
    New ctrl vector for $pmux cell $flatten\alu_control.$procmux$1440: { $flatten\alu_control.$procmux$1364_CMP $flatten\alu_control.$procmux$1182_CMP $auto$opt_reduce.cc:134:opt_pmux$5104 }
    Consolidated identical input bits for $mux cell $flatten\branch_jump_decider.$procmux$995:
      Old ports: A=2'00, B=2'10, Y=$flatten\branch_jump_decider.$2\pc_select[1:0]
      New ports: A=1'0, B=1'1, Y=$flatten\branch_jump_decider.$2\pc_select[1:0] [1]
      New connections: $flatten\branch_jump_decider.$2\pc_select[1:0] [0] = 1'0
    Consolidated identical input bits for $mux cell $flatten\forwardlogic.$procmux$1039:
      Old ports: A=2'00, B=2'11, Y=$flatten\forwardlogic.$3\rs2_frwd_control[1:0]
      New ports: A=1'0, B=1'1, Y=$flatten\forwardlogic.$3\rs2_frwd_control[1:0] [0]
      New connections: $flatten\forwardlogic.$3\rs2_frwd_control[1:0] [1] = $flatten\forwardlogic.$3\rs2_frwd_control[1:0] [0]
    Consolidated identical input bits for $mux cell $flatten\forwardlogic.$procmux$1057:
      Old ports: A=2'00, B=2'11, Y=$flatten\forwardlogic.$3\rs1_frwd_control[1:0]
      New ports: A=1'0, B=1'1, Y=$flatten\forwardlogic.$3\rs1_frwd_control[1:0] [0]
      New connections: $flatten\forwardlogic.$3\rs1_frwd_control[1:0] [1] = $flatten\forwardlogic.$3\rs1_frwd_control[1:0] [0]
    Consolidated identical input bits for $mux cell $flatten\id_controller.$procmux$4790:
      Old ports: A=2'00, B=2'10, Y=$flatten\id_controller.$2\EXE_ALU_Src[1:0]
      New ports: A=1'0, B=1'1, Y=$flatten\id_controller.$2\EXE_ALU_Src[1:0] [1]
      New connections: $flatten\id_controller.$2\EXE_ALU_Src[1:0] [0] = 1'0
    Consolidated identical input bits for $mux cell $procmux$1555:
      Old ports: A=5'11111, B=5'00011, Y=$2\hazard_signal[4:0]
      New ports: A=1'1, B=1'0, Y=$2\hazard_signal[4:0] [2]
      New connections: { $2\hazard_signal[4:0] [4:3] $2\hazard_signal[4:0] [1:0] } = { $2\hazard_signal[4:0] [2] $2\hazard_signal[4:0] [2] 2'11 }
    Consolidated identical input bits for $mux cell $procmux$1583:
      Old ports: A=2'00, B=2'10, Y=$5\pc_control_from_ex[1:0]
      New ports: A=1'0, B=1'1, Y=$5\pc_control_from_ex[1:0] [1]
      New connections: $5\pc_control_from_ex[1:0] [0] = 1'0
    Consolidated identical input bits for $mux cell $procmux$1644:
      Old ports: A=2'00, B=2'10, Y=$3\pc_control_from_ex[1:0]
      New ports: A=1'0, B=1'1, Y=$3\pc_control_from_ex[1:0] [1]
      New connections: $3\pc_control_from_ex[1:0] [0] = 1'0
  Optimizing cells in module \pipelined_processor.
    Consolidated identical input bits for $mux cell $flatten\alu_control.$procmux$1333:
      Old ports: A=2'10, B=$flatten\alu_control.$5\alu_operation_out[1:0], Y=$flatten\alu_control.$4\alu_operation_out[1:0]
      New ports: A=1'1, B=$flatten\alu_control.$5\alu_operation_out[1:0] [1], Y=$flatten\alu_control.$4\alu_operation_out[1:0] [1]
      New connections: $flatten\alu_control.$4\alu_operation_out[1:0] [0] = 1'0
    Consolidated identical input bits for $mux cell $procmux$1561:
      Old ports: A=$2\hazard_signal[4:0], B=5'11111, Y=\hazard_signal
      New ports: A=$2\hazard_signal[4:0] [2], B=1'1, Y=\hazard_signal [2]
      New connections: { \hazard_signal [4:3] \hazard_signal [1:0] } = { \hazard_signal [2] \hazard_signal [2] 2'11 }
    Consolidated identical input bits for $mux cell $procmux$1616:
      Old ports: A=$5\pc_control_from_ex[1:0], B=2'10, Y=$4\pc_control_from_ex[1:0]
      New ports: A=$5\pc_control_from_ex[1:0] [1], B=1'1, Y=$4\pc_control_from_ex[1:0] [1]
      New connections: $4\pc_control_from_ex[1:0] [0] = 1'0
    Consolidated identical input bits for $mux cell $procmux$1677:
      Old ports: A=$3\pc_control_from_ex[1:0], B=2'10, Y=$2\pc_control_from_ex[1:0]
      New ports: A=$3\pc_control_from_ex[1:0] [1], B=1'1, Y=$2\pc_control_from_ex[1:0] [1]
      New connections: $2\pc_control_from_ex[1:0] [0] = 1'0
  Optimizing cells in module \pipelined_processor.
    Consolidated identical input bits for $mux cell $procmux$1697:
      Old ports: A=$4\pc_control_from_ex[1:0], B=$2\pc_control_from_ex[1:0], Y=\branch_jump_decider.pc_control_from_ex
      New ports: A=$4\pc_control_from_ex[1:0] [1], B=$2\pc_control_from_ex[1:0] [1], Y=\branch_jump_decider.pc_control_from_ex [1]
      New connections: \branch_jump_decider.pc_control_from_ex [0] = 1'0
  Optimizing cells in module \pipelined_processor.
Performed a total of 22 changes.

51.5. Executing OPT_MERGE pass (detect identical cells).
Finding identical cells in module `\pipelined_processor'.
<suppressed ~6 debug messages>
Removed a total of 2 cells.

51.6. Executing OPT_SHARE pass.

51.7. Executing OPT_DFF pass (perform DFF optimizations).
Adding SRST signal on $\instr_mem1.rom$rdreg[0] ($dff) from module pipelined_processor (D = $auto$rtlil.cc:2496:Mux$5491, Q = $\instr_mem1.rom$rdreg[0]$q, rval = 4'0000).

51.8. Executing OPT_CLEAN pass (remove unused cells and wires).
Finding unused cells or wires in module \pipelined_processor..
Removed 27 unused cells and 548 unused wires.
<suppressed ~28 debug messages>

51.9. Executing OPT_EXPR pass (perform const folding).
Optimizing module pipelined_processor.
<suppressed ~27 debug messages>

51.10. Rerunning OPT passes. (Maybe there is more to do..)

51.11. Executing OPT_MUXTREE pass (detect dead branches in mux trees).
Running muxtree optimizer on module \pipelined_processor..
  Creating internal representation of mux trees.
  Evaluating internal representation of mux trees.
  Analyzing evaluation results.
Removed 0 multiplexer ports.
<suppressed ~162 debug messages>

51.12. Executing OPT_REDUCE pass (consolidate $*mux and $reduce_* inputs).
  Optimizing cells in module \pipelined_processor.
Performed a total of 0 changes.

51.13. Executing OPT_MERGE pass (detect identical cells).
Finding identical cells in module `\pipelined_processor'.
<suppressed ~12 debug messages>
Removed a total of 4 cells.

51.14. Executing OPT_SHARE pass.

51.15. Executing OPT_DFF pass (perform DFF optimizations).
Adding EN signal on $memory\register_file.registerFile[7]$7045 ($dff) from module pipelined_processor (D = $memory\register_file.registerFile$wrmux[7][2][0]$y$7407, Q = \register_file.registerFile[7]).
Adding EN signal on $memory\register_file.registerFile[6]$7043 ($dff) from module pipelined_processor (D = $memory\register_file.registerFile$wrmux[6][2][0]$y$7393, Q = \register_file.registerFile[6]).
Adding EN signal on $memory\register_file.registerFile[5]$7041 ($dff) from module pipelined_processor (D = $memory\register_file.registerFile$wrmux[5][2][0]$y$7377, Q = \register_file.registerFile[5]).
Adding EN signal on $memory\register_file.registerFile[4]$7039 ($dff) from module pipelined_processor (D = $memory\register_file.registerFile$wrmux[4][2][0]$y$7363, Q = \register_file.registerFile[4]).
Adding EN signal on $memory\register_file.registerFile[3]$7037 ($dff) from module pipelined_processor (D = $memory\register_file.registerFile$wrmux[3][2][0]$y$7345, Q = \register_file.registerFile[3]).
Adding EN signal on $memory\register_file.registerFile[2]$7035 ($dff) from module pipelined_processor (D = $memory\register_file.registerFile$wrmux[2][2][0]$y$7331, Q = \register_file.registerFile[2]).
Adding EN signal on $memory\register_file.registerFile[1]$7033 ($dff) from module pipelined_processor (D = $memory\register_file.registerFile$wrmux[1][2][0]$y$7313, Q = \register_file.registerFile[1]).
Adding EN signal on $memory\register_file.registerFile[0]$7031 ($dff) from module pipelined_processor (D = $memory\register_file.registerFile$wrmux[0][2][0]$y$7297, Q = \register_file.registerFile[0]).
Adding EN signal on $memory\instr_mem1.rom[9]$6712 ($dff) from module pipelined_processor (D = $memory\instr_mem1.rom$wrmux[9][2][0]$y$6944, Q = \instr_mem1.rom[9]).
Adding EN signal on $memory\instr_mem1.rom[8]$6710 ($dff) from module pipelined_processor (D = $memory\instr_mem1.rom$wrmux[8][2][0]$y$6930, Q = \instr_mem1.rom[8]).
Adding EN signal on $memory\instr_mem1.rom[7]$6708 ($dff) from module pipelined_processor (D = $memory\instr_mem1.rom$wrmux[7][2][0]$y$6910, Q = \instr_mem1.rom[7]).
Adding EN signal on $memory\instr_mem1.rom[6]$6706 ($dff) from module pipelined_processor (D = $memory\instr_mem1.rom$wrmux[6][2][0]$y$6896, Q = \instr_mem1.rom[6]).
Adding EN signal on $memory\instr_mem1.rom[5]$6704 ($dff) from module pipelined_processor (D = $memory\instr_mem1.rom$wrmux[5][2][0]$y$6882, Q = \instr_mem1.rom[5]).
Adding EN signal on $memory\instr_mem1.rom[4]$6702 ($dff) from module pipelined_processor (D = $memory\instr_mem1.rom$wrmux[4][2][0]$y$6868, Q = \instr_mem1.rom[4]).
Adding EN signal on $memory\instr_mem1.rom[3]$6700 ($dff) from module pipelined_processor (D = $memory\instr_mem1.rom$wrmux[3][2][0]$y$6850, Q = \instr_mem1.rom[3]).
Adding EN signal on $memory\instr_mem1.rom[2]$6698 ($dff) from module pipelined_processor (D = $memory\instr_mem1.rom$wrmux[2][2][0]$y$6834, Q = \instr_mem1.rom[2]).
Adding EN signal on $memory\instr_mem1.rom[1]$6696 ($dff) from module pipelined_processor (D = $memory\instr_mem1.rom$wrmux[1][2][0]$y$6816, Q = \instr_mem1.rom[1]).
Adding EN signal on $memory\instr_mem1.rom[15]$6724 ($dff) from module pipelined_processor (D = $memory\instr_mem1.rom$wrmux[15][2][0]$y$7030, Q = \instr_mem1.rom[15]).
Adding EN signal on $memory\instr_mem1.rom[14]$6722 ($dff) from module pipelined_processor (D = $memory\instr_mem1.rom$wrmux[14][2][0]$y$7016, Q = \instr_mem1.rom[14]).
Adding EN signal on $memory\instr_mem1.rom[13]$6720 ($dff) from module pipelined_processor (D = $memory\instr_mem1.rom$wrmux[13][2][0]$y$7002, Q = \instr_mem1.rom[13]).
Adding EN signal on $memory\instr_mem1.rom[12]$6718 ($dff) from module pipelined_processor (D = $memory\instr_mem1.rom$wrmux[12][2][0]$y$6988, Q = \instr_mem1.rom[12]).
Adding EN signal on $memory\instr_mem1.rom[11]$6716 ($dff) from module pipelined_processor (D = $memory\instr_mem1.rom$wrmux[11][2][0]$y$6972, Q = \instr_mem1.rom[11]).
Adding EN signal on $memory\instr_mem1.rom[10]$6714 ($dff) from module pipelined_processor (D = $memory\instr_mem1.rom$wrmux[10][2][0]$y$6958, Q = \instr_mem1.rom[10]).
Adding EN signal on $memory\instr_mem1.rom[0]$6694 ($dff) from module pipelined_processor (D = $memory\instr_mem1.rom$wrmux[0][2][0]$y$6798, Q = \instr_mem1.rom[0]).
Adding EN signal on $memory\dmem.ram[9]$5750 ($dff) from module pipelined_processor (D = \dmem.mem_write_data, Q = \dmem.ram[9]).
Adding EN signal on $memory\dmem.ram[8]$5748 ($dff) from module pipelined_processor (D = \dmem.mem_write_data, Q = \dmem.ram[8]).
Adding EN signal on $memory\dmem.ram[7]$5746 ($dff) from module pipelined_processor (D = \dmem.mem_write_data, Q = \dmem.ram[7]).
Adding EN signal on $memory\dmem.ram[6]$5744 ($dff) from module pipelined_processor (D = \dmem.mem_write_data, Q = \dmem.ram[6]).
Adding EN signal on $memory\dmem.ram[63]$5858 ($dff) from module pipelined_processor (D = \dmem.mem_write_data, Q = \dmem.ram[63]).
Adding EN signal on $memory\dmem.ram[62]$5856 ($dff) from module pipelined_processor (D = \dmem.mem_write_data, Q = \dmem.ram[62]).
Adding EN signal on $memory\dmem.ram[61]$5854 ($dff) from module pipelined_processor (D = \dmem.mem_write_data, Q = \dmem.ram[61]).
Adding EN signal on $memory\dmem.ram[60]$5852 ($dff) from module pipelined_processor (D = \dmem.mem_write_data, Q = \dmem.ram[60]).
Adding EN signal on $memory\dmem.ram[5]$5742 ($dff) from module pipelined_processor (D = \dmem.mem_write_data, Q = \dmem.ram[5]).
Adding EN signal on $memory\dmem.ram[59]$5850 ($dff) from module pipelined_processor (D = \dmem.mem_write_data, Q = \dmem.ram[59]).
Adding EN signal on $memory\dmem.ram[58]$5848 ($dff) from module pipelined_processor (D = \dmem.mem_write_data, Q = \dmem.ram[58]).
Adding EN signal on $memory\dmem.ram[57]$5846 ($dff) from module pipelined_processor (D = \dmem.mem_write_data, Q = \dmem.ram[57]).
Adding EN signal on $memory\dmem.ram[56]$5844 ($dff) from module pipelined_processor (D = \dmem.mem_write_data, Q = \dmem.ram[56]).
Adding EN signal on $memory\dmem.ram[55]$5842 ($dff) from module pipelined_processor (D = \dmem.mem_write_data, Q = \dmem.ram[55]).
Adding EN signal on $memory\dmem.ram[54]$5840 ($dff) from module pipelined_processor (D = \dmem.mem_write_data, Q = \dmem.ram[54]).
Adding EN signal on $memory\dmem.ram[53]$5838 ($dff) from module pipelined_processor (D = \dmem.mem_write_data, Q = \dmem.ram[53]).
Adding EN signal on $memory\dmem.ram[52]$5836 ($dff) from module pipelined_processor (D = \dmem.mem_write_data, Q = \dmem.ram[52]).
Adding EN signal on $memory\dmem.ram[51]$5834 ($dff) from module pipelined_processor (D = \dmem.mem_write_data, Q = \dmem.ram[51]).
Adding EN signal on $memory\dmem.ram[50]$5832 ($dff) from module pipelined_processor (D = \dmem.mem_write_data, Q = \dmem.ram[50]).
Adding EN signal on $memory\dmem.ram[4]$5740 ($dff) from module pipelined_processor (D = \dmem.mem_write_data, Q = \dmem.ram[4]).
Adding EN signal on $memory\dmem.ram[49]$5830 ($dff) from module pipelined_processor (D = \dmem.mem_write_data, Q = \dmem.ram[49]).
Adding EN signal on $memory\dmem.ram[48]$5828 ($dff) from module pipelined_processor (D = \dmem.mem_write_data, Q = \dmem.ram[48]).
Adding EN signal on $memory\dmem.ram[47]$5826 ($dff) from module pipelined_processor (D = \dmem.mem_write_data, Q = \dmem.ram[47]).
Adding EN signal on $memory\dmem.ram[46]$5824 ($dff) from module pipelined_processor (D = \dmem.mem_write_data, Q = \dmem.ram[46]).
Adding EN signal on $memory\dmem.ram[45]$5822 ($dff) from module pipelined_processor (D = \dmem.mem_write_data, Q = \dmem.ram[45]).
Adding EN signal on $memory\dmem.ram[44]$5820 ($dff) from module pipelined_processor (D = \dmem.mem_write_data, Q = \dmem.ram[44]).
Adding EN signal on $memory\dmem.ram[43]$5818 ($dff) from module pipelined_processor (D = \dmem.mem_write_data, Q = \dmem.ram[43]).
Adding EN signal on $memory\dmem.ram[42]$5816 ($dff) from module pipelined_processor (D = \dmem.mem_write_data, Q = \dmem.ram[42]).
Adding EN signal on $memory\dmem.ram[41]$5814 ($dff) from module pipelined_processor (D = \dmem.mem_write_data, Q = \dmem.ram[41]).
Adding EN signal on $memory\dmem.ram[40]$5812 ($dff) from module pipelined_processor (D = \dmem.mem_write_data, Q = \dmem.ram[40]).
Adding EN signal on $memory\dmem.ram[3]$5738 ($dff) from module pipelined_processor (D = \dmem.mem_write_data, Q = \dmem.ram[3]).
Adding EN signal on $memory\dmem.ram[39]$5810 ($dff) from module pipelined_processor (D = \dmem.mem_write_data, Q = \dmem.ram[39]).
Adding EN signal on $memory\dmem.ram[38]$5808 ($dff) from module pipelined_processor (D = \dmem.mem_write_data, Q = \dmem.ram[38]).
Adding EN signal on $memory\dmem.ram[37]$5806 ($dff) from module pipelined_processor (D = \dmem.mem_write_data, Q = \dmem.ram[37]).
Adding EN signal on $memory\dmem.ram[36]$5804 ($dff) from module pipelined_processor (D = \dmem.mem_write_data, Q = \dmem.ram[36]).
Adding EN signal on $memory\dmem.ram[35]$5802 ($dff) from module pipelined_processor (D = \dmem.mem_write_data, Q = \dmem.ram[35]).
Adding EN signal on $memory\dmem.ram[34]$5800 ($dff) from module pipelined_processor (D = \dmem.mem_write_data, Q = \dmem.ram[34]).
Adding EN signal on $memory\dmem.ram[33]$5798 ($dff) from module pipelined_processor (D = \dmem.mem_write_data, Q = \dmem.ram[33]).
Adding EN signal on $memory\dmem.ram[32]$5796 ($dff) from module pipelined_processor (D = \dmem.mem_write_data, Q = \dmem.ram[32]).
Adding EN signal on $memory\dmem.ram[31]$5794 ($dff) from module pipelined_processor (D = \dmem.mem_write_data, Q = \dmem.ram[31]).
Adding EN signal on $memory\dmem.ram[30]$5792 ($dff) from module pipelined_processor (D = \dmem.mem_write_data, Q = \dmem.ram[30]).
Adding EN signal on $memory\dmem.ram[2]$5736 ($dff) from module pipelined_processor (D = \dmem.mem_write_data, Q = \dmem.ram[2]).
Adding EN signal on $memory\dmem.ram[29]$5790 ($dff) from module pipelined_processor (D = \dmem.mem_write_data, Q = \dmem.ram[29]).
Adding EN signal on $memory\dmem.ram[28]$5788 ($dff) from module pipelined_processor (D = \dmem.mem_write_data, Q = \dmem.ram[28]).
Adding EN signal on $memory\dmem.ram[27]$5786 ($dff) from module pipelined_processor (D = \dmem.mem_write_data, Q = \dmem.ram[27]).
Adding EN signal on $memory\dmem.ram[26]$5784 ($dff) from module pipelined_processor (D = \dmem.mem_write_data, Q = \dmem.ram[26]).
Adding EN signal on $memory\dmem.ram[25]$5782 ($dff) from module pipelined_processor (D = \dmem.mem_write_data, Q = \dmem.ram[25]).
Adding EN signal on $memory\dmem.ram[24]$5780 ($dff) from module pipelined_processor (D = \dmem.mem_write_data, Q = \dmem.ram[24]).
Adding EN signal on $memory\dmem.ram[23]$5778 ($dff) from module pipelined_processor (D = \dmem.mem_write_data, Q = \dmem.ram[23]).
Adding EN signal on $memory\dmem.ram[22]$5776 ($dff) from module pipelined_processor (D = \dmem.mem_write_data, Q = \dmem.ram[22]).
Adding EN signal on $memory\dmem.ram[21]$5774 ($dff) from module pipelined_processor (D = \dmem.mem_write_data, Q = \dmem.ram[21]).
Adding EN signal on $memory\dmem.ram[20]$5772 ($dff) from module pipelined_processor (D = \dmem.mem_write_data, Q = \dmem.ram[20]).
Adding EN signal on $memory\dmem.ram[1]$5734 ($dff) from module pipelined_processor (D = \dmem.mem_write_data, Q = \dmem.ram[1]).
Adding EN signal on $memory\dmem.ram[19]$5770 ($dff) from module pipelined_processor (D = \dmem.mem_write_data, Q = \dmem.ram[19]).
Adding EN signal on $memory\dmem.ram[18]$5768 ($dff) from module pipelined_processor (D = \dmem.mem_write_data, Q = \dmem.ram[18]).
Adding EN signal on $memory\dmem.ram[17]$5766 ($dff) from module pipelined_processor (D = \dmem.mem_write_data, Q = \dmem.ram[17]).
Adding EN signal on $memory\dmem.ram[16]$5764 ($dff) from module pipelined_processor (D = \dmem.mem_write_data, Q = \dmem.ram[16]).
Adding EN signal on $memory\dmem.ram[15]$5762 ($dff) from module pipelined_processor (D = \dmem.mem_write_data, Q = \dmem.ram[15]).
Adding EN signal on $memory\dmem.ram[14]$5760 ($dff) from module pipelined_processor (D = \dmem.mem_write_data, Q = \dmem.ram[14]).
Adding EN signal on $memory\dmem.ram[13]$5758 ($dff) from module pipelined_processor (D = \dmem.mem_write_data, Q = \dmem.ram[13]).
Adding EN signal on $memory\dmem.ram[12]$5756 ($dff) from module pipelined_processor (D = \dmem.mem_write_data, Q = \dmem.ram[12]).
Adding EN signal on $memory\dmem.ram[11]$5754 ($dff) from module pipelined_processor (D = \dmem.mem_write_data, Q = \dmem.ram[11]).
Adding EN signal on $memory\dmem.ram[10]$5752 ($dff) from module pipelined_processor (D = \dmem.mem_write_data, Q = \dmem.ram[10]).
Adding EN signal on $memory\dmem.ram[0]$5732 ($dff) from module pipelined_processor (D = \dmem.mem_write_data, Q = \dmem.ram[0]).
Adding SRST signal on $memory\bht_lut.branchHistoryTable[7]$5561 ($dff) from module pipelined_processor (D = $memory\bht_lut.branchHistoryTable$wrmux[7][2][0]$y$5725 [0], Q = \bht_lut.branchHistoryTable[7] [0], rval = 1'1).
Adding EN signal on $memory\bht_lut.branchHistoryTable[7]$5561 ($dff) from module pipelined_processor (D = $memory\bht_lut.branchHistoryTable$wrmux[7][3][0]$y$5731 [32:1], Q = \bht_lut.branchHistoryTable[7] [32:1]).
Adding SRST signal on $memory\bht_lut.branchHistoryTable[6]$5559 ($dff) from module pipelined_processor (D = $memory\bht_lut.branchHistoryTable$wrmux[6][2][0]$y$5705 [0], Q = \bht_lut.branchHistoryTable[6] [0], rval = 1'1).
Adding EN signal on $memory\bht_lut.branchHistoryTable[6]$5559 ($dff) from module pipelined_processor (D = $memory\bht_lut.branchHistoryTable$wrmux[6][3][0]$y$5713 [32:1], Q = \bht_lut.branchHistoryTable[6] [32:1]).
Adding SRST signal on $memory\bht_lut.branchHistoryTable[5]$5557 ($dff) from module pipelined_processor (D = $memory\bht_lut.branchHistoryTable$wrmux[5][2][0]$y$5687 [0], Q = \bht_lut.branchHistoryTable[5] [0], rval = 1'1).
Adding EN signal on $memory\bht_lut.branchHistoryTable[5]$5557 ($dff) from module pipelined_processor (D = $memory\bht_lut.branchHistoryTable$wrmux[5][3][0]$y$5693 [32:1], Q = \bht_lut.branchHistoryTable[5] [32:1]).
Adding EN signal on $auto$ff.cc:266:slice$7563 ($sdff) from module pipelined_processor (D = $memory\bht_lut.branchHistoryTable$wrmux[5][2][0]$y$5687 [0], Q = \bht_lut.branchHistoryTable[5] [0]).
Adding SRST signal on $memory\bht_lut.branchHistoryTable[4]$5555 ($dff) from module pipelined_processor (D = $memory\bht_lut.branchHistoryTable$wrmux[4][2][0]$y$5665 [0], Q = \bht_lut.branchHistoryTable[4] [0], rval = 1'1).
Adding EN signal on $memory\bht_lut.branchHistoryTable[4]$5555 ($dff) from module pipelined_processor (D = $memory\bht_lut.branchHistoryTable$wrmux[4][3][0]$y$5675 [32:1], Q = \bht_lut.branchHistoryTable[4] [32:1]).
Adding EN signal on $auto$ff.cc:266:slice$7577 ($sdff) from module pipelined_processor (D = $memory\bht_lut.branchHistoryTable$wrmux[4][2][0]$y$5665 [0], Q = \bht_lut.branchHistoryTable[4] [0]).
Adding SRST signal on $memory\bht_lut.branchHistoryTable[3]$5553 ($dff) from module pipelined_processor (D = $memory\bht_lut.branchHistoryTable$wrmux[3][2][0]$y$5647 [0], Q = \bht_lut.branchHistoryTable[3] [0], rval = 1'1).
Adding EN signal on $memory\bht_lut.branchHistoryTable[3]$5553 ($dff) from module pipelined_processor (D = $memory\bht_lut.branchHistoryTable$wrmux[3][3][0]$y$5653 [32:1], Q = \bht_lut.branchHistoryTable[3] [32:1]).
Adding EN signal on $auto$ff.cc:266:slice$7591 ($sdff) from module pipelined_processor (D = $memory\bht_lut.branchHistoryTable$wrmux[3][2][0]$y$5647 [0], Q = \bht_lut.branchHistoryTable[3] [0]).
Adding SRST signal on $memory\bht_lut.branchHistoryTable[2]$5551 ($dff) from module pipelined_processor (D = $memory\bht_lut.branchHistoryTable$wrmux[2][2][0]$y$5625 [0], Q = \bht_lut.branchHistoryTable[2] [0], rval = 1'1).
Adding EN signal on $memory\bht_lut.branchHistoryTable[2]$5551 ($dff) from module pipelined_processor (D = $memory\bht_lut.branchHistoryTable$wrmux[2][3][0]$y$5635 [32:1], Q = \bht_lut.branchHistoryTable[2] [32:1]).
Adding EN signal on $auto$ff.cc:266:slice$7603 ($sdff) from module pipelined_processor (D = $memory\bht_lut.branchHistoryTable$wrmux[2][2][0]$y$5625 [0], Q = \bht_lut.branchHistoryTable[2] [0]).
Adding SRST signal on $memory\bht_lut.branchHistoryTable[1]$5549 ($dff) from module pipelined_processor (D = $memory\bht_lut.branchHistoryTable$wrmux[1][2][0]$y$5605 [0], Q = \bht_lut.branchHistoryTable[1] [0], rval = 1'1).
Adding EN signal on $memory\bht_lut.branchHistoryTable[1]$5549 ($dff) from module pipelined_processor (D = $memory\bht_lut.branchHistoryTable$wrmux[1][3][0]$y$5613 [32:1], Q = \bht_lut.branchHistoryTable[1] [32:1]).
Adding EN signal on $auto$ff.cc:266:slice$7615 ($sdff) from module pipelined_processor (D = $memory\bht_lut.branchHistoryTable$wrmux[1][2][0]$y$5605 [0], Q = \bht_lut.branchHistoryTable[1] [0]).
Adding SRST signal on $memory\bht_lut.branchHistoryTable[0]$5547 ($dff) from module pipelined_processor (D = $memory\bht_lut.branchHistoryTable$wrmux[0][1][0]$y$5575 [0], Q = \bht_lut.branchHistoryTable[0] [0], rval = 1'1).
Adding EN signal on $memory\bht_lut.branchHistoryTable[0]$5547 ($dff) from module pipelined_processor (D = $memory\bht_lut.branchHistoryTable$wrmux[0][3][0]$y$5593 [32:1], Q = \bht_lut.branchHistoryTable[0] [32:1]).
Adding EN signal on $auto$ff.cc:266:slice$7627 ($sdff) from module pipelined_processor (D = $memory\bht_lut.branchHistoryTable$wrmux[0][1][0]$y$5575 [0], Q = \bht_lut.branchHistoryTable[0] [0]).
Removing always-active EN on $auto$ff.cc:266:slice$5156 ($sdffe) from module pipelined_processor.
Removing always-active EN on $auto$ff.cc:266:slice$5154 ($sdffe) from module pipelined_processor.
Removing always-active EN on $auto$ff.cc:266:slice$5152 ($sdffe) from module pipelined_processor.

51.16. Executing OPT_CLEAN pass (remove unused cells and wires).
Finding unused cells or wires in module \pipelined_processor..
Removed 64 unused cells and 74 unused wires.
<suppressed ~65 debug messages>

51.17. Executing OPT_EXPR pass (perform const folding).
Optimizing module pipelined_processor.
<suppressed ~69 debug messages>

51.18. Rerunning OPT passes. (Maybe there is more to do..)

51.19. Executing OPT_MUXTREE pass (detect dead branches in mux trees).
Running muxtree optimizer on module \pipelined_processor..
  Creating internal representation of mux trees.
  Evaluating internal representation of mux trees.
  Analyzing evaluation results.
Removed 0 multiplexer ports.
<suppressed ~106 debug messages>

51.20. Executing OPT_REDUCE pass (consolidate $*mux and $reduce_* inputs).
  Optimizing cells in module \pipelined_processor.
    Consolidated identical input bits for $mux cell $auto$memory_share.cc:273:consolidate_wr_by_addr$5505:
      Old ports: A=33'111111111111111111111111111111111, B=33'xxxxxxxxxxxxxxxxxxxxxxxxxxxxxxxx0, Y=$auto$rtlil.cc:2496:Mux$5506
      New ports: A=2'11, B=2'x0, Y=$auto$rtlil.cc:2496:Mux$5506 [1:0]
      New connections: $auto$rtlil.cc:2496:Mux$5506 [32:2] = { $auto$rtlil.cc:2496:Mux$5506 [1] $auto$rtlil.cc:2496:Mux$5506 [1] $auto$rtlil.cc:2496:Mux$5506 [1] $auto$rtlil.cc:2496:Mux$5506 [1] $auto$rtlil.cc:2496:Mux$5506 [1] $auto$rtlil.cc:2496:Mux$5506 [1] $auto$rtlil.cc:2496:Mux$5506 [1] $auto$rtlil.cc:2496:Mux$5506 [1] $auto$rtlil.cc:2496:Mux$5506 [1] $auto$rtlil.cc:2496:Mux$5506 [1] $auto$rtlil.cc:2496:Mux$5506 [1] $auto$rtlil.cc:2496:Mux$5506 [1] $auto$rtlil.cc:2496:Mux$5506 [1] $auto$rtlil.cc:2496:Mux$5506 [1] $auto$rtlil.cc:2496:Mux$5506 [1] $auto$rtlil.cc:2496:Mux$5506 [1] $auto$rtlil.cc:2496:Mux$5506 [1] $auto$rtlil.cc:2496:Mux$5506 [1] $auto$rtlil.cc:2496:Mux$5506 [1] $auto$rtlil.cc:2496:Mux$5506 [1] $auto$rtlil.cc:2496:Mux$5506 [1] $auto$rtlil.cc:2496:Mux$5506 [1] $auto$rtlil.cc:2496:Mux$5506 [1] $auto$rtlil.cc:2496:Mux$5506 [1] $auto$rtlil.cc:2496:Mux$5506 [1] $auto$rtlil.cc:2496:Mux$5506 [1] $auto$rtlil.cc:2496:Mux$5506 [1] $auto$rtlil.cc:2496:Mux$5506 [1] $auto$rtlil.cc:2496:Mux$5506 [1] $auto$rtlil.cc:2496:Mux$5506 [1] $auto$rtlil.cc:2496:Mux$5506 [1] }
    Consolidated identical input bits for $mux cell $auto$memory_share.cc:273:consolidate_wr_by_addr$5509:
      Old ports: A=33'111111111111111111111111111111111, B=33'xxxxxxxxxxxxxxxxxxxxxxxxxxxxxxxx0, Y=$auto$rtlil.cc:2496:Mux$5510
      New ports: A=2'11, B=2'x0, Y=$auto$rtlil.cc:2496:Mux$5510 [1:0]
      New connections: $auto$rtlil.cc:2496:Mux$5510 [32:2] = { $auto$rtlil.cc:2496:Mux$5510 [1] $auto$rtlil.cc:2496:Mux$5510 [1] $auto$rtlil.cc:2496:Mux$5510 [1] $auto$rtlil.cc:2496:Mux$5510 [1] $auto$rtlil.cc:2496:Mux$5510 [1] $auto$rtlil.cc:2496:Mux$5510 [1] $auto$rtlil.cc:2496:Mux$5510 [1] $auto$rtlil.cc:2496:Mux$5510 [1] $auto$rtlil.cc:2496:Mux$5510 [1] $auto$rtlil.cc:2496:Mux$5510 [1] $auto$rtlil.cc:2496:Mux$5510 [1] $auto$rtlil.cc:2496:Mux$5510 [1] $auto$rtlil.cc:2496:Mux$5510 [1] $auto$rtlil.cc:2496:Mux$5510 [1] $auto$rtlil.cc:2496:Mux$5510 [1] $auto$rtlil.cc:2496:Mux$5510 [1] $auto$rtlil.cc:2496:Mux$5510 [1] $auto$rtlil.cc:2496:Mux$5510 [1] $auto$rtlil.cc:2496:Mux$5510 [1] $auto$rtlil.cc:2496:Mux$5510 [1] $auto$rtlil.cc:2496:Mux$5510 [1] $auto$rtlil.cc:2496:Mux$5510 [1] $auto$rtlil.cc:2496:Mux$5510 [1] $auto$rtlil.cc:2496:Mux$5510 [1] $auto$rtlil.cc:2496:Mux$5510 [1] $auto$rtlil.cc:2496:Mux$5510 [1] $auto$rtlil.cc:2496:Mux$5510 [1] $auto$rtlil.cc:2496:Mux$5510 [1] $auto$rtlil.cc:2496:Mux$5510 [1] $auto$rtlil.cc:2496:Mux$5510 [1] $auto$rtlil.cc:2496:Mux$5510 [1] }
    Consolidated identical input bits for $mux cell $memory\bht_lut.branchHistoryTable$wrmux[0][1][0]$5574:
      Old ports: A=33'111111111111111111111111111111111, B=33'xxxxxxxxxxxxxxxxxxxxxxxxxxxxxxxx0, Y=$memory\bht_lut.branchHistoryTable$wrmux[0][1][0]$y$5575
      New ports: A=2'11, B=2'x0, Y=$memory\bht_lut.branchHistoryTable$wrmux[0][1][0]$y$5575 [1:0]
      New connections: $memory\bht_lut.branchHistoryTable$wrmux[0][1][0]$y$5575 [32:2] = { $memory\bht_lut.branchHistoryTable$wrmux[0][1][0]$y$5575 [1] $memory\bht_lut.branchHistoryTable$wrmux[0][1][0]$y$5575 [1] $memory\bht_lut.branchHistoryTable$wrmux[0][1][0]$y$5575 [1] $memory\bht_lut.branchHistoryTable$wrmux[0][1][0]$y$5575 [1] $memory\bht_lut.branchHistoryTable$wrmux[0][1][0]$y$5575 [1] $memory\bht_lut.branchHistoryTable$wrmux[0][1][0]$y$5575 [1] $memory\bht_lut.branchHistoryTable$wrmux[0][1][0]$y$5575 [1] $memory\bht_lut.branchHistoryTable$wrmux[0][1][0]$y$5575 [1] $memory\bht_lut.branchHistoryTable$wrmux[0][1][0]$y$5575 [1] $memory\bht_lut.branchHistoryTable$wrmux[0][1][0]$y$5575 [1] $memory\bht_lut.branchHistoryTable$wrmux[0][1][0]$y$5575 [1] $memory\bht_lut.branchHistoryTable$wrmux[0][1][0]$y$5575 [1] $memory\bht_lut.branchHistoryTable$wrmux[0][1][0]$y$5575 [1] $memory\bht_lut.branchHistoryTable$wrmux[0][1][0]$y$5575 [1] $memory\bht_lut.branchHistoryTable$wrmux[0][1][0]$y$5575 [1] $memory\bht_lut.branchHistoryTable$wrmux[0][1][0]$y$5575 [1] $memory\bht_lut.branchHistoryTable$wrmux[0][1][0]$y$5575 [1] $memory\bht_lut.branchHistoryTable$wrmux[0][1][0]$y$5575 [1] $memory\bht_lut.branchHistoryTable$wrmux[0][1][0]$y$5575 [1] $memory\bht_lut.branchHistoryTable$wrmux[0][1][0]$y$5575 [1] $memory\bht_lut.branchHistoryTable$wrmux[0][1][0]$y$5575 [1] $memory\bht_lut.branchHistoryTable$wrmux[0][1][0]$y$5575 [1] $memory\bht_lut.branchHistoryTable$wrmux[0][1][0]$y$5575 [1] $memory\bht_lut.branchHistoryTable$wrmux[0][1][0]$y$5575 [1] $memory\bht_lut.branchHistoryTable$wrmux[0][1][0]$y$5575 [1] $memory\bht_lut.branchHistoryTable$wrmux[0][1][0]$y$5575 [1] $memory\bht_lut.branchHistoryTable$wrmux[0][1][0]$y$5575 [1] $memory\bht_lut.branchHistoryTable$wrmux[0][1][0]$y$5575 [1] $memory\bht_lut.branchHistoryTable$wrmux[0][1][0]$y$5575 [1] $memory\bht_lut.branchHistoryTable$wrmux[0][1][0]$y$5575 [1] $memory\bht_lut.branchHistoryTable$wrmux[0][1][0]$y$5575 [1] }
    Consolidated identical input bits for $mux cell $memory\bht_lut.branchHistoryTable$wrmux[1][2][0]$5604:
      Old ports: A=33'111111111111111111111111111111111, B={ 32'x $auto$rtlil.cc:2496:Mux$5514 [0] }, Y=$memory\bht_lut.branchHistoryTable$wrmux[1][2][0]$y$5605
      New ports: A=2'11, B={ 1'x $auto$rtlil.cc:2496:Mux$5514 [0] }, Y=$memory\bht_lut.branchHistoryTable$wrmux[1][2][0]$y$5605 [1:0]
      New connections: $memory\bht_lut.branchHistoryTable$wrmux[1][2][0]$y$5605 [32:2] = { $memory\bht_lut.branchHistoryTable$wrmux[1][2][0]$y$5605 [1] $memory\bht_lut.branchHistoryTable$wrmux[1][2][0]$y$5605 [1] $memory\bht_lut.branchHistoryTable$wrmux[1][2][0]$y$5605 [1] $memory\bht_lut.branchHistoryTable$wrmux[1][2][0]$y$5605 [1] $memory\bht_lut.branchHistoryTable$wrmux[1][2][0]$y$5605 [1] $memory\bht_lut.branchHistoryTable$wrmux[1][2][0]$y$5605 [1] $memory\bht_lut.branchHistoryTable$wrmux[1][2][0]$y$5605 [1] $memory\bht_lut.branchHistoryTable$wrmux[1][2][0]$y$5605 [1] $memory\bht_lut.branchHistoryTable$wrmux[1][2][0]$y$5605 [1] $memory\bht_lut.branchHistoryTable$wrmux[1][2][0]$y$5605 [1] $memory\bht_lut.branchHistoryTable$wrmux[1][2][0]$y$5605 [1] $memory\bht_lut.branchHistoryTable$wrmux[1][2][0]$y$5605 [1] $memory\bht_lut.branchHistoryTable$wrmux[1][2][0]$y$5605 [1] $memory\bht_lut.branchHistoryTable$wrmux[1][2][0]$y$5605 [1] $memory\bht_lut.branchHistoryTable$wrmux[1][2][0]$y$5605 [1] $memory\bht_lut.branchHistoryTable$wrmux[1][2][0]$y$5605 [1] $memory\bht_lut.branchHistoryTable$wrmux[1][2][0]$y$5605 [1] $memory\bht_lut.branchHistoryTable$wrmux[1][2][0]$y$5605 [1] $memory\bht_lut.branchHistoryTable$wrmux[1][2][0]$y$5605 [1] $memory\bht_lut.branchHistoryTable$wrmux[1][2][0]$y$5605 [1] $memory\bht_lut.branchHistoryTable$wrmux[1][2][0]$y$5605 [1] $memory\bht_lut.branchHistoryTable$wrmux[1][2][0]$y$5605 [1] $memory\bht_lut.branchHistoryTable$wrmux[1][2][0]$y$5605 [1] $memory\bht_lut.branchHistoryTable$wrmux[1][2][0]$y$5605 [1] $memory\bht_lut.branchHistoryTable$wrmux[1][2][0]$y$5605 [1] $memory\bht_lut.branchHistoryTable$wrmux[1][2][0]$y$5605 [1] $memory\bht_lut.branchHistoryTable$wrmux[1][2][0]$y$5605 [1] $memory\bht_lut.branchHistoryTable$wrmux[1][2][0]$y$5605 [1] $memory\bht_lut.branchHistoryTable$wrmux[1][2][0]$y$5605 [1] $memory\bht_lut.branchHistoryTable$wrmux[1][2][0]$y$5605 [1] $memory\bht_lut.branchHistoryTable$wrmux[1][2][0]$y$5605 [1] }
    Consolidated identical input bits for $mux cell $memory\bht_lut.branchHistoryTable$wrmux[2][2][0]$5624:
      Old ports: A=33'111111111111111111111111111111111, B={ 32'x $auto$rtlil.cc:2496:Mux$5518 [0] }, Y=$memory\bht_lut.branchHistoryTable$wrmux[2][2][0]$y$5625
      New ports: A=2'11, B={ 1'x $auto$rtlil.cc:2496:Mux$5518 [0] }, Y=$memory\bht_lut.branchHistoryTable$wrmux[2][2][0]$y$5625 [1:0]
      New connections: $memory\bht_lut.branchHistoryTable$wrmux[2][2][0]$y$5625 [32:2] = { $memory\bht_lut.branchHistoryTable$wrmux[2][2][0]$y$5625 [1] $memory\bht_lut.branchHistoryTable$wrmux[2][2][0]$y$5625 [1] $memory\bht_lut.branchHistoryTable$wrmux[2][2][0]$y$5625 [1] $memory\bht_lut.branchHistoryTable$wrmux[2][2][0]$y$5625 [1] $memory\bht_lut.branchHistoryTable$wrmux[2][2][0]$y$5625 [1] $memory\bht_lut.branchHistoryTable$wrmux[2][2][0]$y$5625 [1] $memory\bht_lut.branchHistoryTable$wrmux[2][2][0]$y$5625 [1] $memory\bht_lut.branchHistoryTable$wrmux[2][2][0]$y$5625 [1] $memory\bht_lut.branchHistoryTable$wrmux[2][2][0]$y$5625 [1] $memory\bht_lut.branchHistoryTable$wrmux[2][2][0]$y$5625 [1] $memory\bht_lut.branchHistoryTable$wrmux[2][2][0]$y$5625 [1] $memory\bht_lut.branchHistoryTable$wrmux[2][2][0]$y$5625 [1] $memory\bht_lut.branchHistoryTable$wrmux[2][2][0]$y$5625 [1] $memory\bht_lut.branchHistoryTable$wrmux[2][2][0]$y$5625 [1] $memory\bht_lut.branchHistoryTable$wrmux[2][2][0]$y$5625 [1] $memory\bht_lut.branchHistoryTable$wrmux[2][2][0]$y$5625 [1] $memory\bht_lut.branchHistoryTable$wrmux[2][2][0]$y$5625 [1] $memory\bht_lut.branchHistoryTable$wrmux[2][2][0]$y$5625 [1] $memory\bht_lut.branchHistoryTable$wrmux[2][2][0]$y$5625 [1] $memory\bht_lut.branchHistoryTable$wrmux[2][2][0]$y$5625 [1] $memory\bht_lut.branchHistoryTable$wrmux[2][2][0]$y$5625 [1] $memory\bht_lut.branchHistoryTable$wrmux[2][2][0]$y$5625 [1] $memory\bht_lut.branchHistoryTable$wrmux[2][2][0]$y$5625 [1] $memory\bht_lut.branchHistoryTable$wrmux[2][2][0]$y$5625 [1] $memory\bht_lut.branchHistoryTable$wrmux[2][2][0]$y$5625 [1] $memory\bht_lut.branchHistoryTable$wrmux[2][2][0]$y$5625 [1] $memory\bht_lut.branchHistoryTable$wrmux[2][2][0]$y$5625 [1] $memory\bht_lut.branchHistoryTable$wrmux[2][2][0]$y$5625 [1] $memory\bht_lut.branchHistoryTable$wrmux[2][2][0]$y$5625 [1] $memory\bht_lut.branchHistoryTable$wrmux[2][2][0]$y$5625 [1] $memory\bht_lut.branchHistoryTable$wrmux[2][2][0]$y$5625 [1] }
    Consolidated identical input bits for $mux cell $memory\bht_lut.branchHistoryTable$wrmux[3][2][0]$5646:
      Old ports: A=33'111111111111111111111111111111111, B={ 32'x $auto$rtlil.cc:2496:Mux$5522 [0] }, Y=$memory\bht_lut.branchHistoryTable$wrmux[3][2][0]$y$5647
      New ports: A=2'11, B={ 1'x $auto$rtlil.cc:2496:Mux$5522 [0] }, Y=$memory\bht_lut.branchHistoryTable$wrmux[3][2][0]$y$5647 [1:0]
      New connections: $memory\bht_lut.branchHistoryTable$wrmux[3][2][0]$y$5647 [32:2] = { $memory\bht_lut.branchHistoryTable$wrmux[3][2][0]$y$5647 [1] $memory\bht_lut.branchHistoryTable$wrmux[3][2][0]$y$5647 [1] $memory\bht_lut.branchHistoryTable$wrmux[3][2][0]$y$5647 [1] $memory\bht_lut.branchHistoryTable$wrmux[3][2][0]$y$5647 [1] $memory\bht_lut.branchHistoryTable$wrmux[3][2][0]$y$5647 [1] $memory\bht_lut.branchHistoryTable$wrmux[3][2][0]$y$5647 [1] $memory\bht_lut.branchHistoryTable$wrmux[3][2][0]$y$5647 [1] $memory\bht_lut.branchHistoryTable$wrmux[3][2][0]$y$5647 [1] $memory\bht_lut.branchHistoryTable$wrmux[3][2][0]$y$5647 [1] $memory\bht_lut.branchHistoryTable$wrmux[3][2][0]$y$5647 [1] $memory\bht_lut.branchHistoryTable$wrmux[3][2][0]$y$5647 [1] $memory\bht_lut.branchHistoryTable$wrmux[3][2][0]$y$5647 [1] $memory\bht_lut.branchHistoryTable$wrmux[3][2][0]$y$5647 [1] $memory\bht_lut.branchHistoryTable$wrmux[3][2][0]$y$5647 [1] $memory\bht_lut.branchHistoryTable$wrmux[3][2][0]$y$5647 [1] $memory\bht_lut.branchHistoryTable$wrmux[3][2][0]$y$5647 [1] $memory\bht_lut.branchHistoryTable$wrmux[3][2][0]$y$5647 [1] $memory\bht_lut.branchHistoryTable$wrmux[3][2][0]$y$5647 [1] $memory\bht_lut.branchHistoryTable$wrmux[3][2][0]$y$5647 [1] $memory\bht_lut.branchHistoryTable$wrmux[3][2][0]$y$5647 [1] $memory\bht_lut.branchHistoryTable$wrmux[3][2][0]$y$5647 [1] $memory\bht_lut.branchHistoryTable$wrmux[3][2][0]$y$5647 [1] $memory\bht_lut.branchHistoryTable$wrmux[3][2][0]$y$5647 [1] $memory\bht_lut.branchHistoryTable$wrmux[3][2][0]$y$5647 [1] $memory\bht_lut.branchHistoryTable$wrmux[3][2][0]$y$5647 [1] $memory\bht_lut.branchHistoryTable$wrmux[3][2][0]$y$5647 [1] $memory\bht_lut.branchHistoryTable$wrmux[3][2][0]$y$5647 [1] $memory\bht_lut.branchHistoryTable$wrmux[3][2][0]$y$5647 [1] $memory\bht_lut.branchHistoryTable$wrmux[3][2][0]$y$5647 [1] $memory\bht_lut.branchHistoryTable$wrmux[3][2][0]$y$5647 [1] $memory\bht_lut.branchHistoryTable$wrmux[3][2][0]$y$5647 [1] }
    Consolidated identical input bits for $mux cell $memory\bht_lut.branchHistoryTable$wrmux[4][1][0]$5660:
      Old ports: A=33'111111111111111111111111111111111, B=33'xxxxxxxxxxxxxxxxxxxxxxxxxxxxxxxx1, Y=$memory\bht_lut.branchHistoryTable$wrmux[4][1][0]$y$5661
      New ports: A=1'1, B=1'x, Y=$memory\bht_lut.branchHistoryTable$wrmux[4][1][0]$y$5661 [1]
      New connections: { $memory\bht_lut.branchHistoryTable$wrmux[4][1][0]$y$5661 [32:2] $memory\bht_lut.branchHistoryTable$wrmux[4][1][0]$y$5661 [0] } = { $memory\bht_lut.branchHistoryTable$wrmux[4][1][0]$y$5661 [1] $memory\bht_lut.branchHistoryTable$wrmux[4][1][0]$y$5661 [1] $memory\bht_lut.branchHistoryTable$wrmux[4][1][0]$y$5661 [1] $memory\bht_lut.branchHistoryTable$wrmux[4][1][0]$y$5661 [1] $memory\bht_lut.branchHistoryTable$wrmux[4][1][0]$y$5661 [1] $memory\bht_lut.branchHistoryTable$wrmux[4][1][0]$y$5661 [1] $memory\bht_lut.branchHistoryTable$wrmux[4][1][0]$y$5661 [1] $memory\bht_lut.branchHistoryTable$wrmux[4][1][0]$y$5661 [1] $memory\bht_lut.branchHistoryTable$wrmux[4][1][0]$y$5661 [1] $memory\bht_lut.branchHistoryTable$wrmux[4][1][0]$y$5661 [1] $memory\bht_lut.branchHistoryTable$wrmux[4][1][0]$y$5661 [1] $memory\bht_lut.branchHistoryTable$wrmux[4][1][0]$y$5661 [1] $memory\bht_lut.branchHistoryTable$wrmux[4][1][0]$y$5661 [1] $memory\bht_lut.branchHistoryTable$wrmux[4][1][0]$y$5661 [1] $memory\bht_lut.branchHistoryTable$wrmux[4][1][0]$y$5661 [1] $memory\bht_lut.branchHistoryTable$wrmux[4][1][0]$y$5661 [1] $memory\bht_lut.branchHistoryTable$wrmux[4][1][0]$y$5661 [1] $memory\bht_lut.branchHistoryTable$wrmux[4][1][0]$y$5661 [1] $memory\bht_lut.branchHistoryTable$wrmux[4][1][0]$y$5661 [1] $memory\bht_lut.branchHistoryTable$wrmux[4][1][0]$y$5661 [1] $memory\bht_lut.branchHistoryTable$wrmux[4][1][0]$y$5661 [1] $memory\bht_lut.branchHistoryTable$wrmux[4][1][0]$y$5661 [1] $memory\bht_lut.branchHistoryTable$wrmux[4][1][0]$y$5661 [1] $memory\bht_lut.branchHistoryTable$wrmux[4][1][0]$y$5661 [1] $memory\bht_lut.branchHistoryTable$wrmux[4][1][0]$y$5661 [1] $memory\bht_lut.branchHistoryTable$wrmux[4][1][0]$y$5661 [1] $memory\bht_lut.branchHistoryTable$wrmux[4][1][0]$y$5661 [1] $memory\bht_lut.branchHistoryTable$wrmux[4][1][0]$y$5661 [1] $memory\bht_lut.branchHistoryTable$wrmux[4][1][0]$y$5661 [1] $memory\bht_lut.branchHistoryTable$wrmux[4][1][0]$y$5661 [1] $memory\bht_lut.branchHistoryTable$wrmux[4][1][0]$y$5661 [1] 1'1 }
    Consolidated identical input bits for $mux cell $memory\bht_lut.branchHistoryTable$wrmux[5][2][0]$5686:
      Old ports: A=33'111111111111111111111111111111111, B=33'xxxxxxxxxxxxxxxxxxxxxxxxxxxxxxxx0, Y=$memory\bht_lut.branchHistoryTable$wrmux[5][2][0]$y$5687
      New ports: A=2'11, B=2'x0, Y=$memory\bht_lut.branchHistoryTable$wrmux[5][2][0]$y$5687 [1:0]
      New connections: $memory\bht_lut.branchHistoryTable$wrmux[5][2][0]$y$5687 [32:2] = { $memory\bht_lut.branchHistoryTable$wrmux[5][2][0]$y$5687 [1] $memory\bht_lut.branchHistoryTable$wrmux[5][2][0]$y$5687 [1] $memory\bht_lut.branchHistoryTable$wrmux[5][2][0]$y$5687 [1] $memory\bht_lut.branchHistoryTable$wrmux[5][2][0]$y$5687 [1] $memory\bht_lut.branchHistoryTable$wrmux[5][2][0]$y$5687 [1] $memory\bht_lut.branchHistoryTable$wrmux[5][2][0]$y$5687 [1] $memory\bht_lut.branchHistoryTable$wrmux[5][2][0]$y$5687 [1] $memory\bht_lut.branchHistoryTable$wrmux[5][2][0]$y$5687 [1] $memory\bht_lut.branchHistoryTable$wrmux[5][2][0]$y$5687 [1] $memory\bht_lut.branchHistoryTable$wrmux[5][2][0]$y$5687 [1] $memory\bht_lut.branchHistoryTable$wrmux[5][2][0]$y$5687 [1] $memory\bht_lut.branchHistoryTable$wrmux[5][2][0]$y$5687 [1] $memory\bht_lut.branchHistoryTable$wrmux[5][2][0]$y$5687 [1] $memory\bht_lut.branchHistoryTable$wrmux[5][2][0]$y$5687 [1] $memory\bht_lut.branchHistoryTable$wrmux[5][2][0]$y$5687 [1] $memory\bht_lut.branchHistoryTable$wrmux[5][2][0]$y$5687 [1] $memory\bht_lut.branchHistoryTable$wrmux[5][2][0]$y$5687 [1] $memory\bht_lut.branchHistoryTable$wrmux[5][2][0]$y$5687 [1] $memory\bht_lut.branchHistoryTable$wrmux[5][2][0]$y$5687 [1] $memory\bht_lut.branchHistoryTable$wrmux[5][2][0]$y$5687 [1] $memory\bht_lut.branchHistoryTable$wrmux[5][2][0]$y$5687 [1] $memory\bht_lut.branchHistoryTable$wrmux[5][2][0]$y$5687 [1] $memory\bht_lut.branchHistoryTable$wrmux[5][2][0]$y$5687 [1] $memory\bht_lut.branchHistoryTable$wrmux[5][2][0]$y$5687 [1] $memory\bht_lut.branchHistoryTable$wrmux[5][2][0]$y$5687 [1] $memory\bht_lut.branchHistoryTable$wrmux[5][2][0]$y$5687 [1] $memory\bht_lut.branchHistoryTable$wrmux[5][2][0]$y$5687 [1] $memory\bht_lut.branchHistoryTable$wrmux[5][2][0]$y$5687 [1] $memory\bht_lut.branchHistoryTable$wrmux[5][2][0]$y$5687 [1] $memory\bht_lut.branchHistoryTable$wrmux[5][2][0]$y$5687 [1] $memory\bht_lut.branchHistoryTable$wrmux[5][2][0]$y$5687 [1] }
  Optimizing cells in module \pipelined_processor.
    Consolidated identical input bits for $mux cell $memory\bht_lut.branchHistoryTable$wrmux[0][2][0]$5578:
      Old ports: A=$memory\bht_lut.branchHistoryTable$wrmux[0][1][0]$y$5575, B=33'xxxxxxxxxxxxxxxxxxxxxxxxxxxxxxxx1, Y=$memory\bht_lut.branchHistoryTable$wrmux[0][2][0]$y$5579
      New ports: A=$memory\bht_lut.branchHistoryTable$wrmux[0][1][0]$y$5575 [1:0], B=2'x1, Y=$memory\bht_lut.branchHistoryTable$wrmux[0][2][0]$y$5579 [1:0]
      New connections: $memory\bht_lut.branchHistoryTable$wrmux[0][2][0]$y$5579 [32:2] = { $memory\bht_lut.branchHistoryTable$wrmux[0][2][0]$y$5579 [1] $memory\bht_lut.branchHistoryTable$wrmux[0][2][0]$y$5579 [1] $memory\bht_lut.branchHistoryTable$wrmux[0][2][0]$y$5579 [1] $memory\bht_lut.branchHistoryTable$wrmux[0][2][0]$y$5579 [1] $memory\bht_lut.branchHistoryTable$wrmux[0][2][0]$y$5579 [1] $memory\bht_lut.branchHistoryTable$wrmux[0][2][0]$y$5579 [1] $memory\bht_lut.branchHistoryTable$wrmux[0][2][0]$y$5579 [1] $memory\bht_lut.branchHistoryTable$wrmux[0][2][0]$y$5579 [1] $memory\bht_lut.branchHistoryTable$wrmux[0][2][0]$y$5579 [1] $memory\bht_lut.branchHistoryTable$wrmux[0][2][0]$y$5579 [1] $memory\bht_lut.branchHistoryTable$wrmux[0][2][0]$y$5579 [1] $memory\bht_lut.branchHistoryTable$wrmux[0][2][0]$y$5579 [1] $memory\bht_lut.branchHistoryTable$wrmux[0][2][0]$y$5579 [1] $memory\bht_lut.branchHistoryTable$wrmux[0][2][0]$y$5579 [1] $memory\bht_lut.branchHistoryTable$wrmux[0][2][0]$y$5579 [1] $memory\bht_lut.branchHistoryTable$wrmux[0][2][0]$y$5579 [1] $memory\bht_lut.branchHistoryTable$wrmux[0][2][0]$y$5579 [1] $memory\bht_lut.branchHistoryTable$wrmux[0][2][0]$y$5579 [1] $memory\bht_lut.branchHistoryTable$wrmux[0][2][0]$y$5579 [1] $memory\bht_lut.branchHistoryTable$wrmux[0][2][0]$y$5579 [1] $memory\bht_lut.branchHistoryTable$wrmux[0][2][0]$y$5579 [1] $memory\bht_lut.branchHistoryTable$wrmux[0][2][0]$y$5579 [1] $memory\bht_lut.branchHistoryTable$wrmux[0][2][0]$y$5579 [1] $memory\bht_lut.branchHistoryTable$wrmux[0][2][0]$y$5579 [1] $memory\bht_lut.branchHistoryTable$wrmux[0][2][0]$y$5579 [1] $memory\bht_lut.branchHistoryTable$wrmux[0][2][0]$y$5579 [1] $memory\bht_lut.branchHistoryTable$wrmux[0][2][0]$y$5579 [1] $memory\bht_lut.branchHistoryTable$wrmux[0][2][0]$y$5579 [1] $memory\bht_lut.branchHistoryTable$wrmux[0][2][0]$y$5579 [1] $memory\bht_lut.branchHistoryTable$wrmux[0][2][0]$y$5579 [1] $memory\bht_lut.branchHistoryTable$wrmux[0][2][0]$y$5579 [1] }
    Consolidated identical input bits for $mux cell $memory\bht_lut.branchHistoryTable$wrmux[4][2][0]$5664:
      Old ports: A=$memory\bht_lut.branchHistoryTable$wrmux[4][1][0]$y$5661, B=33'xxxxxxxxxxxxxxxxxxxxxxxxxxxxxxxx0, Y=$memory\bht_lut.branchHistoryTable$wrmux[4][2][0]$y$5665
      New ports: A={ $memory\bht_lut.branchHistoryTable$wrmux[4][1][0]$y$5661 [1] 1'1 }, B=2'x0, Y=$memory\bht_lut.branchHistoryTable$wrmux[4][2][0]$y$5665 [1:0]
      New connections: $memory\bht_lut.branchHistoryTable$wrmux[4][2][0]$y$5665 [32:2] = { $memory\bht_lut.branchHistoryTable$wrmux[4][2][0]$y$5665 [1] $memory\bht_lut.branchHistoryTable$wrmux[4][2][0]$y$5665 [1] $memory\bht_lut.branchHistoryTable$wrmux[4][2][0]$y$5665 [1] $memory\bht_lut.branchHistoryTable$wrmux[4][2][0]$y$5665 [1] $memory\bht_lut.branchHistoryTable$wrmux[4][2][0]$y$5665 [1] $memory\bht_lut.branchHistoryTable$wrmux[4][2][0]$y$5665 [1] $memory\bht_lut.branchHistoryTable$wrmux[4][2][0]$y$5665 [1] $memory\bht_lut.branchHistoryTable$wrmux[4][2][0]$y$5665 [1] $memory\bht_lut.branchHistoryTable$wrmux[4][2][0]$y$5665 [1] $memory\bht_lut.branchHistoryTable$wrmux[4][2][0]$y$5665 [1] $memory\bht_lut.branchHistoryTable$wrmux[4][2][0]$y$5665 [1] $memory\bht_lut.branchHistoryTable$wrmux[4][2][0]$y$5665 [1] $memory\bht_lut.branchHistoryTable$wrmux[4][2][0]$y$5665 [1] $memory\bht_lut.branchHistoryTable$wrmux[4][2][0]$y$5665 [1] $memory\bht_lut.branchHistoryTable$wrmux[4][2][0]$y$5665 [1] $memory\bht_lut.branchHistoryTable$wrmux[4][2][0]$y$5665 [1] $memory\bht_lut.branchHistoryTable$wrmux[4][2][0]$y$5665 [1] $memory\bht_lut.branchHistoryTable$wrmux[4][2][0]$y$5665 [1] $memory\bht_lut.branchHistoryTable$wrmux[4][2][0]$y$5665 [1] $memory\bht_lut.branchHistoryTable$wrmux[4][2][0]$y$5665 [1] $memory\bht_lut.branchHistoryTable$wrmux[4][2][0]$y$5665 [1] $memory\bht_lut.branchHistoryTable$wrmux[4][2][0]$y$5665 [1] $memory\bht_lut.branchHistoryTable$wrmux[4][2][0]$y$5665 [1] $memory\bht_lut.branchHistoryTable$wrmux[4][2][0]$y$5665 [1] $memory\bht_lut.branchHistoryTable$wrmux[4][2][0]$y$5665 [1] $memory\bht_lut.branchHistoryTable$wrmux[4][2][0]$y$5665 [1] $memory\bht_lut.branchHistoryTable$wrmux[4][2][0]$y$5665 [1] $memory\bht_lut.branchHistoryTable$wrmux[4][2][0]$y$5665 [1] $memory\bht_lut.branchHistoryTable$wrmux[4][2][0]$y$5665 [1] $memory\bht_lut.branchHistoryTable$wrmux[4][2][0]$y$5665 [1] $memory\bht_lut.branchHistoryTable$wrmux[4][2][0]$y$5665 [1] }
    Consolidated identical input bits for $mux cell $memory\bht_lut.branchHistoryTable$wrmux[6][2][0]$5704:
      Old ports: A={ 32'x $memory\bht_lut.branchHistoryTable$wrmux[6][1][0]$y$5701 [0] }, B=$auto$rtlil.cc:2496:Mux$5506, Y=$memory\bht_lut.branchHistoryTable$wrmux[6][2][0]$y$5705
      New ports: A={ 1'x $memory\bht_lut.branchHistoryTable$wrmux[6][1][0]$y$5701 [0] }, B=$auto$rtlil.cc:2496:Mux$5506 [1:0], Y=$memory\bht_lut.branchHistoryTable$wrmux[6][2][0]$y$5705 [1:0]
      New connections: $memory\bht_lut.branchHistoryTable$wrmux[6][2][0]$y$5705 [32:2] = { $memory\bht_lut.branchHistoryTable$wrmux[6][2][0]$y$5705 [1] $memory\bht_lut.branchHistoryTable$wrmux[6][2][0]$y$5705 [1] $memory\bht_lut.branchHistoryTable$wrmux[6][2][0]$y$5705 [1] $memory\bht_lut.branchHistoryTable$wrmux[6][2][0]$y$5705 [1] $memory\bht_lut.branchHistoryTable$wrmux[6][2][0]$y$5705 [1] $memory\bht_lut.branchHistoryTable$wrmux[6][2][0]$y$5705 [1] $memory\bht_lut.branchHistoryTable$wrmux[6][2][0]$y$5705 [1] $memory\bht_lut.branchHistoryTable$wrmux[6][2][0]$y$5705 [1] $memory\bht_lut.branchHistoryTable$wrmux[6][2][0]$y$5705 [1] $memory\bht_lut.branchHistoryTable$wrmux[6][2][0]$y$5705 [1] $memory\bht_lut.branchHistoryTable$wrmux[6][2][0]$y$5705 [1] $memory\bht_lut.branchHistoryTable$wrmux[6][2][0]$y$5705 [1] $memory\bht_lut.branchHistoryTable$wrmux[6][2][0]$y$5705 [1] $memory\bht_lut.branchHistoryTable$wrmux[6][2][0]$y$5705 [1] $memory\bht_lut.branchHistoryTable$wrmux[6][2][0]$y$5705 [1] $memory\bht_lut.branchHistoryTable$wrmux[6][2][0]$y$5705 [1] $memory\bht_lut.branchHistoryTable$wrmux[6][2][0]$y$5705 [1] $memory\bht_lut.branchHistoryTable$wrmux[6][2][0]$y$5705 [1] $memory\bht_lut.branchHistoryTable$wrmux[6][2][0]$y$5705 [1] $memory\bht_lut.branchHistoryTable$wrmux[6][2][0]$y$5705 [1] $memory\bht_lut.branchHistoryTable$wrmux[6][2][0]$y$5705 [1] $memory\bht_lut.branchHistoryTable$wrmux[6][2][0]$y$5705 [1] $memory\bht_lut.branchHistoryTable$wrmux[6][2][0]$y$5705 [1] $memory\bht_lut.branchHistoryTable$wrmux[6][2][0]$y$5705 [1] $memory\bht_lut.branchHistoryTable$wrmux[6][2][0]$y$5705 [1] $memory\bht_lut.branchHistoryTable$wrmux[6][2][0]$y$5705 [1] $memory\bht_lut.branchHistoryTable$wrmux[6][2][0]$y$5705 [1] $memory\bht_lut.branchHistoryTable$wrmux[6][2][0]$y$5705 [1] $memory\bht_lut.branchHistoryTable$wrmux[6][2][0]$y$5705 [1] $memory\bht_lut.branchHistoryTable$wrmux[6][2][0]$y$5705 [1] $memory\bht_lut.branchHistoryTable$wrmux[6][2][0]$y$5705 [1] }
    Consolidated identical input bits for $mux cell $memory\bht_lut.branchHistoryTable$wrmux[7][2][0]$5724:
      Old ports: A={ 32'x $memory\bht_lut.branchHistoryTable$wrmux[7][1][0]$y$5721 [0] }, B=$auto$rtlil.cc:2496:Mux$5510, Y=$memory\bht_lut.branchHistoryTable$wrmux[7][2][0]$y$5725
      New ports: A={ 1'x $memory\bht_lut.branchHistoryTable$wrmux[7][1][0]$y$5721 [0] }, B=$auto$rtlil.cc:2496:Mux$5510 [1:0], Y=$memory\bht_lut.branchHistoryTable$wrmux[7][2][0]$y$5725 [1:0]
      New connections: $memory\bht_lut.branchHistoryTable$wrmux[7][2][0]$y$5725 [32:2] = { $memory\bht_lut.branchHistoryTable$wrmux[7][2][0]$y$5725 [1] $memory\bht_lut.branchHistoryTable$wrmux[7][2][0]$y$5725 [1] $memory\bht_lut.branchHistoryTable$wrmux[7][2][0]$y$5725 [1] $memory\bht_lut.branchHistoryTable$wrmux[7][2][0]$y$5725 [1] $memory\bht_lut.branchHistoryTable$wrmux[7][2][0]$y$5725 [1] $memory\bht_lut.branchHistoryTable$wrmux[7][2][0]$y$5725 [1] $memory\bht_lut.branchHistoryTable$wrmux[7][2][0]$y$5725 [1] $memory\bht_lut.branchHistoryTable$wrmux[7][2][0]$y$5725 [1] $memory\bht_lut.branchHistoryTable$wrmux[7][2][0]$y$5725 [1] $memory\bht_lut.branchHistoryTable$wrmux[7][2][0]$y$5725 [1] $memory\bht_lut.branchHistoryTable$wrmux[7][2][0]$y$5725 [1] $memory\bht_lut.branchHistoryTable$wrmux[7][2][0]$y$5725 [1] $memory\bht_lut.branchHistoryTable$wrmux[7][2][0]$y$5725 [1] $memory\bht_lut.branchHistoryTable$wrmux[7][2][0]$y$5725 [1] $memory\bht_lut.branchHistoryTable$wrmux[7][2][0]$y$5725 [1] $memory\bht_lut.branchHistoryTable$wrmux[7][2][0]$y$5725 [1] $memory\bht_lut.branchHistoryTable$wrmux[7][2][0]$y$5725 [1] $memory\bht_lut.branchHistoryTable$wrmux[7][2][0]$y$5725 [1] $memory\bht_lut.branchHistoryTable$wrmux[7][2][0]$y$5725 [1] $memory\bht_lut.branchHistoryTable$wrmux[7][2][0]$y$5725 [1] $memory\bht_lut.branchHistoryTable$wrmux[7][2][0]$y$5725 [1] $memory\bht_lut.branchHistoryTable$wrmux[7][2][0]$y$5725 [1] $memory\bht_lut.branchHistoryTable$wrmux[7][2][0]$y$5725 [1] $memory\bht_lut.branchHistoryTable$wrmux[7][2][0]$y$5725 [1] $memory\bht_lut.branchHistoryTable$wrmux[7][2][0]$y$5725 [1] $memory\bht_lut.branchHistoryTable$wrmux[7][2][0]$y$5725 [1] $memory\bht_lut.branchHistoryTable$wrmux[7][2][0]$y$5725 [1] $memory\bht_lut.branchHistoryTable$wrmux[7][2][0]$y$5725 [1] $memory\bht_lut.branchHistoryTable$wrmux[7][2][0]$y$5725 [1] $memory\bht_lut.branchHistoryTable$wrmux[7][2][0]$y$5725 [1] $memory\bht_lut.branchHistoryTable$wrmux[7][2][0]$y$5725 [1] }
  Optimizing cells in module \pipelined_processor.
Performed a total of 12 changes.

51.21. Executing OPT_MERGE pass (detect identical cells).
Finding identical cells in module `\pipelined_processor'.
Removed a total of 0 cells.

51.22. Executing OPT_SHARE pass.

51.23. Executing OPT_DFF pass (perform DFF optimizations).
Adding SRST signal on $auto$ff.cc:266:slice$7478 ($dffe) from module pipelined_processor (D = \instr_wdata, Q = \instr_mem1.rom[0], rval = 16'0111000000000000).
Adding SRST signal on $auto$ff.cc:266:slice$7475 ($dffe) from module pipelined_processor (D = \instr_wdata, Q = \instr_mem1.rom[10], rval = 16'0111000000000000).
Adding SRST signal on $auto$ff.cc:266:slice$7472 ($dffe) from module pipelined_processor (D = \instr_wdata, Q = \instr_mem1.rom[11], rval = 16'0111000000000000).
Adding SRST signal on $auto$ff.cc:266:slice$7469 ($dffe) from module pipelined_processor (D = \instr_wdata, Q = \instr_mem1.rom[12], rval = 16'0111000000000000).
Adding SRST signal on $auto$ff.cc:266:slice$7466 ($dffe) from module pipelined_processor (D = \instr_wdata, Q = \instr_mem1.rom[13], rval = 16'0111000000000000).
Adding SRST signal on $auto$ff.cc:266:slice$7463 ($dffe) from module pipelined_processor (D = \instr_wdata, Q = \instr_mem1.rom[14], rval = 16'0111000000000000).
Adding SRST signal on $auto$ff.cc:266:slice$7460 ($dffe) from module pipelined_processor (D = \instr_wdata, Q = \instr_mem1.rom[15], rval = 16'0111000000000000).
Adding SRST signal on $auto$ff.cc:266:slice$7457 ($dffe) from module pipelined_processor (D = \instr_wdata, Q = \instr_mem1.rom[1], rval = 16'0111000000000000).
Adding SRST signal on $auto$ff.cc:266:slice$7454 ($dffe) from module pipelined_processor (D = \instr_wdata, Q = \instr_mem1.rom[2], rval = 16'0111000000000000).
Adding SRST signal on $auto$ff.cc:266:slice$7451 ($dffe) from module pipelined_processor (D = \instr_wdata, Q = \instr_mem1.rom[3], rval = 16'0111000000000000).
Adding SRST signal on $auto$ff.cc:266:slice$7448 ($dffe) from module pipelined_processor (D = \instr_wdata, Q = \instr_mem1.rom[4], rval = 16'0111000000000000).
Adding SRST signal on $auto$ff.cc:266:slice$7445 ($dffe) from module pipelined_processor (D = \instr_wdata, Q = \instr_mem1.rom[5], rval = 16'0111000000000000).
Adding SRST signal on $auto$ff.cc:266:slice$7442 ($dffe) from module pipelined_processor (D = \instr_wdata, Q = \instr_mem1.rom[6], rval = 16'0111000000000000).
Adding SRST signal on $auto$ff.cc:266:slice$7439 ($dffe) from module pipelined_processor (D = \instr_wdata, Q = \instr_mem1.rom[7], rval = 16'0111000000000000).
Adding SRST signal on $auto$ff.cc:266:slice$7436 ($dffe) from module pipelined_processor (D = \instr_wdata, Q = \instr_mem1.rom[8], rval = 16'0111000000000000).
Adding SRST signal on $auto$ff.cc:266:slice$7433 ($dffe) from module pipelined_processor (D = \instr_wdata, Q = \instr_mem1.rom[9], rval = 16'0111000000000000).
Adding SRST signal on $auto$ff.cc:266:slice$7430 ($dffe) from module pipelined_processor (D = \mem_wb_pipeline_reg.Rd_Data_Out_PR, Q = \register_file.registerFile[0], rval = 16'0000000000000000).
Adding SRST signal on $auto$ff.cc:266:slice$7427 ($dffe) from module pipelined_processor (D = \mem_wb_pipeline_reg.Rd_Data_Out_PR, Q = \register_file.registerFile[1], rval = 16'0000000000000000).
Adding SRST signal on $auto$ff.cc:266:slice$7424 ($dffe) from module pipelined_processor (D = \mem_wb_pipeline_reg.Rd_Data_Out_PR, Q = \register_file.registerFile[2], rval = 16'0000000000000000).
Adding SRST signal on $auto$ff.cc:266:slice$7421 ($dffe) from module pipelined_processor (D = \mem_wb_pipeline_reg.Rd_Data_Out_PR, Q = \register_file.registerFile[3], rval = 16'0000000000000000).
Adding SRST signal on $auto$ff.cc:266:slice$7418 ($dffe) from module pipelined_processor (D = \mem_wb_pipeline_reg.Rd_Data_Out_PR, Q = \register_file.registerFile[4], rval = 16'0000000000000000).
Adding SRST signal on $auto$ff.cc:266:slice$7415 ($dffe) from module pipelined_processor (D = \mem_wb_pipeline_reg.Rd_Data_Out_PR, Q = \register_file.registerFile[5], rval = 16'0000000000000000).
Adding SRST signal on $auto$ff.cc:266:slice$7412 ($dffe) from module pipelined_processor (D = \mem_wb_pipeline_reg.Rd_Data_Out_PR, Q = \register_file.registerFile[6], rval = 16'0000000000000000).

51.24. Executing OPT_CLEAN pass (remove unused cells and wires).
Finding unused cells or wires in module \pipelined_processor..
Removed 23 unused cells and 54 unused wires.
<suppressed ~24 debug messages>

51.25. Executing OPT_EXPR pass (perform const folding).
Optimizing module pipelined_processor.
<suppressed ~1 debug messages>

51.26. Rerunning OPT passes. (Maybe there is more to do..)

51.27. Executing OPT_MUXTREE pass (detect dead branches in mux trees).
Running muxtree optimizer on module \pipelined_processor..
  Creating internal representation of mux trees.
  Evaluating internal representation of mux trees.
  Analyzing evaluation results.
Removed 0 multiplexer ports.
<suppressed ~83 debug messages>

51.28. Executing OPT_REDUCE pass (consolidate $*mux and $reduce_* inputs).
  Optimizing cells in module \pipelined_processor.
Performed a total of 0 changes.

51.29. Executing OPT_MERGE pass (detect identical cells).
Finding identical cells in module `\pipelined_processor'.
Removed a total of 0 cells.

51.30. Executing OPT_SHARE pass.

51.31. Executing OPT_DFF pass (perform DFF optimizations).

51.32. Executing OPT_CLEAN pass (remove unused cells and wires).
Finding unused cells or wires in module \pipelined_processor..
Removed 0 unused cells and 1 unused wires.
<suppressed ~1 debug messages>

51.33. Executing OPT_EXPR pass (perform const folding).
Optimizing module pipelined_processor.

51.34. Rerunning OPT passes. (Maybe there is more to do..)

51.35. Executing OPT_MUXTREE pass (detect dead branches in mux trees).
Running muxtree optimizer on module \pipelined_processor..
  Creating internal representation of mux trees.
  Evaluating internal representation of mux trees.
  Analyzing evaluation results.
Removed 0 multiplexer ports.
<suppressed ~83 debug messages>

51.36. Executing OPT_REDUCE pass (consolidate $*mux and $reduce_* inputs).
  Optimizing cells in module \pipelined_processor.
Performed a total of 0 changes.

51.37. Executing OPT_MERGE pass (detect identical cells).
Finding identical cells in module `\pipelined_processor'.
Removed a total of 0 cells.

51.38. Executing OPT_SHARE pass.

51.39. Executing OPT_DFF pass (perform DFF optimizations).

51.40. Executing OPT_CLEAN pass (remove unused cells and wires).
Finding unused cells or wires in module \pipelined_processor..

51.41. Executing OPT_EXPR pass (perform const folding).
Optimizing module pipelined_processor.

51.42. Finished OPT passes. (There is nothing left to do.)

52. Executing TECHMAP pass (map to technology primitives).

52.1. Executing Verilog-2005 frontend: /build/bin/../share/yosys/techmap.v
Parsing Verilog input from `/build/bin/../share/yosys/techmap.v' to AST representation.
Generating RTLIL representation for module `\_90_simplemap_bool_ops'.
Generating RTLIL representation for module `\_90_simplemap_reduce_ops'.
Generating RTLIL representation for module `\_90_simplemap_logic_ops'.
Generating RTLIL representation for module `\_90_simplemap_compare_ops'.
Generating RTLIL representation for module `\_90_simplemap_various'.
Generating RTLIL representation for module `\_90_simplemap_registers'.
Generating RTLIL representation for module `\_90_shift_ops_shr_shl_sshl_sshr'.
Generating RTLIL representation for module `\_90_shift_shiftx'.
Generating RTLIL representation for module `\_90_fa'.
Generating RTLIL representation for module `\_90_lcu'.
Generating RTLIL representation for module `\_90_alu'.
Generating RTLIL representation for module `\_90_macc'.
Generating RTLIL representation for module `\_90_alumacc'.
Generating RTLIL representation for module `\$__div_mod_u'.
Generating RTLIL representation for module `\$__div_mod_trunc'.
Generating RTLIL representation for module `\_90_div'.
Generating RTLIL representation for module `\_90_mod'.
Generating RTLIL representation for module `\$__div_mod_floor'.
Generating RTLIL representation for module `\_90_divfloor'.
Generating RTLIL representation for module `\_90_modfloor'.
Generating RTLIL representation for module `\_90_pow'.
Generating RTLIL representation for module `\_90_pmux'.
Generating RTLIL representation for module `\_90_demux'.
Generating RTLIL representation for module `\_90_lut'.
Successfully finished Verilog frontend.

52.2. Continuing TECHMAP pass.
Using extmapper simplemap for cells of type $not.
Using extmapper simplemap for cells of type $and.
Using template $paramod$6df0329addda9228fcc2546de2aaf14ad26c98e1\_90_alu for cells of type $alu.
Using extmapper simplemap for cells of type $logic_or.
Using extmapper simplemap for cells of type $mux.
Using extmapper simplemap for cells of type $logic_and.
Using extmapper simplemap for cells of type $eq.
Using extmapper simplemap for cells of type $sdff.
Using template $paramod$2af30114e9bd4ccb04dad757b3f0a8f6bf0615b0\_90_alu for cells of type $alu.
Using extmapper simplemap for cells of type $reduce_or.
Using template $paramod$d5c1c4131927aec19f116e7a36372b1981bfcd7e\_90_pmux for cells of type $pmux.
Using template $paramod$4f7462fd7944a40ab328577064922bdf555975a5\_90_alu for cells of type $alu.
Using extmapper simplemap for cells of type $sdffe.
Using extmapper simplemap for cells of type $reduce_and.
Using extmapper simplemap for cells of type $reduce_bool.
Using template $paramod$175e67c02b86e96b1288b9dc100122520d7240d8\_90_alu for cells of type $alu.
Using extmapper simplemap for cells of type $logic_not.
Using extmapper simplemap for cells of type $dffe.
Using extmapper simplemap for cells of type $or.
Using extmapper simplemap for cells of type $dff.
Using extmapper simplemap for cells of type $sdffce.
Using template $paramod$3ef7d3dd227da7627a99c5e5a6a4deb817573e39\_90_alu for cells of type $alu.
Using template $paramod$521ce43182eecb9f60c72393a788160d2c356bf5\_90_pmux for cells of type $pmux.
Using template $paramod$97565c3687be688407d1272a293bd9d0ae6852dc\_90_pmux for cells of type $pmux.
Using template $paramod$78e969f2586efcf3a5b0b0440bcca0db83d5cca2\_90_alu for cells of type $alu.
Using extmapper simplemap for cells of type $ne.
Using template $paramod$d629d85c8826a74239b9178d1930215a43b0ceb0\_90_pmux for cells of type $pmux.
Using template $paramod$b3b6ac92d800c6f07aa48f510f923d86a674e5a7\_90_pmux for cells of type $pmux.
Using template $paramod$1d8ecc2a40cb528050a53f4a2654bf991b4b9b37\_90_pmux for cells of type $pmux.
Using template $paramod$0d149ffe75563ef6fcc1a3dddc59d00af28651a7\_90_pmux for cells of type $pmux.
Using template $paramod$c5c783b17ab1d780abfad8cfe6563a0a7b47a3b0\_90_pmux for cells of type $pmux.
Using extmapper simplemap for cells of type $xor.
Using template $paramod$85df5dc01c7df96a7d8e5f1fdf76ce9ac452af63\_90_pmux for cells of type $pmux.
Using template $paramod$7e708ae28ab761f11d0fb59d3ffc72f6a4baf5d9\_90_alu for cells of type $alu.
Using template $paramod$504d7726e493b7d5a8a8ac16f387eb0143f8a853\_90_pmux for cells of type $pmux.
Using template $paramod$constmap:b5a6ccacc41e4966bf2d2c70f94d868ebb8fbaa5$paramod$2abd261e58bbf3b57ed6fa6d6d94da088bf47f2d\_90_shift_shiftx for cells of type $shiftx.
Using extmapper simplemap for cells of type $pos.
Using template $paramod\_90_lcu\WIDTH=32'00000000000000000000000000000011 for cells of type $lcu.
Using template $paramod\_90_lcu\WIDTH=32'00000000000000000000000000010000 for cells of type $lcu.
Using template $paramod\_90_lcu\WIDTH=32'00000000000000000000000000000010 for cells of type $lcu.
Using template $paramod\_90_lcu\WIDTH=32'00000000000000000000000000000110 for cells of type $lcu.
No more expansions possible.
<suppressed ~2800 debug messages>

53. Executing OPT pass (performing simple optimizations).

53.1. Executing OPT_EXPR pass (perform const folding).
Optimizing module pipelined_processor.
<suppressed ~1036 debug messages>

53.2. Executing OPT_MERGE pass (detect identical cells).
Finding identical cells in module `\pipelined_processor'.
<suppressed ~789 debug messages>
Removed a total of 263 cells.

53.3. Executing OPT_DFF pass (perform DFF optimizations).

53.4. Executing OPT_CLEAN pass (remove unused cells and wires).
Finding unused cells or wires in module \pipelined_processor..
Removed 187 unused cells and 1417 unused wires.
<suppressed ~188 debug messages>

53.5. Finished fast OPT passes.

54. Executing ABC pass (technology mapping using ABC).

54.1. Extracting gate netlist of module `\pipelined_processor' to `<abc-temp-dir>/input.blif'..
Extracted 5923 gates and 8007 wires to a netlist network with 2081 inputs and 685 outputs.

54.1.1. Executing ABC.
Running ABC command: "<yosys-exe-dir>/yosys-abc" -s -f <abc-temp-dir>/abc.script 2>&1
ABC: ABC command line: "source <abc-temp-dir>/abc.script".
ABC: 
ABC: + read_blif <abc-temp-dir>/input.blif 
ABC: + read_library <abc-temp-dir>/stdcells.genlib 
ABC: Entered genlib library with 13 gates from file "<abc-temp-dir>/stdcells.genlib".
ABC: + strash 
ABC: + dretime 
ABC: + map 
ABC: + write_blif <abc-temp-dir>/output.blif 

54.1.2. Re-integrating ABC results.
ABC RESULTS:             ORNOT cells:      112
ABC RESULTS:               NOR cells:      142
ABC RESULTS:               MUX cells:     3259
ABC RESULTS:               NOT cells:      158
ABC RESULTS:              XNOR cells:       55
ABC RESULTS:               AND cells:      167
ABC RESULTS:               XOR cells:      413
ABC RESULTS:              NAND cells:       96
ABC RESULTS:                OR cells:      674
ABC RESULTS:            ANDNOT cells:      765
ABC RESULTS:        internal signals:     5241
ABC RESULTS:           input signals:     2081
ABC RESULTS:          output signals:      685
Removing temp directory.

55. Executing OPT pass (performing simple optimizations).

55.1. Executing OPT_EXPR pass (perform const folding).
Optimizing module pipelined_processor.
<suppressed ~745 debug messages>

55.2. Executing OPT_MERGE pass (detect identical cells).
Finding identical cells in module `\pipelined_processor'.
<suppressed ~75 debug messages>
Removed a total of 25 cells.

55.3. Executing OPT_DFF pass (perform DFF optimizations).

55.4. Executing OPT_CLEAN pass (remove unused cells and wires).
Finding unused cells or wires in module \pipelined_processor..
Removed 19 unused cells and 3754 unused wires.
<suppressed ~81 debug messages>

55.5. Finished fast OPT passes.

56. Executing HIERARCHY pass (managing design hierarchy).

56.1. Analyzing design hierarchy..
Top module:  \pipelined_processor

56.2. Analyzing design hierarchy..
Top module:  \pipelined_processor
Removed 0 unused modules.

57. Printing statistics.

=== pipelined_processor ===

   Number of wires:               6011
   Number of wire bits:          10278
   Number of public wires:         458
   Number of public wire bits:    4652
   Number of memories:               0
   Number of memory bits:            0
   Number of processes:              0
   Number of cells:               7956
     $_ANDNOT_                     746
     $_AND_                        164
     $_DFFE_PP_                   1296
     $_DFF_P_                       33
     $_MUX_                       3259
     $_NAND_                        96
     $_NOR_                        141
     $_NOT_                        139
     $_ORNOT_                      112
     $_OR_                         674
     $_SDFFCE_PN0P_                320
     $_SDFFCE_PN1P_                 48
     $_SDFFE_PP0N_                  62
     $_SDFFE_PP0P_                 252
     $_SDFFE_PP1P_                   6
     $_SDFF_PP0_                   138
     $_SDFF_PP1_                     2
     $_XNOR_                        55
     $_XOR_                        413

58. Executing CHECK pass (checking for obvious problems).
Checking module pipelined_processor...
Found and reported 0 problems.

59. Generating Graphviz representation of design.
Writing dot description to `/openlane/designs/my_processor/runs/RUN_CLEAN/tmp/synthesis/post_techmap.dot'.
Dumping module pipelined_processor to page 1.

60. Executing SHARE pass (SAT-based resource sharing).

61. Executing OPT pass (performing simple optimizations).

61.1. Executing OPT_EXPR pass (perform const folding).
Optimizing module pipelined_processor.

61.2. Executing OPT_MERGE pass (detect identical cells).
Finding identical cells in module `\pipelined_processor'.
Removed a total of 0 cells.

61.3. Executing OPT_MUXTREE pass (detect dead branches in mux trees).
Running muxtree optimizer on module \pipelined_processor..
  Creating internal representation of mux trees.
  No muxes found in this module.
Removed 0 multiplexer ports.

61.4. Executing OPT_REDUCE pass (consolidate $*mux and $reduce_* inputs).
  Optimizing cells in module \pipelined_processor.
Performed a total of 0 changes.

61.5. Executing OPT_MERGE pass (detect identical cells).
Finding identical cells in module `\pipelined_processor'.
Removed a total of 0 cells.

61.6. Executing OPT_DFF pass (perform DFF optimizations).

61.7. Executing OPT_CLEAN pass (remove unused cells and wires).
Finding unused cells or wires in module \pipelined_processor..

61.8. Executing OPT_EXPR pass (perform const folding).
Optimizing module pipelined_processor.

61.9. Finished OPT passes. (There is nothing left to do.)

62. Executing OPT_CLEAN pass (remove unused cells and wires).
Finding unused cells or wires in module \pipelined_processor..
Removed 0 unused cells and 269 unused wires.
<suppressed ~269 debug messages>

63. Printing statistics.

=== pipelined_processor ===

   Number of wires:               5742
   Number of wire bits:           8086
   Number of public wires:         189
   Number of public wire bits:    2460
   Number of memories:               0
   Number of memory bits:            0
   Number of processes:              0
   Number of cells:               7956
     $_ANDNOT_                     746
     $_AND_                        164
     $_DFFE_PP_                   1296
     $_DFF_P_                       33
     $_MUX_                       3259
     $_NAND_                        96
     $_NOR_                        141
     $_NOT_                        139
     $_ORNOT_                      112
     $_OR_                         674
     $_SDFFCE_PN0P_                320
     $_SDFFCE_PN1P_                 48
     $_SDFFE_PP0N_                  62
     $_SDFFE_PP0P_                 252
     $_SDFFE_PP1P_                   6
     $_SDFF_PP0_                   138
     $_SDFF_PP1_                     2
     $_XNOR_                        55
     $_XOR_                        413

mapping tbuf

64. Executing TECHMAP pass (map to technology primitives).

64.1. Executing Verilog-2005 frontend: /home/kushagra/.ciel/sky130A/libs.tech/openlane/sky130_fd_sc_hd/tribuff_map.v
Parsing Verilog input from `/home/kushagra/.ciel/sky130A/libs.tech/openlane/sky130_fd_sc_hd/tribuff_map.v' to AST representation.
Generating RTLIL representation for module `\$_TBUF_'.
Successfully finished Verilog frontend.

64.2. Continuing TECHMAP pass.
No more expansions possible.
<suppressed ~3 debug messages>

65. Executing SIMPLEMAP pass (map simple cells to gate primitives).

66. Executing TECHMAP pass (map to technology primitives).

66.1. Executing Verilog-2005 frontend: /home/kushagra/.ciel/sky130A/libs.tech/openlane/sky130_fd_sc_hd/latch_map.v
Parsing Verilog input from `/home/kushagra/.ciel/sky130A/libs.tech/openlane/sky130_fd_sc_hd/latch_map.v' to AST representation.
Generating RTLIL representation for module `\$_DLATCH_P_'.
Generating RTLIL representation for module `\$_DLATCH_N_'.
Successfully finished Verilog frontend.

66.2. Continuing TECHMAP pass.
No more expansions possible.
<suppressed ~4 debug messages>

67. Executing SIMPLEMAP pass (map simple cells to gate primitives).

68. Executing DFFLIBMAP pass (mapping DFF cells to sequential cells from liberty file).
  cell sky130_fd_sc_hd__dfxtp_2 (noninv, pins=3, area=21.27) is a direct match for cell type $_DFF_P_.
  cell sky130_fd_sc_hd__dfrtp_2 (noninv, pins=4, area=26.28) is a direct match for cell type $_DFF_PN0_.
  cell sky130_fd_sc_hd__dfstp_2 (noninv, pins=4, area=26.28) is a direct match for cell type $_DFF_PN1_.
  cell sky130_fd_sc_hd__dfbbn_2 (noninv, pins=6, area=35.03) is a direct match for cell type $_DFFSR_NNN_.
  final dff cell mappings:
    unmapped dff cell: $_DFF_N_
    \sky130_fd_sc_hd__dfxtp_2 _DFF_P_ (.CLK( C), .D( D), .Q( Q));
    unmapped dff cell: $_DFF_NN0_
    unmapped dff cell: $_DFF_NN1_
    unmapped dff cell: $_DFF_NP0_
    unmapped dff cell: $_DFF_NP1_
    \sky130_fd_sc_hd__dfrtp_2 _DFF_PN0_ (.CLK( C), .D( D), .Q( Q), .RESET_B( R));
    \sky130_fd_sc_hd__dfstp_2 _DFF_PN1_ (.CLK( C), .D( D), .Q( Q), .SET_B( R));
    unmapped dff cell: $_DFF_PP0_
    unmapped dff cell: $_DFF_PP1_
    \sky130_fd_sc_hd__dfbbn_2 _DFFSR_NNN_ (.CLK_N( C), .D( D), .Q( Q), .Q_N(~Q), .RESET_B( R), .SET_B( S));
    unmapped dff cell: $_DFFSR_NNP_
    unmapped dff cell: $_DFFSR_NPN_
    unmapped dff cell: $_DFFSR_NPP_
    unmapped dff cell: $_DFFSR_PNN_
    unmapped dff cell: $_DFFSR_PNP_
    unmapped dff cell: $_DFFSR_PPN_
    unmapped dff cell: $_DFFSR_PPP_

68.1. Executing DFFLEGALIZE pass (convert FFs to types supported by the target).
Mapping DFF cells in module `\pipelined_processor':
  mapped 2157 $_DFF_P_ cells to \sky130_fd_sc_hd__dfxtp_2 cells.

69. Printing statistics.

=== pipelined_processor ===

   Number of wires:               8554
   Number of wire bits:          10898
   Number of public wires:         189
   Number of public wire bits:    2460
   Number of memories:               0
   Number of memory bits:            0
   Number of processes:              0
   Number of cells:              10768
     $_ANDNOT_                     746
     $_AND_                        164
     $_MUX_                       6071
     $_NAND_                        96
     $_NOR_                        141
     $_NOT_                        139
     $_ORNOT_                      112
     $_OR_                         674
     $_XNOR_                        55
     $_XOR_                        413
     sky130_fd_sc_hd__dfxtp_2     2157

[INFO]: USING STRATEGY AREA 0

70. Executing ABC pass (technology mapping using ABC).

70.1. Extracting gate netlist of module `\pipelined_processor' to `/tmp/yosys-abc-YSZVEs/input.blif'..
Extracted 8611 gates and 10785 wires to a netlist network with 2172 inputs and 2174 outputs.

70.1.1. Executing ABC.
Running ABC command: "/build/bin/yosys-abc" -s -f /tmp/yosys-abc-YSZVEs/abc.script 2>&1
ABC: ABC command line: "source /tmp/yosys-abc-YSZVEs/abc.script".
ABC: 
ABC: + read_blif /tmp/yosys-abc-YSZVEs/input.blif 
ABC: + read_lib -w /openlane/designs/my_processor/runs/RUN_CLEAN/tmp/synthesis/trimmed.lib 
ABC: Parsing finished successfully.  Parsing time =     0.04 sec
ABC: Scl_LibertyReadGenlib() skipped sequential cell "sky130_fd_sc_hd__dfbbn_2".
ABC: Scl_LibertyReadGenlib() skipped sequential cell "sky130_fd_sc_hd__dfrbp_2".
ABC: Scl_LibertyReadGenlib() skipped sequential cell "sky130_fd_sc_hd__dfrtp_2".
ABC: Scl_LibertyReadGenlib() skipped sequential cell "sky130_fd_sc_hd__dfrtp_4".
ABC: Scl_LibertyReadGenlib() skipped sequential cell "sky130_fd_sc_hd__dfsbp_2".
ABC: Scl_LibertyReadGenlib() skipped sequential cell "sky130_fd_sc_hd__dfstp_2".
ABC: Scl_LibertyReadGenlib() skipped sequential cell "sky130_fd_sc_hd__dfstp_4".
ABC: Scl_LibertyReadGenlib() skipped sequential cell "sky130_fd_sc_hd__dfxbp_2".
ABC: Scl_LibertyReadGenlib() skipped sequential cell "sky130_fd_sc_hd__dfxtp_2".
ABC: Scl_LibertyReadGenlib() skipped sequential cell "sky130_fd_sc_hd__dfxtp_4".
ABC: Scl_LibertyReadGenlib() skipped sequential cell "sky130_fd_sc_hd__dlxtn_1".
ABC: Scl_LibertyReadGenlib() skipped sequential cell "sky130_fd_sc_hd__dlxtn_2".
ABC: Scl_LibertyReadGenlib() skipped sequential cell "sky130_fd_sc_hd__dlxtn_4".
ABC: Scl_LibertyReadGenlib() skipped sequential cell "sky130_fd_sc_hd__dlxtp_1".
ABC: Scl_LibertyReadGenlib() skipped three-state cell "sky130_fd_sc_hd__ebufn_2".
ABC: Scl_LibertyReadGenlib() skipped three-state cell "sky130_fd_sc_hd__ebufn_4".
ABC: Scl_LibertyReadGenlib() skipped three-state cell "sky130_fd_sc_hd__ebufn_8".
ABC: Library "sky130A_merged" from "/openlane/designs/my_processor/runs/RUN_CLEAN/tmp/synthesis/trimmed.lib" has 175 cells (17 skipped: 14 seq; 3 tri-state; 0 no func; 0 dont_use).  Time =     0.07 sec
ABC: Memory =    9.54 MB. Time =     0.07 sec
ABC: Warning: Detected 2 multi-output gates (for example, "sky130_fd_sc_hd__fa_1").
ABC: + read_constr -v /openlane/designs/my_processor/runs/RUN_CLEAN/tmp/synthesis/synthesis.sdc 
ABC: Setting driving cell to be "sky130_fd_sc_hd__inv_2".
ABC: Setting output load to be 33.442001.
ABC: + read_constr /openlane/designs/my_processor/runs/RUN_CLEAN/tmp/synthesis/synthesis.sdc 
ABC: + fx 
ABC: + mfs 
ABC: + strash 
ABC: + refactor 
ABC: + balance 
ABC: + rewrite 
ABC: + refactor 
ABC: + balance 
ABC: + rewrite 
ABC: + rewrite -z 
ABC: + balance 
ABC: + refactor -z 
ABC: + rewrite -z 
ABC: + balance 
ABC: + retime -D -D 40000.0 -M 5 
ABC: + scleanup 
ABC: Error: The network is combinational.
ABC: + fraig_store 
ABC: + balance 
ABC: + fraig_store 
ABC: + balance 
ABC: + rewrite 
ABC: + refactor 
ABC: + balance 
ABC: + rewrite 
ABC: + rewrite -z 
ABC: + balance 
ABC: + refactor -z 
ABC: + rewrite -z 
ABC: + balance 
ABC: + fraig_store 
ABC: + balance 
ABC: + rewrite 
ABC: + refactor 
ABC: + balance 
ABC: + rewrite 
ABC: + rewrite -z 
ABC: + balance 
ABC: + refactor -z 
ABC: + rewrite -z 
ABC: + balance 
ABC: + fraig_store 
ABC: + balance 
ABC: + rewrite 
ABC: + refactor 
ABC: + balance 
ABC: + rewrite 
ABC: + rewrite -z 
ABC: + balance 
ABC: + refactor -z 
ABC: + rewrite -z 
ABC: + balance 
ABC: + fraig_store 
ABC: + fraig_restore 
ABC: + amap -m -Q 0.1 -F 20 -A 20 -C 5000 
ABC: + retime -D -D 40000.0 
ABC: + &get -n 
ABC: + &st 
ABC: + &dch 
ABC: + &nf 
ABC: + &put 
ABC: + buffer -N 8 -S 750.0 
ABC: + upsize -D 40000.0 
ABC: Current delay (5616.79 ps) does not exceed the target delay (40000.00 ps). Upsizing is not performed.
ABC: + dnsize -D 40000.0 
ABC: + stime -p 
ABC: WireLoad = "none"  Gates =   8526 ( 30.9 %)   Cap = 12.1 ff (  9.8 %)   Area =    73196.45 ( 64.4 %)   Delay =  5731.99 ps  (  3.4 %)               
ABC: Path  0 --     295 : 0    5 pi                         A =   0.00  Df =  84.3  -45.3 ps  S = 124.5 ps  Cin =  0.0 ff  Cout =  26.0 ff  Cmax =   0.0 ff  G =    0  
ABC: Path  1 --    6643 : 2    1 sky130_fd_sc_hd__or2_2     A =   6.26  Df = 339.3 -120.6 ps  S =  61.3 ps  Cin =  1.5 ff  Cout =   5.1 ff  Cmax = 299.4 ff  G =  328  
ABC: Path  2 --    6645 : 5    1 sky130_fd_sc_hd__a221oi_2  A =  15.01  Df = 558.5 -251.0 ps  S = 168.0 ps  Cin =  4.5 ff  Cout =   2.4 ff  Cmax =  96.1 ff  G =   52  
ABC: Path  3 --    6646 : 4    8 sky130_fd_sc_hd__o211a_2   A =  10.01  Df = 814.0 -346.8 ps  S = 108.6 ps  Cin =  2.4 ff  Cout =  15.3 ff  Cmax = 268.3 ff  G =  623  
ABC: Path  4 --    6657 : 2    1 sky130_fd_sc_hd__and2b_2   A =   8.76  Df =1031.0 -136.6 ps  S =  34.9 ps  Cin =  1.6 ff  Cout =   2.2 ff  Cmax = 310.4 ff  G =  132  
ABC: Path  5 --    6658 : 1    7 sky130_fd_sc_hd__buf_1     A =   3.75  Df =1217.6  -34.7 ps  S = 351.3 ps  Cin =  2.1 ff  Cout =  29.5 ff  Cmax = 130.0 ff  G = 1341  
ABC: Path  6 --    6685 : 5    6 sky130_fd_sc_hd__a2111oi_2 A =  15.01  Df =1806.9 -455.6 ps  S = 533.1 ps  Cin =  4.6 ff  Cout =  15.0 ff  Cmax =  56.8 ff  G =  314  
ABC: Path  7 --   11017 : 3    1 sky130_fd_sc_hd__mux2_2    A =  11.26  Df =2055.2 -422.3 ps  S =  49.6 ps  Cin =  2.3 ff  Cout =   2.5 ff  Cmax = 297.6 ff  G =  105  
ABC: Path  8 --   11018 : 4    3 sky130_fd_sc_hd__o22a_2    A =  10.01  Df =2231.5 -363.6 ps  S =  90.2 ps  Cin =  2.4 ff  Cout =  15.0 ff  Cmax = 304.9 ff  G =  610  
ABC: Path  9 --   11019 : 2    2 sky130_fd_sc_hd__xnor2_2   A =  16.27  Df =2396.6 -337.7 ps  S = 200.5 ps  Cin =  8.5 ff  Cout =  11.5 ff  Cmax = 121.8 ff  G =  130  
ABC: Path 10 --   11038 : 3    3 sky130_fd_sc_hd__a21o_2    A =   8.76  Df =2627.3 -367.2 ps  S =  91.9 ps  Cin =  2.4 ff  Cout =  16.0 ff  Cmax = 309.5 ff  G =  652  
ABC: Path 11 --   11041 : 5    2 sky130_fd_sc_hd__a32o_2    A =  11.26  Df =2894.6 -294.5 ps  S =  52.4 ps  Cin =  2.3 ff  Cout =   4.0 ff  Cmax = 264.6 ff  G =  159  
ABC: Path 12 --   11129 : 2    2 sky130_fd_sc_hd__or2_2     A =   6.26  Df =3205.8 -466.6 ps  S =  85.2 ps  Cin =  1.5 ff  Cout =  14.0 ff  Cmax = 299.4 ff  G =  925  
ABC: Path 13 --   11130 : 2    2 sky130_fd_sc_hd__xor2_2    A =  16.27  Df =3383.3 -491.3 ps  S =  97.3 ps  Cin =  8.6 ff  Cout =   3.3 ff  Cmax = 130.0 ff  G =   36  
ABC: Path 14 --   11144 : 4    1 sky130_fd_sc_hd__or4_2     A =   8.76  Df =4019.3-1009.8 ps  S =  90.9 ps  Cin =  1.5 ff  Cout =   1.6 ff  Cmax = 310.4 ff  G =  100  
ABC: Path 15 --   11147 : 4    1 sky130_fd_sc_hd__or4_2     A =   8.76  Df =4615.6 -830.9 ps  S =  89.9 ps  Cin =  1.5 ff  Cout =   1.4 ff  Cmax = 310.4 ff  G =   89  
ABC: Path 16 --   11148 : 4    1 sky130_fd_sc_hd__or4_2     A =   8.76  Df =5169.1-1286.5 ps  S = 106.1 ps  Cin =  1.5 ff  Cout =   4.6 ff  Cmax = 310.4 ff  G =  287  
ABC: Path 17 --   11153 : 4    1 sky130_fd_sc_hd__nor4_2    A =  12.51  Df =5416.6 -995.6 ps  S = 180.0 ps  Cin =  4.3 ff  Cout =   2.5 ff  Cmax =  64.1 ff  G =   54  
ABC: Path 18 --   11189 : 5    1 sky130_fd_sc_hd__o311a_2   A =  11.26  Df =5732.0 -844.5 ps  S = 187.9 ps  Cin =  2.4 ff  Cout =  33.4 ff  Cmax = 293.9 ff  G = 1423  
ABC: Start-point = pi294 (\forwardlogic.rs2_addr_rr_ex [1]).  End-point = po1543 ($auto$rtlil.cc:2607:MuxGate$28581).
ABC: + print_stats -m 
ABC: netlist                       : i/o = 2172/ 2174  lat =    0  nd =  8526  edge =  23050  area =73190.06  delay =23.00  lev = 23
ABC: + write_blif /tmp/yosys-abc-YSZVEs/output.blif 

70.1.2. Re-integrating ABC results.
ABC RESULTS:   sky130_fd_sc_hd__o2bb2ai_2 cells:        1
ABC RESULTS:   sky130_fd_sc_hd__nor2b_2 cells:        1
ABC RESULTS:   sky130_fd_sc_hd__a311oi_2 cells:        2
ABC RESULTS:   sky130_fd_sc_hd__o22ai_2 cells:        1
ABC RESULTS:   sky130_fd_sc_hd__o221ai_2 cells:        1
ABC RESULTS:   sky130_fd_sc_hd__nand4_2 cells:        2
ABC RESULTS:   sky130_fd_sc_hd__o21bai_2 cells:        1
ABC RESULTS:   sky130_fd_sc_hd__mux4_2 cells:      399
ABC RESULTS:   sky130_fd_sc_hd__nor3_2 cells:        3
ABC RESULTS:   sky130_fd_sc_hd__a22oi_2 cells:        2
ABC RESULTS:   sky130_fd_sc_hd__o2111a_2 cells:        2
ABC RESULTS:   sky130_fd_sc_hd__and4b_2 cells:        6
ABC RESULTS:   sky130_fd_sc_hd__o2111ai_2 cells:        1
ABC RESULTS:   sky130_fd_sc_hd__a311o_2 cells:        2
ABC RESULTS:   sky130_fd_sc_hd__and3b_2 cells:       10
ABC RESULTS:   sky130_fd_sc_hd__a31oi_2 cells:        1
ABC RESULTS:   sky130_fd_sc_hd__a41o_2 cells:        1
ABC RESULTS:   sky130_fd_sc_hd__nor3b_2 cells:        2
ABC RESULTS:   sky130_fd_sc_hd__o32a_2 cells:       45
ABC RESULTS:   sky130_fd_sc_hd__o211ai_2 cells:        2
ABC RESULTS:   sky130_fd_sc_hd__o31ai_2 cells:        5
ABC RESULTS:   sky130_fd_sc_hd__a2111o_2 cells:        4
ABC RESULTS:   sky130_fd_sc_hd__o41a_2 cells:        2
ABC RESULTS:   sky130_fd_sc_hd__a2111oi_2 cells:        3
ABC RESULTS:   sky130_fd_sc_hd__nand3_2 cells:        7
ABC RESULTS:   sky130_fd_sc_hd__a21boi_2 cells:        1
ABC RESULTS:   sky130_fd_sc_hd__a31o_2 cells:       46
ABC RESULTS:   sky130_fd_sc_hd__o31a_2 cells:       24
ABC RESULTS:   sky130_fd_sc_hd__a21bo_2 cells:       15
ABC RESULTS:   sky130_fd_sc_hd__nor4_2 cells:        3
ABC RESULTS:   sky130_fd_sc_hd__and4bb_2 cells:        2
ABC RESULTS:   sky130_fd_sc_hd__nand3b_2 cells:        4
ABC RESULTS:   sky130_fd_sc_hd__xnor2_2 cells:       64
ABC RESULTS:   sky130_fd_sc_hd__or4bb_2 cells:        2
ABC RESULTS:   sky130_fd_sc_hd__or3_2 cells:       27
ABC RESULTS:   sky130_fd_sc_hd__a32o_2 cells:       52
ABC RESULTS:   sky130_fd_sc_hd__or3b_2 cells:       21
ABC RESULTS:   sky130_fd_sc_hd__and3_2 cells:       51
ABC RESULTS:   sky130_fd_sc_hd__and4_2 cells:       13
ABC RESULTS:   sky130_fd_sc_hd__a21oi_2 cells:       73
ABC RESULTS:   sky130_fd_sc_hd__o21ai_2 cells:       58
ABC RESULTS:   sky130_fd_sc_hd__a211o_2 cells:      106
ABC RESULTS:   sky130_fd_sc_hd__o22a_2 cells:      397
ABC RESULTS:   sky130_fd_sc_hd__xor2_2 cells:       30
ABC RESULTS:   sky130_fd_sc_hd__o2bb2a_2 cells:       15
ABC RESULTS:   sky130_fd_sc_hd__o221a_2 cells:      286
ABC RESULTS:   sky130_fd_sc_hd__or4b_2 cells:       12
ABC RESULTS:   sky130_fd_sc_hd__or4_2 cells:       42
ABC RESULTS:   sky130_fd_sc_hd__or2b_2 cells:       13
ABC RESULTS:   sky130_fd_sc_hd__and2b_2 cells:       25
ABC RESULTS:   sky130_fd_sc_hd__and2_2 cells:      232
ABC RESULTS:   sky130_fd_sc_hd__a221o_2 cells:      107
ABC RESULTS:   sky130_fd_sc_hd__o21a_2 cells:       56
ABC RESULTS:   sky130_fd_sc_hd__o311a_2 cells:       10
ABC RESULTS:   sky130_fd_sc_hd__a221oi_2 cells:       10
ABC RESULTS:   sky130_fd_sc_hd__nand2_2 cells:      140
ABC RESULTS:   sky130_fd_sc_hd__a21o_2 cells:      293
ABC RESULTS:   sky130_fd_sc_hd__o211a_2 cells:      182
ABC RESULTS:   sky130_fd_sc_hd__o21ba_2 cells:       12
ABC RESULTS:   sky130_fd_sc_hd__a211oi_2 cells:        7
ABC RESULTS:   sky130_fd_sc_hd__inv_2 cells:      191
ABC RESULTS:   sky130_fd_sc_hd__a22o_2 cells:      664
ABC RESULTS:   sky130_fd_sc_hd__a2bb2o_2 cells:       33
ABC RESULTS:   sky130_fd_sc_hd__or2_2 cells:      269
ABC RESULTS:   sky130_fd_sc_hd__nor2_2 cells:      299
ABC RESULTS:   sky130_fd_sc_hd__mux2_2 cells:     1686
ABC RESULTS:   sky130_fd_sc_hd__buf_1 cells:     2447
ABC RESULTS:        internal signals:     6439
ABC RESULTS:           input signals:     2172
ABC RESULTS:          output signals:     2174
Removing temp directory.

71. Executing SETUNDEF pass (replace undef values with defined constants).

72. Executing HILOMAP pass (mapping to constant drivers).

73. Executing SPLITNETS pass (splitting up multi-bit signals).

74. Executing OPT_CLEAN pass (remove unused cells and wires).
Finding unused cells or wires in module \pipelined_processor..
Removed 38 unused cells and 10919 unused wires.
<suppressed ~297 debug messages>

75. Executing INSBUF pass (insert buffer cells for connected wires).

76. Executing CHECK pass (checking for obvious problems).
Checking module pipelined_processor...
Warning: Wire pipelined_processor.\zero_flag_port is used but has no driver.
Warning: Wire pipelined_processor.\processor_running is used but has no driver.
Warning: Wire pipelined_processor.\pc_out_port [15] is used but has no driver.
Warning: Wire pipelined_processor.\pc_out_port [14] is used but has no driver.
Warning: Wire pipelined_processor.\pc_out_port [13] is used but has no driver.
Warning: Wire pipelined_processor.\pc_out_port [12] is used but has no driver.
Warning: Wire pipelined_processor.\pc_out_port [11] is used but has no driver.
Warning: Wire pipelined_processor.\pc_out_port [10] is used but has no driver.
Warning: Wire pipelined_processor.\pc_out_port [9] is used but has no driver.
Warning: Wire pipelined_processor.\pc_out_port [8] is used but has no driver.
Warning: Wire pipelined_processor.\pc_out_port [7] is used but has no driver.
Warning: Wire pipelined_processor.\pc_out_port [6] is used but has no driver.
Warning: Wire pipelined_processor.\pc_out_port [5] is used but has no driver.
Warning: Wire pipelined_processor.\pc_out_port [4] is used but has no driver.
Warning: Wire pipelined_processor.\pc_out_port [3] is used but has no driver.
Warning: Wire pipelined_processor.\pc_out_port [2] is used but has no driver.
Warning: Wire pipelined_processor.\pc_out_port [1] is used but has no driver.
Warning: Wire pipelined_processor.\pc_out_port [0] is used but has no driver.
Warning: Wire pipelined_processor.\ir_port [15] is used but has no driver.
Warning: Wire pipelined_processor.\ir_port [14] is used but has no driver.
Warning: Wire pipelined_processor.\ir_port [13] is used but has no driver.
Warning: Wire pipelined_processor.\ir_port [12] is used but has no driver.
Warning: Wire pipelined_processor.\ir_port [11] is used but has no driver.
Warning: Wire pipelined_processor.\ir_port [10] is used but has no driver.
Warning: Wire pipelined_processor.\ir_port [9] is used but has no driver.
Warning: Wire pipelined_processor.\ir_port [8] is used but has no driver.
Warning: Wire pipelined_processor.\ir_port [7] is used but has no driver.
Warning: Wire pipelined_processor.\ir_port [6] is used but has no driver.
Warning: Wire pipelined_processor.\ir_port [5] is used but has no driver.
Warning: Wire pipelined_processor.\ir_port [4] is used but has no driver.
Warning: Wire pipelined_processor.\ir_port [3] is used but has no driver.
Warning: Wire pipelined_processor.\ir_port [2] is used but has no driver.
Warning: Wire pipelined_processor.\ir_port [1] is used but has no driver.
Warning: Wire pipelined_processor.\ir_port [0] is used but has no driver.
Warning: Wire pipelined_processor.\debug_reg_data [15] is used but has no driver.
Warning: Wire pipelined_processor.\debug_reg_data [14] is used but has no driver.
Warning: Wire pipelined_processor.\debug_reg_data [13] is used but has no driver.
Warning: Wire pipelined_processor.\debug_reg_data [12] is used but has no driver.
Warning: Wire pipelined_processor.\debug_reg_data [11] is used but has no driver.
Warning: Wire pipelined_processor.\debug_reg_data [10] is used but has no driver.
Warning: Wire pipelined_processor.\debug_reg_data [9] is used but has no driver.
Warning: Wire pipelined_processor.\debug_reg_data [8] is used but has no driver.
Warning: Wire pipelined_processor.\debug_reg_data [7] is used but has no driver.
Warning: Wire pipelined_processor.\debug_reg_data [6] is used but has no driver.
Warning: Wire pipelined_processor.\debug_reg_data [5] is used but has no driver.
Warning: Wire pipelined_processor.\debug_reg_data [4] is used but has no driver.
Warning: Wire pipelined_processor.\debug_reg_data [3] is used but has no driver.
Warning: Wire pipelined_processor.\debug_reg_data [2] is used but has no driver.
Warning: Wire pipelined_processor.\debug_reg_data [1] is used but has no driver.
Warning: Wire pipelined_processor.\debug_reg_data [0] is used but has no driver.
Warning: Wire pipelined_processor.\debug_mem_data [15] is used but has no driver.
Warning: Wire pipelined_processor.\debug_mem_data [14] is used but has no driver.
Warning: Wire pipelined_processor.\debug_mem_data [13] is used but has no driver.
Warning: Wire pipelined_processor.\debug_mem_data [12] is used but has no driver.
Warning: Wire pipelined_processor.\debug_mem_data [11] is used but has no driver.
Warning: Wire pipelined_processor.\debug_mem_data [10] is used but has no driver.
Warning: Wire pipelined_processor.\debug_mem_data [9] is used but has no driver.
Warning: Wire pipelined_processor.\debug_mem_data [8] is used but has no driver.
Warning: Wire pipelined_processor.\debug_mem_data [7] is used but has no driver.
Warning: Wire pipelined_processor.\debug_mem_data [6] is used but has no driver.
Warning: Wire pipelined_processor.\debug_mem_data [5] is used but has no driver.
Warning: Wire pipelined_processor.\debug_mem_data [4] is used but has no driver.
Warning: Wire pipelined_processor.\debug_mem_data [3] is used but has no driver.
Warning: Wire pipelined_processor.\debug_mem_data [2] is used but has no driver.
Warning: Wire pipelined_processor.\debug_mem_data [1] is used but has no driver.
Warning: Wire pipelined_processor.\debug_mem_data [0] is used but has no driver.
Warning: Wire pipelined_processor.\carry_flag_port is used but has no driver.
Found and reported 67 problems.

77. Printing statistics.

=== pipelined_processor ===

   Number of wires:              10630
   Number of wire bits:          10715
   Number of public wires:        2117
   Number of public wire bits:    2202
   Number of memories:               0
   Number of memory bits:            0
   Number of processes:              0
   Number of cells:              10683
     sky130_fd_sc_hd__a2111o_2       4
     sky130_fd_sc_hd__a2111oi_2      3
     sky130_fd_sc_hd__a211o_2      106
     sky130_fd_sc_hd__a211oi_2       7
     sky130_fd_sc_hd__a21bo_2       15
     sky130_fd_sc_hd__a21boi_2       1
     sky130_fd_sc_hd__a21o_2       293
     sky130_fd_sc_hd__a21oi_2       73
     sky130_fd_sc_hd__a221o_2      107
     sky130_fd_sc_hd__a221oi_2      10
     sky130_fd_sc_hd__a22o_2       664
     sky130_fd_sc_hd__a22oi_2        2
     sky130_fd_sc_hd__a2bb2o_2      33
     sky130_fd_sc_hd__a311o_2        2
     sky130_fd_sc_hd__a311oi_2       2
     sky130_fd_sc_hd__a31o_2        46
     sky130_fd_sc_hd__a31oi_2        1
     sky130_fd_sc_hd__a32o_2        52
     sky130_fd_sc_hd__a41o_2         1
     sky130_fd_sc_hd__and2_2       232
     sky130_fd_sc_hd__and2b_2       25
     sky130_fd_sc_hd__and3_2        51
     sky130_fd_sc_hd__and3b_2       10
     sky130_fd_sc_hd__and4_2        13
     sky130_fd_sc_hd__and4b_2        6
     sky130_fd_sc_hd__and4bb_2       2
     sky130_fd_sc_hd__buf_1       2447
     sky130_fd_sc_hd__dfxtp_2     2157
     sky130_fd_sc_hd__inv_2        191
     sky130_fd_sc_hd__mux2_2      1686
     sky130_fd_sc_hd__mux4_2       399
     sky130_fd_sc_hd__nand2_2      140
     sky130_fd_sc_hd__nand3_2        7
     sky130_fd_sc_hd__nand3b_2       4
     sky130_fd_sc_hd__nand4_2        2
     sky130_fd_sc_hd__nor2_2       299
     sky130_fd_sc_hd__nor2b_2        1
     sky130_fd_sc_hd__nor3_2         3
     sky130_fd_sc_hd__nor3b_2        2
     sky130_fd_sc_hd__nor4_2         3
     sky130_fd_sc_hd__o2111a_2       2
     sky130_fd_sc_hd__o2111ai_2      1
     sky130_fd_sc_hd__o211a_2      182
     sky130_fd_sc_hd__o211ai_2       2
     sky130_fd_sc_hd__o21a_2        56
     sky130_fd_sc_hd__o21ai_2       58
     sky130_fd_sc_hd__o21ba_2       12
     sky130_fd_sc_hd__o21bai_2       1
     sky130_fd_sc_hd__o221a_2      286
     sky130_fd_sc_hd__o221ai_2       1
     sky130_fd_sc_hd__o22a_2       397
     sky130_fd_sc_hd__o22ai_2        1
     sky130_fd_sc_hd__o2bb2a_2      15
     sky130_fd_sc_hd__o2bb2ai_2      1
     sky130_fd_sc_hd__o311a_2       10
     sky130_fd_sc_hd__o31a_2        24
     sky130_fd_sc_hd__o31ai_2        5
     sky130_fd_sc_hd__o32a_2        45
     sky130_fd_sc_hd__o41a_2         2
     sky130_fd_sc_hd__or2_2        269
     sky130_fd_sc_hd__or2b_2        13
     sky130_fd_sc_hd__or3_2         27
     sky130_fd_sc_hd__or3b_2        21
     sky130_fd_sc_hd__or4_2         42
     sky130_fd_sc_hd__or4b_2        12
     sky130_fd_sc_hd__or4bb_2        2
     sky130_fd_sc_hd__xnor2_2       64
     sky130_fd_sc_hd__xor2_2        30

   Chip area for module '\pipelined_processor': 119076.704000

78. Executing Verilog backend.
Dumping module `\pipelined_processor'.

Warnings: 67 unique messages, 67 total
End of script. Logfile hash: 17814487e8, CPU: user 7.78s system 0.07s, MEM: 65.12 MB peak
Yosys 0.30+48 (git sha1 14d50a176d5, gcc 8.3.1 -fPIC -Os)
Time spent: 70% 2x abc (17 sec), 7% 33x opt_expr (1 sec), ...
