net,length_um
clknet_0_clk,1198.38
net81,1034.625
_04854_,811.83
net90,807.09
_05007_,779.45
_04716_,774.85
net83,770.26
_04946_,751.32
_05144_,749.94
_04682_,744.71
_04923_,741.87
_04677_,732.41
_03764_,727.03
net92,726.115
net11,723.36
_04692_,713.36
_03756_,713.3
_04744_,708.36
_04935_,706.36
_03772_,704.405
net93,699.73
_04699_,696.19
_03804_,695.88
_04702_,695.54
_02678_,691.6
_02672_,690
_04948_,687.32
net80,675.2
net95,671.62
_02533_,668.28
_02676_,666.63
net94,665.16
_05020_,663.83
_02626_,655.47
_04568_,654.39
_03796_,654.11
_02579_,650.985
_05011_,649.72
_04944_,644.49
net77,643.42
_04808_,629.7
_04943_,629.605
_03747_,628.12
_03818_,626.21
_03635_,613.62
_04711_,613.57
_04550_,613.26
net75,611.75
_02702_,610.74
_04560_,607.88
_04527_,605.03
net10,604.39
net7,604.19
_04572_,601.51
_04931_,598.93
_03825_,598.79
_04814_,596.89
_04052_,593.77
_04703_,586.19
_03876_,583.7
_04546_,580
net68,574.56
_03788_,574.25
_04932_,573.35
_04934_,571.24
_02597_,570.01
_04591_,569.81
_04920_,553.78
net86,553.2
net25,550.1
_03721_,549.47
_04584_,548.82
_04681_,548.06
_04619_,546.02
_04332_,542.62
_02600_,540.21
_03730_,538.48
clknet_4_0_0_clk,537.11
_03878_,536.92
_02712_,536.58
_04539_,535.83
_03681_,531.52
_04746_,530.19
_04715_,528.19
_04694_,525.53
_04704_,522.63
_04565_,522.14
_04536_,521.97
_02650_,521.03
net35,517.79
_02603_,517.73
_04606_,517.11
_04966_,517.11
_04025_,515.05
_04563_,514.84
_04691_,513.95
_05009_,513.1
_03653_,510.99
_02830_,510.69
net9,509.86
net65,507.89
_02825_,507.47
_06093_,504.88
net29,504.32
_04719_,502.86
_04937_,501.36
_04554_,501.125
_02592_,500.51
_03820_,499.62
_03636_,499.36
net12,499.02
_04573_,498.25
_04725_,497.02
_04742_,495.375
_04533_,493.12
_04714_,492.43
net15,490.24
_04922_,490.15
net30,489.47
_04531_,489.21
_04680_,488.14
_03651_,486.62
_02608_,481.29
_04912_,479.73
_04580_,479.37
_04587_,479.23
_02530_,478.55
clknet_4_13_0_clk,477.415
clknet_4_2_0_clk,476.06
_02651_,468.68
_01887_,468.665
_04942_,465.105
_02810_,464.59
_03819_,463.84
clk,463.08
_02669_,462.81
_04567_,460.99
_02822_,460.94
_03978_,460.2
_04581_,460.005
_04853_,459.92
_04784_,458.12
_06101_,457.96
_02578_,455.04
_03918_,454.81
_04033_,452.81
_04685_,452.39
_02594_,447.705
clknet_4_8_0_clk,446.56
_02293_,444.82
_05719_,443.96
_02818_,443.74
_04031_,443.39
_04684_,442.76
net38,441.33
_03780_,441.1
_04597_,436.51
_04552_,436.06
_04177_,435.89
_04555_,435.015
_04035_,435.01
clknet_4_10_0_clk,434.48
_02605_,433.475
net14,431.86
_02813_,431.63
net26,430.32
_06097_,429.67
_02562_,428.72
_04060_,428.06
_02536_,427.76
_04819_,426.345
_02574_,426.3
_04949_,425.895
_02556_,424.11
_04724_,422.91
_03816_,420.8
net85,419.02
_02339_,416.97
_04569_,416.76
clknet_4_15_0_clk,416.56
_04729_,414.43
clknet_4_7_0_clk,413.68
_04930_,413.61
_04535_,413.46
_04016_,413.41
_02568_,412.6
net24,412.5
net42,412.32
_04780_,412.22
net69,411.39
clknet_4_12_0_clk,411.03
_04712_,410.72
_04570_,408.72
_02577_,408.33
clknet_4_14_0_clk,407.99
_05972_,407.68
_04050_,406.12
_04717_,405.25
net67,404.82
_04540_,404.15
_06118_,403.49
_02697_,400.74
_05006_,400.44
_04698_,399.965
_04541_,399.7
_03877_,399.31
_06099_,398.8
_04917_,398.4
net2,396.57
_03689_,395.68
clknet_4_11_0_clk,392.99
_07136_,392.9
_02802_,392.13
_05963_,391.83
_02582_,391.37
_04868_,391.03
net5,390.01
_02646_,389.93
_03697_,389.5
_04926_,389.17
_04705_,387.5
_03682_,387.45
net19,384.5
_03103_,382.93
_04058_,382.92
clknet_4_3_0_clk,382.29
_06341_,380.65
_04965_,380.32
_03811_,379.68
_02322_,378.4
net98,378.16
clknet_4_1_0_clk,376.97
_03822_,376.84
_04919_,376.55
_02284_,375.3
_04701_,372.7
_02545_,371.32
_06618_,370.36
_03817_,370.16
_04755_,369.89
_06126_,369.65
_04586_,368.75
clknet_4_5_0_clk,368.6
clknet_4_6_0_clk,368.6
_06065_,368.31
_02527_,366.98
_06038_,366.46
_05029_,366.42
_01919_,364.23
_06112_,363.7
clknet_4_9_0_clk,363.43
_04538_,363.29
_06084_,362.86
_03668_,362.3
net44,361.12
_03643_,360.57
_04230_,360.49
_04529_,360.42
_03812_,360.14
_04709_,359.59
_02800_,359.55
_02548_,358.54
_02435_,357.03
_04952_,356.84
_02345_,355.47
_04167_,355.46
_04045_,352.78
_02585_,352.43
_04686_,352.17
_04558_,349.01
_04039_,348.49
_02679_,347.68
_02454_,346.86
_05013_,346.81
_03121_,346.46
net3,346.32
_05012_,345.83
_03588_,344.64
_06105_,344.22
_03957_,344.07
_04528_,343.04
_03617_,342.59
_03662_,342.5
_01928_,342.46
_07138_,341.13
_03645_,339.85
_04530_,339.54
_02343_,337.27
_04873_,337.08
net84,336.76
_06116_,335.12
_06075_,334.61
net39,333.93
_03077_,333.9
_04139_,332.82
_04101_,330.2
_05824_,328.17
_03900_,327.93
_03705_,327.44
_04690_,327.18
_05738_,325.9
_03646_,325.74
_04091_,325.52
_03824_,325.32
_07289_,324.81
_03808_,324.32
_03773_,322.14
_03644_,321.54
net43,321.28
_03192_,320.94
_04322_,320.58
net31,320.32
net76,320.13
net6,319.11
_06224_,318.65
_03652_,318.64
_04549_,318.59
net101,317.26
_03934_,317.22
_04202_,316.83
_02353_,316.12
_03616_,315.5
_02685_,315.46
_07155_,315.28
_04120_,314.52
_04970_,313.57
_03698_,312.88
_07005_,312.86
_04428_,312.19
_02351_,311.73
_03969_,311.7
_04313_,310.24
_03948_,310.23
_02426_,310.21
_04534_,309.835
_04986_,309.06
_02665_,308.96
_03809_,308.92
_04007_,307.51
_04063_,306.91
_03201_,306.86
_07130_,306.7
_03578_,306.67
_04544_,306.54
_04082_,306.2
net70,306.12
_06609_,305.86
_01877_,305.36
_03637_,304.79
_04851_,304.425
_01868_,303.83
_04284_,303.39
_04043_,303.27
net41,302.51
_04294_,302.2
_04741_,302.16
_05826_,301.4
_03988_,300.22
clknet_4_4_0_clk,299.18
_04850_,298.88
_06095_,298.72
_03575_,298.69
net97,298.65
_05086_,298.325
net32,297.89
_02320_,297.56
_04148_,297.46
_06392_,296.7
_03713_,296.655
_07321_,295.86
_04331_,295.8
net88,295.54
_07142_,295.505
_06029_,295.5
net73,294.94
_04437_,294.52
_06124_,294.2
_04303_,293.585
_02416_,293.54
_04740_,293.355
_06056_,293.28
_03852_,292.56
_04963_,292.4
net78,292.04
_02667_,292.01
_06103_,291.765
_04600_,291.56
_03921_,290.52
_04485_,288.53
_04041_,288.06
_04110_,287.77
_03883_,287.7
_06130_,286.8
_04577_,286.15
_03831_,286.115
_04211_,285.96
_03188_,285.72
_02654_,285.64
_03827_,284.42
_04245_,284.18
_06202_,284.01
_03669_,283.85
_06199_,283.64
_07134_,282.88
_04221_,282.7
_02892_,282.6
_04129_,282.57
net16,282.52
_07153_,282.39
_04461_,282.25
_03670_,282.23
_03865_,282.19
net18,281.53
_04072_,281.3
_02473_,280.64
_04730_,280.475
_03196_,280.41
_04564_,280.06
_02713_,279.87
_03690_,279.8
rr_ex_pipe_reg.instr_out\[4\],279.68
_03749_,278.74
_03997_,278.735
_02680_,278.54
_04472_,278.475
_04264_,278.16
_04046_,278.115
_04243_,277.31
_03840_,277.2
_07338_,276.45
_04495_,276.43
_03856_,276.35
_04029_,276.34
_02708_,276.18
_02773_,276.1
_06383_,275.66
_05724_,275.37
_02388_,275.1
_04258_,273.24
_04037_,272.99
_07280_,272.86
net46,272.68
_05137_,272.46
_03805_,272.43
_07144_,272.4
_03163_,272.06
_04574_,271.68
_07151_,269.76
_02397_,269.09
_02492_,268.885
_06276_,268.79
_07072_,268.24
_04785_,268.15
_04781_,267.73
_03674_,267.59
_04048_,267.15
_03672_,266.635
_03797_,266.56
_04241_,266.26
_03881_,266.17
_03172_,265.72
net13,265.6
_05016_,265.36
_05117_,265.12
_04239_,264.78
_05710_,264.57
net71,264.38
_03925_,263.76
la_sa_lm_sm_block.reg_index_la_sa\[0\],263.55
_03197_,263.2
_04200_,262.94
_03168_,262.2
_07140_,262
_03765_,261.1
_07335_,261
_02328_,260.76
_03748_,260.21
_04583_,260.1
_06211_,260
_04627_,259
net17,258.5
_07159_,258.38
_05138_,257.885
_02707_,257.85
_02502_,257.67
_03854_,257.3
_07146_,257.26
_03181_,256.49
_03731_,255.76
_07148_,254.76
_02445_,254.67
_04262_,253.78
_03823_,253.01
_07081_,252.84
net21,252.44
_07161_,252.36
_02911_,251.855
_06007_,251.85
net33,251.32
_03829_,250.53
_06209_,250.3
_04847_,249.82
_07163_,249.78
_02703_,249.64
_06194_,249.25
net40,248.71
_02407_,248.37
_03206_,248.32
_02542_,248.24
_06114_,248.16
_04548_,248.04
_03110_,246.71
net74,246.32
net72,246.3
_07157_,246.2
_02599_,245.98
_04842_,245.67
_06207_,245.59
_05254_,245.15
net79,243.22
_02718_,243.09
rr_ex_pipe_reg.instr_out\[5\],242.85
_07342_,242.44
_03714_,241.48
_04480_,241.44
_05182_,241.02
_02652_,240.55
_04665_,240.485
_02698_,240.395
_04247_,239.64
_07340_,239.52
_02620_,239.24
_05737_,239.18
net20,238.5
_03666_,238.09
_02326_,237.94
_04272_,236.89
_03826_,236.82
_06107_,235.7
_04275_,235.66
_03650_,235.32
_02618_,235.19
_06361_,234.8
_05949_,234.35
net87,232.52
_04759_,232.23
_03576_,232.06
_06284_,231.45
_02613_,230.52
ex_mem_pipe_reg.Rd_Data_Out_PR\[9\],229.97
_06122_,229.83
_05135_,229.32
_02336_,228.22
_05793_,226.98
_04448_,226.9
net100,226.65
_04270_,226.16
_05096_,226.08
_02483_,225.2
_03176_,224.73
_03106_,224.575
_04190_,224.57
_01888_,224.14
_07261_,223.84
_02782_,222.98
_06996_,221.99
_05381_,221.68
_03577_,221.55
_07062_,221.505
_05612_,221.39
_02464_,221.22
_04708_,221.21
_06213_,221.14
_03177_,221.075
_06244_,220.93
_07024_,220.76
_02341_,220.7
_03579_,220.685
_05184_,219.93
_06195_,219.82
_02363_,219.68
_06316_,219.54
_04900_,219.34
_03150_,218.74
_03722_,218.56
_06023_,218.31
_05714_,218.14
_02324_,218.02
_06179_,217.42
_04251_,217.04
_04027_,216.18
_07327_,215.56
_07350_,215.55
_07346_,215.17
_05428_,214.9
_03165_,214.865
_04467_,214.83
_02614_,214.59
_07336_,214.18
_05119_,214.16
_05731_,214.12
_06205_,214.12
_04483_,213.34
_05942_,213.2
_05699_,212.95
_05708_,212.33
register_file.registerFile\[7\]\[4\],211.74
_06321_,211.44
_02658_,211.28
_07270_,211.05
_03633_,210.74
ex_mem_pipe_reg.Rd_Data_Out_PR\[13\],210.05
ex_mem_pipe_reg.Rd_Data_Out_PR\[11\],210.01
_05377_,209.33
ex_mem_pipe_reg.Rd_Data_Out_PR\[10\],209.06
_02904_,208.92
_07323_,208.24
_03789_,207.66
_07166_,207.65
_07043_,206.64
_02338_,206.31
_06204_,206.28
_04603_,206.095
_05725_,205.9
_02610_,205.77
_03757_,205.28
_05371_,204.65
_02787_,204.4
_03156_,204.19
_04898_,204.04
_03815_,203.68
_03155_,203.63
_06239_,203.35
_03143_,202.635
_05727_,202.46
_02511_,202.03
_05959_,201.465
_03200_,201.435
net66,201.38
_04835_,200.88
_06111_,200.8
_05825_,200.26
_05610_,199.98
_05948_,199.94
_03153_,199.905
_07348_,199.38
_04673_,198.82
ex_mem_pipe_reg.Rd_Data_Out_PR\[8\],198
_05465_,197.76
_04268_,197.5
_05732_,197.37
_07344_,197
_02332_,196.98
_04525_,196.84
_03632_,196.33
_02629_,195.98
ex_mem_pipe_reg.Rd_Data_Out_PR\[12\],195.95
_04158_,195.88
_03105_,195.34
_06672_,195.02
_01962_,194.7
_03946_,194.67
_07034_,194.46
_03807_,194.18
_05946_,194.11
_02539_,194.06
_02655_,193.74
_05426_,193.6
_05491_,193.52
_03781_,193.5
register_file.registerFile\[7\]\[5\],192.62
_05533_,192.09
net8,192.02
_03191_,191.37
_03639_,191.37
_03923_,191.3
_04628_,191.3
_05707_,191.08
_06201_,190.97
_03203_,190.75
_04056_,190.72
_03151_,190.3
_05957_,190.23
net91,189.78
_05251_,189.67
_05720_,189.39
register_file.registerFile\[7\]\[2\],189.28
_02690_,188.455
_07299_,188.08
_04876_,187.45
_02330_,187.3
_06236_,186.64
_02662_,186.35
_05945_,186.3
_03875_,186.14
_06691_,186.04
_07372_,185.52
_05861_,185.37
_07317_,184.55
_03132_,184.5
rr_ex_pipe_reg.instr_out\[7\],183.97
_04255_,183.32
_03142_,183
rr_ex_pipe_reg.instr_out\[8\],182.81
net61,181.6
_05311_,181.54
_04757_,181.44
_07353_,181.32
_02565_,180.88
_02701_,180.75
ex_mem_pipe_reg.Rd_Data_Out_PR\[15\],180.26
net89,180.18
_02604_,179.92
_06264_,179.84
net96,179.82
_05237_,179.26
_04054_,179.04
_06303_,178.96
_03000_,178.38
_02372_,178.375
_03195_,178.265
_06109_,178.235
_03104_,178.1
_03186_,177.46
_05734_,177.3
_04260_,177.2
_03187_,176.56
_07362_,176.54
_06750_,176.46
_07308_,176.3
_03160_,176.24
_07132_,176.22
_04257_,176.08
_04253_,175.955
_02069_,175.93
_02866_,175.5
_05827_,175.41
_03109_,175.34
_05493_,174.62
_07015_,174.02
_04727_,172.89
_04678_,172.37
_06423_,172.03
_06343_,171.88
_06314_,170.975
_07053_,170.74
_02004_,170.56
_03006_,170.3
_06752_,170.26
_02711_,170.08
_06727_,170.08
_06784_,169.68
_06429_,169.06
_05696_,168.98
_03595_,168.74
_03663_,168.71
_01830_,168.58
_01849_,168.52
_06238_,168.46
_05956_,168.325
_02649_,168.12
_02715_,168.11
_03003_,168.02
_05555_,168.01
_06430_,167.97
_02657_,167.42
_05937_,167.3
_07149_,166.74
_01981_,165.84
ex_mem_pipe_reg.Rd_Data_Out_PR\[14\],165.73
net55,165.7
_05040_,164.98
_05700_,164.52
_06783_,164.38
_06198_,164.14
_02049_,163.75
_03112_,163.58
_04498_,163.5
_06305_,162.88
_01839_,162.72
_05305_,162.7
_04672_,162.65
_02695_,162.6
_05955_,162.23
_06021_,161.73
_05715_,161.27
register_file.registerFile\[7\]\[3\],160.85
register_file.registerFile\[7\]\[1\],160.62
_04181_,160.61
_02686_,160.33
_05686_,160.16
_06884_,159.72
_01945_,159.35
_01858_,159.33
_05649_,159.14
_05064_,158.69
rr_ex_pipe_reg.instr_out\[1\],158.5
register_file.registerFile\[7\]\[0\],158.44
_02696_,158.38
_06883_,158.35
_02588_,158.2
_01820_,158.06
_02587_,158.04
_04424_,157.6
_03113_,157.45
_03146_,157.4
_05588_,157.32
register_file.registerFile\[7\]\[6\],157.3
rr_ex_pipe_reg.instr_out\[6\],156.97
_05723_,156.91
_06120_,156.12
_06272_,156.07
_02684_,155.92
_02673_,155.72
_02706_,155.615
_05760_,155.57
_06722_,155.54
_02591_,155.48
_01946_,155.11
_01966_,154.69
_02595_,154.68
_02521_,154.33
_02305_,154.31
_05564_,154.175
_05958_,153.265
_05730_,152.29
_02520_,151.82
_02027_,151.64
_01890_,151.44
_05893_,151.01
_02280_,150.8
_02619_,150.54
_01954_,150.02
_02315_,149.66
ex_mem_pipe_reg.Rd_Data_Out_PR\[6\],149.47
_05932_,149.44
_06428_,149.2
_04266_,149.14
_04670_,149
_06010_,148.91
_06682_,148.86
ex_mem_pipe_reg.Rd_Data_Out_PR\[7\],148.72
_02303_,148.65
_04904_,148.385
_03291_,148.25
_07175_,148.1
_03706_,147.91
_02317_,147.68
_04671_,147.54
_01892_,147.44
_05952_,147.35
_02555_,147.13
_05316_,147.08
_06257_,147.06
_04406_,146.86
_05951_,146.67
_02278_,146.54
_06011_,146.54
_02593_,145.64
_06230_,145.58
_06274_,145.47
register_file.registerFile\[7\]\[7\],145.17
_05889_,145.08
_02601_,145.04
_03009_,144.44
_05705_,144.14
_05227_,143.76
_05297_,143.7
_05722_,143.45
_05161_,143.34
_06824_,143.14
_03145_,143.02
_02957_,142.86
_07251_,142.82
_06764_,142.78
_02110_,142.49
_02091_,142.07
_02772_,141.88
_05134_,141.88
_04987_,141.715
_02632_,141.295
_04638_,141.08
_05133_,140.94
net45,140.94
_05769_,140.9
_02526_,140.7
clknet_leaf_173_clk,140.02
_04526_,139.575
_03760_,139.4
_02006_,139.24
clknet_leaf_160_clk,139.08
_06733_,139
_05074_,138.95
_05960_,138.87
_07213_,138.6
net82,138.48
_06405_,138.03
dmem.ram\[49\]\[2\],137.58
_05675_,137.48
_03028_,137.42
_06231_,137.2
_06699_,137.18
_07331_,137.08
_05991_,136.31
_06009_,136.31
_07232_,136.16
_04676_,136
_06402_,135.69
_02580_,135.49
_03328_,135.38
_03586_,135.375
register_file.registerFile\[7\]\[15\],135.14
_06762_,135.02
net34,134.76
_07185_,134.72
_06412_,134.64
_05900_,134.56
_06603_,134.54
mem_wb_pipeline_reg.Rd_Data_Out_PR\[9\],134.51
_07194_,134.2
_07319_,133.88
_07102_,133.84
_05757_,133.82
mem_wb_pipeline_reg.Rd_Data_Out_PR\[4\],133.79
_06911_,133.76
_05992_,133.73
_05677_,133.68
_02993_,133.48
_07325_,133.32
_07121_,132.99
_01979_,132.895
_06168_,132.78
_04908_,132.62
_07204_,132.52
_04756_,132.5
_03134_,132.32
_05721_,132.22
_05961_,132.19
_03889_,132.16
_07242_,132.1
_03638_,132.04
_03740_,131.95
_03776_,131.94
clknet_leaf_40_clk,131.84
_02523_,131.61
_05518_,131.56
_04488_,131.24
clknet_leaf_28_clk,131.07
_04669_,131
_04675_,130.95
_06605_,130.69
_05984_,130.66
_02598_,130.4
_05947_,130.36
_02641_,130.255
_02349_,129.88
_03784_,129.8
_03792_,129.68
_05728_,129.63
_05950_,129.6
_05282_,129.55
_04637_,128.98
_06025_,128.92
_06822_,128.9
_03536_,128.84
clknet_leaf_188_clk,128.84
_06710_,128.78
_05772_,128.76
_06206_,128.5
_06414_,128.34
_03768_,128.08
_06012_,127.47
_01955_,127.38
_01910_,127.2
_03800_,127.18
_06220_,127.155
_05222_,127.13
_05245_,127.11
mem_wb_pipeline_reg.Rd_Data_Out_PR\[0\],127.07
clknet_leaf_149_clk,127.06
_02550_,126.95
_02549_,126.94
_03738_,126.44
register_file.registerFile\[7\]\[14\],126.44
_07223_,126.42
_03123_,126.26
_06049_,126.03
_04333_,125.82
_06339_,125.74
_07093_,125.68
_06410_,125.6
_02683_,125.59
_03047_,125.54
_05302_,125.32
_02791_,125.29
_04489_,125.28
_05904_,124.86
_06831_,124.72
_05065_,124.52
_03399_,124.42
_01949_,124.39
_01913_,124.24
clknet_leaf_93_clk,124.24
_05910_,124.12
_06655_,124.03
clknet_leaf_4_clk,123.97
_06020_,123.94
clknet_leaf_155_clk,123.56
_06048_,123.23
ex_mem_pipe_reg.Control_Out\[2\],123.16
_03573_,123.14
_05895_,123.09
_06018_,122.84
_06050_,122.64
dmem.ram\[49\]\[5\],122.36
_03598_,122.14
_05681_,122.12
_01906_,122.03
_01909_,121.98
_02382_,121.62
_06420_,121.54
net62,121.54
_04249_,121.52
clknet_leaf_58_clk,121.16
_02630_,121
register_file.registerFile\[5\]\[10\],120.99
_03447_,120.96
_01995_,120.95
_02583_,120.94
_02751_,120.71
_03364_,120.56
_02616_,120.4
register_file.registerFile\[5\]\[1\],120.28
_01915_,120.09
_06006_,119.87
clknet_leaf_36_clk,119.765
_05464_,119.66
_03397_,119.32
_06026_,119.26
dmem.ram\[48\]\[7\],119.26
_02640_,119.24
_02384_,119.21
_04822_,119.1
_01908_,118.86
_06657_,118.835
_03133_,118.76
mem_wb_pipeline_reg.Rd_Data_Out_PR\[10\],118.74
_06052_,118.64
_06928_,118.46
clknet_leaf_208_clk,118.44
register_file.registerFile\[7\]\[8\],118.39
_02671_,118.38
_05193_,118.26
_05735_,118.24
_05247_,118.035
clknet_leaf_189_clk,116.91
mem_wb_pipeline_reg.Rd_Data_Out_PR\[1\],116.9
_02311_,116.84
_03136_,116.74
_05994_,116.7
_06930_,116.66
_03752_,116.44
_03484_,116.42
clknet_leaf_201_clk,116.28
_06900_,116.25
register_file.registerFile\[5\]\[11\],115.965
clknet_leaf_177_clk,115.87
clknet_leaf_143_clk,115.74
_03733_,115.68
ex_mem_pipe_reg.Rd_Data_Out_PR\[2\],115.58
_02586_,115.26
_06196_,115.22
clknet_leaf_119_clk,115.2
_06415_,115.14
_03137_,115.09
register_file.registerFile\[5\]\[6\],114.835
_02584_,114.74
_03920_,114.74
_04834_,114.72
clknet_leaf_108_clk,114.72
_03709_,114.62
net37,114.56
_06409_,114.55
_03742_,114.5
clknet_leaf_170_clk,114.45
_07112_,114.34
register_file.registerFile\[5\]\[7\],114.34
_05996_,114.12
_03228_,114.02
_05763_,113.98
_05982_,113.95
net47,113.88
_03685_,113.84
_06379_,113.68
_06931_,113.62
_03735_,113.46
_06310_,113.46
_06354_,113.46
_01912_,113.38
_03717_,113.38
_05503_,113.2
_05673_,113.18
_03139_,113.09
_04447_,112.84
_01958_,112.82
clknet_leaf_8_clk,112.78
_02309_,112.72
clknet_leaf_47_clk,112.715
_05549_,112.68
mem_wb_pipeline_reg.Rd_Data_Out_PR\[12\],112.52
_03726_,112.46
_03640_,112.44
mem_wb_pipeline_reg.Rd_Data_Out_PR\[5\],112.42
register_file.registerFile\[5\]\[8\],112.28
_03596_,112.23
_02809_,112.2
_02347_,111.92
_06377_,111.9
_06375_,111.68
_06755_,111.48
_02644_,111.47
_06602_,111.46
_02637_,111.39
_03851_,111.34
_06225_,111.34
_03910_,111.32
_03127_,111.28
_04897_,111.17
_03734_,111.08
_05940_,111.06
_06986_,110.84
net36,110.8
register_file.registerFile\[5\]\[13\],110.6
_04515_,110.56
ex_mem_pipe_reg.RF_D2_Out\[4\],110.42
_05823_,110.415
_07329_,110.36
_05307_,110.16
_05145_,110.08
_03693_,110.04
_03741_,109.94
_06353_,109.94
_03600_,109.89
_04630_,109.8
_03590_,109.68
_03667_,109.66
_06833_,109.66
_06524_,109.64
_06419_,109.6
clknet_leaf_65_clk,109.54
_04370_,109.51
_06421_,109.5
_04664_,109.39
_04656_,109.22
_03897_,109.02
_03224_,108.98
_04844_,108.72
_01984_,108.7
_06422_,108.48
_05914_,108.46
_06416_,108.36
_03906_,108.34
clknet_leaf_24_clk,108.24
register_file.registerFile\[2\]\[1\],108.11
_03029_,108.08
clknet_leaf_46_clk,108.04
_03701_,108.02
clknet_leaf_11_clk,107.9
_03129_,107.89
_06346_,107.68
_02277_,107.66
clknet_leaf_192_clk,107.58
rr_ex_pipe_reg.cntrl_out\[5\],107.46
register_file.registerFile\[5\]\[9\],107.42
_06829_,107.3
_04984_,107.29
_03180_,107.1
_06299_,107.1
clknet_leaf_206_clk,106.9
_01957_,106.88
clknet_leaf_71_clk,106.88
_05997_,106.82
_06293_,106.545
_06424_,106.53
_03677_,106.48
_06927_,106.46
_03091_,106.42
dmem.ram\[49\]\[7\],106.34
_06849_,106.27
_06411_,106.22
_02117_,106.15
clknet_leaf_41_clk,106.12
_02524_,106.1
_06426_,106.05
_04762_,106.025
register_file.registerFile\[5\]\[14\],105.98
_05998_,105.97
_06014_,105.915
clknet_leaf_180_clk,105.66
mem_wb_pipeline_reg.Rd_Data_Out_PR\[7\],105.62
_06330_,105.4
clknet_leaf_196_clk,105.26
_03893_,105.08
_05944_,104.99
_02643_,104.96
clknet_leaf_125_clk,104.96
_05437_,104.94
ex_mem_pipe_reg.Rd_Addr_Out_PR\[0\],104.9
clknet_leaf_81_clk,104.88
_05008_,104.53
register_file.registerFile\[7\]\[12\],104.33
_03604_,104.16
_06019_,104.105
clknet_leaf_184_clk,104.06
_04631_,103.935
clknet_leaf_171_clk,103.82
clknet_leaf_86_clk,103.76
clknet_leaf_104_clk,103.7
_03724_,103.67
_02571_,103.52
_05986_,103.46
_06408_,103.43
_05043_,103.38
_05323_,103.26
register_file.registerFile\[5\]\[12\],103.19
_03162_,103.16
register_file.registerFile\[1\]\[2\],103.14
ex_mem_pipe_reg.RF_D2_Out\[5\],103.02
_03401_,102.88
_05160_,102.84
_05205_,102.8
_05405_,102.76
_05069_,102.7
clknet_leaf_151_clk,102.52
register_file.registerFile\[7\]\[11\],102.49
_05128_,102.4
_06348_,102.36
_03403_,102.26
clknet_leaf_20_clk,101.96
_05794_,101.9
_03183_,101.735
clknet_leaf_162_clk,101.73
_06013_,101.68
ex_mem_pipe_reg.Rd_Addr_Out_PR\[1\],101.65
register_file.registerFile\[1\]\[1\],101.61
_05906_,101.54
_01947_,101.4
_06417_,101.4
_06186_,101.33
register_file.registerFile\[5\]\[2\],101.18
clknet_leaf_187_clk,100.97
_04492_,100.92
_00474_,100.875
_06017_,100.8
_06860_,100.8
_06282_,100.76
clknet_leaf_145_clk,100.72
_06413_,100.7
clknet_leaf_153_clk,100.7
clknet_leaf_23_clk,100.66
_03914_,100.61
if_id_pipe_reg.PC_Out\[8\],100.56
_03904_,100.54
_06635_,100.52
clknet_leaf_126_clk,100.52
_02237_,100.5
clknet_leaf_43_clk,100.49
_02635_,100.24
_06349_,100.17
_03310_,100.12
_02262_,100
_03592_,99.92
_06836_,99.89
_06363_,99.54
_03584_,99.46
_05941_,99.46
register_file.registerFile\[7\]\[13\],99.44
clknet_leaf_117_clk,99.38
_03117_,99.27
_04997_,99.1
_05243_,99.1
clknet_leaf_198_clk,99.07
_06357_,98.94
_03166_,98.54
_04388_,98.46
_05999_,98.46
clknet_leaf_165_clk,98.44
_05541_,98.4
_05232_,98.32
_06347_,97.86
_06604_,97.83
_02887_,97.8
dmem.ram\[20\]\[7\],97.74
_06760_,97.72
clknet_leaf_136_clk,97.7
net548,97.7
_05287_,97.66
_06371_,97.58
clknet_leaf_68_clk,97.57
ex_mem_pipe_reg.Rd_Data_Out_PR\[0\],97.5
clknet_leaf_16_clk,97.45
_05432_,97.44
_06252_,97.33
_03634_,97.32
_05373_,97.26
_06376_,97.1
_04369_,97.08
_02982_,97.06
net539,97.06
net521,96.88
_03587_,96.86
clknet_leaf_205_clk,96.84
_02631_,96.8
dmem.ram\[58\]\[14\],96.78
_05987_,96.75
_06933_,96.73
_06811_,96.63
clknet_leaf_72_clk,96.6
_05922_,96.53
register_file.registerFile\[5\]\[0\],96.53
_06223_,96.52
clknet_leaf_32_clk,96.42
_03581_,96.375
_04342_,96.34
_02334_,96.31
clknet_leaf_21_clk,96.26
_03736_,96.22
_03408_,95.98
_06401_,95.72
clknet_leaf_9_clk,95.6
_06369_,95.57
_02381_,95.37
_02609_,95.36
clknet_leaf_0_clk,95.32
_01941_,95.28
_06355_,95.26
register_file.registerFile\[1\]\[0\],95.22
_04760_,95.21
_05609_,95.19
_05990_,95.16
_03509_,95.05
_03908_,94.96
mem_wb_pipeline_reg.Rd_Data_Out_PR\[2\],94.86
clknet_leaf_91_clk,94.84
_05506_,94.69
_06015_,94.425
clknet_leaf_74_clk,94.4
clknet_leaf_57_clk,94.36
register_file.registerFile\[1\]\[4\],94.3
net48,94.1
_06418_,93.92
ex_mem_pipe_reg.RF_D2_Out\[0\],93.91
clknet_leaf_95_clk,93.88
_01942_,93.78
_06491_,93.68
_06465_,93.66
clknet_leaf_199_clk,93.66
_03167_,93.595
_03561_,93.58
clknet_leaf_202_clk,93.425
ex_mem_pipe_reg.RF_D2_Out\[3\],93.42
clknet_leaf_12_clk,93.4
_06643_,93.335
mem_wb_pipeline_reg.Rd_Data_Out_PR\[11\],93.28
_06738_,93.26
clknet_leaf_182_clk,93.26
_04807_,93.22
_03641_,93.21
_05766_,93.18
rr_ex_pipe_reg.pc_next_out\[0\],93.04
ex_mem_pipe_reg.RF_D2_Out\[2\],93
dmem.ram\[49\]\[3\],92.92
register_file.registerFile\[5\]\[15\],92.84
mem_wb_pipeline_reg.Rd_Data_Out_PR\[13\],92.8
clknet_leaf_179_clk,92.72
_06404_,92.5
_06761_,92.46
clknet_leaf_164_clk,92.42
mem_wb_pipeline_reg.Rd_Addr_Out_PR\[0\],92.405
rr_ex_pipe_reg.pc_next_out\[9\],92.25
clknet_leaf_127_clk,92.04
clknet_leaf_10_clk,91.81
_02553_,91.77
_01948_,91.64
_02634_,91.5
clknet_leaf_98_clk,91.36
register_file.registerFile\[1\]\[5\],91.18
register_file.registerFile\[3\]\[2\],91.13
_03585_,91.04
_03895_,91.01
_05985_,91
clknet_leaf_147_clk,90.96
_02627_,90.94
_03912_,90.9
_02735_,90.66
_06051_,90.64
_06741_,90.4
clknet_leaf_135_clk,90.32
_01937_,90.315
_03396_,90.3
_04415_,90.18
clknet_leaf_70_clk,90.18
clknet_leaf_15_clk,90.02
_06717_,89.98
_06364_,89.9
clknet_leaf_159_clk,89.78
_06800_,89.76
ex_mem_pipe_reg.RF_D2_Out\[1\],89.76
register_file.registerFile\[2\]\[0\],89.635
_04360_,89.6
_03649_,89.58
_06258_,89.56
clknet_leaf_64_clk,89.41
dmem.ram\[8\]\[1\],89.32
_03574_,89.3
_06008_,89.14
_05741_,89.12
_01940_,89.1
_03353_,89.06
_02279_,89.02
_06215_,89
_06378_,88.82
clknet_leaf_204_clk,88.8
_04914_,88.78
_03849_,88.72
_03065_,88.7
_04659_,88.58
clknet_leaf_83_clk,88.54
_03885_,88.4
clknet_leaf_26_clk,88.38
_01938_,88.37
clknet_leaf_92_clk,88.34
_03583_,88.32
_04728_,88.3
rr_ex_pipe_reg.pc_next_out\[5\],88.2
_02624_,88.1
dmem.ram\[58\]\[2\],88.08
_03891_,87.96
_02770_,87.94
_03887_,87.84
ex_mem_pipe_reg.Control_Out\[1\],87.8
clknet_leaf_161_clk,87.8
_02083_,87.7
clknet_leaf_138_clk,87.44
_06362_,86.96
_03850_,86.86
ex_mem_pipe_reg.Rd_Addr_Out_PR\[2\],86.82
_04877_,86.78
ex_mem_pipe_reg.Instr_Out\[12\],86.78
clknet_leaf_137_clk,86.72
clknet_leaf_115_clk,86.7
_04991_,86.695
mem_wb_pipeline_reg.Rd_Data_Out_PR\[8\],86.66
register_file.registerFile\[2\]\[2\],86.64
_05274_,86.6
_06763_,86.28
_04611_,86.16
_06367_,86.14
_02552_,86.08
clknet_leaf_203_clk,86.06
clknet_leaf_6_clk,85.98
dmem.ram\[56\]\[7\],85.94
register_file.registerFile\[4\]\[1\],85.94
_05404_,85.76
ex_mem_pipe_reg.Rd_Data_Out_PR\[1\],85.68
rr_ex_pipe_reg.pc_next_out\[6\],85.605
rr_ex_pipe_reg.pc_next_out\[1\],85.56
clknet_leaf_106_clk,85.48
_02114_,85.4
clknet_leaf_139_clk,85.18
dmem.ram\[49\]\[0\],85.14
dmem.ram\[49\]\[4\],85.06
_06649_,85.04
clknet_leaf_186_clk,84.8
clknet_leaf_140_clk,84.78
_02850_,84.72
clknet_leaf_30_clk,84.68
_06227_,84.66
_04507_,84.62
clknet_leaf_128_clk,84.62
net28,84.6
_01905_,84.58
clknet_leaf_29_clk,84.58
_02316_,84.5
_04351_,84.47
_04499_,84.44
_06005_,84.38
clknet_leaf_200_clk,84.38
clknet_leaf_35_clk,84.24
_06184_,84.22
_03580_,84.1
clknet_leaf_50_clk,84.06
net1,84.02
mem_wb_pipeline_reg.Control_Out,83.98
_05034_,83.84
_02694_,83.8
_05083_,83.74
_03739_,83.72
clknet_leaf_112_clk,83.67
_06880_,83.66
_04884_,83.56
_06283_,83.54
register_file.registerFile\[3\]\[0\],83.46
_06345_,83.44
_05635_,83.38
clknet_leaf_66_clk,83.3
_05551_,83.2
_02314_,83.16
_05616_,83.04
mem_wb_pipeline_reg.Rd_Data_Out_PR\[3\],82.96
rr_ex_pipe_reg.pc_next_out\[7\],82.92
dmem.ram\[51\]\[4\],82.88
_04658_,82.79
_05540_,82.78
_06653_,82.78
ex_mem_pipe_reg.Rd_Data_Out_PR\[3\],82.7
_05010_,82.58
ex_mem_pipe_reg.Rd_Data_Out_PR\[5\],82.54
_02677_,82.34
clknet_leaf_123_clk,82.18
clknet_leaf_105_clk,82.16
clknet_leaf_132_clk,82.1
clknet_leaf_146_clk,82.1
_03171_,82.06
_02670_,82.05
_02885_,81.96
mem_wb_pipeline_reg.Rd_Data_Out_PR\[14\],81.94
_02302_,81.93
_03406_,81.9
register_file.registerFile\[2\]\[5\],81.895
rr_ex_pipe_reg.pc_next_out\[2\],81.8
clknet_leaf_38_clk,81.76
mem_wb_pipeline_reg.Rd_Addr_Out_PR\[2\],81.675
mem_wb_pipeline_reg.Rd_Data_Out_PR\[6\],81.58
register_file.registerFile\[1\]\[6\],81.53
rr_ex_pipe_reg.pc_next_out\[4\],81.5
_05596_,81.4
_05928_,81.355
_02463_,81.125
_05505_,81.12
_03520_,81.08
_06234_,81.04
clknet_leaf_148_clk,81.04
_04657_,81.01
_06587_,80.92
register_file.registerFile\[1\]\[13\],80.84
clknet_leaf_31_clk,80.72
_05768_,80.7
register_file.registerFile\[5\]\[3\],80.63
_06291_,80.56
dmem.ram\[18\]\[7\],80.56
ex_mem_pipe_reg.Instr_Out\[15\],80.47
_02181_,80.45
clknet_leaf_97_clk,80.44
_05188_,80.41
clknet_leaf_75_clk,80.4
clknet_leaf_76_clk,80.34
clknet_leaf_52_clk,80.26
_02383_,80.04
clknet_leaf_120_clk,80.04
dmem.ram\[4\]\[7\],79.94
_03902_,79.9
register_file.registerFile\[3\]\[1\],79.88
register_file.registerFile\[3\]\[4\],79.74
clknet_leaf_84_clk,79.62
clknet_leaf_79_clk,79.54
_02821_,79.5
_03552_,79.36
_03312_,79.3
_04582_,79.28
alu_control.reg_write_enable_in,79.275
clknet_leaf_61_clk,79.2
_06022_,79.08
_02921_,79.02
_04775_,79.005
_04794_,79
_04761_,78.86
_01917_,78.82
_05425_,78.7
clknet_leaf_59_clk,78.7
register_file.registerFile\[5\]\[4\],78.57
_03919_,78.54
_04668_,78.54
_06027_,78.46
register_file.registerFile\[6\]\[5\],78.435
_06016_,78.29
_04667_,78.2
clknet_leaf_1_clk,78.18
clknet_leaf_51_clk,78.14
clknet_leaf_124_clk,78.06
clknet_leaf_178_clk,77.94
clknet_leaf_154_clk,77.9
_03608_,77.84
_05857_,77.84
if_id_pipe_reg.PC_Out\[0\],77.82
net54,77.78
register_file.registerFile\[5\]\[5\],77.66
_02137_,77.6
_03615_,77.58
_03379_,77.54
_01982_,77.36
_03175_,77.36
_05154_,77.28
_04514_,77.26
clknet_leaf_193_clk,77.26
_04524_,77.16
_03244_,77.1
clknet_leaf_157_clk,77.1
_03899_,77
_06668_,76.94
clknet_leaf_62_clk,76.82
_03611_,76.815
_02666_,76.74
_05988_,76.64
register_file.registerFile\[7\]\[9\],76.52
_06356_,76.5
clknet_leaf_116_clk,76.485
dmem.ram\[8\]\[7\],76.46
ex_mem_pipe_reg.Rd_Data_Out_PR\[4\],76.42
_05050_,76.38
_05451_,76.38
_05953_,76.22
_04604_,76.18
clknet_leaf_197_clk,76.14
register_file.registerFile\[1\]\[3\],76.08
_01886_,76.04
_06841_,76
rr_ex_pipe_reg.pc_next_out\[3\],75.96
_02689_,75.94
_05912_,75.92
rr_ex_pipe_reg.pc_next_out\[8\],75.82
clknet_leaf_130_clk,75.76
_05123_,75.64
register_file.registerFile\[1\]\[15\],75.58
register_file.registerFile\[2\]\[4\],75.545
_05275_,75.52
_02956_,75.48
_02308_,75.46
clknet_leaf_73_clk,75.42
_04455_,75.415
_05954_,75.32
clknet_leaf_13_clk,75.32
_05424_,75.28
_06164_,75.28
_06131_,75.185
_02692_,75.175
_06001_,75.12
clknet_leaf_3_clk,75.02
net23,74.92
register_file.registerFile\[7\]\[10\],74.84
_02668_,74.8
_02220_,74.76
clknet_leaf_60_clk,74.58
clknet_leaf_42_clk,74.28
_05497_,74.2
rr_ex_pipe_reg.pc_next_out\[12\],74.175
_05389_,74.08
_07333_,74
clknet_leaf_110_clk,74
_01916_,73.83
_06936_,73.72
_06540_,73.7
ex_mem_pipe_reg.Instr_Out\[14\],73.64
_06368_,73.62
_04971_,73.56
_04838_,73.55
clknet_leaf_48_clk,73.48
clknet_leaf_121_clk,73.4
clknet_leaf_181_clk,73.38
clknet_leaf_55_clk,73.34
_06322_,73.28
_04446_,73.26
_06265_,73.2
la_sa_lm_sm_block.reg_index_la_sa\[1\],73.14
_06941_,73.08
_03223_,72.96
clknet_leaf_169_clk,72.9
_04594_,72.82
register_file.registerFile\[1\]\[14\],72.82
clknet_leaf_49_clk,72.82
_04841_,72.77
_03582_,72.68
_05981_,72.66
rr_ex_pipe_reg.pc_next_out\[11\],72.66
_04497_,72.64
_05356_,72.54
_06146_,72.52
_04774_,72.48
_05548_,72.48
_04769_,72.28
_02790_,72.14
clknet_leaf_152_clk,72.14
_05116_,72.12
clknet_leaf_19_clk,72.05
_05864_,71.86
clknet_leaf_67_clk,71.835
_05648_,71.78
_05884_,71.76
clknet_leaf_78_clk,71.66
_02482_,71.56
_02930_,71.46
_06531_,71.46
_04771_,71.42
_05706_,71.395
_03483_,71.34
_03452_,71.2
_04397_,71.04
rr_ex_pipe_reg.pc_next_out\[10\],70.86
_05398_,70.71
clknet_leaf_87_clk,70.62
_02276_,70.46
clknet_leaf_190_clk,70.41
clknet_leaf_94_clk,70.34
_04532_,70.32
_06850_,70.24
dmem.ram\[51\]\[5\],69.9
_03094_,69.88
clknet_leaf_133_clk,69.86
rr_ex_pipe_reg.pc_next_out\[14\],69.74
_05483_,69.7
_06949_,69.68
_05860_,69.66
dmem.ram\[41\]\[4\],69.66
_06142_,69.62
register_file.registerFile\[2\]\[15\],69.515
_07091_,69.35
register_file.registerFile\[1\]\[7\],69.14
clknet_leaf_113_clk,69.14
_06226_,69.135
rr_ex_pipe_reg.RF_A2_Out\[2\],69.12
_04766_,68.95
_03098_,68.86
clknet_leaf_34_clk,68.84
clknet_leaf_122_clk,68.78
_06629_,68.77
_05211_,68.74
clknet_leaf_172_clk,68.7
_03249_,68.64
_05258_,68.44
clknet_leaf_33_clk,68.44
_03431_,68.4
_05203_,68.36
_03874_,68.34
register_file.registerFile\[1\]\[8\],68.32
_06235_,68.22
register_file.registerFile\[3\]\[15\],68.15
_03164_,68.12
clknet_leaf_96_clk,68.12
register_file.registerFile\[3\]\[3\],68.1
_04551_,67.9
_06287_,67.88
clknet_leaf_174_clk,67.8
clknet_leaf_156_clk,67.74
clknet_leaf_167_clk,67.74
_03410_,67.72
_01889_,67.64
_05292_,67.58
dmem.ram\[8\]\[15\],67.54
register_file.registerFile\[2\]\[8\],67.405
_04517_,67.33
clknet_leaf_90_clk,67.04
dmem.ram\[61\]\[2\],67.005
_04918_,66.96
_04994_,66.85
_02067_,66.84
_05917_,66.82
_06892_,66.8
_04737_,66.68
_03102_,66.66
clknet_leaf_168_clk,66.56
_02194_,66.5
_02801_,66.5
_05496_,66.48
_05642_,66.44
_06237_,66.28
_02047_,66.24
mem_wb_pipeline_reg.Rd_Data_Out_PR\[15\],66.2
_06255_,66.06
clknet_leaf_5_clk,65.94
_05621_,65.92
_06197_,65.915
clknet_leaf_176_clk,65.86
_06814_,65.78
_06442_,65.66
register_file.registerFile\[6\]\[11\],65.635
_04768_,65.075
register_file.registerFile\[0\]\[11\],65.07
_05554_,65.065
_04379_,65.06
_06536_,64.98
dmem.ram\[13\]\[11\],64.965
_06432_,64.945
dmem.ram\[49\]\[13\],64.92
register_file.registerFile\[0\]\[0\],64.86
register_file.registerFile\[3\]\[13\],64.8
register_file.registerFile\[3\]\[6\],64.8
_05869_,64.79
_03012_,64.76
clknet_leaf_142_clk,64.72
ex_mem_pipe_reg.RF_D2_Out\[7\],64.7
_05385_,64.6
_02687_,64.48
clknet_leaf_27_clk,64.42
clknet_leaf_89_clk,64.42
rr_ex_pipe_reg.instr_out\[0\],64.36
register_file.registerFile\[2\]\[7\],64.315
_02304_,64.2
register_file.registerFile\[6\]\[4\],64.2
_02026_,64.16
_02005_,64.14
_06251_,64.09
_06162_,64.04
_06358_,64.04
clknet_leaf_102_clk,64.02
dmem.ram\[20\]\[0\],64
register_file.registerFile\[2\]\[13\],63.845
clknet_leaf_54_clk,63.84
register_file.registerFile\[2\]\[3\],63.64
_06547_,63.6
clknet_leaf_207_clk,63.52
_02785_,63.5
_03594_,63.5
dmem.ram\[61\]\[0\],63.49
register_file.registerFile\[1\]\[12\],63.48
_05214_,63.46
_05087_,63.44
clknet_leaf_56_clk,63.44
clknet_leaf_141_clk,63.4
clknet_leaf_7_clk,63.18
_04523_,63.12
_04520_,63.09
register_file.registerFile\[4\]\[3\],62.92
_01978_,62.9
_02881_,62.88
clknet_leaf_80_clk,62.8
_06144_,62.74
_06793_,62.74
register_file.registerFile\[2\]\[6\],62.63
_05106_,62.6
_04633_,62.535
_03036_,62.52
clknet_leaf_101_clk,62.52
dmem.ram\[49\]\[8\],62.5
_06151_,62.46
_06844_,62.46
ex_mem_pipe_reg.RF_D2_Out\[6\],62.3
id_rr_pipe_reg.instr_out\[14\],62.3
_02883_,62.26
dmem.ram\[22\]\[1\],62.22
_02978_,62.16
_05281_,62.08
_04519_,62.02
_05674_,61.82
_05035_,61.7
clknet_leaf_82_clk,61.7
clknet_leaf_150_clk,61.7
_06944_,61.48
_05180_,61.46
_03556_,61.34
clknet_leaf_183_clk,61.3
_02720_,61.28
_05874_,61.28
dmem.ram\[56\]\[5\],61.14
_03448_,61.12
clknet_leaf_88_clk,61.03
_03240_,61
_03395_,60.94
_06914_,60.9
_05918_,60.84
_05752_,60.77
_04793_,60.76
_03746_,60.73
_06143_,60.7
register_file.registerFile\[3\]\[7\],60.6
_06279_,60.5
_05201_,60.46
_02356_,60.42
id_rr_pipe_reg.pc_next_out\[0\],60.34
dmem.ram\[18\]\[0\],60.32
_06157_,60.26
_05897_,60.24
id_rr_pipe_reg.instr_out\[13\],60.14
_03081_,60.06
_03879_,60
register_file.registerFile\[0\]\[1\],59.93
dmem.ram\[49\]\[10\],59.915
_06270_,59.87
_02151_,59.68
_03141_,59.68
register_file.registerFile\[3\]\[5\],59.62
register_file.registerFile\[4\]\[0\],59.54
_06533_,59.41
clknet_leaf_14_clk,59.4
_03296_,59.38
register_file.registerFile\[2\]\[14\],59.365
_06954_,59.22
clknet_leaf_99_clk,59.195
_06792_,59.16
_05228_,59.14
_05813_,59.06
_05811_,59
clknet_leaf_37_clk,58.96
_05733_,58.945
clknet_leaf_2_clk,58.92
_06919_,58.86
_06370_,58.78
dmem.ram\[28\]\[1\],58.61
net718,58.58
_02828_,58.52
_05608_,58.52
clknet_leaf_53_clk,58.52
rr_ex_pipe_reg.cntrl_out\[8\],58.46
_02941_,58.44
_04566_,58.42
_03400_,58.4
_03504_,58.4
_03535_,58.36
_02590_,58.26
clknet_leaf_63_clk,58.22
_06855_,58.16
_05863_,58.11
_06908_,58.1
_05342_,58.04
rr_ex_pipe_reg.pc_out\[7\],57.88
clknet_leaf_17_clk,57.76
register_file.registerFile\[0\]\[2\],57.67
_02310_,57.54
rr_ex_pipe_reg.RF_D2_Out\[1\],57.54
_03348_,57.48
_06004_,57.48
_03660_,57.38
_04081_,57.3
_02076_,57.28
_03327_,57.22
_02925_,57.18
_05341_,57.1
_04754_,57.08
dmem.ram\[18\]\[5\],57.08
register_file.registerFile\[1\]\[10\],57.01
clknet_leaf_25_clk,56.94
dmem.ram\[62\]\[2\],56.9
_06435_,56.885
_05745_,56.765
_06468_,56.73
_05878_,56.65
dmem.ram\[22\]\[2\],56.65
_05859_,56.6
_06135_,56.56
_02359_,56.55
_03679_,56.54
register_file.registerFile\[4\]\[11\],56.53
_06642_,56.52
_06959_,56.52
clknet_leaf_194_clk,56.5
_02102_,56.48
_03178_,56.42
net606,56.36
_07090_,56.23
dmem.ram\[58\]\[10\],56.2
clknet_leaf_111_clk,56.14
_02989_,55.92
if_id_pipe_reg.PC_Out\[1\],55.88
_06876_,55.86
dmem.ram\[13\]\[10\],55.805
clknet_leaf_107_clk,55.74
_05522_,55.69
_05797_,55.645
_03384_,55.6
_05787_,55.565
_06262_,55.52
_06969_,55.52
if_id_pipe_reg.PC_Out\[7\],55.52
register_file.registerFile\[6\]\[2\],55.36
_06228_,55.28
_04176_,55.14
register_file.registerFile\[0\]\[9\],54.98
dmem.ram\[17\]\[0\],54.835
register_file.registerFile\[4\]\[15\],54.82
_04501_,54.8
_03064_,54.74
_05317_,54.72
_04815_,54.62
_05589_,54.58
_05070_,54.56
_06817_,54.56
clknet_leaf_166_clk,54.56
_06444_,54.52
_06608_,54.52
if_id_pipe_reg.PC_Out\[12\],54.5
_02360_,54.48
_02561_,54.48
_06446_,54.36
_06838_,54.28
_06974_,54.24
_06463_,54.22
dmem.ram\[56\]\[15\],54.16
_06323_,54.14
_03205_,54.12
_04832_,54.1
_03356_,54.08
register_file.registerFile\[3\]\[8\],54.05
clknet_leaf_163_clk,54.04
_04179_,54.02
_04639_,53.855
_05508_,53.84
_04138_,53.8
_02709_,53.755
dmem.ram\[21\]\[9\],53.745
_05780_,53.625
_03619_,53.58
_05886_,53.54
_02831_,53.42
dmem.ram\[5\]\[11\],53.385
dmem.ram\[58\]\[0\],53.34
_06645_,53.3
_02541_,53.22
clknet_leaf_185_clk,53.22
dmem.ram\[58\]\[15\],53.17
dmem.ram\[8\]\[3\],53.1
_03488_,53.04
_02111_,53.03
_02124_,52.97
_03174_,52.96
dmem.ram\[42\]\[4\],52.96
dmem.ram\[5\]\[7\],52.925
dmem.ram\[29\]\[1\],52.905
register_file.registerFile\[1\]\[11\],52.88
_05818_,52.865
_02558_,52.86
_02358_,52.72
_06871_,52.72
clknet_leaf_69_clk,52.62
register_file.registerFile\[3\]\[10\],52.6
_03551_,52.54
rr_ex_pipe_reg.RF_D2_Out\[4\],52.52
rr_ex_pipe_reg.RF_D1_Out\[9\],52.38
dmem.ram\[60\]\[2\],52.36
_02090_,52.32
_06647_,52.26
dmem.ram\[8\]\[6\],52.235
_06360_,52.17
_05209_,52.14
_05357_,52.06
_05336_,51.96
ex_mem_pipe_reg.RF_D2_Out\[12\],51.91
_06175_,51.84
_05204_,51.72
net489,51.72
dmem.ram\[13\]\[8\],51.625
if_id_pipe_reg.PC_Out\[4\],51.56
_05804_,51.485
dmem.ram\[19\]\[14\],51.46
register_file.registerFile\[4\]\[2\],51.42
_05350_,51.36
_04460_,51.27
_04693_,51.26
_06861_,51.26
dmem.ram\[58\]\[11\],51.24
_02572_,51.22
_05844_,51.22
dmem.ram\[18\]\[15\],51.22
net27,51.22
_03711_,51.2
_05530_,51.16
_06153_,51.12
_04602_,51.08
dmem.ram\[11\]\[3\],51.04
rr_ex_pipe_reg.RF_A1_Out\[2\],51.04
_03412_,51.02
_05836_,50.98
_02977_,50.96
_05761_,50.825
_02128_,50.78
_03754_,50.74
dmem.ram\[30\]\[9\],50.74
_06145_,50.72
dmem.ram\[43\]\[1\],50.72
_04593_,50.7
_04896_,50.7
_05000_,50.7
_05244_,50.7
_04629_,50.66
dmem.ram\[62\]\[0\],50.64
_05712_,50.59
_01960_,50.56
_05458_,50.46
_06929_,50.44
_03762_,50.4
_06439_,50.345
_02628_,50.33
dmem.ram\[8\]\[10\],50.24
id_rr_pipe_reg.instr_out\[10\],50.24
_05773_,50.225
_06648_,50.22
_04962_,50.16
_06253_,50.16
if_id_pipe_reg.PC_Out\[3\],50.16
_06271_,50.08
dmem.ram\[56\]\[6\],50.04
register_file.registerFile\[3\]\[14\],49.98
register_file.registerFile\[4\]\[4\],49.98
net64,49.88
_01944_,49.855
_06149_,49.78
_06140_,49.76
register_file.registerFile\[3\]\[11\],49.7
_05854_,49.685
_06673_,49.66
_06938_,49.52
net50,49.44
_02564_,49.42
_03621_,49.42
_03034_,49.4
dmem.ram\[44\]\[0\],49.38
net4,49.36
_06917_,49.3
_04427_,49.18
_04585_,49.18
_06497_,49.14
_04778_,49.08
_01897_,49.06
_05045_,48.96
_06804_,48.86
_06903_,48.82
_02966_,48.76
_04516_,48.76
clknet_leaf_103_clk,48.75
_03564_,48.68
dmem.ram\[44\]\[5\],48.55
ex_mem_pipe_reg.RF_D2_Out\[11\],48.54
dmem.ram\[20\]\[5\],48.53
net442,48.48
net620,48.46
dmem.ram\[29\]\[8\],48.445
clknet_leaf_44_clk,48.44
dmem.ram\[43\]\[2\],48.4
_02835_,48.32
rr_ex_pipe_reg.RF_D1_Out\[15\],48.32
register_file.registerFile\[0\]\[13\],48.3
dmem.ram\[46\]\[5\],48.24
register_file.registerFile\[3\]\[12\],48.18
clknet_leaf_118_clk,48.12
dmem.ram\[56\]\[3\],48.1
clknet_leaf_45_clk,48.02
register_file.registerFile\[1\]\[9\],47.92
clknet_leaf_191_clk,47.9
_04479_,47.88
_06550_,47.79
rr_ex_pipe_reg.RF_D2_Out\[2\],47.79
_05592_,47.6
_06830_,47.6
_02908_,47.56
_06254_,47.56
_03130_,47.54
register_file.registerFile\[0\]\[10\],47.54
_04626_,47.52
_05280_,47.52
rr_ex_pipe_reg.RF_D1_Out\[13\],47.52
dmem.ram\[19\]\[1\],47.48
_04892_,47.4
_06448_,47.4
_06798_,47.36
id_rr_pipe_reg.instr_out\[12\],47.315
_03917_,47.28
_05830_,47.28
_05223_,47.24
dmem.ram\[29\]\[10\],47.205
dmem.ram\[58\]\[3\],47.18
dmem.ram\[40\]\[14\],47.14
_02815_,47.1
_05582_,47.1
_01967_,46.98
_03096_,46.98
_06309_,46.94
_05259_,46.88
_03786_,46.86
_02275_,46.84
rr_ex_pipe_reg.RF_D1_Out\[1\],46.78
_06964_,46.74
ex_mem_pipe_reg.RF_D2_Out\[8\],46.72
dmem.ram\[48\]\[4\],46.7
_06148_,46.68
dmem.ram\[15\]\[7\],46.58
_03017_,46.56
if_id_pipe_reg.PC_Out\[10\],46.56
if_id_pipe_reg.PC_Out\[5\],46.52
_01943_,46.5
_04859_,46.46
if_id_pipe_reg.PC_Out\[9\],46.46
_02546_,46.38
register_file.registerFile\[4\]\[8\],46.32
_02757_,46.22
_02254_,46.06
id_rr_pipe_reg.instr_out\[8\],45.94
_02871_,45.86
register_file.registerFile\[6\]\[13\],45.795
dmem.ram\[49\]\[15\],45.78
if_id_pipe_reg.PC_Out\[11\],45.7
_03304_,45.6
_04490_,45.58
_05643_,45.54
_03802_,45.5
_06819_,45.48
dmem.ram\[46\]\[0\],45.48
register_file.registerFile\[2\]\[9\],45.41
dmem.ram\[60\]\[14\],45.4
clknet_leaf_18_clk,45.34
_06646_,45.3
dmem.ram\[18\]\[1\],45.26
dmem.ram\[38\]\[15\],45.22
_04641_,45.165
_05938_,45.14
ex_mem_pipe_reg.RF_D2_Out\[13\],45.1
_05667_,45.04
dmem.ram\[56\]\[10\],45.02
id_rr_pipe_reg.instr_out\[1\],44.98
clknet_leaf_22_clk,44.96
_03275_,44.94
_06434_,44.94
rr_ex_pipe_reg.pc_out\[10\],44.94
_06671_,44.83
_05883_,44.81
_03033_,44.8
_03086_,44.8
_06823_,44.8
rr_ex_pipe_reg.RF_D1_Out\[4\],44.8
_03648_,44.78
_02837_,44.68
_02538_,44.56
_06141_,44.56
_05335_,44.5
_02639_,44.48
_06782_,44.46
ex_mem_pipe_reg.RF_D2_Out\[14\],44.42
dmem.ram\[23\]\[5\],44.39
_03695_,44.38
dmem.ram\[36\]\[8\],44.36
clknet_leaf_114_clk,44.36
dmem.ram\[13\]\[15\],44.305
ex_mem_pipe_reg.RF_D2_Out\[9\],44.3
_03814_,44.25
dmem.ram\[21\]\[10\],44.185
_06403_,44.18
_06886_,44.18
rr_ex_pipe_reg.cntrl_out\[9\],44.14
dmem.ram\[12\]\[7\],44.1
rf_d3_data_select.sel,43.995
_03770_,43.94
_05446_,43.88
dmem.ram\[24\]\[0\],43.8
net443,43.8
_05095_,43.76
clknet_leaf_129_clk,43.76
dmem.ram\[8\]\[2\],43.74
_02860_,43.68
dmem.ram\[50\]\[4\],43.68
ex_mem_pipe_reg.RF_D2_Out\[15\],43.64
if_id_pipe_reg.PC_Next_Out\[7\],43.64
_06820_,43.62
_04503_,43.57
_03455_,43.56
_04590_,43.56
_03703_,43.48
register_file.registerFile\[4\]\[7\],43.44
dmem.ram\[56\]\[2\],43.4
_06150_,43.34
_06053_,43.28
dmem.ram\[31\]\[9\],43.265
dmem.ram\[12\]\[2\],43.26
register_file.registerFile\[0\]\[4\],43.24
_02926_,43.16
_04985_,43.16
dmem.ram\[44\]\[1\],43.07
register_file.registerFile\[3\]\[9\],43.06
_06803_,43
la_sa_lm_sm_block.reg_data_form_id_128\[33\],42.98
_03606_,42.96
dmem.ram\[20\]\[3\],42.94
_05828_,42.92
dmem.ram\[61\]\[3\],42.91
_02567_,42.88
_03069_,42.88
_06808_,42.88
_04697_,42.84
dmem.ram\[56\]\[11\],42.8
register_file.registerFile\[2\]\[10\],42.685
_03610_,42.66
_06670_,42.64
_03778_,42.62
_05242_,42.6
dmem.ram\[41\]\[14\],42.6
_04788_,42.58
_02682_,42.54
_05181_,42.54
_05939_,42.52
_06147_,42.52
_03744_,42.5
dmem.ram\[16\]\[12\],42.48
dmem.ram\[51\]\[3\],42.465
_06406_,42.38
_05312_,42.36
_04645_,42.34
_05176_,42.28
dmem.ram\[31\]\[10\],42.245
dmem.ram\[2\]\[2\],42.2
_06767_,42.195
_05604_,42.16
_02740_,42.12
_06467_,42.12
dmem.ram\[4\]\[4\],42.1
dmem.ram\[43\]\[5\],42
_06809_,41.94
dmem.ram\[19\]\[3\],41.895
dmem.ram\[10\]\[12\],41.82
rr_ex_pipe_reg.RF_D1_Out\[10\],41.68
dmem.ram\[10\]\[11\],41.66
_05636_,41.62
_06644_,41.62
dmem.ram\[48\]\[6\],41.54
dmem.ram\[42\]\[2\],41.5
rr_ex_pipe_reg.RF_D1_Out\[14\],41.46
_05195_,41.44
dmem.ram\[23\]\[2\],41.44
dmem.ram\[50\]\[3\],41.44
dmem.ram\[56\]\[0\],41.42
dmem.ram\[45\]\[8\],41.3
dmem.ram\[44\]\[2\],41.24
_05198_,41.165
_03343_,41.16
register_file.registerFile\[4\]\[5\],41.16
_05471_,41.12
_06922_,41.12
clknet_leaf_77_clk,41.12
dmem.ram\[11\]\[12\],41.065
_03719_,41
_05881_,40.98
_06525_,40.96
_04804_,40.94
_06541_,40.92
clknet_leaf_85_clk,40.92
_01548_,40.9
_04817_,40.88
dmem.ram\[24\]\[1\],40.88
_03280_,40.82
_06633_,40.82
dmem.ram\[43\]\[10\],40.72
_02756_,40.7
_03794_,40.7
dmem.ram\[8\]\[12\],40.68
dmem.ram\[18\]\[3\],40.675
_06812_,40.66
_02522_,40.64
if_id_pipe_reg.PC_Next_Out\[6\],40.62
_03944_,40.6
dmem.ram\[10\]\[15\],40.58
id_rr_pipe_reg.pc_next_out\[1\],40.46
register_file.registerFile\[4\]\[10\],40.44
dmem.ram\[8\]\[11\],40.43
_05587_,40.42
_04613_,40.38
dmem.ram\[52\]\[5\],40.36
_04827_,40.32
_04816_,40.28
dmem.ram\[52\]\[11\],40.28
dmem.ram\[53\]\[14\],40.26
_01898_,40.2
dmem.ram\[0\]\[5\],40.14
_03687_,40.1
_04718_,40.06
_05543_,40
rr_ex_pipe_reg.pc_out\[8\],39.98
register_file.registerFile\[0\]\[5\],39.94
_02543_,39.9
_05420_,39.9
register_file.registerFile\[0\]\[15\],39.88
clknet_leaf_39_clk,39.86
_05304_,39.82
dmem.ram\[6\]\[5\],39.8
_03358_,39.78
_06503_,39.76
_06924_,39.76
_02816_,39.74
_05852_,39.74
_03380_,39.7
_05817_,39.7
ex_mem_pipe_reg.RF_D2_Out\[10\],39.66
_05726_,39.64
dmem.ram\[51\]\[10\],39.64
dmem.ram\[40\]\[4\],39.62
rr_ex_pipe_reg.RF_D2_Out\[3\],39.62
dmem.ram\[44\]\[4\],39.6
register_file.registerFile\[6\]\[10\],39.53
dmem.ram\[20\]\[15\],39.5
dmem.ram\[58\]\[5\],39.48
dmem.ram\[13\]\[7\],39.445
rr_ex_pipe_reg.RF_D1_Out\[6\],39.44
_05221_,39.4
dmem.ram\[51\]\[7\],39.35
_04666_,39.32
_06801_,39.24
_05523_,39.17
_06901_,39.14
dmem.ram\[46\]\[9\],39.12
dmem.ram\[9\]\[12\],39.12
if_id_pipe_reg.PC_Out\[2\],39.12
_06868_,39.1
clknet_leaf_131_clk,39.06
_06912_,39.04
dmem.ram\[19\]\[10\],38.98
dmem.ram\[49\]\[14\],38.98
dmem.ram\[52\]\[15\],38.98
_06481_,38.95
dmem.ram\[31\]\[8\],38.945
_02559_,38.94
dmem.ram\[15\]\[8\],38.94
dmem.ram\[28\]\[6\],38.94
_06514_,38.9
_06431_,38.88
net439,38.84
register_file.registerFile\[4\]\[9\],38.82
dmem.ram\[49\]\[6\],38.78
_05820_,38.76
dmem.ram\[29\]\[5\],38.705
_05111_,38.68
_05816_,38.62
dmem.ram\[25\]\[0\],38.605
_03041_,38.6
_03967_,38.595
_02204_,38.54
dmem.ram\[19\]\[9\],38.54
_02753_,38.52
dmem.ram\[32\]\[3\],38.52
_05288_,38.5
_06677_,38.48
_02903_,38.44
id_rr_pipe_reg.pc_next_out\[4\],38.38
rr_ex_pipe_reg.RF_D2_Out\[10\],38.38
id_rr_pipe_reg.instr_out\[6\],38.32
dmem.ram\[45\]\[5\],38.315
dmem.ram\[60\]\[11\],38.28
_05168_,38.26
rr_ex_pipe_reg.RF_D1_Out\[7\],38.26
_05309_,38.24
net99,38.2
dmem.ram\[32\]\[2\],38.18
_03602_,38.12
_04880_,38.1
dmem.ram\[24\]\[3\],38.04
dmem.ram\[45\]\[15\],37.99
dmem.ram\[60\]\[0\],37.98
_05257_,37.9
dmem.ram\[27\]\[5\],37.88
dmem.ram\[53\]\[15\],37.86
dmem.ram\[45\]\[0\],37.8
_02306_,37.75
_05867_,37.74
rr_ex_pipe_reg.RF_D1_Out\[3\],37.7
_04425_,37.68
_05802_,37.68
_06815_,37.58
_02961_,37.56
dmem.ram\[25\]\[3\],37.53
_04451_,37.52
_06139_,37.5
dmem.ram\[4\]\[11\],37.48
_02575_,37.46
dmem.ram\[33\]\[3\],37.42
_05027_,37.4
dmem.ram\[39\]\[4\],37.39
_05838_,37.34
dmem.ram\[2\]\[1\],37.3
_05337_,37.26
_05330_,37.24
_02528_,37.14
_03092_,37.08
net434,37.08
_02028_,37.04
_04720_,37.04
instr_mem1.rom\[14\]\[14\],36.985
dmem.ram\[46\]\[4\],36.98
dmem.ram\[11\]\[0\],36.95
register_file.registerFile\[0\]\[14\],36.92
_02532_,36.91
_05399_,36.88
_05846_,36.86
dmem.ram\[57\]\[13\],36.82
dmem.ram\[20\]\[11\],36.81
dmem.ram\[12\]\[15\],36.78
_06866_,36.76
_06835_,36.74
_02236_,36.72
dmem.ram\[5\]\[4\],36.665
_04789_,36.66
dmem.ram\[19\]\[11\],36.66
dmem.ram\[26\]\[0\],36.65
_06934_,36.6
dmem.ram\[6\]\[4\],36.58
dmem.ram\[5\]\[10\],36.565
_06663_,36.56
clknet_leaf_144_clk,36.56
dmem.ram\[20\]\[2\],36.54
dmem.ram\[24\]\[2\],36.52
_05993_,36.38
clknet_leaf_100_clk,36.36
dmem.ram\[7\]\[12\],36.34
_06897_,36.32
dmem.ram\[12\]\[10\],36.32
_05870_,36.22
_02766_,36.2
_06667_,36.2
instr_mem1.rom\[6\]\[14\],36.17
dmem.ram\[5\]\[15\],36.145
_01899_,36.12
_05159_,36.06
_05565_,36.06
_06277_,36.06
_06583_,36.05
dmem.ram\[20\]\[4\],36.02
dmem.ram\[46\]\[1\],36.02
_05264_,35.98
_03466_,35.96
_05799_,35.94
_05315_,35.88
id_rr_pipe_reg.instr_out\[0\],35.86
_06173_,35.78
instr_mem1.rom\[5\]\[12\],35.78
_05202_,35.69
dmem.ram\[16\]\[8\],35.66
_05081_,35.64
_06665_,35.62
dmem.ram\[61\]\[4\],35.495
dmem.ram\[53\]\[11\],35.48
dmem.ram\[28\]\[4\],35.46
dmem.ram\[13\]\[2\],35.45
_05199_,35.38
dmem.ram\[59\]\[10\],35.32
dmem.ram\[16\]\[13\],35.28
_06827_,35.26
_06250_,35.24
_06640_,35.2
dmem.ram\[25\]\[10\],35.2
_02914_,35.18
_03623_,35.14
_02318_,35.135
_06846_,35.12
rr_ex_pipe_reg.RF_D2_Out\[0\],35.12
_02178_,35.08
_06451_,35.08
_04687_,35.06
_05532_,34.98
dmem.ram\[45\]\[10\],34.9
_05624_,34.84
dmem.ram\[44\]\[3\],34.84
_04663_,34.8
_05155_,34.8
dmem.ram\[62\]\[6\],34.76
_04471_,34.75
_06601_,34.72
clknet_leaf_158_clk,34.68
_04821_,34.64
register_file.registerFile\[0\]\[8\],34.64
dmem.ram\[47\]\[0\],34.605
dmem.ram\[10\]\[10\],34.6
clknet_leaf_109_clk,34.6
dmem.ram\[5\]\[3\],34.465
dmem.ram\[62\]\[1\],34.46
dmem.ram\[34\]\[2\],34.42
dmem.ram\[54\]\[15\],34.42
_03493_,34.38
_05158_,34.38
_06630_,34.33
dmem.ram\[41\]\[5\],34.32
_02987_,34.3
dmem.ram\[3\]\[1\],34.285
_05153_,34.28
_05403_,34.26
dmem.ram\[11\]\[13\],34.245
_05853_,34.22
_01969_,34.2
_04869_,34.18
_06595_,34.18
_06731_,34.18
dmem.ram\[59\]\[9\],34.16
dmem.ram\[61\]\[10\],34.15
_02554_,34.12
_06350_,34.12
dmem.ram\[24\]\[14\],34.06
dmem.ram\[46\]\[8\],34.04
instr_mem1.rom\[8\]\[1\],34.02
dmem.ram\[5\]\[1\],34.01
dmem.ram\[36\]\[7\],34
dmem.ram\[48\]\[10\],34
dmem.ram\[60\]\[10\],33.97
_02169_,33.96
_05124_,33.96
dmem.ram\[52\]\[10\],33.96
dmem.ram\[8\]\[14\],33.94
dmem.ram\[43\]\[9\],33.92
_06882_,33.88
rr_ex_pipe_reg.RF_D1_Out\[0\],33.82
_04802_,33.74
_05770_,33.7
dmem.ram\[26\]\[1\],33.68
rr_ex_pipe_reg.RF_D1_Out\[11\],33.68
dmem.ram\[26\]\[9\],33.64
dmem.ram\[10\]\[8\],33.62
_03460_,33.6
_05656_,33.56
_05750_,33.56
dmem.ram\[18\]\[2\],33.56
dmem.ram\[6\]\[7\],33.56
_03436_,33.54
dmem.ram\[39\]\[1\],33.505
_03658_,33.48
dmem.ram\[42\]\[5\],33.48
dmem.ram\[50\]\[5\],33.48
_02872_,33.46
_01893_,33.44
_06893_,33.42
dmem.ram\[4\]\[15\],33.42
_06638_,33.38
dmem.ram\[50\]\[14\],33.38
_05048_,33.3
dmem.ram\[14\]\[10\],33.28
rr_ex_pipe_reg.RF_D1_Out\[8\],33.28
_02135_,33.16
_04601_,33.15
register_file.registerFile\[0\]\[3\],33.08
dmem.ram\[54\]\[7\],33.055
register_file.registerFile\[6\]\[15\],33.055
_02101_,33.04
dmem.ram\[8\]\[0\],33.04
instr_mem1.rom\[4\]\[2\],33.02
dmem.ram\[51\]\[1\],33.005
_05855_,33
register_file.registerFile\[6\]\[3\],32.99
dmem.ram\[46\]\[13\],32.98
_05795_,32.96
_06971_,32.94
register_file.registerFile\[6\]\[9\],32.94
_03763_,32.91
dmem.ram\[47\]\[9\],32.885
_05528_,32.76
dmem.ram\[0\]\[2\],32.76
_06977_,32.74
_03254_,32.72
_03450_,32.7
_05037_,32.7
id_rr_pipe_reg.pc_next_out\[8\],32.7
la_sa_lm_sm_block.reg_data_form_id_128\[6\],32.7
_05298_,32.68
dmem.ram\[53\]\[10\],32.58
if_id_pipe_reg.PC_Next_Out\[5\],32.58
_02922_,32.54
_05630_,32.54
_06858_,32.5
dmem.ram\[38\]\[12\],32.5
dmem.ram\[42\]\[3\],32.5
dmem.ram\[60\]\[1\],32.46
_02779_,32.42
instr_mem1.rom\[9\]\[14\],32.42
dmem.ram\[57\]\[8\],32.4
dmem.ram\[9\]\[3\],32.35
dmem.ram\[20\]\[6\],32.3
_03540_,32.28
_05283_,32.28
register_file.registerFile\[2\]\[11\],32.265
dmem.ram\[60\]\[5\],32.26
dmem.ram\[18\]\[11\],32.24
_04618_,32.22
_05265_,32.2
dmem.ram\[26\]\[11\],32.2
dmem.ram\[55\]\[7\],32.18
register_file.registerFile\[2\]\[12\],32.14
_02795_,32.08
_06795_,32.05
register_file.registerFile\[4\]\[14\],32.04
dmem.ram\[29\]\[2\],32.02
dmem.ram\[18\]\[14\],32
register_file.registerFile\[6\]\[12\],31.98
dmem.ram\[42\]\[11\],31.94
dmem.ram\[52\]\[14\],31.94
_06128_,31.92
dmem.ram\[45\]\[14\],31.88
dmem.ram\[53\]\[5\],31.86
dmem.ram\[6\]\[3\],31.8
dmem.ram\[30\]\[14\],31.76
dmem.ram\[3\]\[4\],31.755
_03087_,31.7
_03755_,31.68
dmem.ram\[54\]\[3\],31.68
id_rr_pipe_reg.instr_out\[9\],31.68
rr_ex_pipe_reg.RF_D1_Out\[12\],31.68
dmem.ram\[2\]\[4\],31.64
dmem.ram\[7\]\[1\],31.605
_04562_,31.58
_05583_,31.56
instr_mem1.rom\[11\]\[14\],31.54
_05250_,31.52
_05088_,31.48
dmem.ram\[40\]\[0\],31.48
dmem.ram\[63\]\[12\],31.465
_05698_,31.46
dmem.ram\[59\]\[15\],31.46
instr_mem1.rom\[15\]\[14\],31.46
_04813_,31.38
_06842_,31.34
dmem.ram\[2\]\[6\],31.32
_06962_,31.3
dmem.ram\[61\]\[9\],31.27
dmem.ram\[61\]\[15\],31.255
dmem.ram\[51\]\[15\],31.24
dmem.ram\[25\]\[2\],31.225
dmem.ram\[44\]\[6\],31.22
instr_mem1.rom\[14\]\[13\],31.205
register_file.registerFile\[0\]\[6\],31.14
rr_ex_pipe_reg.RF_D2_Out\[7\],31.14
dmem.ram\[29\]\[0\],31.13
_05299_,31.12
_01554_,31.04
_02193_,31.04
dmem.ram\[62\]\[15\],31.02
dmem.ram\[55\]\[3\],31
dmem.ram\[10\]\[14\],30.98
dmem.ram\[50\]\[15\],30.92
register_file.registerFile\[0\]\[12\],30.92
_05753_,30.9
_05798_,30.88
if_id_pipe_reg.PC_Next_Out\[13\],30.88
dmem.ram\[29\]\[11\],30.865
_06726_,30.78
dmem.ram\[50\]\[13\],30.78
dmem.ram\[1\]\[9\],30.765
dmem.ram\[55\]\[15\],30.745
_06734_,30.725
dmem.ram\[29\]\[3\],30.685
dmem.ram\[61\]\[8\],30.685
dmem.ram\[15\]\[6\],30.68
dmem.ram\[62\]\[5\],30.68
_02094_,30.67
dmem.ram\[6\]\[12\],30.66
_06522_,30.64
dmem.ram\[14\]\[5\],30.62
dmem.ram\[19\]\[0\],30.61
_03276_,30.6
net431,30.6
rr_ex_pipe_reg.pc_out\[1\],30.58
_02976_,30.56
_03308_,30.56
_05472_,30.5
dmem.ram\[60\]\[15\],30.46
rr_ex_pipe_reg.RF_D2_Out\[8\],30.44
_06493_,30.42
_02281_,30.38
dmem.ram\[53\]\[9\],30.36
dmem.ram\[20\]\[13\],30.34
register_file.registerFile\[4\]\[6\],30.34
dmem.ram\[45\]\[12\],30.3
dmem.ram\[20\]\[14\],30.28
_06560_,30.26
dmem.ram\[18\]\[4\],30.26
dmem.ram\[44\]\[14\],30.26
_03553_,30.24
dmem.ram\[45\]\[1\],30.18
dmem.ram\[6\]\[1\],30.16
_05746_,30.12
_06631_,30.12
register_file.registerFile\[4\]\[13\],30.12
dmem.ram\[12\]\[1\],30.1
instr_mem1.rom\[11\]\[1\],30.08
dmem.ram\[44\]\[10\],30.03
register_file.registerFile\[6\]\[14\],30.02
dmem.ram\[2\]\[11\],30
_02996_,29.98
_05785_,29.94
dmem.ram\[48\]\[5\],29.93
instr_mem1.rom\[9\]\[2\],29.93
_06591_,29.92
dmem.ram\[24\]\[5\],29.92
if_id_pipe_reg.PC_Out\[15\],29.92
dmem.ram\[39\]\[2\],29.905
_06532_,29.86
dmem.ram\[28\]\[5\],29.84
_03769_,29.82
_05452_,29.82
register_file.registerFile\[6\]\[0\],29.815
_04466_,29.8
_03728_,29.78
dmem.ram\[26\]\[2\],29.78
dmem.ram\[11\]\[2\],29.76
_02855_,29.7
dmem.ram\[46\]\[10\],29.7
rr_ex_pipe_reg.pc_out\[9\],29.69
dmem.ram\[37\]\[0\],29.67
dmem.ram\[37\]\[9\],29.665
dmem.ram\[44\]\[15\],29.66
dmem.ram\[9\]\[0\],29.63
dmem.ram\[26\]\[10\],29.625
instr_mem1.rom\[12\]\[1\],29.62
dmem.ram\[43\]\[8\],29.6
_02919_,29.58
_04820_,29.58
_02312_,29.54
_04456_,29.54
_06433_,29.54
_02319_,29.53
dmem.ram\[20\]\[12\],29.52
_05352_,29.5
dmem.ram\[14\]\[13\],29.46
_06797_,29.44
_06521_,29.42
dmem.ram\[44\]\[7\],29.42
net102,29.42
instr_mem1.rom\[11\]\[13\],29.4
net426,29.38
_05141_,29.36
dmem.ram\[37\]\[2\],29.265
_03498_,29.26
_05736_,29.26
rr_ex_pipe_reg.pc_out\[0\],29.26
mem_wb_pipeline_reg.Rd_Addr_Out_PR\[1\],29.24
_03821_,29.22
instr_mem1.rom\[8\]\[3\],29.22
_05192_,29.2
rr_ex_pipe_reg.RF_D2_Out\[9\],29.18
_03664_,29.16
_05743_,29.16
dmem.ram\[63\]\[9\],29.14
dmem.ram\[46\]\[6\],29.12
id_rr_pipe_reg.instr_out\[7\],29.1
_06597_,29.09
dmem.ram\[25\]\[14\],29.065
dmem.ram\[8\]\[13\],29.04
dmem.ram\[17\]\[9\],29.025
_03342_,29
_05570_,28.96
dmem.ram\[63\]\[1\],28.96
rr_ex_pipe_reg.RF_D2_Out\[5\],28.96
dmem.ram\[19\]\[6\],28.95
dmem.ram\[55\]\[6\],28.945
_01998_,28.94
dmem.ram\[52\]\[8\],28.91
_05220_,28.9
dmem.ram\[43\]\[6\],28.9
_06485_,28.875
_03620_,28.84
_03030_,28.82
dmem.ram\[45\]\[2\],28.82
rr_ex_pipe_reg.RF_D1_Out\[2\],28.82
dmem.ram\[24\]\[9\],28.78
register_file.registerFile\[6\]\[8\],28.765
_02826_,28.76
_05807_,28.72
dmem.ram\[20\]\[10\],28.7
_02811_,28.66
_03365_,28.66
_04459_,28.66
net438,28.62
_05049_,28.6
dmem.ram\[51\]\[2\],28.585
dmem.ram\[0\]\[3\],28.53
dmem.ram\[21\]\[8\],28.505
la_sa_lm_sm_block.reg_data_form_id_128\[7\],28.5
register_file.registerFile\[4\]\[12\],28.5
register_file.registerFile\[6\]\[7\],28.5
_04750_,28.48
dmem.ram\[25\]\[1\],28.47
dmem.ram\[29\]\[15\],28.465
instr_mem1.rom\[4\]\[15\],28.42
dmem.ram\[31\]\[14\],28.405
_03614_,28.4
dmem.ram\[6\]\[2\],28.4
_02879_,28.36
_05576_,28.36
dmem.ram\[48\]\[9\],28.36
dmem.ram\[53\]\[6\],28.36
_03100_,28.32
dmem.ram\[53\]\[1\],28.3
net410,28.29
_04733_,28.28
dmem.ram\[54\]\[13\],28.28
dmem.ram\[59\]\[12\],28.28
instr_mem1.rom\[6\]\[13\],28.265
dmem.ram\[38\]\[2\],28.26
dmem.ram\[39\]\[0\],28.24
dmem.ram\[21\]\[4\],28.225
dmem.ram\[17\]\[5\],28.21
_03052_,28.2
dmem.ram\[49\]\[9\],28.2
dmem.ram\[58\]\[8\],28.2
dmem.ram\[30\]\[10\],28.18
dmem.ram\[44\]\[8\],28.18
dmem.ram\[44\]\[11\],28.1
_05805_,28.04
dmem.ram\[46\]\[3\],28.04
_06515_,28.01
dmem.ram\[22\]\[15\],28
_06269_,27.98
dmem.ram\[50\]\[11\],27.98
_04929_,27.96
_06774_,27.92
dmem.ram\[16\]\[11\],27.92
net494,27.9
_02755_,27.84
instr_mem1.rom\[1\]\[0\],27.82
dmem.ram\[11\]\[15\],27.785
_05758_,27.78
dmem.ram\[21\]\[15\],27.745
dmem.ram\[14\]\[15\],27.74
dmem.ram\[44\]\[12\],27.72
dmem.ram\[0\]\[6\],27.68
_03021_,27.64
_05099_,27.64
_03241_,27.6
_03079_,27.58
instr_mem1.rom\[11\]\[12\],27.58
_01968_,27.56
dmem.ram\[23\]\[1\],27.54
_01829_,27.52
_05042_,27.44
_05392_,27.44
dmem.ram\[24\]\[10\],27.44
dmem.ram\[37\]\[4\],27.44
la_sa_lm_sm_block.reg_data_form_id_128\[67\],27.44
dmem.ram\[23\]\[0\],27.38
dmem.ram\[6\]\[6\],27.38
_05349_,27.36
_06863_,27.36
dmem.ram\[53\]\[8\],27.34
_06487_,27.32
dmem.ram\[2\]\[9\],27.32
net392,27.32
net462,27.28
dmem.ram\[38\]\[8\],27.24
dmem.ram\[17\]\[14\],27.225
_05762_,27.2
dmem.ram\[34\]\[0\],27.18
_01551_,27.165
_06438_,27.16
dmem.ram\[42\]\[1\],27.16
dmem.ram\[42\]\[0\],27.14
dmem.ram\[60\]\[12\],27.14
_03252_,27.12
dmem.ram\[31\]\[13\],27.115
instr_mem1.rom\[6\]\[0\],27.11
_05662_,27.1
dmem.ram\[0\]\[1\],27.1
dmem.ram\[45\]\[6\],27.1
_05774_,27.08
dmem.ram\[4\]\[1\],27.08
_06510_,27.06
dmem.ram\[4\]\[10\],27.06
dmem.ram\[60\]\[3\],27.05
dmem.ram\[57\]\[4\],27.04
dmem.ram\[47\]\[7\],26.965
_06852_,26.92
_03259_,26.9
_04856_,26.9
net478,26.9
_02244_,26.88
dmem.ram\[20\]\[1\],26.88
net428,26.88
_05716_,26.86
dmem.ram\[16\]\[14\],26.84
rr_ex_pipe_reg.pc_data_select_out,26.82
net400,26.82
net1684,26.82
_03306_,26.78
_06508_,26.78
dmem.ram\[12\]\[3\],26.78
dmem.ram\[57\]\[15\],26.78
net414,26.78
_02852_,26.76
_05324_,26.74
_05872_,26.74
dmem.ram\[8\]\[4\],26.74
net372,26.74
dmem.ram\[14\]\[6\],26.72
dmem.ram\[57\]\[0\],26.7
_03568_,26.68
dmem.ram\[2\]\[12\],26.66
dmem.ram\[2\]\[13\],26.66
_05490_,26.64
_05207_,26.62
_03512_,26.6
dmem.ram\[16\]\[0\],26.58
dmem.ram\[3\]\[7\],26.56
dmem.ram\[0\]\[10\],26.52
dmem.ram\[2\]\[10\],26.52
dmem.ram\[35\]\[9\],26.52
_00772_,26.5
_03075_,26.5
dmem.ram\[22\]\[0\],26.5
_01848_,26.48
_02889_,26.48
dmem.ram\[58\]\[9\],26.465
dmem.ram\[14\]\[11\],26.46
net432,26.46
_06492_,26.44
_05739_,26.42
_06683_,26.42
dmem.ram\[4\]\[9\],26.4
_04811_,26.39
_07033_,26.34
net407,26.33
_06480_,26.32
dmem.ram\[42\]\[10\],26.32
id_rr_pipe_reg.instr_out\[11\],26.32
la_sa_lm_sm_block.reg_data_form_id_128\[5\],26.3
net436,26.29
dmem.ram\[46\]\[14\],26.28
net425,26.28
dmem.ram\[30\]\[8\],26.24
dmem.ram\[46\]\[2\],26.22
net408,26.2
_05267_,26.1
instr_mem1.rom\[4\]\[11\],26.1
dmem.ram\[26\]\[15\],26.06
dmem.ram\[36\]\[13\],26.06
dmem.ram\[1\]\[10\],26.05
dmem.ram\[55\]\[11\],26.03
dmem.ram\[12\]\[0\],26.02
dmem.ram\[54\]\[14\],26
_02218_,25.99
dmem.ram\[8\]\[5\],25.98
_06507_,25.965
_05788_,25.96
_03043_,25.94
_02214_,25.88
_04978_,25.88
_06906_,25.88
_05842_,25.86
_06479_,25.86
_05778_,25.84
_03597_,25.82
_06961_,25.82
dmem.ram\[17\]\[6\],25.805
dmem.ram\[54\]\[10\],25.8
net473,25.8
_04620_,25.78
dmem.ram\[4\]\[5\],25.78
_04843_,25.76
_06606_,25.76
_04972_,25.74
_05834_,25.72
_02723_,25.68
_05391_,25.68
_05418_,25.68
_06585_,25.68
net487,25.68
dmem.ram\[11\]\[1\],25.66
_04508_,25.64
dmem.ram\[45\]\[4\],25.64
_06221_,25.6
dmem.ram\[40\]\[8\],25.6
dmem.ram\[8\]\[9\],25.6
rr_ex_pipe_reg.pc_out\[2\],25.6
_02899_,25.58
dmem.ram\[46\]\[12\],25.58
dmem.ram\[50\]\[7\],25.58
dmem.ram\[35\]\[6\],25.56
dmem.ram\[60\]\[6\],25.56
_06966_,25.52
dmem.ram\[42\]\[9\],25.52
dmem.ram\[0\]\[4\],25.5
dmem.ram\[53\]\[0\],25.5
dmem.ram\[3\]\[12\],25.485
_05024_,25.48
_05164_,25.46
net311,25.46
_02188_,25.4
_02570_,25.4
_06504_,25.4
dmem.ram\[26\]\[3\],25.4
_03297_,25.38
_06351_,25.36
instr_mem1.rom\[6\]\[1\],25.345
_02131_,25.34
dmem.ram\[27\]\[8\],25.32
_02759_,25.3
dmem.ram\[7\]\[9\],25.3
_06554_,25.28
_05459_,25.26
_06453_,25.24
rr_ex_pipe_reg.RF_D2_Out\[11\],25.24
_03131_,25.22
dmem.ram\[45\]\[11\],25.22
dmem.ram\[39\]\[6\],25.21
dmem.ram\[16\]\[2\],25.18
dmem.ram\[43\]\[4\],25.18
instr_mem1.rom\[12\]\[3\],25.18
_02691_,25.16
instr_mem1.rom\[1\]\[1\],25.16
instr_mem1.rom\[4\]\[9\],25.16
dmem.ram\[4\]\[14\],25.14
_00850_,25.135
dmem.ram\[0\]\[15\],25.12
dmem.ram\[39\]\[5\],25.11
dmem.ram\[15\]\[15\],25.08
instr_mem1.rom\[1\]\[9\],25.08
dmem.ram\[51\]\[13\],25.06
_02247_,25.02
register_file.registerFile\[0\]\[7\],25.02
_05033_,25
_03405_,24.94
_04654_,24.94
dmem.ram\[46\]\[11\],24.94
register_file.registerFile\[6\]\[1\],24.935
dmem.ram\[10\]\[13\],24.92
_03642_,24.9
dmem.ram\[36\]\[10\],24.9
net485,24.9
dmem.ram\[55\]\[5\],24.885
_06425_,24.88
instr_mem1.rom\[4\]\[3\],24.88
_02762_,24.86
_06381_,24.86
dmem.ram\[23\]\[10\],24.845
_06636_,24.84
dmem.ram\[22\]\[12\],24.84
dmem.ram\[7\]\[14\],24.84
_02661_,24.82
_06637_,24.8
dmem.ram\[21\]\[5\],24.79
_05241_,24.78
dmem.ram\[61\]\[13\],24.745
_04748_,24.72
net402,24.7
_06565_,24.68
_06713_,24.68
dmem.ram\[45\]\[9\],24.68
instr_mem1.rom\[7\]\[1\],24.68
dmem.ram\[5\]\[2\],24.65
dmem.ram\[14\]\[8\],24.64
dmem.ram\[57\]\[9\],24.64
dmem.ram\[59\]\[3\],24.55
dmem.ram\[6\]\[11\],24.54
dmem.ram\[11\]\[8\],24.525
dmem.ram\[34\]\[8\],24.52
dmem.ram\[42\]\[8\],24.5
dmem.ram\[31\]\[6\],24.485
_06873_,24.48
dmem.ram\[49\]\[12\],24.48
net820,24.48
dmem.ram\[3\]\[6\],24.465
dmem.ram\[24\]\[11\],24.46
dmem.ram\[38\]\[10\],24.46
_05819_,24.44
net365,24.44
dmem.ram\[47\]\[5\],24.425
dmem.ram\[21\]\[11\],24.385
_02035_,24.38
_04964_,24.38
net493,24.36
_06701_,24.34
_06940_,24.34
dmem.ram\[12\]\[11\],24.34
dmem.ram\[61\]\[5\],24.33
_05560_,24.3
dmem.ram\[36\]\[14\],24.28
_05713_,24.26
dmem.ram\[5\]\[12\],24.26
_02764_,24.24
_05362_,24.24
dmem.ram\[35\]\[3\],24.24
_05782_,24.22
dmem.ram\[4\]\[3\],24.22
net554,24.22
_03753_,24.2
dmem.ram\[23\]\[8\],24.185
dmem.ram\[14\]\[3\],24.18
dmem.ram\[54\]\[8\],24.18
dmem.ram\[11\]\[9\],24.17
dmem.ram\[28\]\[0\],24.16
_05792_,24.155
dmem.ram\[18\]\[10\],24.155
dmem.ram\[1\]\[5\],24.145
dmem.ram\[3\]\[11\],24.125
_05271_,24.1
_05902_,24.1
dmem.ram\[41\]\[8\],24.1
_02071_,24.06
_02952_,24.06
dmem.ram\[7\]\[8\],24.06
ex_mem_pipe_reg.RF_D1_Out\[3\],24.06
net481,24.06
_02721_,24.04
instr_mem1.rom\[4\]\[6\],24.04
_03242_,24.02
_06980_,24.02
_03032_,24
_05489_,24
net497,24
dmem.ram\[10\]\[6\],23.98
dmem.ram\[54\]\[12\],23.98
_06904_,23.96
dmem.ram\[53\]\[3\],23.96
_06628_,23.94
dmem.ram\[26\]\[14\],23.94
_02155_,23.93
_02166_,23.92
_03501_,23.92
_03503_,23.92
_04612_,23.92
dmem.ram\[2\]\[7\],23.92
dmem.ram\[51\]\[11\],23.92
dmem.ram\[21\]\[6\],23.91
dmem.ram\[20\]\[9\],23.88
dmem.ram\[9\]\[1\],23.88
net411,23.88
_06138_,23.86
_04956_,23.855
_07371_,23.84
_05219_,23.8
dmem.ram\[55\]\[0\],23.8
dmem.ram\[57\]\[12\],23.8
net395,23.78
_05764_,23.74
_02271_,23.72
dmem.ram\[24\]\[13\],23.72
dmem.ram\[22\]\[3\],23.7
_02065_,23.68
dmem.ram\[19\]\[7\],23.68
_05374_,23.66
instr_mem1.rom\[15\]\[2\],23.62
instr_mem1.rom\[0\]\[11\],23.6
_06440_,23.56
dmem.ram\[40\]\[5\],23.56
instr_mem1.rom\[13\]\[9\],23.56
dmem.ram\[28\]\[2\],23.52
dmem.ram\[38\]\[1\],23.52
_03349_,23.5
_04700_,23.5
_05082_,23.5
_06639_,23.46
_06895_,23.46
_05057_,23.44
_05789_,23.42
_03591_,23.38
dmem.ram\[21\]\[14\],23.285
la_sa_lm_sm_block.reg_data_form_id_128\[11\],23.28
_03202_,23.26
dmem.ram\[37\]\[6\],23.25
_03398_,23.24
_06366_,23.24
_05603_,23.22
dmem.ram\[28\]\[3\],23.22
dmem.ram\[30\]\[1\],23.2
_04933_,23.18
_02313_,23.175
dmem.ram\[51\]\[6\],23.17
dmem.ram\[32\]\[5\],23.16
dmem.ram\[58\]\[1\],23.14
dmem.ram\[2\]\[15\],23.12
_03622_,23.1
instr_mem1.rom\[4\]\[7\],23.1
_02931_,23.08
dmem.ram\[61\]\[14\],23.08
dmem.ram\[62\]\[14\],23.08
net1137,23.07
dmem.ram\[32\]\[11\],23.06
dmem.ram\[63\]\[8\],23.045
_05269_,23.04
_05569_,23.04
dmem.ram\[9\]\[2\],23.04
instr_mem1.rom\[15\]\[3\],23.04
dmem.ram\[14\]\[7\],23.02
dmem.ram\[24\]\[12\],23.02
dmem.ram\[63\]\[10\],23.01
dmem.ram\[39\]\[9\],23.005
_02307_,22.98
_03708_,22.96
instr_mem1.rom\[0\]\[0\],22.94
_06632_,22.92
dmem.ram\[14\]\[1\],22.92
dmem.ram\[25\]\[12\],22.92
ex_mem_pipe_reg.RF_D1_Out\[4\],22.92
dmem.ram\[60\]\[7\],22.9
instr_mem1.rom\[10\]\[2\],22.885
instr_mem1.rom\[7\]\[15\],22.88
dmem.ram\[3\]\[2\],22.86
_06972_,22.84
dmem.ram\[50\]\[1\],22.84
_02985_,22.82
dmem.ram\[48\]\[11\],22.82
dmem.ram\[57\]\[1\],22.82
dmem.ram\[63\]\[13\],22.785
_02745_,22.78
instr_mem1.rom\[5\]\[4\],22.78
instr_mem1.rom\[7\]\[11\],22.78
instr_mem1.rom\[11\]\[3\],22.76
_05358_,22.74
dmem.ram\[56\]\[13\],22.74
instr_mem1.rom\[12\]\[15\],22.74
_04457_,22.73
dmem.ram\[19\]\[5\],22.72
_03346_,22.7
_03357_,22.68
_06365_,22.68
dmem.ram\[0\]\[8\],22.68
dmem.ram\[57\]\[2\],22.68
dmem.ram\[13\]\[3\],22.675
dmem.ram\[55\]\[12\],22.645
_02534_,22.64
_02653_,22.64
dmem.ram\[48\]\[14\],22.64
_05343_,22.62
_06765_,22.62
dmem.ram\[40\]\[1\],22.6
dmem.ram\[30\]\[3\],22.54
instr_mem1.rom\[1\]\[5\],22.54
_05781_,22.52
_06627_,22.5
dmem.ram\[45\]\[3\],22.5
dmem.ram\[46\]\[15\],22.5
_03673_,22.48
dmem.ram\[14\]\[2\],22.46
dmem.ram\[60\]\[4\],22.46
dmem.ram\[48\]\[0\],22.42
dmem.ram\[11\]\[10\],22.405
dmem.ram\[25\]\[15\],22.405
dmem.ram\[3\]\[5\],22.405
dmem.ram\[41\]\[0\],22.4
dmem.ram\[48\]\[15\],22.38
dmem.ram\[29\]\[13\],22.365
_05101_,22.34
dmem.ram\[55\]\[4\],22.34
instr_mem1.rom\[6\]\[10\],22.33
dmem.ram\[48\]\[13\],22.32
_06709_,22.3
dmem.ram\[0\]\[12\],22.26
dmem.ram\[11\]\[11\],22.26
_04726_,22.24
_02970_,22.22
dmem.ram\[24\]\[4\],22.22
dmem.ram\[55\]\[10\],22.205
dmem.ram\[25\]\[6\],22.19
dmem.ram\[3\]\[15\],22.19
dmem.ram\[1\]\[11\],22.185
_05105_,22.18
_07111_,22.18
dmem.ram\[27\]\[6\],22.18
_05447_,22.16
dmem.ram\[51\]\[14\],22.16
dmem.ram\[55\]\[2\],22.16
instr_mem1.rom\[5\]\[14\],22.16
net445,22.16
net529,22.14
dmem.ram\[56\]\[1\],22.12
rr_ex_pipe_reg.pc_out\[4\],22.11
net533,22.1
dmem.ram\[25\]\[8\],22.085
dmem.ram\[44\]\[13\],22.08
la_sa_lm_sm_block.reg_data_form_id_128\[3\],22.04
la_sa_lm_sm_block.reg_data_form_id_128\[65\],22.04
dmem.ram\[19\]\[2\],22.025
_06380_,22.02
_02020_,22
_03787_,22
dmem.ram\[0\]\[9\],21.98
dmem.ram\[40\]\[11\],21.98
dmem.ram\[24\]\[15\],21.96
instr_mem1.rom\[8\]\[2\],21.96
_05839_,21.94
instr_mem1.rom\[11\]\[15\],21.94
instr_mem1.rom\[2\]\[12\],21.905
dmem.ram\[12\]\[14\],21.86
dmem.ram\[25\]\[9\],21.845
_03266_,21.84
_04477_,21.82
instr_mem1.rom\[4\]\[0\],21.82
net340,21.82
dmem.ram\[29\]\[6\],21.805
dmem.ram\[32\]\[13\],21.8
dmem.ram\[33\]\[7\],21.78
instr_mem1.rom\[8\]\[12\],21.78
_02113_,21.76
instr_mem1.rom\[0\]\[3\],21.76
net1061,21.76
_02240_,21.74
dmem.ram\[1\]\[14\],21.73
_06187_,21.72
dmem.ram\[61\]\[11\],21.705
_05775_,21.7
_06137_,21.7
dmem.ram\[37\]\[3\],21.69
_06549_,21.68
dmem.ram\[10\]\[2\],21.68
dmem.ram\[27\]\[7\],21.68
dmem.ram\[10\]\[0\],21.67
dmem.ram\[37\]\[14\],21.665
_05187_,21.66
dmem.ram\[52\]\[6\],21.66
_05115_,21.62
_03761_,21.6
instr_mem1.rom\[1\]\[4\],21.6
dmem.ram\[5\]\[0\],21.585
_03499_,21.58
_04180_,21.55
_05028_,21.54
_05260_,21.54
_05294_,21.54
rr_ex_pipe_reg.RF_A1_Out\[1\],21.54
instr_mem1.rom\[6\]\[12\],21.525
dmem.ram\[38\]\[9\],21.52
ex_mem_pipe_reg.ALU_Result_Out\[2\],21.52
dmem.ram\[25\]\[7\],21.51
dmem.ram\[31\]\[5\],21.505
dmem.ram\[9\]\[4\],21.505
_03924_,21.5
dmem.ram\[10\]\[7\],21.5
dmem.ram\[48\]\[8\],21.5
dmem.ram\[39\]\[13\],21.465
_02806_,21.46
dmem.ram\[45\]\[13\],21.46
dmem.ram\[62\]\[11\],21.46
instr_mem1.rom\[11\]\[2\],21.46
_02097_,21.44
dmem.ram\[33\]\[8\],21.44
net504,21.44
dmem.ram\[12\]\[8\],21.42
net220,21.42
_06427_,21.4
dmem.ram\[17\]\[12\],21.36
_02768_,21.34
dmem.ram\[14\]\[12\],21.34
dmem.ram\[31\]\[15\],21.32
net509,21.32
dmem.ram\[36\]\[12\],21.3
dmem.ram\[44\]\[9\],21.3
dmem.ram\[31\]\[4\],21.295
_05631_,21.28
dmem.ram\[14\]\[14\],21.28
_01991_,21.26
_05512_,21.24
_05535_,21.24
net359,21.24
_06995_,21.22
dmem.ram\[62\]\[3\],21.18
if_id_pipe_reg.PC_Out\[14\],21.18
instr_mem1.rom\[12\]\[6\],21.18
_02870_,21.12
clknet_leaf_134_clk,21.12
dmem.ram\[23\]\[13\],21.105
instr_mem1.rom\[12\]\[14\],21.08
_03169_,21.07
instr_mem1.rom\[0\]\[13\],21.06
_05573_,21.04
dmem.ram\[26\]\[4\],21.04
dmem.ram\[36\]\[11\],21.04
dmem.ram\[4\]\[6\],21.04
_05441_,21.02
dmem.ram\[9\]\[5\],21.005
dmem.ram\[7\]\[2\],21
instr_mem1.rom\[0\]\[15\],21
instr_mem1.rom\[13\]\[15\],21
net331,21
dmem.ram\[36\]\[3\],20.99
_02714_,20.98
_05044_,20.98
dmem.ram\[6\]\[9\],20.98
dmem.ram\[7\]\[13\],20.96
dmem.ram\[12\]\[4\],20.94
instr_mem1.rom\[5\]\[6\],20.94
dmem.ram\[30\]\[6\],20.92
dmem.ram\[63\]\[15\],20.905
dmem.ram\[7\]\[4\],20.9
dmem.ram\[21\]\[13\],20.885
_04862_,20.88
_04983_,20.88
_06359_,20.88
dmem.ram\[15\]\[3\],20.88
dmem.ram\[33\]\[0\],20.88
dmem.ram\[33\]\[1\],20.88
ex_mem_pipe_reg.Control_Out\[0\],20.88
dmem.ram\[1\]\[13\],20.825
dmem.ram\[38\]\[11\],20.82
_03246_,20.8
_02704_,20.78
_04274_,20.78
_06688_,20.78
dmem.ram\[18\]\[8\],20.78
dmem.ram\[41\]\[9\],20.78
dmem.ram\[7\]\[7\],20.78
la_sa_lm_sm_block.reg_data_form_id_128\[69\],20.775
_06285_,20.76
dmem.ram\[46\]\[7\],20.76
dmem.ram\[37\]\[7\],20.73
dmem.ram\[41\]\[11\],20.72
dmem.ram\[22\]\[10\],20.68
register_file.registerFile\[6\]\[6\],20.68
_04650_,20.66
_05821_,20.66
_03599_,20.62
dmem.ram\[22\]\[11\],20.62
instr_mem1.rom\[4\]\[10\],20.62
instr_mem1.rom\[9\]\[5\],20.6
la_sa_lm_sm_block.reg_index_la_sa\[2\],20.6
_02039_,20.58
dmem.ram\[52\]\[9\],20.58
_05709_,20.56
_05943_,20.54
_06845_,20.54
dmem.ram\[36\]\[5\],20.54
net379,20.54
_00989_,20.525
instr_mem1.rom\[2\]\[14\],20.525
_02116_,20.52
_04973_,20.52
dmem.ram\[56\]\[8\],20.5
dmem.ram\[31\]\[12\],20.485
dmem.ram\[62\]\[4\],20.475
_05660_,20.46
_01983_,20.44
_03089_,20.44
dmem.ram\[31\]\[11\],20.43
dmem.ram\[23\]\[15\],20.405
dmem.ram\[2\]\[0\],20.4
dmem.ram\[55\]\[1\],20.4
net534,20.4
dmem.ram\[9\]\[6\],20.39
dmem.ram\[3\]\[10\],20.385
dmem.ram\[9\]\[14\],20.365
if_id_pipe_reg.PC_Next_Out\[4\],20.36
dmem.ram\[37\]\[12\],20.35
_02200_,20.34
_05682_,20.34
_05831_,20.34
if_id_pipe_reg.PC_Next_Out\[10\],20.34
instr_mem1.rom\[4\]\[1\],20.34
instr_mem1.rom\[9\]\[8\],20.34
_05431_,20.32
_05510_,20.32
_06498_,20.32
_06744_,20.32
rr_ex_pipe_reg.instr_out\[13\],20.32
_00631_,20.305
_05240_,20.29
instr_mem1.rom\[3\]\[12\],20.28
instr_mem1.rom\[1\]\[11\],20.26
dmem.ram\[13\]\[12\],20.24
rr_ex_pipe_reg.instr_out\[14\],20.24
net1000,20.24
_02633_,20.2
_02851_,20.2
_03555_,20.2
dmem.ram\[35\]\[8\],20.2
dmem.ram\[40\]\[9\],20.2
dmem.ram\[57\]\[10\],20.2
instr_mem1.rom\[12\]\[12\],20.2
dmem.ram\[17\]\[3\],20.185
instr_mem1.rom\[0\]\[10\],20.18
_03545_,20.16
instr_mem1.rom\[1\]\[6\],20.16
dmem.ram\[3\]\[8\],20.125
_03337_,20.12
_03414_,20.12
dmem.ram\[34\]\[1\],20.1
dmem.ram\[7\]\[11\],20.08
net532,20.08
dmem.ram\[17\]\[2\],20.065
_07184_,20.06
instr_mem1.rom\[0\]\[4\],20.06
instr_mem1.rom\[8\]\[4\],20.06
_03554_,20.02
dmem.ram\[47\]\[6\],20.005
_04936_,20
dmem.ram\[16\]\[7\],19.98
_02055_,19.92
_05252_,19.92
dmem.ram\[28\]\[7\],19.92
dmem.ram\[17\]\[13\],19.915
_02385_,19.9
_04828_,19.88
_04885_,19.86
dmem.ram\[54\]\[9\],19.86
dmem.ram\[10\]\[5\],19.84
dmem.ram\[34\]\[3\],19.84
instr_mem1.rom\[8\]\[6\],19.84
dmem.ram\[61\]\[1\],19.785
dmem.ram\[61\]\[7\],19.785
_05412_,19.78
dmem.ram\[51\]\[12\],19.78
_05701_,19.765
dmem.ram\[43\]\[3\],19.76
_02138_,19.74
_02180_,19.74
dmem.ram\[40\]\[10\],19.74
instr_mem1.rom\[0\]\[6\],19.72
_05488_,19.7
dmem.ram\[56\]\[12\],19.7
dmem.ram\[6\]\[0\],19.7
dmem.ram\[26\]\[5\],19.68
dmem.ram\[12\]\[6\],19.66
dmem.ram\[59\]\[8\],19.66
instr_mem1.rom\[7\]\[3\],19.66
instr_mem1.rom\[9\]\[12\],19.66
dmem.ram\[12\]\[9\],19.62
dmem.ram\[39\]\[3\],19.605
instr_mem1.rom\[1\]\[8\],19.6
dmem.ram\[25\]\[11\],19.585
dmem.ram\[42\]\[14\],19.58
dmem.ram\[6\]\[14\],19.58
dmem.ram\[27\]\[14\],19.55
dmem.ram\[23\]\[14\],19.545
_06967_,19.54
dmem.ram\[12\]\[5\],19.54
dmem.ram\[19\]\[8\],19.54
dmem.ram\[3\]\[3\],19.52
dmem.ram\[42\]\[15\],19.52
instr_mem1.rom\[0\]\[12\],19.5
dmem.ram\[50\]\[9\],19.48
dmem.ram\[53\]\[2\],19.48
dmem.ram\[25\]\[5\],19.465
instr_mem1.rom\[2\]\[10\],19.465
_04848_,19.46
_06915_,19.46
_06945_,19.44
dmem.ram\[13\]\[1\],19.425
dmem.ram\[57\]\[11\],19.42
if_id_pipe_reg.PC_Out\[6\],19.42
net547,19.42
_03419_,19.4
dmem.ram\[36\]\[4\],19.4
dmem.ram\[59\]\[14\],19.4
_06256_,19.385
instr_mem1.rom\[12\]\[7\],19.38
dmem.ram\[11\]\[4\],19.375
instr_mem1.rom\[1\]\[7\],19.34
dmem.ram\[30\]\[7\],19.32
net573,19.32
dmem.ram\[13\]\[5\],19.305
dmem.ram\[33\]\[2\],19.3
instr_mem1.rom\[0\]\[1\],19.3
dmem.ram\[5\]\[9\],19.285
_06436_,19.26
_06758_,19.24
dmem.ram\[15\]\[10\],19.24
instr_mem1.rom\[9\]\[10\],19.24
dmem.ram\[29\]\[4\],19.235
_06847_,19.22
dmem.ram\[28\]\[12\],19.2
dmem.ram\[8\]\[8\],19.2
_03432_,19.18
dmem.ram\[27\]\[9\],19.18
_03285_,19.16
_06407_,19.16
dmem.ram\[34\]\[7\],19.16
dmem.ram\[51\]\[8\],19.16
_06569_,19.14
net535,19.14
dmem.ram\[59\]\[0\],19.13
_00587_,19.105
dmem.ram\[0\]\[7\],19.1
instr_mem1.rom\[5\]\[13\],19.1
net656,19.1
_05882_,19.06
dmem.ram\[24\]\[8\],19.06
dmem.ram\[0\]\[13\],19.04
dmem.ram\[55\]\[14\],19.025
_05338_,19
_06484_,19
_06853_,19
dmem.ram\[7\]\[5\],19
if_id_pipe_reg.PC_Out\[13\],19
_02129_,18.98
_03245_,18.98
_06757_,18.98
dmem.ram\[35\]\[7\],18.98
net832,18.98
_06302_,18.94
_07222_,18.94
dmem.ram\[2\]\[5\],18.94
dmem.ram\[35\]\[5\],18.92
dmem.ram\[41\]\[15\],18.92
_03557_,18.9
dmem.ram\[25\]\[13\],18.9
instr_mem1.rom\[5\]\[1\],18.9
dmem.ram\[29\]\[12\],18.89
net385,18.88
dmem.ram\[7\]\[15\],18.86
_02933_,18.84
dmem.ram\[28\]\[10\],18.82
dmem.ram\[9\]\[13\],18.79
dmem.ram\[47\]\[8\],18.785
dmem.ram\[15\]\[4\],18.78
dmem.ram\[30\]\[2\],18.78
instr_mem1.rom\[9\]\[15\],18.78
dmem.ram\[1\]\[1\],18.76
dmem.ram\[22\]\[9\],18.76
dmem.ram\[54\]\[0\],18.76
dmem.ram\[30\]\[0\],18.74
dmem.ram\[30\]\[12\],18.74
_06437_,18.73
dmem.ram\[32\]\[10\],18.72
instr_mem1.rom\[13\]\[1\],18.72
dmem.ram\[21\]\[7\],18.705
_04961_,18.7
_05210_,18.7
net320,18.7
dmem.ram\[36\]\[1\],18.67
dmem.ram\[42\]\[13\],18.67
dmem.ram\[27\]\[3\],18.665
_05627_,18.66
dmem.ram\[30\]\[11\],18.66
dmem.ram\[60\]\[8\],18.65
dmem.ram\[19\]\[4\],18.64
instr_mem1.rom\[5\]\[15\],18.64
instr_mem1.rom\[9\]\[7\],18.64
net423,18.64
_03618_,18.62
_06372_,18.6
instr_mem1.rom\[9\]\[3\],18.6
_05238_,18.58
_06288_,18.56
_06488_,18.56
dmem.ram\[17\]\[8\],18.545
dmem.ram\[37\]\[13\],18.53
dmem.ram\[15\]\[1\],18.51
_06956_,18.5
dmem.ram\[40\]\[2\],18.5
instr_mem1.rom\[13\]\[6\],18.5
_03390_,18.48
_04500_,18.48
dmem.ram\[16\]\[5\],18.48
dmem.ram\[34\]\[6\],18.48
instr_mem1.rom\[0\]\[14\],18.48
net326,18.48
dmem.ram\[0\]\[14\],18.45
instr_mem1.rom\[6\]\[8\],18.445
_02165_,18.44
_04609_,18.44
dmem.ram\[22\]\[6\],18.44
instr_mem1.rom\[13\]\[3\],18.44
instr_mem1.rom\[3\]\[11\],18.44
_00859_,18.425
_03424_,18.4
_07352_,18.4
net153,18.38
_02656_,18.36
dmem.ram\[63\]\[7\],18.36
instr_mem1.rom\[12\]\[5\],18.36
instr_mem1.rom\[4\]\[8\],18.36
net267,18.36
dmem.ram\[39\]\[8\],18.325
dmem.ram\[14\]\[4\],18.32
instr_mem1.rom\[9\]\[6\],18.32
dmem.ram\[45\]\[7\],18.3
instr_mem1.rom\[8\]\[7\],18.3
_04201_,18.28
_06382_,18.28
dmem.ram\[59\]\[6\],18.28
instr_mem1.rom\[13\]\[8\],18.28
net389,18.28
_05445_,18.26
dmem.ram\[24\]\[7\],18.24
dmem.ram\[51\]\[0\],18.225
_05313_,18.22
dmem.ram\[5\]\[8\],18.205
net390,18.2
_02145_,18.18
net1387,18.16
dmem.ram\[2\]\[14\],18.14
dmem.ram\[48\]\[2\],18.14
dmem.ram\[27\]\[10\],18.13
_05279_,18.1
dmem.ram\[3\]\[9\],18.09
_00518_,18.085
dmem.ram\[26\]\[12\],18.08
instr_mem1.rom\[12\]\[4\],18.08
_03332_,18.06
instr_mem1.rom\[1\]\[13\],18.06
rr_ex_pipe_reg.RF_A2_Out\[0\],18.06
_02073_,18.04
_06589_,18.04
dmem.ram\[36\]\[2\],18.04
net288,18.04
_02596_,18.02
_03458_,18.02
_04608_,18.02
dmem.ram\[33\]\[12\],18.02
net866,18.02
_02092_,18
dmem.ram\[41\]\[1\],18
_02581_,17.98
_07165_,17.98
_00771_,17.96
_02056_,17.96
net1169,17.96
dmem.ram\[15\]\[0\],17.94
dmem.ram\[47\]\[1\],17.93
dmem.ram\[11\]\[6\],17.925
dmem.ram\[1\]\[0\],17.925
_05847_,17.92
dmem.ram\[47\]\[15\],17.91
_05887_,17.86
rr_ex_pipe_reg.pc_out\[6\],17.86
dmem.ram\[23\]\[4\],17.85
_02282_,17.82
_03243_,17.82
_04863_,17.82
_05832_,17.82
dmem.ram\[42\]\[7\],17.82
dmem.ram\[5\]\[6\],17.82
_02621_,17.81
instr_mem1.rom\[14\]\[2\],17.805
_07052_,17.78
_02008_,17.76
dmem.ram\[0\]\[11\],17.74
dmem.ram\[18\]\[6\],17.74
dmem.ram\[35\]\[11\],17.74
dmem.ram\[25\]\[4\],17.725
dmem.ram\[53\]\[13\],17.72
dmem.ram\[7\]\[0\],17.72
net413,17.72
dmem.ram\[5\]\[13\],17.715
dmem.ram\[37\]\[11\],17.705
dmem.ram\[47\]\[13\],17.705
instr_mem1.rom\[6\]\[7\],17.705
_04875_,17.7
net294,17.7
net396,17.7
_01193_,17.685
_02182_,17.68
_04403_,17.68
_04589_,17.68
_05004_,17.68
_06511_,17.68
_05704_,17.66
dmem.ram\[13\]\[13\],17.66
_05368_,17.64
_06189_,17.64
dmem.ram\[31\]\[3\],17.64
dmem.ram\[4\]\[0\],17.64
dmem.ram\[53\]\[12\],17.64
instr_mem1.rom\[13\]\[4\],17.64
pc_out_port[7],17.64
_05015_,17.62
net550,17.62
dmem.ram\[17\]\[15\],17.605
_05369_,17.6
_06834_,17.58
dmem.ram\[19\]\[12\],17.58
dmem.ram\[34\]\[11\],17.58
dmem.ram\[11\]\[14\],17.565
dmem.ram\[29\]\[14\],17.565
_02085_,17.56
_02947_,17.56
_05498_,17.56
dmem.ram\[58\]\[4\],17.56
dmem.ram\[7\]\[6\],17.56
dmem.ram\[13\]\[4\],17.535
instr_mem1.rom\[14\]\[12\],17.525
net375,17.52
net559,17.5
dmem.ram\[16\]\[6\],17.48
dmem.ram\[34\]\[4\],17.48
rr_ex_pipe_reg.pc_out\[13\],17.48
net482,17.48
net518,17.48
_04988_,17.46
_06947_,17.46
dmem.ram\[15\]\[12\],17.46
dmem.ram\[63\]\[2\],17.46
net724,17.46
_06598_,17.44
_06700_,17.44
dmem.ram\[34\]\[5\],17.44
dmem.ram\[35\]\[1\],17.44
instr_mem1.rom\[6\]\[5\],17.405
_05755_,17.4
dmem.ram\[6\]\[8\],17.4
instr_mem1.rom\[2\]\[1\],17.385
_05556_,17.36
_06634_,17.36
_04791_,17.35
_05102_,17.34
_05809_,17.34
dmem.ram\[30\]\[15\],17.34
net446,17.32
instr_mem1.rom\[5\]\[3\],17.3
dmem.ram\[39\]\[14\],17.285
_06217_,17.28
_06483_,17.28
dmem.ram\[10\]\[9\],17.28
dmem.ram\[15\]\[13\],17.28
dmem.ram\[63\]\[6\],17.27
instr_mem1.rom\[12\]\[13\],17.24
net440,17.24
net452,17.24
net336,17.22
_00769_,17.205
_02232_,17.2
dmem.ram\[39\]\[15\],17.185
dmem.ram\[3\]\[14\],17.185
ex_mem_pipe_reg.ALU_Result_Out\[1\],17.18
instr_mem1.rom\[4\]\[5\],17.18
dmem.ram\[17\]\[10\],17.165
_06472_,17.16
_06766_,17.16
dmem.ram\[12\]\[12\],17.16
net214,17.16
_00882_,17.145
_02674_,17.14
_03210_,17.14
_04800_,17.14
dmem.ram\[50\]\[2\],17.14
net925,17.12
instr_mem1.rom\[2\]\[13\],17.105
_02123_,17.1
dmem.ram\[14\]\[0\],17.1
net241,17.1
net345,17.1
net1517,17.1
_05977_,17.08
_06840_,17.08
dmem.ram\[27\]\[4\],17.08
dmem.ram\[62\]\[10\],17.08
_06176_,17.06
_06509_,17.06
dmem.ram\[16\]\[1\],17.06
dmem.ram\[15\]\[11\],17.02
dmem.ram\[36\]\[9\],17.02
dmem.ram\[38\]\[13\],17.02
la_sa_lm_sm_block.reg_data_form_id_128\[2\],17.02
net524,17.02
dmem.ram\[3\]\[13\],17.005
net1282,16.96
_02386_,16.94
_05296_,16.94
dmem.ram\[58\]\[12\],16.94
_00555_,16.925
dmem.ram\[1\]\[15\],16.925
instr_mem1.rom\[9\]\[13\],16.92
dmem.ram\[60\]\[9\],16.9
net328,16.9
instr_mem1.rom\[1\]\[3\],16.88
net652,16.88
dmem.ram\[21\]\[1\],16.87
_01535_,16.86
_02189_,16.86
dmem.ram\[28\]\[14\],16.86
dmem.ram\[43\]\[14\],16.86
dmem.ram\[19\]\[15\],16.855
_02098_,16.82
dmem.ram\[22\]\[4\],16.82
dmem.ram\[52\]\[2\],16.82
net918,16.82
instr_mem1.rom\[2\]\[15\],16.805
_04891_,16.8
dmem.ram\[34\]\[13\],16.8
instr_mem1.rom\[11\]\[0\],16.8
net278,16.8
dmem.ram\[61\]\[12\],16.79
dmem.ram\[37\]\[10\],16.785
_02719_,16.78
net378,16.77
_01486_,16.765
dmem.ram\[12\]\[13\],16.76
net257,16.76
net1644,16.76
_07071_,16.74
dmem.ram\[2\]\[8\],16.74
_00913_,16.725
_04812_,16.72
instr_mem1.rom\[1\]\[2\],16.72
_00190_,16.705
_05089_,16.7
_06024_,16.7
net254,16.7
_02172_,16.68
dmem.ram\[33\]\[10\],16.68
dmem.ram\[38\]\[3\],16.68
dmem.ram\[4\]\[8\],16.68
net641,16.66
_04119_,16.64
dmem.ram\[34\]\[10\],16.64
instr_mem1.rom\[0\]\[5\],16.64
instr_mem1.rom\[0\]\[7\],16.64
dmem.ram\[56\]\[9\],16.62
dmem.ram\[23\]\[7\],16.605
dmem.ram\[48\]\[12\],16.6
ex_mem_pipe_reg.RF_D1_Out\[0\],16.6
net510,16.6
net517,16.6
_06177_,16.59
dmem.ram\[39\]\[12\],16.585
_06786_,16.58
dmem.ram\[34\]\[9\],16.58
dmem.ram\[48\]\[3\],16.58
dmem.ram\[30\]\[13\],16.57
_02362_,16.56
_03293_,16.56
dmem.ram\[52\]\[3\],16.56
instr_mem1.rom\[8\]\[13\],16.56
la_sa_lm_sm_block.reg_data_form_id_128\[82\],16.56
net248,16.56
net1665,16.56
dmem.ram\[63\]\[14\],16.545
_02118_,16.54
_02192_,16.54
instr_mem1.rom\[4\]\[14\],16.54
_06957_,16.52
_00950_,16.485
instr_mem1.rom\[6\]\[2\],16.485
_03627_,16.48
ex_mem_pipe_reg.ALU_Result_Out\[0\],16.48
dmem.ram\[52\]\[0\],16.46
_04924_,16.44
_06696_,16.44
dmem.ram\[50\]\[10\],16.44
rr_ex_pipe_reg.RF_D1_Out\[5\],16.44
instr_mem1.rom\[6\]\[3\],16.425
_03262_,16.42
dmem.ram\[35\]\[10\],16.42
_01626_,16.405
dmem.ram\[22\]\[5\],16.4
net536,16.4
dmem.ram\[13\]\[0\],16.39
dmem.ram\[16\]\[15\],16.38
dmem.ram\[29\]\[7\],16.365
_02906_,16.36
net1380,16.36
_02250_,16.34
dmem.ram\[43\]\[11\],16.34
dmem.ram\[57\]\[5\],16.34
instr_mem1.rom\[8\]\[15\],16.34
dmem.ram\[17\]\[4\],16.325
_02153_,16.32
_06275_,16.32
_00421_,16.3
_06656_,16.3
dmem.ram\[35\]\[14\],16.3
dmem.ram\[28\]\[15\],16.28
dmem.ram\[39\]\[7\],16.27
_01028_,16.26
_05370_,16.26
_06946_,16.26
dmem.ram\[23\]\[3\],16.26
net1069,16.26
_02150_,16.24
dmem.ram\[26\]\[6\],16.24
dmem.ram\[28\]\[8\],16.23
_03785_,16.22
_05597_,16.22
dmem.ram\[22\]\[8\],16.2
net460,16.2
instr_mem1.rom\[15\]\[11\],16.18
net337,16.18
_03624_,16.17
instr_mem1.rom\[3\]\[14\],16.16
_06582_,16.14
dmem.ram\[57\]\[3\],16.14
instr_mem1.rom\[9\]\[4\],16.14
_01501_,16.125
_04478_,16.12
instr_mem1.rom\[12\]\[11\],16.12
rr_ex_pipe_reg.pc_out\[12\],16.12
dmem.ram\[55\]\[8\],16.11
dmem.ram\[37\]\[5\],16.105
_07224_,16.1
la_sa_lm_sm_block.reg_data_form_id_128\[36\],16.1
_00808_,16.08
dmem.ram\[36\]\[15\],16.06
dmem.ram\[3\]\[0\],16.06
dmem.ram\[41\]\[7\],16.06
dmem.ram\[58\]\[7\],16.04
_03566_,16.02
_05402_,16
dmem.ram\[55\]\[9\],16
_06806_,15.98
_05626_,15.96
net1692,15.96
dmem.ram\[63\]\[11\],15.945
_02014_,15.94
instr_mem1.rom\[4\]\[4\],15.94
_03225_,15.92
dmem.ram\[40\]\[12\],15.92
_01595_,15.905
_06600_,15.9
dmem.ram\[1\]\[6\],15.89
dmem.ram\[10\]\[1\],15.88
dmem.ram\[34\]\[14\],15.88
dmem.ram\[52\]\[12\],15.88
dmem.ram\[6\]\[13\],15.88
net146,15.88
net458,15.88
_03474_,15.86
_06826_,15.86
dmem.ram\[38\]\[6\],15.86
net369,15.86
_00633_,15.845
_01600_,15.845
_03023_,15.84
_03429_,15.84
_06878_,15.84
dmem.ram\[54\]\[6\],15.84
_00951_,15.825
dmem.ram\[27\]\[12\],15.82
_03179_,15.8
_03631_,15.8
_05504_,15.8
_05521_,15.8
dmem.ram\[59\]\[13\],15.8
_07281_,15.78
instr_mem1.rom\[10\]\[13\],15.775
_00629_,15.765
_00784_,15.765
_02171_,15.76
_06551_,15.76
net137,15.76
_04385_,15.74
dmem.ram\[52\]\[13\],15.74
instr_mem1.rom\[3\]\[13\],15.72
ex_mem_pipe_reg.Instr_Out\[1\],15.705
instr_mem1.rom\[6\]\[4\],15.685
_06953_,15.68
dmem.ram\[4\]\[2\],15.68
dmem.ram\[53\]\[4\],15.68
instr_mem1.rom\[1\]\[10\],15.68
net420,15.68
instr_mem1.rom\[10\]\[12\],15.665
_07014_,15.66
dmem.ram\[15\]\[2\],15.64
net286,15.64
_04763_,15.62
dmem.ram\[50\]\[8\],15.62
_06548_,15.615
instr_mem1.rom\[14\]\[10\],15.605
_04636_,15.6
_06590_,15.6
dmem.ram\[6\]\[15\],15.6
net472,15.6
_02406_,15.585
_06573_,15.58
_04610_,15.56
dmem.ram\[33\]\[6\],15.56
instr_mem1.rom\[0\]\[9\],15.56
_01695_,15.545
_06951_,15.52
dmem.ram\[16\]\[10\],15.52
dmem.ram\[33\]\[15\],15.52
dmem.ram\[38\]\[14\],15.52
net371,15.52
dmem.ram\[59\]\[5\],15.51
net193,15.5
dmem.ram\[39\]\[10\],15.49
_03138_,15.48
dmem.ram\[56\]\[14\],15.48
rr_ex_pipe_reg.pc_out\[11\],15.48
dmem.ram\[39\]\[11\],15.465
_05695_,15.46
_03286_,15.44
_04940_,15.44
_06502_,15.44
net1273,15.44
net283,15.42
dmem.ram\[62\]\[13\],15.41
_01959_,15.4
_02964_,15.4
dmem.ram\[16\]\[9\],15.4
dmem.ram\[27\]\[15\],15.4
ir_port[1],15.4
net195,15.4
net591,15.4
_02125_,15.38
_04799_,15.38
_06982_,15.38
dmem.ram\[54\]\[11\],15.38
net339,15.38
_05429_,15.36
dmem.ram\[59\]\[2\],15.36
la_sa_lm_sm_block.reg_index_lm_sm\[2\],15.36
dmem.ram\[47\]\[14\],15.355
_03026_,15.34
net1567,15.34
_02496_,15.32
net355,15.3
instr_mem1.rom\[8\]\[0\],15.295
dmem.ram\[63\]\[5\],15.285
_02378_,15.28
_05748_,15.28
_03378_,15.26
_06459_,15.26
net232,15.26
net264,15.26
net617,15.26
dmem.ram\[23\]\[12\],15.225
_03562_,15.22
_03630_,15.22
_06552_,15.22
_06976_,15.22
_07260_,15.22
dmem.ram\[28\]\[9\],15.22
dmem.ram\[41\]\[3\],15.22
dmem.ram\[49\]\[11\],15.22
dmem.ram\[17\]\[7\],15.205
_03987_,15.2
dmem.ram\[47\]\[4\],15.185
_04858_,15.18
_04992_,15.18
dmem.ram\[15\]\[14\],15.18
dmem.ram\[32\]\[0\],15.18
net527,15.18
net1166,15.18
la_sa_lm_sm_block.reg_data_form_id_128\[10\],15.16
dmem.ram\[19\]\[13\],15.14
instr_mem1.rom\[13\]\[10\],15.14
rr_ex_pipe_reg.RF_D2_Out\[6\],15.14
_00358_,15.125
_02222_,15.12
_03289_,15.12
la_sa_lm_sm_block.reg_index_lm_sm\[1\],15.12
_01623_,15.105
_06526_,15.1
dmem.ram\[53\]\[7\],15.1
_02760_,15.08
instr_mem1.rom\[8\]\[5\],15.07
dmem.ram\[63\]\[4\],15.065
_00723_,15.06
_02050_,15.06
_05593_,15.06
dmem.ram\[18\]\[12\],15.06
dmem.ram\[48\]\[1\],15.06
dmem.ram\[4\]\[12\],15.06
_00928_,15.045
_02142_,15.04
_02489_,15.04
_03239_,15.04
_04927_,15.04
_05248_,15.04
rr_ex_pipe_reg.cntrl_out\[1\],15.035
_01642_,15.025
_05110_,15.02
dmem.ram\[42\]\[12\],15.02
instr_mem1.rom\[12\]\[9\],15.02
instr_mem1.rom\[15\]\[10\],15.02
net223,15.02
_02154_,15
net1431,15
_01643_,14.985
_02176_,14.98
_07241_,14.98
dmem.ram\[62\]\[9\],14.98
_03453_,14.96
dmem.ram\[32\]\[6\],14.96
dmem.ram\[50\]\[12\],14.96
dmem.ram\[59\]\[11\],14.96
instr_mem1.rom\[7\]\[9\],14.96
_00412_,14.94
_02018_,14.94
_02206_,14.94
_03116_,14.94
_04254_,14.94
_06607_,14.94
_01401_,14.925
_03446_,14.92
_05055_,14.92
_07160_,14.92
ex_mem_pipe_reg.Instr_Out\[13\],14.92
la_sa_lm_sm_block.reg_data_form_id_128\[1\],14.92
_05516_,14.9
instr_mem1.rom\[11\]\[10\],14.9
instr_mem1.rom\[8\]\[11\],14.9
_02874_,14.88
_03120_,14.88
_03700_,14.88
_05001_,14.88
_06599_,14.88
ex_mem_pipe_reg.Instr_Out\[0\],14.86
net237,14.86
net272,14.86
_06036_,14.84
_03248_,14.82
_04474_,14.82
_07018_,14.82
net222,14.82
net500,14.82
net570,14.82
net581,14.82
net587,14.82
_05850_,14.8
_07133_,14.8
instr_mem1.rom\[15\]\[1\],14.8
instr_mem1.rom\[8\]\[14\],14.8
_00949_,14.785
_02126_,14.78
net531,14.78
_01696_,14.765
_06935_,14.76
dmem.ram\[33\]\[11\],14.76
dmem.ram\[7\]\[10\],14.76
dmem.ram\[59\]\[1\],14.745
dmem.ram\[9\]\[11\],14.745
_01002_,14.74
_03360_,14.74
_03426_,14.72
dmem.ram\[31\]\[1\],14.72
_02211_,14.7
dmem.ram\[1\]\[8\],14.69
_02041_,14.68
instr_mem1.rom\[3\]\[9\],14.68
net252,14.66
dmem.ram\[21\]\[2\],14.645
dmem.ram\[9\]\[8\],14.645
_01939_,14.64
_02185_,14.64
_03366_,14.64
_04013_,14.62
_04941_,14.62
dmem.ram\[62\]\[12\],14.62
instr_mem1.rom\[9\]\[9\],14.62
_03629_,14.6
dmem.ram\[13\]\[6\],14.585
_06373_,14.58
net406,14.58
net884,14.58
_00702_,14.565
_05482_,14.56
_06246_,14.56
dmem.ram\[40\]\[6\],14.56
_03494_,14.54
_04578_,14.54
_07286_,14.54
net270,14.54
net1331,14.54
_02158_,14.53
_02221_,14.52
_04450_,14.52
net370,14.52
_00611_,14.505
_03339_,14.5
_03558_,14.48
_05378_,14.48
_06626_,14.48
dmem.ram\[60\]\[13\],14.48
net461,14.48
net469,14.48
_05185_,14.46
la_sa_lm_sm_block.reg_data_form_id_128\[105\],14.46
net315,14.46
dmem.ram\[6\]\[10\],14.44
instr_mem1.rom\[1\]\[15\],14.44
net630,14.44
_06535_,14.425
dmem.ram\[47\]\[11\],14.425
net1140,14.41
_02771_,14.4
_03420_,14.4
_05970_,14.4
dmem.ram\[51\]\[9\],14.4
net313,14.4
instr_mem1.rom\[2\]\[7\],14.385
_02819_,14.38
_04878_,14.38
dmem.ram\[43\]\[0\],14.38
dmem.ram\[63\]\[3\],14.38
net274,14.38
net650,14.38
_05891_,14.36
dmem.ram\[22\]\[14\],14.36
dmem.ram\[36\]\[0\],14.36
dmem.ram\[50\]\[0\],14.36
net1165,14.36
_05536_,14.34
instr_mem1.rom\[0\]\[2\],14.34
_04777_,14.32
_05372_,14.32
dmem.ram\[26\]\[8\],14.32
la_sa_lm_sm_block.reg_data_form_id_128\[104\],14.32
_00697_,14.3
_03514_,14.3
_04683_,14.3
_05456_,14.3
dmem.ram\[0\]\[0\],14.3
la_sa_lm_sm_block.reg_index_lm_sm\[0\],14.3
net1554,14.3
net1687,14.3
dmem.ram\[27\]\[1\],14.28
net847,14.28
net1600,14.28
dmem.ram\[35\]\[0\],14.26
dmem.ram\[4\]\[13\],14.26
net1428,14.26
_04605_,14.24
net622,14.24
net998,14.24
_02207_,14.235
dmem.ram\[21\]\[12\],14.225
dmem.ram\[21\]\[3\],14.225
dmem.ram\[54\]\[1\],14.22
dmem.ram\[54\]\[2\],14.22
net833,14.22
rr_ex_pipe_reg.pc_out\[5\],14.2
_01814_,14.185
net398,14.185
_05148_,14.18
dmem.ram\[2\]\[3\],14.18
net204,14.18
dmem.ram\[41\]\[6\],14.16
dmem.ram\[1\]\[3\],14.145
dmem.ram\[47\]\[12\],14.145
dmem.ram\[16\]\[3\],14.14
dmem.ram\[41\]\[2\],14.14
net1111,14.14
_01492_,14.125
instr_mem1.rom\[6\]\[6\],14.125
_03056_,14.12
_03144_,14.12
net122,14.12
_01989_,14.1
dmem.ram\[41\]\[12\],14.1
instr_mem1.rom\[0\]\[8\],14.1
net1615,14.1
_00842_,14.085
_00999_,14.085
_05410_,14.08
_05810_,14.08
dmem.ram\[18\]\[9\],14.08
dmem.ram\[40\]\[15\],14.08
rr_ex_pipe_reg.RF_A2_Out\[1\],14.08
rr_ex_pipe_reg.cntrl_out\[3\],14.08
_00602_,14.065
_05571_,14.06
_06092_,14.06
dmem.ram\[43\]\[12\],14.06
rr_ex_pipe_reg.RF_D2_Out\[12\],14.06
_00887_,14.045
dmem.ram\[22\]\[13\],14.02
dmem.ram\[28\]\[11\],14.02
dmem.ram\[35\]\[12\],14.02
net603,14.02
_02072_,14
_03369_,14
_05127_,14
_06031_,14
rr_ex_pipe_reg.RF_A1_Out\[0\],14
net363,14
net501,14
_01101_,13.995
_00738_,13.98
_03298_,13.96
_04824_,13.96
dmem.ram\[17\]\[11\],13.945
_01977_,13.94
_06519_,13.94
net168,13.94
_04957_,13.92
_06720_,13.92
dmem.ram\[32\]\[15\],13.92
_00914_,13.915
_02380_,13.9
_05197_,13.9
dmem.ram\[27\]\[13\],13.9
net415,13.9
net1063,13.9
net1529,13.9
instr_mem1.rom\[8\]\[9\],13.89
_01235_,13.885
_00952_,13.845
_03303_,13.84
_05915_,13.84
_05989_,13.84
rr_ex_pipe_reg.instr_out\[15\],13.84
net762,13.84
net1420,13.84
net775,13.82
instr_mem1.rom\[2\]\[5\],13.805
_02824_,13.8
_02943_,13.8
dmem.ram\[14\]\[9\],13.8
dmem.ram\[32\]\[7\],13.8
net338,13.8
_04453_,13.78
_06942_,13.78
net1635,13.78
_02223_,13.76
_03288_,13.76
net125,13.76
net946,13.76
net492,13.75
_01572_,13.74
dmem.ram\[57\]\[14\],13.74
net558,13.74
_01914_,13.72
dmem.ram\[31\]\[2\],13.71
debug_mem_data[1],13.7
_06002_,13.69
_00671_,13.685
_03702_,13.68
_05442_,13.68
dmem.ram\[42\]\[6\],13.68
_01569_,13.675
_02476_,13.66
_02868_,13.66
_03381_,13.66
_06864_,13.66
net869,13.66
_00119_,13.655
_02442_,13.62
_05835_,13.62
instr_mem1.rom\[13\]\[11\],13.62
net312,13.62
_00752_,13.605
_01049_,13.605
instr_mem1.rom\[13\]\[7\],13.6
_03295_,13.58
ex_mem_pipe_reg.ALU_Result_Out\[3\],13.58
_00894_,13.565
_05866_,13.56
_02411_,13.54
_03625_,13.54
dmem.ram\[26\]\[13\],13.54
id_rr_pipe_reg.pc_out\[1\],13.54
net523,13.54
net990,13.54
_02738_,13.5
_03451_,13.5
_05395_,13.5
_06335_,13.5
_07088_,13.5
dmem.ram\[1\]\[12\],13.5
ex_mem_pipe_reg.RF_D1_Out\[2\],13.5
net1171,13.5
net1277,13.5
net1289,13.5
net1534,13.5
_02842_,13.48
_03496_,13.48
_06216_,13.47
_03118_,13.46
_05262_,13.46
_06791_,13.46
_06918_,13.46
net418,13.46
dmem.ram\[11\]\[5\],13.445
_04792_,13.44
dmem.ram\[55\]\[13\],13.425
_02519_,13.42
_04028_,13.42
_05073_,13.42
_07199_,13.42
net540,13.42
net636,13.42
net1280,13.42
instr_mem1.rom\[14\]\[11\],13.41
_00867_,13.405
_02693_,13.4
_04855_,13.4
_07147_,13.4
net614,13.4
dmem.ram\[21\]\[0\],13.385
_02199_,13.38
_04881_,13.38
_06174_,13.38
instr_mem1.rom\[5\]\[10\],13.38
net437,13.38
_01216_,13.365
net1511,13.36
dmem.ram\[23\]\[11\],13.345
_06576_,13.34
dmem.ram\[57\]\[6\],13.34
dmem.ram\[37\]\[1\],13.31
dmem.ram\[1\]\[2\],13.305
instr_mem1.rom\[14\]\[3\],13.305
_04413_,13.3
net284,13.3
net448,13.3
_00935_,13.285
debug_reg_data[14],13.28
dmem.ram\[9\]\[7\],13.265
_02208_,13.26
dmem.ram\[24\]\[6\],13.26
dmem.ram\[50\]\[6\],13.26
instr_mem1.rom\[15\]\[6\],13.26
net163,13.26
net872,13.24
_04783_,13.22
dmem.ram\[40\]\[13\],13.22
net1436,13.22
net1669,13.22
_00626_,13.205
_00932_,13.205
instr_mem1.rom\[10\]\[4\],13.19
instr_mem1.rom\[10\]\[0\],13.185
_05477_,13.18
_00761_,13.16
_02355_,13.16
_03502_,13.16
instr_mem1.rom\[5\]\[11\],13.16
_06718_,13.155
_01597_,13.145
dmem.ram\[23\]\[6\],13.145
net756,13.14
_00920_,13.125
_04420_,13.12
dmem.ram\[31\]\[7\],13.11
_01706_,13.105
_03058_,13.1
_05308_,13.1
dmem.ram\[32\]\[14\],13.1
_00459_,13.085
_00835_,13.085
_01627_,13.085
_02074_,13.08
_04364_,13.08
_05314_,13.08
_06295_,13.08
_06952_,13.08
_07097_,13.08
net303,13.08
net346,13.08
net980,13.08
net1337,13.08
_01089_,13.065
_01437_,13.055
_00832_,13.045
_02750_,13.04
_07203_,13.04
net822,13.04
_03626_,13.01
dmem.ram\[9\]\[9\],13.005
instr_mem1.rom\[14\]\[4\],13.005
_01918_,13
_02161_,13
dmem.ram\[59\]\[7\],13
instr_mem1.rom\[12\]\[2\],13
net1011,13
_00982_,12.98
_06469_,12.98
net530,12.98
net900,12.98
_00450_,12.965
_03135_,12.96
_05140_,12.96
_06703_,12.96
_06716_,12.96
_07347_,12.96
instr_mem1.rom\[12\]\[0\],12.96
net490,12.96
net1465,12.96
net1695,12.96
instr_mem1.rom\[10\]\[7\],12.945
_02377_,12.94
net118,12.94
_00603_,12.925
_01576_,12.92
_05103_,12.92
_05440_,12.92
instr_mem1.rom\[3\]\[3\],12.92
net1607,12.92
_02484_,12.9
_06790_,12.9
_07105_,12.9
net427,12.9
net732,12.9
net1049,12.9
dmem.ram\[27\]\[0\],12.89
_06651_,12.885
dmem.ram\[33\]\[4\],12.88
net1138,12.88
net1369,12.88
_04870_,12.87
_00873_,12.865
dmem.ram\[40\]\[7\],12.86
net357,12.86
net761,12.86
net380,12.85
_02647_,12.84
_03686_,12.84
_05129_,12.84
net301,12.84
net511,12.84
net546,12.84
net1472,12.84
_01617_,12.825
_02256_,12.82
_04871_,12.82
net827,12.82
instr_mem1.rom\[2\]\[9\],12.805
_00722_,12.8
_03299_,12.8
_06296_,12.8
net409,12.8
_00556_,12.785
la_sa_lm_sm_block.reg_data_form_id_128\[4\],12.78
dmem.ram\[47\]\[2\],12.765
_02159_,12.76
_02859_,12.76
_04542_,12.76
_06898_,12.76
net162,12.76
net851,12.76
_02540_,12.74
_04655_,12.74
_06857_,12.74
instr_mem1.rom\[10\]\[1\],12.725
dmem.ram\[38\]\[5\],12.72
instr_mem1.rom\[8\]\[8\],12.72
net341,12.72
net376,12.72
net401,12.72
net456,12.72
instr_mem1.rom\[9\]\[11\],12.715
_03073_,12.7
_03284_,12.7
_04913_,12.7
_05334_,12.7
_05691_,12.7
_07127_,12.7
ex_mem_pipe_reg.Instr_Out\[3\],12.7
la_sa_lm_sm_block.reg_data_form_id_128\[32\],12.7
la_sa_lm_sm_block.reg_data_form_id_128\[37\],12.7
net194,12.7
net1371,12.7
_00834_,12.685
_01102_,12.685
_01190_,12.68
_02253_,12.68
_06991_,12.68
_03435_,12.66
_06090_,12.66
_06495_,12.66
_06723_,12.66
dmem.ram\[31\]\[0\],12.66
_03217_,12.64
_04559_,12.64
_04837_,12.64
_05650_,12.64
net386,12.64
_03044_,12.62
_04679_,12.62
_05046_,12.62
_07186_,12.62
la_sa_lm_sm_block.reg_data_form_id_128\[68\],12.62
net927,12.62
_00406_,12.605
_03294_,12.6
_01222_,12.585
_01602_,12.585
instr_mem1.rom\[10\]\[8\],12.585
_02488_,12.58
_02944_,12.58
_03290_,12.58
_03628_,12.58
_04209_,12.58
_05174_,12.58
_05261_,12.58
_06751_,12.58
_07197_,12.58
net505,12.58
net823,12.58
_06545_,12.56
_07361_,12.56
instr_mem1.rom\[10\]\[10\],12.545
_03981_,12.54
dmem.ram\[15\]\[5\],12.54
net367,12.54
_03571_,12.53
debug_reg_data[9],12.52
_00841_,12.505
dmem.ram\[11\]\[7\],12.505
_06289_,12.5
_06719_,12.5
_07196_,12.5
instr_mem1.rom\[4\]\[13\],12.5
instr_mem1.rom\[7\]\[4\],12.5
net1301,12.5
_02038_,12.48
_07030_,12.48
_02080_,12.46
_05568_,12.46
dmem.ram\[32\]\[1\],12.46
dmem.ram\[62\]\[8\],12.46
instr_mem1.rom\[9\]\[0\],12.46
net412,12.46
_00604_,12.445
_01993_,12.44
_06129_,12.44
net1491,12.44
_03016_,12.42
_03045_,12.42
_03211_,12.42
_07095_,12.42
instr_mem1.rom\[4\]\[12\],12.42
instr_mem1.rom\[8\]\[10\],12.42
rr_ex_pipe_reg.pc_out\[14\],12.42
net419,12.405
_05104_,12.4
_06690_,12.4
net888,12.4
net1406,12.4
net1415,12.4
_00628_,12.365
dmem.ram\[23\]\[9\],12.345
dmem.ram\[37\]\[8\],12.345
_06000_,12.34
_06447_,12.34
dmem.ram\[13\]\[9\],12.325
_06899_,12.32
dmem.ram\[52\]\[7\],12.32
_01593_,12.305
instr_mem1.rom\[10\]\[3\],12.305
_04945_,12.3
_05433_,12.3
_06280_,12.3
_06558_,12.3
_06106_,12.28
net126,12.28
net188,12.28
net618,12.28
_00512_,12.265
_02058_,12.24
_04093_,12.24
_04315_,12.24
_05659_,12.24
_07216_,12.24
debug_mem_addr[5],12.24
la_sa_lm_sm_block.reg_data_form_id_128\[96\],12.24
_01568_,12.225
_04649_,12.2
_00508_,12.18
_00184_,12.165
_01635_,12.165
_01964_,12.16
_02258_,12.16
_05326_,12.16
_07376_,12.16
net154,12.16
net191,12.16
net619,12.16
net1423,12.16
_00616_,12.14
_02130_,12.14
_03810_,12.14
_07367_,12.14
carry_flag_port,12.14
debug_reg_data[6],12.14
dmem.ram\[1\]\[7\],12.125
_03222_,12.12
_03565_,12.12
_06181_,12.12
dmem.ram\[32\]\[4\],12.12
net647,12.12
_02895_,12.1
_02905_,12.1
_03931_,12.1
_05417_,12.1
_07221_,12.1
_04621_,12.08
_05527_,12.08
net277,12.08
dmem.ram\[1\]\[4\],12.07
net1409,12.06
_06578_,12.055
instr_mem1.rom\[6\]\[11\],12.045
_03783_,12.04
net551,12.04
net1079,12.04
net1243,12.04
_00840_,12.025
_00892_,12.025
_05108_,12.02
net1528,12.02
net1633,12.02
_06462_,12
instr_mem1.rom\[11\]\[5\],12
instr_mem1.rom\[5\]\[9\],12
net1440,12
net1510,12
dmem.ram\[36\]\[6\],11.98
net1343,11.98
net1530,11.98
_05060_,11.96
_05208_,11.96
_06259_,11.96
_06478_,11.96
dmem.ram\[18\]\[13\],11.96
dmem.ram\[49\]\[1\],11.96
_06887_,11.94
net889,11.94
net917,11.94
net1031,11.94
instr_mem1.rom\[10\]\[5\],11.925
_04556_,11.92
dmem.ram\[10\]\[3\],11.92
net1129,11.92
net1675,11.92
_00439_,11.905
la_sa_lm_sm_block.reg_data_form_id_128\[34\],11.9
_05061_,11.88
_06461_,11.88
_06517_,11.88
_00388_,11.865
_04493_,11.855
_01605_,11.845
_02864_,11.84
_05668_,11.84
_06273_,11.84
_07298_,11.84
dmem.ram\[33\]\[9\],11.84
instr_mem1.rom\[5\]\[2\],11.84
_03170_,11.82
_03370_,11.82
dmem.ram\[57\]\[7\],11.82
net245,11.82
instr_mem1.rom\[2\]\[3\],11.805
_04866_,11.8
_07378_,11.8
net525,11.8
net815,11.8
net878,11.8
net1266,11.8
net1612,11.8
_00103_,11.785
_01177_,11.785
_01878_,11.78
_02061_,11.78
_02146_,11.78
_03283_,11.78
_03707_,11.78
_05461_,11.78
_06747_,11.78
debug_mem_addr[0],11.78
debug_mem_addr[3],11.78
instr_mem1.rom\[13\]\[12\],11.78
instr_waddr[1],11.78
instr_waddr[2],11.78
instr_wdata[13],11.78
instr_we,11.78
dmem.ram\[5\]\[5\],11.765
_06455_,11.76
dmem.ram\[43\]\[13\],11.76
_00838_,11.745
_01632_,11.745
net368,11.745
_03215_,11.74
_03329_,11.74
_00880_,11.705
_00957_,11.705
instr_mem1.rom\[10\]\[9\],11.705
_01952_,11.7
_03326_,11.7
_04146_,11.7
_06161_,11.7
_06874_,11.7
dmem.ram\[32\]\[9\],11.7
la_sa_lm_sm_block.reg_data_form_id_128\[15\],11.7
net544,11.7
net770,11.7
net1446,11.7
net1677,11.7
debug_mem_data[10],11.68
debug_mem_data[8],11.68
debug_reg_data[15],11.68
debug_reg_data[7],11.68
debug_reg_data[8],11.68
instr_mem1.rom\[15\]\[8\],11.68
ir_port[13],11.68
ir_port[4],11.68
ir_port[6],11.68
ir_port[9],11.68
pc_out_port[0],11.68
pc_out_port[5],11.68
pc_out_port[6],11.68
pc_out_port[8],11.68
rr_ex_pipe_reg.cntrl_out\[0\],11.68
instr_mem1.rom\[10\]\[11\],11.665
_07318_,11.66
dmem.ram\[33\]\[13\],11.66
dmem.ram\[62\]\[7\],11.66
net476,11.66
net555,11.66
net598,11.66
net1013,11.66
net1276,11.66
_02103_,11.64
_03832_,11.64
_03836_,11.64
_04579_,11.63
_00314_,11.625
_03862_,11.62
_04112_,11.62
_05078_,11.62
_05463_,11.62
_06999_,11.62
net1569,11.62
_00420_,11.6
_01081_,11.6
_03960_,11.6
_03968_,11.6
_04357_,11.6
instr_mem1.rom\[7\]\[2\],11.6
net574,11.6
net671,11.6
net697,11.6
net772,11.6
instr_mem1.rom\[14\]\[8\],11.585
_01834_,11.58
_02184_,11.58
_02622_,11.58
_02834_,11.58
_03154_,11.58
_03471_,11.58
_05163_,11.58
_06474_,11.58
net1352,11.58
_03930_,11.56
_06054_,11.56
net374,11.56
net1048,11.56
net1323,11.56
net1438,11.56
_00819_,11.545
_02765_,11.54
_03528_,11.54
_05645_,11.54
_05749_,11.54
_05894_,11.54
_06768_,11.54
ex_mem_pipe_reg.RF_D1_Out\[1\],11.54
net785,11.54
_02272_,11.52
_03830_,11.52
_03993_,11.52
net583,11.52
net657,11.52
net1421,11.52
_01700_,11.505
_03314_,11.5
_04312_,11.5
_06458_,11.5
dmem.ram\[43\]\[15\],11.5
net1509,11.5
_05284_,11.49
_04879_,11.48
dmem.ram\[54\]\[5\],11.48
net1032,11.48
_03114_,11.46
dmem.ram\[15\]\[9\],11.46
net258,11.46
net575,11.46
net1547,11.46
net1662,11.46
_00828_,11.445
_05120_,11.44
_07131_,11.44
net894,11.44
net1324,11.44
_05041_,11.43
_03389_,11.42
_04476_,11.42
_05876_,11.42
dmem.ram\[43\]\[7\],11.42
_00931_,11.405
dmem.ram\[52\]\[4\],11.4
_00641_,11.395
_02516_,11.38
_06490_,11.38
net212,11.38
net514,11.38
net569,11.38
_02249_,11.37
instr_mem1.rom\[6\]\[9\],11.365
_03301_,11.36
dmem.ram\[35\]\[15\],11.36
la_sa_lm_sm_block.reg_data_form_id_128\[85\],11.36
net1329,11.36
_00963_,11.345
_01286_,11.345
_02119_,11.34
_02329_,11.34
_04905_,11.34
net1297,11.34
_00041_,11.325
instr_mem1.rom\[10\]\[6\],11.325
instr_mem1.rom\[6\]\[15\],11.325
_02514_,11.32
_02849_,11.32
_03076_,11.32
_04553_,11.32
_04614_,11.32
_05606_,11.32
_05875_,11.32
_06707_,11.32
_07008_,11.32
instr_mem1.rom\[11\]\[7\],11.32
net109,11.32
_00581_,11.305
_01491_,11.305
_01013_,11.3
_03119_,11.3
_00627_,11.285
_01339_,11.285
_02775_,11.28
_04513_,11.28
_05093_,11.28
_04235_,11.26
net577,11.26
_00432_,11.245
_01697_,11.245
la_sa_lm_sm_block.reg_data_form_id_128\[26\],11.245
_02133_,11.24
_03799_,11.24
_05318_,11.24
_06070_,11.24
_07063_,11.24
net22,11.24
net403,11.24
net779,11.24
net1142,11.24
net1235,11.24
_01150_,11.225
net133,11.22
net224,11.22
_00600_,11.205
_00885_,11.205
_00941_,11.205
_03476_,11.2
_04071_,11.2
_04365_,11.2
_06060_,11.2
_06785_,11.2
_07210_,11.2
net1536,11.2
_02163_,11.195
instr_mem1.rom\[14\]\[5\],11.185
_02804_,11.18
_03311_,11.18
_04010_,11.18
_01402_,11.165
_01495_,11.165
_01859_,11.16
_03015_,11.16
_03543_,11.16
_05276_,11.16
_05655_,11.16
_02157_,11.14
_04133_,11.14
_04228_,11.14
_06685_,11.14
net712,11.14
net959,11.14
net1170,11.14
net1298,11.14
_00560_,11.125
_00591_,11.125
_00869_,11.125
_00978_,11.125
_03550_,11.12
_05563_,11.12
_07290_,11.12
instr_mem1.rom\[11\]\[9\],11.12
instr_mem1.rom\[12\]\[8\],11.12
net608,11.12
net882,11.12
instr_mem1.rom\[14\]\[7\],11.105
_00398_,11.1
instr_mem1.rom\[7\]\[5\],11.1
net813,11.1
dmem.ram\[37\]\[15\],11.085
_03457_,11.08
ex_mem_pipe_reg.Instr_Out\[4\],11.08
net808,11.08
net1056,11.08
net1365,11.08
_04306_,11.06
_06867_,11.06
_01534_,11.04
_02915_,11.04
_04738_,11.04
_05386_,11.04
_04797_,11.03
_00917_,11.025
_01259_,11.025
net475,11.02
net1121,11.02
net1661,11.02
_05146_,11
_06925_,11
net327,11
net704,11
_00862_,10.985
_00154_,10.965
_00605_,10.965
dmem.ram\[29\]\[9\],10.965
_04596_,10.96
instr_mem1.rom\[5\]\[0\],10.96
_03250_,10.94
_06789_,10.94
_01003_,10.925
_03232_,10.92
_04366_,10.92
_04422_,10.92
_05920_,10.92
net561,10.92
_01610_,10.905
instr_mem1.rom\[2\]\[6\],10.905
_00048_,10.9
_02167_,10.9
la_sa_lm_sm_block.reg_data_form_id_128\[106\],10.9
net147,10.9
net169,10.9
net457,10.9
net470,10.9
net498,10.9
net526,10.9
net758,10.9
net883,10.9
net1620,10.9
net1680,10.9
_02011_,10.88
_03475_,10.88
net1624,10.88
_00954_,10.865
_03422_,10.86
_05075_,10.86
_05531_,10.86
_06686_,10.86
_07162_,10.86
clknet_leaf_195_clk,10.86
net353,10.86
net364,10.86
net1397,10.86
_00422_,10.845
dmem.ram\[20\]\[8\],10.84
net610,10.84
_00034_,10.825
_02229_,10.82
_02337_,10.82
_02642_,10.82
_03321_,10.82
_04004_,10.82
_05231_,10.82
net323,10.82
_03793_,10.8
_04739_,10.8
_04886_,10.8
_06910_,10.8
net362,10.8
net383,10.8
_00854_,10.785
_00896_,10.785
_00997_,10.785
_01503_,10.785
_01607_,10.785
_02045_,10.78
_02107_,10.78
_02398_,10.78
_02918_,10.78
_03018_,10.78
_04256_,10.78
_05579_,10.78
_06086_,10.78
net399,10.78
net964,10.78
net1020,10.78
net1071,10.78
net1176,10.78
net1685,10.78
net1693,10.78
_05062_,10.77
_06167_,10.76
_00824_,10.745
_00953_,10.745
_01496_,10.745
_02916_,10.74
_03858_,10.74
_04066_,10.74
_06158_,10.74
net857,10.74
net1095,10.74
net1183,10.74
net1207,10.74
_00847_,10.725
_03846_,10.72
_04826_,10.72
_00918_,10.705
_03083_,10.7
_03377_,10.7
_06242_,10.7
_06973_,10.7
_00765_,10.685
_05808_,10.68
net349,10.68
net593,10.68
net1193,10.68
_06563_,10.67
_00554_,10.665
_02798_,10.66
_02928_,10.66
_03111_,10.66
_03238_,10.66
_03774_,10.66
_04183_,10.66
_05524_,10.66
_05633_,10.66
_05925_,10.66
_06055_,10.66
_06449_,10.66
_06704_,10.66
instr_mem1.rom\[7\]\[10\],10.66
net1619,10.66
net1696,10.66
_05502_,10.64
_07233_,10.64
dmem.ram\[61\]\[6\],10.64
net609,10.64
net854,10.64
net1123,10.64
net1484,10.64
_00489_,10.625
_03173_,10.62
_06513_,10.62
_06572_,10.62
dmem.ram\[34\]\[15\],10.62
dmem.ram\[38\]\[4\],10.62
net730,10.62
net978,10.62
_06854_,10.615
_01294_,10.605
_01563_,10.605
_01702_,10.605
_01266_,10.6
_02569_,10.6
_03516_,10.6
_05841_,10.6
net1263,10.6
net621,10.585
_05572_,10.58
_06839_,10.58
dmem.ram\[10\]\[4\],10.58
_00055_,10.565
_01541_,10.56
_03767_,10.56
_06779_,10.56
net441,10.56
_01059_,10.54
_06616_,10.54
net796,10.54
net984,10.52
net1452,10.52
ir_port[12],10.51
_00346_,10.505
_01403_,10.505
instr_mem1.rom\[7\]\[14\],10.5
_00711_,10.495
dmem.ram\[56\]\[4\],10.48
net786,10.48
_00987_,10.465
_06178_,10.46
_06477_,10.46
net216,10.46
net714,10.46
net720,10.46
net1631,10.46
_00956_,10.445
_01630_,10.445
_02139_,10.44
_03352_,10.44
_04361_,10.44
_04979_,10.44
_07092_,10.44
net181,10.44
net454,10.44
net483,10.44
net519,10.44
net538,10.44
net545,10.44
net1697,10.44
_05186_,10.42
_05896_,10.42
_06248_,10.42
_06471_,10.42
dmem.ram\[54\]\[4\],10.42
net584,10.42
net1581,10.42
_00405_,10.405
_04367_,10.4
dmem.ram\[58\]\[13\],10.4
net235,10.4
net1492,10.4
_01636_,10.38
_05107_,10.38
_06777_,10.38
net1556,10.38
_02450_,10.36
_02725_,10.36
_03712_,10.36
_05519_,10.36
_06851_,10.36
_03423_,10.34
_04098_,10.34
_04810_,10.34
_05345_,10.34
_07152_,10.34
_07351_,10.34
net209,10.34
net1047,10.34
_02270_,10.32
_03193_,10.32
_03354_,10.32
_03506_,10.32
_04400_,10.32
_05651_,10.32
_06443_,10.32
_06879_,10.32
_07076_,10.32
net296,10.32
net565,10.32
net737,10.32
net871,10.32
net1028,10.32
net1460,10.32
net1580,10.32
net1636,10.32
_00452_,10.305
_01246_,10.305
_05468_,10.3
net629,10.3
_00116_,10.285
_01476_,10.285
_01628_,10.285
_02265_,10.28
_02374_,10.28
_04976_,10.28
_05215_,10.28
_05422_,10.28
_07227_,10.28
net726,10.28
net749,10.28
net773,10.28
net811,10.28
net1212,10.28
_01578_,10.265
_02412_,10.26
_04111_,10.26
_07114_,10.26
_07190_,10.26
_02797_,10.24
_02880_,10.24
_02932_,10.24
_02974_,10.24
_06724_,10.24
_07094_,10.24
net721,10.24
_01494_,10.225
_01784_,10.225
_00794_,10.22
_01347_,10.22
_02268_,10.22
_04786_,10.22
_07115_,10.22
net256,10.22
net586,10.22
net750,10.22
net986,10.22
net996,10.22
net1225,10.22
net1285,10.22
net1300,10.22
net1501,10.22
net1654,10.22
_00636_,10.205
instr_mem1.rom\[2\]\[11\],10.205
_03962_,10.2
_05653_,10.2
_05865_,10.2
net108,10.2
net488,10.2
net859,10.2
net1370,10.2
net1454,10.2
_00397_,10.18
_04547_,10.18
_04721_,10.18
net344,10.18
net940,10.18
net1185,10.18
net1402,10.18
net1597,10.18
dmem.ram\[9\]\[10\],10.165
_01238_,10.16
_01867_,10.16
_06740_,10.16
instr_mem1.rom\[13\]\[0\],10.16
instr_mem1.rom\[7\]\[8\],10.16
rr_ex_pipe_reg.RF_D2_Out\[14\],10.16
net1286,10.16
_00185_,10.145
_01392_,10.145
_01699_,10.145
_03936_,10.14
net1316,10.14
_01320_,10.125
instr_mem1.rom\[15\]\[0\],10.12
net690,10.12
net1598,10.12
_00230_,10.105
_02462_,10.1
_02508_,10.1
_04430_,10.1
_04999_,10.1
_05494_,10.1
_05613_,10.1
_07369_,10.1
la_sa_lm_sm_block.reg_data_form_id_128\[12\],10.1
net861,10.1
net1250,10.1
net1434,10.1
instr_mem1.rom\[13\]\[5\],10.08
net325,10.08
net700,10.08
net1178,10.08
_00826_,10.065
_01611_,10.065
_02283_,10.06
_03313_,10.06
la_sa_lm_sm_block.reg_data_form_id_128\[44\],10.06
net1113,10.06
net1187,10.06
net1435,10.06
net1590,10.06
_00030_,10.045
_00418_,10.045
_00679_,10.045
_01010_,10.045
_01229_,10.045
_01379_,10.045
_01818_,10.045
_02127_,10.04
_03605_,10.04
_05617_,10.04
_06557_,10.04
_07207_,10.04
dmem.ram\[33\]\[5\],10.04
dmem.ram\[41\]\[10\],10.04
dmem.ram\[41\]\[13\],10.04
instr_mem1.rom\[7\]\[13\],10.04
rr_ex_pipe_reg.RF_D2_Out\[13\],10.04
_00283_,10.025
dmem.ram\[7\]\[3\],10.025
_01582_,10.005
_03654_,10
_06516_,10
net151,10
net605,10
net640,10
_00871_,9.995
_01720_,9.985
_02032_,9.98
_04079_,9.98
_04373_,9.98
_05047_,9.98
_05239_,9.98
_05416_,9.98
_07012_,9.98
_07104_,9.98
debug_mem_data[0],9.98
ir_port[8],9.98
la_sa_lm_sm_block.reg_data_form_id_128\[70\],9.98
net350,9.98
net465,9.98
net508,9.98
net557,9.98
net1412,9.98
net1442,9.98
net1584,9.98
_02425_,9.96
_03519_,9.96
_04752_,9.96
_06743_,9.96
_07017_,9.96
net233,9.96
_00724_,9.945
_02743_,9.94
_02939_,9.94
_04075_,9.94
_04865_,9.94
_04894_,9.94
_05602_,9.94
_05703_,9.94
_06058_,9.94
_07070_,9.94
_07365_,9.94
if_id_pipe_reg.PC_Next_Out\[8\],9.94
instr_mem1.rom\[9\]\[1\],9.94
net306,9.94
dmem.ram\[22\]\[7\],9.92
dmem.ram\[34\]\[12\],9.92
_01435_,9.915
_06505_,9.915
_00310_,9.905
_01543_,9.905
_00770_,9.9
_02776_,9.9
_03751_,9.9
_04765_,9.9
_06862_,9.9
_06909_,9.9
_07035_,9.9
net155,9.9
net881,9.9
_02288_,9.88
_02962_,9.88
_03549_,9.88
_04290_,9.88
_00947_,9.865
_01014_,9.865
_01054_,9.865
instr_mem1.rom\[2\]\[8\],9.865
_03909_,9.86
_04184_,9.86
_04242_,9.86
_04359_,9.86
_04947_,9.86
_05577_,9.86
_06329_,9.86
_07040_,9.86
_07137_,9.86
_07187_,9.86
ex_mem_pipe_reg.RF_D1_Out\[5\],9.86
net753,9.86
net1110,9.86
net1128,9.86
net1234,9.86
net1312,9.86
net1322,9.86
net1543,9.86
net1626,9.86
_00392_,9.84
_03234_,9.84
_04545_,9.84
_04823_,9.84
_05771_,9.84
_06191_,9.84
net1502,9.84
_01271_,9.825
dmem.ram\[9\]\[15\],9.825
_01833_,9.82
_02748_,9.82
_06160_,9.82
_06266_,9.82
dmem.ram\[58\]\[6\],9.82
la_sa_lm_sm_block.reg_data_form_id_128\[52\],9.82
net836,9.82
net1320,9.82
net1467,9.82
net1627,9.82
dmem.ram\[26\]\[7\],9.815
_00634_,9.805
_02728_,9.8
_03014_,9.8
_04000_,9.8
dmem.ram\[52\]\[1\],9.8
_01719_,9.785
_01965_,9.78
_06165_,9.78
_06781_,9.78
_07373_,9.78
_00407_,9.76
_02323_,9.76
net207,9.76
net1353,9.76
net1504,9.76
_03847_,9.74
_03882_,9.74
_06756_,9.74
_07259_,9.74
instr_mem1.rom\[11\]\[4\],9.74
net1050,9.74
net1253,9.74
instr_mem1.rom\[14\]\[6\],9.725
_00732_,9.72
_00789_,9.72
_00879_,9.72
_01975_,9.72
_02498_,9.72
_06028_,9.72
_06965_,9.72
net600,9.72
net631,9.72
net705,9.72
net719,9.72
net723,9.72
net821,9.72
net877,9.72
net1122,9.72
net1232,9.72
net1668,9.72
_03322_,9.7
_05333_,9.7
_06788_,9.7
_06877_,9.7
net104,9.7
_01254_,9.685
_05479_,9.68
_06473_,9.68
net1345,9.68
net568,9.66
net954,9.66
net1279,9.66
net1401,9.66
_00601_,9.645
net421,9.645
_01505_,9.64
_04283_,9.64
instr_wdata[2],9.64
net322,9.64
net702,9.64
net1097,9.64
_04419_,9.62
net466,9.62
net740,9.6
instr_mem1.rom\[2\]\[4\],9.585
_03340_,9.58
dmem.ram\[33\]\[14\],9.58
_05236_,9.56
la_sa_lm_sm_block.reg_data_form_id_128\[71\],9.56
net1443,9.56
_06445_,9.55
_05328_,9.54
_05466_,9.54
net302,9.54
net467,9.54
instr_mem1.rom\[10\]\[14\],9.53
_00874_,9.525
_01827_,9.52
_05575_,9.52
_07125_,9.52
net157,9.52
net244,9.52
net269,9.52
net1051,9.52
net1694,9.52
_02537_,9.5
_03522_,9.5
_03692_,9.5
_04220_,9.5
_05467_,9.5
_07145_,9.5
net206,9.5
net261,9.5
net632,9.5
_03024_,9.48
_03454_,9.48
_03530_,9.48
_03737_,9.48
_04229_,9.48
_04502_,9.48
_05470_,9.48
_05539_,9.48
_05632_,9.48
_05638_,9.48
_06193_,9.48
_06712_,9.48
dmem.ram\[63\]\[0\],9.48
net144,9.48
net495,9.48
_00962_,9.465
_01464_,9.465
_01565_,9.465
_00754_,9.46
_05756_,9.46
_06311_,9.46
net733,9.46
net1532,9.45
_00973_,9.445
_01082_,9.445
_01546_,9.445
_01538_,9.44
_03264_,9.44
_03848_,9.44
_06136_,9.44
instr_mem1.rom\[15\]\[5\],9.44
_02121_,9.42
_02950_,9.42
_02959_,9.42
_04086_,9.42
_04224_,9.42
_06098_,9.42
_06610_,9.42
_07191_,9.42
_07343_,9.42
net132,9.42
net849,9.42
net864,9.42
net1014,9.42
_00865_,9.405
_00881_,9.405
_01037_,9.405
_01726_,9.405
_02173_,9.4
_03140_,9.4
_04335_,9.4
_04575_,9.4
_04640_,9.4
_04809_,9.4
_05151_,9.4
_05476_,9.4
_05822_,9.4
net771,9.4
net782,9.4
net803,9.4
net1237,9.4
net1579,9.4
net1660,9.4
_01768_,9.385
_05898_,9.38
instr_mem1.rom\[15\]\[9\],9.38
_01704_,9.365
_02149_,9.36
_02493_,9.36
_02675_,9.36
_03715_,9.36
_04395_,9.36
_06566_,9.36
_07189_,9.36
net145,9.36
net660,9.36
net684,9.36
net890,9.36
net903,9.36
net969,9.36
net1099,9.36
net1303,9.36
net1379,9.36
net1495,9.36
_05229_,9.35
_03216_,9.34
_03317_,9.34
instr_mem1.rom\[13\]\[14\],9.34
_01280_,9.325
_07188_,9.32
_07214_,9.32
la_sa_lm_sm_block.reg_data_form_id_128\[87\],9.32
net1008,9.32
net1678,9.32
_00707_,9.305
_00436_,9.3
_07101_,9.3
net661,9.3
net798,9.3
net837,9.3
net960,9.3
net1136,9.3
net1210,9.3
net1290,9.3
net1362,9.3
net1486,9.3
net1671,9.3
instr_mem1.rom\[14\]\[9\],9.285
net430,9.285
_03859_,9.28
_06555_,9.28
net276,9.28
net809,9.28
net1118,9.28
net1231,9.28
net1658,9.28
_00444_,9.26
_03532_,9.26
_03541_,9.26
_04287_,9.26
_04743_,9.26
net924,9.26
net1026,9.26
net1188,9.26
net1414,9.26
net1640,9.26
_00934_,9.245
dmem.ram\[17\]\[1\],9.245
_05196_,9.24
_05367_,9.24
_05599_,9.24
_06732_,9.24
instr_mem1.rom\[3\]\[8\],9.24
net1458,9.24
_00548_,9.225
_01621_,9.225
net1044,9.22
_02788_,9.2
_02954_,9.2
_05235_,9.2
net1053,9.2
net1230,9.2
_00543_,9.185
_00572_,9.185
_00580_,9.185
_01584_,9.18
_04218_,9.18
_06950_,9.18
net648,9.18
net1376,9.18
net1475,9.18
net507,9.17
_03542_,9.16
_04458_,9.16
_05923_,9.16
_06298_,9.16
_06496_,9.16
_00557_,9.14
_02615_,9.14
_02688_,9.14
_00637_,9.125
_00844_,9.125
_00924_,9.125
_02233_,9.12
_05005_,9.12
_06891_,9.12
instr_mem1.rom\[7\]\[7\],9.12
_00380_,9.105
dmem.ram\[13\]\[14\],9.105
_04899_,9.1
_05026_,9.1
_01050_,9.085
_05812_,9.08
_06692_,9.08
la_sa_lm_sm_block.reg_data_form_id_128\[13\],9.08
net356,9.08
net552,9.08
_02513_,9.06
_02971_,9.06
_03125_,9.06
_03442_,9.06
_06089_,9.06
instr_mem1.rom\[1\]\[14\],9.06
rr_ex_pipe_reg.pc_out\[3\],9.06
net255,9.06
net295,9.06
net512,9.06
net543,9.06
net1596,9.06
instr_mem1.rom\[2\]\[2\],9.05
_00476_,9.045
_00944_,9.045
_01145_,9.045
_04232_,9.04
_05348_,9.04
_06062_,9.04
_07279_,9.04
dmem.ram\[38\]\[0\],9.04
la_sa_lm_sm_block.reg_data_form_id_128\[25\],9.04
net230,9.04
net1374,9.04
_00801_,9.025
_02112_,9.02
_02494_,9.02
_02955_,9.02
_03039_,9.02
_03382_,9.02
_03716_,9.02
_05162_,9.02
_05177_,9.02
_05654_,9.02
_05751_,9.02
_06460_,9.02
_06500_,9.02
_06885_,9.02
_06975_,9.02
dmem.ram\[35\]\[2\],9.02
net1215,9.02
_00721_,9.015
_00693_,9.005
_00905_,9
_01950_,9
_00035_,8.985
_00257_,8.985
_00333_,8.985
_01214_,8.985
_01217_,8.985
_01243_,8.985
_01864_,8.98
_02808_,8.98
_03002_,8.98
_03928_,8.98
_04150_,8.98
_05501_,8.98
_06753_,8.98
rr_ex_pipe_reg.instr_out\[2\],8.98
_03415_,8.96
_03659_,8.96
_06721_,8.96
_07296_,8.96
debug_mem_data[11],8.96
debug_mem_data[14],8.96
debug_mem_data[4],8.96
ir_port[11],8.96
ir_port[15],8.96
ir_port[2],8.96
pc_out_port[1],8.96
pc_out_port[2],8.96
pc_out_port[4],8.96
pc_out_port[9],8.96
net1558,8.96
_00595_,8.945
_00955_,8.945
_02290_,8.94
_02321_,8.94
_02518_,8.94
_02900_,8.94
_03038_,8.94
_03860_,8.94
_04394_,8.94
_05509_,8.94
_06711_,8.94
instr_mem1.rom\[15\]\[15\],8.94
net433,8.94
net578,8.94
net830,8.94
net1164,8.94
net1351,8.94
net1354,8.94
net1540,8.94
net1592,8.94
debug_reg_data[4],8.93
_04293_,8.92
instr_mem1.rom\[11\]\[11\],8.92
_01248_,8.905
_01265_,8.905
_01408_,8.905
_01634_,8.905
_01691_,8.905
dmem.ram\[47\]\[10\],8.905
_02175_,8.9
_02352_,8.9
_02739_,8.9
_02999_,8.9
_03372_,8.9
_03857_,8.9
_03867_,8.9
_04135_,8.9
_04291_,8.9
_04320_,8.9
_04950_,8.9
_05911_,8.9
_05934_,8.9
_05965_,8.9
_06188_,8.9
_06218_,8.9
_06312_,8.9
_06518_,8.9
_06562_,8.9
_06568_,8.9
_06869_,8.9
dmem.ram\[35\]\[13\],8.9
net564,8.9
net953,8.9
_02710_,8.88
_06624_,8.88
_07272_,8.88
_02912_,8.86
_03589_,8.86
_03898_,8.86
_03970_,8.86
_04040_,8.86
_04561_,8.86
_04644_,8.86
_07107_,8.86
dmem.ram\[35\]\[4\],8.86
_01637_,8.845
_00159_,8.84
_00173_,8.84
_01034_,8.84
_01668_,8.84
_01692_,8.84
_02399_,8.84
_03305_,8.84
_06693_,8.84
debug_reg_data[3],8.84
instr_waddr[3],8.84
instr_wdata[14],8.84
instr_wdata[4],8.84
net645,8.84
net973,8.84
net1022,8.84
net1293,8.84
_04825_,8.83
_00597_,8.825
_02444_,8.82
_02803_,8.82
_03490_,8.82
_04449_,8.82
net596,8.82
net876,8.82
net902,8.82
net915,8.82
net934,8.82
net1203,8.82
net1299,8.82
net1363,8.82
net1549,8.82
_00428_,8.8
_00448_,8.8
_00525_,8.8
_01533_,8.8
_01999_,8.8
_02086_,8.8
_04511_,8.8
_07002_,8.8
_07225_,8.8
ex_mem_pipe_reg.Instr_Out\[6\],8.8
net667,8.8
net759,8.8
net794,8.8
net841,8.8
net1223,8.8
net1294,8.8
net1383,8.8
net1396,8.8
_02700_,8.78
dmem.ram\[32\]\[8\],8.78
la_sa_lm_sm_block.reg_data_form_id_128\[61\],8.78
rr_ex_pipe_reg.instr_out\[10\],8.78
rr_ex_pipe_reg.instr_out\[3\],8.78
net1112,8.78
_00133_,8.765
_00566_,8.765
_01639_,8.765
_06074_,8.765
_05036_,8.76
net1184,8.76
net1478,8.76
_02774_,8.74
_04625_,8.74
_05443_,8.74
_06856_,8.74
ex_mem_pipe_reg.ALU_Result_Out\[4\],8.74
instr_mem1.rom\[15\]\[12\],8.74
net932,8.74
net949,8.74
net1177,8.74
net1451,8.74
net103,8.725
_01594_,8.72
_03335_,8.72
_06538_,8.72
instr_wdata[1],8.72
instr_wdata[3],8.72
net158,8.72
net738,8.72
net873,8.72
_00165_,8.7
_00980_,8.7
_02021_,8.7
_05066_,8.7
ex_mem_pipe_reg.ALU_Result_Out\[5\],8.7
instr_mem1.rom\[11\]\[8\],8.7
instr_mem1.rom\[7\]\[0\],8.7
_01103_,8.695
_00748_,8.685
_02231_,8.68
net599,8.68
_01904_,8.66
_05363_,8.66
_06810_,8.66
dmem.ram\[30\]\[4\],8.66
instr_mem1.rom\[3\]\[7\],8.66
_03461_,8.645
instr_mem1.rom\[14\]\[0\],8.645
_03563_,8.64
_03656_,8.64
_00092_,8.635
_04423_,8.62
_05529_,8.62
net239,8.62
net289,8.62
net1459,8.62
_00337_,8.615
debug_mem_addr[2],8.61
_01309_,8.605
_01683_,8.605
_00472_,8.6
_02239_,8.6
_04412_,8.6
_04706_,8.6
_04845_,8.6
_04953_,8.6
_06040_,8.6
_07267_,8.6
dmem.ram\[59\]\[4\],8.6
id_rr_pipe_reg.instr_out\[3\],8.6
net114,8.6
net285,8.6
net361,8.6
net468,8.6
net588,8.6
net755,8.6
net1281,8.6
_01412_,8.585
_03462_,8.58
_03531_,8.58
_05995_,8.58
net1555,8.58
_00158_,8.565
_00704_,8.565
_00713_,8.565
_00790_,8.565
_01109_,8.565
_01816_,8.565
_01900_,8.56
_02087_,8.56
_02295_,8.56
_02506_,8.56
_02612_,8.56
_02727_,8.56
_02995_,8.56
_03063_,8.56
_04171_,8.56
_04402_,8.56
_05546_,8.56
_06247_,8.56
_06611_,8.56
_06658_,8.56
_02226_,8.54
dmem.ram\[30\]\[5\],8.54
dmem.ram\[40\]\[3\],8.54
_00278_,8.525
_00536_,8.525
_00569_,8.525
_01398_,8.525
_01612_,8.525
_01798_,8.525
_03148_,8.52
_03302_,8.52
_04387_,8.52
_04968_,8.52
_05640_,8.52
_06816_,8.52
_07084_,8.52
la_sa_lm_sm_block.reg_data_form_id_128\[29\],8.505
_01872_,8.5
_01997_,8.5
_02767_,8.5
_04080_,8.5
_04143_,8.5
_06003_,8.5
_07119_,8.5
la_sa_lm_sm_block.reg_data_form_id_128\[79\],8.5
_00087_,8.485
_00090_,8.485
_01616_,8.485
_02501_,8.48
_02858_,8.48
_03066_,8.48
_03421_,8.48
_03469_,8.48
_03497_,8.48
_03994_,8.48
_04006_,8.48
_05053_,8.48
_05152_,8.48
_05285_,8.48
_05331_,8.48
_05339_,8.48
_05976_,8.48
_06992_,8.48
_07109_,8.48
_07124_,8.48
_07291_,8.48
net215,8.48
net299,8.48
net435,8.48
net708,8.48
net834,8.48
net1173,8.48
net1271,8.48
net1274,8.48
net1490,8.48
net1602,8.48
net1637,8.48
_01112_,8.465
_06556_,8.46
instr_mem1.rom\[11\]\[6\],8.46
_01487_,8.445
_02373_,8.44
_02495_,8.44
_02645_,8.44
_02814_,8.44
_02838_,8.44
_02882_,8.44
_02890_,8.44
_03062_,8.44
_03221_,8.44
_03538_,8.44
_03718_,8.44
_03725_,8.44
_04327_,8.44
_04895_,8.44
_05058_,8.44
_05916_,8.44
_06082_,8.44
_06102_,8.44
_06245_,8.44
_06621_,8.44
_06669_,8.44
_07320_,8.44
la_sa_lm_sm_block.reg_data_form_id_128\[72\],8.44
net909,8.44
net1007,8.44
net1107,8.44
_00008_,8.435
_00360_,8.435
_04747_,8.42
_05594_,8.42
_06615_,8.42
_00524_,8.415
_00635_,8.405
_01693_,8.405
_03273_,8.4
_04299_,8.4
_04599_,8.4
_04995_,8.4
_05172_,8.4
_06034_,8.4
_06222_,8.4
_06261_,8.4
_06794_,8.4
_07031_,8.4
_07202_,8.4
_07226_,8.4
net1288,8.4
_00124_,8.385
_00122_,8.38
_02799_,8.38
_06268_,8.38
net679,8.38
net801,8.38
net976,8.38
net1037,8.38
net1059,8.38
net1125,8.38
net1154,8.38
net1204,8.38
net1240,8.38
net1245,8.38
net1278,8.38
net1416,8.38
net1519,8.38
net1589,8.38
_00492_,8.365
_01985_,8.36
_02481_,8.36
_04051_,8.36
_04100_,8.36
_05661_,8.36
net923,8.36
net1060,8.36
net1151,8.36
_00895_,8.34
_02327_,8.34
_07275_,8.34
net793,8.34
net886,8.34
net919,8.34
net1019,8.34
net1144,8.34
net1182,8.34
net1189,8.34
net1469,8.34
net1609,8.34
_04465_,8.32
_04939_,8.32
_05113_,8.32
_05868_,8.32
_06913_,8.32
instr_mem1.rom\[1\]\[12\],8.32
instr_mem1.rom\[3\]\[5\],8.32
_00654_,8.305
_01046_,8.305
_01338_,8.3
_01907_,8.3
_05300_,8.3
_06501_,8.3
net1557,8.3
dmem.ram\[38\]\[7\],8.28
net893,8.28
net921,8.28
net1127,8.28
net1175,8.28
net1296,8.28
net1315,8.28
net1381,8.28
_00936_,8.275
_00817_,8.265
_00922_,8.265
_01574_,8.265
net549,8.265
_03190_,8.26
net643,8.26
net1638,8.26
debug_reg_data[2],8.25
_00395_,8.24
_05397_,8.24
_05585_,8.24
_06486_,8.24
net187,8.24
net1650,8.24
_00668_,8.225
net1521,8.22
_01805_,8.215
_00408_,8.205
_00642_,8.205
_01847_,8.2
_02023_,8.2
_04174_,8.2
_05383_,8.2
_05862_,8.2
_06984_,8.2
instr_mem1.rom\[3\]\[2\],8.2
instr_mem1.rom\[7\]\[12\],8.2
_03485_,8.19
_00179_,8.185
_00731_,8.185
_01792_,8.185
la_sa_lm_sm_block.reg_data_form_id_128\[0\],8.18
_04974_,8.17
_00052_,8.165
_00072_,8.165
_00685_,8.165
_01040_,8.165
_04416_,8.16
_04576_,8.16
_04967_,8.16
net265,8.16
net479,8.16
net484,8.16
net541,8.16
net542,8.16
net739,8.16
net799,8.16
net928,8.16
_00640_,8.155
_00825_,8.155
_05347_,8.155
_00856_,8.145
_00755_,8.14
_02839_,8.14
_02894_,8.14
_04344_,8.14
_04417_,8.14
_05003_,8.14
_06695_,8.14
_06737_,8.14
la_sa_lm_sm_block.reg_data_form_id_128\[24\],8.14
net173,8.14
net211,8.14
net259,8.14
net388,8.14
net455,8.14
net502,8.14
net520,8.14
net1150,8.14
_00791_,8.12
_02456_,8.12
_03108_,8.12
_04350_,8.12
_04386_,8.12
_07057_,8.12
net128,8.12
net936,8.12
_00394_,8.105
_00774_,8.105
_01268_,8.105
_02812_,8.1
_02963_,8.1
_03433_,8.1
_03657_,8.1
_03868_,8.1
_03892_,8.1
_04034_,8.1
_04278_,8.1
_04298_,8.1
_04368_,8.1
_04829_,8.1
_04915_,8.1
_04938_,8.1
_05485_,8.1
_06821_,8.1
_07211_,8.1
la_sa_lm_sm_block.reg_data_form_id_128\[103\],8.1
rr_ex_pipe_reg.cntrl_out\[6\],8.1
net190,8.1
_02210_,8.08
_00027_,8.065
_00046_,8.065
_00677_,8.065
_00768_,8.065
_00843_,8.065
_00959_,8.065
_01084_,8.065
_01845_,8.06
_02547_,8.06
_03004_,8.06
_03537_,8.06
_03873_,8.06
_04890_,8.06
_05754_,8.06
_06970_,8.06
_07118_,8.06
net127,8.06
instr_waddr[0],8.05
_03947_,8.04
_05453_,8.04
_05601_,8.04
_05664_,8.04
debug_reg_data[0],8.04
ir_port[7],8.04
pc_out_port[10],8.04
pc_out_port[15],8.04
net150,8.04
net506,8.04
net1055,8.04
net1284,8.04
_01036_,8.025
_01443_,8.025
_01685_,8.025
instr_mem1.rom\[10\]\[15\],8.025
_01785_,8.02
_03387_,8.02
_04030_,8.02
_04557_,8.02
_04696_,8.02
_04981_,8.02
_05022_,8.02
_05526_,8.02
_05590_,8.02
_05933_,8.02
_06315_,8.02
_06875_,8.02
net141,8.02
net228,8.02
net238,8.02
net279,8.02
net335,8.02
net1160,8.02
net1186,8.02
net1391,8.02
_01019_,8
_02062_,8
_02375_,8
_04688_,8
_05495_,8
_07021_,8
net1247,8
_01025_,7.995
_00191_,7.985
_00426_,7.985
_01811_,7.985
_03097_,7.985
_01882_,7.98
_01902_,7.98
_01934_,7.98
_02160_,7.98
_03159_,7.98
_03801_,7.98
_04090_,7.98
_04121_,7.98
_04155_,7.98
_05927_,7.98
_06400_,7.98
_06534_,7.98
_06771_,7.98
_07037_,7.98
_07126_,7.98
_07170_,7.98
_07198_,7.98
net366,7.98
net1041,7.98
net1105,7.98
_04105_,7.96
_04745_,7.96
dmem.ram\[28\]\[13\],7.96
la_sa_lm_sm_block.reg_data_form_id_128\[89\],7.96
net1260,7.96
_00369_,7.945
_02243_,7.94
_04623_,7.94
_07089_,7.94
_07200_,7.94
_07250_,7.94
_07269_,7.94
instr_wdata[10],7.93
_01669_,7.92
_01730_,7.92
_04319_,7.92
_05023_,7.92
_05858_,7.92
_06939_,7.92
_06958_,7.92
net1058,7.92
net1088,7.92
net1200,7.92
net1270,7.92
net1314,7.92
net1332,7.92
net1404,7.92
net1427,7.92
net1657,7.92
_00345_,7.905
_02937_,7.9
_05666_,7.9
_06539_,7.9
_07176_,7.9
net450,7.9
net1004,7.9
_01450_,7.88
_02051_,7.88
_04288_,7.88
_06456_,7.88
net360,7.88
net663,7.88
net788,7.88
net805,7.88
net956,7.88
net1373,7.88
net1453,7.88
net1499,7.88
net1585,7.88
net1613,7.88
_03182_,7.86
_05450_,7.86
_06681_,7.86
_06926_,7.86
instr_mem1.rom\[13\]\[13\],7.86
_00004_,7.845
_00821_,7.845
_01396_,7.845
_01577_,7.845
_05439_,7.84
net142,7.84
_06705_,7.82
instr_mem1.rom\[15\]\[13\],7.82
net1080,7.82
net1572,7.82
_01474_,7.815
_01540_,7.815
_00831_,7.805
_01105_,7.8
_05935_,7.8
net1029,7.8
net1583,7.8
_05289_,7.79
_06300_,7.785
_02078_,7.78
_02241_,7.78
_02843_,7.78
_05306_,7.78
_01629_,7.775
la_sa_lm_sm_block.reg_data_form_id_128\[83\],7.755
dmem.ram\[27\]\[2\],7.745
_02920_,7.74
_05056_,7.74
_05390_,7.74
dmem.ram\[47\]\[3\],7.74
_01377_,7.725
_01564_,7.725
_02973_,7.7
_04355_,7.7
_04393_,7.7
_04421_,7.7
_05486_,7.7
_05930_,7.7
_06730_,7.7
net225,7.7
net528,7.7
net556,7.7
net1068,7.7
_00897_,7.695
_00519_,7.685
_00886_,7.685
_00478_,7.68
_02437_,7.68
_02949_,7.68
_03031_,7.68
_03775_,7.68
_04070_,7.68
_04632_,7.68
_04889_,7.68
_05018_,7.68
_05270_,7.68
_05605_,7.68
_05744_,7.68
_05885_,7.68
_06994_,7.68
net352,7.68
net404,7.68
net1355,7.68
net1456,7.68
net1641,7.68
_02975_,7.66
_05150_,7.66
_05657_,7.66
_06619_,7.66
_07139_,7.66
_04764_,7.65
_00316_,7.645
_00481_,7.645
_01004_,7.645
_02136_,7.64
_02423_,7.64
_02477_,7.64
_02863_,7.64
_03269_,7.64
_03277_,7.64
_03950_,7.64
_04164_,7.64
_04874_,7.64
_04928_,7.64
_05665_,7.64
_05983_,7.64
_06071_,7.64
_06110_,7.64
_06210_,7.64
_06385_,7.64
_06567_,7.64
_07039_,7.64
dmem.ram\[27\]\[11\],7.64
id_rr_pipe_reg.pc_next_out\[7\],7.64
instr_mem1.rom\[3\]\[4\],7.64
instr_mem1.rom\[3\]\[6\],7.64
net210,7.64
net347,7.64
net515,7.64
net1384,7.64
la_sa_lm_sm_block.reg_data_form_id_128\[19\],7.635
_00720_,7.625
_04839_,7.61
_00205_,7.605
_00347_,7.605
_00522_,7.605
_00925_,7.605
_01539_,7.605
_01545_,7.605
_01747_,7.605
net522,7.605
_02490_,7.6
_02878_,7.6
_03393_,7.6
_03684_,7.6
_03861_,7.6
_03929_,7.6
_04487_,7.6
_04798_,7.6
_05097_,7.6
_06159_,7.6
_07217_,7.6
_07235_,7.6
_02300_,7.58
_05678_,7.58
_06776_,7.58
_06888_,7.58
net1629,7.58
_03779_,7.57
_00250_,7.565
_01328_,7.565
_01570_,7.565
_01608_,7.565
_02070_,7.56
_02075_,7.56
_02910_,7.56
_02953_,7.56
_04122_,7.56
_04215_,7.56
_05059_,7.56
_05327_,7.56
_05514_,7.56
_06163_,7.56
_06687_,7.56
_06848_,7.56
id_rr_pipe_reg.pc_next_out\[11\],7.56
la_sa_lm_sm_block.reg_data_form_id_128\[75\],7.56
la_sa_lm_sm_block.reg_data_form_id_128\[9\],7.56
net318,7.56
net729,7.56
net734,7.56
net814,7.56
net1430,7.56
_00178_,7.545
_01990_,7.54
_02079_,7.54
_04902_,7.54
net499,7.54
_00123_,7.525
instr_mem1.rom\[14\]\[15\],7.525
_01828_,7.52
_01841_,7.52
_02301_,7.52
_02389_,7.52
_02734_,7.52
_02746_,7.52
_02901_,7.52
_03001_,7.52
_03035_,7.52
_03068_,7.52
_03268_,7.52
_03463_,7.52
_03834_,7.52
_03995_,7.52
_04015_,7.52
_04592_,7.52
_05806_,7.52
_07050_,7.52
_07075_,7.52
_07265_,7.52
net174,7.52
net268,7.52
net342,7.52
net778,7.52
net860,7.52
net1179,7.52
net1254,7.52
net1385,7.52
_00109_,7.515
_01052_,7.515
_01207_,7.515
_04162_,7.5
_07183_,7.5
_00467_,7.495
_00120_,7.485
_00382_,7.485
_01267_,7.485
_01547_,7.48
_02792_,7.48
_03961_,7.48
debug_mem_addr[4],7.47
instr_wdata[0],7.47
_00219_,7.46
_00294_,7.46
_00705_,7.46
_02387_,7.46
_04404_,7.46
_06466_,7.46
net304,7.46
net707,7.46
net855,7.46
net977,7.46
net1005,7.46
net1045,7.46
net1115,7.46
net1202,7.46
net1364,7.46
net1386,7.46
net1425,7.46
net1494,7.46
net1630,7.46
_00553_,7.445
_02357_,7.44
_02988_,7.44
_03894_,7.44
_04411_,7.44
_07113_,7.44
_07366_,7.44
instr_mem1.rom\[15\]\[4\],7.44
net687,7.44
net965,7.44
net1313,7.44
net1368,7.44
_00806_,7.425
_05351_,7.42
la_sa_lm_sm_block.reg_data_form_id_128\[107\],7.42
net968,7.42
net1241,7.42
net1508,7.42
net1575,7.42
net1610,7.42
_01188_,7.415
_00393_,7.405
_03059_,7.4
_03903_,7.4
_06586_,7.4
_07079_,7.4
instr_mem1.rom\[5\]\[8\],7.4
net688,7.4
_00782_,7.395
_00378_,7.385
_00515_,7.385
_00868_,7.385
_00889_,7.385
_01219_,7.385
_01454_,7.385
net715,7.38
net957,7.38
net1594,7.38
_00848_,7.365
_00860_,7.365
net373,7.365
_03355_,7.36
_05076_,7.36
net611,7.36
net736,7.36
net856,7.36
net937,7.36
net1134,7.36
net1139,7.36
net1162,7.36
net1520,7.36
net1522,7.36
net1651,7.36
_00544_,7.345
_01048_,7.345
_05692_,7.34
net639,7.34
net751,7.34
net1131,7.34
net1233,7.34
_01963_,7.32
_02162_,7.32
_02960_,7.32
_03055_,7.32
_05457_,7.32
net176,7.32
net387,7.32
net1087,7.32
_00878_,7.305
_01164_,7.305
_03515_,7.3
_06546_,7.29
_00229_,7.285
_00670_,7.285
_01566_,7.285
_01774_,7.285
dmem.ram\[5\]\[14\],7.285
_05218_,7.28
instr_mem1.rom\[12\]\[10\],7.28
_04830_,7.26
instr_wdata[6],7.25
instr_wdata[9],7.25
_02000_,7.24
_02638_,7.24
_04157_,7.24
_04410_,7.24
_04882_,7.24
_05025_,7.24
_05615_,7.24
_06232_,7.24
net160,7.24
net179,7.24
net275,7.24
net330,7.24
net447,7.24
net513,7.24
net537,7.24
net783,7.24
net1054,7.24
_05962_,7.235
_01852_,7.22
_01883_,7.22
_02140_,7.22
_03218_,7.22
_04635_,7.22
_04857_,7.22
_04893_,7.22
_05071_,7.22
_05435_,7.22
_07212_,7.22
_07307_,7.22
_07374_,7.22
dmem.ram\[32\]\[12\],7.22
instr_mem1.rom\[13\]\[2\],7.22
net120,7.22
net227,7.22
net236,7.22
net1227,7.22
_00047_,7.205
_02875_,7.2
_02965_,7.2
_03828_,7.2
_04061_,7.2
_04452_,7.2
_04861_,7.2
_06133_,7.2
net503,7.2
_00776_,7.185
_01430_,7.185
_01850_,7.18
_02285_,7.18
_02392_,7.18
_03080_,7.18
_03331_,7.18
_03478_,7.18
_04022_,7.18
_04300_,7.18
_04510_,7.18
_04772_,7.18
_05166_,7.18
_05266_,7.18
_05268_,7.18
_05291_,7.18
_06240_,7.18
_06714_,7.18
_07193_,7.18
la_sa_lm_sm_block.reg_data_form_id_128\[108\],7.18
net131,7.18
net377,7.18
net952,7.18
_00672_,7.165
_01394_,7.165
_00091_,7.145
_00252_,7.145
_00853_,7.145
_01291_,7.145
_01573_,7.145
_01766_,7.145
_02419_,7.14
_04405_,7.14
_04441_,7.14
_06066_,7.14
_07135_,7.14
_07181_,7.14
_03070_,7.12
_03281_,7.12
_03315_,7.12
_04062_,7.12
_06579_,7.12
net186,7.12
net208,7.12
net332,7.12
net333,7.12
net1568,7.12
net1643,7.12
pc_out_port[11],7.11
_00480_,7.105
_00891_,7.105
_00921_,7.105
_01410_,7.105
_01694_,7.105
_00746_,7.1
_02100_,7.1
_02230_,7.1
_02749_,7.1
_02832_,7.1
_03219_,7.1
_03525_,7.1
_03791_,7.1
_03872_,7.1
_04023_,7.1
_04277_,7.1
_04328_,7.1
_04418_,7.1
_05125_,7.1
_05310_,7.1
_05449_,7.1
_05628_,7.1
_06042_,7.1
_06916_,7.1
_07141_,7.1
la_sa_lm_sm_block.reg_data_form_id_128\[55\],7.1
la_sa_lm_sm_block.reg_data_form_id_128\[66\],7.1
net178,7.1
net324,7.1
net858,7.1
net1114,7.1
net1172,7.1
net1546,7.1
_00644_,7.085
_00818_,7.085
_01264_,7.085
_01749_,7.085
_00505_,7.08
_02617_,7.08
_04773_,7.08
_06115_,7.08
_00861_,7.075
_00830_,7.06
_02413_,7.06
_02468_,7.06
_02659_,7.06
_02794_,7.06
_03011_,7.06
_03521_,7.06
_03943_,7.06
_04159_,7.06
_04250_,7.06
_05273_,7.06
_05340_,7.06
_05637_,7.06
_06214_,7.06
_06320_,7.06
_07028_,7.06
_07058_,7.06
_07128_,7.06
_07240_,7.06
instr_mem1.rom\[7\]\[6\],7.06
net111,7.06
net658,7.06
net669,7.06
net1306,7.06
net1450,7.06
net1561,7.06
net1576,7.06
_01388_,7.045
_01672_,7.045
_03572_,7.04
_04097_,7.04
_06390_,7.04
_01341_,7.025
_01418_,7.025
net1646,7.02
debug_reg_addr[1],7.01
processor_running,7.01
_01417_,7.005
_00805_,7
_05094_,7
net677,7
net692,7
net701,7
net746,7
net765,7
net840,7
net897,7
net981,7
net1034,7
net1116,7
net1199,7
net1317,7
net1358,7
net1366,7
net1652,7
_03729_,6.99
_00545_,6.985
_01067_,6.985
_02001_,6.98
_02350_,6.98
_02471_,6.98
_03085_,6.98
_04377_,6.98
_05019_,6.98
_06297_,6.98
_07229_,6.98
_07375_,6.98
net172,6.98
net626,6.98
net651,6.98
net672,6.98
net1174,6.98
_00691_,6.975
_00028_,6.96
_00792_,6.96
_01106_,6.96
_01490_,6.96
_05169_,6.96
_05434_,6.96
_05436_,6.96
_05685_,6.96
net944,6.96
net1244,6.96
net1267,6.96
net1269,6.96
net1393,6.96
net1574,6.96
_02084_,6.94
instr_mem1.rom\[15\]\[7\],6.94
net1039,6.94
_03061_,6.93
_00040_,6.925
_00170_,6.925
_00833_,6.925
_01497_,6.925
_01797_,6.925
_04178_,6.92
_00742_,6.905
_01272_,6.905
_01407_,6.905
_02242_,6.9
net638,6.9
net642,6.9
net681,6.9
net691,6.9
net741,6.9
net826,6.9
net845,6.9
net970,6.9
net1006,6.9
net1103,6.9
net1422,6.9
net1461,6.9
net1473,6.9
net1523,6.9
_00589_,6.885
_00598_,6.885
_00876_,6.885
_01134_,6.885
la_sa_lm_sm_block.reg_data_form_id_128\[14\],6.88
la_sa_lm_sm_block.reg_data_form_id_128\[8\],6.88
net717,6.88
net1588,6.88
_04454_,6.86
_04484_,6.86
_05567_,6.86
_06470_,6.86
id_rr_pipe_reg.instr_out\[15\],6.86
net273,6.86
net680,6.86
_01167_,6.845
la_sa_lm_sm_block.reg_data_form_id_128\[90\],6.84
net955,6.84
_00683_,6.825
_01773_,6.825
_02260_,6.82
_05183_,6.82
_05380_,6.82
_01351_,6.815
_00500_,6.805
_00583_,6.805
_01144_,6.805
_04749_,6.78
_04751_,6.78
_05777_,6.78
_06948_,6.78
net171,6.78
net221,6.78
net247,6.78
net250,6.78
net280,6.78
net290,6.78
net297,6.78
net300,6.78
net309,6.78
net317,6.78
net416,6.78
net453,6.78
net459,6.78
net463,6.78
net553,6.78
instr_wdata[12],6.77
pc_out_port[3],6.77
_00988_,6.76
_01860_,6.76
_01927_,6.76
_02573_,6.76
_02990_,6.76
_03368_,6.76
_03492_,6.76
_03937_,6.76
_03977_,6.76
_04116_,6.76
_04227_,6.76
_05051_,6.76
_05542_,6.76
_06988_,6.76
_07257_,6.76
net560,6.76
net1663,6.76
_02059_,6.74
_02196_,6.74
_02817_,6.74
_05068_,6.74
_05936_,6.74
_00415_,6.725
_00419_,6.725
_00506_,6.725
_00709_,6.725
_01673_,6.725
_02459_,6.72
_02460_,6.72
_02529_,6.72
_02664_,6.72
_02967_,6.72
_03374_,6.72
_03523_,6.72
_03951_,6.72
_04197_,6.72
_04326_,6.72
_04888_,6.72
_05421_,6.72
_05669_,6.72
_05747_,6.72
_06087_,6.72
_06698_,6.72
_07182_,6.72
net52,6.72
_00247_,6.705
_00321_,6.705
_00969_,6.705
_01224_,6.705
_01228_,6.705
_01317_,6.705
_01399_,6.705
_01646_,6.705
_01690_,6.705
_01800_,6.705
_01813_,6.705
_00376_,6.685
_01000_,6.685
_01329_,6.685
_01489_,6.685
_01786_,6.685
_04960_,6.685
_00146_,6.66
_02297_,6.66
_02861_,6.66
_03427_,6.66
_04021_,6.66
_04182_,6.66
_05401_,6.66
_06694_,6.66
net1524,6.66
_03795_,6.65
_00494_,6.645
_01455_,6.645
_01500_,6.645
_00039_,6.64
_01832_,6.64
_01875_,6.64
_02438_,6.64
_02886_,6.64
_02979_,6.64
_03199_,6.64
_03559_,6.64
_03593_,6.64
_04154_,6.64
_04506_,6.64
_04790_,6.64
_05112_,6.64
_05136_,6.64
_05325_,6.64
_05375_,6.64
_05460_,6.64
_06030_,6.64
_06564_,6.64
_06697_,6.64
_06728_,6.64
_06837_,6.64
_06990_,6.64
_07046_,6.64
_07294_,6.64
_07337_,6.64
net156,6.64
net321,6.64
net595,6.64
net627,6.64
net649,6.64
net1082,6.64
net1209,6.64
net1388,6.64
net1476,6.64
net1545,6.64
net1670,6.64
_00403_,6.625
_00673_,6.625
_00594_,6.62
_02104_,6.62
_02228_,6.62
_02893_,6.62
_04240_,6.62
_01853_,6.6
_01871_,6.6
_02215_,6.6
_02566_,6.6
_02924_,6.6
_03010_,6.6
_03161_,6.6
_03345_,6.6
_03759_,6.6
_04102_,6.6
_05118_,6.6
_05149_,6.6
_05213_,6.6
_05406_,6.6
_05845_,6.6
_05929_,6.6
_06091_,6.6
_06454_,6.6
_06588_,6.6
_07048_,6.6
_07228_,6.6
_07359_,6.6
net698,6.6
_03699_,6.58
_04906_,6.58
_05121_,6.58
net1309,6.58
_06661_,6.57
instr_wdata[5],6.57
_00542_,6.565
_00858_,6.565
_06170_,6.555
_05534_,6.55
_01128_,6.545
_00747_,6.54
_00909_,6.54
_01108_,6.54
_04887_,6.54
net474,6.54
net486,6.54
net728,6.54
net752,6.54
net784,6.54
net943,6.54
net950,6.54
net962,6.54
net1066,6.54
net1236,6.54
net1268,6.54
net1295,6.54
net1350,6.54
net1389,6.54
net1487,6.54
net1587,6.54
_05559_,6.53
_00031_,6.525
_01008_,6.525
_01972_,6.52
_02267_,6.52
_02509_,6.52
_03207_,6.52
_03388_,6.52
_04439_,6.52
_04840_,6.52
_04903_,6.52
_05090_,6.52
_07036_,6.52
_07258_,6.52
dmem.ram\[16\]\[4\],6.52
instr_mem1.rom\[5\]\[5\],6.52
net202,6.52
net644,6.52
net870,6.52
net1224,6.52
_00306_,6.515
_02033_,6.51
_00756_,6.5
_01065_,6.5
_01671_,6.5
net829,6.5
net1192,6.5
net1201,6.5
net1591,6.5
_01072_,6.485
ex_mem_pipe_reg.Instr_Out\[2\],6.48
instr_mem1.rom\[3\]\[15\],6.48
net1606,6.48
_01687_,6.475
_00353_,6.465
_00877_,6.465
_01051_,6.465
_01215_,6.465
_01763_,6.465
_05877_,6.45
_00718_,6.44
_02994_,6.44
_03922_,6.44
_04354_,6.44
_05165_,6.44
net634,6.44
net806,6.44
net880,6.44
net994,6.44
net1015,6.44
net1246,6.44
net1338,6.44
net1432,6.44
net1437,6.44
net1441,6.44
net1444,6.44
net1463,6.44
net1526,6.44
net1560,6.44
_00099_,6.425
_00639_,6.425
_01029_,6.425
_01080_,6.425
_01263_,6.425
_00068_,6.42
_01817_,6.42
_02197_,6.4
_06920_,6.4
id_rr_pipe_reg.pc_next_out\[9\],6.4
_00919_,6.38
_02009_,6.38
_00293_,6.365
_00331_,6.365
_00377_,6.365
_00379_,6.365
_00417_,6.365
_00509_,6.365
_00647_,6.365
_00689_,6.365
_01149_,6.365
_01277_,6.365
_01348_,6.365
_01357_,6.365
_01677_,6.365
_01727_,6.365
_01812_,6.365
_01823_,6.36
_02758_,6.36
_06078_,6.36
_01544_,6.355
_00045_,6.345
_00288_,6.325
_02046_,6.32
_05320_,6.32
_05361_,6.32
_06278_,6.32
_06749_,6.32
net129,6.32
net140,6.32
net159,6.32
net394,6.32
net628,6.32
net839,6.32
_00493_,6.305
_01861_,6.3
_02342_,6.3
_02365_,6.3
_02499_,6.3
_02560_,6.3
_02981_,6.3
_03547_,6.3
_03603_,6.3
_03758_,6.3
_03985_,6.3
_04118_,6.3
_04237_,6.3
_04435_,6.3
_05200_,6.3
_05329_,6.3
_05967_,6.3
_06537_,6.3
_06623_,6.3
_07106_,6.3
_07274_,6.3
_07360_,6.3
id_rr_pipe_reg.pc_next_out\[14\],6.3
net177,6.3
net200,6.3
net203,6.3
net659,6.3
net1065,6.3
net1158,6.3
net1265,6.3
net1291,6.3
net1457,6.3
net1550,6.3
_02063_,6.28
_02440_,6.28
_06512_,6.28
_06805_,6.28
net130,6.28
_04867_,6.275
_05224_,6.27
_00386_,6.265
_00391_,6.265
_00740_,6.265
_00788_,6.265
_01994_,6.26
_02296_,6.26
_02433_,6.26
_02877_,6.26
_02938_,6.26
_03054_,6.26
_03115_,6.26
_03271_,6.26
_03319_,6.26
_03434_,6.26
_03482_,6.26
_03665_,6.26
_04032_,6.26
_04124_,6.26
_04212_,6.26
_04213_,6.26
_04925_,6.26
_05634_,6.26
_05800_,6.26
_05803_,6.26
_06286_,6.26
_06561_,6.26
_06577_,6.26
_06828_,6.26
_07007_,6.26
_07195_,6.26
_07324_,6.26
if_id_pipe_reg.PC_Next_Out\[14\],6.26
_05815_,6.23
_00029_,6.225
_00267_,6.225
_00328_,6.225
_00588_,6.225
_00915_,6.225
_00993_,6.225
_01093_,6.225
_01429_,6.225
_01575_,6.225
net381,6.225
_05562_,6.22
_06527_,6.22
debug_mem_data[12],6.21
debug_mem_data[15],6.21
debug_mem_data[3],6.21
debug_mem_data[5],6.21
debug_mem_data[9],6.21
ir_port[14],6.21
ir_port[3],6.21
_00703_,6.2
_01856_,6.2
_02054_,6.2
_02415_,6.2
_02958_,6.2
_03468_,6.2
_03567_,6.2
_04109_,6.2
_04916_,6.2
_05409_,6.2
net424,6.2
net429,6.2
net709,6.2
net891,6.2
net979,6.2
net983,6.2
net1027,6.2
net1340,6.2
net1400,6.2
net1617,6.2
_00102_,6.185
_00212_,6.185
_00827_,6.185
_01281_,6.185
_00811_,6.18
_01885_,6.18
_01903_,6.18
_02217_,6.18
_02403_,6.18
_02441_,6.18
_02457_,6.18
_02470_,6.18
_02636_,6.18
_03316_,6.18
_03723_,6.18
_03727_,6.18
_04103_,6.18
_04246_,6.18
_05455_,6.18
_06067_,6.18
_06104_,6.18
_06396_,6.18
_06702_,6.18
_06799_,6.18
_07025_,6.18
_07083_,6.18
ex_mem_pipe_reg.Instr_Out\[5\],6.18
id_rr_pipe_reg.pc_out\[0\],6.18
net148,6.18
net189,6.18
net192,6.18
net291,6.18
net348,6.18
net646,6.18
net743,6.18
net967,6.18
net1052,6.18
net1251,6.18
net1360,6.18
net1542,6.18
_00399_,6.165
_00664_,6.165
_01045_,6.16
_03507_,6.16
_04170_,6.16
_04674_,6.16
_06083_,6.16
_06981_,6.16
net716,6.16
_00623_,6.155
_01835_,6.14
_01920_,6.14
_02016_,6.14
_02400_,6.14
_02761_,6.14
_02780_,6.14
_03226_,6.14
_03394_,6.14
_03430_,6.14
_03449_,6.14
_04128_,6.14
_04160_,6.14
_04203_,6.14
_04346_,6.14
_04358_,6.14
_04779_,6.14
_05360_,6.14
_05625_,6.14
_06127_,6.14
_06394_,6.14
_06865_,6.14
_07026_,6.14
_07180_,6.14
la_sa_lm_sm_block.reg_data_form_id_128\[47\],6.14
net491,6.14
net711,6.14
net874,6.14
net1514,6.14
_03440_,6.13
_00200_,6.105
_01242_,6.105
_01285_,6.105
_01478_,6.105
_00396_,6.1
_00716_,6.1
_00990_,6.1
reset,6.09
_00610_,6.08
_01182_,6.08
_01232_,6.08
_01481_,6.08
_01509_,6.08
_01752_,6.08
_02143_,6.08
_03324_,6.08
_03844_,6.08
_04244_,6.08
_05286_,6.08
_05407_,6.08
_05591_,6.08
net219,6.08
net816,6.08
net898,6.08
net974,6.08
net1084,6.08
net1552,6.08
net1603,6.08
_00246_,6.065
_00456_,6.065
_01781_,6.065
_01970_,6.06
_02093_,6.06
_02923_,6.06
_03020_,6.06
_03053_,6.06
_03088_,6.06
_04494_,6.06
_05388_,6.06
_06659_,6.06
instr_mem1.rom\[3\]\[1\],6.06
net226,6.06
net382,6.06
net685,6.06
_00960_,6.045
_00809_,6.04
_00852_,6.04
_01011_,6.04
_01223_,6.04
_01270_,6.04
_01427_,6.04
_01758_,6.04
_02252_,6.04
_05786_,6.04
net674,6.04
net1126,6.04
net1447,6.04
net1507,6.04
_00829_,6.025
_00863_,6.025
_01074_,6.025
_01077_,6.025
_01091_,6.025
_01092_,6.025
_07312_,6.02
_00130_,6.005
_00290_,6.005
_00586_,6.005
_00745_,6.005
_00907_,6.005
_00926_,6.005
_01136_,6.005
_01287_,6.005
_01698_,6.005
_02156_,6
_00964_,5.985
_00975_,5.985
_00797_,5.98
_02876_,5.98
_04134_,5.98
net604,5.98
net612,5.98
net623,5.98
net673,5.98
net748,5.98
net763,5.98
net776,5.98
net831,5.98
net852,5.98
net868,5.98
net922,5.98
net947,5.98
net1003,5.98
net1024,5.98
net1070,5.98
net1073,5.98
net1091,5.98
net1098,5.98
net1156,5.98
net1252,5.98
net1272,5.98
net1347,5.98
net1356,5.98
net1359,5.98
net1538,5.98
net1625,5.98
net1645,5.98
debug_mem_addr[1],5.97
_00093_,5.965
_00651_,5.965
_00929_,5.965
_00943_,5.965
_01498_,5.965
_02089_,5.96
_02191_,5.96
_02754_,5.96
_06960_,5.96
net63,5.96
net722,5.96
net766,5.96
net817,5.96
net1012,5.96
net1616,5.96
_02205_,5.94
_05344_,5.94
_05697_,5.94
_06183_,5.94
_06584_,5.94
instr_mem1.rom\[3\]\[10\],5.94
net790,5.94
_01107_,5.925
net1205,5.92
_01055_,5.905
_01140_,5.895
_01703_,5.895
debug_mem_data[2],5.87
debug_mem_data[6],5.87
debug_reg_data[13],5.87
_00837_,5.865
_01021_,5.865
_00477_,5.86
_02786_,5.86
_03491_,5.86
_05032_,5.86
_05672_,5.86
_06678_,5.86
_06708_,5.86
_06742_,5.86
_06746_,5.86
_06978_,5.86
la_sa_lm_sm_block.reg_data_form_id_128\[21\],5.86
net138,5.86
net405,5.86
net444,5.86
net516,5.86
net576,5.86
net616,5.86
net865,5.86
net1016,5.86
net1133,5.86
net1595,5.86
_00221_,5.845
_00839_,5.845
la_sa_lm_sm_block.reg_data_form_id_128\[22\],5.845
_01475_,5.84
_01854_,5.84
_01895_,5.84
_02115_,5.84
_02364_,5.84
_03227_,5.84
_03359_,5.84
_03361_,5.84
_03489_,5.84
_03548_,5.84
_03694_,5.84
_03704_,5.84
_04092_,5.84
_04151_,5.84
_04173_,5.84
_04191_,5.84
_04314_,5.84
_04321_,5.84
_04325_,5.84
_04343_,5.84
_04429_,5.84
_05652_,5.84
_05848_,5.84
_05973_,5.84
_06281_,5.84
_06675_,5.84
_06943_,5.84
_07055_,5.84
_07256_,5.84
_07292_,5.84
_07297_,5.84
_07300_,5.84
_07303_,5.84
net240,5.84
_02335_,5.82
_03152_,5.82
_03691_,5.82
_04723_,5.82
_06171_,5.82
rr_ex_pipe_reg.instr_out\[9\],5.82
net117,5.82
_00440_,5.805
_00845_,5.805
_01559_,5.8
_02487_,5.8
_02945_,5.8
_03057_,5.8
_03233_,5.8
_03544_,5.8
_04362_,5.8
_04444_,5.8
_05629_,5.8
_06096_,5.8
_06219_,5.8
id_rr_pipe_reg.pc_next_out\[6\],5.8
net1248,5.8
_00532_,5.785
_00455_,5.78
la_sa_lm_sm_block.reg_data_form_id_128\[99\],5.78
_00311_,5.775
_00231_,5.765
_00242_,5.765
_00313_,5.765
_00437_,5.765
_01206_,5.765
_01508_,5.765
_01562_,5.765
_01567_,5.765
_01794_,5.765
net393,5.765
_07096_,5.76
_02325_,5.75
ir_port[0],5.75
_01822_,5.74
_02187_,5.74
_02497_,5.74
_03251_,5.74
_03363_,5.74
_03428_,5.74
_03837_,5.74
_03949_,5.74
_04067_,5.74
_04084_,5.74
_04126_,5.74
_04263_,5.74
_04296_,5.74
_04481_,5.74
_05178_,5.74
_05473_,5.74
_05481_,5.74
_06117_,5.74
_07122_,5.74
_07123_,5.74
_07171_,5.74
_07282_,5.74
_07288_,5.74
_07377_,5.74
la_sa_lm_sm_block.reg_data_form_id_128\[98\],5.74
rr_ex_pipe_reg.pc_out\[15\],5.74
net58,5.74
net112,5.74
net123,5.74
net1493,5.74
_00888_,5.725
_00996_,5.725
_01127_,5.725
_01865_,5.72
_02340_,5.72
_02414_,5.72
_02535_,5.72
_03500_,5.72
_03975_,5.72
_04114_,5.72
_04345_,5.72
_04392_,5.72
_04710_,5.72
_04980_,5.72
_05091_,5.72
_05109_,5.72
_05217_,5.72
_05353_,5.72
_05478_,5.72
_05545_,5.72
_05611_,5.72
_05908_,5.72
_06894_,5.72
_07174_,5.72
_07208_,5.72
_07220_,5.72
net197,5.72
net201,5.72
net451,5.72
net567,5.72
net819,5.72
net838,5.72
net1046,5.72
net1062,5.72
net1064,5.72
net1679,5.72
_00371_,5.705
_01659_,5.705
_01701_,5.705
_01735_,5.705
_00149_,5.7
_04381_,5.7
_05553_,5.7
_05980_,5.7
_02732_,5.69
_00727_,5.685
_01836_,5.68
_01862_,5.68
_02251_,5.68
_02261_,5.68
_02369_,5.68
_02452_,5.68
_03330_,5.68
_03481_,5.68
_03835_,5.68
_03982_,5.68
_04083_,5.68
_04132_,5.68
_04225_,5.68
_04324_,5.68
_04339_,5.68
_04647_,5.68
_04990_,5.68
_05253_,5.68
_05658_,5.68
_06073_,5.68
_06076_,5.68
_06108_,5.68
_06267_,5.68
_06993_,5.68
_07302_,5.68
_07315_,5.68
_07345_,5.68
_07370_,5.68
la_sa_lm_sm_block.reg_data_form_id_128\[84\],5.68
net281,5.68
net1257,5.68
_00228_,5.665
_00657_,5.665
_02040_,5.66
_00020_,5.645
_00381_,5.645
_00710_,5.645
_00822_,5.645
_00912_,5.645
_01241_,5.645
_01606_,5.64
_01688_,5.64
_00183_,5.62
_00261_,5.62
_00372_,5.62
_00546_,5.62
_00783_,5.62
_00998_,5.62
_01424_,5.62
_01815_,5.62
_03351_,5.62
net579,5.62
net590,5.62
net635,5.62
net780,5.62
net789,5.62
net797,5.62
net901,5.62
net914,5.62
net931,5.62
net938,5.62
net1057,5.62
net1119,5.62
net1143,5.62
net1168,5.62
net1216,5.62
net1262,5.62
net1349,5.62
net1375,5.62
_00157_,5.605
_01638_,5.605
_02060_,5.6
_02500_,5.6
_02898_,5.6
_03480_,5.6
_04588_,5.6
_04836_,5.6
_05249_,5.6
_05801_,5.6
_06464_,5.6
instr_mem1.rom\[5\]\[7\],5.6
net231,5.6
net242,5.6
_00485_,5.585
_01001_,5.585
_00206_,5.58
_00457_,5.58
_00750_,5.58
_01282_,5.58
net754,5.58
net989,5.58
net1001,5.58
net1471,5.58
net1527,5.58
net1544,5.58
net1564,5.58
_01549_,5.565
_06134_,5.56
_06780_,5.56
net1672,5.56
net601,5.55
_00579_,5.545
_01658_,5.545
debug_reg_data[11],5.53
debug_reg_data[12],5.53
pc_out_port[14],5.53
_01484_,5.525
_02106_,5.52
_03050_,5.52
_04734_,5.52
_04954_,5.52
_05574_,5.52
_06985_,5.52
net582,5.52
net585,5.52
net592,5.52
net597,5.52
net602,5.52
net613,5.52
net615,5.52
net625,5.52
net633,5.52
net637,5.52
net655,5.52
net662,5.52
net666,5.52
net675,5.52
net678,5.52
net682,5.52
net683,5.52
net686,5.52
net689,5.52
net693,5.52
net694,5.52
net695,5.52
net696,5.52
net706,5.52
net710,5.52
net713,5.52
net727,5.52
net731,5.52
net744,5.52
net747,5.52
net757,5.52
net760,5.52
net767,5.52
net768,5.52
net787,5.52
net792,5.52
net795,5.52
net802,5.52
net828,5.52
net843,5.52
net844,5.52
net848,5.52
net850,5.52
net853,5.52
net867,5.52
net885,5.52
net887,5.52
net892,5.52
net896,5.52
net899,5.52
net904,5.52
net905,5.52
net907,5.52
net908,5.52
net911,5.52
net912,5.52
net913,5.52
net916,5.52
net920,5.52
net926,5.52
net929,5.52
net933,5.52
net935,5.52
net939,5.52
net941,5.52
net945,5.52
net948,5.52
net961,5.52
net963,5.52
net975,5.52
net985,5.52
net987,5.52
net991,5.52
net993,5.52
net997,5.52
net999,5.52
net1002,5.52
net1009,5.52
net1010,5.52
net1018,5.52
net1021,5.52
net1023,5.52
net1038,5.52
net1040,5.52
net1067,5.52
net1074,5.52
net1076,5.52
net1078,5.52
net1081,5.52
net1083,5.52
net1085,5.52
net1104,5.52
net1106,5.52
net1124,5.52
net1141,5.52
net1146,5.52
net1147,5.52
net1148,5.52
net1149,5.52
net1152,5.52
net1159,5.52
net1161,5.52
net1180,5.52
net1191,5.52
net1194,5.52
net1195,5.52
net1197,5.52
net1198,5.52
net1208,5.52
net1211,5.52
net1213,5.52
net1214,5.52
net1217,5.52
net1219,5.52
net1220,5.52
net1222,5.52
net1229,5.52
net1238,5.52
net1239,5.52
net1256,5.52
net1261,5.52
net1304,5.52
net1307,5.52
net1319,5.52
net1321,5.52
net1333,5.52
net1346,5.52
net1357,5.52
net1367,5.52
net1377,5.52
net1390,5.52
net1395,5.52
net1398,5.52
net1408,5.52
net1410,5.52
net1411,5.52
net1417,5.52
net1418,5.52
net1424,5.52
net1426,5.52
net1433,5.52
net1439,5.52
net1445,5.52
net1448,5.52
net1464,5.52
net1466,5.52
net1470,5.52
net1477,5.52
net1479,5.52
net1481,5.52
net1483,5.52
net1488,5.52
net1496,5.52
net1498,5.52
net1506,5.52
net1512,5.52
net1513,5.52
net1516,5.52
net1518,5.52
net1537,5.52
net1541,5.52
net1551,5.52
net1562,5.52
net1565,5.52
net1570,5.52
net1593,5.52
net1601,5.52
net1604,5.52
net1605,5.52
net1614,5.52
net1621,5.52
net1622,5.52
net1628,5.52
net1634,5.52
net1642,5.52
net1647,5.52
net1655,5.52
net1656,5.52
net1659,5.52
net1666,5.52
net1673,5.52
net1674,5.52
net1676,5.52
_00237_,5.505
_00488_,5.505
_01517_,5.505
_01631_,5.505
_02589_,5.5
_02763_,5.5
_05687_,5.5
net676,5.5
net769,5.5
net1405,5.5
_00571_,5.48
_02010_,5.48
_02052_,5.48
_02896_,5.48
_04643_,5.48
net263,5.48
_00269_,5.475
_02888_,5.46
_03655_,5.46
net51,5.46
_00098_,5.445
_01275_,5.445
_00083_,5.435
_00513_,5.435
_00846_,5.435
_01173_,5.435
_01255_,5.435
_01614_,5.435
_01625_,5.435
_01654_,5.435
_01796_,5.435
_00902_,5.425
_01063_,5.425
_02141_,5.41
_05379_,5.41
_02037_,5.4
_02053_,5.4
_03309_,5.4
_04374_,5.4
_05469_,5.4
_05552_,5.4
_05791_,5.4
_06294_,5.4
_06307_,5.4
net119,5.4
net134,5.4
net135,5.4
net164,5.4
net182,5.4
net1264,5.4
net1531,5.4
_00696_,5.38
_01843_,5.38
_02043_,5.38
_02428_,5.38
_02705_,5.38
_02796_,5.38
_02940_,5.38
_03046_,5.38
_03084_,5.38
_03090_,5.38
_03272_,5.38
_03425_,5.38
_03437_,5.38
_03510_,5.38
_03996_,5.38
_04017_,5.38
_04104_,5.38
_04147_,5.38
_04259_,5.38
_04491_,5.38
_04624_,5.38
_05173_,5.38
_05263_,5.38
_05415_,5.38
_05557_,5.38
_05759_,5.38
_05905_,5.38
_06393_,5.38
_06570_,5.38
_06689_,5.38
_06825_,5.38
id_rr_pipe_reg.pc_next_out\[15\],5.38
id_rr_pipe_reg.pc_out\[10\],5.38
net139,5.38
net196,5.38
net217,5.38
net653,5.38
net1102,5.38
net1686,5.38
_00499_,5.365
_00501_,5.365
_00779_,5.365
_00793_,5.365
_00796_,5.365
_01840_,5.36
_03392_,5.36
_05537_,5.36
_05924_,5.36
_06123_,5.36
_06292_,5.36
net1075,5.36
_00361_,5.355
_00111_,5.345
_00239_,5.345
_00274_,5.345
_00334_,5.345
_00357_,5.345
_00985_,5.345
_01100_,5.345
_01208_,5.345
_01211_,5.345
_01304_,5.345
_01502_,5.345
_02132_,5.34
_02213_,5.34
_02424_,5.34
_02716_,5.34
_03198_,5.34
_03265_,5.34
_03710_,5.34
_03732_,5.34
_03953_,5.34
_03991_,5.34
_04077_,5.34
_04107_,5.34
_04153_,5.34
_04318_,5.34
_04330_,5.34
_04334_,5.34
_04391_,5.34
_04407_,5.34
_05387_,5.34
_05829_,5.34
_05966_,5.34
_05969_,5.34
_06061_,5.34
_06778_,5.34
_07011_,5.34
_07027_,5.34
_07051_,5.34
_07056_,5.34
_07064_,5.34
_07322_,5.34
_01771_,5.32
_00010_,5.315
_00036_,5.315
_00198_,5.315
_00461_,5.315
_00106_,5.305
_00140_,5.305
_00425_,5.305
_00496_,5.305
_00719_,5.305
_00812_,5.305
_00820_,5.305
_00979_,5.305
_01023_,5.305
_01053_,5.305
_01078_,5.305
_01135_,5.305
_01151_,5.305
_01205_,5.305
_01334_,5.305
_01366_,5.305
_01641_,5.305
_00778_,5.3
_00942_,5.3
_00014_,5.28
_00156_,5.28
_01837_,5.28
_02909_,5.28
_02968_,5.28
_03524_,5.28
_03529_,5.28
_03766_,5.28
_03926_,5.28
_04142_,5.28
_06094_,5.28
_06374_,5.28
_07154_,5.28
_07245_,5.28
_07295_,5.28
_00582_,5.265
_00645_,5.265
_01213_,5.265
_01384_,5.265
_01536_,5.265
_01583_,5.265
_01930_,5.26
_02105_,5.26
_02418_,5.26
_02421_,5.26
_02491_,5.26
_02503_,5.26
_03022_,5.26
_03287_,5.26
_03945_,5.26
_04005_,5.26
_04049_,5.26
_04099_,5.26
_04166_,5.26
_04380_,5.26
_04512_,5.26
_04707_,5.26
_04753_,5.26
_05303_,5.26
_05670_,5.26
_06290_,5.26
_06306_,5.26
_06581_,5.26
_06769_,5.26
_07215_,5.26
_07234_,5.26
_07326_,5.26
net198,5.26
net199,5.26
net229,5.26
net234,5.26
net251,5.26
net480,5.26
net735,5.26
net1117,5.26
net1196,5.26
net1255,5.26
net1339,5.26
net1632,5.26
_01757_,5.255
_00427_,5.245
_00527_,5.245
_00565_,5.245
_00786_,5.245
_01493_,5.245
_05393_,5.245
_00470_,5.24
_06654_,5.24
_05547_,5.23
_00033_,5.225
_01844_,5.22
_01929_,5.22
_02510_,5.22
_02515_,5.22
_02781_,5.22
_02907_,5.22
_02934_,5.22
_03325_,5.22
_03534_,5.22
_03676_,5.22
_03890_,5.22
_03913_,5.22
_03972_,5.22
_04001_,5.22
_04018_,5.22
_04076_,5.22
_04088_,5.22
_04196_,5.22
_04347_,5.22
_04537_,5.22
_05475_,5.22
_05619_,5.22
_06044_,5.22
_06069_,5.22
_06772_,5.22
_06843_,5.22
_07239_,5.22
la_sa_lm_sm_block.reg_data_form_id_128\[42\],5.22
la_sa_lm_sm_block.reg_data_form_id_128\[92\],5.22
net316,5.22
net1372,5.22
debug_reg_data[1],5.19
_00018_,5.185
_00169_,5.18
_00813_,5.18
_00260_,5.16
_00429_,5.16
_00529_,5.16
_00568_,5.16
_00764_,5.16
_01537_,5.16
_01986_,5.16
_05507_,5.16
_06881_,5.16
_06923_,5.16
net791,5.16
net951,5.16
net958,5.16
net992,5.16
net1249,5.16
net1292,5.16
net1310,5.16
_01770_,5.14
_01880_,5.14
_02845_,5.14
_04653_,5.14
_04803_,5.14
_04846_,5.14
rr_ex_pipe_reg.instr_out\[11\],5.14
_02015_,5.12
_03916_,5.12
_05038_,5.12
net1077,5.12
net1100,5.12
net1455,5.12
net1482,5.12
_02147_,5.1
_04414_,5.1
_00899_,5.095
_01269_,5.095
_01289_,5.095
_01409_,5.095
_01655_,5.095
_01808_,5.095
_00080_,5.085
_00857_,5.085
_01090_,5.085
_01119_,5.085
_01473_,5.085
_01528_,5.085
net105,5.085
zero_flag_port,5.07
_00864_,5.065
_01346_,5.065
_00044_,5.06
_00773_,5.06
_03149_,5.06
_03189_,5.06
_05689_,5.06
net862,5.06
net875,5.06
net942,5.06
net971,5.06
net995,5.06
net1033,5.06
net1108,5.06
net1120,5.06
net1135,5.06
net1153,5.06
net1181,5.06
net1221,5.06
net1226,5.06
net1283,5.06
net1311,5.06
net1330,5.06
net1334,5.06
net1341,5.06
net1342,5.06
net1392,5.06
net1489,5.06
net1497,5.06
net1515,5.06
net1548,5.06
net1649,5.06
_00127_,5.045
_00558_,5.045
_01083_,5.045
_01256_,5.045
_01657_,5.045
_01679_,5.04
_04883_,5.04
_05641_,5.04
_05840_,5.04
_01355_,5.02
_02030_,5.02
_02042_,5.02
_03258_,5.02
_04660_,5.02
_04921_,5.02
_05230_,5.02
_05394_,5.02
_06450_,5.02
net287,5.02
net329,5.02
_00469_,5.015
_05849_,5
_05871_,5
la_sa_lm_sm_block.reg_data_form_id_128\[80\],5
la_sa_lm_sm_block.reg_data_form_id_128\[95\],5
_00385_,4.985
_00675_,4.985
_01032_,4.985
_01336_,4.985
_01416_,4.985
_01461_,4.985
_00650_,4.975
_01649_,4.975
_05646_,4.97
_00974_,4.965
debug_reg_addr[0],4.95
instr_wdata[11],4.95
instr_wdata[8],4.95
_02913_,4.94
_04349_,4.94
_04622_,4.94
_05561_,4.94
_05767_,4.94
_06308_,4.94
_02108_,4.93
_00550_,4.92
_00766_,4.92
_02081_,4.92
_02225_,4.92
_02408_,4.92
_02449_,4.92
_03019_,4.92
_03072_,4.92
_03095_,4.92
_03122_,4.92
_03184_,4.92
_03334_,4.92
_03456_,4.92
_03743_,4.92
_03806_,4.92
_03979_,4.92
_04055_,4.92
_04123_,4.92
_04130_,4.92
_04207_,4.92
_04311_,4.92
_04376_,4.92
_04959_,4.92
_05142_,4.92
_05191_,4.92
_05444_,4.92
_05525_,4.92
_05873_,4.92
_06121_,4.92
_06398_,4.92
_06725_,4.92
_07103_,4.92
_07156_,4.92
_07252_,4.92
_07287_,4.92
_07310_,4.92
_07358_,4.92
id_rr_pipe_reg.instr_out\[5\],4.92
id_rr_pipe_reg.pc_out\[5\],4.92
id_rr_pipe_reg.pc_out\[7\],4.92
if_id_pipe_reg.PC_Next_Out\[11\],4.92
la_sa_lm_sm_block.reg_data_form_id_128\[60\],4.92
net213,4.92
net477,4.92
net1072,4.92
_00690_,4.905
_00730_,4.905
_00781_,4.905
_00986_,4.905
_01015_,4.905
_01026_,4.905
_01030_,4.905
_01033_,4.905
_02216_,4.9
id_rr_pipe_reg.pc_out\[4\],4.9
net314,4.9
net1429,4.9
_01764_,4.895
_02183_,4.89
_00613_,4.885
_00706_,4.885
_01197_,4.885
_01590_,4.885
_02109_,4.88
_02517_,4.88
_02744_,4.88
_02840_,4.88
_02869_,4.88
_02902_,4.88
_03005_,4.88
_03027_,4.88
_03274_,4.88
_03505_,4.88
_03833_,4.88
_03901_,4.88
_04011_,4.88
_04152_,4.88
_04214_,4.88
_04217_,4.88
_04271_,4.88
_04282_,4.88
_04286_,4.88
_05175_,4.88
_06125_,4.88
_06614_,4.88
_06620_,4.88
_07078_,4.88
_07179_,4.88
_07268_,4.88
_07314_,4.88
_07355_,4.88
rr_ex_pipe_reg.instr_out\[12\],4.88
net262,4.88
net310,4.88
net334,4.88
net1361,4.88
_00930_,4.865
debug_mem_data[13],4.85
debug_mem_data[7],4.85
ir_port[10],4.85
ir_port[5],4.85
pc_out_port[13],4.85
_00063_,4.845
_00132_,4.845
_00364_,4.845
_00434_,4.845
_00531_,4.845
_00630_,4.845
_01039_,4.845
_01060_,4.845
_01076_,4.845
_01155_,4.845
_01209_,4.845
_01520_,4.845
_01557_,4.845
_00070_,4.835
_03527_,4.82
_05365_,4.82
la_sa_lm_sm_block.reg_data_form_id_128\[50\],4.82
la_sa_lm_sm_block.reg_data_form_id_128\[51\],4.82
_01870_,4.8
_02148_,4.8
_02224_,4.8
_02348_,4.8
_02448_,4.8
_02504_,4.8
_02681_,4.8
_02726_,4.8
_02827_,4.8
_02829_,4.8
_02848_,4.8
_02867_,4.8
_02997_,4.8
_03071_,4.8
_03253_,4.8
_03255_,4.8
_03333_,4.8
_03438_,4.8
_03546_,4.8
_03777_,4.8
_03935_,4.8
_04014_,4.8
_04223_,4.8
_04408_,4.8
_04468_,4.8
_04496_,4.8
_04607_,4.8
_04617_,4.8
_05079_,4.8
_05423_,4.8
_05492_,4.8
_05693_,4.8
_05919_,4.8
_06229_,4.8
_06260_,4.8
_06304_,4.8
_06319_,4.8
_06387_,4.8
_06389_,4.8
_06613_,4.8
_06739_,4.8
_06859_,4.8
_07016_,4.8
_07029_,4.8
_07059_,4.8
_07110_,4.8
_07116_,4.8
id_rr_pipe_reg.pc_out\[12\],4.8
la_sa_lm_sm_block.reg_data_form_id_128\[77\],4.8
net49,4.8
net56,4.8
net143,4.8
net175,4.8
net764,4.8
net800,4.8
net910,4.8
net1036,4.8
net1101,4.8
net1348,4.8
net1505,4.8
net1553,4.8
_00332_,4.785
_00389_,4.785
_00410_,4.785
_00438_,4.785
_00441_,4.785
_01098_,4.785
_01185_,4.785
_01218_,4.785
_01296_,4.785
_01472_,4.785
_02292_,4.76
_02485_,4.76
_02846_,4.76
_03411_,4.76
_03864_,4.76
_04443_,4.76
_04849_,4.76
_06617_,4.76
_06997_,4.76
_07158_,4.76
_07206_,4.76
_07209_,4.76
_07244_,4.76
_07277_,4.76
net496,4.76
_01665_,4.755
_01842_,4.73
instr_wdata[15],4.73
net562,4.725
_00271_,4.72
_01240_,4.72
_01463_,4.72
_01686_,4.72
_00498_,4.705
_01592_,4.705
_00037_,4.7
_00192_,4.7
_00215_,4.7
_00317_,4.7
_00486_,4.7
_00667_,4.7
_01199_,4.7
_01220_,4.7
_01299_,4.7
_01462_,4.7
_01604_,4.7
_02833_,4.7
_04996_,4.7
_06684_,4.7
_06872_,4.7
net725,4.7
net1030,4.7
net1035,4.7
net1094,4.7
net1145,4.7
net1335,4.7
net1468,4.7
net1653,4.7
_02873_,4.68
_03040_,4.68
_03441_,4.68
_05226_,4.68
_06119_,4.68
_06441_,4.68
_06506_,4.68
_06787_,4.68
instr_mem1.rom\[3\]\[0\],4.68
net1157,4.68
net1639,4.68
_00001_,4.675
_00002_,4.675
_01806_,4.675
instr_mem1.rom\[2\]\[0\],4.67
_03855_,4.665
_02209_,4.66
_03256_,4.66
_05740_,4.66
_05833_,4.66
_06523_,4.66
net1096,4.66
net1344,4.66
net1618,4.66
_01436_,4.655
_00129_,4.625
_00163_,4.625
_00235_,4.625
_00465_,4.625
_00497_,4.625
_00504_,4.625
_00592_,4.625
_01237_,4.625
_01525_,4.625
_01530_,4.625
_01710_,4.625
debug_reg_addr[2],4.61
instr_wdata[7],4.61
_00367_,4.605
_01974_,4.6
_02266_,4.6
_03601_,4.6
net879,4.6
net1130,4.6
net1608,4.6
_00265_,4.585
_00539_,4.585
_00757_,4.585
_00937_,4.585
_01511_,4.585
_01743_,4.585
_01754_,4.585
_01787_,4.585
_01795_,4.585
_01932_,4.58
_02752_,4.58
_06759_,4.58
la_sa_lm_sm_block.reg_data_form_id_128\[45\],4.58
net1275,4.58
_02946_,4.56
_03194_,4.56
_04543_,4.56
_04977_,4.56
_00076_,4.545
_05234_,4.54
_00095_,4.525
_00240_,4.525
_00390_,4.525
_00660_,4.525
_01381_,4.525
_00126_,4.505
_00233_,4.505
_00503_,4.505
_00940_,4.505
_02257_,4.5
_05684_,4.5
_05614_,4.49
_00700_,4.48
_01742_,4.48
_02248_,4.48
_02769_,4.48
_03213_,4.48
_04993_,4.48
_05206_,4.48
_05277_,4.48
_05513_,4.48
_06748_,4.48
_06983_,4.48
net243,4.48
_00289_,4.46
_00475_,4.46
_00695_,4.46
_01550_,4.46
_01555_,4.46
_01560_,4.46
_01648_,4.46
_01876_,4.46
_01961_,4.46
_02029_,4.46
_02451_,4.46
_02466_,4.46
_02935_,4.46
_03008_,4.46
_03267_,4.46
_03486_,4.46
_03517_,4.46
_03560_,4.46
_03964_,4.46
_04108_,4.46
_04136_,4.46
_04205_,4.46
_04305_,4.46
_04648_,4.46
_05179_,4.46
_05544_,4.46
_05639_,4.46
_05711_,4.46
_05718_,4.46
_06041_,4.46
_06057_,4.46
_06059_,4.46
_06327_,4.46
_06388_,4.46
_06542_,4.46
_06921_,4.46
_07047_,4.46
_07334_,4.46
la_sa_lm_sm_block.reg_data_form_id_128\[109\],4.46
la_sa_lm_sm_block.reg_data_form_id_128\[57\],4.46
la_sa_lm_sm_block.reg_data_form_id_128\[74\],4.46
la_sa_lm_sm_block.reg_data_form_id_128\[78\],4.46
net106,4.46
net218,4.46
net305,4.46
net1206,4.46
net1535,4.46
instr_mem1.rom\[14\]\[1\],4.45
_00984_,4.44
_02980_,4.44
_03443_,4.44
_04087_,4.44
_04651_,4.44
_07341_,4.44
_00174_,4.425
_00199_,4.425
_00285_,4.425
_00433_,4.425
_00804_,4.425
_01154_,4.425
_01184_,4.425
_06476_,4.425
_00735_,4.42
_02152_,4.42
_02393_,4.42
_02401_,4.42
_02422_,4.42
_02936_,4.42
_03093_,4.42
_03128_,4.42
_03270_,4.42
_03320_,4.42
_03569_,4.42
_03675_,4.42
_03680_,4.42
_03980_,4.42
_04038_,4.42
_04281_,4.42
_05566_,4.42
_05729_,4.42
_06045_,4.42
_06064_,4.42
_07073_,4.42
_07231_,4.42
_01477_,4.405
_01483_,4.405
debug_reg_data[10],4.39
debug_reg_data[5],4.39
pc_out_port[12],4.39
_00203_,4.385
_00254_,4.385
_00875_,4.385
_01176_,4.385
_01198_,4.385
_01295_,4.385
_01732_,4.385
net391,4.385
_00164_,4.38
_00145_,4.36
_00607_,4.36
_00734_,4.36
_01987_,4.36
_02844_,4.36
_02969_,4.36
_03236_,4.36
_03750_,4.36
_04127_,4.36
_04398_,4.36
_05584_,4.36
_05926_,4.36
_06520_,4.36
_07099_,4.36
_07271_,4.36
_01992_,4.34
_02164_,4.34
_02198_,4.34
_02361_,4.34
_02370_,4.34
_02371_,4.34
_02478_,4.34
_02505_,4.34
_02557_,4.34
_02699_,4.34
_02742_,4.34
_03683_,4.34
_03915_,4.34
_03955_,4.34
_03963_,4.34
_03974_,4.34
_04064_,4.34
_04085_,4.34
_04096_,4.34
_04276_,4.34
_05396_,4.34
_05413_,4.34
_05679_,4.34
_05888_,4.34
_05892_,4.34
_05903_,4.34
_06318_,4.34
_07019_,4.34
_07357_,4.34
_07368_,4.34
la_sa_lm_sm_block.reg_data_form_id_128\[100\],4.34
net60,4.34
net654,4.34
net835,4.34
net846,4.34
net972,4.34
_01212_,4.335
_00411_,4.325
_00416_,4.325
_00445_,4.325
_00446_,4.325
_00447_,4.325
_00462_,4.325
_00678_,4.325
_01712_,4.325
_01778_,4.325
_06770_,4.3
_00012_,4.295
_00089_,4.295
_00096_,4.295
_00241_,4.295
_00340_,4.295
_00402_,4.295
_01047_,4.295
_01603_,4.295
_01729_,4.295
_00551_,4.275
_06457_,4.27
_00299_,4.265
_00143_,4.26
_00258_,4.26
_01319_,4.26
_01358_,4.26
_00359_,4.24
_00712_,4.24
_00763_,4.24
_00767_,4.24
_01096_,4.24
_01104_,4.24
_01596_,4.24
_01713_,4.24
_01988_,4.24
_04595_,4.24
_05072_,4.24
_05879_,4.24
_06832_,4.24
net703,4.24
net824,4.24
net1403,4.24
net1573,4.24
net1578,4.24
_01874_,4.22
_03533_,4.22
_03539_,4.22
_05031_,4.22
_06664_,4.22
net1525,4.22
_00490_,4.215
_00855_,4.215
_06592_,4.2
net810,4.2
_00026_,4.165
_00523_,4.165
_00849_,4.165
_01780_,4.165
net384,4.165
_00599_,4.145
_01006_,4.145
_01896_,4.14
_02238_,4.14
_04383_,4.14
_05851_,4.14
_01114_,4.125
_01284_,4.125
_01438_,4.125
_01581_,4.125
_03853_,4.12
_04470_,4.12
la_sa_lm_sm_block.reg_data_form_id_128\[88\],4.12
net57,4.12
net1667,4.12
_01031_,4.095
_00101_,4.085
_00128_,4.085
_00180_,4.085
_01343_,4.085
_01389_,4.085
_01709_,4.085
_02942_,4.08
net1419,4.08
_00354_,4.065
_00355_,4.065
_00423_,4.065
_00743_,4.065
_01042_,4.065
_00883_,4.045
_01073_,4.045
_02333_,4.04
_00655_,4.02
_00736_,4.02
_02245_,4.02
_03204_,4.02
_03383_,4.02
_03526_,4.02
_04348_,4.02
_04375_,4.02
_04396_,4.02
_04661_,4.02
_04818_,4.02
_04901_,4.02
_05002_,4.02
_05014_,4.02
_05021_,4.02
_05319_,4.02
_05517_,4.02
_05663_,4.02
_05683_,4.02
_06212_,4.02
_06243_,4.02
_06475_,4.02
_06641_,4.02
_06660_,4.02
_06666_,4.02
_06745_,4.02
_06989_,4.02
net298,4.02
_00466_,4
_01881_,4
_01931_,4
_02174_,4
_02201_,4
_02479_,4
_02576_,4
_02623_,4
_02648_,4
_02730_,4
_02820_,4
_02972_,4
_02992_,4
_03350_,4
_03444_,4
_03465_,4
_03473_,4
_03956_,4
_04009_,4
_04131_,4
_04198_,4
_04210_,4
_04309_,4
_04735_,4
_04951_,4
_05052_,4
_05419_,4
_05448_,4
_05856_,4
_06397_,4
_06452_,4
_07077_,4
_07379_,4
id_rr_pipe_reg.pc_next_out\[13\],4
id_rr_pipe_reg.pc_out\[11\],4
net53,4
net116,4
net166,4
net271,4
net319,4
net343,4
net988,4
net1305,4
net1611,4
_02186_,3.98
_04316_,3.98
ex_mem_pipe_reg.Instr_Out\[7\],3.98
_00067_,3.965
_00234_,3.965
_00249_,3.965
_00451_,3.965
_00454_,3.965
_00622_,3.965
_00643_,3.965
_00661_,3.965
_00681_,3.965
_00682_,3.965
_00759_,3.965
_00800_,3.965
_01058_,3.965
_01181_,3.965
_01191_,3.965
_01236_,3.965
_01279_,3.965
_01431_,3.965
_01645_,3.965
_01721_,3.965
_01724_,3.965
_01744_,3.965
_06754_,3.96
_00733_,3.955
_00870_,3.945
_01020_,3.945
_00171_,3.925
_00177_,3.925
_00375_,3.925
_00609_,3.925
_00692_,3.925
_01038_,3.925
_01189_,3.925
_01421_,3.925
_01441_,3.925
_01587_,3.925
_01599_,3.925
_01618_,3.925
_01640_,3.925
_01741_,3.925
_03101_,3.91
_00741_,3.9
_01851_,3.9
_02294_,3.9
_02368_,3.9
_02455_,3.9
_02856_,3.9
_03257_,3.9
_03292_,3.9
_03479_,3.9
_03647_,3.9
_03932_,3.9
_03954_,3.9
_04163_,3.9
_04571_,3.9
_05067_,3.9
_05126_,3.9
_06043_,3.9
_06080_,3.9
_06233_,3.9
_06736_,3.9
_07283_,3.9
_01951_,3.88
_01973_,3.88
_02287_,3.88
_02331_,3.88
_02344_,3.88
_02402_,3.88
_02474_,3.88
_02486_,3.88
_02660_,3.88
_03124_,3.88
_03263_,3.88
_03341_,3.88
_03803_,3.88
_03869_,3.88
_04161_,3.88
_04473_,3.88
_04662_,3.88
_04969_,3.88
_04998_,3.88
_05216_,3.88
_05255_,3.88
_05290_,3.88
_05899_,3.88
_05921_,3.88
_05964_,3.88
_06033_,3.88
_06079_,3.88
_06328_,3.88
_06987_,3.88
_07067_,3.88
_07263_,3.88
_07264_,3.88
la_sa_lm_sm_block.reg_data_form_id_128\[54\],3.88
la_sa_lm_sm_block.reg_data_form_id_128\[58\],3.88
la_sa_lm_sm_block.reg_data_form_id_128\[64\],3.88
net113,3.88
net774,3.88
net807,3.88
net842,3.88
net982,3.88
net1228,3.88
net1500,3.88
_00908_,3.875
_00155_,3.865
_00272_,3.865
_00352_,3.865
_00387_,3.865
_00404_,3.865
_00409_,3.865
_00424_,3.865
_00435_,3.865
_00810_,3.865
_00900_,3.865
_01313_,3.865
_01370_,3.865
_01393_,3.865
_01737_,3.865
_01250_,3.855
_01129_,3.825
_00304_,3.805
_01088_,3.805
_01158_,3.805
_01162_,3.805
_01278_,3.805
_01651_,3.805
_00015_,3.8
_00078_,3.8
_00292_,3.8
_00816_,3.8
_01297_,3.8
_01372_,3.8
_01376_,3.8
_01382_,3.8
_01395_,3.8
_01580_,3.8
_01725_,3.8
_01755_,3.8
_01115_,3.785
_00062_,3.78
_00071_,3.78
_00113_,3.78
_00715_,3.78
_01027_,3.78
_01035_,3.78
_01043_,3.78
_01062_,3.78
_01485_,3.78
_01499_,3.78
_01598_,3.78
_01667_,3.78
_02022_,3.78
_03013_,3.78
_04505_,3.78
_04852_,3.78
_04911_,3.78
_05717_,3.78
_05776_,3.78
_06932_,3.78
net863,3.78
net895,3.78
net1043,3.78
net1336,3.78
net1378,3.78
net1462,3.78
net1485,3.78
net1539,3.78
net1566,3.78
_04782_,3.77
_03495_,3.76
net1089,3.76
_01855_,3.74
_00349_,3.735
_00085_,3.705
_00202_,3.705
_00318_,3.705
_00511_,3.705
_00552_,3.705
_00562_,3.705
_00584_,3.705
_00593_,3.705
_00866_,3.705
_00910_,3.705
_00991_,3.705
_01012_,3.705
_01310_,3.705
_01479_,3.705
_01601_,3.705
_00370_,3.685
_00916_,3.685
_01290_,3.685
_02663_,3.68
_02836_,3.68
_03318_,3.68
_04199_,3.68
_05322_,3.68
_06650_,3.68
_02807_,3.67
_03661_,3.66
_04521_,3.66
_06047_,3.66
la_sa_lm_sm_block.reg_data_form_id_128\[35\],3.66
net664,3.66
net1318,3.66
_02998_,3.64
_04615_,3.64
_05427_,3.64
_05484_,3.64
_05623_,3.64
_01168_,3.635
_01202_,3.635
_00075_,3.625
_00153_,3.625
_00253_,3.625
_00297_,3.625
_00687_,3.625
_01097_,3.625
_01118_,3.625
_01153_,3.625
_01411_,3.625
_01432_,3.625
_01440_,3.625
_01444_,3.625
_01532_,3.625
_01585_,3.625
_01678_,3.625
_01689_,3.625
_01714_,3.625
_01804_,3.625
_00019_,3.605
_00107_,3.605
_01515_,3.605
la_sa_lm_sm_block.reg_data_form_id_128\[23\],3.6
_01163_,3.595
_00220_,3.585
_00281_,3.585
_00608_,3.585
_01137_,3.585
_01589_,3.585
_01609_,3.585
_01776_,3.565
_02034_,3.56
_02177_,3.56
_03880_,3.56
_05272_,3.56
_05278_,3.56
_05354_,3.56
_05913_,3.56
_06152_,3.56
_06185_,3.56
_06559_,3.56
_06676_,3.56
_06680_,3.56
_00753_,3.54
_01552_,3.54
_01936_,3.54
_01971_,3.54
_02525_,3.54
_02607_,3.54
_02737_,3.54
_02784_,3.54
_02857_,3.54
_03157_,3.54
_03279_,3.54
_03373_,3.54
_03838_,3.54
_03839_,3.54
_03888_,3.54
_04165_,3.54
_04261_,3.54
_04352_,3.54
_04390_,3.54
_04462_,3.54
_04787_,3.54
_04860_,3.54
_05157_,3.54
_05414_,3.54
_05462_,3.54
_05480_,3.54
_05487_,3.54
_05550_,3.54
_05688_,3.54
_06035_,3.54
_06529_,3.54
_06574_,3.54
_06968_,3.54
_07041_,3.54
_07173_,3.54
_07236_,3.54
_07248_,3.54
_07306_,3.54
id_rr_pipe_reg.pc_next_out\[5\],3.54
id_rr_pipe_reg.pc_out\[14\],3.54
id_rr_pipe_reg.pc_out\[15\],3.54
net180,3.54
net282,3.54
net307,3.54
net566,3.54
net1109,3.54
net1681,3.54
_01556_,3.525
_02273_,3.52
_02291_,3.52
_02472_,3.52
_04722_,3.52
_06594_,3.52
_00088_,3.505
_00189_,3.505
_00282_,3.505
_00414_,3.505
_00632_,3.505
_00669_,3.505
_00699_,3.505
_00799_,3.505
_00872_,3.505
_01056_,3.505
_01124_,3.505
_01201_,3.505
_01318_,3.505
_01331_,3.505
_01375_,3.505
_00301_,3.485
_00836_,3.485
_00013_,3.465
_00060_,3.465
_00125_,3.465
_00468_,3.465
_00487_,3.465
_00749_,3.465
_01071_,3.465
_01273_,3.465
_01288_,3.465
_01316_,3.465
_01325_,3.465
_01426_,3.465
_01468_,3.465
_01620_,3.465
_04292_,3.46
_04486_,3.45
_00898_,3.44
_01753_,3.44
_02003_,3.44
_02366_,3.44
_02475_,3.44
_02777_,3.44
_03007_,3.44
_03147_,3.44
_03385_,3.44
_03884_,3.44
_03940_,3.44
_04059_,3.44
_04206_,3.44
_04317_,3.44
_04323_,3.44
_05598_,3.44
_06113_,3.44
_06998_,3.44
_07022_,3.44
_07023_,3.44
_07238_,3.44
la_sa_lm_sm_block.reg_data_form_id_128\[73\],3.44
_01922_,3.42
_02066_,3.42
_02234_,3.42
_02286_,3.42
_02379_,3.42
_02602_,3.42
_02862_,3.42
_02927_,3.42
_02929_,3.42
_03049_,3.42
_03260_,3.42
_03323_,3.42
_03386_,3.42
_03992_,3.42
_04044_,3.42
_04219_,3.42
_04248_,3.42
_04372_,3.42
_04431_,3.42
_04438_,3.42
_04907_,3.42
_05084_,3.42
_05114_,3.42
_05212_,3.42
_05438_,3.42
_05474_,3.42
_05578_,3.42
_06241_,3.42
_06301_,3.42
_06499_,3.42
_06729_,3.42
_06735_,3.42
_06963_,3.42
_07000_,3.42
_07006_,3.42
_07085_,3.42
_07143_,3.42
_07285_,3.42
_07309_,3.42
la_sa_lm_sm_block.reg_data_form_id_128\[102\],3.42
la_sa_lm_sm_block.reg_data_form_id_128\[40\],3.42
la_sa_lm_sm_block.reg_data_form_id_128\[46\],3.42
la_sa_lm_sm_block.reg_data_form_id_128\[91\],3.42
net136,3.42
net152,3.42
net249,3.42
net397,3.42
net665,3.42
net742,3.42
net777,3.42
net1399,3.42
_00050_,3.405
_00134_,3.405
_00218_,3.405
_00223_,3.405
_00238_,3.405
_00273_,3.405
_00350_,3.405
_00383_,3.405
_00458_,3.405
_00648_,3.405
_00903_,3.405
_01148_,3.405
_01170_,3.405
_01175_,3.405
_01180_,3.405
_01204_,3.405
_01260_,3.405
_01323_,3.405
_01356_,3.405
_01362_,3.405
_01387_,3.405
_01459_,3.405
_01518_,3.405
_01660_,3.405
_00005_,3.345
_00006_,3.345
_01094_,3.345
_01147_,3.345
_01258_,3.345
_01378_,3.345
_01705_,3.345
_00022_,3.34
_00053_,3.34
_00150_,3.34
_00188_,3.34
_00211_,3.34
_00216_,3.34
_00224_,3.34
_00227_,3.34
_00343_,3.34
_00363_,3.34
_00384_,3.34
_00530_,3.34
_00541_,3.34
_00615_,3.34
_00625_,3.34
_00659_,3.34
_00665_,3.34
_00676_,3.34
_00901_,3.34
_00965_,3.34
_01138_,3.34
_01143_,3.34
_01244_,3.34
_01315_,3.34
_01373_,3.34
_01519_,3.34
_01524_,3.34
_01647_,3.34
_01681_,3.34
_01716_,3.34
_01740_,3.34
_01772_,3.34
_01783_,3.34
_01802_,3.34
_01803_,3.34
_00064_,3.32
_00162_,3.32
_00201_,3.32
_00344_,3.32
_00430_,3.32
_00606_,3.32
_00762_,3.32
_00780_,3.32
_01095_,3.32
_01156_,3.32
_01157_,3.32
_01226_,3.32
_01397_,3.32
_01467_,3.32
_01506_,3.32
_02531_,3.32
_05511_,3.32
_05620_,3.32
_05837_,3.32
_06706_,3.32
_06889_,3.32
_06890_,3.32
_06907_,3.32
net699,3.32
net781,3.32
net818,3.32
net906,3.32
net930,3.32
net1017,3.32
net1092,3.32
net1155,3.32
net1218,3.32
net1327,3.32
net1407,3.32
net1480,3.32
net1571,3.32
net1582,3.32
net1599,3.32
net1648,3.32
net1664,3.32
_05233_,3.3
_06796_,3.3
net358,3.3
_01380_,3.295
_06543_,3.255
_00264_,3.245
_00312_,3.245
_00351_,3.245
_00460_,3.245
_00590_,3.245
_00674_,3.245
_00992_,3.245
_01007_,3.245
_01253_,3.245
_01361_,3.245
_01425_,3.245
_01446_,3.245
_01571_,3.245
_01738_,3.245
_01745_,3.245
_01748_,3.245
_01751_,3.245
_01779_,3.245
_00728_,3.225
_00904_,3.225
_01894_,3.22
_02095_,3.22
_02841_,3.22
_04026_,3.22
_04909_,3.22
_05139_,3.22
_06818_,3.22
_06902_,3.22
net966,3.22
net1259,3.22
_03261_,3.2
_04758_,3.2
_04767_,3.2
_05694_,3.2
_05783_,3.2
_06544_,3.2
la_sa_lm_sm_block.reg_data_form_id_128\[93\],3.2
_02179_,3.19
_02551_,3.18
_05581_,3.18
_06132_,3.18
la_sa_lm_sm_block.reg_data_form_id_128\[81\],3.18
_00291_,3.175
_01183_,3.175
_01613_,3.175
la_sa_lm_sm_block.reg_data_form_id_128\[16\],3.175
_00348_,3.145
_01231_,3.145
_01245_,3.145
_01419_,3.145
_01663_,3.145
_00152_,3.125
_00296_,3.125
_00482_,3.125
_00652_,3.125
_01445_,3.125
_02274_,3.1
_02606_,3.1
_03042_,3.1
_03813_,3.1
_04338_,3.1
_05384_,3.1
_06155_,3.1
_06169_,3.1
_06192_,3.1
_06208_,3.1
_06263_,3.1
_06344_,3.1
_06937_,3.1
_01838_,3.08
_01873_,3.08
_02170_,3.08
_02346_,3.08
_02396_,3.08
_02427_,3.08
_02467_,3.08
_02793_,3.08
_03371_,3.08
_03391_,3.08
_03402_,3.08
_03439_,3.08
_03678_,3.08
_04042_,3.08
_04094_,3.08
_04125_,3.08
_04140_,3.08
_04713_,3.08
_04770_,3.08
_05030_,3.08
_05039_,3.08
_05400_,3.08
_05600_,3.08
_05622_,3.08
_05671_,3.08
_05796_,3.08
_05843_,3.08
_05901_,3.08
_05907_,3.08
_06166_,3.08
_06482_,3.08
_06528_,3.08
_06593_,3.08
_07049_,3.08
_07192_,3.08
_07246_,3.08
_07273_,3.08
_07284_,3.08
_07313_,3.08
net184,3.08
net351,3.08
net812,3.08
net1086,3.08
_01044_,3.075
_00612_,3.06
_02376_,3.06
_01717_,3.055
_00131_,3.045
_00307_,3.045
_00547_,3.045
_00785_,3.045
_00923_,3.045
_00939_,3.045
_00981_,3.045
_01016_,3.045
_01022_,3.045
_01335_,3.045
_01354_,3.045
_01633_,3.045
_01790_,3.045
_04872_,3.035
_03235_,3.03
_00135_,3.005
_00137_,3.005
_00139_,3.005
_00491_,3.005
_00514_,3.005
_00574_,3.005
_00596_,3.005
_00744_,3.005
_01187_,3.005
_01230_,3.005
_01306_,3.005
_01322_,3.005
_01352_,3.005
_01471_,3.005
_01622_,3.005
_01674_,3.005
_01734_,3.005
_01762_,3.005
_01174_,2.98
_01553_,2.98
_01869_,2.98
_01926_,2.98
_02025_,2.98
_02227_,2.98
_02235_,2.98
_02434_,2.98
_03866_,2.98
_04295_,2.98
_04304_,2.98
_05147_,2.98
_07060_,2.98
_07066_,2.98
_07253_,2.98
la_sa_lm_sm_block.reg_data_form_id_128\[62\],2.98
_01824_,2.96
_01911_,2.96
_01921_,2.96
_01924_,2.96
_01953_,2.96
_02019_,2.96
_02031_,2.96
_02099_,2.96
_02255_,2.96
_02410_,2.96
_02544_,2.96
_02724_,2.96
_02823_,2.96
_02854_,2.96
_02948_,2.96
_02986_,2.96
_03220_,2.96
_03229_,2.96
_03413_,2.96
_03417_,2.96
_03445_,2.96
_03798_,2.96
_03843_,2.96
_03938_,2.96
_03984_,2.96
_03989_,2.96
_04053_,2.96
_04204_,2.96
_04208_,2.96
_04226_,2.96
_04509_,2.96
_04598_,2.96
_05130_,2.96
_05170_,2.96
_05321_,2.96
_05332_,2.96
_05644_,2.96
_06180_,2.96
_06249_,2.96
_06905_,2.96
_07010_,2.96
_07038_,2.96
_07069_,2.96
_07074_,2.96
_07100_,2.96
_07349_,2.96
_07363_,2.96
_07364_,2.96
la_sa_lm_sm_block.reg_data_form_id_128\[43\],2.96
la_sa_lm_sm_block.reg_data_form_id_128\[63\],2.96
la_sa_lm_sm_block.reg_data_form_id_128\[76\],2.96
net107,2.96
_00023_,2.945
_00025_,2.945
_00032_,2.945
_00049_,2.945
_00057_,2.945
_00066_,2.945
_00086_,2.945
_00094_,2.945
_00097_,2.945
_00100_,2.945
_00104_,2.945
_00112_,2.945
_00115_,2.945
_00117_,2.945
_00144_,2.945
_00151_,2.945
_00160_,2.945
_00161_,2.945
_00175_,2.945
_00194_,2.945
_00208_,2.945
_00217_,2.945
_00222_,2.945
_00248_,2.945
_00276_,2.945
_00277_,2.945
_00279_,2.945
_00286_,2.945
_00309_,2.945
_00320_,2.945
_00335_,2.945
_00401_,2.945
_00413_,2.945
_00431_,2.945
_00533_,2.945
_00564_,2.945
_00619_,2.945
_00620_,2.945
_00686_,2.945
_00814_,2.945
_00966_,2.945
_01099_,2.945
_01113_,2.945
_01122_,2.945
_01126_,2.945
_01142_,2.945
_01166_,2.945
_01172_,2.945
_01178_,2.945
_01192_,2.945
_01227_,2.945
_01233_,2.945
_01261_,2.945
_01302_,2.945
_01305_,2.945
_01307_,2.945
_01330_,2.945
_01337_,2.945
_01340_,2.945
_01359_,2.945
_01369_,2.945
_01385_,2.945
_01386_,2.945
_01390_,2.945
_01391_,2.945
_01404_,2.945
_01406_,2.945
_01422_,2.945
_01433_,2.945
_01439_,2.945
_01447_,2.945
_01449_,2.945
_01451_,2.945
_01453_,2.945
_01456_,2.945
_01457_,2.945
_01514_,2.945
_01516_,2.945
_01526_,2.945
_01644_,2.945
_01682_,2.945
_01684_,2.945
_01723_,2.945
_01739_,2.945
_01759_,2.945
_01760_,2.945
_01789_,2.945
_00851_,2.935
_06172_,2.925
_00073_,2.885
_00138_,2.885
_00266_,2.885
_00308_,2.885
_00658_,2.885
_00906_,2.885
_00976_,2.885
_01070_,2.885
_01152_,2.885
_01257_,2.885
_01300_,2.885
_01414_,2.885
_01769_,2.885
_01788_,2.885
_00209_,2.86
_00210_,2.86
_00295_,2.86
_00330_,2.86
_00663_,2.86
_00737_,2.86
_00933_,2.86
_01018_,2.86
_01234_,2.86
_01586_,2.86
_02013_,2.86
_02259_,2.86
_02991_,2.86
_05100_,2.86
_05293_,2.86
net1042,2.86
net1132,2.86
net1163,2.86
net1167,2.86
net1287,2.86
net1577,2.86
_00270_,2.84
_06612_,2.84
_00298_,2.835
_01731_,2.835
_00136_,2.785
_00207_,2.785
_00319_,2.785
_00502_,2.785
_00538_,2.785
_00540_,2.785
_00585_,2.785
_00977_,2.785
_01066_,2.785
_01068_,2.785
_01069_,2.785
_01085_,2.785
_01247_,2.785
_01252_,2.785
_01311_,2.785
_01345_,2.785
_01353_,2.785
_01434_,2.785
_01624_,2.785
_01652_,2.785
_01653_,2.785
_01793_,2.765
_01996_,2.76
_02012_,2.76
_03671_,2.76
_04353_,2.76
_04356_,2.76
_04469_,2.76
_04732_,2.76
_04736_,2.76
_05085_,2.76
_05098_,2.76
_05143_,2.76
_05595_,2.76
_05690_,2.76
_05765_,2.76
_06674_,2.76
_06802_,2.76
_06807_,2.76
net1093,2.76
net1326,2.76
net1683,2.76
_03511_,2.74
_05080_,2.74
net59,2.74
_02951_,2.72
_05194_,2.72
_00038_,2.715
_00077_,2.715
_00147_,2.715
_00167_,2.715
_00300_,2.715
_00366_,2.715
_00463_,2.715
_00517_,2.715
_00575_,2.715
_00758_,2.715
_00958_,2.715
_00961_,2.715
_00970_,2.715
_01133_,2.715
_01165_,2.715
_01321_,2.715
_01332_,2.715
_01333_,2.715
_01365_,2.715
_01374_,2.715
_01513_,2.715
_01707_,2.715
_00528_,2.705
_00561_,2.705
_01531_,2.705
_00484_,2.665
_00775_,2.665
_01615_,2.665
_02057_,2.64
_02884_,2.64
_03099_,2.64
_03185_,2.64
_03508_,2.64
_05364_,2.64
_05366_,2.64
_05408_,2.64
_05931_,2.64
la_sa_lm_sm_block.reg_data_form_id_128\[86\],2.64
net167,2.64
net1682,2.64
_03487_,2.63
_00507_,2.62
_00777_,2.62
_00946_,2.62
_01825_,2.62
_01980_,2.62
_02195_,2.62
_02391_,2.62
_02394_,2.62
_02446_,2.62
_02563_,2.62
_02733_,2.62
_02805_,2.62
_02847_,2.62
_03126_,2.62
_03208_,2.62
_03300_,2.62
_03518_,2.62
_03842_,2.62
_03976_,2.62
_04019_,2.62
_04020_,2.62
_04024_,2.62
_04036_,2.62
_04068_,2.62
_04289_,2.62
_04302_,2.62
_04310_,2.62
_04776_,2.62
_05077_,2.62
_05122_,2.62
_05171_,2.62
_05558_,2.62
_05647_,2.62
_05742_,2.62
_06046_,2.62
_06154_,2.62
_06156_,2.62
_06337_,2.62
_06399_,2.62
_06530_,2.62
_06773_,2.62
_07045_,2.62
_07054_,2.62
_07129_,2.62
_07205_,2.62
_07243_,2.62
id_rr_pipe_reg.pc_next_out\[12\],2.62
id_rr_pipe_reg.pc_out\[3\],2.62
if_id_pipe_reg.PC_Next_Out\[0\],2.62
la_sa_lm_sm_block.reg_data_form_id_128\[110\],2.62
net161,2.62
net1689,2.62
_00187_,2.595
_00327_,2.595
_00374_,2.595
_00453_,2.595
_01200_,2.595
_01274_,2.595
_01301_,2.595
_01680_,2.595
_01810_,2.595
_00058_,2.585
_00074_,2.585
_00108_,2.585
_00322_,2.585
_00483_,2.585
_00798_,2.585
_01203_,2.585
_01326_,2.585
_01405_,2.585
_00213_,2.545
_00263_,2.545
_00284_,2.545
_00324_,2.545
_00338_,2.545
_00342_,2.545
_00449_,2.545
_00516_,2.545
_00570_,2.545
_00576_,2.545
_00618_,2.545
_00708_,2.545
_00795_,2.545
_00807_,2.545
_00911_,2.545
_00945_,2.545
_00968_,2.545
_01064_,2.545
_01079_,2.545
_01132_,2.545
_01186_,2.545
_01221_,2.545
_01327_,2.545
_01342_,2.545
_01360_,2.545
_01371_,2.545
_01400_,2.545
_01415_,2.545
_01423_,2.545
_01452_,2.545
_01458_,2.545
_01470_,2.545
_01510_,2.545
_01542_,2.545
_01715_,2.545
_01746_,2.545
_01777_,2.545
_01799_,2.545
_00196_,2.52
_01262_,2.52
_01935_,2.52
_01976_,2.52
_02048_,2.52
_02068_,2.52
_02429_,2.52
_02480_,2.52
_03060_,2.52
_03845_,2.52
_03896_,2.52
_03911_,2.52
_03927_,2.52
_03983_,2.52
_04073_,2.52
_04078_,2.52
_04169_,2.52
_04236_,2.52
_04273_,2.52
_04307_,2.52
_05618_,2.52
_05909_,2.52
_05975_,2.52
_06032_,2.52
_06679_,2.52
_07004_,2.52
_07009_,2.52
_07150_,2.52
_07177_,2.52
_07178_,2.52
_01821_,2.5
_01826_,2.5
_01901_,2.5
_01925_,2.5
_02122_,2.5
_02263_,2.5
_02436_,2.5
_02458_,2.5
_02736_,2.5
_02741_,2.5
_02897_,2.5
_03158_,2.5
_03237_,2.5
_03307_,2.5
_03376_,2.5
_03407_,2.5
_03688_,2.5
_03782_,2.5
_03939_,2.5
_03973_,2.5
_04008_,2.5
_04047_,2.5
_04074_,2.5
_04137_,2.5
_04168_,2.5
_04192_,2.5
_04194_,2.5
_04231_,2.5
_04652_,2.5
_04831_,2.5
_04910_,2.5
_04958_,2.5
_05063_,2.5
_05092_,2.5
_05131_,2.5
_05225_,2.5
_05301_,2.5
_05411_,2.5
_05580_,2.5
_05676_,2.5
_05880_,2.5
_05974_,2.5
_06085_,2.5
_06190_,2.5
_06317_,2.5
_06324_,2.5
_06326_,2.5
_06384_,2.5
_06489_,2.5
_06575_,2.5
_07001_,2.5
_07044_,2.5
_07169_,2.5
_07237_,2.5
_07354_,2.5
net417,2.5
net804,2.5
net1242,2.5
net1308,2.5
net1533,2.5
net1691,2.5
_00563_,2.485
_01504_,2.485
_01661_,2.485
_01662_,2.485
_00176_,2.48
_00243_,2.425
_00621_,2.425
_01139_,2.425
_01041_,2.42
_01482_,2.42
_02729_,2.4
_03609_,2.4
_05295_,2.4
net624,2.4
net825,2.4
net1090,2.4
net1328,2.4
net1449,2.4
net1563,2.4
net1586,2.4
_04689_,2.38
net110,2.38
_00226_,2.375
_00287_,2.375
_00442_,2.375
_00535_,2.375
_00649_,2.375
_01169_,2.375
_00007_,2.325
_00016_,2.325
_00042_,2.325
_00081_,2.325
_00082_,2.325
_00236_,2.325
_00256_,2.325
_00259_,2.325
_00262_,2.325
_00362_,2.325
_00400_,2.325
_00464_,2.325
_00471_,2.325
_00510_,2.325
_00537_,2.325
_00573_,2.325
_00577_,2.325
_00638_,2.325
_00656_,2.325
_00662_,2.325
_00717_,2.325
_00803_,2.325
_00823_,2.325
_01017_,2.325
_01117_,2.325
_01123_,2.325
_01159_,2.325
_01160_,2.325
_01196_,2.325
_01314_,2.325
_01344_,2.325
_01349_,2.325
_01350_,2.325
_01420_,2.325
_01527_,2.325
_01588_,2.325
_01675_,2.325
_01718_,2.325
_01807_,2.325
_01809_,2.325
_02007_,2.3
_02024_,2.3
_02722_,2.3
_02865_,2.3
_03464_,2.3
_04389_,2.3
_04518_,2.3
_05520_,2.3
_06571_,2.3
_06979_,2.3
net745,2.3
net1190,2.3
net1258,2.3
_02984_,2.28
_04805_,2.28
la_sa_lm_sm_block.reg_data_form_id_128\[94\],2.28
net563,2.28
_00114_,2.26
_00646_,2.26
_00121_,2.255
_00181_,2.255
_00186_,2.255
_00204_,2.255
_00275_,2.255
_00495_,2.255
_00614_,2.255
_00680_,2.255
_00787_,2.255
_01121_,2.255
_01141_,2.255
_01171_,2.255
_01312_,2.255
_01448_,2.255
_01523_,2.255
_01619_,2.255
_01728_,2.255
_01756_,2.255
_01061_,2.225
_01866_,2.2
_02036_,2.18
_02144_,2.18
_02168_,2.18
_03409_,2.18
_03416_,2.18
_03607_,2.18
_03941_,2.18
_05190_,2.18
_05376_,2.18
_06200_,2.18
_06203_,2.18
_06352_,2.18
la_sa_lm_sm_block.reg_data_form_id_128\[38\],2.18
la_sa_lm_sm_block.reg_data_form_id_128\[39\],2.18
la_sa_lm_sm_block.reg_data_form_id_128\[41\],2.18
net115,2.18
net121,2.18
net185,2.18
_05256_,2.17
_01057_,2.16
_01819_,2.16
_01831_,2.16
_01956_,2.16
_02082_,2.16
_02120_,2.16
_02203_,2.16
_02212_,2.16
_02264_,2.16
_02289_,2.16
_02465_,2.16
_02778_,2.16
_02789_,2.16
_02983_,2.16
_03025_,2.16
_03067_,2.16
_03209_,2.16
_03212_,2.16
_03278_,2.16
_03336_,2.16
_03362_,2.16
_03404_,2.16
_03477_,2.16
_03513_,2.16
_03570_,2.16
_03952_,2.16
_03971_,2.16
_04065_,2.16
_04252_,2.16
_04432_,2.16
_04504_,2.16
_04616_,2.16
_04695_,2.16
_04731_,2.16
_04806_,2.16
_04955_,2.16
_04975_,2.16
_05017_,2.16
_05382_,2.16
_05680_,2.16
_06039_,2.16
_06063_,2.16
_06077_,2.16
_06100_,2.16
_06182_,2.16
_06313_,2.16
_06334_,2.16
_06340_,2.16
_06395_,2.16
_06870_,2.16
_07201_,2.16
_07218_,2.16
_07301_,2.16
_07328_,2.16
_07356_,2.16
id_rr_pipe_reg.instr_out\[2\],2.16
if_id_pipe_reg.PC_Next_Out\[12\],2.16
if_id_pipe_reg.PC_Next_Out\[9\],2.16
la_sa_lm_sm_block.reg_data_form_id_128\[48\],2.16
la_sa_lm_sm_block.reg_data_form_id_128\[97\],2.16
net124,2.16
net422,2.16
_00995_,2.145
_00017_,2.125
_00339_,2.125
_00368_,2.125
_00443_,2.125
_00729_,2.125
_00751_,2.125
_00802_,2.125
_01120_,2.125
_01130_,2.125
_01225_,2.125
_01579_,2.125
_01591_,2.125
_01711_,2.125
_00245_,2.115
_00011_,2.085
_00024_,2.085
_00054_,2.085
_00148_,2.085
_00168_,2.085
_00225_,2.085
_00232_,2.085
_00244_,2.085
_00255_,2.085
_00268_,2.085
_00305_,2.085
_00365_,2.085
_00373_,2.085
_00559_,2.085
_00653_,2.085
_00927_,2.085
_01005_,2.085
_01075_,2.085
_01303_,2.085
_01428_,2.085
_01442_,2.085
_01666_,2.085
_01413_,2.06
_01466_,2.06
_01863_,2.06
_01879_,2.06
_02298_,2.06
_02390_,2.06
_02404_,2.06
_02417_,2.06
_02453_,2.06
_02507_,2.06
_02611_,2.06
_02731_,2.06
_03048_,2.06
_03905_,2.06
_04069_,2.06
_04336_,2.06
_04434_,2.06
_05430_,2.06
_05586_,2.06
_07086_,2.06
_07168_,2.06
_07276_,2.06
_07278_,2.06
_07305_,2.06
la_sa_lm_sm_block.reg_data_form_id_128\[59\],2.06
_01558_,2.04
_01923_,2.04
_02088_,2.04
_02431_,2.04
_02512_,2.04
_02917_,2.04
_03078_,2.04
_03367_,2.04
_03745_,2.04
_03771_,2.04
_03870_,2.04
_03886_,2.04
_03998_,2.04
_04156_,2.04
_04378_,2.04
_04436_,2.04
_04833_,2.04
_04989_,2.04
_05156_,2.04
_05359_,2.04
_05454_,2.04
_05979_,2.04
_06072_,2.04
_06494_,2.04
_07255_,2.04
net183,2.04
net1025,2.04
_00520_,2.025
_00526_,2.025
_00549_,2.025
_00567_,2.025
_00578_,2.025
_00884_,2.025
_00890_,2.025
_01465_,2.025
_01480_,2.025
_01507_,2.025
_01664_,2.025
_00739_,1.975
_04522_,1.94
_05702_,1.94
_05814_,1.94
_06896_,1.94
net1302,1.94
net1325,1.94
net1503,1.94
net1623,1.94
_00003_,1.915
_00084_,1.915
_00141_,1.915
_00326_,1.915
_00521_,1.915
_01179_,1.915
_01736_,1.915
net607,1.915
_00009_,1.865
_00021_,1.865
_00056_,1.865
_00061_,1.865
_00069_,1.865
_00079_,1.865
_00105_,1.865
_00110_,1.865
_00118_,1.865
_00142_,1.865
_00166_,1.865
_00172_,1.865
_00195_,1.865
_00280_,1.865
_00302_,1.865
_00323_,1.865
_00329_,1.865
_00341_,1.865
_00473_,1.865
_00617_,1.865
_00684_,1.865
_00701_,1.865
_00725_,1.865
_00726_,1.865
_00760_,1.865
_00938_,1.865
_00948_,1.865
_00967_,1.865
_00971_,1.865
_00972_,1.865
_01009_,1.865
_01024_,1.865
_01087_,1.865
_01125_,1.865
_01131_,1.865
_01146_,1.865
_01194_,1.865
_01195_,1.865
_01210_,1.865
_01249_,1.865
_01292_,1.865
_01298_,1.865
_01308_,1.865
_01324_,1.865
_01363_,1.865
_01367_,1.865
_01460_,1.865
_01469_,1.865
_01512_,1.865
_01529_,1.865
_01650_,1.865
_01656_,1.865
_01676_,1.865
_01708_,1.865
_01722_,1.865
_01733_,1.865
_01750_,1.865
_01761_,1.865
_01765_,1.865
_01767_,1.865
_01775_,1.865
_01801_,1.865
_00479_,1.84
_02717_,1.84
_03418_,1.84
_03470_,1.84
_04341_,1.84
_04401_,1.84
_04409_,1.84
_04475_,1.84
_04795_,1.84
_04801_,1.84
_05132_,1.84
_05499_,1.84
_05607_,1.84
_05790_,1.84
_06331_,1.84
_06596_,1.84
net449,1.84
_02096_,1.82
_05515_,1.81
_03696_,1.77
_00994_,1.74
_02077_,1.72
_03966_,1.72
_04382_,1.72
_04642_,1.72
_04646_,1.72
_04982_,1.72
_06715_,1.72
rr_ex_pipe_reg.pc_next_out\[15\],1.72
net1690,1.72
_00694_,1.7
_00698_,1.7
_01561_,1.7
_02367_,1.7
_02409_,1.7
_02625_,1.7
_03037_,1.7
_03051_,1.7
_03074_,1.7
_03214_,1.7
_03231_,1.7
_03375_,1.7
_03467_,1.7
_03720_,1.7
_03863_,1.7
_04095_,1.7
_04141_,1.7
_04384_,1.7
_04442_,1.7
_04864_,1.7
_05346_,1.7
_05500_,1.7
_05784_,1.7
_06662_,1.7
_06813_,1.7
_07120_,1.7
_07254_,1.7
_07332_,1.7
_02134_,1.61
la_sa_lm_sm_block.reg_data_form_id_128\[17\],1.605
la_sa_lm_sm_block.reg_data_form_id_128\[18\],1.605
la_sa_lm_sm_block.reg_data_form_id_128\[20\],1.605
la_sa_lm_sm_block.reg_data_form_id_128\[27\],1.605
la_sa_lm_sm_block.reg_data_form_id_128\[28\],1.605
la_sa_lm_sm_block.reg_data_form_id_128\[30\],1.605
la_sa_lm_sm_block.reg_data_form_id_128\[31\],1.605
_01857_,1.6
_02269_,1.6
_02299_,1.6
_02354_,1.6
_03230_,1.6
_03282_,1.6
_03958_,1.6
_03965_,1.6
_03990_,1.6
_04003_,1.6
_04113_,1.6
_04117_,1.6
_04172_,1.6
_04188_,1.6
_04216_,1.6
_04285_,1.6
_04301_,1.6
_04308_,1.6
_04634_,1.6
_05968_,1.6
_05971_,1.6
_05978_,1.6
_06037_,1.6
_06622_,1.6
_07013_,1.6
_07164_,1.6
_07219_,1.6
_07293_,1.6
_07304_,1.6
_07316_,1.6
id_rr_pipe_reg.pc_out\[13\],1.6
la_sa_lm_sm_block.reg_data_form_id_128\[101\],1.6
la_sa_lm_sm_block.reg_data_form_id_128\[56\],1.6
_00043_,1.575
_00193_,1.575
_00197_,1.575
_00624_,1.575
_00666_,1.575
_00815_,1.575
_00893_,1.575
_01110_,1.575
_01111_,1.575
_01116_,1.575
_01364_,1.575
_01368_,1.575
_01383_,1.575
_01791_,1.575
_02190_,1.48
_04464_,1.48
_05167_,1.48
_07266_,1.48
net1559,1.48
_00000_,1.46
_00065_,1.46
_00315_,1.46
_00325_,1.46
_00356_,1.46
_00688_,1.46
_01276_,1.46
_01293_,1.46
_01488_,1.46
_01782_,1.46
_00051_,1.405
_00059_,1.405
_00182_,1.405
_00214_,1.405
_00251_,1.405
_00303_,1.405
_00336_,1.405
_00534_,1.405
_00714_,1.405
_00983_,1.405
_01086_,1.405
_01161_,1.405
_01239_,1.405
_01251_,1.405
_01283_,1.405
_01521_,1.405
_01522_,1.405
_01670_,1.405
_04482_,1.4
_02202_,1.38
_04337_,1.38
_04340_,1.38
_04363_,1.38
_04371_,1.38
_04399_,1.38
_04426_,1.38
_04463_,1.38
_06325_,1.38
_06332_,1.38
_06333_,1.38
_06336_,1.38
_06338_,1.38
_06775_,1.38
net580,1.38
net589,1.38
net668,1.38
net1382,1.38
net1394,1.38
net1413,1.38
net1474,1.38
net1688,1.38
_03459_,1.36
_05189_,1.36
_05246_,1.36
_03082_,1.26
_03344_,1.26
_05054_,1.26
_05538_,1.26
_05890_,1.26
id_rr_pipe_reg.pc_next_out\[2\],1.26
_05355_,1.22
_02430_,1.18
_01846_,1.14
_01884_,1.14
_01933_,1.14
_02395_,1.14
_02405_,1.14
_02420_,1.14
_02432_,1.14
_02439_,1.14
_02443_,1.14
_02447_,1.14
_02461_,1.14
_02469_,1.14
_02747_,1.14
_02783_,1.14
_02853_,1.14
_02891_,1.14
_03338_,1.14
_03472_,1.14
_03613_,1.14
_03790_,1.14
_03841_,1.14
_03871_,1.14
_03907_,1.14
_03933_,1.14
_03942_,1.14
_03959_,1.14
_03986_,1.14
_03999_,1.14
_04002_,1.14
_04012_,1.14
_04057_,1.14
_04089_,1.14
_04106_,1.14
_04115_,1.14
_04144_,1.14
_04145_,1.14
_04149_,1.14
_04175_,1.14
_04185_,1.14
_04186_,1.14
_04187_,1.14
_04189_,1.14
_04193_,1.14
_04195_,1.14
_04222_,1.14
_04233_,1.14
_04234_,1.14
_04238_,1.14
_04265_,1.14
_04267_,1.14
_04269_,1.14
_04279_,1.14
_04280_,1.14
_04297_,1.14
_04329_,1.14
_04433_,1.14
_04440_,1.14
_04445_,1.14
_06068_,1.14
_06081_,1.14
_06088_,1.14
_06342_,1.14
_06386_,1.14
_06391_,1.14
_06553_,1.14
_06580_,1.14
_06625_,1.14
_07003_,1.14
_07020_,1.14
_07032_,1.14
_07042_,1.14
_07061_,1.14
_07065_,1.14
_07068_,1.14
_07080_,1.14
_07082_,1.14
_07087_,1.14
_07098_,1.14
_07108_,1.14
_07117_,1.14
_07167_,1.14
_07172_,1.14
_07230_,1.14
_07247_,1.14
_07249_,1.14
_07262_,1.14
_07311_,1.14
_07330_,1.14
_07339_,1.14
if_id_pipe_reg.PC_Next_Out\[15\],1.14
la_sa_lm_sm_block.reg_data_form_id_128\[111\],1.14
la_sa_lm_sm_block.reg_data_form_id_128\[49\],1.14
la_sa_lm_sm_block.reg_data_form_id_128\[53\],1.14
rr_ex_pipe_reg.RF_D2_Out\[15\],1.14
rr_ex_pipe_reg.pc_next_out\[13\],1.14
_06955_,1.02
net670,1.02
_01891_,0.92
_02002_,0.92
_02017_,0.92
_02044_,0.92
_02064_,0.92
_03247_,0.92
_06652_,0.92
_03612_,0.8
id_rr_pipe_reg.instr_out\[4\],0.8
id_rr_pipe_reg.pc_next_out\[10\],0.8
id_rr_pipe_reg.pc_next_out\[3\],0.8
id_rr_pipe_reg.pc_out\[2\],0.8
id_rr_pipe_reg.pc_out\[6\],0.8
id_rr_pipe_reg.pc_out\[8\],0.8
id_rr_pipe_reg.pc_out\[9\],0.8
if_id_pipe_reg.PC_Next_Out\[1\],0.8
if_id_pipe_reg.PC_Next_Out\[2\],0.8
if_id_pipe_reg.PC_Next_Out\[3\],0.8
stall_pending,0.8
_02219_,0.46
_02246_,0.46
_03107_,0.46
_03347_,0.46
_04796_,0.46
_05779_,0.46
net149,0.46
net165,0.46
net170,0.46
net205,0.46
net246,0.46
net253,0.46
net260,0.46
net266,0.46
net292,0.46
net293,0.46
net308,0.46
net354,0.46
net464,0.46
net471,0.46
net571,0.46
net572,0.46
net594,0.46
